SC_CODE,SC_NAME,SC_GROUP,SC_TYPE,OPEN,HIGH,LOW,CLOSE,LAST,PREVCLOSE,NO_TRADES,NO_OF_SHRS,NET_TURNOV,TDCLOINDI
500002,"ABB INDIA LIMITED",A,STK,6009.6,6009.6,5851.65,5979.3,5991.5,6065.9,4395,14645,86739851,
500003,"AEGIS LOGISTICS LTD.",A,STK,657.05,657.05,644,649.3,652.95,664.4,958,14535,9439583,
500008,"Amara Raja Energy & Mobility L",A,STK,804.95,804.95,785,786.9,786.9,807.45,2330,30526,24121780,
500009,"AMBALAL SARABHAI ENTERPRISES L",X,STK,24.21,24.69,23.9,24.28,24.28,25.03,248,54214,1311359,
500012,"ANDHRA PETROCHEMICALS LTD.",X,STK,38.6,39.93,37.2,38.27,38.27,41,706,106254,4079291,
500013,"ANSAL PROPERTIES & INFRASTRUCT",Z,STK,3.91,3.91,3.84,3.84,3.84,3.91,8,4300,16533,
500014,"UTIQUE ENTERPRISES LIMITED",X,STK,4.35,4.35,4,4.07,4.12,4.11,47,4902,19956,
500016,"ARUNA HOTELS LTD.",X,STK,7.2,7.69,7.15,7.2,7.2,7.27,30,15872,114187,
500020,"BOMBAY DYEING & MFG.CO.LTD.",A,STK,104,104.7,101.4,102.1,101.9,107.05,851,55725,5703358,
500023,"ASIAN HOTELS (NORTH) LIMITED",B,STK,282.55,294.75,282.55,289.95,289.95,295.2,190,3593,1043001,
500027,"ATUL LTD.",A,STK,6388,6388,6110.15,6150.45,6140,6420.25,422,16020,99983492,
500028,"ATV PROJECTS INDIA LTD.",X,STK,31.6,32.7,30.95,31.14,31.2,32.6,212,21375,670073,
500031,"BAJAJ ELECTRICALS LTD.",A,STK,354.85,360.5,341.7,354.35,354,356.65,527,208876,74126557,
500032,"BAJAJ HINDUSTHAN SUGAR LIMITED",A,STK,15.31,17.17,15.31,16.4,16.4,16.08,2485,980006,16224563,
500033,"FORCE MOTORS LTD.",A,STK,20999.95,20999.95,19888,20646.9,20646.9,21333.3,5470,16169,330350174,
500034,"BAJAJ FINANCE LIMITED",A,STK,929.2,941,910,938.45,938.45,950,20503,816204,755968129,
500038,"BALRAMPUR CHINI MILLS LTD.",A,STK,475.35,497.95,470.7,492.8,492.8,480.8,2851,100212,48954654,
500039,"BANCO PRODUCTS (INDIA) LTD.",A,STK,572,579,553.8,561.1,560.4,582.35,1542,30823,17251717,
500040,"ADITYA BIRLA REAL ESTATE LIMIT",A,STK,1210,1211.35,1175.85,1189.25,1185.65,1231.35,509,7111,8509323,
500041,"BANNARI AMMAN SUGARS LTD.",B,STK,3554.05,3554.05,3554,3554,3554,3587.8,2,5,17770,
500042,"BASF INDIA LTD.",A,STK,3420,3420,3295,3310.5,3324.8,3437.8,557,2143,7136365,
500043,"BATA INDIA LTD.",A,STK,732.15,734,715,716.8,720,743.8,1931,21574,15515909,
500048,"BEML LTD.",A,STK,1625.3,1633.8,1569,1577.55,1580.1,1653.5,2881,29519,46730501,
500049,"BHARAT ELECTRONICS LTD.",A,STK,469.8,470,450.05,457.5,457.5,468.35,15096,1025397,467063589,
500051,"BHAGAWATI GAS LIMITED",X,STK,1.07,1.07,1.07,1.07,1.07,1.02,8,1739,1860,
500052,"BHANSALI ENGINEERING POLYMERS",B,STK,76.75,80.2,75.52,77.42,77.42,78.21,611,40397,3138663,
500058,"BIHAR SPONGE IRON LTD.",XT,STK,11.15,11.65,11.15,11.16,11.16,11.73,137,41120,461600,
500059,"BIL VYAPAR LIMITED",T,STK,6.12,6.53,6.1,6.53,6.53,6.31,16,8635,53720,
500060,"Birla Cable Limited",B,STK,135,142,132,132.75,133,139.4,284,5652,749422,
500067,"BLUE STAR LTD.",A,STK,1920.85,1920.85,1858.15,1875.6,1877,1948.3,2760,21231,40037593,
500068,"DISA INDIA LTD.",B,STK,11900,12000,11110,11502.35,11502,11986.05,106,222,2566327,
500069,"QUEST CAPITAL MARKETS LIMITED",X,STK,258.9,258.9,251.3,255.75,255.05,259.7,29,483,123780,
500074,"BPL LTD.",B,STK,53.74,53.74,49,50.71,51.44,53.69,301,10513,533964,
500078,"ORIENTAL AROMATICS LIMITED",B,STK,240,250.6,240,242.55,242.5,248.25,108,8606,2130354,
500083,"CENTURY EXTRUSIONS LTD.",B,STK,19.89,21.01,19,20.11,20,21.01,207,20996,420204,
500084,"CESC LTD.",A,STK,150.55,152.05,148.1,150.35,150.5,153.55,2624,94038,14077865,
500085,"CHAMBAL FERTILISERS & CHEMICAL",A,STK,412.65,419.3,408.95,412.45,414.35,428.35,3357,72423,29830177,
500086,"EXIDE INDUSTRIES LTD.",A,STK,310,310,302.8,308.95,309.5,315.9,2973,55603,17035319,
500087,"CIPLA LTD.",A,STK,1311.95,1330.3,1292.8,1325.15,1320,1321.75,5395,44942,58895972,
500089,"DIC INDIA LTD.",B,STK,539.4,539.4,539.4,539.4,539.4,528.8,1,1,539,
500092,"CRISIL LTD.",A,STK,4260,4260,4163.3,4173.75,4193.9,4288.75,554,1683,7051596,
500093,"CG Power and Industrial Soluti",A,STK,702.7,704.15,684.15,697.25,697.25,715.75,6674,190897,132119467,
500096,"DABUR INDIA LTD.",A,STK,468.05,473.55,464.1,466.65,465.05,478.9,3289,47889,22341474,
500097,"DALMIA BHARAT SUGAR AND INDUST",B,STK,310.05,332,302.6,312.05,313.8,308.25,464,16365,5207184,
500101,"ARVIND LTD.",A,STK,340,340,328.55,331.3,332.1,343.65,746,21325,7079708,
500103,"BHARAT HEAVY ELECTRICALS LTD.",A,STK,253.7,256.05,247.8,255.25,255.3,258.9,5548,345224,86731388,
500104,"HINDUSTAN PETROLEUM CORPORATIO",A,STK,370.1,389.1,370.1,384.8,384.8,405.25,15716,797774,302069672,
500106,"IFCI LTD.",A,STK,52.5,53.15,51.55,52.02,52.02,54.55,4223,1081886,56246153,
500108,"MAHANAGAR TELEPHONE NIGAM LTD.",B,STK,26.5,26.5,25.13,25.37,25.44,27.05,1154,190605,4866674,
500109,"MANGALORE REFINERY & PETROCHEM",A,STK,214.95,214.95,188.15,190,190,206.35,8477,846931,165483711,
500110,"CHENNAI PETROLEUM CORPORATION",A,STK,1017.1,1022,927,939.4,939.4,1007,9835,203315,194763060,
500112,"STATE BANK OF INDIA",A,STK,1111.1,1113.6,1064.25,1098.7,1098.7,1143.55,70269,1847193,1996927519,
500113,"STEEL AUTHORITY OF INDIA LTD.",A,STK,150.7,151.4,144.75,149.65,149.65,156.3,12066,1285400,189665443,
500114,"TITAN COMPANY LIMITED",A,STK,4176.45,4195,4115.7,4157.25,4160,4240.4,2130,14227,59046777,
500116,"IDBI BANK LTD.",A,STK,104.2,106.35,97.8,99,99,108.85,7176,1666387,167565573,
500117,"DCW LTD.",B,STK,42,42.7,40.3,40.78,40.78,43.8,708,471807,19667811,
500119,"DHAMPUR SUGAR MILLS LTD.",B,STK,120.5,130.6,119,126.8,126.05,121.5,1258,54330,6905749,
500120,"DIAMINES & CHEMICALS LTD.",B,STK,235,235,217,222.3,221.8,226.45,122,4160,925551,
500123,"ELANTAS BECK INDIA LTD.",B,STK,8089.95,8089.95,7599.95,7804,7708.1,7983.5,364,1621,12449400,
500124,"DR.REDDYS LABORATORIES LTD.",A,STK,1280.35,1294.85,1274.35,1286.4,1283.5,1303.9,5477,49642,63781678,
500125,"E.I.D.-PARRY (INDIA) LTD.",A,STK,810.3,818.3,789,794.85,795.9,823.85,1546,14498,11580344,
500126,"PROCTER & GAMBLE HEALTH LIMITE",A,STK,4860,4863.9,4781,4834.75,4863.9,4880.7,362,669,3218015,
500128,"ELECTROSTEEL CASTINGS LTD.",A,STK,62.1,62.1,60.13,61.2,61.46,63.34,683,75497,4604787,
500133,"ESAB INDIA LTD.",A,STK,5208.05,5304,5208,5271.25,5304,5374.25,58,111,583533,
500135,"EPL LIMITED",A,STK,192,195.45,191.05,193,193.85,199.25,832,19351,3732525,
500136,"ESTER INDUSTRIES LTD.",B,STK,96.05,96.05,93.1,93.5,93.75,97.85,142,2226,209592,
500142,"FGP LTD.",X,STK,9.21,9.39,8.6,9,9,8.99,24,17120,152833,
500143,"PH CAPITAL LTD.",XT,STK,575,585,557,578.3,580,557.75,89,24374,13949303,
500144,"FINOLEX CABLES LTD.",A,STK,961.15,977,926.7,963.05,970,969.2,6228,144247,138183146,
500147,"JOHN COCKERILL INDIA LIMITED",B,STK,4770,4882.15,4675.1,4810.05,4810.05,4838.55,659,6008,28594550,
500148,"UFLEX LTD.",B,STK,440,457.7,440,448.8,451,461.15,411,6278,2790566,
500150,"FOSECO INDIA LTD.",B,STK,5020,5020,4911.7,4912.25,4916.8,5141.25,16,49,242082,
500151,"GOLDEN TOBACCO LTD.",Z,STK,29.11,29.11,28,28.02,28.02,29.22,7,648,18168,
500153,"GANESH BENZOPLAST LTD.",B,STK,78,79,75.07,76.17,76.47,79.68,102,4133,314870,
500159,"METROGLOBAL LIMITED",X,STK,105.15,112,95,105.15,105.1,105.15,59,4148,425047,
500160,"GTL LTD.",B,STK,6.65,6.9,6.42,6.6,6.63,6.88,250,54213,356158,
500163,"GODFREY PHILLIPS INDIA LTD.",A,STK,2008.95,2018,1972.15,2004.35,2004.35,2047.6,1419,18767,37334306,
500164,"GODREJ INDUSTRIES LTD.",A,STK,927.2,935,907.05,915.45,918.4,937.2,657,6593,6058866,
500165,"KANSAI NEROLAC PAINTS LTD.",A,STK,188.55,188.55,180.35,185.35,185.35,189.3,1595,51486,9405614,
500166,"GOODRICKE GROUP LTD.",X,STK,149.55,149.7,146.7,146.95,147,149.55,87,3710,549251,
500168,"GOODYEAR INDIA LTD.",B,STK,791.1,791.1,752.1,768.1,768,791.3,681,5257,4028761,
500170,"GTN INDUSTRIES LTD.",X,STK,21.79,23.85,20.2,23.3,23.3,22.23,22,8089,179933,
500171,"GHCL LTD.",A,STK,455.05,459.15,445,456.75,456.75,460.05,338,3727,1685346,
500173,"GFL LIMITED",B,STK,44.1,44.1,41,42.72,42.49,43.24,151,13250,561291,
500174,"GUJARAT LEASE FINANCING LTD.",T,STK,6.2,6.2,6.2,6.2,6.2,6.52,1,55,341,
500178,"HARIG CRANKSHAFTS LTD.",XT,STK,6.81,6.81,6.81,6.81,6.81,6.81,15,195,1327,
500179,"HCL INFOSYSTEMS LTD.",B,STK,12.66,12.9,12.06,12.25,12.25,12.53,350,42384,522202,
500180,"HDFC BANK LTD.",A,STK,829.9,842.75,823,839.2,839.2,857.1,50484,1782240,1486230040,
500182,"HERO MOTOCORP LTD.",A,STK,5480,5507.5,5340,5482.35,5455,5508.3,3252,14710,79652729,
500183,"HFCL LIMITED",A,STK,67.33,69.36,65.74,68.4,68.4,69.75,3389,2257823,153309805,
500184,"Himadri Speciality Chemical Lt",A,STK,450.8,450.8,425.25,440.6,440.6,451.2,2596,108284,46868530,
500185,"HINDUSTAN CONSTRUCTION CO.LTD.",A,STK,15.8,15.8,15.15,15.44,15.44,16.01,2453,1167652,17902236,
500186,"HINDUSTAN OIL EXPLORATION CO.L",B,STK,168.95,173.75,160.35,165.1,165.1,156.75,6960,548741,91185505,
500187,"AGI GREENPAC LIMITED",A,STK,491,492,479.9,488.35,487.1,500,320,5902,2870973,
500188,"HINDUSTAN ZINC LTD.",A,STK,571.15,578.95,565.95,575,575.5,586.75,6913,281491,160997786,
500189,"NDL Ventures Limited",B,STK,111.5,116.4,110.1,110.9,113.75,112.25,56,1667,190021,
500191,"HMT LTD.",Z,STK,67.1,69,65.22,65.22,65.22,68.65,160,14635,958979,
500192,"PRAG BOSIMI SYNTHETICS LTD.",X,STK,1.79,1.79,1.72,1.72,1.72,1.81,23,6596,11376,
500193,"HLV LIMITED",B,STK,7.71,7.71,7.21,7.33,7.49,7.78,147,52727,390716,
500199,"I G PETROCHEMICALS LTD.",B,STK,320,330.25,317.8,328.65,330.25,333.2,112,672,218351,
500201,"INDIA GLYCOLS LTD.",B,STK,812,857.95,810.85,852.65,856.6,843.65,618,10489,8711344,
500202,"INDIA LEASE DEVELOPMENT LTD.",X,STK,8.29,8.29,7.85,7.85,7.85,8.25,9,69,568,
500206,"MARGO FINANCE LIMITED",X,STK,67.99,67.99,54,62,62,62.55,40,2637,153712,
500207,"INDO RAMA SYNTHETICS (INDIA) L",B,STK,34.79,34.79,31.7,33.83,34.06,34.42,95,7143,238685,
500209,"INFOSYS LTD.",A,STK,1294.55,1317.25,1282.5,1314.35,1314.35,1308.25,10722,226288,293801068,
500210,"INGERSOLL-RAND (INDIA) LTD.",A,STK,3838,3902.85,3733.95,3859.75,3902.85,3875.5,215,512,1953221,
500213,"INTERNATIONAL TRAVEL HOUSE LTD",X,STK,320,331.5,319.95,322.9,322.9,331.05,75,2518,820677,
500214,"ION EXCHANGE (INDIA) LTD.",A,STK,333.2,345.65,333.2,336.6,337.9,347.15,604,7463,2516251,
500215,"SUNDROP BRANDS LIMITED",B,STK,607,708.9,603,610,617.25,629.45,60,1075,666517,
500219,"JAIN IRRIGATION SYSTEMS LTD.",A,STK,33.41,33.66,32.3,32.81,32.87,34.85,695,130050,4297778,
500220,"JASCH INDUSTRIES LTD.",X,STK,155.25,158.85,151,158.4,152.5,160.55,29,1150,179134,
500227,"JINDAL POLY FILMS LTD.",B,STK,761,846,744.75,815,815,769.1,3740,117714,95163879,
500228,"JSW STEEL LTD.",A,STK,1203.5,1211.7,1170.45,1193.05,1193.05,1234.35,5262,73213,87120158,
500233,"KAJARIA CERAMICS LTD.",A,STK,919.7,938.55,903,935.25,933,935.5,1468,12719,11675675,
500234,"KAKATIYA CEMENT SUGAR & INDUST",B,STK,105,108.05,105,107.1,107.1,107.2,4,372,39623,
500235,"KALYANI STEELS LTD.",B,STK,700.15,706.3,690,694.8,700,726.3,128,1495,1040099,
500236,"KANEL INDUSTRIES LIMITED",XT,STK,15.46,15.46,15.46,15.46,15.46,14.73,8,792,12244,
500238,"WHIRLPOOL OF INDIA LTD.",A,STK,894.8,894.8,861.05,871.5,871.5,895.25,903,9414,8172802,
500239,"KG DENIM LTD.",X,STK,15.5,16.49,13.45,14.28,13.99,15.76,104,26237,381376,
500240,"KINETIC ENGINEERING LTD.",X,STK,239,255.6,225,228.35,231.45,239.2,196,16982,3943513,
500241,"KIRLOSKAR BROTHERS LTD.",A,STK,1575.15,1608.55,1543.7,1570.15,1566.4,1639.75,1190,16037,25172594,
500243,"KIRLOSKAR INDUSTRIES LTD",B,STK,2905,2905,2781.75,2842.6,2847.4,2932.6,178,1286,3606342,
500245,"KIRLOSKAR FERROUS INDUSTRIES L",B,STK,390.05,399,378.5,391.45,399,397.95,1317,70421,27133228,
500246,"ENVAIR ELECTRODYNE LTD.",X,STK,44.01,46,43.51,44.61,44.61,48.33,27,1538,67982,
500247,"KOTAK MAHINDRA BANK LTD.",A,STK,390,393.7,385.1,386.5,386.05,399.95,9553,298285,115755650,
500248,"KRISHNA FILAMENT INDUSTRIES LI",XT,STK,5.89,5.89,5.89,5.89,5.89,5.89,2,231,1360,
500249,"KSB LIMITED",A,STK,788.6,788.6,732.3,753.55,750.55,757,378,5867,4368810,
500250,"L.G.BALAKRISHNAN & BROS.LTD.",B,STK,1771.55,1790.95,1721.95,1771.4,1767,1836.85,416,2134,3737625,
500251,"TRENT LTD.",A,STK,3650,3699,3584.85,3688.8,3682.2,3722.5,3588,19758,71743160,
500252,"LMW Limited",A,STK,14600,14828.15,14459.75,14535.05,14506,14862.8,295,843,12397643,
500253,"LIC HOUSING FINANCE LTD.",A,STK,499.85,502.3,490,499.4,499.4,511.75,3483,60674,30060747,
500257,"LUPIN LTD.",A,STK,2297.4,2318.45,2283,2301.7,2300,2344.45,3162,24412,56104391,
500259,"LYKA LABS LTD.",B,STK,59.1,59.32,56.76,57.84,57,60.34,41,1405,80229,
500260,"THE RAMCO CEMENTS LIMITED",A,STK,1047.75,1063.4,1014.6,1026.75,1026.75,1090.15,797,6543,6763361,
500262,"HYBRID FINANCIAL SERVICES LIMI",B,STK,17.5,20.7,17,18.63,18.63,18.88,28,2410,42514,
500264,"MAFATLAL INDUSTRIES LTD.",X,STK,117,122.8,117,121.85,121.85,124.6,553,40132,4833099,
500265,"MAHARASHTRA SEAMLESS LTD.",A,STK,545.35,550,536.65,542.95,546.2,555.05,430,4985,2710579,
500266,"MAHARASHTRA SCOOTERS LTD.",A,STK,12770,12770,12518.05,12648.3,12598.3,13155.85,159,347,4387753,
500267,"MAJESTIC AUTO LTD.",X,STK,288,299,284.2,288.25,293.7,292.2,135,2173,625502,
500268,"MANALI PETROCHEMICAL LTD.",B,STK,52,52,49.02,49.85,49.9,51.61,377,14900,744182,
500270,"BARODA RAYON CORPORATION LTD.",X,STK,107.2,115.45,103.1,105.5,105.45,108.05,37,365,38743,
500271,"Max Financial Services Limited",A,STK,1644.75,1719.15,1644.75,1711,1700.8,1701.2,1895,319542,527633308,
500277,"MID INDIA INDUSTRIES LTD.",X,STK,6.38,6.38,5.54,5.56,5.86,6.15,59,12090,67861,
500279,"MIRC ELECTRONICS LTD.",B,STK,25.4,25.4,23.68,23.96,23.96,25.76,527,153848,3750046,
500280,"CENTURY ENKA LTD.",B,STK,405,406,397.35,405,401.85,418.1,41,510,205327,
500282,"MODERN THREADS (INDIA) LTD.",B,STK,53.2,56,50.4,53.6,53.6,53.59,133,6929,368383,
500284,"LORDS CHLORO ALKALI LTD.",B,STK,121.5,122.15,119,121.25,121.3,125,39,1007,121151,
500285,"SPICEJET LTD.",A,STK,13.05,13.4,12.85,13.07,13.07,14,14915,25622043,337681382,
500288,"MOREPEN LABORATORIES LTD.",A,STK,38.51,39.41,38.06,39.18,39.41,39.81,1913,379304,14681684,
500290,"MRF LTD.",A,STK,136500,138255.65,134590,135013.3,135225,138771.5,260,292,39489332,
500292,"HEIDELBERGCEMENT INDIA LTD.",B,STK,155.45,155.45,150.5,151.55,151.5,155.45,160,7321,1112005,
500294,"NCC LIMITED",A,STK,140.6,141.15,136.2,140.35,140.35,141.15,3775,245876,34116545,
500295,"VEDANTA LIMITED",A,STK,710,712.6,697.75,709.3,709.3,721.2,20495,809329,571211340,
500296,"NAHAR SPINNING MILLS LTD.",B,STK,190,190,179,189.25,189.25,194.55,23,598,108922,
500298,"Naperol Investments Limited",X,STK,580,602.95,580,590,590,617.3,142,5585,3315259,
500300,"GRASIM INDUSTRIES LTD.",A,STK,2679.7,2689.15,2632.4,2679.95,2671.3,2716.8,2733,432175,1155480933,
500304,"NIIT LTD.",B,STK,64.69,64.69,61.32,62.45,62.45,65.34,411,19338,1201459,
500306,"Jaykay Enterprises Limited",B,STK,144.5,144.5,134.55,139.35,140.1,143.4,342,24959,3432304,
500307,"NIRLON LTD.",B,STK,495.9,495.9,481,486.75,485,494.5,467,8359,4080351,
500312,"OIL AND NATURAL GAS CORPORATIO",A,STK,289,289,267.8,270.05,270.05,278.9,26435,3177398,874935354,
500313,"OIL COUNTRY TUBULAR LTD.",B,STK,48.8,48.8,45.01,45.98,46.26,47.11,119,3194,148893,
500314,"ORIENTAL HOTELS LTD.",B,STK,90.65,92.65,86.5,87.75,87.9,92.7,204,8814,775841,
500317,"OSWAL AGRO MILLS LTD.",B,STK,44.26,44.26,42.9,43,42.9,44.82,27,1435,62641,
500319,"INDIAN SUCROSE LTD.",X,STK,70.01,76.2,70.01,74.04,75.9,71.03,80,12754,946642,
500322,"PANYAM CEMENTS & MINERAL INDUS",XT,STK,122.5,122.5,122.5,122.5,122.5,128.9,1,1,122,
500325,"RELIANCE INDUSTRIES LTD.",A,STK,1372.05,1429,1369,1424.45,1424.45,1405.2,37843,1316623,1849829247,
500327,"Pil Italica Lifestyle Limited",B,STK,8.55,8.55,7.26,7.87,7.9,8.3,250,19773,154845,
500330,"RAYMOND LTD.",A,STK,378.4,378.4,363,371.1,369.8,380.65,815,27750,10199567,
500331,"PIDILITE INDUSTRIES LTD.",A,STK,1382.7,1403.9,1367.65,1386.8,1386.8,1434.35,6280,54024,74425583,
500333,"PIX TRANSMISSIONS LTD.",B,STK,1405.75,1432,1381.6,1420.75,1422.45,1451.7,110,404,567548,
500335,"BIRLA CORPORATION LTD.",A,STK,862.95,862.95,818.9,823.25,827.45,864.95,941,8205,6788750,
500336,"SURYA ROSHNI LTD.",A,STK,205,207.3,202.2,205.85,206.75,209.8,607,24065,4914599,
500337,"PRIME SECURITIES LTD.",B,STK,265.25,270.55,264.5,270.55,270.55,276,7,301,79857,
500338,"PRISM JOHNSON LIMITED.",B,STK,125,126.2,121.3,125.4,125.4,125.25,265,16655,2066382,
500339,"RAIN INDUSTRIES LIMITED",A,STK,130.7,130.7,115.1,115.8,115.8,132.9,3010,278847,33316909,
500342,"PRUDENTIAL SUGAR CORPORATION L",B,STK,15.55,15.64,14.7,15.32,15.5,15.64,52,2310,35475,
500343,"AMJ LAND HOLDINGS LIMITED",B,STK,39.97,41.4,36.85,37.49,37.49,39.19,88,1302,49176,
500346,"PUNJAB COMMUNICATIONS LTD.",B,STK,55.5,55.5,51,51.76,52.84,55.1,32,1222,62761,
500350,"RSWM LTD.",B,STK,140.95,141.75,140.95,141.55,141.7,144.7,5,69,9768,
500354,"RAJSHREE SUGARS & CHEMICALS LT",B,STK,29.25,29.85,28.01,28.45,28.33,27.75,65,10656,305541,
500355,"RALLIS INDIA LTD.",A,STK,256.4,256.4,247.75,253.85,254,257.6,1036,34336,8645270,
500356,"SHREE RAMA NEWSPRINT LTD.",B,STK,36.8,36.8,34,34.59,34.75,36.04,145,18314,637714,
500357,"RAMA PAPER MILLS LTD.",Z,STK,12.5,13.72,12.42,13.72,13.72,13.07,10,1733,21718,
500358,"RAMA PETROCHEMICALS LTD.",XT,STK,14.63,14.63,14.63,14.63,14.63,14.63,5,1325,19384,
500360,"RAPICUT CARBIDES LTD.",XT,STK,143,145,136.35,140.8,140.8,143.5,41,3150,441270,
500365,"WELSPUN SPECIALTY SOLUTIONS LI",B,STK,36.66,36.84,33.5,34.05,34.05,36.59,1203,390265,13444312,
500367,"RUBFILA INTERNATIONAL LTD.",B,STK,64,64,61.55,62,62,64.84,69,9930,626366,
500368,"Patanjali Foods Limited",A,STK,495,497.65,484.6,491.7,491.7,500.55,2111,66407,32529060,
500370,"SALORA INTERNATIONAL LTD.",X,STK,30.67,30.67,28,28.02,29,31.3,89,6905,194196,
500371,"SAMTEL INDIA LTD.",XT,STK,15.82,15.82,15.82,15.82,15.82,15.51,1,100,1582,
500378,"JINDAL SAW LTD.",A,STK,164,165.05,159.05,162.85,162.85,166.65,1552,99905,16178799,
500380,"JK LAKSHMI CEMENT LTD.",A,STK,630,631.1,606,610.15,610.45,638.2,556,8105,4972206,
500387,"SHREE CEMENT LTD.",A,STK,24600,24600,23540.1,23589.85,23565,24879.4,660,1438,34343982,
500389,"SILVERLINE TECHNOLOGIES LTD.",XT,STK,15.87,15.87,15.87,15.87,15.87,16.7,351,46330,735257,
500390,"RELIANCE INFRASTRUCTURE LTD.",T,STK,92.6,93.24,88.88,89.23,89.23,93.55,1184,168880,15266890,
500399,"STEELCO GUJARAT LTD.",XT,STK,86.43,86.43,86.43,86.43,86.43,82.32,13,498,43042,
500400,"TATA POWER CO.LTD.",A,STK,371.85,374,365.65,372.9,372.9,375.45,5261,259886,96019107,
500402,"SPML INFRA LIMITED",B,STK,168,171.9,162,163.95,164.5,173.05,452,39515,6504864,
500403,"SUNDRAM FASTENERS LTD.",A,STK,832.35,839,804.05,833.4,833.4,849.6,580,7813,6446866,
500404,"SUNFLAG IRON & STEEL CO.LTD.",B,STK,235,235,221.9,225.6,225.6,236.5,263,21952,4928123,
500405,"SUPREME PETROCHEM LTD.",A,STK,667.9,696.5,649.5,690.5,690.5,667.85,361,5558,3721636,
500407,"SWARAJ ENGINES LTD.",B,STK,3460.2,3460.2,3333,3396.75,3401.4,3460.1,173,927,3142116,
500408,"TATA ELXSI LTD.",A,STK,4309.7,4320,4222.2,4300.2,4300.2,4329.75,2614,8889,37887080,
500410,"ACC LTD.",A,STK,1489.6,1489.6,1435.3,1451.6,1451.6,1501.3,3217,34047,49338808,
500411,"THERMAX LTD.",A,STK,3098.7,3098.7,3005,3064.85,3067.1,3159.35,562,2721,8295279,
500412,"THIRUMALAI CHEMICALS LTD.",B,STK,160.1,166.05,158.4,161.65,161.65,165.4,534,41702,6789957,
500413,"THOMAS COOK (INDIA) LTD.",A,STK,89.55,91,86.75,87.9,88.3,92.35,965,101731,8930829,
500414,"TIMEX GROUP INDIA LTD.",B,STK,260,270,258.15,263.5,263.5,271.9,1730,284517,74729682,
500418,"TOKYO PLAST INTERNATIONAL LTD.",B,STK,81.92,82.18,73.33,79.69,79.69,77.21,14,525,40610,
500420,"TORRENT PHARMACEUTICALS LTD.",A,STK,4291.9,4382.35,4258.5,4370.8,4380,4308.05,1427,4311,18611627,
500421,"TPI INDIA LTD.",X,STK,16.54,18,16.54,17,17,17.38,9,449,7544,
500422,"TRANSCHEM LTD.",XT,STK,167.05,167.05,167.05,167.05,167.05,170.45,9,365,60973,
500425,"AMBUJA CEMENTS LTD.",A,STK,460.35,460.35,443.65,451.65,452.4,466.7,18720,401927,180675041,
500426,"UTL INDUSTRIES LIMITED",X,STK,1.64,1.64,1.5,1.57,1.59,1.57,87,28095,44587,
500429,"UNIPHOS ENTERPRISES LTD.",B,STK,100,103,99,102.8,102.8,103,13,70,7011,
500439,"VARDHMAN HOLDINGS LTD.",B,STK,3092.6,3159,3090,3090,3090,3256,45,149,465678,
500440,"HINDALCO INDUSTRIES LTD.",A,STK,949.7,956.1,924.85,945.5,945.5,958.65,21422,555390,519194188,
500444,"West Coast Paper Mills Limited",B,STK,383.75,387.5,375.05,381.2,381.2,391.1,194,5018,1909366,
500449,"HINDUSTAN ORGANIC CHEMICALS LT",B,STK,28.82,29.45,28.21,29.03,29.08,29.01,210,56142,1618861,
500450,"MPIL CORPORATION LTD.",X,STK,397,397,359.7,359.7,359.7,378.6,4,203,73094,
500456,"PASUPATI ACRYLON LTD.",B,STK,49.6,49.6,46,46.81,47.03,48.2,53,3917,181280,
500458,"TEAM24 CONSUMER PRODUCTS LIMIT",X,STK,30.69,30.69,26.1,27.05,27,30.54,35,1654,44972,
500459,"PROCTER & GAMBLE HYGIENE & HEA",A,STK,10876.95,10876.95,10576,10599.5,10600,10876.95,185,285,3034831,
500460,"MUKAND LTD.",B,STK,120,122.95,119,121,120.9,124,139,3808,457115,
500463,"BLACK BOX LIMITED",A,STK,501.5,501.9,489.3,492,491.9,511.75,652,20931,10327869,
500464,"UCAL LIMITED",B,STK,100.65,100.65,99.1,99.4,99.4,101.7,8,39,3874,
500467,"HARRISONS MALAYALAM LTD.",B,STK,156,176.45,156,174,174,180.65,20,214,36843,
500469,"FEDERAL BANK LTD.",A,STK,280,280.8,268.75,273.55,273.55,286.6,13640,524010,143152066,
500470,"TATA STEEL LTD.",A,STK,193.5,193.55,187,191.05,191.05,198.5,30763,2168748,412108266,
500472,"SKF INDIA LTD.",A,STK,1619.7,1642.1,1580,1634.4,1640.8,1634.1,331,2429,3893948,
500477,"ASHOK LEYLAND LTD.",A,STK,190.75,190.75,182.5,186.9,186.9,194.55,11399,957736,177878513,
500480,"CUMMINS INDIA LTD.",A,STK,4709.05,4750,4623,4690.05,4683.6,4802.4,3498,11473,53674627,
500483,"TATA COMMUNICATIONS LTD.",A,STK,1420.45,1486.4,1403,1483.4,1483.7,1456.35,3249,19584,28682030,
500488,"ABBOTT INDIA LTD.",A,STK,26500.05,27292.95,26500.05,27158.55,27125,27345.2,555,1191,32201532,
500490,"BAJAJ HOLDINGS & INVESTMENT LT",A,STK,10539.7,10539.7,10200,10244.55,10243.4,10549.15,484,1342,13790485,
500493,"BHARAT FORGE LTD.",A,STK,1920.15,1920.15,1811,1863.7,1854.4,1923.6,5474,63501,116650679,
500495,"Escorts Kubota Limited",A,STK,3185.65,3226,3163.9,3196.55,3209.75,3287.65,538,2432,7748214,
500500,"HINDUSTAN MOTORS LTD.",B,STK,14.95,15,14.07,14.59,14.59,14.95,1516,272370,3979926,
500510,"LARSEN & TOUBRO LTD.",A,STK,3848,3852.8,3744.5,3840,3840,3948.85,17944,165826,628174880,
500520,"MAHINDRA & MAHINDRA LTD.",A,STK,3265.6,3265.6,3144,3187.25,3187.25,3333.7,9047,84600,268944025,
500530,"BOSCH LTD.",A,STK,33309.6,33309.6,31494.75,31621,31610,33351.55,753,1480,47267643,
500540,"PREMIER LTD.",T,STK,3.02,3.02,2.87,3,3,3.02,8,3060,9030,
500547,"BHARAT PETROLEUM CORPORATION L",A,STK,331.05,339.8,322.95,331.1,331.1,352.7,30267,1911787,632677192,
500550,"SIEMENS LTD.",A,STK,3203.6,3245.95,3132,3230.3,3216.15,3264.7,3051,13849,44023037,
500570,"TATA MOTORS PASSENGER VEHICLES",A,STK,347.95,347.95,328.75,331.95,331.95,350.7,20754,812184,270063856,
500575,"VOLTAS LTD.",A,STK,1474.65,1474.65,1413,1437.2,1436,1478.35,3342,33221,47779397,
500620,"GREAT EASTERN SHIPPING CO.LTD.",A,STK,1413.05,1413.05,1333.35,1338.5,1338.5,1413.6,3285,34915,47743564,
500645,"DEEPAK FERTILISERS & PETROCHEM",A,STK,954.95,954.95,902.25,933.6,933,961.65,1285,20004,18426022,
500650,"EXCEL INDUSTRIES LTD.",B,STK,881.7,887.9,872,879.05,887.9,898.4,42,92,80874,
500655,"GARWARE HI-TECH FILMS LIMITED",A,STK,3876.05,3951,3842.15,3928.3,3951,4051.65,415,1815,7036354,
500660,"GLAXOSMITHKLINE PHARMACEUTICAL",A,STK,2501,2532.4,2452.85,2521.7,2532.4,2512.75,444,6692,16555045,
500670,"GUJARAT NARMADA VALLEY FERTILI",A,STK,419.95,419.95,406.05,409.55,409.55,431.3,860,23489,9629454,
500672,"NOVARTIS INDIA LTD.",B,STK,909,942.95,907.9,938.75,938.75,930.45,517,13292,12329224,
500674,"SANOFI INDIA LTD",A,STK,3741,3756.65,3655.65,3717.3,3700,3785.55,400,1719,6337675,
500680,"PFIZER LTD.",A,STK,4781.05,4840,4700,4772.55,4780.95,4847.6,211,1050,4971650,
500690,"GUJARAT STATE FERTILIZERS & CH",A,STK,153,154.95,149.55,150.55,150.55,157.35,2365,76979,11601777,
500696,"HINDUSTAN UNILEVER LTD.",A,STK,2195.25,2200.7,2170.5,2194,2194,2226.1,7380,67519,147656548,
500710,"AKZO NOBEL INDIA LIMITED",A,STK,2750,2750,2680,2714.55,2720,2768.6,345,1268,3421640,
500730,"NOCIL LTD.",B,STK,133.25,135,129.05,131.4,132.8,135.55,984,41743,5457228,
500770,"TATA CHEMICALS LTD.",A,STK,690.35,700,685,697.4,697.4,707.2,3330,53417,37022643,
500777,"TAMILNADU PETROPRODUCTS LTD.",B,STK,84.96,84.96,81.18,81.64,82.51,84.97,251,7363,602430,
500780,"Zuari Industries Limited",B,STK,243,243,237.35,239.75,239.6,246.8,85,3578,855858,
500790,"NESTLE INDIA LTD.",A,STK,1212,1242.5,1212,1236.2,1236.2,1252.4,3611,45373,55776656,
500800,"TATA CONSUMER PRODUCTS LIMITED",A,STK,1068.85,1107,1068.85,1101.05,1097.25,1116.8,3748,36984,40406456,
500820,"ASIAN PAINTS LTD.",A,STK,2190,2230,2163,2220.6,2217,2279.8,16249,152072,331808273,
500825,"BRITANNIA INDUSTRIES LTD.",A,STK,5900.05,5926.9,5816.75,5881.9,5881.9,5985.55,1718,4574,26859124,
500830,"COLGATE-PALMOLIVE (INDIA) LTD.",A,STK,2188.5,2188.75,2141.7,2154.6,2161.4,2203.5,1334,7622,16450059,
500840,"EIH LTD.",A,STK,323.85,323.85,312.85,314.75,314.9,329.05,414,12374,3903631,
500850,"INDIAN HOTELS CO.LTD.",A,STK,612.9,614.4,597.15,611.8,611.8,623.7,5866,135617,82096569,
500870,"CASTROL INDIA LTD.",A,STK,185.95,186.4,184.5,185.65,185.9,186.7,1924,237650,44027173,
500875,"ITC LTD.",A,STK,304.25,307.2,303.65,306.1,306.1,309.75,41752,1316171,401461698,
500877,"APOLLO TYRES LTD.",A,STK,429.85,434.6,418,430.4,430.3,439.9,3433,85127,36132334,
500878,"CEAT LTD.",A,STK,3350.35,3352,3253.5,3315.95,3313,3457.75,1424,7339,24232722,
500890,"MODI RUBBER LTD.",B,STK,107.45,107.85,107.4,107.8,107.8,109.1,4,102,10995,
500940,"FINOLEX INDUSTRIES LTD.",A,STK,181.7,182.6,178.25,181.4,181.35,186.9,629,31415,5680433,
501144,"PEOPLES INVESTMENTS LTD.",XT,STK,198.8,199.9,198.8,199.9,199.9,200.8,2,100,19985,
501148,"DALAL STREET INVESTMENTS LTD.",XT,STK,421.25,421.25,404.75,404.75,404.75,413,5,15,6104,
501150,"CENTRUM CAPITAL LTD.",B,STK,21.51,22.51,21.05,21.34,21.6,22.6,168,29878,647034,
501242,"TCI FINANCE LTD.",T,STK,13.9,14,13.51,13.94,13.94,14.05,26,5060,69784,
501295,"INDUSTRIAL INVESTMENT TRUST LT",B,STK,131.3,132.35,123,126.05,126.05,128.1,7,68,8545,
501298,"INDUSTRIAL & PRUDENTIAL INVEST",B,STK,5150,5188,5012,5164.95,5165,5170,26,159,808806,
501301,"TATA INVESTMENT CORPORATION LT",A,STK,630.05,632.45,613.25,621.95,623.2,641.75,3758,83027,51472092,
501311,"JAYABHARAT CREDIT LTD.",X,STK,15.79,15.79,15.79,15.79,15.79,15.79,1,1,15,
501314,"PRISMX GLOBAL VENTURES LIMITED",X,STK,0.63,0.64,0.51,0.53,0.53,0.63,299,1174926,637077,
501343,"MOTOR & GENERAL FINANCE LTD.",B,STK,20.4,20.4,19.78,19.78,19.78,20.71,4,545,11104,
501351,"RAPID INVESTMENTS LTD.",X,STK,76.24,78,76.24,76.24,76.24,76.24,3,19,1453,
501370,"WALCHAND PEOPLEFIRST LTD.",X,STK,102,107,101.6,103.25,102,104.55,14,96,9998,
501391,"W.H.BRADY & CO.LTD.",X,STK,535.2,539.95,523,525.5,523,526.85,23,200,105718,
501421,"TechNVision Ventures Limited",X,STK,5900,5999,5866.25,5998.95,5998.95,6175,16,41,241858,
501423,"SHAILY ENGINEERING PLASTICS LT",A,STK,1877,1877,1806.1,1838.4,1842,1914.9,2126,13171,24218598,
501425,"The Bombay Burmah Trading Corp",A,STK,1601.05,1601.05,1513.9,1536,1541.8,1621.95,1145,5957,9185322,
501430,"BOMBAY CYCLE & MOTOR AGENCY LT",X,STK,1706.95,1706.95,1706.95,1706.95,1706.95,1720.9,1,2,3413,
501455,"GREAVES COTTON LTD.",A,STK,150.6,151,145.6,148.2,147.9,154,782,50716,7529315,
501477,"MULLER & PHIPPS (INDIA) LTD.",X,STK,232,232,222,222,222,232.95,6,21,4782,
501700,"INDIANIVESH LTD.",X,STK,8.1,8.1,7.39,7.88,7.88,7.76,55,4424,34335,
501831,"COASTAL CORPORATION LTD.",B,STK,45.7,45.7,41.15,42.6,42.69,44.3,44,3263,136921,
501833,"CHOWGULE STEAMSHIPS LTD.",X,STK,18.05,19.33,18.05,19.26,19.25,18.57,67,10239,193036,
501848,"GLOBAL OFFSHORE SERVICES LTD.",X,STK,47.99,49.75,46.2,48.3,49,47.91,75,11869,568651,
501945,"DHENU BUILDCON INFRA LTD.",Z,STK,7.37,7.37,7.37,7.37,7.37,7.23,51,7729,56962,
502015,"ASI INDUSTRIES LIMITED",X,STK,25.24,26,24.1,25.36,25.36,25.51,107,13808,345440,
502090,"SAGAR CEMENTS LTD.",B,STK,185.8,185.8,176.15,180.8,181,185.75,133,2466,441455,
502137,"DECCAN CEMENTS LTD.",B,STK,662.4,667.2,646.65,651.15,651.15,681.1,47,503,330062,
502157,"MANGALAM CEMENT LTD.",B,STK,852,852,805.6,820.2,815,852.1,484,7004,5751177,
502168,"NCL INDUSTRIES LTD.",B,STK,179.4,186.7,169.35,181.6,181.45,178,146,3252,588933,
502175,"SAURASHTRA CEMENT LTD.",B,STK,63.5,63.5,59.8,61.59,61.85,62.58,110,2366,143443,
502180,"SHREE DIGVIJAY CEMENT CO.LTD.",B,STK,63.99,65,61.59,62.03,62.99,65.13,193,16180,1006356,
502219,"BOROSIL RENEWABLES LIMITED",A,STK,420.05,426.05,405.4,411.3,415,435.25,1042,44084,18314637,
502250,"LERTHAI FINANCE LIMITED",XT,STK,637.1,637.1,577,611.8,611.8,606.85,8,113,65730,
502281,"TRIVENI GLASS LTD.",X,STK,6.42,6.99,5.85,6.06,6.3,6.79,138,31342,194061,
502294,"NILACHAL REFRACTORIES LTD.",X,STK,33.09,33.09,33.09,33.09,33.09,33.25,3,56,1853,
502330,"ANDHRA PAPER LIMITED",B,STK,62.26,64.86,60.7,63.73,63.51,65.91,85,13414,847577,
502355,"BALKRISHNA INDUSTRIES LTD.",A,STK,2181.15,2251.1,2147,2239.55,2225.8,2253.15,1344,7435,16233241,
502420,"ORIENT PAPER & INDUSTRIES LTD.",B,STK,17.01,17.49,15.89,16.51,16.62,17.63,309,87600,1444634,
502445,"CITADEL REALTY AND DEVELOPERS",X,STK,37.7,42.99,37,40,40,39.61,59,528,21374,
502448,"ROLLATAINERS LTD.",T,STK,1.23,1.23,1.18,1.21,1.21,1.24,34,23015,28200,
502450,"SESHASAYEE PAPER & BOARDS LTD.",B,STK,265.1,266.4,255,257,257,259.9,142,1809,465123,
502587,"NATH INDUSTRIES LIMITED",X,STK,51.58,51.58,46.4,51.43,51.39,51.43,55,9779,498196,
502820,"DCM LTD.",B,STK,79,79,63.5,64.93,64.47,70.97,80,2700,185816,
502865,"FORBES & COMPANY LTD.",X,STK,317.9,351.95,307,340.45,343,316.35,245,4470,1471102,
502873,"H.P.COTTON TEXTILE MILLS LTD.",X,STK,103,103,103,103,103,103.5,1,1,103,
502893,"UNITED INTERACTIVE LTD.",X,STK,69,69,69,69,69,69.49,2,51,3519,
502901,"JAMSHRI REALTY LIMITED",X,STK,80.47,80.47,75,77,77,80.48,56,1643,125438,
502933,"KATARE SPINNING MILLS LTD.",X,STK,100,100,93,96.85,98,100,5,67,6608,
502937,"KESORAM INDUSTRIES LTD.",T,STK,8.65,8.65,8.31,8.31,8.31,8.74,221,75343,633888,
502958,"LAKSHMI MILLS COMPANY LTD.",X,STK,6863,7200,6863,7175,7175,7400,43,409,2895345,
502986,"VARDHMAN TEXTILES LTD.",A,STK,534.25,546.95,515.45,540.25,535.5,537.55,1273,27230,14400000,
503031,"PENINSULA LAND LTD.",B,STK,16.21,16.28,15.45,16.05,16.08,16.81,561,143599,2247472,
503092,"PASUPATI SPG.& WVG.MILLS LTD.",X,STK,29.1,30.95,28.27,28.35,28.35,31.39,11,295,8392,
503100,"THE PHOENIX MILLS LTD",A,STK,1573.35,1592.45,1557.4,1577.9,1580.7,1603.9,2732,147017,230478668,
503101,"MARATHON NEXTGEN REALTY LTD.",B,STK,427,427,409.05,412.5,411.9,425.1,287,4830,2010619,
503162,"RELIANCE CHEMOTEX INDUSTRIES L",B,STK,116.4,123.85,111,111.35,111,118.05,50,1021,116819,
503169,"RUBY MILLS LTD.",B,STK,209.95,210,198.8,204.1,203.05,212.65,253,2607,527464,
503229,"SIMPLEX REALTY LTD.",X,STK,136.15,136.15,123.25,123.25,123.25,129.7,5,27,3650,
503310,"Swan Corp Limited",A,STK,335,351.15,327.95,347.25,347.25,358.3,3997,166330,55934771,
503624,"SVARAJ TRADING & AGENCIES LTD.",X,STK,6.5,7.8,6.5,7.8,7.8,6.5,59,79041,608184,
503635,"SHREE SALASAR INVESTMENT LTD.",XT,STK,344.75,344.75,344.75,344.75,344.75,328.35,4,91,31372,
503639,"INDSOYA LTD.",XT,STK,12.92,12.92,12.92,12.92,12.92,12.31,1,5,64,
503641,"ZODIAC VENTURES LIMITED",X,STK,1.7,1.7,1.54,1.57,1.58,1.62,283,366186,600289,
503657,"VEER ENERGY & INFRASTRUCTURE L",X,STK,10.2,11.23,10.11,10.77,10.98,11.36,125,12494,133785,
503659,"SW INVESTMENTS LTD",XT,STK,96.05,96.05,96.05,96.05,96.05,101.1,26,2400,230520,
503663,"Tilak Ventures Limited",X,STK,0.94,0.94,0.85,0.86,0.86,0.94,1407,4708443,4050376,
503675,"WAGEND INFRA VENTURE LIMITED",X,STK,1.04,1.04,1,1.03,1.03,1.04,21,14161,14447,
503681,"ELCID INVESTMENTS LTD.",B,STK,100700,100700,96713.95,97363.95,97363.95,100758.5,59,80,7796155,
503685,"MEDIAONE GLOBAL ENTERTAINMENT",Z,STK,17.14,17.14,16.66,16.66,16.66,17.49,13,107,1824,
503722,"BANSWARA SYNTEX LTD.",B,STK,107.25,107.55,106.3,107.5,107.5,109.95,19,986,105602,
503776,"MODIPON LTD.",X,STK,33,33,33,33,33,33,1,1,33,
503804,"SHRI DINESH MILLS LTD.",X,STK,234.25,234.25,225.2,229.85,230,229,21,1070,245753,
503806,"SRF LTD.",A,STK,2603,2603,2537.6,2552.4,2552.4,2622.45,1327,6473,16497077,
503811,"SIYARAM SILK MILLS LTD.",B,STK,505,505,483.8,493.6,495,510.7,444,4823,2373558,
503816,"SWADESHI POLYTEX LTD.",X,STK,35.36,35.36,33,33.61,34.33,35.65,119,9187,312019,
503837,"SHREE RAJASTHAN SYNTEX LTD.",X,STK,13.8,13.85,13.5,13.63,13.63,13.84,8,1047,14476,
503960,"BHARAT BIJLEE LTD.",A,STK,2255.05,2340,2248.05,2307,2310,2338.15,384,3830,8668286,
504000,"ELPRO INTERNATIONAL LTD.",B,STK,83.04,84,81,83.16,83.99,83.05,215,91323,7516823,
504028,"GEE LTD.",X,STK,67.89,67.89,64,66.27,65.85,66.97,38,7377,483613,
504036,"HIND RECTIFIERS LTD.",B,STK,1453,1453,1361,1417.4,1423.1,1453,234,1201,1694631,
504058,"INDO-NATIONAL LTD.",B,STK,309.6,309.6,300,301.65,300,312.5,34,154,46800,
504067,"ZENSAR TECHNOLOGIES LTD.",A,STK,557.05,557.05,537.8,544.45,546.9,558.35,951,20357,11047290,
504076,"JYOTI LTD.",X,STK,64,64,59.02,61.78,60.3,62.33,242,28844,1766508,
504080,"JSL INDUSTRIES LTD.",X,STK,1000,1000,970,970,970,994.4,3,192,191970,
504084,"KAYCEE INDUSTRIES LTD.",X,STK,798.9,801,754,759.4,754,804.95,208,1753,1347081,
504092,"INDOKEM LTD.",XT,STK,477,488,475.6,476.95,475.6,500.6,178,10089,4810225,
504093,"PANASONIC ENERGY INDIA COMPANY",X,STK,294.45,294.45,280,284.6,284.6,294.45,197,4721,1340679,
504112,"NELCO LTD.",B,STK,576.05,590.05,572.2,580.85,585,597.55,273,3047,1758838,
504132,"PERMANENT MAGNETS LTD.",X,STK,720,720,680,691.15,691.15,732.95,386,4491,3115996,
504176,"HIGH ENERGY BATTERIES (INDIA)",X,STK,554.5,554.5,535.1,546.95,546.95,554.55,337,15393,8401076,
504180,"STANDARD BATTERIES LTD.",XT,STK,44,44,41.8,42.15,42,44,54,1486,63571,
504212,"UNIVERSAL CABLES LTD.",B,STK,665,738,637.7,650.6,651.9,675.65,101,1033,675096,
504220,"W.S.INDUSTRIES (INDIA) LTD.",B,STK,69.22,70.12,69.22,69.82,69.75,69.7,13,452,31396,
504240,"DELTON CABLES LTD.",X,STK,427,439.75,416.1,418.45,422.1,430.6,138,1411,597222,
504258,"LAKSHMI ELECTRICAL CONTROL SYS",X,STK,750.1,775,730.1,753.2,759.5,757.15,105,1205,906783,
504273,"MODULEX CONSTRUCTION TECHNOLOG",Z,STK,21.28,22.2,20.3,21.98,22.05,21.28,23,10869,230410,
504286,"DELTA MANUFACTURING LIMITED",B,STK,53,56.7,53,55,55,57,19,1609,88173,
504340,"Longspur International Venture",X,STK,6.45,6.45,6.45,6.45,6.45,6.58,12,273,1760,
504341,"RAVINDRA ENERGY LIMITED",B,STK,118.95,138.15,118.95,134.8,134.65,139.05,75,5441,734999,
504351,"EMPOWER INDIA LTD.",X,STK,1.35,1.41,1.35,1.4,1.41,1.41,934,2407893,3351428,
504369,"GRANDMA TRADING & AGENCIES LTD",X,STK,0.49,0.49,0.49,0.49,0.49,0.49,4,674,330,
504375,"SOFTBPO GLOBAL SERVICES LTD.",P,STK,285.05,300.05,285.05,300.05,300.05,300.05,25,3050,874655,
504378,"NYSSA CORPORATION LIMITED",X,STK,2.25,2.34,2.14,2.23,2.18,2.25,79,52994,116587,
504380,"FLOMIC GLOBAL LOGISTICS LIMITE",X,STK,43.29,43.29,41.05,41.7,41.7,43.29,7,100,4158,
504392,"KRISHNA VENTURES LIMITED",XT,STK,21.29,23.5,21.29,23.25,23.25,22.4,13,9123,197019,
504397,"GANESH HOLDINGS LTD.",XT,STK,70.4,70.4,68,68.05,68.05,70.42,10,94,6420,
504398,"SJ CORPORATION LTD.",XT,STK,71.47,71.47,71.47,71.47,71.47,71.47,4,581,41524,
504605,"UNI ABEX ALLOY PRODUCTS LTD.",X,STK,2851,2910,2697,2771.35,2771.35,2941.85,277,1268,3552616,
504614,"SARDA ENERGY & MINERALS LTD.",A,STK,545.3,546.05,522.65,539.25,540.2,553.5,2035,43899,23396740,
504646,"BHAGWATI AUTOCAST LTD.",X,STK,500,513,490.05,498.6,500,516.4,64,1411,700868,
504648,"BOMBAY WIRE ROPES LTD.",X,STK,45.16,45.5,43.2,44.6,44.6,45.33,19,1855,82828,
504731,"AZAD INDIA MOBILITY LIMITED",X,STK,85.34,87,81.08,81.08,81.08,85.34,98,12095,984252,
504741,"INDIAN HUME PIPE CO.LTD.",B,STK,305.05,308.65,297.95,303.2,305.4,317.3,233,4096,1231216,
504746,"INDIAN LINK CHAIN MANUFACTURES",XT,STK,1311.1,1311.1,1311.1,1311.1,1311.1,1337.85,13,651,853526,
504786,"INVESTMENT & PRECISION CASTING",X,STK,535,538.95,520,529.65,532.8,545.85,85,4038,2129472,
504810,"INFORMED TECHNOLOGIES INDIA LT",X,STK,81.99,82,81.99,82,82,82,6,420,34439,
504840,"KAIRA CAN CO.LTD.",X,STK,1275,1369.85,1275,1340,1340,1305,3,5,6534,
504879,"ORIENT CERATECH LIMITED",B,STK,36.15,36.3,34.68,35.86,35.96,37.08,74,4898,172529,
504882,"NATIONAL STANDARD (INDIA) LTD.",B,STK,1262.05,1308.8,1255,1277.95,1255,1310.7,37,196,250380,
504903,"RATHI STEEL & POWER LTD.",X,STK,20.3,20.3,18.99,19.11,19.02,19.88,387,394577,7649005,
504908,"Duncan Engineering Limited",X,STK,400,400,380,383.65,385,407.7,32,396,151698,
504918,"SANDUR MANGANESE & IRON ORES L",B,STK,196.35,197.6,191.15,192.5,192.5,200.95,2027,85864,16580538,
504959,"STOVEC INDUSTRIES LTD.",X,STK,1860.2,1860.2,1800,1815.65,1815.65,1869.5,46,1777,3229650,
504973,"CHOLAMANDALAM FINANCIAL HOLDIN",A,STK,1560.05,1562,1524.55,1531.25,1533.35,1594.45,1032,10597,16281086,
504988,"WELCAST STEELS LTD.",X,STK,688.5,688.5,675,680.15,680,697,20,206,140548,
505010,"AUTOMOTIVE AXLES LTD.",B,STK,1956,1956,1871,1944.65,1938.4,1981.75,46,354,678050,
505029,"ATLAS CYCLES (HARYANA) LTD.",B,STK,87.98,92.33,79.02,84.48,84.05,88,76,468,39809,
505036,"AUTOMOBILE CORPORATION OF GOA",B,STK,1669,1669,1451.6,1617.4,1630,1686,378,7415,11933154,
505075,"SETCO AUTOMOTIVE LTD.",B,STK,17.98,19,17.53,17.89,17.89,18.45,68,10230,182358,
505100,"INDIA RADIATORS LTD.",XT,STK,14.4,14.4,14.4,14.4,14.4,13.72,1,25,360,
505160,"TALBROS AUTOMOTIVE COMPONENTS",B,STK,237.25,251.45,230,245.7,244.9,240.35,247,4613,1105155,
505163,"Z.F.STEERING GEAR (INDIA) LTD.",B,STK,711.3,712.05,679.95,693.4,700,720.45,546,2981,2060601,
505192,"SML Mahindra Limited",B,STK,3991.95,3991.95,3991.95,3991.95,3991.95,4202.05,79,893,3564811,
505196,"TIL LTD.",B,STK,189.25,195,188,192.85,192.9,201.55,278,27204,5156687,
505200,"EICHER MOTORS LTD.",A,STK,7522.05,7522.1,7235.2,7269.35,7263.55,7618.65,6704,193126,1406526070,
505212,"JAINEX AAMCOL LTD.",X,STK,111,119,110,118,117.95,112.95,11,362,40634,
505216,"ALFRED HERBERT (INDIA) LTD.",X,STK,2502,2637,2450.1,2566.2,2538,2638.6,25,87,219905,
505232,"VELJAN DENISON LIMITED",X,STK,900.55,900.55,856.3,890.95,894.9,925.25,51,321,283503,
505242,"DYNAMATIC TECHNOLOGIES LTD.",B,STK,10500.05,10500.05,10123.7,10260.85,10346.75,10729.45,358,635,6518310,
505250,"G. G. Dandekar Properties Limi",X,STK,68.45,68.45,64.3,64.3,64.3,67.45,8,866,56678,
505255,"GMM PFAUDLER LTD.",A,STK,850.1,863.6,831,860.9,863.6,874.7,663,19273,16466264,
505283,"KIRLOSKAR PNEUMATIC CO.LTD.",A,STK,1137.05,1137.05,1091.15,1108.8,1120,1157.25,361,5362,5964067,
505299,"KPT INDUSTRIES LIMITED",X,STK,520,520,495,507.95,507.95,533.6,205,3646,1863273,
505302,"LAKSHMI ENGINEERING AND WAREHO",X,STK,1773,1800,1773,1799.5,1800,1800,14,43,76941,
505320,"LYNX MACHINERY & COMMERCIALS L",XT,STK,169.9,169.9,169.9,169.9,169.9,178.8,1,10,1699,
505324,"MANUGRAPH INDIA LTD.",B,STK,14.15,14.35,13.4,14.19,14.35,14.24,37,5499,77572,
505336,"HARSHIL AGROTECH LIMITED",X,STK,0.38,0.38,0.36,0.36,0.36,0.38,1027,3603035,1314592,
505343,"MONOTYPE INDIA LTD.",X,STK,0.43,0.44,0.43,0.43,0.43,0.43,622,744461,323794,
505355,"NESCO LTD.",B,STK,1065.05,1082.95,1044.4,1070.4,1070.35,1086.1,349,3149,3333052,
505358,"INTEGRA ENGINEERING INDIA LTD.",X,STK,155,155,148,149.7,149.7,155.5,213,24118,3616198,
505368,"Semac Construction Limited",B,STK,236.95,236.95,202.1,202.1,202.1,223.2,2,2,439,
505400,"TEXMACO INFRASTRUCTURE & HOLDI",B,STK,90.07,90.09,86,90.02,90.02,90.07,27,16490,1481505,
505412,"WENDT (INDIA) LTD.",B,STK,6410.1,6436.65,6207,6286.4,6275.5,6538.3,246,1085,6841889,
505502,"PS IT INFRASTRUCTURE & SERVICE",X,STK,1.35,1.37,1.35,1.35,1.35,1.37,12,10527,14273,
505504,"GHV INFRA PROJECTS LIMITED",XT,STK,298.15,298.15,298.15,298.15,298.15,313.8,75,7493,2234037,
505509,"RESPONSIVE INDUSTRIES LTD.",B,STK,168.8,168.8,163.25,165.75,165.8,168.85,36,2151,355239,
505515,"SHYAMKAMAL INVESTMENTS LTD.",X,STK,12,13.71,11.7,11.95,12.18,12.35,29,5511,66459,
505523,"MAHARASHTRA CORPORATION LTD.",X,STK,0.33,0.33,0.31,0.32,0.32,0.33,402,897294,291286,
505526,"DOLAT ALGOTECH LIMITED",B,STK,73.57,75.83,73.57,75.5,75.65,75.93,114,6474,483734,
505533,"WESTLIFE FOODWORLD LIMITED",A,STK,478.95,478.95,464.65,468.95,471.15,491.75,239,2422,1143478,
505537,"ZEE ENTERTAINMENT ENTERPRISES",A,STK,79,81.6,78.55,79.94,79.94,81.82,2912,2023996,160432016,
505590,"SVP GLOBAL TEXTILES LIMITED",T,STK,2.75,2.75,2.74,2.74,2.74,2.79,11,1180,3234,
505650,"SKYLINE MILLARS LTD.",X,STK,17.79,19.75,16.23,17.26,17.26,16.8,121,14172,253779,
505681,"BIMETAL BEARINGS LTD.",X,STK,574.4,574.4,532,550.8,560,574.4,35,136,75164,
505685,"TAPARIA TOOLS LTD.",XT,STK,20.69,20.69,20.69,20.69,20.69,19.71,1,2,41,
505688,"BHARAT GEARS LTD.",B,STK,98.4,98.4,96,97.8,98.2,101.05,120,1677,163587,
505690,"BRADY & MORRIS ENGINEERING CO.",X,STK,711,740,701.1,730.5,725,759.45,71,334,239556,
505693,"La Tim Metal & Industries Limi",X,STK,9.25,10.4,9.25,9.94,9.95,10.19,93,13537,131370,
505700,"ELECON ENGINEERING CO.LTD.",A,STK,403.5,409.9,391.1,406.1,409.9,410.05,831,31371,12524624,
505710,"GRAUER & WEIL (INDIA) LTD.",B,STK,60.66,62.64,59.3,60.94,61,62.96,1704,264843,15964496,
505712,"HIM TEKNOFORGE LIMITED",X,STK,193,193,183,190.65,192,193.55,63,11472,2162015,
505714,"GABRIEL INDIA LTD.",A,STK,905,905,854,874.9,874.9,914.7,1730,33780,29445524,
505720,"Hercules Investments Limited",B,STK,122.5,122.5,116,116.7,116.7,122.05,311,18033,2143907,
505725,"ALGOQUANT FINTECH LIMITED",B,STK,59.99,60.71,58.25,60.38,60.21,60.48,569,226215,13447051,
505726,"IFB INDUSTRIES LTD.",B,STK,1055.05,1055.05,1029.05,1032.65,1031.1,1076.5,138,736,764506,
505729,"SINGER INDIA LTD.",X,STK,71.25,72.45,68.32,71.33,71.33,71.25,255,70539,4935358,
505737,"INTERNATIONAL COMBUSTION (INDI",X,STK,402,420,402,403.9,410,428.85,114,2675,1094055,
505744,"FEDERAL-MOGUL GOETZE (INDIA) L",B,STK,388.55,388.55,370.6,377,376.4,389.2,158,1421,535770,
505750,"JOSTS ENGINEERING CO.LTD.",X,STK,233.15,233.15,225.25,227.8,226.65,234.3,147,4702,1070786,
505790,"Schaeffler India Limited",A,STK,4250.35,4250.35,4130.1,4184.95,4204,4323.6,731,2089,8699287,
505800,"RANE HOLDINGS LTD.",B,STK,1188.6,1260.7,1175,1232.15,1219.25,1237.1,61,421,515593,
505827,"SNL BEARINGS LTD.",X,STK,369.95,369.95,351.05,362.55,364.55,365,20,80,28659,
505840,"JAIPAN INDUSTRIES LTD.",X,STK,25.14,25.3,23,23.36,24.49,25.79,49,1485,36123,
505850,"MANGAL CREDIT AND FINCORP LTD.",B,STK,165.7,170.1,161.35,169.15,167.3,164.55,106,8629,1423836,
505854,"TRF LTD.",B,STK,234.6,235.9,223.5,232.4,235.9,238.55,74,1415,322880,
505872,"WPIL LTD.",B,STK,381,390,376.25,377.8,377.8,389.05,777,45767,17494079,
505890,"KENNAMETAL INDIA LTD.",B,STK,2290,2290,2207,2224.9,2224.9,2315.4,226,2016,4483048,
505893,"HINDUSTAN HARDY LIMITED",X,STK,848,848,785,826,826,846.45,20,98,80006,
505978,"TRITON VALVES LTD.",X,STK,3227.2,3389,3170,3207.45,3207.45,3314.75,220,1792,5802785,
506003,"SUDAL INDUSTRIES LTD.",X,STK,51.89,51.89,48.81,48.81,48.81,51.37,32,1969,96960,
506022,"PRAKASH INDUSTRIES LTD.",B,STK,120.5,120.5,117,119.35,119.3,124.9,669,44524,5270020,
506074,"ARSHIYA LIMITED",Z,STK,1.47,1.47,1.47,1.47,1.47,1.48,4,5318,7817,
506076,"GRINDWELL NORTON LTD.",A,STK,1550.05,1550.05,1515,1521.3,1522.05,1567.8,207,1415,2158588,
506079,"LAKSHMI PRECISION SCREWS LTD.",Z,STK,5.31,5.31,5.31,5.31,5.31,5.58,2,270,1433,
506105,"STANROSE MAFATLAL INVESTMENTS",X,STK,64.49,64.49,64.49,64.49,64.49,63.39,2,21,1354,
506109,"GENESYS INTERNATIONAL CORPORAT",B,STK,264.5,272.65,259.2,271.15,271.15,271.95,827,46248,12273042,
506122,"Kairosoft AI Solutions Limited",XT,STK,47.25,47.25,45.27,46.64,47.07,47.25,22,727,33271,
506128,"PARNAX LAB LTD.",X,STK,131.3,131.3,121,128.6,126.1,129.7,29,3886,501200,
506134,"GOURMET GATEWAY INDIA LIMITED",X,STK,10.65,10.65,9.55,9.56,9.55,10.61,236,155439,1512794,
506146,"VISAGAR POLYTEX LTD.",B,STK,0.55,0.55,0.51,0.52,0.52,0.51,26,33827,17982,
506166,"APIS INDIA LTD.",XT,STK,60.47,61.9,57.45,57.71,58.5,60.47,285,15168,880176,
506180,"EMERGENT INDUSTRIAL SOLUTIONS",XT,STK,314.7,347.8,314.7,347.8,347.8,331.25,17,166,53041,
506184,"KANANI INDUSTRIES LTD.",B,STK,1.39,1.39,1.25,1.34,1.34,1.36,75,36150,47290,
506186,"GALAXY CLOUD KITCHENS LIMITED",X,STK,17.01,18.58,16.94,16.94,16.94,17.83,39,13553,234803,
506194,"ARIHANT SUPERSTRUCTURES LIMITE",B,STK,240,241.5,229.95,232.9,232.9,251.9,42,833,197547,
506197,"BLISS GVS PHARMA LTD.",B,STK,210,210.85,201.3,204.5,204.25,214,1062,52260,10722671,
506222,"Styrenix Performance Materials",A,STK,1844,1890,1820.8,1879.45,1878.05,1868.55,168,1171,2166392,
506235,"ALEMBIC LTD.",B,STK,86,86.12,84.31,85.21,85.17,87.16,343,25162,2138201,
506248,"AMINES & PLASTICIZERS LTD.",B,STK,152,152,150,150,150,152,41,881,132246,
506260,"ANUH PHARMA LTD.",B,STK,75,77.89,74,77.84,77.89,77.19,47,1642,122631,
506261,"MODISON LIMITED",B,STK,126.6,128.55,126.3,127.4,127.4,130.55,18,436,55459,
506285,"BAYER CROPSCIENCE LTD.",A,STK,4565,4565,4448.55,4465.15,4461.6,4601.45,463,1017,4560933,
506365,"STARSOURCE MULTITRADE LIMITED",X,STK,88.84,88.84,86,86.67,86,88.84,6,56,4964,
506373,"CITURGIA BIOCHEMICALS LTD.",B,STK,149.7,149.7,135.5,145.45,145.45,142.6,153,10618,1557916,
506390,"Sudarshan Colorants India Limi",B,STK,330,334.5,330,332,332,334.45,71,776,259118,
506395,"COROMANDEL INTERNATIONAL LTD.",A,STK,1999.75,2006.3,1949,1999.1,1999.1,2023.05,2287,12226,24169643,
506401,"DEEPAK NITRITE LTD.",A,STK,1490.15,1510.15,1459.2,1478.45,1491.9,1523.3,1154,70712,105665105,
506405,"DMCC SPECIALITY CHEMICALS LIMI",B,STK,215,225,210,225,225,221.95,104,1384,300168,
506414,"FERMENTA BIOTECH LIMITED",X,STK,323,337,312.2,332.4,332.4,325.4,288,23496,7634715,
506480,"GOCL Corporation Limited",B,STK,243.3,245,236,241.15,240,249.5,81,2389,577193,
506520,"JAYSHREE CHEMICALS LTD.",X,STK,6.3,6.3,5.3,5.99,6,6.14,194,64095,367517,
506525,"KANORIA CHEMICALS & INDUSTRIES",B,STK,66,66,60.31,62.34,62.59,66.25,21,7071,438785,
506528,"KELTECH ENERGIES LTD.",X,STK,3170,3172.95,3070.85,3110.8,3070.85,3174.1,86,339,1060201,
506532,"NITTA GELATIN INDIA LTD.",X,STK,789.65,798.7,780,785.35,782.3,815,145,2766,2172508,
506543,"M.P.AGRO INDUSTRIES LTD.",XT,STK,8.72,9.62,8.72,8.72,8.72,9.17,11,398,3493,
506579,"AG VENTURES LIMITED",B,STK,108.65,109.85,102.6,108.15,107.1,109.45,213,10415,1113588,
506590,"PCBL Chemical Limited",A,STK,272.35,277.95,266.25,268.7,268.7,280.95,2929,134821,36234575,
506597,"AMAL LTD.",X,STK,498,501,485.05,491.65,491.65,507.75,230,5012,2454954,
506605,"POLYCHEM LTD.",X,STK,1990,1990,1950,1950.05,1950,1990,3,3,5890,
506618,"PUNJAB CHEMICALS AND CROP PROT",B,STK,1040,1055,1024.4,1046.7,1055,1075,21,42,43589,
506640,"ZR2 BIOENERGY LIMITED",X,STK,140,140,127,138,138,136.8,5,376,49077,
506642,"SADHANA NITROCHEM LTD.",B,STK,1.55,1.6,1.55,1.55,1.55,1.63,284,1270232,1969126,
506655,"SUDARSHAN CHEMICAL INDUSTRIES",A,STK,812.05,812.05,780.55,794.8,797.95,814.1,164,1708,1351234,
506680,"TECIL CHEMICALS & HYDRO POWER",B,STK,13.3,13.3,12.45,12.45,12.45,13.35,6,695,8858,
506685,"ULTRAMARINE & PIGMENTS LTD.",B,STK,416,450,416,426.65,430,433.5,2839,39262,16798178,
506687,"TRANSPEK INDUSTRY LTD.",X,STK,936.7,936.7,864,910,900.2,918.8,262,3432,3106210,
506690,"UNICHEM LABORATORIES LTD.",B,STK,319,325.55,309.4,312.6,309.6,324.05,126,953,300615,
506734,"MYSORE PETRO CHEMICALS LTD.",X,STK,94.47,94.47,91,91,91,94,14,1610,149973,
506767,"ALKYL AMINES CHEMICALS LTD.",A,STK,1350.1,1369.95,1300,1306.7,1306.7,1384,708,4218,5608547,
506808,"TUTICORIN ALKALI CHEMICALS AND",X,STK,50.99,50.99,48.05,48.99,49.98,50.01,138,10337,505105,
506820,"ASTRAZENECA PHARMA INDIA LTD.",A,STK,8558.35,8700,8476.75,8672.75,8700,8740.1,204,420,3607523,
506852,"Primo Chemicals Limited",B,STK,17.96,18.09,16.6,17.45,17.45,18.03,99,10868,188340,
506854,"TANFAC INDUSTRIES LTD.",B,STK,1984.3,2050,1904.45,1985.75,1985.75,3968.6,737,6454,12836796,
506858,"GUJARAT PETROSYNTHESE LTD.",X,STK,59.99,60,59,59,59,60,6,1488,89265,
506863,"SWADESHI INDUSTRIES LEASING CO",XT,STK,107.2,107.2,107.2,107.2,107.2,109.35,46,9372,1004678,
506879,"GUJARAT THEMIS BIOSYN LTD.",B,STK,251.7,291.8,251.7,282.25,285.75,296.75,275,10461,2943587,
506906,"Saptak Chem And Business Limit",XT,STK,51.88,51.88,51.88,51.88,51.88,54.61,12,624,32373,
506919,"MAKERS LABORATORIES LTD.",X,STK,140,155,139,142.15,142.15,144,87,3886,567765,
506935,"CONTINENTAL CHEMICALS LTD.",X,STK,67.25,67.25,67.25,67.25,67.25,70.75,1,100,6725,
506943,"J.B.CHEMICALS & PHARMACEUTICAL",A,STK,2038.2,2075,2011.2,2069.9,2070.05,2051.2,246,1721,3518757,
506975,"RAJASTHAN PETRO SYNTHETICS LTD",P,STK,15.18,15.18,15.18,15.18,15.18,15.5,1,100,1518,
506979,"APT PACKAGING LTD.",X,STK,120,120,119,120,120,120,10,856,102542,
506981,"BLUE CHIP TEX INDUSTRIES LTD.",X,STK,135,135,120,131.7,132.95,122.65,41,1312,172461,
507155,"JAGATJIT INDUSTRIES LTD.",X,STK,145.95,147.65,136.05,143.9,144,146.05,349,21072,3009218,
507180,"KESAR ENTERPRISES LTD.",X,STK,4.89,4.99,4.65,4.94,4.99,4.65,113,28505,138196,
507205,"TILAKNAGAR INDUSTRIES LTD.",A,STK,444,444.2,427.3,438.6,438.6,449.9,973,22732,9908225,
507265,"Emerald Leisures Limited",X,STK,210,210,169,176.7,176.7,185,61,6452,1194102,
507315,"SAKTHI SUGARS LTD.",B,STK,15.5,16.76,15,15.5,15.5,16.33,1291,587169,9151035,
507410,"WALCHANDNAGAR INDUSTRIES LTD.",B,STK,162.3,162.3,156.55,160.85,161.2,165.8,778,41923,6658175,
507438,"IFB AGRO INDUSTRIES LTD.",B,STK,767.05,767.05,730.55,730.55,730.55,769,56,222,163511,
507474,"KOTHARI FERMENTATION & BIOCHEM",X,STK,38.16,38.16,36.01,36.04,36.07,38.06,49,2211,80729,
507486,"CAPROLACTAM CHEMICALS LTD.",XT,STK,65.54,65.54,65.54,65.54,65.54,68.98,2,55,3604,
507488,"G.M.BREWERIES LTD.",B,STK,971.85,971.85,951.75,966,965,994.45,312,2445,2350760,
507490,"RANA SUGARS LTD.",B,STK,11,12.7,11,11.96,11.95,11.4,287,41167,494974,
507498,"PICCADILY SUGAR & ALLIED INDUS",X,STK,34.9,36,33.15,34.98,35.02,34.72,73,4954,174149,
507514,"SOM DISTILLERIES & BREWERIES L",B,STK,78.99,78.99,75.05,75.59,75.79,79.15,838,68350,5183418,
507515,"C.J.GELATINE PRODUCTS LTD.",X,STK,15.52,17.14,15.52,17.14,17.14,16.33,4,33,517,
507526,"ASSOCIATED ALCOHOLS & BREWERIE",B,STK,751,769.45,737.3,744.55,744,765.2,186,1651,1233773,
507552,"FOODS & INNS LTD.",B,STK,53.2,53.2,50,51.29,51.29,52.8,130,5178,264026,
507580,"IVP LTD.",B,STK,129.8,129.8,129.8,129.8,129.8,127.1,2,25,3245,
507598,"KOVILPATTI LAKSHMI ROLLER FLOU",X,STK,101,104.95,101,102,102,105,5,238,24277,
507609,"OLYMPIC OIL INDUSTRIES LTD.",X,STK,28.68,31.68,28.68,31.68,31.68,30.18,19,137,4145,
507621,"MILKFOOD LTD.",X,STK,48.2,49.9,47.05,49.67,49.89,49.34,64,2731,132824,
507645,"POLSON LTD.",X,STK,11255,11746.95,11255,11695.45,11695.45,11261.7,4,47,551563,
507685,"WIPRO LTD.",A,STK,193.3,199.25,193.1,198.6,198.6,195.5,15615,826319,161792697,
507690,"ORIENT BEVERAGES LTD.",XT,STK,224.25,224.25,212.2,218.45,218.5,219.85,29,1133,243587,
507717,"DHANUKA AGRITECH LTD.",B,STK,965,977.8,952,961.05,970,986.25,298,4490,4324390,
507747,"TTK HEALTHCARE LTD.",B,STK,839,897.15,839,872.4,872.4,882.6,120,249,217641,
507753,"TGV SRAAC Limited",B,STK,83.1,83.79,81.5,82.14,82.65,84.97,1230,141641,11643808,
507759,"LIME CHEMICALS LTD.",X,STK,13.86,13.86,13.86,13.86,13.86,15.39,13,1638,22702,
507779,"KANPUR PLASTIPACK LTD.",B,STK,165,175,165,171.5,171.5,181.2,8,66,11276,
507785,"TAINWALA CHEMICALS & PLASTICS",B,STK,196.05,196.05,189,189,189,208.05,26,230,44628,
507789,"JAGSONPAL PHARMACEUTICALS LTD.",B,STK,169.9,170,162.65,169.7,170,174.15,124,2471,408069,
507794,"KHAITAN CHEMICALS & FERTILIZER",B,STK,53.55,53.55,50,51.46,51.89,53.48,147,7833,402863,
507808,"UNITED LEASING & INDUSTRIES LT",P,STK,46.24,46.24,46.24,46.24,46.24,44.24,1,100,4624,
507813,"NATIONAL OXYGEN LTD.",X,STK,68,68,65.2,65.32,67,66.44,28,2159,145379,
507815,"GILLETTE INDIA LTD.",A,STK,7960.35,8056,7850,8020.7,8008,8097.55,678,1533,12137616,
507817,"WIRES & FABRIKS (SA) LTD.",X,STK,148.5,148.5,148.5,148.5,148.5,156,1,2,297,
507828,"ANSAL HOUSING LIMITED",X,STK,6.99,7.01,6.53,6.63,6.71,6.99,176,75018,502110,
507833,"COMPUTER POINT LTD.",X,STK,4.08,4.08,3.79,3.87,4,4.1,32,8840,33837,
507836,"MAC CHARLES (INDIA) LTD.",X,STK,601,624.5,588.6,605.85,618.9,636.25,55,1611,964901,
507852,"ADDI INDUSTRIES LTD.",X,STK,98,98.05,93,97.95,97.95,102,45,1504,145969,
507864,"PIONEER INVESTCORP LTD.",XT,STK,88,93.5,84.94,88.15,93.5,89.41,34,4115,358276,
507872,"ASHNOOR TEXTILE MILLS LTD.",X,STK,41,41,38,40.1,40.1,42.5,29,1638,64967,
507878,"UNITECH LTD.",B,STK,4.82,4.84,4.6,4.67,4.65,4.83,497,889089,4143876,
507880,"V.I.P.INDUSTRIES LTD.",A,STK,361.35,361.35,343.9,354.1,353.45,366.5,354,9452,3326896,
507910,"FIBERWEB (INDIA) LTD.",T,STK,37.9,38.66,37.9,37.9,37.9,39.89,29,1026,39051,
507912,"LKP FINANCE LIMITED",X,STK,200,200,192,194.95,195,199.3,278,10770,2099613,
507917,"EAST BUILDTECH LTD.",X,STK,44,44,43,43,43,44,3,17,741,
507944,"BAJAJ STEEL INDUSTRIES LTD.",B,STK,400.5,401.55,380.25,389.75,389.75,402.6,998,30430,11852657,
507946,"KIDUJA INDIA LTD.",X,STK,16.25,16.25,16.25,16.25,16.25,15.75,3,436,7085,
507948,"KEY CORP LTD.",X,STK,71.2,71.2,67.45,67.55,71.17,71,41,1077,72855,
507960,"GUJARAT HOTELS LTD.",X,STK,193,193.65,178,187.85,187.85,184.15,26,274,50980,
507962,"FYNX CAPITAL LIMITED",XT,STK,6.06,6.06,6.06,6.06,6.06,6.18,37,6843,41468,
507966,"RAS RESORTS & APART HOTELS LTD",X,STK,40.8,47.05,39.15,39.85,39.86,41.45,60,2837,117271,
507970,"PARAMOUNT COSMETICS (INDIA) LT",X,STK,35.5,35.5,34.5,34.5,34.5,35,11,484,16890,
507981,"JINDAL HOTELS LTD.",X,STK,66.02,66.02,65,65.9,65.9,66.02,4,106,6891,
507984,"SER INDUSTRIES LTD.",XT,STK,725.05,725.05,725.05,725.05,725.05,732.35,1,15,10875,
507998,"SIMMONDS MARSHALL LTD.",X,STK,146,146,135.1,135.85,135.85,140.15,110,6051,824673,
508136,"B & A LTD.",X,STK,353.85,360,353.85,355.05,355,353.85,7,104,36921,
508486,"HAWKINS COOKERS LTD.",B,STK,7101.5,7197,7041,7179.2,7197,7161.35,188,747,5327967,
508494,"WARREN TEA LTD.",X,STK,39.19,39.19,37.3,37.71,37.3,39.12,36,2352,90515,
508571,"COCHIN MALABAR ESTATES & INDUS",X,STK,127,141,127,139.95,140,127,13,344,47109,
508664,"BEST EASTERN HOTELS LTD.",X,STK,11.69,11.73,11.25,11.52,11.59,11.74,23,927,10751,
508670,"NEELAMALAI AGRO INDUSTRIES LTD",X,STK,3200,3200,3165,3165,3165,3286,3,5,15930,
508807,"IST LTD.",B,STK,675,680,645,658.3,657.85,681.65,86,724,480510,
508814,"Cosmo First Limited",B,STK,671.35,675.65,667.85,669.85,667.95,699.85,149,3142,2111336,
508860,"DIAMANT INFRASTRUCTURE LIMITED",XT,STK,0.79,0.79,0.79,0.79,0.79,0.83,17,11694,9238,
508867,"NEW MARKETS ADVISORY LTD.",XT,STK,14.75,14.75,14.75,14.75,14.75,14.05,1,1,14,
508869,"APOLLO HOSPITALS ENTERPRISE LT",A,STK,7570.05,7809.1,7564.85,7781.35,7789.1,7722.95,2634,7716,59163010,
508875,"Nitin Castings Limited",X,STK,539.85,557.95,513.15,550.2,554.95,544.8,76,616,337123,
508905,"NEXOME CAPITAL MARKETS LIMITED",X,STK,84.6,84.6,73.02,77.97,74.55,77,57,964,75028,
508906,"EVEREST INDUSTRIES LTD.",B,STK,365.05,386.05,365.05,374.8,379.2,385,60,956,358657,
508918,"IRONWOOD EDUCATION LIMITED",X,STK,44,45.3,40.55,45.24,45.25,45.05,43,2948,127583,
508922,"MSR INDIA LTD.",XT,STK,6.97,6.97,6.97,6.97,6.97,6.84,79,109180,760984,
508929,"AVISHKAR INFRA REALTY LIMITED",X,STK,620.65,620.65,620.65,620.65,620.65,626.9,5,7,4344,
508933,"AYM Syntex Limited",B,STK,198.4,198.4,186.65,193,193,199.65,223,11932,2291361,
508941,"PANASONIC CARBON INDIA CO.LTD.",X,STK,445.4,454.4,441.3,444.4,441.3,453.05,94,1292,577987,
508954,"FINKURVE FINANCIAL SERVICES LT",B,STK,62,66,60.15,60.86,61.2,64.7,197,20226,1282032,
508956,"HB LEASING & FINANCE CO.LTD.",X,STK,13.38,13.39,12.3,12.3,12.3,12.56,7,1033,13069,
508961,"SHRICON INDUSTRIES LTD.",XT,STK,200.45,200.45,200.15,200.15,200.15,190.95,5,46,9207,
508969,"SULABH ENGINEERS & SERVICES LT",X,STK,2.31,2.31,2.16,2.28,2.19,2.31,64,11518,26481,
508980,"FRONTIER CAPITAL LIMITED",XT,STK,9.1,9.1,8.46,8.8,8.8,8.9,27,16871,143295,
508989,"NAVNEET EDUCATION LIMITED",B,STK,137,138.15,135,137.85,137.85,139.5,152,1289151,176041297,
509009,"AUSOM ENTERPRISE LIMITED",T,STK,95.1,101.8,95.1,96.08,101.7,99.91,34,2176,209517,
509015,"THAKRAL SERVICES (INDIA) LTD.",XT,STK,14,14.16,13.88,13.88,13.88,13.88,7,116,1614,
509020,"RUCHI INFRASTRUCTURE LTD.",B,STK,5.51,5.74,5.42,5.59,5.59,5.8,60,8546,47349,
509024,"GOLDEN LEGAND LEASING & FINANC",X,STK,10.12,10.7,10,10.1,10.1,9.88,86,8544,87646,
509026,"VJTF EDUSERVICES LTD.",X,STK,92,92,92,92,92,92.6,1,10,920,
509038,"VOLTAIRE LEASING & FINANCE LTD",X,STK,11.68,11.68,11.68,11.68,11.68,11.91,3,1001,11691,
509040,"NETLINK SOLUTIONS (INDIA) LTD.",XT,STK,193.45,193.45,184.05,184.05,184.05,193.45,13,158,29107,
509046,"TRILIANCE POLYMERS LIMITED",XT,STK,26.65,27.98,25.32,25.59,25.32,26.65,13,5864,150082,
509048,"LANCOR HOLDINGS LTD.",T,STK,23,23,22.71,22.71,22.71,23.9,12,425,9652,
509051,"INDIAN INFOTECH & SOFTWARE LTD",X,STK,0.63,0.64,0.61,0.61,0.61,0.63,1091,3211797,1994120,
509053,"BANAS FINANCE LTD.",X,STK,6.58,6.58,6.07,6.24,6.29,6.32,96,25674,159580,
509055,"VISAKA INDUSTRIES LTD.",B,STK,59,59.17,57.1,58.01,58.9,59.58,276,24296,1391758,
509069,"INFOMEDIA PRESS LTD.",B,STK,5.07,5.39,4.7,5.34,5.34,5.07,20,5539,28848,
509073,"HATHWAY BHAWANI CABLETEL & DAT",X,STK,10.7,12.5,10.2,11.54,10.59,10.56,47,10636,121733,
509079,"GUFIC BIOSCIENCES LTD.",B,STK,278,304.2,270.25,276.85,276.85,279.25,171,3496,966812,
509084,"PHOTON CAPITAL ADVISORS LTD.",XT,STK,120.3,120.3,120.3,120.3,120.3,120.3,5,296,35608,
509152,"GRP LTD.",B,STK,1746.7,1762.8,1696.05,1762.8,1762.8,1806.7,19,104,180785,
509162,"INDAG RUBBER LTD.",X,STK,92.98,96.99,87,89.17,89.02,93.41,154,7573,682083,
509196,"MM RUBBER COMPANY LTD.",X,STK,63,64.4,62.5,62.7,62.7,65.11,14,664,41733,
509220,"PTL ENTERPRISES LTD.",B,STK,38.26,38.26,36.95,37.11,36.96,38.2,188,15978,592990,
509243,"TVS SRICHAKRA LTD.",B,STK,3700,3784,3444.4,3508.9,3508.9,3702.45,112,350,1238169,
509423,"SANATHNAGAR ENTERPRISES LIMITE",X,STK,37.99,37.99,37.99,37.99,37.99,39.98,3,12,455,
509438,"BENARES HOTELS LTD.",B,STK,9301.15,9560.05,9301,9503.15,9503,9511.1,250,668,6335550,
509449,"BHAGWATI OXYGEN LTD.",X,STK,39.97,39.97,39.97,39.97,39.97,39.98,2,14,559,
509470,"BOMBAY OXYGEN INVESTMENTS LIMI",X,STK,19200,19412,18800,19408,19408,19413,8,8,153643,
509472,"CRAVATEX LTD.",X,STK,345.1,363.8,322.05,347.85,347.85,373,65,1930,655159,
509480,"BERGER PAINTS INDIA LTD.",A,STK,425.35,442.6,421.4,434.3,434.35,442.65,5639,94648,40417241,
509486,"CAPRIHANS INDIA LTD.",X,STK,67.21,70.73,65.33,66.94,67.03,68.01,49,6884,459450,
509488,"GRAPHITE INDIA LTD.",A,STK,660.15,661,623.7,628.15,628.15,664.85,1867,78508,49784975,
509496,"Cemindia Projects Limited",A,STK,566.25,566.25,541.05,547,548,566.25,2043,33806,18472888,
509525,"EMPIRE INDUSTRIES LTD.",X,STK,843,870,843,859.35,860,873.1,93,1220,1045754,
509546,"GRAVISS HOSPITALITY LTD.",X,STK,28.44,32.9,28,30,30,28,65,6819,203987,
509557,"GARWARE TECHNICAL FIBRES LIMIT",A,STK,608,623.4,593.55,621.05,623.4,617.95,294,2466,1511300,
509563,"GARWARE MARINE INDUSTRIES LTD.",X,STK,28.5,31.64,28,31.64,31.64,26.37,1033,288496,8991599,
509567,"GOA CARBON LTD.",B,STK,325,330.45,317.7,322.2,326.8,333.05,127,2654,852167,
509597,"HARDCASTLE & WAUD MFG.CO.LTD.",X,STK,700,707.85,681.85,707.45,707.45,712.7,9,36,25137,
509631,"HEG LTD.",A,STK,525.15,528.95,506.7,511.9,515.7,535.8,2520,76824,39470539,
509635,"HINDUSTAN COMPOSITES LTD.",B,STK,402,403.5,396.25,396.25,396.25,410.15,15,149,59758,
509675,"BIRLANU LIMITED",B,STK,1438.55,1438.55,1386.6,1393.8,1393,1447.85,103,616,867168,
509692,"INDIAN CARD CLOTHING CO.LTD.",B,STK,197.25,197.85,193.95,196,196,204.2,16,184,35938,
509709,"INTERNATIONAL CONVEYORS LTD.",B,STK,72,73.99,71.49,73.52,72.35,73.09,78,3475,252133,
509715,"JAY SHREE TEA & INDUSTRIES LTD",B,STK,81.9,81.9,74.05,74.69,74.05,75.46,99,3028,227680,
509732,"KOTHARI INDUSTRIAL CORPORATION",B,STK,163.55,170.75,163.55,168.75,170.35,169.15,128,4574,766262,
509760,"MODERN SHARES & STOCKBROKERS L",X,STK,27.98,27.98,26,26.01,26.01,27.3,13,272,7270,
509762,"MAPRO INDUSTRIES LTD.",XT,STK,51.2,51.2,50.4,50.4,50.4,51.4,4,250,12715,
509820,"HUHTAMAKI INDIA LIMITED",B,STK,169,170.1,164.1,167.35,169.05,172.1,158,10092,1688270,
509835,"PREMIER SYNTHETICS LTD.",X,STK,14,14.99,12.55,14.35,14.35,13.95,79,18725,256103,
509874,"SHALIMAR PAINTS LTD.",B,STK,51.5,52.74,50.32,50.66,50.61,52.82,95,6369,326853,
509895,"HINDOOSTAN MILLS LTD.",X,STK,167,167,154,160,160,165,29,244,38040,
509930,"SUPREME INDUSTRIES LTD.",A,STK,3900,3981.95,3782,3816.1,3812.45,3950.75,3108,13712,52641096,
509945,"THACKER & CO.LTD.",X,STK,887,960,861,873.65,899,910,26,122,108533,
509953,"TRADE WINGS LTD.",XT,STK,664.5,664.5,664.5,664.5,664.5,678.05,4,9,5980,
509960,"U.P.HOTELS LTD.",X,STK,1425.05,1455,1425,1455,1455,1439.7,4,21,29955,
509966,"VST INDUSTRIES LTD.",B,STK,221.9,221.9,215.1,219.4,218.75,222.25,798,27364,5954856,
510245,"SWASTI VINAYAKA SYNTHETICS LTD",X,STK,3.49,3.55,3.3,3.51,3.55,3.49,115,30860,105974,
511000,"MADHUSUDAN SECURITIES LTD.",X,STK,18.5,20.35,18.5,19.5,19.5,19.84,26,5262,101463,
511012,"YAMINI INVESTMENTS COMPANY LTD",XT,STK,0.71,0.71,0.68,0.69,0.69,0.71,591,478628,327302,
511018,"MILGREY FINANCE & INVESTMENT L",X,STK,62.73,62.73,57.01,57.66,57.99,60.03,217,65167,3764828,
511034,"JINDAL DRILLING & INDUSTRIES L",B,STK,551.05,599.8,542.3,566.4,576.1,542.05,62336,3052575,1732572811,
511066,"SAKTHI FINANCE LTD.",X,STK,22.69,22.69,21.45,21.7,21.45,22.05,175,14032,305986,
511076,"AEROFLEX ENTERPRISES LIMITED",B,STK,72.3,73,69.47,70.27,70.05,74.15,189,20366,1439614,
511092,"JMD Ventures Limited",X,STK,5.99,5.99,5.88,5.88,5.88,5.99,21,918,5432,
511108,"SHIVA TEXYARN LTD.",B,STK,144.2,150,144.2,150,150,155.75,4,5,738,
511110,"V.B.DESAI FINANCIAL SERVICES L",X,STK,16.1,17.5,15.7,15.99,16.23,16.92,31,5915,100608,
511116,"QUADRANT TELEVENTURES LIMITED",XT,STK,0.36,0.36,0.36,0.36,0.36,0.37,56,454439,163598,
511122,"FIRST CUSTODIAN FUND (INDIA) L",X,STK,79,79,75.9,77.9,77.9,82,10,67,5128,
511131,"KAMANWALA HOUSING CONSTRUCTION",X,STK,15.3,16.5,14.5,15.84,16.5,16.01,59,16143,243272,
511144,"AXIS SOLUTIONS LIMITED",XT,STK,179.25,179.25,179.25,179.25,179.25,170.75,28,3769,675593,
511147,"WSFX Global Pay Limited",X,STK,56.2,63.98,56,58.54,58.45,58.93,25,1679,94478,
511153,"Anjani Foods Limited",X,STK,18,18.25,17.25,17.85,17.85,17.53,16,339,6055,
511169,"RKD AGRI AND RETAIL LIMITED",X,STK,4.52,4.52,4.28,4.28,4.28,4.5,3,5000,21402,
511176,"PARSHWANATH CORPORATION LTD.",X,STK,95.51,95.51,90,90,90,90.97,5,23,2075,
511187,"Millennium Online Solutions (I",X,STK,1.5,1.5,1.45,1.5,1.5,1.49,10,426,637,
511194,"ICDS LTD.",B,STK,38.75,38.75,38.75,38.75,38.75,38.75,1,1,38,
511196,"CAN FIN HOMES LTD.",A,STK,807.6,823.95,785.05,813.5,820.1,828.15,1862,15978,12773673,
511208,"IL&FS INVESTMENT MANAGERS LTD.",B,STK,7.02,7.1,6.97,6.98,6.98,7.17,293,74748,523854,
511218,"Shriram Finance Limited",A,STK,968.7,993.4,934.25,987.15,987.15,1006.65,11864,261382,251925755,
511243,"CHOLAMANDALAM INVESTMENT AND F",A,STK,1574.05,1588.9,1470.05,1583.15,1588.7,1625.5,3971,45633,70646751,
511246,"BOMBAY TALKIES LIMITED",X,STK,5.46,5.46,4.48,4.48,4.48,4.97,17,2171,9825,
511260,"ICONIK SPORTS AND EVENTS LIMIT",X,STK,48.36,49.69,46.37,47.8,47.66,47.41,69,66876,3182865,
511333,"VLS FINANCE LTD.",B,STK,230,233.8,230,233,233,238,28,1045,240675,
511355,"INDIA CEMENTS CAPITAL LTD.",X,STK,11.9,12,11.51,12,12,12.14,16,874,10385,
511359,"AD-MANUM FINANCE LTD.",X,STK,50.36,53,48.9,50.1,50.1,50.36,9,3551,177597,
511401,"MUNOTH COMMUNICATION LIMITED",X,STK,6.84,7.2,6.84,7.2,7.2,7.2,2,13,89,
511411,"SHRISTI INFRASTRUCTURE DEVELOP",X,STK,29,29,26.01,28.5,28.5,29,14,776,20584,
511413,CREST,B,STK,331.9,359,327.05,350.55,327.15,330.95,23,252,86834,
511431,"VAKRANGEE LIMITED",B,STK,6.04,6.04,5.73,5.78,5.79,6.05,850,308251,1795198,
511441,"GUJARAT CREDIT CORPORATION LTD",X,STK,29.43,30.97,29.43,30.97,30.97,30.97,11,281,8625,
511447,"Sylph Industries Limited",X,STK,0.79,0.8,0.79,0.8,0.8,0.78,6496,46090278,36634634,
511451,"DHARANI FINANCE LTD.",X,STK,9,9.04,9,9.04,9.04,9.01,7,1224,11024,
511463,"Alexander Stamps And Coin Limi",X,STK,9.3,9.4,9.3,9.4,9.4,9.4,15,4773,44507,
511473,"INDBANK MERCHANT BANKING SERVI",B,STK,33,33,31.61,31.76,31.61,33.49,78,5850,187893,
511493,"SHRYDUS INDUSTRIES LIMITED",X,STK,3.26,3.26,2.97,3.1,3.12,3.2,56,15454,47793,
511501,"Bharat Bhushan Finance & Commo",X,STK,23.8,23.8,21.1,22.01,21.75,22.65,68,1659,36231,
511505,"CAPITAL TRUST LTD.",T,STK,12.34,12.34,11.47,12.23,12.23,12.07,13,1328,15553,
511507,"USHAKIRAN FINANCE LTD.",X,STK,57.12,57.12,53.2,53.2,53.2,56,4,144,7833,
511509,"VIVO BIO TECH LTD.",X,STK,26.42,26.42,25.3,25.8,26,25.93,160,20869,533492,
511523,"VEERHEALTH CARE LIMITED",X,STK,19.32,20.09,19.15,19.75,19.75,19.94,153,63931,1264143,
511525,"PAN INDIA CORPORATION LTD.",X,STK,1.56,1.56,1.5,1.53,1.53,1.57,188,53385,81892,
511533,"SAHARA HOUSINGFINA CORPORATION",X,STK,38,38,37,37.5,37.5,39,7,202,7634,
511535,"NDA SECURITIES LTD.",XT,STK,34.6,35.98,34.6,35.88,35.88,34.6,14,706,25332,
511539,"Supra Trends Limited",XT,STK,15.45,15.45,14.1,14.72,14.88,14.75,8,382,5663,
511543,"GSB FINANCE LTD.",X,STK,39.7,39.7,33.01,33.01,33.01,36.19,8,211,7664,
511549,"MORARKA FINANCE LTD.",X,STK,52.7,57.49,52.7,56.35,57.49,56.1,18,179,9983,
511551,"Monarch Networth Capital Limit",B,STK,255,255,243,250.7,253.5,258.9,167,1897,473313,
511557,"PRO FIN CAPITAL SERVICES LTD.",X,STK,3.83,4,3.75,3.91,3.88,3.91,789,4434066,17405137,
511559,"TEAM INDIA GUARANTY LIMITED",B,STK,251,269,250,262.1,267.85,270.05,39,2741,686170,
511563,"SANCHAY FINVEST LTD.",Z,STK,40.6,40.6,37.91,37.91,37.91,39.8,7,131,5071,
511571,"Crescentis Capital Limited",X,STK,109.25,117.8,109.25,111.25,111.25,117.95,17,1287,144627,
511577,"Mantra Capital Limited",X,STK,14.51,14.95,14.51,14.95,14.95,15.03,2,300,4441,
511585,"BEFOUND MOVEMENT LIMITED",X,STK,3.02,3.02,2.96,2.96,2.96,3.02,5,98,290,
511589,"AVONMORE CAPITAL & MANAGEMENT",B,STK,14.13,14.18,13.22,13.69,14,14.13,63,5864,80184,
511593,"LIBORD FINANCE LTD",X,STK,16.35,17.84,16.15,17.82,17.82,17,10,555,9012,
511601,"YASH MANAGEMENT & SATELLITE LT",X,STK,8.31,8.5,7.75,8.24,8.24,8.4,13,7196,56500,
511605,"ARIHANT CAPITAL MARKETS LTD.",B,STK,71.99,72,70.57,71.18,71,74.06,105,6934,493516,
511609,"ISL CONSULTING LTD.",X,STK,29.35,29.5,27,29.37,29.37,29.6,9,10109,296951,
511611,"DCM FINANCIAL SERVICES LTD.",B,STK,4.05,4.33,3.82,3.93,3.93,4.2,8,248,981,
511626,"RR FINANCIAL CONSULTANTS LTD.",X,STK,85,85,77.32,80.7,80.69,81.38,37,2472,192683,
511628,"FEDDERS HOLDING LIMITED",X,STK,41.5,42.25,40.25,40.88,40.95,42.84,308,85991,3541027,
511630,"SAMBHAAV MEDIA LTD.",B,STK,7.03,7.03,6.63,6.63,6.63,6.97,15,721,4845,
511634,"AXENTRA CORP LIMITED",XT,STK,360.9,360.9,357.3,357.3,357.3,360.9,3,7,2511,
511636,"DJS STOCK & SHARES LTD.",X,STK,2.11,2.23,2.11,2.16,2.16,2.23,76,26189,57132,
511644,"OMEGA INTERACTIVE TECHNOLOGIES",XT,STK,63,65.49,62.95,62.95,62.95,66.26,114,26288,1656815,
511654,"SUGAL & DAMANI SHARE BROKERS L",X,STK,53.1,64.89,52,61.01,61,57.33,41,3812,223387,
511658,"NETTLINX LTD.",X,STK,17.93,17.93,16.89,17.35,17.4,17.97,66,19076,325970,
511660,"PREMIUM CAPITAL MARKET & INVES",XT,STK,7.87,7.87,7.87,7.87,7.87,7.87,3,400,3148,
511664,"BGIL FILMS & TECHNOLOGIES LTD.",X,STK,11.25,11.35,10.83,10.92,10.83,11.39,100,14870,162293,
511672,"Scan Steels Limited",X,STK,29.99,29.99,27.99,28.2,28.3,29.94,198,67753,1916234,
511676,"GIC HOUSING FINANCE LTD.",B,STK,148.9,148.9,145.25,147.45,146,150.85,65,2238,328171,
511692,"AJCON GLOBAL SERVICES LTD.",X,STK,6.87,6.87,5.83,6.24,6.25,6.45,32,2291,14229,
511696,"CHARTERED CAPITAL & INVESTMENT",X,STK,263,274.95,250.5,273.95,273.95,263,11,92,24486,
511700,"STANDARD CAPITAL MARKETS LTD.",X,STK,0.48,0.52,0.46,0.52,0.52,0.48,1459,26247685,13510585,
511702,"YOGI LIMITED",X,STK,173.95,173.95,158.8,166.85,166.8,171.7,24,681,109735,
511710,"CUBICAL FINANCIAL SERVICES LTD",X,STK,2.01,2.09,1.93,2.03,2.09,2.02,55,23359,45954,
511712,"RELIC TECHNOLOGIES LTD.",X,STK,65,70.41,65,70,70,64.01,11,181,12576,
511714,"NIMBUS PROJECTS LTD.",X,STK,187,193,186.35,192.35,192.95,196.15,45,10487,2015806,
511716,"Invigorated Business Consultin",X,STK,5.65,5.65,5.01,5.11,5.1,5.5,24,4112,21291,
511724,"BAID FINSERV LIMITED",B,STK,10.31,11.16,10.31,11.01,11.05,11.07,58,7187,77604,
511726,"VIPUL LTD.",T,STK,12.53,12.53,12.53,12.53,12.53,12.78,9,25352,317660,
511728,"K.Z.LEASING & FINANCE LTD.",X,STK,16.66,17.85,16.2,17.85,17.85,17,5,15,253,
511730,"Avasara Finance Limited",XT,STK,16.31,16.31,16.31,16.31,16.31,16.31,1,1044,17027,
511738,"MEHTA SECURITIES LTD.",XT,STK,36,36,36,36,36,36,1,100,3600,
511740,"RUPAREL FOOD PRODUCTS LIMITED",X,STK,156,156,142,142,142,149,3,25,3739,
511742,"UGRO CAPITAL LIMITED",B,STK,104.4,104.4,100,100.15,100.15,105.5,332,19673,1986602,
511754,"SHALIBHADRA FINANCE LTD.",X,STK,94.94,94.94,90.3,94,92,94.7,62,6292,588211,
511756,"ABIRAMI FINANCIAL SERVICES (IN",Z,STK,32.87,32.87,32,32.84,32.01,32.78,29,1278,41957,
511758,"MANSI FINANCE (CHENNAI) LTD.",X,STK,70.6,70.6,66,66,66,70.6,9,636,42051,
511764,"Aastamangalam Finance Limited",X,STK,34.5,34.5,31.25,32.98,33.46,33.73,24,5077,167376,
511766,"MUTHOOT CAPITAL SERVICES LTD.",B,STK,209,231.05,187.15,191.75,193.7,206.3,172,3680,712575,
511768,"MASTER TRUST LTD.",B,STK,81.1,84.1,75,78.9,79.07,83.13,95,8097,642396,
512008,"EFC (I) LIMITED",B,STK,225,231.1,221,224.75,225.05,233.15,660,31031,7041758,
512014,"SOBHAGYA MERCHANTILE LTD.",X,STK,732.3,732.3,696,700.3,697,732.3,44,676,475992,
512018,"TOMORROW TECHNOLOGIES GLOBAL I",X,STK,9.94,9.94,8.37,9.59,9.65,9.15,101,101518,945235,
512020,"SARASWATI COMMERCIAL (INDIA) L",B,STK,10300,10300,9500,9948.75,10000,9850,61,89,888806,
512024,"N.D.METAL INDUSTRIES LTD.",XT,STK,85.37,85.37,85.37,85.37,85.37,89.86,3,12,1024,
512025,"BANGANGA PAPER INDUSTRIES LIMI",X,STK,40,40,38,38.69,38.69,40.92,178,25751,995248,
512036,"SKYBIOTECH HEALTHCARE LIMITED",X,STK,144.95,150,144.95,148.75,150,144.95,2,4,594,
512038,"TCC CONCEPT LIMITED",B,STK,407.2,408.15,401,403.1,401,411.15,118,1412,571251,
512047,"ROYAL INDIA CORPORATION LIMITE",X,STK,3.5,3.57,3.25,3.57,3.57,3.4,427,722983,2537693,
512048,"DHANSAFAL FINSERVE LIMITED",X,STK,3.1,3.1,2.85,2.91,2.93,3.1,150,297032,869534,
512062,"SANMITRA COMMERCIAL LTD.",XT,STK,40.84,40.84,40.84,40.84,40.84,38.9,1,75,3063,
512065,"MRUGESH TRADING LTD.",XT,STK,13.6,13.6,13.6,13.6,13.6,13.34,1,129,1754,
512068,"DECCAN GOLD MINES LTD.",B,STK,106.3,107,100.3,101.55,101.55,108.5,4334,610134,62880666,
512070,"UPL LIMITED",A,STK,609.95,627.1,607,624.75,624.3,628.2,2026,38128,23440488,
512093,"CRANES SOFTWARE INTERNATIONAL",Z,STK,4.2,4.49,4.12,4.15,4.12,4.33,62,43870,184663,
512097,"SAIANAND COMMERCIAL LIMITED",X,STK,0.27,0.28,0.27,0.28,0.28,0.28,81,169997,47288,
512099,"EYANTRA VENTURES LIMITED",XT,STK,991,1001.9,991,1001.9,1001.9,1001.9,2,2,1992,
512103,"NIDHI GRANITES LTD.",X,STK,304,304,279.95,280,280,278,12,374,107040,
512109,"AVIVA INDUSTRIES LTD.",XT,STK,59.47,59.47,59.47,59.47,59.47,59.47,2,2200,130834,
512115,"ROSE MERC.LTD.",X,STK,59.1,66,59.1,65.82,65,63.79,40,4305,281496,
512131,"SIGNET INDUSTRIES LIMITED",B,STK,44.79,45.95,43,44.85,44.5,45.7,150,2180,96647,
512149,"AVANCE TECHNOLOGIES LTD.",XT,STK,1.05,1.08,1.05,1.05,1.05,1.1,3278,6305045,6631829,
512161,"SECUREKLOUD TECHNOLOGIES LIMIT",B,STK,20.5,21.19,19.95,20.1,20.6,21.39,130,10971,224037,
512165,"ABANS ENTERPRISES LTD",X,STK,24.8,24.8,22,22.02,22.02,23.25,52,3589,83699,
512169,"CAPRICORN SYSTEMS GLOBAL SOLUT",XT,STK,11.43,11.43,11,11.16,11.16,10.9,71,25270,283683,
512175,"VAMA INDUSTRIES LTD.",X,STK,3.92,4.09,3.72,3.93,3.98,3.93,43,8172,31997,
512179,"SUNTECK REALTY LTD.",A,STK,369,369,344.3,352.05,352.05,376,810,15980,5632202,
512197,"SILVER OAK COMMERCIAL LTD.",Z,STK,3.86,3.86,3.77,3.77,3.77,3.96,29,2110,8070,
512217,"PRISM MEDICO AND PHARMACY LTD.",X,STK,24.38,24.38,22.48,22.48,22.48,23.66,86,46003,1035752,
512229,"VERITAS (INDIA) LTD.",XT,STK,166,166,164.45,164.45,164.45,167.8,46,4087,672578,
512237,"JAI CORP LTD.",B,STK,96.2,98.1,94.15,96.45,96.45,99.75,641,32310,3096770,
512247,"ASHIRWAD CAPITAL LTD.",X,STK,2.41,2.5,2.4,2.41,2.41,2.52,322,93459,225609,
512257,"SWASTI VINAYAKA ART AND HERITA",X,STK,3.6,3.63,3.5,3.53,3.53,3.67,91,11496,41135,
512267,"MEDIA MATRIX WORLDWIDE LTD.",B,STK,10.5,10.9,9.57,9.92,9.94,10.95,274,108954,1094939,
512277,"AUTORIDERS INTERNATIONAL LTD.",XT,STK,418,418,397.1,397.1,397.1,418,59,684,271908,
512296,"BHAGYANAGAR INDIA LTD.",B,STK,158,158.45,151,156.2,155.5,160.5,305,11860,1833963,
512297,"Shantai Industries Limited",XT,STK,43.05,43.05,43.05,43.05,43.05,42.21,14,5977,257309,
512301,"CHAMBAL BREWERIES & DISTILLERI",XT,STK,24.76,24.76,23,24.76,24.76,23.59,109,21402,526523,
512329,"SG MART LIMITED",B,STK,431.9,454.85,421,447.45,453.45,446.6,687,20453,8991613,
512344,"ARAVALI SECURITIES & FINANCE L",XT,STK,5.86,5.86,5.6,5.6,5.6,5.59,19,6768,39660,
512345,"YASH TRADING & FINANCE LTD.",XT,STK,197.6,207.9,197.6,207.9,207.9,207.9,6,38,7889,
512361,"CUPID BREWERIES AND DISTILLERI",X,STK,29.2,30.94,28.26,29.41,29.3,29.47,299,69830,2044993,
512379,"CRESSANDA RAILWAY SOLUTIONS LI",X,STK,2.5,2.55,2.4,2.44,2.47,2.52,842,561571,1380665,
512381,"STARTECK FINANCE LIMITED",B,STK,269,269,257.5,258.6,257.5,268,17,2543,673930,
512393,"SHARDUL SECURITIES LTD.",X,STK,25.43,30,25.43,27,27,27.97,37,6473,174442,
512399,"SERA INVESTMENTS & FINANCE IND",X,STK,35,36,34.36,34.77,35,35.03,51,5271,183184,
512405,"I-POWER SOLUTIONS INDIA LTD.",XT,STK,23.42,23.42,22.25,22.25,22.25,23.42,17,19612,449953,
512415,"MERCURY TRADE LINKS LTD.",X,STK,6,6.1,5.86,5.87,5.86,6.14,109,70330,415739,
512437,"APOLLO FINVEST (INDIA) LTD.",X,STK,398,398,355,361.75,361.75,400,100,1788,661822,
512441,"Enbee Trade &amp; Finance Ltd",X,STK,0.45,0.45,0.42,0.43,0.43,0.45,498,2396483,1027907,
512443,"Ganon Products Limited",X,STK,13.9,14.5,13.9,14.45,14.5,13.91,82,174215,2510851,
512453,"SHRI JAGDAMBA POLYMERS LTD.",X,STK,599.95,600.05,582,600,600,592.3,48,2548,1507180,
512455,"LLOYDS METALS AND ENERGY LTD.",A,STK,1165,1169,1130,1162.7,1160.5,1183.2,1537,24867,28665581,
512463,"LLOYDS ENTERPRISES LIMITED",A,STK,46.99,47.48,44.97,47.02,47.48,47.59,1115,276175,12777370,
512477,"BETEX INDIA LTD.",XT,STK,370,370,370,370,370,357.5,1,1,370,
512481,"POLYTEX INDIA LTD.",XT,STK,6.21,6.21,6.21,6.21,6.21,5.92,43,19082,118499,
512485,"DHANLAXMI COTEX LTD.",X,STK,81.43,85.5,77.37,77.37,77.37,81.43,4,23,1872,
512489,"OASIS SECURITIES LTD.",X,STK,14.38,14.38,13.02,13.79,13.79,13.7,43,16603,221821,
512493,"GARNET INTERNATIONAL LTD.",XT,STK,61.9,62.5,60.02,61.78,61.8,61.79,104,3097,190326,
512499,"SHALIMAR PRODUCTIONS LTD.",X,STK,0.49,0.49,0.49,0.49,0.49,0.49,115,95103,46600,
512519,"DONEAR INDUSTRIES LTD.",B,STK,86,88,85.88,87.85,87.85,91,18,700,60428,
512527,"SUPER SALES INDIA LTD.",X,STK,640,649,621.5,631,649,640.9,36,1008,636497,
512529,"VIYASH SCIENTIFIC LIMITED",B,STK,198.85,198.85,190,190.8,190.85,203,753,23769,4570534,
512531,"STATE TRADING CORPORATION OF I",B,STK,109.85,111,106.5,107.1,106.55,109.85,94,3700,397929,
512559,"KOHINOOR FOODS LTD.",B,STK,26.48,26.9,24.32,24.61,24.8,25.75,242,7816,196997,
512565,"NEELKANTH LIMITED",XT,STK,52.17,57,52.17,52.17,52.17,54.91,17,6100,318709,
512573,"AVANTI FEEDS LTD.",A,STK,1130.15,1180,1113.7,1161.8,1160.25,1166.3,3437,74591,85727052,
512587,"ZODIAC-JRD-MKJ LTD.",X,STK,36,36,31,31.68,32,35.03,158,20980,699535,
512589,"SITA ENTERPRISES LTD.",X,STK,171.9,171.9,155.55,165.95,166.25,161.75,142,5966,995264,
512591,"PULSAR INTERNATIONAL LTD.",XT,STK,0.83,0.83,0.83,0.83,0.83,0.87,447,594306,493273,
512595,"Manbro Industries Limited",XT,STK,754,791,753.5,771,771,754.95,8,78,60998,
512597,"KEYNOTE FINANCIAL SERVICES LIM",B,STK,263.1,268.85,263.1,263.1,263.1,263.1,3,37,9786,
512599,"ADANI ENTERPRISES LTD.",A,STK,1990,2005.85,1941.5,1999.65,1999.65,2038.8,6062,66158,130461287,
512600,"ASTAL LABORATORIES LIMITED",X,STK,84,84,73.31,76,76,77.19,145,16398,1246334,
512604,"HARIA EXPORTS LTD.",X,STK,7.55,7.55,7.16,7.34,7.34,7.55,7,1578,11455,
512608,"BHANDARI HOSIERY EXPORTS LTD.",B,STK,2.6,2.65,2.53,2.56,2.53,2.69,465,204026,524561,
512618,"RLF LTD.",X,STK,10.1,11.85,10.1,11.85,11.85,10.1,13,1439,16702,
512624,"Regent Enterprises Limited",X,STK,5.54,5.83,5.4,5.49,5.55,5.77,106,47626,264683,
512626,"ORBIT EXPORTS LTD.",B,STK,178.5,178.5,160,161.8,161.4,162.45,33,511,83384,
512634,"SAVERA INDUSTRIES LTD.",X,STK,150,159.85,150,151.75,151.5,160.25,21,1152,176287,
513005,"Chrome Silicon Limited",X,STK,44,44,41,41.01,42,42.48,5,79,3246,
513023,"NAVA LIMITED",A,STK,550.05,550.05,532.25,545.2,547.8,565.6,588,12101,6533741,
513043,"REMI EDELSTAHL TUBULARS LIMITE",X,STK,129.75,138.95,129.75,134.25,135,136.25,32,5153,680059,
513059,"G.S.AUTO INTERNATIONAL LTD.",X,STK,31.51,31.51,29.49,29.69,30.46,32.1,97,8905,269493,
513063,"TRANS-FREIGHT CONTAINERS LTD.",X,STK,20.6,21.75,20.6,21.7,21.7,21.45,12,665,14062,
513097,"SHIVALIK BIMETAL CONTROLS LTD.",B,STK,422,422,409.95,413.3,413.3,424.75,324,2766,1147877,
513108,"GANDHI SPECIAL TUBES LTD.",B,STK,842.3,842.3,785,804.85,800.25,842.3,126,1052,838918,
513117,"AMFORGE INDUSTRIES LTD.",X,STK,6.76,6.86,6.55,6.77,6.77,6.76,34,1629,11057,
513119,"ONIX SOLAR ENERGY LIMITED",XT,STK,716.55,716.55,716.55,716.55,716.55,709.5,62,7128,5107568,
513121,"ORICON ENTERPRISES LTD.",B,STK,62.55,65.89,60.95,64.1,64.5,63.84,334,14582,921753,
513173,"STEEL STRIPS INFRASTRUCTURES L",X,STK,21,21,18.5,20.99,20.99,21,40,761,14438,
513228,"PENNAR INDUSTRIES LTD.",B,STK,136.6,140,133.5,135.4,135.65,140.95,688,28511,3861335,
513250,"JYOTI STRUCTURES LTD.",A,STK,10.95,11.04,10.44,10.96,10.94,11.15,1151,900759,9621200,
513252,"JAY USHIN LTD.",X,STK,760,814,738,776,776,781.05,34,429,334909,
513262,"STEEL STRIPS WHEELS LTD.",B,STK,192.5,192.5,184,187.85,187.8,196,403,12094,2257012,
513269,"MAN INDUSTRIES (INDIA) LTD.",B,STK,397.65,397.65,375.55,392.8,393.5,405.8,891,23288,8930334,
513295,"IMEC SERVICES LIMITED",X,STK,185,185.4,170.5,176,176,177.7,70,1005,177805,
513303,"MODERN STEELS LTD.",X,STK,13.45,13.45,12.09,12.33,12.33,13.47,67,3946,49389,
513307,"SYNTHIKO FOILS LTD.",XT,STK,1780,1780,1675.05,1717.15,1680,1715.05,30,213,369158,
513309,"Golkonda Aluminium Extrusions",X,STK,7.85,7.94,7.44,7.44,7.44,7.66,89,17499,133206,
513337,"GUJARAT TOOLROOM LTD.",B,STK,0.56,0.56,0.52,0.55,0.55,0.58,1657,4784448,2594484,
513343,"GRAND FOUNDRY LTD.",T,STK,10.46,10.46,10.46,10.46,10.46,10.46,1,500,5230,
513349,"AJMERA REALTY & INFRA INDIA LT",B,STK,119,123.8,115,120.4,121.6,123.1,214,13099,1565636,
513353,"COCHIN MINERALS & RUTILE LTD.",X,STK,236.25,240,230,234.55,234.9,239,138,2407,561626,
513361,"India Homes Limited",X,STK,14.6,15.09,14,14.84,14.84,14.92,673,1040119,15458346,
513369,"KRISHANVEER FORGE LIMITED",X,STK,124.2,129.35,124.05,128.9,128.9,130,9,108,13575,
513375,"CARBORUNDUM UNIVERSAL LTD.",A,STK,800,801.25,780,797.5,797.5,804.85,586,8152,6428963,
513377,"MMTC LTD.",A,STK,55.9,56.49,53.84,54.65,54.65,57.04,1260,120130,6536749,
513397,"VALLABH STEELS LTD.",X,STK,11.8,11.8,11.4,11.4,11.4,12,8,330,3852,
513401,"ASHIANA ISPAT LTD.",Z,STK,27,27.45,26.1,27.4,27.4,27.47,91,32942,897248,
513403,"P.M.TELELINNKS LTD.",XT,STK,11.62,11.62,11.62,11.62,11.62,11.62,13,3809,44260,
513418,"SMITHS & FOUNDERS (INDIA) LIMI",X,STK,5.2,5.45,5.2,5.25,5.25,5.5,53,10278,54077,
513422,"BLOOM INDUSTRIES LTD.",X,STK,31.3,31.3,30.01,30.01,30.01,31.15,6,301,9040,
513430,"Maitri Enterprises Limited",X,STK,23.81,23.81,23.81,23.81,23.81,25.01,2,50,1190,
513436,"SHAH ALLOYS LTD.",B,STK,55.64,55.64,55.64,55.64,55.64,61.33,1,40,2225,
513452,"ELANGO INDUSTRIES LTD.",X,STK,10.45,10.45,10.45,10.45,10.45,10.45,3,36,376,
513456,"KANISHK STEEL INDUSTRIES LTD.",X,STK,54.15,55,52.67,53.8,54,54.16,54,2445,131203,
513460,"MAHALAXMI SEAMLESS LTD.",Z,STK,8.41,8.42,8.41,8.42,8.42,8.85,9,238,2002,
513472,"SIMPLEX CASTINGS LTD.",X,STK,463.75,463.75,441.2,459.25,459.9,457.7,83,2962,1343191,
513488,"SHREE STEEL WIRE ROPES LTD.",X,STK,20.97,20.97,18.22,18.24,19.76,19.49,15,1517,29222,
513496,"SIZEMASTERS TECHNOLOGY LIMITED",XT,STK,255.55,272,251.5,263.25,272,262.1,17,271,70524,
513498,"SOUTHERN MAGNESIUM & CHEMICALS",X,STK,77.03,78.77,74.25,78.31,78.33,77.03,34,1880,144169,
513502,"BARODA EXTRUSION LTD.",XT,STK,8.59,8.6,8.25,8.33,8.4,8.68,339,115445,962828,
513509,"KALYANI FORGE LTD.",B,STK,594,594,565,565,565,594,6,45,26005,
513511,"PANCHMAHAL STEEL LTD.",X,STK,316.75,323.95,300.1,311.15,300.1,319.95,21,695,214637,
513513,"ADITYA ISPAT LTD.",X,STK,9.95,9.95,9.01,9.01,9.01,10,7,101,935,
513517,"STEELCAST LTD.",B,STK,217.7,229.5,216,226.4,229.5,226.6,49,875,195306,
513519,"PITTI ENGINEERING LIMITED",B,STK,863,863,840,840.95,840,877.8,138,1885,1594785,
513528,"GLITTEK GRANITES LTD.",XT,STK,61.33,61.33,61.33,61.33,61.33,64.55,39,13836,848561,
513532,"PRADEEP METALS LTD.",X,STK,329.95,342.9,315,317.35,317.35,343.8,315,13024,4185827,
513536,"GUJARAT NATURAL RESOURCES LIMI",X,STK,99,99,93.2,94.85,94.85,99.45,1901,68994,6625379,
513544,"MARDIA SAMYOUNG CAPILLARY TUBE",X,STK,103.4,103.4,103.4,103.4,103.4,104.4,11,41,4239,
513548,"SHARDA ISPAT LTD.",X,STK,164.55,164.6,155,155.35,155,164.65,10,97,15264,
513554,"MAHAMAYA STEEL INDUSTRIES LTD.",B,STK,725.25,875,725,873.1,875,837.7,150,2629,2209140,
513566,"NOVA IRON & STEEL LTD.",X,STK,11.76,12.38,11.76,12.38,12.38,12.44,13,404,4998,
513575,"STERLING POWERGENSYS LTD",X,STK,23.2,23.2,20,20,20,22.82,61,3984,83573,
513579,"FOUNDRY FUEL PRODUCTS LTD.",Z,STK,6.43,6.43,6.43,6.43,6.43,6.13,4,303,1948,
513599,"HINDUSTAN COPPER LTD.",A,STK,550,550.6,535,540.9,540.9,558.4,11207,519509,280518297,
513629,"TULSYAN NEC LTD.",X,STK,21.14,22.15,20.09,20.09,20.09,21.14,28,1402,28335,
513642,"AXEL POLYMERS LTD.",X,STK,47.23,48,43,44.26,47.9,47,15,321,14407,
513683,"NLC India Limited",A,STK,246.25,250.85,237.5,239.85,239.85,256.25,2640,106926,25944551,
513687,"SPECTRA INDUSTRIES LTD.",Z,STK,4.9,4.99,4.9,4.99,4.99,4.99,3,21,103,
513693,"KIC METALIKS LTD.",X,STK,29,29,27.17,28.13,28.46,29,32,5977,168095,
513699,"SOLID STONE COMPANY LTD.",X,STK,25.85,28.49,23.41,25.51,25.51,25.27,65,1751,47830,
513709,"SHILP GRAVURES LTD.",X,STK,173,173,155.3,160.7,160,171.35,129,5964,968492,
513713,"White Organic Agro Limited",X,STK,3.35,3.86,3.35,3.64,3.64,3.84,156,63574,224270,
513729,"ARO GRANITE INDUSTRIES LTD.",B,STK,26.49,26.49,24,24.47,24.47,24.75,17,1551,37953,
514010,"RUDRA ECOVATION LIMITED",X,STK,21.06,21.5,20,20.09,20.19,21.52,247,308455,6418217,
514028,"RAJKAMAL SYNTHETICS LTD.",X,STK,36.5,36.5,33.34,33.99,33.99,33.63,13,1473,52626,
514030,"DEEPAK SPINNERS LTD.",X,STK,119.45,119.45,115.45,117.5,117.5,119.5,27,1398,163668,
514036,"LOYAL TEXTILE MILLS LTD.",T,STK,211.9,211.9,210.95,211.35,210.95,215.45,3,5,1057,
514043,"HIMATSINGKA SEIDE LTD.",B,STK,91.98,91.98,85.57,85.95,86.13,92.38,1069,50232,4383698,
514045,"BSL LTD.",B,STK,131.95,131.95,120.1,126.8,128,131.95,20,125,15624,
514060,"NEWTRAC FOODS & BEVERAGES LIMI",X,STK,4.9,4.9,4.52,4.74,4.7,4.88,72,32317,151924,
514087,"PBM POLYTEX LTD.",X,STK,55,55,52.2,54.99,54.99,53.96,12,215,11522,
514113,"ADINATH TEXTILES LTD.",XT,STK,20,20,20,20,20,21,4,62,1240,
514128,"KONARK SYNTHETIC LTD.",Z,STK,36.41,36.41,36.41,36.41,36.41,37.15,2,7,254,
514138,"SURYALATA SPINNING MILLS LTD.",X,STK,312,339.8,312,312.45,312,312.8,35,862,269901,
514140,"SURYAVANSHI SPINNING MILLS LTD",XT,STK,19.25,19.25,19.25,19.25,19.25,20.26,5,284,5467,
514142,"T T LTD.",T,STK,9.34,9.34,8.55,8.81,8.81,9,22,22792,205352,
514162,"WELSPUN LIVING LIMITED",A,STK,115.6,117.9,114.45,115.8,116.4,120.35,1305,79319,9157151,
514165,"INDIAN ACRYLICS LTD.",X,STK,5.03,5.38,5.03,5.24,5.24,5.29,116,25141,129886,
514167,"GANESHA ECOSPHERE LTD.",A,STK,659.45,735.85,659.45,704.75,704.9,704.3,827,8443,5899057,
514171,"CEETA INDUSTRIES LTD.",XT,STK,47.25,48.39,44.46,46,46,46.79,21,790,35235,
514175,"VARDHMAN POLYTEX LTD.",T,STK,8.74,8.8,8.12,8.68,8.7,8.53,115,123276,1050767,
514177,"RISHAB SPECIAL YARNS LTD.",XT,STK,59,59,59,59,59,61.85,2,500,29500,
514183,"BLACK ROSE INDUSTRIES LTD.",X,STK,80.83,80.83,76.1,79.21,79.21,80.44,419,11216,880946,
514197,"S&T CORPORATION LTD.",X,STK,4.4,4.4,4.05,4.29,4.29,4.31,15,764,3281,
514211,"SUMEET INDUSTRIES LTD.",B,STK,31,31,28.85,28.86,28.85,30.58,114,8427,248688,
514221,"K-LIFESTYLE & INDUSTRIES LIMIT",Z,STK,0.23,0.23,0.22,0.22,0.22,0.23,67,118511,26286,
514223,"RAMGOPAL POLYTEX LTD.",XT,STK,19.01,19.01,18.06,18.5,18.5,19.01,18,1919,34986,
514234,"SANGAM (INDIA) LTD.",B,STK,419.7,422.05,412.7,421.2,421.4,432.55,26,197,82544,
514238,"MKVENTURES CAPITAL LIMITED",X,STK,801.05,805,776,805,805,817.05,73,5656,4500023,
514240,"Kush Industries Limited",X,STK,6.6,6.6,6.12,6.12,6.12,6.53,37,6565,40987,
514248,"SREECHEM RESINS LTD.",P,STK,31,31.1,31,31.1,31.1,32.5,2,300,9320,
514260,"SURBHI INDUSTRIES LTD.",X,STK,40.91,40.91,40.91,40.91,40.91,38.97,2,110,4500,
514264,"SEASONS TEXTILES LTD.",X,STK,16.77,18,16.77,17.44,17.44,19.7,20,206,3640,
514266,"ZENITH FIBRES LTD.",X,STK,50.98,50.98,48.67,50.9,50.9,50.12,23,1522,74879,
514272,"BHILWARA SPINNERS LTD.",X,STK,105.25,110.95,105.25,109.45,109.45,111,13,10227,1078926,
514274,"VARVEE GLOBAL LIMITED",B,STK,62,63.38,59.9,60.19,59.97,64.73,187,7326,450715,
514280,"SANRHEA TECHNICAL TEXTILES LTD",X,STK,126,134.55,123.4,127.85,124,125.5,12,429,54077,
514286,"ASHIMA LTD.",B,STK,13.97,15.1,13.86,13.99,13.86,13.93,186,33485,500796,
514300,"PIONEER EMBROIDERIES LTD.",B,STK,25.85,27.27,24.71,24.71,24.71,24.33,8,5143,128342,
514302,"VIPPY SPINPRO LTD.",X,STK,158.15,158.15,158.1,158.1,158.1,158.15,3,376,59459,
514312,"JAIHIND SYNTHETICS LTD.",XT,STK,49.5,49.5,49.4,49.4,49.4,52,3,242,11957,
514316,"RAGHUVIR SYNTHETICS LTD.",X,STK,111,111,109.5,111,111,115,49,6192,682003,
514318,"JATTASHANKAR INDUSTIES LTD.",XT,STK,422.95,422.95,419.95,422.95,422.95,424,13,205,86135,
514322,"KAMADGIRI FASHION LTD.",X,STK,89.2,89.2,80.1,81.19,85,89.35,12,257,21413,
514324,"OMNITEX INDUSTRIES (INDIA) LTD",XT,STK,680,718,680,690.95,718,690.15,15,172,118337,
514326,"PATSPIN INDIA LTD.",X,STK,7.43,7.43,7.14,7.43,7.43,7.43,6,105,757,
514330,"ONE GLOBAL SERVICE PROVIDER LI",X,STK,532.6,618,515,604.35,604.35,572.2,1770,74306,40971971,
514332,"NEO INFRACON LTD.",X,STK,37,43.45,37,42.65,42.65,43.49,19,748,31865,
514336,"GENESIS IBRC INDIA LIMITED",XT,STK,91,91,82.77,84.62,91,87.12,11,165,14565,
514348,"WINSOME YARNS LTD.",Z,STK,1.84,1.84,1.84,1.84,1.84,1.81,1,50,92,
514354,"PREMIER POLYFILM LTD.",B,STK,60,60,55,55.41,55.5,58.21,154,12276,685157,
514358,"EVERLON FINANCIALS LIMITED",X,STK,92,96,92,94.75,94.8,97.55,10,254,23511,
514360,"K&R RAIL ENGINEERING LIMITED",X,STK,25.81,25.81,24.52,24.66,24.66,25.81,784,132376,3268082,
514378,"YARN SYNDICATE LTD.",X,STK,13.5,13.5,12.35,13.14,13.37,13.5,19,608,7901,
514386,"GUJARAT COTEX LTD.",X,STK,9.07,9.07,8.44,8.89,8.71,9.07,270,73963,642935,
514400,"GARWARE SYNTHETICS LTD.",XT,STK,21.55,21.55,21.51,21.51,21.51,22.64,6,141,3037,
514402,"ECO HOTELS AND RESORTS LIMITED",X,STK,12.12,12.25,11.75,12.15,12.24,12.11,123,56293,683940,
514412,"SARUP INDUSTRIES LTD.",XT,STK,168,168,160,160,160,160,2,510,85600,
514414,"OXFORD INDUSTRIES LTD.",XT,STK,9.83,9.83,9.83,9.83,9.83,9.64,6,1599,15718,
514418,"MANGALAM ORGANICS LIMITED",B,STK,385,412,385,410.75,412,411.15,92,646,253925,
514428,"HINDUSTAN ADHESIVES LTD.",X,STK,291.5,304.15,290,293.6,296.95,292,47,1364,402143,
514440,"Blue Pearl Agriventures Limite",B,STK,44.08,48.45,44.08,44.12,44.12,46.39,79,5108,225576,
514442,"SRI KPR INDUSTRIES LTD.",X,STK,19.9,20,18.51,18.56,18.55,19.9,46,2878,54874,
514448,"JYOTI RESINS & ADHESIVES LTD.",B,STK,823,829,805,814.35,814.35,830.55,1602,34983,28537419,
514450,"MAHALAXMI RUBTECH LTD.",B,STK,170.95,192,156,167.65,167.45,172,43,1963,352440,
514454,"SOUTHERN LATEX LTD.",X,STK,26,27.45,26,27.41,27.41,26.29,30,2740,72775,
514460,"OSWAL YARNS LTD.",XT,STK,14.59,14.59,14.59,14.59,14.59,15.35,2,57,831,
514470,"WINSOME TEXTILE INDUSTRIES LTD",B,STK,71.19,73.9,70.66,72.32,72.49,71.19,77,104029,7409214,
515008,"MODERN INSULATORS LTD.",X,STK,230.25,238.95,226.1,226.45,226.45,237.95,825,74888,17057614,
515018,"REGENCY CERAMICS LTD.",B,STK,43,43,41.5,41.5,41.5,43,3,58,2408,
515030,"ASAHI INDIA GLASS LTD.",A,STK,800,846,785.35,835.45,835.45,829.5,1088,8943,7183383,
515037,"MURUDESHWAR CERAMICS LTD.",B,STK,29,31.4,29,30.74,30.75,31.22,40,2886,88456,
515043,"SAINT-GOBAIN SEKURIT INDIA LTD",B,STK,95.73,95.73,94,94.12,94.12,96.52,402,19103,1804383,
515055,"ANANT RAJ LIMITED",A,STK,478.05,479.55,462.6,473.65,473.65,489.25,10531,318790,149430251,
515059,"MADHUSUDAN INDUSTRIES LTD.",X,STK,28.75,29.99,28.66,29.99,29.99,28.75,4,1241,36676,
515085,"RESTILE CERAMICS LTD.",X,STK,6.47,6.47,6.01,6.33,6.35,6.34,42,3457,21307,
515093,"MADHAV MARBLES & GRANITES LTD.",B,STK,35.7,36,35,35.03,35,34.83,7,435,15390,
515127,"Ramasigns Industries Limited",Z,STK,0.95,0.95,0.93,0.95,0.95,0.95,17,14142,13334,
515147,"HALDYN GLASS LTD",X,STK,87,87,82,84.26,83,87.49,253,23931,2045148,
516003,"DUROPLY INDUSTRIES LIMITED",X,STK,131.65,136,126.25,127.3,128.05,133.1,54,3789,497129,
516016,"SHREYANS INDUSTRIES LTD.",B,STK,150.15,150.15,145.95,145.95,145.95,149.15,11,623,92177,
516020,"AGIO PAPER & INDUSTRIES LTD.",X,STK,4.06,4.06,3.68,3.68,3.68,3.87,3,5,19,
516022,"STAR PAPER MILLS LTD.",B,STK,142,142,132,133.85,133.9,138,30,1371,181202,
516030,"PAKKA LIMITED",B,STK,82,84.5,77,81.33,80,82.57,155,9891,791406,
516032,"TAHMAR ENTERPRISES LIMITED",X,STK,6.35,6.5,5.72,6.36,6.5,6.35,127,11114,68522,
516038,"KS Smart Technologies Limited",XT,STK,222.95,222.95,214.7,217.05,217.05,225.95,11,424,92782,
516062,"NATIONAL PLYWOOD INDUSTRIES LT",Z,STK,6.36,6.36,6.12,6.12,6.12,6.24,52,7833,48890,
516064,"Arrow Greentech Limited",B,STK,372,383,364.3,374.35,374.35,378.8,191,2436,912432,
516072,"VISHNU CHEMICALS LTD.",B,STK,486,499,470.2,497.65,497.65,489.95,269,5063,2445858,
516078,"JUMBO BAG LTD.",X,STK,62.45,62.45,58.1,59.2,59,61.25,20,1263,73654,
516082,"N.R.AGARWAL INDUSTRIES LTD.",B,STK,437.9,441,425.2,429.85,432.7,457.95,23,111,47771,
516092,"3P LAND HOLDINGS LTD.",B,STK,30,31.02,30,31.02,31.02,30.43,3,40,1210,
516096,"SANGAL PAPERS LTD.",X,STK,189.5,189.5,185,185,185,180.5,3,163,30420,
516098,"VENTURA TEXTILES LTD.",X,STK,8.89,8.89,7.68,8,7.9,8.72,64,4190,34349,
516106,"SHREE KARTHIK PAPERS LTD.",X,STK,6.2,6.2,5.8,6.1,6.1,6.2,34,4867,29588,
516108,"SOUTH INDIA PAPER MILLS LTD.",X,STK,90.5,92.97,89.46,90.06,91.99,90.55,24,12723,1144741,
516110,"FAMILY CARE HOSPITALS LIMITED",X,STK,3.01,3.01,2.8,2.94,2.95,3.01,182,34041,99697,
517015,"VINDHYA TELELINKS LTD.",B,STK,1000,1026.55,971.1,1004.15,1006,1005.95,121,706,708477,
517035,"RIR POWER ELECTRONICS LIMITED",B,STK,168,169,156.65,159.9,159.9,172.6,2450,183842,29929810,
517041,"ADOR WELDING LTD.",B,STK,1008,1008,957.5,990.4,990,1008.4,103,557,549629,
517059,"SALZER ELECTRONICS LTD.",B,STK,595.1,595.1,566.35,573.25,574.65,606.5,200,3562,2043175,
517063,"JETKING INFOTRAIN LTD.",X,STK,134.9,134.9,126,128.95,129,133.05,34,857,110560,
517096,"APLAB LTD.",X,STK,74.95,74.95,66.1,69.03,70,69.36,66,3830,260659,
517119,"PCS TECHNOLOGY LTD.",X,STK,18.5,19.45,17.5,18.05,18.05,19,42,2447,44704,
517146,"USHA MARTIN LTD.",A,STK,417.7,417.7,398.3,404,407.9,418.65,1318,30342,12253005,
517166,"SPEL SEMICONDUCTOR LTD.",X,STK,139,140,135.15,137.4,137.4,142.25,1439,45150,6135677,
517168,"SUBROS LTD.",B,STK,705.2,711,681.55,692.45,694,717.9,498,4701,3243804,
517170,"Edvenswa Enterprises Limited",X,STK,21.5,22.35,21,22.08,22.1,21.62,94,11677,253171,
517174,"HONEYWELL AUTOMATION INDIA LTD",A,STK,29950,30041,29389,29695.35,29740,29969.95,279,32471,957952844,
517201,"SWITCHING TECHNOLOGIES GUNTHER",XT,STK,75.99,78.99,75.99,78.99,78.99,79.98,6,127,9802,
517206,"LUMAX INDUSTRIES LTD.",B,STK,5749,5749,5200,5243.2,5283.25,5586.8,348,1235,6487279,
517214,"DIGISPICE TECHNOLOGIES LIMITED",B,STK,16.71,18,16.71,17.18,17.18,17.05,18,4910,84258,
517230,"PAE LTD.",XT,STK,15.68,15.68,15.68,15.68,15.68,14.94,2,2,31,
517236,"CALCOM VISION LTD.",X,STK,76,80.02,73,78.55,78.55,76.21,77,12928,1010706,
517238,"DYNAVISION LTD.",X,STK,158.1,173.95,158.1,173.95,173.95,170,2,320,50909,
517246,"BCC FUBA INDIA LTD.",X,STK,167,167,155,156.6,156.6,167.05,462,18927,3020834,
517258,"PRECISION ELECTRONICS LTD.",X,STK,134.1,134.1,133.95,133.95,133.95,141,11,1113,149089,
517264,"FINE-LINE CIRCUITS LTD.",X,STK,82.51,82.51,82,82,82,83.09,3,27,2214,
517271,"HBL ENGINEERING LIMITED",A,STK,664,664,645.05,649.7,649.7,676.7,2561,82379,53536909,
517273,"S&S POWER SWITCHGEAR LTD.",T,STK,327.5,350,327.5,348.75,350,335,30,786,271006,
517286,"RNIT AI SOLUTIONS LIMITED",XT,STK,46.99,48.49,46.99,47.97,48.48,49.46,419,132653,6290456,
517288,"Gujarat Poly Electronics Limit",X,STK,54.15,56.85,52.7,56.85,56.85,56.85,59,2848,156297,
517300,"GUJARAT INDUSTRIES POWER CO.LT",B,STK,132.4,134.3,130.25,130.9,131.05,135.45,221,14869,1952523,
517320,"MAGNUS STEEL AND INFRA LIMITED",XT,STK,68.35,68.35,68.35,68.35,68.35,67.01,10,2100,143535,
517330,"CMI LTD.",Z,STK,4.15,4.15,4.15,4.15,4.15,4.36,2,334,1386,
517334,"Samvardhana Motherson Internat",A,STK,119.55,119.55,115,117.95,117.95,122.7,5707,571500,66657786,
517336,"MODERN MALLEABLES LTD.",P,STK,13.42,13.42,13.42,13.42,13.42,12.79,2,200,2684,
517344,"MINDTECK (INDIA) LTD.",B,STK,198,198,184,186.65,186.65,195.45,151,1700,317852,
517354,"HAVELLS INDIA LTD.",A,STK,1327.35,1335.1,1300,1330,1329.35,1349.8,3558,23710,31318144,
517356,"ACI INFOCOM LTD.",XT,STK,1.18,1.21,1.12,1.19,1.19,1.16,141,70535,82949,
517360,"SBEC SYSTEMS (INDIA) LTD.",X,STK,16.5,17.98,16.5,17.98,17.98,17.99,9,117,1955,
517370,"INCAP LTD.",X,STK,80.55,94.7,80.55,83.15,84,96.7,61,1041,87339,
517372,"GUJARAT INTRUX LTD.",X,STK,424.95,433,406,431.25,431.5,428.1,114,1644,692405,
517380,"IGARASHI MOTORS INDIA LTD.",B,STK,321.1,322.6,310.2,313.35,317,325.65,183,6125,1925812,
517385,"SYMPHONY LIMITED",B,STK,722.05,776.95,722.05,768.25,768.25,756.05,893,14012,10516878,
517393,"REGANTO ENTERPRISES LIMITED",Z,STK,9.48,9.48,8.98,8.99,8.99,9.45,303,135404,1225979,
517397,"PAN ELECTRONICS INDIA LTD.",X,STK,41.97,41.97,41.97,41.97,41.97,41.97,1,1,41,
517399,"VXL INSTRUMENTS LTD.",XT,STK,3.64,3.64,3.46,3.46,3.46,3.64,7,137,488,
517411,"SHYAM TELECOM LTD.",B,STK,8.66,10.24,8.6,9.41,9.41,9.7,11,2667,25458,
517415,"LEE & NEE SOFTWARES (EXPORTS)",XT,STK,8.26,8.26,7.5,7.57,7.57,7.88,43,3272,25064,
517417,"PATELS AIRTEMP (INDIA) LTD.",X,STK,236,236,225,227.65,226.2,240.9,224,6991,1607669,
517421,"BUTTERFLY GANDHIMATHI APPLIANC",B,STK,585.25,595,582.25,582.7,582.25,598.5,47,1043,610162,
517423,"INTEGRA SWITCHGEAR LTD.",XT,STK,143.1,143.1,143.1,143.1,143.1,143.1,10,261,37349,
517429,"Athena Global Technologies Lim",X,STK,74.46,74.46,67.05,70.2,70.2,73,27,306,21455,
517431,"NARMADA MACPLAST DRIP IRRIGATI",X,STK,21.8,22,20.5,21.79,22,21.96,361,70971,1504265,
517437,"DUTRON POLYMERS LTD.",X,STK,114,114,114,114,114,111,2,10,1140,
517447,"R.S.SOFTWARE INDIA LTD.",B,STK,30.05,31.95,30,30.7,30.7,32.25,51,9062,278665,
517449,"MAGNA ELECTRO CASTINGS LTD.",X,STK,934,958,905,927.8,927.8,944.35,75,616,571845,
517467,"MARSONS LIMITED",B,STK,133.85,133.85,126.2,132.2,133,134.55,663,271628,35253459,
517477,"ELNET TECHNOLOGIES LTD.",X,STK,315,333.05,314,320.45,320.45,330.05,38,962,314128,
517494,"ACCEL LIMITED",X,STK,11.84,11.85,10.5,11.41,11.38,12.29,133,26779,305528,
517498,"WEBSOL ENERGY SYSTEM LTD.",A,STK,50.82,52.5,50.39,51.95,52.5,52.8,2382,637296,32852697,
517500,"ROTO PUMPS LTD.",B,STK,53.02,53.46,52.51,53.05,53.3,54.85,386,18775,994470,
517506,"TTK PRESTIGE LTD.",A,STK,463,465,451,453.85,452.95,468.65,367,1959,891740,
517514,"D&H INDIA LTD",X,STK,151.9,151.9,144.4,146.3,147,149.5,142,4329,635315,
517522,"RAJRATAN GLOBAL WIRE LTD.",B,STK,394.75,394.75,377.85,384.5,387.6,395.85,380,15294,5851481,
517530,"SURANA TELECOM AND POWER LIMIT",B,STK,16.01,17.11,16.01,16.97,16.71,17.29,146,20494,341631,
517536,"ONWARD TECHNOLOGIES LTD.",B,STK,241.65,242.75,236,238.5,236,249.9,71,1899,455175,
517544,"CENTUM ELECTRONICS LTD.",B,STK,2828,2840,2729.75,2780.15,2761.4,2853.9,524,2823,7860915,
517546,"ALFA TRANSFORMERS LTD.",X,STK,43.5,43.5,40,41.81,42.96,44.9,246,30491,1275099,
517554,"NHC FOODS LTD.",X,STK,0.8,0.81,0.77,0.8,0.81,0.81,433,868166,684822,
517556,"PVP VENTURES LTD.",B,STK,28.9,28.9,25.51,25.96,25.7,27.32,69,36827,956918,
517562,"TRIGYN TECHNOLOGIES LTD.",B,STK,47.5,47.7,45,47.7,47.7,48.5,63,4729,221984,
517564,"CLENON ENTERPRISES LIMITED",XT,STK,59.97,59.97,59.97,59.97,59.97,59.97,12,1312,78680,
517569,"KEI INDUSTRIES LTD.",A,STK,4879.9,4879.9,4672,4790.05,4803.5,4920.7,5955,17138,81379575,
518011,"KEERTHI INDUSTRIES LTD.",X,STK,59,59.9,59,59.9,59.9,59.99,5,9,535,
518053,"Sri Chakra Cement Limited",X,STK,38.78,38.78,35.01,35.03,35.03,38.78,49,21611,760162,
518075,"SURAJ PRODUCTS LTD.",Z,STK,241.7,241.7,227.7,229.25,227.85,239.65,148,14980,3438794,
518091,"ANJANI PORTLAND CEMENT LTD.",B,STK,115.65,115.65,115,115,115,118,38,278,32008,
519003,"MODI NATURALS LIMITED",B,STK,271.2,276,270,276,276,280,7,77,20931,
519014,"PRASHANT INDIA LTD.",XT,STK,12.96,12.96,12.96,12.96,12.96,12.96,4,8,103,
519031,"SHAH FOODS LTD.",XT,STK,154.35,154.35,154.35,154.35,154.35,154.35,1,25,3858,
519091,"TASTY BITE EATABLES LTD.",B,STK,6900,7080.75,6774.1,7064.45,6972,6980.35,62,281,1945890,
519097,"RITESH INTERNATIONAL LTD.",X,STK,55,55,50.89,54.48,54.48,56,35,3292,174216,
519105,"AVT NATURAL PRODUCTS LTD.",B,STK,60.1,60.4,58.3,60.25,59.91,60.9,62,1348,79835,
519126,"HINDUSTAN FOODS LTD.",B,STK,466.95,480,465.35,470.05,469.35,475.8,233,2562,1214882,
519136,"NAHAR INDUSTRIAL ENTERPRISES L",B,STK,89.4,90.61,89.4,90.61,90.61,92.38,31,1638,147543,
519152,"VADILAL ENTERPRISES LTD.",X,STK,9860,9860,9750.05,9750.05,9750.05,9860,10,35,344345,
519156,"VADILAL INDUSTRIES LTD.",B,STK,5007.05,5007.05,4896.05,4977.1,4947,5109.6,153,662,3270647,
519183,"ADF FOODS LTD.",B,STK,189.35,189.35,179.15,184.25,185,189.5,369,8757,1599276,
519191,"Retro Green Revolution Limited",Z,STK,1.46,1.46,1.38,1.44,1.44,1.4,56,45078,64061,
519214,"WILLIAMSON FINANCIAL SERVICES",X,STK,7.62,7.62,7.62,7.62,7.62,8.02,5,2055,15659,
519216,"AJANTA SOYA LTD.",X,STK,22.83,22.83,21.5,21.77,21.77,22.8,465,112229,2447101,
519230,"KISAAN PARIVAR INDUSTRIES LIMI",X,STK,18.76,18.76,15.75,16.93,15.79,18.67,74,5079,87643,
519234,"SUPERIOR INDUSTRIAL ENTERPRISE",X,STK,34.57,34.57,34.57,34.57,34.57,34.57,3,106,3664,
519238,"SAPTARISHI AGRO INDUSTRIES LTD",X,STK,43.7,47.99,43.7,45.87,45.74,45.98,26,2365,107355,
519262,"PRIMA AGRO LTD.",X,STK,16.49,16.95,15.55,16.89,16.89,17.27,22,3428,56930,
519279,"MADHUR INDUSTRIES LTD.",XT,STK,7.76,7.76,7.76,7.76,7.76,8.16,6,1780,13812,
519285,"TARAI FOODS LTD.",Z,STK,6.3,6.31,6.3,6.31,6.31,6.3,16,693,4367,
519287,"MODERN DAIRIES LTD.",X,STK,33.98,33.98,30.9,32.84,32.9,33.27,68,12173,395959,
519295,"BAMBINO AGRO INDUSTRIES LTD.",X,STK,197.8,197.8,173.7,190.1,192,196.85,72,1554,291031,
519299,"PRIME INDUSTRIES LTD.",X,STK,35.28,37.85,35.01,35.06,35.7,35.99,69,18636,666687,
519307,"VIKAS WSP LTD.",Z,STK,1.07,1.08,1.02,1.02,1.04,1.07,94,170216,176325,
519331,"VSF PROJECTS LTD.",X,STK,42.83,42.83,35.5,37.73,39.99,40.89,34,3412,134166,
519359,"POONA DAL & OIL INDUSTRIES LTD",X,STK,66.3,70.05,63.16,65.41,65.1,71.47,34,1213,79767,
519367,"TRANSGLOBE FOODS LTD.",XT,STK,464,464,464,464,464,473,1,2,928,
519383,"ANIK INDUSTRIES LTD.",B,STK,41.26,41.26,40.3,40.33,41,43.45,14,436,17929,
519397,"SHARAT INDUSTRIES LTD.",X,STK,145,145.5,138.95,141.9,141.1,145.7,385,217391,30929434,
519421,"KSE LTD.",X,STK,193,198,193,194.2,194.4,198.8,294,13266,2576556,
519457,"VIRAT CRANE INDUSTRIES LTD.",X,STK,28,29.44,27.44,27.79,28.5,28.49,42,1886,52786,
519463,"IB INFOTECH ENTERPRISES LTD.",XT,STK,789.05,820.3,742.2,820.3,820.3,781.25,129,2576,2055994,
519471,"Ambar Protein Industries Limit",X,STK,178,179.4,164,171.05,171.7,165.9,28,852,146717,
519475,"CHORDIA FOOD PRODUCTS LTD.",X,STK,69.69,72.96,69.35,72.6,72.6,73,4,45,3127,
519477,"CIAN Agro Ind & Infra Ltd",T,STK,1163.45,1199.9,1163.45,1163.45,1163.45,1224.65,1829,36745,42816020,
519479,"OMEGA AG-SEEDS (PUNJAB) LTD.",X,STK,10.02,10.02,10.02,10.02,10.02,10.02,1,1,10,
519483,"TAI INDUSTRIES LTD.",X,STK,28.6,28.6,27.7,27.7,27.7,29.93,14,5374,148872,
519494,"N.K.INDUSTRIES LTD.",B,STK,57.12,66.5,57,57.27,57,63.85,23,540,31373,
519500,"BKV INDUSTRIES LTD.",X,STK,8.91,10,8.91,9.46,9.46,8.95,29,6184,57481,
519506,"NCC BLUE WATER PRODUCTS LTD.",P,STK,25.37,25.37,24,25.37,25.37,24.17,5,3100,77277,
519532,"ASIAN TEA & EXPORTS LTD.",X,STK,9.45,9.45,8.61,8.85,8.85,9.08,53,37060,330016,
519552,"HERITAGE FOODS LIMITED",A,STK,304.65,304.65,296.15,297.8,299.05,307,964,26105,7789274,
519566,"SIMRAN FARMS LTD.",X,STK,150,151.15,147,149.85,147,153,54,4182,627584,
519574,"HINDUSTAN AGRIGENETICS LTD.",X,STK,43.8,43.8,40,42.94,42.94,41.03,47,3290,137981,
519600,"CCL PRODUCTS (INDIA) LTD.",A,STK,1007,1037.5,991,1025.6,1027.7,1007.55,956,9640,9733945,
519602,"KELLTON TECH SOLUTIONS LTD.",B,STK,16.36,17,16.21,16.7,16.92,17.07,1066,215427,3553825,
519604,"SURYO FOODS & INDUSTRIES LTD.",X,STK,18.86,19.47,17.75,19.47,19.47,18.68,8,114,2093,
519606,"INTEGRATED PROTEINS LTD.",X,STK,47.72,47.72,45.45,47.72,47.72,45.45,23,13599,646776,
519612,"LAKE SHORE REALTY LIMITED",X,STK,78.75,78.75,76.18,76.5,76.5,75.04,5,114,8742,
520008,"RICO AUTO INDUSTRIES LTD.",B,STK,107.65,110.15,103.25,105.45,105.45,113.2,1126,105275,11100322,
520021,"OMAX AUTOS LTD.",B,STK,100,101.1,96.05,100.8,98.9,103.85,50,1809,180517,
520043,"MUNJAL SHOWA LTD.",B,STK,123.8,124.95,122.9,123.6,123.4,127,112,2619,323568,
520051,"JAMNA AUTO INDUSTRIES LTD.",B,STK,127.8,127.8,120.1,122.15,122.15,132.7,3003,227289,27771051,
520056,"TVS Holdings Limited",A,STK,13841.05,13910.4,13387.6,13658.2,13630,14082.1,280,566,7673843,
520057,"JTEKT India Ltd",B,STK,130,130,127,129.05,128.7,131.85,51,3267,420748,
520059,"MUNJAL AUTO INDUSTRIES LTD.",B,STK,75.8,75.8,72,73.24,73.26,76.18,161,8709,635186,
520066,"JAY BHARAT MARUTI LTD.",B,STK,93.45,94.5,88.55,89.65,89.7,96.1,239,15615,1414131,
520073,"RACL Geartech Limited",B,STK,1375.85,1377.9,1302.9,1351.1,1363.45,1405.2,559,6038,8016034,
520075,"SAMKRG PISTONS & RINGS LTD.",X,STK,115,116.15,110,111.25,110.65,117.25,83,3412,387955,
520086,"SICAL LOGISTICS LTD.",T,STK,62.6,65.99,62.6,65.47,65.47,65.15,15,1123,72714,
520111,"RATNAMANI METALS & TUBES LTD.",A,STK,2323.05,2343.65,2230.5,2316.95,2298,2367,573,1980,4529024,
520113,"VESUVIUS INDIA LTD.",A,STK,499.65,499.65,486,491.5,492.35,504.7,337,2363,1158129,
520119,"AUTOMOTIVE STAMPINGS & ASSEMBL",B,STK,414.45,440.3,414.45,439.55,440,447.6,49,355,154053,
520121,"ARCEE INDUSTRIES LTD.",XT,STK,16.34,16.34,16.34,16.34,16.34,16.02,5,1102,18006,
520123,"ABC INDIA LTD.",X,STK,64,64,60,62.99,62.99,63.45,28,608,37393,
520127,"BALURGHAT TECHNOLOGIES LTD.",X,STK,12.97,12.97,11.9,11.9,12,12.4,73,7889,98226,
520141,"SIBAR AUTO PARTS LTD.",X,STK,7.43,8,7.31,7.85,7.85,7.58,24,422,3185,
520151,"TRANSWORLD SHIPPING LINES LIMI",B,STK,131.5,133.15,125,128.45,127.55,132.6,64,2357,298956,
520155,"Starlog Enterprises Limited",X,STK,40,40,36.87,38.7,39.49,38.52,34,15770,586652,
521003,"SHIVA SUITINGS LTD.",P,STK,23.98,23.98,23.98,23.98,23.98,22.84,2,200,4796,
521005,"TITAN INTECH LIMITED",X,STK,0.8,0.82,0.76,0.76,0.76,0.8,1493,5575926,4253406,
521014,"EUROTEX INDUSTRIES & EXPORTS L",T,STK,14.58,14.58,13.21,13.21,13.21,13.9,3,13,175,
521016,"INDO COUNT INDUSTRIES LTD.",A,STK,257,257,250.85,253,253.95,261.2,367,9602,2432325,
521018,"MARAL OVERSEAS LTD.",B,STK,43.67,43.73,39,40.99,39.32,42.15,49,3793,155264,
521034,"SOMA TEXTILES & INDUSTRIES LTD",T,STK,107.5,107.5,107.5,107.5,107.5,109.65,1,15,1612,
521036,"SOURCE INDUSTRIES (INDIA) LTD.",XT,STK,5.05,5.05,5.05,5.05,5.05,5.05,1,100,505,
521048,"ADVANCE LIFESTYLES LTD.",X,STK,22.6,24.29,20.05,24.25,24.25,24.35,9,83,1905,
521054,"KAKATIYA TEXTILES LTD.",X,STK,10.23,10.23,10.23,10.23,10.23,10.23,2,130,1329,
521062,"PERFECT-OCTAVE MEDIA PROJECTS",X,STK,4.5,4.5,4.33,4.35,4.33,4.55,26,675,2987,
521064,"TRIDENT LTD.",A,STK,23.07,23.45,22.68,22.96,22.96,23.71,5806,1199064,27478921,
521070,"ALOK INDUSTRIES LTD.",A,STK,13.2,13.31,12.89,13.11,13.19,13.5,1767,613875,8010960,
521080,"PASARI SPINNING MILLS LTD.",X,STK,6.55,6.55,6.55,6.55,6.55,6.56,5,133,871,
521097,"AMARJOTHI SPINNING MILLS LTD.",X,STK,133.8,135.95,130,134.5,134.85,133.8,23,137,18155,
521105,"OLYMPIA INDUSTRIES LTD.",X,STK,30,31,30,31,31,29.58,6,383,11510,
521109,"NAGREEKA EXPORTS LTD.",B,STK,24,26,22,23.15,23.15,23.79,15,948,23142,
521113,"SUDITI INDUSTRIES LTD.",X,STK,81.7,81.7,77.95,78.52,79.8,81.68,64,13154,1032324,
521131,"Shree Bhavya Fabrics Limited",X,STK,23.51,25.12,22.51,23.7,24.14,24.43,63,2018,47550,
521137,"EUREKA INDUSTRIES LTD.",X,STK,4.9,5.19,4.74,4.94,4.96,4.98,110,15791,75963,
521141,"ADITYA SPINNERS LTD.",X,STK,16.98,16.98,15.43,15.7,15.43,16.83,28,1350,21577,
521149,"PRIME URBAN DEVELOPMENT INDIA",X,STK,8.13,8.13,7.75,7.75,7.75,8.15,7,101,805,
521151,"DHANLAXMI FABRICS LTD.",X,STK,63.95,63.95,63.95,63.95,63.95,63.98,1,1,63,
521163,"ZODIAC CLOTHING CO.LTD.",B,STK,74.02,74.02,72.2,72.2,72.2,73.5,25,4203,304505,
521167,"MAXGROW INDIA LIMITED",XT,STK,54.71,54.71,54.71,54.71,54.71,57.58,19,666,36436,
521178,"SRI RAMAKRISHNA MILLS (COIMBAT",X,STK,44.2,44.2,36.3,39.99,39.99,40.87,49,2043,80727,
521180,"SUPER SPINNING MILLS LTD.",B,STK,5.7,5.84,5.17,5.19,5.17,5.84,46,6776,36716,
521188,"UNITED TEXTILES LTD.",XT,STK,15.88,15.88,15.86,15.86,15.86,16.69,8,1587,25175,
521194,"SIL INVESTMENTS LTD.",B,STK,409.85,419,396.1,406.4,403,414,99,1653,669541,
521200,"SURYALAKSHMI COTTON MILLS LTD.",B,STK,53.7,53.7,48.03,52.89,52.89,52.55,16,348,17706,
521206,"SAMTEX FASHIONS LTD.",X,STK,1.35,1.44,1.25,1.25,1.25,1.35,70,32032,40476,
521210,"CITYMAN LTD.",X,STK,14.25,15,14.25,14.8,14.8,15,3,106,1514,
521216,"DHANALAXMI ROTO SPINNERS LTD.",X,STK,75.25,78,75.25,77.09,77.09,79.2,25,2219,169074,
521220,"DAMODAR INDUSTRIES LTD.",B,STK,24.5,25.3,23.53,23.65,25,24.5,20,320,7775,
521222,"SANBLUE CORPORATION LTD.",X,STK,42.42,42.42,42.42,42.42,42.42,40.4,1,1,42,
521226,"UNIROYAL INDUSTRIES LTD.",X,STK,21,21,21,21,21,21.5,3,109,2289,
521228,"TATIA GLOBAL VENNTURE LTD.",X,STK,2.37,2.42,2.34,2.38,2.39,2.37,231,109728,262426,
521232,"SUNIL INDUSTRIES LTD.",P,STK,75.6,75.6,75.6,75.6,75.6,75.6,1,100,7560,
521234,"SRI NACHAMMAI COTTON MILLS LTD",X,STK,34.89,34.89,31,31,31,31.96,8,96,3096,
521238,"BHARAT GLOBAL DEVELOPERS LIMIT",B,STK,88.16,93.5,88.16,89.1,89.25,92.14,494,15329,1379145,
521240,"SAMBANDAM SPINNING MILLS LTD.",X,STK,96.02,101.95,96.02,100.04,99.99,96.02,5,104,10592,
521246,"PARAS PETROFILS LTD.",T,STK,2.1,2.19,2.02,2.08,2.05,2.09,58,40253,84523,
521248,"KITEX GARMENTS LTD.",A,STK,160.8,166.2,160.8,164.1,163.75,169.6,1080,63016,10295944,
522001,"CRANEX LTD.",X,STK,67,67,62.02,65.44,65.44,64.66,28,838,54154,
522004,"BATLIBOI LTD.",X,STK,83.79,83.79,78.7,82.52,82.52,82.64,253,23211,1876569,
522005,"AUSTIN ENGINEERING CO.LTD.",X,STK,118,118,110.1,111.1,111.1,118.85,47,7406,827620,
522014,"UNITED DRILLING TOOLS LTD.",B,STK,184.35,184.9,179.2,182.3,182,182.85,63,742,135297,
522017,"FLUIDOMAT LTD.",X,STK,594.95,594.95,560,565.8,572,594.95,179,4610,2632400,
522027,"EMA INDIA LTD.",XT,STK,420.65,420.65,420.65,420.65,420.65,424.85,5,49,20611,
522029,"WINDSOR MACHINES LTD.",B,STK,238,244.05,233,238.9,238.85,247.6,29,354,84401,
522034,"SHANTHI GEARS LTD.",B,STK,435.4,444.25,430,444.25,444.25,439.75,39,617,269301,
522064,"HONDA INDIA POWER PRODUCTS LIM",B,STK,2199.95,2278,2020,2022.75,2020,2079.1,70,1149,2498879,
522074,"ELGI EQUIPMENTS LTD.",A,STK,500.35,510.65,492.35,505.5,509,519.1,1531,25737,12886909,
522091,"UNITED VAN DER HORST LTD.",XT,STK,35.23,35.23,35.23,35.23,35.23,35.94,37,3300,116259,
522101,"KILBURN ENGINEERING LTD.",B,STK,489,497.5,471.65,479.55,479.55,495.15,911,35921,17311770,
522105,"BIRLA PRECISION TECHNOLOGIES L",X,STK,31.94,31.94,30.4,30.43,30.4,31.9,271,53943,1648417,
522108,"YUKEN INDIA LTD.",B,STK,716.4,734,704.85,733.65,733.65,728,24,184,131305,
522113,"TIMKEN INDIA LTD.",A,STK,3380,3380,3236.9,3281.75,3290,3385.2,315,1112,3629113,
522122,"VOITH PAPER FABRICS INDIA LTD.",X,STK,1522.1,1522.1,1470,1486.25,1490,1538.25,74,387,578256,
522134,"ARTSON LIMITED",X,STK,140.1,141.85,136.25,136.4,138.4,143.4,113,3335,455924,
522152,"SOLITAIRE MACHINE TOOLS LTD.",X,STK,92.5,100.01,90.36,95.01,95,99.79,23,561,54711,
522163,"DIAMOND POWER INFRASTRUCTURE L",B,STK,131,135.5,129.7,134.45,134.2,135.5,651,53232,7024928,
522165,"INDSIL HYDRO POWER AND MANGANE",X,STK,38.34,38.34,36.66,37.45,37.25,38.34,51,3269,121197,
522183,"ITL INDUSTRIES LTD.",X,STK,259.6,259.6,225,244.9,245,251.05,77,1504,357809,
522195,"FRONTIER SPRINGS LTD.",B,STK,4370,4370,4200,4282.05,4282.05,4337.15,1114,6982,29889226,
522205,"PRAJ INDUSTRIES LTD.",A,STK,304.4,322.55,297.25,312.6,312.6,304.55,8775,527230,166103650,
522207,"RASANDIK ENGINEERING INDUSTRIE",X,STK,51.8,57,51.8,53.76,53.6,57.69,41,3978,213666,
522209,"YOGI SUNG-WON (INDIA) LTD.",X,STK,5.09,5.19,4.75,4.81,4.76,5.1,34,18354,89335,
522215,"HLE GLASCOAT LIMITED",B,STK,306.6,312.4,298,309.05,306.2,308.8,471,14180,4299194,
522217,"GUJARAT APOLLO INDUSTRIES LTD.",B,STK,390,390,375.45,382.4,382.4,374.1,61,1439,551392,
522229,"TANEJA AEROSPACE & AVIATION LT",X,STK,263.9,265,240,260.25,261.5,263.9,676,39002,9742888,
522231,"CONART ENGINEERS LTD.",X,STK,66.72,68.8,65,66.5,68.2,66.72,38,3138,206899,
522235,"MINAL INDUSTRIES LIMITED",X,STK,2.46,2.47,2.02,2.3,2.3,2.28,101,31739,74651,
522237,"SHIVAGRICO IMPLEMENTS LTD.",X,STK,26.27,28.88,24.89,24.89,24.89,31.11,90,32975,826256,
522241,"M.M.FORGINGS LTD.",B,STK,424.7,446.05,408.7,442.75,442.9,435.6,171,3153,1340294,
522245,"IYKOT HITECH TOOLROOM LTD.",XT,STK,14.33,15.04,14.33,15.04,15.04,14.33,13,4602,68855,
522249,"MAYUR UNIQUOTERS LTD.",B,STK,515.95,516.9,490.85,499.75,501,516.9,265,2165,1081934,
522251,"CENLUB INDUSTRIES LTD.",X,STK,186,205,180.5,202.1,201.6,186.15,185,7980,1569723,
522257,"RAJOO ENGINEERS LTD.",B,STK,60.71,60.71,58.27,58.92,58.92,61.5,540,52441,3108862,
522261,"DOLPHIN OFFSHORE ENTERPRISES (",B,STK,447.95,489.05,427.6,479.2,479.2,438.25,4895,311791,145965801,
522267,"VEEJAY LAKSHMI ENGINEERING WOR",X,STK,38,39.95,36,38,38,38,8,374,14093,
522273,"AHMEDABAD STEELCRAFT LTD.",X,STK,160,160,148,148.45,148,159.85,97,2338,349874,
522275,"GE Vernova T&D India Limited",A,STK,3799.75,3809.55,3680,3766.2,3769.85,3868.9,9994,32142,120347123,
522281,"RAM RATNA WIRES LTD.",B,STK,346,349.3,334.25,340.2,341.45,351.65,271,4521,1532937,
522285,"JAYASWAL NECO INDUSTRIES LTD.",B,STK,72.35,72.35,68.57,71.56,71.7,73.86,2967,578834,40800215,
522287,"KALPATARU PROJECTS INTERNATION",A,STK,1113.1,1113.1,1071.95,1090.95,1093.25,1133.95,837,9557,10386546,
522289,"NMS GLOBAL LIMITED",XT,STK,75.35,83.26,75.35,83.26,83.26,79.3,2,5,408,
522292,"CANDOUR TECHTEX LIMITED",X,STK,147,149,143,144.35,144.9,148,158,19396,2805539,
522294,"T & I GLOBAL LTD.",X,STK,166,188.85,166,170.1,188.85,172.45,9,551,92295,
522295,"CONTROL PRINT LTD.",B,STK,619,633.9,614,619.75,621,630.95,91,966,598596,
522650,"BEMCO HYDRAULICS LTD.",X,STK,84.1,84.1,78.75,79.46,79.46,84.08,225,16407,1332270,
523007,"ANSAL BUILDWELL LTD.",X,STK,98.75,98.75,89.05,92.85,92.25,98.45,31,1710,159134,
523011,"WEIZMANN LTD.",B,STK,82.49,82.49,79.29,79.31,79.29,83.01,7,315,25029,
523019,"B.N.RATHI SECURITIES LTD.",X,STK,14.01,14.91,14.01,14.59,14.59,14.77,213,42196,609944,
523021,"RISHI TECHTEX LTD.",X,STK,42,42,37.11,39.78,41,41.8,24,1109,44499,
523023,"SINCLAIRS HOTELS LTD.",B,STK,73,74.3,72.75,72.89,72.76,74.56,161,2642,193578,
523025,"SAFARI INDUSTRIES (INDIA) LTD.",A,STK,1666.6,1713.1,1619.2,1680.55,1670.55,1680.4,576,8150,13625344,
523062,"J.J.FINANCE CORPORATION LTD.",XT,STK,57.85,60.62,54.86,54.86,54.86,57.74,17,1344,80372,
523100,"COSMO FERRITES LTD.",X,STK,105,105,93.15,95.3,94,105.15,229,23773,2307939,
523105,"CROPSTER AGRO LIMITED",B,STK,7.78,7.86,7.68,7.68,7.68,8.08,194,37393,287601,
523120,"THRIVE FUTURE HABITATS LIMITED",XT,STK,108.8,112,104.5,105.15,105,109.9,44,17137,1805986,
523127,"EIH ASSOCIATED HOTELS LTD.",B,STK,323.75,323.75,310.4,315.3,313.6,323.75,225,9121,2871541,
523144,"MEDI-CAPS LTD.",X,STK,24.88,24.88,22,22.09,22.03,22.79,62,4628,103609,
523151,"OTCO INTERNATIONAL LTD.",X,STK,8.89,8.89,8.89,8.89,8.89,8.89,9,1178,10472,
523160,"MORGANITE CRUCIBLE (INDIA) LTD",X,STK,1290,1326,1251,1271.2,1251,1335.3,114,911,1163939,
523186,"B&A PACKAGING INDIA LIMITED",X,STK,143.65,160,143.65,155.45,155.45,162.5,40,1168,173913,
523204,"ABAN OFFSHORE LTD.",T,STK,23.38,23.52,23.24,23.52,23.52,22.4,175,51255,1203604,
523207,"KOKUYO CAMLIN LTD.",B,STK,76.76,77.4,75.4,76.13,76.3,78.36,84,5071,384968,
523222,"SRM ENERGY LTD.",XT,STK,17.79,17.79,17.79,17.79,17.79,18.15,4,18,320,
523229,"BHARAT SEATS LTD.",B,STK,171,171.85,165,170.7,170.7,178,478,20666,3498796,
523232,"CONTINENTAL PETROLEUMS LTD.",X,STK,86.62,86.62,73.01,75.51,75.51,86.13,198,19273,1472341,
523242,"NB FOOTWEAR LTD.",P,STK,6.65,6.65,6.65,6.65,6.65,7,1,100,665,
523248,"MACHINO PLASTICS LTD.",X,STK,250,274.6,240,266.05,269.4,254.6,69,10348,2516653,
523260,"PEARL POLYMERS LTD.",B,STK,17.99,17.99,17.5,17.5,17.5,17.34,3,359,6380,
523261,"VENKYS (INDIA) LTD.",B,STK,1266,1271.85,1249.55,1265.75,1263.5,1284.45,79,2022,2544504,
523269,"ADVANI HOTELS & RESORTS (INDIA",B,STK,51.61,52.16,51.02,51.14,51.02,52.91,68,9480,489637,
523283,"SUPERHOUSE LTD.",B,STK,141.2,147,141.1,146.85,144,157.9,28,360,52229,
523289,"RAMA VISION LTD.",X,STK,130,144.8,130,139.9,144.8,130.65,28,2012,276722,
523301,"TCPL PACKAGING LTD.",B,STK,2572,2612,2502,2554.5,2518,2570,156,78922,202042822,
523309,"SHRI GANG INDUSTRIES AND ALLIE",X,STK,89,89,80.1,83,83,83.6,103,14065,1172298,
523319,"BALMER LAWRIE & CO.LTD.",B,STK,175.05,175.6,172,174.75,175,175.05,547,25263,4378219,
523323,"KOVAI MEDICAL CENTER & HOSPITA",B,STK,5200,5388,5142,5328.55,5346.95,5268.5,534,3168,16750529,
523351,"STANDARD SHOE SOLE AND MOULD (",P,STK,21.39,21.39,21.39,21.39,21.39,21.39,1,100,2139,
523367,"DCM SHRIRAM LIMITED",A,STK,981,981,946.15,966.3,979.35,990.1,372,2895,2771377,
523369,"DCM SHRIRAM INDUSTRIES LTD.",B,STK,35.1,35.77,33.79,34.5,34.5,35.99,324,25291,874269,
523371,"MAWANA SUGARS LTD.",B,STK,79,81.95,76.11,77.73,77.73,79.25,227,43043,3358523,
523373,"MINI DIAMONDS (INDIA) LTD.",X,STK,19.11,19.11,16.5,17.78,18,18.75,191,13247,238302,
523384,"MAHA RASHTRA APEX CORPORATION",B,STK,112,119,106.06,108.29,108.29,102,414,12505,1376563,
523385,"NILKAMAL LTD.",B,STK,1309.2,1340.95,1308.6,1310.25,1310,1340.85,19,59,77696,
523387,"TRITON CORP.LTD.",X,STK,1.39,1.39,1.3,1.38,1.39,1.33,711,209217,286660,
523391,"NAHAR POLYFILMS LTD.",B,STK,218,224.95,218,223.4,223.4,228.85,54,2587,578739,
523395,"3M INDIA LTD.",A,STK,33885,34000,33085,33480.1,33480.1,34312.55,87,136,4543507,
523398,"BOSCH HOME COMFORT INDIA LIMIT",B,STK,1328,1329.5,1290,1301.25,1290,1330.4,207,1054,1373365,
523405,"JM FINANCIAL LTD.",A,STK,117.9,119.9,114.5,116,116,121.8,3613,340466,39373523,
523411,"ADC INDIA COMMUNICATIONS LIMIT",X,STK,1270,1304.45,1270,1277.8,1274.3,1290.7,81,724,925262,
523419,"TAMILNADU TELECOMMUNICATIONS L",B,STK,8.65,9.54,8.51,9.13,9.13,8.98,10,175,1573,
523445,"RELIANCE INDUSTRIAL INFRASTRUC",B,STK,671.45,677.35,663.7,670.15,667.7,688.7,197,2581,1727220,
523449,"SHARP INDIA LTD.",X,STK,46.52,47.99,43.58,45,45,45.54,32,11692,549127,
523457,"Linde India Limited",A,STK,6700,6714.95,6554.65,6581.85,6585.5,6792.8,1022,4728,31315234,
523465,"IND BANK HOUSING LTD.",B,STK,40.56,42.68,39.67,42,42,42.39,9,379,15614,
523467,"JAI MATA GLASS LTD.",XT,STK,2.29,2.3,2.29,2.29,2.29,2.41,153,106373,243601,
523475,"LOTUS CHOCOLATE CO.LTD.",B,STK,789.7,789.75,756,762.55,757.25,789.7,201,3212,2474761,
523483,"PACIFIC INDUSTRIES LTD.",X,STK,139.95,139.95,135,135,135,144.7,16,801,108335,
523489,"CHENNAI MEENAKSHI MULTISPECIAL",X,STK,41.38,41.38,37.15,39.89,40.3,40.98,13,774,29064,
523519,"UNIVERSAL OFFICE AUTOMATION LT",XT,STK,7.14,7.14,6.82,6.93,6.93,7.17,8,286,1976,
523537,"APM INDUSTRIES LTD.",X,STK,38.6,39.5,38,38.41,38.41,39.97,28,5403,207099,
523539,"PRECISION WIRES INDIA LTD.",B,STK,330,338.25,317.45,335.55,336.5,333.55,2555,80078,26441039,
523550,"KRYPTON INDUSTRIES LTD.",X,STK,37.6,37.6,34.03,34.95,35.5,36.01,37,2256,79623,
523558,"SWISS MILITARY CONSUMER GOODS",X,STK,16.83,16.85,15.84,16.06,16.06,16.83,507,215033,3474326,
523566,"MARTIN BURN LTD.",X,STK,43.55,48.38,43.55,46,46,48.6,21,212,9894,
523574,"Future Enterprises Limited",Z,STK,0.49,0.49,0.49,0.49,0.49,0.49,27,17022,8340,
523586,"INDIAN TONERS & DEVELOPERS LTD",X,STK,233,236.5,230.1,232,231,239.4,96,1328,309035,
523594,"KUNSTSTOFFE INDUSTRIES LTD.",X,STK,22.5,22.89,21.01,22.53,22.53,21.92,20,393,8608,
523598,"SHIPPING CORPORATION OF INDIA",A,STK,234.85,235.85,227.55,232.6,233.6,240.65,2973,230929,53407767,
523606,"SIKA INTERPLANT SYSTEMS LTD.",B,STK,960,1023.6,942,1006.75,1006.75,975.8,1527,30004,29430270,
523610,"ITI LTD.",A,STK,258.4,258.4,246.1,250.55,250.55,259.15,725,18570,4621304,
523618,"DREDGING CORPORATION OF INDIA",B,STK,969.95,969.95,933.15,945.7,941.35,975.5,465,6157,5827548,
523620,"PHAARMASIA LTD.",XT,STK,85.5,85.5,85.5,85.5,85.5,81.86,7,104,8892,
523630,"NATIONAL FERTILIZERS LTD.",B,STK,71.09,71.4,69.51,69.94,69.94,72.56,1069,71681,5017609,
523638,"IP RINGS LTD.",XT,STK,107.7,107.8,107.7,107.7,107.7,113.35,17,1517,163390,
523642,"P.I.INDUSTRIES LTD.",A,STK,3017,3057.3,3000.75,3036.1,3036.35,3078.2,1487,3603,10903678,
523648,"PLASTIBLENDS INDIA LTD.",B,STK,137.1,139.25,134.85,135.15,135.15,137.1,15,5160,697447,
523650,"YASH INNOVENTURES LIMITED",XT,STK,45.75,47,44.66,46.63,47,47,22,37683,1737103,
523660,"WATERBASE LTD.",XT,STK,46.99,46.99,44.94,45.06,44.99,47.3,247,30045,1360608,
523672,"FLEX FOODS LTD.",X,STK,44.5,44.5,40.97,41.07,41.2,41.5,32,4372,180007,
523676,"GOLKUNDA DIAMONDS & JEWELLERY",X,STK,274,279.95,250,262.85,261,283.3,261,14812,3968158,
523694,"APCOTEX INDUSTRIES LTD.",B,STK,364,364.95,353.45,360.4,364.1,364.25,103,1001,359512,
523696,"FORTIS MALAR HOSPITALS LIMITED",X,STK,51.68,52.39,50,51.72,51.75,51.68,258,8796,448568,
523704,"MASTEK LTD.",A,STK,1540,1564.95,1524.9,1555.45,1562.45,1561.5,385,3842,5910474,
523708,"EIMCO ELECON (INDIA) LTD.",B,STK,1540,1540,1501.9,1523.7,1526,1569.95,155,882,1337787,
523710,"SAYAJI HOTELS LTD.",X,STK,277.75,277.75,265.4,267.05,267,277.75,41,6750,1822147,
523716,"ASHIANA HOUSING LTD.",B,STK,306.45,306.75,298.9,304,304.9,306.45,251,4141,1255701,
523722,"SVAM SOFTWARE LTD.",XT,STK,8.48,9.08,8.22,8.22,8.22,8.65,53,33568,283976,
523732,"ECOBOARD INDUSTRIES LTD.",X,STK,58.5,58.99,56,56.5,56.5,58.13,23,1673,94674,
523736,"Dhunseri Ventures Limited",B,STK,217,217,209,209,209,221.7,94,8274,1769993,
523752,"TRANS INDIA HOUSE IMPEX LIMITE",X,STK,5.51,5.56,5.05,5.4,5.4,5.44,237,130773,681211,
523754,"MAHINDRA EPC IRRIGATION LIMITE",B,STK,119.85,119.85,108,111.7,110.4,113.55,29,1686,185111,
523782,"Mitshi India Limited",X,STK,14.68,14.68,13.5,14.33,14.35,14.4,8,152,2182,
523790,"SHUKRA JEWELLERS LTD.",P,STK,7.4,7.4,7.4,7.4,7.4,7.4,1,100,740,
523792,"MAZDA LTD.",B,STK,194.25,194.25,186.75,189.3,190.2,198.2,58,950,179762,
523796,"VICEROY HOTELS LTD.",T,STK,153.2,153.2,145.7,147.4,147.4,149.3,108,1828,269692,
523826,"SOVEREIGN DIAMONDS LTD.",XT,STK,20.81,20.81,20.81,20.81,20.81,21.23,9,440,9156,
523828,"MENON BEARINGS LTD.",B,STK,115.9,117.65,113.2,116.5,116.55,115.9,44,994,115411,
523832,"MUKAT PIPES LTD.",XT,STK,20.99,20.99,20.99,20.99,20.99,22.09,3,541,11355,
523836,"GUJARAT RAFFIA INDUSTRIES LTD.",B,STK,41.3,41.3,39.21,39.5,39.6,39.45,10,693,27320,
523838,"SIMPLEX INFRASTRUCTURES LTD.",B,STK,182,182,171.75,176.45,176.55,185.75,80,7101,1247178,
523840,"INNOVATIVE TECH PACK LTD.",X,STK,16.45,17.49,16.45,16.5,16.5,16.45,13,597,9981,
523842,"SUPER TANNERY LIMITED",X,STK,6.45,6.59,6.06,6.25,6.2,6.32,94,36187,230241,
523844,"CONSTRONICS INFRA LIMITED",X,STK,50.39,50.39,46.21,49.38,47,49.89,23,1561,74659,
523850,"AXTEL INDUSTRIES LTD.",X,STK,445.55,445.55,405,417.15,417.15,457.65,753,18408,7647511,
523862,"GRAND OAK CANYONS DISTILLERY L",B,STK,31,31,28.1,30.43,30.43,29.56,16,1428,40297,
523874,"East India Drums and Barrels M",XT,STK,112.5,112.8,105,111.75,111.75,110.25,60,4263,462571,
523888,"V R WOODART LTD.",XT,STK,83.94,83.94,83.94,83.94,83.94,88.35,8,3053,256268,
523896,"AVI PRODUCTS INDIA LIMITED",XT,STK,43.13,43.13,43.13,43.13,43.13,43.13,13,2628,113345,
524000,"POONAWALLA FINCORP LIMITED",A,STK,406.95,417.95,404.35,413.7,410,424,2133,61853,25356167,
524019,"Kingfa Science & Technology (I",B,STK,4029.2,4080.2,3969.4,4076.6,4054.9,4170,57,288,1152172,
524031,"PATIDAR BUILDCON LIMITED",X,STK,9.83,9.83,9.37,9.37,9.37,9.37,4,150,1451,
524037,"RAMA PHOSPHATES LTD.",B,STK,111.65,111.65,109.2,110.7,111,115.05,133,2538,280562,
524038,"VENLON ENTERPRISES LTD.",X,STK,5.54,5.54,5.06,5.1,5.1,5.29,26,4472,24173,
524051,"POLYPLEX CORPORATION LTD.",B,STK,813,820.6,786.5,795.9,795.25,832.6,278,2013,1616457,
524055,"PANTHER INDUSTRIAL PRODUCTS LT",X,STK,35.24,35.24,35.24,35.24,35.24,37.08,1,1,35,
524075,"ALBERT DAVID LTD.",B,STK,675,675,642,642,642,679.15,99,532,349755,
524080,"HARYANA LEATHER CHEMICALS LTD.",X,STK,58.7,58.7,52,53.04,53.04,57.46,26,2413,130356,
524091,"CARYSIL LIMITED",B,STK,850.5,851.6,810.5,825.65,824.8,862.45,385,5242,4313999,
524109,"KABRA EXTRUSIONTECHNIK LTD.",B,STK,236.9,241.95,233.8,237.45,235,248.15,202,4973,1187624,
524129,"VINYL CHEMICALS (INDIA) LTD.",B,STK,200,203,197.7,199.25,199.85,207.4,152,4590,917218,
524136,"PEE CEE COSMA SOPE LTD.",X,STK,350,350,320,335.1,335.95,343.9,75,2554,844332,
524156,"TCM LTD.",X,STK,41.71,44.1,41.71,42.03,42.16,45,35,4713,200069,
524164,"IOL CHEMICALS & PHARMACEUTICAL",B,STK,73.98,73.98,70.63,71.34,71.34,74.06,534,32563,2322670,
524174,"KESAR PETROPRODUCTS LTD.",X,STK,24.5,24.98,24.1,24.56,24.56,24.98,172,71302,1741883,
524200,"VINATI ORGANICS LTD.",A,STK,1350,1374.95,1325.45,1369.55,1365.1,1374.25,278,1872,2529470,
524202,"LACTOSE (INDIA) LTD.",X,STK,92,99,89.12,97.62,97,91.48,72,15022,1383017,
524204,"TEESTA AGRO INDUSTRIES LTD.",X,STK,110.25,110.25,100.2,102.3,102.2,108.05,29,2327,242522,
524208,"AARTI INDUSTRIES LTD.",A,STK,400.4,411.95,399.25,408.8,408.8,419.1,1483,38240,15510753,
524210,"PENTOKEY ORGANY (INDIA) LTD.",X,STK,36.96,38,36.96,38,38,36.5,2,115,4266,
524212,"WANBURY LTD.",T,STK,249.95,249.95,246.45,248.85,248.85,250.05,3,120,29843,
524218,"RESONANCE SPECIALTIES LTD.",X,STK,95.99,95.99,90,93.65,93.88,97.6,67,4563,418242,
524226,"GUJARAT AMBUJA EXPORTS LTD.",B,STK,133.4,133.4,129.6,130.95,129.6,135.2,300,20121,2628353,
524230,"RASHTRIYA CHEMICALS & FERTILIZ",A,STK,110.1,110.95,107.6,110,110,114.4,2298,143602,15726816,
524238,"GUJARAT INJECT (KERALA) LTD.",XT,STK,67.62,67.62,67.5,67.5,67.5,66.3,34,67110,4531170,
524280,"KOPRAN LTD.",B,STK,122.2,122.95,115.75,120.4,122.95,122.95,275,25792,3046584,
524288,"AIMCO PESTICIDES LTD.",X,STK,51,51,46.56,48,48,49.18,39,794,37528,
524314,"GUJARAT TERCE LABORATORIES LTD",X,STK,41.39,41.39,38.11,38.31,38.11,38.92,31,2076,81927,
524322,"KABRA DRUGS LTD.",X,STK,32.07,32.07,29.5,29.91,29.91,30.55,219,238654,7300722,
524324,"SEYA INDUSTRIES LTD.",T,STK,10.42,10.42,10.42,10.42,10.42,10.96,6,240,2500,
524330,"JAYANT AGRO-ORGANICS LTD.",B,STK,178,183.6,178,179.05,179,181.65,15,220,39688,
524332,"BCL INDUSTRIES LIMITED",B,STK,27.28,27.99,26.97,27.53,27.84,27.72,219,30853,845332,
524336,"SHREE HARI CHEMICALS EXPORT LT",X,STK,102.95,103,98.55,103,103,103.25,16,4207,428262,
524342,"INDO BORAX & CHEMICALS LTD.",B,STK,244.15,244.15,242,243.1,243.1,246.15,163,16924,4096324,
524348,"AARTI DRUGS LTD.",B,STK,355,355,344.5,348.8,349.6,356.85,576,6569,2288077,
524370,"BODAL CHEMICALS LTD.",B,STK,44,44.5,43.2,43.99,44,44.67,245,24622,1084355,
524372,"Orchid Pharma Limited",B,STK,508.55,514.1,488.8,498.9,499.2,508.7,635,7182,3589103,
524394,"VIMTA LABS LTD.",B,STK,426.3,434.8,412.4,433.9,434,432.3,255,5251,2202060,
524396,"BIOFIL CHEMICALS & PHARMACEUTI",B,STK,30.7,32.37,29.6,30.31,30,31.5,32,683,20554,
524400,"ISHITA DRUGS & INDUSTRIES LTD.",X,STK,68,72,66.12,72,72,67.6,8,421,28405,
524404,"MARKSANS PHARMA LTD.",A,STK,165.05,169.75,165.05,168.45,168.5,171.15,805,29245,4890044,
524408,"UNIVERSAL STARCH-CHEM ALLIED L",X,STK,157.8,157.8,126.15,130.7,131,134.85,15,334,45569,
524412,"AAREY DRUGS & PHARMACEUTICALS",B,STK,70,70,66.88,69.2,69.2,70.48,7,131,8936,
524414,"NORRIS MEDICINES LTD.",X,STK,13.75,14.3,13.01,14.29,14.29,13,51,2491,35320,
524434,"ASIAN PETROPRODUCTS & EXPORTS",X,STK,8.2,8.25,7.95,8,8,8.34,22,2024,16217,
524440,"CAMEX LTD.",X,STK,28.66,29.98,28.16,29.79,29.79,29.5,26,2424,71005,
524444,"EVEXIA LIFECARE LIMITED",X,STK,1.5,1.56,1.48,1.53,1.53,1.49,624,3826047,5762007,
524458,"INDO EURO INDCHEM LTD.",X,STK,10.05,11.5,10.05,10.34,10.31,11.02,39,3085,33297,
524470,"SYNCOM FORMULATIONS (INDIA) LT",B,STK,11.91,11.99,11.53,11.86,11.99,12,1059,196856,2315070,
524480,"RIDDHI SIDDHI GLUCO BIOLS LTD.",X,STK,452.3,472.35,452.3,470,470,482.55,24,252,115509,
524488,"SVC INDUSTRIES LIMITED",X,STK,2.34,2.34,2.15,2.19,2.18,2.27,69,16093,35696,
524494,"IPCA LABORATORIES LTD.",A,STK,1450,1514.25,1449.95,1506.45,1501.9,1490.55,488,5447,8051859,
524500,"KILITCH DRUGS (INDIA) LTD.",B,STK,318.65,323,314,320.1,323,318.6,11,998,319331,
524506,"CORAL LABORATORIES LTD.",X,STK,431.95,450,422.15,440.75,449.95,432.55,42,2948,1295779,
524514,"TULASEE BIO-ETHANOL LTD.",ZP,STK,25.4,25.4,25.4,25.4,25.4,26.73,1,100,2540,
524516,"BACIL PHARMA LTD.",X,STK,51.8,51.8,49.01,50,50,49.95,56,12754,640376,
524518,"KREBS BIOCHEMICALS & INDUSTRIE",B,STK,56.85,57.46,51.15,51.15,51.15,55.59,9,37,2038,
524520,"KMC SPECIALITY HOSPITALS (INDI",B,STK,81.82,82.79,79.19,80,80,83.01,1230,93308,7510265,
524522,"LAFFANS PETROCHEMICALS LTD.",X,STK,32,36,29.51,29.54,29.9,32,47,7823,239814,
524534,"BHASKAR AGROCHEMICALS LTD.",X,STK,125,135,125,134.15,131.6,128.8,58,1837,235270,
524542,"SUKHJIT STARCH & CHEMICALS LTD",B,STK,175.25,186,172.1,172.4,172.1,186.2,22,224,39158,
524548,"SHARMA EAST INDIA HOSPITALS &",X,STK,93,98.49,93,97.6,97.6,93,9,128,12049,
524558,"NEULAND LABORATORIES LTD.",A,STK,12750,12771.8,12527.5,12617.1,12643.35,13025.9,320,2124,26861156,
524564,"GAYATRI BIOORGANICS LTD.",X,STK,12.13,12.73,11.67,12.65,12.7,12.13,65,28687,356517,
524570,"PODDAR PIGMENTS LTD.",B,STK,219,219,215,216.45,216.45,221,14,97,21105,
524572,"PHARMAIDS PHARMACEUTICALS LTD.",X,STK,32.16,34.95,32.16,34,34,34.29,56,15945,535455,
524576,"VIVID GLOBAL INDUSTRIES LTD.",X,STK,19.5,20.5,18.85,18.98,18.99,19.65,42,4181,81949,
524580,"PRIYA LTD.",X,STK,21.46,21.46,21.46,21.46,21.46,20.44,1,1,21,
524582,"TIRUPATI STARCH & CHEMICALS LT",X,STK,150.5,169.85,150.5,158.85,158.85,154.15,59,17520,2757517,
524590,"HEMO ORGANIC LIMITED",XT,STK,15.03,15.03,15.03,15.03,15.03,15.33,1,1,15,
524592,"JAYSYNTH ORGOCHEM LIMITED",X,STK,10.85,11.66,10.85,11.28,11.53,11.68,84,9859,111300,
524594,"Aeonx Digital Technology Limit",X,STK,125,129,125,129,129,127,2,20,2540,
524598,"AKSHARCHEM (INDIA) LTD.",B,STK,201.1,201.1,190,191.1,191.3,202.05,10,42,8256,
524602,"BANDARAM PHARMA PACKTECH LIMIT",X,STK,31.25,34.21,29,30.25,30.25,31.1,12,42,1271,
524604,"ADLINE CHEM LAB LIMITED",P,STK,12.66,12.66,12.66,12.66,12.66,13.32,2,200,2532,
524606,"BERYL DRUGS LTD.",X,STK,19.87,19.87,18.01,18.62,18.7,19.96,40,7917,148905,
524614,"IEL LIMITED",X,STK,6.5,6.66,6.35,6.51,6.51,6.66,187,41992,270254,
524622,"ISTREET NETWORK LIMITED",XT,STK,47.99,47.99,45.24,45.79,45.79,47.62,316,94876,4389428,
524624,"GAGAN GASES LTD.",X,STK,19.55,21.1,19.26,19.6,19.6,19.55,35,818,16332,
524628,"PARKER AGROCHEM EXPORTS LTD.",X,STK,16.14,16.14,16.14,16.14,16.14,16.98,2,51,823,
524632,"Shukra Pharmaceuticals Limited",XT,STK,39.39,42,39.36,40.78,41.89,41.43,769,264076,10585170,
524634,"ALUFLUORIDE LTD.",X,STK,426,433.1,411,423.2,421,438.4,349,8020,3350961,
524636,"OXYGENTA PHARMACEUTICAL LIMITE",X,STK,51.61,52.26,49.5,49.86,50,50.6,44,7688,387173,
524640,"ARCHIT ORGANOSYS LTD.",X,STK,38.9,39.45,37.5,38.03,38.45,37.93,68,6987,266229,
524642,"SIKOZY REALTORS LIMITED",XT,STK,1.35,1.36,1.35,1.36,1.36,1.41,7,5718,7742,
524648,"INDO AMINES LTD.",B,STK,97.15,98,96.3,97.8,98,100.05,169,8502,823430,
524654,"NATURAL CAPSULES LTD.",B,STK,151.2,152.35,148.3,149.35,149.45,151.05,11,78,11686,
524661,"WELCURE DRUGS & PHARMACEUTICAL",X,STK,0.28,0.3,0.28,0.29,0.29,0.29,1037,16173482,4605121,
524663,"BHARAT IMMUNOLOGICALS & BIOLOG",B,STK,16.21,17.35,16.21,16.92,16.7,16.89,144,19531,324035,
524667,"SAVITA OIL TECHNOLOGIES LTD.",B,STK,341,348.75,333,341.95,343.5,353.75,81,884,301939,
524669,"HESTER BIOSCIENCES LTD.",B,STK,1452,1473.65,1422.05,1461.65,1462.3,1484.75,34,309,443730,
524675,"KABSONS INDUSTRIES LTD.",X,STK,14.76,14.76,12.8,13.01,13.39,14.76,76,10677,142246,
524687,"BASANT AGRO TECH (INDIA) LTD.",X,STK,9.91,10.42,9.61,10.15,10.2,10.2,231,62296,619728,
524703,"SANDU PHARMACEUTICALS LTD.",X,STK,34.77,34.77,33.85,33.9,33.9,34.77,9,2208,74939,
524709,"NACL Industries Limited",B,STK,115,118.75,112.55,117.4,118.75,118.45,543,70354,8127089,
524711,"VISTA PHARMACEUTICALS LTD.",X,STK,6.75,7.18,5.71,6.09,6.06,6.69,35,10325,62867,
524715,"SUN PHARMACEUTICAL INDUSTRIES",A,STK,1784.95,1815.2,1772.8,1807.6,1807.6,1798.95,7924,395093,712007074,
524717,"TITAN BIOTECH LTD.",X,STK,268,322,252,297.8,297.8,276.25,5781,394168,116688873,
524727,"Span Divergent Limited",XT,STK,34.93,34.93,34.93,34.93,34.93,34.93,5,2758,96336,
524731,"JENBURKT PHARMACEUTICALS LTD.",X,STK,980,1001.7,970,998.3,1001.7,1000.3,108,1091,1073640,
524735,"HIKAL LTD.",B,STK,181.1,181.1,171.5,174,174.9,181.1,526,20380,3546493,
524742,"CAPLIN POINT LABORATORIES LTD.",A,STK,1654,1676.6,1618.05,1668.1,1656.5,1665.7,1268,10742,17644159,
524743,"FISCHER MEDICAL VENTURES LIMIT",B,STK,35.63,35.63,34.01,34.86,34.9,35.76,458,51483,1772472,
524748,"LINK PHARMA CHEM LTD.",X,STK,27,27.89,25.06,27.79,27.85,29,52,6568,174678,
524752,"DECIPHER LABS LIMITED",X,STK,6.26,6.26,6.2,6.2,6.2,6.26,15,2182,13585,
524768,"EMMESSAR BIOTECH & NUTRITION L",X,STK,24.24,26.87,24.24,24.56,24.55,24.8,36,7615,188035,
524774,"NGL FINE-CHEM LTD.",B,STK,2212.05,2449.95,2212.05,2249.95,2287.7,2404.35,100,283,639994,
524790,"EVEREST ORGANICS LTD.",X,STK,265,287.8,256.15,280.1,280.1,306.25,253,10917,2967066,
524804,"AUROBINDO PHARMA LTD.",A,STK,1224.65,1251.05,1193.15,1247,1245.3,1231.6,2748,45380,55945028,
524808,"PHYTO CHEM (INDIA) LTD.",X,STK,23.01,23.96,21.11,23.91,23.95,24,24,2547,57105,
524816,"NATCO PHARMA LTD.",A,STK,1009.6,1019,994.45,1002.2,1005,1019.35,3935,70478,70845010,
524818,"DYNAMIC INDUSTRIES LTD.",X,STK,96.9,96.9,93,94.38,96.05,95,12,183,17280,
524820,"PANAMA PETROCHEM LTD.",B,STK,268,288.4,263.7,281.15,288.4,275.5,59,2038,558930,
524824,"BAL PHARMA LTD.",B,STK,70.1,71,67,69.8,69.85,72.49,27,1818,124522,
524828,"BDH INDUSTRIES LTD.",X,STK,376.1,387.95,351.1,374,374,377,49,739,278355,
526001,"JAUSS POLYMERS LTD.",XT,STK,32.9,32.9,32.9,32.9,32.9,33.57,5,331,10889,
526025,"GLOBUS CONSTRUCTORS & DEVELOPE",X,STK,12.6,12.88,11.65,12.64,12.65,12.6,60,5682,69728,
526027,"CUBEX TUBINGS LTD.",B,STK,95,95,88.8,91.6,92,95.65,398,18721,1693876,
526071,"STELLANT SECURITIES (INDIA) LT",XT,STK,678.35,678.35,655,678.35,678.35,646.05,361,15217,10297580,
526073,"GALAXY BEARINGS LTD.",X,STK,455,467.45,455,457.1,464,474.7,70,1037,473823,
526075,"REKVINA LABORATORIES LTD.",XT,STK,29.32,29.9,28.74,29.9,29.9,29.32,31,10955,324463,
526081,"SC Agrotech Limited",XT,STK,32.14,32.14,30.4,30.4,30.4,31.99,12,232,7124,
526095,"RAVILEELA GRANITES LTD.",X,STK,41.75,41.75,36.75,37.37,40.49,40.4,19,107,4042,
526113,"UNIROYAL MARINE EXPORTS LTD.",X,STK,15,15,15,15,15,14.25,6,106,1590,
526115,"KARAN WOO-SIN LTD.",X,STK,12.92,12.92,10.6,11.36,11.36,11.75,20,2023,23732,
526125,"BN AGROCHEM LIMITED",B,STK,256,256,234.05,256,256,257,72,8295,2003535,
526133,"SUPERTEX INDUSTRIES LTD.",X,STK,6.36,6.36,6.05,6.05,6.05,6.38,9,9161,56619,
526137,"SHETRON LTD.",X,STK,94.3,113,93.85,98.7,98.8,94.4,54,4107,411430,
526139,"TRANSGENE BIOTEK LTD.",X,STK,3.11,3.11,2.71,2.76,2.85,2.84,63,9985,27895,
526143,"MPL PLASTICS LTD.",X,STK,6.7,7.16,6.7,6.94,6.94,7.31,36,8668,59646,
526159,"NIKHIL ADHESIVES LTD.",X,STK,61.02,66,61.02,64.15,64,63.9,170,33688,2172472,
526161,"SPENTA INTERNATIONAL LTD.",X,STK,85.7,85.7,83.5,83.5,83.5,84,2,101,8435,
526169,"MULTIBASE INDIA LTD.",X,STK,160.5,175,160,170.05,172.4,177.15,705,29231,4875730,
526173,"ANDREW YULE & COMPANY LTD.",B,STK,19.69,19.69,18.74,19.02,19.15,19.83,579,153901,2919552,
526179,"LUDLOW JUTE & SPECIALITIES LTD",X,STK,199,231.4,199,220.1,223,211.8,92,4694,1019477,
526187,"ASHRAM ONLINE.COM LTD.",X,STK,4.27,4.27,4.27,4.27,4.27,4.32,3,172,734,
526193,"ROYAL CUSHION VINYL PRODUCTS L",X,STK,19.89,19.89,18.26,18.67,18.67,18.53,40,167272,3282127,
526211,"SURAJ INDUSTRIES LTD.",X,STK,54,55.62,45.27,48.07,49.18,46.35,178,13838,712050,
526217,"Hitech Corporation Limited",B,STK,122,126.4,118,121.95,121.95,122,26,2733,334202,
526225,"BLOOM DEKOR LTD.",XT,STK,13.49,13.49,13.4,13.4,13.4,13.49,4,20,268,
526227,"FILATEX INDIA LTD.",B,STK,39.4,40.32,38.27,39.91,39.81,40.71,694,48893,1929155,
526231,"STANDARD SURFACTANTS LTD.",X,STK,51.94,52,50,51.95,51.95,52.47,8,651,32658,
526237,"MORGAN VENTURES LTD.",X,STK,56.6,56.6,51.05,53.62,53.88,53.23,38,639,33470,
526241,"AMRAPALI INDUSTRIES LTD.",X,STK,13.01,14.45,13.01,13.4,13.4,13.98,19,742,9830,
526247,"PREMIER EXPLOSIVES LTD.",A,STK,505.85,505.85,487,489.3,490.5,506.55,671,16215,7954530,
526251,"MID EAST PORTFOLIO MANAGEMENT",X,STK,19.36,19.36,17.99,18.4,18.4,19.46,15,161,3106,
526263,"MOLD-TEK TECHNOLOGIES LTD.",B,STK,110,121.35,109,116.25,116.25,120.9,85,1888,222220,
526269,"CRESTCHEM LTD.",X,STK,95,95,90,93.8,93.8,89.27,40,2532,237509,
526299,"MPHASIS LTD.",A,STK,2172.85,2213.75,2143.9,2185.9,2178.4,2215.85,1330,5998,13063407,
526315,"DIVYASHAKTI LIMITED",X,STK,50.95,51,47.71,47.71,47.71,50.9,14,965,48870,
526325,"ORIENT PRESS LTD.",B,STK,67.4,69.65,63.1,64.01,64.01,67.5,14,272,18217,
526335,"SHREYAS INTERMEDIATES LTD.",X,STK,7.1,7.5,7.1,7.45,7.45,7.15,13,2096,15307,
526345,"PANJON LTD.",X,STK,23.55,25.85,23.15,25.11,25.11,24.2,114,32633,807421,
526355,"DUROPACK LTD.",X,STK,51,52,51,51.03,51,54,13,1224,62462,
526365,"SWARNSARITA JEWELS INDIA LIMIT",X,STK,32.23,32.25,30.35,30.84,31.99,32.23,37,3682,114429,
526367,"GANESH HOUSING LIMITED",A,STK,640,648,619.45,636.9,636.45,650.35,307,3730,2346770,
526371,"NMDC LTD.",A,STK,79,79.35,76.6,79.09,79.18,79.65,5656,814424,63750662,
526373,"CINDRELLA HOTELS LTD.",X,STK,54.3,54.3,54.29,54.29,54.29,54.79,2,2,108,
526381,"PATEL INTEGRATED LOGISTICS LTD",B,STK,10.49,10.59,9.7,9.8,9.78,10.39,116,13654,137451,
526397,"ALPHAGEO (INDIA) LTD.",B,STK,208.9,211.95,201.45,205.05,202.35,200.95,144,3092,641419,
526407,"HAMPTON SKY REALTY LIMITED",X,STK,10.7,10.7,10.01,10.37,10.59,10.44,128,27153,278419,
526409,"KKALPANA INDUSTRIES (INDIA) LT",X,STK,8.02,8.48,7,7.21,7.21,7.96,179,58632,425785,
526415,"OK PLAY INDIA LTD.",X,STK,4.69,4.69,4.43,4.63,4.68,4.59,359,468582,2119738,
526423,"KRITI INDUSTRIES (INDIA) LTD.",B,STK,82.98,82.98,82.98,82.98,82.98,83.98,1,12,995,
526433,"ASM TECHNOLOGIES LTD.",B,STK,2150,2275,2101.25,2240.35,2240.35,2207.5,2234,30565,66470258,
526435,"PERFECTPAC LTD.",X,STK,78,89.85,75.99,87.03,87,83.43,24,456,37175,
526439,"AMBITIOUS PLASTOMAC COMPANY LT",X,STK,9.98,10.6,9.98,10.5,10.5,10.5,14,435,4386,
526441,"VISION CINEMAS LTD.",XT,STK,1.16,1.16,1.12,1.13,1.13,1.17,38,15411,17471,
526443,"Artificial Electronics Intelli",X,STK,105,105,101.85,102.95,103.35,107.2,471,72347,7429609,
526445,"INDRAYANI BIOTECH LTD.",X,STK,7.7,9.19,7.06,7.41,7.4,7.67,292,310007,2351291,
526468,"EURO LEDER FASHION LTD.",X,STK,17.75,17.75,16.3,16.73,17.45,17.75,33,880,14899,
526471,"WINSOME BREWERIES LTD.",X,STK,18.21,19.49,17.7,19.11,19.11,19.01,185,13835,257836,
526473,"ELEGANT FLORICULTURE & AGROTEC",X,STK,4.37,4.95,4.37,4.54,4.67,4.94,149,61609,285070,
526479,"SKY INDUSTRIES LTD.",X,STK,84,86,80.33,85,85,84,20,940,78958,
526481,"PHOENIX INTERNATIONAL LTD.",X,STK,31.05,32.89,30,32.81,32.85,31.36,24,52122,1582038,
526490,"PRATIK PANELS LTD.",X,STK,7.45,7.45,6.74,6.83,7.17,7.27,86,25043,173956,
526492,"Rishiroop Limited",X,STK,86.1,88,85,85.38,85.38,89.55,70,2700,231258,
526494,"Promact Plastics Limited",X,STK,9,10,9,10,10,10,2,165,1550,
526500,"STERLING GREEN WOODS LTD.",X,STK,24,24,22.8,22.8,22.8,24,17,212,4954,
526504,"DOLPHIN MEDICAL SERVICES LTD.",XT,STK,4.22,4.22,4.22,4.22,4.22,4.02,36,33956,143294,
526506,"SYSTEMATIX CORPORATE SERVICES",B,STK,69.6,69.6,67.63,68.45,68.45,70.33,75,11969,816066,
526508,"Shahi Shipping Limited",X,STK,15,15,14,14.15,14.15,14.51,51,3073,44408,
526519,"ALPINE HOUSING DEVELOPMENT COR",X,STK,103.9,103.9,84.02,85.1,85.1,88.17,24,1379,117625,
526521,"SANGHI INDUSTRIES LTD.",B,STK,55.38,55.38,53.4,54.47,54.47,55.58,122,1572,84666,
526525,"WORLDWIDE ALUMINIUM LIMITED",X,STK,17.8,17.8,16.16,16.16,16.16,17,9,235,4154,
526530,"IIRM HOLDINGS INDIA LIMITED",X,STK,93.99,93.99,80,82.29,84,83.56,34,1985,162967,
526532,"SQUARE FOUR PROJECTS INDIA LIM",X,STK,8.27,8.44,8.27,8.44,8.44,8.44,4,7,58,
526544,"SGL RESOURCES LIMITED",X,STK,2.01,2.25,1.91,2.09,2.15,2.23,359,1244877,2586415,
526546,"CHOKSI LABORATORIES LTD.",X,STK,97,97,92,96.5,96.5,96.05,11,231,22022,
526550,"COUNTRY CLUB HOSPITALITY AND H",B,STK,11.65,14.8,11.65,12.63,12.63,13,27,3364,42748,
526570,"MIDWEST GOLD LTD.",T,STK,3842.15,3992.9,3842.15,3842.15,3842.15,4044.35,247,1340,5155187,
526574,"ENTERPRISE INTERNATIONAL LTD.",X,STK,21.56,21.56,21.56,21.56,21.56,22,1,2,43,
526582,"TPL PLASTECH LTD.",B,STK,60,62,58.51,59.82,61.07,62.44,172,4739,282855,
526586,"WIM PLAST LTD.",X,STK,350,362,350,354.7,354.7,363.75,259,8073,2865771,
526588,"PHOTOQUIP INDIA LTD.",X,STK,14.4,15.01,14.4,14.45,14.45,15.14,8,690,10108,
526596,"LIBERTY SHOES LTD.",B,STK,221,224.35,217.2,220.8,223.15,224,42,834,182877,
526604,"LIPPI SYSTEMS LTD.",XT,STK,54.29,54.29,54.29,54.29,54.29,57.14,46,5725,310810,
526608,"ELECTROTHERM (INDIA) LTD.",B,STK,666,666,615.9,627.8,627,666.35,183,11158,7279139,
526612,"BLUE DART EXPRESS LTD.",A,STK,5330.3,5351,5223,5302.15,5328.25,5400.45,326,1135,5961849,
526614,"EXPO ENGINEERING AND PROJECTS",X,STK,59.16,59.16,55.21,55.49,55.25,58.4,35,2878,162967,
526616,"NATIONAL PLASTIC INDUSTRIES LT",X,STK,47.99,47.99,45,45.53,46.65,46.58,30,3120,142244,
526622,"MFL INDIA LTD.",X,STK,0.39,0.42,0.38,0.38,0.38,0.39,319,604054,235488,
526638,"TEXEL INDUSTRIES LTD.",X,STK,75,75,71,73.86,73.97,74.39,87,11527,849713,
526640,"ROYALE MANOR HOTELS & INDUSTRI",X,STK,30.85,30.85,29.75,30.63,30.63,29.75,9,234,7034,
526642,"MIRZA INTERNATIONAL LTD.",B,STK,33.3,33.3,30.95,31.09,31.14,32.35,93,9695,301890,
526650,"TOURISM FINANCE CORPORATION OF",B,STK,65.79,65.93,62.91,63.57,63.94,66.89,794,264521,16967704,
526654,"THAKKERS DEVELOPERS LTD.",X,STK,124,124,117.8,118,118,124,22,348,41139,
526662,"RAJDARSHAN INDUSTRIES LTD.",B,STK,40.36,40.36,40.36,40.36,40.36,40.36,1,1,40,
526666,"BHARTIYA INTERNATIONAL LTD.",B,STK,725.65,743.75,725.65,743.75,743.75,732.8,2,5,3700,
526668,"KAMAT HOTELS (INDIA) LTD.",B,STK,160.25,182.9,160.25,181.05,182,185.8,64,1980,356957,
526675,"TIRTH PLASTIC LTD.",XT,STK,23.5,23.5,23.09,23.09,23.09,23.5,10,184,4317,
526677,"DSJ KEEP LEARNING LIMITED",B,STK,2.15,2.15,1.9,2.06,2.06,1.9,11,871,1772,
526703,"ECOPLAST LTD.",X,STK,405,436.8,405,427.1,434.75,428.45,20,160,67376,
526705,"ELEGANT MARBLES & GRANI INDUST",X,STK,189.8,199,184,191.2,191.2,189.8,27,427,81894,
526709,"BITS LTD.",XT,STK,8.26,8.26,7.89,7.89,7.89,8.3,353,41609,329210,
526711,"ADARSH PLANT PROTECT LTD.",X,STK,33.53,33.53,32.87,32.87,32.87,32.87,7,14,464,
526717,"HCP PLASTENE BULKPACK LIMITED",X,STK,183.35,183.35,175,177.6,179.5,182.45,48,1584,279861,
526721,"NICCO PARKS & RESORTS LTD.",X,STK,66.05,67.33,65,66.48,66.6,66.39,57,1134,75283,
526723,"NTC INDUSTRIES LTD.",X,STK,161.7,161.7,156.2,160,160,165,87,2082,331530,
526725,"SANDESH LTD.",B,STK,971.2,980.35,932,938,938,974.75,23,55,52438,
526727,"GARNET CONSTRUCTION LTD.",XT,STK,95.33,95.33,89.68,90.22,92.89,94.39,124,19470,1751766,
526729,"GOLDIAM INTERNATIONAL LTD.",A,STK,313,317.1,306.45,313.7,311.9,322.8,592,19484,6029089,
526731,"BRIGHT BROTHERS LTD.",X,STK,214,214,186.05,201.75,201.65,207.25,56,353,70313,
526739,"NARMADA GELATINES LTD.",X,STK,345.3,348.8,340.35,346.05,346.05,353.5,96,3416,1182541,
526747,"PG FOILS LTD.",X,STK,230,238,225.5,228.2,226,237.1,173,21290,4840967,
526755,"VELAN HOTELS LTD.",X,STK,5.34,5.5,5.05,5.06,5.06,5.24,14,686,3523,
526761,"HOWARD HOTELS LTD.",X,STK,26.5,26.5,25.5,25.88,25.88,25.79,5,5,130,
526773,"PRESSURE SENSITIVE SYSTEMS (IN",Z,STK,1.19,1.23,1.19,1.19,1.19,1.25,173,137515,163760,
526775,"VALIANT COMMUNICATIONS LTD.",XT,STK,1000.05,1092.95,1000.05,1073.25,1084.9,1040.95,479,11227,12007369,
526783,"DR.AGARWALS EYE HOSPITAL LTD.",B,STK,4450,4650.05,4425,4500.75,4500,4474.55,1257,4955,22498578,
526797,"GREENPLY INDUSTRIES LTD.",B,STK,194,194,188.1,190.05,189,197,739,26815,5140509,
526799,"UNION QUALITY PLASTICS LTD.",XT,STK,16.6,16.6,15.5,16.49,16.6,15.81,6,803,13294,
526807,"SEAMEC LTD.",B,STK,1273.75,1334.2,1270.15,1327.5,1327.5,1346.05,240,1855,2431146,
526813,"RAGHUNATH INTERNATIONAL LTD.",X,STK,10.12,10.51,10.12,10.14,10.14,11.47,14,8698,88168,
526817,"CHEVIOT CO.LTD.",B,STK,1000.5,1000.5,980,985,985,1010,29,61,60321,
526821,"DAI-ICHI KARKARIA LTD.",X,STK,240,247.7,230.5,239.95,240,243.45,77,6920,1636502,
526823,"RAJESWARI INFRASTRUCTURE LIMIT",Z,STK,5.9,5.9,5.88,5.9,5.9,5.62,12,8397,49475,
526827,"SPICE ISLANDS INDUSTRIES LIMIT",XT,STK,239,239,239,239,239,243.85,6,403,96317,
526829,"CONFIDENCE PETROLEUM INDIA LTD",B,STK,30,30,27,28.82,28.74,29.7,252,52779,1528474,
526839,"SHELTER INFRA PROJECTS LTD.",X,STK,15.31,15.31,14.8,14.8,14.8,14.1,10,172,2553,
526841,"SHAKTI PRESS LTD.",X,STK,24.15,24.25,22.15,23.95,23.9,23.1,38,11346,272466,
526847,"ASHIRWAD STEELS & INDUSTRIES L",X,STK,22.5,22.5,21.13,21.37,21.31,22.5,27,656,14347,
526849,"BANARAS BEADS LTD.",B,STK,116,116.25,114,114,114,113.25,4,5,576,
526853,"BILCARE LTD.",X,STK,55.7,58.49,55,56.58,56.58,58.68,129,9854,554311,
526859,"ISF LIMITED",X,STK,0.81,0.9,0.81,0.9,0.9,0.9,25,53790,48075,
526861,"RISHI LASER LTD.",X,STK,100,103,95,97.95,97.95,98.95,51,18778,1862699,
526865,"JAINCO PROJECTS (INDIA) LTD.",X,STK,4.4,4.4,4.18,4.18,4.18,4.4,8,1202,5277,
526869,"KUMBHAT FINANCIAL SERVICES LTD",X,STK,18.5,18.5,18.5,18.5,18.5,17.5,3,105,1942,
526871,"INTEC CAPITAL LTD.",X,STK,10.03,10.36,9.35,9.39,9.42,10.03,28,299,2841,
526873,"RAJASTHAN SECURITIES LIMITED",X,STK,36.1,36.1,35.8,36,36,35.98,19,5191,186316,
526877,"SIDDHESWARI GARMENTS LTD.",X,STK,23.22,23.22,23.22,23.22,23.22,23.11,3,102,2368,
526881,"63 Moons Technologies Limited",A,STK,572,572,551.05,557.95,560.45,574.25,389,7134,3979731,
526883,"SHIKHAR CONSULTANTS LTD.",XT,STK,17.83,17.83,17.83,17.83,17.83,18.19,1,50,891,
526885,"SARLA PERFORMANCE FIBERS LTD.",B,STK,84,84,78.1,78.98,78.89,81.91,81,9062,719164,
526891,"MARKET CREATORS LTD.",X,STK,12.61,13.24,12.61,13.24,13.24,12.61,3,1309,16695,
526899,"HIMALAYA FOOD INTERNATIONAL LI",X,STK,8.99,8.99,8.25,8.52,8.52,8.98,275,96447,818889,
526901,"SONAL ADHESIVES LTD.",X,STK,32.2,36,32.2,35.32,36,34.48,26,1295,44824,
526905,"Padmanabh Industries Ltd",XT,STK,8.59,9.38,8.58,9.3,8.6,9.03,6,1577,13575,
526921,"TWENTYFIRST CENTURY MANAGEMENT",B,STK,33.83,34.4,33.16,34.2,34.2,33.83,11,98,3312,
526931,"HARIYANA SHIP BREAKERS LTD.",X,STK,104.5,104.5,96.2,99.65,100,100.35,95,2209,221427,
526935,"ARUNIS ABODE LIMITED",XT,STK,88,88,83.91,84.61,84.61,88.32,706,768655,65124732,
526941,"VAISHNO CEMENT CO.LTD.",P,STK,4.32,4.33,4.32,4.32,4.33,4.54,11,5800,25057,
526945,"TYROON TEA CO.LTD.",X,STK,82,86.22,82,85.95,85.95,82.05,8,51,4258,
526947,"LA OPALA RG LTD.",B,STK,195,195,189.05,191.5,192,196.7,101,1015,194397,
526951,"STYLAM INDUSTRIES LIMITED",B,STK,2190.05,2226.6,2161.1,2207.4,2203.9,2234.45,149,886,1953828,
526953,"VENUS REMEDIES LTD.",B,STK,714,764.9,679.8,755.25,750.7,703.8,307,4443,3279674,
526959,"WOODSVILLA LTD.",XT,STK,13.25,13.25,13.25,13.25,13.25,13.25,1,100,1325,
526961,"LAST MILE ENTERPRISES LIMITED",X,STK,4.58,4.6,3.9,4.04,4.04,4.54,361,628097,2604658,
526965,"GUJARAT CRAFT INDUSTRIES LTD.",X,STK,100,100,95,97.9,95,99.5,20,317,31375,
526967,"HEERA ISPAT LTD.",X,STK,5.11,6.26,5.11,6.23,6.23,6.26,15,1062,5913,
526971,"DHOOT INDUSTRIAL FINANCE LTD.",X,STK,194,203.75,186.6,192.85,200.85,195.65,40,2294,438692,
526981,"SHRI BAJRANG ALLIANCE LIMITED",X,STK,158.5,167,155,156.75,156.5,163.55,59,1703,267520,
526983,"ASHOKA REFINERIES LTD.",P,STK,12.75,12.75,12.75,12.75,12.75,12.75,2,200,2550,
526987,"URJA GLOBAL LTD.",B,STK,8.81,8.96,8.54,8.74,8.76,8.96,1084,159197,1381613,
527001,"ASHAPURA MINECHEM LTD.",A,STK,517.65,525,504.45,514.7,514.7,522.1,798,19349,9869883,
527005,"SHREE PACETRONIX LTD.",X,STK,126,126,110.3,122.3,118.15,123.15,53,3508,415083,
530001,"GUJARAT ALKALIES & CHEMICALS L",B,STK,450,450,425.2,430.55,430.55,452.45,338,5650,2446908,
530005,"INDIA CEMENTS LTD.",A,STK,371.5,379,362.9,367.9,366.15,381.95,885,15935,5849886,
530007,"JK TYRE & INDUSTRIES LTD.",A,STK,439.95,439.95,413.2,424.95,427.65,452.3,6738,467659,198246621,
530017,"STANDARD INDUSTRIES LTD.",B,STK,13.91,14.29,13.91,14,14,14.11,59,12969,183348,
530019,"JUBILANT PHARMOVA LIMITED",A,STK,818,831.05,786.55,820.85,822.3,817.45,421,4349,3488484,
530023,"THE INVESTMENT TRUST OF INDIA",B,STK,86.1,102.29,86.1,93.03,93.39,93,35,1567,147980,
530025,"SAMYAK INTERNATIONAL LTD.",X,STK,15.88,15.88,13.3,15.38,15.38,15.02,37,14998,213052,
530027,"AADI INDUSTRIES LTD.",XT,STK,9.54,9.54,9.08,9.29,9.48,9.55,33,1458,13398,
530037,"SPARKLE GOLD ROCK LIMITED",XT,STK,65,65.11,65,65.11,65.11,62.01,20,6963,453338,
530043,"ACKNIT INDUSTRIES LTD.",X,STK,262.05,291.9,262,267,267,280,14,817,219798,
530045,"TITAN SECURITIES LTD.",X,STK,36.97,38.5,36.37,37,36.66,36.97,136,16733,623574,
530053,"REAL ECO-ENERGY LIMITED",X,STK,4.7,4.7,4.42,4.47,4.46,4.53,87,6084,28141,
530055,"HARMONY CAPITAL SERVICES LTD.",XT,STK,80.52,80.52,80.52,80.52,80.52,80.52,1,99,7971,
530057,"Vivanza Biosciences Limited",X,STK,1.9,1.93,1.9,1.93,1.93,1.97,34,23967,45852,
530063,"YASHRAJ CONTAINEURS LTD.",XT,STK,4.45,4.57,4.16,4.57,4.57,4.36,21,33055,149109,
530065,"LORDS ISHWAR HOTELS LIMITED",X,STK,14.9,15.64,14.65,15.5,15.5,14.9,38,7139,110893,
530067,"CSL Finance Limited",B,STK,240.05,246.7,240,246.7,246.7,245.85,42,673,162640,
530073,"SANGHVI MOVERS LTD.",B,STK,232.05,240,228.15,236.15,235.75,245.5,797,18428,4296523,
530075,"Antelopus Selan Energy Limited",B,STK,645.35,650.25,617.15,635.8,627.9,591.15,2876,87093,55264370,
530077,"PURETROP FRUITS LIMITED",X,STK,175.9,176,172,173.7,174.75,175.25,101,9482,1649936,
530079,"FAZE THREE LTD.",T,STK,434.5,455.85,431,446.6,446.6,452.55,33,851,371862,
530095,"PRADHIN LIMITED",Z,STK,0.19,0.19,0.19,0.19,0.19,0.19,364,1995567,379157,
530109,"ANUPAM FINSERV LIMITED",X,STK,2.15,2.15,2,2.06,2.08,2.11,323,351928,714608,
530111,"RAJ PACKAGING INDUSTRIES LTD.",X,STK,30.7,30.7,29.95,30.6,30.6,29.83,13,715,21864,
530117,"PRIVI SPECIALITY CHEMICALS LIM",A,STK,2879.95,2949.15,2820,2928.2,2924.05,2895.1,1359,9957,28763659,
530119,"NATRAJ PROTEINS LTD.",X,STK,31.53,33.5,29.15,29.56,30.9,31.15,49,12434,380029,
530125,"SAMRAT PHARMACHEM LTD.",X,STK,201.6,203.95,198.25,201.55,201.55,203.2,61,1246,249747,
530127,"NPR FINANCE LTD.",X,STK,25.85,25.85,22.02,22.89,23,24.21,25,147,3364,
530129,"NILE LTD.",X,STK,1642,1675,1601,1635.1,1635.1,1677.2,172,1989,3253243,
530133,"AMCO INDIA LTD.",X,STK,66.16,69.1,65.25,65.78,66,70.95,33,1863,123104,
530135,"OPTIEMUS INFRACOM LTD",B,STK,369.95,369.95,335.1,345.75,347.35,380,672,45008,15524787,
530139,"KREON FINNANCIAL SERVICES LTD.",X,STK,36.31,37,29.06,31.89,34.23,32.5,21,62,2106,
530141,"GYAN DEVELOPERS & BUILDERS LTD",X,STK,32,32.87,32,32.87,32.87,37.8,11,52,1687,
530145,"KISAN MOULDINGS LTD.",X,STK,25.76,27.9,25,26.58,26.25,25.93,386,72610,1866603,
530151,"VIJAY TEXTILES LTD.",Z,STK,6.6,6.6,6.27,6.27,6.27,6.6,6,186,1182,
530163,"KERALA AYURVEDA LTD.",X,STK,209.9,209.9,194,196.7,196.85,212.9,339,39802,7830204,
530167,"MOONGIPA CAPITAL FINANCE LTD.",X,STK,15,15.5,14,15.21,15.22,15.98,53,3292,47741,
530169,"MOHIT PAPER MILLS LTD.",X,STK,28,28.49,27.2,28.47,28.47,28.99,16,509,14000,
530171,"DAULAT SECURITIES LTD.",X,STK,30,30,29,29,29,30.59,19,184,5459,
530173,"OSCAR GLOBAL LTD.",XT,STK,16.95,16.95,16.95,16.95,16.95,16.95,4,735,12458,
530175,"ODYSSEY TECHNOLOGIES LTD.",X,STK,50.8,50.8,48.25,50.36,50.48,50.84,35,3223,158339,
530177,"VK Global Industries Limited",X,STK,21.85,21.85,21.85,21.85,21.85,23,5,8,174,
530179,"RSC INTERNATIONAL LTD.",XT,STK,28.49,28.49,28.49,28.49,28.49,29.98,1,10000,284900,
530185,"Surat Trade and Mercantile Lim",X,STK,4.21,4.57,4.21,4.42,4.4,4.54,183,35515,155619,
530187,"ATHARV ENTERPRISES LTD.",X,STK,3.91,3.91,3.9,3.9,3.9,3.91,23,11494,44932,
530197,"FUNDVISER CAPITAL (INDIA) LIMI",XT,STK,290.8,305.95,290.8,302.7,302.7,305.95,29,319,95905,
530199,"THEMIS MEDICARE LTD.",B,STK,79,79,73.79,76.58,76.5,79.05,331,5915,448092,
530201,"KALLAM TEXTILES LTD",X,STK,2.96,3.06,2.8,2.86,2.82,3.02,80,38895,112968,
530213,"FORTUNE INTERNATIONAL LTD.",X,STK,54.51,64.68,54.51,64,64,65,12,246,13854,
530215,"KINGS INFRA VENTURES LIMITED",X,STK,117.95,117.95,112,113.6,114.25,118.4,171,12830,1449730,
530217,"SWOJAS FOODS LIMITED",X,STK,11.9,11.9,11.33,11.33,11.33,11.92,34,14280,163425,
530219,"Nutricircle Limited",XT,STK,383.6,383.6,383.6,383.6,383.6,387.45,3,12,4603,
530233,"AURO LABORATORIES LTD.",XT,STK,294,299,285,288,288,291.8,33,1502,429926,
530235,"KJMC FINANCIAL SERVICES LTD.",X,STK,45.04,48.34,43.8,46,46,45.06,22,419,19096,
530239,"SUVEN LIFE SCIENCES LTD.",B,STK,135,138.95,132.6,136.05,136.2,138.1,346,29801,4022038,
530245,"ARYAMAN FINANCIAL SERVICES LTD",X,STK,634.45,634.5,592.5,600,600,634.7,35,599,359532,
530249,"BRIDGE SECURITIES LTD.",X,STK,11.06,12,11.06,11.82,11.78,11.74,157,249856,2927598,
530251,"RISA INTERNATIONAL LTD.",X,STK,0.4,0.47,0.38,0.43,0.41,0.42,222,693561,277588,
530253,"RAJASTHAN TUBE MANUFACTURING C",XT,STK,17.14,17.68,17.14,17.14,17.14,18.04,16,11005,188628,
530255,"KAY POWER AND PAPER LTD.",X,STK,9.24,10.5,8.01,8.55,8.55,9.2,118,63831,570999,
530259,"INTER STATE OIL CARRIER LTD.",X,STK,34,34,30.6,31.89,33.55,33.92,77,18053,569650,
530263,"GLOBAL CAPITAL MARKETS LTD.",X,STK,0.5,0.53,0.5,0.52,0.51,0.52,143,202512,103846,
530265,"SAINIK FINANCE & INDUSTRIES LT",X,STK,35.87,35.87,35.85,35.85,35.85,36.6,5,175,6274,
530267,"ARIGATO UNIVERSE LIMITED",X,STK,43.57,43.57,43.55,43.57,43.55,41.5,27,7691,335065,
530271,"RICH UNIVERSE NETWORK LTD.",X,STK,7.02,7.02,7.02,7.02,7.02,7.01,1,1,7,
530281,"QUANTUM DIGITAL VISION (INDIA)",X,STK,22.72,22.72,22.72,22.72,22.72,22.72,4,360,8179,
530289,"SP CAPITAL FINANCING LTD.",X,STK,56.3,57.47,52.2,56.3,56.3,58.95,33,2136,119386,
530291,"PAOS INDUSTRIES LIMITED",XT,STK,51.45,51.45,51.45,51.45,51.45,54.15,4,1354,69663,
530299,"KOTHARI PRODUCTS LTD.",B,STK,63.8,63.8,61,61.08,61,63.9,71,827,51086,
530305,"PICCADILY AGRO INDUSTRIES LTD.",B,STK,535,541.95,516.2,532.55,532.55,544.05,1138,20943,11044286,
530307,"CHAMAN LAL SETIA EXPORTS LTD.",B,STK,241,247.7,239.15,244.05,242.45,251.45,115,5705,1388874,
530309,"CHANDRA PRABHU INTERNATIONAL L",X,STK,12.25,12.55,11.76,12.1,12.4,12.56,90,39473,479299,
530313,"KIMIA BIOSCIENCES LIMITED",X,STK,29,31.49,29,30.15,30,30.26,14,731,22884,
530315,"HINDUSTAN TIN WORKS LTD.",X,STK,112,112.15,103.4,104.95,105.1,111.7,180,16902,1822828,
530317,"GODAVARI DRUGS LTD.",X,STK,80.25,83.45,80,80.29,80,83.02,65,7336,590930,
530331,"PREMCO GLOBAL LTD.",X,STK,411.7,417.9,395.1,408.6,409,415.85,81,965,389795,
530343,"GENUS POWER INFRASTRUCTURES LT",A,STK,252.75,254,241.15,243.95,245.4,257.75,1120,53118,12944723,
530355,"ASIAN ENERGY SERVICES LTD",B,STK,284.8,284.8,261.75,266.3,267.95,284.4,63,1256,340927,
530357,"KBS INDIA LIMITED",XT,STK,1.25,1.25,1.17,1.23,1.23,1.23,82,64890,77842,
530361,"PRABHHANS INDUSTRIES LIMITED",X,STK,44.69,44.69,41,42.89,42.89,41.39,13,345,14212,
530363,"UGAR SUGAR WORKS LTD.",B,STK,36.99,38.93,36,37.36,37.7,36.99,238,25803,982243,
530365,"ORIENT BELL LIMITED",B,STK,255,291.85,246,278.55,284,261.5,233,2386,661856,
530367,"NRB BEARINGS LTD.",B,STK,255.05,259,249.05,255.7,256.1,261.35,358,8166,2077417,
530369,"VAMSHI RUBBER LTD.",X,STK,46.35,46.35,41,41.89,41,45.7,15,559,24852,
530377,"NILA INFRASTRUCTURES LTD.",B,STK,6.81,7.4,6.81,7.28,7.34,7.57,201,25282,183062,
530393,"DB (INTERNATIONAL) STOCK BROKE",B,STK,25.25,25.4,25,25.03,25,25.25,10,143,3601,
530401,"VINYOFLEX LTD.",X,STK,46.78,46.78,43.8,43.93,43.8,44.75,25,1895,84058,
530405,"JINDAL CAPITAL LTD.",X,STK,32.04,32.04,29.35,31.26,31.29,32.04,35,996,30867,
530407,"EPIC ENERGY LTD.",X,STK,25.7,29.88,25.2,28.02,28.02,29.79,159,14615,387766,
530419,"SUMEDHA FISCAL SERVICES LTD.",X,STK,36,36,34,35.73,35.99,35.44,87,14536,507922,
530421,"KUWER INDUSTRIES LTD.",X,STK,8.4,8.6,7.66,7.66,7.66,8.57,35,5777,46857,
530427,"CHOKSI ASIA LIMITED",X,STK,155,155,145.6,146.65,145.6,157.95,59,4492,661433,
530429,"ASHISH POLYPLAST LTD.",X,STK,36,36,30.2,31,31,33.29,18,375,11911,
530433,"SHIVA GLOBAL AGRO INDUSTRIES L",X,STK,35.35,36,31.5,35.73,35.94,34.75,47,7775,270409,
530439,"SIDDHA VENTURES LTD.",X,STK,4.1,4.1,4.05,4.07,4.07,4.05,16,3292,13455,
530443,"KIRAN SYNTEX LTD.",XT,STK,14.8,14.8,14.8,14.8,14.8,15.57,4,56,828,
530445,"SUMERU INDUSTRIES LTD.",X,STK,1.69,1.69,1.55,1.65,1.65,1.53,31,6112,9918,
530449,"RUNGTA IRRIGATION LTD.",X,STK,50,52.99,48,48.77,52,50.83,40,1644,81448,
530457,"GTT DATA SOLUTIONS LIMITED",X,STK,57.9,57.9,50.83,50.84,50.85,56.47,435,81362,4200098,
530459,"VALSON INDUSTRIES LTD.",X,STK,28.2,28.2,25.58,26.5,26.5,26.92,11,568,14578,
530461,"SABOO SODIUM CHLORO LTD.",X,STK,12.15,13.6,12.15,12.78,12.73,12.69,95,22933,291311,
530469,"GSL SECURITIES LTD.",XT,STK,47.89,47.89,47.89,47.89,47.89,50.41,9,2300,110147,
530475,"TINNA RUBBER AND INFRASTRUCTUR",B,STK,641,691.55,619.65,642.25,646.4,643.85,489,5347,3412456,
530477,"VIKRAM THERMO (INDIA) LTD.",X,STK,149,150,145.25,148.95,148.95,151.95,62,1496,220681,
530495,"STRATMONT INDUSTRIES LIMITED",XT,STK,68.53,70.54,65.87,70.54,70.54,67.19,31,1802,121359,
530499,"A.K.CAPITAL SERVICES LTD.",X,STK,1525,1531.1,1519.5,1519.55,1519.5,1531.1,60,1273,1936433,
530517,"RELAXO FOOTWEARS LTD.",A,STK,318.05,321.1,309,310.6,311.65,321.9,1186,18611,5844981,
530521,"VIRAT INDUSTRIES LTD.",X,STK,396,400,355,369.95,370,388.5,80,2529,915162,
530525,"RAJNISH RETAIL LIMITED",X,STK,3.32,3.32,3.19,3.29,3.32,3.33,233,94724,307933,
530533,"TERAI TEA CO.LTD.",X,STK,103.7,103.7,94.3,97.2,103,98.5,6,7,704,
530545,"COSCO (INDIA) LTD.",X,STK,192.1,199.5,177.5,180.45,180.45,193.4,142,2412,443773,
530549,"SHILPA MEDICARE LTD.",A,STK,332.35,335.9,318,333.5,335.25,332.4,404,11682,3790975,
530555,"PARAMOUNT COMMUNICATIONS LTD.",B,STK,32.93,32.93,31.1,32.08,32.24,32.87,1034,109895,3470411,
530557,"NCL RESEARCH & FINANCIAL SERVI",X,STK,0.44,0.44,0.42,0.43,0.43,0.44,781,1245167,532747,
530565,"POPEES CARES LIMITED",XT,STK,11.19,11.19,11.19,11.19,11.19,11.77,3,14327,160319,
530571,"EXPLICIT FINANCE LTD.",X,STK,9.21,9.21,8.35,8.36,9.21,8.78,8,137,1167,
530577,"LADDERUP FINANCE LTD.",X,STK,50.01,52,50,52,52,52.33,4,626,31455,
530579,"U. Y. FINCORP LIMITED",B,STK,13.16,13.8,13.15,13.42,13.42,13.5,20,1737,23085,
530581,"EKAM LEASING & FINANCE CO.LTD.",X,STK,5.95,5.95,5.95,5.95,5.95,5.95,1,1,5,
530585,"SWASTIKA INVESTMART LTD.",X,STK,55,55,51,53.75,53.02,53.92,51,1765,94081,
530589,"PRIMA PLASTICS LTD.",X,STK,114.35,114.35,100,105.5,105.5,111.6,142,10110,1057541,
530595,"TELECANOR GLOBAL LTD.",XT,STK,44.99,45,41.94,41.94,41.94,44.14,125,39113,1664617,
530601,"JAGSONPAL SERVICES LIMITED",X,STK,51.79,57,51.79,53.26,57,52.85,4,283,15073,
530609,"CARNATION INDUSTRIES LTD.",XT,STK,78.82,82.96,78.82,82.96,82.96,82.96,14,1005,82946,
530611,"STURDY INDUSTRIES LTD.",Z,STK,0.2,0.21,0.2,0.2,0.2,0.2,52,120717,24743,
530615,"GARG FURNACE LTD.",X,STK,153.8,153.8,142,148.7,149.5,152.75,35,830,120028,
530617,"SAMPRE NUTRITIONS LTD.",X,STK,19.14,19.9,18.2,19.86,19.86,18.96,1280,484244,9510763,
530621,"Akar Auto Industries Limited",X,STK,90.8,99.9,88.1,96.76,98.8,95.35,100,12541,1176627,
530627,"Vipul Organics Limited",X,STK,192.15,192.15,188,191.6,188,192.15,29,5173,989764,
530643,"ECO RECYCLING LTD.",B,STK,334.85,340,315,319.9,319.9,347.35,1763,29493,9609815,
530655,"Goodluck India Limited",B,STK,1044,1057.5,1023.6,1043.9,1045.4,1079.55,754,9159,9455981,
530663,"GOYAL ASSOCIATES LTD.",X,STK,0.87,0.87,0.86,0.86,0.86,0.86,51,65015,55956,
530665,"ZENITH HEALTH CARE LTD.",X,STK,3.15,3.15,2.82,2.96,2.96,3.05,148,85260,255105,
530669,"ACE ENGITECH LIMITED",XT,STK,134.4,134.4,134.4,134.4,134.4,134.4,6,147,19756,
530677,"SUPREME HOLDINGS & HOSPITALITY",B,STK,50,52.3,49.72,52.3,52.3,51.91,6,310,15829,
530689,"LYKIS LIMITED",X,STK,50.5,50.91,46.11,47.41,48,50.91,283,121515,5883611,
530695,"PRIME PROPERTY DEVELOPMENT COR",X,STK,22,22.94,21,21.38,21.38,22,36,1220,26801,
530697,"Zenlabs Ethica Limited",X,STK,20.3,22,19.02,19.71,19.99,20.5,44,8175,173143,
530699,"RAJ RAYON INDUSTRIES LIMITED",T,STK,22.57,22.81,22.35,22.6,22.7,22.8,15,1776,40155,
530705,"ANIRIT VENTURES LIMITED",XT,STK,41.16,41.16,41.16,41.16,41.16,42,5,1967,80961,
530709,"GOWRA LEASING & FINANCE LTD.",X,STK,84.99,85,78.01,80.92,81,78.27,13,158,13371,
530711,"JAGAN LAMPS LTD.",X,STK,59.95,59.95,55.4,55.62,55.5,59.95,77,4634,265146,
530723,"ASIT C.MEHTA FINANCIAL SERVICE",X,STK,102.2,122.8,102.2,120,120,119.65,6,41,4510,
530733,"ENCODE PACKAGING INDIA LIMITED",X,STK,13.06,13.06,13.06,13.06,13.06,12.44,3,10,130,
530735,"SUPER BAKERS (INDIA) LTD.",X,STK,31.45,31.45,31.45,31.45,31.45,31.45,2,10,314,
530741,"OVOBEL FOODS LTD.",X,STK,147.85,147.85,125.15,129.95,129.95,138.3,180,7645,1002149,
530745,"ACS TECHNOLOGIES LIMITED",X,STK,38.5,39.35,37.84,38.81,39,38.61,166,44289,1692611,
530755,"CORAL NEWSPRINTS LTD.",X,STK,9.46,9.46,9.46,9.46,9.46,9.93,2,2,18,
530759,"STERLING TOOLS LTD.",B,STK,200,200,191,194.5,196.9,203.6,206,4858,943510,
530765,"AGARWAL FORTUNE INDIA LIMITED",X,STK,19.86,19.86,19.86,19.86,19.86,20.9,1,1,19,
530779,"DYNAMIC PORTFOLIO MANAGEMENT &",X,STK,27.72,27.72,27.63,27.63,27.63,26.4,5,46,1274,
530795,"SUNCITY SYNTHETICS LTD.",XT,STK,12.2,12.2,11.07,11.07,11.07,11.65,2,31,377,
530797,"SHREE GANESH ELASTOPLAST LTD.",X,STK,15.33,15.33,15.33,15.33,15.33,14.6,1,141,2161,
530799,"ANNA INFRASTRUCTURES LTD.",X,STK,29.3,29.98,27.71,29.98,29.98,29.16,15,1155,32289,
530803,"Bhageria Industries Limited",B,STK,152.45,152.45,145.95,150.4,152.45,153.05,87,4420,657623,
530805,"ONESOURCE INDUSTRIES AND VENTU",X,STK,7.45,7.45,6.67,7,7,6.97,189,65023,449349,
530809,"BNR UDYOG LTD.",X,STK,33,39,33,34.6,38.95,39,21,444,15391,
530813,"KRBL LTD.",A,STK,310,314.35,304.05,306.25,306.3,318.4,940,44598,13686805,
530821,"SSPDL LTD.",XT,STK,14.42,14.42,14.42,14.42,14.42,15.17,13,2469,35602,
530825,"DAIKAFFIL CHEMICALS INDIA LTD.",X,STK,38.6,39.79,38.55,38.55,38.55,40.57,58,7692,297304,
530829,"CIL SECURITIES LTD.",X,STK,35.99,35.99,34.65,34.66,34.66,36.75,18,841,29554,
530839,"CLIO INFOTECH LTD.",XT,STK,6.44,6.44,6.44,6.44,6.44,6.14,8,4562,29379,
530843,"CUPID LTD.",B,STK,81.95,93.25,81.95,91.7,91.7,402,27438,8169067,735388899,
530845,"SUNSHIELD CHEMICALS LTD.",X,STK,815,819.05,790,795.35,792.9,819.05,114,7648,6132659,
530853,"HIPOLIN LTD.",X,STK,50,50.5,47.58,50.5,50.5,50.07,4,78,3787,
530855,"GDL LEASING & FINANCE LTD.",XT,STK,95.2,95.2,95.2,95.2,95.2,97.1,6,74,7044,
530871,"Chembond Material Technologies",B,STK,140.55,150,130,137.45,137.45,140.55,13,17831,2449555,
530879,"CAPITAL INDIA FINANCE LIMITED",B,STK,29.16,30.5,27.72,28.59,28.23,29.61,1208,261912,7657298,
530881,"Arunjyoti Bio Ventures Limited",X,STK,7.82,8,7.4,7.9,7.9,7.85,194,467899,3705622,
530883,"SUPER CROP SAFE LTD.",X,STK,7.76,7.76,6.82,7.13,7.2,7.77,327,156229,1120223,
530889,"ALKA INDIA LTD.",XT,STK,12.85,12.85,12.85,12.85,12.85,12.24,20,52,668,
530897,"N.G.INDUSTRIES LTD.",X,STK,148.9,148.9,136.55,138.55,138.55,135.4,10,231,32748,
530899,"ASIA PACK LTD.",X,STK,36.83,36.83,36.83,36.83,36.83,36.83,4,537,19777,
530907,"SI CAPITAL & FINANCIAL SERVICE",X,STK,38,38,38,38,38,39,1,25,950,
530909,"ERP SOFT SYSTEMS LTD.",X,STK,50.07,50.07,50.07,50.07,50.07,50.07,2,65,3254,
530917,"R.R.SECURITIES LTD.",P,STK,27.03,27.05,27.03,27.05,27.05,28.45,11,2600,70288,
530919,"REMSONS INDUSTRIES LTD.",B,STK,106.5,106.5,102.35,104.65,104.9,107.85,784,40502,4203432,
530925,"RAMSONS PROJECTS LTD.",XT,STK,112,112,108.05,108.05,108.05,113.7,11,70,7797,
530927,"HARYANA FINANCIAL CORPORATION",ZP,STK,81,81,81,81,81,80,1,100,8100,
530929,"RRP DEFENSE LIMITED",X,STK,821.9,821.9,821.9,821.9,821.9,830.2,11,52,42738,
530931,"STANPACKS (INDIA) LTD.",X,STK,10.7,10.71,10.67,10.67,10.67,11.23,15,7578,80905,
530943,"Aqylon Nexus Limited",B,STK,104.5,104.5,103,103,103,108.4,127,8270,855110,
530951,"RAMINFO LIMITED",X,STK,55,57,54.3,55.07,55,57.01,67,13747,767420,
530953,"SUNIL AGRO FOODS LTD.",X,STK,94.37,94.37,94.37,94.37,94.37,93.91,2,156,14721,
530959,"DIANA TEA CO.LTD.",X,STK,26.45,26.85,22.76,24.11,24.27,26.15,157,25911,627334,
530961,"Vikas EcoTech Limited",B,STK,1.33,1.33,1.28,1.3,1.31,1.34,461,475891,620404,
530965,"INDIAN OIL CORPORATION LTD.",A,STK,159.35,162.15,156.3,161.35,161.35,168.6,12688,1123168,179045667,
530977,"Shri Keshav Cements and Infra",X,STK,149,151,141.1,148.95,148.95,150,9,5231,750102,
530979,"INDIA HOME LOAN LTD.",X,STK,32.5,36.15,32.5,34.88,34.9,35.9,92,2839,97500,
530991,"ROOPA INDUSTRIES LTD.",X,STK,41.56,44,41.55,44,44,42.63,15,598,25813,
530993,"SARTHAK GLOBAL LTD.",X,STK,42.46,44.36,40.14,40.14,40.14,42.25,8,43,1737,
530997,"UNIQUE ORGANICS LTD.",X,STK,92.5,94.8,83.25,87.32,88.49,89.85,85,2855,242516,
530999,"BALAJI AMINES LTD.",B,STK,1025.15,1034.35,996,1003.7,1003.7,1044.8,597,4959,4994622,
531003,"SWARNA SECURITIES LTD.",X,STK,85,85,84.57,84.57,84.57,85,3,11,932,
531015,"VENMAX DRUGS AND PHARMACEUTICA",X,STK,22.9,25.1,20.8,23.85,23.85,23.11,28,1492,33972,
531017,"ARIHANTS SECURITIES LTD.",X,STK,19.05,22,18.05,19.55,19.99,19.29,24,392,8182,
531025,"VISAGAR FINANCIAL SERVICES LTD",X,STK,0.33,0.34,0.32,0.32,0.33,0.34,450,918495,298726,
531029,"BHARAT TEXTILES & PROOFING IND",P,STK,31.55,31.55,30,31.55,31.55,31.55,14,8600,269923,
531033,"REGAL ENTERTAINMENT & CONSULTA",X,STK,26,26.52,26,26.52,26.52,25.26,17,2969,78685,
531035,"ERAAYA LIFESPACES LIMITED",T,STK,25.4,25.4,23.99,23.99,23.99,25.25,376,154114,3734370,
531039,"Swadha Nature Limited",XT,STK,10.11,10.11,10.11,10.11,10.11,10.64,5,208,2102,
531041,"COMPETENT AUTOMOBILES CO.LTD.",X,STK,358.3,374.95,350,369.4,356.1,362.6,59,3920,1407543,
531043,"DHANVANTRI JEEVAN REKHA LTD.",X,STK,23.7,23.7,23.7,23.7,23.7,23.7,2,18,426,
531049,"NEELKANTH ROCKMINERALS LTD.",Z,STK,18.88,18.88,18.88,18.88,18.88,18.88,2,50,944,
531051,"VINTAGE SECURITIES LTD.",X,STK,12.41,12.41,12.41,12.41,12.41,13,3,201,2494,
531065,"OSWAL OVERSEAS LTD.",XT,STK,127.05,127.05,127.05,127.05,127.05,128.3,2,2,254,
531067,"CONTIL INDIA LTD.",X,STK,25.49,25.92,24.17,25.51,25.85,26.06,87,12511,313690,
531069,"VIJAY SOLVEX LTD.",X,STK,564.75,570,482.9,486.75,494,540.55,219,3258,1674798,
531080,"SHRI KRISHNA DEVCON LTD.",X,STK,41,41,33.6,36.89,36.89,37.33,17,2236,82282,
531082,ALANKIT,B,STK,7.8,7.95,7.41,7.69,7.62,7.93,157,51888,395992,
531083,"NIHAR INFO GLOBAL LTD.",XT,STK,5.87,6,5.87,6,6,5.94,5,25,147,
531091,"UNITED CREDIT LTD.",X,STK,28.12,32.99,26.01,27.68,27.79,27.99,47,4068,117411,
531092,"OM INFRA LIMITED",B,STK,73.11,78.8,73.11,78.34,78.5,80.46,134,5699,442220,
531099,"Checkpoint Trends Limited",X,STK,51.01,51.01,51.01,51.01,51.01,53.69,44,17370,886043,
531109,"Ishan Dyes and Chemicals Limit",B,STK,57.5,57.5,54.11,56.28,56.5,61.7,48,3846,213266,
531112,"BALU FORGE INDUSTRIES LIMITED",A,STK,445,455.4,433.1,453.1,454.2,457.55,1161,36563,16227911,
531119,"CEENIK EXPORTS (INDIA) LTD.",X,STK,249.95,249.95,229.95,230,230,240.05,37,810,186623,
531120,"PATEL ENGINEERING LTD.",A,STK,25,25.52,24.54,24.87,24.87,25.89,1751,346479,8612633,
531126,"KATI PATANG LIFESTYLE LIMITED",X,STK,23.68,23.69,22.57,23.42,23.69,22.57,42,80986,1893065,
531129,"INANI MARBLES & INDUSTRIES LTD",X,STK,12.05,12.05,10.79,11,11,11.98,95,49384,543639,
531137,"GEMSTONE INVESTMENTS LTD.",X,STK,1.43,1.6,1.27,1.57,1.58,1.43,226,95452,142951,
531144,"EL FORGE LTD.",X,STK,14.84,14.97,14.45,14.51,14.9,14.86,52,3441,50846,
531146,"MEDICAMEN BIOTECH LTD.",B,STK,285,288.3,281,285.5,285.5,291.5,72,1942,548116,
531147,"ALICON CASTALLOY LIMITED",B,STK,702.9,710.5,696.15,707.15,700,726.05,28,388,272969,
531153,"DILIGENT INDUSTRIES LTD.",X,STK,2.25,2.25,2.15,2.21,2.19,2.23,166,48532,107689,
531155,"EPSOM PROPERTIES LTD.",X,STK,5.62,5.91,5.62,5.91,5.91,5.91,2,13,75,
531156,"ALFAVISION OVERSEAS (INDIA) LT",X,STK,5.52,5.52,5.52,5.52,5.52,4.6,26,31887,176016,
531157,"ORGANIC COATINGS LTD.",X,STK,17.32,17.32,17.32,17.32,17.32,16.5,8,5003,86651,
531158,"CATVISION  LIMITED",X,STK,18.02,18.41,18,18.35,18.35,18.02,38,1318,24099,
531161,"ABM KNOWLEDGEWARE LTD.",X,STK,230,232,219.95,230.95,230.05,235.05,41,4713,1084173,
531162,"EMAMI LTD.",A,STK,450.5,454,439.4,443.1,443.1,458.65,2702,72611,32230719,
531163,"KEMISTAR CORPORATION LIMITED",X,STK,68.2,72.98,63.9,68.5,68.5,73.71,69,1968,135133,
531164,"LASER DIAMONDS LTD.",P,STK,0.69,0.69,0.69,0.69,0.69,0.66,1,400,276,
531168,"ASSOCIATED CERAMICS LTD.",X,STK,199.9,199.9,199.85,199.85,199.85,199.9,2,11,2198,
531169,"SKP SECURITIES LTD.",X,STK,97,97,92.05,92.25,94,97.5,17,223,21019,
531173,"SYSCHEM (INDIA) LTD.",X,STK,45.5,48.45,45.1,45.32,45.28,45.91,81,8230,375541,
531176,"MEFCOM CAPITAL MARKETS LTD.",X,STK,10.5,11.25,10.06,10.91,10.99,10.29,95,9797,105673,
531178,"HEMANG RESOURCES LIMITED",X,STK,12.55,13,12.55,13,13,12.56,10,493,6344,
531179,"ARMAN FINANCIAL SERVICES LTD.",B,STK,1331,1370.9,1302.3,1340.9,1346.6,1384.6,345,3166,4205704,
531190,"EFORU ENTERTAINMENT LIMITED",X,STK,91.5,91.5,87.04,90,90,90.05,53,260,23376,
531191,"FILTRON ENGINEERS LTD.",XT,STK,98.35,98.35,98.35,98.35,98.35,99.3,36,13033,1281795,
531199,"GLANCE FINANCE LTD.",X,STK,185.1,197.95,185.1,197.95,197.95,200,5,23,4280,
531201,"SHILCHAR TECHNOLOGIES LTD.",B,STK,3690.05,3745.95,3636.65,3678.65,3678.65,3811.5,1059,5180,19073748,
531203,"TRADEWELL HOLDINGS LIMITED",X,STK,71,71,64.8,71,71,68.1,6,401,27864,
531205,"SPRIGHT AGRO LIMITED",XT,STK,0.57,0.58,0.55,0.56,0.56,0.57,1576,3086318,1713197,
531209,"NUCLEUS SOFTWARE EXPORTS LTD.",B,STK,750,755,732,744.25,743.65,761.6,144,1195,886431,
531210,"COLINZ LABORATORIES LTD.",XT,STK,41.97,41.97,41.97,41.97,41.97,41.85,7,296,12423,
531212,"NALIN LEASE FINANCE LTD.",X,STK,48.25,48.25,45.45,45.83,45.45,48.7,20,926,42900,
531213,"Manappuram Finance Ltd",A,STK,257.3,257.8,249.95,256.8,257.75,262.85,8100,352589,89337952,
531215,"RTS POWER CORPORATION LTD.",X,STK,107.05,111.7,105.1,107.7,108,109.35,58,3955,424033,
531216,"COMFORT INTECH LTD.",X,STK,6.5,6.84,6.32,6.79,6.71,6.79,787,365087,2396737,
531219,"Shyama Computronics and Servic",P,STK,3.21,3.21,3.21,3.21,3.21,3.35,1,500,1605,
531221,"MAYUR FLOORINGS LTD.",XT,STK,14.55,14.92,14.55,14.55,14.55,15.31,6,106,1579,
531223,"ANJANI SYNTHETICS LTD.",X,STK,23,23.35,22.49,22.71,22.85,23.5,52,2663,60276,
531225,"XTGLOBAL INFOTECH LIMITED",B,STK,35,35,32.92,33,33,35.62,220,3907,130531,
531227,"DECO-MICA LTD.",X,STK,63.88,63.88,62.9,62.9,62.9,60.96,2,10,633,
531228,"RANDER CORPORATION LTD.",X,STK,10.07,10.07,10,10,10,10.04,3,180,1800,
531233,"RASI ELECTRODES LTD.",X,STK,12.45,12.75,12,12.35,12.35,12.5,110,32293,396131,
531234,"SCOOBEE DAY GARMENTS (INDIA) L",X,STK,68.05,71.97,68,70.69,71.97,70.25,17,869,60729,
531235,"CITIPORT FINANCIAL SERVICES LT",XT,STK,43.72,45,40.74,44.3,45,42.86,23,1027,44281,
531237,"DHRUVA CAPITAL SERVICES LTD.",XT,STK,218.65,218.65,218.45,218.55,218.65,218.65,11,3216,702554,
531240,"SHAMROCK INDUSTRIAL CO.LTD.",XT,STK,20.37,20.37,20.37,20.37,20.37,20.37,16,8931,181924,
531241,"LINC LIMITED",B,STK,102.5,104.05,101.2,101.65,101.2,104.35,13,265,27062,
531246,"PRIMA INDUSTRIES LTD.",X,STK,19.65,19.65,17.79,19.65,19.65,18.72,24,1011,19189,
531253,"INDIA GELATINE & CHEMICALS LTD",X,STK,326.7,336.95,325.75,330.1,330.1,337.25,35,660,217415,
531254,"Optimus Finance Limited",X,STK,13.68,13.68,13,13.24,13.25,13.68,128,24640,325948,
531255,"PARAGON FINANCE LTD.",X,STK,48.5,53.96,48.5,53.95,53.95,48.5,14,473,25193,
531257,"PRATIKSHA CHEMICALS LTD.",X,STK,16,16.5,15.51,16.4,16.45,16.54,31,6466,102379,
531259,"ESHA MEDIA RESEARCH LIMITED",X,STK,24.66,24.99,24.66,24.99,24.99,24.99,6,600,14977,
531260,"Refex Renewables & Infrastruct",X,STK,262,262,248.9,248.9,248.9,262,29,539,134622,
531262,"EQUILATERAL ENTERPRISES LIMITE",X,STK,21.45,21.99,20.9,20.9,20.9,22,7,101,2170,
531266,"V.S.T.TILLERS TRACTORS LTD.",B,STK,5300,5300,4913.4,5114.55,5133.9,5326.1,754,2442,12306570,
531268,"B2B SOFTWARE TECHNOLOGIES LTD.",XT,STK,43.86,46,41.68,44.98,45,43.87,293,22694,965502,
531273,"RADHE DEVELOPERS (INDIA) LTD.",X,STK,1.49,1.49,1.44,1.46,1.47,1.53,231,189936,276645,
531274,"KINETIC TRUST LTD.",XT,STK,45.71,45.71,41.37,41.37,41.37,43.54,4,1138,48966,
531278,"Elixir Capital Limited",X,STK,98.45,98.45,90.55,96.05,96,94.1,51,1876,177999,
531279,"Trishakti Industries Limited",X,STK,130.2,134.4,130,131.75,131.25,132.35,81,7961,1038429,
531280,"PANKAJ POLYMERS LTD.",XT,STK,63.24,64.5,59.01,59.01,59.01,62,24,654,39622,
531281,"MARBLE CITY INDIA LIMITED",X,STK,96.45,98.4,94.1,98.4,98.4,96,10,87,8289,
531283,"CINDRELLA FINANCIAL SERVICES L",X,STK,10.45,10.45,9.55,9.55,9.55,9.96,8,2941,29346,
531286,"ADHATA GLOBAL LIMITED",X,STK,24.07,24.5,24.07,24.5,24.5,25.33,4,542,13131,
531287,"NATIONAL PLASTIC TECHNOLOGIES",X,STK,231.4,248.9,230,240.45,234.2,239.8,53,527,124336,
531288,"LEAD FINANCIAL SERVICES LTD.",X,STK,20.15,20.15,20.15,20.15,20.15,21.2,1,1,20,
531289,"NATIONAL FITTINGS LIMITED",X,STK,152.6,182,152.6,159.05,159.05,160.35,76,10546,1838632,
531297,"ARTEFACT PROJECTS LTD.",X,STK,61.3,61.34,58.6,59.71,59.39,61.34,44,6228,372294,
531301,"TUSALDAH LIMITED",X,STK,141.95,141.95,141.25,141.25,141.25,135.2,2,2,283,
531306,"DHP INDIA LTD.",X,STK,470,487,461.05,474.7,479.5,494,65,1257,597543,
531307,"RRIL LIMITED",X,STK,16.8,17.1,16.15,16.84,16.84,16.88,112,22092,366134,
531310,"AVAILABLE FINANCE LTD.",X,STK,140.3,140.3,134.4,136,136,137.55,73,17918,2429571,
531314,"INTEGRA CAPITAL LIMITED",X,STK,13.8,14.5,13.8,14.5,14.5,14.5,4,62,871,
531319,"MARUTI GLOBAL INDUSTRIES LIMIT",X,STK,38.5,40.12,35,39.78,39.72,38.5,38,3770,139608,
531322,"SRI HAVISHA HOSPITALITY INFRAS",B,STK,1.47,1.49,1.32,1.39,1.39,1.5,48,9734,13525,
531323,"JAYATMA INDUSTRIES LIMITED",X,STK,12.19,12.79,12.19,12.79,12.79,12.19,3,1007,12280,
531328,"KRETTO SYSCON LIMITED",X,STK,0.82,0.83,0.78,0.78,0.78,0.82,604,2950669,2329104,
531334,"VIKALP SECURITIES LTD.",X,STK,30.39,30.54,30.39,30.54,30.54,30.54,3,101,3084,
531335,"ZYDUS WELLNESS LTD.",A,STK,380.55,380.55,368.1,373.6,374.45,381.15,431,5216,1941249,
531338,"MILESTONE GLOBAL LTD.",X,STK,18.8,18.8,18.8,18.8,18.8,17.91,2,102,1917,
531340,"BERVIN INVESTMENT & LEASING LT",X,STK,53.9,57.75,52.25,52.25,52.25,55,7,127,6849,
531341,"GUJARAT INVESTA LTD.",XT,STK,20.23,20.23,20.23,20.23,20.23,20.29,1,1,20,
531344,"CONTAINER CORPORATION OF INDIA",A,STK,474.55,475.9,461.6,473.7,473.7,479.4,2110,45788,21480450,
531346,"EASTERN TREADS LTD.",X,STK,28.95,30,27.9,29.87,29.89,28.95,7,42,1184,
531349,"PANACEA BIOTEC LTD.",B,STK,312.05,338.3,306,334,334,320.25,1064,32726,10818777,
531352,"PEETI SECURITIES LTD.",X,STK,22.04,22.04,22.04,22.04,22.04,21,2,2,44,
531357,"MERCURY EV-TECH LIMITED",B,STK,29.67,33.24,29.67,32.05,32.19,31.88,1258,349688,11238017,
531358,"CHOICE INTERNATIONAL LTD.",A,STK,695.35,695.35,646,651.85,659.95,704.2,1353,31569,20871650,
531359,"SHRIRAM ASSET MANAGEMENT CO.LT",X,STK,285,295,277,281.25,281,284.2,167,4960,1418772,
531360,"GOLECHHA GLOBAL FINANCE LTD.",X,STK,27.3,28.66,25.94,28.66,28.66,27.3,14,831,22907,
531364,"Ekansh Concepts Limited",X,STK,170,181.4,165,165,165,169.75,23,898,148325,
531370,"SPARC ELECTREX LIMITED",X,STK,4.5,4.5,4.38,4.38,4.38,4.5,7,104,465,
531373,"THE BYKE HOSPITALITY LTD.",B,STK,42,42,38.2,40.03,39.75,41.37,109,8475,331964,
531381,"ARIHANT FOUNDATIONS & HOUSING",B,STK,1050.1,1100,994.7,1065.8,1092.95,1073.95,89,1746,1856475,
531387,"HASTI FINANCE LTD.",X,STK,8.12,8.35,8.12,8.14,8.16,8.28,10,1326,10814,
531390,"UPSURGE INVESTMENT & FINANCE L",X,STK,71,71,67.25,70,70,71,32,9710,674222,
531395,"PADAM COTTON YARNS LTD.",X,STK,2.24,2.28,2.13,2.14,2.14,2.24,692,481133,1038439,
531396,"WOMEN NETWORKS LTD.",X,STK,9,9,8.65,8.65,8.65,9.1,7,49,440,
531397,"POLYCON INTERNATIONAL LTD.",X,STK,28.31,28.31,25.63,28.31,28.31,26.97,6,113,3062,
531398,"SOURCE NATURAL FOODS & HERBAL",X,STK,120.9,133.7,118,125.8,127,123.35,35,297,37155,
531399,"G.G.AUTOMOTIVE GEARS LTD.",X,STK,174.3,175.15,163,165.8,164.5,173.45,278,21767,3664936,
531400,"ALMONDZ GLOBAL SECURITIES LTD.",B,STK,14.03,14.98,14.03,14.42,14.65,14.83,46,3764,53656,
531402,"LWS KNITWEAR LTD.",X,STK,14.5,16.65,14.23,15.39,16,15.83,30,2655,41494,
531411,"TUNI TEXTILE MILLS LTD.",XT,STK,1.03,1.03,0.95,0.97,0.98,0.99,194,367460,353438,
531412,"RADIX INDUSTRIES (INDIA) LIMIT",XT,STK,196.5,196.5,180.6,180.6,180.6,187.9,8,43,7937,
531413,"KIRAN PRINT-PACK LTD.",XT,STK,27,27,27,27,27,27.99,5,200,5400,
531416,"NARENDRA PROPERTIES LTD.",X,STK,34.25,34.98,33,33.4,34.98,33.62,12,14,474,
531417,"MEGA CORPORATION LTD.",X,STK,2.17,2.18,2.09,2.13,2.14,2.18,82,52842,111675,
531426,"TAMIL NADU NEWSPRINT & PAPERS",B,STK,134,148.45,132.4,137.3,137.3,137,35,2918,401011,
531431,"SHAKTI PUMPS (INDIA) LTD.",A,STK,480.7,485.35,470,476.6,479,494.05,2863,80974,38403576,
531432,"SYSTEMATIX SECURITIES LTD.",XT,STK,13.14,13.14,13.14,13.14,13.14,13.14,5,55,722,
531433,"SUNGOLD CAPITAL LTD.",XT,STK,2.68,2.78,2.68,2.78,2.78,2.65,2,51,141,
531436,"SAFFRON INDUSTRIES LIMITED",X,STK,32.65,32.65,29.59,29.59,29.59,31.14,57,4063,121735,
531437,"Prakash Woollen & Synthetic Mi",X,STK,23,23,20.26,21.72,22.7,23.19,72,10779,231247,
531439,"AION-TECH SOLUTIONS LIMITED",B,STK,43,43,34.65,39.71,39.8,40.21,61,4619,176008,
531441,"LYONS CORPORATE MARKET LTD.",XT,STK,18.85,18.85,18.85,18.85,18.85,19.82,2,3400,64090,
531449,"GRM OVERSEAS LTD.",B,STK,160.95,160.95,153,154.05,154.05,158.8,193,12531,1940738,
531454,"POLYLINK POLYMERS (INDIA) LTD.",X,STK,19.5,19.5,17.5,18.01,18.45,19.02,73,2634,48645,
531456,"MINAXI TEXTILES LTD.",X,STK,1.31,1.56,1.31,1.34,1.34,1.5,30,27223,36931,
531460,"CONTINENTAL CONTROLS LTD.",XT,STK,9.2,9.2,9.02,9.02,9.02,9.2,4,115,1040,
531465,"NOUVEAU GLOBAL VENTURES LTD.",X,STK,0.49,0.49,0.49,0.49,0.49,0.49,16,5845,2864,
531471,"DUKE OFFSHORE LTD.",X,STK,19.99,20.22,19.01,20.22,20.22,19.26,429,49587,993474,
531472,"CYBELE INDUSTRIES LTD.",XT,STK,69.86,69.86,69.86,69.86,69.86,66.54,58,25901,1809443,
531486,"FILMCITY MEDIA LTD.",XT,STK,1.78,1.78,1.7,1.73,1.73,1.78,6,428,744,
531489,"CG-VAK SOFTWARE & EXPORTS LTD.",X,STK,186.7,194.8,181.3,193,194,190.85,98,1725,321573,
531494,"NAVKAR URBANSTRUCTURE LIMITED",B,STK,1.03,1.03,1.03,1.03,1.03,1.08,37,8523,8778,
531495,"BLUE COAST HOTELS LTD.",B,STK,21.16,21.16,20.5,21.1,21.1,21.16,22,888,18677,
531496,"OMKAR OVERSEAS LTD.",XT,STK,8.84,8.84,8.84,8.84,8.84,8.84,7,10816,95613,
531497,"MADHUCON PROJECTS LTD.",B,STK,4.42,4.46,4.21,4.35,4.35,4.42,9,1904,8193,
531500,"RAJESH EXPORTS LTD.",Z,STK,113.55,117.05,113.45,113.45,113.45,119.4,331,7124,810050,
531502,"ESAAR (INDIA) LTD.",X,STK,9.55,9.55,9.55,9.55,9.55,9.74,10,329,3141,
531503,"MARIS SPINNERS LTD.",X,STK,28.01,28.99,28,28.99,28.99,29.53,5,196,5499,
531506,"SHUKRA BULLIONS LTD.",XT,STK,34.1,34.12,34.1,34.12,34.12,32.5,2,140,4774,
531508,"EVEREADY INDUSTRIES INDIA LTD.",B,STK,301.4,317.1,301.4,304.9,307.45,320.05,177,5192,1601393,
531509,"STEP TWO CORPORATION LTD.",X,STK,30.45,31.97,29,29,29,30.45,9,1731,52542,
531512,"ORIENT TRADELINK LTD.",X,STK,18,18.5,16.5,16.87,17,17.46,273,50892,877235,
531515,"MAHAN INDUSTRIES LTD.",XT,STK,9.59,9.59,9.59,9.59,9.59,9.59,18,2907,27878,
531518,"VIKAS PROPPANT & GRANITE LTD.",Z,STK,0.28,0.3,0.28,0.29,0.29,0.29,106,624773,185505,
531525,"ACE SOFTWARE EXPORTS LTD.",X,STK,208.5,216.45,204.1,213.75,214.8,214.35,95,17451,3702545,
531529,"SOFTRAK VENTURE INVESTMENT LTD",X,STK,1.81,1.81,1.72,1.72,1.72,1.81,96,63949,110631,
531531,"HATSUN AGRO PRODUCT LTD.",A,STK,897,911.55,884.05,908.35,910.95,909.75,80,754,677432,
531533,"ACCEDERE LIMITED",X,STK,53.05,58.41,52.85,58.41,58.41,55.63,138,12375,704659,
531537,"MIZZEN VENTURES LIMITED",XT,STK,174.45,184,166.55,179,183.95,175.3,35,6030,1047948,
531539,"RISHABH DIGHA STEEL & ALLIED P",X,STK,32.73,39,32.73,35.8,35.99,33.4,20,1536,54545,
531540,"MARUTI INFRASTRUCTURE LTD.",X,STK,9.05,9.05,8.7,8.85,8.97,9.09,135,20557,183216,
531541,"KOBO BIOTECH LIMITED",Z,STK,2.22,2.44,2.22,2.36,2.29,2.33,22,2629,6000,
531543,"JINDAL WORLDWIDE LTD.",B,STK,22.47,24.56,21.77,22.41,22.62,22.7,936,155399,3630954,
531548,"SOMANY CERAMICS LTD.",B,STK,367.5,373.95,335,340.3,340.3,375.45,1144,12110,4257878,
531550,"JHAVERI CREDITS & CAPITAL LTD.",X,STK,189,190,176,184.7,185.9,187.3,53,1453,270141,
531552,"RAGHUNATH TOBACCO CO.LTD.",X,STK,14,14.7,13.01,13.45,14.7,14.29,59,2895,39993,
531553,"DISHA RESOURCES LIMITED",X,STK,22.75,23.99,20.12,21.17,22.98,22.04,39,16902,381526,
531556,"CORAL INDIA FINANCE & HOUSING",B,STK,32.95,33.22,32.27,32.75,33.02,33.9,171,4676,154359,
531557,"AMIT SECURITIES LTD.",XT,STK,50.95,50.95,46.11,46.11,46.11,48.53,8,139,6684,
531568,"ASHUTOSH PAPER MILLS LTD.",X,STK,6.69,6.69,6.69,6.69,6.69,7.04,1,1,6,
531569,"SANJIVANI PARANTERAL LTD.",X,STK,168,185.25,166,170.55,170.55,170,149,18413,3266924,
531572,"RANJIT SECURITIES LTD.",XT,STK,117.15,117.15,117.15,117.15,117.15,119.5,3,13,1522,
531574,"VAS INFRASTRUCTURE LTD.",XT,STK,9.86,9.9,9.39,9.39,9.39,9.88,8,2075,19508,
531578,"KMF BUILDERS & DEVELOPERS LTD.",XT,STK,10.49,10.49,9.72,9.72,9.72,10.22,10,4187,41751,
531582,"BERYL SECURITIES LTD.",XT,STK,27.54,27.54,27.54,27.54,27.54,27.54,5,1700,46818,
531583,"RAP CORP LIMITED",X,STK,36.89,36.89,35.5,36.58,36.58,36.99,5,42,1538,
531585,"DEVINE IMPEX LTD.",X,STK,8.08,8.11,8.08,8.11,8.11,8.5,3,250,2023,
531591,"BAMPSL SECURITIES LTD.",X,STK,19.5,19.99,19.35,19.45,19.45,19.89,38,4013,78841,
531592,"GENPHARMASEC LIMITED",X,STK,1.12,1.14,1.07,1.08,1.09,1.12,446,675905,739843,
531595,"CAPRI GLOBAL CAPITAL LIMITED",A,STK,155.8,158.25,153,156.7,158,161.1,768,25322,3942064,
531599,"FDC LTD.",B,STK,357,374,353.45,372.1,374,361.85,305,5813,2135074,
531608,"GORANI INDUSTRIES LTD.",X,STK,61.93,61.93,60,60,60,57.41,4,122,7481,
531613,"Meyer Apparel Limited",XT,STK,2.88,2.88,2.88,2.88,2.88,2.88,33,92991,267814,
531624,"COUNTRY CONDOS LTD.",B,STK,4.86,5.2,4.68,4.96,5.08,4.92,31,2226,11176,
531626,"OROSIL SMITHS INDIA LTD.",X,STK,4.28,4.5,4.13,4.16,4.15,4.28,60,16741,71001,
531628,"TEJASSVI AAHARAM LIMITED",XT,STK,33.59,33.59,33.59,33.59,33.59,34.27,9,2012,67583,
531633,"LINCOLN PHARMACEUTICALS LTD.",B,STK,607,622.3,607,615.55,619.2,617,354,4062,2495597,
531635,"SILVER OAK (INDIA) LTD.",XT,STK,92.9,92.9,91.9,92.4,92.4,91.9,48,1368,126662,
531637,"PRAVEG LIMITED",B,STK,231,239.7,221.2,236.2,236.2,236.3,948,90295,20823374,
531638,"SURAJ LTD.",B,STK,202,229,202,229,229,217.95,3,14,3144,
531642,"MARICO LTD.",A,STK,785.1,785.1,771.25,777.9,772.65,785.15,2265,17568,13637598,
531644,"TOKYO FINANCE LTD.",X,STK,19.05,22.5,19.05,21.47,21.47,21.12,16,412,8629,
531651,"NATIONAL GENERAL INDUSTRIES LT",X,STK,55,57.99,53.19,57.47,57.5,55.98,14,330,18940,
531652,"UVS HOSPITALITY AND SERVICES L",X,STK,108.32,108.32,90,93.25,94.9,98.48,102,60462,5914093,
531658,"ABATE AS INDUSTRIES LIMITED",X,STK,11.59,12,11.24,11.24,11.24,11.83,105,61811,712297,
531661,"HITTCO TOOLS LTD.",X,STK,11.99,11.99,10.99,10.99,10.99,10.02,15,3537,41162,
531663,"YUVRAAJ HYGIENE PRODUCTS LTD.",X,STK,5.79,5.79,5.33,5.4,5.4,5.59,186,116054,640163,
531667,"RR METALMAKERS INDIA LIMITED",X,STK,25,27.9,25,25.56,25.56,26.01,8,980,26211,
531668,"VISION CORPORATION LTD.",X,STK,2.74,2.74,2.73,2.73,2.73,2.74,3,158,432,
531671,"Karnawati Innovation Limited",XT,STK,1.37,1.37,1.37,1.37,1.37,1.44,8,21524,29487,
531672,"INANI SECURITIES LTD.",X,STK,21.5,22.98,20.83,22.89,22.89,23.14,12,1112,24757,
531673,"ANKA INDIA LTD.",X,STK,24.53,25.48,23.31,23.34,23.34,24.53,109,38713,906104,
531676,"EMROCK CORPORATION LIMITED",XT,STK,255.15,263.2,255.15,255.15,255.15,268.55,78,19739,5036456,
531677,"ARIS INTERNATIONAL LTD.",XT,STK,363,363,363,363,363,363.75,5,215,78045,
531680,"MAYUR LEATHER PRODUCTS LTD.",XT,STK,20.4,20.45,19.43,19.43,19.43,20.45,11,3174,64704,
531681,"AMERISE BIOSCIENCES LIMITED",X,STK,0.64,0.66,0.64,0.66,0.66,0.6,36,55370,35994,
531686,"ADVIK LABORATORIES LTD.",XT,STK,1.73,1.73,1.65,1.65,1.65,1.73,6,32002,52843,
531688,"Prithvi Exchange (India) Limit",X,STK,123.5,123.5,116.6,118,122.45,124,37,585,69513,
531692,"KHYATI MULTIMEDIA-ENTERTAINMEN",X,STK,3.02,3.03,3.02,3.02,3.02,3.02,7,2709,8197,
531694,"RAINBOW FOUNDATIONS LTD.",XT,STK,45.5,45.5,43.99,44.1,44.11,46.3,42,4607,203543,
531716,"TRICOM FRUIT PRODUCTS LIMITED",XT,STK,2.25,2.25,2.14,2.15,2.14,2.25,15,1835,3967,
531717,"Vidhi Specialty Food Ingredien",B,STK,301.9,306.45,284.1,301.35,305.2,317.15,245,6469,1944694,
531719,"BHAGIRADHA CHEMICALS & INDUSTR",B,STK,195.5,197.75,194.65,194.65,194.65,198.45,12,290,56677,
531723,"GACM Technologies Limited",B,STK,0.46,0.47,0.44,0.46,0.46,0.46,250,1589912,712509,
531726,"PANCHSHEEL ORGANICS LTD.",X,STK,106,106,99.1,102.15,102.15,104.7,79,3708,376688,
531727,"MENON PISTONS LTD.",X,STK,56.99,56.99,53.15,53.77,53.77,56.45,340,30445,1644003,
531737,"GREENCREST FINANCIAL SERVICES",X,STK,0.5,0.51,0.49,0.49,0.5,0.5,135,170185,84276,
531739,"GENNEX LABORATORIES LTD.",X,STK,10.84,10.85,10.1,10.38,10.4,10.99,1016,442781,4603813,
531743,"HIRA AUTOMOBILES LTD.",P,STK,204.95,204.95,204.95,204.95,204.95,204.95,1,200,40990,
531744,"GINI SILK MILLS LTD.",X,STK,63.35,63.35,54,54.26,56.24,61.45,52,3161,174263,
531746,"PRAJAY ENGINEERS SYNDICATE LTD",B,STK,22.85,22.85,21.25,21.83,21.83,22.22,36,19343,424539,
531752,"BIOGEN PHARMACHEM INDUSTRIES L",X,STK,0.63,0.63,0.6,0.62,0.62,0.63,822,1110739,687435,
531758,"G.K.CONSULTANTS LTD.",X,STK,11.48,11.48,9.21,9.29,9.21,11.43,63,138160,1331486,
531761,"APOLLO PIPES LIMITED",B,STK,345,418.4,333,391.35,391.35,348.7,26224,1860851,751668812,
531762,"UNJHA FORMULATIONS LTD.",X,STK,20,21.5,19.52,20,20,20.3,14,342,6731,
531768,"POLY MEDICURE LTD.",A,STK,1345,1350.15,1305.5,1318.2,1318,1353.4,942,17060,22704696,
531769,"PFL INFOTECH LTD.",XT,STK,5.21,5.21,5.19,5.21,5.21,5.11,6,6960,36261,
531771,"SHRADDHA PRIME PROJECTS LTD",X,STK,168.95,170,154.2,168.85,168.95,169.45,462,96020,15851053,
531778,"KACHCHH MINERALS LTD.",XT,STK,27.43,29.19,26.56,27.48,29.19,27.95,30,4804,132180,
531780,"KAISER CORPORATION LIMITED",X,STK,4.07,4.59,4.07,4.37,4.43,4.54,238,51731,218773,
531784,"KCL Infra Projects Limited",X,STK,1.3,1.31,1.25,1.29,1.27,1.28,312,923503,1191500,
531794,"SESHACHAL TECHNOLOGIES LTD.",XT,STK,104.26,104.26,104.26,104.26,104.26,105.31,21,4666,486477,
531795,"ATUL AUTO LTD.",B,STK,439.75,439.75,418.3,422.6,423.5,445.4,710,17262,7287678,
531797,"SCAN PROJECTS LTD.",X,STK,90.55,90.55,86.04,86.04,86.04,90.55,5,20,1801,
531802,"PRERNA INFRABUILD LTD.",X,STK,24.85,24.85,23.05,24.32,23.6,24.9,46,11469,274805,
531810,"METAL COATINGS (INDIA) LTD.",X,STK,54.58,58.5,51.22,53.7,53.7,54.51,23,825,42638,
531812,"SGN TELECOMS LTD.",X,STK,0.65,0.65,0.61,0.63,0.63,0.64,66,70785,43946,
531813,"GANGA PAPERS INDIA LTD.",X,STK,77.8,77.8,74.4,74.4,74.4,77.8,3,11,852,
531814,"TIRUPATI SARJAN LTD.",X,STK,8,8.6,8,8.31,8.31,8.6,46,18906,156176,
531822,"RODIUM REALTY LIMITED",X,STK,156.7,170,156.7,165.4,165.4,180,22,207,33951,
531825,"RCC CEMENTS LTD.",XT,STK,14.24,14.24,14.24,14.24,14.24,13.57,2,2400,34176,
531832,"NAGARJUNA AGRI TECH LTD.",XT,STK,48,48,47.5,47.5,47.5,50,2,2,95,
531834,"NATURA HUE CHEM LTD.",XT,STK,13.46,13.46,13.46,13.46,13.46,13.46,2,62,834,
531840,"IEC EDUCATION LTD.",XT,STK,36.2,36.2,33.26,33.26,33.26,35.01,39,2878,101475,
531841,"Indus Finance Limited",X,STK,50.06,50.06,46.4,50,50,50.06,17,369,17944,
531842,"LAHOTI OVERSEAS LTD.",X,STK,45.4,46.9,43.2,45.54,46.19,45.42,104,23637,1078334,
531845,"ZENITH STEEL PIPES AND  INDUST",B,STK,5.85,5.85,5.35,5.58,5.52,5.62,73,20993,115728,
531846,"TRINITY LEAGUE INDIA LTD.",X,STK,12.36,12.36,12.36,12.36,12.36,12.42,1,9,111,
531847,"ASIAN STAR CO.LTD.",B,STK,619.9,620,600.1,600.25,600.1,614.85,8,17,10370,
531859,"ORIENTAL RAIL INFRASTRUCTURE L",B,STK,117.8,117.8,113.45,114.1,114.05,117.65,671,337363,38585406,
531861,"JOINDRE CAPITAL SERVICES LTD.",X,STK,42.09,42.64,40.51,41.96,42.3,42.75,39,1429,59535,
531862,"BHARAT AGRI FERT & REALTY LTD.",X,STK,24.78,25.48,23.99,24.21,23.99,25.29,130,38238,941028,
531867,"UNITECH INTERNATIONAL LTD.",Z,STK,3.5,3.5,3.33,3.46,3.5,3.5,42,5094,17305,
531869,"SACHETA METALS LTD.",X,STK,4.03,4.03,3.71,3.87,3.9,3.98,209,67139,260097,
531878,"ANJANI FINANCE LTD.",X,STK,10.88,10.88,9.63,10.4,10.54,10.63,54,3913,40117,
531888,"REXNORD ELECTRONICS & CONTROLS",X,STK,63.99,63.99,55,58.17,58,59.65,76,5065,295196,
531889,"INTEGRATED INDUSTRIES LIMITED",X,STK,41.5,42.5,39.5,41.95,41.95,43.09,2923,1163761,47657916,
531892,"KHANDWALA SECURITIES LTD.",B,STK,17.78,18.99,16,17.75,17.75,17.35,21,1362,24228,
531893,"SAWACA ENTERPRISES LIMITED",XT,STK,0.38,0.39,0.37,0.38,0.38,0.38,504,513279,196154,
531900,"CCL INTERNATIONAL LTD.",X,STK,22.34,22.99,22.16,22.97,22.97,22.36,24,565,12909,
531902,"GALLOPS ENTERPRISE LTD.",XT,STK,22.43,22.43,22.43,22.43,22.43,23.61,7,159,3566,
531909,"CROISSANCE LIMITED",XT,STK,3.35,3.35,3.05,3.07,3.05,3.2,105,85427,271272,
531910,"Madhuveer Com 18 Network Limit",XT,STK,216.6,239.4,216.6,216.95,216.6,228,35,2982,646724,
531911,"GALAXY AGRICO EXPORTS LTD.",X,STK,44.58,47.76,43.22,45,45,45.49,26,7319,338447,
531913,"GOPAL IRON & STEELS CO.(GUJARA",XT,STK,11.4,11.4,11.39,11.39,11.39,11.39,28,43657,497274,
531918,"HINDUSTAN APPLIANCES LTD.",X,STK,99.5,110,99.5,100.15,100.1,110.5,16,123,12295,
531921,"AGARWAL INDUSTRIAL CORPORATION",B,STK,457.9,466.9,434.5,456.05,463.75,462.15,239,3413,1538806,
531923,"DHAMPURE SPECIALITY SUGARS LTD",X,STK,113.15,117,112.95,112.95,112.95,118.85,77,9069,1025212,
531925,"SHANTANU SHEOREY AQUAKULT LTD.",X,STK,1.2,1.2,1.17,1.2,1.2,1.2,9,5930,7073,
531929,"INNOCORP LTD.",XT,STK,4.75,4.78,4.75,4.78,4.78,4.8,4,153,728,
531930,"SARTHAK INDUSTRIES LTD.",X,STK,27.95,27.95,26.45,27.79,27.95,28.5,16,987,27159,
531931,"SAI CAPITAL LTD.",X,STK,165,168.65,156.1,157.1,157.1,168.65,17,108,17377,
531944,"LEXORAA INDUSTRIES LIMITED",X,STK,19,19.9,18.9,18.98,18.9,19,10,2202,41859,
531950,"VERTEX SECURITIES LTD.",X,STK,3.8,3.8,3.5,3.71,3.7,3.52,343,53296,195059,
531952,"RIBA TEXTILES LTD.",X,STK,74,76.8,71.99,72.71,73.88,75.62,64,16774,1220378,
531959,"NEWTIME INFRASTRUCTURE LIMITED",X,STK,1.92,1.92,1.8,1.86,1.86,1.88,137,30563,56889,
531960,"Kashyap Tele-Medicines Limited",XT,STK,4.81,4.81,4.81,4.81,4.81,5.06,2,5447,26200,
531962,"SHREE METALLOYS LTD.",XT,STK,46.91,46.91,44.57,44.57,44.57,46.91,36,3404,152337,
531968,"IITL PROJECTS LIMITED",X,STK,43.85,44.95,41,41,41,41.95,16,550,24196,
531977,"CHARTERED LOGISTICS LTD.",X,STK,6.8,7.29,5.9,6.08,6.08,6.94,406,380994,2462053,
531978,"AMBIKA COTTON MILLS LTD.",B,STK,1350,1359.9,1343.5,1355.55,1353.2,1374.9,60,514,695623,
531979,"HIND ALUMINIUM INDUSTRIES LTD.",XT,STK,97.32,97.32,90.25,94.77,94.77,94.95,128,4756,445758,
531980,"SENTHIL INFOTEK LTD",XT,STK,30,30,30,30,30,30.94,3,1005,30150,
531982,"SPECTRUM FOODS LTD.",X,STK,12,12.95,11.5,12.27,12.25,12.5,88,18117,225989,
531989,"DECCAN POLYPACKS LTD.",XT,STK,37,37,36,36,36,37.79,5,5001,180055,
531991,"AMRAWORLD AGRICO LTD.",X,STK,0.53,0.53,0.51,0.51,0.51,0.48,70,66539,34610,
531994,"AUTO PINS (INDIA) LTD.",X,STK,156,160.5,146.3,159.1,160,154,15,19,2958,
531996,"ODYSSEY CORPORATION LTD.",X,STK,7.96,8.8,7.65,7.92,8.23,8.25,74,37289,290782,
531997,"IKOMA TECHNOLOGIES LIMITED",X,STK,16.7,16.74,16.2,16.71,16.74,15.95,137,77901,1300183,
532001,"INDUCTO STEEL LTD.",X,STK,59.45,59.45,49.3,50.06,50.06,54.5,15,877,45848,
532005,"SAM INDUSTRIES LTD.",X,STK,38.17,44.49,35.1,36.06,40.39,40.97,27,634,24048,
532007,"SHREEVATSAA FINANCE & LEASING",X,STK,30.66,30.66,29.2,29.2,29.2,29.2,5,5,151,
532011,"VASHU BHAGNANI INDUSTRIES LIMI",X,STK,51.5,51.5,49.78,50,50,52.74,40,53053,2666277,
532015,"GRAVITY (INDIA) LTD.",XT,STK,13.65,13.69,12.5,13.69,13.69,13.04,47,38126,518391,
532016,"ESPIRE HOSPITALITY LIMITED",X,STK,298.4,298.4,270.2,270.95,297,298.4,14,143,39836,
532019,"LCC INFOTECH LTD.",T,STK,4.48,4.48,4.08,4.48,4.48,4.27,5,5371,23982,
532022,"FILATEX FASHIONS LTD.",B,STK,0.19,0.2,0.18,0.2,0.2,0.19,850,11999955,2280622,
532029,"SINDHU TRADE LINKS LIMITED",B,STK,23.25,24.9,23.25,23.97,23.96,25.21,588,157514,3786996,
532039,"ZENOTECH LABORATORIES LTD.",X,STK,44.98,44.98,41,41.21,41.21,44.1,167,16575,696511,
532041,"HINDUSTAN BIO SCIENCES LTD.",XT,STK,8.36,8.36,7.97,7.97,7.97,8.38,12,262,2118,
532042,"FRONTLINE CORPORATION LTD.",X,STK,27.4,27.4,25.05,27.3,27.3,26.11,11,688,17586,
532051,"SWELECT ENERGY SYSTEMS LIMITED",B,STK,480.15,503.85,480.1,498.3,500.15,519,234,1995,987630,
532053,"WALLFORT FINANCIAL SERVICES LT",X,STK,72,79.8,72,74,74,77,9,118,9277,
532054,"KDDL LTD.",B,STK,2399.95,2399.95,2282.2,2327.2,2326,2416,139,598,1388980,
532056,"Trustedge Capital Limited",XT,STK,146.25,148,143.35,143.35,143.35,150.85,24,718,103324,
532067,"3B BlackBio Dx Limited",B,STK,1200,1240.9,1171.2,1206.7,1206.7,1252.05,908,14431,17523691,
532070,"Sumuka Agro Industries Limited",X,STK,210,214.9,204.75,209.45,213.8,217.1,45,2927,608823,
532072,"INTERWORLD DIGITAL LTD.",XT,STK,0.25,0.25,0.24,0.24,0.24,0.25,62,87324,20977,
532090,"Atvo Enterprises Limited",XT,STK,20.15,20.15,19.17,19.8,19.72,20.17,73,57744,1141857,
532092,"EPUJA SPIRITECH LIMITED",XT,STK,1.66,1.67,1.66,1.66,1.66,1.74,87,79661,132287,
532100,"INDO-CITY INFOTECH LTD.",X,STK,13.11,13.11,11.15,11.8,11.8,12.99,36,6305,74609,
532102,"SBEC SUGAR LTD.",X,STK,34.3,34.5,31.45,31.63,31.63,32.84,39,4120,137720,
532105,"MEGA FIN (INDIA) LTD.",ZP,STK,30.36,31.95,30.36,30.36,30.36,31.95,11,2800,85357,
532113,"BRIJLAXMI LEASING & FINANCE LT",XT,STK,10.3,10.3,9.79,9.79,9.79,10.3,27,3713,36667,
532123,"BSEL ALGO LIMITED",X,STK,4.65,4.7,4.5,4.59,4.59,4.63,345,81861,376226,
532124,"RELIABLE VENTURES INDIA LTD.",X,STK,22,22.98,19.15,19.15,19.15,19.78,24,1894,36553,
532131,"TRIUMPH INTERNATIONAL FINANCE",X,STK,15.95,15.95,14.46,15.9,15.9,15.95,20,654,10268,
532134,"BANK OF BARODA",A,STK,285.95,288.95,277.1,288.15,288.15,295.25,7415,348303,98787775,
532139,"G-TECH INFO-TRAINING LTD.",XT,STK,12.88,12.88,12.88,12.88,12.88,12.88,2,1000,12880,
532140,"MOHITE INDUSTRIES LIMITED",X,STK,2.7,2.9,2.38,2.65,2.75,2.75,131,63930,172637,
532141,"ANDHRA CEMENTS LTD.",B,STK,57.99,57.99,51.5,53.09,53.99,53.24,39,468,25616,
532143,"SKM EGG PRODUCTS EXPORT (INDIA",B,STK,153.95,153.95,144,145.8,147.5,154.15,268,6598,976200,
532144,"WELSPUN CORP LIMITED",A,STK,807.3,807.3,768.65,780.35,780.35,807.6,2360,27100,21071987,
532145,"H.S.INDIA LTD.",X,STK,10.97,10.97,10.52,10.59,10.59,10.47,9,215,2325,
532149,"BANK OF INDIA",A,STK,152.8,155.55,147.9,151.35,151.35,159.65,10227,1017659,153045458,
532150,"INDRAPRASTHA MEDICAL CORP.LTD.",B,STK,389.15,398,376.95,394.95,392.9,398.65,382,6230,2413511,
532154,"JOHNSON PHARMACARE LIMITED",X,STK,0.5,0.51,0.49,0.5,0.5,0.5,668,794700,398093,
532155,"GAIL (INDIA) LTD.",A,STK,151.9,151.9,146.45,148.9,148.9,155.6,9791,776828,115316985,
532156,"VAIBHAV GLOBAL LTD",B,STK,210.05,212.1,206.7,208.2,209,217.15,639,20799,4350085,
532159,"TRESCON LIMITED",X,STK,9.09,9.29,8.62,9.1,9.1,9,16,1589,14421,
532160,"GUJARAT STATE FINANCIAL CORPOR",B,STK,10.75,10.75,10.01,10.36,10.32,10.72,123,16242,168718,
532162,"JK PAPER LTD.",A,STK,326,328.1,323.05,326.95,327.75,334.25,589,34839,11316118,
532163,"SAREGAMA INDIA LTD.",A,STK,315.2,323.9,307.25,322.95,322.35,321.1,681,50733,16130773,
532164,"MINOLTA FINANCE LTD.",Z,STK,1.03,1.12,1.03,1.09,1.09,1.07,9,47286,52207,
532172,"Adroit Infotech Limited",B,STK,9.3,9.79,9.3,9.68,9.61,9.66,26,164727,1594614,
532173,"CYBERTECH SYSTEMS AND SOFTWARE",B,STK,104,104.5,95.3,102.45,102.45,105.9,169,10432,1047734,
532174,"ICICI BANK LTD.",A,STK,1277,1282.45,1251.3,1277.4,1277.4,1313.35,13604,290679,369089095,
532175,"CYIENT LIMITED",A,STK,870.05,875,854.35,859.15,862.55,883.9,1451,15611,13430765,
532178,"ENGINEERS INDIA LTD.",A,STK,199.7,199.7,193.25,195.55,195.55,204.75,2582,216128,42199185,
532180,"DHANLAXMI BANK LIMITED",B,STK,23.23,23.34,22.34,22.99,23.05,23.32,332,107198,2461867,
532181,"GUJARAT MINERAL DEVELOPMENT CO",A,STK,535,538.25,523.75,530.35,530.35,546.75,2952,167255,88556785,
532183,"GAYATRI SUGARS LTD.",X,STK,8.3,8.3,7.67,7.85,8,8.05,227,63612,505983,
532187,"INDUSIND BANK LTD.",A,STK,901.75,901.75,870.9,881.35,883,916.7,3129,52944,46673595,
532189,"INDIA TOURISM DEVELOPMENT CORP",B,STK,483,483,460,465,465,483.15,140,923,430425,
532209,"JAMMU & KASHMIR BANK LTD.",A,STK,114.25,114.8,108.7,111.95,111.95,118.65,4891,864045,95857544,
532210,"CITY UNION BANK LTD.",A,STK,251.6,253.8,244.6,246.55,248,259.85,6618,275472,68322382,
532212,"ARCHIES LTD.",B,STK,14.85,14.85,13.9,14.14,13.9,14.9,30,1406,19980,
532215,"AXIS BANK LTD.",A,STK,1280.15,1291.3,1260.25,1288.4,1288.35,1315.9,11321,155470,197927983,
532216,"HB STOCKHOLDINGS LTD.",B,STK,50.29,50.29,50.29,50.29,50.29,50.31,1,1000,50290,
532217,"CMX HOLDINGS LIMITED",X,STK,32.24,32.24,32.24,32.24,32.24,33.93,27,3424,110389,
532218,"SOUTH INDIAN BANK LTD.",A,STK,39,39.05,37.5,38.58,38.58,39.81,11493,2024871,76864753,
532219,"ENERGY DEVELOPMENT COMPANY LTD",B,STK,15.98,15.98,15.02,15.55,15.55,15.63,29,991,15358,
532221,"SONATA SOFTWARE LTD.",A,STK,245,259.3,238,247.4,247.4,246.7,3151,223950,56268356,
532230,"BENGAL TEA & FABRICS LTD.",X,STK,147,147,146.85,146.85,146.85,147,6,37,5437,
532234,"NATIONAL ALUMINIUM CO.LTD.",A,STK,396.85,401.4,384.45,388.3,388.3,395.6,13517,836903,328379792,
532240,"INDIA NIPPON ELECTRICALS LTD.",B,STK,775,788,760.45,771.35,772,791.4,81,5083,3921109,
532256,"NALWA SONS INVESTMENTS LTD.",B,STK,5310.05,5650,5310.05,5591.35,5624,5813.7,85,351,1953349,
532259,"APAR INDUSTRIES LTD.",A,STK,10030.45,10192.35,9882,10137.4,10137.4,10394.65,1959,7633,76228504,
532268,"ACCELYA SOLUTIONS INDIA LIMITE",B,STK,1142.05,1196,1142.05,1188.25,1191.35,1215.2,122,1067,1267623,
532271,"ORCHASP LIMITED",B,STK,2.69,2.69,2.22,2.31,2.29,2.46,107,66638,157878,
532275,"LANDMARC LEISURE CORPORATION L",X,STK,1.9,1.9,1.77,1.78,1.79,1.86,152,70354,125915,
532281,"HCL TECHNOLOGIES LTD.",A,STK,1325.35,1372.8,1325.35,1358.6,1358.6,1356.85,7216,421462,567517881,
532284,"TCFC FINANCE LTD.",X,STK,24.95,24.95,24,24.25,24.25,24.22,32,5698,137400,
532285,"Geojit Financial Services Limi",B,STK,59.91,59.91,58,58.62,58.45,60.56,276,21844,1280532,
532286,"JINDAL STEEL LIMITED",A,STK,1150.35,1165.4,1132.5,1144.45,1148,1180,2213,22763,26003901,
532290,"BLB LTD.",T,STK,16.9,18.3,16.8,17.82,18,17.45,16,1958,33497,
532296,"GLENMARK PHARMACEUTICALS LTD.",A,STK,2075.35,2124.55,2051.6,2116.85,2113.2,2122.15,1477,7770,16196557,
532300,"WOCKHARDT LTD.",A,STK,1290.15,1290.15,1247.1,1268.65,1268.65,1298.95,1323,22505,28356647,
532303,"INTEGRATED HITECH LTD.",X,STK,2.82,3.68,2.82,3.4,3.4,3.26,10,242,797,
532304,"KJMC CORPORATE ADVISORS (INDIA",X,STK,45.8,45.8,43.3,45.75,45.75,45.82,8,2052,93021,
532305,"IND-SWIFT LABORATORIES LTD.",B,STK,126.05,141.5,126.05,139.6,141.5,137.2,758,29913,4047705,
532309,"GE Power India Ltd",T,STK,430.1,445,425.75,441.6,441.6,448.15,326,12145,5222745,
532310,"SHREE RAMA MULTI-TECH LTD.",B,STK,49,49,47.5,47.67,47.52,49.75,259,17768,856447,
532313,"MAHINDRA LIFESPACE DEVELOPERS",A,STK,355.75,355.75,345,349.4,349.75,356.5,250,5523,1923285,
532315,"GROARC INDUSTRIES INDIA LIMITE",X,STK,5.37,5.6,5.36,5.54,5.56,5.64,34,21443,116954,
532320,"VAARAD VENTURES LTD",X,STK,9.57,10.03,9.11,9.12,9.12,9.56,22,801,7633,
532321,"Zydus Lifesciences Limited",A,STK,890.05,911.4,886.5,908.65,908.7,912.95,1591,15434,13850785,
532323,"SHIVA CEMENT LTD.",X,STK,17.16,17.25,15.75,16.41,16.41,17.51,616,278374,4654652,
532324,"CINEVISTA LTD.",B,STK,15.99,15.99,15.26,15.26,15.26,15.45,7,962,14753,
532326,"INTENSE TECHNOLOGIES LTD.",B,STK,94.25,94.25,90.35,90.7,90.7,95,56,1976,180348,
532329,"DANLAW TECHNOLOGIES INDIA LTD.",X,STK,555,555,525,545.15,546,559.45,182,2623,1417711,
532331,"AJANTA PHARMA LTD.",A,STK,2982.5,2982.5,2856.6,2933.75,2953,2990.9,1086,134312,396586716,
532332,"CURA TECHNOLOGIES LTD.",T,STK,94.1,96.07,90,96.07,96.07,91.5,21,5510,498751,
532333,"HB PORTFOLIO LTD.",X,STK,59.18,59.9,55.01,57.99,57.99,58.6,30,2000,116313,
532334,"HB ESTATE DEVELOPERS LTD.",X,STK,67,71.9,67,70,70,67.27,11,63,4268,
532335,"AMBICA AGARBATHIES & AROMA IND",B,STK,24.03,24.03,23.5,23.52,23.8,24.09,15,37136,873454,
532336,"BARON INFOTECH LTD.",Z,STK,1.58,1.58,1.58,1.58,1.58,1.58,1,100,158,
532339,"COMPUCOM SOFTWARE LTD.",B,STK,12.11,13.3,12.11,12.38,12.25,13.03,72,7664,95536,
532340,"OMNI AXS SOFTWARE LTD.",XT,STK,4.38,4.38,4.07,4.28,4.28,4.28,23,1423,5906,
532341,"IZMO Limited",T,STK,674.8,709.4,641.9,709.4,709.4,675.65,261,5128,3428235,
532343,"TVS MOTOR COMPANY LTD.",A,STK,3700,3703.8,3579.2,3627.55,3641.35,3781.65,8786,55764,202181643,
532344,"SOFTSOL INDIA LTD.",X,STK,207.1,207.1,207.1,207.1,207.1,195.35,1,1,207,
532348,"SUBEX LTD.",B,STK,8.36,8.83,8.05,8.65,8.65,8.47,794,260881,2156528,
532349,"TRANSPORT CORPORATION OF INDIA",B,STK,967,969.5,920.3,961.45,969.5,977.65,154,1046,983889,
532350,"PADMALAYA TELEFILMS LTD.",Z,STK,4.38,4.38,4.17,4.38,4.38,4.38,14,5020,21195,
532351,"AKSH OPTIFIBRE LTD.",B,STK,4.5,4.5,4.26,4.38,4.39,4.5,53,41894,183219,
532354,"Virgo Global Limited",X,STK,4.1,4.1,3.52,4.04,4.04,3.74,10,688,2538,
532355,"PICTUREHOUSE MEDIA LTD.",X,STK,6.51,6.51,5.66,6,6,6.33,55,1470,8633,
532356,"TRIVENI ENGINEERING & INDUSTRI",A,STK,388.2,390.8,372,374.45,374.45,390.7,824,18072,6894627,
532357,"MUKTA ARTS LTD.",B,STK,52.26,52.26,47.34,50,50,52.44,25,2960,145448,
532359,"HIT KIT GLOBAL SOLUTIONS LTD.",XT,STK,4.76,4.76,4.76,4.76,4.76,4.54,49,80513,383241,
532362,"NAGPUR POWER & INDUSTRIES LTD.",XT,STK,140.85,143.7,136.55,136.7,143.7,143.7,17,704,100359,
532365,"DYNACONS SYSTEMS & SOLUTIONS L",B,STK,898.95,970.2,860.05,892.35,890.9,884.8,696,6437,5813395,
532366,"PNB GILTS LTD.",B,STK,76.1,76.4,74.2,75.43,75.77,77.28,390,28113,2110979,
532368,"BRIGHTCOM GROUP LIMITED",T,STK,9.6,9.65,9.39,9.47,9.65,9.88,1253,687749,6498433,
532369,"RAMCO INDUSTRIES LTD.",B,STK,273,273,261.05,261.75,261.75,273.2,88,1218,321491,
532370,"RAMCO SYSTEMS LTD.",B,STK,390.1,407.4,385.45,403.9,404.95,406.45,347,5684,2257251,
532371,"TATA TELESERVICES (MAHARASHTRA",A,STK,39.12,39.69,38,38.46,38.33,40.04,2472,383542,14705444,
532372,"Virinchi Limited",B,STK,18.4,20.44,18.4,18.83,18.89,19.75,73,27623,515685,
532373,"WEP SOLUTIONS LTD.",XT,STK,21.15,21.15,19.21,20.05,20.9,20.16,46,22149,438396,
532374,"STERLITE TECHNOLOGIES LTD.",A,STK,176.4,179.05,165.2,174.4,174.4,181.25,4629,434979,74806415,
532375,"TIPS MUSIC LIMITED",A,STK,501.05,502.85,491,499.55,500,509.05,334,4748,2359657,
532376,"UMIYA BUILDCON LIMITED",B,STK,77.97,80.07,77.97,80,80,80.8,7,313,24761,
532378,"UNIVERSAL ARTS LTD.",X,STK,4.26,5,4.26,4.42,4.42,5,6,300,1346,
532379,"FIRST FINTEC LIMITED",XT,STK,6.45,6.77,6.13,6.77,6.77,6.45,16,12150,79750,
532380,"BABA ARTS LTD.",XT,STK,16.57,16.57,16.57,16.57,16.57,16.25,71,79608,1319104,
532382,"BALAJI TELEFILMS LTD.",B,STK,104.3,104.3,98.05,98.85,98.45,104.7,296,19250,1923297,
532384,"TYCHE INDUSTRIES LTD.",X,STK,105.25,109.4,105.25,108.85,109,109.75,22,1802,195406,
532386,"CALIFORNIA SOFTWARE CO.LTD.",B,STK,12.91,13,12.12,12.21,12.45,12.91,23,868,10808,
532387,"PRITISH NANDY COMMUNICATIONS L",B,STK,21,24.8,21,22.26,22.5,21.55,22,684,14475,
532388,"INDIAN OVERSEAS BANK",A,STK,33.58,33.88,32.6,33.05,33.19,34.07,2050,773727,25422770,
532390,"TAJGVK HOTELS & RESORTS LTD.",B,STK,329.85,329.85,314,317,317,330.8,355,4267,1361088,
532392,"CREATIVE EYE LTD.",B,STK,6.44,6.69,6.06,6.54,6.69,6.44,17,2618,16875,
532395,"AXISCADES TECHNOLOGIES LIMITED",B,STK,1422,1453.55,1405.2,1427.05,1437.8,1477.3,752,8082,11538360,
532397,"KONNDOR INDUSTRIES LIMITED",X,STK,13.4,13.99,12.82,13,13,13.4,10,176,2374,
532398,"USHA MARTIN EDUCATION & SOLUTI",B,STK,4.19,4.19,3.9,4.17,4.17,4.3,15,1095,4444,
532400,"BIRLASOFT LIMITED",A,STK,365,372.3,363.05,368.3,368.3,372.15,2231,89091,32759367,
532402,"USG TECH SOLUTIONS LTD.",X,STK,9.45,9.6,8.05,8.86,8.96,9.02,465,35915,311527,
532403,"FOURTH GENERATION INFORMATION",XT,STK,9.02,9.48,9.02,9.02,9.02,9.49,7,2020,18910,
532404,"SAVEN TECHNOLOGIES LTD.",X,STK,35.5,36.47,34.75,36.16,36.16,36.47,191,5783,205938,
532406,"AVANTEL LTD.",A,STK,144.05,144.05,138.45,140,140,144.7,1033,59293,8293870,
532407,"MOSCHIP TECHNOLOGIES LIMITED",A,STK,166,169.85,163.8,168.15,169.05,171.5,3770,282943,47173926,
532408,"SIGMA ADVANCED SYSTEMS LIMITED",B,STK,157.55,160,152.75,152.75,152.75,160.75,135,7960,1226690,
532410,"TRANSCORP INTERNATIONAL LTD.",X,STK,24.07,24.26,22,23.72,24.25,24.07,155,19907,459993,
532413,"CEREBRA INTEGRATED TECHNOLOGIE",Z,STK,4.79,4.79,4.69,4.72,4.79,4.93,47,6932,32693,
532416,"NEXT MEDIAWORKS LTD.",B,STK,4.88,5.5,4.72,4.85,4.82,5.2,21,1915,9358,
532419,"Smartlink Holdings Limited",B,STK,118,118,115,116,116,123,9,133,15461,
532424,"GODREJ CONSUMER PRODUCTS LTD.",A,STK,1102.75,1102.75,1068.4,1081.35,1085.6,1116.75,3076,22677,24434812,
532425,"GENUS PRIME INFRA LIMITED",XT,STK,23.6,23.75,22.53,22.54,22.54,23.62,26,1694,39265,
532430,"BF UTILITIES LTD.",Z,STK,485,485,460.55,466,466,481.95,49,152912,71251354,
532432,"UNITED SPIRITS LTD.",A,STK,1393.85,1393.85,1340.5,1354.95,1353.4,1387.5,2994,33398,45375088,
532435,"SANMIT INFRA LIMITED",X,STK,6.6,6.61,6.01,6.2,6.13,6.61,230,57990,363731,
532439,"OLECTRA GREENTECH LIMITED",A,STK,899.95,899.95,874.05,891.9,899.9,908.4,2228,34884,30937102,
532440,"MPS LTD.",B,STK,1383,1383,1340,1367.2,1370.15,1397.25,254,1384,1873040,
532443,"CERA SANITARYWARE LTD.",A,STK,4713,4713,4529.95,4551.15,4551.15,4746.25,481,1068,4917996,
532444,"T.SPIRITUAL WORLD LTD.",XT,STK,1.62,1.62,1.62,1.62,1.62,1.7,5,2500,4050,
532454,"BHARTI AIRTEL LTD.",A,STK,1825.7,1872.15,1818.7,1867.15,1867.15,1871.45,16396,219856,406301184,
532455,"SHALIMAR WIRES INDUSTRIES LTD.",X,STK,17,17.08,16.5,16.99,17,16.32,26,4632,78831,
532456,"COMPUAGE INFOCOM LTD.",Z,STK,1.31,1.31,1.25,1.31,1.31,1.31,35,7754,9744,
532457,"GULSHAN POLYOLS LTD.",B,STK,156.1,158.1,141.6,157.6,158,156.1,147,6183,965724,
532460,"PONNI SUGARS (ERODE) LTD.",B,STK,269.5,283.85,268.55,272.55,274,275.55,45,1002,277064,
532461,"PUNJAB NATIONAL BANK",A,STK,116.65,116.65,111.75,115.2,115.2,119.3,9480,878149,99641996,
532466,"ORACLE FINANCIAL SERVICES SOFT",A,STK,6650.55,6728.5,6566.5,6705.9,6703.5,6714.55,668,2707,18046903,
532467,"HAZOOR MULTI PROJECTS LTD.",B,STK,29.5,29.77,28.65,28.86,28.86,29.71,984,482943,14064683,
532468,"KAMA HOLDINGS LIMITED",A,STK,2552.05,2574.8,2500,2522.3,2515,2616.2,238,2760,6989861,
532475,"APTECH LTD.",B,STK,82.28,82.28,79.02,80.43,80.43,83.19,271,275075,21885098,
532477,"UNION BANK OF INDIA",A,STK,184.4,184.4,175.5,179.35,179.35,188.55,7116,609271,108512164,
532478,"UNITED BREWERIES LTD.",A,STK,1735.7,1735.7,1673.65,1720.35,1717.05,1757.65,683,5359,9132487,
532481,"NOIDA TOLL BRIDGE COMPANY LTD.",B,STK,3.95,3.95,3.45,3.63,3.63,3.83,27,13664,48218,
532482,"GRANULES INDIA LTD.",A,STK,576.45,576.45,553,559.5,559.25,576.8,672,20035,11230414,
532483,"CANARA BANK",A,STK,140.4,141.2,136.25,139.9,140.3,145.9,8285,1015662,140892204,
532485,"BALMER LAWRIE INVESTMENTS LTD.",B,STK,72.25,72.25,69.7,70.97,71.1,71.88,1211,144389,10259985,
532486,"POKARNA LTD.",B,STK,870,874.35,850.5,870.2,865,897,180,3106,2679496,
532488,"DIVIS LABORATORIES LTD.",A,STK,6295,6360.95,6171.55,6336.85,6352.85,6327.5,1758,74025,465634513,
532493,"ASTRA MICROWAVE PRODUCTS LTD.",A,STK,1038,1038,990.3,1007.7,1008,1037.05,1921,30682,30781184,
532497,"RADICO KHAITAN LTD.",A,STK,2730.3,2761.1,2658.55,2750.45,2700,2763.15,2492,20274,54901784,
532500,"MARUTI SUZUKI INDIA LTD.",A,STK,13899.7,13899.7,13367.5,13504.45,13487.25,14149.15,8479,22884,308666367,
532503,"RAJAPALAYAM MILLS LTD.",X,STK,752,764,752,755.7,755,765.2,45,383,289010,
532504,"NAVIN FLUORINE INTERNATIONAL L",A,STK,6489.55,6490,6327.8,6396.3,6407,6570.2,1196,6694,42711454,
532505,"UCO BANK",A,STK,26.94,26.94,25.82,26.17,26.2,27.18,2031,763302,19902055,
532507,"B.A.G.FILMS & MEDIA LTD.",B,STK,4.8,5.48,4.8,4.91,4.98,5.23,80,20409,103022,
532508,"JINDAL STAINLESS LTD.",A,STK,745,745.1,703.15,710.05,709.75,751.45,5075,51241,36706055,
532509,"SUPRAJIT ENGINEERING LTD.",B,STK,411,417,406.85,412.65,412,424.25,435,3116,1282622,
532513,"TVS ELECTRONICS LTD.",B,STK,363.8,363.8,337.9,343.25,340.05,363.1,175,4289,1479464,
532514,"INDRAPRASTHA GAS LTD.",A,STK,153.3,155.5,152.1,155.05,155.25,157.25,2558,78707,12139717,
532515,"TV TODAY NETWORK LTD.",B,STK,114.8,114.8,108.85,111.9,111,114.75,275,5955,659872,
532521,"PALRED TECHNOLOGIES LIMITED",B,STK,29.5,29.5,28.47,29.31,29.3,29.96,12,328,9561,
532522,"PETRONET LNG LTD.",A,STK,284.7,286.6,274.05,278.45,278.2,289.9,7714,219767,61416327,
532523,"BIOCON LTD.",A,STK,385.7,390.9,379.35,389.8,389.8,390.45,1650,64601,24835084,
532524,"PTC INDIA LTD.",A,STK,155.5,156.7,152.55,153.8,154.65,158.05,1235,60568,9317788,
532525,"BANK OF MAHARASHTRA",A,STK,66.97,67.75,63.51,65.77,65.77,70.14,19407,3794543,248032843,
532527,"RAMKRISHNA FORGINGS LTD.",A,STK,554.2,559,542.5,552.2,548.95,565.85,615,7805,4282663,
532528,"DATAMATICS GLOBAL SERVICES LTD",B,STK,694,694,651.85,668.45,675,696.1,435,5878,3891521,
532529,"NEW DELHI TELEVISION LTD.",B,STK,77.69,77.69,75.88,76.29,76.23,78.24,159,10821,827961,
532531,"STRIDES PHARMA SCIENCE LIMITED",A,STK,850,872.2,826.5,863.5,858.4,865.05,545,5116,4336593,
532532,"JAIPRAKASH ASSOCIATES LTD.",T,STK,2.4,2.4,2.32,2.32,2.32,2.44,886,1000851,2343916,
532538,"ULTRATECH CEMENT LTD.",A,STK,11799.95,11799.95,11327.65,11376.2,11360,11986.75,3968,28406,324593264,
532539,"UNO Minda Limited",A,STK,1099.6,1099.6,1038,1081.05,1079,1121.6,6515,63321,67081950,
532540,"TATA CONSULTANCY SERVICES LTD.",A,STK,2530,2559.95,2505.55,2527.7,2527.7,2557.65,20651,175882,443926908,
532541,"COFORGE LIMITED",A,STK,1139.9,1174.5,1118.3,1168.75,1168.75,1162.3,5679,90774,104652605,
532543,"GP PETROLEUMS LTD",B,STK,31.35,31.4,30.12,30.5,30.5,31.4,121,5129,156901,
532548,"CENTURY PLYBOARDS (I) LTD.",A,STK,699.05,699.05,676.5,681,681.95,706.9,523,6457,4416115,
532553,"WELSPUN ENTERPRISES LIMTED",A,STK,447.8,456,436.9,448.15,456,455.8,351,7134,3153733,
532555,"NTPC LTD.",A,STK,376.05,378.95,371.45,376.45,376.45,380.45,14702,431158,161449317,
532604,"S.A.L.STEEL LTD.",T,STK,43.91,43.91,43.9,43.9,43.9,44.79,13,3977,174594,
532605,"JBM AUTO LTD.",A,STK,517.65,517.65,496.05,509.65,509.65,522.95,1952,33817,17032636,
532610,"DWARIKESH SUGAR INDUSTRIES LTD",B,STK,38.28,41.65,36.86,39.5,39.5,38.37,1411,196776,7860417,
532612,"INDOCO REMEDIES LTD.",B,STK,194.55,196.15,189.25,194.05,193.55,198.5,241,3384,652800,
532613,"VIP Clothing Limited",B,STK,18.18,20.3,17.6,18.42,18.44,18.8,228,9890,178829,
532614,"IMPEX FERRO TECH LTD.",Z,STK,1.66,1.74,1.58,1.74,1.74,1.66,32,9966,17152,
532616,"XCHANGING SOLUTIONS LTD.",B,STK,61.45,61.75,60.27,60.5,60.54,62.96,265,9068,550222,
532621,"MORARJEE TEXTILES LTD.",Z,STK,7.38,7.38,6.7,6.7,6.7,7.05,4,211,1414,
532624,"JINDAL PHOTO LTD.",B,STK,1080,1174.5,1001.8,1159.45,1159.45,1101.3,802,94553,103791593,
532626,"PONDY OXIDES & CHEMICALS LTD.",B,STK,1046.6,1068.95,1033.05,1047.7,1046.5,1072.1,662,8625,9025355,
532627,"JAIPRAKASH POWER VENTURES LIMI",A,STK,13.63,13.63,13.14,13.39,13.39,13.88,6838,4863735,64694890,
532628,"3I INFOTECH LTD.",B,STK,13.26,15.1,12.71,13,13,13.33,147,28203,367614,
532630,"GOKALDAS EXPORTS LTD.",A,STK,597.8,602,580.45,592.5,592.5,609.6,1447,39828,23468526,
532633,"Alldigi Tech Limited",B,STK,762.05,800,756.5,765.1,764,786,60,182,139422,
532636,"IIFL FINANCE LIMITED",A,STK,475.25,476.35,457,471.15,472,485.3,3007,68900,32046618,
532637,"MANGALAM DRUGS & ORGANICS LTD.",T,STK,32.7,33.98,31.05,33.98,33.98,32.37,182,29559,992949,
532638,"SHOPPERS STOP LTD.",B,STK,305,310,289,300.7,301.5,310.9,124,2183,649804,
532640,"CYBER MEDIA (INDIA) LTD.",B,STK,13.76,14.15,13.01,13.25,13.01,13.9,19,2469,32849,
532641,"NANDAN DENIM LIMITED",B,STK,2.48,2.48,2.28,2.41,2.45,2.45,412,589962,1416664,
532642,"JSW HOLDINGS LIMITED",A,STK,15881.65,16297.65,15740,15856.1,15830,16549.85,170,307,4875318,
532644,"J.K.CEMENT LTD.",A,STK,5401,5401,5040,5056.5,5065,5433.4,1431,4802,24838536,
532645,"BEEYU OVERSEAS LTD.",X,STK,2.85,2.85,2.39,2.4,2.4,2.58,8,1826,4371,
532648,"YES BANK LTD.",A,STK,19.87,19.88,19.3,19.66,19.66,20.13,36328,11773833,229546354,
532649,"NECTAR LIFESCIENCES LTD.",B,STK,11.94,11.94,11.21,11.32,11.35,11.8,196,45862,517112,
532650,"MSP STEEL & POWER LTD.",B,STK,29.66,31.69,29.66,30.61,30.58,31.39,244,68888,2120389,
532651,"SPL INDUSTRIES LTD.",B,STK,26.99,27.5,26.3,27.01,27.5,27.52,24,1430,38398,
532652,"KARNATAKA BANK LTD.",A,STK,210,212.95,203.35,205.85,205.85,217.85,4832,276036,56803029,
532654,"MCLEOD RUSSEL INDIA LTD.",B,STK,36.81,37.49,36.2,36.36,36.43,38.03,227,34185,1247359,
532656,"FACOR ALLOYS LTD.",X,STK,2.41,2.54,2.41,2.43,2.46,2.48,173,47661,116509,
532660,"VIVIMED LABS LTD.",B,STK,7,7,6.78,6.78,6.78,7.13,91,28192,193999,
532661,"RANE (MADRAS) LTD.",B,STK,787.2,833,784.2,828.95,832,832.55,48,181,146313,
532662,"HT MEDIA LTD.",B,STK,20.6,20.6,19.38,20.48,20.6,20.3,35,9406,189461,
532663,"Sasken Technologies Limited",B,STK,1090,1104.9,1062,1094.45,1092.15,1114.4,181,1926,2092281,
532666,"FCS SOFTWARE SOLUTIONS LTD.",B,STK,1.52,1.54,1.46,1.49,1.49,1.55,354,255644,381761,
532667,"SUZLON ENERGY LTD.",A,STK,39.29,39.77,38.17,39.61,39.61,39.99,28768,8061987,313690528,
532668,"AURIONPRO SOLUTIONS LTD.",A,STK,832,860.15,825,848.2,848.7,858.85,517,4336,3662921,
532670,"SHREE RENUKA SUGARS LTD.",A,STK,23.6,25.05,23.31,24.83,24.83,23.89,2777,1037282,25446532,
532673,"K.M.SUGAR MILLS LTD.",B,STK,23.01,26.2,23.01,25.86,26.04,25.05,111,6219,159554,
532674,"BANNARI AMMAN SPINNING MILLS L",B,STK,21.15,21.15,20,20.08,20.08,21.2,170,72477,1458980,
532676,"PBA INFRASTRUCTURE LTD.",X,STK,8.5,8.9,8.3,8.5,8.5,8.84,18,2980,25335,
532683,"AIA ENGINEERING LTD.",A,STK,3555.85,3623.9,3545,3606.35,3618.4,3674.5,478,1421,5091461,
532684,"EVEREST KANTO CYLINDER LTD.",B,STK,103.15,103.65,100.2,102.8,102.8,104.85,422,52403,5336438,
532686,"KERNEX MICROSYSTEMS (INDIA) LT",B,STK,1040.7,1040.7,953,993.85,992,1035.3,726,8773,8609342,
532687,"REPRO INDIA LTD.",B,STK,379.6,382.2,374.4,378.95,378.95,394.8,39,184,69752,
532689,"PVR INOX LIMITED",A,STK,1004.35,1027.15,983.7,1018.25,1027.15,1023.2,1596,28078,27943378,
532694,"BARTRONICS INDIA LTD.",B,STK,9.05,9.27,8.65,8.77,8.82,9.05,889,389259,3441933,
532695,"CELEBRITY FASHIONS LTD.",B,STK,8.22,8.9,7.4,7.45,7.45,8.02,28,4352,32759,
532696,"EDUCOMP SOLUTIONS LTD.",Z,STK,1.05,1.05,1.02,1.02,1.02,1.07,10,2145,2196,
532698,"NITIN SPINNERS LTD.",B,STK,371.85,371.85,355.7,357.5,357.5,372.55,208,4364,1570957,
532699,"ROYAL ORCHID HOTELS LTD.",B,STK,330,330,317.5,322.65,322.3,334.55,244,5457,1764900,
532700,"ENTERTAINMENT NETWORK (INDIA)",B,STK,104.05,113.8,104.05,107.55,106.6,105.3,77,15049,1603113,
532701,"CELLA SPACE LIMITED",Z,STK,13.32,13.32,12.6,12.6,12.6,13.19,10,866,10924,
532702,"GUJARAT STATE PETRONET LTD.",A,STK,285.35,289,270.05,272.05,272.4,293.8,700,16117,4421653,
532705,"JAGRAN PRAKASHAN LTD.",B,STK,63.67,63.67,61.9,63.16,63.4,63.36,403,20406,1275788,
532707,"DYNEMIC PRODUCTS LTD.",B,STK,219.9,226.4,219.5,224.1,226.4,219.9,6,83,18252,
532708,"GVK POWER & INFRASTRUCTURE LTD",T,STK,2.72,2.73,2.63,2.63,2.63,2.68,174,79484,209635,
532710,"SADBHAV ENGINEERING LTD.",T,STK,8.41,8.41,8.41,8.41,8.41,8.85,28,3911,32891,
532712,"RELIANCE COMMUNICATIONS LTD.",T,STK,0.84,0.87,0.83,0.86,0.86,0.83,1439,2885386,2491450,
532713,"SAKUMA EXPORTS LTD.",B,STK,1.69,1.7,1.61,1.65,1.68,1.7,374,395420,649971,
532714,"KEC INTERNATIONAL LTD.",A,STK,530.3,536.35,520.6,524.3,528,546.6,2538,43838,23025903,
532716,"GILLANDERS ARBUTHNOT & CO.LTD.",B,STK,86.72,88,78.81,86.9,86.9,88.72,20,194,16441,
532717,"INDO TECH TRANSFORMERS LTD.",B,STK,1336,1345,1314,1321.1,1316.3,1379.9,215,1052,1393983,
532719,"B.L.KASHYAP AND SONS LTD.",B,STK,48.2,48.29,47,47.31,47.63,49.47,170,32008,1515728,
532720,"MAHINDRA & MAHINDRA FINANCIAL",A,STK,356.65,356.65,344.35,348.2,348.2,363.6,2349,436650,152074219,
532721,"VISA STEEL LTD.",B,STK,37.5,37.5,34.07,34.71,34.71,35.72,12,61,2148,
532722,"NITCO LTD.",B,STK,70.99,70.99,65.16,65.67,65.63,70.5,162,26751,1773610,
532723,"MPDL LIMITED",X,STK,33.53,33.53,31.86,31.86,31.86,33.53,6,41,1308,
532725,"SOLAR INDUSTRIES INDIA LTD.",A,STK,15449.6,15449.6,14682.3,14977.35,14977.35,15152.35,6474,24696,367781156,
532726,"GALLANTT ISPAT LIMITED",B,STK,557.95,557.95,510,528.8,529.9,534.55,252,5782,3015848,
532728,"MALU PAPER MILLS LTD.",B,STK,31.15,31.15,30.45,30.57,30.57,31.5,10,2183,66691,
532729,"UTTAM SUGAR MILLS LTD.",B,STK,193.7,205.55,190.85,197.9,198.1,193.7,317,10231,2048850,
532730,"STL GLOBAL LTD.",B,STK,10.1,11.74,10.1,10.96,11.3,10.69,27,918,10013,
532732,"KEWAL KIRAN CLOTHING LTD.",B,STK,462,462,454.6,459.95,460,466.95,60,1481,679275,
532733,"SUN TV NETWORK LTD.",A,STK,592.4,597.65,573.15,578.7,578.7,600.05,738,11984,6953086,
532734,"GODAWARI POWER & ISPAT LTD.",A,STK,241.25,250,237.5,248.95,248.9,247.5,5139,203141,49695563,
532735,"R SYSTEMS INTERNATIONAL LTD.",B,STK,271.35,309.65,261.7,299.35,299.35,258.05,66542,6507515,1895458513,
532737,"EMKAY GLOBAL FINANCIAL SERVICE",B,STK,228,228.1,208.25,217,217,226.7,19,1244,277694,
532738,"TwamevConstruction and Infrast",B,STK,25.9,25.9,24.16,24.27,24.28,25.2,51,10870,264075,
532740,"LOKESH MACHINES LTD.",B,STK,227.45,227.45,201.6,208.85,208.85,208.95,459,10632,2260534,
532741,"Kamdhenu Limited",B,STK,21.81,22.01,21.01,21.8,21.8,22.22,325,132053,2823864,
532742,"PAUSHAK LTD.",B,STK,415,415,402,405.55,403,418.05,163,1150,467095,
532744,"GTN TEXTILES LTD.",XT,STK,8.61,8.61,8.6,8.61,8.61,8.99,8,921,7926,
532745,"INDITRADE CAPITAL LIMITED",Z,STK,3.96,3.96,3.9,3.9,3.9,4.1,24,5569,21732,
532748,"PRIME FOCUS LTD.",B,STK,271.15,279.65,264.95,277.4,279.3,275.65,2028,267373,72714081,
532749,"ALLCARGO LOGISTICS LTD.",B,STK,7.82,7.82,7.39,7.5,7.5,7.81,1091,766778,5757092,
532754,"GMR Airports Limited",A,STK,92.85,93.25,90.7,92,91.8,95,2395,277437,25401411,
532755,"TECH MAHINDRA LTD.",A,STK,1305,1340.6,1304.25,1335.5,1335.5,1332.05,4653,44592,58929729,
532756,"CIE Automotive India Limited",A,STK,455.05,457.9,441.6,447.4,448,464.15,941,21204,9477886,
532757,"VOLTAMP TRANSFORMERS LTD.",A,STK,8451,8695.5,8377.85,8601.8,8609.45,8688.4,872,2478,21178236,
532759,"ATLANTAA LIMITED",B,STK,37.31,38.7,36.45,37.89,37.86,39.3,129,3231,122932,
532761,"HANDSON GLOBAL MANAGEMENT (HGM",B,STK,59.99,59.99,51,51.52,51.01,52.02,10,258,13695,
532762,"ACTION CONSTRUCTION EQUIPMENT",A,STK,845.5,864.75,843.6,849.15,852.5,878.85,1660,24900,21137160,
532764,"GEECEE VENTURES LIMITED",B,STK,262.95,269.55,256.5,261.25,263.65,281.2,195,2128,555800,
532767,"GAYATRI PROJECTS LTD.",Z,STK,12.87,12.87,12.87,12.87,12.87,12.87,119,717754,9237493,
532768,"FIEM INDUSTRIES LTD.",B,STK,2084,2084,1948.45,2034.9,2034.9,2098.75,882,5894,11672305,
532771,"JHS SVENDGAARD LABORATORIES LT",B,STK,8.91,8.91,8.35,8.7,8.7,9,41,5053,43922,
532772,"DCB BANK LIMITED",A,STK,170.75,170.75,162.1,167.8,168.35,171.4,1758,77430,12837838,
532773,"GLOBAL VECTRA HELICORP LTD.",B,STK,145.3,160.9,141.5,155.8,158,157,56,715,109261,
532774,"Inspirisys Solutions Limited",T,STK,79,79,78.12,79,79,81.95,4,382,29975,
532775,"GTL INFRASTRUCTURE LTD.",B,STK,1.08,1.1,1.06,1.08,1.08,1.11,12105,6940357,7484758,
532776,"SHIVAM AUTOTECH LTD.",B,STK,18.9,18.9,16.5,16.99,16.86,18.32,615,42264,725976,
532777,"INFO EDGE (INDIA) LTD.",A,STK,965.35,986.6,948.2,979.3,980.2,979.95,1621,20091,19557080,
532779,"TORRENT POWER LTD.",A,STK,1457.65,1457.65,1392.5,1427.95,1427,1480.55,1811,14317,20450981,
532780,"PARSVNATH DEVELOPERS LTD.",B,STK,7.25,7.25,6.75,6.86,6.86,7.5,120,48112,336548,
532782,"SUTLEJ TEXTILES & INDUSTRIES L",B,STK,26.66,29.15,26.66,28.9,28.9,29.32,7,218,6345,
532783,"LT FOODS LTD.",A,STK,392.55,393.5,369.6,379.7,379.7,393,16654,1129200,427482055,
532784,SOBHA,A,STK,1335.35,1338.45,1278.4,1284.15,1289,1357.6,1238,35386,46184922,
532785,"RUCHIRA PAPERS LTD.",B,STK,97.95,102,97.95,101.8,101.95,102.85,80,1349,135107,
532790,"TANLA PLATFORMS LIMITED",A,STK,440,445.95,430.15,433.1,433.1,447,1072,21340,9245302,
532794,"ZEE MEDIA CORPORATION LIMITED",T,STK,7.95,8,7.7,7.96,8,8.1,348,143645,1120993,
532795,"Siti Networks Ltd.",Z,STK,0.49,0.49,0.49,0.49,0.49,0.49,80,49717,24361,
532796,"LUMAX AUTO TECHNOLOGIES LTD.",A,STK,1469,1491.7,1430,1478.55,1477,1530.95,1068,12480,18169885,
532797,"AUTOLINE INDUSTRIES LTD.",B,STK,69,69,65.78,66.61,65.79,70.56,113,2286,153366,
532798,"NETWORK18 MEDIA & INVESTMENTS",A,STK,32.13,32.49,31.25,32.34,32.34,32.77,1528,357763,11388196,
532799,"HUBTOWN LTD.",B,STK,210,210,200.4,207.45,207.5,213.95,385,16505,3390569,
532801,"CAMBRIDGE TECHNOLOGY ENTERPRIS",B,STK,24.32,26.32,24.32,25.72,25.72,26.88,20,1720,44756,
532804,"TECHNOCRAFT INDUSTRIES (INDIA)",B,STK,2075,2122.25,2018.75,2102.6,2113.4,2132.3,123,727,1502169,
532805,"Redington Limited",A,STK,240.75,242.55,229.9,233,233,246.2,5414,275606,64137229,
532806,"AI CHAMPDANY INDUSTRIES LTD.",X,STK,26.41,26.41,23.83,24.54,24.54,26.4,56,1044,26352,
532807,"CINELINE INDIA LIMITED",B,STK,83.31,86.27,83.31,85.03,86,86.21,11,834,70470,
532808,"PEARL GLOBAL INDUSTRIES LIMITE",A,STK,1506.65,1506.65,1419.15,1465.15,1468.2,1509.8,404,2599,3753294,
532809,"FIRSTSOURCE SOLUTIONS LTD.",A,STK,214.7,218,210.25,211.2,213,219.45,2280,100122,21266674,
532810,"POWER FINANCE CORPORATION LTD.",A,STK,397.5,399.7,384.25,392.25,392.25,407.65,7033,348039,135100711,
532811,"AHLUWALIA CONTRACTS (INDIA) LT",B,STK,766.35,766.35,740,756.75,756,766.35,164,2380,1782837,
532812,"TRANSWARRANTY FINANCE LTD.",B,STK,12.45,15,12,14.78,12.01,12.77,48,20751,304967,
532814,"INDIAN BANK",A,STK,925.3,925.3,878.6,899,900,939.5,6039,97957,87431368,
532815,"SMS PHARMACEUTICALS LTD.",B,STK,366.3,385.35,363,382.2,385.35,375.7,383,10865,4028361,
532817,"ORIENTAL TRIMEX LTD.",B,STK,6.01,6.5,6.01,6.2,6.19,6.33,110,26338,160925,
532820,"E-Land Apparel Limited",XT,STK,14.38,15.08,13.7,13.74,13.74,14.38,34,18578,258304,
532822,"VODAFONE IDEA  LIMITED",A,STK,9.93,9.95,9.56,9.91,9.91,10.06,38517,26487692,259556219,
532825,"JAGJANANI TEXTILES LTD.",X,STK,3.81,3.83,3.79,3.83,3.83,3.82,20,16706,63920,
532826,"RAJ TELEVISION NETWORK LTD.",B,STK,36.89,38.2,36.88,38.2,38.2,36.88,6,57,2141,
532827,"PAGE INDUSTRIES LTD.",A,STK,31255,31317.75,30830,31119.45,31169.1,31582.85,208,370,11501636,
532828,"AMD INDUSTRIES LTD.",B,STK,34.01,38,34.01,37.97,37.99,37.68,24,1203,44492,
532829,"LEHAR FOOTWEARS LIMITED",X,STK,231,231,214,223.95,225,233.3,506,24808,5515601,
532830,"ASTRAL LIMITED",A,STK,1670.4,1674,1596,1605.85,1605.85,1689.6,5856,48379,78374873,
532832,"EMBASSY DEVELOPMENTS LIMITED",T,STK,56.1,57.07,54.28,54.95,54.95,57.13,473,142706,7812034,
532834,"Camlin Fine Sciences Ltd",A,STK,136,136.05,130.9,133.75,134.9,137.5,486,52096,6950358,
532835,"ICRA LTD.",B,STK,5364,5364,5150,5351.9,5355.5,5402.4,57,226,1197279,
532839,"DISH TV INDIA LTD.",B,STK,2.63,2.63,2.52,2.55,2.55,2.61,535,473529,1210171,
532841,"SAHYADRI INDUSTRIES LTD.",B,STK,240.15,240.15,240.15,240.15,240.15,238.8,1,2,480,
532842,"SREE RAYALASEEMA HI-STRENGTH H",B,STK,438,454.35,414.6,424.9,424.9,442,179,1102,472254,
532843,"FORTIS HEALTHCARE LTD.",A,STK,875,883.25,857,878.75,878.05,892.5,5255,32591,28352288,
532845,"TGB BANQUETS AND HOTELS LTD.",B,STK,8.88,8.88,8.84,8.85,8.85,8.88,9,279,2469,
532847,"HILTON METAL FORGING LTD.",B,STK,17.15,17.24,16.11,17.17,17.04,17.11,126,34743,594893,
532848,"DELTA CORP LTD.",A,STK,57.57,57.57,54.8,55.13,55.05,58.46,810,85839,4780560,
532850,"MIC ELECTRONICS LTD.",B,STK,34.24,34.24,33.03,33.28,33.19,34.64,766,100723,3347943,
532851,"INSECTICIDES (INDIA) LTD.",B,STK,600,610.1,590,598.5,610.1,612,70,745,443405,
532853,"ASAHI SONGWON COLORS LTD.",B,STK,214,214,214,214,214,218,36,517,110638,
532855,"HARYANA CAPFIN LTD.",X,STK,142.55,142.55,138,142.5,142.5,142.55,20,169,23614,
532856,"TIME TECHNOPLAST LTD.",A,STK,173.95,174,163.45,166.85,168.3,176.65,1953,61987,10350723,
532859,"HINDUJA GLOBAL SOLUTIONS LTD.",B,STK,346,352,341.6,347.5,347.5,350.5,160,3112,1085731,
532864,"NELCAST LTD.",B,STK,115,116.3,110.75,114.6,114.4,115.35,154,6952,786523,
532867,"V2 RETAIL LTD.",B,STK,1882.25,1919,1857.5,1913.15,1919,1938.5,405,2538,4769152,
532868,"DLF LTD.",A,STK,568.95,577.1,553.7,574.7,574.7,578,4249,106909,60347771,
532869,"TARMAT LTD.",T,STK,61.27,61.27,61.27,61.27,61.27,64.49,4,195,11947,
532870,"ANKIT METAL & POWER LTD.",Z,STK,1.7,1.77,1.62,1.72,1.72,1.7,27,15885,27550,
532872,"SUN PHARMA ADVANCED RESEARCH C",B,STK,123,123,118.15,120.85,121.15,124.2,528,35045,4191227,
532873,"HOUSING DEVELOPMENT & INFRASTR",Z,STK,2.25,2.25,2.25,2.25,2.25,2.36,1,500,1125,
532875,"ALLIED DIGITAL SERVICES LTD.",B,STK,105.95,105.95,101.2,102.65,103.05,107.25,486,22104,2271951,
532878,"ALPA LABORATORIES LTD.",B,STK,63.66,63.8,62.01,63,63,63.28,7,4388,278949,
532879,"SIR SHADI LAL ENTERPRISES LTD.",X,STK,265.1,265.1,255,259.95,260,266.05,13,2988,778099,
532880,"OMAXE LTD.",B,STK,77.44,79.37,71.6,73.25,73.01,76.33,67,2861,212946,
532884,"REFEX INDUSTRIES LTD.",A,STK,212.95,213.4,207.85,209,208.7,217.8,573,23509,4934904,
532885,"CENTRAL BANK OF INDIA",A,STK,35.18,36.68,34.97,35.72,35.72,37.16,6340,1576737,55836650,
532886,"SEL MANUFACTURING COMPANY LTD.",B,STK,30.01,30.96,29.45,30.68,30.96,30.99,36,5091,154716,
532887,"Neueon Corporation Limited",T,STK,14.36,14.36,14.36,14.36,14.36,13.68,65,217112,3117728,
532888,"ASIAN GRANITO INDIA LTD.",B,STK,64.1,64.17,61.5,63.29,61.5,66.54,821,128070,8055581,
532889,"K.P.R.MILL LIMITED",A,STK,825,838.95,805.25,833.8,833.8,840.2,984,18219,14999485,
532890,"TAKE SOLUTIONS LTD.",T,STK,32.76,36.2,32.76,36.04,36.04,34.48,1676,184281,6454581,
532891,"Puravankara Limited",B,STK,191.7,191.7,176.85,181.7,182.1,187.05,334,14465,2615043,
532892,"MOTILAL OSWAL FINANCIAL SERVIC",A,STK,700,706.4,682.05,693.2,696,716.65,5022,87798,60695316,
532893,"VTM LTD.",X,STK,70,77,70,76.35,77,74.49,253,52016,3782210,
532894,"INDOWIND ENERGY LTD.",B,STK,8.71,9.28,8.71,8.96,8.95,8.88,141,13483,118945,
532895,"NAGREEKA CAPITAL & INFRASTRUCT",B,STK,24.5,24.97,23.89,24.07,23.89,25.91,12,263,6365,
532896,"MAGNUM VENTURES LTD.",B,STK,19.71,21.48,19.01,19.83,19.34,20.65,60,3097,61085,
532898,"POWER GRID CORPORATION OF INDI",A,STK,286.6,296.3,286,295.25,295.25,299.2,13290,654505,191238254,
532899,"KAVERI SEED COMPANY LTD.",A,STK,731.6,775,720.05,767.15,773.5,749.65,750,23996,18303290,
532900,"PAISALO DIGITAL LIMITED",A,STK,32.95,33.5,32.27,33.12,32.74,33.42,475,218215,7188866,
532902,"CONSOLIDATED CONSTRUCTION CONS",B,STK,14.83,15.94,14.08,15.56,15.69,15.16,279,49023,732352,
532904,"SUPREME INFRASTRUCTURE INDIA L",Z,STK,78,79,76.5,78.75,78.75,80.47,14,3040,240102,
532906,"MAAN ALUMINIUM LTD.",T,STK,131,131,126.25,127.55,128.5,132,87,8604,1103471,
532907,"IL&FS ENGINEERING AND CONSTRUC",Z,STK,24,24,23.75,23.75,23.75,24.99,8,647,15367,
532911,"PARLE INDUSTRIES LIMITED",X,STK,6.44,6.44,5.8,6.36,6.37,6.37,553,133099,819440,
532915,"RELIGARE ENTERPRISES LTD.",A,STK,206.7,212,197,210.25,212,207.45,1075,94381,19365851,
532916,"BARAK VALLEY CEMENTS LTD.",B,STK,39.52,41.92,38.68,41.92,41.92,39.52,58,1430,56805,
532918,"RATHI BARS LTD.",X,STK,22.52,23.95,22.51,23.24,23.95,24.21,117,15017,344197,
532921,"ADANI PORTS AND SPECIAL ECONOM",A,STK,1407.65,1435.45,1407.6,1421.4,1421.4,1476.8,11142,176765,251246988,
532922,"EDELWEISS FINANCIAL SERVICES L",A,STK,105.05,107.4,103.2,105.6,105.6,109.45,2050,273491,28621556,
532923,"RENAISSANCE GLOBAL LIMITED",B,STK,102.95,104.95,96.95,101.8,101.05,105.65,991,126715,12642454,
532924,"KOLTE-PATIL DEVELOPERS LTD.",B,STK,317.15,329.65,316.1,326.6,329.65,327.35,215,9116,2920042,
532925,"KAUSHALYA INFRASTRUCTURE DEVEL",B,STK,832,850,805.1,850,850,870,25,295,241326,
532926,"JYOTHY LABS LIMITED",A,STK,237.6,242.9,237.6,241,241,244.45,3490,37977,9131937,
532927,"ECLERX SERVICES LTD.",A,STK,3000,3030.8,2939,2999.4,3007,3021.35,1925,7196,21476577,
532928,"TRANSFORMERS AND RECTIFIERS (I",A,STK,285.85,289.15,273.8,277.7,277.7,293.55,3476,199733,55646632,
532929,"BRIGADE ENTERPRISES LTD.",A,STK,649.7,678.95,638.4,662.1,662.1,665.95,1233,14942,9747563,
532930,"BGR ENERGY SYSTEMS LTD.",T,STK,308.1,339.4,308.1,334.45,334,323.25,543,65247,21893010,
532932,"MANAKSIA LTD.",B,STK,56.2,56.2,53.85,55,55,57.35,68,3219,176986,
532933,"PORWAL AUTO COMPONENTS LTD.",X,STK,48,50.25,48,49.69,49.7,50.58,50,4697,230432,
532934,PPAP,B,STK,207.05,211.85,200.8,200.8,200.8,214,98,3850,786588,
532935,"ARIES AGRO LTD.",B,STK,321.45,327.3,316.25,324.25,324.65,342,85,1895,608903,
532937,"KUANTUM PAPERS LTD.",B,STK,81.1,83.25,80,80.9,81.87,83.93,201,2100,172062,
532939,"RELIANCE POWER LTD.",A,STK,22.07,22.47,21.13,22.26,22.26,22.47,10295,6155824,134093176,
532940,"J.KUMAR INFRAPROJECTS LTD.",A,STK,460.1,483.55,454.5,472.55,475.35,471.75,671,8738,4081063,
532941,"CORDS CABLE INDUSTRIES LTD.",B,STK,158,166.05,158,160.1,160.1,166.4,38,1088,175314,
532942,"KNR CONSTRUCTIONS LTD.",A,STK,120.7,122.1,117.1,120.5,121,122.85,2146,113895,13549058,
532944,ONMOBILE,B,STK,49.78,49.78,46.39,47.87,48.19,48.8,159,13511,636304,
532945,"SEPC LIMITED",B,STK,6.5,6.58,6.21,6.36,6.36,6.67,1516,2042096,12957504,
532946,"BANG OVERSEAS LTD.",B,STK,35.3,35.99,32.01,33.24,34.75,35.75,74,1197,40371,
532947,"IRB INFRASTRUCTURE DEVELOPERS",A,STK,40.4,40.6,39.75,40.44,40.44,40.8,4717,813187,32640260,
532951,"GSS INFOTECH LTD.",B,STK,15,15,12.53,12.81,12.81,12.8,46,6063,78204,
532952,"NAHAR CAPITAL & FINANCIAL SERV",B,STK,217.1,228.75,217,219.4,219.4,223.9,65,7610,1692433,
532953,"V-GUARD INDUSTRIES LTD.",A,STK,327.95,327.95,302.4,306.8,309.9,311.55,437,5945,1836515,
532955,"REC LIMITED",A,STK,332.5,332.85,321.05,324.4,324.4,339.1,7673,335326,108820884,
532957,"GOKAK TEXTILES LTD.",XT,STK,64,64,60.95,62.23,62.23,64.13,20,716,44597,
532966,"TITAGARH RAIL SYSTEMS LIMITED",A,STK,674.7,674.7,642.95,653.8,661.75,679.55,2263,55853,36280169,
532967,"KIRI INDUSTRIES LTD.",A,STK,399.35,400.55,382.15,385.55,387.1,410,696,21904,8557931,
532974,"ADITYA BIRLA MONEY LTD.",B,STK,124.05,124.05,120.65,121.85,122,127.95,69,1485,182081,
532975,"TELOGICA LIMITED",X,STK,9.87,9.87,9.11,9.6,9.65,9.73,27,7505,69540,
532976,"JAI BALAJI INDUSTRIES LTD.",A,STK,60,60.4,58.29,59.94,60.05,61.6,948,92537,5489502,
532977,"BAJAJ AUTO LTD.",A,STK,9684.85,9684.85,9356.05,9379.15,9379.15,9812.65,3383,8877,83752856,
532978,"BAJAJ FINSERV LTD.",A,STK,1850,1850,1801.65,1840.65,1838.8,1869.15,5786,40048,72951634,
532980,"GOKUL REFOILS & SOLVENT LTD.",B,STK,39.4,40.24,39,40.24,40.24,39.67,21,2045,80293,
532983,"RPG LIFE SCIENCES LTD.",B,STK,1845.7,1857.05,1781,1841.05,1831.3,1867.15,45,343,633160,
532985,"KOTAK MAHINDRA MUTUAL FUND",A,STK,84.46,85.74,83.5,84.66,84.82,86.18,211,15091,1271879,
532986,"NIRAJ CEMENT STRUCTURALS LTD.",B,STK,27.75,29.15,27.55,27.61,27.6,28.74,89,4504,126312,
532989,"BAFNA PHARMACEUTICALS LTD.",B,STK,108.1,108.1,106.25,107.95,107.95,111.8,4,60,6484,
532992,"CHL LTD.",X,STK,30,31.41,29,29.94,29.94,31.73,34,1222,36372,
532993,"SEJAL GLASS LIMITED",B,STK,481.05,500.85,480.5,480.5,480.5,505.75,38,783,376387,
532994,"ARCHIDPLY INDUSTRIES LTD.",B,STK,77.09,81,73.01,74.05,79.9,81.35,74,1508,112927,
532998,"Lotus Eye Hospital And Institu",B,STK,111.2,111.2,105.65,108.8,109.5,111.2,41,554,59444,
533001,"SOMI CONVEYOR BELTINGS LTD.",B,STK,95.5,101,95.5,101,101,103.2,10,96,9316,
533007,"LGB FORGE LTD.",X,STK,6.58,6.58,6.2,6.37,6.39,6.4,191,58788,370445,
533012,"LANDMARK PROPERTY DEVELOPMENT",B,STK,5.62,6.2,5.62,5.8,5.89,6.01,40,2672,15330,
533014,"SICAGEN INDIA LTD.",X,STK,54.7,54.7,48.07,49.64,49.64,54.4,135,9939,508182,
533022,"20 MICRONS LTD.",B,STK,161,171.3,160.85,164,164,167.05,159,4911,799592,
533023,"ZF Commercial Vehicle Control",A,STK,14000.6,14088.5,13820.05,14022.6,13979,14360.6,164,249,3468597,
533029,"ALKALI METALS LTD.",B,STK,59.6,61,59.5,60.83,60.83,60.42,6,219,13215,
533033,"ISGEC HEAVY ENGINEERING LTD.",A,STK,890.1,901.4,850.6,898.25,899.9,891.7,372,2438,2147472,
533047,"INDIAN METALS & FERRO ALLOYS L",B,STK,1185,1200,1156.1,1176.65,1186.75,1208.05,534,5137,6023690,
533048,"Teamo Productions HQ Limited",B,STK,0.56,0.56,0.54,0.54,0.54,0.56,174,420975,230108,
533056,"VEDAVAAG SYSTEMS LTD.",X,STK,20.44,20.44,19.25,19.78,19.97,19.74,159,36246,709980,
533080,"MOLD-TEK PACKAGING LIMITED",B,STK,572.15,572.15,536.55,537.7,540,573.2,280,3138,1705210,
533088,"MAHINDRA HOLIDAYS & RESORTS IN",B,STK,270.15,275.85,264.75,271.05,272.4,274.9,542,4703,1269197,
533090,"EXCEL REALTY N INFRA LTD.",B,STK,1,1.06,0.96,1,1,1.03,394,1443605,1425270,
533093,"RAJ OIL MILLS LTD.",B,STK,48.94,48.94,45.11,45.48,45.48,45.7,33,1353,62139,
533095,"BENGAL & ASSAM COMPANY LTD.",B,STK,5988,6059.45,5806.4,5852.5,5850,6059.45,217,602,3540423,
533096,"ADANI POWER LTD.",A,STK,136.8,139.75,135.15,139.2,139.2,138.9,5661,718664,99051608,
533098,"NHPC LTD.",A,STK,73.78,73.78,72.1,73.07,73,74.1,5887,413794,30128927,
533100,"PREMIER ENERGY AND INFRASTRUCT",X,STK,7.4,7.4,6.75,7.1,7.1,7.1,29,7977,54978,
533101,"SURYAAMBA SPINNING MILLS LTD.",X,STK,110,124.3,110,118.65,118.65,113.5,27,676,79888,
533104,"GLOBUS SPIRITS LTD.",B,STK,855.45,855.45,823,837.6,837.6,863.8,276,3166,2644507,
533106,"OIL INDIA LTD.",A,STK,503.55,504,464.05,473.7,473.7,484.55,14009,657237,314612973,
533107,"SWAN DEFENCE AND HEAVY INDUSTR",T,STK,2024.4,2114.9,1913.65,2003.25,2015,2014.35,294,4656,9489838,
533108,"BHILWARA TECHNICAL TEXTILES LT",X,STK,34.5,35,33.5,33.84,33.85,34.59,34,12297,416533,
533110,"SHREE PRECOATED STEELS LTD.",X,STK,11.6,11.6,11.6,11.6,11.6,12.19,3,102,1183,
533121,"EXPLEO SOLUTIONS LIMITED",B,STK,747,759,732.6,745.65,745,757.35,40,403,298721,
533122,"RATTANINDIA POWER LTD.",A,STK,7.86,7.98,7.63,7.88,7.88,7.98,7429,1963911,15230491,
533137,"DEN NETWORKS LTD",B,STK,26.75,27.6,25.17,27.38,27.07,27.09,196,20046,533276,
533138,"ASTEC LIFESCIENCES LIMITED",B,STK,605.9,629.25,605.9,624.35,623.8,628.5,88,1381,864234,
533146,"D-LINK (INDIA) LTD",B,STK,397.85,397.85,382.35,388.1,388,397.4,267,9544,3688437,
533148,"JSW ENERGY LTD",A,STK,468.15,480.35,465.8,478.75,477.55,488.55,5819,128207,60687978,
533149,"Yunik Managing Advisors Limite",X,STK,7.32,8,6.56,7.62,7.49,7.47,20,620,4530,
533150,"GODREJ PROPERTIES LTD",A,STK,1600.05,1650.25,1593.75,1644.7,1646,1667.6,3986,34049,55301284,
533151,"D B CORP LTD",B,STK,210.5,211.5,204.05,204.95,206.55,212.55,144,1501,309899,
533152,"MBL Infrastructure Ltd",B,STK,24.26,25,24,24.43,24.5,25.9,51,5479,133925,
533155,"JUBILANT FOODWORKS LTD",A,STK,483.7,491,477.55,488.55,491,491.35,778,28439,13723253,
533156,"VASCON ENGINEERS LTD",B,STK,34.41,34.41,32.69,33.06,32.8,34.8,708,90382,3000132,
533158,"THANGAMAYIL JEWELLERY LTD",A,STK,3689.15,3689.15,3471.45,3533.2,3533.2,3689.5,1002,5090,17917193,
533160,"VALOR ESTATE LIMITED",A,STK,100.3,102.1,97,101.1,101.4,103.3,1080,312454,31311369,
533161,"EMMBI INDUSTRIES LTD",B,STK,79.5,83.22,79.5,80.6,80.6,81.92,53,2637,215874,
533162,"HATHWAY CABLE & DATACOM LTD",B,STK,10.1,10.1,9.89,10.03,10.06,10.17,387,143995,1438481,
533164,"TEXMO PIPES & PRODUCTS LTD.",B,STK,44.95,44.95,40.59,42.08,42,43.99,81,9872,422636,
533166,"SUNDARAM MULTI PAP LTD.",B,STK,1.4,1.4,1.25,1.39,1.39,1.4,260,209200,274422,
533167,"COROMANDEL ENGINEERING COMPANY",XT,STK,72.5,72.5,71.64,71.65,71.64,75.41,46,19321,1384332,
533168,"ROSSELL INDIA LTD.",B,STK,48.8,48.8,40.1,45.98,45.99,46.09,89,2676,120749,
533169,"MAN INFRACONSTRUCTION LTD.",A,STK,96.85,97.75,94.1,96.9,97.3,99.8,429,36879,3546755,
533170,"TAMBOLI INDUSTRIES LIMITED",X,STK,146.05,146.7,142.1,143.3,142.95,149,33,2424,350107,
533172,"INVESCO India Gold Exchange Tr",E,STK,13700,13756,13700,13756,13756,13800,4,4,54912,
533177,"IL&FS TRANSPORTATION NETWORKS",Z,STK,2.37,2.37,2.22,2.27,2.27,2.32,12,6069,13569,
533179,"PERSISTENT SYSTEMS LTD.",A,STK,4698.95,4872.7,4664.3,4781.75,4780,4776.3,4920,29056,138901730,
533181,"INTRASOFT TECHNOLOGIES LTD.",B,STK,63,68.64,63,67.35,67.35,67.95,15,258,17455,
533192,"KCP SUGAR & INDUSTRIES CORPORA",B,STK,22.01,23.29,22.01,22.92,23.12,22.63,142,35208,806671,
533193,"KIRLOSKAR ELECTRIC COMPANY LTD",B,STK,81.53,82.03,77.9,80.6,81,81.63,115,7756,614106,
533202,"SATCHMO HOLDINGS LIMITED",X,STK,3.5,3.57,3.36,3.48,3.48,3.48,178,126682,438048,
533203,"TARAPUR TRANSFORMERS LTD",B,STK,24.95,24.95,23.62,24.18,24.4,24.86,21,948,23075,
533206,"SJVN LTD",A,STK,68.16,69.86,68.16,69,69,70.99,3947,382622,26310231,
533208,"EMAMI PAPER MILLS LTD.",B,STK,84.25,84.25,76.45,77.01,77.59,80.38,54,841,64982,
533210,"KRITI NUTRIENTS LTD",B,STK,66.35,66.35,60,60.71,60.71,64.15,77,1965,124572,
533212,"GKB OPHTHALMICS LTD.",X,STK,55.15,57.8,53,53.22,53.22,56.23,41,3881,215214,
533217,"HINDUSTAN MEDIA VENTURES LTD.",B,STK,61.5,69.49,60,60.12,60.12,66.3,182,4769,291341,
533218,"EMAMI REALTY LIMITED",B,STK,60.36,60.36,60.35,60.36,60.36,62.93,6,58,3500,
533229,"BAJAJ CONSUMER CARE LIMITED",B,STK,369,375.8,354.9,372.3,372.3,371.8,1084,27787,10081847,
533230,"HDFC MUTUAL FUND - HDFC GOLD E",E,STK,138.38,138.38,133.66,135.59,135.52,135.01,2564,359065,48542394,
533239,"PRAKASH STEELAGE LTD.",B,STK,4,4.22,4,4.02,4.02,4.13,51,33295,135960,
533244,"ICICI Prudential Gold ETF",E,STK,132,136.48,131.92,136.03,136.03,135.31,4825,504141,68310724,
533248,"GUJARAT PIPAVAV PORT LTD.",A,STK,163.05,163.05,156.2,157.75,157.75,166.1,4077,92707,14724649,
533252,"WELSPUN INVESTMENTS AND COMMER",B,STK,1285,1285,1232,1241,1241,1285,20,211,262020,
533257,"INDOSOLAR LTD.",T,STK,312.5,317.65,303,315.3,316.65,318.05,206,40528,12554480,
533259,"Sastasundar Ventures Limited",B,STK,273,273,272,272,272,276.35,4,16,4367,
533260,"CP CAPITAL LIMITED",B,STK,92.4,92.4,88.44,88.44,88.44,92.12,12,260,23662,
533262,"RAMKY INFRASTRUCTURE LTD.",B,STK,449.75,458.5,432.35,454.2,454.2,467.15,1226,38314,16995496,
533263,"ORIENT GREEN POWER COMPANY LTD",B,STK,9,9,8.71,8.86,8.86,9.13,1931,603862,5336363,
533267,"CANTABIL RETAIL INDIA LTD.",B,STK,242,242.5,238,238.15,239.2,251.4,95,2518,604723,
533268,"SEA TV NETWORK LTD.",X,STK,4.44,4.44,4.44,4.44,4.44,4.44,2,1001,4444,
533269,"VA TECH WABAG LTD.",A,STK,1170.05,1191.15,1165.55,1178.5,1184.9,1224,1152,12560,14800441,
533271,"ASHOKA BUILDCON LTD.",A,STK,119.95,119.95,114.35,117.25,118.05,120.35,1149,68967,8064078,
533272,"JUPITER WAGONS LIMITED",A,STK,308.8,319.9,282.2,287.5,287.5,299.95,40471,4374680,1287254988,
533273,"OBEROI REALTY LTD.",A,STK,1457,1471.1,1430.45,1468.7,1467.4,1474.65,2041,13183,19111602,
533274,"PRESTIGE ESTATES PROJECTS LTD.",A,STK,1310.35,1310.35,1280.45,1306.65,1304.95,1333.2,1358,7537,9770576,
533275,"SHAH METACORP LIMITED",B,STK,4.91,4.95,4.73,4.79,4.84,4.98,178,109351,524058,
533278,"COAL INDIA LTD.",A,STK,440.4,447,434.8,437.7,437.7,440.4,20605,977435,431046748,
533282,"GRAVITA INDIA LTD.",A,STK,1519.95,1520,1473.1,1497.85,1497.7,1535.9,1181,9810,14638842,
533284,"RPP INFRA PROJECTS LTD.",B,STK,69.5,69.5,67.33,68.74,68.37,69.51,151,4456,303828,
533285,"RDB INFRASTRUCTURE AND POWER L",X,STK,47.92,47.92,45.21,46.63,46.88,43.57,867,360004,16903540,
533286,"MOIL LTD.",A,STK,287.95,287.95,279,280.95,280.95,292.85,2544,40382,11365088,
533287,"ZEE LEARN LTD.",B,STK,5.25,5.69,5.2,5.43,5.39,5.61,204,47655,257137,
533289,"KESAR TERMINALS & INFRASTRUCTU",X,STK,66,66,60,60.82,60,62.1,18,892,55138,
533292,"A2Z INFRA ENGINEERING LIMITED",T,STK,15.95,16.4,15.8,16.4,16.4,15.89,30,12918,207891,
533293,"KIRLOSKAR OIL ENGINES LTD.",A,STK,1500.4,1515.9,1436.8,1454.4,1454.4,1513.55,3426,432993,635996740,
533294,"RAVI KUMAR DISTILLERIES LTD.",B,STK,21.29,21.29,18.35,18.55,18.55,20.46,133,24556,477256,
533295,"PUNJAB & SIND BANK",B,STK,24.6,24.65,23.74,23.95,23.95,24.96,1355,255042,6105032,
533296,"FUTURE MARKET NETWORKS LTD.",B,STK,8.33,8.33,8.06,8.07,8.07,8.33,20,8187,66445,
533298,"SURANA SOLAR LTD.",B,STK,22.1,22.1,20.99,21.23,21.21,22.17,106,8157,174443,
533301,"SHEKHAWATI INDUSTRIES LIMITED",B,STK,12.6,12.79,11.55,12.38,12.35,12.79,40,4879,59349,
533302,"KALYANI INVESTMENT COMPANY LTD",B,STK,4628,4720,4575.75,4700.15,4717,4852.7,32,126,586152,
533303,"BF INVESTMENT LTD.",B,STK,375.25,375.25,366.75,371.4,369,384.3,449,3507,1294809,
533306,"SUMMIT SECURITIES LTD.",B,STK,1509,1594.9,1500,1588.65,1594.9,1630.5,36,788,1232538,
533315,"INNOVASSYNTH TECHNOLOGIES (IND",X,STK,60.45,65.4,57.7,61.6,61.59,63.6,126,9185,543595,
533316,"STEL HOLDINGS LIMITED",B,STK,530.95,539.5,507.05,511.95,518.15,531.5,124,1294,690074,
533317,"OMKAR SPECIALITY CHEMICALS LTD",Z,STK,4.53,4.65,4.22,4.4,4.4,4.44,17,1398,6034,
533326,"TEXMACO RAIL & ENGINEERING LTD",A,STK,97.25,97.9,95.05,95.95,95.95,100.6,1730,131194,12570963,
533329,"INDIAN TERRAIN FASHIONS LTD.",B,STK,29.99,30.21,29,29.48,29,29.5,21,393,11524,
533333,"FINEOTEX CHEMICAL LTD.",B,STK,21.86,21.86,20.92,21.64,21.81,21.93,1267,270436,5765197,
533336,"DHUNSERI INVESTMENTS LTD.",B,STK,842.05,858,821,830.2,830.2,890.05,38,108,90653,
533339,"ZEN TECHNOLOGIES LTD.",A,STK,1424.6,1451.45,1381.15,1440.2,1443,1425.75,3348,61836,87214753,
533343,"LOVABLE LINGERIE LTD.",B,STK,66.6,69.12,66.6,68.8,68.8,71.43,45,1167,79025,
533344,"PTC INDIA FINANCIAL SERVICES L",B,STK,28.4,28.6,27.42,27.95,27.7,28.76,347,81376,2278249,
533385,"MOTILAL OSWAL MOST SHARES NASD",E,STK,226.68,226.68,216.16,219.52,220.03,221.16,2725,88451,19296355,
533398,"MUTHOOT FINANCE LTD.",A,STK,3131,3265,3100,3236.55,3249.4,3238.1,4905,54873,175216573,
533400,"Future Consumer Limited",Z,STK,0.35,0.35,0.35,0.35,0.35,0.36,80,725582,253953,
533407,"TRUE GREEN BIO ENERGY LIMITED",XT,STK,132.06,142,130.86,130.86,130.86,137.74,367,81510,10727731,
533408,"Aditya Birla Sun Life Mutual F",E,STK,142.1,142.1,137.51,139.22,138.93,139.06,262,9510,1320093,
533427,"VMS INDUSTRIES LTD.",X,STK,24.67,24.8,23.25,23.86,23.86,24.61,321,31891,761840,
533451,"KARMA ENERGY LTD.",B,STK,38,41.68,37.92,38,38.7,39.91,24,1143,44002,
533452,"DELPHI WORLD MONEY LIMITED",B,STK,12.2,12.5,10.08,11.3,11.3,12.17,147,77920,871250,
533470,"RUSHIL DECOR LTD.",B,STK,16.32,17.13,15.4,15.86,15.76,16.72,260,424887,6734176,
533477,"ENKEI WHEELS (INDIA) LTD.",X,STK,430,436.5,417,419.05,419,430.7,34,571,241920,
533482,"KRIDHAN INFRA LIMITED",B,STK,2.85,3.14,2.7,2.73,2.73,2.91,65,102321,294955,
533499,"BHARATIYA GLOBAL INFOMEDIA LTD",Z,STK,2.83,2.97,2.69,2.97,2.97,2.83,7,11518,32387,
533506,"INVENTURE GROWTH & SECURITIES",B,STK,1.06,1.06,0.98,1.05,1.03,1.07,175,93131,96053,
533519,"L&T Finance Limited",A,STK,266.25,267.15,260,266.2,266.2,271.8,5056,417826,110433956,
533520,"Indiabulls Limited",B,STK,9.31,9.44,9,9.26,9.26,9.55,767,2387981,21905750,
533540,"TREE HOUSE EDUCATION & ACCESSO",T,STK,8.1,8.21,8.07,8.2,8.2,8.49,14,1002,8161,
533543,"BROOKS LABORATORIES LTD.",B,STK,61.16,61.16,57.84,58.7,58.49,61.16,117,5664,333846,
533552,"RUPA & COMPANY LTD.",B,STK,133.5,133.5,129.9,130.55,131.35,134.8,235,4360,571033,
533553,"T D POWER SYSTEMS LTD.",A,STK,850,860.8,828.5,845.4,845.4,879.35,5384,121082,102135643,
533570,"AXIS MUTUAL FUND - AXIS GOLD E",E,STK,134.4,134.4,131,132.32,132.41,131.41,859,67840,8950650,
533573,"ALEMBIC PHARMACEUTICALS LTD.",A,STK,708.85,713.85,687.2,706.4,705.45,710.45,683,5282,3695407,
533576,"VASWANI INDUSTRIES LTD.",B,STK,54.45,59.9,49.28,53.86,54.88,54.89,50,2330,125883,
533581,"PG ELECTROPLAST LTD.",A,STK,597.1,597.1,516.8,522.45,522.45,608,19449,622674,337109391,
533602,"LESHA INDUSTRIES LTD.",X,STK,0.76,0.77,0.71,0.73,0.73,0.74,208,266000,194932,
533605,"SETUBANDHAN INFRASTRUCTURE LIM",Z,STK,0.42,0.42,0.38,0.41,0.41,0.4,21,16413,6494,
533608,"RDB RASAYANS LTD.",X,STK,174.35,174.9,165.5,166.7,171,173.9,108,7251,1235703,
533629,"TIJARIA POLYPIPES LTD.",T,STK,4.82,4.84,4.53,4.84,4.84,4.73,22,11326,51768,
533632,"ONELIFE CAPITAL ADVISORS LTD.",B,STK,15.76,16.32,14.98,14.99,14.98,15.76,10,395,5926,
533638,"FLEXITUFF VENTURES INTERNATION",B,STK,7.58,7.58,7.54,7.54,7.54,7.93,27,10214,77029,
533644,"UJAAS ENERGY LIMITED",B,STK,182.85,182.85,169.5,169.5,169.5,178.4,16,340,59401,
533655,"TRIVENI TURBINE LTD.",A,STK,465,470.65,455.45,468,468.75,469.75,619,11078,5133941,
533676,"INDO THAI SECURITIES LTD.",B,STK,258.25,261.7,253.6,259.7,257,261.95,259,8485,2187929,
533704,"ESSAR SHIPPING LTD.",B,STK,25.68,25.68,23.32,24.55,24.87,25.06,103,32806,791315,
533719,"IDBI MUTUAL FUND - IDBI GOLD E",E,STK,145.9,145.9,141.17,142.41,141.75,142.91,201,17439,2480341,
533758,"APL APOLLO TUBES LTD.",A,STK,2085.15,2139.25,2055.85,2097.45,2102.9,2151.4,2163,11969,24905397,
533761,"GPT INFRAPROJECTS LTD.",B,STK,112.3,112.3,104.2,105.9,106,113.55,354,14255,1517144,
533896,"FERVENT SYNERGIES LTD.",X,STK,19.98,19.98,17.06,17.36,17.21,17.52,48,1584,29035,
533941,"THOMAS SCOTT (INDIA) LIMITED",B,STK,254.2,260.75,249.9,257.75,254.3,261.15,35,1096,277205,
533982,"TERA SOFTWARE LTD.",B,STK,375.15,376.6,361.95,361.95,361.95,380.95,123,3039,1102659,
534060,"PMC FINCORP LIMITED",X,STK,1.91,1.91,1.77,1.81,1.81,1.88,685,506600,918788,
534063,"FUTURISTIC SOLUTIONS LTD.",X,STK,41.6,41.6,41.6,41.6,41.6,41.6,1,50,2080,
534064,"ALLIANCE INTEGRATED METALIKS L",X,STK,1.48,1.59,1.48,1.59,1.59,1.48,258,155886,242094,
534076,"RHI MAGNESITA INDIA LIMITED",A,STK,381.35,391,377.05,381.95,381,396.1,544,9350,3561049,
534091,"MULTI COMMODITY EXCHANGE OF IN",A,STK,2480,2587.65,2450.55,2577.15,2577.15,2533.95,18360,430131,1096215968,
534139,"SCHNEIDER ELECTRIC INFRASTRUCT",T,STK,889.9,920,861.45,899.5,897,906.75,964,23842,20900541,
534190,"OLYMPIC CARDS LTD.",X,STK,3.09,3.09,3.06,3.06,3.06,3.09,5,62,190,
534309,"NBCC (India) Limited",A,STK,83.99,84.95,81.42,84.6,84.6,85.63,5923,740250,61362717,
534328,"HEXA TRADEX LTD.",B,STK,160,168,157.6,168,168,160.05,11,1154,184607,
534338,"Max heights Infrastucture Ltd",X,STK,12,13.48,11.06,11.38,11.38,12.13,17,1480,17658,
534369,"TRIBHOVANDAS BHIMJI ZAVERI LTD",B,STK,136,136,128.95,130.2,130.5,137.7,511,16313,2136608,
534392,"VARDHMAN SPECIAL STEELS LTD.",B,STK,243.2,243.2,234,239.2,242.95,243.15,45,6404,1535156,
534422,"LOOKS HEALTH SERVICES LIMITED",XT,STK,8.98,8.98,8.98,8.98,8.98,9.16,16,488,4382,
534425,"SPECIALITY RESTAURANTS LTD.",B,STK,101,101,96.9,100,100,102.05,29,596,59263,
534532,"LYPSA GEMS & JEWELLERY LTD",B,STK,5.85,5.85,4.6,4.93,4.93,5.18,32,11881,56484,
534535,"STRING METAVERSE LIMITED",XT,STK,127.35,127.35,127.35,127.35,127.35,134.05,33,23007,2929941,
534597,"RATTANINDIA ENTERPRISES LIMITE",A,STK,25.39,25.39,24.42,24.68,24.94,25.43,975,217087,5369245,
534598,"Sampann Utpadan India Limited",B,STK,28.25,28.25,26.38,27.29,27.29,27.22,16,702,19108,
534600,"JTL INDUSTRIES LIMITED",B,STK,52.05,52.05,50.29,51.51,51.6,53.43,485,67187,3432216,
534612,"ADVANCE METERING TECHNOLOGY LT",X,STK,16,16.64,15.12,15.47,15.47,16.64,87,6190,96470,
534615,"NORTH EASTERN CARRYING CORPORA",B,STK,13.91,13.92,12.45,12.85,12.85,13.6,59,13804,181219,
534618,"WAAREE RENEWABLE TECHNOLOGIES",A,STK,805.65,806.9,786.5,794.1,794.1,817.15,2011,32999,26182304,
534623,"JUPITER INFOMEDIA LTD.",X,STK,45.85,50.1,43.32,49.87,50,48.13,206,1000654,49837284,
534639,"VINAYAK POLYCON INTERNATIONAL",X,STK,21.7,21.71,21.7,21.71,21.71,22.83,2,166,3602,
534674,"Ducon Infratechnologies Ltd",B,STK,3.06,3.06,2.8,2.98,2.95,3.06,190,182407,543776,
534675,"PROZONE REALTY LIMITED",B,STK,43.54,43.71,41.29,43.45,43.5,45.38,106,9449,404476,
534680,"SRG HOUSING FINANCE LTD.",B,STK,284.95,284.95,248,250.7,250.7,275.55,34,307,78458,
534691,"COMFORT COMMOTRADE LTD.",X,STK,14.15,14.15,13.05,13.73,13.73,13.63,111,78791,1063838,
534708,"SHANTI GURU INDUSTRIES LIMITED",MT,STK,9,9,9,9,9,9.31,1,3000,27000,
534732,"CASPIAN CORPORATE SERVICES LIM",X,STK,32.22,34.48,32.22,33.25,33.89,33.89,110,7423,245355,
534733,"Aerpace Industries Limited",XT,STK,22.95,23.2,22.2,22.68,23,23.36,244,133009,3013488,
534741,"VIRTUAL GLOBAL EDUCATION LTD.",X,STK,0.49,0.5,0.46,0.48,0.48,0.49,220,229285,109105,
534742,"ZUARI AGRO CHEMICALS LTD.",B,STK,201,202.55,192.55,196.65,196.3,205.45,323,12385,2429399,
534748,"STEEL EXCHANGE INDIA LTD.",B,STK,8.61,8.61,8.01,8.07,8.07,8.51,246,64512,529606,
534755,"TRIO MERCANTILE & TRADING LTD.",X,STK,1.09,1.09,0.96,0.97,0.97,1.1,25,18830,20230,
534758,"CIGNITI TECHNOLOGIES LTD.",A,STK,1130.05,1158.25,1104.85,1154.4,1153.6,1145.3,122,1036,1184684,
534796,"CDG PETCHEM LIMITED",XT,STK,134.95,135.45,130,135.35,134,129,56,6085,821580,
534804,"CARE Ratings Limited",A,STK,1590.1,1605.35,1585.85,1588.75,1586.6,1620.3,131,1060,1686387,
534809,"PC JEWELLER LTD.",A,STK,8.67,8.9,8.65,8.77,8.77,9.05,4786,6043562,52949762,
534816,"INDUS TOWERS LIMITED",A,STK,445,445,434,438.45,439,452.25,3794,122933,53793052,
534920,COVIDH,XT,STK,41.86,41.86,41.86,41.86,41.86,41.04,3,1090,45627,
534976,"V-MART RETAIL LTD.",A,STK,515.55,515.55,498.1,511.8,507.85,516.6,341,4689,2366207,
535136,"NIBE LIMITED",B,STK,967.65,982.4,960,970.35,977.8,991.3,208,3509,3399566,
535204,"Mukta Agriculture Limited",X,STK,2.9,2.9,2.7,2.9,2.9,2.9,15,5693,15423,
535205,"Mystic Electronics Limited",X,STK,3.24,3.24,2.97,3,3.2,3.25,19,3552,10826,
535267,"COMFORT FINCAP LTD.",X,STK,7.5,7.88,7.1,7.4,7.39,7.63,179,125472,938956,
535276,"SBI MUTUAL FUND - SBI ETF SENS",A,STK,897.44,897.44,845,860.78,860,875.56,2717,33359,28472199,
535322,"REPCO HOME FINANCE LTD.",B,STK,355.05,357.85,345.5,355.9,356.25,360.95,269,4979,1740191,
535387,"LAKHOTIA POLYESTERS (INDIA) LT",X,STK,55.1,55.1,52.51,53.01,53.01,55.1,5,67,3548,
535431,"GCM SECURITIES LTD",B,STK,0.65,0.76,0.62,0.66,0.67,0.65,106,124083,82885,
535458,"NRB INDUSTRIAL BEARINGS LTD.",B,STK,32.48,32.92,31.89,32.44,32.44,32.32,48,8998,290965,
535514,"PRIME CAPITAL MARKET LTD.",X,STK,6.35,6.35,6.04,6.04,6.04,6.35,7,401,2484,
535566,"KIFS FINANCIAL SERVICES LTD.",X,STK,120,120,112,112.35,112,121.8,10,21,2481,
535601,"SREELEATHERS LTD.",B,STK,192,203.7,191.4,192,192,195.85,36,207,39985,
535602,"SHARDA MOTOR INDUSTRIES LTD",B,STK,827.95,827.95,792,816.8,824.65,830.8,255,3033,2456789,
535621,"S V GLOBAL MILL LTD.",X,STK,120.3,129.8,120.3,129.8,129.8,124.4,5,102,12284,
535648,"JUST DIAL LTD.",A,STK,524.95,530,509.8,527.45,527,535.25,773,26631,13887997,
535657,"OBJECTONE INFORMATION SYSTEMS",XT,STK,7.03,7.38,7.03,7.38,7.38,7.03,12,4603,32706,
535667,"INDIA FINSEC LTD.",X,STK,181,181,181,181,181,175.7,1,100,18100,
535693,"BRAHMAPUTRA INFRASTRUCTURE LTD",X,STK,155,158.6,152,153.15,153.15,160,256,21625,3324714,
535719,"AMPVOLTS LIMITED",X,STK,25.96,25.96,25.96,25.96,25.96,27.32,67,14122,366607,
535730,"KHOOBSURAT LTD",X,STK,0.54,0.54,0.5,0.52,0.51,0.54,376,923998,479467,
535754,"ORIENT CEMENT LTD",A,STK,145,145,138,139.9,140.4,145.15,311,14331,1997145,
535755,"Aditya Birla Fashion and Retai",A,STK,61.49,61.49,59.26,60.52,60.52,62.46,3794,351313,21110816,
535789,"Sammaan Capital Limited",A,STK,138.05,142.55,137.25,141.9,140,142.35,3677,973178,136709156,
535910,"MONEY MASTERS LEASING & FINANC",B,STK,0.83,0.83,0.78,0.79,0.79,0.84,84,106327,84702,
535916,"ALACRITY SECURITIES LTD",B,STK,57,59.98,55.5,55.88,55.9,58.34,88,16358,917716,
535958,"Integra Essentia Limited",B,STK,1.3,1.36,1.14,1.32,1.32,1.38,640,686377,890010,
536073,"JULIEN AGRO INFRATECH LIMITED",X,STK,1.98,2.03,1.95,2,2,1.98,228,296190,589428,
536264,"TIGER LOGISTICS (INDIA) LTD",B,STK,27.63,28.7,27.03,27.85,27.55,28.63,145,18585,515616,
536493,"JK AGRI GENETICS LTD",X,STK,312.5,316.95,302.5,312.4,311,316,40,2603,806016,
536507,"FUTURE LIFESTYLE FASHIONS LTD",Z,STK,1.27,1.27,1.17,1.21,1.21,1.23,31,9815,11586,
536565,"NOVELIX PHARMACEUTICALS LIMITE",X,STK,53.6,56,51.63,53.1,52.55,56.01,58,6139,331103,
536659,"PVV Infra Limited",X,STK,4.58,4.69,4.26,4.67,4.65,4.65,638,1581619,7260149,
536672,"VCU DATA MANAGEMENT LTD",X,STK,6.2,6.25,6.15,6.15,6.15,6.2,58,91053,568895,
536709,"IND Renewable Energy Ltd",Z,STK,11.55,11.55,10.92,11,11,11,38,3661,40674,
536738,"STELLAR CAPITAL SERVICES LTD",M,STK,5.2,6.3,5.2,6.3,6.3,6.45,2,12000,69000,
536773,"JINDAL POLY INVESTMENT AND FIN",B,STK,1100,1321.6,1022.3,1317.3,1321.6,1101.35,12163,262638,324282338,
536960,"MOTILAL OSWAL MUTUAL FUND - MO",B,STK,60.35,61.54,59.74,60.71,61.5,61.9,1700,104762,6298893,
536965,"B. P. CAPITAL LTD",XT,STK,10.5,10.5,9.93,9.94,9.94,10.45,12,5584,55494,
536974,"CAPTAIN POLYPLAST LTD",X,STK,68.01,68.78,65.2,67.99,67.99,68.01,158,18322,1227639,
537007,"ICICI Prudential Nifty ETF",B,STK,268.84,272,266.45,271.03,272,275.74,2174,122814,33019041,
537008,"ICICI Prudential Nifty 100 ETF",B,STK,27.8,29.07,26.7,27.49,27.57,27.85,100,53484,1496305,
537069,"ARNOLD HOLDINGS LTD",X,STK,11,11.99,10.56,11.73,11.83,11.56,117,44556,495389,
537253,"SUNIL HEALTHCARE LTD",X,STK,70,70,61.55,63,61.55,67,15,114,7209,
537259,"SUYOG TELEMATICS LTD",B,STK,675.5,710,671.2,707.9,710,699.25,60,653,448895,
537291,"NATH BIO-GENES (INDIA) LTD",B,STK,136,143.8,136,140.5,139.1,144,70,1658,233884,
537292,"AGRI- TECH (INDIA) LTD",T,STK,107.35,107.35,107.35,107.35,107.35,112.95,16,118,12667,
537326,"CHEMTECH INDUSTRIAL VALVES LTD",X,STK,63,64,60.71,62.17,62.32,64.47,130,30247,1881638,
537483,"NIPPON INDIA ETF NIFTY 100",B,STK,264.8,264.8,257.32,261.42,262.38,265.74,225,7557,1961461,
537536,"DENIS CHEM LAB LTD",X,STK,73.2,73.67,70.36,71.05,70.95,73.68,74,13337,957091,
537582,"UNISHIRE URBAN INFRA LTD",M,STK,1.4,1.4,1.19,1.32,1.31,1.48,21,380000,469700,
537669,"LAXMIPATI ENGINEERING WORKS LI",M,STK,338.3,360,275.5,311.8,360,338.3,13,6500,2000650,
537707,"LADDU GOPAL ONLINE SERVICES LI",XT,STK,0.9,0.9,0.86,0.89,0.9,0.9,187,610575,530564,
537708,"KOTAK MAHINDRA MUTUAL FUND - K",B,STK,263.57,267.86,260.44,265.09,265.15,270.33,634,43927,11572453,
537709,"SHREE HANUMAN SUGAR & INDUSTRI",XT,STK,4.52,4.64,4.38,4.43,4.41,4.61,52,8724,39479,
537750,"KIRAN VYAPAR LTD",X,STK,175,175.2,171.05,174.55,174.8,179.05,37,1324,231168,
537766,"B.C. POWER CONTROLS LTD",XT,STK,1.66,1.73,1.66,1.66,1.71,1.74,176,165699,275887,
537800,"MANGALAM INDUSTRIAL FINANCE LT",XT,STK,0.87,0.88,0.85,0.85,0.85,0.89,1805,3840363,3270101,
537820,"VIJI FINANCE LTD",B,STK,2.21,2.32,2.1,2.32,2.32,2.21,113,151407,342661,
537839,"PHOENIX TOWNSHIP LTD",X,STK,98.95,99,90,97.44,97,96.99,89,3868,376059,
537985,"INFRONICS SYSTEMS LTD",X,STK,16.9,16.9,13.5,14.4,14.79,15.16,65,2660,37685,
538057,"CPSE ETF",A,STK,101.55,103.54,101.07,102.22,102.22,103.8,2481,250453,25589254,
538081,"HARIA APPARELS LTD",X,STK,5.12,5.65,5.12,5.64,5.64,5.99,14,951,5036,
538092,"SHRI VASUPRADA PLANTATIONS LIM",X,STK,103.65,103.65,103.65,103.65,103.65,104.7,1,6,621,
538119,"R&B DENIMS LTD",T,STK,132.45,132.45,132.45,132.45,132.45,139.4,28,759,100529,
538212,"SHARP INVESTMENTS LTD",XT,STK,0.4,0.4,0.38,0.38,0.39,0.39,150,216856,83827,
538268,"WONDERLA HOLIDAYS LTD",B,STK,494.85,502.75,482,496.2,501,495.95,270,3329,1643973,
538273,"RESPONSE INFORMATICS LTD",X,STK,23.95,23.95,22.55,23.14,23.5,23.95,17,1395,31804,
538319,"GCM CAPITAL ADVISORS LTD",MT,STK,4.02,4.02,4.02,4.02,4.02,3.83,1,1000,4020,
538351,"A.F. ENTERPRISES LTD",Z,STK,2.1,2.1,1.9,1.94,1.94,2,83,32270,64308,
538365,"INCREDIBLE INDUSTRIES LIMITED",B,STK,33.86,33.86,31.08,31.13,32.26,33.05,26,2301,72974,
538382,"WEST LEISURE RESORTS LTD",X,STK,87,87.4,83.45,83.6,83.6,86.55,10,624,53920,
538395,"NAM SECURITIES LTD",X,STK,86.47,86.47,73.21,77.55,77.55,78.61,52,3642,285643,
538401,"MAESTROS ELECTRONICS & TELECOM",X,STK,138.5,138.5,131,135.95,133.1,143.45,112,6126,818963,
538422,"JACKSON INVESTMENTS LTD",X,STK,0.47,0.47,0.45,0.46,0.46,0.46,195,221820,101530,
538446,"MONEYBOXX FINANCE LIMITED",B,STK,72.8,72.8,66.64,67.72,69,68.97,269,23299,1575607,
538451,"WORTH INVESTMENT & TRADING CO",X,STK,2.66,2.72,2.65,2.65,2.65,2.78,226,156748,416066,
538464,"THIRANI PROJECTS LTD",X,STK,4.08,4.39,3.79,4.05,4.13,4.07,32,5706,23425,
538465,"AMARNATH SECURITIES LTD",X,STK,11.39,12.49,11.39,11.62,11.6,11.17,30,7665,89614,
538476,"CAPITAL TRADE LINKS LTD",X,STK,16.8,16.8,15.11,16.27,16.39,16.8,62,6828,108838,
538496,"TARINI INTERNATIONAL LTD",M,STK,6.51,6.56,6.23,6.34,6.25,7.49,34,105000,673410,
538520,"SHIVAMSHREE BUSINESSES LIMITED",XT,STK,1.53,1.62,1.53,1.62,1.62,1.55,16,24682,39790,
538537,"OMANSH ENTERPRISES LTD",XT,STK,167.55,167.55,167.55,167.55,167.55,167.55,1,6,1005,
538539,"ANNVRRIDHHI VENTURES LIMITED",X,STK,8.89,9.49,8.52,9.08,9.14,8.9,71,7275,66133,
538540,"RAMCHANDRA LEASING & FINANCE L",XT,STK,10,10,10,10,10,10.2,31,6709,67090,
538546,"BANSAL ROOFING PRODUCTS LTD",B,STK,114,114.05,110,112.35,112,114.35,129,4005,448922,
538556,"ARMAN HOLDINGS LTD",X,STK,114.3,114.4,94.55,113,113,114.3,78,5599,636256,
538562,"SKIPPER LTD",A,STK,338,339.7,327,330.5,329.55,347.1,605,12390,4109396,
538563,"SMT ENGINEERING LIMITED",XT,STK,457.3,457.3,457.3,457.3,457.3,448.35,3,950,434435,
538564,"JAMES WARREN TEA LTD",X,STK,294.2,303.85,290,290.5,290,299.95,52,1532,453365,
538565,"Vistar Amar Limited",XT,STK,177,181.3,173.25,180.05,180,182.2,49,3882,695278,
538567,"GULF OIL LUBRICANTS INDIA LTD",B,STK,995.6,1007,974.85,978.15,976,1018.05,472,3959,3907109,
538568,"FRUITION VENTURE LTD",X,STK,38,38,38,38,38,40,3,350,13300,
538569,"TRIVENI ENTERPRISES LTD",X,STK,1.2,1.2,1.09,1.09,1.09,1.26,20,9674,11161,
538576,"BHANDERI INFRACON LTD",MT,STK,145,145,145,145,145,152,2,24000,3480000,
538596,"CEMANTIC INFRA-TECH LIMITED",XT,STK,5.82,5.82,5.28,5.28,5.28,5.55,7,85,462,
538597,"TTI ENTERPRISE LTD",XT,STK,9.51,10,9.51,9.63,9.63,9.98,18,4323,41658,
538598,"VISHAL FABRICS LTD",B,STK,19.88,20.5,19.27,19.81,19.96,19.66,328,76751,1530374,
538607,"TOYAM SPORTS LIMITED",X,STK,0.93,0.93,0.87,0.88,0.88,0.89,294,326638,293438,
538609,"GAJANAN SECURITIES SERVICES LT",X,STK,54.01,54.9,50.9,51.22,51.22,55.72,98,7838,407209,
538610,"UNISON METALS LTD",X,STK,0.94,0.94,0.89,0.9,0.9,0.93,525,732139,664429,
538611,"Real Touch Finance Limited",Z,STK,56.2,56.2,56.2,56.2,56.2,53.53,1,1,56,
538634,"VASUNDHARA RASAYANS LTD",X,STK,119.85,120.05,106,114.2,115.95,120,96,2394,267419,
538635,"SNOWMAN LOGISTICS LTD",B,STK,35.41,36.62,35.34,36.31,36.38,37.69,262,11045,397117,
538646,"QGO FINANCE LIMITED",X,STK,36.6,39.5,36.6,39,39,39.99,30,693,26327,
538647,"PURSHOTTAM INVESTOFIN LTD",X,STK,33,34,33,33.03,33.03,33.68,6,374147,12434281,
538666,"Sharda Cropchem Limited",A,STK,1019.95,1028.1,985.4,1016.1,1018.5,1044.75,947,8616,8704576,
538667,"Sirohia & Sons Limited",M,STK,6.93,6.93,6.93,6.93,6.93,5.78,2,20000,138600,
538668,"Meghna Infracon Infrastructure",B,STK,524.1,528.95,512.5,520.8,525.15,529.6,216,19648,10252499,
538674,"City Online Services Limited",Z,STK,8.02,8.02,7.62,7.62,7.62,8.02,4,43,334,
538683,"NIPPON INDIA ETF SENSEX",A,STK,896.47,896.98,873.1,886.53,888.44,900.98,1640,37978,33400781,
538684,"Encash Entertainment Limited",MT,STK,27.55,27.55,27.55,27.55,27.55,29,7,21000,578550,
538685,"SHEMAROO ENTERTAINMENT LIMITED",B,STK,105,105,94.9,96.95,96.9,103.7,22,1547,148390,
538706,"Ultracab (India) Limited",X,STK,6.63,7,6.63,6.73,6.7,7,342,84374,573010,
538707,"Rajasthan Cylinders & Containe",X,STK,32.49,32.49,29.56,31.68,31.68,32.5,17,323,9799,
538708,"Econo Trade (India) Limited",X,STK,7.8,7.8,6.73,7.22,7.22,7.1,31,1107,7962,
538713,"Atishay Limited",X,STK,201.95,205.05,191,199.1,200,205.1,130,9138,1822590,
538714,"Sangam Finserv Limited",X,STK,40.7,40.7,38,40,40,40.7,14,365,14151,
538715,"Dhabriya Polywood Limited",X,STK,330,330,313.5,326.9,328,333.85,141,6569,2093249,
538716,"Aryaman Capital Markets Limite",B,STK,424.95,425,407.3,418,418,428,9,156,64276,
538730,"PDS LIMITED",B,STK,288.3,295.8,284.95,291.4,291.4,293.65,175,14635,4224543,
538732,"Vibrant Global Capital Limited",X,STK,31.16,31.99,30.1,30.11,30.1,31.6,69,18372,564868,
538734,"CEINSYS TECH LIMITED",B,STK,856.05,1085.45,855,860.05,860.05,904.55,1933,24848,21616337,
538742,"PANABYTE TECHNOLOGIES LIMITED",XT,STK,34.95,34.95,33.1,34.89,34.89,34.81,20,1644,56973,
538743,"Mudunuru Limited",XT,STK,13.85,13.85,13.85,13.85,13.85,13.85,8,3615,50067,
538770,"Crane Infrastructure Limited",X,STK,13.69,13.69,12.25,12.94,12.94,12.81,41,1459,18645,
538772,"Niyogin Fintech Limited",X,STK,35.89,35.89,33.95,34.15,34.4,35.65,324,102399,3523341,
538778,"Kalyan Capitals Limited",X,STK,6.71,6.71,6.2,6.29,6.3,6.75,108,18120,115441,
538786,"Citizen Infoline Ltd.",X,STK,259.15,259.15,259.15,259.15,259.15,261.75,15,2886,747906,
538787,"Goenka Business & Finance Limi",X,STK,10.5,11.4,9.92,10.22,10.21,10.48,110,24888,260091,
538788,"Gilada Finance & Investments L",X,STK,11.8,12.86,11.22,12.32,12.38,11.8,44,3047,34899,
538795,"Shree Ajit Pulp And Paper Ltd.",X,STK,269.5,269.5,260,260,260,269.5,5,270,70209,
538812,"Aanchal Ispat Limited",XT,STK,21.11,21.11,21.11,21.11,21.11,20.11,4,274,5784,
538817,"Captain Pipes Limited",B,STK,9.23,9.23,8.5,8.94,8.97,9.01,442,420935,3673104,
538833,"KAIZEN AGRO INFRABUILD LIMITED",X,STK,9.58,9.58,8.1,8.3,8.55,9.58,135,29703,252035,
538834,"JMJ Fintech Limited",X,STK,11.15,11.18,9.38,10.58,10.55,11.26,299,96162,1005514,
538835,"INTELLECT DESIGN ARENA LIMITED",A,STK,672.05,680.15,657.75,674.85,674.85,681.35,1737,27707,18517645,
538836,"Monte Carlo Fashions Limited",B,STK,518,518,504.5,509.2,508.1,518.2,58,903,461142,
538837,"Jeevan Scientific Technology L",X,STK,69.95,69.95,66.63,66.63,66.63,70.13,59,4838,324224,
538838,"Indo Cotspin Limited",X,STK,24.99,27.34,23.4,26.98,27.34,24.99,15,651,16004,
538857,"Scintilla Commercial & Credit",XT,STK,12.75,13.01,12.75,13.01,13.01,13.01,3,1933,25131,
538860,"PANAFIC INDUSTRIALS LTD",X,STK,0.68,0.68,0.67,0.67,0.67,0.68,41,17350,11784,
538862,"My Money Securities Ltd.",X,STK,40.18,40.18,33.87,37.99,33.87,36.53,13,67,2670,
538868,"Continental Securities Limited",X,STK,16.25,16.64,15.65,15.96,16.5,16.25,169,19965,320229,
538874,"NEXUS SURGICAL AND MEDICARE LI",X,STK,17.92,17.92,17.51,17.6,17.6,18.01,10,633,11110,
538875,"SELLWIN TRADERS LIMITED",X,STK,6.43,6.7,6.11,6.64,6.64,6.42,562,1418652,9159989,
538881,"Galada Finance Limited",X,STK,23.44,23.44,21.88,22.02,23.43,22.33,26,1793,41164,
538882,"Emerald Finance Limited",X,STK,52,57.4,51.02,54.58,55,54.27,411,72571,3957920,
538890,"M. K. Exim (India) Ltd.",X,STK,52.45,53.95,50.51,52.4,53.9,52.73,92,13701,708592,
538891,"MAGELLANIC CLOUD LIMITED",B,STK,22.99,23.1,22.5,22.86,22.84,23.38,472,151828,3445245,
538894,"Octal Credit Capital Ltd.",X,STK,23.87,23.87,21.55,22.99,22.99,23.87,8,75,1765,
538895,"Mihika Industries Ltd.",X,STK,12.25,12.25,11.02,11.86,11.85,11.96,22,98560,1092415,
538896,"Kanchi Karpooram Ltd.",X,STK,322,335,320,331.15,335,330.95,60,3215,1059431,
538897,"Shri Niwas Leasing and Finance",XT,STK,10.16,10.16,10.16,10.16,10.16,10.69,1,150,1524,
538902,"Dhunseri Tea & Industries Ltd",B,STK,127.3,132,127.3,128,128,136,11,228,29049,
538918,"Vani Commercials Limited",X,STK,8.74,8.74,8.21,8.52,8.52,8.57,15,4375,37155,
538920,"VINTAGE COFFEE AND BEVERAGES L",B,STK,130.6,133.6,126.05,129.05,129.6,135.3,1343,75290,9669577,
538922,"COSYN Limited",X,STK,20.5,20.98,20.07,20.65,20.93,20.54,31,2015,40667,
538923,"SOFCOM SYSTEMS LIMITED",X,STK,24.57,26.49,24.2,25.98,26.45,24.64,216,94193,2386716,
538926,"Naturite Agro Products Limited",X,STK,197.5,223.95,192.2,217,197,213.45,136,39666,8654126,
538928,"Karnavati Finance Limited",X,STK,1.3,1.3,1.18,1.19,1.18,1.24,114,959029,1221728,
538935,"Abhishek Finlease limited",X,STK,40.25,40.25,40.25,40.25,40.25,42.36,1,1,40,
538942,"Mercantile Ventures Limited",X,STK,23.5,23.5,20.1,21.07,21.07,22.75,63,2643,54402,
538943,"Sonal Mercantile Limited",XT,STK,96.3,97,96.25,97,97,96.45,4,7,675,
538952,"Abhinav Leasing & Finance Limi",X,STK,1.29,1.3,1.11,1.11,1.11,1.33,19,12810,16578,
538961,"GENUS PAPER & BOARDS LIMITED",B,STK,11.7,12.5,11.4,11.63,11.52,12.58,68,9442,108949,
538962,"Minda Corporation Limited",A,STK,510,517.15,493,497.35,497.35,520.4,660,13626,6783993,
538964,"Mercury Laboratories Limited",X,STK,780,790,770,775.05,775.05,792.6,10,40,31043,
538965,"Concord Drugs Limited",X,STK,75,77.8,71.54,74.2,74.2,75,47,5018,367873,
538970,"WARDWIZARD INNOVATIONS AND MOB",X,STK,6.5,7.14,6.5,6.82,6.82,6.64,1480,951818,6557594,
538975,"Shree Securities Ltd.",Z,STK,0.19,0.2,0.19,0.2,0.2,0.19,287,1265568,246907,
538979,"Greenlam Industries Ltd",B,STK,230,230,223.5,226,226,234.05,33,4554,1033486,
538987,"TALBROS ENGINEERING LIMITED",X,STK,602.2,645,602,619.45,629.5,639.65,77,1035,631938,
538992,"Sar  Auto Products Limited",X,STK,2058,2058,2058,2058,2058,2100,1,5,10290,
539006,"PTC Industries Ltd.",A,STK,17844.7,17844.7,17065,17263.9,17186,17751,366,645,11122878,
539011,"CHENNAI FERROUS INDUSTRIES LIM",X,STK,82.88,83.99,79,82.06,82.5,82.42,48,1276,104144,
539012,"Megri Soft Limited",X,STK,98,98,83.1,94.69,95,96,25,256,22242,
539013,"GITA RENEWABLE ENERGY LIMITED",X,STK,62.35,64.8,61.42,62.09,62,67.28,110,4172,260659,
539014,"Kalpa Commercial Limited",XT,STK,9.79,9.79,9.79,9.79,9.79,9.98,3,98,959,
539015,"Ortel Communications Limited",Z,STK,1.57,1.61,1.47,1.55,1.55,1.54,27,53761,85839,
539016,"Neil Industries Ltd.",X,STK,6.36,7,6.02,6.51,6.42,6.8,43,12671,80654,
539017,"STAR HOUSING FINANCE LIMITED",X,STK,6.24,6.24,5.79,5.8,5.8,6.09,236,154927,902473,
539018,"Beekay Steel Industries Ltd.",X,STK,373,409.95,373,400.6,400,389.45,112,1732,683430,
539031,"SBI Mutual Fund",A,STK,286.7,286.7,272.9,278.79,277.44,283.86,89,1731,478939,
539032,"Fraser And Company Limited",X,STK,10.17,10.67,9.86,10.56,10.18,10.17,114,71900,753060,
539040,"TIRUPATI INNOVAR LIMITED",X,STK,6.2,6.25,6,6.13,6.25,6.09,235,37802,230634,
539041,"GANESHA ECOVERSE LIMITED",M,STK,22.79,23.5,21.7,22.5,22.5,22.87,75,411250,9178200,
539042,"AGI Infra Limited",B,STK,299.95,309.85,289,306.45,309.85,301.3,780,38102,11298812,
539044,"Manaksia Steels Limited",B,STK,57,57,51.6,55.37,55.37,57.08,32,910,49043,
539045,"Manaksia Aluminium Company Ltd",T,STK,28.8,28.8,27.55,27.62,27.62,29,64,12372,344463,
539046,"Manaksia Coated Metals & Indus",B,STK,124.4,124.4,115.8,117.25,116.45,125.05,174,26287,3092672,
539056,"IMAGICAAWORLD ENTERTAINMENT LI",B,STK,38.32,40.42,38.32,39.74,39.98,40.04,355,58689,2333765,
539083,"Inox Wind Limited",A,STK,81.03,82.19,79.24,81.84,81.84,83.87,7825,921676,74281784,
539090,"Rajputana Investment and Finan",X,STK,32.64,32.64,31.5,32.47,32.64,32,13,178,5787,
539091,"Consecutive Commodities Limite",X,STK,0.79,0.8,0.71,0.78,0.79,0.79,250,378950,288317,
539096,"Aananda Lakshmi Spinning Mills",XT,STK,10.66,10.66,10.66,10.66,10.66,11.22,6,2214,23601,
539097,"UR SUGAR INDUSTRIES LIMITED",B,STK,2.35,2.39,2.2,2.29,2.33,2.28,150,131003,303479,
539098,"Filtra Consultants and Enginee",M,STK,63,63,63,63,63,64,1,2000,126000,
539111,"SHESHADRI INDUSTRIES LIMITED",X,STK,16.15,16.15,15,16.15,16.15,15.39,17,1692,27031,
539113,"Paul Merchants Ltd.",X,STK,492,509.95,467,472.6,479.95,493.15,83,2731,1300222,
539115,"ALAN SCOTT ENTERPRISES LIMITED",XT,STK,234.5,235.05,234.5,234.5,234.5,246.8,44,5925,1389426,
539117,"Sujala Trading & Holding Ltd.",X,STK,49.94,49.94,48.26,49.84,49.92,50.06,162,20764,1021726,
539118,"VRL Logistics Limited",B,STK,266.75,275.25,261,267.25,268.4,273.55,417,8228,2192334,
539120,"GRAMEVA LIMITED",X,STK,56.7,57.4,55,57,57,56.71,10,2668,149640,
539121,"Palco Metals Limited",X,STK,110.8,110.8,100,103.75,103.75,106.1,38,3802,383030,
539122,"Bodhtree Consulting Limited",XT,STK,19,19,18.05,18.28,18.06,19,48,13291,240889,
539123,"V B INDUSTRIES LIMITED",X,STK,7.49,7.49,6.85,6.99,6.99,7.2,24,4835,33752,
539124,"Survottam Finvest Ltd.",X,STK,19.22,19.22,18,18.94,18.94,19.22,9,1015,19354,
539126,"MEP Infrastructure Developers",Z,STK,0.97,0.97,0.97,0.97,0.97,0.98,24,23596,22888,
539132,"Wardwizard Foods and Beverages",X,STK,8.65,9.05,8.4,8.83,9.05,8.83,312,479112,4166910,
539141,"UFO Moviez India Limited",B,STK,68.25,69.88,64.76,66.78,68,67.26,37,1309,86027,
539143,"PANTH INFINITY LIMITED",X,STK,7.34,7.34,7.01,7.17,7.11,7.32,109,38135,273520,
539148,"Shivalik Rasayan Ltd.",B,STK,272,284.05,270.05,279,281.55,275.5,50,827,230653,
539149,"Integrated Capital Services Lt",XT,STK,3.34,3.34,3.34,3.34,3.34,3.34,4,1220,4074,
539150,"PNC Infratech Limited",A,STK,200,200,191.45,192.4,193.25,200.6,495,25987,5011835,
539151,"Arfin India Limited",B,STK,77.39,79.15,73.79,78.57,78.78,77.39,382,32664,2513915,
539167,"Virat Leasing Limited",X,STK,30.1,30.1,30.1,30.1,30.1,28.67,12,119,3581,
539174,"Helpage Finlease Ltd.",X,STK,23,23.99,22,23.72,23.72,23,9,637,14070,
539175,"BLUEGOD ENTERTAINMENT LIMITED",XT,STK,3.47,3.5,3.34,3.48,3.41,3.47,334,937048,3205116,
539176,"Hawa Engineers ltd.",X,STK,79.99,80.5,79.99,80.14,80.15,80.21,30,6098,489497,
539177,"Authum Investment & Infrastruc",A,STK,424.65,425,400,403.8,406.15,432.15,2645,37736,15332110,
539189,"Adhbhut Infrastructure Ltd.",X,STK,13.7,13.7,12.03,12.58,12.58,13.22,9,420,5162,
539190,"Decillion Finance Ltd.",X,STK,45.22,45.22,45.2,45.2,45.2,45,6,172,7775,
539195,"POCL ENTERPRISES LTD",X,STK,185.25,185.95,175.2,180,182,186.15,357,34266,6167165,
539196,"Amba Enterprises Ltd.",X,STK,122.05,126.95,119,123.95,124.45,125.85,128,8681,1066176,
539198,"Capfin India Limited",XT,STK,114,114,114,114,114,114,3,169,19266,
539199,"SG FINSERVE LIMITED",B,STK,373,395.4,362,391.65,391.65,378.4,513,16685,6325278,
539200,"NOBLE POLYMERS LIMITED",X,STK,0.98,0.98,0.98,0.98,0.98,0.82,7,1640,1607,
539201,"SATIA INDUSTRIES LIMITED",B,STK,62,62,59.69,61.74,61.76,61.79,108,9960,602699,
539206,"GENOMIC VALLEY BIOTECH LIMITED",X,STK,28.89,28.89,23.65,25,25,29,7,174,4305,
539216,"GARMENT MANTRA LIFESTYLE LIMIT",X,STK,1.85,1.85,1.72,1.77,1.78,1.85,415,635340,1122724,
539217,"Srestha Finvest Limited",X,STK,0.26,0.26,0.24,0.25,0.25,0.25,768,4002683,1007588,
539218,"Saumya Consultants Ltd.",X,STK,135.6,142,135.6,142,142,142.7,2,4,548,
539219,"MAURIA UDYOG LIMITED",X,STK,9.38,10,9,9.03,9.01,9.2,106,21531,195815,
539220,"Mishka Exim Limited",X,STK,40.15,40.15,40.05,40.07,40.05,40.15,5,665,26668,
539221,"Sportking India Ltd.",B,STK,109.1,109.1,104.35,105.7,106.4,110.2,97,5784,613820,
539222,"GROWINGTON VENTURES INDIA LIMI",B,STK,0.97,0.99,0.94,0.97,0.97,0.97,1222,13688519,13211218,
539224,"HCKK Ventures Limited",XT,STK,30.72,30.72,30.72,30.72,30.72,32.33,4,358,10997,
539226,"RUDRA GLOBAL INFRA PRODUCTS LI",B,STK,17.21,18.1,15.15,16.85,17,18.06,244,48140,807446,
539227,"Loyal Equipments Limited",X,STK,167.3,177,166,168.55,168.55,180.55,217,6562,1112307,
539228,"Gala Global Products Limited",Z,STK,1.29,1.29,1.19,1.19,1.19,1.25,99,58887,70296,
539230,"Chemiesynth (Vapi) Limited",X,STK,41.48,41.48,41.48,41.48,41.48,39.51,1,5,207,
539251,"Balkrishna Paper Mills Ltd.",B,STK,16.07,16.21,12.64,12.98,12.98,15.8,140,79425,1012783,
539252,"Shyam Century Ferrous Limited",B,STK,4.85,4.85,4.62,4.7,4.7,4.86,93,15740,74216,
539254,"Adani Energy Solutions Limited",A,STK,979.65,987.05,958.5,980.95,980.95,991.85,2495,33593,32608283,
539255,"STAR DELTA TRANSFORMERS LIMITE",X,STK,441.05,473.85,441.05,455.85,455.85,474.05,124,1698,774147,
539267,"SAMSRITA LABS LIMITED",X,STK,17.88,17.88,16.1,17.84,17.84,17.88,18,369,5986,
539268,"Syngene International Limited",A,STK,397.4,399.55,387.35,398.85,398.75,399.15,1530,30306,11893411,
539275,"Mangalam Seeds Limited",X,STK,134,137.95,130,134.8,135,134,19,722,96987,
539276,"Kaya Limited",B,STK,312.4,315,310,310,310,318.55,6,12016,3751401,
539277,"Alstone Textiles (India) Ltd",X,STK,0.14,0.14,0.13,0.14,0.14,0.14,4871,28449944,3898794,
539278,"Symbiox Investment & Trading C",X,STK,1.69,1.89,1.69,1.89,1.89,1.75,21,19157,32690,
539287,"ORTIN GLOBAL LIMITED",T,STK,18,18,16.89,16.89,16.89,17.7,4,42,745,
539288,"Avi Polymers Ltd.",XT,STK,22.99,25.41,22.99,25.41,25.41,24.2,316,302179,7164424,
539289,"Aurum PropTech Limited",B,STK,164.15,166.15,162,164,163.05,168.55,61,1040,170004,
539290,"Oswal Greentech Limited",B,STK,25.17,25.17,23.75,24.24,24.24,25.17,193,15440,370743,
539291,"Vasudhagama Enterprises Limite",Z,STK,1.79,1.79,1.79,1.79,1.79,1.88,43,42088,75337,
539300,"SUNRAKSHAKK INDUSTRIES INDIA L",X,STK,234,234,227,228.4,228.5,237,141,11180,2579786,
539301,"Arvind SmartSpaces Limited",B,STK,504.95,505.75,490.35,500.9,500.8,506.05,141,818798,407761320,
539302,"Power Mech Projects Limited",A,STK,1981,1981,1934.15,1953.7,1961.1,2015.1,533,4832,9416039,
539309,"Rama Steel Tubes Limited",B,STK,6.03,6.3,5.88,5.93,6.02,6.36,2280,1144622,6906741,
539310,"THINKINK PICTUREZ LIMITED",X,STK,0.18,0.19,0.18,0.19,0.19,0.19,317,2679520,497966,
539312,"UTI BSE Sensex ETF",A,STK,863.28,867,836,856.82,857.04,872,93,999,850017,
539313,"UTI Mutual Fund",B,STK,263.46,269.92,262.14,266.11,269.92,270.22,250,11298,2976755,
539314,"Universal Autofoundry Limited",B,STK,55.7,55.7,52.09,53.4,53.4,55.5,52,2353,123647,
539331,"VETO SWITCHGEARS AND CABLES LI",B,STK,99,100.3,98,99.05,100.3,101.65,56,2677,263712,
539332,"Navkar Corporation Limited",B,STK,86.5,88.16,85.52,87,87.14,89.13,307,15108,1309800,
539334,"Shree Pushkar Chemicals & Fert",B,STK,298.9,301.15,294.6,299.45,300.9,297.95,46,738,218612,
539335,"Callista Industries Limited",XT,STK,183.6,189,172.1,188.25,188.4,180,71,7403,1358921,
539336,"Gujarat Gas Limited",A,STK,395.95,395.95,370.3,372.65,372.65,396.25,2157,45973,17352052,
539337,"WAAREE TECHNOLOGIES LIMITED",M,STK,148.95,149.75,140,140.5,140.25,152.05,172,36575,5233838,
539346,"Sadbhav Infrastructure Project",B,STK,3.21,3.3,3.04,3.07,3.1,3.19,156,40041,126855,
539353,"SAL AUTOMOTIVE LIMITED",X,STK,175,197,175,185.9,185.9,189,73,2001,369056,
539354,"Polyspin Exports Ltd.",X,STK,29.75,29.75,27,27.79,27.88,29.77,31,3276,89827,
539359,"Pritika Auto Industries Limite",B,STK,12,12.5,11.37,12.2,12.5,12.03,201,17947,212806,
539378,"Soni Medicare Limited",X,STK,53.14,53.14,48.5,53.14,53.14,50.61,19,658,34639,
539383,"Mahaveer Infoway Limited",Z,STK,8.48,8.48,8.45,8.45,8.45,8.08,4,16,135,
539391,"Acme Resources Limited",Z,STK,30.5,30.5,30.5,30.5,30.5,30.5,1,1,30,
539398,"Vishal Bearings Limited",B,STK,55.99,55.99,53,54.79,54.99,53.66,37,1213,66785,
539399,"Bella Casa Fashion & Retail Li",B,STK,259,274.5,240,255.55,254,274.7,128,12416,3148480,
539400,"MALLCOM (INDIA) LTD.",B,STK,1056.4,1060.75,1028.3,1045,1045,1071.8,31,844,881187,
539402,"Naksh Precious Metals Limited",B,STK,5.2,5.2,4.57,4.57,4.57,5.01,17,5867,27718,
539404,"SATIN CREDITCARE NETWORK LIMIT",B,STK,148,151,145.75,146.6,146,150.8,48,2407,352561,
539405,"Decorous Investment and Tradin",XT,STK,16.14,16.14,14.63,15.81,15.81,15.38,17,9719,149781,
539407,"Generic Engineering Constructi",B,STK,43.25,46.49,43.15,43.3,43.2,43.4,37,4306,186556,
539408,"Kuber Udyog Limited",X,STK,13.72,13.72,13.72,13.72,13.72,13.72,1,15,205,
539428,"Tejnaksh Healthcare Limited",X,STK,13.25,13.25,12.52,12.93,12.99,13.28,33,2059,26838,
539435,"Richfield Financial Services L",X,STK,30.95,31.44,29,30.97,30.97,29.95,12,5177,156917,
539436,"Coffee Day Enterprises Limited",B,STK,27.1,27.1,25.25,26.38,26.94,27.16,1014,130591,3386721,
539437,"IDFC FIRST BANK LIMITED",A,STK,68.58,68.59,66.01,66.76,66.76,69.98,37441,4042945,269529423,
539448,"InterGlobe Aviation Limited",A,STK,4139.9,4256.85,4035.65,4236,4236,4404.6,35243,329884,1365211550,
539449,"IGC Industries Limited",X,STK,2.15,2.3,2.01,2.07,2.07,2.15,113,123487,253266,
539450,"S H Kelkar and Company Limited",B,STK,133.5,133.5,128.15,129.9,129.9,134.15,331,14203,1848175,
539455,"ARYAVAN ENTERPRISE LIMITED",X,STK,50.5,57.5,50.5,52.15,52.15,52.87,45,48877,2637419,
539468,"Typhoon Financial Services Lim",X,STK,43.9,43.9,43.85,43.85,43.85,42.74,4,72,3157,
539469,"PANORAMA STUDIOS INTERNATIONAL",B,STK,41.9,42.5,39.99,42.05,42,42.82,168,77754,3254136,
539470,"Shree Ganesh Biotech (India) L",X,STK,0.59,0.6,0.58,0.6,0.6,0.6,386,697016,412065,
539479,"GTV Engineering Limited",X,STK,59.2,61.4,56,58.38,58.81,59.2,381,99041,5802402,
539480,"LIC MF EXHGE TRADED FUND-NIFTY",B,STK,268,268.99,265.22,268.99,268.99,274.96,12,2186,582034,
539486,"Geetanjali Credit And Capital",XT,STK,5.82,6.1,5.82,5.85,5.85,5.81,20,72674,432092,
539487,"LIC MF EXCHNG TRADED FUND-SENS",A,STK,920,943,864.59,872.21,872.21,921.24,13,158,139495,
539492,"Garbi Finvest Limited",X,STK,12.99,12.99,12,12.03,12.55,12.29,17,1476,18486,
539494,"Smart Finsec Limited",X,STK,8.05,8.05,7.32,7.55,7.39,7.91,91,8413,63370,
539506,"Adcon Capital Services Limited",X,STK,0.44,0.44,0.42,0.44,0.44,0.43,319,299069,130014,
539515,"Quint Digital Limited",X,STK,44,44,41,42.61,42.99,41.13,54,3270,137412,
539516,"HDFC Mutual Fund",B,STK,264,272.99,263.55,269.6,269.3,275.26,446,16760,4482701,
539517,"HDFC Mutual Fund",A,STK,91.28,91.28,86.24,87.67,87.6,89.06,507,91182,7902091,
539518,"Uday Jewellery Industries Limi",X,STK,124.75,127.95,120.6,123.2,124.95,125.35,39,3411,424918,
539519,"SATTVA SUKUN LIFECARE LIMITED",X,STK,0.72,0.78,0.71,0.71,0.72,0.73,233,1262157,911611,
539522,"Grovy India Limited",X,STK,41.8,41.8,37.5,38.02,37.5,39.6,36,564,21657,
539523,"Alkem Laboratories Limited",A,STK,5491.8,5491.85,5417.55,5460.2,5455,5540.05,251,938,5116448,
539524,"Dr. Lal Pathlabs Limited",A,STK,1328.05,1370,1315,1364,1370,1359.9,837,4694,6313645,
539526,"Suncare Traders Limited",X,STK,0.64,0.64,0.55,0.59,0.58,0.63,268,303932,177125,
539527,"Creative Castings Limited",X,STK,535,552,505,550.45,550.95,558,37,247,131682,
539528,"AAYUSH WELLNESS LIMITED",XT,STK,32.71,32.71,30.15,32.71,32.71,31.16,918,204851,6613569,
539533,"ELITECON INTERNATIONAL LIMITED",B,STK,51.79,53,49.75,49.77,49.77,52.36,4955,922219,46067843,
539542,"LUX Industries Limited",B,STK,870.7,880.1,857.7,864.25,880.1,888.85,170,2224,1920112,
539544,"Abhishek Infraventures Limited",X,STK,6.61,6.82,6.61,6.82,6.82,6.5,3,57,386,
539546,"AGRIBIO SPIRITS LIMITED",X,STK,265.3,265.3,252,257.05,257,264.55,70,10059,2569198,
539551,"Narayana Hrudayalaya Limited",A,STK,1730.35,1767.15,1706.9,1757.1,1750,1754.55,945,9433,16400808,
539552,"F MEC INTERNATIONAL FINANCIAL",X,STK,71.79,71.79,66,68.74,69,72.23,88,13790,939213,
539559,"Deep Diamond India Limited",X,STK,2.71,2.72,2.66,2.66,2.66,2.8,1243,888960,2368098,
539561,"SUPHA PHARMACHEM LIMITED",X,STK,0.41,0.43,0.41,0.41,0.41,0.43,1707,10523233,4330481,
539562,"AARNAV FASHIONS LIMITED",B,STK,25.06,25.56,23.2,24.04,24.22,25.06,115,5853,141159,
539574,"Sunshine Capital Ltd.",X,STK,0.21,0.21,0.2,0.21,0.21,0.22,2405,15231668,3126408,
539584,"SHARANAM INFRAPROJECT AND TRAD",Z,STK,0.24,0.24,0.23,0.23,0.23,0.24,390,2707986,623720,
539593,"Shivansh Finserv Limited",X,STK,7.3,7.64,6.92,7.05,7.6,7.13,20,783,5764,
539594,"Mishtann Foods Limited",X,STK,4.05,4.08,3.85,3.97,3.99,4.12,3169,1627657,6484079,
539596,"Delta Industrial Resources Lim",X,STK,13.99,13.99,12.5,13.01,13,13.11,32,4585,60910,
539598,"CREDENT GLOBAL FINANCE LIMITED",X,STK,28.5,30.2,28.5,29.98,30.2,29.71,107,17476,518158,
539599,"Kotia Enterprises Limited",X,STK,25.31,25.31,25.31,25.31,25.31,24.11,7,226,5720,
539607,"Blue Cloud Softech Solutions L",B,STK,19.5,19.7,18.89,19.54,19.54,19.9,3118,1191475,23088913,
539620,"KANORIA ENERGY & INFRASTRUCTUR",X,STK,15.11,15.11,13.26,14.18,14.01,15.11,57,2371,33912,
539621,"BCL Enterprises Limited",X,STK,0.48,0.49,0.47,0.48,0.49,0.49,132,75860,36292,
539636,"Precision Camshafts Limited",B,STK,123.65,129.95,122.3,123.75,122.8,127,179,9158,1138227,
539658,"TeamLease Services Limited",B,STK,1108,1140,1082.7,1103.85,1103.85,1125.1,249,1230,1367227,
539659,"VIKRAM KAMATS HOSPITALITY LIMI",B,STK,52.5,52.5,46.99,48,48,51.75,63,2227,107753,
539660,"BEST AGROLIFE LIMITED",T,STK,15.43,16.68,15.43,16.43,16.55,16.19,315,173583,2802332,
539661,"ACE MEN ENGG WORKS LIMITED",X,STK,100.8,100.8,100.8,100.8,100.8,101,1,1,100,
539662,"BFL Asset Finvest Limited",X,STK,9.56,9.56,8.86,9.11,9.13,9.34,86,9595,86326,
539669,"RGF Capital Markets Limited",XT,STK,0.95,0.95,0.95,0.95,0.95,0.94,18,78669,74735,
539673,"Radhagobind Commercial Limited",Z,STK,3.88,3.88,3.88,3.88,3.88,3.7,36,112154,435157,
539678,"Quick Heal Technologies Limite",B,STK,155,155.25,149.3,151.45,151.45,157.55,325,7314,1101651,
539679,"Kapil Raj Finance Ltd.",X,STK,2.09,2.28,2.09,2.22,2.25,2.14,158,168846,370666,
539682,"Mobavenue AI Tech Limited",T,STK,1120,1177.75,1112,1177.3,1177.75,1121.7,76,1910,2173872,
539686,"K.P. Energy Limited",B,STK,250,254.95,242,247.1,250.25,257.2,943,34081,8393508,
539692,"INTERACTIVE FINANCIAL SERVICES",X,STK,13,13.99,12.75,13.25,13.84,13.04,24,4424,57573,
539697,"HILIKS TECHNOLOGIES LIMITED",XT,STK,41.81,46,41.81,42.33,41.81,44.01,17,3212,139951,
539724,"HYPERSOFT TECHNOLOGIES LIMITED",XT,STK,86.76,92.02,83.26,91.98,92.02,87.64,110,20053,1818029,
539725,"Gokul Agro Resources Ltd",B,STK,159.95,163.05,159.95,160.95,161.5,165.95,223,11176,1798308,
539730,"Fredun Pharmaceuticals Limited",X,STK,1519.95,1639,1452.5,1577.6,1600,1534.15,527,9021,13816666,
539742,"Simbhaoli Sugars Ltd",Z,STK,8.65,8.65,8.08,8.1,8.1,8.48,18,1785,14519,
539760,"Relicab Cable Manufacturing Li",B,STK,32.4,33.98,32.4,33.95,33.95,33.92,28,4683,158925,
539761,"Vantage Knowledge Academy Limi",X,STK,1,1.02,0.95,0.95,0.95,1,735,1256170,1198099,
539762,"MODERN ENGINEERING AND PROJECT",X,STK,32.9,33.57,31.2,32.49,32.49,32.77,91,11970,391201,
539767,"Mega Nirman & Industries Limit",XT,STK,41.17,41.17,39.91,41.17,41.17,42.01,10,142,5814,
539770,"DARJEELING INDUSTRIIES LIMITED",XT,STK,24.52,24.52,24.52,24.52,24.52,23.36,5,3494,85672,
539773,"Advik Capital Limited",X,STK,1.77,1.77,1.56,1.69,1.69,1.74,678,866819,1457017,
539784,"LIC MF EXHNGE TRADED FUND NIFT",B,STK,266.92,268.22,266.67,267.91,267.91,273.3,10,171,45792,
539785,"Pudumjee Paper Products Limite",B,STK,63.11,76.08,63.11,75.36,74.65,76.56,193,11377,827836,
539787,"HealthCare Global Enterprises",A,STK,543.05,564.45,533.7,561.05,561.7,556.55,735,12602,6871899,
539798,"Umiya Tubes Limited",X,STK,31.75,32.89,31.01,32.66,32.11,31.89,30,2754,87559,
539799,"Bharat Wire Ropes Limited",B,STK,163.8,163.8,156.3,157.7,157.2,164.85,146,3813,604572,
539800,"CHD Chemicals Limited",X,STK,5.11,5.11,5.1,5.1,5.1,5.1,10,7708,39384,
539807,"AvenuesAI Limited",A,STK,15.68,15.68,14.7,14.96,14.96,15.75,2252,691669,10407019,
539814,"LE LAVOIR LIMITED",X,STK,210.1,212.6,203,205,205,213.65,24,1085,221198,
539834,"Balgopal Commercial limited",X,STK,170.6,187.9,159.35,173,173,171.75,62,7303,1243575,
539835,"Superior Finlease Limited",X,STK,1.75,1.75,1.74,1.74,1.74,1.75,23,67772,118600,
539837,"RAGHAV PRODUCTIVITY ENHANCERS",B,STK,675.25,688,652,668.95,668.95,683.2,198,1542,1028730,
539841,"Lancer Container Lines Limited",X,STK,9.5,9.5,9.14,9.15,9.16,9.54,843,212657,1964033,
539843,"NINtec Systems Limited",B,STK,296.05,296.05,288.15,293,293,305,27,121,35338,
539854,"Halder Venture Limited",B,STK,267.4,279,262.1,262.45,262.4,267.4,56,6818,1864931,
539861,"SKIL Infrastructure Limited",Z,STK,1.02,1.07,1.02,1.02,1.02,1.07,15,122573,125028,
539871,"Thyrocare Technologies Limited",B,STK,363,376,352.25,375.25,375.2,370,1358,12263,4474144,
539872,"Bajaj Healthcare Limited",B,STK,320.75,320.75,306.75,315.35,315,320.15,208,11079,3461026,
539875,"RSD Finance Limited",X,STK,87.9,87.9,85,85.6,85.6,86.89,5,66,5658,
539876,"Crompton Greaves Consumer Elec",A,STK,238.65,244.2,238.65,241.25,241.25,248.2,5065,169297,40794991,
539883,"Pilani Investment And Industri",B,STK,4370,4564.3,4370,4470.75,4471,4564.3,40,262,1164268,
539884,"Darshan Orna Limited",X,STK,2.52,2.52,2.46,2.49,2.46,2.52,82,31028,77506,
539889,"Parag Milk Foods Limited",B,STK,194.85,196.85,190,195.85,195,198.55,906,57774,11167653,
539894,"Madhav Infra Projects Limited",X,STK,7.26,7.9,7.26,7.44,7.44,7.85,603,283094,2138791,
539895,"SPICE LOUNGE FOOD WORKS LIMITE",X,STK,30.09,30.09,28.59,28.73,28.63,30.09,180,15425,444875,
539900,"DALMIA INDUSTRIAL DEVELOPMENT",XT,STK,8.79,8.79,8.79,8.79,8.79,8.38,7,1127,9906,
539911,"Svarnim Trade Udyog Limited",X,STK,12.12,12.12,12.11,12.11,12.11,11.55,7,709,8586,
539917,"NAGARJUNA FERTILIZERS AND CHEM",B,STK,4.29,4.29,4.08,4.11,4.11,4.34,153,37584,156386,
539921,"Shanti Educational Initiatives",X,STK,170,175,162,171.65,171.65,175.4,2419,1329069,226705445,
539922,"Rotographics (India) Limited",XT,STK,117,120.8,109.35,120.8,120.8,115.1,12,933,108611,
539938,"Medico Intercontinental Limite",X,STK,34.5,34.5,32.05,32.35,33.25,33.71,21,297,9607,
539939,"Yash Chemex Limited",X,STK,62.24,62.24,56.5,59.2,60.24,62.3,17,425,25398,
539945,"ICICI Prudential NV20 ETF",B,STK,14.18,14.48,13.88,14.12,14.48,14.49,413,83048,1165592,
539946,"Bazel International Limited",X,STK,19.99,19.99,18.51,19.28,19.5,19.11,116,25782,487748,
539947,"JINDAL LEASEFIN LIMITED",XT,STK,49.5,50.08,48,48.98,48.45,47.7,15,870,43339,
539956,"TAAL TECH LIMITED",X,STK,2732.2,2840,2732.2,2834.4,2834.4,2839.9,67,452,1265104,
539957,"Mahanagar Gas Limited",A,STK,1011.45,1053.95,1011.45,1042.45,1043,1049.8,1871,27871,28930921,
539963,"Zeal Aqua Limited",XT,STK,12.17,12.18,11.81,11.81,11.81,12.43,521,239394,2842067,
539978,"Quess Corp Limited",A,STK,187.05,188.65,182.05,184.8,185.55,189.95,777,20336,3755585,
539979,"DIGJAM LIMITED",B,STK,44,44,39.99,40.02,41,42.97,234,5484,223028,
539980,"ICICI Prudential BSE Midcap Se",B,STK,17.5,17.5,16.4,16.71,16.72,17.08,250,41096,683473,
539982,"Advance Syntex Limited",XT,STK,5.46,5.46,5.46,5.46,5.46,5.2,10,6434,35129,
539984,"HINDUSTHAN URBAN INFRASTRUCTUR",X,STK,2316.8,2511.45,2290,2336.85,2336.85,2316.8,277,2832,6677761,
539986,"Commercial Syn Bags Limited",B,STK,153,153.9,153,153.5,153.5,153.05,37,4417,676001,
539991,"CONFIDENCE FUTURISTIC ENERGETE",X,STK,31.17,31.95,28.21,30.29,30.99,31.2,73,5622,166559,
539992,"LLOYDS ENGINEERING WORKS LIMIT",A,STK,43.62,44.16,42.72,43.61,44,44.71,1904,523273,22608752,
539997,"Kwality Pharmaceuticals Limite",B,STK,1420.2,1544,1360,1492.95,1492.95,1450.75,1966,23522,34098196,
540005,"LTIMindtree Limited",A,STK,4242,4359.35,4206.3,4317.9,4305.1,4289.95,1670,7769,33465827,
540006,"EAST WEST FREIGHT CARRIERS LTD",X,STK,3.2,3.2,2.91,2.96,2.95,3.06,97,21444,65660,
540008,"Aditya Birla Sun Life BSE Sens",A,STK,80,80,76.13,78.09,78.09,80.7,35,1369,106257,
540023,"COLORCHIPS NEW MEDIA LIMITED",XT,STK,11.85,12.9,11.85,12.9,12.9,12.45,24,2151,27395,
540025,"Advanced Enzyme Technologies L",B,STK,294,296.9,290,292,291.95,298,422,21481,6300243,
540026,"Ladam Affortable Housing Limit",X,STK,7.15,7.15,6.46,7,7,7.26,5,1146,7549,
540047,"Dilip Buildcon Limited",A,STK,448.2,448.2,431.2,438.5,437.6,448.2,501,16897,7431647,
540048,"S.P. Apparels Limited",B,STK,662.9,750,652.1,664.85,660.3,682.1,48,1797,1187485,
540061,"Bigbloc Construction Limited",B,STK,48.65,50,48.35,49.13,49.1,51.15,159,12945,636321,
540062,"Golden Crest Education & Servi",X,STK,240.2,258.65,240.2,258.65,258.65,246.35,4,51,12447,
540065,"RBL Bank Limited",A,STK,297.4,298.85,290.3,297.85,293,303.55,2733,147779,43355373,
540066,"AMS POLYMERS LIMITED",XT,STK,32.87,32.87,32.87,32.87,32.87,31.31,4,960,31555,
540073,"BLS International Services Ltd",A,STK,245.3,251.8,243.1,246.45,246.45,256.05,4290,208396,51124032,
540078,"Mitsu Chem Plast Limited",X,STK,97.75,97.75,92,92.9,92.9,97.95,148,4494,424421,
540079,"Sprayking Limited",B,STK,1.49,1.54,1.45,1.46,1.48,1.5,287,134527,199411,
540080,"Dhatre Udyog Limited",X,STK,4.52,5.54,4.24,4.52,4.54,4.62,255,105503,491597,
540081,"Sab Events & Governance Now Me",T,STK,15.39,15.39,15.39,15.39,15.39,15.7,2,383,5894,
540083,"TV VISION LIMITED",T,STK,5.8,5.8,5.43,5.67,5.67,5.71,18,5811,32364,
540097,"GAMCO LIMITED",X,STK,33.62,38,32.65,36.64,36.05,34.56,207,73344,2665741,
540108,"TIAAN CONSUMER LIMITED",Z,STK,6.84,7.05,6.39,6.5,6.5,6.72,20,667,4294,
540115,"L&T Technology Services Limite",A,STK,3099.55,3140.05,3060.5,3116.7,3115,3186.8,2090,7144,22121679,
540124,"G N A Axles Limited",B,STK,403.1,431.6,398.55,429,425,428,673,7638,3212817,
540125,"Radhika Jeweltech Limited",B,STK,59.36,59.47,57.82,58.62,58.88,60.68,253,9648,565125,
540132,"Sabrimala Industries India Lim",X,STK,13.49,13.85,13.49,13.8,13.8,13.49,11,311,4225,
540133,"ICICI Prudential Life Insuranc",A,STK,607.35,607.4,577.3,600.9,602,614.1,3882,56031,33588344,
540134,"ISHAAN INFRASTRUCTURE AND SHEL",XT,STK,9.14,9.15,9.14,9.15,9.15,9.62,9,336,3074,
540135,"ARC Finance Limited",X,STK,0.56,0.56,0.54,0.55,0.56,0.56,1045,1389742,761329,
540136,"HPL Electric & Power Limited",B,STK,311.05,312.95,300.3,306.2,306.45,317,569,11288,3433099,
540143,"Sagarsoft (India) Limited",X,STK,79.99,80,76,78.95,78.95,77.08,17,144,11035,
540144,"DRA CONSULTANTS LIMITED",M,STK,17.9,17.9,17.9,17.9,17.9,16.05,1,2500,44750,
540145,"Valiant Organics Limited",B,STK,224,224,203,209.2,207.2,214.3,192,3559,737814,
540147,"Shashijit Infraprojects Limite",X,STK,3.2,3.2,3.02,3.1,3.12,3.2,27,6464,19893,
540153,"Endurance Technologies Limited",A,STK,2410.35,2463.8,2363.8,2420,2410,2456.65,1196,6449,15541130,
540154,"Bandhan Mutual Fund",A,STK,840.28,840.28,832.31,832.31,832.31,854.55,2,20,16765,
540159,"PURPLE AGROTECH INDUSTRIES LIM",X,STK,4.8,5.01,4.78,5.01,5.01,5.03,20,6210,30119,
540168,"Supra Pacific Financial Servic",X,STK,27.3,27.98,26.62,27.02,27.05,27.33,148,33040,899299,
540173,"PNB Housing Finance Limited",A,STK,769.95,769.95,730,755.1,756.05,773.5,14789,179246,132636285,
540174,"SOUTHERN INFOCONSULTANTS LIMIT",X,STK,21.56,21.67,21.56,21.56,21.57,21.67,6,203,4381,
540175,"REGENCY FINCORP LIMITED",X,STK,26.11,28.14,26.11,28.11,28.12,27.79,64,53659,1506760,
540180,"Varun Beverages Limited",A,STK,444.45,444.45,433.45,437.4,440,447.5,5538,155133,67825424,
540181,"Salem Erode Investments Ltd.",X,STK,32.18,32.18,32.18,32.18,32.18,32.18,3,13,418,
540189,"Unipro Technologies Limited",XT,STK,23.44,23.44,23.44,23.44,23.44,22.99,4,574,13454,
540190,"Franklin Industries Limited",X,STK,0.38,0.38,0.37,0.38,0.38,0.38,952,1904367,713897,
540192,"LKP Securities Limited",X,STK,14.5,14.5,13.5,13.79,13.81,14.59,195,21403,295678,
540198,"OSIAJEE TEXFAB LIMITED",X,STK,412.9,429,412.9,428.9,428.9,421.3,77,13546,5735692,
540199,"Corporate Merchant Bankers Lim",X,STK,60.68,60.69,55,55.37,60.15,57.8,42,1800,102055,
540203,"Sheela Foam Limited",A,STK,521.45,521.45,499.9,506.3,504.85,521.45,433,67433,33992816,
540204,"EIKO LIFESCIENCES LIMITED",X,STK,50.98,50.99,48.1,49.01,49.01,50.18,67,4337,212823,
540205,"Aditya Vision Limited",A,STK,454.05,461.5,438.3,460.2,453.05,464.7,524,9476,4247951,
540210,"Heads UP Ventures Limited",B,STK,7.8,8,6.37,7.25,7.33,7.9,122,75480,540307,
540212,"TCI Express Limited",B,STK,535,535,510.2,515.05,512.7,532.25,157,2016,1037511,
540222,"Laurus Labs Limited",A,STK,1014.7,1025,984,1020.9,1020,1025.5,3818,58016,58015706,
540243,"NEW LIGHT INDUSTRIES LIMITED",X,STK,1.45,1.45,1.22,1.31,1.32,1.3,133,32809,42740,
540252,"Viram Suvarn Limited",B,STK,8.44,9.1,8.34,9.05,9.05,8.44,553,850190,7591309,
540254,"MARG TECHNO PROJECTS LIMITED",X,STK,32.98,32.98,27.3,27.88,27.78,32.2,35,3441,97647,
540259,"SHANGAR DECOR LIMITED",X,STK,0.25,0.26,0.24,0.25,0.25,0.26,172,1316008,330488,
540266,"Globe Commercials Limited",X,STK,17.64,17.64,15.25,15.97,15.97,16.82,228,24886,394932,
540267,"Flora Corporation Limited",X,STK,7.3,7.3,7.1,7.1,7.1,7.3,2,401,2927,
540268,"TruCap Finance Limited",B,STK,6.75,6.75,6.46,6.52,6.52,6.53,13,1566,10185,
540269,"SUPER FINE KNITTERS LIMITED",MT,STK,9.95,9.95,9.95,9.95,9.95,10.42,1,60000,597000,
540293,"Pricol Limited",A,STK,558.05,560,536.5,544.15,546.65,565.55,1080,22146,12081593,
540311,"JITF INFRALOGISTICS LIMITED",T,STK,337.8,343.9,337.75,337.75,338,355.5,31,742,251435,
540358,"RMC SWITCHGEARS LIMITED",M,STK,380.95,380.95,355,367.1,367,388.4,163,26625,9756650,
540359,"Parmax Pharma Limited",X,STK,28.02,32.36,28.02,28.52,31,32.72,17,830,23633,
540360,"LEADING LEASING FINANCE AND IN",X,STK,2.49,2.49,2.25,2.27,2.27,2.5,1064,2630354,6243796,
540361,"DANUBE INDUSTRIES LIMITED",X,STK,4.37,4.37,4.1,4.23,4.32,4.25,99,23574,99023,
540366,"Music Broadcast Limited",B,STK,5.61,6.45,5.61,5.95,5.95,5.92,73,15188,89177,
540376,"Avenue Supermarts Limited",A,STK,3826.2,3981.9,3815.95,3965.7,3965.7,3877.05,10532,70890,276700334,
540377,"IFL ENTERPRISES LIMITED",B,STK,0.39,0.39,0.36,0.37,0.37,0.39,1149,3459620,1299640,
540386,"Ontic Finserve Limited",X,STK,1.44,1.5,1.37,1.47,1.49,1.44,195,124156,177819,
540393,"Sarthak Metals Limited",B,STK,70.85,70.85,67.7,67.7,67.7,70.85,36,71,4812,
540395,"Chemcrux Enterprises Limited",B,STK,90,90,86.25,88.18,89.5,91.36,341,8306,733972,
540396,"Manomay Tex India Limited",B,STK,225.9,225.9,211,217,216,226.05,66,6762,1478345,
540401,"Maximus International Limited",X,STK,9.15,9.5,8.74,9.05,9.01,9.16,132,26141,234238,
540403,"CL Educate Limited",B,STK,47.98,50.15,45.02,49.19,50.15,46.27,224,12421,595334,
540404,"PRIME FRESH LIMITED",B,STK,259.8,259.8,243.05,246.9,248,257.75,283,23890,5913094,
540405,"Oceanic Foods Limited",X,STK,57.5,61.75,57.5,60.63,58.01,61.75,6,93,5669,
540416,"Octaware Technologies Limited",MT,STK,67.11,67.11,67.11,67.11,67.11,70.64,1,1600,107376,
540425,"Shankara Building Products Lim",B,STK,102.25,103.75,100.1,101.35,101.65,102.75,71,3402,346104,
540455,"Escorp Asset Management Limite",B,STK,105.05,105.05,100,100.1,100.1,105.05,16,1177,118238,
540481,"Classic Leasing & Finance Ltd.",X,STK,50.71,50.71,45.9,50.59,50.59,48.3,8,34,1717,
540492,"STARLINEPS ENTERPRISES LIMITED",T,STK,12.49,12.49,12.49,12.49,12.49,12.25,461,4056876,50670381,
540497,"S Chand And Company Limited",B,STK,142.05,149.7,142.05,148.55,147.95,152.9,51,1999,294732,
540515,"KANUNGO FINANCIERS LIMITED",XT,STK,14.11,14.11,13.44,13.44,13.44,13.44,2,45,611,
540519,"Meera Industries Limited",B,STK,31.32,33.64,31.02,31.85,31.97,35.6,302,22048,701160,
540526,"IRB InvIT Fund",IF,STK,60.75,60.8,60.05,60.42,60.34,60.82,1304,130501,7873684,
540530,"Housing &Urban Development Cor",A,STK,173.7,174.65,167.6,174.2,174.2,176.2,3818,233760,39654264,
540544,"PSP Projects Limited",B,STK,577,690,577,684.65,690,685.1,433,6013,3954566,
540545,"Bhakti Gems And Jewellery Limi",XT,STK,38.03,39.96,37.05,37.98,38.29,38.68,73,23132,872379,
540565,"IndiGrid Infrastructure Trust",IF,STK,164.6,166.79,164.1,165.17,164.72,164.5,1840,126003,20891280,
540570,"VARIMAN GLOBAL ENTERPRISES LIM",X,STK,4.6,4.74,4.37,4.37,4.37,4.6,137,66626,292665,
540575,"Star Cement Limited",A,STK,200,200,196.75,198.5,198.8,203.75,275,15407,3058348,
540590,"Riddhi Corporate Services Limi",X,STK,60.7,63.44,58.7,60.7,60.6,63.01,46,951,57160,
540595,"Tejas Networks Limited",A,STK,454.5,454.5,418.85,426.25,426.25,465.35,19713,1286935,552797263,
540596,"Eris Lifesciences Limited",A,STK,1359.65,1359.65,1307.85,1328.4,1326.55,1360.1,609,2996,3963033,
540597,"Containerway International Lim",X,STK,14.84,15.65,14.17,14.2,15.58,14.91,21,2859,41383,
540602,"GTPL Hathway Limited",B,STK,62,62,58.97,60.46,61.2,60.77,117,7090,427994,
540611,"AU Small Finance Bank Limited",A,STK,948.9,948.9,914.3,930.85,930.85,964.1,3337,49026,45513069,
540612,"ICICI Prudential Nifty Low Vol",B,STK,21.77,21.77,21.16,21.51,21.49,21.89,1658,389426,8322672,
540614,"G G Engineering Limited",X,STK,0.48,0.49,0.47,0.48,0.48,0.49,1242,4191253,1995641,
540615,"7NR Retail Limited",X,STK,3.45,3.5,3.23,3.31,3.31,3.47,129,21052,71715,
540642,"Salasar Techno Engineering Lim",B,STK,7.37,7.46,7.18,7.22,7.22,7.46,787,293704,2126357,
540648,"Palash Securities Limited",B,STK,94.61,94.61,92.99,92.99,92.99,90,5,11,1038,
540649,"AVADH SUGAR & ENERGY LIMITED",B,STK,383.95,416.1,361.2,399.5,400,385.5,995,11098,4472245,
540650,"Magadh Sugar & Energy Limited",B,STK,451,480,441.1,451.8,447.2,457.15,130,1821,831846,
540651,"Jigar Cables Limited",M,STK,53.02,64,53.02,58.5,64,65.85,4,8000,457040,
540652,"Captain Technocast Limited",M,STK,175,175,175,175,175,175,1,1500,262500,
540654,"GlobalSpace Technologies Limit",X,STK,20.88,20.88,18.8,20.35,20.59,19.66,289,67376,1366583,
540669,"UTI Mutual Fund",B,STK,70.8,71.99,70.32,71.19,71.19,72.62,63,4258,301361,
540673,"SIS LIMITED",B,STK,290,290,283.8,286.2,286.05,298.05,215,1783,509607,
540678,"Cochin Shipyard Limited",A,STK,1489.7,1489.7,1436,1454.65,1454.65,1490.3,5857,97913,142107048,
540679,"HALEOS LABS LIMITED",B,STK,1280,1280,1280,1280,1280,1282,1,1,1280,
540680,"KIOCL Limited",A,STK,312.1,312.1,301.1,305.9,309,315.3,330,7463,2279637,
540686,"Smruthi Organics Limited",X,STK,123,123,115.4,118.1,118.1,122.65,63,2941,348264,
540691,"Aditya Birla Capital Ltd",A,STK,317.55,325.65,309.3,324.35,324.35,326.55,4418,213953,67749973,
540692,"Apex Frozen Foods Limited",B,STK,345,349,334.3,346.35,348,351.2,568,20624,7036932,
540693,"Shish Industries Limited",T,STK,15.27,15.27,15.27,15.27,15.27,15.58,225,263002,4016040,
540694,"ANG Lifesciences India Limited",B,STK,23.4,24.89,23,23,23,23.4,18,707,17013,
540696,"KCD INDUSTRIES INDIA LIMITED",X,STK,5.1,5.25,4.75,4.9,5.02,5,56,6788,32790,
540699,"Dixon Technologies (India) Lim",A,STK,9979.7,9979.7,9620,9805.3,9805.3,10033.6,15010,56929,557408472,
540700,"Bharat Road Network Limited",B,STK,17.65,18.23,17.32,17.75,17.75,18.22,43,3795,67462,
540701,"Dishman Carbogen Amcis Limited",B,STK,160.1,160.3,154.7,158.55,159.2,163.8,391,29253,4566522,
540702,"Lasa Supergenerics Limited",B,STK,7.51,8.18,7.51,7.99,8,7.97,85,26524,204317,
540703,"PRO CLB GLOBAL LIMITED",XT,STK,41.15,41.97,41.15,41.15,41.15,41.98,18,35238,1450802,
540704,"Matrimony.com Limited",B,STK,401.15,404.3,395.55,398.9,398,401.15,74,987,394287,
540709,"Reliance Home Finance Limited",Z,STK,2.24,2.24,2.05,2.24,2.24,2.14,328,321474,706881,
540710,"Capacit'e Infraprojects Limite",B,STK,224.75,224.75,215.2,216.65,216.15,224.75,367,16933,3670802,
540716,"ICICI Lombard General Insuranc",A,STK,1850.35,1909.4,1844.05,1889.35,1893.25,1881.1,1944,13190,24725766,
540717,"Polo Queen Industrial and Fint",B,STK,19.39,19.39,17.5,17.89,17.9,18.99,208,22060,406045,
540718,"AAYUSH ART AND BULLION LIMITED",M,STK,1109,1120,1104.85,1110.7,1114,1111.4,572,79000,87670700,
540719,"SBI Life Insurance Company Lim",A,STK,1900,1926,1894.25,1911.15,1911.15,1940.6,3547,442103,842642760,
540724,"Prataap Snacks Limited",B,STK,933.3,988.55,930.35,952.6,950.7,987.75,96,2859,2754653,
540725,"Share India Securities Limited",B,STK,135.2,138.5,125.9,128.65,128.7,132.55,723,84515,10945498,
540726,"Trident Texofab Limited",B,STK,58.1,58.1,58.1,58.1,58.1,61.15,20,542,31490,
540727,"Poojawestern Metaliks Limited",B,STK,24.85,26.99,23.42,25.31,26.98,24.9,95,13393,330008,
540728,"Sayaji Industries Limited",X,STK,94.38,96,90.3,95.97,96,94.38,26,1642,154952,
540730,"Mehai Technology  Limited",X,STK,1.31,1.31,1.25,1.26,1.26,1.31,638,1653471,2092130,
540735,"IRIS RegTech Solutions Limited",B,STK,248,248,243.55,243.55,243.55,250,4,151,37298,
540737,"Shree Ganesh Remedies Limited",X,STK,486.2,590,471,493.3,490,495.45,129,4497,2297527,
540738,"Shreeji Translogistics Limited",B,STK,7.25,7.48,7.05,7.2,7.16,7.45,134,107998,779285,
540743,"Godrej Agrovet Limited",A,STK,580.35,618,574.55,602.2,602.2,595.6,1502,40374,24203198,
540749,"MAS Financial Services Limited",B,STK,297,302.2,288.9,301.85,302.2,300.7,248,6539,1923917,
540750,"Indian Energy Exchange Limited",A,STK,119.4,120.85,117.5,120.3,120.3,121.7,3071,286125,34169147,
540755,"General Insurance Corporation",A,STK,355,368.3,351,365.95,367.55,363.85,1915,30711,11085881,
540757,"SHEETAL COOL PRODUCTS LIMITED",T,STK,315,343.85,313.2,341.4,341.4,328.7,19,726,242140,
540762,"Tube Investments of India Ltd",A,STK,2649.8,2668.45,2569.5,2608.6,2580.4,2721.6,2712,14555,38037491,
540767,"NIPPON LIFE INDIA ASSET MANAGE",A,STK,839.65,840,811.05,834.2,838,858.95,2376,25223,20844400,
540768,"Mahindra Logistics Limited",B,STK,371.05,392.2,369.3,389.3,392.2,392.2,486,13265,5021770,
540769,"The New India Assurance Compan",A,STK,136,136.95,132,134.7,134.7,138.85,1164,44487,5939729,
540774,"IFGL Refractories Limited",B,STK,154.15,157.6,153.6,153.85,153.85,157.25,170,9465,1479405,
540775,"Khadim India Limited",B,STK,104,104.7,101,102.8,104.7,105.25,158,3368,345396,
540776,"5paisa Capital Limited",B,STK,299.85,299.85,291.7,296.2,295.75,303,170,3895,1154435,
540777,"HDFC LIFE INSURANCE COMPANY LI",A,STK,658.65,658.65,645,653.75,653.75,668.5,4179,566679,369164091,
540786,"SHARIKA ENTERPRISES LIMITED",B,STK,11,11.28,10.2,10.98,10.98,11,107,51084,555329,
540787,"ICICI Prudential Mutual Fund",A,STK,121.41,126,120.06,121.41,121.24,124.53,1459,131795,15989958,
540788,"Aspira Pathlab & Diagnostics L",X,STK,62.58,62.58,55.01,59.57,56,62.58,27,360,21383,
540789,"Diligent Media Corporation Lim",B,STK,3.4,3.41,3.16,3.18,3.18,3.47,44,4124,13766,
540795,"Dynamic Cables Limited",B,STK,276.35,276.4,265,269.4,271.8,280.65,754,19998,5387732,
540796,"Ratnabhumi Developers Limited",B,STK,190,190,190,190,190,188.75,2,118,22420,
540797,"Shalby Limited",B,STK,146.5,147,141.65,143.75,143.75,150.8,281,14918,2146788,
540809,"MRC AGROTECH LIMITED",B,STK,43.34,44.89,41.58,43.82,43.94,43.34,256,232517,10192853,
540821,"CRYSTAL BUSINESS SYSTEM LIMITE",X,STK,1.85,1.85,1.63,1.73,1.73,1.78,126,34347,59508,
540824,"Astron Paper & Board Mill Limi",B,STK,4,4.02,3.9,4,4.02,4.1,22,3916,15694,
540829,"Chandrima Mercantiles limited",X,STK,6.09,6.29,5.8,5.98,5.92,6.09,170,47540,287068,
540850,"Jhandewalas Foods Limited",MT,STK,35,35,35,35,35,35,1,1000,35000,
540874,"7SEAS ENTERTAINMENT LIMITED",X,STK,70.9,73,68.2,68.89,68.79,72.12,123,13451,942985,
540879,"Apollo Micro Systems Limited",A,STK,218.95,218.95,208.15,209.7,209.7,220.5,5231,369920,78316204,
540900,"Newgen Software Technologies L",A,STK,456.1,465,447.3,460.75,465,464.45,2265,119316,54479796,
540901,"Praxis Home Retail Limited",B,STK,7.15,7.15,6.52,6.82,6.84,6.86,33,2513,16469,
540902,"Amber Enterprises India Limite",A,STK,7743.9,7765,7200,7307.3,7307.3,7870.35,10230,38306,284692431,
540904,"TIRUPATI FOAM LIMITED",XT,STK,81.1,81.1,77.05,77.05,77.05,81.1,3,10,802,
540914,"SRU Steels Limited",X,STK,2.02,2.05,1.92,1.97,1.97,2,255,495178,970852,
540923,"Ashoka Metcast Limited",B,STK,14,14.7,13.55,14.41,14.4,14.7,37,4846,68570,
540935,"Galaxy Surfactants Limited",A,STK,1900,1900,1836,1851.85,1882.3,1918.95,71,591,1102373,
540936,"Gautam Gems Limited",B,STK,3.34,3.34,3.1,3.17,3.18,3.21,59,12452,39260,
540937,"MEDICO REMEDIES LIMITED",B,STK,41.34,41.34,37.63,40.47,40.73,41.67,95,6918,279286,
540938,"Gujarat Hy-Spin Limited",M,STK,8.87,8.87,8.87,8.87,8.87,8.31,1,5000,44350,
540952,"LORENZINI APPARELS LIMITED",B,STK,7.4,7.4,6.7,6.87,7.1,7.07,14,1561,10909,
540953,"Kenvi Jewels Limited",B,STK,2.01,2.26,2.01,2.14,2.14,2.26,233,79922,172276,
540954,"The Indian Wood Products Co. L",X,STK,35.3,36.8,33.36,35.1,33.95,35.98,106,5455,187382,
540955,"Tasty Dairy Specialities Limit",XT,STK,6.56,6.82,6.18,6.3,6.3,6.5,39,3721,23372,
540956,"Bhatia Communications & Retail",X,STK,22.16,22.16,21.56,21.94,21.97,22.27,172,38216,839177,
540961,"Shiva Mills Limited",B,STK,54.55,54.55,54.55,54.55,54.55,57.38,1,4,218,
540975,"Aster DM Healthcare Limited",A,STK,666.85,694.95,629.9,658,662,672.95,9863,305374,201770614,
540980,"The Yamuna Syndicate Ltd",X,STK,26999,26999,26999,26999,26999,27236.5,1,1,26999,
541019,"H.G. Infra Engineering Limited",B,STK,485.05,491.5,471.45,481.5,481.25,498,882,15006,7197947,
541083,"Inflame Appliances Limited",M,STK,290,297.95,285,294,294,299.75,16,4750,1380625,
541096,"Bharat Parenterals Limited",X,STK,1066.1,1089,1050,1057.85,1082,1066.1,25,449,478193,
541097,"DSP BlackRock Mutual Fund",F,STK,999.99,1000.01,999.99,1000,1000,999.99,21,9546,9545992,
541143,"Bharat Dynamics Limited",A,STK,1356.7,1359.35,1298.05,1336,1336,1356.7,8882,165273,218231940,
541144,"Active Clothing Co  Limited",B,STK,90.85,91.9,88,90.09,90,91.01,102,18322,1638079,
541152,"GOYAL ALUMINIUMS LIMITED",T,STK,6.5,6.5,6.26,6.29,6.3,6.5,108,39236,251431,
541153,"Bandhan Bank Limited",A,STK,178,178,172.15,174.15,174.5,182.95,5586,429625,74859593,
541154,"Hindustan Aeronautics Limited",A,STK,4029.95,4029.95,3925,3989.2,3989.2,4024.1,14421,130249,517728203,
541161,"DHARAN INFRA-EPC LIMITED",Z,STK,0.19,0.19,0.19,0.19,0.19,0.19,265,769523,146209,
541163,"Sandhar Technologies Limited",B,STK,494.95,497.2,475.5,495.85,496,498,416,5645,2760596,
541167,"YASHO INDUSTRIES LIMITED",B,STK,1550,1585,1425.15,1443.1,1447.7,1566.1,248,2201,3264098,
541178,"Benara Bearings and Pistons Li",MT,STK,9.4,9.4,9.4,9.4,9.4,9.02,1,4000,37600,
541195,"Mishra Dhatu Nigam Limited",A,STK,348.3,348.3,334.5,337.4,337.4,352.85,1117,29040,9804179,
541206,"Orissa Bengal Carrier Limited",B,STK,54,55.15,54,55,55,56.62,4,67,3654,
541228,"Taylormade Renewables Limited",B,STK,98.75,104.05,98.15,103.45,103.5,103.3,144,10941,1098852,
541233,"Lemon Tree Hotels Limited",A,STK,108.9,110.1,105.75,107.85,107.95,110.45,2321,194945,20863773,
541269,"Chemfab Alkalis Ltd",B,STK,371,372.8,371,372.8,372.8,379.25,3,9,3346,
541276,"HARDWYN INDIA LIMITED",T,STK,16.94,17.49,16.47,17.45,17.38,17.2,143,123544,2131086,
541301,"Orient Electric Limited",B,STK,176.9,177,170.8,172.65,172.5,178.9,243,5866,1012894,
541302,"Dhruv Consultancy Services Lim",B,STK,31,33,30.1,33,33,32.97,27,3293,101783,
541303,"Akshar Spintex Limited",B,STK,0.38,0.38,0.36,0.38,0.38,0.39,207,323674,120645,
541304,"Indo US Bio-Tech Limited",B,STK,111.95,121.85,100.25,102.35,102.35,112.85,264,8884,962349,
541313,"ICICI Prudential BSE 500 ETF",A,STK,37.86,37.9,36.36,37.43,37.57,38.15,342,133086,4956404,
541336,"IndoStar Capital Finance Limit",B,STK,211.3,212.4,200,208.65,207.2,214.7,747,25091,5140730,
541338,"U. H. ZAVERI LIMITED",B,STK,13.1,13.1,12.21,12.37,12.37,12.53,39,4512,56868,
541347,"Parvati Sweetners and Power Lt",XT,STK,7.59,8.1,7.39,7.85,8.1,7.74,27,2648,20569,
541352,"Megastar Foods Limited",B,STK,234,234,224.75,224.8,224.75,235.65,25,691,155509,
541353,"Innovators Facade Systems Limi",M,STK,130,130.5,120.55,123.5,123.5,132.25,13,10400,1298400,
541358,"UNIFINZ CAPITAL INDIA LIMITED",X,STK,90.57,90.57,86,86,86,91.49,44,1896,169450,
541400,"ZIM Laboratories Limited",B,STK,66.1,70.98,64.23,67.57,67.4,66.85,96,20432,1425037,
541402,"Affordable Robotic & Automatio",B,STK,171.65,171.65,163.75,170.4,170.9,170.85,47,1294,215925,
541403,"Dollar Industries Limited",B,STK,263,264.55,247.05,255.25,252,272.15,666,7604,1919583,
541418,"NAKODA GROUP OF INDUSTRIES LIM",B,STK,24.78,24.95,23.86,24.14,24.4,24.76,21,10397,251016,
541444,"Palm Jewels Limited",B,STK,16.08,16.4,16.08,16.27,16.4,16.41,21,878,14178,
541445,"Waa Solar Limited",M,STK,46.1,48.49,46.1,46.37,46.3,49.97,10,12800,595144,
541450,"Adani Green Energy Limited",A,STK,840.05,858.65,825.75,854.35,854.35,859,9902,252224,211593498,
541540,"SOLARA ACTIVE PHARMA SCIENCES",B,STK,460.05,460.05,441.7,451.25,453.3,457.55,161,1997,894301,
541546,"GAYATRI HIGHWAYS LTD",B,STK,2.37,2.37,2.16,2.16,2.16,2.27,179,74848,163718,
541556,"RITES Limited",A,STK,210.4,210.4,197.5,200.4,200.4,206.35,1317,55291,11104039,
541557,"Fine Organic Industries Limite",A,STK,4170.95,4291,4170.95,4270.3,4270.55,4277.05,469,2501,10627437,
541578,"Varroc Engineering Limited",A,STK,514.05,514.05,473.35,484,484,514.05,842,12864,6188998,
541601,"Rajnish Wellness Limited",B,STK,0.42,0.43,0.4,0.4,0.41,0.43,970,4586294,1870920,
541627,"Gujarat Winding Systems Limite",X,STK,6.82,7.86,6.82,7.86,7.86,7.51,8,858,6131,
541634,"Raw Edge Industrial Solutions",B,STK,17,17,15.96,15.97,15.97,16.8,34,6728,107620,
541701,"Supershakti Metaliks Limited",M,STK,200,220,200,220,220,220,2,600,126000,
541702,"Ashnisha Industries Limited",XT,STK,3.85,3.85,3.66,3.66,3.66,3.85,185,58924,216233,
541703,"RACONTEUR GLOBAL RESOURCES LIM",M,STK,12,12.38,12,12.38,12.38,13.2,2,3200,39008,
541729,"HDFC Asset Management Company",A,STK,2450.05,2467.95,2410,2458.7,2458.7,2501.7,7159,60892,148878351,
541735,"Vivanta Industries Limited",X,STK,1.59,1.64,1.56,1.62,1.6,1.6,281,140464,224957,
541741,"Fratelli Vineyards Limited",X,STK,81.19,90,77.2,87.47,87.47,81.19,145,30461,2592217,
541770,"CreditAccess Grameen Ltd.",A,STK,1182,1190,1131,1154.65,1155.2,1204.6,1673,18033,20764555,
541771,"AMIN TANNERY LIMITED",X,STK,1.51,1.61,1.41,1.5,1.5,1.54,71,20713,31558,
541778,"Deep Polymers Limited",B,STK,32.44,32.44,29,30.59,30,31.87,101,152895,4738914,
541809,"ICICI Prudential Mutual Fund",B,STK,69.84,70.29,68.29,69.69,70.29,71,897,123408,8529168,
541865,"Add-Shop E-Retail Limited",B,STK,6.9,7.2,6.7,6.93,6.95,6.9,164,22796,159345,
541890,"Space Incubatrics Technologies",XT,STK,0.22,0.22,0.21,0.22,0.22,0.21,202,289115,62064,
541929,"Synergy Green Industries Limit",B,STK,465.4,498.9,465.4,497,497,503,41,1119,555549,
541946,"ICICI Prudential BSE Liquid Ra",F,STK,1000,1000.01,1000,1000,1000,1000,42,91729,91729004,
541956,"IRCON International Ltd",A,STK,142.9,143.05,136.75,139.1,139.1,146.95,6279,731526,101530348,
541967,"Sky Gold And Diamonds Limited",A,STK,333,333,320,327.8,328,338.65,885,38298,12538313,
541972,"SBI Mutual Fund",A,STK,888.54,895,859,870.56,870.71,890.07,90,985,855046,
541974,"Manorama Industries Limited",A,STK,1318.05,1325.1,1278.9,1313.4,1317.3,1351,534,4607,6003995,
541983,"Innovative Ideals and Services",MT,STK,14.26,14.26,14.26,14.26,14.26,15,1,1000,14260,
541988,"AAVAS Financiers Limited",A,STK,1202,1212,1155.55,1199.3,1204.05,1228.1,3299,25667,30459222,
542011,"Garden Reach Shipbuilders & En",A,STK,2522.7,2522.7,2436.05,2471.8,2471.8,2522.65,4448,59179,145570439,
542012,"A-1 LIMITED",B,STK,22.63,22.63,22.62,22.63,22.63,20.58,3267,4261626,96436183,
542013,"Dolfin Rubbers Limited",B,STK,182.9,182.9,170,170,170.05,175.45,32,1828,312916,
542019,"Shubham Polyspin Limited",B,STK,60.89,61.99,57.5,58.17,58.17,60.31,89,27255,1602360,
542020,"AKI India Limited",B,STK,4.55,5.13,4.43,4.72,4.72,5.18,104,8350,39201,
542025,"Sun Retail Limited",M,STK,0.36,0.37,0.33,0.37,0.37,0.38,8,384000,134880,
542034,"S. M. Gold Limited",B,STK,12.4,12.4,11.59,11.9,11.85,12.16,103,7526,89070,
542046,"VIVID MERCANTILE LIMITED",T,STK,8,8.07,7.84,8.07,8.07,7.69,296,1085496,8726016,
542057,"BCPL Railway Infrastructure Li",B,STK,63.8,63.8,60.2,61.62,61.62,63.35,329,17153,1044066,
542066,"ADANI TOTAL GAS LIMITED",A,STK,482.3,482.3,462.65,467.65,467.65,482.5,2632,39248,18339058,
542123,"The Phosphate Company Limited",X,STK,139,139,139,139,139,132,1,1,139,
542131,"Mirae Asset Mutual Fund",B,STK,262.06,262.06,256.5,259.89,259.75,264.42,1282,73717,18972107,
542141,"Techno Electric & Engineering",A,STK,1100,1105,1047.25,1080.3,1085.3,1120.25,1215,15009,15980405,
542145,"Roni Households Limited",M,STK,42.6,42.6,42.6,42.6,42.6,42.62,2,3600,153360,
542155,"Diksha Greens Limited",MT,STK,1.25,1.25,1.25,1.25,1.25,1.27,1,2000,2500,
542206,"NIVAKA FASHIONS LIMITED",X,STK,1.7,1.7,1.57,1.61,1.66,1.64,34,10373,17138,
542216,"DALMIA BHARAT LIMITED",A,STK,1880,1880,1823,1839.75,1842,1899.9,612,16734,30742020,
542230,"Aditya Birla Sun Life Mutual F",B,STK,70.6,70.62,67.56,70.4,70.62,71.02,53,2252,155048,
542231,"Nila Spaces Ltd",B,STK,12.46,13.22,12.44,12.99,13.04,13.32,208,120342,1551942,
542232,"Shankar Lal Rampal Dye-Chem Li",B,STK,47,49.63,46,48.75,49.63,47.2,40,2002,96841,
542233,"Trejhara Solutions Limited",B,STK,175.05,175.05,168,168.5,168.5,175,100,6908,1177093,
542248,"Deccan Health Care Limited",B,STK,13,13.89,12.05,12.42,12.42,13.28,226,24392,302542,
542285,"Axita Cotton Limited",T,STK,8.85,8.85,8.45,8.65,8.65,8.85,229,93135,807210,
542323,"KPI Green Energy Limited",A,STK,343.05,344.85,335.8,340.55,340.55,350.5,2565,70087,23758068,
542333,"RPSG VENTURES LIMITED",B,STK,620,620,591.85,606.1,619.9,637.05,202,5467,3302829,
542337,"Spencer's Retail Limited",B,STK,31.54,32.58,30.54,31.11,31.97,31.54,79,5743,178279,
542351,"Gloster Ltd",B,STK,552,552,526.05,535.7,540.45,545.95,21,129,70731,
542367,"Xelpmoc Design and Tech Limite",B,STK,124,124,114.3,119.9,120,124.15,18,188,22401,
542376,"SPA Capital Services Limited",XT,STK,231.4,231.4,209.45,209.45,209.45,220.45,3,3,650,
542383,"Ritco Logistics Limited",B,STK,184.5,187.85,183.5,185,185,192,30,5290,985974,
542399,"Chalet Hotels Limited",A,STK,752.45,752.45,728,734.95,738.4,766.9,731,5491,4035411,
542437,"Anmol India Limited",B,STK,10.93,11.44,10.01,11.36,11.44,11.05,181,17878,195760,
542459,"Kranti Industries Limited",B,STK,59.58,59.65,57.1,58,58,60.2,30,2333,136933,
542460,"The Anup Engineering Ltd",A,STK,1428.9,1453,1409.85,1448.55,1451.4,1480.9,280,2493,3581592,
542484,"Arvind Fashions Limited",A,STK,428.05,428.05,403.9,406,408.8,428.05,372,6445,2648731,
542503,"Mahip Industries Limited",MT,STK,20.4,20.4,20.4,20.4,20.4,19.43,1,4000,81600,
542513,"UTI BSE  Sensex Next 50 ETF",A,STK,91.12,91.12,85.66,86.76,86.3,88.9,59,1486,128237,
542543,"Energy Infrastructure Trust",IF,STK,81.01,82.5,81,82.5,82.5,83.2,17,500000,40950250,
542579,"Ashapuri Gold Ornament Limited",B,STK,4.6,4.61,4.31,4.4,4.4,4.63,1136,439517,1931109,
542580,"Aartech Solonics Limited",B,STK,42.5,42.5,39,39.94,40,42.5,197,5231,207919,
542597,"MSTC Limited",B,STK,432,432,415.55,418.6,420,441.15,483,10342,4394047,
542602,"Embassy Office Parks REIT",IF,STK,430,430,421.94,423.9,425.59,434.14,1363,20562,8744510,
542627,"Chandni Machines Limited",XT,STK,62.16,65.91,60,65.58,65.91,62.78,34,4629,290273,
542628,"Northern Spirits Limited",B,STK,129,129,108.35,110.25,110.25,126.7,494,32680,3664180,
542649,"Rail Vikas Nigam Limited",A,STK,280,281.4,272.8,276.85,276.85,285.9,7770,561326,154872714,
542650,"Metropolis Healthcare Limited",A,STK,1781.15,1790,1735.15,1783.5,1780,1788.55,113,333,586375,
542651,"KPIT Technologies Ltd",A,STK,690.4,693.3,672.2,689.2,689.2,698.7,12870,229582,156109006,
542652,"Polycab India Limited",A,STK,8499.65,8499.65,8176.15,8229.35,8228.15,8551.85,8483,29242,240775261,
542654,"V R FILMS & STUDIOS LIMITED",B,STK,13.25,13.25,12.5,12.75,12.75,12.45,11,1913,24395,
542655,"VIKAS LIFECARE LIMITED",B,STK,1.36,1.4,1.33,1.34,1.34,1.39,4873,956184,1290650,
542665,"Neogen Chemicals Limited",B,STK,1331,1429.7,1331,1402.65,1389,1330,2244,29912,41794470,
542666,"G. K. P. Printing & Packaging",B,STK,5.87,6.05,5.76,5.89,5.89,5.87,73,6474,37874,
542668,"EVANS ELECTRIC LIMITED",M,STK,75.03,80,75,78.99,80,80.95,11,11000,855740,
542669,"BMW INDUSTRIES LIMITED",B,STK,32.22,33.2,32,32.92,33.1,33.42,730,114443,3723414,
542670,"Artemis Electricals and Projec",X,STK,17,17.67,17,17.26,17,17.68,123,12374,213433,
542679,"Dhanashree Electronics Limited",XT,STK,168,168,162,162,162,169.6,8,761,126898,
542682,"Harish Textile Engineers Limit",X,STK,62.1,65.99,61.01,61.56,63.78,66.99,39,4490,276311,
542684,"Prakash Pipes Limited",B,STK,193,193,186.35,190.65,191.55,195.15,339,7500,1416353,
542685,"Digicontent Limited",B,STK,24.2,25.17,23.89,23.89,23.89,24.85,43,13197,323105,
542721,"Anand Rayons Limited",B,STK,87.4,87.4,87.4,87.4,87.4,91.95,25,453,39592,
542724,"Murae Organisor Limited",T,STK,0.2,0.21,0.2,0.2,0.2,0.2,870,5663341,1149276,
542725,"SBC EXPORTS LIMITED",B,STK,32.09,32.49,31.57,32.04,31.99,32.33,271,100533,3204848,
542726,"IndiaMART InterMESH Limited",A,STK,2096.65,2195.8,2064.6,2177,2177,2121.85,1634,14977,31926222,
542727,"CITY PULSE MULTIVENTURES LIMIT",M,STK,2750,2849,2744,2835.6,2744,2897.6,6,1350,3819475,
542729,"DCM NOUVELLE LIMITED",B,STK,122.55,138.75,120,120.5,120,141.9,26,287,35430,
542730,"ICICI Prudential Mutual Fund",B,STK,57.72,57.94,56.57,57.54,57.74,59.21,919,54689,3123231,
542747,"NIPPON INDIA ETF SENSEX NEXT 5",A,STK,84.99,84.99,83.86,84.98,84.99,86.27,490,20882,1760667,
542752,"AFFLE 3I LIMITED",A,STK,1300.25,1395,1300.25,1391.3,1391.3,1351.5,2446,28706,39083682,
542758,"ICICI Prudential Mutual Fund",B,STK,27.06,27.52,26.55,26.89,26.88,27.57,272,122413,3280028,
542759,"Spandana Sphoorty Financial Li",B,STK,235.1,238.5,226.4,231.8,231.8,235.4,1224,14180,3268369,
542760,"STERLING AND WILSON RENEWABLE",A,STK,175.45,179.3,172.25,174.2,174.2,181.5,1550,167219,29114965,
542765,"Transpact Enterprises Limited",MS,STK,221.6,221.65,202,221.65,221.65,211.1,9,4500,973325,
542770,"Alphalogic Techsys Limited",B,STK,37,37.73,35.51,36.53,36.55,36.59,63,1226,44788,
542772,"360 ONE WAM LIMITED",A,STK,1035.3,1050.85,1023.35,1033.3,1037.7,1064.9,2825,225204,232415663,
542773,"IIFL CAPITAL SERVICES LIMITED",A,STK,303,304,284.25,297.4,295,308.4,1649,70756,20677744,
542774,"MUFIN GREEN FINANCE LIMITED",B,STK,106.6,106.6,101.8,102.95,102.3,107.95,339,67869,6996028,
542802,"Galactico Corporate Services L",B,STK,1.77,1.81,1.69,1.76,1.75,1.77,222,98564,173161,
542803,"Vaxfab Enterprises Limited",X,STK,46,46,41.5,42.77,42.99,42.4,61,8395,356905,
542812,"Gujarat Fluorochemicals Limite",A,STK,3237.3,3309,3119.6,3288.5,3309,3245.8,946,9276,29352484,
542830,"Indian Railway Catering and To",A,STK,548.25,548.25,535.25,540.6,540.6,552.85,16018,345854,186312579,
542850,"GOBLIN INDIA LIMITED",M,STK,8.25,8.25,7,7.05,7,8.33,18,38000,275180,
542851,"Gensol Engineering Limited",Z,STK,22.83,22.83,22.83,22.83,22.83,24.03,26,877,20021,
542852,"Vishwaraj Sugar Industries Lim",B,STK,5.07,5.41,4.95,5.19,5.16,5.22,280,126629,654708,
542857,"Greenpanel Industries Limited",B,STK,200.55,200.55,193.05,195.8,196.9,200.7,203,61442,11993285,
542862,"Shahlon Silk Industries Limite",X,STK,23.61,24.49,22.33,22.61,23.86,23.5,90,131476,3147243,
542863,"Aditya Birla Sun Life Mutual F",B,STK,58.7,58.7,56.23,57.63,57.65,59.37,89,11311,647178,
542865,"Anuroop Packaging Limited",B,STK,12.78,12.78,11.1,11.34,11.48,12.42,149,39463,448124,
542866,"COLAB PLATFORMS LIMITED",B,STK,171.2,171.2,171.2,171.2,171.2,172.9,47,499,85428,
542867,"CSB Bank Limited",A,STK,372,377,352.55,356,356.2,374.25,769,17936,6420101,
542904,"Ujjivan Small Finance Bank Lim",A,STK,54.78,54.78,52.79,53.55,53.55,55.85,3686,633211,33853625,
542905,"Hindware Home Innovation Limit",B,STK,208.05,212,200.6,209.75,210.8,207.35,120,3455,713979,
542906,"Easun Capital Markets Limited",XT,STK,47.5,47.5,47.5,47.5,47.5,46.78,1,2900,137750,
542907,"Prince Pipes and Fittings Limi",B,STK,235,238,229.55,235.1,235.1,239.8,514,8192,1903606,
542909,"Edelweiss Mutual Fund",F,STK,1567.82,1574.18,1564.54,1564.94,1564.56,1575.7,67,586,918188,
542910,"Valencia Nutrition Limited",MS,STK,62.5,62.5,55.71,55.71,55.71,61.87,2,4500,271065,
542911,"Assam Entrade Limited",X,STK,884,884,845.5,845.5,845.5,890,5,22,18640,
542918,"Gian Life Care Limited",Z,STK,7.98,7.98,7.23,7.73,7.8,7.61,53,19471,149038,
542919,"Artemis Medicare Services Limi",B,STK,228.1,229.75,224.6,226.85,226.55,232.3,183,3934,890578,
542920,"SUMITOMO CHEMICAL INDIA LIMITE",A,STK,393,393,381.75,383.3,383.3,395.65,817,12491,4819307,
542921,"ICICI Prudential Mutual Fund",B,STK,21.8,22.8,20.79,21.56,21.63,21.89,346,54524,1162782,
542922,"Mirae Asset Mutual Fund",B,STK,686.29,686.3,668.7,678.95,679.78,693.94,696,6073,4087623,
542933,"UNIVERSUS PHOTO IMAGINGS LIMIT",T,STK,489.25,489.25,489.25,489.25,489.25,479.7,7,386,188850,
542934,"Chandra Bhagat Pharma Limited",M,STK,36.58,36.58,36.58,36.58,36.58,38.5,3,7000,256060,
543064,"Cohance Lifesciences Limited",A,STK,275,285.5,267.85,282.4,284,279.75,1361,42265,11555729,
543065,"SM Auto Stamping Limited",M,STK,17.67,18.15,15.05,18.13,18.1,17.66,6,18000,307640,
543066,"SBI CARDS AND PAYMENT SERVICES",A,STK,719.4,731.75,694.05,720.95,715.55,723.6,2563,34756,24624776,
543071,"Nippon India Mutual Fund",F,STK,16.2,16.2,15.79,15.79,15.79,14.76,2,11,174,
543079,"Nippon India Mutual Fund",F,STK,7.09,7.09,5.81,5.81,5.81,6.45,4,159,925,
543087,"Nippon India Mutual Fund",F,STK,151.79,151.79,151.79,151.79,151.79,138.03,1,1,151,
543092,"Nippon India Mutual Fund",F,STK,10.78,10.78,10.25,10.25,10.25,9.8,3,12,123,
543110,"UTI Mutual Fund",F,STK,8.78,8.78,7.2,7.2,7.2,7.99,3,253,1823,
543144,"Nippon India Mutual Fund",B,STK,6.17,6.17,5.08,5.19,5.96,5.61,7,26,138,
543150,"Nippon India Mutual Fund",B,STK,2.68,2.68,2.45,2.56,2.62,2.45,61,8868,22388,
543153,"Nippon India Mutual Fund",B,STK,31.3,31.3,30.99,30.99,30.99,31.48,2,159,4976,
543161,"Nippon India Mutual Fund",F,STK,118,118,118,118,118,118,4,87,10266,
543167,"Nippon India Mutual Fund",F,STK,2.59,2.59,2.22,2.27,2.27,2.46,28,13279,29689,
543171,"RO Jewels Limited",B,STK,1.32,1.4,1.27,1.39,1.4,1.33,124,33461,44178,
543172,"Cospower Engineering Limited",M,STK,902.2,902.2,902.2,902.2,902.2,913.5,1,500,451100,
543173,"Nippon India Mutual Fund",B,STK,14.8,14.8,13.49,13.49,13.49,13.46,8,434,5869,
543174,"Nippon India Mutual Fund",B,STK,2.55,2.55,2.1,2.43,2.43,2.33,48,14132,33510,
543175,"Nippon India Mutual Fund",B,STK,3.79,3.79,3.43,3.53,3.53,3.78,13,1709,6456,
543176,"Nippon India Mutual Fund",B,STK,53.95,53.95,49.11,49.15,49.11,49.05,27,436,23499,
543177,"Nippon India Mutual Fund",B,STK,8.74,8.74,7.16,7.54,7.7,7.95,63,4974,37434,
543178,"Nippon India Mutual Fund",B,STK,42.88,42.88,35.1,35.53,39,39,23,169,5990,
543181,"Nippon India Mutual Fund",B,STK,26.19,29.21,26.19,26.31,26.31,26.56,9,75,2125,
543182,"Nippon India Mutual Fund",B,STK,42.14,42.14,37.23,37.91,37.99,38.35,5,103,3913,
543184,"Nippon India Mutual Fund",B,STK,35.76,39.39,35.76,36.99,36.99,35.93,3,14,505,
543186,"Nippon India Mutual Fund",B,STK,6,6,5.02,5.03,5.4,5.46,18,1019,5526,
543187,"HITACHI ENERGY INDIA LIMITED",A,STK,25500.1,25500.1,24429.05,25153.4,25153.4,25871,3701,13346,331447777,
543193,"DJ Mediaprint & Logistics Limi",T,STK,85.98,88.95,82.6,85.17,87,86.93,23,390,33127,
543207,"Natural Biocon (India) Limited",X,STK,4.22,5.07,4.22,4.5,4.5,4.49,315,223464,1017751,
543208,"REGIS INDUSTRIES LIMITED",X,STK,2.42,2.43,2.37,2.4,2.4,2.42,84,30361,72785,
543209,"Billwin Industries Limited",M,STK,27.65,27.65,27.65,27.65,27.65,26.45,1,3000,82950,
543210,"Aarti Surfactants Limited",B,STK,372.3,372.3,338.9,351,351,380.1,185,4845,1705392,
543211,"BONLON INDUSTRIES LIMITED",T,STK,38,39.88,37.08,38.1,38.1,39.03,51,6663,252304,
543212,"Borosil Limited",B,STK,220.95,231.3,214.5,227.4,229.05,224.25,373,14038,3110385,
543213,"ROSSARI BIOTECH LIMITED",B,STK,465.5,468,452,457.4,460,466.25,223,3752,1721768,
543214,"NDR Auto Components Limited",B,STK,688.3,695.95,661.1,690.05,690.7,714.7,66,743,509393,
543216,"Edelweiss Mutual Fund",F,STK,1410.09,1415.63,1396.69,1396.7,1396.7,1406.95,6,162,226616,
543217,"Mindspace Business Parks REIT",IF,STK,462.9,463.98,453.5,462.06,463,460.53,750,7193,3300363,
543218,"SURATWWALA BUSINESS GROUP LIMI",B,STK,28.42,28.57,23.2,27.26,27.95,29,66,14073,388846,
543219,"ICICI Prudential Mutual Fund",B,STK,26.65,26.85,26.29,26.61,26.63,27.34,406,93479,2476989,
543220,"Max Healthcare Institute Limit",A,STK,1025.4,1050,1013.55,1040.6,1035.75,1042.7,4119,54491,56067573,
543221,"ICICI Prudential Mutual Fund",B,STK,33.1,33.42,32.52,33.25,33.33,33.36,325,80080,2646019,
543223,"Max India Limited",B,STK,148.5,148.5,141.55,144.15,144.55,148.15,63,969,141060,
543224,"HDFC Mutual Fund",B,STK,57.18,57.74,56.66,57.55,57.6,59.39,189,7499,428167,
543225,"Altius Telecom Infrastructure",IF,STK,158,158,156.8,157.51,157.5,157.9,29,1025000,161244750,
543226,"UTI Mutual Fund",B,STK,58.36,59.38,56.83,57.83,57.93,59.86,182,45228,2600618,
543227,"Happiest Minds Technologies Li",A,STK,334.7,352.55,330.2,340.15,340.55,337.1,3029,111704,38070189,
543228,"Route Mobile Limited",B,STK,474.7,474.75,461.45,467,466,478.95,863,83872,39035235,
543229,"Samrat Forgings Limited",X,STK,210,210,197.2,197.2,197.2,219,4,28,5688,
543230,"ADVAIT ENERGY TRANSITIONS LIMI",B,STK,1578.9,1578.9,1514,1548.65,1553.45,1579.55,654,5196,8008402,
543231,"Archidply Decor Limited",B,STK,61,65,61,65,65,71.08,2,2,126,
543232,"Computer Age Management Servic",A,STK,630.45,654.85,625.2,648.95,648.95,649,10604,201909,128720408,
543233,"Chemcon Speciality Chemicals L",B,STK,155.55,155.55,150.4,153.1,153.15,157.6,375,5881,898210,
543234,"Secmark Consultancy Limited",B,STK,105.05,114.45,103.3,108.05,112.45,108.5,538,4665,503171,
543235,"ANGEL ONE LIMITED",A,STK,214.25,220,209,219.1,219.1,219.65,8649,389598,83102006,
543236,"Atam Valves Limited",B,STK,58.25,59.5,56,56.01,56.01,58.41,12,390,22494,
543237,"Mazagon Dock Shipbuilders Limi",A,STK,2498.55,2498.55,2347.1,2386.65,2386.65,2469.65,19379,309745,736636918,
543238,"UTI Asset Management Company L",A,STK,951.9,955.05,930,950.75,950.8,969.35,839,7150,6746012,
543239,"G M Polyplast Limited",M,STK,61.01,61.01,61,61,61,63.05,2,1400,85407,
543240,"Likhitha Infrastructure Limite",B,STK,139.2,145.85,139.2,143.5,143.15,146.4,61,2914,419576,
543241,"Veer Global Infraconstruction",T,STK,82.5,86.9,82.08,86.9,86.9,86.4,8,1016,83620,
543242,"Hemisphere Properties India Li",B,STK,135.1,136.7,134.5,134.9,134.9,139.1,433,23143,3133433,
543243,"Equitas Small Finance Bank Lim",A,STK,58.59,58.62,56.84,58.12,57.97,59.72,2254,151825,8759778,
543244,"Shine Fashions (India) Limited",M,STK,25.88,26.99,25.88,26.99,26.99,25.88,2,8000,211480,
543245,"Gland Pharma Limited",A,STK,1631.05,1685.3,1613.7,1679.85,1685.3,1669,839,6247,10311397,
543246,"Mirae Asset Mutual Fund",B,STK,40.33,40.55,39.96,40.47,40.41,41.3,37,1763,70974,
543248,"Restaurant Brands Asia Limited",A,STK,62.5,63.46,62.13,62.9,62.96,63.29,408,565499,35613144,
543249,"TARC LIMITED",B,STK,138.95,138.95,133.95,137.65,137.65,139.8,162,11798,1600417,
543250,"Motilal Oswal Mutual Fund",F,STK,63.37,64.55,63.36,64.55,64.55,63.9,6,65,4146,
543251,"Ravinder Heights Limited",B,STK,38.53,39.78,37.4,37.67,37.4,38.53,17,1823,71135,
543252,"Fairchem Organics Limited",B,STK,585,585,543.8,544.3,544.05,570.6,163,200,109002,
543253,"Mrs. Bectors Food Specialities",A,STK,190.1,195.25,188.8,191.35,192.7,195.75,1401,46837,8985887,
543254,"Antony Waste Handling Cell Lim",B,STK,456.05,465.5,453.95,455.6,458.75,476.75,332,5203,2385749,
543255,"Nippon India Mutual Fund",B,STK,935.04,941.42,924.53,938.62,937.58,955.2,475,4293,3994393,
543257,"Indian Railway Finance Corpora",A,STK,97.4,98,95.3,97.65,97.65,99.45,7240,879843,84860608,
543258,"Indigo Paints Limited",B,STK,856,865.25,831.15,838.05,839.95,873.4,1467,55418,46552546,
543259,"Home First Finance Company Ind",A,STK,1022.65,1047.7,1013.5,1037.6,1037.55,1047.7,1821,24246,25001960,
543260,"STOVE KRAFT LIMITED",B,STK,470.05,478,451.75,466.2,467,477.5,245,2726,1272701,
543261,"Brookfield India Real Estate T",IF,STK,343,345.12,335.66,341.61,343.35,344.78,1381,14265,4864237,
543262,"MRP Agro Limited",M,STK,90.01,90.01,88,89.6,90,91.5,6,7000,628010,
543263,"SMC Global Securities Limited",B,STK,71,71,67,68.54,69,72.16,507,34481,2370783,
543264,"Nureca Limited",B,STK,270,275,258.5,261.25,261.05,271.05,29,399,104778,
543265,"RailTel Corporation of India L",A,STK,290.1,290.95,275.6,282.3,282.3,291.1,3470,152993,42796849,
543266,"Heranba Industries Limited",B,STK,191,193,181.85,186.65,186.3,195.45,439,5698,1059487,
543267,"Davangere Sugar Company Limite",B,STK,3.98,3.98,3.75,3.86,3.87,3.97,588,670762,2586066,
543268,"DRC Systems India Limited",B,STK,13.15,13.88,12.71,13.44,13.45,13.99,95,7563,100554,
543270,"MTAR Technologies Limited",A,STK,3739.6,3739.6,3493,3632.5,3632.5,3785.5,3653,27363,97814314,
543271,"Jubilant Ingrevia Limited",A,STK,552.15,561,538,541.7,543.2,568.3,1474,20849,11312673,
543272,"Easy Trip Planners Limited",A,STK,7.37,7.4,7.14,7.22,7.27,7.48,1192,1107573,8006233,
543273,"Knowledge Marine & Engineering",B,STK,1739.95,1739.95,1532,1560.1,1569.95,1592.95,418,5178,8179147,
543274,"SUUMAYA CORPORATION LIMITED",MT,STK,1.14,1.14,1.09,1.09,1.09,1.14,36,61200,67329,
543275,"Anupam Rasayan India Limited",A,STK,1215.1,1269.35,1202,1256.9,1243,1252,829,7976,9845749,
543276,"Craftsman Automation Limited",A,STK,7299.65,7350,7168.55,7277.2,7277.2,7462.5,825,2511,18225066,
543277,"Laxmi Organic Industries Limit",A,STK,114.8,118.7,110,116.75,117.2,113.85,1168,75556,8704095,
543278,"Kalyan Jewellers India Limited",A,STK,388,391.95,382.25,389.15,389.15,395.6,6045,229768,88597790,
543279,"Suryoday Small Finance Bank Li",B,STK,129.55,134,125.15,131.05,131.05,129.55,322,14928,1928202,
543280,"Nazara Technologies Limited",A,STK,241,247.5,232.45,240.9,240.8,244.1,1022,163481,39237859,
543281,"Suvidhaa Infoserve Limited",B,STK,2.73,2.84,2.62,2.84,2.83,2.9,78,16326,44287,
543283,"UNITED FOODBRANDS LIMITED",B,STK,235,244.55,224,232.25,232.25,240.3,144,13646,3174860,
543284,"EKI Energy Services Limited",B,STK,87.06,90.5,84.61,85.22,85.22,90.78,1079,67671,5830784,
543285,"Rajeshwari Cans Limited",MT,STK,23.5,24.65,23.5,24.56,24.5,23.5,6,3600,87636,
543286,"Jetmall Spices and Masala Limi",MT,STK,29,30,29,30,30,30.51,2,12000,354000,
543287,"Lodha Developers Limited",A,STK,864.35,892,851,888.55,887.15,889.65,4021,54301,47162330,
543288,"Deep Industries Limited",B,STK,340.95,365,340.1,347.55,348,337.95,1408,37328,13142278,
543290,"POWERGRID Infrastructure Inves",IF,STK,90.01,91.26,90.01,91.05,91.05,91.42,1935,203404,18456428,
543291,"Mirae Asset Mutual Fund",B,STK,160,162.03,158.1,161.36,161.36,161.78,1414,62017,9998083,
543292,"ICICI Prudential Mutual Fund",B,STK,149.83,152.24,147.85,151.68,152.06,151.28,167,4827,724871,
543298,"Vineet Laboratories Limited",B,STK,30.1,30.5,28.41,30.01,30.2,30.49,287,8423,248411,
543299,"Shyam Metalics and Energy Limi",A,STK,778.75,785,752.85,770.75,772.35,792.85,435,4792,3660218,
543300,"Sona BLW Precision Forgings Li",A,STK,502,504.8,493.4,500.65,499.55,514.75,2465,30367,15161456,
543306,"Dodla Dairy Limited",A,STK,1040,1045.8,1014.4,1039.3,1035,1050.05,545,3324,3431884,
543308,"Krishna Institute of Medical S",A,STK,717.85,717.85,679.55,693.75,696,726,2157,40618,28031757,
543309,"Adeshwar Meditex Limited",M,STK,14.25,17.58,14.25,17.58,17.58,15.3,2,12000,190980,
543311,"India Pesticides Limited",B,STK,150.75,152.7,148.85,149.75,149.45,153.35,245,10343,1551351,
543317,"G R Infraprojects Limited",A,STK,912.2,945,910.45,916.55,914.55,937.4,153,1680,1556993,
543318,"Clean Science and Technology L",A,STK,724.95,745.2,724.95,736.65,736.65,755.55,915,12768,9403701,
543320,"Eternal Limited",A,STK,227.15,230.5,220,229.55,229.8,232.15,21501,1927869,432789165,
543321,"Tatva Chintan Pharma Chem Limi",B,STK,1111,1111,1074.7,1096.15,1101,1139.5,553,4551,4979519,
543322,"ALIVUS LIFE SCIENCES LIMITED",A,STK,890,925.65,879.5,920.35,919.55,913.9,391,2586,2346887,
543323,"Mirae Asset Mutual Fund",B,STK,26.83,26.98,26.44,26.89,26.95,27.58,553,413049,11096581,
543324,"Gretex Corporate Services Limi",T,STK,353.85,368,353.85,368,368,361.05,4,101,35753,
543325,"Rolex Rings Limited",B,STK,118.45,119.45,116.1,118.45,118.95,121.85,453,24424,2874095,
543326,"ICICI Prudential Mutual Fund",B,STK,53.1,53.1,51.89,52.67,52.61,53.4,1610,220536,11573698,
543327,"Exxaro Tiles Limited",B,STK,7,7,6.8,6.88,6.83,7.15,154,34337,235121,
543328,"Krsnaa Diagnostics Limited",B,STK,604.5,604.5,581,588,589.75,610.35,181,1902,1119272,
543329,"Windlas Biotech Limited",B,STK,728.15,771.95,708.9,730.5,730.85,743.4,175,1528,1103175,
543330,"Devyani International Limited",A,STK,115,115,109.6,110,110,117,3384,188682,21126327,
543331,"Meghmani Organics Limited",B,STK,48,48,43.41,43.83,44.3,48.13,1312,110624,4941099,
543332,"Epigral Limited",A,STK,850,878,825,867.1,868.25,865.95,402,4557,3895802,
543333,"CarTrade Tech Limited",A,STK,1724.7,1777.9,1697.05,1762.65,1762.65,1768.85,1218,11926,20593894,
543334,"Nuvoco Vistas Corporation Limi",A,STK,293.95,295.95,280.25,283,285,298.25,870,24947,7118758,
543335,"Aptus Value Housing Finance In",A,STK,224.35,225,218,221.35,221.95,228.1,1669,76283,16826718,
543336,"Chemplast Sanmar Limited",B,STK,217.05,255.95,211.6,236.3,236.8,220.1,1256,36922,8650572,
543341,"SHARPLINE BROADCAST LIMITED",X,STK,10.5,11.97,10.5,11.28,11.83,11.97,54,4634,51904,
543347,"Axis Mutual Fund",B,STK,323.27,339,323.27,338.86,339,331.56,18,93,30445,
543348,"Axis Mutual Fund",B,STK,148.36,150.26,147.45,149.81,148.91,149.86,6,129,19210,
543349,"ACUTAAS CHEMICALS LIMITED",A,STK,2160,2211.4,2121,2154.3,2163.9,2249.35,1149,12490,26859945,
543350,"Vijaya Diagnostic Centre Limit",A,STK,959.65,959.65,915,946.5,942.35,952.7,269,2084,1946172,
543351,"Naapbooks Limited",MS,STK,88.1,94.5,79.25,94.5,94.5,99,19,26400,2229720,
543358,"Sansera Engineering Limited",A,STK,2100,2144.35,2041.2,2096.05,2105,2195.95,1639,19396,40491579,
543363,"Prevest Denpro Limited",M,STK,425,429.95,411,414.5,414,425,19,4000,1672990,
543364,"Markolines Pavement Technologi",B,STK,154.25,156,144.55,147.9,147.9,156.65,383,19498,2892054,
543365,"Mirae Asset Mutual Fund",B,STK,70.52,70.52,66.51,68.7,68.7,70.99,931,49549,3437256,
543366,"SBL Infratech Limited",M,STK,35,35.25,35,35.25,35.25,34.85,2,7200,252900,
543367,"Paras Defence and Space Techno",A,STK,760.05,770,708.6,719.1,719.1,747.8,10158,376202,274866331,
543374,"Aditya Birla Sun Life AMC Limi",A,STK,909.9,909.9,865,870.3,870.3,924.3,1442,27085,23724353,
543375,"Promax Power Limited",M,STK,17,17,17,17,17,17,2,30000,510000,
543376,"Samor Reality Limited",B,STK,73.6,73.6,66.69,70.99,71,70.2,21,850,60892,
543377,"Adishakti Loha and Ispat Limit",M,STK,11.86,13.14,11.86,13.14,13.14,13.17,3,30000,368600,
543378,"CWD Limited",MS,STK,329,329,305.05,311,311,321,11,8000,2481050,
543383,"ICICI Prudential Mutual Fund",B,STK,113.09,114.29,111.38,113.7,114.13,115.99,143,2951,333140,
543384,"FSN E-Commerce Ventures Limite",A,STK,250.2,251.25,245.6,249.55,248.7,254.1,3200,155484,38529667,
543386,"Fino Payments Bank Limited",B,STK,173,178.35,171.65,174.4,175.25,179.9,344,12075,2096631,
543387,"S.J.S. Enterprises Limited",A,STK,1600,1603.7,1550,1588.45,1603.7,1627.3,725,5262,8276368,
543388,"DSP Mutual Fund",B,STK,331,331,323.58,327.87,327.88,395,89,6135,1999355,
543389,"Sigachi Industries Limited",B,STK,18.76,18.92,18.26,18.73,18.73,19.17,883,209736,3888227,
543390,"PB Fintech Limited",A,STK,1410.05,1436.95,1363.2,1429.35,1430,1428.15,2476,27322,38055691,
543391,"Suyog Gurbaxani Funicular Rope",M,STK,95.5,109.95,95.5,109.95,109.95,103,2,2250,225712,
543396,"One 97 Communications Limited",A,STK,1010,1040.65,989.05,1038.05,1038.05,1038.55,6535,139522,141377766,
543397,"Sapphire Foods India Limited",A,STK,188.25,188.25,173.9,174.95,174.95,192.85,677,20572,3697088,
543398,"Latent View Analytics Limited",A,STK,300.1,307.1,295.75,304.7,305.05,304.8,1663,112622,34149340,
543399,"Tarsons Products Limited",B,STK,184.65,194.95,181.05,191.45,191.45,189.35,361,10790,1997531,
543401,"Go Fashion (India) Limited",B,STK,289.3,298,281.55,289.35,289.05,295.15,448,14607,4217601,
543410,"DMR ENGINEERING LIMITED",M,STK,37.51,37.51,35.32,35.32,35.32,37.51,10,19500,710190,
543411,"HI-TECH PIPES LIMITED",B,STK,82.49,82.49,77,77.72,78.58,82.8,1016,103799,8108835,
543412,"Star Health and Allied Insuran",A,STK,451.55,454.05,433.9,447.1,446.75,459.1,1630,39528,17513588,
543413,"Tega Industries Limited",A,STK,1735.4,1735.4,1663.45,1689,1698,1743.4,347,2612,4384567,
543414,"Mirae Asset Mutual Fund",B,STK,22.53,22.53,21.95,22.53,22.53,22.82,692,81773,1821382,
543415,"Anand Rathi Wealth Limited",A,STK,3100.05,3197.2,3100.05,3145.35,3151.1,3192,968,5389,16932020,
543416,"Zodiac Energy Limited",B,STK,225,225,218.9,220.2,220.15,228.1,55,825,182726,
543417,"RateGain Travel Technologies L",A,STK,469,475.95,459.8,470.2,473.35,477.8,730,19608,9183602,
543418,"Edelweiss Mutual Fund",F,STK,1316,1317.6,1316,1317.6,1317.6,1317.06,40,205,269788,
543419,"Shriram Properties Limited",B,STK,73.56,73.56,71,72.53,72.53,75.19,582,146498,10563452,
543420,"Jet Freight Logistics Limited",B,STK,18.05,18.57,16.1,18.41,18.42,18.12,55,11882,214990,
543425,"C.E. Info Systems Limited",A,STK,990.3,996,962.1,981.9,983.55,998.55,489,5057,4957607,
543426,"Metro Brands Limited",A,STK,956.25,962.2,939.35,951.6,958.05,978.6,415,4937,4687698,
543427,"Medplus Health Services Limite",A,STK,838.45,838.45,805.5,825.9,822.7,841.15,594,123113,100772247,
543428,"Data Patterns (India) Limited",A,STK,3509.8,3564.75,3363,3495.7,3534.5,3490.15,9876,118293,412569848,
543433,"HP Adhesives Limited",B,STK,32.51,34.69,32,33.19,33.9,34.69,171,11836,388147,
543434,"Supriya Lifescience Limited",A,STK,620,620,573.45,581,584.7,626.75,3464,116067,68551427,
543437,"Motilal Oswal Mutual Fund",B,STK,98.73,98.73,92.3,94.65,94.6,96.33,324,12732,1213597,
543438,"DSP Mutual Fund",B,STK,228.8,229.35,225.47,229.15,229.09,233.85,37,461,105251,
543440,"DSP Mutual Fund",B,STK,250.96,257.4,247.02,250.95,253.19,257.4,190,5699,1421315,
543441,"CMS Info Systems Limited",A,STK,297.5,299,288.8,295.1,296,300.35,1166,26391,7724031,
543442,"Brand Concepts Limited",B,STK,229,237.15,223.1,236,237.15,231.3,54,1839,421979,
543449,"WONDER ELECTRICALS LIMITED",B,STK,138.15,140.5,133,139.1,139.15,138.95,74,3748,511707,
543450,"ICICI Prudential Mutual Fund",B,STK,27.28,27.48,26.53,26.71,26.71,27.91,896,118878,3177756,
543451,"AGS TRANSACT TECHNOLOGIES LIMI",Z,STK,3.21,3.25,3.1,3.11,3.1,3.26,148,47967,151404,
543452,"ICICI Prudential Mutual Fund",E,STK,263.65,263.86,253.67,257.2,257.2,257.43,4669,272975,70073155,
543454,"Mirae Asset Mutual Fund",B,STK,154.24,154.24,151.5,153.4,153.38,157.15,169,3995,609171,
543458,"AWL AGRI BUSINESS LIMITED",A,STK,175.45,177.9,172.1,175.75,175.75,177.2,2448,237045,41466015,
543460,"Quality RO Industries Limited",M,STK,60.93,60.93,60.93,60.93,60.93,64.13,1,500,30465,
543461,"Safa Systems & Technologies Li",M,STK,18,18,18,18,18,17.66,2,30000,540000,
543462,"DEV INFORMATION TECHNOLOGY LIM",B,STK,26.84,27.24,24.5,26.77,26.54,26.02,154,12764,326296,
543463,"Vedant Fashions Limited",A,STK,364.85,365,353.8,358.5,359.9,367.25,1687,33483,11988931,
543464,"Maruti Interior Products Limit",MT,STK,203.45,203.45,203.45,203.45,203.45,193.8,7,7000,1424150,
543465,"Motilal Oswal Mutual Fund",B,STK,62,62.63,58.18,60.01,60,61.4,198,11351,673272,
543470,"SoftTech Engineers Limited",B,STK,270,270,270,270,270,270,1,4,1080,
543471,"Aditya Birla Sun Life Mutual F",E,STK,258.54,259.06,253.53,257.06,256.25,257.23,1991,80632,20695936,
543472,"Aditya Birla Sun Life Mutual F",B,STK,33,33,31.76,32.48,32.48,32.65,28,3165,102482,
543473,"Aditya Birla Sun Life Mutual F",B,STK,14.94,15.83,14.75,15.32,14.95,15.33,224,36902,551172,
543474,"Aditya Birla Sun Life Mutual F",B,STK,28.51,28.51,27.61,28.06,28.05,28.51,466,24586,683672,
543480,"ICICI Prudential Mutual Fund",F,STK,64.3,64.58,64.3,64.58,64.58,64.68,17,2523,162351,
543481,"Mirae Asset Mutual Fund",B,STK,21.56,22.07,20.86,21.22,21.19,21.64,893,649005,13653124,
543482,"Eureka Forbes Limited",A,STK,355,430.45,355,426.25,426.1,429.8,708,9347,3888978,
543489,"Gateway Distriparks Limited",B,STK,56,56.7,55.45,56.37,56.28,56.93,445,51751,2895220,
543490,"GMR Power and Urban Infra Limi",A,STK,101.1,104.8,101.1,104.25,104.6,107.25,793,93839,9731000,
543498,"Motherson Sumi Wiring India Li",A,STK,40.12,40.54,39.43,40.16,40.16,41.27,3745,540981,21578515,
543499,"Achyut Healthcare Limited",B,STK,5.3,5.3,5.1,5.2,5.2,5.29,129,39319,204625,
543500,"Evoq Remedies Limited",M,STK,2.93,2.94,2.65,2.67,2.67,2.94,60,276000,745000,
543501,"Motilal Oswal Mutual Fund",B,STK,36.38,37.68,35.95,37.68,37.68,37.29,12,428,15620,
543512,"Avro India Limited",B,STK,138.8,139.85,128.2,129.25,129.25,134.9,62,3367,434402,
543513,"Uma Exports Limited",B,STK,22.22,23.65,22.22,22.99,22.99,23.03,62,15192,349009,
543514,"Veranda Learning Solutions Lim",B,STK,157.3,157.3,151.6,153.5,154.2,163.4,256,34987,5403393,
543515,"Sunrise Efficient Marketing Li",M,STK,61.57,61.57,61.57,61.57,61.57,64.81,11,4125,253976,
543516,"DHYAANI TRADEVENTTURES LIMITED",M,STK,6.38,6.84,6.38,6.72,6.77,6.71,19,165200,1063104,
543517,"Hariom Pipe Industries Limited",B,STK,343.8,343.8,332,334.35,336,350.2,229,3480,1172943,
543520,"Global Longlife Hospital and R",M,STK,16,16.8,16,16.3,16.3,16.02,12,12000,198270,
543523,"Campus Activewear Limited",A,STK,240,240.9,234.25,239.45,239.8,243.8,304,6133,1454237,
543524,"Rainbow Children's Medicare Li",A,STK,1170.5,1186.65,1154.35,1178.7,1180,1198.85,356,2440,2844647,
543525,"Silver Touch Technologies Limi",B,STK,136.05,136.05,134.35,134.35,134.35,141.4,91,1771,238780,
543526,"LIFE INSURANCE CORPORATION OF",A,STK,806.3,813,793.2,805.15,805.15,822.5,6731,141456,113056103,
543527,"Prudent Corporate Advisory Ser",A,STK,2238.95,2238.95,2120.25,2183.25,2177.5,2240.05,328,1131,2444101,
543528,"Venus Pipes & Tubes Limited",B,STK,1020.5,1020.5,978.55,992.1,993,1022.65,484,2819,2797530,
543529,"Delhivery Limited",A,STK,413.05,416.55,401.5,415.5,415.7,422.45,4651,103705,42541670,
543530,"Paradeep Phosphates Limited",A,STK,99.85,103.8,99.8,103.35,103.35,105.45,4736,526057,53520299,
543531,"Tierra Agrotech Limited",X,STK,37.75,39.59,37.58,38.19,38.5,37.75,18,815,31676,
543532,"ETHOS LIMITED",A,STK,2210,2216.15,2124,2193.25,2194.8,2262.5,346,1483,3230295,
543533,"eMudhra Limited",B,STK,424,424,401.95,414.95,413.15,413.1,497,12656,5192425,
543534,"Aether Industries Limited",A,STK,911.05,996.7,911.05,986.4,985.25,1010.95,623,5802,5702543,
543535,"We Win Limited",B,STK,43.07,43.07,40.88,41.3,41.3,43.07,19,1047,43321,
543538,"Goel Food Products Limited",M,STK,12.87,12.87,12.58,12.58,12.58,10.92,2,4000,50900,
543539,"MODI'S NAVNIRMAN LIMITED",B,STK,323.9,323.9,323.9,323.9,323.9,320,6,9,2915,
543540,"Pearl Green Clubs and Resorts",M,STK,125,129.1,125,127.9,127.9,127.6,8,5400,680400,
543542,"KESAR INDIA LIMITED",M,STK,1148.8,1175,1148.8,1174.25,1174.25,1179.95,8,7600,8775350,
543543,"B-RIGHT REALESTATE LIMITED",MT,STK,793.45,793.45,793.45,793.45,793.45,772,1,400,317380,
543544,"JAYANT INFRATECH LIMITED",M,STK,60.06,62.5,60.05,61,61,65.41,16,14250,868552,
543545,"Veerkrupa Jewellers Limited",M,STK,0.71,0.79,0.68,0.76,0.79,0.71,8,133600,98530,
543546,"HEALTHY LIFE AGRITEC LIMITED",M,STK,7.5,7.55,7.45,7.45,7.45,7.65,6,48000,358100,
543547,"DDEV PLASTIKS INDUSTRIES LIMIT",B,STK,263.65,266,256.7,259.25,262,271,314,7601,1974431,
543563,"Motilal Oswal Mutual Fund",B,STK,43.4,44.5,43.18,44.29,44.44,44.02,94,3988,174065,
543568,"ICICI Prudential Mutual Fund",B,STK,29.96,30.76,29.2,30.03,30.76,30.73,1106,197126,5861711,
543569,"HDFC Mutual Fund",B,STK,25.37,25.5,25,25.34,25.5,26.23,144,43917,1108627,
543570,"HDFC Mutual Fund",B,STK,67.17,67.74,66.12,67.55,67.56,68.89,461,23305,1560584,
543571,"ICICI Prudential Mutual Fund",B,STK,93.23,94.03,92.13,93.88,93.73,95.01,344,14175,1322316,
543572,"DSP Mutual Fund",E,STK,249.27,253.53,244.67,248.86,248.57,248.95,1014,23829,5893405,
543573,"Syrma SGS Technology Limited",A,STK,720.45,742.85,698.35,729.65,729.65,761.95,8790,287832,204788793,
543574,"Aditya Birla Sun Life Mutual F",B,STK,20.54,20.61,20.07,20.29,20.15,20.88,134,5147,104529,
543575,"Aditya Birla Sun Life Mutual F",B,STK,31.5,31.5,29.1,30.34,30.29,30.67,51,27717,820116,
543576,"Motilal Oswal Mutual Fund",B,STK,120.49,120.49,114.23,116.77,120.44,121.29,616,59772,6913268,
543577,"Motilal Oswal Mutual Fund",B,STK,193.8,193.8,193.8,193.8,193.8,193.8,1,1,193,
543578,"Olatech Solutions Limited",M,STK,153.5,153.5,152,152,152,153.5,2,1850,282587,
543579,"NATURO INDIABULL LIMITED",MT,STK,2.99,2.99,2.99,2.99,2.99,3.14,1,4000,11960,
543590,"Rhetan TMT Limited",B,STK,26,26.75,24.43,24.53,24.5,26.58,517,160485,4003808,
543591,"DREAMFOLKS SERVICES LIMITED",B,STK,77.87,77.87,71.3,73.01,72.99,75.87,372,23766,1736400,
543592,"HDFC Mutual Fund",E,STK,252.81,252.81,242.95,247.13,246.82,246.65,2764,201110,49479648,
543593,"Dhampur Bio Organics Limited",B,STK,99,100.4,94,99.15,98.95,99.5,249,16104,1592495,
543594,"DIPNA PHARMACHEM LIMITED",M,STK,8.85,8.85,7.45,8.5,8.5,8.71,9,30000,248910,
543595,"EP BIOCOMPOSITES LIMITED",M,STK,90.01,90.01,90.01,90.01,90.01,98,1,500,45005,
543596,"Tamilnad Mercantile Bank Limit",A,STK,611,620,585,595.1,598,629.8,1626,32628,19531526,
543597,"Virtuoso Optoelectronics Limit",M,STK,346,352,333,339.1,352,353.15,59,21250,7246962,
543599,"Ksolves India Limited",B,STK,291.25,291.25,278.95,283,282,286.45,289,3885,1099052,
543600,"Harsha Engineers International",B,STK,359.15,372,342,354.75,353.55,360.8,169,1460,517283,
543605,"HDFC Mutual Fund",B,STK,55.84,56.35,55,56.02,56.35,56.95,211,4459,248870,
543606,"CONTAINE TECHNOLOGIES LIMITED",M,STK,13.83,13.83,13.07,13.79,13.83,13.75,10,38000,510450,
543607,"HDFC Mutual Fund",B,STK,115.51,116.56,114.49,116.56,116.56,118.07,188,4660,537521,
543608,"HDFC Mutual Fund",B,STK,129.5,130.14,128.46,130.04,130.04,133,40,2963,383227,
543613,"MAFIA TRENDS LIMITED",M,STK,7.45,7.45,7,7,7,6.28,3,12000,87600,
543614,"Tips Films Limited",B,STK,354.8,354.8,334,334.2,334,354.8,19,271,91702,
543615,"SILICON RENTAL SOLUTIONS LIMIT",M,STK,88,95,85.03,90.71,93.5,92,33,51200,4728424,
543616,"Trident Lifeline Limited",M,STK,248.1,259.75,248,259.75,259.75,267.95,6,55800,13845600,
543618,"Cargotrans Maritime Limited",M,STK,145,151,145,147,147,153.75,9,15000,2201925,
543619,"Concord Control Systems Limite",M,STK,2287,2287,2195.55,2209.05,2197,2311.1,36,7200,15930560,
543620,"INSOLATION ENERGY LIMITED",B,STK,95,98.2,93.55,96.8,96.8,96.15,2719,270704,26039887,
543626,"Electronics Mart India Limited",A,STK,75.65,90.35,75.65,90.05,90.25,92.3,556,29899,2661445,
543627,"HDFC Mutual Fund",B,STK,19.87,20.5,19.78,20.5,20.5,20.5,26,2476,49969,
543628,"HDFC Mutual Fund",B,STK,29.57,30.21,28.99,29.72,30.21,30.52,622,38508,1133787,
543635,"PIRAMAL PHARMA LIMITED",A,STK,147.7,152.2,147,151.3,151.3,152.05,3708,204350,30485342,
543636,"Dc Infotech and Communication",B,STK,243.5,265,236.9,241.3,241.3,248.5,102,1896,476138,
543637,"PACE E-COMMERCE VENTURES LIMIT",M,STK,13.96,14,13.11,14,14,14.46,30,60000,810948,
543638,"Tracxn Technologies Limited",B,STK,32,33.78,32,33.32,33.78,32.5,147,19338,631343,
543643,"Narmada Agrobase Limited",B,STK,31.25,31.65,30.35,31.04,31.05,31.95,137,9016,279618,
543644,"InfoBeans Technologies Limited",B,STK,151,151.45,143,144.25,144.25,155,1079,44136,6415181,
543645,"HINDPRAKASH INDUSTRIES LIMITED",B,STK,122.95,122.95,118,118,118,122.95,5,409,48695,
543650,"DCX Systems Limited",B,STK,197.25,201.25,185.3,196,196,191.05,11164,1172535,226911608,
543651,"DAPS ADVERTISING LIMITED",M,STK,15.05,15.05,15.05,15.05,15.05,16,2,8000,120400,
543652,"FUSION FINANCE LIMITED",B,STK,171.1,174.75,164.5,166.55,166.55,178.6,574,19260,3254473,
543653,"Bikaji Foods International Lim",A,STK,595.2,608.75,595,606.15,608.75,613.5,335,4234,2545246,
543654,"Global Health Limited",A,STK,1107.7,1107.7,1078.7,1089.3,1092.3,1109.7,833,5088,5535922,
543656,"Technopack Polymers Limited",M,STK,14,14,14,14,14,14.1,1,4000,56000,
543657,"Archean Chemical Industries Li",A,STK,541,541,529,532.1,532.1,547.75,200,16785,8936500,
543663,"Five-Star Business Finance Ltd",A,STK,398.65,400,381.25,383.45,386.25,406.6,3127,71969,27872838,
543664,"KAYNES TECHNOLOGY INDIA LIMITE",A,STK,3650.05,3712,3590,3700.6,3700.6,3745.7,6673,72978,265915989,
543665,"HDFC Mutual Fund",B,STK,32.4,32.4,31.08,31.88,32.1,32.02,130,16635,520784,
543666,"HDFC Mutual Fund",B,STK,27.7,27.7,26.63,27.16,27.25,27.92,232,73926,2015524,
543667,"INOX GREEN ENERGY SERVICES LIM",A,STK,148,148.55,142.3,147.75,147.95,151.3,777,43378,6299184,
543668,"B&B Triplewall Containers Limi",B,STK,169.45,169.45,165.05,168,168,169.25,48,322,53940,
543669,"Keystone Realtors Limited",B,STK,391.9,414.8,380,410.55,405.45,392.35,128,3143,1236003,
543670,"VINNY OVERSEAS LIMITED",B,STK,1.04,1.04,1,1.02,1.02,1.05,101,121044,122465,
543671,"AAA TECHNOLOGIES LIMITED",B,STK,90,92.55,89.6,90.7,90,92.55,56,5088,464773,
543677,"ICICI Prudential Mutual Fund",B,STK,30.4,30.55,29.03,30.04,30.36,30.71,732,122262,3618062,
543678,"AMBO AGRITEC LIMITED",M,STK,29.48,29.49,28.6,28.6,28.6,30.1,7,13000,373570,
543686,"Sirca Paints India Limited",B,STK,448,448,429.75,433,432.95,452.8,269,11636,5077164,
543687,"Dharmaj Crop Guard Limited",B,STK,226.8,244,226.8,240.6,240.7,249.15,40,2807,670005,
543688,"Sarveshwar Foods Limited",B,STK,3.5,3.52,3.28,3.31,3.35,3.59,1248,774250,2637798,
543689,"Uniparts India Limited",B,STK,459.05,459.05,429.05,445.05,444.5,458.35,333,4656,2030987,
543699,"Edelweiss Mutual Fund",F,STK,1279.98,1279.98,1275.05,1275.05,1275.05,1283.7,7,48,61400,
543700,"ICICI Prudential Mutual Fund",F,STK,259.14,261.72,258.48,258.48,258.48,260.45,3,1436,371491,
543709,"PNGS GARGI FASHION JEWELLERY L",M,STK,712.6,737.35,712.05,712.05,712.05,749.5,108,19375,13862875,
543710,"ICICI Prudential Mutual Fund",B,STK,97.4,99.3,94.92,96.4,97.5,100.28,272,7912,759263,
543711,"Sula Vineyards Limited",A,STK,163.05,166.2,159.65,161.05,161.05,166.2,963,30079,4841399,
543712,"ABANS FINANCIAL SERVICES LIMIT",B,STK,201.2,202.55,201,201,201,201.1,43,34109,6866017,
543713,"Droneacharya Aerial Innovation",M,STK,35.39,35.39,35.01,35.39,35.39,33.71,88,130000,4599470,
543714,"LANDMARK CARS LIMITED",B,STK,350.2,368.25,346.8,359.2,358.05,359.55,105,1466,528494,
543720,"KFin Technologies Limited",A,STK,900.35,923.5,873.25,912.5,908,912.8,5599,58596,52776632,
543725,"Elin Electronics Limited",B,STK,120,120,116,116.6,116.6,123.75,74,8068,945254,
543732,"Radiant Cash Management Servic",B,STK,36.75,36.75,35,36.37,36.51,36.84,278,23444,841250,
543737,"Aveer Foods Limited",X,STK,512,530,508.75,526.2,530,535,5,80,41592,
543738,"DSP Mutual Fund",B,STK,57.14,57.32,57.14,57.32,57.32,59,3,10,571,
543747,"Kamdhenu Ventures Limited",B,STK,4.13,4.21,3.98,4.15,4.15,4.15,170,70325,287459,
543748,"Aarti Pharmalabs Limited",A,STK,681.65,683.95,665.05,681.5,683,699.45,478,5378,3635825,
543765,"Earthstahl & Alloys Limited",M,STK,14.02,15.7,14.02,15.7,15.7,16.8,2,60000,846240,
543766,"Ashika Credit Capital Ltd.",B,STK,369.8,369.8,350.8,356.1,356.1,366.2,293,69303,25005448,
543767,"BODHI TREE MULTIMEDIA LIMITED",B,STK,7.6,7.6,6.84,7.09,7.19,7.64,264,75316,528285,
543768,"NMDC Steel Limited",A,STK,38.06,38.06,36.43,37.31,37.31,38.54,1856,480215,17763904,
543774,"HDFC Mutual Fund",B,STK,35.1,36.95,35.01,35.5,35.5,36.26,142,3812,135370,
543775,"HDFC Mutual Fund",B,STK,152,152.76,148.65,151.95,151.95,155.62,4465,329670,49761042,
543776,"HDFC Mutual Fund",B,STK,21.84,21.98,20.62,21.39,21.39,21.41,907,197761,4133841,
543781,"Mirae Asset Mutual Fund",E,STK,157.31,157.31,151.88,153.67,153.67,153.48,853,64549,9900895,
543782,"Sealmatic India Limited",M,STK,321,333,321,325.2,324.55,338.55,41,8100,2646198,
543787,"Macfos Limited",M,STK,939,940,890,895,890,939,46,7200,6528682,
543798,"Patron Exim Limited",M,STK,2.04,2.04,2.04,2.04,2.04,2.04,3,20000,40800,
543799,"S. V. J. Enterprises Limited",MT,STK,441.7,441.7,441.7,441.7,441.7,464.9,1,750,331275,
543805,"RESGEN LIMITED",M,STK,56,56.3,54,55.94,56.3,57.25,24,20250,1116045,
543806,"ITCONS E-Solutions Limited",M,STK,375,375,328.55,340.45,345,366,60,17000,5826470,
543811,"AIRAN LIMITED",B,STK,15.97,16.11,14.71,15.72,15.9,15.99,43,10197,161548,
543812,"DIVGI TORQTRANSFER SYSTEMS LIM",B,STK,719.95,745,692.2,734,745,721.65,302,1517,1075898,
543813,"Aditya Birla Sun Life Mutual F",F,STK,1000,1000,1000,1000,1000,1000.01,3,22,22000,
543819,"ICICI Prudential Mutual Fund",B,STK,89.83,90.76,86.38,89.08,90.11,93.09,647,54872,4825676,
543828,"SUDARSHAN PHARMA INDUSTRIES LI",M,STK,24.12,25.24,24.12,24.91,25.16,25.29,7,28000,691720,
543829,"Global Surfaces Limited",B,STK,74.37,74.37,70.65,73.64,71.63,74,12,592,43391,
543831,"Bright Outdoor Media Limited",M,STK,400,406.9,380.1,406.9,406.9,401,7,2625,1034625,
543848,"Dev Labtech Venture Limited",MT,STK,90,90,87,90,90,87.04,5,12000,1076000,
543853,"Axis Mutual Fund",B,STK,83.71,83.71,79.27,80.86,80.86,81.67,24,126,10103,
543858,"Mirae Asset Mutual Fund",B,STK,198.9,198.9,198.9,198.9,198.9,203,1,1,198,
543860,"J.A. Finance Limited",XT,STK,82.35,82.35,82.35,82.35,82.35,86.65,8,1500,123525,
543861,"Udayshivakumar infra limited",T,STK,24.9,25.6,24.84,24.84,24.84,26.14,34,14362,357018,
543895,"Exhicon Events Media Solutions",M,STK,477,485.6,460,466.25,475,495.1,63,18250,8606500,
543896,"Avalon Technologies Limited",A,STK,931.45,931.45,883.25,905.55,907.55,931.5,877,15796,14206613,
543897,"Sancode Technologies Limited",MT,STK,241.7,241.7,241.7,241.7,241.7,241.7,3,6000,1450200,
543898,"BEML Land Assets Limited",B,STK,179,179.5,174.1,176.7,176.7,180,63,1002,176054,
543900,"UTI Mutual Fund",E,STK,244.2,252.43,244.2,249.47,249.81,249.14,997,57274,14235891,
543901,"ROBUST HOTELS LIMITED",B,STK,194.25,194.25,183.9,183.9,183.9,183.75,13,24,4508,
543902,"Retina Paints Limited",M,STK,54,54.5,52.07,53.99,53.99,56.73,10,20000,1069960,
543903,"DSP Mutual Fund",E,STK,154.42,154.74,152.55,153.42,153.34,153.66,174,7268,1114990,
543904,"Mankind Pharma Limited",A,STK,2125,2170.75,2107.35,2162.05,2158.6,2186.45,2849,29131,62032800,
543905,"INNOKAIZ INDIA LIMITED",MT,STK,12.35,12.95,12.35,12.65,12.95,13,6,4800,59760,
543910,"AVG Logistics Limited",B,STK,136.15,137.6,133.8,134.5,134.5,137,197,12478,1696150,
543911,"Atal Realtech Limited",B,STK,23.1,23.38,22,22.77,22.68,23.62,109,48761,1115500,
543912,"Power & Instrumentation (Gujar",B,STK,97.5,99.95,96.1,97.45,97.45,100.7,177,4846,474170,
543913,"Nexus Select Trust",IF,STK,156.7,156.7,153.15,155.42,155.42,156.42,534,11008,1710819,
543914,"Swati Projects Limited",X,STK,30,31.9,29.75,30.12,31.34,31.31,136,21877,670113,
543915,"Pavna Industries Limited",B,STK,20.05,20.05,18.81,19.15,19.15,20.05,21,2709,51462,
543916,"Hemant Surgical Industries Lim",M,STK,253.05,253.05,249,253.05,253.05,260.95,20,9600,2417580,
543917,"SIGMA SOLVE LIMITED",B,STK,39.89,39.89,36.5,37.73,36.95,39.17,168,10323,389273,
543918,"GHCL Textiles Limited",B,STK,72,72.87,71,71.58,71.34,72.55,148,7570,542302,
543919,"M.K.Proteins Limited",B,STK,4.85,4.89,4.5,4.55,4.52,4.87,144,31984,148186,
543920,"CFF FLUID CONTROL LIMITED",M,STK,529,529,510.2,519.75,519,539.65,123,30400,15762790,
543921,"Comrade Appliances Limited",M,STK,40.8,40.8,40.8,40.8,40.8,42.84,2,2000,81600,
543922,"Mirae Asset Mutual Fund",E,STK,251.83,253.16,247.8,252.44,251.2,251.47,478,54705,13713488,
543923,"IKIO Technologies Limited",B,STK,133.05,134.4,130,131.85,132,139.05,369,11164,1471095,
543924,"Sonalis Consumer Products Limi",M,STK,54.07,54.07,50.01,50.01,50.01,53.01,7,14000,736760,
543926,"Bizotic Commercial Limited",MT,STK,922.45,978,922.45,978,978,971,3,3200,3085160,
543927,"Asian Warehousing Limited",X,STK,37.49,37.95,36,37.5,37.5,37.49,10,81,3061,
543928,"Cosmic CRF Limited",M,STK,967.8,967.8,920,928.1,925.05,967.8,63,6600,6191845,
543929,"HMA Agro Industries Limited",B,STK,25.95,25.95,24,24.16,24.18,24.6,73,7780,188186,
543930,"Uravi Defence and Technology L",B,STK,145,148.05,135,139.65,138,145.15,240,7665,1107794,
543931,"VEEFIN SOLUTIONS LIMITED",M,STK,266,267,252,254.7,254.7,270.25,100,26800,6948370,
543932,"IDEAFORGE TECHNOLOGY LIMITED",B,STK,441,462.15,437.25,448.35,448.35,441.2,3994,107128,48116777,
543933,"Cyient DLM Limited",B,STK,289.15,292.1,285,289.05,289,296.55,785,18836,5442635,
543934,"Machhar Industries Limited",X,STK,345,345,316,316,316,332,5,8,2680,
543935,"DSP Mutual Fund",B,STK,31.48,32.08,30.88,32.06,32.08,31.82,42,2074,65501,
543936,"Senco Gold Limited",A,STK,295.9,298.95,288.05,292.4,292.4,301.7,987,28231,8194692,
543939,"Kaka Industries Limited",M,STK,175.2,177.85,172.5,172.55,172.5,179,13,6500,1132625,
543940,"Jio Financial Services Limited",A,STK,234.35,234.35,226.2,232.2,232.2,239.4,37339,2340213,536923356,
543941,"AHASOLAR TECHNOLOGIES LIMITED",M,STK,73.5,73.5,72.99,72.99,72.99,72,2,800,58596,
543942,"UTKARSH SMALL FINANCE BANK LIM",B,STK,13.06,13.06,12.37,12.51,12.6,13.05,1089,532823,6670960,
543943,"ASARFI HOSPITAL LIMITED",M,STK,164.95,164.95,162,164.85,164.8,165,16,19000,3108300,
543944,"Mirae Asset Mutual Fund",B,STK,570,572.47,561.3,569.32,569.22,587.22,326,1830,1034913,
543945,"NETWEB TECHNOLOGIES INDIA LIMI",A,STK,3135.35,3226.65,3032,3201,3201,3219.6,10191,167517,523381744,
543946,"Mirae Asset Mutual Fund",F,STK,1000,1000.01,1000,1000,1000,1000,59,73757,73757000,
543947,"DSP BSE Sensex ETF",A,STK,81.48,81.48,78.54,79.77,79.77,81.6,28,1253,98974,
543948,"DSP Mutual Fund",B,STK,89.61,90.05,86.6,88.57,88.95,92.58,340,69848,6104705,
543949,"DSP Mutual Fund",B,STK,27.16,27.22,26.85,26.86,26.85,27.79,1180,101754,2745075,
543950,"YATHARTH HOSPITAL & TRAUMA CAR",A,STK,625.05,667.7,624.55,664.4,664.4,646.75,893,27084,17507472,
543952,"NIIT Learning Systems Limited",A,STK,307,316,297,313.25,313.25,311.1,37,740,224642,
543953,"Khazanchi Jewellers Limited",M,STK,732,732,716,719.75,719.95,741.95,58,17250,12538637,
543954,"Allcargo Terminals Limited",B,STK,22.81,23.5,22.27,23.49,23.5,24.03,182,45578,1051431,
543955,"Transindia Real Estate Limited",B,STK,23.58,24.48,22.05,24.03,24.03,23.84,35,5773,136652,
543956,"ICICI Prudential Mutual Fund",B,STK,20.23,20.29,19.96,20.29,20.29,20.67,43,1457,29300,
543957,"REDTAPE Limited",B,STK,116,116,110,114.6,115.65,118.25,413,15590,1769383,
543958,"VL E-Governance & IT Solutions",B,STK,15.34,15.34,13.8,14.21,14.21,14.63,212,11149,158178,
543959,"SBFC Finance Limited",A,STK,91.06,92.81,90.49,92.34,92.5,93.99,2970,175863,16109260,
543960,"Concord Biotech Limited",A,STK,1183.05,1190,1158.75,1177.3,1179,1206.3,597,4655,5453489,
543962,"D.P. WIRES LIMITED",B,STK,139.8,139.8,136.05,136.2,136.2,140.1,23,118,16113,
543963,"SHELTER PHARMA LIMITED",M,STK,31.1,31.1,31,31.05,31,33.2,2,6000,186300,
543965,"TVS Supply Chain Solutions Lim",T,STK,109.9,111,106.75,106.85,106.85,112.35,409,23134,2504683,
543969,"Pyramid Technoplast Limited",B,STK,149.5,151,145.35,145.85,145.75,149.4,64,980,144535,
543971,"Bondada Engineering Limited",M,STK,288.6,292,280,285.55,287,292.9,450,146200,41870060,
543972,"Aeroflex Industries Limited",B,STK,214.05,216.65,207.4,215.9,215,220.5,2065,91006,19308951,
543973,"HDFC Mutual Fund",F,STK,1051.18,1051.18,1051.18,1051.18,1051.18,1050.55,2,20,21023,
543974,"VISHNU PRAKASH R PUNGLIA LIMIT",B,STK,40.9,40.9,39.51,39.72,39.72,41.82,461,64561,2577788,
543975,"UTI Mutual Fund",B,STK,210.2,210.2,205.52,210.18,210.18,214.24,11,695,143385,
543976,"Shradha AI Technologies Limite",X,STK,30.18,30.18,27.63,28.42,28.5,29.78,244,16548,472396,
543977,"Rishabh Instruments Limited",B,STK,371.1,380.45,367,374.75,368,383.95,106,2025,751579,
543978,"Ratnaveer Precision Engineerin",B,STK,140.3,140.3,134.45,136.05,136.05,140.3,548,37309,5070765,
543980,"Jupiter Life Line Hospitals Li",A,STK,1254.5,1262.4,1227.7,1254.05,1255.2,1262,34,186,232543,
543981,"R R KABEL LIMITED",A,STK,1500,1510,1470,1490.65,1478.3,1527.5,1036,13000,19391800,
543982,"QUEST FLOW CONTROLS LIMITED",M,STK,145.5,147,140.95,144.5,144.25,151.85,61,31800,4526410,
543983,"EMS LIMITED",B,STK,262,266.05,256.95,257.9,257,270.25,488,12960,3380029,
543984,"Samhi Hotels Limited",A,STK,147,147.75,143.3,146.95,147,148.9,1020,78705,11489349,
543985,"ZAGGLE PREPAID OCEAN SERVICES",A,STK,218.25,222.1,212.3,216.5,216.5,227.05,1984,91188,19570106,
543986,"South West Pinnacle Exploratio",B,STK,191.4,205,182.4,198.5,199.85,189.25,499,40063,7912193,
543988,"Nuvama Wealth Management Limit",A,STK,1206.35,1217.95,1160,1206.15,1207.8,1225.8,3313,31525,37549590,
543989,"Sai Silks (Kalamandir) Limited",B,STK,103.95,103.95,100.3,103.2,103.2,104.45,455,32604,3317930,
543990,"SIGNATUREGLOBAL (INDIA) LIMITE",A,STK,885.15,885.15,861.55,874.15,879.3,902.75,580,17191,14975235,
543991,"TECHKNOWGREEN SOLUTIONS LIMITE",M,STK,112.5,112.5,112.5,112.5,112.5,114.4,2,1200,135000,
543992,"YATRA ONLINE LIMITED",B,STK,108.65,113.75,104,111.8,111.5,108.75,1393,101589,10974530,
543993,"ARCL Organics Ltd",X,STK,180.7,187.5,180.3,180.6,180.3,189.75,83,3552,643892,
543994,"JSW Infrastructure Limited",A,STK,260,264.05,254.1,263.25,262.2,268.4,3527,126359,32620696,
543995,"MANOJ VAIBHAV GEMS 'N' JEWELLE",B,STK,150,150,146,148.35,149.1,153.45,198,5176,769101,
543996,"Updater Services Limited",B,STK,150,150.3,146.5,149.35,149.8,153.8,221,5687,840679,
543997,"ORGANIC RECYCLING SYSTEMS LIMI",M,STK,230,231.1,230,231.05,231,233,9,5400,1247130,
543998,"Valiant Laboratories Limited",B,STK,58.15,58.15,52.74,53.52,56.64,54.04,72,1498,81230,
543999,"Mirae Asset Mutual Fund",A,STK,82.99,82.99,78.47,79.57,79.56,80.97,149,16414,1294970,
544001,"Sunita Tools Limited",M,STK,891.95,939.25,890.1,928.85,928.85,894.55,152,29875,27581718,
544003,"Plaza Wires Limited",B,STK,36.3,37.14,33.3,36.05,36.6,36.19,179,7542,267498,
544004,"IRM ENERGY LIMITED",B,STK,209.2,214,204.55,205.65,206.25,216.75,276,8539,1773340,
544006,"Mirae Asset Mutual Fund",B,STK,31.33,32.2,31.04,31.9,32.2,31.63,336,65007,2044075,
544007,"Mirae Asset Mutual Fund",B,STK,23.28,24.38,23.28,24.04,24.07,24.6,423,68769,1629938,
544008,"Max Estates Limited",B,STK,385,392.45,375.2,383.8,383.45,389.65,103,2452,937293,
544009,"Blue Jet Healthcare Limited",A,STK,375.7,379.1,360.1,375.65,375.9,385.8,971,23699,8725110,
544012,"Cello World Limited",A,STK,405.85,405.85,388,394.7,394.7,406,374,9569,3761081,
544014,"Honasa Consumer Limited",A,STK,284.15,288,278.05,287,288,290.65,2262,37740,10652972,
544020,"ESAF Small Finance Bank Ltd",B,STK,24.1,25.64,24.1,24.97,25.05,25.25,686,85433,2112359,
544021,"Protean eGov Technologies Limi",A,STK,538.9,540,523.7,530.5,533.3,541.05,1634,30932,16402287,
544022,"ASK Automotive Limited",B,STK,380.05,383.75,375.3,380.4,382.6,392.1,655,7896,2985752,
544023,"Kalyani Cast-Tech Limited",M,STK,469.2,498.5,466,497.35,498.5,500.2,40,11500,5656287,
544025,"Arrowhead Seperation Engineeri",M,STK,70.5,70.5,70,70,70,70.1,3,1800,126300,
544026,"Indian Renewable Energy Develo",A,STK,113.6,115,112.15,114.45,114.45,117.25,5341,616721,69973002,
544027,"Fedbank Financial Services Lim",B,STK,124.3,125.05,119.05,121.25,121.25,127.1,899,64149,7784377,
544028,"Tata Technologies Limited",A,STK,571.05,571.05,558.9,565.95,566.3,576.3,2533,48775,27492511,
544029,"Gandhar Oil Refinery (India) L",B,STK,134.2,134.2,126.5,127.8,128,134.5,597,25761,3337340,
544030,"Flair Writing Industries Limit",B,STK,308,308,298,298.1,302.35,314.3,209,8024,2402821,
544035,"Swashthik Plascon Limited",M,STK,21.05,21.45,20.7,21.3,21.3,21.99,19,30400,640256,
544036,"DEEPAK CHEMTEX LIMITED",M,STK,94.5,95,93,93,93,96.4,6,5600,526680,
544037,"Amic Forging Limited",M,STK,1364.95,1364.95,1300,1355.9,1353.9,1381.5,102,13800,18410815,
544042,"Bajel Projects Limited",B,STK,145.45,148.5,138.5,147.6,146,145.55,214,9316,1330823,
544043,"BARODA BNP PARIBAS MUTUAL FUND",E,STK,153.11,155.46,152.11,152.76,152.76,153.7,6,24,3689,
544044,"India Shelter Finance Corporat",A,STK,666.05,686.95,651.55,681.35,681.75,688.6,494,8290,5518958,
544045,"DOMS Industries Limited",A,STK,2060.05,2083.55,2023.25,2056.45,2063.5,2096.75,1151,7995,16350757,
544046,"INOX India Limited",A,STK,1157.3,1175.35,1132,1160.45,1155.6,1180.6,836,6209,7141361,
544047,"Siyaram Recycling Industries L",M,STK,40.27,41,38.52,39.29,39.3,43.49,145,244500,9690780,
544053,"Motisons Jewellers Limited",B,STK,14,14.1,13.5,13.64,13.55,14.32,485,130848,1795584,
544054,"Suraj Estate Developers Limite",B,STK,200,209.95,195,208,207.5,207,256,22219,4529617,
544055,"Muthoot Microfin Limited",B,STK,158.4,158.4,149.2,153.15,153.5,158.35,277,9101,1383580,
544056,"Sahara Maritime Limited",M,STK,15.26,15.26,15.26,15.26,15.26,15.26,1,3200,48832,
544057,"Happy Forgings Limited",B,STK,1235.05,1235.05,1195.6,1217.8,1222,1251.5,314,1758,2124711,
544058,"Credo Brands Marketing Limited",B,STK,71.06,83,71.06,81.87,83,82.99,333,16316,1285866,
544059,"SHANTI SPINTEX LIMITED",M,STK,59,59,57,57,57,63,2,4000,232000,
544060,"RBZ Jewellers Limited",B,STK,119,122,115.35,120.6,121.05,120.55,161,6606,777788,
544061,"Azad Engineering Limited",A,STK,1592.05,1613.5,1560,1603.55,1603.55,1611.35,2351,21904,34747940,
544066,"SUNDARAM-CLAYTON LIMITED",B,STK,1302.05,1307.5,1279.5,1289.6,1289.5,1334.4,83,233,301110,
544067,"INNOVA CAPTAB LIMITED",B,STK,674,684.6,656,677.65,675.9,678.5,152,1795,1212159,
544074,"Shri Balaji Valve Components L",M,STK,82,87,81.75,86.64,87,81.5,19,13200,1122648,
544079,"DIGIDRIVE DISTRIBUTORS LIMITED",B,STK,20.51,22.25,20.2,20.4,20.42,20.51,31,9546,193388,
544081,"Jyoti CNC Automation Limited",A,STK,787.65,788,761.95,772.55,771.5,801.2,1068,72956,56073049,
544082,"New Swan Multitech Limited",M,STK,43.4,45.95,43.25,44.99,44.99,44.05,6,66000,2885480,
544083,"Shree Marutinandan Tubes Limit",M,STK,55.95,55.95,51,51,51,57.3,20,11000,588075,
544088,"Medi Assist Healthcare Service",A,STK,318.05,318.05,297.75,299.7,300,323.8,1434,42985,13078104,
544089,"Zerodha Mutual Fund",F,STK,113.05,113.07,113.05,113.06,113.06,113.05,953,1795763,203017450,
544090,"Sayaji Hotels (Pune) Limited",X,STK,999.9,999.9,778,858,858,841.9,16,148,133766,
544091,"Qualitek Labs Limited",M,STK,324,328,320,320,320,328,17,6800,2189200,
544092,"Bajaj Finserv Mutual Fund",B,STK,243.69,245.18,242.5,245.18,245.18,250.18,27,5366,1307870,
544093,"Bajaj Finserv Mutual Fund",B,STK,56.84,58.77,55.66,56.99,57,58.77,173,6072,343300,
544095,"EPACK Durable Limited",A,STK,235,237,228.15,234.45,235.2,238.25,626,22943,5344996,
544100,"Nova Agritech Limited",B,STK,27.01,28.22,27,27.51,27.5,27.76,159,19315,530266,
544101,"Brisk Technovision Limited",M,STK,70,73.5,70,71,71,69.52,5,4000,287208,
544102,"UTI Mutual Fund",B,STK,314.02,314.02,314.02,314.02,314.02,314.02,11,75,23551,
544105,"HARSHDEEP HORTICO LIMITED",M,STK,88,88,86,88,88,89,5,7500,651900,
544106,"Mayank Cattle Food Limited",M,STK,160,160,159.4,159.4,159.4,160,2,1200,191640,
544107,"BLS E-Services Limited",B,STK,128,131,124.25,128.2,129.2,132.3,687,31942,4021193,
544109,"DSP Mutual Fund",B,STK,147.76,149.32,147.76,149.32,149.32,149.8,4,27,4023,
544110,"HDFC Mutual Fund",B,STK,89.46,92,86.38,89.14,89.23,92.7,194,12296,1082682,
544111,"Apeejay Surrendra Park Hotels",B,STK,118.4,118.4,114.7,115.25,115.6,118.6,319,12623,1459195,
544112,"JASCH GAUGING TECHNOLOGIES LIM",X,STK,488,494.95,464.95,488.45,494.95,489.05,29,649,312413,
544117,"Signpost India Limited",B,STK,232.1,232.1,224.7,230.4,230.2,238.65,54,1111,252914,
544118,"JANA SMALL FINANCE BANK LIMITE",A,STK,345,349.2,333.75,342.65,337.8,349.25,464,27977,9491355,
544119,"Rashi Peripherals Limited",B,STK,341.05,354.8,325,351.5,354.8,351.15,273,6598,2278151,
544120,"Capital Small Finance Bank Ltd",B,STK,264.85,264.85,247.75,249,249,254.1,69,495,123698,
544121,"Rudra Gas Enterprise Limited",M,STK,60,60.5,60,60.5,60.5,60,4,9000,543000,
544122,"Entero Healthcare Solutions Li",B,STK,1039.95,1054.6,1004.45,1030.95,1039.8,1046.45,262,2438,2520576,
544123,"LIC Mutual Fund",B,STK,58.5,59.35,55.81,56.76,56.75,58.19,43,1784,100782,
544124,"VIBHOR STEEL TUBES LIMITED",B,STK,107.55,110,106,109.85,110,112.2,225,3809,409798,
544129,"Juniper Hotels Limited",B,STK,204.1,206.05,199.95,203.35,206.05,209.55,121,3629,731844,
544130,"Mirae Asset Mutual Fund",B,STK,39.72,41.75,39.28,39.91,40.28,40.74,2094,561293,22238064,
544131,"GPT Healthcare Limited",B,STK,123,124.75,118.2,121.2,122,125.35,180,8676,1050829,
544132,"Zerodha Mutual Fund",E,STK,25.39,25.39,24.75,25,25,24.85,1566,852840,21248441,
544133,"EXICOM TELE-SYSTEMS LIMITED",B,STK,87.99,87.99,83.5,83.82,85,88.28,296,18711,1590869,
544134,"Platinum Industries Limited",B,STK,200,207.35,200,206.8,207.35,205.95,153,2921,596767,
544135,"Mukka Proteins Limited",B,STK,21.2,21.89,21.15,21.58,21.89,22.06,93,5360,114807,
544136,"R K Swamy Limited",B,STK,98.11,101.75,95,95.82,96,98.51,318,19068,1845550,
544137,"Indus Infra Trust",IF,STK,125.95,125.95,121.8,122.89,123.71,123.19,194,6173,760870,
544138,"J.G.Chemicals Limited",B,STK,360,360,349.5,351.9,356.3,369.7,250,3837,1351828,
544139,"KOURA FINE DIAMOND JEWELRY LIM",M,STK,38.3,38.3,38.2,38.2,38.2,38.3,3,6000,229400,
544140,"Gopal Snacks Limited",B,STK,287.05,287.05,282.05,283.75,283,294.6,211,4853,1376036,
544141,"Pune E - Stock Broking Limited",M,STK,225.9,226,220,222.35,221,224.2,22,141600,31811720,
544142,"Shipping Corporation of India",B,STK,42.86,43.7,42.07,42.79,43.01,43.48,435,134241,5754939,
544143,"Royal Sense Limited",M,STK,154.55,158.05,154,158.05,158.05,156.7,6,3000,468600,
544144,"Popular Vehicles and Services",B,STK,92.4,95.69,85.39,92.73,94.88,92.43,168,7807,695928,
544149,"KRYSTAL INTEGRATED SERVICES LI",B,STK,585,586.55,564.8,577.9,577,603.25,159,1251,719965,
544150,"KP GREEN ENGINEERING LIMITED",M,STK,330,339.45,327.05,337.25,337.6,347,253,89750,29819550,
544151,"CHATHA FOODS LIMITED",M,STK,75,75,74,74,74,75.03,11,16000,1188790,
544156,"Gconnect Logitech and Supply C",M,STK,18.41,18.41,18.41,18.41,18.41,19.37,4,6000,110460,
544157,"Vruddhi Engineering Works Limi",M,STK,199,200,199,199.25,200,196.2,3,2000,398500,
544158,"SRM CONTRACTORS LIMITED",B,STK,405.55,408.45,386.4,391.5,396.65,407.2,779,16411,6450288,
544159,"DSP BSE Liquid Rate ETF",F,STK,1116.55,1116.57,1116.55,1116.56,1116.55,1116.43,21,8712,9727477,
544160,"Jay Kailash Namkeen Limited",M,STK,15,16.69,15,16.69,16.69,15.24,6,9600,147792,
544161,"D P ABHUSHAN LIMITED",B,STK,1015.75,1018.05,890,1010.1,1015.1,1010.5,108,2266,2160716,
544162,"Bharti Hexacom Limited",A,STK,1600.05,1600.05,1560.45,1581.15,1583.9,1604.6,279,1133,1787695,
544163,"Greenhitech Ventures Limited",M,STK,80,80,80,80,80,81,2,2000,160000,
544164,"Faalcon Concepts Limited",M,STK,34.81,41.51,34.81,41.51,41.51,42.38,2,4000,152640,
544165,"SHIVAM CHEMICALS LIMITED",MT,STK,103,105.5,101,103.75,105.5,100.5,17,36000,3735000,
544166,"EMMFORCE AUTOTECH LIMITED",M,STK,113,128,113,123.45,123.45,129.9,25,32400,3950340,
544167,"JNK India Limited",B,STK,224.05,229.8,218.6,225.3,223.05,230.5,258,12894,2891043,
544168,"VARYAA CREATIONS LIMITED",M,STK,24.02,24.02,24.02,24.02,24.02,30,1,3000,72060,
544171,"Storage Technologies and Autom",M,STK,35,36.6,35,36,36,37.53,7,6400,228600,
544172,"Indegene Limited",A,STK,452.05,458.9,445.5,452.5,455,459.35,1084,19504,8781014,
544173,"Finelistings Technologies Limi",M,STK,14.5,14.5,13.85,13.88,13.85,14.5,4,4000,56250,
544174,"TBO TEK LIMITED",A,STK,1174.25,1200.7,1129.75,1189.2,1192.9,1187.15,802,6851,7975061,
544175,"TGIF AGRIBUSINESS LIMITED",M,STK,90,90,90,90,90,91.5,1,1200,108000,
544176,"Aadhar Housing Finance Limited",A,STK,446.65,499.95,442.9,485.1,485.1,455,1898,52459,24624225,
544177,"Aztec Fluids & Machinery Limit",M,STK,95.48,95.48,90.55,90.55,90.55,94.25,6,6000,548510,
544179,"Go Digit General Insurance Lim",A,STK,323,344.7,318.3,332.65,342.7,334.35,429,22795,7348867,
544180,"Mirae Asset Mutual Fund",B,STK,44.99,45.47,44.66,45.45,45.45,46.07,157,33666,1517509,
544181,"Awfis Space Solutions Limited",A,STK,264.95,264.95,250.75,254.15,253.25,266,730,22402,5733057,
544182,"Bajaj Finserv Mutual Fund",F,STK,1072.08,1072.1,1072.08,1072.1,1072.1,1071.98,14,764,819069,
544183,"Associated Coaters Limited",M,STK,96.85,96.85,96.85,96.85,96.85,101.9,1,500,48425,
544184,"Borosil Scientific Limited",B,STK,97.25,108.55,97.25,107.35,107.35,103.15,1071,31702,3199080,
544185,"ADTECH SYSTEMS LIMITED",X,STK,51.79,51.79,47,49.88,49.89,50.86,55,3365,167229,
544186,"Forbes Precision Tools and Mac",X,STK,129,129,122.55,123.75,123.05,125.35,76,9044,1114114,
544187,"KRONOX LAB SCIENCES LIMITED",B,STK,113,113.65,105.1,109.6,110,114.3,63,2741,295411,
544189,"SATTRIX INFORMATION SECURITY L",MT,STK,399,399,390,390,390,399,7,3500,1378250,
544190,"3C IT Solutions and Telecoms (",MT,STK,18.8,18.8,18.8,18.8,18.8,18.8,1,2000,37600,
544191,"Purple Finance Limited",X,STK,55.8,56.88,55.16,55.16,55.16,58.06,165,107757,5954962,
544192,"Le Travenues Technology Limite",A,STK,164.25,168.45,163.3,167.8,168.15,170.15,1035,40826,6794386,
544193,"Zerodha Mutual Fund",B,STK,10.35,10.55,10.11,10.4,10.3,10.62,1242,315352,3250285,
544194,"Zerodha Mutual Fund",B,STK,10,10.45,10,10.3,10.39,10.51,578,113894,1166771,
544195,"United Cotfab Limited",M,STK,17,17,16.5,16.5,16.5,16.95,2,4000,67000,
544196,"BARODA BNP PARIBAS MUTUAL FUND",B,STK,59,59,55.95,56.46,56.46,58.3,37,787,44734,
544197,"JHS SVENDGAARD RETAIL VENTURES",B,STK,21,23.44,20.11,22,21,21.7,9,704,14249,
544198,"DEE DEVELOPMENT ENGINEERS LIMI",B,STK,271.45,306.35,266.1,299.55,297.75,278.5,9339,744740,220514688,
544199,"GEM Enviro Management Limited",M,STK,39,39.99,38.42,38.6,38.42,40.44,22,21600,842968,
544200,"Akme Fintrade (India) Limited",T,STK,7.91,7.91,7.7,7.91,7.91,7.54,348,580731,4574763,
544201,"DINDIGUL FARM PRODUCT LIMITED",M,STK,12.01,12.01,11.45,11.46,11.46,12.01,6,12000,139860,
544202,"STANLEY LIFESTYLES LIMITED",B,STK,144.35,150,143,145.95,146.2,151,326,9232,1337734,
544203,"Allied Blenders and Distillers",A,STK,470,470,453.6,460.65,459.8,474.3,466,8488,3878868,
544204,"VRAJ IRON AND STEEL LIMITED",B,STK,116.9,117.5,112.3,113.9,114,116.95,60,1949,222691,
544205,"National Peroxide Limited",X,STK,404,416,385,389.5,389.5,415.3,135,3748,1489883,
544206,"SBI Mutual Fund",E,STK,250.11,254.35,248.8,252.63,252.66,252.69,1997,154098,38781999,
544207,"Reliable Data Services Limited",B,STK,117.45,124.4,117.45,122.15,124.4,125.65,59,1544,187747,
544209,"Bansal Wire Industries Limited",B,STK,246,247.7,239,245.9,243.95,251.15,82,1125,272211,
544210,"Emcure Pharmaceuticals Limited",A,STK,1410.3,1556.25,1395,1519.85,1519.85,1414.8,10320,202480,307181837,
544212,"Mirae Asset Mutual Fund",B,STK,29.04,29.05,28.18,28.85,28.86,29.67,289,19321,553383,
544213,"AELEA COMMODITIES LIMITED",M,STK,127,128.9,123,126.05,128.9,129.95,31,26400,3327870,
544214,"THREE M PAPER BOARDS LIMITED",M,STK,25,26.5,25,26.5,26.5,28.99,2,4000,103000,
544215,"SBI Mutual Fund",B,STK,33.48,33.48,31.3,32.12,32.17,32.67,111,12257,395862,
544216,"ICICI Prudential Mutual Fund",B,STK,11.9,11.94,11.53,11.69,11.69,11.97,1682,741273,8649426,
544217,"SANSTAR LIMITED",B,STK,81.48,86.81,79.39,85.48,85.14,84.7,391,23590,1973473,
544218,"Aditya Birla Sun Life Mutual F",B,STK,10.48,10.67,10.27,10.39,10.38,10.81,120,10990,114688,
544219,"VVIP Infratech Limited",M,STK,108.95,108.95,100.4,100.7,100.4,109.05,17,12000,1251330,
544220,"Clinitech Laboratory Limited",M,STK,35.35,35.35,35.2,35.2,35.2,44,6,7200,253632,
544222,"Akums Drugs and Pharmaceutical",B,STK,469.15,480.85,456.95,479.6,479,476.1,679,13914,6527716,
544223,"Ceigall India Limited",B,STK,260.05,273.9,260.05,271.05,272.35,278.15,388,9625,2586490,
544224,"Afcom Holdings Limited",M,STK,779,779,719,749.35,749.35,800.9,1142,250200,184977816,
544225,"Ola Electric Mobility Limited",A,STK,23.88,23.88,23.02,23.26,23.26,24.04,4136,2609241,60721343,
544226,"Brainbees Solutions Limited",A,STK,213.85,213.85,208.7,210.45,211.5,214.45,1038,47943,10085992,
544227,"UNICOMMERCE ESOLUTIONS LIMITED",B,STK,98.1,98.1,94.5,96.15,96.45,99.65,392,37651,3590106,
544229,"ICICI Prudential Mutual Fund",B,STK,11.99,12.04,11.59,11.74,11.74,12.05,3140,1402942,16402667,
544230,"SARASWATI SAREE DEPOT LIMITED",B,STK,59.11,60.44,58.51,58.92,58.92,59.87,38,1283,75786,
544231,"BROACH LIFECARE HOSPITAL LIMIT",M,STK,14.5,17.39,14.5,17.39,17.39,14.5,2,12000,191340,
544232,"Interarch Building Solutions L",B,STK,1711,1775.5,1692.75,1730.9,1746,1798.8,766,17794,30862527,
544233,"Mahalaxmi Fabric Mills Limited",B,STK,22,23.55,21.61,22.27,22.27,22,11,2895,63507,
544234,"Globale Tessile Limited",B,STK,10.75,11,10.5,11,11,10.88,16,1022,10754,
544235,"Orient Technologies Limited",B,STK,251.25,263.75,251.25,258.75,262.1,270.4,1085,27435,7052736,
544236,"Resourceful Automobile Limited",M,STK,35.5,35.5,35.4,35.4,35.4,35.5,3,6000,212760,
544238,"Premier Energies Limited",A,STK,705.35,725,700,721.1,722.8,722.95,1626,25224,17913715,
544239,"ECOS (India) Mobility & Hospit",B,STK,129.55,137.55,124.85,135.8,135.05,131.45,550,22124,2872782,
544240,"Raymond Lifestyle Limited",A,STK,805.5,831.4,798.65,802.75,800.55,808.4,774,8345,6768232,
544241,"Mirae Asset Mutual Fund",B,STK,15.88,15.88,15.06,15.32,15.3,15.63,220,147138,2231527,
544242,"Travels & rentals Limited",M,STK,16.12,16.12,16.12,16.12,16.12,16.96,5,15000,241800,
544243,"Baazar Style Retail Limited",B,STK,271.6,275.6,259.3,266.75,266.3,281.4,499,12229,3244731,
544244,"Gala Precision Engineering Lim",B,STK,706.45,719.55,700.55,703.4,702.95,708.75,38,500,354593,
544245,"Naturewings Holidays Limited",M,STK,82,82,82,82,82,74.99,1,1600,131200,
544246,"Revathi Equipment India Limite",B,STK,626,626,626,626,626,632.5,1,1,626,
544247,"DSP Mutual Fund",B,STK,89.59,91.35,88.53,89.88,91.35,92.19,174,72192,6442865,
544248,"MACH CONFERENCES AND EVENTS LI",MT,STK,114.95,117,109.3,112.05,116,115.05,35,26400,2951520,
544249,"SHREE TIRUPATI BALAJEE AGRO TR",B,STK,27.06,27.06,25.4,26.53,26.53,26.94,54,5728,150448,
544250,"Sanofi Consumer Healthcare Ind",A,STK,4230.05,4490,4209.25,4430.5,4490,4411.85,379,1520,6644366,
544251,"Share Samadhan Limited",M,STK,38.01,44,38.01,44,44,44.21,2,3200,131216,
544252,"Bajaj Housing Finance Limited",A,STK,82.21,84,81.5,82.83,82.83,84.18,13192,1178659,96848372,
544253,"Kross Limited",B,STK,189.95,190,181,184.35,184.4,191.2,495,7666,1405121,
544254,"Tolins Tyres Limited",B,STK,104.1,104.1,97.7,98.95,99.95,104.45,499,15178,1515247,
544256,"P N GADGIL JEWELLERS LIMITED",B,STK,530,535.5,518,532.35,535.5,540.8,436,5123,2703001,
544258,"Western Carriers (India) Limit",B,STK,102.95,102.95,97.7,98.1,98.5,103.5,216,4329,429032,
544259,"POPULAR FOUNDATIONS LIMITED",M,STK,30,31.4,29,31.4,31.4,31.4,3,9000,271200,
544260,"Northern Arc Capital Ltd.",A,STK,239.2,239.2,227,232.55,234.25,239.85,585,20188,4654102,
544261,"ARKADE DEVELOPERS LIMITED",B,STK,108,111.15,105,107.3,107,110.5,371,21374,2292419,
544262,"Manba Finance Limited",B,STK,116.75,116.75,110.65,112.9,116.75,116.75,51,2180,244336,
544263,"KRN HEAT EXCHANGER AND REFRIGE",A,STK,922.95,939.2,882.3,918.2,916,926.35,2294,62806,57116043,
544264,"Diffusion Engineers Limited",B,STK,247.3,255.6,244.05,252.45,255.6,254.75,135,6292,1557096,
544266,"Mirae Asset Mutual Fund",B,STK,88.2,88.87,86.4,88.5,88.77,92.38,90,16056,1406632,
544267,"SUBAM PAPERS LIMITED",M,STK,170,177,170,174.7,177,174,6,4800,834720,
544268,"Mirae Asset Mutual Fund",B,STK,11.85,11.99,11.58,11.73,11.76,12.06,1860,1865292,21913374,
544269,"NEOPOLITAN PIZZA AND FOODS LIM",M,STK,8.44,8.5,8.44,8.5,8.5,8.88,7,48000,406560,
544270,"Khyati Global Ventures Limited",M,STK,46,46,44,44,44,44,2,3600,163200,
544271,"Garuda Construction and Engine",B,STK,158,169.45,155.05,165.25,165.25,164.7,1094,48990,7870339,
544272,"SHIV TEXCHEM LIMITED",M,STK,123,125.05,115,125.05,125.05,119.1,45,21200,2610520,
544273,"MANGALAM GLOBAL ENTERPRISE LIM",B,STK,9.76,10,9.51,9.95,9.98,9.99,74,8268,81376,
544274,"HYUNDAI MOTOR INDIA LIMITED",A,STK,2050,2094.2,2009,2086.2,2080.5,2089.35,4379,63760,129401847,
544275,"ICICI Prudential Mutual Fund",B,STK,15.39,15.88,15.01,15.36,15.38,15.84,274,76512,1164240,
544276,"Deepak Builders and Engineers",B,STK,71,73,69.64,70.38,70.13,72.81,104,2762,194703,
544277,"Waaree Energies Limited",A,STK,2577.1,2604.95,2540,2598.3,2598.3,2629.45,10309,111579,286381400,
544278,"OCCL Limited",B,STK,80.01,84.5,77.27,78,77.28,82.99,179,4651,368168,
544279,"Godavari Biorefineries Limited",B,STK,286,292.5,277.25,278.95,280,292.35,767,40298,11378739,
544280,"Afcons Infrastructure Limited",A,STK,275.65,278.8,271.65,277.9,278.8,282.85,760,27710,7633846,
544281,"A B INFRABUILD LIMITED",B,STK,17.08,18.8,17.08,17.38,17.44,17.42,392,107586,1893659,
544282,"Sagility Limited",A,STK,38.13,39.56,37.26,39.02,39.02,39.22,8198,2039618,77456953,
544283,"ACME Solar Holdings Limited",A,STK,229.1,229.1,218.35,220.2,220,228.2,753,26767,5900879,
544284,"Mirae Asset Mutual Fund",F,STK,1075.72,1075.72,1075.7,1075.7,1075.7,1075.57,14,15540,16716678,
544285,"SWIGGY LIMITED",A,STK,294.65,303,291.15,301.4,301.4,301.7,11862,398580,118391732,
544286,"NIVA BUPA HEALTH INSURANCE COM",A,STK,69.72,71,67.97,70.07,70.35,71.51,626,29577,2049159,
544287,"Mangal Compusolution Limited",M,STK,47.25,47.25,47.25,47.25,47.25,47.51,1,3000,141750,
544288,"BlackBuck Limited",A,STK,576.35,576.35,546.75,564.75,564.75,586.7,2336,35682,19845820,
544289,"NTPC GREEN ENERGY LIMITED",A,STK,86,86.95,85,86.37,86.37,87.97,5892,457788,39178690,
544290,"ENVIRO INFRA ENGINEERS LIMITED",A,STK,139.6,140,135,136.85,137.85,141,1666,68722,9394746,
544291,"RAJESH POWER SERVICES LIMITED",M,STK,889.95,895,850,890.1,890.1,906.35,290,45200,39280980,
544292,"Onesource Specialty Pharma Lim",A,STK,1410.2,1519.25,1410.2,1515,1510,1480.9,1298,95694,144254007,
544293,"SURAKSHA DIAGNOSTIC LIMITED",B,STK,245.3,263.8,245.3,254.6,251.5,259.25,82,1502,384411,
544294,"Rossell Techsys Limited",B,STK,700,722,675.8,690.8,690.8,725.15,267,3131,2155374,
544295,"Property Share Investment Trus",IF,STK,1055500,1055500,1054500,1054750,1055000,1029500,3,3,3165000,
544296,"NISUS FINANCE SERVICES CO LIMI",M,STK,199,199,174,177.55,176.3,206.2,289,234000,43383380,
544301,"Odigma Consultancy Solutions L",B,STK,23,24.93,23,23.68,24,24.93,206,4865,115474,
544305,"One Mobikwik Systems Limited",B,STK,179.15,181.45,175.05,180.7,181,182.6,864,46277,8236185,
544306,"Sai Life Sciences Limited",A,STK,1036.95,1036.95,996.6,1016.35,1010.4,1036.9,10746,63001,63601213,
544307,"Vishal Mega Mart Limited",A,STK,107.6,110,105.6,108.3,108.3,111.95,9188,864316,92673669,
544308,"Hilltone Software and Gases Lt",X,STK,50.01,53.5,50.01,53,53,52.39,17,25836,1381276,
544309,"INVENTURUS KNOWLEDGE SOLUTIONS",A,STK,1297.7,1314.9,1282.6,1310.95,1307,1327.85,707,37927,49659704,
544310,"Yash Highvoltage Limited",M,STK,445.4,483.35,444,476.55,477.9,466.4,229,67750,31331412,
544311,"International Gemmological Ins",A,STK,333.95,335,323.55,332.45,333.85,335.3,1132,36498,11992778,
544313,"NACDAC Infrastructure Limited",M,STK,25.41,25.41,23.72,24.32,24.89,23.25,4,16000,391080,
544314,"Sanathan Textiles Limited",B,STK,398,400.85,380,397.45,397.45,406.1,28,328,129950,
544315,"Concord Enviro Systems Limited",B,STK,264.05,270.1,248.3,249.6,250,270.1,571,14396,3658524,
544316,"DAM Capital Advisors Limited",B,STK,131.05,133.9,128.5,130.75,131.4,136.55,1366,266579,34747697,
544317,"Transrail Lighting Limited",A,STK,506,506,489.8,503.4,504.25,515.25,1147,24567,12206396,
544318,"MAMATA MACHINERY LIMITED",B,STK,388.9,394.05,383.55,387.45,387.45,403.75,321,7510,2924311,
544319,"SENORES PHARMACEUTICALS LIMITE",B,STK,731.75,746.15,718,742.6,746.15,751.25,462,10122,7361590,
544320,"CARRARO INDIA LIMITED",B,STK,501.85,501.85,470.7,476.4,470.7,504.1,373,4105,1973881,
544321,"Ventive Hospitality Limited",B,STK,690,690,674.55,683.5,689,694.9,275,2738,1867003,
544322,"Unimech Aerospace and Manufact",B,STK,889.95,889.95,856,870.6,878,891.55,374,5768,5023299,
544323,"Mirae Asset Mutual Fund",B,STK,10.34,10.5,10.3,10.49,10.49,10.72,100,43429,450834,
544324,"Citichem India Limited",M,STK,16,16,16,16,16,17,1,2000,32000,
544325,"ITC Hotels Limited",A,STK,164.05,165.1,160.5,164.45,164.45,166.8,3290,194385,31577926,
544326,"Edelweiss Mutual Fund",B,STK,22.82,23.08,22.59,23.07,23.08,23.28,132,8087,184537,
544327,"TECHNICHEM ORGANICS LIMITED",M,STK,45,45,44,44,44,45,4,10000,442000,
544328,"INDO FARM EQUIPMENT LIMITED",B,STK,123.85,125,122,123.65,123.4,128.45,372,27774,3414945,
544329,"LEO DRYFRUITS & SPICES TRADING",M,STK,49,53.9,49,53.75,53.75,53.68,7,38000,2011100,
544330,"PARMESHWAR METAL LIMITED",M,STK,118.8,118.8,118,118,118,120.25,2,4000,473600,
544332,"FABTECH TECHNOLOGIES CLEANROOM",M,STK,250,260.1,250,254.05,250,260.1,16,17600,4529500,
544333,"STANDARD ENGINEERING TECHNOLOG",B,STK,120,120,116.55,118.2,118.3,120.8,167,9931,1173630,
544334,"Indobell Insulations Limited",M,STK,62.25,62.3,62.25,62.3,62.3,62.25,3,3000,186825,
544335,"B.R.GOYAL INFRASTRUCTURE LIMIT",M,STK,93.69,99,93.65,96.51,96.5,97.17,12,14000,1354470,
544336,"Quadrant Future Tek Limited",B,STK,286.6,286.6,276.8,279.85,278.1,290.15,414,12415,3478653,
544338,"Capital Infra Trust",IF,STK,68.45,70,68.45,69.62,70,69.5,981,44534,3083893,
544339,"Laxmi Dental Limited",B,STK,180,180,173,173.85,174.2,182.5,291,8814,1541117,
544340,"Rikhav Securities Limited",M,STK,40.5,40.99,34,40.99,40.99,40.8,30,64000,2551648,
544341,"LANDMARK GLOBAL LEARNING LIMIT",M,STK,23.5,25,23.05,24.43,25,24.4,14,56000,1311888,
544342,"Stallion India Fluorochemicals",B,STK,102.9,102.9,102.9,102.9,102.9,108.3,150,4511,464181,
544343,"CAPITALNUMBERS INFOTECH  LIMIT",M,STK,83.15,87,83.15,86.88,86.86,87.5,26,19600,1680292,
544344,"SHRIRAM PISTONS & RINGS LTD",A,STK,2900,2901.45,2783,2815.1,2812,2928.3,873,5166,14521303,
544345,"Denta Water and Infra Solution",B,STK,225.1,228.3,222.5,225.1,225.1,232.25,450,16408,3683813,
544346,"RDB Real Estate Constructions",XT,STK,139.95,140,133,139.65,139.65,140,15,128,17698,
544347,"CLN ENERGY LIMITED",M,STK,311,311,311,311,311,325,1,200,62200,
544348,"GB Logistics Commerce Limited",M,STK,38.8,38.8,38.8,38.8,38.8,39.03,1,1200,46560,
544349,"H.M. ELECTRO MECH LIMITED",M,STK,46.12,48.4,44.1,44.33,44.25,46.12,10,33600,1593568,
544350,"Dr. Agarwal's Health Care Limi",A,STK,434.4,451.2,433.2,448.85,445.65,441.7,228,2993,1314281,
544351,"MALPANI PIPES AND FITTINGS LIM",M,STK,70,70,70,70,70,68.82,2,3200,224000,
544352,"DSP Mutual Fund",B,STK,39.53,39.86,39.29,39.86,39.86,40.37,11,9600,378498,
544353,"Amwill Health Care Limited",M,STK,34.41,35.99,34,35,35,35.85,7,8400,291960,
544354,"SOLARIUM GREEN ENERGY LIMITED",M,STK,145.4,146,142,142,142,149.4,30,12600,1814580,
544355,"Jubilant Agri and Consumer Pro",B,STK,1787.9,1833.9,1750.05,1777.85,1750.05,1838,100,422,763270,
544356,"AJAX Engineering Limited",B,STK,481.45,485.45,470.25,479.55,481,490.8,424,3221,1531977,
544361,"COVANCE SOFTSOL LIMITED",XT,STK,171.3,171.3,171.3,171.3,171.3,171.3,47,18523,3172989,
544362,"Hexaware Technologies Limited",A,STK,452.5,458.3,444.65,456.95,457.7,459.9,4682,38915,17641351,
544363,"UNION MUTUAL FUND",E,STK,151.22,156.78,151.22,155.15,153.96,155.1,21,184,28569,
544364,"Indef Manufacturing Limited",B,STK,221.1,228.95,210,218.9,218.7,230.85,77,618,135577,
544365,"SHANMUGA HOSPITAL LIMITED",M,STK,36.51,36.9,35.4,36.9,36.9,39,11,54000,1937340,
544366,"L.K.MEHTA POLYMERS LIMITED",M,STK,42,42,42,42,42,42,1,1600,67200,
544367,"QUALITY POWER ELECTRICAL EQUIP",B,STK,818.95,818.95,782,795.6,797,832.3,914,19543,15521831,
544368,"Swasth Foodtech India Limited",M,STK,15.36,16.85,15.36,16.85,16.85,16.9,8,9600,150132,
544369,"Beezaasan Explotech Limited",M,STK,203.6,207,200,205,205,206.9,29,32800,6687760,
544371,"VIKRAM AROMA LIMITED",X,STK,58,67,58,60.5,60.5,61.66,38,299,18308,
544373,"NAPS Global India Limited",M,STK,38,38,38,38,38,38,1,1600,60800,
544375,"360 ONE Mutual Fund",E,STK,155.35,155.35,152.71,154.66,154.6,153.64,86,1836,283751,
544376,"Mirae Asset Mutual Fund",B,STK,40.12,40.41,39.34,40.36,40.41,40.93,21,250,9980,
544377,"Mirae Asset Mutual Fund",B,STK,12.59,12.69,12.54,12.69,12.69,12.99,19,1759,22202,
544378,"PDP Shipping & Projects Limite",M,STK,61.5,61.5,61.5,61.5,61.5,56.52,3,3000,184500,
544379,"Prabha Energy Limited",B,STK,160,165.55,148,152.9,152.9,159,110,4099,617047,
544380,"ICICI Prudential Mutual Fund",F,STK,1052.63,1052.63,1052.63,1052.63,1052.63,1052.1,5,4226,4448414,
544381,"Super Iron Foundry Limited",M,STK,31,34,31,31.8,31.8,33.3,18,27600,875748,
544382,"Axis Mutual Fund",B,STK,32.97,33.04,30.63,32.32,33.04,33.31,132,71752,2260106,
544383,"PARADEEP PARIVAHAN LIMITED",M,STK,145,152,145,149.6,151,156.85,24,31200,4632360,
544384,"Zerodha Mutual Fund",E,STK,25.75,26.47,25.75,26.19,26.17,26.17,2343,1149264,30003264,
544385,"SBI Mutual Fund",B,STK,52.77,53.5,49.75,51.41,53.5,52.99,138,7356,372019,
544386,"Spectrum Electrical Industries",B,STK,1360,1360,1360,1360,1360,1415.1,2,10,13600,
544387,"Desco Infratech Limited",M,STK,153,153,150.2,152.25,152.75,153,10,5500,838475,
544388,"Identixweb Limited",M,STK,76,85,74,82.49,80,74.24,32,76000,6043320,
544389,"360 ONE Mutual Fund",E,STK,254.1,254.77,249.03,253.61,253.37,252.64,182,3373,853555,
544390,"Siemens Energy India Limited",B,STK,2879.85,2937.75,2823.3,2883.7,2891,2920.1,2937,21531,61745529,
544392,"SPINAROO COMMERCIAL LIMITED",MT,STK,68,68.2,66,67.8,67.8,65,4,8000,540000,
544393,"INFONATIVE SOLUTIONS LIMITED",M,STK,26.26,26.98,25.64,26.31,26.98,26.25,4,6400,167232,
544394,"ICICI Prudential Mutual Fund",B,STK,30.34,30.34,28.21,28.91,28.85,29.6,252,8686,249864,
544395,"STL Networks Limited",B,STK,19.11,19.28,18.4,18.61,18.61,19.43,595,139303,2598009,
544396,"Network People Services Techno",B,STK,1056.9,1056.9,1003.05,1021.6,1029,1056.9,172,1464,1485982,
544397,"Ather Energy Limited",B,STK,653.05,684.35,650.35,681.25,679.85,672.35,2661,77685,51552169,
544398,"Kenrik Industries Limited",M,STK,8.19,9.05,8.19,9.05,9.05,8.62,4,24000,209040,
544401,"Mirae Asset Mutual Fund",B,STK,314.59,317.27,314.06,317.27,317.27,322.54,4,1451,456003,
544402,"JASH ENGINEERING LIMITED",B,STK,376,384.05,366.55,369.2,372.7,390,148,2292,858305,
544403,"Aditya Birla Lifestyle Brands",B,STK,99.5,100.1,97.2,97.65,97.85,102.05,1721,149546,14685067,
544404,"BORANA WEAVES LIMITED",T,STK,379.7,398,371.25,397.8,397.9,389.2,50,1841,710874,
544405,"BELRISE INDUSTRIES LIMITED",B,STK,196.75,196.75,188.5,193.4,193.4,196.95,3431,372048,71627419,
544406,"UNIFIED DATA TECH SOLUTIONS LI",M,STK,333.5,333.5,315.4,328.45,330.05,339.4,48,22000,7170660,
544407,"AEGIS VOPAK TERMINALS LIMITED",B,STK,199.05,200,189.65,192.35,200,199.9,1213,61704,12007687,
544408,"Leela Palaces Hotels & Resorts",B,STK,428.95,441.8,414.3,432.35,441.8,433.4,464,4568,1941315,
544410,"PROSTARM INFO SYSTEMS LIMITED",B,STK,125.85,129.55,124.4,127.35,127,130.6,434,20624,2599401,
544411,"Scoda Tubes Limited",B,STK,122,124.95,113.4,117,117,123.05,238,11902,1382540,
544412,"3B FILMS LIMITED",M,STK,20.5,20.5,18.8,18.8,18.8,18.45,9,30000,582270,
544413,"Digitide Solutions Limited",B,STK,86.4,86.4,82.33,84.61,84.56,86.67,201,19712,1657316,
544414,"Bluspring Enterprises Limited",B,STK,52.84,52.84,48.2,48.79,48.7,52.12,617,30593,1497661,
544415,"Nippon India Mutual Fund",B,STK,40.7,40.7,39.08,39.96,39.95,40.7,32,2450,97205,
544416,"KRISHIVAL FOODS LIMITED",B,STK,312,313.5,299.25,312,311.7,314.5,185,971,299876,
544417,"Aten Papers & Foam Limited",M,STK,19,19.1,17.9,17.9,17.9,19.4,5,6000,110340,
544418,"Oswal Pumps Limited",B,STK,297,297.1,287.4,289.75,289.75,302.4,1333,53135,15452677,
544419,"ArisInfra Solutions Limited",B,STK,105,107.35,102,105.7,104.65,107.3,735,29424,3111315,
544420,"Raymond Realty Limited",B,STK,372,387.25,361,379.75,379.55,381.2,1021,24511,9130784,
544421,"ELLENBARRIE INDUSTRIAL GASES L",B,STK,212.9,215.25,203.9,207.1,210,216.35,714,18161,3745991,
544422,"Abram Food Limited",M,STK,84.98,84.98,71,71,71,75,9,10800,821988,
544423,"Kalpataru Limited",B,STK,301.05,310,287.05,290.85,292.9,307.95,202,2821,824820,
544424,"GLOBE CIVIL PROJECTS LIMITED",B,STK,43,47.56,43,46.06,46.05,46.58,53,3428,159325,
544425,"AJC Jewel Manufacturers Limite",MT,STK,110,110,108.85,108.85,108.85,114.55,2,2400,262620,
544426,"Icon Facilitators Limited",M,STK,58.15,59.6,57.2,58.4,59.6,58.78,13,15600,905568,
544427,"ICICI Prudential Mutual Fund",B,STK,10.02,10.03,9.79,10.01,10,10.21,48,16563,164286,
544428,"SUPERTECH EV LIMITED",MT,STK,49,50,49,50,50,49.05,3,3600,178200,
544429,"HDB FINANCIAL SERVICES LIMITED",B,STK,661.1,664.95,642.05,651.55,652.5,670.95,4457,77171,50173363,
544430,"SAMBHV STEEL TUBES LIMITED",B,STK,92.31,92.76,88.37,89.6,89.53,94.49,707,64907,5879761,
544431,"Ace Alpha Tech Limited",M,STK,100.8,100.8,100.8,100.8,100.8,100,1,1000,100800,
544432,"Indogulf Cropsciences Limited",B,STK,63.01,64.52,61.59,63.23,63.4,66.74,77,10008,630126,
544433,"Valencia India Limited",M,STK,16.25,16.25,15.45,15.5,15.5,16.25,9,10800,169788,
544434,"Neetu Yoshi Limited",M,STK,83.25,87.38,82.15,84.23,83.41,88.16,62,54400,4564088,
544435,"ADCOUNTY MEDIA INDIA LIMITED",M,STK,110,111,105,106.9,106,113.7,73,63200,6759600,
544436,"VANDAN FOODS LIMITED",M,STK,35.5,35.5,35.5,35.5,35.5,35.9,1,1200,42600,
544438,"Mirae Asset Mutual Fund",B,STK,11.13,11.29,11.01,11.29,11.28,11.36,26,12694,140521,
544439,"CRIZAC LIMITED",B,STK,214.95,216.6,206.75,209.35,209.35,220.65,537,21200,4468321,
544440,"CRYOGENIC OGS LIMITED",M,STK,163,181.65,162.35,175.45,180,165.15,35,68250,11937787,
544441,"META INFOTECH LIMITED",M,STK,90,90,86.25,89.38,90,93.06,21,32800,2917760,
544442,"Chemkart India Limited",M,STK,105,105,99,100.6,100,104,13,9600,970650,
544443,"TRAVEL FOOD SERVICES LIMITED",B,STK,1180,1180,1130,1163,1160,1177.8,231,1588,1821592,
544444,"Glen Industries Limited",M,STK,65,67,64,65.65,65.8,69.07,28,40800,2653644,
544445,"ASSTON PHARMACEUTICALS LIMITED",M,STK,78,78,78,78,78,80.5,1,4000,312000,
544446,"Advent Hotels International Li",B,STK,184.05,196.7,174.25,177.25,177,184.55,198,28365,5010719,
544447,"SMARTWORKS COWORKING SPACES LI",B,STK,394.05,394.05,370.5,379.95,375.05,399.85,121,2229,853221,
544448,"Pashupati Cotspin Limited",B,STK,1035,1035,995,998.1,1011,1022.85,198,471,472786,
544449,"Anthem Biosciences Limited",B,STK,629,662.6,608.4,660,660,661.05,10018,21065635,13086098435,
544450,"CHEMBOND CHEMICALS  LIMITED",B,STK,141,141,130.05,134.1,133.1,145.4,43,756,100584,
544451,"MONIKA ALCOBEV LIMITED",M,STK,250,252.95,239,241,239,257.65,22,10400,2553280,
544452,"Swastika Castal Limited",M,STK,54.77,54.77,54.77,54.77,54.77,57.5,1,2000,109540,
544453,"Monarch Surveyors and Engineer",M,STK,205.1,205.1,195.2,197.05,196.1,204.3,20,12600,2494800,
544454,"INDIQUBE SPACES LIMITED",B,STK,164.1,167.25,162.9,164.05,164.05,173.1,17,3528,578884,
544455,"GNG Electronics Limited",B,STK,340,343.45,331.25,340.7,342,348.65,263,9568,3197781,
544456,"R M DRIP AND SPRINKLERS SYSTEM",B,STK,49.05,49.05,49.05,49.05,49.05,51.63,73,2886,141558,
544457,"Brigade Hotel Ventures Limited",B,STK,58,58.51,55.95,57.77,57.7,59.7,331,17759,1018413,
544458,"SHREE REFRIGERATIONS LIMITED",M,STK,180.5,181,173.25,178.05,178.8,180,136,77000,13724850,
544459,"SHANTI GOLD INTERNATIONAL LIMI",B,STK,202,202,196.1,199.85,198.95,206.1,145,6611,1313128,
544460,"PATEL CHEM SPECIALITIES LIMITE",M,STK,61.1,62.8,61.1,62.8,62.8,63.14,11,17600,1089648,
544462,"PropShare Titania",IF,STK,1100000,1100000,1100000,1100000,1100000,1070000,1,1,1100000,
544463,"REPONO LIMITED",M,STK,50.4,56,50.4,56,56,59,5,9600,518880,
544465,"LAXMI INDIA FINANCE LIMITED",B,STK,89.7,90,86.09,86.78,86.63,91.24,186,9778,846535,
544466,"Aditya Infotech Limited",B,STK,1650,1651.95,1616,1643.6,1640.9,1667.3,564,5561,9104024,
544467,"National Securities Depository",B,STK,876.2,879,868.1,870.15,870.15,889.25,27569,592064,516080770,
544469,"Sri Lotus Developers and Realt",B,STK,118.45,120.05,112.65,119.85,119.65,121.35,1558,114628,13376486,
544470,"M & B ENGINEERING LIMITED",B,STK,286.55,288.65,281.45,287.6,288.65,294.65,143,2631,749640,
544471,"TAKYON NETWORKS LIMITED",M,STK,34.3,34.3,32,32,32,34.3,2,4000,132600,
544473,"Groww Mutual Fund",B,STK,10.28,10.63,10,10.2,10.17,10.39,374,137743,1407286,
544474,"BLT Logistics Limited",M,STK,28.1,33.8,28.05,33.8,33.8,34,4,24000,691680,
544475,"ESSEX MARINE LIMITED",M,STK,27.01,27.01,25.51,25.51,25.51,26.89,26,56000,1480860,
544476,"Jeena Sikho Lifecare Limited",B,STK,592.8,617.75,587,610.15,614.6,604.3,572,12857,7712452,
544477,"Highway Infrastructure Limited",B,STK,50.01,50.5,48.7,49.06,48.97,50.69,263,15808,779291,
544479,"ALL TIME PLASTICS LIMITED",B,STK,213,217.65,206.35,209.3,210.4,219.8,208,5323,1118390,
544480,"JSW CEMENT LIMITED",B,STK,119.8,123.75,116.8,122.95,122.95,122.2,1662,193496,23113286,
544481,"KNOWLEDGE REALTY TRUST",IF,STK,115,115.73,113.5,114.65,115.73,115.8,766,26077,2980952,
544482,"STAR IMAGING AND PATH LAB LIMI",M,STK,59,65,59,64.24,62.99,62.38,19,79000,5066400,
544483,"ICODEX PUBLISHING SOLUTIONS LI",M,STK,35.8,38.7,35.8,37.15,37.15,39.4,9,24000,892620,
544484,"BlueStone Jewellery and Lifest",B,STK,440.05,493.65,440.05,477.15,477.15,458.5,2445,32839,15108808,
544485,"REGAAL RESOURCES LIMITED",B,STK,64.11,64.11,61.48,62.7,63,64.74,389,28782,1795134,
544486,"Zerodha Mutual Fund",F,STK,29.75,29.95,29.75,29.87,29.87,29.93,100,529,15816,
544487,"PATEL RETAIL LIMITED",B,STK,168.1,169.7,166.3,167.9,169,171.95,211,8807,1479414,
544488,"Vikram Solar Limited",B,STK,169.95,171.7,166.15,170.8,170.8,174.2,1664,113588,19112698,
544489,"LGT Business Connextions Limit",MT,STK,55.76,57.5,55.76,57.25,57.25,55.77,8,12000,678852,
544490,"Shreeji Shipping Global Limite",B,STK,370,377,362.75,373.6,374.65,377.75,669,31623,11637170,
544491,"Gem Aromatics Limited",B,STK,194.05,195,184.05,185.8,187.95,198.7,294,10575,1996589,
544492,"MANGAL ELECTRICAL INDUSTRIES L",B,STK,222.55,229.05,220.75,225.1,226,229.55,176,3345,750685,
544493,"Nippon India Mutual Fund",B,STK,156,160,148.84,159.54,160,157.09,52,500,76354,
544494,"Globtier Infotech limited",M,STK,20.16,21.95,20.16,21.48,21.95,22.8,3,4800,100976,
544496,"Vikran Engineering Limited",B,STK,61.99,61.99,58.71,60.26,60.26,62.61,2146,297263,17788753,
544497,"ANLON HEALTHCARE LIMITED",B,STK,116.45,133.5,114,129.25,129.25,116.7,1598,140321,17924407,
544498,"OVAL PROJECTS ENGINEERING LIMI",M,STK,48.5,48.5,43.95,43.95,43.95,49,19,36800,1682432,
544499,"Career Point Edutech Limited",B,STK,183.05,189.9,180.1,180.7,180.1,189.05,164,4504,842118,
544500,"ABRIL PAPER TECH LIMITED",M,STK,37.5,37.5,37.5,37.5,37.5,34.53,1,2000,75000,
544501,"SUGS LLOYD LIMITED",M,STK,88,88,85,87.01,87,87,20,23000,2012820,
544502,"Amanta Healthcare Limited",B,STK,99.7,99.9,95.85,99.5,99.9,100.2,163,8257,812482,
544503,"Rachit Prints Limited",MT,STK,105.45,114.5,105.45,114.5,114.5,110.95,4,4000,430850,
544504,"GOEL CONSTRUCTION COMPANY LIMI",M,STK,285,285,271.7,272,272,286,24,11200,3108000,
544505,"AUSTERE SYSTEMS LIMITED",M,STK,42,46,42,45.92,46,44.2,8,24000,1038560,
544506,"SHARVAYA METALS LIMITED",M,STK,125.55,125.55,120,121,120,125,6,3600,440850,
544507,"Zerodha Mutual Fund",B,STK,9.79,9.79,8.5,9.18,9.2,9.38,599,420490,3773382,
544508,"VASHISHTHA LUXURY FASHION LIMI",M,STK,59.58,59.58,59.58,59.58,59.58,59.58,1,1200,71496,
544509,"Krupalu Metals Limited",M,STK,38.32,38.32,38.32,38.32,38.32,40.33,2,3200,122624,
544510,"NILACHAL CARBO METALICKS LIMIT",M,STK,77,79,77,79,79,76,2,36800,2904000,
544511,"Karbonsteel Engineering Limite",M,STK,141.35,145,137.35,145,145,148,4,6400,898960,
544512,"SHRINGAR HOUSE OF MANGALSUTRA",B,STK,209.05,209.05,198.95,200.6,200.6,211.35,628,23846,4828482,
544513,"Dev Accelerator Limited",B,STK,38.81,38.81,35,37.93,38,39.24,92,13025,478542,
544514,"JAY AMBE SUPERMARKETS LIMITED",MT,STK,189.75,189.75,189.75,189.75,189.75,199.7,1,1600,303600,
544515,"Urban Company Limited",B,STK,104.55,107.8,102.85,107.25,107.1,106.1,2754,315619,33307099,
544516,"AIRFLOA RAIL TECHNOLOGY LIMITE",M,STK,270,279.95,265,278.05,278.05,276.3,102,119000,32824450,
544517,"Shankara Buildpro Limited",B,STK,1002.75,1002.75,952.05,964.05,959.9,1000.85,179,5542,5323064,
544518,"L. T. ELEVATOR LIMITED",MT,STK,175.6,179.9,175,178.5,177.05,182.55,9,16000,2844880,
544519,"EURO PRATIK SALES LIMITED",B,STK,222,234.6,222,231.6,230,240.7,219,6058,1393997,
544520,"SAMPAT ALUMINIUM LIMITED",M,STK,50.4,50.4,47.1,49.1,49.1,52.5,4,16800,820440,
544521,"VMS TMT LIMITED",B,STK,42.47,42.47,40.72,41.4,41.21,42.65,77,11313,466554,
544522,"A B Cotspin India Limited",B,STK,430,430,400.3,410.5,410.5,410.7,83,1834,748801,
544523,"IVALUE INFOSOLUTIONS LIMITED",B,STK,225,226.65,222.35,225.2,226.4,225.05,96,1583,356071,
544524,"JD CABLES LIMITED",M,STK,169,174,161.25,171.15,174,177.4,55,56800,9433440,
544525,"GK ENERGY LIMITED",B,STK,100,101.9,98.25,100.25,100.5,103.2,371,25067,2502596,
544526,"Saatvik Green Energy Limited",B,STK,338.4,339.95,329.7,333.8,334.7,345,291,6695,2234827,
544527,"Atlanta Electricals Limited",B,STK,939.6,939.6,881.95,913,916.4,918.75,510,4061,3662597,
544528,"Ganesh Consumer Products Limit",B,STK,167,167,160.75,162.3,164.1,169.6,221,7897,1281963,
544529,"Aptus Pharma Limited",MT,STK,285.3,285.3,276,285.3,285.3,271.75,6,12000,3405000,
544530,"ANAND RATHI SHARE AND STOCK BR",B,STK,475.05,478.75,456,459.65,463,488.25,1303,35193,16323803,
544531,"TRUE COLORS LIMITED",M,STK,145,145,139.55,139.95,142.75,146.85,97,73800,10362420,
544532,"Solarworld Energy Solutions Li",B,STK,165,166.4,160,163.45,164.7,170.05,383,17550,2860547,
544533,"Seshaasai Technologies Limited",B,STK,255.05,262.4,242.9,260.2,260.2,238.55,1442,68991,17550701,
544534,"Jaro Institute of Technology M",B,STK,430.1,432.85,414.5,415.7,414.5,442.8,337,9410,3975868,
544535,"BHARATROHAN AIRBORNE INNOVATIO",MT,STK,128.55,132.9,128.55,132.9,132.9,135.3,7,11200,1446720,
544536,"Wealth First Portfolio Manager",B,STK,910,1030,910,960,960,910,7,84,82022,
544537,"Jain Resource Recycling Limite",B,STK,405.35,424,396.5,421.5,421.5,414.9,3772,186972,75746994,
544538,"PRARUH TECHNOLOGIES LIMITED",M,STK,51,51,51,51,51,56,1,2000,102000,
544539,"Solvex Edibles Limited",M,STK,23.42,23.42,23.42,23.42,23.42,24.65,2,3200,74944,
544540,"Epack Prefab Technologies Limi",B,STK,158.3,159.9,153.45,154.45,155.2,161.5,907,37334,5779240,
544541,"SYSTEMATIC INDUSTRIES LIMITED",M,STK,153,161,150,157.15,159,153,53,42600,6610950,
544542,"Justo Realfintech Limited",M,STK,99,105.6,98,99.5,99.5,95,18,24000,2427550,
544543,"BMW VENTURES LIMITED",B,STK,54.95,56.3,54,54.96,56,56.24,106,12947,704220,
544545,"TRUALT BIOENERGY LIMITED",B,STK,362,375.05,358,371.95,375,367.9,282,7961,2910944,
544547,"Jinkushal Industries Limited",B,STK,54.8,54.8,50,53.39,53,55.39,116,11870,627078,
544548,"GUJARAT PEANUT AND AGRI PRODUC",M,STK,80,82.5,80,81.88,81.88,80.2,4,11200,918992,
544550,"Pace Digitek Limited",B,STK,159.05,159.25,153,153.8,153.95,161.15,389,26457,4091415,
544551,"BHAVIK ENTERPRISES LIMITED",M,STK,143,155,143,152,152,146.5,9,9000,1343400,
544552,"RUKMANI DEVI GARG AGRO IMPEX L",MT,STK,106,106,106,106,106,105,3,3600,381600,
544553,"M P K STEELS (I) LIMITED",M,STK,121,121,121,121,121,117,1,1600,193600,
544554,"KVS Castings Limited",M,STK,52,52,52,52,52,51.92,2,4000,208000,
544555,"AMEENJI RUBBER LIMITED",M,STK,119,124.95,115.8,124.95,124.95,125,10,27600,3234360,
544556,"Dhillon Freight Carrier Limite",M,STK,32.6,32.8,30.2,30.85,30.2,31.5,16,32000,1037264,
544557,"Glottis Limited",B,STK,44.5,44.7,42.69,43.19,43.2,45.08,321,24255,1050303,
544558,"Fabtech Technologies Limited",B,STK,141,142,134.8,134.95,135,140.95,214,19456,2664362,
544559,"OM METALLOGIC LIMITED",M,STK,15.05,15.05,15.05,15.05,15.05,15.05,3,4800,72240,
544561,"Chiraharit Limited",M,STK,7.25,7.25,6.91,7.01,7.01,7.21,3,24000,170520,
544562,"Advance Agrolife Limited",B,STK,108.9,108.9,102.65,105.35,105.5,110.05,162,10354,1078183,
544563,"Zelio E Mobility Limited",M,STK,402.4,412.7,390,397.6,395,393.75,243,276000,110740450,
544564,"Om Freight Forwarders Limited",B,STK,79.9,84.99,78.48,78.89,78.89,81.25,36,1559,123294,
544566,"Sunsky Logistics Limited",M,STK,72,74,70.01,73.14,74,77.98,4,21000,1536030,
544567,"Infinity Infoway Limited",M,STK,351.05,380,351.05,379.95,379.95,390,3,2400,888800,
544568,"DSM Fresh Foods Limited",M,STK,105,108,101.7,104.2,104.2,108.05,49,99600,10433640,
544569,"Tata Motors Limited",B,STK,467.05,467.55,433.7,449.1,449.1,474,61192,2234515,1008188115,
544570,"WeWork India Management Limite",B,STK,444,444,424,426.65,427.95,449.75,360,6124,2632304,
544572,"SKF INDIA (INDUSTRIAL) LIMITED",B,STK,2345,2345,2218.35,2262.05,2257.7,2347.1,165,568,1285981,
544574,"Tata Capital Limited",A,STK,313.5,315.35,309.1,311,311,318.4,4604,139160,43328373,
544575,"Mittal Sections Limited",M,STK,26.55,26.9,26.2,26.25,26.2,27.3,15,16000,424190,
544576,"LG Electronics India Limited",B,STK,1551.45,1552,1512.05,1533.45,1533.45,1579.75,3649,42055,64248770,
544578,"RUBICON RESEARCH LIMITED",B,STK,768.8,781,732.95,763.45,781,767.15,746,10693,7993273,
544579,"Anantam Highways Trust",IF,STK,102.22,103.03,102.22,103.02,103.02,102.5,13,206,21160,
544580,"Canara Robeco Asset Management",B,STK,217.9,222.7,214.45,219.65,219.65,225.7,1080,47309,10322368,
544581,"DSP Mutual Fund",B,STK,9.4,9.53,9.28,9.49,9.52,9.66,77,5893,55511,
544582,"SHLOKKA DYES LIMITED",M,STK,26,26.45,26,26.45,26.45,26.32,4,4800,126240,
544583,"Canara HSBC Life Insurance Com",B,STK,144.7,147.7,141.95,145.35,145.45,145.8,741,37529,5435768,
544584,"SK Minerals & Additives Limite",M,STK,120,125,102.05,125,125,125,15,22000,2564700,
544585,"SIHORA INDUSTRIES LIMITED",M,STK,50.21,54.5,50.21,54.4,54.4,55,7,22000,1180600,
544586,"Zerodha Mutual Fund",B,STK,9.51,10,9.26,9.59,9.58,9.76,805,259227,2470151,
544587,"Midwest Limited",B,STK,1122.4,1126,1075.05,1088.35,1094.8,1127.2,340,3272,3551302,
544594,"GAME CHANGERS TEXFAB LIMITED",M,STK,112,112,110,110,110,112,5,6000,664920,
544595,"Orkla India Limited",B,STK,550.15,557.1,544.6,555.1,554.95,564.85,443,9198,5082911,
544596,"Safecure Services Limited",M,STK,34.6,36,32,35.21,35.99,34,13,19200,664932,
544597,"Piramal Finance Limited",B,STK,1749.65,1768.7,1686.65,1754.8,1754.8,1775.3,3513,25003,42874569,
544598,"Accuracy Shipping Limited",B,STK,4.02,4.66,4.02,4.1,4.34,4.62,221,38394,166573,
544599,"Studds Accessories Limited",B,STK,499,510,495,506.05,510,511.8,117,2061,1037784,
544600,"Lenskart Solutions Limited",B,STK,517.65,517.65,498.3,506.8,506.8,519.8,3273,132420,67016306,
544601,"Choice Mutual Fund",E,STK,156.75,157.5,156.22,156.88,156.22,156.75,42,194,30415,
544603,"Billionbrains Garage Ventures",B,STK,149,150.9,146,149.15,149.15,153,13950,1784042,263618724,
544604,"Mirae Asset Mutual Fund",B,STK,36.35,36.35,35.38,35.74,35.71,36.54,293,275176,9795344,
544605,"Mirae Asset Mutual Fund",B,STK,15.46,15.46,14.89,15.11,15.13,15.46,548,211770,3180615,
544606,"Pine Labs Limited",B,STK,170.2,175.7,167.3,174.5,174.5,176.7,2589,142182,24424819,
544608,"Emmvee Photovoltaic Power Limi",B,STK,189,194.9,185.4,193,193.4,193.7,1228,62616,11843270,
544609,"Physicswallah Limited",B,STK,80.03,85,78.95,83.31,83.31,82.9,4959,865900,70801033,
544610,"WORKMATES CORE2CLOUD SOLUTION",M,STK,323,328,315,326.5,326.5,332.2,31,28200,9064440,
544611,"MAHAMAYA LIFESCIENCES LIMITED",MT,STK,161,161.05,160.55,160.55,160.55,169,6,7200,1157160,
544612,"Tenneco Clean Air India Limite",B,STK,525.05,535.55,515.45,521.9,521.9,547.65,1864,55221,28789022,
544613,"Fujiyama Power Systems Limited",B,STK,179.45,179.75,174.5,178.1,179.75,180.8,500,16364,2886705,
544614,"Capillary Technologies India L",B,STK,508.05,519.95,504.9,516.2,513.25,522.05,127,1151,589569,
544615,"KSR Footwear Limited",T,STK,34.5,35.9,34.5,35.9,35.9,35.2,23,8674,303034,
544616,"Gallard Steel Limited",M,STK,140,140,140,140,140,142.55,1,2000,280000,
544617,"Excelsoft Technologies Limited",B,STK,81.67,81.67,77.21,78.33,78.33,81.68,464,50567,3950883,
544618,"Edelweiss Mutual Fund",B,STK,81,81,77.2,77.2,77.2,79.03,6,506,39079,
544619,"Sudeep Pharma Limited",B,STK,560.05,575.8,555,557.6,558.75,583.9,194,1560,877882,
544620,"DSP Mutual Fund",B,STK,29.6,29.84,28.35,28.66,28.66,29.25,6,712,20693,
544621,"SSMD AGROTECH INDIA LIMITED",M,STK,33.11,34,33.11,34,34,36.3,3,4000,133380,
544622,"Kwality Walls (India) Limited",B,STK,24.64,25.85,24.1,25.45,25.45,26.3,8198,2745369,68260617,
544623,"Mother Nutri Foods Limited",M,STK,153.05,153.05,152.95,153,153,161.75,10,28800,4406400,
544624,"K K SILK MILLS LIMITED",M,STK,11.5,11.57,10.9,11.16,11.16,11.02,12,36000,404250,
544625,"Logiciel Solutions Limited",M,STK,32.4,32.4,32.33,32.34,32.33,34.03,12,9000,291078,
544626,"EXATO TECHNOLOGIES LIMITED",M,STK,287.6,309.95,287.6,305.55,305.55,309.2,19,26000,7881750,
544627,"PURPLE WAVE INFOCOM LIMITED",M,STK,112.2,112.2,107.5,108.45,109.3,117.8,8,10000,1093350,
544628,"Astron Multigrain Limited",M,STK,16.44,17.2,16.43,17.15,17,18.25,16,44000,743600,
544629,"Ravelcare Limited",M,STK,140.1,154,137,152.45,152.45,158.25,16,16000,2310100,
544631,"CREATIVE NEWTECH LIMITED",B,STK,641,641,641,641,641,664.2,1,4,2564,
544632,"Meesho Limited",B,STK,147.6,150.95,143.2,143.2,143.2,159.1,5024,2916768,418535503,
544633,"VIDYA WIRES LIMITED",B,STK,50.05,50.74,49.58,50.31,50.31,51.45,474,44624,2236807,
544634,"Aequs Limited",B,STK,132.9,136.75,129.85,130.5,131,137.7,672,26350,3494675,
544635,"Luxury Time Limited",M,STK,58.77,60.4,57.1,60.25,60,58.77,13,22400,1333360,
544637,"Methodhub Software Limited",M,STK,110,110.05,104,106,106,113.3,40,30000,3213420,
544638,"Bandhan Mutual Fund",E,STK,161.71,161.71,156,158.17,158.7,160.91,102,3499,552200,
544639,"Bandhan Mutual Fund",E,STK,258.55,259.27,254.59,258,258.01,252.9,49,1786,460095,
544640,"Riddhi Display Equipments Limi",M,STK,33,36.48,32.02,32.02,32.02,35.9,12,19200,639828,
544641,"K. V. TOYS INDIA LIMITED",M,STK,246.5,246.5,235,238.75,242,251.45,27,17400,4144380,
544642,"Wakefit Innovations Limited",B,STK,170.3,173.3,165.7,171.4,171.6,171.85,268,8271,1406855,
544643,"PRODOCS SOLUTIONS LIMITED",MT,STK,198,198,195.4,195.4,195.4,205.65,7,7000,1370400,
544644,"Corona Remedies Limited",B,STK,1571.85,1591.95,1542.75,1564.2,1575.45,1582.2,298,1771,2772723,
544645,"PARK MEDI WORLD LIMITED",B,STK,202.7,205.2,193.8,201.35,200.55,203.15,3156,282584,56953113,
544646,"Shipwaves Online Limited",M,STK,3.9,3.98,3.88,3.88,3.88,4.08,18,180000,702700,
544647,"Nephrocare Health Services Lim",B,STK,558,564.5,536.8,562.3,562.9,560.25,455,4612,2533272,
544648,"UNISEM AGRITECH LIMITED",M,STK,62,62,60.01,60.01,60.01,64.74,5,10000,606300,
544654,"DSP Mutual Fund",B,STK,15.55,15.55,14.81,15.5,15.5,15.48,24,5058,77307,
544655,"DSP Mutual Fund",B,STK,20.59,20.84,20.5,20.71,20.84,21.26,27,28195,582392,
544656,"HRS ALUGLAZE LIMITED",MT,STK,250.05,251,250.05,250.9,250.05,250.05,15,44400,11122860,
544657,"Pajson Agro India Limited",MT,STK,197.6,202,197.6,197.6,197.6,208,10,12000,2383920,
544658,"ICICI Prudential Asset Managem",A,STK,2928.6,2935,2860.7,2909.8,2909.8,2993.7,3198,17231,50060509,
544659,"STANBIK AGRO LIMITED",M,STK,33.5,33.5,33.5,33.5,33.5,33,1,4000,134000,
544660,"Mirae Asset Mutual Fund",B,STK,8.78,8.82,8.7,8.82,8.82,8.98,27,8529,74477,
544661,"Mirae Asset Mutual Fund",B,STK,34.71,35.05,34.71,34.99,35,35.83,67,7868,274109,
544662,"SIMANDHAR IMPEX LIMITED",T,STK,134.25,134.25,122.1,123.25,131.95,127.9,59,7473,982925,
544663,"NEPTUNE LOGITEK LIMITED",M,STK,37.5,38,37.5,38,38,40,8,8000,302480,
544664,"KSH INTERNATIONAL LIMITED",B,STK,362.35,379,362,375.1,375.1,370.8,630,8898,3292286,
544666,"GUJARAT KIDNEY AND SUPER SPECI",B,STK,109.15,109.2,108,108.3,109,108.05,270,225443,24420222,
544668,"NANTA TECH LIMITED",M,STK,270,277,270,276.85,276.85,277.95,11,9600,2624220,
544669,"ADMACH SYSTEMS LIMITED",M,STK,200,200,193,199,200,206,9,5400,1063740,
544670,"BAI-KAKAJI POLYMERS LIMITED",M,STK,172.1,178,143.1,177,178,176,7,4200,718320,
544671,"APOLLO TECHNO INDUSTRIES LIMIT",M,STK,100,100,97.8,98,98,99.5,5,5000,491800,
544672,"The Wealth Company Mutual Fund",E,STK,156.11,156.7,155.35,156.35,156.55,157,8,8,1249,
544673,"MODERN DIAGNOSTIC & RESEARCH C",M,STK,64.1,72.01,64.1,67.45,67.45,71,9,14400,963600,
544674,"DSP Mutual Fund",B,STK,66.3,66.3,65,66.29,66.29,67.6,9,2393,157510,
544675,"Gabion Technologies India Limi",M,STK,54.7,54.7,52.6,53.25,53.25,58.62,7,11200,600352,
544676,"YAJUR FIBRES LIMITED",M,STK,46,46,43,43.4,43.01,46.12,52,52000,2283168,
544677,"Defrail Technologies Limited",M,STK,81.1,81.1,81.1,81.1,81.1,84.2,1,1600,129760,
544678,"BHARAT COKING COAL LIMITED",B,STK,32.28,32.81,32,32.42,32.42,32.97,5433,1416157,45831793,
544679,"Amagi Media Labs Limited",B,STK,381.4,384,370,379,370.5,386.4,1284,30169,11375852,
544680,"Narmadesh Brass Industries Lim",M,STK,165.1,171.95,164.35,165.6,165.6,173,8,1920,318492,
544681,"INDO SMC Limited",M,STK,147,149,139.35,142.3,142.25,147.35,40,42000,6063500,
544682,"GRE Renew Enertech Limited",M,STK,94.99,95.6,94.99,95.6,95.6,93.32,3,3600,343416,
544683,"Aritas Vinyl Limited",M,STK,18.14,18.14,18.14,18.14,18.14,19.09,5,21000,380940,
544684,"DIGILOGIC SYSTEMS LIMITED",M,STK,89.11,89.8,85.5,89.15,89.8,89.8,11,14400,1256916,
544685,"SHADOWFAX TECHNOLOGIES LIMITED",B,STK,117.15,119.2,111.5,114.9,114.9,120.05,2372,189555,21636612,
544686,"SHAYONA ENGINEERING LIMITED",M,STK,134,137.45,131.05,137.45,137.45,135.1,6,8000,1076850,
544687,"Hannah Joseph Hospital Limited",M,STK,57,60,57,59.17,59.49,61,39,82000,4719320,
544693,"KANISHK ALUMINIUM INDIA LIMITE",M,STK,36.05,36.05,33.54,33.55,33.54,35.3,11,17600,594336,
544694,"Accretion Nutraveda Limited",M,STK,181.5,186,181,186,186,181.5,3,3000,548500,
544695,"Msafe Equipments Limited",M,STK,120,124.2,117.5,118,118,124.95,20,25000,3003250,
544699,"Aye Finance Limited",B,STK,111,114.75,107.95,111,112.2,115.95,1624,105746,11703287,
544700,"Fractal Analytics Limited",B,STK,787.95,792,765.45,776.8,775.15,798.1,2635,79933,62601267,
544701,"Mirae Asset Mutual Fund",B,STK,18.87,18.87,18.23,18.59,18.59,18.7,23,7249,133354,
544702,"DCM SHRIRAM INTERNATIONAL LIMI",B,STK,50.2,58.99,50.2,52.94,54.23,61.39,596,36071,1984364,
544703,"DCM SHRIRAM FINE CHEMICALS LIM",B,STK,27.5,28.9,25.8,26.11,26.63,29.23,661,33765,897493,
544704,"Mirae Asset Mutual Fund",B,STK,10.83,10.88,10.73,10.88,10.88,11.14,27,35748,385788,
544705,"Mirae Asset Mutual Fund",B,STK,70.68,70.68,67.28,68.36,68.39,69.92,457,50070,3401524,
544706,"Aditya Birla Sun Life Mutual F",B,STK,28.87,28.87,28.3,28.3,28.3,29.27,4,5,143,
544707,"Fractal Industries Limited",MT,STK,209.05,211.5,204.25,211.2,211.5,214.95,14,9000,1865670,
544708,"Yashhtej Industries (India) Li",MT,STK,58.45,58.45,58.45,58.45,58.45,61.52,1,1200,70140,
544709,"Gaudium IVF and Women Health L",T,STK,71.85,78.78,71.85,74.63,74.45,75.63,512,66354,4813044,
544710,"ACCORD TRANSFORMER & SWITCHGEA",MT,STK,47.5,48.25,46.81,47.99,48,49.27,66,210000,9897570,
544711,"KIAASA RETAIL LIMITED",MT,STK,95.25,95.25,95.25,95.25,95.25,100.25,1,1000,95250,
544716,"SHREE RAM TWISTEX LIMITED",T,STK,59.9,59.9,59.9,59.9,59.9,63.05,69,3759,225164,
544717,"Clean Max Enviro Energy Soluti",B,STK,858.95,878,842.2,856.25,842.2,885.55,3577,63720,54833730,
544718,"PNGS Reva Diamond Jewellery Li",B,STK,379.95,395.3,362.55,384.2,385,394,3174,73304,27404477,
544719,"Aditya Birla Sun Life Mutual F",B,STK,165.53,165.6,165.53,165.6,165.6,177,4,30,4967,
544720,"Omnitech Engineering Limited",B,STK,185.05,194,176.2,190.4,190.4,190.4,3509,218803,39648566,
544721,"Groww Mutual Fund",B,STK,49.99,49.99,46.82,47.84,47.7,48.21,244,43571,2091367,
544722,"SBI Mutual Fund",B,STK,61,61.26,57.27,58.81,58.84,60.96,26,924,53633,
555555,"ICICI Prudential BSE Sensex ET",A,STK,898.3,912,862.13,889.77,889.77,907.38,310,5338,4709218,
570002,"Future Enterprises Limited",Z,STK,2.97,2.99,2.8,2.82,2.8,2.85,9,322,924,
570004,"JAIN IRRIGATION SYSTEMS LTD.",B,STK,21.41,21.41,20.01,20.95,20.95,20.87,6,140,2904,
570005,"GACM Technologies Limited - DV",B,STK,0.46,0.47,0.42,0.45,0.43,0.47,79,119295,52503,
590003,"KARUR VYSYA BANK LTD.",B,STK,305.9,305.9,290.8,292.35,293.75,312.5,5148,180879,53226305,
590005,"VEEDOL CORPORATION LIMITED",B,STK,1320,1320,1280.5,1302.85,1302,1327,256,2747,3537384,
590006,"AMRUTANJAN HEALTH CARE LTD.",B,STK,555,560,540.05,558.9,560,558.6,139,718,393098,
590013,"XPRO INDIA LTD.",B,STK,900.15,900.85,883.9,898.65,895.65,915.9,111,847,757271,
590018,"HISAR METAL INDUSTRIES LTD.",B,STK,155,157.6,155,157.6,157.6,156,3,13,2017,
590021,"BHARAT RASAYAN LTD.",B,STK,1355.05,1375.05,1325,1335.4,1351.85,1404.65,540,4033,5430121,
590022,"EASTERN SILK INDUSTRIES LTD.",T,STK,76.85,76.85,76.85,76.85,76.85,80.89,1,1,76,
590024,"FERTILIZERS & CHEMICALS TRAVAN",B,STK,673.65,673.65,653,662.6,663,680.1,335,4405,2908420,
590025,"GINNI FILAMENTS LTD.",B,STK,34.46,34.46,32.51,33.09,33.35,34.94,96,36172,1190686,
590030,"SOUTHERN PETROCHEMICALS LTD.",B,STK,59.11,60.56,58.79,59.45,59.45,61.41,730,53126,3159265,
590031,"DE NORA INDIA LTD.",B,STK,690.95,705,664,702.35,702.35,696.6,76,368,252055,
590041,"Kavveri Defence &amp; Wireless",T,STK,61.78,64.5,61.78,61.83,61.78,65.03,202,13883,858895,
590051,"SAKSOFT LTD.",B,STK,135.65,135.65,128.7,129.65,131.35,135.65,643,25967,3425499,
590056,"SALONA COTSPIN LTD.",B,STK,288.65,288.65,259.1,268,268,280,29,257,68490,
590057,"EQUIPPP SOCIAL IMPACT TECHNOLO",T,STK,16.2,17.11,16,16.69,16.69,16.32,14,1768,28563,
590062,"ANDHRA SUGARS LTD.",B,STK,73.15,74.5,72.05,72.91,72.96,74.65,186,19349,1415818,
590065,"INDIA MOTOR PARTS & ACCESSORIE",B,STK,1023.4,1032,1015.55,1029,1032,1023.45,18,21,21546,
590066,K.C.P.LTD.,B,STK,150.45,153.95,150.35,152.1,152.45,156.4,212,7710,1172136,
590068,"KHAITAN (INDIA) LTD.",B,STK,78,96.91,78,95.13,91.66,93,93,2305,219472,
590070,"RADAAN MEDIAWORKS (I) LTD.",B,STK,3.08,3.45,2.46,2.97,2.97,2.91,14,1475,4093,
590071,"SUNDARAM FINANCE LTD.",B,STK,5300.4,5530,5170,5419,5419,5348.05,575,1980,10488458,
590072,"SUNDARAM BRAKE LININGS LTD.",B,STK,553,566.05,553,557,560,580,5,10,5611,
590073,"WHEELS INDIA LTD.",B,STK,864.05,935.15,846.85,920.2,921.1,878.75,524,5117,4651809,
590078,"MAITHAN ALLOYS LTD.",B,STK,944.95,945,918.45,927.3,930.5,970.95,254,1844,1709721,
590086,"ORISSA MINERALS DEVELOPMENT CO",B,STK,3732.95,3732.95,3620.1,3674.55,3689.8,3818.45,221,879,3225192,
590095,"NIPPON INDIA ETF GOLD BEES",E,STK,133,134,129.97,131.32,131.32,130.8,15664,2369647,310300611,
590096,"NIPPON INDIA ETF LIQUID BEES",F,STK,999.99,1000.01,999.99,999.99,999.99,1000,900,490712,490711242,
590097,"KOTAK MAHINDRA MUTUAL FUND - K",E,STK,135.17,135.17,131.09,132.51,132.51,131.88,1542,135470,17872886,
590098,"SBI MUTUAL FUND - SBI GOLD EXC",E,STK,138.22,138.22,133.96,135.47,135.47,134.85,3853,436010,58871508,
590099,"QUANTUM GOLD FUND - EXCHANGE T",E,STK,130.1,132.39,130.1,131.44,131.4,130.56,259,12166,1597690,
590101,"UTI MUTUAL FUND - UTI GOLD EXC",E,STK,129.8,134,129.8,133.61,134,133.13,550,29360,3907877,
590103,"NIPPON INDIA ETF NIFTY BEES",B,STK,270.35,275,268.81,272.44,272.44,277.29,21292,1768395,478378863,
590104,"NIPPON INDIA ETF JUNIOR BEES",B,STK,719.99,719.99,700.25,711.37,719,727.27,4889,96371,68103996,
590106,"NIPPON INDIA ETF BANK BEES",B,STK,594.24,594.24,571.57,579.48,579.98,597.24,4119,215000,123787619,
590107,"KOTAK MAHINDRA MUTUAL FUND - K",B,STK,900,912.98,857.86,882.34,880.01,921,237,4210,3715133,
590108,"NIPPON INDIA ETF PSU BANK BEES",B,STK,101.5,101.5,95.81,98.32,98.32,102.24,6923,576475,56145542,
590109,"NIPPON INDIA ETF SHARIAH BEES",B,STK,461.76,474,459.01,463.46,474,469.25,171,1767,814468,
590110,"Quantum Nifty 50 ETF",B,STK,260.4,263.2,260.01,263.2,263.2,267.5,56,1583,413373,
590113,"NIPPON INDIA ETF HANG SENG BEE",E,STK,510.5,510.5,491.27,503.05,503.05,513.74,1461,16828,8412001,
590115,"MOTILAL OSWAL MUTUAL FUND",B,STK,252,258,246.04,254.3,257.5,258.7,53,1146,287110,
590134,"Madras Fertilizer Limited",B,STK,60,61,58,60.22,60.25,62.13,115,3321,197054,
590136,"Kotak Mahindra Mutual Fund - P",B,STK,60.16,60.16,57.3,58.07,58.11,59.87,158,56767,3282752,
590137,"SBI Mutual Fund-Permitted",B,STK,587,589.74,567,575.64,574.78,592.75,308,5872,3357628,
590138,"SBI Mutual Fund-Permitted",B,STK,255.49,258.52,252.36,257.66,258.21,262.05,1749,148587,38042100,
590139,"Kotak Mahindra Mutual Fund - P",B,STK,1094.46,1094.46,1094.43,1094.44,1094.44,1094.3,20,7418,8118662,
590140,"Tata Mutual Fund - Permitted",E,STK,14.95,15.65,14.95,15.39,15.39,15.34,14990,10040044,154105257,
590141,"Nippon India Mutual Fund - Per",B,STK,32.47,33.49,32.47,33.29,33.29,33.31,5705,1318690,43516484,
590142,"Nippon India Mutual Fund - Per",B,STK,22.94,23.57,22.7,23.54,23.54,23.53,687,107027,2489361,
590143,"Nippon India Mutual Fund - Per",F,STK,29.32,29.37,29.25,29.34,29.37,29.44,151,569655,16686610,
590144,"Nippon India Mutual Fund - Per",B,STK,213.54,218,210.22,215.05,216.44,219.02,711,47825,10216584,
590145,"Nippon India Mutual Fund - Per",E,STK,245.11,248.44,242.75,246.71,246.71,246.81,19135,2897336,712756432,
590146,"Motilal Oswal Mutual Fund-Perm",E,STK,156.56,157.55,155.41,157,157.35,156.06,213,843668,132327698,
590147,"Motilal Oswal Mutual Fund-Perm",E,STK,251.04,256.33,249.06,253.45,251.75,255.23,281,283772,71797653,
590148,"Motilal Oswal Mutual Fund-Perm",B,STK,15.36,15.36,14.94,15.15,15.15,15.51,1467,431523,6482151,
590149,"Motilal Oswal Mutual Fund-Perm",B,STK,45,45.28,43.95,45.19,45.25,45.6,633,48592,2168005,
590150,"Motilal Oswal Mutual Fund-Perm",B,STK,73.92,74.35,71.5,73.29,73.29,74.36,948,117845,8537705,
590151,"Motilal Oswal Mutual Fund-Perm",B,STK,49.99,50.07,47.59,49.18,49.2,50.25,645,72153,3497564,
590152,"Motilal Oswal Mutual Fund-Perm",B,STK,94.5,95.5,90,91.71,91.71,93.78,3240,387220,35413333,
590153,"Motilal Oswal Mutual Fund-Perm",B,STK,22.54,22.95,22.13,22.63,22.95,22.98,879,411825,9197262,
590154,"Kotak Mahindra Mutual Fund - P",B,STK,46.95,47.15,45.22,46.24,46.54,47.19,835,247892,11355115,
751087,"Onelife Capital Advisors Ltd",R,STK,0.17,0.17,0.17,0.17,0.17,0.17,13,15118,2570,
751088,"Avi Polymers Ltd.",R,STK,0.55,0.55,0.55,0.55,0.55,0.57,44,270862,148974,
751093,"Bhandari Hosiery Exports Ltd.",R,STK,0.08,0.08,0.08,0.08,0.08,0.12,111,266196,21295,
751094,"HILTON METAL FORGING LIMITED",R,STK,0.2,0.3,0.14,0.18,0.18,0.23,207,262258,47073,
800177,920GOI2030,G,STK,114,115.75,114,115.75,115.75,115.25,2,401,45715,
800291,"SOVEREIGN GOLD BOND 2019 SERIE",G,STK,15491,15491,15491,15491,15491,15551,2,2,30982,
800294,757GOI2033,G,STK,105.45,105.45,105.45,105.45,105.45,103.6,1,2,210,
800295,"SOVEREIGN GOLD BOND 2019-20 SE",G,STK,15512,15924,15512,15924,15924,16399,2,5,77972,
800297,"SOVEREIGN GOLD BOND 2019-20 SE",G,STK,15633.1,15633.1,15598,15601.03,15601.03,15767.5,21,43,671073,
800316,719GOI2060,G,STK,98,98,98,98,98,101.5,1,58000,5684000,
800318,"Sovereign Gold Bonds 2020-21 S",G,STK,15779,15779,15610.01,15675,15675,15827,74,232,3638788,
800320,"Sovereign Gold Bonds 2020-21 S",G,STK,15763.81,15763.81,15552,15611.33,15611.5,15899,39,132,2059263,
800322,"Sovereign Gold Bonds 2020-21 S",G,STK,15718.99,15718.99,15718.99,15718.99,15718.99,15849,1,2,31437,
800324,"Sovereign Gold Bond 2020-21 IV",G,STK,15800,15800,15551,15684,15699,15800,26,81,1264490,
800325,"Sovereign Gold Bonds 2020-21 V",G,STK,15770,15770,15571.63,15658.9,15658.9,15772.93,74,104,1628958,
800327,"Sovereign Gold Bonds 2020-21 S",G,STK,15650,15692,15566,15624.96,15625,15790,65,205,3202081,
800328,"Sovereign Gold Bonds 2020-21 S",G,STK,15616,15675,15611,15654.4,15652,15818.2,20,190,2967627,
800329,"Sovereign Gold Bonds 2020-21 S",G,STK,15719,15720,15580,15602.78,15602.78,15800,10,22,344312,
800331,"SGB 2020-21 Series IX",G,STK,15612,15700,15600,15606,15606,15835,27,79,1233996,
800333,"SGB 2020-21 SERIES XI",G,STK,15699,15701,15663,15700,15700,15869,22,28,439475,
800334,676GOI2061,G,STK,91.5,91.7,91.5,91.7,91.7,93.3,2,100,9169,
800339,"SGB 2020-21 Series XII",G,STK,15765.4,15765.4,15561.01,15605,15605,15783.33,77,239,3729604,
800340,"SGB 2021-22 Series I",G,STK,15620.86,15677.78,15575.01,15628.34,15612.03,15810.6,169,351,5481338,
800341,"SGB 2021-22 Series II",G,STK,15506.01,15675,15506.01,15631.89,15581,15814,34,118,1834287,
800342,"Sovereign Gold Bonds 2021-22",G,STK,15591,15673,15588,15673,15673,15825,4,5,78116,
800367,"Sovereign Gold Bond Series IV",G,STK,15799,15898,15765.01,15889.08,15898,15900,22,36,569348,
800385,"Sovereign Gold Bonds 2021-22 S",G,STK,15961,15962,15961,15962,15962,15961.25,3,3,47884,
800386,"Sovereign Gold Bonds 2021-22 S",G,STK,15758.02,15758.02,15637,15660.4,15637,15900,11,26,408333,
800428,GS15JUN29C,G,STK,70,70,70,70,70,72.64,1,600,42000,
800434,"Sovereign Gold Bonds 2021-22 S",G,STK,16250,16250,15604.01,15664.79,15664.79,16013,26,78,1222365,
800435,699GOI2051,G,STK,95.7,95.7,95.7,95.7,95.7,106,1,65850,6301845,
800437,"Sovereign Gold Bonds 2021-22 S",G,STK,15783.86,15783.86,15652,15700,15700,15926.01,43,49,767500,
800438,"Soveriegn Gold Bonds 2021-22 S",G,STK,15802,15802,15643.52,15680,15680,16032.68,25,47,737428,
800439,"Sovereign Gold Bonds 2021-22 S",G,STK,15823,15901.42,15711,15901.42,15901.42,15973,10,14,221473,
800441,754GOI2036,G,STK,106.9,106.9,106.75,106.75,106.75,107.3,3,3100,330940,
800442,738GOI2027,G,STK,103,103,103,103,103,103.25,2,100000,10300000,
800443,"Sovereign Gold Bonds 2022-23 S",G,STK,15612,15612,15612,15612,15612,16032.91,1,1,15612,
800488,"Sovereign Gold Bonds 2022-23 S",G,STK,15760,15898.99,15702,15783.4,15793,16070.26,116,237,3735920,
800489,74GOI2062,G,STK,103.25,103.25,103.25,103.25,103.25,104.35,10,2000,206500,
800520,726GOI2032,G,STK,105.5,105.5,105.5,105.5,105.5,102.95,1,1,105,
800573,"Soverign Gold Bond 2022-23 Sr",G,STK,15000,15924,15000,15783.83,15802,16050.86,86,266,4200666,
800575,"Sovereign Gold Bond 2022-23 Sr",G,STK,15843,16139.99,15767,15810,15810,16140,40,75,1189769,
800580,"Sovereign Gold Bonds 2023-24 S",G,STK,15854.8,16026,15806,15858.73,15862,16151.34,53,119,1892845,
800583,574GS2026,G,STK,98.1,98.1,98.1,98.1,98.1,100.6,1,3,294,
800588,725GOI2063,G,STK,98.01,99.24,97.36,99.2,99.2,99.25,9,501651,49761310,
800596,"Sovereign Gold Bonds 2023-24 S",G,STK,16280,16280,15810.01,15931.7,15960,16199.8,349,1160,18434145,
800598,718GS2037,G,STK,103,103,103,103,103,103.65,2,750,77250,
800603,"Sovereign Gold Bonds 2023-24 S",G,STK,16276.03,16276.03,15953,15971,15971,16200.37,148,267,4281612,
800604,733GS26J24,G,STK,102.95,103.05,102.6,103,103,102.6,7,53898,5549849,
800605,"Sovereign Gold Bonds 2023-24 S",G,STK,16731.68,17219.35,16161,16476.68,16500,16900.69,553,1116,18361296,
800618,709GOI54,G,STK,97.8,97.8,97.8,97.8,97.8,96,1,2,195,
800807,709GOI74,G,STK,96,97.5,96,97.5,97.5,97.3,14,11171,1077560,
800808,690GOI65,G,STK,95,95.45,94.5,95.2,95.44,95.8,12,3034,287487,
800809,724GOI55,G,STK,98.25,98.25,98.01,98.01,98.01,99,6,1003,98352,
805143,182TB14526,G,STK,98.59,98.59,98.59,98.59,98.59,98.36,1,500,49295,
805149,182TB28526,G,STK,98.37,98.37,98.37,98.37,98.37,98.14,1,500,49185,
805178,91TB140526,G,STK,98.97,98.97,98.97,98.97,98.97,98.26,1,1000,98970,
810633,773GJSDL29,G,STK,92,92,92,92,92,101.85,1,9700,892400,
810666,711TNSDL29,G,STK,99,99,99,99,99,104,1,27982,2770218,
810699,657TAMSDL31,G,STK,92.5,92.5,92.5,92.5,92.5,97,1,10000,925000,
810702,729KARSDL36,G,STK,90,90,90,90,90,93.95,1,10000,900000,
810720,686PUNSDL33,G,STK,93,93,93,93,93,97.42,1,10000,930000,
810725,688MAHSDL33,G,STK,98,98,98,98,98,106,1,27900,2734200,
810757,697TAMSDL31,G,STK,99,99,99,99,99,109.5,1,11390,1127610,
810760,714APSDL41,G,STK,87,87,87,87,87,95,1,10000,870000,
810773,691MAHSDL34,G,STK,99.5,99.5,99.5,99.5,99.5,107.95,2,30000,2985000,
810795,687KARSDL31,G,STK,96.5,96.5,96.5,96.5,96.5,106.6,1,10000,965000,
810819,716KARSDL36,G,STK,98,98,98,98,98,108.25,1,11500,1127000,
810855,794TNSDL32,G,STK,101.85,101.85,101.85,101.85,101.85,102.01,1,200,20370,
810908,774KARSDL37,G,STK,101.5,101.5,101.5,101.5,101.5,93.5,1,1000,101500,
810929,771GUJSDL33,G,STK,100.25,100.25,100.25,100.25,100.25,109,1,25000,2506250,
810935,768GUJSDL33,G,STK,103.35,103.35,103.35,103.35,103.35,109.5,1,20000,2067000,
810944,761TELSDL44,G,STK,95.3,95.3,95.3,95.3,95.3,95.3,1,500,47650,
810997,737KARSDL38,G,STK,100.35,100.35,100.35,100.35,100.35,107,1,74000,7425900,
890197,"Yarn Syndicate Ltd.",X,STK,1.75,1.75,1.44,1.51,1.51,1.8,80,123056,194489,
890202,"SOLARA ACTIVE PHARMA SCIENCES",B,STK,300,300,291.1,291.1,291.1,300,3,12,3504,
890217,"Aplab Ltd.",X,STK,68.99,68.99,57.21,57.21,57.21,63.56,8,211,12090,
890220,"KATI PATANG LIFESTYLE LIMITED",X,STK,9.93,9.93,9.93,9.93,9.93,9.97,1,80,794,
890221,"Spandana Sphoorty Financial Li",B,STK,118.8,120,97.05,107.1,107.1,118.8,542,3926,435769,
890225,"ECO HOTELS AND RESORTS LIMITED",X,STK,5.66,5.66,5.66,5.66,5.66,5.61,1,1,5,
890228,"Allcargo Terminals Limited",B,STK,9.6,11.3,9.15,9.5,9.5,11.35,52,1452,14656,
890229,"ANNVRRIDHHI VENTURES LIMITED",X,STK,2.68,2.89,2.11,2.82,2.87,2.52,21,5249,13992,
890230,"Ace Software Exports ltd.",X,STK,114.3,120.5,114.3,120.5,120.5,123.5,3,3,355,
890232,"KRISHIVAL FOODS LIMITED",B,STK,107.5,107.5,107.5,107.5,107.5,107.5,1,30,3225,
890233,"PVV Infra Limited",X,STK,1.58,1.58,1.34,1.43,1.43,1.44,184,169663,238677,
912254,"ICIC M6-DDB-21/7/2026",F,STK,98000,98000,97500,97500,97500,97890,4,4,391479,
935510,PFC-7.52%-2B-17-10-30-BOND,F,STK,1100.01,1105,1100.01,1105,1105,1100,2,125,137780,
935544,REC-7.34%-5-11-30-S-2B-NCD,F,STK,1080.01,1088,1080.01,1088,1088,1099.98,2,214,231977,
935548,REC-7.43%-5-11-35-S-3B-NCD,F,STK,1176,1176,1173,1174.33,1173,1176.5,6,300,352300,
935574,IRFC-7.53%-21-12-30-TAXFREENCD,F,STK,1102.01,1108,1102.01,1108,1108,1104.01,6,791,875882,
935576,IRFC-7.50%-21-12-35-TAXFREENCD,F,STK,1162.5,1162.5,1162.5,1162.5,1162.5,1196,1,52,60450,
935582,NHAI-7.35%-11-1-31-TAXFREENCD,F,STK,1182.93,1182.93,1182.93,1182.93,1182.93,1148.47,1,1,1182,
935584,NHAI-7.6%-11-1-31-TAXFREENCD,F,STK,1150.3,1154,1149.1,1152.2,1154,1155,18,1103,1270701,
935620,IREDA-7.68%-21-1-36-TAXFREENCD,F,STK,1200,1200,1200,1200,1200,1200,1,40,48000,
935638,HUDCO-7.39%-8-2-31-TAXFREENCD,F,STK,1092,1092,1092,1092,1092,1087.8,3,400,436800,
935666,NHAI-7.69%-9-3-31-TAXFREENCD,F,STK,1116.03,1116.03,1116.03,1116.03,1116.03,1121.99,1,100,111603,
935670,HUDCO-7.39%-15-3-31-TAXFREENCD,F,STK,1098.01,1098.01,1098.01,1098.01,1098.01,1095,2,50,54900,
935690,NABARD-7.64%-23-3-31-NCDS,F,STK,1086,1087.63,1086,1086.3,1086.3,1087.6,6,1477,1604419,
935752,MMFSL-9%-6-6-26-NCD,F,STK,1066,1066,1065,1065,1065,1064,6,140,149208,
935760,MMFSL-6-6-26-NCD,F,STK,2290,2290,2290,2290,2290,2290,3,19,43510,
935788,NIDO-10%-19-7-26-NCD,F,STK,1051.55,1053,1051.55,1053,1053,1055,2,70,73637,
935868,SCL-9.15%-26-9-26-NCDS,F,STK,1030,1030,1004.25,1004.25,1004.25,1030,2,6,6051,
936044,MMFSL-8.00%-24-07-27-NCD,F,STK,1060,1065,1060,1065,1065,1060,2,10,10625,
936048,MMFSL-8.05%-24-07-32-NCD,F,STK,1075,1075,1070,1070,1070,1087.99,40,957,1024664,
936132,ECL-9.25%-22-3-28-NCD,F,STK,979.49,979.49,979.49,979.49,979.49,1054,1,11,10774,
936224,JMFCSL-9.75%-7-6-28-NCD,F,STK,1085,1087,1085,1087,1087,1086,2,930,1009070,
936226,JMFCSL-9.34%-7-6-28-NCD,F,STK,1050,1050,1050,1050,1050,1050,1,1,1050,
936278,SFIL-8.84%-25-9-28-NCD,F,STK,849,849,837,837,837,925,2,331,277059,
936294,TCAP-9.10%-27-9-28-NCD,F,STK,1075.72,1075.72,1075.72,1075.72,1075.72,1074.02,1,15,16135,
936320,AHFL-9.35%-29-9-28-NCD,F,STK,1015,1027.8,1015,1027.8,1027.8,1015,5,81,82341,
936398,EFL-10.15%-4-1-29-NCD,F,STK,1010.1,1020,1010.1,1020,1020,1005.6,2,600,607050,
936412,MMFSL-9.3%-18-1-27-NCD,F,STK,1098.1,1098.56,1097,1097.5,1097.5,1098,36,1122,1231699,
936416,MMFSL-9.5%-18-1-29-NCD,F,STK,1110.25,1113.25,1110,1113.06,1113,1121,9,284,315832,
936476,IFL-10%-7-2-29-NCD,F,STK,991,993.01,991,993.01,993.01,991.6,2,20,19840,
936492,MFL-ZC-5-5-26-NCD,F,STK,1966.78,1966.78,1966,1966,1966,1940,3,14,27531,
936578,LTF-8.7%-15-4-27-NCD,F,STK,1021,1021,1021,1021,1021,1021,2,5,5105,
936722,EFL-9.95%-23-5-29-NCD,F,STK,995,995,995,995,995,1000,2,130,129350,
936724,EFL-10.4%-23-5-29-NCD,F,STK,1068.8,1068.8,1068.8,1068.8,1068.8,1068.8,1,40,42752,
936810,TCAP-8.65%-26-8-27-NCD,F,STK,1140.4,1140.4,1051,1051,1051,1051.05,16,279,302251,
936975,ECL-9.95%-28-11-29-NCD,F,STK,990,999.5,981,995,995,990,10,207,204804,
937017,LTF-8.65%-23-12-26-NCD,F,STK,1020,1020,1020,1020,1020,1019.62,2,4,4080,
937057,TCHF-8.4%-14-1-28-NCD,F,STK,1022.25,1022.25,1021.45,1021.5,1021.5,1029.8,7,496,506855,
937373,PFCL-7%-22-1-31-NCD,F,STK,978.61,984,978.61,982,982,978.63,6,201,197287,
937453,IFL-10%-24-6-28-NCD,F,STK,975,990,975,990,990,1015.01,10,500,491500,
937455,IFL-9.6%-24-6-28-NCD,F,STK,995.5,999.45,993.01,994.12,994.12,995,7,454,452428,
937457,IFL-ZC-24-6-28-NCD,F,STK,1554.3,1560,1554.21,1560,1560,1552,7,418,650204,
937461,MFL-II-20-4-26-NCD,F,STK,1000,1000,998,998,998,1000,2,184,183642,
937467,MFL-V-20-4-26-NCD,F,STK,1064,1064,1064,1064,1064,1064,2,25,26600,
937495,EFSL-9.16%-29-4-26-NCD,F,STK,1000,1000,991.5,998,998,996,10,969,966157,
937497,EFSL-9.55%-29-4-26-NCD,F,STK,1077,1077,1077,1077,1077,1077.5,1,1,1077,
937501,EFSL-9.30%-29-4-31-NCD,F,STK,953.3,960,953.3,960,960,975,3,21,20093,
937525,IGT-7.6%-6-5-28-INVIT-NCD,F,STK,1061.2,1061.2,1061.2,1061.2,1061.2,1035,7,230,244076,
937621,IHFL-9.60%-3-11-28-NCD,F,STK,990.01,994,990.01,994,994,996.99,5,685,679118,
937637,EFSL-9.30%-10-9-31-NCD,F,STK,970,970,970,970,970,970,1,10,9700,
937703,KSFL-ZC-29-9-28-NCD,F,STK,1310.2,1400,1310.2,1400,1400,1450,3,300,397550,
937723,IIFL-8.75%-14-10-26-NCD,F,STK,1022,1022,1022,1022,1022,1021.2,2,495,505890,
937725,IIFL-ZC-14-10-26-NCD,F,STK,1410.2,1425,1410.2,1425,1425,1406,6,294,415088,
937747,IML-24-9-27-NCD,F,STK,1352.8,1601.1,1352.8,1601.1,1601.1,1656.1,3,12,17723,
937773,MFL-8.75%-29-10-26-NCD,F,STK,997,997,997,997,997,983.21,2,275,274175,
937799,EFSL-9.15%-28-12-26-NCD,F,STK,996,996,984.01,984.01,984.01,996,2,90,88572,
937803,EFSL-28-12-26-NCD,F,STK,1431,1431,1431,1431,1431,1440.8,1,7,10017,
937807,EFSL-9.7%-28-12-31-NCD,F,STK,975,975,975,975,975,976.09,1,25,24375,
937831,IHFL-8.43%-3-1-29-NCD,F,STK,985,985,985,985,985,978.5,4,2500,2462500,
937895,MFL-ZC-2-2-27-NCD,F,STK,1381.8,1381.8,1381.8,1381.8,1381.8,1381.8,1,200,276360,
937939,KFIL-10-17-4-27-NCD,F,STK,995,995,995,995,995,1001,3,123,122385,
937971,SCL-8.89%-28-4-27-NCD,F,STK,999,999,999,999,999,999,2,16,15984,
937999,NIDO-9.15%-29-4-27-NCD,F,STK,990,990,980,981.77,980,981.51,5,300,294548,
938105,NWIL-9.16%-15-7-27-NCD,F,STK,984,984,984,984,984,999,2,419,412296,
938107,NWIL-9.55%-15-7-27-NCD,F,STK,1044,1049,1044,1049,1049,1050,3,130,135920,
938212,EFSL-9.35%-20-10-27-NCD,F,STK,983.6,983.6,983.6,983.6,983.6,990,1,4,3934,
938214,EFSL-9.75%-20-10-27-NCD,F,STK,1020,1020,1020,1020,1020,1025,1,5,5100,
938220,EFSL-10.10%-20-10-32-NCD,F,STK,999.99,999.99,999.99,999.99,999.99,999.99,2,41,40999,
938222,NHIT-25-10-35-INVIT,F,STK,317,322,315,322,322,318,9,1503,473869,
938224,NHIT-25-10-40-INVIT,F,STK,317.15,317.15,315,315,315,317.57,6,140,44121,
938226,NHIT-7.9%-25-10-47-INVIT,F,STK,428.99,428.99,428.99,428.99,428.99,423,1,1,428,
938284,MFL-7.50%-23-12-27-NCD,F,STK,989,989,980,985,985,981,5,143,140986,
938294,MFL-ZC-23-12-27-NCD,F,STK,1262,1266,1261,1266,1266,1262,6,1635,2065035,
938330,CCIL-11.50%-11-1-28-NCD,F,STK,1002,1002,1002,1002,1002,1006,1,1,1002,
938336,CCIL-ZC-9-3-29-NCD,F,STK,1130.2,1300,1130.2,1300,1300,1335.1,2,12,14581,
938364,EFSL-9.67%-20-1-28-NCD,F,STK,990,990,982,982,982,998.8,2,97,95262,
938370,EFSL-10%-20-1-33-NCD,F,STK,984.95,984.95,970,975,975,981.01,13,1638,1592491,
938382,IIFL-8.65%-25-1-28-NCD,F,STK,991,992,991,992,992,991.7,18,1502,1489774,
938384,IIFL-9%-24-1-28-NCD,F,STK,995,995,995,995,995,991,1,200,199000,
938386,"IIFL-ZERO COUPON-24-1-28-NCD",F,STK,1265,1265,1265,1265,1265,1320,1,94,118910,
938422,SFIL-9.85%-2-2-28-NCD,F,STK,385,395,385,395,395,370.25,2,200,77500,
938518,EFSL-9.20%-27-4-26-NCD,F,STK,996,996.3,990.3,993.32,995,997.88,13,352,350012,
938524,EFSL-9.67%-27-4-28-NCD,F,STK,999.85,999.85,999.85,999.85,999.85,999.85,2,50,49992,
938532,EFSL-10.45%-27-4-33-NCD,F,STK,1036.8,1036.8,1036.8,1036.8,1036.8,1054.8,1,15,15552,
938562,MFL-3-6-28-NCD,F,STK,1231.02,1240,1231.02,1237.32,1231.05,1234.76,3,20,24683,
938588,CIFCL-8.40%-4-5-28-NCD,F,STK,1062,1062,1062,1062,1062,1060,1,10,10620,
938604,SFL-10.25%-8-5-28-NCD,F,STK,993,1000,993,1000,1000,994,2,15,14930,
938608,SFL-08-06-30-NCD,F,STK,1176,1176,1176,1176,1176,1174,1,1,1176,
938620,IML-23-7-28-NCD,F,STK,1275,1275,1275,1275,1275,1063,1,4,5100,
938622,IML-23-6-29-NCD,F,STK,1290,1290,1290,1290,1290,1299,2,2,2580,
938644,NFL-10.50%-18-7-26-NCD,F,STK,1000,1000,999,999,999,1001,10,178,177947,
938652,EFSL-9.20%-21-7-26-NCD,F,STK,1000,1000,990.01,996.49,990.01,997,6,400,399297,
938654,EFSL-9.60%-21-7-26-NCD,F,STK,1046.2,1051,1046.2,1051,1051,1055,3,222,232554,
938656,EFSL-21-7-26-NCD,F,STK,1261.2,1261.2,1261.2,1261.2,1261.2,1261,2,24,30268,
938658,EFSL-9.67%-21-7-28-NCD,F,STK,990,990,990,990,990,995,6,1245,1232550,
938664,EFSL-10%-21-7-33-NCD,F,STK,994,995,994,994,994,994,3,1136,1130184,
938666,EFSL-10.45%-21-7-33-NCD,F,STK,1022.2,1022.2,1022.2,1022.2,1022.2,1030,1,18,18399,
938698,PFC-750%-1-8-26-NCD,F,STK,1040.9,1041,1040.9,1041,1041,1039.91,2,64,66623,
938770,NHFL-9.20%-15-9-26-NCD,F,STK,998,998,998,998,998,993.5,1,5,4990,
938782,NHFL-10%-15-9-33-NCD,F,STK,1000,1000,1000,1000,1000,1000,1,50,50000,
938788,MFL-8.90%-20-9-26-NCD,F,STK,983.6,983.6,983.5,983.5,983.5,999.8,4,100,98350,
938876,MFLTD-8%-4-10-28-NCD,F,STK,1010.06,1010.06,1010.06,1010.06,1010.06,1006.02,1,16,16160,
938888,ABCL-9-10-28-NCD,F,STK,1190,1200,1190,1200,1200,1200,6,1794,2135119,
938898,EFSL-9.20%-26-10-26-NCD,F,STK,993,998,986.3,986.3,986.3,990,3,237,234856,
938904,EFSL-9.67%-26-10-28-NCD,F,STK,990,990,990,990,990,996,6,500,495000,
938910,EFSL-10%-26-10-33-NCD,F,STK,990,990,990,990,990,980,1,14,13860,
938916,MFL-8.9%-1-11-26-NCD,F,STK,999,999,996,996,996,996.8,3,130,129864,
938918,MFL-9.05%-1-11-28-NCD,F,STK,1000,1000,1000,1000,1000,1000,3,35,35000,
938940,CCL-11%-2-11-26-NCD,F,STK,999.95,999.95,999.95,999.95,999.95,999.95,1,100,99995,
938978,SCL-9.48%-9-11-26-NCD,F,STK,699.99,708.88,699.99,708.88,708.88,633.99,2,1040,732434,
938994,SCL-10.03%-9-11-30-NCD,F,STK,799,799,799,799,799,799,1,1,799,
939056,ISFL-10.50%-21-12-28-NCD,F,STK,1000,1007,1000,1007,1007,990.1,2,200,200700,
939164,KFL-10%-17-1-28-NCD,F,STK,995,995,995,995,995,1000,2,55,54725,
939180,360OPL-9.61%-18-1-27-NCD,F,STK,1001,1001,1001,1001,1001,1018.45,2,52,52052,
939190,EFSL-9.20%-29-1-27-NCD,F,STK,995,995,995,995,995,995,2,64,63680,
939192,ESFL-9.60%-29-1-27-NCD,F,STK,999,999,999,999,999,997,1,10,9990,
939206,MFL-8.25%-25-1-27-NCD,F,STK,1000,1000,1000,1000,1000,1000,3,43,43000,
939212,MFL-8.50%-25-1-27-NCD,F,STK,996,996,996,996,996,1010.8,1,15,14940,
939214,MFL-8.50%-25-1-29-NCD,F,STK,1020,1020,1020,1020,1020,1020,1,50,51000,
939216,MFL-25-1-27-NCD,F,STK,1193,1193,1193,1193,1193,1195,1,100,119300,
939218,MFL-25-1-29-NCD,F,STK,1213,1213,1213,1213,1213,1215,1,100,121300,
939260,IML-10.75%-15-2-27-NCD,F,STK,1000,1000,995,995,995,1000,2,31,30920,
939288,UCL-10.50%-27-5-26-NCD,F,STK,1002.99,1002.99,1002.99,1002.99,1002.99,1002.99,1,100,100299,
939290,UCL-11%-27-5-26-NCD,F,STK,1000,1000,1000,1000,1000,1000,1,2,2000,
939309,NHFL-10.26%-1-3-34-NCD,F,STK,826.1,826.1,826.1,826.1,826.1,830.01,1,10,8261,
939331,NFL-10.40%-13-6-26-NCD,F,STK,1000,1000,1000,1000,1000,1000,1,1,1000,
939335,NFL-10.65%-13-3-27-NCD,F,STK,1020,1020,1020,1020,1020,1001,1,31,31620,
939403,EFSL-9%-29-4-26-NCD,F,STK,1070,1070,1070,1070,1070,1076.44,2,75,80250,
939423,EFSL-9.67%-29-4-29-NCD,F,STK,985,985,985,985,985,988,3,200,197000,
939427,KFL-10%-25-4-28-NCD,F,STK,968.5,988,968.5,988,988,968.5,2,20,19565,
939435,EFSL-10.10%-29-4-29-NCD,F,STK,1044.99,1045.99,1044.99,1045.99,1045.99,1038,3,27,28223,
939439,EFSL-10.45%-29-4-34-NCD,F,STK,1052.5,1052.5,1052.5,1052.5,1052.5,1052.5,1,62,65255,
939443,MFCL-8.90%-30-6-26-NCD,F,STK,990.21,990.21,990.2,990.2,990.2,990.21,5,431,426780,
939469,MOFSL-8.85%-9-5-26-NCD,F,STK,1071,1071,1071,1071,1071,1087,2,36,38556,
939477,MOFSL-8.97%-9-5-29-NCD,F,STK,1015,1015,1015,1015,1015,1016.9,1,25,25375,
939483,MOFSL-9.7%-9-5-34-NCD,F,STK,1131,1140,1131,1140,1140,1111,4,165,187660,
939545,SCL-10.25%-31-05-2034-NCD,F,STK,985,985,985,985,985,951.1,5,306,301410,
939581,NHFL-ZC-3-7-26-NCD,F,STK,1148.2,1152.8,1140,1152.8,1152.8,1154.85,7,818,938148,
939609,SFL-ZC-9-7-29-NCD,F,STK,1099,1099,1099,1099,1099,1099,2,5,5495,
939623,EFSL-10.04%-26-7-29-NCD,F,STK,1004,1009,1003,1003,1003,1006.5,4,9,9044,
939629,EFSL-10.5%-26-7-29-NCD,F,STK,1035,1035,1035,1035,1035,1020,3,560,579600,
939631,EFSL-10.49%-26-7-34-NCD,F,STK,1010,1017.1,1010,1017.1,1017.1,1003,4,315,319570,
939639,SMCGSL-10%-07-8-26-NCD,F,STK,1045.2,1045.2,1045.2,1045.2,1045.2,1053.5,1,40,41808,
939655,SMCGSL-9.94%-07-08-29-NCD,F,STK,985,985,985,985,985,985,6,156,153660,
939693,CCIL-12%-13-8-29-NCD,F,STK,999,999,999,999,999,1000,7,39,38961,
939715,MML-11.50%-11-9-29-NCD,F,STK,1000,1000,1000,1000,1000,1015,1,25,25000,
939731,AEL-9.56%-12-9-29-NCD,F,STK,1045.5,1045.5,1045.5,1045.5,1045.5,1055,2,50,52275,
939747,MFCL-9.65%-16-9-27-NCD,F,STK,1015.52,1020,840.2,1008.13,1020,998.5,7,222,224154,
939755,MFCL-16-9-27-NCD,F,STK,1123.8,1123.8,1123.8,1123.8,1123.8,1123.8,1,50,56190,
939775,SCL-9.90%-25-9-27-NCD,F,STK,1025,1025,1025,1025,1025,1029.92,1,810,830250,
939803,ICFL-10.50%-25-9-26-NCD,F,STK,1000,1000,1000,1000,1000,1052.32,1,13,13000,
939805,ICFL-ZC-25-9-26-NCD,F,STK,1140.2,1140.2,1140.2,1140.2,1140.2,1142.4,1,56,63851,
939817,NHFL-9.58%-8-10-27-NCD,F,STK,986,986,985,985,985,986.25,2,10,9853,
939839,EFSL-9.50%-24-10-26-NCD,F,STK,1029.8,1029.8,1029.8,1029.8,1029.8,1018.2,1,51,52519,
939849,EFSL-10.04%-24-10-29-NCD,F,STK,1000,1000,1000,1000,1000,990.1,4,120,120000,
939851,EFSL-10.50%-24-10-29-NCD,F,STK,1006.9,1006.9,1006.8,1006.8,1006.8,1015,3,47,47319,
939863,MFCL-9%-30-10-26-NCD,F,STK,999,999,995,995,995,1000,3,255,253945,
939869,MFCL-9.65%-30-10-30-NCD,F,STK,903.08,1004,903.01,1004,1004,1015,15,562,548058,
939871,MFCL-9.40%-30-10-26-NCD,F,STK,1025,1025,1025,1025,1025,1015,2,60,61500,
939901,IML-7-5-30-NCD,F,STK,1155,1155,1155,1155,1155,1151,1,1,1155,
939909,MML-9.50%-18-11-27-NCD,F,STK,950.32,981,950.32,981,981,950.32,2,20,19313,
939923,ICLFL-12.20%-02-12-29-NCD,F,STK,990.05,990.05,990,990,990,1000,21,200,198000,
939957,KFL-11-6-26-NCD,F,STK,1090.2,1090.2,1090.2,1090.2,1090.2,1097,1,25,27255,
939983,IHFL-8.9%-26-12-29-NCD,F,STK,975,975,975,975,975,970,3,200,195000,
940043,NHFL-10.03%-6-1-30-NCD,F,STK,980,980,980,980,980,982.08,2,250,245000,
940049,NHFL-10.49%-6-1-35-NCD,F,STK,1000,1000,1000,1000,1000,1000,1,30,30000,
940053,MFLIII-9%-10-1-27-NCD,F,STK,1000,1000,1000,1000,1000,981.21,1,11,11000,
940055,MFLIII-9.25%-10-1-28-NCD,F,STK,910,910,910,910,910,985,1,100,91000,
940067,MFLIII-10.10%-10-1-31-NCD,F,STK,1008.1,1008.1,1008.1,1008.1,1008.1,1005.06,1,25,25202,
940105,EFSL-24-1-28-NCD,F,STK,1085,1085,1085,1085,1085,1090,1,35,37975,
940179,MFLIV-24-2-27-NCD,F,STK,1074,1074,1073.99,1074,1074,1074,9,637,684136,
940231,SFL-9%-4-4-27-NCD,F,STK,970,970,970,970,970,970,1,20,19400,
940235,NHFL-9.58%-3-4-28-NCD,F,STK,984.8,985.01,984.8,985,985,973,4,111,109316,
940255,NHFL-10.49%-3-4-35-NCD,F,STK,1008,1008,1008,1008,1008,1008,1,27,27216,
940273,KFL-10.25%-14-4-30-NCD,F,STK,995,995,995,995,995,1005,1,10,9950,
940305,IIFL-10.25%-21-4-30-NCD,F,STK,1075,1075,1075,1075,1075,1070,1,100,107500,
940325,SMCGSL-10.03%-24-04-30-NCD,F,STK,1008,1008,1008,1008,1008,997.01,1,15,15120,
940339,EFSL-10.04%-30-04-30-NCD,F,STK,1015,1020,1015,1020,1020,1006.9,3,11,11170,
940361,MML-10.50%-12-5-30-NCD,F,STK,1004,1004,1004,1004,1004,1039.5,2,20,20080,
940373,ICLFL-16-06-26-NCD,F,STK,875.2,1050,875.2,1050,1050,1075,2,20,19252,
940385,MFL-9%-19-5-27-NCD,F,STK,980.3,980.3,837.8,980,980,990,6,234,224523,
940389,MFL-9.45%-19-5-30-NCD,F,STK,1002,1002,1002,1002,1002,1002,1,161,161322,
940393,MFL-9.4%-19-5-27-NCD,F,STK,1050.42,1050.42,1050.2,1050.2,1050.2,1050.62,2,10,10503,
940417,CCIL-21-6-26-NCD,F,STK,1045,1045,1040,1040,1040,1040,3,142,148140,
940421,CCIL-19-4-31-NCD,F,STK,940,940,940,940,940,940,1,10,9400,
940427,NHFL-9.57%-02-07-28-NCD,F,STK,981,988,980,988,988,980,17,2726,2679288,
940429,NHFL-10%-02-07-28-NCD,F,STK,1040,1040,1040,1040,1040,1051.98,1,3,3120,
940435,NHFL-10.30%-02-07-30-NCD,F,STK,1030,1030,1030,1030,1030,1027.5,2,127,130810,
940439,NHFL-10.25%-02-07-35-NCD,F,STK,1000,1000,1000,1000,1000,1000,1,40,40000,
940443,MFCL-8.85%-16-7-27-NCD,F,STK,994.5,994.5,985.99,985.99,985.99,987,4,126,124263,
940445,MFCL-9.05%-16-7-28-NCD,F,STK,973.4,998.5,973.4,973.45,973.45,991,4,35,34551,
940457,MFCL-9.80%-16-7-31-NCD,F,STK,1031,1035,1031,1035,1035,1026.46,2,14,14462,
940465,MFCL-16-7-31-NCD,F,STK,1029.8,1029.8,1029.8,1029.8,1029.8,1012.5,2,69,71056,
940473,AEL-9.15%-17-07-28-NCD,F,STK,1059.99,1059.99,1055,1055,1055,1056.3,3,35,37024,
940477,AEL-9%-17-07-30-NCD,F,STK,1018,1018,1018,1018,1018,1016.55,2,8,8144,
940479,AEL-9.30%-17-07-30-NCD,F,STK,1062,1062,1062,1062,1062,1089.99,9,123,130626,
940485,KFL-10%-23-7-28-NCD,F,STK,1020,1020,1020,1020,1020,1000,1,10,10200,
940487,KFL-23-7-28-NCD,F,STK,1015,1015,1015,1015,1015,985,8,1002,1017030,
940501,EFSL-9.35%-24-7-28-NCD,F,STK,981,984.05,964,969.97,970,1000.99,8,234,228491,
940505,EFSL-9.75%-24-7-28-NCD,F,STK,1024.8,1024.8,1018.2,1020.11,1020.11,1034.8,8,608,620358,
940507,EFSL-24-7-28-NCD,F,STK,1001,1001,987.6,987.6,987.6,1012,2,8,7954,
940511,EFSL-10.25%-24-7-30-NCD,F,STK,1026.5,1026.5,1026.5,1026.5,1026.5,1035.8,1,12,12318,
940515,EFSLD-10.25%-24-7-30-NCD,F,STK,1069,1069,1025.2,1025.2,1025.2,1029.1,3,162,166126,
940517,EFSL-10.03%-24-7-35-NCD,F,STK,995,999.01,994,994,994,995,6,100,99589,
940519,EFSL-10.50%-24-7-35-NCD,F,STK,1020.5,1020.5,1020.5,1020.5,1020.5,1033.8,4,47,47963,
940523,KAFL-9.5%-1-9-26-NCD,F,STK,963.26,988.85,963.26,988.79,988.79,975,14,1064,1026329,
940529,KAFL-10%-27-7-27-NCD,F,STK,975,975,975,975,975,975,1,5,4875,
940541,KAFL-27-2-32-NCD,F,STK,940,940,940,940,940,940,2,5,4700,
940543,MML-9.50%-4-9-26-NCD,F,STK,990.65,990.65,990.65,990.65,990.65,1000,10,48,47551,
940545,MML-4-9-26-NCD,F,STK,1036.8,1036.8,1036.8,1036.8,1036.8,1036.8,1,74,76723,
940551,MML-29-10-31-NCD,F,STK,1060,1060,1060,1060,1060,1060,1,35,37100,
940595,SCL-9.95%-01-08-35-NCD,F,STK,970,970,970,970,970,990,2,10,9700,
940601,IFL-11.02%-20-9-26-NCD,F,STK,979.66,979.99,970.99,979.99,979.99,999.66,5,134,130275,
940607,IFL-12%-20-8-30-NCD,F,STK,980,1000,980,1000,1000,1000,6,415,406800,
940609,IFL-20-9-26-NCD,F,STK,1027,1027,1027,1027,1027,1038.8,1,10,10270,
940619,IFL-20-6-31-NCD,F,STK,900.99,900.99,900.99,900.99,900.99,881.37,4,24,21623,
940621,SFL-9%-29-8-27-NCD,F,STK,970,970,970,970,970,976,1,5,4850,
940635,MML-9%-28-2-27-NCD,F,STK,980,982,980,982,982,982,3,18,17674,
940637,MML-9.25%-29-8-27-NCD,F,STK,982,982,982,982,982,982,3,17,16694,
940641,MML-10.25%-29-8-30-NCD,F,STK,1000,1000,980.1,1000,1000,1000,4,22,21770,
940643,MML-10.5%-29-8-30-NCD,F,STK,1006.82,1006.88,1006.8,1006.8,1006.8,1010.66,5,36,36245,
940649,NHFL-9.35%-10-09-28-NCD,F,STK,966.28,980,966.28,980,980,986,7,78,75941,
940657,NHFL-10.25%-10-09-30-NCD,F,STK,1011.55,1011.55,1011.55,1011.55,1011.55,1024.5,1,10,10115,
940661,NHFL-10.03%-10-09-35-NCD,F,STK,980,980,980,980,980,995,1,10,9800,
940669,EFSL-9.12%-7-10-28-NCD,F,STK,951,980,951,980,980,1014.99,3,15,14410,
940675,EFSL-9.58%-7-10-30-NCD,F,STK,985,985,985,985,985,980,1,4,3940,
940677,EFSL-10%-7-10-30-NCD,F,STK,1000,1000,1000,1000,1000,1000,1,100,100000,
940681,EFSL-9.80%-7-10-35-NCD,F,STK,990,990,980,980,980,990,2,10,9820,
940683,EFSL-10.25%-7-10-35-NCD,F,STK,992.21,1015.2,992.21,992.21,992.21,990.21,4,33,32788,
940689,CGCL-8.55%-13-4-27-NCD,F,STK,971.02,980,951.8,951.8,951.8,971.02,3,30,29028,
940693,CGCL-8.9%-13-10-28-NCD,F,STK,980,980,980,980,980,1001.11,2,20,19600,
940695,CGCL-9.25%-13-10-28-NCD,F,STK,1008.99,1008.99,1008.99,1008.99,1008.99,1008.99,1,10,10089,
940699,CGCL-9.7%-13-10-35-NCD,F,STK,1030,1030,1030,1030,1030,1000,1,9,9270,
940701,IML-9%-31-10-26-NCD,F,STK,961,980,961,980,980,953.85,4,16,15490,
940705,IML-9.75%-30-10-27-NCD,F,STK,983.53,984.66,961.01,984.66,984.66,981.37,6,16,15715,
940709,IML-10.25%-30-10-28-NCD,F,STK,987.1,996.99,986,996.99,996.99,997,9,123,121388,
940713,IML-11.25%-30-10-30-NCD,F,STK,995.01,1005.9,995.01,999.5,999.5,998.8,23,766,766358,
940715,IML-30-10-31-NCD,F,STK,981.01,986.42,981.01,986.42,986.42,990,8,118,115965,
940717,SGSL-9.75%-30-10-27-NCD,F,STK,1007.81,1007.81,1007.81,1007.81,1007.81,1007.81,1,10,10078,
940721,SGSL-10%-30-10-28-NCD,F,STK,996,996,996,996,996,999.9,1,100,99600,
940723,SGSL-30-10-28-NCD,F,STK,995,995,985,985,985,990,4,19,18725,
940725,SGSL-9.8%-30-10-30-NCD,F,STK,980,999,980,999,999,999,2,17,16793,
940727,SGSL-10.25%-30-10-30-NCD,F,STK,1019.95,1019.95,1019.95,1019.95,1019.95,1020,1,10,10199,
940729,KFL-09-05-27-NCD,F,STK,1005,1005,1005,1005,1005,1000,1,100,100500,
940741,KFL-10%-09-11-30-NCD,F,STK,901,980,901,980,980,901,2,6,5643,
940743,KFL-09-11-32-NCD,F,STK,965,985,965,985,985,984.69,8,100,97990,
940749,CCIL-11.30%-10-11-28-NCD,F,STK,990,990,990,990,990,976,1,1,990,
940751,CCIL-12%-9-11-30-NCD,F,STK,980.25,994,950,990.25,994,999,32,1098,1059998,
940753,CCIL-11-11-26-NCD,F,STK,985,985,985,985,985,990,2,50,49250,
940757,CCIL-10-9-31-NCD,F,STK,900,900,881,890,890,901.27,4,51,45482,
940765,ICLFL-12%-02-12-30-NCD,F,STK,980,1000,950,1000,1000,1000,13,437,430425,
940767,ICLFL-02-01-27-NCD,F,STK,981.2,981.2,981.2,981.2,981.2,981.2,2,14,13736,
940771,ICLFL-02-12-28-NCD,F,STK,935,935,935,935,935,935,1,10,9350,
940777,ICLFL-02-10-31-NCD,F,STK,850,850,840,847.94,847.94,824.02,7,25,21131,
940783,EFSL-9.03%-12-12-28-NCD,F,STK,995,995,990,990,990,999.99,2,54,53710,
940789,EFSL-9.44%-12-12-30-NCD,F,STK,975,975,951,970,970,967.92,15,153,147178,
940799,KAFL-9.50%-19-1-27-NCD,F,STK,978.8,978.8,978.8,978.8,978.8,978.8,1,12,11745,
940821,MML-9.5%-23-01-27-NCD,F,STK,966.62,990,966.62,990,990,966.62,7,43,42255,
940823,MML-19-12-27-NCD,F,STK,1000,1000,1000,1000,1000,1000,1,51,51000,
940833,MML-10.75%-19-12-30-NCD,F,STK,1005,1005,1005,1005,1005,1005,2,20,20100,
940835,MML-19-3-32-NCD,F,STK,1020,1020,1001,1001,1001,1020,6,109,110990,
940837,PCL-12.5%-29-12-28-NCD,F,STK,995,995,986,995,995,995,8,60,59610,
940841,PCL-13%-29-12-30-NCD,F,STK,985.88,1042.8,953,1019.94,1019.94,1006,36,1040,1015055,
940847,AEL-8.48%-12-1-29-NCD,F,STK,1012.8,1012.8,1012.8,1012.8,1012.8,1010.69,1,5,5064,
940849,AEL-8.75%-12-1-29-NCD,F,STK,1002,1002,1002,1002,1002,1001.32,2,1164,1166328,
940851,AEL-12-1-29-NCD,F,STK,1020,1020,997,997,997,1009,2,50,50425,
940855,AEL-8.90%-12-1-31-NCD,F,STK,1010,1010,1010,1010,1010,1010.21,12,1226,1238260,
940859,MFL-8.37%-12-2-28-NCD,F,STK,989.99,989.99,964.21,980,980,963.04,10,392,381465,
940861,MFL-8.52%-12-2-29-NCD,F,STK,960,960,945.5,950,950,951,4,107,101709,
940862,MFL-8.65%-12-2-31-NCD,F,STK,975,975.01,975,975.01,975.01,968,3,120,117000,
940866,MFL-8.7%-12-2-28-NCD,F,STK,934.15,970,934.15,956.2,956.2,958.11,7,92,87892,
940870,MFL-9%-12-2-31-NCD,F,STK,991,991,991,991,991,991,1,20,19820,
940872,MFL-9.1%-12-2-32-NCD,F,STK,960,967.99,951.03,967.99,967.99,968,11,241,229893,
940874,MFL-12-2-28-NCD,F,STK,969,970,969,970,970,969,5,86,83405,
940880,MFL-12-2-32-NCD,F,STK,970,970,951,951,951,970,3,50,47740,
940896,"Kosamattam Finance Limited",F,STK,991,991,991,991,991,921.2,1,7,6937,
940898,ICLFL-10%-23-03-27-NCD,F,STK,975,975,975,975,975,975,2,16,15600,
940902,ICLFL-11%-23-02-29--NCD,F,STK,990,990,951,951,951,994,7,59,56355,
940904,ICLFL-11.50%-23-02-31-NCD,F,STK,984,984,984,984,984,988,1,1,984,
940906,ICLFL-ZC-23-03-27-NCD,F,STK,970,970,942,949.17,945,970,7,32,30484,
940915,ICLFL-23-02-32-NCD,F,STK,947.58,947.58,940,940,940,929,3,10,9407,
940917,NMC-8.05%-05-03-29-MBGB,F,STK,124.9,124.9,124.65,124.65,124.65,124.83,2,26,3241,
940919,NMC-8.05%-05-03-30-MBGB,F,STK,123,123,121.5,121.5,121.5,124.83,2,10,1216,
940931,NMC-8.05%-05-03-36-MBGB,F,STK,123,123,121.5,121.5,121.5,124.6,2,10,1216,
961713,PFCBS3,F,STK,5401,5401,5401,5401,5401,5401,1,1,5401,
961714,PFCBS4,F,STK,16385,16385,16300,16300,16300,16485,21,149,2435160,
961728,830NHAI27,F,STK,1056.85,1061,1056.85,1060.98,1061,1057.01,14,1428,1511351,
961730,830PFC2027,F,STK,1055.5,1055.5,1055.5,1055.5,1055.5,1053,1,50,52775,
961732,810IRFC2327,F,STK,1054,1057.5,1054,1057.5,1057.5,1054,4,422,445295,
961734,HUDCO050327,F,STK,1024,1024,1024,1024,1024,1026.7,2,45,46080,
961751,736PFC2028,F,STK,1041.21,1041.21,1041.21,1041.21,1041.21,1067.8,1,2,2082,
961779,871REC28,F,STK,1090,1090,1090,1090,1090,1095,1,1,1090,
961785,876HUDCO28,F,STK,1106,1110,1106,1110,1110,1109,12,678,750559,
961792,892NHPC33,F,STK,1305,1305,1305,1305,1305,1305,4,883,1152315,
961796,863IIFCL28,F,STK,1100,1100,1100,1100,1100,1107.18,1,100,110000,
961798,875IIFCL33,F,STK,1220,1220,1220,1220,1220,1220.9,4,192,234240,
961803,879PFC28,F,STK,1098.12,1098.12,1098,1098.01,1098.01,1104,6,725,796075,
961804,892PFC33,F,STK,1233.5,1233.5,1232,1232,1232,1232.85,7,395,486779,
961810,891NTPC33,F,STK,1234.99,1239.9,1234.99,1236.3,1239.9,1229.47,7,539,666055,
961813,876HUDCO34,F,STK,1230,1230,1230,1230,1230,1230,3,300,369000,
961815,883HUDCO29,F,STK,1090.13,1090.13,1090.13,1090.13,1090.13,1090.05,2,500,545065,
961822,891IIFCL34,F,STK,1220,1220,1220,1220,1220,1227,2,267,325740,
961825,NHAI-8.5%-5-2-29-NCD,F,STK,1090,1090,1090,1090,1090,1175.8,1,27,29430,
961826,NHAI-8.75%-5-2-29-NCD,F,STK,1087.04,1088,1085.1,1087.95,1087.95,1087.03,18,1825,1982327,
961839,IREDA-8.80%-13-03-29-BOND,F,STK,1090,1090,1090,1090,1090,1094,1,1,1090,
961851,KPL-9%-25-3-29-TFBOND,F,STK,1141.5,1159,1141.5,1159,1159,1185,3,1120,1280580,
961885,IRFC-8.88%-19-03-2029-BOND,F,STK,1169.1,1169.1,1169.1,1169.1,1169.1,1175,1,500,584550,
961895,IIFCL-8.8%-27-3-29-TFBOND,F,STK,1166.5,1193,1166.5,1193,1193,1188.86,17,1763,2088384,
961908,NTPC-7.53%-2B-5-10-30-BOND,F,STK,1112,1119,1112,1117.65,1119,1112,3,138,153631,
972655,IFCI-SR-I-10.75%-1-8-26-PVT,F,STK,43700,43700,43698.99,43699,43698.99,43639.98,3,30,1310979,
972716,IFCI-9.16%-IV-15-2-27-D-PVT,F,STK,5030,5030,5030,5030,5030,5030,1,4,20120,
972772,990IFCI32C,F,STK,26700,27000,26700,26849.99,26849.99,25770,7,52,1396399,
973027,TCAP-9.55%-PERP,F,STK,1034000,1040000,1034000,1040000,1040000,1106536,2,6,6234000,
973038,CIF-9.25%-PERP-PVT,F,STK,496986.01,496986.01,496986.01,496986.01,496986.01,536870,1,2,993972,
973491,PFL-6.75%-26-9-31-PVT,F,STK,774,774.45,774,774.06,774.06,774.2,15,3100,2399947,
973878,UPPC-9.70%-29-3-30-PVT,F,STK,1050121.05,1050121.05,1050121.05,1050121.05,1050121.05,1050120.01,1,1,1050121,
973994,APSBCL-9.62%-30-5-31-PVT,F,STK,1015000,1015000,1015000,1015000,1015000,1010001,1,1,1015000,
974283,UPPCL-9.95%-31-3-27-PVT,F,STK,1021900.01,1022000.01,1021900.01,1022000.01,1022000.01,1010000,2,2,2043900,
974287,UPPCL-9.95%-31-3-31-PVT,F,STK,1070000,1070000,1070000,1070000,1070000,1050100,1,1,1070000,
974451,APSBCL-9.62%-28-11-31-PVT,F,STK,1030000,1030000,1030000,1030000,1030000,1020000,1,1,1030000,
974516,FFSL-GSEC32-4-4-26-PVT,F,STK,128900,128900,128900,128900,128900,112500,2,20,2578000,
974634,EEL-ZC-26-2-27-PVT,F,STK,133342,133342,132500,132500.1,132500.1,133342,3,9,1196710,
974635,EEL-ZC-03-4-26-PVT,F,STK,132591,133690,128000,133535.88,133690,133312.06,55,567,75495439,
974749,MECL-10.55%-3-4-33-PVT,F,STK,110000,110000,110000,110000,110000,112475,1,1,110000,
974998,AFPL-12.40%-24-4-29-PVT,F,STK,100009,103900,100009,103900,103900,104000,2,4,403927,
974999,EFCL-8-4-27-PVT,F,STK,128400,128400,128400,128400,128400,128000,3,25,3210000,
975033,MFL-10.05%-18-8-29-PVT,F,STK,98000,98000,98000,98000,98000,99270,5,5,490000,
975057,ESAFSFBL-11.25%-4-5-29-PVT,F,STK,101500,101500,101500,101500,101500,101500,3,3,304500,
975235,AFPL-12.25%-7-9-29-PVT,F,STK,102000,102000,102000,102000,102000,102000,4,5,510000,
975263,HDBFSL-22-12-33-PVT,F,STK,87003,101500,87003,95050,101500,102000,3,9,831309,
975375,SML-13.85%-12-7-29-PVT,F,STK,90100,91500,88000,88000,88000,90000,8,10,900100,
975506,UCL-12.50%-15-9-29-PVT,F,STK,99000,100000,99000,100000,100000,103000,7,12,1192000,
975520,ESAF-11.10%-20-4-31-PVT,F,STK,100500,100500,99500,99500,99500,100485.74,3,3,299500,
975571,EEL-27-01-27-PVT,F,STK,100020,140190,100020,140190,140190,117000,2,16,1921680,
975605,AFPL-12%-24-01-30-PVT,F,STK,103000,103000,103000,103000,103000,102500,2,2,206000,
975632,SCNL-10.40%-30-4-27-PVT,F,STK,97885,99000,97885,99000,99000,97885,4,14,1372620,
975694,MSFL-ZC-29-8-26-PVT,F,STK,120389,120389,120389,120389,120389,120149,4,336,40450704,
975739,MCSL-9.90%-12-6-26-PVT,F,STK,99700,99700,99700,99700,99700,98651,1,1,99700,
975746,NFL-10.50%-18-6-27-PVT,F,STK,99045,99045,99042,99042,99042,99500,2,8,792345,
975790,USFBL-11%-28-6-31-PVT,F,STK,102100,102100,102100,102100,102100,103500,1,1,102100,
975903,EEL-13-8-26-PVT,F,STK,142700,142700,96000,120000,120000,118990,3,3,358700,
976020,CIPL-ZC-17-3-28-PVT,F,STK,122675.5,122675.5,122675.5,122675.5,122675.5,122089,4,4,490702,
976049,SFPL-12.50%-27-9-26-PVT,F,STK,28000,28000,28000,28000,28000,26730,1,1,28000,
976085,KIIFB-9.49%-8-10-29-PVT,F,STK,101900,101900,101900,101900,101900,101900,1,1,101900,
976087,KIIFB-9.49%-8-10-31-PVT,F,STK,103448,103448,103444,103448,103448,101504,4,4,413788,
976228,MFL-10.45%-11-3-33-PVT,F,STK,10000,10162,9995,10160.13,10161,10100,10,34,344641,
976248,MSFL-ZC-18-12-26-PVT,F,STK,113601,113601,113500,113595.06,113601,113250,4,227,25787326,
976303,KFL-10%-31-12-26-PVT,F,STK,9900.55,9900.55,9900.55,9900.55,9900.55,10000,1,1,9900,
976305,AFL-9.95%-31-12-26-PVT,F,STK,99790,99790,99790,99790,99790,99790,1,2,199580,
976325,NFL-10.75%-31-12-27-PVT,F,STK,10010,10010,10010,10010,10010,10010,1,10,100100,
976339,MFL-11.50%-20-7-26-PVT,F,STK,9800,9800,9800,9800,9800,10005,1,2,19600,
976392,UCL-10.02%-7-8-26-PVT,F,STK,10000,10000,10000,10000,10000,9900,1,10,100000,
976411,ACAPL-12%-14-8-28-PVT,F,STK,96390,96390,96280,96280,96280,97440.07,2,2,192670,
976421,OFSL-9.75%-18-2-27-PVT,F,STK,9796,9796,9796,9796,9796,9796,1,1,9796,
976437,NFL-10.60%-21-5-27-PVT,F,STK,9946,9960,9946,9956.38,9956,9990,10,28,278605,
976492,MFL-11.75%-13-3-27-PVT,F,STK,10012.05,10012.05,9900,9900,9900,9501,2,7,69860,
976530,MFCL-10.26%-24-12-30-PVT,F,STK,10012.42,10012.42,10012.42,10012.42,10012.42,10012.42,1,12,120149,
976554,KIIFB-9.49%-25-03-34-PVT,F,STK,101475,115000,101475,102000,102000,103650,3,8,825850,
976660,ACAPL-9.85%-30-10-26-PVT,F,STK,9754,9754,9754,9754,9754,9754.47,4,31,302374,
976675,KSL-10-.65%-06-11-26-PVT,F,STK,97158.75,97158.75,97158.75,97158.75,97158.75,97158.75,1,1,97158,
976690,IML-11.25%-13-11-26-PVT,F,STK,99058.24,99300,99058.24,99300,99300,99000,3,3,297416,
976712,MFL-10.40%-22-8-33-PVT,F,STK,9840,9840,9840,9840,9840,8200,1,1,9840,
976727,MML-10.75%-27-5-27-PVT,F,STK,98000,98000,97510,97510,97510,99500,2,7,683550,
976752,PDL-10%-3-6-27-PVT,F,STK,99334.62,99334.62,99334.62,99334.62,99334.62,97190.85,2,2,198669,
976757,MBFL-11.30%-5-6-27-PVT,F,STK,9860,9860,9850,9850,9850,9860,6,12,118245,
976788,MML-9.75%-12-6-27-PVT,F,STK,100050,100050,100050,100050,100050,100050,2,2,200100,
976808,NFL-10.75%-19-8-28-PVT,F,STK,9999.99,10015,9996,10008.57,10005,10039.09,28,132,1320637,
976868,ACAPL-12.5%-27-12-28-PVT,F,STK,94595.49,94595.49,94595.49,94595.49,94595.49,95551,4,10,945954,
976870,MML-10%-27-06-28-PVT,F,STK,9848.3,9848.3,9848.3,9848.3,9848.3,9800,2,10,98483,
976893,VCL-10%-04-07-28-PVT,F,STK,9984.1,9984.1,9984.1,9984.1,9984.1,10030,1,5,49920,
976896,KFL-10.62%-09-07-27-PVT,F,STK,100000,100000,100000,100000,100000,88051,1,1,100000,
976905,ACAPL-9.85%-11-1-27-PVT,F,STK,9499.51,9499.51,9499.51,9499.51,9499.51,9962.12,1,2,18999,
976924,DKGFSPL-11%-18-7-27-PVT,F,STK,9700,9750,9700,9750,9750,9750,4,28,272950,
976929,IML-12%-23-7-28-PVT,F,STK,101376,101376,100000,100000,100000,102400,3,3,302752,
976930,KSL-10.40%-25-1-27-PVT,F,STK,100312,100312,100230.29,100243.91,100230.29,99372.01,2,6,601463,
976943,KFPL-11.20%-03-04-27-PVT,F,STK,6960.55,6980.45,6960.55,6980.45,6980.45,6905.31,3,7,48744,
976970,NBSPL-10.25%-30-01-27-PVT,F,STK,101050.72,101050.72,101050.72,101050.72,101050.72,100965.52,5,60,6063043,
976985,MCIBPL-ZC-05-08-27-PVT,F,STK,104111.11,104511.11,104111.11,104112.12,104112.12,105000,4,7,729578,
977000,KFL-10.62%-7-8-28-PVT,F,STK,88005,95100,88005,95100,95100,99000,3,3,272110,
977001,KFLD-10.62%-7-2-28-PVT,F,STK,90000,100450,90000,95350,95350,100200,12,12,1161600,
977017,NFL-10.30%-30-09-27-PVT,F,STK,9940,9940,9926,9940,9940,9925,7,206,2047626,
977022,KSL-10.65%-12-08-27-PVT,F,STK,97461.01,99699,97461.01,99699,99699,99450.01,2,2,197160,
977044,KFL-11.10%-19-8-27-PVT,F,STK,9710.06,9710.06,9600,9687.9,9687.9,9811,8,52,502181,
977068,BRFL-10.95%-29-8-27-PVT,F,STK,10000,10000,10000,10000,10000,10000,1,1,10000,
977073,ESPL-10.70%-6-8-27-PVT,F,STK,99750,99750,99750,99750,99750,99410.01,1,1,99750,
977075,NBFSPL-10.25%-02-03-27-PVT,F,STK,100100,100100,100100,100100,100100,100085.17,4,6,600600,
977093,MSFL-0%-9-9-27-PVT,F,STK,104500,104500,104500,104500,104500,104990,1,2,209000,
977102,MGFL-11%-11-12-26-PVT,F,STK,99629.45,99629.45,99629.45,99629.45,99629.45,99833.01,1,1,99629,
977117,UCL-11.65%-15-3-31-PVT,F,STK,98212,98250,98212,98250,98250,98000,6,8,785886,
977172,MML-10.75%-30-9-27-PVT,F,STK,98000,98000,97001,97001,97001,98000,3,3,293001,
977200,HLFL-9.25%-9-7-31-PVT,F,STK,103374.4,103374.4,103374.4,103374.4,103374.4,102872.67,1,10,1033744,
977205,ACAPL-12%-13-04-27-PVT,F,STK,9800,9800,9800,9800,9800,9895,1,7,68600,
977226,LLDL-13.50%-30-01-29-PVT,F,STK,100700,101750,100455,101000,101000,100741.01,10,15,1514733,
977241,KRFL-11.40%-24-10-27-PVT,F,STK,9819.99,9820.01,9819.99,9820,9820.01,9820.01,8,54,530280,
977249,MML-9.30%-27-1-28-PVT,F,STK,9752,9898.99,9752,9890,9890,9752,3,13,128449,
977260,ACAPL-13%-29-10-28-PVT,F,STK,9920,9920,9920,9920,9920,9901,2,6,59520,
977262,KSL-11.50%-29-03-27-PVT,F,STK,100967.05,100967.05,100967.05,100967.05,100967.05,100967.05,1,3,302901,
977298,ACAPL-12%-17-11-28-PVT,F,STK,9499.98,9499.98,9477.5,9489.26,9477.5,9490,19,116,1101593,
977309,ACAPL-12%-21-05-27-PVT,F,STK,9700,9747,9700,9743.75,9744.98,9749.91,25,48,467645,
977367,ACAPL-12%-11-6-27-PVT,F,STK,9851.61,9851.61,9851.61,9851.61,9851.61,9851.61,3,9,88664,
977380,MML-9.85%-16-12-27-PVT,F,STK,99480,99480,99480,99480,99480,99476.23,1,2,198960,
977383,ACAPL-12.50%-17-01-27-PVT,F,STK,7800.01,7800.01,7400,7400,7400,8000,5,7,54200,
977424,MCIBPL-ZC-31-12-27-PVT,F,STK,101878,101878,101000,101878,101878,101794,14,515,52463726,
977477,NFL-10.75%-31-12-28-PVT,F,STK,9990,10019,9960,9960,9960,9990.91,8,41,409132,
977516,DKGFSPL-11%-30-1-29-PVT,F,STK,9456.52,9456.52,9456.52,9456.52,9456.52,9699,1,1,9456,
977532,MSAFL-ZC-6-2-28-PVT,F,STK,100771,100853,100771,100853,100853,100780,16,123,12404623,
977535,SFL-10.75%-6-2-28-PVT,F,STK,9961.78,9961.78,9961.78,9961.78,9961.78,9867,1,75,747133,
977541,KFL-12%-10-5-28-KFL,F,STK,9856.2,9856.2,9856.2,9856.2,9856.2,9856.2,2,2,19712,
977576,UCIL-13%-24-5-27-PVT,F,STK,9940,9940,9940,9940,9940,9919,1,1,9940,
