SC_CODE,SC_NAME,SC_GROUP,SC_TYPE,OPEN,HIGH,LOW,CLOSE,LAST,PREVCLOSE,NO_TRADES,NO_OF_SHRS,NET_TURNOV,TDCLOINDI
500002,"ABB INDIA LIMITED",A,STK,6216.75,6322,6184.5,6280.5,6251.7,6223.45,3777,20414,128295302,
500003,"AEGIS LOGISTICS LTD.",A,STK,667.8,667.8,613.85,616.15,617,645.85,1202,23836,14918334,
500008,"Amara Raja Energy & Mobility L",A,STK,789.15,805.3,788,790.8,791.9,791.25,2311,33042,26354787,
500009,"AMBALAL SARABHAI ENTERPRISES L",X,STK,24.25,25.26,24.24,24.99,24.99,24.18,315,113005,2782277,
500012,"ANDHRA PETROCHEMICALS LTD.",X,STK,39.8,39.8,38.15,38.52,38.75,39.31,278,30893,1203612,
500013,"ANSAL PROPERTIES & INFRASTRUCT",Z,STK,3.75,3.79,3.7,3.7,3.72,3.77,43,36980,137766,
500014,"UTIQUE ENTERPRISES LIMITED",X,STK,4.15,4.49,4.15,4.3,4.3,4.1,88,78470,338884,
500016,"ARUNA HOTELS LTD.",X,STK,7.06,7.48,6.91,7.42,7.42,7.03,37,26393,186432,
500020,"BOMBAY DYEING & MFG.CO.LTD.",A,STK,106.9,111.8,106.9,108.65,108.5,106.9,957,83667,9210908,
500023,"ASIAN HOTELS (NORTH) LIMITED",B,STK,281.5,299.1,281.5,289.6,289.6,281.6,108,260,75477,
500027,"ATUL LTD.",A,STK,6050,6219,6022.75,6202.8,6208,6033.05,437,1356,8347059,
500028,"ATV PROJECTS INDIA LTD.",X,STK,31.88,31.94,30.25,30.87,30.62,31.94,188,31101,970116,
500031,"BAJAJ ELECTRICALS LTD.",A,STK,380.85,388.65,373,379.85,379.85,376.45,582,14032,5338432,
500032,"BAJAJ HINDUSTHAN SUGAR LIMITED",A,STK,16.62,17.19,16.42,16.51,16.51,16.55,770,402920,6743457,
500033,"FORCE MOTORS LTD.",A,STK,22500,23231,21520,21669.55,21669.55,22257.3,4619,13911,311251856,
500034,"BAJAJ FINANCE LIMITED",A,STK,928.15,941.4,890,893.15,893.15,940.25,23772,522249,473241184,
500038,"BALRAMPUR CHINI MILLS LTD.",A,STK,507,526.7,501.45,519.9,519.9,506.45,1590,71029,36611369,
500039,"BANCO PRODUCTS (INDIA) LTD.",A,STK,571.2,585,571.2,576.25,576.7,571.15,723,21542,12433060,
500040,"ADITYA BIRLA REAL ESTATE LIMIT",A,STK,1178.95,1206.4,1175,1182.5,1185.8,1175.85,457,5567,6646874,
500041,"BANNARI AMMAN SUGARS LTD.",B,STK,3602,3630,3581.65,3581.65,3581.65,3606,5,16,57639,
500042,"BASF INDIA LTD.",A,STK,3461.4,3550,3444.5,3464.95,3462.5,3461.35,238,1190,4173879,
500043,"BATA INDIA LTD.",A,STK,719.25,732.8,716.6,719.25,718.1,716.9,842,13953,10077977,
500048,"BEML LTD.",A,STK,1620,1657.9,1597.4,1605.9,1609.8,1610.9,1823,20054,32476859,
500049,"BHARAT ELECTRONICS LTD.",A,STK,463.05,469.7,453.1,454.05,454.05,463.4,19009,890620,410631247,
500051,"BHAGAWATI GAS LIMITED",X,STK,1.17,1.17,1.17,1.17,1.17,1.12,1,100,117,
500052,"BHANSALI ENGINEERING POLYMERS",B,STK,80.6,83.38,80.45,81.35,81.27,80.54,458,42460,3469794,
500058,"BIHAR SPONGE IRON LTD.",XT,STK,11.7,11.71,11.13,11.6,11.66,11.47,82,9276,106402,
500059,"BIL VYAPAR LIMITED",T,STK,6.88,6.88,6.44,6.88,6.88,6.7,4,1974,12716,
500060,"Birla Cable Limited",B,STK,135.3,138.65,135.1,135.9,135.9,135.3,51,3225,438660,
500067,"BLUE STAR LTD.",A,STK,1900,1983.5,1895.05,1943.15,1941.5,1885.6,4260,43480,85375392,
500068,"DISA INDIA LTD.",B,STK,11800,11943.9,11692,11868.9,11868.9,11727.2,27,56,662126,
500069,"QUEST CAPITAL MARKETS LIMITED",X,STK,266,271,260.5,269.2,269.2,261.7,13,152,40874,
500074,"BPL LTD.",B,STK,52.06,53.11,51,51.55,51,51.81,261,4529,237874,
500078,"ORIENTAL AROMATICS LIMITED",B,STK,253.1,263.25,250.5,251,250.55,256.9,298,14710,3797701,
500083,"CENTURY EXTRUSIONS LTD.",B,STK,20.44,20.74,19.65,19.7,19.7,20.44,57,7082,143162,
500084,"CESC LTD.",A,STK,153.4,158.5,153.4,154.4,154.4,154.6,2251,159091,24930509,
500085,"CHAMBAL FERTILISERS & CHEMICAL",A,STK,439.1,441.4,428.45,431.85,431.7,431.5,1582,76687,33339780,
500086,"EXIDE INDUSTRIES LTD.",A,STK,316.6,320.5,310.85,311.35,311.35,316.55,1591,45291,14267159,
500087,"CIPLA LTD.",A,STK,1343.85,1343.85,1319.5,1329.9,1331,1333.1,1479,17867,23802935,
500089,"DIC INDIA LTD.",B,STK,520,533.05,520,525.25,523.65,535,107,1087,572496,
500092,"CRISIL LTD.",A,STK,4255.9,4331,4244.75,4307.85,4265,4239.7,579,1608,6920105,
500093,"CG Power and Industrial Soluti",A,STK,732.85,741.5,724.5,726.85,726.85,727.85,4475,154732,113566183,
500096,"DABUR INDIA LTD.",A,STK,482.65,482.85,470.3,472,472,481.3,1657,39256,18701425,
500097,"DALMIA BHARAT SUGAR AND INDUST",B,STK,313.95,325.6,313.95,318.5,318.5,314.25,276,5416,1739717,
500101,"ARVIND LTD.",A,STK,334.95,341,330.25,333,334.25,334.95,444,14100,4738542,
500103,"BHARAT HEAVY ELECTRICALS LTD.",A,STK,258.2,262.7,255,255.8,255.8,258.55,3558,262977,68185569,
500104,"HINDUSTAN PETROLEUM CORPORATIO",A,STK,389.05,393.5,383,384.25,384.25,387.75,11620,315063,122357534,
500106,"IFCI LTD.",A,STK,53.76,54.83,53.2,53.62,53.62,53.7,3296,785527,42513666,
500108,"MAHANAGAR TELEPHONE NIGAM LTD.",B,STK,26.21,27.28,25.85,26.08,26.08,26.18,554,97813,2601731,
500109,"MANGALORE REFINERY & PETROCHEM",A,STK,189.95,195.45,185.75,186.9,186.9,193.6,3312,289214,55256846,
500110,"CHENNAI PETROLEUM CORPORATION",A,STK,932.25,946.25,900.9,909.7,909.7,929.3,3492,79513,73831396,
500112,"STATE BANK OF INDIA",A,STK,1117.6,1117.6,1087.5,1090.6,1090.6,1112.35,24430,495013,545363791,
500113,"STEEL AUTHORITY OF INDIA LTD.",A,STK,150.55,155.3,150.55,153.8,153.8,149.8,3891,1854912,285094841,
500114,"TITAN COMPANY LIMITED",A,STK,4183.4,4239.85,4127.55,4139.2,4137.1,4218.45,2251,10152,42408196,
500116,"IDBI BANK LTD.",A,STK,103.3,104.9,99,99.15,99.15,103.15,4176,801445,80655613,
500117,"DCW LTD.",B,STK,44.49,45.53,43.5,43.83,43.83,44.53,666,78476,3512000,
500119,"DHAMPUR SUGAR MILLS LTD.",B,STK,128.9,132.3,126.9,127.3,127.3,126.95,490,31865,4143743,
500120,"DIAMINES & CHEMICALS LTD.",B,STK,222.1,233,220.05,225.2,224.5,222.5,71,3100,688315,
500123,"ELANTAS BECK INDIA LTD.",B,STK,8530,8530,8060,8315.9,8315.9,8334.15,404,1314,10899574,
500124,"DR.REDDYS LABORATORIES LTD.",A,STK,1313.7,1335.85,1313.7,1325.5,1325.5,1313.9,2597,71014,94094547,
500125,"E.I.D.-PARRY (INDIA) LTD.",A,STK,828.1,833.4,808.95,810.05,810.05,826.85,1093,10863,8873170,
500126,"PROCTER & GAMBLE HEALTH LIMITE",A,STK,4898,4935.75,4873.1,4890.25,4877.45,4894.2,121,449,2202305,
500128,"ELECTROSTEEL CASTINGS LTD.",A,STK,67.34,75.6,66.61,75.6,75.6,63,3866,1380376,103316679,
500133,"ESAB INDIA LTD.",A,STK,5322,5399.8,5322,5340.5,5324,5317.25,63,266,1428732,
500135,"EPL LIMITED",A,STK,196,203.25,194.85,195.4,195.65,196.05,438,13010,2603043,
500136,"ESTER INDUSTRIES LTD.",B,STK,95.05,99.95,95.05,97,96.6,95.95,198,10076,993721,
500142,"FGP LTD.",X,STK,9.07,9.9,9,9,9,9.01,20,2951,26837,
500143,"PH CAPITAL LTD.",XT,STK,599.9,609,570,596,598.9,590,65,2787,1665958,
500144,"FINOLEX CABLES LTD.",A,STK,927.2,943.3,882.9,888.25,888.25,928.85,1715,37416,33939438,
500147,"JOHN COCKERILL INDIA LIMITED",B,STK,4879.95,4889.75,4770,4862.75,4859,4776.95,459,5283,25637236,
500148,"UFLEX LTD.",B,STK,453.1,462.95,445,447.8,445,450.15,154,2969,1350718,
500150,"FOSECO INDIA LTD.",B,STK,5113.65,5265.55,5037.55,5098.05,5037.55,5095.6,39,152,783197,
500151,"GOLDEN TOBACCO LTD.",Z,STK,28.21,28.95,27.31,27.82,27.82,28.21,15,330,9248,
500153,"GANESH BENZOPLAST LTD.",B,STK,77.38,81.82,76.79,78.18,77.23,76.56,230,27599,2187193,
500159,"METROGLOBAL LIMITED",X,STK,105,109.9,105,109.1,109.9,109.7,17,1199,128577,
500160,"GTL LTD.",B,STK,6.99,6.99,6.82,6.83,6.83,6.78,78,8408,57889,
500163,"GODFREY PHILLIPS INDIA LTD.",A,STK,2069.4,2160,2059.1,2125,2125,2059.1,7618,78589,167087682,
500164,"GODREJ INDUSTRIES LTD.",A,STK,916.8,921.05,887,889.65,889.65,912.6,757,6021,5429283,
500165,"KANSAI NEROLAC PAINTS LTD.",A,STK,186.65,191.7,185,186.15,187.3,185.75,945,61755,11581101,
500166,"GOODRICKE GROUP LTD.",X,STK,151.45,153.8,148.15,151,150.1,149.1,156,43643,6520982,
500168,"GOODYEAR INDIA LTD.",B,STK,778,807.95,765,778.75,778.75,782.25,527,7516,5863866,
500170,"GTN INDUSTRIES LTD.",X,STK,21.4,25.99,21.4,25.52,25.52,22.8,73,12565,304943,
500171,"GHCL LTD.",A,STK,463.2,473,454.2,456.85,454.2,463.3,286,5624,2620494,
500173,"GFL LIMITED",B,STK,43.1,45.1,43,44.31,44.75,44.1,156,11003,488970,
500179,"HCL INFOSYSTEMS LTD.",B,STK,12.27,12.51,12.03,12.25,12.25,12.27,285,53866,658539,
500180,"HDFC BANK LTD.",A,STK,847.95,849.1,827.8,834,834,849.1,34606,1127878,940627339,
500182,"HERO MOTOCORP LTD.",A,STK,5710.05,5763.1,5556.6,5573.45,5575,5709.6,3416,17912,101016185,
500183,"HFCL LIMITED",A,STK,69.21,72.48,69.21,72.12,72.12,69.85,5403,1963821,140642635,
500184,"Himadri Speciality Chemical Lt",A,STK,452.35,453.75,443.5,447.35,445.05,450.7,1096,53567,23967835,
500185,"HINDUSTAN CONSTRUCTION CO.LTD.",A,STK,16.09,16.51,15.86,16,16,16.06,1506,1024717,16603853,
500186,"HINDUSTAN OIL EXPLORATION CO.L",B,STK,147.35,149.1,142.55,147.5,147.5,147,1325,112410,16329537,
500187,"AGI GREENPAC LIMITED",A,STK,517.9,540,510.05,532.7,530.5,509.55,448,16633,8883631,
500188,"HINDUSTAN ZINC LTD.",A,STK,589.4,602,585.55,587.45,587.45,590,6218,524922,312119989,
500189,"NDL Ventures Limited",B,STK,120.9,123,118.2,118.2,118.2,117.4,59,538,64643,
500191,"HMT LTD.",Z,STK,58.87,61.25,58.87,58.87,58.87,61.96,83,7311,433738,
500192,"PRAG BOSIMI SYNTHETICS LTD.",X,STK,1.85,1.85,1.75,1.76,1.76,1.79,18,2072,3677,
500193,"HLV LIMITED",B,STK,7.66,7.92,7.52,7.57,7.68,7.69,155,83870,644334,
500199,"I G PETROCHEMICALS LTD.",B,STK,335.4,366.6,335.4,360.1,359.05,335.35,218,3160,1121232,
500201,"INDIA GLYCOLS LTD.",B,STK,872.65,886.15,864,868.2,865.15,862.15,356,4174,3647960,
500202,"INDIA LEASE DEVELOPMENT LTD.",X,STK,8.4,8.4,8,8,8,8.24,10,10985,90277,
500206,"MARGO FINANCE LIMITED",X,STK,72,72,61,69.89,69.89,67.15,30,1547,97255,
500207,"INDO RAMA SYNTHETICS (INDIA) L",B,STK,34.35,35.35,34,34.6,34.6,34.18,74,14634,504788,
500209,"INFOSYS LTD.",A,STK,1294,1299,1272,1276.35,1276.35,1295.55,14396,587976,758127688,
500210,"INGERSOLL-RAND (INDIA) LTD.",A,STK,3909.05,3973.75,3861.75,3865.2,3861.75,3887.55,78,299,1175738,
500213,"INTERNATIONAL TRAVEL HOUSE LTD",X,STK,328.7,328.7,322.2,322.3,322.25,322.2,44,1203,389454,
500214,"ION EXCHANGE (INDIA) LTD.",A,STK,365,393.65,362.2,372.75,372.75,344.5,3777,124596,47408685,
500215,"SUNDROP BRANDS LIMITED",B,STK,620.1,641.1,620.1,634.75,641.1,629.05,92,1262,802634,
500219,"JAIN IRRIGATION SYSTEMS LTD.",A,STK,32.66,36.92,32.66,35.59,35.41,32.41,2721,811495,29264275,
500220,"JASCH INDUSTRIES LTD.",X,STK,165.25,167.7,158.5,160.25,158.5,165.25,26,986,161635,
500227,"JINDAL POLY FILMS LTD.",B,STK,863.4,909.8,860.05,902.3,903.6,864.15,1656,40981,36436309,
500228,"JSW STEEL LTD.",A,STK,1213.1,1223.1,1173.3,1178.75,1181,1214.85,2493,29103,34786627,
500233,"KAJARIA CERAMICS LTD.",A,STK,942,976.9,940.5,959.45,959.45,950.05,889,20392,19629431,
500235,"KALYANI STEELS LTD.",B,STK,706.75,727.25,698.95,701,698.95,706.75,180,5682,4051527,
500238,"WHIRLPOOL OF INDIA LTD.",A,STK,885.05,904,874.9,892.1,892.1,877.3,902,9133,8161839,
500239,"KG DENIM LTD.",X,STK,14.11,14.89,14.11,14.4,14.4,14.41,44,8548,121558,
500240,"KINETIC ENGINEERING LTD.",X,STK,237.8,242.3,235.6,236.7,238.75,231.45,219,22015,5261203,
500241,"KIRLOSKAR BROTHERS LTD.",A,STK,1597.75,1650.7,1582.95,1595.35,1595.35,1576.75,1612,18656,30313380,
500243,"KIRLOSKAR INDUSTRIES LTD",B,STK,2800,2895,2800,2812,2815,2869.35,33,275,781252,
500245,"KIRLOSKAR FERROUS INDUSTRIES L",B,STK,382.1,392,377.8,378.95,378.95,382.05,1200,102091,39335983,
500246,"ENVAIR ELECTRODYNE LTD.",X,STK,44.76,48,44.76,48,48,44.61,4,59,2672,
500247,"KOTAK MAHINDRA BANK LTD.",A,STK,389.95,391.15,380.1,383.45,383.45,391.95,10939,308727,119054315,
500248,"KRISHNA FILAMENT INDUSTRIES LI",X,STK,5.75,6.18,5.75,6,6,5.89,16,3541,20908,
500249,"KSB LIMITED",A,STK,782,796.3,756.3,764.7,764.7,762.1,1339,28233,21918183,
500250,"L.G.BALAKRISHNAN & BROS.LTD.",B,STK,1916.3,1960.8,1886.3,1898.2,1891.85,1935.5,197,1069,2050068,
500251,"TRENT LTD.",A,STK,3713.1,3727.75,3612,3624.25,3624.25,3713.1,3212,17087,62645853,
500252,"LMW Limited",A,STK,14616,14721.8,14491.3,14510.55,14510.55,14557.8,39,57,829332,
500253,"LIC HOUSING FINANCE LTD.",A,STK,513.3,521.65,503,505.1,505,512.25,1346,28902,14836887,
500257,"LUPIN LTD.",A,STK,2350,2376,2338,2345.5,2345.5,2340.75,2313,18965,44728805,
500259,"LYKA LABS LTD.",B,STK,55,59.1,55,56.97,56.97,56.68,75,5181,296558,
500260,"THE RAMCO CEMENTS LIMITED",A,STK,995.55,1007.15,980,994.35,980,1004.15,618,5174,5152468,
500262,"HYBRID FINANCIAL SERVICES LIMI",B,STK,17.99,19.4,17,17.09,17,17.71,41,3105,53561,
500264,"MAFATLAL INDUSTRIES LTD.",X,STK,125.9,126,121.5,122.8,122.8,123.15,401,29763,3703575,
500265,"MAHARASHTRA SEAMLESS LTD.",A,STK,551.95,577.6,551.95,556.5,555.6,545.95,887,28604,16195081,
500266,"MAHARASHTRA SCOOTERS LTD.",A,STK,12900,13100.7,12603.25,12705.65,12680.45,12825.25,268,381,4920962,
500267,"MAJESTIC AUTO LTD.",X,STK,289,303.3,289,295.55,292.7,298.1,86,1684,499839,
500268,"MANALI PETROCHEMICAL LTD.",B,STK,49.35,51.5,49.35,50.04,50.04,50.31,252,12701,644100,
500270,"BARODA RAYON CORPORATION LTD.",X,STK,101.6,108,101,103.8,107,103.6,54,1846,195348,
500271,"Max Financial Services Limited",A,STK,1729.15,1753.5,1710.2,1725.25,1720.1,1732.6,1565,8207,14222974,
500277,"MID INDIA INDUSTRIES LTD.",X,STK,6.07,6.07,5.95,5.95,5.95,5.95,8,149,887,
500279,"MIRC ELECTRONICS LTD.",B,STK,24.2,26.4,24.2,25.12,25,24.94,340,72696,1852398,
500280,"CENTURY ENKA LTD.",B,STK,410.7,415.2,409,409.35,409,410.7,93,470,192847,
500282,"MODERN THREADS (INDIA) LTD.",B,STK,52.85,55.5,52.6,54.73,54.73,53.2,8,16,877,
500284,"LORDS CHLORO ALKALI LTD.",B,STK,125.1,125.9,121.6,121.75,121.65,123.65,46,536,66594,
500285,"SPICEJET LTD.",A,STK,13.95,15.02,13.67,15.02,15.02,13.66,16292,37444536,541388848,
500288,"MOREPEN LABORATORIES LTD.",A,STK,40.7,41.52,40,40.1,40.2,40.69,1043,202701,8251357,
500290,"MRF LTD.",A,STK,138334.95,138334.95,135860,136034.95,136432.7,137188.55,153,189,25899599,
500292,"HEIDELBERGCEMENT INDIA LTD.",B,STK,155.05,159.2,153.75,157,157.55,155.05,218,5184,808440,
500294,"NCC LIMITED",A,STK,147.1,154.8,147.1,149.05,149.05,144.95,3421,315205,47528571,
500295,"VEDANTA LIMITED",A,STK,728.95,743.6,715.85,720.55,720.55,722.3,15571,778425,569475264,
500296,"NAHAR SPINNING MILLS LTD.",B,STK,199.8,201.2,195,195.35,195.4,198.5,63,1058,207340,
500298,"Naperol Investments Limited",X,STK,583,590,577.05,577.6,587.95,581.35,110,2610,1515226,
500300,"GRASIM INDUSTRIES LTD.",A,STK,2722.7,2762.25,2717.8,2738.75,2729.3,2743.85,1085,30407,83329020,
500304,"NIIT LTD.",B,STK,65.3,67.29,65,65.26,66.95,65.28,249,17540,1160553,
500306,"Jaykay Enterprises Limited",B,STK,140,141,136.9,138.45,139.8,139.7,348,20771,2882019,
500307,"NIRLON LTD.",B,STK,496.95,496.95,491,491.9,492,492,111,1539,758369,
500312,"OIL AND NATURAL GAS CORPORATIO",A,STK,267,272.5,267,270.75,270.75,269.7,48742,1129693,306145128,
500313,"OIL COUNTRY TUBULAR LTD.",B,STK,44.84,47,42.91,42.97,42.91,45.75,78,1394,63266,
500314,"ORIENTAL HOTELS LTD.",B,STK,89.45,93.15,89.45,91.05,90.6,90.9,247,43984,4032474,
500317,"OSWAL AGRO MILLS LTD.",B,STK,44.92,44.92,43.9,43.9,43.9,44.13,93,2910,128692,
500319,"INDIAN SUCROSE LTD.",X,STK,71.5,75.39,71.5,72.68,72.55,74.19,49,7776,576758,
500322,"PANYAM CEMENTS & MINERAL INDUS",XT,STK,123.5,123.5,118.1,120,120,117.8,17,566,68109,
500325,"RELIANCE INDUSTRIES LTD.",A,STK,1427,1433.65,1383.1,1391.1,1391.1,1409.05,39569,1867413,2620508917,
500327,"Pil Italica Lifestyle Limited",B,STK,8.24,8.86,7.95,8.06,8.07,8.24,85,6794,55051,
500330,"RAYMOND LTD.",A,STK,372.85,384.25,372.85,378.05,377,374.55,699,27797,10570634,
500331,"PIDILITE INDUSTRIES LTD.",A,STK,1424.8,1437.1,1399.25,1403.85,1399.25,1427.25,820,7011,9942744,
500333,"PIX TRANSMISSIONS LTD.",B,STK,1448.45,1470,1448.3,1462.7,1462.7,1454.8,21,129,187969,
500335,"BIRLA CORPORATION LTD.",A,STK,828.45,856,828.3,843,840,828.3,275,4044,3408261,
500336,"SURYA ROSHNI LTD.",A,STK,214.15,217.5,211.2,212.35,212.35,211.5,1748,744523,157822376,
500337,"PRIME SECURITIES LTD.",B,STK,277.8,278,271.05,275,275.05,273.7,26,369,101486,
500338,"PRISM JOHNSON LIMITED.",B,STK,125.6,129.5,124.9,125.45,125.6,125.05,216,11766,1493351,
500339,"RAIN INDUSTRIES LIMITED",A,STK,121.6,125.25,117.5,118.55,118.55,120.8,1344,137235,16775018,
500342,"PRUDENTIAL SUGAR CORPORATION L",B,STK,15.05,15.6,14.75,15.56,15.6,15.31,30,891,13396,
500343,"AMJ LAND HOLDINGS LIMITED",B,STK,39.6,39.66,39,39,39,38.75,25,427,16850,
500346,"PUNJAB COMMUNICATIONS LTD.",B,STK,51.51,53.65,51.12,51.52,51.52,51.84,19,277,14283,
500350,"RSWM LTD.",B,STK,145.2,148.9,145.2,148.65,148.65,145.65,8,2900,431068,
500354,"RAJSHREE SUGARS & CHEMICALS LT",B,STK,29.3,29.85,28.26,28.49,28.49,29.24,67,1684,49374,
500355,"RALLIS INDIA LTD.",A,STK,254,257.45,246.55,248.75,248,253.9,552,49695,12474109,
500356,"SHREE RAMA NEWSPRINT LTD.",B,STK,38.83,42,37,39.29,39.05,38.83,199,53867,2129242,
500357,"RAMA PAPER MILLS LTD.",Z,STK,12.5,12.75,12.5,12.5,12.5,13.05,10,1219,15261,
500360,"RAPICUT CARBIDES LTD.",XT,STK,147,152,142,147.95,147.95,146,23,3274,476422,
500365,"WELSPUN SPECIALTY SOLUTIONS LI",B,STK,35.44,36.5,34.26,35.83,35.75,35,523,156721,5635814,
500367,"RUBFILA INTERNATIONAL LTD.",B,STK,64.82,64.82,64,64,64,63.22,27,792,50744,
500368,"Patanjali Foods Limited",A,STK,501.95,503.95,494.25,498.45,495.25,500.6,1161,45672,22795728,
500370,"SALORA INTERNATIONAL LTD.",X,STK,29.69,29.69,28.01,28.54,28.15,28.61,16,228,6492,
500371,"SAMTEL INDIA LTD.",XT,STK,16.45,16.45,16.45,16.45,16.45,16.13,2,1120,18424,
500378,"JINDAL SAW LTD.",A,STK,165.25,199.4,165.25,198.4,198.4,166.2,29434,3930624,748485407,
500380,"JK LAKSHMI CEMENT LTD.",A,STK,608.05,617.3,604,605.35,605.35,606.55,327,3707,2263031,
500387,"SHREE CEMENT LTD.",A,STK,24000,24050,23705,23750.3,23739.75,23956.05,298,529,12579113,
500388,"SHREE KRISHNA PAPER MILLS & IN",XT,STK,105.45,110.7,100.2,110.7,110.7,105.45,14,2452,248950,
500389,"SILVERLINE TECHNOLOGIES LTD.",XT,STK,14.33,14.33,14.33,14.33,14.33,15.08,462,138313,1982025,
500390,"RELIANCE INFRASTRUCTURE LTD.",T,STK,90.16,93.8,88.1,89.99,89.99,90.89,1231,276596,25526023,
500400,"TATA POWER CO.LTD.",A,STK,382.6,392.7,382.3,385.2,385.2,381.25,8393,1083570,419997340,
500402,"SPML INFRA LIMITED",B,STK,165.05,189,165.05,182.65,182.65,161.95,2700,212082,38900428,
500403,"SUNDRAM FASTENERS LTD.",A,STK,844.3,852.55,834,837.35,837.35,844.2,189,968,816553,
500404,"SUNFLAG IRON & STEEL CO.LTD.",B,STK,228.55,233.65,225.8,227.75,228.65,228.55,100,1670,381034,
500405,"SUPREME PETROCHEM LTD.",A,STK,711.45,711.45,688.85,692,694,697.15,504,2982,2090599,
500407,"SWARAJ ENGINES LTD.",B,STK,3485.5,3527,3450,3468.8,3450,3485.45,147,914,3191550,
500408,"TATA ELXSI LTD.",A,STK,4376.6,4421.6,4325,4343.7,4343.7,4360.75,3520,13617,59562491,
500410,"ACC LTD.",A,STK,1476.45,1495.9,1452,1456.4,1458.2,1474.5,1345,16997,25083108,
500411,"THERMAX LTD.",A,STK,3197.9,3225,3165,3182.2,3186,3171,541,3103,9925056,
500412,"THIRUMALAI CHEMICALS LTD.",B,STK,169.4,183,169.4,178.1,175.75,168.05,646,28619,5054838,
500413,"THOMAS COOK (INDIA) LTD.",A,STK,93.8,96.6,92.05,92.75,92.05,93.75,282,23792,2226456,
500414,"TIMEX GROUP INDIA LTD.",B,STK,271.2,295,271.2,281.85,281.85,271.1,2537,303328,86549417,
500418,"TOKYO PLAST INTERNATIONAL LTD.",B,STK,78,78,74,74.6,74.6,78.36,12,194,14543,
500420,"TORRENT PHARMACEUTICALS LTD.",A,STK,4430.4,4456.1,4416.55,4429.25,4420.05,4425.85,1388,14183,62885788,
500421,"TPI INDIA LTD.",X,STK,17,17,17,17,17,16.83,1,1500,25500,
500422,"TRANSCHEM LTD.",XT,STK,160.5,160.5,160.5,160.5,160.5,163.75,3,39,6259,
500425,"AMBUJA CEMENTS LTD.",A,STK,461.9,471.2,456,457.65,457.9,462.3,3175,79961,37116390,
500426,"UTL INDUSTRIES LIMITED",X,STK,1.6,1.6,1.55,1.58,1.58,1.55,45,24669,39144,
500429,"UNIPHOS ENTERPRISES LTD.",B,STK,99.6,108.6,98,99.45,99.3,99.6,70,1721,171594,
500439,"VARDHMAN HOLDINGS LTD.",B,STK,3149,3160,3111,3123.4,3111,3107.15,25,38,119344,
500440,"HINDALCO INDUSTRIES LTD.",A,STK,958,978.6,953,959,959,956.65,6128,175446,169186646,
500444,"West Coast Paper Mills Limited",B,STK,388.7,406.5,388.65,400.3,403.6,388.65,216,3203,1285238,
500449,"HINDUSTAN ORGANIC CHEMICALS LT",B,STK,29,29.39,28.25,28.52,28.52,29.21,249,33429,963394,
500450,"MPIL CORPORATION LTD.",X,STK,358.8,358.8,324.7,356.2,324.7,341.75,5,17,6031,
500456,"PASUPATI ACRYLON LTD.",B,STK,48.24,48.62,46.6,47.03,46.93,48.57,142,11615,550256,
500458,"TEAM24 CONSUMER PRODUCTS LIMIT",X,STK,29.5,31.48,29.1,30.01,30,29.53,18,1223,36937,
500459,"PROCTER & GAMBLE HYGIENE & HEA",A,STK,10607.5,10877.9,10607.5,10818.2,10766,10807.25,179,320,3439149,
500460,"MUKAND LTD.",B,STK,122.9,125.35,122.55,123.5,125.3,120.85,59,894,110258,
500463,"BLACK BOX LIMITED",A,STK,517.6,524.75,511.1,514.25,511.1,509.75,376,8961,4654840,
500464,"UCAL LIMITED",B,STK,102.8,102.8,102.25,102.25,102.25,99.95,2,53,5433,
500467,"HARRISONS MALAYALAM LTD.",B,STK,183,183,180.4,182.95,182.9,181.2,13,541,98336,
500469,"FEDERAL BANK LTD.",A,STK,278.15,278.15,268.65,269.4,269.4,276,9297,317243,86506438,
500470,"TATA STEEL LTD.",A,STK,197,198.9,194,194.7,194.7,195.05,18717,1892889,371041222,
500472,"SKF INDIA LTD.",A,STK,1611.6,1642,1601,1604.25,1604.25,1618,259,1841,2983964,
500477,"ASHOK LEYLAND LTD.",A,STK,194.3,195.35,183.8,184.85,184.85,193.55,9186,575034,108733771,
500480,"CUMMINS INDIA LTD.",A,STK,4717.7,4819.35,4615.2,4626.8,4623.2,4717.7,1837,6373,30051181,
500483,"TATA COMMUNICATIONS LTD.",A,STK,1476.25,1496.75,1466.9,1481.9,1481.9,1478.5,1071,9823,14599909,
500488,"ABBOTT INDIA LTD.",A,STK,27003.8,27304.05,26664,27211.05,27070,26903.6,398,780,20990537,
500490,"BAJAJ HOLDINGS & INVESTMENT LT",A,STK,10318.15,10428,10111,10173.3,10173.3,10283.8,536,4511,46151758,
500493,"BHARAT FORGE LTD.",A,STK,1844.25,1863,1792.05,1797.25,1796.95,1843.05,4170,46863,85350713,
500495,"Escorts Kubota Limited",A,STK,3360,3415,3332.15,3392.9,3373.4,3329.9,951,4299,14548492,
500500,"HINDUSTAN MOTORS LTD.",B,STK,14.55,14.8,14.4,14.47,14.47,14.57,1074,206490,3024038,
500510,"LARSEN & TOUBRO LTD.",A,STK,3875.75,3896.9,3831.5,3838.25,3838.25,3875.7,11343,100719,389115028,
500520,"MAHINDRA & MAHINDRA LTD.",A,STK,3280.55,3295,3156.1,3166.8,3166.8,3292.3,13400,105092,336849048,
500530,"BOSCH LTD.",A,STK,32407.35,32421,31626.9,31693.25,31626.9,32048.25,262,711,22723253,
500540,"PREMIER LTD.",T,STK,3,3,3,3,3,2.86,3,120,360,
500547,"BHARAT PETROLEUM CORPORATION L",A,STK,325.85,328.6,322.9,325.25,325.25,325.85,9349,489319,159562251,
500550,"SIEMENS LTD.",A,STK,3287.35,3346,3263.95,3272.1,3272.1,3282.2,2170,13368,44225194,
500570,"TATA MOTORS PASSENGER VEHICLES",A,STK,344.95,347,334.7,335.35,335.35,345.1,11727,320702,108881855,
500575,"VOLTAS LTD.",A,STK,1450.8,1508,1450.8,1472.25,1472,1449.1,3736,40158,59716423,
500620,"GREAT EASTERN SHIPPING CO.LTD.",A,STK,1407.25,1442.3,1392.65,1426.25,1426.25,1391.25,3082,43155,61758119,
500645,"DEEPAK FERTILISERS & PETROCHEM",A,STK,979.95,1025.95,979,997.25,997.25,979.95,2630,49007,49367624,
500650,"EXCEL INDUSTRIES LTD.",B,STK,913,913,895.05,907.65,895.65,911.15,24,527,478322,
500655,"GARWARE HI-TECH FILMS LIMITED",A,STK,4071.5,4180.5,3935,3987.55,3956.3,4071.45,135,829,3380649,
500660,"GLAXOSMITHKLINE PHARMACEUTICAL",A,STK,2493,2540,2472.65,2485.15,2482.4,2491.55,391,3187,7999097,
500670,"GUJARAT NARMADA VALLEY FERTILI",A,STK,433.9,441.25,423.4,425.35,425.35,433.85,627,16430,7093874,
500672,"NOVARTIS INDIA LTD.",B,STK,943.7,955,932.05,951.55,955,943.6,298,9265,8763922,
500674,"SANOFI INDIA LTD",A,STK,3672.1,3720.85,3640.2,3646.4,3643,3672,312,873,3206948,
500680,"PFIZER LTD.",A,STK,4803,4825.5,4690,4704,4709.35,4818.85,280,755,3572262,
500690,"GUJARAT STATE FERTILIZERS & CH",A,STK,163.95,165.75,160.2,160.85,160.85,162.95,977,64941,10616025,
500696,"HINDUSTAN UNILEVER LTD.",A,STK,2197.6,2197.6,2156,2161.75,2161.75,2191.8,9354,49000,106332483,
500710,"AKZO NOBEL INDIA LIMITED",A,STK,2913.7,2913.7,2850.3,2889.2,2865,2886.1,133,534,1535828,
500730,"NOCIL LTD.",B,STK,135.1,139.15,130.75,131.2,131,135,524,22479,3018529,
500770,"TATA CHEMICALS LTD.",A,STK,692,699.1,687,688.55,687.8,692,938,14637,10147854,
500777,"TAMILNADU PETROPRODUCTS LTD.",B,STK,87.9,87.9,84.47,84.59,84.59,85.5,169,7024,606430,
500780,"Zuari Industries Limited",B,STK,245,257,245,251.85,248.15,245.1,129,5360,1351731,
500790,"NESTLE INDIA LTD.",A,STK,1238,1244.4,1226.5,1233.35,1233.35,1241.6,2788,59076,72750870,
500800,"TATA CONSUMER PRODUCTS LIMITED",A,STK,1100.3,1102.65,1070.5,1073.25,1075,1099.05,1924,231634,250200580,
500820,"ASIAN PAINTS LTD.",A,STK,2294.95,2304,2227.15,2231.6,2231.6,2280.65,8983,45506,103059180,
500825,"BRITANNIA INDUSTRIES LTD.",A,STK,5978.5,5998.95,5902.4,5920,5929.6,5971.9,498,1828,10844460,
500830,"COLGATE-PALMOLIVE (INDIA) LTD.",A,STK,2178.95,2207.95,2046.4,2054.3,2054.3,2202.65,11130,74802,156643087,
500840,"EIH LTD.",A,STK,315.6,321.25,315.6,320,320,315.5,507,14036,4488167,
500850,"INDIAN HOTELS CO.LTD.",A,STK,629.3,635.45,620.4,623.85,622,629.2,1889,214604,134328970,
500870,"CASTROL INDIA LTD.",A,STK,186.55,186.75,185.6,185.75,185.9,185.95,790,49879,9275092,
500875,"ITC LTD.",A,STK,309.75,310.75,307.65,308.95,308.95,309.05,18669,677770,209387692,
500877,"APOLLO TYRES LTD.",A,STK,439.05,441,429.2,434.5,434.5,437.85,3421,70839,30840163,
500878,"CEAT LTD.",A,STK,3409.2,3585,3390,3552.95,3552.95,3409.15,1911,13753,48586831,
500890,"MODI RUBBER LTD.",B,STK,114.5,114.5,113.95,113.95,113.95,111.65,3,25,2851,
500940,"FINOLEX INDUSTRIES LTD.",A,STK,189.3,192.1,184.75,185.2,185.8,185.35,1288,63384,11951763,
501150,"CENTRUM CAPITAL LTD.",B,STK,21.48,22.18,20.6,20.78,20.6,21.69,197,24587,520534,
501151,"KARTIK INVESTMENTS TRUST LTD.",XT,STK,1384.75,1384.75,1384.75,1384.75,1384.75,1318.85,1,1,1384,
501242,"TCI FINANCE LTD.",T,STK,13.85,14.95,13.85,14.95,14.95,14.24,37,9911,148116,
501295,"INDUSTRIAL INVESTMENT TRUST LT",B,STK,128.05,134.7,128.05,134.05,134.7,130.95,83,107,14185,
501298,"INDUSTRIAL & PRUDENTIAL INVEST",B,STK,5199.9,5281,5165.85,5207.6,5200,5200.9,11,149,774681,
501301,"TATA INVESTMENT CORPORATION LT",A,STK,631.8,633,619.5,622.85,622.85,628.85,1201,24748,15523806,
501311,"JAYABHARAT CREDIT LTD.",X,STK,16.57,16.57,15.79,16.57,16.57,15.79,3,3,48,
501314,"PRISMX GLOBAL VENTURES LIMITED",X,STK,0.65,0.66,0.58,0.61,0.62,0.63,209,199518,123725,
501343,"MOTOR & GENERAL FINANCE LTD.",B,STK,20.68,20.7,20,20.06,20.04,20.09,30,4308,87049,
501351,"RAPID INVESTMENTS LTD.",X,STK,72.23,77.38,72.23,73.76,72.23,73.7,6,17,1238,
501391,"W.H.BRADY & CO.LTD.",X,STK,540,540,526,539,539,538.65,8,100,53132,
501421,"TechNVision Ventures Limited",X,STK,5880.6,6089.95,5842.5,6029.1,6029.1,6150,88,390,2287056,
501423,"SHAILY ENGINEERING PLASTICS LT",A,STK,1890.25,1939,1877.7,1909.4,1887.6,1883.05,1793,11879,22741939,
501425,"The Bombay Burmah Trading Corp",A,STK,1568,1590.35,1561.25,1574.6,1574.6,1561.25,233,1285,2024280,
501430,"BOMBAY CYCLE & MOTOR AGENCY LT",X,STK,1627.05,1627.05,1627.05,1627.05,1627.05,1699.9,1,2,3254,
501455,"GREAVES COTTON LTD.",A,STK,149.3,151.4,143,144.1,144.1,149.25,1226,63191,9294331,
501477,"MULLER & PHIPPS (INDIA) LTD.",X,STK,231.6,231.6,231.6,231.6,231.6,231.95,1,1,231,
501700,"INDIANIVESH LTD.",X,STK,7.73,7.87,7.15,7.77,7.53,7.5,64,11833,89586,
501831,"COASTAL CORPORATION LTD.",B,STK,42.11,46.54,42,44.06,43.9,43.43,106,12835,562322,
501833,"CHOWGULE STEAMSHIPS LTD.",X,STK,18.52,19.65,18.3,18.84,18.84,19.01,21,1996,38015,
501848,"GLOBAL OFFSHORE SERVICES LTD.",X,STK,47.88,47.88,43.5,46.06,46,47.52,162,98319,4544921,
501945,"DHENU BUILDCON INFRA LTD.",Z,STK,7.66,7.66,7.59,7.66,7.66,7.51,64,22261,170508,
502015,"ASI INDUSTRIES LIMITED",X,STK,25.5,26.01,25.5,25.52,25.75,25.14,46,73706,1893699,
502090,"SAGAR CEMENTS LTD.",B,STK,185.2,188.25,182.95,183,182.95,185.1,36,734,136224,
502137,"DECCAN CEMENTS LTD.",B,STK,686.25,696.6,675.85,683,681.65,690.95,56,367,252318,
502157,"MANGALAM CEMENT LTD.",B,STK,838.85,846.95,821.25,833.35,821.25,841.9,177,2077,1739368,
502168,"NCL INDUSTRIES LTD.",B,STK,184.05,186,184,184,184,182.8,11,130,24139,
502175,"SAURASHTRA CEMENT LTD.",B,STK,62.6,64,61.8,61.93,61.83,61.91,204,14979,943046,
502180,"SHREE DIGVIJAY CEMENT CO.LTD.",B,STK,63,65.26,63,63.9,63.82,65.1,155,8317,533270,
502219,"BOROSIL RENEWABLES LIMITED",A,STK,426.7,432.3,411.95,415.45,415.45,425.8,434,17138,7244442,
502250,"LERTHAI FINANCE LIMITED",XT,STK,593.1,593.1,563.45,563.45,563.45,593.1,2,11,6494,
502281,"TRIVENI GLASS LTD.",X,STK,6.45,6.45,6.02,6.29,6.33,6.01,86,27306,170952,
502294,"NILACHAL REFRACTORIES LTD.",X,STK,34.7,34.7,33,33.32,34.6,34.66,7,65,2248,
502330,"ANDHRA PAPER LIMITED",B,STK,64.33,64.8,62.6,62.99,62.6,64.36,356,10155,649679,
502355,"BALKRISHNA INDUSTRIES LTD.",A,STK,2247.45,2248.1,2170.05,2182.15,2182.15,2241.55,649,4704,10382852,
502420,"ORIENT PAPER & INDUSTRIES LTD.",B,STK,17.17,17.74,16.9,16.96,16.9,17.03,190,113424,1928349,
502445,"CITADEL REALTY AND DEVELOPERS",X,STK,42.8,42.8,39.1,40.83,40.83,40.78,74,1574,64527,
502448,"ROLLATAINERS LTD.",T,STK,1.23,1.28,1.23,1.28,1.27,1.22,19,13777,17277,
502450,"SESHASAYEE PAPER & BOARDS LTD.",B,STK,258.5,258.5,249,249.9,249.9,259.6,87,1325,335961,
502587,"NATH INDUSTRIES LIMITED",X,STK,52,52,49.5,49.95,50,51.66,58,14015,702397,
502589,"VAPI ENTERPRISE LIMITED",X,STK,110.1,110.1,110.1,110.1,110.1,115.85,3,10,1101,
502820,"DCM LTD.",B,STK,66,66,60,60.98,60.8,61.28,82,2386,146575,
502865,"FORBES & COMPANY LTD.",X,STK,367,367,335.05,342,342,345.55,119,1592,548981,
502873,"H.P.COTTON TEXTILE MILLS LTD.",X,STK,103.15,114.95,103.1,114.35,114.35,103,13,151,16562,
502893,"UNITED INTERACTIVE LTD.",X,STK,69,69,68.99,68.99,68.99,66.4,2,4,275,
502901,"JAMSHRI REALTY LIMITED",X,STK,78.89,80,76.01,76.25,76.25,78.89,25,196,15232,
502933,"KATARE SPINNING MILLS LTD.",X,STK,96.75,96.75,96.75,96.75,96.75,96.75,1,50,4837,
502937,"KESORAM INDUSTRIES LTD.",T,STK,8.34,8.63,8.11,8.31,8.34,8.47,127,52617,442172,
502958,"LAKSHMI MILLS COMPANY LTD.",X,STK,7055,7688.3,7055,7549,7549,7100,5,16,118453,
502986,"VARDHMAN TEXTILES LTD.",A,STK,540.9,548.55,536.1,545.55,544.5,540.8,696,26204,14208666,
503031,"PENINSULA LAND LTD.",B,STK,16.9,17.15,16,16.14,16.14,16.76,288,48925,826774,
503092,"PASUPATI SPG.& WVG.MILLS LTD.",X,STK,27.9,29.86,27.2,29.86,29.86,29.83,6,28,787,
503100,"THE PHOENIX MILLS LTD",A,STK,1592.25,1614.45,1571.8,1576.85,1579.9,1605.5,779,4542,7236502,
503101,"MARATHON NEXTGEN REALTY LTD.",B,STK,436,445,409.95,413.95,409.95,432.3,238,4297,1821664,
503162,"RELIANCE CHEMOTEX INDUSTRIES L",B,STK,111.95,115,111.95,113,113,111.1,44,670,75387,
503169,"RUBY MILLS LTD.",B,STK,205.05,207.9,197.6,199.6,197.6,205.35,224,2935,590937,
503229,"SIMPLEX REALTY LTD.",X,STK,135.85,135.85,122.95,123.55,123,129.4,6,26,3355,
503310,"Swan Corp Limited",A,STK,350.05,361.5,350.05,352.65,350.65,353.6,1043,55884,19939481,
503349,"VICTORIA MILLS LTD.",X,STK,6373.95,6400,6373.95,6400,6400,6233.65,6,10,63793,
503624,"SVARAJ TRADING & AGENCIES LTD.",X,STK,10.29,11.22,9.81,10.67,10.67,9.36,856,389161,4094586,
503635,"SHREE SALASAR INVESTMENT LTD.",XT,STK,380,380,380,380,380,361.95,6,160,60800,
503639,"INDSOYA LTD.",XT,STK,14.23,14.23,14.23,14.23,14.23,13.56,1,5,71,
503641,"ZODIAC VENTURES LIMITED",X,STK,1.57,1.61,1.49,1.49,1.49,1.56,320,751760,1134698,
503657,"VEER ENERGY & INFRASTRUCTURE L",X,STK,10.51,11.6,10.09,10.38,10.38,11.08,135,26011,277414,
503659,"SW INVESTMENTS LTD",XT,STK,95.8,96.05,95.8,96.05,96.05,96.05,5,800,76833,
503663,"Tilak Ventures Limited",X,STK,0.94,0.96,0.91,0.94,0.95,0.93,736,1451557,1357412,
503675,"WAGEND INFRA VENTURE LIMITED",X,STK,1.04,1.04,0.99,0.99,0.99,1.04,13,4058,4218,
503681,"ELCID INVESTMENTS LTD.",B,STK,98197,100395.45,98197,98602.15,99260,98197,31,43,4266180,
503685,"MEDIAONE GLOBAL ENTERTAINMENT",Z,STK,16.99,17.49,16.99,17.01,17.49,16.66,14,753,12808,
503722,"BANSWARA SYNTEX LTD.",B,STK,111.7,114.1,109.5,113.6,113.6,111.85,11,409,45960,
503772,"MODELLA WOOLLENS LTD.",X,STK,61.37,67.78,61.37,67,67,64.6,5,71,4555,
503776,"MODIPON LTD.",X,STK,33.4,33.4,33.4,33.4,33.4,30.37,9,231,7715,
503804,"SHRI DINESH MILLS LTD.",X,STK,229.5,231,224.5,224.5,224.5,224.15,31,405,91526,
503806,"SRF LTD.",A,STK,2615.65,2615.65,2478.6,2487.1,2487.1,2597.7,2599,11674,29472661,
503811,"SIYARAM SILK MILLS LTD.",B,STK,500.95,513.7,496.25,498.5,498.4,500.95,127,1204,606651,
503816,"SWADESHI POLYTEX LTD.",X,STK,35.23,35.95,34.3,34.56,34.56,35.95,83,3514,122325,
503837,"SHREE RAJASTHAN SYNTEX LTD.",X,STK,14.31,14.5,13.36,14.3,14.3,13.99,12,19643,277018,
503960,"BHARAT BIJLEE LTD.",A,STK,2381.6,2422.1,2364.4,2374.7,2368,2390,276,1334,3197115,
504000,"ELPRO INTERNATIONAL LTD.",B,STK,86.85,86.85,84.12,85.46,85,84.16,168,32724,2795818,
504028,"GEE LTD.",X,STK,66.5,66.53,64.62,65.01,65.01,66.21,87,6588,437141,
504036,"HIND RECTIFIERS LTD.",B,STK,1450,1451.35,1415,1433.5,1440,1440.4,141,812,1162820,
504058,"INDO-NATIONAL LTD.",B,STK,309.35,314,305,305.75,306.4,311.25,35,209,64534,
504067,"ZENSAR TECHNOLOGIES LTD.",A,STK,563.45,572,561.1,563.95,562.45,561.45,1018,20344,11505244,
504076,"JYOTI LTD.",X,STK,62.1,63.95,61,62.05,61.01,60.31,193,49876,3092859,
504080,"JSL INDUSTRIES LTD.",X,STK,1065,1065,1065,1065,1065,969,1,4,4260,
504084,"KAYCEE INDUSTRIES LTD.",X,STK,804,810,771.6,779.85,794.9,779.75,110,565,447167,
504092,"INDOKEM LTD.",XT,STK,498,498,474,477.6,477.6,486.45,94,1338,645679,
504093,"PANASONIC ENERGY INDIA COMPANY",X,STK,290,293.8,287.05,289.85,291.55,287.85,77,2154,624384,
504112,"NELCO LTD.",B,STK,601.3,617,588,590.4,594,600.4,942,5660,3413439,
504132,"PERMANENT MAGNETS LTD.",X,STK,702.95,705.1,675,681.05,687,699.5,313,5398,3709000,
504176,"HIGH ENERGY BATTERIES (INDIA)",X,STK,559.6,559.6,545.1,546.3,547.85,554.35,232,2377,1309638,
504180,"STANDARD BATTERIES LTD.",XT,STK,40.91,42.4,40.91,42.06,42.35,41.96,48,2021,84175,
504212,"UNIVERSAL CABLES LTD.",B,STK,653.75,653.9,622,624.15,626.05,645.9,142,1287,823002,
504220,"W.S.INDUSTRIES (INDIA) LTD.",B,STK,69.8,69.8,67.54,67.79,67.94,68.31,55,8221,564741,
504240,"DELTON CABLES LTD.",X,STK,438.3,450,422.6,432.6,441,424.4,173,4242,1848678,
504258,"LAKSHMI ELECTRICAL CONTROL SYS",X,STK,779.8,799,761,764.75,764.75,769.6,90,1359,1043026,
504273,"MODULEX CONSTRUCTION TECHNOLOG",Z,STK,22.35,22.35,21.25,21.36,22.1,22.34,45,24608,529349,
504286,"DELTA MANUFACTURING LIMITED",B,STK,59,60.45,59,60.45,60.45,55,2,53,3131,
504340,"Longspur International Venture",X,STK,6.56,6.56,6.32,6.56,6.56,6.44,55,105119,666609,
504341,"RAVINDRA ENERGY LIMITED",B,STK,143,143.2,136.8,137.85,137.85,141.95,49,4000,555733,
504351,"EMPOWER INDIA LTD.",X,STK,1.38,1.43,1.27,1.3,1.3,1.38,2009,7746625,10137071,
504369,"GRANDMA TRADING & AGENCIES LTD",X,STK,0.49,0.49,0.49,0.49,0.49,0.49,2,50,24,
504378,"NYSSA CORPORATION LIMITED",X,STK,2.19,2.33,2.19,2.33,2.33,2.22,98,110178,252866,
504380,"FLOMIC GLOBAL LOGISTICS LIMITE",X,STK,40,45.33,39.88,41.01,41.01,40.29,20,828,33270,
504392,"KRISHNA VENTURES LIMITED",XT,STK,21.01,23.19,21.01,22.99,23,22.09,40,12114,266449,
504397,"GANESH HOLDINGS LTD.",X,STK,75.02,75.02,75.02,75.02,75.02,71.45,1,4,300,
504605,"UNI ABEX ALLOY PRODUCTS LTD.",X,STK,2942.45,2998,2905,2923.35,2939.95,2933.6,59,222,656687,
504614,"SARDA ENERGY & MINERALS LTD.",A,STK,545.2,556.8,541,543.5,543.5,545.15,1381,45615,25149406,
504646,"BHAGWATI AUTOCAST LTD.",X,STK,514.1,524.95,500,518.3,517.95,517.35,25,1021,519547,
504648,"BOMBAY WIRE ROPES LTD.",X,STK,44.6,44.6,44.6,44.6,44.6,44.6,3,206,9187,
504731,"AZAD INDIA MOBILITY LIMITED",X,STK,78.7,79.74,75.15,78.56,79.2,77.84,190,12885,993798,
504741,"INDIAN HUME PIPE CO.LTD.",B,STK,348,372,340,351.2,351.2,317.1,1060,33515,12010169,
504746,"INDIAN LINK CHAIN MANUFACTURES",XT,STK,1259.25,1310.55,1259.25,1310.55,1310.55,1284.9,44,8761,11099646,
504786,"INVESTMENT & PRECISION CASTING",X,STK,538,540.95,527,535.15,538.95,534.65,85,2947,1574152,
504810,"INFORMED TECHNOLOGIES INDIA LT",X,STK,84.45,84.45,82,82,82,81.43,6,23,1939,
504840,"KAIRA CAN CO.LTD.",X,STK,1261.1,1311,1214,1309,1309,1277.2,11,51,64103,
504879,"ORIENT CERATECH LIMITED",B,STK,37.88,38.78,37.88,38.32,38.35,37.17,90,10254,394997,
504882,"NATIONAL STANDARD (INDIA) LTD.",B,STK,1321,1321,1280.8,1285.9,1285,1303,32,74,95528,
504903,"RATHI STEEL & POWER LTD.",X,STK,19.39,19.39,18.39,18.47,18.79,18.58,325,146221,2726753,
504908,"Duncan Engineering Limited",X,STK,397,414.95,390.5,410.8,410.1,387.2,23,242,97964,
504918,"SANDUR MANGANESE & IRON ORES L",B,STK,198.85,207.9,198.85,201,200,198.9,1304,128414,26013716,
504959,"STOVEC INDUSTRIES LTD.",X,STK,1800,1804.9,1775,1778.75,1775,1781.2,48,492,880243,
504973,"CHOLAMANDALAM FINANCIAL HOLDIN",A,STK,1573.6,1584.8,1558.6,1569.75,1568.1,1571,437,3772,5930087,
504988,"WELCAST STEELS LTD.",X,STK,670.05,718,667.1,710,710,699.95,19,306,211573,
505010,"AUTOMOTIVE AXLES LTD.",B,STK,1928.2,1937.5,1900.05,1909.35,1909.35,1928.35,9,32,61398,
505029,"ATLAS CYCLES (HARYANA) LTD.",B,STK,89.9,89.9,84.27,86.29,86.32,83.65,19,1241,106259,
505036,"AUTOMOBILE CORPORATION OF GOA",B,STK,1630,1683.05,1630,1640.05,1631.2,1665.1,90,857,1423892,
505075,"SETCO AUTOMOTIVE LTD.",B,STK,18.49,18.49,17.92,17.96,18.25,17.93,71,4292,77487,
505160,"TALBROS AUTOMOTIVE COMPONENTS",B,STK,247.2,248.2,241.1,242.5,241.1,246.5,54,703,171258,
505163,"Z.F.STEERING GEAR (INDIA) LTD.",B,STK,717.95,725,680.4,690.1,690.1,703.3,185,3237,2254627,
505192,"SML Mahindra Limited",B,STK,4189.2,4266.85,3955,3977.85,3977.85,4135.35,890,4669,19074513,
505196,"TIL LTD.",B,STK,201.85,203.15,194.55,195.6,194.85,197.75,150,3702,730056,
505200,"EICHER MOTORS LTD.",A,STK,7606.05,7606.05,7223.45,7251.75,7250,7533.9,5418,20159,148981659,
505212,"JAINEX AAMCOL LTD.",X,STK,116.5,121,110.75,113.05,120,117.5,23,453,51513,
505216,"ALFRED HERBERT (INDIA) LTD.",X,STK,2680,2680,2566,2646.55,2646.55,2615.15,45,201,529420,
505232,"VELJAN DENISON LIMITED",X,STK,938.95,939,915,924.75,924.8,921.7,21,153,141859,
505242,"DYNAMATIC TECHNOLOGIES LTD.",B,STK,10452.5,10488,9770,9884.9,9932,10555.3,400,1502,15216560,
505255,"GMM PFAUDLER LTD.",A,STK,873.95,914.7,861.5,872.15,873.3,872.2,801,36413,31950721,
505283,"KIRLOSKAR PNEUMATIC CO.LTD.",A,STK,1118.5,1145.75,1114.45,1116.4,1114.45,1118.45,236,3423,3860551,
505299,"KPT INDUSTRIES LIMITED",X,STK,531,566.95,500,520.85,524.5,539,316,5146,2671754,
505302,"LAKSHMI ENGINEERING AND WAREHO",X,STK,1799.5,1894,1799.45,1847,1894,1799.5,7,67,120766,
505324,"MANUGRAPH INDIA LTD.",B,STK,13.6,14.01,13.5,13.72,13.72,13.61,33,1448,19959,
505336,"HARSHIL AGROTECH LIMITED",X,STK,0.39,0.42,0.38,0.4,0.41,0.39,1218,5563152,2245731,
505343,"MONOTYPE INDIA LTD.",X,STK,0.43,0.43,0.4,0.42,0.42,0.43,632,1704084,711573,
505355,"NESCO LTD.",B,STK,1090.8,1095.4,1063.1,1068.5,1063.6,1081.8,75,545,592401,
505358,"INTEGRA ENGINEERING INDIA LTD.",X,STK,150,155.95,150,153.95,155.95,149.45,221,25481,3887740,
505368,"Semac Construction Limited",B,STK,215.6,217.85,208.65,217.85,217.85,221.45,12,107,23028,
505400,"TEXMACO INFRASTRUCTURE & HOLDI",B,STK,92,92,91.77,92,92,92,120,2970,273061,
505412,"WENDT (INDIA) LTD.",B,STK,6590,6639.95,6495.5,6532.3,6534,6494.55,129,2547,16607589,
505502,"PS IT INFRASTRUCTURE & SERVICE",X,STK,1.35,1.35,1.31,1.31,1.31,1.33,14,9039,12162,
505504,"GHV INFRA PROJECTS LIMITED",XT,STK,328.7,328.7,300.6,310.85,310,313.05,611,11483,3624752,
505509,"RESPONSIVE INDUSTRIES LTD.",B,STK,173.65,173.65,164.65,165,164.65,166.2,68,1910,317168,
505515,"SHYAMKAMAL INVESTMENTS LTD.",X,STK,12.18,12.48,11.54,12.2,12.2,12.12,19,752,9099,
505523,"MAHARASHTRA CORPORATION LTD.",X,STK,0.33,0.33,0.32,0.33,0.33,0.33,251,435507,142055,
505526,"DOLAT ALGOTECH LIMITED",B,STK,75.6,76.72,74.19,75.36,75.7,75.27,144,14144,1065151,
505533,"WESTLIFE FOODWORLD LIMITED",A,STK,470.9,491.6,456.9,477.3,474.95,475.55,946,15233,7150735,
505537,"ZEE ENTERTAINMENT ENTERPRISES",A,STK,80.4,83.84,80.18,80.42,80.42,80.45,2760,2307110,188028603,
505590,"SVP GLOBAL TEXTILES LIMITED",T,STK,2.69,2.69,2.65,2.69,2.69,2.69,11,2262,6082,
505650,"SKYLINE MILLARS LTD.",X,STK,18.3,18.3,17.35,17.6,17.6,18.3,15,4287,75090,
505681,"BIMETAL BEARINGS LTD.",X,STK,579.9,579.9,491.1,509.2,515.1,561.2,133,2351,1237627,
505688,"BHARAT GEARS LTD.",B,STK,103.85,103.85,100.2,100.55,100.2,102.05,38,422,42820,
505690,"BRADY & MORRIS ENGINEERING CO.",X,STK,753.55,768,700,727.8,747.8,725.3,82,359,262179,
505693,"La Tim Metal & Industries Limi",X,STK,9.4,10.35,9.4,10.11,10.35,9.83,73,20528,208771,
505700,"ELECON ENGINEERING CO.LTD.",A,STK,406,408.8,398.1,401.7,401.7,402.1,866,34180,13728076,
505710,"GRAUER & WEIL (INDIA) LTD.",B,STK,63.32,63.99,62.55,62.92,62.7,62.58,1663,759007,48155930,
505712,"HIM TEKNOFORGE LIMITED",X,STK,193.1,199.45,191.25,191.45,191.45,196.65,67,11069,2152328,
505714,"GABRIEL INDIA LTD.",A,STK,909.95,925,880,883.45,883.45,899.5,876,20224,18263761,
505720,"Hercules Investments Limited",B,STK,119.9,122.45,117.5,119.45,119.45,118.25,272,15415,1851073,
505725,"ALGOQUANT FINTECH LIMITED",B,STK,59.01,59.35,55.71,56.08,56.08,59.41,644,252763,14701565,
505726,"IFB INDUSTRIES LTD.",B,STK,1043.65,1072.4,1036.3,1043.95,1046.1,1043.65,413,2988,3146722,
505729,"SINGER INDIA LTD.",X,STK,73.65,82,73.65,78.71,78.71,75.83,658,161776,12647582,
505737,"INTERNATIONAL COMBUSTION (INDI",X,STK,418.95,465,415,419.55,415,410.25,89,922,395132,
505744,"FEDERAL-MOGUL GOETZE (INDIA) L",B,STK,399.9,401.15,382.2,387.5,385,400.55,236,6035,2385055,
505750,"JOSTS ENGINEERING CO.LTD.",X,STK,235,238.3,228,230.95,230.95,232.85,209,129228,30357282,
505790,"Schaeffler India Limited",A,STK,4164.5,4194.7,4025,4045.95,4030,4164.45,860,3476,14234961,
505800,"RANE HOLDINGS LTD.",B,STK,1228.6,1259.3,1186,1189.65,1186,1225.55,34,111,134254,
505807,"ROLCON ENGINEERING CO.LTD.",P,STK,660,660,660,660,660,636,1,50,33000,
505827,"SNL BEARINGS LTD.",X,STK,362.8,362.9,352.3,358.4,359.95,357.65,30,213,76384,
505840,"JAIPAN INDUSTRIES LTD.",X,STK,25,27,25,26,26,25,38,3575,93819,
505850,"MANGAL CREDIT AND FINCORP LTD.",B,STK,176,178,169.2,169.85,170.05,170.65,95,11656,2011044,
505854,"TRF LTD.",B,STK,235.9,239.95,232.6,237.05,237.25,234.5,73,8089,1915945,
505872,"WPIL LTD.",B,STK,393.45,410,392.55,395.4,395.4,381.55,2259,92629,37257081,
505890,"KENNAMETAL INDIA LTD.",B,STK,2227.7,2293.95,2227.7,2255.55,2250,2273.15,189,2166,4870975,
505893,"HINDUSTAN HARDY LIMITED",X,STK,795,810,772.5,776.7,776.7,773.6,48,631,492729,
505978,"TRITON VALVES LTD.",X,STK,3282.5,3338,3254.05,3300.05,3300,3245.6,119,603,1984791,
506003,"SUDAL INDUSTRIES LTD.",X,STK,49.68,49.68,45.76,49.12,49.12,47.58,25,615,29156,
506022,"PRAKASH INDUSTRIES LTD.",B,STK,124.7,127.85,124.15,124.65,124.65,123.15,327,27045,3399699,
506076,"GRINDWELL NORTON LTD.",A,STK,1530.85,1553.7,1507.2,1514.9,1510,1530.15,166,80791,125054797,
506079,"LAKSHMI PRECISION SCREWS LTD.",Z,STK,5.45,5.45,5.45,5.45,5.45,5.31,2,45,245,
506105,"STANROSE MAFATLAL INVESTMENTS",X,STK,62.66,62.66,60.15,62,62,64.87,9,10,614,
506109,"GENESYS INTERNATIONAL CORPORAT",B,STK,273.45,284.35,273.45,278.8,278,274.2,371,26501,7408301,
506122,"Kairosoft AI Solutions Limited",XT,STK,46.75,47,45.5,46.96,46.96,46.16,22,1901,88416,
506128,"PARNAX LAB LTD.",X,STK,130,131,128,129.9,130,130,23,4623,600550,
506134,"GOURMET GATEWAY INDIA LIMITED",X,STK,9.2,9.5,8.75,8.94,8.93,9.08,82,45557,418125,
506146,"VISAGAR POLYTEX LTD.",B,STK,0.57,0.57,0.53,0.55,0.56,0.52,61,121980,66847,
506166,"APIS INDIA LTD.",XT,STK,59,60,57.02,58.19,58.69,58.43,190,7711,447015,
506180,"EMERGENT INDUSTRIAL SOLUTIONS",XT,STK,383.4,383.4,380,383.4,383.4,365.15,9,70,26824,
506184,"KANANI INDUSTRIES LTD.",B,STK,1.34,1.38,1.32,1.37,1.38,1.35,25,8864,12157,
506186,"GALAXY SUPERMARKET LIMITED",X,STK,17,17.5,16.01,16.54,17.5,16.7,27,31251,503984,
506194,"ARIHANT SUPERSTRUCTURES LIMITE",B,STK,236.25,237.15,227.75,231,231,235.9,52,227,52710,
506197,"BLISS GVS PHARMA LTD.",B,STK,225.4,227.65,215.35,216.15,215.7,222.75,859,41842,9238039,
506222,"Styrenix Performance Materials",A,STK,1935.8,2074,1935.8,2039.55,2039.55,1935.7,731,4929,10014449,
506235,"ALEMBIC LTD.",B,STK,84.8,86.3,84.5,84.79,84.98,84.82,329,6585,561709,
506248,"AMINES & PLASTICIZERS LTD.",B,STK,152,157,150,150,150,150,11,4122,626059,
506260,"ANUH PHARMA LTD.",B,STK,77,79.86,75.98,78.86,79,76.77,220,5991,467834,
506261,"MODISON LIMITED",B,STK,132.35,132.5,128.65,129.5,128.65,129.6,100,1758,228703,
506285,"BAYER CROPSCIENCE LTD.",A,STK,4625,4625,4498,4523.35,4500.25,4604.3,827,4570,20888514,
506365,"STARSOURCE MULTITRADE LIMITED",X,STK,80,80,80,80,80,82.5,1,1,80,
506373,"CITURGIA BIOCHEMICALS LTD.",B,STK,131.3,131.3,131.3,131.3,131.3,138.2,13,297,38996,
506390,"Sudarshan Colorants India Limi",B,STK,344.2,344.2,336.85,337.2,337.2,335.55,50,674,227720,
506395,"COROMANDEL INTERNATIONAL LTD.",A,STK,2076.65,2076.65,2010,2019.15,2019.15,2073.75,1159,11390,23249229,
506401,"DEEPAK NITRITE LTD.",A,STK,1498.5,1503.65,1485,1488.7,1490.15,1490.05,515,4093,6103497,
506405,"DMCC SPECIALITY CHEMICALS LIMI",B,STK,232.75,235.3,215.15,220.6,221,233.25,171,2621,600702,
506414,"FERMENTA BIOTECH LIMITED",X,STK,342,346,330,336.6,336.6,339.3,233,14983,5091885,
506480,"GOCL Corporation Limited",B,STK,249.7,255,249.7,253.05,252.6,247.7,122,2351,594471,
506520,"JAYSHREE CHEMICALS LTD.",X,STK,6.09,6.2,5.71,5.91,6.1,5.93,89,33996,202148,
506525,"KANORIA CHEMICALS & INDUSTRIES",B,STK,63.63,65,63.55,63.95,63.95,63.75,10,3309,213608,
506528,"KELTECH ENERGIES LTD.",X,STK,3141.05,3159.8,3050,3066.55,3129,3127.6,80,690,2161401,
506530,"KEMP & COMPANY LTD.",X,STK,950,950,950,950,950,950,1,3,2850,
506532,"NITTA GELATIN INDIA LTD.",X,STK,800,807,790,803.3,807,785.55,55,814,653417,
506543,"M.P.AGRO INDUSTRIES LTD.",XT,STK,8.72,9.15,8.72,8.8,8.8,8.72,8,26,228,
506579,"AG VENTURES LIMITED",B,STK,105,109.95,105,106.05,106.05,106.4,328,11773,1260072,
506590,"PCBL Chemical Limited",A,STK,275.1,283,272,273.15,273.15,275.75,1660,171053,47447850,
506597,"AMAL LTD.",X,STK,501,508.9,495,495.55,495,501.9,202,5697,2838202,
506605,"POLYCHEM LTD.",X,STK,1951,1951,1900.15,1913.85,1920,1943,11,26,50335,
506618,"PUNJAB CHEMICALS AND CROP PROT",B,STK,1105.15,1105.15,1062.45,1067.7,1069.7,1080.05,81,588,634871,
506640,"ZR2 BIOENERGY LIMITED",X,STK,125.75,130,117.9,126,126,125.75,20,1138,139774,
506642,"SADHANA NITROCHEM LTD.",B,STK,1.45,1.55,1.42,1.55,1.55,1.48,194,929285,1435554,
506655,"SUDARSHAN CHEMICAL INDUSTRIES",A,STK,853.05,873.4,844,860.85,844,848.25,215,2197,1891398,
506685,"ULTRAMARINE & PIGMENTS LTD.",B,STK,428.65,428.65,414.2,415.2,414.2,420.8,273,27958,11704529,
506687,"TRANSPEK INDUSTRY LTD.",X,STK,925.7,925.7,900,906.45,906.45,907.75,161,2326,2117978,
506690,"UNICHEM LABORATORIES LTD.",B,STK,323,336.95,323,329.05,330,323,119,74498,24521632,
506734,"MYSORE PETRO CHEMICALS LTD.",X,STK,94.46,96,93.99,93.99,93.99,93.37,13,3389,323657,
506767,"ALKYL AMINES CHEMICALS LTD.",A,STK,1328.05,1364.9,1301,1320.4,1320.4,1331.15,701,5138,6814331,
506808,"TUTICORIN ALKALI CHEMICALS AND",X,STK,48.1,51.9,47,51.83,51.5,48.94,232,19046,956654,
506820,"ASTRAZENECA PHARMA INDIA LTD.",A,STK,8840,8850,8635,8768.5,8796.05,8801.65,73,123,1073840,
506852,"Primo Chemicals Limited",B,STK,17.64,17.91,17,17.27,17.5,17.4,159,38935,680204,
506854,"TANFAC INDUSTRIES LTD.",B,STK,1950,1979.45,1895,1915.25,1915.25,1973.1,1172,13359,25744232,
506858,"GUJARAT PETROSYNTHESE LTD.",X,STK,60.84,63,59.05,63,63,60.84,21,1492,91755,
506863,"SWADESHI INDUSTRIES LEASING CO",XT,STK,110,110,109.9,109.9,109.9,109,62,6389,702532,
506879,"GUJARAT THEMIS BIOSYN LTD.",B,STK,302.55,304.85,286.7,290.6,290.6,299.3,233,3980,1176678,
506906,"Saptak Chem And Business Limit",XT,STK,46.83,46.83,46.83,46.83,46.83,49.29,18,1272,59567,
506919,"MAKERS LABORATORIES LTD.",X,STK,145,166,145,153.3,155.25,147.55,114,9754,1513318,
506935,"CONTINENTAL CHEMICALS LTD.",X,STK,63.9,63.9,63.7,63.9,63.9,63.9,5,473,30200,
506943,"J.B.CHEMICALS & PHARMACEUTICAL",A,STK,2129.9,2134.95,2109.05,2124.5,2128.1,2119.25,587,7507,15925814,
506947,"ADVANCE PETROCHEMICALS LTD.",X,STK,140.5,140.5,127.2,139.65,127.2,133.85,3,17,2375,
506979,"APT PACKAGING LTD.",X,STK,125,125,124,124.4,124.9,124.95,9,3600,449460,
506981,"BLUE CHIP TEX INDUSTRIES LTD.",X,STK,127.55,130.1,127.15,130.1,130.1,126.95,11,640,82984,
507155,"JAGATJIT INDUSTRIES LTD.",X,STK,141.95,143.25,132.65,138.2,138.2,141.25,125,11726,1656688,
507180,"KESAR ENTERPRISES LTD.",X,STK,4.78,5.29,4.78,5.06,5.08,4.78,86,22895,115886,
507205,"TILAKNAGAR INDUSTRIES LTD.",A,STK,457.55,464.5,451,454.85,454.85,456.35,558,17829,8155735,
507265,"Emerald Leisures Limited",X,STK,171,186,171,182,182,171,28,4691,843405,
507300,"The Ravalgaon Sugar Farm Limit",X,STK,905,928,905,928,928,936,4,28,25455,
507315,"SAKTHI SUGARS LTD.",B,STK,15.03,15.67,15.03,15.26,15.29,15.19,50,212461,3252711,
507410,"WALCHANDNAGAR INDUSTRIES LTD.",B,STK,167.2,168.55,160.25,161.2,160.5,164.9,553,23696,3894177,
507438,"IFB AGRO INDUSTRIES LTD.",B,STK,792.95,792.95,756,760.1,760.1,755.7,65,565,435428,
507474,"KOTHARI FERMENTATION & BIOCHEM",X,STK,36.94,37.94,36.1,36.51,36.5,36.66,67,14851,545076,
507486,"CAPROLACTAM CHEMICALS LTD.",XT,STK,68.81,68.81,62.27,62.27,62.27,65.54,10,1217,82322,
507488,"G.M.BREWERIES LTD.",B,STK,995.55,1030.45,995.55,1011.1,1017.8,994.25,432,4519,4600909,
507490,"RANA SUGARS LTD.",B,STK,11.52,12.42,11.52,11.8,11.8,11.86,145,16438,195099,
507498,"PICCADILY SUGAR & ALLIED INDUS",X,STK,33.9,35.78,33,33.34,33.1,33.58,81,4432,151278,
507514,"SOM DISTILLERIES & BREWERIES L",B,STK,78.29,79.6,76.1,77.13,76.1,76.42,493,47964,3734168,
507515,"C.J.GELATINE PRODUCTS LTD.",X,STK,17.99,17.99,17.99,17.99,17.99,17.14,1,1,17,
507526,"ASSOCIATED ALCOHOLS & BREWERIE",B,STK,760.7,770,744,747.95,744,750.9,157,3618,2735781,
507552,"FOODS & INNS LTD.",B,STK,62.74,62.74,56.02,56.72,56.72,59.24,358,31992,1892566,
507580,"IVP LTD.",B,STK,129.15,129.15,126.45,126.45,126.45,129.05,11,232,29909,
507598,"KOVILPATTI LAKSHMI ROLLER FLOU",X,STK,104.2,104.2,95.3,101.4,101.65,104.2,60,1407,142660,
507609,"OLYMPIC OIL INDUSTRIES LTD.",X,STK,32.83,32.83,31.53,31.53,31.53,33.17,8,43,1388,
507621,"MILKFOOD LTD.",X,STK,50.58,50.58,49.1,49.78,49.78,49.35,48,2088,104010,
507645,"POLSON LTD.",X,STK,11600,11600,11300.9,11300.9,11300.9,11688.9,3,3,34300,
507663,"SIGNATURE GREEN CORPORATION LI",X,STK,3.59,3.59,3.59,3.59,3.59,3.42,1,15,53,
507685,"WIPRO LTD.",A,STK,202.8,206,201.6,202.1,202.1,200.85,4680,404865,82291502,
507690,"ORIENT BEVERAGES LTD.",XT,STK,222,227.8,216.2,219.4,220,222.9,19,259,58170,
507717,"DHANUKA AGRITECH LTD.",B,STK,992.8,1015.95,972,977.65,974.1,992.75,174,855,851571,
507747,"TTK HEALTHCARE LTD.",B,STK,860,864.95,852.5,855.3,853.15,861.15,63,128,110085,
507753,"TGV SRAAC Limited",B,STK,84.97,84.97,82.6,83.08,83,84,407,77059,6437764,
507759,"LIME CHEMICALS LTD.",X,STK,13.01,13.6,13.01,13.06,13.06,14.45,24,8623,113075,
507779,"KANPUR PLASTIPACK LTD.",B,STK,186.4,189.5,180.05,180.05,180.05,182,33,1178,215436,
507785,"TAINWALA CHEMICALS & PLASTICS",B,STK,197.45,198.85,197.4,198.85,198.85,195.4,3,72,14217,
507789,"JAGSONPAL PHARMACEUTICALS LTD.",B,STK,178.05,182.25,177,178.9,178.55,176.9,258,12345,2220838,
507794,"KHAITAN CHEMICALS & FERTILIZER",B,STK,53.27,59.92,53.26,55.22,55.22,53.27,531,35780,2019649,
507813,"NATIONAL OXYGEN LTD.",X,STK,69,69,66,67.91,68,69.95,36,1446,97838,
507815,"GILLETTE INDIA LTD.",A,STK,8133,8300,7960,7978.6,8300,8130.55,210,342,2746638,
507817,"WIRES & FABRIKS (SA) LTD.",X,STK,150,156.95,143,143,143,150.5,10,309,46433,
507828,"ANSAL HOUSING LIMITED",X,STK,7.25,7.89,7,7.34,7.4,6.94,185,77384,579377,
507833,"COMPUTER POINT LTD.",X,STK,3.87,4.3,3.87,4.08,4.08,3.94,71,9223,37321,
507836,"MAC CHARLES (INDIA) LTD.",X,STK,619,625,595,619,619,609.1,30,507,310808,
507852,"ADDI INDUSTRIES LTD.",X,STK,91.5,105.9,91.5,99.5,99.8,100.45,12,130,12548,
507864,"PIONEER INVESTCORP LTD.",XT,STK,90.6,94.5,90.6,93.32,93,91.44,5,40,3735,
507872,"ASHNOOR TEXTILE MILLS LTD.",X,STK,39,41.8,39,41.8,41.8,41.12,4,13,526,
507878,"UNITECH LTD.",B,STK,4.69,4.73,4.63,4.65,4.65,4.65,303,361934,1688261,
507880,"V.I.P.INDUSTRIES LTD.",A,STK,360.85,366.2,347.65,350.5,351.55,364.05,894,13372,4719360,
507910,"FIBERWEB (INDIA) LTD.",T,STK,38.8,38.8,37.05,38.4,38.4,38.99,32,3568,133101,
507912,"LKP FINANCE LIMITED",X,STK,181.55,194.5,176,179.85,179.85,185.25,678,64636,11765892,
507917,"EAST BUILDTECH LTD.",X,STK,41.3,41.3,41.3,41.3,41.3,41.19,1,16,660,
507944,"BAJAJ STEEL INDUSTRIES LTD.",B,STK,400,402.2,389,397.9,399.9,396.9,656,48771,19499416,
507946,"KIDUJA INDIA LTD.",X,STK,14.8,16.25,14.8,16.2,16.2,15.51,17,1441,22315,
507948,"KEY CORP LTD.",X,STK,70.9,70.9,66.37,66.39,66.37,69.86,51,688,46250,
507960,"GUJARAT HOTELS LTD.",X,STK,190.4,190.95,183.35,190.45,190.45,190.4,11,572,108069,
507962,"FYNX CAPITAL LIMITED",XT,STK,5.83,5.83,5.83,5.83,5.83,5.94,24,2016,11753,
507966,"RAS RESORTS & APART HOTELS LTD",X,STK,38.7,43.69,37.55,39.12,39.12,38.75,13,344,14196,
507970,"PARAMOUNT COSMETICS (INDIA) LT",X,STK,36.49,37,35.5,36.98,36.98,36.49,8,62,2287,
507981,"JINDAL HOTELS LTD.",X,STK,64,65,64,64.5,64.5,64.77,3,19,1225,
507998,"SIMMONDS MARSHALL LTD.",X,STK,146.9,146.9,141.3,142,142,140.4,39,1340,190211,
508136,"B & A LTD.",X,STK,370.05,370.05,365,365,365,355,19,708,261450,
508486,"HAWKINS COOKERS LTD.",B,STK,7599.95,7785,7312,7540.8,7561,7482.8,713,2926,22260541,
508494,"WARREN TEA LTD.",X,STK,39.95,39.95,38,38,38,37.75,29,2096,80099,
508571,"COCHIN MALABAR ESTATES & INDUS",X,STK,131.1,140,131.1,140,140,131.45,13,220,29698,
508664,"BEST EASTERN HOTELS LTD.",X,STK,11.26,11.75,11.12,11.66,11.66,11.26,19,247,2826,
508670,"NEELAMALAI AGRO INDUSTRIES LTD",X,STK,3180,3180,3180,3180,3180,3165,1,1,3180,
508807,"IST LTD.",B,STK,670.5,675,658.1,659.65,659,665.65,89,1487,991962,
508814,"Cosmo First Limited",B,STK,681,681,662,664.85,662,665,102,1284,865453,
508867,"NEW MARKETS ADVISORY LTD.",XT,STK,15.48,15.48,15.48,15.48,15.48,14.75,1,1,15,
508869,"APOLLO HOSPITALS ENTERPRISE LT",A,STK,7755.7,7790,7658.25,7688.1,7713.75,7799.45,2403,7968,61462517,
508875,"Nitin Castings Limited",X,STK,534.25,558,502.2,518.65,506,534.25,67,336,178053,
508905,"NEXOME CAPITAL MARKETS LIMITED",X,STK,79.95,79.95,76.06,76.2,77.9,78.79,19,505,38951,
508906,"EVEREST INDUSTRIES LTD.",B,STK,370,385,370,382.8,384.1,379,49,1074,407369,
508918,"IRONWOOD EDUCATION LIMITED",X,STK,42.61,45.8,42.6,45.39,45.39,43.79,30,1937,84293,
508922,"MSR INDIA LTD.",XT,STK,7.24,7.24,7.24,7.24,7.24,7.1,58,25441,184192,
508933,"AYM Syntex Limited",B,STK,190.5,193.75,185.4,187.8,185.4,193.4,147,2656,509299,
508941,"PANASONIC CARBON INDIA CO.LTD.",X,STK,450.5,455.3,449.05,451,450,452.55,30,411,185242,
508954,"FINKURVE FINANCIAL SERVICES LT",B,STK,63.99,65.2,57.25,58.16,58.16,61.6,284,24925,1526588,
508956,"HB LEASING & FINANCE CO.LTD.",X,STK,13.21,13.21,13.02,13.02,13.02,13.1,9,1133,14782,
508961,"SHRICON INDUSTRIES LTD.",XT,STK,181.3,200,181.3,183.5,183.5,190.75,5,28,5564,
508963,"TRUSTWAVE SECURITIES LIMITED",X,STK,15.76,15.76,14.68,14.68,14.68,15.45,2,2,30,
508969,"SULABH ENGINEERS & SERVICES LT",X,STK,2.33,2.42,2.28,2.38,2.38,2.28,45,20035,47765,
508980,"FRONTIER CAPITAL LIMITED",XT,STK,8.41,8.69,8,8.56,8.56,8.4,16,681,5753,
508989,"NAVNEET EDUCATION LIMITED",B,STK,139.05,140,136.65,136.95,136.65,138.65,58,1196,165584,
509009,"AUSOM ENTERPRISE LIMITED",T,STK,105.39,105.39,103,103.02,103,100.45,7,203,20973,
509015,"THAKRAL SERVICES (INDIA) LTD.",XT,STK,14.65,14.65,13.45,14.6,14.6,13.99,5,133,1944,
509020,"RUCHI INFRASTRUCTURE LTD.",B,STK,5.03,5.75,5.03,5.57,5.53,5.66,37,21102,118799,
509024,"GOLDEN LEGAND LEASING & FINANC",X,STK,10.33,10.33,9.11,10.18,10.32,10.13,82,58030,582212,
509038,"VOLTAIRE LEASING & FINANCE LTD",X,STK,11.86,12.14,11.68,12.08,12.08,11.91,6,207,2500,
509040,"NETLINK SOLUTIONS (INDIA) LTD.",XT,STK,180.5,180.5,180.5,180.5,180.5,181.7,1,50,9025,
509046,"TRILIANCE POLYMERS LIMITED",XT,STK,27.86,27.86,26.5,27.53,27.53,26.75,15,2571,70603,
509048,"LANCOR HOLDINGS LTD.",T,STK,21.47,21.47,20.51,20.51,20.51,21.58,45,38500,794729,
509051,"INDIAN INFOTECH & SOFTWARE LTD",X,STK,0.62,0.62,0.6,0.61,0.62,0.62,1088,5153281,3140374,
509053,"BANAS FINANCE LTD.",X,STK,6.07,6.2,6.07,6.16,6.2,6.17,57,111572,689408,
509055,"VISAKA INDUSTRIES LTD.",B,STK,64.2,64.2,58,58.01,59.4,58.88,160,8696,515528,
509069,"INFOMEDIA PRESS LTD.",B,STK,5.75,5.75,4.74,5.3,5.3,5.24,22,1287,6143,
509073,"HATHWAY BHAWANI CABLETEL & DAT",X,STK,11.92,12.46,11.16,11.39,11.2,11.92,24,3506,40776,
509079,"GUFIC BIOSCIENCES LTD.",B,STK,289.95,297.15,288.2,289.65,297.15,290.4,253,1178,345904,
509099,"OSWAL LEASING LTD.",P,STK,64.72,64.72,64.72,64.72,64.72,61.64,1,400,25888,
509162,"INDAG RUBBER LTD.",X,STK,89.9,93.82,88,89.72,88.65,89.9,196,7089,642179,
509196,"MM RUBBER COMPANY LTD.",X,STK,65.6,65.92,63.5,64.89,64.89,65.54,27,1262,81390,
509220,"PTL ENTERPRISES LTD.",B,STK,38.03,38.38,37.71,37.75,37.73,37.54,31,2381,91253,
509243,"TVS SRICHAKRA LTD.",B,STK,3651,3978,3558.7,3563.5,3561.75,3650.9,158,1754,6586745,
509423,"SANATHNAGAR ENTERPRISES LIMITE",X,STK,39.5,40,37.53,37.53,37.53,39.5,5,32,1252,
509438,"BENARES HOTELS LTD.",B,STK,9534.95,9570.05,9501,9501,9501,9501.3,51,77,733451,
509449,"BHAGWATI OXYGEN LTD.",X,STK,39.78,42,39.78,42,42,39.78,23,646,26608,
509470,"BOMBAY OXYGEN INVESTMENTS LIMI",X,STK,20496,20496,20496,20496,20496,20496,1,1,20496,
509472,"CRAVATEX LTD.",X,STK,342.25,347,340,342.15,341.85,364.75,55,2463,843316,
509480,"BERGER PAINTS INDIA LTD.",A,STK,440.5,444,429.5,430.3,430,436.8,1833,24965,10903368,
509486,"CAPRIHANS INDIA LTD.",X,STK,66,69,63.79,64,64,65.07,83,5760,377673,
509488,"GRAPHITE INDIA LTD.",A,STK,640.05,672.95,634,648.65,648.65,635.9,1548,56217,36968051,
509496,"Cemindia Projects Limited",A,STK,559.7,581.1,551.9,555.85,555.85,558.4,942,19237,10840543,
509525,"EMPIRE INDUSTRIES LTD.",X,STK,860,879.95,848,863.95,864,864.8,52,957,825007,
509546,"GRAVISS HOSPITALITY LTD.",X,STK,30.5,30.5,28.16,30.05,30.05,29.89,19,676,19986,
509557,"GARWARE TECHNICAL FIBRES LIMIT",A,STK,620.3,626.6,619.7,623.75,624.75,622.45,147,1049,653607,
509563,"GARWARE MARINE INDUSTRIES LTD.",X,STK,29.15,31.89,27.1,28.68,28.87,29.15,348,43973,1293915,
509567,"GOA CARBON LTD.",B,STK,338,339.7,327.3,331.3,327.3,331.95,78,1211,404475,
509597,"HARDCASTLE & WAUD MFG.CO.LTD.",X,STK,708.95,716,690.7,692.85,690.7,679.35,11,100,71084,
509631,"HEG LTD.",A,STK,521.5,544.4,521,524.9,524.9,521.35,1876,71912,38338871,
509635,"HINDUSTAN COMPOSITES LTD.",B,STK,410.9,410.9,404.2,404.75,404.75,406.25,14,33,13382,
509675,"BIRLANU LIMITED",B,STK,1389,1428.95,1384,1385.55,1386.4,1370.85,100,423,592691,
509692,"INDIAN CARD CLOTHING CO.LTD.",B,STK,195,197,194,194,194,195,23,2455,477574,
509709,"INTERNATIONAL CONVEYORS LTD.",B,STK,75.75,77.07,73.5,76.27,73.5,74.65,102,1854,140459,
509715,"JAY SHREE TEA & INDUSTRIES LTD",B,STK,81.95,83.21,81.45,82.66,82.66,80.62,161,5707,470773,
509732,"KOTHARI INDUSTRIAL CORPORATION",B,STK,172.5,181.05,167.55,177.05,177.05,172.45,85,3006,522514,
509760,"MODERN SHARES & STOCKBROKERS L",X,STK,27.07,27.86,26.54,27.86,27.86,26.54,13,219,5983,
509762,"MAPRO INDUSTRIES LTD.",XT,STK,51.2,51.2,49.85,49.85,49.85,50.8,11,43111,2160031,
509820,"HUHTAMAKI INDIA LIMITED",B,STK,172,173.6,169.45,170.05,171.1,173.95,176,3875,664062,
509835,"PREMIER SYNTHETICS LTD.",X,STK,14,14,13.32,13.61,13.94,14.18,37,3805,52116,
509874,"SHALIMAR PAINTS LTD.",B,STK,52,53.49,51.99,52.42,53.15,51.6,173,14479,761859,
509887,"SINNAR BIDI UDYOG LTD.",XT,STK,919.95,919.95,911.1,911.1,911.1,877.55,2,2,1831,
509895,"HINDOOSTAN MILLS LTD.",X,STK,170,170,162,167.85,167.85,165,14,107,17367,
509930,"SUPREME INDUSTRIES LTD.",A,STK,3967,4057.5,3937.95,4042.1,4030,3937.95,3138,15257,61104732,
509945,"THACKER & CO.LTD.",X,STK,949.95,950,860,899.8,900,862.75,21,180,158293,
509953,"TRADE WINGS LTD.",XT,STK,638.25,638.25,638.25,638.25,638.25,651.25,3,3,1914,
509966,"VST INDUSTRIES LTD.",B,STK,223.8,226.75,221.7,222.55,222.85,223.7,296,9759,2189040,
510245,"SWASTI VINAYAKA SYNTHETICS LTD",X,STK,3.5,3.55,3.33,3.5,3.49,3.47,87,33495,116644,
511000,"MADHUSUDAN SECURITIES LTD.",X,STK,19.71,19.71,18.53,18.91,19.7,19.8,24,4730,91136,
511012,"YAMINI INVESTMENTS COMPANY LTD",XT,STK,0.67,0.71,0.66,0.69,0.69,0.68,397,342434,233044,
511018,"MILGREY FINANCE & INVESTMENT L",X,STK,58,60.28,56.52,57.24,57.75,56.89,203,46211,2667814,
511034,"JINDAL DRILLING & INDUSTRIES L",B,STK,551.35,552.05,525.05,531.85,531.85,543.1,3174,107081,57633330,
511066,"SAKTHI FINANCE LTD.",X,STK,21.75,22.44,21.7,21.79,21.8,21.66,108,19911,438365,
511076,"AEROFLEX ENTERPRISES LIMITED",B,STK,74.21,74.8,72.01,72.85,72.01,72.54,129,16000,1173716,
511092,"JMD Ventures Limited",X,STK,5.77,5.77,5.66,5.66,5.66,5.77,27,12454,70595,
511108,"SHIVA TEXYARN LTD.",B,STK,148,160.45,148,149.15,160.45,148,10,27559,4078935,
511110,"V.B.DESAI FINANCIAL SERVICES L",X,STK,17.75,17.75,15.1,16.36,15.8,17.17,92,27751,435203,
511122,"FIRST CUSTODIAN FUND (INDIA) L",X,STK,82,84,73,83.95,83.95,79,47,2370,183996,
511131,"KAMANWALA HOUSING CONSTRUCTION",X,STK,16.02,16.65,15.66,16.65,16.65,16.02,3,151,2369,
511147,"WSFX Global Pay Limited",X,STK,59,62.25,58.1,61.99,61.99,61.55,24,1694,104363,
511153,"Anjani Foods Limited",X,STK,17.5,17.5,16.7,17,17.25,17.47,58,8635,146766,
511169,"RKD AGRI AND RETAIL LIMITED",X,STK,4.3,4.3,3.95,3.96,3.96,4.1,7,13016,52019,
511176,"PARSHWANATH CORPORATION LTD.",X,STK,92.92,92.92,92.91,92.91,92.91,88.5,2,2,185,
511187,"Millennium Online Solutions (I",X,STK,1.51,1.51,1.5,1.5,1.5,1.5,4,1667,2510,
511196,"CAN FIN HOMES LTD.",A,STK,855.1,872.15,855.1,865.2,867.15,854.85,559,8517,7378554,
511208,"IL&FS INVESTMENT MANAGERS LTD.",B,STK,7.15,7.15,6.98,7,7,7.02,142,29671,208259,
511218,"Shriram Finance Limited",A,STK,1063.2,1077.3,1028.8,1031.55,1031.55,1063.2,8730,184207,193410971,
511243,"CHOLAMANDALAM INVESTMENT AND F",A,STK,1627.8,1627.8,1552.95,1557.3,1557.55,1621.7,3461,167099,267158107,
511246,"BOMBAY TALKIES LIMITED",X,STK,4.92,5.16,4.68,4.78,5.16,4.92,12,3218,15064,
511260,"ICONIK SPORTS AND EVENTS LIMIT",X,STK,48.88,48.88,47.3,48.37,48.45,47.42,36,100520,4874847,
511333,"VLS FINANCE LTD.",B,STK,239,242.75,234.4,239.45,239.7,235.8,52,316,75670,
511355,"INDIA CEMENTS CAPITAL LTD.",X,STK,12,12,11.59,11.6,11.6,12,22,6760,78523,
511359,"AD-MANUM FINANCE LTD.",X,STK,53.15,53.15,50,50.08,50.08,50,9,356,17846,
511391,"INTER GLOBE FINANCE LTD.",X,STK,55.3,55.3,55.3,55.3,55.3,55.3,2,60,3318,
511401,"MUNOTH COMMUNICATION LIMITED",X,STK,6.84,7.2,6.84,7.2,7.2,7.2,2,3,21,
511413,CREST,B,STK,347.95,350,342.9,342.9,342.9,348.65,22,64,22228,
511431,"VAKRANGEE LIMITED",B,STK,6.05,6.15,5.96,6,6.02,6.04,481,305555,1849684,
511441,"GUJARAT CREDIT CORPORATION LTD",X,STK,27.96,27.96,27.96,27.96,27.96,29.43,1,200,5592,
511447,"Sylph Industries Limited",X,STK,0.85,0.87,0.85,0.87,0.87,0.83,10339,66007274,56972882,
511451,"DHARANI FINANCE LTD.",X,STK,9.22,9.22,9.04,9.09,9.09,9.04,4,122,1103,
511463,"Alexander Stamps And Coin Limi",X,STK,8.99,8.99,8.07,8.49,8.49,9,23,3215,27986,
511473,"INDBANK MERCHANT BANKING SERVI",B,STK,32,33.15,32,32.25,32.25,32.69,55,2290,74644,
511493,"SHRYDUS INDUSTRIES LIMITED",X,STK,3.14,3.19,3.04,3.08,3.04,3.14,64,16693,52105,
511501,"Bharat Bhushan Finance & Commo",X,STK,22.61,23.4,21.03,22.61,22.64,22.5,123,10781,237598,
511505,"CAPITAL TRUST LTD.",T,STK,12.87,12.87,12.5,12.5,12.5,12.45,8,250,3164,
511507,"USHAKIRAN FINANCE LTD.",X,STK,48.04,48.06,48.04,48.06,48.06,50.56,4,42,2018,
511509,"VIVO BIO TECH LTD.",X,STK,24.82,25.94,22.9,23,23,24.98,378,112554,2639542,
511523,"VEERHEALTH CARE LIMITED",X,STK,20.3,20.3,19.88,19.94,19.89,19.92,30,6373,126905,
511525,"PAN INDIA CORPORATION LTD.",X,STK,1.57,1.69,1.54,1.63,1.59,1.56,106,34641,54772,
511533,"SAHARA HOUSINGFINA CORPORATION",X,STK,37.5,38.5,37.5,38.41,37.53,37.31,6,125,4788,
511535,"NDA SECURITIES LTD.",XT,STK,37.57,39.44,37.46,39.44,39.44,37.57,28,11161,435172,
511539,"Supra Trends Limited",XT,STK,14.85,15.55,14.1,14.1,14.1,14.84,8,909,12938,
511543,"GSB FINANCE LTD.",X,STK,33,33.55,33,33.55,33.55,33.5,5,12,401,
511549,"MORARKA FINANCE LTD.",X,STK,51.95,51.95,43,48,48,50.54,222,26572,1220683,
511551,"Monarch Networth Capital Limit",B,STK,258.25,258.25,248.35,250.3,250.2,254,98,7282,1849406,
511557,"PRO FIN CAPITAL SERVICES LTD.",X,STK,3.79,3.79,3.59,3.74,3.74,3.77,943,10062435,36708216,
511559,"TEAM INDIA GUARANTY LIMITED",B,STK,260,260,250.9,251.05,250.9,255.3,10,85,21548,
511571,"Crescentis Capital Limited",X,STK,114,122,110.35,110.9,110.35,112.05,44,1602,181243,
511577,"Mantra Capital Limited",X,STK,14.2,15,14.2,15,15,14.6,4,87,1242,
511585,"BEFOUND MOVEMENT LIMITED",X,STK,2.91,2.91,2.86,2.88,2.88,2.91,13,1042,2990,
511589,"AVONMORE CAPITAL & MANAGEMENT",B,STK,13.58,14.45,13.58,13.75,13.7,13.77,117,9615,132935,
511593,"LIBORD FINANCE LTD",X,STK,17.82,17.82,16.35,17.7,17.7,17.01,8,317,5357,
511601,"YASH MANAGEMENT & SATELLITE LT",X,STK,7.96,8.1,7.96,8,8,7.8,6,6,48,
511605,"ARIHANT CAPITAL MARKETS LTD.",B,STK,73.49,74.03,72.25,72.45,72.25,73.69,117,10583,772332,
511609,"ISL CONSULTING LTD.",X,STK,29.68,29.7,29.68,29.69,29.7,29.5,2,200,5937,
511611,"DCM FINANCIAL SERVICES LTD.",B,STK,4.81,5.65,4.81,5.65,5.65,4.71,160,155258,850667,
511626,"RR FINANCIAL CONSULTANTS LTD.",X,STK,83.65,85,79.77,84.23,80.07,83.93,59,4138,345678,
511628,"FEDDERS HOLDING LIMITED",X,STK,40.07,41.6,40.07,41.07,41,40.43,251,184333,7477436,
511630,"SAMBHAAV MEDIA LTD.",B,STK,6.6,6.61,6.38,6.61,6.61,6.32,5,53,347,
511636,"DJS STOCK & SHARES LTD.",X,STK,2.22,2.35,2.12,2.15,2.12,2.15,90,23456,50843,
511644,"OMEGA INTERACTIVE TECHNOLOGIES",XT,STK,60,62.88,57.79,58.4,58.4,60.83,188,22869,1341295,
511654,"SUGAL & DAMANI SHARE BROKERS L",X,STK,64,72,63,67.72,69.5,67.79,25,442,29783,
511658,"NETTLINX LTD.",X,STK,17.56,17.6,16.51,17.2,17.34,17.55,34,2901,49165,
511664,"BGIL FILMS & TECHNOLOGIES LTD.",X,STK,11.29,11.29,10.37,10.93,10.93,10.85,77,50997,544577,
511672,"Scan Steels Limited",X,STK,29.8,30.48,28.6,28.89,29.76,29.32,72,14043,411814,
511676,"GIC HOUSING FINANCE LTD.",B,STK,145.95,149.8,145.95,146.75,146.75,147.4,113,3574,527296,
511692,"AJCON GLOBAL SERVICES LTD.",X,STK,5.78,7,5.45,6.06,6.05,5.86,78,20288,120155,
511696,"CHARTERED CAPITAL & INVESTMENT",X,STK,273.95,273.95,260.3,260.3,260.3,273.95,4,65,17063,
511700,"STANDARD CAPITAL MARKETS LTD.",X,STK,0.54,0.59,0.53,0.59,0.59,0.54,1170,22407550,12992452,
511702,"YOGI LIMITED",X,STK,166.5,166.5,159,159.4,161.5,163.1,12,608,98357,
511710,"CUBICAL FINANCIAL SERVICES LTD",X,STK,2.17,2.17,2.06,2.11,2.07,2.07,36,11238,23860,
511712,"RELIC TECHNOLOGIES LTD.",X,STK,69.7,74.5,69.7,74.5,74.5,70.05,4,10,740,
511714,"NIMBUS PROJECTS LTD.",X,STK,195,201.95,195,198.1,196.15,195,48,9379,1878489,
511716,"Invigorated Business Consultin",X,STK,5.55,5.75,5.3,5.72,5.75,5.55,11,272,1509,
511724,"BAID FINSERV LIMITED",B,STK,11.33,11.33,10.6,10.94,10.93,11.11,37,21515,231374,
511726,"VIPUL LTD.",T,STK,12.04,12.04,12.04,12.04,12.04,12.28,5,280,3371,
511728,"K.Z.LEASING & FINANCE LTD.",X,STK,17.81,19.65,17.81,19.65,19.65,18.74,3,50,936,
511740,"RUPAREL FOOD PRODUCTS LIMITED",X,STK,141,141,141,141,141,134.9,1,1,141,
511742,"UGRO CAPITAL LIMITED",B,STK,104.75,108.7,100.6,101.8,101.8,103.2,586,163736,17227228,
511754,"SHALIBHADRA FINANCE LTD.",X,STK,93.4,94,86.4,93.2,93.9,93.51,99,6783,626154,
511756,"ABIRAMI FINANCIAL SERVICES (IN",Z,STK,36.2,36.2,32.79,32.99,32.79,34.48,13,394,13560,
511758,"MANSI FINANCE (CHENNAI) LTD.",X,STK,70.77,71,70.77,71,71,70.77,2,105,7453,
511764,"Aastamangalam Finance Limited",X,STK,39,39,33.01,37.38,37.38,33.37,68,22634,840296,
511766,"MUTHOOT CAPITAL SERVICES LTD.",B,STK,205.65,210,205.65,207.55,207,202,47,578,120133,
511768,"MASTER TRUST LTD.",B,STK,80.28,81.07,75,75.36,75.36,79.4,447,12604,980405,
512008,"EFC (I) LIMITED",B,STK,222.95,235.5,215,216.5,216.5,221.2,622,31022,6914081,
512014,"SOBHAGYA MERCHANTILE LTD.",X,STK,701.75,701.75,680,701.7,701.75,701.75,47,979,685350,
512018,"TOMORROW TECHNOLOGIES GLOBAL I",X,STK,9.64,9.64,9.1,9.22,9.1,9.45,61,33732,314099,
512020,"SARASWATI COMMERCIAL (INDIA) L",B,STK,10342.35,10342.35,10000,10071.3,10100,10342.35,28,46,465838,
512025,"BANGANGA PAPER INDUSTRIES LIMI",X,STK,40.35,42.55,38.99,39.76,39,40.27,204,61152,2458271,
512036,"SKYBIOTECH HEALTHCARE LIMITED",X,STK,156.1,156.1,146,146,146,153.65,2,20,3111,
512038,"TCC CONCEPT LIMITED",B,STK,406,410.35,397.9,400.75,404,400.35,164,1699,687863,
512047,"ROYAL INDIA CORPORATION LIMITE",X,STK,3.92,3.92,3.88,3.92,3.92,3.74,104,378618,1478314,
512048,"DHANSAFAL FINSERVE LIMITED",X,STK,3,3.03,2.92,3,3,2.95,109,67726,201824,
512065,"MRUGESH TRADING LTD.",XT,STK,14.14,14.14,14.14,14.14,14.14,13.87,1,157,2219,
512068,"DECCAN GOLD MINES LTD.",B,STK,103.35,108.5,103.1,104.25,104.25,103.05,6732,755629,79619500,
512070,"UPL LIMITED",A,STK,628.05,636,623.4,625.55,625.55,630.4,1215,25835,16274563,
512093,"CRANES SOFTWARE INTERNATIONAL",Z,STK,4.25,4.49,4.17,4.48,4.48,4.31,28,16904,71680,
512097,"SAIANAND COMMERCIAL LIMITED",X,STK,0.28,0.28,0.27,0.27,0.28,0.28,118,392368,106376,
512099,"EYANTRA VENTURES LIMITED",XT,STK,999.4,999.4,904.3,904.3,904.3,951.85,6,10,9138,
512103,"NIDHI GRANITES LTD.",X,STK,290.7,303,285,290,290,284.9,12,573,166298,
512109,"AVIVA INDUSTRIES LTD.",X,STK,61.86,61.86,61.86,61.86,61.86,60.65,2,8,494,
512115,"ROSE MERC.LTD.",X,STK,69.99,69.99,63.5,65.97,66,67,8,340,22623,
512131,"SIGNET INDUSTRIES LIMITED",B,STK,45,47.35,45,47.2,47.2,45.93,26,790,36356,
512149,"AVANCE TECHNOLOGIES LTD.",XT,STK,1.05,1.07,1,1.03,1.03,1.05,2795,5492225,5651106,
512161,"SECUREKLOUD TECHNOLOGIES LIMIT",B,STK,22.8,22.8,22,22.2,22.2,21.95,80,4355,97514,
512165,"ABANS ENTERPRISES LTD",X,STK,22.14,23.49,21.55,22.01,22.01,22.14,56,4033,90265,
512175,"VAMA INDUSTRIES LTD.",X,STK,4.2,4.2,3.82,3.88,3.95,4.1,100,66168,257802,
512179,"SUNTECK REALTY LTD.",A,STK,354.85,356.8,341,342.7,342.95,354.85,365,8625,3009900,
512197,"SILVER OAK COMMERCIAL LTD.",Z,STK,4.14,4.14,4.14,4.14,4.14,3.95,12,4953,20505,
512217,"PRISM MEDICO AND PHARMACY LTD.",X,STK,24.75,24.75,24.01,24.75,24.75,23.58,48,59630,1474149,
512229,"VERITAS (INDIA) LTD.",XT,STK,167.4,167.4,163.1,167.25,164.5,164.15,47,5357,886733,
512237,"JAI CORP LTD.",B,STK,102.1,106.05,102.05,103.05,103,103.5,425,30487,3189636,
512247,"ASHIRWAD CAPITAL LTD.",X,STK,2.64,2.71,2.52,2.6,2.6,2.59,187,44778,115915,
512257,"SWASTI VINAYAKA ART AND HERITA",X,STK,3.52,3.61,3.51,3.6,3.6,3.59,67,29545,105335,
512267,"MEDIA MATRIX WORLDWIDE LTD.",B,STK,10.4,10.83,9.9,10.06,10.06,10.18,106,34435,349835,
512277,"AUTORIDERS INTERNATIONAL LTD.",XT,STK,424,424,383.7,384.15,396.5,403.85,123,2152,852387,
512296,"BHAGYANAGAR INDIA LTD.",B,STK,165.9,170.9,160.1,160.85,160.85,166,473,13024,2144281,
512297,"Shantai Industries Limited",XT,STK,44.78,44.78,44.78,44.78,44.78,43.91,8,1870,83738,
512301,"CHAMBAL BREWERIES & DISTILLERI",XT,STK,27.2,27.28,26.51,27.28,27,25.99,81,29188,794650,
512329,"SG MART LIMITED",B,STK,447.6,463.7,444.35,445.75,445.75,447.6,736,35169,15970721,
512344,"ARAVALI SECURITIES & FINANCE L",XT,STK,5.81,6.09,5.81,6.09,6.09,5.8,12,14139,86080,
512345,"YASH TRADING & FINANCE LTD.",XT,STK,198,198,188.1,188.1,188.1,198,2,22,4336,
512361,"CUPID BREWERIES AND DISTILLERI",X,STK,28.4,28.4,26.61,26.69,26.69,28.01,571,710586,18995893,
512379,"CRESSANDA RAILWAY SOLUTIONS LI",X,STK,2.5,2.5,2.42,2.44,2.44,2.46,585,391511,961191,
512381,"STARTECK FINANCE LIMITED",B,STK,261,261,256,257.05,257.05,258.4,44,3469,893868,
512393,"SHARDUL SECURITIES LTD.",X,STK,28.25,28.31,27,28,28,28.31,19,607,16793,
512399,"SERA INVESTMENTS & FINANCE IND",X,STK,36.01,37.76,35,36.92,36.75,36.45,181,204553,7514825,
512415,"MERCURY TRADE LINKS LTD.",X,STK,6.18,6.18,5.63,6.12,6.12,5.9,79,97129,583306,
512425,"NIRAV COMMERCIALS LTD.",X,STK,630.5,630.5,570.65,600.6,570.65,600.65,2,2,1201,
512437,"APOLLO FINVEST (INDIA) LTD.",X,STK,375,375,370,372,372,375,8,70,25987,
512441,"Enbee Trade &amp; Finance Ltd",X,STK,0.44,0.44,0.42,0.42,0.42,0.44,428,3646780,1552514,
512443,"Ganon Products Limited",X,STK,14.99,15.31,14.34,15.31,15.31,14.59,142,282661,4278985,
512453,"SHRI JAGDAMBA POLYMERS LTD.",X,STK,612.35,612.35,600,601.45,601.1,609.35,17,115,69206,
512455,"LLOYDS METALS AND ENERGY LTD.",A,STK,1177.8,1223.85,1177.8,1186.15,1186.15,1171.15,1260,23974,28852373,
512463,"LLOYDS ENTERPRISES LIMITED",A,STK,49.8,50.35,48.02,48.99,48.9,49.32,885,192380,9409859,
512477,"BETEX INDIA LTD.",XT,STK,370,370,356,370,370,370,3,12,4300,
512489,"OASIS SECURITIES LTD.",X,STK,13.49,14.7,13.47,13.66,13.5,14.14,18,1459,19859,
512493,"GARNET INTERNATIONAL LTD.",XT,STK,62,62,60,60.45,60.45,61.24,61,8449,513763,
512499,"SHALIMAR PRODUCTIONS LTD.",X,STK,0.49,0.49,0.49,0.49,0.49,0.49,95,47200,23128,
512519,"DONEAR INDUSTRIES LTD.",B,STK,91,91,88.18,89.62,89.62,89.5,11,853,76848,
512527,"SUPER SALES INDIA LTD.",X,STK,648.9,655.8,640,642.65,642.65,646.95,16,1384,891955,
512529,"VIYASH SCIENTIFIC LIMITED",B,STK,200,200.2,194.9,195.3,194.9,197.35,521,13463,2665885,
512531,"STATE TRADING CORPORATION OF I",B,STK,111.05,111.05,110,110.2,110.3,110,17,358,39448,
512559,"KOHINOOR FOODS LTD.",B,STK,25.75,25.75,24.1,24.59,24.59,24.69,91,3808,93220,
512565,"NEELKANTH LIMITED",X,STK,47.1,47.1,47.1,47.1,47.1,49.57,7,1806,85062,
512573,"AVANTI FEEDS LTD.",A,STK,1201.15,1268.5,1201.15,1209.4,1207.05,1204.15,1685,35390,43920517,
512587,"ZODIAC-JRD-MKJ LTD.",X,STK,33.25,34.98,31.6,31.9,31.9,33.37,99,12250,404430,
512589,"SITA ENTERPRISES LTD.",X,STK,171,171,155.95,160.55,169.1,164.55,19,140,22719,
512591,"PULSAR INTERNATIONAL LTD.",XT,STK,0.82,0.82,0.81,0.82,0.82,0.79,1209,15139049,12405902,
512595,"Manbro Industries Limited",XT,STK,815.75,815.75,754,807,803,776.95,27,895,729266,
512599,"ADANI ENTERPRISES LTD.",A,STK,2000.9,2025.9,1970.9,1975.3,1975.3,1998.15,6136,1385021,2745503581,
512600,"ASTAL LABORATORIES LIMITED",X,STK,77.74,77.74,74.15,74.99,75,77.97,121,28556,2151593,
512604,"HARIA EXPORTS LTD.",X,STK,7,7.86,6.85,7.85,7.86,7.16,15,5662,40130,
512608,"BHANDARI HOSIERY EXPORTS LTD.",B,STK,2.65,2.65,2.54,2.56,2.56,2.55,207,95476,247474,
512618,"RLF LTD.",X,STK,11.55,11.55,9.31,10.51,10.51,11.55,6,1406,13354,
512624,"Regent Enterprises Limited",X,STK,5.58,5.58,5.26,5.45,5.38,5.34,66,31958,173309,
512626,"ORBIT EXPORTS LTD.",B,STK,150.2,163.4,150.2,162.05,162,161.5,19,330,52426,
512634,"SAVERA INDUSTRIES LTD.",X,STK,162,189,159.9,161.05,161,158,79,6398,1082826,
513005,"Chrome Silicon Limited",X,STK,42.8,47.79,41.72,43.6,44,41.8,22,1367,58188,
513023,"NAVA LIMITED",A,STK,564.7,589.4,564.7,566.45,566,564.65,736,12719,7354694,
513043,"REMI EDELSTAHL TUBULARS LIMITE",X,STK,143.1,145,137.6,139.2,142,143.1,53,3317,466321,
513059,"G.S.AUTO INTERNATIONAL LTD.",X,STK,30.94,32.5,30.12,31.5,31.5,30.94,42,4007,123711,
513063,"TRANS-FREIGHT CONTAINERS LTD.",X,STK,22.2,22.57,22.2,22.2,22.2,21.8,9,623,13953,
513097,"SHIVALIK BIMETAL CONTROLS LTD.",B,STK,429.8,437.9,424.2,430.1,434.35,428.95,231,3938,1691496,
513108,"GANDHI SPECIAL TUBES LTD.",B,STK,833,833,771,788.6,771.05,825.6,179,981,791659,
513117,"AMFORGE INDUSTRIES LTD.",X,STK,6.6,6.84,6.49,6.61,6.62,6.76,52,7533,49929,
513121,"ORICON ENTERPRISES LTD.",B,STK,68.26,68.26,65.26,65.29,65.26,66.61,51,2758,182664,
513149,"ACROW INDIA LTD.",X,STK,655.3,682,653,682,682,682,3,6,3949,
513173,"STEEL STRIPS INFRASTRUCTURES L",X,STK,20.86,22.45,19.95,22.27,22.4,20.86,45,2209,47226,
513228,"PENNAR INDUSTRIES LTD.",B,STK,141,152.1,141,146.05,146.35,144,766,84918,12463494,
513250,"JYOTI STRUCTURES LTD.",A,STK,11.09,11.71,11.09,11.39,11.35,11.09,793,1582648,18164094,
513252,"JAY USHIN LTD.",X,STK,834.95,834.95,800,800.1,800.1,791.5,15,180,145456,
513262,"STEEL STRIPS WHEELS LTD.",B,STK,191.55,197.55,191.55,195.45,195.35,191.45,234,8121,1574135,
513269,"MAN INDUSTRIES (INDIA) LTD.",B,STK,406.05,428.4,400.4,420.15,420.15,400.3,1039,35552,14977010,
513295,"IMEC SERVICES LIMITED",X,STK,183.9,184.5,180,183.95,184,177.1,93,1550,284114,
513303,"MODERN STEELS LTD.",X,STK,12.97,13.75,12.2,13.33,13.63,12.81,54,5878,78143,
513307,"SYNTHIKO FOILS LTD.",XT,STK,1744.8,1760,1671,1748.35,1750,1731,48,543,942236,
513309,"Golkonda Aluminium Extrusions",X,STK,7.67,7.67,7.25,7.39,7.39,7.31,41,11102,81636,
513337,"GUJARAT TOOLROOM LTD.",B,STK,0.57,0.6,0.55,0.57,0.57,0.56,1138,2844482,1634547,
513349,"AJMERA REALTY & INFRA INDIA LT",B,STK,125.75,128.85,123.3,124.95,123.3,123.4,251,16133,2046537,
513353,"COCHIN MINERALS & RUTILE LTD.",X,STK,237.9,238.9,232.25,236.3,236,232.55,109,3990,942454,
513361,"India Homes Limited",X,STK,15.23,15.23,14.81,14.95,15.07,15.08,505,541898,8116981,
513369,"KRISHANVEER FORGE LIMITED",X,STK,122.95,132.4,122,132.35,132.35,125.05,12,593,74293,
513375,"CARBORUNDUM UNIVERSAL LTD.",A,STK,809.65,810,783.65,786.6,786,799.35,327,2683,2148143,
513377,"MMTC LTD.",A,STK,55.74,57.2,55.2,55.44,55.44,55.95,830,78411,4421512,
513397,"VALLABH STEELS LTD.",X,STK,11.35,12.5,11.35,12.44,12.5,11.94,20,4455,53776,
513418,"SMITHS & FOUNDERS (INDIA) LIMI",X,STK,5.22,5.49,5,5.01,5.02,5.22,104,97748,492786,
513422,"BLOOM INDUSTRIES LTD.",X,STK,29,31,29,30.5,30.02,30.02,11,135,4109,
513430,"Maitri Enterprises Limited",X,STK,24.16,24.16,24.16,24.16,24.16,23.01,1,4,96,
513436,"SHAH ALLOYS LTD.",B,STK,59,59.92,56.9,57.71,57.71,57.43,11,3033,178916,
513452,"ELANGO INDUSTRIES LTD.",X,STK,9.51,9.51,9.51,9.51,9.51,9.93,1,1,9,
513456,"KANISHK STEEL INDUSTRIES LTD.",X,STK,55,55,52.15,52.28,52.15,52.99,34,1569,83297,
513460,"MAHALAXMI SEAMLESS LTD.",Z,STK,8.55,8.75,8.55,8.75,8.75,8.42,4,9,77,
513472,"SIMPLEX CASTINGS LTD.",X,STK,451,451,432,441.15,440,450.35,95,2909,1284897,
513488,"SHREE STEEL WIRE ROPES LTD.",X,STK,19.85,19.85,18.14,19.7,19.7,19.17,10,1902,35473,
513496,"SIZEMASTERS TECHNOLOGY LIMITED",XT,STK,275,275,261.2,274.8,274.4,274.9,12,228,62196,
513498,"SOUTHERN MAGNESIUM & CHEMICALS",X,STK,85,85,76.03,79.96,79.96,78.94,38,1219,95084,
513502,"BARODA EXTRUSION LTD.",XT,STK,8.59,8.59,8.13,8.24,8.24,8.31,200,51419,426037,
513509,"KALYANI FORGE LTD.",B,STK,600,600,599,599,599,576.4,4,20,11990,
513511,"PANCHMAHAL STEEL LTD.",X,STK,310.45,310.45,310.45,310.45,310.45,310.45,2,66,20489,
513513,"ADITYA ISPAT LTD.",X,STK,9.79,9.79,9.48,9.48,9.48,9.95,11,4968,47160,
513517,"STEELCAST LTD.",B,STK,211.05,234.35,211.05,227.8,227.8,232.15,90,1989,458080,
513519,"PITTI ENGINEERING LIMITED",B,STK,843,847.75,809.55,818.1,812,843.1,196,1312,1091461,
513528,"GLITTEK GRANITES LTD.",XT,STK,55.36,55.36,55.36,55.36,55.36,58.27,43,1597,88409,
513532,"PRADEEP METALS LTD.",X,STK,327.3,334.4,326.95,330.05,330.05,325.7,209,14526,4782175,
513536,"GUJARAT NATURAL RESOURCES LIMI",X,STK,97.9,98.2,93.5,94.8,94.25,97.85,2139,95656,9186081,
513548,"SHARDA ISPAT LTD.",X,STK,168.95,168.95,150.05,152.95,150.05,149.85,31,347,53885,
513554,"MAHAMAYA STEEL INDUSTRIES LTD.",B,STK,966.25,1024.7,966.25,1021.55,1021.55,943.55,228,1137,1145806,
513566,"NOVA IRON & STEEL LTD.",X,STK,12.22,13.6,12.22,12.8,12.8,12.22,17,2229,29128,
513575,"STERLING POWERGENSYS LTD",X,STK,21.9,21.9,21,21.1,21.39,20.83,22,2353,50464,
513599,"HINDUSTAN COPPER LTD.",A,STK,551.5,562.2,541,542.95,542.95,549.75,12786,673481,371759297,
513629,"TULSYAN NEC LTD.",X,STK,18.99,19,18.14,18.15,18.15,19.09,64,15400,287723,
513642,"AXEL POLYMERS LTD.",X,STK,46,46.01,46,46.01,46.01,46,2,106,4876,
513683,"NLC India Limited",A,STK,244.85,254.3,244.85,248.25,248.25,245.25,1576,93888,23484041,
513687,"SPECTRA INDUSTRIES LTD.",Z,STK,5.23,5.23,5.23,5.23,5.23,5.23,2,30,156,
513693,"KIC METALIKS LTD.",X,STK,28.11,28.11,27.57,27.75,27.75,28.11,19,1241,34526,
513699,"SOLID STONE COMPANY LTD.",X,STK,32.94,32.94,28.94,28.94,28.94,27.78,7,415,12223,
513709,"SHILP GRAVURES LTD.",X,STK,164.9,165.5,163,163,163,165.1,22,25162,4155459,
513713,"White Organic Agro Limited",X,STK,3.4,3.79,3.4,3.7,3.62,3.63,66,28282,105538,
513729,"ARO GRANITE INDUSTRIES LTD.",B,STK,25.3,25.82,24.3,24.3,24.3,24.59,22,5046,125204,
514010,"RUDRA ECOVATION LIMITED",X,STK,20.07,20.98,19.9,20.45,20.5,19.8,205,265348,5397960,
514028,"RAJKAMAL SYNTHETICS LTD.",X,STK,34.53,34.53,34.53,34.53,34.53,34.87,1,5,172,
514030,"DEEPAK SPINNERS LTD.",X,STK,114.5,117.8,112,113.9,116.8,113.4,54,4973,561602,
514036,"LOYAL TEXTILE MILLS LTD.",T,STK,219.4,219.4,219.4,219.4,219.4,211.35,1,25,5485,
514043,"HIMATSINGKA SEIDE LTD.",B,STK,87.89,91.56,85.94,88.28,88.14,87.88,874,86941,7646030,
514045,"BSL LTD.",B,STK,126.25,130,126.25,129.95,129.95,130,7,5020,635076,
514060,"NEWTRAC FOODS & BEVERAGES LIMI",X,STK,4.58,4.98,4.5,4.73,4.75,4.7,78,18790,88968,
514113,"ADINATH TEXTILES LTD.",XT,STK,19,19,18.05,18.09,18.05,19,16,2747,49902,
514128,"KONARK SYNTHETIC LTD.",Z,STK,36.9,37.46,33.9,37.46,37.46,35.68,20,820,28381,
514138,"SURYALATA SPINNING MILLS LTD.",X,STK,332.4,332.4,319.7,323.35,321,319,34,1193,390217,
514142,"T T LTD.",T,STK,9.04,9.29,8.89,9.18,9.18,9.14,30,5602,51224,
514162,"WELSPUN LIVING LIMITED",A,STK,117.3,120.95,117.3,118.4,119,116.85,785,60144,7197046,
514165,"INDIAN ACRYLICS LTD.",X,STK,5.32,5.48,4.67,4.85,4.85,5.37,159,112389,562793,
514167,"GANESHA ECOSPHERE LTD.",A,STK,744.45,774.5,744.45,761.75,761.75,744.2,266,3688,2819334,
514171,"CEETA INDUSTRIES LTD.",XT,STK,48,48,43.71,46.24,46.24,45.98,6,175,7682,
514175,"VARDHMAN POLYTEX LTD.",T,STK,8.52,8.85,8.37,8.41,8.4,8.8,83,61022,518224,
514183,"BLACK ROSE INDUSTRIES LTD.",X,STK,79.03,81.2,79,79.88,80,80.9,272,6554,525077,
514197,"S&T CORPORATION LTD.",X,STK,4.13,4.22,3.65,3.99,3.99,4.04,87,19774,77763,
514211,"SUMEET INDUSTRIES LTD.",B,STK,29.62,30.98,28.75,28.88,28.75,30.16,106,11286,341602,
514223,"RAMGOPAL POLYTEX LTD.",XT,STK,19.15,20,18.17,19.98,20,19.12,24,1651,31987,
514234,"SANGAM (INDIA) LTD.",B,STK,435.65,435.65,423.65,429,429,435,31,118,50581,
514238,"MKVENTURES CAPITAL LIMITED",X,STK,870,870,830.2,846.5,830.2,846.2,29,254,214454,
514240,"Kush Industries Limited",X,STK,6.22,6.28,6.13,6.22,6.22,6.13,18,7612,47360,
514248,"SREECHEM RESINS LTD.",P,STK,29.5,31,29.5,31,31,31,10,4100,126950,
514264,"SEASONS TEXTILES LTD.",X,STK,20.6,20.6,20.6,20.6,20.6,17.53,2,6,123,
514266,"ZENITH FIBRES LTD.",X,STK,50.66,51.97,49.5,50,50,50.94,28,5416,274224,
514272,"BHILWARA SPINNERS LTD.",X,STK,105.55,109,105.55,109,109,109,4,13,1392,
514274,"VARVEE GLOBAL LIMITED",B,STK,65.59,65.59,62.1,62.4,62.4,61.55,111,1823,114333,
514280,"SANRHEA TECHNICAL TEXTILES LTD",X,STK,133.9,135,133,134.1,135,134.4,12,1007,135050,
514286,"ASHIMA LTD.",B,STK,14.01,14.44,13.5,13.6,13.6,14,117,40447,573215,
514300,"PIONEER EMBROIDERIES LTD.",B,STK,26.64,26.64,25,26.22,26.22,25.66,41,41232,1046933,
514312,"JAIHIND SYNTHETICS LTD.",XT,STK,46,49,46,49,49,46.93,2,100,4756,
514316,"RAGHUVIR SYNTHETICS LTD.",X,STK,105,108.1,105,107.7,107.85,105.25,22,6359,683542,
514318,"JATTASHANKAR INDUSTIES LTD.",XT,STK,407.5,424.95,407.5,424.95,424.95,428.9,7,24,10178,
514322,"KAMADGIRI FASHION LTD.",X,STK,81.95,86.8,81.95,82.16,82.16,87,5,276,22924,
514324,"OMNITEX INDUSTRIES (INDIA) LTD",XT,STK,674.7,680,648,680,680,658.25,23,308,203952,
514326,"PATSPIN INDIA LTD.",X,STK,7.4,8.2,7.4,7.42,7.86,7.88,30,1712,12767,
514330,"ONE GLOBAL SERVICE PROVIDER LI",X,STK,659.8,694.7,659.75,676.1,676.1,651.05,1045,36219,24760997,
514332,"NEO INFRACON LTD.",X,STK,40.99,40.99,40,40.49,40.49,35.89,17,1649,66554,
514336,"GENESIS IBRC INDIA LIMITED",XT,STK,90.63,93.25,88.85,93.22,93.22,88.85,13,317,28545,
514348,"WINSOME YARNS LTD.",Z,STK,1.82,1.82,1.79,1.79,1.79,1.82,3,205,369,
514354,"PREMIER POLYFILM LTD.",B,STK,62.48,63.42,58.17,59.06,60,60.96,777,69402,4214762,
514358,"EVERLON FINANCIALS LIMITED",X,STK,98,103,91,92.11,94.95,98.8,30,360,33344,
514360,"K&R RAIL ENGINEERING LIMITED",X,STK,23.4,24.7,23.4,24.19,24.19,23.95,493,73647,1780866,
514378,"YARN SYNDICATE LTD.",X,STK,12.99,14.22,12.85,12.93,12.9,11.98,78,29578,405372,
514386,"GUJARAT COTEX LTD.",X,STK,9.27,9.35,8.77,9.06,8.96,8.99,196,86709,778188,
514400,"GARWARE SYNTHETICS LTD.",XT,STK,21.72,21.72,21.5,21.51,21.51,21.51,4,36,774,
514402,"ECO HOTELS AND RESORTS LIMITED",X,STK,12.14,12.29,11.87,12.1,12.1,11.46,115,178071,2151813,
514412,"SARUP INDUSTRIES LTD.",XT,STK,168,168,152,153.65,153.65,160,16,475,75587,
514414,"OXFORD INDUSTRIES LTD.",XT,STK,10.02,10.02,10.02,10.02,10.02,9.83,4,800,8016,
514418,"MANGALAM ORGANICS LIMITED",B,STK,411.2,424.75,407.9,420.7,420.9,410,63,118,49238,
514428,"HINDUSTAN ADHESIVES LTD.",X,STK,305.9,305.95,295.25,303.3,303.25,296.9,44,2144,650876,
514440,"Blue Pearl Agriventures Limite",B,STK,41.86,44.8,41.85,42.04,41.86,44.05,114,132979,5863169,
514442,"SRI KPR INDUSTRIES LTD.",X,STK,19.5,20.64,19,19.05,19.05,19.5,15,10467,209055,
514448,"JYOTI RESINS & ADHESIVES LTD.",B,STK,832.2,835,810.2,813.85,813.85,832.2,2665,31374,25794118,
514450,"MAHALAXMI RUBTECH LTD.",B,STK,180.4,181,180.4,181,181,158.15,3,50,9036,
514454,"SOUTHERN LATEX LTD.",X,STK,29.5,29.54,27,27.01,27,28.4,25,707,19458,
514460,"OSWAL YARNS LTD.",X,STK,15.31,15.31,15.31,15.31,15.31,14.59,1,1,15,
514470,"WINSOME TEXTILE INDUSTRIES LTD",B,STK,71.12,72.99,71.12,71.33,71.4,71.04,36,5937,425509,
515008,"MODERN INSULATORS LTD.",X,STK,242.95,247,235,240.05,240.05,237.75,804,50729,12237477,
515018,"REGENCY CERAMICS LTD.",B,STK,41.01,42.2,41.01,42.2,42.2,40.97,4,102,4302,
515030,"ASAHI INDIA GLASS LTD.",A,STK,888.05,888.05,860,864,865,879.8,450,2965,2576758,
515037,"MURUDESHWAR CERAMICS LTD.",B,STK,31.7,31.77,30.8,30.84,30.84,30.97,69,8138,253146,
515043,"SAINT-GOBAIN SEKURIT INDIA LTD",B,STK,95.48,96.47,94.72,95.71,95.71,95.03,246,20915,2001124,
515055,"ANANT RAJ LIMITED",A,STK,487.35,493.6,471.3,472.4,472.7,485.25,2023,74195,35614125,
515085,"RESTILE CERAMICS LTD.",X,STK,6.79,6.82,6.3,6.49,6.49,6.26,34,3300,21904,
515147,"HALDYN GLASS LTD",X,STK,88.9,89.9,85.16,87.31,87.31,86.65,230,46073,4008418,
516003,"DUROPLY INDUSTRIES LIMITED",X,STK,131.25,139.95,130.1,130.5,130.2,130.9,52,2910,381748,
516016,"SHREYANS INDUSTRIES LTD.",B,STK,152.4,152.4,149.2,151,151,152.25,17,14175,2140364,
516020,"AGIO PAPER & INDUSTRIES LTD.",X,STK,4.05,4.05,3.81,4.05,4.05,3.86,4,16,62,
516022,"STAR PAPER MILLS LTD.",B,STK,134.75,136.6,134.25,134.3,134.3,134.75,52,28737,3863973,
516030,"PAKKA LIMITED",B,STK,80.99,83.02,79,82.93,83.02,79.37,84,10046,809482,
516032,"TAHMAR ENTERPRISES LIMITED",X,STK,6.35,6.5,6,6.29,6.29,6.32,38,7765,48098,
516038,"KS Smart Technologies Limited",XT,STK,206,206.25,196.2,206.2,206.2,206.3,41,638,131091,
516062,"NATIONAL PLYWOOD INDUSTRIES LT",Z,STK,5.88,5.88,5.88,5.88,5.88,6,9,1030,6056,
516064,"Arrow Greentech Limited",B,STK,384.9,391.05,364.3,371.05,374,379.7,136,1397,527545,
516072,"VISHNU CHEMICALS LTD.",B,STK,482.05,495,482.05,491,490,485,123,2929,1436494,
516078,"JUMBO BAG LTD.",X,STK,62.89,62.89,57.66,59.71,59.99,60.5,22,680,39943,
516082,"N.R.AGARWAL INDUSTRIES LTD.",B,STK,437.1,437.1,428.05,431.35,428.05,429.85,9,11,4775,
516092,"3P LAND HOLDINGS LTD.",B,STK,30.91,30.91,30.91,30.91,30.91,30.91,2,73,2256,
516096,"SANGAL PAPERS LTD.",X,STK,185.9,195.15,185.9,195.15,195.15,185.9,4,92,17743,
516098,"VENTURA TEXTILES LTD.",X,STK,8.7,8.7,7.61,8.08,8.29,8.64,77,13974,113691,
516106,"SHREE KARTHIK PAPERS LTD.",X,STK,6.5,6.5,6.1,6.39,6.39,6.37,22,1126,7052,
516108,"SOUTH INDIA PAPER MILLS LTD.",X,STK,86.67,92.85,86.67,89,89,87.97,11,1229,110084,
516110,"FAMILY CARE HOSPITALS LIMITED",X,STK,2.98,3.04,2.97,3,3,2.96,122,35928,108197,
517015,"VINDHYA TELELINKS LTD.",B,STK,1127.7,1245,1120,1182.05,1186.15,1127.65,549,6767,8153594,
517035,"RIR POWER ELECTRONICS LIMITED",B,STK,161.95,165.7,160.1,162.55,162.55,161.25,1380,83534,13576191,
517041,"ADOR WELDING LTD.",B,STK,1012.3,1017.45,994,1001,994,1005.7,47,200,200814,
517059,"SALZER ELECTRONICS LTD.",B,STK,610.3,624,599,601.5,600.9,610.3,215,5548,3396555,
517063,"JETKING INFOTRAIN LTD.",X,STK,129.9,133,126.5,130,129.95,126.45,36,448,58201,
517077,"IND-AGIV COMMERCE LTD.",X,STK,48.54,50.9,46.08,46.08,46.08,48.5,4,212,10306,
517096,"APLAB LTD.",X,STK,74.8,75,68.01,73.89,72.7,69.75,128,3882,287301,
517119,"PCS TECHNOLOGY LTD.",X,STK,19.15,19.15,18.11,18.12,18.15,19.15,11,1024,18554,
517146,"USHA MARTIN LTD.",A,STK,423.3,430.8,415.25,425.3,423.6,420.15,751,18807,7993688,
517166,"SPEL SEMICONDUCTOR LTD.",X,STK,138.05,140.75,135.2,136.6,136.65,139.25,1011,34083,4683592,
517168,"SUBROS LTD.",B,STK,702.8,718.65,696.1,697.65,698,701.35,241,2184,1547284,
517170,"Edvenswa Enterprises Limited",X,STK,25.94,26.49,20.06,23.23,23.23,24.45,238,56459,1395801,
517174,"HONEYWELL AUTOMATION INDIA LTD",A,STK,30900,31079.95,30525.25,30604.4,30695.8,30795.65,139,155,4779505,
517201,"SWITCHING TECHNOLOGIES GUNTHER",XT,STK,73.75,81.43,73.75,79.99,79.99,77.56,21,2220,166444,
517206,"LUMAX INDUSTRIES LTD.",B,STK,5182.6,5298.5,5050,5221.15,5214.3,5182.55,321,1520,7900508,
517214,"DIGISPICE TECHNOLOGIES LIMITED",B,STK,18.49,18.49,17.68,17.84,17.68,17.9,35,2622,47153,
517236,"CALCOM VISION LTD.",X,STK,80,83.54,80,83.54,83.54,79.57,49,14671,1213157,
517238,"DYNAVISION LTD.",X,STK,199.9,199.9,173.95,173.95,173.95,173.95,3,3,547,
517246,"BCC FUBA INDIA LTD.",X,STK,144.05,144.05,131.2,134.25,134.25,164.8,1114,84066,11471328,
517258,"PRECISION ELECTRONICS LTD.",X,STK,130.2,130.2,127.65,127.65,127.65,134.35,39,2988,382091,
517264,"FINE-LINE CIRCUITS LTD.",X,STK,84.15,84.15,76.15,78.89,78.89,80.15,32,685,54393,
517271,"HBL ENGINEERING LIMITED",A,STK,693.05,701.35,667.45,670.85,670.85,683.5,1751,75504,51678292,
517273,"S&S POWER SWITCHGEAR LTD.",T,STK,373.2,382.9,373,375.25,380.25,365.85,24,600,227905,
517286,"RNIT AI SOLUTIONS LIMITED",XT,STK,50.8,51.77,48.7,50.28,50.34,49.31,381,134945,6795307,
517288,"Gujarat Poly Electronics Limit",X,STK,56.8,57.73,55.05,57.08,57.08,56.8,54,11902,667467,
517300,"GUJARAT INDUSTRIES POWER CO.LT",B,STK,133,137.1,131.05,132.2,132.2,133.45,237,24948,3346590,
517320,"MAGNUS STEEL AND INFRA LIMITED",XT,STK,71.1,71.1,71.1,71.1,71.1,69.71,5,647,46001,
517334,"Samvardhana Motherson Internat",A,STK,124.65,125.9,120.95,121.2,121.2,123.45,7258,717679,88348348,
517336,"MODERN MALLEABLES LTD.",P,STK,14.09,14.09,14.09,14.09,14.09,13.42,1,100,1409,
517344,"MINDTECK (INDIA) LTD.",B,STK,189.35,198,189.35,191.95,195.25,191,76,1719,333668,
517354,"HAVELLS INDIA LTD.",A,STK,1356.8,1404.85,1356.8,1367.2,1361,1357.8,2576,23027,31877904,
517356,"ACI INFOCOM LTD.",XT,STK,1.25,1.25,1.16,1.21,1.23,1.22,152,135256,164676,
517370,"INCAP LTD.",X,STK,89.54,92,84,89.16,89.9,86.83,48,3048,259670,
517372,"GUJARAT INTRUX LTD.",X,STK,458,463,442.3,446.4,447.9,448.25,180,6981,3168422,
517380,"IGARASHI MOTORS INDIA LTD.",B,STK,319.7,326.45,317.5,317.7,317.5,319.7,129,2220,714768,
517385,"SYMPHONY LIMITED",B,STK,792.1,843.1,792.1,820.95,820.95,792.1,878,15066,12504854,
517393,"REGANTO ENTERPRISES LIMITED",Z,STK,9.28,9.28,8.5,8.82,8.8,8.94,280,234641,2040992,
517397,"PAN ELECTRONICS INDIA LTD.",X,STK,37.89,38.12,37.89,38.12,38.12,39.88,5,1100,41683,
517399,"VXL INSTRUMENTS LTD.",XT,STK,3.29,3.29,3.13,3.28,3.28,3.29,7,478,1512,
517415,"LEE & NEE SOFTWARES (EXPORTS)",XT,STK,7.88,7.88,7.55,7.74,7.65,7.56,38,10780,82879,
517417,"PATELS AIRTEMP (INDIA) LTD.",X,STK,227.1,239.8,227.1,228.5,227.85,230.8,149,4563,1062953,
517421,"BUTTERFLY GANDHIMATHI APPLIANC",B,STK,620.95,710,616.35,695.45,684,606.35,1014,13308,9051287,
517429,"Athena Global Technologies Lim",X,STK,67.55,70,67.55,70,70,70,12,272,18829,
517431,"NARMADA MACPLAST DRIP IRRIGATI",X,STK,22.85,22.85,22.01,22.29,22.3,22.29,229,32872,733354,
517447,"R.S.SOFTWARE INDIA LTD.",B,STK,29.75,30.3,27.57,28.05,28.05,29.45,337,96080,2719086,
517449,"MAGNA ELECTRO CASTINGS LTD.",X,STK,948,960,910,916.2,915.05,935.05,55,271,251143,
517467,"MARSONS LIMITED",B,STK,137.05,138.95,133.55,134.5,134.75,137.05,700,215359,29369429,
517477,"ELNET TECHNOLOGIES LTD.",X,STK,339,339,323.2,325.2,325.1,331.4,22,316,104119,
517494,"ACCEL LIMITED",X,STK,12.3,12.65,12,12.08,12,12.05,95,72801,884472,
517498,"WEBSOL ENERGY SYSTEM LTD.",A,STK,55.1,58.42,55.1,56.37,56.37,54.76,2181,395201,22605430,
517500,"ROTO PUMPS LTD.",B,STK,57.73,63.95,57.48,60.92,60.92,54.35,5159,630567,38887319,
517506,"TTK PRESTIGE LTD.",A,STK,492.85,556,492.85,535.3,535.3,485,6301,94481,50412947,
517514,"D&H INDIA LTD",X,STK,149.5,151.25,148.4,148.95,148.6,149.2,66,24767,3714299,
517522,"RAJRATAN GLOBAL WIRE LTD.",B,STK,394.2,397.55,387.4,388.8,392,394.15,201,2193,863311,
517530,"SURANA TELECOM AND POWER LIMIT",B,STK,17.44,17.49,17.04,17.2,17.2,17.1,142,4949,85125,
517536,"ONWARD TECHNOLOGIES LTD.",B,STK,246.6,257.25,246.6,250.55,250.5,246.5,51,411,103485,
517544,"CENTUM ELECTRONICS LTD.",B,STK,2805.15,2949.9,2805.15,2865.15,2838.8,2838.5,366,2389,6873083,
517546,"ALFA TRANSFORMERS LTD.",X,STK,44.25,46.98,44.25,46.15,46.44,43.66,285,68628,3179577,
517554,"NHC FOODS LTD.",X,STK,0.8,0.82,0.75,0.79,0.79,0.8,313,1117062,889188,
517556,"PVP VENTURES LTD.",B,STK,26.96,26.96,25.9,25.97,26.36,26.21,157,36513,957109,
517562,"TRIGYN TECHNOLOGIES LTD.",B,STK,49.35,49.35,48.08,48.08,48.08,48.49,25,2211,107269,
517569,"KEI INDUSTRIES LTD.",A,STK,4506.15,4546,4304.35,4320.45,4320.45,4534.75,7321,41478,182274254,
518011,"KEERTHI INDUSTRIES LTD.",X,STK,60,60,60,60,60,60.02,2,55,3300,
518053,"Sri Chakra Cement Limited",X,STK,38.61,38.61,38.61,38.61,38.61,36.78,7,734,28339,
518075,"SURAJ PRODUCTS LTD.",Z,STK,236.55,236.55,223.15,232.85,233.8,234.55,86,4373,1003648,
518091,"ANJANI PORTLAND CEMENT LTD.",B,STK,123.4,123.4,116,116.05,116,116.85,131,6990,832083,
519003,"MODI NATURALS LIMITED",B,STK,279.95,279.95,279.95,279.95,279.95,287.1,1,10,2799,
519064,"KHANDELWAL EXTRACTION LTD.",XT,STK,122.5,122.5,122.5,122.5,122.5,124.95,2,8,980,
519091,"TASTY BITE EATABLES LTD.",B,STK,7284,7284,7050,7083.3,7098,7284.6,58,117,837894,
519097,"RITESH INTERNATIONAL LTD.",X,STK,52.99,52.99,51.5,52.11,52.68,52.39,29,2700,140962,
519105,"AVT NATURAL PRODUCTS LTD.",B,STK,59.85,61.58,59.85,60,59.93,60.84,59,3293,198026,
519126,"HINDUSTAN FOODS LTD.",B,STK,478.5,483.8,472,472.55,472.3,478.35,70,495,236775,
519136,"NAHAR INDUSTRIAL ENTERPRISES L",B,STK,94.72,95.9,92.75,93.27,92.75,91.63,13,846,79486,
519152,"VADILAL ENTERPRISES LTD.",X,STK,9849,9850,9732,9850,9850,9762.8,14,717,7061296,
519156,"VADILAL INDUSTRIES LTD.",B,STK,5052.7,5164,4989.45,5000,5000,5015.95,139,606,3098957,
519174,"ASHIANA AGRO INDUSTRIES LTD.",XT,STK,9.59,9.59,9.1,9.1,9.1,9.5,4,215,1958,
519183,"ADF FOODS LTD.",B,STK,187.55,193.15,186.65,188.1,188.1,187.75,301,28713,5417520,
519191,"Retro Green Revolution Limited",Z,STK,1.53,1.53,1.41,1.48,1.49,1.48,79,221720,328346,
519214,"WILLIAMSON FINANCIAL SERVICES",X,STK,6.88,6.88,6.88,6.88,6.88,7.24,8,565,3887,
519216,"AJANTA SOYA LTD.",X,STK,22.25,22.85,22.12,22.18,22.24,22.56,213,45490,1020255,
519224,"WILLIAMSON MAGOR & COMPANY LTD",B,STK,29.45,30.86,26.5,27.29,27.45,25.72,570,20262,597903,
519230,"KISAAN PARIVAR INDUSTRIES LIMI",X,STK,18.98,18.98,16.88,16.91,16.88,17.07,54,8570,151022,
519234,"SUPERIOR INDUSTRIAL ENTERPRISE",X,STK,32.83,32.9,31.2,31.87,32.69,33.08,34,2798,89801,
519238,"SAPTARISHI AGRO INDUSTRIES LTD",X,STK,46,46.49,44.1,46.4,46.4,46,6,210,9284,
519242,"SARDA PROTEINS LTD.",X,STK,72.26,72.26,66.02,72.2,72.2,68.82,30,7689,529958,
519260,"SANWARIA CONSUMER LIMITED",Z,STK,0.49,0.49,0.49,0.49,0.49,0.49,65,23873,11697,
519262,"PRIMA AGRO LTD.",X,STK,16.43,16.5,14.8,14.95,14.95,16.11,7,11,173,
519285,"TARAI FOODS LTD.",Z,STK,6.45,6.9,6.45,6.9,6.9,6.62,3,40,262,
519287,"MODERN DAIRIES LTD.",X,STK,32.47,33.46,32.07,32.93,32.3,33,70,7714,252990,
519295,"BAMBINO AGRO INDUSTRIES LTD.",X,STK,200,205,193.6,202.5,205,200.8,20,317,63431,
519299,"PRIME INDUSTRIES LTD.",X,STK,36.95,36.95,35.05,35.51,35.31,35.66,48,7559,270950,
519307,"VIKAS WSP LTD.",Z,STK,1.06,1.06,1.01,1.03,1.03,1.03,60,68213,70688,
519331,"VSF PROJECTS LTD.",X,STK,38.55,43.5,37.7,37.71,38.94,38.62,24,9747,372908,
519359,"POONA DAL & OIL INDUSTRIES LTD",X,STK,68.4,71,61,70.63,70.64,65.1,36,1229,84673,
519367,"TRANSGLOBE FOODS LTD.",XT,STK,464,464,464,464,464,464,1,1,464,
519383,"ANIK INDUSTRIES LTD.",B,STK,41.4,41.54,40.27,40.27,40.32,40.5,14,190,7850,
519397,"SHARAT INDUSTRIES LTD.",X,STK,147.65,147.65,142.5,144.75,145,145.6,167,102344,14812569,
519421,"KSE LTD.",X,STK,195.3,198.9,192.3,193.55,193,195.1,267,9457,1850792,
519457,"VIRAT CRANE INDUSTRIES LTD.",X,STK,29.99,29.99,27.37,29.74,29.74,28.49,46,12432,357066,
519463,"IB INFOTECH ENTERPRISES LTD.",XT,STK,787.85,787.85,787.85,787.85,787.85,803.9,14,221,174114,
519471,"Ambar Protein Industries Limit",X,STK,161.7,174.9,161.7,165.3,165.3,165.3,25,692,117571,
519475,"CHORDIA FOOD PRODUCTS LTD.",X,STK,74.44,74.49,71,73.95,73.98,73.92,14,760,56410,
519477,"CIAN Agro Ind & Infra Ltd",T,STK,1181,1199.75,1156.8,1164,1170,1180.8,1273,20558,24034158,
519479,"OMEGA AG-SEEDS (PUNJAB) LTD.",X,STK,10.01,10.01,10.01,10.01,10.01,10.44,7,1527,15285,
519483,"TAI INDUSTRIES LTD.",X,STK,29.27,29.27,26,28.91,28.89,27.7,17,309,8096,
519494,"N.K.INDUSTRIES LTD.",B,STK,62.5,62.5,62.5,62.5,62.5,65.54,2,5,312,
519500,"BKV INDUSTRIES LTD.",X,STK,11.49,11.49,9.34,9.72,9.72,9.94,33,3474,34457,
519506,"NCC BLUE WATER PRODUCTS LTD.",P,STK,27.96,27.96,27.96,27.96,27.96,26.63,1,100,2796,
519528,"NORBEN TEA & EXPORTS LTD.",T,STK,91.7,91.7,91.7,91.7,91.7,92,1,1,91,
519532,"ASIAN TEA & EXPORTS LTD.",X,STK,9.2,9.45,9,9.09,9.09,9.2,82,44030,407446,
519552,"HERITAGE FOODS LIMITED",A,STK,307.65,324.85,304.35,308.5,307.25,308,808,38861,12189244,
519566,"SIMRAN FARMS LTD.",X,STK,158,158,150.5,155,155,153,16,1464,221547,
519574,"HINDUSTAN AGRIGENETICS LTD.",X,STK,43.2,43.2,39,40.2,40.2,42.99,59,11638,462794,
519600,"CCL PRODUCTS (INDIA) LTD.",A,STK,1044.1,1058.2,1034.6,1043.4,1036.6,1044.05,593,5060,5300430,
519602,"KELLTON TECH SOLUTIONS LTD.",B,STK,17.02,18.16,17.02,17.19,17.19,17.24,1042,211777,3730386,
519604,"SURYO FOODS & INDUSTRIES LTD.",X,STK,18.51,19.48,18.51,18.52,18.51,19.48,8,107,1989,
519606,"INTEGRATED PROTEINS LTD.",X,STK,50.3,50.4,45.61,50.4,50.4,48,13,2537,127337,
519612,"LAKE SHORE REALTY LIMITED",X,STK,79,79,72.58,72.6,72.6,76.4,16,397,28831,
520008,"RICO AUTO INDUSTRIES LTD.",B,STK,112.2,114.55,110.85,111.85,111.35,111.7,586,54821,6185978,
520021,"OMAX AUTOS LTD.",B,STK,100.5,105.85,100.5,102,101.95,104,100,1882,193068,
520043,"MUNJAL SHOWA LTD.",B,STK,126.25,127.8,125.25,127.6,127.7,124.5,114,6802,865068,
520051,"JAMNA AUTO INDUSTRIES LTD.",B,STK,126.3,129.05,123.5,123.85,124.05,126.25,802,69687,8808954,
520056,"TVS Holdings Limited",A,STK,14228.5,14426.95,14050.05,14079.2,14051.6,14328.65,100,147,2085106,
520057,"JTEKT India Ltd",B,STK,131.7,137.9,131.7,135.65,134.15,133.55,95,3393,464138,
520059,"MUNJAL AUTO INDUSTRIES LTD.",B,STK,75,82.43,74.63,80.87,79.85,75.58,131,7128,550309,
520066,"JAY BHARAT MARUTI LTD.",B,STK,96.35,96.9,90.2,90.9,90.95,94.65,229,15832,1483938,
520073,"RACL Geartech Limited",B,STK,1395,1449.8,1350.95,1355,1350.95,1383.95,247,3414,4802134,
520075,"SAMKRG PISTONS & RINGS LTD.",X,STK,115.25,118.2,114.25,114.6,114.3,114.3,38,2008,231550,
520086,"SICAL LOGISTICS LTD.",T,STK,68,68,65.12,66.77,66.8,65.25,19,3055,201410,
520111,"RATNAMANI METALS & TUBES LTD.",A,STK,2282.05,2448.05,2282,2380.75,2380.75,2279.45,737,5175,12326294,
520113,"VESUVIUS INDIA LTD.",A,STK,499.6,509.95,499.6,503.5,502.1,499.5,290,6170,3123848,
520119,"AUTOMOTIVE STAMPINGS & ASSEMBL",B,STK,436.45,440.5,425.75,428.75,433.95,434.95,54,335,146412,
520121,"ARCEE INDUSTRIES LTD.",XT,STK,16.99,16.99,16.99,16.99,16.99,16.66,6,232,3941,
520123,"ABC INDIA LTD.",X,STK,65.2,65.2,60.3,62.49,62.49,65.37,56,5563,349816,
520127,"BALURGHAT TECHNOLOGIES LTD.",X,STK,12.5,12.9,12.5,12.75,12.75,12.84,11,2523,32154,
520141,"SIBAR AUTO PARTS LTD.",X,STK,8,8,7.32,7.93,7.9,7.67,33,4240,33036,
520151,"TRANSWORLD SHIPPING LINES LIMI",B,STK,135,139,134.45,135.35,135.35,132.15,109,3254,443530,
520155,"Starlog Enterprises Limited",X,STK,39.74,39.74,38,39,39,39.5,38,2875,110239,
521005,"TITAN INTECH LIMITED",X,STK,0.75,0.77,0.74,0.75,0.75,0.74,1178,7362737,5581552,
521014,"EUROTEX INDUSTRIES & EXPORTS L",T,STK,14.5,14.5,14.5,14.5,14.5,13.84,1,1,14,
521016,"INDO COUNT INDUSTRIES LTD.",A,STK,259.25,263.15,246,248.35,248.35,259.05,569,20825,5264972,
521034,"SOMA TEXTILES & INDUSTRIES LTD",T,STK,103.25,107.45,103.25,107.45,107.45,105.35,23,4916,515231,
521054,"KAKATIYA TEXTILES LTD.",X,STK,10.09,10.09,9.25,9.25,9.25,9.22,6,266,2643,
521062,"PERFECT-OCTAVE MEDIA PROJECTS",X,STK,4.33,4.53,4.12,4.49,4.51,4.33,14,2958,12302,
521064,"TRIDENT LTD.",A,STK,23.3,23.61,23.01,23.18,23.18,23.17,969,246291,5738117,
521068,"HISAR SPINNING MILLS LTD.",P,STK,54.56,54.56,54.56,54.56,54.56,57.43,2,300,16368,
521070,"ALOK INDUSTRIES LTD.",A,STK,13.24,13.62,13.21,13.3,13.3,13.24,1149,358017,4813162,
521080,"PASARI SPINNING MILLS LTD.",X,STK,6.13,6.13,6.1,6.1,6.1,6.12,6,865,5291,
521097,"AMARJOTHI SPINNING MILLS LTD.",X,STK,136,141.05,133.4,138,138,136.7,33,1126,156125,
521105,"OLYMPIA INDUSTRIES LTD.",X,STK,30.04,31.85,30.04,30.5,30.5,29.9,5,7,214,
521113,"SUDITI INDUSTRIES LTD.",X,STK,79.2,80.46,77.33,77.96,78.88,79.34,110,30094,2371203,
521131,"Shree Bhavya Fabrics Limited",X,STK,27.82,27.82,23.61,25.2,25.47,24.5,16,321,8065,
521137,"EUREKA INDUSTRIES LTD.",X,STK,5.2,5.2,4.79,4.93,5.13,5.02,86,57052,279010,
521141,"ADITYA SPINNERS LTD.",X,STK,16,16.5,16,16.44,16.5,16.06,15,8013,129070,
521149,"PRIME URBAN DEVELOPMENT INDIA",X,STK,8.39,8.39,7.6,8.31,8.31,8,16,612,4675,
521151,"DHANLAXMI FABRICS LTD.",X,STK,59,62,59,61.75,62,61.25,3,12,740,
521163,"ZODIAC CLOTHING CO.LTD.",B,STK,73.65,73.85,71.16,71.16,71.16,72.55,48,5387,393151,
521178,"SRI RAMAKRISHNA MILLS (COIMBAT",X,STK,38.7,38.7,37.05,38.69,38.69,38.7,7,353,13187,
521180,"SUPER SPINNING MILLS LTD.",B,STK,5.83,5.83,5.2,5.24,5.2,5.53,39,12607,67797,
521194,"SIL INVESTMENTS LTD.",B,STK,414.55,425,412.85,413.9,412.85,412.85,17,45,18679,
521200,"SURYALAKSHMI COTTON MILLS LTD.",B,STK,53,53.27,53,53.27,53.27,52.91,6,528,28119,
521206,"SAMTEX FASHIONS LTD.",X,STK,1.33,1.36,1.29,1.36,1.36,1.33,66,8811,11621,
521210,"CITYMAN LTD.",X,STK,14.8,14.8,14.75,14.77,14.75,14.8,2,80,1181,
521216,"DHANALAXMI ROTO SPINNERS LTD.",X,STK,78.27,84,76.11,76.38,76.16,78.27,59,2420,187035,
521220,"DAMODAR INDUSTRIES LTD.",B,STK,24.01,24.97,23.8,23.8,23.8,23.85,22,684,16435,
521222,"SANBLUE CORPORATION LTD.",X,STK,46,46.4,42.25,42.25,42.25,44.47,3,164,7347,
521226,"UNIROYAL INDUSTRIES LTD.",X,STK,19.9,22.5,19.9,20.97,20.5,20.9,54,23843,506249,
521228,"TATIA GLOBAL VENNTURE LTD.",X,STK,2.47,2.53,2.38,2.44,2.45,2.46,186,24993,60773,
521234,"SRI NACHAMMAI COTTON MILLS LTD",X,STK,31.95,31.95,29.25,29.47,30.45,29.1,12,588,17397,
521238,"BHARAT GLOBAL DEVELOPERS LIMIT",B,STK,91,92,90,90.13,90.13,90.72,235,7508,681026,
521240,"SAMBANDAM SPINNING MILLS LTD.",X,STK,101.85,101.85,95.06,95.06,95.06,94.01,6,151,15220,
521244,"MKP Mobility Limited",X,STK,105,112.35,105,105.05,105.05,107,5,249,26341,
521246,"PARAS PETROFILS LTD.",T,STK,2.08,2.18,2.08,2.13,2.12,2.14,42,7723,16571,
521248,"KITEX GARMENTS LTD.",A,STK,170.75,173.65,167.1,167.65,168.95,171.95,1043,94278,15933649,
522001,"CRANEX LTD.",X,STK,68.28,68.28,65,66.51,66.73,64.73,31,915,59827,
522004,"BATLIBOI LTD.",X,STK,82.5,82.75,80.1,80.61,80.35,82.5,300,25132,2046299,
522005,"AUSTIN ENGINEERING CO.LTD.",X,STK,118,124.55,114,115,115,116,44,1847,215478,
522014,"UNITED DRILLING TOOLS LTD.",B,STK,181.25,181.5,175.6,179.9,179.9,180.4,95,5844,1048028,
522017,"FLUIDOMAT LTD.",X,STK,570.85,590,561,565.25,565,570.85,112,1764,1014119,
522029,"WINDSOR MACHINES LTD.",B,STK,245.1,248.15,241.3,245.55,245.55,245.1,47,480,117627,
522034,"SHANTHI GEARS LTD.",B,STK,448.35,470,446.05,462.65,470,447.1,162,9040,4150154,
522064,"HONDA INDIA POWER PRODUCTS LIM",B,STK,2110.6,2125.5,2071.35,2071.35,2071.35,2110.6,22,88,185837,
522073,"The Hi-Tech Gears Ltd",T,STK,606.05,606.05,606.05,606.05,606.05,608.2,1,2,1212,
522074,"ELGI EQUIPMENTS LTD.",A,STK,517.4,527.1,499,500.35,500.35,517.85,865,14164,7190673,
522091,"UNITED VAN DER HORST LTD.",XT,STK,33.84,33.84,33.84,33.84,33.84,34.53,52,5788,195865,
522101,"KILBURN ENGINEERING LTD.",B,STK,508.75,514.9,491.3,505.8,505.8,501.45,1460,56824,28828828,
522105,"BIRLA PRECISION TECHNOLOGIES L",X,STK,32.28,33,31.51,31.62,31.62,32.28,120,28652,929047,
522108,"YUKEN INDIA LTD.",B,STK,735.9,735.9,710.1,713.3,713,737.7,45,190,136087,
522113,"TIMKEN INDIA LTD.",A,STK,3323.95,3418.35,3323.95,3409.25,3404.5,3323.9,354,1327,4517184,
522122,"VOITH PAPER FABRICS INDIA LTD.",X,STK,1488.6,1533,1488.6,1518.8,1518.8,1510.2,12,86,129334,
522134,"ARTSON LIMITED",X,STK,139.8,144.3,135.05,140.9,140.9,139.8,35,2974,412892,
522152,"SOLITAIRE MACHINE TOOLS LTD.",X,STK,114,114,100.05,101.11,100.05,108.02,44,1035,109809,
522163,"DIAMOND POWER INFRASTRUCTURE L",B,STK,145,145,136.8,137.65,137.55,139,462,27782,3863587,
522165,"INDSIL HYDRO POWER AND MANGANE",X,STK,37.57,38.8,37.12,37.16,37.16,37.89,71,6483,243562,
522183,"ITL INDUSTRIES LTD.",X,STK,258.6,258.6,232.75,242.6,233.25,248.85,93,1774,437924,
522195,"FRONTIER SPRINGS LTD.",B,STK,4450,4650,4450,4607.75,4607.75,4410.35,2037,19755,90799692,
522205,"PRAJ INDUSTRIES LTD.",A,STK,316.5,318.8,310.05,313.65,313.65,313.9,1293,77556,24369936,
522207,"RASANDIK ENGINEERING INDUSTRIE",X,STK,61.25,61.25,55,55.26,59.49,54.64,15,17541,1044938,
522209,"YOGI SUNG-WON (INDIA) LTD.",X,STK,5.01,5.69,5.01,5.6,5.59,4.95,29,135262,686031,
522215,"HLE GLASCOAT LIMITED",B,STK,315.6,321.45,306.1,308.85,308.85,315.55,425,10059,3118511,
522217,"GUJARAT APOLLO INDUSTRIES LTD.",B,STK,406.4,414.9,399.4,401.7,401.7,397,116,918,372742,
522229,"TANEJA AEROSPACE & AVIATION LT",X,STK,268.7,277.5,261,263.65,261,268.65,361,56024,15097217,
522231,"CONART ENGINEERS LTD.",X,STK,66.94,66.94,62,62.71,62.71,62.96,51,3569,229755,
522235,"MINAL INDUSTRIES LIMITED",X,STK,2.43,2.43,2.29,2.33,2.33,2.28,41,5618,13089,
522237,"SHIVAGRICO IMPLEMENTS LTD.",X,STK,25.85,25.85,22.11,22.5,22.5,24.07,36,860,19619,
522241,"M.M.FORGINGS LTD.",B,STK,451.8,462.15,448.8,453.35,460,444.8,173,1750,795461,
522245,"IYKOT HITECH TOOLROOM LTD.",X,STK,16.57,16.57,16.57,16.57,16.57,15.79,6,7868,130372,
522249,"MAYUR UNIQUOTERS LTD.",B,STK,518.65,522.25,509.9,511.3,511.3,521.55,184,1792,923507,
522251,"CENLUB INDUSTRIES LTD.",X,STK,200,211,197.25,197.7,197.7,202.2,112,4931,1004984,
522257,"RAJOO ENGINEERS LTD.",B,STK,59.8,62.25,59.4,60.27,59.58,60.07,2061,240758,14665842,
522261,"DOLPHIN OFFSHORE ENTERPRISES (",B,STK,458.95,458.95,397,402.45,402.45,463.55,1225,26992,11589116,
522267,"VEEJAY LAKSHMI ENGINEERING WOR",X,STK,38.95,38.95,32.12,34.19,35.99,36.05,21,2908,104692,
522273,"AHMEDABAD STEELCRAFT LTD.",X,STK,164.3,165,150.75,152.25,150.75,157.45,49,4499,696963,
522275,"GE Vernova T&D India Limited",A,STK,3891.3,3902.35,3742.6,3783.6,3783.6,3855.65,1605,12444,47397312,
522281,"RAM RATNA WIRES LTD.",B,STK,354,354,320.55,327.75,325.45,348.4,540,13295,4371415,
522285,"JAYASWAL NECO INDUSTRIES LTD.",B,STK,73.77,75.43,73.16,73.45,73.45,73.09,1147,204802,15256931,
522287,"KALPATARU PROJECTS INTERNATION",A,STK,1128.1,1159.35,1114.7,1140.05,1140.5,1119.95,267,1984,2261165,
522289,"NMS GLOBAL LIMITED",XT,STK,83,87.15,78.85,84.85,87,83,15,1560,123361,
522292,"CANDOUR TECHTEX LIMITED",X,STK,150,154.8,148,151.9,151.9,148.9,234,175899,26653520,
522294,"T & I GLOBAL LTD.",X,STK,199,199,185,188,188,188.6,7,155,29153,
522295,"CONTROL PRINT LTD.",B,STK,649.1,649.15,627,633.45,634.9,634.95,67,773,490953,
522650,"BEMCO HYDRAULICS LTD.",X,STK,82,84,80.18,81.31,81.31,81.18,170,6553,540104,
523007,"ANSAL BUILDWELL LTD.",X,STK,106.45,106.45,101.95,101.95,101.95,98.3,6,75,7806,
523011,"WEIZMANN LTD.",B,STK,83,83,83,83,83,79.89,1,1,83,
523019,"B.N.RATHI SECURITIES LTD.",X,STK,14.21,14.71,14.05,14.17,14.17,14.21,231,38471,551699,
523021,"RISHI TECHTEX LTD.",X,STK,37.01,41,37.01,39.85,39.85,38.63,11,135,5301,
523023,"SINCLAIRS HOTELS LTD.",B,STK,73.93,74.79,72.21,72.93,74.79,72.98,199,4002,291567,
523025,"SAFARI INDUSTRIES (INDIA) LTD.",A,STK,1660.05,1673.95,1641.15,1650.8,1641.15,1666.45,278,2942,4876627,
523062,"J.J.FINANCE CORPORATION LTD.",XT,STK,60.48,60.48,54.73,54.73,54.73,57.6,7,853,49135,
523100,"COSMO FERRITES LTD.",X,STK,94,98.25,91.1,91.85,91.85,93.35,111,17351,1610315,
523105,"CROPSTER AGRO LIMITED",B,STK,7.23,7.69,6.97,6.97,6.97,7.33,531,1324160,9301074,
523116,"SANCO TRANS LTD.",X,STK,657.8,663,657.8,663,663,671.2,2,2,1320,
523120,"THRIVE FUTURE HABITATS LIMITED",XT,STK,110.05,110.05,105,105.25,105.25,109.85,49,1943,206748,
523127,"EIH ASSOCIATED HOTELS LTD.",B,STK,315.1,316.8,311.4,312.85,311.4,315.1,40,716,224740,
523144,"MEDI-CAPS LTD.",X,STK,22.63,22.85,21,22.58,22.85,22.52,105,24409,538786,
523151,"OTCO INTERNATIONAL LTD.",X,STK,9.23,9.23,8.37,9.2,9.2,8.8,5,413,3467,
523160,"MORGANITE CRUCIBLE (INDIA) LTD",X,STK,1290.25,1309.5,1290.2,1290.95,1291,1283.9,24,381,491943,
523186,"B&A PACKAGING INDIA LIMITED",X,STK,156.1,159.8,156,159.8,159.8,158.7,4,22,3471,
523204,"ABAN OFFSHORE LTD.",T,STK,25.38,25.92,25.38,25.92,25.92,24.69,112,43450,1125068,
523207,"KOKUYO CAMLIN LTD.",B,STK,78.85,78.85,77,77.28,77,78.28,41,1975,154174,
523222,"SRM ENERGY LTD.",XT,STK,17.4,17.78,17.4,17.78,17.78,17.44,55,26686,470676,
523229,"BHARAT SEATS LTD.",B,STK,177.05,180,171.6,172.75,173,176.7,244,5732,1005321,
523232,"CONTINENTAL PETROLEUMS LTD.",X,STK,83,83,75.5,78.41,76.01,77.88,72,2490,194652,
523242,"NB FOOTWEAR LTD.",P,STK,7.29,7.29,6.61,7.19,7.29,6.95,19,9500,66438,
523248,"MACHINO PLASTICS LTD.",X,STK,268.4,268.95,260,261.55,260,256.85,25,427,113608,
523260,"PEARL POLYMERS LTD.",B,STK,17.9,17.9,17.1,17.4,17.1,17.93,46,1520,26498,
523261,"VENKYS (INDIA) LTD.",B,STK,1302.75,1316.8,1287.3,1288.35,1291.3,1299.7,162,14112,18363951,
523269,"ADVANI HOTELS & RESORTS (INDIA",B,STK,52.44,53.49,51.82,52.32,52.57,52.55,60,1518,80035,
523283,"SUPERHOUSE LTD.",B,STK,145.55,147.25,141.25,143.85,146,146,30,1164,168775,
523289,"RAMA VISION LTD.",X,STK,148.75,148.75,135.6,144,145,133.7,71,6546,920727,
523301,"TCPL PACKAGING LTD.",B,STK,2517.6,2517.6,2419.9,2429.45,2422,2462.15,70,293,723489,
523309,"SHRI GANG INDUSTRIES AND ALLIE",X,STK,81.78,84,80.5,81.35,80.5,82.63,65,12943,1057629,
523319,"BALMER LAWRIE & CO.LTD.",B,STK,170.45,173.15,170.45,171.1,171.65,177.9,393,11571,1989236,
523323,"KOVAI MEDICAL CENTER & HOSPITA",B,STK,5360,5360,5230.05,5315.5,5315.5,5289.5,310,1386,7356384,
523329,"ELDECO HOUSING & INDUSTRIES LT",B,STK,912.25,998,903,903,903,860.55,7,204,202715,
523367,"DCM SHRIRAM LIMITED",A,STK,992.4,1018.45,987.65,990,990.4,996.75,119,995,996331,
523369,"DCM SHRIRAM INDUSTRIES LTD.",B,STK,36.5,36.62,35.37,35.55,35.55,36.11,236,23938,861804,
523371,"MAWANA SUGARS LTD.",B,STK,79.97,81.27,79.97,80.9,80.9,79.66,54,2978,239890,
523373,"MINI DIAMONDS (INDIA) LTD.",X,STK,18.5,18.99,17.25,18.02,18.43,18.67,229,47256,866183,
523384,"MAHA RASHTRA APEX CORPORATION",B,STK,103.51,109,99.01,107.93,109,104.98,87,1393,145329,
523385,"NILKAMAL LTD.",B,STK,1322.5,1332.05,1307.5,1308.35,1307.5,1315.85,81,498,657694,
523387,"TRITON CORP.LTD.",X,STK,1.51,1.51,1.41,1.5,1.51,1.44,694,424267,634415,
523391,"NAHAR POLYFILMS LTD.",B,STK,233.9,241.55,233.9,238.45,238.45,235.05,44,5379,1290408,
523395,"3M INDIA LTD.",A,STK,34144.95,34600,33683.65,33746.15,33719.95,34033.45,117,158,5411913,
523398,"BOSCH HOME COMFORT INDIA LIMIT",B,STK,1310.4,1357,1305.2,1314.5,1315,1331.25,108,1332,1772067,
523405,"JM FINANCIAL LTD.",A,STK,121.6,128.65,120,121.6,122.95,120.75,1949,210252,26261030,
523411,"ADC INDIA COMMUNICATIONS LIMIT",X,STK,1299,1315.9,1291,1298.9,1291.65,1299,47,3023,3930499,
523419,"TAMILNADU TELECOMMUNICATIONS L",B,STK,8.99,9.52,8.6,8.61,8.61,8.78,14,448,3870,
523445,"RELIANCE INDUSTRIAL INFRASTRUC",B,STK,689.05,715.1,685.2,686.95,685.2,686.1,426,5775,4049725,
523449,"SHARP INDIA LTD.",X,STK,47,47.9,43.55,43.76,43.76,45.02,13,793,34752,
523457,"Linde India Limited",A,STK,6645.25,6815,6512.35,6778.85,6778.85,6644.4,1013,4178,28186037,
523465,"IND BANK HOUSING LTD.",B,STK,43,44.39,40.25,42.1,42.1,44.39,24,1392,58853,
523467,"JAI MATA GLASS LTD.",XT,STK,2.08,2.18,2.08,2.08,2.08,2.18,135,99548,207949,
523475,"LOTUS CHOCOLATE CO.LTD.",B,STK,779.95,779.95,750,753.65,751.1,763.35,235,7707,5826545,
523483,"PACIFIC INDUSTRIES LTD.",X,STK,135.7,139.95,131.5,132.25,131.5,135.6,31,3958,531951,
523489,"CHENNAI MEENAKSHI MULTISPECIAL",X,STK,37.4,39.7,37.4,37.7,39.5,39.73,15,433,16507,
523537,"APM INDUSTRIES LTD.",X,STK,38.4,40.4,38.39,40.2,40.2,39.4,36,6576,262946,
523539,"PRECISION WIRES INDIA LTD.",B,STK,353.6,353.6,336.65,342.95,344.55,352.6,1083,36012,12470939,
523550,"KRYPTON INDUSTRIES LTD.",X,STK,35.8,36.98,35.8,36.92,36.92,35.46,16,764,27924,
523558,"SWISS MILITARY CONSUMER GOODS",X,STK,15.73,16.4,15.73,16.14,16.19,15.98,302,655971,10607037,
523566,"MARTIN BURN LTD.",X,STK,45,47.01,45,45.26,45.05,47,11,2456,110798,
523574,"Future Enterprises Limited",Z,STK,0.49,0.49,0.49,0.49,0.49,0.49,32,13667,6696,
523586,"INDIAN TONERS & DEVELOPERS LTD",X,STK,237.3,241,234.5,235.6,235.55,236.15,40,605,143592,
523594,"KUNSTSTOFFE INDUSTRIES LTD.",X,STK,22.45,22.48,20.55,20.66,20.66,22.42,25,1560,32234,
523598,"SHIPPING CORPORATION OF INDIA",A,STK,246.7,256.4,238.75,240.1,240.1,244.9,2446,242936,60544063,
523606,"SIKA INTERPLANT SYSTEMS LTD.",B,STK,1024,1036,1002.05,1020.5,1021.1,995.8,1403,24827,25423975,
523610,"ITI LTD.",A,STK,255.1,263.95,252.15,253.55,253.55,256.95,768,25277,6552965,
523618,"DREDGING CORPORATION OF INDIA",B,STK,953.05,1034.55,953.05,961.3,961.3,960.8,1363,28881,28732114,
523620,"PHAARMASIA LTD.",XT,STK,89.5,89.5,89.5,89.5,89.5,85.5,3,100,8950,
523630,"NATIONAL FERTILIZERS LTD.",B,STK,78.52,80.2,73.35,75.01,75.01,79.3,4431,537685,41907716,
523638,"IP RINGS LTD.",XT,STK,104.05,109.2,104.05,109.2,109.2,104.05,4,123,13310,
523642,"P.I.INDUSTRIES LTD.",A,STK,3053.05,3115.5,3002.55,3010.95,3014.15,3082.15,646,1951,5957011,
523648,"PLASTIBLENDS INDIA LTD.",B,STK,143.15,144.6,142.15,142.15,142.15,138,129,366,52265,
523650,"YASH INNOVENTURES LIMITED",XT,STK,46.35,47.89,44.1,47.39,47.87,46.35,29,23167,1094660,
523652,"Kkalpana Plastick Limited",X,STK,26.7,28,26.7,28,28,28,2,100,2735,
523660,"WATERBASE LTD.",XT,STK,45.77,46.9,43.49,43.49,43.49,45.77,288,39000,1731506,
523672,"FLEX FOODS LTD.",X,STK,42.99,43,41.01,41.08,41.01,41.59,25,12402,522861,
523676,"GOLKUNDA DIAMONDS & JEWELLERY",X,STK,284.85,288.95,278.05,286.45,288.95,279.25,124,4613,1314898,
523694,"APCOTEX INDUSTRIES LTD.",B,STK,365.9,371.9,362.25,365.35,365,365.9,93,563,207138,
523696,"FORTIS MALAR HOSPITALS LIMITED",X,STK,52.68,52.68,49.99,50.22,50.22,51.33,218,16604,845768,
523704,"MASTEK LTD.",A,STK,1583.8,1590.25,1562,1577.25,1574.8,1574.25,192,1911,3012274,
523708,"EIMCO ELECON (INDIA) LTD.",B,STK,1565.95,1584,1543.6,1550.1,1550.1,1543.4,50,323,502959,
523710,"SAYAJI HOTELS LTD.",X,STK,282,284.4,274.2,274.2,274.2,282,6,2409,660634,
523716,"ASHIANA HOUSING LTD.",B,STK,303.75,313.8,303.75,309.9,312.25,302.65,84,1156,358816,
523722,"SVAM SOFTWARE LTD.",XT,STK,8.05,8.05,8.05,8.05,8.05,8.47,27,39792,320325,
523732,"ECOBOARD INDUSTRIES LTD.",X,STK,58,58,54,54.51,54.51,56.2,32,6434,357241,
523736,"Dhunseri Ventures Limited",B,STK,222.9,224,218,219.3,219.6,214.65,96,660,145890,
523752,"TRANS INDIA HOUSE IMPEX LIMITE",X,STK,5.4,5.8,5.3,5.34,5.32,5.4,122,27836,151071,
523754,"MAHINDRA EPC IRRIGATION LIMITE",B,STK,116.75,117.5,112.35,113.1,114.85,116.35,43,11816,1358778,
523782,"Mitshi India Limited",X,STK,13.02,14.67,13.02,14.25,14.3,14.19,7,1383,20022,
523792,"MAZDA LTD.",B,STK,194.45,195.95,191.7,192.4,191.7,193,40,1116,215935,
523796,"VICEROY HOTELS LTD.",T,STK,148,152.4,145.8,146.55,145.8,148,71,950,140610,
523826,"SOVEREIGN DIAMONDS LTD.",XT,STK,20.5,20.5,20,20,20,20.4,14,1142,22913,
523828,"MENON BEARINGS LTD.",B,STK,120.6,127.45,117.7,126.75,126.75,119.15,347,13558,1671708,
523832,"MUKAT PIPES LTD.",XT,STK,18.96,18.96,18.96,18.96,18.96,19.95,5,178,3374,
523836,"GUJARAT RAFFIA INDUSTRIES LTD.",B,STK,38.25,38.25,37.5,37.68,37.68,38.5,9,702,26579,
523838,"SIMPLEX INFRASTRUCTURES LTD.",B,STK,180.55,183.15,176.25,176.35,176.35,174.9,137,8745,1571985,
523840,"INNOVATIVE TECH PACK LTD.",X,STK,15.25,15.9,15.25,15.75,15.78,15.33,22,2690,42489,
523842,"SUPER TANNERY LIMITED",X,STK,6.6,6.6,6.3,6.33,6.33,6.42,63,44016,283805,
523844,"CONSTRONICS INFRA LIMITED",X,STK,47.01,56.6,47.01,55.43,55.5,52.95,15,1549,85379,
523850,"AXTEL INDUSTRIES LTD.",X,STK,392.65,423.7,392.65,418.75,420,400,601,9461,3923680,
523862,"GRAND OAK CANYONS DISTILLERY L",B,STK,31.7,31.7,29.83,31,31,31.39,22,1111,34257,
523874,"East India Drums and Barrels M",XT,STK,106.5,115.8,106.5,107.75,112.8,111.95,114,8389,946491,
523888,"V R WOODART LTD.",X,STK,76.02,82.95,76.01,76.01,76.01,80.01,15,912,69397,
524000,"POONAWALLA FINCORP LIMITED",A,STK,425.55,427.55,414.05,417.95,417.95,423.6,2762,62448,26206607,
524019,"Kingfa Science & Technology (I",B,STK,4125,4207.5,4125,4157.2,4135.7,4124.9,35,52,216445,
524037,"RAMA PHOSPHATES LTD.",B,STK,120,123.05,119,119.25,119,119.45,104,4479,535680,
524038,"VENLON ENTERPRISES LTD.",X,STK,4.82,5.12,4.82,5.12,5.12,4.88,11,467,2388,
524051,"POLYPLEX CORPORATION LTD.",B,STK,816.9,853.65,816.9,836.05,832.25,816.8,322,5754,4853943,
524075,"ALBERT DAVID LTD.",B,STK,692.6,696,687.95,690.15,690,660,148,371,256175,
524080,"HARYANA LEATHER CHEMICALS LTD.",X,STK,52.51,57.8,52.51,54.95,57.8,52.06,13,526,28060,
524091,"CARYSIL LIMITED",B,STK,843.9,867.35,841,845.8,841,837.5,261,2001,1711752,
524109,"KABRA EXTRUSIONTECHNIK LTD.",B,STK,235.7,250.6,234.35,238.2,234.35,238.8,224,1487,359546,
524129,"VINYL CHEMICALS (INDIA) LTD.",B,STK,203.45,205.7,198.7,199.5,198.7,200.9,101,1818,367918,
524136,"PEE CEE COSMA SOPE LTD.",X,STK,343.9,343.9,303.1,313.8,313.8,332.25,112,2730,880284,
524156,"TCM LTD.",X,STK,44.49,46.9,44.01,44.83,44.01,43,21,4683,210950,
524164,"IOL CHEMICALS & PHARMACEUTICAL",B,STK,72.81,74.12,71.48,71.68,71.48,72.57,480,63441,4620038,
524174,"KESAR PETROPRODUCTS LTD.",X,STK,24.66,24.99,24.45,24.65,24.45,24.62,103,25073,619430,
524200,"VINATI ORGANICS LTD.",A,STK,1410.25,1425.8,1406.2,1413.25,1416.1,1407.15,94,781,1106002,
524202,"LACTOSE (INDIA) LTD.",X,STK,98.19,98.2,89.6,94.04,94.7,94.62,73,4224,397522,
524204,"TEESTA AGRO INDUSTRIES LTD.",X,STK,110.8,110.8,109.9,109.9,109.9,110.55,5,259,28640,
524208,"AARTI INDUSTRIES LTD.",A,STK,427,431,422.1,430.35,430.35,427.4,2781,54116,23162693,
524210,"PENTOKEY ORGANY (INDIA) LTD.",X,STK,35,35,34.49,35,35,31.96,21,634,22011,
524212,"WANBURY LTD.",T,STK,243.85,247.95,242.35,245.35,247.95,243.85,12,255,62530,
524218,"RESONANCE SPECIALTIES LTD.",X,STK,91.72,93.01,88.73,91.67,91.26,93.72,164,18534,1677176,
524226,"GUJARAT AMBUJA EXPORTS LTD.",B,STK,132.1,133.55,131.25,132.4,132.7,132,226,14425,1912731,
524230,"RASHTRIYA CHEMICALS & FERTILIZ",A,STK,128.2,130.7,121.25,122.55,122.55,127.8,8306,922428,116122246,
524238,"GUJARAT INJECT (KERALA) LTD.",XT,STK,68.84,69.87,68.84,69,69,68.5,41,44019,3042275,
524280,"KOPRAN LTD.",B,STK,128.15,130.5,123.5,124.2,124.2,126.5,221,34590,4378469,
524288,"AIMCO PESTICIDES LTD.",X,STK,48,51.95,46.75,47.15,46.8,48.34,72,6398,307455,
524314,"GUJARAT TERCE LABORATORIES LTD",X,STK,38,41.15,38,39.04,41,38.53,33,5032,195308,
524322,"KABRA DRUGS LTD.",X,STK,30.06,31.45,29.56,29.94,30.38,30.51,188,58148,1783410,
524324,"SEYA INDUSTRIES LTD.",T,STK,9.71,9.71,9.71,9.71,9.71,9.9,8,2025,19662,
524330,"JAYANT AGRO-ORGANICS LTD.",B,STK,200,200,182.2,184.9,186.5,182.95,125,3381,625910,
524332,"BCL INDUSTRIES LIMITED",B,STK,28.52,28.87,28.35,28.54,28.6,28.45,203,30779,881027,
524336,"SHREE HARI CHEMICALS EXPORT LT",X,STK,104.45,104.45,99.75,101.8,103.9,105,14,630,64088,
524342,"INDO BORAX & CHEMICALS LTD.",B,STK,246.1,247,245.3,245.75,245.75,245.5,50,1500,369209,
524348,"AARTI DRUGS LTD.",B,STK,353.7,362,350,353.1,353.4,353.6,346,9597,3404919,
524370,"BODAL CHEMICALS LTD.",B,STK,44.1,45.48,44,44.43,44.66,44.3,108,20190,894798,
524372,"Orchid Pharma Limited",B,STK,518.85,527.75,513.05,524.65,527,510.15,371,5888,3073726,
524394,"VIMTA LABS LTD.",B,STK,444.95,458.6,440.15,442.65,440.15,444.95,269,21206,9522980,
524396,"BIOFIL CHEMICALS & PHARMACEUTI",B,STK,30.46,32.6,30.32,30.45,30.45,30.32,6,64,1947,
524400,"ISHITA DRUGS & INDUSTRIES LTD.",X,STK,85,85,70.5,76.54,71.03,80.45,89,9447,761621,
524404,"MARKSANS PHARMA LTD.",A,STK,176.85,177.9,172.3,172.95,174.7,174,314,20299,3529578,
524408,"UNIVERSAL STARCH-CHEM ALLIED L",X,STK,140,140,135,135,135,140.5,3,11,1510,
524412,"AAREY DRUGS & PHARMACEUTICALS",B,STK,69.67,71.48,66.6,68.07,68.07,69.67,44,1781,124289,
524414,"NORRIS MEDICINES LTD.",X,STK,14.25,14.5,13.81,14,14,15,13,300,4201,
524434,"ASIAN PETROPRODUCTS & EXPORTS",X,STK,8.16,9.19,7.95,8.29,8.29,8.08,73,16807,142963,
524440,"CAMEX LTD.",X,STK,29.25,32,29.15,30.15,30.15,30.51,33,2640,78830,
524444,"EVEXIA LIFECARE LIMITED",X,STK,1.49,1.51,1.42,1.45,1.47,1.47,1601,24055998,34962277,
524458,"INDO EURO INDCHEM LTD.",X,STK,11.75,11.8,10,10.34,10.34,11.73,110,21564,227529,
524470,"SYNCOM FORMULATIONS (INDIA) LT",B,STK,12.68,12.68,12.27,12.41,12.41,12.27,565,147042,1831402,
524480,"RIDDHI SIDDHI GLUCO BIOLS LTD.",X,STK,461.55,531.5,461.55,463.55,465,487.7,71,986,467058,
524488,"SVC INDUSTRIES LIMITED",X,STK,2.46,2.46,2.11,2.27,2.28,2.26,67,23202,52635,
524494,"IPCA LABORATORIES LTD.",A,STK,1490.4,1549,1490.4,1532.2,1524.1,1490.3,1319,805631,1228836820,
524500,"KILITCH DRUGS (INDIA) LTD.",B,STK,317.3,322.75,313.85,317.1,317.1,320,32,1198,381002,
524502,"RAAJ MEDISAFE INDIA LTD.",P,STK,84.46,84.46,84.46,84.46,84.46,88.9,1,100,8446,
524506,"CORAL LABORATORIES LTD.",X,STK,464,464,445.2,450.05,450.6,452.7,32,1896,852865,
524516,"BACIL PHARMA LTD.",X,STK,50,50.8,48.1,48.18,49.99,50.63,94,64042,3174280,
524518,"KREBS BIOCHEMICALS & INDUSTRIE",B,STK,55.11,55.11,55.11,55.11,55.11,55.11,1,1,55,
524520,"KMC SPECIALITY HOSPITALS (INDI",B,STK,83.9,84.73,81.43,84.1,84,83.7,815,91889,7690913,
524522,"LAFFANS PETROCHEMICALS LTD.",X,STK,30.56,31.81,30,30.06,30,30.56,9,691,20845,
524534,"BHASKAR AGROCHEMICALS LTD.",X,STK,139.6,164.9,139.5,149.45,149.45,139.6,182,7541,1139035,
524542,"SUKHJIT STARCH & CHEMICALS LTD",B,STK,180.95,182.6,175.75,181.55,181.55,177.4,56,655,117299,
524548,"SHARMA EAST INDIA HOSPITALS &",X,STK,97.49,97.49,96.74,96.74,96.74,97.94,13,14,1362,
524558,"NEULAND LABORATORIES LTD.",A,STK,12630.85,13120,12630.85,12819.35,12788,12593.05,499,1563,20193801,
524564,"GAYATRI BIOORGANICS LTD.",X,STK,13.42,13.94,13.02,13.94,13.94,13.28,56,9379,130177,
524570,"PODDAR PIGMENTS LTD.",B,STK,223,228.5,223,224.05,224,217.4,9,13,2923,
524572,"PHARMAIDS PHARMACEUTICALS LTD.",X,STK,35.8,37.9,34.7,35.59,35.58,35.41,61,8639,309789,
524576,"VIVID GLOBAL INDUSTRIES LTD.",X,STK,20.69,21.84,20.5,20.84,20.99,20.21,51,23360,488344,
524580,"PRIYA LTD.",X,STK,21.42,21.42,19.47,19.47,19.47,20.4,9,26,535,
524582,"TIRUPATI STARCH & CHEMICALS LT",X,STK,160,160,155,157.05,158,157.75,9,9529,1486535,
524590,"HEMO ORGANIC LIMITED",XT,STK,14.44,14.44,14.44,14.44,14.44,14.73,2,301,4346,
524592,"JAYSYNTH ORGOCHEM LIMITED",X,STK,12.25,12.47,11.52,12.03,12,11.96,84,19484,230252,
524594,"Aeonx Digital Technology Limit",X,STK,127,127,125,125.1,125.1,125.85,8,1457,184252,
524598,"AKSHARCHEM (INDIA) LTD.",B,STK,179,187.9,170.2,172.05,172.05,178.6,177,1164,204336,
524602,"BANDARAM PHARMA PACKTECH LIMIT",X,STK,30.7,30.7,28.8,30.7,30.7,29.74,10,803,23627,
524606,"BERYL DRUGS LTD.",X,STK,20.75,21.5,20.01,21.1,21,20.35,68,9856,201843,
524614,"IEL LIMITED",X,STK,6.4,6.74,6.28,6.53,6.5,6.43,106,24162,154348,
524622,"ISTREET NETWORK LIMITED",XT,STK,46.1,48.97,46.1,47.69,47.97,47.19,165,16028,770114,
524624,"GAGAN GASES LTD.",X,STK,21.5,21.8,19.61,21.08,20.8,21.1,110,17454,365283,
524628,"PARKER AGROCHEM EXPORTS LTD.",X,STK,16.5,17.24,16.5,17.16,17.16,16.5,5,22,375,
524632,"Shukra Pharmaceuticals Limited",XT,STK,44,44,41,41.96,41.96,42.6,665,193436,8197495,
524634,"ALUFLUORIDE LTD.",X,STK,420.5,454,420.5,431.6,433.95,427.65,209,4996,2167984,
524636,"OXYGENTA PHARMACEUTICAL LIMITE",X,STK,52.32,52.58,49.99,50.12,50.05,52.05,55,10213,515524,
524640,"ARCHIT ORGANOSYS LTD.",X,STK,38.19,38.68,37.65,37.97,38.2,38.19,42,4001,151994,
524642,"SIKOZY REALTORS LIMITED",XT,STK,1.31,1.31,1.31,1.31,1.31,1.31,6,770,1008,
524648,"INDO AMINES LTD.",B,STK,103.5,104,99.55,101.1,100.75,102.55,215,41524,4193193,
524654,"NATURAL CAPSULES LTD.",B,STK,152,152.9,148,150.9,150.9,150,18,247,37131,
524661,"WELCURE DRUGS & PHARMACEUTICAL",X,STK,0.29,0.29,0.28,0.29,0.29,0.28,757,7127793,2049703,
524663,"BHARAT IMMUNOLOGICALS & BIOLOG",B,STK,17.33,17.5,16.6,16.89,16.8,17.33,149,23348,397700,
524667,"SAVITA OIL TECHNOLOGIES LTD.",B,STK,353.95,353.95,347,348.7,348.7,351.55,40,4225,1474193,
524669,"HESTER BIOSCIENCES LTD.",B,STK,1468,1545,1441.05,1443.5,1441.05,1452.45,270,1141,1722527,
524675,"KABSONS INDUSTRIES LTD.",X,STK,13.5,16.08,12,16.08,16.08,13.4,142,40036,624489,
524687,"BASANT AGRO TECH (INDIA) LTD.",X,STK,11.88,11.88,9.57,10.52,10.52,11.26,416,112224,1166099,
524703,"SANDU PHARMACEUTICALS LTD.",X,STK,34.35,35.98,34.34,35.35,35.35,35,11,1252,44228,
524709,"NACL Industries Limited",B,STK,122.85,128.75,121.7,122.45,121.7,122.85,382,11999,1494161,
524711,"VISTA PHARMACEUTICALS LTD.",X,STK,6.2,6.68,6.2,6.56,6.59,6.24,53,172147,1129327,
524715,"SUN PHARMACEUTICAL INDUSTRIES",A,STK,1817.1,1842.5,1817.1,1824.9,1824.9,1813,8872,56248,102979474,
524717,"TITAN BIOTECH LTD.",X,STK,360,372.55,353.55,369.5,371.9,338.7,4822,390115,143006444,
524731,"JENBURKT PHARMACEUTICALS LTD.",X,STK,1027,1043.9,1000.05,1000.05,1000.05,1018.85,59,590,600649,
524735,"HIKAL LTD.",B,STK,181.3,186,178.2,179.4,179.4,181.1,482,27297,4998444,
524742,"CAPLIN POINT LABORATORIES LTD.",A,STK,1693.9,1710,1681.1,1687.3,1681.1,1684.6,684,5901,10018236,
524743,"FISCHER MEDICAL VENTURES LIMIT",B,STK,36.7,37.16,36.02,36.64,36.99,36,437,47355,1718150,
524748,"LINK PHARMA CHEM LTD.",X,STK,27.99,27.99,25.5,27.89,27.89,28,20,777,20652,
524752,"DECIPHER LABS LIMITED",X,STK,6.19,6.19,6,6,6,6.19,27,2251,13747,
524768,"EMMESSAR BIOTECH & NUTRITION L",X,STK,25.99,26,24.57,25.74,25.65,25.1,18,846,21243,
524774,"NGL FINE-CHEM LTD.",B,STK,2400,2525.7,2354,2421.6,2439.25,2355.35,266,1103,2697366,
524790,"EVEREST ORGANICS LTD.",X,STK,308,308,282.05,287.95,287.95,303.25,95,2739,802492,
524804,"AUROBINDO PHARMA LTD.",A,STK,1289,1318,1289,1304.6,1301.1,1285.85,2619,40241,52657993,
524808,"PHYTO CHEM (INDIA) LTD.",X,STK,26.79,26.79,25,25.88,25.88,25.88,9,730,19165,
524816,"NATCO PHARMA LTD.",A,STK,1044.95,1055.95,1010.3,1015.55,1015.55,1039.45,4148,88414,90872077,
524818,"DYNAMIC INDUSTRIES LTD.",X,STK,95,98.82,95,96.48,97.77,92.38,32,1305,127111,
524820,"PANAMA PETROCHEM LTD.",B,STK,276.5,277.8,272,273.1,272,276.15,42,439,121300,
524824,"BAL PHARMA LTD.",B,STK,67.25,73.88,67.25,71.78,71.78,71.86,21,535,38052,
524828,"BDH INDUSTRIES LTD.",X,STK,369.65,369.65,362.2,364.65,364,369.65,55,929,342027,
526001,"JAUSS POLYMERS LTD.",XT,STK,31.61,31.61,31.61,31.61,31.61,32.25,4,502,15868,
526025,"GLOBUS CONSTRUCTORS & DEVELOPE",X,STK,12.54,12.54,12.15,12.53,12.54,12.54,18,17465,212861,
526027,"CUBEX TUBINGS LTD.",B,STK,96.2,96.85,92.55,92.7,92.6,94.55,181,16054,1526676,
526043,"POLYMECHPLAST MACHINES LTD.",X,STK,45,47.85,44.55,47.58,47.58,44.75,25,1100,49525,
526071,"STELLANT SECURITIES (INDIA) LT",XT,STK,622.05,649,622.05,632.65,632.65,654.55,208,5090,3243508,
526073,"GALAXY BEARINGS LTD.",X,STK,481,491,476.2,483.25,491,481.5,16,40,19273,
526075,"REKVINA LABORATORIES LTD.",XT,STK,29.31,29.89,28.74,28.76,28.76,29.31,15,7363,212260,
526081,"SC Agrotech Limited",XT,STK,29,29,29,29,29,29.12,3,150,4350,
526095,"RAVILEELA GRANITES LTD.",X,STK,42.45,42.45,37.4,41,41,40.39,14,17,684,
526113,"UNIROYAL MARINE EXPORTS LTD.",X,STK,16.39,16.39,14.76,16,16,16.39,3,153,2447,
526115,"KARAN WOO-SIN LTD.",X,STK,10.15,11.8,10.15,11.76,11.76,11.26,35,2911,32059,
526117,"SHERVANI INDUSTRIAL SYNDICATE",X,STK,395,395,385,395,395,390,12,79,31009,
526125,"BN AGROCHEM LIMITED",B,STK,251,251,232,236.35,235.6,251.9,71,956,228845,
526133,"SUPERTEX INDUSTRIES LTD.",X,STK,6,6.4,6,6.2,6.2,5.85,18,7204,44089,
526137,"SHETRON LTD.",X,STK,100,100,98,99.4,99.5,100.25,10,3257,325217,
526139,"TRANSGENE BIOTEK LTD.",X,STK,2.86,2.86,2.41,2.71,2.6,2.75,105,76662,199257,
526143,"MPL PLASTICS LTD.",X,STK,7.1,7.3,7.1,7.3,7.3,7.18,23,6926,49434,
526159,"NIKHIL ADHESIVES LTD.",X,STK,64.8,66,64,64.67,64.92,64.31,110,23967,1555366,
526161,"SPENTA INTERNATIONAL LTD.",X,STK,90.01,90.06,90,90,90,90,5,528,47520,
526169,"MULTIBASE INDIA LTD.",X,STK,176,178.95,172,173.6,172.45,173.7,258,8896,1556361,
526173,"ANDREW YULE & COMPANY LTD.",B,STK,19,19.7,19,19.13,19.13,19.28,389,118351,2283798,
526179,"LUDLOW JUTE & SPECIALITIES LTD",X,STK,216.1,220,213.85,218.9,218.9,215.4,15,206,44580,
526187,"ASHRAM ONLINE.COM LTD.",X,STK,4.27,4.27,4.27,4.27,4.27,4.27,1,7,29,
526193,"ROYAL CUSHION VINYL PRODUCTS L",X,STK,19,19.5,18.2,18.36,19.17,19.33,21,515,9458,
526211,"SURAJ INDUSTRIES LTD.",X,STK,48.95,48.95,47.1,47.44,47.4,48.7,35,402,19096,
526217,"Hitech Corporation Limited",B,STK,131.75,137.95,130,130.5,130.8,132.15,31,5502,736718,
526227,"FILATEX INDIA LTD.",B,STK,41,44.2,40.94,42.53,43,41.3,623,144161,6182008,
526231,"STANDARD SURFACTANTS LTD.",X,STK,49.16,51.9,48.68,51.21,51.8,51.93,7,500,25209,
526237,"MORGAN VENTURES LTD.",X,STK,51.1,53.5,49.12,51.17,51,50.33,40,950,49167,
526241,"AMRAPALI INDUSTRIES LTD.",X,STK,13.94,13.95,13.3,13.32,13.85,13.97,10,1561,21439,
526247,"PREMIER EXPLOSIVES LTD.",A,STK,493.8,504.05,475.9,480,480,489.55,628,12288,5987908,
526251,"MID EAST PORTFOLIO MANAGEMENT",X,STK,18,19.95,16.99,17.83,17.3,16.99,21,1053,17961,
526263,"MOLD-TEK TECHNOLOGIES LTD.",B,STK,133.9,138.4,130.95,130.95,130.95,130.1,252,6721,899473,
526269,"CRESTCHEM LTD.",X,STK,95,95,83.55,86.16,84,90.6,67,1472,128706,
526299,"MPHASIS LTD.",A,STK,2219,2240,2179,2186.65,2184.35,2207.8,866,5901,12981843,
526315,"DIVYASHAKTI LIMITED",X,STK,51.5,51.5,49.01,49.43,49.43,50.03,50,5170,258374,
526325,"ORIENT PRESS LTD.",B,STK,70.2,70.32,68.25,68.61,68.61,66,14,550,37664,
526335,"SHREYAS INTERMEDIATES LTD.",X,STK,7.1,7.1,6.88,7.01,6.88,7.09,6,1681,11786,
526345,"PANJON LTD.",X,STK,25.87,28.88,25.87,26.86,26.8,26,191,52094,1448395,
526355,"DUROPACK LTD.",X,STK,50.2,51,50.2,51,51,52,2,175,8849,
526365,"SWARNSARITA JEWELS INDIA LIMIT",X,STK,32.23,32.24,31.31,32.04,32.05,32.07,19,1885,60341,
526367,"GANESH HOUSING LIMITED",A,STK,632.1,670.45,622.8,625.75,623.15,636.4,516,19427,12586414,
526371,"NMDC LTD.",A,STK,79.84,81.09,79.45,79.66,79.66,79.64,2819,610686,49055233,
526381,"PATEL INTEGRATED LOGISTICS LTD",B,STK,10.15,10.48,9.02,10,10,10.15,83,23090,226098,
526397,"ALPHAGEO (INDIA) LTD.",B,STK,202,207.75,196.7,199.55,202.8,200.6,39,1125,228267,
526407,"HAMPTON SKY REALTY LIMITED",X,STK,10.65,10.65,10.1,10.19,10.19,10.06,149,28725,297888,
526409,"KKALPANA INDUSTRIES (INDIA) LT",X,STK,7.88,8,7.28,7.8,7.96,7.16,122,51906,396440,
526415,"OK PLAY INDIA LTD.",X,STK,4.56,4.69,4.4,4.56,4.5,4.51,376,616521,2842032,
526423,"KRITI INDUSTRIES (INDIA) LTD.",B,STK,75.6,81.66,75.6,81.66,81.66,80.83,16,21,1681,
526431,"WELTERMAN INTERNATIONAL LTD.",X,STK,22.71,22.71,21.58,21.58,21.58,22.71,3,400,8745,
526433,"ASM TECHNOLOGIES LTD.",B,STK,2296,2364,2292,2324.65,2324.65,2306.45,1810,21801,51008976,
526435,"PERFECTPAC LTD.",X,STK,84.5,84.51,77.12,83.99,84,84.5,20,297,24632,
526439,"AMBITIOUS PLASTOMAC COMPANY LT",X,STK,11,11,10.45,10.45,10.45,11,18,478,5160,
526441,"VISION CINEMAS LTD.",XT,STK,1.23,1.23,1.13,1.13,1.21,1.18,25,2728,3311,
526443,"Artificial Electronics Intelli",X,STK,113.45,113.45,113.45,113.45,113.45,108.05,129,23252,2637939,
526445,"INDRAYANI BIOTECH LTD.",X,STK,8.37,8.37,7.36,7.47,7.48,7.56,263,374006,2870069,
526468,"EURO LEDER FASHION LTD.",X,STK,17.5,17.5,15.7,17.2,17.2,17.5,38,3164,51588,
526471,"WINSOME BREWERIES LTD.",X,STK,19,20.86,19,20.12,20.2,19.47,168,8035,161729,
526473,"ELEGANT FLORICULTURE & AGROTEC",X,STK,4.6,4.9,4.41,4.8,4.9,4.66,79,11637,54748,
526477,"SOUTH ASIAN ENTERPRISES LTD.",X,STK,35.7,35.7,35.7,35.7,35.7,34,1,1,35,
526479,"SKY INDUSTRIES LTD.",X,STK,83,83.21,83,83.02,83.02,86.9,13,1280,106276,
526481,"PHOENIX INTERNATIONAL LTD.",X,STK,32.1,32.1,30.61,31.85,31.85,33.6,32,66684,2079084,
526490,"PRATIK PANELS LTD.",X,STK,7.47,8.04,7.43,7.96,7.93,7.47,110,78736,623851,
526492,"Rishiroop Limited",X,STK,94.5,94.5,85,85.54,85.3,86.8,62,1435,124606,
526494,"Promact Plastics Limited",X,STK,9,10.79,9,10.79,10.79,9.99,2,501,4510,
526500,"STERLING GREEN WOODS LTD.",X,STK,21.55,21.6,21.55,21.6,21.6,22.66,2,11,237,
526506,"SYSTEMATIX CORPORATE SERVICES",B,STK,69.77,71.27,69.22,70,69.4,70.18,47,2896,202652,
526508,"Shahi Shipping Limited",X,STK,14.69,14.69,13.33,13.47,13.47,14.03,123,38040,514243,
526519,"ALPINE HOUSING DEVELOPMENT COR",X,STK,88.98,88.99,86.02,86.03,86.02,89,7,520,45037,
526521,"SANGHI INDUSTRIES LTD.",B,STK,55.15,56.46,54.75,54.77,54.98,55.28,45,12175,675636,
526525,"WORLDWIDE ALUMINIUM LIMITED",X,STK,17.8,17.8,17.8,17.8,17.8,16.96,5,320,5696,
526530,"IIRM HOLDINGS INDIA LIMITED",X,STK,82.25,89.99,78.5,80.02,81.67,83.93,98,21297,1709470,
526532,"SQUARE FOUR PROJECTS INDIA LIM",X,STK,8.5,8.77,8.5,8.77,8.77,8.77,3,61,520,
526544,"SGL RESOURCES LIMITED",X,STK,2.22,2.32,2.13,2.24,2.28,2.17,169,372709,825696,
526546,"CHOKSI LABORATORIES LTD.",X,STK,99.5,99.5,94.8,97.05,98,97.5,34,841,82646,
526550,"COUNTRY CLUB HOSPITALITY AND H",B,STK,12.76,13.44,12.43,12.77,12.53,12.77,40,4376,56432,
526570,"MIDWEST GOLD LTD.",T,STK,4149.95,4190,4015,4184.45,4184.45,4015,254,2388,9914359,
526582,"TPL PLASTECH LTD.",B,STK,64.05,64.46,61.79,62,61.79,64.06,83,1647,104306,
526586,"WIM PLAST LTD.",X,STK,358,368.8,345,351.4,351.4,354.55,368,40017,14348139,
526588,"PHOTOQUIP INDIA LTD.",X,STK,14.75,14.75,14.75,14.75,14.75,15.17,1,1,14,
526596,"LIBERTY SHOES LTD.",B,STK,227.15,236.75,225.2,225.25,225.2,227.95,195,3811,874795,
526604,"LIPPI SYSTEMS LTD.",XT,STK,49.01,49.01,49.01,49.01,49.01,51.58,13,1031,50529,
526608,"ELECTROTHERM (INDIA) LTD.",B,STK,634.8,642.55,611,613.9,613.9,625.65,164,2150,1338770,
526612,"BLUE DART EXPRESS LTD.",A,STK,5362.95,5495,5336.05,5396.5,5395,5358.5,430,1101,5948873,
526614,"EXPO ENGINEERING AND PROJECTS",X,STK,64.4,64.4,54.25,58.69,58.25,61.69,106,13889,837457,
526616,"NATIONAL PLASTIC INDUSTRIES LT",X,STK,47.8,48.73,46.25,46.41,46.25,46.86,57,3889,182190,
526622,"MFL INDIA LTD.",X,STK,0.4,0.4,0.39,0.39,0.39,0.39,222,352905,139329,
526638,"TEXEL INDUSTRIES LTD.",X,STK,78.49,78.49,74.2,74.85,74.95,75.38,181,126554,9531689,
526640,"ROYALE MANOR HOTELS & INDUSTRI",X,STK,29.15,31.5,29.02,29.13,29.02,30.9,26,1981,59034,
526642,"MIRZA INTERNATIONAL LTD.",B,STK,32.1,32.39,31.47,31.69,31.95,31.63,102,8551,274337,
526650,"TOURISM FINANCE CORPORATION OF",B,STK,65.58,68.99,65.53,66.12,65.6,66.55,636,696345,46824123,
526654,"THAKKERS DEVELOPERS LTD.",X,STK,119.5,123.95,119.5,123.5,123.5,119.5,14,126,15308,
526666,"BHARTIYA INTERNATIONAL LTD.",B,STK,715.35,721.7,707.3,709,708.5,725.35,32,5024,3562100,
526668,"KAMAT HOTELS (INDIA) LTD.",B,STK,191.4,199.75,187.1,195.4,196,187.6,277,7647,1492241,
526675,"TIRTH PLASTIC LTD.",XT,STK,22.18,22.18,22.18,22.18,22.18,22.63,17,2562,56825,
526677,"DSJ KEEP LEARNING LIMITED",B,STK,2.04,2.04,1.9,2,2,2,15,3297,6566,
526703,"ECOPLAST LTD.",X,STK,428,438.8,422.5,438.75,438.75,422.55,19,278,119743,
526705,"ELEGANT MARBLES & GRANI INDUST",X,STK,187.45,189.75,187.45,188.2,187.45,185.95,3,19,3575,
526709,"BITS LTD.",XT,STK,8.27,8.27,7.66,7.94,7.94,8.06,373,67923,540906,
526711,"ADARSH PLANT PROTECT LTD.",X,STK,33,33.5,33,33.05,33.05,33,10,609,20151,
526717,"HCP PLASTENE BULKPACK LIMITED",X,STK,180,183.7,175.2,179.05,179.05,181.2,84,4160,740424,
526721,"NICCO PARKS & RESORTS LTD.",X,STK,69.39,69.4,66.8,67.5,67.51,67.43,35,2229,151386,
526723,"NTC INDUSTRIES LTD.",X,STK,159.7,164.5,158,160.75,160.7,162.95,67,2828,453507,
526725,"SANDESH LTD.",B,STK,959.25,959.25,948,948,948,959.25,3,3,2860,
526727,"GARNET CONSTRUCTION LTD.",XT,STK,94,96.7,92.01,93.85,93.82,94.06,45,5363,506250,
526729,"GOLDIAM INTERNATIONAL LTD.",A,STK,319.2,325.65,310.15,313.9,313.9,319.15,634,24784,7861985,
526731,"BRIGHT BROTHERS LTD.",X,STK,203.5,207.9,198.25,207.7,207.7,202.1,48,5743,1157723,
526739,"NARMADA GELATINES LTD.",X,STK,353,357.95,348.2,348.55,349.9,353,57,1133,397871,
526747,"PG FOILS LTD.",X,STK,227.05,236.85,227.05,232.3,231.95,231.75,56,5622,1310722,
526755,"VELAN HOTELS LTD.",X,STK,5.32,5.32,5.03,5.28,5.32,5.07,21,1863,9586,
526761,"HOWARD HOTELS LTD.",X,STK,23.6,27.99,23.35,23.78,23.78,23.6,14,10251,242406,
526775,"VALIANT COMMUNICATIONS LTD.",XT,STK,1105,1105,1042,1045.65,1042.1,1096.65,497,8996,9490801,
526783,"DR.AGARWALS EYE HOSPITAL LTD.",B,STK,4775,4845.95,4760,4801.3,4800,4779,98,246,1179947,
526797,"GREENPLY INDUSTRIES LTD.",B,STK,192.45,205.15,192.45,202.05,202.75,192.5,294,17395,3487668,
526807,"SEAMEC LTD.",B,STK,1331.4,1338.65,1310,1318,1318,1321.7,110,1895,2506431,
526813,"RAGHUNATH INTERNATIONAL LTD.",X,STK,10.5,10.5,10.4,10.4,10.4,10.45,18,3139,32725,
526817,"CHEVIOT CO.LTD.",B,STK,1005,1005,985.1,985.1,985.1,988.1,25,45,44776,
526821,"DAI-ICHI KARKARIA LTD.",X,STK,254,254,240.25,243.6,242,246,80,4284,1053170,
526823,"RAJESWARI INFRASTRUCTURE LIMIT",Z,STK,6.48,6.49,6.43,6.48,6.48,6.19,21,2823,18302,
526827,"SPICE ISLANDS INDUSTRIES LIMIT",XT,STK,230,233,229.85,233,233,234.25,104,15476,3572395,
526829,"CONFIDENCE PETROLEUM INDIA LTD",B,STK,29.3,30.57,29.3,29.49,29.94,29.26,385,44395,1320228,
526839,"SHELTER INFRA PROJECTS LTD.",X,STK,14.73,14.73,14.1,14.73,14.73,14.8,5,41,603,
526841,"SHAKTI PRESS LTD.",X,STK,26.35,26.39,26.35,26.39,26.39,25.14,5,410,10813,
526847,"ASHIRWAD STEELS & INDUSTRIES L",X,STK,24.51,24.51,22.6,24.28,24.28,23.43,30,1970,47878,
526849,"BANARAS BEADS LTD.",B,STK,115.95,116.1,112.3,112.35,112.35,112.6,12,110,12506,
526853,"BILCARE LTD.",X,STK,60.97,60.97,57,57.3,57.3,58.55,88,10946,633514,
526859,"ISF LIMITED",X,STK,0.91,0.91,0.91,0.91,0.91,0.91,25,77286,70330,
526861,"RISHI LASER LTD.",X,STK,100,104.95,100,101.85,102.5,102.5,66,2747,280060,
526865,"JAINCO PROJECTS (INDIA) LTD.",X,STK,4.18,4.35,4.18,4.35,4.35,4.18,4,2611,11339,
526869,"KUMBHAT FINANCIAL SERVICES LTD",X,STK,20.35,20.35,20.25,20.35,20.35,20.35,9,470,9562,
526871,"INTEC CAPITAL LTD.",X,STK,9.64,9.98,9.64,9.95,9.95,9.64,5,874,8436,
526873,"RAJASTHAN SECURITIES LIMITED",X,STK,35.7,35.7,35.6,35.6,35.6,35.26,16,1360,48510,
526877,"SIDDHESWARI GARMENTS LTD.",X,STK,23.8,23.8,22.13,23.21,23.8,23.29,4,5,117,
526881,"63 Moons Technologies Limited",A,STK,616.2,623.4,593.35,595.65,593.35,612.35,345,5978,3665447,
526883,"SHIKHAR CONSULTANTS LTD.",XT,STK,17.14,17.14,17.14,17.14,17.14,17.48,1,100,1714,
526885,"SARLA PERFORMANCE FIBERS LTD.",B,STK,79,82.31,79,80.49,80.31,80.5,60,1988,160716,
526887,"INDO CREDIT CAPITAL LTD.",X,STK,4.13,4.13,4.13,4.13,4.13,3.94,1,1,4,
526891,"MARKET CREATORS LTD.",X,STK,13.96,13.96,13.96,13.96,13.96,13.3,1,16,223,
526899,"HIMALAYA FOOD INTERNATIONAL LI",X,STK,8.89,9.08,8.61,8.78,8.78,8.89,138,34533,306610,
526901,"SONAL ADHESIVES LTD.",X,STK,37.25,37.3,37.25,37.3,37.3,37.3,10,752,28039,
526905,"Padmanabh Industries Ltd",XT,STK,9.91,9.91,9.24,9.53,9.85,9.72,13,1872,17712,
526921,"TWENTYFIRST CENTURY MANAGEMENT",B,STK,35.25,35.25,34.05,34.95,34.25,34.57,19,1896,65063,
526931,"HARIYANA SHIP BREAKERS LTD.",X,STK,98.95,101.95,95.55,98.45,98.5,98.95,92,4034,394107,
526935,"Kalind Limited",XT,STK,84,90,84,88.87,89.5,87.21,589,1356490,118267080,
526947,"LA OPALA RG LTD.",B,STK,192.6,195.95,192.6,194,192.8,192.3,158,3130,607177,
526951,"STYLAM INDUSTRIES LIMITED",B,STK,2212.65,2221.75,2208.05,2213.85,2208.05,2212.65,266,555,1229595,
526953,"VENUS REMEDIES LTD.",B,STK,785,863.1,785,863.1,863.1,784.65,570,10596,9063137,
526961,"LAST MILE ENTERPRISES LIMITED",X,STK,4.14,4.35,4.14,4.24,4.24,4.14,290,750134,3170435,
526965,"GUJARAT CRAFT INDUSTRIES LTD.",X,STK,97,100,95,96.6,96.5,95.75,49,5844,577020,
526967,"HEERA ISPAT LTD.",X,STK,6.99,6.99,6,6,6,6.25,35,16569,99738,
526971,"DHOOT INDUSTRIAL FINANCE LTD.",X,STK,200,200,190.15,199.55,199.7,193.9,37,295,58504,
526981,"SHRI BAJRANG ALLIANCE LIMITED",X,STK,164,164,157,157.75,161.85,157.35,31,2098,330907,
526987,"URJA GLOBAL LTD.",B,STK,9.11,9.36,8.95,9.04,9.04,9.11,672,147875,1350953,
527001,"ASHAPURA MINECHEM LTD.",A,STK,531.3,560.35,525.95,530.6,534.15,527.3,1296,35894,19586739,
527005,"SHREE PACETRONIX LTD.",X,STK,120.95,124.75,117,123.15,123.15,120.95,8,21,2595,
530001,"GUJARAT ALKALIES & CHEMICALS L",B,STK,438,453.95,438,446.6,442.2,443.6,388,2890,1290296,
530005,"INDIA CEMENTS LTD.",A,STK,372.5,376.75,366.4,367.3,368,371.45,482,11344,4223603,
530007,"JK TYRE & INDUSTRIES LTD.",A,STK,448.8,449.2,432,434.9,434.9,447.45,1885,78966,34870175,
530017,"STANDARD INDUSTRIES LTD.",B,STK,13.5,14.15,13.5,13.88,14.02,14,45,2009,27749,
530019,"JUBILANT PHARMOVA LIMITED",A,STK,811.05,820.3,801,808.9,808.9,812.45,679,10688,8652696,
530023,"THE INVESTMENT TRUST OF INDIA",B,STK,99.71,104.44,97.48,98.97,104.44,99.71,53,1156,113692,
530025,"SAMYAK INTERNATIONAL LTD.",X,STK,14.46,14.97,12.1,13.94,13.94,14.46,156,31743,427467,
530027,"AADI INDUSTRIES LTD.",XT,STK,8.8,9.26,8.39,8.72,8.72,8.83,69,19743,168317,
530037,"SPARKLE GOLD ROCK LIMITED",X,STK,68.7,71.77,68.36,71.77,71.77,68.36,26,2494,178572,
530043,"ACKNIT INDUSTRIES LTD.",X,STK,279.45,279.45,240,246.6,251,279.45,18,587,145719,
530045,"TITAN SECURITIES LTD.",X,STK,37.1,41.4,36.55,39.51,40,36.88,184,60978,2398686,
530053,"REAL ECO-ENERGY LIMITED",X,STK,4.55,4.87,4.53,4.57,4.6,4.51,88,11779,54406,
530057,"Vivanza Biosciences Limited",X,STK,2.02,2.03,1.99,1.99,1.99,2.02,24,82429,165920,
530063,"YASHRAJ CONTAINEURS LTD.",XT,STK,4.84,4.84,4.7,4.7,4.7,4.66,11,836,4035,
530065,"LORDS ISHWAR HOTELS LIMITED",X,STK,15.2,15.75,14.73,15.25,15.25,16.24,10,322,4843,
530067,"CSL Finance Limited",B,STK,247.45,265.85,241.3,255.4,255.5,246.55,55,50659,12255307,
530073,"SANGHVI MOVERS LTD.",B,STK,242.4,247.7,239.2,239.6,239.95,242.3,466,12964,3145306,
530075,"Antelopus Selan Energy Limited",B,STK,578.8,578.8,545,568.45,571,578.75,694,13423,7485716,
530077,"PURETROP FRUITS LIMITED",X,STK,176.9,176.9,174.35,174.9,174.35,175.3,51,4864,852917,
530079,"FAZE THREE LTD.",T,STK,450,470,447.05,455.8,451,467.2,36,1654,746146,
530095,"PRADHIN LIMITED",Z,STK,0.19,0.2,0.19,0.2,0.2,0.19,359,2023505,388893,
530109,"ANUPAM FINSERV LIMITED",X,STK,2.1,2.13,2.05,2.1,2.08,2.1,184,102479,215689,
530111,"RAJ PACKAGING INDUSTRIES LTD.",X,STK,29,29.99,28.5,28.5,28.51,28.5,9,402,11532,
530117,"PRIVI SPECIALITY CHEMICALS LIM",A,STK,2945.3,2945.3,2887.05,2903.3,2897.4,2945.3,303,1713,4995733,
530119,"NATRAJ PROTEINS LTD.",X,STK,29.9,32.87,29.9,30.05,30.05,31.5,53,10832,325663,
530125,"SAMRAT PHARMACHEM LTD.",X,STK,220,243.85,219.95,227.75,227.75,215.8,84,2091,481440,
530127,"NPR FINANCE LTD.",X,STK,22.5,22.5,22,22.06,22.06,22.49,10,425,9355,
530129,"NILE LTD.",X,STK,1625.05,1648.45,1592,1596.45,1592,1645.55,297,2659,4276864,
530133,"AMCO INDIA LTD.",X,STK,63.51,68.99,63.51,67.86,67.86,66.2,31,2678,179193,
530135,"OPTIEMUS INFRACOM LTD",B,STK,354.55,365.35,345.1,347.35,347,357.7,408,11000,3915311,
530139,"KREON FINNANCIAL SERVICES LTD.",X,STK,34.79,34.79,29.5,31.5,32.5,31.37,36,3071,93875,
530141,"GYAN DEVELOPERS & BUILDERS LTD",X,STK,31,35.44,30.8,35.44,35.44,32.87,9,194,6010,
530145,"KISAN MOULDINGS LTD.",X,STK,26.88,27.58,25.8,26.01,26,26.69,320,133963,3559075,
530163,"KERALA AYURVEDA LTD.",X,STK,200,204.8,194,195.4,195,198.1,239,22448,4474431,
530167,"MOONGIPA CAPITAL FINANCE LTD.",X,STK,15.1,15.15,15,15,15,15.15,12,1137,17078,
530169,"MOHIT PAPER MILLS LTD.",X,STK,29.99,29.99,28.5,28.89,28.89,28.45,7,319,9184,
530171,"DAULAT SECURITIES LTD.",X,STK,31.8,31.8,27.31,28.41,28,31.56,58,5082,148859,
530175,"ODYSSEY TECHNOLOGIES LTD.",X,STK,51.99,51.99,48,50,50,48.14,39,3011,146651,
530179,"RSC INTERNATIONAL LTD.",X,STK,28.42,28.42,25.72,25.72,25.72,27.07,70,166994,4440097,
530185,"Surat Trade and Mercantile Lim",X,STK,4.3,4.49,4.28,4.3,4.3,4.39,190,42769,186227,
530187,"ATHARV ENTERPRISES LTD.",X,STK,3.81,3.81,3.8,3.8,3.8,3.8,21,14205,54011,
530197,"FUNDVISER CAPITAL (INDIA) LIMI",XT,STK,320.1,320.1,300,313.5,313.5,313.8,15,267,83576,
530199,"THEMIS MEDICARE LTD.",B,STK,83.47,84.54,81.5,81.5,81.5,81.36,49,1379,113663,
530201,"KALLAM TEXTILES LTD",X,STK,2.83,2.95,2.75,2.8,2.8,2.88,39,22555,63341,
530207,"BRAWN BIOTECH LTD.",X,STK,18.35,19.25,18.35,19.25,19.25,19.3,6,560,10330,
530213,"FORTUNE INTERNATIONAL LTD.",X,STK,56.51,65.99,56.51,65.99,65.99,63,14,32,1865,
530215,"KINGS INFRA VENTURES LIMITED",X,STK,120.95,122.35,118.1,119.9,119.9,119.1,132,11732,1404830,
530217,"SWOJAS FOODS LIMITED",X,STK,11.3,11.78,10.9,10.93,10.9,11.25,53,23160,258324,
530231,"SUBHASH SILK MILLS LTD.",X,STK,40,40,40,40,40,40,3,184,7360,
530233,"AURO LABORATORIES LTD.",XT,STK,285,296.5,272.3,279.95,281.5,285,74,20104,5755622,
530235,"KJMC FINANCIAL SERVICES LTD.",X,STK,44.21,49.54,44.21,45.26,45.14,47.24,45,1720,78656,
530239,"SUVEN LIFE SCIENCES LTD.",B,STK,145.6,147.6,141.05,141.2,141.8,144,333,47837,6823659,
530245,"ARYAMAN FINANCIAL SERVICES LTD",X,STK,610.05,610.05,600,609.8,609.8,627,17,457,274506,
530249,"BRIDGE SECURITIES LTD.",X,STK,12,12.2,11.8,11.9,11.98,11.84,93,149451,1780914,
530251,"RISA INTERNATIONAL LTD.",X,STK,0.46,0.47,0.35,0.37,0.37,0.43,192,718462,271273,
530253,"RAJASTHAN TUBE MANUFACTURING C",X,STK,17,18.22,16.54,16.94,17.6,17.36,139,57989,1019309,
530255,"KAY POWER AND PAPER LTD.",X,STK,9.2,9.48,8.41,8.48,8.48,9.01,70,30467,262468,
530259,"INTER STATE OIL CARRIER LTD.",X,STK,34.75,34.75,30.36,33.45,33.49,32.11,48,5008,161938,
530263,"GLOBAL CAPITAL MARKETS LTD.",X,STK,0.55,0.55,0.51,0.52,0.53,0.52,135,156729,82305,
530265,"SAINIK FINANCE & INDUSTRIES LT",X,STK,34.25,35.5,34.1,34.98,34.98,35.85,20,5621,196313,
530267,"ARIGATO UNIVERSE LIMITED",X,STK,48.02,48.02,48.02,48.02,48.02,45.74,3,220,10564,
530271,"RICH UNIVERSE NETWORK LTD.",X,STK,6.36,6.36,6.36,6.36,6.36,6.68,2,2,12,
530281,"QUANTUM DIGITAL VISION (INDIA)",X,STK,22.83,22.83,22.83,22.83,22.83,22.83,3,97,2214,
530289,"SP CAPITAL FINANCING LTD.",X,STK,57.7,57.72,57.05,57.22,57.22,57.72,6,262,14950,
530295,"SHRI RAJIVLOCHAN OIL EXTRACTIO",X,STK,29.43,29.43,29.43,29.43,29.43,30.97,1,1,29,
530299,"KOTHARI PRODUCTS LTD.",B,STK,65.6,65.9,63.1,63.39,63.47,61.99,27,997,63371,
530305,"PICCADILY AGRO INDUSTRIES LTD.",B,STK,551.65,557.6,541.2,542.15,542.15,547,546,11028,6053623,
530307,"CHAMAN LAL SETIA EXPORTS LTD.",B,STK,246.8,255,246.8,248.55,247.8,251.8,201,2310,577727,
530309,"CHANDRA PRABHU INTERNATIONAL L",X,STK,11.9,12.58,11.74,12.45,11.82,12.14,43,7169,87980,
530313,"KIMIA BIOSCIENCES LIMITED",X,STK,31.35,31.8,29.99,30.01,30.01,31.35,28,2560,77954,
530315,"HINDUSTAN TIN WORKS LTD.",X,STK,108,108,100.45,100.65,100.65,103.95,250,56575,5733035,
530317,"GODAVARI DRUGS LTD.",X,STK,80.3,85.42,80.3,81.77,83,82.89,46,4261,356549,
530331,"PREMCO GLOBAL LTD.",X,STK,433.15,433.15,422.9,430.25,430,433.2,41,162,69249,
530341,"MUKESH BABU FINANCIAL SERVICES",X,STK,123.6,123.6,111.25,113.65,113.65,132.1,71,2072,239568,
530343,"GENUS POWER INFRASTRUCTURES LT",A,STK,263.85,263.85,252.2,253,253,258.5,625,26150,6715002,
530355,"ASIAN ENERGY SERVICES LTD",B,STK,270.15,286,269,281.15,286,272.05,92,1878,519862,
530357,"KBS INDIA LIMITED",XT,STK,1.2,1.2,1.12,1.12,1.12,1.17,144,131227,147050,
530361,"PRABHHANS INDUSTRIES LIMITED",X,STK,40.8,42,38,38.6,38,38.61,23,1363,54631,
530363,"UGAR SUGAR WORKS LTD.",B,STK,37.41,39.27,37.02,37.44,37.02,37.87,195,21707,821278,
530365,"ORIENT BELL LIMITED",B,STK,274.8,274.8,254.05,257.25,255.75,269.65,250,829,216959,
530367,"NRB BEARINGS LTD.",B,STK,263.05,277.05,263.05,266.45,266.25,263.1,283,6067,1628404,
530369,"VAMSHI RUBBER LTD.",X,STK,45.5,48.99,45.5,46.98,46.98,41.17,11,1450,68480,
530377,"NILA INFRASTRUCTURES LTD.",B,STK,7.5,7.51,7.3,7.35,7.43,7.41,127,98596,736154,
530393,"DB (INTERNATIONAL) STOCK BROKE",B,STK,25.26,26,25,25.03,25,25.32,5,13,328,
530401,"VINYOFLEX LTD.",X,STK,44.06,44.06,42.18,42.6,42.6,42.62,20,2398,102147,
530405,"JINDAL CAPITAL LTD.",X,STK,32.5,32.5,31,31.6,31.4,31.25,24,1190,38198,
530407,"EPIC ENERGY LTD.",X,STK,30.7,33,29.15,30.05,30,29.76,128,11738,365520,
530419,"SUMEDHA FISCAL SERVICES LTD.",X,STK,34.5,36.85,34.5,35.52,35.52,35.12,27,3118,110818,
530421,"KUWER INDUSTRIES LTD.",X,STK,8.5,9.4,8.22,8.36,9.13,8.07,59,26115,219093,
530427,"CHOKSI ASIA LIMITED",X,STK,158.1,158.1,146.05,147.7,147,153.7,52,2264,340452,
530429,"ASHISH POLYPLAST LTD.",X,STK,33.79,33.79,28.01,28.44,28.01,30.28,18,1291,37262,
530433,"SHIVA GLOBAL AGRO INDUSTRIES L",X,STK,41.5,41.5,37,37.02,37,37.8,69,6302,240512,
530439,"SIDDHA VENTURES LTD.",X,STK,4.09,4.09,3.88,4.08,4.08,4.09,12,3076,12544,
530443,"KIRAN SYNTEX LTD.",XT,STK,14.25,14.78,14.25,14.25,14.25,14.08,4,618,8855,
530445,"SUMERU INDUSTRIES LTD.",X,STK,1.43,1.6,1.43,1.51,1.55,1.54,80,58351,86955,
530449,"RUNGTA IRRIGATION LTD.",X,STK,52,53.49,50,52.9,52.9,51.99,26,1391,72161,
530457,"GTT DATA SOLUTIONS LIMITED",X,STK,53.25,54.75,51.8,52.77,52.95,52.78,122,21907,1151310,
530459,"VALSON INDUSTRIES LTD.",X,STK,25.89,26.43,25.89,25.89,25.89,27.25,12,1422,36818,
530461,"SABOO SODIUM CHLORO LTD.",X,STK,12.98,13.6,12.7,12.72,12.72,12.78,123,28349,366071,
530469,"GSL SECURITIES LTD.",XT,STK,45.5,45.5,45.5,45.5,45.5,47.89,3,1100,50050,
530475,"TINNA RUBBER AND INFRASTRUCTUR",B,STK,660.6,689.3,660.6,674.35,674.35,659,413,4424,2995585,
530477,"VIKRAM THERMO (INDIA) LTD.",X,STK,150.9,152.75,147.75,148.45,148.45,147.65,52,3083,458715,
530495,"STRATMONT INDUSTRIES LIMITED",XT,STK,68.82,73.73,67.71,71.81,71.8,70.22,26,637,46323,
530499,"A.K.CAPITAL SERVICES LTD.",X,STK,1550,1554,1548.6,1551.25,1554,1540.9,20,325,503843,
530517,"RELAXO FOOTWEARS LTD.",A,STK,310.3,317.45,303.4,304.6,304.7,308,1059,23225,7163395,
530521,"VIRAT INDUSTRIES LTD.",X,STK,333.25,339.95,300,304.7,304,333.25,114,2140,669311,
530525,"RAJNISH RETAIL LIMITED",X,STK,3.41,3.56,3.38,3.43,3.43,3.43,153,555488,1903642,
530537,"MANRAJ HOUSING FINANCE LTD.",X,STK,46.32,46.32,46.32,46.32,46.32,46.32,1,1,46,
530545,"COSCO (INDIA) LTD.",X,STK,182,184.3,178.2,179.75,183.7,180.5,31,147,26549,
530549,"SHILPA MEDICARE LTD.",A,STK,340.45,348.75,334.8,337.55,337.3,338.95,683,21872,7483224,
530555,"PARAMOUNT COMMUNICATIONS LTD.",B,STK,32.99,33.31,32.53,32.62,32.7,32.5,315,80631,2665904,
530557,"NCL RESEARCH & FINANCIAL SERVI",X,STK,0.42,0.43,0.42,0.43,0.43,0.42,602,908561,387156,
530571,"EXPLICIT FINANCE LTD.",X,STK,8.08,8.48,7.68,8.48,8.48,8.08,23,26027,206387,
530577,"LADDERUP FINANCE LTD.",X,STK,52.4,54.95,52.4,54.47,54.68,52.5,7,305,16061,
530579,"U. Y. FINCORP LIMITED",B,STK,11.5,14.08,11.5,13.37,13.37,13.86,104,63650,781789,
530581,"EKAM LEASING & FINANCE CO.LTD.",X,STK,5.67,5.94,5.67,5.94,5.94,5.66,2,297,1751,
530585,"SWASTIKA INVESTMART LTD.",X,STK,54.52,54.62,51,51.64,51.6,55.83,245,21205,1113416,
530589,"PRIMA PLASTICS LTD.",X,STK,112,112,108.5,111,111,111.95,45,8682,960076,
530595,"TELECANOR GLOBAL LTD.",XT,STK,44,44.21,40.85,41.24,41.24,43,208,82365,3437203,
530601,"JAGSONPAL SERVICES LIMITED",X,STK,51,54.9,51,54.89,54.89,51,9,342,18709,
530615,"GARG FURNACE LTD.",X,STK,148.9,148.9,144,145.55,145.8,147.9,39,941,135927,
530617,"SAMPRE NUTRITIONS LTD.",X,STK,21.57,21.58,20.38,21.12,21.12,20.56,1172,386664,8099752,
530621,"Akar Auto Industries Limited",X,STK,99.59,102.5,95.1,101.24,102.5,99.59,55,12947,1290507,
530627,"Vipul Organics Limited",X,STK,186,186.05,180.35,185.4,185.35,186.2,49,2500,458024,
530643,"ECO RECYCLING LTD.",B,STK,327.9,339,322,326.4,326.3,326.4,730,22586,7394743,
530655,"Goodluck India Limited",B,STK,1067.4,1086.7,1035,1036.75,1035.95,1067.3,389,4352,4587599,
530663,"GOYAL ASSOCIATES LTD.",X,STK,0.91,0.91,0.88,0.88,0.88,0.91,45,16111,14494,
530665,"ZENITH HEALTH CARE LTD.",X,STK,2.79,2.83,2.62,2.82,2.82,2.79,103,29150,81211,
530675,"YORK EXPORTS LTD.",X,STK,58.75,64.9,58.75,58.75,58.75,61.84,14,269,15809,
530677,"SUPREME HOLDINGS & HOSPITALITY",B,STK,51.51,56.98,51,55.43,53.57,54,147,18537,1029363,
530689,"LYKIS LIMITED",X,STK,48.15,54.1,48,53.22,53.22,48.01,722,266455,13860119,
530695,"PRIME PROPERTY DEVELOPMENT COR",X,STK,23,23,20.45,22.4,22.4,21.05,37,3159,66261,
530697,"Zenlabs Ethica Limited",X,STK,21.2,21.2,20,20.4,20.4,21.84,34,6821,139448,
530699,"RAJ RAYON INDUSTRIES LIMITED",T,STK,22.79,22.79,22.34,22.79,22.79,22.79,20,403,9125,
530705,"ANIRIT VENTURES LIMITED",XT,STK,39.54,39.54,39.54,39.54,39.54,40.34,8,4286,169468,
530709,"GOWRA LEASING & FINANCE LTD.",X,STK,84.5,84.5,80.01,80.01,80.01,84.41,2,2,164,
530711,"JAGAN LAMPS LTD.",X,STK,59.5,59.5,56.27,56.68,57.35,56.43,44,1135,64638,
530723,"ASIT C.MEHTA FINANCIAL SERVICE",X,STK,113.5,113.5,112.5,113,113,113.45,11,359,40531,
530733,"ENCODE PACKAGING INDIA LIMITED",X,STK,13.71,13.71,13.71,13.71,13.71,13.06,3,59,808,
530735,"SUPER BAKERS (INDIA) LTD.",X,STK,30,31.5,30,31.5,31.5,30,4,590,17849,
530741,"OVOBEL FOODS LTD.",X,STK,146,146,135.55,139.7,143.95,139.65,74,2988,418997,
530745,"ACS TECHNOLOGIES LIMITED",X,STK,38.99,39,37.8,37.83,37.8,38.57,143,39220,1496778,
530747,"CHALLANI CAPITAL LIMITED",X,STK,21.98,21.98,21.98,21.98,21.98,20.45,3,101,2219,
530759,"STERLING TOOLS LTD.",B,STK,199.3,204.75,193.05,194.85,194.85,199.2,166,2646,532299,
530765,"AGARWAL FORTUNE INDIA LIMITED",X,STK,18.5,19,18.5,19,19,19.03,4,275,5100,
530779,"DYNAMIC PORTFOLIO MANAGEMENT &",X,STK,24.94,24.94,24.94,24.94,24.94,26.25,1,1,24,
530787,"INLAND PRINTERS LTD.",X,STK,45.34,45.34,41.06,45.34,45.34,43.19,6,539,24352,
530789,"CEEJAY FINANCE LTD.",X,STK,159.95,167,159.95,167,167,159.95,2,2,326,
530795,"SUNCITY SYNTHETICS LTD.",XT,STK,10.45,10.45,10.45,10.45,10.45,11,2,2,20,
530797,"SHREE GANESH ELASTOPLAST LTD.",X,STK,16.09,16.09,16.09,16.09,16.09,16.09,2,690,11102,
530799,"ANNA INFRASTRUCTURES LTD.",X,STK,27.07,29.9,27.07,27.07,27.07,28.49,11,787,21404,
530803,"Bhageria Industries Limited",B,STK,152.1,154.6,152,152.65,152,151,184,1641,251237,
530805,"ONESOURCE INDUSTRIES AND VENTU",X,STK,6.65,7.19,6.65,6.98,6.99,6.85,197,69689,483333,
530809,"BNR UDYOG LTD.",X,STK,36.2,37.9,36.2,37.89,37.89,37.96,3,12,437,
530813,"KRBL LTD.",A,STK,313.55,318.75,309.5,311.5,309.5,312.8,423,9271,2913751,
530821,"SSPDL LTD.",XT,STK,15.89,15.89,14.4,15.88,15.89,15.14,121,103114,1597569,
530825,"DAIKAFFIL CHEMICALS INDIA LTD.",X,STK,38.27,38.5,37,38.01,38.49,38.08,42,37106,1423155,
530829,"CIL SECURITIES LTD.",X,STK,32.5,36.93,32.5,35.57,35.67,34.09,14,1225,40229,
530839,"CLIO INFOTECH LTD.",X,STK,7.09,7.09,7.09,7.09,7.09,6.76,10,4893,34691,
530843,"CUPID LTD.",B,STK,91.95,91.95,85,87,87,92.8,5291,2111138,185299342,
530845,"SUNSHIELD CHEMICALS LTD.",X,STK,790.05,799.8,786,792.6,788.15,785.3,89,4418,3494455,
530853,"HIPOLIN LTD.",X,STK,51,51,50,50.95,50,52,6,96,4864,
530855,"GDL LEASING & FINANCE LTD.",XT,STK,91.45,91.45,91.45,91.45,91.45,93.3,5,77,7041,
530871,"Chembond Material Technologies",B,STK,150,150,142.5,146,146,140,12,215,31377,
530879,"CAPITAL INDIA FINANCE LIMITED",B,STK,28.77,29.03,27.97,28.26,28.42,28.08,1192,189963,5383283,
530881,"Arunjyoti Bio Ventures Limited",X,STK,7.55,7.75,6.77,7.06,7.06,7.52,229,222209,1592324,
530883,"SUPER CROP SAFE LTD.",X,STK,7.53,7.87,7.5,7.8,7.8,7.53,111,107839,819133,
530897,"N.G.INDUSTRIES LTD.",X,STK,135.25,143,135.25,142.85,142.85,144.55,8,6043,817551,
530909,"ERP SOFT SYSTEMS LTD.",X,STK,47.57,47.57,47.57,47.57,47.57,50.07,1,1,47,
530917,"R.R.SECURITIES LTD.",P,STK,24.45,24.45,24.45,24.45,24.45,25.7,6,1000,24450,
530919,"REMSONS INDUSTRIES LTD.",B,STK,111.55,112.95,106.85,107.25,107.25,109.45,340,104457,11438905,
530925,"RAMSONS PROJECTS LTD.",XT,STK,107.5,107.75,107,107.5,107.5,102.65,35,2045,219989,
530931,"STANPACKS (INDIA) LTD.",X,STK,10.73,10.73,10.73,10.73,10.73,10.22,8,1502,16116,
530943,"Aqylon Nexus Limited",B,STK,93,93,93,93,93,97.85,165,5058,470394,
530951,"RAMINFO LIMITED",X,STK,56.8,57.98,54,54.38,54.51,54.89,64,9787,545382,
530959,"DIANA TEA CO.LTD.",X,STK,24.51,24.83,24.17,24.65,24.2,24.3,29,1475,36211,
530961,"Vikas EcoTech Limited",B,STK,1.32,1.33,1.3,1.31,1.31,1.32,4653,562691,736828,
530965,"INDIAN OIL CORPORATION LTD.",A,STK,160.95,163,159.75,160.7,160.7,159.85,6138,768486,123890952,
530973,"ALFA ICA (INDIA) LTD.",X,STK,87.7,87.7,81.66,85.8,85.8,85.95,7,386,31559,
530977,"Shri Keshav Cements and Infra",X,STK,148,150,141.05,144.55,145,148,22,4938,737721,
530979,"INDIA HOME LOAN LTD.",X,STK,33,36.2,33,34.42,34.49,35.51,62,1265,43542,
530991,"ROOPA INDUSTRIES LTD.",X,STK,42,46,42,43.4,43.4,44.9,13,68,2982,
530993,"SARTHAK GLOBAL LTD.",X,STK,42.14,42.14,41.95,41.95,41.95,40.14,3,4,167,
530997,"UNIQUE ORGANICS LTD.",X,STK,82.01,87.8,81,84.39,84.39,80.81,54,2253,187516,
530999,"BALAJI AMINES LTD.",B,STK,1032,1063.75,1027,1042.7,1042.45,1026.95,441,6118,6416150,
531003,"SWARNA SECURITIES LTD.",X,STK,89,89,85,85,85,85,4,13,1128,
531015,"VENMAX DRUGS AND PHARMACEUTICA",X,STK,25.44,25.44,22.02,24.49,24.49,23.45,8,181,4508,
531017,"ARIHANTS SECURITIES LTD.",X,STK,18.9,18.9,18.65,18.65,18.68,17.73,10,355,6628,
531025,"VISAGAR FINANCIAL SERVICES LTD",X,STK,0.34,0.34,0.33,0.34,0.34,0.34,237,453254,153043,
531027,"LIBORD SECURITIES LTD.",X,STK,17,17,17,17,17,17,4,1471,25007,
531033,"REGAL ENTERTAINMENT & CONSULTA",X,STK,29.19,29.23,29.19,29.23,29.23,27.84,42,6471,188935,
531035,"ERAAYA LIFESPACES LIMITED",T,STK,22.39,22.39,21.66,21.68,21.68,22.8,662,259923,5705569,
531041,"COMPETENT AUTOMOBILES CO.LTD.",X,STK,373.7,380,366.2,366.2,366.2,369.1,20,1287,481819,
531043,"DHANVANTRI JEEVAN REKHA LTD.",X,STK,22.52,22.52,22.52,22.52,22.52,22.52,1,1,22,
531067,"CONTIL INDIA LTD.",X,STK,27.95,27.95,25.4,26.22,25.4,25.97,86,12917,347182,
531069,"VIJAY SOLVEX LTD.",X,STK,510,515,475,494.95,506,509.6,68,524,256462,
531080,"SHRI KRISHNA DEVCON LTD.",X,STK,33.35,39.78,33.21,34.28,34.12,36.89,104,14724,520239,
531082,ALANKIT,B,STK,8.13,8.13,7.81,7.82,7.81,7.82,130,31799,252279,
531083,"NIHAR INFO GLOBAL LTD.",XT,STK,5.7,5.7,5.7,5.7,5.7,6,3,2000,11400,
531091,"UNITED CREDIT LTD.",X,STK,26,29.9,21,21.84,21.84,25.51,99,9525,219726,
531092,"OM INFRA LIMITED",B,STK,84.39,90.27,84.39,86.38,85.5,81.6,268,22943,2038607,
531099,"Checkpoint Trends Limited",X,STK,46.07,49.88,46.04,46.04,46.04,48.46,59,8561,394796,
531109,"Ishan Dyes and Chemicals Limit",B,STK,59.73,60,54.16,60,60,59.73,54,1449,82323,
531112,"BALU FORGE INDUSTRIES LIMITED",A,STK,474.9,480,460,461.25,460.05,466.65,934,63614,29850523,
531119,"CEENIK EXPORTS (INDIA) LTD.",X,STK,214,239.15,200,235.7,232,199.3,170,5720,1303630,
531120,"PATEL ENGINEERING LTD.",A,STK,25.41,26.1,25.11,25.26,25.26,25.47,1198,261506,6713362,
531126,"KATI PATANG LIFESTYLE LIMITED",X,STK,23.6,24.35,22.72,23.89,23.8,23.48,30,9617,225199,
531129,"INANI MARBLES & INDUSTRIES LTD",X,STK,10.14,10.29,10,10.09,10.09,10.14,45,32966,330458,
531137,"GEMSTONE INVESTMENTS LTD.",X,STK,1.64,1.64,1.54,1.55,1.58,1.59,109,40906,63846,
531144,"EL FORGE LTD.",X,STK,14.5,14.75,14.25,14.34,14.39,14.15,45,7494,107227,
531146,"MEDICAMEN BIOTECH LTD.",B,STK,293.6,293.6,277.9,282.8,280,289.55,104,5794,1642821,
531147,"ALICON CASTALLOY LIMITED",B,STK,711,719.65,695,701.6,695,710.95,57,150,106913,
531153,"DILIGENT INDUSTRIES LTD.",X,STK,2.23,2.29,2.22,2.29,2.29,2.23,166,54825,123167,
531155,"EPSOM PROPERTIES LTD.",X,STK,5.92,6.2,5.92,6.2,6.2,5.91,6,527,3260,
531156,"ALFAVISION OVERSEAS (INDIA) LT",X,STK,7.28,7.28,7.28,7.28,7.28,6.62,21,15415,112221,
531157,"ORGANIC COATINGS LTD.",X,STK,19.08,19.08,18.18,19.08,19.08,18.18,11,4120,77206,
531158,"CATVISION  LIMITED",X,STK,18.05,18.35,17.44,18.26,18.26,17.97,21,645,11467,
531161,"ABM KNOWLEDGEWARE LTD.",X,STK,222,225,210,212.45,212.45,220,25,1086,231416,
531162,"EMAMI LTD.",A,STK,444,446.8,430.8,433,436.35,444.45,1091,29192,12732037,
531163,"KEMISTAR CORPORATION LIMITED",X,STK,78.79,78.79,66.95,71.89,72.08,71.53,26,1139,82594,
531169,"SKP SECURITIES LTD.",X,STK,91.65,96,88.05,88.05,88.05,91.6,27,844,76252,
531173,"SYSCHEM (INDIA) LTD.",X,STK,49.29,49.29,46.07,46.39,46.25,46.58,67,6167,287922,
531176,"MEFCOM CAPITAL MARKETS LTD.",X,STK,11.24,11.25,10.81,11.2,11.2,11.05,30,10406,114123,
531178,"HEMANG RESOURCES LIMITED",X,STK,13.95,13.95,12.45,12.99,12.99,14,27,1400,18405,
531179,"ARMAN FINANCIAL SERVICES LTD.",B,STK,1429.95,1429.95,1345.9,1358.75,1358.75,1369.35,198,1878,2594396,
531190,"EFORU ENTERTAINMENT LIMITED",X,STK,98.18,98.32,97.15,97.5,97.5,94.44,74,856,83511,
531199,"GLANCE FINANCE LTD.",X,STK,180,196,180,196,196,189.5,3,57,10276,
531201,"SHILCHAR TECHNOLOGIES LTD.",B,STK,3811.35,4001,3811.35,3862.5,3821.7,3841.75,954,6926,27162441,
531203,"TRADEWELL HOLDINGS LIMITED",X,STK,78.27,78.27,78.27,78.27,78.27,74.55,4,11,860,
531205,"SPRIGHT AGRO LIMITED",XT,STK,0.53,0.55,0.52,0.52,0.52,0.54,2325,12061518,6337607,
531209,"NUCLEUS SOFTWARE EXPORTS LTD.",B,STK,751,781,751,770.4,770,756.25,65,392,299969,
531210,"COLINZ LABORATORIES LTD.",XT,STK,40.99,43.47,40.99,43.47,43.47,41.5,8,1300,53344,
531212,"NALIN LEASE FINANCE LTD.",X,STK,48,48,42.05,44.86,46,46.99,125,7688,341990,
531213,"Manappuram Finance Ltd",A,STK,264,268.85,257,258.1,258.1,261.35,1950,330696,86682809,
531215,"RTS POWER CORPORATION LTD.",X,STK,111.55,111.55,103.2,104.7,103.2,109,146,9357,988905,
531216,"COMFORT INTECH LTD.",X,STK,6.73,6.87,6.52,6.67,6.68,6.8,478,92368,617988,
531219,"Shyama Computronics and Servic",P,STK,3.21,3.21,3.21,3.21,3.21,3.21,1,100,321,
531221,"MAYUR FLOORINGS LTD.",XT,STK,13.3,14.5,13.3,13.65,13.65,14,3,191,2691,
531223,"ANJANI SYNTHETICS LTD.",X,STK,22.95,23.54,22.9,23.43,23.43,23.35,27,2611,60963,
531225,"XTGLOBAL INFOTECH LIMITED",B,STK,36.99,36.99,33.3,33.98,33.98,34.33,126,8696,296786,
531228,"RANDER CORPORATION LTD.",X,STK,10,10.2,10,10.2,10.2,10,6,218,2203,
531233,"RASI ELECTRODES LTD.",X,STK,12.3,12.57,12.2,12.49,12.53,12.29,63,21056,260833,
531234,"SCOOBEE DAY GARMENTS (INDIA) L",X,STK,74.98,74.98,73,73,73,72.96,4,8,595,
531235,"CITIPORT FINANCIAL SERVICES LT",XT,STK,43.42,43.42,43.42,43.42,43.42,44.3,1,1,43,
531237,"DHRUVA CAPITAL SERVICES LTD.",XT,STK,236.6,236.6,222,224,224,225.35,7,906,202799,
531241,"LINC LIMITED",B,STK,105.55,106,101.65,102,102,105.55,44,5835,596608,
531246,"PRIMA INDUSTRIES LTD.",X,STK,19.61,19.61,19.61,19.61,19.61,20.01,4,25,490,
531253,"INDIA GELATINE & CHEMICALS LTD",X,STK,330.1,340.5,320.6,323.8,323.8,333,49,896,292203,
531254,"Optimus Finance Limited",X,STK,13.3,13.74,12.8,12.94,12.94,13.42,303,237281,3127853,
531255,"PARAGON FINANCE LTD.",X,STK,45.23,53.2,45.01,50.99,50.99,48.3,17,1228,59851,
531257,"PRATIKSHA CHEMICALS LTD.",X,STK,16.03,16.49,16.03,16.24,16.24,16.03,14,10317,165945,
531260,"Refex Renewables & Infrastruct",X,STK,250,258,247.95,250.4,247.95,247.9,17,1122,281277,
531262,"EQUILATERAL ENTERPRISES LIMITE",X,STK,21,21,21,21,21,20,1,4,84,
531266,"V.S.T.TILLERS TRACTORS LTD.",B,STK,5314.5,5381.8,5202,5235,5202,5280.75,230,611,3236567,
531268,"B2B SOFTWARE TECHNOLOGIES LTD.",XT,STK,46.94,46.94,43.35,45.35,45.35,45.39,228,7180,323711,
531273,"RADHE DEVELOPERS (INDIA) LTD.",X,STK,1.49,1.6,1.47,1.51,1.51,1.47,261,493358,750942,
531274,"KINETIC TRUST LTD.",XT,STK,39.12,39.12,39.12,39.12,39.12,41.17,1,100,3912,
531278,"Elixir Capital Limited",X,STK,92,98,92,95.95,96.95,93.05,29,534,50726,
531279,"Trishakti Industries Limited",X,STK,134,134,129.8,130.95,130,131.7,70,4671,611945,
531280,"PANKAJ POLYMERS LTD.",XT,STK,60.45,60.52,54.76,60.52,60.5,57.64,16,266,15540,
531281,"MARBLE CITY INDIA LIMITED",X,STK,102.9,102.95,92,94.3,99.9,99.75,40,1409,134922,
531283,"CINDRELLA FINANCIAL SERVICES L",X,STK,10.02,10.02,9.65,9.65,9.65,10.02,5,310,3102,
531287,"NATIONAL PLASTIC TECHNOLOGIES",X,STK,255.9,279.4,250,259.05,260,247.85,65,970,252316,
531288,"LEAD FINANCIAL SERVICES LTD.",X,STK,19.15,19.15,19.15,19.15,19.15,19.15,2,3,57,
531289,"NATIONAL FITTINGS LIMITED",X,STK,158,161.85,156,158.2,156.45,157.55,26,1352,213446,
531297,"ARTEFACT PROJECTS LTD.",X,STK,62.84,63.4,61.5,61.73,63.4,62.84,9,103,6341,
531301,"TUSALDAH LIMITED",X,STK,148,148,134.1,140.3,146.45,141.15,7,12,1673,
531306,"DHP INDIA LTD.",X,STK,496.1,510,482.25,485.3,500,495.2,46,487,237775,
531307,"RRIL LIMITED",X,STK,17.79,17.79,16.6,16.76,16.9,17.55,120,14727,248997,
531310,"AVAILABLE FINANCE LTD.",X,STK,136,138,134.7,135.35,135.35,136,72,7165,972806,
531314,"INTEGRA CAPITAL LIMITED",X,STK,14.5,14.5,14.5,14.5,14.5,14.5,2,10,145,
531319,"MARUTI GLOBAL INDUSTRIES LIMIT",X,STK,37.5,39.5,37.5,39.5,39.5,37.5,13,227,8651,
531322,"SRI HAVISHA HOSPITALITY INFRAS",B,STK,1.45,1.49,1.44,1.49,1.49,1.41,7,215,320,
531323,"JAYATMA INDUSTRIES LIMITED",X,STK,14.07,14.07,14.07,14.07,14.07,13.4,4,20,281,
531324,"ROSELABS FINANCE LTD.",X,STK,22.14,22.14,22.14,22.14,22.14,21.09,6,46,1018,
531328,"KRETTO SYSCON LIMITED",X,STK,0.82,0.84,0.82,0.82,0.82,0.81,465,3710449,3085292,
531335,"ZYDUS WELLNESS LTD.",A,STK,378.2,389.45,378.2,384.6,381.8,378.55,290,4458,1716719,
531340,"BERVIN INVESTMENT & LEASING LT",X,STK,54.8,54.8,49.64,54.79,54.79,52.25,5,226,11249,
531341,"GUJARAT INVESTA LTD.",XT,STK,20.23,20.23,20.23,20.23,20.23,20.23,3,55,1112,
531344,"CONTAINER CORPORATION OF INDIA",A,STK,477.55,482.85,468.3,470.3,470.2,472.7,1274,26240,12532747,
531346,"EASTERN TREADS LTD.",X,STK,28.81,31,26.51,29.35,29.35,29.4,11,109,3096,
531349,"PANACEA BIOTEC LTD.",B,STK,358.6,362.55,346.2,347.85,347.9,354.7,301,5762,2034449,
531352,"PEETI SECURITIES LTD.",X,STK,20.93,20.93,20.93,20.93,20.93,22.03,3,50,1046,
531357,"MERCURY EV-TECH LIMITED",B,STK,32.99,33.2,31.5,32.03,32.17,32.34,865,279754,9020697,
531358,"CHOICE INTERNATIONAL LTD.",A,STK,671.05,674.75,647,648.55,652,671.9,655,22591,14787776,
531359,"SHRIRAM ASSET MANAGEMENT CO.LT",X,STK,294.8,319,291,300.35,297,291.7,185,11512,3483829,
531360,"GOLECHHA GLOBAL FINANCE LTD.",X,STK,28.36,30,28.36,30,30,29.23,12,2060,60832,
531364,"Ekansh Concepts Limited",X,STK,161,166.35,160,163.8,166,160.1,27,2043,329835,
531370,"SPARC ELECTREX LIMITED",X,STK,4.3,4.3,4.1,4.1,4.1,4.3,34,19853,81632,
531373,"THE BYKE HOSPITALITY LTD.",B,STK,40.7,40.7,38.95,39.86,38.95,39.91,59,1474,59476,
531380,"CENTENIAL SURGICAL SUTURE LTD.",X,STK,93.8,93.82,92,93.82,93.82,93.82,9,154,14390,
531381,"ARIHANT FOUNDATIONS & HOUSING",B,STK,1122,1122,1025.6,1063.65,1070,1095.45,70,1307,1413899,
531387,"HASTI FINANCE LTD.",X,STK,8.36,8.36,8.36,8.36,8.36,8.2,8,8500,71060,
531390,"UPSURGE INVESTMENT & FINANCE L",X,STK,72.7,72.71,68.61,69.08,69.95,72.71,29,5586,390972,
531395,"PADAM COTTON YARNS LTD.",X,STK,2.35,2.35,2.35,2.35,2.35,2.24,97,115768,272054,
531396,"WOMEN NETWORKS LTD.",X,STK,8.22,8.22,8.13,8.13,8.13,8.22,6,96,780,
531397,"POLYCON INTERNATIONAL LTD.",X,STK,30.97,30.97,29.5,29.5,29.5,29.5,2,2,60,
531398,"SOURCE NATURAL FOODS & HERBAL",X,STK,135,135,135,135,135,130,1,1,135,
531399,"G.G.AUTOMOTIVE GEARS LTD.",X,STK,163,164.8,155.2,162.05,162.9,162.35,242,17869,2891024,
531400,"ALMONDZ GLOBAL SECURITIES LTD.",B,STK,14.45,14.74,14.24,14.5,14.5,14.59,31,14755,213087,
531402,"LWS KNITWEAR LTD.",X,STK,16.6,17,15.1,16.5,16.5,15.83,69,6047,100330,
531406,"ANS INDUSTRIES LTD",X,STK,16.15,17,16.15,17,17,17,3,110,1868,
531411,"TUNI TEXTILE MILLS LTD.",XT,STK,1.01,1.01,0.95,0.97,0.97,0.98,116,135700,132436,
531412,"RADIX INDUSTRIES (INDIA) LIMIT",XT,STK,190,190.05,182.05,182.55,182.55,181,10,830,157574,
531416,"NARENDRA PROPERTIES LTD.",X,STK,34,34,33.01,33.01,33.01,35,5,585,19815,
531417,"MEGA CORPORATION LTD.",X,STK,2.16,2.35,2.13,2.16,2.19,2.17,104,53238,116630,
531426,"TAMIL NADU NEWSPRINT & PAPERS",B,STK,137.85,138.55,136.5,137.35,137.9,137.3,64,3550,487523,
531431,"SHAKTI PUMPS (INDIA) LTD.",A,STK,530.6,584.5,523,528,528,490.35,24139,871774,489876464,
531432,"SYSTEMATIX SECURITIES LTD.",XT,STK,11.91,11.91,11.91,11.91,11.91,12.5,1,100,1191,
531433,"SUNGOLD CAPITAL LTD.",X,STK,3.05,3.05,2.79,3.02,3.02,2.91,23,23938,73002,
531436,"SAFFRON INDUSTRIES LIMITED",X,STK,29.79,29.99,29.78,29.99,29.99,28.57,23,2339,69909,
531437,"Prakash Woollen & Synthetic Mi",X,STK,24.99,24.99,18.66,21.31,21.36,22,105,27612,572213,
531439,"AION-TECH SOLUTIONS LIMITED",B,STK,40.03,40.04,38.35,38.74,38.36,39.8,146,11340,442553,
531449,"GRM OVERSEAS LTD.",B,STK,157.5,159.2,156.05,157.3,157.3,156.65,260,25212,3994135,
531453,"MOHIT INDUSTRIES LTD.",B,STK,23.51,23.65,23.25,23.45,23.45,23.7,6,432,10149,
531454,"POLYLINK POLYMERS (INDIA) LTD.",X,STK,17.66,19.49,17.66,19.35,19.25,17.66,54,4207,80946,
531456,"MINAXI TEXTILES LTD.",X,STK,1.4,1.5,1.4,1.49,1.49,1.4,12,4900,7059,
531458,"BOSTON COMMERCE LIMITED",X,STK,5.67,5.67,5.67,5.67,5.67,5.4,1,10,56,
531460,"CONTINENTAL CONTROLS LTD.",XT,STK,8.85,8.85,8.85,8.85,8.85,9.02,1,100,885,
531465,"NOUVEAU GLOBAL VENTURES LTD.",X,STK,0.49,0.49,0.49,0.49,0.49,0.49,25,84407,41359,
531471,"DUKE OFFSHORE LTD.",X,STK,22.25,22.29,22,22.29,22.29,21.23,198,41512,924879,
531472,"CYBELE INDUSTRIES LTD.",XT,STK,77.01,77.01,69.69,69.69,69.69,73.35,493,105432,7917744,
531486,"FILMCITY MEDIA LTD.",XT,STK,1.9,1.9,1.9,1.9,1.9,1.81,3,292,554,
531489,"CG-VAK SOFTWARE & EXPORTS LTD.",X,STK,194,201,190,196.7,199,194.6,147,7187,1403380,
531494,"NAVKAR URBANSTRUCTURE LIMITED",B,STK,1.09,1.09,1.03,1.04,1.04,1.05,69,266674,282643,
531495,"BLUE COAST HOTELS LTD.",B,STK,21.38,21.97,20.76,20.79,20.76,21.37,11,8169,174568,
531497,"MADHUCON PROJECTS LTD.",B,STK,4.55,4.68,4.28,4.63,4.6,4.46,12,3072,13717,
531499,"SYBLY INDUSTRIES LTD.",X,STK,1.93,1.94,1.87,1.93,1.9,1.85,45,57844,111161,
531500,"RAJESH EXPORTS LTD.",Z,STK,111,114.65,109.55,114.6,114.6,109.2,685,53272,6095238,
531502,"ESAAR (INDIA) LTD.",X,STK,9.49,9.49,9.18,9.18,9.18,9.36,32,5415,49967,
531503,"MARIS SPINNERS LTD.",X,STK,28.03,31.84,28.03,31.4,31.4,28.99,4,7,206,
531506,"SHUKRA BULLIONS LTD.",XT,STK,33.63,37.17,33.63,37.17,37.17,35.4,4,140,4782,
531508,"EVEREADY INDUSTRIES INDIA LTD.",B,STK,314,319,311.25,316.05,313.95,312.75,158,1628,512257,
531509,"STEP TWO CORPORATION LTD.",X,STK,26.25,27.5,26.2,26.25,26.25,27.55,15,1008,26436,
531512,"ORIENT TRADELINK LTD.",X,STK,18.3,18.3,16.12,16.93,16.93,17.4,546,477671,8235622,
531518,"VIKAS PROPPANT & GRANITE LTD.",Z,STK,0.31,0.31,0.3,0.31,0.31,0.3,85,324606,98968,
531525,"ACE SOFTWARE EXPORTS LTD.",X,STK,211.65,211.65,206,208.85,208.85,208.45,114,17451,3632026,
531529,"SOFTRAK VENTURE INVESTMENT LTD",X,STK,1.8,1.89,1.8,1.82,1.82,1.8,58,20819,39135,
531531,"HATSUN AGRO PRODUCT LTD.",A,STK,913.7,937.7,911.6,917.85,911.6,926,173,911,842137,
531533,"ACCEDERE LIMITED",X,STK,64.39,64.39,64.29,64.39,64.39,61.33,103,18554,1194500,
531537,"MIZZEN VENTURES LIMITED",XT,STK,171.5,175,171.45,171.45,171.45,171.45,15,12107,2084868,
531539,"RISHABH DIGHA STEEL & ALLIED P",X,STK,35.96,38,33.7,35.11,37.17,35.97,19,3242,119752,
531540,"MARUTI INFRASTRUCTURE LTD.",X,STK,8.94,9,8.62,8.76,8.76,8.98,133,20299,179178,
531541,"KOBO BIOTECH LIMITED",Z,STK,2.58,2.59,2.45,2.54,2.59,2.47,26,10055,25607,
531543,"JINDAL WORLDWIDE LTD.",B,STK,22.77,23.07,21.73,21.89,21.88,22.77,596,69226,1541861,
531548,"SOMANY CERAMICS LTD.",B,STK,356.3,386.95,356.3,367.9,369.3,356.2,369,3298,1222343,
531550,"JHAVERI CREDITS & CAPITAL LTD.",X,STK,181.45,190.8,181.45,186.7,189,184.5,65,2778,518201,
531552,"RAGHUNATH TOBACCO CO.LTD.",X,STK,14.7,14.97,14,14.93,14.97,14,22,407,5821,
531553,"DISHA RESOURCES LIMITED",X,STK,21.4,22,20.63,21.93,21.01,20.62,42,4622,99675,
531556,"CORAL INDIA FINANCE & HOUSING",B,STK,32.55,32.79,32.02,32.02,32.03,32.02,10,5685,184984,
531557,"AMIT SECURITIES LTD.",XT,STK,49.38,50.82,49.38,50.6,50.6,48.41,6,34,1696,
531568,"ASHUTOSH PAPER MILLS LTD.",X,STK,7.37,7.37,7.37,7.37,7.37,7.02,2,22,162,
531569,"SANJIVANI PARANTERAL LTD.",X,STK,177,179.6,172.1,173.3,173.3,175.6,46,1472,257818,
531572,"RANJIT SECURITIES LTD.",XT,STK,112.6,112.6,112.6,112.6,112.6,114.85,6,15,1689,
531574,"VAS INFRASTRUCTURE LTD.",XT,STK,9.66,9.66,9.24,9.28,9.66,9.7,10,1438,13317,
531578,"KMF BUILDERS & DEVELOPERS LTD.",XT,STK,9,9,9,9,9,9.24,2,26,234,
531582,"BERYL SECURITIES LTD.",XT,STK,28.61,28.61,28.61,28.61,28.61,28.05,1,107,3061,
531583,"RAP CORP LIMITED",X,STK,34.76,34.76,33.03,33.03,33.03,34.76,4,14,479,
531585,"DEVINE IMPEX LTD.",X,STK,8.51,8.51,8.08,8.5,8.5,8.5,5,335,2721,
531591,"BAMPSL SECURITIES LTD.",X,STK,20,20,19,19.19,19.25,19.49,38,32039,620609,
531592,"GENPHARMASEC LIMITED",X,STK,1.1,1.15,1.09,1.11,1.11,1.12,322,2782029,3129829,
531594,"INCON ENGINEERS LTD.",X,STK,12.8,12.8,12.8,12.8,12.8,12.9,1,1,12,
531595,"CAPRI GLOBAL CAPITAL LIMITED",A,STK,165.15,170.4,165.15,169.15,169,165.5,6628,6097114,1030356914,
531599,"FDC LTD.",B,STK,377.1,381.05,366.6,369.1,369,377.05,217,4887,1822415,
531600,"GOGIA CAPITAL GROWTH LIMITED",X,STK,81,81,80.9,80.9,80.9,80,3,25,2024,
531608,"GORANI INDUSTRIES LTD.",X,STK,64,70,57.55,64.6,60.27,61.48,57,4193,274448,
531616,"STARCOM INFORMATION TECHNOLOGY",X,STK,74.78,78.74,71.25,71.25,71.25,75,4,31,2289,
531624,"COUNTRY CONDOS LTD.",B,STK,5.35,5.46,4.81,4.93,5.05,4.99,84,6465,33258,
531626,"OROSIL SMITHS INDIA LTD.",X,STK,4.42,4.42,4.02,4.24,4.27,4.33,40,21117,87430,
531628,"TEJASSVI AAHARAM LIMITED",XT,STK,32.92,32.92,32.27,32.27,32.27,32.92,5,3872,126478,
531633,"LINCOLN PHARMACEUTICALS LTD.",B,STK,642.5,645,613.55,618.5,621.25,631.25,239,1582,989882,
531635,"SILVER OAK (INDIA) LTD.",XT,STK,87.78,88,87,87,87,90.61,37,1532,134263,
531637,"PRAVEG LIMITED",B,STK,229.7,234.95,227.05,229.5,229.5,229.7,570,64259,14807730,
531638,"SURAJ LTD.",B,STK,229,240,229,238,238,229,23,157,37344,
531642,"MARICO LTD.",A,STK,787.45,790.85,759,761,759.9,789.95,2077,28772,22215251,
531644,"TOKYO FINANCE LTD.",X,STK,20.1,21,19.37,20.29,21,21.78,49,6351,127059,
531651,"NATIONAL GENERAL INDUSTRIES LT",X,STK,51.9,54.99,51.9,54.99,54.99,54.63,10,443,23054,
531652,"UVS HOSPITALITY AND SERVICES L",X,STK,104.9,104.9,93,93.4,94.99,95.89,52,4367,410320,
531658,"ABATE AS INDUSTRIES LIMITED",X,STK,11.8,12.35,11.41,11.89,11.41,11.8,119,27960,333696,
531661,"HITTCO TOOLS LTD.",X,STK,11.85,11.85,11.85,11.85,11.85,11.95,1,1,11,
531663,"YUVRAAJ HYGIENE PRODUCTS LTD.",X,STK,4.96,5.35,4.91,4.94,4.94,5.13,204,140596,711913,
531667,"RR METALMAKERS INDIA LIMITED",X,STK,24.01,28.12,24.01,25.6,25.6,25.57,53,62397,1753882,
531668,"VISION CORPORATION LTD.",X,STK,2.58,2.58,2.58,2.58,2.58,2.56,2,279,719,
531671,"Karnawati Innovation Limited",X,STK,1.5,1.5,1.5,1.5,1.5,1.43,35,11487,17230,
531673,"ANKA INDIA LTD.",X,STK,22.18,22.18,21.08,21.08,21.08,22.18,40,19628,413888,
531676,"EMROCK CORPORATION LIMITED",XT,STK,230.3,254.5,230.3,254.5,254.5,242.4,306,77044,17918990,
531680,"MAYUR LEATHER PRODUCTS LTD.",XT,STK,18.46,18.46,17.54,17.54,17.54,18.46,10,2313,40709,
531681,"AMERISE BIOSCIENCES LIMITED",X,STK,0.69,0.71,0.69,0.71,0.71,0.69,19,26685,18678,
531688,"Prithvi Exchange (India) Limit",X,STK,114.6,122,114.6,122,122,121.5,17,777,91000,
531692,"KHYATI MULTIMEDIA-ENTERTAINMEN",X,STK,2.93,3.07,2.8,2.8,2.8,2.93,10,4685,14157,
531694,"RAINBOW FOUNDATIONS LTD.",XT,STK,41.41,43.99,41.05,43.47,43.99,42.25,37,2585,110830,
531716,"TRICOM FRUIT PRODUCTS LIMITED",XT,STK,2.15,2.15,1.95,2.1,2.1,2.05,8,269,557,
531717,"Vidhi Specialty Food Ingredien",B,STK,297.75,300.4,283.9,286.3,285.55,298.8,184,3342,977235,
531719,"BHAGIRADHA CHEMICALS & INDUSTR",B,STK,199.6,206,199.1,202.45,202.55,199,98,132696,26587626,
531723,"GACM Technologies Limited",B,STK,0.51,0.51,0.48,0.5,0.5,0.5,168,491352,240596,
531726,"PANCHSHEEL ORGANICS LTD.",X,STK,111,111,102.55,103.5,105,104.7,38,2479,259685,
531727,"MENON PISTONS LTD.",X,STK,55.79,56.4,54.25,54.65,55,54.31,190,23582,1296565,
531737,"GREENCREST FINANCIAL SERVICES",X,STK,0.5,0.5,0.49,0.49,0.5,0.5,92,59602,29516,
531739,"GENNEX LABORATORIES LTD.",X,STK,10,10.25,9.99,10.14,10.14,10.04,384,495899,5048477,
531744,"GINI SILK MILLS LTD.",X,STK,62.25,62.25,57.2,60.95,60.95,58.48,9,4506,259695,
531746,"PRAJAY ENGINEERS SYNDICATE LTD",B,STK,22.12,22.12,22.1,22.1,22.1,21.97,3,204,4512,
531752,"BIOGEN PHARMACHEM INDUSTRIES L",X,STK,0.6,0.62,0.59,0.61,0.61,0.61,839,2260315,1362697,
531758,"G.K.CONSULTANTS LTD.",X,STK,10.43,10.43,9.19,9.51,10.42,10.43,6,2204,20899,
531761,"APOLLO PIPES LIMITED",B,STK,376,445,370.65,425,419.95,380.05,30127,2491177,1048162367,
531762,"UNJHA FORMULATIONS LTD.",X,STK,21,21,20,20.1,20.75,20.99,15,195,3963,
531768,"POLY MEDICURE LTD.",A,STK,1285.8,1355.7,1285.8,1331.5,1324.7,1285.7,1446,20481,27159544,
531769,"PFL INFOTECH LTD.",XT,STK,5.2,5.22,5.2,5.2,5.2,5.3,10,3981,20741,
531771,"SHRADDHA PRIME PROJECTS LTD",X,STK,172.95,172.95,164.3,167.55,168.1,169.8,182,41619,7023180,
531778,"KACHCHH MINERALS LTD.",XT,STK,29.3,30.29,27.43,29.87,29.87,28.85,20,1658,49712,
531779,"PADMANABH ALLOYS & POLYMERS LT",X,STK,18.15,18.15,14.86,17.87,17.87,16.5,8,3020,44940,
531780,"KAISER CORPORATION LIMITED",X,STK,4.08,4.3,3.91,4.24,4.29,4.08,281,111670,462883,
531784,"KCL Infra Projects Limited",X,STK,1.3,1.3,1.24,1.27,1.27,1.29,230,951746,1192827,
531795,"ATUL AUTO LTD.",B,STK,430.95,440.5,429.2,430.8,430,431.95,303,11577,5032207,
531797,"SCAN PROJECTS LTD.",X,STK,90.3,90.3,90.3,90.3,90.3,86,2,7,632,
531802,"PRERNA INFRABUILD LTD.",X,STK,24.25,25,24.25,24.75,24.75,24.2,24,34378,848490,
531810,"METAL COATINGS (INDIA) LTD.",X,STK,54.91,54.99,52.66,54.99,54.99,54.59,15,277,15073,
531812,"SGN TELECOMS LTD.",X,STK,0.68,0.68,0.64,0.68,0.68,0.65,82,25681,17282,
531813,"GANGA PAPERS INDIA LTD.",X,STK,74.4,74.4,74.4,74.4,74.4,74.4,1,10,744,
531814,"TIRUPATI SARJAN LTD.",X,STK,8.71,8.71,8.18,8.28,8.26,8.31,31,8853,74189,
531821,"MUNOTH FINANCIAL SERVICES LTD.",X,STK,25.55,25.55,25.55,25.55,25.55,26.87,1,1,25,
531832,"NAGARJUNA AGRI TECH LTD.",XT,STK,47.49,47.49,45.13,45.13,45.13,47.5,6,1501,67742,
531834,"NATURA HUE CHEM LTD.",XT,STK,13.72,13.72,13.25,13.25,13.25,13.46,2,1312,17953,
531840,"IEC EDUCATION LTD.",XT,STK,34.99,34.99,31.67,32,32,33.33,40,4060,133544,
531841,"Indus Finance Limited",X,STK,53,53,50.05,51,51,51.14,6,94,4758,
531842,"LAHOTI OVERSEAS LTD.",X,STK,45.98,46.69,44.22,45.07,45.5,44.13,82,69787,3163246,
531845,"ZENITH STEEL PIPES AND  INDUST",B,STK,5.26,5.76,5.26,5.6,5.6,5.49,21,6408,36537,
531847,"ASIAN STAR CO.LTD.",B,STK,600.35,600.35,591,598,598,600.25,8,26,15510,
531859,"ORIENTAL RAIL INFRASTRUCTURE L",B,STK,118.85,122,116.25,117.95,117.95,117.9,402,55023,6559058,
531861,"JOINDRE CAPITAL SERVICES LTD.",X,STK,42.45,43,41.79,42.58,43,42,32,7141,300774,
531862,"BHARAT AGRI FERT & REALTY LTD.",X,STK,24.25,24.5,23.41,23.89,23.89,23.29,86,10755,258591,
531867,"UNITECH INTERNATIONAL LTD.",Z,STK,3.4,3.57,3.39,3.47,3.47,3.4,14,7154,24680,
531869,"SACHETA METALS LTD.",X,STK,3.86,3.98,3.8,3.92,3.98,3.88,171,166824,651016,
531878,"ANJANI FINANCE LTD.",X,STK,11.65,11.65,10.13,10.23,10.37,11.02,75,12633,133184,
531888,"REXNORD ELECTRONICS & CONTROLS",X,STK,58.9,59.5,54,56.74,57.2,57.94,80,10081,566737,
531889,"INTEGRATED INDUSTRIES LIMITED",X,STK,42.5,43.31,41.67,41.96,41.96,42.5,1643,486547,20641499,
531892,"KHANDWALA SECURITIES LTD.",B,STK,17.5,17.5,17.5,17.5,17.5,17.5,1,5,87,
531893,"SAWACA ENTERPRISES LIMITED",XT,STK,0.39,0.39,0.37,0.39,0.39,0.38,373,784947,299112,
531900,"CCL INTERNATIONAL LTD.",X,STK,22.1,23.69,22.1,23,23.4,22.24,24,1730,40040,
531902,"GALLOPS ENTERPRISE LTD.",XT,STK,21.75,23.55,21.75,23.55,23.55,22.43,6,253,5956,
531909,"CROISSANCE LIMITED",XT,STK,3.22,3.35,3.05,3.15,3.15,3.2,105,348120,1098699,
531910,"Madhuveer Com 18 Network Limit",XT,STK,205,223.7,204.25,211.4,215.8,214.95,61,8250,1754141,
531911,"GALAXY AGRICO EXPORTS LTD.",X,STK,42.01,43.96,40.72,40.72,40.72,42.86,71,10149,420070,
531913,"GOPAL IRON & STEELS CO.(GUJARA",XT,STK,11.39,11.61,11.17,11.61,11.61,11.39,34,32424,376048,
531918,"HINDUSTAN APPLIANCES LTD.",X,STK,100.5,100.5,99,99.6,99.6,101.5,11,280,27884,
531921,"AGARWAL INDUSTRIAL CORPORATION",B,STK,448.4,456.6,437.3,441.7,440,448.3,358,3291,1480955,
531923,"DHAMPURE SPECIALITY SUGARS LTD",X,STK,120.5,123,116,117.55,117.55,117.15,121,15714,1904531,
531925,"SHANTANU SHEOREY AQUAKULT LTD.",X,STK,1.3,1.3,1.24,1.24,1.24,1.24,5,88,110,
531930,"SARTHAK INDUSTRIES LTD.",X,STK,29.01,29.79,26.01,28.99,28.99,29.79,19,17965,468403,
531931,"SAI CAPITAL LTD.",X,STK,167.45,167.45,156,159.7,159.7,157,27,231,37107,
531944,"LEXORAA INDUSTRIES LIMITED",X,STK,19.54,19.54,17.89,18.32,18.32,18.61,18,1555,30351,
531950,"VERTEX SECURITIES LTD.",X,STK,4,4.09,3.82,3.99,3.99,3.8,374,193070,763242,
531952,"RIBA TEXTILES LTD.",X,STK,75,75.89,72.5,73.44,73.48,72.59,26,62616,4572954,
531959,"NEWTIME INFRASTRUCTURE LIMITED",X,STK,1.91,1.94,1.84,1.88,1.85,1.87,95,47127,88837,
531960,"Kashyap Tele-Medicines Limited",XT,STK,4.57,4.57,4.57,4.57,4.57,4.81,10,14532,66411,
531962,"SHREE METALLOYS LTD.",XT,STK,44.4,46.37,44,44,44,44.18,37,5256,240433,
531968,"IITL PROJECTS LIMITED",X,STK,41,44.79,39.1,39.1,39.1,41.17,31,2584,106160,
531977,"CHARTERED LOGISTICS LTD.",X,STK,6.6,6.6,5.75,5.87,5.87,6.36,407,435880,2634338,
531979,"HIND ALUMINIUM INDUSTRIES LTD.",XT,STK,93,96.55,91.24,94.82,95,93.15,96,6728,633903,
531982,"SPECTRUM FOODS LTD.",X,STK,12.6,13.84,12.31,12.89,12.89,12.98,64,19358,246766,
531989,"DECCAN POLYPACKS LTD.",XT,STK,37.8,37.8,35,35,35,36,3,6,212,
531991,"AMRAWORLD AGRICO LTD.",X,STK,0.51,0.53,0.51,0.53,0.53,0.5,44,84486,43252,
531994,"AUTO PINS (INDIA) LTD.",X,STK,160.2,168,153.1,153.1,153.1,161,14,39,6346,
531996,"ODYSSEY CORPORATION LTD.",X,STK,8.2,8.4,7.28,7.35,7.35,7.72,114,43175,326786,
531997,"IKOMA TECHNOLOGIES LIMITED",X,STK,18.4,18.41,16.9,18.21,18.4,17.54,332,122854,2242127,
532005,"SAM INDUSTRIES LTD.",X,STK,39.77,39.77,39.51,39.51,39.51,39.38,5,1160,46119,
532011,"VASHU BHAGNANI INDUSTRIES LIMI",X,STK,52,52,50,51,51,51.3,372,73602,3753993,
532015,"GRAVITY (INDIA) LTD.",XT,STK,15.08,15.08,14.9,15.08,15.08,14.37,141,103530,1559122,
532016,"ESPIRE HOSPITALITY LIMITED",X,STK,300,300,275.1,289.9,289.9,275,10,209,57982,
532019,"LCC INFOTECH LTD.",B,STK,4.93,4.93,4.93,4.93,4.93,4.7,5,2657,13099,
532022,"FILATEX FASHIONS LTD.",B,STK,0.21,0.22,0.19,0.2,0.2,0.21,801,26180318,5341628,
532029,"SINDHU TRADE LINKS LIMITED",B,STK,24.64,25.61,24.6,25.27,25.46,25.1,286,66164,1670539,
532039,"ZENOTECH LABORATORIES LTD.",X,STK,42.25,44,42.25,42.84,42.55,42,62,7086,305264,
532041,"HINDUSTAN BIO SCIENCES LTD.",XT,STK,7.58,7.58,7.21,7.21,7.21,7.58,19,1527,11383,
532042,"FRONTLINE CORPORATION LTD.",X,STK,27.25,27.9,27.25,27.9,27.9,27.25,2,63,1717,
532051,"SWELECT ENERGY SYSTEMS LIMITED",B,STK,518.4,528.35,502.25,519.9,519.2,514.2,76,634,327601,
532053,"WALLFORT FINANCIAL SERVICES LT",X,STK,83.5,83.51,72,72.98,77.9,78.46,48,1411,105915,
532054,"KDDL LTD.",B,STK,2326.55,2388,2315,2324.9,2315,2324.65,125,6450,15010153,
532056,"Trustedge Capital Limited",XT,STK,147.8,147.8,144.25,147.25,147.25,147.8,6,162,23921,
532057,"ABHINAV CAPITAL SERVICES LTD.",X,STK,130,130,117,117.4,117,130,20,170373,21123720,
532067,"3B BlackBio Dx Limited",B,STK,1320,1389,1240,1253.15,1256.85,1297.65,1313,20803,27424405,
532070,"Sumuka Agro Industries Limited",X,STK,207.4,207.4,176.2,183.95,180,201.6,223,46208,8803923,
532090,"Atvo Enterprises Limited",XT,STK,19.17,19.98,19.14,19.48,19.28,19.26,80,38797,760941,
532092,"EPUJA SPIRITECH LIMITED",XT,STK,1.7,1.7,1.59,1.59,1.59,1.67,98,72543,116511,
532100,"INDO-CITY INFOTECH LTD.",X,STK,11.25,11.63,11,11.01,11.01,11.68,12,2034,22924,
532102,"SBEC SUGAR LTD.",X,STK,30.4,34,29.11,29.36,29.4,30.85,55,5251,158487,
532113,"BRIJLAXMI LEASING & FINANCE LT",XT,STK,9.51,10.28,9.5,10.28,10.28,10,52,28486,274157,
532123,"BSEL ALGO LIMITED",X,STK,4.7,4.84,4.6,4.64,4.64,4.65,292,110133,518768,
532124,"RELIABLE VENTURES INDIA LTD.",X,STK,19.5,19.9,19.5,19.5,19.5,19.2,40,327460,6387405,
532131,"TRIUMPH INTERNATIONAL FINANCE",X,STK,15.77,15.97,15.77,15.96,15.96,15.86,3,151,2410,
532134,"BANK OF BARODA",A,STK,294.7,297.2,288.55,289.35,289.35,294.6,3924,188952,55207489,
532140,"MOHITE INDUSTRIES LIMITED",X,STK,2.77,2.87,2.61,2.68,2.67,2.68,93,26349,70664,
532141,"ANDHRA CEMENTS LTD.",B,STK,55.99,55.99,51.05,52.44,53.63,53.89,126,8054,427021,
532143,"SKM EGG PRODUCTS EXPORT (INDIA",B,STK,156.35,157.75,153.15,154.45,154.5,153.95,136,2918,452319,
532144,"WELSPUN CORP LIMITED",A,STK,816.65,855.8,816.65,832.85,824.6,810.9,6057,67795,57247003,
532145,"H.S.INDIA LTD.",X,STK,10.45,10.45,10.38,10.45,10.45,10.94,18,2641,27529,
532149,"BANK OF INDIA",A,STK,157.15,157.55,153.75,154.35,154.1,156.1,2025,272586,42430719,
532150,"INDRAPRASTHA MEDICAL CORP.LTD.",B,STK,401.05,413,401.05,408.55,408.35,404.4,375,5714,2341481,
532154,"JOHNSON PHARMACARE LIMITED",X,STK,0.5,0.51,0.49,0.49,0.5,0.51,481,812321,405491,
532155,"GAIL (INDIA) LTD.",A,STK,151.55,154.9,147.35,147.95,147.95,150.2,4641,412360,62121868,
532156,"VAIBHAV GLOBAL LTD",B,STK,216,224.55,214.45,215.8,215,217.8,289,8657,1907399,
532159,"TRESCON LIMITED",X,STK,9.35,9.8,8.89,8.97,8.97,9.35,72,30267,284991,
532160,"GUJARAT STATE FINANCIAL CORPOR",B,STK,10.6,11.39,10.6,10.69,10.67,10.99,88,8869,95943,
532162,"JK PAPER LTD.",A,STK,338.6,342,336.45,339.6,338.55,338.3,397,13032,4413003,
532163,"SAREGAMA INDIA LTD.",A,STK,326.9,332.85,323,329.25,323,326.7,400,8077,2662411,
532164,"MINOLTA FINANCE LTD.",Z,STK,1.18,1.18,1.18,1.18,1.18,1.13,4,5905,6967,
532172,"Adroit Infotech Limited",B,STK,9.56,10.08,9.56,9.69,9.69,9.76,21,7618,74503,
532173,"CYBERTECH SYSTEMS AND SOFTWARE",B,STK,106.85,109.7,106.05,106.15,107.6,105.95,83,2131,229291,
532174,"ICICI BANK LTD.",A,STK,1303.65,1307,1291,1294.45,1294.45,1312.25,32855,560153,726686334,
532175,"CYIENT LIMITED",A,STK,911,951.8,901,925.9,925.9,907.95,2091,33947,31682551,
532178,"ENGINEERS INDIA LTD.",A,STK,201.35,206.3,198,199,199,199.85,1495,95754,19420066,
532180,"DHANLAXMI BANK LIMITED",B,STK,22,24,22,23.42,23.57,23.54,719,183012,4296442,
532181,"GUJARAT MINERAL DEVELOPMENT CO",A,STK,548.85,564.3,541,542.45,542.45,547.2,2503,125093,69252953,
532183,"GAYATRI SUGARS LTD.",X,STK,8,8.21,7.6,7.75,7.75,8,189,47554,380220,
532187,"INDUSIND BANK LTD.",A,STK,894.5,907.4,873.65,876.9,875.75,898.1,2090,34664,30832239,
532189,"INDIA TOURISM DEVELOPMENT CORP",B,STK,461.95,476,461.95,464.55,467.55,462.25,148,1138,533827,
532209,"JAMMU & KASHMIR BANK LTD.",A,STK,120.9,125.8,120.7,125.45,125.45,120.9,7428,1451593,180428588,
532210,"CITY UNION BANK LTD.",A,STK,250.9,257.05,246,247.35,249,251.65,2149,91585,22964558,
532212,"ARCHIES LTD.",B,STK,14.36,14.7,13.81,14.11,13.81,14.24,20,971,13827,
532215,"AXIS BANK LTD.",A,STK,1314.95,1316.9,1251.95,1259.05,1259.05,1315.05,25858,504573,640761162,
532216,"HB STOCKHOLDINGS LTD.",B,STK,48.05,52.25,48.05,51.2,51.2,49.79,16,1431,72196,
532217,"CMX HOLDINGS LIMITED",X,STK,32,32.79,30.52,30.8,31.5,32,26,8824,277977,
532218,"SOUTH INDIAN BANK LTD.",A,STK,39.63,40.45,39.3,39.48,39.48,39.79,1547,397564,15888924,
532219,"ENERGY DEVELOPMENT COMPANY LTD",B,STK,14.7,15.8,14.7,15.42,15.44,15.34,129,9581,147914,
532221,"SONATA SOFTWARE LTD.",A,STK,252.95,256.05,243.3,244.75,244.75,251,1111,29316,7290051,
532230,"BENGAL TEA & FABRICS LTD.",X,STK,152.4,152.4,146.1,147.05,147,162.95,8,50,7356,
532234,"NATIONAL ALUMINIUM CO.LTD.",A,STK,391,403.2,390.6,397.55,397.55,388.9,11354,938616,374969502,
532240,"INDIA NIPPON ELECTRICALS LTD.",B,STK,791.05,811.9,789.1,796.5,794.2,798.05,89,976,778858,
532256,"NALWA SONS INVESTMENTS LTD.",B,STK,5746.5,5800.25,5627.4,5666,5687.65,5681.9,53,140,801154,
532259,"APAR INDUSTRIES LTD.",A,STK,9997.9,10063.15,9220,9266.45,9260.45,9997.85,3239,12021,115413132,
532262,"TCI INDUSTRIES LTD.",X,STK,1365.2,1365.2,1365.2,1365.2,1365.2,1435,3,50,68260,
532268,"ACCELYA SOLUTIONS INDIA LIMITE",B,STK,1205.4,1229.95,1205.4,1225,1223.3,1199.55,49,368,448308,
532271,"ORCHASP LIMITED",B,STK,2.28,2.29,2,2.04,2.04,2.2,222,142971,304635,
532275,"LANDMARC LEISURE CORPORATION L",X,STK,1.74,1.8,1.69,1.7,1.7,1.74,113,30466,52377,
532281,"HCL TECHNOLOGIES LTD.",A,STK,1372.3,1372.85,1346.45,1350.05,1352,1361.55,8321,62067,84173788,
532284,"TCFC FINANCE LTD.",X,STK,24.75,24.88,24.22,24.73,24.73,24.76,23,2041,50463,
532285,"Geojit Financial Services Limi",B,STK,60.71,61.52,59.3,59.7,60.3,60.22,313,30866,1864386,
532286,"JINDAL STEEL LIMITED",A,STK,1187.1,1204.65,1184,1186.9,1187,1187,712,8056,9628504,
532290,"BLB LTD.",T,STK,17.26,18.1,17.26,17.41,17.35,17.43,15,3191,56722,
532296,"GLENMARK PHARMACEUTICALS LTD.",A,STK,2262.65,2297.2,2228,2272.5,2268.3,2228.25,4911,41637,94411336,
532300,"WOCKHARDT LTD.",A,STK,1301.05,1340.7,1300.5,1307.95,1301,1326.95,545,11369,15043360,
532303,"INTEGRATED HITECH LTD.",X,STK,3.39,3.39,3.39,3.39,3.39,3.39,1,1,3,
532304,"KJMC CORPORATE ADVISORS (INDIA",X,STK,46.02,46.1,46,46,46,45.8,3,21,967,
532305,"IND-SWIFT LABORATORIES LTD.",B,STK,144.95,149.35,142,143.2,143.05,142.25,431,16507,2390314,
532309,"GE Power India Ltd",T,STK,464.3,475,460.05,463.55,462.9,462.3,218,7644,3577458,
532310,"SHREE RAMA MULTI-TECH LTD.",B,STK,49.56,49.88,47.93,48.22,47.93,48.95,103,7246,351796,
532313,"MAHINDRA LIFESPACE DEVELOPERS",A,STK,353.4,359,352.65,357.2,355.95,354,296,5247,1866660,
532315,"GROARC INDUSTRIES INDIA LIMITE",X,STK,5.6,5.84,5.5,5.51,5.51,5.6,19,11487,63719,
532320,"VAARAD VENTURES LTD",X,STK,10.04,10.04,9.49,9.49,9.49,9.57,10,309,3092,
532321,"Zydus Lifesciences Limited",A,STK,923.95,936,917.15,922,922,922.9,1008,17043,15825422,
532323,"SHIVA CEMENT LTD.",X,STK,16.92,17.14,16.62,16.82,16.9,17,350,323989,5474279,
532324,"CINEVISTA LTD.",B,STK,15.45,17.65,15.05,16,16,15.26,33,17014,276720,
532326,"INTENSE TECHNOLOGIES LTD.",B,STK,92.25,92.55,91.4,91.4,91.4,92,21,818,75404,
532329,"DANLAW TECHNOLOGIES INDIA LTD.",X,STK,560,585.05,560,566.2,571,560.75,153,5428,3079482,
532331,"AJANTA PHARMA LTD.",A,STK,3024.6,3085,3016.6,3045.35,3043.3,3000.05,866,6138,18787926,
532332,"CURA TECHNOLOGIES LTD.",T,STK,105.91,105.91,105.91,105.91,105.91,100.87,4,21,2224,
532333,"HB PORTFOLIO LTD.",X,STK,60.69,60.69,57.9,58.72,58.72,60.72,17,779,45955,
532334,"HB ESTATE DEVELOPERS LTD.",X,STK,81.8,81.8,64.1,64.9,64.2,68.34,52,2529,165425,
532335,"AMBICA AGARBATHIES & AROMA IND",B,STK,23.5,23.55,23.49,23.55,23.55,23.49,10,1078,25323,
532339,"COMPUCOM SOFTWARE LTD.",B,STK,12.7,12.83,12.21,12.22,12.22,12.19,51,2356,28896,
532340,"OMNI AXS SOFTWARE LTD.",XT,STK,4.27,4.27,4.07,4.07,4.07,4.28,20,3457,14089,
532341,"IZMO Limited",T,STK,744.85,782.05,736,755.85,760,744.85,304,7227,5545198,
532343,"TVS MOTOR COMPANY LTD.",A,STK,3762.05,3796.75,3591.05,3600.05,3600.05,3785.25,7599,87252,318522332,
532344,"MADALA HOLDINGS LIMITED",X,STK,202.05,204.85,193,200.6,193,201.9,14,626,126427,
532348,"SUBEX LTD.",B,STK,8.76,8.94,8.68,8.74,8.69,8.81,237,254415,2241158,
532349,"TRANSPORT CORPORATION OF INDIA",B,STK,1029.5,1029.5,998,1000.1,1020,1029.45,89,385,389223,
532350,"PADMALAYA TELEFILMS LTD.",Z,STK,4.23,4.23,4.19,4.23,4.23,4.31,8,1893,8006,
532351,"AKSH OPTIFIBRE LTD.",B,STK,4.3,4.47,4.3,4.44,4.45,4.36,138,29633,130773,
532354,"Virgo Global Limited",X,STK,4.05,4.05,4,4,4,4,6,4673,18726,
532355,"PICTUREHOUSE MEDIA LTD.",X,STK,7,8.43,7,8.24,8.17,7.03,201,115459,956306,
532356,"TRIVENI ENGINEERING & INDUSTRI",A,STK,374.75,381.1,365.3,367.65,365.3,372.2,454,13778,5159967,
532357,"MUKTA ARTS LTD.",B,STK,48.7,48.7,48.01,48.2,48.01,48.01,14,11596,564627,
532359,"HIT KIT GLOBAL SOLUTIONS LTD.",XT,STK,5.23,5.23,5.23,5.23,5.23,4.99,64,411037,2149723,
532362,"NAGPUR POWER & INDUSTRIES LTD.",XT,STK,142.8,142.8,138.45,142.75,138.45,136,29,1180,168005,
532365,"DYNACONS SYSTEMS & SOLUTIONS L",B,STK,943.25,943.25,905,909.45,907.95,915.95,203,1801,1650859,
532366,"PNB GILTS LTD.",B,STK,75.12,76.77,75.12,75.84,75.66,75.64,149,13219,1001746,
532368,"BRIGHTCOM GROUP LIMITED",T,STK,9.53,9.99,9.5,9.6,9.6,9.71,926,742341,7203933,
532369,"RAMCO INDUSTRIES LTD.",B,STK,279.25,283.15,274.5,280.1,280.65,279.25,91,2429,678980,
532370,"RAMCO SYSTEMS LTD.",B,STK,439.75,439.75,412.75,419.6,419.6,431.1,606,8726,3687038,
532371,"TATA TELESERVICES (MAHARASHTRA",A,STK,39.65,39.98,38.78,38.99,38.99,39.32,1284,200425,7918414,
532372,"Virinchi Limited",B,STK,18.76,19.74,18.76,18.97,18.9,19.19,84,17110,327456,
532373,"WEP SOLUTIONS LTD.",XT,STK,21.26,22,20.05,21.22,21.22,21.05,80,20433,435575,
532374,"STERLITE TECHNOLOGIES LTD.",A,STK,181.05,194,180.75,190.5,190.5,179.9,4882,1015268,192664175,
532375,"TIPS MUSIC LIMITED",A,STK,511.65,519.5,507.8,515.2,517.55,511.7,379,2584,1325025,
532376,"UMIYA BUILDCON LIMITED",B,STK,81.41,81.41,79,80.45,81,81.4,26,431,34806,
532378,"UNIVERSAL ARTS LTD.",X,STK,5,5,5,5,5,5.1,2,10001,50005,
532380,"BABA ARTS LTD.",XT,STK,16.57,16.57,16.57,16.57,16.57,16.9,101,274436,4547404,
532382,"BALAJI TELEFILMS LTD.",B,STK,102.6,102.9,98,98.45,98.5,100.35,215,10770,1078394,
532384,"TYCHE INDUSTRIES LTD.",X,STK,108,111.2,105.2,110.3,110,108,38,2354,254976,
532386,"CALIFORNIA SOFTWARE CO.LTD.",B,STK,11,13.1,11,12.5,12.5,12.47,8,213,2629,
532387,"PRITISH NANDY COMMUNICATIONS L",B,STK,22.99,24.99,21.56,23.64,23.5,22.26,37,3879,92351,
532388,"INDIAN OVERSEAS BANK",A,STK,33.93,34.08,33.42,33.54,33.54,33.79,2450,502041,16964908,
532390,"TAJGVK HOTELS & RESORTS LTD.",B,STK,318,322.15,302.55,306.1,306,316.35,550,9673,3026032,
532392,"CREATIVE EYE LTD.",B,STK,6.85,6.89,6.79,6.86,6.85,6.85,57,887,6061,
532395,"AXISCADES TECHNOLOGIES LIMITED",B,STK,1476,1525,1450,1456.9,1457.4,1474.9,616,8958,13219675,
532397,"KONNDOR INDUSTRIES LIMITED",X,STK,12.7,12.87,12.5,12.67,12.5,12.7,7,301,3828,
532398,"USHA MARTIN EDUCATION & SOLUTI",B,STK,4.64,4.92,4.16,4.92,4.92,4.1,167,50557,238489,
532400,"BIRLASOFT LIMITED",A,STK,384.6,396.55,380.65,381.8,382.5,385.1,1982,89400,34742564,
532402,"USG TECH SOLUTIONS LTD.",X,STK,9.66,10,8.27,9.22,9.3,8.84,156,28383,253526,
532404,"SAVEN TECHNOLOGIES LTD.",X,STK,35.88,35.88,34.31,34.91,34.91,35.2,143,4467,157260,
532406,"AVANTEL LTD.",A,STK,145,148.7,142.2,142.65,142.65,145.8,679,62069,8972231,
532407,"MOSCHIP TECHNOLOGIES LIMITED",A,STK,173.65,174.65,168.5,170.05,170.05,171.85,1319,118350,20445290,
532408,"SIGMA ADVANCED SYSTEMS LIMITED",B,STK,157.3,157.85,153.2,154.95,154.95,154.7,477,66423,10297898,
532410,"TRANSCORP INTERNATIONAL LTD.",X,STK,24.95,25.3,22.65,24.32,25,24.49,126,14080,339281,
532413,"CEREBRA INTEGRATED TECHNOLOGIE",Z,STK,4.6,4.6,4.56,4.56,4.56,4.79,30,5245,23917,
532416,"NEXT MEDIAWORKS LTD.",B,STK,4.99,5.32,4.87,4.87,4.87,4.85,4,106,537,
532419,"Smartlink Holdings Limited",B,STK,119,119,111.5,111.5,111.5,116,4,100,11232,
532424,"GODREJ CONSUMER PRODUCTS LTD.",A,STK,1120.1,1124.4,1085.7,1089.65,1089.65,1111.2,1189,210674,233358292,
532425,"GENUS PRIME INFRA LIMITED",XT,STK,23.62,23.62,22.56,23.42,23.41,23.62,12,422,9816,
532430,"BF UTILITIES LTD.",Z,STK,467.1,479.5,443.1,448.55,454.85,466,106,2177,997672,
532432,"UNITED SPIRITS LTD.",A,STK,1402.75,1412.5,1377.75,1380.3,1380.3,1407.7,1535,15428,21575980,
532435,"SANMIT INFRA LIMITED",X,STK,6.31,6.31,5.81,6.2,6.2,6.31,211,97562,600066,
532439,"OLECTRA GREENTECH LIMITED",A,STK,931.15,937.15,894.1,902.5,902.5,934.7,1784,26480,24231771,
532440,"MPS LTD.",B,STK,1426.85,1499.1,1426.85,1483.05,1485,1426.85,287,3510,5163470,
532443,"CERA SANITARYWARE LTD.",A,STK,4586.6,4772.25,4586.6,4654.65,4650,4586.5,383,1074,5035520,
532444,"T.SPIRITUAL WORLD LTD.",X,STK,1.55,1.64,1.55,1.64,1.64,1.57,3,1505,2423,
532454,"BHARTI AIRTEL LTD.",A,STK,1848.35,1848.35,1800.55,1806,1806,1851.15,19574,668786,1218444851,
532455,"SHALIMAR WIRES INDUSTRIES LTD.",X,STK,16.67,17,16.01,16.28,16.28,16.75,30,3325,55389,
532456,"COMPUAGE INFOCOM LTD.",Z,STK,1.25,1.3,1.19,1.21,1.19,1.25,14,5350,6510,
532457,"GULSHAN POLYOLS LTD.",B,STK,162.4,166.3,160,160.1,161.6,162.35,216,5072,824832,
532460,"PONNI SUGARS (ERODE) LTD.",B,STK,275.05,279.25,271.95,275.6,276.85,277.6,127,3468,957223,
532461,"PUNJAB NATIONAL BANK",A,STK,117.75,118.45,115.4,115.8,115.8,117.55,6572,657968,76947322,
532466,"ORACLE FINANCIAL SERVICES SOFT",A,STK,6905.55,6994.05,6745,6782.25,6777.15,6826.2,1111,6548,44824480,
532467,"HAZOOR MULTI PROJECTS LTD.",B,STK,29.4,29.65,28.55,29.09,29.09,29.13,434,144832,4218931,
532468,"KAMA HOLDINGS LIMITED",A,STK,2570,2592.6,2471,2501.55,2501.55,2579.1,403,7163,18157556,
532475,"APTECH LTD.",B,STK,83.48,83.48,81.22,81.33,81.3,82.65,128,256799,20893201,
532477,"UNION BANK OF INDIA",A,STK,187.15,187.9,180.35,180.85,180.85,186.45,5135,456341,83711659,
532478,"UNITED BREWERIES LTD.",A,STK,1685.85,1698.35,1640.4,1645.4,1640.4,1697.35,245,1930,3228731,
532481,"NOIDA TOLL BRIDGE COMPANY LTD.",B,STK,3.75,3.75,3.5,3.7,3.7,3.75,27,4644,16747,
532482,"GRANULES INDIA LTD.",A,STK,593.05,594.65,581.5,586.35,586.8,580.85,1039,18249,10749566,
532483,"CANARA BANK",A,STK,142.8,143.7,139,139.3,139.3,142.2,3689,550065,77757624,
532485,"BALMER LAWRIE INVESTMENTS LTD.",B,STK,71.91,73.1,71.91,72.37,72.37,72.28,879,75089,5457123,
532486,"POKARNA LTD.",B,STK,897.9,915.3,879.45,900.85,902.85,884.35,149,2663,2375350,
532488,"DIVIS LABORATORIES LTD.",A,STK,6372.55,6449,6332,6349.15,6332,6371.35,997,3654,23407019,
532493,"ASTRA MICROWAVE PRODUCTS LTD.",A,STK,1033.3,1058.6,1020.3,1029,1029,1031.05,771,22972,23916072,
532497,"RADICO KHAITAN LTD.",A,STK,2764.25,2920,2731.25,2895.95,2880,2762.8,4132,32800,93484378,
532500,"MARUTI SUZUKI INDIA LTD.",A,STK,13887.95,13955.55,13442.6,13502.4,13502.4,13870.05,6537,19913,271475408,
532503,"RAJAPALAYAM MILLS LTD.",X,STK,789.95,789.95,761.05,773.45,777.75,755.25,67,2412,1875312,
532504,"NAVIN FLUORINE INTERNATIONAL L",A,STK,6553.4,6615,6301.85,6312.6,6310,6540.15,1344,7913,50831750,
532505,"UCO BANK",A,STK,26.89,27,26.27,26.46,26.46,26.85,2209,582879,15565492,
532507,"B.A.G.FILMS & MEDIA LTD.",B,STK,5.08,5.15,4.85,5,5,5.08,41,2565,12726,
532508,"JINDAL STAINLESS LTD.",A,STK,720.35,747.2,719,735.35,734.35,721.55,1344,24112,17778158,
532509,"SUPRAJIT ENGINEERING LTD.",B,STK,421.4,421.4,414.05,419.7,417,421.3,305,4111,1717557,
532513,"TVS ELECTRONICS LTD.",B,STK,398.95,399.5,379.7,384.55,381.25,388.75,427,5768,2250730,
532514,"INDRAPRASTHA GAS LTD.",A,STK,157.95,166.35,157.9,162.7,162.7,157.65,4556,351910,57236095,
532515,"TV TODAY NETWORK LTD.",B,STK,111.1,115,111.1,112.5,112.5,112.1,90,17531,1976406,
532521,"PALRED TECHNOLOGIES LIMITED",B,STK,29.8,29.8,29.8,29.8,29.8,28.54,1,400,11920,
532522,"PETRONET LNG LTD.",A,STK,291.2,296.5,287.95,289.75,289.95,290.05,1386,68251,19909196,
532523,"BIOCON LTD.",A,STK,395.8,402.75,394.45,395.35,394.45,395.65,2860,140184,56134697,
532524,"PTC INDIA LTD.",A,STK,157.85,161.5,157.25,157.55,157.25,157.9,532,26926,4277861,
532525,"BANK OF MAHARASHTRA",A,STK,69.19,69.19,66.75,67.08,67.08,68.75,3021,850629,57913578,
532527,"RAMKRISHNA FORGINGS LTD.",A,STK,560.05,565.7,550.55,554.3,550.55,559.8,297,4925,2749940,
532528,"DATAMATICS GLOBAL SERVICES LTD",B,STK,694,713.35,688.7,698.35,698.65,694.8,259,4388,3071574,
532529,"NEW DELHI TELEVISION LTD.",B,STK,77.01,78.89,76.56,77,76.66,77.4,209,23960,1866672,
532531,"STRIDES PHARMA SCIENCE LIMITED",A,STK,872.3,904.35,872.3,892.95,892.7,872.2,287,4104,3670959,
532532,"JAIPRAKASH ASSOCIATES LTD.",T,STK,2.54,2.55,2.5,2.53,2.55,2.43,464,610848,1554801,
532538,"ULTRATECH CEMENT LTD.",A,STK,11724.95,11724.95,11435.5,11457.1,11450,11651.55,2936,8510,98256856,
532539,"UNO Minda Limited",A,STK,1115.45,1119,1076.7,1081.4,1081.4,1115.45,2779,29646,32518845,
532540,"TATA CONSULTANCY SERVICES LTD.",A,STK,2513.35,2520.35,2461.5,2465.15,2465.15,2513.4,25508,196083,487125310,
532541,"COFORGE LIMITED",A,STK,1142.85,1159.55,1105,1108.8,1108.8,1139.4,8594,151104,170338159,
532543,"GP PETROLEUMS LTD",B,STK,34.87,34.87,30,31.02,30.92,31.09,105,13039,404630,
532548,"CENTURY PLYBOARDS (I) LTD.",A,STK,689.7,698.2,687.3,688.25,687.3,688.8,186,1423,986574,
532553,"WELSPUN ENTERPRISES LIMTED",A,STK,459.2,483,459.2,480.55,478.2,459.1,282,4459,2117257,
532555,"NTPC LTD.",A,STK,377.3,383.95,376.65,380,380,377.3,14732,420873,160532022,
532604,"S.A.L.STEEL LTD.",T,STK,43,43,42.17,42.17,42.17,43.03,15,305701,13141246,
532605,"JBM AUTO LTD.",A,STK,521.8,531,510.3,511.35,510.5,521.75,519,8926,4646202,
532610,"DWARIKESH SUGAR INDUSTRIES LTD",B,STK,39.78,40.8,39.4,39.56,39.56,39.92,618,55919,2233779,
532612,"INDOCO REMEDIES LTD.",B,STK,198.6,206.9,193.65,194.9,193.65,196.2,66,955,189831,
532613,"VIP Clothing Limited",B,STK,19.07,20.73,18.7,18.9,19.02,18.83,492,110612,2132022,
532614,"IMPEX FERRO TECH LTD.",Z,STK,1.8,1.8,1.77,1.78,1.78,1.75,7,231,413,
532616,"XCHANGING SOLUTIONS LTD.",B,STK,62.1,63.86,60.7,60.84,60.75,62.4,261,27831,1716858,
532621,"MORARJEE TEXTILES LTD.",Z,STK,7.12,7.12,6.94,6.94,6.94,6.8,3,21,149,
532624,"JINDAL PHOTO LTD.",B,STK,1275,1297.7,1223.9,1232.25,1223.9,1265.2,221,916,1154152,
532626,"PONDY OXIDES & CHEMICALS LTD.",B,STK,1099.95,1122,1090.1,1096.15,1103.4,1084.15,523,8318,9234414,
532627,"JAIPRAKASH POWER VENTURES LIMI",A,STK,13.59,13.99,13.52,13.65,13.65,13.52,3460,4172216,57604564,
532628,"3I INFOTECH LTD.",B,STK,13.5,13.74,13.02,13.23,13.23,13.13,430,89163,1199326,
532630,"GOKALDAS EXPORTS LTD.",A,STK,646.95,646.95,610,611.8,610.45,634.4,606,10711,6698136,
532633,"Alldigi Tech Limited",B,STK,777.15,811.85,776.35,811.85,811.85,761.65,64,138,109202,
532636,"IIFL FINANCE LIMITED",A,STK,491.9,491.9,475.1,480.05,480.05,491.9,1146,52670,25531210,
532637,"MANGALAM DRUGS & ORGANICS LTD.",T,STK,31.9,33.5,31.6,31.62,32,33.17,75,10712,347769,
532638,"SHOPPERS STOP LTD.",B,STK,305,313.2,298.4,305.2,312.45,300.75,1694,12692,3881082,
532640,"CYBER MEDIA (INDIA) LTD.",B,STK,13.75,14,13.75,14,14,13.4,28,278,3842,
532641,"NANDAN DENIM LIMITED",B,STK,2.58,2.67,2.48,2.51,2.5,2.48,285,244700,620107,
532642,"JSW HOLDINGS LIMITED",A,STK,16550,16632.75,16005,16126.5,16140,16462.65,133,2723,44210676,
532644,"J.K.CEMENT LTD.",A,STK,5080,5172.4,4989.75,5148.35,5146,5071.3,816,3477,17781298,
532645,"BEEYU OVERSEAS LTD.",X,STK,2.97,2.97,2.83,2.83,2.83,2.5,9,816,2325,
532648,"YES BANK LTD.",A,STK,19.91,20.04,19.46,19.53,19.53,19.91,37214,4951843,97742479,
532649,"NECTAR LIFESCIENCES LTD.",B,STK,11.5,11.85,11.4,11.42,11.42,11.29,74,33069,387267,
532650,"MSP STEEL & POWER LTD.",B,STK,31.88,32.6,31.42,31.91,31.88,31.52,769,128130,4114214,
532651,"SPL INDUSTRIES LTD.",B,STK,27.51,29.97,27.01,27.01,27.01,26.9,42,14894,418124,
532652,"KARNATAKA BANK LTD.",A,STK,221.45,232.85,220.9,228.45,228.45,221.35,6926,544150,124805157,
532654,"MCLEOD RUSSEL INDIA LTD.",B,STK,40.83,41.45,39.3,39.82,39.3,39.98,1114,95273,3827926,
532656,"FACOR ALLOYS LTD.",X,STK,2.42,2.5,2.37,2.39,2.4,2.41,182,100559,243458,
532660,"VIVIMED LABS LTD.",B,STK,6.98,7.29,6.98,7.1,7.1,6.95,91,13128,94275,
532661,"RANE (MADRAS) LTD.",B,STK,834.95,834.95,814.7,817.05,829,822.8,28,132,108222,
532662,"HT MEDIA LTD.",B,STK,20.87,20.99,20.46,20.7,20.85,20.87,207,33522,694773,
532663,"Sasken Technologies Limited",B,STK,1147.4,1147.4,1075,1085.4,1080.9,1136.85,202,2013,2219312,
532666,"FCS SOFTWARE SOLUTIONS LTD.",B,STK,1.48,1.57,1.48,1.49,1.48,1.49,390,431288,658471,
532667,"SUZLON ENERGY LTD.",A,STK,41.61,42.05,41.4,41.61,41.61,41.47,27854,5830655,243101511,
532668,"AURIONPRO SOLUTIONS LTD.",A,STK,861.05,914.4,861.05,888.1,888.1,857.85,906,10007,8955611,
532670,"SHREE RENUKA SUGARS LTD.",A,STK,25.06,25.65,24.5,24.69,24.69,25.07,1417,427826,10709009,
532673,"K.M.SUGAR MILLS LTD.",B,STK,25.45,26.4,25.45,25.75,25.75,25.69,81,6397,165008,
532674,"BANNARI AMMAN SPINNING MILLS L",B,STK,20.95,21.5,20.6,20.97,20.65,20.73,121,17874,374129,
532676,"PBA INFRASTRUCTURE LTD.",X,STK,8.99,9,8.45,8.53,8.53,8.52,26,1131,9734,
532683,"AIA ENGINEERING LTD.",A,STK,3784.45,3784.5,3666,3735.25,3715,3784.45,375,1084,4035856,
532684,"EVEREST KANTO CYLINDER LTD.",B,STK,104.45,113.95,104.45,111.65,108.3,105.2,755,51460,5710087,
532686,"KERNEX MICROSYSTEMS (INDIA) LT",B,STK,1018.05,1029.9,992,995.25,1005,1021.3,545,88716,90861663,
532687,"REPRO INDIA LTD.",B,STK,386.15,388.25,375,377.6,379.5,381.35,92,300,114361,
532689,"PVR INOX LIMITED",A,STK,1044.85,1057.5,1023.3,1027.7,1027.7,1045.6,1868,21721,22586994,
532694,"BARTRONICS INDIA LTD.",B,STK,9.55,9.67,8.78,8.85,8.85,9.3,1056,1320459,12299593,
532695,"CELEBRITY FASHIONS LTD.",B,STK,7.95,8.29,7.68,8.06,8.17,8.29,58,2066,16517,
532698,"NITIN SPINNERS LTD.",B,STK,358.5,363.3,355.3,360.75,357.6,358.4,149,3388,1216685,
532699,"ROYAL ORCHID HOTELS LTD.",B,STK,334.15,336.45,321.9,327.15,327,328.2,173,2408,787901,
532700,"ENTERTAINMENT NETWORK (INDIA)",B,STK,106.7,107.45,104.3,106.1,104.3,105.9,25,437,46492,
532701,"CELLA SPACE LIMITED",Z,STK,13.23,13.89,13,13.6,13.6,13.23,31,11457,156630,
532702,"GUJARAT STATE PETRONET LTD.",A,STK,273.7,307,273.7,285.6,283.5,274.6,2379,175281,51108358,
532705,"JAGRAN PRAKASHAN LTD.",B,STK,63.97,64.21,63.41,63.44,63.41,63.88,124,8961,570773,
532707,"DYNEMIC PRODUCTS LTD.",B,STK,223.35,223.4,210.15,215,211,222.35,160,3047,661918,
532708,"GVK POWER & INFRASTRUCTURE LTD",T,STK,2.71,2.73,2.65,2.73,2.73,2.68,74,79746,215102,
532710,"SADBHAV ENGINEERING LTD.",T,STK,9.15,9.27,8.41,8.83,8.83,8.83,145,122505,1116016,
532712,"RELIANCE COMMUNICATIONS LTD.",T,STK,0.93,0.94,0.93,0.94,0.94,0.9,713,2865402,2689500,
532713,"SAKUMA EXPORTS LTD.",B,STK,1.7,1.7,1.62,1.63,1.64,1.65,212,136714,224005,
532714,"KEC INTERNATIONAL LTD.",A,STK,543,557.05,539.3,547.8,547.8,537.2,1016,29776,16385918,
532716,"GILLANDERS ARBUTHNOT & CO.LTD.",B,STK,82.28,83.24,82,83,83,85.74,28,1004,83212,
532717,"INDO TECH TRANSFORMERS LTD.",B,STK,1386.85,1425,1362,1376.45,1368,1384.5,196,1468,2039585,
532719,"B.L.KASHYAP AND SONS LTD.",B,STK,51.1,53.5,51.1,52.05,52.23,51.35,210,23138,1220481,
532720,"MAHINDRA & MAHINDRA FINANCIAL",A,STK,361.05,361.7,352.05,353.45,352.1,360.6,531,20741,7401137,
532721,"VISA STEEL LTD.",B,STK,35.56,35.56,34.94,34.96,34.96,34.71,4,19,665,
532722,"NITCO LTD.",B,STK,69.9,71.92,68.35,68.91,69.4,69.82,84,8936,633451,
532725,"SOLAR INDUSTRIES INDIA LTD.",A,STK,14725.95,14845.95,14317.55,14513.6,14513.6,14706.65,2146,10887,157982803,
532726,"GALLANTT ISPAT LIMITED",B,STK,542.8,542.8,517.5,526.9,525.1,534.45,92,1195,636817,
532728,"MALU PAPER MILLS LTD.",B,STK,31.65,31.95,31.65,31.8,31.95,30.57,76,1074,34151,
532729,"UTTAM SUGAR MILLS LTD.",B,STK,203.9,209.85,198.8,200.45,198.8,202.2,197,37953,7691949,
532730,"STL GLOBAL LTD.",B,STK,11.29,11.29,11.29,11.29,11.29,11,2,32,361,
532732,"KEWAL KIRAN CLOTHING LTD.",B,STK,473.8,492.2,468,480.95,475.3,472.05,86,368,176003,
532733,"SUN TV NETWORK LTD.",A,STK,583.85,591.35,576,577.9,576,579.55,529,8937,5230583,
532734,"GODAWARI POWER & ISPAT LTD.",A,STK,253.65,259.7,253,253.95,254.75,253.65,833,55414,14216592,
532735,"R SYSTEMS INTERNATIONAL LTD.",B,STK,314.5,325.25,295.5,301.95,304,331.1,20765,1787709,559986646,
532737,"EMKAY GLOBAL FINANCIAL SERVICE",B,STK,244.45,244.45,218,218.4,218,222.4,70,224,50056,
532738,"TwamevConstruction and Infrast",B,STK,25.08,26.1,24.66,26.09,26.1,25.19,236,65413,1676649,
532740,"LOKESH MACHINES LTD.",B,STK,223,223,200.4,210.2,209.95,216,371,7987,1671164,
532741,"Kamdhenu Limited",B,STK,23.74,23.74,22.4,22.54,22.41,22.86,177,37506,862962,
532742,"PAUSHAK LTD.",B,STK,421.25,430.05,414.75,415.35,415.05,415.4,162,10066,4272481,
532744,"GTN TEXTILES LTD.",XT,STK,8.61,8.61,8.21,8.61,8.61,8.61,12,920,7735,
532748,"PRIME FOCUS LTD.",B,STK,280.15,283,272.8,275.35,275.35,280.05,1087,159234,44541782,
532749,"ALLCARGO LOGISTICS LTD.",B,STK,8.06,8.06,7.82,7.87,7.87,8.03,842,583108,4629463,
532754,"GMR Airports Limited",A,STK,95.95,97.15,93.55,93.85,93.85,95.5,1076,154153,14664673,
532755,"TECH MAHINDRA LTD.",A,STK,1345,1355.65,1331,1333.95,1333.95,1336.4,6645,33921,45582973,
532756,"CIE Automotive India Limited",A,STK,471.3,475.2,463.2,470.55,465.6,462.05,579,10066,4728829,
532757,"VOLTAMP TRANSFORMERS LTD.",A,STK,8816.15,8844.95,8483.35,8528.5,8483.35,8703.6,394,1069,9299203,
532759,"ATLANTAA LIMITED",B,STK,38.65,39.13,37,37.18,37,38.65,179,7756,290208,
532761,"HANDSON GLOBAL MANAGEMENT (HGM",B,STK,58.99,58.99,50.27,50.27,50.27,51,5,233,13579,
532762,"ACTION CONSTRUCTION EQUIPMENT",A,STK,859.8,879.55,850,852.6,852.6,859.75,1207,17957,15447595,
532764,"GEECEE VENTURES LIMITED",B,STK,270.65,280.55,265.7,269.65,270,275.25,40,151,41305,
532768,"FIEM INDUSTRIES LTD.",B,STK,2134.75,2151.55,2093,2111.8,2109.15,2140.55,371,2496,5301187,
532771,"JHS SVENDGAARD LABORATORIES LT",B,STK,10.8,10.8,9.11,9.3,9.5,9.08,187,31754,296314,
532772,"DCB BANK LIMITED",A,STK,173.2,177.75,171,171.75,171.75,174.6,421,16409,2861168,
532773,"GLOBAL VECTRA HELICORP LTD.",B,STK,164.7,165.4,162.6,163.95,164.7,165.7,70,545,89387,
532774,"Inspirisys Solutions Limited",T,STK,78.68,81,77,77.11,80.92,77.4,15,1281,99184,
532775,"GTL INFRASTRUCTURE LTD.",B,STK,1.08,1.11,1.08,1.1,1.1,1.08,10881,3558403,3913908,
532776,"SHIVAM AUTOTECH LTD.",B,STK,17.22,17.3,16.87,16.87,16.87,17,32,1025,17498,
532777,"INFO EDGE (INDIA) LTD.",A,STK,976.7,978.1,951.6,957.4,957.4,976.6,1501,69539,66662383,
532779,"TORRENT POWER LTD.",A,STK,1443.4,1477.4,1434.9,1438.85,1438.85,1453.15,1232,10204,14833450,
532780,"PARSVNATH DEVELOPERS LTD.",B,STK,6.94,7.24,6.94,7.1,7.1,7.01,74,17281,122480,
532783,"LT FOODS LTD.",A,STK,377.7,395.7,377.55,382.4,381.55,377.65,2300,141020,54601847,
532784,SOBHA,A,STK,1326.2,1360.3,1323.4,1355.55,1353.5,1326.1,736,8705,11684568,
532785,"RUCHIRA PAPERS LTD.",B,STK,104.5,104.5,103.95,104.05,104.05,102.95,18,313,32627,
532790,"TANLA PLATFORMS LIMITED",A,STK,440.1,454,436.5,438.75,438.6,437.6,850,28816,12814260,
532794,"ZEE MEDIA CORPORATION LIMITED",T,STK,8.22,8.22,8,8.06,8,8.09,163,258193,2078658,
532795,"Siti Networks Ltd.",Z,STK,0.49,0.49,0.49,0.49,0.49,0.49,39,16080,7879,
532796,"LUMAX AUTO TECHNOLOGIES LTD.",A,STK,1510.25,1526.8,1455.95,1469.55,1460,1505.25,1322,24214,35810771,
532797,"AUTOLINE INDUSTRIES LTD.",B,STK,69.7,70.02,67,67.43,67.2,69.47,160,5632,387187,
532798,"NETWORK18 MEDIA & INVESTMENTS",A,STK,32.81,33.47,32.32,32.59,32.32,32.81,566,229264,7585045,
532799,"HUBTOWN LTD.",B,STK,220.05,224.8,211.35,212.3,213.35,217.25,377,16030,3494890,
532801,"CAMBRIDGE TECHNOLOGY ENTERPRIS",B,STK,27.78,27.78,26.61,26.8,26.61,25.46,64,10693,289653,
532804,"TECHNOCRAFT INDUSTRIES (INDIA)",B,STK,2137.4,2164.8,2070.9,2085.1,2072,2112.45,129,681,1442899,
532805,"Redington Limited",A,STK,259.6,259.95,246.3,247.4,247.4,258.9,6604,505273,127117190,
532806,"AI CHAMPDANY INDUSTRIES LTD.",X,STK,25.99,25.99,24.55,25.91,25.91,25.89,37,1247,32003,
532807,"CINELINE INDIA LIMITED",B,STK,85.08,86.99,84.51,86.08,86.18,85.08,23,695,59606,
532808,"PEARL GLOBAL INDUSTRIES LIMITE",A,STK,1512.3,1539,1482.15,1488.6,1485.45,1512.2,119,693,1053008,
532809,"FIRSTSOURCE SOLUTIONS LTD.",A,STK,213,222,210.5,217.9,217.75,213.6,1406,67407,14625417,
532810,"POWER FINANCE CORPORATION LTD.",A,STK,409.8,416.9,405.7,406.8,406.8,412.25,5475,277391,114239987,
532811,"AHLUWALIA CONTRACTS (INDIA) LT",B,STK,759,775.85,758,770.6,775,762.15,394,3046,2330199,
532812,"TRANSWARRANTY FINANCE LTD.",B,STK,13.08,13.21,12.6,12.6,12.6,13.08,4,210,2755,
532814,"INDIAN BANK",A,STK,929.7,934.9,912,918.05,918.05,930.7,2298,45158,41820121,
532815,"SMS PHARMACEUTICALS LTD.",B,STK,421.45,433.8,411.15,412.85,415.55,420.2,1068,29954,12718770,
532817,"ORIENTAL TRIMEX LTD.",B,STK,5.57,6.2,5.57,6.1,6.1,5.98,118,14512,88014,
532820,"E-Land Apparel Limited",XT,STK,12.95,13.86,12.95,13.26,13.25,13.2,29,31170,413336,
532822,"VODAFONE IDEA  LIMITED",A,STK,10,10.11,9.62,9.71,9.71,10,33098,21540051,213027114,
532825,"JAGJANANI TEXTILES LTD.",X,STK,3.7,4.14,3.7,4,4,4.2,52,113778,455055,
532826,"RAJ TELEVISION NETWORK LTD.",B,STK,39.3,39.3,39.3,39.3,39.3,40,3,50,1965,
532827,"PAGE INDUSTRIES LTD.",A,STK,31500.85,32000,31466.15,31577.95,31620,31623.55,244,409,12970197,
532828,"AMD INDUSTRIES LTD.",B,STK,39,39.02,38.1,38.86,38.86,38.21,52,378,14718,
532829,"LEHAR FOOTWEARS LIMITED",X,STK,228,228,224.5,226.1,226.1,226.2,184,17308,3908150,
532830,"ASTRAL LIMITED",A,STK,1686.45,1767.95,1680,1746.25,1746.25,1660.2,7238,84410,145194330,
532832,"EMBASSY DEVELOPMENTS LIMITED",T,STK,55.58,56.48,54.5,55.09,55.09,55.17,541,52983,2934570,
532834,"Camlin Fine Sciences Ltd",A,STK,138.8,143.2,138.8,142.75,142.5,138,220,36652,5219969,
532835,"ICRA LTD.",B,STK,5505.3,5525,5401.05,5440.75,5410,5478.95,19,61,332337,
532839,"DISH TV INDIA LTD.",B,STK,2.61,2.66,2.55,2.59,2.59,2.6,365,337765,880247,
532841,"SAHYADRI INDUSTRIES LTD.",B,STK,240.15,243,237.25,239,238,240.15,8,18,4302,
532842,"SREE RAYALASEEMA HI-STRENGTH H",B,STK,443.6,443.6,430,430,430,430.05,13,268,115447,
532843,"FORTIS HEALTHCARE LTD.",A,STK,882.85,887.8,873.6,880.5,875.2,881.15,2174,34852,30741458,
532845,"TGB BANQUETS AND HOTELS LTD.",B,STK,8.7,9.9,8.7,8.92,8.92,8.97,13,3492,31423,
532847,"HILTON METAL FORGING LTD.",B,STK,16.92,17.1,16.65,16.86,16.95,16.87,95,17987,303858,
532848,"DELTA CORP LTD.",A,STK,56.01,58.1,56.01,56.95,56.95,56.44,595,45943,2634159,
532850,"MIC ELECTRONICS LTD.",B,STK,34.53,36.29,34.53,34.86,34.85,34.8,681,91154,3243162,
532851,"INSECTICIDES (INDIA) LTD.",B,STK,591.4,601,575,577.55,575,591.35,189,1645,967001,
532853,"ASAHI SONGWON COLORS LTD.",B,STK,217.2,217.2,195.9,196.05,196.8,214.05,112,3086,619872,
532855,"HARYANA CAPFIN LTD.",X,STK,148.65,152,132,134.65,141.1,136.5,85,5032,702058,
532856,"TIME TECHNOPLAST LTD.",A,STK,171,180.4,170.7,171.75,174.85,170.95,1140,64596,11362300,
532859,"HINDUJA GLOBAL SOLUTIONS LTD.",B,STK,378,390.2,378,379.8,381.65,378.95,361,46758,17888257,
532864,"NELCAST LTD.",B,STK,122.1,123.2,119.5,120.35,120.8,120.95,209,4932,596586,
532867,"V2 RETAIL LTD.",B,STK,1954.3,1987.95,1948.8,1965.8,1963,1954.1,210,1063,2087975,
532868,"DLF LTD.",A,STK,584,595,571.35,572.95,572.95,584.15,1758,75155,44053311,
532869,"TARMAT LTD.",T,STK,55.4,56,55.3,55.3,55.3,58.21,38,6133,341927,
532870,"ANKIT METAL & POWER LTD.",Z,STK,1.69,1.69,1.62,1.62,1.62,1.7,26,6894,11250,
532872,"SUN PHARMA ADVANCED RESEARCH C",B,STK,124.2,128.4,123.7,125.2,125.35,124.2,565,27994,3522793,
532875,"ALLIED DIGITAL SERVICES LTD.",B,STK,102.1,109.65,102.1,105.3,105.7,106.55,288,10903,1170246,
532878,"ALPA LABORATORIES LTD.",B,STK,63.63,67,61.96,64.67,65,62.9,116,7715,490753,
532880,"OMAXE LTD.",B,STK,74.05,77.23,74.05,74.88,74.88,75.23,64,3477,265163,
532884,"REFEX INDUSTRIES LTD.",A,STK,212,218.4,210,210,210,210.15,775,46898,9964765,
532885,"CENTRAL BANK OF INDIA",A,STK,36.9,37.14,36.5,36.58,36.58,36.75,2339,646094,23769110,
532886,"SEL MANUFACTURING COMPANY LTD.",B,STK,30.96,31.5,29.6,30.35,30.35,30.96,49,22596,686816,
532888,"ASIAN GRANITO INDIA LTD.",B,STK,67.61,68.03,65.55,66.06,66.15,66.98,453,79750,5356073,
532889,"K.P.R.MILL LIMITED",A,STK,840.25,840.25,802,810.45,810.45,833.15,1531,23865,19472200,
532890,"TAKE SOLUTIONS LTD.",T,STK,37.84,39.73,37.46,39.73,39.73,37.84,470,131714,5225401,
532891,"Puravankara Limited",B,STK,193.15,198,191.25,194.55,194.55,192.15,286,14505,2813898,
532892,"MOTILAL OSWAL FINANCIAL SERVIC",A,STK,721.2,724.75,697,699.05,698.25,716,2586,54580,38583651,
532893,"VTM LTD.",X,STK,83.8,85.98,81.5,84.13,83.99,82.28,238,43694,3684628,
532894,"INDOWIND ENERGY LTD.",B,STK,9.16,9.16,8.5,8.59,8.5,8.89,399,46479,404819,
532895,"NAGREEKA CAPITAL & INFRASTRUCT",B,STK,24.62,25.51,23.54,25.51,25.51,26,35,16196,399891,
532896,"MAGNUM VENTURES LTD.",B,STK,19.6,19.6,19.5,19.5,19.5,18.62,6,6001,117344,
532898,"POWER GRID CORPORATION OF INDI",A,STK,298.95,302.95,298.2,298.8,298.2,298.45,12357,354908,106577153,
532899,"KAVERI SEED COMPANY LTD.",A,STK,807,819.8,788.25,800.1,802.1,806.95,753,33939,27142384,
532900,"PAISALO DIGITAL LIMITED",A,STK,33.03,33.17,32.4,32.86,32.45,32.97,276,88515,2910329,
532902,"CONSOLIDATED CONSTRUCTION CONS",B,STK,14.62,16.39,14.62,15.87,16,15.85,111,28039,442534,
532904,"SUPREME INFRASTRUCTURE INDIA L",Z,STK,76,76.69,73.5,76.69,76.69,77.35,6,52,3902,
532906,"MAAN ALUMINIUM LTD.",T,STK,132.8,132.8,127.1,130.35,130.3,130.75,40,4995,645711,
532907,"IL&FS ENGINEERING AND CONSTRUC",Z,STK,23.56,23.56,23.56,23.56,23.56,24.8,8,1118,26340,
532911,"PARLE INDUSTRIES LIMITED",X,STK,6.69,6.69,6.4,6.52,6.55,6.5,364,116681,766409,
532915,"RELIGARE ENTERPRISES LTD.",A,STK,221.3,226.75,215.9,220.1,220.2,221.3,415,25866,5751706,
532916,"BARAK VALLEY CEMENTS LTD.",B,STK,42.92,42.92,39.58,39.59,39.59,39.03,35,2814,113507,
532918,"RATHI BARS LTD.",X,STK,23.11,23.85,22.78,22.97,23.29,23.05,54,5866,135455,
532921,"ADANI PORTS AND SPECIAL ECONOM",A,STK,1424.1,1454.6,1405.45,1410.7,1410.7,1424.1,10477,103741,148861939,
532922,"EDELWEISS FINANCIAL SERVICES L",A,STK,110,114.3,108.15,108.6,108.5,109.45,1684,182577,20338969,
532923,"RENAISSANCE GLOBAL LIMITED",B,STK,106.55,107.8,102,103.75,103.75,105.95,751,68804,7247271,
532924,"KOLTE-PATIL DEVELOPERS LTD.",B,STK,326.95,337.05,326.95,336,331.8,330.7,95,4539,1517905,
532925,"KAUSHALYA INFRASTRUCTURE DEVEL",B,STK,835,875,816.05,875,875,859,17,17,14181,
532926,"JYOTHY LABS LIMITED",A,STK,239.9,241.05,236.2,236.6,236.6,239.85,740,11870,2826708,
532927,"ECLERX SERVICES LTD.",A,STK,3170.8,3284.35,3106,3115,3118.9,3139.35,1122,5930,18937337,
532928,"TRANSFORMERS AND RECTIFIERS (I",A,STK,291.4,295.75,286.6,289.25,289.25,288.85,1928,119601,34756575,
532929,"BRIGADE ENTERPRISES LTD.",A,STK,682.3,689.4,668.1,672.45,672.45,671.7,1139,21150,14376460,
532930,"BGR ENERGY SYSTEMS LTD.",T,STK,339.2,346.9,332,339.35,332.3,339.2,100,4245,1436339,
532932,"MANAKSIA LTD.",B,STK,56.15,57.68,55.52,56.27,56.04,55.56,38,782,43881,
532933,"PORWAL AUTO COMPONENTS LTD.",X,STK,51.99,51.99,47.41,49.85,49.85,49.62,136,22991,1128715,
532934,PPAP,B,STK,204.65,205.6,201.1,201.3,201.25,204.65,20,223,45125,
532935,"ARIES AGRO LTD.",B,STK,345.4,346.6,341.8,345.65,345.5,345.4,56,1007,347766,
532937,"KUANTUM PAPERS LTD.",B,STK,82.54,83.07,81.75,82.49,81.75,82.89,155,3093,255326,
532939,"RELIANCE POWER LTD.",A,STK,22.7,23.7,22.6,22.86,22.86,22.72,8344,4088870,94945802,
532940,"J.KUMAR INFRAPROJECTS LTD.",A,STK,500.95,520,500.95,505.1,504,501,292,4174,2126577,
532941,"CORDS CABLE INDUSTRIES LTD.",B,STK,163.35,163.55,158.6,158.7,158.75,160.2,80,592,95487,
532942,"KNR CONSTRUCTIONS LTD.",A,STK,124.85,130.05,124,126.2,125.8,123.8,1164,113999,14540026,
532944,ONMOBILE,B,STK,48.25,52,48.25,51.09,50.9,49.34,119,26509,1353174,
532945,"SEPC LIMITED",B,STK,6.4,6.93,6.4,6.53,6.53,6.4,1281,2407492,16050358,
532946,"BANG OVERSEAS LTD.",B,STK,36.58,37.94,35,37.5,37.5,36.59,22,127,4687,
532947,"IRB INFRASTRUCTURE DEVELOPERS",A,STK,41.85,42.45,41.7,42.1,42.1,41.94,3147,519824,21928635,
532951,"GSS INFOTECH LTD.",B,STK,13.94,13.94,12.04,12.26,12.23,12.41,88,4365,53072,
532952,"NAHAR CAPITAL & FINANCIAL SERV",B,STK,226.95,228,220.05,220.05,220.05,220.45,367,13380,2986253,
532953,"V-GUARD INDUSTRIES LTD.",A,STK,311.15,326,311.15,315.1,312.4,316.3,388,10907,3483232,
532955,"REC LIMITED",A,STK,335.75,340.75,331.35,332.7,332.7,334.6,5881,296810,99904447,
532957,"GOKAK TEXTILES LTD.",XT,STK,65.3,65.3,64,64,64,65.3,7,222,14483,
532966,"TITAGARH RAIL SYSTEMS LIMITED",A,STK,666.25,676,653.7,655.6,655.6,663.9,2217,43122,28594760,
532967,"KIRI INDUSTRIES LTD.",A,STK,401.3,408.95,391.55,396.3,391.55,400.45,352,38406,15460367,
532974,"ADITYA BIRLA MONEY LTD.",B,STK,131,131,122.05,122.5,122.5,123.35,69,1238,154715,
532975,"TELOGICA LIMITED",X,STK,9.99,9.99,9.1,9.23,9.58,9.64,30,6854,63939,
532976,"JAI BALAJI INDUSTRIES LTD.",A,STK,59.85,71.39,59.85,67.46,67.46,60.89,2968,917797,63076156,
532977,"BAJAJ AUTO LTD.",A,STK,9537.05,9660.1,9275,9330.95,9322.25,9606.55,2686,8744,82764277,
532978,"BAJAJ FINSERV LTD.",A,STK,1864.95,1875.9,1791.1,1794.25,1794.25,1867.95,11691,60961,110436518,
532980,"GOKUL REFOILS & SOLVENT LTD.",B,STK,40.5,42.4,40.5,41.5,41.5,40.4,12,772,32141,
532983,"RPG LIFE SCIENCES LTD.",B,STK,1904.3,1924,1889.05,1889.05,1889.05,1904.25,22,132,252212,
532985,"KOTAK MAHINDRA MUTUAL FUND",A,STK,84.86,85.62,83.73,84.07,85.4,85.86,190,17441,1471353,
532986,"NIRAJ CEMENT STRUCTURALS LTD.",B,STK,28.52,28.71,26.5,26.85,27.03,27.26,65,1520,42092,
532989,"BAFNA PHARMACEUTICALS LTD.",B,STK,105.4,111.7,105.4,105.55,105.55,106.5,36,613,65257,
532993,"SEJAL GLASS LIMITED",B,STK,522.95,529.55,507.9,529.55,529.55,504.35,32,1473,779156,
532994,"ARCHIDPLY INDUSTRIES LTD.",B,STK,83,83,77,77,77,77.4,14,223,17960,
532998,"Lotus Eye Hospital And Institu",B,STK,108.4,108.4,107.9,107.9,107.9,108.4,6,16,1731,
533001,"SOMI CONVEYOR BELTINGS LTD.",B,STK,102.6,102.6,97.5,100.85,100.85,101.2,21,15046,1522949,
533007,"LGB FORGE LTD.",X,STK,6.3,6.7,6.3,6.42,6.39,6.56,210,104856,679643,
533012,"LANDMARK PROPERTY DEVELOPMENT",B,STK,6.5,6.5,5.7,5.79,5.82,5.8,44,3096,18586,
533014,"SICAGEN INDIA LTD.",X,STK,52.73,52.89,51.31,52,52.4,52.21,49,10027,521395,
533019,"SIMPLEX PAPERS LTD.",X,STK,1488.4,1488.4,1488.4,1488.4,1488.4,1417.55,2,2,2976,
533022,"20 MICRONS LTD.",B,STK,167.4,169.7,165,165.45,166.5,167.45,100,4025,673292,
533023,"ZF Commercial Vehicle Control",A,STK,14439.2,14439.2,13916,13959.25,13974,13978.65,51,63,880750,
533029,"ALKALI METALS LTD.",B,STK,61.71,62.24,60,61,61,60.06,23,1755,108279,
533033,"ISGEC HEAVY ENGINEERING LTD.",A,STK,915.6,998.5,915.6,949.75,953,940.95,825,9590,9258295,
533047,"INDIAN METALS & FERRO ALLOYS L",B,STK,1224.9,1245.65,1224,1229.55,1232.55,1224.9,380,4574,5643040,
533048,"Teamo Productions HQ Limited",B,STK,0.54,0.55,0.53,0.54,0.54,0.54,104,207813,111762,
533056,"VEDAVAAG SYSTEMS LTD.",X,STK,19.46,19.92,19,19.18,19.34,19.46,112,22713,442828,
533080,"MOLD-TEK PACKAGING LIMITED",B,STK,532,541,524,526.15,524,537.9,248,2385,1268322,
533088,"MAHINDRA HOLIDAYS & RESORTS IN",B,STK,272.6,273.95,266.5,268.15,268.35,272.5,323,4468,1208852,
533090,"EXCEL REALTY N INFRA LTD.",B,STK,1.1,1.2,1.08,1.19,1.2,1.1,719,4765876,5588787,
533093,"RAJ OIL MILLS LTD.",B,STK,44.8,47.3,44.8,45.55,45.55,44.59,15,9508,435689,
533095,"BENGAL & ASSAM COMPANY LTD.",B,STK,5960,5960,5862.35,5901.95,5909,5897.6,138,1083,6391805,
533096,"ADANI POWER LTD.",A,STK,139.35,142,138.65,138.85,138.85,138.95,10545,1336217,187314600,
533098,"NHPC LTD.",A,STK,73.08,74.6,73,73.42,73.42,73.04,5152,1319510,97666075,
533100,"PREMIER ENERGY AND INFRASTRUCT",X,STK,7,7,6.84,6.84,6.84,7.2,39,31480,216896,
533101,"SURYAAMBA SPINNING MILLS LTD.",X,STK,121.3,128,121.15,123.05,121.8,126.05,26,1032,128072,
533104,"GLOBUS SPIRITS LTD.",B,STK,856,873.95,841.9,847.05,869,858.8,174,1517,1304520,
533106,"OIL INDIA LTD.",A,STK,470.5,484.2,465.65,482.7,482.7,470.6,8573,476936,227408901,
533107,"SWAN DEFENCE AND HEAVY INDUSTR",T,STK,2012.05,2182.75,2001,2176.5,2176.5,2078.85,256,5418,11653694,
533108,"BHILWARA TECHNICAL TEXTILES LT",X,STK,36.5,36.5,33.2,34.14,34.1,35.01,85,24707,848851,
533110,"SHREE PRECOATED STEELS LTD.",X,STK,10.84,11,10.84,11,11,11.05,7,440,4824,
533121,"EXPLEO SOLUTIONS LIMITED",B,STK,776.15,797.85,753.2,756.25,754.25,776.2,194,1212,932208,
533122,"RATTANINDIA POWER LTD.",A,STK,8.03,8.29,8.02,8.09,8.09,8.06,12742,1994025,16333866,
533137,"DEN NETWORKS LTD",B,STK,26.02,27.5,26.02,26.75,26.97,27.19,167,29254,780630,
533138,"ASTEC LIFESCIENCES LIMITED",B,STK,635.7,636.6,625.15,625.15,625.15,631.05,65,578,363957,
533146,"D-LINK (INDIA) LTD",B,STK,409.5,414.7,396.45,399.25,399.5,409.65,262,5127,2084912,
533148,"JSW ENERGY LTD",A,STK,486.9,498.6,486.25,487.7,487.7,488.85,3369,65382,32261966,
533149,"Yunik Managing Advisors Limite",X,STK,7,7.9,7,7.89,7.89,6.93,8,811,5678,
533150,"GODREJ PROPERTIES LTD",A,STK,1680.85,1696.5,1645,1650.15,1650.15,1678,1705,111810,187610859,
533151,"D B CORP LTD",B,STK,211.1,216,208.15,210.3,210,210.95,95,1363,287742,
533152,"MBL Infrastructure Ltd",B,STK,25.2,25.66,24.75,25.16,25.15,24.97,104,144658,3639839,
533155,"JUBILANT FOODWORKS LTD",A,STK,480,483.75,470.9,472.45,472.45,481.45,1349,82568,39251724,
533156,"VASCON ENGINEERS LTD",B,STK,34.05,35.49,33.98,34.12,34.2,34.55,583,107888,3729458,
533158,"THANGAMAYIL JEWELLERY LTD",A,STK,3719.7,3769,3521,3538.65,3538.65,3718.85,762,4892,17657792,
533160,"VALOR ESTATE LIMITED",A,STK,103,105.8,100.85,101.3,101.6,103.45,725,290372,29611430,
533161,"EMMBI INDUSTRIES LTD",B,STK,83.5,83.5,82.1,83,83,83.99,21,1715,142332,
533162,"HATHWAY CABLE & DATACOM LTD",B,STK,10.1,10.3,10.01,10.08,10.08,10.12,468,335203,3409127,
533164,"TEXMO PIPES & PRODUCTS LTD.",B,STK,44.5,46,44.1,44.43,44.6,42.35,125,20205,909018,
533166,"SUNDARAM MULTI PAP LTD.",B,STK,1.36,1.43,1.26,1.28,1.27,1.36,215,123637,164313,
533167,"COROMANDEL ENGINEERING COMPANY",XT,STK,69.28,72.7,67.1,69.97,72.7,70,50,12835,894792,
533168,"ROSSELL INDIA LTD.",B,STK,44,46.49,44,45.51,45.5,46.19,18,120,5502,
533169,"MAN INFRACONSTRUCTION LTD.",A,STK,98.65,102.4,98,98.6,98.6,99.8,471,28203,2837056,
533170,"TAMBOLI INDUSTRIES LIMITED",X,STK,145,147,144,144.15,144,144.3,26,1317,191561,
533172,"INVESCO India Gold Exchange Tr",E,STK,14049,14049,13762,13922.8,13922.8,13912.5,9,31,428935,
533177,"IL&FS TRANSPORTATION NETWORKS",Z,STK,2.37,2.37,2.29,2.33,2.33,2.37,17,10501,24143,
533179,"PERSISTENT SYSTEMS LTD.",A,STK,4878.15,4891.3,4731.65,4744.65,4736.85,4822,1882,13866,66447681,
533181,"INTRASOFT TECHNOLOGIES LTD.",B,STK,69.5,74.06,69.1,70.67,70.6,69,132,40202,2885867,
533192,"KCP SUGAR & INDUSTRIES CORPORA",B,STK,23.11,24,22.81,23.54,23.58,23.02,176,12423,291778,
533193,"KIRLOSKAR ELECTRIC COMPANY LTD",B,STK,83.55,85.66,82.01,82.9,82.81,83.47,149,10379,874841,
533202,"SATCHMO HOLDINGS LIMITED",X,STK,3.53,3.6,3.44,3.5,3.54,3.52,87,46875,163165,
533203,"TARAPUR TRANSFORMERS LTD",B,STK,24.2,24.63,24,24.63,24.63,23.46,11,3027,73578,
533206,"SJVN LTD",A,STK,70.02,71.87,69.9,70.49,70.49,69.99,3597,474832,33710032,
533208,"EMAMI PAPER MILLS LTD.",B,STK,76.2,77.79,75.25,76.65,76.92,75.98,125,1306,100150,
533210,"KRITI NUTRIENTS LTD",B,STK,63.52,66,63.42,64.93,64.44,63.52,41,1375,89273,
533212,"GKB OPHTHALMICS LTD.",X,STK,59.38,60,56,56.09,57,59.09,40,3597,202754,
533217,"HINDUSTAN MEDIA VENTURES LTD.",B,STK,61.65,64.8,61.65,64.69,64.69,61.5,9,605,39020,
533218,"EMAMI REALTY LIMITED",B,STK,60.6,61.01,58.75,59.09,58.75,60.27,30,19299,1172095,
533227,"ASIAN HOTELS (EAST) LTD.",B,STK,160.25,160.25,159.9,159.9,159.9,158.4,7,13,2080,
533229,"BAJAJ CONSUMER CARE LIMITED",B,STK,375.1,381,355.3,357.75,358.3,374.35,844,17517,6424219,
533230,"HDFC MUTUAL FUND - HDFC GOLD E",E,STK,136.03,137.7,136.03,137.25,137.25,136.41,1572,172100,23582535,
533239,"PRAKASH STEELAGE LTD.",B,STK,4.3,4.3,4.14,4.16,4.16,4.22,40,12399,51678,
533244,"ICICI Prudential Gold ETF",E,STK,139.91,139.91,136.9,137.35,137.4,136.98,2566,253659,34851852,
533248,"GUJARAT PIPAVAV PORT LTD.",A,STK,162.5,164.25,159.25,159.75,159.75,161.7,929,68727,11196121,
533252,"WELSPUN INVESTMENTS AND COMMER",B,STK,1285,1288,1269,1286,1286,1286.05,39,353,450737,
533257,"INDOSOLAR LTD.",T,STK,329.95,337.6,327.95,337.6,337.6,321.55,139,29330,9798960,
533259,"Sastasundar Ventures Limited",B,STK,280,290,280,290,290,280,2,50,14250,
533260,"CP CAPITAL LIMITED",B,STK,90.9,91.8,87.6,88.73,87.6,90,35,574,51579,
533262,"RAMKY INFRASTRUCTURE LTD.",B,STK,460.35,468,454.55,459.25,458.2,459.15,262,4619,2137461,
533263,"ORIENT GREEN POWER COMPANY LTD",B,STK,9.44,9.66,9.18,9.28,9.28,9.41,670,518786,4917443,
533267,"CANTABIL RETAIL INDIA LTD.",B,STK,249.05,264,248.8,256.75,255.7,247.85,241,5614,1454591,
533268,"SEA TV NETWORK LTD.",X,STK,4.44,4.44,4.44,4.44,4.44,4.44,1,5,22,
533269,"VA TECH WABAG LTD.",A,STK,1297.85,1318.55,1244.25,1253.15,1253.15,1198.9,5656,95215,121954669,
533270,"BEDMUTHA INDUSTRIES LTD.",T,STK,135.5,135.5,128.25,128.25,128.25,135,2,19,2444,
533271,"ASHOKA BUILDCON LTD.",A,STK,120.2,126.25,120,120.95,120.95,120.1,1362,85534,10562157,
533272,"JUPITER WAGONS LIMITED",A,STK,286.6,292.45,271.15,275.95,275.95,285.95,4611,328070,92504944,
533273,"OBEROI REALTY LTD.",A,STK,1496.5,1515.35,1472,1483.9,1483.9,1496.4,1467,11851,17714015,
533274,"PRESTIGE ESTATES PROJECTS LTD.",A,STK,1311.45,1324.65,1267,1272.65,1273,1307.5,2044,243222,312750745,
533275,"SHAH METACORP LIMITED",B,STK,4.89,4.89,4.79,4.8,4.81,4.78,105,157052,757265,
533278,"COAL INDIA LTD.",A,STK,447,453.6,445.05,446.3,446.3,443.4,6622,426193,191112126,
533282,"GRAVITA INDIA LTD.",A,STK,1528.45,1537,1494.05,1505.2,1503.8,1510.55,1222,15577,23524112,
533284,"RPP INFRA PROJECTS LTD.",B,STK,69.51,74.46,69.51,71.11,71,69.82,187,6749,487424,
533285,"RDB INFRASTRUCTURE AND POWER L",X,STK,44.7,46.8,42.4,45.15,45.15,44.6,951,128489,5652770,
533286,"MOIL LTD.",A,STK,280,284.5,277.15,277.95,277.95,277,1591,51007,14332557,
533287,"ZEE LEARN LTD.",B,STK,5.1,5.73,5.1,5.48,5.48,5.51,173,15066,83254,
533289,"KESAR TERMINALS & INFRASTRUCTU",X,STK,64.78,64.78,64.78,64.78,64.78,64.78,3,300,19434,
533292,"A2Z INFRA ENGINEERING LIMITED",T,STK,16.75,16.76,15.75,16.34,16.34,16.04,61,17137,282422,
533293,"KIRLOSKAR OIL ENGINES LTD.",A,STK,1445.2,1475.75,1423.3,1452.85,1457.8,1434.55,1013,16610,23968119,
533294,"RAVI KUMAR DISTILLERIES LTD.",B,STK,18,19.44,17.81,18.72,18.7,18.82,57,1952,37316,
533295,"PUNJAB & SIND BANK",B,STK,24.6,24.87,24.29,24.35,24.31,24.55,398,94139,2312033,
533296,"FUTURE MARKET NETWORKS LTD.",B,STK,8.44,8.44,8.1,8.44,8.44,8.04,7,4336,36555,
533298,"SURANA SOLAR LTD.",B,STK,21.63,21.85,20.75,20.94,20.79,21.69,194,10387,222317,
533301,"SHEKHAWATI INDUSTRIES LIMITED",B,STK,12.57,12.57,12.57,12.57,12.57,11.94,1,1,12,
533302,"KALYANI INVESTMENT COMPANY LTD",B,STK,4824,4861,4725,4772.5,4725,4779,35,159,766973,
533303,"BF INVESTMENT LTD.",B,STK,387.95,388,375,377.25,375,384.75,142,439,167702,
533306,"SUMMIT SECURITIES LTD.",B,STK,1636.8,1640.25,1587,1593.4,1587,1602.05,76,187,299320,
533315,"INNOVASSYNTH TECHNOLOGIES (IND",X,STK,62.5,62.5,57.8,58.65,59.65,62.21,109,15714,930194,
533316,"STEL HOLDINGS LIMITED",B,STK,500.05,500.05,476.5,478.9,476.5,506.8,71,557,272208,
533317,"OMKAR SPECIALITY CHEMICALS LTD",Z,STK,4.37,4.37,4.37,4.37,4.37,4.59,1,10,43,
533326,"TEXMACO RAIL & ENGINEERING LTD",A,STK,98,100.8,96.4,97.2,97.2,98.15,1180,97491,9646890,
533329,"INDIAN TERRAIN FASHIONS LTD.",B,STK,30,30.45,29.5,29.51,29.5,30.55,98,5380,161154,
533333,"FINEOTEX CHEMICAL LTD.",B,STK,22.17,23.3,22.17,22.55,22.55,22.57,744,167271,3810697,
533336,"DHUNSERI INVESTMENTS LTD.",B,STK,858,877.95,850,863,863,857.3,11,111,95819,
533339,"ZEN TECHNOLOGIES LTD.",A,STK,1436.7,1469,1402.45,1408.5,1408.5,1436.65,1445,27877,39855868,
533343,"LOVABLE LINGERIE LTD.",B,STK,68.92,69,68.3,68.3,68.3,67.99,6,598,40907,
533344,"PTC INDIA FINANCIAL SERVICES L",B,STK,28.6,29,28.37,28.52,28.37,28.38,233,33855,974140,
533385,"MOTILAL OSWAL MOST SHARES NASD",E,STK,221.3,225.42,218.4,222.09,223.25,224.01,1514,60688,13582207,
533398,"MUTHOOT FINANCE LTD.",A,STK,3291,3297.2,3156.45,3162.5,3164.7,3284.35,4162,28893,92192971,
533407,"TRUE GREEN BIO ENERGY LIMITED",XT,STK,137.4,143.29,135,141.93,142,136.47,444,32439,4591153,
533408,"Aditya Birla Sun Life Mutual F",E,STK,140.97,141.25,140.34,140.57,141.08,140.18,90,5513,775279,
533427,"VMS INDUSTRIES LTD.",X,STK,23.19,24.4,23.19,23.52,23.46,23.33,138,33792,799425,
533451,"KARMA ENERGY LTD.",B,STK,36.5,38.77,36.02,38.54,38.4,37.7,20,1194,45651,
533452,"DELPHI WORLD MONEY LIMITED",B,STK,11.83,11.83,11.42,11.52,11.47,11.34,61,9033,104033,
533470,"RUSHIL DECOR LTD.",B,STK,16.71,17.1,15.93,16.78,16.84,16.36,157,85461,1409702,
533477,"ENKEI WHEELS (INDIA) LTD.",X,STK,431,431,418,424.2,424.95,435.5,56,853,361786,
533482,"KRIDHAN INFRA LIMITED",B,STK,2.86,2.91,2.75,2.77,2.77,2.77,35,4884,13876,
533506,"INVENTURE GROWTH & SECURITIES",B,STK,1.03,1.06,1.03,1.04,1.04,1.05,108,50736,52952,
533519,"L&T Finance Limited",A,STK,273.85,275.6,265.8,266.4,266.4,274.25,2924,147029,39783322,
533520,"Indiabulls Limited",B,STK,9.78,11.27,9.77,10.58,10.58,9.77,1395,769125,8169178,
533540,"TREE HOUSE EDUCATION & ACCESSO",T,STK,8.1,8.47,8,8.03,8,8.1,15,1068,8616,
533543,"BROOKS LABORATORIES LTD.",B,STK,62.64,62.64,60.75,61.45,61.91,62.9,118,1446,89372,
533552,"RUPA & COMPANY LTD.",B,STK,132,134,129.65,130.1,129.85,132.05,214,7886,1030638,
533553,"T D POWER SYSTEMS LTD.",A,STK,819.55,841.9,798,803.25,803.25,815,1895,55379,45352193,
533570,"AXIS MUTUAL FUND - AXIS GOLD E",E,STK,133.42,133.95,133.4,133.65,133.95,133.15,894,36997,4944359,
533573,"ALEMBIC PHARMACEUTICALS LTD.",A,STK,720.1,725,702.65,706.8,706.8,712.25,238,1861,1339790,
533576,"VASWANI INDUSTRIES LTD.",B,STK,59.9,59.9,54.2,54.92,54.92,54.32,25,1094,59925,
533581,"PG ELECTROPLAST LTD.",A,STK,552.95,564.45,544.85,550.1,550.1,544.45,8349,264671,146619161,
533602,"LESHA INDUSTRIES LTD.",X,STK,0.78,0.79,0.76,0.79,0.79,0.76,176,240365,187019,
533605,"SETUBANDHAN INFRASTRUCTURE LIM",Z,STK,0.42,0.42,0.39,0.4,0.4,0.41,68,61676,25002,
533608,"RDB RASAYANS LTD.",X,STK,171,173.9,166.2,168.05,168,167.9,175,16956,2865196,
533629,"TIJARIA POLYPIPES LTD.",T,STK,5.07,5.07,4.86,4.88,4.88,4.84,13,13044,64866,
533632,"ONELIFE CAPITAL ADVISORS LTD.",B,STK,15.53,15.53,14.98,15.16,15.16,15.53,3,12,181,
533638,"FLEXITUFF VENTURES INTERNATION",B,STK,7.17,7.28,6.84,7.05,7.24,7.17,35,118178,839167,
533644,"UJAAS ENERGY LIMITED",B,STK,167,169.85,156,159.15,158,161.9,38,630,101801,
533655,"TRIVENI TURBINE LTD.",A,STK,469.2,476.3,467.3,474.9,475,468.3,1673,18572,8767403,
533676,"INDO THAI SECURITIES LTD.",B,STK,264.85,266.95,260.9,261.65,262.45,260.95,236,13361,3516155,
533704,"ESSAR SHIPPING LTD.",B,STK,25.5,25.8,24.32,25.19,25.5,25.59,171,30492,767306,
533719,"IDBI MUTUAL FUND - IDBI GOLD E",E,STK,144.69,145.2,143.2,143.99,143.75,143.68,118,6319,913327,
533758,"APL APOLLO TUBES LTD.",A,STK,2122.95,2126.35,1989.35,2017.3,2015,2099.45,2468,14911,30421022,
533761,"GPT INFRAPROJECTS LTD.",B,STK,109.5,112.45,107.7,108.3,108.55,108.25,102,3952,434194,
533896,"FERVENT SYNERGIES LTD.",X,STK,18,18,17.1,17.37,17.16,18,22,1033,17707,
533941,"THOMAS SCOTT (INDIA) LIMITED",B,STK,263.6,263.6,239.05,244.45,239.05,252.3,588,115472,28856586,
533982,"TERA SOFTWARE LTD.",B,STK,350.15,358,349,350.3,350.3,350.95,67,235,82626,
534060,"PMC FINCORP LIMITED",X,STK,1.8,2.1,1.79,1.94,1.8,1.82,550,789770,1511219,
534064,"ALLIANCE INTEGRATED METALIKS L",X,STK,1.52,1.7,1.52,1.68,1.68,1.59,197,155831,256884,
534076,"RHI MAGNESITA INDIA LIMITED",A,STK,381,390,378.1,379.65,379.65,381.75,520,8534,3276675,
534091,"MULTI COMMODITY EXCHANGE OF IN",A,STK,2591.9,2606,2522.55,2528.9,2528.9,2577.5,9146,137344,352006543,
534139,"SCHNEIDER ELECTRIC INFRASTRUCT",T,STK,923.05,930,883.05,904.85,913,922.75,267,6498,5882468,
534190,"OLYMPIC CARDS LTD.",X,STK,3.06,3.06,2.8,3.04,3.04,3.06,6,191,558,
534309,"NBCC (India) Limited",A,STK,87.08,88.4,85.93,86.21,86.21,87.07,4844,627317,54646075,
534312,"MT EDUCARE LTD.",T,STK,1.42,1.53,1.42,1.42,1.42,1.46,9,2011,2861,
534328,"HEXA TRADEX LTD.",B,STK,168.95,168.95,157.75,160,160,159.35,9,5230,825555,
534338,"Max heights Infrastucture Ltd",X,STK,12.35,12.35,11.22,11.77,11.85,11.52,83,31652,377260,
534369,"TRIBHOVANDAS BHIMJI ZAVERI LTD",B,STK,137.15,137.95,132.9,133.55,132.9,136.2,273,6521,885844,
534392,"VARDHMAN SPECIAL STEELS LTD.",B,STK,240.05,246.45,239.3,240.35,241.9,243.35,97,2050,499560,
534422,"LOOKS HEALTH SERVICES LIMITED",XT,STK,8.64,8.64,8.64,8.64,8.64,8.81,11,199,1719,
534425,"SPECIALITY RESTAURANTS LTD.",B,STK,102.45,103.75,100,102.1,100,102.95,45,1028,104930,
534532,"LYPSA GEMS & JEWELLERY LTD",B,STK,4.6,5.07,4.6,4.75,4.75,4.99,26,1608,7930,
534597,"RATTANINDIA ENTERPRISES LIMITE",A,STK,27.03,28.34,26.51,26.71,26.55,27.08,1265,313863,8592787,
534598,"Sampann Utpadan India Limited",B,STK,27.89,28,26.36,27.72,28,26.95,73,7035,191174,
534600,"JTL INDUSTRIES LIMITED",B,STK,52.85,57.79,52.85,54.63,54,52.64,1200,234843,13148296,
534612,"ADVANCE METERING TECHNOLOGY LT",X,STK,14.55,15.99,13.27,13.62,13.62,14.99,222,56615,780000,
534615,"NORTH EASTERN CARRYING CORPORA",B,STK,14.49,14.49,13,13.74,13.72,14.34,76,23997,325118,
534618,"WAAREE RENEWABLE TECHNOLOGIES",A,STK,815.35,853,815.35,821.45,821.45,798.35,4066,94007,78393566,
534623,"JUPITER INFOMEDIA LTD.",X,STK,49.35,50.54,48.73,49.38,49.9,49.98,72,5522,274707,
534639,"VINAYAK POLYCON INTERNATIONAL",X,STK,20.5,20.5,20.5,20.5,20.5,21,2,2,41,
534674,"Ducon Infratechnologies Ltd",B,STK,3.13,3.24,3.1,3.15,3.15,3.11,104,81764,259924,
534675,"PROZONE REALTY LIMITED",B,STK,47.3,47.58,45.61,45.83,45.75,46.12,231,24136,1122897,
534680,"SRG HOUSING FINANCE LTD.",B,STK,259.55,259.55,240.15,252.05,258.55,243.15,7,55,14162,
534691,"COMFORT COMMOTRADE LTD.",X,STK,13.59,13.59,12.11,12.58,12.94,12.96,170,31625,393232,
534732,"CASPIAN CORPORATE SERVICES LIM",X,STK,35.1,35.1,33.02,34.21,34.29,33.56,57,3585,121633,
534733,"Aerpace Industries Limited",XT,STK,22.48,23.38,21.36,21.52,21.52,22.48,406,153618,3405633,
534741,"VIRTUAL GLOBAL EDUCATION LTD.",X,STK,0.49,0.5,0.47,0.49,0.5,0.48,159,497665,239778,
534742,"ZUARI AGRO CHEMICALS LTD.",B,STK,219,222.45,208,209.6,209.6,210.75,492,18189,3902652,
534748,"STEEL EXCHANGE INDIA LTD.",B,STK,8.07,8.1,7.98,8.02,8.04,8.05,241,80014,643896,
534755,"TRIO MERCANTILE & TRADING LTD.",X,STK,1.02,1.02,0.97,0.97,0.97,1.02,22,388474,376978,
534758,"CIGNITI TECHNOLOGIES LTD.",A,STK,1126.05,1143.4,1093,1096.5,1099.55,1124.9,208,1424,1583480,
534796,"CDG PETCHEM LIMITED",XT,STK,130,130,130,130,130,132.65,6,456,59280,
534804,"CARE Ratings Limited",A,STK,1619.35,1635.8,1601,1606.65,1601,1619.2,129,541,876666,
534809,"PC JEWELLER LTD.",A,STK,8.88,9.1,8.8,8.85,8.85,8.8,2494,4540907,40499119,
534816,"INDUS TOWERS LIMITED",A,STK,441.15,449.75,437.2,438.95,438.95,445.45,1381,45221,20131780,
534920,COVIDH,XT,STK,43.54,43.54,43.54,43.54,43.54,42.69,1,1,43,
534976,"V-MART RETAIL LTD.",A,STK,519.2,545.1,519.2,537.25,531.9,521.8,428,13494,7220916,
535136,"NIBE LIMITED",B,STK,985,1141.2,985,1106.65,1106.65,984.4,2457,42064,46512403,
535204,"Mukta Agriculture Limited",X,STK,2.9,2.9,2.5,2.5,2.5,2.9,20,7429,19348,
535205,"Mystic Electronics Limited",X,STK,3.49,3.49,2.67,3.1,3.1,3.2,62,32847,97079,
535267,"COMFORT FINCAP LTD.",X,STK,7.72,7.72,7.3,7.31,7.41,7.41,72,38926,285901,
535276,"SBI MUTUAL FUND - SBI ETF SENS",A,STK,862.01,875,849.54,857.27,862,867.62,2886,78289,67253921,
535322,"REPCO HOME FINANCE LTD.",B,STK,367.2,374.15,361,364.1,361,367.15,271,5650,2081955,
535387,"LAKHOTIA POLYESTERS (INDIA) LT",X,STK,53.5,55.66,52.01,54.84,52.35,53.01,21,1184,64878,
535431,"GCM SECURITIES LTD",B,STK,0.68,0.68,0.63,0.64,0.64,0.66,70,96049,62509,
535458,"NRB INDUSTRIAL BEARINGS LTD.",B,STK,32.01,32.05,32.01,32.05,32.05,31.93,3,672,21516,
535514,"PRIME CAPITAL MARKET LTD.",X,STK,5.74,5.74,5.74,5.74,5.74,5.74,2,2,11,
535566,"KIFS FINANCIAL SERVICES LTD.",X,STK,123.5,123.5,117.05,120,120,123.45,11,534,64237,
535601,"SREELEATHERS LTD.",B,STK,198.1,198.1,198.1,198.1,198.1,190.25,2,4,792,
535602,"SHARDA MOTOR INDUSTRIES LTD",B,STK,832.5,850.6,817,820.55,830,832.4,240,2193,1832280,
535621,"S V GLOBAL MILL LTD.",X,STK,143.05,143.05,129.45,142.5,142.5,136.25,11,390,55479,
535648,"JUST DIAL LTD.",A,STK,537.4,542,526.85,535.25,534.55,537.3,776,12199,6520851,
535657,"OBJECTONE INFORMATION SYSTEMS",XT,STK,7.8,7.8,7.3,7.8,7.8,7.64,7,2018,14738,
535667,"INDIA FINSEC LTD.",X,STK,180.5,184,180,181.3,184,181,5,118,21386,
535693,"BRAHMAPUTRA INFRASTRUCTURE LTD",X,STK,150.25,152.95,148,150.35,150.35,150.25,217,15408,2327552,
535719,"AMPVOLTS LIMITED",X,STK,28.61,28.61,27.33,27.92,28.22,27.25,182,41867,1186828,
535730,"KHOOBSURAT LTD",X,STK,0.53,0.55,0.53,0.54,0.54,0.53,237,413365,221099,
535754,"ORIENT CEMENT LTD",A,STK,143.6,145.85,142,142.6,142.8,143.55,149,14920,2149975,
535755,"Aditya Birla Fashion and Retai",A,STK,61.55,63.5,61.4,61.95,61.95,61.8,1709,2244881,139165479,
535789,"Sammaan Capital Limited",A,STK,145.35,149.25,144.8,145.4,145.4,145,2355,206139,30368732,
535910,"MONEY MASTERS LEASING & FINANC",B,STK,0.73,0.74,0.66,0.69,0.72,0.73,116,571262,393476,
535916,"ALACRITY SECURITIES LTD",B,STK,56.94,59.91,54.15,54.93,54.28,56.02,116,11656,656556,
535958,"Integra Essentia Limited",B,STK,1.31,1.33,1.29,1.29,1.3,1.3,168,147921,193862,
536073,"JULIEN AGRO INFRATECH LIMITED",X,STK,2,2.05,1.98,2.03,2.04,1.98,140,193110,389295,
536264,"TIGER LOGISTICS (INDIA) LTD",B,STK,28.15,28.88,27.77,27.82,27.77,28.15,261,11580,325917,
536493,"JK AGRI GENETICS LTD",X,STK,328.9,338.7,320,326.7,329.9,328.85,18,983,321812,
536507,"FUTURE LIFESTYLE FASHIONS LTD",Z,STK,1.25,1.25,1.2,1.25,1.25,1.22,15,17100,21067,
536565,"NOVELIX PHARMACEUTICALS LIMITE",X,STK,58.95,58.95,54.02,56.03,57.85,53.9,51,2939,163877,
536659,"PVV Infra Limited",X,STK,4.79,4.8,4.55,4.74,4.74,4.69,760,1213142,5725760,
536672,"VCU DATA MANAGEMENT LTD",X,STK,6.19,6.79,6.18,6.18,6.18,6.19,103,78881,494583,
536709,"IND Renewable Energy Ltd",Z,STK,11.4,11.4,10.91,11.1,11.1,11.48,24,3269,36405,
536773,"JINDAL POLY INVESTMENT AND FIN",B,STK,1407.95,1458.6,1318.65,1336.65,1343.9,1417.4,2240,30069,42108149,
536960,"MOTILAL OSWAL MUTUAL FUND - MO",B,STK,60.88,62.17,60.82,60.96,62.01,61.72,458,32871,2018135,
536974,"CAPTAIN POLYPLAST LTD",X,STK,67,68,66.36,66.73,66.69,66.61,125,10384,695458,
537007,"ICICI Prudential Nifty ETF",B,STK,276.67,276.67,268.75,269.17,269.17,274.28,1321,98450,26579176,
537008,"ICICI Prudential Nifty 100 ETF",B,STK,27.75,27.95,27.31,27.47,27.54,27.69,41,5351,147771,
537069,"ARNOLD HOLDINGS LTD",X,STK,11.5,11.98,11.4,11.74,11.95,11.47,35,6018,69775,
537253,"SUNIL HEALTHCARE LTD",X,STK,67.62,67.62,67.62,67.62,67.62,67.82,1,1,67,
537259,"SUYOG TELEMATICS LTD",B,STK,696.55,712.45,683,687.1,684,698.9,185,2700,1883629,
537291,"NATH BIO-GENES (INDIA) LTD",B,STK,148.45,149.4,146,146.05,146,148.45,29,863,127885,
537292,"AGRI- TECH (INDIA) LTD",T,STK,108.6,108.6,108.5,108.55,108.5,107.85,3,20,2170,
537326,"CHEMTECH INDUSTRIAL VALVES LTD",X,STK,63,63,60.5,62.07,62.47,61.71,96,47351,2941429,
537483,"NIPPON INDIA ETF NIFTY 100",B,STK,263.76,263.77,258.88,259.9,260,263.77,313,2767,725702,
537536,"DENIS CHEM LAB LTD",X,STK,73,73.39,71.7,71.7,72.74,72.18,37,4485,325432,
537582,"UNISHIRE URBAN INFRA LTD",M,STK,1.17,1.32,1.17,1.24,1.24,1.32,5,50000,61800,
537707,"LADDU GOPAL ONLINE SERVICES LI",XT,STK,0.9,0.92,0.9,0.92,0.92,0.9,121,174105,158110,
537708,"KOTAK MAHINDRA MUTUAL FUND - K",B,STK,267.78,267.99,263.21,263.72,263.55,267.78,245,8713,2309096,
537709,"SHREE HANUMAN SUGAR & INDUSTRI",XT,STK,4.65,4.74,4.32,4.64,4.64,4.54,44,16170,73829,
537750,"KIRAN VYAPAR LTD",X,STK,177,177,168,172.75,173,179,61,854,147428,
537766,"B.C. POWER CONTROLS LTD",XT,STK,1.65,1.74,1.65,1.66,1.65,1.69,117,65167,109621,
537785,"RACE ECO CHAIN LIMITED",B,STK,120,120,110.5,110.95,110.5,120,31,2852,334445,
537800,"MANGALAM INDUSTRIAL FINANCE LT",XT,STK,0.82,0.88,0.82,0.88,0.88,0.84,1292,5145696,4501955,
537820,"VIJI FINANCE LTD",B,STK,2.43,2.55,2.31,2.5,2.53,2.43,99,221560,536162,
537839,"PHOENIX TOWNSHIP LTD",X,STK,87,99.88,85.65,90.02,91.5,91.44,310,66372,5817991,
537985,"INFRONICS SYSTEMS LTD",X,STK,16.4,16.4,14.02,14.62,14.75,14.48,61,2704,39300,
538057,"CPSE ETF",A,STK,101.34,103.74,101.34,102.7,102.7,102.7,842,121607,12563501,
538081,"HARIA APPARELS LTD",X,STK,5.74,5.74,5.5,5.51,5.51,5.95,10,913,5127,
538092,"SHRI VASUPRADA PLANTATIONS LIM",X,STK,101.1,103.5,99,101.4,102.75,104,12,1503,149347,
538119,"R&B DENIMS LTD",T,STK,119.6,119.6,119.6,119.6,119.6,125.85,26,392,46883,
538212,"SHARP INVESTMENTS LTD",XT,STK,0.38,0.4,0.38,0.39,0.39,0.39,91,59052,23185,
538268,"WONDERLA HOLIDAYS LTD",B,STK,528,540.35,519.85,525.4,529,532.85,264,3231,1708680,
538273,"RESPONSE INFORMATICS LTD",X,STK,27.99,27.99,23.25,23.64,23.51,25.45,39,2358,58485,
538351,"A.F. ENTERPRISES LTD",Z,STK,1.95,2,1.95,1.95,1.99,1.93,67,79622,156453,
538365,"INCREDIBLE INDUSTRIES LIMITED",B,STK,33,35.65,33,34.65,34.6,34.8,52,37811,1296944,
538382,"WEST LEISURE RESORTS LTD",X,STK,87,87.77,80.01,81.5,81.5,83.6,20,447,37604,
538395,"NAM SECURITIES LTD",X,STK,93,93,80.1,91.43,91.43,84.84,24,133,11405,
538401,"MAESTROS ELECTRONICS & TELECOM",X,STK,134,147.75,133.05,136.7,136.7,134.45,63,2950,406049,
538422,"JACKSON INVESTMENTS LTD",X,STK,0.44,0.46,0.44,0.45,0.45,0.44,135,105006,47196,
538446,"MONEYBOXX FINANCE LIMITED",B,STK,69.26,69.26,66.21,67.82,67.82,68.26,157,2844,191069,
538451,"WORTH INVESTMENT & TRADING CO",X,STK,2.86,2.86,2.72,2.8,2.8,2.73,370,371945,1037504,
538464,"THIRANI PROJECTS LTD",X,STK,4.33,4.98,4.08,4.11,4.15,4.28,44,24065,100090,
538465,"AMARNATH SECURITIES LTD",X,STK,11.24,13.41,11.2,13.41,13.12,11.18,91,33889,436879,
538476,"CAPITAL TRADE LINKS LTD",X,STK,16.5,16.95,14.3,15.41,15.41,16.5,99,20990,326217,
538496,"TARINI INTERNATIONAL LTD",M,STK,6.6,6.6,6.21,6.21,6.21,6.58,3,12000,77670,
538520,"SHIVAMSHREE BUSINESSES LIMITED",X,STK,1.73,1.73,1.73,1.73,1.73,1.65,3,22292,38565,
538521,"YAAN ENTERPRISES LIMITED",X,STK,90.5,95.5,89.5,93.5,93.5,92.67,21,241,21937,
538539,"ANNVRRIDHHI VENTURES LIMITED",X,STK,9.48,9.74,8.81,9.5,9.5,8.94,131,88907,837674,
538540,"RAMCHANDRA LEASING & FINANCE L",XT,STK,9.8,9.82,9.8,9.8,9.8,9.8,36,38620,378482,
538546,"BANSAL ROOFING PRODUCTS LTD",B,STK,111.05,114.05,110.55,110.9,111.4,113.55,80,3459,386459,
538556,"ARMAN HOLDINGS LTD",X,STK,113.95,113.95,112,113.95,113.95,114.25,6,553,61961,
538562,"SKIPPER LTD",A,STK,342.7,354.9,339.45,339.85,341,342.65,551,29702,10307839,
538563,"SMT ENGINEERING LIMITED",XT,STK,475.7,475.7,475.7,475.7,475.7,466.4,3,101,48045,
538564,"JAMES WARREN TEA LTD",X,STK,301.75,301.75,296.25,296.8,296.25,299.95,18,179,53542,
538565,"Vistar Amar Limited",XT,STK,188.95,198.35,188.95,194.95,194.95,188.95,107,6613,1303608,
538567,"GULF OIL LUBRICANTS INDIA LTD",B,STK,1028.2,1034.35,1007.15,1016.85,1021.65,1028.15,239,1144,1167809,
538568,"FRUITION VENTURE LTD",X,STK,34.5,34.5,34.5,34.5,34.5,36.1,1,5,172,
538569,"TRIVENI ENTERPRISES LTD",X,STK,1.03,1.06,1.03,1.06,1.06,1.09,20,19000,20131,
538596,"CEMANTIC INFRA-TECH LIMITED",XT,STK,5.27,5.27,4.77,5,5,5.02,9,936,4542,
538597,"TTI ENTERPRISE LTD",XT,STK,9.2,9.67,8.75,8.82,8.82,9.21,27,18580,172617,
538598,"VISHAL FABRICS LTD",B,STK,19.91,19.91,19.21,19.45,19.4,19.44,284,128885,2516619,
538607,"TOYAM SPORTS LIMITED",X,STK,0.83,0.87,0.83,0.86,0.86,0.87,330,843083,722566,
538609,"GAJANAN SECURITIES SERVICES LT",X,STK,65,65,57,61.73,61.73,56.43,105,6453,398973,
538610,"UNISON METALS LTD",X,STK,0.91,0.92,0.86,0.88,0.88,0.9,506,1344722,1180580,
538611,"Real Touch Finance Limited",Z,STK,56.05,56.05,50.73,55.71,50.73,53.39,13,250,12793,
538634,"VASUNDHARA RASAYANS LTD",X,STK,119.95,119.95,115,115.15,115.15,119.2,26,827,95828,
538635,"SNOWMAN LOGISTICS LTD",B,STK,36.51,37.37,36.02,36.39,36.02,36.12,356,594772,21721070,
538646,"QGO FINANCE LIMITED",X,STK,42.39,42.39,40.1,41.87,42,42.39,16,2620,109915,
538647,"PURSHOTTAM INVESTOFIN LTD",X,STK,34.7,34.7,32.02,32.52,32.52,33.05,5,10563,338374,
538666,"Sharda Cropchem Limited",A,STK,1028.3,1060,1019.1,1035.35,1033.9,1028.2,563,10228,10627589,
538668,"Meghna Infracon Infrastructure",B,STK,538,558.9,535.1,537.5,546.9,533.45,340,34552,18736536,
538683,"NIPPON INDIA ETF SENSEX",A,STK,899.98,901,875.92,880.87,880.87,894.32,1032,33470,29558102,
538685,"SHEMAROO ENTERTAINMENT LIMITED",B,STK,96.25,101,96.25,101,101,96.65,11,205,20398,
538706,"Ultracab (India) Limited",X,STK,6.97,6.98,6.5,6.56,6.56,6.82,568,320551,2149279,
538707,"Rajasthan Cylinders & Containe",X,STK,31.9,31.9,29,31.53,31.88,30.89,21,617,18452,
538708,"Econo Trade (India) Limited",X,STK,7.15,7.15,6.71,7.15,7.15,7.15,19,714,5064,
538713,"Atishay Limited",X,STK,211.85,211.85,205.05,208.15,208.15,207.65,83,5483,1147559,
538714,"Sangam Finserv Limited",X,STK,39.95,41,39.95,40.5,40.5,39.94,5,37,1492,
538715,"Dhabriya Polywood Limited",X,STK,335,339.9,328,332.45,333,333.35,94,5781,1942598,
538716,"Aryaman Capital Markets Limite",B,STK,405,423.95,400.1,423.95,423.95,418,16,653,265604,
538730,"PDS LIMITED",B,STK,290,297.4,289.5,291.55,292.5,291.7,253,10212,2988724,
538732,"Vibrant Global Capital Limited",X,STK,33.2,33.2,31,31.19,31.6,32.44,56,4106,128056,
538734,"CEINSYS TECH LIMITED",B,STK,925.05,1044.2,916.7,973.85,973.85,870.2,6767,108108,107983381,
538742,"PANABYTE TECHNOLOGIES LIMITED",XT,STK,34.79,35,33.17,35,35,34.1,19,1673,57319,
538743,"Mudunuru Limited",XT,STK,13.91,13.91,13.85,13.91,13.91,13.85,9,341,4741,
538770,"Crane Infrastructure Limited",X,STK,14.98,14.98,12.42,12.42,12.42,14.27,20,69,947,
538772,"Niyogin Fintech Limited",X,STK,34.95,34.99,32,32.75,32.75,33.98,453,145443,4897948,
538777,"ASIA CAPITAL LIMITED",XT,STK,23.24,23.24,23.24,23.24,23.24,22.14,5,2000,46480,
538778,"Kalyan Capitals Limited",X,STK,7.15,7.15,6.5,6.59,6.6,6.5,86,65561,433971,
538787,"Goenka Business & Finance Limi",X,STK,10.93,10.93,9.51,9.95,10.01,10.93,101,27741,283513,
538788,"Gilada Finance & Investments L",X,STK,12.5,12.5,11,11.96,12.08,12,87,18579,212327,
538794,"JET SOLAR LIMITED",MT,STK,16.34,16.34,16.34,16.34,16.34,17.2,1,48000,784320,
538795,"Shree Ajit Pulp And Paper Ltd.",X,STK,278.6,278.6,243.3,250.7,243.3,265,46,2595,658390,
538817,"Captain Pipes Limited",B,STK,8.99,9.5,8.86,9.27,9.27,8.83,590,506399,4603601,
538833,"KAIZEN AGRO INFRABUILD LIMITED",X,STK,9.25,9.99,8.87,9.43,9.42,9.13,33,2790,25856,
538834,"JMJ Fintech Limited",X,STK,10.87,11.2,10.02,10.4,10.4,10.87,146,56561,595600,
538835,"INTELLECT DESIGN ARENA LIMITED",A,STK,682.95,686.1,657.3,661.05,663.1,676.85,1153,24295,16262580,
538836,"Monte Carlo Fashions Limited",B,STK,522,531,521,525.4,525.4,519.45,36,529,277680,
538837,"Jeevan Scientific Technology L",X,STK,62,64,60.9,62,62,63.91,213,14343,887792,
538838,"Indo Cotspin Limited",X,STK,23.85,26.23,23.85,25.7,25.7,26.5,11,302,7330,
538857,"Scintilla Commercial & Credit",XT,STK,13.26,13.26,13.26,13.26,13.26,13.26,2,95,1259,
538860,"PANAFIC INDUSTRIALS LTD",X,STK,0.75,0.75,0.63,0.75,0.75,0.74,38,17012,12561,
538862,"My Money Securities Ltd.",X,STK,38.72,38.72,38.72,38.72,38.72,35.2,6,895,34654,
538868,"Continental Securities Limited",X,STK,16.5,16.5,15.71,15.94,16.39,16.32,75,6613,105692,
538874,"NEXUS SURGICAL AND MEDICARE LI",X,STK,17.62,18.5,17.62,17.7,17.7,17.62,13,196,3558,
538875,"SELLWIN TRADERS LIMITED",X,STK,6.94,7.25,6.86,6.96,7.01,6.96,555,1039466,7350122,
538881,"Galada Finance Limited",X,STK,21.81,22.9,21.01,21.73,22.9,21.81,9,679,14573,
538882,"Emerald Finance Limited",X,STK,53,53,48,48.69,48.69,52.06,1058,215673,10729256,
538890,"M. K. Exim (India) Ltd.",X,STK,54.09,55.7,52.4,54.5,54.5,54.09,112,64261,3423779,
538891,"MAGELLANIC CLOUD LIMITED",B,STK,23.12,24.24,23.05,23.38,23.38,23.77,588,77799,1852953,
538894,"Octal Credit Capital Ltd.",X,STK,25.28,25.28,23.63,23.63,23.63,24.87,5,108,2720,
538895,"Mihika Industries Ltd.",X,STK,12.24,12.24,10.75,11.56,11.6,11.97,50,106194,1182126,
538896,"Kanchi Karpooram Ltd.",X,STK,334.5,338,334.5,335.3,336,332.1,32,1101,368634,
538902,"Dhunseri Tea & Industries Ltd",B,STK,132,134,130.3,130.3,130.3,131.95,12,434,58065,
538918,"Vani Commercials Limited",X,STK,8.16,8.3,7.7,7.95,7.95,8,54,16976,133917,
538920,"VINTAGE COFFEE AND BEVERAGES L",B,STK,134.7,134.9,129.1,130,130,134.2,383,22417,2954448,
538922,"COSYN Limited",X,STK,22.1,23,19.89,20.46,20.08,22.5,78,20840,426112,
538923,"SOFCOM SYSTEMS LIMITED",X,STK,24,24.75,22.31,24.59,24.59,23.84,146,30656,742320,
538926,"Naturite Agro Products Limited",X,STK,213.85,213.85,188.7,198.65,201,206.95,21,165,32188,
538928,"Karnavati Finance Limited",X,STK,1.3,1.3,1.19,1.3,1.3,1.24,87,857930,1050570,
538942,"Mercantile Ventures Limited",X,STK,22.7,22.7,22.4,22.51,22.5,21.35,24,98,2218,
538943,"Sonal Mercantile Limited",XT,STK,97.2,97.25,97.2,97.25,97.25,97.05,2,3,291,
538952,"Abhinav Leasing & Finance Limi",X,STK,1.18,1.2,1.18,1.2,1.2,1.2,16,20945,25115,
538961,"GENUS PAPER & BOARDS LIMITED",B,STK,13.75,13.75,11.61,11.83,11.8,11.96,32,2568,30352,
538962,"Minda Corporation Limited",A,STK,508.85,511.35,493.5,494.35,495.45,506.65,316,4380,2189567,
538964,"Mercury Laboratories Limited",X,STK,789,809.8,780,780,780,772,4,9,7079,
538965,"Concord Drugs Limited",X,STK,77.99,79.95,75.35,77.48,77.48,76.91,37,2744,212165,
538970,"WARDWIZARD INNOVATIONS AND MOB",X,STK,6.71,6.84,6.6,6.69,6.69,6.71,1004,415392,2795350,
538975,"Shree Securities Ltd.",Z,STK,0.2,0.2,0.19,0.2,0.2,0.2,163,931363,180081,
538979,"Greenlam Industries Ltd",B,STK,227.95,228,226.9,227,227,228.1,47,324,73799,
538987,"TALBROS ENGINEERING LIMITED",X,STK,631.1,649.9,620,638.45,647,636,45,764,483642,
539006,"PTC Industries Ltd.",A,STK,17750,18162,17737.55,17972,17952,17667.4,472,1175,21120170,
539011,"CHENNAI FERROUS INDUSTRIES LIM",X,STK,77,79.99,76,79.41,79.99,78.23,35,849,65164,
539012,"Megri Soft Limited",X,STK,95,95,85.21,92.95,92.95,95,15,257,23095,
539013,"GITA RENEWABLE ENERGY LIMITED",X,STK,69.5,78.55,69.4,78.55,78.55,65.46,137,17138,1331901,
539014,"Kalpa Commercial Limited",XT,STK,9.55,9.55,9.41,9.41,9.41,9.6,5,252,2391,
539015,"Ortel Communications Limited",Z,STK,1.46,1.55,1.46,1.55,1.55,1.48,2,50,77,
539016,"Neil Industries Ltd.",X,STK,6.5,7.24,6.5,6.85,6.85,6.51,31,4324,29176,
539017,"STAR HOUSING FINANCE LIMITED",X,STK,5.75,5.75,5.32,5.33,5.32,5.59,472,253777,1356207,
539018,"Beekay Steel Industries Ltd.",X,STK,390,390,380.15,382.8,388.7,388.05,56,828,319852,
539031,"SBI Mutual Fund",A,STK,281.83,281.83,277,277.34,277,281.83,45,779,216423,
539032,"Fraser And Company Limited",XT,STK,10.89,11.43,10.35,11.43,11.43,10.89,42,51656,586016,
539040,"TIRUPATI INNOVAR LIMITED",X,STK,6.32,6.38,6.08,6.28,6.35,6.19,174,30496,193274,
539041,"GANESHA ECOVERSE LIMITED",M,STK,24,25.6,24,25.5,25.45,23.51,43,217500,5363700,
539042,"AGI Infra Limited",B,STK,309.95,321,306,311.1,311.05,306.45,1318,76468,24083061,
539044,"Manaksia Steels Limited",B,STK,57.8,57.87,56.23,57.33,57.33,56.03,8,545,31294,
539045,"Manaksia Aluminium Company Ltd",T,STK,26.9,28.55,26.9,28.55,28.55,27.2,20,3255,92218,
539046,"Manaksia Coated Metals & Indus",B,STK,117.5,118.75,115.15,115.35,115.35,117,210,21427,2499015,
539056,"IMAGICAAWORLD ENTERTAINMENT LI",B,STK,41.8,44.22,41.8,43.37,43.41,41.74,303,119414,5156757,
539083,"Inox Wind Limited",A,STK,83.02,84.75,81.9,82.25,82.05,82.89,2059,398322,33144543,
539090,"Rajputana Investment and Finan",X,STK,32.63,33.5,32.47,33,33,32.47,8,257,8517,
539091,"Consecutive Commodities Limite",X,STK,0.81,0.82,0.78,0.8,0.8,0.78,191,163664,131313,
539097,"UR SUGAR INDUSTRIES LIMITED",B,STK,2.5,2.51,2.35,2.37,2.4,2.41,104,103160,251487,
539111,"SHESHADRI INDUSTRIES LIMITED",X,STK,16,16,15.25,16,16,16.05,13,3462,54963,
539113,"Paul Merchants Ltd.",X,STK,530,530,505,505.1,505,489.9,96,1824,934324,
539115,"ALAN SCOTT ENTERPRISES LIMITED",X,STK,234.95,237.95,221.35,221.7,221.35,232.95,52,2031,465126,
539117,"Sujala Trading & Holding Ltd.",X,STK,49,49,44.61,45.68,45.68,48.68,672,275818,13038162,
539118,"VRL Logistics Limited",B,STK,268,268.3,260,262.9,262.1,266.35,291,5293,1394721,
539120,"GRAMEVA LIMITED",X,STK,60.27,60.27,59.65,59.65,59.65,57.4,3,102,6084,
539121,"Palco Metals Limited",X,STK,99.7,101.4,97.5,98.75,99.7,97.35,65,1872,184856,
539122,"Bodhtree Consulting Limited",XT,STK,17.55,17.99,17,17.06,17.06,17.53,37,24810,425018,
539123,"V B INDUSTRIES LIMITED",X,STK,6.67,7,6.34,6.34,6.34,6.67,48,9046,58423,
539124,"Survottam Finvest Ltd.",X,STK,19.8,19.8,15.36,17.35,17.31,18.46,21,21196,326042,
539126,"MEP Infrastructure Developers",Z,STK,0.95,0.96,0.95,0.96,0.96,0.96,36,37715,35952,
539132,"Wardwizard Foods and Beverages",X,STK,8.91,9.41,8.62,9.32,9.41,8.97,355,807509,7473276,
539141,"UFO Moviez India Limited",B,STK,68.99,68.99,66.12,66.88,66.16,67.76,135,4895,328257,
539143,"PANTH INFINITY LIMITED",X,STK,7.33,7.33,7.03,7.28,7.29,7.11,79,77942,561769,
539148,"Shivalik Rasayan Ltd.",B,STK,288.05,290.9,277,278.45,278.45,282.2,56,2580,730156,
539149,"Integrated Capital Services Lt",XT,STK,3.37,3.37,3.37,3.37,3.37,3.21,1,250,842,
539150,"PNC Infratech Limited",A,STK,195.3,206.3,195.3,202.3,203.3,195.2,534,21074,4284828,
539151,"Arfin India Limited",B,STK,82.9,85,79.44,80.17,80,81.27,517,46007,3749960,
539167,"Virat Leasing Limited",X,STK,33.18,33.18,31,31,31,31.6,6,320,10265,
539174,"Helpage Finlease Ltd.",X,STK,23.4,23.4,21.9,21.9,21.9,23.4,5,9,199,
539175,"BLUEGOD ENTERTAINMENT LIMITED",XT,STK,3.38,3.5,3.38,3.47,3.47,3.54,276,1290732,4473658,
539176,"Hawa Engineers ltd.",X,STK,81,81,71.36,73.33,71.36,79.9,21,1186,89768,
539177,"Authum Investment & Infrastruc",A,STK,487.9,487.9,447,452.9,452.9,484.55,4604,139608,63893296,
539189,"Adhbhut Infrastructure Ltd.",X,STK,13.46,14.02,12.57,13.99,13.99,13.45,8,599,8284,
539195,"POCL ENTERPRISES LTD",X,STK,182.25,185,176,177.8,177,182.1,429,30206,5415516,
539196,"Amba Enterprises Ltd.",X,STK,121,124.95,118,119.25,119.8,121,96,8509,1026094,
539198,"Capfin India Limited",XT,STK,108.3,113.45,108.3,113.45,113.45,114,2,11,1242,
539199,"SG FINSERVE LIMITED",B,STK,404.4,411.8,392.05,394.75,394.2,404.3,217,3467,1387591,
539200,"NOBLE POLYMERS LIMITED",X,STK,1.17,1.17,1.17,1.17,1.17,1.07,6,1444,1689,
539201,"SATIA INDUSTRIES LIMITED",B,STK,62.29,63.42,62.1,62.37,62.1,61.93,145,3598,225660,
539206,"GENOMIC VALLEY BIOTECH LIMITED",X,STK,25,25.02,25,25.02,25.02,25.12,4,137,3425,
539216,"GARMENT MANTRA LIFESTYLE LIMIT",X,STK,1.72,1.74,1.6,1.61,1.61,1.71,839,2307294,3786633,
539217,"Srestha Finvest Limited",X,STK,0.24,0.25,0.24,0.25,0.25,0.24,506,3108739,763006,
539219,"MAURIA UDYOG LIMITED",X,STK,9.43,9.45,8.7,9.09,9.15,9.02,89,45676,416214,
539220,"Mishka Exim Limited",X,STK,41.1,41.1,39.8,39.81,41,41.09,8,7126,284629,
539221,"Sportking India Ltd.",B,STK,109.65,118.6,109.65,115.5,113.6,112.45,263,9704,1119986,
539222,"GROWINGTON VENTURES INDIA LIMI",B,STK,1,1.01,0.96,0.96,0.96,0.98,779,2494740,2432135,
539224,"HCKK Ventures Limited",XT,STK,30.57,30.57,30.5,30.5,30.5,30.72,2,51,1555,
539226,"RUDRA GLOBAL INFRA PRODUCTS LI",B,STK,17.01,17.8,17.01,17.29,17.5,17.01,56,6154,107053,
539227,"Loyal Equipments Limited",X,STK,184.8,184.8,168.5,169.05,168.85,171.95,105,12998,2212859,
539228,"Gala Global Products Limited",Z,STK,1.2,1.23,1.13,1.15,1.22,1.18,118,67627,79836,
539251,"Balkrishna Paper Mills Ltd.",B,STK,13.12,13.32,12.88,13.1,13.16,13.12,40,5362,70272,
539252,"Shyam Century Ferrous Limited",B,STK,4.74,5.01,4.66,4.84,4.77,4.78,68,12367,60704,
539254,"Adani Energy Solutions Limited",A,STK,1010,1031,987.15,992,992,1013.75,3081,36072,36338198,
539255,"STAR DELTA TRANSFORMERS LIMITE",X,STK,457,520,457,499.1,485,466.95,289,7633,3843818,
539267,"SAMSRITA LABS LIMITED",X,STK,17.33,18.29,17.12,17.34,17.12,18.94,19,733,12719,
539268,"Syngene International Limited",A,STK,406.15,416.35,405.6,407.5,407.5,409.85,821,23426,9624650,
539275,"Mangalam Seeds Limited",X,STK,136.25,142.45,134.8,135,134.95,137.1,24,426,58176,
539276,"Kaya Limited",B,STK,317,317.5,313,317.5,317.5,317.1,20,224,70590,
539277,"Alstone Textiles (India) Ltd",X,STK,0.14,0.15,0.13,0.14,0.14,0.14,3942,43530291,6193753,
539278,"Symbiox Investment & Trading C",X,STK,1.72,1.72,1.62,1.62,1.62,1.72,23,4533,7487,
539287,"ORTIN GLOBAL LIMITED",T,STK,16.72,17.45,16.72,17.45,17.45,16.89,4,504,8429,
539288,"Avi Polymers Ltd.",XT,STK,28.01,28.01,28,28.01,28.01,26.68,279,132470,3710062,
539289,"Aurum PropTech Limited",B,STK,171.15,171.15,162.95,163.5,163.15,167.5,114,7368,1215249,
539290,"Oswal Greentech Limited",B,STK,25.8,26.15,24.86,25.53,25.53,25.28,72,6585,166905,
539300,"SUNRAKSHAKK INDUSTRIES INDIA L",X,STK,246.4,246.4,235.5,236.65,235.5,239.5,72,5261,1254261,
539301,"Arvind SmartSpaces Limited",B,STK,524.9,542.5,515,518.8,515,532.9,620,14994,7893331,
539302,"Power Mech Projects Limited",A,STK,1995,2019.2,1964.4,1977.2,1965.2,1982.3,291,1949,3878517,
539309,"Rama Steel Tubes Limited",B,STK,5.99,6.15,5.94,5.98,5.98,5.94,977,431606,2607964,
539310,"THINKINK PICTUREZ LIMITED",X,STK,0.19,0.19,0.18,0.18,0.18,0.19,320,2155904,396950,
539312,"UTI BSE Sensex ETF",A,STK,865.58,866.06,849,849,849,859.27,69,597,512809,
539313,"UTI Mutual Fund",B,STK,265.29,268.05,263.14,263.32,263.14,266.99,43,2816,745619,
539314,"Universal Autofoundry Limited",B,STK,54.68,56.95,54.25,54.55,54.88,57.32,57,4795,263278,
539331,"VETO SWITCHGEARS AND CABLES LI",B,STK,102,102.15,98.15,98.6,98.35,100,41,1692,168555,
539332,"Navkar Corporation Limited",B,STK,91.75,91.75,89.37,89.82,89.68,90.18,336,24921,2253774,
539334,"Shree Pushkar Chemicals & Fert",B,STK,319.5,322,314.25,316.85,318,318.45,188,1882,595557,
539335,"Callista Industries Limited",XT,STK,205.45,206.95,187.65,205.85,206.95,197.5,75,3007,606587,
539336,"Gujarat Gas Limited",A,STK,376.9,420,374.9,391,391,375,7160,312304,125531727,
539337,"WAAREE TECHNOLOGIES LIMITED",M,STK,145,147.6,141.75,142.5,143.25,144.65,75,19075,2750685,
539346,"Sadbhav Infrastructure Project",B,STK,3.05,3.11,2.97,3.01,2.98,3.05,250,101173,305525,
539353,"SAL AUTOMOTIVE LIMITED",X,STK,203,203,187.95,198.8,199.9,187.15,26,198,38720,
539354,"Polyspin Exports Ltd.",X,STK,29.45,29.47,29.45,29.46,29.47,29.44,3,55,1620,
539359,"Pritika Auto Industries Limite",B,STK,13,13,12.31,12.53,12.5,12.8,181,21323,265777,
539378,"Soni Medicare Limited",X,STK,55.7,58.53,55.7,58.53,58.53,55.75,20,779,45366,
539383,"Mahaveer Infoway Limited",Z,STK,8.09,8.09,8.08,8.08,8.08,8.5,4,901,7280,
539391,"Acme Resources Limited",Z,STK,29.22,30.64,29,29,29,29.21,7,513,15060,
539398,"Vishal Bearings Limited",B,STK,54.22,55.78,54,55.57,55.57,54.49,34,1934,107206,
539399,"Bella Casa Fashion & Retail Li",B,STK,279,279,250.5,253.45,252.9,264.05,66,840,213971,
539400,"MALLCOM (INDIA) LTD.",B,STK,1083,1085,1048,1056.05,1056.05,1084.7,19,42,44693,
539402,"Naksh Precious Metals Limited",B,STK,4.85,4.85,4.8,4.8,4.8,4.85,10,4868,23585,
539404,"SATIN CREDITCARE NETWORK LIMIT",B,STK,150,151,146,149.25,149,148.3,62,16448,2417059,
539405,"Decorous Investment and Tradin",X,STK,15.05,15.8,14.56,14.7,14.7,15.05,10,5165,81250,
539406,"Swagatam Trading & Services Li",X,STK,54.49,54.49,54.49,54.49,54.49,52.02,3,3,163,
539407,"Generic Engineering Constructi",B,STK,43.82,44.36,43.4,43.78,43.4,43.28,12,272,12007,
539408,"Kuber Udyog Limited",X,STK,13.72,13.72,12.46,12.46,12.46,13.72,4,75,966,
539428,"Tejnaksh Healthcare Limited",X,STK,13,13.39,13,13.38,13.38,13,16,3386,44589,
539435,"Richfield Financial Services L",X,STK,30.89,30.89,30.89,30.89,30.89,29.43,4,53,1637,
539436,"Coffee Day Enterprises Limited",B,STK,27.13,27.15,25.75,25.94,25.9,26.73,606,90536,2383796,
539437,"IDFC FIRST BANK LIMITED",A,STK,67.37,67.88,65.9,66.3,66.3,67.29,22872,2622093,175261054,
539448,"InterGlobe Aviation Limited",A,STK,4345.6,4512.2,4340,4351.6,4351.6,4382.45,16239,137217,605573725,
539449,"IGC Industries Limited",X,STK,2.09,2.15,2.04,2.07,2.09,2.04,109,53213,111725,
539450,"S H Kelkar and Company Limited",B,STK,132.95,135.75,130.15,131.35,132.6,133,237,12116,1616688,
539455,"ARYAVAN ENTERPRISE LIMITED",X,STK,55.84,55.9,52,53.51,53.9,53.52,85,51793,2760202,
539468,"Typhoon Financial Services Lim",X,STK,48,48,43.7,47.76,47.76,46,7,154,7176,
539469,"PANORAMA STUDIOS INTERNATIONAL",B,STK,42.54,45.49,42.54,44.13,44.45,42.97,147,26483,1168501,
539470,"Shree Ganesh Biotech (India) L",X,STK,0.59,0.6,0.56,0.57,0.58,0.59,423,729055,423112,
539479,"GTV Engineering Limited",X,STK,59.69,60.51,57.66,59.94,60.2,58.65,304,103551,6129291,
539480,"LIC MF EXHGE TRADED FUND-NIFTY",B,STK,268.5,268.5,266.78,266.78,266.78,268.99,7,201,53898,
539487,"LIC MF EXCHNG TRADED FUND-SENS",A,STK,876.04,878.49,868.53,868.53,868.53,880.38,3,95,83000,
539492,"Garbi Finvest Limited",X,STK,12.2,12.29,11.76,11.8,12.14,11.8,34,4049,48288,
539494,"Smart Finsec Limited",X,STK,7.1,7.8,7.1,7.4,7.45,7.1,82,9926,73616,
539506,"Adcon Capital Services Limited",X,STK,0.46,0.47,0.44,0.44,0.45,0.46,289,608151,271489,
539515,"Quint Digital Limited",X,STK,40.15,40.15,38,38.24,38,39.36,44,6903,270597,
539516,"HDFC Mutual Fund",B,STK,274.55,274.55,267.13,267.59,267.3,272.12,198,10156,2728594,
539517,"HDFC Mutual Fund",A,STK,89.11,89.11,86.7,87.57,88,88.27,87,11519,1006328,
539518,"Uday Jewellery Industries Limi",X,STK,132.8,132.8,125.2,131.7,131.7,130.75,65,3350,431160,
539519,"SATTVA SUKUN LIFECARE LIMITED",X,STK,0.73,0.76,0.73,0.74,0.75,0.72,170,228400,169065,
539522,"Grovy India Limited",X,STK,41.74,41.74,37.2,39.89,40,36.6,21,510,20387,
539523,"Alkem Laboratories Limited",A,STK,5655,5655.3,5526.25,5534.6,5526.25,5619.05,499,22368,125702093,
539524,"Dr. Lal Pathlabs Limited",A,STK,1384.2,1414,1369.9,1403.75,1395,1377.2,819,7057,9886715,
539526,"Suncare Traders Limited",X,STK,0.61,0.62,0.59,0.61,0.61,0.6,169,140659,85038,
539527,"Creative Castings Limited",X,STK,548.8,550.95,522.55,550.95,550.95,548.8,6,29,15326,
539528,"AAYUSH WELLNESS LIMITED",XT,STK,36.05,36.05,36.05,36.05,36.05,34.34,131,40264,1451517,
539533,"ELITECON INTERNATIONAL LIMITED",B,STK,53.2,54.84,50.11,54.84,54.84,52.23,4028,895784,47638394,
539542,"LUX Industries Limited",B,STK,870.3,894.3,870.3,891.75,893.65,878.85,41,294,259813,
539544,"Abhishek Infraventures Limited",X,STK,7.51,7.51,7.51,7.51,7.51,7.16,3,210,1577,
539545,"Apoorva Leasing Finance & Inve",X,STK,37.93,37.93,34.33,37.36,37.4,36.13,47,1879,66716,
539546,"AGRIBIO SPIRITS LIMITED",X,STK,266.95,266.95,258.75,258.9,258.9,262.2,30,940,244449,
539551,"Narayana Hrudayalaya Limited",A,STK,1752,1754.9,1723.55,1736.55,1732.3,1750,1196,8318,14467722,
539552,"F MEC INTERNATIONAL FINANCIAL",X,STK,71,71,66.07,68,68,65.87,24,1620,111020,
539559,"Deep Diamond India Limited",X,STK,2.9,2.92,2.84,2.92,2.92,2.79,3767,4192700,12199472,
539561,"SUPHA PHARMACHEM LIMITED",X,STK,0.45,0.45,0.44,0.45,0.45,0.43,1501,21541523,9693054,
539562,"AARNAV FASHIONS LIMITED",B,STK,24.8,29.23,24.11,25.81,26.4,24.36,111,27289,699269,
539574,"Sunshine Capital Ltd.",X,STK,0.21,0.22,0.2,0.21,0.21,0.21,2198,16874492,3568173,
539584,"SHARANAM INFRAPROJECT AND TRAD",Z,STK,0.23,0.23,0.22,0.23,0.23,0.22,194,3659728,839795,
539593,"Shivansh Finserv Limited",X,STK,6.56,7.13,6.56,6.77,6.77,6.73,20,2169,14932,
539594,"Mishtann Foods Limited",X,STK,4.03,4.13,4.01,4.05,4.09,4.03,1632,1084323,4385557,
539596,"Delta Industrial Resources Lim",X,STK,13.95,13.95,12.1,12.93,13.44,13.01,21,857,10436,
539598,"CREDENT GLOBAL FINANCE LIMITED",X,STK,32.85,32.85,30.5,31.66,31.5,30.53,72,10899,344012,
539599,"Kotia Enterprises Limited",X,STK,26.57,27.89,25.25,26.53,27.8,26.57,11,242,6614,
539607,"Blue Cloud Softech Solutions L",B,STK,19.85,20.18,19.5,19.7,19.7,19.98,2302,1214039,23973674,
539620,"KANORIA ENERGY & INFRASTRUCTUR",X,STK,14.32,14.39,13.9,14.32,14.35,13.9,29,3697,52599,
539621,"BCL Enterprises Limited",X,STK,0.51,0.52,0.49,0.52,0.52,0.5,108,135716,69867,
539636,"Precision Camshafts Limited",B,STK,129.25,131.05,124.15,125.35,124.15,127.8,257,15807,2027803,
539658,"TeamLease Services Limited",B,STK,1128.5,1154.45,1114,1131.5,1140,1128.45,179,1113,1272275,
539659,"VIKRAM KAMATS HOSPITALITY LIMI",B,STK,50.4,50.4,47.5,50.2,50.2,50,46,27755,1360063,
539660,"BEST AGROLIFE LIMITED",T,STK,16.17,16.17,15.3,15.39,15.39,15.96,322,81631,1271805,
539661,"ACE MEN ENGG WORKS LIMITED",X,STK,103,103,101.9,101.9,101.9,102.75,2,2,204,
539662,"BFL Asset Finvest Limited",X,STK,9.77,9.77,8.79,8.87,9,8.96,99,13101,117199,
539669,"RGF Capital Markets Limited",XT,STK,0.97,0.97,0.97,0.97,0.97,0.96,14,37619,36490,
539678,"Quick Heal Technologies Limite",B,STK,156.4,161.5,156.4,157.45,157.45,156.35,230,7931,1265130,
539679,"Kapil Raj Finance Ltd.",X,STK,1.98,2.2,1.8,2.2,2.2,2,545,1123667,2184535,
539682,"Mobavenue AI Tech Limited",T,STK,1248.9,1278.35,1190,1275,1275,1217.5,117,1964,2474571,
539686,"K.P. Energy Limited",B,STK,274.9,286.5,265.15,281,281,268.9,716,32674,9173846,
539692,"INTERACTIVE FINANCIAL SERVICES",X,STK,14.2,15.95,14.2,15.27,15.49,14.42,40,14818,220494,
539697,"HILIKS TECHNOLOGIES LIMITED",XT,STK,42,46.04,42,46.04,46.04,43.85,25,33330,1521001,
539724,"HYPERSOFT TECHNOLOGIES LIMITED",XT,STK,101,101.39,91.75,101.39,101.39,96.57,117,21871,2203189,
539725,"Gokul Agro Resources Ltd",B,STK,163.1,166.6,161.6,162.4,161.95,163.05,200,9204,1513231,
539730,"Fredun Pharmaceuticals Limited",X,STK,1698,1718,1610,1678.55,1678.55,1690.95,437,7833,12999705,
539742,"Simbhaoli Sugars Ltd",Z,STK,8.54,8.79,8.25,8.5,8.5,8.38,42,7660,65015,
539760,"Relicab Cable Manufacturing Li",B,STK,33.8,34.3,32.76,33.57,32.8,33.23,34,1456,49128,
539761,"Vantage Knowledge Academy Limi",X,STK,0.94,0.95,0.91,0.94,0.94,0.92,362,361315,338828,
539762,"MODERN ENGINEERING AND PROJECT",X,STK,33.61,33.61,32.55,32.89,32.75,33.61,39,7800,257066,
539767,"Mega Nirman & Industries Limit",XT,STK,40.31,43,40.31,41.17,41.49,41.13,18,2011,82112,
539770,"DARJEELING INDUSTRIIES LIMITED",X,STK,27.02,27.02,27.02,27.02,27.02,25.74,1,3,81,
539773,"Advik Capital Limited",X,STK,1.64,1.76,1.64,1.68,1.69,1.64,600,1079927,1844595,
539784,"LIC MF EXHNGE TRADED FUND NIFT",B,STK,270,270,270,270,270,270.81,1,5,1350,
539785,"Pudumjee Paper Products Limite",B,STK,76.91,77.48,76,76.78,77,76.25,54,23440,1808245,
539787,"HealthCare Global Enterprises",A,STK,572,586.75,572,577.15,573.2,576.8,379,3214,1859241,
539798,"Umiya Tubes Limited",X,STK,32.59,32.73,31.37,31.58,32.68,32.61,26,8805,286999,
539799,"Bharat Wire Ropes Limited",B,STK,164.05,166.5,163.75,164.1,164.05,163.75,40,1094,180630,
539800,"CHD Chemicals Limited",X,STK,5.01,5.05,4.99,4.99,4.99,5.01,14,15544,78028,
539807,"AvenuesAI Limited",A,STK,15.17,15.38,14.86,14.9,14.9,15.12,1353,382264,5746908,
539814,"LE LAVOIR LIMITED",X,STK,206.45,211.35,196.5,209.5,210.35,206.6,66,9846,2039825,
539834,"Balgopal Commercial limited",X,STK,165.5,172,163.05,172,172,165.5,16,955,160933,
539835,"Superior Finlease Limited",X,STK,1.94,1.94,1.7,1.7,1.7,1.73,21,2656,4929,
539837,"RAGHAV PRODUCTIVITY ENHANCERS",B,STK,708.95,708.95,675.05,680.7,690.5,698.55,230,2278,1564609,
539841,"Lancer Container Lines Limited",X,STK,9.16,9.44,9.02,9.24,9.24,9.16,713,349327,3212231,
539843,"NINtec Systems Limited",B,STK,305.95,325,302.9,304.8,304.8,327.2,53,183,56033,
539854,"Halder Venture Limited",B,STK,262.45,275.5,261.5,261.5,261.5,262.45,27,840,220239,
539871,"Thyrocare Technologies Limited",B,STK,377.1,377.5,367,369.45,369.45,374.35,422,9800,3636113,
539872,"Bajaj Healthcare Limited",B,STK,313.05,321.25,308.5,309.75,309.75,314.2,303,10182,3178572,
539875,"RSD Finance Limited",X,STK,85,85,83.14,83.14,83.14,83.14,3,48,4037,
539876,"Crompton Greaves Consumer Elec",A,STK,245.4,249.4,245.4,247.75,247.75,245.35,2715,107151,26548535,
539883,"Pilani Investment And Industri",B,STK,4462.05,4500,4324,4447.85,4460,4500,55,126,561252,
539884,"Darshan Orna Limited",X,STK,2.52,2.57,2.5,2.55,2.55,2.48,45,18138,45885,
539889,"Parag Milk Foods Limited",B,STK,201.65,210.35,201.45,202.95,203.05,201.25,660,31152,6431131,
539894,"Madhav Infra Projects Limited",X,STK,8.09,8.65,8,8.42,8.35,7.92,495,294967,2457287,
539895,"SPICE LOUNGE FOOD WORKS LIMITE",X,STK,31.38,31.49,29.1,29.42,29.1,30.12,233,22523,677723,
539900,"DALMIA INDUSTRIAL DEVELOPMENT",XT,STK,9.25,9.25,9.25,9.25,9.25,8.86,1,1,9,
539911,"Svarnim Trade Udyog Limited",X,STK,12.96,12.96,12.96,12.96,12.96,12.71,1,34,440,
539917,"NAGARJUNA FERTILIZERS AND CHEM",B,STK,4.56,4.56,4.15,4.19,4.23,4.33,203,87906,378390,
539921,"Shanti Educational Initiatives",X,STK,189.65,189.65,173,175.6,175.6,185.55,963,380461,68495036,
539922,"Rotographics (India) Limited",XT,STK,114.8,120,114.8,119.8,119.8,120.8,6,479,55004,
539927,"LIKHAMI CONSULTING LIMITED",XT,STK,415,415,411,411,411,396,5,5,2059,
539938,"Medico Intercontinental Limite",X,STK,34.6,34.6,31.39,31.69,32.65,33.04,58,4119,129887,
539939,"Yash Chemex Limited",X,STK,61,68.1,61,66.7,66.7,65.08,16,3860,253213,
539945,"ICICI Prudential NV20 ETF",B,STK,14.23,14.25,14.04,14.08,14.08,14.26,201,30917,437564,
539946,"Bazel International Limited",X,STK,20.24,21.19,19.23,20.05,20.1,20.24,107,4250,86667,
539947,"JINDAL LEASEFIN LIMITED",X,STK,51.42,51.42,51.42,51.42,51.42,48.98,2,550,28281,
539956,"TAAL TECH LIMITED",X,STK,2800.05,2862.95,2800,2800,2800,2805,59,397,1117128,
539957,"Mahanagar Gas Limited",A,STK,1047,1079,1040,1048.25,1051.7,1043.95,2316,47881,50427500,
539963,"Zeal Aqua Limited",XT,STK,12.48,12.48,11.78,11.98,11.98,12.39,587,360357,4274117,
539978,"Quess Corp Limited",A,STK,185.3,194.65,185.3,193.05,193.05,189.45,910,20989,4049626,
539979,"DIGJAM LIMITED",B,STK,41.3,41.3,40.75,40.75,40.75,40.75,18,186,7647,
539980,"ICICI Prudential BSE Midcap Se",B,STK,17.06,17.22,16.72,16.77,17.22,16.98,67,11375,191858,
539984,"HINDUSTHAN URBAN INFRASTRUCTUR",X,STK,2395,2445,2250,2290.85,2290.85,2382.15,407,2739,6412167,
539985,"Titaanium Ten Enterprise Limit",M,STK,25.76,25.76,23.99,23.99,23.99,25.25,3,4000,97730,
539986,"Commercial Syn Bags Limited",B,STK,160.25,160.25,153.05,154,154.4,155,115,17939,2755454,
539991,"CONFIDENCE FUTURISTIC ENERGETE",X,STK,31.55,32,30.64,31.57,31.57,30.48,272,55690,1756219,
539992,"LLOYDS ENGINEERING WORKS LIMIT",A,STK,45.15,45.76,43.75,43.99,44.03,44.89,794,170752,7656179,
539997,"Kwality Pharmaceuticals Limite",B,STK,1579,1710,1576.45,1662.9,1662.9,1559.7,3149,50610,83237414,
540005,"LTIMindtree Limited",A,STK,4316.95,4370.65,4255,4262.75,4265,4322.65,509,2845,12259914,
540006,"EAST WEST FREIGHT CARRIERS LTD",X,STK,2.94,2.99,2.83,2.87,2.87,2.88,158,102897,296162,
540008,"Aditya Birla Sun Life BSE Sens",A,STK,79.8,79.8,77.14,77.49,77.59,77.86,19,176,13650,
540023,"COLORCHIPS NEW MEDIA LIMITED",XT,STK,12.36,13.5,12.35,13.05,13.05,12.98,35,4982,65098,
540025,"Advanced Enzyme Technologies L",B,STK,292.3,303.55,292.3,295.2,295.4,292.25,254,5162,1541692,
540026,"Ladam Affortable Housing Limit",X,STK,6.73,7.89,6.73,7.29,7.29,6.7,15,169,1173,
540047,"Dilip Buildcon Limited",A,STK,455.4,471.65,449,452.1,453,458.65,815,21036,9722999,
540048,"S.P. Apparels Limited",B,STK,694.5,695.85,690,693.25,695.7,688.7,56,244,168986,
540061,"Bigbloc Construction Limited",B,STK,51.63,52.18,51,51.07,51,50.36,126,2490,128158,
540062,"Golden Crest Education & Servi",X,STK,271,284,271,282.55,282.55,271,5,15,4115,
540065,"RBL Bank Limited",A,STK,306.85,309.6,297,297.6,297.5,309.1,1682,90843,27448616,
540066,"AMS POLYMERS LIMITED",XT,STK,36.23,36.23,36.23,36.23,36.23,34.51,1,966,34998,
540073,"BLS International Services Ltd",A,STK,253.75,266.8,247.95,249,249,252.85,2813,172108,44232135,
540078,"Mitsu Chem Plast Limited",X,STK,93.5,96.7,93.5,95.2,94.85,95.15,64,2815,269669,
540079,"Sprayking Limited",B,STK,1.5,1.51,1.46,1.49,1.49,1.5,266,198522,293861,
540080,"Dhatre Udyog Limited",X,STK,4.44,4.84,4.42,4.5,4.5,4.38,106,40562,184422,
540081,"Sab Events & Governance Now Me",T,STK,14.79,14.79,14.79,14.79,14.79,15.09,2,13,192,
540082,"Riddhi Steel and Tube Limited",MT,STK,260,260,260,260,260,248.9,1,2250,585000,
540083,"TV VISION LIMITED",T,STK,5.67,5.79,5.58,5.74,5.79,5.87,13,2471,13995,
540097,"GAMCO LIMITED",X,STK,38.19,40.5,38.15,40.26,40.4,38.92,175,155070,6094752,
540108,"TIAAN CONSUMER LIMITED",Z,STK,6.2,6.76,6.2,6.47,6.76,6.44,22,1412,9014,
540115,"L&T Technology Services Limite",A,STK,3162.85,3227.75,3089.2,3097.25,3096,3148.15,1152,5209,16352537,
540124,"G N A Axles Limited",B,STK,427.95,432,418.9,422.25,424.75,427.95,213,3258,1386881,
540125,"Radhika Jeweltech Limited",B,STK,62,63.57,61.62,61.81,61.81,62.6,72,2726,171202,
540132,"Sabrimala Industries India Lim",X,STK,15.95,15.95,12.3,12.92,12.95,13.78,53,7769,101922,
540133,"ICICI Prudential Life Insuranc",A,STK,615.85,615.85,592.05,595.4,595.1,601.7,1474,13819,8282764,
540134,"ISHAAN INFRASTRUCTURE AND SHEL",XT,STK,8.81,8.92,8.81,8.92,8.92,9.26,4,167,1478,
540135,"ARC Finance Limited",X,STK,0.55,0.56,0.54,0.55,0.55,0.55,845,1007121,556557,
540136,"HPL Electric & Power Limited",B,STK,325,336.3,321.2,323.3,324.65,319.5,430,8676,2861365,
540143,"Sagarsoft (India) Limited",X,STK,89.99,89.99,75.5,80.74,80.74,80,19,1959,148123,
540145,"Valiant Organics Limited",B,STK,217.75,223.5,215,215.95,215,217.45,105,740,162037,
540147,"Shashijit Infraprojects Limite",X,STK,3.2,3.23,2.75,3.06,3.06,3.12,83,75159,224447,
540150,"Mewar Hi-Tech Engineering Limi",MT,STK,58.05,58.05,58.05,58.05,58.05,61.1,1,750,43537,
540153,"Endurance Technologies Limited",A,STK,2473.7,2533.5,2458.2,2485.9,2466.8,2473.05,704,2955,7381786,
540159,"PURPLE AGROTECH INDUSTRIES LIM",X,STK,5.18,5.18,4.96,5.18,5.01,5.18,11,2202,11014,
540168,"Supra Pacific Financial Servic",X,STK,27,27,24.4,25.06,25.06,26.69,584,120774,3063108,
540173,"PNB Housing Finance Limited",A,STK,796.05,805.95,774.35,776.15,776.65,790.45,1511,36850,29232970,
540174,"SOUTHERN INFOCONSULTANTS LIMIT",X,STK,21.57,22.2,21.57,22.2,22.2,21.57,5,85,1861,
540175,"REGENCY FINCORP LIMITED",X,STK,27.88,28.89,26.31,27.71,27.9,27.69,161,14305,394495,
540180,"Varun Beverages Limited",A,STK,439.95,441.45,429.75,431.1,431.1,436.6,6120,224337,97754942,
540181,"Salem Erode Investments Ltd.",X,STK,35,35,32.3,32.3,32.3,32.18,5,21,681,
540189,"Unipro Technologies Limited",XT,STK,24.37,24.37,24.37,24.37,24.37,23.9,2,70,1705,
540190,"Franklin Industries Limited",X,STK,0.38,0.38,0.37,0.38,0.38,0.37,729,2094649,792844,
540192,"LKP Securities Limited",X,STK,14.19,14.6,14.03,14.29,14.21,14.12,80,25821,368073,
540198,"OSIAJEE TEXFAB LIMITED",X,STK,430.8,436,426,427.15,426,430.8,36,5644,2441570,
540199,"Corporate Merchant Bankers Lim",X,STK,59.1,59.18,54.02,57.67,57.67,56.37,39,405,23905,
540203,"Sheela Foam Limited",A,STK,518.55,534.4,518,524.4,526.05,518.55,436,5635,2969670,
540204,"EIKO LIFESCIENCES LIMITED",X,STK,52.87,55,52.5,53.04,53.85,51.92,156,41330,2186120,
540205,"Aditya Vision Limited",A,STK,460.6,463.55,450,451.65,455.8,462.5,469,8492,3875029,
540210,"Heads UP Ventures Limited",B,STK,7.29,7.45,7.05,7.1,7.1,6.94,15,406,2941,
540212,"TCI Express Limited",B,STK,514.9,522,504,504,504,514.85,366,1316,668106,
540222,"Laurus Labs Limited",A,STK,1050.8,1067.85,1031.8,1040.15,1039.2,1037.3,2153,49519,52235893,
540243,"NEW LIGHT INDUSTRIES LIMITED",X,STK,1.36,1.39,1.34,1.39,1.39,1.36,98,23753,32733,
540252,"Viram Suvarn Limited",B,STK,8.96,9.35,8.81,9.3,9.33,8.96,484,617782,5710637,
540254,"MARG TECHNO PROJECTS LIMITED",X,STK,29.43,29.43,24.4,25.34,25.26,27,45,5244,135302,
540259,"SHANGAR DECOR LIMITED",X,STK,0.24,0.25,0.23,0.24,0.24,0.24,268,3728901,896260,
540266,"Globe Commercials Limited",X,STK,16.08,16.08,15.4,15.81,15.87,15.92,137,15326,241299,
540267,"Flora Corporation Limited",X,STK,7.3,7.3,7.3,7.3,7.3,7.01,8,28250,206225,
540268,"TruCap Finance Limited",B,STK,6.51,6.95,6.42,6.77,6.69,6.6,50,155324,1049901,
540293,"Pricol Limited",A,STK,561,565.7,550,550.8,550.8,561.2,1010,16158,9013291,
540310,"Classic Filaments Limited",XT,STK,44.66,44.66,44.66,44.66,44.66,44.66,4,124,5537,
540311,"JITF INFRALOGISTICS LIMITED",T,STK,353.8,354.65,336.1,348.05,354.6,337.8,116,5969,2109448,
540358,"RMC SWITCHGEARS LIMITED",M,STK,401,412,391.25,396.7,393.5,404.35,86,22000,8777168,
540359,"Parmax Pharma Limited",X,STK,29.9,30.6,28.5,28.85,28.85,29.9,11,721,21311,
540360,"LEADING LEASING FINANCE AND IN",X,STK,2.37,2.37,2.1,2.15,2.15,2.32,1167,2430677,5303041,
540361,"DANUBE INDUSTRIES LIMITED",X,STK,4.34,4.34,4.18,4.28,4.31,4.25,62,16839,71925,
540366,"Music Broadcast Limited",B,STK,6.09,6.09,5.75,5.8,6.02,5.7,29,4888,28461,
540376,"Avenue Supermarts Limited",A,STK,3931.9,3992.85,3906.45,3936.9,3940,3950.1,3818,16634,65582197,
540377,"IFL ENTERPRISES LIMITED",B,STK,0.4,0.4,0.39,0.4,0.4,0.39,624,2018185,801874,
540386,"Ontic Finserve Limited",X,STK,1.34,1.38,1.33,1.34,1.35,1.4,218,252919,341755,
540393,"Sarthak Metals Limited",B,STK,68.5,71.45,68.5,69.76,69.05,69.26,24,1022,70777,
540395,"Chemcrux Enterprises Limited",B,STK,89.41,91,85.14,87.62,87.99,88.63,234,9807,862793,
540396,"Manomay Tex India Limited",B,STK,228,228,222,224.5,224.5,218.75,151,10881,2439520,
540401,"Maximus International Limited",X,STK,9.33,9.34,8.5,8.96,9.23,9.11,110,41540,375190,
540403,"CL Educate Limited",B,STK,51.12,51.74,49,49.97,49.97,51.4,187,10226,515402,
540404,"PRIME FRESH LIMITED",B,STK,244.6,247,231.1,239.65,235,237.2,897,47485,11490359,
540405,"Oceanic Foods Limited",X,STK,61.92,61.94,56,56.04,58,62,24,4220,237148,
540425,"Shankara Building Products Lim",B,STK,104,108,104,105.55,106.1,104,94,3080,326530,
540455,"Escorp Asset Management Limite",B,STK,110.5,110.5,107,109.9,110,101.85,10,569,61893,
540481,"Classic Leasing & Finance Ltd.",X,STK,51.95,51.95,49.8,49.8,49.8,52.42,4,39,2019,
540492,"STARLINEPS ENTERPRISES LIMITED",T,STK,12.01,12.01,12.01,12.01,12.01,12.25,273,338640,4067066,
540497,"S Chand And Company Limited",B,STK,151,152.75,150,150.15,150,151.6,109,1103,167003,
540515,"KANUNGO FINANCIERS LIMITED",XT,STK,12.14,12.14,12.14,12.14,12.14,12.77,2,210,2549,
540519,"Meera Industries Limited",B,STK,32.63,33.7,32.2,32.5,32.51,32.6,102,8118,265384,
540526,"IRB InvIT Fund",IF,STK,60.69,60.69,60.25,60.34,60.34,60.39,405,61305,3707096,
540530,"Housing &Urban Development Cor",A,STK,178.85,182.05,176.8,177.7,177.7,179.75,3272,213132,38295459,
540544,"PSP Projects Limited",B,STK,700,700,682.35,685.4,683.05,691.1,66,857,589822,
540545,"Bhakti Gems And Jewellery Limi",XT,STK,38.5,38.5,37.8,38.4,38.4,38.05,70,32852,1256785,
540565,"IndiGrid Infrastructure Trust",IF,STK,164.81,165.93,164.81,165.31,165.35,165.14,298,41921,6928073,
540570,"VARIMAN GLOBAL ENTERPRISES LIM",X,STK,4.34,4.45,4.04,4.04,4.04,4.25,384,527034,2132476,
540575,"Star Cement Limited",A,STK,198.45,203.7,198.45,202,200.65,200,435,19005,3838787,
540590,"Riddhi Corporate Services Limi",X,STK,60.7,60.7,57.7,58.6,58.6,60.7,70,3951,232025,
540595,"Tejas Networks Limited",A,STK,475.15,492.7,463.05,470.8,470.8,465.15,23900,1757077,846654085,
540596,"Eris Lifesciences Limited",A,STK,1351.7,1362.4,1347.9,1349.4,1347.9,1350.8,126,1373,1862984,
540597,"Containerway International Lim",X,STK,14.8,15.64,14.76,14.76,14.76,14.9,14,417,6326,
540602,"GTPL Hathway Limited",B,STK,61.75,64.5,61.75,63.23,63,63.73,97,1436,91493,
540611,"AU Small Finance Bank Limited",A,STK,947.85,947.85,915.1,917.95,917.95,938.1,1039,18066,16841104,
540612,"ICICI Prudential Nifty Low Vol",B,STK,21.77,21.77,21.42,21.47,21.42,21.76,138,37696,813609,
540614,"G G Engineering Limited",X,STK,0.47,0.47,0.46,0.46,0.46,0.47,1197,5918501,2744588,
540615,"7NR Retail Limited",X,STK,3.35,3.55,3.35,3.47,3.36,3.41,113,23707,82422,
540642,"Salasar Techno Engineering Lim",B,STK,7.41,7.62,7.28,7.3,7.3,7.35,737,312234,2303431,
540647,"Ganges Securities Ltd.",B,STK,125,127.55,118,118.6,118.1,124,10,2180,258256,
540648,"Palash Securities Limited",B,STK,89,89,88.8,89,89,88.7,112,176,15658,
540649,"AVADH SUGAR & ENERGY LIMITED",B,STK,428.85,448,426.05,438.15,438.15,423.05,546,10040,4394883,
540650,"Magadh Sugar & Energy Limited",B,STK,454.05,472,448.3,454.6,449.1,455.35,130,1648,760804,
540654,"GlobalSpace Technologies Limit",X,STK,20.45,20.45,18.05,18.23,18.8,19.05,90,10224,189570,
540669,"UTI Mutual Fund",B,STK,71.84,73.05,71.5,71.58,71.8,72.27,71,2737,196996,
540673,"SIS LIMITED",B,STK,289.9,295.6,289.9,291.7,291.85,289.8,35,480,140340,
540678,"Cochin Shipyard Limited",A,STK,1475.65,1505.75,1454,1460.7,1460.7,1474.5,2596,50445,74279421,
540679,"HALEOS LABS LIMITED",B,STK,1328.6,1354.5,1251.95,1316.65,1316.65,1290,17,70,92497,
540680,"KIOCL Limited",A,STK,306.05,327.75,306.05,314.9,321.65,313.95,296,7032,2257889,
540686,"Smruthi Organics Limited",X,STK,116.7,119.75,116.2,117.95,118.3,116.55,51,1662,195678,
540691,"Aditya Birla Capital Ltd",A,STK,335.35,338,322.15,323.7,324.1,332.35,1478,52102,17216886,
540692,"Apex Frozen Foods Limited",B,STK,361.95,361.95,336.95,339.8,339.8,356.15,468,13933,4880648,
540693,"Shish Industries Limited",T,STK,14.68,14.68,14.68,14.68,14.68,14.97,165,367766,5398804,
540694,"ANG Lifesciences India Limited",B,STK,22.95,23.4,22.21,23.34,23.34,22.95,9,1207,27029,
540696,"KCD INDUSTRIES INDIA LIMITED",X,STK,5.34,5.4,4.8,4.95,4.98,5.24,73,33031,167229,
540699,"Dixon Technologies (India) Lim",A,STK,10995.5,11050,10537,10613.45,10613.45,10918.25,30621,133179,1434084581,
540700,"Bharat Road Network Limited",B,STK,18.8,19.09,18,18.75,18.75,18.35,52,9254,172639,
540701,"Dishman Carbogen Amcis Limited",B,STK,168.15,173.75,164.75,170.95,170.95,164.8,812,776275,130472893,
540702,"Lasa Supergenerics Limited",B,STK,8.3,8.3,7.6,7.97,7.81,7.95,55,8864,69528,
540703,"PRO CLB GLOBAL LIMITED",XT,STK,40,40,39.53,39.55,39.55,40.33,7,1381,54650,
540704,"Matrimony.com Limited",B,STK,404.2,404.2,393.5,394.9,393.5,400,62,1097,435632,
540709,"Reliance Home Finance Limited",Z,STK,2.46,2.46,2.46,2.46,2.46,2.35,53,57588,141666,
540710,"Capacit'e Infraprojects Limite",B,STK,220.45,228,213.25,214.5,214.5,218.8,529,13287,2934950,
540716,"ICICI Lombard General Insuranc",A,STK,1889.1,1905.9,1866,1877.75,1870,1889.7,861,5890,11149856,
540717,"Polo Queen Industrial and Fint",B,STK,18,19,18,18.02,18.09,18.25,124,43408,785238,
540718,"AAYUSH ART AND BULLION LIMITED",M,STK,1110,1119,1106.9,1110.45,1108.2,1114.55,393,52750,58607262,
540719,"SBI Life Insurance Company Lim",A,STK,1960.25,1975.35,1927.9,1936.8,1931.1,1963.5,1187,5880,11424028,
540724,"Prataap Snacks Limited",B,STK,993,993.35,988.4,988.4,988.4,994.1,3,21,20810,
540725,"Share India Securities Limited",B,STK,136.4,136.5,134,134.35,134,136.35,192,17440,2357529,
540726,"Trident Texofab Limited",B,STK,52.44,52.44,52.44,52.44,52.44,55.2,39,2414,126590,
540727,"Poojawestern Metaliks Limited",B,STK,25.9,25.9,23.65,24.34,24.9,25.58,124,13148,318656,
540728,"Sayaji Industries Limited",X,STK,97,97,93,93.35,93,95.15,17,1471,137556,
540729,"Vanta Bioscience Limited",M,STK,19.4,19.4,19.4,19.4,19.4,20.6,1,750,14550,
540730,"Mehai Technology  Limited",X,STK,1.3,1.3,1.26,1.27,1.27,1.28,369,757707,964448,
540735,"IRIS RegTech Solutions Limited",B,STK,249.45,254.4,245,245.95,245.95,246.85,113,6400,1586505,
540737,"Shree Ganesh Remedies Limited",X,STK,496,504.7,485,492.2,499.5,494.4,102,2946,1457595,
540738,"Shreeji Translogistics Limited",B,STK,7.13,7.27,7.08,7.15,7.1,7.13,150,22282,159423,
540743,"Godrej Agrovet Limited",A,STK,606.85,616.2,596.65,600.2,599.05,601.5,261,2084,1269670,
540749,"MAS Financial Services Limited",B,STK,311.3,312,302.5,303.75,302.55,309.75,135,3832,1184856,
540750,"Indian Energy Exchange Limited",A,STK,122.15,126.2,122.15,122.85,122.85,121.05,2793,250439,31133024,
540755,"General Insurance Corporation",A,STK,366.05,373.1,365,366.35,366.35,366.65,433,7677,2833444,
540757,"SHEETAL COOL PRODUCTS LIMITED",T,STK,330.2,338.75,330.2,338.75,338.75,338.75,5,71,24014,
540762,"Tube Investments of India Ltd",A,STK,2659.1,2672,2553.8,2564.1,2555.5,2649.55,1706,108086,280988900,
540767,"NIPPON LIFE INDIA ASSET MANAGE",A,STK,880.5,885.55,851,856.05,854.2,877.75,1691,30030,26113807,
540768,"Mahindra Logistics Limited",B,STK,399,407.95,393.05,396.2,394.2,396.9,233,5907,2370415,
540769,"The New India Assurance Compan",A,STK,138.2,139.05,136.25,136.75,137.95,138.1,483,20095,2769690,
540774,"IFGL Refractories Limited",B,STK,156,159.95,150,150.2,150,154.6,104,5648,884079,
540775,"Khadim India Limited",B,STK,110.35,114.75,110.35,111,111.85,109.4,265,3101,347727,
540776,"5paisa Capital Limited",B,STK,316.85,316.85,300.25,304.75,305.4,309.15,138,1197,365516,
540777,"HDFC LIFE INSURANCE COMPANY LI",A,STK,658.05,658.05,646.05,647.75,647,655.8,1752,25230,16412768,
540782,"Sanghvi Brands Limited",M,STK,11.1,11.1,11.1,11.1,11.1,11.41,1,1000,11100,
540786,"SHARIKA ENTERPRISES LIMITED",B,STK,10.72,11.25,10.5,10.64,10.5,10.94,106,32279,348372,
540787,"ICICI Prudential Mutual Fund",A,STK,121.01,123.28,121.01,121.8,122.25,122.5,354,22720,2783059,
540788,"Aspira Pathlab & Diagnostics L",X,STK,57.2,60.97,56,56.03,60.97,56.62,10,1150,65223,
540789,"Diligent Media Corporation Lim",B,STK,3.62,3.62,3.3,3.31,3.31,3.3,13,3231,11265,
540795,"Dynamic Cables Limited",B,STK,289.65,294.55,284,285.6,284,277.9,677,12836,3720657,
540797,"Shalby Limited",B,STK,146.25,152.75,146.25,147.2,148.2,146.25,226,10050,1503789,
540809,"MRC AGROTECH LIMITED",B,STK,43.79,43.79,40.25,41.68,41.68,42.99,174,50075,2113132,
540821,"CRYSTAL BUSINESS SYSTEM LIMITE",X,STK,1.72,1.76,1.69,1.72,1.76,1.7,92,24561,41963,
540824,"Astron Paper & Board Mill Limi",B,STK,4.12,4.12,4.09,4.11,4.11,3.93,48,5608,23064,
540829,"Chandrima Mercantiles limited",X,STK,6.1,6.1,5.7,5.7,5.7,5.99,178,42380,246243,
540850,"Jhandewalas Foods Limited",MT,STK,34.5,34.5,34.5,34.5,34.5,35.96,3,7000,241500,
540874,"7SEAS ENTERTAINMENT LIMITED",X,STK,70.8,74.89,69.4,71.14,71.89,69.07,72,3345,239248,
540879,"Apollo Micro Systems Limited",A,STK,217.8,223.25,211,212.9,212.9,217.8,3284,200838,43543932,
540900,"Newgen Software Technologies L",A,STK,465.4,472.95,454.15,457.45,457.45,467.65,2778,131349,60964752,
540901,"Praxis Home Retail Limited",B,STK,6.86,6.87,6.63,6.82,6.79,6.86,19,10663,72772,
540902,"Amber Enterprises India Limite",A,STK,7510,7530,7277.45,7309.65,7309.65,7516.45,2392,11527,85257569,
540904,"TIRUPATI FOAM LIMITED",XT,STK,83.8,83.8,76,76,76,80,2,5,411,
540914,"SRU Steels Limited",X,STK,1.76,1.76,1.61,1.62,1.62,1.78,648,3049643,4938937,
540923,"Ashoka Metcast Limited",B,STK,14.17,14.57,14.02,14.07,14.13,14.32,8,235,3313,
540935,"Galaxy Surfactants Limited",A,STK,1874.85,1886.65,1865,1866,1865,1874.85,50,241,452222,
540936,"Gautam Gems Limited",B,STK,3.04,3.22,3.04,3.12,3.12,3.17,68,15428,47790,
540937,"MEDICO REMEDIES LIMITED",B,STK,41.1,41.46,41,41.15,41,41.16,30,103,4242,
540938,"Gujarat Hy-Spin Limited",M,STK,8.01,8.56,8.01,8.56,8.56,8.43,4,20000,163000,
540952,"LORENZINI APPARELS LIMITED",B,STK,6.25,7.35,6.25,7.23,7.23,6.82,14,3753,26194,
540953,"Kenvi Jewels Limited",B,STK,2.36,2.45,2.25,2.37,2.35,2.31,210,92925,222958,
540954,"The Indian Wood Products Co. L",X,STK,33.6,34.98,33,34.27,34.63,34.14,82,8665,295771,
540955,"Tasty Dairy Specialities Limit",XT,STK,6.3,6.54,6,6.17,6.3,6.29,32,12206,76115,
540956,"Bhatia Communications & Retail",X,STK,22.44,22.44,21.69,22.12,22.35,21.76,131,91965,2027121,
540961,"Shiva Mills Limited",B,STK,57.1,57.1,57.1,57.1,57.1,56.9,2,61,3483,
540975,"Aster DM Healthcare Limited",A,STK,668,693.85,663.05,685,683.5,665.15,884,31128,21300508,
540980,"The Yamuna Syndicate Ltd",X,STK,26151,26600,26151,26500,26500,27000,6,6,158053,
541005,"KANCO TEA & INDUSTRIES LIMITED",X,STK,63,63.9,63,63.75,63.9,63.4,7,1107,69742,
541019,"H.G. Infra Engineering Limited",B,STK,508.6,586.2,508.6,520.7,520.7,490.45,9383,343877,189474214,
541083,"Inflame Appliances Limited",M,STK,311.1,311.1,295,301.5,300,305,21,5250,1592962,
541096,"Bharat Parenterals Limited",X,STK,1073.9,1129.5,1073.9,1115.2,1115,1039.15,12,220,237972,
541097,"DSP BlackRock Mutual Fund",F,STK,1000,1000.01,999.99,1000,1000,1000,13,6136,6135999,
541112,"Shreeshay Engineers Limited",M,STK,23.5,23.5,23.5,23.5,23.5,25.61,1,6000,141000,
541143,"Bharat Dynamics Limited",A,STK,1396.9,1425.6,1344.1,1359.85,1359.85,1385.15,9188,240797,331678604,
541144,"Active Clothing Co  Limited",B,STK,93,95.95,90.6,94,94,94.44,35,4136,386539,
541152,"GOYAL ALUMINIUMS LIMITED",T,STK,6.47,6.47,6.23,6.45,6.45,6.38,44,6670,42481,
541153,"Bandhan Bank Limited",A,STK,182,184.8,180.25,182.3,182.3,182.3,4720,335368,61318608,
541154,"Hindustan Aeronautics Limited",A,STK,4039.1,4102,3977,4005.35,4005.35,4039.1,4839,49775,200986411,
541161,"DHARAN INFRA-EPC LIMITED",Z,STK,0.19,0.19,0.19,0.19,0.19,0.19,150,593667,112796,
541163,"Sandhar Technologies Limited",B,STK,502.9,513.55,500.1,505.75,505.65,502.85,295,3477,1767824,
541167,"YASHO INDUSTRIES LIMITED",B,STK,1420.35,1439.6,1396.1,1399.3,1396.1,1390.65,32,105,148867,
541195,"Mishra Dhatu Nigam Limited",A,STK,341.8,348.5,334,336.05,334.6,342.95,781,22325,7625632,
541206,"Orissa Bengal Carrier Limited",B,STK,55.75,56,55.75,55.75,55.75,55,7,293,16384,
541228,"Taylormade Renewables Limited",B,STK,100.6,103.65,95.5,97.25,97.25,100.5,307,31218,3104106,
541233,"Lemon Tree Hotels Limited",A,STK,108,110.6,106,106.5,106.5,107.95,1389,106747,11507584,
541269,"Chemfab Alkalis Ltd",B,STK,333,391.45,333,387.5,387.5,363.3,59,431,163175,
541276,"HARDWYN INDIA LIMITED",T,STK,16.9,17.8,16.9,17.66,17.66,17.43,59,51659,900664,
541301,"Orient Electric Limited",B,STK,168,180.95,168,175.75,175,174.9,212,11370,2004900,
541302,"Dhruv Consultancy Services Lim",B,STK,31.5,31.6,30.8,30.8,30.8,30.18,38,641,20084,
541303,"Akshar Spintex Limited",B,STK,0.41,0.41,0.39,0.41,0.41,0.41,119,176246,71926,
541304,"Indo US Bio-Tech Limited",B,STK,101,103.6,98.15,99.3,98.65,100.55,109,2423,244167,
541313,"ICICI Prudential BSE 500 ETF",A,STK,37.75,38.12,37.13,37.35,37.4,38.14,190,9788,367047,
541336,"IndoStar Capital Finance Limit",B,STK,212.25,214.4,210,210.1,210,211.3,76,3630,772090,
541338,"U. H. ZAVERI LIMITED",B,STK,12.79,12.86,11.95,12.41,12.86,12.25,126,48549,607160,
541347,"Parvati Sweetners and Power Lt",XT,STK,7.94,7.99,7.57,7.92,7.92,7.94,45,5434,42503,
541352,"Megastar Foods Limited",B,STK,244,244,244,244,244,234.75,8,2231,544364,
541353,"Innovators Facade Systems Limi",M,STK,125.55,126.1,123.55,124.8,124.8,125,5,4000,500000,
541358,"UNIFINZ CAPITAL INDIA LIMITED",X,STK,96.5,96.5,92.02,92.05,92.05,96.5,17,449,42054,
541400,"ZIM Laboratories Limited",B,STK,67.59,68.49,67,67.6,67.6,67.35,58,1215,82168,
541402,"Affordable Robotic & Automatio",B,STK,173.6,178.55,167.15,168.5,168.7,172.35,254,7347,1269334,
541403,"Dollar Industries Limited",B,STK,262.35,266.3,256.9,260.3,256.9,259.05,82,3675,956717,
541418,"NAKODA GROUP OF INDUSTRIES LIM",B,STK,23.85,25.25,23.85,24.01,24.01,23.85,46,7732,188053,
541444,"Palm Jewels Limited",B,STK,16.5,16.74,16.14,16.74,16.74,16.7,8,178,2938,
541445,"Waa Solar Limited",M,STK,47,49.48,47,49.43,49.43,49.48,9,7200,346336,
541450,"Adani Green Energy Limited",A,STK,870.3,878,847,849.8,847,856.1,4738,635764,546977754,
541540,"SOLARA ACTIVE PHARMA SCIENCES",B,STK,449.75,459.3,449.4,454.1,458,449.35,296,8597,3882492,
541546,"GAYATRI HIGHWAYS LTD",B,STK,2.22,2.37,2.22,2.37,2.37,2.26,53,10639,24900,
541556,"RITES Limited",A,STK,204.85,204.9,198.9,199.4,199.4,202.7,1103,31047,6246855,
541557,"Fine Organic Industries Limite",A,STK,4275,4322.4,4264.1,4274.35,4279.7,4308.4,110,392,1680021,
541578,"Varroc Engineering Limited",A,STK,492.95,504.8,488.2,492.1,490.75,498,572,429165,210325654,
541601,"Rajnish Wellness Limited",B,STK,0.47,0.48,0.46,0.48,0.48,0.44,755,10779587,5138881,
541627,"Gujarat Winding Systems Limite",X,STK,7.3,8.18,7.3,8.18,8.18,7.31,4,38,281,
541634,"Raw Edge Industrial Solutions",B,STK,15.66,15.66,15.01,15.39,15.39,15.79,51,8752,132312,
541702,"Ashnisha Industries Limited",XT,STK,3.71,3.89,3.54,3.79,3.8,3.71,190,145820,543008,
541729,"HDFC Asset Management Company",A,STK,2521.4,2534.75,2440,2448.9,2448.9,2534.7,11250,294980,734743914,
541735,"Vivanta Industries Limited",X,STK,1.62,1.64,1.6,1.61,1.6,1.59,201,110868,180390,
541741,"Fratelli Vineyards Limited",X,STK,85.07,85.07,80,80.92,80.2,83,81,25963,2128102,
541770,"CreditAccess Grameen Ltd.",A,STK,1214.9,1227.75,1189.05,1196.75,1190,1217.65,696,9839,11912825,
541771,"AMIN TANNERY LIMITED",X,STK,1.56,1.62,1.51,1.6,1.62,1.51,42,26972,42233,
541778,"Deep Polymers Limited",B,STK,31.53,32.59,31.05,32.03,31.27,31.68,97,6733,213556,
541809,"ICICI Prudential Mutual Fund",B,STK,70.13,71.3,69.9,70.01,70.25,70.84,585,45565,3218405,
541865,"Add-Shop E-Retail Limited",B,STK,7.15,7.18,6.86,6.97,6.97,6.9,145,24785,173624,
541890,"Space Incubatrics Technologies",XT,STK,0.21,0.22,0.2,0.2,0.2,0.21,145,557834,113289,
541929,"Synergy Green Industries Limit",B,STK,500.45,504.2,474.1,501,501,501.25,140,1820,894044,
541945,"Ranjeet Mechatronics Limited",M,STK,4.26,5.3,4.26,5.3,5.3,5.3,3,24000,118880,
541946,"ICICI Prudential BSE Liquid Ra",F,STK,1000.01,1000.01,999.99,1000,1000,1000,19,29067,29067003,
541956,"IRCON International Ltd",A,STK,141.15,142.8,136.2,137.25,136.2,140.1,2453,155551,21704953,
541967,"Sky Gold And Diamonds Limited",A,STK,337,348.2,337,342.35,340.05,339.65,1332,31953,10941506,
541972,"SBI Mutual Fund",A,STK,886.29,890.76,869.27,872.01,871.82,886.24,38,911,805308,
541974,"Manorama Industries Limited",A,STK,1374.4,1383.75,1330,1334.45,1330,1375.7,305,2629,3568390,
541983,"Innovative Ideals and Services",MT,STK,15.05,15.05,15.05,15.05,15.05,14.97,2,100000,1505000,
541988,"AAVAS Financiers Limited",A,STK,1224.1,1224.1,1200.5,1210.1,1210.1,1223.25,1304,12335,14920239,
542011,"Garden Reach Shipbuilders & En",A,STK,2511.5,2575,2410.45,2445.25,2445.25,2513.3,4680,60194,150312360,
542012,"A-1 LIMITED",B,STK,22.41,22.41,22.41,22.41,22.41,24.89,1143,179028,4012017,
542013,"Dolfin Rubbers Limited",B,STK,170.05,178.95,170.05,178.4,178.95,171.9,33,363,64317,
542019,"Shubham Polyspin Limited",B,STK,57.75,57.8,53.32,56.13,57,56.12,168,36186,1999346,
542020,"AKI India Limited",B,STK,5.07,5.07,4.74,5.05,5.05,4.94,30,32798,164040,
542034,"S. M. Gold Limited",B,STK,12.45,12.45,11.8,12.26,12.32,12.2,74,8487,104166,
542046,"VIVID MERCANTILE LIMITED",T,STK,8.88,8.89,8.05,8.05,8.05,8.47,378,1103687,9659928,
542057,"BCPL Railway Infrastructure Li",B,STK,61.9,62.69,60.03,60.45,60.12,61.57,207,9016,556048,
542066,"ADANI TOTAL GAS LIMITED",A,STK,479.55,569.2,474.75,569.2,569.2,474.35,41520,2426263,1341991216,
542123,"The Phosphate Company Limited",X,STK,138,138,138,138,138,138,2,15,2070,
542131,"Mirae Asset Mutual Fund",B,STK,262.69,262.81,257.76,258.2,258,262.52,186,17120,4452363,
542141,"Techno Electric & Engineering",A,STK,1104.15,1137.45,1099,1105.15,1105.15,1100.5,1124,15254,17080140,
542145,"Roni Households Limited",M,STK,44,44,44,44,44,44,1,3600,158400,
542146,"Shree Krishna Infrastructure L",MT,STK,9.31,9.31,9.31,9.31,9.31,9.8,4,18750,174562,
542155,"Diksha Greens Limited",MT,STK,1.21,1.21,1.21,1.21,1.21,1.23,2,4000,4840,
542206,"NIVAKA FASHIONS LIMITED",X,STK,1.77,1.77,1.76,1.77,1.77,1.69,22,11670,20631,
542216,"DALMIA BHARAT LIMITED",A,STK,1848.95,1881.4,1846,1853.85,1847.5,1851.8,983,11489,21360534,
542230,"Aditya Birla Sun Life Mutual F",B,STK,70.37,72,69.59,71.99,72,70.37,24,81967,5763045,
542231,"Nila Spaces Ltd",B,STK,13,13.83,13,13.44,13.23,13.22,206,20269,272859,
542232,"Shankar Lal Rampal Dye-Chem Li",B,STK,53.95,53.95,48.79,50.23,50.23,51.77,74,2930,145577,
542233,"Trejhara Solutions Limited",B,STK,166.1,174.8,164,168.5,174.8,171.5,73,2344,393256,
542248,"Deccan Health Care Limited",B,STK,13.35,13.35,12.9,12.92,12.91,12.74,28,1965,25381,
542285,"Axita Cotton Limited",T,STK,8.71,9.18,8.71,8.8,8.8,8.75,206,120927,1079594,
542323,"KPI Green Energy Limited",A,STK,360,373,360,363.65,363.65,356.3,1164,46767,17130786,
542332,"Hi-Klass Trading and Investmen",XT,STK,44.07,44.07,44.07,44.07,44.07,41.98,1,3,132,
542333,"RPSG VENTURES LIMITED",B,STK,615,635,607.45,628.75,621,614.9,110,1694,1050663,
542337,"Spencer's Retail Limited",B,STK,31.98,32.15,31.29,31.66,31.29,31.98,147,5274,168580,
542351,"Gloster Ltd",B,STK,543.2,543.2,543,543.1,543,540.15,2,9,4888,
542367,"Xelpmoc Design and Tech Limite",B,STK,137.95,137.95,118.25,118.9,119,123.45,30,605,72532,
542376,"SPA Capital Services Limited",XT,STK,219.9,219.9,219.9,219.9,219.9,209.45,1,1,219,
542383,"Ritco Logistics Limited",B,STK,217,227.4,196.05,197.65,197,215.3,263,3347,703077,
542399,"Chalet Hotels Limited",A,STK,746.65,778.55,738.1,774.85,774.75,739,328,2769,2103356,
542437,"Anmol India Limited",B,STK,11.05,11.42,11.05,11.12,11.1,11.22,50,9220,103537,
542446,"Jonjua Overseas Limited",M,STK,2.72,2.99,2.72,2.98,2.98,2.72,24,115704,327104,
542459,"Kranti Industries Limited",B,STK,59.19,59.19,57.5,58,58,58.11,44,4518,264003,
542460,"The Anup Engineering Ltd",A,STK,1505.9,1575.85,1497.15,1529.1,1532,1505.8,448,5115,7906221,
542484,"Arvind Fashions Limited",A,STK,409.7,411.65,397.25,400.95,401.65,412.8,476,10146,4092340,
542503,"Mahip Industries Limited",MT,STK,20.78,20.78,20.78,20.78,20.78,20.4,1,4000,83120,
542513,"UTI BSE  Sensex Next 50 ETF",A,STK,88.45,88.45,86.93,86.95,86.93,88.45,20,295,25701,
542543,"Energy Infrastructure Trust",IF,STK,83,83,81.65,81.94,82.5,83.09,25,650000,53636000,
542579,"Ashapuri Gold Ornament Limited",B,STK,4.55,4.55,4.4,4.42,4.44,4.48,764,316810,1407707,
542580,"Aartech Solonics Limited",B,STK,41,41.2,40.27,40.69,40.77,41,8,72,2931,
542592,"Humming Bird Education Limited",M,STK,18.5,18.5,18.5,18.5,18.5,19.4,1,1250,23125,
542597,"MSTC Limited",B,STK,424.55,439.5,421.95,423.7,423,424.45,299,9707,4209715,
542602,"Embassy Office Parks REIT",IF,STK,421.8,425.6,418.82,421.53,421.2,421.01,1114,218583,91827509,
542627,"Chandni Machines Limited",XT,STK,71.99,72.14,71.99,72.14,72.14,68.71,35,8671,625510,
542628,"Northern Spirits Limited",B,STK,118.75,123,114,115.5,115.2,119.05,219,8455,991102,
542649,"Rail Vikas Nigam Limited",A,STK,284.45,288.9,275.75,277.5,277.5,283.5,3691,232884,65721216,
542650,"Metropolis Healthcare Limited",A,STK,1847.35,1851.7,1825,1839.65,1838.5,1816.4,206,1183,2176311,
542651,"KPIT Technologies Ltd",A,STK,697.45,708.7,680.55,683.9,683.9,693.4,5862,120360,83241810,
542652,"Polycab India Limited",A,STK,7722.05,7722.05,7385,7431.85,7431.85,7723.1,12707,58182,436957572,
542654,"V R FILMS & STUDIOS LIMITED",B,STK,13.25,13.25,10.6,12,12,13.14,63,16272,188659,
542655,"VIKAS LIFECARE LIMITED",B,STK,1.31,1.35,1.3,1.33,1.32,1.32,442,711430,945615,
542665,"Neogen Chemicals Limited",B,STK,1476.4,1494.05,1432.25,1435.15,1433.5,1492.75,278,1417,2093273,
542666,"G. K. P. Printing & Packaging",B,STK,5.98,6,5.78,5.82,5.78,5.86,44,6358,37509,
542668,"EVANS ELECTRIC LIMITED",M,STK,80.01,80.01,75,77.79,77.79,77.55,12,13000,1000380,
542669,"BMW INDUSTRIES LIMITED",B,STK,33.5,34.4,32.65,33.47,33.47,32.62,868,195400,6529000,
542670,"Artemis Electricals and Projec",X,STK,19.01,19.13,17.8,18.25,18.4,17.79,233,78712,1439388,
542679,"Dhanashree Electronics Limited",XT,STK,161.7,161.7,161.5,161.5,161.5,154,12,597,96519,
542682,"Harish Textile Engineers Limit",X,STK,64.53,67.8,62,66.86,66.75,64.5,23,1810,113713,
542684,"Prakash Pipes Limited",B,STK,198.4,213.5,196,202.65,202.65,193.8,485,11145,2296934,
542685,"Digicontent Limited",B,STK,25.29,25.6,22.33,24.22,23.79,24.93,25,11135,263551,
542694,"Parshva Enterprises Limited",T,STK,163,163,163,163,163,163,2,10,1630,
542721,"Anand Rayons Limited",B,STK,78.9,78.9,78.9,78.9,78.9,83.05,33,1142,90103,
542724,"Murae Organisor Limited",T,STK,0.21,0.21,0.2,0.21,0.21,0.21,573,11267393,2304306,
542725,"SBC EXPORTS LIMITED",B,STK,32.2,32.68,32.01,32.12,32.31,32.18,285,791094,25445956,
542726,"IndiaMART InterMESH Limited",A,STK,2170,2180,2120.15,2129.15,2131.9,2179.05,278,1647,3542369,
542727,"CITY PULSE MULTIVENTURES LIMIT",M,STK,2732,2842,2710,2816.25,2800,2883,19,2950,8293110,
542729,"DCM NOUVELLE LIMITED",B,STK,114.65,123.85,114.65,121.2,119,110.85,88,3529,418034,
542730,"ICICI Prudential Mutual Fund",B,STK,57.91,58.3,56.9,56.97,56.97,58.46,1016,161100,9185672,
542747,"NIPPON INDIA ETF SENSEX NEXT 5",A,STK,85.81,86.99,85,85.25,86.1,86.23,203,7861,675744,
542752,"AFFLE 3I LIMITED",A,STK,1399.95,1427,1388.65,1412.2,1411.7,1398.15,753,9274,13093242,
542758,"ICICI Prudential Mutual Fund",B,STK,27.26,27.26,26.64,26.71,26.67,27.44,449,98648,2650173,
542759,"Spandana Sphoorty Financial Li",B,STK,232.6,236.1,227.15,229.4,229.4,231,528,9639,2223894,
542760,"STERLING AND WILSON RENEWABLE",A,STK,178.75,183.6,177.75,178.7,178,177.45,1150,132817,23957509,
542765,"Transpact Enterprises Limited",MS,STK,217.05,234.9,217.05,234.9,234.9,228.45,9,5500,1226850,
542770,"Alphalogic Techsys Limited",B,STK,38.5,38.5,36.75,37.42,37.42,37.79,64,2696,100535,
542772,"360 ONE WAM LIMITED",A,STK,1054,1064.95,1039.95,1044.9,1044.9,1056.25,985,9825,10359012,
542773,"IIFL CAPITAL SERVICES LIMITED",A,STK,303.7,306,295.25,297.6,298.8,303.75,807,25195,7541060,
542774,"MUFIN GREEN FINANCE LIMITED",B,STK,111.5,111.5,104.85,105.75,105.75,106.9,128,42268,4477410,
542802,"Galactico Corporate Services L",B,STK,1.72,1.8,1.7,1.74,1.74,1.74,174,121976,214176,
542803,"Vaxfab Enterprises Limited",X,STK,43.18,44.35,41.5,41.53,42.5,42.97,58,17388,729898,
542812,"Gujarat Fluorochemicals Limite",A,STK,3292.7,3292.7,3207.7,3243.6,3251,3293.8,339,1707,5551067,
542830,"Indian Railway Catering and To",A,STK,548.1,552.15,532.35,534.15,534.15,548.1,12037,201883,109187357,
542850,"GOBLIN INDIA LIMITED",M,STK,7.16,8.05,7.1,7.19,7.48,7.3,15,132000,951880,
542852,"Vishwaraj Sugar Industries Lim",B,STK,5.33,5.4,5.26,5.3,5.3,5.15,63,12564,66972,
542857,"Greenpanel Industries Limited",B,STK,196.45,198.1,194.5,195.15,195.75,195.35,162,2475,485400,
542862,"Shahlon Silk Industries Limite",X,STK,22.49,22.49,21.65,21.65,21.65,22.49,14,15901,345328,
542863,"Aditya Birla Sun Life Mutual F",B,STK,57.98,58.26,57,57.28,58.26,58.48,72,1276,73393,
542865,"Anuroop Packaging Limited",B,STK,11.1,11.92,11.1,11.58,11.9,11.09,57,11307,128932,
542867,"CSB Bank Limited",A,STK,357.6,370.1,355,358.6,356.25,357.5,944,23818,8660297,
542904,"Ujjivan Small Finance Bank Lim",A,STK,56.04,56.9,53.63,53.94,53.94,56.04,2218,360947,19927304,
542905,"Hindware Home Innovation Limit",B,STK,213.65,214.05,205.3,207.1,206.7,213.6,108,31794,6620061,
542907,"Prince Pipes and Fittings Limi",B,STK,267.95,270.95,257.05,262.3,262.3,249.2,1583,80513,21432383,
542909,"Edelweiss Mutual Fund",F,STK,1572.3,1572.41,1562.03,1562.2,1562.03,1572.3,17,322,505323,
542910,"Valencia Nutrition Limited",MS,STK,61.28,61.28,61.28,61.28,61.28,55.71,1,1500,91920,
542911,"Assam Entrade Limited",X,STK,874,874,874,874,874,845.5,1,1,874,
542918,"Gian Life Care Limited",Z,STK,7.72,7.98,7.49,7.81,7.95,7.88,17,1226,9633,
542919,"Artemis Medicare Services Limi",B,STK,227.85,232.7,227.85,231,232.65,229.65,68,2270,523478,
542920,"SUMITOMO CHEMICAL INDIA LIMITE",A,STK,392.5,399.05,388.95,392.8,392.85,393.65,596,7892,3094597,
542921,"ICICI Prudential Mutual Fund",B,STK,21.93,21.96,21.55,21.59,21.57,21.83,263,38933,847428,
542922,"Mirae Asset Mutual Fund",B,STK,693.5,695.8,682.24,683.95,682.95,691.01,145,1147,786991,
542933,"UNIVERSUS PHOTO IMAGINGS LIMIT",T,STK,508.95,508.95,490.05,508.95,508.95,499,33,1512,750625,
542934,"Chandra Bhagat Pharma Limited",M,STK,34.76,34.76,34.76,34.76,34.76,36.58,1,1000,34760,
542938,"Octavius Plantations Limited",X,STK,40.76,41.3,40.76,41.3,41.3,42.9,3,1833,74740,
543064,"Cohance Lifesciences Limited",A,STK,295.8,312.7,289.2,293,291.65,295.8,4898,119733,36092433,
543066,"SBI CARDS AND PAYMENT SERVICES",A,STK,722,722,711.2,715.05,715.05,715.45,2961,22819,16357104,
543071,"Nippon India Mutual Fund",F,STK,18.39,18.39,15.08,16.27,16.75,16.75,15,1049,15837,
543087,"Nippon India Mutual Fund",F,STK,183.48,183.48,183.48,183.48,183.48,166.89,1,1,183,
543099,"UTI Mutual Fund",F,STK,62.5,62.5,62.5,62.5,62.5,56.82,1,1,62,
543110,"UTI Mutual Fund",F,STK,7.2,7.91,7.08,7.08,7.08,7.2,12,229,1631,
543144,"Nippon India Mutual Fund",B,STK,5.54,5.94,5.4,5.75,5.75,5.4,9,628,3396,
543150,"Nippon India Mutual Fund",B,STK,2.61,2.7,2.54,2.65,2.56,2.6,38,7616,19888,
543153,"Nippon India Mutual Fund",B,STK,30.99,30.99,30.98,30.98,30.98,30.99,2,23,712,
543161,"Nippon India Mutual Fund",F,STK,118,118,118,118,118,118,1,6,708,
543165,"Nippon India Mutual Fund",F,STK,135,135,135,135,135,150,5,20,2700,
543167,"Nippon India Mutual Fund",F,STK,2.43,2.43,2.11,2.38,2.11,2.25,18,1072,2571,
543171,"RO Jewels Limited",B,STK,1.44,1.44,1.35,1.39,1.43,1.4,99,46930,66093,
543173,"Nippon India Mutual Fund",B,STK,14.87,14.87,13.59,14.58,14.58,13.58,5,61,891,
543174,"Nippon India Mutual Fund",B,STK,2.44,2.47,2.34,2.41,2.41,2.44,23,2704,6467,
543175,"Nippon India Mutual Fund",B,STK,3.7,3.95,3.7,3.91,3.91,3.61,12,1309,4967,
543176,"Nippon India Mutual Fund",B,STK,55.09,55.12,55.09,55.12,55.12,50.11,5,21,1157,
543177,"Nippon India Mutual Fund",B,STK,7.9,7.9,7.2,7.55,7.55,7.54,31,2483,18667,
543178,"Nippon India Mutual Fund",B,STK,28.82,28.82,28.82,28.82,28.82,32.01,1,5,144,
543181,"Nippon India Mutual Fund",B,STK,26.71,29.19,26.71,28.87,28.87,26.58,8,2073,57838,
543182,"Nippon India Mutual Fund",B,STK,39.8,43.53,36.99,41.48,41.48,39.61,13,526,19988,
543184,"Nippon India Mutual Fund",B,STK,39.43,39.43,39.43,39.43,39.43,35.99,1,1,39,
543186,"Nippon India Mutual Fund",B,STK,5.8,5.8,5.44,5.52,5.55,5.44,13,140,795,
543187,"HITACHI ENERGY INDIA LIMITED",A,STK,25399.65,25636.3,24787.05,24922.85,24910,25228.4,2466,7714,194064498,
543193,"DJ Mediaprint & Logistics Limi",T,STK,91,91.39,85.26,85.45,85.5,87.99,12,494,42327,
543207,"Natural Biocon (India) Limited",X,STK,4.3,4.74,4.3,4.35,4.35,4.39,94,46041,201704,
543208,"REGIS INDUSTRIES LIMITED",X,STK,2.4,2.43,2.39,2.41,2.41,2.39,59,21105,50750,
543209,"Billwin Industries Limited",M,STK,25.01,26.85,25,26.68,26.68,27.56,8,27000,685980,
543210,"Aarti Surfactants Limited",B,STK,367.9,370,360.4,367.25,363.3,360.65,210,711,261101,
543211,"BONLON INDUSTRIES LIMITED",T,STK,38.62,40,38.11,38.69,38.66,38.38,46,3181,124701,
543212,"Borosil Limited",B,STK,259.4,264.25,255,260.15,260.15,252.85,1030,28947,7539280,
543213,"ROSSARI BIOTECH LIMITED",B,STK,461.3,469,459.1,461.5,459.1,461.2,81,742,344399,
543214,"NDR Auto Components Limited",B,STK,748.95,748.95,706.65,709.55,706.65,718.5,87,517,374618,
543216,"Edelweiss Mutual Fund",F,STK,1404.96,1404.96,1404.96,1404.96,1404.96,1402.91,1,2,2809,
543217,"Mindspace Business Parks REIT",IF,STK,462.99,463.28,452.66,459.49,460.1,461.33,520,7179,3292557,
543218,"SURATWWALA BUSINESS GROUP LIMI",B,STK,27.1,28.4,27.1,27.13,27.1,27.43,49,6364,175576,
543219,"ICICI Prudential Mutual Fund",B,STK,27.02,27.03,26.6,26.63,26.68,27.04,124,36635,984291,
543220,"Max Healthcare Institute Limit",A,STK,1040.55,1040.8,1025,1031.75,1033.5,1042.9,2224,276025,284313278,
543221,"ICICI Prudential Mutual Fund",B,STK,32.81,33.38,32.75,32.8,32.82,33.15,232,33598,1106939,
543223,"Max India Limited",B,STK,152.8,158.7,151.4,151.5,152.55,149.25,65,2099,322453,
543224,"HDFC Mutual Fund",B,STK,58.28,58.45,57.25,57.3,57.3,58.44,32,1855,106508,
543225,"Altius Telecom Infrastructure",IF,STK,157,158,156.9,157.72,158,157.51,20,1150000,181352500,
543226,"UTI Mutual Fund",B,STK,58.01,59.04,57.5,57.51,57.87,58.76,21,469,27145,
543227,"Happiest Minds Technologies Li",A,STK,409.05,454.6,406.35,411.4,411.4,400.85,121501,6535986,2832671698,
543228,"Route Mobile Limited",B,STK,482.25,489.9,480.05,482.75,482,480.4,493,9038,4388493,
543229,"Samrat Forgings Limited",X,STK,213.9,213.9,199,199,199,216,13,73,14602,
543230,"ADVAIT ENERGY TRANSITIONS LIMI",B,STK,1650.05,1668.4,1610,1615.95,1617.9,1624.6,409,2751,4530895,
543231,"Archidply Decor Limited",B,STK,66.2,71,66.2,70.51,70.51,65,11,512,36271,
543232,"Computer Age Management Servic",A,STK,670.6,681.95,670.6,676.9,676.9,670.3,1959,439597,297626794,
543233,"Chemcon Speciality Chemicals L",B,STK,160.95,163.65,156.3,156.9,156.3,157.1,138,5345,848679,
543234,"Secmark Consultancy Limited",B,STK,119.8,120.25,112,112.35,117.95,117.3,28,503,57612,
543235,"ANGEL ONE LIMITED",A,STK,226.8,227.6,218,218.75,218.75,225.4,4819,234953,52189253,
543236,"Atam Valves Limited",B,STK,59.4,64.55,59,62.14,62.03,58.59,50,2789,169372,
543237,"Mazagon Dock Shipbuilders Limi",A,STK,2518.95,2539,2429,2436.75,2436.75,2480.35,8424,134286,332022199,
543238,"UTI Asset Management Company L",A,STK,982,997.1,976.15,983.75,978.35,979.05,333,4530,4455099,
543240,"Likhitha Infrastructure Limite",B,STK,147.95,153.3,147.15,148.75,148.5,149.7,191,15290,2286136,
543241,"Veer Global Infraconstruction",T,STK,83.01,83.01,83,83,83,83.01,5,162,13447,
543242,"Hemisphere Properties India Li",B,STK,138,142.2,138,139.75,140.2,137.35,609,44601,6257154,
543243,"Equitas Small Finance Bank Lim",A,STK,58.62,59.48,57.8,58.11,58.11,58.28,1224,78666,4606807,
543244,"Shine Fashions (India) Limited",M,STK,26.98,26.99,26.98,26.99,26.99,26.99,3,12000,323840,
543245,"Gland Pharma Limited",A,STK,1684.15,1710.15,1661,1665.6,1661,1686.65,335,1971,3327021,
543246,"Mirae Asset Mutual Fund",B,STK,40.91,40.91,40.42,40.42,40.42,40.73,2,6,243,
543248,"Restaurant Brands Asia Limited",A,STK,62.4,62.6,62.01,62.03,62.01,62.44,230,284314,17738006,
543249,"TARC LIMITED",B,STK,139.7,140.65,135.5,136.95,136.95,139.6,215,35619,4894692,
543250,"Motilal Oswal Mutual Fund",F,STK,63.6,63.6,63.6,63.6,63.6,63.78,1,84,5342,
543251,"Ravinder Heights Limited",B,STK,40.6,40.6,38.24,38.32,38.8,39.7,44,1074,41593,
543252,"Fairchem Organics Limited",B,STK,635,635,544.2,550.1,555.15,559.55,217,654,365270,
543253,"Mrs. Bectors Food Specialities",A,STK,187.5,192,186.35,187.9,187.2,187.4,1133,58290,11032583,
543254,"Antony Waste Handling Cell Lim",B,STK,476.5,513.2,473.4,477.05,479.7,472.35,593,14087,6983386,
543255,"Nippon India Mutual Fund",B,STK,948.57,948.75,933.5,934.26,940,943.89,74,1001,936577,
543256,"RITA FINANCE AND LEASING LIMIT",X,STK,18.23,21.68,18.23,19.17,21.08,18.48,10,1327,25430,
543257,"Indian Railway Finance Corpora",A,STK,101.15,101.75,99.05,99.3,99.3,100.7,5708,1176897,118363645,
543258,"Indigo Paints Limited",B,STK,840.05,851.1,818.1,823.6,828.85,842.7,651,6740,5609950,
543259,"Home First Finance Company Ind",A,STK,1099.35,1099.35,1051.05,1052.8,1057,1078.2,471,5147,5477641,
543260,"STOVE KRAFT LIMITED",B,STK,490,567.55,488,545.05,545.05,487.8,1627,55808,29605741,
543261,"Brookfield India Real Estate T",IF,STK,340.6,345.19,340.6,341.66,340.9,341.08,323,5649,1938204,
543262,"MRP Agro Limited",M,STK,91,91,91,91,91,90.66,1,1000,91000,
543263,"SMC Global Securities Limited",B,STK,74.08,74.08,71.65,72.72,72.51,72.28,161,9537,692075,
543264,"Nureca Limited",B,STK,266.75,270.15,260,260,260,264.25,105,1547,407412,
543265,"RailTel Corporation of India L",A,STK,287.85,293.55,281.95,283.45,283.45,288.5,2425,134057,38790399,
543266,"Heranba Industries Limited",B,STK,190.25,194.85,186.4,186.65,187.3,186.95,111,4284,815379,
543267,"Davangere Sugar Company Limite",B,STK,3.89,4,3.89,3.94,3.95,3.97,253,219759,867067,
543268,"DRC Systems India Limited",B,STK,13.58,14.71,13.2,13.26,13.23,13.59,129,24850,331650,
543270,"MTAR Technologies Limited",A,STK,3752,3758.95,3545,3575.05,3575.05,3711.9,1252,11398,41583182,
543271,"Jubilant Ingrevia Limited",A,STK,568.4,591,568,571.3,571.4,570.4,755,15355,8900731,
543272,"Easy Trip Planners Limited",A,STK,7.37,7.76,7.29,7.34,7.34,7.36,2002,2322149,17279682,
543273,"Knowledge Marine & Engineering",B,STK,1642.7,1669.75,1587,1598.35,1587,1642.9,625,7432,12100028,
543275,"Anupam Rasayan India Limited",A,STK,1301.5,1348.25,1289.8,1299,1299.2,1293.95,692,9022,11873661,
543276,"Craftsman Automation Limited",A,STK,7385,7411.05,7243.5,7333.75,7243.5,7432.65,754,2398,17587200,
543277,"Laxmi Organic Industries Limit",A,STK,121.8,125.95,120.3,120.8,120.8,122.45,780,34418,4239102,
543278,"Kalyan Jewellers India Limited",A,STK,394,404.8,388.6,390.75,390.75,392.5,3547,130191,51632756,
543279,"Suryoday Small Finance Bank Li",B,STK,132,136.85,132,134,132.65,133.85,150,5636,759925,
543280,"Nazara Technologies Limited",A,STK,249.85,254.9,241.95,245.65,245.65,245.5,942,79141,19743476,
543281,"Suvidhaa Infoserve Limited",B,STK,2.75,2.78,2.75,2.78,2.78,2.75,7,2141,5906,
543283,"UNITED FOODBRANDS LIMITED",B,STK,231,236.1,222,223.35,223.05,228.95,72,2024,462040,
543284,"EKI Energy Services Limited",B,STK,86.4,88.4,82.45,83.21,83.05,86.11,1054,69692,5887114,
543285,"Rajeshwari Cans Limited",MT,STK,23.21,24.39,22.18,23.85,23.85,23.34,19,15200,339568,
543287,"Lodha Developers Limited",A,STK,901.9,919.35,877.15,878.55,878.55,901.85,1212,26495,23645334,
543288,"Deep Industries Limited",B,STK,345,353.25,340,345.3,345.3,347.1,342,11984,4178970,
543290,"POWERGRID Infrastructure Inves",IF,STK,91.64,91.64,90.17,90.88,90.88,91.19,1182,118909,10828684,
543291,"Mirae Asset Mutual Fund",B,STK,163.74,163.74,162.84,163.74,163.74,160.77,607,36188,5917097,
543292,"ICICI Prudential Mutual Fund",B,STK,152.69,154.71,152.69,153.07,153,153.54,174,7631,1175760,
543298,"Vineet Laboratories Limited",B,STK,30.21,30.21,30.21,30.21,30.21,29.87,1,140,4229,
543299,"Shyam Metalics and Energy Limi",A,STK,799.9,799.9,782.45,785.1,788.85,790.75,269,3253,2565232,
543300,"Sona BLW Precision Forgings Li",A,STK,518.15,536.7,515.55,517,517,512.05,5846,326598,172898659,
543306,"Dodla Dairy Limited",A,STK,1014.4,1028.95,1011.95,1017.1,1014.05,1009.85,41,155,158302,
543308,"Krishna Institute of Medical S",A,STK,693,697.6,675,676.15,680,688.4,483,9705,6658027,
543311,"India Pesticides Limited",B,STK,155.15,155.2,145.35,146.25,146.1,151.8,373,9212,1391247,
543312,"Focus Business Solution Limite",M,STK,124,124,124,124,124,125,1,2133,264492,
543317,"G R Infraprojects Limited",A,STK,956.9,956.9,917.35,924.2,917.35,934.5,89,622,584520,
543318,"Clean Science and Technology L",A,STK,743.55,762.5,735.6,743.75,736.7,751,745,9859,7420389,
543320,"Eternal Limited",A,STK,226.35,227.9,223,223.8,223.8,226.1,15875,4479426,1010649725,
543321,"Tatva Chintan Pharma Chem Limi",B,STK,1156.4,1169.4,1130.3,1152.95,1146.45,1156.35,282,3500,4006631,
543322,"ALIVUS LIFE SCIENCES LIMITED",A,STK,932.45,957.65,929.55,950.7,939.2,939.1,1731,3897,3688941,
543323,"Mirae Asset Mutual Fund",B,STK,27.17,27.3,26.78,26.84,26.78,27.43,104,46696,1259409,
543324,"Gretex Corporate Services Limi",T,STK,375.35,375.35,375.35,375.35,375.35,375.35,5,5,1876,
543325,"Rolex Rings Limited",B,STK,122.1,125.35,120.7,122.5,122.85,122.05,474,49329,6117736,
543326,"ICICI Prudential Mutual Fund",B,STK,52.51,53.01,52.41,52.51,52.49,52.97,253,31899,1677550,
543327,"Exxaro Tiles Limited",B,STK,7,7.18,6.85,6.94,7.07,6.84,85,21586,150564,
543328,"Krsnaa Diagnostics Limited",B,STK,608.6,628,606.7,618.25,621.8,606.2,192,8287,5139620,
543329,"Windlas Biotech Limited",B,STK,760.75,768.6,733.4,741.6,747.3,757,126,1715,1275358,
543330,"Devyani International Limited",A,STK,112.4,113.05,110.4,111.9,112.1,110.6,1864,156587,17531812,
543331,"Meghmani Organics Limited",B,STK,44.77,46.55,44.6,44.83,44.85,45.63,499,70052,3193842,
543332,"Epigral Limited",A,STK,885.5,908,872.9,876.85,880,885.45,477,4527,4036233,
543333,"CarTrade Tech Limited",A,STK,1760.25,1768,1680.1,1690.65,1685,1764.45,1325,14811,25572015,
543334,"Nuvoco Vistas Corporation Limi",A,STK,285.2,328.1,285.2,296.5,294,286.8,1962,68339,21037389,
543335,"Aptus Value Housing Finance In",A,STK,232,235.1,227.95,228.5,228.5,231.95,1042,74941,17285337,
543336,"Chemplast Sanmar Limited",B,STK,257.8,277,256.1,266.9,276,257.8,881,38412,10170838,
543341,"SHARPLINE BROADCAST LIMITED",X,STK,11.67,11.67,10.8,11.04,11.04,11.25,25,3279,36140,
543346,"Aashka Hospitals Limited",M,STK,74,74,74,74,74,69.38,1,1000,74000,
543347,"Axis Mutual Fund",B,STK,328.16,328.16,322.78,325.09,326.45,332.21,19,339,110165,
543348,"Axis Mutual Fund",B,STK,152.85,152.85,151.85,151.85,151.85,151.01,2,17,2591,
543349,"ACUTAAS CHEMICALS LIMITED",A,STK,2226.9,2255.95,2172.75,2193.35,2192,2226.3,724,5802,12829194,
543350,"Vijaya Diagnostic Centre Limit",A,STK,947.5,968.1,946.9,963.45,961.95,947.45,522,3573,3419293,
543351,"Naapbooks Limited",MS,STK,85,96,85,96,96,87.2,10,13200,1144080,
543357,"Axis Mutual Fund",B,STK,114.03,115.21,111.59,112.18,111.59,114.03,9,52,5845,
543358,"Sansera Engineering Limited",A,STK,2241.05,2241.05,2133.3,2163.2,2133.3,2184.05,538,5571,12146038,
543363,"Prevest Denpro Limited",M,STK,403.05,419.05,402,409.05,408.05,407.15,28,26600,11084760,
543364,"Markolines Pavement Technologi",B,STK,153.7,156.9,152.55,153.15,154.15,153.3,460,13715,2130270,
543365,"Mirae Asset Mutual Fund",B,STK,67.54,70.67,67.54,69.55,69.55,69.28,308,14150,988537,
543367,"Paras Defence and Space Techno",A,STK,703.5,724.45,675,679.3,679.3,703.1,3802,114033,79598249,
543373,"Shri Venkatesh Refineries Limi",M,STK,290,290,245,252.5,260,243.05,9,5000,1261475,
543374,"Aditya Birla Sun Life AMC Limi",A,STK,990.15,1022,990.15,1009.7,1015,976.95,5304,81490,82059949,
543376,"Samor Reality Limited",B,STK,67.5,67.5,67.5,67.5,67.5,70.99,1,50,3375,
543378,"CWD Limited",MS,STK,318,318,306.6,307,307,318,5,3000,926300,
543383,"ICICI Prudential Mutual Fund",B,STK,115.02,115.09,112.49,112.64,113.68,114.66,26,105,11940,
543384,"FSN E-Commerce Ventures Limite",A,STK,262.4,262.4,251,251.8,251.15,257,3211,138729,35382901,
543386,"Fino Payments Bank Limited",B,STK,178.7,181,176.8,179.55,180,178.6,283,9369,1679186,
543387,"S.J.S. Enterprises Limited",A,STK,1699.35,1699.35,1601.1,1624.05,1633,1700.15,918,5434,8902327,
543388,"DSP Mutual Fund",B,STK,325.15,334,325.15,327.2,327.2,333.49,15,195,64045,
543389,"Sigachi Industries Limited",B,STK,19.43,19.98,19.23,19.46,19.23,19.48,652,213238,4195931,
543390,"PB Fintech Limited",A,STK,1457.95,1501.3,1449.95,1462.95,1456,1466.1,1923,19144,28313071,
543391,"Suyog Gurbaxani Funicular Rope",M,STK,106,109,106,109,109,109,4,3000,321750,
543396,"One 97 Communications Limited",A,STK,1042,1042.5,1019.4,1026.05,1026.05,1040.5,2137,53117,54816366,
543397,"Sapphire Foods India Limited",A,STK,175.95,176.35,169.45,171,171.5,173.3,1396,53372,9250892,
543398,"Latent View Analytics Limited",A,STK,303.7,313.6,298.1,299.15,299.15,306,1577,217542,65998371,
543399,"Tarsons Products Limited",B,STK,194.3,199.8,194.3,195.2,195.65,194.2,152,2163,425420,
543400,"Omnipotent Industries Limited",M,STK,4.17,4.17,4.17,4.17,4.17,3.98,2,4000,16680,
543401,"Go Fashion (India) Limited",B,STK,284.3,290.6,279,280.4,282.25,283.8,379,6552,1864713,
543410,"DMR ENGINEERING LIMITED",M,STK,39.1,41.5,39,41.5,41.5,38.99,8,15600,626944,
543411,"HI-TECH PIPES LIMITED",B,STK,79.9,84.4,79.9,81.51,81.41,79.15,876,109932,9064440,
543412,"Star Health and Allied Insuran",A,STK,449.95,459,447.7,455.65,455.25,451.6,618,14773,6709504,
543413,"Tega Industries Limited",A,STK,1739.2,1779.8,1722.8,1752.9,1752.9,1739.05,724,3693,6489015,
543414,"Mirae Asset Mutual Fund",B,STK,23.41,23.41,23.05,23.35,23.35,23.29,280,60106,1403009,
543415,"Anand Rathi Wealth Limited",A,STK,3149.3,3181.25,3110,3118.15,3128.95,3152.25,308,2099,6579621,
543416,"Zodiac Energy Limited",B,STK,227.45,244.5,227,243.45,244,231.4,122,1251,296737,
543417,"RateGain Travel Technologies L",A,STK,493.8,512.55,493.8,510.45,510.55,492.9,654,12884,6527956,
543418,"Edelweiss Mutual Fund",F,STK,1319.55,1319.55,1317.32,1317.32,1317.32,1317.6,7,343,451842,
543419,"Shriram Properties Limited",B,STK,73.38,74.94,72.35,73.49,73.49,74.14,340,426827,31326838,
543420,"Jet Freight Logistics Limited",B,STK,16.58,19.25,16.58,18.76,19.25,19.14,75,6806,126343,
543425,"C.E. Info Systems Limited",A,STK,1000.8,1023.55,985,989.95,989.95,1001.75,473,6234,6275540,
543426,"Metro Brands Limited",A,STK,951.6,957.5,932.55,942.3,944.9,946.7,178,1299,1227865,
543427,"Medplus Health Services Limite",A,STK,830.55,840.1,821.75,829.95,828.75,832.95,322,4906,4085578,
543428,"Data Patterns (India) Limited",A,STK,3447.8,3505,3367,3382.95,3382.95,3441.6,3854,34685,118168897,
543433,"HP Adhesives Limited",B,STK,33.07,34.25,33.07,33.37,33.29,32.77,58,5940,199888,
543434,"Supriya Lifescience Limited",A,STK,606.8,613.45,594.25,594.95,595.25,604.75,274,3938,2373308,
543437,"Motilal Oswal Mutual Fund",B,STK,94.55,97.08,94.55,95.68,96,95.76,188,6714,643961,
543440,"DSP Mutual Fund",B,STK,254.62,254.9,250,250.31,250.09,254.62,103,2860,720627,
543441,"CMS Info Systems Limited",A,STK,293.5,304.5,293.5,299.1,299,293.85,910,28417,8539328,
543442,"Brand Concepts Limited",B,STK,246.95,267.7,246.45,250,251.1,247,125,6842,1727471,
543443,"Ascensive Educare Limited",MS,STK,18,18,15.93,16.91,17.89,18.2,3,30000,518200,
543449,"WONDER ELECTRICALS LIMITED",B,STK,138.6,138.8,138,138,138,139.1,7,75,10391,
543450,"ICICI Prudential Mutual Fund",B,STK,27.82,27.82,26.6,26.65,26.65,27.55,102,13376,361956,
543451,"AGS TRANSACT TECHNOLOGIES LIMI",Z,STK,3.23,3.28,3.17,3.21,3.21,3.17,48,14414,46491,
543452,"ICICI Prudential Mutual Fund",E,STK,270.65,270.65,260.11,262.54,261.9,267.14,2694,216822,57425758,
543453,"ALKOSIGN LIMITED",M,STK,58,60.99,58,60.99,60.99,62.18,2,2250,133863,
543454,"Mirae Asset Mutual Fund",B,STK,154.92,157.24,154,154.1,154,156.32,134,1031,160266,
543458,"AWL AGRI BUSINESS LIMITED",A,STK,179.8,198.75,178.1,179.45,179.45,179.2,17020,1529032,289729861,
543460,"Quality RO Industries Limited",M,STK,58.15,58.15,58,58,58,60.93,2,12000,696750,
543461,"Safa Systems & Technologies Li",M,STK,18.1,18.1,18.1,18.1,18.1,18.03,2,30000,543000,
543462,"DEV INFORMATION TECHNOLOGY LIM",B,STK,26.34,28.68,26.2,27.38,26.35,27.02,133,6830,190948,
543463,"Vedant Fashions Limited",A,STK,363,368.5,360,364.9,365.55,364.7,821,20872,7622474,
543464,"Maruti Interior Products Limit",MT,STK,224.25,224.25,208.25,224.25,224.25,213.6,145,192000,42904100,
543465,"Motilal Oswal Mutual Fund",B,STK,61.47,61.47,59.72,60.12,60.11,60.72,20,3450,207902,
543471,"Aditya Birla Sun Life Mutual F",E,STK,266.84,269.69,262,262.66,262.2,266.71,1408,114405,30268283,
543472,"Aditya Birla Sun Life Mutual F",B,STK,32.65,32.67,32.25,32.33,32.33,32.71,49,1134,36819,
543473,"Aditya Birla Sun Life Mutual F",B,STK,15.09,15.56,15.09,15.27,15.21,15.48,133,9310,143073,
543474,"Aditya Birla Sun Life Mutual F",B,STK,28.11,28.39,27.76,27.83,28.15,28.33,497,32547,909087,
543481,"Mirae Asset Mutual Fund",B,STK,21.79,21.79,21.18,21.27,21.26,21.56,946,367065,7862212,
543482,"Eureka Forbes Limited",A,STK,446.45,446.45,436.85,444.55,445.7,438.55,229,4633,2046972,
543489,"Gateway Distriparks Limited",B,STK,56.7,57.9,55.65,55.99,55.99,57.25,776,329897,18695417,
543490,"GMR Power and Urban Infra Limi",A,STK,109.1,109.95,106,106.3,106.8,106.95,452,44195,4769655,
543498,"Motherson Sumi Wiring India Li",A,STK,40.78,41.3,40.05,40.23,40.23,40.74,10079,450510,18211276,
543499,"Achyut Healthcare Limited",B,STK,5.25,5.25,4.93,5.14,5.14,4.97,134,100580,518657,
543500,"Evoq Remedies Limited",M,STK,2.64,3.04,2.64,2.95,2.85,2.8,19,88000,244880,
543501,"Motilal Oswal Mutual Fund",B,STK,36.6,36.6,36.55,36.56,36.55,36.81,2,36,1316,
543512,"Avro India Limited",B,STK,138.95,140.2,136.95,139.85,140.2,133.55,473,25951,3626050,
543513,"Uma Exports Limited",B,STK,23,27,22.8,25.64,25.7,22.63,98,11877,303398,
543514,"Veranda Learning Solutions Lim",B,STK,160.1,163.9,152.95,155,154.2,160,161,158777,25391329,
543515,"Sunrise Efficient Marketing Li",M,STK,55.58,55.58,55.58,55.58,55.58,58.5,23,21750,1208865,
543516,"DHYAANI TRADEVENTTURES LIMITED",M,STK,6.5,6.7,6.26,6.7,6.7,6.39,123,560000,3688188,
543517,"Hariom Pipe Industries Limited",B,STK,330.65,345.85,327,329.6,329.6,329.35,359,7148,2419494,
543518,"Eighty Jewellers Limited",M,STK,30,30,30,30,30,29.85,1,3000,90000,
543520,"Global Longlife Hospital and R",MT,STK,15.45,16,14.73,15.8,15.8,15.49,18,64000,990180,
543523,"Campus Activewear Limited",A,STK,236.1,239.3,235,238.5,236.95,236.15,295,8065,1914886,
543524,"Rainbow Children's Medicare Li",A,STK,1177.2,1211.85,1177.2,1203,1203.8,1182.15,513,15004,18018201,
543525,"Silver Touch Technologies Limi",B,STK,123.05,125,121.3,122.2,122.9,127.65,354,90868,11047915,
543526,"LIFE INSURANCE CORPORATION OF",A,STK,821.4,827.5,800.05,802.4,802.4,822.35,3285,48334,39258261,
543527,"Prudent Corporate Advisory Ser",A,STK,2223.7,2279.95,2200,2234.35,2241,2223.6,360,1557,3488433,
543528,"Venus Pipes & Tubes Limited",B,STK,1022.75,1052.35,1008.1,1024.6,1021.8,1002.65,665,7895,8124557,
543529,"Delhivery Limited",A,STK,426.05,429.4,417,417.65,425.45,426.1,1316,27476,11617742,
543530,"Paradeep Phosphates Limited",A,STK,108.4,115.45,107.1,112.6,112.6,108.35,5344,657077,73607331,
543531,"Tierra Agrotech Limited",X,STK,41.8,41.8,40,40,40.9,39.89,9,459,18448,
543532,"ETHOS LIMITED",A,STK,2180.05,2196.5,2161.05,2173.45,2173.9,2192.45,180,622,1358246,
543533,"eMudhra Limited",B,STK,418.35,420.55,411.1,418.1,419.9,417,313,4269,1776015,
543534,"Aether Industries Limited",A,STK,1018.6,1039,1000,1010.45,1010.45,1001.35,1203,17848,18126618,
543535,"We Win Limited",B,STK,42.49,42.49,42.49,42.49,42.49,41.35,1,10,424,
543538,"Goel Food Products Limited",M,STK,11.24,11.24,11.24,11.24,11.24,11.25,1,6000,67440,
543539,"MODI'S NAVNIRMAN LIMITED",B,STK,330.95,330.95,310,310,310,312,160,1162,360956,
543540,"Pearl Green Clubs and Resorts",M,STK,127,137,127,128.8,131,129.95,27,19200,2495160,
543542,"KESAR INDIA LIMITED",M,STK,1175,1175,1169,1169.5,1169.5,1177.7,5,6000,7026500,
543543,"B-RIGHT REALESTATE LIMITED",MT,STK,798,799,795,795,795,799,4,12400,9894400,
543544,"JAYANT INFRATECH LIMITED",M,STK,62.5,62.5,61.03,61.29,61.1,60.91,22,18000,1105627,
543545,"Veerkrupa Jewellers Limited",M,STK,0.83,0.83,0.76,0.76,0.76,0.83,6,116900,93854,
543546,"HEALTHY LIFE AGRITEC LIMITED",M,STK,7.3,7.4,6.73,6.73,6.73,7.08,59,234000,1604760,
543547,"DDEV PLASTIKS INDUSTRIES LIMIT",B,STK,261.3,262.35,258.7,260.05,259.55,260,128,2189,571189,
543563,"Motilal Oswal Mutual Fund",B,STK,44,45.04,43.94,44.51,44.13,44.69,50,2057,91689,
543568,"ICICI Prudential Mutual Fund",B,STK,30.69,30.8,30.02,30.04,30.05,30.75,358,54729,1667808,
543569,"HDFC Mutual Fund",B,STK,25.34,25.92,25.32,25.36,25.34,26.2,111,10101,257216,
543570,"HDFC Mutual Fund",B,STK,68.7,69.1,67.55,68.26,68.26,68.86,88,4424,302866,
543571,"ICICI Prudential Mutual Fund",B,STK,93.85,94.57,92.75,92.89,93.01,93.91,154,7148,665761,
543572,"DSP Mutual Fund",E,STK,261.65,261.65,252.18,253.5,253.2,258.27,542,10633,2711632,
543573,"Syrma SGS Technology Limited",A,STK,770,775,755,757.25,757.25,761,1272,40712,31087557,
543574,"Aditya Birla Sun Life Mutual F",B,STK,20.83,21.08,20.39,20.78,20.9,20.63,30,815,16686,
543575,"Aditya Birla Sun Life Mutual F",B,STK,30.88,30.88,29.57,29.92,29.57,30.99,298,13881,419687,
543576,"Motilal Oswal Mutual Fund",B,STK,118.15,118.89,116.81,117.16,117.92,117.33,90,5939,699074,
543577,"Motilal Oswal Mutual Fund",B,STK,192.52,192.52,192.52,192.52,192.52,192.52,1,1,192,
543590,"Rhetan TMT Limited",B,STK,25.48,25.48,24.7,24.85,24.7,24.82,161,28382,708897,
543591,"DREAMFOLKS SERVICES LIMITED",B,STK,75.1,77.76,74.5,75.01,74.5,75.05,313,10005,764253,
543592,"HDFC Mutual Fund",E,STK,260.2,260.2,250.67,251.6,251.6,256.52,1751,149543,37941608,
543593,"Dhampur Bio Organics Limited",B,STK,101.9,106.95,100.85,106.1,104.25,101.45,303,11297,1184386,
543594,"DIPNA PHARMACHEM LIMITED",M,STK,9.18,9.94,8.38,9.23,9.34,8.88,15,45000,416940,
543595,"EP BIOCOMPOSITES LIMITED",M,STK,99.1,99.1,99.1,99.1,99.1,96,1,500,49550,
543596,"Tamilnad Mercantile Bank Limit",A,STK,646.05,649.8,617.6,620.85,622.35,636.15,500,8618,5470945,
543597,"Virtuoso Optoelectronics Limit",M,STK,337.25,347.9,315.25,329.45,329.8,337.25,144,80000,26393212,
543599,"Ksolves India Limited",B,STK,290,292,285.9,289.9,290,287.5,184,2253,651598,
543600,"Harsha Engineers International",B,STK,360,362.8,353.9,354.15,353.9,356.05,50,830,297905,
543605,"HDFC Mutual Fund",B,STK,56.3,56.3,56.2,56.29,56.29,56.02,3,36,2024,
543606,"CONTAINE TECHNOLOGIES LIMITED",M,STK,12.99,13.84,12.7,13.74,13.84,13.19,16,30000,399400,
543607,"HDFC Mutual Fund",B,STK,116.65,116.65,114.55,114.95,116.52,117.44,57,799,92286,
543608,"HDFC Mutual Fund",B,STK,129.86,129.86,129.86,129.86,129.86,131.46,1,10,1298,
543613,"MAFIA TRENDS LIMITED",M,STK,6.5,6.5,6.5,6.5,6.5,6.5,1,8000,52000,
543614,"Tips Films Limited",B,STK,341,345,334.6,337.5,335,341,54,177,60184,
543615,"SILICON RENTAL SOLUTIONS LIMIT",M,STK,87,87,81.01,86,86,87,19,18400,1564944,
543616,"Trident Lifeline Limited",M,STK,250,250,246.05,248.1,247,250.65,42,27600,6879540,
543618,"Cargotrans Maritime Limited",M,STK,152.5,152.5,152.5,152.5,152.5,147.5,1,1500,228750,
543619,"Concord Control Systems Limite",M,STK,2243,2243,2195,2195,2195,2237.95,12,2400,5297610,
543620,"INSOLATION ENERGY LIMITED",B,STK,102.25,104.9,99.5,100.35,100.35,99.85,1347,170487,17465442,
543626,"Electronics Mart India Limited",A,STK,94.5,96.65,93.05,93.7,93.7,94.45,221,10482,999616,
543627,"HDFC Mutual Fund",B,STK,20.05,20.82,19.89,19.97,20,20.26,41,5720,114882,
543628,"HDFC Mutual Fund",B,STK,30.74,30.74,29.79,29.82,30.01,30.49,116,16834,508336,
543635,"PIRAMAL PHARMA LIMITED",A,STK,155.25,160.45,154.95,155.25,155.25,155.5,2327,155383,24409216,
543636,"Dc Infotech and Communication",B,STK,254.7,255.1,248.05,252,252,250,28,1082,275232,
543637,"PACE E-COMMERCE VENTURES LIMIT",M,STK,14.03,14.03,13.76,13.9,13.9,14.03,10,13200,183492,
543638,"Tracxn Technologies Limited",B,STK,33.12,33.59,31.99,32.14,32.14,33.69,324,17563,574399,
543643,"Narmada Agrobase Limited",B,STK,31.95,32.32,31.95,32.12,32.04,31.95,97,7210,232031,
543644,"InfoBeans Technologies Limited",B,STK,144,148.3,133.5,135.3,135.3,144.35,614,28591,4030895,
543650,"DCX Systems Limited",B,STK,192.1,196.05,186.3,188.45,188.45,193.05,1361,78464,15035887,
543651,"DAPS ADVERTISING LIMITED",M,STK,15,15,15,15,15,15,1,4000,60000,
543652,"FUSION FINANCE LIMITED",B,STK,171.9,175.85,169.15,171.05,171.05,171.85,235,19773,3427623,
543653,"Bikaji Foods International Lim",A,STK,615.95,642.55,610.85,620.7,614.55,614.75,1123,14908,9427223,
543654,"Global Health Limited",A,STK,1091.95,1125.55,1091.95,1101,1099.1,1106.3,538,4678,5203279,
543657,"Archean Chemical Industries Li",A,STK,544.6,553.35,535.45,538.05,535.45,547.6,180,1573,851648,
543663,"Five-Star Business Finance Ltd",A,STK,390.1,392.55,380,380.8,380.8,388.25,1653,38699,14968684,
543664,"KAYNES TECHNOLOGY INDIA LIMITE",A,STK,3846.95,3899,3715,3724.5,3724.5,3838.8,6128,59137,225796008,
543665,"HDFC Mutual Fund",B,STK,31.97,32,31.33,31.48,31.33,32.03,70,4958,156802,
543666,"HDFC Mutual Fund",B,STK,27.42,27.43,26.97,26.98,26.98,27.6,33,5002,135921,
543667,"INOX GREEN ENERGY SERVICES LIM",A,STK,147.25,155.75,147.15,150.1,150.5,147.3,973,364666,56192011,
543668,"B&B Triplewall Containers Limi",B,STK,170,170,168,168,168,168,58,274,46432,
543669,"Keystone Realtors Limited",B,STK,409.85,412.55,400,406.55,402.95,409.35,73,2015,822320,
543670,"VINNY OVERSEAS LIMITED",B,STK,1.05,1.17,1.04,1.14,1.17,1.03,137,178695,201659,
543671,"AAA TECHNOLOGIES LIMITED",B,STK,95.2,97.8,94.35,94.5,94.5,95.2,52,1322,126980,
543677,"ICICI Prudential Mutual Fund",B,STK,30.96,30.98,30.2,30.39,30.73,30.98,315,18857,575885,
543678,"AMBO AGRITEC LIMITED",M,STK,26.98,28.2,26.98,28.2,28.2,28.4,2,2000,55180,
543686,"Sirca Paints India Limited",B,STK,446.6,448.35,423.55,431.7,431.7,439.25,334,24370,10610837,
543687,"Dharmaj Crop Guard Limited",B,STK,250.3,252.85,241.95,245,250,248.95,134,2965,738321,
543688,"Sarveshwar Foods Limited",B,STK,3.28,3.42,3.27,3.28,3.3,3.3,623,669865,2207227,
543689,"Uniparts India Limited",B,STK,459.8,470,455,459.45,457,459.75,202,3025,1399973,
543699,"Edelweiss Mutual Fund",F,STK,1290.4,1395.99,1281,1283.53,1283.53,1275.05,38,2488,3420482,
543700,"ICICI Prudential Mutual Fund",F,STK,260.32,260.32,260.32,260.32,260.32,258.48,1,180,46857,
543709,"PNGS GARGI FASHION JEWELLERY L",M,STK,686,746.05,686,743.25,746.05,710.55,83,13000,9504043,
543710,"ICICI Prudential Mutual Fund",B,STK,98.48,99,97,97.07,97,98.23,93,3024,297633,
543711,"Sula Vineyards Limited",A,STK,163.9,168,161.4,162.1,161.9,163.8,471,13875,2278907,
543712,"ABANS FINANCIAL SERVICES LIMIT",B,STK,203.4,206.9,201.25,203.15,206.9,205,86,2969,602950,
543713,"Droneacharya Aerial Innovation",M,STK,39,39,38.01,39,39,37.15,76,136000,5293220,
543714,"LANDMARK CARS LIMITED",B,STK,366.05,372.6,360,361.3,360,362.4,109,1762,643614,
543720,"KFin Technologies Limited",A,STK,945.15,954.3,923,926.1,923,945.15,1571,30759,28857386,
543725,"Elin Electronics Limited",B,STK,121.8,123.25,118.7,120.35,120.5,121.1,129,3128,376968,
543732,"Radiant Cash Management Servic",B,STK,38.45,40.22,36.77,38.26,38.26,37.61,303,13494,522835,
543737,"Aveer Foods Limited",X,STK,532,532,532,532,532,532,1,1,532,
543738,"DSP Mutual Fund",B,STK,57.62,57.62,56.9,57,57,58.11,12,680,38830,
543743,"Aeroflex Neu Limited",B,STK,68.3,68.3,67.5,67.5,67.5,70,5,108,7290,
543745,"SVS VENTURES LIMITED",M,STK,11.05,11.06,10.12,10.12,10.12,11.05,7,84000,919440,
543747,"Kamdhenu Ventures Limited",B,STK,4.48,4.95,4.2,4.64,4.64,4.24,767,295488,1400328,
543748,"Aarti Pharmalabs Limited",A,STK,699.95,699.95,678,681.75,687,685.55,537,6903,4760747,
543754,"TRANSVOY LOGISTICS INDIA LIMIT",M,STK,99.1,99.1,99.1,99.1,99.1,110,4,17600,1744160,
543765,"Earthstahl & Alloys Limited",M,STK,15.12,15.12,15.12,15.12,15.12,15.3,1,3000,45360,
543766,"Ashika Credit Capital Ltd.",B,STK,367.65,367.65,357.1,361.05,360,359.5,297,58782,21306291,
543767,"BODHI TREE MULTIMEDIA LIMITED",B,STK,7.25,7.25,6.91,7.07,7.23,7.05,83,64729,457797,
543768,"NMDC Steel Limited",A,STK,38.44,38.87,37.62,37.74,37.68,37.64,928,211366,8070438,
543769,"INDONG TEA COMPANY LIMITED",M,STK,8.06,8.5,8.06,8.18,8.18,8.48,8,116000,955200,
543774,"HDFC Mutual Fund",B,STK,35.9,35.9,35.4,35.57,35.68,35.9,49,5529,196985,
543775,"HDFC Mutual Fund",B,STK,156.2,156.46,153.89,154.18,154.18,154.91,991,110875,17235278,
543776,"HDFC Mutual Fund",B,STK,21.35,21.62,21.03,21.1,21.04,21.39,217,29068,615267,
543781,"Mirae Asset Mutual Fund",E,STK,158.5,159,154.27,155.45,155.6,155.13,450,15798,2457945,
543782,"Sealmatic India Limited",M,STK,330,342,326.1,338.85,338.85,330.05,35,9720,3246858,
543787,"Macfos Limited",M,STK,903,924,894,894,894,918.45,21,5940,5391870,
543798,"Patron Exim Limited",M,STK,2,2.09,2,2.06,2.09,2.1,6,24000,48840,
543799,"S. V. J. Enterprises Limited",MT,STK,440,462.75,439.85,462.75,462.75,463,3,2250,1006950,
543805,"RESGEN LIMITED",M,STK,57,57,55.6,57,57,57.25,11,12000,679080,
543806,"ITCONS E-Solutions Limited",M,STK,308,314,282.55,296.15,296.15,304.3,94,28400,8452070,
543811,"AIRAN LIMITED",B,STK,16.03,16.35,15.9,15.91,15.9,16.08,124,6348,102122,
543812,"DIVGI TORQTRANSFER SYSTEMS LIM",B,STK,749.4,766,716.1,722.45,719.7,749.35,413,2681,1988120,
543813,"Aditya Birla Sun Life Mutual F",F,STK,999.99,999.99,999.99,999.99,999.99,999.99,4,2350,2349976,
543819,"ICICI Prudential Mutual Fund",B,STK,92.1,92.1,89.55,89.75,90,90.97,100,6816,615249,
543828,"SUDARSHAN PHARMA INDUSTRIES LI",M,STK,25.99,25.99,24.9,25.1,24.9,25.82,17,80000,2020360,
543829,"Global Surfaces Limited",B,STK,70.55,73,70.55,72.77,72.77,71.45,48,1690,121850,
543848,"Dev Labtech Venture Limited",MT,STK,92.5,94.95,92.5,93.73,94.95,90.5,2,2000,187450,
543853,"Axis Mutual Fund",B,STK,80.56,80.56,80.56,80.56,80.56,79.88,1,1,80,
543860,"J.A. Finance Limited",XT,STK,82.2,82.2,74.4,80.5,82,78.3,12,332,25133,
543861,"Udayshivakumar infra limited",T,STK,24.99,25.89,24.61,25.79,25.79,24.99,16,2156,53714,
543874,"Maiden Forgings Limited",M,STK,82.8,82.8,79,80.46,79,85.81,11,12000,971450,
543895,"Exhicon Events Media Solutions",M,STK,490,490,475,477.9,480,490.55,39,10500,5037712,
543896,"Avalon Technologies Limited",A,STK,950.6,992.2,937.5,943.95,943.35,950.55,475,5935,5784079,
543897,"Sancode Technologies Limited",MT,STK,246.5,246.5,246.5,246.5,246.5,246.5,1,1500,369750,
543898,"BEML Land Assets Limited",B,STK,177.5,178.7,176.05,176.7,178.05,176.25,61,4621,821550,
543900,"UTI Mutual Fund",E,STK,258.72,258.72,252.62,253.68,253.68,258.68,904,42700,10912614,
543901,"ROBUST HOTELS LIMITED",B,STK,186,190.05,184.65,190.05,190.05,183.15,12,126,23817,
543902,"Retina Paints Limited",M,STK,52.8,55.45,52.8,55.4,55.4,56.28,7,14000,755320,
543903,"DSP Mutual Fund",E,STK,156.33,156.33,154.95,155.82,155.52,155.35,677,61103,9490226,
543904,"Mankind Pharma Limited",A,STK,2232.1,2256.05,2221.55,2243.45,2228,2237.8,2933,15134,33962721,
543905,"INNOKAIZ INDIA LIMITED",MT,STK,12.3,12.3,12.3,12.3,12.3,12.35,1,800,9840,
543910,"AVG Logistics Limited",B,STK,138.6,140,132.85,133,133,135.4,281,5797,775183,
543911,"Atal Realtech Limited",B,STK,23.83,23.84,23.37,23.44,23.48,23.28,32,2243,53079,
543912,"Power & Instrumentation (Gujar",B,STK,103.85,103.85,100.85,102.85,102.9,100.6,34,2077,212310,
543913,"Nexus Select Trust",IF,STK,154.5,156.99,154.5,155.23,156.58,155.17,191,8581,1332374,
543914,"Swati Projects Limited",X,STK,30.99,32.53,30.56,31.06,30.68,31.14,52,3186,99207,
543915,"Pavna Industries Limited",B,STK,18.66,20.13,18.66,20.1,20.1,18.89,47,1935,37687,
543916,"Hemant Surgical Industries Lim",M,STK,253.05,279.9,253,270.95,273.9,259,37,19600,5302200,
543917,"SIGMA SOLVE LIMITED",B,STK,37.61,41.61,37.61,40.78,41.15,39.35,225,17350,706679,
543918,"GHCL Textiles Limited",B,STK,71.4,75.39,71.4,73.22,72.91,74.46,1109,18289,1351336,
543919,"M.K.Proteins Limited",B,STK,4.56,5.15,4.56,4.9,4.87,4.75,268,39329,194443,
543920,"CFF FLUID CONTROL LIMITED",M,STK,525,530,518,528.25,530,523.6,59,13600,7129070,
543921,"Comrade Appliances Limited",M,STK,40.5,41,40.5,41,41,39.1,6,6000,245250,
543922,"Mirae Asset Mutual Fund",E,STK,260.09,260.09,255.65,256.22,255.65,260.09,211,8727,2245723,
543923,"IKIO Technologies Limited",B,STK,131.25,138.75,131.25,133.85,133.85,134.6,269,5593,763400,
543924,"Sonalis Consumer Products Limi",M,STK,53,53,51,52,52,54,9,18000,935340,
543926,"Bizotic Commercial Limited",MT,STK,1019,1019,950,982.55,989.9,999.9,9,4400,4278120,
543927,"Asian Warehousing Limited",X,STK,35,37.9,35,37.59,37.59,35.09,7,38,1414,
543928,"Cosmic CRF Limited",M,STK,938,938,875,900.6,900,933.4,125,54500,50124365,
543929,"HMA Agro Industries Limited",B,STK,24.65,25.04,24.55,24.9,24.9,24.42,18,338,8362,
543930,"Uravi Defence and Technology L",B,STK,138,143.95,133,134.05,134,139.5,299,12713,1748713,
543931,"VEEFIN SOLUTIONS LIMITED",M,STK,261.6,266.9,247.3,249.55,249.55,255.55,166,101000,25936800,
543932,"IDEAFORGE TECHNOLOGY LIMITED",B,STK,440.2,451.1,431,433.65,433,443.95,767,20153,8848654,
543933,"Cyient DLM Limited",B,STK,302,326.55,300,311.8,315,301.9,1405,43445,13671806,
543934,"Machhar Industries Limited",X,STK,314.45,314.45,314.45,314.45,314.45,331,2,20,6289,
543935,"DSP Mutual Fund",B,STK,31.5,31.5,31.3,31.3,31.3,31.72,5,3650,114405,
543936,"Senco Gold Limited",A,STK,299.7,304.25,295.5,296.9,298.25,298.25,766,24734,7421160,
543939,"Kaka Industries Limited",M,STK,184.5,184.5,175,179.35,181.7,179,20,10500,1879150,
543940,"Jio Financial Services Limited",A,STK,238,242.7,237.55,238.65,238.65,236.1,14650,1518278,363846609,
543941,"AHASOLAR TECHNOLOGIES LIMITED",M,STK,72,72,67.2,67.2,67.2,72,3,1200,84480,
543942,"UTKARSH SMALL FINANCE BANK LIM",B,STK,12.71,12.93,12.5,12.59,12.59,12.66,652,312029,3961138,
543943,"ASARFI HOSPITAL LIMITED",M,STK,164,165.15,160,162,160,162.5,40,43000,7017450,
543944,"Mirae Asset Mutual Fund",B,STK,575.44,575.56,564.62,565.3,565.42,579.65,90,1094,621494,
543945,"NETWEB TECHNOLOGIES INDIA LIMI",A,STK,3350,3409.75,3228.1,3276.6,3288,3324.1,9313,138327,457794117,
543946,"Mirae Asset Mutual Fund",F,STK,1000,1000.01,1000,1000,1000,1000.01,18,2721,2721000,
543947,"DSP BSE Sensex ETF",A,STK,80.78,82,79,79,79,79.93,26,424,33893,
543948,"DSP Mutual Fund",B,STK,90.82,90.93,89,89.04,89.1,90.75,40,6210,556681,
543949,"DSP Mutual Fund",B,STK,27.15,27.15,26.9,26.9,26.9,27.48,12,175,4719,
543950,"YATHARTH HOSPITAL & TRAUMA CAR",A,STK,682,707.15,681.4,698.85,699.1,680.95,520,15480,10743950,
543952,"NIIT Learning Systems Limited",A,STK,307.2,320.45,306.7,311.55,311,323,169,4157,1300783,
543953,"Khazanchi Jewellers Limited",M,STK,735.5,738,733,734.5,734.5,730.45,51,18000,13208600,
543954,"Allcargo Terminals Limited",B,STK,23.94,24.44,23.15,23.25,23.15,23.52,192,16104,379464,
543955,"Transindia Real Estate Limited",B,STK,24.96,24.96,21.5,23.23,23.03,24.85,205,18952,429825,
543956,"ICICI Prudential Mutual Fund",B,STK,20.49,20.49,20.03,20.03,20.03,20.37,12,908,18312,
543957,"REDTAPE Limited",B,STK,116.2,117.3,113.55,114.45,113.55,116.35,298,17826,2062934,
543958,"VL E-Governance & IT Solutions",B,STK,13.76,13.82,13.27,13.45,13.48,13.43,377,74644,1005641,
543959,"SBFC Finance Limited",A,STK,92.81,95.57,92.02,92.49,92.03,92.98,866,31611,2973913,
543960,"Concord Biotech Limited",A,STK,1190.85,1215.2,1149.7,1157.95,1157.95,1198.35,852,10208,12041450,
543962,"D.P. WIRES LIMITED",B,STK,141.45,159,141.45,147.9,147.75,139.55,112,1952,290442,
543963,"SHELTER PHARMA LIMITED",M,STK,33.8,34.7,32.9,34.55,34.6,33.79,7,30000,1028070,
543965,"TVS Supply Chain Solutions Lim",T,STK,107,111.1,107,107.6,108.5,105.85,438,56951,6237243,
543969,"Pyramid Technoplast Limited",B,STK,150.6,151,145.9,146.65,147.55,147.95,164,924,137755,
543971,"Bondada Engineering Limited",M,STK,291.15,294.45,287,290.65,290.65,289.1,329,103800,30149620,
543972,"Aeroflex Industries Limited",B,STK,221.55,237.6,221.55,233.8,233.8,220.5,3203,143843,33460000,
543974,"VISHNU PRAKASH R PUNGLIA LIMIT",B,STK,40.01,45.9,40,40.87,40.87,38.77,5839,951542,40955300,
543976,"Shradha AI Technologies Limite",X,STK,27.5,28.45,26.5,27.52,27.7,27.98,287,38013,1043295,
543977,"Rishabh Instruments Limited",B,STK,402.85,402.85,391,391.7,391,400.15,39,383,152111,
543978,"Ratnaveer Precision Engineerin",B,STK,141.1,145.8,141.05,142.5,141.05,140.2,467,34883,5004914,
543979,"Kahan Packaging Limited",M,STK,40,40,40,40,40,41.8,1,1600,64000,
543980,"Jupiter Life Line Hospitals Li",A,STK,1280.6,1282.6,1250.2,1256.35,1256.35,1269.15,128,578,731418,
543981,"R R KABEL LIMITED",A,STK,1456.4,1464.6,1416.9,1424.25,1424.25,1456.2,1794,17787,25525428,
543982,"QUEST FLOW CONTROLS LIMITED",M,STK,148.25,158,148,153.2,153,146.2,52,75000,11490900,
543983,"EMS LIMITED",B,STK,271.05,311,271.05,311,311,259.2,2131,131980,39863105,
543984,"Samhi Hotels Limited",A,STK,154.4,158.7,150.2,150.9,158.7,154.3,740,69505,10576617,
543985,"ZAGGLE PREPAID OCEAN SERVICES",A,STK,224.35,233.55,224.35,228.6,227,224.35,1387,76714,17586571,
543986,"South West Pinnacle Exploratio",B,STK,207.3,222.95,204.65,209.65,210.7,205.9,274,10418,2249431,
543988,"Nuvama Wealth Management Limit",A,STK,1237.85,1245.9,1206.85,1211.7,1211.7,1237.8,581,7810,9597539,
543989,"Sai Silks (Kalamandir) Limited",B,STK,102.05,105.7,101.35,102.25,103.1,102.7,583,63292,6496630,
543990,"SIGNATUREGLOBAL (INDIA) LIMITE",A,STK,883.45,902.05,840.15,842.4,841,884.2,717,18228,15835543,
543991,"TECHKNOWGREEN SOLUTIONS LIMITE",M,STK,112.5,120,111,114.05,111,112.5,4,1600,181840,
543992,"YATRA ONLINE LIMITED",B,STK,109.8,111.35,105,106.5,106.5,109.8,1032,74903,8144835,
543993,"ARCL Organics Ltd",X,STK,185,185,180.15,180.5,180.5,180,21,617,112519,
543994,"JSW Infrastructure Limited",A,STK,263.85,266.4,257.85,258.45,258.45,262.6,1017,47033,12360546,
543995,"MANOJ VAIBHAV GEMS 'N' JEWELLE",B,STK,156.35,156.8,153.1,154.8,153.5,155.85,45,847,131501,
543996,"Updater Services Limited",B,STK,152.4,153.15,147.55,147.6,148.1,149.9,426,10648,1591316,
543997,"ORGANIC RECYCLING SYSTEMS LIMI",M,STK,230.1,237,230.05,233,233,232.05,8,5400,1259130,
543998,"Valiant Laboratories Limited",B,STK,53.42,57.03,53.4,55.51,56.81,53.58,24,1998,109629,
543999,"Mirae Asset Mutual Fund",A,STK,82.25,82.25,78.8,78.95,78.82,80.38,161,5604,444649,
544001,"Sunita Tools Limited",M,STK,1024,1024,1010,1024,1024,975.25,145,44125,45148506,
544003,"Plaza Wires Limited",B,STK,35.49,36.73,35.33,36.09,36.09,36.4,313,4928,176462,
544004,"IRM ENERGY LIMITED",B,STK,209.6,220.4,206.05,214.65,212,209.6,610,13631,2917140,
544006,"Mirae Asset Mutual Fund",B,STK,31.76,31.82,31.1,31.12,31.2,31.6,401,371200,11683870,
544007,"Mirae Asset Mutual Fund",B,STK,25.11,25.11,23.98,24.04,23.98,24.5,71,28063,676605,
544008,"Max Estates Limited",B,STK,379.05,387.25,371.95,378.55,377.1,378.8,169,2562,982114,
544009,"Blue Jet Healthcare Limited",A,STK,378.85,387,372,374.85,372.95,376.9,693,24245,9213066,
544010,"SBI Mutual Fund",F,STK,1000.01,1000.01,1000.01,1000.01,1000.01,1000.01,2,9,9000,
544012,"Cello World Limited",A,STK,395.85,407,394,396.15,394,397.45,625,13219,5287217,
544014,"Honasa Consumer Limited",A,STK,287.55,298,286.6,289.05,288.6,289.2,1399,38422,11276947,
544020,"ESAF Small Finance Bank Ltd",B,STK,25.2,25.55,24.72,25,25.12,25.09,143,13027,329403,
544021,"Protean eGov Technologies Limi",A,STK,540.5,553,530.05,536,536,532.1,1201,44649,24317555,
544022,"ASK Automotive Limited",B,STK,392.8,409.75,391.35,403.9,405.75,393.5,571,7118,2867198,
544023,"Kalyani Cast-Tech Limited",M,STK,512.55,512.55,492,492,492,510,19,5750,2903275,
544025,"Arrowhead Seperation Engineeri",M,STK,70,70,70,70,70,70.5,2,1200,84000,
544026,"Indian Renewable Energy Develo",A,STK,116.15,119.05,114.2,114.95,114.95,117.05,7261,685806,80143126,
544027,"Fedbank Financial Services Lim",B,STK,124.85,132.25,124.85,129.15,126.85,124.85,554,44401,5759125,
544028,"Tata Technologies Limited",A,STK,567.5,574,555.25,556.8,556.8,566.9,1709,38820,21863799,
544029,"Gandhar Oil Refinery (India) L",B,STK,131.2,134.8,129.25,130.15,130.15,131.15,369,23427,3095477,
544030,"Flair Writing Industries Limit",B,STK,309.9,313.85,301,302.6,302.2,307,213,5483,1670338,
544035,"Swashthik Plascon Limited",M,STK,20.3,21.4,20.25,20.3,20.3,20.2,12,49600,1044224,
544036,"DEEPAK CHEMTEX LIMITED",M,STK,93,93,89,89.65,89.65,91.2,10,9600,869120,
544037,"Amic Forging Limited",M,STK,1342.95,1367.75,1342.95,1357,1364,1351.2,10,1000,1356150,
544042,"Bajel Projects Limited",B,STK,140.05,151.3,140.05,148.75,149.7,145.95,170,7186,1063458,
544043,"BARODA BNP PARIBAS MUTUAL FUND",E,STK,155.3,155.3,155.3,155.3,155.3,154.4,1,5,776,
544044,"India Shelter Finance Corporat",A,STK,704.2,719.15,700.3,709.9,709.9,704.1,291,3084,2188682,
544045,"DOMS Industries Limited",A,STK,2138.5,2138.5,2088.8,2094.25,2103.9,2114.85,610,3357,7046387,
544046,"INOX India Limited",A,STK,1194,1208,1184.95,1192.6,1192.5,1193.95,566,5968,7142589,
544047,"Siyaram Recycling Industries L",M,STK,40.05,40.2,38.35,38.78,38.9,39.31,71,118500,4620975,
544053,"Motisons Jewellers Limited",B,STK,14.24,14.44,13.71,13.83,13.79,14.2,480,127358,1780982,
544054,"Suraj Estate Developers Limite",B,STK,207.1,210.4,205.25,205.7,205.25,204.5,146,3979,824029,
544055,"Muthoot Microfin Limited",B,STK,156.1,157.7,155,155.2,155,156.05,205,6077,945462,
544056,"Sahara Maritime Limited",M,STK,16.81,16.81,16.81,16.81,16.81,16.02,2,3200,53792,
544057,"Happy Forgings Limited",B,STK,1329.2,1341.55,1276.9,1284.3,1278.75,1311.75,482,4152,5451697,
544058,"Credo Brands Marketing Limited",B,STK,80.15,80.87,78.1,78.42,78.42,79.62,242,55295,4394372,
544059,"SHANTI SPINTEX LIMITED",M,STK,60,60,52.1,54,54,57,8,16000,898700,
544060,"RBZ Jewellers Limited",B,STK,121.45,121.6,116.45,117.85,117.55,121.45,269,4312,513088,
544061,"Azad Engineering Limited",A,STK,1649.5,1677,1603,1613.75,1613.75,1636.05,1295,17298,28463262,
544066,"SUNDARAM-CLAYTON LIMITED",B,STK,1303,1303,1275.1,1280.6,1280.6,1291,56,204,264256,
544067,"INNOVA CAPTAB LIMITED",B,STK,707.45,707.45,693.1,694.1,693.15,704.3,70,824,579052,
544072,"AIK Pipes and Polymers Limited",M,STK,21.25,22.8,21.25,22.8,22.8,22.5,5,4000,88208,
544073,"Manoj Ceramic Limited",M,STK,80,81,70.25,74.63,70.25,77.89,4,4000,310250,
544074,"Shri Balaji Valve Components L",M,STK,87.99,91.09,85.5,89.5,89.5,87,26,17400,1547250,
544079,"DIGIDRIVE DISTRIBUTORS LIMITED",B,STK,21.35,22.25,21,21.29,21.29,21.35,28,465,9971,
544081,"Jyoti CNC Automation Limited",A,STK,782.75,794.15,768,772,772,778.75,703,10784,8420606,
544083,"Shree Marutinandan Tubes Limit",M,STK,54.45,54.45,52.25,52.25,52.25,56.1,2,1000,53350,
544088,"Medi Assist Healthcare Service",A,STK,318.65,333,318.65,324.5,324.85,318.7,497,11534,3763195,
544089,"Zerodha Mutual Fund",F,STK,113.08,113.1,113.08,113.09,113.09,113.07,522,709999,80292356,
544090,"Sayaji Hotels (Pune) Limited",X,STK,801,854.6,801,819.45,819.45,858.2,19,154,124267,
544091,"Qualitek Labs Limited",M,STK,321,321,317,317,317,325,4,1600,509640,
544092,"Bajaj Finserv Mutual Fund",B,STK,248.4,248.4,243.52,244.22,243.52,248.84,20,572,139939,
544093,"Bajaj Finserv Mutual Fund",B,STK,57.91,57.95,56.5,56.95,56.5,57.91,82,3951,225341,
544094,"Euphoria Infotech (India) Limi",M,STK,32.55,32.55,32.55,32.55,32.55,32,1,1200,39060,
544095,"EPACK Durable Limited",A,STK,250.7,269.4,250.7,265.2,265.2,250.4,1332,87712,22884847,
544100,"Nova Agritech Limited",B,STK,29,29.45,27.7,27.8,27.8,28.44,242,20495,588493,
544103,"UTI Mutual Fund",F,STK,63.6,64.62,63.6,64.62,64.62,63.88,3,1002,64747,
544104,"UTI Mutual Fund",F,STK,26.57,26.57,26.03,26.03,26.03,26.3,3,402,10464,
544105,"HARSHDEEP HORTICO LIMITED",M,STK,85,85,84.75,84.75,84.75,88,2,3000,254625,
544106,"Mayank Cattle Food Limited",M,STK,160,160,160,160,160,159.4,1,600,96000,
544107,"BLS E-Services Limited",B,STK,134,146.1,134,141.65,141.4,135.3,464,21828,3108126,
544109,"DSP Mutual Fund",B,STK,151.4,151.9,151.4,151.6,151.6,149.32,4,61,9262,
544110,"HDFC Mutual Fund",B,STK,91.02,91.03,89.25,89.59,89.72,90.96,47,2744,247544,
544111,"Apeejay Surrendra Park Hotels",B,STK,118.5,118.9,115,115.55,115.55,117.7,391,48877,5747540,
544112,"JASCH GAUGING TECHNOLOGIES LIM",X,STK,539,539,500,500,500,518,7,214,109423,
544117,"Signpost India Limited",B,STK,244.4,244.4,228.15,231.25,229.1,236.5,219,105279,24684583,
544118,"JANA SMALL FINANCE BANK LIMITE",A,STK,355.9,367.15,350,361.55,360.3,355.35,590,17712,6427189,
544119,"Rashi Peripherals Limited",B,STK,364.8,370.35,346.6,348.95,348.95,364.25,230,3626,1299780,
544120,"Capital Small Finance Bank Ltd",B,STK,251.2,252.5,249,249.1,250,252.45,47,1062,266357,
544121,"Rudra Gas Enterprise Limited",M,STK,61,61,61,61,61,60.34,2,2000,122000,
544122,"Entero Healthcare Solutions Li",B,STK,1027,1052.95,1018.9,1023.75,1026.8,1029.7,195,2164,2252736,
544123,"LIC Mutual Fund",B,STK,57.86,57.86,56.88,56.88,56.88,57.46,10,571,32997,
544124,"VIBHOR STEEL TUBES LIMITED",B,STK,108.05,112.9,107,112,112.05,108.05,80,2298,250215,
544129,"Juniper Hotels Limited",B,STK,205.5,205.7,197.75,199.55,198.75,206.6,277,7032,1420445,
544130,"Mirae Asset Mutual Fund",B,STK,40.98,41.17,40.4,40.51,40.5,40.79,543,113669,4650633,
544131,"GPT Healthcare Limited",B,STK,123.4,125.6,122.45,124.7,125.6,123.2,80,2559,315095,
544132,"Zerodha Mutual Fund",E,STK,25.38,25.38,25.17,25.27,25.27,25.15,1144,493409,12458135,
544133,"EXICOM TELE-SYSTEMS LIMITED",B,STK,86.09,89.36,85,85.41,86.2,86.02,503,23282,2034637,
544134,"Platinum Industries Limited",B,STK,216.85,220.4,211.75,215.75,211.75,215,190,6244,1362726,
544135,"Mukka Proteins Limited",B,STK,22.73,23.51,22.64,22.84,23,22.72,226,20934,479508,
544136,"R K Swamy Limited",B,STK,98.4,100,96.9,96.93,96.9,97.95,161,2260,221014,
544137,"Indus Infra Trust",IF,STK,123.1,125.2,122.05,124.32,123.47,122.95,3033,6829,847260,
544138,"J.G.Chemicals Limited",B,STK,365,368.2,350.7,355,355,360.4,208,2796,1002856,
544139,"KOURA FINE DIAMOND JEWELRY LIM",M,STK,38,38,38,38,38,39.5,2,4000,152000,
544140,"Gopal Snacks Limited",B,STK,287.35,288.65,280.5,281.3,280.5,283.1,312,11026,3128638,
544141,"Pune E - Stock Broking Limited",M,STK,228,236,226.7,231,230,225,22,17600,4081080,
544142,"Shipping Corporation of India",B,STK,43.37,45.14,42.98,44.26,43.96,43.15,219,35470,1560022,
544143,"Royal Sense Limited",M,STK,161,161,161,161,161,160.05,3,2500,402500,
544144,"Popular Vehicles and Services",B,STK,92.9,96.3,92.61,93.54,93.37,93.66,31,1794,170426,
544149,"KRYSTAL INTEGRATED SERVICES LI",B,STK,601.25,628,590.5,594.3,591,600,98,1831,1115792,
544150,"KP GREEN ENGINEERING LIMITED",M,STK,339.5,366.95,339.5,357.35,352.2,339.7,298,90750,32137462,
544151,"CHATHA FOODS LIMITED",M,STK,75,75,71.9,73.5,73.5,74.06,4,4000,292400,
544156,"Gconnect Logitech and Supply C",M,STK,18,18,16.62,16.62,16.62,17.49,3,6000,103860,
544158,"SRM CONTRACTORS LIMITED",B,STK,391,398.9,369.25,373.85,373.85,387.5,349,14114,5347296,
544159,"DSP BSE Liquid Rate ETF",F,STK,1116.83,1116.85,1116.83,1116.85,1116.83,1116.71,33,15683,17515501,
544160,"Jay Kailash Namkeen Limited",M,STK,16.05,16.06,16.05,16.06,16.06,16.05,2,3200,51376,
544161,"D P ABHUSHAN LIMITED",B,STK,1020.2,1043.95,1018,1032.3,1030.8,1003.3,77,810,839319,
544162,"Bharti Hexacom Limited",A,STK,1557.8,1584.3,1528,1537.45,1537.45,1574.5,658,3419,5341360,
544165,"SHIVAM CHEMICALS LIMITED",MT,STK,104,104,101,103.9,103.9,104,39,109500,11381550,
544166,"EMMFORCE AUTOTECH LIMITED",M,STK,128,128.5,128,128.25,128.5,130.3,3,3600,461400,
544167,"JNK India Limited",B,STK,237.95,250.25,237.95,240.95,241.8,237.15,290,9491,2320040,
544170,"Dolphin Kitchen Utensils and A",MT,STK,27.68,27.68,27.68,27.68,27.68,29.13,2,4000,110720,
544171,"Storage Technologies and Autom",M,STK,37,37,35.91,36.45,36.5,37,11,25600,942608,
544172,"Indegene Limited",A,STK,454.25,463.3,448.35,449.6,449.1,452.45,620,14978,6783120,
544173,"Finelistings Technologies Limi",M,STK,14,14,14,14,14,14.1,1,1000,14000,
544174,"TBO TEK LIMITED",A,STK,1220.25,1231.75,1176.3,1201.65,1219.1,1220.85,723,9806,11733755,
544175,"TGIF AGRIBUSINESS LIMITED",M,STK,90,90,89.5,89.5,89.5,90,2,2400,215400,
544176,"Aadhar Housing Finance Limited",A,STK,474.05,485.45,473.55,482.15,480.6,479.7,420,7698,3691825,
544177,"Aztec Fluids & Machinery Limit",M,STK,94.8,95,92,95,95,90.55,8,10000,938180,
544179,"Go Digit General Insurance Lim",A,STK,333.6,337.1,332.75,334,334.85,333.45,547,6039,2021095,
544180,"Mirae Asset Mutual Fund",B,STK,46.36,46.65,45.5,45.63,45.63,46.36,124,18584,853140,
544181,"Awfis Space Solutions Limited",A,STK,256.2,285.15,256.2,278.35,278.35,256.15,1415,44467,12325275,
544183,"Associated Coaters Limited",M,STK,101.6,101.6,101.6,101.6,101.6,96.85,1,500,50800,
544184,"Borosil Scientific Limited",B,STK,108.15,110,105.7,106.3,106.3,107.8,284,9929,1069566,
544185,"ADTECH SYSTEMS LIMITED",X,STK,50.8,52.98,50.06,51.8,50.7,51.48,37,870,45121,
544186,"Forbes Precision Tools and Mac",X,STK,124,125,121,121.9,121.9,122.55,121,6770,826843,
544187,"KRONOX LAB SCIENCES LIMITED",B,STK,115.7,116.5,111,111.85,111,114.75,108,4612,525180,
544188,"Magenta Lifecare Limited",M,STK,10.1,10.1,10,10,10,10.1,2,8000,80400,
544189,"SATTRIX INFORMATION SECURITY L",MT,STK,422,422,392.1,400.05,407,407.95,9,4500,1841050,
544190,"3C IT Solutions and Telecoms (",MT,STK,18.1,18.1,17.6,17.6,17.6,18,2,4000,71400,
544191,"Purple Finance Limited",X,STK,56.4,57.5,55.89,56.68,56.9,56.43,88,21581,1221652,
544192,"Le Travenues Technology Limite",A,STK,169.3,171.45,166.2,167.55,167.9,170.05,1736,41168,6912267,
544193,"Zerodha Mutual Fund",B,STK,10.65,10.77,10.35,10.45,10.45,10.56,528,73436,773483,
544194,"Zerodha Mutual Fund",B,STK,10.29,10.52,10.23,10.25,10.3,10.43,319,116477,1202974,
544195,"United Cotfab Limited",M,STK,18.5,18.5,17.75,17.75,17.75,18,6,14000,252900,
544196,"BARODA BNP PARIBAS MUTUAL FUND",B,STK,56.75,56.75,56.06,56.06,56.06,57.79,7,27,1523,
544197,"JHS SVENDGAARD RETAIL VENTURES",B,STK,22.93,22.93,20.66,20.81,20.81,22.93,4,13,273,
544198,"DEE DEVELOPMENT ENGINEERS LIMI",B,STK,309.3,322.95,303.9,311.15,311.15,309.05,4737,393544,123468928,
544199,"GEM Enviro Management Limited",M,STK,38,39.92,38,39.92,39.92,38.02,15,15200,600952,
544200,"Akme Fintrade (India) Limited",T,STK,8.65,8.71,7.89,8.19,7.9,8.3,507,683945,5770504,
544201,"DINDIGUL FARM PRODUCT LIMITED",M,STK,12.26,12.26,11.74,11.97,12.01,11.68,21,88000,1060620,
544202,"STANLEY LIFESTYLES LIMITED",B,STK,158.4,165.75,158.4,162.5,162.15,160.1,342,12272,1991222,
544203,"Allied Blenders and Distillers",A,STK,479,486.1,470,473.45,472.5,478.1,490,9649,4635550,
544204,"VRAJ IRON AND STEEL LIMITED",B,STK,115.4,119.25,114.9,117.8,118.35,115.1,43,2382,279960,
544205,"National Peroxide Limited",X,STK,386,405,375.15,379.95,380,381.45,146,4913,1912807,
544206,"SBI Mutual Fund",E,STK,262.36,263.36,256.26,257.29,257.29,262.03,1344,116194,30166000,
544207,"Reliable Data Services Limited",B,STK,124,124,119,121,121,121.85,69,2384,289960,
544209,"Bansal Wire Industries Limited",B,STK,251.2,252.8,244.9,246.65,246.8,246.85,118,2507,626570,
544210,"Emcure Pharmaceuticals Limited",A,STK,1566,1579.8,1545,1561.2,1561.2,1564.6,860,10572,16504238,
544212,"Mirae Asset Mutual Fund",B,STK,29.83,29.83,28.66,28.7,28.71,29.4,380,20760,601495,
544213,"AELEA COMMODITIES LIMITED",M,STK,124.05,127,124.05,125.2,125.2,126.1,11,7200,905220,
544214,"THREE M PAPER BOARDS LIMITED",M,STK,25.5,28.5,25.5,28.5,28.5,28.98,2,4000,108000,
544215,"SBI Mutual Fund",B,STK,32.36,32.48,31.79,31.94,31.94,32.29,45,979,31356,
544216,"ICICI Prudential Mutual Fund",B,STK,11.74,11.77,11.64,11.67,11.67,11.64,505,330726,3870548,
544217,"SANSTAR LIMITED",B,STK,84.41,85.37,81.42,82.49,82.49,85.31,169,11694,987417,
544218,"Aditya Birla Sun Life Mutual F",B,STK,10.63,10.69,10.41,10.51,10.49,10.77,89,9258,97770,
544219,"VVIP Infratech Limited",M,STK,101.1,116.25,101.1,112.2,113.65,103,29,18600,2061510,
544220,"Clinitech Laboratory Limited",M,STK,38.16,42,38.16,40,40,42,8,13200,524064,
544221,"Kizi Apparels Limited",M,STK,16.45,16.45,16.45,16.45,16.45,16.05,1,18000,296100,
544222,"Akums Drugs and Pharmaceutical",B,STK,503.3,515,493.75,506.75,506.75,501.1,1226,19278,9760122,
544223,"Ceigall India Limited",B,STK,275,289.8,274.3,276.9,278.35,278.15,628,16202,4554438,
544224,"Afcom Holdings Limited",M,STK,741,745,663,667.1,667.1,739.95,3299,788640,542251404,
544225,"Ola Electric Mobility Limited",A,STK,24.33,25.03,23.58,23.9,23.9,24.24,8327,5107890,125252057,
544226,"Brainbees Solutions Limited",A,STK,222.1,225.9,218.45,225.05,224.9,218.05,744,40531,9086083,
544227,"UNICOMMERCE ESOLUTIONS LIMITED",B,STK,100.05,102.55,98.5,98.8,98.55,100.05,449,42231,4245492,
544228,"Aditya Birla Sun Life Mutual F",F,STK,110.63,110.63,110.58,110.63,110.63,110.48,20,33500,3705205,
544229,"ICICI Prudential Mutual Fund",B,STK,11.81,12.14,11.79,11.88,11.88,11.92,1300,551999,6609520,
544230,"SARASWATI SAREE DEPOT LIMITED",B,STK,59.44,62.41,59.44,60.44,60.44,59.44,46,3386,209021,
544232,"Interarch Building Solutions L",B,STK,1824.05,1859.5,1820.2,1838.85,1835.6,1805.25,283,2824,5192744,
544233,"Mahalaxmi Fabric Mills Limited",B,STK,23.73,25.26,22.49,24.51,24.51,22,55,9468,218328,
544234,"Globale Tessile Limited",B,STK,10.63,10.63,10.5,10.5,10.5,10.51,5,176,1852,
544235,"Orient Technologies Limited",B,STK,273.15,276.35,266.2,269.05,268.1,270.35,308,9094,2474216,
544236,"Resourceful Automobile Limited",M,STK,43,43,43,43,43,41.15,1,1200,51600,
544238,"Premier Energies Limited",A,STK,750.15,794.7,750.15,789.45,789.45,748.15,8208,243914,189856365,
544239,"ECOS (India) Mobility & Hospit",B,STK,145.9,146.95,136.35,137.1,137.1,147.5,712,27713,3899669,
544240,"Raymond Lifestyle Limited",A,STK,814.9,833.2,793.6,800.25,793.6,814.05,350,4411,3578964,
544241,"Mirae Asset Mutual Fund",B,STK,15.56,15.62,15.34,15.35,15.34,15.56,115,27915,432039,
544242,"Travels & rentals Limited",M,STK,14.56,16.08,14.56,16,16,15.32,11,57000,897840,
544243,"Baazar Style Retail Limited",B,STK,281.05,283.35,273.25,275.05,273.25,275.25,488,139824,38654447,
544244,"Gala Precision Engineering Lim",B,STK,735.9,745.55,729,735,730.6,732.75,36,246,181912,
544245,"Naturewings Holidays Limited",M,STK,73.99,73.99,73.99,73.99,73.99,79,1,1600,118384,
544246,"Revathi Equipment India Limite",B,STK,597.5,600,597.5,600,600,586.65,3,25,14975,
544247,"DSP Mutual Fund",B,STK,90.2,90.4,88.76,88.91,88.76,90.51,73,4285,383315,
544248,"MACH CONFERENCES AND EVENTS LI",MT,STK,107.8,113.55,107.8,113.05,113.35,108.2,11,9600,1079130,
544249,"SHREE TIRUPATI BALAJEE AGRO TR",B,STK,26.6,28.7,26.6,27.8,27.8,27.14,92,5255,144962,
544250,"Sanofi Consumer Healthcare Ind",A,STK,4550,4550,4403.55,4439.2,4410,4512.3,165,474,2107664,
544251,"Share Samadhan Limited",M,STK,44,44,44,44,44,43.1,4,12800,563200,
544252,"Bajaj Housing Finance Limited",A,STK,84.86,85.81,83.6,83.73,83.73,84.57,2159,300376,25324850,
544253,"Kross Limited",B,STK,198.2,200,191.1,192.3,191.5,197.65,298,8150,1600709,
544254,"Tolins Tyres Limited",B,STK,110.2,110.2,102.2,103.3,103.5,102.55,132,5597,584442,
544256,"P N GADGIL JEWELLERS LIMITED",B,STK,563,573.45,558.5,569,565.1,562.95,673,5166,2928278,
544258,"Western Carriers (India) Limit",B,STK,97.45,101.25,97.45,98,98.2,97.7,91,6827,681180,
544259,"POPULAR FOUNDATIONS LIMITED",M,STK,30.1,30.11,29,29,29,31,5,15000,448080,
544260,"Northern Arc Capital Ltd.",A,STK,242.55,247.25,240.6,242.85,244.05,244.95,366,14746,3592334,
544261,"ARKADE DEVELOPERS LIMITED",B,STK,106.55,108.7,105.1,105.45,105.55,106.55,335,21470,2286303,
544262,"Manba Finance Limited",B,STK,117,117,113,113,113,114.3,87,6744,769883,
544263,"KRN HEAT EXCHANGER AND REFRIGE",A,STK,959.8,963.3,920,928.25,928.25,950.95,1090,35873,33899473,
544264,"Diffusion Engineers Limited",B,STK,269.65,269.65,258.15,258.35,258.2,262.4,54,645,170086,
544265,"Nexxus Petro Industries Limite",M,STK,83.09,83.09,83.09,83.09,83.09,83.5,5,6000,498540,
544266,"Mirae Asset Mutual Fund",B,STK,90.66,91.04,88.8,88.81,88.8,90.82,41,2461,220464,
544267,"SUBAM PAPERS LIMITED",M,STK,176,176.1,168,168,168,171.1,9,13600,2365160,
544268,"Mirae Asset Mutual Fund",B,STK,11.95,12.16,11.84,11.89,11.89,11.96,1535,2942873,35161759,
544269,"NEOPOLITAN PIZZA AND FOODS LIM",M,STK,8.08,8.3,7.69,7.71,7.69,8.09,17,204000,1641240,
544271,"Garuda Construction and Engine",B,STK,174.6,176.6,165.8,170.35,170.35,170.75,448,19353,3343624,
544272,"SHIV TEXCHEM LIMITED",M,STK,129,137.85,129,136.55,135.05,131.3,40,35200,4836120,
544273,"MANGALAM GLOBAL ENTERPRISE LIM",B,STK,10.27,10.27,10.12,10.12,10.12,10.21,5,262,2685,
544274,"HYUNDAI MOTOR INDIA LIMITED",A,STK,2095.1,2103,2004,2020.35,2020.35,2099.5,2325,48507,98028145,
544275,"ICICI Prudential Mutual Fund",B,STK,15.59,15.82,15.4,15.44,15.48,15.57,90,6220,96498,
544276,"Deepak Builders and Engineers",B,STK,71.88,74.7,71.31,73.28,73.95,72.04,117,6734,488442,
544277,"Waaree Energies Limited",A,STK,2661.3,2729.9,2661.3,2682.7,2682.7,2656.2,9538,140597,380316563,
544278,"OCCL Limited",B,STK,86.59,86.59,84.15,85.11,85.35,84.8,90,1242,105651,
544279,"Godavari Biorefineries Limited",B,STK,309.55,313.85,293.6,295.7,295.7,305.4,845,24874,7490498,
544280,"Afcons Infrastructure Limited",A,STK,276.7,300.7,276.7,280.3,280.1,276.55,2384,91173,26336127,
544281,"A B INFRABUILD LIMITED",B,STK,17.82,18.35,17.2,17.93,17.93,17.75,471,116568,2090328,
544282,"Sagility Limited",A,STK,39.05,40.09,39.05,39.8,39.8,39.05,4860,1640817,65218917,
544283,"ACME Solar Holdings Limited",A,STK,224.3,232,222,229.85,222,224.25,1220,40248,9207514,
544284,"Mirae Asset Mutual Fund",F,STK,1075.98,1075.98,1075.97,1075.97,1075.97,1075.86,4,1663,1789341,
544285,"SWIGGY LIMITED",A,STK,293.6,296.1,283,284.7,284.7,294.6,4905,329368,95567482,
544286,"NIVA BUPA HEALTH INSURANCE COM",A,STK,71.85,71.94,70.89,71.48,71.55,71.38,666,30192,2156872,
544287,"Mangal Compusolution Limited",M,STK,50.5,53.95,48.75,49.13,48.75,54.85,9,54000,2830350,
544288,"BlackBuck Limited",A,STK,585.4,585.4,570.1,575.7,572.45,585.35,609,8115,4702161,
544289,"NTPC GREEN ENERGY LIMITED",A,STK,87.07,88.8,86.35,86.7,86.7,86.71,3159,287350,25167921,
544290,"ENVIRO INFRA ENGINEERS LIMITED",A,STK,152.9,165.15,150.5,152.85,152.4,141.2,7775,588954,94510458,
544291,"RAJESH POWER SERVICES LIMITED",M,STK,882,893.9,850,862.9,862.9,882.6,257,37200,32270945,
544292,"Onesource Specialty Pharma Lim",A,STK,1456,1493,1456,1481.3,1475.05,1471.4,338,3921,5807285,
544293,"SURAKSHA DIAGNOSTIC LIMITED",B,STK,257.35,262.4,257.35,259.45,260.7,258.45,29,1339,347662,
544294,"Rossell Techsys Limited",B,STK,725.05,737.4,695.95,711.65,712.85,725.9,234,4602,3262062,
544295,"Property Share Investment Trus",IF,STK,1040000,1040000,1020000,1021500,1020000,1025000.5,8,8,8205552,
544296,"NISUS FINANCE SERVICES CO LIMI",M,STK,199.95,214.8,197.1,203,203,195.3,254,154000,32139880,
544301,"Odigma Consultancy Solutions L",B,STK,23.8,24.49,23.5,23.61,23.55,23.95,214,15563,373676,
544302,"Innovana Thinklabs Limited",B,STK,386.6,387,380,383.15,380,384.1,64,2664,1030417,
544303,"TOSS THE COIN LIMITED",M,STK,315,315,315,315,315,315,1,300,94500,
544304,"JUNGLE CAMPS INDIA LIMITED",M,STK,46.35,49.2,41.25,49.2,49.2,41,62,118400,5619696,
544305,"One Mobikwik Systems Limited",B,STK,184.95,186.8,178.85,179.7,179.7,181.7,648,57791,10548822,
544306,"Sai Life Sciences Limited",A,STK,1010.4,1030.1,1005.85,1012.35,1008.6,1009.95,1086,12297,12501300,
544307,"Vishal Mega Mart Limited",A,STK,111.4,111.45,107.7,108.05,108.05,111.3,2876,342504,37236007,
544308,"Hilltone Software and Gases Lt",X,STK,52.6,54.97,51.15,52.99,52.99,53.84,33,6813,357158,
544309,"INVENTURUS KNOWLEDGE SOLUTIONS",A,STK,1403.4,1405,1369,1376.3,1384,1398.4,1350,15063,20827263,
544310,"Yash Highvoltage Limited",M,STK,468.35,484,468.35,471.25,473,468.35,91,27250,12958100,
544311,"International Gemmological Ins",A,STK,326.05,334.65,326,328.25,327.7,330.65,814,27026,8927963,
544312,"HAMPS BIO LIMITED",M,STK,17.02,17.02,17.02,17.02,17.02,17.5,1,4000,68080,
544313,"NACDAC Infrastructure Limited",M,STK,24.25,24.25,24.21,24.21,24.21,24.3,2,8000,193840,
544314,"Sanathan Textiles Limited",B,STK,404.25,417,398.65,415.85,417,397.35,31,133,54335,
544315,"Concord Enviro Systems Limited",B,STK,243.8,273.75,243.8,248.45,245.9,241.4,1361,27936,7222263,
544316,"DAM Capital Advisors Limited",B,STK,135,138.35,132.5,133.1,133.1,134.15,525,39346,5316445,
544317,"Transrail Lighting Limited",A,STK,522.9,534.1,510.3,514.85,514.85,522.8,966,19591,10242757,
544318,"MAMATA MACHINERY LIMITED",B,STK,387.5,398.95,384,385.7,385.7,390.75,217,3593,1410431,
544319,"SENORES PHARMACEUTICALS LIMITE",B,STK,760.65,768,738.65,746.3,746.3,759.8,399,6583,4969598,
544320,"CARRARO INDIA LIMITED",B,STK,492.05,499.45,481.1,482.35,483,492.85,137,1471,724627,
544321,"Ventive Hospitality Limited",B,STK,678.4,685,667.75,669.85,667.75,675.5,112,1074,727257,
544322,"Unimech Aerospace and Manufact",B,STK,880.75,892.1,855,857.1,864,880.4,393,3350,2909324,
544323,"Mirae Asset Mutual Fund",B,STK,10.66,10.73,10.45,10.45,10.47,10.67,18,1806,19176,
544324,"Citichem India Limited",M,STK,16.5,16.5,16.5,16.5,16.5,16,2,4000,66000,
544325,"ITC Hotels Limited",A,STK,163.8,164.9,161.2,162,162,164,5520,254821,41569317,
544326,"Edelweiss Mutual Fund",B,STK,23.39,23.43,22.92,23.08,23.43,23.28,67,3757,87163,
544328,"INDO FARM EQUIPMENT LIMITED",B,STK,128.4,130.8,126,126.15,126.15,127.85,465,24505,3143269,
544329,"LEO DRYFRUITS & SPICES TRADING",M,STK,49.5,52.5,49.5,52.5,52.5,51.05,2,12000,600000,
544330,"PARMESHWAR METAL LIMITED",M,STK,118.25,118.25,115,115,115,118,5,10000,1170600,
544331,"Davin Sons Retail Limited",M,STK,31,33.9,31,33.9,33.9,28.27,4,8000,261580,
544332,"FABTECH TECHNOLOGIES CLEANROOM",M,STK,241.5,260,241.5,252,252,240.1,11,4400,1121980,
544333,"STANDARD ENGINEERING TECHNOLOG",B,STK,124.65,128,121.65,122.5,122.5,123.5,267,21117,2669103,
544334,"Indobell Insulations Limited",M,STK,57,57,57,57,57,62.3,1,1500,85500,
544335,"B.R.GOYAL INFRASTRUCTURE LIMIT",M,STK,100,102,97.04,101.51,101.9,99.05,12,14000,1405690,
544336,"Quadrant Future Tek Limited",B,STK,298.6,314.3,296.8,301.6,301.6,294.5,836,25086,7707434,
544338,"Capital Infra Trust",IF,STK,68.52,69.12,68.4,68.67,68.49,69.01,956,52735,3627796,
544339,"Laxmi Dental Limited",B,STK,181.75,186.35,181.75,184.05,186,180.25,186,6491,1193903,
544340,"Rikhav Securities Limited",M,STK,39.05,40,39,39.7,39.7,39,41,555200,22027008,
544341,"LANDMARK GLOBAL LEARNING LIMIT",M,STK,23.2,23.93,23.1,23.58,23.56,22.97,21,144000,3375952,
544342,"Stallion India Fluorochemicals",B,STK,105.6,111.3,105.1,109.7,109.7,107.85,1578,174237,18753831,
544343,"CAPITALNUMBERS INFOTECH  LIMIT",M,STK,91.5,92,85.8,86.12,86,90.5,61,34400,3039968,
544344,"SHRIRAM PISTONS & RINGS LTD",A,STK,2967.6,3129,2967.6,3035.9,3041,3028.55,1368,6449,19851801,
544345,"Denta Water and Infra Solution",B,STK,240,275.2,240,259.55,259.55,229.35,3594,424299,115386215,
544346,"RDB Real Estate Constructions",XT,STK,146.5,146.5,139.2,141.15,141.15,146.5,30,1505,212457,
544347,"CLN ENERGY LIMITED",M,STK,310,315,306.9,312,312,306.45,9,3800,1181480,
544348,"GB Logistics Commerce Limited",M,STK,38,38.05,38,38,38,39,4,20400,775380,
544349,"H.M. ELECTRO MECH LIMITED",M,STK,43.76,45.93,43.76,45.93,45.93,43.75,4,6400,284176,
544350,"Dr. Agarwal's Health Care Limi",A,STK,451.95,451.95,442.9,444.05,443.7,445.7,131,1256,562223,
544352,"DSP Mutual Fund",B,STK,40.52,40.52,40.43,40.43,40.43,40.41,3,438,17734,
544353,"Amwill Health Care Limited",M,STK,35,35.12,34.85,35,35,35.01,6,9600,335604,
544354,"SOLARIUM GREEN ENERGY LIMITED",M,STK,143.1,146.7,138.5,139,139,143,65,37500,5310885,
544355,"Jubilant Agri and Consumer Pro",B,STK,1820.3,1820.3,1790.3,1803.8,1804.45,1777.85,67,360,650991,
544356,"AJAX Engineering Limited",B,STK,494.8,494.8,480,480.35,480.35,492.2,661,3911,1895795,
544361,"COVANCE SOFTSOL LIMITED",XT,STK,171.3,171.3,171.3,171.3,171.3,171.3,11,977,167360,
544362,"Hexaware Technologies Limited",A,STK,443.05,448.2,425.5,429.7,429.7,442.65,1916,36314,15876677,
544363,"UNION MUTUAL FUND",E,STK,159.5,159.5,156.1,156.8,156.8,155.36,12,33,5185,
544364,"Indef Manufacturing Limited",B,STK,227.25,268.65,227.25,239.4,240.8,223.9,1002,29570,7612985,
544365,"SHANMUGA HOSPITAL LIMITED",M,STK,36.47,36.47,36.47,36.47,36.47,37.05,2,4000,145880,
544366,"L.K.MEHTA POLYMERS LIMITED",M,STK,42,45.6,42,45.6,45.6,42.5,2,3200,140160,
544367,"QUALITY POWER ELECTRICAL EQUIP",B,STK,821.5,840,814.2,823.75,820,827,774,18166,15083226,
544368,"Swasth Foodtech India Limited",M,STK,16.72,16.72,16.71,16.71,16.71,17.5,14,16800,280800,
544369,"Beezaasan Explotech Limited",M,STK,206.6,206.6,203.3,204.8,205.95,206.1,17,16800,3435240,
544371,"VIKRAM AROMA LIMITED",X,STK,61.78,63,61.03,62.25,62.25,61.78,13,51,3166,
544372,"SHREENATH PAPER PRODUCTS LIMIT",M,STK,11.55,11.8,11.02,11.02,11.02,11.9,9,27000,306720,
544375,"360 ONE Mutual Fund",E,STK,156.51,156.81,153.64,155.58,155.51,155.8,123,27970,4329034,
544376,"Mirae Asset Mutual Fund",B,STK,41.14,41.14,40.42,40.57,40.42,40.96,25,2575,105687,
544377,"Mirae Asset Mutual Fund",B,STK,12.92,12.97,12.75,12.75,12.75,12.9,15,6394,81596,
544378,"PDP Shipping & Projects Limite",M,STK,61.7,61.7,61.7,61.7,61.7,61.6,1,1000,61700,
544379,"Prabha Energy Limited",B,STK,158.7,158.7,150.8,150.95,151.35,161.35,255,5713,880301,
544380,"ICICI Prudential Mutual Fund",F,STK,1052.89,1052.89,1052.89,1052.89,1052.89,1052.76,2,1160,1221352,
544382,"Axis Mutual Fund",B,STK,32.9,33.28,32.59,33.04,33.19,32.66,26,2921,96260,
544384,"Zerodha Mutual Fund",E,STK,26.65,27.22,26.61,26.68,26.68,27.15,2025,780321,20976750,
544385,"SBI Mutual Fund",B,STK,51.48,52.74,51.03,51.47,51.03,52.09,45,2314,119812,
544386,"Spectrum Electrical Industries",B,STK,1301.05,1301.05,1301,1301,1301,1358.2,2,12,15612,
544387,"Desco Infratech Limited",M,STK,157.4,157.4,147,148.6,149,157.4,46,27000,4063900,
544388,"Identixweb Limited",M,STK,86.25,101,82,93,93,86,37,94000,8374940,
544389,"360 ONE Mutual Fund",E,STK,263.59,263.91,256.95,258.6,256.95,264.11,178,6836,1774293,
544390,"Siemens Energy India Limited",B,STK,2954.95,2990,2925.05,2943.85,2943.85,2954.85,1960,11505,33978304,
544392,"SPINAROO COMMERCIAL LIMITED",MT,STK,71,71,65.8,65.8,65.8,69,7,18000,1244200,
544393,"INFONATIVE SOLUTIONS LIMITED",M,STK,26,26,24.5,24.5,24.5,26.5,3,4800,122320,
544394,"ICICI Prudential Mutual Fund",B,STK,29.08,29.61,28.58,28.86,28.95,29.38,75,7183,207464,
544395,"STL Networks Limited",B,STK,18.8,19.49,18.8,18.9,18.9,19.21,555,2524604,47949380,
544396,"Network People Services Techno",B,STK,1036.5,1038.9,1000.8,1001.25,1000.8,1020.8,72,798,809133,
544397,"Ather Energy Limited",B,STK,698.05,704.25,690.35,702,703,695.8,2795,69196,48286946,
544399,"SRIGEE DLM LIMITED",M,STK,81.4,81.4,76.5,77.33,76.5,78.03,3,3600,283260,
544400,"Manoj Jewellers Limited",M,STK,42.5,44,41.5,44,44,42,10,26000,1114620,
544401,"Mirae Asset Mutual Fund",B,STK,322.08,322.08,320.87,320.87,320.87,321.6,2,16,5152,
544402,"JASH ENGINEERING LIMITED",B,STK,361.3,388.6,361.3,376.2,376,361.3,730,16800,6339369,
544403,"Aditya Birla Lifestyle Brands",B,STK,106.55,106.55,101.9,102.5,102.5,103.95,970,1064817,111347321,
544404,"BORANA WEAVES LIMITED",T,STK,400,400,391.2,398.65,398.8,400,44,1612,640665,
544405,"BELRISE INDUSTRIES LIMITED",B,STK,195.35,197.7,191.2,191.95,191.95,193.95,3713,404250,78537070,
544406,"UNIFIED DATA TECH SOLUTIONS LI",M,STK,332.5,334.45,326,330.35,330,332.4,53,31200,10298480,
544407,"AEGIS VOPAK TERMINALS LIMITED",B,STK,198.9,199,191.3,193.45,192.6,194.05,555,44702,8796026,
544408,"Leela Palaces Hotels & Resorts",B,STK,428.7,440.3,421.8,435.15,432.45,428,525,7828,3390394,
544409,"ASTONEA LABS LIMITED",M,STK,159,159,159,159,159,159,3,8000,1272000,
544410,"PROSTARM INFO SYSTEMS LIMITED",B,STK,133.8,138.35,130.95,131.4,131.55,133.15,398,20035,2691279,
544411,"Scoda Tubes Limited",B,STK,122,129,122,123.7,122.55,123.1,223,208600,26421236,
544412,"3B FILMS LIMITED",M,STK,18.45,19.35,18.45,19.35,19.35,18,5,18000,337500,
544413,"Digitide Solutions Limited",B,STK,87.01,93.49,87.01,87.63,87.38,90.05,253,15431,1389621,
544414,"Bluspring Enterprises Limited",B,STK,49.15,50.82,47.55,47.76,47.76,49.15,425,34826,1685066,
544415,"Nippon India Mutual Fund",B,STK,40.77,40.77,39.66,40.36,40.77,40.77,9,116,4700,
544416,"KRISHIVAL FOODS LIMITED",B,STK,320.2,320.2,314.5,314.5,314.5,315.95,8,181,57371,
544417,"Aten Papers & Foam Limited",M,STK,19,20,19,19,19,19,5,6000,115200,
544418,"Oswal Pumps Limited",B,STK,321.3,331.4,316,318.8,318.8,301.3,4764,449804,148239386,
544419,"ArisInfra Solutions Limited",B,STK,109.3,110.45,106.35,107.4,107.4,108.75,291,19699,2140454,
544420,"Raymond Realty Limited",B,STK,389.25,399.55,389,391.75,392.4,391.85,1165,21322,8445140,
544421,"ELLENBARRIE INDUSTRIAL GASES L",B,STK,227.05,234,222.7,228.85,228.3,222.85,314,9651,2201088,
544422,"Abram Food Limited",M,STK,82.2,82.2,77.5,77.5,77.5,73.2,3,3600,284652,
544423,"Kalpataru Limited",B,STK,303,312.7,301,304.6,301,300,185,1238,382196,
544424,"GLOBE CIVIL PROJECTS LIMITED",B,STK,46.3,48.5,45.99,46.41,46.74,46.74,30,1589,75260,
544425,"AJC Jewel Manufacturers Limite",MT,STK,105,110,105,109.4,110,109.1,5,6000,640560,
544426,"Icon Facilitators Limited",M,STK,56.1,59.1,56.02,57.09,57.7,57.97,9,13200,752700,
544427,"ICICI Prudential Mutual Fund",B,STK,10.26,10.28,9.85,9.85,9.87,10.01,24,3453,34277,
544428,"SUPERTECH EV LIMITED",MT,STK,45.14,49.72,45.14,49.5,49.5,47.5,4,6000,286992,
544429,"HDB FINANCIAL SERVICES LIMITED",B,STK,664.2,666.85,653.2,656,656,663.85,3862,76302,50220184,
544430,"SAMBHV STEEL TUBES LIMITED",B,STK,93.5,94.58,89.91,91.53,92.4,93.41,550,116489,10689445,
544431,"Ace Alpha Tech Limited",M,STK,97,97,95.05,96,95.05,96.7,4,4000,384050,
544432,"Indogulf Cropsciences Limited",B,STK,63.2,64.93,62.07,62.94,63.7,62.96,188,10550,671551,
544433,"Valencia India Limited",M,STK,14.26,15.15,14.26,15.1,15.1,15.25,16,19200,288672,
544434,"Neetu Yoshi Limited",M,STK,85,91.98,84.4,88.91,88,85.44,70,68000,5989576,
544435,"ADCOUNTY MEDIA INDIA LIMITED",M,STK,104.4,106.5,100.5,101.65,100.55,104.9,77,69600,7217240,
544436,"VANDAN FOODS LIMITED",M,STK,35,37.01,34.8,37.01,37.01,35.25,12,14400,518736,
544437,"MARC LOIRE FASHIONS LIMITED",MT,STK,69.6,70.5,67.05,70.2,70.2,70.02,14,18000,1256280,
544438,"Mirae Asset Mutual Fund",B,STK,11.27,11.38,11.14,11.16,11.14,11.36,89,32863,367376,
544439,"CRIZAC LIMITED",B,STK,216,224,210,212,212,215.85,269,13921,3015432,
544440,"CRYOGENIC OGS LIMITED",M,STK,177.5,177.5,169.05,174.65,175,171.2,15,13500,2352787,
544441,"META INFOTECH LIMITED",M,STK,88.5,89.95,83,84.35,86,89.11,36,40800,3545192,
544442,"Chemkart India Limited",M,STK,97.8,102.88,95.11,102.88,102.88,97.99,56,130200,12973626,
544443,"TRAVEL FOOD SERVICES LIMITED",B,STK,1174.95,1199.2,1174.35,1184.9,1177.1,1189.2,297,4291,5103799,
544444,"Glen Industries Limited",M,STK,68,68.3,67,67.05,67.05,70.15,14,24000,1625112,
544445,"ASSTON PHARMACEUTICALS LIMITED",M,STK,79,81,78.01,78.5,78.5,82,9,10000,796530,
544446,"Advent Hotels International Li",B,STK,181.1,185.5,177,178.15,177,180.2,190,7201,1310750,
544447,"SMARTWORKS COWORKING SPACES LI",B,STK,406.8,406.8,382.95,388.95,385,404.8,252,15161,5912056,
544448,"Pashupati Cotspin Limited",B,STK,1015,1015,980,997.5,980,1002.45,296,796,796211,
544449,"Anthem Biosciences Limited",B,STK,663.95,663.95,643.9,648.45,648.45,670,1573,16095,10453818,
544450,"CHEMBOND CHEMICALS  LIMITED",B,STK,136.05,146.55,136.05,141,141,135,69,592,84165,
544451,"MONIKA ALCOBEV LIMITED",M,STK,247,248,247,248,248,250.45,2,800,198000,
544453,"Monarch Surveyors and Engineer",M,STK,200,208,200,200.1,200.1,199.7,21,13800,2804490,
544454,"INDIQUBE SPACES LIMITED",B,STK,163.95,163.95,158.05,162.05,159.5,161.7,110,6867,1102106,
544455,"GNG Electronics Limited",B,STK,373.95,375.55,358.1,375.35,375.35,357.7,606,33040,12338070,
544456,"R M DRIP AND SPRINKLERS SYSTEM",B,STK,44.27,44.27,44.27,44.27,44.27,46.6,263,192613,8526977,
544457,"Brigade Hotel Ventures Limited",B,STK,58.55,60.1,58.31,58.69,58.78,58.41,134,8449,496405,
544458,"SHREE REFRIGERATIONS LIMITED",M,STK,188,190,185,188.9,190,190,104,72000,13579425,
544459,"SHANTI GOLD INTERNATIONAL LIMI",B,STK,203.65,203.65,198.05,198.75,198.1,199.7,159,7832,1564327,
544460,"PATEL CHEM SPECIALITIES LIMITE",M,STK,61.5,73,61.3,69.25,70.1,61.42,35,65600,4348592,
544463,"REPONO LIMITED",M,STK,54.5,56.5,52.02,56.25,56,54.5,6,7200,397164,
544464,"Umiya Mobile Limited",M,STK,61.8,61.8,58.14,61.2,61.2,61.97,3,6000,362280,
544465,"LAXMI INDIA FINANCE LIMITED",B,STK,87.28,87.79,84.5,85.14,85.14,85.16,151,6110,526183,
544466,"Aditya Infotech Limited",B,STK,1671.25,1671.25,1569,1582.5,1582.5,1644.05,1486,17570,28197555,
544467,"National Securities Depository",B,STK,882,888.35,875,876.6,876.6,875.65,22621,533000,469945545,
544469,"Sri Lotus Developers and Realt",B,STK,129.05,140.95,128.3,134.05,134.05,128.15,1441,149957,20450790,
544470,"M & B ENGINEERING LIMITED",B,STK,307,313.75,295.05,299.65,299.65,301,200,4845,1476475,
544471,"TAKYON NETWORKS LIMITED",M,STK,33.01,34.99,32.12,33.28,34.99,33,7,14000,464240,
544472,"MEHUL COLOURS LIMITED",M,STK,69.3,69.3,69.3,69.3,69.3,63.25,2,3200,221760,
544473,"Groww Mutual Fund",B,STK,10.5,10.51,10.27,10.38,10.39,10.44,323,109574,1140178,
544474,"BLT Logistics Limited",M,STK,32.9,32.9,31.9,31.95,32,32.9,8,30400,995744,
544475,"ESSEX MARINE LIMITED",M,STK,28,29.9,28,29.67,29.9,27.69,71,146000,4278720,
544476,"Jeena Sikho Lifecare Limited",B,STK,644.95,644.95,612.95,615.5,615.5,629.9,456,9119,5687133,
544477,"Highway Infrastructure Limited",B,STK,54,54,50.46,50.69,51.02,51.01,100,7915,409133,
544478,"SBI Mutual Fund",F,STK,1029.95,1029.95,1029.95,1029.95,1029.95,1019.29,1,100,102995,
544479,"ALL TIME PLASTICS LIMITED",B,STK,216.5,216.5,212,213.8,213,212.85,135,2810,600974,
544480,"JSW CEMENT LIMITED",B,STK,123.05,123.4,120.5,120.6,120.85,122.05,1350,152958,18675659,
544481,"KNOWLEDGE REALTY TRUST",IF,STK,116,117.6,115.21,117,116.98,117.02,912,38620,4501185,
544482,"STAR IMAGING AND PATH LAB LIMI",M,STK,67.18,68,62,62.51,62.99,64.85,24,30000,1919850,
544483,"ICODEX PUBLISHING SOLUTIONS LI",M,STK,39,40,38.1,38.15,38.1,40.48,6,7200,277920,
544484,"BlueStone Jewellery and Lifest",B,STK,518.95,529.4,503.6,516.1,508.95,502.15,3054,49770,25848449,
544485,"REGAAL RESOURCES LIMITED",B,STK,63.88,74.68,63.88,73.07,73.07,63.87,2643,418049,29774371,
544486,"Zerodha Mutual Fund",F,STK,30.05,30.05,30.05,30.05,30.05,30,3,3002,90210,
544487,"PATEL RETAIL LIMITED",B,STK,173.15,173.8,166.6,169.7,167,169.6,131,6343,1078419,
544488,"Vikram Solar Limited",B,STK,189.95,192.9,178.9,180.25,180.25,188.6,4208,399976,73217730,
544490,"Shreeji Shipping Global Limite",B,STK,383.5,385.4,366.75,370.5,366.75,381.1,246,7301,2745858,
544491,"Gem Aromatics Limited",B,STK,190.1,191.95,185.1,185.9,185.6,189.5,317,8888,1674417,
544492,"MANGAL ELECTRICAL INDUSTRIES L",B,STK,237,244.45,237,238.35,238.9,238,214,4597,1108442,
544493,"Nippon India Mutual Fund",B,STK,156.62,156.62,151.55,152.9,152.88,154.62,51,934,143354,
544494,"Globtier Infotech limited",M,STK,21,22.45,21,22.45,22.45,22.39,3,4800,104320,
544496,"Vikran Engineering Limited",B,STK,63.32,65.2,62.2,62.47,62.3,62.89,844,111792,7102098,
544497,"ANLON HEALTHCARE LIMITED",B,STK,125.85,128.85,124.75,127.3,126.9,125.85,342,14549,1842238,
544498,"OVAL PROJECTS ENGINEERING LIMI",M,STK,45,45.2,45,45.05,45,44.75,5,8000,360480,
544499,"Career Point Edutech Limited",B,STK,185.9,186.25,181.55,186,186,179.3,31,118,21850,
544500,"ABRIL PAPER TECH LIMITED",M,STK,36.5,36.5,32.5,33.95,33.95,33.25,9,18000,609740,
544501,"SUGS LLOYD LIMITED",M,STK,88.5,93.8,88,90.61,90.75,87.51,24,41000,3696950,
544502,"Amanta Healthcare Limited",B,STK,97.25,102.7,93.95,99.7,99.75,97.8,1748,42941,4151547,
544503,"Rachit Prints Limited",MT,STK,112.1,116.95,106.1,113.9,113.9,111.65,7,22000,2498850,
544504,"GOEL CONSTRUCTION COMPANY LIMI",M,STK,272.65,275,271,275,275,272.65,12,6400,1747720,
544505,"AUSTERE SYSTEMS LIMITED",M,STK,47.7,48.45,47.7,48,48,47.15,4,10000,481000,
544506,"SHARVAYA METALS LIMITED",M,STK,118,118,117,117,117,121,63,47400,5583960,
544507,"Zerodha Mutual Fund",B,STK,9.5,9.5,9.29,9.31,9.31,9.34,81,35005,328716,
544509,"Krupalu Metals Limited",M,STK,34.59,34.59,34.59,34.59,34.59,36.41,2,3200,110688,
544510,"NILACHAL CARBO METALICKS LIMIT",M,STK,77.5,80,76.1,76.1,76.1,76.9,3,6400,501760,
544511,"Karbonsteel Engineering Limite",M,STK,150,151.5,139.15,149.4,149.4,145,6,6400,936400,
544512,"SHRINGAR HOUSE OF MANGALSUTRA",B,STK,213.9,213.9,203.35,204,203.35,210.25,601,81927,17078425,
544513,"Dev Accelerator Limited",B,STK,38.01,38.57,37.7,37.76,37.7,37.76,51,3268,124948,
544515,"Urban Company Limited",B,STK,110.15,111.9,109.4,111.1,111.1,109.75,1280,121093,13395504,
544516,"AIRFLOA RAIL TECHNOLOGY LIMITE",M,STK,277.35,284.9,275.05,278.55,275.05,277.35,65,70000,19602600,
544517,"Shankara Buildpro Limited",B,STK,1009,1030,940.05,952.55,960,992.05,323,7729,7582308,
544518,"L. T. ELEVATOR LIMITED",MT,STK,182.95,183,178,178.35,178,181,11,17600,3172880,
544519,"EURO PRATIK SALES LIMITED",B,STK,242.8,245.75,239.45,244.2,244.2,240.9,136,3042,736640,
544521,"VMS TMT LIMITED",B,STK,42.55,42.99,41.8,42.02,41.8,42.07,55,2872,121348,
544522,"A B Cotspin India Limited",B,STK,392.15,406.5,392.15,403.8,403.8,407.5,64,1863,744366,
544523,"IVALUE INFOSOLUTIONS LIMITED",B,STK,228.85,230,227.5,228.05,228,228.8,80,2322,532475,
544524,"JD CABLES LIMITED",M,STK,168.5,170.95,166.2,169.45,170,170.8,16,16000,2712360,
544525,"GK ENERGY LIMITED",B,STK,108.65,110.5,106.7,110.5,110.5,105.25,488,77746,8546392,
544526,"Saatvik Green Energy Limited",B,STK,338.15,355.45,338.15,347.55,346.3,345.7,188,4698,1654835,
544527,"Atlanta Electricals Limited",B,STK,1018.8,1035.8,980.05,985.45,980.05,1004.3,939,10894,10986989,
544528,"Ganesh Consumer Products Limit",B,STK,175.5,176.3,168.7,170,169.85,173.35,209,5834,1012822,
544529,"Aptus Pharma Limited",MT,STK,299.55,299.55,299.55,299.55,299.55,285.3,1,2000,599100,
544530,"ANAND RATHI SHARE AND STOCK BR",B,STK,495.8,498.9,482.95,484.05,484.05,493.55,580,19716,9688398,
544531,"TRUE COLORS LIMITED",M,STK,137.5,141.5,134.75,135.1,134.75,141.8,89,75600,10350510,
544532,"Solarworld Energy Solutions Li",B,STK,170,177.4,165.3,166.1,165.8,168.35,636,13125,2249217,
544533,"Seshaasai Technologies Limited",B,STK,259.95,261.95,254.1,259.7,258,258.4,254,5458,1404822,
544534,"Jaro Institute of Technology M",B,STK,415.05,420,410,412.1,412.1,414.4,229,8883,3704369,
544535,"BHARATROHAN AIRBORNE INNOVATIO",MT,STK,129.15,131,129.15,131,131,135.9,8,12800,1656160,
544537,"Jain Resource Recycling Limite",B,STK,422.3,434.65,419.6,433.85,433.85,422.65,1395,60195,25777872,
544538,"PRARUH TECHNOLOGIES LIMITED",M,STK,50.5,50.5,50.5,50.5,50.5,51,2,4000,202000,
544539,"Solvex Edibles Limited",M,STK,21.14,21.14,21.14,21.14,21.14,22.25,3,4800,101472,
544540,"Epack Prefab Technologies Limi",B,STK,163.1,166.85,158.15,160.45,160.45,162.15,620,30501,4931651,
544541,"SYSTEMATIC INDUSTRIES LIMITED",M,STK,161,161,158.5,160,159.9,164,22,17400,2782680,
544542,"Justo Realfintech Limited",M,STK,102,102,100,100,100,105,6,6000,607950,
544543,"BMW VENTURES LIMITED",B,STK,57.3,57.76,56.2,57.35,57.3,57.62,98,15828,906155,
544544,"TELGE PROJECTS LIMITED",M,STK,95.99,96,95.99,96,96,95.76,2,2400,230388,
544545,"TRUALT BIOENERGY LIMITED",B,STK,382.4,394.9,373.6,389.75,387,374.85,370,7762,2970220,
544546,"Chatterbox Technologies Limite",M,STK,55.5,57.9,55.5,56.42,56.42,56.23,22,54000,3016980,
544547,"Jinkushal Industries Limited",B,STK,53.94,55.6,53.89,54.04,54.04,54.42,53,1866,101292,
544549,"EARKART LIMITED",M,STK,135,140.5,135,140.5,140.5,153,3,4000,547500,
544550,"Pace Digitek Limited",B,STK,161.9,163.95,156.6,157.1,157.1,159.35,354,24132,3845355,
544551,"BHAVIK ENTERPRISES LIMITED",M,STK,150,150.05,150,150.05,150.05,147,2,2000,300050,
544552,"RUKMANI DEVI GARG AGRO IMPEX L",MT,STK,107.9,108,107.9,108,108,106,2,2400,259080,
544553,"M P K STEELS (I) LIMITED",M,STK,128,128,128,128,128,127,1,1600,204800,
544554,"KVS Castings Limited",M,STK,51.99,55,51.99,55,55,52,11,24000,1289980,
544555,"AMEENJI RUBBER LIMITED",M,STK,120.5,121,116,119,121,124.95,12,19200,2288460,
544557,"Glottis Limited",B,STK,44.82,45.45,43.75,43.96,44.24,44.51,122,6498,290206,
544558,"Fabtech Technologies Limited",B,STK,157.3,162.45,148,149.9,148.55,157.6,272,12796,1995390,
544559,"OM METALLOGIC LIMITED",M,STK,14.62,14.8,14.51,14.65,14.52,14.62,13,27200,397648,
544560,"SODHANI CAPITAL LIMITED",M,STK,65.8,66,64,66,66,66.21,4,8000,521600,
544561,"Chiraharit Limited",M,STK,7.15,7.15,7.01,7.02,7.02,7.15,4,30000,212040,
544562,"Advance Agrolife Limited",B,STK,109.45,109.95,104,105.5,105.5,108,281,6318,677957,
544563,"Zelio E Mobility Limited",MT,STK,362.55,373,359.55,359.55,359.55,378.45,40,42000,15221050,
544564,"Om Freight Forwarders Limited",B,STK,79,79.23,77.27,77.32,78.27,79.21,47,1100,85693,
544566,"Sunsky Logistics Limited",M,STK,74,74.9,73.9,74,74,72.45,4,30000,2232600,
544568,"DSM Fresh Foods Limited",M,STK,106.5,109.4,102.85,105.05,105,106.3,41,72000,7700580,
544569,"Tata Motors Limited",B,STK,465.55,469.6,440.1,445.55,445.55,459.15,20213,839542,380443311,
544570,"WeWork India Management Limite",B,STK,441.6,473.9,434.45,469.6,473.2,441,348,8696,3974182,
544571,"NSB BPO Solutions Limited",M,STK,77.8,77.8,76.15,76.15,76.15,75.6,2,2000,153950,
544572,"SKF INDIA (INDUSTRIAL) LIMITED",B,STK,2278,2281.4,2184.2,2198.55,2198.55,2250.75,453,1255,2793158,
544574,"Tata Capital Limited",A,STK,322.05,322.45,318.2,319.65,319.65,322,4901,119521,38198082,
544575,"Mittal Sections Limited",M,STK,27.9,27.9,27.9,27.9,27.9,26.58,11,77000,2148300,
544576,"LG Electronics India Limited",B,STK,1568.25,1611.85,1558,1592.3,1592.3,1573.1,4607,47916,75974114,
544578,"RUBICON RESEARCH LIMITED",B,STK,790.95,796.35,776.9,782.55,782.55,789.25,718,8788,6938258,
544579,"Anantam Highways Trust",IF,STK,102.92,103.1,102.92,103.04,103.1,101.76,13,574,59099,
544580,"Canara Robeco Asset Management",B,STK,243.25,243.8,239,240.35,240.35,241.05,787,72442,17432081,
544581,"DSP Mutual Fund",B,STK,9.61,9.61,9.5,9.52,9.52,9.57,12,1388,13209,
544582,"SHLOKKA DYES LIMITED",M,STK,24.01,25.8,23.89,25.4,25.4,25.13,8,44400,1115856,
544583,"Canara HSBC Life Insurance Com",B,STK,146.1,151.6,146.1,148.25,149.35,147.95,991,168561,25414991,
544584,"SK Minerals & Additives Limite",M,STK,130.75,130.75,125.1,125.1,125.1,127,22,30000,3823900,
544585,"SIHORA INDUSTRIES LIMITED",M,STK,55,59,55,59,59,54.4,3,12000,688000,
544586,"Zerodha Mutual Fund",B,STK,9.55,9.78,9.5,9.54,9.55,9.69,667,143582,1378935,
544587,"Midwest Limited",B,STK,1192.3,1258.45,1170.4,1223,1223,1174.35,288,2846,3492852,
544594,"GAME CHANGERS TEXFAB LIMITED",M,STK,112,112,111.95,111.95,111.95,112.5,2,2400,268740,
544595,"Orkla India Limited",B,STK,568.95,568.95,541.1,542.75,544.5,551.55,351,9883,5378934,
544596,"Safecure Services Limited",M,STK,34.6,34.6,34,34,34,35.03,3,3600,123120,
544597,"Piramal Finance Limited",B,STK,1790,1790,1718,1781.35,1784.1,1784.8,2309,21109,37009471,
544598,"Accuracy Shipping Limited",B,STK,4.06,4.45,4,4.08,4.03,4.18,114,15880,65082,
544599,"Studds Accessories Limited",B,STK,520.7,520.7,512.4,517.8,517.1,515.6,45,600,310234,
544600,"Lenskart Solutions Limited",B,STK,518,522.7,488.6,498.8,498.8,514.7,4280,127046,64288184,
544601,"Choice Mutual Fund",E,STK,158.64,160.24,157.57,158.6,158.6,158.5,38,191,30298,
544603,"Billionbrains Garage Ventures",B,STK,157.5,161.8,153.95,154.5,154.5,157.05,5379,971288,152631639,
544604,"Mirae Asset Mutual Fund",B,STK,36.53,36.65,36.17,36.19,36.17,36.25,88,24224,883024,
544605,"Mirae Asset Mutual Fund",B,STK,15.26,15.57,15.26,15.37,15.35,15.44,144,116462,1792612,
544606,"Pine Labs Limited",B,STK,172,173.05,168.5,171.25,171.25,172.4,1351,38821,6666497,
544607,"SHINING TOOLS LIMITED",M,STK,52,52,49.25,49.6,49.6,54,7,8400,418584,
544608,"Emmvee Photovoltaic Power Limi",B,STK,202.65,213.8,202.65,206.6,206.6,205.6,1052,76937,16040991,
544609,"Physicswallah Limited",B,STK,82.51,85.14,82.35,83.19,83.19,83.32,2034,456926,38425464,
544610,"WORKMATES CORE2CLOUD SOLUTION",M,STK,333.95,333.95,320.05,321.85,320.05,322.9,15,10200,3327990,
544611,"MAHAMAYA LIFESCIENCES LIMITED",MT,STK,162,162,160,160,160,158.35,3,3600,579600,
544612,"Tenneco Clean Air India Limite",B,STK,551.25,551.25,522.2,527.65,527.65,543.55,942,14928,7966692,
544613,"Fujiyama Power Systems Limited",B,STK,180.05,189.7,180.05,188,186.5,183.45,295,9608,1795220,
544614,"Capillary Technologies India L",B,STK,522,523.95,513.2,514.85,515,514.15,132,2810,1453500,
544615,"KSR Footwear Limited",T,STK,37.3,37.34,36.65,37.34,37.34,36.61,40,114007,4187808,
544616,"Gallard Steel Limited",M,STK,142,142,139,139.1,139,144,7,9000,1267300,
544617,"Excelsoft Technologies Limited",B,STK,80.44,82.26,79.43,79.97,79.97,79.69,285,23560,1905576,
544618,"Edelweiss Mutual Fund",B,STK,78.69,78.69,77,77.04,77,78.45,6,16,1239,
544619,"Sudeep Pharma Limited",B,STK,613.5,653.2,586.9,618.15,618.15,593.85,541,6933,4333206,
544620,"DSP Mutual Fund",B,STK,28.73,28.73,28.73,28.73,28.73,28.8,1,5,143,
544621,"SSMD AGROTECH INDIA LIMITED",M,STK,35.9,36.9,35.9,36.9,36.9,34.5,7,7000,254030,
544622,"Kwality Walls (India) Limited",B,STK,26.76,26.84,26.25,26.54,26.54,26.45,2864,613059,16233925,
544623,"Mother Nutri Foods Limited",M,STK,153.9,153.9,150.4,150.4,150.4,153,2,12000,1825800,
544624,"K K SILK MILLS LIMITED",M,STK,11.36,11.92,11.22,11.56,11.55,11.36,9,48000,557370,
544625,"Logiciel Solutions Limited",M,STK,32.25,32.25,30.39,30.39,30.39,31.98,26,16800,514158,
544626,"EXATO TECHNOLOGIES LIMITED",M,STK,373,375.95,339.1,360,360,366.65,65,66000,23712550,
544628,"Astron Multigrain Limited",M,STK,17.3,18.4,17.2,17.69,17.69,17.35,16,68000,1212100,
544629,"Ravelcare Limited",M,STK,154,154,151,151.5,151.5,156.95,13,38000,5772250,
544631,"CREATIVE NEWTECH LIMITED",B,STK,643,668.05,640,651.8,647.8,631.1,12,209,136476,
544632,"Meesho Limited",B,STK,140.5,143.35,137.9,139.85,141.3,140.35,3148,208299,29241906,
544633,"VIDYA WIRES LIMITED",B,STK,52.99,54.81,52.23,53.96,53.96,52.41,1151,160031,8599456,
544634,"Aequs Limited",B,STK,132.35,132.35,125.5,125.8,125.5,126.4,525,24140,3063104,
544635,"Luxury Time Limited",M,STK,61.5,64,60.27,61.32,60.27,63.26,20,86400,5470352,
544637,"Methodhub Software Limited",M,STK,111.95,111.95,102.7,104.1,106.8,110.2,69,61800,6560760,
544638,"Bandhan Mutual Fund",E,STK,160.2,162,159.1,159.91,162,159.9,93,1729,276251,
544639,"Bandhan Mutual Fund",E,STK,267.97,267.98,262,262.03,262.22,267.62,84,1782,473014,
544640,"Riddhi Display Equipments Limi",M,STK,35,35,34.2,34.2,34.2,33.57,6,10800,376728,
544642,"Wakefit Innovations Limited",B,STK,182.95,182.95,170.1,171.55,170.9,181.05,580,613284,106442470,
544643,"PRODOCS SOLUTIONS LIMITED",MT,STK,183,191.55,183,186.3,186.3,192.15,8,190000,35040850,
544644,"Corona Remedies Limited",B,STK,1630.4,1670.05,1591.4,1609.6,1609.6,1631.2,295,3333,5378696,
544645,"PARK MEDI WORLD LIMITED",B,STK,207.15,207.35,201.1,203.4,202,204.65,779,55231,11252746,
544646,"Shipwaves Online Limited",M,STK,3.65,3.78,3.51,3.56,3.59,3.69,44,440000,1560000,
544647,"Nephrocare Health Services Lim",B,STK,595.15,596.5,575.7,580.55,578.05,587.85,409,6223,3676602,
544648,"UNISEM AGRITECH LIMITED",M,STK,63.99,63.99,63.99,63.99,63.99,61,1,2000,127980,
544654,"DSP Mutual Fund",B,STK,15.44,15.44,15.41,15.41,15.41,15.37,9,795,12254,
544655,"DSP Mutual Fund",B,STK,21.19,21.2,20.9,21.13,21.2,21.2,17,1395,29318,
544656,"HRS ALUGLAZE LIMITED",MT,STK,253.2,254.1,253.05,254.1,254.1,252.35,20,51600,13083360,
544657,"Pajson Agro India Limited",MT,STK,205.5,205.5,205.5,205.5,205.5,201.95,1,1200,246600,
544658,"ICICI Prudential Asset Managem",A,STK,3059.95,3088.75,2995.1,3000.75,3000.75,3083.75,1291,8310,25193158,
544660,"Mirae Asset Mutual Fund",B,STK,8.81,8.81,8.7,8.71,8.71,8.87,20,28517,249319,
544661,"Mirae Asset Mutual Fund",B,STK,35.72,35.72,35.72,35.72,35.72,35.39,1,2,71,
544662,"SIMANDHAR IMPEX LIMITED",T,STK,135.8,135.85,122.95,122.95,123,129.4,79,7407,983791,
544663,"NEPTUNE LOGITEK LIMITED",M,STK,42.2,42.2,40,42.16,42.2,38.37,22,27000,1132890,
544664,"KSH INTERNATIONAL LIMITED",B,STK,388.05,419.9,388.05,414.15,414.15,395.6,2952,45914,18953998,
544665,"Global Ocean Logistics India L",MT,STK,112.7,112.7,112.65,112.65,112.65,118.55,13,25600,2883920,
544666,"GUJARAT KIDNEY AND SUPER SPECI",B,STK,109.05,109.9,104.45,107.15,107,108.7,526,31699,3402984,
544667,"Dachepalli Publishers Limited",M,STK,59.6,59.6,59.25,59.25,59.25,60,4,10800,641160,
544668,"NANTA TECH LIMITED",M,STK,262.85,279.4,262.85,278.2,279.4,278,7,4200,1151820,
544669,"ADMACH SYSTEMS LIMITED",M,STK,205,208.4,198,199.15,198,203,29,18600,3765210,
544671,"APOLLO TECHNO INDUSTRIES LIMIT",M,STK,99.95,99.95,97,97.2,97.2,98,4,6000,594000,
544672,"The Wealth Company Mutual Fund",E,STK,156.41,158.75,156.41,158.6,158.6,158,12,735,115562,
544673,"MODERN DIAGNOSTIC & RESEARCH C",M,STK,64.07,64.07,63.05,63.12,63.1,64.07,11,19200,1219232,
544674,"DSP Mutual Fund",B,STK,67.6,67.6,66.6,66.6,66.6,67.1,4,177,11947,
544675,"Gabion Technologies India Limi",M,STK,51.7,52.99,51.5,51.5,51.5,50.61,6,16000,827504,
544676,"YAJUR FIBRES LIMITED",M,STK,44.95,44.95,42,43.3,43.2,43.79,195,169600,7369472,
544677,"Defrail Technologies Limited",M,STK,85.72,86.93,84,85,85,85.67,11,17600,1496560,
544678,"BHARAT COKING COAL LIMITED",B,STK,33.15,33.91,33.01,33.4,33.4,32.99,1949,568340,19049943,
544679,"Amagi Media Labs Limited",B,STK,389.95,394.9,380.95,382.8,387.65,383.85,703,47263,18325980,
544680,"Narmadesh Brass Industries Lim",M,STK,171,171,171,171,171,171,1,240,41040,
544681,"INDO SMC Limited",M,STK,147.1,153.65,147.1,152.3,153.55,146.6,20,27000,4059550,
544682,"GRE Renew Enertech Limited",M,STK,98,98,96,96,96,98,2,2400,232800,
544683,"Aritas Vinyl Limited",M,STK,16.4,16.5,16.38,16.38,16.38,17.24,31,102000,1672500,
544684,"DIGILOGIC SYSTEMS LIMITED",M,STK,88.9,97,88.11,94.67,96,89.16,19,69600,6257688,
544685,"SHADOWFAX TECHNOLOGIES LIMITED",B,STK,114.4,117.5,111.8,112.4,112.5,114.65,2626,94176,10699179,
544686,"SHAYONA ENGINEERING LIMITED",M,STK,134,137.45,130,131.1,134.4,137.45,8,9000,1196300,
544687,"Hannah Joseph Hospital Limited",M,STK,58.02,58.8,56.99,57.49,57.49,58.28,18,56000,3206360,
544688,"KASTURI METAL COMPOSITE LIMITE",M,STK,63,66,60.99,64.88,65,63,9,18000,1145280,
544693,"KANISHK ALUMINIUM INDIA LIMITE",M,STK,32.5,32.5,31.1,31.2,31.2,32.5,6,9600,303600,
544694,"Accretion Nutraveda Limited",M,STK,191,191,186,186,186,186,4,4000,754000,
544695,"Msafe Equipments Limited",M,STK,119.95,120,115.4,117.35,116,116.7,14,32000,3781300,
544698,"PAN HR SOLUTION LIMITED",M,STK,56.01,61.81,56.01,57.55,57.55,59.25,8,12800,748736,
544699,"Aye Finance Limited",B,STK,112.55,113.3,107.9,109,109,112.8,550,38855,4327736,
544700,"Fractal Analytics Limited",B,STK,841.25,862.1,835,842.25,842.25,843.25,5010,91553,77699944,
544701,"Mirae Asset Mutual Fund",B,STK,18.9,18.95,18.84,18.84,18.84,18.83,5,5448,103164,
544702,"DCM SHRIRAM INTERNATIONAL LIMI",B,STK,66,66,61.87,62.31,62.25,60.25,155,11948,752688,
544703,"DCM SHRIRAM FINE CHEMICALS LIM",B,STK,27,27.64,25.71,26.25,26.25,26.38,145,13911,379710,
544704,"Mirae Asset Mutual Fund",B,STK,11.04,11.04,10.93,10.95,10.93,11.04,17,3331,36593,
544705,"Mirae Asset Mutual Fund",B,STK,69.95,69.95,67.65,67.83,67.66,69.18,183,35977,2470998,
544707,"Fractal Industries Limited",M,STK,209,223,207,221.7,221,220.9,54,92400,19784550,
544708,"Yashhtej Industries (India) Li",MT,STK,52.76,52.76,52.76,52.76,52.76,55.53,52,80400,4241904,
544709,"Gaudium IVF and Women Health L",T,STK,82.27,82.27,78.36,81.73,82.27,78.36,1685,501179,41152419,
544710,"ACCORD TRANSFORMER & SWITCHGEA",MT,STK,51.55,52.59,50.32,50.83,50.6,50.29,56,180000,9270960,
544711,"KIAASA RETAIL LIMITED",MT,STK,86,86,86,86,86,90.5,1,1000,86000,
544716,"SHREE RAM TWISTEX LIMITED",T,STK,54.5,55.75,54.15,54.15,54.15,56.95,227,18991,1034386,
544717,"Clean Max Enviro Energy Soluti",B,STK,898.05,908.75,858.5,863.05,863.05,889.35,1040,19424,17214265,
544718,"PNGS Reva Diamond Jewellery Li",B,STK,385.05,403.45,380,391.55,391.55,390.35,1160,43853,17204982,
544720,"Omnitech Engineering Limited",B,STK,189.3,213,189.3,209.45,209.45,192.05,6798,98066,20078285,
544721,"Groww Mutual Fund",B,STK,48.79,48.79,47.72,48.14,48.59,48.13,139,14532,697038,
544722,"SBI Mutual Fund",B,STK,59.85,61.52,58.82,59.05,58.82,59.89,20,2011,120989,
544723,"SEDEMAC MECHATRONICS LIMITED",B,STK,1510,1613.5,1425,1452.1,1452.1,0,20164,418902,631902810,
555555,"ICICI Prudential BSE Sensex ET",A,STK,884.3,905.3,878.79,880.9,892.6,895.95,406,3324,2951445,
570002,"Future Enterprises Limited",Z,STK,2.82,2.82,2.82,2.82,2.82,2.69,14,1245,3510,
570004,"JAIN IRRIGATION SYSTEMS LTD.",B,STK,22.41,23.48,22.2,22.69,22.87,20.5,53,5261,119457,
570005,"GACM Technologies Limited - DV",B,STK,0.45,0.46,0.44,0.44,0.44,0.45,61,168736,76505,
590003,"KARUR VYSYA BANK LTD.",B,STK,307.25,309.85,301.7,305,305.55,301.7,2844,124701,38201456,
590005,"VEEDOL CORPORATION LIMITED",B,STK,1351.45,1357.05,1330.05,1331.8,1331.8,1338.3,224,2896,3860968,
590006,"AMRUTANJAN HEALTH CARE LTD.",B,STK,557.05,569.2,552,556.05,556.2,552.6,133,867,483449,
590013,"XPRO INDIA LTD.",B,STK,892.05,894.6,855,861.15,861.15,887.1,172,1005,878244,
590018,"HISAR METAL INDUSTRIES LTD.",B,STK,157,161.6,157,161.6,161.6,155,2,351,55111,
590021,"BHARAT RASAYAN LTD.",B,STK,1368,1411.85,1357.75,1362.6,1360,1364.25,235,1362,1892500,
590024,"FERTILIZERS & CHEMICALS TRAVAN",B,STK,838.15,928.95,795.5,886.45,886.45,795.1,52485,1825688,1613512890,
590025,"GINNI FILAMENTS LTD.",B,STK,33,37.57,32.69,35.54,35.31,32.86,278,15052,535287,
590030,"SOUTHERN PETROCHEMICALS LTD.",B,STK,62.18,66.29,62.18,63.56,63.56,64.8,489,54796,3567404,
590031,"DE NORA INDIA LTD.",B,STK,709.1,723.75,694.5,712.65,718.65,698.95,111,468,331186,
590041,"Kavveri Defence &amp; Wireless",T,STK,63.75,65.69,62.1,62.64,63.5,62.57,149,16889,1080812,
590051,"SAKSOFT LTD.",B,STK,133.5,136.95,131.05,131.6,131.85,133.5,508,21831,2909112,
590056,"SALONA COTSPIN LTD.",B,STK,256.45,287.95,256.45,270.75,274,279.3,16,74,19740,
590057,"EQUIPPP SOCIAL IMPACT TECHNOLO",T,STK,16.6,16.6,15.56,15.63,15.63,16.34,23,6245,98700,
590062,"ANDHRA SUGARS LTD.",B,STK,73.86,74.79,73,73.91,73.91,73.83,272,15566,1149655,
590065,"INDIA MOTOR PARTS & ACCESSORIE",B,STK,1037.9,1140,1011.5,1022.1,1011.5,1022.8,70,447,461652,
590066,K.C.P.LTD.,B,STK,151.6,153.5,147.2,149.2,149.2,151.6,248,16445,2471372,
590068,"KHAITAN (INDIA) LTD.",B,STK,92.04,92.31,92.03,92.31,92.31,91.71,3,404,37181,
590070,"RADAAN MEDIAWORKS (I) LTD.",B,STK,2.59,2.94,2.59,2.8,2.94,2.84,17,3622,10105,
590071,"SUNDARAM FINANCE LTD.",B,STK,5446,5446,5290.35,5314.25,5294.15,5449.4,294,1037,5582062,
590072,"SUNDARAM BRAKE LININGS LTD.",B,STK,571,571,566,566.85,566,568.6,3,5,2842,
590073,"WHEELS INDIA LTD.",B,STK,930,939.9,913.55,916.5,915,930.3,183,1962,1817999,
590075,"LAMBODHARA TEXTILES LTD.",B,STK,95.3,102.55,95.3,99,99,101.8,35,451,45585,
590078,"MAITHAN ALLOYS LTD.",B,STK,928.15,963.35,928.15,949.6,948.1,936.9,131,1082,1030146,
590086,"ORISSA MINERALS DEVELOPMENT CO",B,STK,3710,3800,3665.05,3683,3678,3704,165,837,3143569,
590095,"NIPPON INDIA ETF GOLD BEES",E,STK,132.5,133.34,132.33,132.72,132.72,132.22,10388,1651357,219087737,
590096,"NIPPON INDIA ETF LIQUID BEES",F,STK,1000,1000.01,999.99,1000,1000,999.99,412,333123,333122855,
590097,"KOTAK MAHINDRA MUTUAL FUND - K",E,STK,133.76,134.9,133.59,134.02,133.93,133.44,396,44852,6009982,
590098,"SBI MUTUAL FUND - SBI GOLD EXC",E,STK,138.63,138.63,136.43,136.89,136.93,136.26,1531,181286,24814492,
590099,"QUANTUM GOLD FUND - EXCHANGE T",E,STK,132.8,134.9,132.71,133.46,133.12,132.31,192,7691,1023525,
590101,"UTI MUTUAL FUND - UTI GOLD EXC",E,STK,136.9,136.9,133.3,134.93,135.15,134.37,182,20214,2727682,
590103,"NIPPON INDIA ETF NIFTY BEES",B,STK,273.6,275.47,268.19,270.6,270.6,275.07,8676,522977,142324151,
590104,"NIPPON INDIA ETF JUNIOR BEES",B,STK,724.79,729.15,715.06,716.16,717,724.79,1579,27865,20155487,
590106,"NIPPON INDIA ETF BANK BEES",B,STK,589,589,574.73,576.23,576.23,588.69,1994,54554,31675637,
590107,"KOTAK MAHINDRA MUTUAL FUND - K",B,STK,887,905.47,879.4,881.92,887.8,899.42,135,1184,1051720,
590108,"NIPPON INDIA ETF PSU BANK BEES",B,STK,100.68,100.8,98.15,98.39,99.95,100.58,1304,108432,10794291,
590109,"NIPPON INDIA ETF SHARIAH BEES",B,STK,460.83,469.53,458.75,459.31,460.14,463.45,42,520,240633,
590110,"Quantum Nifty 50 ETF",B,STK,265.4,265.4,261.8,261.8,261.8,265.4,12,272,71447,
590113,"NIPPON INDIA ETF HANG SENG BEE",E,STK,518.77,525.69,510.76,512.49,510.76,517.76,333,4663,2408301,
590115,"MOTILAL OSWAL MUTUAL FUND",B,STK,252.7,252.7,247.5,248.46,247.5,253.7,36,254,63266,
590134,"Madras Fertilizer Limited",B,STK,67.55,70.92,64.61,65.96,65.75,67.75,1058,33749,2274610,
590136,"Kotak Mahindra Mutual Fund - P",B,STK,58.86,58.86,57.6,57.75,57.8,58.9,91,14396,840592,
590137,"SBI Mutual Fund-Permitted",B,STK,581,581.17,571,571.91,571.84,583.89,97,1841,1057057,
590138,"SBI Mutual Fund-Permitted",B,STK,259.9,260.33,255.31,255.69,256.47,259.98,928,39735,10233427,
590139,"Kotak Mahindra Mutual Fund - P",B,STK,1094.71,1094.73,1094.71,1094.71,1094.71,1094.58,8,693,758642,
590140,"Tata Mutual Fund - Permitted",E,STK,15.4,15.74,15.4,15.55,15.55,15.52,8517,3762245,58512208,
590141,"Nippon India Mutual Fund - Per",B,STK,33.01,33.35,32.7,32.78,32.78,33.12,4057,539516,17797571,
590142,"Nippon India Mutual Fund - Per",B,STK,24.15,24.15,23.56,23.97,23.9,23.87,1696,550291,13232573,
590143,"Nippon India Mutual Fund - Per",F,STK,29.46,29.49,29.41,29.44,29.41,29.46,68,213177,6278257,
590144,"Nippon India Mutual Fund - Per",B,STK,210.77,220.92,210.77,215.66,215.66,221.5,932,31607,6856488,
590145,"Nippon India Mutual Fund - Per",E,STK,259.95,259.95,250.75,251.76,251.76,256.34,9017,1366831,346853237,
590146,"Motilal Oswal Mutual Fund-Perm",E,STK,160.5,160.5,157.64,158.24,158,157.45,94,520024,82036953,
590147,"Motilal Oswal Mutual Fund-Perm",E,STK,262.82,264.27,259.8,261.92,262,264.07,61,250265,65724024,
590148,"Motilal Oswal Mutual Fund-Perm",B,STK,15.55,15.63,15.36,15.4,15.36,15.48,276,63042,978196,
590149,"Motilal Oswal Mutual Fund-Perm",B,STK,46.7,46.73,45.67,45.73,45.67,46.3,73,3734,172087,
590150,"Motilal Oswal Mutual Fund-Perm",B,STK,74.86,75.34,73.08,73.32,73.5,74.33,121,10914,808917,
590151,"Motilal Oswal Mutual Fund-Perm",B,STK,49.53,50.61,49.15,49.23,49.78,50.29,269,18266,907097,
590152,"Motilal Oswal Mutual Fund-Perm",B,STK,91.56,93.15,90.47,90.78,90.66,92.14,598,102318,9389461,
590153,"Motilal Oswal Mutual Fund-Perm",B,STK,22.61,22.92,22.43,22.52,22.48,22.82,401,259462,5849537,
590154,"Kotak Mahindra Mutual Fund - P",B,STK,47.11,47.44,46.13,46.24,46.33,47.22,276,16515,769116,
717506,"TVS Motor Company Ltd.",F,STK,10.02,10.29,9.83,10.15,10.15,10.02,596,17730450,176404404,
751088,"Avi Polymers Ltd.",R,STK,0.51,0.51,0.51,0.51,0.51,0.53,80,459952,234575,
751093,"Bhandari Hosiery Exports Ltd.",R,STK,0.04,0.05,0.03,0.03,0.04,0.05,116,277914,9695,
751095,"HealthCare Global Enterprises",R,STK,39,53,39,46.58,47,0,283,2980,142409,
800177,920GOI2030,G,STK,115.4,115.4,115.4,115.4,115.4,115.2,1,1,115,
800287,"SOVEREIGN GOLD BOND 2019 SERIE",G,STK,15938,15940,15938,15940,15940,15650,2,8,127518,
800290,"SOVEREIGN GOLD BOND 2019 SERIE",G,STK,15612.01,15612.01,15612.01,15612.01,15612.01,15612,1,5,78060,
800296,"SOVEREIGN GOLD BOND 2019-20 SE",G,STK,15949,15949,15949,15949,15949,15750.67,1,5,79745,
800297,"SOVEREIGN GOLD BOND 2019-20 SE",G,STK,15811,15812,15811,15812,15812,15750,2,3,47434,
800301,"Sovereign Gold Bonds 2019-20 S",G,STK,15701,15701,15701,15701,15701,15636,1,3,47103,
800302,"Sovereign Gold Bonds 2019 - 20",G,STK,15896,15896,15896,15896,15896,16301,1,2,31792,
800312,"Sovereign Gold Bonds 2019-20 S",G,STK,15810,15810,15810,15810,15810,16100,1,2,31620,
800313,"Sovereign Gold Bonds 2019-20 S",G,STK,15600,15813,15600,15813,15813,17233.49,2,2,31413,
800320,"Sovereign Gold Bonds 2020-21 S",G,STK,15752.01,15752.01,15752.01,15752.01,15752.01,15786,1,2,31504,
800322,"Sovereign Gold Bonds 2020-21 S",G,STK,15858,15860,15858,15860,15860,15730.17,2,2,31718,
800324,"Sovereign Gold Bond 2020-21 IV",G,STK,15878,15880,15852,15862.88,15880,15766.1,5,18,285547,
800325,"Sovereign Gold Bonds 2020-21 V",G,STK,15790,15900,15790,15878.86,15876,15795.36,58,514,8159498,
800327,"Sovereign Gold Bonds 2020-21 S",G,STK,15867.99,15939,15867.99,15899.5,15899.5,15751.87,4,8,127076,
800329,"Sovereign Gold Bonds 2020-21 S",G,STK,15800,15900,15800,15899.5,15900,15829,5,15,237312,
800331,"SGB 2020-21 Series IX",G,STK,15800,15900,15800,15898.6,15900,15945.92,12,111,1755539,
800333,"SGB 2020-21 SERIES XI",G,STK,15801,15801,15801,15801,15801,15767.5,1,2,31602,
800340,"SGB 2021-22 Series I",G,STK,15802.02,15975,15802.02,15967.5,15975,15795.83,34,86,1367148,
800341,"SGB 2021-22 Series II",G,STK,15800,15832,15800,15832,15832,15801,9,76,1202516,
800342,"Sovereign Gold Bonds 2021-22",G,STK,15751,15826,15751,15825.1,15825,15774.67,3,11,174002,
800386,"Sovereign Gold Bonds 2021-22 S",G,STK,15932,15932,15932,15932,15932,15973.99,3,3,47796,
800428,GS15JUN29C,G,STK,76,76,76,76,76,70,1,25,1900,
800434,"Sovereign Gold Bonds 2021-22 S",G,STK,16278.99,16278.99,16278.99,16278.99,16278.99,15808.2,1,5,81394,
800436,695GOI2061,G,STK,95.7,95.7,95.2,95.2,95.2,95,2,2040,194228,
800437,"Sovereign Gold Bonds 2021-22 S",G,STK,15859.91,15924,15830,15886.6,15924,15858.9,18,73,1157976,
800438,"Soveriegn Gold Bonds 2021-22 S",G,STK,15825,15900,15825,15900,15900,15680,4,13,206619,
800439,"Sovereign Gold Bonds 2021-22 S",G,STK,15903,15903,15625,15625,15625,15901.42,7,13,206122,
800441,754GOI2036,G,STK,107.4,108,107.35,107.7,107.9,106.75,12,19506,2101806,
800442,738GOI2027,G,STK,103.35,103.35,103.35,103.35,103.35,103.5,2,1000,103350,
800443,"Sovereign Gold Bonds 2022-23 S",G,STK,15949,15952,15949,15950.03,15949,15900,15,113,1802269,
800488,"Sovereign Gold Bonds 2022-23 S",G,STK,15980,15980,15881,15881,15881,15900,2,2,31861,
800573,"Soverign Gold Bond 2022-23 Sr",G,STK,15999,15999,15999,15999,15999,15909.07,1,1,15999,
800580,"Sovereign Gold Bonds 2023-24 S",G,STK,16441.76,16441.76,15721,16112,16112,16040.75,14,34,550343,
800588,725GOI2063,G,STK,99,99.29,98.61,98.65,98.79,99.99,29,25032,2470080,
800596,"Sovereign Gold Bonds 2023-24 S",G,STK,16200,16200,16130,16199.29,16200,16067.91,29,199,3215417,
800603,"Sovereign Gold Bonds 2023-24 S",G,STK,16200,16250,16109.05,16193.69,16187,16174.96,131,637,10322253,
800604,733GS26J24,G,STK,102.95,102.95,102.95,102.95,102.95,102.9,1,100,10295,
800605,"Sovereign Gold Bonds 2023-24 S",G,STK,16700,16835,16631.01,16818.29,16824.5,16637.9,83,439,7365778,
800607,734GOI2064,G,STK,101.4,101.4,100.7,100.85,101.15,101.1,6,2000,201915,
800808,690GOI65,G,STK,95.98,95.98,95,95.89,95.89,95.98,13,1554,148080,
800809,724GOI55,G,STK,99.25,99.25,98.62,99.2,99.2,99.4,7,2340,232113,
890197,"Yarn Syndicate Ltd.",X,STK,1.21,1.45,0.97,1.3,1.3,1.21,90,98761,115861,
890217,"Aplab Ltd.",X,STK,66.93,66.93,54.8,62.45,62.45,60.87,22,217,12041,
890221,"Spandana Sphoorty Financial Li",B,STK,113.1,130,112.5,119.9,119.9,108.85,194,1318,155456,
890225,"ECO HOTELS AND RESORTS LIMITED",X,STK,6.22,6.22,5.1,5.1,5.1,5.66,17,5551,31013,
890228,"Allcargo Terminals Limited",B,STK,9.35,9.7,8.35,9.69,9.67,9.79,24,2005,18767,
890230,"Ace Software Exports ltd.",X,STK,121.5,138,121.5,129.1,129.1,128.1,6,499,66100,
890231,"ANIRIT VENTURES LIMITED",XT,STK,20.89,20.89,19.76,19.76,19.76,20.79,10,900,17786,
890232,"KRISHIVAL FOODS LIMITED",B,STK,107,107,104.55,106.8,106.8,107.4,36,765,81041,
890233,"PVV Infra Limited",X,STK,1.5,1.5,1.4,1.47,1.47,1.48,74,1210048,1776904,
935584,NHAI-7.6%-11-1-31-TAXFREENCD,F,STK,1155,1155,1152,1152.05,1152.05,1153.99,21,3176,3663588,
935638,HUDCO-7.39%-8-2-31-TAXFREENCD,F,STK,1089,1092,1088.25,1088.25,1088.25,1092,23,60353,65725814,
935642,HUDCO-7.64%-8-2-31-TAXFREENCD,F,STK,1095,1095,1091.12,1092,1092,1105.99,12,201,219572,
935666,NHAI-7.69%-9-3-31-TAXFREENCD,F,STK,1122,1122,1122,1122,1122,1116.03,1,1,1122,
935690,NABARD-7.64%-23-3-31-NCDS,F,STK,1086,1086,1086,1086,1086,1085.5,1,990,1075140,
935752,MMFSL-9%-6-6-26-NCD,F,STK,1067,1067.45,1063.26,1063.26,1063.26,1065,3,25,26622,
935858,SCL-8.85%-26-9-26-NCDS,F,STK,1026.5,1026.5,1016.25,1025.79,1025.88,1014.5,6,464,475635,
935860,SCL-9%-26-9-26-NCDS,F,STK,1020,1020,1020,1020,1020,1026.8,1,20,20400,
935868,SCL-9.15%-26-9-26-NCDS,F,STK,1018,1030,1018,1030,1030,1004.25,2,108,110592,
936044,MMFSL-8.00%-24-07-27-NCD,F,STK,1060,1065,1060,1065,1065,1065,3,8,8495,
936048,MMFSL-8.05%-24-07-32-NCD,F,STK,1159.9,1159.9,1070.05,1071.94,1070.05,1159.9,5,642,716903,
936130,ECL-8.88%-22-3-28-NCD,F,STK,981,982,981,982,982,977,5,1502,1474862,
936224,JMFCSL-9.75%-7-6-28-NCD,F,STK,1089,1089,1089,1089,1089,1087.5,2,100,108900,
936320,AHFL-9.35%-29-9-28-NCD,F,STK,1016,1016.5,1016,1016.5,1016.5,1016.5,2,94,95526,
936398,EFL-10.15%-4-1-29-NCD,F,STK,1017,1017,1017,1017,1017,1013,1,10,10170,
936412,MMFSL-9.3%-18-1-27-NCD,F,STK,1098,1100,1098,1098.01,1098.01,1104.85,5,76,83460,
936476,IFL-10%-7-2-29-NCD,F,STK,1025,1025,1025,1025,1025,990.4,2,11,11275,
936492,MFL-ZC-5-5-26-NCD,F,STK,1966,1966,1966,1966,1966,1960,1,5,9830,
936532,LTF-8.98%-13-3-29-NCD,F,STK,1082,1082,1062.5,1062.51,1062.51,1085.55,9,48,51032,
936722,EFL-9.95%-23-5-29-NCD,F,STK,995,995,995,995,995,990,1,300,298500,
936810,TCAP-8.65%-26-8-27-NCD,F,STK,1051.1,1068,1048,1057.89,1068,1051.01,12,1315,1379595,
936959,MHFL-ZC-7-9-26-NCD,F,STK,1889.8,1889.8,1889.8,1889.8,1889.8,1885,2,39,73702,
936975,ECL-9.95%-28-11-29-NCD,F,STK,981.5,996,981.5,990.04,996,996,22,1805,1778424,
937093,NWFL-10.25%-5-2-30-NCD,F,STK,1030,1030,1030,1030,1030,1020.01,1,1,1030,
937345,EFSL-9.53%-8-1-31-NCD,F,STK,975,975,972,972,972,979.25,9,570,555615,
937373,PFCL-7%-22-1-31-NCD,F,STK,970.01,982,970,982,982,981.5,9,800,780799,
937385,PFCL-7.15%-22-1-36-NCD,F,STK,975.6,985,975.6,985,985,978.34,2,100,98030,
937453,IFL-10%-24-6-28-NCD,F,STK,990,991.99,990,991.99,991.99,989,4,326,322980,
937455,IFL-9.6%-24-6-28-NCD,F,STK,998.8,998.8,995.8,995.8,995.8,995,3,202,201154,
937467,MFL-V-20-4-26-NCD,F,STK,1066,1066,1064,1064,1064,1065,2,16,17028,
937469,MFL-VI-20-4-31-NCD,F,STK,1043,1043,1020,1031.5,1020,1035,3,500,515751,
937495,EFSL-9.16%-29-4-26-NCD,F,STK,999,999,994.05,994.05,994.05,998,4,158,157149,
937497,EFSL-9.55%-29-4-26-NCD,F,STK,1077,1077,1075,1076,1076,1077,4,176,189290,
937501,EFSL-9.30%-29-4-31-NCD,F,STK,960,960,960,960,960,960,1,9,8640,
937525,IGT-7.6%-6-5-28-INVIT-NCD,F,STK,1062.8,1062.8,1062.8,1062.8,1062.8,1062.8,1,17,18067,
937537,IGT-8.2%-6-5-31-INVIT-NCD,F,STK,1078.2,1078.2,1078,1078.04,1078,1078,3,202,217764,
937577,PFL-8.75%-23-7-26-NCD,F,STK,1043.01,1043.01,1042,1042.36,1042,1042.8,7,400,416945,
937619,IHFL-10%-3-11-28-NCD,F,STK,1033.31,1033.31,1033.31,1033.31,1033.31,1068,2,300,309993,
937621,IHFL-9.60%-3-11-28-NCD,F,STK,999,999,997.89,997.89,997.89,997.39,4,311,310385,
937631,EFSL-9.15%-10-9-26-NCD,F,STK,990,998,990,998,998,993.8,3,276,273768,
937633,EFSL-9.55%-10-9-26-NCD,F,STK,1035,1035,1035,1035,1035,1035,1,1,1035,
937637,EFSL-9.30%-10-9-31-NCD,F,STK,975,975,973,973,973,975,3,47,45735,
937639,EFSL-9.70%-10-9-31-NCD,F,STK,992.8,992.8,992.8,992.8,992.8,982.5,1,50,49640,
937707,JMFPL-8.20%-7-10-26-NCD,F,STK,1026.8,1026.8,1026.8,1026.8,1026.8,1026.8,1,104,106787,
937783,MFL-29-10-26-NCD,F,STK,1458.2,1458.2,1458.2,1458.2,1458.2,1460,1,190,277058,
937801,EFSL-9.55%-28-12-26-NCD,F,STK,1000.2,1000.2,1000.2,1000.2,1000.2,1000,15,902,902180,
937831,IHFL-8.43%-3-1-29-NCD,F,STK,972,990,972,990,990,985,9,1276,1262120,
937999,NIDO-9.15%-29-4-27-NCD,F,STK,985,985,982,982,982,982,2,184,180865,
938073,MFL-23-6-29-NCD,F,STK,1057.95,1057.95,1057.95,1057.95,1057.95,1057.95,1,93,98389,
938077,MFL-23-6-27-NCD,F,STK,1281.09,1281.09,1281.09,1281.09,1281.09,1281.45,1,100,128109,
938111,NWIL-9.53%-15-7-32-NCD,F,STK,1000,1018,1000,1013,1013,1023,10,7777,7841101,
938123,KFL-9.5%-10-8-26-NCD,F,STK,980.51,980.51,980.51,980.51,980.51,981,2,487,477508,
938180,SCL-9.15%-28-9-27-NCD,F,STK,975.9,975.9,975.9,975.9,975.9,975.9,2,570,556263,
938196,KLMAFL-10.50%-16-10-27-NCD,F,STK,1000,1000,1000,1000,1000,996,1,69,69000,
938212,EFSL-9.35%-20-10-27-NCD,F,STK,991.9,991.9,991.9,991.9,991.9,992.4,2,45,44635,
938214,EFSL-9.75%-20-10-27-NCD,F,STK,1025,1025,1025,1025,1025,1020,2,50,51250,
938218,EFSL-9.65%-20-10-32-NCD,F,STK,980,980,979.8,979.8,979.8,970.18,2,2,1959,
938226,NHIT-7.9%-25-10-47-INVIT,F,STK,418,421.11,418,421.11,421.11,420.15,4,1373,576157,
938256,MFL-3-11-27-NCD,F,STK,986,986,981,981,981,985.5,2,49,48074,
938258,SCL-9.15%-03-11-27-NCD,F,STK,975,975,975,975,975,970,6,128,124800,
938264,MFL-3-11-27-NCD,F,STK,1010,1010,1010,1010,1010,1010,1,10,10100,
938364,EFSL-9.67%-20-1-28-NCD,F,STK,998,998,996,996,996,998.8,2,124,123704,
938370,EFSL-10%-20-1-33-NCD,F,STK,981.79,981.79,979.99,979.99,980,972.42,7,595,583104,
938382,IIFL-8.65%-25-1-28-NCD,F,STK,990,990,990,990,990,992,2,199,197010,
938384,IIFL-9%-24-1-28-NCD,F,STK,1027,1027,1027,1027,1027,995,3,318,326586,
938386,"IIFL-ZERO COUPON-24-1-28-NCD",F,STK,1330,1330,1330,1330,1330,1265,1,354,470820,
938434,MFL-7.75%-10-4-26-NCD,F,STK,993.51,993.51,993.51,993.51,993.51,992.51,1,100,99351,
938436,MFL-7.85%-10-4-28-NCD,F,STK,998,998,998,998,998,990,2,316,315368,
938440,MFL-8%-10-4-26-NCD,F,STK,961,961,961,961,961,1076.8,1,6,5766,
938444,MFL-10-4-26-NCD,F,STK,1258,1258,1258,1258,1258,1258,1,1,1258,
938518,EFSL-9.20%-27-4-26-NCD,F,STK,1000,1000,996,997.14,996,1000,7,329,328917,
938522,EFSL-27-4-26-NCD,F,STK,1280.6,1280.6,1280.6,1280.6,1280.6,1276.35,2,75,96045,
938524,EFSL-9.67%-27-4-28-NCD,F,STK,990.01,990.01,990.01,990.01,990.01,999.85,1,25,24750,
938532,EFSL-10.45%-27-4-33-NCD,F,STK,1055,1064,1055,1064,1064,1036.8,8,644,682361,
938556,MFL-8%-3-6-26-NCD,F,STK,1057.2,1057.2,1057.2,1057.2,1057.2,1060,2,200,211440,
938570,MFL-9%-2-5-30-NCD,F,STK,980,980,980,980,980,990,1,10,9800,
938604,SFL-10.25%-8-5-28-NCD,F,STK,997,997,992,992,992,1000,3,10,9945,
938622,IML-23-6-29-NCD,F,STK,1290,1290,1290,1290,1290,1290,2,10,12900,
938634,IIFL-9%-28-6-28-NCD,F,STK,1045,1045,1045,1045,1045,1045,2,26,27170,
938644,NFL-10.50%-18-7-26-NCD,F,STK,1000,1000,1000,1000,1000,999,1,1,1000,
938652,EFSL-9.20%-21-7-26-NCD,F,STK,986.61,996,986.5,992,992,996.49,11,914,905591,
938654,EFSL-9.60%-21-7-26-NCD,F,STK,1051.2,1054.8,1051.2,1054.8,1054.8,1051,3,133,140281,
938662,EFSL-21-7-28-NCD,F,STK,1252.1,1252.1,1252.1,1252.1,1252.1,1262.8,1,100,125210,
938666,EFSL-10.45%-21-7-33-NCD,F,STK,1022.2,1022.2,1022.2,1022.2,1022.2,1045.8,2,185,189107,
938686,SCL-9.48%-27-7-26-NCD,F,STK,363,363,363,363,363,303.22,1,20,7260,
938694,SCL-9.17%-27-7-28-NCD,F,STK,750,750,750,750,750,871,1,3,2250,
938862,KFL-10%-27-9-27-NCD,F,STK,1024,1024,1024,1024,1024,990,2,30,30720,
938868,MFLTD-7.75%-4-10-26-NCD,F,STK,999,999,995,995.13,995,977.44,2,31,30849,
938878,MFL-4-10-26-NCD,F,STK,1225,1225,1225,1225,1225,1221.8,2,190,232750,
938888,ABCL-9-10-28-NCD,F,STK,1200,1200,1200,1200,1200,1200,2,29,34800,
938900,EFSL-9.60%-26-10-26-NCD,F,STK,1024.2,1024.2,1024.2,1024.2,1024.2,1024.2,3,150,153630,
938906,EFSL-10.10%-26-10-28-NCD,F,STK,1000.2,1000.2,1000.2,1000.2,1000.2,1009,1,10,10002,
938912,EFSL-10.45%-26-10-33-NCD,F,STK,1017.5,1017.5,1017.5,1017.5,1017.5,970,1,1,1017,
938990,SCL-9.71%-9-11-28-NCD,F,STK,790,790,790,790,790,930,1,6,4740,
938994,SCL-10.03%-9-11-30-NCD,F,STK,799,799,799,799,799,799,1,1,799,
938998,SCL-10.75%-9-11-33-NCD,F,STK,987,987,987,987,987,930,1,13,12831,
939002,SCL-10.25%-9-11-33-NCD,F,STK,948,948,948,948,948,900,1,10,9480,
939140,SCL-10.25%-27-12-33-NCD,F,STK,997,997,997,997,997,999,1,5,4985,
939148,AFL-9.65%-27-12-26-NCD,F,STK,1010.01,1010.01,1010.01,1010.01,1010.01,1006.5,1,50,50500,
939168,KFL-ZC-17-5-31-NCD,F,STK,1037,1037,1000,1000,1000,1085,2,15,15370,
939190,EFSL-9.20%-29-1-27-NCD,F,STK,995,995,990,990,990,995,2,130,128850,
939196,EFSL-9.67%-29-1-29-NCD,F,STK,998.8,998.8,998.8,998.8,998.8,995,1,200,199760,
939200,EFSL-29-1-29-NCD,F,STK,1165,1165,1165,1165,1165,1150,1,300,349500,
939202,EFSL-10%-29-1-34-NCD,F,STK,898,990,898,990,990,996,2,16,14460,
939208,MFL-8.25%-25-1-29-NCD,F,STK,1020,1020,1020,1020,1020,1005,1,15,15300,
939228,CIFCL-8.6%-31-1-29-NCD,F,STK,1028,1028,1028,1028,1028,1045,4,354,363912,
939297,NHFL-9.58%-1-3-27-NCD,F,STK,1000.1,1000.1,1000.1,1000.1,1000.1,992,1,55,55005,
939309,NHFL-10.26%-1-3-34-NCD,F,STK,832.01,990,832.01,990,990,980,2,20,18220,
939335,NFL-10.65%-13-3-27-NCD,F,STK,1010,1010,1010,1010,1010,1016,1,2,2020,
939427,KFL-10%-25-4-28-NCD,F,STK,997,997,997,997,997,988,2,225,224325,
939437,EFSL-10%-29-4-34-NCD,F,STK,970.2,970.2,970.2,970.2,970.2,994.6,1,5,4851,
939449,MFCL-9.55%-30-4-30-NCD,F,STK,991,991,990.1,990.22,990.1,1000,4,103,102043,
939483,MOFSL-9.7%-9-5-34-NCD,F,STK,1131.01,1131.01,1131.01,1131.01,1131.01,1140,1,10,11310,
939541,SCL-10.75%-31-5-34-NCD,F,STK,981,981.2,980.19,980.19,980.19,848,3,389,381545,
939589,NHFL-10.03%-3-7-29-NCD,F,STK,1000.5,1000.5,1000.5,1000.5,1000.5,1000.2,6,20,20010,
939591,NHFL-10.50%-3-7-29-NCD,F,STK,1043.8,1049,1043.8,1049,1049,1040,2,167,174860,
939615,EFSL-26-7-26-NCD,F,STK,1145,1145,1138.2,1138.55,1138.55,1130.2,5,250,285232,
939617,EFSL-9.57%-26-7-27-NCD,F,STK,987,989.5,987,989.5,989.5,987,3,691,682494,
939623,EFSL-10.04%-26-7-29-NCD,F,STK,1005,1005,1000,1000,1000,1009,3,347,348000,
939633,EFSL-11%-26-7-34-NCD,F,STK,1030,1030,1030,1030,1030,1042,1,9,9270,
939639,SMCGSL-10%-07-8-26-NCD,F,STK,1050,1050,1048,1048,1048,1050,3,72,75476,
939643,SMCGSL-ZC-07-8-26-NCD,F,STK,1168,1168,1168,1168,1168,1157,2,302,352736,
939657,SMCGSL-10.40%-07-08-29-NCD,F,STK,1020,1020,1020,1020,1020,1045.02,2,150,153000,
939715,MML-11.50%-11-9-29-NCD,F,STK,1036,1036,1036,1036,1036,1036,3,30,31080,
939733,AEL-9.90%-12-9-29-NCD,F,STK,1079.5,1080,1079.5,1080,1080,1084,3,120,129550,
939741,MFCL-9.45%-16-9-29-NCD,F,STK,1000,1000,1000,1000,1000,1005,1,73,73000,
939743,MFCL-9.65%-16-9-30-NCD,F,STK,1000,1000,1000,1000,1000,860,3,1000,1000000,
939755,MFCL-16-9-27-NCD,F,STK,1107.2,1107.2,1107.2,1107.2,1107.2,1123.8,1,15,16608,
939789,SCL-9.71%-25-9-29-NCD,F,STK,977,977,977,977,977,977,1,208,203216,
939803,ICFL-10.50%-25-9-26-NCD,F,STK,1048,1055.44,995.6,1021,1021,1048,8,611,616206,
939831,NHFL-11%-8-10-34-NCD,F,STK,1062,1062,1040,1040,1040,1015,3,100,104462,
939855,EFSL-10.50%-24-10-29-NCD,F,STK,1008.99,1008.99,1008.99,1008.99,1008.99,1026.5,1,1,1008,
939859,EFSL-11%-24-10-34-NCD,F,STK,1041.5,1041.5,1041.5,1041.5,1041.5,1037.53,3,301,313491,
939863,MFCL-9%-30-10-26-NCD,F,STK,990,999,990,990,990,995,4,201,199449,
939869,MFCL-9.65%-30-10-30-NCD,F,STK,1005,1005,1002,1002,1002,910,2,377,378654,
939871,MFCL-9.40%-30-10-26-NCD,F,STK,1032.45,1032.45,1027,1027,1027,1026,2,127,130701,
939901,IML-7-5-30-NCD,F,STK,1161,1161,1161,1161,1161,1155,1,5,5805,
939979,IHFL-9%-26-12-27-NCD,F,STK,1022.5,1022.5,1022.5,1022.5,1022.5,1019.45,1,86,87935,
939983,IHFL-8.9%-26-12-29-NCD,F,STK,985,985,985,985,985,980,2,5,4925,
940053,MFLIII-9%-10-1-27-NCD,F,STK,991.8,991.8,991.8,991.8,991.8,991.8,1,19,18844,
940057,MFLIII-9.45%-10-1-30-NCD,F,STK,1000,1000,1000,1000,1000,1002,1,100,100000,
940067,MFLIII-10.10%-10-1-31-NCD,F,STK,1033,1033,1024.3,1024.3,1024.3,1008.1,2,35,35937,
940115,EFSL-10.49%-24-1-35-NCD,F,STK,1000,1018.1,1000,1018.1,1018.1,1009.7,2,110,110181,
940157,MML-27-2-31-NCD,F,STK,1045,1045,1045,1045,1045,1000,1,5,5225,
940179,MFLIV-24-2-27-NCD,F,STK,1076,1076,1076,1076,1076,1074,1,120,129120,
940227,PCL-13%-20-3-30-NCD,F,STK,1018,1018,1018,1018,1018,1002.25,1,7,7126,
940231,SFL-9%-4-4-27-NCD,F,STK,971,971,970,970,970,971,2,30,29115,
940233,NHFL-3-4-27-NCD,F,STK,1048.2,1063.8,1048.2,1063.8,1063.8,1048,4,200,211200,
940235,NHFL-9.58%-3-4-28-NCD,F,STK,989,989,989,989,989,989,3,75,74175,
940239,NHFL-10%-3-4-28-NCD,F,STK,1068,1068,1068,1068,1068,1063.8,2,50,53400,
940249,SFL-4-4-28-NCD,F,STK,1024,1024,1024,1024,1024,1000,1,10,10240,
940269,KFL-10%-14-4-28-NCD,F,STK,968.5,968.5,968.5,968.5,968.5,995,4,1200,1162200,
940273,KFL-10.25%-14-4-30-NCD,F,STK,1000,1000,1000,1000,1000,997,9,277,277000,
940279,MML-10%-26-05-26-NCD,F,STK,995,995,991.1,991.34,991.1,1025,2,16,15861,
940299,IIFL-9.75%-21-4-28-NCD,F,STK,1115,1115,1115,1115,1115,1090.98,1,282,314430,
940317,SMCGSL-10%-24-04-27-NCD,F,STK,1100,1100,1072.2,1075,1075,1075,6,571,619010,
940323,SMCGSL-24-04-28-NCD,F,STK,1060,1060,1060,1060,1060,1060,1,30,31800,
940339,EFSL-10.04%-30-04-30-NCD,F,STK,1000,1000,1000,1000,1000,1000,8,2005,2005000,
940347,EFSL-10.49%-30-04-35-NCD,F,STK,1000,1010,1000,1010,1010,1005,3,350,352500,
940353,MML-12-11-26-NCD,F,STK,1036.21,1036.21,1036.21,1036.21,1036.21,1000,3,60,62172,
940361,MML-10.50%-12-5-30-NCD,F,STK,1004,1004,1004,1004,1004,1004,2,30,30120,
940363,MML-10.75%-12-5-30-NCD,F,STK,1013.64,1013.64,1013.64,1013.64,1013.64,1030,1,10,10136,
940375,ICLFL-16-05-27-NCD,F,STK,950,990,950,990,990,833,2,2,1940,
940393,MFL-9.4%-19-5-27-NCD,F,STK,1052.02,1052.02,1052.02,1052.02,1052.02,1050.2,1,1,1052,
940409,CCIL-10.5%19-12-26-NCD,F,STK,985,985,985,985,985,985,6,60,59100,
940417,CCIL-21-6-26-NCD,F,STK,1040,1040,1040,1040,1040,1040,1,25,26000,
940427,NHFL-9.57%-02-07-28-NCD,F,STK,989,989,989,989,989,989,1,2,1978,
940435,NHFL-10.30%-02-07-30-NCD,F,STK,1030,1030,1030,1030,1030,1030,1,1373,1414190,
940437,NHFL-02-07-30-NCD,F,STK,960,960,960,960,960,1070,1,18,17280,
940443,MFCL-8.85%-16-7-27-NCD,F,STK,995.5,995.5,995.5,995.5,995.5,985.99,1,200,199100,
940445,MFCL-9.05%-16-7-28-NCD,F,STK,981,981,981,981,981,995,5,70,68670,
940459,MFCL-16-7-27-NCD,F,STK,1029.2,1029.2,1029.2,1029.2,1029.2,1020.2,1,130,133796,
940465,MFCL-16-7-31-NCD,F,STK,1045,1045,1045,1045,1045,1045,2,10,10450,
940473,AEL-9.15%-17-07-28-NCD,F,STK,1059.99,1059.99,1056,1056,1056,1059.99,8,89,94143,
940479,AEL-9.30%-17-07-30-NCD,F,STK,1094.99,1094.99,1065,1080,1080,1074.89,5,338,367677,
940483,KFL-23-1-27-NCD,F,STK,1037.8,1037.8,1037.8,1037.8,1037.8,1020.6,1,20,20756,
940501,EFSL-9.35%-24-7-28-NCD,F,STK,989,990,952,981.35,960,986,13,187,183512,
940505,EFSL-9.75%-24-7-28-NCD,F,STK,1026.99,1026.99,1026.99,1026.99,1026.99,1020.11,1,9,9242,
940515,EFSLD-10.25%-24-7-30-NCD,F,STK,1021.32,1021.32,1021.32,1021.32,1021.32,1025.2,1,200,204264,
940523,KAFL-9.5%-1-9-26-NCD,F,STK,990.85,990.85,990.85,990.85,990.85,988.79,2,3,2972,
940541,KAFL-27-2-32-NCD,F,STK,929,929,929,929,929,940,1,1,929,
940545,MML-4-9-26-NCD,F,STK,1038.1,1049.8,1038.1,1049.8,1049.8,1036.8,2,100,104863,
940555,SCL-9.0%-01-08-27-NCD,F,STK,1010.2,1010.2,1010.2,1010.2,1010.2,1010.2,1,10,10102,
940603,IFL-11%-20-8-27-NCD,F,STK,985,985,984,984,984,950,14,38,37419,
940619,IFL-20-6-31-NCD,F,STK,900.99,924,900.99,924,924,900.99,3,16,14507,
940637,MML-9.25%-29-8-27-NCD,F,STK,975.21,987,975.21,987,987,983,3,42,41440,
940643,MML-10.5%-29-8-30-NCD,F,STK,1020,1020,1006.8,1007.2,1007.2,1006.8,4,30,30340,
940649,NHFL-9.35%-10-09-28-NCD,F,STK,995,995,982.5,982.5,982.5,980,2,96,95357,
940655,NHFL-9.80%-10-09-30-NCD,F,STK,965,985,965,985,985,972.21,6,326,320730,
940667,EFSL-7-10-27-NCD,F,STK,1004,1004,1004,1004,1004,991.2,1,100,100400,
940673,EFSL-7-10-28-NCD,F,STK,1000,1000,1000,1000,1000,1000,6,176,176000,
940675,EFSL-9.58%-7-10-30-NCD,F,STK,975,975,975,975,975,989,1,1,975,
940683,EFSL-10.25%-7-10-35-NCD,F,STK,995.2,995.2,995.2,995.2,995.2,992.21,1,10,9952,
940687,SMC-8%-13-10-30-MB,F,STK,500,500,500,500,500,516.5,1,50,25000,
940699,CGCL-9.7%-13-10-35-NCD,F,STK,1015,1025,1015,1025,1025,1025,2,20,20400,
940701,IML-9%-31-10-26-NCD,F,STK,990,993.65,990,993.65,993.65,980,2,2,1983,
940709,IML-10.25%-30-10-28-NCD,F,STK,985.01,987,985.01,986,986,1000,9,101,99613,
940713,IML-11.25%-30-10-30-NCD,F,STK,1005.99,1006,990,1006,1006,1004,13,380,380033,
940715,IML-30-10-31-NCD,F,STK,982.5,995.5,981.02,982.02,982.02,982.51,13,242,238366,
940719,SGSL-30-10-27-NCD,F,STK,1001,1001,1001,1001,1001,1000,2,100,100100,
940725,SGSL-9.8%-30-10-30-NCD,F,STK,995,995,990,990,990,970,7,17,16860,
940727,SGSL-10.25%-30-10-30-NCD,F,STK,1005,1005,1005,1005,1005,1019.95,1,500,502500,
940731,KFL-9.50%-09-11-08-NCD,F,STK,985,985,960.1,960.1,960.1,982,4,12,11770,
940743,KFL-09-11-32-NCD,F,STK,984,984,984,984,984,985,2,110,108240,
940753,CCIL-11-11-26-NCD,F,STK,951,975.2,940,975.2,975.2,985,5,19,17985,
940757,CCIL-10-9-31-NCD,F,STK,886.02,911,886.01,911,911,881.05,4,12,10682,
940777,ICLFL-02-10-31-NCD,F,STK,847,847,846.94,846.99,847,847.94,4,18,15245,
940783,EFSL-9.03%-12-12-28-NCD,F,STK,993,993,990,990,990,990,2,5,4962,
940795,EFSL-9.67-12-12-35-NCD,F,STK,985,985,980,980,980,985,4,28,27530,
940797,EFSL-10.10%-12-12-35-NCD,F,STK,1021,1021,1021,1021,1021,1010,1,27,27567,
940799,KAFL-9.50%-19-1-27-NCD,F,STK,978.8,978.8,967,967,967,977.23,2,10,9717,
940803,KAFL-9.85%-16-6-27-NCD,F,STK,977,977,977,977,977,977,1,1,977,
940807,KAFL-10.25%-16-12-27-NCD,F,STK,995,995,995,995,995,995,1,43,42785,
940817,KAFL-16-7-32-NCD,F,STK,930,950,930,950,950,950,4,6,5620,
940819,MML-23-1-27-NCD,F,STK,1000,1000,1000,1000,1000,1000,1,50,50000,
940821,MML-9.5%-23-01-27-NCD,F,STK,970,970,965,965.85,965,965,7,150,144878,
940823,MML-19-12-27-NCD,F,STK,999,999,970,991.05,991.05,1000,3,12,11951,
940835,MML-19-3-32-NCD,F,STK,990.78,1001,990.78,990.78,990.78,1011,4,35,34779,
940837,PCL-12.5%-29-12-28-NCD,F,STK,978.9,1000,978.9,1000,1000,1000,6,67,66586,
940841,PCL-13%-29-12-30-NCD,F,STK,1000,1000,1000,1000,1000,998,5,89,89000,
940859,MFL-8.37%-12-2-28-NCD,F,STK,979,982,979,981,981,979.9,11,208,203859,
940861,MFL-8.52%-12-2-29-NCD,F,STK,968,968,968,968,968,968,1,5,4840,
940862,MFL-8.65%-12-2-31-NCD,F,STK,970,970,970,970,970,977,3,40,38800,
940864,MFL-8.75%-12-2-32-NCD,F,STK,989.99,990,989.99,990,990,989.99,3,120,118799,
940870,MFL-9%-12-2-31-NCD,F,STK,991.01,991.01,901,990,990,991.01,8,333,312329,
940872,MFL-9.1%-12-2-32-NCD,F,STK,960.06,960.06,960.06,960.06,960.06,960.06,9,501,480990,
940882,KFL-19-5-27-NCD,F,STK,951,951,951,951,951,0,2,50,47550,
940886,KFL-9%-19-2-29-NCD,F,STK,952.73,960.01,952.73,960,960,972.17,3,9,8610,
940898,ICLFL-10%-23-03-27-NCD,F,STK,980,980,952,955,955,955,21,312,298341,
940902,ICLFL-11%-23-02-29--NCD,F,STK,968,985,950,950,950,940,4,118,112294,
940904,ICLFL-11.50%-23-02-31-NCD,F,STK,984,984,984,984,984,984,2,17,16728,
940915,ICLFL-23-02-32-NCD,F,STK,929,929,929,929,929,929,2,2,1858,
940921,NMC-8.05%-05-03-31-MBGB,F,STK,124.99,124.99,124.99,124.99,124.99,124.83,2,84,10499,
940923,NMC-8.05%-05-03-32-MBGB,F,STK,124.99,124.99,124.99,124.99,124.99,124.82,2,73,9124,
940929,NMC-8.05%-05-03-35-MBGB,F,STK,124.98,124.98,124.76,124.76,124.76,124.76,2,36,4493,
940937,IIFL-8.65%-6-3-31-NCD,F,STK,990,990,990,990,990,990,1,100,99000,
940939,IIFL-8.70%-6-3-28-NCD,F,STK,961,961,920,920,920,0,6,10,9323,
954527,EARCL-NIFTY-J8G602C-17-07-26-P,F,STK,261854,261854,261854,261854,261854,261496,3,51,13354554,
958685,CIFCL-10.83%-PERPETUAL-PVT,F,STK,575417,575417,575417,575417,575417,559000,4,8,4603336,
959041,HDFCB-8.05%-22-10-29-PVT,F,STK,1033100.01,1033100.01,1033100.01,1033100.01,1033100.01,1149200,1,1,1033100,
960353,BFL-6.92%-24-12-30-PVT,F,STK,900000,900000,900000,900000,900000,1072000,1,1,900000,
961713,PFCBS3,F,STK,5385,5385,5385,5385,5385,5395,2,3,16155,
961714,PFCBS4,F,STK,16450,16450,16450,16450,16450,16492,1,3,49350,
961730,830PFC2027,F,STK,1055,1055,1054.5,1054.5,1054.5,1054.01,5,874,921633,
961732,810IRFC2327,F,STK,1057,1057,1057,1057,1057,1057.5,3,395,417515,
961744,812REC27,F,STK,1080,1080,1079.25,1079.48,1079.25,1082.5,2,100,107947,
961753,736IIFCL28,F,STK,1044,1044,1044,1044,1044,1040,1,25,26100,
961756,734IRFC2028,F,STK,1059.08,1059.08,1059.08,1059.08,1059.08,1056.01,1,500,529540,
961765,751HUDCO28,F,STK,1048.99,1048.99,1038.01,1038.18,1038.21,1038.05,6,6000,6250240,
961779,871REC28,F,STK,1095,1095,1095,1095,1095,1094.5,2,325,355875,
961785,876HUDCO28,F,STK,1104.01,1104.01,1104.01,1104.01,1104.01,1105,1,100,110401,
961798,875IIFCL33,F,STK,1219,1220.5,1219,1220.5,1220.5,1215.01,5,508,619864,
961803,879PFC28,F,STK,1098.5,1099,1098,1099,1099,1104.19,6,453,497454,
961804,892PFC33,F,STK,1232.1,1235,1231.15,1234.9,1233.55,1231,12,368,454284,
961810,891NTPC33,F,STK,1229,1229,1229,1229,1229,1236.3,1,20,24580,
961815,883HUDCO29,F,STK,1095,1095,1095,1095,1095,1090.13,1,10,10950,
961822,891IIFCL34,F,STK,1222,1222,1213.26,1213.96,1213.26,1220,4,130,157847,
961830,IRFC-8.65%-18-2-29-NCD,F,STK,1177.95,1177.95,1160,1165,1165,1177.95,3,494,574433,
961839,IREDA-8.80%-13-03-29-BOND,F,STK,1090,1090,1090,1090,1090,1100,1,1,1090,
961851,KPL-9%-25-3-29-TFBOND,F,STK,1055,1085,1055,1085,1085,1104.6,18,1578,1678438,
961853,KPL-9%-25-3-34-TFBOND,F,STK,1155,1155,1155,1155,1155,1305,1,360,415800,
961895,IIFCL-8.8%-27-3-29-TFBOND,F,STK,1164,1165.74,1164,1165.74,1165.74,1193,2,2000,2329740,
972655,IFCI-SR-I-10.75%-1-8-26-PVT,F,STK,43500,43601,43500,43601,43601,43699,3,40,1741010,
972657,IFCI-D-10.75%-01-08-26-PVT,F,STK,10615,10615,10615,10615,10615,10550,1,10,106150,
972691,IFCI-III-D-10.75%-31-10-26-PVT,F,STK,10170,10170,10170,10170,10170,10300,1,10,101700,
972716,IFCI-9.16%-IV-15-2-27-D-PVT,F,STK,5026.03,5027.02,5026.03,5027.02,5027.02,5030,2,5,25134,
973078,HLFL-9.75%-18-9-26-PVT,F,STK,845000,845000,845000,845000,845000,1055000,1,4,3380000,
973201,CIFCL-9.20%-PERPETUAL-PVT,F,STK,540259,540259,540259,540259,540259,549000,1,2,1080518,
973491,PFL-6.75%-26-9-31-PVT,F,STK,774.5,775.5,774.5,775.25,775,774.71,8,1049,812963,
973876,UPC-9.70%-30-3-29-PVT,F,STK,1042500.01,1042500.01,1042500.01,1042500.01,1042500.01,1042000,1,1,1042500,
973878,UPPC-9.70%-29-3-30-PVT,F,STK,1058000,1058000,1058000,1058000,1058000,1050121.05,1,1,1058000,
974072,HDFCB-8%-27-7-32-PVT,F,STK,1058262.01,1058262.01,1058262.01,1058262.01,1058262.01,1052255.56,1,1,1058262,
974447,APSBCL-9.62%-30-11-26-PVT,F,STK,753170.73,753170.73,753170.73,753170.73,753170.73,1020000,1,1,753170,
974516,FFSL-GSEC32-4-4-26-PVT,F,STK,129000,129000,129000,129000,129000,128900,4,480,61920000,
974635,EEL-ZC-03-4-26-PVT,F,STK,131800,133516,131800,133516,133516,133479.91,140,1440,192161162,
974998,AFPL-12.40%-24-4-29-PVT,F,STK,103000,103910,103000,103910,103910,103750,3,3,310820,
975012,ICFL-9.85%-7-8-26-PVT,F,STK,100080,100080,100080,100080,100080,100080,1,1,100080,
975033,MFL-10.05%-18-8-29-PVT,F,STK,81000,81000,81000,81000,81000,99000,1,1,81000,
975235,AFPL-12.25%-7-9-29-PVT,F,STK,102000,102000,102000,102000,102000,102000,1,1,102000,
975236,MFSL-10.75%-8-7-29-PVT,F,STK,101000,101000,101000,101000,101000,101000,1,1,101000,
975251,PDL-9.95%-15-12-33-PVT,F,STK,100000,100000,100000,100000,100000,100246,1,6,600000,
975562,SSFL-9.81%-2-4-26-PVT,F,STK,98510.7,98510.7,98510.7,98510.7,98510.7,99800,2,3,295532,
975640,PDL-9.95%-3-5-29-PVT,F,STK,100982,100982,100982,100982,100982,100546,2,150,15147300,
975690,HLFL-9.50%-29-11-29-PVT,F,STK,107500,107500,107500,107500,107500,108000,1,5,537500,
975694,MSFL-ZC-29-8-26-PVT,F,STK,120458,120458,120458,120458,120458,120424,2,85,10238930,
975733,AAHL-9.95%-12-6-28-PVT,F,STK,102000,102000,102000,102000,102000,85000,2,4,408000,
975739,MCSL-9.90%-12-6-26-PVT,F,STK,99791,99791,99791,99791,99791,99410,1,1,99791,
975746,NFL-10.50%-18-6-27-PVT,F,STK,99000,99000,99000,99000,99000,99042,4,26,2574000,
975792,SSFL-9.84%-28-6-26-PVT,F,STK,99500,99500,99500,99500,99500,99300,1,1,99500,
975799,MML-10.75%-2-7-26-PVT,F,STK,99775.08,99775.08,99775.08,99775.08,99775.08,99775.08,1,1,99775,
976035,SFL-10.80%-20-9-26-PVT,F,STK,99154.7,99154.7,99154.7,99154.7,99154.7,101543.02,1,1,99154,
976048,DKGFSPL-11%-27-12-26-PVT,F,STK,5000.55,5000.55,4610.45,4975,4975,4615.25,8,26,123015,
976049,SFPL-12.50%-27-9-26-PVT,F,STK,26880,26880,26880,26880,26880,22400,1,1,26880,
976085,KIIFB-9.49%-8-10-29-PVT,F,STK,102981.7,102981.7,102981.7,102981.7,102981.7,102300,1,1,102981,
976231,KSL-10.30%-12-6-26-PVT,F,STK,33500,33500,33500,33500,33500,33000,1,1,33500,
976248,MSFL-ZC-18-12-26-PVT,F,STK,113000,113666,113000,113666,113666,113200,7,310,35233236,
976261,MASFSL-9.60%-23-12-26-PVT,F,STK,9501,9501,9501,9501,9501,9950,1,1,9501,
976275,VCL-10.11%-23-12-26-PVT,F,STK,9951,9951,9951,9951,9951,9981.83,2,7,69657,
976288,KIIFB-9.4%-30-12-28-PVT,F,STK,101500,101500,101500,101500,101500,101500,1,1,101500,
976291,KIIFB-9.4%-30-12-31-PVT,F,STK,102155,102155,102155,102155,102155,102000,1,2,204310,
976325,NFL-10.75%-31-12-27-PVT,F,STK,10010,10010,10002,10002,10002,10010,2,24,240232,
976352,NWFL-9.52%-24-2-27-PVT,F,STK,101000,101000,101000,101000,101000,101135.59,1,1,101000,
976423,IML-11%-18-8-26-PVT,F,STK,9901.8,9998,9901.8,9997.05,9998,9900,9,52,517954,
976437,NFL-10.60%-21-5-27-PVT,F,STK,9980,9980,9937,9980,9980,9975,13,130,1296627,
976448,ESPL-10.90%-4-2-26-PVT,F,STK,99955,99955,99955,99955,99955,99955,2,3,299865,
976483,KFL-11.30%-6-3-27-PVT,F,STK,98784.26,98784.26,98784.26,98784.26,98784.26,99000,1,1,98784,
976489,NFL-10.60%-10-9-26-PVT,F,STK,9985,9985,9985,9985,9985,9901,1,10,99850,
976492,MFL-11.75%-13-3-27-PVT,F,STK,9504,9504,9504,9504,9504,7920,2,20,190080,
976533,ESPL-10.9%-4-1-27-PVT,F,STK,100000,100000,100000,100000,100000,100000,1,5,500000,
976660,ACAPL-9.85%-30-10-26-PVT,F,STK,9650.5,9650.5,9450.3,9450.3,9450.3,9650.5,5,6,57102,
976675,KSL-10-.65%-06-11-26-PVT,F,STK,99296.29,99296.29,99296.29,99296.29,99296.29,99296.29,1,6,595777,
976685,MFL-11.25%-9-2-27-PVT,F,STK,9954.28,9954.28,9954.28,9954.28,9954.28,9650,1,10,99542,
976690,IML-11.25%-13-11-26-PVT,F,STK,99299.99,99300,99299.99,99300,99300,99300,4,7,695099,
976712,MFL-10.40%-22-8-33-PVT,F,STK,10124,10125,10124,10125,10125,9840,5,115,1164275,
976737,LVAM25-12%-31-05-27-PTC,F,STK,3000,3000,3000,3000,3000,3050,1,1,3000,
976751,IML-11.25%-03-02-27-PVT,F,STK,99500,99500,99500,99500,99500,99000,1,1,99500,
976752,PDL-10%-3-6-27-PVT,F,STK,97370,99363.73,97370,99363.73,99363.73,98500,2,4,395461,
976808,NFL-10.75%-19-8-28-PVT,F,STK,10000.9,10045,10000,10001.05,10001.05,10010,19,97,972903,
976896,KFL-10.62%-09-07-27-PVT,F,STK,106800,106800,106800,106800,106800,89000,1,1,106800,
976905,ACAPL-9.85%-11-1-27-PVT,F,STK,9661.63,9661.63,9661.63,9661.63,9661.63,9661.63,2,17,164247,
976924,DKGFSPL-11%-18-7-27-PVT,F,STK,9750,9750,9700,9700,9700,9750,2,2,19450,
976929,IML-12%-23-7-28-PVT,F,STK,100070,100070,100070,100070,100070,100000,1,1,100070,
976930,KSL-10.40%-25-1-27-PVT,F,STK,99372,99372,99300,99300,99300,100243.91,5,80,7944072,
976940,SCNL-11.50%-24-01-31-PVT,F,STK,97800,97899,97800,97833,97899,97989,2,3,293499,
976970,NBSPL-10.25%-30-01-27-PVT,F,STK,101107.51,101107.51,101107.51,101107.51,101107.51,101079.11,2,6,606645,
976985,MCIBPL-ZC-05-08-27-PVT,F,STK,106431,106431,106431,106431,106431,106401,2,33,3512223,
977001,KFLD-10.62%-7-2-28-PVT,F,STK,96001,100000,96001,100000,100000,95350,2,2,196001,
977017,NFL-10.30%-30-09-27-PVT,F,STK,9940,10000,9940,9945,9945,9940,23,144,1432515,
977022,KSL-10.65%-12-08-27-PVT,F,STK,99550,99550,99550,99550,99550,99699,1,1,99550,
977023,CFPL-11%-11-8-27-PVT,F,STK,99600,99600,99600,99600,99600,100000.01,1,1,99600,
977044,KFL-11.10%-19-8-27-PVT,F,STK,9817.99,9818,9755.01,9755.01,9755.01,9818.97,3,11,107934,
977073,ESPL-10.70%-6-8-27-PVT,F,STK,99400,99400,99370.01,99370.01,99370.01,99337,2,4,397510,
977075,NBFSPL-10.25%-02-03-27-PVT,F,STK,100227.13,100227.13,100180,100227.13,100227.13,100140,5,47,4710439,
977117,UCL-11.65%-15-3-31-PVT,F,STK,98401,98401,98401,98401,98401,98400,1,1,98401,
977144,NBSPL-10.25%-23-3-27-PVT,F,STK,102016.25,102016.25,102016.25,102016.25,102016.25,102016.24,2,3,306048,
977176,ACAPL-14.35%-28-10-26-PVT,F,STK,7700,7700,7600,7600,7600,7700,2,11,84600,
977205,ACAPL-12%-13-04-27-PVT,F,STK,9810,9810,9810,9810,9810,9800,1,1,9810,
977226,LLDL-13.50%-30-01-29-PVT,F,STK,101999,102299,101787,101787.51,101787.51,101630,6,14,1425747,
977241,KRFL-11.40%-24-10-27-PVT,F,STK,9849,9849,9849,9849,9849,9750.01,2,20,196980,
977249,MML-9.30%-27-1-28-PVT,F,STK,9801.18,9860,9801.18,9859.17,9860,9890,2,71,700001,
977262,KSL-11.50%-29-03-27-PVT,F,STK,100967.05,100967.05,100967.05,100967.05,100967.05,100967.05,1,1,100967,
977298,ACAPL-12%-17-11-28-PVT,F,STK,9499.95,9499.95,9490.5,9499.74,9499.74,9497.95,12,69,655207,
977309,ACAPL-12%-21-05-27-PVT,F,STK,9796,9796,9732.11,9732.11,9732.11,9786,2,2,19528,
977325,MML-10.75%-27-11-27-PVT,F,STK,98799,98799,98799,98799,98799,97475,1,1,98799,
977331,KSL-10.50%-2-12-27-PVT,F,STK,100000,100000,100000,100000,100000,99750,3,4,400000,
977335,SFL-3-5-29-PVT,F,STK,100785.5,100785.5,100785.5,100785.5,100785.5,100735.1,2,76,7659698,
977367,ACAPL-12%-11-6-27-PVT,F,STK,9821,9821,9720,9821,9821,9821,9,22,214386,
977379,MML-9.95%-16-12-28-PVT,F,STK,98786.5,98786.5,98786.5,98786.5,98786.5,98000,1,1,98786,
977382,UCL-9.99%-16-06-29-PVT,F,STK,9767,9767,9767,9767,9767,8140,1,10,97670,
977383,ACAPL-12.50%-17-01-27-PVT,F,STK,8000,8000,7500,7500,7500,7400,2,2,15500,
977397,SFCPL-10.65%-22-6-28-PVT,F,STK,99700,99700,99700,99700,99700,99600,1,1,99700,
977411,MGFLD-11%-29-8-27-PVT,F,STK,9950,9950,9950,9950,9950,9670.7,2,3,29850,
977419,MML-11.70%-30-06-27-PVT,F,STK,76200,76200,76200,76200,76200,94000,1,1,76200,
977424,MCIBPL-ZC-31-12-27-PVT,F,STK,102000,102000,102000,102000,102000,101500,10,26,2652000,
977445,DKGFSF-11%-7-1-28-PVT,F,STK,8881.2,8881.2,8881.2,8881.2,8881.2,7401,1,7,62168,
977474,KIIFB-9.30%-21-01-36-PVT,F,STK,102880,102883.45,102880,102883.45,102883.45,101783.6,3,6,617297,
977477,NFL-10.75%-31-12-28-PVT,F,STK,10019,10019,9994.1,9994.1,9994.1,10019,9,42,420227,
977486,IML-11%-23-1-29-PVT,F,STK,99113.49,99113.49,99113.49,99113.49,99113.49,0,2,5,495567,
977495,EFCL-ZC-30-4-29-PVT,F,STK,96100,99999,96100,99999,99999,96000,2,2,196099,
977508,AFSL-11.35%-29-07-28-PVT,F,STK,10100,10100,10100,10100,10100,9500,1,1,10100,
977532,MSAFL-ZC-6-2-28-PVT,F,STK,101000,101000,100950,100991,100991,101000,5,15,1514793,
977535,SFL-10.75%-6-2-28-PVT,F,STK,9961.78,9961.78,9961.78,9961.78,9961.78,9961.78,4,10,99617,
977576,UCIL-13%-24-5-27-PVT,F,STK,9940,9940,9930,9930,9930,9890,2,2,19870,
