SC_CODE,SC_NAME,SC_GROUP,SC_TYPE,OPEN,HIGH,LOW,CLOSE,LAST,PREVCLOSE,NO_TRADES,NO_OF_SHRS,NET_TURNOV,TDCLOINDI
500002,"ABB INDIA LIMITED",A,STK,6251.1,6325,6176.65,6196.1,6196.1,6336.2,3059,8891,55516284,
500003,"AEGIS LOGISTICS LTD.",A,STK,608.7,638,593.55,607.9,610.7,609.55,5077,178818,111563558,
500008,"Amara Raja Energy & Mobility L",A,STK,782.75,782.75,767,769.2,769.2,784.3,1947,21675,16788610,
500009,"AMBALAL SARABHAI ENTERPRISES L",X,STK,27.85,29.25,27.85,28.04,28.01,28.1,394,126041,3579243,
500012,"ANDHRA PETROCHEMICALS LTD.",X,STK,37.89,37.9,36.25,36.62,36.9,38.15,486,70557,2624350,
500013,"ANSAL PROPERTIES & INFRASTRUCT",Z,STK,3.33,3.36,3.33,3.33,3.33,3.39,32,18105,60436,
500014,"UTIQUE ENTERPRISES LIMITED",X,STK,4.2,4.3,4.08,4.23,4.23,4.17,43,4667,19667,
500016,"ARUNA HOTELS LTD.",X,STK,7.8,7.8,7.51,7.79,7.79,7.69,31,4326,33686,
500020,"BOMBAY DYEING & MFG.CO.LTD.",A,STK,104.85,105.75,100.2,102,102.65,107.35,661,78868,8194718,
500023,"ASIAN HOTELS (NORTH) LIMITED",B,STK,295.25,297.5,290.35,290.35,290.35,299.65,16,102,30031,
500027,"ATUL LTD.",A,STK,6260.35,6323.2,6210,6223.95,6223.95,6321.05,234,1674,10539235,
500028,"ATV PROJECTS INDIA LTD.",X,STK,30.79,30.95,30,30.8,30.95,29.97,90,14527,441780,
500031,"BAJAJ ELECTRICALS LTD.",A,STK,342.05,344,335.5,337.45,337.45,349.05,628,13498,4591750,
500032,"BAJAJ HINDUSTHAN SUGAR LIMITED",A,STK,15.8,16.3,15.51,15.66,15.66,15.96,1281,455189,7252144,
500033,"FORCE MOTORS LTD.",A,STK,20899.9,21300,20555.05,20685.7,20840.9,21557.75,3409,9320,195570372,
500034,"BAJAJ FINANCE LIMITED",A,STK,870.85,870.85,826.9,832,832,879.7,14768,613230,513712006,
500038,"BALRAMPUR CHINI MILLS LTD.",A,STK,471,488,470.2,483.7,483.7,476.85,1295,36447,17560884,
500039,"BANCO PRODUCTS (INDIA) LTD.",A,STK,565.7,565.7,549,550.65,550.65,572.75,710,9721,5394836,
500040,"ADITYA BIRLA REAL ESTATE LIMIT",A,STK,1200.6,1217.1,1162,1171.5,1168.1,1217.65,1484,17207,20456770,
500041,"BANNARI AMMAN SUGARS LTD.",B,STK,3600,3620,3600,3619.9,3619.9,3640.85,3,3,10839,
500042,"BASF INDIA LTD.",A,STK,3386.35,3395.7,3300.5,3309.75,3333,3430.45,370,1076,3608900,
500043,"BATA INDIA LTD.",A,STK,668.55,669.3,644.55,648.45,648.45,672.85,870,9637,6301301,
500048,"BEML LTD.",A,STK,1537.65,1570,1492,1501.05,1505,1560.25,2260,25824,39521993,
500049,"BHARAT ELECTRONICS LTD.",A,STK,437.8,439.1,428.3,430.8,430.8,442.5,23216,624989,271291593,
500051,"BHAGAWATI GAS LIMITED",XT,STK,2.21,2.21,2.21,2.21,2.21,2.11,6,466,1029,
500052,"BHANSALI ENGINEERING POLYMERS",B,STK,86,87.41,84.59,85.14,85.14,87.94,344,38755,3331768,
500058,"BIHAR SPONGE IRON LTD.",XT,STK,10.45,10.75,10,10.13,10.13,10.43,91,45790,468640,
500059,"BIL VYAPAR LIMITED",T,STK,5.9,6.11,5.8,5.88,6.1,5.92,19,3647,21945,
500060,"Birla Cable Limited",B,STK,134,134,129.1,130.15,129.1,132.25,123,1319,172011,
500067,"BLUE STAR LTD.",A,STK,1808.5,1808.5,1727.4,1733.1,1733.1,1818.65,1852,35750,62597469,
500068,"DISA INDIA LTD.",B,STK,11255,11679.95,11240,11500.7,11500,11550,22,38,434700,
500069,"QUEST CAPITAL MARKETS LIMITED",X,STK,262.75,262.75,255,255.3,255.1,262.85,9,374,95848,
500074,"BPL LTD.",B,STK,48.8,48.8,47.08,47.18,47.4,49.46,53,3373,161267,
500078,"ORIENTAL AROMATICS LIMITED",B,STK,242,261.95,240.05,242.9,244.75,251,293,2520,644060,
500083,"CENTURY EXTRUSIONS LTD.",B,STK,19.19,19.23,18.13,18.78,18.55,19.2,143,22725,425596,
500084,"CESC LTD.",A,STK,153,158.25,153,154.05,154.2,156.45,1940,85191,13245547,
500085,"CHAMBAL FERTILISERS & CHEMICAL",A,STK,431.65,433.95,425,426.6,425,438.9,1453,43814,18856963,
500086,"EXIDE INDUSTRIES LTD.",A,STK,305.8,305.8,300.05,301.95,301.95,309,4723,125791,38047264,
500087,"CIPLA LTD.",A,STK,1258.15,1263.6,1235.8,1238.65,1244.85,1268.2,4477,38385,47898589,
500089,"DIC INDIA LTD.",B,STK,502.5,519.85,492.05,512.4,512.4,502.9,79,323,163660,
500092,"CRISIL LTD.",A,STK,4010,4022.95,3971.85,3978.5,4014,4033.4,377,1004,4011026,
500093,"CG Power and Industrial Soluti",A,STK,695.35,700.25,684,687.65,687.65,706.4,2729,2074870,1446174899,
500096,"DABUR INDIA LTD.",A,STK,448,448.05,429,430.15,432.4,451.4,2152,46134,20080444,
500097,"DALMIA BHARAT SUGAR AND INDUST",B,STK,297,307.7,293.3,299.75,300.55,302.55,276,5865,1767244,
500101,"ARVIND LTD.",A,STK,360,367.4,355.05,356.8,359,365.4,721,23155,8387616,
500103,"BHARAT HEAVY ELECTRICALS LTD.",A,STK,255,256.75,250.1,251.65,251.65,260,3125,205143,52003502,
500104,"HINDUSTAN PETROLEUM CORPORATIO",A,STK,341.9,341.9,321.8,324.8,324.8,349.3,14354,765671,251924122,
500106,"IFCI LTD.",A,STK,54.99,55.46,53.7,54.14,54.14,56.1,3748,976206,53486271,
500108,"MAHANAGAR TELEPHONE NIGAM LTD.",B,STK,25.6,25.61,24.45,24.58,24.58,25.6,481,73108,1820836,
500109,"MANGALORE REFINERY & PETROCHEM",A,STK,190.8,195.2,184.05,184.9,184.9,192,8710,926302,175559019,
500110,"CHENNAI PETROLEUM CORPORATION",A,STK,1010.8,1056.75,995.6,1022.2,1022.2,1014.55,9205,180585,186139949,
500112,"STATE BANK OF INDIA",A,STK,1041.05,1059.95,1041.05,1048.95,1048.95,1069.5,34999,1041758,1093783891,
500113,"STEEL AUTHORITY OF INDIA LTD.",A,STK,151.5,155.3,151,152.15,152.15,154.6,5489,762655,116551625,
500114,"TITAN COMPANY LIMITED",A,STK,4095.05,4138.1,4018.2,4035.7,4035.7,4138.7,2464,8929,36295750,
500116,"IDBI BANK LTD.",A,STK,72.9,73.9,69.85,70.15,70.15,74.95,10159,2075091,148247103,
500117,"DCW LTD.",B,STK,41.91,41.91,40.12,40.26,40.5,42.1,541,127307,5177465,
500119,"DHAMPUR SUGAR MILLS LTD.",B,STK,125,125,118.05,120.35,121.25,120.45,348,18267,2192398,
500120,"DIAMINES & CHEMICALS LTD.",B,STK,221.4,225.2,211.05,215.6,215.6,225.25,109,2985,662168,
500123,"ELANTAS BECK INDIA LTD.",B,STK,7425.05,7845,7425,7514.65,7430,7582.3,226,1787,13592653,
500124,"DR.REDDYS LABORATORIES LTD.",A,STK,1286.4,1286.4,1267.2,1274.05,1275,1294.25,1244,11892,15154079,
500125,"E.I.D.-PARRY (INDIA) LTD.",A,STK,809.6,812.65,794.35,796.3,795,820.25,502,4799,3859118,
500126,"PROCTER & GAMBLE HEALTH LIMITE",A,STK,4902.7,4919.35,4819.5,4821.6,4828,4936.65,88,203,987437,
500128,"ELECTROSTEEL CASTINGS LTD.",A,STK,72.49,73.6,70.74,72,72.3,72.85,1348,212923,15336486,
500133,"ESAB INDIA LTD.",A,STK,5251,5381.55,5251,5273.75,5280,5372.35,48,114,603369,
500135,"EPL LIMITED",A,STK,193.15,193.3,187.9,188.25,188,195.7,393,11362,2167757,
500136,"ESTER INDUSTRIES LTD.",B,STK,91.8,93.2,91,91.7,91.9,93.5,259,12564,1151647,
500142,"FGP LTD.",X,STK,9.15,9.47,9,9.43,9.01,9.15,13,1279,11881,
500143,"PH CAPITAL LTD.",XT,STK,546.75,589,546.75,581.15,589,575,18,1140,652499,
500144,"FINOLEX CABLES LTD.",A,STK,871.55,871.55,843.2,848.7,847.1,877.05,1889,31659,26985970,
500147,"JOHN COCKERILL INDIA LIMITED",B,STK,4665,4766.9,4560,4611.8,4611.8,4732.25,453,4035,18889228,
500148,"UFLEX LTD.",B,STK,444.4,444.4,437,438.05,438,454.15,192,913,401908,
500150,"FOSECO INDIA LTD.",B,STK,5140,5230,5123.4,5152.75,5187.45,5245.45,42,77,396834,
500151,"GOLDEN TOBACCO LTD.",Z,STK,28.47,28.47,27,28.47,28.47,27.7,12,598,16801,
500153,"GANESH BENZOPLAST LTD.",B,STK,77,77.27,74.51,75.25,75.13,77.46,185,18493,1408865,
500159,"METROGLOBAL LIMITED",X,STK,102,104.95,102,102.4,102.4,106.3,17,722,74219,
500160,"GTL LTD.",B,STK,6.8,6.8,6.35,6.41,6.47,6.72,208,62366,403059,
500163,"GODFREY PHILLIPS INDIA LTD.",A,STK,2025,2025,1990.1,1995.75,1991,2040.4,1395,13919,27918452,
500164,"GODREJ INDUSTRIES LTD.",A,STK,832,847.3,821.4,822.55,822,830.45,448,5258,4381008,
500165,"KANSAI NEROLAC PAINTS LTD.",A,STK,174.5,174.5,168,168.6,169,174.95,792,32223,5486540,
500166,"GOODRICKE GROUP LTD.",X,STK,153.15,153.25,147.3,148.05,148.05,153.25,77,19331,2896457,
500168,"GOODYEAR INDIA LTD.",B,STK,746,750.9,737.05,741.55,745,748.85,618,6020,4477198,
500170,"GTN INDUSTRIES LTD.",X,STK,22.82,24.09,22.15,23.87,24,23.69,20,1154,26266,
500171,"GHCL LTD.",A,STK,446.3,451,440,440.65,444.4,451.5,292,3664,1628927,
500173,"GFL LIMITED",B,STK,45.07,45.17,44.02,44.11,44.11,45.64,24,619,27683,
500179,"HCL INFOSYSTEMS LTD.",B,STK,11.99,12.01,11.71,11.81,11.8,11.94,252,41942,495312,
500180,"HDFC BANK LTD.",A,STK,776,815.6,772,799.7,799.7,842.95,104570,7214369,5791525735,
500182,"HERO MOTOCORP LTD.",A,STK,5335.05,5364.35,5150.05,5180.35,5210,5424.65,1890,7986,41966334,
500183,"HFCL LIMITED",A,STK,71.43,72.15,69.4,70.5,70.5,72.69,3985,2194601,155188912,
500184,"Himadri Speciality Chemical Lt",A,STK,443,458,431.85,450.85,456,453.1,2108,120834,53242457,
500185,"HINDUSTAN CONSTRUCTION CO.LTD.",A,STK,15.33,15.74,15.07,15.16,15.16,15.66,2692,1774413,27266952,
500186,"HINDUSTAN OIL EXPLORATION CO.L",B,STK,133.7,137.4,130.5,133.1,131.75,131.4,1391,106387,14160278,
500187,"AGI GREENPAC LIMITED",A,STK,519.2,520.1,501,502.3,501.2,519.65,333,5546,2830130,
500188,"HINDUSTAN ZINC LTD.",A,STK,524.95,524.95,503.6,506.5,506.5,537.45,7702,307906,158440595,
500189,"NDL Ventures Limited",B,STK,115.95,116.25,113.4,114.1,114.05,115.95,182,3543,405107,
500191,"HMT LTD.",Z,STK,60,60,58.77,58.8,58.77,61.86,59,3577,211201,
500192,"PRAG BOSIMI SYNTHETICS LTD.",X,STK,1.82,1.82,1.6,1.62,1.6,1.78,43,7410,12138,
500193,"HLV LIMITED",B,STK,7.05,7.2,6.93,7.02,7.02,7.22,183,37083,262362,
500199,"I G PETROCHEMICALS LTD.",B,STK,377.95,377.95,360,361.8,365,380.35,219,1306,480610,
500201,"INDIA GLYCOLS LTD.",B,STK,875.6,904.75,861.8,872.75,872.75,876.95,434,18045,15909495,
500206,"MARGO FINANCE LIMITED",X,STK,67,75,63.07,66.08,66.5,64,134,4069,276357,
500207,"INDO RAMA SYNTHETICS (INDIA) L",B,STK,32.6,32.6,31.11,31.28,31.12,32.57,43,79523,2530716,
500209,"INFOSYS LTD.",A,STK,1240.8,1255,1215.25,1220.65,1220.65,1267.45,41893,762931,937071227,
500210,"INGERSOLL-RAND (INDIA) LTD.",A,STK,3651.05,3681.45,3571,3586,3584.3,3693.8,161,490,1774907,
500213,"INTERNATIONAL TRAVEL HOUSE LTD",X,STK,293,297.75,285,288.45,288.45,292.85,114,3254,956026,
500214,"ION EXCHANGE (INDIA) LTD.",A,STK,337.7,344.1,332.25,342.05,344.1,338.85,374,11625,3930483,
500215,"SUNDROP BRANDS LIMITED",B,STK,618.5,624.85,613.55,618.75,613.55,623.45,152,4061,2517932,
500219,"JAIN IRRIGATION SYSTEMS LTD.",A,STK,32.39,32.39,30.33,30.5,30.5,32.55,693,193561,6067022,
500220,"JASCH INDUSTRIES LTD.",X,STK,162.65,162.65,152.05,156.2,156.2,163.1,28,467,73542,
500227,"JINDAL POLY FILMS LTD.",B,STK,1019.95,1025.35,956.65,1006.2,956.65,1006.95,1469,25811,25815922,
500228,"JSW STEEL LTD.",A,STK,1167.65,1167.65,1127.5,1131.9,1131.9,1179.45,4853,61419,70002616,
500233,"KAJARIA CERAMICS LTD.",A,STK,920.05,942.25,911.5,920.4,927,955.05,566,8529,7905924,
500234,"KAKATIYA CEMENT SUGAR & INDUST",B,STK,103.9,103.9,103.9,103.9,103.9,104.05,1,7353,763976,
500235,"KALYANI STEELS LTD.",B,STK,670.95,675,635.05,637.75,646.9,677.6,1006,14623,9460833,
500238,"WHIRLPOOL OF INDIA LTD.",A,STK,821.3,836.55,807.45,811.8,811.8,841.75,1224,14197,11690399,
500239,"KG DENIM LTD.",X,STK,13.46,14.6,13.46,14,14,14.43,51,5025,70825,
500240,"KINETIC ENGINEERING LTD.",X,STK,225.25,230,221.15,223.1,225.95,226.35,125,9079,2049805,
500241,"KIRLOSKAR BROTHERS LTD.",A,STK,1597.4,1597.4,1534.8,1545.1,1546.25,1573.1,599,6490,10096102,
500243,"KIRLOSKAR INDUSTRIES LTD",B,STK,2750,2807.05,2725,2729.7,2725,2795,93,604,1684904,
500245,"KIRLOSKAR FERROUS INDUSTRIES L",B,STK,366.15,382,361,373.25,378,366.15,1482,100463,37235286,
500246,"ENVAIR ELECTRODYNE LTD.",X,STK,44,44,40.15,40.41,40.38,42,19,1789,73615,
500247,"KOTAK MAHINDRA BANK LTD.",A,STK,363.1,370,363.1,367.95,367.95,375.4,37655,2559259,942860122,
500248,"KRISHNA FILAMENT INDUSTRIES LI",XT,STK,6.06,6.06,6.06,6.06,6.06,6,1,10,60,
500249,"KSB LIMITED",A,STK,800,835.15,793.75,798.9,794,811.3,3929,55882,45555484,
500250,"L.G.BALAKRISHNAN & BROS.LTD.",B,STK,1774.05,1791.55,1729.85,1738.15,1735,1813.05,193,785,1382906,
500251,"TRENT LTD.",A,STK,3612.8,3612.8,3475,3481.6,3481.6,3638.95,3010,17014,59921983,
500252,"LMW Limited",A,STK,14200,14466,14000,14217.1,14300,14399.5,185,504,7209562,
500253,"LIC HOUSING FINANCE LTD.",A,STK,499,499.25,482.15,483.2,485.35,501.55,1929,107714,52958862,
500257,"LUPIN LTD.",A,STK,2290,2294,2242,2253.9,2261,2302.55,2124,16974,38440334,
500259,"LYKA LABS LTD.",B,STK,53.9,53.9,52.5,52.5,52.5,54.37,52,2216,117191,
500260,"THE RAMCO CEMENTS LIMITED",A,STK,947,965.25,936,945,945,983,440,4570,4363266,
500262,"HYBRID FINANCIAL SERVICES LIMI",B,STK,16.66,16.68,15.48,15.7,16.5,16.26,15,549,8698,
500264,"MAFATLAL INDUSTRIES LTD.",B,STK,122,123.25,118.65,121.05,121.05,123.1,526,35438,4312861,
500265,"MAHARASHTRA SEAMLESS LTD.",A,STK,560,567.2,550.55,555,552.5,564.35,724,39845,22153690,
500266,"MAHARASHTRA SCOOTERS LTD.",A,STK,12529.8,12683,12412.75,12506.05,12521.15,12720,85,180,2254594,
500267,"MAJESTIC AUTO LTD.",X,STK,292.6,304.15,292.6,298.75,300,298.65,99,2459,735801,
500268,"MANALI PETROCHEMICAL LTD.",B,STK,45.29,46.49,45.01,45.32,45.32,46.97,404,20825,949035,
500270,"BARODA RAYON CORPORATION LTD.",X,STK,107.2,108,104,107.95,108,108,19,2744,292924,
500271,"Max Financial Services Limited",A,STK,1640.7,1649.35,1623.4,1629.85,1628.95,1668,536,8104,13227306,
500277,"MID INDIA INDUSTRIES LTD.",X,STK,5.9,6.15,5.75,5.75,5.75,6.2,13,6108,36044,
500279,"MIRC ELECTRONICS LTD.",B,STK,26.04,26.04,24.8,24.9,24.9,26.16,248,38606,968453,
500280,"CENTURY ENKA LTD.",B,STK,417.65,429.1,405.5,410.6,410.6,423.3,139,2944,1214474,
500282,"MODERN THREADS (INDIA) LTD.",B,STK,45.29,45.29,44.3,44.48,44.48,48.98,16,321,14286,
500284,"LORDS CHLORO ALKALI LTD.",B,STK,120.85,120.85,117,117,117,122.2,34,701,82545,
500285,"SPICEJET LTD.",A,STK,12.8,12.99,12.28,12.46,12.46,13.04,15227,22441611,284662601,
500288,"MOREPEN LABORATORIES LTD.",A,STK,38.06,38.12,36.92,37.06,37.06,38.65,1480,245136,9198722,
500290,"MRF LTD.",A,STK,132900,132900,130500,130575.4,130600,133805.9,185,218,28677000,
500292,"HEIDELBERGCEMENT INDIA LTD.",B,STK,153.05,153.05,148.6,149.8,150,152.95,134,28198,4228721,
500294,"NCC LIMITED",A,STK,145.15,145.4,141,142.85,143.55,146.7,1824,156205,22351291,
500295,"VEDANTA LIMITED",A,STK,668.75,688.65,660.35,665.15,665.15,679.25,21127,878781,592120966,
500296,"NAHAR SPINNING MILLS LTD.",B,STK,203.5,207.75,202.45,203.15,203.15,206.95,60,356,73020,
500298,"Naperol Investments Limited",X,STK,554.95,566,540,547.9,555,569.15,138,1558,856987,
500300,"GRASIM INDUSTRIES LTD.",A,STK,2709.95,2709.95,2600.25,2607,2607,2723.35,3103,35823,94360317,
500304,"NIIT LTD.",B,STK,64.65,65.26,62.17,62.41,62.41,66.27,421,40752,2601470,
500306,"Jaykay Enterprises Limited",B,STK,133.4,134.95,129.1,129.9,130.2,136.1,265,10172,1338024,
500307,"NIRLON LTD.",B,STK,495.1,502,489.3,493.3,493.25,504.3,193,5461,2723501,
500312,"OIL AND NATURAL GAS CORPORATIO",A,STK,264.85,271.5,262.65,269.1,269.1,264.85,12259,1685462,452415774,
500313,"OIL COUNTRY TUBULAR LTD.",B,STK,40.9,44.4,40.43,40.54,40.43,41.29,322,13261,568545,
500314,"ORIENTAL HOTELS LTD.",B,STK,88,92.85,88,90.8,90.8,92.55,265,15625,1413002,
500317,"OSWAL AGRO MILLS LTD.",B,STK,42.03,43.32,41.25,41.93,41.79,44.24,115,7872,333287,
500319,"INDIAN SUCROSE LTD.",X,STK,70.2,72.9,69.61,70.01,70.05,71.13,65,5343,378901,
500322,"PANYAM CEMENTS & MINERAL INDUS",XT,STK,120.5,120.5,120.2,120.2,120.2,126.5,5,80,9621,
500325,"RELIANCE INDUSTRIES LTD.",A,STK,1385.05,1415.8,1376.4,1385.35,1385.35,1408.5,47307,1739524,2419491742,
500327,"Pil Italica Lifestyle Limited",B,STK,7.32,7.46,7.2,7.3,7.45,7.46,36,4910,35684,
500330,"RAYMOND LTD.",A,STK,370,404.7,366.45,370.25,370.25,376.9,1945,63008,24035757,
500331,"PIDILITE INDUSTRIES LTD.",A,STK,1372.05,1372.05,1304.3,1308.85,1310,1383.7,3446,302546,401362110,
500333,"PIX TRANSMISSIONS LTD.",B,STK,1446,1459.45,1416.45,1420.85,1420,1451.9,77,898,1296095,
500335,"BIRLA CORPORATION LTD.",A,STK,831,836,811.15,815.4,816,850.9,341,4263,3513118,
500336,"SURYA ROSHNI LTD.",A,STK,207.75,209.65,203.15,204.55,205.1,211.65,374,13350,2767226,
500337,"PRIME SECURITIES LTD.",B,STK,282.5,282.5,272.35,280.1,281.6,285,26,465,130237,
500338,"PRISM JOHNSON LIMITED.",B,STK,126.65,127.35,125,125,125.2,126.4,170,11056,1389122,
500339,"RAIN INDUSTRIES LIMITED",A,STK,111.95,113.75,107.15,107.9,108.45,115.05,1266,114026,12602830,
500342,"PRUDENTIAL SUGAR CORPORATION L",B,STK,12.11,12.67,11.57,11.77,11.57,12.85,77,19660,231510,
500343,"AMJ LAND HOLDINGS LIMITED",B,STK,38.82,39.24,37.39,37.81,37.39,38.82,48,3274,124461,
500346,"PUNJAB COMMUNICATIONS LTD.",B,STK,47.66,50.43,47.66,50.4,50.4,50.5,8,2183,109728,
500350,"RSWM LTD.",B,STK,136.35,137.5,134.25,134.25,134.25,138.1,24,1071,144371,
500354,"RAJSHREE SUGARS & CHEMICALS LT",B,STK,27.56,27.67,27,27.46,27.45,27.56,39,2849,77928,
500355,"RALLIS INDIA LTD.",A,STK,243,246.7,240.1,242.35,244.4,243.65,347,9430,2299790,
500356,"SHREE RAMA NEWSPRINT LTD.",B,STK,33.62,34.67,33.5,33.99,33.99,34.37,56,3784,129027,
500357,"RAMA PAPER MILLS LTD.",Z,STK,12.96,12.96,12.96,12.96,12.96,12.35,6,20,259,
500360,"RAPICUT CARBIDES LTD.",XT,STK,145.45,147.35,137,140,140,140.45,40,3794,532635,
500365,"WELSPUN SPECIALTY SOLUTIONS LI",B,STK,34.3,35.7,34.3,34.62,34.8,35.03,281,57419,1993719,
500367,"RUBFILA INTERNATIONAL LTD.",B,STK,61.2,62.8,60.15,60.96,60.15,63.17,133,4988,305688,
500368,"Patanjali Foods Limited",A,STK,484.05,484.9,472.15,475.5,475.5,490.5,1506,40592,19364220,
500370,"SALORA INTERNATIONAL LTD.",X,STK,30.98,30.98,28.4,29.31,29.5,30.98,10,4044,119299,
500371,"SAMTEL INDIA LTD.",XT,STK,18.49,18.49,18.49,18.49,18.49,18.13,6,13765,254514,
500378,"JINDAL SAW LTD.",A,STK,191.9,197.55,188.4,189.45,189.95,198.5,2920,203182,39099180,
500380,"JK LAKSHMI CEMENT LTD.",A,STK,609,609.75,592.5,593.55,594,614.1,387,7096,4251595,
500387,"SHREE CEMENT LTD.",A,STK,23700,23700,23160.05,23335,23356.85,23905,305,821,19156369,
500388,"SHREE KRISHNA PAPER MILLS & IN",XT,STK,100,100.5,100,100,100,100,6,380,38071,
500389,"SILVERLINE TECHNOLOGIES LTD.",XT,STK,10.56,11.66,10.56,11.66,11.66,11.11,6865,10498356,117742758,
500390,"RELIANCE INFRASTRUCTURE LTD.",T,STK,77.4,78.85,75.47,75.94,75.94,79.44,1386,773558,60008469,
500400,"TATA POWER CO.LTD.",A,STK,398,404.4,393.95,398.5,398.5,400.6,15360,756888,302963743,
500402,"SPML INFRA LIMITED",B,STK,171,171,165,165.45,166.45,171.45,360,14684,2454948,
500403,"SUNDRAM FASTENERS LTD.",A,STK,804,822.5,800.05,813.7,812.5,811.45,398,9766,7916848,
500404,"SUNFLAG IRON & STEEL CO.LTD.",B,STK,217.9,217.9,212,214.6,214.1,220.85,162,4818,1038286,
500405,"SUPREME PETROCHEM LTD.",A,STK,669.9,669.9,648.6,652.15,648.6,665.45,132,1839,1209347,
500407,"SWARAJ ENGINES LTD.",B,STK,3650,3651.2,3563.4,3579.7,3587.55,3700.35,176,598,2164703,
500408,"TATA ELXSI LTD.",A,STK,4194.65,4194.65,4023,4038.1,4058.05,4206.1,2851,15263,62258230,
500410,"ACC LTD.",A,STK,1393.85,1393.85,1350,1351.85,1357,1404.15,1217,11150,15212002,
500411,"THERMAX LTD.",A,STK,3191.05,3347,3191.05,3229.1,3235,3276.3,2627,101313,333577403,
500412,"THIRUMALAI CHEMICALS LTD.",B,STK,182,183.95,171,171.95,171.95,183,1040,44780,7927344,
500413,"THOMAS COOK (INDIA) LTD.",A,STK,94.5,100.1,93.6,98.7,98.75,97.1,1261,147844,14477036,
500414,"TIMEX GROUP INDIA LTD.",B,STK,285,286.05,275.15,278.9,278.9,287.95,1667,145047,40691864,
500418,"TOKYO PLAST INTERNATIONAL LTD.",B,STK,71.11,75.69,68.22,71.1,75.69,75.99,15,566,40243,
500420,"TORRENT PHARMACEUTICALS LTD.",A,STK,4211.6,4254.95,4200,4209.15,4215,4291.75,1225,4929,20818500,
500421,"TPI INDIA LTD.",X,STK,17.47,17.47,16.52,16.64,16.52,17.14,10,2167,35887,
500422,"TRANSCHEM LTD.",XT,STK,154,154,151.85,151.85,151.85,154.9,4,281,43078,
500425,"AMBUJA CEMENTS LTD.",A,STK,425.15,435.3,418.5,420.25,420.25,441.15,3660,152085,64460775,
500426,"UTL INDUSTRIES LIMITED",X,STK,1.55,1.55,1.5,1.5,1.52,1.52,69,44212,66796,
500429,"UNIPHOS ENTERPRISES LTD.",B,STK,96,96,94.05,94.05,94.05,96,9,168,16003,
500439,"VARDHMAN HOLDINGS LTD.",B,STK,3154,3158,3096,3123,3123,3210,18,30,94066,
500440,"HINDALCO INDUSTRIES LTD.",A,STK,912,932.9,892.35,897.1,897.1,933.75,6182,193858,176435504,
500444,"West Coast Paper Mills Limited",B,STK,416,428.1,415.2,419.85,418.5,424.6,219,3509,1468851,
500449,"HINDUSTAN ORGANIC CHEMICALS LT",B,STK,29.25,29.25,26.75,27.01,27.01,29.31,271,48916,1348217,
500450,"MPIL CORPORATION LTD.",X,STK,369.25,370.45,369.25,369.9,369.9,352.85,10,49,18129,
500456,"PASUPATI ACRYLON LTD.",B,STK,44.94,46.1,44.12,44.32,44.5,46.54,168,33954,1536480,
500458,"TEAM24 CONSUMER PRODUCTS LIMIT",X,STK,29.91,29.91,28.02,28.22,28.22,29.91,6,158,4522,
500459,"PROCTER & GAMBLE HYGIENE & HEA",A,STK,9941,10001,9889,9903.9,9903.9,10024.3,426,874,8677883,
500460,"MUKAND LTD.",B,STK,124.65,129.8,124.15,125.1,124.6,126.85,256,14810,1881252,
500463,"BLACK BOX LIMITED",A,STK,497.6,515.2,496.6,500.45,502,510.6,725,16889,8538944,
500464,"UCAL LIMITED",B,STK,106.55,106.55,97,97,97,100.5,14,69,6773,
500467,"HARRISONS MALAYALAM LTD.",B,STK,170,172.2,170,170.25,170.25,171.1,49,3087,529325,
500469,"FEDERAL BANK LTD.",A,STK,266.85,269,263,266.05,267,271.45,2619,79835,21242357,
500470,"TATA STEEL LTD.",A,STK,191.5,194.2,190,190.55,190.55,195.3,25019,7797558,1506881732,
500472,"SKF INDIA LTD.",A,STK,1595.6,1595.6,1565,1569.5,1571.4,1595.95,190,1063,1671233,
500477,"ASHOK LEYLAND LTD.",A,STK,176,176.05,167.85,168.6,168.6,178.65,15983,882257,150714004,
500480,"CUMMINS INDIA LTD.",A,STK,4624.65,4668.3,4486,4500.55,4500.55,4717.7,3793,11615,52877552,
500483,"TATA COMMUNICATIONS LTD.",A,STK,1452.35,1480,1437.5,1441.15,1444.5,1498.35,985,7979,11595013,
500488,"ABBOTT INDIA LTD.",A,STK,26205.05,27088.4,26044.85,26471.35,26600,26298.35,830,1405,36905784,
500490,"BAJAJ HOLDINGS & INVESTMENT LT",A,STK,9858.4,9858.4,9641.7,9665.9,9705,9858.5,351,975,9457162,
500493,"BHARAT FORGE LTD.",A,STK,1775,1775,1701.1,1712.45,1712.45,1802.75,3050,429925,738117307,
500495,"Escorts Kubota Limited",A,STK,3065,3065,2862.35,2879.35,2901.05,3087.25,1479,9486,27706527,
500500,"HINDUSTAN MOTORS LTD.",B,STK,13.99,13.99,13.04,13.17,13.17,13.97,1985,517759,6994785,
500510,"LARSEN & TOUBRO LTD.",A,STK,3535.7,3535.7,3422.35,3435.25,3435.25,3605.25,34870,355913,1228009971,
500520,"MAHINDRA & MAHINDRA LTD.",A,STK,3159.75,3159.75,3033.05,3045.6,3045.6,3214.5,32096,296836,913005809,
500530,"BOSCH LTD.",A,STK,30599.4,30599.4,30000,30180.2,30200,30988.45,242,432,13063466,
500547,"BHARAT PETROLEUM CORPORATION L",A,STK,297.6,298.55,284.6,286,286,303.7,14644,647435,188164470,
500550,"SIEMENS LTD.",A,STK,3189.5,3189.5,3070,3077.6,3077.6,3218.45,1513,9886,30748774,
500570,"TATA MOTORS PASSENGER VEHICLES",A,STK,318.7,318.7,307.6,309.2,309.2,324.55,11800,487284,152061968,
500575,"VOLTAS LTD.",A,STK,1396.05,1405,1341.4,1348.65,1348.65,1423.1,4094,293617,403148392,
500620,"GREAT EASTERN SHIPPING CO.LTD.",A,STK,1427.55,1460,1412.2,1441.35,1441.35,1442.95,2446,37932,54426673,
500645,"DEEPAK FERTILISERS & PETROCHEM",A,STK,926.6,932.5,912.15,913.2,918.35,942.8,631,9612,8857239,
500650,"EXCEL INDUSTRIES LTD.",B,STK,871.8,877.95,865,870.2,874.7,879.85,37,153,133784,
500655,"GARWARE HI-TECH FILMS LIMITED",A,STK,3775,3847.7,3672.05,3684.6,3694.2,3881.8,502,1985,7430017,
500660,"GLAXOSMITHKLINE PHARMACEUTICAL",A,STK,2400,2421.35,2372.5,2377.65,2381.45,2435.1,271,1454,3492224,
500670,"GUJARAT NARMADA VALLEY FERTILI",A,STK,417.5,418.8,409,410.05,409.9,421.15,530,14221,5871495,
500672,"NOVARTIS INDIA LTD.",B,STK,927.95,927.95,910,917.85,916.1,928.8,207,4166,3815244,
500674,"SANOFI INDIA LTD",A,STK,3450,3458.7,3405,3408.55,3405,3462.55,212,802,2752271,
500680,"PFIZER LTD.",A,STK,4750,4766,4701.45,4723.1,4715.05,4822.85,302,818,3870016,
500690,"GUJARAT STATE FERTILIZERS & CH",A,STK,160.05,160.2,155,155.3,155.3,160.8,829,45506,7163303,
500696,"HINDUSTAN UNILEVER LTD.",A,STK,2115,2131.3,2071,2077.45,2085.95,2136.15,25364,110489,231560022,
500710,"AKZO NOBEL INDIA LIMITED",A,STK,2881.5,2892.85,2780.55,2785.1,2780.55,2919.75,164,1002,2845264,
500730,"NOCIL LTD.",B,STK,146,146,139.5,140,140.65,147.55,324,20335,2900977,
500770,"TATA CHEMICALS LTD.",A,STK,649.85,650.6,635,637.5,637.5,650.35,1411,20016,12896392,
500777,"TAMILNADU PETROPRODUCTS LTD.",B,STK,83.52,83.88,81.63,81.9,82,85.89,194,10460,859190,
500780,"Zuari Industries Limited",B,STK,234.6,236.35,225.9,228.1,230,238.8,355,5256,1208638,
500790,"NESTLE INDIA LTD.",A,STK,1199.9,1201.2,1177.7,1188.2,1191.55,1204.35,3081,21686,25690522,
500800,"TATA CONSUMER PRODUCTS LIMITED",A,STK,1056,1067.85,1039.85,1043.7,1047.45,1072.5,1639,28554,29923895,
500820,"ASIAN PAINTS LTD.",A,STK,2218.65,2240,2180.8,2186.55,2186.55,2262.65,20251,67885,149310978,
500825,"BRITANNIA INDUSTRIES LTD.",A,STK,5754.25,5832.5,5645.5,5679.3,5718,5884.9,554,2561,14630808,
500830,"COLGATE-PALMOLIVE (INDIA) LTD.",A,STK,1934.4,1934.4,1885.6,1889.55,1889.55,1942,3169,22512,42903468,
500840,"EIH LTD.",A,STK,318.2,319.9,312,313.6,317.9,322.85,608,48141,15254446,
500850,"INDIAN HOTELS CO.LTD.",A,STK,630.7,630.7,611.5,613.3,613.3,637.1,3291,58675,36299951,
500870,"CASTROL INDIA LTD.",A,STK,186.5,188,186,186.7,186.7,187.45,2141,161318,30155861,
500875,"ITC LTD.",A,STK,302.4,305.2,297.1,298.05,298.05,304.05,46989,1194755,358494803,
500877,"APOLLO TYRES LTD.",A,STK,411.45,424,411.45,419.4,422.95,419.95,2696,44527,18556008,
500878,"CEAT LTD.",A,STK,3495.3,3506.65,3458,3482.9,3480.05,3554.05,396,1900,6613165,
500890,"MODI RUBBER LTD.",B,STK,115,115,111,112.8,114.6,112.55,5,8,915,
500940,"FINOLEX INDUSTRIES LTD.",A,STK,177.5,177.5,172.2,174.7,174,177.5,379,115544,20206329,
501148,"DALAL STREET INVESTMENTS LTD.",XT,STK,359.85,359.85,359.85,359.85,359.85,367.15,1,1,359,
501150,"CENTRUM CAPITAL LTD.",B,STK,21.55,23.82,21.55,23.42,23.79,22.88,109,27629,624497,
501151,"KARTIK INVESTMENTS TRUST LTD.",XT,STK,1855.5,1855.5,1855.5,1855.5,1855.5,1767.15,1,1,1855,
501242,"TCI FINANCE LTD.",T,STK,13.99,14.25,13.45,14.25,14.25,13.99,13,611,8597,
501295,"INDUSTRIAL INVESTMENT TRUST LT",B,STK,134,134.6,130.05,131,131,133.25,72,195,25922,
501298,"INDUSTRIAL & PRUDENTIAL INVEST",B,STK,5269.95,5390.9,5215.05,5266,5266,5283,15,41,217194,
501301,"TATA INVESTMENT CORPORATION LT",A,STK,618.05,620.75,608.05,609.8,609.8,625.5,1661,32554,20005739,
501311,"JAYABHARAT CREDIT LTD.",X,STK,16.53,16.53,16.53,16.53,16.53,16.53,1,1,16,
501314,"PRISMX GLOBAL VENTURES LIMITED",X,STK,0.58,0.6,0.56,0.59,0.59,0.59,136,196456,113135,
501343,"MOTOR & GENERAL FINANCE LTD.",B,STK,20.72,20.72,20.2,20.55,20.56,20.6,3,551,11408,
501370,"WALCHAND PEOPLEFIRST LTD.",X,STK,104.95,104.95,100,100,100,101.1,7,207,20954,
501391,"W.H.BRADY & CO.LTD.",X,STK,568.65,568.65,524,527.2,544.75,551.5,23,295,155691,
501421,"TechNVision Ventures Limited",X,STK,6300,6350,5958,5959.15,5959,6271.3,47,604,3641793,
501423,"SHAILY ENGINEERING PLASTICS LT",A,STK,2297.9,2385,2268.4,2294.35,2294.35,2353.2,3979,42922,100409767,
501425,"The Bombay Burmah Trading Corp",A,STK,1527.25,1536.65,1509.15,1511.65,1518,1541.1,423,3091,4702531,
501455,"GREAVES COTTON LTD.",A,STK,137.4,137.4,132.45,133.35,134.35,139.1,1160,47039,6332218,
501477,"MULLER & PHIPPS (INDIA) LTD.",X,STK,215,215,209.05,209.05,209.05,220.05,8,73,15296,
501622,"AMALGAMATED ELECTRICITY CO.LTD",X,STK,45.34,45.34,45.34,45.34,45.34,45.34,2,10,453,
501700,"INDIANIVESH LTD.",X,STK,8.25,8.44,7.65,8.12,8.15,8.05,49,8394,67220,
501831,"COASTAL CORPORATION LTD.",B,STK,43.2,45.82,43.2,43.5,43.5,44.2,50,1860,83880,
501833,"CHOWGULE STEAMSHIPS LTD.",X,STK,18.98,18.98,18.02,18.75,18.75,18.53,17,262,4898,
501848,"GLOBAL OFFSHORE SERVICES LTD.",X,STK,46.99,50.97,46.59,47.91,47.91,46.54,156,57343,2727385,
501945,"DHENU BUILDCON INFRA LTD.",Z,STK,7.61,7.76,7.61,7.61,7.61,7.76,24,2717,20678,
502015,"ASI INDUSTRIES LIMITED",X,STK,24.9,25.5,24,24.64,24.64,24.94,109,12711,313422,
502090,"SAGAR CEMENTS LTD.",B,STK,173,175.7,170.55,172.85,173,175.6,145,4937,850417,
502137,"DECCAN CEMENTS LTD.",B,STK,650.5,651.4,643,644.7,646.95,660.05,9,81,52409,
502157,"MANGALAM CEMENT LTD.",B,STK,813.3,819.9,799.55,804.8,804.3,829.35,287,3486,2828043,
502168,"NCL INDUSTRIES LTD.",B,STK,176.65,177.2,170.5,171.1,172.7,180.45,379,8649,1505218,
502175,"SAURASHTRA CEMENT LTD.",B,STK,60.18,60.73,59.77,59.88,60.05,60.28,47,636,38213,
502180,"SHREE DIGVIJAY CEMENT CO.LTD.",B,STK,61.5,62.53,59.8,60.43,60.66,62.48,142,4793,292317,
502219,"BOROSIL RENEWABLES LIMITED",A,STK,429.1,431.7,411.85,414.15,414.15,436.9,712,19612,8311444,
502250,"LERTHAI FINANCE LIMITED",XT,STK,453,453,453,453,453,476.7,2,25,11325,
502281,"TRIVENI GLASS LTD.",X,STK,6.37,6.55,6.01,6.06,6.4,6.45,58,5071,31259,
502294,"NILACHAL REFRACTORIES LTD.",X,STK,44.61,44.61,44.61,44.61,44.61,42.49,25,1774,79138,
502330,"ANDHRA PAPER LIMITED",B,STK,61.2,62.2,60.8,61.08,61.08,62.2,111,1636,100265,
502355,"BALKRISHNA INDUSTRIES LTD.",A,STK,2153.25,2175.05,2100,2121.3,2128.95,2171.8,663,4763,10147467,
502420,"ORIENT PAPER & INDUSTRIES LTD.",B,STK,16.52,16.52,15.8,15.82,15.89,16.52,215,16971,271997,
502445,"CITADEL REALTY AND DEVELOPERS",X,STK,37,39.39,37,38.66,38.59,37,24,1337,51682,
502448,"ROLLATAINERS LTD.",T,STK,1.34,1.34,1.25,1.31,1.31,1.29,34,36084,46836,
502450,"SESHASAYEE PAPER & BOARDS LTD.",B,STK,262.95,269.3,256.4,258.35,258.35,264.5,105,5422,1412798,
502587,"NATH INDUSTRIES LIMITED",X,STK,43.2,45.49,43.2,45,45,45.3,14,1663,75349,
502589,"VAPI ENTERPRISE LIMITED",X,STK,95.55,95.55,95.55,95.55,95.55,91,6,71,6784,
502820,"DCM LTD.",B,STK,61.8,61.8,60.7,61.16,61.41,63,29,262,16013,
502865,"FORBES & COMPANY LTD.",X,STK,320.5,325,316,320.1,319.5,323,51,625,200603,
502873,"H.P.COTTON TEXTILE MILLS LTD.",X,STK,103.15,105,100,105,105,103.15,17,175,18185,
502893,"UNITED INTERACTIVE LTD.",X,STK,67.99,67.99,67.89,67.89,67.89,63.55,4,14,950,
502901,"JAMSHRI REALTY LIMITED",X,STK,78.5,78.5,74.03,75.09,75,78.88,29,730,55043,
502933,"KATARE SPINNING MILLS LTD.",X,STK,98.5,98.5,98.5,98.5,98.5,100,1,1,98,
502937,"KESORAM INDUSTRIES LTD.",T,STK,7.74,8.27,7.56,8.19,8.04,7.88,266,208569,1717462,
502958,"LAKSHMI MILLS COMPANY LTD.",X,STK,7260.05,7300,7175,7192.2,7175,7390,25,42,303850,
502986,"VARDHMAN TEXTILES LTD.",A,STK,545,545,526.1,528.65,528,551.1,861,18207,9761220,
503031,"PENINSULA LAND LTD.",B,STK,15.43,15.49,14.88,15.09,15.05,15.45,204,17871,272018,
503100,"THE PHOENIX MILLS LTD",A,STK,1591.6,1601.2,1562.8,1572.95,1565.8,1627.75,1855,49139,78513171,
503101,"MARATHON NEXTGEN REALTY LTD.",B,STK,410.7,418.45,407.5,412.55,407.5,423.5,167,12402,5151639,
503162,"RELIANCE CHEMOTEX INDUSTRIES L",B,STK,114.4,115,113,113,113,115.5,3,11,1262,
503169,"RUBY MILLS LTD.",B,STK,200.25,204.15,199.5,200.8,199.95,200.55,50,658,132161,
503229,"SIMPLEX REALTY LTD.",X,STK,136.9,136.9,123.9,123.9,123.9,130.4,3,5,658,
503310,"Swan Corp Limited",A,STK,334.15,338.75,323,324.85,324.85,347.4,1544,73834,24406446,
503349,"VICTORIA MILLS LTD.",X,STK,5900,6009.9,5835,6009.9,6009.9,5900.7,13,16,94502,
503624,"SVARAJ TRADING & AGENCIES LTD.",XT,STK,8,8,7.41,7.76,7.5,7.8,35,3399,26053,
503635,"SHREE SALASAR INVESTMENT LTD.",XT,STK,509.05,509.05,509.05,509.05,509.05,484.85,1,1,509,
503641,"ZODIAC VENTURES LIMITED",X,STK,1.38,1.39,1.33,1.38,1.39,1.38,152,121029,164971,
503657,"VEER ENERGY & INFRASTRUCTURE L",X,STK,12.75,12.75,11.1,11.62,11.88,11.73,75,9827,116909,
503659,"SW INVESTMENTS LTD",XT,STK,74.4,74.4,74.4,74.4,74.4,78.3,7,1220,90768,
503663,"Tilak Ventures Limited",X,STK,0.91,0.91,0.87,0.89,0.89,0.92,570,1016703,903134,
503675,"WAGEND INFRA VENTURE LIMITED",X,STK,1.01,1.01,1,1,1,1.01,13,5732,5788,
503681,"ELCID INVESTMENTS LTD.",B,STK,95750,96900.05,95055.05,95582.4,95798.95,96314.85,45,54,5159529,
503685,"MEDIAONE GLOBAL ENTERTAINMENT",Z,STK,17.4,17.4,16.24,16.24,16.24,17.09,14,6936,112672,
503722,"BANSWARA SYNTEX LTD.",B,STK,112.6,112.6,109.35,110.9,111.5,112.15,98,715,79378,
503776,"MODIPON LTD.",X,STK,35.14,35.14,29.96,33.33,32,32,10,61,1846,
503804,"SHRI DINESH MILLS LTD.",X,STK,226.65,232,225,226.1,226,233.6,63,1657,376293,
503806,"SRF LTD.",A,STK,2514.95,2537.25,2469,2479.85,2478.4,2568.1,1484,9433,23512776,
503811,"SIYARAM SILK MILLS LTD.",B,STK,481.05,488.6,467.95,471.95,470.5,490.55,230,3013,1431042,
503816,"SWADESHI POLYTEX LTD.",X,STK,35.75,35.75,33.75,34.85,34.89,35.75,28,1986,68033,
503837,"SHREE RAJASTHAN SYNTEX LTD.",X,STK,12.96,12.96,12.87,12.87,12.87,12.35,7,207,2667,
503863,"SHREE MANUFACTURING CO.LTD.",X,STK,20.09,20.09,20.08,20.08,20.08,20.5,3,981,19703,
503960,"BHARAT BIJLEE LTD.",A,STK,2339.3,2370,2300,2313.9,2307,2374.15,219,1082,2532908,
504000,"ELPRO INTERNATIONAL LTD.",B,STK,87.5,88.88,86.99,87.97,87.97,88.01,183,34393,3022646,
504028,"GEE LTD.",X,STK,63.1,63.67,63,63.1,63.1,63.8,43,8786,554000,
504036,"HIND RECTIFIERS LTD.",B,STK,1489,1525.95,1475.05,1499.2,1500,1524.55,305,1464,2195918,
504058,"INDO-NATIONAL LTD.",B,STK,280,326,279.5,294.6,296,286.7,418,3594,1094927,
504067,"ZENSAR TECHNOLOGIES LTD.",A,STK,575,575,555,558.75,560.55,579.3,882,16189,9093695,
504076,"JYOTI LTD.",X,STK,63.9,63.9,60.3,60.57,60.3,63.31,122,13349,820382,
504080,"JSL INDUSTRIES LTD.",X,STK,969.45,969.5,969.45,969.5,969.5,969.5,9,21,20359,
504084,"KAYCEE INDUSTRIES LTD.",X,STK,810.05,840,788.05,800.4,805,833.35,151,1231,998150,
504092,"INDOKEM LTD.",T,STK,510.1,529.85,484.7,527.3,527.3,510.2,184,6081,3163339,
504093,"PANASONIC ENERGY INDIA COMPANY",X,STK,278.05,281,267,272.45,272.45,278.85,184,1915,527663,
504112,"NELCO LTD.",B,STK,585,601,585,586.85,585,609.1,267,4833,2853011,
504132,"PERMANENT MAGNETS LTD.",X,STK,657.6,664.9,618.6,640.5,640.5,657.55,363,6906,4434799,
504176,"HIGH ENERGY BATTERIES (INDIA)",X,STK,525,534.95,520,522.1,522.1,539.65,408,8568,4495817,
504180,"STANDARD BATTERIES LTD.",XT,STK,42.06,42.06,40,42,42,42.06,8,170,6960,
504212,"UNIVERSAL CABLES LTD.",B,STK,645,665,629.95,638,652,653.45,346,3522,2284845,
504220,"W.S.INDUSTRIES (INDIA) LTD.",B,STK,67.92,69.42,67.62,68.76,68.9,68.12,35,7326,503563,
504240,"DELTON CABLES LTD.",X,STK,446,469.95,435,436.1,436.1,447.2,161,6175,2739051,
504258,"LAKSHMI ELECTRICAL CONTROL SYS",X,STK,765.45,780,750,751.35,750,765.6,57,919,699674,
504273,"MODULEX CONSTRUCTION TECHNOLOG",Z,STK,21.4,21.4,21,21.06,21.28,20.42,10,5790,123157,
504286,"DELTA MANUFACTURING LIMITED",B,STK,56.98,56.98,53.65,53.65,53.65,56.23,20,320,17534,
504340,"Longspur International Venture",X,STK,6.27,6.27,6.27,6.27,6.27,6.39,10,10126,63490,
504341,"RAVINDRA ENERGY LIMITED",B,STK,134.65,136.75,130.05,133.4,133,136.05,51,4413,591771,
504351,"EMPOWER INDIA LTD.",X,STK,1.12,1.12,1.08,1.1,1.1,1.12,1120,2802217,3082143,
504356,"MULTIPURPOSE TRADING & AGENCIE",X,STK,7.63,8.42,7.62,8.42,8.42,8.02,4,165,1269,
504369,"GRANDMA TRADING & AGENCIES LTD",X,STK,0.49,0.49,0.49,0.49,0.49,0.49,6,15274,7484,
504375,"SOFTBPO GLOBAL SERVICES LTD.",P,STK,309.95,314.2,299.95,299.95,299.95,299.25,10,1000,312347,
504378,"NYSSA CORPORATION LIMITED",X,STK,2.32,2.34,2.21,2.31,2.32,2.31,64,42228,96915,
504380,"FLOMIC GLOBAL LOGISTICS LIMITE",X,STK,44.3,44.3,41.22,43.28,44.13,43.59,52,1640,70821,
504392,"KRISHNA VENTURES LIMITED",XT,STK,19.65,20.62,18.67,19.03,20.62,19.65,17,56232,1054903,
504397,"GANESH HOLDINGS LTD.",XT,STK,95,97,88.3,95.98,95.98,92.9,25,299,26743,
504605,"UNI ABEX ALLOY PRODUCTS LTD.",X,STK,2947.1,2947.1,2805,2806.75,2806,2947.1,79,524,1477104,
504614,"SARDA ENERGY & MINERALS LTD.",A,STK,520.1,521.05,507.65,509.95,507.65,526.85,396,8619,4426788,
504646,"BHAGWATI AUTOCAST LTD.",X,STK,489,500,472.05,484.55,484.55,491.3,42,594,292301,
504648,"BOMBAY WIRE ROPES LTD.",X,STK,41.06,41.06,38.35,40.28,40.28,40.24,21,4493,176960,
504731,"AZAD INDIA MOBILITY LIMITED",X,STK,95.94,95.94,88.07,91.31,92.99,92.4,102,6847,634844,
504741,"INDIAN HUME PIPE CO.LTD.",B,STK,317.5,326.2,317.5,322.1,322.3,323.15,89,728,233815,
504746,"INDIAN LINK CHAIN MANUFACTURES",XT,STK,1308.4,1316.4,1278,1315.7,1316.4,1253.75,136,5082,6593387,
504786,"INVESTMENT & PRECISION CASTING",X,STK,533.95,535.95,510,516.6,523.95,523.15,125,2020,1043286,
504810,"INFORMED TECHNOLOGIES INDIA LT",X,STK,81.9,89.8,80.01,84.99,85,76.12,33,1215,100734,
504840,"KAIRA CAN CO.LTD.",X,STK,1247,1247,1247,1247,1247,1247,1,45,56115,
504879,"ORIENT CERATECH LIMITED",B,STK,38.95,40.35,37.7,37.78,37.78,38.23,144,6880,270607,
504882,"NATIONAL STANDARD (INDIA) LTD.",B,STK,1400,1400,1400,1400,1400,1407.5,1,1,1400,
504903,"RATHI STEEL & POWER LTD.",X,STK,17.74,17.9,16.5,17.25,17.25,17.4,302,59412,1042689,
504908,"Duncan Engineering Limited",X,STK,371.95,410,371.95,400,400,364.6,51,1302,514567,
504918,"SANDUR MANGANESE & IRON ORES L",B,STK,187,187,179.75,180.3,181.65,188.25,1363,68981,12597801,
504959,"STOVEC INDUSTRIES LTD.",X,STK,1662,1699.85,1615,1628.15,1662.95,1684.45,88,906,1503848,
504973,"CHOLAMANDALAM FINANCIAL HOLDIN",A,STK,1494.95,1494.95,1407.1,1428.6,1428.6,1498.3,1434,11284,16193188,
504988,"WELCAST STEELS LTD.",X,STK,679.45,679.45,670,670,670,680,7,133,89331,
505010,"AUTOMOTIVE AXLES LTD.",B,STK,1716.35,1724.9,1654.95,1662.1,1678.2,1736.7,89,484,821347,
505029,"ATLAS CYCLES (HARYANA) LTD.",B,STK,83,85.06,82.09,82.64,82.09,83.67,14,1540,127340,
505036,"AUTOMOBILE CORPORATION OF GOA",B,STK,1603,1628.95,1550.5,1587.6,1587.6,1647.8,208,2356,3740232,
505075,"SETCO AUTOMOTIVE LTD.",B,STK,16.56,17.29,15.72,15.8,16.41,16.48,42,20960,341177,
505160,"TALBROS AUTOMOTIVE COMPONENTS",B,STK,238.8,242.35,233.85,235.15,236.55,245.45,207,10948,2604332,
505163,"Z.F.STEERING GEAR (INDIA) LTD.",X,STK,680,680,666.55,670.85,670,682.1,98,13860,9316182,
505192,"SML Mahindra Limited",B,STK,4134.95,4160,3951.95,3954.55,3954.55,4159.9,1512,13092,52698939,
505196,"TIL LTD.",B,STK,189.7,195.1,189.7,190.45,190.4,189.3,144,4574,882734,
505200,"EICHER MOTORS LTD.",A,STK,6928,6944,6750,6792.05,6804.7,7028.65,6525,23764,162475550,
505212,"JAINEX AAMCOL LTD.",X,STK,117.95,117.95,110,110.1,110,112.9,18,1462,161980,
505216,"ALFRED HERBERT (INDIA) LTD.",X,STK,2584,2599.95,2544.05,2553.05,2544.05,2581.5,14,69,177705,
505232,"VELJAN DENISON LIMITED",X,STK,912,912,893.95,908,908,912,24,134,120474,
505242,"DYNAMATIC TECHNOLOGIES LTD.",B,STK,9695.05,9737.9,9459.45,9506.25,9484,9825.15,528,1033,9935627,
505250,"G. G. Dandekar Properties Limi",X,STK,60.7,61.8,57.31,59.4,59.4,59.5,27,4545,269057,
505255,"GMM PFAUDLER LTD.",A,STK,868.85,886.5,863,880.7,882.75,871.75,248,4998,4372100,
505283,"KIRLOSKAR PNEUMATIC CO.LTD.",A,STK,1040.05,1070,1032.85,1056.45,1057.2,1058.3,358,3438,3628984,
505299,"KPT INDUSTRIES LIMITED",X,STK,443,444.95,423,424.85,425,449.35,319,12998,5621619,
505302,"LAKSHMI ENGINEERING AND WAREHO",X,STK,1800,1800,1800,1800,1800,1820,4,130,234000,
505324,"MANUGRAPH INDIA LTD.",B,STK,13.19,13.5,12.11,12.39,12.39,13.06,40,2149,28090,
505336,"HARSHIL AGROTECH LIMITED",X,STK,0.4,0.4,0.38,0.38,0.39,0.4,608,3140039,1226746,
505343,"MONOTYPE INDIA LTD.",X,STK,0.41,0.42,0.4,0.41,0.41,0.41,450,994819,405380,
505355,"NESCO LTD.",B,STK,1046,1056.25,1035,1041.7,1045.55,1066.1,194,1197,1253283,
505358,"INTEGRA ENGINEERING INDIA LTD.",X,STK,141,141,132,133.55,134,141.15,299,29380,4036258,
505368,"Semac Construction Limited",B,STK,289.45,289.9,270.1,275,275,280.7,22,334,95820,
505400,"TEXMACO INFRASTRUCTURE & HOLDI",B,STK,88.12,89.05,86.53,88.66,89.05,88.15,23,1374,120386,
505412,"WENDT (INDIA) LTD.",B,STK,6600.65,6759.15,6595,6635.65,6635.65,6766.4,664,1858,12318963,
505502,"PS IT INFRASTRUCTURE & SERVICE",X,STK,1.29,1.29,1.29,1.29,1.29,1.31,10,1369,1766,
505504,"GHV INFRA PROJECTS LIMITED",XT,STK,305,306,286,293.6,294,296.1,303,2602,774972,
505509,"RESPONSIVE INDUSTRIES LTD.",B,STK,157.15,157.4,150.6,152,152,158,83,1857,284524,
505515,"SHYAMKAMAL INVESTMENTS LTD.",X,STK,11.95,13.2,11,12.24,12.5,12.41,92,18555,213472,
505523,"MAHARASHTRA CORPORATION LTD.",X,STK,0.33,0.33,0.31,0.31,0.32,0.32,246,795257,249084,
505526,"DOLAT ALGOTECH LIMITED",B,STK,72.79,73.92,72,72.05,72.12,74.17,74,10386,756926,
505533,"WESTLIFE FOODWORLD LIMITED",A,STK,439.95,439.95,428.15,430.9,431.3,440.1,342,2264,978928,
505537,"ZEE ENTERTAINMENT ENTERPRISES",A,STK,76,76,73.6,73.96,73.96,76.85,2096,370507,27757055,
505590,"SVP GLOBAL TEXTILES LIMITED",T,STK,2.52,2.62,2.52,2.6,2.6,2.65,16,2051,5211,
505650,"SKYLINE MILLARS LTD.",X,STK,16.99,16.99,15.6,16.01,16,16.4,28,2490,40039,
505681,"BIMETAL BEARINGS LTD.",X,STK,529.95,530,522,523.95,525,532.55,13,149,78723,
505688,"BHARAT GEARS LTD.",B,STK,97.8,98.8,95.3,95.75,95.3,99.5,40,446,43296,
505690,"BRADY & MORRIS ENGINEERING CO.",X,STK,740,770,726.2,727.55,726.2,753.9,36,252,190012,
505693,"La Tim Metal & Industries Limi",X,STK,9.81,10.07,9.6,9.7,9.84,10.23,127,31232,304550,
505700,"ELECON ENGINEERING CO.LTD.",A,STK,391,393.05,381,381.8,381.8,398,1688,54555,21073592,
505710,"GRAUER & WEIL (INDIA) LTD.",B,STK,58.5,59.95,56.9,57.83,57.83,59.05,1078,278620,16263939,
505712,"HIM TEKNOFORGE LIMITED",X,STK,193.9,193.9,188,188.75,189.55,190.5,44,2080,393493,
505714,"GABRIEL INDIA LTD.",A,STK,859.35,862.05,825.5,837.1,855,872.45,1690,27511,23227600,
505720,"Hercules Investments Limited",B,STK,107.75,107.8,100.8,102.95,104.75,108.6,332,20027,2084603,
505725,"ALGOQUANT FINTECH LIMITED",B,STK,56.6,56.6,54.16,54.75,55.01,56.97,1114,258566,14438515,
505726,"IFB INDUSTRIES LTD.",B,STK,1009,1015.3,982,985.3,982,1026.05,262,2941,2937623,
505729,"SINGER INDIA LTD.",B,STK,75.9,75.9,69.15,70.53,70.53,76.47,1551,71546,5161799,
505737,"INTERNATIONAL COMBUSTION (INDI",X,STK,407.95,407.95,399,400.3,404.95,402.35,63,3896,1561632,
505744,"FEDERAL-MOGUL GOETZE (INDIA) L",B,STK,391.95,392.65,375.25,376.35,378,399.9,156,3456,1324913,
505750,"JOSTS ENGINEERING CO.LTD.",X,STK,220.3,227.05,217,219.75,219.75,221.9,154,11474,2558823,
505790,"Schaeffler India Limited",A,STK,3980.05,4029.1,3931.5,3956.35,3960,4051.85,609,2911,11559615,
505800,"RANE HOLDINGS LTD.",B,STK,1080.15,1090,1056.35,1061.65,1056.35,1117.2,47,301,324895,
505807,"ROLCON ENGINEERING CO.LTD.",P,STK,659,659,659,659,659,659,1,50,32950,
505827,"SNL BEARINGS LTD.",X,STK,343.5,345,336.25,337.45,336.25,343.5,24,355,121046,
505840,"JAIPAN INDUSTRIES LTD.",XT,STK,33.75,33.75,33.75,33.75,33.75,35.52,41,2725,91968,
505850,"MANGAL CREDIT AND FINCORP LTD.",B,STK,168.85,169.45,164,166.1,166.9,169.35,92,6495,1094927,
505854,"TRF LTD.",B,STK,221,235.2,221,229.35,229.35,239.35,88,1605,374575,
505872,"WPIL LTD.",B,STK,379.5,390,375.25,384.3,384.3,382,3284,38257,14696481,
505890,"KENNAMETAL INDIA LTD.",B,STK,2125,2238.95,2120.05,2208.85,2166,2158.85,751,9579,21104441,
505893,"HINDUSTAN HARDY LIMITED",X,STK,805,805,712,732.35,732.35,808,94,932,705620,
505978,"TRITON VALVES LTD.",X,STK,3398.95,3398.95,3327.95,3340.4,3385,3417.2,44,217,726981,
506003,"SUDAL INDUSTRIES LTD.",X,STK,54.27,54.27,52.1,54,54,54,28,2384,126027,
506022,"PRAKASH INDUSTRIES LTD.",B,STK,119.15,124.65,118.2,120.4,121.25,122.5,365,28624,3491274,
506076,"GRINDWELL NORTON LTD.",A,STK,1411.8,1436.45,1386.85,1395.8,1395.8,1435.2,479,3004,4236778,
506105,"STANROSE MAFATLAL INVESTMENTS",X,STK,55.52,69.9,55.52,64,64,63.2,91,13307,817376,
506109,"GENESYS INTERNATIONAL CORPORAT",B,STK,270,296.35,268,269.9,268,276.75,739,37112,10293900,
506122,"Kairosoft AI Solutions Limited",XT,STK,43.1,44.2,42,44.17,44.17,42.25,15,3308,142327,
506128,"PARNAX LAB LTD.",X,STK,119.5,119.5,112.25,115.2,115.2,120,40,7184,836013,
506134,"GOURMET GATEWAY INDIA LIMITED",X,STK,8.2,8.2,7.88,7.88,7.88,8.29,135,106549,843132,
506146,"VISAGAR POLYTEX LTD.",B,STK,0.59,0.59,0.55,0.57,0.55,0.58,35,112715,64244,
506166,"APIS INDIA LTD.",XT,STK,57.58,57.58,55.5,56.45,56,57.53,163,10395,586157,
506180,"EMERGENT INDUSTRIAL SOLUTIONS",XT,STK,434.4,434.4,425,425,425,413.75,4,23,9803,
506184,"KANANI INDUSTRIES LTD.",B,STK,1.39,1.4,1.25,1.34,1.35,1.4,73,34364,46347,
506186,"GALAXY SUPERMARKET LIMITED",X,STK,15.02,15.6,14.5,14.94,15.59,15.02,26,16210,244628,
506194,"ARIHANT SUPERSTRUCTURES LIMITE",B,STK,220.25,220.35,218.05,218.05,218.1,222.6,33,347,75688,
506197,"BLISS GVS PHARMA LTD.",B,STK,211,214,206,207.3,208.85,215.8,760,33248,7004213,
506222,"Styrenix Performance Materials",A,STK,1965,1990.4,1927.7,1948.35,1940.45,1985,157,1551,3059837,
506235,"ALEMBIC LTD.",B,STK,80,81,78,78.56,78.6,81.49,367,22033,1746873,
506248,"AMINES & PLASTICIZERS LTD.",B,STK,152,168.8,143.55,168.8,168.8,149.9,6,14,2114,
506260,"ANUH PHARMA LTD.",B,STK,73,78,73,74.54,74.54,76.9,91,3402,258162,
506261,"MODISON LIMITED",B,STK,124,125,122,122.45,122.2,124.9,48,1123,138999,
506285,"BAYER CROPSCIENCE LTD.",A,STK,4429.75,4555,4429.75,4464.85,4482.25,4484.2,491,1743,7841363,
506365,"STARSOURCE MULTITRADE LIMITED",X,STK,85.5,86.85,83,83.05,83.05,86.81,7,550,46992,
506373,"CITURGIA BIOCHEMICALS LTD.",XT,STK,175.75,175.75,175.75,175.75,175.75,167.4,12,576,101232,
506390,"Sudarshan Colorants India Limi",B,STK,317.65,324.55,313,314.6,314,322.15,198,4994,1584835,
506395,"COROMANDEL INTERNATIONAL LTD.",A,STK,2025,2025,1965.15,1972.75,1970,2022.55,646,21267,42430801,
506401,"DEEPAK NITRITE LTD.",A,STK,1400,1403.75,1380.95,1383.05,1385.95,1414.35,2275,14755,20508608,
506405,"DMCC SPECIALITY CHEMICALS LIMI",B,STK,215.4,220.05,213.75,215.45,213.75,218.05,68,483,104635,
506414,"FERMENTA BIOTECH LIMITED",X,STK,339.95,349.95,339.95,341.5,341.95,346.05,227,16572,5725381,
506480,"GOCL Corporation Limited",B,STK,239,240.2,236.15,237.25,238,242.45,73,2795,664409,
506520,"JAYSHREE CHEMICALS LTD.",X,STK,6.11,6.11,5.61,5.74,5.87,5.88,80,6363,37146,
506525,"KANORIA CHEMICALS & INDUSTRIES",B,STK,60.06,64.99,60.06,60.61,61,63.91,80,2394,148829,
506528,"KELTECH ENERGIES LTD.",X,STK,3165,3166.1,3005.65,3122.45,3105.05,3198.15,109,462,1437338,
506532,"NITTA GELATIN INDIA LTD.",X,STK,800.95,815,785.4,804.95,815,807.7,95,4267,3412617,
506543,"M.P.AGRO INDUSTRIES LTD.",XT,STK,8.24,8.65,8.24,8.5,8.5,8.24,8,212,1750,
506579,"AG VENTURES LIMITED",B,STK,95.4,98.75,93.1,93.6,93.1,96.25,350,16429,1572843,
506590,"PCBL Chemical Limited",A,STK,251.65,253.4,244.35,245.55,245.55,256.45,2579,127871,31579027,
506597,"AMAL LTD.",B,STK,491,495,465.55,468.7,468.7,492.1,540,10194,4902341,
506605,"POLYCHEM LTD.",X,STK,2005,2005,2005,2005,2005,2079.95,1,5,10025,
506618,"PUNJAB CHEMICALS AND CROP PROT",B,STK,1040.5,1040.5,1030.2,1032.05,1033.55,1049.2,53,159,164328,
506640,"ZR2 BIOENERGY LIMITED",X,STK,93,101.45,92.4,92.5,92.5,97.25,27,1614,149713,
506642,"SADHANA NITROCHEM LTD.",B,STK,1.54,1.54,1.54,1.54,1.54,1.62,88,73958,113895,
506655,"SUDARSHAN CHEMICAL INDUSTRIES",A,STK,800,810.15,765.05,770.85,774.4,816.45,326,2257,1770221,
506680,"TECIL CHEMICALS & HYDRO POWER",B,STK,11.25,13,11.25,13,13,12.99,8,437,5457,
506685,"ULTRAMARINE & PIGMENTS LTD.",B,STK,403.35,403.35,380,387.5,387.5,403.35,409,16470,6484861,
506687,"TRANSPEK INDUSTRY LTD.",X,STK,994,1012,960,981.2,1009,998.8,112,2147,2103282,
506690,"UNICHEM LABORATORIES LTD.",B,STK,320.9,321.1,308.05,311,311,320.85,199,1974,616587,
506734,"MYSORE PETRO CHEMICALS LTD.",X,STK,87.87,87.87,81.01,82.66,82.66,87.87,81,2524,210867,
506767,"ALKYL AMINES CHEMICALS LTD.",A,STK,1344.95,1344.95,1281.05,1284.65,1288.2,1349.85,418,2531,3298718,
506808,"TUTICORIN ALKALI CHEMICALS AND",X,STK,49,50.25,47.76,48.02,48,49.65,151,9509,459683,
506820,"ASTRAZENECA PHARMA INDIA LTD.",A,STK,8413,8452.95,8345.5,8354.45,8348.45,8495.7,97,243,2038862,
506852,"Primo Chemicals Limited",B,STK,17.98,18.58,17.6,17.97,17.97,18.26,162,69824,1270691,
506854,"TANFAC INDUSTRIES LTD.",B,STK,1660,2017.05,1650,1913.2,1913.2,1680.9,3574,44876,84817594,
506858,"GUJARAT PETROSYNTHESE LTD.",X,STK,60,60,58.4,59.99,60,60,7,247,14665,
506863,"SWADESHI INDUSTRIES LEASING CO",XT,STK,104.1,104.1,98.9,98.9,100,104.1,146,8635,856494,
506879,"GUJARAT THEMIS BIOSYN LTD.",B,STK,277.9,283,274.8,275,274.8,284.65,245,4400,1234154,
506906,"Saptak Chem And Business Limit",XT,STK,46.45,46.56,42.14,46,46,44.35,57,5901,269988,
506919,"MAKERS LABORATORIES LTD.",X,STK,165,171,147,157.8,162.5,155.7,227,16613,2686435,
506935,"CONTINENTAL CHEMICALS LTD.",X,STK,63.74,63.74,63.74,63.74,63.74,67.09,1,10,637,
506943,"J.B.CHEMICALS & PHARMACEUTICAL",A,STK,2115.65,2115.65,2070.4,2085.1,2082.6,2115.65,314,1826,3811913,
506979,"APT PACKAGING LTD.",X,STK,145.4,147.7,135,143.95,147.7,140.7,21,1257,182628,
506981,"BLUE CHIP TEX INDUSTRIES LTD.",X,STK,120,123.4,111.4,113,113,120,38,1235,144581,
507155,"JAGATJIT INDUSTRIES LTD.",X,STK,133.7,134,131.5,131.8,132,133.7,129,8925,1184850,
507180,"KESAR ENTERPRISES LTD.",X,STK,4.94,4.95,4.6,4.68,4.68,4.85,73,46671,224815,
507205,"TILAKNAGAR INDUSTRIES LTD.",A,STK,448.25,452.05,430,434.4,434.4,451.7,1493,49184,21714532,
507265,"Emerald Leisures Limited",X,STK,190,190,179.5,179.9,179.9,180.05,13,518,94264,
507300,"The Ravalgaon Sugar Farm Limit",X,STK,871,970,870,879.7,888,908,27,320,282255,
507315,"SAKTHI SUGARS LTD.",B,STK,14.55,14.6,13.3,14.16,14.52,14.62,53,5914,84164,
507410,"WALCHANDNAGAR INDUSTRIES LTD.",B,STK,145.55,148.35,145,145.55,145.1,150.25,755,44082,6474528,
507438,"IFB AGRO INDUSTRIES LTD.",B,STK,720.05,751,703.45,719.7,737,719,226,1467,1059673,
507474,"KOTHARI FERMENTATION & BIOCHEM",X,STK,37,38.49,36.5,37.03,37.08,37.76,28,7085,263064,
507488,"G.M.BREWERIES LTD.",B,STK,995.55,1027.7,990.05,997.85,1000.2,1029.15,397,2600,2618407,
507490,"RANA SUGARS LTD.",B,STK,11.99,11.99,11.3,11.51,11.6,11.5,546,37807,437793,
507498,"PICCADILY SUGAR & ALLIED INDUS",X,STK,31.5,32.24,30.89,31.17,31.47,31.23,45,4832,150505,
507514,"SOM DISTILLERIES & BREWERIES L",B,STK,73,74.34,71.11,71.43,71.43,74.71,931,68555,4969663,
507515,"C.J.GELATINE PRODUCTS LTD.",X,STK,18.8,18.8,18.8,18.8,18.8,19.78,1,100,1880,
507526,"ASSOCIATED ALCOHOLS & BREWERIE",B,STK,740.05,745.55,720.3,721.45,721.55,744.25,279,4599,3386457,
507552,"FOODS & INNS LTD.",B,STK,53.28,54,52.75,52.98,52.9,54,116,6882,366958,
507580,"IVP LTD.",B,STK,132.2,133,132.2,133,133,128.15,2,5680,750936,
507598,"KOVILPATTI LAKSHMI ROLLER FLOU",X,STK,98,100,95.1,99,100,99,29,3355,325469,
507609,"OLYMPIC OIL INDUSTRIES LTD.",X,STK,26.53,26.53,26.53,26.53,26.53,27.9,2,100,2653,
507621,"MILKFOOD LTD.",X,STK,46.46,47.99,46.46,46.58,46.47,48.07,30,831,39115,
507645,"POLSON LTD.",X,STK,10695,10695,10315,10400,10400,10550.4,4,47,501990,
507685,"WIPRO LTD.",A,STK,191.8,192.85,187.7,188.55,188.55,194.4,20746,646589,122537360,
507690,"ORIENT BEVERAGES LTD.",XT,STK,215,215,206.6,215,214.95,215.35,10,163,34659,
507717,"DHANUKA AGRITECH LTD.",B,STK,1001.65,1008.45,970,974.45,1008.45,1004.05,126,619,607106,
507747,"TTK HEALTHCARE LTD.",B,STK,870,870,815.5,822.5,822.5,830.55,32,216,177496,
507753,"TGV SRAAC Limited",B,STK,82.85,85.21,81.7,82.29,82.29,83.33,924,128175,10710861,
507759,"LIME CHEMICALS LTD.",X,STK,12.55,13.1,12.55,13.1,13.1,13.1,5,417,5233,
507779,"KANPUR PLASTIPACK LTD.",B,STK,179.05,181.75,178,178.2,181.75,182.65,19,109,19430,
507785,"TAINWALA CHEMICALS & PLASTICS",B,STK,184.1,185.25,181.25,181.25,181.25,186,24,229,42241,
507789,"JAGSONPAL PHARMACEUTICALS LTD.",B,STK,184.05,184.6,181,181.5,182.6,185.15,169,10659,1952854,
507794,"KHAITAN CHEMICALS & FERTILIZER",B,STK,50.66,51.43,48.35,48.63,48.56,52.03,419,56723,2816964,
507813,"NATIONAL OXYGEN LTD.",X,STK,67.99,69.99,64.25,66.2,67.5,68.72,86,8454,568454,
507815,"GILLETTE INDIA LTD.",A,STK,7899.9,8044.95,7851.05,7983.05,7983.05,7950.9,557,1896,15067478,
507817,"WIRES & FABRIKS (SA) LTD.",X,STK,138,140,130.55,134.85,130.55,135,8,1109,152736,
507828,"ANSAL HOUSING LIMITED",X,STK,7.82,7.82,7.01,7.1,7.1,7.67,198,112055,813803,
507833,"COMPUTER POINT LTD.",X,STK,4,4.24,3.8,4.02,4.02,4,30,10777,42049,
507836,"MAC CHARLES (INDIA) LTD.",X,STK,617.95,617.95,590,607,607,592.95,11,140,83261,
507852,"ADDI INDUSTRIES LTD.",X,STK,99.95,99.95,98,99.9,99.9,97.55,10,18,1780,
507864,"PIONEER INVESTCORP LTD.",XT,STK,89.1,90.9,88,88.68,88,92.5,23,3305,293410,
507872,"ASHNOOR TEXTILE MILLS LTD.",X,STK,40.95,40.98,39,40.85,40.85,40.36,17,3070,121447,
507878,"UNITECH LTD.",B,STK,4.51,4.51,4.18,4.25,4.29,4.49,723,1971113,8521850,
507880,"V.I.P.INDUSTRIES LTD.",A,STK,332,333.15,322.3,323.95,323.3,336.7,235,3395,1116177,
507910,"FIBERWEB (INDIA) LTD.",T,STK,35.59,37,35.3,35.68,35.3,36.32,22,1504,54003,
507912,"LKP FINANCE LIMITED",B,STK,172,176.7,168.3,170.85,170.85,172.6,357,31223,5338778,
507917,"EAST BUILDTECH LTD.",X,STK,41.51,41.51,41.51,41.51,41.51,42.16,1,1,41,
507938,"MANIPAL FINANCE CORPORATION LT",P,STK,11.48,11.48,11.48,11.48,11.48,10.94,1,100,1148,
507944,"BAJAJ STEEL INDUSTRIES LTD.",B,STK,369.8,381.9,355,371.7,373.5,370,822,14512,5360813,
507946,"KIDUJA INDIA LTD.",X,STK,15.17,15.17,13.73,15.16,15.16,14.45,15,385,5626,
507948,"KEY CORP LTD.",X,STK,66.3,68.78,65.01,68.3,68.3,65.88,28,764,49714,
507960,"GUJARAT HOTELS LTD.",X,STK,189.6,218.45,188.85,199.85,199.85,182.05,726,39462,8350506,
507962,"FYNX CAPITAL LIMITED",XT,STK,4.58,4.58,4.58,4.58,4.58,4.82,29,4309,19735,
507966,"RAS RESORTS & APART HOTELS LTD",X,STK,37.01,39.8,37,39.79,39.79,39.92,4,18,674,
507970,"PARAMOUNT COSMETICS (INDIA) LT",X,STK,35.5,36.5,35.01,36.3,36.5,36,7,331,11804,
507981,"JINDAL HOTELS LTD.",X,STK,61.1,63.99,61.1,62.95,62.1,66,13,475,30220,
507998,"SIMMONDS MARSHALL LTD.",X,STK,142.85,142.85,134,134.75,134.25,139.05,82,3177,431958,
508136,"B & A LTD.",X,STK,352.4,352.4,350,351.8,351.8,352.4,4,101,35354,
508486,"HAWKINS COOKERS LTD.",B,STK,7438.95,7679.9,7360.4,7554.25,7554.25,7381.25,385,2427,18171092,
508494,"WARREN TEA LTD.",X,STK,34.7,41.1,34.7,37.38,37.5,37.02,29,1964,76073,
508664,"BEST EASTERN HOTELS LTD.",X,STK,10.5,10.5,10.05,10.4,10.4,10.5,26,747,7717,
508807,"IST LTD.",B,STK,632,667,632,655.75,667,658.3,162,1698,1106455,
508814,"Cosmo First Limited",B,STK,635.7,653.3,616.5,620.4,623.8,641.2,652,13465,8468172,
508869,"APOLLO HOSPITALS ENTERPRISE LT",A,STK,7444.05,7444.05,7229,7262.35,7262.35,7468.95,1419,5010,36734558,
508875,"Nitin Castings Limited",X,STK,535,555,527.2,550,554.9,546.6,20,998,548156,
508905,"NEXOME CAPITAL MARKETS LIMITED",X,STK,75.96,75.96,72.08,72.28,73.99,70.21,30,693,51143,
508906,"EVEREST INDUSTRIES LTD.",B,STK,330,331.3,321.6,323.15,322.95,333.1,179,1936,628635,
508918,"IRONWOOD EDUCATION LIMITED",X,STK,40.56,42.5,40.01,41.23,40.5,41.39,38,6186,255669,
508922,"MSR INDIA LTD.",XT,STK,6.95,6.95,6.95,6.95,6.95,7.09,202,203705,1415749,
508933,"AYM Syntex Limited",B,STK,183.85,187.95,181.5,185.15,185.15,182.4,103,4564,833047,
508941,"PANASONIC CARBON INDIA CO.LTD.",X,STK,454,454,441.2,441.95,441.55,448.45,80,2756,1227341,
508954,"FINKURVE FINANCIAL SERVICES LT",B,STK,56.4,67.68,55.4,65.55,67.68,56.4,1278,61416,3791063,
508956,"HB LEASING & FINANCE CO.LTD.",X,STK,12.78,12.78,12.35,12.35,12.35,12.35,12,578,7234,
508961,"SHRICON INDUSTRIES LTD.",XT,STK,151.25,151.25,151.25,151.25,151.25,159.2,1,1,151,
508969,"SULABH ENGINEERS & SERVICES LT",X,STK,2.59,2.59,2.32,2.43,2.42,2.48,59,11664,28473,
508980,"FRONTIER CAPITAL LIMITED",X,STK,8.93,9.85,8.42,8.74,8.42,9.11,26,29089,252172,
508989,"NAVNEET EDUCATION LIMITED",B,STK,129.6,130,126.5,127.45,126.55,131.85,160,111924,14311285,
509009,"AUSOM ENTERPRISE LIMITED",T,STK,103.89,103.89,99.05,102.25,102.25,103.9,11,227,22597,
509020,"RUCHI INFRASTRUCTURE LTD.",B,STK,5.3,5.38,4.8,4.89,4.8,5.06,67,20436,101403,
509024,"GOLDEN LEGAND LEASING & FINANC",X,STK,10.25,10.44,10.25,10.43,10.39,10.25,16,6351,65341,
509026,"VJTF EDUSERVICES LTD.",X,STK,79.82,86,79.82,79.82,79.82,78.25,4,30,2555,
509040,"NETLINK SOLUTIONS (INDIA) LTD.",XT,STK,167,170,165,165.15,170,173.2,17,504,83318,
509046,"TRILIANCE POLYMERS LIMITED",XT,STK,26.74,26.75,26.74,26.75,26.75,28.03,2,131,3502,
509048,"LANCOR HOLDINGS LTD.",T,STK,21.14,21.14,19.8,20.35,20.49,20.19,12,1398,29317,
509051,"INDIAN INFOTECH & SOFTWARE LTD",X,STK,0.59,0.63,0.56,0.61,0.61,0.63,883,2452578,1496521,
509053,"BANAS FINANCE LTD.",X,STK,6.1,6.1,5.9,6.04,5.95,5.98,75,13452,81106,
509055,"VISAKA INDUSTRIES LTD.",B,STK,56.86,57.6,56.86,57.18,57.18,57.02,33,1427,81427,
509069,"INFOMEDIA PRESS LTD.",B,STK,5.49,5.49,4.6,5.13,5.1,5,9,1560,7731,
509073,"HATHWAY BHAWANI CABLETEL & DAT",X,STK,11.2,11.75,11.03,11.75,11.75,11.75,14,313,3565,
509079,"GUFIC BIOSCIENCES LTD.",B,STK,296.2,303.6,291.2,293.3,291.2,300.4,49,1041,311157,
509152,"GRP LTD.",B,STK,1719,1799,1719,1779.5,1799,1714.4,11,25,43834,
509162,"INDAG RUBBER LTD.",X,STK,90.1,93.52,89.04,91.75,92.5,90.52,113,7007,644521,
509196,"MM RUBBER COMPANY LTD.",X,STK,66.49,66.55,66.49,66.53,66.49,66.5,5,1030,68499,
509220,"PTL ENTERPRISES LTD.",B,STK,37.65,38.14,37.3,37.36,37.3,37.98,98,5712,214802,
509423,"SANATHNAGAR ENTERPRISES LIMITE",X,STK,32.97,32.97,31.37,31.65,31.65,32.97,5,3048,96856,
509438,"BENARES HOTELS LTD.",B,STK,9501.05,9569,9485.05,9501,9501,9500.35,110,286,2718305,
509449,"BHAGWATI OXYGEN LTD.",X,STK,39.9,39.9,36.98,37,37,36.98,27,460,17066,
509470,"BOMBAY OXYGEN INVESTMENTS LIMI",X,STK,21899.95,21899.95,19048.3,19507,19507,19676,19,27,538618,
509472,"CRAVATEX LTD.",X,STK,350.5,350.5,321.25,335.35,335.35,341,14,30,10215,
509480,"BERGER PAINTS INDIA LTD.",A,STK,409.5,415.7,406.85,409.55,409.55,414.95,1041,19591,8055420,
509486,"CAPRIHANS INDIA LTD.",X,STK,65.9,66,62.35,62.91,62.91,64.61,74,14234,901152,
509488,"GRAPHITE INDIA LTD.",A,STK,600.1,619.05,596.9,600,600,624.2,1349,33186,20261700,
509496,"Cemindia Projects Limited",A,STK,547,548.1,538.6,543.85,547.35,549.05,655,213226,116008103,
509525,"EMPIRE INDUSTRIES LTD.",X,STK,887.65,887.65,845,845.2,845.2,866.6,108,1470,1257703,
509546,"GRAVISS HOSPITALITY LTD.",X,STK,29.5,29.8,28,28.44,28.5,29.8,21,3509,99995,
509557,"GARWARE TECHNICAL FIBRES LIMIT",A,STK,618.75,622.85,610,613,613,629.05,197,1434,887024,
509563,"GARWARE MARINE INDUSTRIES LTD.",X,STK,25.79,25.9,24,24.49,24.79,25.38,162,15143,371671,
509567,"GOA CARBON LTD.",B,STK,306,318.5,306,306.05,306,323.05,238,863,266243,
509597,"HARDCASTLE & WAUD MFG.CO.LTD.",X,STK,686,688,686,688,688,714.95,3,53,36458,
509631,"HEG LTD.",A,STK,499.95,503.85,487.15,489.05,489.05,510.85,1040,39995,19882170,
509635,"HINDUSTAN COMPOSITES LTD.",B,STK,387,392.9,380.2,385,392.9,389.75,25,170,65631,
509675,"BIRLANU LIMITED",B,STK,1261.45,1271,1217,1222.55,1230,1280.3,153,747,928190,
509692,"INDIAN CARD CLOTHING CO.LTD.",B,STK,186.5,195,185,189.95,189.95,188.95,10,395,75169,
509709,"INTERNATIONAL CONVEYORS LTD.",B,STK,69.32,70.8,68.72,68.75,68.73,69.79,60,2085,144717,
509715,"JAY SHREE TEA & INDUSTRIES LTD",B,STK,86.54,87.84,84.5,84.62,84.62,87.5,71,4825,418504,
509732,"KOTHARI INDUSTRIAL CORPORATION",B,STK,179.55,179.55,167.5,170.35,170,175.85,83,2690,468064,
509760,"MODERN SHARES & STOCKBROKERS L",X,STK,27.61,29.6,27.56,27.56,27.56,28.22,12,170,4928,
509762,"MAPRO INDUSTRIES LTD.",XT,STK,49.5,50,49.5,50,50,50,7,100001,4990050,
509820,"HUHTAMAKI INDIA LIMITED",B,STK,163.2,164.5,160,161.35,164.5,166.05,151,3108,503933,
509835,"PREMIER SYNTHETICS LTD.",X,STK,14.75,14.75,14,14.2,14.49,14.75,7,262,3724,
509874,"SHALIMAR PAINTS LTD.",B,STK,44,46.8,44,45.64,45.64,48.07,156,6222,285771,
509887,"SINNAR BIDI UDYOG LTD.",XT,STK,912.8,912.8,912.8,912.8,912.8,869.4,1,1,912,
509895,"HINDOOSTAN MILLS LTD.",X,STK,157,157,145.45,151.05,151.95,155.5,21,1219,178731,
509930,"SUPREME INDUSTRIES LTD.",A,STK,3952.2,3968.55,3833.85,3844.5,3837.7,4004.45,567,2521,9810223,
509945,"THACKER & CO.LTD.",X,STK,869.5,869.5,855,866.9,866.9,872,8,28,24264,
509953,"TRADE WINGS LTD.",XT,STK,577,577,577,577,577,588.75,2,11,6347,
509960,"U.P.HOTELS LTD.",X,STK,1470,1470,1470,1470,1470,1479.9,1,10,14700,
509966,"VST INDUSTRIES LTD.",B,STK,225,225,217,218.95,217.8,226.45,324,11626,2568522,
510245,"SWASTI VINAYAKA SYNTHETICS LTD",X,STK,3.44,3.59,3.06,3.15,3.23,3.44,188,125682,402756,
511000,"MADHUSUDAN SECURITIES LTD.",X,STK,19.64,19.99,18,18.55,18.85,19.29,31,12757,240383,
511012,"YAMINI INVESTMENTS COMPANY LTD",XT,STK,0.69,0.69,0.67,0.68,0.68,0.69,308,237913,161144,
511018,"MILGREY FINANCE & INVESTMENT L",X,STK,55.75,57.2,53.1,53.85,54.72,54.21,318,114526,6360047,
511034,"JINDAL DRILLING & INDUSTRIES L",B,STK,474,498.35,460.05,472.95,472.95,475.25,3603,132395,63020937,
511066,"SAKTHI FINANCE LTD.",X,STK,22.94,23.11,20.6,21.1,21.5,22.66,193,25232,552684,
511076,"AEROFLEX ENTERPRISES LIMITED",B,STK,72.25,77.66,71.95,73.5,73.75,78.71,281,30307,2262543,
511092,"JMD Ventures Limited",X,STK,5.86,5.86,5.8,5.85,5.85,5.85,8,2338,13638,
511110,"V.B.DESAI FINANCIAL SERVICES L",X,STK,16.5,17.5,16.25,16.4,16.25,16.47,10,4362,72055,
511122,"FIRST CUSTODIAN FUND (INDIA) L",X,STK,82.9,82.9,81.69,81.69,81.69,77.75,2,2,164,
511131,"KAMANWALA HOUSING CONSTRUCTION",X,STK,15.36,16.17,15.32,16.17,16.17,16.5,18,9473,149676,
511147,"WSFX Global Pay Limited",X,STK,61.9,63.4,59,61.56,60.1,63.4,52,5291,327716,
511153,"Anjani Foods Limited",X,STK,16.22,16.49,14.2,14.43,14.43,16.17,138,15647,229427,
511169,"RKD AGRI AND RETAIL LIMITED",X,STK,4.15,4.15,4.15,4.15,4.15,3.99,1,2000,8300,
511176,"PARSHWANATH CORPORATION LTD.",XT,STK,90.76,90.76,82.12,82.12,82.12,86.44,4,4,337,
511187,"Millennium Online Solutions (I",X,STK,1.37,1.51,1.37,1.51,1.51,1.44,11,17716,24689,
511196,"CAN FIN HOMES LTD.",A,STK,834.55,840.35,817.1,823.6,829.3,842.55,886,15601,12967433,
511208,"IL&FS INVESTMENT MANAGERS LTD.",B,STK,7.1,7.1,6.84,6.86,6.86,6.99,191,42706,294053,
511218,"Shriram Finance Limited",A,STK,1003.1,1003.1,946.3,949.7,953,1021.45,14641,511712,495040261,
511243,"CHOLAMANDALAM INVESTMENT AND F",A,STK,1485.55,1502.8,1445.15,1454.5,1454.5,1524.9,4677,70279,103105292,
511246,"BOMBAY TALKIES LIMITED",X,STK,4.13,4.42,4.04,4.42,4.42,4.21,9,152,667,
511260,"ICONIK SPORTS AND EVENTS LIMIT",X,STK,43.89,45.65,42,43.72,43.7,43.89,122,3892,167802,
511333,"VLS FINANCE LTD.",B,STK,227.5,230.25,223,223,223,229.65,29,216,49207,
511355,"INDIA CEMENTS CAPITAL LTD.",X,STK,11.74,11.74,11.03,11.1,11.1,11.03,22,552,6166,
511359,"AD-MANUM FINANCE LTD.",X,STK,50.03,50.03,49.9,49.9,49.9,50.03,6,849,42369,
511391,"INTER GLOBE FINANCE LTD.",X,STK,51.79,51.79,51.79,51.79,51.79,51.54,1,10,517,
511411,"SHRISTI INFRASTRUCTURE DEVELOP",X,STK,29.94,29.94,25.9,26.27,28.48,27.99,12,20,556,
511413,CREST,B,STK,323.85,323.85,306.4,310,306.4,323.9,43,128,39811,
511431,"VAKRANGEE LIMITED",B,STK,6,6,5.77,5.81,5.81,6.03,452,161729,944958,
511441,"GUJARAT CREDIT CORPORATION LTD",X,STK,26.75,26.75,26.75,26.75,26.75,26.75,2,10,267,
511447,"Sylph Industries Limited",XT,STK,0.88,0.88,0.88,0.88,0.88,0.92,1516,1569067,1380778,
511451,"DHARANI FINANCE LTD.",X,STK,9.48,9.48,9.05,9.12,9.05,9.03,6,160,1481,
511463,"Alexander Stamps And Coin Limi",X,STK,7.37,8.28,7.37,8.28,8.28,8.28,22,1613,12995,
511473,"INDBANK MERCHANT BANKING SERVI",B,STK,31.4,31.54,30.87,31,31,31.39,28,1412,43952,
511493,"SHRYDUS INDUSTRIES LIMITED",X,STK,2.93,2.98,2.86,2.92,2.94,2.92,42,41313,119596,
511501,"Bharat Bhushan Finance & Commo",X,STK,20.3,21.9,20.3,20.59,20.41,21.85,59,4222,87702,
511505,"CAPITAL TRUST LTD.",T,STK,11.27,12.18,11.27,11.52,11.99,11.74,14,1624,19227,
511507,"USHAKIRAN FINANCE LTD.",X,STK,49.5,51.53,46.65,51.39,51.39,49.1,11,1086,51329,
511509,"VIVO BIO TECH LTD.",X,STK,25.64,25.64,24.51,24.68,24.99,25.14,94,12907,320682,
511523,"VEERHEALTH CARE LIMITED",X,STK,20.19,20.53,19.84,20.07,20,20,257,102721,2072277,
511525,"PAN INDIA CORPORATION LTD.",X,STK,1.64,1.65,1.6,1.63,1.63,1.63,91,21087,34298,
511533,"SAHARA HOUSINGFINA CORPORATION",X,STK,38,38.99,35.2,37.32,38,38,46,18271,678752,
511535,"NDA SECURITIES LTD.",XT,STK,38.2,39.9,38.2,38.5,38.5,40.2,10,7804,300535,
511539,"Supra Trends Limited",XT,STK,14.25,14.25,14.2,14.2,14.2,14.25,3,27,383,
511543,"GSB FINANCE LTD.",X,STK,32,35,32,34.95,35,33.86,9,552,19145,
511549,"MORARKA FINANCE LTD.",X,STK,44.37,46,44.15,45.57,46,44.37,38,918,41197,
511551,"Monarch Networth Capital Limit",B,STK,269.95,274.5,265,265,265.1,269.55,20,377,100840,
511557,"PRO FIN CAPITAL SERVICES LTD.",X,STK,3.59,3.59,3.29,3.31,3.31,3.46,776,5227222,17400994,
511559,"TEAM INDIA GUARANTY LIMITED",B,STK,260,260,246,258.75,258.75,259.9,5,53,13079,
511571,"Crescentis Capital Limited",X,STK,123.35,123.35,120.1,120.1,120.1,119,3,102,12254,
511577,"Mantra Capital Limited",X,STK,14.64,14.64,13.27,14.35,14.36,13.41,15,6856,92604,
511585,"BEFOUND MOVEMENT LIMITED",X,STK,2.9,2.9,2.8,2.8,2.8,2.85,9,81,231,
511589,"AVONMORE CAPITAL & MANAGEMENT",B,STK,12.86,13.11,12.48,12.49,12.48,13.03,277,17788,227545,
511593,"LIBORD FINANCE LTD",X,STK,18.39,18.39,18.38,18.38,18.38,17.52,5,8,147,
511601,"YASH MANAGEMENT & SATELLITE LT",X,STK,8,8,7.31,7.97,7.99,7.63,14,627,4894,
511605,"ARIHANT CAPITAL MARKETS LTD.",B,STK,70,70,67.14,68.35,68.35,70.09,209,182165,12454629,
511609,"ISL CONSULTING LTD.",X,STK,27.75,29.47,26.8,28.27,26.8,29.64,12,769,21604,
511611,"DCM FINANCIAL SERVICES LTD.",T,STK,7.04,7.04,7.04,7.04,7.04,7.41,13,1876,13207,
511626,"RR FINANCIAL CONSULTANTS LTD.",X,STK,82.87,82.87,76.86,76.86,76.86,80.9,40,2184,168481,
511628,"FEDDERS HOLDING LIMITED",B,STK,41.89,42.34,39.52,39.77,39.8,42.08,520,337519,13829977,
511630,"SAMBHAAV MEDIA LTD.",B,STK,5.95,5.95,5.69,5.69,5.69,5.98,61,11805,67318,
511636,"DJS STOCK & SHARES LTD.",X,STK,2.24,2.24,1.85,2,2,2.21,99,47359,94384,
511644,"OMEGA INTERACTIVE TECHNOLOGIES",XT,STK,57.75,57.75,53.12,54.06,54.06,55.91,136,43729,2360980,
511654,"SUGAL & DAMANI SHARE BROKERS L",X,STK,64.93,64.93,60.28,63.49,63.49,60.1,7,277,17076,
511658,"NETTLINX LTD.",X,STK,16.76,16.76,16.1,16.35,16.4,16.6,67,19602,321802,
511664,"BGIL FILMS & TECHNOLOGIES LTD.",X,STK,10.4,10.88,10.06,10.54,10.3,10.52,90,39979,413022,
511672,"Scan Steels Limited",X,STK,28.64,28.64,27.6,27.62,27.6,28.21,106,38894,1086204,
511676,"GIC HOUSING FINANCE LTD.",B,STK,144,145.55,142.95,143.15,143.3,148.15,47,580,83627,
511692,"AJCON GLOBAL SERVICES LTD.",X,STK,6.02,6.02,5.67,5.72,5.87,6.02,38,18325,104333,
511700,"STANDARD CAPITAL MARKETS LTD.",X,STK,0.51,0.51,0.5,0.5,0.5,0.52,1035,12620029,6325992,
511702,"YOGI LIMITED",X,STK,168.5,168.5,161.5,163.95,164,162,26,74797,12337861,
511710,"CUBICAL FINANCIAL SERVICES LTD",X,STK,2.08,2.08,2,2,2,2.09,28,14618,29488,
511712,"RELIC TECHNOLOGIES LTD.",X,STK,70.27,78.6,68.4,69.33,70,71.71,20,1861,130587,
511714,"NIMBUS PROJECTS LTD.",X,STK,196.95,199.95,187,199.75,199.95,191.5,70,8932,1717541,
511716,"Invigorated Business Consultin",X,STK,6.27,6.28,5.17,5.33,5.99,5.71,72,20124,117833,
511724,"BAID FINSERV LIMITED",B,STK,11,11,10.83,10.85,10.85,11,12,5463,59930,
511726,"VIPUL LTD.",T,STK,11.13,11.13,11.13,11.13,11.13,11.35,7,1483,16505,
511728,"K.Z.LEASING & FINANCE LTD.",XT,STK,20.95,20.95,18.98,18.98,18.98,19.97,5,87,1666,
511738,"MEHTA SECURITIES LTD.",X,STK,34.2,34.2,34.2,34.2,34.2,34.2,1,184,6292,
511740,"RUPAREL FOOD PRODUCTS LIMITED",X,STK,126,126,125.95,125.95,125.95,120.95,2,11,1385,
511742,"UGRO CAPITAL LIMITED",B,STK,96.05,96.05,91.45,92.15,92.7,99.25,902,107497,10109413,
511754,"SHALIBHADRA FINANCE LTD.",X,STK,89.25,94.99,87,89.69,89.69,89.34,93,12009,1067029,
511756,"ABIRAMI FINANCIAL SERVICES (IN",Z,STK,35.86,35.86,32.46,32.46,32.46,34.16,20,538,17768,
511758,"MANSI FINANCE (CHENNAI) LTD.",X,STK,70.5,70.5,65.85,67.82,70.5,70.5,7,34,2313,
511764,"Aastamangalam Finance Limited",X,STK,38.75,38.75,36.4,36.44,36.44,37.13,8,1085,39841,
511766,"MUTHOOT CAPITAL SERVICES LTD.",B,STK,197,202.45,194.45,196.3,198.2,198.65,88,2175,431089,
511768,"MASTER TRUST LTD.",B,STK,70.45,71.36,66.8,67.33,67.33,73.09,186,4940,341325,
512008,"EFC (I) LIMITED",B,STK,200.05,202.05,196,196.9,197.5,204.1,444,25399,5070101,
512014,"SOBHAGYA MERCHANTILE LTD.",X,STK,717.15,749,717.15,724.8,724.8,731.75,20,282,205792,
512018,"TOMORROW TECHNOLOGIES GLOBAL I",X,STK,8.77,9.2,8.5,9.12,9.13,8.8,74,52157,464254,
512020,"SARASWATI COMMERCIAL (INDIA) L",B,STK,9780,9780,9453.5,9589.65,9589,9900.15,37,45,431848,
512025,"BANGANGA PAPER INDUSTRIES LIMI",X,STK,52.95,60.2,51.35,55.54,55.54,54,5775,2156106,120229713,
512036,"SKYBIOTECH HEALTHCARE LIMITED",XT,STK,163.8,163.8,163.8,163.8,163.8,156.9,1,1,163,
512038,"TCC CONCEPT LIMITED",B,STK,370.3,372.8,353,357.15,355,366.75,139,1295,469378,
512047,"ROYAL INDIA CORPORATION LIMITE",X,STK,5.1,5.2,4.73,5.2,5.2,4.96,347,499121,2554347,
512048,"DHANSAFAL FINSERVE LIMITED",X,STK,3.04,3.04,2.63,2.75,2.75,2.96,168,476634,1316566,
512064,"VISHVPRABHA VENTURES LIMITED",X,STK,44,44,44,44,44,45.5,1,4000,176000,
512068,"DECCAN GOLD MINES LTD.",B,STK,97,97.65,95.05,96.05,96.05,99.2,2861,396936,38341809,
512070,"UPL LIMITED",A,STK,620,625,607.6,612.75,612.75,631.75,1257,22314,13746055,
512093,"CRANES SOFTWARE INTERNATIONAL",Z,STK,3.99,3.99,3.75,3.82,3.84,3.92,35,28582,110369,
512097,"SAIANAND COMMERCIAL LIMITED",X,STK,0.26,0.27,0.25,0.26,0.27,0.26,99,262379,68852,
512099,"EYANTRA VENTURES LIMITED",XT,STK,982,982,982,982,982,982,1,5,4910,
512103,"NIDHI GRANITES LTD.",X,STK,280,280,255.5,256.2,255.5,276,7,82,21969,
512109,"AVIVA INDUSTRIES LTD.",X,STK,59.37,59.37,59.37,59.37,59.37,60.58,2,1000,59370,
512115,"ROSE MERC.LTD.",X,STK,68.39,69.39,63.02,68.85,68.9,68.06,23,822,55366,
512131,"SIGNET INDUSTRIES LIMITED",B,STK,45.5,45.5,40.91,43.21,44,45.62,24,358,15356,
512149,"AVANCE TECHNOLOGIES LTD.",XT,STK,1.04,1.07,0.98,1.07,1.07,1.02,2958,10463173,11058471,
512161,"SECUREKLOUD TECHNOLOGIES LIMIT",B,STK,21.9,22.64,21.81,22.08,22.4,22.23,78,2282,50700,
512165,"ABANS ENTERPRISES LTD",X,STK,22.6,22.9,21.27,21.73,21.27,22.6,43,1750,38528,
512175,"VAMA INDUSTRIES LTD.",X,STK,3.77,3.77,3.33,3.58,3.55,3.45,79,37139,131125,
512179,"SUNTECK REALTY LTD.",A,STK,325.45,325.45,307.15,308.6,307.2,325.4,247,7391,2324938,
512197,"SILVER OAK COMMERCIAL LTD.",Z,STK,4.22,4.34,3.95,4.34,4.34,4.14,12,2077,8947,
512217,"PRISM MEDICO AND PHARMACY LTD.",X,STK,27,27,25.44,25.54,25.54,26.77,65,20455,525093,
512229,"VERITAS (INDIA) LTD.",XT,STK,152.1,152.1,152.1,152.1,152.1,155.2,48,1390,211419,
512237,"JAI CORP LTD.",B,STK,100.55,101.2,98.1,98.75,98.25,102.55,337,23490,2342787,
512247,"ASHIRWAD CAPITAL LTD.",X,STK,2.56,2.63,2.44,2.52,2.54,2.6,178,34729,87499,
512257,"SWASTI VINAYAKA ART AND HERITA",X,STK,3.4,3.56,3.4,3.43,3.43,3.54,71,14429,49870,
512267,"MEDIA MATRIX WORLDWIDE LTD.",B,STK,8.75,9.76,8.75,9.05,9.05,9.54,209,28983,267024,
512277,"AUTORIDERS INTERNATIONAL LTD.",XT,STK,389,389,365,366.3,366.3,370.65,47,500,189315,
512296,"BHAGYANAGAR INDIA LTD.",B,STK,148.7,148.85,144.2,144.65,144.5,150.6,175,4810,701036,
512297,"Shantai Industries Limited",XT,STK,50.4,50.4,50.4,50.4,50.4,49.42,18,6593,332287,
512301,"CHAMBAL BREWERIES & DISTILLERI",XT,STK,34.34,34.38,34.05,34.38,34.38,33.71,46,13919,478074,
512329,"SG MART LIMITED",B,STK,425.1,447.1,425.1,435.55,437.25,440.7,653,24722,10853335,
512344,"ARAVALI SECURITIES & FINANCE L",XT,STK,5.64,5.64,5.6,5.6,5.6,5.7,4,1013,5693,
512345,"YASH TRADING & FINANCE LTD.",XT,STK,169.8,169.8,162,162,162,169.8,2,2,331,
512361,"CUPID BREWERIES AND DISTILLERI",X,STK,24.69,25,23.46,23.51,23.51,24.69,352,183401,4353061,
512379,"CRESSANDA RAILWAY SOLUTIONS LI",X,STK,2.22,2.26,2.15,2.17,2.17,2.22,781,496909,1085129,
512381,"STARTECK FINANCE LIMITED",B,STK,256,256,250,250,250,255.1,17,3015,762450,
512393,"SHARDUL SECURITIES LTD.",X,STK,26.5,26.54,23.32,25.01,25.01,26.5,42,4095,104678,
512399,"SERA INVESTMENTS & FINANCE IND",X,STK,35.79,35.79,33.75,33.86,33.75,35.11,66,11291,386465,
512415,"MERCURY TRADE LINKS LTD.",X,STK,5.93,5.93,5.39,5.45,5.41,5.65,101,30457,166641,
512437,"APOLLO FINVEST (INDIA) LTD.",X,STK,375,375,365,366.35,366,375,29,163,59682,
512441,"Enbee Trade &amp; Finance Ltd",X,STK,0.47,0.47,0.41,0.42,0.42,0.47,551,2993787,1282933,
512443,"Ganon Products Limited",XT,STK,16.72,16.8,16.25,16.6,16.6,16.72,37,28892,481219,
512453,"SHRI JAGDAMBA POLYMERS LTD.",X,STK,599.5,610.4,585,593.9,598.65,599.05,39,587,349866,
512455,"LLOYDS METALS AND ENERGY LTD.",A,STK,1231.15,1231.15,1178,1184.7,1201,1245.6,1650,33847,40471530,
512463,"LLOYDS ENTERPRISES LIMITED",A,STK,47.49,47.49,45.2,45.43,45.43,47.49,660,87637,4010786,
512477,"BETEX INDIA LTD.",XT,STK,364,364,329.45,329.45,329.45,346.75,16,471,159486,
512489,"OASIS SECURITIES LTD.",X,STK,12.25,12.25,11.86,11.86,11.86,12.48,44,16380,194681,
512493,"GARNET INTERNATIONAL LTD.",XT,STK,58.5,58.95,56.01,57.46,57.46,58.9,74,16546,963539,
512499,"SHALIMAR PRODUCTIONS LTD.",X,STK,0.49,0.49,0.49,0.49,0.49,0.49,79,21758,10661,
512519,"DONEAR INDUSTRIES LTD.",B,STK,85.43,86,84.9,84.94,84.94,86.37,39,1964,167854,
512527,"SUPER SALES INDIA LTD.",X,STK,623.45,626,622.9,623.75,623.75,623.3,16,365,227648,
512529,"VIYASH SCIENTIFIC LIMITED",B,STK,193.1,194.9,189,189.9,189,195.2,343,12608,2422190,
512531,"STATE TRADING CORPORATION OF I",B,STK,112,112,106,106.75,108,114.2,541,16082,1723544,
512553,"ZENITH EXPORTS LTD.",B,STK,189,189,189,189,189,188.5,2,30,5670,
512559,"KOHINOOR FOODS LTD.",B,STK,24.5,24.5,22.3,22.51,22.64,23.53,210,4876,111286,
512565,"NEELKANTH LIMITED",X,STK,36.67,40.4,36.67,36.67,36.67,38.6,14,2360,91335,
512573,"AVANTI FEEDS LTD.",A,STK,1209,1225,1167.75,1174.85,1174.85,1230.65,2831,45909,54712234,
512587,"ZODIAC-JRD-MKJ LTD.",X,STK,36,36,32.6,33.75,33.8,33.71,50,3708,124955,
512589,"SITA ENTERPRISES LTD.",X,STK,170,170,157,166,166,159.1,33,80,12775,
512591,"PULSAR INTERNATIONAL LTD.",XT,STK,1.07,1.07,1.06,1.07,1.07,1.02,3368,23423854,25055738,
512595,"Manbro Industries Limited",XT,STK,807,891.2,807,890.65,891.2,848.8,60,778,665020,
512599,"ADANI ENTERPRISES LTD.",A,STK,1980.1,1989.1,1930,1936.95,1936.95,2007.55,8243,105586,205917599,
512600,"ASTAL LABORATORIES LIMITED",X,STK,73,79.2,69.84,72.08,74.5,72.16,218,12290,889600,
512604,"HARIA EXPORTS LTD.",X,STK,7.39,7.39,6.15,7.29,6.33,6.72,11,373,2631,
512608,"BHANDARI HOSIERY EXPORTS LTD.",B,STK,2.57,2.59,2.51,2.52,2.51,2.57,102,108867,277775,
512618,"RLF LTD.",X,STK,10.01,10.51,10.01,10.51,10.51,10.51,4,141,1417,
512624,"Regent Enterprises Limited",X,STK,5.98,5.98,5.36,5.58,5.55,5.79,57,6863,37824,
512626,"ORBIT EXPORTS LTD.",B,STK,151.5,157.55,149.05,150.05,150.05,151.5,23,793,119045,
512634,"SAVERA INDUSTRIES LTD.",X,STK,172,172,160.15,167.9,167.9,165.15,53,11605,1955845,
513005,"Chrome Silicon Limited",X,STK,41.88,48,40.99,41.02,41.02,40.97,20,890,37060,
513023,"NAVA LIMITED",A,STK,563.5,563.5,542.4,545.75,548.65,565.5,531,22531,12462005,
513043,"REMI EDELSTAHL TUBULARS LIMITE",X,STK,144,144,136,136.25,139,138.2,9,430,59194,
513059,"G.S.AUTO INTERNATIONAL LTD.",X,STK,31.98,31.98,30,30.87,30.88,31.48,52,9418,290297,
513063,"TRANS-FREIGHT CONTAINERS LTD.",X,STK,20.19,21.63,20.1,20.57,21.6,20.6,29,2107,44812,
513097,"SHIVALIK BIMETAL CONTROLS LTD.",B,STK,414,414,391.5,396.4,395.4,419.35,617,8054,3253254,
513108,"GANDHI SPECIAL TUBES LTD.",B,STK,811,818.95,800.6,801.1,800.6,828,64,216,174376,
513117,"AMFORGE INDUSTRIES LTD.",X,STK,6.8,7.4,6.5,6.98,6.98,6.82,83,26447,185894,
513121,"ORICON ENTERPRISES LTD.",B,STK,68,68,67.26,67.38,67.5,67.31,14,289,19519,
513149,"ACROW INDIA LTD.",X,STK,674.85,674.85,674.85,674.85,674.85,674.85,2,76,51288,
513173,"STEEL STRIPS INFRASTRUCTURES L",X,STK,22.25,22.25,18.26,18.79,21.08,20.46,29,2222,45314,
513228,"PENNAR INDUSTRIES LTD.",B,STK,141,144.45,138.75,139.4,139.4,143.8,809,30819,4373001,
513250,"JYOTI STRUCTURES LTD.",A,STK,10.52,10.82,10.3,10.39,10.39,10.8,868,612848,6443970,
513252,"JAY USHIN LTD.",X,STK,780,780,722.95,758.35,750,800,34,572,425794,
513262,"STEEL STRIPS WHEELS LTD.",B,STK,182.85,186.4,178.2,179.8,181.7,186.5,239,23326,4266970,
513269,"MAN INDUSTRIES (INDIA) LTD.",B,STK,380,382.2,365.55,366.5,370.5,384.75,687,13020,4896483,
513295,"IMEC SERVICES LIMITED",X,STK,161.15,161.15,148.8,148.95,151.2,156.6,165,3496,526577,
513303,"MODERN STEELS LTD.",X,STK,12.5,13.43,12.5,13.19,13.19,12.66,9,292,3664,
513307,"BELDING INDIA LIMITED",XT,STK,1960,1960,1862,1862,1862,1960,33,308,577912,
513309,"Golkonda Aluminium Extrusions",X,STK,6.73,7.19,6.56,6.79,7.1,6.86,56,24014,163101,
513337,"GUJARAT TOOLROOM LTD.",B,STK,0.52,0.54,0.51,0.53,0.53,0.52,1032,2867283,1486714,
513349,"AJMERA REALTY & INFRA INDIA LT",B,STK,114.8,114.8,108.2,109.45,110.2,115.7,317,17022,1897691,
513353,"COCHIN MINERALS & RUTILE LTD.",X,STK,224,224,215.55,218.55,222,220.35,143,4121,904248,
513361,"India Homes Limited",X,STK,14.51,14.94,14.25,14.78,14.78,14.91,446,236186,3464703,
513369,"KRISHANVEER FORGE LIMITED",X,STK,112,121.9,111.9,115.35,114,117,17,1437,165053,
513375,"CARBORUNDUM UNIVERSAL LTD.",A,STK,765.05,765.05,746.15,748.6,750.35,767.4,182,3065,2314761,
513377,"MMTC LTD.",A,STK,61.57,62.46,59.6,60.39,60.39,63.1,6673,1483249,90616114,
513397,"VALLABH STEELS LTD.",X,STK,14.26,14.26,13.9,13.9,13.9,13.59,8,1413,19887,
513418,"SMITHS & FOUNDERS (INDIA) LIMI",X,STK,4.35,4.39,4.21,4.21,4.21,4.35,78,85502,365591,
513430,"Maitri Enterprises Limited",X,STK,23.2,23.2,23.2,23.2,23.2,22.1,1,5,116,
513452,"ELANGO INDUSTRIES LTD.",X,STK,8.77,8.77,8.77,8.77,8.77,8.76,1,15,131,
513456,"KANISHK STEEL INDUSTRIES LTD.",X,STK,52.4,52.4,50,50.2,50.45,51.32,30,1592,81022,
513460,"MAHALAXMI SEAMLESS LTD.",Z,STK,8.15,8.15,8.01,8.02,8.02,8.14,6,2031,16480,
513472,"SIMPLEX CASTINGS LTD.",X,STK,470.3,490,465.05,473.5,473.5,488.8,121,21630,10319548,
513488,"SHREE STEEL WIRE ROPES LTD.",X,STK,19.84,19.84,17.3,19.66,19.66,19.05,16,240,4538,
513496,"SIZEMASTERS TECHNOLOGY LIMITED",XT,STK,298.05,301,298.05,301,301,298.05,15,187,56100,
513498,"SOUTHERN MAGNESIUM & CHEMICALS",X,STK,74.54,74.54,69.4,73.95,73.95,74.54,15,680,47988,
513502,"BARODA EXTRUSION LTD.",XT,STK,8.2,8.38,7.95,8,8.15,8.17,161,139232,1121825,
513509,"KALYANI FORGE LTD.",B,STK,597.9,597.9,586.5,589.85,589.95,574.1,7,31,18328,
513511,"PANCHMAHAL STEEL LTD.",X,STK,300.05,300.05,295,298.3,295,303,5,122,36500,
513513,"ADITYA ISPAT LTD.",X,STK,10.9,10.9,9.66,9.7,9.7,11.65,27,7123,76681,
513517,"STEELCAST LTD.",B,STK,233.7,233.75,228.4,230.55,230.25,233.35,28,441,101584,
513519,"PITTI ENGINEERING LIMITED",B,STK,780,791.8,766.75,773.7,775.15,795.9,219,1772,1383654,
513528,"GLITTEK GRANITES LTD.",XT,STK,40.72,40.72,40.72,40.72,40.72,42.86,19,262,10668,
513532,"PRADEEP METALS LTD.",X,STK,370,384,356.3,372.55,373.9,369.85,547,33815,12620631,
513536,"GUJARAT NATURAL RESOURCES LIMI",X,STK,93.3,93.3,89.1,89.7,89.7,93.65,932,68339,6172051,
513554,"MAHAMAYA STEEL INDUSTRIES LTD.",T,STK,912,937.85,902.8,929.65,930,902.8,25,446,408324,
513566,"NOVA IRON & STEEL LTD.",X,STK,12.42,12.47,11.8,11.94,11.82,12.3,21,1192,14253,
513575,"STERLING POWERGENSYS LTD",X,STK,21,21,18.81,19.35,19.8,19.45,94,9181,182601,
513599,"HINDUSTAN COPPER LTD.",A,STK,473.1,480.9,463,470.6,470.6,489.1,12283,710442,334398016,
513629,"TULSYAN NEC LTD.",X,STK,21.87,22.96,21.87,22.96,22.96,21.87,18,3977,91183,
513642,"AXEL POLYMERS LTD.",X,STK,44.95,47,42.18,46.76,46.97,42.49,24,1281,59407,
513683,"NLC India Limited",A,STK,257,271.05,257,258.95,258.9,261.7,1616,87971,23225650,
513687,"SPECTRA INDUSTRIES LTD.",Z,STK,5.25,5.25,5.25,5.25,5.25,5,11,900,4725,
513693,"KIC METALIKS LTD.",X,STK,26.35,26.35,25.5,25.78,25.61,26.65,44,6193,159964,
513699,"SOLID STONE COMPANY LTD.",X,STK,25.99,25.99,23.2,25.38,25.38,25.49,11,39,967,
513709,"SHILP GRAVURES LTD.",X,STK,164.6,167,155.1,161.7,163.5,166.2,274,8686,1413609,
513713,"White Organic Agro Limited",X,STK,3.61,3.79,3.61,3.74,3.75,3.75,37,6506,24300,
513721,"MFS INTERCORP LTD.",XT,STK,13.92,14.65,13.92,14.65,14.65,14.65,6,6292,92152,
513729,"ARO GRANITE INDUSTRIES LTD.",B,STK,24.99,24.99,23,23.16,23.01,23.61,6,309,7339,
514010,"RUDRA ECOVATION LIMITED",X,STK,18.69,18.99,18,18.45,18.5,19.1,218,530967,9797764,
514028,"RAJKAMAL SYNTHETICS LTD.",X,STK,39.84,39.84,36.85,37,37,37.54,10,59,2192,
514030,"DEEPAK SPINNERS LTD.",X,STK,108.05,112.1,105.55,106.7,106.25,113.45,100,5822,627404,
514043,"HIMATSINGKA SEIDE LTD.",B,STK,80.5,80.8,78,78.61,79.25,82.12,716,59864,4762618,
514045,"BSL LTD.",B,STK,122.15,125.6,119.7,120.15,120.15,122.1,15,108,13326,
514060,"NEWTRAC FOODS & BEVERAGES LIMI",X,STK,4.65,4.65,4.3,4.45,4.48,4.41,36,5024,22225,
514087,"PBM POLYTEX LTD.",X,STK,49.06,50,47.01,48.97,49.85,49.75,34,17513,872776,
514113,"ADINATH TEXTILES LTD.",XT,STK,17.05,17.9,17.05,17.9,17.9,17.05,11,7185,125359,
514138,"SURYALATA SPINNING MILLS LTD.",X,STK,323.1,323.1,312,315.05,315,333.5,20,555,174787,
514142,"T T LTD.",T,STK,8.99,9.25,8.7,9.17,8.83,8.87,15,863,7655,
514162,"WELSPUN LIVING LIMITED",A,STK,114.05,114.05,111.8,113.1,113.05,115.2,617,43922,4968631,
514165,"INDIAN ACRYLICS LTD.",X,STK,4.39,4.77,4.39,4.64,4.77,4.52,164,47133,215969,
514167,"GANESHA ECOSPHERE LTD.",A,STK,823.95,832.2,815.1,820.1,817.8,835.95,413,4808,3953888,
514171,"CEETA INDUSTRIES LTD.",XT,STK,46.39,46.39,44,44,44,44.47,7,334,14790,
514175,"VARDHMAN POLYTEX LTD.",T,STK,7.42,7.95,7.42,7.6,7.55,7.71,41,3474,26835,
514177,"RISHAB SPECIAL YARNS LTD.",XT,STK,54,58.88,54,58.88,58.88,56.08,2,98,5526,
514183,"BLACK ROSE INDUSTRIES LTD.",X,STK,72.1,74.82,72.1,73.5,73.37,74.82,492,19488,1425995,
514197,"S&T CORPORATION LTD.",X,STK,4.05,4.05,3.95,4.05,4.05,4.05,24,3646,14605,
514211,"SUMEET INDUSTRIES LTD.",B,STK,31.15,31.5,29.83,29.86,29.86,31.39,141,19999,607728,
514223,"RAMGOPAL POLYTEX LTD.",XT,STK,18.9,19.5,17.85,19.11,18.75,18.75,14,1245,23068,
514234,"SANGAM (INDIA) LTD.",B,STK,432.2,448.9,428.85,438.3,435.05,440.35,34,218,95981,
514238,"MKVENTURES CAPITAL LIMITED",X,STK,841.15,849,802.05,802.5,802.5,845.2,41,419,344697,
514240,"Kush Industries Limited",X,STK,5.86,6.14,5.56,5.87,5.76,6.06,38,6703,39592,
514248,"SREECHEM RESINS LTD.",P,STK,29.5,29.5,29.5,29.5,29.5,29.62,1,200,5900,
514260,"SURBHI INDUSTRIES LTD.",X,STK,52.18,52.18,52.18,52.18,52.18,49.7,11,850,44353,
514266,"ZENITH FIBRES LTD.",X,STK,48.5,50.5,45.01,50.45,50.45,48.5,35,2069,103446,
514272,"BHILWARA SPINNERS LTD.",X,STK,110,110,109.85,109.9,109.9,110.3,3,56,6159,
514274,"VARVEE GLOBAL LIMITED",B,STK,61.33,61.33,58.7,58.7,58.7,60.02,11,1043,61442,
514280,"SANRHEA TECHNICAL TEXTILES LTD",X,STK,148.9,148.9,147.9,147.9,147.9,141.45,3,14,2076,
514286,"ASHIMA LTD.",B,STK,14.24,14.29,13.81,14.07,14.24,14.5,85,21647,304507,
514300,"PIONEER EMBROIDERIES LTD.",B,STK,25.1,25.1,24.24,24.63,24.25,24.54,24,21679,537138,
514302,"VIPPY SPINPRO LTD.",X,STK,147.05,147.05,147.05,147.05,147.05,147.05,1,1,147,
514312,"JAIHIND SYNTHETICS LTD.",XT,STK,48,48,48,48,48,48.02,1,100,4800,
514316,"RAGHUVIR SYNTHETICS LTD.",X,STK,107.05,110.95,104.6,105.4,105.4,111,26,5939,640470,
514322,"KAMADGIRI FASHION LTD.",X,STK,77.65,84.55,74.75,76.06,76.06,83.78,18,108,8430,
514324,"OMNITEX INDUSTRIES (INDIA) LTD",XT,STK,720,725.8,693.35,720,720,729.8,9,294,207045,
514326,"PATSPIN INDIA LTD.",X,STK,6.11,6.49,6.05,6.08,6.08,6.1,76,6637,40726,
514330,"ONE GLOBAL SERVICE PROVIDER LI",X,STK,545.5,570.7,520,556.35,556.35,566.35,1126,28720,15535956,
514332,"NEO INFRACON LTD.",X,STK,43.31,43.31,41.01,43.25,43.25,43.52,19,1262,52760,
514336,"GENESIS IBRC INDIA LIMITED",XT,STK,102.35,102.35,102.35,102.35,102.35,102.4,1,1,102,
514348,"WINSOME YARNS LTD.",Z,STK,1.81,1.81,1.81,1.81,1.81,1.78,8,2800,5068,
514354,"PREMIER POLYFILM LTD.",B,STK,58.2,59.63,56.61,57.63,58,59.22,387,33262,1927910,
514358,"EVERLON FINANCIALS LIMITED",X,STK,101,101,82.1,90.23,93.62,87.46,16,120,11245,
514360,"K&R RAIL ENGINEERING LIMITED",X,STK,23.47,23.47,22.25,23.13,23.13,23.05,443,78566,1814924,
514378,"YARN SYNDICATE LTD.",X,STK,12.36,13.42,12.21,12.57,12.57,13.22,26,2044,25462,
514386,"GUJARAT COTEX LTD.",X,STK,8.67,8.97,7.31,8.29,8.42,8.69,329,87449,721976,
514400,"GARWARE SYNTHETICS LTD.",XT,STK,18.5,18.5,18.45,18.45,18.45,19.41,4,19,351,
514402,"ECO HOTELS AND RESORTS LIMITED",X,STK,11.9,12.2,11,11.15,11.15,11.72,120,65537,735067,
514412,"SARUP INDUSTRIES LTD.",XT,STK,147.85,147.85,133.85,147.8,147.8,140.85,10,252,33884,
514414,"OXFORD INDUSTRIES LTD.",XT,STK,11.26,11.26,11.26,11.26,11.26,11.04,4,473,5325,
514418,"MANGALAM ORGANICS LIMITED",B,STK,428.2,428.2,394.9,398.1,398.1,402.85,35,192,76527,
514428,"HINDUSTAN ADHESIVES LTD.",X,STK,304.75,304.75,284,285.25,285,299.9,114,2891,832360,
514440,"Blue Pearl Agriventures Limite",B,STK,31.78,31.78,31.78,31.78,31.78,33.45,43,1838,58411,
514442,"SRI KPR INDUSTRIES LTD.",X,STK,18.2,20.3,18.2,19.7,19.7,18.57,20,11375,208940,
514448,"JYOTI RESINS & ADHESIVES LTD.",B,STK,782,794.9,777,781.8,781.8,781.9,1133,21153,16594518,
514450,"MAHALAXMI RUBTECH LTD.",B,STK,173.5,174,161.55,163.7,161.55,187.5,49,1045,172559,
514454,"SOUTHERN LATEX LTD.",X,STK,30.4,30.4,27.83,29.89,29.9,29.29,26,1300,37296,
514470,"WINSOME TEXTILE INDUSTRIES LTD",B,STK,70,70.05,67.04,67.14,68.99,69.04,36,2415,167192,
515008,"MODERN INSULATORS LTD.",X,STK,222.1,225.75,218.05,219.4,219.4,229.5,659,50998,11244067,
515018,"REGENCY CERAMICS LTD.",B,STK,39.15,39.15,39.15,39.15,39.15,39.95,1,500,19575,
515030,"ASAHI INDIA GLASS LTD.",A,STK,862,874.3,820,842.85,842.85,865.3,1821,33037,28134169,
515037,"MURUDESHWAR CERAMICS LTD.",B,STK,30.3,30.56,29.55,29.71,30.3,30.1,112,3115,93116,
515043,"SAINT-GOBAIN SEKURIT INDIA LTD",B,STK,92,93.62,92,92.6,92.87,93.07,370,52016,4816624,
515055,"ANANT RAJ LIMITED",A,STK,459.9,462,446.05,447.7,447.7,471.2,9137,236512,107349716,
515059,"MADHUSUDAN INDUSTRIES LTD.",X,STK,30.1,30.1,30.07,30.07,30.07,32.06,7,1031,31002,
515085,"RESTILE CERAMICS LTD.",X,STK,5.75,6.48,5.75,5.98,6.26,6.28,41,2886,17253,
515093,"MADHAV MARBLES & GRANITES LTD.",B,STK,34,34.5,33,34.2,33,35.74,50,20040,686157,
515147,"HALDYN GLASS LTD",X,STK,81,81,77.6,78.6,79.38,81.96,293,31848,2525509,
516003,"DUROPLY INDUSTRIES LIMITED",X,STK,132.95,132.95,124,124.35,124,129.25,31,1003,125016,
516016,"SHREYANS INDUSTRIES LTD.",B,STK,139.9,161.5,139.9,154.2,154,140,108,3866,602836,
516020,"AGIO PAPER & INDUSTRIES LTD.",X,STK,3.7,3.7,3.7,3.7,3.7,3.89,10,950,3515,
516022,"STAR PAPER MILLS LTD.",B,STK,132.3,133.7,131,131.1,131,133.4,38,385,50830,
516030,"PAKKA LIMITED",B,STK,86.8,86.8,82,83.27,83.27,87.1,180,8646,723678,
516032,"TAHMAR ENTERPRISES LIMITED",X,STK,6.4,6.7,6.1,6.25,6.25,6.36,60,13397,85677,
516038,"KS Smart Technologies Limited",XT,STK,220,222.3,214,222,222,211.8,47,2147,471422,
516062,"NATIONAL PLYWOOD INDUSTRIES LT",Z,STK,5.24,5.24,5.24,5.24,5.24,5.34,2,2,10,
516064,"Arrow Greentech Limited",B,STK,387.5,396.8,384.5,388.45,385.35,400.25,199,1838,715363,
516072,"VISHNU CHEMICALS LTD.",B,STK,513.8,517.2,499.95,505,508.85,518.25,138,3634,1847756,
516078,"JUMBO BAG LTD.",X,STK,57.5,60,56.05,56.22,59.75,58.5,16,537,30564,
516082,"N.R.AGARWAL INDUSTRIES LTD.",B,STK,418,418,407.15,409.55,410,430.7,10,11,4541,
516092,"3P LAND HOLDINGS LTD.",B,STK,33.41,37.2,31.85,32.04,32.5,31.51,21,132,4305,
516098,"VENTURA TEXTILES LTD.",X,STK,7.29,7.98,7.29,7.7,7.7,7.29,31,6570,51049,
516106,"SHREE KARTHIK PAPERS LTD.",X,STK,5.72,6.99,5.52,6.24,6.24,5.84,51,4727,28606,
516108,"SOUTH INDIA PAPER MILLS LTD.",X,STK,88.65,90.8,82.5,88.18,88.18,88,39,5567,493012,
516110,"FAMILY CARE HOSPITALS LIMITED",X,STK,2.97,2.98,2.8,2.82,2.91,2.9,171,44450,127209,
517015,"VINDHYA TELELINKS LTD.",B,STK,1098.3,1120.55,1061.1,1072,1070,1120.95,115,1001,1094010,
517035,"RIR POWER ELECTRONICS LIMITED",B,STK,154.9,154.9,148.5,152.8,152.8,155.85,1683,101377,15343646,
517041,"ADOR WELDING LTD.",B,STK,970,970,934.4,935.4,936,971.45,361,2202,2086148,
517059,"SALZER ELECTRONICS LTD.",B,STK,552.2,556.25,541.7,545.6,546,559.15,290,5097,2794780,
517063,"JETKING INFOTRAIN LTD.",X,STK,115.5,119.8,115.5,119.45,119.5,115.5,38,1355,161184,
517077,"IND-AGIV COMMERCE LTD.",X,STK,36.31,36.31,36.31,36.31,36.31,38.19,1,1,36,
517096,"APLAB LTD.",X,STK,73.95,73.95,67,67.76,69.87,67.68,47,2158,147602,
517119,"PCS TECHNOLOGY LTD.",X,STK,18.84,18.84,18.07,18.14,18.84,18.84,6,167,3052,
517146,"USHA MARTIN LTD.",A,STK,407.5,407.5,394.85,396.65,397.5,412.2,713,26083,10469263,
517166,"SPEL SEMICONDUCTOR LTD.",X,STK,137,139,135.1,135.85,136.45,139.7,853,31953,4370877,
517168,"SUBROS LTD.",B,STK,689.9,691.05,670,673.35,675,697.45,281,2162,1477722,
517170,"Edvenswa Enterprises Limited",X,STK,22.3,22.38,20.5,20.95,21,22.02,92,41414,904045,
517174,"HONEYWELL AUTOMATION INDIA LTD",A,STK,29000,29099,28400,28489.45,28460,29218.25,131,183,5254085,
517201,"SWITCHING TECHNOLOGIES GUNTHER",XT,STK,82.44,82.44,74.6,79.3,79.3,78.52,9,617,48363,
517206,"LUMAX INDUSTRIES LTD.",B,STK,5121.05,5140.45,4900.05,4953.85,4989.95,5276.15,354,1444,7252960,
517214,"DIGISPICE TECHNOLOGIES LIMITED",B,STK,17.18,17.49,16.81,16.88,16.93,17.18,63,2901,49538,
517236,"CALCOM VISION LTD.",X,STK,77.38,79.79,73.5,74.09,74.5,77.18,79,7936,590152,
517238,"DYNAVISION LTD.",X,STK,158.5,158.5,158.3,158.3,158.3,156.75,2,2,316,
517246,"BCC FUBA INDIA LTD.",X,STK,123,123,111.55,112.7,113.45,123.9,716,45664,5227593,
517258,"PRECISION ELECTRONICS LTD.",X,STK,143.8,145,137.7,138.15,138.15,143.8,7,214,30765,
517264,"FINE-LINE CIRCUITS LTD.",X,STK,80.67,81.89,80.67,81.71,81.89,80.67,10,52,4247,
517271,"HBL ENGINEERING LIMITED",A,STK,658.25,675.5,655.5,658.65,661,680.55,3562,78861,52545201,
517273,"S&S POWER SWITCHGEAR LTD.",T,STK,339.5,339.5,339.5,339.5,339.5,339.6,2,10,3395,
517286,"RNIT AI SOLUTIONS LIMITED",XT,STK,54.98,54.98,50.56,52.33,52,52.75,285,128455,6799821,
517288,"Gujarat Poly Electronics Limit",X,STK,55.31,56.4,54,55.28,54.5,55.31,36,1226,67763,
517300,"GUJARAT INDUSTRIES POWER CO.LT",B,STK,132,134.5,130.5,130.8,130.8,134.7,175,16209,2139424,
517320,"MAGNUS STEEL AND INFRA LIMITED",XT,STK,63.01,63.01,63.01,63.01,63.01,64.29,9,212,13358,
517334,"Samvardhana Motherson Internat",A,STK,114.3,115,111.1,111.85,111.85,117.75,4102,492686,55708323,
517336,"MODERN MALLEABLES LTD.",P,STK,16.29,16.29,16.29,16.29,16.29,15.52,1,100,1629,
517344,"MINDTECK (INDIA) LTD.",B,STK,172.6,183,172.6,174.7,175.7,185.65,213,6190,1098381,
517354,"HAVELLS INDIA LTD.",A,STK,1320.05,1326.05,1290.05,1295.55,1296.15,1342.65,1124,12239,15946816,
517356,"ACI INFOCOM LTD.",XT,STK,1.22,1.27,1.22,1.23,1.22,1.21,103,222058,277219,
517360,"SBEC SYSTEMS (INDIA) LTD.",X,STK,19,19,18.5,18.69,18.95,19.25,5,137,2541,
517370,"INCAP LTD.",X,STK,90,90,81,82.23,81,90.35,13,1222,100543,
517372,"GUJARAT INTRUX LTD.",X,STK,437,449.2,433.15,443.9,444.7,437.2,167,7152,3169304,
517380,"IGARASHI MOTORS INDIA LTD.",B,STK,315,319.15,304,306,306,317.3,45,2702,833185,
517385,"SYMPHONY LIMITED",B,STK,801.25,804.7,780.25,782.15,782.15,816.95,706,9348,7411870,
517393,"REGANTO ENTERPRISES LIMITED",Z,STK,8.45,8.45,7.65,7.9,7.9,8.05,223,136124,1083338,
517397,"PAN ELECTRONICS INDIA LTD.",X,STK,36.21,36.22,32.78,36.22,36.22,34.5,23,7735,265652,
517399,"VXL INSTRUMENTS LTD.",XT,STK,3.29,3.29,2.99,3.05,3.05,3.14,7,666,2008,
517411,"SHYAM TELECOM LTD.",B,STK,8.37,9.65,7.5,7.82,8.73,8.21,25,2205,17304,
517415,"LEE & NEE SOFTWARES (EXPORTS)",XT,STK,7.59,7.99,7.38,7.42,7.41,7.74,38,7489,56903,
517417,"PATELS AIRTEMP (INDIA) LTD.",X,STK,224,224,215.2,219.05,215.75,224.2,146,5245,1152485,
517421,"BUTTERFLY GANDHIMATHI APPLIANC",B,STK,592.6,688.2,583.05,669.5,670,592.35,3790,49725,32852729,
517429,"Athena Global Technologies Lim",X,STK,65.24,68,63.5,64.2,66.55,65.41,37,3104,200308,
517431,"NARMADA MACPLAST DRIP IRRIGATI",X,STK,16.48,16.97,15,15.62,15.79,16.03,508,84571,1335089,
517437,"DUTRON POLYMERS LTD.",X,STK,105.95,106,105,105,105,101.25,4,536,56741,
517447,"R.S.SOFTWARE INDIA LTD.",B,STK,30,30,27.2,27.23,27.2,28.48,102,44088,1224744,
517449,"MAGNA ELECTRO CASTINGS LTD.",X,STK,894.95,910,892,900.9,893.05,909.6,45,4899,4412517,
517467,"MARSONS LIMITED",B,STK,138,140,132.05,133.3,133,138.3,744,37386,5086942,
517477,"ELNET TECHNOLOGIES LTD.",X,STK,317,327,311.1,315.4,315.2,321.1,24,1163,369511,
517494,"ACCEL LIMITED",X,STK,11.96,11.96,11.1,11.47,11.47,11.44,48,7134,81463,
517498,"WEBSOL ENERGY SYSTEM LTD.",A,STK,60.33,64.7,59.63,62.18,62.18,62.16,3065,576886,35914715,
517500,"ROTO PUMPS LTD.",B,STK,57.03,57.1,55.5,55.68,55.68,58.01,264,11238,634468,
517506,"TTK PRESTIGE LTD.",A,STK,473.45,500,473.45,484.5,484.5,478.25,1677,40197,19674601,
517514,"D&H INDIA LTD",X,STK,241.35,253.75,232.4,235.75,235.75,237.15,1163,102573,24912571,
517522,"RAJRATAN GLOBAL WIRE LTD.",B,STK,380,383.3,365.95,370.05,369,388.25,126,1653,622581,
517530,"SURANA TELECOM AND POWER LIMIT",B,STK,18.5,18.5,17.17,17.17,17.24,17.47,37,3047,53028,
517536,"ONWARD TECHNOLOGIES LTD.",B,STK,249,249,235.55,237.85,237.45,248,156,5262,1267792,
517544,"CENTUM ELECTRONICS LTD.",B,STK,2780.65,2839,2711.6,2719.7,2732.7,2839.2,292,1484,4111046,
517546,"ALFA TRANSFORMERS LTD.",X,STK,43.15,43.99,40.2,41.66,41.66,44.03,308,32792,1376327,
517554,"NHC FOODS LTD.",X,STK,0.75,0.78,0.74,0.77,0.77,0.76,311,732945,553362,
517556,"PVP VENTURES LTD.",B,STK,25.45,25.47,24.56,24.86,24.56,25.57,30,4307,107854,
517562,"TRIGYN TECHNOLOGIES LTD.",B,STK,49,50.42,47.45,48.06,48.48,50.2,381,23236,1140589,
517569,"KEI INDUSTRIES LTD.",A,STK,4312.05,4333,4186.35,4212.35,4221.95,4390.9,5027,73510,310504359,
518011,"KEERTHI INDUSTRIES LTD.",X,STK,52,54,48.6,49.76,51.8,56.96,47,2325,117423,
518053,"Sri Chakra Cement Limited",X,STK,39,40,38.19,40,40,40.2,26,318,12206,
518075,"SURAJ PRODUCTS LTD.",Z,STK,223.45,223.45,203.75,213.6,213.6,214.45,83,5532,1155510,
518091,"ANJANI PORTLAND CEMENT LTD.",B,STK,112.3,117.75,109.9,110.05,110.05,112.85,35,1078,120689,
519003,"MODI NATURALS LIMITED",B,STK,282.75,291,282.75,287.45,287.45,282.75,6,48,13886,
519014,"PRASHANT INDIA LTD.",XT,STK,12.88,14.21,12.88,14.21,14.21,13.54,5,291,3835,
519064,"KHANDELWAL EXTRACTION LTD.",XT,STK,105,112.3,105,112.3,112.3,107,11,237,26468,
519091,"TASTY BITE EATABLES LTD.",B,STK,6842,6842,6828.25,6828.25,6828.25,6910.2,2,10,68296,
519097,"RITESH INTERNATIONAL LTD.",X,STK,54,54,51,53.08,51.5,55.1,42,3446,182893,
519105,"AVT NATURAL PRODUCTS LTD.",B,STK,62.4,62.4,59.44,59.65,59.99,61.53,223,5448,331248,
519126,"HINDUSTAN FOODS LTD.",B,STK,486.2,486.2,472.45,477.85,480.35,486.1,119,1964,942098,
519136,"NAHAR INDUSTRIAL ENTERPRISES L",B,STK,90.85,90.9,89.4,89.75,89.4,90.85,27,1164,104889,
519152,"VADILAL ENTERPRISES LTD.",X,STK,9900,9945,9880,9880,9880,10037,14,19,188490,
519156,"VADILAL INDUSTRIES LTD.",B,STK,4653.95,4659.4,4554,4578.4,4554,4686.6,142,606,2790298,
519174,"ASHIANA AGRO INDUSTRIES LTD.",XT,STK,8.4,8.4,7.7,7.7,7.7,8,4,686,5352,
519183,"ADF FOODS LTD.",B,STK,182,184,176.8,177.45,178.75,184.45,241,6138,1102409,
519191,"Retro Green Revolution Limited",Z,STK,1.33,1.33,1.24,1.25,1.28,1.3,130,144673,183735,
519214,"WILLIAMSON FINANCIAL SERVICES",X,STK,5.89,5.89,5.89,5.89,5.89,6.2,5,2198,12946,
519216,"AJANTA SOYA LTD.",X,STK,21.13,21.13,20.2,20.37,20.36,21.05,376,119027,2431982,
519224,"WILLIAMSON MAGOR & COMPANY LTD",B,STK,26.99,27,26.99,27,27,25.85,2,426,11497,
519230,"KISAAN PARIVAR INDUSTRIES LIMI",X,STK,16.1,18.97,16.1,17.2,17.2,18,22,494,8799,
519234,"SUPERIOR INDUSTRIAL ENTERPRISE",X,STK,32,32,32,32,32,31.58,4,211,6752,
519238,"SAPTARISHI AGRO INDUSTRIES LTD",X,STK,43.9,44,42.8,43.85,44,44.98,8,148,6389,
519242,"SARDA PROTEINS LTD.",X,STK,76.63,76.63,76.63,76.63,76.63,72.99,2,107,8199,
519262,"PRIMA AGRO LTD.",X,STK,14.21,14.73,14.21,14.73,14.73,14.21,7,252,3662,
519285,"TARAI FOODS LTD.",Z,STK,7.24,7.24,6.65,6.95,6.95,7,12,1228,8416,
519287,"MODERN DAIRIES LTD.",X,STK,30.25,34.15,30.25,33.31,33.79,32.46,82,18855,623338,
519295,"BAMBINO AGRO INDUSTRIES LTD.",X,STK,192,196.3,185.1,193.75,194,193.25,39,5327,1013119,
519299,"PRIME INDUSTRIES LTD.",X,STK,36.01,38.94,35.01,35.68,35.68,36.01,80,12329,443750,
519307,"VIKAS WSP LTD.",Z,STK,1.03,1.03,0.95,0.96,0.96,1,106,98727,96518,
519331,"VSF PROJECTS LTD.",X,STK,39.99,40,36.06,38.43,38.51,37.72,47,4729,181708,
519359,"POONA DAL & OIL INDUSTRIES LTD",X,STK,61.58,69,61.58,63.26,63.36,64.51,28,144,9338,
519383,"ANIK INDUSTRIES LTD.",B,STK,39.21,39.91,38.9,38.9,38.9,39.7,90,3108,122871,
519397,"SHARAT INDUSTRIES LTD.",X,STK,149.8,149.8,141.35,145.8,145.7,148.65,386,131288,19087977,
519421,"KSE LTD.",X,STK,190.4,196,190.05,190.4,191,195.45,308,47024,9048479,
519457,"VIRAT CRANE INDUSTRIES LTD.",X,STK,29.79,30.8,28.16,29.17,29.54,29.84,36,48584,1439598,
519463,"IB INFOTECH ENTERPRISES LTD.",XT,STK,698.1,698.1,698.1,698.1,698.1,712.3,3,54,37697,
519471,"Ambar Protein Industries Limit",X,STK,168.9,168.9,165,166.35,166.35,168.9,5,37,6138,
519475,"CHORDIA FOOD PRODUCTS LTD.",X,STK,69.34,69.34,69.34,69.34,69.34,69.34,5,14,970,
519477,"CIAN Agro Ind & Infra Ltd",T,STK,1025.05,1048.8,1020.9,1020.9,1020.9,1074.6,2099,47920,49203446,
519479,"OMEGA AG-SEEDS (PUNJAB) LTD.",X,STK,8.17,8.17,8.17,8.17,8.17,8.59,3,100,817,
519483,"TAI INDUSTRIES LTD.",X,STK,22.91,25.02,22.91,24.45,24.92,23.14,5,20,481,
519500,"BKV INDUSTRIES LTD.",X,STK,9.25,10.4,8.53,8.83,9.45,9.16,44,8719,81129,
519532,"ASIAN TEA & EXPORTS LTD.",X,STK,10.5,10.5,9.2,9.43,9.85,10.3,98,22595,224367,
519552,"HERITAGE FOODS LIMITED",A,STK,314.25,317.25,310,310.95,311.75,320.65,601,13409,4203172,
519566,"SIMRAN FARMS LTD.",X,STK,151.1,152,141,144.35,145.95,151.1,46,2388,351493,
519574,"HINDUSTAN AGRIGENETICS LTD.",X,STK,41.91,41.91,38.06,40.15,40.79,41.5,25,2318,93156,
519600,"CCL PRODUCTS (INDIA) LTD.",A,STK,1040.4,1060,1027.7,1034.15,1039,1047.8,1344,63054,65860611,
519602,"KELLTON TECH SOLUTIONS LTD.",B,STK,16.95,16.95,16.12,16.21,16.21,16.93,470,116783,1920727,
519604,"SURYO FOODS & INDUSTRIES LTD.",X,STK,19.38,19.38,18.55,18.55,18.55,19.38,14,1304,24205,
519606,"INTEGRATED PROTEINS LTD.",XT,STK,60.63,60.63,55.01,59.35,60.63,57.75,28,1687,99773,
519612,"LAKE SHORE REALTY LIMITED",X,STK,73,74.89,71.2,72.77,74.5,74.89,12,1077,80274,
520008,"RICO AUTO INDUSTRIES LTD.",B,STK,109.8,110.85,105.6,106.2,106.2,112.7,825,54486,5911936,
520021,"OMAX AUTOS LTD.",B,STK,102,102,96.9,97.75,98.15,102,126,2484,246187,
520043,"MUNJAL SHOWA LTD.",B,STK,122.4,123,120.4,120.75,120.95,123.5,48,1311,159210,
520051,"JAMNA AUTO INDUSTRIES LTD.",B,STK,119.95,121.35,116.5,117,117,123.7,1168,66544,7929245,
520056,"TVS Holdings Limited",A,STK,13616,13736.6,13500,13687.75,13736.6,13793.55,107,168,2287954,
520057,"JTEKT India Ltd",B,STK,128.05,128.6,126.9,127.15,127.5,130.5,122,2275,290943,
520059,"MUNJAL AUTO INDUSTRIES LTD.",B,STK,74.99,75.83,73.75,73.99,73.75,76.8,91,5989,448126,
520066,"JAY BHARAT MARUTI LTD.",B,STK,88.3,88.3,84.8,85.6,84.8,88.45,140,8516,731684,
520073,"RACL Geartech Limited",B,STK,1220.55,1220.55,1180,1184.85,1186,1219.15,157,1390,1666892,
520075,"SAMKRG PISTONS & RINGS LTD.",X,STK,113.55,114.5,110,110.5,110,113.55,73,3718,415773,
520086,"SICAL LOGISTICS LTD.",T,STK,65,65,64.04,64.06,64.04,65,17,1547,99763,
520111,"RATNAMANI METALS & TUBES LTD.",A,STK,2355.35,2392,2341,2349.85,2354.1,2396.55,87,499,1182076,
520113,"VESUVIUS INDIA LTD.",A,STK,481.05,484.45,475,476.75,478,488.75,308,4678,2237877,
520119,"AUTOMOTIVE STAMPINGS & ASSEMBL",B,STK,412,424.95,409.15,419.35,422,418.3,201,1174,490625,
520121,"ARCEE INDUSTRIES LTD.",XT,STK,18.36,18.36,18.36,18.36,18.36,18,4,67,1230,
520123,"ABC INDIA LTD.",X,STK,65,65.65,62.2,62.2,62.2,57.56,11,49,3101,
520127,"BALURGHAT TECHNOLOGIES LTD.",X,STK,12,12.25,11.2,11.46,11.5,11.75,20,3913,45820,
520131,"COASTAL ROADWAYS LTD.",P,STK,32.07,32.07,32.07,32.07,32.07,33.75,1,100,3207,
520141,"SIBAR AUTO PARTS LTD.",X,STK,7.95,7.95,7.51,7.69,7.7,7.51,27,5141,38629,
520151,"TRANSWORLD SHIPPING LINES LIMI",B,STK,133.5,139.25,131.9,133.1,133.1,134,193,1349,181503,
520155,"Starlog Enterprises Limited",X,STK,39.15,39.89,38,38.04,38,37.86,19,216,8303,
521003,"SHIVA SUITINGS LTD.",P,STK,30.57,30.57,30.57,30.57,30.57,29.12,2,200,6114,
521005,"TITAN INTECH LIMITED",X,STK,0.71,0.72,0.66,0.72,0.72,0.69,1069,6076093,4308114,
521014,"EUROTEX INDUSTRIES & EXPORTS L",B,STK,14.75,14.75,14.75,14.75,14.75,14.05,1,1,14,
521016,"INDO COUNT INDUSTRIES LTD.",A,STK,235,236.85,229.6,230.75,231,240.3,373,9785,2272724,
521018,"MARAL OVERSEAS LTD.",B,STK,40.2,40.99,39.75,40.53,40.1,41.2,35,458,18493,
521034,"SOMA TEXTILES & INDUSTRIES LTD",T,STK,95.45,95.45,95.45,95.45,95.45,97.35,2,125,11931,
521048,"ADVANCE LIFESTYLES LTD.",X,STK,23.5,23.5,20.2,21.01,21.01,23.5,10,81,1665,
521062,"PERFECT-OCTAVE MEDIA PROJECTS",X,STK,4.83,4.83,4.6,4.65,4.65,4.81,7,1031,4748,
521064,"TRIDENT LTD.",A,STK,24.03,24.03,23.34,23.65,23.65,24.5,5729,1380851,32530345,
521070,"ALOK INDUSTRIES LTD.",A,STK,13.2,13.4,12.79,12.83,12.83,13.23,1178,662429,8616534,
521080,"PASARI SPINNING MILLS LTD.",X,STK,6.8,7.22,6.26,7.19,7.22,6.8,10,144,1016,
521097,"AMARJOTHI SPINNING MILLS LTD.",X,STK,135,135,130,130.3,130,134.15,28,756,99773,
521105,"OLYMPIA INDUSTRIES LTD.",X,STK,29.79,33.49,29,30.33,30.35,29.8,39,2489,76905,
521109,"NAGREEKA EXPORTS LTD.",B,STK,21.35,25.29,21.32,21.35,21.32,21.9,35,373,8131,
521113,"SUDITI INDUSTRIES LTD.",X,STK,78,78.5,77,78.02,78,78.54,36,3864,301978,
521131,"Shree Bhavya Fabrics Limited",X,STK,25.98,25.98,24,25.53,25.8,24.85,25,1601,40648,
521137,"EUREKA INDUSTRIES LTD.",X,STK,4.43,4.43,4.13,4.16,4.13,4.34,64,30632,128309,
521141,"ADITYA SPINNERS LTD.",X,STK,15.55,15.55,14.5,15.45,15.45,15.67,25,888,13400,
521149,"PRIME URBAN DEVELOPMENT INDIA",X,STK,8.1,8.1,8,8,8,8.08,6,772,6188,
521151,"DHANLAXMI FABRICS LTD.",X,STK,56.01,56.01,56.01,56.01,56.01,58.95,1,1,56,
521161,"SRI LAKSHMI SARASWATHI TEXTILE",X,STK,23.85,25.55,23.85,25.55,25.55,24.34,2,2,49,
521163,"ZODIAC CLOTHING CO.LTD.",B,STK,68.64,69.51,67.65,68.11,69.4,68.83,41,843,57963,
521178,"SRI RAMAKRISHNA MILLS (COIMBAT",X,STK,37,38.25,35.05,35.75,38.25,39.95,42,4629,169579,
521180,"SUPER SPINNING MILLS LTD.",B,STK,4.98,4.98,4.15,4.15,4.2,4.47,46,7172,31485,
521194,"SIL INVESTMENTS LTD.",B,STK,408,416,400.05,402.55,400.05,404.05,8,262,106893,
521200,"SURYALAKSHMI COTTON MILLS LTD.",B,STK,58.04,58.04,52.7,52.7,52.7,54.87,17,1222,67769,
521206,"SAMTEX FASHIONS LTD.",X,STK,1.3,1.3,1.22,1.3,1.3,1.28,33,11483,14631,
521210,"CITYMAN LTD.",X,STK,15.52,15.52,14.8,14.8,14.8,14.79,2,3,45,
521216,"DHANALAXMI ROTO SPINNERS LTD.",X,STK,76.01,78,76.01,78,78,77.06,7,328,25540,
521220,"DAMODAR INDUSTRIES LTD.",B,STK,23,25,22.21,23.54,23.54,22.24,111,6486,155443,
521222,"SANBLUE CORPORATION LTD.",X,STK,40,40,36.24,36.24,36.24,38.14,2,25,909,
521226,"UNIROYAL INDUSTRIES LTD.",X,STK,19.85,19.85,18.55,18.65,18.55,19.33,9,3878,76708,
521228,"TATIA GLOBAL VENNTURE LTD.",X,STK,2.37,2.43,2.33,2.36,2.37,2.36,162,40671,95525,
521232,"SUNIL INDUSTRIES LTD.",P,STK,62.15,62.15,62.15,62.15,62.15,64.84,2,1100,68365,
521234,"SRI NACHAMMAI COTTON MILLS LTD",X,STK,33.28,33.77,29.77,30.16,31.7,32.95,25,7764,239952,
521238,"BHARAT GLOBAL DEVELOPERS LIMIT",B,STK,92,94.47,90.18,92.11,92.99,92.49,298,9078,840065,
521240,"SAMBANDAM SPINNING MILLS LTD.",X,STK,93.43,93.43,90,90.25,90.25,93.26,9,1031,93031,
521244,"MKP Mobility Limited",X,STK,105,105,105,105,105,100,1,30,3150,
521246,"PARAS PETROFILS LTD.",T,STK,2.1,2.26,2.1,2.23,2.26,2.16,73,132301,297869,
521248,"KITEX GARMENTS LTD.",A,STK,161.5,162.75,159,159.4,159.4,164.95,929,56480,9082189,
522001,"CRANEX LTD.",X,STK,73.23,77,70,70.2,70,73.48,75,5513,396539,
522004,"BATLIBOI LTD.",X,STK,78,80.5,75.3,77.13,78.86,80.95,187,81048,6370726,
522005,"AUSTIN ENGINEERING CO.LTD.",X,STK,101.7,108,101.7,107.45,107.45,104.75,39,3659,373974,
522014,"UNITED DRILLING TOOLS LTD.",B,STK,159,161.3,151,152,151,165.4,186,2105,325992,
522017,"FLUIDOMAT LTD.",X,STK,611.95,622,590,601.3,601.3,613.7,234,3245,1972596,
522029,"WINDSOR MACHINES LTD.",B,STK,216.45,225.45,216.45,222.55,221.9,221.1,21,524,116863,
522034,"SHANTHI GEARS LTD.",B,STK,446.5,446.5,438.25,439.6,440,448,70,397,175049,
522036,"MIVEN MACHINE TOOLS LTD.",X,STK,68.12,69.55,68.12,69.55,69.55,71.7,5,23,1588,
522064,"HONDA INDIA POWER PRODUCTS LIM",B,STK,2034,2051.35,2008,2018.85,2018.35,2067.35,174,721,1459144,
522074,"ELGI EQUIPMENTS LTD.",A,STK,473,478.2,465.7,466.75,469.2,482.15,1147,27632,13072869,
522091,"UNITED VAN DER HORST LTD.",XT,STK,33.79,33.79,33.78,33.78,33.78,33.13,73,19643,663688,
522101,"KILBURN ENGINEERING LTD.",B,STK,489.7,499.8,477.15,493.7,493.7,493.15,748,31680,15408581,
522105,"BIRLA PRECISION TECHNOLOGIES L",X,STK,30,30.01,29,29.34,29.34,29.98,216,75109,2233299,
522108,"YUKEN INDIA LTD.",B,STK,690,691,680.95,687.05,687,695.15,161,3241,2230846,
522113,"TIMKEN INDIA LTD.",A,STK,3322,3329.55,3168.65,3184.45,3228,3388.45,571,2478,8054761,
522122,"VOITH PAPER FABRICS INDIA LTD.",X,STK,1475,1502.7,1424.95,1431.65,1431.65,1514.7,61,880,1270532,
522134,"ARTSON LIMITED",X,STK,139.45,144.8,138,142.25,143.85,140.15,33,1111,158911,
522152,"SOLITAIRE MACHINE TOOLS LTD.",X,STK,93,96,92,92.44,92.44,93.18,25,550,51489,
522163,"DIAMOND POWER INFRASTRUCTURE L",B,STK,126.7,128.7,122.85,123.55,124.8,130.7,566,44865,5609554,
522165,"INDSIL HYDRO POWER AND MANGANE",X,STK,38.75,40.5,35.4,36.23,36.23,38.56,250,30254,1132139,
522183,"ITL INDUSTRIES LTD.",X,STK,240,250,234.35,244.15,246.45,237.55,99,4900,1203558,
522195,"FRONTIER SPRINGS LTD.",B,STK,1351,1450,1351,1401.1,1421.5,1390.05,886,12205,16845118,
522205,"PRAJ INDUSTRIES LTD.",A,STK,301.55,315,300.5,310.85,310.85,306.5,3422,149501,46115123,
522207,"RASANDIK ENGINEERING INDUSTRIE",X,STK,57.22,57.22,53.25,54.06,53.95,56.55,8,1546,83177,
522209,"YOGI SUNG-WON (INDIA) LTD.",X,STK,5.7,5.74,5.37,5.4,5.4,5.59,27,10118,55855,
522215,"HLE GLASCOAT LIMITED",B,STK,280.1,291.1,279.15,283.1,284.15,286.25,387,7662,2180356,
522217,"GUJARAT APOLLO INDUSTRIES LTD.",B,STK,401.05,433.15,401.05,411.9,408.2,413.9,266,4384,1842353,
522229,"TANEJA AEROSPACE & AVIATION LT",X,STK,251,256.95,246.25,247.15,247.15,260.5,417,12830,3219461,
522231,"CONART ENGINEERS LTD.",X,STK,63,63.28,60.25,60.78,61,63.28,25,1526,93997,
522235,"MINAL INDUSTRIES LIMITED",X,STK,2.15,2.22,2.15,2.18,2.17,2.24,40,25603,55930,
522237,"SHIVAGRICO IMPLEMENTS LTD.",X,STK,20.5,22.05,20.32,20.69,20.32,20.25,32,3471,73826,
522241,"M.M.FORGINGS LTD.",B,STK,425.95,434.3,415.3,423.3,420.45,436.7,130,7510,3200818,
522249,"MAYUR UNIQUOTERS LTD.",B,STK,497,509.4,497,500.7,505,510.55,312,3332,1673752,
522251,"CENLUB INDUSTRIES LTD.",X,STK,184,184.9,177,180.75,182.55,185.55,189,8035,1453143,
522257,"RAJOO ENGINEERS LTD.",B,STK,57,58.56,55.82,55.93,56.21,57.95,485,42833,2426555,
522261,"DOLPHIN OFFSHORE ENTERPRISES (",B,STK,386.55,396.35,378.7,381.7,380,389.4,261,10506,4061323,
522267,"VEEJAY LAKSHMI ENGINEERING WOR",X,STK,38,38,34.25,35.9,35.9,36,14,4395,161582,
522273,"AHMEDABAD STEELCRAFT LTD.",X,STK,151.9,153,151,151.75,151.75,152.7,15,251,38247,
522275,"GE Vernova T&D India Limited",A,STK,3740.25,3834.65,3700,3743.05,3770,3814.8,2773,17002,64352754,
522281,"RAM RATNA WIRES LTD.",B,STK,306.55,309.5,304.65,305.6,305.8,312.6,46,715,220218,
522285,"JAYASWAL NECO INDUSTRIES LTD.",B,STK,73.65,74.5,69.9,70.11,70.8,73.67,962,157704,11292143,
522287,"KALPATARU PROJECTS INTERNATION",A,STK,1058,1087.8,1058,1067.1,1070.85,1067.7,769,87841,94000140,
522289,"NMS GLOBAL LIMITED",XT,STK,78.14,86,78.14,82.19,82.19,82.25,17,604,47223,
522292,"CANDOUR TECHTEX LIMITED",X,STK,145.5,158.9,143.6,143.8,143.65,146.1,123,16675,2428179,
522294,"T & I GLOBAL LTD.",X,STK,175.05,194.75,175.05,179.35,179.25,175.05,21,1321,234068,
522295,"CONTROL PRINT LTD.",B,STK,627.15,636.8,614,618.45,618.45,645.1,162,2961,1842700,
522650,"BEMCO HYDRAULICS LTD.",X,STK,77,80.71,76,76.31,77.4,78.98,205,4240,328955,
523007,"ANSAL BUILDWELL LTD.",X,STK,94,101.9,93.95,98.65,97.95,94.2,22,1217,116791,
523011,"WEIZMANN LTD.",B,STK,76.1,76.1,74.72,75.56,75.56,79.63,18,352,26711,
523019,"B.N.RATHI SECURITIES LTD.",X,STK,13.4,13.8,13.3,13.44,13.44,13.43,211,54654,737691,
523021,"RISHI TECHTEX LTD.",X,STK,35.99,35.99,32.15,32.84,33.97,35.99,56,8211,272489,
523023,"SINCLAIRS HOTELS LTD.",B,STK,75.26,76,74,75.03,75.03,76.95,105,5003,376329,
523025,"SAFARI INDUSTRIES (INDIA) LTD.",A,STK,1505,1641.85,1505,1597.25,1597.25,1538.1,1949,13317,21315521,
523054,"BINAYAK TEX PROCESSORS LTD.",XT,STK,2183.05,2410,2183.05,2410,2410,2297.9,2,9,19874,
523062,"J.J.FINANCE CORPORATION LTD.",XT,STK,54.33,54.33,49.17,53.89,53.89,51.75,8,214,10585,
523100,"COSMO FERRITES LTD.",X,STK,106,114,103.1,103.95,103.7,109.6,160,14932,1602955,
523105,"CROPSTER AGRO LIMITED",B,STK,6.69,7,6.5,6.72,6.85,6.84,213,168247,1109974,
523116,"SANCO TRANS LTD.",X,STK,634,697,634,697,697,665,7,115,79209,
523120,"THRIVE FUTURE HABITATS LIMITED",XT,STK,106.8,107.5,106.8,106.9,106.9,106.8,12,741,79510,
523127,"EIH ASSOCIATED HOTELS LTD.",B,STK,303.45,309.55,300.2,301.7,304.1,307.55,72,586,177874,
523144,"MEDI-CAPS LTD.",X,STK,25.8,25.8,23.2,25,25,25.11,31,442,10981,
523151,"OTCO INTERNATIONAL LTD.",X,STK,8.4,8.4,8.25,8.25,8.25,8.4,4,77,638,
523160,"MORGANITE CRUCIBLE (INDIA) LTD",X,STK,1248,1285,1224.95,1256.1,1260,1250.15,79,1150,1433064,
523186,"B&A PACKAGING INDIA LIMITED",X,STK,162.9,170.95,159.5,169.95,169.95,162.9,5,331,53066,
523207,"KOKUYO CAMLIN LTD.",B,STK,79.49,81.2,79,79,79,80.79,14,489,39101,
523222,"SRM ENERGY LTD.",XT,STK,19.99,19.99,19.22,19.6,19.6,19.6,13,5125,100729,
523229,"BHARAT SEATS LTD.",B,STK,162.35,164.5,155.2,156.25,156.3,166.65,674,20415,3255805,
523232,"CONTINENTAL PETROLEUMS LTD.",X,STK,79.55,85,79.55,81.02,81,80.12,32,1672,135118,
523248,"MACHINO PLASTICS LTD.",X,STK,246,274.8,240.55,256.1,256.1,245.5,73,1628,430009,
523260,"PEARL POLYMERS LTD.",B,STK,16.56,16.56,16.56,16.56,16.56,16.56,1,100,1656,
523261,"VENKYS (INDIA) LTD.",B,STK,1312.5,1312.5,1235.65,1242.65,1250,1318.35,297,2144,2704211,
523269,"ADVANI HOTELS & RESORTS (INDIA",B,STK,51.77,51.77,50.67,51.56,51.72,51.77,137,3549,181380,
523283,"SUPERHOUSE LTD.",B,STK,148.95,148.95,148.95,148.95,148.95,143.05,1,30,4468,
523289,"RAMA VISION LTD.",X,STK,129,132,125,126.1,126.1,129,20,1019,129533,
523301,"TCPL PACKAGING LTD.",B,STK,2450,2455.05,2355.1,2385.15,2385,2439.55,62,205,494774,
523309,"SHRI GANG INDUSTRIES AND ALLIE",X,STK,87,93.5,83.99,88.06,88.1,88.79,546,86991,7825013,
523319,"BALMER LAWRIE & CO.LTD.",B,STK,162,164.15,160.55,162.2,162.35,164.4,309,14644,2376388,
523323,"KOVAI MEDICAL CENTER & HOSPITA",B,STK,5280,5313.55,5211.25,5249.4,5249.4,5299.2,657,17615,92669765,
523367,"DCM SHRIRAM LIMITED",A,STK,1071.1,1081.65,1041,1046.65,1046.85,1093.9,110,441,467542,
523369,"DCM SHRIRAM INDUSTRIES LTD.",B,STK,35.79,35.79,34.1,34.34,34.53,34.82,142,10884,376098,
523371,"MAWANA SUGARS LTD.",B,STK,78.47,79.21,78.02,78.78,78.88,78.64,87,2098,164511,
523373,"MINI DIAMONDS (INDIA) LTD.",X,STK,18,18.34,17.16,18.11,18.24,17.57,162,26673,484646,
523384,"MAHA RASHTRA APEX CORPORATION",B,STK,138,138,124.75,125.4,125.4,133.92,465,11365,1475455,
523385,"NILKAMAL LTD.",B,STK,1235,1240.55,1220,1222,1220,1233.7,88,500,616808,
523387,"TRITON CORP.LTD.",XT,STK,1.44,1.48,1.34,1.4,1.41,1.41,195,97288,132456,
523391,"NAHAR POLYFILMS LTD.",B,STK,242.8,244.1,236,237,240,244.6,50,731,175732,
523395,"3M INDIA LTD.",A,STK,32680,33105.85,32264.55,32974.1,32710,32978,188,5391,177864652,
523398,"BOSCH HOME COMFORT INDIA LIMIT",B,STK,1272.8,1309.4,1272.8,1284.4,1297.8,1281.5,41,2009,2568957,
523405,"JM FINANCIAL LTD.",A,STK,123,125.8,122.05,122.45,122.95,127.2,876,90444,11198361,
523411,"ADC INDIA COMMUNICATIONS LIMIT",X,STK,1232.25,1280,1222.5,1239.6,1239.6,1237.25,55,560,697525,
523419,"TAMILNADU TELECOMMUNICATIONS L",B,STK,8.5,9.41,8.5,8.71,8.71,8.57,27,3073,27612,
523445,"RELIANCE INDUSTRIAL INFRASTRUC",B,STK,655.85,655.9,632.55,637.5,640,658,206,4558,2914488,
523449,"SHARP INDIA LTD.",X,STK,41.01,47,41.01,42.22,42.22,46.67,50,9802,414747,
523457,"Linde India Limited",A,STK,7100,7202.05,6981.05,7011.25,7011.25,7212.95,679,2509,17782969,
523465,"IND BANK HOUSING LTD.",B,STK,39.3,42.98,39.26,40.95,40.95,39.9,36,2143,90507,
523467,"JAI MATA GLASS LTD.",XT,STK,1.88,2.01,1.88,1.94,1.99,1.92,121,130126,256395,
523475,"LOTUS CHOCOLATE CO.LTD.",B,STK,679,694.95,661,670.8,670.7,686.9,287,4036,2716032,
523483,"PACIFIC INDUSTRIES LTD.",X,STK,132.5,135,128.25,130,130,132.5,26,1815,239554,
523489,"CHENNAI MEENAKSHI MULTISPECIAL",X,STK,37.15,37.15,37,37,37,38.49,7,821,30392,
523537,"APM INDUSTRIES LTD.",X,STK,39.06,40,39,39.58,40,40.79,19,2204,86940,
523539,"PRECISION WIRES INDIA LTD.",B,STK,301.65,312.1,297.75,299.75,299.75,307.75,1804,51347,15705976,
523550,"KRYPTON INDUSTRIES LTD.",X,STK,34.99,34.99,31.02,32.03,32,34.14,62,8557,279910,
523558,"SWISS MILITARY CONSUMER GOODS",X,STK,15.66,16.13,15.1,15.42,15.42,16.13,433,123661,1930894,
523566,"MARTIN BURN LTD.",X,STK,40.4,40.4,39,39,39,40.4,4,117,4575,
523574,"Future Enterprises Limited",Z,STK,0.49,0.49,0.49,0.49,0.49,0.49,29,10459,5124,
523586,"INDIAN TONERS & DEVELOPERS LTD",X,STK,243.65,243.65,240,241.25,241.2,244.35,25,210,50769,
523594,"KUNSTSTOFFE INDUSTRIES LTD.",X,STK,19.85,19.98,19.01,19.68,19.94,20.39,18,486,9438,
523598,"SHIPPING CORPORATION OF INDIA",A,STK,235.45,237.75,228.45,229.95,229.95,240.5,3662,296624,69245783,
523606,"SIKA INTERPLANT SYSTEMS LTD.",B,STK,923.3,940,902.45,921.2,915,923.3,1102,21492,19966134,
523610,"ITI LTD.",A,STK,256.2,285.9,256.2,274,274,265.35,21554,1887666,519616993,
523618,"DREDGING CORPORATION OF INDIA",B,STK,900,900.45,864.45,867.75,870.45,909.45,270,12300,10845746,
523620,"PHAARMASIA LTD.",X,STK,85.45,85.45,81.18,81.18,81.18,85.45,10,203,16607,
523630,"NATIONAL FERTILIZERS LTD.",B,STK,69.65,70.25,67.72,68.04,68.04,71,810,74484,5142317,
523638,"IP RINGS LTD.",XT,STK,108,111.5,103.05,110,110,108,14,358,38112,
523642,"P.I.INDUSTRIES LTD.",A,STK,2885.05,2909.75,2866,2892.45,2889,2921.55,338,2584,7468621,
523648,"PLASTIBLENDS INDIA LTD.",B,STK,136,136,132,132,132,136.4,135,692,92425,
523650,"YASH INNOVENTURES LIMITED",XT,STK,47.95,47.95,47.89,47.89,47.89,46.5,5,1070,51303,
523660,"WATERBASE LTD.",XT,STK,43.89,43.89,42.4,42.98,43.69,43.55,85,9149,394811,
523672,"FLEX FOODS LTD.",X,STK,41.48,41.48,39,39.64,39.95,40.68,42,5307,215486,
523676,"GOLKUNDA DIAMONDS & JEWELLERY",X,STK,265.05,277.05,265.05,274.5,274.95,274.85,105,3969,1069905,
523694,"APCOTEX INDUSTRIES LTD.",B,STK,337,345.35,337,343.1,343.1,342.45,54,251,85820,
523696,"FORTIS MALAR HOSPITALS LIMITED",X,STK,51.07,51.07,49.1,49.52,49.52,51.05,247,11603,578755,
523704,"MASTEK LTD.",A,STK,1536.4,1536.4,1447.35,1451.15,1458.8,1536.35,523,4077,6010363,
523708,"EIMCO ELECON (INDIA) LTD.",B,STK,1550,1550,1511,1513.7,1516,1568.3,30,298,452415,
523716,"ASHIANA HOUSING LTD.",B,STK,309.4,309.4,300,300.5,300,308.55,28,341,104112,
523722,"SVAM SOFTWARE LTD.",XT,STK,8.05,8.27,7.5,8.01,8.1,7.89,47,6396,49158,
523732,"ECOBOARD INDUSTRIES LTD.",X,STK,59.5,59.5,55,56.9,56.9,56.96,13,1253,70925,
523736,"Dhunseri Ventures Limited",B,STK,215,215.65,205.6,207.1,206.5,218.95,30,193,40736,
523752,"TRANS INDIA HOUSE IMPEX LIMITE",X,STK,5,5.14,4.95,5,5,5,92,57629,289449,
523754,"MAHINDRA EPC IRRIGATION LIMITE",B,STK,114.05,117.9,111.45,112.6,112.05,115.1,64,3074,349045,
523782,"Mitshi India Limited",X,STK,13.85,15.29,13.85,14.88,14.88,14.72,7,131,1825,
523792,"MAZDA LTD.",B,STK,178.5,180.95,177.25,177.25,177.3,180.45,8,232,41440,
523796,"VICEROY HOTELS LTD.",T,STK,141.85,143,133.7,138.8,139.9,140,153,3271,447723,
523826,"SOVEREIGN DIAMONDS LTD.",XT,STK,19.16,19.16,19.16,19.16,19.16,19.15,10,506,9694,
523828,"MENON BEARINGS LTD.",B,STK,121.3,121.3,116,117.2,116,122.85,141,3415,405424,
523832,"MUKAT PIPES LTD.",XT,STK,16.3,16.3,15.49,15.5,15.49,16.3,21,2148,34064,
523838,"SIMPLEX INFRASTRUCTURES LTD.",B,STK,172,172.2,168.4,169.1,169.45,176.2,158,2564,438998,
523840,"INNOVATIVE TECH PACK LTD.",X,STK,15.19,15.2,13.65,13.76,13.65,14.7,62,29266,431946,
523842,"SUPER TANNERY LIMITED",X,STK,6,6.26,5.7,5.86,5.86,5.99,186,204159,1218476,
523844,"CONSTRONICS INFRA LIMITED",X,STK,50.5,50.5,48,48.02,49.79,47.23,12,341,16443,
523850,"AXTEL INDUSTRIES LTD.",X,STK,384.1,386.1,368.1,381.45,380.1,386.1,184,2327,881507,
523874,"East India Drums and Barrels M",XT,STK,115,118.9,109,115.1,115.45,114.5,43,1855,207335,
523888,"V R WOODART LTD.",X,STK,101.83,101.83,101.83,101.83,101.83,96.99,16,909,92563,
524000,"POONAWALLA FINCORP LIMITED",A,STK,405,405.95,398,400.6,400.6,412.2,1893,77647,31173792,
524019,"Kingfa Science & Technology (I",B,STK,4105.1,4209.35,4032.9,4052.3,4032.95,4266,44,108,442519,
524031,"PATIDAR BUILDCON LIMITED",X,STK,8.58,8.58,8.58,8.58,8.58,9.03,4,600,5148,
524037,"RAMA PHOSPHATES LTD.",B,STK,114,116.15,111.1,111.8,111.8,119.15,77,3245,367972,
524038,"VENLON ENTERPRISES LTD.",X,STK,4.39,4.8,4.39,4.42,4.42,4.6,19,437,1950,
524051,"POLYPLEX CORPORATION LTD.",B,STK,885,885,849,851.85,851.85,885.4,315,5176,4451134,
524055,"PANTHER INDUSTRIAL PRODUCTS LT",X,STK,44.96,44.96,44.96,44.96,44.96,42.82,1,100,4496,
524075,"ALBERT DAVID LTD.",B,STK,670.5,676.6,670.5,671.4,671.1,674,15,421,282543,
524080,"HARYANA LEATHER CHEMICALS LTD.",X,STK,56.47,56.47,55,56.27,56.27,56.94,10,230,12898,
524091,"CARYSIL LIMITED",B,STK,787,807.45,772.9,778.25,784.45,814.5,458,10394,8201984,
524109,"KABRA EXTRUSIONTECHNIK LTD.",B,STK,217.1,217.25,210,212,212.2,222.9,114,1514,323784,
524129,"VINYL CHEMICALS (INDIA) LTD.",B,STK,193.35,195.1,190,190.1,192.4,194.4,61,731,140017,
524136,"PEE CEE COSMA SOPE LTD.",X,STK,300.5,300.95,290,292.55,293.4,295.3,57,1355,398814,
524156,"TCM LTD.",X,STK,40.01,43.49,40.01,43.45,43.44,41.77,4,130,5304,
524164,"IOL CHEMICALS & PHARMACEUTICAL",B,STK,73.37,76.07,71.91,72.83,72.83,73.76,852,104208,7727918,
524174,"KESAR PETROPRODUCTS LTD.",X,STK,24.74,24.74,23.75,23.97,23.9,24.54,136,115194,2776556,
524200,"VINATI ORGANICS LTD.",A,STK,1429.9,1429.9,1385,1396.35,1396.35,1431.6,745,4670,6524632,
524202,"LACTOSE (INDIA) LTD.",X,STK,92.7,92.7,90,90.48,90,92.5,16,1852,170681,
524204,"TEESTA AGRO INDUSTRIES LTD.",X,STK,105.5,105.5,105.5,105.5,105.5,105.5,5,33,3481,
524208,"AARTI INDUSTRIES LTD.",A,STK,429.9,429.9,411,411.95,412.5,432.85,997,22572,9439324,
524212,"WANBURY LTD.",T,STK,245.1,253,238.5,249.3,247.85,248.5,13,970,234906,
524218,"RESONANCE SPECIALTIES LTD.",X,STK,89.05,90,88,88.29,89.2,89.96,31,2890,257328,
524226,"GUJARAT AMBUJA EXPORTS LTD.",B,STK,136.2,136.2,131.75,133.05,134,137.05,348,10961,1460056,
524230,"RASHTRIYA CHEMICALS & FERTILIZ",A,STK,119.05,119.15,115.25,115.65,115.65,120.7,1444,91199,10715880,
524238,"GUJARAT INJECT (KERALA) LTD.",XT,STK,70.14,70.5,70.14,70.29,70.29,71.57,70,135762,9544171,
524280,"KOPRAN LTD.",B,STK,114.2,116.2,113.3,113.7,113.85,117.9,219,8091,928798,
524288,"AIMCO PESTICIDES LTD.",X,STK,43,44.78,41.89,44.07,44.5,43,53,3393,147247,
524314,"GUJARAT TERCE LABORATORIES LTD",X,STK,40.13,40.13,37.07,38.11,38.11,37.08,20,482,18980,
524322,"KABRA DRUGS LTD.",X,STK,28,28.06,26.73,27.01,26.9,28.13,242,79755,2179779,
524324,"SEYA INDUSTRIES LTD.",T,STK,10.24,10.24,9.86,9.97,9.97,10.06,60,13705,136132,
524330,"JAYANT AGRO-ORGANICS LTD.",B,STK,170.2,170.2,167.2,167.65,167.7,170.25,6,123,20750,
524332,"BCL INDUSTRIES LIMITED",B,STK,27,27.65,26.95,27.02,27.03,27.74,121,21098,578667,
524336,"SHREE HARI CHEMICALS EXPORT LT",X,STK,97,97.8,97,97.8,97.8,101,2,1700,165540,
524342,"INDO BORAX & CHEMICALS LTD.",B,STK,245.65,245.65,245,245,245,248,3,34,8347,
524348,"AARTI DRUGS LTD.",B,STK,336,355.3,335,337.75,337.75,341.05,620,19431,6722353,
524370,"BODAL CHEMICALS LTD.",B,STK,46.51,50,45.32,48.74,48.87,47.1,288,118445,5554802,
524372,"Orchid Pharma Limited",B,STK,531,533.2,513.85,516.45,517.5,538.5,202,2134,1120021,
524394,"VIMTA LABS LTD.",B,STK,422.95,428.35,416.05,418.75,420.85,432.75,396,6061,2553160,
524396,"BIOFIL CHEMICALS & PHARMACEUTI",B,STK,30.02,30.51,29.1,30.26,30.26,30.51,41,2288,68817,
524400,"ISHITA DRUGS & INDUSTRIES LTD.",X,STK,76,81.75,76,76.05,76.05,78.51,15,2558,199306,
524404,"MARKSANS PHARMA LTD.",A,STK,165.9,167.25,161,161.3,161.3,167.95,729,33111,5424930,
524408,"UNIVERSAL STARCH-CHEM ALLIED L",X,STK,134,134,133.95,134,134,134.75,5,109,14605,
524412,"AAREY DRUGS & PHARMACEUTICALS",B,STK,71.58,71.58,66.09,67.43,67.43,72.54,45,2518,171067,
524414,"NORRIS MEDICINES LTD.",X,STK,14.25,14.25,13.75,13.97,13.97,13.98,12,1082,15395,
524434,"ASIAN PETROPRODUCTS & EXPORTS",X,STK,8.6,8.6,7.75,7.75,7.75,8.25,61,28493,226281,
524440,"CAMEX LTD.",X,STK,29.6,30.99,29.6,30.73,30.73,29.6,9,2191,65578,
524444,"EVEXIA LIFECARE LIMITED",X,STK,0.8,0.81,0.77,0.77,0.77,0.85,1929,14580229,11282227,
524458,"INDO EURO INDCHEM LTD.",X,STK,9.9,9.9,8.01,8.87,8.87,9.9,92,23339,203080,
524470,"SYNCOM FORMULATIONS (INDIA) LT",B,STK,11.82,11.95,11.64,11.73,11.73,11.95,400,165773,1949126,
524480,"RIDDHI SIDDHI GLUCO BIOLS LTD.",X,STK,465.05,489.8,452.1,473.55,452.1,451.65,38,1209,571709,
524488,"SVC INDUSTRIES LIMITED",X,STK,2.15,2.15,2,2.01,2,2.1,89,80339,165421,
524494,"IPCA LABORATORIES LTD.",A,STK,1539.05,1586.05,1507.4,1545.8,1536.55,1542.1,1936,194450,303204583,
524500,"KILITCH DRUGS (INDIA) LTD.",B,STK,318,321.05,315,320.55,320.55,319,40,646,206236,
524502,"RAAJ MEDISAFE INDIA LTD.",P,STK,72.01,72.01,70.02,70.02,70.02,73.47,5,1900,133558,
524506,"CORAL LABORATORIES LTD.",X,STK,435,452,416,428.75,428.75,427.25,110,10748,4713603,
524514,"TULASEE BIO-ETHANOL LTD.",ZP,STK,24.13,24.13,24.13,24.13,24.13,24.13,1,100,2413,
524516,"BACIL PHARMA LTD.",X,STK,49.9,49.9,46,48.55,48.98,47.9,28,4119,198286,
524518,"KREBS BIOCHEMICALS & INDUSTRIE",B,STK,50.34,50.34,49.19,49.19,49.19,49.12,2,100,4976,
524520,"KMC SPECIALITY HOSPITALS (INDI",B,STK,81,82.5,80.05,80.41,80.41,82.39,643,40879,3302426,
524522,"LAFFANS PETROCHEMICALS LTD.",X,STK,30.01,30.01,29,29.11,29.11,30.01,5,500,14716,
524534,"BHASKAR AGROCHEMICALS LTD.",X,STK,189,198.95,187,196.65,197.65,180.35,333,11487,2215132,
524542,"SUKHJIT STARCH & CHEMICALS LTD",B,STK,161.4,162.85,157,158.2,157.7,163.95,24,503,80525,
524548,"SHARMA EAST INDIA HOSPITALS &",X,STK,99,108,89,96.03,102.5,96.56,43,1314,126295,
524558,"NEULAND LABORATORIES LTD.",A,STK,12172.35,12271.3,11899.6,12093.75,12100,12407.6,434,1367,16524170,
524564,"GAYATRI BIOORGANICS LTD.",X,STK,14.28,15.69,14.28,15.6,15.52,14.95,117,38267,596825,
524570,"PODDAR PIGMENTS LTD.",B,STK,213.05,214,208.5,211.4,211.4,214.5,28,219,46318,
524572,"PHARMAIDS PHARMACEUTICALS LTD.",X,STK,34.69,34.69,32.52,33.2,33,33.22,47,2585,84865,
524576,"VIVID GLOBAL INDUSTRIES LTD.",X,STK,20.7,21.1,19.2,20,20,20.68,21,862,17739,
524580,"PRIYA LTD.",X,STK,21.31,21.31,20.25,20.25,20.25,21.31,6,165,3355,
524582,"TIRUPATI STARCH & CHEMICALS LT",X,STK,150,150,139.9,141.4,139.9,153,31,751,106973,
524590,"HEMO ORGANIC LIMITED",XT,STK,13.07,13.07,13.07,13.07,13.07,13.33,1,4000,52280,
524592,"JAYSYNTH ORGOCHEM LIMITED",X,STK,12.2,12.74,11.78,11.98,12.29,12.17,66,9859,119877,
524594,"Aeonx Digital Technology Limit",X,STK,124,124,116,123.35,123.35,128.95,31,956,116776,
524598,"AKSHARCHEM (INDIA) LTD.",B,STK,183.95,193.75,177.15,180.4,177.15,172.8,63,285,52181,
524602,"BANDARAM PHARMA PACKTECH LIMIT",X,STK,27.63,28.4,27.5,27.5,27.5,27.63,23,2692,74072,
524606,"BERYL DRUGS LTD.",X,STK,20,21.49,20,20.78,20.99,20,28,8769,179814,
524614,"IEL LIMITED",X,STK,6.38,6.38,5.71,6.08,6.08,6.08,151,81350,497494,
524622,"ISTREET NETWORK LIMITED",XT,STK,40,41.93,39,39.95,40,40,121,41114,1616658,
524624,"GAGAN GASES LTD.",XT,STK,32.48,32.48,32.48,32.48,32.48,34.18,11,454,14745,
524628,"PARKER AGROCHEM EXPORTS LTD.",X,STK,15,15,15,15,15,15,1,4,60,
524632,"Shukra Pharmaceuticals Limited",B,STK,40.99,40.99,39.31,39.31,39.31,41.37,811,191252,7591877,
524634,"ALUFLUORIDE LTD.",X,STK,418,425.9,411.2,423.85,423.85,421.6,201,4669,1957455,
524636,"OXYGENTA PHARMACEUTICAL LIMITE",X,STK,47.77,49.65,47.77,47.91,47.85,48.74,35,2476,119403,
524640,"ARCHIT ORGANOSYS LTD.",X,STK,38,38.78,37.1,37.8,38.7,38,48,7557,285340,
524642,"SIKOZY REALTORS LIMITED",XT,STK,1.24,1.28,1.24,1.28,1.28,1.22,10,1399,1777,
524648,"INDO AMINES LTD.",B,STK,90.45,91.75,89.2,89.9,90.3,92.2,433,10906,991530,
524654,"NATURAL CAPSULES LTD.",B,STK,147,149.45,146.1,146.15,146.1,148.3,28,746,109832,
524661,"WELCURE DRUGS & PHARMACEUTICAL",X,STK,0.27,0.27,0.25,0.25,0.25,0.26,1156,14992991,3816739,
524663,"BHARAT IMMUNOLOGICALS & BIOLOG",B,STK,16.7,17.15,16.5,16.65,16.65,17.04,106,31402,524895,
524667,"SAVITA OIL TECHNOLOGIES LTD.",B,STK,336.05,344.55,336.05,340.65,341.35,345.7,52,799,271695,
524669,"HESTER BIOSCIENCES LTD.",B,STK,1389.6,1428,1389.6,1427.5,1428,1404.95,131,330,469333,
524675,"KABSONS INDUSTRIES LTD.",X,STK,14.65,14.97,13.8,14.76,14.42,14.99,58,11967,172095,
524687,"BASANT AGRO TECH (INDIA) LTD.",X,STK,10.45,10.45,10.16,10.19,10.17,10.34,115,25211,258569,
524703,"SANDU PHARMACEUTICALS LTD.",X,STK,34.48,34.48,32.71,33.83,34,32.89,36,11546,383682,
524709,"NACL Industries Limited",B,STK,125.5,133.25,122.95,132.75,133.25,126.95,630,46140,5947895,
524711,"VISTA PHARMACEUTICALS LTD.",X,STK,6.91,7.55,6.91,7.38,7.2,6.91,61,4973,35977,
524715,"SUN PHARMACEUTICAL INDUSTRIES",A,STK,1760,1784.3,1737.7,1744.35,1744.35,1778.75,18773,53025,93350880,
524717,"TITAN BIOTECH LTD.",XT,STK,381.65,400,368,391.1,393,385.5,1395,89043,34436398,
524731,"JENBURKT PHARMACEUTICALS LTD.",X,STK,1002.6,1032,1002.6,1006.15,1016.9,1014.4,45,654,660220,
524735,"HIKAL LTD.",B,STK,173.5,173.5,165.45,166,167,173.7,298,11311,1906851,
524742,"CAPLIN POINT LABORATORIES LTD.",A,STK,1643,1643,1612.9,1621.5,1624.95,1649.25,830,6210,10093808,
524743,"FISCHER MEDICAL VENTURES LIMIT",B,STK,36,38.2,35.86,36.21,36.21,36.67,1161,137163,5043655,
524748,"LINK PHARMA CHEM LTD.",X,STK,23.85,24,22.06,23.5,23.5,24.49,18,382,8766,
524752,"DECIPHER LABS LIMITED",X,STK,6.01,6.15,6.01,6.02,6.02,6.15,17,1738,10573,
524774,"NGL FINE-CHEM LTD.",B,STK,2192.15,2249,2167.75,2202.35,2206,2196.6,70,193,427443,
524790,"EVEREST ORGANICS LTD.",X,STK,295.85,295.85,280.5,282,282,287.15,19,1019,291120,
524804,"AUROBINDO PHARMA LTD.",A,STK,1250.05,1268.3,1240.4,1247.95,1254.5,1269,2068,28930,36284397,
524808,"PHYTO CHEM (INDIA) LTD.",X,STK,25,25,23.21,24.44,24.44,25.99,15,1234,29169,
524816,"NATCO PHARMA LTD.",A,STK,956.15,969,932.95,937.05,937.05,957.5,2087,43828,41847275,
524818,"DYNAMIC INDUSTRIES LTD.",X,STK,97.31,97.31,92.5,94.99,95,97.68,5,1012,96129,
524820,"PANAMA PETROCHEM LTD.",B,STK,268.25,269.95,258,259.75,262,272.65,165,4620,1220243,
524824,"BAL PHARMA LTD.",B,STK,67.06,67.6,67.05,67.6,67.6,68.9,4,7,472,
524828,"BDH INDUSTRIES LTD.",X,STK,419,419,390,399.9,390,402.05,27,331,132437,
526001,"JAUSS POLYMERS LTD.",XT,STK,28.03,28.03,28.03,28.03,28.03,28.6,4,63127,1769449,
526025,"GLOBUS CONSTRUCTORS & DEVELOPE",X,STK,12.45,12.45,11.65,11.82,11.8,12.06,44,9679,113842,
526027,"CUBEX TUBINGS LTD.",B,STK,90.05,90.25,87.1,87.55,87.5,92.1,198,7815,698677,
526043,"POLYMECHPLAST MACHINES LTD.",X,STK,47.2,47.2,45.02,46.53,47.2,48.83,25,1074,49452,
526071,"STELLANT SECURITIES (INDIA) LT",XT,STK,669.95,669.95,640,655.85,659,646.15,61,573,377628,
526073,"GALAXY BEARINGS LTD.",X,STK,457,458,450,456.1,455.15,459.25,36,411,187482,
526075,"REKVINA LABORATORIES LTD.",XT,STK,32.21,32.21,32.21,32.21,32.21,31.58,10,21482,691935,
526081,"SC Agrotech Limited",XT,STK,29.6,31.22,28.5,31.22,31.22,29.74,29,16424,510631,
526095,"RAVILEELA GRANITES LTD.",X,STK,38,39.5,37.5,39.13,39.4,39.24,9,514,19843,
526115,"KARAN WOO-SIN LTD.",X,STK,11.01,11.01,10.1,10.22,10.22,11.01,7,1158,12593,
526117,"SHERVANI INDUSTRIAL SYNDICATE",X,STK,371.1,371.1,371.1,371.1,371.1,385,1,18,6679,
526125,"BN AGROCHEM LIMITED",B,STK,234.85,234.85,210.3,218.65,224.95,236,50,1341,297281,
526133,"SUPERTEX INDUSTRIES LTD.",X,STK,6.3,6.75,6.3,6.75,6.75,6.34,6,473,3111,
526137,"SHETRON LTD.",X,STK,104.85,104.85,89.05,91.45,91.45,97.65,196,18796,1771640,
526139,"TRANSGENE BIOTEK LTD.",X,STK,2.6,2.9,2.38,2.45,2.41,2.6,92,75903,190755,
526143,"MPL PLASTICS LTD.",X,STK,6.72,6.72,6.4,6.4,6.4,6.59,36,4978,32851,
526159,"NIKHIL ADHESIVES LTD.",X,STK,71.35,76.1,71.35,74,74.84,72.35,381,62550,4653655,
526161,"SPENTA INTERNATIONAL LTD.",X,STK,90,93.7,90,93.7,93.7,93.9,2,167,15085,
526169,"MULTIBASE INDIA LTD.",X,STK,165.05,167.9,160.05,165.9,167.2,166.7,227,7521,1239724,
526173,"ANDREW YULE & COMPANY LTD.",B,STK,18.51,18.92,18.44,18.73,18.79,18.92,437,128195,2393780,
526179,"LUDLOW JUTE & SPECIALITIES LTD",X,STK,195,205.05,195,199.65,203,196.1,60,26493,5321375,
526187,"ASHRAM ONLINE.COM LTD.",X,STK,4.47,4.47,4.47,4.47,4.47,4.26,5,505,2257,
526193,"ROYAL CUSHION VINYL PRODUCTS L",X,STK,18,18,16.45,16.63,17.87,17.75,16,3004,50015,
526211,"SURAJ INDUSTRIES LTD.",X,STK,45.85,45.85,43.25,43.45,44,44.83,28,4277,187522,
526217,"Hitech Corporation Limited",B,STK,135.4,135.4,128.5,131.6,131.35,136.05,27,418,54285,
526225,"BLOOM DEKOR LTD.",XT,STK,12.85,13,12,12.07,12,12.4,4,223,2771,
526227,"FILATEX INDIA LTD.",B,STK,39.5,40.62,39.25,39.61,39.61,40.67,431,48163,1930287,
526231,"STANDARD SURFACTANTS LTD.",X,STK,55,55,54.69,54.8,54.8,55.12,6,27,1480,
526237,"MORGAN VENTURES LTD.",X,STK,51,52.68,47.99,48.84,48.9,51.23,80,5996,296777,
526241,"AMRAPALI INDUSTRIES LTD.",X,STK,14.5,14.5,13.48,13.69,13.52,14,25,924,12728,
526247,"PREMIER EXPLOSIVES LTD.",A,STK,447,449.95,437.05,439.3,439.35,450,511,13528,6015171,
526251,"MID EAST PORTFOLIO MANAGEMENT",X,STK,18.6,18.6,17.6,18.04,18.6,18.62,4,38,696,
526263,"MOLD-TEK TECHNOLOGIES LTD.",B,STK,133,133,119.75,121.9,120.35,121.65,65,3090,375928,
526269,"CRESTCHEM LTD.",X,STK,87.76,92,86.9,87.24,87.02,86.9,46,1421,126067,
526299,"MPHASIS LTD.",A,STK,2120,2120,2038,2045.5,2050,2123.6,462,2924,6029342,
526315,"DIVYASHAKTI LIMITED",X,STK,50.6,50.61,48,48.29,48.22,49.21,34,1840,89192,
526325,"ORIENT PRESS LTD.",B,STK,62.9,62.9,59,59.73,59.2,62.9,9,263,16325,
526335,"SHREYAS INTERMEDIATES LTD.",X,STK,6.45,6.77,6.3,6.33,6.32,6.63,30,11160,70954,
526345,"PANJON LTD.",X,STK,27.09,27.75,25.5,26.19,26.1,28.36,186,37834,1000770,
526355,"DUROPACK LTD.",X,STK,51,51,48.9,50.99,50.99,52.88,29,1107,55515,
526365,"SWARNSARITA JEWELS INDIA LIMIT",X,STK,31.98,31.98,30.82,31.12,30.82,31.59,28,4914,152620,
526367,"GANESH HOUSING LIMITED",A,STK,615,615,594.35,596.5,594.35,621.75,175,2157,1296323,
526371,"NMDC LTD.",A,STK,78.38,78.86,77.5,77.89,77.89,79.5,6436,874159,68246157,
526381,"PATEL INTEGRATED LOGISTICS LTD",B,STK,11.24,11.24,9.46,9.47,9.46,9.59,126,6051,58988,
526397,"ALPHAGEO (INDIA) LTD.",B,STK,181.2,184.8,181.2,183.05,184.8,181.6,17,172,31448,
526407,"HAMPTON SKY REALTY LIMITED",X,STK,9.68,9.68,9.25,9.48,9.48,9.66,92,14044,132391,
526409,"KKALPANA INDUSTRIES (INDIA) LT",X,STK,7.3,7.46,7,7.06,7.05,7.13,89,11599,83190,
526415,"OK PLAY INDIA LTD.",X,STK,4.29,4.29,4.1,4.18,4.24,4.18,361,1342361,5645807,
526423,"KRITI INDUSTRIES (INDIA) LTD.",B,STK,77.1,77.1,72.71,75.7,73,77.15,12,536,40603,
526433,"ASM TECHNOLOGIES LTD.",B,STK,2214,2277.85,2190,2204.2,2204.2,2257.1,1354,18743,41775254,
526435,"PERFECTPAC LTD.",X,STK,79.85,80.01,79.85,80,80,77.25,12,644,51495,
526439,"AMBITIOUS PLASTOMAC COMPANY LT",X,STK,10.5,11.02,9.98,10.98,10.98,10.5,29,2774,28891,
526441,"VISION CINEMAS LTD.",XT,STK,1.21,1.28,1.16,1.24,1.23,1.22,29,7419,9343,
526443,"Artificial Electronics Intelli",X,STK,113.95,117.05,111,114.6,114.6,113.6,293,33604,3835801,
526445,"INDRAYANI BIOTECH LTD.",X,STK,7.01,8.24,6.1,7.79,7.92,6.9,350,292353,2262683,
526468,"EURO LEDER FASHION LTD.",X,STK,17.4,17.4,17.33,17.36,17.33,17.25,5,23,399,
526471,"WINSOME BREWERIES LTD.",X,STK,22.8,24.5,21.61,22.36,22.9,23.13,114,7634,174212,
526473,"ELEGANT FLORICULTURE & AGROTEC",X,STK,4.72,4.84,4.46,4.63,4.67,4.67,64,14101,65915,
526479,"SKY INDUSTRIES LTD.",X,STK,80.89,82.1,80.8,80.86,82.1,80.9,5,204,16495,
526481,"PHOENIX INTERNATIONAL LTD.",X,STK,32.61,32.61,32.61,32.61,32.61,32.61,5,135,4402,
526488,"BHUDEVI INFRA PROJECTS LIMITED",XT,STK,249.55,249.55,249.55,249.55,249.55,249.55,1,7,1746,
526490,"PRATIK PANELS LTD.",X,STK,7.5,7.75,6.84,6.88,6.88,7.53,96,171008,1190126,
526492,"Rishiroop Limited",X,STK,83.04,83.68,79.74,80.11,80.11,83.04,38,2550,205337,
526506,"SYSTEMATIX CORPORATE SERVICES",B,STK,63.05,64,61.32,62.63,64,64.19,70,3117,195931,
526508,"Shahi Shipping Limited",X,STK,13.75,13.81,13.37,13.64,13.64,13.69,18,246,3358,
526519,"ALPINE HOUSING DEVELOPMENT COR",X,STK,95,95,84.01,86.32,86.01,89.35,12,213,18443,
526521,"SANGHI INDUSTRIES LTD.",B,STK,52.8,52.8,50,50.21,50.25,52.72,107,6070,307931,
526525,"WORLDWIDE ALUMINIUM LIMITED",XT,STK,21.89,21.89,20.8,20.9,20.9,21.89,10,656,13694,
526530,"IIRM HOLDINGS INDIA LIMITED",X,STK,82,85.43,82,85.29,85.4,83.98,37,1860,155869,
526532,"SQUARE FOUR PROJECTS INDIA LIM",X,STK,8.04,8.67,8.01,8.66,8.66,8.69,10,110,889,
526544,"SGL RESOURCES LIMITED",X,STK,2.02,2.1,2.02,2.05,2.1,2.05,107,200940,416135,
526546,"CHOKSI LABORATORIES LTD.",X,STK,108.95,112,106,109,110,104.4,31,2275,247719,
526550,"COUNTRY CLUB HOSPITALITY AND H",B,STK,12.14,12.8,11.7,12.48,12.48,12.29,35,1433,17169,
526554,"SALGUTI INDUSTRIES LTD.",X,STK,30,30,30,30,30,29,2,3,90,
526570,"MIDWEST GOLD LTD.",T,STK,4089,4274,3889.9,4257.5,4257.5,4094.6,374,4635,19172685,
526582,"TPL PLASTECH LTD.",B,STK,63.75,63.76,60.81,60.98,60.81,64.7,93,2297,143607,
526586,"WIM PLAST LTD.",X,STK,363.9,363.9,350,354,354.5,363.9,345,12899,4563352,
526596,"LIBERTY SHOES LTD.",B,STK,250.15,250.45,246.4,247.6,249.5,254.95,44,2017,501855,
526604,"LIPPI SYSTEMS LTD.",XT,STK,36.05,36.05,36.05,36.05,36.05,37.94,22,6230,224591,
526608,"ELECTROTHERM (INDIA) LTD.",B,STK,626.6,632.35,601.1,606.5,606,626.95,30,297,182933,
526612,"BLUE DART EXPRESS LTD.",A,STK,5169,5208.05,5064,5074.55,5066,5261.2,444,1681,8601808,
526614,"EXPO ENGINEERING AND PROJECTS",X,STK,58.72,59.4,50.46,51.37,51.01,56.53,220,20381,1083114,
526616,"NATIONAL PLASTIC INDUSTRIES LT",X,STK,44,45.76,42.6,43.2,42.6,44.84,41,3799,166950,
526622,"MFL INDIA LTD.",X,STK,0.39,0.39,0.37,0.38,0.39,0.39,242,307946,117560,
526628,"AJWA FUN WORLD & RESORT LTD.",P,STK,48.8,48.8,48.8,48.8,48.8,48.8,1,100,4880,
526638,"TEXEL INDUSTRIES LTD.",X,STK,74.8,74.8,72.02,72.36,73.49,73.6,46,12314,891277,
526640,"ROYALE MANOR HOTELS & INDUSTRI",X,STK,29.56,30.98,29.56,30.52,30.53,29.7,10,347,10587,
526642,"MIRZA INTERNATIONAL LTD.",B,STK,31,31.09,30.32,30.68,31.09,31.31,100,8660,265551,
526650,"TOURISM FINANCE CORPORATION OF",B,STK,65.5,66.8,64.8,65.38,65.6,66.45,380,112707,7424696,
526654,"THAKKERS DEVELOPERS LTD.",X,STK,115.8,115.8,106,106,106,111.55,3,13,1448,
526662,"RAJDARSHAN INDUSTRIES LTD.",B,STK,39.03,39.03,39.03,39.03,39.03,39.03,7,31,1209,
526666,"BHARTIYA INTERNATIONAL LTD.",B,STK,714,714,706.8,708.25,708.25,715.35,6,27,19123,
526668,"KAMAT HOTELS (INDIA) LTD.",B,STK,181.75,183.55,178,180.1,178,184.1,61,1716,311567,
526675,"TIRTH PLASTIC LTD.",XT,STK,23.5,24.4,23.5,24.08,24,23.25,5,759,18434,
526677,"DSJ KEEP LEARNING LIMITED",B,STK,1.9,1.9,1.72,1.88,1.88,1.9,17,1094,1937,
526703,"ECOPLAST LTD.",X,STK,499,499.1,480.3,481.75,497,499.1,11,1726,836409,
526705,"ELEGANT MARBLES & GRANI INDUST",X,STK,179,188.65,173.5,183.2,180,177.25,24,571,104810,
526709,"BITS LTD.",X,STK,7.41,7.94,7.41,7.6,7.65,7.74,329,54203,414017,
526711,"ADARSH PLANT PROTECT LTD.",X,STK,31.31,31.84,30.88,31.84,31.84,32.5,6,2501,77496,
526717,"HCP PLASTENE BULKPACK LIMITED",X,STK,180,180,176,178,178,177.85,29,1079,191504,
526721,"NICCO PARKS & RESORTS LTD.",X,STK,63.31,65,63,63.05,63.05,65.28,59,3351,212898,
526723,"NTC INDUSTRIES LTD.",X,STK,158,158,154,156.3,154,158,70,4679,736847,
526725,"SANDESH LTD.",B,STK,930.35,935,926,926.3,926.05,941.5,40,70,65021,
526727,"GARNET CONSTRUCTION LTD.",XT,STK,89.42,91.78,85.2,88.43,91.78,89.42,31,6470,559969,
526729,"GOLDIAM INTERNATIONAL LTD.",A,STK,298.95,299.05,290.25,291.5,291.5,306.15,794,30229,8885066,
526731,"BRIGHT BROTHERS LTD.",X,STK,205,212,194.85,201.3,201.3,210.5,103,7420,1478089,
526739,"NARMADA GELATINES LTD.",X,STK,347.7,349.85,343,345.15,345.3,347.7,48,1059,366287,
526747,"PG FOILS LTD.",X,STK,210,222,210,220.05,222,211.75,171,28352,6172304,
526755,"VELAN HOTELS LTD.",X,STK,5.7,5.9,5.42,5.44,5.44,5.67,16,4082,23229,
526761,"HOWARD HOTELS LTD.",X,STK,25.25,26.15,23.83,23.83,23.83,23.09,28,3549,92429,
526775,"VALIANT COMMUNICATIONS LTD.",XT,STK,1017.25,1069.8,1002,1039.25,1039.25,1023.1,205,5974,6197768,
526783,"DR.AGARWALS EYE HOSPITAL LTD.",B,STK,4705.4,4776.15,4700,4726.4,4744.9,4776.25,136,1179,5549294,
526797,"GREENPLY INDUSTRIES LTD.",B,STK,197.1,201.4,195.45,196.45,196.45,200.85,351,14532,2904641,
526807,"SEAMEC LTD.",B,STK,1375.8,1426.05,1350.8,1362.25,1362.25,1381.4,542,4681,6474733,
526813,"RAGHUNATH INTERNATIONAL LTD.",X,STK,10.17,11.75,9.97,11.75,11.75,10.17,5,53,567,
526817,"CHEVIOT CO.LTD.",B,STK,990,1000,979.8,980,979.8,989.75,18,348,342306,
526821,"DAI-ICHI KARKARIA LTD.",X,STK,251.2,251.2,236.1,239.1,236.1,251.2,90,6493,1563797,
526827,"SPICE ISLANDS INDUSTRIES LIMIT",XT,STK,242.15,242.15,232.75,232.75,232.75,237.45,46,4225,989563,
526829,"CONFIDENCE PETROLEUM INDIA LTD",B,STK,36.55,39.9,34.92,36.46,36.46,36.62,2072,261569,9825619,
526839,"SHELTER INFRA PROJECTS LTD.",X,STK,13.5,13.56,13.5,13.56,13.56,13.5,7,74,1001,
526841,"SHAKTI PRESS LTD.",X,STK,27.99,27.99,25.45,27.28,27.38,26.72,20,961,26349,
526847,"ASHIRWAD STEELS & INDUSTRIES L",X,STK,22.97,24.39,22.97,23.99,24,22.97,16,808,19200,
526849,"BANARAS BEADS LTD.",B,STK,113.75,113.8,108,109.5,113.15,114.3,16,30,3300,
526851,"AREX INDUSTRIES LTD.",X,STK,106.3,106.3,106.3,106.3,106.3,107.35,1,69,7334,
526853,"BILCARE LTD.",X,STK,56.69,56.9,55.5,55.99,56.49,56.96,54,10559,592420,
526859,"ISF LIMITED",X,STK,0.89,0.89,0.8,0.86,0.86,0.9,28,21867,18303,
526861,"RISHI LASER LTD.",X,STK,107.3,109.85,106,107.7,108,108.45,37,3799,406354,
526865,"JAINCO PROJECTS (INDIA) LTD.",X,STK,4.76,4.76,4.76,4.76,4.76,4.76,8,261,1242,
526869,"KUMBHAT FINANCIAL SERVICES LTD",X,STK,20.15,20.5,20.15,20.5,20.5,20.57,3,1000,20479,
526871,"INTEC CAPITAL LTD.",X,STK,10.19,11,9.91,10.78,10.98,10.51,17,180,1886,
526873,"RAJASTHAN SECURITIES LIMITED",X,STK,35.1,35.1,33.85,35,35,34.91,26,2947,102976,
526877,"SIDDHESWARI GARMENTS LTD.",X,STK,21.35,22.52,20.38,21.46,22,21.45,11,21,464,
526881,"63 Moons Technologies Limited",A,STK,542.8,551.4,529,531.15,536.6,557.65,512,12988,7030078,
526885,"SARLA PERFORMANCE FIBERS LTD.",B,STK,81,82.75,80.92,81.78,81.83,81.75,145,6578,539241,
526887,"INDO CREDIT CAPITAL LTD.",XT,STK,5.49,5.49,5.49,5.49,5.49,5.23,1,300,1647,
526891,"MARKET CREATORS LTD.",X,STK,11,11,11,11,11,11.51,1,12,132,
526899,"HIMALAYA FOOD INTERNATIONAL LI",X,STK,7.3,8,7.3,7.9,7.9,7.99,186,316014,2489286,
526901,"SONAL ADHESIVES LTD.",X,STK,34.85,34.85,32.06,34.22,34.49,33.66,16,1435,46222,
526921,"TWENTYFIRST CENTURY MANAGEMENT",B,STK,33,33,31.77,33,33,32.41,11,343,11029,
526931,"HARIYANA SHIP BREAKERS LTD.",X,STK,96,100,93.85,98.1,98,96.9,144,7845,766833,
526935,"Kalind Limited",XT,STK,84.53,89.84,84.53,86.62,87.5,87.05,431,381669,33084217,
526941,"VAISHNO CEMENT CO.LTD.",P,STK,3.53,3.53,3.53,3.53,3.53,3.71,3,1200,4236,
526945,"TYROON TEA CO.LTD.",X,STK,82.21,82.21,78.99,79.49,79.31,85.87,33,1562,125029,
526947,"LA OPALA RG LTD.",B,STK,185.2,188.65,182.25,185.6,185.05,186.35,222,3467,644945,
526951,"STYLAM INDUSTRIES LIMITED",B,STK,2214.7,2224.5,2201,2212.5,2205.5,2217.05,95,524,1160642,
526953,"VENUS REMEDIES LTD.",B,STK,870.1,915,851.05,857.55,859.15,895.8,309,4300,3717750,
526961,"LAST MILE ENTERPRISES LIMITED",X,STK,4,4,3.56,3.8,3.8,3.84,715,514413,1973794,
526965,"GUJARAT CRAFT INDUSTRIES LTD.",X,STK,99.1,99.1,97.95,98.75,98.75,99.8,54,2784,273959,
526967,"HEERA ISPAT LTD.",X,STK,7.49,7.49,6.83,6.83,6.83,6.28,8,1621,11285,
526971,"DHOOT INDUSTRIAL FINANCE LTD.",X,STK,204.5,204.5,189,199,196.5,194.2,46,1149,226852,
526981,"SHRI BAJRANG ALLIANCE LIMITED",X,STK,150.75,162.7,150.75,159,155.2,150.95,103,5247,824841,
526987,"URJA GLOBAL LTD.",B,STK,9.45,9.45,8.91,8.96,8.96,9.28,724,176228,1601575,
527001,"ASHAPURA MINECHEM LTD.",A,STK,498,503.4,481.6,484.25,484.25,508.35,791,22495,11083079,
527005,"SHREE PACETRONIX LTD.",X,STK,116.25,116.35,107.7,108.6,112.9,116.35,30,1415,157396,
530001,"GUJARAT ALKALIES & CHEMICALS L",B,STK,429,509,423.85,486.6,486.6,431.4,77865,5624992,2721566118,
530005,"INDIA CEMENTS LTD.",A,STK,368.7,368.7,353.75,355.6,356.65,369.35,270,9813,3519924,
530007,"JK TYRE & INDUSTRIES LTD.",A,STK,420.15,427.7,410.65,412.4,415.85,437.1,3490,103113,43228158,
530017,"STANDARD INDUSTRIES LTD.",B,STK,13.6,14.17,13.29,13.9,13.9,13.81,46,5765,79161,
530019,"JUBILANT PHARMOVA LIMITED",A,STK,846,861.25,836.75,850.45,842,856.7,718,11657,9877768,
530023,"THE INVESTMENT TRUST OF INDIA",B,STK,99.48,104.95,97.15,97.5,97.5,99.89,17,1129,111675,
530025,"SAMYAK INTERNATIONAL LTD.",X,STK,13.74,14.78,12.17,13.2,12.68,13.78,32,84003,1151108,
530027,"AADI INDUSTRIES LTD.",XT,STK,8.34,8.35,8.14,8.14,8.14,8.18,13,146,1195,
530037,"SPARKLE GOLD ROCK LIMITED",X,STK,65.55,72.45,65.55,72.45,72.45,69,22,3215,229513,
530043,"ACKNIT INDUSTRIES LTD.",X,STK,262.7,279.95,258,259.65,279.95,280.9,11,37,9683,
530045,"TITAN SECURITIES LTD.",X,STK,38.84,39,38.15,38.4,38.4,38.65,31,862,33302,
530053,"REAL ECO-ENERGY LIMITED",X,STK,4.52,5.36,4.5,4.5,4.59,4.87,174,867308,3906258,
530057,"Vivanza Biosciences Limited",X,STK,1.9,1.91,1.9,1.91,1.91,1.91,16,26922,51184,
530063,"YASHRAJ CONTAINEURS LTD.",XT,STK,4.55,4.56,4.16,4.56,4.56,4.35,22,3479,15250,
530065,"LORDS ISHWAR HOTELS LIMITED",X,STK,15.2,17.8,15.2,17.7,17.7,16.31,4,298,4912,
530067,"CSL Finance Limited",B,STK,244.95,244.95,239.3,242.45,242.45,247.9,14,1131,272479,
530073,"SANGHVI MOVERS LTD.",B,STK,251.65,252.25,243,244.4,245.8,253.15,564,21587,5360192,
530075,"Antelopus Selan Energy Limited",B,STK,538.45,553,523.25,530.3,529.05,531.75,467,9795,5267234,
530077,"PURETROP FRUITS LIMITED",X,STK,179,179,176,177.1,178,176.75,62,6062,1073705,
530079,"FAZE THREE LTD.",T,STK,430.05,434,421.25,421.6,421.8,443.4,59,2305,973103,
530109,"ANUPAM FINSERV LIMITED",X,STK,2.1,2.1,2.01,2.03,2.06,2.15,204,168219,344646,
530111,"RAJ PACKAGING INDUSTRIES LTD.",X,STK,27.97,27.97,26.25,26.55,26.55,27.97,3,249,6597,
530117,"PRIVI SPECIALITY CHEMICALS LIM",A,STK,2832.15,2980.5,2832.15,2916.65,2911.55,2993.8,440,1635,4813955,
530119,"NATRAJ PROTEINS LTD.",X,STK,41.93,41.93,36.01,38.35,38,35.46,429,46772,1854326,
530125,"SAMRAT PHARMACHEM LTD.",X,STK,215.25,215.25,205.2,208.95,209,215.65,49,1470,309823,
530127,"NPR FINANCE LTD.",X,STK,19,19.69,18.45,18.53,18.53,19.75,16,2581,47956,
530129,"NILE LTD.",X,STK,1600,1600,1521.2,1533.25,1533.25,1601.4,133,1173,1821243,
530133,"AMCO INDIA LTD.",X,STK,65,71.94,62.5,63.05,62.5,65,10,161,10462,
530135,"OPTIEMUS INFRACOM LTD",B,STK,337.95,341.55,331.45,333.4,333,350.8,391,12266,4113158,
530139,"KREON FINNANCIAL SERVICES LTD.",X,STK,34,34,29.5,29.91,30,33.03,62,8172,249400,
530141,"GYAN DEVELOPERS & BUILDERS LTD",X,STK,33.7,35.79,33.6,35.79,35.79,35.79,6,246,8301,
530145,"KISAN MOULDINGS LTD.",X,STK,23.72,23.72,22.5,22.98,23,23.82,406,80555,1857234,
530163,"KERALA AYURVEDA LTD.",X,STK,185.9,186.45,180.6,186,186,185.9,107,6265,1156662,
530167,"MOONGIPA CAPITAL FINANCE LTD.",X,STK,14.86,14.86,14.29,14.34,14.37,14.48,25,37638,538960,
530169,"MOHIT PAPER MILLS LTD.",X,STK,29,29,27.5,28.29,28.49,29.2,9,306,8519,
530171,"DAULAT SECURITIES LTD.",X,STK,29.48,29.48,26.3,27.51,28,29.48,25,363,10159,
530175,"ODYSSEY TECHNOLOGIES LTD.",X,STK,47.85,49.21,45.75,46.15,46.15,47.85,94,27714,1307293,
530179,"RSC INTERNATIONAL LTD.",X,STK,28,28,26,27.35,27.35,27.24,9,27569,760856,
530185,"Surat Trade and Mercantile Lim",X,STK,4.23,4.23,4.05,4.13,4.13,4.14,204,133548,550287,
530187,"ATHARV ENTERPRISES LTD.",X,STK,4.19,4.19,3.12,3.63,3.63,3.83,18,12561,44040,
530197,"FUNDVISER CAPITAL (INDIA) LIMI",XT,STK,331.65,331.65,327,327.6,328,330,8,230,75423,
530199,"THEMIS MEDICARE LTD.",B,STK,77.23,77.78,74.93,75.26,75.2,77.56,125,4493,343691,
530201,"KALLAM TEXTILES LTD",X,STK,2.83,2.9,2.63,2.81,2.81,2.76,110,66537,188226,
530213,"FORTUNE INTERNATIONAL LTD.",X,STK,63,64.78,62,62,62,62,13,3372,212209,
530215,"KINGS INFRA VENTURES LIMITED",X,STK,112,112,109.25,110.9,109.8,112.35,167,18751,2075702,
530217,"SWOJAS FOODS LIMITED",X,STK,10.78,10.78,9.96,10.3,10.3,10.27,46,56110,590078,
530233,"AURO LABORATORIES LTD.",XT,STK,270.15,282.9,270.15,280.5,281,280.1,15,170,47187,
530235,"KJMC FINANCIAL SERVICES LTD.",X,STK,44.3,45.42,42.81,44.99,44.99,44.3,29,7883,339309,
530239,"SUVEN LIFE SCIENCES LTD.",B,STK,137.9,137.9,132.35,133.05,133.55,137.9,434,13790,1864900,
530245,"ARYAMAN FINANCIAL SERVICES LTD",X,STK,615,619.85,595,600.05,600.1,616,15,228,136855,
530249,"BRIDGE SECURITIES LTD.",X,STK,13.61,14,13.05,13.71,13.71,13.6,186,84869,1165287,
530251,"RISA INTERNATIONAL LTD.",X,STK,0.52,0.58,0.49,0.55,0.57,0.51,217,531310,285042,
530253,"RAJASTHAN TUBE MANUFACTURING C",X,STK,14.86,14.86,14.12,14.5,14.12,14.86,68,55831,793515,
530255,"KAY POWER AND PAPER LTD.",X,STK,8.27,8.84,8.16,8.34,8.26,8.29,84,19874,166089,
530259,"INTER STATE OIL CARRIER LTD.",X,STK,33,36.86,32.25,33.21,33.29,34.73,74,6433,213744,
530263,"GLOBAL CAPITAL MARKETS LTD.",X,STK,0.52,0.53,0.5,0.51,0.51,0.52,115,119984,61020,
530265,"SAINIK FINANCE & INDUSTRIES LT",X,STK,37,37,31.5,34.1,34.1,35,23,5099,167246,
530267,"ARIGATO UNIVERSE LIMITED",X,STK,58.31,60.99,57,59.83,60.99,58.94,19,491,28937,
530289,"SP CAPITAL FINANCING LTD.",X,STK,56.12,56.12,55.1,56.12,56.12,56.12,11,250,13997,
530299,"KOTHARI PRODUCTS LTD.",B,STK,63.28,63.28,63,63,63,64.48,5,110,6946,
530305,"PICCADILY AGRO INDUSTRIES LTD.",B,STK,540,560.5,537.5,540.6,540.6,546.45,638,31701,17459843,
530307,"CHAMAN LAL SETIA EXPORTS LTD.",B,STK,239,240.85,232.8,233,233,241.85,104,3174,743404,
530309,"CHANDRA PRABHU INTERNATIONAL L",X,STK,13.07,14,12.75,13.79,13.8,13.01,121,50380,694130,
530313,"KIMIA BIOSCIENCES LIMITED",X,STK,28.58,30,28.5,29.3,29.3,29.31,37,2310,67301,
530315,"HINDUSTAN TIN WORKS LTD.",X,STK,99.85,100.65,97.2,98.1,99.5,100.7,106,6338,626060,
530317,"GODAVARI DRUGS LTD.",X,STK,84,90,83.27,85.04,85.05,86.67,78,9331,803589,
530331,"PREMCO GLOBAL LTD.",X,STK,421.4,421.4,412,416.3,416.9,423.35,61,403,167829,
530341,"MUKESH BABU FINANCIAL SERVICES",X,STK,115.55,115.55,111,111.95,111.8,123.55,12,250,27808,
530343,"GENUS POWER INFRASTRUCTURES LT",A,STK,240.05,251,240.05,244.25,244.05,247.8,686,28803,7086421,
530355,"ASIAN ENERGY SERVICES LTD",B,STK,286.05,290,279.35,283.5,281.05,290.2,197,5789,1660041,
530357,"KBS INDIA LIMITED",XT,STK,1.17,1.21,1.12,1.18,1.18,1.17,112,50468,59534,
530361,"PRABHHANS INDUSTRIES LIMITED",X,STK,32.82,36.17,32.81,32.92,32.82,34.53,13,657,21751,
530363,"UGAR SUGAR WORKS LTD.",B,STK,37,37.83,36.44,37.13,37.2,37.16,201,17988,668190,
530365,"ORIENT BELL LIMITED",B,STK,279.8,287.2,267.8,270.9,282.35,276,90,547,150269,
530367,"NRB BEARINGS LTD.",B,STK,254,255.2,246.5,247.55,250.55,256.75,243,6943,1744716,
530369,"VAMSHI RUBBER LTD.",X,STK,42.15,44.84,42,44.8,44.84,44.2,12,1408,61886,
530377,"NILA INFRASTRUCTURES LTD.",B,STK,7.2,7.25,7.03,7.05,7.09,7.24,109,34876,249075,
530393,"DB (INTERNATIONAL) STOCK BROKE",B,STK,26.54,26.54,24.8,24.99,25,25.66,66,5424,142203,
530401,"VINYOFLEX LTD.",X,STK,41.35,44,40.5,41.17,42.5,41.31,11,296,12559,
530405,"JINDAL CAPITAL LTD.",X,STK,30,32.19,28.6,30.2,30.39,29.62,58,3129,94735,
530407,"EPIC ENERGY LTD.",X,STK,30.25,30.9,28.33,29.56,29.99,30.26,80,7110,212581,
530419,"SUMEDHA FISCAL SERVICES LTD.",X,STK,39,39,32.7,32.76,32.7,33.52,64,6382,212565,
530421,"KUWER INDUSTRIES LTD.",X,STK,9.25,9.5,8.5,9.23,9.35,9.24,23,8008,69911,
530427,"CHOKSI ASIA LIMITED",X,STK,138.05,138.05,138.05,138.05,138.05,141.35,2,2,276,
530429,"ASHISH POLYPLAST LTD.",X,STK,31.86,31.86,28.38,29.7,28.42,31.86,9,157,4792,
530433,"SHIVA GLOBAL AGRO INDUSTRIES L",X,STK,43,43,38.55,39.06,39.06,40.65,69,7224,290090,
530439,"SIDDHA VENTURES LTD.",X,STK,4.49,4.49,3.27,3.8,3.8,3.88,18,2967,10756,
530443,"KIRAN SYNTEX LTD.",X,STK,13.42,13.42,13.42,13.42,13.42,14.12,2,1230,16506,
530445,"SUMERU INDUSTRIES LTD.",X,STK,1.6,1.68,1.52,1.62,1.62,1.59,64,6819,10845,
530449,"RUNGTA IRRIGATION LTD.",X,STK,47.34,49.89,46,48.28,49.2,47.34,24,1062,49711,
530457,"GTT DATA SOLUTIONS LIMITED",X,STK,54.88,55.9,52.1,53.17,53.45,55.92,113,17101,919150,
530459,"VALSON INDUSTRIES LTD.",X,STK,24.5,25.98,23.86,25.48,25.98,25,26,1049,25695,
530461,"SABOO SODIUM CHLORO LTD.",X,STK,12.36,12.45,11.64,11.74,11.98,12.29,162,24621,290841,
530469,"GSL SECURITIES LTD.",XT,STK,38.92,38.92,38.92,38.92,38.92,37.07,5,1050,40866,
530475,"TINNA RUBBER AND INFRASTRUCTUR",B,STK,662,662,619,630,630,628.9,188,3153,1983705,
530477,"VIKRAM THERMO (INDIA) LTD.",X,STK,140,146.95,138.8,142.2,142.2,144.9,130,3968,561562,
530495,"STRATMONT INDUSTRIES LIMITED",XT,STK,69.5,69.5,69.09,69.09,69.09,72.72,6,164,11334,
530499,"A.K.CAPITAL SERVICES LTD.",X,STK,1549.95,1560,1527,1538.95,1528,1558,31,491,758373,
530517,"RELAXO FOOTWEARS LTD.",A,STK,279.05,280,271.3,272.55,272.55,285.65,1695,36705,10137385,
530521,"VIRAT INDUSTRIES LTD.",X,STK,327,327,315,315.15,315,327.55,35,5340,1683987,
530525,"RAJNISH RETAIL LIMITED",X,STK,2.85,3.06,2.83,2.94,2.95,2.97,520,641410,1865172,
530533,"TERAI TEA CO.LTD.",X,STK,98.1,98.1,95,95.95,96,97.5,11,171,16549,
530545,"COSCO (INDIA) LTD.",X,STK,183,183,172,172.95,177.4,183.6,51,989,172628,
530547,"KEN FINANCIAL SERVICES LTD.",X,STK,8.64,8.64,8.64,8.64,8.64,8.9,1,50,432,
530549,"SHILPA MEDICARE LTD.",A,STK,320.6,325.05,313.5,314.65,313.85,324.6,474,20653,6571661,
530555,"PARAMOUNT COMMUNICATIONS LTD.",B,STK,34.4,35.55,34.07,34.35,34.32,35.12,431,54499,1899676,
530557,"NCL RESEARCH & FINANCIAL SERVI",X,STK,0.43,0.44,0.42,0.43,0.43,0.44,515,1571543,673388,
530571,"EXPLICIT FINANCE LTD.",X,STK,11.23,11.23,10.17,10.41,10.41,10.7,10,193,2041,
530577,"LADDERUP FINANCE LTD.",X,STK,49.1,51,49,49.05,49.05,52.01,9,605,29930,
530579,"U. Y. FINCORP LIMITED",B,STK,13.99,14.2,12.81,13.09,13.43,13.56,97,20947,278392,
530581,"EKAM LEASING & FINANCE CO.LTD.",X,STK,5.32,5.51,5.32,5.51,5.51,5.6,5,171,923,
530585,"SWASTIKA INVESTMART LTD.",X,STK,53,55,50.1,52.19,50.2,53.05,131,16137,844796,
530589,"PRIMA PLASTICS LTD.",X,STK,105,105,102,102.1,102.1,103.9,31,469,48170,
530595,"TELECANOR GLOBAL LTD.",XT,STK,41.3,43.75,40,40,40,42.1,104,67248,2697181,
530615,"GARG FURNACE LTD.",X,STK,147,147,136.5,139.45,139.45,147.25,35,1171,166712,
530617,"SAMPRE NUTRITIONS LTD.",X,STK,22.85,22.85,21.57,21.57,21.57,22.7,355,135502,2936109,
530621,"Akar Auto Industries Limited",X,STK,90.15,94.44,90.15,91.77,91.76,95.3,19,417,38258,
530627,"Vipul Organics Limited",X,STK,186.85,186.85,176,176.9,178.7,182.35,44,9868,1787766,
530643,"ECO RECYCLING LTD.",B,STK,305,314.8,299,301.6,301.6,307,908,19940,6099737,
530655,"Goodluck India Limited",B,STK,1032.85,1043.9,1011.7,1015.65,1013,1056.45,211,2049,2114786,
530663,"GOYAL ASSOCIATES LTD.",X,STK,0.84,0.85,0.84,0.85,0.85,0.85,37,12814,10858,
530665,"ZENITH HEALTH CARE LTD.",X,STK,3.24,3.52,3.1,3.36,3.36,3.18,153,36081,119599,
530675,"YORK EXPORTS LTD.",X,STK,57,57,56.89,56.89,56.89,54.38,4,10,569,
530677,"SUPREME HOLDINGS & HOSPITALITY",B,STK,52.75,53.03,51.08,51.24,51.24,52.19,6,218,11239,
530689,"LYKIS LIMITED",X,STK,47.01,48.41,45.09,45.62,45.62,47.86,411,114324,5331320,
530695,"PRIME PROPERTY DEVELOPMENT COR",X,STK,20.7,22.51,18.61,20.3,20.3,20.08,80,8281,162808,
530697,"Zenlabs Ethica Limited",X,STK,19.55,19.89,18.4,19.08,19.08,19.01,37,4865,93433,
530699,"RAJ RAYON INDUSTRIES LIMITED",T,STK,21.5,21.5,20.86,20.87,20.86,21.28,19,1181,24843,
530705,"ANIRIT VENTURES LIMITED",XT,STK,35,35,33.25,34.23,34.23,35,20,3818,127773,
530709,"GOWRA LEASING & FINANCE LTD.",X,STK,85.99,86.7,79.25,80.07,85,86.99,13,214,17792,
530711,"JAGAN LAMPS LTD.",X,STK,56.7,56.7,55,56.7,56.7,56.7,15,215,12027,
530723,"ASIT C.MEHTA FINANCIAL SERVICE",X,STK,119.95,119.95,105,116.3,116.3,110.85,10,183,20422,
530733,"ENCODE PACKAGING INDIA LIMITED",X,STK,12.33,12.33,12.33,12.33,12.33,12.97,2,11,135,
530735,"SUPER BAKERS (INDIA) LTD.",X,STK,34.4,36.17,34.4,36.17,36.17,36.18,2,101,3476,
530741,"OVOBEL FOODS LTD.",X,STK,123.95,124.05,115.65,118.8,118.8,121.6,88,7501,899474,
530745,"ACS TECHNOLOGIES LIMITED",X,STK,35.46,35.46,35.46,35.46,35.46,36.18,42,6610,234390,
530747,"CHALLANI CAPITAL LIMITED",X,STK,21.48,21.48,21.48,21.48,21.48,20.5,1,1,21,
530755,"CORAL NEWSPRINTS LTD.",X,STK,8.81,8.81,8.8,8.81,8.81,8.76,9,1480,13028,
530759,"STERLING TOOLS LTD.",B,STK,182,184.25,178,178.95,179.35,187.4,220,3822,690616,
530765,"AGARWAL FORTUNE INDIA LIMITED",X,STK,18.9,18.9,18.9,18.9,18.9,18.01,3,38,718,
530787,"INLAND PRINTERS LTD.",XT,STK,53.5,53.5,48.78,48.8,48.8,51.34,13,2096,102254,
530795,"SUNCITY SYNTHETICS LTD.",XT,STK,10.42,10.42,10.37,10.37,10.37,9.93,2,549,5713,
530799,"ANNA INFRASTRUCTURES LTD.",X,STK,28.94,28.94,26.22,28.76,28.83,27.59,25,3906,102577,
530803,"Bhageria Industries Limited",B,STK,142.2,148.8,141.6,143.95,142.45,147.85,81,1200,174902,
530805,"ONESOURCE INDUSTRIES AND VENTU",X,STK,6.34,6.7,6.08,6.23,6.18,6.48,121,42700,271350,
530809,"BNR UDYOG LTD.",X,STK,35,35,33,33.71,33.71,35.04,20,379,12750,
530813,"KRBL LTD.",A,STK,281.95,287.15,278.05,279.75,280.3,291.8,637,26939,7601376,
530821,"SSPDL LTD.",XT,STK,13.92,13.92,13.58,13.58,13.58,13.26,9,2088,28731,
530825,"DAIKAFFIL CHEMICALS INDIA LTD.",X,STK,41.7,41.7,40,41.7,41.7,39.72,42,16002,663128,
530829,"CIL SECURITIES LTD.",X,STK,35.64,36.35,35.64,36.34,36.34,35.64,5,172,6180,
530839,"CLIO INFOTECH LTD.",X,STK,6.6,6.93,6.28,6.93,6.93,6.6,26,2952,19293,
530843,"CUPID LTD.",B,STK,78.75,79.95,77.85,78.75,78.75,79.3,3267,581308,45754276,
530845,"SUNSHIELD CHEMICALS LTD.",X,STK,787.85,787.85,770.1,777.7,785,784,61,789,614219,
530853,"HIPOLIN LTD.",X,STK,53.9,53.9,52.25,52.25,52.25,55,24,1164,60918,
530855,"GDL LEASING & FINANCE LTD.",XT,STK,83.15,83.15,81.15,81.15,81.15,82.8,4,610,49503,
530871,"Chembond Material Technologies",B,STK,127,147,125,128.45,125,127.8,53,278,36339,
530879,"CAPITAL INDIA FINANCE LIMITED",B,STK,25.51,26.3,25.01,25.09,25.01,26.46,66,8335,212287,
530881,"Arunjyoti Bio Ventures Limited",X,STK,7.41,8.38,7.04,7.07,7.07,7.82,376,202939,1484232,
530883,"SUPER CROP SAFE LTD.",X,STK,7.67,7.79,7.6,7.65,7.61,7.67,57,71599,547028,
530897,"N.G.INDUSTRIES LTD.",X,STK,125,127.45,125,127.45,127.45,127.75,2,255,31887,
530899,"ASIA PACK LTD.",X,STK,37.85,37.85,37.85,37.85,37.85,36.05,1,2836,107342,
530909,"ERP SOFT SYSTEMS LTD.",X,STK,46.25,46.25,46.25,46.25,46.25,48.25,1,1,46,
530919,"REMSONS INDUSTRIES LTD.",B,STK,91,91,86,86.45,87,91,176,3830,336549,
530925,"RAMSONS PROJECTS LTD.",XT,STK,102.95,102.95,93.8,98.5,98.5,98.7,21,299,28215,
530931,"STANPACKS (INDIA) LTD.",X,STK,11.39,11.39,11.38,11.38,11.38,11.39,9,1015,11550,
530943,"Aqylon Nexus Limited",B,STK,68.5,68.5,68.5,68.5,68.5,72.1,129,3912,267972,
530951,"RAMINFO LIMITED",X,STK,63.5,63.5,55.99,56.53,58.59,62.82,125,13156,768341,
530953,"SUNIL AGRO FOODS LTD.",X,STK,91.45,93,86.93,86.93,86.93,91.5,28,777,67730,
530959,"DIANA TEA CO.LTD.",X,STK,24.29,24.75,23.51,24.24,24.25,24.15,27,4915,119196,
530961,"Vikas EcoTech Limited",B,STK,1.3,1.3,1.22,1.26,1.26,1.32,5012,631351,795157,
530965,"INDIAN OIL CORPORATION LTD.",A,STK,145.75,146.65,142.05,142.7,142.7,148.5,16105,1551504,222901685,
530973,"ALFA ICA (INDIA) LTD.",X,STK,85.4,85.4,82.95,82.95,82.95,81.5,3,7,590,
530977,"Shri Keshav Cements and Infra",X,STK,154,154,139.25,141.2,141.15,143.6,15,111,16363,
530979,"INDIA HOME LOAN LTD.",X,STK,30.33,36,30.33,32.89,32.89,33.75,48,1260,40538,
530991,"ROOPA INDUSTRIES LTD.",X,STK,44.55,44.55,41.5,42.73,43.95,43.95,3,3,130,
530993,"SARTHAK GLOBAL LTD.",X,STK,41.58,43.65,39.51,43.62,43.6,41.58,10,1476,58556,
530997,"UNIQUE ORGANICS LTD.",X,STK,89.5,89.5,80.2,82.72,80.5,80.95,29,1338,110528,
530999,"BALAJI AMINES LTD.",B,STK,1055.95,1055.95,1011.25,1028.65,1025,1065,423,4169,4313462,
531015,"VENMAX DRUGS AND PHARMACEUTICA",X,STK,21.96,26.7,21.96,25.99,25.99,24.4,16,914,24037,
531017,"ARIHANTS SECURITIES LTD.",X,STK,18,18,14.85,16.6,16.6,15.89,28,2913,46299,
531025,"VISAGAR FINANCIAL SERVICES LTD",X,STK,0.31,0.31,0.3,0.3,0.31,0.31,332,695769,210195,
531033,"REGAL ENTERTAINMENT & CONSULTA",X,STK,27.38,30.26,27.38,30.02,30.26,28.82,78,7615,226698,
531035,"ERAAYA LIFESPACES LIMITED",XT,STK,21.98,22.04,20.97,21.02,21.02,22.07,373,137725,2932744,
531039,"Swadha Nature Limited",XT,STK,10.1,10.1,10.1,10.1,10.1,10.6,1,10,101,
531041,"COMPETENT AUTOMOBILES CO.LTD.",X,STK,352,359.95,343.25,343.9,343.25,357.6,30,409,143233,
531051,"VINTAGE SECURITIES LTD.",X,STK,12.41,12.41,12.41,12.41,12.41,12.41,1,10,124,
531067,"CONTIL INDIA LTD.",X,STK,26.65,26.65,25.3,25.62,25.4,26.06,45,11625,300438,
531069,"VIJAY SOLVEX LTD.",X,STK,461,500,461,482.05,482.05,471,95,1077,508827,
531080,"SHRI KRISHNA DEVCON LTD.",X,STK,33.55,36.4,33.55,36.4,36.4,36.4,2,3,103,
531082,ALANKIT,B,STK,7.96,7.96,7,7.66,7.78,7.69,180,85850,649373,
531083,"NIHAR INFO GLOBAL LTD.",XT,STK,6.35,6.35,6.35,6.35,6.35,6.05,5,1500,9525,
531091,"UNITED CREDIT LTD.",X,STK,21,21.99,21,21.79,21.79,22.19,6,406,8530,
531092,"OM INFRA LIMITED",B,STK,86.95,87.62,82.91,84.45,84.45,89.49,395,12895,1102354,
531099,"Checkpoint Trends Limited",X,STK,52.16,52.16,52.14,52.16,52.16,49.68,51,17962,936838,
531109,"Ishan Dyes and Chemicals Limit",B,STK,51.04,52.86,50.84,52.73,52.86,52.86,32,2191,114301,
531111,"GOTHI PLASCON (INDIA) LTD.",P,STK,35.87,35.87,35,35.02,35,35.87,4,500,17594,
531112,"BALU FORGE INDUSTRIES LIMITED",A,STK,454.95,454.95,435.55,437.55,440.3,460.05,1086,27282,12116990,
531119,"CEENIK EXPORTS (INDIA) LTD.",X,STK,265.05,265.05,252.1,252.8,263.7,256.9,23,279,70740,
531120,"PATEL ENGINEERING LTD.",A,STK,24.69,25.5,24.3,24.68,24.73,24.96,970,279033,6949704,
531126,"KATI PATANG LIFESTYLE LIMITED",X,STK,24.6,24.6,22.6,22.6,22.6,23.78,47,26962,620943,
531129,"INANI MARBLES & INDUSTRIES LTD",X,STK,9.5,9.71,9.12,9.18,9.18,9.16,30,21298,199806,
531137,"GEMSTONE INVESTMENTS LTD.",X,STK,1.44,1.45,1.21,1.26,1.26,1.44,178,201446,258775,
531144,"EL FORGE LTD.",X,STK,14.25,14.93,14,14.4,14.25,14.38,47,9186,130151,
531146,"MEDICAMEN BIOTECH LTD.",B,STK,270.25,270.25,260.55,261,261,271.25,72,1145,301549,
531147,"ALICON CASTALLOY LIMITED",B,STK,662,667.35,650,650.2,651,677.15,49,180,118422,
531153,"DILIGENT INDUSTRIES LTD.",X,STK,2.33,2.34,2.24,2.26,2.28,2.38,222,94867,214642,
531155,"EPSOM PROPERTIES LTD.",X,STK,5.59,5.59,5.59,5.59,5.59,5.88,2,595,3326,
531156,"ALFAVISION OVERSEAS (INDIA) LT",XT,STK,10.68,10.68,10.68,10.68,10.68,10.18,19,18726,199993,
531157,"ORGANIC COATINGS LTD.",X,STK,21.92,22.9,20.83,20.83,20.83,21.82,6,4054,86520,
531158,"CATVISION  LIMITED",X,STK,17.48,17.5,16.5,17.5,17.5,16.72,34,4431,76789,
531161,"ABM KNOWLEDGEWARE LTD.",X,STK,209.65,217.9,205,208.1,208.1,209.65,22,1522,322411,
531162,"EMAMI LTD.",A,STK,410,415.5,403.9,405.3,407.35,417,1239,26853,10966673,
531163,"KEMISTAR CORPORATION LIMITED",X,STK,77,77,64.8,73.63,73.63,74,17,47,3315,
531168,"ASSOCIATED CERAMICS LTD.",X,STK,180,189.05,180,184.55,180,190,4,4,729,
531169,"SKP SECURITIES LTD.",X,STK,94.9,94.9,86.1,86.35,92.7,91.2,15,477,42381,
531173,"SYSCHEM (INDIA) LTD.",X,STK,44.82,45.44,43.56,44.37,44.25,45.46,110,14101,628353,
531176,"MEFCOM CAPITAL MARKETS LTD.",X,STK,11.22,11.22,10.3,10.94,10.97,11.27,43,3051,32463,
531178,"HEMANG RESOURCES LIMITED",X,STK,11,11,10.1,10.72,10.9,10.56,19,1234,13362,
531179,"ARMAN FINANCIAL SERVICES LTD.",B,STK,1483.25,1536.05,1455.75,1461.75,1458.85,1483.25,479,4063,6095893,
531190,"EFORU ENTERTAINMENT LIMITED",X,STK,97.94,97.94,90.4,90.59,90.45,95.15,38,8591,789962,
531199,"GLANCE FINANCE LTD.",X,STK,168.1,181.85,154.35,181.85,181.85,181.65,6,1062,165597,
531201,"SHILCHAR TECHNOLOGIES LTD.",B,STK,4000,4026.7,3859.95,3896.35,3896.35,4019.65,701,2983,11786611,
531203,"TRADEWELL HOLDINGS LIMITED",X,STK,77.41,77.41,77.41,77.41,77.41,73.73,1,1,77,
531205,"SPRIGHT AGRO LIMITED",XT,STK,0.54,0.54,0.5,0.51,0.51,0.52,1012,2508582,1292330,
531209,"NUCLEUS SOFTWARE EXPORTS LTD.",B,STK,812,826.95,808.05,811,808.05,830.4,391,2144,1745453,
531210,"COLINZ LABORATORIES LTD.",XT,STK,46.99,46.99,42.66,46.81,46.8,44.9,20,3391,145383,
531212,"NALIN LEASE FINANCE LTD.",X,STK,42.66,43.99,42,42.01,43.99,42.54,11,850,35850,
531213,"Manappuram Finance Ltd",A,STK,267.7,273.2,262.65,264.2,264.2,270,4149,333318,89119834,
531215,"RTS POWER CORPORATION LTD.",X,STK,101.5,101.5,96.5,97.75,97.75,100.8,68,4915,479178,
531216,"COMFORT INTECH LTD.",X,STK,6.7,7.2,6.63,7.04,7.19,7.02,754,546859,3736581,
531221,"MAYUR FLOORINGS LTD.",XT,STK,11.72,11.72,11.72,11.72,11.72,12.33,4,6,70,
531223,"ANJANI SYNTHETICS LTD.",X,STK,25.5,25.84,25.5,25.51,25.5,25.87,19,2098,53517,
531225,"XTGLOBAL INFOTECH LIMITED",B,STK,30.62,31.24,29.5,29.98,29.52,30.66,158,4358,131330,
531228,"RANDER CORPORATION LTD.",X,STK,10.44,10.44,10.04,10.04,10.04,10.24,11,3724,38705,
531233,"RASI ELECTRODES LTD.",X,STK,11.49,11.72,11.01,11.37,11.41,11.72,160,123753,1426411,
531234,"SCOOBEE DAY GARMENTS (INDIA) L",X,STK,72.9,72.9,68.03,68.65,68.65,72.28,5,1102,75117,
531235,"CITIPORT FINANCIAL SERVICES LT",XT,STK,40.07,40.07,40.07,40.07,40.07,40.88,1,8,320,
531237,"DHRUVA CAPITAL SERVICES LTD.",XT,STK,225,239.85,223.55,234.3,239.85,235.3,24,1018,232572,
531241,"LINC LIMITED",B,STK,99.8,101.45,98.5,98.55,98.55,99.8,15,438,43419,
531253,"INDIA GELATINE & CHEMICALS LTD",X,STK,309,322.4,309,316.4,320,311.5,49,816,256914,
531254,"Optimus Finance Limited",X,STK,12.89,13.11,12.7,12.87,12.81,12.92,127,38357,496435,
531255,"PARAGON FINANCE LTD.",X,STK,53.99,53.99,47.2,51.7,51.7,50.99,9,191,10104,
531257,"PRATIKSHA CHEMICALS LTD.",X,STK,16.5,16.5,16,16.24,16.39,16.31,12,1230,19946,
531259,"ESHA MEDIA RESEARCH LIMITED",X,STK,24.96,24.96,24.96,24.96,24.96,24.96,4,75,1872,
531260,"Refex Renewables & Infrastruct",XT,STK,259.6,259.6,235.05,235.75,235.6,247.25,33,549,133345,
531262,"EQUILATERAL ENTERPRISES LIMITE",X,STK,21.76,21.76,21.76,21.76,21.76,20.75,1,10,217,
531266,"V.S.T.TILLERS TRACTORS LTD.",B,STK,5234.75,5312.95,5150,5178.15,5198,5318.45,160,360,1883069,
531268,"B2B SOFTWARE TECHNOLOGIES LTD.",XT,STK,46.5,46.5,43.6,45.09,45.2,45.85,300,10876,484580,
531273,"RADHE DEVELOPERS (INDIA) LTD.",X,STK,1.5,1.5,1.39,1.46,1.45,1.5,171,312656,455624,
531274,"KINETIC TRUST LTD.",XT,STK,41.81,43.69,41.61,42.02,43.69,41.61,7,36,1512,
531278,"Elixir Capital Limited",X,STK,93,94.8,91,92.1,91.15,93.9,47,2854,262369,
531279,"Trishakti Industries Limited",X,STK,125.55,129.95,123.05,124.9,128,127.5,75,5965,755755,
531280,"PANKAJ POLYMERS LTD.",XT,STK,61.9,61.9,57.56,61.51,61.9,60.58,37,2737,158873,
531281,"MARBLE CITY INDIA LIMITED",X,STK,95,96.85,91.95,95.75,95.75,97.6,16,3856,368895,
531283,"CINDRELLA FINANCIAL SERVICES L",X,STK,8.89,8.89,8.89,8.89,8.89,8.89,1,2,17,
531287,"NATIONAL PLASTIC TECHNOLOGIES",X,STK,241,248.75,225,226.7,225,235.5,93,2866,664329,
531288,"LEAD FINANCIAL SERVICES LTD.",X,STK,18.28,18.28,18.28,18.28,18.28,18.28,1,1,18,
531289,"NATIONAL FITTINGS LIMITED",X,STK,167.8,167.8,160.35,160.5,160.5,165.2,9,52,8646,
531297,"ARTEFACT PROJECTS LTD.",X,STK,60.36,63.24,60.32,60.99,60.86,61.61,24,2302,141639,
531301,"TUSALDAH LIMITED",X,STK,132.6,132.6,120,120,120,126.3,8,152,19982,
531306,"DHP INDIA LTD.",X,STK,479.95,488,475,477.6,475,480.9,46,1838,880541,
531307,"RRIL LIMITED",X,STK,15.9,16,14.5,15.44,15.46,16.01,191,70548,1092849,
531310,"AVAILABLE FINANCE LTD.",X,STK,141.5,141.5,129,132.6,134.9,136,75,7632,997448,
531319,"MARUTI GLOBAL INDUSTRIES LIMIT",X,STK,33.1,39,33.1,38.5,38.5,38.12,23,157,5862,
531322,"SRI HAVISHA HOSPITALITY INFRAS",B,STK,1.18,1.45,1.18,1.36,1.36,1.28,15,12046,15992,
531324,"ROSELABS FINANCE LTD.",X,STK,22,22.67,20.99,20.99,20.99,22.09,5,66,1412,
531328,"KRETTO SYSCON LIMITED",X,STK,0.69,0.7,0.66,0.66,0.66,0.69,578,4711517,3202291,
531334,"VIKALP SECURITIES LTD.",X,STK,31.5,31.5,31.5,31.5,31.5,30,7,228,7182,
531335,"ZYDUS WELLNESS LTD.",A,STK,423.8,426.6,410.85,414.45,414,429.2,880,31065,13041437,
531338,"MILESTONE GLOBAL LTD.",X,STK,17.58,17.58,17.58,17.58,17.58,16.75,1,100,1758,
531340,"BERVIN INVESTMENT & LEASING LT",X,STK,69.3,69.3,67,67,67,66,3,17,1141,
531341,"GUJARAT INVESTA LTD.",XT,STK,19.44,19.94,19.44,19.85,19.85,19.94,4,300,5959,
531344,"CONTAINER CORPORATION OF INDIA",A,STK,458.55,458.55,438.45,440.9,440.9,458.55,1843,76692,34165261,
531346,"EASTERN TREADS LTD.",X,STK,29,31,28.35,31,31,31.5,9,564,16035,
531349,"PANACEA BIOTEC LTD.",B,STK,334.15,338.95,325.7,328.1,333,341.35,317,3764,1260772,
531352,"PEETI SECURITIES LTD.",X,STK,18.96,18.96,17.76,17.85,17.76,18.06,6,1470,26223,
531357,"MERCURY EV-TECH LIMITED",X,STK,31.34,32.2,30.2,30.62,30.62,31.02,852,223143,6924537,
531358,"CHOICE INTERNATIONAL LTD.",A,STK,640.5,640.5,612,614.8,612.75,644.95,629,36488,22538261,
531359,"SHRIRAM ASSET MANAGEMENT CO.LT",X,STK,295,295,279.9,285.6,288.9,289.75,154,8114,2317970,
531364,"Ekansh Concepts Limited",X,STK,177.75,178,168,169.65,170,177.75,31,2821,487349,
531370,"SPARC ELECTREX LIMITED",X,STK,3.45,3.57,3.45,3.45,3.45,3.45,13,1956,6856,
531373,"THE BYKE HOSPITALITY LTD.",B,STK,33,33.66,32.2,32.42,32.2,34.07,249,44274,1460577,
531380,"CENTENIAL SURGICAL SUTURE LTD.",XT,STK,87,87,86.99,86.99,87,87,6,8,695,
531381,"ARIHANT FOUNDATIONS & HOUSING",B,STK,999,999,911.45,975.05,983,939.85,96,2232,2187151,
531387,"HASTI FINANCE LTD.",X,STK,8.19,8.35,8.19,8.35,8.35,8.19,7,7103,59259,
531390,"UPSURGE INVESTMENT & FINANCE L",X,STK,63,63.8,62,62,62,64.05,45,1935,121219,
531395,"PADAM COTTON YARNS LTD.",X,STK,2.13,2.13,2.12,2.12,2.12,2.23,460,1314420,2788104,
531396,"WOMEN NETWORKS LTD.",X,STK,8.5,8.5,8.08,8.08,8.08,8.5,2,24,195,
531397,"POLYCON INTERNATIONAL LTD.",XT,STK,28.93,30.36,27.48,27.48,27.48,28.92,8,67,1918,
531398,"SOURCE NATURAL FOODS & HERBAL",X,STK,131.45,131.45,112.3,113.75,112.3,119.35,64,2050,239431,
531399,"G.G.AUTOMOTIVE GEARS LTD.",X,STK,144,152,141,148.25,149.8,144.75,186,9630,1398433,
531400,"ALMONDZ GLOBAL SECURITIES LTD.",B,STK,14.24,14.53,13.51,13.82,13.51,13.99,40,4491,62711,
531402,"LWS KNITWEAR LTD.",X,STK,16,17.53,15.75,16.61,17.53,16.33,48,6005,97684,
531411,"TUNI TEXTILE MILLS LTD.",X,STK,0.96,0.98,0.92,0.95,0.96,0.95,143,140403,134493,
531412,"RADIX INDUSTRIES (INDIA) LIMIT",XT,STK,200.05,205.8,186.2,199.15,186.2,196,21,263,52969,
531416,"NARENDRA PROPERTIES LTD.",X,STK,36.5,36.5,35.09,35.21,35.3,34.5,7,9,319,
531417,"MEGA CORPORATION LTD.",X,STK,1.95,2.14,1.95,2.07,2.11,2.03,93,34094,70841,
531426,"TAMIL NADU NEWSPRINT & PAPERS",B,STK,134.35,134.35,129.15,130,131.1,135.65,128,4061,537053,
531431,"SHAKTI PUMPS (INDIA) LTD.",A,STK,499.85,502.9,491.55,492.35,492.35,511.15,1543,50621,25243014,
531433,"SUNGOLD CAPITAL LTD.",XT,STK,2.98,3.12,2.98,2.98,3.12,2.98,13,987,2941,
531436,"SAFFRON INDUSTRIES LIMITED",X,STK,25.85,25.85,24.62,24.79,25.59,25.91,58,4685,117135,
531437,"Prakash Woollen & Synthetic Mi",X,STK,23.45,23.45,20.8,22.29,22.29,22.4,15,161,3470,
531439,"AION-TECH SOLUTIONS LIMITED",B,STK,39.9,39.9,38.84,39.2,39.2,39.66,142,3823,149305,
531449,"GRM OVERSEAS LTD.",B,STK,152.8,153.8,152.25,153,153.25,152.9,188,16734,2562407,
531453,"MOHIT INDUSTRIES LTD.",B,STK,23,23.09,23,23.09,23.09,24.37,6,300,6913,
531454,"POLYLINK POLYMERS (INDIA) LTD.",X,STK,19,20.5,18.3,18.47,18.47,18.97,110,25644,503537,
531456,"MINAXI TEXTILES LTD.",X,STK,1.65,1.65,1.45,1.47,1.47,1.44,14,5989,8958,
531458,"BOSTON COMMERCE LIMITED",X,STK,7.57,7.57,7.57,7.57,7.57,7.21,3,100,757,
531460,"CONTINENTAL CONTROLS LTD.",XT,STK,8.25,9.11,8.25,9.11,9.11,8.68,2,135,1115,
531463,"GLOBAL INFRATECH & FINANCE LIM",XT,STK,16.06,16.06,16.06,16.06,16.06,15.75,22,175,2810,
531465,"NOUVEAU GLOBAL VENTURES LTD.",X,STK,0.49,0.49,0.49,0.49,0.49,0.49,13,2755,1349,
531471,"DUKE OFFSHORE LTD.",XT,STK,29.84,29.84,29.84,29.84,29.84,28.42,64,13960,416566,
531472,"CYBELE INDUSTRIES LTD.",XT,STK,51.26,51.26,51.26,51.26,51.26,53.95,12,514,26347,
531486,"FILMCITY MEDIA LTD.",XT,STK,2.39,2.39,2.39,2.39,2.39,2.28,13,34508,82474,
531489,"CG-VAK SOFTWARE & EXPORTS LTD.",X,STK,185,188.1,175.5,175.95,175.5,188.1,116,7327,1301640,
531494,"NAVKAR URBANSTRUCTURE LIMITED",B,STK,0.97,0.97,0.91,0.91,0.91,0.95,70,63147,58142,
531495,"BLUE COAST HOTELS LTD.",B,STK,20.4,20.5,19.11,19.26,19.25,20,13,2196,43643,
531497,"MADHUCON PROJECTS LTD.",B,STK,4.13,4.33,4.02,4.3,4.33,4.13,39,9293,38740,
531499,"SYBLY INDUSTRIES LTD.",X,STK,1.79,1.95,1.78,1.81,1.81,1.86,16,3417,6196,
531500,"RAJESH EXPORTS LTD.",Z,STK,103.95,103.95,98.75,98.9,99,103.9,790,45688,4561011,
531502,"ESAAR (INDIA) LTD.",X,STK,8.32,8.49,8.18,8.25,8.18,8.34,43,2781,23051,
531503,"MARIS SPINNERS LTD.",X,STK,27.2,27.2,26.05,26.93,26.99,27.2,15,1431,38162,
531505,"INDERGIRI FINANCE LTD.",XT,STK,25.91,25.91,25.91,25.91,25.91,27.27,4,513,13291,
531508,"EVEREADY INDUSTRIES INDIA LTD.",B,STK,298.15,298.15,288.7,290.95,291.2,298.1,142,5639,1665618,
531509,"STEP TWO CORPORATION LTD.",X,STK,28,28,27.4,27.4,27.4,28.79,4,45,1239,
531512,"ORIENT TRADELINK LTD.",X,STK,19.45,19.47,18.01,18.94,18.94,18.83,198,59614,1118474,
531518,"VIKAS PROPPANT & GRANITE LTD.",Z,STK,0.29,0.3,0.29,0.3,0.3,0.29,55,100813,29483,
531525,"ACE SOFTWARE EXPORTS LTD.",X,STK,197.45,201.9,191.3,197.4,197.4,199.25,137,14323,2830133,
531529,"SOFTRAK VENTURE INVESTMENT LTD",X,STK,1.74,1.8,1.72,1.74,1.8,1.8,45,8853,15480,
531531,"HATSUN AGRO PRODUCT LTD.",A,STK,967.9,1008.45,967.8,992.75,994.5,977.65,282,1810,1795245,
531533,"ACCEDERE LIMITED",XT,STK,63.9,70.39,63.9,66.74,66.74,67.26,144,39959,2604986,
531537,"MIZZEN VENTURES LIMITED",XT,STK,179.1,180,172.5,179.5,179.5,180,9,5118,883612,
531539,"RISHABH DIGHA STEEL & ALLIED P",X,STK,33.74,33.74,33.74,33.74,33.74,32.18,1,1,33,
531540,"MARUTI INFRASTRUCTURE LTD.",X,STK,8.94,8.94,7.6,7.97,7.9,8.49,291,200021,1593987,
531541,"KOBO BIOTECH LIMITED",Z,STK,2.51,2.51,2.46,2.48,2.46,2.46,5,66,163,
531543,"JINDAL WORLDWIDE LTD.",B,STK,21.82,21.82,20.75,20.88,20.75,21.95,176,73736,1573593,
531548,"SOMANY CERAMICS LTD.",B,STK,385,390.15,376.15,378,376.15,388.6,221,2331,887426,
531550,"JHAVERI CREDITS & CAPITAL LTD.",X,STK,242.95,242.95,206.1,215.4,220,221.8,360,19148,4085282,
531552,"RAGHUNATH TOBACCO CO.LTD.",X,STK,13.6,14.98,13.6,13.88,13.88,14.34,37,6579,91354,
531553,"DISHA RESOURCES LIMITED",XT,STK,19,20.5,19,20.5,20.5,19.88,17,34292,697972,
531556,"CORAL INDIA FINANCE & HOUSING",B,STK,31.2,31.85,30.75,30.76,31.3,31.6,36,508,15788,
531557,"AMIT SECURITIES LTD.",XT,STK,51.41,55.65,50.35,55.64,55.65,53,12,1321,67399,
531569,"SANJIVANI PARANTERAL LTD.",X,STK,153.95,157.5,153.2,156.15,156.95,157.5,61,3667,566634,
531572,"RANJIT SECURITIES LTD.",XT,STK,100.35,100.35,100.35,100.35,100.35,102.35,4,111,11138,
531574,"VAS INFRASTRUCTURE LTD.",XT,STK,9.4,9.87,8.93,8.93,8.93,9.4,19,3780,34990,
531578,"KMF BUILDERS & DEVELOPERS LTD.",XT,STK,7.02,7.03,7.02,7.03,7.03,7.03,4,1422,9987,
531582,"BERYL SECURITIES LTD.",XT,STK,30.93,30.93,30.93,30.93,30.93,31.56,1,1,30,
531583,"RAP CORP LIMITED",X,STK,31.76,33.01,31.76,33.01,33.01,31.76,10,857,27906,
531585,"DEVINE IMPEX LTD.",X,STK,8.13,8.16,8.13,8.16,8.16,8.54,6,1288,10476,
531591,"BAMPSL SECURITIES LTD.",X,STK,19.75,19.75,19,19.24,19.7,19.27,17,2348,45400,
531592,"GENPHARMASEC LIMITED",X,STK,0.94,1.03,0.89,0.92,0.93,0.97,763,2704846,2476720,
531594,"INCON ENGINEERS LTD.",X,STK,13.02,13.02,12.45,12.45,12.45,13.1,4,8,100,
531595,"CAPRI GLOBAL CAPITAL LIMITED",A,STK,167.6,173.25,166.5,168.15,168.35,170.1,5632,462015,78934197,
531599,"FDC LTD.",B,STK,333.95,341.2,331.95,338.95,336.75,337.15,643,8529,2881796,
531608,"GORANI INDUSTRIES LTD.",X,STK,60.03,60.1,57.26,57.96,57.26,60.2,12,260,15196,
531616,"STARCOM INFORMATION TECHNOLOGY",X,STK,57.95,64.05,57.95,58.17,58,61,45,7666,449213,
531624,"COUNTRY CONDOS LTD.",B,STK,4.03,4.45,4.03,4.37,4.37,4.25,4,112,455,
531626,"OROSIL SMITHS INDIA LTD.",X,STK,4.02,4.44,4.02,4.17,4.12,4.14,60,7240,30226,
531628,"TEJASSVI AAHARAM LIMITED",XT,STK,36.58,36.59,33.14,36.58,36.58,34.87,19,3284,120090,
531633,"LINCOLN PHARMACEUTICALS LTD.",B,STK,598,602.1,591.85,593.6,598.7,598.8,76,391,232683,
531635,"SILVER OAK (INDIA) LTD.",XT,STK,82,82,78.01,78.04,79.57,82,32,502,39461,
531637,"PRAVEG LIMITED",X,STK,221,225,220.95,222.9,222.9,224.2,329,23325,5208422,
531638,"SURAJ LTD.",B,STK,259,259,259,259,259,224,1,1,259,
531640,"SUVIDHA INFRAESTATE CORPORATIO",P,STK,9.4,9.4,9.4,9.4,9.4,8.97,1,100,940,
531642,"MARICO LTD.",A,STK,748.5,751.15,734.4,741,743.05,756.15,2488,29059,21481666,
531644,"TOKYO FINANCE LTD.",X,STK,18.01,22,18.01,22,22,22,2,6,112,
531651,"NATIONAL GENERAL INDUSTRIES LT",X,STK,42.84,44.3,42.84,44.3,44.3,43.1,3,44,1942,
531652,"UVS HOSPITALITY AND SERVICES L",X,STK,82.99,82.99,74.5,75.72,75.3,78.71,95,13111,993407,
531658,"ABATE AS INDUSTRIES LIMITED",X,STK,12.69,12.69,11.53,11.59,11.53,12.13,61,15754,183082,
531661,"HITTCO TOOLS LTD.",X,STK,12.85,12.85,8.8,10.89,10.89,11,13,908,8433,
531663,"YUVRAAJ HYGIENE PRODUCTS LTD.",X,STK,4.29,4.48,4.1,4.48,4.48,4.27,145,184829,798641,
531667,"RR METALMAKERS INDIA LIMITED",X,STK,26.04,28.64,26.04,26.23,26.1,26.04,8,1062,30391,
531668,"VISION CORPORATION LTD.",X,STK,2.67,2.67,2.59,2.59,2.59,2.54,7,483,1282,
531671,"Karnawati Innovation Limited",X,STK,1.78,1.86,1.7,1.7,1.7,1.78,128,46712,81749,
531672,"INANI SECURITIES LTD.",X,STK,23.7,23.7,22.8,22.81,22.8,22.81,4,4,92,
531673,"ANKA INDIA LTD.",X,STK,20.8,21.03,19.43,20.34,19.55,20.03,56,8494,171699,
531676,"EMROCK CORPORATION LIMITED",XT,STK,286,286,271.8,275.85,272,286.1,110,3473,956141,
531680,"MAYUR LEATHER PRODUCTS LTD.",XT,STK,19.44,19.44,19.44,19.44,19.44,18.52,4,15059,292746,
531681,"AMERISE BIOSCIENCES LIMITED",X,STK,0.7,0.72,0.7,0.71,0.71,0.69,23,190649,135200,
531688,"Prithvi Exchange (India) Limit",X,STK,111,111,104,104.95,106,111.9,65,2129,224682,
531692,"KHYATI MULTIMEDIA-ENTERTAINMEN",X,STK,2.42,2.42,2.42,2.42,2.42,2.54,1,500,1210,
531694,"RAINBOW FOUNDATIONS LTD.",XT,STK,40.34,41.14,39.9,40.41,40.41,40.34,16,4724,190719,
531716,"TRICOM FRUIT PRODUCTS LIMITED",XT,STK,2.17,2.17,2.12,2.12,2.12,2.13,5,40,85,
531717,"Vidhi Specialty Food Ingredien",B,STK,277.9,278,270.1,271.3,273,277.85,247,11834,3240675,
531719,"BHAGIRADHA CHEMICALS & INDUSTR",B,STK,188.75,190.2,182,182.2,182,192.15,115,2085,384107,
531723,"GACM Technologies Limited",B,STK,0.48,0.48,0.46,0.46,0.46,0.48,216,356102,165342,
531726,"PANCHSHEEL ORGANICS LTD.",X,STK,103.4,104.4,101.1,101.7,102,104.55,54,10741,1101049,
531727,"MENON PISTONS LTD.",X,STK,53.34,54.24,51.2,51.71,52.53,53.35,259,15513,809193,
531737,"GREENCREST FINANCIAL SERVICES",X,STK,0.49,0.5,0.49,0.5,0.49,0.49,76,94323,46665,
531739,"GENNEX LABORATORIES LTD.",X,STK,9.35,9.44,9.24,9.32,9.39,9.49,475,203768,1906558,
531743,"HIRA AUTOMOBILES LTD.",P,STK,215.15,215.15,215.15,215.15,215.15,204.95,1,100,21515,
531744,"GINI SILK MILLS LTD.",X,STK,55.05,57.95,55,56.08,56,58.32,7,68,3778,
531746,"PRAJAY ENGINEERS SYNDICATE LTD",B,STK,19.7,19.95,19.7,19.95,19.95,19.95,3,250,4975,
531752,"BIOGEN PHARMACHEM INDUSTRIES L",X,STK,0.57,0.57,0.5,0.54,0.54,0.56,937,1926523,1029844,
531758,"G.K.CONSULTANTS LTD.",X,STK,10.75,10.75,9.07,9.09,9.09,8.96,25,20855,190467,
531761,"APOLLO PIPES LIMITED",B,STK,398.1,419.9,387,391.95,391.95,403.85,1675,54004,22025105,
531762,"UNJHA FORMULATIONS LTD.",X,STK,20.97,21,19.6,19.97,19.97,20.97,34,2021,40907,
531768,"POLY MEDICURE LTD.",A,STK,1272.05,1272.05,1231.45,1235.85,1253.2,1279.2,927,10956,13672056,
531769,"PFL INFOTECH LTD.",XT,STK,5.1,5.1,5.1,5.1,5.1,5.2,3,55,280,
531771,"SHRADDHA PRIME PROJECTS LTD",X,STK,159.95,165.7,155.5,160,160,164.1,382,38017,6089636,
531778,"KACHCHH MINERALS LTD.",XT,STK,26.87,28.9,26.87,28.84,28.83,28.28,22,3144,85754,
531779,"PADMANABH ALLOYS & POLYMERS LT",X,STK,18.98,18.98,18.98,18.98,18.98,18.99,1,5,94,
531780,"KAISER CORPORATION LIMITED",X,STK,4.65,4.65,4.2,4.61,4.55,4.65,129,45653,206601,
531784,"KCL Infra Projects Limited",X,STK,1.37,1.37,1.27,1.32,1.32,1.34,185,659064,855867,
531795,"ATUL AUTO LTD.",B,STK,423.35,423.35,413.5,416.15,415.9,424.75,306,7140,2989336,
531797,"SCAN PROJECTS LTD.",X,STK,98,98,88.7,96.45,88.7,93.36,3,14,1353,
531802,"PRERNA INFRABUILD LTD.",X,STK,23,24.5,23,24.39,24.49,23.43,44,9221,221798,
531810,"METAL COATINGS (INDIA) LTD.",X,STK,54.18,57.5,54.18,57.47,57.47,54.18,3,50,2871,
531812,"SGN TELECOMS LTD.",X,STK,0.68,0.68,0.62,0.62,0.66,0.65,49,47486,30586,
531813,"GANGA PAPERS INDIA LTD.",X,STK,73.87,73.87,73.87,73.87,73.87,77.75,1,3,221,
531814,"TIRUPATI SARJAN LTD.",X,STK,8.39,8.39,7.5,7.86,8.25,8.21,99,37138,292371,
531821,"MUNOTH FINANCIAL SERVICES LTD.",X,STK,23.03,23.03,21.94,21.94,21.94,21.94,4,15,339,
531822,"RODIUM REALTY LIMITED",X,STK,154.6,183.45,154.6,160.2,160.2,154.6,20,777,128195,
531832,"NAGARJUNA AGRI TECH LTD.",XT,STK,44.33,46.5,42.98,46.5,46.5,44.33,15,7379,337450,
531834,"NATURA HUE CHEM LTD.",XT,STK,11.78,11.78,11.78,11.78,11.78,12.02,4,1350,15903,
531840,"IEC EDUCATION LTD.",XT,STK,29.38,30,28.05,28.52,29.99,29.38,38,3433,102491,
531841,"Indus Finance Limited",X,STK,57,57,46.01,50.57,50.9,50.03,19,167,8323,
531842,"LAHOTI OVERSEAS LTD.",X,STK,41,41,37.79,38.47,38.5,39.44,46,3674,145089,
531845,"ZENITH STEEL PIPES AND  INDUST",B,STK,5.01,5.08,4.91,5,5,5.04,46,15567,78078,
531847,"ASIAN STAR CO.LTD.",B,STK,613.85,613.85,580.05,591.2,610,610,10,24,14216,
531859,"ORIENTAL RAIL INFRASTRUCTURE L",B,STK,119.5,123,116.3,119.95,122,124.2,493,59303,7126520,
531861,"JOINDRE CAPITAL SERVICES LTD.",X,STK,40.2,41.75,40.05,40.66,40.14,41.52,46,1174,47975,
531862,"BHARAT AGRI FERT & REALTY LTD.",X,STK,24.89,25.25,24.59,24.63,24.59,24.89,90,21040,520287,
531867,"UNITECH INTERNATIONAL LTD.",Z,STK,3.4,3.4,3.4,3.4,3.4,3.55,3,1646,5596,
531869,"SACHETA METALS LTD.",X,STK,3.97,3.97,3.74,3.84,3.9,3.92,161,83409,321690,
531870,"POPULAR ESTATE MANAGEMENT LTD.",X,STK,14.78,14.78,14.49,14.7,14.7,14.49,9,1050,15435,
531878,"ANJANI FINANCE LTD.",X,STK,9.86,9.86,8.62,9.39,9.49,9.29,39,611,5704,
531888,"REXNORD ELECTRONICS & CONTROLS",X,STK,53.96,53.96,49.65,51.36,51.3,52.12,40,5003,259293,
531889,"NURTURE WELL INDUSTRIES LIMITE",X,STK,41.59,41.99,39.6,40.17,40.17,41.41,1614,728478,29640909,
531892,"KHANDWALA SECURITIES LTD.",B,STK,16.53,16.53,15.75,15.75,15.75,16.15,2,6,95,
531893,"SAWACA ENTERPRISES LIMITED",XT,STK,0.37,0.37,0.36,0.37,0.37,0.37,305,552341,200158,
531900,"CCL INTERNATIONAL LTD.",X,STK,24,24.7,23.06,23.98,23.98,23.79,16,1788,42486,
531902,"GALLOPS ENTERPRISE LTD.",XT,STK,26.13,26.13,23.66,26.12,26.12,24.89,11,967,25258,
531909,"CROISSANCE LIMITED",XT,STK,3.19,3.33,3.03,3.06,3.17,3.18,93,40517,127394,
531910,"Madhuveer Com 18 Network Limit",XT,STK,207.5,207.5,203,203,206.5,203,4,204,41429,
531911,"GALAXY AGRICO EXPORTS LTD.",X,STK,38.3,41.99,38.3,41.98,41.98,40.09,92,481902,20222062,
531913,"GOPAL IRON & STEELS CO.(GUJARA",XT,STK,12.04,12.1,12.04,12.1,12.1,12.1,18,10855,131338,
531918,"HINDUSTAN APPLIANCES LTD.",X,STK,88,93,88,93,93,93.95,5,329,30533,
531921,"AGARWAL INDUSTRIAL CORPORATION",B,STK,423.9,426.4,410,411.6,411,432.95,339,4239,1761853,
531923,"DHAMPURE SPECIALITY SUGARS LTD",X,STK,107,114,107,108.65,108.65,110.95,45,5037,553693,
531925,"SHANTANU SHEOREY AQUAKULT LTD.",X,STK,1.22,1.22,1.22,1.22,1.22,1.28,11,453,552,
531930,"SARTHAK INDUSTRIES LTD.",X,STK,27,27,25.91,26.98,26.98,28.36,25,14827,387746,
531931,"SAI CAPITAL LTD.",X,STK,155,162,150,156,156,156,33,475,72787,
531944,"LEXORAA INDUSTRIES LIMITED",X,STK,17.23,17.92,17.23,17.5,17.92,17.17,6,150,2622,
531950,"VERTEX SECURITIES LTD.",X,STK,2.76,3,2.6,2.9,2.96,2.6,166,116735,324043,
531952,"RIBA TEXTILES LTD.",X,STK,69.45,69.45,64.25,65.54,66.7,69.27,118,13680,918811,
531959,"NEWTIME INFRASTRUCTURE LIMITED",X,STK,2.01,2.08,1.83,1.99,1.99,2.03,181,102969,204160,
531960,"Kashyap Tele-Medicines Limited",XT,STK,4.79,4.98,4.79,4.82,4.81,4.75,21,9319,45821,
531962,"SHREE METALLOYS LTD.",XT,STK,40.11,43.99,40.09,40.18,40.18,42.2,35,1621,66389,
531968,"IITL PROJECTS LIMITED",X,STK,44.98,44.98,39.92,40.01,40.01,40.14,27,851,35105,
531977,"CHARTERED LOGISTICS LTD.",X,STK,6.15,6.39,6,6.1,6.16,6.15,70,112560,685506,
531978,"AMBIKA COTTON MILLS LTD.",B,STK,1269.4,1291,1242.95,1246.45,1248.95,1291.05,58,644,818205,
531979,"HIND ALUMINIUM INDUSTRIES LTD.",XT,STK,88.1,88.1,85,85.14,85.5,88.17,116,4687,404613,
531982,"SPECTRUM FOODS LTD.",X,STK,11.46,11.46,10.82,11.08,10.86,11.46,88,43144,476203,
531989,"DECCAN POLYPACKS LTD.",XT,STK,29.75,29.75,29.75,29.75,29.75,28.38,2,2,59,
531991,"AMRAWORLD AGRICO LTD.",X,STK,0.54,0.54,0.46,0.46,0.46,0.54,52,68760,35076,
531994,"AUTO PINS (INDIA) LTD.",X,STK,145,145.05,142,144.85,145,145.3,11,452,65512,
531996,"ODYSSEY CORPORATION LTD.",X,STK,7.7,7.76,7.11,7.56,7.6,7.4,46,6248,47488,
531997,"IKOMA TECHNOLOGIES LIMITED",XT,STK,22.35,24.31,22.01,23.91,23.91,23.16,178,128210,2879084,
532001,"INDUCTO STEEL LTD.",X,STK,46,51.13,46,51.11,51.11,46.49,14,405,20701,
532005,"SAM INDUSTRIES LTD.",X,STK,45,46.9,44,46.9,46.9,45,8,12,550,
532011,"VASHU BHAGNANI INDUSTRIES LIMI",X,STK,53.33,54.4,50.81,51.72,51.5,53.07,516,55118,2931814,
532015,"GRAVITY (INDIA) LTD.",XT,STK,13.4,13.75,12.49,13.08,13.08,13.14,129,16754,214567,
532016,"ESPIRE HOSPITALITY LIMITED",X,STK,308,308,272,285.6,285.6,294,9,126,36016,
532019,"LCC INFOTECH LTD.",T,STK,4.75,5.21,4.75,5.21,5.21,5,4,169,807,
532022,"FILATEX FASHIONS LTD.",B,STK,0.17,0.18,0.16,0.17,0.17,0.17,686,10874544,1862639,
532029,"SINDHU TRADE LINKS LIMITED",B,STK,24.74,25,24.07,24.18,24.11,25.07,171,18207,446660,
532039,"ZENOTECH LABORATORIES LTD.",X,STK,40.22,41.7,40.1,40.85,40.85,41.21,65,40254,1623454,
532041,"HINDUSTAN BIO SCIENCES LTD.",XT,STK,8.29,8.29,8,8,8,7.9,16,2649,21516,
532051,"SWELECT ENERGY SYSTEMS LIMITED",B,STK,536.8,585.05,536.8,546.3,560,545.35,244,2864,1587858,
532053,"WALLFORT FINANCIAL SERVICES LT",X,STK,70.12,79,70.12,74.56,71.15,75.68,12,84,6270,
532054,"KDDL LTD.",B,STK,2255,2326.8,2230.35,2246.55,2247.2,2320.5,138,317,726035,
532056,"Trustedge Capital Limited",XT,STK,136,137.5,130.95,133.05,130.95,136,20,1434,192504,
532057,"ABHINAV CAPITAL SERVICES LTD.",X,STK,136,136,127.95,128,127.95,124.15,4,64,8324,
532067,"3B BlackBio Dx Limited",B,STK,1279,1315,1250,1282.5,1293,1297.5,727,8821,11337393,
532070,"Sumuka Agro Industries Limited",X,STK,189.8,189.85,180.35,183.45,183.95,189.9,82,12547,2347288,
532090,"Atvo Enterprises Limited",XT,STK,19.1,19.9,19.1,19.44,19.49,19.47,48,46392,910128,
532092,"EPUJA SPIRITECH LIMITED",XT,STK,2,2.05,1.9,2.02,2.05,1.96,66,89597,178467,
532100,"INDO-CITY INFOTECH LTD.",X,STK,13.25,13.25,12.08,12.12,12.97,13.14,21,857,10739,
532102,"SBEC SUGAR LTD.",X,STK,31,31,28.1,30,30,30.9,47,5190,153718,
532113,"BRIJLAXMI LEASING & FINANCE LT",XT,STK,10.98,10.98,9.95,9.95,9.95,10.47,19,2040,20954,
532123,"BSEL ALGO LIMITED",X,STK,4.5,4.62,4.41,4.46,4.46,4.51,277,83641,375906,
532124,"RELIABLE VENTURES INDIA LTD.",X,STK,19.48,21.33,18.5,19.13,19.1,19.48,31,1634,31224,
532131,"TRIUMPH INTERNATIONAL FINANCE",X,STK,16,16,14.85,15,15,15.99,16,2994,45123,
532134,"BANK OF BARODA",A,STK,280,280.3,271.3,272.7,274.15,283.15,5826,275817,75893896,
532140,"MOHITE INDUSTRIES LIMITED",X,STK,2.47,2.69,2.38,2.45,2.49,2.5,185,249145,613194,
532141,"ANDHRA CEMENTS LTD.",B,STK,53.98,53.98,53.89,53.9,53.9,53.84,17,86,4636,
532143,"SKM EGG PRODUCTS EXPORT (INDIA",B,STK,161.2,167.25,160.55,160.9,162.05,164.5,121,3910,640281,
532144,"WELSPUN CORP LIMITED",A,STK,802.3,815,792.65,795.65,795.65,821.05,711,13707,11019980,
532145,"H.S.INDIA LTD.",X,STK,10.49,10.49,10,10,10,10.49,13,1451,14516,
532149,"BANK OF INDIA",A,STK,149.9,149.9,144.65,145.8,145.8,152.55,4116,279920,41308298,
532150,"INDRAPRASTHA MEDICAL CORP.LTD.",B,STK,400,400.05,388.2,390.8,391.95,406.3,367,10675,4219071,
532154,"JOHNSON PHARMACARE LIMITED",X,STK,0.5,0.51,0.49,0.5,0.5,0.5,375,739279,368423,
532155,"GAIL (INDIA) LTD.",A,STK,148.8,148.85,143.9,144.3,144.3,151,10695,586333,85699703,
532156,"VAIBHAV GLOBAL LTD",B,STK,209.85,212.5,202.2,202.9,203.5,214.3,902,28392,5869664,
532159,"TRESCON LIMITED",X,STK,8.3,8.84,8.26,8.84,8.84,8.42,24,47012,414473,
532160,"GUJARAT STATE FINANCIAL CORPOR",B,STK,10.5,10.5,9.52,10.08,10.01,10.3,92,9692,98152,
532162,"JK PAPER LTD.",A,STK,322.05,336.95,322.05,331.35,331.35,333.65,278,10120,3354281,
532163,"SAREGAMA INDIA LTD.",A,STK,351,351,335.75,338.5,340,352.05,836,20940,7136667,
532164,"MINOLTA FINANCE LTD.",Z,STK,1.51,1.51,1.37,1.49,1.49,1.44,12,2434,3513,
532172,"Adroit Infotech Limited",B,STK,9.24,9.47,8.4,8.52,8.52,9.38,254,57117,506351,
532173,"CYBERTECH SYSTEMS AND SOFTWARE",B,STK,113.55,113.55,106.75,109.5,110.35,111.15,105,3225,348129,
532174,"ICICI BANK LTD.",A,STK,1268,1284.95,1244,1250.8,1250.8,1289.95,37110,1093559,1374252384,
532175,"CYIENT LIMITED",A,STK,855,855,828.5,831.05,831.05,858.05,948,12229,10299402,
532178,"ENGINEERS INDIA LTD.",A,STK,191.05,192.6,187.35,187.9,188.25,194.55,1389,105221,20013338,
532180,"DHANLAXMI BANK LIMITED",B,STK,23.06,23.4,22.82,22.86,22.85,23.11,457,250566,5778832,
532181,"GUJARAT MINERAL DEVELOPMENT CO",A,STK,550.8,557.3,531.8,534.05,538,559.2,2168,103646,56385479,
532183,"GAYATRI SUGARS LTD.",X,STK,8.16,8.48,7.7,8.16,8.29,7.93,169,94476,756866,
532187,"INDUSIND BANK LTD.",A,STK,820.05,831.2,813,816.3,817.75,841.65,2952,37551,30829056,
532189,"INDIA TOURISM DEVELOPMENT CORP",B,STK,438,438,418.7,419.4,419,443,165,2006,852906,
532209,"JAMMU & KASHMIR BANK LTD.",A,STK,120.95,123.3,117.6,118.65,118.65,123.45,1513,226230,27308624,
532210,"CITY UNION BANK LTD.",A,STK,247.95,247.95,239.3,243.9,242.6,251.15,1393,68322,16620732,
532212,"ARCHIES LTD.",B,STK,13.65,13.73,13.25,13.71,13.71,13.39,17,1113,14996,
532215,"AXIS BANK LTD.",A,STK,1222.2,1240.35,1202,1206.65,1206.65,1252.9,30770,704499,854023886,
532216,"HB STOCKHOLDINGS LTD.",B,STK,49.59,50.03,49.29,50.03,50.03,48.86,4,308,15275,
532217,"CMX HOLDINGS LIMITED",X,STK,27.9,27.9,26.3,27.84,27.84,26.58,22,3006,83494,
532218,"SOUTH INDIAN BANK LTD.",A,STK,36.85,36.99,35.8,35.96,35.96,37.18,8915,1366888,49878312,
532219,"ENERGY DEVELOPMENT COMPANY LTD",B,STK,15.03,15.64,14.62,15,15.06,15.19,96,8457,127481,
532221,"SONATA SOFTWARE LTD.",A,STK,240.55,240.55,231,231.95,231.6,240.55,674,23594,5509194,
532230,"BENGAL TEA & FABRICS LTD.",X,STK,145,145,138.6,145,145,149.75,8,56,8072,
532234,"NATIONAL ALUMINIUM CO.LTD.",A,STK,380,389.4,374.25,377.15,377.15,387.45,8524,717616,272913850,
532240,"INDIA NIPPON ELECTRICALS LTD.",B,STK,756.3,756.3,735,740.5,736,771.9,110,617,460976,
532256,"NALWA SONS INVESTMENTS LTD.",B,STK,5410.85,5475.7,5380,5402.35,5403,5493.25,50,160,868858,
532259,"APAR INDUSTRIES LTD.",A,STK,9331.7,9724,9331.7,9593.75,9572,9617.2,2291,9231,88471873,
532268,"ACCELYA SOLUTIONS INDIA LIMITE",B,STK,1183.9,1193.8,1179.05,1190.15,1193.8,1202.15,124,1393,1659252,
532271,"ORCHASP LIMITED",B,STK,2.18,2.32,2.1,2.12,2.12,2.2,181,91921,199434,
532275,"LANDMARC LEISURE CORPORATION L",X,STK,1.72,1.85,1.7,1.79,1.84,1.77,75,33865,59895,
532281,"HCL TECHNOLOGIES LTD.",A,STK,1349.4,1351.35,1309.1,1311.35,1311.35,1357.4,19589,85182,113043129,
532284,"TCFC FINANCE LTD.",X,STK,25,25,23.65,24.48,24.48,25.22,14,958,23220,
532285,"Geojit Financial Services Limi",B,STK,58.9,58.94,57.79,58.29,58.55,59.64,135,7134,416261,
532286,"JINDAL STEEL LIMITED",A,STK,1152,1162.65,1130.9,1138,1138,1179.2,1620,17891,20521769,
532290,"BLB LTD.",T,STK,17.16,17.16,16.63,16.69,16.92,17.5,31,3535,58974,
532296,"GLENMARK PHARMACEUTICALS LTD.",A,STK,2150,2171.5,2087.1,2098.3,2105,2186.45,3076,21334,45390248,
532300,"WOCKHARDT LTD.",A,STK,1191.9,1209.35,1177,1186.65,1186.65,1218.55,1825,30915,36893947,
532303,"INTEGRATED HITECH LTD.",X,STK,4.94,4.94,4.94,4.94,4.94,4.12,24,28423,140409,
532304,"KJMC CORPORATE ADVISORS (INDIA",X,STK,45.5,45.5,42.21,45.31,45.45,45.99,15,1672,72482,
532305,"IND-SWIFT LABORATORIES LTD.",B,STK,140.75,145.15,140.75,142.15,142.15,145.2,314,11845,1694149,
532309,"GE Power India Ltd",T,STK,441.25,454,431.6,433.6,440,451.95,227,4365,1920623,
532310,"SHREE RAMA MULTI-TECH LTD.",B,STK,45.5,47.52,45.1,45.5,45.1,48.12,294,5408,249561,
532313,"MAHINDRA LIFESPACE DEVELOPERS",A,STK,351.85,361.4,351,355.05,355.05,351.85,469,9404,3349932,
532315,"GROARC INDUSTRIES INDIA LIMITE",X,STK,5.41,5.64,5.15,5.3,5.3,5.41,16,2493,13052,
532320,"VAARAD VENTURES LTD",X,STK,8.6,9.3,8.6,9.02,9.02,9.02,8,304,2727,
532321,"Zydus Lifesciences Limited",A,STK,883.1,891.9,874.1,876.35,877.2,898.75,2195,14478,12783038,
532323,"SHIVA CEMENT LTD.",X,STK,15.72,15.95,15.32,15.65,15.65,15.66,348,180961,2843363,
532324,"CINEVISTA LTD.",B,STK,15.47,15.47,15.47,15.47,15.47,15.51,1,100,1547,
532326,"INTENSE TECHNOLOGIES LTD.",B,STK,86.4,87.9,85.5,86.65,86.65,88.3,86,1529,131896,
532329,"DANLAW TECHNOLOGIES INDIA LTD.",X,STK,520,520,495,499.4,495,521.5,192,3246,1636670,
532331,"AJANTA PHARMA LTD.",A,STK,3000.6,3056.15,2935,2946.15,2940.2,3055.7,671,1894,5644573,
532332,"CURA TECHNOLOGIES LTD.",T,STK,124.46,124.46,124.46,124.46,124.46,127,1,2,248,
532333,"HB PORTFOLIO LTD.",X,STK,59.44,59.44,57.48,59.43,59.43,59.75,7,94,5544,
532334,"HB ESTATE DEVELOPERS LTD.",X,STK,62.95,64,60.03,63.61,64,63,9,384,24301,
532335,"AMBICA AGARBATHIES & AROMA IND",B,STK,24,24,23.02,23.46,23.99,23.7,8,73,1719,
532339,"COMPUCOM SOFTWARE LTD.",B,STK,13.22,13.5,12.72,13.12,13.35,13.62,71,6288,82565,
532340,"OMNI AXS SOFTWARE LTD.",XT,STK,4.21,4.21,4.18,4.21,4.21,4.01,16,8443,35539,
532341,"IZMO Limited",T,STK,716,746,700,700.8,702.5,735.55,203,4743,3408225,
532343,"TVS MOTOR COMPANY LTD.",A,STK,3524.15,3524.15,3421.3,3449.95,3478.55,3572,2066,14879,51463663,
532344,"MADALA HOLDINGS LIMITED",X,STK,201.2,201.2,201,201,201,201,2,2,402,
532348,"SUBEX LTD.",B,STK,8.36,8.45,8.06,8.15,8.19,8.48,726,617763,5071711,
532349,"TRANSPORT CORPORATION OF INDIA",B,STK,950,953.9,935,943.5,945.9,957.55,770,5862,5541176,
532350,"PADMALAYA TELEFILMS LTD.",Z,STK,4.43,4.43,4.08,4.4,4.4,4.29,7,1006,4106,
532351,"AKSH OPTIFIBRE LTD.",B,STK,4.37,4.68,4.37,4.62,4.67,4.67,90,45653,209324,
532354,"Virgo Global Limited",XT,STK,4.16,4.16,4.16,4.16,4.16,4.37,6,401,1668,
532355,"PICTUREHOUSE MEDIA LTD.",XT,STK,7.73,7.73,7.73,7.73,7.73,8.13,13,5038,38943,
532356,"TRIVENI ENGINEERING & INDUSTRI",A,STK,334.95,344.9,331.9,342.15,342.15,336.3,583,13003,4429702,
532357,"MUKTA ARTS LTD.",B,STK,42,42.19,41.88,42.1,42.1,42.54,15,90,3786,
532359,"HIT KIT GLOBAL SOLUTIONS LTD.",XT,STK,5.63,5.63,5.63,5.63,5.63,5.37,91,199310,1122115,
532362,"NAGPUR POWER & INDUSTRIES LTD.",XT,STK,135.55,148.65,135.55,137.55,137.55,142.25,26,3342,464245,
532365,"DYNACONS SYSTEMS & SOLUTIONS L",B,STK,895,901.75,885.7,885.95,885.7,910.5,125,1157,1031616,
532366,"PNB GILTS LTD.",B,STK,69.31,69.5,67.71,68.17,68.5,70.47,402,22561,1553016,
532368,"BRIGHTCOM GROUP LIMITED",T,STK,9.09,9.09,8.74,8.84,8.84,9.2,1261,993301,8779540,
532369,"RAMCO INDUSTRIES LTD.",B,STK,263.65,263.65,253,254.1,255.4,264.6,57,1321,340428,
532370,"RAMCO SYSTEMS LTD.",B,STK,405.7,409.95,401.95,403.45,404,414.55,256,4786,1943069,
532371,"TATA TELESERVICES (MAHARASHTRA",A,STK,39.47,39.47,37.79,37.93,37.93,39.79,947,204955,7879742,
532372,"Virinchi Limited",B,STK,17.6,17.6,16.3,17.03,17.2,16.88,134,46943,784091,
532373,"WEP SOLUTIONS LTD.",XT,STK,20.29,20.29,19,19.65,19.65,19.6,24,4525,87569,
532374,"STERLITE TECHNOLOGIES LTD.",A,STK,190,195.7,183.55,184.95,184.55,193.3,4973,333915,63022578,
532375,"TIPS MUSIC LIMITED",A,STK,524.95,524.95,506.15,509.4,515.5,527,143,2520,1297756,
532376,"UMIYA BUILDCON LIMITED",B,STK,81,81,79.4,79.6,79.6,81.03,13,599,47963,
532378,"UNIVERSAL ARTS LTD.",X,STK,5.19,5.19,4.85,4.85,4.85,5.19,4,5299,25837,
532379,"FIRST FINTEC LIMITED",XT,STK,7.05,7.05,6.8,6.8,6.8,7.06,2,11,75,
532380,"BABA ARTS LTD.",XT,STK,14.7,14.7,14.7,14.7,14.7,15,19,150001,2205014,
532382,"BALAJI TELEFILMS LTD.",B,STK,87.75,89.5,84.1,84.6,84.9,90.1,452,33924,2938640,
532384,"TYCHE INDUSTRIES LTD.",X,STK,108,111.35,102.4,103.55,103.55,106.65,113,2782,295356,
532386,"CALIFORNIA SOFTWARE CO.LTD.",B,STK,13.51,13.51,12.05,12.4,12.4,13.52,199,7196,90703,
532387,"PRITISH NANDY COMMUNICATIONS L",B,STK,20.34,21.9,20.11,20.97,21.68,21.22,18,9771,200127,
532388,"INDIAN OVERSEAS BANK",A,STK,32.25,32.25,31.58,31.64,31.64,32.54,838,204680,6522210,
532390,"TAJGVK HOTELS & RESORTS LTD.",B,STK,310.05,316.2,306.05,307.45,309.7,314.2,304,5287,1639142,
532392,"CREATIVE EYE LTD.",B,STK,6.84,6.98,6.52,6.74,6.74,6.54,14,3595,24713,
532395,"AXISCADES TECHNOLOGIES LIMITED",B,STK,1441,1496.8,1390,1409.85,1415,1456.5,1781,15118,21758374,
532398,"USHA MARTIN EDUCATION & SOLUTI",T,STK,6.7,6.7,6.2,6.27,6.27,6.52,25,17288,107782,
532400,"BIRLASOFT LIMITED",A,STK,364,369,356.15,363.8,364.5,364.15,904,39748,14468678,
532402,"USG TECH SOLUTIONS LTD.",X,STK,9.99,9.99,8.4,8.91,8.4,9.94,147,27742,249919,
532404,"SAVEN TECHNOLOGIES LTD.",X,STK,32.48,33,31.67,32.56,32.56,32.61,98,3062,99345,
532406,"AVANTEL LTD.",A,STK,131,131,126,126.95,126.95,132.85,1034,65930,8478619,
532407,"MOSCHIP TECHNOLOGIES LIMITED",A,STK,166.75,169.3,165,165.25,165.25,170.8,1427,96303,16123575,
532408,"SIGMA ADVANCED SYSTEMS LIMITED",B,STK,162.6,168.35,161.55,164.75,164.85,160.35,856,163185,27356962,
532410,"TRANSCORP INTERNATIONAL LTD.",X,STK,25.1,25.1,23.9,24.9,24.9,24.93,39,5057,125450,
532413,"CEREBRA INTEGRATED TECHNOLOGIE",Z,STK,4.25,4.28,4.04,4.2,4.2,4.25,43,31991,135058,
532419,"Smartlink Holdings Limited",B,STK,125,125,125,125,125,119.05,1,1,125,
532424,"GODREJ CONSUMER PRODUCTS LTD.",A,STK,1027.55,1038,1019.5,1022.4,1026.1,1053.15,1022,338263,348198250,
532425,"GENUS PRIME INFRA LIMITED",XT,STK,22.06,22.06,20.6,20.73,20.6,21.01,35,10918,231165,
532430,"BF UTILITIES LTD.",Z,STK,420,432.65,410.2,417.65,417.65,429.65,67,5005,2100594,
532432,"UNITED SPIRITS LTD.",A,STK,1320.05,1320.05,1280.45,1291.7,1291.7,1320.1,1204,11207,14529894,
532435,"SANMIT INFRA LIMITED",X,STK,6.43,6.43,6.15,6.31,6.38,6.47,197,56910,359591,
532439,"OLECTRA GREENTECH LIMITED",A,STK,1011.1,1037.25,995.15,999.7,1001.3,1058.15,5066,93008,94607739,
532440,"MPS LTD.",B,STK,1521,1522.4,1489.5,1507.85,1498.4,1540.65,173,825,1242531,
532443,"CERA SANITARYWARE LTD.",A,STK,4855.05,4947.1,4746.05,4753.95,4753.95,4981.75,579,2313,11207199,
532444,"T.SPIRITUAL WORLD LTD.",XT,STK,2.12,2.12,2.09,2.09,2.09,2.02,5,109,229,
532454,"BHARTI AIRTEL LTD.",A,STK,1825,1861.65,1816.75,1829.15,1829.15,1855.4,32788,854654,1566673236,
532455,"SHALIMAR WIRES INDUSTRIES LTD.",X,STK,18.5,20.79,17.45,18.4,18.2,19,85,11517,220335,
532456,"COMPUAGE INFOCOM LTD.",Z,STK,1.14,1.14,1.08,1.13,1.13,1.12,15,6629,7229,
532457,"GULSHAN POLYOLS LTD.",B,STK,157,161.3,154.6,155.45,154.7,158.4,207,7292,1147320,
532460,"PONNI SUGARS (ERODE) LTD.",B,STK,268,270,263.95,265.45,265,265.85,157,2852,763036,
532461,"PUNJAB NATIONAL BANK",A,STK,110.9,111,108.55,109.45,109.45,113.1,3570,466618,51342124,
532466,"ORACLE FINANCIAL SERVICES SOFT",A,STK,6553.55,6553.55,6340.05,6359.8,6394,6594.85,1230,5652,36247606,
532467,"HAZOOR MULTI PROJECTS LTD.",B,STK,29.36,29.36,27,27.86,27.86,29.18,979,640639,18009119,
532468,"KAMA HOLDINGS LIMITED",A,STK,2530,2568.9,2495,2509.7,2515,2549.45,250,2461,6176702,
532475,"APTECH LTD.",B,STK,79.02,79.63,77.51,78.22,78.43,80.06,213,11557,905142,
532477,"UNION BANK OF INDIA",A,STK,173.3,175.35,170.95,172.05,172.8,177.85,2732,239373,41456817,
532478,"UNITED BREWERIES LTD.",A,STK,1602.25,1606.1,1561.65,1568.3,1570,1617.2,474,4328,6831616,
532481,"NOIDA TOLL BRIDGE COMPANY LTD.",B,STK,3.21,3.69,3.21,3.4,3.45,3.41,155,18369,61334,
532482,"GRANULES INDIA LTD.",A,STK,585.4,588.6,568,582.3,584.7,587.25,1141,29969,17374931,
532483,"CANARA BANK",A,STK,133.95,136.15,131.9,133.1,133.1,137.45,4169,598899,80478864,
532485,"BALMER LAWRIE INVESTMENTS LTD.",B,STK,72.85,72.85,71.5,72.27,72.27,72.75,1657,232945,16887216,
532486,"POKARNA LTD.",B,STK,848,849.35,828.7,835,832.95,867.2,235,2882,2423464,
532488,"DIVIS LABORATORIES LTD.",A,STK,6060.05,6110.9,5955,5977.6,6007,6144.8,1435,4563,27493051,
532493,"ASTRA MICROWAVE PRODUCTS LTD.",A,STK,938.55,938.55,904.7,909.15,909.15,946.2,876,23545,21752741,
532497,"RADICO KHAITAN LTD.",A,STK,2693,2695.8,2583,2593.55,2592.55,2707.1,1387,8357,21920640,
532500,"MARUTI SUZUKI INDIA LTD.",A,STK,12790,12821.5,12508.5,12591.45,12591.45,13054.65,8354,61601,783003159,
532503,"RAJAPALAYAM MILLS LTD.",X,STK,747.5,759,730,744.8,752,750.4,37,768,574276,
532504,"NAVIN FLUORINE INTERNATIONAL L",A,STK,6298.55,6369.45,6200,6268.3,6268.3,6336.05,851,4377,27518116,
532505,"UCO BANK",A,STK,25.19,25.31,24.74,24.83,24.83,25.7,2731,960422,24062523,
532507,"B.A.G.FILMS & MEDIA LTD.",B,STK,4.3,4.42,4.2,4.29,4.28,4.38,204,36714,158996,
532508,"JINDAL STAINLESS LTD.",A,STK,720.25,723.55,702.9,708.1,709,733,644,13644,9732802,
532509,"SUPRAJIT ENGINEERING LTD.",B,STK,400.55,401.35,395,397,395,407.4,311,2132,851550,
532513,"TVS ELECTRONICS LTD.",B,STK,400,404.4,380.25,385.2,388,404.6,224,1969,768458,
532514,"INDRAPRASTHA GAS LTD.",A,STK,155.05,158.35,153.15,153.85,153.85,157.35,3827,197151,30660971,
532515,"TV TODAY NETWORK LTD.",B,STK,106.3,106.5,101.15,101.45,105.55,107,171,3831,396888,
532521,"PALRED TECHNOLOGIES LIMITED",B,STK,28.6,28.82,28.3,28.82,28.82,29.28,3,105,3025,
532522,"PETRONET LNG LTD.",A,STK,285,285,269.3,271.4,271.4,291.3,4958,149690,41320739,
532523,"BIOCON LTD.",A,STK,379.35,379.4,366.45,368.35,368.35,382.3,980,33763,12552237,
532524,"PTC INDIA LTD.",A,STK,162.5,163.65,159.6,160.2,160.2,163.75,737,35722,5783558,
532525,"BANK OF MAHARASHTRA",A,STK,61.9,63.74,61.9,62.62,62.62,64.12,4693,996562,62469083,
532527,"RAMKRISHNA FORGINGS LTD.",A,STK,532.95,532.95,510.05,519.45,519.45,533.65,463,6490,3387129,
532528,"DATAMATICS GLOBAL SERVICES LTD",B,STK,698.5,701.95,680,680.6,681.75,710.15,253,3512,2431232,
532529,"NEW DELHI TELEVISION LTD.",B,STK,72.49,72.49,70,70.33,70.95,73.12,234,10581,751305,
532531,"STRIDES PHARMA SCIENCE LIMITED",A,STK,890.05,915.6,890.05,897.35,895.75,905.1,268,4163,3761961,
532538,"ULTRATECH CEMENT LTD.",A,STK,11198.55,11198.55,10780,10811,10874,11246.6,2647,7254,79285831,
532539,"UNO Minda Limited",A,STK,1059.15,1059.15,1032.35,1041,1043.7,1073.25,893,10831,11333389,
532540,"TATA CONSULTANCY SERVICES LTD.",A,STK,2416,2423.15,2350.1,2356.55,2356.55,2441.15,41472,416565,987417231,
532541,"COFORGE LIMITED",A,STK,1102.25,1121,1087.05,1092.25,1092.25,1132,5840,109584,120874511,
532543,"GP PETROLEUMS LTD",B,STK,29.1,29.1,28.39,28.5,28.5,29.4,103,6301,181138,
532548,"CENTURY PLYBOARDS (I) LTD.",A,STK,666.1,671.55,654,658.6,661.8,683.05,407,2460,1632289,
532553,"WELSPUN ENTERPRISES LIMTED",A,STK,462.35,470.9,455.5,456.55,461.6,466.9,332,2610,1202391,
532555,"NTPC LTD.",A,STK,374.9,380.85,373.05,373.95,373.95,378.5,22786,339967,128009214,
532604,"S.A.L.STEEL LTD.",T,STK,36.81,37.65,36,36.72,37.29,37.19,25,3411,125897,
532605,"JBM AUTO LTD.",A,STK,560.2,575.15,542.25,550.15,550.15,585.3,37766,783425,440550376,
532610,"DWARIKESH SUGAR INDUSTRIES LTD",B,STK,36.5,38.37,36.5,37.67,37.67,37.23,598,82985,3117796,
532612,"INDOCO REMEDIES LTD.",B,STK,193.3,194.7,188,189,189.65,194.15,81,2088,398778,
532613,"VIP Clothing Limited",B,STK,20.73,20.73,17.27,17.47,17.4,17.9,69,42323,742540,
532614,"IMPEX FERRO TECH LTD.",Z,STK,1.55,1.6,1.53,1.57,1.58,1.61,26,17700,27244,
532616,"XCHANGING SOLUTIONS LTD.",B,STK,56.4,57.51,55.48,56.09,56.09,58.21,272,15931,900732,
532621,"MORARJEE TEXTILES LTD.",Z,STK,7.1,7.15,7,7.01,7.01,6.84,7,1502,10559,
532624,"JINDAL PHOTO LTD.",B,STK,1185.95,1199,1140.1,1152.4,1157,1218.7,52,300,348757,
532626,"PONDY OXIDES & CHEMICALS LTD.",B,STK,1061,1061,1016,1024.75,1030.2,1073.55,1096,8833,9131494,
532627,"JAIPRAKASH POWER VENTURES LIMI",A,STK,14.75,17.4,14.55,16.75,16.75,15,28714,32247868,525099856,
532628,"3I INFOTECH LTD.",B,STK,13.53,13.55,13.3,13.4,13.4,13.53,434,130167,1745779,
532630,"GOKALDAS EXPORTS LTD.",A,STK,586.65,590.35,574.25,575.7,578,596.3,921,23098,13417754,
532633,"Alldigi Tech Limited",B,STK,745,763.7,745,745.95,745.7,749.2,81,395,298609,
532636,"IIFL FINANCE LIMITED",A,STK,480.95,480.95,462.7,467.5,467.5,488.5,695,20778,9812222,
532637,"MANGALAM DRUGS & ORGANICS LTD.",T,STK,31.06,31.62,29.52,30.66,30.79,31.06,42,10672,320641,
532638,"SHOPPERS STOP LTD.",B,STK,295,300,288,289.65,288,301,117,920,269017,
532641,"NANDAN DENIM LIMITED",B,STK,2.28,2.33,2.24,2.25,2.27,2.34,294,302490,688619,
532642,"JSW HOLDINGS LIMITED",A,STK,16798.8,17020,15836.25,16002.35,16149,16674.4,292,580,9417321,
532644,"J.K.CEMENT LTD.",A,STK,5085,5095,4990,5003.55,4990,5104.15,3068,5643,28325006,
532645,"BEEYU OVERSEAS LTD.",XT,STK,2.79,2.79,2.71,2.71,2.71,2.85,5,1255,3405,
532648,"YES BANK LTD.",A,STK,18.62,18.74,18.28,18.39,18.39,18.94,35105,6939029,128262964,
532649,"NECTAR LIFESCIENCES LTD.",B,STK,11.15,11.44,10.91,10.99,10.99,11.22,153,49114,550082,
532650,"MSP STEEL & POWER LTD.",B,STK,30.12,30.75,29.42,29.53,30,30.6,201,32648,982215,
532651,"SPL INDUSTRIES LTD.",B,STK,25.8,26.8,25.8,26.11,26.11,25.71,22,11884,314506,
532652,"KARNATAKA BANK LTD.",A,STK,229.7,235.85,226.9,231.6,231.6,232.1,4623,275936,64212248,
532654,"MCLEOD RUSSEL INDIA LTD.",B,STK,36.7,36.7,34.3,34.54,34.55,36.4,255,20035,705453,
532656,"FACOR ALLOYS LTD.",X,STK,2.1,2.18,2.1,2.12,2.15,2.14,163,118045,250292,
532660,"VIVIMED LABS LTD.",B,STK,6.6,6.6,6.31,6.36,6.33,6.6,72,17105,109604,
532661,"RANE (MADRAS) LTD.",B,STK,738,743.1,720,722.65,725.05,749.05,55,444,324495,
532662,"HT MEDIA LTD.",B,STK,20.45,20.5,19.8,19.97,20.35,21.1,120,14636,294379,
532663,"Sasken Technologies Limited",B,STK,1117.15,1206.2,1078.85,1098.55,1095.05,1150.1,675,4987,5752448,
532666,"FCS SOFTWARE SOLUTIONS LTD.",B,STK,1.45,1.45,1.4,1.42,1.42,1.46,453,863100,1231073,
532667,"SUZLON ENERGY LTD.",A,STK,41.25,41.78,40.83,41.07,41.07,42.05,16964,3477701,143646805,
532668,"AURIONPRO SOLUTIONS LTD.",A,STK,821,835.4,809,810.4,809,835.6,529,6838,5598779,
532670,"SHREE RENUKA SUGARS LTD.",A,STK,23.75,24.64,23.59,23.85,23.73,24.03,842,176127,4241199,
532673,"K.M.SUGAR MILLS LTD.",B,STK,25.16,25.65,24.88,25.07,24.88,25,54,8529,215161,
532674,"BANNARI AMMAN SPINNING MILLS L",B,STK,20,21.12,19.55,19.71,19.68,20,38,8215,167125,
532676,"PBA INFRASTRUCTURE LTD.",X,STK,7.81,8.75,7.81,8.65,8.65,8.51,12,8007,62649,
532683,"AIA ENGINEERING LTD.",A,STK,3699,3699,3560.45,3573.7,3561.25,3715.4,586,1904,6875252,
532684,"EVEREST KANTO CYLINDER LTD.",B,STK,103.45,105.25,103.45,103.7,104,105.55,203,8753,911576,
532686,"KERNEX MICROSYSTEMS (INDIA) LT",B,STK,952.95,985,939.85,956.1,952.35,968.5,414,7330,6969912,
532687,"REPRO INDIA LTD.",B,STK,372.5,376.65,357,363.4,357.05,383.6,104,742,277037,
532689,"PVR INOX LIMITED",A,STK,1010.5,1040,984,992.3,999,1020.2,2517,55666,56300040,
532694,"BARTRONICS INDIA LTD.",B,STK,8.3,8.39,8.1,8.14,8.18,8.43,242,104040,855992,
532695,"CELEBRITY FASHIONS LTD.",B,STK,7.6,7.75,7.15,7.15,7.15,7.64,38,3096,22802,
532698,"NITIN SPINNERS LTD.",B,STK,371.8,373.95,360.8,362.35,362.1,371.8,192,2973,1094632,
532699,"ROYAL ORCHID HOTELS LTD.",B,STK,321.1,328,318.1,320.15,319.85,324.2,250,20754,6726458,
532700,"ENTERTAINMENT NETWORK (INDIA)",B,STK,106,106.6,105.5,105.65,105.5,105.3,43,1661,175830,
532701,"CELLA SPACE LIMITED",Z,STK,12.8,14.05,12.8,14.03,14.05,13.4,6,1053,14774,
532702,"GUJARAT STATE PETRONET LTD.",A,STK,256.4,275,252,254.75,254.75,258.15,2881,148478,38716160,
532705,"JAGRAN PRAKASHAN LTD.",B,STK,62,62,60.9,61.11,61.07,62.37,468,18959,1164028,
532707,"DYNEMIC PRODUCTS LTD.",B,STK,220.95,235.55,218.45,221.55,221.15,221.95,129,5054,1136022,
532708,"GVK POWER & INFRASTRUCTURE LTD",T,STK,2.69,2.69,2.6,2.66,2.65,2.65,237,316049,835541,
532710,"SADBHAV ENGINEERING LTD.",T,STK,7.98,8.29,7.79,7.79,7.79,8.19,61,14621,114943,
532712,"RELIANCE COMMUNICATIONS LTD.",T,STK,0.85,0.93,0.85,0.87,0.87,0.89,597,1145883,1004621,
532713,"SAKUMA EXPORTS LTD.",B,STK,1.47,1.5,1.47,1.49,1.48,1.51,177,495124,737113,
532714,"KEC INTERNATIONAL LTD.",A,STK,552.1,563.45,550,558.65,562,561.55,925,29186,16212830,
532716,"GILLANDERS ARBUTHNOT & CO.LTD.",B,STK,80.5,80.5,77,79.24,79.24,83.51,14,657,51361,
532717,"INDO TECH TRANSFORMERS LTD.",B,STK,1287,1312,1276.5,1281.8,1281,1312.5,109,610,785321,
532719,"B.L.KASHYAP AND SONS LTD.",B,STK,51.04,51.04,48.67,49.16,49.06,51.59,217,29118,1452743,
532720,"MAHINDRA & MAHINDRA FINANCIAL",A,STK,316,316.35,308.45,310.7,310.7,321.35,1116,52113,16306026,
532721,"VISA STEEL LTD.",B,STK,30.75,31,30.63,30.63,30.63,32.24,6,322,9883,
532722,"NITCO LTD.",B,STK,77.72,85.7,77.72,81.63,81.63,79.1,894,48621,4050959,
532723,"MPDL LIMITED",X,STK,34.39,37.98,34.39,37.98,37.98,36.2,2,6,209,
532725,"SOLAR INDUSTRIES INDIA LTD.",A,STK,13699.2,13699.2,13105,13157.15,13180,13702.65,2171,9728,129332993,
532726,"GALLANTT ISPAT LIMITED",B,STK,552.75,552.75,543.25,547.15,547.5,553.55,69,1408,770063,
532728,"MALU PAPER MILLS LTD.",B,STK,31.79,31.79,31,31.13,31.44,32,15,1118,34730,
532729,"UTTAM SUGAR MILLS LTD.",B,STK,199.85,207,199.85,206.45,206.4,203.3,178,2381,487491,
532730,"STL GLOBAL LTD.",B,STK,11.01,11.01,10.73,10.73,10.73,11.19,11,577,6251,
532732,"KEWAL KIRAN CLOTHING LTD.",B,STK,436.45,444.2,433,434.3,433,443,79,628,274808,
532733,"SUN TV NETWORK LTD.",A,STK,591.7,616.7,585,599.85,594.5,603.75,2212,56123,33816238,
532734,"GODAWARI POWER & ISPAT LTD.",A,STK,255.2,258.15,250,250.85,250.85,260,898,45047,11473953,
532735,"R SYSTEMS INTERNATIONAL LTD.",B,STK,262,274.5,256.05,264.4,264.15,262.75,1415,65006,17252348,
532737,"EMKAY GLOBAL FINANCIAL SERVICE",B,STK,224,224,217,217.65,217,230.7,21,112,24666,
532738,"TwamevConstruction and Infrast",B,STK,25.51,25.51,25.08,25.08,25.08,26.39,77,21758,548141,
532740,"LOKESH MACHINES LTD.",B,STK,204.1,205.45,197.8,198.1,197.8,205.45,96,1326,267049,
532741,"Kamdhenu Limited",B,STK,21.58,21.87,20.53,20.99,20.99,21.72,393,150703,3193250,
532742,"PAUSHAK LTD.",B,STK,413,415.05,399,403.75,399.75,416.65,225,1151,467455,
532744,"GTN TEXTILES LTD.",XT,STK,8.6,8.6,8.6,8.6,8.6,8.71,1,200,1720,
532748,"PRIME FOCUS LTD.",B,STK,261.05,267.65,254,255.8,254,264.75,2067,264723,69558555,
532749,"ALLCARGO LOGISTICS LTD.",B,STK,8.23,8.24,7.91,8.04,8.09,8.27,968,415983,3343073,
532754,"GMR Airports Limited",A,STK,90.75,91,87.4,88.4,89,92.05,3982,489926,43517319,
532755,"TECH MAHINDRA LTD.",A,STK,1375.55,1376.35,1331.35,1339.75,1339.75,1386.35,16861,57939,78307385,
532756,"CIE Automotive India Limited",A,STK,480.15,480.15,465.8,467.15,469.7,480.15,384,5613,2647014,
532757,"VOLTAMP TRANSFORMERS LTD.",A,STK,8550,8661.5,8380.4,8412.05,8460,8731,564,1630,13939834,
532759,"ATLANTAA LIMITED",B,STK,37.67,37.73,36.5,36.5,36.5,37.67,43,4318,157708,
532761,"HANDSON GLOBAL MANAGEMENT (HGM",B,STK,46,47.38,46,46.11,46,48.23,5,93,4282,
532762,"ACTION CONSTRUCTION EQUIPMENT",A,STK,836.9,855,831.6,834.95,838.9,842.9,982,15063,12710863,
532764,"GEECEE VENTURES LIMITED",B,STK,257.95,267.3,252.55,258.7,255,259.6,16,560,141926,
532768,"FIEM INDUSTRIES LTD.",B,STK,2036.05,2062.65,2000,2003.3,2000.1,2076.95,283,1208,2451506,
532771,"JHS SVENDGAARD LABORATORIES LT",B,STK,8.8,8.8,7.9,7.95,7.9,8.09,163,18169,146221,
532772,"DCB BANK LIMITED",A,STK,175,176.2,169.15,169.55,170.8,179.75,995,58630,10132443,
532773,"GLOBAL VECTRA HELICORP LTD.",B,STK,155.05,160,155,160,160,154.5,4,125,19433,
532774,"Inspirisys Solutions Limited",T,STK,80,81.4,79.23,79.24,79.23,83.39,12,643,51025,
532775,"GTL INFRASTRUCTURE LTD.",B,STK,1.05,1.05,1.02,1.03,1.03,1.05,8938,3673831,3810907,
532776,"SHIVAM AUTOTECH LTD.",B,STK,16.2,16.65,15.82,15.91,15.82,16.27,64,4941,79247,
532777,"INFO EDGE (INDIA) LTD.",A,STK,979.95,986.1,966.3,971,970.05,994.55,1371,17788,17293322,
532779,"TORRENT POWER LTD.",A,STK,1447.95,1462.8,1433.95,1446.5,1448.65,1453.6,954,10567,15309264,
532780,"PARSVNATH DEVELOPERS LTD.",B,STK,6.5,6.84,6.5,6.63,6.69,6.82,92,50589,338745,
532782,"SUTLEJ TEXTILES & INDUSTRIES L",B,STK,29.3,29.62,29,29.04,29,29.3,28,1290,37463,
532783,"LT FOODS LTD.",A,STK,390.15,393.15,380.9,383.2,384.75,394.6,625,26638,10330882,
532784,SOBHA,A,STK,1293.55,1310.8,1260,1269.45,1269,1290.65,419,3768,4821857,
532785,"RUCHIRA PAPERS LTD.",B,STK,100.5,100.5,98.6,98.85,98.75,101.3,100,3175,314795,
532790,"TANLA PLATFORMS LIMITED",A,STK,424.05,425.15,412,414.5,414.5,431.05,810,22237,9343341,
532794,"ZEE MEDIA CORPORATION LIMITED",T,STK,7.63,7.89,7.27,7.39,7.43,7.65,270,134879,1007225,
532795,"Siti Networks Ltd.",Z,STK,0.49,0.49,0.49,0.49,0.49,0.49,31,20518,10053,
532796,"LUMAX AUTO TECHNOLOGIES LTD.",A,STK,1583.75,1614.15,1548.9,1573.65,1573.65,1651.5,2238,21073,33547769,
532797,"AUTOLINE INDUSTRIES LTD.",B,STK,67,67,58.62,59.65,59.35,62.03,186,6659,397643,
532798,"NETWORK18 MEDIA & INVESTMENTS",A,STK,31.7,31.7,30.2,30.27,30.27,31.81,1109,251944,7730769,
532799,"HUBTOWN LTD.",B,STK,190.65,196.85,184.5,186.2,186.2,196.95,422,91119,17139787,
532801,"CAMBRIDGE TECHNOLOGY ENTERPRIS",B,STK,25.03,25.05,23.86,24.49,24.95,25.13,26,3246,79848,
532804,"TECHNOCRAFT INDUSTRIES (INDIA)",B,STK,2172,2250,2170,2207.9,2250,2212.2,50,1826,4011935,
532805,"Redington Limited",A,STK,228,228,218.5,219.3,219.3,231.35,4129,223403,49697734,
532806,"AI CHAMPDANY INDUSTRIES LTD.",X,STK,25.12,25.8,23.6,25.69,25.8,25.19,9,253,6412,
532807,"CINELINE INDIA LIMITED",B,STK,84.98,87,82.62,85.92,87,83.48,49,61340,5211246,
532808,"PEARL GLOBAL INDUSTRIES LIMITE",A,STK,1450.05,1533,1450.05,1486.65,1482.3,1531.7,322,1521,2268730,
532809,"FIRSTSOURCE SOLUTIONS LTD.",A,STK,223.9,225.15,218.4,219.9,219.9,227.9,1150,53761,11965530,
532810,"POWER FINANCE CORPORATION LTD.",A,STK,424.25,426.35,409.2,411.5,411.5,431.95,4214,266788,111680520,
532811,"AHLUWALIA CONTRACTS (INDIA) LT",B,STK,757,763,730,741.6,741.6,747.4,1558,23454,17423358,
532812,"TRANSWARRANTY FINANCE LTD.",B,STK,12.9,12.9,12.7,12.7,12.7,12.82,3,626,7951,
532814,"INDIAN BANK",A,STK,840.25,872.9,840.25,860.1,861.65,889.15,2190,88430,76103528,
532815,"SMS PHARMACEUTICALS LTD.",B,STK,380.75,380.75,363,366.2,368,381.9,316,6141,2287942,
532817,"ORIENTAL TRIMEX LTD.",B,STK,5.59,5.59,5.05,5.1,5.24,5.41,269,62942,322054,
532820,"E-Land Apparel Limited",XT,STK,14.06,14.06,12.74,13.9,13.9,13.4,14,1509,21051,
532822,"VODAFONE IDEA  LIMITED",A,STK,9.25,9.3,8.85,8.94,8.94,9.45,50353,39752479,361570622,
532825,"JAGJANANI TEXTILES LTD.",X,STK,3.8,3.8,3.8,3.8,3.8,3.77,2,7,26,
532826,"RAJ TELEVISION NETWORK LTD.",B,STK,39,39,36.2,36.94,37.09,39,28,1035,38286,
532827,"PAGE INDUSTRIES LTD.",A,STK,31599.35,31599.35,30599.25,31208.9,31250,31729.2,384,721,22539853,
532828,"AMD INDUSTRIES LTD.",B,STK,37.96,39.88,36.5,37.51,37.6,37.96,56,1051,39273,
532829,"LEHAR FOOTWEARS LIMITED",X,STK,205.9,205.9,201,204.3,205.4,206.15,180,19956,4066771,
532830,"ASTRAL LIMITED",A,STK,1640.15,1644.9,1626,1640.8,1639,1668.1,634,5362,8782492,
532832,"EMBASSY DEVELOPMENTS LIMITED",T,STK,50.55,52.2,48.99,49.42,49.42,51.53,702,112138,5627617,
532834,"Camlin Fine Sciences Ltd",A,STK,127.7,127.75,119.25,120.15,120.15,129.5,1556,62414,7617593,
532835,"ICRA LTD.",B,STK,5239.55,5250.8,5150,5233.6,5250.8,5239.55,82,261,1355176,
532839,"DISH TV INDIA LTD.",B,STK,2.26,2.33,2.22,2.27,2.29,2.28,454,1017770,2330924,
532841,"SAHYADRI INDUSTRIES LTD.",B,STK,238,243,235.85,235.85,235.85,235.45,8,60,14539,
532842,"SREE RAYALASEEMA HI-STRENGTH H",B,STK,442.95,444,420.05,431.75,431.95,442.95,38,563,246348,
532843,"FORTIS HEALTHCARE LTD.",A,STK,831,835.55,812.3,819.5,823.8,845.65,1999,200373,164540813,
532845,"TGB BANQUETS AND HOTELS LTD.",B,STK,8.97,8.97,8.4,8.54,8.54,8.67,30,2490,21334,
532847,"HILTON METAL FORGING LTD.",B,STK,16.5,16.5,15.45,15.83,15.6,16.35,460,51166,823269,
532848,"DELTA CORP LTD.",A,STK,54.9,54.9,53.17,53.74,53.74,55.08,450,75857,4090998,
532850,"MIC ELECTRONICS LTD.",B,STK,33.4,33.59,32.5,32.61,32.61,33.7,565,45578,1506947,
532851,"INSECTICIDES (INDIA) LTD.",B,STK,574.5,587,567.15,568.3,567.15,580.05,95,1345,775964,
532853,"ASAHI SONGWON COLORS LTD.",B,STK,192.8,200.15,192.8,197.75,197.05,196.25,25,904,180046,
532855,"HARYANA CAPFIN LTD.",X,STK,134,135,131,134,135,135,13,595,79728,
532856,"TIME TECHNOPLAST LTD.",A,STK,163.95,163.95,156.9,157.2,157.2,165.6,1615,57201,9115492,
532859,"HINDUJA GLOBAL SOLUTIONS LTD.",B,STK,360,364.35,358.25,359.55,359.35,362.55,92,3269,1177047,
532864,"NELCAST LTD.",B,STK,129.5,129.5,118.7,119.4,119.15,126.35,427,14464,1783898,
532867,"V2 RETAIL LTD.",B,STK,1919.6,1933.15,1900,1901.55,1900,1919.5,246,2604,4956275,
532868,"DLF LTD.",A,STK,551.85,551.85,539.1,542.45,543,562.5,1997,68177,37068445,
532869,"TARMAT LTD.",T,STK,57.69,57.69,54,54.32,54.6,55.69,13,886,49280,
532870,"ANKIT METAL & POWER LTD.",Z,STK,1.57,1.57,1.46,1.48,1.55,1.53,12,11710,17367,
532872,"SUN PHARMA ADVANCED RESEARCH C",B,STK,120.3,120.3,114.95,115.2,115.2,120.2,384,49734,5828758,
532875,"ALLIED DIGITAL SERVICES LTD.",B,STK,105.15,105.15,99.5,100,100.85,105.35,238,5585,568546,
532878,"ALPA LABORATORIES LTD.",B,STK,60.6,61.25,60,60.22,60.57,59.71,13,764,46301,
532879,"SIR SHADI LAL ENTERPRISES LTD.",X,STK,257.35,257.35,243.8,244.95,244.95,245,10,252,61957,
532880,"OMAXE LTD.",B,STK,71.35,73.84,69.67,70.79,70.5,72.29,191,7811,561674,
532884,"REFEX INDUSTRIES LTD.",A,STK,202.25,207.35,200.05,200.8,200.35,207.5,759,24233,4940631,
532885,"CENTRAL BANK OF INDIA",A,STK,34.46,34.85,33.53,33.59,33.59,35.2,3990,1199165,40772407,
532886,"SEL MANUFACTURING COMPANY LTD.",B,STK,30.19,30.19,27.52,29.93,29.93,28.76,15,1909,54951,
532888,"ASIAN GRANITO INDIA LTD.",B,STK,58.46,61.8,58.26,59.38,59.38,60.63,588,117307,6979013,
532889,"K.P.R.MILL LIMITED",A,STK,830,845.95,819.2,834.6,834.95,836.75,545,9395,7802980,
532890,"TAKE SOLUTIONS LTD.",T,STK,38.13,38.13,38.13,38.13,38.13,38.9,9,2136,81445,
532891,"Puravankara Limited",B,STK,188.95,188.95,180.6,181.8,182.95,190.15,278,11331,2099855,
532892,"MOTILAL OSWAL FINANCIAL SERVIC",A,STK,691.5,691.5,670,671.25,671.25,697.9,1323,27311,18510757,
532893,"VTM LTD.",X,STK,81.99,89.4,80,83.14,83.14,81.6,248,63135,5345973,
532894,"INDOWIND ENERGY LTD.",B,STK,9,9.4,8.71,8.86,8.9,8.96,604,66189,602962,
532895,"NAGREEKA CAPITAL & INFRASTRUCT",B,STK,23,27.89,22.5,22.96,22.5,23.7,41,1115,25942,
532896,"MAGNUM VENTURES LTD.",B,STK,19,19,18.11,18.14,18.78,18.88,14,1209,22580,
532898,"POWER GRID CORPORATION OF INDI",A,STK,297.95,300.55,296,296.6,296.6,298.75,17793,110147,32868952,
532899,"KAVERI SEED COMPANY LTD.",A,STK,764,769.75,752.2,766.05,769.75,766.2,901,7341,5583823,
532900,"PAISALO DIGITAL LIMITED",A,STK,33.6,35.4,32.76,34.26,33.7,34.41,641,232598,7844936,
532902,"CONSOLIDATED CONSTRUCTION CONS",B,STK,15.35,15.35,14.52,14.89,14.89,15.49,201,31932,477224,
532904,"SUPREME INFRASTRUCTURE INDIA L",Z,STK,71,71,70.21,70.25,70.25,73.9,7,646,45388,
532906,"MAAN ALUMINIUM LTD.",T,STK,130.7,137.3,130,137.3,137.3,130.8,100,11664,1575618,
532907,"IL&FS ENGINEERING AND CONSTRUC",Z,STK,23,24,23,24,24,24.07,2,101,2423,
532911,"PARLE INDUSTRIES LIMITED",X,STK,5.73,5.73,5.32,5.59,5.6,5.73,396,103103,577601,
532915,"RELIGARE ENTERPRISES LTD.",A,STK,223.75,228.45,221.4,222,223.3,227.85,597,1110324,246723705,
532916,"BARAK VALLEY CEMENTS LTD.",B,STK,37.25,38.42,36.78,37.94,36.78,37.47,10,290,11001,
532918,"RATHI BARS LTD.",X,STK,21.98,25.99,21.26,22.82,23.09,21.98,114,13286,311294,
532921,"ADANI PORTS AND SPECIAL ECONOM",A,STK,1372.7,1378.35,1350.7,1355.8,1355.8,1402.05,26293,192371,262762054,
532922,"EDELWEISS FINANCIAL SERVICES L",A,STK,109.05,109.9,104.65,105.3,105.3,110.65,1255,141676,15107821,
532923,"RENAISSANCE GLOBAL LIMITED",B,STK,102.3,102.3,95.1,95.95,95.9,102.4,530,30758,3041218,
532924,"KOLTE-PATIL DEVELOPERS LTD.",B,STK,327.2,329.35,317.8,326.4,328.85,327.2,144,3022,976323,
532925,"KAUSHALYA INFRASTRUCTURE DEVEL",B,STK,799.4,800,763.05,781.65,763.3,756.1,7,7,5487,
532926,"JYOTHY LABS LIMITED",A,STK,212.8,212.8,207.05,208.1,208.4,213.95,1098,30120,6314972,
532927,"ECLERX SERVICES LTD.",A,STK,1471.25,1495.05,1453.05,1456.8,1465.6,1485.35,745,6043,8878539,
532928,"TRANSFORMERS AND RECTIFIERS (I",A,STK,281.45,284.75,272.85,274.45,274.45,289.05,3863,181669,50732534,
532929,"BRIGADE ENTERPRISES LTD.",A,STK,679.85,679.85,656,658.8,658.8,686.15,950,13920,9215997,
532930,"BGR ENERGY SYSTEMS LTD.",T,STK,311.85,311.85,298.6,301,304.55,314.3,127,8779,2662999,
532932,"MANAKSIA LTD.",B,STK,50.46,51,50,50.18,50,51.02,20,3110,156370,
532933,"PORWAL AUTO COMPONENTS LTD.",X,STK,48,51.99,48,48.85,48.85,49.39,70,6190,306538,
532934,PPAP,B,STK,204.1,207.75,197.1,199.5,197.1,205.1,59,788,157670,
532935,"ARIES AGRO LTD.",B,STK,327.95,335.2,327.8,327.85,328.45,334.25,19,573,191062,
532937,"KUANTUM PAPERS LTD.",B,STK,84,84,78.51,78.96,79.8,82.85,111,1996,159869,
532939,"RELIANCE POWER LTD.",A,STK,22.38,22.5,21.75,21.82,21.82,22.74,6007,3519679,77689063,
532940,"J.KUMAR INFRAPROJECTS LTD.",A,STK,499.05,503.85,491.4,492.5,492.5,508.85,107,1376,684180,
532941,"CORDS CABLE INDUSTRIES LTD.",B,STK,149,153.4,149,152.55,152,151.75,35,319,48477,
532942,"KNR CONSTRUCTIONS LTD.",A,STK,120.05,122,118.05,118.6,118.6,122.55,761,66188,7943439,
532944,ONMOBILE,B,STK,49.39,49.51,48.64,49,48.89,50.24,113,11979,587262,
532945,"SEPC LIMITED",B,STK,5.05,5.13,4.9,4.93,4.93,5.2,1168,1589228,7930361,
532946,"BANG OVERSEAS LTD.",B,STK,32.67,35,32.67,33,33,33.07,15,6026,203972,
532947,"IRB INFRASTRUCTURE DEVELOPERS",A,STK,40.81,41.93,40.8,41.6,41.6,41.78,3594,743866,30792117,
532951,"GSS INFOTECH LTD.",B,STK,11.99,11.99,10.9,10.98,11,11.25,88,18888,210060,
532952,"NAHAR CAPITAL & FINANCIAL SERV",B,STK,222.05,226.25,218,218.2,218,228.9,192,5145,1150327,
532953,"V-GUARD INDUSTRIES LTD.",A,STK,325,332.25,322.8,323.4,324.95,332.15,590,13476,4415499,
532955,"REC LIMITED",A,STK,343.9,343.95,331.8,333.55,333.55,348.25,8686,492801,166729667,
532957,"GOKAK TEXTILES LTD.",XT,STK,62.25,67,62.25,64.07,67,64.51,6,1244,77917,
532966,"TITAGARH RAIL SYSTEMS LIMITED",A,STK,635,642.1,618.8,621.8,624.8,648.95,1587,37434,23631107,
532967,"KIRI INDUSTRIES LTD.",A,STK,387.05,389.4,372.5,376.5,373.3,393.55,301,24901,9580423,
532974,"ADITYA BIRLA MONEY LTD.",B,STK,115,116.7,112.8,113.45,113.9,116.9,224,2612,298892,
532975,"TELOGICA LIMITED",X,STK,10.3,10.3,9.21,9.26,9.94,9.9,42,19310,182379,
532976,"JAI BALAJI INDUSTRIES LTD.",A,STK,63.1,63.29,62,62.12,62.16,64.15,768,47103,2945993,
532977,"BAJAJ AUTO LTD.",A,STK,9060.05,9153.25,8811,8867.3,8889.95,9267.15,2525,8374,75314334,
532978,"BAJAJ FINSERV LTD.",A,STK,1765.15,1778.2,1704.55,1712.65,1712.65,1792.8,19760,62425,107856006,
532980,"GOKUL REFOILS & SOLVENT LTD.",B,STK,42.29,42.5,41.02,41.56,41.42,42.89,41,3047,127638,
532983,"RPG LIFE SCIENCES LTD.",B,STK,1883.7,1886.6,1815.25,1821.05,1816.85,1911.9,76,385,710075,
532985,"KOTAK MAHINDRA MUTUAL FUND",A,STK,83.37,83.46,81.05,81.45,81.5,83.84,268,19614,1625306,
532986,"NIRAJ CEMENT STRUCTURALS LTD.",B,STK,26.42,27.89,25.25,25.66,25.25,26.8,83,5237,138405,
532989,"BAFNA PHARMACEUTICALS LTD.",B,STK,119.25,119.25,119.15,119.15,119.15,113.6,15,1018,121382,
532992,"CHL LTD.",X,STK,31,31,29.84,30,30,29.84,15,1208,36193,
532993,"SEJAL GLASS LIMITED",B,STK,490.6,507.35,490.6,492.35,492.35,490.6,131,1821,908100,
532994,"ARCHIDPLY INDUSTRIES LTD.",B,STK,71.15,71.45,68.14,69.06,69.06,71.03,51,221,15521,
532998,"Lotus Eye Hospital And Institu",B,STK,105.45,105.5,105.45,105.45,105.45,108.9,18,126,13287,
533001,"SOMI CONVEYOR BELTINGS LTD.",B,STK,102.25,102.25,100.05,100.15,100.15,102.25,7,499,50428,
533007,"LGB FORGE LTD.",X,STK,6.23,6.49,5.9,6.13,6.21,6.2,261,205380,1253842,
533012,"LANDMARK PROPERTY DEVELOPMENT",B,STK,6,6.16,5.71,5.9,5.9,5.81,13,1060,6129,
533014,"SICAGEN INDIA LTD.",X,STK,50.2,50.2,48.05,48.21,48.9,49.56,37,2768,134504,
533022,"20 MICRONS LTD.",B,STK,155.75,155.75,149.4,150.15,150.15,156.35,224,8230,1255995,
533023,"ZF Commercial Vehicle Control",A,STK,13565.9,13628.95,13250,13388.55,13490,13738.8,228,324,4367861,
533029,"ALKALI METALS LTD.",B,STK,57,57,54.16,55.71,56,57.2,146,2932,163693,
533033,"ISGEC HEAVY ENGINEERING LTD.",A,STK,888,909.6,883.2,888.3,893,904.65,241,2324,2075838,
533047,"INDIAN METALS & FERRO ALLOYS L",B,STK,1235.6,1254.4,1214.7,1223.1,1231.45,1258.6,334,3967,4875090,
533048,"Teamo Productions HQ Limited",B,STK,0.51,0.52,0.49,0.49,0.49,0.51,226,1057551,522788,
533056,"VEDAVAAG SYSTEMS LTD.",X,STK,17.25,17.7,16.81,17.03,17.28,17.29,129,20892,358420,
533080,"MOLD-TEK PACKAGING LIMITED",B,STK,517.6,528.05,515.8,520.45,516.8,521.35,166,1476,771804,
533088,"MAHINDRA HOLIDAYS & RESORTS IN",B,STK,258,260.6,257.5,258.35,260.6,260.25,308,7181,1856817,
533090,"EXCEL REALTY N INFRA LTD.",B,STK,1.1,1.1,1,1.01,1.01,1.09,337,726186,751031,
533093,"RAJ OIL MILLS LTD.",B,STK,43.3,43.3,43.2,43.2,43.2,44.67,21,61,2637,
533095,"BENGAL & ASSAM COMPANY LTD.",B,STK,5834.95,5850,5775,5837.75,5840,5797.6,71,407,2364854,
533096,"ADANI POWER LTD.",A,STK,151.25,155.45,150.35,151.05,151.05,154.1,13725,2141234,326270649,
533098,"NHPC LTD.",A,STK,76.5,77.74,75.7,76.19,76.19,77.34,2452,332891,25507774,
533100,"PREMIER ENERGY AND INFRASTRUCT",X,STK,6.91,6.91,6.63,6.63,6.63,6.97,15,996,6621,
533101,"SURYAAMBA SPINNING MILLS LTD.",X,STK,125,125,114,115.95,116.85,122.9,22,1357,161448,
533104,"GLOBUS SPIRITS LTD.",B,STK,866.45,912.5,850,879.1,881.6,875.7,337,6095,5282497,
533106,"OIL INDIA LTD.",A,STK,473.55,482.5,465.5,476.75,475.5,470.05,4684,238448,113393037,
533107,"SWAN DEFENCE AND HEAVY INDUSTR",T,STK,2165.8,2165.8,2165.8,2165.8,2165.8,2279.75,37,134,290217,
533108,"BHILWARA TECHNICAL TEXTILES LT",X,STK,33.89,33.89,32.05,32.69,32.05,33.16,17,3208,105220,
533110,"SHREE PRECOATED STEELS LTD.",X,STK,11.07,11.07,11.07,11.07,11.07,10.55,2,32,354,
533121,"EXPLEO SOLUTIONS LIMITED",B,STK,745.05,751.6,711.65,719.65,723.45,746.2,394,1864,1365444,
533122,"RATTANINDIA POWER LTD.",A,STK,8.23,8.6,8.07,8.28,8.28,8.37,10868,2222744,18576467,
533137,"DEN NETWORKS LTD",B,STK,26.23,26.58,25.77,25.96,26.26,26.54,128,22156,582612,
533138,"ASTEC LIFESCIENCES LIMITED",B,STK,592.4,592.45,563,565.7,568,595.65,140,892,514995,
533146,"D-LINK (INDIA) LTD",B,STK,397,406.05,394.05,395.8,398,405.05,231,3551,1418558,
533148,"JSW ENERGY LTD",A,STK,504.95,513,499.55,505.95,505,509,3058,178242,90803220,
533149,"Yunik Managing Advisors Limite",X,STK,6.51,6.51,6.2,6.25,6.2,6.5,29,19360,125291,
533150,"GODREJ PROPERTIES LTD",A,STK,1610.25,1612.3,1541.7,1551.4,1555.05,1642.7,3445,28078,44205705,
533151,"D B CORP LTD",B,STK,209.35,209.35,205,205.85,205.3,212.1,117,3900,810350,
533152,"MBL Infrastructure Ltd",B,STK,22.5,22.5,21,21.05,21,22.21,269,12397,264216,
533155,"JUBILANT FOODWORKS LTD",A,STK,471.05,471.05,452.2,454.2,455,477.9,1175,24483,11244269,
533156,"VASCON ENGINEERS LTD",B,STK,32.4,32.75,31.25,31.58,31.9,33.11,354,48699,1569232,
533158,"THANGAMAYIL JEWELLERY LTD",A,STK,3499.4,3499.4,3333,3353.95,3353.95,3499.35,446,2489,8463767,
533160,"VALOR ESTATE LIMITED",A,STK,100,101.05,96.1,96.8,96.8,101.7,649,50854,4994831,
533161,"EMMBI INDUSTRIES LTD",B,STK,82.18,83.32,78.55,78.86,78.86,82.18,73,3703,295385,
533162,"HATHWAY CABLE & DATACOM LTD",B,STK,9.87,10.02,9.78,9.8,9.8,10.1,594,317212,3147683,
533164,"TEXMO PIPES & PRODUCTS LTD.",B,STK,42.05,42.05,40.6,41.07,41.07,42.05,69,2165,89432,
533166,"SUNDARAM MULTI PAP LTD.",B,STK,1.3,1.3,1.18,1.22,1.18,1.32,260,249056,307858,
533167,"COROMANDEL ENGINEERING COMPANY",XT,STK,77.66,77.66,77,77.66,77.66,73.97,42,19872,1543085,
533168,"ROSSELL INDIA LTD.",B,STK,43.15,46.4,43.15,46,46,46.9,22,926,42671,
533169,"MAN INFRACONSTRUCTION LTD.",A,STK,93.5,93.6,90.1,90.35,90.55,93.8,376,24239,2229918,
533170,"TAMBOLI INDUSTRIES LIMITED",X,STK,141,147,135.15,137.2,135.2,139.9,45,4036,577006,
533172,"INVESCO India Gold Exchange Tr",E,STK,13090.6,13140,12552,12800,12800,13333,8,51,644510,
533177,"IL&FS TRANSPORTATION NETWORKS",Z,STK,2.28,2.28,2.17,2.2,2.2,2.24,6,15426,34511,
533179,"PERSISTENT SYSTEMS LTD.",A,STK,4600,4653.4,4578.8,4602.3,4615.65,4699.75,4536,27965,129057980,
533181,"INTRASOFT TECHNOLOGIES LTD.",B,STK,68,69.82,65.62,66.67,65.62,69.83,22,776,51910,
533192,"KCP SUGAR & INDUSTRIES CORPORA",B,STK,23,24.09,23,23.4,23.4,23.21,74,15800,374010,
533193,"KIRLOSKAR ELECTRIC COMPANY LTD",B,STK,82.62,90.73,81.37,83.25,82.71,83.09,811,48767,4218215,
533202,"SATCHMO HOLDINGS LIMITED",X,STK,3.41,3.48,3.35,3.42,3.44,3.38,98,61611,210693,
533203,"TARAPUR TRANSFORMERS LTD",B,STK,27.22,27.22,25.11,26.17,25.71,25.94,45,1791,46945,
533206,"SJVN LTD",A,STK,69.26,70.61,68.5,68.73,68.73,70.43,1815,211872,14764098,
533208,"EMAMI PAPER MILLS LTD.",B,STK,68.92,69.99,67.97,68.03,68.31,69.99,106,4984,344107,
533210,"KRITI NUTRIENTS LTD",B,STK,74.8,74.8,63.5,63.62,63.89,66.18,113,791,53335,
533212,"GKB OPHTHALMICS LTD.",X,STK,64.49,64.49,57.76,58.63,59.7,64.49,63,5106,313604,
533217,"HINDUSTAN MEDIA VENTURES LTD.",B,STK,62,65.99,60.8,62.83,62.78,62.05,144,8564,559568,
533218,"EMAMI REALTY LIMITED",B,STK,60.44,60.44,58.15,58.16,58.16,59.04,10,691,41031,
533227,"ASIAN HOTELS (EAST) LTD.",B,STK,162.5,162.5,150.45,152.85,152.85,152.7,4,7,1096,
533229,"BAJAJ CONSUMER CARE LIMITED",B,STK,343.5,352.3,339.75,343.5,343.5,352.6,727,19355,6724308,
533230,"HDFC MUTUAL FUND - HDFC GOLD E",E,STK,128.72,129.74,125,125.19,125.6,132.03,4540,613225,77718456,
533239,"PRAKASH STEELAGE LTD.",B,STK,4,4.31,4,4.2,4.16,4.14,135,65568,277272,
533244,"ICICI Prudential Gold ETF",E,STK,130.21,130.44,124.61,125.18,125.18,132.18,5618,609808,77295626,
533248,"GUJARAT PIPAVAV PORT LTD.",A,STK,152.4,153.75,148.85,149.4,149.05,154.1,637,27838,4201479,
533257,"INDOSOLAR LTD.",T,STK,352,364.4,351.95,364.4,364.4,347.05,37,2250,811403,
533259,"Sastasundar Ventures Limited",B,STK,289.55,289.55,282.6,282.9,282.6,292.15,10,23,6552,
533260,"CP CAPITAL LIMITED",B,STK,86.1,86.1,83.11,84.75,84.75,87.5,30,3393,290322,
533262,"RAMKY INFRASTRUCTURE LTD.",B,STK,474.4,478.2,470.5,473.25,471,483.7,95,1466,694608,
533263,"ORIENT GREEN POWER COMPANY LTD",B,STK,9.4,9.49,9.17,9.22,9.21,9.54,541,235419,2204505,
533267,"CANTABIL RETAIL INDIA LTD.",B,STK,245.95,247.25,243,245.3,245.3,251.15,57,1700,415166,
533268,"SEA TV NETWORK LTD.",X,STK,4,4,4,4,4,4,5,574,2296,
533269,"VA TECH WABAG LTD.",A,STK,1215,1240.05,1194.3,1202.95,1202.95,1228.95,1188,18856,22873269,
533270,"BEDMUTHA INDUSTRIES LTD.",T,STK,124.45,124.45,124.45,124.45,124.45,131,1,1,124,
533271,"ASHOKA BUILDCON LTD.",A,STK,116.85,116.85,112.75,113,113,117.3,963,44577,5103887,
533272,"JUPITER WAGONS LIMITED",A,STK,265.4,268.55,260.8,261.95,262.25,270.95,1927,97838,25882416,
533273,"OBEROI REALTY LTD.",A,STK,1461,1461,1426.65,1445.25,1450,1472.95,1869,10221,14672775,
533274,"PRESTIGE ESTATES PROJECTS LTD.",A,STK,1271.4,1303.1,1263,1266.3,1266.3,1320.3,1148,14177,18083966,
533275,"SHAH METACORP LIMITED",B,STK,4.78,4.78,4.69,4.73,4.74,4.77,101,111088,527557,
533278,"COAL INDIA LTD.",A,STK,453.5,460,451.05,454.3,454.3,454.95,7219,338038,154189282,
533282,"GRAVITA INDIA LTD.",A,STK,1419.4,1429.5,1403.55,1406.8,1409.2,1443.4,686,8569,12124523,
533284,"RPP INFRA PROJECTS LTD.",B,STK,71.5,71.51,67.54,68.5,68.7,72.43,120,14343,1021227,
533285,"RDB INFRASTRUCTURE AND POWER L",X,STK,40.15,41.8,38.11,38.89,38.89,40.11,477,272857,10568961,
533286,"MOIL LTD.",A,STK,280.1,298.65,280.1,292.5,291.35,293.15,4508,302821,88739504,
533287,"ZEE LEARN LTD.",B,STK,5.28,5.36,5.15,5.2,5.15,5.29,171,40640,214523,
533289,"KESAR TERMINALS & INFRASTRUCTU",X,STK,61.17,62,60.85,61.8,62,61.83,4,112,6921,
533292,"A2Z INFRA ENGINEERING LIMITED",T,STK,16.08,17.05,15.52,15.8,15.68,16.24,76,43104,695164,
533293,"KIRLOSKAR OIL ENGINES LTD.",A,STK,1413.5,1442.6,1400.75,1419.2,1421.85,1438.5,1757,23800,33963704,
533294,"RAVI KUMAR DISTILLERIES LTD.",B,STK,19.49,19.49,18.41,18.61,18.57,18.51,35,3275,62645,
533295,"PUNJAB & SIND BANK",B,STK,23.15,23.25,22.69,22.75,22.78,23.55,924,275008,6295134,
533296,"FUTURE MARKET NETWORKS LTD.",B,STK,7.75,8.07,7.67,7.72,7.96,8.07,48,18823,150107,
533298,"SURANA SOLAR LTD.",B,STK,22.99,22.99,21.9,22.03,22.03,22.13,210,8954,197471,
533301,"SHEKHAWATI INDUSTRIES LIMITED",B,STK,11.7,11.74,11.69,11.74,11.74,11.65,17,3305,38691,
533302,"KALYANI INVESTMENT COMPANY LTD",B,STK,4550.5,4583.95,4490,4490,4490,4600,32,57,258588,
533303,"BF INVESTMENT LTD.",B,STK,379.2,379.2,370,376.9,377,379.45,47,936,349871,
533306,"SUMMIT SECURITIES LTD.",B,STK,1541.5,1544,1508.5,1508.5,1508.5,1561.8,29,253,386499,
533315,"INNOVASSYNTH TECHNOLOGIES (IND",X,STK,62.24,62.24,50.1,57.31,57.4,60.62,180,25140,1383711,
533316,"STEL HOLDINGS LIMITED",B,STK,449.85,454,440,441.55,440,459,37,505,225727,
533317,"OMKAR SPECIALITY CHEMICALS LTD",Z,STK,3.8,3.98,3.78,3.98,3.98,3.8,6,1449,5528,
533326,"TEXMACO RAIL & ENGINEERING LTD",A,STK,92.95,92.95,88.75,89.25,89.55,93.15,880,85081,7674593,
533329,"INDIAN TERRAIN FASHIONS LTD.",B,STK,29.7,30.28,27.87,28,28.44,29.84,180,5100,146394,
533333,"FINEOTEX CHEMICAL LTD.",B,STK,21.59,22.07,21.59,21.72,21.64,22.18,260,64685,1413619,
533336,"DHUNSERI INVESTMENTS LTD.",B,STK,813.95,813.95,787.6,787.7,788.5,821.5,9,37,29336,
533339,"ZEN TECHNOLOGIES LTD.",A,STK,1443.6,1465,1408.3,1415.75,1415.75,1446.45,2497,47750,68676898,
533343,"LOVABLE LINGERIE LTD.",B,STK,67.65,68.07,65.65,66.01,65.65,67.1,72,6425,427049,
533344,"PTC INDIA FINANCIAL SERVICES L",B,STK,27.45,27.5,26.87,27.17,27.17,27.5,98,30465,830175,
533385,"MOTILAL OSWAL MOST SHARES NASD",E,STK,223.05,225.37,220.36,223.37,225,225.03,1010,45722,10197724,
533398,"MUTHOOT FINANCE LTD.",A,STK,3375,3396,3272.5,3306.4,3396,3432.85,3468,18847,63000383,
533407,"TRUE GREEN BIO ENERGY LIMITED",XT,STK,159,159,155.82,155.82,155.82,159,61,14413,2289181,
533408,"Aditya Birla Sun Life Mutual F",E,STK,133.66,133.66,129,129.63,129.63,135.83,522,19544,2559475,
533427,"VMS INDUSTRIES LTD.",X,STK,21.22,21.99,20.51,21.22,21.2,21.43,165,16701,353881,
533452,"DELPHI WORLD MONEY LIMITED",B,STK,10.31,10.31,9.35,9.6,9.72,10.2,113,17942,174695,
533470,"RUSHIL DECOR LTD.",B,STK,15.56,16.3,15.47,15.65,15.8,15.93,116,45245,715535,
533477,"ENKEI WHEELS (INDIA) LTD.",X,STK,462.9,462.9,402.3,407.6,417.5,413,21,632,260271,
533482,"KRIDHAN INFRA LIMITED",B,STK,2.32,2.54,2.29,2.36,2.41,2.49,45,11524,26883,
533506,"INVENTURE GROWTH & SECURITIES",B,STK,1.01,1.03,1,1.01,1.01,1.03,152,216995,219892,
533519,"L&T Finance Limited",A,STK,265.3,267,255.1,256.7,256.7,268.7,2935,161185,41938827,
533520,"Indiabulls Limited",B,STK,10.1,10.37,9.84,9.89,9.89,10.28,747,2073356,20924424,
533540,"TREE HOUSE EDUCATION & ACCESSO",T,STK,8.12,8.85,8.12,8.47,8.47,8.43,54,19448,169472,
533543,"BROOKS LABORATORIES LTD.",B,STK,55.59,56.8,53.9,54.07,54,57.06,138,2823,156383,
533552,"RUPA & COMPANY LTD.",B,STK,126,126,121.5,121.85,121.8,127.15,456,15421,1898084,
533553,"T D POWER SYSTEMS LTD.",A,STK,820.6,840,805,833.4,833.4,835.95,971,42554,34963064,
533570,"AXIS MUTUAL FUND - AXIS GOLD E",E,STK,126.98,126.98,121.4,121.7,121.7,128.69,1237,111605,13763694,
533573,"ALEMBIC PHARMACEUTICALS LTD.",A,STK,675.75,675.75,653,656.25,663.5,675.75,366,6131,4053777,
533576,"VASWANI INDUSTRIES LTD.",B,STK,55,55,52.1,53.02,52.74,53.51,84,3407,178114,
533581,"PG ELECTROPLAST LTD.",A,STK,518.2,526.25,502.2,504.3,504.3,536.9,7005,259806,133687203,
533602,"LESHA INDUSTRIES LTD.",X,STK,0.77,0.78,0.74,0.75,0.74,0.76,157,245550,187277,
533605,"SETUBANDHAN INFRASTRUCTURE LIM",Z,STK,0.4,0.4,0.39,0.39,0.39,0.39,10,6147,2400,
533608,"RDB RASAYANS LTD.",X,STK,174,174,168.75,170.5,172.5,171.45,85,8014,1377565,
533629,"TIJARIA POLYPIPES LTD.",T,STK,4.9,4.94,4.69,4.69,4.69,4.93,14,1022,4817,
533632,"ONELIFE CAPITAL ADVISORS LTD.",B,STK,14.52,14.79,14.45,14.53,14.79,14.79,14,640,9299,
533638,"FLEXITUFF VENTURES INTERNATION",B,STK,6.33,6.6,6.32,6.6,6.33,6.65,36,3728,23809,
533644,"UJAAS ENERGY LIMITED",B,STK,156.1,156.1,146.5,147.65,147.65,152.3,30,1016,150971,
533655,"TRIVENI TURBINE LTD.",A,STK,468.95,471.05,461.4,463.95,463.95,475.5,716,19675,9174735,
533676,"INDO THAI SECURITIES LTD.",B,STK,250,263.9,250,255.55,254,257.3,607,25558,6586089,
533704,"ESSAR SHIPPING LTD.",B,STK,24.1,24.83,23.61,23.75,23.91,24.17,51,11568,276524,
533719,"IDBI MUTUAL FUND - IDBI GOLD E",E,STK,137.5,137.5,132.1,132.67,132.1,139.35,534,55655,7509141,
533758,"APL APOLLO TUBES LTD.",A,STK,1957.2,1988.15,1922.45,1930.15,1942.5,2013.6,1941,16883,32887984,
533761,"GPT INFRAPROJECTS LTD.",B,STK,104,105.25,102.2,103,103,106.4,156,10961,1146032,
533896,"FERVENT SYNERGIES LTD.",X,STK,19,19,17.19,18,18,17.2,27,3182,57358,
533941,"THOMAS SCOTT (INDIA) LIMITED",B,STK,257.8,260.5,245,250.5,252.6,260.75,89,817,205941,
533982,"TERA SOFTWARE LTD.",B,STK,333,336.25,326.55,329.9,329.9,337.95,132,716,235897,
534060,"PMC FINCORP LIMITED",X,STK,1.94,1.98,1.87,1.92,1.93,1.96,512,347631,667941,
534063,"FUTURISTIC SOLUTIONS LTD.",X,STK,45,45,42,43.25,43.63,43,7,18,768,
534064,"ALLIANCE INTEGRATED METALIKS L",X,STK,1.73,1.74,1.52,1.7,1.7,1.74,190,88289,147969,
534076,"RHI MAGNESITA INDIA LIMITED",A,STK,380,380,365.45,365.9,366.8,381,357,12120,4499011,
534091,"MULTI COMMODITY EXCHANGE OF IN",A,STK,2564.6,2624.65,2518,2528.95,2528.95,2603.45,18527,683010,1753592600,
534139,"SCHNEIDER ELECTRIC INFRASTRUCT",T,STK,875.1,917,875.1,902.6,905,896.85,205,5490,4919926,
534190,"OLYMPIC CARDS LTD.",X,STK,3,3,3,3,3,3,6,539,1617,
534309,"NBCC (India) Limited",A,STK,86.25,86.7,82.55,83.16,83.16,88.43,5729,895688,75494854,
534312,"MT EDUCARE LTD.",T,STK,1.31,1.31,1.31,1.31,1.31,1.3,1,15,19,
534328,"HEXA TRADEX LTD.",B,STK,164.7,164.7,159.1,159.1,159.1,163.45,7,103,16797,
534369,"TRIBHOVANDAS BHIMJI ZAVERI LTD",B,STK,134.5,134.5,128.4,128.95,130.45,134.95,294,13370,1739014,
534392,"VARDHMAN SPECIAL STEELS LTD.",B,STK,232.6,239.8,232.05,232.75,232.8,237.05,34,756,178004,
534422,"LOOKS HEALTH SERVICES LIMITED",XT,STK,7.69,7.69,7.69,7.69,7.69,7.84,11,2124,16333,
534425,"SPECIALITY RESTAURANTS LTD.",B,STK,92.95,97.05,92.95,95.25,95.6,98.9,55,1586,151963,
534532,"LYPSA GEMS & JEWELLERY LTD",B,STK,4.9,4.96,4.53,4.53,4.53,4.7,10,2025,9630,
534597,"RATTANINDIA ENTERPRISES LIMITE",A,STK,27.49,27.63,26.51,26.76,26.76,27.77,1254,186152,5035717,
534598,"Sampann Utpadan India Limited",B,STK,28.25,29.07,27.7,27.7,27.7,28.63,21,463,13118,
534600,"JTL INDUSTRIES LIMITED",B,STK,51.43,51.97,50.1,50.25,50.15,52.34,421,63096,3208608,
534612,"ADVANCE METERING TECHNOLOGY LT",X,STK,13.8,14.35,13,13.38,14.29,13.8,64,9354,126793,
534615,"NORTH EASTERN CARRYING CORPORA",B,STK,13.88,13.88,12.69,13.19,13.4,13.6,95,22119,288316,
534618,"WAAREE RENEWABLE TECHNOLOGIES",A,STK,850,864.3,839.6,843.65,843.65,864.3,2343,42115,35753948,
534623,"JUPITER INFOMEDIA LTD.",XT,STK,48,50.9,47.7,50,50.1,49.27,76,1111412,55565616,
534639,"VINAYAK POLYCON INTERNATIONAL",X,STK,22.1,22.1,20.03,20.03,20.03,21.08,4,84,1852,
534674,"Ducon Infratechnologies Ltd",B,STK,3.38,3.38,2.83,2.87,2.88,2.97,95,57981,169157,
534675,"PROZONE REALTY LIMITED",B,STK,43.99,45.44,43.99,45.04,44.6,44.96,94,2788,125105,
534680,"SRG HOUSING FINANCE LTD.",B,STK,250,262.5,250,251.35,251.35,265,32,90097,22524326,
534691,"COMFORT COMMOTRADE LTD.",X,STK,11.92,13.79,11.53,13.19,13.26,11.8,74,13983,179117,
534732,"CASPIAN CORPORATE SERVICES LIM",X,STK,33.5,35.5,33.42,34.16,34.5,34.24,48,1693,57743,
534733,"Aerpace Industries Limited",XT,STK,21.5,22.86,20.8,21.71,22.48,21.78,448,377643,8252176,
534741,"VIRTUAL GLOBAL EDUCATION LTD.",X,STK,0.49,0.49,0.46,0.47,0.47,0.49,208,527595,247664,
534742,"ZUARI AGRO CHEMICALS LTD.",B,STK,203,203.75,196,197.45,198.1,206.85,263,9582,1928296,
534748,"STEEL EXCHANGE INDIA LTD.",B,STK,7.5,7.62,7.41,7.44,7.44,7.68,435,93617,702012,
534755,"TRIO MERCANTILE & TRADING LTD.",X,STK,0.99,0.99,0.95,0.95,0.95,0.97,22,41649,40429,
534758,"CIGNITI TECHNOLOGIES LTD.",A,STK,1086,1098.5,1066,1071.85,1076.65,1111.15,184,803,865197,
534796,"CDG PETCHEM LIMITED",XT,STK,124.45,124.5,124.45,124.5,124.5,126.95,7,264,32857,
534804,"CARE Ratings Limited",A,STK,1539.35,1565.7,1536.5,1555.05,1555.05,1561.1,227,2067,3209811,
534809,"PC JEWELLER LTD.",A,STK,8.4,8.45,8.3,8.39,8.39,8.52,1618,1369664,11491712,
534816,"INDUS TOWERS LIMITED",A,STK,434.4,435,422.2,426.8,429,440.9,2515,56765,24238010,
534920,COVIDH,XT,STK,49.01,49.01,49.01,49.01,49.01,48.05,1,50,2450,
534976,"V-MART RETAIL LTD.",A,STK,518.05,518.95,501.3,508.05,506.2,527.3,255,3278,1672722,
535136,"NIBE LIMITED",B,STK,990,997.9,972.65,976.5,976.55,996.55,543,6510,6419134,
535204,"Mukta Agriculture Limited",X,STK,2.7,2.7,2.61,2.7,2.7,2.7,13,455,1210,
535205,"Mystic Electronics Limited",X,STK,3.11,3.44,3.05,3.18,3.15,3.15,27,6245,20166,
535267,"COMFORT FINCAP LTD.",X,STK,7.1,7.1,6.8,6.96,6.96,7.1,106,10847,75221,
535276,"SBI MUTUAL FUND - SBI ETF SENS",A,STK,845.29,848.9,820.2,825.41,837,859.17,3791,40927,33985655,
535322,"REPCO HOME FINANCE LTD.",B,STK,362,362,352.45,353.9,355,369.3,194,2989,1063108,
535387,"LAKHOTIA POLYESTERS (INDIA) LT",X,STK,55.5,55.5,55.5,55.5,55.5,53,5,73,4051,
535431,"GCM SECURITIES LTD",B,STK,0.62,0.63,0.59,0.62,0.61,0.61,96,50977,31139,
535458,"NRB INDUSTRIAL BEARINGS LTD.",B,STK,29.83,29.83,28.51,28.55,28.51,30.65,393,1426,41910,
535566,"KIFS FINANCIAL SERVICES LTD.",X,STK,122.85,122.85,107.1,112,112,114.5,14,62,7005,
535601,"SREELEATHERS LTD.",B,STK,186.8,190.15,180,184.7,184.85,199,83,1058,194524,
535602,"SHARDA MOTOR INDUSTRIES LTD",B,STK,812,812.1,785,788,791.2,827.35,197,1640,1313735,
535648,"JUST DIAL LTD.",A,STK,527.15,527.15,515,516.1,516.1,527.2,179,3325,1724624,
535657,"OBJECTONE INFORMATION SYSTEMS",XT,STK,6.95,6.95,6.95,6.95,6.95,7.3,1,10,69,
535667,"INDIA FINSEC LTD.",X,STK,174,175,174,174.8,175,185.1,4,94,16430,
535693,"BRAHMAPUTRA INFRASTRUCTURE LTD",X,STK,142.95,148.7,140,143.55,143.55,143.65,145,5218,747308,
535719,"AMPVOLTS LIMITED",X,STK,30.85,30.85,29.5,30.2,30.28,30,102,15701,472062,
535730,"KHOOBSURAT LTD",X,STK,0.5,0.53,0.5,0.52,0.53,0.52,203,318795,164654,
535754,"ORIENT CEMENT LTD",A,STK,139.1,139.1,132.55,132.95,133.55,139.3,345,18014,2422358,
535755,"Aditya Birla Fashion and Retai",A,STK,58.76,58.76,56.48,56.81,56.81,59.23,2488,285888,16471853,
535789,"Sammaan Capital Limited",A,STK,141.1,141.1,136.05,136.6,136.9,141.1,2366,202966,28085968,
535910,"MONEY MASTERS LEASING & FINANC",B,STK,0.7,0.72,0.67,0.69,0.69,0.69,35,54625,37461,
535916,"ALACRITY SECURITIES LTD",B,STK,59,62.85,59,59.36,59.02,59.58,103,10808,646585,
535958,"Integra Essentia Limited",B,STK,1.29,1.29,1.25,1.26,1.26,1.28,183,276667,349569,
536073,"JULIEN AGRO INFRATECH LIMITED",X,STK,1.96,2,1.96,1.98,2,2,133,97759,193655,
536264,"TIGER LOGISTICS (INDIA) LTD",B,STK,26.43,26.79,24.61,24.92,24.92,26.81,422,16883,429766,
536493,"JK AGRI GENETICS LTD",X,STK,330,330,330,330,330,320,2,10,3300,
536507,"FUTURE LIFESTYLE FASHIONS LTD",Z,STK,1.27,1.35,1.25,1.28,1.25,1.29,14,9529,12517,
536565,"NOVELIX PHARMACEUTICALS LIMITE",X,STK,55,57.45,53.65,53.77,53.77,54.34,11,1216,67098,
536659,"PVV Infra Limited",X,STK,4.47,4.96,4.2,4.25,4.25,4.51,1417,1903236,8382820,
536672,"VCU DATA MANAGEMENT LTD",X,STK,6.75,6.75,6.25,6.25,6.25,6.09,75,13891,89943,
536709,"IND Renewable Energy Ltd",Z,STK,10.39,10.39,9.73,10.25,10.35,9.93,52,22630,231667,
536773,"JINDAL POLY INVESTMENT AND FIN",B,STK,1210.8,1222.4,1171.55,1177.35,1174.9,1236.6,341,2423,2908932,
536960,"MOTILAL OSWAL MUTUAL FUND - MO",B,STK,60.74,60.74,58.6,58.98,60.18,60.73,849,71984,4268031,
536974,"CAPTAIN POLYPLAST LTD",X,STK,64.49,64.5,63,64.03,64,64.92,111,10960,698068,
537007,"ICICI Prudential Nifty ETF",B,STK,263.07,263.68,259.38,260.26,260.44,267.94,1878,115747,30284121,
537008,"ICICI Prudential Nifty 100 ETF",B,STK,26.85,27,26.27,26.8,26.98,27.08,153,11985,319684,
537069,"ARNOLD HOLDINGS LTD",X,STK,11.59,11.6,11.59,11.6,11.6,11.45,8,1576,18278,
537253,"SUNIL HEALTHCARE LTD",X,STK,65,65,58.4,61.95,61.95,63.46,16,139,8374,
537259,"SUYOG TELEMATICS LTD",B,STK,685.55,685.55,655,670.95,668.9,687.4,67,2324,1563703,
537291,"NATH BIO-GENES (INDIA) LTD",B,STK,141.75,143.1,139.5,139.85,139.5,143.5,58,932,131725,
537292,"AGRI- TECH (INDIA) LTD",T,STK,108,108,103.5,103.5,103.5,104.9,6,503,54310,
537326,"CHEMTECH INDUSTRIAL VALVES LTD",X,STK,58.5,61,58.5,60.14,60.14,59.24,146,50122,3013222,
537483,"NIPPON INDIA ETF NIFTY 100",B,STK,254.16,264.88,249,259.84,260,258.22,384,20707,5259172,
537536,"DENIS CHEM LAB LTD",X,STK,72.25,72.25,69,69.7,69.7,72.41,56,4352,307549,
537669,"LAXMIPATI ENGINEERING WORKS LI",M,STK,250,250,250,250,250,270,1,500,125000,
537707,"LADDU GOPAL ONLINE SERVICES LI",XT,STK,0.96,0.96,0.89,0.89,0.89,0.92,104,90340,81819,
537708,"KOTAK MAHINDRA MUTUAL FUND - K",B,STK,257.85,257.88,252.63,254.83,254.83,262.16,294,16366,4185390,
537709,"SHREE HANUMAN SUGAR & INDUSTRI",XT,STK,4.1,4.31,4,4.3,4.3,4.11,62,18950,79924,
537750,"KIRAN VYAPAR LTD",X,STK,190,190,164.95,167.55,168,178.15,146,9726,1633244,
537766,"B.C. POWER CONTROLS LTD",X,STK,1.65,1.74,1.62,1.65,1.64,1.67,150,106052,177111,
537785,"RACE ECO CHAIN LIMITED",B,STK,104.45,105,101.2,103.65,105,105.2,32,643,65867,
537800,"MANGALAM INDUSTRIAL FINANCE LT",XT,STK,0.86,0.87,0.82,0.83,0.83,0.85,1372,3027223,2536700,
537820,"VIJI FINANCE LTD",T,STK,3.32,3.32,3.02,3.02,3.02,3.17,82,122282,369596,
537839,"PHOENIX TOWNSHIP LTD",X,STK,87.5,87.9,84,84.03,84,88,40,5840,499562,
537840,"RAUNAQ INTERNATIONAL LIMITED",X,STK,46.55,46.55,46.55,46.55,46.55,48.98,1,525,24438,
537985,"INFRONICS SYSTEMS LTD",X,STK,16.8,16.8,14.11,16.03,16.2,14.85,54,5035,80424,
538057,"CPSE ETF",A,STK,102.11,102.49,100.18,101.19,101.19,102.14,1529,125751,12780530,
538081,"HARIA APPARELS LTD",X,STK,5.69,5.84,5.09,5.83,5.83,5.95,6,6052,30827,
538092,"SHRI VASUPRADA PLANTATIONS LIM",X,STK,94.65,98,94.65,95,95,99.35,25,2545,241578,
538119,"R&B DENIMS LTD",T,STK,88.05,88.05,88.05,88.05,88.05,92.65,57,1364,120100,
538212,"SHARP INVESTMENTS LTD",XT,STK,0.39,0.39,0.37,0.39,0.38,0.38,100,123431,47405,
538268,"WONDERLA HOLIDAYS LTD",B,STK,519.1,528.05,507.35,514.3,520,519.95,239,5889,3028858,
538273,"RESPONSE INFORMATICS LTD",X,STK,26.5,26.5,24.75,25.6,25.64,27.5,30,10188,256088,
538319,"GCM CAPITAL ADVISORS LTD",MT,STK,3.63,3.63,3.63,3.63,3.63,3.82,1,7000,25410,
538351,"A.F. ENTERPRISES LTD",Z,STK,1.98,2.02,1.89,1.97,1.94,1.98,83,62829,122104,
538365,"INCREDIBLE INDUSTRIES LIMITED",B,STK,33.49,33.49,32.6,32.6,32.6,32.6,11,709,23540,
538382,"WEST LEISURE RESORTS LTD",X,STK,87.5,87.5,86.6,86.6,86.6,91.15,3,75,6524,
538401,"MAESTROS ELECTRONICS & TELECOM",X,STK,133.55,138.95,130,131.8,131.8,138.4,62,5168,690686,
538422,"JACKSON INVESTMENTS LTD",X,STK,0.46,0.47,0.44,0.44,0.46,0.46,148,129507,58988,
538446,"MONEYBOXX FINANCE LIMITED",B,STK,59.2,63.99,59.2,61.74,61.74,63.63,34,24250,1512730,
538451,"WORTH INVESTMENT & TRADING CO",X,STK,2.65,2.91,2.65,2.67,2.7,2.78,220,173054,475058,
538464,"THIRANI PROJECTS LTD",X,STK,3.86,4.8,3.81,4.05,4.07,4.19,61,34418,137773,
538465,"AMARNATH SECURITIES LTD",X,STK,10.43,13.9,10.43,12.34,11.86,11.86,33,1055,12749,
538476,"CAPITAL TRADE LINKS LTD",X,STK,15.62,15.62,15.09,15.26,15.25,15.23,94,122270,1867401,
538520,"SHIVAMSHREE BUSINESSES LIMITED",X,STK,1.9,1.99,1.81,1.88,1.9,1.9,30,20649,38979,
538521,"YAAN ENTERPRISES LIMITED",X,STK,97,97,91.77,92.02,93.2,96.6,67,2203,202809,
538539,"ANNVRRIDHHI VENTURES LIMITED",XT,STK,12.99,12.99,12.99,12.99,12.99,13.67,32,3913,50829,
538540,"RAMCHANDRA LEASING & FINANCE L",XT,STK,9.46,9.46,9.28,9.46,9.46,9.46,36,48225,452506,
538546,"BANSAL ROOFING PRODUCTS LTD",B,STK,109.05,110.9,106.1,109.85,110,110.65,61,1971,215872,
538556,"ARMAN HOLDINGS LTD",X,STK,114.3,114.3,102.45,112.6,112.6,102.45,7,53,5977,
538562,"SKIPPER LTD",A,STK,349.05,355.35,344.2,350.7,352.35,354.9,430,12959,4527529,
538563,"SMT ENGINEERING LIMITED",XT,STK,440.85,440.85,440.85,440.85,440.85,449.8,4,8,3526,
538564,"JAMES WARREN TEA LTD",X,STK,287.8,287.85,282.25,286,287.85,287.95,25,298,84810,
538565,"Vistar Amar Limited",XT,STK,190,190,185,187,187,193.15,38,1644,306309,
538567,"GULF OIL LUBRICANTS INDIA LTD",B,STK,967,967,920.25,926.05,926.05,969.95,460,2801,2642003,
538568,"FRUITION VENTURE LTD",X,STK,32.5,32.5,32.5,32.5,32.5,34.2,1,3,97,
538569,"TRIVENI ENTERPRISES LTD",X,STK,1.02,1.05,1.02,1.04,1.04,1.05,24,17875,18443,
538576,"BHANDERI INFRACON LTD",MT,STK,140,140,140,140,140,145,3,54000,7560000,
538596,"CEMANTIC INFRA-TECH LIMITED",XT,STK,5.16,5.16,4.73,4.73,4.73,4.97,9,327,1556,
538597,"TTI ENTERPRISE LTD",XT,STK,9.32,9.75,8.86,8.86,9,9.32,47,19876,177338,
538598,"VISHAL FABRICS LTD",B,STK,17.51,17.85,17.51,17.68,17.68,17.85,292,48213,853493,
538607,"TOYAM SPORTS LIMITED",X,STK,0.83,0.83,0.78,0.79,0.79,0.82,341,1221336,978600,
538609,"GAJANAN SECURITIES SERVICES LT",X,STK,59.13,59.13,53.12,57.49,57.75,56.04,25,3468,195492,
538610,"UNISON METALS LTD",X,STK,0.82,0.82,0.78,0.8,0.8,0.82,416,741327,589277,
538611,"Real Touch Finance Limited",Z,STK,57.55,57.55,55,57.54,57.54,54.81,3,12,665,
538634,"VASUNDHARA RASAYANS LTD",X,STK,109,119.95,108.5,118.5,118.5,112.8,69,2222,261850,
538635,"SNOWMAN LOGISTICS LTD",B,STK,35.06,35.36,34.28,34.67,34.7,35.75,242,25168,877319,
538646,"QGO FINANCE LIMITED",X,STK,40,41.49,38.03,41,41,40,19,226,9282,
538647,"PURSHOTTAM INVESTOFIN LTD",X,STK,31.01,32.73,30.03,32.01,32.01,31.53,33,25783,819422,
538666,"Sharda Cropchem Limited",A,STK,978.85,986.95,956.45,960.8,961,1013.05,565,7680,7463621,
538668,"Meghna Infracon Infrastructure",B,STK,520.05,520.05,500.2,504.5,504.5,509.2,263,22066,11205314,
538674,"City Online Services Limited",Z,STK,7.09,7.09,7.09,7.09,7.09,7.09,1,1,7,
538683,"NIPPON INDIA ETF SENSEX",A,STK,869.97,869.98,845,850.9,861,876.74,1713,45228,38739677,
538685,"SHEMAROO ENTERTAINMENT LIMITED",B,STK,100,103,95,95.05,95,100.15,39,1346,128210,
538706,"Ultracab (India) Limited",X,STK,6.52,6.78,6.2,6.35,6.35,6.84,810,695682,4423045,
538707,"Rajasthan Cylinders & Containe",X,STK,30,30.85,30,30.85,30.85,30.9,2,50,1539,
538708,"Econo Trade (India) Limited",X,STK,6.84,6.84,6.51,6.55,6.52,6.81,26,1558,10366,
538713,"Atishay Limited",X,STK,214,214,197,206.55,206.5,204.25,79,3000,627316,
538714,"Sangam Finserv Limited",X,STK,41.65,41.65,39.5,40,40,39.97,15,208,8319,
538715,"Dhabriya Polywood Limited",X,STK,339.95,345,330,339.1,342,347.3,117,3082,1045359,
538716,"Aryaman Capital Markets Limite",B,STK,400,400,400,400,400,419.5,1,25,10000,
538730,"PDS LIMITED",B,STK,268.95,269.6,256.4,260,262,275.9,305,6530,1720270,
538731,"HANMAN FIT LIMITED",M,STK,3.08,4.19,3.08,3.66,4.19,3.79,7,29400,101598,
538732,"Vibrant Global Capital Limited",X,STK,33.99,33.99,31.55,31.61,31.61,32.55,62,8084,257117,
538734,"CEINSYS TECH LIMITED",B,STK,933.9,977.5,905,924.7,930.6,957.8,1320,16233,15323692,
538742,"PANABYTE TECHNOLOGIES LIMITED",XT,STK,30.5,31.8,30.5,31,31,31.99,9,3334,102096,
538743,"Mudunuru Limited",XT,STK,13.36,13.36,13.1,13.1,13.1,13.36,7,1854,24313,
538770,"Crane Infrastructure Limited",X,STK,13.04,13.04,11.6,12.46,12.46,12.98,40,2277,27060,
538772,"Niyogin Fintech Limited",X,STK,34.3,36,33.99,35.7,35.7,35.34,361,95233,3365963,
538777,"ASIA CAPITAL LIMITED",XT,STK,28.24,28.24,28.24,28.24,28.24,26.9,10,1000,28240,
538778,"Kalyan Capitals Limited",X,STK,6.12,6.4,6.02,6.19,6.2,6.1,62,5454,33614,
538787,"Goenka Business & Finance Limi",X,STK,9.56,10,9.23,9.38,9.8,9.62,42,3232,30525,
538788,"Gilada Finance & Investments L",X,STK,11.64,12.82,11.64,12.47,12.47,12.17,23,4513,55054,
538794,"JET SOLAR LIMITED",MT,STK,14.03,14.03,14.03,14.03,14.03,14.76,2,36000,505080,
538795,"Shree Ajit Pulp And Paper Ltd.",X,STK,247.5,262.65,247.5,248.5,248.4,252.3,47,988,248190,
538817,"Captain Pipes Limited",B,STK,8.9,9.75,8.8,8.89,8.89,8.98,414,84488,755412,
538833,"KAIZEN AGRO INFRABUILD LIMITED",X,STK,8.9,8.9,8,8.11,8.25,8.62,32,12024,106163,
538834,"JMJ Fintech Limited",X,STK,9.99,10,9.51,9.96,9.99,10.03,104,34439,337188,
538835,"INTELLECT DESIGN ARENA LIMITED",A,STK,677.8,677.8,657.05,660.65,666,677.9,1144,27140,18064246,
538836,"Monte Carlo Fashions Limited",B,STK,510,515.7,504.45,505.55,504.45,522.1,19,770,394743,
538837,"Jeevan Scientific Technology L",X,STK,63,64.8,63,63,63,63,22,4623,292962,
538838,"Indo Cotspin Limited",X,STK,25,25.12,25,25.12,25.12,25,2,63,1575,
538857,"Scintilla Commercial & Credit",XT,STK,13.39,13.39,13.39,13.39,13.39,13.45,2,300,4017,
538860,"PANAFIC INDUSTRIALS LTD",X,STK,0.7,0.75,0.7,0.73,0.73,0.73,31,11453,8204,
538862,"My Money Securities Ltd.",X,STK,39.98,42.9,36.15,38.55,37.1,39.98,19,144,5504,
538868,"Continental Securities Limited",X,STK,15.99,16.24,15.18,15.67,15.99,15.99,72,7189,112950,
538874,"NEXUS SURGICAL AND MEDICARE LI",X,STK,17.5,17.5,17.5,17.5,17.5,17.5,9,139,2432,
538875,"SELLWIN TRADERS LIMITED",X,STK,5.46,5.64,5.46,5.46,5.46,5.74,276,252941,1381607,
538881,"Galada Finance Limited",X,STK,22.99,22.99,21.35,21.36,21.35,22.43,3,993,21219,
538882,"Emerald Finance Limited",X,STK,48.67,49,47.2,48.81,49,49.06,285,42888,2069536,
538890,"M. K. Exim (India) Ltd.",X,STK,53.88,53.88,51.7,52.2,53.1,53.26,77,9693,507634,
538891,"MAGELLANIC CLOUD LIMITED",B,STK,22.96,22.96,21.7,21.8,21.92,22.68,446,44517,983804,
538894,"Octal Credit Capital Ltd.",XT,STK,23.7,23.7,23.7,23.7,23.7,24.94,3,20,474,
538895,"Mihika Industries Ltd.",X,STK,9.5,9.88,9.01,9.62,9.62,9.35,51,73664,689823,
538896,"Kanchi Karpooram Ltd.",X,STK,345,345,333,336.2,338.8,338.65,82,3343,1134863,
538902,"Dhunseri Tea & Industries Ltd",B,STK,128.55,130,128,128.05,128,128.4,6,44,5664,
538918,"Vani Commercials Limited",X,STK,7.19,7.76,7.19,7.43,7.4,7.77,42,26898,200775,
538919,"SKYLINE VENTURES INDIA LIMITED",X,STK,22.8,22.8,22.8,22.8,22.8,22.8,2,104,2371,
538920,"VINTAGE COFFEE AND BEVERAGES L",B,STK,130,133.05,126.2,126.7,126.8,131.15,745,32665,4244852,
538922,"COSYN Limited",X,STK,20.31,20.74,20,20.5,20.5,20.31,9,2326,46716,
538923,"SOFCOM SYSTEMS LIMITED",X,STK,26.42,27.11,25.3,26.5,26.5,26.42,204,80175,2119550,
538926,"Naturite Agro Products Limited",X,STK,154.85,162.55,147.2,162,160.95,154.85,42,1306,210252,
538928,"Karnavati Finance Limited",X,STK,1.21,1.28,1.2,1.2,1.2,1.26,52,14999,18317,
538942,"Mercantile Ventures Limited",X,STK,22.05,22.05,20.86,21.97,21.97,21.65,14,715,15172,
538943,"Sonal Mercantile Limited",XT,STK,96.1,96.1,96.1,96.1,96.1,95,2,2,192,
538952,"Abhinav Leasing & Finance Limi",X,STK,1.25,1.25,1.2,1.25,1.25,1.25,13,13783,17028,
538961,"GENUS PAPER & BOARDS LIMITED",B,STK,11.56,11.56,11,11.09,11.34,11.45,32,6832,76505,
538962,"Minda Corporation Limited",A,STK,501.45,503,493.3,500.3,500.3,505.8,566,10951,5461272,
538964,"Mercury Laboratories Limited",X,STK,781,781,780,780.4,780,787,2,13,10145,
538965,"Concord Drugs Limited",X,STK,74.9,76.8,73,74.25,74.25,74.83,31,3565,267345,
538970,"WARDWIZARD INNOVATIONS AND MOB",X,STK,6.19,6.19,6.05,6.08,6.1,6.19,1158,486499,2964194,
538975,"Shree Securities Ltd.",Z,STK,0.19,0.19,0.19,0.19,0.19,0.19,127,290818,55255,
538979,"Greenlam Industries Ltd",B,STK,211,215.3,211,211.85,213.9,214.6,185,4428,945385,
538987,"TALBROS ENGINEERING LIMITED",X,STK,647,647,622.05,626.4,638,644.6,28,225,142011,
538992,"Sar  Auto Products Limited",X,STK,2000,2000,1999,2000,2000,2097,3,498,995510,
539006,"PTC Industries Ltd.",A,STK,17149,17588.3,16931.2,17426.35,17426.35,17349,275,508,8752638,
539011,"CHENNAI FERROUS INDUSTRIES LIM",X,STK,73,73,67.35,68.1,71.8,70.74,34,1026,70278,
539012,"Megri Soft Limited",X,STK,84.3,84.3,80,81.98,81.98,80.76,7,102,8185,
539013,"GITA RENEWABLE ENERGY LIMITED",XT,STK,71.82,79.38,71.82,79.38,79.38,75.6,150,5465,415924,
539014,"Kalpa Commercial Limited",XT,STK,8.36,8.36,8.36,8.36,8.36,8.53,5,1408,11770,
539015,"Ortel Communications Limited",Z,STK,1.83,1.83,1.8,1.8,1.8,1.76,12,1424,2563,
539016,"Neil Industries Ltd.",X,STK,6.47,6.47,6.17,6.18,6.27,6.4,16,1378,8549,
539017,"STAR HOUSING FINANCE LIMITED",X,STK,4.74,4.75,4.35,4.36,4.35,4.57,275,261580,1166604,
539018,"Beekay Steel Industries Ltd.",X,STK,352,366.8,352,363,366,352.25,117,3551,1279406,
539031,"SBI Mutual Fund",A,STK,270,270.34,266.63,267.07,268.67,275.5,58,1469,394520,
539040,"TIRUPATI INNOVAR LIMITED",X,STK,6.44,6.44,6.09,6.2,6.24,6.09,206,28399,176987,
539041,"GANESHA ECOVERSE LIMITED",M,STK,24.27,26.17,22.7,22.88,23.05,24.02,14,18750,454737,
539042,"AGI Infra Limited",B,STK,300,308.7,297.3,306.6,307.6,300.35,459,46384,14014192,
539044,"Manaksia Steels Limited",B,STK,54.1,54.71,51,51.36,51.36,54.07,27,2461,127159,
539045,"Manaksia Aluminium Company Ltd",T,STK,25.68,25.68,24.48,24.55,24.55,25.27,51,7393,182439,
539046,"Manaksia Coated Metals & Indus",B,STK,112.95,113.8,109.3,109.4,110.55,115,249,42970,4810702,
539056,"IMAGICAAWORLD ENTERTAINMENT LI",B,STK,40.4,40.84,39.97,40.06,40.2,41.04,303,71099,2881735,
539083,"Inox Wind Limited",A,STK,80.49,80.52,77.63,78.04,78.04,82,5733,544033,42962774,
539090,"Rajputana Investment and Finan",X,STK,33.5,33.97,32.01,32.03,33.95,32.84,15,12177,390687,
539091,"Consecutive Commodities Limite",X,STK,0.84,0.84,0.79,0.8,0.8,0.82,153,215494,174523,
539097,"UR SUGAR INDUSTRIES LIMITED",B,STK,2.1,2.3,2.1,2.25,2.28,2.26,84,290683,651569,
539098,"Filtra Consultants and Enginee",M,STK,69.73,69.73,69.73,69.73,69.73,58.11,1,8000,557840,
539111,"SHESHADRI INDUSTRIES LIMITED",X,STK,15.03,15.03,14.35,14.35,14.35,15.1,24,5277,76099,
539113,"Paul Merchants Ltd.",X,STK,487.05,497,480,480.45,484,486.05,37,619,299393,
539115,"ALAN SCOTT ENTERPRISES LIMITED",X,STK,252.95,253,248.05,251.4,251.4,242.65,17,1182,298675,
539117,"Sujala Trading & Holding Ltd.",X,STK,42,43.34,37.16,38.39,38.39,41.28,2179,800612,30558311,
539118,"VRL Logistics Limited",B,STK,245.3,249.1,240.55,241.05,242.4,247.9,386,8926,2169854,
539120,"GRAMEVA LIMITED",X,STK,61.62,61.62,55.76,55.76,55.76,58.69,6,322,17961,
539121,"Palco Metals Limited",X,STK,100.95,101,98.75,98.75,98.75,103.9,39,1413,140251,
539122,"Bodhtree Consulting Limited",XT,STK,16.33,16.33,15.66,16,16,16.33,12,7760,122495,
539123,"V B INDUSTRIES LIMITED",X,STK,5.74,5.74,5.46,5.68,5.69,5.74,14,1129,6298,
539124,"Survottam Finvest Ltd.",X,STK,21,21,19,19.8,19.8,19.1,7,66,1299,
539126,"MEP Infrastructure Developers",Z,STK,0.93,0.93,0.91,0.91,0.91,0.92,33,19812,18176,
539132,"Wardwizard Foods and Beverages",X,STK,9.03,9.03,8.5,8.78,8.87,8.65,194,241398,2111826,
539141,"UFO Moviez India Limited",B,STK,64.08,65.69,62.1,62.98,62.98,65.24,92,12170,768867,
539143,"PANTH INFINITY LIMITED",X,STK,7.27,7.27,7,7.1,7.2,7.23,98,27289,193958,
539148,"Shivalik Rasayan Ltd.",B,STK,247.3,250.95,240.4,240.85,244.85,250.65,154,2905,708082,
539149,"Integrated Capital Services Lt",XT,STK,4.46,4.48,4.46,4.48,4.48,4.27,12,7124,31875,
539150,"PNC Infratech Limited",A,STK,190.95,192.35,185.65,186.4,186.5,191.7,793,17769,3347342,
539151,"Arfin India Limited",B,STK,73,76.85,73,76.44,76.42,74.42,210,17073,1297362,
539167,"Virat Leasing Limited",XT,STK,41.51,41.51,41.51,41.51,41.51,39.54,12,747,31007,
539174,"Helpage Finlease Ltd.",X,STK,25.47,25.47,23.5,24.99,24.99,24.78,6,106,2647,
539175,"BLUEGOD ENTERTAINMENT LIMITED",X,STK,3.19,3.19,3.04,3.04,3.04,3.2,285,682532,2119218,
539176,"Hawa Engineers ltd.",X,STK,71.35,71.35,71.3,71.33,71.3,72.61,6,661,47159,
539177,"Authum Investment & Infrastruc",A,STK,469.95,489.85,467.95,480.75,480.75,484.65,1102,16872,8072503,
539189,"Adhbhut Infrastructure Ltd.",X,STK,13.78,15.06,13.07,13.14,13.13,13.78,19,860,12246,
539190,"Decillion Finance Ltd.",X,STK,44.98,46.22,44.98,46.22,46.22,44.98,2,35,1616,
539195,"POCL ENTERPRISES LTD",X,STK,168.75,173.75,162.4,169.6,169.6,170.75,505,60746,10182667,
539196,"Amba Enterprises Ltd.",X,STK,109.8,117,107.95,110.65,109.5,115.25,172,10925,1210496,
539198,"Capfin India Limited",XT,STK,108,113.45,107.8,107.8,107.8,113.45,7,357,38540,
539199,"SG FINSERVE LIMITED",B,STK,380,382.3,371.1,374.3,375.6,379.15,237,6245,2362904,
539200,"NOBLE POLYMERS LIMITED",XT,STK,1.54,1.54,1.54,1.54,1.54,1.47,3,2500,3850,
539201,"SATIA INDUSTRIES LIMITED",B,STK,58.5,59.69,58.23,58.51,58.54,59.92,306,12376,729007,
539216,"GARMENT MANTRA LIFESTYLE LIMIT",X,STK,1.55,1.58,1.48,1.52,1.52,1.55,299,413822,624413,
539217,"Srestha Finvest Limited",X,STK,0.24,0.25,0.23,0.25,0.25,0.25,488,2504950,606542,
539218,"Saumya Consultants Ltd.",X,STK,153.3,153.3,153.3,153.3,153.3,146,1,1,153,
539219,"MAURIA UDYOG LIMITED",X,STK,8.86,8.86,7.39,8.12,8.1,8.37,131,38332,308666,
539220,"Mishka Exim Limited",X,STK,39.9,39.9,39.9,39.9,39.9,40.49,1,150,5985,
539221,"Sportking India Ltd.",B,STK,114.3,117.85,114.2,116.8,116.65,116,150,8824,1025580,
539222,"GROWINGTON VENTURES INDIA LIMI",T,STK,0.99,0.99,0.94,0.97,0.97,0.98,560,1207884,1148755,
539224,"HCKK Ventures Limited",XT,STK,30,30.8,30,30.8,30.8,30.84,6,562,17171,
539226,"RUDRA GLOBAL INFRA PRODUCTS LI",B,STK,16.6,16.6,16.07,16.26,16.39,16.6,187,15758,257470,
539227,"Loyal Equipments Limited",X,STK,179,182.4,165,169.6,170,180.9,320,12853,2218385,
539228,"Gala Global Products Limited",Z,STK,1.44,1.44,1.33,1.44,1.44,1.38,52,62336,89294,
539251,"Balkrishna Paper Mills Ltd.",B,STK,16.38,16.38,15.26,15.73,15.99,16.38,32,2515,39903,
539252,"Shyam Century Ferrous Limited",B,STK,4.5,4.6,4.31,4.49,4.56,4.5,113,36192,160129,
539254,"Adani Energy Solutions Limited",A,STK,1010.2,1025,999.05,1005.05,1005.05,1036.75,3634,59027,59764724,
539255,"STAR DELTA TRANSFORMERS LIMITE",X,STK,451,468.7,440,444.25,441,458.7,93,1819,816752,
539267,"SAMSRITA LABS LIMITED",X,STK,15.75,15.75,15.3,15.42,15.42,15,20,1742,26937,
539268,"Syngene International Limited",A,STK,416.2,418.4,406.25,407.9,409.5,419.5,885,222875,91396709,
539275,"Mangalam Seeds Limited",X,STK,136,136.55,133,133.45,135.95,136.6,14,219,29656,
539276,"Kaya Limited",B,STK,286.15,291.25,285.1,291.25,291.25,288.8,13,2940,848796,
539277,"Alstone Textiles (India) Ltd",X,STK,0.15,0.15,0.14,0.14,0.14,0.15,2829,31775033,4507953,
539278,"Symbiox Investment & Trading C",X,STK,1.73,1.82,1.73,1.78,1.78,1.73,12,3833,6810,
539287,"ORTIN GLOBAL LIMITED",T,STK,16.72,16.72,16.72,16.72,16.72,16.73,1,1,16,
539288,"Avi Polymers Ltd.",XT,STK,22.77,22.77,22.77,22.77,22.77,23.96,22,1258,28644,
539289,"Aurum PropTech Limited",B,STK,166.55,169.6,166,166.95,166,172.15,61,2172,364172,
539290,"Oswal Greentech Limited",B,STK,25.35,25.35,24.2,24.26,24.26,25.35,183,10355,256150,
539300,"SUNRAKSHAKK INDUSTRIES INDIA L",X,STK,230.3,238,230.15,232.15,231,235.15,186,6963,1625747,
539301,"Arvind SmartSpaces Limited",B,STK,542.2,545.95,524.1,527.55,525.95,548.5,108,981,524084,
539302,"Power Mech Projects Limited",A,STK,1950.05,2017.1,1950.05,1965.55,1965.55,2030.55,506,3463,6901737,
539309,"Rama Steel Tubes Limited",B,STK,5.59,5.69,5.15,5.24,5.24,5.71,1948,1217008,6603373,
539310,"THINKINK PICTUREZ LIMITED",X,STK,0.17,0.17,0.16,0.16,0.17,0.17,359,1944221,318853,
539312,"UTI BSE Sensex ETF",A,STK,828.65,833.76,813,820.06,828,849.87,443,46945,38835125,
539313,"UTI Mutual Fund",B,STK,260.88,261.31,254.64,257.78,260.54,262.22,279,11820,3026452,
539314,"Universal Autofoundry Limited",B,STK,53.91,53.91,51.5,53.68,53.82,53.41,63,13946,732862,
539331,"VETO SWITCHGEARS AND CABLES LI",B,STK,96.95,97.5,95.15,95.35,95.45,97.6,73,2226,213047,
539332,"Navkar Corporation Limited",B,STK,85.91,91.88,83.71,84.51,84.57,85.84,469,38491,3399741,
539334,"Shree Pushkar Chemicals & Fert",B,STK,301.55,306.7,299,304.1,300.55,311.5,41,1054,319517,
539335,"Callista Industries Limited",XT,STK,219.65,219.65,204.9,216.6,216.6,213.5,30,1625,338179,
539336,"Gujarat Gas Limited",A,STK,354.05,386.45,347,353.6,353.6,359.05,14594,720195,263875553,
539337,"WAAREE TECHNOLOGIES LIMITED",M,STK,154.5,169.55,148.6,162.4,161,157.5,146,26425,4243251,
539346,"Sadbhav Infrastructure Project",B,STK,2.84,2.86,2.72,2.72,2.72,2.86,284,81301,224032,
539353,"SAL AUTOMOTIVE LIMITED",X,STK,192.05,198.4,191,197.7,197.7,192.1,14,232,44373,
539354,"Polyspin Exports Ltd.",X,STK,28.23,28.23,25.75,27,27.5,27.68,23,3739,99346,
539359,"Pritika Auto Industries Limite",B,STK,11.8,12.16,11.75,11.82,11.76,11.8,55,8456,101206,
539383,"Mahaveer Infoway Limited",Z,STK,7.68,7.68,7.68,7.68,7.68,7.68,3,26,199,
539384,"Krishna Capital And Securities",X,STK,23.51,23.51,23.51,23.51,23.51,24.51,1,1,23,
539391,"Acme Resources Limited",Z,STK,30.85,30.85,29.35,29.35,29.35,30.89,8,2329,68393,
539398,"Vishal Bearings Limited",B,STK,49.4,49.4,46.5,48.69,48.7,49.4,75,1478,70679,
539399,"Bella Casa Fashion & Retail Li",B,STK,263.05,271.3,258.55,271.05,271.05,272.45,237,13138,3473934,
539400,"MALLCOM (INDIA) LTD.",B,STK,1031.65,1058.85,1023.6,1023.6,1023.6,1042.4,24,87,91332,
539402,"Naksh Precious Metals Limited",B,STK,4.11,4.15,4.1,4.15,4.15,4.44,26,7601,31219,
539404,"SATIN CREDITCARE NETWORK LIMIT",B,STK,147.3,147.7,146.3,146.55,146.55,147.45,61,415,60882,
539405,"Decorous Investment and Tradin",X,STK,14.03,14.03,14.03,14.03,14.03,14.76,1,100,1403,
539406,"Swagatam Trading & Services Li",X,STK,57.2,57.2,57.19,57.19,57.19,54.5,6,262,14986,
539407,"Generic Engineering Constructi",B,STK,43.76,48,43.36,43.87,48,43.8,74,852,37147,
539408,"Kuber Udyog Limited",X,STK,11.49,11.52,11.49,11.52,11.52,11.48,3,160,1842,
539428,"Tejnaksh Healthcare Limited",X,STK,14.29,14.29,12.6,13.47,13.88,13.94,36,3218,44122,
539436,"Coffee Day Enterprises Limited",B,STK,24.68,25.2,23.72,23.87,23.87,25.49,783,95246,2313670,
539437,"IDFC FIRST BANK LIMITED",A,STK,64.1,64.25,62.21,62.64,62.64,65.25,9973,1184097,74544360,
539448,"InterGlobe Aviation Limited",A,STK,4301.25,4301.65,4148.3,4157.2,4157.2,4360.45,5213,73055,306250563,
539449,"IGC Industries Limited",X,STK,2.29,2.29,2.03,2.16,2.16,2.17,70,18031,38479,
539450,"S H Kelkar and Company Limited",B,STK,129.2,129.2,123.25,124.3,124.75,129.1,267,14442,1817540,
539455,"ARYAVAN ENTERPRISE LIMITED",X,STK,52.49,53.99,49.16,52.36,53.99,55.99,103,59279,3069616,
539468,"Typhoon Financial Services Lim",XT,STK,50.75,50.75,47.55,47.55,47.55,50.05,3,23,1154,
539469,"PANORAMA STUDIOS INTERNATIONAL",B,STK,38.9,40.25,38.5,39.69,39.7,41.74,197,52975,2102286,
539470,"Shree Ganesh Biotech (India) L",X,STK,0.56,0.57,0.54,0.56,0.56,0.56,344,979070,546965,
539479,"GTV Engineering Limited",X,STK,66.99,66.99,63.45,63.65,63.65,67.36,226,33931,2186524,
539480,"LIC MF EXHGE TRADED FUND-NIFTY",B,STK,259.64,261.03,256.76,256.77,256.76,266.3,24,364,94482,
539487,"LIC MF EXCHNG TRADED FUND-SENS",A,STK,845.31,845.31,834.18,834.18,834.18,860.13,3,23,19426,
539492,"Garbi Finvest Limited",X,STK,12.29,12.38,11.76,12.37,12.37,12.38,19,2930,36034,
539494,"Smart Finsec Limited",X,STK,7.99,7.99,7.4,7.75,7.79,7.57,80,13301,103395,
539495,"Rajkot Investment Trust Limite",XT,STK,38.58,38.58,38.58,38.58,38.58,36.75,1,268,10339,
539506,"Adcon Capital Services Limited",X,STK,0.44,0.45,0.42,0.44,0.44,0.44,203,353438,155068,
539515,"Quint Digital Limited",X,STK,39.92,39.92,37.46,38,38,39.14,18,3545,137603,
539516,"HDFC Mutual Fund",B,STK,261.37,262.1,257.45,258.35,258.88,266.59,475,13500,3507066,
539517,"HDFC Mutual Fund",A,STK,88.69,88.69,83.51,84.28,84.66,86.53,575,53923,4552108,
539518,"Uday Jewellery Industries Limi",X,STK,120,123.95,118,120,120,124.85,55,727,87635,
539519,"SATTVA SUKUN LIFECARE LIMITED",X,STK,0.72,0.73,0.7,0.71,0.72,0.72,153,3656030,2626775,
539522,"Grovy India Limited",X,STK,37.1,39.78,35.02,37.19,35.5,37.68,43,3997,150144,
539523,"Alkem Laboratories Limited",A,STK,5331.6,5333.75,5228.4,5240.8,5235,5348.6,235,25917,136067959,
539524,"Dr. Lal Pathlabs Limited",A,STK,1331.65,1339.05,1314.05,1325.75,1328.4,1347.8,759,5697,7539640,
539526,"Suncare Traders Limited",X,STK,0.56,0.57,0.52,0.54,0.55,0.56,262,274287,150011,
539527,"Creative Castings Limited",X,STK,530,536,530,536,536,535.6,3,13,6898,
539528,"AAYUSH WELLNESS LIMITED",XT,STK,32.38,35.7,32.38,33.19,33.7,34.08,1041,390846,13221695,
539533,"ELITECON INTERNATIONAL LIMITED",B,STK,54.85,55.98,52.5,53.09,53.09,54.85,3579,705375,38407561,
539542,"LUX Industries Limited",B,STK,908,932.2,900,908.9,910.1,930.95,200,1184,1080062,
539546,"AGRIBIO SPIRITS LIMITED",X,STK,262.9,263.85,260.05,262,263,263.35,56,3023,788956,
539551,"Narayana Hrudayalaya Limited",A,STK,1651.2,1685,1638.05,1647.3,1646,1690.05,3366,24700,40871854,
539552,"F MEC INTERNATIONAL FINANCIAL",X,STK,70.3,71.34,68.1,71.34,71.34,64.86,75,45781,3256491,
539559,"Deep Diamond India Limited",X,STK,2.66,2.71,2.53,2.54,2.56,2.66,2874,3730272,9788707,
539561,"SUPHA PHARMACHEM LIMITED",X,STK,0.38,0.38,0.38,0.38,0.38,0.39,1094,3174856,1206445,
539562,"AARNAV FASHIONS LIMITED",B,STK,25.43,27,25,26.65,25.75,25.44,325,233788,6173303,
539574,"Sunshine Capital Ltd.",X,STK,0.21,0.21,0.19,0.2,0.2,0.21,2113,24297549,4889705,
539593,"Shivansh Finserv Limited",X,STK,7.26,7.26,6.77,7.04,6.82,7.23,10,3893,27750,
539594,"Mishtann Foods Limited",X,STK,4,4,3.91,3.93,3.93,3.99,1929,969400,3818631,
539596,"Delta Industrial Resources Lim",X,STK,12.79,12.79,12.75,12.75,12.75,12.79,7,914,11677,
539598,"CREDENT GLOBAL FINANCE LIMITED",X,STK,28.06,29.48,27.5,27.8,27.5,28.35,47,6963,197215,
539599,"Kotia Enterprises Limited",XT,STK,28.79,28.79,26.05,27.42,28.79,27.42,8,137,3672,
539607,"Blue Cloud Softech Solutions L",B,STK,19.29,19.9,19,19.28,19.28,19.49,2132,979747,19012765,
539620,"KANORIA ENERGY & INFRASTRUCTUR",X,STK,14.88,14.88,13.8,14.02,14.01,14.88,45,13869,197018,
539621,"BCL Enterprises Limited",X,STK,0.5,0.52,0.48,0.49,0.49,0.5,145,197894,96213,
539636,"Precision Camshafts Limited",B,STK,118,119.9,115.8,116.25,116.25,121.4,184,5488,646364,
539658,"TeamLease Services Limited",B,STK,1133.4,1190,1133.4,1166.9,1168.6,1205.55,356,2706,3159040,
539659,"VIKRAM KAMATS HOSPITALITY LIMI",B,STK,40,42,39.99,40.03,40,41.97,35,3465,138937,
539660,"BEST AGROLIFE LIMITED",T,STK,14.7,14.94,14.05,14.25,14.4,14.75,302,52283,757705,
539661,"ACE MEN ENGG WORKS LIMITED",X,STK,106.5,106.5,100,100,100,104.45,5,22,2301,
539662,"BFL Asset Finvest Limited",X,STK,8.99,9.1,8.65,8.69,8.83,8.97,106,10837,95735,
539669,"RGF Capital Markets Limited",XT,STK,1.06,1.06,1.06,1.06,1.06,1.04,25,151814,160922,
539678,"Quick Heal Technologies Limite",B,STK,150,150,143.4,143.7,143.7,151.15,285,9515,1388706,
539679,"Kapil Raj Finance Ltd.",X,STK,2.56,2.56,2.46,2.49,2.51,2.49,125,160907,400042,
539682,"Mobavenue AI Tech Limited",T,STK,1298,1300,1223,1268.4,1270,1238.2,61,639,808943,
539686,"K.P. Energy Limited",B,STK,273.7,288,272.15,275.25,276,280.1,891,21315,5972355,
539692,"INTERACTIVE FINANCIAL SERVICES",X,STK,15.93,15.93,14.5,14.62,15.47,14.8,14,12217,179737,
539697,"HILIKS TECHNOLOGIES LIMITED",XT,STK,47.99,47.99,44.02,45.59,45.59,46.06,17,1204,55177,
539724,"HYPERSOFT TECHNOLOGIES LIMITED",XT,STK,122.15,134.98,122.14,124.9,125,128.56,232,22132,2829740,
539725,"Gokul Agro Resources Ltd",B,STK,179.95,187,178.65,183.65,182.5,187.1,2949,307906,56147797,
539730,"Fredun Pharmaceuticals Limited",X,STK,1605.05,1650,1551.5,1619.7,1619.7,1614.95,329,8329,13395278,
539742,"Simbhaoli Sugars Ltd",Z,STK,7.4,7.46,6.95,7.25,7.25,7.11,22,4046,29152,
539760,"Relicab Cable Manufacturing Li",B,STK,32.85,33.99,31.21,32.35,32.5,32.85,47,9166,290317,
539761,"Vantage Knowledge Academy Limi",X,STK,0.93,0.93,0.89,0.91,0.93,0.91,313,681019,624030,
539762,"MODERN ENGINEERING AND PROJECT",X,STK,32.99,33.8,31.53,33.14,33.65,33.17,68,31605,1036611,
539767,"Mega Nirman & Industries Limit",XT,STK,39,40.74,38.9,40.13,38.9,40.94,4,14,551,
539770,"DARJEELING INDUSTRIIES LIMITED",X,STK,34.62,34.8,33.15,34.8,34.75,33.15,42,5189,180210,
539773,"Advik Capital Limited",X,STK,1.69,1.71,1.67,1.69,1.71,1.69,390,1130341,1914307,
539784,"LIC MF EXHNGE TRADED FUND NIFT",B,STK,262.06,262.06,262.06,262.06,262.06,265.8,1,1,262,
539785,"Pudumjee Paper Products Limite",B,STK,70.57,73.67,70.57,71.62,72.41,73.97,75,3750,272161,
539787,"HealthCare Global Enterprises",A,STK,550.05,562.65,540.2,550.4,549.75,567.35,438,5828,3211733,
539788,"Khemani Distributors & Marketi",MT,STK,126.3,126.3,126.3,126.3,126.3,132.9,1,1200,151560,
539798,"Umiya Tubes Limited",X,STK,31.23,31.63,28.81,29.07,28.95,30.31,42,14757,432101,
539799,"Bharat Wire Ropes Limited",B,STK,165,167.55,163.45,165,165.3,168.5,88,7486,1239654,
539800,"CHD Chemicals Limited",X,STK,5,5.03,5,5,5,4.88,23,26092,130728,
539807,"AvenuesAI Limited",A,STK,14.69,14.69,14.01,14.05,14.13,14.74,1365,403004,5726408,
539814,"LE LAVOIR LIMITED",X,STK,230,237.5,216.1,235,237.5,226.25,228,19470,4397667,
539834,"Balgopal Commercial limited",X,STK,160,169,150.55,152.3,150.55,166.45,17,2035,318304,
539835,"Superior Finlease Limited",X,STK,1.6,1.61,1.6,1.61,1.61,1.6,4,3110,4996,
539837,"RAGHAV PRODUCTIVITY ENHANCERS",B,STK,653.05,654,635.75,638.65,636.4,660.4,127,1191,767735,
539841,"Lancer Container Lines Limited",X,STK,9.06,9.15,8.85,9,9,9.19,722,221986,2001645,
539843,"NINtec Systems Limited",B,STK,286.9,288.05,285,286.65,286.65,297.2,13,68,19432,
539871,"Thyrocare Technologies Limited",B,STK,364.55,368.7,357,359.2,360.6,372.85,378,5702,2072275,
539872,"Bajaj Healthcare Limited",B,STK,295.25,320.95,295.25,302.45,301.5,309.1,720,19066,5889143,
539875,"RSD Finance Limited",X,STK,85.8,85.8,82.94,84,84,82.94,11,193,16424,
539876,"Crompton Greaves Consumer Elec",A,STK,249.45,249.45,241.1,242.15,243.95,250.85,2271,113893,27741722,
539883,"Pilani Investment And Industri",B,STK,4725,5001.35,4714,4834.35,4846.1,4769.5,191,456,2222750,
539884,"Darshan Orna Limited",X,STK,2.53,2.55,2.4,2.44,2.5,2.49,87,65844,163397,
539889,"Parag Milk Foods Limited",B,STK,195,199.7,192,193.55,194,202.1,785,41324,8053654,
539894,"Madhav Infra Projects Limited",X,STK,7.9,8.1,7.86,7.93,8,7.98,316,210140,1674179,
539895,"SPICE LOUNGE FOOD WORKS LIMITE",B,STK,29.51,30.2,27.52,28.2,29.08,28.93,238,23891,681591,
539900,"DALMIA INDUSTRIAL DEVELOPMENT",XT,STK,9.74,9.74,9.4,9.4,9.4,9.34,5,282,2664,
539917,"NAGARJUNA FERTILIZERS AND CHEM",B,STK,4.1,4.1,3.83,3.9,3.97,4.06,108,59772,234018,
539921,"Shanti Educational Initiatives",B,STK,170,170,155.1,158.65,158.65,170.8,1046,145439,23649543,
539922,"Rotographics (India) Limited",XT,STK,123.8,123.8,118,118,118,117.95,2,2,241,
539927,"LIKHAMI CONSULTING LIMITED",XT,STK,384.75,403,384.75,400,400,384.75,5,5,1993,
539938,"Medico Intercontinental Limite",X,STK,30.76,30.76,28.95,29.21,29.75,30.43,63,3668,107664,
539939,"Yash Chemex Limited",X,STK,58.68,58.96,57.2,57.63,57.2,57.04,29,2051,119716,
539945,"ICICI Prudential NV20 ETF",B,STK,13.67,13.8,13.44,13.48,13.73,13.94,316,41728,567236,
539946,"Bazel International Limited",X,STK,21.95,22.99,20.88,20.9,20.9,21.97,79,7333,155421,
539947,"JINDAL LEASEFIN LIMITED",X,STK,54.38,56.25,51.16,56.12,56.25,53.85,11,243,13630,
539956,"TAAL TECH LIMITED",X,STK,2840,2840,2778.05,2803.3,2795,2864.55,72,1298,3637878,
539957,"Mahanagar Gas Limited",A,STK,999.95,1030.1,988.55,1000.1,1005,1000.8,3400,69444,70212288,
539963,"Zeal Aqua Limited",XT,STK,12.84,12.93,12.35,12.72,12.9,12.99,249,98338,1234414,
539978,"Quess Corp Limited",A,STK,179.05,180.8,178,178.85,179.2,182.55,174,9362,1679553,
539979,"DIGJAM LIMITED",B,STK,40.49,40.5,38.05,38.14,38.1,40,60,4548,180879,
539980,"ICICI Prudential BSE Midcap Se",B,STK,16.33,16.42,16.04,16.1,16.16,16.6,113,15249,247209,
539984,"HINDUSTHAN URBAN INFRASTRUCTUR",X,STK,440,499.3,429.95,490.9,484,445.9,612,12775,6061102,
539985,"Titaanium Ten Enterprise Limit",M,STK,21.83,24.11,21.83,24.11,24.11,22.97,28,33000,765610,
539986,"Commercial Syn Bags Limited",B,STK,153.7,154.55,153,153.9,153.95,153.7,25,1769,271997,
539991,"CONFIDENCE FUTURISTIC ENERGETE",X,STK,37.99,39.69,35.42,37.83,37.83,37.58,316,43548,1644591,
539992,"LLOYDS ENGINEERING WORKS LIMIT",A,STK,42.8,42.8,40.69,41.06,41.06,43.25,1769,589612,24581110,
539997,"Kwality Pharmaceuticals Limite",B,STK,1547.8,1567.9,1490,1547.6,1565,1563.65,1608,26438,40386166,
540005,"LTIMindtree Limited",A,STK,4298.5,4298.5,4180.8,4199.6,4202,4302.55,1375,5177,21912521,
540006,"EAST WEST FREIGHT CARRIERS LTD",X,STK,2.85,2.85,2.79,2.83,2.85,2.8,103,21344,60300,
540008,"Aditya Birla Sun Life BSE Sens",A,STK,75.5,77.18,74.75,74.75,74.75,77.04,36,380,28643,
540023,"COLORCHIPS NEW MEDIA LIMITED",XT,STK,12.2,13.38,12.2,13.35,13.38,12.75,43,5820,76337,
540025,"Advanced Enzyme Technologies L",B,STK,280.25,280.7,272.75,273.5,274.55,281.3,194,4280,1187741,
540026,"Ladam Affortable Housing Limit",X,STK,8.5,8.5,7,7.9,7.9,7.8,18,1336,10345,
540047,"Dilip Buildcon Limited",A,STK,429.8,434.2,425.4,425.75,425.85,437.2,184,3395,1457723,
540048,"S.P. Apparels Limited",B,STK,705,724.25,698,701.95,700.1,716.9,193,1183,841262,
540061,"Bigbloc Construction Limited",B,STK,51.28,51.36,49.59,50.83,50.83,51.28,91,5590,281655,
540062,"Golden Crest Education & Servi",XT,STK,351,351,334.65,334.65,334.65,334.65,7,12,4035,
540065,"RBL Bank Limited",A,STK,297.75,297.75,290.5,292.05,292.6,300.5,1377,65863,19364998,
540066,"AMS POLYMERS LIMITED",XT,STK,48.53,48.53,48.53,48.53,48.53,46.22,2,901,43725,
540073,"BLS International Services Ltd",A,STK,244.95,244.95,240.05,240.45,240.5,245.7,1068,58092,14034958,
540078,"Mitsu Chem Plast Limited",X,STK,88.55,96.5,87.15,90.85,90.85,90.4,270,17820,1660195,
540079,"Sprayking Limited",B,STK,1.42,1.42,1.34,1.37,1.37,1.4,281,208572,283693,
540080,"Dhatre Udyog Limited",X,STK,3.61,3.98,3.61,3.84,3.86,3.91,200,71052,269722,
540081,"Sab Events & Governance Now Me",T,STK,11.59,11.59,11.59,11.59,11.59,12.19,2,2,23,
540082,"Riddhi Steel and Tube Limited",MT,STK,238,238,238,238,238,250,1,9000,2142000,
540083,"TV VISION LIMITED",T,STK,5.45,5.49,5.32,5.47,5.43,5.59,8,318,1736,
540097,"GAMCO LIMITED",X,STK,40.49,40.49,39.6,39.87,39.75,39.96,44,23600,945170,
540108,"TIAAN CONSUMER LIMITED",Z,STK,6.88,6.88,6.25,6.88,6.88,6.56,25,3323,22486,
540115,"L&T Technology Services Limite",A,STK,3358.9,3385.7,3301.2,3311.55,3314.5,3360.35,860,5591,18690753,
540124,"G N A Axles Limited",B,STK,385.3,394.2,377.65,378.95,380,395.3,247,2478,949267,
540125,"Radhika Jeweltech Limited",B,STK,61.75,61.75,56.66,56.96,57.63,59.35,141,5993,344691,
540132,"Sabrimala Industries India Lim",X,STK,13.1,13.1,11.25,11.4,11.4,12.97,13,247,3031,
540133,"ICICI Prudential Life Insuranc",A,STK,581.05,585.75,560.6,562.8,566.7,589.25,1662,18219,10363656,
540134,"ISHAAN INFRASTRUCTURE AND SHEL",XT,STK,8.22,8.22,7.67,7.73,7.73,8.07,5,703,5723,
540135,"ARC Finance Limited",X,STK,0.52,0.54,0.49,0.5,0.5,0.51,1149,2536699,1285246,
540136,"HPL Electric & Power Limited",B,STK,288.6,294.4,283.25,284.35,285,296.4,599,12741,3684271,
540143,"Sagarsoft (India) Limited",X,STK,82.8,82.8,77.99,77.99,77.99,80.59,8,711,58814,
540144,"DRA CONSULTANTS LIMITED",M,STK,15.01,15.4,15.01,15.01,15.01,15.95,4,12500,188600,
540145,"Valiant Organics Limited",B,STK,238.95,273.6,238.95,260.5,260.5,237.75,4063,84256,21824346,
540147,"Shashijit Infraprojects Limite",X,STK,2.6,2.98,2.42,2.77,2.77,2.6,118,185401,490197,
540153,"Endurance Technologies Limited",A,STK,2335,2344.65,2268.75,2278.45,2288.1,2363.15,682,3979,9131741,
540159,"PURPLE AGROTECH INDUSTRIES LIM",X,STK,4.75,4.77,4.56,4.56,4.56,4.55,4,497,2365,
540168,"Supra Pacific Financial Servic",X,STK,27.49,27.49,26,26.79,27.1,27.18,128,56260,1504981,
540173,"PNB Housing Finance Limited",A,STK,795.05,797.65,782.3,788.05,787.75,806.15,1126,64269,50690885,
540174,"SOUTHERN INFOCONSULTANTS LIMIT",X,STK,21.5,21.5,20.5,21,21,21.5,7,268,5596,
540175,"REGENCY FINCORP LIMITED",X,STK,27.76,28,25,26.45,27.01,27.09,221,41939,1103366,
540180,"Varun Beverages Limited",A,STK,408.25,410,403.3,404.7,404.7,415.15,8578,291854,118731266,
540181,"Salem Erode Investments Ltd.",X,STK,31.07,31.7,31.07,31.69,31.7,31.62,3,469,14863,
540189,"Unipro Technologies Limited",XT,STK,27.4,27.4,27.4,27.4,27.4,26.87,3,129,3534,
540190,"Franklin Industries Limited",X,STK,0.38,0.42,0.37,0.38,0.38,0.38,881,5961179,2314897,
540192,"LKP Securities Limited",X,STK,13.52,14.05,13.28,13.62,13.62,13.81,117,10439,141052,
540198,"OSIAJEE TEXFAB LIMITED",X,STK,444.95,444.95,422,433.15,440,442,173,27590,12134027,
540199,"Corporate Merchant Bankers Lim",X,STK,63.43,63.43,57.39,62.49,62.49,60.41,28,2251,140849,
540203,"Sheela Foam Limited",A,STK,522.25,528.15,508.1,519.7,519.1,530.35,236,5320,2762590,
540204,"EIKO LIFESCIENCES LIMITED",X,STK,53.98,55,51.99,52.7,52.7,53.65,61,17828,953417,
540205,"Aditya Vision Limited",A,STK,450.1,462.25,446.95,452.7,454,450.1,306,4440,2027385,
540210,"Heads UP Ventures Limited",B,STK,6.85,7.1,6.6,6.74,6.7,6.99,33,6775,47468,
540212,"TCI Express Limited",B,STK,485,494.05,472.15,490.85,492.6,488.65,55,1375,657728,
540222,"Laurus Labs Limited",A,STK,978.55,978.55,937,947.1,950,983,1488,27202,25998245,
540243,"NEW LIGHT INDUSTRIES LIMITED",X,STK,1.39,1.39,1.29,1.3,1.3,1.38,134,60700,80277,
540252,"Viram Suvarn Limited",B,STK,10.22,10.61,9.9,10.22,10.22,10,868,1928307,19695221,
540254,"MARG TECHNO PROJECTS LIMITED",X,STK,27.76,31.56,27.1,31.46,31.46,26.3,184,12231,361444,
540259,"SHANGAR DECOR LIMITED",X,STK,0.24,0.24,0.22,0.23,0.24,0.24,242,1460420,335307,
540266,"Globe Commercials Limited",X,STK,15.1,15.85,13.8,14.88,14.69,15.2,197,30553,443449,
540267,"Flora Corporation Limited",X,STK,6.65,6.65,6.65,6.65,6.65,7,2,74,492,
540268,"TruCap Finance Limited",B,STK,6.11,6.3,5.86,6,6,6.11,116,32190,192634,
540293,"Pricol Limited",A,STK,545.65,545.65,532.5,534.45,535.95,545.65,822,19078,10249469,
540310,"Classic Filaments Limited",XT,STK,46,46.75,44.6,44.62,44.62,44.62,7,81,3622,
540311,"JITF INFRALOGISTICS LIMITED",T,STK,326,337,322.1,326,326,339.05,31,433,140898,
540332,"Tanvi Foods (India) Limited",M,STK,65,65,61.7,62,62,73.75,13,13000,816200,
540358,"RMC SWITCHGEARS LIMITED",M,STK,402,454.5,402,428.5,434.9,428.3,239,39625,17226950,
540359,"Parmax Pharma Limited",X,STK,27.9,27.9,27.7,27.83,27.83,27.55,5,144,4013,
540360,"LEADING LEASING FINANCE AND IN",B,STK,1.66,1.68,1.57,1.57,1.57,1.65,1137,6332005,10019239,
540361,"DANUBE INDUSTRIES LIMITED",X,STK,4.2,4.25,4.02,4.09,4.25,4.17,64,22065,90613,
540366,"Music Broadcast Limited",B,STK,5.9,5.9,5.25,5.3,5.3,5.31,101,51789,284949,
540376,"Avenue Supermarts Limited",A,STK,3815,3871.45,3771.45,3802.55,3820.25,3843.55,2596,13712,52322745,
540377,"IFL ENTERPRISES LIMITED",B,STK,0.38,0.39,0.37,0.38,0.38,0.38,598,2037299,776173,
540386,"Ontic Finserve Limited",X,STK,1.14,1.18,1.09,1.11,1.09,1.14,188,1249795,1382744,
540393,"Sarthak Metals Limited",B,STK,68.6,68.6,67,67,67,69.05,31,1944,132288,
540395,"Chemcrux Enterprises Limited",B,STK,79.7,83.35,79,81.89,80.5,80.42,137,5478,445412,
540396,"Manomay Tex India Limited",B,STK,208,221,195.45,203.75,195.45,208,386,16169,3325372,
540401,"Maximus International Limited",X,STK,9.09,9.23,8.76,9,9.23,9.09,86,10810,96596,
540403,"CL Educate Limited",T,STK,46.8,48.39,46,46.02,46,47.2,20,3327,156031,
540404,"PRIME FRESH LIMITED",B,STK,224.95,225,221.05,224.5,224.5,229.35,106,17076,3830120,
540405,"Oceanic Foods Limited",X,STK,59.79,59.79,55,57.95,57.95,57.56,15,4357,249954,
540425,"Shankara Building Products Lim",B,STK,107.45,115,107.15,110.35,110.35,109.75,135,2915,322680,
540455,"Escorp Asset Management Limite",B,STK,102.1,108.9,101.05,108.05,108.9,100.9,7,69,7094,
540467,"PARMESHWARI SILK MILLS LIMITED",X,STK,99.56,99.56,99.56,99.56,99.56,94.82,2,25,2489,
540492,"STARLINEPS ENTERPRISES LIMITED",T,STK,11.98,11.98,11.9,11.9,11.9,11.76,641,3044986,36449051,
540497,"S Chand And Company Limited",B,STK,151.45,151.45,146,148.35,148.35,149.9,37,554,83263,
540515,"KANUNGO FINANCIERS LIMITED",X,STK,11.15,11.15,10.13,10.99,10.99,10.62,8,1973,20445,
540519,"Meera Industries Limited",B,STK,33.25,36.9,32.51,36.32,36.32,34.87,328,54607,1921303,
540526,"IRB InvIT Fund",IF,STK,59.52,59.91,59.45,59.58,59.45,59.86,722,38604,2300110,
540530,"Housing &Urban Development Cor",A,STK,175.7,176.65,170.65,171.5,171.5,178.65,1737,119497,20771374,
540544,"PSP Projects Limited",B,STK,672.05,675.05,648,651.5,653.6,677.75,238,3225,2124144,
540545,"GURU KRUPA GEMS AND JEWELLERY",XT,STK,36.94,38.74,35.77,37.95,37.95,36.91,187,50991,1952786,
540565,"IndiGrid Infrastructure Trust",IF,STK,164.15,164.8,163.9,164.05,164.09,164.75,2272,157176,25806275,
540570,"VARIMAN GLOBAL ENTERPRISES LIM",X,STK,3.9,3.98,3.65,3.65,3.65,3.84,254,229015,868679,
540575,"Star Cement Limited",A,STK,207.95,213,206.7,210.2,210.35,208.9,247,13850,2924728,
540590,"Riddhi Corporate Services Limi",X,STK,59,59,56.12,58.97,56.12,59.9,5,302,17813,
540595,"Tejas Networks Limited",A,STK,439.95,460,429.4,432.2,432.2,450.15,7625,333877,148826283,
540596,"Eris Lifesciences Limited",A,STK,1265.65,1308.1,1265.65,1282.7,1290,1310.55,378,2977,3845089,
540597,"Containerway International Lim",X,STK,15.7,15.71,14.23,14.56,15.71,14.97,25,992,15464,
540602,"GTPL Hathway Limited",B,STK,58,58.98,57.67,58.19,58.55,59.59,47,1573,91511,
540611,"AU Small Finance Bank Limited",A,STK,921.75,921.75,896,901.9,906.45,930.1,1689,37707,34092233,
540612,"ICICI Prudential Nifty Low Vol",B,STK,20.87,21.63,20.53,20.83,20.64,21.17,380,203987,4243281,
540613,"Gautam Exim Limited",M,STK,289,289,289,289,289,284.9,1,375,108375,
540614,"G G Engineering Limited",X,STK,0.44,0.44,0.42,0.43,0.43,0.44,1068,4760196,2050303,
540615,"7NR Retail Limited",X,STK,3.3,3.42,3.08,3.34,3.4,3.35,77,27057,91528,
540642,"Salasar Techno Engineering Lim",B,STK,7.07,7.08,6.9,6.93,6.93,7.11,668,286833,2000333,
540647,"Ganges Securities Ltd.",B,STK,119.7,119.7,109.4,110.1,110,113,45,1000,113445,
540648,"Palash Securities Limited",B,STK,90.46,90.46,89.88,89.88,89.88,85.7,3,10,902,
540649,"AVADH SUGAR & ENERGY LIMITED",B,STK,417.85,438.5,411.85,425.35,429.2,416.95,449,4188,1791273,
540650,"Magadh Sugar & Energy Limited",B,STK,430.75,443.9,430.75,432.4,431.95,431.4,195,1301,566824,
540654,"GlobalSpace Technologies Limit",X,STK,18.38,18.38,17.6,17.72,18,18.29,36,8027,143079,
540669,"UTI Mutual Fund",B,STK,70.78,70.78,68.32,68.75,69.05,70.68,325,3625,250359,
540673,"SIS LIMITED",B,STK,279,279.8,273,277,274,278.9,102,1652,455630,
540678,"Cochin Shipyard Limited",A,STK,1390.1,1403.6,1355,1361.35,1368,1412,7904,99306,137307391,
540680,"KIOCL Limited",A,STK,318.95,321,304.45,307.8,313.4,324.9,351,10790,3398495,
540686,"Smruthi Organics Limited",X,STK,112,120,109.1,112.85,111.75,113.05,59,2572,291288,
540691,"Aditya Birla Capital Ltd",A,STK,321.1,322.8,311,311.95,311.95,328.35,1973,86854,27535863,
540692,"Apex Frozen Foods Limited",B,STK,359.9,365.85,353.45,358.2,359.05,370.95,818,21894,7869135,
540693,"Shish Industries Limited",T,STK,13.55,13.55,13.55,13.55,13.55,13.82,191,292586,3964540,
540694,"ANG Lifesciences India Limited",B,STK,23.99,23.99,21.5,22.08,21.9,22.97,15,7170,160297,
540696,"KCD INDUSTRIES INDIA LIMITED",X,STK,5,5.07,4.91,4.99,5,4.89,30,15965,79398,
540699,"Dixon Technologies (India) Lim",A,STK,10426.45,10584.65,10162.05,10194.75,10194.75,10718.25,14139,60689,626293330,
540700,"Bharat Road Network Limited",B,STK,19.85,20,19.13,19.27,19.23,20.14,113,10742,208044,
540701,"Dishman Carbogen Amcis Limited",B,STK,168,172.2,160,160.35,160.9,171.2,1413,42674,7078532,
540702,"Lasa Supergenerics Limited",B,STK,7.25,7.8,7.05,7.59,7.75,7.32,131,15271,111562,
540703,"PRO CLB GLOBAL LIMITED",XT,STK,35.09,35.09,35.09,35.09,35.09,35.8,19,75983,2666243,
540704,"Matrimony.com Limited",B,STK,423.65,434,405,408.1,407,434.55,123,1119,469141,
540710,"Capacit'e Infraprojects Limite",B,STK,211.05,234.5,210.7,229.1,230.45,220.5,3934,121513,27533969,
540716,"ICICI Lombard General Insuranc",A,STK,1812.3,1812.85,1785.5,1790.65,1789.7,1832.6,1796,60962,110110823,
540717,"Polo Queen Industrial and Fint",B,STK,17.79,17.79,16.33,16.58,16.52,16.93,148,11249,187392,
540718,"AAYUSH ART AND BULLION LIMITED",M,STK,1106,1107,1099.35,1103.05,1104,1107.8,246,43250,47816287,
540719,"SBI Life Insurance Company Lim",A,STK,1951.1,1954.2,1899.15,1903.05,1905.45,1961.9,1211,12918,24686171,
540724,"Prataap Snacks Limited",B,STK,917.6,917.6,892.9,914.55,910.25,933.15,74,1012,911955,
540725,"Share India Securities Limited",B,STK,125.15,127.05,121.9,122.35,122.9,129.4,549,43055,5336088,
540726,"Trident Texofab Limited",B,STK,38.57,42.63,38.57,42.63,42.63,40.6,1450,811856,33390885,
540727,"Poojawestern Metaliks Limited",B,STK,24,24.9,23.65,23.94,23.65,24.37,67,7673,184487,
540728,"Sayaji Industries Limited",X,STK,100.99,102.86,97.1,99.49,100.69,98.51,49,7373,749859,
540729,"Vanta Bioscience Limited",M,STK,15.41,17.45,15.41,17.45,17.45,17.45,2,1500,24645,
540730,"Mehai Technology  Limited",X,STK,1.27,1.32,1.26,1.27,1.28,1.32,391,917081,1175236,
540735,"IRIS RegTech Solutions Limited",B,STK,239.6,239.6,231.5,235.25,235,235.65,51,258,60602,
540737,"Shree Ganesh Remedies Limited",X,STK,485,499.95,485,489.1,491.9,500.1,75,1829,901066,
540738,"Shreeji Translogistics Limited",B,STK,7,7.25,6.93,7.03,7.07,7.09,99,35664,252241,
540743,"Godrej Agrovet Limited",A,STK,587.95,587.95,572.75,573.65,573.1,590.1,108,919,530434,
540749,"MAS Financial Services Limited",B,STK,297.15,299.6,288.2,293.4,294,301.1,357,5956,1741942,
540750,"Indian Energy Exchange Limited",A,STK,120.35,121.55,117.7,118.35,118.35,123,2180,174783,20914233,
540755,"General Insurance Corporation",A,STK,370.4,370.4,359.6,361.15,361.15,371.05,659,16609,6052250,
540757,"SHEETAL COOL PRODUCTS LIMITED",T,STK,307.9,308,301.25,307,307,306.45,22,1141,350414,
540762,"Tube Investments of India Ltd",A,STK,2510.9,2553.95,2478.4,2530.3,2540.5,2560.05,2667,68114,172744453,
540767,"NIPPON LIFE INDIA ASSET MANAGE",A,STK,867.4,867.4,852.05,856.4,856.9,883.35,519,10967,9420215,
540768,"Mahindra Logistics Limited",B,STK,375.65,376.95,354.55,356.95,359.95,382.3,533,13366,4874557,
540769,"The New India Assurance Compan",A,STK,130.65,132.85,129.35,129.7,130,134.35,566,26528,3478666,
540774,"IFGL Refractories Limited",B,STK,143.4,147.15,142.5,146.7,147.15,147.3,51,359,51814,
540775,"Khadim India Limited",B,STK,95.1,95.1,90.95,91.6,91.6,95.95,344,11645,1070523,
540776,"5paisa Capital Limited",B,STK,297,297,286.4,288.8,288.7,297.6,188,3462,1008620,
540777,"HDFC LIFE INSURANCE COMPANY LI",A,STK,630.3,638.75,624.55,633.25,633.5,643.15,2621,45975,29103956,
540782,"Sanghvi Brands Limited",M,STK,10.05,10.05,10.05,10.05,10.05,10,1,1000,10050,
540786,"SHARIKA ENTERPRISES LIMITED",B,STK,10.35,10.38,9.5,9.94,9.99,10.04,79,48865,490662,
540787,"ICICI Prudential Mutual Fund",A,STK,118.4,118.79,116.3,117.05,117.99,119.49,826,37013,4339040,
540788,"Aspira Pathlab & Diagnostics L",X,STK,54.5,54.5,53.5,54,54,54,16,1132,61043,
540789,"Diligent Media Corporation Lim",B,STK,3.15,3.54,3.15,3.33,3.33,3.45,15,2529,8442,
540795,"Dynamic Cables Limited",B,STK,273,273.85,267,268.05,267.25,277.85,441,10945,2969388,
540796,"Ratnabhumi Developers Limited",B,STK,215,224.2,215,224,224.2,218.1,6,1500,335984,
540797,"Shalby Limited",B,STK,142.15,143.75,138,138.75,138.75,145.15,248,6035,847094,
540809,"MRC AGROTECH LIMITED",B,STK,42.49,43.55,41,43.05,43.05,41.94,279,158124,6780566,
540821,"CRYSTAL BUSINESS SYSTEM LIMITE",X,STK,1.65,1.67,1.33,1.55,1.65,1.61,110,23116,37155,
540824,"Astron Paper & Board Mill Limi",B,STK,4,4,3.74,3.75,3.94,3.92,13,2499,9544,
540829,"Chandrima Mercantiles limited",X,STK,5.45,5.74,5.4,5.45,5.4,5.62,158,49765,276336,
540850,"Jhandewalas Foods Limited",MT,STK,29.6,29.6,29.57,29.57,29.57,31.12,4,4000,118310,
540874,"7SEAS ENTERTAINMENT LIMITED",X,STK,73.97,75.83,73,74.72,74,74.34,104,39269,2902616,
540879,"Apollo Micro Systems Limited",A,STK,200.6,203.15,195.7,196.5,197.6,205.95,2551,284204,56938127,
540900,"Newgen Software Technologies L",A,STK,453.5,453.5,438.25,440.2,440.2,459.65,1622,58277,25915308,
540901,"Praxis Home Retail Limited",B,STK,6.55,6.57,6.36,6.45,6.45,6.48,24,9456,61259,
540902,"Amber Enterprises India Limite",A,STK,6710.6,6746.45,6623.2,6696.2,6696,6846.85,1973,10708,71555693,
540914,"SRU Steels Limited",X,STK,1.54,1.54,1.44,1.44,1.44,1.51,419,720135,1039450,
540923,"Ashoka Metcast Limited",B,STK,14.44,15.47,14.08,14.09,14.08,14.21,5,69,977,
540935,"Galaxy Surfactants Limited",A,STK,1717,1717,1650,1655.5,1658,1733.15,257,923,1542419,
540936,"Gautam Gems Limited",X,STK,2.99,3.1,2.88,3.08,3.09,3.05,46,16437,49595,
540937,"MEDICO REMEDIES LIMITED",B,STK,38,38.45,37.8,37.8,37.8,38.55,37,1355,51553,
540938,"Gujarat Hy-Spin Limited",M,STK,7.25,7.25,7,7,7,7.25,2,10000,71250,
540952,"LORENZINI APPARELS LIMITED",B,STK,6.9,7.92,6.9,7.11,7.08,6.63,450,24636,180209,
540953,"Kenvi Jewels Limited",B,STK,2.26,2.3,2.26,2.29,2.29,2.28,112,55277,125760,
540954,"The Indian Wood Products Co. L",X,STK,32.02,34.78,32.02,32.95,32.95,33.56,86,1847,61301,
540955,"Tasty Dairy Specialities Limit",XT,STK,5.9,5.9,5.6,5.8,5.8,5.84,51,13428,76837,
540956,"Bhatia Communications & Retail",X,STK,21,21.64,20.71,21.09,21.17,21.23,162,29026,616091,
540975,"Aster DM Healthcare Limited",A,STK,654.45,654.45,634,636.55,638.5,661.75,1882,27065,17351726,
540980,"The Yamuna Syndicate Ltd",X,STK,26435.8,26435.8,26434.95,26434.95,26434.95,26200,3,3,79306,
541005,"KANCO TEA & INDUSTRIES LIMITED",X,STK,60,60.9,58.07,58.1,58.97,60.72,42,2584,151458,
541019,"H.G. Infra Engineering Limited",B,STK,498.35,498.35,482,483,483,504.55,554,11861,5824561,
541083,"Inflame Appliances Limited",M,STK,285.9,285.9,273.55,285,285,285.45,4,1250,352612,
541096,"Bharat Parenterals Limited",X,STK,1013,1040,1000.05,1003.35,1001.1,1011,59,19070,19419128,
541097,"DSP BlackRock Mutual Fund",F,STK,1000,1000,999.99,999.99,999.99,1000,10,8008,8007983,
541143,"Bharat Dynamics Limited",A,STK,1306,1306,1252.05,1255.95,1255.95,1319.95,4551,117285,149080635,
541144,"Active Clothing Co  Limited",B,STK,103.01,106.78,102.6,103.64,103.5,107.34,49,2763,286532,
541152,"GOYAL ALUMINIUMS LIMITED",T,STK,6.23,6.23,5.9,5.98,5.98,6.13,123,18657,112162,
541153,"Bandhan Bank Limited",A,STK,160.5,160.9,157.2,158.4,158.4,163.45,2514,203240,32361189,
541154,"Hindustan Aeronautics Limited",A,STK,3944,3944,3789.3,3801.55,3801.55,3960.95,5665,45952,177369867,
541161,"DHARAN INFRA-EPC LIMITED",Z,STK,0.19,0.19,0.19,0.19,0.19,0.19,245,484251,92007,
541163,"Sandhar Technologies Limited",B,STK,487.2,487.2,470.4,473.15,474,488.6,317,5092,2430568,
541167,"YASHO INDUSTRIES LIMITED",B,STK,1400,1463,1391.1,1430.2,1455.2,1431.65,99,743,1066913,
541195,"Mishra Dhatu Nigam Limited",A,STK,315.8,318.45,307,308.1,309.4,321.8,1099,28505,8924805,
541228,"Taylormade Renewables Limited",B,STK,103,104.5,100.05,101,101.5,104.05,179,12712,1298726,
541233,"Lemon Tree Hotels Limited",A,STK,106,108.2,105.2,106.35,106.85,107.55,1474,169365,18024918,
541269,"Chemfab Alkalis Ltd",B,STK,363,372.1,356.35,363,363,370,27,389,142434,
541276,"HARDWYN INDIA LIMITED",T,STK,18.2,18.5,17.33,17.85,18.25,18.01,153,143005,2555702,
541301,"Orient Electric Limited",B,STK,166,166.6,163.65,164.4,164.4,169.1,155,4236,697645,
541302,"Dhruv Consultancy Services Lim",B,STK,30,30.77,29.9,29.9,29.9,29.81,30,238,7161,
541303,"Akshar Spintex Limited",B,STK,0.4,0.41,0.4,0.41,0.41,0.4,57,72035,29216,
541304,"Indo US Bio-Tech Limited",B,STK,105.2,109,97,103.2,103.2,106.55,39,467,48283,
541313,"ICICI Prudential BSE 500 ETF",A,STK,36.32,36.54,35.74,36.11,36.3,37.16,505,22188,802847,
541336,"IndoStar Capital Finance Limit",B,STK,192,195.95,191,192.8,192,198,98,5352,1031701,
541338,"U. H. ZAVERI LIMITED",B,STK,14.09,14.45,13.61,14.04,14.1,14.08,155,19103,268456,
541347,"Parvati Sweetners and Power Lt",XT,STK,7.67,7.96,7.3,7.45,7.96,7.68,46,8858,65885,
541352,"Megastar Foods Limited",B,STK,248.8,250,245.05,249.1,250,252,38,638,158767,
541353,"Innovators Facade Systems Limi",M,STK,127.95,127.95,120.05,120.4,121,127.95,14,11200,1361960,
541358,"UNIFINZ CAPITAL INDIA LIMITED",X,STK,93.8,95.49,93.8,93.86,93.86,95.95,17,663,62385,
541400,"ZIM Laboratories Limited",B,STK,67,68.57,66,67.88,66.88,67.54,46,3041,205931,
541402,"Affordable Robotic & Automatio",B,STK,151,151.9,144.7,146,147,152.35,294,11009,1612224,
541403,"Dollar Industries Limited",B,STK,254.9,258.25,250.05,250.65,251,260.7,79,1378,352091,
541418,"NAKODA GROUP OF INDUSTRIES LIM",B,STK,25.55,25.55,24.67,24.89,24.89,24.65,5,186,4669,
541444,"Palm Jewels Limited",B,STK,16.4,16.48,16.2,16.4,16.4,16.49,8,20523,336617,
541445,"Waa Solar Limited",M,STK,47.6,49,46.05,47.03,48,47.6,8,8000,382992,
541450,"Adani Green Energy Limited",A,STK,874.75,881.6,850.65,854.5,854.5,890.8,4392,116944,101697889,
541540,"SOLARA ACTIVE PHARMA SCIENCES",B,STK,435.3,454.55,435,448.25,448.25,447.2,721,12682,5676064,
541546,"GAYATRI HIGHWAYS LTD",B,STK,2.12,2.26,2.12,2.12,2.12,2.23,76,71132,152900,
541556,"RITES Limited",A,STK,195,195,190.15,190.6,190.6,197.25,708,25313,4884645,
541557,"Fine Organic Industries Limite",A,STK,4292.2,4298.85,4246,4273.7,4264.1,4319.75,119,490,2093861,
541578,"Varroc Engineering Limited",A,STK,512.25,527.2,502.1,503.25,502.9,523.6,252,7470,3874289,
541601,"Rajnish Wellness Limited",B,STK,0.48,0.49,0.46,0.47,0.46,0.49,819,7344540,3435955,
541627,"Gujarat Winding Systems Limite",X,STK,6.4,8.97,6.4,8.97,8.97,7.6,12,1101,8207,
541634,"Raw Edge Industrial Solutions",B,STK,15.75,16,14.75,15.5,15.45,15.3,42,2815,43173,
541702,"Ashnisha Industries Limited",X,STK,3.17,3.46,3.17,3.45,3.46,3.3,213,452961,1544045,
541703,"RACONTEUR GLOBAL RESOURCES LIM",M,STK,12.3,16.49,12.3,14,14,14,8,16000,243856,
541729,"HDFC Asset Management Company",A,STK,2430.65,2440.1,2375.1,2402.55,2411.75,2468.55,2714,21117,50792752,
541735,"Vivanta Industries Limited",X,STK,1.62,1.72,1.5,1.68,1.65,1.63,365,175295,289796,
541741,"Fratelli Vineyards Limited",X,STK,73.39,74.88,70.6,72.39,73.79,73.66,424,51898,3738295,
541770,"CreditAccess Grameen Ltd.",A,STK,1168,1174.1,1151,1152.7,1157,1185.05,400,3618,4196048,
541771,"AMIN TANNERY LIMITED",X,STK,1.62,1.62,1.49,1.51,1.51,1.61,35,18907,28590,
541778,"Deep Polymers Limited",B,STK,32.94,34.99,30.99,31.43,31.43,32.41,355,26896,866943,
541799,"Sungold Media and Entertainmen",MT,STK,11.5,11.5,11.5,11.5,11.5,11.02,1,5000,57500,
541809,"ICICI Prudential Mutual Fund",B,STK,68.48,69.11,66.82,67.62,67.97,69.16,659,100748,6819974,
541865,"Add-Shop E-Retail Limited",B,STK,6.99,8.3,6.87,7.28,7.38,6.99,150,130500,912939,
541890,"Space Incubatrics Technologies",XT,STK,0.19,0.2,0.19,0.2,0.2,0.19,155,674463,129703,
541929,"Synergy Green Industries Limit",B,STK,497,497,497,497,497,503.4,1,10,4970,
541945,"Ranjeet Mechatronics Limited",M,STK,6,6,6,6,6,5.11,2,16000,96000,
541946,"ICICI Prudential BSE Liquid Ra",F,STK,1000,1000,1000,1000,1000,1000,43,156113,156113000,
541956,"IRCON International Ltd",A,STK,126.6,127.1,123.85,124.1,124.1,129.7,2182,166845,20937667,
541967,"Sky Gold And Diamonds Limited",A,STK,352.45,352.45,334.3,340.55,339.35,354.2,1537,30652,10437801,
541972,"SBI Mutual Fund",A,STK,850.46,850.46,835,837.05,842.39,866.64,39,494,416477,
541974,"Manorama Industries Limited",A,STK,1308.95,1313.7,1267.55,1273.35,1278.4,1332.6,467,5277,6808551,
541983,"Innovative Ideals and Services",MT,STK,16,17.39,16,17.39,17.39,16.57,10,152000,2433390,
541988,"AAVAS Financiers Limited",A,STK,1113,1118,1083.05,1105.45,1105.45,1123.75,1927,21476,23589650,
542011,"Garden Reach Shipbuilders & En",A,STK,2329.1,2371.8,2290.85,2297.4,2297.4,2392.6,5280,64866,150981046,
542012,"A-1 LIMITED",B,STK,17.67,17.68,17.67,17.68,17.68,16.84,2188,4956657,87610080,
542013,"Dolfin Rubbers Limited",B,STK,176,179,171.55,172.55,171.65,177,60,1037,182187,
542019,"Shubham Polyspin Limited",X,STK,54.99,54.99,51,53.33,54.4,53.26,106,15590,822163,
542020,"AKI India Limited",B,STK,4.68,4.77,4.44,4.49,4.44,4.68,61,14770,67348,
542025,"Sun Retail Limited",M,STK,0.32,0.35,0.29,0.33,0.33,0.35,8,384000,120960,
542034,"S. M. Gold Limited",B,STK,12.47,12.47,11.76,12.25,12.25,12.37,65,7550,91130,
542046,"VIVID MERCANTILE LIMITED",T,STK,8.05,8.05,7.32,7.69,7.9,7.7,94,70784,556973,
542057,"BCPL Railway Infrastructure Li",B,STK,62.28,62.28,59.21,60.27,60.27,61.07,187,5609,342298,
542066,"ADANI TOTAL GAS LIMITED",A,STK,530.1,580.45,519.05,555.65,555.65,515.95,83512,5520391,3099071219,
542123,"The Phosphate Company Limited",X,STK,138,138,135,135,135,138,15,374,50511,
542131,"Mirae Asset Mutual Fund",B,STK,258.93,263.28,248.14,249.19,249.19,256.86,996,40804,10215887,
542141,"Techno Electric & Engineering",A,STK,1100,1130,1092.1,1095.3,1094,1122.95,775,9356,10420469,
542176,"Aryan Share & Stock Brokers Lt",X,STK,17.67,19.15,17.67,19.15,19.15,18.57,2,101,1932,
542206,"NIVAKA FASHIONS LIMITED",X,STK,1.67,1.7,1.56,1.65,1.67,1.64,25,5784,9474,
542216,"DALMIA BHARAT LIMITED",A,STK,1938,1938,1823.45,1831.15,1835.9,1920.75,607,4076,7550901,
542230,"Aditya Birla Sun Life Mutual F",B,STK,67.24,69.8,66.23,67.5,69.79,68.97,66,1769,119296,
542231,"Nila Spaces Ltd",B,STK,12.89,13.14,12.6,12.61,12.61,12.89,114,44114,562024,
542232,"Shankar Lal Rampal Dye-Chem Li",B,STK,48.5,48.5,43.44,44.48,45.4,47.8,173,29313,1344788,
542233,"Trejhara Solutions Limited",B,STK,169.5,169.5,162.05,162.15,162.05,170.55,119,2338,385963,
542248,"Deccan Health Care Limited",B,STK,11.67,11.69,11,11.05,11.05,11.44,116,60171,676426,
542285,"Axita Cotton Limited",T,STK,8.85,8.85,8.42,8.8,8.8,8.85,134,362556,3187266,
542323,"KPI Green Energy Limited",A,STK,379,393.25,373,374.3,374.3,385.35,2622,89689,34325201,
542332,"Hi-Klass Trading and Investmen",XT,STK,51,51,51,51,51,48.58,3,15000,765000,
542333,"RPSG VENTURES LIMITED",B,STK,603.55,617.9,600,605.75,601.15,622.15,44,534,323133,
542337,"Spencer's Retail Limited",B,STK,29.36,30.32,28.93,29.09,28.93,29.84,99,10519,309681,
542351,"Gloster Ltd",B,STK,529,539.75,520,539.75,539.75,529,5,9,4737,
542367,"Xelpmoc Design and Tech Limite",B,STK,96,100.55,94.05,95.1,100.55,96.9,55,546,52366,
542376,"SPA Capital Services Limited",XT,STK,219.9,219.9,219.9,219.9,219.9,219.9,1,15,3298,
542383,"Ritco Logistics Limited",B,STK,198.1,200.6,194.5,195.1,194.5,199.35,110,3289,647782,
542399,"Chalet Hotels Limited",A,STK,733,752,728.95,733.5,752,750.7,450,4569,3367181,
542437,"Anmol India Limited",B,STK,10.62,10.72,10.33,10.63,10.72,10.84,20,7313,77449,
542446,"Jonjua Overseas Limited",M,STK,3,3.2,3,3.11,3.11,2.97,15,86778,266601,
542459,"Kranti Industries Limited",B,STK,54,62.99,53.1,54.99,54.99,52.78,114,7545,423662,
542460,"The Anup Engineering Ltd",A,STK,1620,1685,1616,1627,1630,1653.85,1629,13510,22502859,
542484,"Arvind Fashions Limited",A,STK,398,408.95,398,403.9,403.55,409.45,286,4214,1700585,
542513,"UTI BSE  Sensex Next 50 ETF",A,STK,84.45,85.69,83.33,84.05,85.69,86.39,36,926,78042,
542543,"Energy Infrastructure Trust",IF,STK,79.49,83.2,79,79.99,79.99,79,34,3525000,290843750,
542579,"Ashapuri Gold Ornament Limited",B,STK,4,4.03,3.93,3.97,3.97,3.92,793,412254,1641417,
542580,"Aartech Solonics Limited",B,STK,47.46,47.46,43.95,44.99,44.3,47.08,132,4495,207066,
542597,"MSTC Limited",B,STK,425.75,425.75,406.6,410.55,415,425.75,420,8313,3467788,
542602,"Embassy Office Parks REIT",IF,STK,416.5,423.3,414.49,418.73,417.19,420.12,715,9163,3834189,
542627,"Chandni Machines Limited",XT,STK,78.4,82,75.06,81.48,82,79.01,45,17570,1393381,
542628,"Northern Spirits Limited",B,STK,114,121,113,115.95,115.95,116.85,195,19920,2317351,
542649,"Rail Vikas Nigam Limited",A,STK,267.65,270.45,261.25,262.4,263,275.05,3713,255043,67731971,
542650,"Metropolis Healthcare Limited",A,STK,1850,1854.95,1820,1825.15,1825,1866.55,280,2131,3907065,
542651,"KPIT Technologies Ltd",A,STK,680,680,655,659.15,659.15,690.1,8270,163836,108600466,
542652,"Polycab India Limited",A,STK,7311.65,7311.65,7105,7169.1,7200,7373.75,5606,19931,143060468,
542654,"V R FILMS & STUDIOS LIMITED",B,STK,12.25,12.25,11,11.8,11.8,12,21,25405,302421,
542655,"VIKAS LIFECARE LIMITED",B,STK,1.34,1.34,1.29,1.3,1.31,1.33,198,907250,1180053,
542665,"Neogen Chemicals Limited",B,STK,1309,1393.15,1304.75,1355.2,1349.9,1332.05,363,2776,3770557,
542666,"G. K. P. Printing & Packaging",B,STK,5.87,5.87,5.67,5.68,5.7,5.87,46,11661,66576,
542668,"EVANS ELECTRIC LIMITED",M,STK,62.93,68.75,62.93,68.75,68.75,62.5,29,48000,3197800,
542669,"BMW INDUSTRIES LIMITED",B,STK,32.71,33.7,31.6,32.37,32.25,33.38,656,165083,5396030,
542670,"Artemis Electricals and Projec",B,STK,18,18.32,17.4,17.63,17.7,18.5,98,3637,64002,
542679,"Dhanashree Electronics Limited",XT,STK,176.95,176.95,168.5,176,176,176.95,5,5141,866566,
542682,"Harish Textile Engineers Limit",X,STK,65.17,65.17,61.55,61.55,61.55,62.97,12,328,20965,
542684,"Prakash Pipes Limited",B,STK,195,195,186.9,189.95,188.1,194.9,332,12822,2443535,
542685,"Digicontent Limited",B,STK,23.91,25.74,22.56,23.25,24.15,24,16,324,7821,
542721,"Anand Rayons Limited",B,STK,58.1,64.2,58.1,64.1,64.1,61.15,3075,962034,59765220,
542724,"Murae Organisor Limited",T,STK,0.19,0.2,0.19,0.2,0.2,0.19,1044,8619948,1664693,
542725,"SBC EXPORTS LIMITED",B,STK,31.95,31.97,29.7,31.63,31.63,31.76,621,1812778,57456301,
542726,"IndiaMART InterMESH Limited",A,STK,2079.5,2089.7,2008.1,2019.15,2033.2,2095.65,707,4428,9037647,
542727,"CITY PULSE MULTIVENTURES LIMIT",M,STK,2893,2893,2780,2878.3,2850,2909.15,21,3300,9481415,
542728,"SK International Export Limite",MT,STK,34.25,34.25,32.38,32.38,32.38,34.08,2,12000,399780,
542729,"DCM NOUVELLE LIMITED",B,STK,111,111,109,109.05,109.05,110.1,26,332,36502,
542730,"ICICI Prudential Mutual Fund",B,STK,55.3,55.44,54.5,54.76,55.08,56.58,548,97965,5390199,
542747,"NIPPON INDIA ETF SENSEX NEXT 5",A,STK,83.8,83.8,81.51,82.34,82.88,84.55,497,23166,1913320,
542752,"AFFLE 3I LIMITED",A,STK,1320,1330.05,1297.15,1300.15,1301,1347.4,2510,51501,67201818,
542758,"ICICI Prudential Mutual Fund",B,STK,25.85,26.38,25.56,25.88,26.38,26.49,152,36809,950110,
542759,"Spandana Sphoorty Financial Li",B,STK,212.8,212.8,204.75,207.25,208.75,212.75,278,8151,1691757,
542760,"STERLING AND WILSON RENEWABLE",A,STK,169.8,175.15,169.05,169.15,169.15,175.3,1562,123527,21242546,
542765,"Transpact Enterprises Limited",TS,STK,219,222.65,201.5,201.5,201.5,212.05,7,4500,964725,
542770,"Alphalogic Techsys Limited",B,STK,40.31,41,39.6,40.01,40.05,40.3,77,4213,169269,
542772,"360 ONE WAM LIMITED",A,STK,1062,1064.3,1036.1,1039.7,1047.7,1068.5,594,7160,7509788,
542773,"IIFL CAPITAL SERVICES LIMITED",A,STK,280.2,283.25,268.85,270.35,272.6,284.95,962,30737,8397716,
542774,"MUFIN GREEN FINANCE LIMITED",B,STK,105.65,105.7,102.35,102.7,102.7,105.7,184,57746,5938942,
542802,"Galactico Corporate Services L",B,STK,1.7,1.72,1.63,1.69,1.72,1.72,151,68239,113947,
542803,"Vaxfab Enterprises Limited",X,STK,43.95,43.95,41.5,41.51,41.5,43.97,31,4473,186864,
542812,"Gujarat Fluorochemicals Limite",A,STK,3099.5,3295,3087.9,3164.65,3156.55,3153.95,2230,13354,43130798,
542830,"Indian Railway Catering and To",A,STK,534.5,534.5,524.7,525.9,528.9,540.2,2793,72909,38641634,
542850,"GOBLIN INDIA LIMITED",M,STK,6.37,6.75,6.36,6.58,6.58,6.59,12,36000,237680,
542852,"Vishwaraj Sugar Industries Lim",B,STK,5.45,5.45,4.95,4.96,4.95,5.23,381,163605,819696,
542857,"Greenpanel Industries Limited",B,STK,194.05,198.85,192,194.9,196.6,197.05,191,4237,820842,
542862,"Shahlon Silk Industries Limite",X,STK,20.22,21,20.22,20.95,20.95,21.28,15,5348,108763,
542863,"Aditya Birla Sun Life Mutual F",B,STK,56.15,56.15,54.45,54.75,54.94,56.42,31,3897,214393,
542865,"Anuroop Packaging Limited",B,STK,11.3,11.8,11,11.47,11.6,11.49,51,1614,18617,
542867,"CSB Bank Limited",A,STK,380.5,397.5,372.5,374.9,376.6,390.55,1767,43768,16932405,
542904,"Ujjivan Small Finance Bank Lim",A,STK,54.49,54.79,52.25,52.48,52.65,55.59,2924,458272,24577632,
542905,"Hindware Home Innovation Limit",B,STK,199.4,204.35,197.5,198.5,197.5,202.45,202,2874,580224,
542907,"Prince Pipes and Fittings Limi",B,STK,248.85,248.85,238,239.2,239.9,249.15,358,7956,1928838,
542909,"Edelweiss Mutual Fund",F,STK,1562.58,1566.65,1544.81,1560.39,1560.24,1565.68,45,1337,2080424,
542911,"Assam Entrade Limited",X,STK,922.85,922.85,921,921,921,878.95,3,3,2765,
542918,"Gian Life Care Limited",Z,STK,6.62,6.97,6.38,6.49,6.8,6.64,28,4603,30870,
542919,"Artemis Medicare Services Limi",B,STK,225,230.25,223.6,228.95,230.05,230.9,201,6198,1403025,
542920,"SUMITOMO CHEMICAL INDIA LIMITE",A,STK,448,448,377.5,384.35,384,388.15,408,10861,4188965,
542921,"ICICI Prudential Mutual Fund",B,STK,21.37,21.45,20.77,21.05,21.45,21.43,383,45214,949338,
542922,"Mirae Asset Mutual Fund",B,STK,660.12,664.5,651,653.78,656.43,675.07,563,8072,5316768,
542923,"TRANWAY21 TECHNOLOGIES LIMITED",MS,STK,4.1,4.1,4.08,4.09,4.08,4.29,2,20000,81800,
542933,"UNIVERSUS PHOTO IMAGINGS LIMIT",T,STK,476.35,476.35,476.35,476.35,476.35,486.05,1,5,2381,
542934,"Chandra Bhagat Pharma Limited",M,STK,34.6,36,32.8,32.99,36,34.5,4,18000,595450,
543064,"Cohance Lifesciences Limited",A,STK,304,304,295.55,299.3,301.2,306.35,968,27420,8195430,
543066,"SBI CARDS AND PAYMENT SERVICES",A,STK,692.35,698.4,686.6,695.05,695.05,717.7,5254,80029,55475205,
543071,"Nippon India Mutual Fund",F,STK,13.1,13.1,11.91,12.03,13.1,11.91,23,44,558,
543099,"UTI Mutual Fund",F,STK,46,55.69,46,49.99,49.99,50.63,3,20,933,
543144,"Nippon India Mutual Fund",B,STK,4.64,5.59,4.64,4.9,5.59,5.15,13,913,4473,
543150,"Nippon India Mutual Fund",B,STK,2.78,2.78,2.45,2.48,2.54,2.65,32,2533,6447,
543153,"Nippon India Mutual Fund",B,STK,39.33,39.33,38.99,38.99,38.99,35.8,2,2,78,
543161,"Nippon India Mutual Fund",F,STK,127.94,127.94,115.15,127,127,127.94,4,4,498,
543165,"Nippon India Mutual Fund",F,STK,157.99,157.99,132.24,149.48,149.48,146.93,7,16,2245,
543167,"Nippon India Mutual Fund",F,STK,2.32,2.45,2.16,2.34,2.35,2.33,30,7898,18369,
543171,"RO Jewels Limited",B,STK,1.39,1.44,1.35,1.37,1.38,1.39,104,36309,50217,
543172,"Cospower Engineering Limited",M,STK,930,950.95,883.7,890.05,890,930,7,2000,1822112,
543173,"Nippon India Mutual Fund",B,STK,12.7,12.7,11.04,11.45,11.45,11.55,42,1782,22501,
543174,"Nippon India Mutual Fund",B,STK,2.59,2.59,2.16,2.18,2.17,2.39,48,20289,44958,
543175,"Nippon India Mutual Fund",B,STK,3.6,3.94,3.6,3.72,3.62,3.59,33,6983,26905,
543176,"Nippon India Mutual Fund",B,STK,51.08,55,50.83,55,55,50.83,3,36,1834,
543177,"Nippon India Mutual Fund",B,STK,6.99,6.99,6.26,6.56,6.56,6.51,24,1676,11327,
543178,"Nippon India Mutual Fund",B,STK,35.25,35.25,28.86,34.07,35.25,32.05,13,33,1143,
543181,"Nippon India Mutual Fund",B,STK,31.5,31.5,29.95,29.96,29.95,28.86,8,39,1221,
543182,"Nippon India Mutual Fund",B,STK,39.88,39.88,38.09,38.09,38.09,42.32,9,205,7810,
543184,"Nippon India Mutual Fund",B,STK,36.99,36.99,36.19,36.19,36.19,33.77,10,12,435,
543186,"Nippon India Mutual Fund",B,STK,5.86,5.86,5.01,5.6,5.61,5.48,18,193,1068,
543187,"HITACHI ENERGY INDIA LIMITED",A,STK,24774.7,24886.6,24350,24648.4,24690.55,24972.8,852,2574,63524983,
543193,"DJ Mediaprint & Logistics Limi",T,STK,81.5,83,78.01,81.69,81.69,82.11,30,5019,398976,
543207,"Natural Biocon (India) Limited",X,STK,4.5,4.5,4.25,4.37,4.43,4.37,146,61948,272324,
543208,"REGIS INDUSTRIES LIMITED",X,STK,2.36,2.38,2.21,2.23,2.22,2.38,179,561628,1323856,
543209,"Billwin Industries Limited",M,STK,27.85,27.85,27.85,27.85,27.85,25.9,1,3000,83550,
543210,"Aarti Surfactants Limited",B,STK,352.95,355,342,350.9,352.2,353.2,181,1422,494328,
543211,"BONLON INDUSTRIES LIMITED",T,STK,40.98,40.99,39.7,40.44,40.44,39.7,12,357,14374,
543212,"Borosil Limited",B,STK,233.05,233.05,224.6,226.25,227.25,233.35,281,5855,1333938,
543213,"ROSSARI BIOTECH LIMITED",B,STK,428,428.2,414.25,415.25,415.25,430.05,411,3969,1666264,
543214,"NDR Auto Components Limited",B,STK,690,707.35,671,681.35,676.9,703.05,88,756,524262,
543216,"Edelweiss Mutual Fund",F,STK,1390.38,1391.3,1390.38,1390.83,1391.3,1396,6,83,115439,
543217,"Mindspace Business Parks REIT",IF,STK,453.99,454.9,443.59,452.6,452.25,455.09,1060,9314,4188319,
543218,"SURATWWALA BUSINESS GROUP LIMI",B,STK,26.87,27.1,25.41,25.78,25.75,25.96,98,7836,206391,
543219,"ICICI Prudential Mutual Fund",B,STK,26.2,26.23,25.6,25.64,25.64,26.22,56,14142,364583,
543220,"Max Healthcare Institute Limit",A,STK,973,974.7,946.2,953.1,956.45,979.5,3698,2564668,2454308533,
543221,"ICICI Prudential Mutual Fund",B,STK,32.19,32.22,31.47,31.62,31.67,32.65,333,41019,1306361,
543223,"Max India Limited",B,STK,142.65,147.8,140,141.3,142.4,145.95,243,5331,771607,
543224,"HDFC Mutual Fund",B,STK,55.2,55.64,54.7,54.8,55.03,56.75,1015,9021,497571,
543226,"UTI Mutual Fund",B,STK,55.71,55.84,54.85,55.07,55.4,57.11,191,8959,495884,
543227,"Happiest Minds Technologies Li",A,STK,375.05,385.15,370.2,371.6,371.6,383.8,2006,49319,18513229,
543228,"Route Mobile Limited",B,STK,465,486.25,465,476.55,476.55,479.95,683,26680,12703252,
543229,"Samrat Forgings Limited",X,STK,199.95,199.95,199.9,199.9,199.9,182.15,4,12,2398,
543230,"ADVAIT ENERGY TRANSITIONS LIMI",B,STK,1604.9,1656.75,1570,1573.35,1587,1624.4,778,5261,8435096,
543232,"Computer Age Management Servic",A,STK,646.35,651.35,635,639.55,643.2,658.1,2277,365060,235489609,
543233,"Chemcon Speciality Chemicals L",B,STK,150.55,151.5,146,147.25,147.7,151.25,340,18841,2803759,
543234,"Secmark Consultancy Limited",B,STK,107,112.15,107,107.25,107.25,107,5,73,7829,
543235,"ANGEL ONE LIMITED",A,STK,229.5,234.95,228,232.6,232.6,236.1,4029,310363,72052612,
543236,"Atam Valves Limited",B,STK,57.95,59.03,57.6,58,58,58.26,33,1417,82090,
543237,"Mazagon Dock Shipbuilders Limi",A,STK,2431.45,2447,2351.75,2361.9,2361.9,2456.4,7135,122695,294544009,
543238,"UTI Asset Management Company L",A,STK,966,966,940.35,944.25,947.8,971.15,592,4706,4473001,
543239,"G M Polyplast Limited",M,STK,61,65.05,61,65.05,65.05,65,10,23100,1495865,
543240,"Likhitha Infrastructure Limite",B,STK,142.6,145.6,138.7,139.5,142.2,145.25,140,2194,311602,
543241,"Veer Global Infraconstruction",T,STK,79.99,79.99,78.99,78.99,78.99,78.77,15,998,79417,
543242,"Hemisphere Properties India Li",B,STK,138,141.95,134.55,135.55,135.55,138,832,61935,8512892,
543243,"Equitas Small Finance Bank Lim",A,STK,58.22,58.23,56.05,56.11,56.11,58.22,1475,117773,6668391,
543244,"Shine Fashions (India) Limited",M,STK,26,26,25.99,26,26,24,4,16000,415960,
543245,"Gland Pharma Limited",A,STK,1633.6,1635.05,1591.05,1597.25,1595,1663.45,259,1570,2534951,
543246,"Mirae Asset Mutual Fund",B,STK,39.65,39.65,39.6,39.6,39.6,40.2,2,2,79,
543248,"Restaurant Brands Asia Limited",A,STK,61.68,61.9,61,61.14,61.23,61.64,341,89289,5474048,
543249,"TARC LIMITED",B,STK,125.2,125.5,122.5,123.15,124.15,125.15,301,10003,1238221,
543250,"Motilal Oswal Mutual Fund",F,STK,64.2,64.84,64.2,64.78,64.84,63.68,2,55,3563,
543251,"Ravinder Heights Limited",B,STK,36.86,37.47,34.77,35.01,35.6,36.11,30,554,19880,
543252,"Fairchem Organics Limited",B,STK,521.7,531,511,517.55,518,528.45,112,391,203898,
543253,"Mrs. Bectors Food Specialities",A,STK,188.25,188.55,181.8,182.35,182.35,190.1,1827,64124,11835931,
543254,"Antony Waste Handling Cell Lim",B,STK,444.95,447.6,434.6,435.95,434.6,446.55,313,5371,2363329,
543255,"Nippon India Mutual Fund",B,STK,916.87,926.23,899.94,925.75,926.23,926.21,374,4491,4069470,
543256,"RITA FINANCE AND LEASING LIMIT",X,STK,14.61,14.61,13.5,14.2,14.2,13.64,14,9315,135030,
543257,"Indian Railway Finance Corpora",A,STK,96.1,96.95,94.7,95.05,95.05,98.25,10324,1046455,100230008,
543258,"Indigo Paints Limited",B,STK,755.55,760.85,743,745.6,747.75,767.4,655,5801,4354760,
543259,"Home First Finance Company Ind",A,STK,965.1,983.9,957.05,959.15,964.9,984.15,1385,23762,23055756,
543260,"STOVE KRAFT LIMITED",B,STK,498.95,533.4,481.75,515.65,509.95,493.9,3408,73510,38068329,
543261,"Brookfield India Real Estate T",IF,STK,329.99,332.44,328,328.63,329,330.99,255,3319,1095501,
543263,"SMC Global Securities Limited",B,STK,65.67,66.32,64.2,64.5,65.18,67.02,88,4325,283028,
543264,"Nureca Limited",B,STK,247,247,240,240.8,240,249.1,133,662,161846,
543265,"RailTel Corporation of India L",A,STK,275.05,277.25,269.45,270.45,270.45,282.1,1325,51220,14026264,
543266,"Heranba Industries Limited",B,STK,173.25,175.3,170.2,170.95,171.4,177.4,131,6441,1114051,
543267,"Davangere Sugar Company Limite",B,STK,4.09,4.09,3.68,3.85,3.85,4,368,188563,732469,
543268,"DRC Systems India Limited",B,STK,12.95,13.64,12.84,13.13,13.64,12.95,50,14448,188843,
543270,"MTAR Technologies Limited",A,STK,3499.55,3568.95,3483,3495.7,3495.7,3577.7,873,6212,21864584,
543271,"Jubilant Ingrevia Limited",A,STK,570,585.1,562.25,571.2,570.9,576.15,953,18598,10662148,
543272,"Easy Trip Planners Limited",A,STK,6.94,6.96,6.87,6.89,6.89,7.07,1925,690250,4767556,
543273,"Knowledge Marine & Engineering",B,STK,1520,1543.65,1504.2,1514.1,1504.2,1559,345,2168,3304494,
543275,"Anupam Rasayan India Limited",A,STK,1237,1252.95,1227.3,1244.15,1245.35,1237.3,291,3945,4904247,
543276,"Craftsman Automation Limited",A,STK,6790.4,6951.45,6779.75,6849.55,6926.65,6893.7,498,1363,9349834,
543277,"Laxmi Organic Industries Limit",A,STK,123.5,125,118.5,118.8,119.15,124.7,712,25790,3124689,
543278,"Kalyan Jewellers India Limited",A,STK,383.85,383.85,371,374.1,376.6,389.55,2323,96887,36514265,
543279,"Suryoday Small Finance Bank Li",B,STK,126.3,131,125.2,127.1,126.9,127.25,182,5462,702507,
543280,"Nazara Technologies Limited",A,STK,259.2,260,240.9,242,242,255.15,4045,178765,44752397,
543281,"Suvidhaa Infoserve Limited",B,STK,2.86,2.97,2.8,2.89,2.94,2.99,59,26822,77439,
543283,"UNITED FOODBRANDS LIMITED",B,STK,218.9,233.95,212.95,229.6,229.6,221.55,164,6718,1497219,
543284,"EKI Energy Services Limited",B,STK,79,79,75.15,78.13,78.34,78.56,592,33627,2608395,
543285,"Rajeshwari Cans Limited",MT,STK,21.99,21.99,21.95,21.96,21.96,20.97,3,1200,26360,
543286,"Jetmall Spices and Masala Limi",MT,STK,27.1,27.1,27.1,27.1,27.1,28.5,1,6000,162600,
543287,"Lodha Developers Limited",A,STK,849.95,849.95,812.05,819.35,819.35,853.75,2087,32852,27063452,
543288,"Deep Industries Limited",B,STK,368.4,369.95,358.25,366.7,366.7,367.9,369,12365,4489853,
543290,"POWERGRID Infrastructure Inves",IF,STK,90,91.29,89.91,89.99,89.99,90.35,1441,207289,18677702,
543291,"Mirae Asset Mutual Fund",B,STK,160.92,160.92,159.17,160.64,160.64,160.21,1002,37140,5968136,
543292,"ICICI Prudential Mutual Fund",B,STK,146.5,153.01,144.46,148.32,152.87,148.29,188,5002,731807,
543298,"Vineet Laboratories Limited",B,STK,29.93,30.3,29.46,29.7,29.66,30.1,49,2236,66699,
543299,"Shyam Metalics and Energy Limi",A,STK,770,799,769.95,784.6,799,787,452,5592,4374352,
543300,"Sona BLW Precision Forgings Li",A,STK,509.95,509.95,493.7,497.9,500,511.7,1551,26427,13217347,
543306,"Dodla Dairy Limited",A,STK,1123.9,1123.9,1006.9,1022.4,1031.8,1135.3,658,5263,5406410,
543308,"Krishna Institute of Medical S",A,STK,650.1,665,650.1,658.65,658.65,672.9,722,14805,9729748,
543311,"India Pesticides Limited",B,STK,135,138.45,134.2,135.5,136.25,137.65,229,5101,694302,
543317,"G R Infraprojects Limited",A,STK,945.05,974.35,876.25,889.45,889.45,927.15,3591,46740,43697452,
543318,"Clean Science and Technology L",A,STK,715.45,715.45,692.35,696,701.35,715.4,529,6988,4928250,
543320,"Eternal Limited",A,STK,236.3,238.5,227.6,228.9,228.9,242.6,40829,2444685,568721005,
543321,"Tatva Chintan Pharma Chem Limi",B,STK,1161.35,1176.6,1152.8,1154.4,1156,1182.85,150,1195,1386573,
543322,"ALIVUS LIFE SCIENCES LIMITED",A,STK,923.15,934.15,919.3,926.95,926.35,940.2,305,2876,2663525,
543323,"Mirae Asset Mutual Fund",B,STK,26.43,26.43,25.7,25.79,25.88,26.77,225,69469,1803887,
543324,"Gretex Corporate Services Limi",T,STK,364.9,364.9,364.9,364.9,364.9,362.55,1,1,364,
543325,"Rolex Rings Limited",B,STK,120.95,120.95,117.2,117.5,118,121.15,2673,18816,2238438,
543326,"ICICI Prudential Mutual Fund",B,STK,51.17,51.2,49.41,50.25,50.5,51.48,1266,156946,7881628,
543327,"Exxaro Tiles Limited",B,STK,6.82,7.1,6.82,6.91,6.93,6.96,57,5441,37514,
543328,"Krsnaa Diagnostics Limited",B,STK,594.8,601.2,592.75,593.45,596.8,604.35,213,2384,1422876,
543329,"Windlas Biotech Limited",B,STK,722.8,727.5,711.35,717.65,719.4,732.25,91,899,648062,
543330,"Devyani International Limited",A,STK,107.25,107.4,103.75,105.5,105.5,109.1,2536,166081,17522053,
543331,"Meghmani Organics Limited",B,STK,44.59,44.59,42.1,42.49,42.45,45.13,794,111517,4808290,
543332,"Epigral Limited",A,STK,840.1,859.25,840.1,849,851.5,856.45,269,3299,2810104,
543333,"CarTrade Tech Limited",A,STK,1652.95,1684.9,1637,1640.95,1640,1698.1,1883,14676,24360515,
543334,"Nuvoco Vistas Corporation Limi",A,STK,304.35,304.35,284,285.35,285,304.3,776,13462,3898917,
543335,"Aptus Value Housing Finance In",A,STK,217.25,217.25,209.15,209.85,209.65,219.15,1295,47247,10068828,
543336,"Chemplast Sanmar Limited",B,STK,275.75,279.55,265.25,276.2,276.2,275.7,372,9992,2729985,
543341,"SHARPLINE BROADCAST LIMITED",X,STK,10.81,11.29,10.81,11.25,11.25,11.35,14,2909,31662,
543346,"Aashka Hospitals Limited",M,STK,63.1,72,63.1,72,72,70.58,3,3000,207100,
543347,"Axis Mutual Fund",B,STK,316.44,319.38,314.96,315.4,315.4,324.82,20,1697,535887,
543348,"Axis Mutual Fund",B,STK,145.55,151,143.55,146,144.1,146.95,13,79,11398,
543349,"ACUTAAS CHEMICALS LIMITED",A,STK,2156.5,2294.05,2156.5,2240.55,2253.8,2259.75,3535,33093,74679325,
543350,"Vijaya Diagnostic Centre Limit",A,STK,929.05,929.25,911,924.3,919.65,939.3,384,4050,3718014,
543351,"Naapbooks Limited",MS,STK,89.99,90,88.5,88.5,88.5,85.23,5,10800,966588,
543357,"Axis Mutual Fund",B,STK,111.89,112.19,107.03,107.37,107.48,110.5,12,3019,335631,
543358,"Sansera Engineering Limited",A,STK,2175,2185.95,2119.6,2131.15,2150.15,2197.15,504,4332,9349384,
543363,"Prevest Denpro Limited",M,STK,395.7,404.5,374.1,376.1,379,401.1,74,79000,29921450,
543364,"Markolines Pavement Technologi",B,STK,151.65,153.85,150.7,151.05,151.05,156.6,258,14077,2135564,
543365,"Mirae Asset Mutual Fund",B,STK,67.76,68.52,66.71,68.24,68.24,68.89,504,25879,1755066,
543366,"SBL Infratech Limited",M,STK,33,33,33,33,33,37.3,1,1200,39600,
543367,"Paras Defence and Space Techno",A,STK,637.5,649.25,627,630.25,632.45,654.05,2495,47445,30375837,
543373,"Shri Venkatesh Refineries Limi",M,STK,242,285,207,261.4,260,257.9,28,17500,4289625,
543374,"Aditya Birla Sun Life AMC Limi",A,STK,967.75,967.75,931.6,933.7,934,969.3,630,12611,11987608,
543376,"Samor Reality Limited",B,STK,73.3,73.3,73.25,73.25,73.25,69.86,2,2,146,
543378,"CWD Limited",MS,STK,294.9,295,271,275.3,275,282.5,19,17500,4924775,
543383,"ICICI Prudential Mutual Fund",B,STK,110.33,112.85,108.98,109.91,112.85,112.74,67,866,95463,
543384,"FSN E-Commerce Ventures Limite",A,STK,239.1,240.55,235.75,239.5,239.95,243.5,1045,44276,10553784,
543386,"Fino Payments Bank Limited",B,STK,153.1,153.1,145.55,149.2,149.2,153,662,33973,5047350,
543387,"S.J.S. Enterprises Limited",A,STK,1615.05,1624,1585.1,1597.65,1597.65,1656.5,738,2150,3443769,
543388,"DSP Mutual Fund",B,STK,318,347.37,314.41,339.18,347.37,321.49,13,318,103649,
543389,"Sigachi Industries Limited",B,STK,19.43,19.59,19,19.11,19.11,19.91,809,195760,3793872,
543390,"PB Fintech Limited",A,STK,1510.2,1515.6,1458.45,1489.65,1489.65,1540.85,4282,46457,68923135,
543391,"Suyog Gurbaxani Funicular Rope",M,STK,98.1,105,98.1,101,101,107,13,38250,3805200,
543396,"One 97 Communications Limited",A,STK,1054.4,1066,1033.8,1041,1041,1076.65,4992,113982,119432267,
543397,"Sapphire Foods India Limited",A,STK,169,169,161.7,162.8,162.75,171.4,428,15735,2601434,
543398,"Latent View Analytics Limited",A,STK,284.25,284.25,267,268.9,271,285.8,1361,63750,17478079,
543399,"Tarsons Products Limited",B,STK,187,188.3,180,182.15,182.15,186.85,150,5814,1075823,
543400,"Omnipotent Industries Limited",M,STK,3.89,3.89,3.88,3.89,3.89,3.89,4,32000,124260,
543401,"Go Fashion (India) Limited",B,STK,260.85,274.9,255.65,257.95,260.25,265.65,558,14694,3881580,
543411,"HI-TECH PIPES LIMITED",B,STK,76.75,77.66,75.06,75.71,75.88,77.8,485,46971,3572605,
543412,"Star Health and Allied Insuran",A,STK,455.05,465.95,449.6,452.85,449.95,461.85,1045,999858,459885219,
543413,"Tega Industries Limited",A,STK,1675,1693.6,1614,1640.6,1640.6,1696.2,538,3399,5643761,
543414,"Mirae Asset Mutual Fund",B,STK,22.67,23.07,22.55,22.86,22.94,23.13,674,66181,1510295,
543415,"Anand Rathi Wealth Limited",A,STK,3030,3059,2992,3020.6,3004,3061.05,498,2867,8688895,
543416,"Zodiac Energy Limited",B,STK,250,253.7,243.4,249.1,249.45,255.8,213,2098,521052,
543417,"RateGain Travel Technologies L",A,STK,502.25,503.95,481.1,484.55,489.7,509.95,457,12322,6071982,
543418,"Edelweiss Mutual Fund",F,STK,1315.35,1325.08,1315.35,1316.7,1316.7,1317.15,3,24,31605,
543419,"Shriram Properties Limited",B,STK,69.8,69.8,67.79,68.84,69.35,69.74,318,21165,1447133,
543420,"Jet Freight Logistics Limited",B,STK,17.5,17.9,17.29,17.57,17.6,17.79,51,2237,39127,
543425,"C.E. Info Systems Limited",A,STK,859.95,880,858,861.8,869.95,880.95,918,7964,6901533,
543426,"Metro Brands Limited",A,STK,975.2,977,936.5,940.65,955,981.85,1004,8687,8290438,
543427,"Medplus Health Services Limite",A,STK,837.4,844.5,818.05,820.25,822,845.2,266,2954,2460187,
543428,"Data Patterns (India) Limited",A,STK,3222.25,3350.05,3222.25,3256.75,3252.1,3300.85,3963,39048,129082696,
543433,"HP Adhesives Limited",B,STK,31.1,31.46,30.7,30.82,31,31.43,249,12247,379843,
543434,"Supriya Lifescience Limited",A,STK,579.8,587,577.6,580.6,578.6,588.65,277,4749,2764606,
543437,"Motilal Oswal Mutual Fund",B,STK,94.88,95.83,94.52,95.18,94.52,95.56,183,6693,637334,
543438,"DSP Mutual Fund",B,STK,222.36,222.36,219,219.04,220.21,227.41,15,169,37369,
543440,"DSP Mutual Fund",B,STK,244.09,246.07,241.68,243.8,244.66,249.81,132,3487,849139,
543441,"CMS Info Systems Limited",A,STK,287,290.45,282.35,283.45,284.35,290.95,2046,43990,12586070,
543442,"Brand Concepts Limited",B,STK,231,237.95,229.15,232.2,232.2,230.3,19,329,76532,
543449,"WONDER ELECTRICALS LIMITED",B,STK,137.3,137.35,134.6,134.6,134.6,137.5,33,3879,527014,
543450,"ICICI Prudential Mutual Fund",B,STK,25.77,26.8,25.24,25.45,25.45,26.37,563,112163,2876782,
543451,"AGS TRANSACT TECHNOLOGIES LIMI",Z,STK,3.08,3.08,2.85,2.87,2.87,2.98,121,48023,138409,
543452,"ICICI Prudential Mutual Fund",E,STK,242.94,242.94,227.02,229.05,229.05,247.68,10532,929492,215899714,
543453,"ALKOSIGN LIMITED",M,STK,59.42,59.42,59,59,59,60.61,4,5625,333281,
543454,"Mirae Asset Mutual Fund",B,STK,148.7,149,146.15,146.79,146.92,151.52,104,2509,371276,
543458,"AWL AGRI BUSINESS LIMITED",A,STK,175.2,178.7,174.25,176.4,176.4,177.25,1523,121947,21516833,
543461,"Safa Systems & Technologies Li",M,STK,16.34,18.06,16.34,18.06,18.06,17.2,2,10000,172000,
543462,"DEV INFORMATION TECHNOLOGY LIM",B,STK,29.1,29.1,26.95,27.19,28.79,29.1,86,4067,113291,
543463,"Vedant Fashions Limited",A,STK,363.95,363.95,351.3,360.1,361.85,364.15,1211,49178,17491873,
543464,"Maruti Interior Products Limit",MT,STK,71.95,71.95,71.85,71.85,71.85,70.55,31,67000,4820250,
543465,"Motilal Oswal Mutual Fund",B,STK,58.35,58.62,56.98,57.19,58.26,60.22,243,8205,474456,
543470,"SoftTech Engineers Limited",B,STK,255.2,255.2,255.2,255.2,255.2,255.1,1,2,510,
543471,"Aditya Birla Sun Life Mutual F",E,STK,241.44,241.44,226.91,229.02,229.02,246.91,4167,257029,60033714,
543472,"Aditya Birla Sun Life Mutual F",B,STK,31.51,31.6,30.81,30.95,31.06,32,34,2524,78947,
543473,"Aditya Birla Sun Life Mutual F",B,STK,14.7,15.4,14.41,14.47,15.4,14.89,83,5896,86022,
543474,"Aditya Birla Sun Life Mutual F",B,STK,28.45,28.45,26.9,27.03,27.07,27.76,394,66343,1797126,
543481,"Mirae Asset Mutual Fund",B,STK,20.64,20.85,20.46,20.59,20.59,21.17,1999,609300,12581997,
543482,"Eureka Forbes Limited",A,STK,445.45,472.15,445.3,456.75,457,454.65,645,20030,9218901,
543489,"Gateway Distriparks Limited",B,STK,52.31,52.77,51.4,51.76,51.7,53.14,472,42590,2212100,
543490,"GMR Power and Urban Infra Limi",A,STK,101.25,103.15,100.3,101.15,101.15,104.3,868,134063,13637834,
543498,"Motherson Sumi Wiring India Li",A,STK,38.31,38.63,37.13,37.28,37.28,38.84,5237,823716,31206657,
543499,"Achyut Healthcare Limited",B,STK,5.7,5.87,5.58,5.72,5.75,5.79,215,45035,257218,
543500,"Evoq Remedies Limited",M,STK,2.53,2.68,2.53,2.68,2.68,2.65,6,32000,82360,
543501,"Motilal Oswal Mutual Fund",B,STK,35.51,35.51,34.94,34.94,35,35.67,6,135,4785,
543512,"Avro India Limited",B,STK,133,133.1,120.5,131.3,131.3,126.8,308,26907,3460241,
543513,"Uma Exports Limited",B,STK,20.01,23.59,20.01,21.08,21.08,22.55,136,7095,154577,
543514,"Veranda Learning Solutions Lim",B,STK,134.7,138.3,129.25,130.85,130.25,139.35,453,75728,10246328,
543515,"Sunrise Efficient Marketing Li",M,STK,67.38,67.38,66.29,67.38,67.38,64.18,112,109500,7373643,
543516,"DHYAANI TRADEVENTTURES LIMITED",M,STK,7.19,7.48,7.19,7.19,7.19,7.56,5,14000,102256,
543517,"Hariom Pipe Industries Limited",B,STK,308.4,314.25,303.5,304.9,304.9,322.55,494,10703,3285039,
543518,"Eighty Jewellers Limited",M,STK,31,31,27,29.42,27.85,26,5,21000,619050,
543520,"Global Longlife Hospital and R",MT,STK,15.3,15.3,14.54,14.54,14.54,15.3,9,13000,190920,
543523,"Campus Activewear Limited",A,STK,225.25,230.2,223.9,227.9,227.9,228.9,322,7819,1766625,
543524,"Rainbow Children's Medicare Li",A,STK,1112.9,1114.65,1091.95,1106.05,1100,1123.55,729,4393,4867147,
543525,"Silver Touch Technologies Limi",B,STK,114.9,116.55,107.4,116.55,116.55,111,151,13576,1559749,
543526,"LIFE INSURANCE CORPORATION OF",A,STK,774.85,777.9,762.5,765.75,765.75,785.85,5356,167456,129088182,
543527,"Prudent Corporate Advisory Ser",A,STK,2356.5,2356.5,2234,2267.5,2297,2356.5,264,1167,2653483,
543528,"Venus Pipes & Tubes Limited",B,STK,975,984.2,955.9,960.65,958.75,1004.85,482,4175,4054527,
543529,"Delhivery Limited",A,STK,416.6,418.65,410.85,413.5,415.5,422.75,1443,59333,24549286,
543530,"Paradeep Phosphates Limited",A,STK,113.5,114.55,111.85,113.05,113.05,116.1,2202,209057,23663347,
543531,"Tierra Agrotech Limited",X,STK,39,39.11,39,39.11,39.11,37.25,8,3587,139909,
543532,"ETHOS LIMITED",A,STK,2150,2197.4,2124.95,2155.65,2197.4,2184.45,220,774,1660171,
543533,"eMudhra Limited",B,STK,402.05,413.75,402.05,405.65,407.25,412.45,445,4913,2005920,
543534,"Aether Industries Limited",A,STK,1050.25,1077,1045.05,1069.55,1069,1067.45,848,12857,13713608,
543535,"We Win Limited",B,STK,39.8,40,39,39.28,39.45,40.46,22,2218,87533,
543538,"Goel Food Products Limited",M,STK,11.9,11.95,11.9,11.95,11.95,11.99,2,8000,95500,
543539,"MODI'S NAVNIRMAN LIMITED",B,STK,308,318,308,309.3,308,308,213,1586,493349,
543540,"Pearl Green Clubs and Resorts",M,STK,104.95,115.95,104.95,107.55,105.1,116.2,16,11400,1245030,
543542,"KESAR INDIA LIMITED",M,STK,1115,1139,1051,1065.6,1051,1129.8,19,8000,8899530,
543543,"B-RIGHT REALESTATE LIMITED",MT,STK,895,895,895,895,895,857.9,1,400,358000,
543544,"JAYANT INFRATECH LIMITED",M,STK,53.51,53.51,53,53,53,54.99,3,2250,120007,
543545,"Veerkrupa Jewellers Limited",M,STK,0.63,0.64,0.6,0.62,0.62,0.68,11,183700,114395,
543546,"HEALTHY LIFE AGRITEC LIMITED",M,STK,6.19,6.22,5.66,6,6,5.93,46,192000,1138040,
543547,"DDEV PLASTIKS INDUSTRIES LIMIT",B,STK,236,237.35,231,231.1,231,238.7,198,4819,1126404,
543563,"Motilal Oswal Mutual Fund",B,STK,42.78,43.04,42.03,42.25,42.45,43.04,46,5097,215420,
543568,"ICICI Prudential Mutual Fund",B,STK,29.24,29.33,28.74,29,29.2,29.81,172,29690,864343,
543569,"HDFC Mutual Fund",B,STK,25.24,25.24,24.25,24.44,24.74,25.3,122,9255,227996,
543570,"HDFC Mutual Fund",B,STK,65.89,66.08,64.43,65.62,65.93,67,419,29010,1890595,
543571,"ICICI Prudential Mutual Fund",B,STK,90.78,91.15,89.2,89.91,89.72,92.19,269,4667,421273,
543572,"DSP Mutual Fund",E,STK,232.42,232.42,218.08,219.26,219.26,238.89,1350,32820,7297169,
543573,"Syrma SGS Technology Limited",A,STK,756,774.95,754.35,757.45,759,784.65,3614,102298,78324204,
543574,"Aditya Birla Sun Life Mutual F",B,STK,20.24,20.24,19.5,19.73,19.7,20.14,108,10664,210020,
543575,"Aditya Birla Sun Life Mutual F",B,STK,29.02,29.34,28.43,29.01,29.23,29.77,52,4312,125017,
543576,"Motilal Oswal Mutual Fund",B,STK,113.4,113.4,108.76,110.28,110.9,114.18,412,30468,3374973,
543577,"Motilal Oswal Mutual Fund",B,STK,184,184.49,184,184.49,184.49,183.86,3,73,13432,
543578,"Olatech Solutions Limited",M,STK,137,140,136.8,136.8,136.8,151.95,6,5550,765345,
543590,"Rhetan TMT Limited",B,STK,24.74,25.16,24.45,24.88,24.65,24.64,178,39721,986520,
543591,"DREAMFOLKS SERVICES LIMITED",B,STK,73.9,73.9,70.34,70.59,70.59,73.92,286,15222,1080712,
543592,"HDFC Mutual Fund",E,STK,230.24,230.73,217.22,218.6,218.6,237.13,5787,455979,101365743,
543593,"Dhampur Bio Organics Limited",B,STK,96.65,98.5,95.25,96.15,96.55,98.85,182,4251,412112,
543594,"DIPNA PHARMACHEM LIMITED",M,STK,9.09,9.37,8.8,9.25,9.25,9.09,19,108000,982050,
543595,"EP BIOCOMPOSITES LIMITED",M,STK,98,98,98,98,98,99,1,1000,98000,
543596,"Tamilnad Mercantile Bank Limit",A,STK,625.05,625.05,592.2,600.2,605.5,632.25,556,9334,5701692,
543597,"Virtuoso Optoelectronics Limit",M,STK,319,320,307.4,311.4,310,325.1,182,131250,41307287,
543598,"SHANTIDOOT INFRA SERVICES LIMI",MT,STK,271.55,271.55,271.55,271.55,271.55,285.8,1,400,108620,
543599,"Ksolves India Limited",B,STK,287,287,272,282.85,285.3,285.25,315,2064,576268,
543600,"Harsha Engineers International",B,STK,340.55,348.85,335.75,342.9,343.05,342.1,100,1499,515934,
543605,"HDFC Mutual Fund",B,STK,54.31,54.87,53.5,54.86,54.86,55.17,43,1535,82808,
543606,"CONTAINE TECHNOLOGIES LIMITED",M,STK,13.5,13.83,13.06,13.07,13.07,13.63,7,9000,121450,
543607,"HDFC Mutual Fund",B,STK,111.17,111.2,109.3,110.01,110.8,113.4,84,4754,523859,
543608,"HDFC Mutual Fund",B,STK,126.12,126.75,124.92,126.23,126.23,128.7,15,659,83197,
543614,"Tips Films Limited",B,STK,311.4,322,311.4,320,320,318.85,9,250,78230,
543615,"SILICON RENTAL SOLUTIONS LIMIT",M,STK,83,83,82,82,82,83,2,1600,132000,
543616,"Trident Lifeline Limited",M,STK,246.5,253.1,239,245.7,247,246.5,63,43200,10625250,
543618,"Cargotrans Maritime Limited",M,STK,153.8,153.8,153.8,153.8,153.8,151,1,1500,230700,
543619,"Concord Control Systems Limite",M,STK,2060,2060,1998,2001.7,2000,2101.05,33,8000,16128150,
543620,"INSOLATION ENERGY LIMITED",B,STK,98.05,101.15,95.6,96.35,96.35,100.95,1882,181381,17869049,
543622,"STEELMAN TELECOM LIMITED",M,STK,65,69.8,63.6,69.65,69.8,69.9,7,8400,556560,
543626,"Electronics Mart India Limited",A,STK,93.6,93.6,90.9,91.45,91.95,93.6,183,9347,860762,
543627,"HDFC Mutual Fund",B,STK,19.74,19.74,18.87,18.93,18.9,19.82,92,22329,427248,
543628,"HDFC Mutual Fund",B,STK,28.95,30.06,28.5,29.17,29.98,29.77,265,37672,1092972,
543635,"PIRAMAL PHARMA LIMITED",A,STK,141.2,141.2,135.2,135.75,136.1,143.15,3426,218889,30085187,
543636,"Dc Infotech and Communication",B,STK,271,273.1,269.45,270.7,273.1,274.45,46,1437,388449,
543637,"PACE E-COMMERCE VENTURES LIMIT",M,STK,16.5,16.64,16,16.07,16,16.04,19,26400,429456,
543638,"Tracxn Technologies Limited",B,STK,32.02,32.84,31.6,32.32,32.27,32.41,147,12768,410732,
543643,"Narmada Agrobase Limited",B,STK,33.1,33.1,31.06,31.76,31.76,33.14,216,11220,361023,
543644,"InfoBeans Technologies Limited",B,STK,133,151.6,133,136.35,136.35,141.35,1244,53788,7744815,
543645,"HINDPRAKASH INDUSTRIES LIMITED",B,STK,112,112.45,112,112.45,112.45,114.05,3,6,674,
543650,"DCX Systems Limited",B,STK,169.05,171.05,163.8,164.25,165,173.35,1224,50094,8419999,
543651,"DAPS ADVERTISING LIMITED",M,STK,17.65,17.65,17.65,17.65,17.65,15,1,4000,70600,
543652,"FUSION FINANCE LIMITED",B,STK,162.45,164.65,158.25,159.1,159.65,166.5,368,10977,1764215,
543653,"Bikaji Foods International Lim",A,STK,611.6,616,606.05,612.2,609.4,614.8,268,4887,2985010,
543654,"Global Health Limited",A,STK,1034,1039.5,1011.25,1014.2,1016,1046.75,1203,13933,14226573,
543657,"Archean Chemical Industries Li",A,STK,571.2,579,561.9,574.5,572.45,575.1,286,4084,2338111,
543663,"Five-Star Business Finance Ltd",A,STK,370.3,370.45,353.9,355.45,355.45,377.15,3982,1977522,712104001,
543664,"KAYNES TECHNOLOGY INDIA LIMITE",A,STK,3619.9,3679.6,3551,3569,3582,3713.6,4838,49026,176722564,
543665,"HDFC Mutual Fund",B,STK,30.97,31.02,30.27,30.39,30.36,31.43,79,8725,267601,
543666,"HDFC Mutual Fund",B,STK,26,26.2,25.8,25.82,26,26.58,117,15711,408294,
543667,"INOX GREEN ENERGY SERVICES LIM",A,STK,142,144,139.5,140.3,140.3,144.8,763,48486,6909669,
543669,"Keystone Realtors Limited",B,STK,382.25,387.4,371.4,372.3,372.15,386.2,45,1787,675342,
543670,"VINNY OVERSEAS LIMITED",B,STK,1.12,1.12,1.06,1.06,1.06,1.12,49,38212,41590,
543671,"AAA TECHNOLOGIES LIMITED",B,STK,93.05,95,92.5,92.6,94.6,94.1,31,2141,200123,
543677,"ICICI Prudential Mutual Fund",B,STK,31.24,31.24,29.3,29.59,30.1,30.48,162,11053,328749,
543686,"Sirca Paints India Limited",B,STK,432,434,420.8,424.9,421,434.95,526,38570,16527689,
543687,"Dharmaj Crop Guard Limited",B,STK,237.25,240.05,235.35,236,236.3,242,99,1720,406487,
543688,"Sarveshwar Foods Limited",B,STK,3.12,3.27,3.01,3.06,3.06,3.18,679,547580,1719390,
543689,"Uniparts India Limited",B,STK,450.8,458,450.8,455.35,454.75,459.85,111,1789,811570,
543699,"Edelweiss Mutual Fund",F,STK,1279.08,1286.47,1275.51,1275.51,1275.51,1272.72,6,123,157859,
543709,"PNGS GARGI FASHION JEWELLERY L",M,STK,870,925,870,891.75,881,899.5,48,7250,6454093,
543710,"ICICI Prudential Mutual Fund",B,STK,95.65,96.48,93.74,95.87,96.48,96.36,134,2577,245474,
543711,"Sula Vineyards Limited",A,STK,159.05,159.05,152.45,152.85,153.35,159.35,528,21970,3391000,
543712,"ABANS FINANCIAL SERVICES LIMIT",B,STK,201.3,201.35,201,201,201,201,11,1290,259304,
543713,"Droneacharya Aerial Innovation",M,STK,34.29,35.5,33.69,33.81,33.9,34.3,94,99000,3391370,
543714,"LANDMARK CARS LIMITED",B,STK,364.45,370.2,362,365.2,362.2,372.6,149,4910,1798917,
543720,"KFin Technologies Limited",A,STK,925.05,925.15,907.8,911.9,911.9,943.7,1484,34933,31939409,
543725,"Elin Electronics Limited",B,STK,120,120,116.45,118,117.4,120.9,179,3182,374447,
543732,"Radiant Cash Management Servic",B,STK,35.15,36.01,35,35.4,35.4,35.82,355,61462,2185774,
543737,"Aveer Foods Limited",X,STK,514.45,517,514.45,517,517,517,2,3,1545,
543738,"DSP Mutual Fund",B,STK,55.27,55.27,54.5,54.5,54.5,56.14,21,1150,63326,
543743,"Aeroflex Neu Limited",B,STK,64.3,74,62.99,65.88,65.85,64.51,27,1181,85757,
543745,"SVS VENTURES LIMITED",M,STK,11.88,11.88,9.5,10.01,10.1,10.31,8,48000,491100,
543746,"LOGICA INFOWAY LIMITED",M,STK,165,165,165,165,165,189.85,1,600,99000,
543747,"Kamdhenu Ventures Limited",B,STK,5,5,4.23,4.25,4.27,4.38,354,64590,275689,
543748,"Aarti Pharmalabs Limited",A,STK,645,657.65,643.35,647.55,650.95,655.35,349,5070,3294757,
543753,"DHARNI CAPITAL SERVICES LIMITE",M,STK,62,62.05,62,62.05,62.05,61.4,2,6000,372150,
543754,"TRANSVOY LOGISTICS INDIA LIMIT",M,STK,86,86,86,86,86,94,1,800,68800,
543766,"Ashika Credit Capital Ltd.",B,STK,336.8,362,336.8,354.15,354.15,343.7,382,49354,17025231,
543767,"BODHI TREE MULTIMEDIA LIMITED",B,STK,6.8,6.8,6.43,6.56,6.56,6.72,70,38247,249377,
543768,"NMDC Steel Limited",A,STK,36.55,36.91,35.92,36.07,36.15,37.19,797,122893,4468382,
543769,"INDONG TEA COMPANY LIMITED",M,STK,8,8,8,8,8,7.75,4,28000,224000,
543774,"HDFC Mutual Fund",B,STK,34.98,35.15,33.97,34.28,34.81,35.37,120,7774,267742,
543775,"HDFC Mutual Fund",B,STK,151.55,151.8,148.4,148.82,148.82,152.66,2214,144046,21582157,
543776,"HDFC Mutual Fund",B,STK,20.81,20.92,20.3,20.49,20.35,21,306,53376,1095857,
543781,"Mirae Asset Mutual Fund",E,STK,147.96,147.96,142.97,143.31,143.31,150.24,2028,141158,20434562,
543782,"Sealmatic India Limited",M,STK,345,350,340,340.35,340,338.6,21,6120,2090952,
543787,"Macfos Limited",M,STK,839,854.95,810,822.45,834.9,856,26,5610,4637085,
543798,"Patron Exim Limited",M,STK,2.05,2.12,1.92,2.12,2.12,2.12,6,52000,106360,
543799,"S. V. J. Enterprises Limited",M,STK,477,477,477,477,477,461.4,1,750,357750,
543804,"AMANAYA VENTURES LIMITED",M,STK,20,20,20,20,20,18,1,6000,120000,
543805,"RESGEN LIMITED",M,STK,55,55.98,53.54,55.97,55.98,55.98,16,16500,910762,
543806,"ITCONS E-Solutions Limited",M,STK,260,272.3,260,269.65,272.3,273.4,31,16800,4512450,
543811,"AIRAN LIMITED",B,STK,15.53,15.53,14.83,15.09,15.37,15.77,105,6761,102583,
543812,"DIVGI TORQTRANSFER SYSTEMS LIM",B,STK,629.65,691.95,629.65,678.25,675.7,690.3,141,784,525640,
543813,"Aditya Birla Sun Life Mutual F",F,STK,999.99,999.99,999.99,999.99,999.99,1000.01,8,645,644993,
543814,"PROSPECT CONSUMER PRODUCTS LIM",M,STK,58.2,58.2,49.9,50,50,58.3,12,13000,664700,
543819,"ICICI Prudential Mutual Fund",B,STK,86.38,86.38,84.36,85.15,85.39,87.65,336,6533,559025,
543828,"SUDARSHAN PHARMA INDUSTRIES LI",M,STK,23.34,23.65,23,23.12,23,23.88,7,32000,744600,
543829,"Global Surfaces Limited",B,STK,62.17,62.17,60.12,60.24,61.35,63.28,156,9126,553540,
543831,"Bright Outdoor Media Limited",M,STK,382,382,382,382,382,390.1,1,375,143250,
543848,"Dev Labtech Venture Limited",MT,STK,90,96.99,90,96.99,96.99,92.5,2,2000,186990,
543853,"Axis Mutual Fund",B,STK,80.45,80.45,76.82,76.82,76.82,80.29,26,711,54786,
543858,"Mirae Asset Mutual Fund",B,STK,193,193,191.91,191.91,191.91,196.32,3,16,3071,
543860,"J.A. Finance Limited",XT,STK,71.25,71.25,71.25,71.25,71.25,75,8,1001,71321,
543861,"Udayshivakumar infra limited",T,STK,23.67,23.67,22.4,22.99,22.99,23.1,18,900,20495,
543874,"Maiden Forgings Limited",M,STK,77.9,77.9,75.4,75.49,75.57,77.99,5,5000,382090,
543875,"Mirae Asset Mutual Fund",F,STK,30.01,30.01,29.54,29.97,29.97,29.99,3,12,355,
543895,"Exhicon Events Media Solutions",M,STK,455,455,414,419.35,415.1,450.65,107,38500,16461550,
543896,"Avalon Technologies Limited",A,STK,925,936.85,910.2,931.95,933.1,940.95,434,3818,3537364,
543897,"Sancode Technologies Limited",MT,STK,266.3,266.3,266.3,266.3,266.3,261.1,1,1500,399450,
543898,"BEML Land Assets Limited",B,STK,168.35,170.5,166,167.6,166,170.8,34,1325,224115,
543900,"UTI Mutual Fund",E,STK,232.35,232.8,220.05,221.48,221.48,238.69,1425,110588,24894365,
543901,"ROBUST HOTELS LIMITED",B,STK,187.75,187.75,170.3,170.85,170.3,174.85,6,8,1433,
543902,"Retina Paints Limited",M,STK,55.1,58.6,53.5,55.32,53.5,52.46,17,42000,2322800,
543903,"DSP Mutual Fund",E,STK,146.74,147.2,141.84,142.25,141.96,150.12,148,4127,592520,
543904,"Mankind Pharma Limited",A,STK,2099.4,2099.4,1995,2001.25,2001.25,2102.4,3350,15863,32243952,
543905,"INNOKAIZ INDIA LIMITED",MT,STK,10.64,10.64,10.64,10.64,10.64,11.2,2,1600,17024,
543910,"AVG Logistics Limited",B,STK,166,180.4,166,170.65,169.75,168.65,426,9993,1744000,
543911,"Atal Realtech Limited",B,STK,22.76,23.28,22.76,23.22,23.22,22.99,56,5161,118801,
543912,"Power & Instrumentation (Gujar",B,STK,103.05,103.05,98,99.6,100.2,101,94,1751,175092,
543913,"Nexus Select Trust",IF,STK,159,159.05,155,155.76,155.8,159.38,550,21204,3304667,
543914,"Swati Projects Limited",X,STK,29.9,29.9,28.55,28.7,28.65,29.87,89,3228,93405,
543915,"Pavna Industries Limited",B,STK,17.99,18.37,17.8,18.15,18.17,18.28,61,4909,89071,
543916,"Hemant Surgical Industries Lim",M,STK,267.1,274.75,267.1,267.2,267.2,272,7,3200,859740,
543917,"SIGMA SOLVE LIMITED",B,STK,42.9,43.5,39.96,41.26,42.19,39.99,276,15461,641203,
543918,"GHCL Textiles Limited",B,STK,71.71,74.36,71.55,72.87,73.2,73.57,126,5580,408302,
543919,"M.K.Proteins Limited",B,STK,5.05,5.18,4.78,4.9,4.98,4.95,118,19442,95355,
543920,"CFF FLUID CONTROL LIMITED",M,STK,541.15,560,537.1,547.2,553,560.75,107,25800,14068560,
543921,"Comrade Appliances Limited",M,STK,36.67,36.68,36.67,36.67,36.67,38.6,8,8000,293370,
543922,"Mirae Asset Mutual Fund",E,STK,233.81,259.59,222,237.33,237.33,240.79,467,23703,5487822,
543923,"IKIO Technologies Limited",B,STK,120.3,122.15,117.1,117.3,117.25,122.8,178,5218,621879,
543924,"Sonalis Consumer Products Limi",M,STK,45,47.3,45,46.9,47.3,46.18,14,28000,1282400,
543926,"Bizotic Commercial Limited",MT,STK,903,921,902.3,908.2,907.3,943.9,7,2800,2541840,
543927,"Asian Warehousing Limited",X,STK,34.42,37.5,33.5,33.98,33.5,35.12,25,2605,88402,
543928,"Cosmic CRF Limited",M,STK,684,713.45,650.55,674.7,677,693.45,188,28400,19467075,
543929,"HMA Agro Industries Limited",B,STK,23.5,23.86,23.12,23.6,23.32,23.71,63,3328,78114,
543930,"Uravi Defence and Technology L",B,STK,130,130,124.1,124.25,125.9,127,62,640,80791,
543931,"VEEFIN SOLUTIONS LIMITED",M,STK,260,260,250.15,251.15,253.8,256.7,37,21200,5337430,
543932,"IDEAFORGE TECHNOLOGY LIMITED",B,STK,428.35,433.7,420.95,424.6,424.2,435.1,1056,47056,20103067,
543933,"Cyient DLM Limited",B,STK,312,315.35,296.4,299.05,299.05,313.05,2982,235488,72729564,
543935,"DSP Mutual Fund",B,STK,30.71,30.81,30.1,30.2,30.2,31.06,29,12276,374079,
543936,"Senco Gold Limited",A,STK,301.45,301.45,288.85,291.3,291.3,303.35,508,21721,6416063,
543937,"ALPHALOGIC INDUSTRIES LIMITED",MT,STK,167,167.8,167,167.8,167.8,159.85,4,4200,702360,
543939,"Kaka Industries Limited",M,STK,173,173,168.6,170.15,170.15,178,13,7000,1200125,
543940,"Jio Financial Services Limited",A,STK,242.6,244.85,237.6,239.45,239.45,248.25,18800,1835361,443288658,
543941,"AHASOLAR TECHNOLOGIES LIMITED",M,STK,62.01,63,62,62,62,63.9,4,1600,100004,
543942,"UTKARSH SMALL FINANCE BANK LIM",B,STK,12.12,12.12,11.8,11.83,11.87,12.12,988,415123,4937403,
543943,"ASARFI HOSPITAL LIMITED",M,STK,157,159.85,153,157.15,157,160.2,32,35000,5481750,
543944,"Mirae Asset Mutual Fund",B,STK,546.4,549.97,541,543.58,545.13,562.32,452,7265,3968318,
543945,"NETWEB TECHNOLOGIES INDIA LIMI",A,STK,3233.75,3327.5,3203.8,3249.4,3249.4,3299.85,7611,101277,329965662,
543946,"Mirae Asset Mutual Fund",F,STK,1000,1000,1000,1000,1000,1000,16,2498,2498000,
543947,"DSP BSE Sensex ETF",A,STK,78.98,89,76,76.16,89,79,38,621,47598,
543948,"DSP Mutual Fund",B,STK,85.61,85.98,84.29,85.05,85.24,87.42,105,12570,1070611,
543949,"DSP Mutual Fund",B,STK,25.87,26.07,25.69,25.69,25.69,26.64,17,3338,86607,
543950,"YATHARTH HOSPITAL & TRAUMA CAR",A,STK,661,666.45,646,649.95,649.95,673.5,778,10623,6977896,
543952,"NIIT Learning Systems Limited",A,STK,290.25,291.85,285,285.6,285.6,295.8,77,1667,478115,
543953,"Khazanchi Jewellers Limited",M,STK,708,712.95,706,706.5,707,721.65,25,7250,5136825,
543954,"Allcargo Terminals Limited",B,STK,22.72,22.9,22.28,22.46,22.47,23,57,21850,490528,
543955,"Transindia Real Estate Limited",B,STK,26.4,26.4,24.1,24.19,24.2,25.2,23,3300,81283,
543956,"ICICI Prudential Mutual Fund",B,STK,19.5,19.62,19.22,19.36,19.48,19.69,41,5419,105249,
543957,"REDTAPE Limited",B,STK,117,121.5,116.2,119.3,120.9,118.75,1008,47339,5659100,
543958,"VL E-Governance & IT Solutions",B,STK,11.64,11.96,11.21,11.29,11.3,11.69,464,49924,569821,
543959,"SBFC Finance Limited",A,STK,88.6,88.6,85.45,85.66,85.66,88.81,1729,128008,11100738,
543960,"Concord Biotech Limited",A,STK,1141.5,1141.5,1095.2,1101.35,1098.5,1141.4,394,2992,3348285,
543962,"D.P. WIRES LIMITED",B,STK,142.95,145.75,141.1,142.95,145.4,143.7,31,608,87138,
543963,"SHELTER PHARMA LIMITED",M,STK,32,32,30.2,30.2,30.2,32.18,7,21000,654720,
543965,"TVS Supply Chain Solutions Lim",T,STK,102.7,104.75,100.05,100.65,100.65,104.7,359,48586,4952036,
543969,"Pyramid Technoplast Limited",B,STK,145.5,152.25,145.5,148.15,148.5,142.95,202,2221,330498,
543971,"Bondada Engineering Limited",M,STK,281.9,284.65,275,276.4,276,285.05,410,123000,34313080,
543972,"Aeroflex Industries Limited",B,STK,238.05,244.75,229.2,230.45,230.1,247.85,2885,172133,40441841,
543973,"HDFC Mutual Fund",F,STK,1052.54,1052.54,1052.54,1052.54,1052.54,1052.48,1,2,2105,
543974,"VISHNU PRAKASH R PUNGLIA LIMIT",B,STK,38,38.68,37.53,37.7,37.7,39.23,393,41098,1566700,
543975,"UTI Mutual Fund",B,STK,205.2,205.72,203.7,205.72,205.72,209.2,5,20,4084,
543976,"Shradha AI Technologies Limite",X,STK,29,29,27.08,27.56,27.56,27.86,113,9291,258939,
543977,"Rishabh Instruments Limited",B,STK,390.3,392.1,384,385.85,385.7,395.85,71,1008,391805,
543978,"Ratnaveer Precision Engineerin",B,STK,142.35,145.65,138.75,139.35,138.75,146.5,504,34396,4871627,
543980,"Jupiter Life Line Hospitals Li",A,STK,1250.05,1291.95,1250.05,1281,1281,1280.15,41,252,323181,
543981,"R R KABEL LIMITED",A,STK,1420.1,1423.8,1391,1397.3,1406.05,1435.85,432,4438,6260837,
543982,"QUEST FLOW CONTROLS LIMITED",M,STK,145.8,145.8,139.5,139.55,139.5,143.3,44,21200,2993740,
543983,"EMS LIMITED",B,STK,297,309.95,287.2,290.15,291.5,297.15,1721,46800,13979587,
543984,"Samhi Hotels Limited",A,STK,150,151.75,147.75,150.65,148.9,152.8,641,54167,8140139,
543985,"ZAGGLE PREPAID OCEAN SERVICES",A,STK,214.05,217.55,206,207.6,207.6,220.15,1654,59645,12678805,
543986,"South West Pinnacle Exploratio",B,STK,206.85,206.85,190,191.95,193.9,205.85,119,4061,802196,
543988,"Nuvama Wealth Management Limit",A,STK,1150,1164,1145,1151.45,1157,1178,339,7377,8525855,
543989,"Sai Silks (Kalamandir) Limited",B,STK,100,101,97.65,98.3,98.9,101.7,316,39311,3902019,
543990,"SIGNATUREGLOBAL (INDIA) LIMITE",A,STK,787,792.1,760,768.75,768.5,801.3,644,19002,14832623,
543991,"TECHKNOWGREEN SOLUTIONS LIMITE",M,STK,111,111,105.05,105.05,105.05,116,6,4400,482020,
543992,"YATRA ONLINE LIMITED",B,STK,104.4,108.4,102.5,103.85,104.3,106.65,1140,100138,10617690,
543993,"ARCL Organics Ltd",X,STK,169.1,170,160,161,160,165.75,39,1128,187697,
543994,"JSW Infrastructure Limited",A,STK,256.4,259.15,252.65,253.35,253.35,260,2745,94900,24273857,
543995,"MANOJ VAIBHAV GEMS 'N' JEWELLE",B,STK,146.3,146.8,143.45,145.05,145.3,148.1,140,7772,1122114,
543996,"Updater Services Limited",B,STK,142.05,142.25,138,141.1,141.6,142.5,332,18007,2522904,
543997,"ORGANIC RECYCLING SYSTEMS LIMI",M,STK,243.5,243.5,239.7,239.7,239.7,248.5,4,2400,577800,
543998,"Valiant Laboratories Limited",B,STK,50.61,59.99,50.61,55.3,55,50.51,402,9307,520679,
543999,"Mirae Asset Mutual Fund",A,STK,77.25,77.25,75.97,76.3,76.47,78.61,151,10152,777284,
544001,"Sunita Tools Limited",MT,STK,970,970.7,922.3,953.3,950,970.7,36,5750,5441612,
544003,"Plaza Wires Limited",B,STK,31.55,34.87,31.55,33.45,33.45,34.72,101,2930,99553,
544004,"IRM ENERGY LIMITED",B,STK,202.1,205.5,199.65,202.55,201.6,203.65,233,2472,501133,
544006,"Mirae Asset Mutual Fund",B,STK,30.6,30.65,29.96,30.08,30.18,31.13,882,84140,2551961,
544007,"Mirae Asset Mutual Fund",B,STK,23.66,23.66,22.99,23.1,23.2,23.97,373,60373,1401471,
544008,"Max Estates Limited",B,STK,367.7,382.25,366.6,374.5,374.5,374,143,2971,1118192,
544009,"Blue Jet Healthcare Limited",A,STK,379,379.7,363.2,365.2,365.15,383.8,956,63563,23431538,
544010,"SBI Mutual Fund",F,STK,1000.01,1000.01,1000.01,1000.01,1000.01,1000.01,1,1,1000,
544012,"Cello World Limited",A,STK,403.2,410.35,396.5,403.4,406.2,408.75,707,15725,6339433,
544014,"Honasa Consumer Limited",A,STK,273.25,282.55,273.25,276.95,276.95,282.15,733,18945,5260952,
544015,"Mish Designs Limited",M,STK,43.7,43.7,43.7,43.7,43.7,46,3,1500,65550,
544020,"ESAF Small Finance Bank Ltd",B,STK,23.4,23.43,23.11,23.27,23.32,23.32,124,12839,298918,
544021,"Protean eGov Technologies Limi",A,STK,526.2,531.1,512.45,513.5,513.2,531.35,1167,25825,13437633,
544022,"ASK Automotive Limited",B,STK,415,423.9,410.9,418.35,418.35,417.7,373,7086,2965614,
544023,"Kalyani Cast-Tech Limited",M,STK,500,503,493.5,498.5,496,502.6,35,12250,6118537,
544025,"Arrowhead Seperation Engineeri",M,STK,70,70,70,70,70,70,2,1200,84000,
544026,"Indian Renewable Energy Develo",A,STK,116.2,117.7,114.8,116.55,116.55,117.95,2694,395987,46074519,
544027,"Fedbank Financial Services Lim",B,STK,133.4,135.1,130.65,131.1,132.65,136.9,402,33471,4453031,
544028,"Tata Technologies Limited",A,STK,543,543,521.25,522.65,522.65,548.65,6202,114575,60550193,
544029,"Gandhar Oil Refinery (India) L",B,STK,131.35,131.35,127.75,128.6,129.8,131.95,460,14966,1939350,
544030,"Flair Writing Industries Limit",B,STK,310.05,317,308,309.55,313,318.3,175,2721,848331,
544035,"Swashthik Plascon Limited",M,STK,19.6,20,19.01,19.01,19.01,20.2,11,17600,340560,
544036,"DEEPAK CHEMTEX LIMITED",M,STK,86.6,87.1,82.95,83.5,82.95,89,9,7200,614480,
544037,"Amic Forging Limited",M,STK,1310,1355,1280.55,1295.7,1309,1349.9,52,5500,7260360,
544042,"Bajel Projects Limited",B,STK,162.9,166.15,159.45,161.2,161.15,167.95,958,47586,7761018,
544043,"BARODA BNP PARIBAS MUTUAL FUND",E,STK,146.75,149.9,143.1,149.9,149.9,149.94,31,211,31034,
544044,"India Shelter Finance Corporat",A,STK,740.9,740.9,711.35,720.5,711.35,748.35,277,8129,5878372,
544045,"DOMS Industries Limited",A,STK,2203.05,2203.05,2154.7,2176.1,2171.15,2241.85,759,5827,12691449,
544046,"INOX India Limited",A,STK,1171.45,1212.55,1171.45,1181.2,1181.2,1190.05,1203,12400,14802090,
544047,"Siyaram Recycling Industries L",M,STK,39.2,39.69,37.5,37.64,37.5,40.26,31,60000,2279325,
544052,"Benchmark Computer Solutions L",M,STK,21.5,21.5,20.96,21,21,21.5,4,8000,168920,
544053,"Motisons Jewellers Limited",B,STK,12.8,13.01,12.57,12.72,12.7,12.97,462,145151,1850278,
544054,"Suraj Estate Developers Limite",B,STK,199.6,201.4,198.3,198.65,199.35,202.75,131,3839,765393,
544055,"Muthoot Microfin Limited",B,STK,151,153.55,147.75,148.3,147.8,153.3,276,19290,2903484,
544057,"Happy Forgings Limited",B,STK,1271.7,1293.4,1235.95,1244.5,1254.5,1292.05,483,3378,4257132,
544058,"Credo Brands Marketing Limited",B,STK,75.6,77.05,74.87,75.35,75.74,76.04,191,7356,557578,
544059,"SHANTI SPINTEX LIMITED",M,STK,52,52,52,52,52,52,1,2000,104000,
544060,"RBZ Jewellers Limited",B,STK,115.65,116.15,114.5,114.95,115.55,117.85,38,1525,175695,
544061,"Azad Engineering Limited",A,STK,1490.05,1509.45,1454.5,1458.15,1458.15,1516.45,1655,17901,26390886,
544066,"SUNDARAM-CLAYTON LIMITED",B,STK,1298,1350,1288.75,1294.4,1293.5,1329.05,62,213,280435,
544067,"INNOVA CAPTAB LIMITED",B,STK,704.35,704.4,676.05,677.9,676.05,703.55,81,406,279207,
544072,"AIK Pipes and Polymers Limited",M,STK,21.75,21.75,21.7,21.7,21.7,23,2,1600,34760,
544073,"Manoj Ceramic Limited",M,STK,68.6,70,68.6,70,70,72.5,2,2000,138600,
544074,"Shri Balaji Valve Components L",M,STK,83.25,83.25,79.02,79.8,80,82.78,15,9600,775620,
544079,"DIGIDRIVE DISTRIBUTORS LIMITED",B,STK,20.45,20.5,20.4,20.5,20.5,20.27,10,505,10350,
544080,"Sayaji Hotels (Indore) Limited",X,STK,715.1,790.05,715.1,790.05,790.05,752.45,5,21,16513,
544081,"Jyoti CNC Automation Limited",A,STK,746,769.9,740.8,743.05,745,763.75,1266,31561,23736419,
544082,"New Swan Multitech Limited",M,STK,39.85,40,39.8,40,40,41.1,3,6000,239300,
544088,"Medi Assist Healthcare Service",A,STK,338.05,338.05,322.7,323.65,324.35,338.05,457,8412,2773232,
544089,"Zerodha Mutual Fund",F,STK,113.19,113.21,113.19,113.19,113.19,113.2,705,824116,93284812,
544090,"Sayaji Hotels (Pune) Limited",X,STK,839.3,839.3,741,743.85,743.85,757.1,27,239,179093,
544091,"Qualitek Labs Limited",M,STK,353.95,353.95,331,353.95,353.95,355,6,2400,831280,
544092,"Bajaj Finserv Mutual Fund",B,STK,237.55,243.65,236.7,241.64,242.01,243.64,30,1612,383576,
544093,"Bajaj Finserv Mutual Fund",B,STK,54.89,55.02,53.95,54.27,54.06,56.22,172,5289,288425,
544094,"Euphoria Infotech (India) Limi",M,STK,29.3,29.3,29.3,29.3,29.3,30.1,1,1200,35160,
544095,"EPACK Durable Limited",A,STK,240,242.75,230.85,232.5,234,245.45,1001,38919,9133216,
544100,"Nova Agritech Limited",B,STK,26.7,26.82,25.5,25.53,25.9,26.82,230,5578,145834,
544101,"Brisk Technovision Limited",M,STK,70.5,70.5,70.5,70.5,70.5,73.5,1,800,56400,
544102,"UTI Mutual Fund",B,STK,310,310.1,296.21,298.03,303,313.36,21,135,41486,
544105,"HARSHDEEP HORTICO LIMITED",M,STK,81.95,82,81.9,82,82,84,3,4500,368775,
544106,"Mayank Cattle Food Limited",M,STK,160,160,160,160,160,160,1,600,96000,
544107,"BLS E-Services Limited",B,STK,139.05,143,139.05,141,140.9,143.4,236,9283,1317907,
544108,"Gabriel Pet Straps Limited",M,STK,175,187,170.05,173,173,175,16,9600,1661730,
544109,"DSP Mutual Fund",B,STK,144.1,144.15,144.1,144.15,144.15,145,3,106,15279,
544110,"HDFC Mutual Fund",B,STK,85.96,85.96,84.33,85.11,85.33,92.26,115,5314,452696,
544111,"Apeejay Surrendra Park Hotels",B,STK,112.1,113.65,107.5,108.05,107.6,113,306,19741,2182252,
544112,"JASCH GAUGING TECHNOLOGIES LIM",X,STK,505,505,480.25,484.65,480.5,504.95,17,375,180558,
544117,"Signpost India Limited",B,STK,250,250,234.8,236.2,236.2,246.7,124,1046,249814,
544118,"JANA SMALL FINANCE BANK LIMITE",A,STK,351,355.45,346.1,347.25,349.05,358.4,282,9517,3330213,
544119,"Rashi Peripherals Limited",B,STK,344.35,348.75,338.8,340.2,341.45,348.8,195,1282,438194,
544120,"Capital Small Finance Bank Ltd",B,STK,239.8,242,235.35,237.3,236,241,88,1025,245697,
544121,"Rudra Gas Enterprise Limited",M,STK,64,66.85,64,64,64,62.55,13,13000,834850,
544122,"Entero Healthcare Solutions Li",B,STK,1121.85,1121.9,1069.75,1094.2,1094.6,1112.15,347,2665,2929509,
544123,"LIC Mutual Fund",B,STK,55.64,55.74,54.54,54.96,55.07,56.77,40,2520,139146,
544124,"VIBHOR STEEL TUBES LIMITED",B,STK,111.9,113.2,109.85,112.9,113.2,113.2,32,549,61254,
544129,"Juniper Hotels Limited",B,STK,201.05,207.9,199.95,207.1,207.9,205.15,200,4407,893399,
544130,"Mirae Asset Mutual Fund",B,STK,39.41,39.63,38.87,39.05,39.05,40.09,1873,454231,17828762,
544131,"GPT Healthcare Limited",B,STK,122.45,125.45,122,124.15,124.55,124.3,68,1920,236698,
544132,"Zerodha Mutual Fund",E,STK,23.84,23.94,22.97,23.08,23.09,24.32,3806,1940398,45401772,
544133,"EXICOM TELE-SYSTEMS LIMITED",B,STK,90,90.6,87.5,88.13,87.73,91.39,383,19695,1762665,
544134,"Platinum Industries Limited",B,STK,204.95,207.2,200,201.05,201.65,211,141,3311,677025,
544135,"Mukka Proteins Limited",B,STK,21.2,21.95,21.04,21.19,21.2,21.83,163,12663,270716,
544136,"R K Swamy Limited",B,STK,87.15,89.4,87.15,87.8,87.75,89.62,78,2295,202752,
544137,"Indus Infra Trust",IF,STK,129.88,129.88,124.71,125.62,124.75,125.32,172,2027,253914,
544138,"J.G.Chemicals Limited",B,STK,344,344.9,330.1,333.05,333.6,343.65,318,4675,1579850,
544139,"KOURA FINE DIAMOND JEWELRY LIM",M,STK,36.3,36.4,36.1,36.4,36.4,39.5,3,8000,289800,
544140,"Gopal Snacks Limited",B,STK,274.55,279.7,273.1,275.75,276.25,280.6,296,6431,1776152,
544141,"Pune E - Stock Broking Limited",M,STK,224.5,224.5,218,218.05,218,230.75,5,4000,883280,
544142,"Shipping Corporation of India",B,STK,41.76,42.05,40.8,41.1,41.08,42.13,151,64707,2679674,
544143,"Royal Sense Limited",M,STK,155,155,150,150,150,155.1,5,9500,1465000,
544144,"Popular Vehicles and Services",B,STK,87.16,87.86,84.29,86.81,86.81,89.38,60,1341,115416,
544149,"KRYSTAL INTEGRATED SERVICES LI",B,STK,561.4,567.95,552,555.8,559.8,571.75,65,213,119115,
544150,"KP GREEN ENGINEERING LIMITED",M,STK,342,353,342,345.75,345.75,354.95,215,71500,24941050,
544151,"CHATHA FOODS LIMITED",M,STK,70.06,73,69.5,70.04,69.5,72.3,17,56000,4046170,
544156,"Gconnect Logitech and Supply C",M,STK,14.85,14.85,14.85,14.85,14.85,14.15,1,3000,44550,
544158,"SRM CONTRACTORS LIMITED",B,STK,394,412,394,400.05,398,402.2,490,10308,4153428,
544159,"DSP BSE Liquid Rate ETF",F,STK,1118,1118,1117.98,1117.98,1117.98,1117.98,24,63229,70689766,
544160,"Jay Kailash Namkeen Limited",M,STK,15,15.89,14,15.01,15.75,14.86,14,38400,576272,
544161,"D P ABHUSHAN LIMITED",B,STK,1001.4,1019.15,979.6,985.55,979.6,1027.8,42,233,231970,
544162,"Bharti Hexacom Limited",A,STK,1575,1616.95,1556.25,1593.65,1585,1593.85,3174,23532,37680829,
544163,"Greenhitech Ventures Limited",M,STK,91.25,91.25,84.25,86.3,86.3,91.25,23,25000,2170120,
544164,"Faalcon Concepts Limited",M,STK,35.97,36,35.97,36,36,34,3,6000,215900,
544165,"SHIVAM CHEMICALS LIMITED",MT,STK,123,128.65,123,128.6,128.6,122.6,16,45000,5683425,
544166,"EMMFORCE AUTOTECH LIMITED",M,STK,127.05,129,124.05,129,129,130.2,17,20400,2580360,
544167,"JNK India Limited",B,STK,235.35,239.8,232.15,233.85,232.5,242.35,286,8071,1899822,
544168,"VARYAA CREATIONS LIMITED",M,STK,25.91,28,25.91,26.6,26.6,28.78,5,5000,135210,
544172,"Indegene Limited",A,STK,449.7,453.15,443.05,445.5,445,452.6,599,19181,8611805,
544173,"Finelistings Technologies Limi",M,STK,13.03,13.03,13.03,13.03,13.03,13.27,1,1000,13030,
544174,"TBO TEK LIMITED",A,STK,1143.1,1149.75,1106,1111.5,1111.5,1172.25,760,5789,6495401,
544175,"TGIF AGRIBUSINESS LIMITED",M,STK,82,82,82,82,82,79.88,1,1200,98400,
544176,"Aadhar Housing Finance Limited",A,STK,470.05,470.05,452.2,460.35,460.35,478.3,538,10402,4776518,
544177,"Aztec Fluids & Machinery Limit",M,STK,91.3,95,91.29,94.5,94.5,94.95,7,7000,653290,
544179,"Go Digit General Insurance Lim",A,STK,327.35,332.8,326.6,329.7,328.45,327.55,151,2997,987757,
544180,"Mirae Asset Mutual Fund",B,STK,44.97,44.99,44.1,44.23,44.36,45.57,154,87963,3896621,
544181,"Awfis Space Solutions Limited",A,STK,274,274,265,267.75,265.6,276.25,624,13519,3644050,
544183,"Associated Coaters Limited",M,STK,93.5,93.5,93.5,93.5,93.5,98,1,500,46750,
544184,"Borosil Scientific Limited",B,STK,106,107,104,104.3,106.75,106.75,156,4946,519916,
544185,"ADTECH SYSTEMS LIMITED",X,STK,53.98,53.98,48.02,52.7,52.7,52.97,49,1423,71750,
544186,"Forbes Precision Tools and Mac",X,STK,120,123.5,117.95,119.25,119.05,121,105,8147,978009,
544187,"KRONOX LAB SCIENCES LIMITED",B,STK,111.2,111.65,109.75,110.85,110.4,113.35,179,13110,1453121,
544188,"Magenta Lifecare Limited",M,STK,9.36,9.9,9.36,9.89,9.89,9.36,6,24000,228920,
544189,"SATTRIX INFORMATION SECURITY L",MT,STK,394.9,409.9,390,409,409,394.9,5,2500,996900,
544190,"3C IT Solutions and Telecoms (",MT,STK,16.3,16.3,16.3,16.3,16.3,17.15,1,4000,65200,
544191,"Purple Finance Limited",X,STK,57.48,57.48,54.2,55.2,54.95,57,91,47370,2646725,
544192,"Le Travenues Technology Limite",A,STK,164.25,165.25,159.8,160.85,161.4,167.1,1438,115509,18631171,
544193,"Zerodha Mutual Fund",B,STK,10.31,10.35,10.05,10.08,10.15,10.4,779,254971,2592065,
544194,"Zerodha Mutual Fund",B,STK,10.02,10.03,9.73,9.85,9.99,10.23,679,189197,1875205,
544195,"United Cotfab Limited",M,STK,15,16.1,15,15.95,15.95,16.78,4,8000,126100,
544196,"BARODA BNP PARIBAS MUTUAL FUND",B,STK,56,56,53.69,53.69,53.69,55.84,14,296,16051,
544197,"JHS SVENDGAARD RETAIL VENTURES",B,STK,20.02,20.02,19.51,19.52,19.51,20.99,57,727,14194,
544198,"DEE DEVELOPMENT ENGINEERS LIMI",B,STK,265,276.15,262.4,266.8,266.8,282.5,2028,113994,30613848,
544199,"GEM Enviro Management Limited",M,STK,37.7,37.7,35.62,36.07,36.15,37.1,21,20000,726488,
544200,"Akme Fintrade (India) Limited",T,STK,9,9,8.38,8.64,8.64,8.82,165,296200,2613021,
544201,"DINDIGUL FARM PRODUCT LIMITED",M,STK,10.84,10.84,10.8,10.8,10.8,10.33,6,12000,129920,
544202,"STANLEY LIFESTYLES LIMITED",B,STK,147,148,145,145.2,145.4,149.9,321,7241,1057346,
544203,"Allied Blenders and Distillers",A,STK,422.5,422.5,411.05,412.65,413.5,423.25,577,11902,4967120,
544204,"VRAJ IRON AND STEEL LIMITED",B,STK,111.1,111.75,109.3,110.3,110,111.9,29,694,76513,
544205,"National Peroxide Limited",X,STK,390,404.05,384.05,391.25,394.9,395.85,140,4844,1923626,
544206,"SBI Mutual Fund",E,STK,236.69,236.94,223,224.18,225.1,242.76,4711,341283,78043256,
544207,"Reliable Data Services Limited",B,STK,118.8,121.3,118.45,121.3,121.3,120.7,21,46,5538,
544208,"Shriram Mutual Fund",F,STK,1096.37,1096.37,1096.37,1096.37,1096.37,1095.97,1,100,109637,
544209,"Bansal Wire Industries Limited",B,STK,250.45,255,250.2,252.35,250.3,259.65,178,3024,763092,
544210,"Emcure Pharmaceuticals Limited",A,STK,1512.05,1515,1464.5,1469.8,1474.6,1532.25,971,9284,13857145,
544212,"Mirae Asset Mutual Fund",B,STK,27.84,27.89,27.36,27.47,27.54,28.34,104,11024,304821,
544213,"AELEA COMMODITIES LIMITED",M,STK,122.5,122.6,118.25,119.05,118.25,122.6,43,34200,4140270,
544214,"THREE M PAPER BOARDS LIMITED",M,STK,24.4,24.4,21,21.37,21.99,24.4,10,22000,480080,
544215,"SBI Mutual Fund",B,STK,31.63,31.63,30.5,30.65,30.99,31.63,86,7434,230660,
544216,"ICICI Prudential Mutual Fund",B,STK,11.29,11.34,11.08,11.11,11.11,11.36,1153,195353,2190074,
544217,"SANSTAR LIMITED",B,STK,83.3,83.42,82.03,82.29,82.07,83.18,127,16469,1356164,
544218,"Aditya Birla Sun Life Mutual F",B,STK,10.22,10.35,10.16,10.31,10.22,10.39,26,3657,37319,
544219,"VVIP Infratech Limited",M,STK,98.5,103.6,98.5,102.6,103.6,103.7,11,16200,1631280,
544220,"Clinitech Laboratory Limited",M,STK,37.35,37.35,37,37,37,36.05,3,3600,133620,
544222,"Akums Drugs and Pharmaceutical",B,STK,472.7,475.3,465,468.9,468.15,482.35,526,6455,3035568,
544223,"Ceigall India Limited",B,STK,278.1,278.1,270.1,271.25,270.1,278,228,5053,1377523,
544224,"Afcom Holdings Limited",M,STK,746,750,700,706.9,725.1,761.55,396,94320,68816946,
544225,"Ola Electric Mobility Limited",A,STK,24.22,24.48,23.36,23.5,23.5,24.87,8680,4815738,115205129,
544226,"Brainbees Solutions Limited",A,STK,211.15,211.15,208.6,209.65,209.65,214.15,1329,43512,9129289,
544227,"UNICOMMERCE ESOLUTIONS LIMITED",B,STK,92.35,95.05,90.05,90.85,90.85,95.4,879,47492,4340835,
544229,"ICICI Prudential Mutual Fund",B,STK,11.46,11.65,11.27,11.46,11.46,11.67,2320,897286,10257894,
544230,"SARASWATI SAREE DEPOT LIMITED",B,STK,56.69,57.52,55.83,56.32,57.19,57.53,164,9877,557189,
544232,"Interarch Building Solutions L",B,STK,1773.9,1791.25,1728.3,1738.95,1745.6,1797.85,255,1730,3048671,
544235,"Orient Technologies Limited",B,STK,268.55,273.25,261.65,263.7,263.7,268.5,448,18863,5013362,
544238,"Premier Energies Limited",A,STK,842.8,874,842.8,863.7,863.7,870.45,7567,163015,140509124,
544239,"ECOS (India) Mobility & Hospit",B,STK,121.5,122.5,115.1,115.6,115.2,122.9,1474,32946,3925928,
544240,"Raymond Lifestyle Limited",A,STK,838.95,838.95,795.95,805.2,805.2,846.75,286,2783,2268894,
544241,"Mirae Asset Mutual Fund",B,STK,14.97,15,14.72,14.78,14.83,15.26,203,65029,970420,
544242,"Travels & rentals Limited",M,STK,17.5,18.1,16.66,16.66,16.66,17.24,8,30000,531330,
544243,"Baazar Style Retail Limited",B,STK,247,247.95,240,244.4,242.5,253.3,461,9793,2392136,
544244,"Gala Precision Engineering Lim",B,STK,769.25,775,747.8,752.6,759,771,71,333,253263,
544246,"Revathi Equipment India Limite",B,STK,592.05,631.9,583.3,621.75,610.1,580.1,46,486,297742,
544247,"DSP Mutual Fund",B,STK,86.36,86.55,85.16,85.9,86.29,88.08,173,5397,464136,
544248,"MACH CONFERENCES AND EVENTS LI",MT,STK,112,112,108,110.2,111,112.25,14,13800,1525140,
544249,"SHREE TIRUPATI BALAJEE AGRO TR",B,STK,25.95,25.95,24.28,24.75,24.85,25.73,305,54481,1370664,
544250,"Sanofi Consumer Healthcare Ind",A,STK,4204.1,4265,4196.6,4211.85,4233,4282.35,185,811,3420466,
544251,"Share Samadhan Limited",M,STK,45,45,45,45,45,44.83,1,1600,72000,
544252,"Bajaj Housing Finance Limited",A,STK,82.02,82.47,81.25,81.72,81.72,83.11,8843,868975,71121721,
544253,"Kross Limited",B,STK,184.05,185.5,180.05,181,181.8,187.45,344,16066,2938244,
544254,"Tolins Tyres Limited",B,STK,95.5,100.75,95.5,97.95,97.6,102.45,188,8007,794312,
544256,"P N GADGIL JEWELLERS LIMITED",B,STK,551,568.5,545.6,564.6,565,561.35,581,12980,7327546,
544257,"Sodhani Academy of Fintech Ena",M,STK,194,194,193,193,193,188,4,3500,676500,
544258,"Western Carriers (India) Limit",B,STK,93.5,93.75,89.6,90.35,91.7,94.5,90,6948,636520,
544259,"POPULAR FOUNDATIONS LIMITED",M,STK,27.35,29.1,27.35,29.1,29.1,28.39,7,21000,598050,
544260,"Northern Arc Capital Ltd.",A,STK,223.6,233.15,222.85,226.95,226.9,228.7,316,14088,3189725,
544261,"ARKADE DEVELOPERS LIMITED",B,STK,104.45,105.95,102.2,102.8,102.6,106.45,452,27726,2892034,
544262,"Manba Finance Limited",B,STK,115,125,113.25,113.9,116.85,116.6,114,2074,236720,
544263,"KRN HEAT EXCHANGER AND REFRIGE",A,STK,878.7,902,858.9,879.95,879.95,885.3,2902,87439,77547444,
544264,"Diffusion Engineers Limited",B,STK,222.1,251.5,222.1,247.95,248.95,250.9,81,1535,377429,
544265,"Nexxus Petro Industries Limite",M,STK,81.75,81.75,81.75,81.75,81.75,81.75,1,1200,98100,
544266,"Mirae Asset Mutual Fund",B,STK,85.2,85.36,84.5,84.5,84.5,86.89,10,424,35983,
544267,"SUBAM PAPERS LIMITED",M,STK,164,169,162.5,164.8,169,164,5,4000,658480,
544268,"Mirae Asset Mutual Fund",B,STK,11.38,11.57,11.26,11.3,11.36,11.68,1130,638030,7299467,
544269,"NEOPOLITAN PIZZA AND FOODS LIM",M,STK,7.55,7.56,7.41,7.41,7.41,7.2,6,42000,315660,
544270,"Khyati Global Ventures Limited",M,STK,42.8,42.8,41,41,41,43.87,5,7200,302760,
544271,"Garuda Construction and Engine",B,STK,159.15,162.65,156,157.55,158.5,164.45,731,31717,5070641,
544272,"SHIV TEXCHEM LIMITED",M,STK,116,116,111.2,111.45,111.2,117.05,52,33200,3785240,
544273,"MANGALAM GLOBAL ENTERPRISE LIM",B,STK,10,10.3,9.81,10.15,10.15,10.08,69,2422,24114,
544274,"HYUNDAI MOTOR INDIA LIMITED",A,STK,1956.25,1969.1,1948.7,1951.65,1951,1990.35,2337,14203,27799776,
544275,"ICICI Prudential Mutual Fund",B,STK,14.89,15.41,14.71,14.83,15.41,15.19,206,47270,702519,
544276,"Deepak Builders and Engineers",B,STK,69,69.18,67.03,67.03,67.03,69.39,57,1742,118817,
544277,"Waaree Energies Limited",A,STK,3088.1,3209.65,3088.1,3156.35,3156.35,3186.15,21092,292112,924260486,
544278,"OCCL Limited",B,STK,86.76,88.77,85.09,88.13,88.15,88.09,154,2736,235571,
544279,"Godavari Biorefineries Limited",B,STK,321.1,332.6,311.15,312.3,311.7,324.35,866,29611,9557245,
544280,"Afcons Infrastructure Limited",A,STK,283.05,286,277.2,277.8,277.8,288,969,25585,7206674,
544281,"A B INFRABUILD LIMITED",B,STK,17.45,17.45,16.9,17.08,17.16,17.12,280,8987,153446,
544282,"Sagility Limited",A,STK,38.62,38.67,37.25,37.43,37.43,39.46,4184,1005378,38074138,
544283,"ACME Solar Holdings Limited",A,STK,245,272,242.95,261.55,261.55,248.5,6249,291952,76608897,
544284,"Mirae Asset Mutual Fund",F,STK,1077.08,1077.08,1077.08,1077.08,1077.08,1077.1,7,159,171255,
544285,"SWIGGY LIMITED",A,STK,296.95,296.95,281.5,283.15,283.15,298.45,3173,258667,74539417,
544286,"NIVA BUPA HEALTH INSURANCE COM",A,STK,71.22,71.22,69.65,69.77,70.07,71.22,321,36821,2572540,
544287,"Mangal Compusolution Limited",M,STK,49.5,49.5,49.5,49.5,49.5,53.5,1,3000,148500,
544288,"BlackBuck Limited",A,STK,594.95,602.35,580.15,597.75,597.75,596.25,3005,53957,32151879,
544289,"NTPC GREEN ENERGY LIMITED",A,STK,97.02,101.17,96.37,98.81,98.81,97.87,23761,3333693,332322377,
544290,"ENVIRO INFRA ENGINEERS LIMITED",A,STK,148.65,149.55,145.5,146.1,146.1,152.7,1099,62018,9162942,
544291,"RAJESH POWER SERVICES LIMITED",M,STK,870,879,850,856.2,855,884.8,184,24200,20930480,
544292,"Onesource Specialty Pharma Lim",A,STK,1447.3,1485,1434.45,1469.6,1445.4,1471.55,631,8154,11856697,
544293,"SURAKSHA DIAGNOSTIC LIMITED",B,STK,254,256.95,248.1,252.8,252.8,261.3,84,841,212463,
544294,"Rossell Techsys Limited",B,STK,677.4,703.9,677.4,686.9,685,698.6,110,1504,1036536,
544296,"NISUS FINANCE SERVICES CO LIMI",M,STK,160,168.05,158,164.15,164.15,164.4,77,41200,6730460,
544301,"Odigma Consultancy Solutions L",B,STK,22.75,23.24,22.52,22.66,23,23,71,786,18032,
544302,"Innovana Thinklabs Limited",B,STK,370,374.1,342.15,351.1,350.45,375.3,43,743,273301,
544303,"TOSS THE COIN LIMITED",M,STK,270,286,270,284.95,284.95,294.6,5,1500,423300,
544304,"JUNGLE CAMPS INDIA LIMITED",MT,STK,48.95,48.95,47.31,48.13,48.95,49.8,3,4800,232336,
544305,"One Mobikwik Systems Limited",B,STK,182.9,184.1,180,181.4,182.8,185.25,692,31623,5764491,
544306,"Sai Life Sciences Limited",A,STK,992.05,1019.3,992.05,1007.1,1007.1,1015.4,2019,37337,37551676,
544307,"Vishal Mega Mart Limited",A,STK,104.55,105.6,102.6,103.1,103.1,108,3880,461826,48204287,
544308,"Hilltone Software and Gases Lt",X,STK,52.48,52.48,50,51.65,51.7,51.61,34,2712,136450,
544309,"INVENTURUS KNOWLEDGE SOLUTIONS",A,STK,1308.05,1355.45,1308.05,1337,1335,1349.9,792,11810,15750300,
544310,"Yash Highvoltage Limited",M,STK,457,472,455,468.1,461,465.35,106,31000,14309662,
544311,"International Gemmological Ins",A,STK,327.6,345.4,323.8,337.65,337.65,339.4,2870,93804,31049016,
544313,"NACDAC Infrastructure Limited",M,STK,24,24,23.7,23.7,23.7,24.85,2,36000,862800,
544314,"Sanathan Textiles Limited",B,STK,381.9,384.1,373.2,374.4,377.15,384.6,14,1335,505304,
544315,"Concord Enviro Systems Limited",B,STK,265,282.5,256,278.05,277.05,268.25,1211,28174,7687144,
544316,"DAM Capital Advisors Limited",B,STK,125.2,132,125.2,126.7,128.1,132.15,784,34633,4458958,
544317,"Transrail Lighting Limited",A,STK,508.85,508.85,491,492.95,492.95,514.9,905,16573,8291852,
544318,"MAMATA MACHINERY LIMITED",B,STK,387,387,375,375.4,375.4,387.45,214,5248,2008785,
544319,"SENORES PHARMACEUTICALS LIMITE",B,STK,746.3,765.8,734.5,739.25,735,748,260,1941,1463021,
544320,"CARRARO INDIA LIMITED",B,STK,429.35,458,419.2,441.75,441.75,429.4,226,5248,2299214,
544321,"Ventive Hospitality Limited",B,STK,669.85,669.85,650.5,657.6,657.6,670.7,224,2149,1414445,
544322,"Unimech Aerospace and Manufact",B,STK,770,830.15,765,774.35,779.5,771.15,1118,25621,20745841,
544323,"Mirae Asset Mutual Fund",B,STK,10.25,10.3,10.1,10.14,10.17,10.52,105,21124,216137,
544324,"Citichem India Limited",M,STK,13.87,14.1,13.87,14.1,14.1,14.15,4,8000,111940,
544325,"ITC Hotels Limited",A,STK,155.75,156.7,152,152.65,152.65,158.75,7022,407898,62945815,
544326,"Edelweiss Mutual Fund",B,STK,23.24,23.24,22.54,22.58,22.62,23.08,108,12046,278615,
544327,"TECHNICHEM ORGANICS LIMITED",M,STK,49,49,49,49,49,49,1,2000,98000,
544328,"INDO FARM EQUIPMENT LIMITED",B,STK,129,130.05,125.05,125.85,126.55,131.05,232,10307,1316522,
544329,"LEO DRYFRUITS & SPICES TRADING",M,STK,45.1,47.91,43.42,46.77,46.77,47.77,20,52000,2366960,
544330,"PARMESHWAR METAL LIMITED",M,STK,126,126,122.5,122.5,122.5,126.25,2,4000,497000,
544331,"Davin Sons Retail Limited",M,STK,32,32,30.5,30.5,30.5,32,3,6000,189000,
544332,"FABTECH TECHNOLOGIES CLEANROOM",M,STK,250,252,230,241,241,259.55,19,8400,2062020,
544333,"STANDARD ENGINEERING TECHNOLOG",B,STK,116.4,118.75,115.1,116.05,117,118.7,166,6477,758560,
544334,"Indobell Insulations Limited",M,STK,59,59.1,59,59,59,61.51,3,2250,132825,
544335,"B.R.GOYAL INFRASTRUCTURE LIMIT",M,STK,98.49,99.9,96,99.9,99.9,98.98,18,33000,3243490,
544336,"Quadrant Future Tek Limited",B,STK,290,309.55,290,300.35,301.65,307.1,479,14525,4406642,
544337,"Avax Apparels and Ornaments Li",MT,STK,300.65,300.65,300.65,300.65,300.65,286.35,2,2000,601300,
544338,"Capital Infra Trust",IF,STK,68.01,68.31,67.5,67.91,67.74,68.15,439,19424,1320508,
544339,"Laxmi Dental Limited",B,STK,173.65,179.35,172.5,177.2,176.9,176.9,216,5989,1050896,
544340,"Rikhav Securities Limited",M,STK,37.5,37.85,37.01,37.7,37.7,38,13,52800,1981024,
544341,"LANDMARK GLOBAL LEARNING LIMIT",M,STK,21.17,23.28,21.17,23.28,23.28,21.17,16,25600,585552,
544342,"Stallion India Fluorochemicals",B,STK,116.05,116.05,112.3,112.3,112.3,118.2,605,35991,4082237,
544343,"CAPITALNUMBERS INFOTECH  LIMIT",M,STK,80.02,82.5,80.02,82.49,82.48,82.18,27,17600,1433560,
544344,"SHRIRAM PISTONS & RINGS LTD",A,STK,2993.3,2998.7,2903.3,2947.1,2935,3044.75,438,1697,5019162,
544345,"Denta Water and Infra Solution",B,STK,243,245,239,240.05,241.15,246.2,234,5854,1412479,
544346,"RDB Real Estate Constructions",XT,STK,144.9,144.9,140.5,140.5,140.5,147.85,17,155,21842,
544347,"CLN ENERGY LIMITED",M,STK,305.55,308,294,300.5,300.5,297.35,10,16000,4778180,
544348,"GB Logistics Commerce Limited",M,STK,39.15,39.21,38,38.4,39,37.35,13,15600,605484,
544349,"H.M. ELECTRO MECH LIMITED",M,STK,43.55,43.55,43.55,43.55,43.55,43.55,1,1600,69680,
544350,"Dr. Agarwal's Health Care Limi",A,STK,429.7,429.7,416.55,423.3,424,433.6,825,8088,3403283,
544351,"MALPANI PIPES AND FITTINGS LIM",M,STK,65,65,62.8,62.81,62.8,66.08,6,9600,608368,
544352,"DSP Mutual Fund",B,STK,39.2,39.2,38.39,38.39,38.39,39.01,22,2255,87639,
544353,"Amwill Health Care Limited",MT,STK,33.79,33.79,32.5,33.04,33.6,33.04,6,7200,239628,
544354,"SOLARIUM GREEN ENERGY LIMITED",M,STK,142.8,163.75,142,155.35,153.2,140.95,312,114000,17409870,
544355,"Jubilant Agri and Consumer Pro",B,STK,1670.05,1812.5,1650,1664,1656.3,1702.15,75,390,654714,
544356,"AJAX Engineering Limited",B,STK,481.3,485,477.7,481,485,490.75,132,1598,768959,
544361,"COVANCE SOFTSOL LIMITED",XT,STK,171.3,171.3,171.3,171.3,171.3,171.3,6,1288,220634,
544362,"Hexaware Technologies Limited",A,STK,427.1,432,420.05,422.1,422.1,436.45,1290,28896,12238802,
544363,"UNION MUTUAL FUND",E,STK,148.5,148.5,143.51,144.95,144.95,151.5,20,261,38134,
544364,"Indef Manufacturing Limited",B,STK,225,238.15,225,231.05,231,236.15,58,1038,241603,
544365,"SHANMUGA HOSPITAL LIMITED",M,STK,35.6,36,35.6,36,36,35.6,2,4000,143200,
544367,"QUALITY POWER ELECTRICAL EQUIP",B,STK,800.75,824,792,794.85,794.85,824.85,736,18602,15005668,
544368,"Swasth Foodtech India Limited",M,STK,17,17,17,17,17,17,1,1200,20400,
544369,"Beezaasan Explotech Limited",M,STK,194,200,194,195.45,196.4,201.3,14,12000,2358400,
544370,"NUKLEUS OFFICE SOLUTIONS LIMIT",M,STK,194.6,194.6,192,192,192,193.9,2,1200,231960,
544371,"VIKRAM AROMA LIMITED",X,STK,65.99,66.19,62.9,64.06,66.19,61.1,43,996,64187,
544372,"SHREENATH PAPER PRODUCTS LIMIT",M,STK,10.62,10.62,10.62,10.62,10.62,11.43,1,3000,31860,
544375,"360 ONE Mutual Fund",E,STK,147.7,147.7,143,143.4,143.4,150.43,75,4140,603314,
544376,"Mirae Asset Mutual Fund",B,STK,40.1,40.1,39.64,39.7,39.7,40.9,5,92,3675,
544377,"Mirae Asset Mutual Fund",B,STK,12.41,12.42,12.25,12.26,12.3,12.66,19,3123,38428,
544379,"Prabha Energy Limited",B,STK,153.9,160,151,152.2,154,158.35,138,2922,453870,
544380,"ICICI Prudential Mutual Fund",F,STK,1054.01,1054.01,1053.99,1054.01,1054.01,1053.72,3,248,261390,
544381,"Super Iron Foundry Limited",M,STK,30,30.3,28.1,29.39,29.39,30.46,14,16800,489396,
544382,"Axis Mutual Fund",B,STK,31.7,32.67,30.98,31.71,31.71,32.12,88,7923,250765,
544383,"PARADEEP PARIVAHAN LIMITED",M,STK,147.1,152,145,151.5,152,154.95,6,7200,1068240,
544384,"Zerodha Mutual Fund",E,STK,24.41,24.94,23.15,23.58,23.58,25.12,2044,995130,23625001,
544385,"SBI Mutual Fund",B,STK,48.92,49.88,48.3,48.91,49.88,50.39,155,4466,219141,
544386,"Spectrum Electrical Industries",B,STK,1400,1420,1340.3,1419.1,1419.1,1386.5,41,151,209292,
544387,"Desco Infratech Limited",M,STK,130,133.9,126.75,127.15,127,131.55,25,24000,3087075,
544388,"Identixweb Limited",M,STK,91.71,97.49,91.71,97.45,97.45,93.51,5,10000,948260,
544389,"360 ONE Mutual Fund",E,STK,236.14,237.18,223,223.83,224.3,243.04,368,12510,2886160,
544390,"Siemens Energy India Limited",B,STK,2789.45,2815.8,2750,2756.45,2757,2841,1091,15626,43386119,
544392,"SPINAROO COMMERCIAL LIMITED",MT,STK,63.42,63.42,63.42,63.42,63.42,66.75,3,6000,380520,
544394,"ICICI Prudential Mutual Fund",B,STK,27.72,28.7,27.49,27.52,28.7,28.2,75,4727,130555,
544395,"STL Networks Limited",B,STK,18.65,18.66,18.25,18.34,18.34,18.6,551,123756,2270175,
544396,"Network People Services Techno",B,STK,976,1065,976,1032.6,1034.75,1078.2,144,1218,1274718,
544397,"Ather Energy Limited",B,STK,740,785,738.6,753.85,753.85,749.85,12093,490861,375877306,
544399,"SRIGEE DLM LIMITED",M,STK,77.4,77.4,77.4,77.4,77.4,74.5,1,2400,185760,
544400,"Manoj Jewellers Limited",M,STK,42.07,42.07,42,42,42,42.07,2,4000,168140,
544401,"Mirae Asset Mutual Fund",B,STK,305,305.65,303.83,305.63,305.65,311.17,4,103,31478,
544402,"JASH ENGINEERING LIMITED",B,STK,360.15,371.05,360.15,365.1,364.9,369.9,200,3912,1439129,
544403,"Aditya Birla Lifestyle Brands",B,STK,98.45,98.45,92.1,93.5,93.5,98.75,1857,111896,10544388,
544404,"BORANA WEAVES LIMITED",T,STK,372.1,377,359.75,363.2,361.9,378.65,42,1912,704797,
544405,"BELRISE INDUSTRIES LIMITED",B,STK,180.8,185.5,176.2,177.35,177.35,183.75,5164,414662,75356165,
544406,"UNIFIED DATA TECH SOLUTIONS LI",M,STK,308.65,314,303.6,307.35,307.35,315.55,42,25600,7964040,
544407,"AEGIS VOPAK TERMINALS LIMITED",B,STK,186.35,187.65,172,176.7,176.7,189.4,1350,46942,8479681,
544408,"Leela Palaces Hotels & Resorts",B,STK,410.75,417.4,405,412.1,416.95,410.75,281,6278,2584174,
544409,"ASTONEA LABS LIMITED",M,STK,153.95,154.9,153.95,154.9,154.9,154.95,3,3000,462950,
544410,"PROSTARM INFO SYSTEMS LIMITED",B,STK,126,129.8,124,127.15,127.7,129.85,451,25037,3150809,
544411,"Scoda Tubes Limited",B,STK,131.95,131.95,123.35,124.55,124.45,131.65,133,7183,906622,
544412,"3B FILMS LIMITED",M,STK,21,21,19.03,20.5,21,19.5,9,27000,535230,
544413,"Digitide Solutions Limited",B,STK,76.89,78,73.65,74.07,74.22,77.24,555,24478,1841829,
544414,"Bluspring Enterprises Limited",B,STK,45.89,46.62,44.56,44.71,44.73,46.83,246,11175,506102,
544415,"Nippon India Mutual Fund",B,STK,39.01,39.55,38.27,38.92,39.07,39.94,98,3060,118416,
544416,"KRISHIVAL FOODS LIMITED",B,STK,320.5,320.5,320,320,320,320.7,9,47,15040,
544417,"Aten Papers & Foam Limited",M,STK,18,18.05,17.55,17.55,17.55,18.7,10,14400,257544,
544418,"Oswal Pumps Limited",B,STK,308.95,316.2,302,305.65,307.5,318.85,1242,55234,17103571,
544419,"ArisInfra Solutions Limited",B,STK,101.15,104.85,101.15,102.4,103.85,105.85,282,19726,2035892,
544420,"Raymond Realty Limited",B,STK,421.4,430.05,404.5,408.8,410.55,433.7,969,41673,17325514,
544421,"ELLENBARRIE INDUSTRIAL GASES L",B,STK,203,216.25,197.7,203.25,203.5,209.15,991,33943,7008867,
544422,"Abram Food Limited",M,STK,59.2,63.5,59.2,62.1,62.1,64.7,4,4800,296160,
544423,"Kalpataru Limited",B,STK,300,303.65,295.65,297.95,296.95,306.4,91,1547,465192,
544424,"GLOBE CIVIL PROJECTS LIMITED",B,STK,41.15,43.18,41.15,42.48,42.5,43.15,40,4394,188154,
544425,"AJC Jewel Manufacturers Limite",MT,STK,98.6,98.6,98.55,98.55,98.55,103.7,3,3600,354840,
544426,"Icon Facilitators Limited",M,STK,53.5,53.5,53.35,53.35,53.35,53.05,4,4800,256344,
544427,"ICICI Prudential Mutual Fund",B,STK,9.57,9.99,9.45,9.5,9.49,9.95,58,14349,136477,
544428,"SUPERTECH EV LIMITED",MT,STK,46,47,46,46.35,46.35,47.77,8,9600,445092,
544429,"HDB FINANCIAL SERVICES LIMITED",B,STK,641.9,650.85,630,634.2,634.2,655.45,6015,73883,47172992,
544430,"SAMBHV STEEL TUBES LIMITED",B,STK,90.43,92.74,89.88,90.13,91,93.03,469,34889,3189213,
544431,"Ace Alpha Tech Limited",M,STK,91.2,91.2,91,91,91,94.95,3,11000,1001200,
544432,"Indogulf Cropsciences Limited",B,STK,58.05,58.05,56.46,56.7,56.5,58.6,515,38299,2182231,
544433,"Valencia India Limited",M,STK,14.5,14.5,13.56,14,14,14.5,11,14400,203412,
544434,"Neetu Yoshi Limited",M,STK,82.15,84.5,82.15,83.67,84.5,85.47,38,33600,2790888,
544435,"ADCOUNTY MEDIA INDIA LIMITED",M,STK,110.9,118,108,116.5,117,111.45,68,62400,7107080,
544436,"VANDAN FOODS LIMITED",M,STK,35.05,35.05,35,35,35,35.59,2,2400,84060,
544437,"MARC LOIRE FASHIONS LIMITED",MT,STK,51.96,51.96,51.95,51.95,51.95,54.68,2,2400,124692,
544438,"Mirae Asset Mutual Fund",B,STK,11.3,11.34,11.14,11.16,11.2,11.6,43,28041,316503,
544439,"CRIZAC LIMITED",B,STK,216.25,218.4,203.7,205.5,205.25,217.6,496,14795,3117790,
544440,"CRYOGENIC OGS LIMITED",M,STK,166.3,169,162,163.05,163,170.65,21,18000,2993625,
544441,"META INFOTECH LIMITED",M,STK,75.5,77,72.2,73.04,73.04,76.73,49,49600,3701264,
544442,"Chemkart India Limited",M,STK,102.5,102.5,99.14,99.17,99.14,104.35,16,15000,1497492,
544443,"TRAVEL FOOD SERVICES LIMITED",B,STK,1114,1135.5,1098,1101.85,1098.85,1131.35,218,1795,2004293,
544444,"Glen Industries Limited",M,STK,63.9,66,63.9,64.2,64.25,62,40,49200,3204924,
544445,"ASSTON PHARMACEUTICALS LIMITED",M,STK,73,73,72.5,72.5,72.5,74.43,6,9000,653100,
544446,"Advent Hotels International Li",B,STK,152,154.55,149.35,152.4,152,153.9,138,3320,503694,
544447,"SMARTWORKS COWORKING SPACES LI",B,STK,392,403.3,382.45,395.3,391.2,403.25,135,2035,798928,
544448,"Pashupati Cotspin Limited",B,STK,1010,1010,982,985.5,985,987.55,92,123,122443,
544449,"Anthem Biosciences Limited",B,STK,643,643,627,633.15,633.15,648.2,414,6977,4435641,
544450,"CHEMBOND CHEMICALS  LIMITED",B,STK,129.6,129.6,128.7,128.7,128.7,131.4,5,170,22004,
544451,"MONIKA ALCOBEV LIMITED",M,STK,246,246,241,243.25,241,240.8,15,308400,74645200,
544452,"Swastika Castal Limited",M,STK,53.1,53.1,50.01,50.1,50.1,52.02,11,24000,1243840,
544453,"Monarch Surveyors and Engineer",M,STK,192.75,193,188,189,190,193.2,20,13800,2625510,
544454,"INDIQUBE SPACES LIMITED",B,STK,135.05,152.1,135.05,146.35,145,146.3,132,3742,554258,
544455,"GNG Electronics Limited",B,STK,381.05,392.8,375,378.55,378.55,389.65,687,13555,5210714,
544456,"R M DRIP AND SPRINKLERS SYSTEM",B,STK,39.5,40.86,38.92,40.86,40.86,38.92,341,182080,7410924,
544457,"Brigade Hotel Ventures Limited",B,STK,59.1,60.25,59.1,59.63,59.65,60.26,219,6713,402051,
544458,"SHREE REFRIGERATIONS LIMITED",M,STK,188.7,191.9,183.15,185.3,188,188.75,115,80000,14978450,
544459,"SHANTI GOLD INTERNATIONAL LIMI",B,STK,189.45,189.45,183.05,183.25,184.2,190.15,155,12596,2319923,
544460,"PATEL CHEM SPECIALITIES LIMITE",M,STK,66.1,66.99,64.25,66.99,66.99,65.68,10,60800,3982800,
544461,"Euro Panel Products Limited",B,STK,146.1,152.5,146.1,152.5,152.5,150.3,2,50,7465,
544463,"REPONO LIMITED",M,STK,55,57,55,55,55,51.32,4,9600,540000,
544465,"LAXMI INDIA FINANCE LIMITED",B,STK,83,83.02,80.35,80.54,80.96,83.61,206,20790,1696316,
544466,"Aditya Infotech Limited",B,STK,1664.35,1716.35,1644.95,1667.7,1665,1681.85,632,5655,9532385,
544467,"National Securities Depository",B,STK,875,888.8,874.35,878.65,878.65,895.8,17200,394778,348585888,
544468,"B. D. Industries (Pune) Limite",M,STK,98,98,98,98,98,100,2,2400,235200,
544469,"Sri Lotus Developers and Realt",B,STK,119.45,120.9,116.25,117,117,123.2,726,69190,8251511,
544470,"M & B ENGINEERING LIMITED",B,STK,279,279,265.4,268.55,268.55,282.2,369,8464,2298121,
544471,"TAKYON NETWORKS LIMITED",M,STK,28.12,28.12,28.05,28.05,28.05,28.88,11,28000,786440,
544472,"MEHUL COLOURS LIMITED",M,STK,63.8,63.8,63.8,63.8,63.8,65.5,1,1600,102080,
544473,"Groww Mutual Fund",B,STK,10.44,11.22,10.33,10.56,10.91,10.53,1087,1425392,15037725,
544474,"BLT Logistics Limited",M,STK,27.4,29.75,27.35,28.25,28.25,28.5,7,27200,754080,
544475,"ESSEX MARINE LIMITED",M,STK,28.5,29.45,27.01,29.23,29,28.7,7,14000,390520,
544476,"Jeena Sikho Lifecare Limited",B,STK,616,632.35,604,607.9,606.8,628.15,591,15838,9800911,
544477,"Highway Infrastructure Limited",B,STK,49.6,50.16,48.01,48.11,48.11,50.58,160,14456,703205,
544478,"SBI Mutual Fund",F,STK,1031.02,1031.02,1031,1031,1031,1029.95,3,5585,5758190,
544479,"ALL TIME PLASTICS LIMITED",B,STK,205.05,226.25,205.05,217.5,215.1,216.55,221,6123,1350452,
544480,"JSW CEMENT LIMITED",B,STK,116.8,117.4,114.3,114.8,114.8,118.7,2085,211134,24491218,
544481,"KNOWLEDGE REALTY TRUST",IF,STK,117.74,117.74,111.62,114.62,114.31,114.87,478,26565,3012050,
544482,"STAR IMAGING AND PATH LAB LIMI",M,STK,57,57.75,55.02,56.86,57,58.75,57,64000,3649840,
544483,"ICODEX PUBLISHING SOLUTIONS LI",M,STK,38.4,38.4,35.5,36.05,36.05,36.5,13,213600,7592064,
544484,"BlueStone Jewellery and Lifest",B,STK,529.35,564,523.65,535.4,545,544.1,980,16981,9069699,
544485,"REGAAL RESOURCES LIMITED",B,STK,74,75.18,70.91,71.17,71.17,74.91,640,55406,4047819,
544486,"Zerodha Mutual Fund",F,STK,30.25,30.25,29.95,30.01,30.01,30,18,2034,61016,
544487,"PATEL RETAIL LIMITED",B,STK,171.25,174.45,166,166.1,167.85,173.5,131,1805,308534,
544488,"Vikram Solar Limited",B,STK,189.95,193,186.35,189.2,191,193.5,1826,161101,30492262,
544489,"LGT Business Connextions Limit",M,STK,47.25,47.5,47.25,47.5,47.5,49.66,4,4800,227700,
544490,"Shreeji Shipping Global Limite",B,STK,368,369.05,358.7,360.5,364,370.95,151,2772,1013879,
544491,"Gem Aromatics Limited",T,STK,168,170.8,166.15,167.55,166.6,170.45,49,3249,546129,
544492,"MANGAL ELECTRICAL INDUSTRIES L",B,STK,238.95,239.8,230,230.85,233.65,241.95,204,4213,983777,
544493,"Nippon India Mutual Fund",B,STK,147.02,148.78,146.57,146.57,146.57,147.53,8,53,7841,
544494,"Globtier Infotech limited",M,STK,21,21.75,20.25,20.68,20.6,21.1,10,16000,334960,
544495,"NIS MANAGEMENT LIMITED",M,STK,48.5,50,46.99,49.92,50,48.5,20,38400,1846560,
544496,"Vikran Engineering Limited",B,STK,61,62.17,59.83,60.03,60.15,63.34,1530,122695,7490997,
544497,"ANLON HEALTHCARE LIMITED",B,STK,114.25,114.85,111.45,112.75,112.85,114.25,193,7285,819403,
544498,"OVAL PROJECTS ENGINEERING LIMI",M,STK,46.25,46.25,45.08,45.29,45.08,47.2,4,6400,292528,
544499,"Career Point Edutech Limited",B,STK,172.75,175.2,165.5,167.6,169.45,175.9,35,3943,679730,
544500,"ABRIL PAPER TECH LIMITED",M,STK,31.4,31.4,31,31,31,32.6,4,8000,248800,
544501,"SUGS LLOYD LIMITED",M,STK,104.95,112.98,103.15,106.01,108,110.45,144,160000,17442250,
544502,"Amanta Healthcare Limited",B,STK,96.6,97.1,94.25,95.5,94.25,97.35,30,2652,253894,
544503,"Rachit Prints Limited",MT,STK,99,103,99,102,102,102.5,5,7000,714050,
544504,"GOEL CONSTRUCTION COMPANY LIMI",M,STK,272,277.5,268.05,271.6,272,274.4,22,14400,3915940,
544505,"AUSTERE SYSTEMS LIMITED",M,STK,47.75,47.75,47.75,47.75,47.75,45.11,1,2000,95500,
544506,"SHARVAYA METALS LIMITED",M,STK,112,112,105.5,106.7,106.5,107.5,25,16200,1737810,
544507,"Zerodha Mutual Fund",B,STK,9.04,9.05,8.85,9,9,9.16,444,115652,1039542,
544509,"Krupalu Metals Limited",M,STK,28.7,28.78,28.51,28.78,28.78,29.7,16,36800,1055040,
544510,"NILACHAL CARBO METALICKS LIMIT",M,STK,76.25,76.25,76.25,76.25,76.25,78.63,1,1600,122000,
544511,"Karbonsteel Engineering Limite",M,STK,134.1,142,134.1,142,142,139.1,2,1600,220880,
544512,"SHRINGAR HOUSE OF MANGALSUTRA",B,STK,200.5,200.5,190.95,192.1,191.55,202.2,522,20856,4087789,
544513,"Dev Accelerator Limited",B,STK,39.48,39.71,36.8,37.08,36.97,40.3,282,11576,435868,
544514,"JAY AMBE SUPERMARKETS LIMITED",MT,STK,204.3,204.3,204.3,204.3,204.3,209.85,1,1600,326880,
544515,"Urban Company Limited",B,STK,118.05,120.35,113.1,113.85,113.85,121.2,10985,1640609,190793163,
544516,"AIRFLOA RAIL TECHNOLOGY LIMITE",M,STK,279,293,279,283.6,282.6,288.5,45,50000,14296900,
544517,"Shankara Buildpro Limited",B,STK,935.8,946.25,902.75,905.85,905,951.45,212,1875,1738026,
544518,"L. T. ELEVATOR LIMITED",MT,STK,175,175,170,170.55,170,177.55,21,33600,5777600,
544519,"EURO PRATIK SALES LIMITED",B,STK,221.65,224.3,209.85,212.05,211.65,223.4,496,20060,4301350,
544520,"SAMPAT ALUMINIUM LIMITED",M,STK,48.1,49.9,48.1,49.9,49.9,49.95,4,9600,466080,
544521,"VMS TMT LIMITED",B,STK,40.3,41.68,40.3,41.18,41.34,42.39,42,6003,248272,
544522,"A B Cotspin India Limited",B,STK,404.5,409.05,401.65,402.3,402.3,395.95,6,38,15291,
544523,"IVALUE INFOSOLUTIONS LIMITED",B,STK,227.25,229.95,224,226.1,227.5,233.6,168,3249,736060,
544524,"JD CABLES LIMITED",M,STK,170,172.95,164.35,165.5,165.45,177.4,38,30400,5098680,
544525,"GK ENERGY LIMITED",B,STK,105.95,105.95,102.6,103.2,103.9,106.8,265,13805,1438967,
544526,"Saatvik Green Energy Limited",B,STK,349.35,380.85,349.35,366.85,366.85,358.25,622,16768,6210489,
544527,"Atlanta Electricals Limited",B,STK,1051.5,1117,1038.05,1070.8,1068,1077.85,1853,18960,20623005,
544528,"Ganesh Consumer Products Limit",B,STK,166.95,171.25,163.7,169.95,170.65,170.45,344,10734,1794792,
544530,"ANAND RATHI SHARE AND STOCK BR",B,STK,480,483.3,462.6,465.05,465.1,486.4,806,16111,7579454,
544531,"TRUE COLORS LIMITED",M,STK,130.6,131.7,125,127.05,127.05,130.65,76,78600,10094490,
544532,"Solarworld Energy Solutions Li",B,STK,164.9,164.9,157.05,159.05,158.75,164.6,331,13641,2185543,
544533,"Seshaasai Technologies Limited",B,STK,255,255,230,232.35,233,253,602,23668,5652486,
544534,"Jaro Institute of Technology M",B,STK,476,476.65,466.55,469.9,472.9,485.85,351,5979,2817968,
544536,"Wealth First Portfolio Manager",B,STK,880,880,880,880,880,894.25,7,20,17600,
544537,"Jain Resource Recycling Limite",B,STK,431.35,442.7,426.65,437.65,437.65,438.95,1760,84695,36927845,
544539,"Solvex Edibles Limited",M,STK,17.27,18.1,17.25,18.1,18.1,17.24,9,16000,277552,
544540,"Epack Prefab Technologies Limi",B,STK,157.85,164.4,152,152,152,160,1196,51852,8173186,
544541,"SYSTEMATIC INDUSTRIES LIMITED",M,STK,145.25,149,140.9,145.5,145.5,145.85,17,26400,3842790,
544543,"BMW VENTURES LIMITED",B,STK,59,59.24,58,58.52,58.68,59.54,75,7949,467957,
544545,"TRUALT BIOENERGY LIMITED",B,STK,381.15,400,381.15,395.75,395.75,386.95,358,15352,6015508,
544546,"Chatterbox Technologies Limite",M,STK,46,47.5,46,46.98,46.5,49,8,30000,1404720,
544547,"Jinkushal Industries Limited",B,STK,52.34,52.78,50.52,50.95,50.95,53.24,69,12095,618772,
544548,"GUJARAT PEANUT AND AGRI PRODUC",M,STK,78,80.92,77.49,80.2,80.2,77,12,22400,1779280,
544549,"EARKART LIMITED",M,STK,122.5,122.5,122.1,122.1,122.1,120,2,2000,244600,
544550,"Pace Digitek Limited",B,STK,169.3,174.5,163.45,165.1,166.5,171.35,726,26367,4455416,
544551,"BHAVIK ENTERPRISES LIMITED",M,STK,152.5,152.5,149,149,149,148,4,23000,3487000,
544552,"RUKMANI DEVI GARG AGRO IMPEX L",MT,STK,111.15,117.4,111.15,117.15,117.4,117,5,19200,2237040,
544553,"M P K STEELS (I) LIMITED",M,STK,130,130,129.3,129.5,129.5,129,45,92800,12018080,
544554,"KVS Castings Limited",M,STK,50.01,54,50.01,51.65,51.65,54.5,9,18000,929320,
544555,"AMEENJI RUBBER LIMITED",M,STK,112.6,112.6,108.5,110,110,114.6,7,9600,1066020,
544556,"Dhillon Freight Carrier Limite",M,STK,31,31,31,31,31,32.7,1,1600,49600,
544557,"Glottis Limited",B,STK,43.21,43.75,42.9,43.01,43.2,44.37,79,5038,218158,
544558,"Fabtech Technologies Limited",B,STK,148.95,148.95,142.25,143.45,145.9,149.05,105,4501,648970,
544559,"OM METALLOGIC LIMITED",M,STK,18.15,18.15,14.7,16,16,18.15,11,17600,291536,
544560,"SODHANI CAPITAL LIMITED",M,STK,67.15,68,64,64,64,68.9,5,10000,669800,
544561,"Chiraharit Limited",M,STK,6.51,6.55,6.26,6.3,6.3,6.58,10,60000,384720,
544562,"Advance Agrolife Limited",B,STK,98.75,99.55,97.6,97.9,97.6,101.35,118,7945,780953,
544563,"Zelio E Mobility Limited",MT,STK,320,345.2,320,343.1,345.2,328.8,48,50000,17103350,
544564,"Om Freight Forwarders Limited",B,STK,72.05,73.01,71.5,71.52,72.52,73.11,57,1930,138979,
544565,"Valplast Technologies Limited",M,STK,45.6,45.6,41,41,41,45.6,11,28000,1197840,
544568,"DSM Fresh Foods Limited",M,STK,105.8,108.2,105,106.1,107.65,105.35,19,22800,2427600,
544569,"Tata Motors Limited",B,STK,440,440,413.8,417.45,417.45,447.75,17285,611039,260166214,
544570,"WeWork India Management Limite",B,STK,487,489.45,465.9,468.25,469.55,496.75,745,10391,4929607,
544572,"SKF INDIA (INDUSTRIAL) LIMITED",B,STK,2195.7,2233.05,2145.75,2193.75,2219,2246.85,117,517,1143760,
544573,"Edelweiss Mutual Fund",F,STK,1022.85,1022.85,1022.85,1022.85,1022.85,1022.44,6,19,19434,
544574,"Tata Capital Limited",A,STK,318.75,319.65,312.2,312.9,312.9,324.3,5639,143816,45338422,
544575,"Mittal Sections Limited",M,STK,28.79,28.79,28.79,28.79,28.79,30.3,2,2000,57580,
544576,"LG Electronics India Limited",B,STK,1552.15,1571.6,1521.5,1526.8,1526.8,1580.35,2057,222895,346635745,
544578,"RUBICON RESEARCH LIMITED",B,STK,764.7,771.35,748.85,756.35,760,767.8,492,5775,4379912,
544579,"Anantam Highways Trust",IF,STK,102.61,103,102.61,103,103,102.06,11,53,5439,
544580,"Canara Robeco Asset Management",B,STK,236,242.35,230.35,235.15,235.6,239.5,830,29606,7059516,
544581,"DSP Mutual Fund",B,STK,9.3,9.4,9.1,9.4,9.4,9.37,14,4833,44351,
544582,"SHLOKKA DYES LIMITED",M,STK,24,24,23.31,23.31,23.31,24.53,15,18000,422208,
544583,"Canara HSBC Life Insurance Com",B,STK,145,146.3,143,144.3,144.3,147.3,1013,434909,63389254,
544584,"SK Minerals & Additives Limite",M,STK,123.2,127.25,116,125.65,127.25,116.5,13,21000,2600900,
544585,"SIHORA INDUSTRIES LIMITED",M,STK,51.2,51.2,51.2,51.2,51.2,51,1,4000,204800,
544586,"Zerodha Mutual Fund",B,STK,9.24,9.71,9.16,9.31,9.31,9.48,827,559134,5174324,
544587,"Midwest Limited",B,STK,1276.1,1320.05,1240,1248.05,1240,1309.45,388,3190,4122873,
544594,"GAME CHANGERS TEXFAB LIMITED",M,STK,112,112,112,112,112,112,1,1200,134400,
544595,"Orkla India Limited",B,STK,558.05,567,553.2,565.1,567,566.6,359,6891,3866530,
544596,"Safecure Services Limited",M,STK,30.4,36.8,29.51,34.84,34.84,32.5,9,10800,349140,
544597,"Piramal Finance Limited",B,STK,1795.05,1820,1770.25,1806.1,1791,1825.35,1429,15789,28352084,
544598,"Accuracy Shipping Limited",B,STK,4.12,4.12,3.86,3.87,3.87,4.03,13,1505,5923,
544599,"Studds Accessories Limited",B,STK,496,496,476.05,485,483.85,495.9,205,3687,1782741,
544600,"Lenskart Solutions Limited",B,STK,502.9,510.9,498.2,502.2,502.85,511.65,1422,81445,41077228,
544601,"Choice Mutual Fund",E,STK,151,151,144.56,147.96,150.25,155,59,374,54933,
544603,"Billionbrains Garage Ventures",B,STK,159.45,160.75,156.25,158.35,158.35,163.35,7159,983740,156500284,
544604,"Mirae Asset Mutual Fund",B,STK,35.84,36.29,35.66,35.81,35.79,36.31,251,294987,10633549,
544605,"Mirae Asset Mutual Fund",B,STK,14.99,14.99,14.73,14.79,14.81,15.18,317,257216,3832452,
544606,"Pine Labs Limited",B,STK,171.35,171.35,165.35,168.15,168.8,171.35,614,30088,5020912,
544608,"Emmvee Photovoltaic Power Limi",B,STK,230.3,240.75,228.55,231.5,231.5,238.35,3595,201920,47618815,
544609,"Physicswallah Limited",B,STK,82.4,88.08,82.4,86.23,86.23,86.81,10969,1140063,98487513,
544610,"WORKMATES CORE2CLOUD SOLUTION",M,STK,310,312.7,310,310.05,310.05,309.7,10,6000,1865460,
544611,"MAHAMAYA LIFESCIENCES LIMITED",MT,STK,142,143,139.95,143,143,141.65,14,36000,5064420,
544612,"Tenneco Clean Air India Limite",B,STK,544.85,564.3,531.45,540.6,540.6,554.95,3131,37282,20514483,
544613,"Fujiyama Power Systems Limited",B,STK,189.6,199.65,189.6,196.4,196,195.55,403,13339,2620558,
544614,"Capillary Technologies India L",B,STK,504.7,505.45,501.65,503.8,503.1,509.05,60,1031,519392,
544615,"KSR Footwear Limited",T,STK,35.67,36.5,35.67,36.5,36.5,36.39,8,1038,37245,
544616,"Gallard Steel Limited",M,STK,131.3,136.95,126,132.75,131.25,135.6,12,12000,1570000,
544617,"Excelsoft Technologies Limited",B,STK,76,78,75.75,76.25,77.35,77.31,327,19601,1503524,
544618,"Edelweiss Mutual Fund",B,STK,74.95,74.95,74.95,74.95,74.95,75.44,1,2,149,
544619,"Sudeep Pharma Limited",B,STK,610,611.7,596,598.35,603.15,620.1,135,2145,1290333,
544621,"SSMD AGROTECH INDIA LIMITED",M,STK,48.45,57,45.8,56.97,56.98,48.45,70,75000,4083830,
544622,"Kwality Walls (India) Limited",B,STK,24.2,24.66,23.61,23.87,23.87,24.8,5851,648097,15601613,
544623,"Mother Nutri Foods Limited",M,STK,146.7,146.7,144.05,144.1,144.1,144,7,51600,7496160,
544624,"K K SILK MILLS LIMITED",M,STK,10.52,10.99,10.45,10.72,10.99,10.99,16,48000,508980,
544625,"Logiciel Solutions Limited",M,STK,35.87,35.87,35.87,35.87,35.87,34.17,8,9600,344352,
544626,"EXATO TECHNOLOGIES LIMITED",M,STK,350.05,368.05,350.05,366.8,368.05,357.85,50,116000,41508650,
544628,"Astron Multigrain Limited",M,STK,18.05,18.05,16.31,17.62,17.56,18.08,11,22000,380400,
544629,"Ravelcare Limited",M,STK,143,143,140,143,143,145,3,3000,426000,
544631,"CREATIVE NEWTECH LIMITED",B,STK,600,619.45,597.35,601.85,598.35,607.7,217,2271,1370796,
544632,"Meesho Limited",B,STK,141.1,149.45,141.1,144.1,144,148.15,2294,191536,28017226,
544633,"VIDYA WIRES LIMITED",B,STK,52,54.5,51.15,53.04,54,55.28,642,77386,4146691,
544634,"Aequs Limited",B,STK,125.05,125.15,121.35,123.25,123.45,126.25,586,56258,6936135,
544635,"Luxury Time Limited",M,STK,56.5,58.4,56.2,57.4,57.4,58.5,12,24000,1372000,
544636,"Western Overseas Study Abroad",M,STK,18.91,18.91,18.91,18.91,18.91,19.9,1,2000,37820,
544637,"Methodhub Software Limited",M,STK,101.35,102.95,100,100.8,100.95,103.55,24,19200,1942290,
544638,"Bandhan Mutual Fund",E,STK,150.89,151.89,145.69,146.01,146,154,286,2615,388445,
544639,"Bandhan Mutual Fund",E,STK,240.5,240.54,228.1,228.89,228.6,248.42,383,6107,1421608,
544640,"Riddhi Display Equipments Limi",M,STK,32.11,33.28,32.11,32.28,32.28,34.9,6,7200,233160,
544641,"K. V. TOYS INDIA LIMITED",M,STK,206,210,202.65,204,204,208.8,20,19800,4086690,
544642,"Wakefit Innovations Limited",B,STK,163.4,163.4,157.05,157.45,158.3,165.65,181,4962,793126,
544644,"Corona Remedies Limited",B,STK,1618,1632.65,1588,1600.45,1615,1630.5,191,1153,1848613,
544645,"PARK MEDI WORLD LIMITED",B,STK,198.95,201.25,193.35,194.15,194.15,200.95,709,28074,5542049,
544646,"Shipwaves Online Limited",M,STK,4.38,4.38,4.18,4.38,4.38,4.18,67,840000,3638600,
544647,"Nephrocare Health Services Lim",B,STK,549.95,549.95,520.65,527,523,553.45,586,7573,4047850,
544648,"UNISEM AGRITECH LIMITED",M,STK,59,59,59,59,59,60.09,1,2000,118000,
544654,"DSP Mutual Fund",B,STK,14.9,14.9,14.81,14.81,14.81,15.12,12,1006,14899,
544655,"DSP Mutual Fund",B,STK,20.3,21,20.22,20.26,20.27,20.71,24,11448,233246,
544656,"HRS ALUGLAZE LIMITED",MT,STK,265,269,264,264,264,262,18,93600,24830520,
544657,"Pajson Agro India Limited",MT,STK,191.25,197,188.05,189.3,188.2,197.9,20,30000,5723160,
544658,"ICICI Prudential Asset Managem",A,STK,2958.65,2970.4,2805.6,2818.2,2818.2,3019,4420,145417,422060145,
544660,"Mirae Asset Mutual Fund",B,STK,8.48,8.49,8.34,8.38,8.39,8.66,67,29850,250968,
544661,"Mirae Asset Mutual Fund",B,STK,34.6,34.6,33.95,34.01,34.09,34.96,18,1375,47232,
544662,"SIMANDHAR IMPEX LIMITED",XT,STK,123.9,124.5,123,123.9,123.9,118.8,13,712,88413,
544663,"NEPTUNE LOGITEK LIMITED",M,STK,40.5,47,40.01,47,47,43.01,23,27000,1165570,
544664,"KSH INTERNATIONAL LIMITED",B,STK,402.3,417.75,400.9,404.05,404.9,418.5,1108,29320,12023781,
544665,"Global Ocean Logistics India L",MT,STK,102.1,112.65,102,108,108,107.35,12,22400,2327600,
544666,"GUJARAT KIDNEY AND SUPER SPECI",B,STK,101.65,105,101.65,103.1,102.8,105.25,351,16030,1654377,
544667,"Dachepalli Publishers Limited",M,STK,52.5,58,52.5,57.5,57.5,57.87,5,30000,1729800,
544669,"ADMACH SYSTEMS LIMITED",M,STK,198,199,191.55,193.5,193,203,8,4800,938670,
544670,"BAI-KAKAJI POLYMERS LIMITED",M,STK,170.05,183,170,182.95,182.95,173.1,7,12000,2165730,
544671,"APOLLO TECHNO INDUSTRIES LIMIT",M,STK,88.9,90,88,88.3,88.3,92,27,50000,4444600,
544672,"The Wealth Company Mutual Fund",E,STK,149.05,149.05,144.09,144.99,144.09,153.5,15,122,17776,
544673,"MODERN DIAGNOSTIC & RESEARCH C",M,STK,65.35,65.35,63.5,63.85,64.2,67,5,8000,515600,
544674,"DSP Mutual Fund",B,STK,64.5,64.61,63.6,63.65,63.66,65.8,12,2887,184714,
544676,"YAJUR FIBRES LIMITED",M,STK,44.25,44.25,42.31,42.96,42.71,45.2,15,12000,517952,
544677,"Defrail Technologies Limited",M,STK,83.6,86,83,83,83,86,3,4800,404160,
544678,"BHARAT COKING COAL LIMITED",B,STK,34.21,35.5,33.7,33.86,33.86,34.8,5892,1540347,52908748,
544679,"Amagi Media Labs Limited",B,STK,346.2,360.35,341.1,346.05,357.65,350.2,308,4674,1620142,
544680,"Narmadesh Brass Industries Lim",M,STK,162.5,163.5,162.5,162.5,162.5,170,9,2160,351876,
544681,"INDO SMC Limited",M,STK,148,149.5,147,149.5,149.5,151,10,11000,1626900,
544682,"GRE Renew Enertech Limited",M,STK,91.4,91.4,91.4,91.4,91.4,91.4,1,1200,109680,
544683,"Aritas Vinyl Limited",M,STK,15.35,16.69,15.35,16,16,16.05,11,42000,673320,
544684,"DIGILOGIC SYSTEMS LIMITED",M,STK,89.99,89.99,86.4,89.29,89.29,87.1,16,21600,1916604,
544685,"SHADOWFAX TECHNOLOGIES LIMITED",B,STK,110,110.95,107,109.7,109.7,112.4,1302,72138,7856240,
544686,"SHAYONA ENGINEERING LIMITED",M,STK,134.4,140.1,127,136.5,136.5,130.85,15,18000,2426450,
544687,"Hannah Joseph Hospital Limited",M,STK,61,61.84,58.5,59.2,59,61.85,23,170000,10483660,
544688,"KASTURI METAL COMPOSITE LIMITE",M,STK,60.9,60.9,58.59,58.6,58.6,64.88,6,12000,716980,
544693,"KANISHK ALUMINIUM INDIA LIMITE",M,STK,28.7,28.7,28.5,28.61,28.61,29.99,11,17600,503024,
544694,"Accretion Nutraveda Limited",M,STK,199,199,195,198.5,198.5,194.5,3,3000,592500,
544695,"Msafe Equipments Limited",M,STK,112.4,113.45,105.1,108.3,108.1,116.15,32,34000,3722350,
544699,"Aye Finance Limited",B,STK,107.35,108.5,103,103.9,103.85,109.6,581,29995,3184501,
544700,"Fractal Analytics Limited",B,STK,799.9,804.25,790,794.05,799,807.75,1386,19742,15743345,
544701,"Mirae Asset Mutual Fund",B,STK,18.16,18.16,17.82,17.82,17.82,18.16,14,8451,151639,
544702,"DCM SHRIRAM INTERNATIONAL LIMI",B,STK,93.02,105,91,92.97,93.8,100.76,1726,84816,8294858,
544703,"DCM SHRIRAM FINE CHEMICALS LIM",B,STK,23,24.12,22.25,22.51,22.26,23.21,149,23120,536998,
544704,"Mirae Asset Mutual Fund",B,STK,10.74,10.74,10.61,10.61,10.61,10.93,6,9310,99886,
544705,"Mirae Asset Mutual Fund",B,STK,66.59,66.59,63.71,63.86,64.14,66.57,54,10542,681854,
544706,"Aditya Birla Sun Life Mutual F",B,STK,27.75,27.89,27.58,27.89,27.89,29,3,378,10491,
544707,"Fractal Industries Limited",M,STK,204.3,209.95,184,203.5,201.5,212.5,14,8400,1694250,
544708,"Yashhtej Industries (India) Li",M,STK,39.75,40.29,39.5,40.29,40.29,38.38,31,44400,1781616,
544709,"Gaudium IVF and Women Health L",B,STK,83.99,85.8,78.56,80.52,81.43,94.6,4091,464887,37992528,
544710,"ACCORD TRANSFORMER & SWITCHGEA",M,STK,46.09,46.09,45,45.38,45.25,46.72,22,69000,3134010,
544711,"KIAASA RETAIL LIMITED",M,STK,53.9,55.6,53.9,53.9,53.9,59.85,238,568000,30654650,
544716,"SHREE RAM TWISTEX LIMITED",B,STK,47.25,50.7,46.1,48.65,48.65,47.25,831,81453,3989880,
544717,"Clean Max Enviro Energy Soluti",B,STK,860,883.7,842.75,848.8,848.8,865.8,859,15919,13603595,
544718,"PNGS Reva Diamond Jewellery Li",B,STK,370,371.65,362.6,365.5,368.65,370.05,777,26271,9636141,
544719,"Aditya Birla Sun Life Mutual F",B,STK,164.56,164.56,164.56,164.56,164.56,164.56,1,1,164,
544720,"Omnitech Engineering Limited",B,STK,233.55,250,231.8,240.95,242.55,242.25,4089,234475,56738277,
544721,"Groww Mutual Fund",B,STK,46.58,46.58,44.75,45.1,45.1,46.18,207,19106,862178,
544722,"SBI Mutual Fund",B,STK,57.73,58.45,56.21,56.4,56.74,58.54,23,4681,271238,
544723,"SEDEMAC MECHATRONICS LIMITED",B,STK,1504.3,1520.55,1490.35,1506.2,1506.2,1533.25,1435,22268,33483915,
544724,"Elfin Agro India Limited",MT,STK,48.2,49,48.2,48.58,48.58,48.2,15,51000,2477010,
544725,"DSP Mutual Fund",B,STK,16.48,17.25,16.1,17.25,17.25,17.98,39,17784,290838,
544726,"Kotyark Industries Limited",B,STK,335.95,374.55,335.95,364.45,362.75,344.6,139,2128,755881,
544731,"RAJPUTANA STAINLESS LIMITED",B,STK,123.95,123.95,111.25,112.9,112.9,0,6125,487869,57803296,
555555,"ICICI Prudential BSE Sensex ET",A,STK,860.3,865.68,847.13,862.28,865.68,876.53,1161,5621,4820672,
570002,"Future Enterprises Limited",Z,STK,2.7,2.81,2.6,2.8,2.8,2.73,8,4862,13134,
570004,"JAIN IRRIGATION SYSTEMS LTD.",B,STK,21.01,21.23,21,21.2,21.2,22.05,12,4860,103010,
570005,"GACM Technologies Limited - DV",B,STK,0.42,0.45,0.39,0.39,0.4,0.41,79,209148,85745,
590003,"KARUR VYSYA BANK LTD.",B,STK,282.9,282.9,270.3,271.6,271.6,284.8,4867,133471,36832228,
590005,"VEEDOL CORPORATION LIMITED",B,STK,1330.65,1348.15,1323.35,1325.6,1330,1343.5,141,698,931313,
590006,"AMRUTANJAN HEALTH CARE LTD.",B,STK,521.4,525,508,512.6,511.25,519.35,266,991,509502,
590013,"XPRO INDIA LTD.",B,STK,930,984,926,963.1,984,971.9,380,2231,2121296,
590018,"HISAR METAL INDUSTRIES LTD.",B,STK,143,146.65,143,145.2,145.2,142.45,22,1632,235856,
590021,"BHARAT RASAYAN LTD.",B,STK,1307,1314.15,1272.4,1274.25,1272.4,1337.6,194,3928,5109781,
590024,"FERTILIZERS & CHEMICALS TRAVAN",B,STK,807.95,813.45,783.75,788.4,788.4,813,871,13367,10683386,
590025,"GINNI FILAMENTS LTD.",B,STK,35,37.75,34.9,36.4,36.4,36,230,4542,166055,
590030,"SOUTHERN PETROCHEMICALS LTD.",B,STK,62.79,62.79,60.65,60.93,61.3,62.79,243,29801,1831062,
590031,"DE NORA INDIA LTD.",B,STK,728.05,735.65,711,715.95,711,747,56,359,259494,
590041,"Kavveri Defence &amp; Wireless",T,STK,59.2,62.66,57.31,60.53,60.5,59.69,92,10683,645683,
590051,"SAKSOFT LTD.",B,STK,118,121.25,115.5,117.5,115.5,119.4,349,57953,6820368,
590056,"SALONA COTSPIN LTD.",B,STK,265,265,265,265,265,265.1,1,10,2650,
590057,"EQUIPPP SOCIAL IMPACT TECHNOLO",T,STK,18.94,18.94,17.6,18.94,18.94,18.04,10,1851,33467,
590062,"ANDHRA SUGARS LTD.",B,STK,70.26,70.26,68.5,68.52,68.54,69.78,158,11736,809311,
590065,"INDIA MOTOR PARTS & ACCESSORIE",B,STK,1035,1038.6,1035,1037.35,1038.6,1016.45,2,100,103734,
590066,K.C.P.LTD.,B,STK,140.6,143,137.3,138.4,137.8,143.6,213,19922,2775999,
590068,"KHAITAN (INDIA) LTD.",B,STK,95.11,99.12,95.11,98.58,97,99.99,6,170,16680,
590070,"RADAAN MEDIAWORKS (I) LTD.",B,STK,3.06,3.08,2.87,2.94,2.94,2.82,32,6556,19778,
590071,"SUNDARAM FINANCE LTD.",B,STK,4959,4990.85,4785.3,4821.05,4830,4997.05,327,1288,6304706,
590072,"SUNDARAM BRAKE LININGS LTD.",B,STK,553,553,534,535.1,540,542,4,41,22476,
590073,"WHEELS INDIA LTD.",B,STK,967.55,1000,962.75,989.5,989.5,972.25,309,3395,3331758,
590075,"LAMBODHARA TEXTILES LTD.",B,STK,101,101,95.2,95.6,95.6,98.7,30,718,68990,
590078,"MAITHAN ALLOYS LTD.",B,STK,930,930,873,881.15,890,931,272,2871,2565626,
590086,"ORISSA MINERALS DEVELOPMENT CO",B,STK,3567.15,3619.1,3438.05,3451,3449.45,3650.1,268,733,2607432,
590095,"NIPPON INDIA ETF GOLD BEES",E,STK,125.23,126.16,120.69,121.3,121.3,127.93,34781,5311126,652907246,
590096,"NIPPON INDIA ETF LIQUID BEES",F,STK,1000,1000.01,999.99,1000,1000,1000,487,104876,104876110,
590097,"KOTAK MAHINDRA MUTUAL FUND - K",E,STK,126.95,127.37,121.74,122.73,122.73,128.91,1192,95038,11821516,
590098,"SBI MUTUAL FUND - SBI GOLD EXC",E,STK,129.3,129.74,124.55,124.91,124.91,131.83,3773,463310,58899800,
590099,"QUANTUM GOLD FUND - EXCHANGE T",E,STK,125.5,125.5,121.5,122.52,122,127.99,707,12464,1533711,
590101,"UTI MUTUAL FUND - UTI GOLD EXC",E,STK,127.84,127.84,122.8,123.35,123.35,130.03,1314,115499,14396444,
590103,"NIPPON INDIA ETF NIFTY BEES",B,STK,264.42,265.98,261.51,262.05,262.05,269.28,8132,827478,217824170,
590104,"NIPPON INDIA ETF JUNIOR BEES",B,STK,699.68,699.69,684,692.2,694,706.4,1961,42709,29554810,
590106,"NIPPON INDIA ETF BANK BEES",B,STK,556.6,559.55,549.48,551.58,551.58,569.91,4606,147505,81835355,
590107,"KOTAK MAHINDRA MUTUAL FUND - K",B,STK,848.59,852.27,839.58,844.51,847.39,868.2,340,1525,1289262,
590108,"NIPPON INDIA ETF PSU BANK BEES",B,STK,94.67,95.34,93.19,93.57,94.14,96.39,2766,232728,21917833,
590109,"NIPPON INDIA ETF SHARIAH BEES",B,STK,447.28,457.3,440.45,447.48,457,456.41,126,1818,811508,
590110,"Quantum Nifty 50 ETF",B,STK,254.2,256,251.8,252.51,252.8,260.6,77,1854,470363,
590113,"NIPPON INDIA ETF HANG SENG BEE",E,STK,509.75,519.98,497,498.22,500.46,513.28,462,7289,3686369,
590115,"MOTILAL OSWAL MUTUAL FUND",B,STK,242.08,244.94,237.72,242.66,238.97,247.01,14,147,35637,
590134,"Madras Fertilizer Limited",B,STK,62.95,63.55,60.97,60.98,60.97,64.1,164,2412,150754,
590136,"Kotak Mahindra Mutual Fund - P",B,STK,56.54,56.54,55,55.38,56.1,57.26,729,151003,8399656,
590137,"SBI Mutual Fund-Permitted",B,STK,554,630,544.7,546.78,630,565.5,701,4411,2422859,
590138,"SBI Mutual Fund-Permitted",B,STK,248.85,251.25,246.84,248.67,250.42,254.42,1863,115751,28793456,
590139,"Kotak Mahindra Mutual Fund - P",B,STK,1093.48,1095.88,1093,1095.86,1095.86,1095.86,29,3164,3465934,
590140,"Tata Mutual Fund - Permitted",E,STK,14.75,14.79,14.28,14.46,14.46,15,12302,8004675,116147090,
590141,"Nippon India Mutual Fund - Per",B,STK,32.48,32.48,31.51,31.72,31.72,32.7,5858,1102285,35173222,
590142,"Nippon India Mutual Fund - Per",B,STK,23.12,23.5,22.69,22.83,23.46,23.16,773,85727,1962363,
590143,"Nippon India Mutual Fund - Per",F,STK,29.36,29.42,29.26,29.3,29.32,29.43,123,144335,4228659,
590144,"Nippon India Mutual Fund - Per",B,STK,210.93,214.03,207.13,209.84,210.5,214.07,1508,79556,16675015,
590145,"Nippon India Mutual Fund - Per",E,STK,230.09,231.2,217.56,219.02,219.02,237.14,35423,4349578,970482837,
590146,"Motilal Oswal Mutual Fund-Perm",E,STK,149.66,150.32,145,149.18,149.5,152.91,132,5759,849861,
590147,"Motilal Oswal Mutual Fund-Perm",E,STK,239.5,239.5,225.39,226.99,227.29,243.65,217,4614,1061584,
590148,"Motilal Oswal Mutual Fund-Perm",B,STK,15.14,15.14,14.8,14.89,14.97,15.19,126,58356,871891,
590149,"Motilal Oswal Mutual Fund-Perm",B,STK,46.45,46.49,45.17,45.57,45.52,46.71,227,27495,1256496,
590150,"Motilal Oswal Mutual Fund-Perm",B,STK,71.69,71.69,70.05,70.33,70.86,72.96,210,19452,1374109,
590151,"Motilal Oswal Mutual Fund-Perm",B,STK,48.72,48.99,47,47.57,48.99,48.99,581,88551,4219377,
590152,"Motilal Oswal Mutual Fund-Perm",B,STK,88.91,88.91,85.55,85.74,85.74,88.85,1485,124813,10811743,
590153,"Motilal Oswal Mutual Fund-Perm",B,STK,22.61,22.61,21.6,22.24,22.29,22.38,586,192406,4214046,
590154,"Kotak Mahindra Mutual Fund - P",B,STK,45.79,45.79,44.55,44.82,45.11,46.17,516,108178,4890851,
717506,"TVS Motor Company Ltd.",F,STK,10.15,10.18,10.11,10.12,10.15,10.14,122,171448,1735026,
751095,"HealthCare Global Enterprises",R,STK,27.06,27.06,21.66,23.94,24.05,27.06,242,7373,181060,
751096,"Enbee Trade & Finance Ltd.",R,STK,0.06,0.06,0.06,0.06,0.06,0.09,266,2156476,129388,
751099,"BCC Fuba India Ltd.",R,STK,28.8,39.8,28.8,31.16,31.16,0,471,57031,1699752,
751100,"Maruti Interior Products Limit",R,STK,49,54.47,46.09,51.1,51,46.09,147,310000,15801790,
800157,832GOI2032,G,STK,108.1,108.1,108.1,108.1,108.1,108.05,1,1,108,
800173,828GOI2027,G,STK,106,106,106,106,106,104.6,1,2,212,
800177,920GOI2030,G,STK,115.35,115.35,115.35,115.35,115.35,115.5,2,203,23416,
800220,795GOI2032,G,STK,105.55,105.55,105.55,105.55,105.55,105.55,1,100,10555,
800287,"SOVEREIGN GOLD BOND 2019 SERIE",G,STK,15146.9,15146.9,14560,14561.69,14560,15000,15,36,534432,
800288,"SOVEREIGN GOLD BOND 2019 SERIE",G,STK,15089,15090,14827,14827,14827,15126,4,18,270829,
800289,"SOVEREIGN GOLD BOND 2019 SERIE",G,STK,15089,15090,14401,14406.18,14401,15251,8,45,656483,
800291,"SOVEREIGN GOLD BOND 2019 SERIE",G,STK,15001,15001,15001,15001,15001,15001,1,7,105007,
800292,"SOVERIEGN GOLD BOND 2019 SERIE",G,STK,14850,14850,14815.25,14815.25,14815.25,15799,8,21,311446,
800296,"SOVEREIGN GOLD BOND 2019-20 SE",G,STK,14790,14790,14515,14515,14515,15285,4,10,146318,
800297,"SOVEREIGN GOLD BOND 2019-20 SE",G,STK,15137.9,15137.9,14700,14720.38,14725,15271.5,23,38,564870,
800302,"Sovereign Gold Bonds 2019 - 20",G,STK,14807.6,14807.6,14807.6,14807.6,14807.6,15704,1,1,14807,
800304,762GOI2039,G,STK,103.2,103.2,103.2,103.2,103.2,104.7,1,1,103,
800312,"Sovereign Gold Bonds 2019-20 S",G,STK,15130.25,15130.25,14650,14650,14650,15311,5,6,89216,
800313,"Sovereign Gold Bonds 2019-20 S",G,STK,14905.01,14905.01,14801,14801,14801,14903,4,9,134038,
800314,"Sovereign Gold Bonds 2019-20 S",G,STK,14701,14701,14701,14701,14701,15901,1,2,29402,
800318,"Sovereign Gold Bonds 2020-21 S",G,STK,14899,14900,14512,14635.5,14625,15299.13,27,54,795606,
800320,"Sovereign Gold Bonds 2020-21 S",G,STK,15148.99,15148.99,14700.01,14700.01,14700.01,15265.57,273,407,5996948,
800322,"Sovereign Gold Bonds 2020-21 S",G,STK,15088.99,15088.99,14352,14475.08,14451,15249,38,99,1469239,
800324,"Sovereign Gold Bond 2020-21 IV",G,STK,14951,14951,14721.1,14721.1,14721.1,15255,9,11,163343,
800325,"Sovereign Gold Bonds 2020-21 V",G,STK,15098,15098,14510,14537.45,14522,15270.46,205,572,8506727,
800326,68GOI2060,G,STK,93.6,93.6,93.6,93.6,93.6,96,1,1,93,
800327,"Sovereign Gold Bonds 2020-21 S",G,STK,15001,15120,14600,14600,14600,15299,44,184,2730004,
800328,"Sovereign Gold Bonds 2020-21 S",G,STK,15099,15099,14651,14651,14651,15269,7,29,429102,
800329,"Sovereign Gold Bonds 2020-21 S",G,STK,14930,14975,14781,14781,14781,15270,6,9,133549,
800331,"SGB 2020-21 Series IX",G,STK,15200,15200,14630,14630,14630,15400,84,254,3795064,
800333,"SGB 2020-21 SERIES XI",G,STK,15275,15275,14616,14673,14673,15275,24,37,555333,
800334,676GOI2061,G,STK,92.75,92.75,91.5,91.58,91.5,91.28,15,5097,466676,
800339,"SGB 2020-21 Series XII",G,STK,15031,15050.01,14559.95,14600.54,14559.95,15326.26,64,188,2780874,
800340,"SGB 2021-22 Series I",G,STK,15200,15200,14587.86,14610.92,14600,15330.08,66,135,2004608,
800341,"SGB 2021-22 Series II",G,STK,15001,15001,14600,14600,14600,15211,16,19,281221,
800342,"Sovereign Gold Bonds 2021-22",G,STK,15002,15002,14552.05,14552.05,14552.05,15265,13,25,372434,
800385,"Sovereign Gold Bonds 2021-22 S",G,STK,15000,15079.63,14700,14700,14700,15362.98,10,13,192679,
800386,"Sovereign Gold Bonds 2021-22 S",G,STK,15070,15070,14508.8,14509.2,14508.8,15280,13,21,309162,
800434,"Sovereign Gold Bonds 2021-22 S",G,STK,15351,15351,14554.36,14565.4,14567,15369.33,37,77,1139196,
800436,695GOI2061,G,STK,94.1,94.1,94.1,94.1,94.1,94.5,1,2000,188200,
800437,"Sovereign Gold Bonds 2021-22 S",G,STK,15000,15114,14493.43,14663.48,14663.48,15350,71,196,2906242,
800438,"Soveriegn Gold Bonds 2021-22 S",G,STK,15300,15300,14570,14638.78,14600,15355.55,33,166,2484723,
800439,"Sovereign Gold Bonds 2021-22 S",G,STK,15286,15286,14684,14788.71,14704.86,15637,43,144,2158422,
800441,754GOI2036,G,STK,107.3,107.85,107.3,107.45,107.45,107.4,10,2466,265148,
800443,"Sovereign Gold Bonds 2022-23 S",G,STK,15161,15161,14900,15079,15079,15575,14,20,301103,
800488,"Sovereign Gold Bonds 2022-23 S",G,STK,15230,15299.99,14750,14834.98,14750,15414.48,25,94,1403332,
800573,"Soverign Gold Bond 2022-23 Sr",G,STK,15298.99,15300,14690,14855.43,14924.99,15599,61,139,2098557,
800575,"Sovereign Gold Bond 2022-23 Sr",G,STK,15397.49,15397.49,14700,14729.87,14700.01,15560.1,36,75,1128136,
800580,"Sovereign Gold Bonds 2023-24 S",G,STK,15206.51,15477,14775.75,14846.9,14900,15722.78,273,626,9457075,
800596,"Sovereign Gold Bonds 2023-24 S",G,STK,15711,15711,14759,14852.25,14831,15962.71,178,345,5241528,
800597,746GOI2073,G,STK,101.1,101.2,101.1,101.2,101.2,101.8,3,600,60670,
800603,"Sovereign Gold Bonds 2023-24 S",G,STK,16213.45,16213.45,14815.06,14870.49,14870.49,15818,208,437,6627850,
800605,"Sovereign Gold Bonds 2023-24 S",G,STK,15618.5,15945,15111,15303.61,15349,16018.98,236,497,7736666,
800607,734GOI2064,G,STK,100.85,100.85,100.5,100.7,100.7,100.2,3,350,35240,
800807,709GOI74,G,STK,96.94,96.99,95.5,95.7,95.7,96.94,41,26488,2537999,
800808,690GOI65,G,STK,95.2,95.2,95.15,95.15,95.15,94.6,2,2,190,
800809,724GOI55,G,STK,98.2,98.75,98,98,98,99.4,7,2407,236420,
800815,743GOI2076,G,STK,101,101,100.05,100.05,100.05,101,8,1350,135077,
805178,91TB140526,G,STK,98.97,98.97,98.97,98.97,98.97,98.97,1,100,9897,
811097,745TNSDL55,G,STK,90.1,90.1,90,90,90,0,7,500,45009,
811124,766MHSDL47,G,STK,92.5,92.5,92.5,92.5,92.5,0,1,500000,46250000,
890197,"Yarn Syndicate Ltd.",X,STK,1,1.22,1,1.19,1.19,1.06,48,13714,14825,
890202,"SOLARA ACTIVE PHARMA SCIENCES",B,STK,289.4,289.4,286.45,286.45,286.45,289.4,3,10,2867,
890217,"Aplab Ltd.",X,STK,65.9,65.9,61.8,61.8,61.8,64,4,4,251,
890220,"KATI PATANG LIFESTYLE LIMITED",X,STK,9.41,9.41,9.41,9.41,9.41,9.9,2,3500,32935,
890221,"Spandana Sphoorty Financial Li",B,STK,104.15,104.15,100,103.1,103.9,104.15,52,607,61683,
890226,"Suraj Industries Limited.",X,STK,16.5,16.5,15.5,15.5,15.5,15.97,3,5000,77700,
890228,"Allcargo Terminals Limited",B,STK,9.05,9.05,8.2,8.61,8.61,9.45,8,225,1944,
890230,"Ace Software Exports ltd.",X,STK,106.5,115.5,106.5,115.5,115.5,121.6,5,38,4353,
890231,"ANIRIT VENTURES LIMITED",XT,STK,17.21,18.99,17.2,18.99,18.99,18.1,4,2025,34884,
890232,"KRISHIVAL FOODS LIMITED",B,STK,107,107,106.65,106.65,106.65,107.05,5,127,13584,
890233,"PVV Infra Limited",X,STK,1.24,1.24,1.08,1.14,1.1,1.2,188,1957941,2255734,
912254,"ICIC M6-DDB-21/7/2026",F,STK,97945,97945,97945,97945,97945,97990,1,1,97945,
935568,IRFC-7.28%-21-12-30-TAXFREENCD,F,STK,1298.9,1298.9,1298.9,1298.9,1298.9,1100,1,1,1298,
935574,IRFC-7.53%-21-12-30-TAXFREENCD,F,STK,1106,1107,1105.75,1105.75,1105.75,1107,6,743,822348,
935584,NHAI-7.6%-11-1-31-TAXFREENCD,F,STK,1080,1080,1080,1080,1080,1078.2,1,10,10800,
935666,NHAI-7.69%-9-3-31-TAXFREENCD,F,STK,1122.99,1122.99,1122.99,1122.99,1122.99,1116.45,1,1,1122,
935674,HUDCO-7.69%-15-3-31-TAXFREENCD,F,STK,1102.1,1102.1,1101.25,1101.56,1101.25,1104.45,11,1031,1135717,
935752,MMFSL-9%-6-6-26-NCD,F,STK,1069.89,1069.89,1069.5,1069.5,1069.5,1067.49,2,125,133689,
935760,MMFSL-6-6-26-NCD,F,STK,2277,2277,2277,2277,2277,2296,2,18,40986,
935786,NIDO-9.57%-19-7-26-NCD,F,STK,996,996,994,994,994,1000,10,28,27834,
935860,SCL-9%-26-9-26-NCDS,F,STK,1018.28,1018.28,1018.2,1018.2,1018.2,1022,3,120,122186,
935868,SCL-9.15%-26-9-26-NCDS,F,STK,1021,1022,1015,1018.52,1015,1030,12,567,577501,
936048,MMFSL-8.05%-24-07-32-NCD,F,STK,1002.1,1002.1,1002.1,1002.1,1002.1,1013.6,1,10,10021,
936130,ECL-8.88%-22-3-28-NCD,F,STK,970,975,970,975,975,987,3,1159,1130020,
936224,JMFCSL-9.75%-7-6-28-NCD,F,STK,1083,1083,1075,1075,1075,1080,4,1000,1078800,
936226,JMFCSL-9.34%-7-6-28-NCD,F,STK,1047,1047,1047,1047,1047,1048,2,2,2094,
936230,SFL-9.03%-12-7-28-NCD,F,STK,1039,1039,1039,1039,1039,1039,1,20,20780,
936252,EFL-9.43%-6-8-28-NCD,F,STK,996,1191,990,990,990,994.68,9,431,430234,
936278,SFIL-8.84%-25-9-28-NCD,F,STK,961.23,961.23,961,961,961,960,4,40,38442,
936294,TCAP-9.10%-27-9-28-NCD,F,STK,1065,1065,1062,1062,1062,1073.99,4,120,127770,
936320,AHFL-9.35%-29-9-28-NCD,F,STK,1023,1023,1023,1023,1023,1026,1,71,72633,
936332,SFL-9.70%-2-11-28-NCD,F,STK,1062,1062,1062,1062,1062,1065.12,5,200,212400,
936384,JMFCSL-10.25%-13-12-28-NCD,F,STK,1032,1032,1032,1032,1032,1029.02,3,200,206400,
936398,EFL-10.15%-4-1-29-NCD,F,STK,1012,1012,1012,1012,1012,1015.08,2,3,3036,
936412,MMFSL-9.3%-18-1-27-NCD,F,STK,1010,1010,1010,1010,1010,1010,8,167,168670,
936416,MMFSL-9.5%-18-1-29-NCD,F,STK,1048.5,1050,1048,1048,1048,1050,6,316,331681,
936454,SFL-9.38%-6-2-29-NCD,F,STK,1050,1050,1050,1050,1050,1045,1,50,52500,
936460,SFL-9.7%-6-2-29-NCD,F,STK,1051,1051,1051,1051,1051,1089,2,100,105100,
936532,LTF-8.98%-13-3-29-NCD,F,STK,1028.62,1074,1028.62,1074,1074,1055,2,56,59871,
936574,LTF-9.05%-15-4-27-NCD,F,STK,1095,1095,1095,1095,1095,1094,6,318,348210,
936810,TCAP-8.65%-26-8-27-NCD,F,STK,1068.9,1068.9,1050,1050.36,1050.15,1075,11,94,98982,
936814,TCAP-8.85%-26-8-29-NCD,F,STK,1180,1180,1180,1180,1180,1189,1,400,472000,
936977,ECL-10.4%-28-11-29-NCD,F,STK,1020,1020,1020,1020,1020,1015,2,200,204000,
937017,LTF-8.65%-23-12-26-NCD,F,STK,1018.31,1018.31,1018.2,1018.2,1018.2,1022,3,111,113021,
937369,PFCL-6.82%-22-1-31-NCD,F,STK,990,990,990,990,990,1010,1,1,990,
937373,PFCL-7%-22-1-31-NCD,F,STK,975,975,974,974.04,974,980,5,248,241562,
937381,PFCL-6.97%-22-1-36-NCD,F,STK,1000.88,1000.88,970,970,970,955,5,126,123455,
937385,PFCL-7.15%-22-1-36-NCD,F,STK,994.7,994.7,975.15,984.78,984.9,995.5,10,851,835894,
937419,MFL-ZC-29-1-27-NCD,F,STK,1558,1558,1558,1558,1558,1555,2,480,747840,
937453,IFL-10%-24-6-28-NCD,F,STK,988.88,989,986,986,986,985,3,200,197636,
937455,IFL-9.6%-24-6-28-NCD,F,STK,994.98,994.98,992.18,992.18,992.18,992.08,2,75,74553,
937495,EFSL-9.16%-29-4-26-NCD,F,STK,992.5,992.5,990.2,991.69,990.2,997,4,545,540472,
937497,EFSL-9.55%-29-4-26-NCD,F,STK,1073.35,1073.35,1073.35,1073.35,1073.35,1081,1,41,44007,
937501,EFSL-9.30%-29-4-31-NCD,F,STK,969.99,970,965.01,965.01,965.01,975,4,62,60124,
937503,EFSL-9.70%-29-4-31-NCD,F,STK,1032.8,1032.8,1032.8,1032.8,1032.8,1020.2,1,50,51640,
937541,IGT-7.97%-6-5-31-INVIT-NCD,F,STK,1010.11,1010.11,1010.11,1010.11,1010.11,1025,1,1,1010,
937621,IHFL-9.60%-3-11-28-NCD,F,STK,993,993,990,990,990,994.8,10,1056,1048015,
937631,EFSL-9.15%-10-9-26-NCD,F,STK,995,995,995,995,995,997,2,233,231835,
937635,EFSL-10-9-26-NCD,F,STK,1476.2,1476.2,1476.2,1476.2,1476.2,1476.2,1,100,147620,
937707,JMFPL-8.20%-7-10-26-NCD,F,STK,1018,1020.05,1011.2,1020.05,1020.05,1020,7,920,935439,
937773,MFL-8.75%-29-10-26-NCD,F,STK,994,994,994,994,994,995,1,50,49700,
937799,EFSL-9.15%-28-12-26-NCD,F,STK,985,985,985,985,985,985,2,50,49250,
937803,EFSL-28-12-26-NCD,F,STK,1464.69,1464.69,1464.69,1464.69,1464.69,1430.2,1,330,483347,
937831,IHFL-8.43%-3-1-29-NCD,F,STK,961.11,966,961.11,966,966,990,2,2,1927,
937895,MFL-ZC-2-2-27-NCD,F,STK,1381.8,1395,1381.8,1395,1395,1381.8,2,1700,2350380,
937939,KFIL-10-17-4-27-NCD,F,STK,1000,1000,990,990,990,990,4,120,118900,
937971,SCL-8.89%-28-4-27-NCD,F,STK,982,982,980,980,980,998,2,171,167582,
937999,NIDO-9.15%-29-4-27-NCD,F,STK,981,981,980.5,980.5,980.5,980.5,3,1328,1302676,
938053,MML-9.50%-22-5-26-NCD,F,STK,990,990,990,990,990,992.8,1,5,4950,
938111,NWIL-9.53%-15-7-32-NCD,F,STK,993.5,993.5,993.5,993.5,993.5,993.5,1,20,19870,
938123,KFL-9.5%-10-8-26-NCD,F,STK,993,993,993,993,993,973.26,3,148,146964,
938143,MFL-6-9-30-NCD,F,STK,1190,1190,1190,1190,1190,1190,1,1,1190,
938212,EFSL-9.35%-20-10-27-NCD,F,STK,985,989,985,989,989,990.45,8,145,143005,
938218,EFSL-9.65%-20-10-32-NCD,F,STK,956,973,956,970,970,952,3,129,125397,
938220,EFSL-10.10%-20-10-32-NCD,F,STK,985,985,985,985,985,990,1,368,362480,
938278,CAGL-10%-23-11-27-NCD,F,STK,1015,1015,1015,1015,1015,1015,1,25,25375,
938294,MFL-ZC-23-12-27-NCD,F,STK,1242.52,1260,1242.52,1260,1260,1269,3,280,349304,
938330,CCIL-11.50%-11-1-28-NCD,F,STK,1002,1002,950,950,950,1002,3,203,193006,
938348,KFL-9.5%-15-1-27-NCD,F,STK,993,993,993,993,993,993,1,50,49650,
938364,EFSL-9.67%-20-1-28-NCD,F,STK,998,999,998,999,999,999,2,105,104890,
938366,EFSL-10.10%-20-1-28-NCD,F,STK,986.25,996,986,990.32,996,992,5,909,900197,
938368,"EFSL-Zero Coupon-20-1-28-NCD",F,STK,1310.2,1310.2,1310.2,1310.2,1310.2,1312,1,20,26204,
938370,EFSL-10%-20-1-33-NCD,F,STK,989.9,989.99,989.9,989.99,989.99,989.99,6,279,276206,
938384,IIFL-9%-24-1-28-NCD,F,STK,1024.5,1028,1024.5,1027.92,1028,985.1,2,174,178858,
938434,MFL-7.75%-10-4-26-NCD,F,STK,993.52,993.52,990,990,990,993.52,2,40,39688,
938444,MFL-10-4-26-NCD,F,STK,1261,1261,1257,1257,1257,1260.9,5,10700,13491640,
938446,MFL-10-4-28-NCD,F,STK,1242.22,1242.22,1242.22,1242.22,1242.22,1245,1,15,18633,
938512,SFIL-10.03%-25-4-28-NCD,F,STK,669,669,570.4,570.4,570.4,674,2,15,9542,
938518,EFSL-9.20%-27-4-26-NCD,F,STK,996,996,996,996,996,996,1,10,9960,
938524,EFSL-9.67%-27-4-28-NCD,F,STK,998.55,998.55,990,990,990,992.9,7,588,582932,
938526,EFSL-10.10%-27-4-28-NCD,F,STK,1040.2,1040.2,1040.2,1040.2,1040.2,1040.2,1,20,20804,
938530,EFSL-10%-27-4-33-NCD,F,STK,990,990,990,990,990,990,2,200,198000,
938550,MFL-7.75%-3-6-26-NCD,F,STK,992,992,985,986.56,986.56,1010,11,820,808978,
938558,MFL-8.10%-3-6-28-NCD,F,STK,1055,1058,1053,1055.16,1058,1050,10,369,389314,
938568,MFL-8.8%-2-5-28-NCD,F,STK,990,990,990,990,990,990,1,1,990,
938604,SFL-10.25%-8-5-28-NCD,F,STK,992,992,992,992,992,992,1,10,9920,
938608,SFL-08-06-30-NCD,F,STK,1174,1174,1174,1174,1174,1173,1,4,4696,
938628,IFL-8.5%-28-6-26-NCD,F,STK,1052.8,1052.8,1052.8,1052.8,1052.8,1044.21,3,13,13686,
938632,IFL-8.65%-18-6-28-NCD,F,STK,978.21,978.21,978.21,978.21,978.21,987.9,1,20,19564,
938634,IIFL-9%-28-6-28-NCD,F,STK,1036.95,1040,1036.95,1040,1040,1045,5,225,233696,
938644,NFL-10.50%-18-7-26-NCD,F,STK,995,995,994,994,994,1004.99,3,69,68625,
938652,EFSL-9.20%-21-7-26-NCD,F,STK,993,993,990,990,990,987,7,339,335641,
938656,EFSL-21-7-26-NCD,F,STK,1264,1266.8,1260,1260,1260,1260,6,1425,1799914,
938662,EFSL-21-7-28-NCD,F,STK,1245,1245,1245,1245,1245,1262.8,1,6,7470,
938664,EFSL-10%-21-7-33-NCD,F,STK,994,994,994,994,994,995,1,50,49700,
938698,PFC-750%-1-8-26-NCD,F,STK,1031.5,1040,1031.2,1038.08,1037.65,1042,6,153,158660,
938716,CIFCL-8.4%-9-8-28-NCD,F,STK,1037.5,1037.5,1035,1035,1035,1040,9,451,467662,
938736,CAGL-7-6-26-NCD,F,STK,1256,1256,1256,1256,1256,1256,1,1,1256,
938816,SCL-9.90%-26-9-26-NCD,F,STK,300.4,373.3,300.4,373.3,373.3,373.9,3,290,90150,
938846,SCL-10.75%-26-9-33-NCD,F,STK,870.1,870.1,870.1,870.1,870.1,830.1,1,5,4350,
938858,KFL-9.25%-27-9-26-NCD,F,STK,980.2,980.2,980.2,980.2,980.2,985,1,10,9802,
938862,KFL-10%-27-9-27-NCD,F,STK,991,991,991,991,991,991,1,50,49550,
938898,EFSL-9.20%-26-10-26-NCD,F,STK,993,993,982.55,986.99,988,993,7,800,789930,
938904,EFSL-9.67%-26-10-28-NCD,F,STK,980,980,980,980,980,985,2,52,50960,
938998,SCL-10.75%-9-11-33-NCD,F,STK,824,824,824,824,824,987,1,498,410352,
939012,IFSL-9.84%-10-11-26-NCD,F,STK,1004.4,1004.4,999,999,999,994,3,99,99386,
939050,ISFL-9.57%-21-12-26-NCD,F,STK,994.9,994.9,987,987,987,991,9,50,49368,
939090,MML-10.50%-21-12-28-NCD,F,STK,981,981,981,981,981,990,1,10,9810,
939140,SCL-10.25%-27-12-33-NCD,F,STK,985,985,985,985,985,975,1,47,46295,
939148,AFL-9.65%-27-12-26-NCD,F,STK,1010.01,1010.01,1010.01,1010.01,1010.01,1010.01,1,50,50500,
939164,KFL-10%-17-1-28-NCD,F,STK,997,997,997,997,997,995,7,90,89730,
939182,360OPL-9.26%-18-1-29-NCD,F,STK,1001,1002,1001,1001.1,1001.1,1000,5,130,130150,
939190,EFSL-9.20%-29-1-27-NCD,F,STK,990,990,990,990,990,993,1,6,5940,
939208,MFL-8.25%-25-1-29-NCD,F,STK,996,996,996,996,996,996,2,53,52788,
939216,MFL-25-1-27-NCD,F,STK,1196,1201,1196,1201,1201,1187,4,20,23970,
939311,NHFL-10.75%-1-3-34-NCD,F,STK,1000,1000,1000,1000,1000,1000,1,10,10000,
939335,NFL-10.65%-13-3-27-NCD,F,STK,1001,1281,1001,1005,1005,1074,4,22,24835,
939419,KFL-9.50%-25-4-27-NCD,F,STK,993,993,993,993,993,980,4,707,702051,
939427,KFL-10%-25-4-28-NCD,F,STK,997,997,997,997,997,997,2,100,99700,
939449,MFCL-9.55%-30-4-30-NCD,F,STK,991,991,991,991,991,991,4,168,166488,
939451,MFCL-9.25%-30-6-26-NCD,F,STK,1068.2,1076,1068.2,1076,1076,1068.2,2,101,107896,
939479,MOFSL-9.35%-9-5-29-NCD,F,STK,1093,1093,1093,1093,1093,1075,1,10,10930,
939541,SCL-10.75%-31-5-34-NCD,F,STK,970.2,970.2,970.2,970.2,970.2,1047.68,1,10,9702,
939579,NHFL-9.50%-03-7-26-NCD,F,STK,1059,1059,1059,1059,1059,1052.92,1,250,264750,
939589,NHFL-10.03%-3-7-29-NCD,F,STK,996,996,996,996,996,1000.6,2,10,9960,
939595,NHFL-10.26%-3-7-34-NCD,F,STK,1002.2,1002.2,1002.2,1002.2,1002.2,1002.2,1,49,49107,
939609,SFL-ZC-9-7-29-NCD,F,STK,1049,1049,1049,1049,1049,1099,1,10,10490,
939613,EFSL-9.50%-26-7-26-NCD,F,STK,1048.2,1048.2,1048.2,1048.2,1048.2,1055.8,1,10,10482,
939615,EFSL-26-7-26-NCD,F,STK,1151.8,1151.8,1151.8,1151.8,1151.8,1138.55,1,140,161252,
939627,EFSL-26-7-29-NCD,F,STK,1012,1320,1012,1320,1320,1102,2,135,165880,
939633,EFSL-11%-26-7-34-NCD,F,STK,1040.2,1040.2,1040.2,1040.2,1040.2,1042,1,183,190356,
939639,SMCGSL-10%-07-8-26-NCD,F,STK,1054.5,1054.5,1054.5,1054.5,1054.5,1050,1,42,44289,
939647,SMCGSL-10.20%-07-08-27-NCD,F,STK,1030.3,1030.3,1030,1030.15,1030,1050,2,200,206030,
939721,AEL-9.25%-12-9-26-NCD,F,STK,1040,1040,1040,1040,1040,1032,1,50,52000,
939727,AEL-9.65%-12-9-27-NCD,F,STK,1052.11,1052.11,1052,1052.03,1052,1052,5,470,494472,
939733,AEL-9.90%-12-9-29-NCD,F,STK,1095,1095,1095,1095,1095,1080,1,1,1095,
939753,MFCL-16-9-26-NCD,F,STK,1118.8,1123,1118.8,1123,1123,1133.5,2,150,168030,
939775,SCL-9.90%-25-9-27-NCD,F,STK,1000,1000,1000,1000,1000,1025,2,200,200000,
939797,SCL-10.75%-25-9-34-NCD,F,STK,1069.85,1069.85,1069.85,1069.85,1069.85,1069.9,1,10,10698,
939829,NHFL-10.49%-8-10-34-NCD,F,STK,1012.5,1012.5,1012.5,1012.5,1012.5,1016.4,4,510,516375,
939835,UCL-10.25%-24-10-26-NCD,F,STK,1048,1048,1048,1048,1048,996,1,2,2096,
939855,EFSL-10.50%-24-10-29-NCD,F,STK,1013,1013,1013,1013,1013,1013,1,71,71923,
939871,MFCL-9.40%-30-10-26-NCD,F,STK,1031,1031,1028.05,1028.05,1028.05,1028,2,55,56690,
939879,MFCL-30-10-26-NCD,F,STK,1113.2,1113.2,1113.2,1113.2,1113.2,1120,1,50,55660,
939899,IML-12%-7-11-29-NCD,F,STK,1010,1020,1010,1017.5,1020,1010,2,40,40700,
940019,SCL-9.71%-27-12-29-NCD,F,STK,978,978,978,978,978,978,1,18,17604,
940027,SCL-10.75%-27-12-34-NCD,F,STK,990,990,990,990,990,911,1,10,9900,
940067,MFLIII-10.10%-10-1-31-NCD,F,STK,1025,1026,1025,1025.48,1025,1025,4,36,36915,
940101,EFSL-9.57%-24-1-28-NCD,F,STK,990,990,985,989.85,985,990,4,206,203910,
940103,EFSL-10%-24-1-28-NCD,F,STK,990.11,996.11,990.11,996.11,996.11,990.2,2,50,49745,
940105,EFSL-24-1-28-NCD,F,STK,1076.2,1083.2,1070,1083.2,1083.2,1090,19,6319,6793474,
940119,"EFSL-11%-24-1-35-STAGRD REDMPT",F,STK,1028,1028,1028,1028,1028,990,1,47,48316,
940157,MML-27-2-31-NCD,F,STK,1045,1047,1045,1046.6,1047,1045,2,25,26165,
940177,MFLIV-24-8-26-NCD,F,STK,1073.2,1073.2,1073.2,1073.2,1073.2,1086.2,1,50,53660,
940229,NHFL-9.5%-3-4-27-NCD,F,STK,1064,1064,1064,1064,1064,1064,1,10,10640,
940231,SFL-9%-4-4-27-NCD,F,STK,970,970,970,970,970,970,1,4,3880,
940243,NHFL-3-4-28-NCD,F,STK,1056.2,1056.2,1056.2,1056.2,1056.2,1067.8,1,50,52810,
940255,NHFL-10.49%-3-4-35-NCD,F,STK,1006,1006,1006,1006,1006,1009,1,370,372220,
940307,UCL-10%-24-10-26-NCD,F,STK,1186.8,1186.8,1186.8,1186.8,1186.8,989,1,200,237360,
940309,UCL-10.39%-24-10-26-NCD,F,STK,1075.2,1075.2,1075.2,1075.2,1075.2,1075.2,1,1,1075,
940317,SMCGSL-10%-24-04-27-NCD,F,STK,1066.2,1073,1066.2,1073,1073,1075,2,105,112325,
940325,SMCGSL-10.03%-24-04-30-NCD,F,STK,1000,1000,1000,1000,1000,1000.5,1,5,5000,
940339,EFSL-10.04%-30-04-30-NCD,F,STK,1000,1000,990,990,990,990,2,40,39800,
940345,EFSL-10.50%-30-04-30-NCD,F,STK,905,905,905,905,905,1035,1,100,90500,
940349,EFSL-11%-30-04-35-NCD,F,STK,1072.5,1072.5,1072.5,1072.5,1072.5,1073.8,1,9,9652,
940391,MFL-9.55%-19-5-31-NCD,F,STK,999,999,999,999,999,999,1,2,1998,
940395,MFL-9.65%-19-5-28-NCD,F,STK,1050.8,1050.8,1050.8,1050.8,1050.8,1050.8,1,5,5254,
940401,MFL-19-5-27-NCD,F,STK,1040.5,1040.5,1040.5,1040.5,1040.5,1036.5,1,50,52025,
940431,NHFL-02-07-28-NCD,F,STK,1025.2,1025.2,1025.2,1025.2,1025.2,1025.2,1,3,3075,
940435,NHFL-10.30%-02-07-30-NCD,F,STK,1032,1032,1032,1032,1032,1031.5,1,1273,1313736,
940443,MFCL-8.85%-16-7-27-NCD,F,STK,990,990,985,990,990,980.5,5,408,403890,
940453,MFCL-9.45%-16-7-28-NCD,F,STK,1024.22,1024.22,1024.22,1024.22,1024.22,1024.22,1,5,5121,
940457,MFCL-9.80%-16-7-31-NCD,F,STK,1025.1,1025.1,1025.1,1025.1,1025.1,1038,1,10,10251,
940473,AEL-9.15%-17-07-28-NCD,F,STK,1053,1053,1053,1053,1053,1059.8,5,50,52650,
940479,AEL-9.30%-17-07-30-NCD,F,STK,1070,1095,1070,1071.95,1071.95,1067,13,200,215540,
940489,EFSL-9%-24-7-27-NCD,F,STK,1027.8,1027.8,1027.8,1027.8,1027.8,1027.8,1,143,146975,
940493,KFL-10%-23-1-29-NCD,F,STK,990,990,990,990,990,995,1,10,9900,
940501,EFSL-9.35%-24-7-28-NCD,F,STK,984,984,980,981.11,981,984,10,39,38263,
940505,EFSL-9.75%-24-7-28-NCD,F,STK,1025.2,1025.2,1025.2,1025.2,1025.2,1025,1,25,25630,
940519,EFSL-10.50%-24-7-35-NCD,F,STK,1023,1023,1020.2,1022,1022,1023,5,50,51085,
940543,MML-9.50%-4-9-26-NCD,F,STK,988.8,988.8,988.8,988.8,988.8,988.8,1,17,16809,
940545,MML-4-9-26-NCD,F,STK,1037.1,1037.1,1036.8,1036.8,1036.8,1036.8,2,50,51843,
940551,MML-29-10-31-NCD,F,STK,1100,1100,1080,1090.87,1080,1048.73,2,46,50180,
940559,SCL-8.65%-01-08-27-NCD,F,STK,975,975,975,975,975,975,6,50,48750,
940601,IFL-11.02%-20-9-26-NCD,F,STK,979,979,979,979,979,979,2,50,48950,
940605,ICLFL-11.50%-20-8-28-NCD,F,STK,990,990,990,990,990,995,1,10,9900,
940607,IFL-12%-20-8-30-NCD,F,STK,999,999,999,999,999,999.99,1,9,8991,
940631,SFL-29-8-30-NCD,F,STK,985,985,985,985,985,985,1,15,14775,
940637,MML-9.25%-29-8-27-NCD,F,STK,966.6,993.61,966.6,993.61,993.61,980,3,11,10902,
940641,MML-10.25%-29-8-30-NCD,F,STK,992,992,992,992,992,992,1,24,23808,
940643,MML-10.5%-29-8-30-NCD,F,STK,1020,1020,1020,1020,1020,1010,1,5,5100,
940649,NHFL-9.35%-10-09-28-NCD,F,STK,982.5,982.5,982.5,982.5,982.5,995,1,1,982,
940655,NHFL-9.80%-10-09-30-NCD,F,STK,992,992,992,992,992,982,2,8,7936,
940661,NHFL-10.03%-10-09-35-NCD,F,STK,952.01,952.01,952.01,952.01,952.01,985,1,100,95201,
940673,EFSL-7-10-28-NCD,F,STK,1001,1001,1001,1001,1001,1000,1,15,15015,
940683,EFSL-10.25%-7-10-35-NCD,F,STK,995.2,995.2,995.2,995.2,995.2,995.2,2,65,64688,
940689,CGCL-8.55%-13-4-27-NCD,F,STK,985,1000,985,1000,1000,970,3,110,109850,
940691,CGCL-8.9%-13-4-27-NCD,F,STK,1010.03,1010.03,1010.02,1010.02,1010.02,1027.82,4,250,252505,
940699,CGCL-9.7%-13-10-35-NCD,F,STK,1020,1020,1000,1000,1000,1020,5,86,86430,
940701,IML-9%-31-10-26-NCD,F,STK,970,970,955.55,955.55,955.55,953.5,3,10,9592,
940703,IML-31-10-26-NCD,F,STK,1015,1015,1015,1015,1015,992.2,6,144,146160,
940705,IML-9.75%-30-10-27-NCD,F,STK,980,981,970,981,981,981,13,104,101435,
940709,IML-10.25%-30-10-28-NCD,F,STK,985.5,997,985,986,986,986,12,308,303540,
940713,IML-11.25%-30-10-30-NCD,F,STK,996.52,1003.88,996.52,1001.04,1002,998.58,9,175,175460,
940715,IML-30-10-31-NCD,F,STK,980.01,986.6,980,985,985,981.01,14,845,830729,
940719,SGSL-30-10-27-NCD,F,STK,1000,1000,1000,1000,1000,1001,1,99,99000,
940721,SGSL-10%-30-10-28-NCD,F,STK,996,996,996,996,996,996,1,10,9960,
940731,KFL-9.50%-09-11-08-NCD,F,STK,972.1,973.51,972.1,972.1,972.1,985,5,166,161498,
940739,KFL-09-01-30-NCD,F,STK,985,985,985,985,985,985,1,7,6895,
940759,ICLFL-10.50%-02-01-27-NCD,F,STK,976,979,970,970,970,981,5,42,41070,
940767,ICLFL-02-01-27-NCD,F,STK,999.8,999.8,999.8,999.8,999.8,982.51,1,30,29994,
940777,ICLFL-02-10-31-NCD,F,STK,850,870,850,870,870,850,3,14,11980,
940785,EFSL-9.40%-12-12-28-NCD,F,STK,1000,1005,1000,1002,1000,1000,3,13,13020,
940789,EFSL-9.44%-12-12-30-NCD,F,STK,990,990,975.25,975.25,975.25,990,2,11,10875,
940795,EFSL-9.67-12-12-35-NCD,F,STK,975,975,974.98,974.98,974.98,974.75,3,36,35099,
940797,EFSL-10.10%-12-12-35-NCD,F,STK,1020,1020,1000,1000,1000,1020,4,23,23420,
940799,KAFL-9.50%-19-1-27-NCD,F,STK,962.26,962.27,962.26,962.27,962.27,970,2,208,200150,
940819,MML-23-1-27-NCD,F,STK,991.2,1000,991.2,1000,1000,991.2,8,25,24788,
940821,MML-9.5%-23-01-27-NCD,F,STK,985,985,985,985,985,970.15,3,40,39400,
940823,MML-19-12-27-NCD,F,STK,1000,1000,1000,1000,1000,975,1,10,10000,
940825,MML-10%-19-12-27-NCD,F,STK,980,980,970,970,970,989,3,12,11660,
940833,MML-10.75%-19-12-30-NCD,F,STK,1005,1005,1005,1005,1005,1005,1,3,3015,
940835,MML-19-3-32-NCD,F,STK,1025,1025,1025,1025,1025,1020,4,28,28700,
940837,PCL-12.5%-29-12-28-NCD,F,STK,1001,1001,980,980,980,988,2,15,14805,
940841,PCL-13%-29-12-30-NCD,F,STK,1004.99,1004.99,1000,1000,1000,1000.11,4,45,45099,
940849,AEL-8.75%-12-1-29-NCD,F,STK,1009,1009,1008,1008.6,1008,1002.05,2,25,25215,
940855,AEL-8.90%-12-1-31-NCD,F,STK,1005.4,1008,1005.4,1007.01,1007.01,1006,17,415,417932,
940859,MFL-8.37%-12-2-28-NCD,F,STK,961.41,970.1,961.41,970.03,970.03,961.41,3,11,10661,
940861,MFL-8.52%-12-2-29-NCD,F,STK,970,970,969,970,970,970,3,325,315217,
940862,MFL-8.65%-12-2-31-NCD,F,STK,940,977,940,972,972,950,4,4,3861,
940864,MFL-8.75%-12-2-32-NCD,F,STK,990,990,990,990,990,990,1,25,24750,
940866,MFL-8.7%-12-2-28-NCD,F,STK,1020,1020,960.1,975,975,960,4,7,6885,
940872,MFL-9.1%-12-2-32-NCD,F,STK,988.2,988.2,960,983.49,983.49,977.73,6,52,50785,
940874,MFL-12-2-28-NCD,F,STK,945,988.99,920,945,945,950,12,56,53553,
940876,MFL-12-2-29-NCD,F,STK,1000,1000,971,971,971,0,2,10,9739,
940882,KFL-19-5-27-NCD,F,STK,951,951,951,951,951,951,3,10,9510,
940886,KFL-9%-19-2-29-NCD,F,STK,930,930,930,930,930,929,3,3,2790,
940896,"Kosamattam Finance Limited",F,STK,951,951,940,940,940,990,4,35,33120,
940898,ICLFL-10%-23-03-27-NCD,F,STK,940.15,958,940.15,957,957,960,4,39,37173,
940906,ICLFL-ZC-23-03-27-NCD,F,STK,970,970,970,970,970,970,4,126,122220,
940915,ICLFL-23-02-32-NCD,F,STK,950,950,891,940,940,950,4,15,13629,
940939,IIFL-8.70%-6-3-28-NCD,F,STK,995,995,995,995,995,992.16,2,50,49750,
940943,IIFL-9%-06-03-31-NCD,F,STK,1002.3,1002.3,1002.3,1002.3,1002.3,962,1,200,200460,
940951,PCL-12.5%-16-3-29-NCD,F,STK,970,995,951,970.01,970.01,970.93,13,69,66910,
940955,PCL-13%-16-3-31-NCD,F,STK,1004,1004,974,974.25,974,1004,27,148,144341,
940977,EFSL-9.15%-18-3-29-NCD,F,STK,999.99,999.99,999.99,999.99,999.99,0,1,9,8999,
940987,EFSL-9.58%-18-3-36-NCD,F,STK,990,1000,990,1000,1000,0,4,70,69800,
940989,EFSL-10%-18-3-36-NCD,F,STK,999,999,980,980,980,0,9,222,219939,
954527,EARCL-NIFTY-J8G602C-17-07-26-P,F,STK,261000,261000,261000,261000,261000,262356,1,10,2610000,
957208,UPPCL-9.75%-20-10-26-PVT,F,STK,814000,814000,814000,814000,814000,1010000,1,1,814000,
957209,UPPCL-9.75%-20-10-27-PVT,F,STK,1016350.01,1016350.01,1016350.01,1016350.01,1016350.01,1027000,1,1,1016350,
957810,UPPCL-10.15%-20-1-28-PVT,F,STK,1038000.01,1038000.01,1036500,1036857.46,1036801.05,1040000,13,14,14518279,
961718,PFCBT1S4,F,STK,16450,16450,16450,16450,16450,16341,6,6,98700,
961728,830NHAI27,F,STK,1059.3,1059.3,1059.3,1059.3,1059.3,1059.32,1,25,26482,
961732,810IRFC2327,F,STK,1055.55,1057.8,1055.41,1055.81,1055.41,1060,7,868,916291,
961734,HUDCO050327,F,STK,1025.06,1025.06,1025.06,1025.06,1025.06,1027.53,5,1216,1246472,
961754,740IIFCL33,F,STK,1120.01,1220,1120,1220,1220,1126.2,6,1429,1625490,
961760,704REC2028,F,STK,1048.4,1048.4,1048.4,1048.4,1048.4,1050,1,20,20968,
961779,871REC28,F,STK,1093,1104,1093,1104,1104,1099,3,42,46192,
961785,876HUDCO28,F,STK,1103.01,1103.01,1103.01,1103.01,1103.01,1104.1,1,134,147803,
961796,863IIFCL28,F,STK,1094.21,1094.21,1094.21,1094.21,1094.21,1093.05,1,124,135682,
961803,879PFC28,F,STK,1101.01,1101.25,1101,1101.25,1101.25,1102.2,8,620,682658,
961804,892PFC33,F,STK,1236,1236,1231,1231,1231,1236,2,251,308986,
961813,876HUDCO34,F,STK,1230,1230,1230,1230,1230,1230,2,2,2460,
961816,901HUDCO34,F,STK,1235.1,1235.1,1232,1234.36,1232,1245,3,18,22218,
961822,891IIFCL34,F,STK,1225,1229.99,1212,1216.77,1229.99,1227.87,5,334,406451,
961826,NHAI-8.75%-5-2-29-NCD,F,STK,1094.89,1094.89,1086.25,1086.54,1086.5,1089.79,6,179,195153,
961830,IRFC-8.65%-18-2-29-NCD,F,STK,1170,1172,1170,1172,1172,1184,3,249,291528,
961839,IREDA-8.80%-13-03-29-BOND,F,STK,1107.96,1107.96,1107.96,1107.96,1107.96,1090,1,1,1107,
961841,IREDA-8.80%-13-03-34-BOND,F,STK,1195,1195,1195,1195,1195,1295.01,1,270,322650,
961851,KPL-9%-25-3-29-TFBOND,F,STK,1085,1085,1084.99,1085,1085,1084,6,104,112839,
961875,REC-8.88%-24-3-29-TFBOND,F,STK,1111.72,1111.72,1111.72,1111.72,1111.72,1140,1,225,250137,
961897,IIFCL-8.8%-27-3-24-TFBOND,F,STK,1210,1210,1193.43,1193.43,1193.43,1210.56,3,400,480686,
961908,NTPC-7.53%-2B-5-10-30-BOND,F,STK,1108,1115,1108,1110,1110,1117.65,4,244,270870,
972655,IFCI-SR-I-10.75%-1-8-26-PVT,F,STK,43601,43601,43600,43600,43600,43650,4,50,2180030,
972657,IFCI-D-10.75%-01-08-26-PVT,F,STK,10615,10615,10615,10615,10615,10600,1,10,106150,
972715,IFCI-9.16%-IV-15-2-27-C-PVT,F,STK,16261,16700,16261,16700,16700,16261,3,12,196892,
972716,IFCI-9.16%-IV-15-2-27-D-PVT,F,STK,5045,5045,5045,5045,5045,5027.02,2,8,40360,
972721,IFCI-8.72%-V-31-3-27-C-PVT,F,STK,15500,15500,15500,15500,15500,15560,1,2,31000,
972722,IFCI-8.72%V-31-3-27-D-PVT,F,STK,5040,5040,5040,5040,5040,5103.45,2,3,15120,
972773,990IFCI37D,F,STK,26750,26755,26750,26755,26755,26351,4,20,535080,
973491,PFL-6.75%-26-9-31-PVT,F,STK,721.74,723.49,721,721.52,721,722.99,49,18316,13219853,
973883,UPCL-9.7%-22-3-32-PVT,F,STK,1049200.01,1049200.01,1049200.01,1049200.01,1049200.01,1060000,1,1,1049200,
974043,CCFSL-8.15%-7-7-32-PVT,F,STK,1055000,1055000,1049800,1049800,1049800,1000000,2,2,2104800,
974287,UPPCL-9.95%-31-3-31-PVT,F,STK,1052991,1052998,1052991,1052998,1052998,1080000,3,3,3158987,
974288,UPPCL-9.95%-22-3-032-PVT,F,STK,1060200.01,1060200.01,1060200.01,1060200.01,1060200.01,1070000,1,1,1060200,
974451,APSBCL-9.62%-28-11-31-PVT,F,STK,1020001.04,1020001.04,1020001.04,1020001.04,1020001.04,1030000,1,1,1020001,
974452,APSBCL-9.62%-29-11-32-PVT,F,STK,1042000,1042000,1042000,1042000,1042000,1042000,1,1,1042000,
974634,EEL-ZC-26-2-27-PVT,F,STK,133600,133600,133600,133600,133600,133600,1,6,801600,
974654,MFSL-10.75%-10-10-28-PVT,F,STK,100100,100100,100100,100100,100100,100400,2,3,300300,
974720,MFSL-10.75%-27-10-28-PVT,F,STK,100000,100000,100000,100000,100000,100000,2,2,200000,
974749,MECL-10.55%-3-4-33-PVT,F,STK,110000,110000,110000,110000,110000,110000,1,1,110000,
974998,AFPL-12.40%-24-4-29-PVT,F,STK,102155,102155,102155,102155,102155,102155,1,1,102155,
974999,EFCL-8-4-27-PVT,F,STK,128010,128010,128000,128000,128000,128000,3,9,1152040,
975010,MFL-10.05%-31-5-29-PVT,F,STK,82800,82800,82800,82800,82800,100000,1,1,82800,
975033,MFL-10.05%-18-8-29-PVT,F,STK,98000,98000,98000,98000,98000,94000,1,1,98000,
975059,SSFL-10.75%-4-9-26-PVT,F,STK,105050,105050,105050,105050,105050,105050,1,18,1890900,
975107,PDL-9.95%-26-9-26-PVT,F,STK,98000,98000,98000,98000,98000,98000,1,2,196000,
975375,SML-13.85%-12-7-29-PVT,F,STK,86000,87001,86000,87001,87001,88000,3,4,346001,
975694,MSFL-ZC-29-8-26-PVT,F,STK,120734,120734,120734,120734,120734,120000,4,40,4829360,
975739,MCSL-9.90%-12-6-26-PVT,F,STK,99791,99791,99791,99791,99791,99791,1,1,99791,
975905,EEL-13-8-27-PVT,F,STK,96018,110500,96018,110500,110500,110500,2,2,206518,
976020,CIPL-ZC-17-3-28-PVT,F,STK,124150,124150,124150,124150,124150,124100,2,200,24830000,
976036,MFL-10.45%-24-12-32-PVT,F,STK,10050,10050,10050,10050,10050,10050,1,2,20100,
976059,VFPL-11.5%-27-9-26-PVT,F,STK,20000,20000,20000,20000,20000,38137.46,1,1,20000,
976112,ACAPL-9.85%-17-4-26-PVT,F,STK,99300,99300,99202,99202,99202,99700,2,2,198502,
976146,MCSL-9.90%-29-10-26-PVT,F,STK,4801,4801,4801,4801,4801,4915.34,1,1,4801,
976228,MFL-10.45%-11-3-33-PVT,F,STK,10029.95,10029.95,10029.95,10029.95,10029.95,10050,2,4,40119,
976248,MSFL-ZC-18-12-26-PVT,F,STK,113892,113892,113892,113892,113892,113893,1,2,227784,
976289,KIIFB-9.42%-30-12-29-PVT,F,STK,99610,99610,99610,99610,99610,99138.01,2,5,498050,
976290,KIIFB-9.4%-30-12-30-PVT,F,STK,102000,102000,102000,102000,102000,101000,1,8,816000,
976291,KIIFB-9.4%-30-12-31-PVT,F,STK,99501,99501,99501,99501,99501,101500,1,1,99501,
976292,KIIFB-9.4%-30-12-33-PVT,F,STK,99000,99000,99000,99000,99000,102000,1,1,99000,
976303,KFL-10%-31-12-26-PVT,F,STK,9900,9900,9900,9900,9900,9900.55,1,1,9900,
976319,IML-11.25%-8-7-26-PVT,F,STK,99998,100063.86,99998,100063.86,100063.86,100060.85,2,6,600317,
976325,NFL-10.75%-31-12-27-PVT,F,STK,10005,10005,10005,10005,10005,10005,1,1,10005,
976339,MFL-11.50%-20-7-26-PVT,F,STK,10006,10006,10006,10006,10006,9800,4,10,100060,
976345,KSL-10.95%-23-7-26-PVT,F,STK,49870.01,50100,49870.01,50100,50100,50121.28,3,3,150040,
976346,KFL-11.30%-23-1-27-PVT,F,STK,97000,97101,97000,97009,97009,97000,4,4,388210,
976392,UCL-10.02%-7-8-26-PVT,F,STK,9911,9911,9911,9911,9911,9901,1,10,99110,
976411,ACAPL-12%-14-8-28-PVT,F,STK,96000,96000,96000,96000,96000,96000,4,6,576000,
976423,IML-11%-18-8-26-PVT,F,STK,9950,9979,9886.01,9886.01,9886.01,9861.01,5,29,287091,
976437,NFL-10.60%-21-5-27-PVT,F,STK,10010,10025,9962.51,10010,10010,10010,7,17,170195,
976483,KFL-11.30%-6-3-27-PVT,F,STK,99128.06,99128.06,99128.06,99128.06,99128.06,99059.2,1,1,99128,
976489,NFL-10.60%-10-9-26-PVT,F,STK,9901,9901,9901,9901,9901,9900,1,11,108911,
976552,KIIFB-9.49-25-03-32-PVT,F,STK,99601,99601,99601,99601,99601,102000,1,4,398404,
976555,KIIFB-9.49%-25-03-35-PVT,F,STK,99416.01,99416.01,99416.01,99416.01,99416.01,102345,1,1,99416,
976690,IML-11.25%-13-11-26-PVT,F,STK,99500,99500,99500,99500,99500,99295.91,1,1,99500,
976730,IML-12.50%-28-5-28-PVT,F,STK,103000,103000,103000,103000,103000,102300,1,1,103000,
976757,MBFL-11.30%-5-6-27-PVT,F,STK,9906,9906,9906,9906,9906,9706,2,2,19812,
976788,MML-9.75%-12-6-27-PVT,F,STK,99995.45,99995.55,99995.45,99995.55,99995.55,100050,2,2,199991,
976808,NFL-10.75%-19-8-28-PVT,F,STK,10000,10055,9999,10038.75,10045,10004.98,29,170,1704171,
976830,VCL-9.3%-23-6-28-PVT,F,STK,10000,10000,10000,10000,10000,10460.5,1,10,100000,
976855,NFL-10%-25-03-27-PVT,F,STK,99800,99995.55,99799,99995.55,99995.55,99800.01,7,8,798590,
976868,ACAPL-12.5%-27-12-28-PVT,F,STK,96400,96780,95900,96780,96780,95000,6,11,1060399,
976872,AFL-10.25%-30-06-27-PVT,F,STK,98458.01,98458.01,98458.01,98458.01,98458.01,99989,1,7,689206,
976875,KFL-10%-31-12-27-PVT,F,STK,9900,9900,9650,9650,9650,9900,4,10,98000,
976893,VCL-10%-04-07-28-PVT,F,STK,9882.02,9882.02,9882.02,9882.02,9882.02,9995,1,1,9882,
976930,KSL-10.40%-25-1-27-PVT,F,STK,99605.01,99605.01,99605.01,99605.01,99605.01,100396.62,1,1,99605,
976940,SCNL-11.50%-24-01-31-PVT,F,STK,98400,98400,98400,98400,98400,98200,1,1,98400,
976976,ESPL-10.70%-5-3-27-PVT,F,STK,98921.01,98921.01,98921.01,98921.01,98921.01,99760,2,2,197842,
977001,KFLD-10.62%-7-2-28-PVT,F,STK,100017,100017,100017,100017,100017,101000,1,1,100017,
977017,NFL-10.30%-30-09-27-PVT,F,STK,9955,9965.01,9955,9965.01,9965.01,9954.04,2,12,119560,
977022,KSL-10.65%-12-08-27-PVT,F,STK,99970.01,99970.01,99970.01,99970.01,99970.01,99970.01,2,2,199940,
977023,CFPL-11%-11-8-27-PVT,F,STK,100000,100000,100000,100000,100000,100000,3,3,300000,
977028,NCL-10.50%-12-2-28-PVT,F,STK,67100,69000,67100,69000,69000,80400,2,2,136100,
977038,KFL-10%-30-11-27-PVT,F,STK,9800,9800,9800,9800,9800,9900,1,2,19600,
977044,KFL-11.10%-19-8-27-PVT,F,STK,9880,9880,9880,9880,9880,9750.76,1,17,167960,
977064,MFSL-9.10%-29-8-27-PVT,F,STK,9400,9400,9400,9400,9400,8700,1,1,9400,
977068,BRFL-10.95%-29-8-27-PVT,F,STK,9408,9408,7500,7500,7500,7840,2,2,16908,
977093,MSFL-0%-9-9-27-PVT,F,STK,105364,105364,105364,105364,105364,104561,2,5,526820,
977117,UCL-11.65%-15-3-31-PVT,F,STK,99299,99299,99055,99075,99055,98533.33,5,6,594877,
977172,MML-10.75%-30-9-27-PVT,F,STK,97000,97500,97000,97500,97500,98000,2,2,194500,
977176,ACAPL-14.35%-28-10-26-PVT,F,STK,5700,5700,5700,5700,5700,5555,1,1,5700,
977200,HLFL-9.25%-9-7-31-PVT,F,STK,86500,86500,86500,86500,86500,86400,1,1,86500,
977205,ACAPL-12%-13-04-27-PVT,F,STK,9870,9870,9700,9700,9700,9831,4,20,196451,
977226,LLDL-13.50%-30-01-29-PVT,F,STK,101001,101999.99,101000,101200,101200,101589,7,9,910650,
977241,KRFL-11.40%-24-10-27-PVT,F,STK,9751.23,9818,9511,9803.49,9790,9571.12,28,93,898003,
977249,MML-9.30%-27-1-28-PVT,F,STK,9798,9798,9712,9769,9769,9798.58,6,37,361540,
977250,MML-9.75%-27-10-28-PVT,F,STK,9800,9800,9800,9800,9800,9780,1,2,19600,
977260,ACAPL-13%-29-10-28-PVT,F,STK,9850,9850,9835,9835,9835,9930,2,2,19685,
977288,MML-9.9%-4-11-27-PVT,F,STK,97209,97209,97209,97209,97209,99949,2,2,194418,
977298,ACAPL-12%-17-11-28-PVT,F,STK,9500.22,9540,9490,9537,9537,9497.5,15,57,541586,
977309,ACAPL-12%-21-05-27-PVT,F,STK,9797,9797,9700,9797,9797,9770,16,92,901063,
977331,KSL-10.50%-2-12-27-PVT,F,STK,99210.01,99210.01,99210.01,99210.01,99210.01,99275.9,2,2,198420,
977367,ACAPL-12%-11-6-27-PVT,F,STK,9800,9800,9762,9762,9762,9710.58,5,9,88046,
977417,NFL-11.35%-30-12-27-PVT,F,STK,100500,100500,100500,100500,100500,101995,1,1,100500,
977424,MCIBPL-ZC-31-12-27-PVT,F,STK,102150,102150,102150,102150,102150,102129,1,1,102150,
977477,NFL-10.75%-31-12-28-PVT,F,STK,9970,9970,9925.01,9951,9951,9940,5,5,49733,
977532,MSAFL-ZC-6-2-28-PVT,F,STK,101128,101128,101100,101118.67,101100,101100,2,3,303356,
977541,KFL-12%-10-5-28-KFL,F,STK,9840,9840,9840,9840,9840,9860.7,1,3,29520,
977558,FCPL-11%-26-8-28-PVT,F,STK,9850,9850,9760.01,9760.01,9760.01,9986,5,5,49010,
977576,UCIL-13%-24-5-27-PVT,F,STK,9940,9940,9705.76,9705.76,9705.76,9740.63,5,17,167807,
977635,HFL-10.5%-16-11-29-PVT,F,STK,100000,100086.3,100000,100086.3,100086.3,100057.53,21,84,8407076,
977637,HFL-11%-16-9-31-PVT,F,STK,100090.41,100090.41,100090.41,100090.41,100090.41,100000,13,102,10209221,
