SC_CODE,SC_NAME,SC_GROUP,SC_TYPE,OPEN,HIGH,LOW,CLOSE,LAST,PREVCLOSE,NO_TRADES,NO_OF_SHRS,NET_TURNOV,TDCLOINDI
500002,"ABB INDIA LIMITED",A,STK,6249.95,6430,6145.05,6412.5,6412.5,6280.5,5630,107201,674147304,
500003,"AEGIS LOGISTICS LTD.",A,STK,616.15,656.65,598,638.4,637.3,616.15,3343,197505,120756873,
500008,"Amara Raja Energy & Mobility L",A,STK,786.95,804,777,789.1,789.65,790.8,1223,30533,24158493,
500009,"AMBALAL SARABHAI ENTERPRISES L",X,STK,24.74,25,24,24.81,24.6,24.99,320,57190,1395364,
500012,"ANDHRA PETROCHEMICALS LTD.",X,STK,38,39.34,37.75,38.79,38.63,38.52,283,46940,1809256,
500013,"ANSAL PROPERTIES & INFRASTRUCT",Z,STK,3.7,3.7,3.63,3.66,3.66,3.7,10,3787,13818,
500014,"UTIQUE ENTERPRISES LIMITED",X,STK,4.34,4.44,4.15,4.36,4.2,4.3,35,3845,16630,
500016,"ARUNA HOTELS LTD.",X,STK,7.3,8,7,7.5,7.5,7.42,50,35036,254799,
500020,"BOMBAY DYEING & MFG.CO.LTD.",A,STK,108.65,111,105.75,108.75,109.45,108.65,678,72154,7837029,
500023,"ASIAN HOTELS (NORTH) LIMITED",B,STK,285.25,311.15,285.25,304.1,304.1,289.6,125,1836,551691,
500027,"ATUL LTD.",A,STK,6025.15,6315,6025.15,6300.95,6294,6202.8,322,1117,6918579,
500028,"ATV PROJECTS INDIA LTD.",X,STK,33.04,33.04,30.8,31.64,31.9,30.87,127,16735,530240,
500031,"BAJAJ ELECTRICALS LTD.",A,STK,386.95,411.05,377.25,385.35,385.35,379.85,6134,166447,65785761,
500032,"BAJAJ HINDUSTHAN SUGAR LIMITED",A,STK,16.52,17,16.28,16.54,16.54,16.51,1274,635691,10648479,
500033,"FORCE MOTORS LTD.",A,STK,21450,21881.1,20912.5,21549.5,21549.5,21669.55,4493,14307,305904670,
500034,"BAJAJ FINANCE LIMITED",A,STK,884.9,887.35,859.85,863.55,863.55,893.15,13438,354383,309749756,
500038,"BALRAMPUR CHINI MILLS LTD.",A,STK,516.5,519.1,495.95,507.85,507.85,519.9,1296,50878,25982378,
500039,"BANCO PRODUCTS (INDIA) LTD.",A,STK,576,582.35,561.4,575.75,573.3,576.25,1292,30644,17479291,
500040,"ADITYA BIRLA REAL ESTATE LIMIT",A,STK,1180,1215.75,1142.45,1190.3,1187.65,1182.5,925,174738,209617161,
500041,"BANNARI AMMAN SUGARS LTD.",B,STK,3576.05,3576.05,3530.05,3550,3550,3581.65,16,25,88796,
500042,"BASF INDIA LTD.",A,STK,3404.85,3482.15,3387.3,3454.95,3482.15,3464.95,516,3569,12274806,
500043,"BATA INDIA LTD.",A,STK,713.95,732,707,713.85,713.85,719.25,1450,26125,18728115,
500048,"BEML LTD.",A,STK,1600,1621.65,1566.45,1612.75,1617,1605.9,1310,18944,30161782,
500049,"BHARAT ELECTRONICS LTD.",A,STK,451.05,454.9,448.55,453.75,453.75,454.05,21537,416043,187939440,
500051,"BHAGAWATI GAS LIMITED",X,STK,1.22,1.22,1.22,1.22,1.22,1.17,3,650,793,
500052,"BHANSALI ENGINEERING POLYMERS",B,STK,81.27,84.33,80.09,83.77,83.77,81.35,596,38722,3184136,
500058,"BIHAR SPONGE IRON LTD.",XT,STK,11.66,11.66,11.02,11.41,11.25,11.6,159,44840,498086,
500059,"BIL VYAPAR LIMITED",T,STK,6.55,6.65,6.54,6.61,6.65,6.88,11,2443,15980,
500060,"Birla Cable Limited",B,STK,135.9,139.8,133.65,137.8,138,135.9,67,4639,635735,
500067,"BLUE STAR LTD.",A,STK,1922.05,1970,1892.3,1951.25,1945,1943.15,2953,20997,40535859,
500068,"DISA INDIA LTD.",B,STK,11868.85,11995,11868.85,11869.85,11872.95,11868.9,28,105,1247612,
500069,"QUEST CAPITAL MARKETS LIMITED",X,STK,269.2,269.2,252.7,267.6,267.6,269.2,58,1549,401392,
500074,"BPL LTD.",B,STK,51.15,52.72,51,51.1,51,51.55,72,7749,400385,
500078,"ORIENTAL AROMATICS LIMITED",B,STK,248.05,258.5,246.9,249.35,247,251,376,23943,6076386,
500083,"CENTURY EXTRUSIONS LTD.",B,STK,19.75,20,19.5,19.9,19.98,19.7,109,10784,214518,
500084,"CESC LTD.",A,STK,153.1,164.9,153,159.35,159,154.4,8228,480609,77128240,
500085,"CHAMBAL FERTILISERS & CHEMICAL",A,STK,431.8,436.8,423.95,434.1,434.1,431.85,1674,57913,24929506,
500086,"EXIDE INDUSTRIES LTD.",A,STK,309.9,314.2,304.9,310.3,310.3,311.35,2058,51657,15965071,
500087,"CIPLA LTD.",A,STK,1323.05,1341,1318.7,1325.25,1325.25,1329.9,4406,160039,213313626,
500089,"DIC INDIA LTD.",B,STK,521.95,542,520.2,537.1,537,525.25,45,426,227468,
500092,"CRISIL LTD.",A,STK,4311,4440,4195.8,4220.5,4210.05,4307.85,600,2083,8836333,
500093,"CG Power and Industrial Soluti",A,STK,723.3,740.45,702,737.45,737.45,726.85,12709,268882,194816135,
500096,"DABUR INDIA LTD.",A,STK,471.95,471.95,456.7,459.35,459,472,3083,50377,23240864,
500097,"DALMIA BHARAT SUGAR AND INDUST",B,STK,318.05,322.85,306.05,310.15,313,318.5,262,5241,1638514,
500101,"ARVIND LTD.",A,STK,333,358.15,325.75,348.35,348.35,333,853,25926,8915075,
500103,"BHARAT HEAVY ELECTRICALS LTD.",A,STK,253.9,270.2,251.85,267.9,267.9,255.8,11844,1887540,502771704,
500104,"HINDUSTAN PETROLEUM CORPORATIO",A,STK,377.45,388.9,367.5,384.4,384.4,384.25,9113,327421,123864829,
500106,"IFCI LTD.",A,STK,52.8,54.75,51.94,54.03,54.03,53.62,4567,1126922,60023390,
500108,"MAHANAGAR TELEPHONE NIGAM LTD.",B,STK,26.16,26.7,25.3,26.07,25.9,26.08,1306,262651,6826673,
500109,"MANGALORE REFINERY & PETROCHEM",A,STK,186.4,193.95,177.25,191.35,191.35,186.9,4349,389967,72560506,
500110,"CHENNAI PETROLEUM CORPORATION",A,STK,903,959.9,869.15,944.1,944.1,909.7,10842,226699,210185326,
500112,"STATE BANK OF INDIA",A,STK,1079.95,1098.45,1070.65,1085.35,1085.35,1090.6,52999,1306964,1412875864,
500113,"STEEL AUTHORITY OF INDIA LTD.",A,STK,153.35,154.1,149.65,153.6,153.4,153.8,4028,509012,77226421,
500114,"TITAN COMPANY LIMITED",A,STK,4127.95,4177.05,4033.4,4126.95,4135.7,4139.2,6891,36496,149979178,
500116,"IDBI BANK LTD.",A,STK,98.1,99.9,96.6,98.8,98.8,99.15,4200,1036289,101810728,
500117,"DCW LTD.",B,STK,43.79,43.79,42.06,42.63,42.6,43.83,897,611367,26218212,
500119,"DHAMPUR SUGAR MILLS LTD.",B,STK,127.35,129.65,123.15,123.6,123.6,127.3,460,32237,4037681,
500120,"DIAMINES & CHEMICALS LTD.",B,STK,225,230,219.95,224.1,221.4,225.2,171,4411,989832,
500123,"ELANTAS BECK INDIA LTD.",B,STK,8300,8389.35,8070.05,8125.1,8125.1,8315.9,243,1948,15867015,
500124,"DR.REDDYS LABORATORIES LTD.",A,STK,1315.1,1336.3,1304,1318.75,1320,1325.5,3324,41493,54737836,
500125,"E.I.D.-PARRY (INDIA) LTD.",A,STK,805.5,819.55,790.9,809.85,812,810.05,574,4439,3582975,
500126,"PROCTER & GAMBLE HEALTH LIMITE",A,STK,4860.1,4912.5,4833.05,4892.4,4887.85,4890.25,126,241,1174379,
500128,"ELECTROSTEEL CASTINGS LTD.",A,STK,77,83.02,72.64,79.19,79.19,75.6,7838,780351,61030512,
500133,"ESAB INDIA LTD.",A,STK,5332,5363.1,5255.55,5340.25,5347.15,5340.5,108,367,1948473,
500135,"EPL LIMITED",A,STK,196.95,198.45,190.1,193.25,193.45,195.4,1238,88369,17116066,
500136,"ESTER INDUSTRIES LTD.",B,STK,94.6,97.2,93.45,96.15,95.55,97,205,6421,616385,
500142,"FGP LTD.",X,STK,9,9.23,8.56,9,9.23,9,12,4184,37357,
500143,"PH CAPITAL LTD.",XT,STK,598.9,607.75,591,592,592,596,27,1234,733300,
500144,"FINOLEX CABLES LTD.",A,STK,871.1,904.45,868.9,894,894,888.25,2724,47724,42425556,
500147,"JOHN COCKERILL INDIA LIMITED",B,STK,4820,4873.9,4800,4825.7,4800,4862.75,275,3260,15755491,
500148,"UFLEX LTD.",B,STK,447.9,455.95,447.8,452.25,452.25,447.8,26,409,184300,
500150,"FOSECO INDIA LTD.",B,STK,5150,5150,5018.05,5028,5028,5098.05,19,75,380929,
500151,"GOLDEN TOBACCO LTD.",Z,STK,29.02,29.02,28.5,28.5,28.5,27.82,3,47,1340,
500153,"GANESH BENZOPLAST LTD.",B,STK,77.23,78.94,76.41,78.44,78.84,78.18,170,7817,604125,
500159,"METROGLOBAL LIMITED",X,STK,109.95,109.95,105,105.5,105.5,109.1,7,64,6799,
500160,"GTL LTD.",B,STK,6.94,6.94,6.76,6.8,6.8,6.83,54,206540,1410583,
500163,"GODFREY PHILLIPS INDIA LTD.",A,STK,2118,2118,2048,2088.75,2095,2125,2395,31467,65416386,
500164,"GODREJ INDUSTRIES LTD.",A,STK,880.7,907.75,869.6,891.95,891.95,889.65,810,14183,12634479,
500165,"KANSAI NEROLAC PAINTS LTD.",A,STK,187.25,189.75,186.1,188,189.2,186.15,512,15707,2957283,
500166,"GOODRICKE GROUP LTD.",X,STK,150.05,154.5,145,150.85,150.55,151,99,14930,2248987,
500168,"GOODYEAR INDIA LTD.",B,STK,770.1,778,760,763.1,764,778.75,690,9172,7016420,
500170,"GTN INDUSTRIES LTD.",X,STK,26,26,22.51,24.76,24.89,25.52,25,1402,35217,
500171,"GHCL LTD.",A,STK,456.1,474.05,450.8,463.1,464,456.85,306,15104,7056536,
500173,"GFL LIMITED",B,STK,43.1,47,43.1,46.22,46.22,44.31,144,15073,695119,
500179,"HCL INFOSYSTEMS LTD.",B,STK,12.44,12.48,12.04,12.13,12.13,12.25,266,35797,439234,
500180,"HDFC BANK LTD.",A,STK,822.25,836.65,820,832.5,832.5,834,70670,2503832,2084028564,
500182,"HERO MOTOCORP LTD.",A,STK,5510.05,5576.45,5380,5395.6,5395.6,5573.45,4629,31772,173071098,
500183,"HFCL LIMITED",A,STK,71.21,75.95,70.63,74.46,74.46,72.12,8829,2166412,160945487,
500184,"Himadri Speciality Chemical Lt",A,STK,443.5,456,428.95,453,453,447.35,2917,135496,59931616,
500185,"HINDUSTAN CONSTRUCTION CO.LTD.",A,STK,15.92,16.31,15.47,16.11,16.11,16,2135,1517509,24187628,
500186,"HINDUSTAN OIL EXPLORATION CO.L",B,STK,151,156.65,146.8,147.05,147.05,147.5,1412,67762,10268148,
500187,"AGI GREENPAC LIMITED",A,STK,532,546.5,509.3,540.85,537.85,532.7,909,16003,8528874,
500188,"HINDUSTAN ZINC LTD.",A,STK,584.95,585.7,569,582.95,582.95,587.45,3887,173093,99791143,
500189,"NDL Ventures Limited",B,STK,110.75,119.05,110.5,114.95,115,118.2,95,2013,230767,
500191,"HMT LTD.",Z,STK,58.87,59.4,55.94,57.22,56.75,58.87,61,5103,296449,
500192,"PRAG BOSIMI SYNTHETICS LTD.",X,STK,1.76,1.8,1.72,1.79,1.79,1.76,20,6305,11210,
500193,"HLV LIMITED",B,STK,7.46,7.83,7.46,7.73,7.68,7.57,219,49188,377082,
500199,"I G PETROCHEMICALS LTD.",B,STK,360.2,367.7,351.1,354.1,354,360.1,315,1418,509360,
500201,"INDIA GLYCOLS LTD.",B,STK,865.15,883.8,847.2,877.2,877.2,868.2,324,3597,3120660,
500202,"INDIA LEASE DEVELOPMENT LTD.",X,STK,8,8,8,8,8,8,1,100,800,
500206,"MARGO FINANCE LIMITED",X,STK,70.58,70.58,66.99,66.99,66.99,69.89,5,18,1250,
500207,"INDO RAMA SYNTHETICS (INDIA) L",B,STK,34.21,35.57,34.2,35.02,35,34.6,67,10975,380591,
500209,"INFOSYS LTD.",A,STK,1273.95,1278.6,1257.8,1265.85,1265.85,1276.35,38593,678263,860328566,
500210,"INGERSOLL-RAND (INDIA) LTD.",A,STK,3801,3825,3780.05,3801.9,3812,3865.2,123,424,1610950,
500213,"INTERNATIONAL TRAVEL HOUSE LTD",X,STK,320.25,324.95,318.3,318.75,318.3,322.3,58,2140,684874,
500214,"ION EXCHANGE (INDIA) LTD.",A,STK,372.6,372.6,353.35,355.6,356.3,372.75,956,29391,10598448,
500215,"SUNDROP BRANDS LIMITED",B,STK,632.05,641.7,632.05,637,637,634.75,5,455,289099,
500219,"JAIN IRRIGATION SYSTEMS LTD.",A,STK,34.24,35.62,34.23,34.43,34.43,35.59,713,283424,9838981,
500220,"JASCH INDUSTRIES LTD.",X,STK,157,161,156.75,158.15,156.75,160.25,16,726,114848,
500227,"JINDAL POLY FILMS LTD.",B,STK,901.35,948,872.6,938.65,942.85,902.3,2880,54724,50613281,
500228,"JSW STEEL LTD.",A,STK,1177.55,1182.2,1151,1172.7,1172.7,1178.75,2197,23219,27106254,
500233,"KAJARIA CERAMICS LTD.",A,STK,952,952,931.05,940.5,939.3,959.45,1511,47600,44589426,
500234,"KAKATIYA CEMENT SUGAR & INDUST",B,STK,105.25,109,105.15,107.15,105.15,105.7,89,565,59835,
500235,"KALYANI STEELS LTD.",B,STK,690,710.2,689.65,698.3,698.3,701,83,652,452463,
500238,"WHIRLPOOL OF INDIA LTD.",A,STK,883,890,855.05,861.45,861.45,892.1,1312,16147,14085199,
500239,"KG DENIM LTD.",X,STK,15.6,15.6,13.77,14.57,14.58,14.4,18,1203,17520,
500240,"KINETIC ENGINEERING LTD.",X,STK,237.85,237.85,231,233.9,235,236.7,132,7051,1648448,
500241,"KIRLOSKAR BROTHERS LTD.",A,STK,1555.1,1606.35,1535,1589.8,1591.5,1595.35,870,6676,10471283,
500243,"KIRLOSKAR INDUSTRIES LTD",B,STK,2800,2861.4,2748.8,2808.9,2767.25,2812,92,159,445864,
500245,"KIRLOSKAR FERROUS INDUSTRIES L",B,STK,379.95,387,371.1,380.65,380.65,378.95,2558,123728,46650426,
500246,"ENVAIR ELECTRODYNE LTD.",X,STK,48.96,51.85,44.9,45.8,45.8,48,7,269,13803,
500247,"KOTAK MAHINDRA BANK LTD.",A,STK,377.9,380.2,374.4,375.3,375.3,383.45,22449,338120,127545739,
500249,"KSB LIMITED",A,STK,780,780,748.05,768,764.5,764.7,598,5153,3904570,
500250,"L.G.BALAKRISHNAN & BROS.LTD.",B,STK,1866,1896.15,1854.5,1857.5,1854.5,1898.2,329,2201,4118769,
500251,"TRENT LTD.",A,STK,3619.05,3619.05,3503.25,3532.15,3535,3624.25,4198,20043,70925364,
500252,"LMW Limited",A,STK,14473.9,14650,14419.85,14544.5,14430,14510.55,87,128,1863258,
500253,"LIC HOUSING FINANCE LTD.",A,STK,500.95,506.2,492.8,498.4,498.4,505.1,1968,29229,14611134,
500257,"LUPIN LTD.",A,STK,2340.95,2362.05,2305.6,2356.85,2355,2345.5,1967,12551,29295657,
500259,"LYKA LABS LTD.",B,STK,56.97,56.97,55,55.02,55,56.97,103,18631,1026650,
500260,"THE RAMCO CEMENTS LIMITED",A,STK,1012,1012,977.05,992.85,991.6,994.35,721,13703,13530581,
500262,"HYBRID FINANCIAL SERVICES LIMI",B,STK,17,17.9,16.51,16.75,16.75,17.09,36,1736,29478,
500264,"MAFATLAL INDUSTRIES LTD.",X,STK,123.75,126,120,122.25,122.25,122.8,408,33176,4049945,
500265,"MAHARASHTRA SEAMLESS LTD.",A,STK,556.6,563.4,544.8,561.25,562.5,556.5,478,3403,1883908,
500266,"MAHARASHTRA SCOOTERS LTD.",A,STK,13189.9,13189.9,12620,12834.9,12834.9,12705.65,83,141,1803077,
500267,"MAJESTIC AUTO LTD.",X,STK,300,315,286.35,312,314.75,295.55,213,6406,1939238,
500268,"MANALI PETROCHEMICAL LTD.",B,STK,49.35,50.05,48.38,49.18,49.18,50.04,473,20824,1025823,
500270,"BARODA RAYON CORPORATION LTD.",X,STK,102.65,107.3,102.3,103,105,103.8,45,587,60795,
500271,"Max Financial Services Limited",A,STK,1720,1720,1678,1696.15,1698,1725.25,1502,273775,465345339,
500277,"MID INDIA INDUSTRIES LTD.",X,STK,5.95,5.95,5.9,5.9,5.9,5.95,21,1636,9678,
500279,"MIRC ELECTRONICS LTD.",B,STK,24.88,25.7,24.57,24.97,24.85,25.12,303,64166,1617557,
500280,"CENTURY ENKA LTD.",B,STK,405.85,414.9,404.95,411.55,411.55,409.35,237,4864,1992749,
500282,"MODERN THREADS (INDIA) LTD.",B,STK,56.17,56.17,51.05,51.6,51.6,54.73,16,242,12909,
500284,"LORDS CHLORO ALKALI LTD.",B,STK,121.75,122.5,117.15,119.05,119.05,121.75,16,434,52113,
500285,"SPICEJET LTD.",A,STK,14.75,15.45,14.45,14.72,14.72,15.02,14455,32817735,490559725,
500288,"MOREPEN LABORATORIES LTD.",A,STK,40.1,40.99,39.22,40.29,40.29,40.1,1089,258874,10392562,
500290,"MRF LTD.",A,STK,135700,138150,134777.65,137828.75,138000,136034.95,172,214,29241494,
500292,"HEIDELBERGCEMENT INDIA LTD.",B,STK,156.05,158.25,155.55,156.75,155.8,157,76,999,156711,
500294,"NCC LIMITED",A,STK,147.65,151.2,146.25,149.45,149.45,149.05,2209,186549,27709682,
500295,"VEDANTA LIMITED",A,STK,728.85,730,704.65,719.55,719.55,720.55,7588,383257,273829658,
500296,"NAHAR SPINNING MILLS LTD.",B,STK,193.8,198.4,190.55,194.75,194.1,195.35,129,1154,223551,
500298,"Naperol Investments Limited",X,STK,585.4,617.35,570.7,574.9,574.9,577.6,199,3725,2145978,
500300,"GRASIM INDUSTRIES LTD.",A,STK,2737.95,2750,2662.4,2676.55,2750,2738.75,1694,8130,21846469,
500304,"NIIT LTD.",B,STK,65.29,66.98,63.37,65.54,65.54,65.26,470,28685,1863643,
500306,"Jaykay Enterprises Limited",B,STK,136,137,134,135.9,135.9,138.45,525,24750,3359174,
500307,"NIRLON LTD.",B,STK,492,493,487.95,489.2,487.95,491.9,120,3999,1957805,
500312,"OIL AND NATURAL GAS CORPORATIO",A,STK,272.45,272.95,267.8,270.45,270.45,270.75,10130,644279,174318402,
500313,"OIL COUNTRY TUBULAR LTD.",B,STK,43.33,44.91,42.64,44.5,44.5,42.97,122,3079,136177,
500314,"ORIENTAL HOTELS LTD.",B,STK,91.1,91.85,86.15,86.9,87.5,91.05,365,38205,3358030,
500317,"OSWAL AGRO MILLS LTD.",B,STK,43.9,44.65,43.3,43.39,43.3,43.9,143,3517,153731,
500319,"INDIAN SUCROSE LTD.",X,STK,72.68,72.76,70.4,71.2,71.2,72.68,54,5025,357098,
500322,"PANYAM CEMENTS & MINERAL INDUS",XT,STK,126,126,125.95,125.95,125.95,120,2,5,629,
500325,"RELIANCE INDUSTRIES LTD.",A,STK,1392.75,1410.9,1380.95,1391.85,1391.85,1391.1,58097,1733925,2423531297,
500327,"Pil Italica Lifestyle Limited",B,STK,8.15,8.15,7.74,7.79,7.74,8.06,32,10462,82394,
500330,"RAYMOND LTD.",A,STK,378.05,383.9,368.65,377.75,378.3,378.05,794,26222,9851215,
500331,"PIDILITE INDUSTRIES LTD.",A,STK,1392.85,1399.25,1378,1386.05,1390,1403.85,2692,141763,196166154,
500333,"PIX TRANSMISSIONS LTD.",B,STK,1440,1454.3,1431,1441.15,1441.15,1462.7,133,490,707937,
500335,"BIRLA CORPORATION LTD.",A,STK,840,840,817.2,819.55,818.5,843,401,4306,3566179,
500336,"SURYA ROSHNI LTD.",A,STK,212.4,223,207.15,222.75,222.75,212.35,812,267931,59480527,
500337,"PRIME SECURITIES LTD.",B,STK,275,275,268.7,272.45,272.45,275,7,19,5130,
500338,"PRISM JOHNSON LIMITED.",B,STK,125,126.65,125,125.1,125,125.45,113,8289,1040198,
500339,"RAIN INDUSTRIES LIMITED",A,STK,118.55,120.3,113.2,118.5,120.15,118.55,1241,132464,15563021,
500342,"PRUDENTIAL SUGAR CORPORATION L",B,STK,15.87,15.87,14.4,15.56,15.65,15.56,19,646,9814,
500343,"AMJ LAND HOLDINGS LIMITED",B,STK,38.02,38.2,37.12,37.61,37.6,39,40,1690,64031,
500346,"PUNJAB COMMUNICATIONS LTD.",B,STK,53.38,53.38,50.2,52.99,52.99,51.52,9,918,46412,
500350,"RSWM LTD.",B,STK,145.65,145.65,142,142.75,142.4,148.65,137,1768,253844,
500354,"RAJSHREE SUGARS & CHEMICALS LT",B,STK,28.4,28.94,28.07,28.59,28.59,28.49,18,269,7694,
500355,"RALLIS INDIA LTD.",A,STK,245.35,250.7,242.7,247.4,247.2,248.75,395,7589,1870910,
500356,"SHREE RAMA NEWSPRINT LTD.",B,STK,38.65,39.56,35.24,36.07,36.11,39.29,470,25700,940181,
500360,"RAPICUT CARBIDES LTD.",XT,STK,150,150,141.6,147.95,147.95,147.95,29,4028,593289,
500365,"WELSPUN SPECIALTY SOLUTIONS LI",B,STK,36.25,36.25,34.8,35.82,36.19,35.83,562,110886,3918127,
500367,"RUBFILA INTERNATIONAL LTD.",B,STK,69.8,69.8,62.53,63.5,63.5,64,51,1880,118312,
500368,"Patanjali Foods Limited",A,STK,494.95,494.95,487.5,490.45,490.45,498.45,3476,519839,254212704,
500370,"SALORA INTERNATIONAL LTD.",X,STK,28.18,29,26.7,28.55,28.79,28.54,20,15042,423978,
500371,"SAMTEL INDIA LTD.",XT,STK,16.77,16.77,16.77,16.77,16.77,16.45,2,550,9223,
500378,"JINDAL SAW LTD.",A,STK,202.3,211.15,191.1,199.25,199.25,198.4,38231,4471722,902346649,
500380,"JK LAKSHMI CEMENT LTD.",A,STK,603.05,615.25,596.45,607.8,607.8,605.35,359,3895,2364386,
500387,"SHREE CEMENT LTD.",A,STK,24140,24140,23283.7,23504.4,23474.85,23750.3,366,5873,138252506,
500388,"SHREE KRISHNA PAPER MILLS & IN",XT,STK,110.65,110.65,110.65,110.65,110.65,110.7,2,6,663,
500389,"SILVERLINE TECHNOLOGIES LTD.",XT,STK,13.62,13.62,13.62,13.62,13.62,14.33,441,83807,1141451,
500390,"RELIANCE INFRASTRUCTURE LTD.",T,STK,89.35,92.9,87.52,90.13,90.13,89.99,843,132136,11922491,
500400,"TATA POWER CO.LTD.",A,STK,384.6,407.2,383.4,402.3,402.3,385.2,18279,2790856,1116699896,
500402,"SPML INFRA LIMITED",B,STK,182.2,182.2,174.05,174.4,174.25,182.65,690,29279,5191145,
500403,"SUNDRAM FASTENERS LTD.",A,STK,830.75,837.3,815.75,830.35,830.35,837.35,492,4295,3556802,
500404,"SUNFLAG IRON & STEEL CO.LTD.",B,STK,223.25,231.55,222.25,226.9,226.5,227.75,212,9642,2183378,
500405,"SUPREME PETROCHEM LTD.",A,STK,681,702.05,676.85,692.1,683.05,692,106,914,629134,
500407,"SWARAJ ENGINES LTD.",B,STK,3468.8,3493.65,3390,3481.25,3484.4,3468.8,110,491,1699187,
500408,"TATA ELXSI LTD.",A,STK,4343,4379.85,4254.3,4327.5,4327.5,4343.7,4174,20391,88248685,
500410,"ACC LTD.",A,STK,1453.5,1453.5,1426.35,1430.5,1430.5,1456.4,1821,15657,22520834,
500411,"THERMAX LTD.",A,STK,3126.05,3179.55,3088.6,3164.05,3161.3,3182.2,1445,4119,12842476,
500412,"THIRUMALAI CHEMICALS LTD.",B,STK,177.05,178.9,170.2,176.75,176.65,178.1,397,19787,3464934,
500413,"THOMAS COOK (INDIA) LTD.",A,STK,89.6,94.5,89.05,92.2,92.2,92.75,645,60922,5567158,
500414,"TIMEX GROUP INDIA LTD.",B,STK,279,287.4,275,283.25,283.25,281.85,1250,130361,36848913,
500418,"TOKYO PLAST INTERNATIONAL LTD.",B,STK,73.93,79.94,72.75,79.94,79.94,74.6,21,246,18029,
500420,"TORRENT PHARMACEUTICALS LTD.",A,STK,4413,4460.1,4391.15,4444.75,4439.5,4429.25,717,2513,11122401,
500421,"TPI INDIA LTD.",X,STK,17.08,17.25,17,17.25,17.25,17,6,491,8405,
500422,"TRANSCHEM LTD.",XT,STK,157.3,157.3,157.3,157.3,157.3,160.5,10,2510,394823,
500425,"AMBUJA CEMENTS LTD.",A,STK,455.5,455.6,445.45,446.7,446.7,457.65,2358,129265,58272544,
500426,"UTL INDUSTRIES LIMITED",X,STK,1.58,1.64,1.55,1.64,1.63,1.58,42,34570,56609,
500429,"UNIPHOS ENTERPRISES LTD.",B,STK,98,100,97.75,100,100,99.45,69,1556,155538,
500440,"HINDALCO INDUSTRIES LTD.",A,STK,965,971.65,934.5,969.85,969.85,959,4749,135461,129630520,
500444,"West Coast Paper Mills Limited",B,STK,400,406.95,392.6,398.1,398.35,400.3,274,2893,1157388,
500449,"HINDUSTAN ORGANIC CHEMICALS LT",B,STK,28.88,29.13,28.24,29.02,28.81,28.52,192,48245,1387642,
500450,"MPIL CORPORATION LTD.",X,STK,341.75,374,339,354.3,369,356.2,8,59,20143,
500456,"PASUPATI ACRYLON LTD.",B,STK,46.72,47.39,46.22,46.69,46.91,47.03,66,5101,237692,
500458,"TEAM24 CONSUMER PRODUCTS LIMIT",X,STK,30,31,30,30.01,30.01,30.01,10,1744,53355,
500459,"PROCTER & GAMBLE HYGIENE & HEA",A,STK,10798.4,10943.5,10566,10830.35,10809.05,10818.2,210,570,6114704,
500460,"MUKAND LTD.",B,STK,121.05,121.6,120,120.4,120.4,123.5,57,1956,236354,
500463,"BLACK BOX LIMITED",A,STK,510,532.7,505.4,522.5,522.5,514.25,993,25616,13313142,
500467,"HARRISONS MALAYALAM LTD.",B,STK,179.9,188.9,179.85,182.15,182,182.95,69,2792,514308,
500469,"FEDERAL BANK LTD.",A,STK,267.9,272.1,264.85,270.2,269.8,269.4,5217,214066,57636633,
500470,"TATA STEEL LTD.",A,STK,194,194.7,190.1,193.45,193.45,194.7,25479,1014876,195142709,
500472,"SKF INDIA LTD.",A,STK,1601.85,1624,1574,1601.75,1595,1604.25,193,1512,2411608,
500477,"ASHOK LEYLAND LTD.",A,STK,184.45,185.75,177,178.25,178.25,184.85,28765,1749431,313341847,
500480,"CUMMINS INDIA LTD.",A,STK,4626.9,4782.35,4518.1,4754.45,4746,4626.8,3355,112698,514714926,
500483,"TATA COMMUNICATIONS LTD.",A,STK,1481.9,1481.9,1438.55,1448.9,1461.95,1481.9,618,5360,7781146,
500488,"ABBOTT INDIA LTD.",A,STK,26900.1,26935.05,26580,26695.2,26675,27211.05,424,606,16212387,
500490,"BAJAJ HOLDINGS & INVESTMENT LT",A,STK,10111.05,10111.05,9756,9796.4,9796.4,10173.3,1157,4151,41212632,
500493,"BHARAT FORGE LTD.",A,STK,1786.45,1791.95,1720.4,1778.15,1778.15,1797.25,6249,69647,122288678,
500495,"Escorts Kubota Limited",A,STK,3373.4,3373.4,3222.1,3229.15,3229.15,3392.9,862,3265,10677055,
500500,"HINDUSTAN MOTORS LTD.",B,STK,14.5,15.35,14.3,14.68,14.74,14.47,1187,282860,4132861,
500510,"LARSEN & TOUBRO LTD.",A,STK,3825,3825,3705.25,3720.95,3720.95,3838.25,34851,371909,1399103286,
500520,"MAHINDRA & MAHINDRA LTD.",A,STK,3147.9,3147.9,3019.3,3032.8,3032.8,3166.8,35226,437021,1336090679,
500530,"BOSCH LTD.",A,STK,31500,31583.4,30825,31280.7,31252.2,31693.25,583,1153,35960690,
500540,"PREMIER LTD.",T,STK,3.01,3.1,2.86,2.94,2.86,3,11,3795,11008,
500547,"BHARAT PETROLEUM CORPORATION L",A,STK,319,330.3,313.8,326.25,326.25,325.25,13696,846881,274255765,
500550,"SIEMENS LTD.",A,STK,3216.05,3349,3216.05,3324.25,3321,3272.1,1779,11676,38542429,
500570,"TATA MOTORS PASSENGER VEHICLES",A,STK,332.3,333.4,323.35,324.45,324.45,335.35,28794,853135,278685080,
500575,"VOLTAS LTD.",A,STK,1458.15,1475,1420.3,1449.55,1449.45,1472.25,2738,28025,40422839,
500620,"GREAT EASTERN SHIPPING CO.LTD.",A,STK,1423.95,1492.5,1396.85,1486.1,1491.5,1426.25,3967,58549,85009564,
500645,"DEEPAK FERTILISERS & PETROCHEM",A,STK,993.95,1001.6,970.1,976.6,985.95,997.25,1347,23769,23330602,
500650,"EXCEL INDUSTRIES LTD.",B,STK,880,989,879.5,886.4,885,907.65,272,2023,1904591,
500655,"GARWARE HI-TECH FILMS LIMITED",A,STK,3920.05,4195.5,3893.1,4083.3,4115.7,3987.55,355,1532,6217937,
500660,"GLAXOSMITHKLINE PHARMACEUTICAL",A,STK,2479.95,2517.2,2434.55,2504.15,2507.4,2485.15,538,6323,15737238,
500670,"GUJARAT NARMADA VALLEY FERTILI",A,STK,422.5,443.4,415.95,433.2,433.2,425.35,1264,46139,19733114,
500672,"NOVARTIS INDIA LTD.",B,STK,954.95,967.8,929.95,957.95,961,951.55,469,13449,12748493,
500674,"SANOFI INDIA LTD",A,STK,3638.1,3657.35,3587,3593.2,3587,3646.4,285,1208,4352257,
500680,"PFIZER LTD.",A,STK,4700,4751,4635.45,4697.5,4713.5,4704,192,553,2593651,
500690,"GUJARAT STATE FERTILIZERS & CH",A,STK,160.9,161.45,156.25,159.45,159.6,160.85,1101,54026,8582039,
500696,"HINDUSTAN UNILEVER LTD.",A,STK,2168.95,2168.95,2109.8,2135.45,2135.45,2161.75,21693,76101,162066874,
500710,"AKZO NOBEL INDIA LIMITED",A,STK,2833.7,2935.3,2829,2919.05,2922.2,2889.2,272,1299,3734496,
500730,"NOCIL LTD.",B,STK,131.05,133.7,127.8,130,130,131.2,437,20298,2659161,
500770,"TATA CHEMICALS LTD.",A,STK,686.7,692.75,675.25,683.05,683.05,688.55,1253,16348,11173190,
500777,"TAMILNADU PETROPRODUCTS LTD.",B,STK,85.52,85.52,83,83.41,83,84.59,122,6175,517547,
500780,"Zuari Industries Limited",B,STK,253.15,253.15,244.95,245.9,245.5,251.85,198,9494,2375359,
500790,"NESTLE INDIA LTD.",A,STK,1225,1229,1210,1219.85,1220.5,1233.35,1349,13336,16275032,
500800,"TATA CONSUMER PRODUCTS LIMITED",A,STK,1067.75,1070,1052,1057.45,1057.45,1073.25,2029,22012,23382982,
500820,"ASIAN PAINTS LTD.",A,STK,2219.7,2250.8,2201,2221.5,2223.45,2231.6,21613,170487,379089816,
500825,"BRITANNIA INDUSTRIES LTD.",A,STK,5900,5900.05,5717.1,5785.6,5825.5,5920,1635,8554,49397641,
500830,"COLGATE-PALMOLIVE (INDIA) LTD.",A,STK,2035.05,2036,1965,1976,1976,2054.3,3066,23165,46138045,
500840,"EIH LTD.",A,STK,315.05,332.4,313.3,330.7,329.55,320,664,24479,8026890,
500850,"INDIAN HOTELS CO.LTD.",A,STK,619.95,631.4,603.9,624.8,626.9,623.85,3134,83666,51660072,
500870,"CASTROL INDIA LTD.",A,STK,185.9,186.25,185,185.6,185.7,185.75,851,70241,13039508,
500875,"ITC LTD.",A,STK,307.95,307.95,303,303.9,303.9,308.95,25721,451148,137939270,
500877,"APOLLO TYRES LTD.",A,STK,429.45,429.45,413.15,417.7,419,434.5,7989,145905,60982086,
500878,"CEAT LTD.",A,STK,3550.85,3900,3453.5,3819.45,3819.45,3552.95,3699,19627,71222118,
500890,"MODI RUBBER LTD.",B,STK,111.8,115.15,111.8,114,114,113.95,13,1097,124688,
500940,"FINOLEX INDUSTRIES LTD.",A,STK,184.75,190.5,182.2,188.75,188.75,185.2,1061,40602,7603416,
501148,"DALAL STREET INVESTMENTS LTD.",XT,STK,390,390,390,390,390,396.7,1,1,390,
501150,"CENTRUM CAPITAL LTD.",B,STK,20.78,21.09,20.35,20.49,20.49,20.78,161,37061,763135,
501151,"KARTIK INVESTMENTS TRUST LTD.",XT,STK,1453.95,1453.95,1453.95,1453.95,1453.95,1384.75,1,1,1453,
501242,"TCI FINANCE LTD.",T,STK,15.69,15.69,14.21,14.35,14.84,14.95,23,4156,62000,
501295,"INDUSTRIAL INVESTMENT TRUST LT",B,STK,133.45,133.45,127.45,131.45,133,134.05,29,174,22938,
501298,"INDUSTRIAL & PRUDENTIAL INVEST",B,STK,5197,5200,5197,5200,5200,5207.6,2,2,10397,
501301,"TATA INVESTMENT CORPORATION LT",A,STK,618.9,632.8,609.35,629.3,629.3,622.85,2205,52984,32757501,
501311,"JAYABHARAT CREDIT LTD.",X,STK,16.57,16.57,16.57,16.57,16.57,16.57,2,12,198,
501314,"PRISMX GLOBAL VENTURES LIMITED",X,STK,0.61,0.61,0.59,0.6,0.61,0.61,161,152458,91464,
501343,"MOTOR & GENERAL FINANCE LTD.",B,STK,20.07,21,20.07,21,21,20.06,15,3349,69164,
501351,"RAPID INVESTMENTS LTD.",X,STK,73.76,73.76,70.08,71.25,70.08,73.76,4,12,877,
501370,"WALCHAND PEOPLEFIRST LTD.",X,STK,104,104.5,101.6,101.95,101.95,105,9,292,29970,
501391,"W.H.BRADY & CO.LTD.",X,STK,530.25,546,515.25,533.5,545.8,539,30,418,219893,
501421,"TechNVision Ventures Limited",X,STK,5731,5971,5731,5971,5971,6029.1,8,18,104287,
501423,"SHAILY ENGINEERING PLASTICS LT",A,STK,1886,1950,1855.7,1914.85,1950,1909.4,3593,686980,1291287705,
501425,"The Bombay Burmah Trading Corp",A,STK,1569,1593.5,1539.5,1569.25,1569.25,1574.6,840,5297,8322593,
501430,"BOMBAY CYCLE & MOTOR AGENCY LT",X,STK,1635.1,1635.1,1635.1,1635.1,1635.1,1627.05,1,5,8175,
501455,"GREAVES COTTON LTD.",A,STK,144.6,147.95,142.3,142.85,142.85,144.1,912,82354,11953204,
501622,"AMALGAMATED ELECTRICITY CO.LTD",X,STK,50.22,50.22,50.22,50.22,50.22,50.22,1,10,502,
501700,"INDIANIVESH LTD.",X,STK,8.08,8.15,7.42,7.96,7.62,7.77,66,20461,161396,
501831,"COASTAL CORPORATION LTD.",B,STK,43.95,44.13,42.9,43.1,43.35,44.06,42,5715,246552,
501833,"CHOWGULE STEAMSHIPS LTD.",X,STK,18.36,19.9,18.36,19.5,19.5,18.84,27,2520,47260,
501848,"GLOBAL OFFSHORE SERVICES LTD.",X,STK,46.7,47.95,45.05,46.75,46,46.06,149,149151,6833621,
501945,"DHENU BUILDCON INFRA LTD.",Z,STK,7.81,7.81,7.66,7.81,7.81,7.66,31,802,6259,
502015,"ASI INDUSTRIES LIMITED",X,STK,25.6,25.79,25,25,25,25.52,90,31036,776756,
502090,"SAGAR CEMENTS LTD.",B,STK,182.95,185.4,180,181.15,180.55,183,84,2903,530309,
502137,"DECCAN CEMENTS LTD.",B,STK,682,685.3,682,682.95,682.95,683,9,12,8203,
502157,"MANGALAM CEMENT LTD.",B,STK,817.4,829.45,804.15,807.05,804.15,833.35,194,2091,1709713,
502168,"NCL INDUSTRIES LTD.",B,STK,180.2,184.7,180.2,183.6,183.6,184,149,11310,2058368,
502175,"SAURASHTRA CEMENT LTD.",B,STK,61.65,63.19,61.2,61.93,62.03,61.93,186,5622,349607,
502180,"SHREE DIGVIJAY CEMENT CO.LTD.",B,STK,62.79,63.66,62.56,63.31,63.3,63.9,81,3558,225371,
502219,"BOROSIL RENEWABLES LIMITED",A,STK,415.45,431.45,403.6,422.25,419.65,415.45,728,21491,8977020,
502250,"LERTHAI FINANCE LIMITED",XT,STK,540,589.95,535.3,568.4,575,563.45,8,65,35225,
502281,"TRIVENI GLASS LTD.",X,STK,6.05,6.16,5.5,6.01,6,6.29,113,30499,179018,
502294,"NILACHAL REFRACTORIES LTD.",X,STK,34,34.98,34,34.98,34.98,33.32,15,3797,132329,
502330,"ANDHRA PAPER LIMITED",B,STK,63,63.38,62.6,62.97,62.75,62.99,367,4266,268627,
502355,"BALKRISHNA INDUSTRIES LTD.",A,STK,2195.9,2309.45,2154,2285.25,2285.25,2182.15,1629,10783,24148822,
502420,"ORIENT PAPER & INDUSTRIES LTD.",B,STK,18.38,18.38,16.65,16.84,17.15,16.96,190,20487,346632,
502445,"CITADEL REALTY AND DEVELOPERS",X,STK,40.83,42.49,36,40.67,40.67,40.83,76,1092,44148,
502448,"ROLLATAINERS LTD.",T,STK,1.27,1.3,1.24,1.3,1.3,1.28,31,25244,31843,
502450,"SESHASAYEE PAPER & BOARDS LTD.",B,STK,248,255.25,246.1,253.6,255.25,249.9,128,755,189013,
502587,"NATH INDUSTRIES LIMITED",X,STK,50,50,48,48.77,48.75,49.95,28,3987,197703,
502589,"VAPI ENTERPRISE LIMITED",X,STK,104.6,104.6,104.6,104.6,104.6,110.1,1,1,104,
502820,"DCM LTD.",B,STK,61,62.36,60.5,61.24,60.5,60.98,44,652,40041,
502865,"FORBES & COMPANY LTD.",X,STK,349.95,349.95,316,322.6,322.6,342,141,4106,1331034,
502873,"H.P.COTTON TEXTILE MILLS LTD.",X,STK,119,119,107,110,110,114.35,34,1502,169077,
502901,"JAMSHRI REALTY LIMITED",X,STK,77.78,79,77,77.43,77.25,76.25,21,699,54144,
502933,"KATARE SPINNING MILLS LTD.",X,STK,95,100,95,100,100,96.75,11,101,9600,
502937,"KESORAM INDUSTRIES LTD.",T,STK,8.31,8.72,8.03,8.18,8.18,8.31,239,78657,649375,
502958,"LAKSHMI MILLS COMPANY LTD.",X,STK,7080,7447,7080,7400,7400,7549,19,158,1162866,
502986,"VARDHMAN TEXTILES LTD.",A,STK,544.95,546.25,536.3,542.75,540.45,545.55,649,12950,7014920,
503031,"PENINSULA LAND LTD.",B,STK,16.93,16.93,15.84,16.05,15.91,16.14,84,27429,440129,
503092,"PASUPATI SPG.& WVG.MILLS LTD.",X,STK,29.53,29.55,27.1,27.31,27.1,29.86,11,1060,29070,
503100,"THE PHOENIX MILLS LTD",A,STK,1572,1578.1,1550,1559.7,1550,1576.85,813,4054,6333065,
503101,"MARATHON NEXTGEN REALTY LTD.",B,STK,409,421.45,402.8,405.9,403,413.95,894,4497,1846382,
503162,"RELIANCE CHEMOTEX INDUSTRIES L",B,STK,115.1,115.1,110.4,113.05,113.35,113,48,670,75613,
503169,"RUBY MILLS LTD.",B,STK,197.65,203.45,197.55,200.5,198,199.6,94,460,92462,
503229,"SIMPLEX REALTY LTD.",X,STK,129.7,129.7,129.7,129.7,129.7,123.55,2,5,648,
503310,"Swan Corp Limited",A,STK,349.95,369.25,346.7,362.05,362.05,352.65,1254,62074,22328847,
503349,"VICTORIA MILLS LTD.",X,STK,6203,6203,6071,6071.25,6071,6400,5,12,74151,
503624,"SVARAJ TRADING & AGENCIES LTD.",X,STK,10.67,11.18,9.61,9.61,9.61,10.67,167,73012,717435,
503635,"SHREE SALASAR INVESTMENT LTD.",XT,STK,399,399,399,399,399,380,1,1,399,
503639,"INDSOYA LTD.",XT,STK,14.94,14.94,14.94,14.94,14.94,14.23,1,5,74,
503641,"ZODIAC VENTURES LIMITED",X,STK,1.49,1.53,1.46,1.5,1.51,1.49,157,282304,421513,
503657,"VEER ENERGY & INFRASTRUCTURE L",X,STK,10.38,11.49,10.38,11.4,11.11,10.38,132,13840,153942,
503663,"Tilak Ventures Limited",X,STK,0.94,0.96,0.92,0.93,0.94,0.94,561,1524317,1422011,
503675,"WAGEND INFRA VENTURE LIMITED",X,STK,1.13,1.13,1.05,1.05,1.05,0.99,18,21044,22659,
503681,"ELCID INVESTMENTS LTD.",B,STK,98109.15,99300,97900,98500,98500,98602.15,25,32,3151785,
503685,"MEDIAONE GLOBAL ENTERTAINMENT",Z,STK,17.86,17.86,16.17,17.86,17.86,17.01,27,4789,79017,
503722,"BANSWARA SYNTEX LTD.",B,STK,113.1,113.1,112.35,112.35,112.35,113.6,4,33,3717,
503772,"MODELLA WOOLLENS LTD.",X,STK,70.25,70.25,70.25,70.25,70.25,67,2,14,983,
503776,"MODIPON LTD.",X,STK,36.74,36.74,31.4,34.79,31.4,33.4,19,822,29084,
503804,"SHRI DINESH MILLS LTD.",X,STK,224.55,250,223,246.85,246.85,224.5,142,5737,1361474,
503806,"SRF LTD.",A,STK,2452.95,2637.15,2448,2628.15,2623.7,2487.1,5830,46918,118680551,
503811,"SIYARAM SILK MILLS LTD.",B,STK,492.15,505.85,484.25,500.25,501.5,498.5,300,3890,1913450,
503816,"SWADESHI POLYTEX LTD.",X,STK,34.6,35.15,34.1,34.76,34.76,34.56,33,9327,323111,
503837,"SHREE RAJASTHAN SYNTEX LTD.",X,STK,14.55,14.55,13.59,13.59,13.59,14.3,7,979,13306,
503863,"SHREE MANUFACTURING CO.LTD.",X,STK,19.54,19.54,19.54,19.54,19.54,19.54,1,1,19,
503960,"BHARAT BIJLEE LTD.",A,STK,2350,2418.8,2311.95,2411.7,2415.7,2374.7,395,2425,5765279,
504000,"ELPRO INTERNATIONAL LTD.",B,STK,85.55,86.49,83.13,85.62,85.99,85.46,193,40632,3452815,
504028,"GEE LTD.",X,STK,65.98,66.5,63,63.97,65.4,65.01,32,3673,239054,
504036,"HIND RECTIFIERS LTD.",B,STK,1418.8,1538.4,1396.6,1505,1505,1433.5,504,3164,4657724,
504058,"INDO-NATIONAL LTD.",B,STK,305,330,288,293.9,290,305.75,84,976,290302,
504067,"ZENSAR TECHNOLOGIES LTD.",A,STK,563.05,568.4,557.2,565.05,564.55,563.95,696,9231,5196107,
504076,"JYOTI LTD.",X,STK,61.01,61.85,60.2,60.53,60.79,62.05,135,17508,1061893,
504080,"JSL INDUSTRIES LTD.",X,STK,1025,1065,1025,1055,1055,1065,20,59,61999,
504084,"KAYCEE INDUSTRIES LTD.",X,STK,760.1,788,760.1,783.35,786,779.85,83,526,409648,
504092,"INDOKEM LTD.",XT,STK,480,484,463.1,474.55,471,477.6,143,1937,922569,
504093,"PANASONIC ENERGY INDIA COMPANY",X,STK,291.55,291.55,280,285.65,285.65,289.85,130,3711,1058925,
504112,"NELCO LTD.",B,STK,590,615,575.15,594.35,596,590.4,573,8916,5333428,
504132,"PERMANENT MAGNETS LTD.",X,STK,675.25,684,660,665.6,673.95,681.05,308,5041,3376301,
504176,"HIGH ENERGY BATTERIES (INDIA)",X,STK,540,565,537,546.95,546.95,546.3,311,7932,4351395,
504180,"STANDARD BATTERIES LTD.",XT,STK,41.5,43.8,40.1,40.66,40.45,42.06,31,594,24190,
504212,"UNIVERSAL CABLES LTD.",B,STK,621,654.2,604.35,635.3,630.2,624.15,328,4016,2537200,
504220,"W.S.INDUSTRIES (INDIA) LTD.",B,STK,67,68.59,66.01,66.61,66.67,67.79,250,11998,807415,
504240,"DELTON CABLES LTD.",X,STK,430,439.95,422.75,428.9,426,432.6,81,3064,1317485,
504258,"LAKSHMI ELECTRICAL CONTROL SYS",X,STK,760.05,765,752,754.5,753.1,764.75,44,490,369642,
504273,"MODULEX CONSTRUCTION TECHNOLOG",Z,STK,22.25,22.25,21,21.91,21.95,21.36,21,8133,173965,
504286,"DELTA MANUFACTURING LIMITED",B,STK,58,58,55.85,56,56,60.45,8,44,2507,
504340,"Longspur International Venture",X,STK,6.43,6.69,6.43,6.68,6.68,6.56,42,24289,156924,
504341,"RAVINDRA ENERGY LIMITED",B,STK,136.55,136.95,135.35,135.7,135.35,137.85,33,6934,945769,
504351,"EMPOWER INDIA LTD.",X,STK,1.3,1.32,1.2,1.22,1.22,1.3,2023,4337039,5405436,
504356,"MULTIPURPOSE TRADING & AGENCIE",X,STK,8.42,8.42,7.63,7.63,7.63,8.02,2,51,428,
504369,"GRANDMA TRADING & AGENCIES LTD",X,STK,0.49,0.49,0.49,0.49,0.49,0.49,4,721,353,
504375,"SOFTBPO GLOBAL SERVICES LTD.",P,STK,330.8,330.8,330.8,330.8,330.8,315.05,1,50,16540,
504378,"NYSSA CORPORATION LIMITED",X,STK,2.34,2.44,2.27,2.32,2.37,2.33,134,206459,495365,
504380,"FLOMIC GLOBAL LOGISTICS LIMITE",X,STK,41.21,44.1,39,44,44,41.01,21,74,3128,
504392,"KRISHNA VENTURES LIMITED",XT,STK,22,22,21.85,21.85,21.85,22.99,9,5161,113416,
504397,"GANESH HOLDINGS LTD.",X,STK,78.77,78.77,71.27,78.77,78.77,75.02,12,1747,129337,
504605,"UNI ABEX ALLOY PRODUCTS LTD.",X,STK,2881.15,2897.65,2800,2806.95,2806,2923.35,81,508,1439573,
504614,"SARDA ENERGY & MINERALS LTD.",A,STK,542.85,555.35,530,550.85,549.45,543.5,1156,29993,16355979,
504646,"BHAGWATI AUTOCAST LTD.",X,STK,501.5,501.5,475.6,493.4,493.4,518.3,101,1647,807861,
504648,"BOMBAY WIRE ROPES LTD.",X,STK,46.88,46.88,42.8,46,46,44.6,4,75,3447,
504731,"AZAD INDIA MOBILITY LIMITED",X,STK,80.77,82.44,78.3,81.22,82.25,78.56,110,18582,1495047,
504741,"INDIAN HUME PIPE CO.LTD.",B,STK,355.05,355.05,336.6,339.25,336.7,351.2,156,1481,507356,
504746,"INDIAN LINK CHAIN MANUFACTURES",XT,STK,1330,1330,1284.35,1284.35,1284.35,1310.55,27,5801,7685018,
504786,"INVESTMENT & PRECISION CASTING",X,STK,537.9,555,521.05,547.9,555,535.15,99,3490,1883136,
504810,"INFORMED TECHNOLOGIES INDIA LT",X,STK,81.18,82,81.18,81.81,81.81,82,8,200,16361,
504840,"KAIRA CAN CO.LTD.",X,STK,1354.95,1354.95,1243.75,1250,1250,1309,9,15,19268,
504879,"ORIENT CERATECH LIMITED",B,STK,37.7,38.31,37.39,37.51,37.51,38.32,48,2309,87724,
504882,"NATIONAL STANDARD (INDIA) LTD.",B,STK,1310.5,1350.15,1240,1350.05,1350,1285.9,38,241,319828,
504903,"RATHI STEEL & POWER LTD.",X,STK,18.9,18.9,17.97,18.06,18.06,18.47,454,229716,4175063,
504908,"Duncan Engineering Limited",X,STK,409,421.95,373,379.8,379.8,410.8,107,1205,461940,
504918,"SANDUR MANGANESE & IRON ORES L",B,STK,198.5,202.9,195,199.8,198.3,201,1702,109044,21646549,
504959,"STOVEC INDUSTRIES LTD.",X,STK,1778.8,1814,1778.75,1792.7,1792.7,1778.75,29,183,329316,
504973,"CHOLAMANDALAM FINANCIAL HOLDIN",A,STK,1555.1,1555.1,1481,1487.15,1486.6,1569.75,1324,10427,15798415,
504988,"WELCAST STEELS LTD.",X,STK,700,728.4,690.1,690.1,690.1,710,11,230,165625,
505010,"AUTOMOTIVE AXLES LTD.",B,STK,1899.95,1899.95,1817.95,1833.1,1837.2,1909.35,169,610,1122848,
505029,"ATLAS CYCLES (HARYANA) LTD.",B,STK,90,90,84,84.75,84.75,86.29,22,709,59780,
505036,"AUTOMOBILE CORPORATION OF GOA",B,STK,1621.25,1669.8,1611.1,1639.15,1639.9,1640.05,127,1040,1687949,
505075,"SETCO AUTOMOTIVE LTD.",B,STK,18,18.58,17.74,17.82,17.85,17.96,68,62083,1119554,
505160,"TALBROS AUTOMOTIVE COMPONENTS",B,STK,236.9,253,235,252.45,253,242.5,181,4168,1007502,
505163,"Z.F.STEERING GEAR (INDIA) LTD.",B,STK,690.15,718,675,681.75,698,690.1,118,2800,1946493,
505192,"SML Mahindra Limited",B,STK,3783,3958.45,3783,3817.3,3817.3,3977.85,998,6307,24216027,
505196,"TIL LTD.",B,STK,194.85,218.25,191.15,209.05,209.05,195.6,284,11375,2340748,
505200,"EICHER MOTORS LTD.",A,STK,7229.95,7229.95,6960,6974.9,6970,7251.75,6906,57909,410582727,
505212,"JAINEX AAMCOL LTD.",X,STK,113,114,112.85,113.2,113,113.05,14,3607,408161,
505216,"ALFRED HERBERT (INDIA) LTD.",X,STK,2698,2698,2600,2644.75,2645,2646.55,17,962,2504109,
505232,"VELJAN DENISON LIMITED",X,STK,906,919.65,890,911.2,902.05,924.75,61,336,303157,
505242,"DYNAMATIC TECHNOLOGIES LTD.",B,STK,9950,9950,9510,9689.55,9689.55,9884.9,378,907,8762266,
505250,"G. G. Dandekar Properties Limi",X,STK,65,65,63.45,65,65,66.95,15,4710,305778,
505255,"GMM PFAUDLER LTD.",A,STK,872.15,903.95,850.9,893.25,884.85,872.15,1092,21451,18924374,
505283,"KIRLOSKAR PNEUMATIC CO.LTD.",A,STK,1103.05,1124.9,1090.5,1119.75,1116,1116.4,279,2079,2293771,
505299,"KPT INDUSTRIES LIMITED",X,STK,531.3,540,495.05,508.2,508.2,520.85,236,5508,2890423,
505302,"LAKSHMI ENGINEERING AND WAREHO",X,STK,1900,1900,1900,1900,1900,1847,2,2,3800,
505324,"MANUGRAPH INDIA LTD.",B,STK,13.8,14.35,13.6,13.93,13.93,13.72,20,192,2680,
505336,"HARSHIL AGROTECH LIMITED",X,STK,0.41,0.42,0.39,0.4,0.4,0.4,819,2764993,1118386,
505343,"MONOTYPE INDIA LTD.",X,STK,0.41,0.45,0.41,0.43,0.43,0.42,487,1681624,713704,
505355,"NESCO LTD.",B,STK,1054.55,1080.35,1045.3,1067.75,1061.9,1068.5,216,1101,1169499,
505358,"INTEGRA ENGINEERING INDIA LTD.",X,STK,155,155.5,146.25,148.7,148.7,153.95,270,44829,6743893,
505368,"Semac Construction Limited",B,STK,215.1,230.95,209.75,230.95,230.95,217.85,8,61,12842,
505400,"TEXMACO INFRASTRUCTURE & HOLDI",B,STK,91.5,91.5,86.57,87.09,88.14,92,165,22887,2014143,
505412,"WENDT (INDIA) LTD.",B,STK,6440.5,6700,6375.65,6651.3,6676,6532.3,151,11107,73804436,
505502,"PS IT INFRASTRUCTURE & SERVICE",X,STK,1.31,1.31,1.31,1.31,1.31,1.31,9,2949,3863,
505504,"GHV INFRA PROJECTS LIMITED",XT,STK,313,315,295.5,300.15,302,310.85,479,12376,3737792,
505509,"RESPONSIVE INDUSTRIES LTD.",B,STK,165.1,166,162.8,165.8,166,165,46,1146,188839,
505515,"SHYAMKAMAL INVESTMENTS LTD.",X,STK,12.48,12.48,11.53,12.25,12.25,12.2,30,2419,28554,
505523,"MAHARASHTRA CORPORATION LTD.",X,STK,0.33,0.33,0.32,0.33,0.33,0.33,227,483414,157127,
505526,"DOLAT ALGOTECH LIMITED",B,STK,74.51,75,73.36,73.57,73.5,75.36,138,7684,570168,
505533,"WESTLIFE FOODWORLD LIMITED",A,STK,465.5,481.4,458.55,461.9,463,477.3,473,4793,2251790,
505537,"ZEE ENTERTAINMENT ENTERPRISES",A,STK,80.9,82.82,78.68,81.98,81.98,80.42,2621,6241636,506729897,
505590,"SVP GLOBAL TEXTILES LIMITED",T,STK,2.64,2.64,2.64,2.64,2.64,2.69,16,6482,17112,
505650,"SKYLINE MILLARS LTD.",X,STK,17.4,17.45,16.82,16.97,16.91,17.6,19,923,15989,
505681,"BIMETAL BEARINGS LTD.",X,STK,493,546.95,493,545.35,545.35,509.2,49,669,356175,
505688,"BHARAT GEARS LTD.",B,STK,100,101.85,99.65,100,101.85,100.55,38,266,26692,
505690,"BRADY & MORRIS ENGINEERING CO.",X,STK,720.05,738.5,710,720,720,727.8,45,378,272605,
505693,"La Tim Metal & Industries Limi",X,STK,10.3,10.35,9.5,10.3,10.35,10.11,103,68726,692824,
505700,"ELECON ENGINEERING CO.LTD.",A,STK,402.95,402.95,384.25,390.6,394.55,401.7,1718,47581,18630624,
505710,"GRAUER & WEIL (INDIA) LTD.",B,STK,62.75,64,61.99,62.16,62.16,62.92,1365,917809,57138362,
505712,"HIM TEKNOFORGE LIMITED",X,STK,194.5,196.85,194.05,194.6,194.6,191.45,31,4343,849960,
505714,"GABRIEL INDIA LTD.",A,STK,879.95,893.25,867.5,882.9,884.95,883.45,895,20201,17796797,
505720,"Hercules Investments Limited",B,STK,121.85,121.95,116.2,116.75,116.75,119.45,268,15005,1795098,
505725,"ALGOQUANT FINTECH LIMITED",B,STK,56.36,56.4,54.38,55.53,55.53,56.08,822,243077,13494025,
505726,"IFB INDUSTRIES LTD.",B,STK,1027.85,1043.95,1020,1023.9,1022.95,1043.95,232,1207,1245754,
505729,"SINGER INDIA LTD.",X,STK,78.71,82.8,76.01,81.67,81.67,78.71,731,151770,12152776,
505737,"INTERNATIONAL COMBUSTION (INDI",X,STK,411,429.95,400,405.1,405.1,419.55,139,7121,2895594,
505744,"FEDERAL-MOGUL GOETZE (INDIA) L",B,STK,385,398.2,376.6,393.25,389,387.5,277,9999,3901361,
505750,"JOSTS ENGINEERING CO.LTD.",X,STK,230.05,236,227.2,231.3,231.3,230.95,118,36573,8545345,
505790,"Schaeffler India Limited",A,STK,3980.05,4031.35,3971,3984.35,3971,4045.95,430,2088,8344780,
505800,"RANE HOLDINGS LTD.",B,STK,1178.9,1181.95,1170,1170.35,1170,1189.65,15,100,117664,
505807,"ROLCON ENGINEERING CO.LTD.",P,STK,660,660,660,660,660,660,1,50,33000,
505840,"JAIPAN INDUSTRIES LTD.",X,STK,28.49,31.2,27,29.73,29.73,26,872,151959,4609546,
505850,"MANGAL CREDIT AND FINCORP LTD.",B,STK,170.55,171,168.05,168.15,168.15,169.85,47,5524,939429,
505854,"TRF LTD.",B,STK,237.35,241.45,221.95,229.4,227.8,237.05,229,3048,701597,
505872,"WPIL LTD.",B,STK,390,397,387,390,395,395.4,927,24832,9722076,
505890,"KENNAMETAL INDIA LTD.",B,STK,2224.65,2269,2205.85,2222.1,2220,2255.55,302,2737,6087738,
505893,"HINDUSTAN HARDY LIMITED",X,STK,800,800,777.6,780.85,791.85,776.7,12,244,190775,
505978,"TRITON VALVES LTD.",X,STK,3300,3390,3300,3372.15,3373.1,3300.05,84,300,1009200,
506003,"SUDAL INDUSTRIES LTD.",X,STK,47.1,48,46.67,46.67,46.67,49.12,37,1580,74649,
506022,"PRAKASH INDUSTRIES LTD.",B,STK,123.55,128.35,121.95,127.85,128.35,124.65,514,32132,4005329,
506076,"GRINDWELL NORTON LTD.",A,STK,1490.05,1500,1471.05,1487.4,1487.4,1514.9,207,865,1283287,
506105,"STANROSE MAFATLAL INVESTMENTS",X,STK,62.5,67.38,62.5,67.38,67.38,62,5,211,13206,
506109,"GENESYS INTERNATIONAL CORPORAT",B,STK,276,282.1,267.15,271.6,271,278.8,853,34587,9466306,
506122,"Kairosoft AI Solutions Limited",XT,STK,45.26,46,44.84,46,46,46.96,26,3200,144785,
506128,"PARNAX LAB LTD.",X,STK,129,129,124.05,125.3,124.1,129.9,17,1079,135919,
506134,"GOURMET GATEWAY INDIA LIMITED",X,STK,8.94,9.38,8.68,9.25,9.28,8.94,64,23500,212793,
506146,"VISAGAR POLYTEX LTD.",B,STK,0.58,0.61,0.55,0.6,0.61,0.55,94,41827,23787,
506166,"APIS INDIA LTD.",XT,STK,60.99,60.99,55.52,58.27,58.27,58.19,196,9699,558021,
506180,"EMERGENT INDUSTRIAL SOLUTIONS",XT,STK,402.55,402.55,364.25,398.85,364.25,383.4,23,171,67337,
506184,"KANANI INDUSTRIES LTD.",B,STK,1.27,1.42,1.27,1.34,1.27,1.37,22,5457,7415,
506186,"GALAXY SUPERMARKET LIMITED",X,STK,16.54,17.3,16.03,16.44,16.25,16.54,16,1480,24382,
506194,"ARIHANT SUPERSTRUCTURES LIMITE",B,STK,225.95,231.95,221.2,229.45,229.85,231,35,1173,265969,
506197,"BLISS GVS PHARMA LTD.",B,STK,212.1,213.65,207.35,209.35,209.35,216.15,719,26921,5656171,
506222,"Styrenix Performance Materials",A,STK,2035.9,2079.95,2001,2070.05,2067.4,2039.55,344,3544,7238491,
506235,"ALEMBIC LTD.",B,STK,84,84.08,82.69,82.99,82.81,84.79,483,33454,2789969,
506260,"ANUH PHARMA LTD.",B,STK,79,79,76.43,78.49,78.5,78.86,175,4108,321346,
506261,"MODISON LIMITED",B,STK,125.6,128.85,124.95,125.3,125.25,129.5,181,5998,762057,
506285,"BAYER CROPSCIENCE LTD.",A,STK,4450.05,4525,4450.05,4505.75,4512,4523.35,613,1943,8752134,
506365,"STARSOURCE MULTITRADE LIMITED",X,STK,76.02,84,76.02,76.5,76.5,80,5,176,13572,
506373,"CITURGIA BIOCHEMICALS LTD.",B,STK,124.75,137.85,124.75,137.85,137.85,131.3,174,8879,1180960,
506390,"Sudarshan Colorants India Limi",B,STK,334,337.7,328.55,337.7,337.7,337.2,59,985,327508,
506395,"COROMANDEL INTERNATIONAL LTD.",A,STK,2019.05,2025.75,1961,2008.9,2008.4,2019.15,612,4653,9322390,
506401,"DEEPAK NITRITE LTD.",A,STK,1485,1496,1456.15,1481.3,1481.3,1488.7,778,8133,11999334,
506405,"DMCC SPECIALITY CHEMICALS LIMI",B,STK,219.45,232.55,219.45,225.6,226.15,220.6,94,1157,263587,
506414,"FERMENTA BIOTECH LIMITED",X,STK,336.6,339,330,336.9,336.9,336.6,98,5162,1732433,
506480,"GOCL Corporation Limited",B,STK,248,256.35,245.95,251.7,250.5,253.05,324,8742,2181241,
506520,"JAYSHREE CHEMICALS LTD.",X,STK,6.1,6.91,5.77,5.86,5.93,5.91,83,10150,60544,
506525,"KANORIA CHEMICALS & INDUSTRIES",B,STK,60.11,64.49,60.01,62.49,62.49,63.95,24,1364,86094,
506528,"KELTECH ENERGIES LTD.",X,STK,3066.55,3199,3010,3186.6,3189,3066.55,107,842,2670636,
506530,"KEMP & COMPANY LTD.",X,STK,950,950,950,950,950,950,1,1,950,
506532,"NITTA GELATIN INDIA LTD.",X,STK,800,803.8,775,799.75,795.1,803.3,72,734,583265,
506543,"M.P.AGRO INDUSTRIES LTD.",XT,STK,9.06,9.24,9.06,9.06,9.06,8.8,6,107,987,
506579,"AG VENTURES LIMITED",B,STK,106.05,107,104.15,105,105,106.05,294,12031,1262578,
506590,"PCBL Chemical Limited",A,STK,274,275.55,265.7,272.1,272.4,273.15,1805,86336,23230941,
506597,"AMAL LTD.",X,STK,486.05,505,480.25,497.25,497.25,495.55,243,5025,2473310,
506605,"POLYCHEM LTD.",X,STK,1901,1919.95,1880,1919,1919,1913.85,13,51,96925,
506618,"PUNJAB CHEMICALS AND CROP PROT",B,STK,1052,1092.7,1052,1091.8,1091.8,1067.7,15,788,853627,
506640,"ZR2 BIOENERGY LIMITED",X,STK,124.85,124.85,113.4,114.3,113.4,126,60,2060,238496,
506642,"SADHANA NITROCHEM LTD.",B,STK,1.62,1.62,1.62,1.62,1.62,1.55,81,526841,853482,
506655,"SUDARSHAN CHEMICAL INDUSTRIES",A,STK,845,868.65,841.5,852.45,848.3,860.85,317,22792,19325275,
506680,"TECIL CHEMICALS & HYDRO POWER",B,STK,13,13.01,13,13.01,13.01,12.99,5,203,2639,
506685,"ULTRAMARINE & PIGMENTS LTD.",B,STK,418.95,435.3,415.25,429.7,429.7,415.2,2426,45615,19465653,
506687,"TRANSPEK INDUSTRY LTD.",X,STK,920,928.8,902,913.2,909.05,906.45,167,3591,3266553,
506690,"UNICHEM LABORATORIES LTD.",B,STK,329.1,343.6,324,337,333,329.05,287,59217,19945043,
506734,"MYSORE PETRO CHEMICALS LTD.",X,STK,92,97,91.27,91.99,91.99,93.99,30,2873,273421,
506767,"ALKYL AMINES CHEMICALS LTD.",A,STK,1310.5,1328.2,1295.7,1305.35,1300,1320.4,318,1501,1965442,
506808,"TUTICORIN ALKALI CHEMICALS AND",X,STK,52.87,52.87,49.47,51.25,51.25,51.83,108,10041,512183,
506820,"ASTRAZENECA PHARMA INDIA LTD.",A,STK,8660,8691.25,8564,8598.85,8564,8768.5,128,283,2446675,
506852,"Primo Chemicals Limited",B,STK,17.54,17.83,17.09,17.37,17.35,17.27,68,15053,263573,
506854,"TANFAC INDUSTRIES LTD.",B,STK,1900.05,1914,1815,1830.6,1830.6,1915.25,1122,12144,22598232,
506858,"GUJARAT PETROSYNTHESE LTD.",X,STK,61.1,61.25,61.1,61.25,61.25,63,3,67,4095,
506863,"SWADESHI INDUSTRIES LEASING CO",XT,STK,107.75,108.25,107.75,107.75,107.75,109.9,32,2748,296147,
506879,"GUJARAT THEMIS BIOSYN LTD.",B,STK,287.75,302,284,297.3,297.3,290.6,332,6386,1862408,
506906,"Saptak Chem And Business Limit",XT,STK,44.5,44.5,44.49,44.49,44.49,46.83,6,1275,56734,
506919,"MAKERS LABORATORIES LTD.",X,STK,152.2,158,145,147.7,147.7,153.3,43,1002,149466,
506943,"J.B.CHEMICALS & PHARMACEUTICAL",A,STK,2124.6,2140.25,2111.75,2131.65,2128.2,2124.5,499,135165,286484258,
506947,"ADVANCE PETROCHEMICALS LTD.",X,STK,146.6,146.6,146.6,146.6,146.6,139.65,1,10,1466,
506975,"RAJASTHAN PETRO SYNTHETICS LTD",P,STK,15.18,15.18,15.18,15.18,15.18,15.18,2,200,3036,
506979,"APT PACKAGING LTD.",X,STK,128,128,127.95,127.95,127.95,124.4,2,64,8189,
506981,"BLUE CHIP TEX INDUSTRIES LTD.",X,STK,130,130,127.15,127.45,127.5,130.1,17,1745,222767,
507155,"JAGATJIT INDUSTRIES LTD.",X,STK,134,139.6,134,137.55,137.55,138.2,238,19519,2652548,
507180,"KESAR ENTERPRISES LTD.",X,STK,5.05,5.05,4.7,4.85,4.93,5.06,84,48672,233825,
507205,"TILAKNAGAR INDUSTRIES LTD.",A,STK,451,457.2,442.45,453.4,453.4,454.85,660,20254,9148081,
507265,"Emerald Leisures Limited",X,STK,195,207.7,185,190.2,190.2,182,107,8414,1645350,
507300,"The Ravalgaon Sugar Farm Limit",X,STK,905,915,886.3,903.1,903.1,928,6,141,128814,
507315,"SAKTHI SUGARS LTD.",B,STK,15.48,15.5,14.91,15.15,15.25,15.26,116,20917,317401,
507410,"WALCHANDNAGAR INDUSTRIES LTD.",B,STK,160.95,163.4,156.2,159.15,159.15,161.2,616,46917,7515140,
507438,"IFB AGRO INDUSTRIES LTD.",B,STK,742.6,762,736.4,748.3,740.25,760.1,70,411,307038,
507474,"KOTHARI FERMENTATION & BIOCHEM",X,STK,36.5,39.5,35.5,36.83,37.44,36.51,93,13371,491486,
507486,"CAPROLACTAM CHEMICALS LTD.",XT,STK,62.2,62.32,59.21,61.36,59.21,62.27,3,35,2147,
507488,"G.M.BREWERIES LTD.",B,STK,1018.95,1018.95,989.15,1001.15,1004.4,1011.1,734,8550,8551807,
507490,"RANA SUGARS LTD.",B,STK,11.82,12.26,11.72,12.1,12.25,11.8,165,33044,399688,
507498,"PICCADILY SUGAR & ALLIED INDUS",X,STK,34,34.57,31.02,32.18,32.18,33.34,51,8095,262928,
507514,"SOM DISTILLERIES & BREWERIES L",B,STK,76,78.08,74.71,76.75,76.95,77.13,729,56056,4288660,
507515,"C.J.GELATINE PRODUCTS LTD.",X,STK,18.87,18.87,17.1,17.1,17.1,17.99,4,31,577,
507526,"ASSOCIATED ALCOHOLS & BREWERIE",B,STK,734.05,751.4,725.1,730.4,730,747.95,470,6741,4939198,
507552,"FOODS & INNS LTD.",B,STK,56.49,60.47,55.6,57.71,58.74,56.72,377,13518,791912,
507580,"IVP LTD.",B,STK,126.45,130.05,124.25,130.05,130.05,126.45,7,842,108091,
507598,"KOVILPATTI LAKSHMI ROLLER FLOU",X,STK,102,102,97.25,101,101,101.4,33,1303,130979,
507609,"OLYMPIC OIL INDUSTRIES LTD.",X,STK,33.1,33.1,31.53,31.53,31.53,31.53,13,53,1735,
507621,"MILKFOOD LTD.",X,STK,49.78,50.24,49.45,49.45,49.45,49.78,57,6027,298966,
507645,"POLSON LTD.",X,STK,11300,11300,11300,11300,11300,11300.9,1,1,11300,
507685,"WIPRO LTD.",A,STK,201.7,203.8,199.75,202.4,202.4,202.1,4313,349604,70621915,
507690,"ORIENT BEVERAGES LTD.",XT,STK,217,224,212,216.1,214.2,219.4,36,1083,233834,
507717,"DHANUKA AGRITECH LTD.",B,STK,968.05,978.15,952.8,961.85,971.4,977.65,289,3169,3061471,
507747,"TTK HEALTHCARE LTD.",B,STK,850,878,847.2,864.85,878,855.3,106,360,306709,
507753,"TGV SRAAC Limited",B,STK,82.61,83.39,81.1,82.09,82.09,83.08,761,135721,11199741,
507759,"LIME CHEMICALS LTD.",X,STK,13.02,13.02,12.48,12.48,12.48,13.06,12,3206,41094,
507779,"KANPUR PLASTIPACK LTD.",B,STK,177.6,178.75,176,178.75,178.75,180.05,17,55,9812,
507785,"TAINWALA CHEMICALS & PLASTICS",B,STK,196.5,209.5,196.5,196.5,196.55,198.85,51,140,27832,
507789,"JAGSONPAL PHARMACEUTICALS LTD.",B,STK,177.35,201.25,173.55,189.8,189.5,178.9,1741,69216,13103397,
507794,"KHAITAN CHEMICALS & FERTILIZER",B,STK,54.39,55.37,53.4,54.47,54.16,55.22,313,22335,1215683,
507808,"UNITED LEASING & INDUSTRIES LT",P,STK,48.55,48.55,48.55,48.55,48.55,46.24,1,50,2427,
507813,"NATIONAL OXYGEN LTD.",X,STK,70,70,62,63.99,63.71,67.91,92,5269,343241,
507815,"GILLETTE INDIA LTD.",A,STK,8000,8089.95,7844.65,7988.3,7985.55,7978.6,239,468,3713744,
507817,"WIRES & FABRIKS (SA) LTD.",X,STK,143.2,150,136.6,141.4,140,143,12,202,28605,
507828,"ANSAL HOUSING LIMITED",X,STK,7.73,7.73,7,7.22,7.31,7.34,79,38104,274335,
507833,"COMPUTER POINT LTD.",X,STK,3.75,4.2,3.75,3.98,3.9,4.08,33,3959,15577,
507836,"MAC CHARLES (INDIA) LTD.",X,STK,665,665,583,615.45,618,619,16,120,72461,
507852,"ADDI INDUSTRIES LTD.",X,STK,106.7,106.7,96,99.5,100.85,99.5,17,217,21451,
507864,"PIONEER INVESTCORP LTD.",XT,STK,92.86,92.86,88.71,92.86,92.86,93.32,8,110,9834,
507872,"ASHNOOR TEXTILE MILLS LTD.",X,STK,40.25,41.65,39.25,41.14,41.14,41.8,17,5876,235037,
507878,"UNITECH LTD.",B,STK,4.65,4.65,4.4,4.49,4.46,4.65,639,1137911,5093342,
507880,"V.I.P.INDUSTRIES LTD.",A,STK,343.5,355,343,348.1,346,350.5,394,6897,2403133,
507910,"FIBERWEB (INDIA) LTD.",T,STK,36.5,38.25,36.5,38.25,38.25,38.4,10,234,8742,
507912,"LKP FINANCE LIMITED",X,STK,179.85,185,172,178.35,178.35,179.85,458,22522,4050532,
507917,"EAST BUILDTECH LTD.",X,STK,41.18,43.3,41.18,43.3,43.3,41.3,2,18,764,
507944,"BAJAJ STEEL INDUSTRIES LTD.",B,STK,403.85,403.85,390.35,393.05,393.05,397.9,425,15685,6184276,
507946,"KIDUJA INDIA LTD.",X,STK,16.2,17,16.2,17,17,16.2,3,32,519,
507948,"KEY CORP LTD.",X,STK,68.65,68.65,64.13,65.99,65.99,66.39,28,1772,115989,
507960,"GUJARAT HOTELS LTD.",X,STK,190,190,184.5,185.65,185.65,190.45,18,2016,374487,
507962,"FYNX CAPITAL LIMITED",XT,STK,5.72,5.72,5.72,5.72,5.72,5.83,19,10484,59968,
507966,"RAS RESORTS & APART HOTELS LTD",X,STK,37.5,44.15,37.36,37.38,37.38,39.12,8,310,12394,
507968,"JOLLY PLASTIC INDUSTRIES LTD.",P,STK,29.38,29.38,29.38,29.38,29.38,30.92,1,100,2938,
507970,"PARAMOUNT COSMETICS (INDIA) LT",X,STK,37,37.5,36,37.5,37.5,36.98,13,922,34132,
507981,"JINDAL HOTELS LTD.",X,STK,68.24,68.24,64,64.21,65.6,64.5,13,96,6201,
507998,"SIMMONDS MARSHALL LTD.",X,STK,136.1,143,135,140.35,139,142,149,4845,671181,
508136,"B & A LTD.",X,STK,365,365,355,355,355,365,6,43,15455,
508486,"HAWKINS COOKERS LTD.",B,STK,7501.5,7544,7410,7472.85,7425,7540.8,365,8484,63256282,
508494,"WARREN TEA LTD.",X,STK,41,41,35.15,37.12,37.9,38,120,10395,384689,
508571,"COCHIN MALABAR ESTATES & INDUS",X,STK,137.2,146.45,137,141,141,140,8,172,24399,
508664,"BEST EASTERN HOTELS LTD.",X,STK,11.66,11.66,11.1,11.5,11.5,11.66,9,643,7354,
508670,"NEELAMALAI AGRO INDUSTRIES LTD",X,STK,3200,3200,3199.95,3200,3200,3180,6,14,44799,
508807,"IST LTD.",B,STK,660.6,671,659,659.45,659,659.65,72,864,572905,
508814,"Cosmo First Limited",B,STK,657.8,671.4,652.7,660.6,658.35,664.85,253,3496,2307645,
508869,"APOLLO HOSPITALS ENTERPRISE LT",A,STK,7600,7661.5,7545,7574.3,7574.3,7688.1,3638,26074,197880742,
508875,"Nitin Castings Limited",X,STK,530,558,521.05,546.5,546.5,518.65,67,1508,813237,
508905,"NEXOME CAPITAL MARKETS LIMITED",X,STK,72,79,68.6,69.99,74.8,76.2,82,2646,191128,
508906,"EVEREST INDUSTRIES LTD.",B,STK,375,378.25,367.4,374,374,382.8,86,2561,953637,
508918,"IRONWOOD EDUCATION LIMITED",X,STK,47.7,47.7,45.5,46.13,46.65,45.39,13,1586,74390,
508922,"MSR INDIA LTD.",XT,STK,7.38,7.38,7.37,7.38,7.38,7.24,658,519358,3829417,
508933,"AYM Syntex Limited",B,STK,187.35,189.95,173.55,183.1,182.85,187.8,147,13490,2484634,
508941,"PANASONIC CARBON INDIA CO.LTD.",X,STK,450,452.25,440,442.6,442.1,451,116,4421,1956333,
508954,"FINKURVE FINANCIAL SERVICES LT",B,STK,58.16,61.25,57.33,59.1,59.1,58.16,178,10488,623014,
508956,"HB LEASING & FINANCE CO.LTD.",X,STK,13.28,13.28,12.5,12.8,12.8,13.02,11,1727,22273,
508961,"SHRICON INDUSTRIES LTD.",XT,STK,174.5,192.65,174.5,176.3,176.3,183.5,4,102,17997,
508963,"TRUSTWAVE SECURITIES LIMITED",X,STK,14.68,14.68,14.68,14.68,14.68,14.68,4,167,2451,
508969,"SULABH ENGINEERS & SERVICES LT",X,STK,2.42,2.47,2.32,2.34,2.37,2.38,70,17404,41674,
508980,"FRONTIER CAPITAL LIMITED",XT,STK,8.15,8.79,8.15,8.54,8.54,8.56,14,2040,17075,
508989,"NAVNEET EDUCATION LIMITED",B,STK,136,137,133.65,135.5,135.6,136.95,77,1800,243562,
509009,"AUSOM ENTERPRISE LIMITED",T,STK,101,101,101,101,101,103.02,1,150,15150,
509015,"THAKRAL SERVICES (INDIA) LTD.",XT,STK,13.87,14.6,13.87,14.6,14.6,14.6,7,134,1860,
509020,"RUCHI INFRASTRUCTURE LTD.",B,STK,5.45,5.56,5.27,5.37,5.56,5.57,44,12757,69591,
509024,"GOLDEN LEGAND LEASING & FINANC",X,STK,9.92,11,9.91,10.21,10.3,10.18,57,9965,100206,
509026,"VJTF EDUSERVICES LTD.",X,STK,96.8,96.8,96.8,96.8,96.8,91.75,1,1,96,
509038,"VOLTAIRE LEASING & FINANCE LTD",X,STK,11.84,12.04,11.84,12.04,12.04,12.08,2,9,106,
509040,"NETLINK SOLUTIONS (INDIA) LTD.",XT,STK,185,185,185,185,185,180.5,1,1,185,
509046,"TRILIANCE POLYMERS LIMITED",XT,STK,26.23,28.89,26.22,28.89,28.89,27.53,9,1628,44855,
509048,"LANCOR HOLDINGS LTD.",T,STK,20.15,20.3,19.49,20.3,20.3,20.51,46,53425,1064590,
509051,"INDIAN INFOTECH & SOFTWARE LTD",X,STK,0.61,0.61,0.56,0.57,0.57,0.61,1564,7709608,4492411,
509053,"BANAS FINANCE LTD.",X,STK,6.2,6.29,5.99,6.07,6.06,6.16,134,109686,659664,
509055,"VISAKA INDUSTRIES LTD.",B,STK,58.01,59.99,57.84,58.63,58.11,58.01,32,3759,221526,
509069,"INFOMEDIA PRESS LTD.",B,STK,5.24,5.6,4.81,5.2,5.25,5.3,20,1881,9415,
509073,"HATHWAY BHAWANI CABLETEL & DAT",X,STK,11.42,12.17,10.55,12.08,11.07,11.39,39,1878,22452,
509079,"GUFIC BIOSCIENCES LTD.",B,STK,287.3,290.9,283.65,286.7,288.7,289.65,49,758,217219,
509152,"GRP LTD.",B,STK,1745,1810,1708,1802,1810,1745,15,26,45794,
509162,"INDAG RUBBER LTD.",X,STK,92.55,100,90.2,97.79,99,89.72,199,11721,1114628,
509196,"MM RUBBER COMPANY LTD.",X,STK,61,64.8,60.7,62.34,62,64.89,42,2708,171094,
509220,"PTL ENTERPRISES LTD.",B,STK,37.05,37.8,37.05,37.76,37.76,37.75,39,2300,86381,
509243,"TVS SRICHAKRA LTD.",B,STK,3499.5,3601.75,3499.5,3546.8,3540,3563.5,54,173,612003,
509423,"SANATHNAGAR ENTERPRISES LIMITE",X,STK,39.29,39.29,35.66,36,36,37.53,6,113,4095,
509438,"BENARES HOTELS LTD.",B,STK,9501,9545.05,9425.15,9511.6,9524,9501,82,202,1919532,
509449,"BHAGWATI OXYGEN LTD.",X,STK,33.65,41.89,33.65,38.27,38.27,42,37,3121,110804,
509470,"BOMBAY OXYGEN INVESTMENTS LIMI",X,STK,20490,20490,19895,20400,20400,20496,5,9,182735,
509472,"CRAVATEX LTD.",X,STK,342.05,352,340,342.85,348.95,342.15,23,5468,1870318,
509480,"BERGER PAINTS INDIA LTD.",A,STK,429.2,429.2,419.2,422.7,422.1,430.3,1496,28756,12156548,
509486,"CAPRIHANS INDIA LTD.",X,STK,67,67,64,64.4,64.25,64,46,10071,649976,
509488,"GRAPHITE INDIA LTD.",A,STK,638.7,662,628.4,645.55,645.55,648.65,1424,44801,28809477,
509496,"Cemindia Projects Limited",A,STK,545.95,559,536.15,544.95,544.65,555.85,1240,19548,10695797,
509525,"EMPIRE INDUSTRIES LTD.",X,STK,871,875,861.5,864.55,861.5,863.95,22,212,183894,
509546,"GRAVISS HOSPITALITY LTD.",X,STK,30.05,30.05,28.17,28.85,28.85,30.05,11,583,16632,
509557,"GARWARE TECHNICAL FIBRES LIMIT",A,STK,617.95,618,602.95,605.45,605.45,623.75,342,3351,2042023,
509563,"GARWARE MARINE INDUSTRIES LTD.",X,STK,28.87,29.44,25.82,26.02,26.02,28.68,380,52564,1394121,
509567,"GOA CARBON LTD.",B,STK,324,332.55,321.95,326.05,326.25,331.3,68,580,188762,
509597,"HARDCASTLE & WAUD MFG.CO.LTD.",X,STK,690.7,690.7,680,681.1,681.1,692.85,5,19,12984,
509631,"HEG LTD.",A,STK,523.65,531.05,510.65,519.5,521.1,524.9,1455,59550,30933588,
509635,"HINDUSTAN COMPOSITES LTD.",B,STK,406.6,406.6,401.5,402.45,401.5,404.75,10,82,33324,
509675,"BIRLANU LIMITED",B,STK,1385.55,1385.55,1330.1,1332.75,1331,1385.55,193,1486,2016138,
509692,"INDIAN CARD CLOTHING CO.LTD.",B,STK,196,208,194,194.05,194,194,148,564,109503,
509709,"INTERNATIONAL CONVEYORS LTD.",B,STK,73.6,77.45,73.1,74.83,74.62,76.27,124,4881,368824,
509715,"JAY SHREE TEA & INDUSTRIES LTD",B,STK,82.4,90.03,80.25,88.09,88.45,82.66,300,18550,1565192,
509732,"KOTHARI INDUSTRIAL CORPORATION",B,STK,177.25,182.45,172.15,177.45,180,177.05,122,4839,867562,
509760,"MODERN SHARES & STOCKBROKERS L",X,STK,29.25,29.25,27.4,29.14,29.14,27.86,17,696,20273,
509762,"MAPRO INDUSTRIES LTD.",XT,STK,48.86,49.15,48.86,49.15,49.15,49.85,10,67994,3338111,
509820,"HUHTAMAKI INDIA LIMITED",B,STK,167.1,170.05,163.55,167.2,167.6,170.05,343,9542,1601039,
509835,"PREMIER SYNTHETICS LTD.",X,STK,13.99,13.99,13.88,13.88,13.88,13.61,9,431,6023,
509874,"SHALIMAR PAINTS LTD.",B,STK,52,52.98,51.73,51.99,51.8,52.42,98,13429,703534,
509887,"SINNAR BIDI UDYOG LTD.",XT,STK,865.55,865.55,865.55,865.55,865.55,911.1,2,3,2596,
509895,"HINDOOSTAN MILLS LTD.",X,STK,169.95,169.95,158,159.05,159.05,167.85,33,1541,245470,
509930,"SUPREME INDUSTRIES LTD.",A,STK,3999.5,4059.95,3923.35,4039.7,4027,4042.1,3093,16915,67796977,
509945,"THACKER & CO.LTD.",X,STK,900,900,852,861.35,883,899.8,26,144,124925,
509953,"TRADE WINGS LTD.",XT,STK,625.5,625.5,625.5,625.5,625.5,638.25,5,56,35028,
509960,"U.P.HOTELS LTD.",X,STK,1385.05,1405.05,1385.05,1405,1405,1430,4,4,5580,
509966,"VST INDUSTRIES LTD.",B,STK,219.9,223.35,219.65,221.6,221.3,222.55,493,11118,2461973,
510245,"SWASTI VINAYAKA SYNTHETICS LTD",X,STK,3.45,3.55,3.33,3.52,3.52,3.5,85,63355,219841,
511000,"MADHUSUDAN SECURITIES LTD.",X,STK,18.82,19.9,18.52,18.54,18.52,18.91,17,1774,33543,
511012,"YAMINI INVESTMENTS COMPANY LTD",XT,STK,0.69,0.7,0.66,0.69,0.69,0.69,337,468460,322579,
511018,"MILGREY FINANCE & INVESTMENT L",X,STK,58.99,59,55.25,57.86,58.3,57.24,161,38785,2239162,
511034,"JINDAL DRILLING & INDUSTRIES L",B,STK,538,548.1,510.05,515.75,515.75,531.85,3251,98624,52138923,
511066,"SAKTHI FINANCE LTD.",X,STK,21.99,23,21.38,21.6,21.5,21.79,91,14813,325971,
511076,"AEROFLEX ENTERPRISES LIMITED",B,STK,70.33,73.41,70.33,70.8,70.5,72.85,142,13414,968280,
511092,"JMD Ventures Limited",X,STK,5.65,5.65,5.55,5.6,5.6,5.66,20,966,5416,
511108,"SHIVA TEXYARN LTD.",B,STK,150.9,150.9,144.65,145.1,145.1,149.15,13,185,26993,
511110,"V.B.DESAI FINANCIAL SERVICES L",X,STK,16,16.08,15.49,15.49,15.49,16.36,24,6830,106700,
511122,"FIRST CUSTODIAN FUND (INDIA) L",X,STK,78.55,83.9,73.15,74.75,74.71,83.95,29,866,67737,
511131,"KAMANWALA HOUSING CONSTRUCTION",X,STK,16,16.2,15.66,16.2,16.2,16.65,11,731,11724,
511147,"WSFX Global Pay Limited",X,STK,58,60.8,58,60.79,60.4,61.99,18,185,11231,
511153,"Anjani Foods Limited",X,STK,17,17,16.5,16.5,16.5,17,23,13028,220350,
511176,"PARSHWANATH CORPORATION LTD.",X,STK,97.55,97.55,88.27,88.27,88.27,92.91,4,34,3019,
511187,"Millennium Online Solutions (I",X,STK,1.5,1.5,1.44,1.5,1.5,1.5,17,6843,9992,
511194,"ICDS LTD.",B,STK,41.8,43.4,41.8,43.4,43.4,37.01,7,282,11792,
511196,"CAN FIN HOMES LTD.",A,STK,863.4,883.65,838.2,874.65,877.2,865.2,901,7591,6571359,
511208,"IL&FS INVESTMENT MANAGERS LTD.",B,STK,6.91,7.09,6.91,7.01,7.02,7,245,215999,1508035,
511218,"Shriram Finance Limited",A,STK,1025,1046.75,1006.05,1031.4,1031.4,1031.55,7637,1133372,1147361945,
511243,"CHOLAMANDALAM INVESTMENT AND F",A,STK,1544.1,1557,1510,1523.85,1520.4,1557.3,5760,41787,63970077,
511246,"BOMBAY TALKIES LIMITED",X,STK,4.65,4.65,4.55,4.56,4.56,4.78,8,1206,5504,
511260,"ICONIK SPORTS AND EVENTS LIMIT",X,STK,48.37,48.61,47.3,47.6,48.5,48.37,22,1302,62980,
511333,"VLS FINANCE LTD.",B,STK,226.25,237.15,226.25,230.95,230.5,239.45,116,1840,426990,
511355,"INDIA CEMENTS CAPITAL LTD.",X,STK,11.6,12.2,10.42,11.05,11.05,11.6,79,9187,100154,
511359,"AD-MANUM FINANCE LTD.",X,STK,51.99,52,49.98,51.96,51.96,50.08,21,2018,102732,
511401,"MUNOTH COMMUNICATION LIMITED",X,STK,7.2,7.2,7.2,7.2,7.2,7.2,2,200,1440,
511411,"SHRISTI INFRASTRUCTURE DEVELOP",X,STK,28.56,29.2,24.2,28.72,28.72,29.5,27,2965,77215,
511413,CREST,B,STK,338.5,340.65,337.85,338.45,338.6,342.9,11,28,9517,
511431,"VAKRANGEE LIMITED",B,STK,6,6.13,5.83,6.04,6.04,6,519,193790,1162509,
511447,"Sylph Industries Limited",X,STK,0.89,0.91,0.89,0.9,0.9,0.87,12966,102709399,92307028,
511451,"DHARANI FINANCE LTD.",X,STK,9.09,9.09,9.01,9.01,9.01,9.09,6,445,4015,
511463,"Alexander Stamps And Coin Limi",X,STK,8.49,8.49,8.2,8.49,8.49,8.49,17,6203,52456,
511473,"INDBANK MERCHANT BANKING SERVI",B,STK,32.54,32.7,32.1,32.21,32.13,32.25,38,1014,32846,
511493,"SHRYDUS INDUSTRIES LIMITED",X,STK,3.05,3.13,2.93,3.12,3.12,3.08,43,18250,56373,
511501,"Bharat Bhushan Finance & Commo",X,STK,23.9,23.9,22.03,23.33,23.33,22.61,56,2540,58802,
511505,"CAPITAL TRUST LTD.",T,STK,12,12.39,11.91,12.06,12.06,12.5,22,2290,27408,
511507,"USHAKIRAN FINANCE LTD.",X,STK,48.75,50.46,45.7,50.46,50.46,48.06,5,503,23318,
511509,"VIVO BIO TECH LTD.",X,STK,23,24.5,22.99,23.42,23.42,23,185,42280,989761,
511523,"VEERHEALTH CARE LIMITED",X,STK,20.2,20.35,19.92,20.02,19.94,19.94,71,204751,4106006,
511525,"PAN INDIA CORPORATION LTD.",X,STK,1.68,1.68,1.52,1.64,1.65,1.63,118,64308,103397,
511533,"SAHARA HOUSINGFINA CORPORATION",X,STK,37.15,37.15,37.01,37.02,37.02,38.41,10,217,8035,
511535,"NDA SECURITIES LTD.",XT,STK,39.44,41.41,38.26,41.41,41.41,39.44,19,1250,51478,
511539,"Supra Trends Limited",XT,STK,14.38,14.38,13.8,13.8,13.8,14.1,8,422,5948,
511543,"GSB FINANCE LTD.",X,STK,33.55,34,33.55,33.55,33.55,33.55,4,3251,110488,
511549,"MORARKA FINANCE LTD.",X,STK,48.1,48.99,47,48.17,48.99,48,26,5162,248713,
511551,"Monarch Networth Capital Limit",B,STK,245,254.7,240,249.9,252.35,250.3,74,2768,686912,
511557,"PRO FIN CAPITAL SERVICES LTD.",X,STK,3.59,3.7,3.56,3.62,3.62,3.74,576,3554880,12719120,
511559,"TEAM INDIA GUARANTY LIMITED",B,STK,269.9,269.9,253,253.5,253,251.05,13,67,17815,
511563,"SANCHAY FINVEST LTD.",Z,STK,37.15,37.15,37.15,37.15,37.15,37.91,1,12,445,
511571,"Crescentis Capital Limited",X,STK,115.8,115.8,111.55,115.75,115.75,110.9,12,328,37886,
511577,"Mantra Capital Limited",X,STK,14.9,14.9,13.96,13.96,13.96,15,2,7,102,
511585,"BEFOUND MOVEMENT LIMITED",X,STK,2.93,2.93,2.93,2.93,2.93,2.88,8,226,662,
511589,"AVONMORE CAPITAL & MANAGEMENT",B,STK,13.5,13.72,12.11,12.66,12.66,13.75,318,28573,363379,
511593,"LIBORD FINANCE LTD",X,STK,17.7,17.7,16.82,17.7,17.7,17.7,16,5682,95651,
511601,"YASH MANAGEMENT & SATELLITE LT",X,STK,8.04,8.04,7.62,7.67,8,8,16,1658,12710,
511605,"ARIHANT CAPITAL MARKETS LTD.",B,STK,72.98,72.98,70.02,71.01,70.9,72.45,189,37688,2675038,
511609,"ISL CONSULTING LTD.",X,STK,35.6,35.6,29.7,29.7,29.7,29.69,7,373,11137,
511611,"DCM FINANCIAL SERVICES LTD.",B,STK,6.2,6.78,6.2,6.78,6.78,5.65,153,133940,903005,
511626,"RR FINANCIAL CONSULTANTS LTD.",X,STK,80.02,85.62,80.02,83.26,83.51,84.23,114,13296,1074007,
511628,"FEDDERS HOLDING LIMITED",X,STK,40.16,41.44,40.16,40.56,40.51,41.07,189,23691,964847,
511630,"SAMBHAAV MEDIA LTD.",B,STK,6.34,6.61,6.28,6.58,6.61,6.61,15,6601,41592,
511636,"DJS STOCK & SHARES LTD.",X,STK,2.13,2.24,2.13,2.15,2.15,2.15,68,15894,34347,
511644,"OMEGA INTERACTIVE TECHNOLOGIES",XT,STK,55.77,61,55.48,60.41,60.41,58.4,184,23010,1302389,
511654,"SUGAL & DAMANI SHARE BROKERS L",X,STK,61,66,58,60.9,58.29,67.72,31,1110,67707,
511658,"NETTLINX LTD.",X,STK,17.35,17.53,17,17.08,17.01,17.2,38,1704,29249,
511664,"BGIL FILMS & TECHNOLOGIES LTD.",X,STK,11.12,11.12,10.41,10.83,11.1,10.93,116,62835,669291,
511672,"Scan Steels Limited",X,STK,29.68,29.68,28.44,28.7,28.93,28.89,96,47176,1358589,
511676,"GIC HOUSING FINANCE LTD.",B,STK,146.7,147.2,144.1,145.85,147.2,146.75,150,4509,656361,
511692,"AJCON GLOBAL SERVICES LTD.",X,STK,6,6.47,5.65,6.02,6.01,6.06,51,7870,46178,
511696,"CHARTERED CAPITAL & INVESTMENT",X,STK,254.95,272.95,254.95,272.95,272.95,260.3,7,209,54593,
511700,"STANDARD CAPITAL MARKETS LTD.",X,STK,0.61,0.61,0.57,0.61,0.61,0.59,1825,20105178,12009307,
511702,"YOGI LIMITED",X,STK,164.95,164.95,155.15,162.4,162.5,159.4,42,215634,35026411,
511710,"CUBICAL FINANCIAL SERVICES LTD",X,STK,2.05,2.09,2.01,2.02,2.08,2.11,57,21494,43732,
511712,"RELIC TECHNOLOGIES LTD.",X,STK,69.7,81.9,69.7,79.5,79.5,74.5,11,1472,114762,
511714,"NIMBUS PROJECTS LTD.",X,STK,197,197.5,191.95,197.4,197.4,198.1,20,9275,1817848,
511716,"Invigorated Business Consultin",X,STK,5.75,6.1,5.65,5.65,5.65,5.72,16,509,2949,
511724,"BAID FINSERV LIMITED",B,STK,10.8,11.2,10.78,11.08,10.95,10.94,11,1932,20955,
511726,"VIPUL LTD.",T,STK,11.8,11.8,11.8,11.8,11.8,12.04,4,322,3799,
511728,"K.Z.LEASING & FINANCE LTD.",X,STK,18.7,19.63,18.7,19.63,19.63,19.65,5,233,4358,
511740,"RUPAREL FOOD PRODUCTS LIMITED",X,STK,148.05,148.05,133.95,133.95,133.95,141,3,12,1621,
511742,"UGRO CAPITAL LIMITED",B,STK,100.1,101.45,95.4,96.45,96.45,101.8,724,44316,4403881,
511754,"SHALIBHADRA FINANCE LTD.",X,STK,95,95,86.6,89.3,89.3,93.2,489,10257,921826,
511756,"ABIRAMI FINANCIAL SERVICES (IN",Z,STK,32.81,32.81,31.35,32,32,32.99,20,380,12160,
511758,"MANSI FINANCE (CHENNAI) LTD.",X,STK,71,71.5,66,71.5,71.5,71,7,131,8711,
511764,"Aastamangalam Finance Limited",X,STK,37.75,38.9,35,36.62,36.79,37.38,18,3708,130435,
511766,"MUTHOOT CAPITAL SERVICES LTD.",B,STK,207,207,201.05,202.75,201.05,207.55,52,1185,240312,
511768,"MASTER TRUST LTD.",B,STK,70.2,75.69,70.2,74.18,74.02,75.36,305,7592,563996,
512008,"EFC (I) LIMITED",B,STK,217,221,212.55,218.4,218.05,216.5,562,19108,4147263,
512014,"SOBHAGYA MERCHANTILE LTD.",X,STK,720.8,720.8,684.25,717.5,717.5,701.7,34,435,307286,
512018,"TOMORROW TECHNOLOGIES GLOBAL I",X,STK,9.1,9.5,8.8,9.16,9.25,9.22,45,13012,119124,
512020,"SARASWATI COMMERCIAL (INDIA) L",B,STK,9900,9999,9750,9852,9756,10071.3,27,39,385655,
512025,"BANGANGA PAPER INDUSTRIES LIMI",X,STK,39.55,42.5,32.11,41.9,41.9,39.76,1112,1661346,58143412,
512036,"SKYBIOTECH HEALTHCARE LIMITED",X,STK,151.8,151.8,151.8,151.8,151.8,146,1,1,151,
512038,"TCC CONCEPT LIMITED",B,STK,408.15,413.1,404.75,409,408.95,400.75,51,322,132283,
512047,"ROYAL INDIA CORPORATION LIMITE",X,STK,4.11,4.11,4,4.11,4.11,3.92,103,200136,822249,
512048,"DHANSAFAL FINSERVE LIMITED",X,STK,2.96,3.03,2.88,2.93,2.97,3,85,31741,93874,
512065,"MRUGESH TRADING LTD.",XT,STK,14.42,14.42,14.42,14.42,14.42,14.14,1,196,2826,
512068,"DECCAN GOLD MINES LTD.",B,STK,104.25,105.7,99.5,99.95,99.95,104.25,5961,974035,99133936,
512070,"UPL LIMITED",A,STK,623,633.5,617,628.45,626.1,625.55,1423,23027,14366269,
512093,"CRANES SOFTWARE INTERNATIONAL",Z,STK,4.39,4.39,4.26,4.26,4.26,4.48,37,60359,259189,
512097,"SAIANAND COMMERCIAL LIMITED",X,STK,0.26,0.28,0.26,0.28,0.28,0.27,108,111253,30496,
512099,"EYANTRA VENTURES LIMITED",XT,STK,899.8,949.5,899.8,935.3,949.5,904.3,2,7,6547,
512103,"NIDHI GRANITES LTD.",X,STK,292.9,292.9,287,287,287,290,7,473,137010,
512109,"AVIVA INDUSTRIES LTD.",X,STK,63.09,63.09,63.09,63.09,63.09,61.86,1,31,1955,
512115,"ROSE MERC.LTD.",X,STK,69.9,71,67.99,68,68,65.97,15,222,15123,
512131,"SIGNET INDUSTRIES LIMITED",B,STK,47.8,47.8,43.81,46.68,46.68,47.2,5,36,1595,
512149,"AVANCE TECHNOLOGIES LTD.",XT,STK,1.03,1.07,1,1.01,1.01,1.03,3054,7632392,7771872,
512161,"SECUREKLOUD TECHNOLOGIES LIMIT",B,STK,22.75,22.95,21.87,22.13,22.75,22.2,51,2535,56157,
512165,"ABANS ENTERPRISES LTD",X,STK,25,25.65,23.1,24.63,24.5,22.01,196,330378,8089765,
512175,"VAMA INDUSTRIES LTD.",X,STK,3.95,3.95,3.65,3.89,3.94,3.88,83,39159,148170,
512179,"SUNTECK REALTY LTD.",A,STK,342,342,331,334,333,342.7,465,8085,2704458,
512197,"SILVER OAK COMMERCIAL LTD.",Z,STK,4.33,4.33,4.17,4.29,4.29,4.14,39,3195,13547,
512217,"PRISM MEDICO AND PHARMACY LTD.",X,STK,25.98,25.98,23.93,25.13,25.2,24.75,139,100483,2552467,
512229,"VERITAS (INDIA) LTD.",XT,STK,164.1,169.95,163.95,166.8,167.95,167.25,34,2581,432197,
512237,"JAI CORP LTD.",B,STK,100.6,104.2,99.7,102.85,102.25,103.05,498,26342,2684558,
512247,"ASHIRWAD CAPITAL LTD.",X,STK,2.69,2.69,2.54,2.57,2.57,2.6,140,52796,136280,
512257,"SWASTI VINAYAKA ART AND HERITA",X,STK,3.53,3.64,3.37,3.64,3.64,3.6,90,42442,153670,
512267,"MEDIA MATRIX WORLDWIDE LTD.",B,STK,10.8,10.8,9.25,9.97,9.97,10.06,224,187873,1913687,
512277,"AUTORIDERS INTERNATIONAL LTD.",XT,STK,383.9,398,365.05,384.6,398,384.15,82,1087,404629,
512296,"BHAGYANAGAR INDIA LTD.",B,STK,158.5,159.7,155.3,157.55,158,160.85,345,10293,1615633,
512297,"Shantai Industries Limited",XT,STK,45.67,45.67,45.67,45.67,45.67,44.78,2,101,4612,
512301,"CHAMBAL BREWERIES & DISTILLERI",XT,STK,28.62,28.64,25.93,28.64,28.64,27.28,147,49290,1360380,
512329,"SG MART LIMITED",B,STK,454.9,461,433.95,458,459,445.75,577,23934,10767733,
512344,"ARAVALI SECURITIES & FINANCE L",XT,STK,6.11,6.11,6,6,6,6.09,13,1346,8123,
512345,"YASH TRADING & FINANCE LTD.",XT,STK,178.7,188.1,178.7,188.1,188.1,188.1,5,85,15836,
512361,"CUPID BREWERIES AND DISTILLERI",X,STK,25.66,27.8,25.51,26.36,26.94,26.69,261,66609,1746577,
512379,"CRESSANDA RAILWAY SOLUTIONS LI",X,STK,2.44,2.5,2.4,2.45,2.47,2.44,594,445804,1089558,
512381,"STARTECK FINANCE LIMITED",B,STK,259.4,259.4,250.05,250.05,250.05,257.05,51,3482,899059,
512393,"SHARDUL SECURITIES LTD.",X,STK,28,28,25,27.25,27.74,28,62,12552,332704,
512399,"SERA INVESTMENTS & FINANCE IND",X,STK,37.1,38.2,36.8,37.1,37.49,36.92,45,5127,190038,
512415,"MERCURY TRADE LINKS LTD.",X,STK,6.12,6.39,5.92,5.99,6.14,6.12,86,62700,377820,
512425,"NIRAV COMMERCIALS LTD.",X,STK,630.5,630.5,630.5,630.5,630.5,600.6,1,1,630,
512437,"APOLLO FINVEST (INDIA) LTD.",X,STK,372.05,372.05,352.6,368.05,370,372,31,261,94982,
512441,"Enbee Trade &amp; Finance Ltd",X,STK,0.42,0.43,0.38,0.39,0.39,0.42,1029,14867026,5882146,
512443,"Ganon Products Limited",X,STK,16,16.07,15.98,16.07,16.07,15.31,100,146802,2358056,
512453,"SHRI JAGDAMBA POLYMERS LTD.",X,STK,601.05,613,595,598.9,599,601.45,30,479,287888,
512455,"LLOYDS METALS AND ENERGY LTD.",A,STK,1177,1213.4,1156.2,1205.6,1193.9,1186.15,1374,25821,30697011,
512463,"LLOYDS ENTERPRISES LIMITED",A,STK,48.03,49.4,47.36,48.71,48.71,48.99,966,402263,19661580,
512477,"BETEX INDIA LTD.",XT,STK,388,388,380,380,380,370,3,6,2288,
512489,"OASIS SECURITIES LTD.",X,STK,14.28,14.28,13.15,13.3,13.3,13.66,11,2990,39746,
512493,"GARNET INTERNATIONAL LTD.",XT,STK,60.98,60.98,59.5,59.8,60,60.45,49,5945,356750,
512499,"SHALIMAR PRODUCTIONS LTD.",X,STK,0.49,0.49,0.49,0.49,0.49,0.49,80,27337,13395,
512519,"DONEAR INDUSTRIES LTD.",B,STK,87.39,90.5,85.96,90.5,90.5,89.62,9,164,14255,
512527,"SUPER SALES INDIA LTD.",X,STK,654,654,635,653.6,654,642.65,14,1888,1216685,
512529,"VIYASH SCIENTIFIC LIMITED",B,STK,192.7,199,191.85,195.75,196,195.3,621,26069,5130167,
512531,"STATE TRADING CORPORATION OF I",B,STK,109.5,112.3,109.15,109.55,110.4,110.2,51,1583,175149,
512559,"KOHINOOR FOODS LTD.",B,STK,25.24,25.24,24,24.44,24.68,24.59,182,4098,100408,
512565,"NEELKANTH LIMITED",X,STK,44.75,44.75,44.75,44.75,44.75,47.1,7,1825,81668,
512573,"AVANTI FEEDS LTD.",A,STK,1200,1257.7,1176.2,1246.35,1246.35,1209.4,2149,38192,47013159,
512587,"ZODIAC-JRD-MKJ LTD.",X,STK,33.54,33.54,32.1,32.51,32.15,31.9,34,19043,618659,
512589,"SITA ENTERPRISES LTD.",X,STK,174.85,174.85,150.6,163.9,164,160.55,62,830,133391,
512591,"PULSAR INTERNATIONAL LTD.",XT,STK,0.86,0.86,0.85,0.86,0.86,0.82,3757,29516861,25382990,
512595,"Manbro Industries Limited",XT,STK,801.5,815,795,810,810,807,34,121,96910,
512597,"KEYNOTE FINANCIAL SERVICES LIM",B,STK,265,265,260.15,260.3,260.3,269.55,10,206,53778,
512599,"ADANI ENTERPRISES LTD.",A,STK,1967.95,2026.2,1946.85,2002.15,2002.15,1975.3,6633,99615,198312376,
512600,"ASTAL LABORATORIES LIMITED",X,STK,75.9,77,71.31,74.07,75,74.99,136,7133,524764,
512604,"HARIA EXPORTS LTD.",X,STK,7.85,7.85,7.12,7.12,7.12,7.85,4,246,1928,
512608,"BHANDARI HOSIERY EXPORTS LTD.",B,STK,2.59,2.65,2.56,2.62,2.63,2.56,64,198864,523551,
512618,"RLF LTD.",X,STK,10.51,10.52,10.51,10.52,10.52,10.51,4,62,651,
512624,"Regent Enterprises Limited",X,STK,5.32,5.57,5.32,5.5,5.5,5.45,75,22465,122392,
512626,"ORBIT EXPORTS LTD.",B,STK,162,166.8,161.05,161.05,161.05,162.05,29,1245,203581,
512634,"SAVERA INDUSTRIES LTD.",X,STK,160.1,160.1,155,155.9,157,161.05,14,639,100790,
513005,"Chrome Silicon Limited",X,STK,43,50,43,43,43,43.6,19,1417,61382,
513023,"NAVA LIMITED",A,STK,556.15,583.1,553.9,575.15,575.15,566.45,527,10748,6180919,
513043,"REMI EDELSTAHL TUBULARS LIMITE",X,STK,144,144,134,140.9,143.5,139.2,30,3568,490054,
513059,"G.S.AUTO INTERNATIONAL LTD.",X,STK,31.39,31.5,31,31.44,31.44,31.5,13,4261,133771,
513063,"TRANS-FREIGHT CONTAINERS LTD.",X,STK,21.09,22,21.09,22,22,22.2,5,322,6856,
513097,"SHIVALIK BIMETAL CONTROLS LTD.",B,STK,429,434.35,420.05,423.9,425.9,430.1,236,4077,1735537,
513108,"GANDHI SPECIAL TUBES LTD.",B,STK,787.25,812.55,768.2,771.25,770,788.6,293,1439,1118341,
513117,"AMFORGE INDUSTRIES LTD.",X,STK,6.61,6.78,6.51,6.7,6.7,6.61,11,890,5869,
513121,"ORICON ENTERPRISES LTD.",B,STK,64.99,65.66,64.1,65.41,64.77,65.29,43,1135,73439,
513149,"ACROW INDIA LTD.",X,STK,653,716,653,716,716,682,5,42,27732,
513173,"STEEL STRIPS INFRASTRUCTURES L",X,STK,20.9,22.15,20,20,20,22.27,4,52,1043,
513228,"PENNAR INDUSTRIES LTD.",B,STK,143.55,147.75,142.2,144.3,144.25,146.05,565,22948,3311205,
513250,"JYOTI STRUCTURES LTD.",A,STK,11.15,11.97,11,11.16,11.25,11.39,2345,1634378,18739742,
513252,"JAY USHIN LTD.",X,STK,790,790,790,790,790,800.1,2,53,41870,
513262,"STEEL STRIPS WHEELS LTD.",B,STK,195.35,200.9,189.7,191.35,200.9,195.45,379,19092,3695534,
513269,"MAN INDUSTRIES (INDIA) LTD.",B,STK,415.5,416.25,403.8,410.45,413.1,420.15,758,19288,7890079,
513295,"IMEC SERVICES LIMITED",X,STK,187,187.7,174.8,182.2,176.6,183.95,83,1633,292180,
513303,"MODERN STEELS LTD.",X,STK,13.33,13.33,12.61,12.66,12.65,13.33,28,1298,16814,
513307,"SYNTHIKO FOILS LTD.",XT,STK,1757.1,1780,1725.1,1764,1764,1748.35,35,477,840560,
513309,"Golkonda Aluminium Extrusions",X,STK,7.42,7.64,7.2,7.58,7.59,7.39,36,9395,69522,
513337,"GUJARAT TOOLROOM LTD.",B,STK,0.57,0.57,0.54,0.55,0.55,0.57,1368,2875462,1591049,
513349,"AJMERA REALTY & INFRA INDIA LT",B,STK,123.3,126.5,120.5,122.25,122.1,124.95,245,9582,1182266,
513353,"COCHIN MINERALS & RUTILE LTD.",X,STK,239,239,225,231.5,231.5,236.3,188,5317,1233855,
513361,"India Homes Limited",X,STK,15.16,15.16,14.61,14.91,15,14.95,320,199010,2964391,
513369,"KRISHANVEER FORGE LIMITED",X,STK,130,130,130,130,130,132.35,1,20,2600,
513375,"CARBORUNDUM UNIVERSAL LTD.",A,STK,780.1,791.15,767,788,786.05,786.6,388,2702,2109466,
513377,"MMTC LTD.",A,STK,55.84,56.81,53.79,55.68,55.98,55.44,852,84031,4641172,
513397,"VALLABH STEELS LTD.",X,STK,12.19,12.19,12.12,12.12,12.12,12.44,4,495,6033,
513418,"SMITHS & FOUNDERS (INDIA) LIMI",X,STK,5.03,5.08,4.82,4.92,4.85,5.01,74,28436,141503,
513430,"Maitri Enterprises Limited",X,STK,24.16,24.16,24.04,24.06,24.04,24.16,3,122,2935,
513436,"SHAH ALLOYS LTD.",B,STK,57.99,61.5,57.98,59.05,61.5,57.71,22,1715,99756,
513452,"ELANGO INDUSTRIES LTD.",X,STK,9.06,9.06,9.06,9.06,9.06,9.51,1,1,9,
513456,"KANISHK STEEL INDUSTRIES LTD.",X,STK,54.96,54.96,51.57,51.73,52.2,52.28,30,1769,92799,
513460,"MAHALAXMI SEAMLESS LTD.",Z,STK,8.7,9.18,8.32,9.18,9.18,8.75,16,1179,10043,
513472,"SIMPLEX CASTINGS LTD.",X,STK,447.8,447.85,427.5,433.95,433.95,441.15,118,14966,6597185,
513488,"SHREE STEEL WIRE ROPES LTD.",X,STK,19.55,19.69,19.55,19.64,19.64,19.7,6,10,196,
513496,"SIZEMASTERS TECHNOLOGY LIMITED",XT,STK,274.4,274.4,274,274,274,274.8,6,66,18100,
513498,"SOUTHERN MAGNESIUM & CHEMICALS",X,STK,74.8,79.77,73.4,74.96,74,79.96,35,1050,79222,
513502,"BARODA EXTRUSION LTD.",XT,STK,8.24,8.47,8.15,8.36,8.31,8.24,139,56073,468519,
513509,"KALYANI FORGE LTD.",B,STK,599,599,565,567,567,599,49,634,363194,
513511,"PANCHMAHAL STEEL LTD.",X,STK,330.45,330.45,307.25,325.85,318,310.45,35,2247,736047,
513513,"ADITYA ISPAT LTD.",X,STK,9.57,9.61,9.57,9.61,9.61,9.48,3,502,4824,
513517,"STEELCAST LTD.",B,STK,228,232.35,225.6,229.35,229.35,227.8,20,543,124604,
513519,"PITTI ENGINEERING LIMITED",B,STK,818.05,825.15,803.55,808.1,806.4,818.1,236,1564,1266964,
513528,"GLITTEK GRANITES LTD.",XT,STK,52.6,52.6,52.6,52.6,52.6,55.36,30,831,43710,
513532,"PRADEEP METALS LTD.",X,STK,330.05,332.4,329,331.3,332.3,330.05,106,16879,5562369,
513536,"GUJARAT NATURAL RESOURCES LIMI",X,STK,90.15,96.05,90,95.2,95.85,94.8,1944,63376,5873427,
513548,"SHARDA ISPAT LTD.",X,STK,150,153,147,147.55,147.1,152.95,19,910,138250,
513554,"MAHAMAYA STEEL INDUSTRIES LTD.",B,STK,1000,1061.85,979,1017.7,1017.7,1021.55,246,2765,2825878,
513566,"NOVA IRON & STEEL LTD.",X,STK,12.8,12.8,12.12,12.14,12.14,12.8,16,394,4830,
513575,"STERLING POWERGENSYS LTD",X,STK,21.1,21.38,19.5,20.99,21.2,21.1,42,4001,82756,
513599,"HINDUSTAN COPPER LTD.",A,STK,541.5,541.5,519,527.45,527.45,542.95,20632,980272,516595740,
513629,"TULSYAN NEC LTD.",X,STK,17.25,19.05,17.25,18,18,18.15,62,40301,722786,
513642,"AXEL POLYMERS LTD.",X,STK,44,49.8,44,45.16,49.15,46.01,25,1344,59583,
513683,"NLC India Limited",A,STK,247.85,271.45,243,265.3,265.3,248.25,6564,546685,144677710,
513687,"SPECTRA INDUSTRIES LTD.",Z,STK,5.13,5.23,4.97,4.97,4.97,5.23,7,224,1133,
513693,"KIC METALIKS LTD.",X,STK,27.2,29.01,27.18,27.45,27.21,27.75,31,10607,297437,
513699,"SOLID STONE COMPANY LTD.",X,STK,30.1,30.1,24.8,25.64,27.79,28.94,27,927,23446,
513709,"SHILP GRAVURES LTD.",X,STK,166,175,164.8,170.85,170.85,163,82,2313,388744,
513713,"White Organic Agro Limited",X,STK,3.74,3.89,3.64,3.8,3.89,3.7,60,24705,93850,
513729,"ARO GRANITE INDUSTRIES LTD.",B,STK,24.85,25.57,24,24.01,24.01,24.3,23,1298,31349,
514010,"RUDRA ECOVATION LIMITED",X,STK,20.5,20.5,19.02,19.51,19.83,20.45,191,166979,3370810,
514028,"RAJKAMAL SYNTHETICS LTD.",X,STK,37,37.85,31.1,35.4,35.4,34.53,16,1507,47171,
514030,"DEEPAK SPINNERS LTD.",X,STK,116,116,108.55,111.15,108.55,113.9,60,14330,1594463,
514036,"LOYAL TEXTILE MILLS LTD.",T,STK,208.45,208.45,208.45,208.45,208.45,219.4,4,376,78377,
514043,"HIMATSINGKA SEIDE LTD.",B,STK,87.99,89.64,86.21,88.09,88.09,88.28,958,91506,8060716,
514060,"NEWTRAC FOODS & BEVERAGES LIMI",X,STK,4.82,4.94,4.56,4.73,4.58,4.73,65,4592,21785,
514087,"PBM POLYTEX LTD.",X,STK,59.65,59.65,58.9,58.9,58.9,54.5,5,14,828,
514113,"ADINATH TEXTILES LTD.",XT,STK,18.09,18.09,17.19,17.2,17.2,18.09,32,3392,59065,
514128,"KONARK SYNTHETIC LTD.",Z,STK,39.1,39.1,35.59,35.6,37.46,37.46,10,514,18331,
514138,"SURYALATA SPINNING MILLS LTD.",X,STK,323.35,325,323.35,323.5,325,323.35,7,37,11967,
514142,"T T LTD.",T,STK,9.18,9.18,8.73,8.89,8.89,9.18,49,11042,97361,
514162,"WELSPUN LIVING LIMITED",A,STK,116.45,118.4,114.9,115.85,116.4,118.4,844,61038,7116326,
514165,"INDIAN ACRYLICS LTD.",X,STK,4.85,5.18,4.6,4.93,4.93,4.85,222,94060,463617,
514167,"GANESHA ECOSPHERE LTD.",A,STK,752.7,773.4,752.7,767.85,767.85,761.75,386,5885,4489636,
514171,"CEETA INDUSTRIES LTD.",XT,STK,47.5,47.5,43.93,44.23,44.23,46.24,53,1311,58149,
514175,"VARDHMAN POLYTEX LTD.",T,STK,8.3,8.4,8.2,8.25,8.25,8.41,75,36934,306486,
514183,"BLACK ROSE INDUSTRIES LTD.",X,STK,79.88,79.98,77.6,78.77,78.77,79.88,273,8150,641104,
514197,"S&T CORPORATION LTD.",X,STK,3.79,4.17,3.79,4.06,4.06,3.99,29,2016,8020,
514211,"SUMEET INDUSTRIES LTD.",B,STK,28,30.74,28,29.9,29.86,28.88,212,34502,1011781,
514223,"RAMGOPAL POLYTEX LTD.",XT,STK,19.98,19.99,19.48,19.98,19.99,19.98,15,2153,42693,
514234,"SANGAM (INDIA) LTD.",B,STK,429,429.2,427,427,427,429,8,27,11573,
514238,"MKVENTURES CAPITAL LIMITED",X,STK,807.05,843.9,807.05,823,820,846.5,18,543,451635,
514240,"Kush Industries Limited",X,STK,6.34,7.45,6.34,7.04,7.04,6.22,97,65384,457869,
514260,"SURBHI INDUSTRIES LTD.",X,STK,45.09,45.09,45.09,45.09,45.09,42.95,1,5,225,
514264,"SEASONS TEXTILES LTD.",X,STK,21.01,21.01,18.3,18.33,18.3,20.6,10,434,8385,
514266,"ZENITH FIBRES LTD.",X,STK,50,50,49,49.5,49.5,50,10,945,46789,
514272,"BHILWARA SPINNERS LTD.",X,STK,111.95,111.95,102.5,104.55,104.55,109,18,17102,1756320,
514274,"VARVEE GLOBAL LIMITED",B,STK,63.19,63.19,59.45,62,62,62.4,79,3181,195078,
514280,"SANRHEA TECHNICAL TEXTILES LTD",X,STK,128,134,128,133.95,133.95,134.1,14,2350,313975,
514286,"ASHIMA LTD.",B,STK,13.65,15.48,13.4,15.06,15.48,13.6,69,27269,381788,
514300,"PIONEER EMBROIDERIES LTD.",B,STK,25.11,26.41,24.81,25.67,25.7,26.22,51,7715,198724,
514302,"VIPPY SPINPRO LTD.",X,STK,162,162.95,151.1,162.95,162.95,160,3,12,1934,
514312,"JAIHIND SYNTHETICS LTD.",XT,STK,49,49,48.02,48.02,48.02,49,5,19,916,
514316,"RAGHUVIR SYNTHETICS LTD.",X,STK,109.6,109.6,105.2,106.1,108,107.7,14,6084,655451,
514322,"KAMADGIRI FASHION LTD.",X,STK,81.95,85,80,80.87,84.9,82.16,14,288,23346,
514324,"OMNITEX INDUSTRIES (INDIA) LTD",XT,STK,698.9,710,648.05,707.5,707.5,680,16,133,93647,
514326,"PATSPIN INDIA LTD.",X,STK,7.72,7.72,7.21,7.22,7.22,7.42,36,14081,105096,
514330,"ONE GLOBAL SERVICE PROVIDER LI",X,STK,681.95,710,630,652.2,652.2,676.1,1129,50039,33773738,
514332,"NEO INFRACON LTD.",X,STK,38,41,37.9,40.5,40.5,40.49,30,1942,77440,
514336,"GENESIS IBRC INDIA LIMITED",XT,STK,97.7,97.88,97,97.87,97.87,93.22,21,1073,104766,
514348,"WINSOME YARNS LTD.",Z,STK,1.79,1.79,1.76,1.76,1.76,1.79,9,1398,2461,
514354,"PREMIER POLYFILM LTD.",B,STK,58.7,65.65,58.7,61.51,61.35,59.06,683,29127,1796469,
514358,"EVERLON FINANCIALS LIMITED",X,STK,86.01,96,86.01,88.1,95.99,92.11,18,99,8856,
514360,"K&R RAIL ENGINEERING LIMITED",X,STK,24.59,24.59,23.5,24.11,24.23,24.19,365,42609,1023728,
514378,"YARN SYNDICATE LTD.",X,STK,12.85,13.7,12.07,12.73,12.73,12.93,30,2090,26367,
514386,"GUJARAT COTEX LTD.",X,STK,8.8,9.17,8.8,8.86,8.92,9.06,153,109240,973070,
514400,"GARWARE SYNTHETICS LTD.",XT,STK,22,22,20.44,20.44,20.44,21.51,2,463,10030,
514402,"ECO HOTELS AND RESORTS LIMITED",X,STK,12.22,12.27,11.86,11.92,11.86,12.1,50,26066,313238,
514412,"SARUP INDUSTRIES LTD.",XT,STK,153.6,153.6,146,146,146,153.65,4,64,9446,
514414,"OXFORD INDUSTRIES LTD.",XT,STK,10.22,10.22,10.22,10.22,10.22,10.02,1,25,255,
514418,"MANGALAM ORGANICS LIMITED",B,STK,420.35,420.9,413.6,414.2,414.3,420.7,13,79,33107,
514428,"HINDUSTAN ADHESIVES LTD.",X,STK,303.25,308.7,280,284.3,293.85,303.3,122,3187,924654,
514440,"Blue Pearl Agriventures Limite",B,STK,41.86,43.95,39.94,41.06,41.06,42.04,204,984027,39535245,
514442,"SRI KPR INDUSTRIES LTD.",X,STK,20.7,20.7,18.61,19.7,19.9,19.05,26,11176,222892,
514448,"JYOTI RESINS & ADHESIVES LTD.",B,STK,817.9,830,805.7,824.7,823,813.85,796,10763,8810355,
514450,"MAHALAXMI RUBTECH LTD.",B,STK,169.3,169.3,162.75,164,164,181,10,84,13864,
514454,"SOUTHERN LATEX LTD.",X,STK,27.14,28.19,25.68,28.19,28.19,27.01,12,371,10224,
514460,"OSWAL YARNS LTD.",X,STK,16.07,16.07,16.07,16.07,16.07,15.31,2,101,1623,
514470,"WINSOME TEXTILE INDUSTRIES LTD",B,STK,69.01,73.5,69.01,72.09,72,71.33,72,11025,793087,
515008,"MODERN INSULATORS LTD.",X,STK,238.05,248.7,228.05,233.9,233.9,240.05,543,46699,10932504,
515018,"REGENCY CERAMICS LTD.",B,STK,42.2,42.2,42.2,42.2,42.2,42.2,1,5,211,
515030,"ASAHI INDIA GLASS LTD.",A,STK,859,860,838.25,851.05,852,864,325,1845,1564729,
515037,"MURUDESHWAR CERAMICS LTD.",B,STK,31.13,31.49,30.61,30.71,31.1,30.84,25,2526,78138,
515043,"SAINT-GOBAIN SEKURIT INDIA LTD",B,STK,94.6,95.94,92.99,94.03,94.03,95.71,475,52696,4939115,
515055,"ANANT RAJ LIMITED",A,STK,469.4,475.55,458.1,470.35,470.35,472.4,2655,119675,55915484,
515059,"MADHUSUDAN INDUSTRIES LTD.",X,STK,32.98,33.28,31,32.98,31,30.75,29,10003,322787,
515085,"RESTILE CERAMICS LTD.",X,STK,6.62,6.62,6.05,6.36,6.36,6.49,42,8374,51349,
515147,"HALDYN GLASS LTD",X,STK,86.06,88.94,85.5,86.66,87.44,87.31,141,23080,2012591,
516003,"DUROPLY INDUSTRIES LIMITED",X,STK,128,150,126,133.75,132.5,130.5,79,15395,1985967,
516016,"SHREYANS INDUSTRIES LTD.",B,STK,149,151.35,149,149.15,149,151,11,14201,2121658,
516020,"AGIO PAPER & INDUSTRIES LTD.",X,STK,4.05,4.25,4.05,4.06,4.06,4.05,4,1003,4072,
516022,"STAR PAPER MILLS LTD.",B,STK,134.2,137.2,134.1,136.15,137,134.3,77,28143,3814404,
516030,"PAKKA LIMITED",B,STK,80,83.34,80,81.46,81.54,82.93,160,10987,902452,
516032,"TAHMAR ENTERPRISES LIMITED",X,STK,6.16,6.88,5.72,6.31,6.12,6.29,100,103610,650777,
516038,"KS Smart Technologies Limited",XT,STK,206.2,206.2,195.9,205.1,206,206.2,53,6394,1273429,
516062,"NATIONAL PLYWOOD INDUSTRIES LT",Z,STK,5.77,5.77,5.77,5.77,5.77,5.88,3,103,594,
516064,"Arrow Greentech Limited",B,STK,366.25,384.95,363.5,366.25,368.3,371.05,131,2652,995347,
516072,"VISHNU CHEMICALS LTD.",B,STK,489,506.4,480.35,504.65,500,491,72,914,451428,
516078,"JUMBO BAG LTD.",X,STK,59.71,62.9,57.15,59.05,59.21,59.71,17,197,11741,
516082,"N.R.AGARWAL INDUSTRIES LTD.",B,STK,421.2,421.2,399.4,402.3,408,431.35,107,585,239910,
516092,"3P LAND HOLDINGS LTD.",B,STK,32.23,32.23,32.23,32.23,32.23,30.91,1,25,805,
516098,"VENTURA TEXTILES LTD.",X,STK,8.11,8.63,7.37,7.9,7.9,8.08,47,3015,24092,
516106,"SHREE KARTHIK PAPERS LTD.",X,STK,6.38,6.39,6,6.39,6.39,6.39,21,28200,173275,
516108,"SOUTH INDIA PAPER MILLS LTD.",X,STK,89,89.65,86.52,89.44,89.6,89,18,1433,127118,
516110,"FAMILY CARE HOSPITALS LIMITED",X,STK,3.04,3.04,2.98,3,3,3,117,23564,71038,
517015,"VINDHYA TELELINKS LTD.",B,STK,1177.6,1228.85,1133.7,1178,1174.2,1182.05,438,2678,3156745,
517035,"RIR POWER ELECTRONICS LIMITED",B,STK,159.55,162.8,159,159.85,159.85,162.55,1613,102889,16504869,
517041,"ADOR WELDING LTD.",B,STK,994,1005.8,975.1,994.75,994.75,1001,42,215,213209,
517059,"SALZER ELECTRONICS LTD.",B,STK,592.05,608.15,585.35,601.95,605.15,601.5,195,2136,1275265,
517063,"JETKING INFOTRAIN LTD.",X,STK,132.9,135.5,128,132.25,135.5,130,46,1161,153125,
517077,"IND-AGIV COMMERCE LTD.",X,STK,48.25,48.25,44.01,44.51,45,46.08,5,116,5589,
517096,"APLAB LTD.",X,STK,76.8,76.8,72.15,75.58,76.5,73.89,30,1198,89628,
517119,"PCS TECHNOLOGY LTD.",X,STK,17.11,18.59,17.11,17.72,17.71,18.12,23,880,15452,
517146,"USHA MARTIN LTD.",A,STK,425.1,428,417.2,420.95,419.2,425.3,819,23566,9941572,
517166,"SPEL SEMICONDUCTOR LTD.",X,STK,134.7,137.5,129.8,133.95,133.95,136.6,1511,60081,7980322,
517168,"SUBROS LTD.",B,STK,698,698,676.35,688,686,697.65,298,2840,1947753,
517170,"Edvenswa Enterprises Limited",X,STK,24.3,24.59,23.13,23.26,24,23.23,70,13002,305235,
517174,"HONEYWELL AUTOMATION INDIA LTD",A,STK,30548.15,30840,30200,30569.55,30600,30604.4,90,131,4000191,
517201,"SWITCHING TECHNOLOGIES GUNTHER",XT,STK,83.98,83.98,76,76.09,81.73,79.99,19,2161,165429,
517206,"LUMAX INDUSTRIES LTD.",B,STK,5106,5127,4920,4948.25,4970,5221.15,451,2857,14347830,
517214,"DIGISPICE TECHNOLOGIES LIMITED",B,STK,17.51,18.3,17.31,17.85,17.85,17.84,46,2604,45721,
517236,"CALCOM VISION LTD.",X,STK,87.71,87.71,84.2,87.71,87.71,83.54,49,14602,1262638,
517238,"DYNAVISION LTD.",X,STK,173.95,173.95,158,158.7,158.7,173.95,38,2086,332130,
517246,"BCC FUBA INDIA LTD.",X,STK,131.05,132.5,125,126.8,126.8,134.25,477,28765,3662582,
517258,"PRECISION ELECTRONICS LTD.",X,STK,121.75,133.5,121.75,133,133,127.65,11,555,73552,
517264,"FINE-LINE CIRCUITS LTD.",X,STK,74.95,80.55,74.95,80.55,80.55,78.89,13,347,26681,
517271,"HBL ENGINEERING LIMITED",A,STK,665,695.9,655.45,689.4,689.4,670.85,4102,149725,101254658,
517273,"S&S POWER SWITCHGEAR LTD.",T,STK,367.75,367.75,367.75,367.75,367.75,375.25,12,326,119886,
517286,"RNIT AI SOLUTIONS LIMITED",XT,STK,50.59,51.4,48.8,50.27,51.08,50.28,258,75370,3776103,
517288,"Gujarat Poly Electronics Limit",X,STK,57.98,57.98,55.3,56.28,57,57.08,17,294,16812,
517300,"GUJARAT INDUSTRIES POWER CO.LT",B,STK,131,137.9,129.6,136.95,136.95,132.2,687,41652,5579625,
517320,"MAGNUS STEEL AND INFRA LIMITED",XT,STK,72.52,72.52,69.68,69.68,69.68,71.1,104,7278,517891,
517334,"Samvardhana Motherson Internat",A,STK,119.9,120.8,116.7,120.15,120.45,121.2,4001,380609,45343588,
517344,"MINDTECK (INDIA) LTD.",B,STK,190,195.25,188.6,191.15,191.6,191.95,123,2012,382863,
517354,"HAVELLS INDIA LTD.",A,STK,1352.95,1364.15,1334.05,1353.5,1346.8,1367.2,3083,15256,20595920,
517356,"ACI INFOCOM LTD.",XT,STK,1.17,1.21,1.15,1.17,1.17,1.21,117,58407,68370,
517360,"SBEC SYSTEMS (INDIA) LTD.",X,STK,19.72,19.72,19.7,19.7,19.7,19.72,3,3,59,
517370,"INCAP LTD.",X,STK,90.79,90.79,82,82.42,82.83,89.16,14,466,39240,
517372,"GUJARAT INTRUX LTD.",X,STK,441.6,453.6,440,446.65,450.9,446.4,92,1887,841134,
517380,"IGARASHI MOTORS INDIA LTD.",B,STK,318.05,326.75,312,321.45,322.9,317.7,69,954,302389,
517385,"SYMPHONY LIMITED",B,STK,830,833,798.5,814.8,815,820.95,747,9023,7374270,
517393,"REGANTO ENTERPRISES LIMITED",Z,STK,8.65,8.81,8.4,8.59,8.59,8.82,300,127233,1090285,
517397,"PAN ELECTRONICS INDIA LTD.",X,STK,36.22,37.42,36.22,36.22,36.22,38.12,25,761,27660,
517399,"VXL INSTRUMENTS LTD.",XT,STK,3.44,3.44,3.38,3.38,3.38,3.28,8,1499,5148,
517415,"LEE & NEE SOFTWARES (EXPORTS)",XT,STK,7.89,8.11,7.48,7.63,7.6,7.74,44,7715,59668,
517417,"PATELS AIRTEMP (INDIA) LTD.",X,STK,227,237.9,227,234.75,235.95,228.5,125,4773,1110003,
517421,"BUTTERFLY GANDHIMATHI APPLIANC",B,STK,715.5,767.15,684,699.95,699.95,695.45,3718,41333,29954082,
517429,"Athena Global Technologies Lim",X,STK,70.7,70.7,70,70,70,70,2,11,774,
517431,"NARMADA MACPLAST DRIP IRRIGATI",X,STK,22.3,22.39,21.05,22.01,22.07,22.29,339,46647,1025674,
517437,"DUTRON POLYMERS LTD.",X,STK,114,114,114,114,114,114,2,2,228,
517447,"R.S.SOFTWARE INDIA LTD.",B,STK,27.71,28.83,27.71,28.39,28.4,28.05,203,13143,372659,
517449,"MAGNA ELECTRO CASTINGS LTD.",X,STK,922,922,890,900.15,901,916.2,107,3171,2865882,
517467,"MARSONS LIMITED",B,STK,136,137.4,134,136.05,136.05,134.5,666,457613,62126135,
517477,"ELNET TECHNOLOGIES LTD.",X,STK,325.2,335,325.2,335,335,325.2,15,957,320231,
517494,"ACCEL LIMITED",X,STK,12.48,12.48,11.92,12.21,12.2,12.08,68,13006,160661,
517498,"WEBSOL ENERGY SYSTEM LTD.",A,STK,56.61,57.25,54.13,55.98,56.9,56.37,1668,293386,16424903,
517500,"ROTO PUMPS LTD.",B,STK,62,63.74,59.7,60.01,59.72,60.92,919,113432,6937793,
517506,"TTK PRESTIGE LTD.",A,STK,587.15,611.5,560,579.75,579.75,535.3,12236,352467,204581798,
517514,"D&H INDIA LTD",X,STK,148.85,169.6,148.85,167.95,168.7,148.95,427,33998,5446360,
517522,"RAJRATAN GLOBAL WIRE LTD.",B,STK,384,392.3,376.9,385.8,385,388.8,376,4102,1565859,
517530,"SURANA TELECOM AND POWER LIMIT",B,STK,17,17.5,16.68,17.29,17.2,17.2,155,6557,112288,
517536,"ONWARD TECHNOLOGIES LTD.",B,STK,246.4,254.45,246.4,250.1,250.1,250.55,143,2931,734642,
517544,"CENTUM ELECTRONICS LTD.",B,STK,2818,2818,2724.5,2787.05,2773.2,2865.15,351,1828,5072485,
517546,"ALFA TRANSFORMERS LTD.",X,STK,45.23,46.86,44.01,46.31,45.5,46.15,168,20099,929892,
517554,"NHC FOODS LTD.",X,STK,0.77,0.81,0.77,0.79,0.79,0.79,290,765439,605299,
517556,"PVP VENTURES LTD.",B,STK,25.56,26.45,25.01,25.22,25.44,25.97,241,93118,2380512,
517562,"TRIGYN TECHNOLOGIES LTD.",B,STK,47.85,50.43,47,48.26,48.25,48.08,126,28222,1342585,
517569,"KEI INDUSTRIES LTD.",A,STK,4283.85,4424.5,4259.8,4325.65,4327.3,4320.45,6026,28773,125056483,
518011,"KEERTHI INDUSTRIES LTD.",X,STK,64,64,52.3,54.32,54.32,60,19,767,41693,
518053,"Sri Chakra Cement Limited",X,STK,40.25,40.45,40.25,40.39,40.25,38.61,14,922,37177,
518075,"SURAJ PRODUCTS LTD.",Z,STK,232,242.95,222.35,225.45,231.45,232.85,86,6812,1558886,
518091,"ANJANI PORTLAND CEMENT LTD.",B,STK,117.3,127.45,114,119,119,116.05,213,2973,345527,
519003,"MODI NATURALS LIMITED",B,STK,280,280,265.55,278.65,278.65,279.95,4,111,30928,
519064,"KHANDELWAL EXTRACTION LTD.",XT,STK,120.05,120.05,120.05,120.05,120.05,122.5,1,5,600,
519091,"TASTY BITE EATABLES LTD.",B,STK,7083,7135.5,6963.5,7089.3,7100,7083.3,52,101,715188,
519097,"RITESH INTERNATIONAL LTD.",X,STK,54.49,57.3,47,56.95,57.3,52.11,72,10962,580847,
519105,"AVT NATURAL PRODUCTS LTD.",B,STK,60,62.73,60,62.15,62.15,60,35,2355,145051,
519126,"HINDUSTAN FOODS LTD.",B,STK,471,483.7,468.6,481.85,481,472.55,981,3429,1643152,
519136,"NAHAR INDUSTRIAL ENTERPRISES L",B,STK,92.32,94.71,91,91.79,91.83,93.27,21,30266,2778194,
519152,"VADILAL ENTERPRISES LTD.",X,STK,9850,9850,9825,9831.65,9845,9850,3,4,39345,
519156,"VADILAL INDUSTRIES LTD.",B,STK,4969.75,4999.1,4884.8,4911.55,4900.7,5000,185,844,4155723,
519174,"ASHIANA AGRO INDUSTRIES LTD.",XT,STK,8.7,8.7,8.7,8.7,8.7,9.1,3,206,1792,
519183,"ADF FOODS LTD.",B,STK,185,188,181.1,186.25,186.5,188.1,407,9928,1820537,
519191,"Retro Green Revolution Limited",Z,STK,1.53,1.53,1.43,1.48,1.5,1.48,89,174299,256033,
519214,"WILLIAMSON FINANCIAL SERVICES",X,STK,7.22,7.22,7.22,7.22,7.22,6.88,3,151,1090,
519216,"AJANTA SOYA LTD.",X,STK,22.24,22.41,21.77,21.94,22,22.18,249,80463,1771432,
519224,"WILLIAMSON MAGOR & COMPANY LTD",B,STK,26.6,28.15,25.51,26.04,26.04,27.29,49,5053,134616,
519230,"KISAAN PARIVAR INDUSTRIES LIMI",X,STK,16.88,17.96,16.02,16.3,16.15,16.91,33,2726,45693,
519234,"SUPERIOR INDUSTRIAL ENTERPRISE",X,STK,32,34.69,30.51,32.38,33.3,31.87,19,1846,59168,
519238,"SAPTARISHI AGRO INDUSTRIES LTD",X,STK,48,48,44.08,44.08,44.08,46.4,16,2702,119307,
519242,"SARDA PROTEINS LTD.",X,STK,71.9,71.9,68.6,68.95,68.95,72.2,8,5507,379713,
519260,"SANWARIA CONSUMER LIMITED",Z,STK,0.49,0.49,0.49,0.49,0.49,0.49,80,107816,52829,
519262,"PRIMA AGRO LTD.",X,STK,15.25,16.4,14.64,16.4,16.4,14.95,6,210,3169,
519285,"TARAI FOODS LTD.",Z,STK,7,7,6.9,7,7,6.9,8,368,2574,
519287,"MODERN DAIRIES LTD.",X,STK,31.76,32.9,31,32.12,32.1,32.93,46,12742,411740,
519295,"BAMBINO AGRO INDUSTRIES LTD.",X,STK,200,202.5,200,200.25,200,202.5,7,128,25609,
519299,"PRIME INDUSTRIES LTD.",X,STK,36.99,36.99,35.01,36.01,36,35.51,22,1880,68309,
519307,"VIKAS WSP LTD.",Z,STK,1.01,1.05,1.01,1.03,1.03,1.03,61,40374,41068,
519331,"VSF PROJECTS LTD.",X,STK,39.99,39.99,37,37.05,37.05,37.71,19,851,32134,
519359,"POONA DAL & OIL INDUSTRIES LTD",X,STK,72,72.05,61.85,65.1,65.1,70.63,73,2512,162257,
519383,"ANIK INDUSTRIES LTD.",B,STK,40.8,41.37,39.76,40.8,40.8,40.27,75,7430,301873,
519397,"SHARAT INDUSTRIES LTD.",X,STK,145,152.8,141.25,148.45,148.7,144.75,285,165469,24279661,
519421,"KSE LTD.",X,STK,192.05,207.6,192.05,201.95,202,193.55,302,28340,5625398,
519457,"VIRAT CRANE INDUSTRIES LTD.",X,STK,29.74,30.75,29.11,30.33,30.75,29.74,10,463,13880,
519463,"IB INFOTECH ENTERPRISES LTD.",XT,STK,772.1,772.1,772.1,772.1,772.1,787.85,3,25,19302,
519471,"Ambar Protein Industries Limit",X,STK,165,172,165,171.5,171.85,165.3,8,273,45592,
519475,"CHORDIA FOOD PRODUCTS LTD.",X,STK,73.98,74.48,73.98,74.45,74.48,73.95,5,430,31876,
519477,"CIAN Agro Ind & Infra Ltd",T,STK,1159.95,1175,1120,1157.85,1161,1164,973,15205,17492374,
519479,"OMEGA AG-SEEDS (PUNJAB) LTD.",X,STK,9.51,9.51,9.51,9.51,9.51,10.01,9,2641,25115,
519483,"TAI INDUSTRIES LTD.",X,STK,29.36,29.36,25,27.99,27.99,28.91,38,2870,75207,
519494,"N.K.INDUSTRIES LTD.",B,STK,51.28,53.57,51.28,53.57,53.57,62.5,3,31,1631,
519500,"BKV INDUSTRIES LTD.",X,STK,9.43,10.45,9.03,9.75,9.75,9.72,28,858,8247,
519506,"NCC BLUE WATER PRODUCTS LTD.",P,STK,27.96,29.35,27.96,29.35,29.35,27.96,4,600,16915,
519528,"NORBEN TEA & EXPORTS LTD.",T,STK,93.5,93.5,91.75,91.75,91.75,91.7,6,300,27883,
519532,"ASIAN TEA & EXPORTS LTD.",X,STK,9.09,9.32,9,9.13,9.13,9.09,97,36780,334572,
519552,"HERITAGE FOODS LIMITED",A,STK,308.6,323.7,300.7,321.25,321.25,308.5,969,33598,10560772,
519566,"SIMRAN FARMS LTD.",X,STK,155,155,147.55,148.05,148,155,35,2890,432397,
519574,"HINDUSTAN AGRIGENETICS LTD.",X,STK,43.5,43.5,40.02,40.28,40.1,40.2,44,3695,150962,
519600,"CCL PRODUCTS (INDIA) LTD.",A,STK,1034,1066.15,1000,1058.75,1063,1043.4,1370,17115,17936559,
519602,"KELLTON TECH SOLUTIONS LTD.",B,STK,17.19,17.26,16.77,17.1,17.22,17.19,708,99827,1701520,
519604,"SURYO FOODS & INDUSTRIES LTD.",X,STK,18.52,19.44,18.1,19.44,19.44,18.52,35,17647,341230,
519606,"INTEGRATED PROTEINS LTD.",X,STK,52.8,52.8,47.91,47.94,47.94,50.4,20,2449,129183,
519612,"LAKE SHORE REALTY LIMITED",X,STK,76.23,76.23,69,70,70,72.6,14,67,4733,
520008,"RICO AUTO INDUSTRIES LTD.",B,STK,108.05,112.65,107.6,111.65,111.9,111.85,942,66816,7338444,
520021,"OMAX AUTOS LTD.",B,STK,101.95,102.05,99.3,100.9,99.3,102,90,9276,939770,
520043,"MUNJAL SHOWA LTD.",B,STK,125.6,126,123.9,124.4,124.3,127.6,53,695,86870,
520051,"JAMNA AUTO INDUSTRIES LTD.",B,STK,121.85,123.8,120.65,122.1,122.1,123.85,614,71872,8784530,
520056,"TVS Holdings Limited",A,STK,13829.65,14136,13707.8,14036.55,14003.4,14079.2,93,118,1645868,
520057,"JTEKT India Ltd",B,STK,135.65,136.75,131.65,134.95,134.9,135.65,50,1744,234625,
520059,"MUNJAL AUTO INDUSTRIES LTD.",B,STK,80.05,80.05,77.2,78.33,78.72,80.87,160,5496,432988,
520066,"JAY BHARAT MARUTI LTD.",B,STK,92,93.2,86.7,90.8,91.5,90.9,507,32492,2909663,
520073,"RACL Geartech Limited",B,STK,1348.85,1348.85,1273.7,1285.95,1294.3,1355,326,2445,3195103,
520075,"SAMKRG PISTONS & RINGS LTD.",X,STK,114.25,117.2,114.25,114.8,114.25,114.6,37,2407,277305,
520086,"SICAL LOGISTICS LTD.",T,STK,66.49,66.49,66.22,66.22,66.22,66.77,4,27,1792,
520111,"RATNAMANI METALS & TUBES LTD.",A,STK,2351,2388.75,2314,2358.7,2362,2380.75,372,1104,2595099,
520113,"VESUVIUS INDIA LTD.",A,STK,497.6,502.5,495,496.55,495,503.5,219,2448,1219438,
520119,"AUTOMOTIVE STAMPINGS & ASSEMBL",B,STK,423.1,431.5,420.65,428.65,427.3,428.75,154,2139,915416,
520121,"ARCEE INDUSTRIES LTD.",XT,STK,17.32,17.32,17.32,17.32,17.32,16.99,3,401,6945,
520123,"ABC INDIA LTD.",X,STK,62.49,62.49,60.05,62.49,62.49,62.49,14,1055,65243,
520127,"BALURGHAT TECHNOLOGIES LTD.",X,STK,12.7,12.7,12.42,12.55,12.7,12.75,11,8138,102151,
520141,"SIBAR AUTO PARTS LTD.",X,STK,7.93,7.93,7.3,7.8,7.8,7.93,17,3745,28428,
520151,"TRANSWORLD SHIPPING LINES LIMI",B,STK,133.1,137.65,132,134.45,133.5,135.35,288,6346,858119,
520155,"Starlog Enterprises Limited",X,STK,39.5,39.5,38.67,38.67,38.67,39,5,29,1123,
521005,"TITAN INTECH LIMITED",X,STK,0.76,0.78,0.72,0.73,0.73,0.75,1309,4341812,3229886,
521014,"EUROTEX INDUSTRIES & EXPORTS L",T,STK,15.22,15.22,15.22,15.22,15.22,14.5,1,1,15,
521016,"INDO COUNT INDUSTRIES LTD.",A,STK,251,251,241.6,244,244.9,248.35,587,18448,4509659,
521018,"MARAL OVERSEAS LTD.",B,STK,42.86,43.02,41.69,41.7,41.7,40.36,36,464,19375,
521034,"SOMA TEXTILES & INDUSTRIES LTD",T,STK,105.35,105.4,105.35,105.4,105.4,107.45,2,52,5480,
521048,"ADVANCE LIFESTYLES LTD.",X,STK,22.7,24.18,22.5,24.14,24.14,24.19,5,9,206,
521054,"KAKATIYA TEXTILES LTD.",X,STK,10.05,10.05,10.05,10.05,10.05,9.25,3,26,261,
521062,"PERFECT-OCTAVE MEDIA PROJECTS",X,STK,4.49,4.67,4.49,4.66,4.66,4.49,10,1990,8940,
521064,"TRIDENT LTD.",A,STK,23.05,23.5,22.62,23.3,23.3,23.18,3072,679944,15667116,
521070,"ALOK INDUSTRIES LTD.",A,STK,13.19,13.4,12.94,13.25,13.25,13.3,1008,408593,5363582,
521080,"PASARI SPINNING MILLS LTD.",X,STK,6.1,6.3,6.1,6.29,6.29,6.1,10,26784,168423,
521097,"AMARJOTHI SPINNING MILLS LTD.",X,STK,138,141.25,133.25,136.55,136.55,138,42,2022,273447,
521105,"OLYMPIA INDUSTRIES LTD.",X,STK,29,31.58,28.01,28.95,28.95,30.5,18,1269,36877,
521109,"NAGREEKA EXPORTS LTD.",B,STK,25.67,25.67,25.67,25.67,25.67,23.69,1,1,25,
521113,"SUDITI INDUSTRIES LTD.",X,STK,80,80,74,76.3,78,77.96,80,13032,1005073,
521131,"Shree Bhavya Fabrics Limited",X,STK,27.83,27.83,24.03,25.67,26.14,25.2,39,402,10385,
521137,"EUREKA INDUSTRIES LTD.",X,STK,5.15,5.15,4.69,4.76,4.87,4.93,69,30007,145912,
521141,"ADITYA SPINNERS LTD.",X,STK,16.06,16.6,15.89,16.6,16.6,16.44,22,6532,104805,
521149,"PRIME URBAN DEVELOPMENT INDIA",X,STK,8.31,8.31,8,8.14,8.14,8.31,13,218,1757,
521151,"DHANLAXMI FABRICS LTD.",X,STK,59,64,58.67,58.67,58.67,61.75,12,172,10205,
521161,"SRI LAKSHMI SARASWATHI TEXTILE",X,STK,24.3,24.3,24.3,24.3,24.3,24.42,2,4,97,
521163,"ZODIAC CLOTHING CO.LTD.",B,STK,71.16,74,71.16,72.28,72.28,71.16,102,1518,109811,
521178,"SRI RAMAKRISHNA MILLS (COIMBAT",X,STK,39,39,37.01,38.9,38.9,38.69,7,453,17374,
521180,"SUPER SPINNING MILLS LTD.",B,STK,5.26,5.51,5.26,5.51,5.51,5.24,16,2762,14633,
521194,"SIL INVESTMENTS LTD.",B,STK,402.05,411.55,400,404.85,404.15,413.9,28,364,147080,
521200,"SURYALAKSHMI COTTON MILLS LTD.",B,STK,53.9,56.55,53.9,55.68,55.68,53.27,10,423,23079,
521206,"SAMTEX FASHIONS LTD.",X,STK,1.3,1.36,1.26,1.34,1.35,1.36,48,47462,61589,
521210,"CITYMAN LTD.",X,STK,15.05,15.05,14.05,15.05,15.05,14.77,8,171,2556,
521216,"DHANALAXMI ROTO SPINNERS LTD.",X,STK,76.5,80.7,76.17,80.67,80.7,76.38,11,421,32529,
521220,"DAMODAR INDUSTRIES LTD.",B,STK,23.76,24.2,23,23.93,24.2,23.8,52,893,20965,
521222,"SANBLUE CORPORATION LTD.",X,STK,40.14,40.14,40.14,40.14,40.14,42.25,1,1,40,
521226,"UNIROYAL INDUSTRIES LTD.",X,STK,21.5,24.45,20,20,20,20.97,22,1147,24468,
521228,"TATIA GLOBAL VENNTURE LTD.",X,STK,2.49,2.55,2.42,2.53,2.53,2.44,226,59969,150166,
521234,"SRI NACHAMMAI COTTON MILLS LTD",X,STK,31.4,31.4,29.1,30.99,30.99,29.47,12,1807,55457,
521238,"BHARAT GLOBAL DEVELOPERS LIMIT",B,STK,90.13,93,89,91.88,91.12,90.13,335,7811,715113,
521240,"SAMBANDAM SPINNING MILLS LTD.",X,STK,102,102,100.98,100.98,100.98,95.06,2,176,17950,
521244,"MKP Mobility Limited",X,STK,106.05,106.05,106,106,106,105.05,3,20,2120,
521246,"PARAS PETROFILS LTD.",T,STK,2.18,2.18,2.06,2.11,2.08,2.13,32,9217,19249,
521248,"KITEX GARMENTS LTD.",A,STK,167.7,172.55,164.8,169.35,169.55,167.65,576,39323,6632181,
522001,"CRANEX LTD.",X,STK,68.01,68.01,63.15,64,64,66.51,40,2867,185378,
522004,"BATLIBOI LTD.",X,STK,80.6,82,77,78.48,78.48,80.61,331,21235,1688107,
522005,"AUSTIN ENGINEERING CO.LTD.",X,STK,106,114.9,106,114.8,114.8,115,38,1887,214583,
522014,"UNITED DRILLING TOOLS LTD.",B,STK,188,188,176.15,178.2,179.5,179.9,188,8159,1457302,
522017,"FLUIDOMAT LTD.",X,STK,585.25,585.25,561.1,567.25,564,565.25,86,3094,1757360,
522029,"WINDSOR MACHINES LTD.",B,STK,238.3,240.95,233.5,237.2,237.2,245.55,26,280,66428,
522034,"SHANTHI GEARS LTD.",B,STK,462.7,495,456.25,478.5,474,462.65,213,2519,1196817,
522036,"MIVEN MACHINE TOOLS LTD.",X,STK,75.46,75.46,75.46,75.46,75.46,77,3,12,905,
522064,"HONDA INDIA POWER PRODUCTS LIM",B,STK,2071.35,2071.35,1996.3,2027.15,2022,2071.35,100,241,493306,
522074,"ELGI EQUIPMENTS LTD.",A,STK,498.35,498.35,477.95,490.65,493.55,500.35,1081,19343,9433044,
522091,"UNITED VAN DER HORST LTD.",XT,STK,33.17,33.17,33.17,33.17,33.17,33.84,42,4896,162400,
522101,"KILBURN ENGINEERING LTD.",B,STK,503,504.35,486.3,490.95,490.95,505.8,836,18255,9076887,
522105,"BIRLA PRECISION TECHNOLOGIES L",X,STK,31.62,32.96,30.5,32.16,32,31.62,129,40143,1281516,
522108,"YUKEN INDIA LTD.",B,STK,716.2,727.6,705.1,709.2,706.6,713.3,95,1844,1314348,
522113,"TIMKEN INDIA LTD.",A,STK,3384.4,3510,3381.1,3492.05,3461.5,3409.25,395,2050,7100686,
522122,"VOITH PAPER FABRICS INDIA LTD.",X,STK,1505,1525,1470,1479.3,1490,1518.8,75,862,1293208,
522134,"ARTSON LIMITED",X,STK,135.15,141.9,135.15,137.05,139.5,140.9,71,4130,568635,
522152,"SOLITAIRE MACHINE TOOLS LTD.",X,STK,114.1,114.1,101.05,101.05,101.05,101.11,10,88,9579,
522163,"DIAMOND POWER INFRASTRUCTURE L",B,STK,134.65,140.2,133.6,136.95,136.05,137.65,945,73187,9957724,
522165,"INDSIL HYDRO POWER AND MANGANE",X,STK,37.5,38.48,34,38.17,38.17,37.16,90,8386,311166,
522183,"ITL INDUSTRIES LTD.",X,STK,241.4,252.5,239.1,241.2,247.7,242.6,91,5984,1452016,
522195,"FRONTIER SPRINGS LTD.",B,STK,4610,4639.8,4410.25,4594.85,4590.05,4607.75,1402,14446,66240557,
522205,"PRAJ INDUSTRIES LTD.",A,STK,316.95,319.95,306.65,314.6,314.3,313.65,2573,113213,35575736,
522207,"RASANDIK ENGINEERING INDUSTRIE",X,STK,54.5,59.84,54.5,58,58,55.26,21,20641,1139945,
522209,"YOGI SUNG-WON (INDIA) LTD.",X,STK,5.75,5.75,5.02,5.24,5.24,5.6,41,10771,58149,
522215,"HLE GLASCOAT LIMITED",B,STK,308.9,313.05,295.95,306.35,306.35,308.85,570,17833,5443886,
522217,"GUJARAT APOLLO INDUSTRIES LTD.",B,STK,401.6,410.5,394.95,405,405.3,401.7,84,13866,5678306,
522229,"TANEJA AEROSPACE & AVIATION LT",X,STK,268.8,268.8,261.45,262.8,262.8,263.65,191,23868,6262002,
522231,"CONART ENGINEERS LTD.",X,STK,60.1,64.26,60.1,62.12,61.6,62.71,63,2423,149101,
522235,"MINAL INDUSTRIES LIMITED",X,STK,2.42,2.42,2.25,2.25,2.25,2.33,56,7151,16724,
522237,"SHIVAGRICO IMPLEMENTS LTD.",X,STK,22.5,23.25,21.26,21.48,21.26,22.5,24,5170,113559,
522241,"M.M.FORGINGS LTD.",B,STK,445,456.25,443,449.25,452.5,453.35,149,1199,539458,
522245,"IYKOT HITECH TOOLROOM LTD.",XT,STK,17.39,17.39,17.39,17.39,17.39,16.57,7,791,13755,
522249,"MAYUR UNIQUOTERS LTD.",B,STK,510.9,523.15,501.55,520.6,520.05,511.3,288,1606,822547,
522251,"CENLUB INDUSTRIES LTD.",X,STK,204.95,204.95,195.05,197.1,197.1,197.7,57,1348,268443,
522257,"RAJOO ENGINEERS LTD.",B,STK,59.51,61,58.26,60.34,60.2,60.27,404,34918,2083470,
522261,"DOLPHIN OFFSHORE ENTERPRISES (",B,STK,400,416.45,393.6,399.05,398,402.45,550,15020,6026009,
522267,"VEEJAY LAKSHMI ENGINEERING WOR",X,STK,37.49,37.49,33.55,37.4,37.4,34.19,8,107,3614,
522273,"AHMEDABAD STEELCRAFT LTD.",X,STK,158,158,148.1,151.7,150.1,152.25,34,695,106210,
522275,"GE Vernova T&D India Limited",A,STK,3786.05,3816.3,3729.1,3749.4,3740,3783.6,2274,17650,66284438,
522281,"RAM RATNA WIRES LTD.",B,STK,324,324,310.55,315.9,315,327.75,254,3207,1024855,
522285,"JAYASWAL NECO INDUSTRIES LTD.",B,STK,73,76.54,70.82,75.35,75.5,73.45,1079,122666,9113281,
522287,"KALPATARU PROJECTS INTERNATION",A,STK,1148,1159.5,1110.4,1145.6,1159.5,1140.05,353,3768,4241069,
522289,"NMS GLOBAL LIMITED",XT,STK,87,87,80.61,80.61,80.61,84.85,7,215,17349,
522292,"CANDOUR TECHTEX LIMITED",X,STK,151.5,151.5,145.25,149.5,150,151.9,73,50391,7536090,
522294,"T & I GLOBAL LTD.",X,STK,182,188,175.8,187.9,188,188,12,166,30432,
522295,"CONTROL PRINT LTD.",B,STK,630,645.55,618.7,630,633.3,633.45,142,2092,1322985,
522650,"BEMCO HYDRAULICS LTD.",X,STK,81.31,81.99,79.6,79.99,80,81.31,137,7338,592364,
523011,"WEIZMANN LTD.",B,STK,83,83,83,83,83,83,1,2,166,
523019,"B.N.RATHI SECURITIES LTD.",X,STK,14.02,14.44,14,14.11,14.19,14.17,202,35621,505891,
523021,"RISHI TECHTEX LTD.",X,STK,41.88,41.88,37.17,39.69,39.69,39.85,12,53,2126,
523023,"SINCLAIRS HOTELS LTD.",B,STK,72.58,72.99,71,71.62,71.1,72.93,131,15846,1127367,
523025,"SAFARI INDUSTRIES (INDIA) LTD.",A,STK,1637,1668.3,1615,1639.5,1639.95,1650.8,193,2326,3808301,
523062,"J.J.FINANCE CORPORATION LTD.",XT,STK,52.15,52.15,52.01,52.05,52.01,54.73,11,346,18004,
523100,"COSMO FERRITES LTD.",X,STK,91.85,104,89.95,99.35,103.95,91.85,130,22773,2160197,
523105,"CROPSTER AGRO LIMITED",B,STK,6.67,7.29,6.65,7.22,7.2,6.97,365,307650,2169324,
523116,"SANCO TRANS LTD.",X,STK,665.05,665.25,665.05,665.25,665.25,663,9,54,35912,
523120,"THRIVE FUTURE HABITATS LIMITED",XT,STK,105.25,107.9,100.25,105.6,105.25,105.25,27,754,79368,
523127,"EIH ASSOCIATED HOTELS LTD.",B,STK,312.8,321.6,310.45,315.95,313.9,312.85,110,926,291347,
523144,"MEDI-CAPS LTD.",X,STK,24.88,24.88,22,23.53,24.88,22.58,69,15124,346680,
523151,"OTCO INTERNATIONAL LTD.",X,STK,9.5,9.5,9.39,9.39,9.39,9.2,4,162,1528,
523160,"MORGANITE CRUCIBLE (INDIA) LTD",X,STK,1259,1299.4,1259,1275.65,1275.65,1290.95,30,1151,1467315,
523186,"B&A PACKAGING INDIA LIMITED",X,STK,151.5,156.95,150,150.2,154.5,159.8,41,1237,187383,
523207,"KOKUYO CAMLIN LTD.",B,STK,77.28,79,76.76,78.47,77.33,77.28,85,6491,506849,
523222,"SRM ENERGY LTD.",XT,STK,18.13,18.13,18.04,18.13,18.13,17.78,18,12569,227293,
523229,"BHARAT SEATS LTD.",B,STK,172.45,172.45,165.5,170.4,171.2,172.75,277,9109,1533348,
523232,"CONTINENTAL PETROLEUMS LTD.",X,STK,80,85,79.95,84.46,84.59,78.41,44,1763,148257,
523248,"MACHINO PLASTICS LTD.",X,STK,245.5,266.85,245.5,255.15,255,261.55,32,913,236069,
523260,"PEARL POLYMERS LTD.",B,STK,16.5,17.77,16.5,17.17,17.1,17.4,23,1049,18013,
523261,"VENKYS (INDIA) LTD.",B,STK,1288.4,1290,1253,1254.7,1254.7,1288.35,219,2815,3567752,
523269,"ADVANI HOTELS & RESORTS (INDIA",B,STK,50.25,52.9,50.25,51.98,52,52.32,48,784,40726,
523283,"SUPERHOUSE LTD.",B,STK,145,149,144.45,146.5,146.5,143.85,13,21,3076,
523289,"RAMA VISION LTD.",X,STK,144,144,136.5,136.55,136.5,144,16,346,47414,
523301,"TCPL PACKAGING LTD.",B,STK,2594.6,2660.55,2500,2511.45,2500,2429.45,242,1223,3117147,
523309,"SHRI GANG INDUSTRIES AND ALLIE",X,STK,80.6,80.6,77.5,77.98,77.98,81.35,122,15749,1231066,
523319,"BALMER LAWRIE & CO.LTD.",B,STK,168.3,169.15,166.1,168.1,168.1,171.1,503,13104,2190893,
523323,"KOVAI MEDICAL CENTER & HOSPITA",B,STK,5300,5325,5081,5202.25,5269,5315.5,986,5574,28927320,
523329,"ELDECO HOUSING & INDUSTRIES LT",B,STK,844.4,844.4,803.95,803.95,803.95,903,3,3,2470,
523367,"DCM SHRIRAM LIMITED",A,STK,986,1018,965.75,1016.55,1018,990,363,3083,3063113,
523369,"DCM SHRIRAM INDUSTRIES LTD.",B,STK,35.55,35.55,34.12,35,34.81,35.55,106,11002,381244,
523371,"MAWANA SUGARS LTD.",B,STK,80.7,80.89,78.72,80.2,80.2,80.9,28,3856,309513,
523373,"MINI DIAMONDS (INDIA) LTD.",X,STK,18,18.6,17.8,18.17,18.17,18.02,125,7587,137176,
523384,"MAHA RASHTRA APEX CORPORATION",B,STK,114.44,118,112,115.36,115.05,107.93,540,9394,1077291,
523385,"NILKAMAL LTD.",B,STK,1314.25,1314.3,1292.1,1294.2,1300,1308.35,66,230,298732,
523387,"TRITON CORP.LTD.",X,STK,1.53,1.57,1.51,1.57,1.57,1.5,797,354517,554305,
523391,"NAHAR POLYFILMS LTD.",B,STK,237,239.75,230.55,239.75,239.75,238.45,43,529,123444,
523395,"3M INDIA LTD.",A,STK,33300.05,35117.25,33100.2,34404.5,34220.05,33746.15,212,366,12460143,
523398,"BOSCH HOME COMFORT INDIA LIMIT",B,STK,1310,1335,1300,1310.7,1307.5,1314.5,125,1517,2000968,
523405,"JM FINANCIAL LTD.",A,STK,121.65,124.35,118.15,123.45,122.8,121.6,2122,170649,20648460,
523411,"ADC INDIA COMMUNICATIONS LIMIT",X,STK,1291.65,1308.65,1280,1299.2,1295,1298.9,51,668,869048,
523419,"TAMILNADU TELECOMMUNICATIONS L",B,STK,9.25,9.25,8.5,9.09,9.13,8.61,8,1095,9622,
523445,"RELIANCE INDUSTRIAL INFRASTRUC",B,STK,666.05,697.9,666.05,688.6,692.15,686.95,153,2108,1449099,
523449,"SHARP INDIA LTD.",X,STK,44.64,44.64,44.15,44.16,44.16,43.76,8,1039,46052,
523457,"Linde India Limited",A,STK,6749.95,7222.4,6637.5,7186.6,7186.6,6778.85,2776,13660,96352658,
523465,"IND BANK HOUSING LTD.",B,STK,43,43.98,43,43.65,43.6,42.1,15,1178,51590,
523467,"JAI MATA GLASS LTD.",XT,STK,2.18,2.18,1.98,2.16,2.18,2.08,148,612947,1231601,
523475,"LOTUS CHOCOLATE CO.LTD.",B,STK,753.7,753.7,736.95,748.65,741.25,753.65,243,3432,2553379,
523483,"PACIFIC INDUSTRIES LTD.",X,STK,132.25,135.45,131.1,132.2,132.2,132.25,31,1170,154588,
523489,"CHENNAI MEENAKSHI MULTISPECIAL",X,STK,37.5,39,35.75,37.53,36.26,37.7,28,4612,173978,
523519,"UNIVERSAL OFFICE AUTOMATION LT",XT,STK,6.86,6.93,6.86,6.91,6.93,6.93,5,64,442,
523537,"APM INDUSTRIES LTD.",X,STK,38.7,40.4,38.01,39.8,39.8,40.2,40,5486,214161,
523539,"PRECISION WIRES INDIA LTD.",B,STK,343,344.1,314.2,319.05,319.05,342.95,2791,97406,31867451,
523550,"KRYPTON INDUSTRIES LTD.",X,STK,36.18,36.18,35.25,36.13,36.13,36.92,24,2554,91841,
523558,"SWISS MILITARY CONSUMER GOODS",X,STK,16,16.34,15.84,16,16,16.14,330,117668,1893611,
523574,"Future Enterprises Limited",Z,STK,0.49,0.49,0.49,0.49,0.49,0.49,29,2908,1424,
523586,"INDIAN TONERS & DEVELOPERS LTD",X,STK,238.5,244.5,238,242.6,242.05,235.6,52,1065,256223,
523594,"KUNSTSTOFFE INDUSTRIES LTD.",X,STK,20.7,21,18.15,18.68,18.68,20.66,95,5322,101795,
523598,"SHIPPING CORPORATION OF INDIA",A,STK,239.65,257.8,237.05,250.6,250.6,240.1,5625,408080,101309192,
523606,"SIKA INTERPLANT SYSTEMS LTD.",B,STK,1021.1,1026.2,972,979.85,979.85,1020.5,1566,19619,19530504,
523610,"ITI LTD.",A,STK,252,262.45,246.45,258.6,258.6,253.55,1073,44403,11304584,
523618,"DREDGING CORPORATION OF INDIA",B,STK,955.2,960,937,948.3,948.45,961.3,516,9556,9035734,
523620,"PHAARMASIA LTD.",XT,STK,89.94,89.94,89.94,89.94,89.94,89.5,1,10,899,
523630,"NATIONAL FERTILIZERS LTD.",B,STK,74.71,74.71,71.9,72.95,72.95,75.01,1206,129177,9427734,
523638,"IP RINGS LTD.",XT,STK,107,112.4,104.35,105.8,105.8,109.2,11,256,26967,
523642,"P.I.INDUSTRIES LTD.",A,STK,3009,3009,2941,2952.25,2941,3010.95,677,3257,9670133,
523648,"PLASTIBLENDS INDIA LTD.",B,STK,140,142.95,138,138,138,142.15,30,264,36684,
523650,"YASH INNOVENTURES LIMITED",XT,STK,49,49,45.3,47.51,47.8,47.39,96,49829,2384544,
523652,"Kkalpana Plastick Limited",X,STK,28,28.4,28,28.4,28.4,28,11,521,14595,
523660,"WATERBASE LTD.",XT,STK,44.86,44.86,41.55,42.76,42.74,43.49,271,40235,1709443,
523672,"FLEX FOODS LTD.",X,STK,41.08,42.46,40.12,40.54,40.54,41.08,32,21743,876990,
523676,"GOLKUNDA DIAMONDS & JEWELLERY",X,STK,275,285.85,275,280.1,280.1,286.45,51,1142,319872,
523694,"APCOTEX INDUSTRIES LTD.",B,STK,360.6,370.95,356.05,361.2,362.75,365.35,172,4508,1637329,
523696,"FORTIS MALAR HOSPITALS LIMITED",X,STK,51.89,52.49,50.32,51.6,51.51,50.22,239,22059,1140977,
523704,"MASTEK LTD.",A,STK,1560,1578.8,1549.1,1556.9,1553.4,1577.25,196,4583,7158029,
523708,"EIMCO ELECON (INDIA) LTD.",B,STK,1538.1,1568.15,1511,1540.8,1530,1550.1,93,885,1362494,
523710,"SAYAJI HOTELS LTD.",X,STK,274.2,274.2,261.1,264.5,261.1,274.2,36,450,119815,
523716,"ASHIANA HOUSING LTD.",B,STK,305,315.95,303.6,314.7,314.7,309.9,115,1209,377766,
523722,"SVAM SOFTWARE LTD.",XT,STK,8.05,8.45,7.65,8.45,8.45,8.05,53,36187,282467,
523732,"ECOBOARD INDUSTRIES LTD.",X,STK,53,55.99,51.79,53.94,55.75,54.51,83,26587,1391952,
523736,"Dhunseri Ventures Limited",B,STK,219.15,228.9,219.15,225.15,226.25,219.3,129,1650,366966,
523752,"TRANS INDIA HOUSE IMPEX LIMITE",X,STK,5.34,5.36,5.03,5.29,5.29,5.34,120,35863,187878,
523754,"MAHINDRA EPC IRRIGATION LIMITE",B,STK,113.05,114.6,112.15,113.25,112.6,113.1,32,825,93323,
523782,"Mitshi India Limited",X,STK,13.02,14.94,13.02,14.4,13.91,14.25,22,4114,59784,
523792,"MAZDA LTD.",B,STK,191.75,191.9,190,190,190,192.4,21,353,67190,
523796,"VICEROY HOTELS LTD.",T,STK,149.4,149.45,141.7,145.05,144.2,146.55,87,2489,358608,
523826,"SOVEREIGN DIAMONDS LTD.",XT,STK,20,20,19.6,19.6,19.6,20,19,1152,22735,
523828,"MENON BEARINGS LTD.",B,STK,126.75,129,123.3,126.9,126.95,126.75,223,4370,547195,
523832,"MUKAT PIPES LTD.",XT,STK,18.3,18.3,18.02,18.02,18.02,18.96,6,139,2505,
523836,"GUJARAT RAFFIA INDUSTRIES LTD.",B,STK,39.56,39.56,37.14,37.51,37.14,37.68,18,524,20349,
523838,"SIMPLEX INFRASTRUCTURES LTD.",B,STK,175,191.5,175,186.2,190.85,176.35,397,392946,69775989,
523840,"INNOVATIVE TECH PACK LTD.",X,STK,15.25,15.65,15.1,15.32,15.3,15.75,21,863,13302,
523842,"SUPER TANNERY LIMITED",X,STK,6.57,6.57,6.01,6.09,6.09,6.33,157,81247,500251,
523844,"CONSTRONICS INFRA LIMITED",X,STK,54.94,54.94,47.26,53.71,53.9,55.43,27,8454,418822,
523850,"AXTEL INDUSTRIES LTD.",X,STK,419.75,419.75,401.6,404,406.95,418.75,143,1975,807906,
523862,"GRAND OAK CANYONS DISTILLERY L",B,STK,31,31,30.99,31,31,31,5,219,6787,
523874,"East India Drums and Barrels M",XT,STK,102.4,113.1,102.4,111.4,113.1,107.75,91,10300,1151343,
523888,"V R WOODART LTD.",X,STK,72.21,79.81,72.21,79.81,79.81,76.01,38,7497,548573,
524000,"POONAWALLA FINCORP LIMITED",A,STK,412.1,415.9,407,411.25,411.55,417.95,2502,63359,26094056,
524019,"Kingfa Science & Technology (I",B,STK,4126.4,4160.75,4065.1,4075.7,4065.1,4157.2,27,57,234398,
524037,"RAMA PHOSPHATES LTD.",B,STK,116.9,118.95,114.9,115.4,115,119.25,68,2444,284700,
524038,"VENLON ENTERPRISES LTD.",X,STK,5.1,5.12,4.88,4.88,4.88,5.12,13,334,1682,
524051,"POLYPLEX CORPORATION LTD.",B,STK,819.2,825,814.55,820.05,820,836.05,248,4096,3358864,
524075,"ALBERT DAVID LTD.",B,STK,684.6,688.7,655.6,685,685,690.15,39,359,242830,
524080,"HARYANA LEATHER CHEMICALS LTD.",X,STK,57,57.5,52.41,54.23,56.5,54.95,22,304,16891,
524091,"CARYSIL LIMITED",B,STK,845.75,845.75,795,813.35,813.9,845.8,710,8325,6700750,
524109,"KABRA EXTRUSIONTECHNIK LTD.",B,STK,231.2,238.05,228.75,230,228.85,238.2,163,2330,541835,
524129,"VINYL CHEMICALS (INDIA) LTD.",B,STK,199.5,200.85,198,199.35,200.15,199.5,124,2987,595846,
524136,"PEE CEE COSMA SOPE LTD.",X,STK,319,336,319,319.55,319,313.8,60,512,166116,
524156,"TCM LTD.",X,STK,44.83,44.83,44,44.82,44,44.83,4,566,25369,
524164,"IOL CHEMICALS & PHARMACEUTICAL",B,STK,71,72.6,70,70.69,70.69,71.68,813,63713,4529626,
524174,"KESAR PETROPRODUCTS LTD.",X,STK,23.46,25.17,23.46,24.7,24.75,24.65,230,149767,3692519,
524200,"VINATI ORGANICS LTD.",A,STK,1397.05,1398.2,1375,1388.95,1388.95,1413.25,244,893,1240388,
524202,"LACTOSE (INDIA) LTD.",X,STK,94.51,95.9,92.55,92.59,94.95,94.04,33,931,86509,
524204,"TEESTA AGRO INDUSTRIES LTD.",X,STK,107.7,112.95,107,107.65,107,109.9,29,1362,148758,
524208,"AARTI INDUSTRIES LTD.",A,STK,428.05,459,420.4,445.9,445.9,430.35,7016,222863,99646553,
524210,"PENTOKEY ORGANY (INDIA) LTD.",X,STK,37.99,37.99,36,36.88,36.88,35,16,282,10364,
524212,"WANBURY LTD.",T,STK,245.2,257.6,238,257.6,257.6,245.35,60,12513,3164631,
524218,"RESONANCE SPECIALTIES LTD.",X,STK,92.12,94.8,90.1,90.9,90.9,91.67,26,1600,145432,
524226,"GUJARAT AMBUJA EXPORTS LTD.",B,STK,130,132.35,127.45,130.3,130.05,132.4,299,15707,2039772,
524230,"RASHTRIYA CHEMICALS & FERTILIZ",A,STK,120.95,122.15,117.5,120.8,120.8,122.55,2486,264215,31665250,
524238,"GUJARAT INJECT (KERALA) LTD.",XT,STK,68.99,69.7,68.99,69.7,69.7,69,38,41931,2920912,
524280,"KOPRAN LTD.",B,STK,122.9,124.2,121.3,122.25,122.25,124.2,237,14615,1793096,
524288,"AIMCO PESTICIDES LTD.",X,STK,49.86,49.9,46.4,46.75,46.65,47.15,43,3012,144190,
524314,"GUJARAT TERCE LABORATORIES LTD",X,STK,40,40.8,38,38,38,39.04,50,2687,102819,
524322,"KABRA DRUGS LTD.",X,STK,29.8,29.94,28.45,28.94,29.36,29.94,133,63504,1849256,
524324,"SEYA INDUSTRIES LTD.",T,STK,9.52,9.9,9.52,9.9,9.9,9.71,34,9851,96940,
524330,"JAYANT AGRO-ORGANICS LTD.",B,STK,185.65,185.7,180.5,184.95,182.05,184.9,26,867,157614,
524332,"BCL INDUSTRIES LIMITED",B,STK,27.84,28.48,27.81,28.21,28.22,28.54,242,107928,3046657,
524336,"SHREE HARI CHEMICALS EXPORT LT",X,STK,96.85,102.5,96.75,102.5,102.5,101.8,10,872,84491,
524342,"INDO BORAX & CHEMICALS LTD.",B,STK,244.7,245.75,243.5,244.4,244.1,245.75,59,1418,346710,
524348,"AARTI DRUGS LTD.",B,STK,350,357.7,346.1,356.8,356.35,353.1,396,5530,1953932,
524370,"BODAL CHEMICALS LTD.",B,STK,44.12,45.07,43.84,44.2,44.03,44.43,190,11634,516826,
524372,"Orchid Pharma Limited",B,STK,509.75,548.05,508.55,537.95,537.95,524.65,494,22455,11993044,
524394,"VIMTA LABS LTD.",B,STK,433.8,444.7,432.8,439.9,441.5,442.65,365,21403,9436919,
524396,"BIOFIL CHEMICALS & PHARMACEUTI",B,STK,30.91,30.91,30.47,30.48,30.47,30.45,20,754,23025,
524400,"ISHITA DRUGS & INDUSTRIES LTD.",X,STK,76.16,89.4,76.16,80.9,80.9,76.54,29,1670,140579,
524404,"MARKSANS PHARMA LTD.",A,STK,171.15,174.15,169.6,173.3,173.55,172.95,477,26222,4519311,
524408,"UNIVERSAL STARCH-CHEM ALLIED L",X,STK,130,140,128,140,140,135,9,133,17312,
524412,"AAREY DRUGS & PHARMACEUTICALS",B,STK,67.2,68.89,66.78,68.88,68.88,68.07,35,1126,76225,
524414,"NORRIS MEDICINES LTD.",X,STK,13.99,13.99,13.5,13.71,13.5,14,7,397,5459,
524434,"ASIAN PETROPRODUCTS & EXPORTS",X,STK,8.29,8.7,8.29,8.5,8.5,8.29,21,7016,58871,
524440,"CAMEX LTD.",X,STK,30,30.77,29.16,29.91,29.91,30.15,28,3520,105862,
524444,"EVEXIA LIFECARE LIMITED",X,STK,1.47,1.5,1.44,1.45,1.45,1.45,695,4173493,6104359,
524458,"INDO EURO INDCHEM LTD.",X,STK,10.55,12.4,10.55,11.22,11.25,10.34,116,15381,179064,
524470,"SYNCOM FORMULATIONS (INDIA) LT",B,STK,12.45,12.6,12.06,12.38,12.54,12.41,576,88954,1101532,
524480,"RIDDHI SIDDHI GLUCO BIOLS LTD.",X,STK,465,483.7,456,477.5,478.95,463.55,16,35,16533,
524488,"SVC INDUSTRIES LIMITED",X,STK,2.33,2.33,2.1,2.21,2.17,2.27,79,15340,33722,
524494,"IPCA LABORATORIES LTD.",A,STK,1541.05,1566.9,1521.9,1559.55,1559.55,1532.2,942,11510,17795711,
524500,"KILITCH DRUGS (INDIA) LTD.",B,STK,320.35,330.4,315.25,329.85,329.85,317.1,18,261,84599,
524502,"RAAJ MEDISAFE INDIA LTD.",P,STK,88.68,88.68,80.24,80.24,80.24,84.46,19,2700,228156,
524506,"CORAL LABORATORIES LTD.",X,STK,440.2,447,440,447,447,450.05,20,571,253696,
524516,"BACIL PHARMA LTD.",X,STK,50,50,46.67,48.66,48.65,48.18,35,22210,1081472,
524518,"KREBS BIOCHEMICALS & INDUSTRIE",B,STK,55.11,55.3,53.1,53.1,53.1,55.11,3,213,11337,
524520,"KMC SPECIALITY HOSPITALS (INDI",B,STK,84.56,84.62,81.55,83.98,83.98,84.1,734,53110,4439592,
524522,"LAFFANS PETROCHEMICALS LTD.",X,STK,29.05,32,28.15,30.1,29.02,30.06,25,1779,52423,
524534,"BHASKAR AGROCHEMICALS LTD.",X,STK,151.7,160,144.5,156.5,153,149.45,60,1380,210618,
524542,"SUKHJIT STARCH & CHEMICALS LTD",B,STK,178.1,181,174.35,177.4,179.75,181.55,101,789,139893,
524558,"NEULAND LABORATORIES LTD.",A,STK,12621,12743.35,12480,12568.2,12622,12819.35,502,1629,20496814,
524564,"GAYATRI BIOORGANICS LTD.",X,STK,14.63,14.63,13.5,14.62,14.63,13.94,44,6927,99736,
524570,"PODDAR PIGMENTS LTD.",B,STK,226,226,220,221.05,221.05,224.05,27,2150,477343,
524572,"PHARMAIDS PHARMACEUTICALS LTD.",X,STK,35.59,37.99,33.01,33.8,33.8,35.59,101,108859,3615918,
524576,"VIVID GLOBAL INDUSTRIES LTD.",X,STK,21,21,19.75,19.9,20.65,20.84,54,8462,169565,
524580,"PRIYA LTD.",X,STK,20.44,20.44,20.44,20.44,20.44,19.47,1,1,20,
524582,"TIRUPATI STARCH & CHEMICALS LT",X,STK,159.9,159.9,150,151.95,152.8,157.05,35,7586,1147880,
524590,"HEMO ORGANIC LIMITED",XT,STK,14.16,14.43,14.16,14.43,14.43,14.44,4,54,764,
524592,"JAYSYNTH ORGOCHEM LIMITED",X,STK,12.2,12.2,11.83,12.14,12.14,12.03,42,9968,119442,
524594,"Aeonx Digital Technology Limit",X,STK,120.15,122.65,120.15,121.6,120.5,125.1,12,562,68320,
524598,"AKSHARCHEM (INDIA) LTD.",B,STK,170,170,166.6,166.6,166.6,172.05,10,126,21039,
524602,"BANDARAM PHARMA PACKTECH LIMIT",X,STK,31.5,31.5,28,29.4,29.4,30.7,25,1356,38909,
524606,"BERYL DRUGS LTD.",X,STK,21.06,21.4,19,20.43,20.99,21.1,55,42989,854264,
524614,"IEL LIMITED",X,STK,6.5,6.66,6.12,6.48,6.5,6.53,89,11121,71676,
524622,"ISTREET NETWORK LIMITED",XT,STK,49.89,49.89,45.31,45.77,45.77,47.69,176,24140,1133281,
524624,"GAGAN GASES LTD.",X,STK,21.8,23.2,18.05,22.71,23,21.08,177,16425,353216,
524628,"PARKER AGROCHEM EXPORTS LTD.",X,STK,18.01,18.01,16.7,16.7,16.7,17.16,5,23,398,
524632,"Shukra Pharmaceuticals Limited",XT,STK,41,42.81,40,40.09,40.09,41.96,640,165485,6704472,
524634,"ALUFLUORIDE LTD.",X,STK,428.05,440.55,428.05,430.4,430.05,431.6,79,1523,662318,
524636,"OXYGENTA PHARMACEUTICAL LIMITE",X,STK,49.2,51.7,49.2,49.45,49.45,50.12,13,836,41318,
524640,"ARCHIT ORGANOSYS LTD.",X,STK,38,38.74,37,37.9,37.75,37.97,35,2705,102390,
524642,"SIKOZY REALTORS LIMITED",XT,STK,1.31,1.31,1.27,1.27,1.27,1.31,10,950,1218,
524648,"INDO AMINES LTD.",B,STK,99,103.7,98.55,100.55,99.75,101.1,62,2586,261671,
524654,"NATURAL CAPSULES LTD.",B,STK,151.65,151.65,148,148,148,150.9,4,336,50469,
524661,"WELCURE DRUGS & PHARMACEUTICAL",X,STK,0.29,0.29,0.28,0.28,0.29,0.29,608,4680039,1328804,
524663,"BHARAT IMMUNOLOGICALS & BIOLOG",B,STK,16.8,17,16.5,16.7,16.66,16.89,103,28169,469814,
524667,"SAVITA OIL TECHNOLOGIES LTD.",B,STK,341.95,346.95,339.25,341.05,341.05,348.7,158,788,270490,
524669,"HESTER BIOSCIENCES LTD.",B,STK,1440,1458.15,1423.55,1441.45,1435,1443.5,43,981,1419392,
524675,"KABSONS INDUSTRIES LTD.",X,STK,17.88,18.99,15.4,17.26,17.38,16.08,355,84445,1455482,
524687,"BASANT AGRO TECH (INDIA) LTD.",X,STK,10.52,10.62,10.31,10.4,10.4,10.52,120,17699,184764,
524703,"SANDU PHARMACEUTICALS LTD.",X,STK,34.16,35.58,32.95,34.12,34.25,35.35,36,14310,483238,
524709,"NACL Industries Limited",B,STK,122.45,123,117.55,121.5,121.6,122.45,449,26187,3155511,
524711,"VISTA PHARMACEUTICALS LTD.",X,STK,6.69,7,6.3,6.81,6.83,6.56,65,72582,472630,
524715,"SUN PHARMACEUTICAL INDUSTRIES",A,STK,1835.9,1835.9,1807.9,1825,1825,1824.9,17102,38386,70034282,
524717,"TITAN BIOTECH LTD.",X,STK,377,387.95,351.05,387.7,387.7,369.5,4200,334776,126748981,
524731,"JENBURKT PHARMACEUTICALS LTD.",X,STK,989,1016,986.5,1003.7,1010,1000.05,29,142,142309,
524735,"HIKAL LTD.",B,STK,179.5,182.1,174.15,180.5,180.5,179.4,370,41552,7473977,
524742,"CAPLIN POINT LABORATORIES LTD.",A,STK,1689.15,1699.45,1660.8,1688.6,1688.6,1687.3,400,2932,4937775,
524743,"FISCHER MEDICAL VENTURES LIMIT",B,STK,36,36.62,35,35.25,35.3,36.64,331,22135,795021,
524748,"LINK PHARMA CHEM LTD.",X,STK,25.05,27.5,25.05,25.6,25.97,27.89,58,4732,122346,
524752,"DECIPHER LABS LIMITED",X,STK,6.84,6.84,6.3,6.49,6.49,6,22,5707,36636,
524768,"EMMESSAR BIOTECH & NUTRITION L",X,STK,25,25.7,25,25.5,25.5,25.74,5,285,7128,
524774,"NGL FINE-CHEM LTD.",B,STK,2457.85,2499.95,2325,2339.85,2390,2421.6,104,332,790766,
524790,"EVEREST ORGANICS LTD.",X,STK,287.95,304.65,285,298.95,302.85,287.95,55,5023,1467635,
524804,"AUROBINDO PHARMA LTD.",A,STK,1301.2,1319.6,1290.5,1313.3,1313.3,1304.6,5233,79056,103369270,
524808,"PHYTO CHEM (INDIA) LTD.",X,STK,24.01,25.88,22.09,23.59,22.09,25.88,15,1636,39877,
524816,"NATCO PHARMA LTD.",A,STK,1013.85,1023.85,996.1,1016.3,1016.3,1015.55,2948,42236,42712941,
524818,"DYNAMIC INDUSTRIES LTD.",X,STK,99.95,99.95,87.02,88.02,88.02,96.48,109,9127,827456,
524820,"PANAMA PETROCHEM LTD.",B,STK,273.05,273.05,267.7,270.05,270.05,273.1,39,4025,1083086,
524824,"BAL PHARMA LTD.",B,STK,69,73.77,69,71.94,73.77,71.78,46,2584,184612,
524828,"BDH INDUSTRIES LTD.",X,STK,364.65,371.1,340.15,366.05,362.1,364.65,98,1334,476768,
526001,"JAUSS POLYMERS LTD.",XT,STK,30.98,30.98,30.98,30.98,30.98,31.61,4,214,6629,
526025,"GLOBUS CONSTRUCTORS & DEVELOPE",X,STK,12.53,12.75,12.15,12.68,12.68,12.53,26,2285,28826,
526027,"CUBEX TUBINGS LTD.",B,STK,93.5,93.8,91.1,93.2,92.95,92.7,135,5499,506891,
526043,"POLYMECHPLAST MACHINES LTD.",X,STK,47.5,47.5,44.55,46.6,46.6,47.58,18,1521,67968,
526071,"STELLANT SECURITIES (INDIA) LT",XT,STK,624.5,656,601.05,643.5,647.5,632.65,155,3016,1864497,
526073,"GALAXY BEARINGS LTD.",X,STK,483.25,496.5,471,474.15,481,483.25,32,234,112825,
526075,"REKVINA LABORATORIES LTD.",XT,STK,28.7,29.33,28.7,29.2,29.2,28.76,27,13122,379897,
526081,"SC Agrotech Limited",XT,STK,28,30.41,28,30.41,30.41,29,5,2297,68646,
526095,"RAVILEELA GRANITES LTD.",X,STK,42,42,40.85,40.85,40.85,41,4,4,165,
526113,"UNIROYAL MARINE EXPORTS LTD.",X,STK,15,15,15,15,15,16,1,1,15,
526115,"KARAN WOO-SIN LTD.",X,STK,11.85,12.93,11.01,11.11,11.11,11.76,38,6815,84580,
526117,"SHERVANI INDUSTRIAL SYNDICATE",X,STK,385.05,390,385,390,390,395,7,143,55256,
526125,"BN AGROCHEM LIMITED",B,STK,235.6,244,220,229.2,229,236.35,80,1461,334727,
526133,"SUPERTEX INDUSTRIES LTD.",X,STK,6.3,6.3,6.2,6.2,6.2,6.2,5,411,2588,
526139,"TRANSGENE BIOTEK LTD.",X,STK,2.65,2.68,2.46,2.59,2.63,2.71,64,25670,65695,
526143,"MPL PLASTICS LTD.",X,STK,7.15,7.3,6.7,7.19,7.19,7.3,21,7917,54707,
526159,"NIKHIL ADHESIVES LTD.",X,STK,64.89,64.89,60.99,62.2,62,64.67,223,63762,4007388,
526161,"SPENTA INTERNATIONAL LTD.",X,STK,90,90,90,90,90,90,1,5,450,
526169,"MULTIBASE INDIA LTD.",X,STK,174.9,177.15,169.3,170.65,170.65,173.6,252,6195,1057765,
526173,"ANDREW YULE & COMPANY LTD.",B,STK,19.13,19.4,18.9,19.14,19.15,19.13,361,120022,2298552,
526179,"LUDLOW JUTE & SPECIALITIES LTD",X,STK,219.95,221,198.1,204.6,205,218.9,112,27709,5949032,
526187,"ASHRAM ONLINE.COM LTD.",X,STK,4.48,4.48,4.48,4.48,4.48,4.27,2,253,1133,
526193,"ROYAL CUSHION VINYL PRODUCTS L",X,STK,19.79,19.79,17.66,18.57,19.13,18.36,29,401,7491,
526211,"SURAJ INDUSTRIES LTD.",X,STK,47.44,47.44,45.01,46.56,46.59,47.44,28,428,19561,
526217,"Hitech Corporation Limited",B,STK,132.95,138.95,132,132.55,132.55,130.5,46,3846,515195,
526227,"FILATEX INDIA LTD.",B,STK,42.5,43.43,41.22,42.64,42.61,42.53,380,38688,1637046,
526231,"STANDARD SURFACTANTS LTD.",X,STK,52,53.85,48.16,50.68,50.68,51.21,18,2412,121525,
526237,"MORGAN VENTURES LTD.",X,STK,55,55,51.67,52.62,52.98,51.17,25,405,21260,
526241,"AMRAPALI INDUSTRIES LTD.",X,STK,13.01,14.47,13.01,13.22,13.71,13.32,36,1475,19872,
526247,"PREMIER EXPLOSIVES LTD.",A,STK,479.95,483.6,465,474.35,477.95,480,670,18351,8695095,
526251,"MID EAST PORTFOLIO MANAGEMENT",X,STK,17.83,19,17.5,18.86,18.86,17.83,14,4026,76313,
526263,"MOLD-TEK TECHNOLOGIES LTD.",B,STK,130.45,131.4,124.45,127.25,129,130.95,192,3941,501831,
526269,"CRESTCHEM LTD.",X,STK,86.59,86.59,81.05,84.07,83.5,86.16,73,2191,184212,
526299,"MPHASIS LTD.",A,STK,2152.95,2212,2152.95,2184.45,2191.35,2186.65,1073,4184,9136436,
526315,"DIVYASHAKTI LIMITED",X,STK,51.5,51.5,48,50.88,50.88,49.43,71,2782,136988,
526325,"ORIENT PRESS LTD.",B,STK,69.3,73.4,68.01,69.99,69.99,68.61,30,278,19655,
526335,"SHREYAS INTERMEDIATES LTD.",X,STK,7.01,7.33,6.7,6.72,6.72,7.01,36,19239,129880,
526345,"PANJON LTD.",X,STK,26.8,27,25.36,26.38,26.84,26.86,88,9628,256864,
526355,"DUROPACK LTD.",X,STK,52,52,51,51,51,51,4,314,16114,
526365,"SWARNSARITA JEWELS INDIA LIMIT",X,STK,31.7,32.04,31.01,31.99,31.99,32.04,26,1617,51325,
526367,"GANESH HOUSING LIMITED",A,STK,616.15,650,616.15,635.15,636.95,625.75,291,4002,2559406,
526371,"NMDC LTD.",A,STK,79.21,81.59,77.56,80.86,81.05,79.66,4818,801487,64168722,
526373,"CINDRELLA HOTELS LTD.",X,STK,55.89,55.89,53.7,53.7,53.7,53.95,4,5,272,
526381,"PATEL INTEGRATED LOGISTICS LTD",B,STK,10.01,10.3,9.61,9.81,9.82,10,95,23174,230995,
526397,"ALPHAGEO (INDIA) LTD.",B,STK,201.2,201.2,193,196.55,198.75,199.55,66,1086,212187,
526407,"HAMPTON SKY REALTY LIMITED",X,STK,10.54,10.54,10.02,10.28,10.41,10.19,111,17226,177966,
526409,"KKALPANA INDUSTRIES (INDIA) LT",X,STK,8.03,8.37,7.15,7.69,7.61,7.8,77,14172,110571,
526415,"OK PLAY INDIA LTD.",X,STK,4.54,4.63,4.3,4.43,4.47,4.56,370,793270,3582763,
526423,"KRITI INDUSTRIES (INDIA) LTD.",B,STK,80.85,84.6,80.62,80.64,82.37,81.66,12,307,25084,
526433,"ASM TECHNOLOGIES LTD.",B,STK,2320,2320,2215,2224.55,2224.55,2324.65,1425,14633,33079790,
526435,"PERFECTPAC LTD.",X,STK,80.01,80.01,80.01,80.01,80.01,83.99,1,3,240,
526439,"AMBITIOUS PLASTOMAC COMPANY LT",X,STK,10.45,10.45,10,10.4,10.4,10.45,8,466,4867,
526441,"VISION CINEMAS LTD.",XT,STK,1.13,1.18,1.08,1.13,1.13,1.13,31,8601,9745,
526443,"Artificial Electronics Intelli",X,STK,112.85,119.1,108.1,119.1,119.1,113.45,487,70515,8148220,
526445,"INDRAYANI BIOTECH LTD.",X,STK,7.35,7.98,7.06,7.38,7.35,7.47,106,135455,1001156,
526468,"EURO LEDER FASHION LTD.",X,STK,17.5,17.5,17,17.5,17.5,17.2,5,241,4172,
526471,"WINSOME BREWERIES LTD.",X,STK,20.2,20.8,19.5,20,20.7,20.12,145,4514,90739,
526473,"ELEGANT FLORICULTURE & AGROTEC",X,STK,4.84,5.09,4.76,4.83,4.85,4.8,84,16810,81672,
526479,"SKY INDUSTRIES LTD.",X,STK,85.4,87.5,83.02,86.8,87.5,83.02,52,3180,275960,
526481,"PHOENIX INTERNATIONAL LTD.",X,STK,31.26,31.85,31,31,31,31.85,12,2406,75748,
526490,"PRATIK PANELS LTD.",X,STK,7.42,8.55,7.3,7.4,7.64,7.96,151,68976,517079,
526492,"Rishiroop Limited",X,STK,85.54,86.5,84,86.19,86.19,85.54,68,6243,530458,
526500,"STERLING GREEN WOODS LTD.",X,STK,20.59,20.59,20.59,20.59,20.59,21.6,2,1607,33088,
526506,"SYSTEMATIX CORPORATE SERVICES",B,STK,70,70,67.5,68.18,67.5,70,226,772,52856,
526508,"Shahi Shipping Limited",X,STK,13.74,13.84,12.8,13.52,13.58,13.47,84,11761,156501,
526519,"ALPINE HOUSING DEVELOPMENT COR",X,STK,93,93,84.1,85.89,89.8,86.03,27,900,78436,
526521,"SANGHI INDUSTRIES LTD.",B,STK,54.05,54.63,53.35,53.42,53.35,54.77,213,46139,2504834,
526525,"WORLDWIDE ALUMINIUM LIMITED",X,STK,18.69,18.69,18.69,18.69,18.69,17.8,6,422,7887,
526530,"IIRM HOLDINGS INDIA LIMITED",X,STK,89,89,79.5,81.16,84.5,80.02,84,11529,953504,
526532,"SQUARE FOUR PROJECTS INDIA LIM",X,STK,8.5,8.75,7.9,8.07,8.49,8.77,20,2872,23303,
526544,"SGL RESOURCES LIMITED",X,STK,2.3,2.45,2.14,2.19,2.24,2.24,236,636996,1431722,
526546,"CHOKSI LABORATORIES LTD.",X,STK,97.9,97.95,93.15,96,96,97.05,15,383,37001,
526550,"COUNTRY CLUB HOSPITALITY AND H",B,STK,11.71,13,11.71,12.62,12.99,12.77,71,6068,76007,
526570,"MIDWEST GOLD LTD.",T,STK,4279.5,4369.95,4010,4301.95,4200,4184.45,408,4464,18973391,
526582,"TPL PLASTECH LTD.",B,STK,65,65,61.49,62.45,62.45,62,35,1028,63844,
526586,"WIM PLAST LTD.",X,STK,353.95,353.95,349.1,352.25,352.25,351.4,199,15648,5505945,
526588,"PHOTOQUIP INDIA LTD.",X,STK,14.75,14.75,14.75,14.75,14.75,14.75,4,397,5855,
526596,"LIBERTY SHOES LTD.",B,STK,223.55,243.95,223.55,239.95,240,225.25,123,3121,725972,
526604,"LIPPI SYSTEMS LTD.",XT,STK,46.56,46.56,46.56,46.56,46.56,49.01,16,501,23326,
526608,"ELECTROTHERM (INDIA) LTD.",B,STK,606.65,621.35,598,611.55,609.95,613.9,74,1325,809701,
526612,"BLUE DART EXPRESS LTD.",A,STK,5386.5,5401,5252,5312.8,5266.8,5396.5,331,733,3912108,
526614,"EXPO ENGINEERING AND PROJECTS",X,STK,58.25,60.65,54.9,55.71,57,58.69,91,22339,1251660,
526616,"NATIONAL PLASTIC INDUSTRIES LT",X,STK,45.25,46.5,43.71,44.56,44.56,46.41,51,6845,311462,
526622,"MFL INDIA LTD.",X,STK,0.39,0.4,0.38,0.39,0.4,0.39,269,359913,139861,
526638,"TEXEL INDUSTRIES LTD.",X,STK,74.8,74.8,70.99,72.93,72.95,74.85,84,19864,1452868,
526640,"ROYALE MANOR HOTELS & INDUSTRI",X,STK,31.02,31.02,28.11,28.89,28.52,29.13,14,449,12954,
526642,"MIRZA INTERNATIONAL LTD.",B,STK,31.69,31.99,31.07,31.29,31.29,31.69,108,5381,168769,
526650,"TOURISM FINANCE CORPORATION OF",B,STK,65.55,65.82,63.85,64.12,64.12,66.12,519,1382665,90834278,
526654,"THAKKERS DEVELOPERS LTD.",X,STK,120,122,117.35,118.1,122,123.5,13,159,18814,
526662,"RAJDARSHAN INDUSTRIES LTD.",B,STK,43.9,44.9,43.9,44.4,44.9,39,2,2,88,
526666,"BHARTIYA INTERNATIONAL LTD.",B,STK,709,731,709,731,731,709,20,204,145264,
526668,"KAMAT HOTELS (INDIA) LTD.",B,STK,191.05,193,187.4,190.4,190.4,195.4,155,7529,1425306,
526675,"TIRTH PLASTIC LTD.",XT,STK,21.74,22.18,21.74,22.17,22.17,22.18,20,14945,324945,
526677,"DSJ KEEP LEARNING LIMITED",B,STK,1.9,1.97,1.8,1.97,1.97,2,14,3230,5965,
526703,"ECOPLAST LTD.",X,STK,438,438.75,428.65,428.65,428.65,438.75,20,1113,487601,
526705,"ELEGANT MARBLES & GRANI INDUST",X,STK,188.2,188.2,180,182.75,181,188.2,18,55,10134,
526709,"BITS LTD.",XT,STK,7.92,7.92,7.6,7.7,7.89,7.94,389,58464,455527,
526711,"ADARSH PLANT PROTECT LTD.",X,STK,32.89,33,32.31,32.31,32.31,33.05,11,1307,42921,
526717,"HCP PLASTENE BULKPACK LIMITED",X,STK,180,183.7,172.55,175.15,175.15,179.05,54,3399,599450,
526721,"NICCO PARKS & RESORTS LTD.",X,STK,64.95,67.7,64.95,66.37,66.37,67.5,79,3020,200446,
526723,"NTC INDUSTRIES LTD.",X,STK,161.95,166.7,151,158.35,151,160.75,74,6055,969748,
526725,"SANDESH LTD.",B,STK,948.05,950,938,950,950,948,61,377,357838,
526727,"GARNET CONSTRUCTION LTD.",XT,STK,93.8,95,92,93.1,94.9,93.85,71,4861,452517,
526729,"GOLDIAM INTERNATIONAL LTD.",A,STK,313.35,317.25,303.5,310.8,310.8,313.9,714,39521,12342914,
526731,"BRIGHT BROTHERS LTD.",X,STK,208.15,208.15,201,204.05,204,207.7,39,522,106150,
526739,"NARMADA GELATINES LTD.",X,STK,350,351,342.05,350.4,350.1,348.55,44,761,264503,
526747,"PG FOILS LTD.",X,STK,237,237,225.1,227.9,227.95,232.3,90,4136,945991,
526755,"VELAN HOTELS LTD.",X,STK,5.37,5.53,5.04,5.52,5.52,5.28,22,2537,12955,
526775,"VALIANT COMMUNICATIONS LTD.",XT,STK,1044.85,1069,996,1041.5,1041.5,1045.65,302,4600,4711986,
526783,"DR.AGARWALS EYE HOSPITAL LTD.",B,STK,4725,4990,4616.5,4900.7,4866,4801.3,228,1760,8595723,
526797,"GREENPLY INDUSTRIES LTD.",B,STK,201,201,196,198,199.3,202.05,358,28880,5738133,
526807,"SEAMEC LTD.",B,STK,1313.9,1344.45,1313.9,1335.25,1320.55,1318,132,568,756624,
526813,"RAGHUNATH INTERNATIONAL LTD.",X,STK,10.44,10.44,10.44,10.44,10.44,10.4,1,20,208,
526817,"CHEVIOT CO.LTD.",B,STK,989.1,996.6,984.65,993.6,992,985.1,54,250,247342,
526821,"DAI-ICHI KARKARIA LTD.",X,STK,237.4,242.8,237,237.5,237.5,243.6,56,2131,508047,
526827,"SPICE ISLANDS INDUSTRIES LIMIT",XT,STK,228.35,228.35,228.35,228.35,228.35,233,12,775,176971,
526829,"CONFIDENCE PETROLEUM INDIA LTD",B,STK,29.5,35.38,29.3,35.38,35.38,29.49,2825,566572,19526423,
526839,"SHELTER INFRA PROJECTS LTD.",X,STK,14.66,14.66,14,14.65,14.65,14.73,9,236,3437,
526841,"SHAKTI PRESS LTD.",X,STK,27.68,27.7,26.9,27.7,27.7,26.39,22,1231,33877,
526847,"ASHIRWAD STEELS & INDUSTRIES L",X,STK,24.03,24.88,22.6,23.36,23.5,24.28,44,1316,30160,
526849,"BANARAS BEADS LTD.",B,STK,113.5,117.2,112.25,112.25,112.25,112.35,9,107,12391,
526851,"AREX INDUSTRIES LTD.",X,STK,113,118.5,113,113,113,113,8,151,17778,
526853,"BILCARE LTD.",X,STK,57.3,58.43,56.3,58.17,58.43,57.3,36,10145,575765,
526859,"ISF LIMITED",X,STK,0.89,0.89,0.89,0.89,0.89,0.91,27,31011,27599,
526861,"RISHI LASER LTD.",X,STK,103.95,105,101,102.35,104,101.85,25,3074,318468,
526865,"JAINCO PROJECTS (INDIA) LTD.",X,STK,4.36,4.56,4.36,4.56,4.56,4.35,3,11,48,
526869,"KUMBHAT FINANCIAL SERVICES LTD",X,STK,20.25,20.25,20.25,20.25,20.25,20.35,3,160,3240,
526871,"INTEC CAPITAL LTD.",X,STK,9.95,10.5,9.35,10.48,10.48,9.95,17,446,4635,
526873,"RAJASTHAN SECURITIES LIMITED",X,STK,35.7,35.8,35.5,35.8,35.8,35.6,27,6237,222675,
526877,"SIDDHESWARI GARMENTS LTD.",X,STK,23.8,23.8,22.05,22.43,23.5,23.21,6,21,473,
526881,"63 Moons Technologies Limited",A,STK,593.4,604.95,586.45,594.85,594.85,595.65,415,7774,4625757,
526883,"SHIKHAR CONSULTANTS LTD.",XT,STK,16.8,16.8,16.8,16.8,16.8,17.14,1,5,84,
526885,"SARLA PERFORMANCE FIBERS LTD.",B,STK,79.72,81.17,79.5,79.75,79.99,80.49,134,3088,247593,
526887,"INDO CREDIT CAPITAL LTD.",X,STK,4.33,4.33,4.33,4.33,4.33,4.13,1,1,4,
526891,"MARKET CREATORS LTD.",X,STK,13.27,13.96,13.27,13.27,13.27,13.96,4,126,1672,
526899,"HIMALAYA FOOD INTERNATIONAL LI",X,STK,8.41,8.94,8.41,8.81,8.72,8.78,137,47656,418471,
526901,"SONAL ADHESIVES LTD.",X,STK,37.3,37.3,36,37.3,37.3,37.3,4,116,4196,
526905,"Padmanabh Industries Ltd",XT,STK,9.07,9.53,9.06,9.08,9.53,9.53,13,4080,36983,
526921,"TWENTYFIRST CENTURY MANAGEMENT",B,STK,34.26,34.26,34.26,34.26,34.26,34.95,1,1,34,
526931,"HARIYANA SHIP BREAKERS LTD.",X,STK,99,102,99,99.7,99.15,98.45,29,417,41930,
526935,"Kalind Limited",XT,STK,88.87,90.99,86.2,87.16,87.16,88.87,336,241421,21241252,
526941,"VAISHNO CEMENT CO.LTD.",P,STK,3.91,3.92,3.91,3.91,3.91,4.11,4,1800,7039,
526947,"LA OPALA RG LTD.",B,STK,191,195,190.35,193.3,192.9,194,199,2329,446804,
526951,"STYLAM INDUSTRIES LIMITED",B,STK,2213,2219.7,2210.6,2212.8,2211.05,2213.85,40,220,486979,
526953,"VENUS REMEDIES LTD.",B,STK,862.05,939.45,862.05,927.5,927.5,863.1,1360,15193,13771798,
526961,"LAST MILE ENTERPRISES LIMITED",X,STK,4.33,4.66,4.21,4.61,4.65,4.24,862,589931,2628463,
526965,"GUJARAT CRAFT INDUSTRIES LTD.",X,STK,100.95,101,96.4,98.1,99.05,96.6,45,5552,550169,
526967,"HEERA ISPAT LTD.",X,STK,6.96,6.96,6.27,6.27,6.27,6,9,154,1047,
526971,"DHOOT INDUSTRIAL FINANCE LTD.",X,STK,208.85,208.85,192.15,193.8,193.8,199.55,33,568,110677,
526981,"SHRI BAJRANG ALLIANCE LIMITED",X,STK,156.1,163.85,156.1,157.3,157.3,157.75,13,365,57635,
526987,"URJA GLOBAL LTD.",B,STK,9.01,9.33,8.8,9.13,9.12,9.04,978,251711,2293558,
527001,"ASHAPURA MINECHEM LTD.",A,STK,539.95,539.95,516,530.6,530.5,530.6,1001,39883,20969026,
527005,"SHREE PACETRONIX LTD.",X,STK,120,123.05,117.1,118,118,123.15,11,1239,148967,
530001,"GUJARAT ALKALIES & CHEMICALS L",B,STK,440,447.7,438,441.9,440.3,446.6,163,1698,751292,
530005,"INDIA CEMENTS LTD.",A,STK,363.05,370.25,358.3,365.6,365.6,367.3,379,9934,3634521,
530007,"JK TYRE & INDUSTRIES LTD.",A,STK,431.35,433.65,421.15,430.85,430.85,434.9,3479,134149,57450782,
530017,"STANDARD INDUSTRIES LTD.",B,STK,14.24,14.24,13.56,14.05,14.05,13.88,58,4548,62802,
530019,"JUBILANT PHARMOVA LIMITED",A,STK,809.75,834.85,788.55,830.55,834.85,808.9,844,11493,9365597,
530023,"THE INVESTMENT TRUST OF INDIA",B,STK,97.66,100.75,97.19,99.75,99.75,98.97,31,239,23330,
530025,"SAMYAK INTERNATIONAL LTD.",X,STK,16.68,16.68,13.54,13.6,13.57,13.94,41,6199,85810,
530027,"AADI INDUSTRIES LTD.",XT,STK,8.6,8.6,8.29,8.4,8.5,8.72,40,7618,64171,
530037,"SPARKLE GOLD ROCK LIMITED",X,STK,69.97,74.85,69.97,73.32,73.34,71.77,20,1593,112509,
530043,"ACKNIT INDUSTRIES LTD.",X,STK,269.65,269.65,268.75,269.05,269.5,246.6,14,525,141390,
530045,"TITAN SECURITIES LTD.",X,STK,38.51,41,38.51,39.53,39.53,39.51,138,11068,443564,
530053,"REAL ECO-ENERGY LIMITED",X,STK,4.72,5.22,4.02,4.85,4.85,4.57,255,1819793,8491852,
530057,"Vivanza Biosciences Limited",X,STK,2,2,1.98,1.98,1.98,1.99,20,7493,14970,
530063,"YASHRAJ CONTAINEURS LTD.",XT,STK,4.7,4.7,4.65,4.65,4.65,4.7,19,1131,5272,
530065,"LORDS ISHWAR HOTELS LIMITED",X,STK,15.25,16.77,15.25,16.69,16.69,15.25,13,513,8438,
530067,"CSL Finance Limited",B,STK,253,254,245,246.2,245,255.4,82,292,72795,
530073,"SANGHVI MOVERS LTD.",B,STK,233.3,251.4,232.25,242.35,240.4,239.6,627,15793,3829518,
530075,"Antelopus Selan Energy Limited",B,STK,581.05,594,564.55,578.7,578.7,568.45,519,13882,8083827,
530077,"PURETROP FRUITS LIMITED",X,STK,175.9,176,173.05,175.45,175.05,174.9,78,16401,2866630,
530079,"FAZE THREE LTD.",T,STK,448.3,448.3,441.75,448.3,448.3,455.8,6,634,284008,
530109,"ANUPAM FINSERV LIMITED",X,STK,2.1,2.11,2.03,2.06,2.08,2.1,175,81354,169098,
530111,"RAJ PACKAGING INDUSTRIES LTD.",X,STK,29.99,29.99,29.89,29.89,29.89,28.5,5,130,3895,
530117,"PRIVI SPECIALITY CHEMICALS LIM",A,STK,2850.05,2891.35,2825.2,2867.35,2870.9,2903.3,710,4597,13189466,
530119,"NATRAJ PROTEINS LTD.",X,STK,30.7,31.89,29.26,29.27,30.55,30.05,15,487,14499,
530125,"SAMRAT PHARMACHEM LTD.",X,STK,216.2,220,200,206.95,209.95,227.75,217,8367,1743418,
530127,"NPR FINANCE LTD.",X,STK,22.5,22.96,22.5,22.96,22.96,22.06,5,52,1183,
530129,"NILE LTD.",X,STK,1588,1609.8,1555,1573.05,1579.75,1596.45,160,1685,2672166,
530133,"AMCO INDIA LTD.",X,STK,67.86,67.86,66.89,66.89,66.9,67.86,8,233,15627,
530135,"OPTIEMUS INFRACOM LTD",B,STK,340,375.15,336.15,356.65,356.65,347.35,1157,30108,10702958,
530139,"KREON FINNANCIAL SERVICES LTD.",X,STK,35.99,35.99,29.55,33.25,33.32,31.5,15,206,6518,
530141,"GYAN DEVELOPERS & BUILDERS LTD",X,STK,33.2,33.2,32,32.01,32.01,35.44,6,559,17896,
530145,"KISAN MOULDINGS LTD.",X,STK,26.38,26.38,25.1,25.51,25.51,26.01,294,289143,7495926,
530163,"KERALA AYURVEDA LTD.",X,STK,195.4,196,180,188.25,189.4,195.4,414,48960,9118659,
530167,"MOONGIPA CAPITAL FINANCE LTD.",X,STK,15.01,15.2,14.3,14.75,15,15,32,4422,64682,
530169,"MOHIT PAPER MILLS LTD.",X,STK,28.6,28.6,28.01,28.39,28.39,28.89,6,1095,31086,
530171,"DAULAT SECURITIES LTD.",X,STK,27.9,30,26.6,27.54,27.45,28.41,43,4049,115049,
530175,"ODYSSEY TECHNOLOGIES LTD.",X,STK,50,51.89,47.5,49.99,50,50,27,1029,51324,
530177,"VK Global Industries Limited",X,STK,24.08,24.08,24.08,24.08,24.08,22.94,2,3,72,
530179,"RSC INTERNATIONAL LTD.",X,STK,27,27,25,27,27,25.72,30,69070,1862220,
530185,"Surat Trade and Mercantile Lim",X,STK,4.28,4.28,4.16,4.17,4.18,4.3,254,109015,456761,
530187,"ATHARV ENTERPRISES LTD.",X,STK,3.65,3.81,3.65,3.8,3.8,3.8,10,5649,21403,
530197,"FUNDVISER CAPITAL (INDIA) LIMI",XT,STK,329,329,315,315,315,313.5,30,495,158736,
530199,"THEMIS MEDICARE LTD.",B,STK,81.5,83.8,80.49,82.83,82.8,81.5,68,6224,516402,
530201,"KALLAM TEXTILES LTD",X,STK,2.8,2.92,2.69,2.82,2.86,2.8,84,47872,135476,
530207,"BRAWN BIOTECH LTD.",X,STK,20.2,20.2,19.25,20.2,20.2,19.25,4,231,4640,
530213,"FORTUNE INTERNATIONAL LTD.",X,STK,65.99,66.02,64.94,64.94,64.94,65.99,11,2319,152562,
530215,"KINGS INFRA VENTURES LIMITED",X,STK,119.9,123.4,116.1,116.75,116.75,119.9,152,10873,1274038,
530217,"SWOJAS FOODS LIMITED",X,STK,11.15,11.32,10.39,10.39,10.39,10.93,42,20216,213275,
530231,"SUBHASH SILK MILLS LTD.",X,STK,40.5,40.5,40.5,40.5,40.5,40,1,100,4050,
530233,"AURO LABORATORIES LTD.",XT,STK,279.95,292.4,268,283.85,287,279.95,110,3694,1018535,
530235,"KJMC FINANCIAL SERVICES LTD.",X,STK,47.5,47.59,42.57,46.99,47,45.26,39,2032,93932,
530239,"SUVEN LIFE SCIENCES LTD.",B,STK,141.15,141.8,136.5,136.6,136.6,141.2,268,8088,1116475,
530245,"ARYAMAN FINANCIAL SERVICES LTD",X,STK,605,610,590,600.8,604.95,609.8,25,176,104815,
530249,"BRIDGE SECURITIES LTD.",X,STK,11.95,12.2,11.61,11.97,12.2,11.9,107,185231,2196237,
530251,"RISA INTERNATIONAL LTD.",X,STK,0.36,0.39,0.36,0.38,0.38,0.37,224,270168,101171,
530253,"RAJASTHAN TUBE MANUFACTURING C",X,STK,17.62,17.66,16.1,17.12,17.12,16.94,241,158643,2648214,
530255,"KAY POWER AND PAPER LTD.",X,STK,8.5,8.5,8.2,8.45,8.5,8.48,65,93349,786990,
530259,"INTER STATE OIL CARRIER LTD.",X,STK,31.88,34.19,31.87,31.99,31.87,33.45,30,933,30149,
530263,"GLOBAL CAPITAL MARKETS LTD.",X,STK,0.53,0.53,0.49,0.53,0.53,0.52,102,292926,151054,
530267,"ARIGATO UNIVERSE LIMITED",X,STK,50.42,50.42,45.62,50.41,50.42,48.02,20,2071,104394,
530271,"RICH UNIVERSE NETWORK LTD.",X,STK,6.1,6.1,6.1,6.1,6.1,6.36,1,1,6,
530281,"QUANTUM DIGITAL VISION (INDIA)",X,STK,23.97,23.97,22.83,22.83,22.83,22.83,6,131,2996,
530289,"SP CAPITAL FINANCING LTD.",X,STK,57.82,57.82,57.82,57.82,57.82,57.22,5,302,17461,
530295,"SHRI RAJIVLOCHAN OIL EXTRACTIO",X,STK,27.96,27.96,27.96,27.96,27.96,29.43,1,1,27,
530299,"KOTHARI PRODUCTS LTD.",B,STK,64.8,64.8,63.11,63.17,63.17,63.39,11,254,16165,
530305,"PICCADILY AGRO INDUSTRIES LTD.",B,STK,533,556.4,532.15,543,538,542.15,567,12837,6953752,
530307,"CHAMAN LAL SETIA EXPORTS LTD.",B,STK,243.8,251,243.5,249.1,249.25,248.55,159,1085,268456,
530309,"CHANDRA PRABHU INTERNATIONAL L",X,STK,12.4,12.65,11.6,12.39,12.39,12.45,51,20044,248395,
530313,"KIMIA BIOSCIENCES LIMITED",X,STK,30.61,30.84,29.7,30,30.04,30.01,20,606,18182,
530315,"HINDUSTAN TIN WORKS LTD.",X,STK,100.65,104.8,99.1,100.9,100.9,100.65,77,11760,1191058,
530317,"GODAVARI DRUGS LTD.",X,STK,81.77,84.75,81.77,83.97,83,81.77,13,1035,86684,
530331,"PREMCO GLOBAL LTD.",X,STK,432.1,435,421.25,425.3,425.3,430.25,51,2749,1171953,
530341,"MUKESH BABU FINANCIAL SERVICES",X,STK,126.7,128,115.05,115.05,115.05,113.65,17,557,69466,
530343,"GENUS POWER INFRASTRUCTURES LT",A,STK,253,258.9,246.5,256.05,255,253,267,13127,3354819,
530355,"ASIAN ENERGY SERVICES LTD",B,STK,281.65,285,275.95,278.5,275.95,281.15,395,4650,1305798,
530357,"KBS INDIA LIMITED",XT,STK,1.15,1.16,1.07,1.09,1.12,1.12,167,117952,129078,
530361,"PRABHHANS INDUSTRIES LIMITED",X,STK,40.5,40.5,35.41,36.05,36.05,38.6,34,1456,52937,
530363,"UGAR SUGAR WORKS LTD.",B,STK,37.85,38.04,36.95,37.65,37.7,37.44,106,7801,293540,
530365,"ORIENT BELL LIMITED",B,STK,263.65,285,260,280.5,283.6,257.25,285,1900,520797,
530367,"NRB BEARINGS LTD.",B,STK,266.5,267.7,259.45,265.3,265,266.45,219,5803,1521699,
530369,"VAMSHI RUBBER LTD.",X,STK,54,54,41.92,42.1,43.49,46.98,27,2153,101991,
530377,"NILA INFRASTRUCTURES LTD.",B,STK,7.3,7.45,7.2,7.26,7.38,7.35,79,20816,152668,
530393,"DB (INTERNATIONAL) STOCK BROKE",B,STK,25.26,25.67,25,25,25,25.03,31,12746,324709,
530401,"VINYOFLEX LTD.",X,STK,43.6,43.6,42.2,42.37,42.37,42.6,23,1168,49959,
530405,"JINDAL CAPITAL LTD.",X,STK,31,31.99,30.9,31.92,31.15,31.6,17,379,11995,
530407,"EPIC ENERGY LTD.",X,STK,30,30,28.51,29.18,29.06,30.05,97,9102,269955,
530419,"SUMEDHA FISCAL SERVICES LTD.",X,STK,36.44,37,34.53,36.39,35.1,35.52,43,5269,190652,
530421,"KUWER INDUSTRIES LTD.",X,STK,9.25,9.75,9.2,9.35,9.69,8.36,44,11664,109539,
530427,"CHOKSI ASIA LIMITED",X,STK,146.2,153.85,145.25,145.45,151.7,147.7,20,933,136417,
530429,"ASHISH POLYPLAST LTD.",X,STK,31.79,31.79,27.2,28.32,30.6,28.44,24,376,11501,
530433,"SHIVA GLOBAL AGRO INDUSTRIES L",X,STK,37.76,39.83,36.12,38.83,38.81,37.02,83,13948,541186,
530439,"SIDDHA VENTURES LTD.",X,STK,3.27,4.07,3.27,3.85,3.85,4.08,23,6262,22395,
530443,"KIRAN SYNTEX LTD.",XT,STK,13.54,14.96,13.54,14.31,13.75,14.25,10,594,8086,
530445,"SUMERU INDUSTRIES LTD.",X,STK,1.69,1.69,1.54,1.54,1.54,1.51,39,9770,15764,
530449,"RUNGTA IRRIGATION LTD.",X,STK,52.9,52.9,50.66,52.72,52.38,52.9,16,501,26399,
530457,"GTT DATA SOLUTIONS LIMITED",X,STK,52.75,52.75,47.55,50.52,51,52.77,348,100867,5029370,
530459,"VALSON INDUSTRIES LTD.",X,STK,26.5,26.8,25.5,25.82,25.53,25.89,17,490,12654,
530461,"SABOO SODIUM CHLORO LTD.",X,STK,12.79,13.18,12.36,12.64,12.64,12.72,57,10399,130169,
530469,"GSL SECURITIES LTD.",XT,STK,43.23,43.23,43.23,43.23,43.23,45.5,2,252,10893,
530475,"TINNA RUBBER AND INFRASTRUCTUR",B,STK,674.35,684.05,651.75,668.1,673.6,674.35,315,2955,1974798,
530477,"VIKRAM THERMO (INDIA) LTD.",X,STK,147,149.3,145,147.4,147,148.45,49,1438,210837,
530495,"STRATMONT INDUSTRIES LIMITED",XT,STK,70.37,74.75,68.22,71.02,71.95,71.81,24,622,43394,
530499,"A.K.CAPITAL SERVICES LTD.",X,STK,1551.25,1551.25,1522,1527.05,1527.05,1551.25,23,259,395543,
530517,"RELAXO FOOTWEARS LTD.",A,STK,301.05,307.4,298.6,302.95,303.35,304.6,428,5914,1787384,
530521,"VIRAT INDUSTRIES LTD.",X,STK,317.9,317.9,300,308.55,309,304.7,53,1489,458712,
530525,"RAJNISH RETAIL LIMITED",X,STK,3.38,3.54,3.28,3.3,3.3,3.43,277,687465,2300399,
530533,"TERAI TEA CO.LTD.",X,STK,96.2,99.9,95,95.7,95.7,102.8,10,110,10478,
530545,"COSCO (INDIA) LTD.",X,STK,183.6,191.1,181.4,183.35,183.35,179.75,26,14958,2724266,
530547,"KEN FINANCIAL SERVICES LTD.",X,STK,9.79,9.79,9.79,9.79,9.79,10.3,1,1,9,
530549,"SHILPA MEDICARE LTD.",A,STK,337.55,341.7,330.1,333.15,337.6,337.55,665,15032,5029984,
530555,"PARAMOUNT COMMUNICATIONS LTD.",B,STK,32.03,33.9,31.85,33.21,33.15,32.62,653,401892,13371897,
530557,"NCL RESEARCH & FINANCIAL SERVI",X,STK,0.43,0.43,0.41,0.42,0.42,0.43,718,1609609,676945,
530571,"EXPLICIT FINANCE LTD.",X,STK,8.9,8.9,8.48,8.9,8.9,8.48,6,130,1152,
530577,"LADDERUP FINANCE LTD.",X,STK,51,53.8,50.01,53.8,53.8,54.47,7,503,25176,
530579,"U. Y. FINCORP LIMITED",B,STK,13.25,13.65,13.25,13.48,13.48,13.37,36,2459,32957,
530581,"EKAM LEASING & FINANCE CO.LTD.",X,STK,6.23,6.23,6.2,6.2,6.2,5.94,4,45,279,
530585,"SWASTIKA INVESTMART LTD.",X,STK,53.4,54.4,51.5,52.61,52.2,51.64,86,6807,360419,
530589,"PRIMA PLASTICS LTD.",X,STK,107.65,112.85,107.65,108.85,108.2,111,36,5373,589234,
530595,"TELECANOR GLOBAL LTD.",XT,STK,40.2,42.19,39.2,41.97,41.95,41.24,117,41417,1703271,
530601,"JAGSONPAL SERVICES LIMITED",X,STK,57.89,59,56.4,56.4,56.4,54.89,8,131,7481,
530615,"GARG FURNACE LTD.",X,STK,145,145,141.35,141.35,141.35,145.55,7,101,14641,
530617,"SAMPRE NUTRITIONS LTD.",X,STK,22.14,22.17,20.9,22.15,22.16,21.12,854,238521,5178918,
530621,"Akar Auto Industries Limited",X,STK,101.1,101.1,95.5,100.35,99.9,101.24,56,3913,380998,
530627,"Vipul Organics Limited",X,STK,185.35,185.35,177.2,179.7,177.2,185.4,18,3346,602433,
530643,"ECO RECYCLING LTD.",B,STK,322.4,329,318.05,324.9,324.9,326.4,722,21861,7116565,
530655,"Goodluck India Limited",B,STK,1037.05,1060.15,1020.65,1056.35,1055,1036.75,258,3110,3249378,
530663,"GOYAL ASSOCIATES LTD.",X,STK,0.88,0.88,0.82,0.88,0.88,0.88,27,4616,4024,
530665,"ZENITH HEALTH CARE LTD.",X,STK,2.82,2.82,2.68,2.82,2.82,2.82,83,13854,38260,
530675,"YORK EXPORTS LTD.",X,STK,58.75,61.68,55.82,55.82,55.82,58.75,13,350,19559,
530677,"SUPREME HOLDINGS & HOSPITALITY",B,STK,55.43,55.43,47.44,51.1,51.1,55.43,230,9563,480745,
530689,"LYKIS LIMITED",X,STK,51.16,53.29,49,49.25,50.5,53.22,360,121895,6063232,
530695,"PRIME PROPERTY DEVELOPMENT COR",X,STK,26.6,26.6,19.11,21.33,21.33,22.4,158,14114,306759,
530697,"Zenlabs Ethica Limited",X,STK,19.9,22.55,19.9,20.95,21.5,20.4,17,36805,786642,
530699,"RAJ RAYON INDUSTRIES LIMITED",T,STK,22.69,22.69,22.34,22.34,22.34,22.79,4,17,380,
530705,"ANIRIT VENTURES LIMITED",XT,STK,39.54,39.54,39.3,39.3,39.3,39.54,2,7,275,
530709,"GOWRA LEASING & FINANCE LTD.",X,STK,90,90,87.5,87.93,88,80.01,13,804,70761,
530711,"JAGAN LAMPS LTD.",X,STK,56.75,56.75,53.23,56.48,56.5,56.68,30,1388,77955,
530723,"ASIT C.MEHTA FINANCIAL SERVICE",X,STK,115.3,115.3,101,114.55,115.3,113,56,2190,234781,
530733,"ENCODE PACKAGING INDIA LIMITED",X,STK,13.25,13.25,13.03,13.03,13.03,13.71,3,21,275,
530735,"SUPER BAKERS (INDIA) LTD.",X,STK,31.5,31.5,31.5,31.5,31.5,31.5,2,2,63,
530741,"OVOBEL FOODS LTD.",X,STK,139.7,143.4,130.3,134.55,139.9,139.7,63,5597,777432,
530745,"ACS TECHNOLOGIES LIMITED",X,STK,37.9,37.9,37.08,37.08,37.08,37.83,123,36587,1359942,
530755,"CORAL NEWSPRINTS LTD.",X,STK,9.1,9.1,9.1,9.1,9.1,9.05,1,1,9,
530759,"STERLING TOOLS LTD.",B,STK,190.1,197.6,188.15,192.8,190,194.85,189,2025,390065,
530765,"AGARWAL FORTUNE INDIA LIMITED",X,STK,18.25,18.25,18.25,18.25,18.25,19,1,1,18,
530779,"DYNAMIC PORTFOLIO MANAGEMENT &",X,STK,23.7,26.15,23.7,23.7,23.7,24.94,9,5650,134029,
530787,"INLAND PRINTERS LTD.",X,STK,47.6,47.6,47.6,47.6,47.6,45.34,4,20,952,
530789,"CEEJAY FINANCE LTD.",X,STK,175.25,175.25,169,169,169,167,4,4,684,
530795,"SUNCITY SYNTHETICS LTD.",XT,STK,9.93,9.93,9.93,9.93,9.93,10.45,1,1,9,
530797,"SHREE GANESH ELASTOPLAST LTD.",X,STK,15.29,15.29,15.29,15.29,15.29,16.09,2,2,30,
530799,"ANNA INFRASTRUCTURES LTD.",X,STK,28.42,28.42,25.73,25.79,28.4,27.07,8,70,1820,
530803,"Bhageria Industries Limited",B,STK,150,151.45,148.4,151.05,151.1,152.65,47,1390,208109,
530805,"ONESOURCE INDUSTRIES AND VENTU",X,STK,7.18,7.18,6.66,6.67,6.82,6.98,179,90315,619762,
530809,"BNR UDYOG LTD.",X,STK,45.43,45.43,36,38.94,38.94,37.89,28,922,34149,
530813,"KRBL LTD.",A,STK,309.4,322.8,303.75,318.65,318.55,311.5,779,23301,7322039,
530821,"SSPDL LTD.",XT,STK,15.09,16.15,15.09,15.09,15.09,15.88,60,15945,241148,
530825,"DAIKAFFIL CHEMICALS INDIA LTD.",X,STK,39.26,39.26,36.51,36.91,37.99,38.01,36,11120,420997,
530829,"CIL SECURITIES LTD.",X,STK,35.05,35.15,35.05,35.15,35.15,35.57,3,1101,38590,
530839,"CLIO INFOTECH LTD.",X,STK,7.44,7.44,6.74,6.74,6.74,7.09,41,57518,413977,
530843,"CUPID LTD.",B,STK,86,86.5,80.35,80.8,80.8,87,10342,3652214,298738752,
530845,"SUNSHIELD CHEMICALS LTD.",X,STK,784.95,789.95,772.1,774.2,774.2,792.6,115,6120,4769617,
530853,"HIPOLIN LTD.",X,STK,53.48,53.48,53.48,53.48,53.48,50.95,1,1,53,
530855,"GDL LEASING & FINANCE LTD.",XT,STK,89.65,89.65,89.65,89.65,89.65,91.45,7,683,61230,
530871,"Chembond Material Technologies",B,STK,138.7,138.7,138.05,138.6,138.6,146,10,48,6644,
530879,"CAPITAL INDIA FINANCE LIMITED",B,STK,28.13,28.29,27.84,28.04,27.91,28.26,41,8528,238547,
530881,"Arunjyoti Bio Ventures Limited",X,STK,7.22,7.22,6.36,7.14,7.16,7.06,253,343221,2334832,
530883,"SUPER CROP SAFE LTD.",X,STK,7.9,7.9,7.25,7.7,7.7,7.8,78,47351,360829,
530897,"N.G.INDUSTRIES LTD.",X,STK,135.25,138.95,128.15,128.95,128.15,142.85,40,2020,264768,
530899,"ASIA PACK LTD.",X,STK,36.72,38.67,36.72,38.67,38.67,36.83,6,2809,108612,
530907,"SI CAPITAL & FINANCIAL SERVICE",X,STK,38,38,38,38,38,38,1,1,38,
530909,"ERP SOFT SYSTEMS LTD.",X,STK,47.57,47.57,45.2,45.2,45.2,47.57,7,412,18648,
530917,"R.R.SECURITIES LTD.",P,STK,23.25,23.25,23.23,23.23,23.23,24.45,5,1200,27886,
530919,"REMSONS INDUSTRIES LTD.",B,STK,106.15,107.15,105.4,105.5,105.5,107.25,274,9282,988571,
530925,"RAMSONS PROJECTS LTD.",XT,STK,112,112,102.15,109.4,109.4,107.5,22,477,50984,
530931,"STANPACKS (INDIA) LTD.",X,STK,10.9,10.9,10.5,10.5,10.5,10.73,4,1504,16392,
530943,"Aqylon Nexus Limited",B,STK,88.35,88.35,88.35,88.35,88.35,93,137,4780,422313,
530951,"RAMINFO LIMITED",X,STK,54.51,55.7,52.5,54.75,54.75,54.38,19,1999,108834,
530953,"SUNIL AGRO FOODS LTD.",X,STK,91,93.94,91,93.94,93.94,94.37,2,16,1479,
530959,"DIANA TEA CO.LTD.",X,STK,24.22,24.8,24.21,24.49,24.27,24.65,12,920,22746,
530961,"Vikas EcoTech Limited",B,STK,1.29,1.33,1.26,1.3,1.3,1.31,4545,432874,561612,
530965,"INDIAN OIL CORPORATION LTD.",A,STK,157.75,162.25,154.1,160.15,160.15,160.7,11394,1102588,174879454,
530973,"ALFA ICA (INDIA) LTD.",X,STK,81.51,85.79,81.51,85.79,85.79,85.8,7,527,42985,
530977,"Shri Keshav Cements and Infra",X,STK,151,151,141,143.4,143,144.55,14,559,80177,
530979,"INDIA HOME LOAN LTD.",X,STK,32.2,35.5,31,31.96,31.8,34.42,59,4777,153416,
530991,"ROOPA INDUSTRIES LTD.",X,STK,45.74,46.5,44.99,46.07,45.15,43.4,17,1274,57545,
530993,"SARTHAK GLOBAL LTD.",X,STK,42.36,44.04,42.36,44.04,44.04,41.95,6,181,7800,
530997,"UNIQUE ORGANICS LTD.",X,STK,84.39,86.25,80.2,81.01,82.95,84.39,19,1286,104653,
530999,"BALAJI AMINES LTD.",B,STK,1042.65,1047.9,1002.6,1033.35,1047.55,1042.7,387,4343,4432526,
531003,"SWARNA SECURITIES LTD.",X,STK,85,85,85,85,85,85,1,1,85,
531015,"VENMAX DRUGS AND PHARMACEUTICA",X,STK,26.45,26.45,25.48,25.48,25.48,24.49,6,40,1036,
531017,"ARIHANTS SECURITIES LTD.",X,STK,19.9,19.9,17.35,17.5,18.37,18.65,37,1485,27033,
531025,"VISAGAR FINANCIAL SERVICES LTD",X,STK,0.34,0.34,0.33,0.34,0.34,0.34,249,540925,182260,
531027,"LIBORD SECURITIES LTD.",X,STK,17,17,16.31,16.31,16.31,17,2,800,13255,
531033,"REGAL ENTERTAINMENT & CONSULTA",X,STK,30.6,30.69,27.8,30.69,30.69,29.23,55,5217,157432,
531035,"ERAAYA LIFESPACES LIMITED",T,STK,21.68,22.76,20.6,22.43,22.43,21.68,673,277337,5838470,
531039,"Swadha Nature Limited",XT,STK,9.65,10.6,9.61,10.6,10.6,10.11,4,1050,11043,
531041,"COMPETENT AUTOMOBILES CO.LTD.",X,STK,384.5,384.5,361.05,361.55,361.05,366.2,7,23,8407,
531043,"DHANVANTRI JEEVAN REKHA LTD.",X,STK,22.52,22.52,22.52,22.52,22.52,22.52,1,2,45,
531067,"CONTIL INDIA LTD.",X,STK,25.25,26.7,25.13,26.14,26.4,26.22,67,13105,342060,
531069,"VIJAY SOLVEX LTD.",X,STK,500,500,480.35,490.35,481.3,494.95,124,963,470247,
531080,"SHRI KRISHNA DEVCON LTD.",X,STK,37.39,37.39,33.4,33.78,36.4,34.28,17,1080,39619,
531082,ALANKIT,B,STK,7.98,7.98,7.58,7.88,7.9,7.82,76,18971,147080,
531091,"UNITED CREDIT LTD.",X,STK,22.84,23.98,20.5,21.4,21.3,21.84,62,1721,36979,
531092,"OM INFRA LIMITED",B,STK,85.5,88.7,84.72,87.98,87.72,86.38,178,5388,469375,
531099,"Checkpoint Trends Limited",X,STK,43.74,46.04,43.74,45.18,45.4,46.04,97,33243,1457949,
531109,"Ishan Dyes and Chemicals Limit",B,STK,57.99,57.99,54,56.18,56.18,60,14,631,35589,
531111,"GOTHI PLASCON (INDIA) LTD.",P,STK,35.12,35.12,35.12,35.12,35.12,36.6,1,500,17560,
531112,"BALU FORGE INDUSTRIES LIMITED",A,STK,460.05,474.3,450.35,466.4,455,461.25,1031,35750,16512468,
531119,"CEENIK EXPORTS (INDIA) LTD.",X,STK,254,282.8,248.7,282.8,282.8,235.7,151,6589,1803640,
531120,"PATEL ENGINEERING LTD.",A,STK,25.1,25.69,24.3,25.12,25.19,25.26,1381,281745,7033334,
531126,"KATI PATANG LIFESTYLE LIMITED",X,STK,24.37,24.37,22.9,23.67,23.67,23.89,45,31234,734188,
531129,"INANI MARBLES & INDUSTRIES LTD",X,STK,10.5,10.5,9.33,9.57,9.57,10.09,59,37277,355451,
531137,"GEMSTONE INVESTMENTS LTD.",X,STK,1.61,1.61,1.52,1.57,1.57,1.55,107,414560,634993,
531144,"EL FORGE LTD.",X,STK,14.34,14.75,14.27,14.4,14.51,14.34,65,15649,226707,
531146,"MEDICAMEN BIOTECH LTD.",B,STK,280.05,283,271,278.05,273.3,282.8,123,1870,522322,
531147,"ALICON CASTALLOY LIMITED",B,STK,695,710.7,685.7,692.95,692.95,701.6,70,310,216152,
531153,"DILIGENT INDUSTRIES LTD.",X,STK,2.28,2.28,2.22,2.23,2.23,2.29,160,56352,126366,
531155,"EPSOM PROPERTIES LTD.",X,STK,5.89,5.89,5.89,5.89,5.89,6.2,2,2,11,
531156,"ALFAVISION OVERSEAS (INDIA) LT",X,STK,8,8,8,8,8,7.28,19,21318,170544,
531158,"CATVISION  LIMITED",X,STK,17.5,18.49,17.5,17.9,17.9,18.26,37,3217,57409,
531161,"ABM KNOWLEDGEWARE LTD.",X,STK,212.45,215.1,212.45,215,215,212.45,11,640,137537,
531162,"EMAMI LTD.",A,STK,430.45,433.9,425.8,428.05,429.5,433,1039,27828,11971076,
531163,"KEMISTAR CORPORATION LIMITED",X,STK,67.35,72.08,67.35,72.08,72.08,71.89,7,30060,2024549,
531169,"SKP SECURITIES LTD.",X,STK,90,90.45,90,90.15,90.15,88.05,4,23,2075,
531173,"SYSCHEM (INDIA) LTD.",X,STK,45.27,46.5,45.27,46.06,46.06,46.39,72,8467,389847,
531176,"MEFCOM CAPITAL MARKETS LTD.",X,STK,11.2,11.34,10.56,11.28,11.28,11.2,44,20245,227285,
531178,"HEMANG RESOURCES LIMITED",X,STK,12.95,12.95,11.35,11.79,12.25,12.99,37,5515,65606,
531179,"ARMAN FINANCIAL SERVICES LTD.",B,STK,1340,1407.45,1318.75,1381.65,1382.35,1358.75,402,3324,4522417,
531190,"EFORU ENTERTAINMENT LIMITED",X,STK,100,100,96.02,96.5,96.5,97.5,67,550,53137,
531199,"GLANCE FINANCE LTD.",X,STK,185,194,185,194,194,196,3,19,3524,
531201,"SHILCHAR TECHNOLOGIES LTD.",B,STK,3839.9,3893.9,3749.85,3834,3834,3862.5,568,2041,7812411,
531203,"TRADEWELL HOLDINGS LIMITED",X,STK,82.18,82.18,81.9,81.9,81.9,78.27,2,2,164,
531205,"SPRIGHT AGRO LIMITED",XT,STK,0.52,0.52,0.5,0.5,0.5,0.52,2278,8963478,4527931,
531209,"NUCLEUS SOFTWARE EXPORTS LTD.",B,STK,761,765,745,755.5,752.6,770.4,102,639,484381,
531210,"COLINZ LABORATORIES LTD.",XT,STK,41.4,45.59,41.4,43.25,43.25,43.47,21,473,20512,
531212,"NALIN LEASE FINANCE LTD.",X,STK,47,47,44.55,46,46,44.86,9,420,18953,
531213,"Manappuram Finance Ltd",A,STK,252.05,259.35,251.35,255.35,255.35,258.1,5269,253638,64930988,
531215,"RTS POWER CORPORATION LTD.",X,STK,101,105.85,101,102.3,102.3,104.7,52,2271,234540,
531216,"COMFORT INTECH LTD.",X,STK,6.6,6.82,6.39,6.51,6.57,6.67,413,97332,636549,
531219,"Shyama Computronics and Servic",P,STK,3.15,3.15,3.15,3.15,3.15,3.21,5,1300,4095,
531223,"ANJANI SYNTHETICS LTD.",X,STK,23.4,24.89,23,23.55,24.23,23.43,110,26920,632455,
531225,"XTGLOBAL INFOTECH LIMITED",B,STK,34.26,35,33.5,33.96,34.3,33.98,116,8186,281500,
531227,"DECO-MICA LTD.",X,STK,57.32,57.75,57.32,57.72,57.32,60.33,4,61,3518,
531228,"RANDER CORPORATION LTD.",X,STK,10.15,10.15,10.05,10.05,10.05,10.2,4,725,7287,
531233,"RASI ELECTRODES LTD.",X,STK,12.49,12.49,12.05,12.41,12.42,12.49,49,8511,105514,
531234,"SCOOBEE DAY GARMENTS (INDIA) L",X,STK,71,73.5,68.51,69.54,69.5,73,19,1150,79441,
531237,"DHRUVA CAPITAL SERVICES LTD.",XT,STK,224,228,212.9,225.95,225.95,224,28,1967,431922,
531241,"LINC LIMITED",B,STK,101.95,102.7,99.4,101.55,101.5,102,171,7547,764343,
531253,"INDIA GELATINE & CHEMICALS LTD",X,STK,322,328,318.55,328,328,323.8,19,392,128383,
531254,"Optimus Finance Limited",X,STK,12.6,13.4,12.5,13.32,13.2,12.94,126,109351,1440797,
531255,"PARAGON FINANCE LTD.",X,STK,50.79,50.79,50,50,50,50.99,6,96,4843,
531257,"PRATIKSHA CHEMICALS LTD.",X,STK,16.49,17.2,15.58,16.62,16.7,16.24,77,40119,651044,
531259,"ESHA MEDIA RESEARCH LIMITED",X,STK,24.99,24.99,24.99,24.99,24.99,24.95,3,50,1249,
531260,"Refex Renewables & Infrastruct",X,STK,245.4,256,245,245.6,245,250.4,23,1126,280852,
531262,"EQUILATERAL ENTERPRISES LIMITE",X,STK,22,22,21.94,21.94,21.94,21,3,27,592,
531266,"V.S.T.TILLERS TRACTORS LTD.",B,STK,5151,5344.25,5089.5,5247.5,5247.5,5235,445,1500,7859567,
531268,"B2B SOFTWARE TECHNOLOGIES LTD.",XT,STK,45.35,47.5,44.1,45.88,45.88,45.35,215,10884,493240,
531273,"RADHE DEVELOPERS (INDIA) LTD.",X,STK,1.54,1.54,1.35,1.46,1.47,1.51,184,202059,294932,
531274,"KINETIC TRUST LTD.",XT,STK,37.17,40,37.17,40,40,39.12,4,130,4846,
531278,"Elixir Capital Limited",X,STK,92,97,92,95.85,93,95.95,25,240,23002,
531279,"Trishakti Industries Limited",X,STK,131,132.25,130,130.45,130.45,130.95,43,1635,213574,
531280,"PANKAJ POLYMERS LTD.",XT,STK,60.52,63.45,60.52,60.75,60.75,60.52,6,48,2968,
531281,"MARBLE CITY INDIA LIMITED",X,STK,93,99.9,89.95,96.9,97.6,94.3,55,2488,226615,
531286,"ADHATA GLOBAL LIMITED",X,STK,24.38,24.38,24.38,24.38,24.38,24.5,1,1,24,
531287,"NATIONAL PLASTIC TECHNOLOGIES",X,STK,253.9,267.3,246,254,254,259.05,40,1692,425396,
531289,"NATIONAL FITTINGS LIMITED",X,STK,160,163.9,156.15,156.35,156.15,158.2,10,258,40350,
531297,"ARTEFACT PROJECTS LTD.",X,STK,63.9,63.9,61,61.51,62,61.73,29,4590,282396,
531301,"TUSALDAH LIMITED",X,STK,140,140,133.3,133.3,133.3,140.3,2,5,693,
531306,"DHP INDIA LTD.",X,STK,485,497.85,482.8,483.65,483.55,485.3,21,283,137617,
531307,"RRIL LIMITED",X,STK,17.32,17.32,16.53,17.01,17,16.76,102,48406,825585,
531310,"AVAILABLE FINANCE LTD.",X,STK,135,138,133.85,135.1,135,135.35,89,19638,2650575,
531314,"INTEGRA CAPITAL LIMITED",X,STK,14.5,14.5,14.5,14.5,14.5,14.5,2,17,246,
531319,"MARUTI GLOBAL INDUSTRIES LIMIT",X,STK,39.5,39.5,35.25,38,37.98,39.5,36,2045,75884,
531322,"SRI HAVISHA HOSPITALITY INFRAS",B,STK,1.49,1.49,1.34,1.46,1.46,1.49,35,8202,11310,
531323,"JAYATMA INDUSTRIES LIMITED",X,STK,14.77,14.77,14.77,14.77,14.77,14.07,3,676,9984,
531328,"KRETTO SYSCON LIMITED",X,STK,0.83,0.84,0.78,0.78,0.78,0.82,553,8049336,6419140,
531335,"ZYDUS WELLNESS LTD.",A,STK,384.35,390.95,376.9,388.35,390.25,384.6,466,6617,2548618,
531340,"BERVIN INVESTMENT & LEASING LT",X,STK,52.06,57.52,52.06,57.52,57.52,54.79,2,11,578,
531344,"CONTAINER CORPORATION OF INDIA",A,STK,469.95,471,458.8,466.65,466.65,470.3,1905,48018,22368021,
531346,"EASTERN TREADS LTD.",X,STK,29.26,29.35,29.26,29.35,29.35,29.35,4,1000,29315,
531349,"PANACEA BIOTEC LTD.",B,STK,349.45,351.1,340.05,340.6,341,347.85,242,4501,1561869,
531352,"PEETI SECURITIES LTD.",X,STK,20,20,20,20,20,20.93,3,198,3960,
531357,"MERCURY EV-TECH LIMITED",B,STK,32,32.23,31.15,31.98,32.09,32.03,720,173461,5545386,
531358,"CHOICE INTERNATIONAL LTD.",A,STK,649,653.35,634.8,644.55,644.05,648.55,670,24616,15824755,
531359,"SHRIRAM ASSET MANAGEMENT CO.LT",X,STK,300.35,311,295,300,300,300.35,48,2003,602831,
531360,"GOLECHHA GLOBAL FINANCE LTD.",X,STK,30,31.5,28.5,31.43,31.5,30,19,1487,46073,
531364,"Ekansh Concepts Limited",X,STK,173,173,155.6,156.65,164,163.8,57,2779,444781,
531370,"SPARC ELECTREX LIMITED",X,STK,4.9,4.9,3.7,4.06,4.06,4.1,38,28000,111130,
531373,"THE BYKE HOSPITALITY LTD.",B,STK,40.05,40.27,39.04,39.77,39.2,39.86,75,10666,425247,
531380,"CENTENIAL SURGICAL SUTURE LTD.",X,STK,93.8,108.95,93.8,108.95,108.95,93.82,3,12,1292,
531381,"ARIHANT FOUNDATIONS & HOUSING",B,STK,1087.95,1087.95,980,1042.1,1042.1,1063.65,198,10038,10413044,
531387,"HASTI FINANCE LTD.",X,STK,8.2,8.2,8.2,8.2,8.2,8.36,2,100,820,
531390,"UPSURGE INVESTMENT & FINANCE L",X,STK,70,70,66,68.82,69.99,69.08,90,9522,650126,
531395,"PADAM COTTON YARNS LTD.",X,STK,2.46,2.46,2.46,2.46,2.46,2.35,92,155542,382633,
531396,"WOMEN NETWORKS LTD.",X,STK,7.74,8.53,7.74,8.53,8.53,8.13,2,2,16,
531397,"POLYCON INTERNATIONAL LTD.",X,STK,29.5,30.96,28.03,28.03,28.03,29.5,9,106,3177,
531398,"SOURCE NATURAL FOODS & HERBAL",X,STK,127,130,117.1,129.95,129.95,135,23,681,86122,
531399,"G.G.AUTOMOTIVE GEARS LTD.",X,STK,160,163.4,155.15,162.75,162.15,162.05,136,6843,1109043,
531400,"ALMONDZ GLOBAL SECURITIES LTD.",B,STK,14.52,14.79,14.13,14.48,14.48,14.5,16,2926,42337,
531402,"LWS KNITWEAR LTD.",X,STK,16.25,17.47,15.96,16.01,16.75,16.5,175,44480,740515,
531406,"ANS INDUSTRIES LTD",X,STK,16.82,17.85,16.74,17.85,17.85,17,10,1676,29572,
531411,"TUNI TEXTILE MILLS LTD.",XT,STK,0.99,0.99,0.93,0.97,0.98,0.97,125,97829,94229,
531412,"RADIX INDUSTRIES (INDIA) LIMIT",XT,STK,184,191.6,184,184.7,184.05,182.55,6,13,2400,
531416,"NARENDRA PROPERTIES LTD.",X,STK,34.5,34.5,31.11,34.5,34.5,33.01,10,1892,64037,
531417,"MEGA CORPORATION LTD.",X,STK,2.19,2.24,2.08,2.15,2.19,2.16,131,40505,86182,
531426,"TAMIL NADU NEWSPRINT & PAPERS",B,STK,136.6,140,134.95,135.75,136.55,137.35,404,15312,2114780,
531431,"SHAKTI PUMPS (INDIA) LTD.",A,STK,527.9,542.9,510.75,526.05,527,528,3518,153269,80835621,
531432,"SYSTEMATIX SECURITIES LTD.",XT,STK,11.9,11.91,11.9,11.91,11.91,11.91,9,1345,16008,
531433,"SUNGOLD CAPITAL LTD.",X,STK,3.17,3.17,3.05,3.17,3.17,3.02,20,13623,43053,
531436,"SAFFRON INDUSTRIES LIMITED",X,STK,31.48,31.48,31.48,31.48,31.48,29.99,20,7277,229079,
531437,"Prakash Woollen & Synthetic Mi",X,STK,20.9,21.8,20.8,21.77,21.77,21.31,15,1938,41431,
531439,"AION-TECH SOLUTIONS LIMITED",B,STK,38.74,39.72,37.35,37.65,37.35,38.74,146,8796,337945,
531449,"GRM OVERSEAS LTD.",B,STK,160,160,153.85,157.65,158.35,157.3,432,30421,4740886,
531453,"MOHIT INDUSTRIES LTD.",B,STK,23,23.9,22.76,22.76,22.76,23.45,10,454,10502,
531454,"POLYLINK POLYMERS (INDIA) LTD.",X,STK,19.89,19.89,18,18.27,18.26,19.35,67,2892,53602,
531456,"MINAXI TEXTILES LTD.",X,STK,1.49,1.55,1.48,1.55,1.55,1.49,24,7198,10694,
531458,"BOSTON COMMERCE LIMITED",X,STK,5.95,5.95,5.95,5.95,5.95,5.67,3,7505,44654,
531460,"CONTINENTAL CONTROLS LTD.",XT,STK,8.68,8.68,8.68,8.68,8.68,8.85,2,30,260,
531465,"NOUVEAU GLOBAL VENTURES LTD.",X,STK,0.49,0.49,0.49,0.49,0.49,0.49,10,589,288,
531471,"DUKE OFFSHORE LTD.",X,STK,22.7,23.4,22.7,23.4,23.4,22.29,195,29055,672461,
531472,"CYBELE INDUSTRIES LTD.",XT,STK,66.21,66.21,66.21,66.21,66.21,69.69,22,1576,104346,
531489,"CG-VAK SOFTWARE & EXPORTS LTD.",X,STK,199.7,199.7,188.1,195.9,195.75,196.7,89,4456,853734,
531494,"NAVKAR URBANSTRUCTURE LIMITED",B,STK,1.05,1.07,0.99,1,1,1.04,99,285379,289709,
531495,"BLUE COAST HOTELS LTD.",B,STK,19.9,21.55,19.9,21.42,21.55,20.79,15,18857,375857,
531497,"MADHUCON PROJECTS LTD.",B,STK,4.58,4.84,4.43,4.59,4.7,4.63,21,3210,14457,
531499,"SYBLY INDUSTRIES LTD.",X,STK,2,2,1.91,1.98,1.98,1.93,25,4290,8500,
531500,"RAJESH EXPORTS LTD.",Z,STK,113.9,116,108.9,112.15,112.15,114.6,1132,31530,3485408,
531502,"ESAAR (INDIA) LTD.",X,STK,9,9,9,9,9,9.18,20,5642,50778,
531503,"MARIS SPINNERS LTD.",X,STK,30.98,30.98,30.95,30.95,30.95,31.4,3,30,928,
531506,"SHUKRA BULLIONS LTD.",XT,STK,39.02,39.02,37.9,37.9,37.9,37.17,6,127,4903,
531508,"EVEREADY INDUSTRIES INDIA LTD.",B,STK,315,321.15,309.95,313,312.55,316.05,90,761,241464,
531509,"STEP TWO CORPORATION LTD.",X,STK,25,26.25,25,26.25,26.25,26.25,9,634,15885,
531512,"ORIENT TRADELINK LTD.",X,STK,17.48,17.48,16.61,16.99,17,16.93,182,486888,8298005,
531518,"VIKAS PROPPANT & GRANITE LTD.",Z,STK,0.32,0.32,0.31,0.32,0.32,0.31,104,308750,97106,
531525,"ACE SOFTWARE EXPORTS LTD.",X,STK,209.5,211,201.1,204.1,204.1,208.85,213,35749,7373556,
531529,"SOFTRAK VENTURE INVESTMENT LTD",X,STK,1.75,1.88,1.73,1.81,1.85,1.82,69,34567,61541,
531531,"HATSUN AGRO PRODUCT LTD.",A,STK,917.9,953.1,907.2,934.95,931,917.85,90,653,602546,
531533,"ACCEDERE LIMITED",X,STK,66.33,67.6,65.99,67.6,67.6,64.39,100,16234,1092579,
531537,"MIZZEN VENTURES LIMITED",XT,STK,171.45,172.3,171.45,172.3,172.3,171.45,2,79,13569,
531539,"RISHABH DIGHA STEEL & ALLIED P",X,STK,37.17,37.17,36.99,36.99,36.99,35.11,2,24,887,
531540,"MARUTI INFRASTRUCTURE LTD.",X,STK,8.76,9.48,8.51,8.93,8.95,8.76,131,22483,200655,
531541,"KOBO BIOTECH LIMITED",Z,STK,2.53,2.54,2.45,2.52,2.45,2.54,11,1241,3105,
531543,"JINDAL WORLDWIDE LTD.",B,STK,21.39,22.13,21.26,21.7,21.59,21.89,258,32939,709945,
531548,"SOMANY CERAMICS LTD.",B,STK,367.95,385.8,358.95,370.85,370.85,367.9,282,4980,1852233,
531550,"JHAVERI CREDITS & CAPITAL LTD.",X,STK,190,190,177,183,183,186.7,37,775,141220,
531552,"RAGHUNATH TOBACCO CO.LTD.",X,STK,14.8,14.85,13.33,13.71,13.71,14.93,35,1728,23504,
531553,"DISHA RESOURCES LIMITED",X,STK,21.11,22.8,19.2,20.45,19.72,21.93,27,530,11317,
531556,"CORAL INDIA FINANCE & HOUSING",B,STK,32.4,32.4,31.52,32.03,32.4,32.02,73,17655,564840,
531557,"AMIT SECURITIES LTD.",XT,STK,53,53,51,51,51,50.6,10,278,14688,
531568,"ASHUTOSH PAPER MILLS LTD.",X,STK,7.73,7.73,7.73,7.73,7.73,7.37,5,2115,16348,
531569,"SANJIVANI PARANTERAL LTD.",X,STK,172.5,178.6,165,166.05,166.05,173.3,178,12513,2127656,
531572,"RANJIT SECURITIES LTD.",XT,STK,110.35,110.9,110.35,110.35,110.35,112.6,3,6,664,
531574,"VAS INFRASTRUCTURE LTD.",XT,STK,9.3,9.3,8.82,8.82,8.82,9.28,34,13302,119477,
531578,"KMF BUILDERS & DEVELOPERS LTD.",XT,STK,8.9,8.9,8.55,8.55,8.55,9,5,2035,18049,
531582,"BERYL SECURITIES LTD.",XT,STK,28.04,29.18,28.04,29.18,29.18,28.61,4,900,25749,
531583,"RAP CORP LIMITED",X,STK,33.75,33.75,31.38,31.45,32.85,33.03,24,2413,76036,
531591,"BAMPSL SECURITIES LTD.",X,STK,19.8,19.8,19,19,19,19.19,7,550,10581,
531592,"GENPHARMASEC LIMITED",X,STK,1.1,1.12,0.94,1.03,1.03,1.11,396,798742,860361,
531594,"INCON ENGINEERS LTD.",X,STK,12.8,13.44,12.16,13.44,13.44,12.8,5,225,2752,
531595,"CAPRI GLOBAL CAPITAL LIMITED",A,STK,167.95,170.45,163.55,169,168,169.15,3875,339806,56864661,
531599,"FDC LTD.",B,STK,372.8,372.8,363,367,368,369.1,199,3512,1286938,
531608,"GORANI INDUSTRIES LTD.",X,STK,71.99,71.99,61,68.2,69,64.6,44,1615,112727,
531616,"STARCOM INFORMATION TECHNOLOGY",X,STK,71.24,74.81,71.24,74.81,74.81,71.25,17,349,25064,
531624,"COUNTRY CONDOS LTD.",B,STK,4.72,5.33,4.72,4.81,4.81,4.93,32,954,4565,
531626,"OROSIL SMITHS INDIA LTD.",X,STK,4.16,4.31,4.07,4.16,4.16,4.24,28,31733,131663,
531628,"TEJASSVI AAHARAM LIMITED",XT,STK,32.26,32.26,31.64,31.64,31.64,32.27,2,201,6483,
531633,"LINCOLN PHARMACEUTICALS LTD.",B,STK,616.9,623.8,612.25,617.4,615.1,618.5,125,1328,819449,
531635,"SILVER OAK (INDIA) LTD.",XT,STK,86.9,89.99,85,87,87,87,23,456,40081,
531637,"PRAVEG LIMITED",B,STK,230,233.25,227.95,228.9,228.9,229.5,568,107676,24706854,
531638,"SURAJ LTD.",B,STK,237.95,238,237.95,238,238,238,3,25,5949,
531642,"MARICO LTD.",A,STK,762,765.95,750,757.15,765.95,761,3689,113494,85910835,
531644,"TOKYO FINANCE LTD.",X,STK,21.98,21.98,19.82,20.77,20.9,20.29,10,244,5221,
531651,"NATIONAL GENERAL INDUSTRIES LT",X,STK,52.25,53.25,52.25,52.25,52.25,54.99,7,1020,53320,
531652,"UVS HOSPITALITY AND SERVICES L",X,STK,94.6,94.6,88,89.61,89.61,93.4,37,27624,2460874,
531658,"ABATE AS INDUSTRIES LIMITED",X,STK,11.43,12.48,11.43,12.08,12.2,11.89,141,39421,480917,
531661,"HITTCO TOOLS LTD.",X,STK,10.25,11.8,10.25,11.8,11.8,11.85,7,944,9692,
531663,"YUVRAAJ HYGIENE PRODUCTS LTD.",X,STK,5.1,5.12,4.89,4.91,4.91,4.94,126,75665,374315,
531667,"RR METALMAKERS INDIA LIMITED",X,STK,28.16,28.16,28.16,28.16,28.16,25.6,2,49,1379,
531668,"VISION CORPORATION LTD.",X,STK,2.73,2.73,2.56,2.7,2.7,2.58,11,762,1994,
531671,"Karnawati Innovation Limited",X,STK,1.57,1.57,1.43,1.57,1.57,1.5,158,294027,455668,
531672,"INANI SECURITIES LTD.",X,STK,23.98,23.98,20.46,22,22,22.62,21,3239,73468,
531673,"ANKA INDIA LTD.",X,STK,20.04,20.04,20.03,20.03,20.03,21.08,32,2196,43987,
531676,"EMROCK CORPORATION LIMITED",XT,STK,265,267.2,245.1,267.2,267.2,254.5,236,13833,3605852,
531680,"MAYUR LEATHER PRODUCTS LTD.",XT,STK,17.54,17.54,16.67,16.67,16.67,17.54,4,260,4369,
531681,"AMERISE BIOSCIENCES LIMITED",X,STK,0.71,0.71,0.71,0.71,0.71,0.71,31,9203,6534,
531688,"Prithvi Exchange (India) Limit",X,STK,122,122,115,120,120,122,20,297,35063,
531692,"KHYATI MULTIMEDIA-ENTERTAINMEN",X,STK,2.8,2.94,2.8,2.94,2.94,2.8,5,2512,7384,
531694,"RAINBOW FOUNDATIONS LTD.",XT,STK,43.99,45,41.71,43.99,43.99,43.47,18,1375,59054,
531716,"TRICOM FRUIT PRODUCTS LIMITED",XT,STK,2.11,2.2,2.01,2.1,2.1,2.1,17,2645,5517,
531717,"Vidhi Specialty Food Ingredien",B,STK,285.55,305.55,283.15,295.5,302,286.3,188,5726,1682720,
531719,"BHAGIRADHA CHEMICALS & INDUSTR",B,STK,198.55,201.5,196.6,197.6,197,202.45,47,3021,597479,
531723,"GACM Technologies Limited",B,STK,0.5,0.5,0.48,0.48,0.48,0.5,174,613483,295073,
531726,"PANCHSHEEL ORGANICS LTD.",X,STK,107,107,100,101.15,100.5,103.5,82,11076,1142167,
531727,"MENON PISTONS LTD.",X,STK,54.65,55.97,53,54.77,55.01,54.65,176,12690,694852,
531737,"GREENCREST FINANCIAL SERVICES",X,STK,0.5,0.5,0.49,0.5,0.5,0.49,83,57621,28438,
531739,"GENNEX LABORATORIES LTD.",X,STK,10.23,10.23,9.9,9.95,9.99,10.14,711,634049,6333265,
531744,"GINI SILK MILLS LTD.",X,STK,60.95,60.95,57.5,57.76,60.4,60.95,3,35,2028,
531746,"PRAJAY ENGINEERS SYNDICATE LTD",B,STK,22.1,22.1,19.89,20.08,19.89,22.1,239,8979,186683,
531752,"BIOGEN PHARMACHEM INDUSTRIES L",X,STK,0.61,0.61,0.58,0.6,0.6,0.61,738,2610085,1556923,
531758,"G.K.CONSULTANTS LTD.",X,STK,10.97,10.97,9.5,10,10,9.51,20,11764,117970,
531761,"APOLLO PIPES LIMITED",B,STK,418.25,426.65,400.85,414.05,415.45,425,9972,606294,250688467,
531762,"UNJHA FORMULATIONS LTD.",X,STK,20.75,20.75,19.7,19.79,19.75,20.1,16,1115,22129,
531768,"POLY MEDICURE LTD.",A,STK,1348.65,1348.65,1285.5,1309.95,1301.25,1331.5,547,15495,20488420,
531769,"PFL INFOTECH LTD.",XT,STK,5.3,5.3,5.3,5.3,5.3,5.2,6,5000,26500,
531771,"SHRADDHA PRIME PROJECTS LTD",X,STK,170,170,162,163,164,167.55,164,26418,4404074,
531778,"KACHCHH MINERALS LTD.",XT,STK,30.25,30.25,28.8,29.99,29.99,29.87,12,738,22222,
531779,"PADMANABH ALLOYS & POLYMERS LT",X,STK,17.85,17.85,17.85,17.85,17.85,17.87,1,10,178,
531780,"KAISER CORPORATION LIMITED",X,STK,4.32,4.32,3.85,4.03,4.15,4.24,277,218067,885115,
531784,"KCL Infra Projects Limited",X,STK,1.27,1.5,1.21,1.4,1.47,1.27,228,437548,588175,
531795,"ATUL AUTO LTD.",B,STK,429.1,429.1,417.05,424.75,423,430.8,497,8095,3411223,
531797,"SCAN PROJECTS LTD.",X,STK,94.81,94.81,85.8,88.62,85.8,90.3,7,235,22082,
531802,"PRERNA INFRABUILD LTD.",X,STK,24.64,24.64,24.04,24.12,24.04,24.75,9,5872,141691,
531810,"METAL COATINGS (INDIA) LTD.",X,STK,54.99,55.26,50,55,55,54.99,19,666,35074,
531812,"SGN TELECOMS LTD.",X,STK,0.68,0.68,0.65,0.65,0.65,0.68,74,41776,27286,
531813,"GANGA PAPERS INDIA LTD.",X,STK,74.4,78,72.45,78,78,74.4,3,12,926,
531814,"TIRUPATI SARJAN LTD.",X,STK,8.75,8.75,8.01,8.05,8.05,8.28,23,1979,16072,
531821,"MUNOTH FINANCIAL SERVICES LTD.",X,STK,24.29,24.29,24.29,24.29,24.29,25.55,1,1,24,
531822,"RODIUM REALTY LIMITED",X,STK,168.2,179.3,168.2,179.3,179.3,179.3,3,7,1232,
531832,"NAGARJUNA AGRI TECH LTD.",XT,STK,44.23,44.23,44.23,44.23,44.23,45.13,4,1100,48653,
531834,"NATURA HUE CHEM LTD.",XT,STK,13,13,13,13,13,13.25,1,18,234,
531840,"IEC EDUCATION LTD.",XT,STK,32,32,30.4,30.44,30.4,32,42,1891,57639,
531841,"Indus Finance Limited",X,STK,52.49,52.49,49.86,49.91,49.86,51,6,95,4769,
531842,"LAHOTI OVERSEAS LTD.",X,STK,46.5,46.5,45,46.11,46.15,45.07,41,34092,1538188,
531845,"ZENITH STEEL PIPES AND  INDUST",B,STK,5.8,5.8,5.42,5.56,5.45,5.6,34,4454,24541,
531847,"ASIAN STAR CO.LTD.",B,STK,598,598,586,589,589,598,9,102,59877,
531859,"ORIENTAL RAIL INFRASTRUCTURE L",B,STK,116.3,117.8,114.05,116.15,116.15,117.95,573,66061,7668581,
531861,"JOINDRE CAPITAL SERVICES LTD.",X,STK,42.1,43,42.1,42.15,42.15,42.58,6,9412,396611,
531862,"BHARAT AGRI FERT & REALTY LTD.",X,STK,23.89,23.89,23,23.43,23.75,23.89,103,32809,760911,
531867,"UNITECH INTERNATIONAL LTD.",Z,STK,3.46,3.46,3.3,3.3,3.3,3.47,25,4484,14942,
531869,"SACHETA METALS LTD.",X,STK,3.98,3.98,3.8,3.88,3.92,3.92,212,352945,1365557,
531870,"POPULAR ESTATE MANAGEMENT LTD.",X,STK,14.49,14.49,14.49,14.49,14.49,13.8,4,418,6056,
531878,"ANJANI FINANCE LTD.",X,STK,10.94,10.94,9.64,9.82,9.82,10.23,95,2074,20659,
531888,"REXNORD ELECTRONICS & CONTROLS",X,STK,57,59.73,56,59.2,59.2,56.74,23,1191,69064,
531889,"INTEGRATED INDUSTRIES LIMITED",X,STK,41.7,43.27,41.02,42.27,42.27,41.96,1723,534182,22479793,
531892,"KHANDWALA SECURITIES LTD.",B,STK,17.17,18.43,15.62,17.15,17.15,17.5,14,2535,44316,
531893,"SAWACA ENTERPRISES LIMITED",XT,STK,0.38,0.39,0.38,0.38,0.38,0.39,444,869437,331916,
531900,"CCL INTERNATIONAL LTD.",X,STK,22,24.7,22,22.73,22.72,23,28,9986,234973,
531902,"GALLOPS ENTERPRISE LTD.",XT,STK,23.78,23.78,23.78,23.78,23.78,23.55,5,682,16217,
531909,"CROISSANCE LIMITED",XT,STK,3.27,3.3,3.1,3.21,3.21,3.15,71,107929,346798,
531910,"Madhuveer Com 18 Network Limit",XT,STK,201,221.95,201,218.45,218.45,211.4,29,797,170613,
531911,"GALAXY AGRICO EXPORTS LTD.",X,STK,38.69,42.44,38.69,40.48,38.7,40.72,116,181779,7345741,
531913,"GOPAL IRON & STEELS CO.(GUJARA",XT,STK,11.61,11.7,11.61,11.7,11.7,11.61,15,7312,85450,
531918,"HINDUSTAN APPLIANCES LTD.",X,STK,99.6,100.05,99.6,100.05,100.05,99.6,8,292,29192,
531921,"AGARWAL INDUSTRIAL CORPORATION",B,STK,440,457.25,430.25,440.85,442.95,441.7,219,1852,818125,
531923,"DHAMPURE SPECIALITY SUGARS LTD",X,STK,117.55,120.7,113.3,117.45,117.9,117.55,55,4455,516045,
531925,"SHANTANU SHEOREY AQUAKULT LTD.",X,STK,1.28,1.28,1.24,1.24,1.24,1.24,4,179,229,
531930,"SARTHAK INDUSTRIES LTD.",X,STK,28.85,28.85,24,27.14,27.14,28.99,24,3405,82958,
531931,"SAI CAPITAL LTD.",X,STK,165.85,165.85,155,155.8,159.7,159.7,10,151,23864,
531944,"LEXORAA INDUSTRIES LIMITED",X,STK,19.23,19.23,18.36,18.39,18.36,18.32,10,358,6672,
531950,"VERTEX SECURITIES LTD.",X,STK,3.24,3.45,2.85,2.9,2.87,3.99,558,324332,1013298,
531952,"RIBA TEXTILES LTD.",X,STK,73.75,73.75,70,71.02,71.75,73.44,45,50951,3589343,
531959,"NEWTIME INFRASTRUCTURE LIMITED",X,STK,1.76,1.89,1.76,1.89,1.89,1.88,116,33172,61715,
531960,"Kashyap Tele-Medicines Limited",XT,STK,4.48,4.79,4.35,4.78,4.77,4.57,43,12570,56708,
531962,"SHREE METALLOYS LTD.",XT,STK,44.01,46.18,43.5,43.77,43.65,44,29,1869,82702,
531968,"IITL PROJECTS LIMITED",X,STK,39.1,44.89,36.61,40.53,37.18,39.1,14,206,8064,
531977,"CHARTERED LOGISTICS LTD.",X,STK,5.87,6.25,5.75,5.85,5.9,5.87,179,96031,560962,
531978,"AMBIKA COTTON MILLS LTD.",B,STK,1365,1375,1355.3,1363,1375,1356.95,69,571,779170,
531979,"HIND ALUMINIUM INDUSTRIES LTD.",XT,STK,97,97,92,93.44,94,94.82,76,4780,448909,
531982,"SPECTRUM FOODS LTD.",X,STK,12.4,13.44,11.6,12.43,12.45,12.89,84,20208,252190,
531989,"DECCAN POLYPACKS LTD.",XT,STK,34.83,34.83,34.83,34.83,34.83,35,2,5,174,
531991,"AMRAWORLD AGRICO LTD.",X,STK,0.53,0.53,0.45,0.45,0.45,0.53,67,28019,14604,
531994,"AUTO PINS (INDIA) LTD.",X,STK,153.1,153.1,153.1,153.1,153.1,153.1,2,2,306,
531996,"ODYSSEY CORPORATION LTD.",X,STK,7.42,7.65,7.1,7.25,7.15,7.35,46,6273,46724,
531997,"IKOMA TECHNOLOGIES LIMITED",X,STK,19.08,19.12,18,19.12,19.12,18.21,143,74235,1417636,
532001,"INDUCTO STEEL LTD.",X,STK,51.03,51.03,50.03,50.03,50.03,50.03,2,2,101,
532005,"SAM INDUSTRIES LTD.",X,STK,40,42.69,39.51,41.1,39.51,39.51,6,35,1389,
532007,"SHREEVATSAA FINANCE & LEASING",X,STK,27.73,27.73,27.73,27.73,27.73,27.74,4,60,1663,
532011,"VASHU BHAGNANI INDUSTRIES LIMI",X,STK,50,56.1,48.75,53.65,52.22,51,228,64823,3427184,
532015,"GRAVITY (INDIA) LTD.",XT,STK,14.33,14.9,14.33,14.33,14.33,15.08,57,18645,267580,
532016,"ESPIRE HOSPITALITY LIMITED",X,STK,272,289,270,289,289,289.9,8,192,52098,
532019,"LCC INFOTECH LTD.",B,STK,5.17,5.17,5.17,5.17,5.17,4.93,1,100,517,
532022,"FILATEX FASHIONS LTD.",B,STK,0.19,0.2,0.18,0.19,0.19,0.2,1072,14442687,2741499,
532029,"SINDHU TRADE LINKS LIMITED",B,STK,25,25.37,24.7,24.92,24.91,25.27,44,2698,67978,
532039,"ZENOTECH LABORATORIES LTD.",X,STK,42.55,43.82,41.53,41.97,41.8,42.84,51,11314,474664,
532041,"HINDUSTAN BIO SCIENCES LTD.",XT,STK,7.25,7.57,7.25,7.57,7.57,7.21,20,1935,14556,
532051,"SWELECT ENERGY SYSTEMS LIMITED",B,STK,520,538,511.65,521.25,517.25,519.9,516,7218,3789223,
532053,"WALLFORT FINANCIAL SERVICES LT",X,STK,76,76,70.05,72.98,72.98,72.98,23,1628,115581,
532054,"KDDL LTD.",B,STK,2284.8,2330.25,2245.75,2309.75,2284.8,2324.9,595,1920,4418063,
532056,"Trustedge Capital Limited",XT,STK,144.25,145.9,142.35,145.9,145.9,147.25,8,407,57987,
532057,"ABHINAV CAPITAL SERVICES LTD.",X,STK,128,128,110.75,117.4,110.75,117.4,11,34,4133,
532067,"3B BlackBio Dx Limited",B,STK,1252,1259.95,1175,1215.15,1215.15,1253.15,1162,15023,18323333,
532070,"Sumuka Agro Industries Limited",X,STK,188.8,193.75,180,191.15,185,183.95,189,42833,7938889,
532090,"Atvo Enterprises Limited",XT,STK,19.28,19.99,19.12,19.94,19.8,19.48,40,12468,245105,
532092,"EPUJA SPIRITECH LIMITED",XT,STK,1.6,1.66,1.52,1.66,1.66,1.59,122,253489,399257,
532100,"INDO-CITY INFOTECH LTD.",X,STK,11,12.46,10.01,12.33,12.46,11.01,50,5360,62464,
532102,"SBEC SUGAR LTD.",X,STK,32.8,33.1,29.02,29.91,29.62,29.36,33,2998,92336,
532113,"BRIJLAXMI LEASING & FINANCE LT",XT,STK,10.77,10.77,9.79,9.82,9.81,10.28,23,8877,91811,
532123,"BSEL ALGO LIMITED",X,STK,4.68,4.72,4.45,4.59,4.58,4.64,277,94863,433620,
532124,"RELIABLE VENTURES INDIA LTD.",X,STK,20,22.8,19.02,22.04,20.51,19.5,37,10822,235902,
532131,"TRIUMPH INTERNATIONAL FINANCE",X,STK,15.96,15.96,14.94,15.14,15.44,15.96,13,103,1592,
532134,"BANK OF BARODA",A,STK,287,293.25,283,289.15,289.15,289.35,5972,336037,96779908,
532140,"MOHITE INDUSTRIES LIMITED",X,STK,2.57,2.74,2.57,2.61,2.69,2.68,109,62470,164108,
532141,"ANDHRA CEMENTS LTD.",B,STK,51.76,57,51.76,54.66,54.66,52.44,19,455,24512,
532143,"SKM EGG PRODUCTS EXPORT (INDIA",B,STK,154,157.55,151.05,156.05,157.55,154.45,107,2978,462079,
532144,"WELSPUN CORP LIMITED",A,STK,818.85,869,818.85,844.05,840.2,832.85,2924,61625,52395363,
532145,"H.S.INDIA LTD.",X,STK,10.34,10.95,10.25,10.87,10.87,10.45,14,1788,19157,
532149,"BANK OF INDIA",A,STK,151.35,156.5,149.85,154.75,154.75,154.35,3660,327956,50146788,
532150,"INDRAPRASTHA MEDICAL CORP.LTD.",B,STK,403.85,403.85,394,397.9,397,408.55,483,6665,2652556,
532154,"JOHNSON PHARMACARE LIMITED",X,STK,0.49,0.51,0.49,0.5,0.5,0.49,505,928974,460652,
532155,"GAIL (INDIA) LTD.",A,STK,146.8,153.95,144.65,152.4,152.4,147.95,4505,397531,59831321,
532156,"VAIBHAV GLOBAL LTD",B,STK,215,218.3,210.4,214.8,214.9,215.8,355,8527,1824444,
532159,"TRESCON LIMITED",X,STK,8.6,9.16,8.6,8.75,8.75,8.97,12,139386,1224005,
532160,"GUJARAT STATE FINANCIAL CORPOR",B,STK,11.25,11.25,10.6,10.87,10.87,10.69,109,6689,72871,
532162,"JK PAPER LTD.",A,STK,335.4,349.8,335.4,346.8,348.1,339.6,470,7107,2444931,
532163,"SAREGAMA INDIA LTD.",A,STK,326.25,349.65,319.8,346.95,345,329.25,956,25001,8392675,
532164,"MINOLTA FINANCE LTD.",Z,STK,1.23,1.23,1.23,1.23,1.23,1.18,1,101,124,
532172,"Adroit Infotech Limited",B,STK,9.44,9.97,9.44,9.69,9.68,9.69,10,362,3568,
532173,"CYBERTECH SYSTEMS AND SOFTWARE",B,STK,100,105.3,99.9,104.2,103.8,106.15,64,4978,512633,
532174,"ICICI BANK LTD.",A,STK,1277.9,1280.4,1258.1,1266.1,1266.1,1294.45,38210,1278570,1624417200,
532175,"CYIENT LIMITED",A,STK,911.5,923.9,899.05,902.15,902.15,925.9,1219,15213,13896856,
532178,"ENGINEERS INDIA LTD.",A,STK,199.1,204.65,193.5,200.7,201,199,1785,141107,28063654,
532180,"DHANLAXMI BANK LIMITED",B,STK,23.34,23.44,23.2,23.33,23.33,23.42,445,99684,2318491,
532181,"GUJARAT MINERAL DEVELOPMENT CO",A,STK,538.95,562.3,532,555.45,555.45,542.45,4499,189812,104521156,
532183,"GAYATRI SUGARS LTD.",X,STK,7.96,7.99,7.65,7.95,7.99,7.75,205,30837,241574,
532187,"INDUSIND BANK LTD.",A,STK,873,873,828.1,830.9,830.9,876.9,6779,192789,161751171,
532189,"INDIA TOURISM DEVELOPMENT CORP",B,STK,459.5,470.55,451.2,464.9,465,464.55,85,816,376624,
532209,"JAMMU & KASHMIR BANK LTD.",A,STK,123.05,128.45,120.65,127.6,127.6,125.45,5927,1111897,139903032,
532210,"CITY UNION BANK LTD.",A,STK,246,246.85,239.35,244,244,247.35,2977,118289,28657291,
532212,"ARCHIES LTD.",B,STK,14.01,14.5,13.7,13.76,13.76,14.11,36,2176,30380,
532215,"AXIS BANK LTD.",A,STK,1247.9,1251,1231.3,1233.75,1233.75,1259.05,58751,958701,1188808681,
532216,"HB STOCKHOLDINGS LTD.",B,STK,52.24,52.24,52.18,52.18,52.18,51.2,4,317,16541,
532217,"CMX HOLDINGS LIMITED",X,STK,32,32.3,29.26,29.26,29.26,30.8,24,2660,79496,
532218,"SOUTH INDIAN BANK LTD.",A,STK,39.1,39.44,38.2,39.01,39.01,39.48,5397,955957,37092210,
532219,"ENERGY DEVELOPMENT COMPANY LTD",B,STK,14.91,15.57,14.91,15.27,15.24,15.42,93,7004,107489,
532221,"SONATA SOFTWARE LTD.",A,STK,244.45,246.95,237.25,242.6,242.75,244.75,664,23481,5689307,
532230,"BENGAL TEA & FABRICS LTD.",X,STK,146.5,146.5,142,144.1,144.1,147.05,7,253,36136,
532234,"NATIONAL ALUMINIUM CO.LTD.",A,STK,403.05,410.2,386,409.25,409.25,397.55,10942,891706,356010241,
532240,"INDIA NIPPON ELECTRICALS LTD.",B,STK,787.5,796.45,775.05,796.1,795,796.5,64,465,364442,
532256,"NALWA SONS INVESTMENTS LTD.",B,STK,5548.5,5733,5548.5,5656.1,5677,5666,40,102,575441,
532259,"APAR INDUSTRIES LTD.",A,STK,9266.35,9540,8939,9455.6,9447.5,9266.45,2665,11536,105805587,
532262,"TCI INDUSTRIES LTD.",X,STK,1410,1410,1410,1410,1410,1365.2,1,1,1410,
532268,"ACCELYA SOLUTIONS INDIA LIMITE",B,STK,1225.1,1225.1,1187,1198.75,1199.3,1225,83,725,870392,
532271,"ORCHASP LIMITED",B,STK,2.04,2.04,1.98,2.02,2.02,2.04,170,316966,643040,
532275,"LANDMARC LEISURE CORPORATION L",X,STK,1.71,1.78,1.65,1.78,1.78,1.7,88,24289,42367,
532281,"HCL TECHNOLOGIES LTD.",A,STK,1347.05,1363.35,1340.75,1358.45,1359.6,1350.05,17660,82029,111317032,
532284,"TCFC FINANCE LTD.",X,STK,24.73,24.73,23.66,24.5,24.5,24.73,44,4413,107112,
532285,"Geojit Financial Services Limi",B,STK,58.7,60.45,58.21,59.4,59.4,59.7,398,52189,3093847,
532286,"JINDAL STEEL LIMITED",A,STK,1185.05,1231.95,1163,1225.15,1221.4,1186.9,2215,38001,46061799,
532290,"BLB LTD.",T,STK,16.6,17.5,16.6,17.5,17.5,17.41,11,866,14421,
532296,"GLENMARK PHARMACEUTICALS LTD.",A,STK,2270.05,2276.95,2215.5,2258,2260,2272.5,2590,13446,30163952,
532300,"WOCKHARDT LTD.",A,STK,1298.45,1314.9,1280,1300.2,1295,1307.95,1182,27483,35559691,
532303,"INTEGRATED HITECH LTD.",X,STK,2.76,2.76,2.76,2.76,2.76,3.39,1,5,13,
532304,"KJMC CORPORATE ADVISORS (INDIA",X,STK,45,45,45,45,45,46,1,11,495,
532305,"IND-SWIFT LABORATORIES LTD.",B,STK,141.1,145.65,139.75,143.2,143.2,143.2,402,17052,2422481,
532309,"GE Power India Ltd",T,STK,446.65,474.75,446.65,465.95,470,463.55,238,6910,3202875,
532310,"SHREE RAMA MULTI-TECH LTD.",B,STK,48,49.04,48,48.17,48.01,48.22,290,6647,321429,
532313,"MAHINDRA LIFESPACE DEVELOPERS",A,STK,350,358.8,350,355.55,354.1,357.2,174,963,341064,
532315,"GROARC INDUSTRIES INDIA LIMITE",X,STK,5.53,5.53,5.24,5.45,5.45,5.51,30,17839,95367,
532320,"VAARAD VENTURES LTD",X,STK,9.53,9.95,9.07,9.94,9.94,9.49,5,646,6372,
532321,"Zydus Lifesciences Limited",A,STK,916.55,926,909.15,916.55,917.45,922,2032,15655,14367856,
532323,"SHIVA CEMENT LTD.",X,STK,16.98,16.98,16.5,16.55,16.55,16.82,277,146609,2434747,
532324,"CINEVISTA LTD.",B,STK,15.95,16.75,15.36,15.99,15.99,16,12,1258,20374,
532326,"INTENSE TECHNOLOGIES LTD.",B,STK,92.4,92.95,91.5,91.6,91.6,91.4,21,659,60567,
532329,"DANLAW TECHNOLOGIES INDIA LTD.",X,STK,571,571,535.5,545.1,545.1,566.2,182,2717,1490338,
532331,"AJANTA PHARMA LTD.",A,STK,2980.05,3148.6,2970,3122.15,3117.9,3045.35,1957,12919,40168489,
532332,"CURA TECHNOLOGIES LTD.",T,STK,111.2,111.2,111.2,111.2,111.2,105.91,5,75,8340,
532333,"HB PORTFOLIO LTD.",X,STK,58.72,67,58,62.79,63,58.72,44,2297,142901,
532334,"HB ESTATE DEVELOPERS LTD.",X,STK,68.5,68.5,63.3,64.4,64.4,64.9,14,929,62106,
532335,"AMBICA AGARBATHIES & AROMA IND",B,STK,24.45,24.75,23.13,23.66,24.01,23.55,19,373,8909,
532339,"COMPUCOM SOFTWARE LTD.",B,STK,12.9,12.9,11.4,12.85,12.9,12.22,44,9970,121468,
532340,"OMNI AXS SOFTWARE LTD.",XT,STK,3.96,3.96,3.87,3.87,3.87,4.07,21,2297,8988,
532341,"IZMO Limited",T,STK,725,751,721.25,747,747,755.85,152,2592,1902886,
532343,"TVS MOTOR COMPANY LTD.",A,STK,3560.55,3560.6,3405.05,3421.05,3411,3600.05,7606,37981,131135256,
532344,"MADALA HOLDINGS LIMITED",X,STK,200,205,200,203.9,203.9,200.6,12,1163,237216,
532348,"SUBEX LTD.",B,STK,8.88,8.88,8.4,8.45,8.45,8.74,397,471218,4037152,
532349,"TRANSPORT CORPORATION OF INDIA",B,STK,999,999,974.2,995.35,988.75,1000.1,149,772,759979,
532350,"PADMALAYA TELEFILMS LTD.",Z,STK,4.23,4.23,4.23,4.23,4.23,4.23,6,1029,4352,
532351,"AKSH OPTIFIBRE LTD.",B,STK,4.4,5.18,4.28,4.75,4.75,4.44,290,119589,582649,
532354,"Virgo Global Limited",X,STK,4,4,4,4,4,4,4,1052,4208,
532355,"PICTUREHOUSE MEDIA LTD.",X,STK,9.59,9.75,7.36,9.15,9.12,8.24,323,83635,728171,
532356,"TRIVENI ENGINEERING & INDUSTRI",A,STK,365.25,366,357.15,359.4,358.5,367.65,703,17061,6161108,
532357,"MUKTA ARTS LTD.",B,STK,48,48,46.26,46.26,46.26,48.2,5,270,12892,
532359,"HIT KIT GLOBAL SOLUTIONS LTD.",XT,STK,5.49,5.49,4.97,4.97,4.97,5.23,1476,4584459,23899042,
532362,"NAGPUR POWER & INDUSTRIES LTD.",XT,STK,145.65,147.95,143.55,146.95,147,142.75,30,8824,1301081,
532365,"DYNACONS SYSTEMS & SOLUTIONS L",B,STK,910.9,937.65,892.25,910.05,910.05,909.45,151,821,749323,
532366,"PNB GILTS LTD.",B,STK,75,75.59,73,74.07,74.07,75.84,576,48781,3613620,
532368,"BRIGHTCOM GROUP LIMITED",T,STK,9.7,9.9,9.5,9.58,9.57,9.6,333,199738,1920372,
532369,"RAMCO INDUSTRIES LTD.",B,STK,272.95,279,270.1,272.8,272.1,280.1,105,2502,683478,
532370,"RAMCO SYSTEMS LTD.",B,STK,412.55,433.95,409.65,417.95,418.5,419.6,509,5512,2313748,
532371,"TATA TELESERVICES (MAHARASHTRA",A,STK,38.23,40.55,37.91,39.31,39.53,38.99,1899,319407,12544481,
532372,"Virinchi Limited",B,STK,18.76,19.3,18.76,19.13,19.26,18.97,170,2170,41192,
532373,"WEP SOLUTIONS LTD.",XT,STK,21.21,22.08,20.55,21.01,21,21.22,35,5112,108534,
532374,"STERLITE TECHNOLOGIES LTD.",A,STK,193.1,205.7,186.05,201.05,201.05,190.5,9252,1045881,207175995,
532375,"TIPS MUSIC LIMITED",A,STK,517.6,517.6,497,504.5,504.4,515.2,433,4789,2422720,
532376,"UMIYA BUILDCON LIMITED",B,STK,81,81,78,80.83,80.83,80.45,54,504,40483,
532378,"UNIVERSAL ARTS LTD.",X,STK,5,5.2,5,5.2,5.2,5,4,4740,23705,
532379,"FIRST FINTEC LIMITED",XT,STK,7.09,7.09,7.03,7.03,7.03,6.77,6,2200,15540,
532380,"BABA ARTS LTD.",XT,STK,16.24,16.24,16.24,16.24,16.24,16.57,22,25272,410417,
532382,"BALAJI TELEFILMS LTD.",B,STK,96.6,102.1,95.5,97.25,96.9,98.45,204,8028,784042,
532384,"TYCHE INDUSTRIES LTD.",X,STK,112,113.2,107.5,111.1,111.05,110.3,54,23240,2557219,
532386,"CALIFORNIA SOFTWARE CO.LTD.",B,STK,12.25,12.93,12.25,12.5,12.5,12.5,28,2091,26135,
532387,"PRITISH NANDY COMMUNICATIONS L",B,STK,22.93,23.6,21,22.35,22,23.64,26,1670,37608,
532388,"INDIAN OVERSEAS BANK",A,STK,33.49,34.1,32.9,33.9,33.85,33.54,1236,517938,17400848,
532390,"TAJGVK HOTELS & RESORTS LTD.",B,STK,306.1,309.25,296,304.05,306.35,306.1,369,8347,2525040,
532392,"CREATIVE EYE LTD.",B,STK,6.88,6.97,6.76,6.76,6.76,6.86,8,6912,47587,
532395,"AXISCADES TECHNOLOGIES LIMITED",B,STK,1440,1440,1384.1,1385.1,1385,1456.9,956,27360,38132383,
532397,"KONNDOR INDUSTRIES LIMITED",X,STK,12.67,12.67,12.67,12.67,12.67,12.67,8,25,316,
532398,"USHA MARTIN EDUCATION & SOLUTI",B,STK,5.74,5.9,5.16,5.9,5.9,4.92,90,62987,359171,
532400,"BIRLASOFT LIMITED",A,STK,377.4,379.6,369.15,374.3,374.3,381.8,1612,40654,15204927,
532402,"USG TECH SOLUTIONS LTD.",X,STK,9.5,9.6,8.5,8.84,8.7,9.22,62,4885,44618,
532404,"SAVEN TECHNOLOGIES LTD.",X,STK,35.04,35.6,33,33.2,33.2,34.91,281,9419,321394,
532406,"AVANTEL LTD.",A,STK,141.2,146.45,139.55,144.15,144,142.65,875,86265,12368776,
532407,"MOSCHIP TECHNOLOGIES LIMITED",A,STK,167.75,180.5,165.15,171.8,171.8,170.05,3750,296004,51299694,
532408,"SIGMA ADVANCED SYSTEMS LIMITED",B,STK,154.1,162,150,152.6,152.1,154.95,331,17647,2695456,
532410,"TRANSCORP INTERNATIONAL LTD.",X,STK,23.5,24.64,23.05,23.9,23.9,24.32,61,6104,145068,
532413,"CEREBRA INTEGRATED TECHNOLOGIE",Z,STK,4.34,4.78,4.34,4.42,4.42,4.56,43,44591,207914,
532419,"Smartlink Holdings Limited",B,STK,118.2,119.1,112.4,114.3,114.3,111.5,8,127,14881,
532424,"GODREJ CONSUMER PRODUCTS LTD.",A,STK,1090.05,1090.05,1045.85,1050.55,1050.55,1089.65,3659,113061,119541852,
532425,"GENUS PRIME INFRA LIMITED",XT,STK,23.41,23.42,22.25,22.74,22.25,23.42,30,1650,37041,
532430,"BF UTILITIES LTD.",Z,STK,435,450,435,436.55,436.55,448.55,51,1708,749590,
532432,"UNITED SPIRITS LTD.",A,STK,1373.6,1373.6,1343,1363.95,1360,1380.3,1572,16175,21980787,
532435,"SANMIT INFRA LIMITED",X,STK,6.2,6.2,6.02,6.1,6.1,6.2,165,73917,447600,
532439,"OLECTRA GREENTECH LIMITED",A,STK,896,915.7,874.55,904.65,902,902.5,1962,32190,28816267,
532440,"MPS LTD.",B,STK,1450,1524.55,1438.9,1476.05,1461.4,1483.05,201,992,1482963,
532443,"CERA SANITARYWARE LTD.",A,STK,4601.85,4722,4521.05,4670.45,4671.9,4654.65,334,693,3200555,
532444,"T.SPIRITUAL WORLD LTD.",X,STK,1.72,1.72,1.72,1.72,1.72,1.64,16,7000,12040,
532454,"BHARTI AIRTEL LTD.",A,STK,1799.9,1817.5,1791.05,1800.8,1797.4,1806,27632,1801543,3260586941,
532455,"SHALIMAR WIRES INDUSTRIES LTD.",X,STK,16.28,16.5,15.65,16,16,16.28,46,3429,54559,
532456,"COMPUAGE INFOCOM LTD.",Z,STK,1.21,1.21,1.15,1.17,1.15,1.21,21,19316,23190,
532457,"GULSHAN POLYOLS LTD.",B,STK,157.15,162.45,157.15,159.05,160,160.1,172,4747,757185,
532460,"PONNI SUGARS (ERODE) LTD.",B,STK,278.3,280.85,270.2,273.85,273,275.6,277,3784,1037524,
532461,"PUNJAB NATIONAL BANK",A,STK,114.65,118.2,113.7,116.6,116.45,115.8,3881,363656,42338049,
532466,"ORACLE FINANCIAL SERVICES SOFT",A,STK,6777.2,6777.2,6667.05,6694.7,6702.5,6782.25,595,2299,15459044,
532467,"HAZOOR MULTI PROJECTS LTD.",B,STK,29.39,29.39,28.76,28.8,28.8,29.09,455,111352,3221476,
532468,"KAMA HOLDINGS LIMITED",A,STK,2501.55,2600.7,2466.25,2575.25,2570,2501.55,924,12114,30912938,
532475,"APTECH LTD.",B,STK,81.98,82.74,79.8,81.16,81.01,81.33,228,4538,369376,
532477,"UNION BANK OF INDIA",A,STK,179.4,183.25,175.6,182.1,182.55,180.85,3094,262009,47087490,
532478,"UNITED BREWERIES LTD.",A,STK,1640.4,1683.8,1611.8,1646.95,1645.3,1645.4,360,2321,3815642,
532481,"NOIDA TOLL BRIDGE COMPANY LTD.",B,STK,3.51,3.8,3.42,3.7,3.7,3.7,40,5657,20254,
532482,"GRANULES INDIA LTD.",A,STK,571.65,591,571.65,586.6,584.35,586.35,1200,20116,11705622,
532483,"CANARA BANK",A,STK,138.8,142.9,136.2,140.3,140.3,139.3,5540,790205,110460065,
532485,"BALMER LAWRIE INVESTMENTS LTD.",B,STK,72.35,72.87,71.88,72.67,72.67,72.37,654,82735,5999344,
532486,"POKARNA LTD.",B,STK,882,895,866.55,886.6,875.25,900.85,324,3863,3391212,
532488,"DIVIS LABORATORIES LTD.",A,STK,6349.1,6349.1,6222,6276.45,6289.95,6349.15,710,2721,17054788,
532493,"ASTRA MICROWAVE PRODUCTS LTD.",A,STK,1027.05,1045,1002.95,1034.4,1034.4,1029,670,10828,11126743,
532497,"RADICO KHAITAN LTD.",A,STK,2888.5,2888.5,2781.55,2856.15,2863,2895.95,3647,26361,74829341,
532500,"MARUTI SUZUKI INDIA LTD.",A,STK,13474.85,13474.85,12970.55,13016.1,13016.1,13502.4,7679,123556,1627196138,
532503,"RAJAPALAYAM MILLS LTD.",X,STK,773.45,781.75,762.4,763.45,763.4,773.45,10,587,454585,
532504,"NAVIN FLUORINE INTERNATIONAL L",A,STK,6300.05,6343,6159.35,6219.5,6220,6312.6,940,4175,25987767,
532505,"UCO BANK",A,STK,26.28,26.85,25.83,26.56,26.56,26.46,2063,750653,19724102,
532507,"B.A.G.FILMS & MEDIA LTD.",B,STK,4.9,5,4.86,4.89,4.87,5,48,13622,66896,
532508,"JINDAL STAINLESS LTD.",A,STK,734.35,755,717,746.45,748.75,735.35,914,13978,10293563,
532509,"SUPRAJIT ENGINEERING LTD.",B,STK,415,415.35,406.4,410.25,409,419.7,348,4428,1814202,
532513,"TVS ELECTRONICS LTD.",B,STK,381.75,383.35,367.45,378.05,378.05,384.55,279,4022,1505772,
532514,"INDRAPRASTHA GAS LTD.",A,STK,164.65,164.8,157.9,161.9,161.9,162.7,7189,385182,62248920,
532515,"TV TODAY NETWORK LTD.",B,STK,115.3,115.3,109.05,112.2,112.25,112.5,172,9710,1091597,
532521,"PALRED TECHNOLOGIES LIMITED",B,STK,29.8,31,29.8,31,31,29.8,5,470,14090,
532522,"PETRONET LNG LTD.",A,STK,291,301.9,287.95,296.6,296.6,289.75,5031,263071,77893619,
532523,"BIOCON LTD.",A,STK,392,397.3,388.8,392.7,392.7,395.35,2232,73506,28865761,
532524,"PTC INDIA LTD.",A,STK,156.6,164.05,154.35,160.9,160.15,157.55,2034,72993,11691265,
532525,"BANK OF MAHARASHTRA",A,STK,65.45,68.04,65.41,67.16,67.16,67.08,5554,1622035,108435236,
532527,"RAMKRISHNA FORGINGS LTD.",A,STK,554.4,564,547.9,560.25,560.05,554.3,365,5669,3153671,
532528,"DATAMATICS GLOBAL SERVICES LTD",B,STK,687.95,759.9,680.7,731.55,729.8,698.35,914,15385,11130783,
532529,"NEW DELHI TELEVISION LTD.",B,STK,75.4,78.31,75.19,77.05,77.66,77,244,14218,1085887,
532531,"STRIDES PHARMA SCIENCE LIMITED",A,STK,880.05,922.2,879.1,911.4,911.4,892.95,605,9623,8729388,
532532,"JAIPRAKASH ASSOCIATES LTD.",T,STK,2.51,2.65,2.47,2.65,2.65,2.53,135,440777,1150265,
532538,"ULTRATECH CEMENT LTD.",A,STK,11450,11450,11058.65,11090.55,11125.4,11457.1,3282,8591,96254707,
532539,"UNO Minda Limited",A,STK,1074.95,1083.5,1046.9,1067.7,1067,1081.4,1842,406983,436131447,
532540,"TATA CONSULTANCY SERVICES LTD.",A,STK,2460,2472.5,2436,2442.85,2442.85,2465.15,35060,326704,800391554,
532541,"COFORGE LIMITED",A,STK,1108.3,1127.5,1077.6,1107.95,1107.95,1108.8,6935,145234,160232420,
532543,"GP PETROLEUMS LTD",B,STK,31,31.7,30.51,31.5,31.55,31.02,167,4454,138951,
532548,"CENTURY PLYBOARDS (I) LTD.",A,STK,688.3,688.75,672.75,684.75,683.25,688.25,115,758,516832,
532553,"WELSPUN ENTERPRISES LIMTED",A,STK,467.15,476.65,454.7,471.55,470,480.55,269,4220,1960835,
532555,"NTPC LTD.",A,STK,379.6,392.4,375.55,390.6,390.6,380,30151,1117164,432478125,
532604,"S.A.L.STEEL LTD.",T,STK,41.33,43.01,41.33,43.01,43.01,42.17,26,430119,17785716,
532605,"JBM AUTO LTD.",A,STK,507.15,525.35,496,515,515.85,511.35,1104,28989,14896030,
532610,"DWARIKESH SUGAR INDUSTRIES LTD",B,STK,38.7,40.6,38.7,38.86,38.92,39.56,634,52380,2058784,
532612,"INDOCO REMEDIES LTD.",B,STK,195,204.1,190.1,199.6,199.3,194.9,70,460,90771,
532613,"VIP Clothing Limited",B,STK,19.67,19.67,18.6,18.75,19.2,18.9,74,5244,98555,
532614,"IMPEX FERRO TECH LTD.",Z,STK,1.78,1.78,1.7,1.7,1.7,1.78,34,61131,107335,
532616,"XCHANGING SOLUTIONS LTD.",B,STK,60.4,60.67,58.91,59.5,59.25,60.84,319,19993,1190884,
532621,"MORARJEE TEXTILES LTD.",Z,STK,7.25,7.25,7.25,7.25,7.25,6.94,1,1,7,
532624,"JINDAL PHOTO LTD.",B,STK,1319.5,1319.5,1215,1235.8,1247,1232.25,247,964,1206300,
532626,"PONDY OXIDES & CHEMICALS LTD.",B,STK,1094.9,1130.95,1075,1103.35,1101.6,1096.15,495,8104,8926095,
532627,"JAIPRAKASH POWER VENTURES LIMI",A,STK,13.62,14.83,13.32,14.16,14.16,13.65,3483,3415716,48089681,
532628,"3I INFOTECH LTD.",B,STK,13.39,13.4,13.05,13.16,13.2,13.23,245,77332,1019132,
532630,"GOKALDAS EXPORTS LTD.",A,STK,601.05,615.65,598,601.55,607,611.8,1022,35394,21394898,
532633,"Alldigi Tech Limited",B,STK,786.9,847.5,783.45,803.2,847.5,811.85,41,174,139281,
532636,"IIFL FINANCE LIMITED",A,STK,476.05,482.75,469.8,481.15,482.25,480.05,1024,48801,23236706,
532637,"MANGALAM DRUGS & ORGANICS LTD.",T,STK,31.87,32.85,30.15,32.5,32.5,31.62,46,5898,180765,
532638,"SHOPPERS STOP LTD.",B,STK,299.15,313.9,296.1,309.3,310.5,305.2,178,3297,1007176,
532640,"CYBER MEDIA (INDIA) LTD.",B,STK,14,14,13.05,13.58,13.58,14,46,1322,17748,
532641,"NANDAN DENIM LIMITED",B,STK,2.42,2.53,2.42,2.5,2.49,2.51,152,130296,323743,
532642,"JSW HOLDINGS LIMITED",A,STK,16140,16620,15622.45,15960.8,15961.05,16126.5,169,30350,485378230,
532644,"J.K.CEMENT LTD.",A,STK,5051.05,5251.2,5040.55,5191.65,5206.5,5148.35,750,2656,13746532,
532645,"BEEYU OVERSEAS LTD.",X,STK,2.27,2.7,2.27,2.5,2.5,2.83,9,3039,7954,
532648,"YES BANK LTD.",A,STK,19.46,19.52,19.04,19.31,19.31,19.53,32199,5174365,99626005,
532649,"NECTAR LIFESCIENCES LTD.",B,STK,11.2,11.56,11.2,11.37,11.37,11.42,56,26882,307377,
532650,"MSP STEEL & POWER LTD.",B,STK,31.99,32.46,31.12,31.67,31.28,31.91,616,93687,2979106,
532651,"SPL INDUSTRIES LTD.",B,STK,27,27.34,27,27,27,27.01,8,241,6541,
532652,"KARNATAKA BANK LTD.",A,STK,227,230.2,221.5,226.95,226.95,228.45,2941,256580,58014932,
532654,"MCLEOD RUSSEL INDIA LTD.",B,STK,39.2,40.31,38.25,38.77,38.25,39.82,482,101433,3955533,
532656,"FACOR ALLOYS LTD.",X,STK,2.39,2.39,2.3,2.34,2.34,2.39,182,134259,313190,
532660,"VIVIMED LABS LTD.",B,STK,7.04,7.13,6.79,6.97,7.13,7.1,48,18739,130340,
532661,"RANE (MADRAS) LTD.",B,STK,807.15,810.2,804.05,804.8,804.05,817.05,32,197,158701,
532662,"HT MEDIA LTD.",B,STK,21,21.68,20.99,21.02,21.02,20.7,47,19125,403728,
532663,"Sasken Technologies Limited",B,STK,1072,1113.55,1066,1076.9,1077.6,1085.4,176,4736,5161425,
532666,"FCS SOFTWARE SOLUTIONS LTD.",B,STK,1.47,1.52,1.45,1.48,1.48,1.49,351,289275,428692,
532667,"SUZLON ENERGY LTD.",A,STK,41.61,43.53,40.92,42.46,42.46,41.61,23690,5433552,230449576,
532668,"AURIONPRO SOLUTIONS LTD.",A,STK,875.1,930.4,866.3,920.65,928,888.1,825,11079,9997953,
532670,"SHREE RENUKA SUGARS LTD.",A,STK,24.5,25.11,24.24,24.58,24.58,24.69,1353,458206,11312645,
532673,"K.M.SUGAR MILLS LTD.",B,STK,25.66,26.1,25.33,25.98,25.98,25.75,148,7173,185261,
532674,"BANNARI AMMAN SPINNING MILLS L",B,STK,20.16,20.9,19.8,20.48,20.41,20.97,281,24175,491472,
532676,"PBA INFRASTRUCTURE LTD.",X,STK,9,9,8,8.5,8.5,8.53,19,2653,22423,
532683,"AIA ENGINEERING LTD.",A,STK,3651.5,3752.25,3628.15,3711.25,3701,3735.25,323,954,3526994,
532684,"EVEREST KANTO CYLINDER LTD.",B,STK,108.85,112.65,106.35,108.2,109.4,111.65,609,20933,2291093,
532686,"KERNEX MICROSYSTEMS (INDIA) LT",B,STK,1001.8,1021.1,976.15,991.9,990.2,995.25,461,5561,5563288,
532687,"REPRO INDIA LTD.",B,STK,382.6,386,363,365.1,366,377.6,82,463,173610,
532689,"PVR INOX LIMITED",A,STK,1027.7,1027.7,990.5,995.75,996,1027.7,1227,16565,16680446,
532694,"BARTRONICS INDIA LTD.",B,STK,8.99,8.99,8.61,8.75,8.9,8.85,520,243294,2134813,
532695,"CELEBRITY FASHIONS LTD.",B,STK,7.81,7.81,7.81,7.81,7.81,8.06,1,73,570,
532698,"NITIN SPINNERS LTD.",B,STK,352.4,363.85,349.6,360.3,357.95,360.75,408,7056,2507317,
532699,"ROYAL ORCHID HOTELS LTD.",B,STK,321.5,342.5,321,335.55,333.3,327.15,82,1231,410304,
532700,"ENTERTAINMENT NETWORK (INDIA)",B,STK,106.1,106.55,105.3,106.45,106.55,106.1,19,325,34456,
532701,"CELLA SPACE LIMITED",Z,STK,13.6,14.27,12.92,12.92,12.92,13.6,18,7667,100637,
532702,"GUJARAT STATE PETRONET LTD.",A,STK,283.75,311.4,277.65,278.65,278.65,285.6,6618,343267,100606131,
532705,"JAGRAN PRAKASHAN LTD.",B,STK,63.2,63.65,62.65,63.05,63.4,63.44,344,11830,747811,
532707,"DYNEMIC PRODUCTS LTD.",B,STK,210,218.1,206,209.15,207.25,215,265,10942,2310188,
532708,"GVK POWER & INFRASTRUCTURE LTD",T,STK,2.73,2.78,2.68,2.72,2.72,2.73,130,197925,539201,
532710,"SADBHAV ENGINEERING LTD.",T,STK,9.18,9.27,8.39,8.84,9.27,8.83,206,158106,1377051,
532712,"RELIANCE COMMUNICATIONS LTD.",T,STK,0.96,0.98,0.95,0.98,0.98,0.94,490,1775195,1735921,
532713,"SAKUMA EXPORTS LTD.",B,STK,1.6,1.7,1.57,1.6,1.64,1.63,281,268075,429916,
532714,"KEC INTERNATIONAL LTD.",A,STK,568.95,576.8,535.2,560.3,560.3,547.8,7820,244258,135047780,
532716,"GILLANDERS ARBUTHNOT & CO.LTD.",B,STK,82,85.22,77.1,82.03,80.41,83,135,1659,135979,
532717,"INDO TECH TRANSFORMERS LTD.",B,STK,1343.3,1386,1325,1374.5,1374.5,1376.45,291,1610,2191295,
532719,"B.L.KASHYAP AND SONS LTD.",B,STK,51.37,51.69,50.72,50.85,51.04,52.05,142,11414,584735,
532720,"MAHINDRA & MAHINDRA FINANCIAL",A,STK,348.95,351.85,343.8,346.3,347.9,353.45,1753,63311,21944779,
532721,"VISA STEEL LTD.",B,STK,34.3,34.3,34.3,34.3,34.3,34.96,1,200,6860,
532722,"NITCO LTD.",B,STK,67,69.79,66.5,67.7,68.35,68.91,204,11815,807171,
532723,"MPDL LIMITED",X,STK,34.96,34.97,31.81,34.75,34.75,33.45,9,205,7157,
532725,"SOLAR INDUSTRIES INDIA LTD.",A,STK,14397.55,14751.45,14327.5,14524.3,14550.85,14513.6,1590,5487,79694290,
532726,"GALLANTT ISPAT LIMITED",B,STK,514.65,584.2,514.6,551.25,549,526.9,1190,28227,15937159,
532728,"MALU PAPER MILLS LTD.",B,STK,31.75,32.2,31.31,31.93,32.2,31.8,6,88,2777,
532729,"UTTAM SUGAR MILLS LTD.",B,STK,202.15,202.6,196.1,197,196.45,200.45,139,37689,7429471,
532730,"STL GLOBAL LTD.",B,STK,10.96,11.44,10.9,11.03,11.03,11.29,10,1107,12546,
532732,"KEWAL KIRAN CLOTHING LTD.",B,STK,473.3,478.95,468.2,476.85,472.6,480.95,36,178,84353,
532733,"SUN TV NETWORK LTD.",A,STK,570.4,597.25,565.7,592.6,592.6,577.9,539,11789,6899045,
532734,"GODAWARI POWER & ISPAT LTD.",A,STK,252.1,268,246.95,264.7,264.7,253.95,3022,205073,53440534,
532735,"R SYSTEMS INTERNATIONAL LTD.",B,STK,302.05,309,285.6,287.75,287.5,301.95,5817,418423,123487777,
532737,"EMKAY GLOBAL FINANCIAL SERVICE",B,STK,217.35,219.5,216.6,218,218,218.4,13,10239,2246966,
532738,"TwamevConstruction and Infrast",B,STK,25.87,26.59,25.87,26.37,26.59,26.09,190,33228,875808,
532740,"LOKESH MACHINES LTD.",B,STK,207.1,213.8,198.35,210.45,211.75,210.2,359,6266,1284191,
532741,"Kamdhenu Limited",B,STK,22,23.1,21.82,22.24,22.25,22.54,268,61648,1377476,
532742,"PAUSHAK LTD.",B,STK,415.4,433,414.45,424.35,419.65,415.35,305,11501,4884307,
532744,"GTN TEXTILES LTD.",XT,STK,8.6,8.6,8.6,8.6,8.6,8.61,2,1306,11231,
532748,"PRIME FOCUS LTD.",B,STK,275,284.6,270.45,274.55,275,275.35,2136,228927,63122785,
532749,"ALLCARGO LOGISTICS LTD.",B,STK,7.68,8.01,7.63,7.91,7.9,7.87,940,341522,2689111,
532754,"GMR Airports Limited",A,STK,92.05,95.05,92.05,93.25,93.4,93.85,2871,267976,25037630,
532755,"TECH MAHINDRA LTD.",A,STK,1330.75,1356.3,1327.3,1350.15,1355.45,1333.95,18152,63065,84817005,
532756,"CIE Automotive India Limited",A,STK,465,465,452.45,457.55,456.45,470.55,682,10586,4857457,
532757,"VOLTAMP TRANSFORMERS LTD.",A,STK,8400,8777.6,8371,8728.5,8704.75,8528.5,539,5304,45299995,
532759,"ATLANTAA LIMITED",B,STK,37.01,37.23,36.62,36.77,36.63,37.18,114,7773,287209,
532762,"ACTION CONSTRUCTION EQUIPMENT",A,STK,845,900.2,834.1,864.45,868.95,852.6,1702,28807,25044835,
532764,"GEECEE VENTURES LIMITED",B,STK,265,267,259.15,260.65,260.65,269.65,30,182,47599,
532768,"FIEM INDUSTRIES LTD.",B,STK,2104.95,2144.2,2048.3,2100.85,2103.1,2111.8,493,2978,6262536,
532771,"JHS SVENDGAARD LABORATORIES LT",B,STK,9.3,9.3,8.84,8.98,8.98,9.3,83,10258,92441,
532772,"DCB BANK LIMITED",A,STK,169.25,176.25,167.4,173.9,174.25,171.75,757,49448,8483779,
532773,"GLOBAL VECTRA HELICORP LTD.",B,STK,162,167,160,167,167,163.95,13,63,10195,
532774,"Inspirisys Solutions Limited",T,STK,80.96,80.96,80.96,80.96,80.96,77.11,5,399,32303,
532775,"GTL INFRASTRUCTURE LTD.",B,STK,1.1,1.1,1.08,1.09,1.09,1.1,8753,5024573,5485845,
532776,"SHIVAM AUTOTECH LTD.",B,STK,16.48,16.8,16.48,16.6,16.6,16.87,56,3300,54945,
532777,"INFO EDGE (INDIA) LTD.",A,STK,943.45,957.1,938,955.5,957.1,957.4,2474,34354,32522424,
532779,"TORRENT POWER LTD.",A,STK,1438.85,1517,1432.85,1506.05,1501.3,1438.85,2493,43603,64991844,
532780,"PARSVNATH DEVELOPERS LTD.",B,STK,7.17,7.38,7,7.14,7.06,7.1,149,66929,483093,
532782,"SUTLEJ TEXTILES & INDUSTRIES L",B,STK,29.45,32.25,29.45,32.25,32.25,30.05,69,4707,148928,
532783,"LT FOODS LTD.",A,STK,399.95,399.95,374,389.15,389.1,382.4,2794,112361,43008375,
532784,SOBHA,A,STK,1350.4,1358.9,1311.15,1342.6,1344.95,1355.55,604,4058,5419937,
532785,"RUCHIRA PAPERS LTD.",B,STK,104.25,106.45,104,105.05,105.05,104.05,18,706,74501,
532790,"TANLA PLATFORMS LIMITED",A,STK,437.85,437.85,426.7,432.15,431.8,438.75,725,24526,10579060,
532794,"ZEE MEDIA CORPORATION LIMITED",T,STK,7.92,8.45,7.81,7.92,7.99,8.06,388,77569,624116,
532795,"Siti Networks Ltd.",Z,STK,0.49,0.49,0.49,0.49,0.49,0.49,38,113279,55506,
532796,"LUMAX AUTO TECHNOLOGIES LTD.",A,STK,1460.05,1460.05,1381,1392.5,1386,1469.55,770,9703,13728196,
532797,"AUTOLINE INDUSTRIES LTD.",B,STK,65.02,68,64.72,65.19,65.1,67.43,193,5305,350004,
532798,"NETWORK18 MEDIA & INVESTMENTS",A,STK,32.25,33.43,31.75,32.92,32.92,32.59,1176,282169,9229440,
532799,"HUBTOWN LTD.",B,STK,208.7,212.55,203,203.3,203.3,212.3,538,31065,6454689,
532801,"CAMBRIDGE TECHNOLOGY ENTERPRIS",B,STK,26.85,26.86,24.12,25,25.09,26.8,168,71499,1737866,
532804,"TECHNOCRAFT INDUSTRIES (INDIA)",B,STK,2060,2078.4,2035.15,2041.95,2048,2085.1,69,546,1131703,
532805,"Redington Limited",A,STK,245.8,249.35,236.15,245.55,246.45,247.4,5851,400976,97647821,
532806,"AI CHAMPDANY INDUSTRIES LTD.",X,STK,25.98,25.98,24.45,25.9,25.9,25.91,10,569,14695,
532807,"CINELINE INDIA LIMITED",B,STK,86,88.5,83,88.43,88.49,86.08,18,284,24514,
532808,"PEARL GLOBAL INDUSTRIES LIMITE",A,STK,1481.2,1525.5,1443,1515.1,1520,1488.6,339,2947,4392790,
532809,"FIRSTSOURCE SOLUTIONS LTD.",A,STK,215,225,213.05,222.05,222.05,217.9,1382,62227,13599375,
532810,"POWER FINANCE CORPORATION LTD.",A,STK,404.8,421,398,416,416,406.8,4740,304365,125632136,
532811,"AHLUWALIA CONTRACTS (INDIA) LT",B,STK,770.6,770.6,750.6,762.45,760,770.6,236,1365,1038675,
532812,"TRANSWARRANTY FINANCE LTD.",B,STK,14.85,14.85,12.25,12.8,12.8,12.6,6,260,3390,
532814,"INDIAN BANK",A,STK,913.05,922,889.5,909.35,909.1,918.05,2718,39703,35939057,
532815,"SMS PHARMACEUTICALS LTD.",B,STK,406.35,419.3,401,402.95,405.3,412.85,827,23731,9671687,
532817,"ORIENTAL TRIMEX LTD.",B,STK,6.23,6.23,6,6.08,6.08,6.1,15,3212,19309,
532820,"E-Land Apparel Limited",XT,STK,13.92,13.92,13.66,13.8,13.8,13.26,16,5264,71947,
532822,"VODAFONE IDEA  LIMITED",A,STK,9.64,9.74,9.35,9.58,9.58,9.71,32434,33901609,324245205,
532825,"JAGJANANI TEXTILES LTD.",X,STK,4,4,3.98,3.98,3.98,4,3,57,227,
532826,"RAJ TELEVISION NETWORK LTD.",B,STK,39.21,39.5,39.2,39.25,39.5,39.3,4,101,3963,
532827,"PAGE INDUSTRIES LTD.",A,STK,31321.6,31321.6,30700,30821.4,30799.6,31577.95,144,212,6549528,
532828,"AMD INDUSTRIES LTD.",B,STK,40,40,36,37.78,37.78,38.86,48,2019,76493,
532829,"LEHAR FOOTWEARS LIMITED",X,STK,229.6,229.6,212.05,214.85,214.85,226.1,658,35862,7802492,
532830,"ASTRAL LIMITED",A,STK,1729.95,1729.95,1633.8,1697,1690.9,1746.25,7180,164279,276416021,
532832,"EMBASSY DEVELOPMENTS LIMITED",T,STK,54.02,55.59,53.2,54.29,54.23,55.09,797,123247,6687998,
532834,"Camlin Fine Sciences Ltd",A,STK,142.75,145.6,137.7,144.9,145.25,142.75,399,35671,5100098,
532835,"ICRA LTD.",B,STK,5388.85,5416,5372.75,5412.5,5373,5440.75,20,30,161991,
532839,"DISH TV INDIA LTD.",B,STK,2.58,2.6,2.51,2.55,2.52,2.59,511,592773,1519257,
532841,"SAHYADRI INDUSTRIES LTD.",B,STK,230.6,234,223.5,230.95,231,239,70,168,38357,
532842,"SREE RAYALASEEMA HI-STRENGTH H",B,STK,430.55,515.95,429.65,452.75,445.1,430,293,2215,1026883,
532843,"FORTIS HEALTHCARE LTD.",A,STK,862.55,874.6,852.25,860.25,865.25,880.5,3570,47125,40545554,
532845,"TGB BANQUETS AND HOTELS LTD.",B,STK,9,9,8.9,8.99,8.99,8.92,15,405,3638,
532847,"HILTON METAL FORGING LTD.",B,STK,16.9,17.29,16.78,16.8,16.78,16.86,106,23822,405374,
532848,"DELTA CORP LTD.",A,STK,56.5,57.07,54.8,55.26,55.26,56.95,1735,201721,11250703,
532850,"MIC ELECTRONICS LTD.",B,STK,34.26,35.65,33.92,35.11,34.85,34.86,370,33587,1172995,
532851,"INSECTICIDES (INDIA) LTD.",B,STK,575,619.95,568.8,611,613.9,577.55,131,1244,739194,
532853,"ASAHI SONGWON COLORS LTD.",B,STK,193.05,193.55,189,189.55,192,196.05,132,1398,266939,
532855,"HARYANA CAPFIN LTD.",X,STK,132.05,144.95,132.05,136.35,136.35,134.65,21,79,10793,
532856,"TIME TECHNOPLAST LTD.",A,STK,169,170.9,166.5,168.25,170.9,171.75,1260,85955,14489503,
532859,"HINDUJA GLOBAL SOLUTIONS LTD.",B,STK,380,380,366.2,375,375,379.8,295,46004,17228442,
532864,"NELCAST LTD.",B,STK,118.2,127.15,117.8,124,124,120.35,456,14379,1747194,
532867,"V2 RETAIL LTD.",B,STK,1989.95,1998.95,1920.15,1986.5,1991.75,1965.8,287,1061,2070337,
532868,"DLF LTD.",A,STK,570.85,571.65,555.8,558.9,558.9,572.95,2900,93011,52410264,
532869,"TARMAT LTD.",T,STK,52.57,52.57,52.54,52.54,52.54,55.3,27,3172,166677,
532870,"ANKIT METAL & POWER LTD.",Z,STK,1.68,1.68,1.54,1.63,1.63,1.62,25,14018,21767,
532872,"SUN PHARMA ADVANCED RESEARCH C",B,STK,127.9,127.9,120.95,122.1,122.3,125.2,852,83174,10203270,
532875,"ALLIED DIGITAL SERVICES LTD.",B,STK,102.75,106.1,102,103.5,103.8,105.3,374,13799,1433478,
532878,"ALPA LABORATORIES LTD.",B,STK,61,62.61,59.81,62.37,62.37,64.67,47,758,46436,
532879,"SIR SHADI LAL ENTERPRISES LTD.",X,STK,251,251.1,251,251.05,251.05,251.15,3,161,40416,
532880,"OMAXE LTD.",B,STK,73.22,76.02,72.5,73,73.7,74.88,54,14540,1088863,
532884,"REFEX INDUSTRIES LTD.",A,STK,207.1,218,203.9,208.4,208.4,210,882,44411,9331680,
532885,"CENTRAL BANK OF INDIA",A,STK,36.3,36.98,35.62,36.6,36.6,36.58,1818,398133,14430720,
532886,"SEL MANUFACTURING COMPANY LTD.",B,STK,29.51,31.86,28.85,29,28.9,30.35,61,43064,1321088,
532888,"ASIAN GRANITO INDIA LTD.",B,STK,66,66.5,64.23,64.4,64.3,66.06,719,96087,6252648,
532889,"K.P.R.MILL LIMITED",A,STK,808.7,935.8,796.05,909.4,875,810.45,7167,160879,143917176,
532890,"TAKE SOLUTIONS LTD.",T,STK,40.91,41.71,40.48,41.71,41.71,39.73,315,123550,5150940,
532891,"Puravankara Limited",B,STK,194,194,186.05,187.25,187.95,194.55,308,23911,4527322,
532892,"MOTILAL OSWAL FINANCIAL SERVIC",A,STK,693.5,712.45,682.6,697.4,701.75,699.05,3117,67750,47270998,
532893,"VTM LTD.",X,STK,84,89.19,83,85.84,85.84,84.13,173,29496,2512596,
532894,"INDOWIND ENERGY LTD.",B,STK,8.9,8.9,8.26,8.36,8.36,8.59,247,58104,486922,
532895,"NAGREEKA CAPITAL & INFRASTRUCT",B,STK,25.5,25.6,24.45,24.5,24.5,25.51,32,7819,194911,
532896,"MAGNUM VENTURES LTD.",B,STK,19.5,19.98,19.17,19.37,19.45,19.5,52,11583,225617,
532898,"POWER GRID CORPORATION OF INDI",A,STK,296.4,304.95,295,303.7,303.7,298.8,22630,487406,147191713,
532899,"KAVERI SEED COMPANY LTD.",A,STK,786.45,803.7,769.7,800.8,800.8,800.1,555,5455,4300988,
532900,"PAISALO DIGITAL LIMITED",A,STK,32.45,32.62,31.95,32.18,32.07,32.86,356,59575,1928286,
532902,"CONSOLIDATED CONSTRUCTION CONS",B,STK,15.25,16.07,15.25,16.02,15.89,15.87,66,37779,587910,
532904,"SUPREME INFRASTRUCTURE INDIA L",Z,STK,74,75.99,73,75.45,75.94,76.69,6,32,2375,
532906,"MAAN ALUMINIUM LTD.",T,STK,128.5,134,126,132,131.2,130.35,65,9315,1217630,
532907,"IL&FS ENGINEERING AND CONSTRUC",Z,STK,22.9,23.5,22.44,23.17,23.5,23.56,5,74,1705,
532911,"PARLE INDUSTRIES LIMITED",X,STK,6.65,6.67,5.5,6.06,6,6.52,925,527938,3102320,
532915,"RELIGARE ENTERPRISES LTD.",A,STK,219.65,220.4,210,210.3,210.7,220.1,476,32777,7132270,
532916,"BARAK VALLEY CEMENTS LTD.",B,STK,39.59,40,39.05,39.9,39.99,39.59,32,2236,88525,
532918,"RATHI BARS LTD.",X,STK,23.79,23.79,23.5,23.72,23.73,22.97,30,4099,96857,
532921,"ADANI PORTS AND SPECIAL ECONOM",A,STK,1407.5,1418.9,1375,1391.3,1391.3,1410.7,23146,163807,229397410,
532922,"EDELWEISS FINANCIAL SERVICES L",A,STK,106,110.3,104.95,108.05,108.05,108.6,1112,143248,15300316,
532923,"RENAISSANCE GLOBAL LIMITED",B,STK,102,106.45,99.25,104.35,104.5,103.75,636,38416,3907676,
532924,"KOLTE-PATIL DEVELOPERS LTD.",B,STK,331.8,336.4,324.05,331.6,326.75,336,227,10109,3330643,
532925,"KAUSHALYA INFRASTRUCTURE DEVEL",B,STK,837,837,822,828,825,875,3,3,2484,
532926,"JYOTHY LABS LIMITED",A,STK,235.9,235.9,228.45,229.3,229.3,236.6,1797,31628,7280908,
532927,"ECLERX SERVICES LTD.",A,STK,3114,3203.35,3031.2,3153.15,3153.15,3115,1713,10216,32074980,
532928,"TRANSFORMERS AND RECTIFIERS (I",A,STK,287.2,294.6,282.3,292.75,292.65,289.25,2792,141921,41130721,
532929,"BRIGADE ENTERPRISES LTD.",A,STK,669.05,679.15,649.65,664.85,667.4,672.45,1143,16410,10879853,
532930,"BGR ENERGY SYSTEMS LTD.",T,STK,330,331.85,322.4,324.2,322.4,339.35,196,13585,4424298,
532932,"MANAKSIA LTD.",B,STK,55.3,57.2,54.34,56.72,56.2,56.27,86,2310,129821,
532933,"PORWAL AUTO COMPONENTS LTD.",X,STK,49.2,50,47.4,48.94,48.94,49.85,54,2270,111502,
532934,PPAP,B,STK,203.1,204.95,201.15,204.95,204.95,201.3,41,258,52465,
532935,"ARIES AGRO LTD.",B,STK,339.25,346.5,338.1,340.4,340.4,345.65,33,416,142991,
532937,"KUANTUM PAPERS LTD.",B,STK,81.74,82.5,81.17,81.58,82.4,82.49,25,510,41710,
532939,"RELIANCE POWER LTD.",A,STK,22.6,24.25,22.29,23.68,23.68,22.86,8780,4877237,114310256,
532940,"J.KUMAR INFRAPROJECTS LTD.",A,STK,498,507.6,488.85,500.2,500.2,505.1,264,3441,1718232,
532941,"CORDS CABLE INDUSTRIES LTD.",B,STK,157,158,152.3,153.5,153,158.7,128,2582,399036,
532942,"KNR CONSTRUCTIONS LTD.",A,STK,125,128.4,121.7,126.45,126.45,126.2,1250,61770,7717569,
532944,ONMOBILE,B,STK,50.97,51.46,50.05,50.44,50.25,51.09,108,4304,218165,
532945,"SEPC LIMITED",B,STK,6.51,6.64,6.17,6.21,6.21,6.53,3153,11122658,69631292,
532946,"BANG OVERSEAS LTD.",B,STK,37.5,37.5,37.5,37.5,37.5,37.5,1,1,37,
532947,"IRB INFRASTRUCTURE DEVELOPERS",A,STK,42.28,42.95,41.34,42.55,42.55,42.1,3756,796742,33701996,
532951,"GSS INFOTECH LTD.",B,STK,12.89,12.89,11.83,12,12,12.26,154,22654,274872,
532952,"NAHAR CAPITAL & FINANCIAL SERV",B,STK,220.55,235,219.35,232.6,233.05,220.05,318,12337,2781693,
532953,"V-GUARD INDUSTRIES LTD.",A,STK,312.4,319.75,305.65,318.6,317,315.1,618,13610,4264666,
532955,"REC LIMITED",A,STK,331.6,349.4,327.45,343.45,343.5,332.7,5739,276477,93921396,
532957,"GOKAK TEXTILES LTD.",XT,STK,64,65.99,64,65,65,64,14,331,21654,
532966,"TITAGARH RAIL SYSTEMS LIMITED",A,STK,645.05,664,638.4,656.4,658.9,655.6,1662,43679,28307085,
532967,"KIRI INDUSTRIES LTD.",A,STK,390.1,408.75,385.05,401.75,401.75,396.3,851,32800,13113918,
532974,"ADITYA BIRLA MONEY LTD.",B,STK,116.45,124.1,116.45,121.05,119.8,122.5,82,3419,413481,
532975,"TELOGICA LIMITED",X,STK,8.51,9.73,8.51,9.72,9.7,9.23,41,14537,138002,
532976,"JAI BALAJI INDUSTRIES LTD.",A,STK,67.2,68.61,64.84,66.52,66.52,67.46,1322,211785,14128026,
532977,"BAJAJ AUTO LTD.",A,STK,9270.05,9270.1,9080.05,9165.15,9165.15,9330.95,4553,20110,184532903,
532978,"BAJAJ FINSERV LTD.",A,STK,1782.25,1794.95,1763,1770.9,1775.7,1794.25,17973,49635,88089311,
532980,"GOKUL REFOILS & SOLVENT LTD.",B,STK,41.54,42.03,41.2,41.2,41.2,41.5,114,665,27670,
532983,"RPG LIFE SCIENCES LTD.",B,STK,1889.05,2008,1872,1970.3,1962.6,1889.05,103,911,1802941,
532985,"KOTAK MAHINDRA MUTUAL FUND",A,STK,84.7,84.7,83,83.68,84.05,84.07,137,11195,933620,
532986,"NIRAJ CEMENT STRUCTURALS LTD.",B,STK,26.94,27.41,26.3,26.53,26.4,26.85,89,2109,56992,
532989,"BAFNA PHARMACEUTICALS LTD.",B,STK,101.2,104.6,101.2,102.65,102.65,105.55,10,113,11642,
532992,"CHL LTD.",X,STK,30.54,30.8,30,30.7,30.7,30.85,6,22,668,
532993,"SEJAL GLASS LIMITED",B,STK,556,556,519.1,540.6,549.95,529.55,120,1978,1077368,
532994,"ARCHIDPLY INDUSTRIES LTD.",B,STK,76.5,78.23,72.68,74.81,76.98,77,20,514,37771,
532998,"Lotus Eye Hospital And Institu",B,STK,106.05,107.2,102.65,103.45,103.45,107.9,76,1069,111933,
533001,"SOMI CONVEYOR BELTINGS LTD.",B,STK,101.85,102.65,100.3,102.35,102.65,100.85,41,1047,106876,
533007,"LGB FORGE LTD.",X,STK,6.45,6.58,6.31,6.34,6.34,6.42,186,133420,853075,
533012,"LANDMARK PROPERTY DEVELOPMENT",B,STK,5.52,6.1,5.52,5.7,5.7,5.79,27,1943,11175,
533014,"SICAGEN INDIA LTD.",X,STK,48.11,53.7,48.11,51.8,51.78,52,81,8711,448156,
533022,"20 MICRONS LTD.",B,STK,166.65,166.65,161.9,163.6,163.6,165.45,252,7602,1245221,
533023,"ZF Commercial Vehicle Control",A,STK,13774.15,14010,13610,13984.95,13936.95,13959.25,233,19856,277624837,
533029,"ALKALI METALS LTD.",B,STK,61,61,58.5,60.48,60.5,61,15,1290,76090,
533033,"ISGEC HEAVY ENGINEERING LTD.",A,STK,949.8,972.95,934,939.35,939.6,949.75,564,5334,5063368,
533047,"INDIAN METALS & FERRO ALLOYS L",B,STK,1209.95,1281.1,1188.4,1265.5,1264.3,1229.55,750,7680,9581220,
533048,"Teamo Productions HQ Limited",B,STK,0.54,0.55,0.52,0.53,0.53,0.54,182,517613,275451,
533056,"VEDAVAAG SYSTEMS LTD.",X,STK,18.9,19.44,18.8,19.07,19.3,19.18,88,11452,219639,
533080,"MOLD-TEK PACKAGING LIMITED",B,STK,526.15,526.15,507.95,515.95,519.15,526.15,184,2219,1142698,
533088,"MAHINDRA HOLIDAYS & RESORTS IN",B,STK,268.15,269,263.2,266.5,268.1,268.15,282,3172,841934,
533090,"EXCEL REALTY N INFRA LTD.",B,STK,1.19,1.24,1.13,1.14,1.15,1.19,349,801898,934414,
533093,"RAJ OIL MILLS LTD.",B,STK,45.09,45.44,44.44,45.44,45.44,45.55,4,177,7898,
533095,"BENGAL & ASSAM COMPANY LTD.",B,STK,5909.05,5909.05,5800,5850.15,5850.15,5901.95,129,1331,7783677,
533096,"ADANI POWER LTD.",A,STK,139,152,137.25,149.1,149.1,138.85,32418,5299147,775452404,
533098,"NHPC LTD.",A,STK,73.09,76.33,72.8,74.82,74.87,73.42,2642,509998,38120361,
533100,"PREMIER ENERGY AND INFRASTRUCT",X,STK,7,7,7,7,7,6.84,13,1831,12817,
533101,"SURYAAMBA SPINNING MILLS LTD.",X,STK,123.05,123.05,118.05,122.4,122.5,123.05,6,81,9757,
533104,"GLOBUS SPIRITS LTD.",B,STK,847.1,866.35,830.2,839.6,835,847.05,314,1876,1584805,
533106,"OIL INDIA LTD.",A,STK,483.1,489.85,476,478.95,478.95,482.7,6352,303993,146620803,
533107,"SWAN DEFENCE AND HEAVY INDUSTR",T,STK,2117,2285.3,2101,2285.05,2285.3,2176.5,395,3505,7906029,
533108,"BHILWARA TECHNICAL TEXTILES LT",X,STK,34.14,35,33.3,34.61,34.61,34.14,45,7531,260873,
533121,"EXPLEO SOLUTIONS LIMITED",B,STK,756.25,756.25,737.4,743.4,743.4,756.25,107,4909,3674355,
533122,"RATTANINDIA POWER LTD.",A,STK,7.98,8.6,7.86,8.53,8.59,8.09,11487,2786743,23334236,
533137,"DEN NETWORKS LTD",B,STK,26.38,27.41,26.26,26.92,26.9,26.75,151,18893,505592,
533138,"ASTEC LIFESCIENCES LIMITED",B,STK,629.3,637.9,624.25,627.35,625,625.15,74,612,386565,
533146,"D-LINK (INDIA) LTD",B,STK,393.05,398.75,391.7,395.25,396.05,399.25,155,2487,980461,
533148,"JSW ENERGY LTD",A,STK,484.5,528,484.15,518.4,518.4,487.7,19886,1180596,612650082,
533149,"Yunik Managing Advisors Limite",X,STK,8.94,8.94,7.09,7.16,7.15,7.89,20,1000,8180,
533150,"GODREJ PROPERTIES LTD",A,STK,1645,1645,1601,1614.65,1611,1650.15,1881,16583,26874580,
533151,"D B CORP LTD",B,STK,207.65,210,205.4,206.9,205.4,210.3,86,2519,522996,
533152,"MBL Infrastructure Ltd",B,STK,24.88,25.41,24.1,24.75,24.1,25.16,69,26842,660172,
533155,"JUBILANT FOODWORKS LTD",A,STK,467.1,469.05,452.15,461.6,462.35,472.45,2259,81326,37508537,
533156,"VASCON ENGINEERS LTD",B,STK,34.81,37.55,34.22,34.7,34.7,34.12,1195,160948,5662416,
533158,"THANGAMAYIL JEWELLERY LTD",A,STK,3535,3600.25,3363,3562.2,3560.6,3538.65,1549,8858,30895874,
533160,"VALOR ESTATE LIMITED",A,STK,101.45,107.55,98.8,103.45,103.45,101.3,1323,381086,40430504,
533161,"EMMBI INDUSTRIES LTD",B,STK,83,85,82.01,83.07,84.49,83,14,726,60997,
533162,"HATHWAY CABLE & DATACOM LTD",B,STK,10.08,10.18,9.9,10.05,10.02,10.08,632,373061,3755438,
533164,"TEXMO PIPES & PRODUCTS LTD.",B,STK,44.6,45.93,43.97,45.72,45.85,44.43,301,21026,937389,
533166,"SUNDARAM MULTI PAP LTD.",B,STK,1.31,1.31,1.27,1.29,1.3,1.28,77,37645,48641,
533167,"COROMANDEL ENGINEERING COMPANY",XT,STK,69.97,70.7,67.68,70,70,69.97,16,751,52795,
533168,"ROSSELL INDIA LTD.",B,STK,45.72,46.55,44.66,45.21,45.2,45.51,91,56780,2622951,
533169,"MAN INFRACONSTRUCTION LTD.",A,STK,97.15,100.55,96.5,98.05,98,98.6,544,41338,4074762,
533170,"TAMBOLI INDUSTRIES LIMITED",X,STK,154,155,153.9,154,154,144.15,22,738,113864,
533172,"INVESCO India Gold Exchange Tr",E,STK,13909,13910,13900,13900,13900,13922.8,4,5,69528,
533177,"IL&FS TRANSPORTATION NETWORKS",Z,STK,2.32,2.34,2.28,2.32,2.32,2.33,15,2935,6710,
533179,"PERSISTENT SYSTEMS LTD.",A,STK,4735.9,4748.35,4629.1,4718.45,4734.5,4744.65,2872,18413,86423057,
533181,"INTRASOFT TECHNOLOGIES LTD.",B,STK,67.75,73.6,66,72.84,73.6,70.67,89,1386,97695,
533192,"KCP SUGAR & INDUSTRIES CORPORA",B,STK,23.97,24.1,23.73,23.81,24.1,23.54,63,4057,96868,
533193,"KIRLOSKAR ELECTRIC COMPANY LTD",B,STK,82.81,84.68,81.19,82.95,84,82.9,177,9427,785156,
533202,"SATCHMO HOLDINGS LIMITED",X,STK,3.5,3.55,3.45,3.45,3.45,3.5,128,101725,355418,
533203,"TARAPUR TRANSFORMERS LTD",B,STK,24.63,25.3,24,24.02,24.02,24.63,72,1724,41907,
533206,"SJVN LTD",A,STK,70.01,73.37,69.25,72.33,72.33,70.49,2340,380463,27262417,
533208,"EMAMI PAPER MILLS LTD.",B,STK,75.4,76.6,74.89,75.76,75.61,76.65,41,559,42239,
533210,"KRITI NUTRIENTS LTD",B,STK,64.93,66.25,64,64.2,64.2,64.93,15,586,38055,
533212,"GKB OPHTHALMICS LTD.",X,STK,56.09,57.97,54.5,54.61,54.5,56.09,17,539,29441,
533217,"HINDUSTAN MEDIA VENTURES LTD.",B,STK,64,64,60.16,63.89,63.89,64.69,24,5668,352518,
533218,"EMAMI REALTY LIMITED",B,STK,58.76,60.45,56.71,58.33,57.56,59.09,72,12780,765768,
533227,"ASIAN HOTELS (EAST) LTD.",B,STK,157.9,169.25,149.7,152,152,159.9,23,1411,217739,
533229,"BAJAJ CONSUMER CARE LIMITED",B,STK,355,358.5,345.25,353.2,354.05,357.75,1368,24257,8534118,
533230,"HDFC MUTUAL FUND - HDFC GOLD E",E,STK,133.81,137.14,133.81,136.79,136.6,137.25,1980,181502,24762096,
533239,"PRAKASH STEELAGE LTD.",B,STK,4.16,4.26,4.02,4.09,4.07,4.16,42,13561,55889,
533244,"ICICI Prudential Gold ETF",E,STK,140.78,140.78,136.01,137.06,137,137.35,1848,106004,14489972,
533248,"GUJARAT PIPAVAV PORT LTD.",A,STK,159.8,160.8,156.2,159.45,159.45,159.75,1215,61491,9757928,
533257,"INDOSOLAR LTD.",T,STK,333.55,338,321.15,326.5,325.4,337.6,254,20871,6828280,
533260,"CP CAPITAL LIMITED",B,STK,88.5,89.95,85.56,86.14,85.56,88.73,36,651,56695,
533262,"RAMKY INFRASTRUCTURE LTD.",B,STK,460,465.15,448,458.05,457.95,459.25,480,8401,3832546,
533263,"ORIENT GREEN POWER COMPANY LTD",B,STK,9.26,10.1,9.1,9.87,9.87,9.28,2020,846419,8206110,
533267,"CANTABIL RETAIL INDIA LTD.",B,STK,255.7,258.95,248.45,256.9,257,256.75,250,14305,3650038,
533268,"SEA TV NETWORK LTD.",X,STK,4.42,4.42,4.4,4.4,4.4,4.44,2,3,13,
533269,"VA TECH WABAG LTD.",A,STK,1280.1,1304.2,1251.25,1275.85,1275.85,1253.15,2910,48887,62200942,
533270,"BEDMUTHA INDUSTRIES LTD.",T,STK,122.8,128,122.8,128,128,128.25,13,2098,261884,
533271,"ASHOKA BUILDCON LTD.",A,STK,119.05,123.45,117.05,120.95,120.95,120.95,1102,77582,9313786,
533272,"JUPITER WAGONS LIMITED",A,STK,272.1,276.6,266.65,272.35,272.35,275.95,4611,359366,97757915,
533273,"OBEROI REALTY LTD.",A,STK,1460.05,1500,1453.05,1470.7,1500,1483.9,1109,6303,9271396,
533274,"PRESTIGE ESTATES PROJECTS LTD.",A,STK,1271.25,1283.9,1236.85,1252.45,1264.55,1272.65,1726,11155,14047043,
533275,"SHAH METACORP LIMITED",B,STK,4.9,4.9,4.75,4.83,4.83,4.8,160,255882,1236575,
533278,"COAL INDIA LTD.",A,STK,446.3,473.9,444.9,470.15,470.15,446.3,18353,1054775,489918009,
533282,"GRAVITA INDIA LTD.",A,STK,1508.85,1515,1467.95,1506.25,1506.25,1505.2,520,7311,10871393,
533284,"RPP INFRA PROJECTS LTD.",B,STK,69.97,73.5,69.97,70.44,71.46,71.11,193,4949,350944,
533285,"RDB INFRASTRUCTURE AND POWER L",X,STK,46.01,46.5,43.61,44.52,44,45.15,608,118090,5276030,
533286,"MOIL LTD.",A,STK,276.55,276.55,269.15,272,272,277.95,2461,76760,20881962,
533287,"ZEE LEARN LTD.",B,STK,5.45,5.8,5.35,5.46,5.44,5.48,268,318766,1769183,
533292,"A2Z INFRA ENGINEERING LIMITED",T,STK,16.34,16.39,15.8,16.03,16.26,16.34,21,2178,35312,
533293,"KIRLOSKAR OIL ENGINES LTD.",A,STK,1452,1494.55,1405.9,1468.25,1463.8,1452.85,4979,48877,71322550,
533294,"RAVI KUMAR DISTILLERIES LTD.",B,STK,17.01,19.88,17.01,18.44,18.89,18.72,32,654,11995,
533295,"PUNJAB & SIND BANK",B,STK,24.35,24.65,23.68,24.25,24.25,24.35,903,243306,5875889,
533296,"FUTURE MARKET NETWORKS LTD.",B,STK,8.59,8.82,8.13,8.22,8.22,8.44,35,3247,26781,
533298,"SURANA SOLAR LTD.",B,STK,20.79,21.9,20.79,21.43,21.8,20.94,222,12839,275804,
533301,"SHEKHAWATI INDUSTRIES LIMITED",B,STK,12.99,13,12.4,12.82,12.82,12.57,20,12075,154708,
533302,"KALYANI INVESTMENT COMPANY LTD",B,STK,4699,4767,4627,4692,4692,4772.5,42,87,408966,
533303,"BF INVESTMENT LTD.",B,STK,375,378.7,370.2,375.7,375.25,377.25,276,2319,873906,
533306,"SUMMIT SECURITIES LTD.",B,STK,1533.95,1614.25,1533.95,1563.65,1556,1593.4,92,443,694609,
533315,"INNOVASSYNTH TECHNOLOGIES (IND",X,STK,61.5,66.9,55,60.77,60.77,58.65,148,73584,4472055,
533316,"STEL HOLDINGS LIMITED",B,STK,473.3,487,473.3,482.35,482.35,478.9,19,266,128647,
533317,"OMKAR SPECIALITY CHEMICALS LTD",Z,STK,4.37,4.37,4.16,4.37,4.37,4.37,26,1479,6213,
533326,"TEXMACO RAIL & ENGINEERING LTD",A,STK,96.5,97.7,93.75,95.6,96.35,97.2,1679,142515,13648897,
533329,"INDIAN TERRAIN FASHIONS LTD.",B,STK,29.2,29.79,29.05,29.3,29.21,29.51,22,2473,72722,
533333,"FINEOTEX CHEMICAL LTD.",B,STK,22.6,22.83,21.9,22.49,22.74,22.55,768,105480,2359695,
533336,"DHUNSERI INVESTMENTS LTD.",B,STK,861.35,863,855.45,855.45,855.45,863,15,111,95508,
533339,"ZEN TECHNOLOGIES LTD.",A,STK,1417.15,1422.35,1379.2,1419.1,1419.1,1408.5,1635,29582,41399995,
533343,"LOVABLE LINGERIE LTD.",B,STK,66.36,70.87,66.36,69.63,69.75,68.3,23,1457,101044,
533344,"PTC INDIA FINANCIAL SERVICES L",B,STK,28.1,28.97,27.74,28.59,28.38,28.52,476,48733,1385096,
533385,"MOTILAL OSWAL MOST SHARES NASD",E,STK,221.07,225,220.07,223.33,223.33,222.09,719,31002,6872349,
533398,"MUTHOOT FINANCE LTD.",A,STK,3153,3251.65,3120,3245.7,3245.7,3162.5,2283,14077,44851120,
533407,"TRUE GREEN BIO ENERGY LIMITED",XT,STK,141.93,146,135,142.02,144.7,141.93,240,21166,3006551,
533408,"Aditya Birla Sun Life Mutual F",E,STK,140.73,140.85,139.78,140.62,140.85,140.57,121,10366,1452111,
533427,"VMS INDUSTRIES LTD.",X,STK,23.8,23.8,23.17,23.59,23.6,23.52,128,15923,375021,
533451,"KARMA ENERGY LTD.",B,STK,36.62,40.46,36.62,40.39,40.46,38.54,49,2860,112209,
533452,"DELPHI WORLD MONEY LIMITED",B,STK,11.38,11.4,10.8,10.99,11.23,11.52,156,97023,1074241,
533470,"RUSHIL DECOR LTD.",B,STK,16.1,16.87,16,16.19,16.49,16.78,241,63448,1034338,
533477,"ENKEI WHEELS (INDIA) LTD.",X,STK,424.2,424.2,400.25,419,419,424.2,71,1728,713815,
533482,"KRIDHAN INFRA LIMITED",B,STK,2.8,2.9,2.76,2.8,2.88,2.77,30,61768,173471,
533506,"INVENTURE GROWTH & SECURITIES",B,STK,1.03,1.05,1.02,1.03,1.03,1.04,99,112142,115702,
533519,"L&T Finance Limited",A,STK,265,269.1,260.9,265.45,265.45,266.4,2174,91762,24303683,
533520,"Indiabulls Limited",B,STK,9.51,10.48,9.51,9.94,10,10.58,1036,806274,8104750,
533540,"TREE HOUSE EDUCATION & ACCESSO",T,STK,7.66,8.36,7.66,8.01,8.01,8.03,21,4478,35565,
533543,"BROOKS LABORATORIES LTD.",B,STK,60,62.84,60,62.76,62.65,61.45,147,3309,202453,
533552,"RUPA & COMPANY LTD.",B,STK,130,131.1,127.8,128.25,128.9,130.1,244,7782,1006559,
533553,"T D POWER SYSTEMS LTD.",A,STK,800.6,820,778.15,811.05,811.05,803.25,3130,82880,65799298,
533570,"AXIS MUTUAL FUND - AXIS GOLD E",E,STK,130.3,136.8,130.3,133.56,133.7,133.65,305,15228,2028980,
533573,"ALEMBIC PHARMACEUTICALS LTD.",A,STK,702.05,708.95,692.9,701.45,700.95,706.8,315,2351,1649104,
533576,"VASWANI INDUSTRIES LTD.",B,STK,52.95,55.46,52.44,55.06,55.06,54.92,62,1365,74111,
533581,"PG ELECTROPLAST LTD.",A,STK,544.45,546.85,527,532.35,532.9,550.1,6926,219125,117521129,
533602,"LESHA INDUSTRIES LTD.",X,STK,0.78,0.79,0.77,0.77,0.77,0.79,117,110640,86046,
533605,"SETUBANDHAN INFRASTRUCTURE LIM",Z,STK,0.42,0.42,0.39,0.4,0.41,0.4,57,26465,10872,
533608,"RDB RASAYANS LTD.",X,STK,172.95,172.95,164,169.8,169.8,168.05,47,565,93769,
533629,"TIJARIA POLYPIPES LTD.",T,STK,5,5.12,4.98,5.01,5.09,4.88,37,21299,108171,
533632,"ONELIFE CAPITAL ADVISORS LTD.",B,STK,15.32,15.9,14.77,15.71,15.9,15.16,3,160,2474,
533638,"FLEXITUFF VENTURES INTERNATION",B,STK,7.19,7.19,6.91,6.96,6.96,7.05,31,101615,706914,
533644,"UJAAS ENERGY LIMITED",B,STK,163.1,163.1,155.1,158,158,159.15,38,693,110630,
533655,"TRIVENI TURBINE LTD.",A,STK,466.85,471.3,462.4,470.4,471.3,474.9,734,12976,6063827,
533676,"INDO THAI SECURITIES LTD.",B,STK,264.75,264.75,248.6,248.65,248.6,261.65,788,89692,22913600,
533704,"ESSAR SHIPPING LTD.",B,STK,24.53,25.36,24.53,24.93,24.61,25.19,46,6690,166603,
533719,"IDBI MUTUAL FUND - IDBI GOLD E",E,STK,143.99,144.95,142.76,144.11,144.95,143.99,121,6052,868314,
533758,"APL APOLLO TUBES LTD.",A,STK,2017.3,2024.55,1937.65,2009.25,2009.25,2017.3,4276,36449,72829897,
533761,"GPT INFRAPROJECTS LTD.",B,STK,108.3,108.95,105.55,107.35,107.5,108.3,92,6698,715889,
533896,"FERVENT SYNERGIES LTD.",X,STK,17.37,19.45,16.21,16.94,16.94,17.37,29,3950,64883,
533941,"THOMAS SCOTT (INDIA) LIMITED",B,STK,243.05,261.45,236.6,257.75,260.65,244.45,257,3614,891909,
533982,"TERA SOFTWARE LTD.",B,STK,350.3,355,344,347.4,346,350.3,94,577,202691,
534060,"PMC FINCORP LIMITED",X,STK,1.93,2.2,1.82,2.14,2.14,1.94,1222,4519614,9391581,
534063,"FUTURISTIC SOLUTIONS LTD.",X,STK,41.74,41.74,41.73,41.74,41.73,38.31,2,2,83,
534064,"ALLIANCE INTEGRATED METALIKS L",X,STK,1.56,1.69,1.56,1.6,1.6,1.68,266,101388,164309,
534076,"RHI MAGNESITA INDIA LIMITED",A,STK,377.95,385.5,361.9,380.25,378.95,379.65,774,14952,5578839,
534091,"MULTI COMMODITY EXCHANGE OF IN",A,STK,2528.9,2539.95,2467.55,2525,2527,2528.9,7658,88635,221737499,
534139,"SCHNEIDER ELECTRIC INFRASTRUCT",T,STK,885,914,877,905,911,904.85,185,8160,7311275,
534309,"NBCC (India) Limited",A,STK,85.29,87.97,84.46,86.58,86.58,86.21,5249,837518,72282651,
534312,"MT EDUCARE LTD.",T,STK,1.42,1.42,1.42,1.42,1.42,1.42,3,110,156,
534328,"HEXA TRADEX LTD.",B,STK,160,165.9,158.35,165.9,165.9,160,6,50,8000,
534338,"Max heights Infrastucture Ltd",X,STK,11.92,13.88,11.17,12.02,12.02,11.77,55,11764,144358,
534369,"TRIBHOVANDAS BHIMJI ZAVERI LTD",B,STK,133.95,136.35,130.2,135.8,135.8,133.55,441,15006,1990667,
534392,"VARDHMAN SPECIAL STEELS LTD.",B,STK,240.4,245.9,237.25,244.05,244.4,240.35,137,1857,448497,
534422,"LOOKS HEALTH SERVICES LIMITED",XT,STK,8.47,8.47,8.47,8.47,8.47,8.64,12,585,4954,
534425,"SPECIALITY RESTAURANTS LTD.",B,STK,99.9,101.85,98.1,100.1,99.95,102.1,109,3762,375354,
534532,"LYPSA GEMS & JEWELLERY LTD",B,STK,4.86,4.97,4.7,4.7,4.7,4.75,8,450,2175,
534597,"RATTANINDIA ENTERPRISES LIMITE",A,STK,26.26,27.3,25.53,26.78,26.93,26.71,1517,338682,9017518,
534598,"Sampann Utpadan India Limited",B,STK,27.7,33.26,27.1,30.77,31.27,27.72,201,39431,1217301,
534600,"JTL INDUSTRIES LIMITED",B,STK,54,54.83,52.64,54.18,54,54.63,553,90417,4867257,
534612,"ADVANCE METERING TECHNOLOGY LT",X,STK,14.48,14.48,13.3,13.96,13.96,13.62,57,7695,106152,
534615,"NORTH EASTERN CARRYING CORPORA",B,STK,13.65,14.12,13.65,13.8,13.8,13.74,8,1201,16804,
534618,"WAAREE RENEWABLE TECHNOLOGIES",A,STK,814.95,845.05,797.8,840.35,839,821.45,2085,49304,40739602,
534623,"JUPITER INFOMEDIA LTD.",X,STK,48,50.53,47.24,49.99,50,49.38,72,419374,20955208,
534674,"Ducon Infratechnologies Ltd",B,STK,3.15,3.21,3.1,3.12,3.12,3.15,144,135342,429852,
534675,"PROZONE REALTY LIMITED",B,STK,44.83,46.11,44.5,44.52,44.5,45.83,51,3825,171650,
534680,"SRG HOUSING FINANCE LTD.",B,STK,267.5,267.55,246.1,264.95,264.95,252.05,4,6,1578,
534691,"COMFORT COMMOTRADE LTD.",X,STK,12.51,12.85,11.6,12.3,12.3,12.58,68,6914,84649,
534708,"SHANTI GURU INDUSTRIES LIMITED",MT,STK,8.55,8.55,8.55,8.55,8.55,9,1,3000,25650,
534732,"CASPIAN CORPORATE SERVICES LIM",X,STK,35.49,35.49,33.31,33.36,33.36,34.21,55,991,33535,
534733,"Aerpace Industries Limited",XT,STK,21.57,22.28,20.5,21.68,21.77,21.52,410,279230,5872629,
534741,"VIRTUAL GLOBAL EDUCATION LTD.",X,STK,0.48,0.5,0.48,0.49,0.49,0.49,118,166312,80736,
534742,"ZUARI AGRO CHEMICALS LTD.",B,STK,205,212.9,202.75,209.6,210.2,209.6,353,8703,1807157,
534748,"STEEL EXCHANGE INDIA LTD.",B,STK,7.86,8.04,7.85,7.98,7.98,8.02,272,84359,668614,
534755,"TRIO MERCANTILE & TRADING LTD.",X,STK,0.97,1.14,0.97,1.1,1.1,0.97,40,65532,71489,
534758,"CIGNITI TECHNOLOGIES LTD.",A,STK,1096,1113.55,1064.9,1094.25,1087.1,1096.5,144,1228,1344773,
534796,"CDG PETCHEM LIMITED",XT,STK,127.4,127.4,127.4,127.4,127.4,130,2,80,10192,
534804,"CARE Ratings Limited",A,STK,1595.1,1645.75,1567.15,1635.15,1634.6,1606.65,365,2383,3832535,
534809,"PC JEWELLER LTD.",A,STK,8.82,8.9,8.64,8.81,8.83,8.85,2635,1971271,17285677,
534816,"INDUS TOWERS LIMITED",A,STK,436,444.9,430.5,441.6,441.6,438.95,4156,239380,105167528,
534920,COVIDH,XT,STK,44.41,44.41,44.41,44.41,44.41,43.54,1,240,10658,
534976,"V-MART RETAIL LTD.",A,STK,530.1,530.1,518.05,526.45,527.55,537.25,438,5768,3016884,
535136,"NIBE LIMITED",B,STK,1094.45,1095,1053.5,1073.6,1064.45,1106.65,558,4040,4334006,
535204,"Mukta Agriculture Limited",X,STK,2.58,2.75,2.58,2.75,2.75,2.5,2,270,725,
535205,"Mystic Electronics Limited",X,STK,3.17,3.37,2.9,3.19,3.19,3.1,33,12910,38756,
535267,"COMFORT FINCAP LTD.",X,STK,7.32,7.66,7.3,7.34,7.48,7.31,82,63933,469041,
535276,"SBI MUTUAL FUND - SBI ETF SENS",A,STK,855.12,855.12,840,842.43,849,857.27,2216,21529,18191866,
535322,"REPCO HOME FINANCE LTD.",B,STK,358.2,381.3,356.4,368.4,365.7,364.1,254,5423,2008180,
535387,"LAKHOTIA POLYESTERS (INDIA) LT",X,STK,54.84,54.91,54.6,54.77,54.9,54.84,34,48278,2643325,
535431,"GCM SECURITIES LTD",B,STK,0.64,0.65,0.6,0.64,0.63,0.64,73,86023,54774,
535458,"NRB INDUSTRIAL BEARINGS LTD.",B,STK,32.39,32.7,30.14,31.06,31.43,32.05,56,2685,85136,
535514,"PRIME CAPITAL MARKET LTD.",X,STK,5.72,5.73,5.72,5.73,5.73,5.74,2,38,217,
535566,"KIFS FINANCIAL SERVICES LTD.",X,STK,113,124,112.1,114,114,120,22,570,66083,
535601,"SREELEATHERS LTD.",B,STK,190.95,203.35,190.95,203.35,203.35,198.1,8,77,14845,
535602,"SHARDA MOTOR INDUSTRIES LTD",B,STK,813,821.6,806.25,810.15,807,820.55,227,4782,3906763,
535621,"S V GLOBAL MILL LTD.",X,STK,146.4,146.4,146.4,146.4,146.4,142.5,3,104,15225,
535648,"JUST DIAL LTD.",A,STK,547.6,547.6,516.25,523.8,523.4,535.25,506,8657,4526131,
535657,"OBJECTONE INFORMATION SYSTEMS",XT,STK,7.8,7.8,7.8,7.8,7.8,7.8,2,6,46,
535667,"INDIA FINSEC LTD.",X,STK,185,185,166,181.3,185,181.3,23,654,114994,
535693,"BRAHMAPUTRA INFRASTRUCTURE LTD",X,STK,154,157.85,151,156.35,157,150.35,261,13667,2126031,
535719,"AMPVOLTS LIMITED",X,STK,29.28,29.28,27.21,28.99,29.07,27.92,145,32539,934577,
535730,"KHOOBSURAT LTD",X,STK,0.54,0.55,0.52,0.54,0.54,0.54,272,1179926,628117,
535754,"ORIENT CEMENT LTD",A,STK,142.6,142.7,139.3,139.95,139.8,142.6,291,20538,2897574,
535755,"Aditya Birla Fashion and Retai",A,STK,61.41,63.2,60.64,62.08,62.08,61.95,2116,1681326,103736784,
535789,"Sammaan Capital Limited",A,STK,145.85,145.85,141.95,142.35,142.35,145.4,3432,115168,16500816,
535910,"MONEY MASTERS LEASING & FINANC",B,STK,0.72,0.74,0.7,0.72,0.72,0.69,61,323908,229407,
535916,"ALACRITY SECURITIES LTD",B,STK,55.99,57.5,55,56.7,56.7,54.93,49,3098,175585,
535958,"Integra Essentia Limited",B,STK,1.28,1.39,1.26,1.3,1.28,1.29,269,313045,403018,
536073,"JULIEN AGRO INFRATECH LIMITED",X,STK,2.05,2.05,1.99,1.99,1.99,2.03,113,41089,82509,
536264,"TIGER LOGISTICS (INDIA) LTD",B,STK,28.44,28.44,27.23,27.65,27.53,27.82,224,9492,264844,
536493,"JK AGRI GENETICS LTD",X,STK,327,343.65,324.05,338,338,326.7,15,154,52443,
536507,"FUTURE LIFESTYLE FASHIONS LTD",Z,STK,1.23,1.3,1.21,1.3,1.3,1.25,29,12055,15227,
536565,"NOVELIX PHARMACEUTICALS LIMITE",X,STK,57,57,55,56.66,56.66,56.03,23,1080,60606,
536659,"PVV Infra Limited",X,STK,4.8,4.85,4.7,4.81,4.81,4.74,995,968613,4645552,
536672,"VCU DATA MANAGEMENT LTD",X,STK,6.18,6.18,5.95,6.15,6.15,6.18,62,47081,289513,
536709,"IND Renewable Energy Ltd",Z,STK,11,11.3,10.8,10.94,10.9,11.1,42,2441,26944,
536773,"JINDAL POLY INVESTMENT AND FIN",B,STK,1305.4,1378.35,1303.05,1310.4,1315.5,1336.65,1103,15790,21224024,
536960,"MOTILAL OSWAL MUTUAL FUND - MO",B,STK,60.01,61.21,59.79,60.71,60.68,60.96,331,30838,1857580,
536974,"CAPTAIN POLYPLAST LTD",X,STK,66.05,68.5,65.01,65.37,65.37,66.73,199,31196,2055734,
537007,"ICICI Prudential Nifty ETF",B,STK,267.61,268.48,265.66,266.42,266.32,269.17,648,49948,13326645,
537008,"ICICI Prudential Nifty 100 ETF",B,STK,26.78,27.58,26.73,27.11,27,27.47,105,7037,190540,
537069,"ARNOLD HOLDINGS LTD",X,STK,11.7,12.32,11.6,11.83,11.79,11.74,71,60062,707874,
537253,"SUNIL HEALTHCARE LTD",X,STK,67.62,67.62,65,65,65,67.62,10,519,35058,
537259,"SUYOG TELEMATICS LTD",B,STK,687.3,702.45,671.2,690,685.35,687.1,87,1535,1051315,
537291,"NATH BIO-GENES (INDIA) LTD",B,STK,145.85,147,145.1,145.1,145.1,146.05,9,171,24975,
537292,"AGRI- TECH (INDIA) LTD",T,STK,103.7,108.5,103.7,108.1,106.05,108.55,4,82,8556,
537326,"CHEMTECH INDUSTRIAL VALVES LTD",X,STK,62.47,63,60.5,61.45,61.15,62.07,96,30249,1868438,
537483,"NIPPON INDIA ETF NIFTY 100",B,STK,257.79,260.03,255.37,258.69,260,259.9,214,3797,981767,
537536,"DENIS CHEM LAB LTD",X,STK,72.74,74.88,71.01,72.36,72.36,71.7,34,1239,90202,
537582,"UNISHIRE URBAN INFRA LTD",M,STK,1.22,1.22,1.2,1.2,1.2,1.24,3,30000,36300,
537707,"LADDU GOPAL ONLINE SERVICES LI",XT,STK,0.95,0.95,0.89,0.92,0.92,0.92,96,113067,102402,
537708,"KOTAK MAHINDRA MUTUAL FUND - K",B,STK,265.82,265.82,260.09,261.16,261.36,263.72,331,15915,4155053,
537709,"SHREE HANUMAN SUGAR & INDUSTRI",XT,STK,4.64,4.79,4.43,4.6,4.43,4.64,35,6556,30063,
537750,"KIRAN VYAPAR LTD",X,STK,179.8,179.8,171.15,173.45,173.1,172.75,19,282,49011,
537766,"B.C. POWER CONTROLS LTD",XT,STK,1.65,1.73,1.65,1.69,1.68,1.66,77,26715,45412,
537785,"RACE ECO CHAIN LIMITED",B,STK,110.5,113.5,108,110.1,110.1,110.95,50,7991,881175,
537800,"MANGALAM INDUSTRIAL FINANCE LT",XT,STK,0.88,0.91,0.86,0.89,0.89,0.88,1559,3719734,3307965,
537820,"VIJI FINANCE LTD",B,STK,2.6,2.62,2.53,2.62,2.62,2.5,44,41756,109197,
537839,"PHOENIX TOWNSHIP LTD",X,STK,98.5,98.5,87.3,91.53,91.53,90.02,19,2137,188783,
537985,"INFRONICS SYSTEMS LTD",X,STK,15.39,15.39,14.2,14.97,14.99,14.62,23,1932,27944,
538057,"CPSE ETF",A,STK,102.85,104.58,101.86,104.4,104.43,102.7,625,146104,15144452,
538081,"HARIA APPARELS LTD",X,STK,5.5,5.51,5.5,5.51,5.51,5.51,4,308,1697,
538092,"SHRI VASUPRADA PLANTATIONS LIM",X,STK,101,102.95,101,102.8,102.8,101.4,11,117,11845,
538119,"R&B DENIMS LTD",T,STK,113.65,113.65,113.65,113.65,113.65,119.6,28,1144,130015,
538212,"SHARP INVESTMENTS LTD",XT,STK,0.39,0.4,0.38,0.4,0.4,0.39,101,85811,33738,
538268,"WONDERLA HOLIDAYS LTD",B,STK,511.85,532,511.85,524.65,532,525.4,164,3261,1706052,
538273,"RESPONSE INFORMATICS LTD",X,STK,24,24,24,24,24,23.64,2,200,4800,
538351,"A.F. ENTERPRISES LTD",Z,STK,1.95,2.02,1.95,2,2,1.95,53,19413,38860,
538365,"INCREDIBLE INDUSTRIES LIMITED",B,STK,32.4,34.65,32.4,32.75,32.75,34.65,30,5943,200932,
538382,"WEST LEISURE RESORTS LTD",X,STK,83,85.4,81.02,84.68,85.35,81.5,15,381,32449,
538395,"NAM SECURITIES LTD",X,STK,99.9,99.9,82.29,87,87,91.43,26,49,4467,
538401,"MAESTROS ELECTRONICS & TELECOM",X,STK,139.95,140,136.6,139.6,138.05,136.7,19,1287,179352,
538422,"JACKSON INVESTMENTS LTD",X,STK,0.45,0.45,0.44,0.45,0.45,0.45,137,166387,74340,
538446,"MONEYBOXX FINANCE LIMITED",B,STK,69.8,69.8,65.49,66,66,67.82,77,4261,281788,
538451,"WORTH INVESTMENT & TRADING CO",X,STK,2.8,2.8,2.67,2.72,2.7,2.8,451,229302,622611,
538464,"THIRANI PROJECTS LTD",X,STK,4.48,4.48,3.95,4.05,4.05,4.11,32,10833,43564,
538465,"AMARNATH SECURITIES LTD",X,STK,13.04,13.79,11.88,12.27,12.01,13.41,109,58981,751901,
538476,"CAPITAL TRADE LINKS LTD",X,STK,15.16,15.93,15.15,15.69,15.89,15.41,47,5009,78243,
538496,"TARINI INTERNATIONAL LTD",M,STK,6.15,6.6,6.15,6.6,6.6,6.21,7,33000,207300,
538520,"SHIVAMSHREE BUSINESSES LIMITED",X,STK,1.81,1.81,1.74,1.81,1.81,1.73,25,89759,162398,
538521,"YAAN ENTERPRISES LIMITED",X,STK,91.5,98.17,91.5,94.37,96,93.5,54,2521,239716,
538539,"ANNVRRIDHHI VENTURES LIMITED",X,STK,9.46,9.85,9.11,9.59,9.59,9.5,28,1906,18550,
538540,"RAMCHANDRA LEASING & FINANCE L",XT,STK,9.62,9.62,9.61,9.61,9.61,9.8,54,66033,635111,
538546,"BANSAL ROOFING PRODUCTS LTD",B,STK,110.9,114,109.5,111.75,111.75,110.9,111,4474,498356,
538556,"ARMAN HOLDINGS LTD",X,STK,106.6,113.9,96.1,109.7,113.9,113.95,35,3713,388136,
538562,"SKIPPER LTD",A,STK,334.05,369.75,330.6,351.4,351.35,339.85,1263,24159,8467007,
538563,"SMT ENGINEERING LIMITED",XT,STK,485.2,485.2,485.2,485.2,485.2,475.7,3,102,49490,
538564,"JAMES WARREN TEA LTD",X,STK,295.35,295.35,286.65,294.9,294.9,296.8,37,1167,340728,
538565,"Vistar Amar Limited",XT,STK,194.95,199.7,193.2,196.3,197,194.95,77,3659,718067,
538567,"GULF OIL LUBRICANTS INDIA LTD",B,STK,1018.05,1026.55,990,1008.75,1008.4,1016.85,282,2183,2200070,
538568,"FRUITION VENTURE LTD",X,STK,34.5,34.5,33,34.5,34.5,34.5,4,610,21030,
538569,"TRIVENI ENTERPRISES LTD",X,STK,1.12,1.12,1.07,1.12,1.12,1.06,22,13838,15477,
538596,"CEMANTIC INFRA-TECH LIMITED",XT,STK,5,5.24,5,5.18,5.18,5,7,730,3793,
538597,"TTI ENTERPRISE LTD",XT,STK,9.25,9.26,8.82,8.83,8.83,8.82,6,2532,23412,
538598,"VISHAL FABRICS LTD",B,STK,20.3,20.3,18,18.82,18.82,19.45,637,258875,4975642,
538607,"TOYAM SPORTS LIMITED",X,STK,0.86,0.92,0.85,0.87,0.89,0.86,306,1762526,1544411,
538609,"GAJANAN SECURITIES SERVICES LT",X,STK,59.4,60,56.4,58.6,59.99,61.73,28,539,30739,
538610,"UNISON METALS LTD",X,STK,0.89,0.89,0.8,0.85,0.85,0.88,510,1642964,1371569,
538634,"VASUNDHARA RASAYANS LTD",X,STK,118,124.2,114.3,117.4,117.4,115.15,38,1267,153050,
538635,"SNOWMAN LOGISTICS LTD",B,STK,36.39,36.71,35.15,35.57,35.39,36.39,478,615211,22013066,
538646,"QGO FINANCE LIMITED",X,STK,41.87,41.87,41.01,41.87,41.87,41.87,7,101,4228,
538666,"Sharda Cropchem Limited",A,STK,1015,1049.95,1003.4,1034.25,1049.95,1035.35,399,4485,4594948,
538668,"Meghna Infracon Infrastructure",B,STK,546.95,546.95,531.25,535.05,533,537.5,130,25334,13550930,
538674,"City Online Services Limited",Z,STK,7.17,7.54,7.17,7.54,7.54,7.54,5,107,767,
538683,"NIPPON INDIA ETF SENSEX",A,STK,880.87,881.92,867.99,870.24,878,880.87,1067,18423,16050292,
538685,"SHEMAROO ENTERTAINMENT LIMITED",B,STK,100,105.5,99,104.3,105.5,101,41,2809,288710,
538706,"Ultracab (India) Limited",X,STK,6.69,6.7,6.45,6.54,6.57,6.56,405,223867,1468019,
538707,"Rajasthan Cylinders & Containe",X,STK,33.5,33.5,30.1,32.59,32.59,31.53,20,454,14449,
538708,"Econo Trade (India) Limited",X,STK,7.15,7.15,6.23,6.86,6.98,7.15,33,15090,98300,
538713,"Atishay Limited",X,STK,208.15,212,202.25,209.6,210,208.15,115,13588,2847413,
538714,"Sangam Finserv Limited",X,STK,40.5,40.5,38,39.89,39.89,40.5,15,773,30667,
538715,"Dhabriya Polywood Limited",X,STK,328,333,315.1,331.4,326.05,332.45,148,2349,760439,
538730,"PDS LIMITED",B,STK,286,291.4,282.95,288.3,288.95,291.55,144,4342,1246460,
538731,"HANMAN FIT LIMITED",M,STK,3.79,3.79,3.79,3.79,3.79,4.73,1,4200,15918,
538732,"Vibrant Global Capital Limited",X,STK,31.66,33,31.65,32.91,32.91,31.19,30,11161,355867,
538734,"CEINSYS TECH LIMITED",B,STK,975.1,1065,948.75,1008.5,1008.5,973.85,3448,39341,39645822,
538742,"PANABYTE TECHNOLOGIES LIMITED",XT,STK,33.25,34.95,33.25,34.95,34.95,35,3,502,16693,
538743,"Mudunuru Limited",XT,STK,13.91,13.97,13.91,13.91,13.91,13.91,12,3969,55370,
538770,"Crane Infrastructure Limited",X,STK,12.42,13.98,12.42,13,13,12.42,27,2020,26407,
538772,"Niyogin Fintech Limited",X,STK,33.5,34.99,32.1,32.98,32.98,32.75,379,104786,3511995,
538778,"Kalyan Capitals Limited",X,STK,6.5,6.93,6.49,6.58,6.5,6.59,192,1080532,7151345,
538787,"Goenka Business & Finance Limi",X,STK,10.5,10.9,9.91,10.19,10.5,9.95,93,9621,97741,
538788,"Gilada Finance & Investments L",X,STK,13.14,13.14,11.36,12.51,12.48,11.96,21,1686,21077,
538794,"JET SOLAR LIMITED",MT,STK,15.53,15.53,15.53,15.53,15.53,16.34,6,60000,931800,
538795,"Shree Ajit Pulp And Paper Ltd.",X,STK,268.7,268.7,266.2,266.2,266.2,250.7,2,5,1333,
538817,"Captain Pipes Limited",B,STK,9.47,9.5,9.15,9.42,9.37,9.27,506,168126,1572331,
538833,"KAIZEN AGRO INFRABUILD LIMITED",X,STK,9.5,9.95,9.06,9.07,9.06,9.43,26,4221,40626,
538834,"JMJ Fintech Limited",X,STK,10.95,10.95,10.1,10.64,10.55,10.4,86,21383,223507,
538835,"INTELLECT DESIGN ARENA LIMITED",A,STK,661,675,650.6,667.3,665.85,661.05,605,10464,6916068,
538836,"Monte Carlo Fashions Limited",B,STK,520,529,516.1,521.3,519,525.4,93,1042,543406,
538837,"Jeevan Scientific Technology L",X,STK,61.55,62,60.11,60.23,60.23,62,99,24175,1474204,
538838,"Indo Cotspin Limited",X,STK,23.2,25.58,23.2,25.58,25.58,25.7,2,199,4619,
538860,"PANAFIC INDUSTRIALS LTD",X,STK,0.75,0.75,0.74,0.74,0.74,0.75,22,4841,3629,
538862,"My Money Securities Ltd.",X,STK,38.72,38.72,38.72,38.72,38.72,38.72,3,402,15565,
538868,"Continental Securities Limited",X,STK,16.2,16.28,15.46,15.79,16,15.94,96,33730,531900,
538874,"NEXUS SURGICAL AND MEDICARE LI",X,STK,18,18.1,18,18,18,17.7,19,1901,34260,
538875,"SELLWIN TRADERS LIMITED",X,STK,6.73,6.98,6.62,6.62,6.62,6.96,203,276680,1844691,
538881,"Galada Finance Limited",X,STK,21,21.7,21,21.35,21.7,21.73,4,4,85,
538882,"Emerald Finance Limited",X,STK,48.6,51.95,48.02,49.6,49.8,48.69,480,93864,4683851,
538890,"M. K. Exim (India) Ltd.",X,STK,54.23,54.5,53.1,54.16,54.5,54.5,75,92534,4974867,
538891,"MAGELLANIC CLOUD LIMITED",B,STK,23.05,23.63,22.69,22.85,22.87,23.38,464,93785,2155929,
538894,"Octal Credit Capital Ltd.",X,STK,24.73,24.73,24.65,24.65,24.65,23.63,4,24,593,
538895,"Mihika Industries Ltd.",X,STK,11.25,11.6,10.61,11.39,11.34,11.56,21,20183,226972,
538896,"Kanchi Karpooram Ltd.",X,STK,335.3,340,329,332.6,337.05,335.3,62,1415,471939,
538902,"Dhunseri Tea & Industries Ltd",B,STK,135,135,130.5,134.5,134.5,130.3,14,184,24601,
538918,"Vani Commercials Limited",X,STK,8.79,8.79,7.57,8.21,8.21,7.95,25,9484,74228,
538920,"VINTAGE COFFEE AND BEVERAGES L",B,STK,127.2,129.45,125.1,126.35,125.95,130,637,45312,5781301,
538922,"COSYN Limited",X,STK,20.31,20.96,20,20.14,20,20.46,34,3785,76462,
538923,"SOFCOM SYSTEMS LIMITED",X,STK,24.5,24.59,23.01,23.7,23.7,24.59,91,16679,397173,
538926,"Naturite Agro Products Limited",X,STK,198.65,210.5,189,207.3,198,198.65,12,123,25025,
538928,"Karnavati Finance Limited",X,STK,1.35,1.36,1.26,1.36,1.36,1.3,47,391418,502692,
538942,"Mercantile Ventures Limited",X,STK,22.79,22.79,21.2,22.56,22.56,22.51,27,92,2049,
538943,"Sonal Mercantile Limited",XT,STK,97.25,97.25,97.25,97.25,97.25,97.25,1,2,194,
538952,"Abhinav Leasing & Finance Limi",X,STK,1,1.29,1,1.29,1.29,1.2,20,3799,4841,
538961,"GENUS PAPER & BOARDS LIMITED",B,STK,10.42,12.16,10.42,11.74,11.74,11.83,35,7059,82249,
538962,"Minda Corporation Limited",A,STK,494.4,494.4,468.65,481.1,483.6,494.35,1274,27222,13031492,
538965,"Concord Drugs Limited",X,STK,76,77,73.61,73.92,73.65,77.48,99,4906,365803,
538970,"WARDWIZARD INNOVATIONS AND MOB",X,STK,6.8,6.8,6.46,6.6,6.6,6.69,1235,697907,4621031,
538975,"Shree Securities Ltd.",Z,STK,0.19,0.2,0.19,0.19,0.2,0.2,225,878556,167631,
538979,"Greenlam Industries Ltd",B,STK,226.95,226.95,222,223.35,222,227,31,150,33706,
538987,"TALBROS ENGINEERING LIMITED",X,STK,638.45,640,615,618.4,618,638.45,89,3317,2069354,
539006,"PTC Industries Ltd.",A,STK,17658.85,18000,17658.85,17987,18000,17972,124,542,9715349,
539011,"CHENNAI FERROUS INDUSTRIES LIM",X,STK,79.3,79.3,70,73.7,73.7,79.41,116,17821,1321826,
539012,"Megri Soft Limited",X,STK,95,95,88,94.9,94.9,92.95,6,38,3402,
539013,"GITA RENEWABLE ENERGY LIMITED",X,STK,84.5,94.26,84.5,94.26,94.26,78.55,854,71638,6577886,
539014,"Kalpa Commercial Limited",XT,STK,9.23,9.23,9.23,9.23,9.23,9.41,1,1,9,
539015,"Ortel Communications Limited",Z,STK,1.62,1.62,1.55,1.62,1.62,1.55,5,769,1244,
539016,"Neil Industries Ltd.",X,STK,7.24,7.24,6.51,6.59,6.51,6.85,24,2705,18212,
539017,"STAR HOUSING FINANCE LIMITED",X,STK,5.38,5.39,5.07,5.07,5.07,5.33,364,420056,2153301,
539018,"Beekay Steel Industries Ltd.",X,STK,388.7,388.7,373.15,378.75,381.95,382.8,65,1182,450493,
539031,"SBI Mutual Fund",A,STK,277.34,277.34,272.37,274.11,273.97,277.34,53,1120,307291,
539032,"Fraser And Company Limited",XT,STK,11.4,11.4,11.2,11.2,11.2,11.43,10,32830,369313,
539040,"TIRUPATI INNOVAR LIMITED",X,STK,6.21,6.28,5.99,6.25,6.23,6.28,266,53963,330181,
539041,"GANESHA ECOVERSE LIMITED",M,STK,25.5,25.99,25,25,25,25.5,14,40000,1016400,
539042,"AGI Infra Limited",B,STK,310,316,307,311.6,309.75,311.1,718,37271,11601257,
539044,"Manaksia Steels Limited",B,STK,55.2,56.35,55.2,56.35,56.35,57.33,10,1341,74164,
539045,"Manaksia Aluminium Company Ltd",T,STK,28.83,28.83,27.56,27.69,27.69,28.55,65,13210,368513,
539046,"Manaksia Coated Metals & Indus",B,STK,114,115.65,110,112.25,112,115.35,188,5638,641346,
539056,"IMAGICAAWORLD ENTERTAINMENT LI",B,STK,43.37,44.42,41.95,43.05,42.99,43.37,459,85535,3694441,
539083,"Inox Wind Limited",A,STK,82.04,86.95,80.63,83.75,83.75,82.25,3937,849370,71180906,
539090,"Rajputana Investment and Finan",X,STK,35.5,35.5,31.7,32.41,31.7,33,21,1414,47919,
539091,"Consecutive Commodities Limite",X,STK,0.82,0.82,0.76,0.78,0.78,0.8,191,297402,231121,
539097,"UR SUGAR INDUSTRIES LIMITED",B,STK,2.49,2.49,2.28,2.37,2.38,2.37,78,130710,310116,
539111,"SHESHADRI INDUSTRIES LIMITED",X,STK,15.5,15.75,15.2,15.24,15.2,16,14,1911,29120,
539113,"Paul Merchants Ltd.",X,STK,505,517.95,501,508.9,513.9,505.1,29,957,485814,
539115,"ALAN SCOTT ENTERPRISES LIMITED",X,STK,216,232.75,210.65,231.9,232.75,221.7,61,11991,2653398,
539117,"Sujala Trading & Holding Ltd.",X,STK,46.25,46.8,43.54,45.19,45.19,45.68,326,295518,13426081,
539118,"VRL Logistics Limited",B,STK,257.6,264.1,252.5,259,260,262.9,968,19324,4972050,
539120,"GRAMEVA LIMITED",X,STK,62,62,61.99,61.99,61.99,59.65,3,106,6571,
539121,"Palco Metals Limited",X,STK,101.95,101.95,95.1,99.05,99,98.75,34,527,51724,
539122,"Bodhtree Consulting Limited",XT,STK,17.1,17.78,17.1,17.26,17.26,17.06,27,40826,708712,
539123,"V B INDUSTRIES LIMITED",X,STK,6.05,6.3,6.03,6.27,6.27,6.34,35,6863,41619,
539124,"Survottam Finvest Ltd.",X,STK,17.99,17.99,17.91,17.99,17.99,17.35,4,16,287,
539126,"MEP Infrastructure Developers",Z,STK,0.95,0.97,0.95,0.96,0.96,0.96,54,50714,48934,
539132,"Wardwizard Foods and Beverages",X,STK,9.21,9.5,8.86,9.07,9.09,9.32,396,880276,7944481,
539141,"UFO Moviez India Limited",B,STK,68.49,68.49,65,65.24,65,66.88,173,6423,419959,
539143,"PANTH INFINITY LIMITED",X,STK,7.29,7.93,7.02,7.1,7.1,7.28,149,78009,563436,
539148,"Shivalik Rasayan Ltd.",B,STK,272.15,276.5,271,271.2,271.25,278.45,44,502,137540,
539149,"Integrated Capital Services Lt",XT,STK,3.37,3.53,3.37,3.53,3.53,3.37,5,259,892,
539150,"PNC Infratech Limited",A,STK,199.55,205.5,195.95,202.75,202.5,202.3,593,20771,4182023,
539151,"Arfin India Limited",B,STK,78.54,82.61,78.2,80.08,80.08,80.17,255,20853,1672608,
539167,"Virat Leasing Limited",X,STK,32.55,32.55,32.55,32.55,32.55,31,5,220,7161,
539174,"Helpage Finlease Ltd.",X,STK,24.97,24.97,23.99,24,23.99,21.9,5,213,5113,
539175,"BLUEGOD ENTERTAINMENT LIMITED",XT,STK,3.31,3.45,3.31,3.38,3.36,3.47,235,452776,1529565,
539176,"Hawa Engineers ltd.",X,STK,73.33,78.99,73.33,75.05,75,73.33,24,574,42746,
539177,"Authum Investment & Infrastruc",A,STK,445.95,451.8,433.95,449.1,449.1,452.9,1379,21323,9419165,
539189,"Adhbhut Infrastructure Ltd.",X,STK,12.85,14.03,12.85,13.21,13.2,13.99,12,4493,60529,
539195,"POCL ENTERPRISES LTD",X,STK,177.5,182,171.5,180.8,179,177.8,256,23601,4202694,
539196,"Amba Enterprises Ltd.",X,STK,120.05,120.3,117.15,118.1,118,119.25,125,11895,1413653,
539199,"SG FINSERVE LIMITED",B,STK,390.1,395.2,388.05,389.45,390.55,394.75,291,4657,1822278,
539200,"NOBLE POLYMERS LIMITED",XT,STK,1.22,1.22,1.22,1.22,1.22,1.17,3,1075,1311,
539201,"SATIA INDUSTRIES LIMITED",B,STK,62,63.26,61.13,62.32,62.32,62.37,54,1997,123549,
539206,"GENOMIC VALLEY BIOTECH LIMITED",X,STK,25,25.25,25,25.13,25.13,25.02,7,129,3228,
539216,"GARMENT MANTRA LIFESTYLE LIMIT",X,STK,1.58,1.61,1.55,1.58,1.58,1.61,375,632878,990577,
539217,"Srestha Finvest Limited",X,STK,0.25,0.25,0.24,0.25,0.25,0.25,439,3176101,774984,
539218,"Saumya Consultants Ltd.",X,STK,151.65,151.65,141.25,141.25,141.25,148.65,3,22,3117,
539219,"MAURIA UDYOG LIMITED",X,STK,9.9,9.9,8.41,8.9,8.9,9.09,172,72375,661212,
539220,"Mishka Exim Limited",X,STK,40,41,40,40.1,40.1,39.81,5,10100,406510,
539221,"Sportking India Ltd.",B,STK,115.95,115.95,112,114.7,114.8,115.5,141,5520,630194,
539222,"GROWINGTON VENTURES INDIA LIMI",B,STK,0.96,0.97,0.95,0.97,0.97,0.96,522,1762602,1697323,
539226,"RUDRA GLOBAL INFRA PRODUCTS LI",B,STK,17.29,17.5,16.2,17.35,17.39,17.29,204,45607,787529,
539227,"Loyal Equipments Limited",X,STK,168.85,174,168.85,172.9,173,169.05,45,3288,564746,
539228,"Gala Global Products Limited",Z,STK,1.18,1.19,1.1,1.15,1.13,1.15,169,66212,77460,
539251,"Balkrishna Paper Mills Ltd.",B,STK,13.55,15.24,11.31,14.95,14.95,13.1,139,11597,158311,
539252,"Shyam Century Ferrous Limited",B,STK,4.72,5.08,4.65,4.76,4.76,4.84,67,29286,140757,
539254,"Adani Energy Solutions Limited",A,STK,988,1015.25,976.1,1003.4,1010.7,992,3186,57581,57491703,
539255,"STAR DELTA TRANSFORMERS LIMITE",X,STK,485,497,483,496.85,496.95,499.1,64,1130,552737,
539267,"SAMSRITA LABS LIMITED",X,STK,18,18.9,16.6,18.89,18.9,17.34,13,3001,55530,
539268,"Syngene International Limited",A,STK,404,408.4,396.25,404.1,403.9,407.5,541,9639,3872018,
539275,"Mangalam Seeds Limited",X,STK,135,135.65,130.35,130.8,130.8,135,30,591,77742,
539276,"Kaya Limited",B,STK,317.5,317.5,312.4,314,314,317.5,11,116,36449,
539277,"Alstone Textiles (India) Ltd",X,STK,0.14,0.15,0.13,0.14,0.14,0.14,3764,41441006,5835986,
539278,"Symbiox Investment & Trading C",X,STK,1.63,1.77,1.61,1.72,1.72,1.62,31,16807,27897,
539287,"ORTIN GLOBAL LIMITED",T,STK,17.45,17.45,17.01,17.34,17.4,17.45,6,41,714,
539288,"Avi Polymers Ltd.",XT,STK,29.41,29.41,29.4,29.4,29.4,28.01,401,211608,6222904,
539289,"Aurum PropTech Limited",B,STK,163.5,180,163.35,174.6,176.8,163.5,169,2889,500712,
539290,"Oswal Greentech Limited",B,STK,24.8,26.1,24.5,25.3,25.3,25.53,408,75590,1900492,
539300,"SUNRAKSHAKK INDUSTRIES INDIA L",X,STK,240,241,230,237.35,237.45,236.65,313,12719,3004687,
539301,"Arvind SmartSpaces Limited",B,STK,515.1,540.6,502.9,536.3,537,518.8,584,11003,5678571,
539302,"Power Mech Projects Limited",A,STK,1963.95,2005.1,1921,1981.15,1990,1977.2,573,3919,7710711,
539309,"Rama Steel Tubes Limited",B,STK,5.98,6.05,5.76,5.91,5.91,5.98,1364,566887,3353069,
539310,"THINKINK PICTUREZ LIMITED",X,STK,0.18,0.19,0.18,0.18,0.18,0.18,320,1805069,331845,
539312,"UTI BSE Sensex ETF",A,STK,845.27,846.62,837.83,840.97,838.72,849,64,782,657154,
539313,"UTI Mutual Fund",B,STK,260.5,262.15,260.1,260.83,260.93,263.32,101,7743,2019650,
539314,"Universal Autofoundry Limited",B,STK,53.46,55.77,52.99,55,55,54.55,75,5734,311877,
539331,"VETO SWITCHGEARS AND CABLES LI",B,STK,100.6,101.55,99.3,100,100,98.6,34,1107,110852,
539332,"Navkar Corporation Limited",B,STK,88.65,90.08,87.74,88.51,88.6,89.82,296,11314,1003789,
539334,"Shree Pushkar Chemicals & Fert",B,STK,321.55,324.35,307.95,321.3,320.15,316.85,128,1688,532114,
539335,"Callista Industries Limited",XT,STK,215.5,216,204,210.3,215.9,205.85,121,6731,1420948,
539336,"Gujarat Gas Limited",A,STK,395.15,432,383.35,389.05,389.05,391,24434,1403455,578986459,
539337,"WAAREE TECHNOLOGIES LIMITED",M,STK,143.3,144,139.4,142.5,144,142.5,63,15575,2217188,
539346,"Sadbhav Infrastructure Project",B,STK,2.93,3,2.89,2.93,2.91,3.01,64,75686,224880,
539353,"SAL AUTOMOTIVE LIMITED",X,STK,198.8,201,198.8,199.95,199.95,198.8,6,27,5378,
539354,"Polyspin Exports Ltd.",X,STK,29.47,29.47,27.6,27.69,28,29.46,17,3128,86813,
539359,"Pritika Auto Industries Limite",B,STK,12.53,12.8,11.98,12.36,12.36,12.53,196,10585,130289,
539378,"Soni Medicare Limited",X,STK,61.45,61.45,60,61.45,61.45,58.53,15,398,24420,
539391,"Acme Resources Limited",Z,STK,29.1,30.45,29.1,30.45,30.45,29,4,30,878,
539398,"Vishal Bearings Limited",B,STK,52.11,56.5,52.11,52.9,52.7,55.57,74,3124,167114,
539399,"Bella Casa Fashion & Retail Li",B,STK,255.4,304.1,251.95,281.95,285,253.45,164,3956,1176302,
539400,"MALLCOM (INDIA) LTD.",B,STK,1070,1080,1062.75,1079,1080,1056.05,20,47,50345,
539402,"Naksh Precious Metals Limited",B,STK,4.6,4.6,4.6,4.6,4.6,4.8,19,8695,39997,
539404,"SATIN CREDITCARE NETWORK LIMIT",B,STK,147.1,148.95,146,146.05,146,149.25,46,6646,976224,
539405,"Decorous Investment and Tradin",X,STK,14.22,15.43,14.12,14.53,14.53,14.7,17,8194,119119,
539407,"Generic Engineering Constructi",B,STK,43.99,43.99,43.15,43.17,43.15,43.78,44,8566,372170,
539408,"Kuber Udyog Limited",X,STK,12.47,12.47,12.47,12.47,12.47,12.46,3,220,2743,
539428,"Tejnaksh Healthcare Limited",X,STK,13.64,14.71,13.45,14.17,14.49,13.38,53,17920,251408,
539435,"Richfield Financial Services L",X,STK,30.89,32.43,30,30,30,30.89,14,4664,148711,
539436,"Coffee Day Enterprises Limited",B,STK,25.24,26.65,25.15,25.52,25.52,25.94,560,83831,2163999,
539437,"IDFC FIRST BANK LIMITED",A,STK,64.01,65.68,64.01,64.8,64.8,66.3,26014,3400363,220600289,
539448,"InterGlobe Aviation Limited",A,STK,4265,4296.8,4190.3,4253.45,4253.45,4351.6,9453,62049,263695212,
539449,"IGC Industries Limited",X,STK,2.11,2.15,2,2.01,2,2.07,142,105758,215326,
539450,"S H Kelkar and Company Limited",B,STK,130.6,136.8,129,129.25,130,131.35,390,13608,1805148,
539455,"ARYAVAN ENTERPRISE LIMITED",X,STK,55.95,55.95,52.01,54.92,54.73,53.51,25,22150,1206525,
539468,"Typhoon Financial Services Lim",X,STK,49.5,49.5,47.76,47.76,47.76,47.76,6,291,13899,
539469,"PANORAMA STUDIOS INTERNATIONAL",B,STK,43.99,44.5,41.55,42.83,42.51,44.13,241,18509,794226,
539470,"Shree Ganesh Biotech (India) L",X,STK,0.58,0.59,0.57,0.58,0.58,0.57,338,514115,298433,
539479,"GTV Engineering Limited",X,STK,59.8,60.45,58,58.69,58.65,59.94,175,31369,1839729,
539480,"LIC MF EXHGE TRADED FUND-NIFTY",B,STK,260.11,265.8,260.11,265.8,265.8,266.78,15,96,25330,
539487,"LIC MF EXCHNG TRADED FUND-SENS",A,STK,858.39,859.6,856.55,856.62,856.55,868.53,5,53,45527,
539492,"Garbi Finvest Limited",X,STK,11.86,12.14,11.8,12,12,11.8,17,2717,32416,
539494,"Smart Finsec Limited",X,STK,7.6,7.88,7.3,7.62,7.62,7.4,93,15436,117996,
539495,"Rajkot Investment Trust Limite",XT,STK,36.15,37.95,35.01,35.01,35.01,36.15,5,20,740,
539506,"Adcon Capital Services Limited",X,STK,0.43,0.45,0.43,0.44,0.43,0.44,219,461893,204013,
539515,"Quint Digital Limited",X,STK,41,41,37.65,38.5,38.5,38.24,36,33265,1278409,
539516,"HDFC Mutual Fund",B,STK,269.6,269.6,264.27,265.11,265.37,267.59,284,4598,1221497,
539517,"HDFC Mutual Fund",A,STK,87.1,87.1,85.03,85.82,86.53,87.57,271,33705,2892844,
539518,"Uday Jewellery Industries Limi",X,STK,131,131,125.3,125.65,125.65,131.7,40,2183,276886,
539519,"SATTVA SUKUN LIFECARE LIMITED",X,STK,0.75,0.75,0.73,0.73,0.74,0.74,203,251698,186213,
539522,"Grovy India Limited",X,STK,40,40,37.05,38.01,39.6,39.89,26,562,21094,
539523,"Alkem Laboratories Limited",A,STK,5526.25,5526.7,5404,5447.8,5440,5534.6,606,4707,25722853,
539524,"Dr. Lal Pathlabs Limited",A,STK,1395,1395,1360,1376.45,1378.5,1403.75,1323,7220,9917676,
539526,"Suncare Traders Limited",X,STK,0.61,0.61,0.58,0.58,0.59,0.61,157,122956,73002,
539527,"Creative Castings Limited",X,STK,515.35,599.95,515.35,546.6,544,550.95,14,75,41676,
539528,"AAYUSH WELLNESS LIMITED",XT,STK,37.85,37.85,34.25,34.25,34.25,36.05,673,189762,6895377,
539533,"ELITECON INTERNATIONAL LIMITED",B,STK,55,55.39,52.13,54.53,54.53,54.84,3424,685994,36933476,
539542,"LUX Industries Limited",B,STK,888.95,888.95,867.1,870.4,870,891.75,160,1440,1258760,
539544,"Abhishek Infraventures Limited",X,STK,7.51,7.88,7.51,7.88,7.88,7.51,2,16,125,
539545,"Apoorva Leasing Finance & Inve",X,STK,36.5,38.7,36,38.29,38.7,37.36,21,806,29596,
539546,"AGRIBIO SPIRITS LIMITED",X,STK,259.1,263,259,259.5,259.5,258.9,15,2018,522965,
539551,"Narayana Hrudayalaya Limited",A,STK,1736.6,1739.9,1695.2,1703.5,1712.3,1736.55,2453,20677,35249192,
539552,"F MEC INTERNATIONAL FINANCIAL",X,STK,71.97,71.97,65,67.96,68.7,68,69,4003,268098,
539559,"Deep Diamond India Limited",X,STK,2.99,3.06,2.99,3.06,3.06,2.92,3716,6664374,20336289,
539561,"SUPHA PHARMACHEM LIMITED",X,STK,0.47,0.47,0.44,0.47,0.47,0.45,1707,39831119,18453433,
539562,"AARNAV FASHIONS LIMITED",B,STK,25.8,26.69,25,25.53,25.53,25.81,144,4358,111009,
539574,"Sunshine Capital Ltd.",X,STK,0.21,0.22,0.2,0.2,0.2,0.21,1908,11035865,2284103,
539584,"SHARANAM INFRAPROJECT AND TRAD",Z,STK,0.23,0.24,0.22,0.22,0.22,0.23,519,5205556,1147586,
539593,"Shivansh Finserv Limited",X,STK,6.77,7.18,6.27,7.15,7.15,6.77,14,3996,27392,
539594,"Mishtann Foods Limited",X,STK,4.05,4.05,3.99,4,4.02,4.05,1789,849655,3411159,
539596,"Delta Industrial Resources Lim",X,STK,12.1,13.83,12.1,12.5,12.5,12.93,20,2269,29497,
539598,"CREDENT GLOBAL FINANCE LIMITED",X,STK,31.5,31.5,30,30.44,30.26,31.66,80,12835,389161,
539599,"Kotia Enterprises Limited",X,STK,27.85,27.85,26.53,27.85,27.85,26.53,4,103,2748,
539607,"Blue Cloud Softech Solutions L",B,STK,19.7,19.88,19.32,19.56,19.56,19.7,2283,1203339,23595611,
539620,"KANORIA ENERGY & INFRASTRUCTUR",X,STK,14.35,15.4,14.25,14.64,14.65,14.32,20,3782,54721,
539621,"BCL Enterprises Limited",X,STK,0.5,0.54,0.5,0.52,0.53,0.52,84,65291,33361,
539636,"Precision Camshafts Limited",B,STK,124.15,129.5,122.25,126.3,125.55,125.35,349,24064,3008229,
539658,"TeamLease Services Limited",B,STK,1135,1150,1105,1129.3,1150,1131.5,84,317,356835,
539659,"VIKRAM KAMATS HOSPITALITY LIMI",B,STK,50.4,50.4,47.83,48,48,50.2,25,2228,107854,
539660,"BEST AGROLIFE LIMITED",T,STK,15.48,15.48,14.7,14.8,14.94,15.39,144,33431,503497,
539662,"BFL Asset Finvest Limited",X,STK,9.32,9.55,8.86,8.95,8.99,8.87,68,10224,91467,
539669,"RGF Capital Markets Limited",XT,STK,0.98,0.98,0.98,0.98,0.98,0.97,22,30478,29868,
539678,"Quick Heal Technologies Limite",B,STK,160.45,160.45,152,155.1,155.1,157.45,245,8871,1386079,
539679,"Kapil Raj Finance Ltd.",X,STK,2.28,2.35,2.08,2.31,2.32,2.2,192,210089,474454,
539682,"Mobavenue AI Tech Limited",T,STK,1310,1338.75,1275,1300,1300,1275,151,1924,2517900,
539686,"K.P. Energy Limited",B,STK,286.65,317.1,272.1,295.2,295.5,281,2297,76573,23035141,
539692,"INTERACTIVE FINANCIAL SERVICES",X,STK,14.7,16.7,14.1,16.26,16.6,15.27,24,1670,24903,
539697,"HILIKS TECHNOLOGIES LIMITED",XT,STK,43.79,48,43.79,47.98,47.99,46.04,35,7795,362803,
539724,"HYPERSOFT TECHNOLOGIES LIMITED",XT,STK,106.45,106.45,106.45,106.45,106.45,101.39,75,8151,867673,
539725,"Gokul Agro Resources Ltd",B,STK,162.05,163.75,158.25,160.35,160.5,162.4,543,23646,3823650,
539730,"Fredun Pharmaceuticals Limited",X,STK,1727.9,1727.9,1635,1678.1,1674.25,1678.55,214,7008,11803346,
539742,"Simbhaoli Sugars Ltd",Z,STK,8.85,8.85,8.08,8.35,8.38,8.5,34,4997,43285,
539760,"Relicab Cable Manufacturing Li",B,STK,33.2,33.4,32.1,32.51,32.2,33.57,31,1171,38311,
539761,"Vantage Knowledge Academy Limi",X,STK,0.94,0.98,0.91,0.94,0.95,0.94,330,311859,296333,
539762,"MODERN ENGINEERING AND PROJECT",X,STK,32.89,33.34,31.62,32.23,32.23,32.89,79,16312,527260,
539767,"Mega Nirman & Industries Limit",XT,STK,42.5,42.5,42.5,42.5,42.5,41.17,3,5,212,
539770,"DARJEELING INDUSTRIIES LIMITED",X,STK,28.37,28.37,28.37,28.37,28.37,27.02,5,165,4681,
539773,"Advik Capital Limited",X,STK,1.65,1.76,1.65,1.74,1.73,1.68,700,1811823,3156399,
539785,"Pudumjee Paper Products Limite",B,STK,75.6,78.01,75,75.86,75,76.78,98,4864,372176,
539787,"HealthCare Global Enterprises",A,STK,577.2,577.2,555.5,560.2,561,577.15,547,6246,3499275,
539798,"Umiya Tubes Limited",X,STK,31.43,32.88,30.27,30.99,30.99,31.58,49,176072,5472148,
539799,"Bharat Wire Ropes Limited",B,STK,161,166.25,157.7,162.6,162.5,164.1,95,4696,765469,
539800,"CHD Chemicals Limited",X,STK,4.8,5.01,4.8,5.01,5.01,4.99,16,17321,86498,
539807,"AvenuesAI Limited",A,STK,14.9,15.14,14.54,14.67,14.7,14.9,1653,620587,9202987,
539814,"LE LAVOIR LIMITED",X,STK,219.3,219.95,203.1,218.1,219.95,209.5,118,12579,2722558,
539835,"Superior Finlease Limited",X,STK,1.7,1.89,1.4,1.4,1.4,1.7,17,3691,5975,
539837,"RAGHAV PRODUCTIVITY ENHANCERS",B,STK,680,692.8,660.5,668.55,660.5,680.7,120,1298,878849,
539841,"Lancer Container Lines Limited",X,STK,9.41,9.41,9,9.02,9.02,9.24,918,428609,3895425,
539843,"NINtec Systems Limited",B,STK,297.9,304.8,297.9,303.05,300,304.8,23,143,43200,
539854,"Halder Venture Limited",B,STK,267,267,256,262,262,261.5,43,5063,1326869,
539871,"Thyrocare Technologies Limited",B,STK,369.45,375.7,360.1,366.6,366.35,369.45,376,7929,2889023,
539872,"Bajaj Healthcare Limited",B,STK,308.95,308.95,300.05,300.25,300.1,309.75,390,8321,2524380,
539875,"RSD Finance Limited",X,STK,83.14,85,80,82.08,82,83.14,9,1109,91092,
539876,"Crompton Greaves Consumer Elec",A,STK,247.75,254.55,243.05,247.1,247.1,247.75,4394,165439,41002584,
539883,"Pilani Investment And Industri",B,STK,4440,4496.95,4360,4425,4425,4447.85,29,1604,7083762,
539884,"Darshan Orna Limited",X,STK,2.57,2.57,2.5,2.52,2.54,2.55,63,18861,47896,
539889,"Parag Milk Foods Limited",B,STK,198.05,207.15,197.65,203.85,203.85,202.95,546,15909,3231932,
539894,"Madhav Infra Projects Limited",X,STK,8.15,8.67,8.14,8.43,8.5,8.42,334,159659,1348164,
539895,"SPICE LOUNGE FOOD WORKS LIMITE",X,STK,29.99,29.99,28.13,29.06,29.58,29.42,158,14183,406880,
539900,"DALMIA INDUSTRIAL DEVELOPMENT",XT,STK,9.27,9.71,9.1,9.1,9.1,9.25,9,228,2162,
539911,"Svarnim Trade Udyog Limited",X,STK,13.6,13.6,13.6,13.6,13.6,12.96,4,131,1781,
539917,"NAGARJUNA FERTILIZERS AND CHEM",B,STK,4.29,4.29,4.15,4.17,4.17,4.19,118,17746,74754,
539921,"Shanti Educational Initiatives",X,STK,174.25,178,170,173.95,173.95,175.6,795,331472,57732706,
539922,"Rotographics (India) Limited",XT,STK,125.75,125.75,113.85,113.85,113.85,119.8,7,199,22708,
539927,"LIKHAMI CONSULTING LIMITED",XT,STK,411,411,411,411,411,411,1,1,411,
539938,"Medico Intercontinental Limite",X,STK,32.65,32.8,31,31.47,31.75,31.69,43,2238,70031,
539939,"Yash Chemex Limited",X,STK,78,78,65.11,67.46,68.89,66.7,30,2702,185314,
539945,"ICICI Prudential NV20 ETF",B,STK,13.93,14.03,13.85,13.96,13.97,14.08,205,38905,541158,
539946,"Bazel International Limited",X,STK,19.95,21.05,19.06,21.05,21.05,20.05,83,20873,435483,
539947,"JINDAL LEASEFIN LIMITED",X,STK,51.42,51.42,48.85,48.85,48.85,51.42,7,427,21951,
539956,"TAAL TECH LIMITED",X,STK,2790,2842.95,2753,2786.35,2768.2,2800,53,356,997487,
539957,"Mahanagar Gas Limited",A,STK,1049,1085,1009.45,1048.6,1054.95,1048.25,5181,79400,83569015,
539963,"Zeal Aqua Limited",XT,STK,12.35,12.35,11.81,12.01,12.01,11.98,320,89225,1082824,
539978,"Quess Corp Limited",A,STK,192.05,194.3,187,190,190,193.05,314,5263,1005331,
539979,"DIGJAM LIMITED",B,STK,41.61,44.79,39.12,41.09,41.19,40.75,33,776,32798,
539980,"ICICI Prudential BSE Midcap Se",B,STK,16.49,16.84,16.4,16.59,16.84,16.77,110,13666,225677,
539984,"HINDUSTHAN URBAN INFRASTRUCTUR",X,STK,2306.9,2399,2201.1,2242.75,2242.75,2290.85,330,2793,6450678,
539985,"Titaanium Ten Enterprise Limit",M,STK,22.8,25.17,22.8,23.67,23.24,23.99,33,58000,1348890,
539986,"Commercial Syn Bags Limited",B,STK,153.05,155.55,152.9,153.9,153.9,154,116,10896,1669114,
539991,"CONFIDENCE FUTURISTIC ENERGETE",X,STK,32.2,37.88,30.76,37.88,37.88,31.57,608,75141,2641950,
539992,"LLOYDS ENGINEERING WORKS LIMIT",A,STK,43.94,44.94,42.77,43.92,44.23,43.99,1429,294823,12993879,
539997,"Kwality Pharmaceuticals Limite",B,STK,1699.95,1740,1621.6,1660.25,1690,1662.9,2484,40582,68412162,
540005,"LTIMindtree Limited",A,STK,4255.9,4373,4232.15,4322.45,4331.4,4262.75,1719,7230,31108424,
540006,"EAST WEST FREIGHT CARRIERS LTD",X,STK,2.83,2.93,2.77,2.81,2.82,2.87,171,124792,351953,
540008,"Aditya Birla Sun Life BSE Sens",A,STK,78.36,79.04,75.99,76.53,76.53,77.49,28,795,60828,
540023,"COLORCHIPS NEW MEDIA LIMITED",XT,STK,13.05,13.29,12.74,13.22,13.22,13.05,18,875,11368,
540025,"Advanced Enzyme Technologies L",B,STK,295.15,295.15,287.8,290,290,295.2,297,7216,2096626,
540026,"Ladam Affortable Housing Limit",X,STK,6.3,7.49,6.3,6.8,6.71,7.29,31,7379,51059,
540047,"Dilip Buildcon Limited",A,STK,452.2,456.8,442,454.05,454.05,452.1,415,15118,6769710,
540048,"S.P. Apparels Limited",B,STK,687.5,701,686.45,696.8,696,693.25,60,378,261250,
540061,"Bigbloc Construction Limited",B,STK,50.96,52.82,50.34,52.82,52.82,51.07,100,3483,178218,
540062,"Golden Crest Education & Servi",X,STK,279.75,296.65,279.75,296.65,296.65,282.55,4,59,17468,
540065,"RBL Bank Limited",A,STK,295.5,303.05,293.2,299.9,299.9,297.6,1547,90088,26825032,
540066,"AMS POLYMERS LIMITED",XT,STK,38.04,38.04,38.04,38.04,38.04,36.23,2,507,19286,
540073,"BLS International Services Ltd",A,STK,247,253.55,244.9,251.85,251.8,249,970,56050,13958955,
540078,"Mitsu Chem Plast Limited",X,STK,94.55,96.15,94.55,95.2,95.2,95.2,53,7663,729896,
540079,"Sprayking Limited",B,STK,1.51,1.51,1.46,1.47,1.49,1.49,212,179553,265804,
540080,"Dhatre Udyog Limited",X,STK,4.5,4.73,4.15,4.34,4.37,4.5,201,70105,305913,
540081,"Sab Events & Governance Now Me",T,STK,14.5,14.5,14.5,14.5,14.5,14.79,1,8,116,
540083,"TV VISION LIMITED",T,STK,5.74,5.74,5.46,5.6,5.6,5.74,11,2323,12803,
540097,"GAMCO LIMITED",X,STK,40.52,40.52,38.02,40.27,40,40.26,175,67719,2695668,
540108,"TIAAN CONSUMER LIMITED",Z,STK,6.75,6.79,6.15,6.72,6.72,6.47,21,4365,27676,
540115,"L&T Technology Services Limite",A,STK,3090,3160,3046.85,3128,3128,3097.25,923,4455,13884341,
540124,"G N A Axles Limited",B,STK,422.5,422.5,408.5,415.4,414,422.25,341,2733,1132992,
540125,"Radhika Jeweltech Limited",B,STK,60.3,61.11,59.86,60.77,60.83,61.81,84,1650,99954,
540132,"Sabrimala Industries India Lim",X,STK,12.4,13.64,11.55,11.89,11.89,12.92,46,7883,95242,
540133,"ICICI Prudential Life Insuranc",A,STK,595.1,596.55,583.55,592.8,592.2,595.4,1549,10930,6460757,
540134,"ISHAAN INFRASTRUCTURE AND SHEL",XT,STK,8.5,8.61,8.5,8.61,8.61,8.92,9,12026,102731,
540135,"ARC Finance Limited",X,STK,0.56,0.56,0.53,0.54,0.55,0.55,905,2114925,1145957,
540136,"HPL Electric & Power Limited",B,STK,316.05,340,313.5,321.9,340,323.3,606,10386,3318905,
540143,"Sagarsoft (India) Limited",X,STK,76.01,80.55,75.55,80.5,80.55,80.74,31,3868,302588,
540144,"DRA CONSULTANTS LIMITED",M,STK,15.1,15.36,15.1,15.36,15.36,17.9,3,10000,152275,
540145,"Valiant Organics Limited",B,STK,223,223,209.05,212.6,215.15,215.95,238,3437,737668,
540146,"ADITYA CONSUMER MARKETING LIMI",M,STK,34.99,34.99,34.99,34.99,34.99,33.2,1,1000,34990,
540147,"Shashijit Infraprojects Limite",X,STK,2.97,3.06,2.97,3.04,3.04,3.06,15,18935,57502,
540153,"Endurance Technologies Limited",A,STK,2443.95,2480.35,2405.05,2459.15,2459.15,2485.9,806,3545,8705401,
540154,"Bandhan Mutual Fund",A,STK,826.18,826.18,826.18,826.18,826.18,832.31,1,1,826,
540159,"PURPLE AGROTECH INDUSTRIES LIM",X,STK,4.95,5.16,4.93,5.08,4.93,5.18,16,9822,49294,
540168,"Supra Pacific Financial Servic",X,STK,24.9,25.2,23.82,24.6,24.99,25.06,256,16651,407639,
540173,"PNB Housing Finance Limited",A,STK,773,786.2,756.05,780.65,778.35,776.15,2120,37902,29061514,
540174,"SOUTHERN INFOCONSULTANTS LIMIT",X,STK,21.98,21.98,21.25,21.5,21.5,22.2,6,135,2916,
540175,"REGENCY FINCORP LIMITED",X,STK,28.89,28.89,27.02,27.94,28.15,27.71,59,3830,107347,
540180,"Varun Beverages Limited",A,STK,431.3,431.35,409.8,410.7,410.7,431.1,10227,359883,149680929,
540181,"Salem Erode Investments Ltd.",X,STK,32.16,32.16,32.16,32.16,32.16,32.3,1,500,16080,
540189,"Unipro Technologies Limited",XT,STK,24.85,24.85,24.85,24.85,24.85,24.37,3,249,6187,
540190,"Franklin Industries Limited",X,STK,0.38,0.38,0.37,0.38,0.38,0.38,685,1948419,732025,
540192,"LKP Securities Limited",X,STK,14.29,14.68,13.75,14.2,14.47,14.29,117,15695,222739,
540198,"OSIAJEE TEXFAB LIMITED",X,STK,420,430,420,429.95,430,427.15,74,3775,1615372,
540199,"Corporate Merchant Bankers Lim",X,STK,54.8,54.8,54.79,54.79,54.79,57.67,12,354,19396,
540203,"Sheela Foam Limited",A,STK,518.05,538.65,509.5,524.95,524.95,524.4,604,426127,223598337,
540204,"EIKO LIFESCIENCES LIMITED",X,STK,54.79,54.79,53.5,53.5,53.5,53.04,47,6841,366090,
540205,"Aditya Vision Limited",A,STK,451.65,458.2,445.05,454,454,451.65,397,6647,3013242,
540210,"Heads UP Ventures Limited",B,STK,6.87,7.37,6.8,7.02,7.15,7.1,17,667,4751,
540212,"TCI Express Limited",B,STK,505,505,491.9,495.55,494.35,504,489,1856,923227,
540222,"Laurus Labs Limited",A,STK,1037.25,1056.3,1018.75,1045.85,1042.55,1040.15,1784,29851,30988970,
540243,"NEW LIGHT INDUSTRIES LIMITED",X,STK,1.4,1.4,1.36,1.36,1.4,1.39,96,31654,43933,
540252,"Viram Suvarn Limited",B,STK,9.32,9.99,9.06,9.87,9.87,9.3,693,818725,7880741,
540254,"MARG TECHNO PROJECTS LIMITED",X,STK,25.7,26.99,24.4,24.43,24.43,25.34,34,2781,71701,
540259,"SHANGAR DECOR LIMITED",X,STK,0.24,0.24,0.23,0.24,0.24,0.24,191,739922,173109,
540266,"Globe Commercials Limited",X,STK,15.71,16.38,15.05,16.15,16.17,15.81,85,16538,267043,
540267,"Flora Corporation Limited",X,STK,7.31,7.31,7.1,7.1,7.1,7.3,3,2011,14700,
540268,"TruCap Finance Limited",B,STK,6.69,6.88,6.52,6.76,6.77,6.77,89,21680,147367,
540269,"SUPER FINE KNITTERS LIMITED",MT,STK,9.15,9.15,9.15,9.15,9.15,9.6,1,20000,183000,
540293,"Pricol Limited",A,STK,550.75,550.75,531.8,541.25,544.35,550.8,1061,20843,11266277,
540310,"Classic Filaments Limited",XT,STK,44.5,44.5,44.5,44.5,44.5,44.66,3,45,2002,
540311,"JITF INFRALOGISTICS LIMITED",T,STK,347.75,360,343.6,359,359,348.05,78,3541,1262315,
540358,"RMC SWITCHGEARS LIMITED",M,STK,390,412,380,395.45,395,396.7,138,21125,8338418,
540359,"Parmax Pharma Limited",X,STK,28.85,28.85,25,27.43,27.85,28.85,42,4571,119323,
540360,"LEADING LEASING FINANCE AND IN",X,STK,2.18,2.22,1.98,2.12,2.12,2.15,746,1563751,3346329,
540361,"DANUBE INDUSTRIES LIMITED",X,STK,4.35,4.35,4.16,4.23,4.25,4.28,67,39568,167066,
540366,"Music Broadcast Limited",B,STK,5.78,6,5.6,5.7,5.88,5.8,22,4673,26626,
540376,"Avenue Supermarts Limited",A,STK,3940,3974.3,3857.75,3950.45,3945.3,3936.9,1587,56772,224112043,
540377,"IFL ENTERPRISES LIMITED",B,STK,0.4,0.4,0.38,0.38,0.39,0.4,746,2216592,863056,
540386,"Ontic Finserve Limited",X,STK,1.34,1.34,1.29,1.31,1.29,1.34,140,175625,230788,
540393,"Sarthak Metals Limited",B,STK,69,69,67.23,68.7,68.7,69.76,31,1475,99468,
540395,"Chemcrux Enterprises Limited",B,STK,89.97,89.97,84.4,86.02,86.05,87.62,227,5922,509233,
540396,"Manomay Tex India Limited",B,STK,225,250,216.1,225.1,221,224.5,446,40390,8936222,
540401,"Maximus International Limited",X,STK,8.96,9.4,8.6,9.26,9.25,8.96,98,34832,310264,
540403,"CL Educate Limited",B,STK,50.9,50.9,47.48,49.89,49.89,49.97,106,4987,242581,
540404,"PRIME FRESH LIMITED",B,STK,238.85,243.7,232.5,238.05,240,239.65,345,42462,10029388,
540405,"Oceanic Foods Limited",X,STK,58.5,58.5,58,58,58,56.04,4,36,2088,
540425,"Shankara Building Products Lim",B,STK,104.4,107.3,103.85,105.5,105.5,105.55,66,2611,275086,
540455,"Escorp Asset Management Limite",B,STK,105.05,112.5,102,109.8,108.4,109.9,82,1021,107661,
540481,"Classic Leasing & Finance Ltd.",X,STK,47.31,49.8,47.31,49.36,49.75,49.8,5,13,641,
540492,"STARLINEPS ENTERPRISES LIMITED",T,STK,11.77,11.77,11.77,11.77,11.77,12.01,217,269590,3173074,
540497,"S Chand And Company Limited",B,STK,148.35,159.55,146.65,150.9,151,150.15,110,2301,341055,
540515,"KANUNGO FINANCIERS LIMITED",XT,STK,11.9,11.9,11.65,11.65,11.65,12.14,3,4,47,
540519,"Meera Industries Limited",B,STK,33.92,33.92,31.4,32.79,32.79,32.5,217,26055,858663,
540526,"IRB InvIT Fund",IF,STK,60.35,60.48,60.15,60.2,60.2,60.34,679,55271,3330466,
540530,"Housing &Urban Development Cor",A,STK,175.8,179.5,173.65,176.8,176.8,177.7,2946,170892,30178242,
540544,"PSP Projects Limited",B,STK,683.05,690,670,673.8,670.05,685.4,192,1395,947381,
540545,"Bhakti Gems And Jewellery Limi",XT,STK,38.4,38.5,36.52,38,38,38.4,74,90666,3473209,
540565,"IndiGrid Infrastructure Trust",IF,STK,166.24,166.24,164.33,164.7,165.1,165.31,862,47076,7774741,
540570,"VARIMAN GLOBAL ENTERPRISES LIM",X,STK,3.84,3.98,3.84,3.84,3.84,4.04,273,320135,1230322,
540575,"Star Cement Limited",A,STK,200.6,204.2,197.95,203.35,204,202,221,6981,1409545,
540590,"Riddhi Corporate Services Limi",X,STK,58.6,61.65,58,60,60,58.6,12,578,33895,
540595,"Tejas Networks Limited",A,STK,468.05,468.8,438.25,440.8,440.8,470.8,8675,457130,204965305,
540596,"Eris Lifesciences Limited",A,STK,1346.05,1355.8,1329,1351,1355.3,1349.4,373,2778,3737358,
540597,"Containerway International Lim",X,STK,14.9,15.49,14.9,15.49,15.49,14.76,6,557,8382,
540602,"GTPL Hathway Limited",B,STK,63,63.41,59.5,60.1,61.14,63.23,119,504413,31505841,
540611,"AU Small Finance Bank Limited",A,STK,915.5,915.5,899.85,902.45,902,917.95,1309,25446,23066960,
540612,"ICICI Prudential Nifty Low Vol",B,STK,21.21,21.35,21.14,21.16,21.14,21.47,127,73802,1564424,
540613,"Gautam Exim Limited",M,STK,268,268,268,268,268,275,1,8250,2211000,
540614,"G G Engineering Limited",X,STK,0.46,0.47,0.45,0.45,0.45,0.46,1129,6352779,2896863,
540615,"7NR Retail Limited",X,STK,3.37,3.5,3.37,3.44,3.49,3.47,63,7193,24836,
540642,"Salasar Techno Engineering Lim",B,STK,7.29,7.34,7.19,7.22,7.25,7.3,663,202817,1470575,
540647,"Ganges Securities Ltd.",B,STK,125,125,116.8,117.15,117,118.6,188,2244,269239,
540648,"Palash Securities Limited",B,STK,89,90.9,86.9,86.9,86.9,89,8,199,17717,
540649,"AVADH SUGAR & ENERGY LIMITED",B,STK,445.25,453,417.35,424.65,422.85,438.15,488,5996,2602132,
540650,"Magadh Sugar & Energy Limited",B,STK,449.1,461.85,444.4,447.6,444.4,454.6,138,507,229095,
540652,"Captain Technocast Limited",M,STK,180,180,179.5,179.85,180,176,3,2250,404625,
540654,"GlobalSpace Technologies Limit",X,STK,18.23,19.33,18.23,18.62,18.57,18.23,68,6557,123369,
540669,"UTI Mutual Fund",B,STK,71.2,71.83,70.39,71.78,71.8,71.58,84,2545,180796,
540673,"SIS LIMITED",B,STK,284.7,293.25,283.95,287.8,287.8,291.7,131,2110,609329,
540678,"Cochin Shipyard Limited",A,STK,1451,1451.4,1423,1444.6,1444.6,1460.7,4258,75462,108440382,
540680,"KIOCL Limited",A,STK,315,323,306,318.6,319.35,314.9,599,11609,3660565,
540686,"Smruthi Organics Limited",X,STK,117.9,117.95,113.8,115.15,117,117.95,43,1187,137964,
540691,"Aditya Birla Capital Ltd",A,STK,319.1,324.55,316.75,320.3,320.4,323.7,1663,72674,23282274,
540692,"Apex Frozen Foods Limited",B,STK,337,352.9,329.05,344.5,345.65,339.8,502,12117,4099558,
540693,"Shish Industries Limited",T,STK,14.39,14.39,14.39,14.39,14.39,14.68,189,327402,4711314,
540694,"ANG Lifesciences India Limited",B,STK,23.39,23.39,22.14,23.3,23.3,23.34,13,2375,52923,
540696,"KCD INDUSTRIES INDIA LIMITED",X,STK,4.6,5.22,4.6,4.91,4.88,4.95,42,28407,140424,
540699,"Dixon Technologies (India) Lim",A,STK,10499.95,10850,10253,10804.5,10804.5,10613.45,25738,82207,871341439,
540700,"Bharat Road Network Limited",B,STK,18.15,18.67,17.97,18.26,18.21,18.75,59,9052,164931,
540701,"Dishman Carbogen Amcis Limited",B,STK,169.2,169.5,164,165.1,164.55,170.95,341,24690,4110488,
540702,"Lasa Supergenerics Limited",B,STK,7.83,7.99,7.4,7.74,7.75,7.97,90,7081,53390,
540703,"PRO CLB GLOBAL LIMITED",XT,STK,38.76,38.76,38.76,38.76,38.76,39.55,2,3,116,
540704,"Matrimony.com Limited",B,STK,392.05,392.05,382.1,385.35,382.1,394.9,109,787,304666,
540709,"Reliance Home Finance Limited",Z,STK,2.55,2.58,2.5,2.58,2.58,2.46,217,217869,559858,
540710,"Capacit'e Infraprojects Limite",B,STK,214.45,214.45,198.4,201.7,201.7,214.5,565,17799,3647105,
540716,"ICICI Lombard General Insuranc",A,STK,1865.05,1866.5,1840.05,1856.55,1859,1877.75,1822,14222,26332433,
540717,"Polo Queen Industrial and Fint",B,STK,17.66,18.09,16.26,16.95,16.6,18.02,236,104877,1790824,
540718,"AAYUSH ART AND BULLION LIMITED",M,STK,1109,1114,1105.15,1110.25,1114,1110.45,551,78125,86689212,
540719,"SBI Life Insurance Company Lim",A,STK,1917.95,1947.7,1907.1,1941.1,1940.3,1936.8,2281,11740,22714173,
540724,"Prataap Snacks Limited",B,STK,988.35,992,946.05,959.6,969.4,988.4,49,251,241237,
540725,"Share India Securities Limited",B,STK,131.9,133.45,130.5,133.1,132.5,134.35,153,6990,926953,
540726,"Trident Texofab Limited",B,STK,49.82,49.82,49.82,49.82,49.82,52.44,87,6444,321040,
540727,"Poojawestern Metaliks Limited",B,STK,23.7,24.64,23.7,24.35,24.49,24.34,46,3691,88793,
540728,"Sayaji Industries Limited",X,STK,92.75,96.46,91.05,96.02,96.46,93.35,32,4373,415551,
540729,"Vanta Bioscience Limited",M,STK,18.5,18.5,18,18.5,18.5,19.4,10,15750,289425,
540730,"Mehai Technology  Limited",X,STK,1.27,1.27,1.22,1.22,1.24,1.27,504,948181,1181024,
540735,"IRIS RegTech Solutions Limited",B,STK,240.4,244.2,236.3,237.8,237.85,245.95,17,251,60253,
540737,"Shree Ganesh Remedies Limited",X,STK,522,586,482.5,508.35,513,492.2,134,4973,2540847,
540738,"Shreeji Translogistics Limited",B,STK,7.2,7.3,7.15,7.23,7.23,7.15,121,35218,255064,
540743,"Godrej Agrovet Limited",A,STK,600.25,600.25,586,587.45,587,600.2,330,6938,4113837,
540749,"MAS Financial Services Limited",B,STK,303,306.75,297.25,303,306.75,303.75,158,3785,1144947,
540750,"Indian Energy Exchange Limited",A,STK,122.05,124.45,119.85,122.75,122.75,122.85,3848,274428,33466031,
540755,"General Insurance Corporation",A,STK,366.3,372.2,359.65,369,369,366.35,629,11635,4278084,
540757,"SHEETAL COOL PRODUCTS LIMITED",T,STK,338,349,325.1,338.8,342,338.75,23,1397,479816,
540762,"Tube Investments of India Ltd",A,STK,2561.95,2564.1,2492,2543.05,2531.7,2564.1,1383,67678,170301913,
540767,"NIPPON LIFE INDIA ASSET MANAGE",A,STK,851.95,855.9,830.65,850.85,845.6,856.05,1352,16849,14210824,
540768,"Mahindra Logistics Limited",B,STK,395.8,400.2,383.5,397.15,396.2,396.2,547,7270,2850570,
540769,"The New India Assurance Compan",A,STK,136.65,139.15,133.2,137.9,137.9,136.75,769,36154,4949303,
540774,"IFGL Refractories Limited",B,STK,151.85,157.05,150.85,153.65,151.05,150.2,108,4230,652041,
540775,"Khadim India Limited",B,STK,111.55,111.55,105,105.9,105.9,111,152,1674,180104,
540776,"5paisa Capital Limited",B,STK,309.95,309.95,296.8,301.25,303.05,304.75,172,2109,633586,
540777,"HDFC LIFE INSURANCE COMPANY LI",A,STK,646,648.75,636.45,645.65,643.25,647.75,1412,31343,20124529,
540786,"SHARIKA ENTERPRISES LIMITED",B,STK,10.69,10.88,10.23,10.54,10.47,10.64,83,32501,342019,
540787,"ICICI Prudential Mutual Fund",A,STK,119.4,123,119.4,122.21,122.11,121.8,363,29975,3639917,
540788,"Aspira Pathlab & Diagnostics L",X,STK,65.99,65.99,55,55,55,56.03,34,835,47086,
540789,"Diligent Media Corporation Lim",B,STK,3.4,3.45,3.07,3.25,3.25,3.31,23,5468,17614,
540795,"Dynamic Cables Limited",B,STK,271.1,288.5,271.1,283.4,283,285.6,462,12757,3594772,
540796,"Ratnabhumi Developers Limited",B,STK,198.15,208.05,198.15,203.6,202,198.15,25,22010,4489016,
540797,"Shalby Limited",B,STK,147.3,150.2,144.4,147.7,150,147.2,337,14687,2155533,
540809,"MRC AGROTECH LIMITED",B,STK,40.02,41.99,37.55,38.73,38.73,41.68,367,140720,5470125,
540821,"CRYSTAL BUSINESS SYSTEM LIMITE",X,STK,1.75,1.75,1.69,1.72,1.72,1.72,71,16979,29058,
540824,"Astron Paper & Board Mill Limi",B,STK,4.2,4.31,4.11,4.17,4.25,4.11,119,36320,155533,
540829,"Chandrima Mercantiles limited",X,STK,5.59,5.98,5.42,5.98,5.98,5.7,146,155725,924185,
540850,"Jhandewalas Foods Limited",MT,STK,32.78,32.8,32.78,32.8,32.8,34.5,2,2000,65580,
540874,"7SEAS ENTERTAINMENT LIMITED",X,STK,72,72,68.52,70.05,70.05,71.14,38,2515,176871,
540879,"Apollo Micro Systems Limited",A,STK,210.75,212.9,204.7,210.45,210.45,212.9,4486,466762,97309183,
540900,"Newgen Software Technologies L",A,STK,455.75,457.2,446.05,451.65,451.65,457.45,2385,77302,34901500,
540901,"Praxis Home Retail Limited",B,STK,6.89,6.93,6.66,6.69,6.69,6.82,24,9634,66095,
540902,"Amber Enterprises India Limite",A,STK,7337.6,7337.6,6888,6928.6,6928.6,7309.65,7808,28546,200453891,
540904,"TIRUPATI FOAM LIMITED",XT,STK,72.2,72.2,72.2,72.2,72.2,76,3,100,7220,
540914,"SRU Steels Limited",X,STK,1.63,1.65,1.54,1.54,1.54,1.62,433,1355098,2105953,
540923,"Ashoka Metcast Limited",B,STK,14.59,14.89,13.2,14.6,14.6,14.07,31,4533,63653,
540935,"Galaxy Surfactants Limited",A,STK,1850,1875.15,1805,1851.05,1848.1,1866,90,493,904691,
540936,"Gautam Gems Limited",B,STK,3.12,3.12,3.04,3.06,3.1,3.12,28,9128,28249,
540937,"MEDICO REMEDIES LIMITED",B,STK,39,40.68,38.28,39.1,39.15,41.15,203,7977,318175,
540938,"Gujarat Hy-Spin Limited",M,STK,8.14,8.14,8.14,8.14,8.14,8.56,2,10000,81400,
540952,"LORENZINI APPARELS LIMITED",B,STK,7.2,7.2,6.62,6.99,6.99,7.23,33,1155,8135,
540953,"Kenvi Jewels Limited",B,STK,2.41,2.41,2.29,2.32,2.32,2.37,151,62071,144215,
540954,"The Indian Wood Products Co. L",X,STK,33.6,35.6,32.05,33.8,33.8,34.27,91,4381,146200,
540955,"Tasty Dairy Specialities Limit",XT,STK,6.17,6.35,6.17,6.25,6.25,6.17,29,10805,67038,
540956,"Bhatia Communications & Retail",X,STK,22.48,23.45,21.52,21.87,21.87,22.12,173,82744,1823760,
540975,"Aster DM Healthcare Limited",A,STK,684,702,673.95,685.35,682.1,685,1805,38437,26398936,
540980,"The Yamuna Syndicate Ltd",X,STK,27001,27001,27001,27001,27001,26500,1,1,27001,
541005,"KANCO TEA & INDUSTRIES LIMITED",X,STK,63.9,63.9,61,63.5,63.5,63.75,7,103,6292,
541006,"Angel Fibers Limited",M,STK,11.8,11.8,11.8,11.8,11.8,13.1,1,8000,94400,
541019,"H.G. Infra Engineering Limited",B,STK,520.7,520.7,496.8,507.7,508.5,520.7,1372,30769,15605592,
541083,"Inflame Appliances Limited",M,STK,301.5,301.5,283.05,288.8,288.8,301.5,25,8250,2414300,
541096,"Bharat Parenterals Limited",X,STK,1109.95,1109.95,1082.05,1093.05,1104,1115.2,6,14,15376,
541097,"DSP BlackRock Mutual Fund",F,STK,1000,1000.01,999.99,1000,1000.01,1000,16,7394,7394014,
541143,"Bharat Dynamics Limited",A,STK,1343.5,1355,1326.1,1349.65,1349.65,1359.85,3301,58603,78477451,
541144,"Active Clothing Co  Limited",B,STK,94,107.5,91.7,105.9,104.23,94,217,41904,4291654,
541152,"GOYAL ALUMINIUMS LIMITED",T,STK,6.33,6.49,6.28,6.31,6.3,6.45,70,27996,177932,
541153,"Bandhan Bank Limited",A,STK,179.65,181.25,177.15,177.9,177.9,182.3,2837,172209,30797202,
541154,"Hindustan Aeronautics Limited",A,STK,3950.7,4033.25,3940.9,4011.5,4011.5,4005.35,7381,74342,296583374,
541161,"DHARAN INFRA-EPC LIMITED",Z,STK,0.19,0.19,0.19,0.19,0.19,0.19,150,310872,59065,
541163,"Sandhar Technologies Limited",B,STK,505.8,505.8,486.2,490.1,486.2,505.75,240,2037,1008250,
541167,"YASHO INDUSTRIES LIMITED",B,STK,1380,1398.55,1365,1372.3,1371.2,1399.3,93,729,1004600,
541178,"Benara Bearings and Pistons Li",MT,STK,9.24,9.24,9.24,9.24,9.24,9.27,1,8000,73920,
541195,"Mishra Dhatu Nigam Limited",A,STK,335,335.9,325.35,331.2,331.2,336.05,1072,32613,10746609,
541206,"Orissa Bengal Carrier Limited",B,STK,56.5,56.5,56.5,56.5,56.5,55.75,4,485,27402,
541228,"Taylormade Renewables Limited",B,STK,97.25,100.75,95.2,96.25,96.25,97.25,292,22366,2185384,
541233,"Lemon Tree Hotels Limited",A,STK,104.95,106.7,101.1,105.3,105.3,106.5,5638,464137,48249040,
541269,"Chemfab Alkalis Ltd",B,STK,383,384.4,375.25,376.2,375.25,387.5,92,328,123661,
541276,"HARDWYN INDIA LIMITED",T,STK,17.8,17.98,17.25,17.76,17.98,17.66,165,107711,1914690,
541301,"Orient Electric Limited",B,STK,175,175,169.45,170.55,170.25,175.75,274,9716,1661507,
541302,"Dhruv Consultancy Services Lim",B,STK,29,30.72,29,30.39,30,30.8,50,1588,48018,
541303,"Akshar Spintex Limited",B,STK,0.41,0.41,0.39,0.4,0.4,0.41,85,63285,25142,
541304,"Indo US Bio-Tech Limited",B,STK,97.8,100.2,96.9,99,99,99.3,43,351,34462,
541313,"ICICI Prudential BSE 500 ETF",A,STK,37.02,37.32,36.53,36.97,37.18,37.35,328,9275,343249,
541336,"IndoStar Capital Finance Limit",B,STK,210.2,212,202.35,203.5,205.5,210.1,220,5052,1044608,
541337,"Milestone Furniture Limited",MT,STK,27.27,29,27.27,28.06,29,28.7,4,15000,418530,
541338,"U. H. ZAVERI LIMITED",B,STK,12.85,13.03,12.7,13.03,13.03,12.41,72,157362,2049052,
541347,"Parvati Sweetners and Power Lt",XT,STK,7.55,8.01,7.55,7.86,7.86,7.92,42,2976,22916,
541352,"Megastar Foods Limited",B,STK,232.05,239,232.05,237.5,236,244,11,6259,1486298,
541353,"Innovators Facade Systems Limi",M,STK,120.8,126,120.8,124,124.5,124.8,14,28000,3466520,
541358,"UNIFINZ CAPITAL INDIA LIMITED",X,STK,91.59,98,91.59,96,96,92.05,17,328,31400,
541400,"ZIM Laboratories Limited",B,STK,68.03,68.03,64.35,64.85,64.35,67.6,109,3041,200400,
541402,"Affordable Robotic & Automatio",B,STK,164.65,168.75,163,164.4,166,168.5,313,7552,1244945,
541403,"Dollar Industries Limited",B,STK,260.25,262.55,252.6,256.3,256.3,260.3,82,1871,483366,
541418,"NAKODA GROUP OF INDUSTRIES LIM",B,STK,24.3,25.9,24.15,24.71,24.35,24.01,127,4770,119105,
541444,"Palm Jewels Limited",B,STK,16.74,16.74,15.12,16.18,16.2,16.74,51,4236,67234,
541445,"Waa Solar Limited",M,STK,49.45,52,49.4,51,51,49.43,22,19200,984488,
541450,"Adani Green Energy Limited",A,STK,847.1,881.55,837.65,865.95,865.95,849.8,10185,290680,250532388,
541540,"SOLARA ACTIVE PHARMA SCIENCES",B,STK,454.2,455.5,442.75,448.35,448.45,454.1,309,4544,2035219,
541546,"GAYATRI HIGHWAYS LTD",B,STK,2.42,2.48,2.26,2.26,2.26,2.37,96,93075,217697,
541556,"RITES Limited",A,STK,196,202.95,194.65,199.9,200.15,199.4,826,43402,8608134,
541557,"Fine Organic Industries Limite",A,STK,4200.05,4387.45,4200,4330.5,4330,4274.35,187,490,2107106,
541578,"Varroc Engineering Limited",A,STK,491.1,498.4,480,494.8,494.05,492.1,472,5697,2798496,
541601,"Rajnish Wellness Limited",B,STK,0.52,0.52,0.49,0.52,0.52,0.48,1413,22497120,11561589,
541627,"Gujarat Winding Systems Limite",X,STK,7.6,8,7.31,8,8,8.18,6,335,2538,
541634,"Raw Edge Industrial Solutions",B,STK,15.5,15.5,14.63,14.66,14.88,15.39,35,2745,40551,
541702,"Ashnisha Industries Limited",XT,STK,3.87,3.87,3.65,3.71,3.68,3.79,169,144320,538838,
541703,"RACONTEUR GLOBAL RESOURCES LIM",M,STK,14,14,14,14,14,12.38,2,16000,224000,
541729,"HDFC Asset Management Company",A,STK,2448.85,2476.2,2410,2428.05,2428.05,2448.9,3043,174978,425155196,
541735,"Vivanta Industries Limited",X,STK,1.61,1.61,1.57,1.6,1.6,1.61,212,118456,189000,
541741,"Fratelli Vineyards Limited",X,STK,80.1,80.99,77.71,80.89,80.89,80.92,65,13877,1095802,
541770,"CreditAccess Grameen Ltd.",A,STK,1189.95,1195.15,1153.3,1176.8,1173.95,1196.75,1008,10871,12725534,
541771,"AMIN TANNERY LIMITED",X,STK,1.65,1.65,1.36,1.44,1.47,1.6,117,96703,140052,
541778,"Deep Polymers Limited",B,STK,32,32.4,31.35,31.53,31.53,32.03,44,5138,164470,
541809,"ICICI Prudential Mutual Fund",B,STK,69.74,70.37,68.76,69.95,70,70.01,280,21710,1505875,
541865,"Add-Shop E-Retail Limited",B,STK,6.97,7.14,6.97,7.09,7.09,6.97,47,10655,75067,
541890,"Space Incubatrics Technologies",XT,STK,0.2,0.21,0.19,0.19,0.2,0.2,280,2731736,532217,
541929,"Synergy Green Industries Limit",B,STK,500,507.15,495.3,499.05,499.05,501,48,145,72449,
541946,"ICICI Prudential BSE Liquid Ra",F,STK,1000,1000.01,999.99,1000,1000,1000,42,146977,146977004,
541956,"IRCON International Ltd",A,STK,137,138.25,133.05,136.5,136.5,137.25,5211,394544,53636358,
541967,"Sky Gold And Diamonds Limited",A,STK,340.1,348.9,332.45,346.7,346.45,342.35,1129,20635,7053833,
541972,"SBI Mutual Fund",A,STK,859.78,874.45,857.57,866.79,866.37,872.01,35,214,184614,
541974,"Manorama Industries Limited",A,STK,1316.05,1339.1,1293,1327.65,1322.7,1334.45,404,2809,3702831,
541983,"Innovative Ideals and Services",MT,STK,14.34,15.05,14.3,15.05,15.05,15.05,9,110000,1648210,
541988,"AAVAS Financiers Limited",A,STK,1187.85,1201,1164.95,1179.15,1183.5,1210.1,883,6768,7970128,
542011,"Garden Reach Shipbuilders & En",A,STK,2411.55,2437.3,2395,2426.1,2426.1,2445.25,2717,38698,93344924,
542012,"A-1 LIMITED",B,STK,20.17,21.83,20.17,20.17,20.17,22.41,4901,4188945,84879079,
542013,"Dolfin Rubbers Limited",B,STK,179.95,179.95,173,173.15,173,178.4,63,702,123971,
542019,"Shubham Polyspin Limited",B,STK,58,58,54,55.47,55.47,56.13,149,41860,2318537,
542020,"AKI India Limited",B,STK,5.15,5.39,4.9,5,5,5.05,36,3894,20069,
542025,"Sun Retail Limited",M,STK,0.35,0.36,0.33,0.34,0.36,0.37,6,336000,114240,
542034,"S. M. Gold Limited",B,STK,12.32,12.32,11.82,11.94,11.94,12.26,85,21086,252845,
542046,"VIVID MERCANTILE LIMITED",T,STK,7.65,8.29,7.65,8.25,8.25,8.05,152,334188,2617261,
542057,"BCPL Railway Infrastructure Li",B,STK,60.15,62.25,60.02,61.64,61.2,60.45,240,26493,1605740,
542066,"ADANI TOTAL GAS LIMITED",A,STK,591,650,591,606.9,606.9,569.2,122154,6920547,4353703709,
542123,"The Phosphate Company Limited",X,STK,133.1,140,133.1,137,137,138,10,79,10705,
542131,"Mirae Asset Mutual Fund",B,STK,256.39,257.94,254.7,255.66,255.66,258.2,1362,141721,36144867,
542141,"Techno Electric & Engineering",A,STK,1090.1,1120,1072.15,1108.3,1109,1105.15,807,10254,11271528,
542146,"Shree Krishna Infrastructure L",MT,STK,9.77,9.77,9.76,9.76,9.76,9.31,3,3750,36625,
542155,"Diksha Greens Limited",MT,STK,1.19,1.19,1.19,1.19,1.19,1.21,1,2000,2380,
542206,"NIVAKA FASHIONS LIMITED",X,STK,1.81,1.81,1.74,1.77,1.74,1.77,20,882,1560,
542216,"DALMIA BHARAT LIMITED",A,STK,1898.95,1900.2,1825.45,1895.15,1891.1,1853.85,403,3083,5759085,
542230,"Aditya Birla Sun Life Mutual F",B,STK,70.13,70.36,68.59,70.13,69.72,71.99,54,2888,199573,
542231,"Nila Spaces Ltd",B,STK,13.75,13.75,13.06,13.15,13.15,13.44,141,97928,1292669,
542232,"Shankar Lal Rampal Dye-Chem Li",B,STK,52,52.9,48.91,52,52,50.23,34,282,14229,
542233,"Trejhara Solutions Limited",B,STK,167.65,170,160.1,164.9,164.9,168.5,87,1892,307080,
542248,"Deccan Health Care Limited",B,STK,13.19,13.19,12.41,12.6,12.6,12.92,89,21216,267137,
542285,"Axita Cotton Limited",T,STK,8.99,9.23,8.9,8.91,8.94,8.8,174,77223,687819,
542323,"KPI Green Energy Limited",A,STK,363.65,432.2,351.95,394.85,394.85,363.65,14862,940090,385448817,
542332,"Hi-Klass Trading and Investmen",XT,STK,46.27,46.27,46.27,46.27,46.27,44.07,1,2,92,
542333,"RPSG VENTURES LIMITED",B,STK,613.25,619.55,606,612.3,619.5,628.75,62,533,326784,
542337,"Spencer's Retail Limited",B,STK,31.11,31.62,30.9,30.93,30.93,31.66,89,9030,282572,
542351,"Gloster Ltd",B,STK,553.9,553.9,525.6,525.6,525.6,543.1,12,149,79282,
542367,"Xelpmoc Design and Tech Limite",B,STK,118.9,118.9,102.35,108.05,112.15,118.9,93,3731,410343,
542376,"SPA Capital Services Limited",XT,STK,219.9,219.9,219.9,219.9,219.9,219.9,1,7,1539,
542383,"Ritco Logistics Limited",B,STK,196,231.05,192.7,207.8,211.35,197.65,1150,43708,9428728,
542399,"Chalet Hotels Limited",A,STK,774.75,779.15,747.95,774.65,775.05,774.85,255,3360,2575750,
542437,"Anmol India Limited",B,STK,10.99,11.27,10.93,11.04,11.06,11.12,36,5656,62366,
542459,"Kranti Industries Limited",B,STK,59,59,57,57.08,57,58,43,3168,182714,
542460,"The Anup Engineering Ltd",A,STK,1515.05,1564,1498.05,1557.45,1558,1529.1,318,2154,3297018,
542484,"Arvind Fashions Limited",A,STK,400.75,400.75,388.45,393.1,391.6,400.95,461,20718,8138687,
542503,"Mahip Industries Limited",MT,STK,21.79,21.79,21.79,21.79,21.79,20.78,1,4000,87160,
542513,"UTI BSE  Sensex Next 50 ETF",A,STK,85.51,89,85.49,86.8,89,86.95,31,1460,126610,
542543,"Energy Infrastructure Trust",IF,STK,82.01,82.5,81.55,82,82,81.94,23,575000,47090750,
542579,"Ashapuri Gold Ornament Limited",B,STK,4.44,4.46,4.17,4.25,4.25,4.42,1151,669711,2878568,
542580,"Aartech Solonics Limited",B,STK,40.69,41.23,39.6,39.96,40.1,40.69,29,666,26689,
542597,"MSTC Limited",B,STK,423,435,417,428.7,430,423.7,446,10569,4535032,
542602,"Embassy Office Parks REIT",IF,STK,419.01,441.89,415.25,434.16,439,421.53,534,7298,3093699,
542627,"Chandni Machines Limited",XT,STK,75.74,75.74,70,75.74,75.74,72.14,61,6621,490050,
542628,"Northern Spirits Limited",B,STK,115,115.85,112.75,115.15,115.1,115.5,38,2373,272234,
542649,"Rail Vikas Nigam Limited",A,STK,275.5,284.4,270.95,279.5,279.5,277.5,8512,611964,169553282,
542650,"Metropolis Healthcare Limited",A,STK,1839.7,1841.9,1801.7,1818.6,1821.5,1839.65,384,1609,2941128,
542651,"KPIT Technologies Ltd",A,STK,681.95,683.2,666,670.7,670.7,683.9,5988,114187,77017849,
542652,"Polycab India Limited",A,STK,7380.05,7533,7281.55,7446.65,7446.65,7431.85,7967,31589,233826477,
542654,"V R FILMS & STUDIOS LIMITED",B,STK,12.35,12.75,12.15,12.7,12.7,12,19,246,3114,
542655,"VIKAS LIFECARE LIMITED",B,STK,1.32,1.4,1.3,1.32,1.32,1.33,378,1036932,1370519,
542665,"Neogen Chemicals Limited",B,STK,1435.15,1480,1409.75,1436.8,1452.5,1435.15,515,3457,5015949,
542666,"G. K. P. Printing & Packaging",B,STK,5.8,6,5.8,5.99,5.99,5.82,44,3202,19073,
542668,"EVANS ELECTRIC LIMITED",M,STK,75,75,74.01,75,75,77.79,11,19000,1421640,
542669,"BMW INDUSTRIES LIMITED",B,STK,33.69,33.8,32.7,33.22,33.36,33.47,439,97005,3223680,
542670,"Artemis Electricals and Projec",B,STK,18,18.56,17,18.15,18.45,18.25,719,54527,973004,
542679,"Dhanashree Electronics Limited",XT,STK,169,169.55,169,169.55,169.55,161.5,13,642,108600,
542682,"Harish Textile Engineers Limit",X,STK,62.6,65,62.3,62.95,63.7,66.86,46,1968,124771,
542684,"Prakash Pipes Limited",B,STK,202.65,203.45,196,199,198.3,202.65,190,3189,637574,
542685,"Digicontent Limited",B,STK,24.9,25.7,24.5,24.5,24.5,24.22,19,8432,212133,
542721,"Anand Rayons Limited",B,STK,75,75,75,75,75,78.9,34,495,37125,
542724,"Murae Organisor Limited",T,STK,0.2,0.21,0.2,0.2,0.21,0.21,545,4720308,957040,
542725,"SBC EXPORTS LIMITED",B,STK,32.39,32.45,31.99,32.16,32.22,32.12,223,369715,11911901,
542726,"IndiaMART InterMESH Limited",A,STK,2129.15,2129.15,2097.9,2104.2,2103,2129.15,672,5836,12265609,
542727,"CITY PULSE MULTIVENTURES LIMIT",M,STK,3004,3004,2848.7,2849.6,2849.6,2816.25,8,1900,5469205,
542729,"DCM NOUVELLE LIMITED",B,STK,119,119.15,110.75,114.45,114.45,121.2,135,1602,183044,
542730,"ICICI Prudential Mutual Fund",B,STK,56.4,57.53,56.02,56.47,56.52,56.97,144,22165,1252646,
542747,"NIPPON INDIA ETF SENSEX NEXT 5",A,STK,85.74,85.74,83.4,84.71,85.5,85.25,242,30874,2612246,
542752,"AFFLE 3I LIMITED",A,STK,1397.95,1405,1362,1378.4,1376.7,1412.2,2349,17566,24332142,
542758,"ICICI Prudential Mutual Fund",B,STK,26.6,26.6,26.18,26.26,26.22,26.71,95,16739,441341,
542759,"Spandana Sphoorty Financial Li",B,STK,225.3,232.75,223.45,227.05,229.95,229.4,1027,9818,2234119,
542760,"STERLING AND WILSON RENEWABLE",A,STK,176.45,182.3,172.95,179.5,179.5,178.7,2329,314320,56169966,
542765,"Transpact Enterprises Limited",MS,STK,223.3,223.3,223.2,223.2,223.2,234.9,3,1500,334900,
542770,"Alphalogic Techsys Limited",B,STK,37.24,37.24,33.68,35.01,35.01,37.42,174,10714,379702,
542772,"360 ONE WAM LIMITED",A,STK,1035,1049.65,1017.3,1043.65,1040.95,1044.9,859,11762,12208165,
542773,"IIFL CAPITAL SERVICES LIMITED",A,STK,295.05,300,289.9,292.2,291.75,297.6,626,19129,5630233,
542774,"MUFIN GREEN FINANCE LIMITED",B,STK,105.45,105.5,102.95,104.45,104,105.75,182,39013,4069244,
542801,"Misquita Engineering Limited",M,STK,122,122,115,120,120,114.5,11,30000,3616500,
542802,"Galactico Corporate Services L",B,STK,1.73,1.98,1.67,1.81,1.85,1.74,230,155753,282192,
542803,"Vaxfab Enterprises Limited",X,STK,41.26,42.43,40.5,41.25,41,41.53,49,22796,934886,
542812,"Gujarat Fluorochemicals Limite",A,STK,3210.05,3210.05,3164.7,3184.65,3182.1,3243.6,340,1674,5333374,
542830,"Indian Railway Catering and To",A,STK,532,540.9,520.2,536.55,536.55,534.15,12495,282826,150500814,
542850,"GOBLIN INDIA LIMITED",M,STK,7.29,7.3,7,7,7,7.19,6,14000,100680,
542852,"Vishwaraj Sugar Industries Lim",B,STK,5.09,5.87,5.09,5.52,5.58,5.3,187,26531,146721,
542857,"Greenpanel Industries Limited",B,STK,195,209.9,190.2,204.15,204.15,195.15,406,10790,2157515,
542862,"Shahlon Silk Industries Limite",X,STK,20.66,21,20.58,20.74,20.95,21.65,41,21837,454520,
542863,"Aditya Birla Sun Life Mutual F",B,STK,56.25,57.31,56.06,57.31,57.31,57.28,45,570,32144,
542865,"Anuroop Packaging Limited",B,STK,11.62,11.9,11.62,11.75,11.75,11.58,15,10512,122242,
542867,"CSB Bank Limited",A,STK,356.25,356.25,345,347.9,350.55,358.6,1076,41676,14589158,
542904,"Ujjivan Small Finance Bank Lim",A,STK,53.16,53.94,51.95,53.12,53.12,53.94,4292,821252,43290014,
542905,"Hindware Home Innovation Limit",B,STK,207.2,211.85,199,211.45,211.65,207.1,242,406336,81573150,
542906,"Easun Capital Markets Limited",XT,STK,45.13,45.13,45.13,45.13,45.13,47.5,1,1,45,
542907,"Prince Pipes and Fittings Limi",B,STK,262.25,262.25,250.3,254.55,254.8,262.3,631,13704,3480438,
542909,"Edelweiss Mutual Fund",F,STK,1568.82,1572.3,1566.42,1569.16,1572.3,1562.2,37,147,230644,
542911,"Assam Entrade Limited",X,STK,887,887,887,887,887,874,1,1,887,
542918,"Gian Life Care Limited",Z,STK,7.42,7.78,7.42,7.42,7.78,7.81,29,2580,19147,
542919,"Artemis Medicare Services Limi",B,STK,230.95,231.35,226.7,229.55,230.05,231,100,2684,613996,
542920,"SUMITOMO CHEMICAL INDIA LIMITE",A,STK,385.75,393.7,384.5,389.35,389.55,392.8,362,5802,2256024,
542921,"ICICI Prudential Mutual Fund",B,STK,21.46,21.72,21.16,21.56,21.72,21.59,603,81276,1731791,
542922,"Mirae Asset Mutual Fund",B,STK,672,686.63,671.54,683.41,682.7,683.95,122,4433,3027049,
542933,"UNIVERSUS PHOTO IMAGINGS LIMIT",T,STK,518.5,518.5,505.5,505.5,505.5,508.95,7,278,140560,
542938,"Octavius Plantations Limited",X,STK,41.3,41.3,41.3,41.3,41.3,41.3,1,1,41,
543064,"Cohance Lifesciences Limited",A,STK,291.25,293.95,282.25,289.7,289.7,293,1421,87614,25156778,
543066,"SBI CARDS AND PAYMENT SERVICES",A,STK,713.65,715.6,698.05,710.2,710.2,715.05,2586,26952,19029299,
543071,"Nippon India Mutual Fund",F,STK,17.88,17.88,14.65,14.65,14.65,16.27,11,1121,16425,
543087,"Nippon India Mutual Fund",F,STK,199.88,199.88,199.88,199.88,199.88,183.48,1,1,199,
543099,"UTI Mutual Fund",F,STK,56.25,56.25,56.25,56.25,56.25,62.5,1,1,56,
543108,"UTI Mutual Fund",F,STK,112.7,112.7,112.7,112.7,112.7,102.49,1,1,112,
543144,"Nippon India Mutual Fund",B,STK,5.99,5.99,5.19,5.98,5.98,5.75,4,45,240,
543150,"Nippon India Mutual Fund",B,STK,2.55,2.7,2.54,2.61,2.65,2.65,32,6430,16460,
543153,"Nippon India Mutual Fund",B,STK,31.13,34.07,31.13,34.07,34.07,30.98,2,17,532,
543161,"Nippon India Mutual Fund",F,STK,125,125,125,125,125,118,1,1,125,
543165,"Nippon India Mutual Fund",F,STK,135,135,134.97,134.97,134.97,135,3,23,3104,
543167,"Nippon India Mutual Fund",F,STK,2.61,2.61,2.2,2.4,2.41,2.38,22,4351,9746,
543171,"RO Jewels Limited",B,STK,1.42,1.42,1.35,1.42,1.42,1.39,86,35550,49781,
543173,"Nippon India Mutual Fund",B,STK,16.03,16.03,13.13,13.58,13.58,14.58,7,40,554,
543174,"Nippon India Mutual Fund",B,STK,2.38,2.5,2.28,2.29,2.42,2.41,21,1780,4170,
543175,"Nippon India Mutual Fund",B,STK,3.92,3.92,3.9,3.9,3.9,3.91,4,48,187,
543176,"Nippon India Mutual Fund",B,STK,60.63,60.63,49.63,53.16,49.63,55.12,9,93,5548,
543177,"Nippon India Mutual Fund",B,STK,8.18,8.18,6.8,6.99,6.99,7.55,107,19566,134156,
543178,"Nippon India Mutual Fund",B,STK,31.7,31.7,31.7,31.7,31.7,28.82,6,62,1965,
543181,"Nippon India Mutual Fund",B,STK,29.01,31.75,29.01,31.61,31.6,28.87,15,603,18543,
543182,"Nippon India Mutual Fund",B,STK,42.49,42.49,37.34,39.25,39.33,41.48,20,1728,64542,
543184,"Nippon India Mutual Fund",B,STK,38.64,38.64,35.49,35.49,35.49,39.43,4,34,1209,
543186,"Nippon India Mutual Fund",B,STK,6,6,5.02,5.21,5.39,5.52,8,37,208,
543187,"HITACHI ENERGY INDIA LIMITED",A,STK,24787.35,25296.5,24419.7,24877.05,24877.05,24922.85,1681,5049,125168276,
543193,"DJ Mediaprint & Logistics Limi",T,STK,88,88,81.18,81.82,81.18,85.45,38,4822,394532,
543207,"Natural Biocon (India) Limited",X,STK,4.39,4.4,4.05,4.19,4.19,4.35,126,53991,228401,
543208,"REGIS INDUSTRIES LIMITED",X,STK,2.43,2.43,2.39,2.4,2.41,2.41,93,23066,55445,
543209,"Billwin Industries Limited",M,STK,24.95,25.97,24.95,25.46,25.97,26.68,2,6000,152760,
543210,"Aarti Surfactants Limited",B,STK,363.85,390,363.3,375.9,372,367.25,92,976,368365,
543211,"BONLON INDUSTRIES LIMITED",T,STK,38.66,40.28,37.2,39.99,40.18,38.69,40,3317,126730,
543212,"Borosil Limited",B,STK,253.3,253.3,238.05,240.7,243,260.15,829,36511,8991133,
543213,"ROSSARI BIOTECH LIMITED",B,STK,452.8,464,450.85,453.75,454.85,461.5,146,1380,627596,
543214,"NDR Auto Components Limited",B,STK,692.4,710,684.7,690.5,685,709.55,112,824,575653,
543216,"Edelweiss Mutual Fund",F,STK,1399,1405,1397.31,1404.37,1403.74,1404.96,11,1358,1907865,
543217,"Mindspace Business Parks REIT",IF,STK,459.99,459.99,451.1,452.25,452.45,459.49,502,5770,2634282,
543218,"SURATWWALA BUSINESS GROUP LIMI",B,STK,26.1,27.5,26.1,27.36,27.36,27.13,49,6221,168952,
543219,"ICICI Prudential Mutual Fund",B,STK,26.5,26.56,26.19,26.24,26.21,26.63,164,10391,273198,
543220,"Max Healthcare Institute Limit",A,STK,1032.95,1032.95,1009.1,1020.3,1020.3,1031.75,2360,28197,28809435,
543221,"ICICI Prudential Mutual Fund",B,STK,32.02,32.94,32.02,32.76,32.94,32.8,273,137056,4471109,
543223,"Max India Limited",B,STK,150.3,153.95,146.95,148,146.95,151.5,23,465,69819,
543224,"HDFC Mutual Fund",B,STK,56.47,57.05,56.24,56.63,56.64,57.3,68,2271,128895,
543225,"Altius Telecom Infrastructure",IF,STK,158,158,158,158,158,157.72,10,375000,59250000,
543226,"UTI Mutual Fund",B,STK,56.63,57.1,56.59,57.1,57.1,57.51,23,4532,258326,
543227,"Happiest Minds Technologies Li",A,STK,410.9,432.85,398.75,408.75,408.75,411.4,30638,1956851,811917437,
543228,"Route Mobile Limited",B,STK,478,482.9,471.1,476.5,476.65,482.75,533,6889,3285464,
543230,"ADVAIT ENERGY TRANSITIONS LIMI",B,STK,1604.95,1628.95,1574.1,1585,1585,1615.95,1129,5860,9340393,
543231,"Archidply Decor Limited",B,STK,71,71,71,71,71,70.51,1,1,71,
543232,"Computer Age Management Servic",A,STK,667.6,670.15,655.45,663.9,663.9,676.9,6034,135838,89992639,
543233,"Chemcon Speciality Chemicals L",B,STK,154.15,159.35,154,155.45,154,156.9,516,5965,931001,
543234,"Secmark Consultancy Limited",B,STK,113.8,113.8,110.5,110.5,110.5,112.35,5,23,2600,
543235,"ANGEL ONE LIMITED",A,STK,215.75,217.1,212.25,213,213,218.75,8414,560803,120499171,
543236,"Atam Valves Limited",B,STK,58.25,62.5,58.25,59,59,62.14,124,2864,171410,
543237,"Mazagon Dock Shipbuilders Limi",A,STK,2395.25,2470,2382,2447.9,2447.9,2436.75,13119,400141,973018510,
543238,"UTI Asset Management Company L",A,STK,972,989.85,958.35,979.4,982.15,983.75,547,5186,5034435,
543240,"Likhitha Infrastructure Limite",B,STK,143.55,152.7,143.55,150,149.5,148.75,163,4550,683733,
543241,"Veer Global Infraconstruction",T,STK,79,85,78.85,79.52,83.9,83,57,2355,185924,
543242,"Hemisphere Properties India Li",B,STK,137.2,140.8,136.3,136.95,136.85,139.75,335,26846,3723665,
543243,"Equitas Small Finance Bank Lim",A,STK,57.52,57.52,56.33,56.77,56.85,58.11,1561,123133,6986923,
543244,"Shine Fashions (India) Limited",M,STK,24.5,26.1,24.05,26,26,26.99,16,176000,4505400,
543245,"Gland Pharma Limited",A,STK,1625.4,1699,1625.4,1656.45,1699,1665.6,462,249522,411720645,
543246,"Mirae Asset Mutual Fund",B,STK,39.72,40.18,39.72,40.01,39.98,40.42,18,252,10048,
543248,"Restaurant Brands Asia Limited",A,STK,62,62.01,60.89,61.17,61.11,62.03,624,1442979,88341090,
543249,"TARC LIMITED",B,STK,135,137.3,131.05,131.45,131.05,136.95,304,18918,2529891,
543250,"Motilal Oswal Mutual Fund",F,STK,63.97,64.03,63.46,63.46,63.46,63.6,9,1265,80517,
543251,"Ravinder Heights Limited",B,STK,38.11,39.23,37.88,37.93,39,38.32,9,5175,199163,
543252,"Fairchem Organics Limited",B,STK,532,590,532,558.05,558.05,550.1,232,3717,2055093,
543253,"Mrs. Bectors Food Specialities",A,STK,187.05,187.7,181.85,184.45,184.45,187.9,2166,84709,15644422,
543254,"Antony Waste Handling Cell Lim",B,STK,451,492,451,483.95,485.9,477.05,420,6274,2983477,
543255,"Nippon India Mutual Fund",B,STK,924.35,936.57,920.83,929.87,926.1,934.26,145,1805,1679290,
543256,"RITA FINANCE AND LEASING LIMIT",X,STK,18,18.09,18,18,18,19.17,8,1300,23402,
543257,"Indian Railway Finance Corpora",A,STK,98.8,100.9,97.25,99.9,99.9,99.3,11482,1265763,125576347,
543258,"Indigo Paints Limited",B,STK,819.85,832.1,804.6,818.55,818.55,823.6,705,6039,4957832,
543259,"Home First Finance Company Ind",A,STK,1046,1046,1000,1002.95,1006,1052.8,1566,15840,16106826,
543260,"STOVE KRAFT LIMITED",B,STK,569.5,608.95,500.5,507.5,507.5,545.05,12439,366527,202127623,
543261,"Brookfield India Real Estate T",IF,STK,339.5,342.18,339.5,340.34,340.06,341.66,190,2991,1017260,
543263,"SMC Global Securities Limited",B,STK,72.02,72.02,70,70.84,72,72.72,375,26551,1888206,
543264,"Nureca Limited",B,STK,260.9,268.7,258.8,267.9,268.7,260,44,413,109918,
543265,"RailTel Corporation of India L",A,STK,281.65,291.55,275.45,287,287,283.45,1418,76882,21688039,
543266,"Heranba Industries Limited",B,STK,184.05,185,182.1,182.85,182.5,186.65,138,5660,1036968,
543267,"Davangere Sugar Company Limite",B,STK,3.9,3.96,3.87,3.9,3.9,3.94,305,230303,897212,
543268,"DRC Systems India Limited",B,STK,13.09,13.5,13.09,13.4,13.5,13.26,24,1831,24460,
543270,"MTAR Technologies Limited",A,STK,3565.1,3577.5,3383.9,3514.3,3517,3575.05,1893,23806,82510832,
543271,"Jubilant Ingrevia Limited",A,STK,566,590,562.1,577.9,576.15,571.3,1249,27658,15837616,
543272,"Easy Trip Planners Limited",A,STK,7.32,7.33,7.16,7.24,7.28,7.34,661,617018,4469185,
543273,"Knowledge Marine & Engineering",B,STK,1607.15,1607.15,1547.15,1571.6,1571.9,1598.35,421,4918,7694844,
543275,"Anupam Rasayan India Limited",A,STK,1279.5,1288.55,1261.05,1270.75,1265,1299,343,3110,3971447,
543276,"Craftsman Automation Limited",A,STK,7333,7487.5,7234.45,7340.5,7307,7333.75,678,2490,18320947,
543277,"Laxmi Organic Industries Limit",A,STK,117.15,124.1,117.15,122.45,121.5,120.8,764,43044,5249528,
543278,"Kalyan Jewellers India Limited",A,STK,388.2,393.5,378.5,390,390,390.75,4663,173988,67214413,
543279,"Suryoday Small Finance Bank Li",B,STK,131,131.5,125.5,126.4,126.85,134,328,11085,1419363,
543280,"Nazara Technologies Limited",A,STK,243.95,245.15,234.3,243,245,245.65,1240,71105,17043054,
543281,"Suvidhaa Infoserve Limited",B,STK,2.79,2.87,2.7,2.73,2.73,2.78,29,10319,28517,
543283,"UNITED FOODBRANDS LIMITED",B,STK,223.4,223.4,201.05,207.2,211.95,223.35,370,12197,2505767,
543284,"EKI Energy Services Limited",B,STK,83,84.79,82.06,82.69,82.86,83.21,609,36961,3067256,
543285,"Rajeshwari Cans Limited",MT,STK,22.66,22.66,22.66,22.66,22.66,23.85,16,61600,1395856,
543287,"Lodha Developers Limited",A,STK,877,887,861,869.25,869.25,878.55,1009,16416,14337084,
543288,"Deep Industries Limited",B,STK,336.7,350.95,336.35,340.9,339.25,345.3,502,23623,8105266,
543289,"Kuberan Global Edu Solutions L",TS,STK,42.36,42.36,42.36,42.36,42.36,40.35,1,3000,127080,
543290,"POWERGRID Infrastructure Inves",IF,STK,91,91.45,90.5,91.03,91.44,90.88,1002,139644,12698382,
543291,"Mirae Asset Mutual Fund",B,STK,162.88,162.88,162.17,162.88,162.88,163.74,320,4958,807558,
543292,"ICICI Prudential Mutual Fund",B,STK,153,153.59,150.88,152.7,152,153.07,79,3641,554142,
543298,"Vineet Laboratories Limited",B,STK,31.85,31.85,29.5,29.91,29.8,30.21,140,33337,1023490,
543299,"Shyam Metalics and Energy Limi",A,STK,785.2,792,766.5,780.4,778,785.1,281,2293,1783259,
543300,"Sona BLW Precision Forgings Li",A,STK,504.65,515,502.95,510.05,510.85,517,2714,43789,22247363,
543306,"Dodla Dairy Limited",A,STK,997,1005.05,989.35,1002.55,1004.9,1017.1,87,317,316505,
543308,"Krishna Institute of Medical S",A,STK,679.95,679.95,660,663.65,661.35,676.15,5608,59244,39397009,
543311,"India Pesticides Limited",B,STK,145.3,151.05,144.1,147.8,147.9,146.25,217,12261,1805405,
543312,"Focus Business Solution Limite",M,STK,125,125,125,125,125,124,1,2133,266625,
543317,"G R Infraprojects Limited",A,STK,916.75,934,914.75,925.7,920.65,924.2,62,201,185305,
543318,"Clean Science and Technology L",A,STK,729.1,740.85,720,733.6,733.6,743.75,804,10939,8000265,
543320,"Eternal Limited",A,STK,220,223.85,213.1,221.25,221.25,223.8,40595,6189059,1337610461,
543321,"Tatva Chintan Pharma Chem Limi",B,STK,1135.3,1193.2,1134.9,1161.45,1193,1152.95,339,5079,5923155,
543322,"ALIVUS LIFE SCIENCES LIMITED",A,STK,935.05,945,925,939.2,936.1,950.7,427,3423,3205544,
543323,"Mirae Asset Mutual Fund",B,STK,26.4,26.73,26.39,26.49,26.54,26.84,160,26235,695785,
543324,"Gretex Corporate Services Limi",T,STK,376,376,376,376,376,375.35,1,1,376,
543325,"Rolex Rings Limited",B,STK,120.9,123.5,118.35,122.45,122.65,122.5,353,24088,2927504,
543326,"ICICI Prudential Mutual Fund",B,STK,52.04,52.11,51.31,51.49,51.43,52.51,1364,85764,4436288,
543327,"Exxaro Tiles Limited",B,STK,7.07,7.23,6.82,7,7,6.94,47,25372,177329,
543328,"Krsnaa Diagnostics Limited",B,STK,618.3,618.3,595,613.15,606.85,618.25,131,2055,1245924,
543329,"Windlas Biotech Limited",B,STK,730.25,748.7,730.1,738.6,748.7,741.6,66,723,532405,
543330,"Devyani International Limited",A,STK,111.5,120.05,109.15,117.6,117.6,111.9,2729,243316,28131921,
543331,"Meghmani Organics Limited",B,STK,44.8,46.32,43.54,45.26,45.64,44.83,507,206166,9306035,
543332,"Epigral Limited",A,STK,865.05,907.15,851.15,882.65,889,876.85,528,5815,5118159,
543333,"CarTrade Tech Limited",A,STK,1685,1721.55,1672.4,1678.4,1682.5,1690.65,1739,15324,26019902,
543334,"Nuvoco Vistas Corporation Limi",A,STK,294.1,296.75,288,293.75,293.65,296.5,377,13289,3898110,
543335,"Aptus Value Housing Finance In",A,STK,227.25,230,224.25,227.3,227.3,228.5,949,478087,108830522,
543336,"Chemplast Sanmar Limited",B,STK,265,283.9,260.65,275.65,273.25,266.9,1367,42052,11511041,
543341,"SHARPLINE BROADCAST LIMITED",X,STK,11.04,11.49,10.6,10.72,10.6,11.04,40,10335,112513,
543347,"Axis Mutual Fund",B,STK,322.9,326.68,319.14,324.29,325.01,325.09,12,204,65912,
543348,"Axis Mutual Fund",B,STK,152.6,152.6,150.16,151.4,151.4,151.85,10,884,133465,
543349,"ACUTAAS CHEMICALS LIMITED",A,STK,2190,2200,2146.8,2189.2,2190.1,2193.35,1512,16381,35501886,
543350,"Vijaya Diagnostic Centre Limit",A,STK,954.95,960.8,938.3,954.95,948,963.45,339,2141,2030549,
543351,"Naapbooks Limited",MS,STK,86,97.9,86,95,95,96,4,4800,448680,
543357,"Axis Mutual Fund",B,STK,111.59,112.85,110.52,112.85,112.85,112.18,5,108,12178,
543358,"Sansera Engineering Limited",A,STK,2159.95,2159.95,2076,2078.9,2077.15,2163.2,503,5427,11342207,
543363,"Prevest Denpro Limited",M,STK,410.05,410.05,396.3,400.5,400,409.05,16,4000,1626820,
543364,"Markolines Pavement Technologi",B,STK,154.15,158.7,150,151.75,151.75,153.15,369,13972,2151625,
543365,"Mirae Asset Mutual Fund",B,STK,68.16,70.6,68.1,69.79,69.99,69.55,341,18295,1278459,
543366,"SBL Infratech Limited",M,STK,37.2,37.2,37.2,37.2,37.2,31,3,3600,133920,
543367,"Paras Defence and Space Techno",A,STK,679.95,679.95,660.85,669.1,669.1,679.3,3409,100702,67153926,
543372,"Getalong Enterprise Limited",MT,STK,5.1,5.1,5.1,5.1,5.1,5.13,1,5000,25500,
543373,"Shri Venkatesh Refineries Limi",M,STK,265,265,265,265,265,252.5,1,500,132500,
543374,"Aditya Birla Sun Life AMC Limi",A,STK,997.95,1009.8,947.3,1000.2,1009.8,1009.7,3888,65523,64516044,
543376,"Samor Reality Limited",B,STK,69.49,70.87,65.01,70.87,70.87,67.5,33,1769,122769,
543378,"CWD Limited",MS,STK,300,307,292.1,307,307,307,14,38000,11529425,
543383,"ICICI Prudential Mutual Fund",B,STK,112.36,113.1,110.89,111.22,113.1,112.64,90,511,56915,
543384,"FSN E-Commerce Ventures Limite",A,STK,246.95,249.35,243.65,244.8,245.2,251.8,2822,112919,27757769,
543386,"Fino Payments Bank Limited",B,STK,179.6,181.2,174.7,177.9,179.2,179.55,258,11652,2074270,
543387,"S.J.S. Enterprises Limited",A,STK,1624.1,1624.1,1560.3,1610.4,1622.2,1624.05,778,16869,26621736,
543388,"DSP Mutual Fund",B,STK,322.62,325.69,322.62,324.49,324.51,327.2,21,412,133859,
543389,"Sigachi Industries Limited",B,STK,19.26,19.59,18.86,19.23,19.4,19.46,820,219567,4205635,
543390,"PB Fintech Limited",A,STK,1456,1473.55,1435.65,1462.4,1464.3,1462.95,2402,113955,166085042,
543391,"Suyog Gurbaxani Funicular Rope",M,STK,105,107.95,104,107.95,107.95,109,4,3000,316462,
543396,"One 97 Communications Limited",A,STK,1024,1026,997.35,1008.35,1008.35,1026.05,3885,110718,111820108,
543397,"Sapphire Foods India Limited",A,STK,170.35,173.1,164.35,169.2,170.8,171,5393,134500,22610145,
543398,"Latent View Analytics Limited",A,STK,298,301.7,290.35,294.9,295.65,299.15,1156,47869,14148148,
543399,"Tarsons Products Limited",B,STK,194,198.05,190,194.4,194.45,195.2,111,2255,438340,
543400,"Omnipotent Industries Limited",M,STK,4.18,4.18,4.18,4.18,4.18,4.17,2,4000,16720,
543401,"Go Fashion (India) Limited",B,STK,277.6,281.9,268.5,275.3,274.7,280.4,617,13973,3863743,
543410,"DMR ENGINEERING LIMITED",M,STK,45.48,45.48,45.48,45.48,45.48,41.5,1,1950,88686,
543411,"HI-TECH PIPES LIMITED",B,STK,82,82.13,78.9,80.33,80.75,81.51,629,52248,4185640,
543412,"Star Health and Allied Insuran",A,STK,446.95,464.35,442.95,460.8,459.9,455.65,838,12705,5769503,
543413,"Tega Industries Limited",A,STK,1753,1820.45,1700.25,1806.85,1788.1,1752.9,455,2660,4722873,
543414,"Mirae Asset Mutual Fund",B,STK,23.35,23.5,22.95,23.01,23.05,23.35,737,41428,955845,
543415,"Anand Rathi Wealth Limited",A,STK,3183.1,3183.1,3056.95,3072,3068.9,3118.15,618,4780,14767067,
543416,"Zodiac Energy Limited",B,STK,245,247.15,235,242,242,243.45,121,1191,287046,
543417,"RateGain Travel Technologies L",A,STK,510.5,511,493.95,510.4,510.85,510.45,591,11404,5728634,
543419,"Shriram Properties Limited",B,STK,73.49,73.49,71.16,71.99,72.09,73.49,272,234507,17040074,
543420,"Jet Freight Logistics Limited",B,STK,19.22,19.22,18.45,19,19,18.76,16,1885,35098,
543425,"C.E. Info Systems Limited",A,STK,978.1,990.25,950.55,966.4,965,989.95,634,7879,7614145,
543426,"Metro Brands Limited",A,STK,942.25,958.3,937.4,950.55,945.85,942.3,229,2981,2835891,
543427,"Medplus Health Services Limite",A,STK,823,853.65,815.2,840.55,853.65,829.95,438,4772,3996115,
543428,"Data Patterns (India) Limited",A,STK,3360.05,3366.15,3232.55,3328.3,3330,3382.95,4131,39554,130232402,
543433,"HP Adhesives Limited",B,STK,34,34,32.37,33.25,33.25,33.37,144,7444,247579,
543434,"Supriya Lifescience Limited",A,STK,582.5,605,582.5,585.3,605,594.95,423,6786,4009972,
543437,"Motilal Oswal Mutual Fund",B,STK,96,98.42,95.15,97.68,98.42,95.68,94,4282,412383,
543438,"DSP Mutual Fund",B,STK,225.7,228.34,224.74,228.34,228.34,232.53,21,758,171328,
543440,"DSP Mutual Fund",B,STK,252.2,256.56,247.24,248.25,249.29,250.31,120,2359,585916,
543441,"CMS Info Systems Limited",A,STK,296,301.5,292.55,299.1,299,299.1,1075,28328,8441819,
543442,"Brand Concepts Limited",B,STK,230,247.75,230,241,241,250,44,286,69011,
543449,"WONDER ELECTRICALS LIMITED",B,STK,137.55,140.2,137.55,140.2,140.2,138,3,52,7285,
543450,"ICICI Prudential Mutual Fund",B,STK,26.83,26.83,25.8,25.85,25.85,26.65,702,117913,3057312,
543451,"AGS TRANSACT TECHNOLOGIES LIMI",Z,STK,3.17,3.34,3.15,3.22,3.22,3.21,74,36533,118268,
543452,"ICICI Prudential Mutual Fund",E,STK,255.97,265.39,255.97,264.36,264.36,262.54,3217,255426,66584157,
543453,"ALKOSIGN LIMITED",M,STK,65.49,65.49,65.49,65.49,65.49,60.99,1,1125,73676,
543454,"Mirae Asset Mutual Fund",B,STK,153.7,153.89,151.45,152.79,153.12,154.1,69,8759,1338318,
543458,"AWL AGRI BUSINESS LIMITED",A,STK,180.05,182,175.55,176.05,176.05,179.45,4984,1179210,209912851,
543460,"Quality RO Industries Limited",M,STK,58,58,58,58,58,58,7,9500,551000,
543461,"Safa Systems & Technologies Li",M,STK,18.1,18.1,17.2,17.2,17.2,18.1,2,10000,176500,
543462,"DEV INFORMATION TECHNOLOGY LIM",B,STK,26,26.77,25.3,25.82,25.6,27.38,150,5535,144691,
543463,"Vedant Fashions Limited",A,STK,364.85,364.85,352.1,353.2,353.2,364.9,1359,289589,102361865,
543464,"Maruti Interior Products Limit",MT,STK,60.3,66.6,60.3,66.6,66.6,224.25,37,49000,3089250,
543465,"Motilal Oswal Mutual Fund",B,STK,60.71,60.71,58.6,58.78,58.78,60.12,96,7006,412202,
543470,"SoftTech Engineers Limited",B,STK,303,303,253,270,270,253,9,83,23074,
543471,"Aditya Birla Sun Life Mutual F",E,STK,260.94,265,256.09,263.86,264.3,262.66,2000,140709,36688783,
543472,"Aditya Birla Sun Life Mutual F",B,STK,32,32.28,31.86,31.88,32.28,32.33,27,1830,58700,
543473,"Aditya Birla Sun Life Mutual F",B,STK,15.41,15.45,15.18,15.23,15.45,15.27,78,8822,134500,
543474,"Aditya Birla Sun Life Mutual F",B,STK,27.75,28.06,27.3,27.59,27.83,27.83,246,11566,319289,
543480,"ICICI Prudential Mutual Fund",F,STK,64.78,64.78,64.56,64.56,64.56,64.45,3,839,54176,
543481,"Mirae Asset Mutual Fund",B,STK,21.45,21.45,20.87,21.22,21.23,21.27,479,177146,3724334,
543482,"Eureka Forbes Limited",A,STK,438.4,445.85,431.4,445.65,445.75,444.55,385,5071,2224183,
543489,"Gateway Distriparks Limited",B,STK,55.99,56.45,54.88,55.48,55.48,55.99,842,68149,3778931,
543490,"GMR Power and Urban Infra Limi",A,STK,105,110,104.2,107.8,108,106.3,426,49701,5310908,
543498,"Motherson Sumi Wiring India Li",A,STK,40.06,40.3,39.26,40.08,40.08,40.23,3082,313443,12495109,
543499,"Achyut Healthcare Limited",B,STK,5.24,5.65,4.92,5.42,5.55,5.14,301,281116,1490488,
543500,"Evoq Remedies Limited",M,STK,2.9,2.9,2.77,2.77,2.77,2.95,3,12000,33760,
543501,"Motilal Oswal Mutual Fund",B,STK,36.91,41.5,35.73,41.5,41.5,36.56,8,22,815,
543512,"Avro India Limited",B,STK,144,146.7,134.3,138.1,138.1,139.85,326,13566,1884376,
543513,"Uma Exports Limited",B,STK,26.04,26.2,25.15,25.18,25.18,25.64,72,3102,80193,
543514,"Veranda Learning Solutions Lim",B,STK,152.05,156.8,149.7,152.05,149.7,155,398,21414,3295957,
543515,"Sunrise Efficient Marketing Li",M,STK,52.81,52.81,52.81,52.81,52.81,55.58,12,7125,376271,
543516,"DHYAANI TRADEVENTTURES LIMITED",M,STK,6.99,7.03,6.99,7.03,7.03,6.7,64,271600,1907108,
543517,"Hariom Pipe Industries Limited",B,STK,329.85,332.15,320.95,324.25,323.5,329.6,366,11230,3656348,
543518,"Eighty Jewellers Limited",M,STK,27.1,27.1,27.1,27.1,27.1,30,1,3000,81300,
543520,"Global Longlife Hospital and R",MT,STK,15.5,15.5,15.3,15.3,15.3,15.8,5,93000,1437300,
543523,"Campus Activewear Limited",A,STK,235,240.45,231.45,239.85,239.65,238.5,586,17485,4102090,
543524,"Rainbow Children's Medicare Li",A,STK,1203.05,1203.05,1167.95,1177.15,1171.5,1203,382,3512,4121468,
543525,"Silver Touch Technologies Limi",B,STK,118.35,119.5,116.1,116.45,116.1,122.2,474,37016,4338761,
543526,"LIFE INSURANCE CORPORATION OF",A,STK,800,807.2,792.15,796.5,796.5,802.4,3416,75543,60308554,
543527,"Prudent Corporate Advisory Ser",A,STK,2219,2303.7,2219,2268.35,2268.35,2234.35,175,670,1520328,
543528,"Venus Pipes & Tubes Limited",B,STK,1024.55,1038.35,980.3,1016.85,1017.2,1024.6,614,5948,6001516,
543529,"Delhivery Limited",A,STK,412.9,414.5,404,408.05,408.4,417.65,2113,45522,18634524,
543530,"Paradeep Phosphates Limited",A,STK,111.75,114.85,110.75,112.7,112.7,112.6,3184,418175,47125551,
543531,"Tierra Agrotech Limited",X,STK,38.5,38.5,38,38,38,40,35,1586,60602,
543532,"ETHOS LIMITED",A,STK,2173.5,2173.5,2091.25,2108.6,2108,2173.45,434,2521,5407998,
543533,"eMudhra Limited",B,STK,418.55,434.5,410.85,434.05,434.05,418.1,289,9886,4154143,
543534,"Aether Industries Limited",A,STK,988.95,1058,957.75,1047.55,1048,1010.45,1520,19319,19595885,
543535,"We Win Limited",B,STK,41.05,44,41,41.72,41,42.49,23,4059,170837,
543538,"Goel Food Products Limited",M,STK,11.55,11.55,11.55,11.55,11.55,11.24,1,10000,115500,
543539,"MODI'S NAVNIRMAN LIMITED",B,STK,308.1,316.7,304.55,305.05,306.1,310,100,625,192930,
543540,"Pearl Green Clubs and Resorts",M,STK,128,137,125,130.1,129.5,128.8,83,122400,16318440,
543541,"SAILANI TOURS N TRAVELS LIMITE",M,STK,18,18,18,18,18,17.15,1,1600,28800,
543542,"KESAR INDIA LIMITED",M,STK,1185,1185,1102.1,1162,1163.9,1169.5,24,14600,17018490,
543543,"B-RIGHT REALESTATE LIMITED",MT,STK,795,829,795,826,826,795,4,2800,2292000,
543544,"JAYANT INFRATECH LIMITED",M,STK,60,61.25,58.7,58.8,58.9,61.29,12,12750,764887,
543545,"Veerkrupa Jewellers Limited",M,STK,0.78,0.78,0.69,0.7,0.7,0.76,17,384100,270540,
543546,"HEALTHY LIFE AGRITEC LIMITED",M,STK,6.9,7.04,6.4,6.57,6.73,6.73,66,356000,2434000,
543547,"DDEV PLASTIKS INDUSTRIES LIMIT",B,STK,258.85,265.45,256,258.05,257.35,260.05,209,3115,805187,
543563,"Motilal Oswal Mutual Fund",B,STK,44.33,44.67,43.68,44.14,44,44.51,85,5294,233757,
543568,"ICICI Prudential Mutual Fund",B,STK,29.85,29.85,29.49,29.62,29.62,30.04,131,38032,1126013,
543569,"HDFC Mutual Fund",B,STK,25.59,25.59,25.01,25.17,25.18,25.36,44,3038,76746,
543570,"HDFC Mutual Fund",B,STK,66.86,68.13,66.46,67.92,67.93,68.26,182,15617,1053788,
543571,"ICICI Prudential Mutual Fund",B,STK,92.55,93.34,91.6,92.62,92.55,92.89,297,5276,487984,
543572,"DSP Mutual Fund",E,STK,249.82,256.6,248.47,255.44,255.44,253.5,860,9746,2455504,
543573,"Syrma SGS Technology Limited",A,STK,754,756.75,727.35,752.45,746.85,757.25,1295,38166,28310626,
543574,"Aditya Birla Sun Life Mutual F",B,STK,20.57,20.7,20.05,20.29,20.7,20.78,131,9048,182770,
543575,"Aditya Birla Sun Life Mutual F",B,STK,29.96,30.28,29.16,29.53,29.56,29.92,84,7228,213391,
543576,"Motilal Oswal Mutual Fund",B,STK,116.08,118.03,114.18,117.74,117.5,117.16,121,5426,628617,
543577,"Motilal Oswal Mutual Fund",B,STK,200,224,187.15,224,224,192.52,8,17,3249,
543578,"Olatech Solutions Limited",M,STK,151.95,151.95,151.95,151.95,151.95,151.95,3,5550,843322,
543590,"Rhetan TMT Limited",B,STK,24.9,25.5,24.56,24.99,24.99,24.85,287,99995,2498638,
543591,"DREAMFOLKS SERVICES LIMITED",B,STK,74.01,76.57,72.88,74.89,75.24,75.01,242,13354,993480,
543592,"HDFC Mutual Fund",E,STK,249.08,254.75,246.77,253.7,253.64,251.6,1903,129176,32369706,
543593,"Dhampur Bio Organics Limited",B,STK,104,104.6,101.65,102.2,102.05,106.1,140,3846,395038,
543594,"DIPNA PHARMACHEM LIMITED",M,STK,9.6,9.6,8.1,9.42,9.42,9.23,25,126000,1132920,
543596,"Tamilnad Mercantile Bank Limit",A,STK,617.1,634.7,607.7,627.05,628.75,620.85,771,10971,6771960,
543597,"Virtuoso Optoelectronics Limit",M,STK,328.7,339.9,321.05,331.55,328.3,329.45,78,49750,16485000,
543599,"Ksolves India Limited",B,STK,286.8,287.65,281.8,282.4,282,289.9,332,2076,587313,
543600,"Harsha Engineers International",B,STK,353.9,358.75,352.9,354.1,354,354.15,111,1426,507471,
543605,"HDFC Mutual Fund",B,STK,55.5,55.86,54.63,55.72,55.8,56.29,27,4691,259597,
543606,"CONTAINE TECHNOLOGIES LIMITED",M,STK,13.84,13.84,13.24,13.3,13.3,13.74,3,7000,93400,
543607,"HDFC Mutual Fund",B,STK,112.9,115.42,112.53,112.82,115.42,114.95,52,1856,209569,
543608,"HDFC Mutual Fund",B,STK,128.6,129.95,128.2,129.8,129.95,129.86,9,138,17810,
543613,"MAFIA TRENDS LIMITED",M,STK,6.5,6.5,6.5,6.5,6.5,6.5,1,4000,26000,
543614,"Tips Films Limited",B,STK,335,335,334,335,335,337.5,62,909,304477,
543615,"SILICON RENTAL SOLUTIONS LIMIT",M,STK,87.01,87.01,84,85,85,86,21,28800,2479288,
543616,"Trident Lifeline Limited",M,STK,247,247,237.8,246.35,246.35,248.1,49,31200,7684920,
543618,"Cargotrans Maritime Limited",M,STK,151.75,151.75,151.75,151.75,151.75,152.5,1,1500,227625,
543619,"Concord Control Systems Limite",M,STK,2125.75,2179.95,2085.25,2158.95,2170,2195,55,11200,23597050,
543620,"INSOLATION ENERGY LIMITED",B,STK,100.5,101.6,97.1,98.55,98.55,100.35,1743,152392,15221223,
543623,"VEDANT ASSET LIMITED",M,STK,33,47.5,33,47.5,47.5,40.2,2,3000,120750,
543626,"Electronics Mart India Limited",A,STK,93,96.45,91.75,94.6,94,93.7,711,967923,92266114,
543627,"HDFC Mutual Fund",B,STK,19.86,19.86,19.67,19.67,19.67,19.97,3,22,436,
543628,"HDFC Mutual Fund",B,STK,29.37,30.05,29.13,29.39,29.85,29.82,262,32054,939140,
543635,"PIRAMAL PHARMA LIMITED",A,STK,155,155,144.85,145.3,145.3,155.25,3441,190476,28204776,
543636,"Dc Infotech and Communication",B,STK,252,259.65,249.6,254.9,254.9,252,126,878,224330,
543637,"PACE E-COMMERCE VENTURES LIMIT",M,STK,14.3,16,14.3,14.76,15,13.9,46,61200,932808,
543638,"Tracxn Technologies Limited",B,STK,32.19,32.38,31.52,32.13,32.08,32.14,73,20858,666697,
543643,"Narmada Agrobase Limited",B,STK,32.07,32.5,31.68,32.21,32.1,32.12,218,17162,550967,
543644,"InfoBeans Technologies Limited",B,STK,129.5,142.65,127.6,128.45,130.15,135.3,1625,64563,8679539,
543645,"HINDPRAKASH INDUSTRIES LIMITED",B,STK,121,121.05,121,121,121,118.2,7,11,1331,
543650,"DCX Systems Limited",B,STK,186.65,190,183.35,184.85,184.85,188.45,1460,92870,17255782,
543652,"FUSION FINANCE LIMITED",B,STK,166.5,169.45,163.25,167.35,167.1,171.05,338,14688,2456654,
543653,"Bikaji Foods International Lim",A,STK,620.65,624,609,619.25,615,620.7,583,6869,4229658,
543654,"Global Health Limited",A,STK,1083.85,1107.1,1066.7,1102.9,1100,1101,475,5538,6047508,
543656,"Technopack Polymers Limited",M,STK,14.5,14.5,14.5,14.5,14.5,14,1,4000,58000,
543657,"Archean Chemical Industries Li",A,STK,530.05,569.95,526.55,565.25,564.5,538.05,427,6370,3502224,
543663,"Five-Star Business Finance Ltd",A,STK,376.1,378.7,365,369.75,369.55,380.8,4368,131634,48732183,
543664,"KAYNES TECHNOLOGY INDIA LIMITE",A,STK,3708.85,3781,3587,3698.25,3694,3724.5,7712,80944,296679331,
543665,"HDFC Mutual Fund",B,STK,31.46,31.54,31.25,31.35,31.5,31.48,38,2918,91532,
543666,"HDFC Mutual Fund",B,STK,26.3,26.82,26.3,26.5,26.49,26.98,71,15393,408719,
543667,"INOX GREEN ENERGY SERVICES LIM",A,STK,150.05,154.5,146.45,151.65,151.8,150.1,792,52584,7941897,
543668,"B&B Triplewall Containers Limi",B,STK,187.95,187.95,157.2,164.8,164.8,168,6,21,3380,
543669,"Keystone Realtors Limited",B,STK,394.7,402.15,392.6,395.9,397.1,406.55,126,15299,6116874,
543670,"VINNY OVERSEAS LIMITED",B,STK,1.13,1.24,1.1,1.2,1.23,1.14,169,301528,352229,
543671,"AAA TECHNOLOGIES LIMITED",B,STK,92.2,93.2,91.95,92.8,92.8,94.5,30,2032,188671,
543677,"ICICI Prudential Mutual Fund",B,STK,29.63,30.4,29.63,30.08,30.32,30.39,389,30346,906316,
543678,"AMBO AGRITEC LIMITED",M,STK,29.61,29.61,26.79,26.79,26.79,28.2,2,2000,56400,
543686,"Sirca Paints India Limited",B,STK,430,430,413.95,424.65,424.65,431.7,347,17103,7242273,
543687,"Dharmaj Crop Guard Limited",B,STK,244.9,257.25,239.7,244.35,240.25,245,122,3518,873287,
543688,"Sarveshwar Foods Limited",B,STK,3.22,3.31,3.2,3.28,3.31,3.28,532,327898,1066532,
543689,"Uniparts India Limited",B,STK,450,454.1,442,444.65,444.65,459.45,168,2429,1090123,
543699,"Edelweiss Mutual Fund",F,STK,1279.93,1284.54,1275.46,1276.02,1275.46,1283.53,68,1992,2555283,
543709,"PNGS GARGI FASHION JEWELLERY L",M,STK,743.4,780.4,742,780.4,780.4,743.25,68,11375,8792237,
543710,"ICICI Prudential Mutual Fund",B,STK,97.05,98.46,97.05,98.17,98.17,97.07,131,6659,646958,
543711,"Sula Vineyards Limited",A,STK,160.1,164.8,159.55,162.25,162.25,162.1,777,28542,4615816,
543712,"ABANS FINANCIAL SERVICES LIMIT",B,STK,204,204.9,201.1,201.9,201.1,203.15,21,115,23265,
543713,"Droneacharya Aerial Innovation",M,STK,39.7,40,37.05,37.05,37.05,39,90,118000,4484750,
543714,"LANDMARK CARS LIMITED",B,STK,360,360,340.15,353.95,354.2,361.3,254,4246,1494052,
543720,"KFin Technologies Limited",A,STK,920,922.1,901,907.4,907,926.1,2145,18655,16995272,
543725,"Elin Electronics Limited",B,STK,120.5,122,116.5,117.5,117.8,120.35,183,5680,672908,
543732,"Radiant Cash Management Servic",B,STK,38.26,38.48,37.26,37.58,37.57,38.26,183,7817,295689,
543737,"Aveer Foods Limited",X,STK,532,532,532,532,532,532,1,1,532,
543738,"DSP Mutual Fund",B,STK,56,56.56,56,56.08,56.04,57,19,582,32698,
543743,"Aeroflex Neu Limited",B,STK,67.42,67.65,67.21,67.65,67.65,67.5,6,65,4390,
543745,"SVS VENTURES LIMITED",M,STK,12,12,10.95,11,11,10.12,6,36000,404100,
543747,"Kamdhenu Ventures Limited",B,STK,4.59,4.7,4.46,4.56,4.59,4.64,256,52458,241118,
543748,"Aarti Pharmalabs Limited",A,STK,680.85,684.65,665.9,680.35,680,681.75,517,8118,5502362,
543765,"Earthstahl & Alloys Limited",M,STK,15.2,16.7,15.2,16.7,16.7,15.12,13,39000,641010,
543766,"Ashika Credit Capital Ltd.",B,STK,356.05,360,350.35,356.95,353.05,361.05,280,51556,18454656,
543767,"BODHI TREE MULTIMEDIA LIMITED",B,STK,6.63,7.16,6.63,6.77,6.77,7.07,189,39147,264779,
543768,"NMDC Steel Limited",A,STK,38.11,38.41,36.85,37.93,37.77,37.74,1100,241997,9067930,
543769,"INDONG TEA COMPANY LIMITED",M,STK,8,8.57,8,8.3,8.3,8.18,10,64000,524600,
543774,"HDFC Mutual Fund",B,STK,35.32,35.89,34.93,35.36,35.25,35.57,50,1276,45014,
543775,"HDFC Mutual Fund",B,STK,152.63,155.49,151.6,153.97,154.01,154.18,686,57310,8764128,
543776,"HDFC Mutual Fund",B,STK,21.01,21.21,20.6,21.12,21.13,21.1,311,30907,646894,
543781,"Mirae Asset Mutual Fund",E,STK,154.61,155.7,154.36,155.44,155.5,155.45,484,24090,3733689,
543782,"Sealmatic India Limited",M,STK,338.8,345,333,344.7,345,338.85,25,9180,3114180,
543787,"Macfos Limited",M,STK,880,899.95,871.1,888.35,880.1,894,23,4620,4066227,
543798,"Patron Exim Limited",M,STK,2.04,2.22,2,2.13,2.16,2.06,14,72000,150320,
543799,"S. V. J. Enterprises Limited",MT,STK,439.65,439.65,439.65,439.65,439.65,462.75,2,1500,659475,
543805,"RESGEN LIMITED",M,STK,57,57,57,57,57,57,2,1500,85500,
543806,"ITCONS E-Solutions Limited",M,STK,291,298,263.15,273.5,273.5,296.15,219,69400,18877500,
543811,"AIRAN LIMITED",B,STK,15.01,16.25,15.01,16.01,16,15.91,26,1865,29918,
543812,"DIVGI TORQTRANSFER SYSTEMS LIM",B,STK,722.45,736.15,706.4,709.25,708.55,722.45,281,1563,1126508,
543813,"Aditya Birla Sun Life Mutual F",F,STK,1000.01,1000.01,1000.01,1000.01,1000.01,999.99,1,40,40000,
543814,"PROSPECT CONSUMER PRODUCTS LIM",M,STK,56,56,56,56,56,54.1,1,1000,56000,
543819,"ICICI Prudential Mutual Fund",B,STK,88.45,90.3,87.59,89.55,90,89.75,346,35345,3173112,
543828,"SUDARSHAN PHARMA INDUSTRIES LI",M,STK,24.3,25.98,23.85,25.4,25.3,25.1,84,464000,11460280,
543829,"Global Surfaces Limited",B,STK,71.9,76.4,69.15,71.8,73.29,72.77,36,1201,84579,
543831,"Bright Outdoor Media Limited",M,STK,393.1,393.1,393.1,393.1,393.1,405.85,1,375,147412,
543848,"Dev Labtech Venture Limited",MT,STK,93.27,93.27,93.27,93.27,93.27,93.73,2,2000,186540,
543853,"Axis Mutual Fund",B,STK,81.4,81.4,78.02,78.02,78.02,80.56,9,256,20167,
543858,"Mirae Asset Mutual Fund",B,STK,198.63,198.63,197.98,197.98,197.98,198.9,2,2,396,
543860,"J.A. Finance Limited",XT,STK,76.5,76.5,76.5,76.5,76.5,80.5,10,514,39321,
543861,"Udayshivakumar infra limited",T,STK,25,25,24.51,24.92,24.92,25.79,25,11826,290692,
543874,"Maiden Forgings Limited",M,STK,79,86,79,86,86,80.46,7,7000,565000,
543895,"Exhicon Events Media Solutions",M,STK,480,480,472,474.7,472,477.9,38,21500,10215837,
543896,"Avalon Technologies Limited",A,STK,925.2,926.85,905.25,912.35,917.5,943.95,752,8143,7474220,
543897,"Sancode Technologies Limited",MT,STK,251.3,251.3,251.3,251.3,251.3,246.5,1,1500,376950,
543898,"BEML Land Assets Limited",B,STK,177.5,178.8,175,178,178,176.7,66,4568,807624,
543900,"UTI Mutual Fund",E,STK,249.65,256.5,248.92,255.61,256,253.68,687,56330,14276107,
543901,"ROBUST HOTELS LIMITED",B,STK,185.2,187.05,180,180.05,180,190.05,16,176,31817,
543902,"Retina Paints Limited",M,STK,52.93,54.49,52.92,53.72,54.49,55.4,5,10000,534020,
543903,"DSP Mutual Fund",E,STK,155.07,156.03,154.64,155.5,156.03,155.82,60,2316,359240,
543904,"Mankind Pharma Limited",A,STK,2234.9,2243,2186,2208.35,2206.1,2243.45,1043,3604,7966626,
543905,"INNOKAIZ INDIA LIMITED",MT,STK,12,12,11.75,11.75,11.75,12.3,3,10400,124480,
543910,"AVG Logistics Limited",B,STK,134.45,134.95,129.65,133.1,134.3,133,64,2997,396885,
543911,"Atal Realtech Limited",B,STK,23.38,23.38,22.61,22.8,23.05,23.44,147,90388,2066890,
543912,"Power & Instrumentation (Gujar",B,STK,101.75,102.8,100,100.45,102.45,102.85,88,4405,446113,
543913,"Nexus Select Trust",IF,STK,156,156.12,153.1,155.13,155.75,155.23,320,21969,3401959,
543914,"Swati Projects Limited",X,STK,30.55,32.38,30.55,31,31,31.06,68,2709,84269,
543915,"Pavna Industries Limited",B,STK,20.1,20.1,18.92,18.99,18.92,20.1,9,622,12187,
543916,"Hemant Surgical Industries Lim",M,STK,274,275,271,272,272,270.95,39,22800,6250940,
543917,"SIGMA SOLVE LIMITED",B,STK,40.95,43.7,40.95,42.53,43.06,40.78,289,16395,698275,
543918,"GHCL Textiles Limited",B,STK,71.8,73.25,71.4,73.21,72.3,73.22,258,6861,496828,
543919,"M.K.Proteins Limited",B,STK,4.87,5.45,4.87,5.14,5.15,4.9,209,66395,342031,
543920,"CFF FLUID CONTROL LIMITED",M,STK,524.8,545.45,518.9,538.25,534.65,528.25,93,41400,22316090,
543922,"Mirae Asset Mutual Fund",E,STK,254.37,258.67,250.93,258.26,258.67,256.22,177,7860,1997437,
543923,"IKIO Technologies Limited",B,STK,131,135.7,130.5,134,132.5,133.85,242,8452,1117490,
543924,"Sonalis Consumer Products Limi",M,STK,53,54.99,53,54.99,54.99,52,2,6000,321980,
543926,"Bizotic Commercial Limited",MT,STK,945.5,988.75,933.45,933.45,933.45,982.55,10,4000,3802740,
543927,"Asian Warehousing Limited",X,STK,38.5,38.5,35.05,37.59,37.59,37.59,19,951,34242,
543928,"Cosmic CRF Limited",M,STK,871,909,871,880.9,878,900.6,173,47400,42232765,
543929,"HMA Agro Industries Limited",B,STK,24.9,24.94,24.2,24.57,24.94,24.9,92,3699,90833,
543930,"Uravi Defence and Technology L",B,STK,137,142.85,129.5,130.9,129.5,134.05,598,23524,3173308,
543931,"VEEFIN SOLUTIONS LIMITED",M,STK,249.55,299.45,249.55,268.15,270,249.55,286,97800,26445390,
543932,"IDEAFORGE TECHNOLOGY LIMITED",B,STK,431,431,420.45,425.85,425.85,433.65,792,25862,11003009,
543933,"Cyient DLM Limited",B,STK,313,315.2,303.75,310.85,310.4,311.8,456,8654,2692039,
543934,"Machhar Industries Limited",X,STK,298.75,312.8,298.75,312.8,312.8,314.45,3,52,15563,
543935,"DSP Mutual Fund",B,STK,31,31.36,30.93,31.03,31.03,31.3,25,1988,61699,
543936,"Senco Gold Limited",A,STK,297,304,290,298.25,298.35,296.9,630,24750,7310630,
543940,"Jio Financial Services Limited",A,STK,237.7,245.35,234,242.3,242.3,238.65,6728,622541,148832198,
543941,"AHASOLAR TECHNOLOGIES LIMITED",M,STK,65.5,65.5,60.01,63,63,67.2,7,2800,176444,
543942,"UTKARSH SMALL FINANCE BANK LIM",B,STK,12.57,12.74,12.25,12.54,12.54,12.59,1166,691200,8609775,
543943,"ASARFI HOSPITAL LIMITED",M,STK,160,163.5,155,159.65,160.5,162,113,139000,22123550,
543944,"Mirae Asset Mutual Fund",B,STK,561.67,565.42,556.22,560.08,560.02,565.3,646,1804,1011422,
543945,"NETWEB TECHNOLOGIES INDIA LIMI",A,STK,3215,3252,3166.85,3224.55,3224.55,3276.6,6202,79265,254456907,
543946,"Mirae Asset Mutual Fund",F,STK,1000,1000.01,1000,1000,1000,1000,33,12961,12961002,
543947,"DSP BSE Sensex ETF",A,STK,78.42,78.66,78.05,78.07,78.07,79,9,1148,90024,
543948,"DSP Mutual Fund",B,STK,87.33,89.9,87.33,89.69,89.9,89.04,116,9170,806632,
543949,"DSP Mutual Fund",B,STK,27.57,27.57,26.34,26.34,26.34,26.9,17,1924,50918,
543950,"YATHARTH HOSPITAL & TRAUMA CAR",A,STK,687,687.65,673.1,677.95,679.9,698.85,986,20702,14114383,
543952,"NIIT Learning Systems Limited",A,STK,307,311.5,304,307.05,307.05,311.55,137,3209,989597,
543953,"Khazanchi Jewellers Limited",M,STK,732.95,733.9,726.05,727.75,730,734.5,51,17250,12569037,
543954,"Allcargo Terminals Limited",B,STK,22.8,23.85,22.8,23.4,23.41,23.25,92,41145,959362,
543955,"Transindia Real Estate Limited",B,STK,22.8,24.15,22.8,23.57,23.5,23.23,67,15415,357383,
543956,"ICICI Prudential Mutual Fund",B,STK,20.02,20.19,19.8,19.97,20.19,20.03,22,3501,69648,
543957,"REDTAPE Limited",B,STK,113.55,116,111.6,113.95,115.2,114.45,333,11193,1271556,
543958,"VL E-Governance & IT Solutions",B,STK,13.2,13.79,12.9,13.21,13.21,13.45,399,23203,307606,
543959,"SBFC Finance Limited",A,STK,92.05,94.4,90.95,92.39,92.7,92.49,2029,181359,16739068,
543960,"Concord Biotech Limited",A,STK,1158.45,1183.65,1122.55,1174.1,1173.5,1157.95,858,8030,9238020,
543962,"D.P. WIRES LIMITED",B,STK,145.25,147.3,143,147,147,147.9,63,674,97497,
543963,"SHELTER PHARMA LIMITED",M,STK,34.6,34.6,33.5,34.45,34.45,34.55,8,27000,928020,
543965,"TVS Supply Chain Solutions Lim",T,STK,107.1,110,103.7,105.3,105.3,107.6,521,29845,3171715,
543969,"Pyramid Technoplast Limited",B,STK,146.45,150,145.1,147.9,147.95,146.65,176,2556,376783,
543971,"Bondada Engineering Limited",M,STK,287.5,290,277,283.15,283.15,290.65,687,221600,63065380,
543972,"Aeroflex Industries Limited",B,STK,230.45,241.15,225.85,236.7,236.7,233.8,1911,103948,24572708,
543974,"VISHNU PRAKASH R PUNGLIA LIMIT",B,STK,40.6,41.19,39.68,40.25,40.25,40.87,840,136402,5494325,
543975,"UTI Mutual Fund",B,STK,208.2,210.37,208.15,210.37,210.37,213,4,63,13141,
543976,"Shradha AI Technologies Limite",X,STK,26.5,28.07,26.5,27.01,27.36,27.52,192,19128,516798,
543977,"Rishabh Instruments Limited",B,STK,391.1,405.15,391.1,395.15,391.45,391.7,75,2084,838751,
543978,"Ratnaveer Precision Engineerin",B,STK,139.75,142.85,138.05,141,141.1,142.5,449,24901,3478931,
543980,"Jupiter Life Line Hospitals Li",A,STK,1240,1278.4,1235.85,1245.55,1243.75,1256.35,313,957,1199902,
543981,"R R KABEL LIMITED",A,STK,1415,1445.55,1387,1432.15,1430,1424.25,678,7789,10987037,
543982,"QUEST FLOW CONTROLS LIMITED",M,STK,154,156,143,145.9,146.9,153.2,92,31800,4747580,
543983,"EMS LIMITED",B,STK,318.35,328,298.4,304.05,304.05,311,3268,95689,29544126,
543984,"Samhi Hotels Limited",A,STK,150.9,150.9,145.9,146.4,148.05,150.9,1037,61142,9040655,
543985,"ZAGGLE PREPAID OCEAN SERVICES",A,STK,222.85,228.95,218.55,224.6,225.35,228.6,2131,95232,21183976,
543986,"South West Pinnacle Exploratio",B,STK,211.5,211.5,200,201.8,202.1,209.65,101,2196,446496,
543988,"Nuvama Wealth Management Limit",A,STK,1206,1207,1177.1,1183.45,1183.1,1211.7,1085,10050,11960287,
543989,"Sai Silks (Kalamandir) Limited",B,STK,102.1,102.75,98.8,99.65,101.7,102.25,690,29223,2949949,
543990,"SIGNATUREGLOBAL (INDIA) LIMITE",A,STK,850,850,810.25,813.95,813,842.4,603,16275,13359443,
543991,"TECHKNOWGREEN SOLUTIONS LIMITE",M,STK,109,111.2,105.05,111.2,111.2,114.05,4,1600,174500,
543992,"YATRA ONLINE LIMITED",B,STK,106.45,108,103,104.7,104.7,106.5,1307,114427,12121345,
543993,"ARCL Organics Ltd",X,STK,180,180,175,175.65,175.65,180.5,39,1079,190534,
543994,"JSW Infrastructure Limited",A,STK,257.3,263.05,254.15,258.95,258.2,258.45,1262,54961,14239058,
543995,"MANOJ VAIBHAV GEMS 'N' JEWELLE",B,STK,153.1,157.9,151.15,151.6,152.95,154.8,105,2178,337910,
543996,"Updater Services Limited",B,STK,148.1,151.6,146,149.55,149.4,147.6,199,5456,811203,
543997,"ORGANIC RECYCLING SYSTEMS LIMI",M,STK,231.7,236.7,231.7,236.35,236.7,233,14,8400,1967100,
543998,"Valiant Laboratories Limited",B,STK,56,57.43,53.1,53.46,53.1,55.51,32,828,44660,
543999,"Mirae Asset Mutual Fund",A,STK,78,78.54,77.81,78.06,78,78.95,141,6105,476980,
544001,"Sunita Tools Limited",M,STK,1063.3,1075.2,1020,1075.2,1075.2,1024,269,65000,69636956,
544003,"Plaza Wires Limited",B,STK,35.99,36.49,35.31,35.76,35.76,36.09,115,2449,87979,
544004,"IRM ENERGY LIMITED",B,STK,214.6,224.05,208,212.15,211,214.65,480,7986,1733353,
544006,"Mirae Asset Mutual Fund",B,STK,31,31.3,30.85,31.15,31.13,31.12,88,11757,365986,
544007,"Mirae Asset Mutual Fund",B,STK,23.6,23.91,23.52,23.73,23.72,24.04,283,35996,851921,
544008,"Max Estates Limited",B,STK,371.2,387.95,371.2,373.95,375.5,378.55,173,6236,2353874,
544009,"Blue Jet Healthcare Limited",A,STK,374.85,382,365,377.45,377.2,374.85,866,29458,11012290,
544010,"SBI Mutual Fund",F,STK,1000.01,1000.01,999.99,999.99,999.99,1000.01,4,1550,1550013,
544012,"Cello World Limited",A,STK,392.95,413.35,386.55,405.35,406.5,396.15,480,19398,7699886,
544013,"KK Shah Hospitals Limited",M,STK,32.85,32.85,32.85,32.85,32.85,32.85,3,9000,295650,
544014,"Honasa Consumer Limited",A,STK,288.6,288.6,278.95,280.1,280.3,289.05,1209,14447,4084568,
544015,"Mish Designs Limited",M,STK,50.5,50.5,47.93,47.93,47.93,50.45,4,2500,122430,
544020,"ESAF Small Finance Bank Ltd",B,STK,25.1,25.28,24.58,24.9,24.79,25,274,31105,772755,
544021,"Protean eGov Technologies Limi",A,STK,530.2,561.8,524.4,551.05,551.05,536,1875,44797,24474681,
544022,"ASK Automotive Limited",B,STK,403.85,415,392,407.5,403.05,403.9,707,7606,3064872,
544023,"Kalyani Cast-Tech Limited",M,STK,489.8,530,487.9,520,520,492,77,23500,12098125,
544025,"Arrowhead Seperation Engineeri",M,STK,70,73.5,70,73.3,73.3,70,5,6600,470460,
544026,"Indian Renewable Energy Develo",A,STK,113.85,119,112.6,117.1,117.1,114.95,8408,1138557,131953159,
544027,"Fedbank Financial Services Lim",B,STK,127,130,124.35,127.95,127.65,129.15,442,18110,2309933,
544028,"Tata Technologies Limited",A,STK,556.6,559,544.5,552.45,552.45,556.8,2010,67459,37268463,
544029,"Gandhar Oil Refinery (India) L",B,STK,130.25,132.5,127.75,129.9,130.15,130.15,445,16927,2203919,
544030,"Flair Writing Industries Limit",B,STK,301,305.95,297.3,298.25,298.8,302.6,438,6013,1801265,
544035,"Swashthik Plascon Limited",M,STK,20.1,20.99,20.1,20.58,20.99,20.3,17,36800,752736,
544036,"DEEPAK CHEMTEX LIMITED",M,STK,89.5,89.5,87,88.65,88,89.65,7,5600,495560,
544037,"Amic Forging Limited",M,STK,1355,1355,1340,1343.15,1340,1357,25,2700,3633790,
544042,"Bajel Projects Limited",B,STK,140.05,151,140.05,145.3,144.75,148.75,131,3711,546075,
544043,"BARODA BNP PARIBAS MUTUAL FUND",E,STK,154.71,156.1,153.66,156.1,156.1,155.3,12,45,6939,
544044,"India Shelter Finance Corporat",A,STK,710,710,674.35,682.35,696.5,709.9,803,9310,6474129,
544045,"DOMS Industries Limited",A,STK,2089.95,2394.4,2073.6,2156.15,2156.15,2094.25,35164,584100,1318154871,
544046,"INOX India Limited",A,STK,1170.05,1204.8,1167,1198.9,1197,1192.6,293,3915,4617807,
544047,"Siyaram Recycling Industries L",M,STK,37.35,39.25,37,37.44,37.44,38.78,56,118500,4523400,
544053,"Motisons Jewellers Limited",B,STK,13.53,13.82,13.39,13.53,13.54,13.83,502,141215,1912720,
544054,"Suraj Estate Developers Limite",B,STK,204.25,205.4,201.3,202.4,202.5,205.7,219,10935,2226833,
544055,"Muthoot Microfin Limited",B,STK,155.15,155.15,151,153.6,155,155.2,236,6029,920443,
544057,"Happy Forgings Limited",B,STK,1328.95,1328.95,1257.85,1281.7,1305,1284.3,190,1146,1467698,
544058,"Credo Brands Marketing Limited",B,STK,79,79,76.81,78.03,77.88,78.42,243,55919,4362795,
544060,"RBZ Jewellers Limited",B,STK,116.3,118.55,115.3,118.55,118.55,117.85,47,1910,224353,
544061,"Azad Engineering Limited",A,STK,1611,1619.05,1572.85,1587.25,1594.9,1613.75,1617,22652,36020502,
544066,"SUNDARAM-CLAYTON LIMITED",B,STK,1287,1287,1251.15,1274.25,1282.5,1280.6,59,383,484130,
544067,"INNOVA CAPTAB LIMITED",B,STK,682.9,718.4,681.85,713.8,712,694.1,98,631,442640,
544072,"AIK Pipes and Polymers Limited",M,STK,21.05,23,21.05,23,23,22.8,2,1600,35240,
544073,"Manoj Ceramic Limited",M,STK,75.3,76.5,75.3,76.5,76.5,74.63,2,2000,151800,
544074,"Shri Balaji Valve Components L",M,STK,88,92,87,90.55,90,89.5,17,15000,1362114,
544079,"DIGIDRIVE DISTRIBUTORS LIMITED",B,STK,21.01,21.45,20.3,20.58,21.45,21.29,32,567,11595,
544080,"Sayaji Hotels (Indore) Limited",X,STK,784,784,745,745,745,784,4,4,3039,
544081,"Jyoti CNC Automation Limited",A,STK,772.1,772.1,748.05,759.85,758,772,1737,20237,15283478,
544082,"New Swan Multitech Limited",M,STK,46.25,46.25,46.25,46.25,46.25,45.25,2,6000,277500,
544083,"Shree Marutinandan Tubes Limit",M,STK,53,53,51,51,51,52.25,4,4000,208000,
544088,"Medi Assist Healthcare Service",A,STK,320.05,321.2,309.85,312.7,313,324.5,685,9768,3083472,
544089,"Zerodha Mutual Fund",F,STK,113.09,113.11,113.09,113.1,113.1,113.09,522,521804,59012764,
544090,"Sayaji Hotels (Pune) Limited",X,STK,869,869,765.3,776.2,807.8,819.45,27,109,84744,
544091,"Qualitek Labs Limited",M,STK,321.5,321.5,321.5,321.5,321.5,317,1,400,128600,
544092,"Bajaj Finserv Mutual Fund",B,STK,241.43,243.49,241.43,242.1,242.1,244.22,18,566,137403,
544093,"Bajaj Finserv Mutual Fund",B,STK,55.73,56.59,55.55,55.84,56.23,56.95,155,3205,179445,
544094,"Euphoria Infotech (India) Limi",M,STK,33,33,33,33,33,32.55,2,2400,79200,
544095,"EPACK Durable Limited",A,STK,267.85,281.2,261,267.05,267.05,265.2,2561,121799,33103540,
544100,"Nova Agritech Limited",B,STK,27.01,28.01,27.01,27.75,27.97,27.8,96,7554,209574,
544101,"Brisk Technovision Limited",M,STK,72,73,70,70,70,71,4,3200,228040,
544102,"UTI Mutual Fund",B,STK,312.18,312.18,312.18,312.18,312.18,314.02,1,31,9677,
544106,"Mayank Cattle Food Limited",M,STK,160,160,158.75,158.75,158.75,160,3,1800,286860,
544107,"BLS E-Services Limited",B,STK,136.95,147.9,136.95,143.6,143.55,141.65,839,46795,6767394,
544109,"DSP Mutual Fund",B,STK,149.47,150.33,149.45,150.33,150.33,151.6,4,80,12017,
544110,"HDFC Mutual Fund",B,STK,87.64,90.22,87.41,88.88,88.91,89.59,96,6482,571603,
544111,"Apeejay Surrendra Park Hotels",B,STK,114.85,116.7,114.05,116.05,115.95,115.55,270,21804,2520783,
544112,"JASCH GAUGING TECHNOLOGIES LIM",X,STK,485,505,485,500.5,504.9,500,14,149,73312,
544117,"Signpost India Limited",B,STK,228.05,234.3,226,228.15,234.3,231.25,123,102524,23179363,
544118,"JANA SMALL FINANCE BANK LIMITE",A,STK,352,356,344.8,350.8,347.65,361.55,875,25684,8977720,
544119,"Rashi Peripherals Limited",B,STK,346,356,342,350.3,346.25,348.95,112,2510,879904,
544120,"Capital Small Finance Bank Ltd",B,STK,248.1,248.1,240,241.9,240.5,249.1,123,900,218872,
544121,"Rudra Gas Enterprise Limited",M,STK,60,60.1,60,60.1,60.1,61,3,13000,781000,
544122,"Entero Healthcare Solutions Li",B,STK,1019,1032.05,989.1,1013.85,1012.65,1023.75,222,2285,2309529,
544123,"LIC Mutual Fund",B,STK,57.13,57.13,55.91,56.71,56.71,56.88,9,1793,100613,
544124,"VIBHOR STEEL TUBES LIMITED",B,STK,111,113.5,110,112.25,111.95,112,25,1417,159001,
544129,"Juniper Hotels Limited",B,STK,199.6,219.5,194,203.95,203.95,199.55,863,24589,4988513,
544130,"Mirae Asset Mutual Fund",B,STK,40.3,40.54,39.75,40.33,40.36,40.51,182,51360,2052957,
544131,"GPT Healthcare Limited",B,STK,123.45,127.8,121.7,127.2,127.35,124.7,93,3323,416702,
544132,"Zerodha Mutual Fund",E,STK,24.77,25.41,24.77,25.21,25.21,25.27,1073,346489,8717502,
544133,"EXICOM TELE-SYSTEMS LIMITED",B,STK,85.4,88.74,83.14,86.62,86.7,85.41,324,8348,717614,
544134,"Platinum Industries Limited",B,STK,210,214.4,209.35,211.1,212,215.75,157,2833,599364,
544135,"Mukka Proteins Limited",B,STK,22.5,22.61,22.25,22.45,22.45,22.84,149,8511,190702,
544136,"R K Swamy Limited",B,STK,97,98.22,95.66,96.45,96.45,96.93,25,1107,106430,
544137,"Indus Infra Trust",IF,STK,122.8,123.99,121.7,122.15,122,124.32,255,11127,1369547,
544138,"J.G.Chemicals Limited",B,STK,347.7,352.05,341,344.15,341,355,218,2247,778471,
544140,"Gopal Snacks Limited",B,STK,280,300.05,278.5,282.75,282.75,281.3,716,21495,6133426,
544141,"Pune E - Stock Broking Limited",M,STK,231,236.9,228.3,236.9,236.9,231,12,10400,2421160,
544142,"Shipping Corporation of India",B,STK,43.86,43.99,43.12,43.21,43.4,44.26,208,20287,884811,
544144,"Popular Vehicles and Services",B,STK,95.87,95.87,89.65,90.68,91.28,93.54,138,22471,2046275,
544149,"KRYSTAL INTEGRATED SERVICES LI",B,STK,590,591.15,581.3,584.7,583.5,594.3,108,874,512205,
544150,"KP GREEN ENGINEERING LIMITED",M,STK,354.7,384,347,375.65,377,357.35,407,132000,48630387,
544151,"CHATHA FOODS LIMITED",M,STK,71.1,73.3,70.1,73.27,73.29,73.5,52,56000,3993850,
544156,"Gconnect Logitech and Supply C",M,STK,15.79,15.79,15.79,15.79,15.79,16.62,2,3000,47370,
544158,"SRM CONTRACTORS LIMITED",B,STK,374,393.85,361.55,384.4,384.4,373.85,644,12577,4693557,
544159,"DSP BSE Liquid Rate ETF",F,STK,1116.97,1116.99,1116.97,1116.99,1116.99,1116.85,11,7460,8332733,
544160,"Jay Kailash Namkeen Limited",M,STK,15.06,16.89,15.06,16,16,16.06,13,68800,1076288,
544161,"D P ABHUSHAN LIMITED",B,STK,1013.5,1043.2,1008.45,1025.15,1025,1032.3,30,168,171055,
544162,"Bharti Hexacom Limited",A,STK,1537.4,1537.4,1499.55,1518.15,1512.9,1537.45,734,4582,6947378,
544163,"Greenhitech Ventures Limited",M,STK,79.25,83.65,79.25,83.65,83.65,83.64,5,10000,814900,
544165,"SHIVAM CHEMICALS LIMITED",MT,STK,103,109.05,100.05,108.45,109.05,103.9,35,133500,13930575,
544166,"EMMFORCE AUTOTECH LIMITED",M,STK,128.25,128.25,126,126,126,128.25,2,2400,305100,
544167,"JNK India Limited",B,STK,244.5,248.4,235,244.7,244.7,240.95,354,11890,2876211,
544168,"VARYAA CREATIONS LIMITED",M,STK,26.5,31.95,26.5,31.95,31.95,28.82,3,3000,84950,
544170,"Dolphin Kitchen Utensils and A",MT,STK,26.3,26.3,26.3,26.3,26.3,27.68,9,50000,1315000,
544171,"Storage Technologies and Autom",M,STK,36.45,39.97,36.45,38.89,38.89,36.45,7,5600,213272,
544172,"Indegene Limited",A,STK,448.05,450.9,439.9,443.35,445.8,449.6,750,18148,8092974,
544173,"Finelistings Technologies Limi",M,STK,14,14,14,14,14,14,2,2000,28000,
544174,"TBO TEK LIMITED",A,STK,1178,1249,1176,1213.35,1237,1201.65,399,2233,2711229,
544175,"TGIF AGRIBUSINESS LIMITED",M,STK,93,93,93,93,93,89.5,1,1200,111600,
544176,"Aadhar Housing Finance Limited",A,STK,481.95,481.95,470.5,475.5,475.8,482.15,365,11274,5383898,
544177,"Aztec Fluids & Machinery Limit",M,STK,92.25,97,88.5,93.42,95,95,18,20000,1816510,
544179,"Go Digit General Insurance Lim",A,STK,322,346,322,344.9,346,334,2106,57467,19579329,
544180,"Mirae Asset Mutual Fund",B,STK,44.97,45.78,44.86,45.57,45.53,45.63,174,125351,5716089,
544181,"Awfis Space Solutions Limited",A,STK,283.35,291.2,268.45,285.2,285.2,278.35,831,21704,6140513,
544183,"Associated Coaters Limited",M,STK,101.6,101.6,101.6,101.6,101.6,101.6,1,500,50800,
544184,"Borosil Scientific Limited",B,STK,106.3,108,103.8,107.25,107.25,106.3,317,17114,1823366,
544185,"ADTECH SYSTEMS LIMITED",X,STK,52.88,52.88,50.79,52.52,52.65,51.8,23,1602,83469,
544186,"Forbes Precision Tools and Mac",X,STK,122,126.75,121,121.4,121.25,121.9,70,13788,1701471,
544187,"KRONOX LAB SCIENCES LIMITED",B,STK,111,113.95,105,110.85,113.95,111.85,92,1526,168001,
544188,"Magenta Lifecare Limited",M,STK,10.27,10.8,10.23,10.39,10.48,10,5,20000,208320,
544189,"SATTRIX INFORMATION SECURITY L",MT,STK,399.2,419.95,399.2,419.95,419.95,400.05,10,5500,2253050,
544190,"3C IT Solutions and Telecoms (",MT,STK,17,17,17,17,17,17.6,1,2000,34000,
544191,"Purple Finance Limited",X,STK,56,59.07,56,58.88,59,56.68,90,13267,768597,
544192,"Le Travenues Technology Limite",A,STK,164.05,169.9,164.05,168.05,167.1,167.55,1171,68929,11576855,
544193,"Zerodha Mutual Fund",B,STK,10.52,10.52,10.24,10.45,10.45,10.45,800,84944,879626,
544194,"Zerodha Mutual Fund",B,STK,10.2,10.25,10.08,10.15,10.15,10.25,73,19168,194729,
544195,"United Cotfab Limited",M,STK,17,17,17,17,17,17.75,1,2000,34000,
544196,"BARODA BNP PARIBAS MUTUAL FUND",B,STK,57.46,57.46,55.41,56.9,56.9,56.06,13,68,3810,
544198,"DEE DEVELOPMENT ENGINEERS LIMI",B,STK,310,319.9,307.15,309.7,311.4,311.15,1696,137245,43005551,
544199,"GEM Enviro Management Limited",M,STK,41.91,41.91,38.65,40,40,39.92,30,24800,984992,
544200,"Akme Fintrade (India) Limited",T,STK,7.79,8.34,7.79,8.18,8,8.19,259,154228,1244976,
544201,"DINDIGUL FARM PRODUCT LIMITED",M,STK,12,12.06,11.6,11.84,11.6,11.97,19,100000,1194360,
544202,"STANLEY LIFESTYLES LIMITED",B,STK,158.15,162.45,157.7,158.85,158.85,162.5,334,7488,1199192,
544203,"Allied Blenders and Distillers",A,STK,464.05,471.7,459.9,463.35,463.35,473.45,720,12885,5999271,
544204,"VRAJ IRON AND STEEL LIMITED",B,STK,120.7,120.7,111.95,113.4,113.2,117.8,178,39054,4410879,
544205,"National Peroxide Limited",X,STK,380,431,380,407.4,410.2,379.95,400,11392,4598187,
544206,"SBI Mutual Fund",E,STK,254.94,260.35,252.5,259.23,259.16,257.29,1374,98453,25180606,
544207,"Reliable Data Services Limited",B,STK,128.4,128.4,119.8,119.8,119.8,121,33,1123,134658,
544209,"Bansal Wire Industries Limited",B,STK,244.3,251.25,230,245.95,246.15,246.65,281,5998,1440878,
544210,"Emcure Pharmaceuticals Limited",A,STK,1545.05,1557.2,1507.7,1514,1513.3,1561.2,1326,12824,19607131,
544211,"Aditya Birla Sun Life Mutual F",F,STK,112.93,112.93,112.93,112.93,112.93,112.86,1,1,112,
544212,"Mirae Asset Mutual Fund",B,STK,29.41,29.41,28.02,28.26,28.25,28.7,190,17842,503563,
544213,"AELEA COMMODITIES LIMITED",M,STK,125,125.8,123,123.4,123.5,125.2,31,22800,2833140,
544214,"THREE M PAPER BOARDS LIMITED",M,STK,28.5,28.5,26.6,26.65,26.65,28.5,6,16000,432100,
544215,"SBI Mutual Fund",B,STK,31.94,31.94,31.4,31.62,31.6,31.94,73,7715,243540,
544216,"ICICI Prudential Mutual Fund",B,STK,11.67,11.83,11.49,11.73,11.72,11.67,633,354119,4160886,
544217,"SANSTAR LIMITED",B,STK,81.66,87.99,81.66,86.66,85.65,82.49,238,17658,1506978,
544218,"Aditya Birla Sun Life Mutual F",B,STK,10.38,10.75,10.34,10.68,10.72,10.51,52,18446,196431,
544219,"VVIP Infratech Limited",M,STK,108,111.7,107.9,108.7,108.05,112.2,12,8400,921570,
544220,"Clinitech Laboratory Limited",M,STK,40,41.5,40,41.5,41.5,40,2,2400,97800,
544222,"Akums Drugs and Pharmaceutical",B,STK,506.8,506.9,493.25,498.35,498.3,506.75,431,8697,4340793,
544223,"Ceigall India Limited",B,STK,277,278,263.45,272.05,270,276.9,2379,37082,9986781,
544224,"Afcom Holdings Limited",M,STK,690,735,671,728.8,726,667.1,1170,238920,168126198,
544225,"Ola Electric Mobility Limited",A,STK,23.96,24.03,23.29,23.73,23.73,23.9,3965,3627353,85793636,
544226,"Brainbees Solutions Limited",A,STK,223.05,225.45,218.85,223.25,223.4,225.05,1178,61314,13634114,
544227,"UNICOMMERCE ESOLUTIONS LIMITED",B,STK,97,100.35,96.5,99.25,99.7,98.8,231,15579,1536929,
544229,"ICICI Prudential Mutual Fund",B,STK,11.67,11.95,11.61,11.88,11.88,11.88,1639,492601,5786066,
544230,"SARASWATI SAREE DEPOT LIMITED",B,STK,61,61,59,59.27,59.31,60.44,34,818,49004,
544232,"Interarch Building Solutions L",B,STK,1836.95,1836.95,1768,1789.25,1798.1,1838.85,276,2068,3713892,
544233,"Mahalaxmi Fabric Mills Limited",B,STK,23.5,24.7,22.96,23.3,24.5,24.51,51,14493,346268,
544234,"Globale Tessile Limited",B,STK,11,11.5,10.7,10.7,10.7,10.5,9,161,1758,
544235,"Orient Technologies Limited",B,STK,262.4,270.3,260.5,263.4,263.4,269.05,402,8761,2318049,
544236,"Resourceful Automobile Limited",M,STK,43,43,43,43,43,43,1,1200,51600,
544237,"RAPID MULTIMODAL LOGISTICS LIM",MT,STK,142,142,142,142,142,142,2,3200,454400,
544238,"Premier Energies Limited",A,STK,782.85,794,768,788.8,788.8,789.45,4719,111807,87313280,
544239,"ECOS (India) Mobility & Hospit",B,STK,138,138,133.15,134.75,134.25,137.1,299,13877,1870721,
544240,"Raymond Lifestyle Limited",A,STK,798,802,776,789.4,790,800.25,453,4284,3365113,
544241,"Mirae Asset Mutual Fund",B,STK,15.66,15.66,15.1,15.27,15.27,15.35,65,18814,285952,
544242,"Travels & rentals Limited",M,STK,15.26,16.69,15.26,16.35,16.35,16,9,27000,441270,
544243,"Baazar Style Retail Limited",B,STK,270.15,272,264.5,268.65,268.25,275.05,356,13972,3746247,
544244,"Gala Precision Engineering Lim",B,STK,717.45,750,705.55,742.35,750,735,91,1064,784911,
544246,"Revathi Equipment India Limite",B,STK,600,600,550,554.45,569.95,600,41,290,161766,
544247,"DSP Mutual Fund",B,STK,87.95,88.5,87.46,87.7,88.5,88.91,99,3668,322419,
544248,"MACH CONFERENCES AND EVENTS LI",MT,STK,109.3,112.8,108,108.9,112.5,113.05,12,7800,853800,
544249,"SHREE TIRUPATI BALAJEE AGRO TR",B,STK,28.7,28.7,25.9,26.17,26,27.8,283,17336,468313,
544250,"Sanofi Consumer Healthcare Ind",A,STK,4409.4,4410,4316,4353.05,4360.15,4439.2,95,351,1529213,
544251,"Share Samadhan Limited",M,STK,40.4,42.95,40.4,42.43,41.75,44,11,38400,1615280,
544252,"Bajaj Housing Finance Limited",A,STK,83.08,84.2,81.9,83.72,83.72,83.73,2598,416106,34592447,
544253,"Kross Limited",B,STK,190,192,185.3,188.25,187.5,192.3,390,5828,1102744,
544254,"Tolins Tyres Limited",B,STK,104,105,100.75,103.15,104.1,103.3,155,6119,633128,
544256,"P N GADGIL JEWELLERS LIMITED",B,STK,558,572.45,543.25,568.4,569.5,569,645,8903,4972434,
544258,"Western Carriers (India) Limit",B,STK,97.8,97.8,94.1,94.75,94.75,98,228,12115,1161062,
544259,"POPULAR FOUNDATIONS LIMITED",M,STK,30,30,30,30,30,29,1,3000,90000,
544260,"Northern Arc Capital Ltd.",A,STK,233.55,238.65,230.55,232.65,233,242.85,628,20254,4734123,
544261,"ARKADE DEVELOPERS LIMITED",B,STK,103.5,108.45,103,106.9,106.65,105.45,472,32548,3428866,
544262,"Manba Finance Limited",B,STK,121,121,111.1,114.95,113.9,113,105,10923,1233103,
544263,"KRN HEAT EXCHANGER AND REFRIGE",A,STK,920,920,891.95,896.3,901,928.25,1723,46800,42455671,
544264,"Diffusion Engineers Limited",B,STK,257.2,260.45,250,253,250.65,258.35,103,2166,551035,
544266,"Mirae Asset Mutual Fund",B,STK,87.72,89.57,87.5,88.94,88.94,88.81,14,3885,347007,
544268,"Mirae Asset Mutual Fund",B,STK,11.98,11.98,11.65,11.93,11.93,11.89,959,823171,9717924,
544269,"NEOPOLITAN PIZZA AND FOODS LIM",M,STK,7.78,7.78,7.75,7.75,7.75,7.71,3,18000,139680,
544271,"Garuda Construction and Engine",B,STK,168.9,170,163.5,166.85,166.75,170.35,595,21225,3533470,
544272,"SHIV TEXCHEM LIMITED",M,STK,137,138.5,131,131.1,131,136.55,38,24400,3281920,
544273,"MANGALAM GLOBAL ENTERPRISE LIM",B,STK,10.01,10.43,10.01,10.27,10.3,10.12,46,981,10046,
544274,"HYUNDAI MOTOR INDIA LIMITED",A,STK,2002.85,2009.2,1968,1991.95,1991.95,2020.35,4129,50126,99720585,
544275,"ICICI Prudential Mutual Fund",B,STK,15.15,15.61,15.13,15.52,15.52,15.44,84,12451,191096,
544276,"Deepak Builders and Engineers",B,STK,73,73.53,70.9,71.56,71.4,73.28,128,2429,174455,
544277,"Waaree Energies Limited",A,STK,2663.25,2759.95,2615.15,2739.5,2739.5,2682.7,3846,44846,120695878,
544278,"OCCL Limited",B,STK,85.53,88.88,83.36,86.11,86.11,85.11,143,3620,307636,
544279,"Godavari Biorefineries Limited",B,STK,293.6,295.6,286.8,289,290.2,295.7,640,15029,4371161,
544280,"Afcons Infrastructure Limited",A,STK,276.2,283.3,273,278.4,279.2,280.3,1408,958503,263634581,
544281,"A B INFRABUILD LIMITED",B,STK,18.01,18.01,16.73,17.04,17.04,17.93,840,852922,14639344,
544282,"Sagility Limited",A,STK,39.78,40.28,38.85,39.49,39.49,39.8,3665,1252593,49544768,
544283,"ACME Solar Holdings Limited",A,STK,228.75,243.4,223.6,240.15,239.95,229.85,3797,71812,17103914,
544284,"Mirae Asset Mutual Fund",F,STK,1076.12,1076.12,1076.12,1076.12,1076.12,1075.97,1,2,2152,
544285,"SWIGGY LIMITED",A,STK,280.65,285.4,271.2,281.2,282.05,284.7,14034,601215,168236203,
544286,"NIVA BUPA HEALTH INSURANCE COM",A,STK,69.16,70.72,69.16,70.1,70.13,71.48,338,15231,1067118,
544287,"Mangal Compusolution Limited",M,STK,51,54.5,51,54.5,54.5,49.13,5,42000,2265000,
544288,"BlackBuck Limited",A,STK,565,582.6,557.45,572.9,582.6,575.7,1049,18808,10699350,
544289,"NTPC GREEN ENERGY LIMITED",A,STK,86.6,103.25,85.22,97.61,97.61,86.7,32251,6574844,645109389,
544290,"ENVIRO INFRA ENGINEERS LIMITED",A,STK,156.1,170,151.85,159.35,159.35,152.85,6731,477406,78064589,
544291,"RAJESH POWER SERVICES LIMITED",M,STK,862.9,880,838.05,869.5,870,862.9,299,42900,37071880,
544292,"Onesource Specialty Pharma Lim",A,STK,1491,1491,1423.55,1467.7,1456.45,1481.3,1160,13060,18993751,
544293,"SURAKSHA DIAGNOSTIC LIMITED",B,STK,264.3,264.3,253.95,256.2,256.1,259.45,65,534,138446,
544294,"Rossell Techsys Limited",B,STK,697.65,722.75,697.65,718.8,721.6,711.65,119,1588,1130588,
544296,"NISUS FINANCE SERVICES CO LIMI",M,STK,201,201,187.1,190.85,190.85,203,160,130000,25236940,
544301,"Odigma Consultancy Solutions L",B,STK,23.15,24,22.15,23.2,23.5,23.61,90,2021,46253,
544302,"Innovana Thinklabs Limited",B,STK,382,386.1,381.9,384,381.9,383.15,3,3504,1338536,
544303,"TOSS THE COIN LIMITED",M,STK,315,315,315,315,315,315,1,300,94500,
544304,"JUNGLE CAMPS INDIA LIMITED",M,STK,51,59,51,55,55,49.2,37,76800,4252128,
544305,"One Mobikwik Systems Limited",B,STK,176,182.45,174.65,181.55,181.55,179.7,568,33309,5923933,
544306,"Sai Life Sciences Limited",A,STK,1033.55,1035.25,990.65,1010.25,1010.25,1012.35,1488,30454,30635474,
544307,"Vishal Mega Mart Limited",A,STK,107.45,107.45,104.75,106.1,106.1,108.05,6270,743562,78566238,
544308,"Hilltone Software and Gases Lt",X,STK,53.5,54.79,51.02,52.68,52.1,52.99,44,53015,2832033,
544309,"INVENTURUS KNOWLEDGE SOLUTIONS",A,STK,1372,1404.2,1330.35,1372.8,1371.4,1376.3,1064,11961,16366844,
544310,"Yash Highvoltage Limited",M,STK,469.65,479.95,452.1,473.9,470,471.25,160,50750,23569250,
544311,"International Gemmological Ins",A,STK,325.2,325.2,318,320.55,320.55,328.25,1273,37677,12087198,
544312,"HAMPS BIO LIMITED",M,STK,16.3,17.4,16.3,17.4,17.4,17.02,3,12000,200000,
544314,"Sanathan Textiles Limited",B,STK,408.75,408.75,407.5,407.9,407.9,415.85,7,7,2855,
544315,"Concord Enviro Systems Limited",B,STK,245.2,255.3,242.7,245.8,245.8,248.45,1430,29661,7423136,
544316,"DAM Capital Advisors Limited",B,STK,133.1,133.55,127.45,131.15,131.15,133.1,850,22882,2988251,
544317,"Transrail Lighting Limited",A,STK,512.05,520.35,502.4,514.65,514.65,514.85,915,21983,11208605,
544318,"MAMATA MACHINERY LIMITED",B,STK,383.55,396.2,378.9,389.2,389.85,385.7,184,4069,1577834,
544319,"SENORES PHARMACEUTICALS LIMITE",B,STK,730.05,748.65,724.4,738.25,733.5,746.3,269,2248,1656745,
544320,"CARRARO INDIA LIMITED",B,STK,480.05,482.35,468.95,472.75,473,482.35,254,2694,1275436,
544321,"Ventive Hospitality Limited",B,STK,664,671,656.85,664.8,661,669.85,107,763,505022,
544322,"Unimech Aerospace and Manufact",B,STK,850.2,859.8,834.5,850.9,853,857.1,308,2574,2182253,
544323,"Mirae Asset Mutual Fund",B,STK,10.49,10.49,10.21,10.31,10.31,10.45,73,30915,317362,
544325,"ITC Hotels Limited",A,STK,161.95,161.95,156.65,158.1,158.1,162,3320,186559,29508406,
544326,"Edelweiss Mutual Fund",B,STK,23.66,23.66,22.73,22.99,22.99,23.08,32,4351,99540,
544327,"TECHNICHEM ORGANICS LIMITED",M,STK,45,45,45,45,45,43.5,1,2000,90000,
544328,"INDO FARM EQUIPMENT LIMITED",B,STK,124.25,128.05,121.95,126.35,126.1,126.15,409,14799,1852873,
544329,"LEO DRYFRUITS & SPICES TRADING",M,STK,53,53,53,53,53,52.5,1,2000,106000,
544330,"PARMESHWAR METAL LIMITED",M,STK,115,115,115,115,115,115,1,2000,230000,
544332,"FABTECH TECHNOLOGIES CLEANROOM",M,STK,259.95,260,259.95,260,260,252,3,1200,311980,
544333,"STANDARD ENGINEERING TECHNOLOG",B,STK,122.5,123.25,119.9,121.65,121.35,122.5,147,5816,703515,
544334,"Indobell Insulations Limited",M,STK,55.9,55.9,55.9,55.9,55.9,57,1,750,41925,
544335,"B.R.GOYAL INFRASTRUCTURE LIMIT",M,STK,101.3,101.3,98,99.5,99.5,101.51,9,20000,1992000,
544336,"Quadrant Future Tek Limited",B,STK,298,329,292.4,319.5,319.3,301.6,1383,46055,14564929,
544337,"Avax Apparels and Ornaments Li",MT,STK,272.75,272.75,272.75,272.75,272.75,287,1,1000,272750,
544338,"Capital Infra Trust",IF,STK,68.98,69,68.1,68.6,68.55,68.67,219,15058,1033641,
544339,"Laxmi Dental Limited",B,STK,186.35,186.9,178.85,183.6,182.55,184.05,186,8251,1514341,
544340,"Rikhav Securities Limited",M,STK,41,41.1,38.5,39.58,39.9,39.7,158,3118400,122296944,
544341,"LANDMARK GLOBAL LEARNING LIMIT",M,STK,22.1,23.9,22.1,22.7,22.7,23.58,8,28800,655552,
544342,"Stallion India Fluorochemicals",B,STK,109.65,115.15,104.6,115.1,115.1,109.7,1933,280759,31910041,
544343,"CAPITALNUMBERS INFOTECH  LIMIT",M,STK,84.1,90,84.1,85.66,85.45,86.12,41,45200,3912308,
544344,"SHRIRAM PISTONS & RINGS LTD",A,STK,3033.05,3034,2967.5,2978.2,2980,3035.9,373,2133,6418374,
544345,"Denta Water and Infra Solution",B,STK,261,261,246.1,247.85,248.1,259.55,604,28088,7056452,
544346,"RDB Real Estate Constructions",XT,STK,143,147.95,134.55,142.2,140,141.15,16,136,19032,
544347,"CLN ENERGY LIMITED",M,STK,311,311,308.25,308.25,308.25,312,6,2000,619570,
544349,"H.M. ELECTRO MECH LIMITED",M,STK,45.93,45.93,45.93,45.93,45.93,45.93,2,3200,146976,
544350,"Dr. Agarwal's Health Care Limi",A,STK,440,440,434.05,435.9,435,444.05,638,3373,1471948,
544352,"DSP Mutual Fund",B,STK,40.02,40.02,39.76,39.93,39.95,40.43,24,1983,79215,
544353,"Amwill Health Care Limited",M,STK,34.65,35.34,34,34.6,34.6,35,8,9600,331932,
544354,"SOLARIUM GREEN ENERGY LIMITED",M,STK,137.95,145,137.95,142.4,145,139,63,30900,4354545,
544355,"Jubilant Agri and Consumer Pro",B,STK,1793.1,1869.9,1710.5,1742.15,1730,1803.8,36,325,571233,
544356,"AJAX Engineering Limited",B,STK,475,486,470,471.65,470.35,480.35,403,4284,2033482,
544361,"COVANCE SOFTSOL LIMITED",XT,STK,171.3,171.3,171.3,171.3,171.3,171.3,13,2192,375489,
544362,"Hexaware Technologies Limited",A,STK,424.45,429.9,400.35,418.5,418.5,429.7,7336,393824,161535128,
544363,"UNION MUTUAL FUND",E,STK,156.31,157.58,155.84,156,156,156.8,7,30,4720,
544364,"Indef Manufacturing Limited",B,STK,240,264.75,240,253.45,253.45,239.4,618,6623,1701366,
544365,"SHANMUGA HOSPITAL LIMITED",M,STK,37.2,37.2,37.2,37.2,37.2,36.47,1,2000,74400,
544367,"QUALITY POWER ELECTRICAL EQUIP",B,STK,814.95,840,797.45,825.75,821.5,823.75,466,10046,8254148,
544368,"Swasth Foodtech India Limited",M,STK,17.38,17.38,17.36,17.36,17.36,16.71,2,2400,41688,
544369,"Beezaasan Explotech Limited",M,STK,207,207,194.95,200.8,200,204.8,50,55200,11067760,
544370,"NUKLEUS OFFICE SOLUTIONS LIMIT",M,STK,196,196,196,196,196,204.25,4,13200,2587200,
544371,"VIKRAM AROMA LIMITED",X,STK,64.5,68.49,63.9,67.43,67.89,62.25,41,1007,66334,
544372,"SHREENATH PAPER PRODUCTS LIMIT",M,STK,11.02,11.1,11.02,11.05,11.05,11.02,3,9000,99510,
544373,"NAPS Global India Limited",M,STK,37.95,38,37.95,38,38,38,3,8000,303760,
544375,"360 ONE Mutual Fund",E,STK,155.34,156.52,155.01,156.36,155.75,155.58,49,1110,172724,
544376,"Mirae Asset Mutual Fund",B,STK,40.13,40.4,39.6,40.15,40.11,40.57,15,10161,403767,
544377,"Mirae Asset Mutual Fund",B,STK,12.58,12.74,12.58,12.73,12.73,12.75,8,430,5410,
544378,"PDP Shipping & Projects Limite",M,STK,61.7,61.7,61.7,61.7,61.7,61.7,1,1000,61700,
544379,"Prabha Energy Limited",B,STK,149.1,164.6,149,154.8,154.5,150.95,145,2004,312947,
544382,"Axis Mutual Fund",B,STK,33.19,33.24,32,32.97,33.15,33.04,61,7154,231247,
544383,"PARADEEP PARIVAHAN LIMITED",M,STK,159,159,156.7,156.7,156.7,158,2,13200,2071200,
544384,"Zerodha Mutual Fund",E,STK,26.4,26.96,26.18,26.87,26.86,26.68,944,447971,11877713,
544385,"SBI Mutual Fund",B,STK,50.44,51.86,50.16,51.4,51.25,51.47,92,11377,584455,
544386,"Spectrum Electrical Industries",B,STK,1387.1,1480,1387.1,1479.65,1470,1301,5,202,298792,
544387,"Desco Infratech Limited",M,STK,150.25,151,142,143,142.7,148.6,52,29000,4223475,
544388,"Identixweb Limited",M,STK,91.2,100.9,91.2,95.01,92.1,93,17,50000,4801400,
544389,"360 ONE Mutual Fund",E,STK,256,270.98,253.04,263.24,263.24,258.6,236,8686,2232222,
544390,"Siemens Energy India Limited",B,STK,2940,2940,2860.6,2866.25,2868,2943.85,1553,10962,31570811,
544392,"SPINAROO COMMERCIAL LIMITED",MT,STK,68.9,68.9,68.9,68.9,68.9,65.8,1,2000,137800,
544393,"INFONATIVE SOLUTIONS LIMITED",M,STK,24.5,24.5,24.5,24.5,24.5,24.5,1,1600,39200,
544394,"ICICI Prudential Mutual Fund",B,STK,28.15,28.86,27.86,28.31,28.86,28.86,99,5650,160105,
544395,"STL Networks Limited",B,STK,18.99,20.06,18.62,19.56,19.52,18.9,558,637774,12138947,
544396,"Network People Services Techno",B,STK,987.3,1013.9,980,982,980,1001.25,157,1698,1692157,
544397,"Ather Energy Limited",B,STK,688,713,685.3,710.3,710.3,702,3373,108261,75580533,
544399,"SRIGEE DLM LIMITED",M,STK,76.01,78.9,76.01,78.9,78.9,77.33,4,4800,368412,
544400,"Manoj Jewellers Limited",M,STK,43.78,43.78,42,42,42,44,3,6000,255560,
544401,"Mirae Asset Mutual Fund",B,STK,312.54,315.75,312.54,315.75,315.75,320.87,9,77,24188,
544402,"JASH ENGINEERING LIMITED",B,STK,371.15,379.65,363.15,375.2,374.65,376.2,245,4863,1802868,
544403,"Aditya Birla Lifestyle Brands",B,STK,101.55,102.2,99,101.15,100.9,102.5,662,87111,8750975,
544404,"BORANA WEAVES LIMITED",T,STK,399,410,381.7,390.65,390.65,398.65,57,7817,3108143,
544405,"BELRISE INDUSTRIES LIMITED",B,STK,191.95,191.95,185.05,188.2,188.2,191.95,2871,397062,74490488,
544406,"UNIFIED DATA TECH SOLUTIONS LI",M,STK,324,333.9,324,327.65,328,330.35,38,24400,8045700,
544407,"AEGIS VOPAK TERMINALS LIMITED",B,STK,193.45,197.7,188.65,193.2,193.75,193.45,796,55393,10755770,
544408,"Leela Palaces Hotels & Resorts",B,STK,432.5,439.1,415.25,437.05,428.65,435.15,290,5434,2329683,
544410,"PROSTARM INFO SYSTEMS LIMITED",B,STK,132.55,132.55,127.2,129.1,130,131.4,490,33225,4315038,
544411,"Scoda Tubes Limited",B,STK,121.45,127.55,121,122.9,121,123.7,121,6844,848566,
544412,"3B FILMS LIMITED",M,STK,19.99,19.99,18.1,18.82,19.8,19.35,3,15000,282270,
544413,"Digitide Solutions Limited",B,STK,87.39,89.5,85.89,86.39,86.36,87.63,634,25318,2199623,
544414,"Bluspring Enterprises Limited",B,STK,47,49,46.41,47.01,47.01,47.76,232,19307,919228,
544415,"Nippon India Mutual Fund",B,STK,39.5,40.4,39.47,39.96,39.87,40.36,34,385,15372,
544416,"KRISHIVAL FOODS LIMITED",B,STK,316.35,316.35,315.5,315.5,315.5,314.5,7,146,46103,
544417,"Aten Papers & Foam Limited",M,STK,19.4,19.4,16.56,19,19,19,6,7200,133056,
544418,"Oswal Pumps Limited",B,STK,319,319,297,306.6,306.6,318.8,3104,480548,148023680,
544419,"ArisInfra Solutions Limited",B,STK,106.3,112.2,105.1,109.15,109.15,107.4,690,28518,3079103,
544420,"Raymond Realty Limited",B,STK,390.05,397.7,380.55,389.25,389.25,391.75,510,8118,3148451,
544421,"ELLENBARRIE INDUSTRIAL GASES L",B,STK,229,240.4,214,218.8,218.8,228.85,1558,46105,10313008,
544422,"Abram Food Limited",M,STK,74.1,74.1,73,73.55,73,77.5,3,3600,265440,
544423,"Kalpataru Limited",B,STK,309.1,309.1,298.2,299.15,298.7,304.6,104,891,269796,
544424,"GLOBE CIVIL PROJECTS LIMITED",B,STK,49.9,49.9,45,46.21,46.21,46.41,64,2874,133063,
544426,"Icon Facilitators Limited",M,STK,58.9,58.9,57,57.35,57.35,57.09,6,7200,416100,
544427,"ICICI Prudential Mutual Fund",B,STK,9.75,9.96,9.7,9.79,9.96,9.85,34,2548,24900,
544429,"HDB FINANCIAL SERVICES LIMITED",B,STK,652.5,653.6,640.4,650.1,650.1,656,2668,48401,31287509,
544430,"SAMBHV STEEL TUBES LIMITED",B,STK,91.6,93.59,89.41,91.83,91.83,91.53,493,68739,6318578,
544431,"Ace Alpha Tech Limited",M,STK,90.25,97.55,90.25,93.5,93.5,96,3,3000,281300,
544432,"Indogulf Cropsciences Limited",B,STK,62.8,64.04,62,64.01,64.03,62.94,125,8274,521830,
544433,"Valencia India Limited",M,STK,15,15,14.5,14.85,14.7,15.1,14,24000,352680,
544434,"Neetu Yoshi Limited",M,STK,87,88.15,86,86.69,86.98,88.91,40,40800,3548240,
544435,"ADCOUNTY MEDIA INDIA LIMITED",M,STK,98.5,101.45,97.95,98.45,98.45,101.65,98,116800,11579480,
544436,"VANDAN FOODS LIMITED",M,STK,35.17,36.62,35.16,36.62,36.62,37.01,5,6000,214668,
544437,"MARC LOIRE FASHIONS LIMITED",MT,STK,66.69,68.05,66.69,66.69,66.69,70.2,18,21600,1451520,
544438,"Mirae Asset Mutual Fund",B,STK,10.89,11.1,10.87,11.02,11.02,11.16,23,16900,185781,
544439,"CRIZAC LIMITED",B,STK,209.65,212.45,207.45,210.65,210.6,212,252,7713,1619602,
544440,"CRYOGENIC OGS LIMITED",M,STK,175,177.85,173.05,177.85,177.85,174.65,3,2250,394425,
544441,"META INFOTECH LIMITED",M,STK,84.4,86.48,82.21,82.64,82.3,84.35,26,28800,2417960,
544442,"Chemkart India Limited",M,STK,98.9,107.9,98.9,107.25,106,102.88,12,7800,821574,
544443,"TRAVEL FOOD SERVICES LIMITED",B,STK,1197.95,1205,1152.9,1195.2,1205,1184.9,261,1690,2010519,
544444,"Glen Industries Limited",M,STK,67,68,66,66.75,66.75,67.05,16,25200,1690080,
544445,"ASSTON PHARMACEUTICALS LIMITED",M,STK,78,78.05,78,78,78,78.5,7,16000,1248500,
544446,"Advent Hotels International Li",B,STK,172.05,174.8,170.1,171.2,171.15,178.15,215,6709,1152487,
544447,"SMARTWORKS COWORKING SPACES LI",B,STK,381.05,404,381.05,392.9,390,388.95,222,3884,1529614,
544448,"Pashupati Cotspin Limited",B,STK,1012,1014.75,980,1003.95,999,997.5,268,326,325723,
544449,"Anthem Biosciences Limited",B,STK,639.1,643.7,630.6,640.25,642.35,648.45,675,36457,23242847,
544450,"CHEMBOND CHEMICALS  LIMITED",B,STK,138.75,138.75,133.55,134.5,134.5,141,37,677,91902,
544451,"MONIKA ALCOBEV LIMITED",M,STK,250,254.85,250,254.85,254.85,248,4,8800,2234980,
544452,"Swastika Castal Limited",M,STK,52,53,52,53,53,52.25,4,8000,422000,
544453,"Monarch Surveyors and Engineer",M,STK,200.05,204.8,200,200,200,200.1,11,6600,1329360,
544454,"INDIQUBE SPACES LIMITED",B,STK,162,162,154.15,156,156,162.05,105,2756,429276,
544455,"GNG Electronics Limited",B,STK,369.9,392,365,387.45,384.85,375.35,809,25950,9985248,
544456,"R M DRIP AND SPRINKLERS SYSTEM",B,STK,42.06,42.06,42.06,42.06,42.06,44.27,72,9358,393597,
544457,"Brigade Hotel Ventures Limited",B,STK,58.69,61,57.62,60.62,60.75,58.69,384,152512,9221046,
544458,"SHREE REFRIGERATIONS LIMITED",M,STK,187.95,187.95,179.95,181.7,182.6,188.9,114,88000,16103425,
544459,"SHANTI GOLD INTERNATIONAL LIMI",B,STK,195.5,205.1,193,202.25,201.9,198.75,478,22661,4498300,
544460,"PATEL CHEM SPECIALITIES LIMITE",M,STK,67.5,72.98,65,68.07,72.98,69.25,18,43200,2871104,
544461,"Euro Panel Products Limited",B,STK,157.1,160.5,149.25,160.5,160.5,156.2,23,843,131441,
544462,"PropShare Titania",IF,STK,1075000,1075000,1075000,1075000,1075000,1100000,1,1,1075000,
544463,"REPONO LIMITED",M,STK,56,57.5,54,54.9,54.9,56.25,20,28800,1589412,
544464,"Umiya Mobile Limited",M,STK,57.22,60.9,57.22,57.74,57.75,61.2,14,28000,1623400,
544465,"LAXMI INDIA FINANCE LIMITED",B,STK,85,85.78,82.13,83.74,83.4,85.14,423,12072,1014972,
544466,"Aditya Infotech Limited",B,STK,1582,1619.95,1546.65,1603.45,1603.45,1582.5,1658,23090,36771233,
544467,"National Securities Depository",B,STK,872.1,876,868.9,870.15,870.15,876.6,17467,435721,380024035,
544469,"Sri Lotus Developers and Realt",B,STK,130.45,130.5,123.35,124.5,126.5,134.05,1105,100903,12791518,
544470,"M & B ENGINEERING LIMITED",B,STK,293,299.95,289.85,292.9,293.4,299.65,324,4704,1382711,
544471,"TAKYON NETWORKS LIMITED",M,STK,32.25,33,32.02,32.5,32.5,33.28,6,28000,903860,
544472,"MEHUL COLOURS LIMITED",M,STK,67,70,66.5,70,70,69.3,3,8000,549600,
544473,"Groww Mutual Fund",B,STK,10.29,10.68,10.29,10.66,10.66,10.38,112,98220,1042945,
544475,"ESSEX MARINE LIMITED",M,STK,30,31.49,30,31.1,31,29.67,39,80000,2470000,
544476,"Jeena Sikho Lifecare Limited",B,STK,601,607.55,595.05,598.85,598,615.5,334,7345,4419580,
544477,"Highway Infrastructure Limited",B,STK,51.7,51.7,49.69,50.7,50.7,50.69,91,5326,269961,
544479,"ALL TIME PLASTICS LIMITED",B,STK,213,215.3,205,210.45,207,213.8,523,13685,2856891,
544480,"JSW CEMENT LIMITED",B,STK,119,122.5,118.8,119.85,119.5,120.6,1358,150771,18090380,
544481,"KNOWLEDGE REALTY TRUST",IF,STK,116.07,116.79,111.35,112.74,112.74,117,649,61295,6971266,
544482,"STAR IMAGING AND PATH LAB LIMI",M,STK,58.65,61.99,58.65,60.06,60,62.51,57,73000,4406790,
544483,"ICODEX PUBLISHING SOLUTIONS LI",M,STK,38.2,38.2,38.2,38.2,38.2,38.15,1,1200,45840,
544484,"BlueStone Jewellery and Lifest",B,STK,516.05,524,495.1,519.25,523.9,516.1,1638,44022,22616474,
544485,"REGAAL RESOURCES LIMITED",B,STK,71.43,87.68,70.34,87.68,87.68,73.07,6828,1138414,95983004,
544486,"Zerodha Mutual Fund",F,STK,30.04,30.06,29.95,30.06,30.06,30.05,16,743,22314,
544487,"PATEL RETAIL LIMITED",B,STK,166.5,177.45,166.25,173.45,171.1,169.7,158,4185,721097,
544488,"Vikram Solar Limited",B,STK,177.05,188.9,174.5,185.7,185.7,180.25,3056,265435,48574379,
544489,"LGT Business Connextions Limit",MT,STK,57.78,57.78,56.86,56.86,56.86,59.85,2,2400,137568,
544490,"Shreeji Shipping Global Limite",B,STK,353.05,370.95,353.05,363.6,363.6,370.5,443,25054,9160236,
544491,"Gem Aromatics Limited",T,STK,183,188,176.65,176.65,176.65,185.9,165,69365,12274042,
544492,"MANGAL ELECTRICAL INDUSTRIES L",B,STK,232.85,241.75,232.15,235,236.15,238.35,219,26746,6332570,
544493,"Nippon India Mutual Fund",B,STK,151.68,152.06,151.68,152.06,152.06,152.9,2,6,910,
544494,"Globtier Infotech limited",M,STK,20.2,21.5,20.1,21.37,21.5,22.45,16,27200,564464,
544495,"NIS MANAGEMENT LIMITED",M,STK,52.3,55,52.3,55,55,56,4,7200,383040,
544496,"Vikran Engineering Limited",B,STK,62,63.33,60.54,62.25,62.25,62.47,1103,97839,6059351,
544497,"ANLON HEALTHCARE LIMITED",B,STK,128.15,129.1,122,122.5,123.7,127.3,433,15744,1988598,
544498,"OVAL PROJECTS ENGINEERING LIMI",M,STK,45.05,47.5,45.05,47.5,47.5,45.05,6,11200,520704,
544499,"Career Point Edutech Limited",B,STK,181.1,183.9,180.2,181.5,182.1,186,27,111,20157,
544500,"ABRIL PAPER TECH LIMITED",M,STK,36.99,36.99,33.7,33.7,33.7,33.95,4,10000,343580,
544501,"SUGS LLOYD LIMITED",M,STK,94,97.19,88.1,96.24,97.19,90.61,38,42000,3973780,
544502,"Amanta Healthcare Limited",B,STK,99.75,99.75,93.25,98.65,99,99.7,926,33121,3141482,
544504,"GOEL CONSTRUCTION COMPANY LIMI",M,STK,274,283.75,272,283.75,283.75,275,16,7200,2006380,
544505,"AUSTERE SYSTEMS LIMITED",M,STK,47.5,47.5,47.5,47.5,47.5,48,2,4000,190000,
544506,"SHARVAYA METALS LIMITED",M,STK,114,117,110,115.65,117,117,11,6600,753000,
544507,"Zerodha Mutual Fund",B,STK,9.31,9.44,9.13,9.26,9.26,9.31,297,173275,1592269,
544509,"Krupalu Metals Limited",M,STK,36.3,36.31,32.87,32.87,32.87,34.59,8,14400,484720,
544510,"NILACHAL CARBO METALICKS LIMIT",M,STK,77,77,75.01,77,77,76.1,7,11200,852848,
544512,"SHRINGAR HOUSE OF MANGALSUTRA",B,STK,203.75,204.5,198.35,200.3,201.95,204,577,21631,4346454,
544513,"Dev Accelerator Limited",B,STK,37.76,37.9,36.8,37.66,37.9,37.76,58,7952,296473,
544514,"JAY AMBE SUPERMARKETS LIMITED",MT,STK,195,204.75,195,199.9,204.75,195,2,3200,639600,
544515,"Urban Company Limited",B,STK,111.1,115.65,108.65,114.05,115,111.1,1759,226832,25515040,
544516,"AIRFLOA RAIL TECHNOLOGY LIMITE",M,STK,267.1,283.5,260,274,273.8,278.55,83,117000,32008000,
544517,"Shankara Buildpro Limited",B,STK,946,970,939.7,965.7,970,952.55,101,952,910079,
544518,"L. T. ELEVATOR LIMITED",MT,STK,178,178,174,174.15,174,178.35,12,19200,3367440,
544519,"EURO PRATIK SALES LIMITED",B,STK,239.1,243.1,236.5,239,239.5,244.2,159,1204,287844,
544521,"VMS TMT LIMITED",B,STK,40.9,41.99,40.5,41.4,41.25,42.02,115,6506,268393,
544522,"A B Cotspin India Limited",B,STK,404.85,410,399.75,410,410,403.8,14,2516,1006484,
544523,"IVALUE INFOSOLUTIONS LIMITED",B,STK,221.15,235.15,221.15,230.65,230.95,228.05,241,3089,708199,
544524,"JD CABLES LIMITED",M,STK,166.1,170.8,166.1,169.2,169.2,169.45,9,7200,1217000,
544525,"GK ENERGY LIMITED",B,STK,111.05,112.6,107.05,107.85,107.5,110.5,834,77160,8467075,
544526,"Saatvik Green Energy Limited",B,STK,349.2,379.55,336.3,361.9,362.35,347.55,853,16528,5974899,
544527,"Atlanta Electricals Limited",B,STK,983.35,1070,974.3,1043.2,1052.95,985.45,858,7773,8009280,
544528,"Ganesh Consumer Products Limit",B,STK,168,171.35,165.55,169.9,169.95,170,117,2797,473886,
544529,"Aptus Pharma Limited",MT,STK,314.5,314.5,314.5,314.5,314.5,299.55,7,14000,4403000,
544530,"ANAND RATHI SHARE AND STOCK BR",B,STK,494,494.35,476.3,491.05,491.05,484.05,504,14771,7191128,
544531,"TRUE COLORS LIMITED",M,STK,134,134,128.35,132.95,132,135.1,85,89400,11813040,
544532,"Solarworld Energy Solutions Li",B,STK,164.65,168.9,160.5,163.95,163.5,166.1,584,21259,3516594,
544533,"Seshaasai Technologies Limited",B,STK,257.95,258,251.85,254.9,252.25,259.7,237,52156,13299155,
544534,"Jaro Institute of Technology M",B,STK,408.95,411.35,401,405.25,407.65,412.1,277,7088,2887700,
544535,"BHARATROHAN AIRBORNE INNOVATIO",MT,STK,137,137,124.45,124.45,124.45,131,11,25600,3268320,
544536,"Wealth First Portfolio Manager",B,STK,975.05,975.05,861.05,937.75,900.4,975.6,8,26,24463,
544537,"Jain Resource Recycling Limite",B,STK,433.85,437.2,414,427.6,430.5,433.85,2141,101795,43432551,
544539,"Solvex Edibles Limited",M,STK,20.09,20.09,20.09,20.09,20.09,21.14,2,3200,64288,
544540,"Epack Prefab Technologies Limi",B,STK,159.85,163.75,155.3,161.75,161.75,160.45,488,66945,10853940,
544541,"SYSTEMATIC INDUSTRIES LIMITED",M,STK,155,160,155,155.7,155.7,160,47,60600,9588810,
544542,"Justo Realfintech Limited",M,STK,103.55,105,101,104,101,100,17,24000,2499600,
544543,"BMW VENTURES LIMITED",B,STK,55.95,58.03,55.65,57.46,57.54,57.35,168,10221,583384,
544544,"TELGE PROJECTS LIMITED",M,STK,94.05,96,94.05,96,96,96,2,2400,228060,
544545,"TRUALT BIOENERGY LIMITED",B,STK,392,404.45,382.05,401.05,404,389.75,441,11609,4581317,
544546,"Chatterbox Technologies Limite",M,STK,56,56,56,56,56,56.42,3,3600,201600,
544547,"Jinkushal Industries Limited",B,STK,52,56.24,51.32,55.08,54,54.04,86,7732,418462,
544548,"GUJARAT PEANUT AND AGRI PRODUC",M,STK,80,80,80,80,80,81.3,2,3200,256000,
544550,"Pace Digitek Limited",B,STK,155,162.45,153.15,158.7,158.7,157.1,369,25364,4005924,
544551,"BHAVIK ENTERPRISES LIMITED",M,STK,147.5,148,147.5,148,148,150.05,2,2000,295500,
544552,"RUKMANI DEVI GARG AGRO IMPEX L",MT,STK,110,112.95,110,112.55,112.95,108,29,36000,4048500,
544553,"M P K STEELS (I) LIMITED",M,STK,128,128,126,127.95,128,128,45,78400,10032000,
544554,"KVS Castings Limited",M,STK,54.95,60.35,52.5,53.31,52.8,55,21,50000,2790240,
544555,"AMEENJI RUBBER LIMITED",M,STK,116.1,118,116,118,118,119,7,13200,1533840,
544556,"Dhillon Freight Carrier Limite",M,STK,32.9,32.9,31.5,31.5,31.5,33.5,2,3200,103040,
544557,"Glottis Limited",B,STK,43.5,45.57,42.85,45.21,45.13,43.96,128,8683,379801,
544558,"Fabtech Technologies Limited",B,STK,150,155.25,145.3,152,149,149.9,184,9253,1394004,
544559,"OM METALLOGIC LIMITED",M,STK,13.75,14.75,13.75,14.75,14.75,14.65,2,9600,135200,
544560,"SODHANI CAPITAL LIMITED",M,STK,66,66.02,65.8,66.02,66.02,66,6,12000,791680,
544561,"Chiraharit Limited",M,STK,7.02,7.14,6.86,6.9,6.9,7.02,7,48000,333720,
544562,"Advance Agrolife Limited",B,STK,102.6,104.3,101.5,101.75,101.5,105.5,288,5472,561560,
544563,"Zelio E Mobility Limited",MT,STK,341.6,372.95,341.6,343.1,341.6,359.55,53,63000,21724000,
544564,"Om Freight Forwarders Limited",B,STK,79.17,79.17,75.97,75.97,75.97,77.32,45,1783,137326,
544566,"Sunsky Logistics Limited",M,STK,72,72,69,69,69,74,4,12000,840030,
544568,"DSM Fresh Foods Limited",M,STK,102,104,101.2,102.85,103,105.05,54,100800,10359540,
544569,"Tata Motors Limited",B,STK,440.45,445,424.75,443.6,443.6,445.55,30640,1191501,519114533,
544570,"WeWork India Management Limite",B,STK,500.9,500.9,445.05,467.1,463.5,469.6,313,5424,2494512,
544571,"NSB BPO Solutions Limited",M,STK,75.77,75.77,74.15,74.15,74.15,76.15,2,2000,149920,
544572,"SKF INDIA (INDUSTRIAL) LIMITED",B,STK,2198.95,2200,2163.2,2174.9,2183,2198.55,121,347,756993,
544574,"Tata Capital Limited",A,STK,318.55,319.8,313.6,318.5,318.5,319.65,2948,93136,29415092,
544575,"Mittal Sections Limited",M,STK,29.29,29.29,29,29.29,29.29,27.9,15,17000,497620,
544576,"LG Electronics India Limited",B,STK,1571.25,1584.75,1554,1574.75,1572,1592.3,1329,17618,27605904,
544578,"RUBICON RESEARCH LIMITED",B,STK,771.05,820,769.25,797.7,798.5,782.55,937,19334,15483810,
544579,"Anantam Highways Trust",IF,STK,103.04,103.04,102.44,102.75,102.75,103.04,20,104,10698,
544580,"Canara Robeco Asset Management",B,STK,236.25,244.7,232.4,243.15,243.45,240.35,1186,35660,8521765,
544581,"DSP Mutual Fund",B,STK,9.39,9.59,9.37,9.39,9.59,9.52,51,3686,34586,
544582,"SHLOKKA DYES LIMITED",M,STK,25.25,25.31,24.2,24.25,24.25,25.4,7,56400,1420008,
544583,"Canara HSBC Life Insurance Com",B,STK,148.95,148.95,144,146.1,146.1,148.25,2234,56745,8283382,
544584,"SK Minerals & Additives Limite",M,STK,125.1,125.1,123.5,124.3,125.1,125.1,5,5000,620700,
544585,"SIHORA INDUSTRIES LIMITED",M,STK,58.99,59.5,50.7,51.63,52.55,59,10,24000,1350400,
544586,"Zerodha Mutual Fund",B,STK,9.6,9.6,9.3,9.46,9.46,9.54,546,112588,1063382,
544587,"Midwest Limited",B,STK,1185,1244.65,1172.75,1222.95,1224.1,1223,429,3481,4215375,
544594,"GAME CHANGERS TEXFAB LIMITED",M,STK,110,110,110,110,110,111.95,2,2400,264000,
544595,"Orkla India Limited",B,STK,545.45,550,535,547.85,547.4,542.75,367,3559,1936871,
544596,"Safecure Services Limited",M,STK,32.75,32.75,32.75,32.75,32.75,34,1,1200,39300,
544597,"Piramal Finance Limited",B,STK,1756.05,1797.95,1737.95,1785.45,1780.2,1781.35,1582,90621,158827719,
544598,"Accuracy Shipping Limited",B,STK,4.05,4.18,3.9,4.11,4.16,4.08,149,9547,38291,
544599,"Studds Accessories Limited",B,STK,509.5,516.7,507.8,515.2,515.95,517.8,46,655,336888,
544600,"Lenskart Solutions Limited",B,STK,497,508,484.35,504.25,502.9,498.8,1973,91260,45062423,
544601,"Choice Mutual Fund",E,STK,158.6,159.25,157.54,159.25,159.25,158.6,4,7,1112,
544603,"Billionbrains Garage Ventures",B,STK,154.05,159.45,151.25,158.15,158.15,154.5,6659,900412,139851680,
544604,"Mirae Asset Mutual Fund",B,STK,36.05,37.19,36.05,37.03,37.04,36.19,111,164013,5994789,
544605,"Mirae Asset Mutual Fund",B,STK,15.13,15.43,15.06,15.24,15.24,15.37,114,63300,960998,
544606,"Pine Labs Limited",B,STK,167.9,168.9,164.05,165,165,171.25,1513,48979,8145842,
544607,"SHINING TOOLS LIMITED",M,STK,50,52,50,52,52,49.6,5,6000,305388,
544608,"Emmvee Photovoltaic Power Limi",B,STK,203.15,211.25,197.7,207.55,208,206.6,1540,95518,19488603,
544609,"Physicswallah Limited",B,STK,82.41,88.3,81.99,84.12,84.46,83.19,6679,1341178,114197201,
544610,"WORKMATES CORE2CLOUD SOLUTION",M,STK,323,326.6,319,321,321,321.85,11,7200,2317560,
544612,"Tenneco Clean Air India Limite",B,STK,524,538.6,509.3,535.2,537.15,527.65,1054,19621,10303745,
544613,"Fujiyama Power Systems Limited",B,STK,192.7,192.7,185.25,189.45,189.45,188,201,5182,979210,
544614,"Capillary Technologies India L",B,STK,512,516.7,507,514.8,515,514.85,126,1606,826684,
544615,"KSR Footwear Limited",T,STK,38.04,38.04,36.62,36.62,36.62,37.34,28,61913,2267824,
544616,"Gallard Steel Limited",M,STK,139.1,142,139.1,142,142,139.1,8,12000,1698900,
544617,"Excelsoft Technologies Limited",B,STK,80.52,80.6,77.81,78.33,79,79.97,417,27678,2187821,
544619,"Sudeep Pharma Limited",B,STK,575.05,613.5,575.05,608.4,606.5,618.15,334,3675,2217212,
544620,"DSP Mutual Fund",B,STK,28.18,28.32,28.13,28.3,28.3,28.73,6,79,2232,
544621,"SSMD AGROTECH INDIA LIMITED",M,STK,30.1,35.5,30.1,34.16,34.16,36.9,13,13000,443860,
544622,"Kwality Walls (India) Limited",B,STK,26.36,26.5,25.2,25.59,25.59,26.54,1842,375811,9786974,
544623,"Mother Nutri Foods Limited",M,STK,153,153,153,153,153,150.4,1,1200,183600,
544624,"K K SILK MILLS LIMITED",M,STK,11.2,11.2,11.03,11.08,11.08,11.56,12,36000,398490,
544625,"Logiciel Solutions Limited",M,STK,30,30.95,30,30.95,30.95,30.39,6,4200,127320,
544627,"PURPLE WAVE INFOCOM LIMITED",M,STK,105.5,105.5,105.5,105.5,105.5,110.35,1,1000,105500,
544628,"Astron Multigrain Limited",M,STK,18.6,18.6,16.31,17.6,17.6,17.69,8,16000,276720,
544629,"Ravelcare Limited",M,STK,150,150,147.5,150,150,151.5,10,10000,1495050,
544630,"HELLOJI HOLIDAYS LIMITED",M,STK,127,127,127,127,127,125.25,3,16800,2133600,
544631,"CREATIVE NEWTECH LIMITED",B,STK,655,656.4,654,654,654,651.8,8,8,5241,
544632,"Meesho Limited",B,STK,139.85,143.6,138.95,141.35,141.6,139.85,3582,710616,99652496,
544633,"VIDYA WIRES LIMITED",B,STK,53.5,59.3,52.43,56.03,56.15,53.96,3629,525217,29992111,
544634,"Aequs Limited",B,STK,126,126,114.7,115.5,115.5,125.8,1068,50382,6030958,
544635,"Luxury Time Limited",M,STK,60.5,62,60.5,60.85,60.5,61.32,17,76800,4711680,
544636,"Western Overseas Study Abroad",M,STK,19.5,19.95,19.5,19.95,19.95,19,4,10000,198600,
544637,"Methodhub Software Limited",M,STK,104,104,101.25,102.5,102.25,104.1,64,42000,4299750,
544638,"Bandhan Mutual Fund",E,STK,160.7,162,158.1,162,162,159.91,24,361,57544,
544639,"Bandhan Mutual Fund",E,STK,260.1,266.44,257.97,264.68,264.79,262.03,53,1406,369444,
544640,"Riddhi Display Equipments Limi",M,STK,31.86,34,31.86,34,34,34.2,3,3600,119832,
544641,"K. V. TOYS INDIA LIMITED",M,STK,241.3,241.3,233.7,234.4,234.4,244.95,12,25200,5935080,
544642,"Wakefit Innovations Limited",B,STK,170,171.2,166.4,168.7,168.7,171.55,481,417478,70452747,
544643,"PRODOCS SOLUTIONS LIMITED",MT,STK,189.5,195.6,189.5,195.6,195.6,186.3,6,6000,1158850,
544644,"Corona Remedies Limited",B,STK,1649.8,1649.8,1584.7,1590.5,1588.65,1609.6,122,606,968757,
544645,"PARK MEDI WORLD LIMITED",B,STK,199.9,204.7,197.35,198.7,198.7,203.4,1294,79932,16132542,
544646,"Shipwaves Online Limited",M,STK,3.41,3.49,3.4,3.45,3.41,3.56,29,330000,1134400,
544647,"Nephrocare Health Services Lim",B,STK,545.75,573.2,545.75,560.85,563,580.55,721,6016,3399008,
544648,"UNISEM AGRITECH LIMITED",M,STK,60.6,61,60.5,60.5,60.5,63.99,4,8000,486200,
544654,"DSP Mutual Fund",B,STK,15.1,15.34,15.1,15.31,15.31,15.41,7,381,5777,
544655,"DSP Mutual Fund",B,STK,20.57,20.98,20.54,20.98,20.98,21.13,15,2372,48774,
544656,"HRS ALUGLAZE LIMITED",MT,STK,254.2,254.65,254.05,254.2,254.05,254.1,32,60000,15256500,
544657,"Pajson Agro India Limited",MT,STK,205,208,205,208,208,205.5,4,4800,991800,
544658,"ICICI Prudential Asset Managem",A,STK,2998.1,2998.1,2905,2936.65,2936.65,3000.75,4199,27977,82048575,
544660,"Mirae Asset Mutual Fund",B,STK,8.58,8.64,8.56,8.58,8.58,8.71,33,25093,215891,
544661,"Mirae Asset Mutual Fund",B,STK,34.93,35.79,34.93,35.59,35.68,35.72,15,574,20362,
544662,"SIMANDHAR IMPEX LIMITED",T,STK,116.85,129,116.85,121.4,121.4,122.95,44,77023,9203866,
544663,"NEPTUNE LOGITEK LIMITED",M,STK,42.15,42.15,40.21,40.99,40.99,42.16,8,8000,325480,
544664,"KSH INTERNATIONAL LIMITED",B,STK,412.05,419.8,405,411.95,412.05,414.15,1321,18464,7617564,
544665,"Global Ocean Logistics India L",MT,STK,112.6,112.6,112.25,112.25,112.25,112.65,6,9600,1079280,
544666,"GUJARAT KIDNEY AND SUPER SPECI",B,STK,107.4,107.4,105.5,105.95,105.95,107.15,440,12995,1381852,
544667,"Dachepalli Publishers Limited",M,STK,59.25,59.25,55.5,57,57,59.25,6,61200,3461124,
544668,"NANTA TECH LIMITED",M,STK,280,280,275,279.4,279.4,278.2,8,5400,1507800,
544669,"ADMACH SYSTEMS LIMITED",M,STK,200,200,195,199.5,199.5,199.15,3,1800,356700,
544670,"BAI-KAKAJI POLYMERS LIMITED",M,STK,171,190,171,184.5,188.9,177,18,16200,2959050,
544671,"APOLLO TECHNO INDUSTRIES LIMIT",M,STK,97.2,97.2,97.2,97.2,97.2,97.2,1,1000,97200,
544673,"MODERN DIAGNOSTIC & RESEARCH C",M,STK,63.12,63.12,63.12,63.12,63.12,63.12,1,1600,100992,
544674,"DSP Mutual Fund",B,STK,66.01,66.59,65.63,66.59,66.59,66.6,5,355,23356,
544675,"Gabion Technologies India Limi",M,STK,49.31,50.1,49.3,49.5,49.5,51.5,25,52800,2619568,
544676,"YAJUR FIBRES LIMITED",M,STK,43.1,44.98,43.1,44.62,44.15,43.3,50,64800,2874112,
544677,"Defrail Technologies Limited",M,STK,85,85,85,85,85,85,1,1600,136000,
544678,"BHARAT COKING COAL LIMITED",B,STK,33.34,36.6,32.79,35.8,35.8,33.4,14852,5338398,189385136,
544679,"Amagi Media Labs Limited",B,STK,370.05,392.95,370.05,380.75,378.5,382.8,826,1264004,481619320,
544680,"Narmadesh Brass Industries Lim",M,STK,170.5,170.5,170.5,170.5,170.5,171,1,240,40920,
544681,"INDO SMC Limited",M,STK,155.95,155.95,151,152.2,152.2,152.3,12,13000,1988800,
544682,"GRE Renew Enertech Limited",M,STK,92.2,94.1,92.2,94.1,94.1,96,4,4800,449160,
544683,"Aritas Vinyl Limited",M,STK,16.3,17.15,15.57,17.14,17.14,16.38,26,84000,1372710,
544684,"DIGILOGIC SYSTEMS LIMITED",M,STK,92,93,91.1,93,93,94.67,5,6000,550788,
544685,"SHADOWFAX TECHNOLOGIES LIMITED",B,STK,112.2,112.65,108.2,111.55,111.55,112.4,1800,161385,17769997,
544686,"SHAYONA ENGINEERING LIMITED",M,STK,137.45,137.45,134,134.75,136.95,131.1,6,8000,1088450,
544687,"Hannah Joseph Hospital Limited",M,STK,56,57.9,55.99,57.9,57.9,57.49,4,8000,451780,
544693,"KANISHK ALUMINIUM INDIA LIMITE",M,STK,30.12,31,29.95,31,31,31.2,9,17600,532016,
544695,"Msafe Equipments Limited",M,STK,116,117,115.9,116,116,117.35,11,12000,1395000,
544699,"Aye Finance Limited",B,STK,108.1,108.5,103.65,106.2,106.2,109,844,41915,4452017,
544700,"Fractal Analytics Limited",B,STK,828.9,859.6,828.9,845.85,844.5,842.25,3741,47034,39889327,
544701,"Mirae Asset Mutual Fund",B,STK,18.61,18.8,18.59,18.72,18.72,18.84,15,3054,57293,
544702,"DCM SHRIRAM INTERNATIONAL LIMI",B,STK,61.14,74.77,61.14,67.87,67.87,62.31,916,40092,2871742,
544703,"DCM SHRIRAM FINE CHEMICALS LIM",B,STK,25.72,26,24.9,25.34,25.2,26.25,225,12755,324479,
544704,"Mirae Asset Mutual Fund",B,STK,10.9,11.03,10.9,10.99,10.99,10.95,8,572,6268,
544705,"Mirae Asset Mutual Fund",B,STK,67.11,67.62,66.59,67.35,67.45,67.83,31,3915,263212,
544707,"Fractal Industries Limited",M,STK,221,221,216.45,216.5,216.5,221.7,7,4800,1045110,
544708,"Yashhtej Industries (India) Li",M,STK,47.49,47.49,47.49,47.49,47.49,52.76,36,63600,3020364,
544709,"Gaudium IVF and Women Health L",T,STK,79.2,82.5,77.65,81.26,81.26,81.73,585,145187,11713031,
544710,"ACCORD TRANSFORMER & SWITCHGEA",MT,STK,49.5,50.4,49.01,49.31,49.22,50.83,22,66000,3271320,
544711,"KIAASA RETAIL LIMITED",MT,STK,81.7,81.7,81.7,81.7,81.7,86,1,1000,81700,
544716,"SHREE RAM TWISTEX LIMITED",T,STK,51.45,51.45,51.45,51.45,51.45,54.15,66,2532,130271,
544717,"Clean Max Enviro Energy Soluti",B,STK,845.8,913,845.8,901.85,901.85,863.05,1503,30683,27135555,
544718,"PNGS Reva Diamond Jewellery Li",B,STK,385.95,399,383.9,393.45,393.45,391.55,1024,20125,7901106,
544720,"Omnitech Engineering Limited",B,STK,215.1,224.3,209.55,220.55,220.55,209.45,3729,220572,47760398,
544721,"Groww Mutual Fund",B,STK,48.62,48.62,46.8,47.01,47.38,48.14,175,17408,820374,
544722,"SBI Mutual Fund",B,STK,57.85,58.69,57.76,58.4,58.4,59.05,18,404,23509,
544723,"SEDEMAC MECHATRONICS LIMITED",B,STK,1420,1523.35,1415,1440,1440,1452.1,4384,234355,339068389,
544724,"Elfin Agro India Limited",MT,STK,47.3,48.05,47.3,47.6,47.89,0,140,1167000,55249050,
544725,"DSP Mutual Fund",B,STK,16.83,16.83,16.52,16.52,16.52,0,25,2356,39131,
544726,"Kotyark Industries Limited",B,STK,330.75,365.55,318.3,358.65,365,0,95,5727,1916411,
555555,"ICICI Prudential BSE Sensex ET",A,STK,874.28,877.82,865,869.29,865,880.9,797,3672,3201632,
570002,"Future Enterprises Limited",Z,STK,2.68,2.87,2.68,2.87,2.87,2.82,5,210,583,
570004,"JAIN IRRIGATION SYSTEMS LTD.",B,STK,22.99,23.27,21.69,21.96,23.27,22.69,50,1585,35169,
570005,"GACM Technologies Limited - DV",B,STK,0.45,0.46,0.43,0.44,0.45,0.44,56,89782,39841,
590003,"KARUR VYSYA BANK LTD.",B,STK,303.45,304,295.05,295.8,295.85,305,3608,108477,32381139,
590005,"VEEDOL CORPORATION LIMITED",B,STK,1329.8,1368,1319.05,1358.45,1365,1331.8,129,2035,2727177,
590006,"AMRUTANJAN HEALTH CARE LTD.",B,STK,550.05,561,543.4,545.3,544.5,556.05,93,461,253566,
590013,"XPRO INDIA LTD.",B,STK,858,888.7,835,858.3,858.3,861.15,285,2273,1930440,
590018,"HISAR METAL INDUSTRIES LTD.",B,STK,165,165,152.6,157.15,157.15,161.6,10,100,15717,
590021,"BHARAT RASAYAN LTD.",B,STK,1350.5,1377,1325.35,1341.95,1335,1362.6,338,1612,2179977,
590024,"FERTILIZERS & CHEMICALS TRAVAN",B,STK,841,877.4,830.05,845.35,845.35,886.45,12111,394590,336504766,
590025,"GINNI FILAMENTS LTD.",B,STK,37.96,38.73,34.35,37.28,37.35,35.54,89,5503,206140,
590030,"SOUTHERN PETROCHEMICALS LTD.",B,STK,62.51,64.4,61.94,63.11,63.27,63.56,591,56648,3573988,
590031,"DE NORA INDIA LTD.",B,STK,701.75,715,695.7,700,700,712.65,27,50,35283,
590041,"Kavveri Defence &amp; Wireless",T,STK,63,64,60.61,63.32,63.39,62.64,51,3835,242895,
590051,"SAKSOFT LTD.",B,STK,133,134.5,129,131.15,131.95,131.6,743,22254,2930560,
590056,"SALONA COTSPIN LTD.",B,STK,258.05,280,258.05,274.3,274.3,270.75,6,32,8753,
590057,"EQUIPPP SOCIAL IMPACT TECHNOLO",T,STK,16.38,16.38,15.9,15.9,15.9,15.63,2,51,811,
590062,"ANDHRA SUGARS LTD.",B,STK,73.91,74.2,71.89,72.38,72.15,73.91,242,8140,590609,
590065,"INDIA MOTOR PARTS & ACCESSORIE",B,STK,1023.1,1059,1014.7,1021.95,1059,1022.1,11,13,13288,
590066,K.C.P.LTD.,B,STK,146.55,148.85,145.15,147.3,147.2,149.2,245,14547,2144245,
590068,"KHAITAN (INDIA) LTD.",B,STK,92.3,100.6,92.3,98.4,98.4,92.31,26,500,49198,
590070,"RADAAN MEDIAWORKS (I) LTD.",B,STK,2.99,3.05,2.85,2.96,2.98,2.8,11,2199,6509,
590071,"SUNDARAM FINANCE LTD.",B,STK,5201,5359.9,5164.6,5351.15,5359.9,5314.25,302,1210,6377480,
590072,"SUNDARAM BRAKE LININGS LTD.",B,STK,571,576,571,574.35,576,566.85,3,6,3446,
590073,"WHEELS INDIA LTD.",B,STK,928.55,933.95,897.25,931.15,933.45,916.5,290,2972,2732132,
590075,"LAMBODHARA TEXTILES LTD.",B,STK,99,99.45,97.05,99.25,99,99,5,56,5487,
590078,"MAITHAN ALLOYS LTD.",B,STK,931.75,959.35,928.7,940.25,942.95,949.6,187,1719,1623185,
590086,"ORISSA MINERALS DEVELOPMENT CO",B,STK,3688.8,3895,3573.05,3850.25,3850.25,3683,251,677,2548182,
590095,"NIPPON INDIA ETF GOLD BEES",E,STK,130,132.63,130,132.44,132.44,132.72,11595,1904817,251782136,
590096,"NIPPON INDIA ETF LIQUID BEES",F,STK,1000,1000.01,999.99,999.99,999.99,1000,1851,1081989,1081988258,
590097,"KOTAK MAHINDRA MUTUAL FUND - K",E,STK,133.99,133.99,132.86,133.46,133.41,134.02,371,20765,2766442,
590098,"SBI MUTUAL FUND - SBI GOLD EXC",E,STK,136,136.8,133.46,136.61,136.61,136.89,1840,175567,23917546,
590099,"QUANTUM GOLD FUND - EXCHANGE T",E,STK,136.15,136.15,130.15,132.81,133.1,133.46,195,13533,1792418,
590101,"UTI MUTUAL FUND - UTI GOLD EXC",E,STK,131.55,135.08,131.55,134.77,134.9,134.93,255,16732,2248927,
590103,"NIPPON INDIA ETF NIFTY BEES",B,STK,265,270,265,268.2,268.2,270.6,10446,846584,227159090,
590104,"NIPPON INDIA ETF JUNIOR BEES",B,STK,709.59,719.95,703.99,715.93,715.61,716.16,1536,33127,23518684,
590106,"NIPPON INDIA ETF BANK BEES",B,STK,570.73,574.85,566,569.4,570.5,576.23,2560,42927,24441327,
590107,"KOTAK MAHINDRA MUTUAL FUND - K",B,STK,870.01,893.55,864.54,884.17,880.01,881.92,115,821,722048,
590108,"NIPPON INDIA ETF PSU BANK BEES",B,STK,99.14,99.5,96.22,98.32,98.32,98.39,1290,211303,20592497,
590109,"NIPPON INDIA ETF SHARIAH BEES",B,STK,458.99,460.54,455.6,460,460,459.31,27,437,200394,
590110,"Quantum Nifty 50 ETF",B,STK,264.41,264.41,258.1,258.92,258.8,261.8,44,889,230458,
590113,"NIPPON INDIA ETF HANG SENG BEE",E,STK,512.72,515.28,504.63,510.93,510.43,512.49,337,6253,3192044,
590115,"MOTILAL OSWAL MUTUAL FUND",B,STK,249.97,249.97,245.56,248.98,248.98,248.46,12,2637,656371,
590134,"Madras Fertilizer Limited",B,STK,67,67,63.52,63.88,63.52,65.96,197,7607,491733,
590136,"Kotak Mahindra Mutual Fund - P",B,STK,57.66,57.66,56.43,57.01,56.86,57.75,638,89847,5107862,
590137,"SBI Mutual Fund-Permitted",B,STK,576.1,576.1,560.59,564.85,566.13,571.91,257,3086,1744442,
590138,"SBI Mutual Fund-Permitted",B,STK,255.7,255.7,252.39,253.07,253.71,255.69,740,69300,17542249,
590139,"Kotak Mahindra Mutual Fund - P",B,STK,1094.87,1094.87,1094.85,1094.87,1094.87,1094.71,6,1097,1201051,
590140,"Tata Mutual Fund - Permitted",E,STK,15.16,15.56,15.11,15.52,15.52,15.55,5743,3349429,51886818,
590141,"Nippon India Mutual Fund - Per",B,STK,32.24,33.49,32.24,32.69,32.77,32.78,3635,819733,26752567,
590142,"Nippon India Mutual Fund - Per",B,STK,24.19,24.19,23.7,23.9,23.95,23.97,502,83419,1992143,
590143,"Nippon India Mutual Fund - Per",F,STK,29.39,29.52,29.39,29.52,29.52,29.44,77,112276,3308684,
590144,"Nippon India Mutual Fund - Per",B,STK,210.26,216.62,210.26,215.27,215.27,215.66,1184,45650,9753940,
590145,"Nippon India Mutual Fund - Per",E,STK,245.46,254.5,245.46,253.46,253.46,251.76,11417,1738174,434911637,
590146,"Motilal Oswal Mutual Fund-Perm",E,STK,157.75,158.5,157.12,158.42,158.5,158.24,30,904,142572,
590147,"Motilal Oswal Mutual Fund-Perm",E,STK,259.92,262.57,256,260.55,260.14,261.92,108,2861,741123,
590148,"Motilal Oswal Mutual Fund-Perm",B,STK,15.2,15.48,15.09,15.35,15.4,15.4,258,92298,1415569,
590149,"Motilal Oswal Mutual Fund-Perm",B,STK,45.61,45.81,44.9,45.37,45.5,45.73,358,23708,1072626,
590150,"Motilal Oswal Mutual Fund-Perm",B,STK,73.15,73.16,71.35,72.04,72.4,73.32,649,86094,6205888,
590151,"Motilal Oswal Mutual Fund-Perm",B,STK,48.97,49.1,48.25,48.56,49.09,49.23,330,30200,1464144,
590152,"Motilal Oswal Mutual Fund-Perm",B,STK,91.44,91.44,88.9,90.19,90.54,90.78,1192,187737,16872548,
590153,"Motilal Oswal Mutual Fund-Perm",B,STK,22.5,22.52,22.13,22.38,22.38,22.52,314,60311,1344840,
590154,"Kotak Mahindra Mutual Fund - P",B,STK,45.51,46.59,45.45,46.03,46.45,46.24,273,31346,1433232,
717506,"TVS Motor Company Ltd.",F,STK,10.01,10.15,10.01,10.09,10.09,10.15,352,9409889,94574142,
751088,"Avi Polymers Ltd.",R,STK,0.49,0.49,0.49,0.49,0.49,0.51,92,250216,122605,
751093,"Bhandari Hosiery Exports Ltd.",R,STK,0.03,0.04,0.02,0.03,0.03,0.03,90,402040,12005,
751095,"HealthCare Global Enterprises",R,STK,46,46,27.96,35.71,36.45,46.58,295,6116,216051,
751096,"Enbee Trade & Finance Ltd.",R,STK,0.6,0.6,0.6,0.6,0.6,0,170,115111,69066,
751097,"BLUEGOD ENTERTAINMENT LIMITED",R,STK,0.29,0.29,0.29,0.29,0.29,0,340,357914,103795,
800172,833GOI2026,G,STK,101.2,101.2,101.2,101.2,101.2,101.3,1,901,91181,
800177,920GOI2030,G,STK,115.1,115.7,114.3,115.7,115.7,115.4,7,1188,136544,
800295,"SOVEREIGN GOLD BOND 2019-20 SE",G,STK,15849,15950,15849,15950,15950,15924,4,16,254090,
800297,"SOVEREIGN GOLD BOND 2019-20 SE",G,STK,15752,15752,15697.12,15697.12,15697.12,15812,2,2,31449,
800302,"Sovereign Gold Bonds 2019 - 20",G,STK,15704,15704,15704,15704,15704,15896,1,4,62816,
800312,"Sovereign Gold Bonds 2019-20 S",G,STK,15510,15701,15510,15700,15700,15810,7,16,249224,
800320,"Sovereign Gold Bonds 2020-21 S",G,STK,15999,15999,15849,15849,15849,15752.01,2,4,63846,
800322,"Sovereign Gold Bonds 2020-21 S",G,STK,15701,15797.99,15701,15792,15792,15860,5,8,126165,
800324,"Sovereign Gold Bond 2020-21 IV",G,STK,15711,15795.1,15711,15795.1,15795.1,15862.88,13,20,315487,
800325,"Sovereign Gold Bonds 2020-21 V",G,STK,15780,15899.99,15721,15790,15790,15878.86,44,93,1469696,
800326,68GOI2060,G,STK,104.7,104.7,104.7,104.7,104.7,99.8,1,25000,2617500,
800327,"Sovereign Gold Bonds 2020-21 S",G,STK,15800,15812.99,15700,15706.88,15700,15899.5,12,48,756057,
800329,"Sovereign Gold Bonds 2020-21 S",G,STK,15552.65,15710,15552.65,15701,15701,15899.5,6,20,312496,
800331,"SGB 2020-21 Series IX",G,STK,15726.01,15726.01,15710,15710,15710,15898.6,17,24,377311,
800332,"Sovereign Gold Bonds 2021-21 S",G,STK,15800,15800,15680,15711.01,15711.01,15765,9,18,282906,
800339,"SGB 2020-21 Series XII",G,STK,15727.01,15798.99,15722,15798.99,15798.99,15729.96,7,21,330577,
800340,"SGB 2021-22 Series I",G,STK,15888,15888,15676,15769.07,15788,15967.5,95,216,3414605,
800341,"SGB 2021-22 Series II",G,STK,15796,15796,15796,15796,15796,15832,1,1,15796,
800342,"Sovereign Gold Bonds 2021-22",G,STK,15671,15671,15671,15671,15671,15825.1,1,1,15671,
800367,"Sovereign Gold Bond Series IV",G,STK,15801,15801,15750,15783.67,15750,15767.02,3,3,47351,
800385,"Sovereign Gold Bonds 2021-22 S",G,STK,15905,15905,15905,15905,15905,15828.08,1,1,15905,
800386,"Sovereign Gold Bonds 2021-22 S",G,STK,15778,15999,15778,15939.74,15999,15932,26,31,492936,
800434,"Sovereign Gold Bonds 2021-22 S",G,STK,15750,15838,15750,15832.4,15830,16278.99,15,33,521010,
800435,699GOI2051,G,STK,97.45,97.45,97.45,97.45,97.45,96.2,1,2500,243625,
800436,695GOI2061,G,STK,95.69,95.7,95.5,95.5,95.5,95.2,3,2410,230612,
800437,"Sovereign Gold Bonds 2021-22 S",G,STK,15909,15909,15909,15909,15909,15886.6,1,1,15909,
800439,"Sovereign Gold Bonds 2021-22 S",G,STK,15851.89,15920.38,15850,15920.38,15920.38,15625,6,26,412529,
800441,754GOI2036,G,STK,107.5,107.7,107.5,107.55,107.55,107.7,15,11550,1242247,
800443,"Sovereign Gold Bonds 2022-23 S",G,STK,15950.03,15950.03,15700,15700,15700,15950.03,7,30,474027,
800488,"Sovereign Gold Bonds 2022-23 S",G,STK,15612,15990,15612,15990,15990,15881,6,6,95393,
800489,74GOI2062,G,STK,102,103.35,102,103.35,103.35,103.9,2,2988,304840,
800573,"Soverign Gold Bond 2022-23 Sr",G,STK,15996.99,16125,15996.99,16100,16100,15999,26,55,882222,
800575,"Sovereign Gold Bond 2022-23 Sr",G,STK,16083,16163.41,16068,16068,16068,15989,12,32,517024,
800580,"Sovereign Gold Bonds 2023-24 S",G,STK,16112,16194.98,15912,16105.64,16090.64,16112,13,22,354377,
800581,706GS28M23,G,STK,104.15,104.15,104.15,104.15,104.15,104,1,1000,104150,
800584,73GOI2053,G,STK,100.3,100.3,100.3,100.3,100.3,100,6,1650,165495,
800588,725GOI2063,G,STK,98.6,98.88,98.6,98.88,98.88,98.65,3,1144,112866,
800596,"Sovereign Gold Bonds 2023-24 S",G,STK,16604.27,16604.27,15920,16039.93,16060,16199.29,74,187,2999278,
800603,"Sovereign Gold Bonds 2023-24 S",G,STK,16100,16392.98,16006.34,16286.75,16301,16193.69,48,95,1537609,
800604,733GS26J24,G,STK,102.95,102.95,102.9,102.9,102.9,102.95,3,300,30881,
800605,"Sovereign Gold Bonds 2023-24 S",G,STK,17238.74,17238.74,16427.01,16766.74,16766.74,16818.29,110,290,4870863,
800607,734GOI2064,G,STK,100.85,100.85,100.35,100.35,100.35,100.85,2,800,80530,
800807,709GOI74,G,STK,96.67,96.67,96.67,96.67,96.67,96.67,2,517,49978,
800808,690GOI65,G,STK,95.9,95.9,94.72,95.4,95.4,95.89,12,13020,1235664,
800809,724GOI55,G,STK,99,99,98.1,98.4,98.4,99.2,21,3753,369254,
805157,91TB190326,G,STK,99.46,99.46,99.46,99.46,99.46,99.3,1,100,9946,
805164,182TB90726,G,STK,98,98,98,98,98,0,2,5000,490000,
890197,"Yarn Syndicate Ltd.",X,STK,1.42,1.42,1.04,1.05,1.05,1.3,65,156423,196564,
890202,"SOLARA ACTIVE PHARMA SCIENCES",B,STK,290.2,291.55,290.15,291.5,291.5,291.1,10,78,22668,
890217,"Aplab Ltd.",X,STK,67,67,56.21,61.64,61.64,62.45,28,1105,63058,
890221,"Spandana Sphoorty Financial Li",B,STK,127.4,127.4,111.9,112.8,112.8,119.9,9,555,62212,
890225,"ECO HOTELS AND RESORTS LIMITED",X,STK,5,5,5,5,5,5.1,2,320,1600,
890226,"Suraj Industries Limited.",X,STK,21.96,21.96,21.96,21.96,21.96,8.82,13,119,2613,
890228,"Allcargo Terminals Limited",B,STK,9.2,9.75,9.2,9.75,9.75,9.69,4,355,3322,
890233,"PVV Infra Limited",X,STK,1.5,1.5,1.33,1.38,1.42,1.47,92,1574138,2184832,
912254,"ICIC M6-DDB-21/7/2026",F,STK,98000,98000,98000,98000,98000,97995,1,2,196000,
935514,PFC-7.60%-3B-17-10-35-BOND,F,STK,1178,1178,1178,1178,1178,1200,1,70,82460,
935574,IRFC-7.53%-21-12-30-TAXFREENCD,F,STK,1108,1108,1108,1108,1108,1104.25,2,1885,2088580,
935584,NHAI-7.6%-11-1-31-TAXFREENCD,F,STK,1152.09,1152.09,1150.55,1151.4,1151.05,1152.05,35,6439,7411568,
935638,HUDCO-7.39%-8-2-31-TAXFREENCD,F,STK,1095.5,1095.5,1095.5,1095.5,1095.5,1088.25,1,1,1095,
935642,HUDCO-7.64%-8-2-31-TAXFREENCD,F,STK,1100,1100,1100,1100,1100,1092,2,100,110000,
935666,NHAI-7.69%-9-3-31-TAXFREENCD,F,STK,1120,1120,1120,1120,1120,1122,2,252,282240,
935674,HUDCO-7.69%-15-3-31-TAXFREENCD,F,STK,1101,1101,1101,1101,1101,1107,2,151,166251,
935682,IRFC-7.64%-22-3-31-NCDS,F,STK,1113,1113,1113,1113,1113,1113.9,2,5,5565,
935690,NABARD-7.64%-23-3-31-NCDS,F,STK,1086.15,1086.15,1085.75,1085.87,1085.75,1086,6,211,229145,
935752,MMFSL-9%-6-6-26-NCD,F,STK,1062,1065.75,1062,1063.84,1062.51,1063.26,7,183,194533,
935760,MMFSL-6-6-26-NCD,F,STK,2300.01,2300.01,2203.45,2290,2290,2290,9,227,515102,
935856,SCL-8.65%-26-9-26-NCDS,F,STK,985,985,985,985,985,1000.01,3,19,18715,
935858,SCL-8.85%-26-9-26-NCDS,F,STK,1018,1019.1,1018,1019.1,1019.1,1025.79,3,145,147670,
935860,SCL-9%-26-9-26-NCDS,F,STK,1018.2,1018.2,1018.2,1018.2,1018.2,1020,2,65,66183,
935868,SCL-9.15%-26-9-26-NCDS,F,STK,1030,1030,1030,1030,1030,1030,1,10,10300,
936044,MMFSL-8.00%-24-07-27-NCD,F,STK,1065,1065,1065,1065,1065,1065,1,5,5325,
936132,ECL-9.25%-22-3-28-NCD,F,STK,975.31,975.31,975.31,975.31,975.31,971,1,1,975,
936252,EFL-9.43%-6-8-28-NCD,F,STK,995,995,995,995,995,995,1,25,24875,
936294,TCAP-9.10%-27-9-28-NCD,F,STK,1072,1075,1067,1067.41,1067,1076,6,455,487026,
936322,AHFL-9.75%-29-9-28-NCD,F,STK,1030,1149,1030,1149,1149,1040,2,151,155649,
936384,JMFCSL-10.25%-13-12-28-NCD,F,STK,1034,1035,1034,1035,1035,1030,2,133,137572,
936386,JMFCSL-9.81%-13-12-28-NCD,F,STK,1025,1028,1025,1028,1028,1020,4,127,130256,
936412,MMFSL-9.3%-18-1-27-NCD,F,STK,1098.01,1100,1098.01,1099.61,1099.61,1098.01,10,414,455195,
936416,MMFSL-9.5%-18-1-29-NCD,F,STK,1118,1124,1118,1124,1124,1113.06,6,180,201360,
936492,MFL-ZC-5-5-26-NCD,F,STK,1924.02,1966.8,1924.02,1950,1950,1966,21,241,470072,
936528,LTF-9.35%-13-3-29-NCD,F,STK,1070,1165,1070,1165,1165,1087.45,5,460,500750,
936532,LTF-8.98%-13-3-29-NCD,F,STK,1076,1076,1075,1075,1075,1062.51,4,4,4301,
936574,LTF-9.05%-15-4-27-NCD,F,STK,1092.25,1093,1091.01,1091.01,1091.01,1091,7,119,129969,
936578,LTF-8.7%-15-4-27-NCD,F,STK,1038,1038,1038,1038,1038,1021,1,5,5190,
936798,SFL-ZC-22-8-26-NCD,F,STK,1835,1837,1835,1837,1837,1780,2,50,91800,
936814,TCAP-8.85%-26-8-29-NCD,F,STK,1340,1340,1340,1340,1340,1120,1,100,134000,
936975,ECL-9.95%-28-11-29-NCD,F,STK,990.04,990.04,990.04,990.04,990.04,990.04,11,1476,1461299,
937017,LTF-8.65%-23-12-26-NCD,F,STK,1025,1025,1025,1025,1025,1019,1,2,2050,
937093,NWFL-10.25%-5-2-30-NCD,F,STK,1030,1030,1030,1030,1030,1030,2,1000,1030000,
937373,PFCL-7%-22-1-31-NCD,F,STK,980.05,987.95,980.05,980.12,980.05,982,5,1100,1078070,
937385,PFCL-7.15%-22-1-36-NCD,F,STK,989,989,989,989,989,985,2,100,98900,
937453,IFL-10%-24-6-28-NCD,F,STK,990,991.99,975,989.74,989.99,991.99,13,860,848470,
937455,IFL-9.6%-24-6-28-NCD,F,STK,997.99,997.99,995.25,995.25,995.25,995.8,3,397,395520,
937467,MFL-V-20-4-26-NCD,F,STK,1066,1066,1066,1066,1066,1064,1,5,5330,
937469,MFL-VI-20-4-31-NCD,F,STK,1031.5,1040,1022.5,1040,1040,1031.5,3,610,629975,
937473,MFL-VIII-20-4-26-NCD,F,STK,1415.82,1425,1415.82,1425,1425,1435,6,40,56816,
937495,EFSL-9.16%-29-4-26-NCD,F,STK,995,995,995,995,995,994.05,5,150,149250,
937501,EFSL-9.30%-29-4-31-NCD,F,STK,975,975,975,975,975,960,1,5,4875,
937557,MFCL-ZC-7-5-26-NCD,F,STK,1518,1518,1518,1518,1518,1511.2,1,13,19734,
937577,PFL-8.75%-23-7-26-NCD,F,STK,1042,1042,1042,1042,1042,1042.36,1,20,20840,
937621,IHFL-9.60%-3-11-28-NCD,F,STK,995,997.99,994.5,997.99,997.99,997.89,4,222,221138,
937631,EFSL-9.15%-10-9-26-NCD,F,STK,997,997,997,997,997,998,1,100,99700,
937637,EFSL-9.30%-10-9-31-NCD,F,STK,973,973,973,973,973,973,3,741,720993,
937721,IIFL-8.42%-14-10-26-NCD,F,STK,995,995,995,995,995,990,1,2,1990,
937725,IIFL-ZC-14-10-26-NCD,F,STK,1425,1425,1425,1425,1425,1425,1,130,185250,
937799,EFSL-9.15%-28-12-26-NCD,F,STK,996,996,990,990,990,990,4,772,764400,
937801,EFSL-9.55%-28-12-26-NCD,F,STK,994,994,994,994,994,1000.2,1,25,24850,
937889,MFL-9%-2-2-30-NCD,F,STK,999,999,999,999,999,1000,1,6,5994,
937967,SCL-9.25%-28-4-27-NCD,F,STK,1042.5,1050,1042.5,1050,1050,1050,3,68,71090,
938005,NIDO-9.30%-29-4-32-NCD,F,STK,960,960,960,960,960,960,1,69,66240,
938007,NIDO-9.70%-29-4-32-NCD,F,STK,1028.95,1028.95,1028.95,1028.95,1028.95,1028.8,1,8,8231,
938021,MFL-VI-5-5-32-NCD,F,STK,1003,1003,1003,1003,1003,1003,1,170,170510,
938105,NWIL-9.16%-15-7-27-NCD,F,STK,995.04,995.04,995.04,995.04,995.04,990,1,414,411946,
938109,NWIL-15-7-27-NCD,F,STK,1260,1260,1260,1260,1260,1410,1,4,5040,
938135,MFL-8.35%-6-9-26-NCD,F,STK,995,995,995,995,995,994,1,30,29850,
938180,SCL-9.15%-28-9-27-NCD,F,STK,981,981,981,981,981,975.9,1,10,9810,
938212,EFSL-9.35%-20-10-27-NCD,F,STK,990.4,990.4,990,990,990,991.9,5,15,14851,
938218,EFSL-9.65%-20-10-32-NCD,F,STK,979.8,979.8,979.8,979.8,979.8,979.8,2,25,24495,
938220,EFSL-10.10%-20-10-32-NCD,F,STK,993.5,993.5,993.5,993.5,993.5,999.99,1,20,19870,
938224,NHIT-25-10-40-INVIT,F,STK,316,316.02,315,316.02,316.02,315,7,1350,426039,
938258,SCL-9.15%-03-11-27-NCD,F,STK,980,980,980,980,980,975,1,102,99960,
938268,MFL-3-11-27-NCD,F,STK,1298.95,1298.95,1298.95,1298.95,1298.95,1265,2,917,1191137,
938294,MFL-ZC-23-12-27-NCD,F,STK,1252.02,1271,1252,1271,1271,1266,4,383,479579,
938320,SCL-9.39%-28-12-27-NCD,F,STK,383.25,383.25,383.25,383.25,383.25,447.99,1,1,383,
938368,"EFSL-Zero Coupon-20-1-28-NCD",F,STK,1311.1,1330,1311.1,1330,1330,1322.8,2,56,73913,
938370,EFSL-10%-20-1-33-NCD,F,STK,982,985,981.79,983.1,985,979.99,5,1690,1661446,
938382,IIFL-8.65%-25-1-28-NCD,F,STK,990,990,990,990,990,990,3,200,198000,
938444,MFL-10-4-26-NCD,F,STK,1257,1257,1252.1,1252.1,1252.1,1258,2,102,128106,
938518,EFSL-9.20%-27-4-26-NCD,F,STK,999.99,999.99,995,995,995,997.14,13,313,311485,
938524,EFSL-9.67%-27-4-28-NCD,F,STK,1005,1005,1000,1005,1005,990.01,3,100,100375,
938528,EFSL-27-4-28-NCD,F,STK,1318.55,1318.55,1318,1318.55,1318.55,1261.2,3,378,498208,
938540,KFL-9%-28-4-26-NCD,F,STK,881.04,881.04,881.04,881.04,881.04,992,1,80,70483,
938608,SFL-08-06-30-NCD,F,STK,1155,1155,1155,1155,1155,1176,1,1,1155,
938622,IML-23-6-29-NCD,F,STK,1290,1290,1290,1290,1290,1290,3,30,38700,
938632,IFL-8.65%-18-6-28-NCD,F,STK,995,995,982,982,982,986.7,5,455,452660,
938634,IIFL-9%-28-6-28-NCD,F,STK,1035.2,1035.2,1035.2,1035.2,1035.2,1045,1,140,144928,
938652,EFSL-9.20%-21-7-26-NCD,F,STK,998,998,998,998,998,992,3,101,100798,
938654,EFSL-9.60%-21-7-26-NCD,F,STK,1053.8,1054,1053.8,1054,1054,1054.8,2,129,135960,
938656,EFSL-21-7-26-NCD,F,STK,1266.8,1266.8,1253.2,1253.2,1253.2,1266.85,3,103,129140,
938660,EFSL-10.10%-21-7-28-NCD,F,STK,1035,1035,1035,1035,1035,1041.8,1,10,10350,
938666,EFSL-10.45%-21-7-33-NCD,F,STK,1022.2,1022.2,1022.2,1022.2,1022.2,1022.2,1,50,51110,
938694,SCL-9.17%-27-7-28-NCD,F,STK,900,900,800,800,800,750,2,4,3500,
938706,PFC-7.55%-1-8-38-NCD,F,STK,1055,1055,1055,1055,1055,1058.98,5,173,182515,
938742,CAGL-9.70%-7-9-28-NCD,F,STK,1022.9,1023,1022.9,1022.96,1023,1024,3,163,166742,
938772,NHFL-9.60%-15-9-26-NCD,F,STK,1030,1030,1030,1030,1030,1035,1,100,103000,
938858,KFL-9.25%-27-9-26-NCD,F,STK,970.21,970.21,970.21,970.21,970.21,954,1,143,138740,
938908,EFSL-ZC-26-10-28-NCD,F,STK,1220,1220,1220,1220,1220,1228.8,1,86,104920,
938910,EFSL-10%-26-10-33-NCD,F,STK,1000,1000,1000,1000,1000,995,1,50,50000,
938942,CCIL-11.50%-2-11-28-NCD,F,STK,1048,1048,1048,1048,1048,1000,1,3,3144,
939056,ISFL-10.50%-21-12-28-NCD,F,STK,976.01,976.01,976.01,976.01,976.01,1007,1,10,9760,
939090,MML-10.50%-21-12-28-NCD,F,STK,983,983,983,983,983,981,1,20,19660,
939168,KFL-ZC-17-5-31-NCD,F,STK,1100,1100,1100,1100,1100,1000,1,7,7700,
939182,360OPL-9.26%-18-1-29-NCD,F,STK,1009.99,1009.99,1009.99,1009.99,1009.99,1009.99,1,10,10099,
939190,EFSL-9.20%-29-1-27-NCD,F,STK,990,990,990,990,990,990,3,42,41580,
939194,EFSL-29-1-27-NCD,F,STK,1192.81,1192.81,1187,1187,1187,1192.8,3,150,178282,
939216,MFL-25-1-27-NCD,F,STK,1188,1188,1188,1188,1188,1193,1,110,130680,
939305,NHFL-10.50%-1-3-29-NCD,F,STK,975,1000.1,975,1000.1,1000.1,840,2,16,15625,
939335,NFL-10.65%-13-3-27-NCD,F,STK,1010,1010,1008,1008,1008,1010,2,60,60580,
939409,EFSL9.6%-29-4-27-NCD,F,STK,1050.2,1050.2,1040,1040,1040,1040,2,300,313836,
939425,EFSL-10.10%-29-4-29-NCD,F,STK,1050,1050,1031,1031,1031,1050,2,35,36465,
939435,EFSL-10.10%-29-4-29-NCD,F,STK,1044.99,1044.99,1044.99,1044.99,1044.99,1045.99,8,72,75239,
939443,MFCL-8.90%-30-6-26-NCD,F,STK,990.2,990.2,990.2,990.2,990.2,990.2,2,60,59412,
939449,MFCL-9.55%-30-4-30-NCD,F,STK,995,996,995,996,996,990.22,4,175,174175,
939541,SCL-10.75%-31-5-34-NCD,F,STK,982.2,982.2,982.2,982.2,982.2,980.19,1,70,68754,
939589,NHFL-10.03%-3-7-29-NCD,F,STK,1000.5,1000.5,1000.5,1000.5,1000.5,1000.5,1,4,4002,
939617,EFSL-9.57%-26-7-27-NCD,F,STK,990,990,988,988,988,989.5,7,362,358034,
939623,EFSL-10.04%-26-7-29-NCD,F,STK,1000,1000,1000,1000,1000,1000,1,25,25000,
939633,EFSL-11%-26-7-34-NCD,F,STK,1042,1042,1042,1042,1042,1030,1,1,1042,
939639,SMCGSL-10%-07-8-26-NCD,F,STK,1050,1050,1050,1050,1050,1048,1,10,10500,
939651,SMCGSL-ZC-07-08-27-NCD,F,STK,1152,1157,1152,1157,1157,1155,7,137,158056,
939675,KAFL-10.25%-7-8-27-NCD,F,STK,1000,1000,1000,1000,1000,0,1,25,25000,
939727,AEL-9.65%-12-9-27-NCD,F,STK,1053,1059,1053,1053,1053,1054.5,10,486,511788,
939741,MFCL-9.45%-16-9-29-NCD,F,STK,1000,1000,1000,1000,1000,1000,1,24,24000,
939751,MFCL-10.10%-16-9-30-NCD,F,STK,1056,1056,1056,1056,1056,1052,1,10,10560,
939753,MFCL-16-9-26-NCD,F,STK,1132,1132,1132,1132,1132,1118.8,1,40,45280,
939837,UCL-10.40%-24-4-27-NCD,F,STK,1000,1000,1000,1000,1000,1000,7,10,10000,
939845,EFSL-10%-24-10-27-NCD,F,STK,1012,1020,1010.2,1012.55,1010.2,1020,8,810,819960,
939859,EFSL-11%-24-10-34-NCD,F,STK,1041.5,1041.5,1041.5,1041.5,1041.5,1041.5,1,50,52075,
939871,MFCL-9.40%-30-10-26-NCD,F,STK,1028,1028,1028,1028,1028,1027,1,150,154200,
939979,IHFL-9%-26-12-27-NCD,F,STK,1022.5,1022.73,1022.5,1022.61,1022.73,1022.5,2,116,118622,
940005,SCL-9.9%-27-12-27-NCD,F,STK,990,1099,990,1099,1099,990,3,1001,991099,
940067,MFLIII-10.10%-10-1-31-NCD,F,STK,1024.3,1025,1024.3,1025,1025,1024.3,5,76,77899,
940085,CCIL-12%-16-1-30-NCD,F,STK,1000,1000,1000,1000,1000,1000,1,9,9000,
940101,EFSL-9.57%-24-1-28-NCD,F,STK,990,990,990,990,990,995,1,4,3960,
940103,EFSL-10%-24-1-28-NCD,F,STK,990,992,990,992,992,1000,12,1100,1090800,
940107,EFSL-10.04%-24-1-30-NCD,F,STK,1000,1000,969.01,970.2,970.2,999,8,137,136692,
940163,MFLIV-9.45%-24-2-30-NCD,F,STK,1000,1000,1000,1000,1000,1000,1,300,300000,
940179,MFLIV-24-2-27-NCD,F,STK,1067.5,1067.5,1067.5,1067.5,1067.5,1076,1,20,21350,
940227,PCL-13%-20-3-30-NCD,F,STK,1002,1018,950,950,950,1018,7,857,822829,
940235,NHFL-9.58%-3-4-28-NCD,F,STK,989,989,989,989,989,989,1,55,54395,
940279,MML-10%-26-05-26-NCD,F,STK,991.1,991.1,991.1,991.1,991.1,991.34,1,10,9911,
940287,MML-20-05-31-NCD,F,STK,1015,1055,1015,1055,1055,1011,3,71,74105,
940299,IIFL-9.75%-21-4-28-NCD,F,STK,1115,1115,1094.7,1094.7,1094.7,1115,3,532,591251,
940305,IIFL-10.25%-21-4-30-NCD,F,STK,1164,1164,1164,1164,1164,1075,3,318,370152,
940317,SMCGSL-10%-24-04-27-NCD,F,STK,1075,1075,1075,1075,1075,1075,3,100,107500,
940321,SMCGSL-10.25%24-04-28-NCD,F,STK,1094.71,1094.71,1094.71,1094.71,1094.71,1108,1,9,9852,
940325,SMCGSL-10.03%-24-04-30-NCD,F,STK,1000,1000,1000,1000,1000,1007.95,3,46,46000,
940339,EFSL-10.04%-30-04-30-NCD,F,STK,1000,1000,1000,1000,1000,1000,1,120,120000,
940347,EFSL-10.49%-30-04-35-NCD,F,STK,1017.5,1017.5,1000.01,1000.01,1000.01,1010,2,15,15175,
940349,EFSL-11%-30-04-35-NCD,F,STK,1080,1080,1055.2,1073.8,1073.8,1073.8,4,152,161370,
940387,MFL-9.25%-19-5-28-NCD,F,STK,996,996,996,996,996,960,1,50,49800,
940415,CCIL-12%-19-6-30-NCD,F,STK,1005,1005,1005,1005,1005,1025,1,10,10050,
940417,CCIL-21-6-26-NCD,F,STK,1040,1040,1040,1040,1040,1040,1,150,156000,
940419,CCIL-19-6-27-NCD,F,STK,1000,1000,1000,1000,1000,1000,1,10,10000,
940423,NHFL-9.25%-02-07-27-NCD,F,STK,1032.2,1032.2,1032.2,1032.2,1032.2,1032.2,1,15,15483,
940427,NHFL-9.57%-02-07-28-NCD,F,STK,989,989,989,989,989,989,1,57,56373,
940437,NHFL-02-07-30-NCD,F,STK,960,960,960,960,960,960,1,5,4800,
940443,MFCL-8.85%-16-7-27-NCD,F,STK,986.33,986.33,986.33,986.33,986.33,995.5,1,20,19726,
940449,MFCL-9.40%-16-7-31-NCD,F,STK,995,1000,995,1000,1000,995,3,105,104600,
940459,MFCL-16-7-27-NCD,F,STK,1029.25,1029.25,1029.2,1029.2,1029.2,1029.2,2,70,72046,
940473,AEL-9.15%-17-07-28-NCD,F,STK,1059.98,1059.98,1059.98,1059.98,1059.98,1056,1,1,1059,
940477,AEL-9%-17-07-30-NCD,F,STK,1021,1021,1021,1021,1021,1018,3,200,204200,
940483,KFL-23-1-27-NCD,F,STK,1020.55,1020.55,1020.55,1020.55,1020.55,1037.8,1,10,10205,
940497,KFL-10%-23-7-30-NCD,F,STK,968,968,968,968,968,840,3,501,484968,
940501,EFSL-9.35%-24-7-28-NCD,F,STK,980,980,980,980,980,981.35,4,11,10780,
940519,EFSL-10.50%-24-7-35-NCD,F,STK,1034.8,1034.8,1021,1021,1021,1022,3,13,13286,
940521,EFSL-10.5%-24-7-35-NCD,F,STK,1015.2,1015.2,1014.99,1015.2,1015.2,1025,5,249,252782,
940523,KAFL-9.5%-1-9-26-NCD,F,STK,970.21,990,970.21,990,990,990.85,2,237,230038,
940529,KAFL-10%-27-7-27-NCD,F,STK,965,965,965,965,965,975,1,5,4825,
940543,MML-9.50%-4-9-26-NCD,F,STK,1000.55,1000.65,1000.55,1000.56,1000.65,990.65,11,88,88049,
940545,MML-4-9-26-NCD,F,STK,1049,1049,1049,1049,1049,1049.8,1,100,104900,
940551,MML-29-10-31-NCD,F,STK,1060,1060,1060,1060,1060,1060,1,40,42400,
940603,IFL-11%-20-8-27-NCD,F,STK,985,985,985,985,985,984,1,1,985,
940607,IFL-12%-20-8-30-NCD,F,STK,1000,1000,1000,1000,1000,1000,1,10,10000,
940631,SFL-29-8-30-NCD,F,STK,965.3,965.3,965.3,965.3,965.3,965.3,1,10,9653,
940641,MML-10.25%-29-8-30-NCD,F,STK,990,1006,990,1006,1006,1001,21,1801,1783006,
940643,MML-10.5%-29-8-30-NCD,F,STK,1007.2,1007.2,1007.2,1007.2,1007.2,1007.2,1,10,10072,
940649,NHFL-9.35%-10-09-28-NCD,F,STK,990,990,990,990,990,982.5,3,38,37620,
940655,NHFL-9.80%-10-09-30-NCD,F,STK,950,950,940,940,940,985,4,4540,4267610,
940657,NHFL-10.25%-10-09-30-NCD,F,STK,1011.5,1011.5,1011.5,1011.5,1011.5,1011.5,1,1,1011,
940659,NHFL-10-09-30-NCD,F,STK,1009,1009,1009,1009,1009,1009,1,1,1009,
940663,NHFL-10.50%-10-09-35-NCD,F,STK,1015,1015,1015,1015,1015,1028.58,1,10,10150,
940673,EFSL-7-10-28-NCD,F,STK,1000,1000,1000,1000,1000,1000,1,14,14000,
940675,EFSL-9.58%-7-10-30-NCD,F,STK,930,998,930,983,983,975,19,6775,6354725,
940681,EFSL-9.80%-7-10-35-NCD,F,STK,980,980,980,980,980,980,1,7,6860,
940683,EFSL-10.25%-7-10-35-NCD,F,STK,995.2,995.2,995.2,995.2,995.2,995.2,2,20,19904,
940685,SMC-8%-13-10-29-MB,F,STK,510,510,510,510,510,505.06,1,50,25500,
940691,CGCL-8.9%-13-4-27-NCD,F,STK,1012,1012,1012,1012,1012,1007,2,3,3036,
940699,CGCL-9.7%-13-10-35-NCD,F,STK,1010,1010,1010,1010,1010,1025,1,10,10100,
940701,IML-9%-31-10-26-NCD,F,STK,960,960,953.5,953.5,953.5,993.65,2,4,3820,
940705,IML-9.75%-30-10-27-NCD,F,STK,987,987.13,987,987.13,987.13,984.66,2,11,10857,
940709,IML-10.25%-30-10-28-NCD,F,STK,986,998,981,998,998,986,7,184,181407,
940713,IML-11.25%-30-10-30-NCD,F,STK,1015.99,1015.99,1015,1015.85,1015.85,1006,5,260,264093,
940715,IML-30-10-31-NCD,F,STK,982.03,985,982.02,982.02,982.02,982.02,7,157,154475,
940725,SGSL-9.8%-30-10-30-NCD,F,STK,999,999,999,999,999,990,1,5,4995,
940743,KFL-09-11-32-NCD,F,STK,984,984,984,984,984,984,1,70,68880,
940747,CCIL-10.90%-10-11-27-NCD,F,STK,960,960,960,960,960,992,17,214,205440,
940765,ICLFL-12%-02-12-30-NCD,F,STK,993,1000,970,970,970,995,9,125,123970,
940777,ICLFL-02-10-31-NCD,F,STK,846.99,846.99,846.99,846.99,846.99,846.99,2,3,2540,
940783,EFSL-9.03%-12-12-28-NCD,F,STK,996,996,990,990,990,990,2,11,10950,
940789,EFSL-9.44%-12-12-30-NCD,F,STK,990,990,990,990,990,990,1,1,990,
940795,EFSL-9.67-12-12-35-NCD,F,STK,961,975,960,975,975,980,37,1513,1454723,
940797,EFSL-10.10%-12-12-35-NCD,F,STK,1020,1020,1020,1020,1020,1021,1,25,25500,
940799,KAFL-9.50%-19-1-27-NCD,F,STK,978,978,978,978,978,967,2,52,50856,
940801,KAFL-16-4-27-NCD,F,STK,1000,1000,1000,1000,1000,1000,1,10,10000,
940821,MML-9.5%-23-01-27-NCD,F,STK,985,987,955.1,962.71,955.1,965.85,10,56,54252,
940833,MML-10.75%-19-12-30-NCD,F,STK,1005,1005,1005,1005,1005,1005,1,10,10050,
940835,MML-19-3-32-NCD,F,STK,990.78,990.78,990.78,990.78,990.78,990.78,1,10,9907,
940837,PCL-12.5%-29-12-28-NCD,F,STK,1000,1000,1000,1000,1000,1000,5,121,121000,
940841,PCL-13%-29-12-30-NCD,F,STK,1000,1000,1000,1000,1000,1000,6,124,124000,
940847,AEL-8.48%-12-1-29-NCD,F,STK,1005,1010,1005,1010,1010,1012.8,3,10,10060,
940849,AEL-8.75%-12-1-29-NCD,F,STK,1030,1030,1030,1030,1030,1002,1,30,30900,
940855,AEL-8.90%-12-1-31-NCD,F,STK,1011.99,1011.99,1008,1008,1008,1009.05,13,347,350504,
940859,MFL-8.37%-12-2-28-NCD,F,STK,955,985,955,965.6,965.6,981,16,325,313255,
940861,MFL-8.52%-12-2-29-NCD,F,STK,968,970,968,970,970,968,6,77,74670,
940864,MFL-8.75%-12-2-32-NCD,F,STK,990,990,990,990,990,990,1,100,99000,
940866,MFL-8.7%-12-2-28-NCD,F,STK,974.5,980,963,964.55,980,975,6,241,234826,
940868,MFL-8.85%-12-2-29-NCD,F,STK,990,990,990,990,990,990,1,1,990,
940872,MFL-9.1%-12-2-32-NCD,F,STK,950,969.99,950,961.47,962.01,960.06,7,81,77199,
940882,KFL-19-5-27-NCD,F,STK,951,951,951,951,951,951,1,10,9510,
940886,KFL-9%-19-2-29-NCD,F,STK,960,960,940,945.5,940,960,6,22,21043,
940894,KFL-10%-19-2-31-NCD,F,STK,1006,1008,1006,1008,1008,1008,4,60,60450,
940898,ICLFL-10%-23-03-27-NCD,F,STK,960,970,960,960,960,955,11,256,246720,
940902,ICLFL-11%-23-02-29--NCD,F,STK,984,984,959,960,960,950,5,29,27888,
940904,ICLFL-11.50%-23-02-31-NCD,F,STK,990,990,990,990,990,984,1,1,990,
940906,ICLFL-ZC-23-03-27-NCD,F,STK,975,975,975,975,975,965,1,20,19500,
940915,ICLFL-23-02-32-NCD,F,STK,929,929,929,929,929,929,6,36,33444,
940939,IIFL-8.70%-6-3-28-NCD,F,STK,956,956,956,956,956,920,1,10,9560,
954527,EARCL-NIFTY-J8G602C-17-07-26-P,F,STK,261926,261926,261926,261926,261926,261854,2,23,6024298,
958179,APCRDA-10.32%-16-8-27-PVT,F,STK,204000,204000,204000,204000,204000,202500,1,5,1020000,
961708,IIFCLBDIS4,F,STK,3200,3200,3200,3200,3200,3245,1,5,16000,
961713,PFCBS3,F,STK,5384,5385,5384,5385,5385,5385,4,23,123833,
961732,810IRFC2327,F,STK,1053.1,1053.1,1053.06,1053.06,1053.06,1057,3,29,30539,
961734,HUDCO050327,F,STK,1023.6,1023.6,1023.6,1023.6,1023.6,1024,2,100,102360,
961771,708IIFCL33,F,STK,1095,1095,1095,1095,1095,1152,1,45,49275,
961791,879NHPC28,F,STK,1160,1160,1160,1160,1160,1168,1,100,116000,
961792,892NHPC33,F,STK,1286.1,1310,1286.1,1310,1310,1305,6,110,142905,
961798,875IIFCL33,F,STK,1219.8,1219.99,1219.46,1219.82,1219.46,1220.5,5,650,792878,
961803,879PFC28,F,STK,1102.5,1102.5,1100,1102.2,1102.2,1099,3,50,55080,
961810,891NTPC33,F,STK,1234.99,1235,1234.99,1234.99,1235,1229,3,95,117324,
961826,NHAI-8.75%-5-2-29-NCD,F,STK,1087,1087,1085.1,1085.99,1085.99,1088.79,11,57,61903,
961839,IREDA-8.80%-13-03-29-BOND,F,STK,1100,1100,1086,1086,1086,1090,6,400,435800,
961851,KPL-9%-25-3-29-TFBOND,F,STK,1080,1080,1080,1080,1080,1085,1,5,5400,
961885,IRFC-8.88%-19-03-2029-BOND,F,STK,1173.01,1173.01,1173.01,1173.01,1173.01,1169.1,1,5,5865,
961891,IIFCL-8.55%-27-3-34-TFBOND,F,STK,1464.9,1464.9,1464.9,1464.9,1464.9,1464.9,2,314,459978,
961895,IIFCL-8.8%-27-3-29-TFBOND,F,STK,1148.4,1148.4,1104.97,1105.78,1104.99,1165.74,18,3419,3784482,
972655,IFCI-SR-I-10.75%-1-8-26-PVT,F,STK,42760,43529.99,42760,43450.01,43450.01,43601,4,40,1732679,
972691,IFCI-III-D-10.75%-31-10-26-PVT,F,STK,10500,10500,10500,10500,10500,10170,1,10,105000,
972706,IFCI-III-8.75%-12-12-26-C-PVT,F,STK,16000,16061,16000,16061,16061,15600,8,26,416305,
973078,HLFL-9.75%-18-9-26-PVT,F,STK,902000,902000,902000,902000,902000,845000,1,1,902000,
973201,CIFCL-9.20%-PERPETUAL-PVT,F,STK,540385,540385,540385,540385,540385,540259,1,2,1080770,
973491,PFL-6.75%-26-9-31-PVT,F,STK,727.69,727.69,722.35,722.81,724.72,775.25,51,10972,7935186,
974283,UPPCL-9.95%-31-3-27-PVT,F,STK,1026978.4,1026978.4,1026978.4,1026978.4,1026978.4,1022000.01,1,3,3080935,
974635,EEL-ZC-03-4-26-PVT,F,STK,133029,133551,132300,133551,133551,133516,127,1632,217916543,
974720,MFSL-10.75%-27-10-28-PVT,F,STK,100000,100000,100000,100000,100000,99658.11,1,3,300000,
974881,MML-11%-5-6-26-PVT,F,STK,19030,19101,19030,19037.1,19101,20030,3,10,190371,
974963,AUSFB-10.75%-5-1-29-PVT,F,STK,103500,103500,103500,103500,103500,103500,1,1,103500,
975057,ESAFSFBL-11.25%-4-5-29-PVT,F,STK,101510,102500,101510,102500,102500,101500,2,2,204010,
975235,AFPL-12.25%-7-9-29-PVT,F,STK,102500,102500,102500,102500,102500,102000,2,4,410000,
975280,EFL-13%-28-6-29-PVT,F,STK,100100,102000,100100,101800.4,102000,103500,5,6,609102,
975453,MFL-10.05%-31-12-29-PVT,F,STK,100000,100000,100000,100000,100000,102000,3,6,600000,
975520,ESAF-11.10%-20-4-31-PVT,F,STK,99750,99750,99750,99750,99750,99500,1,1,99750,
975562,SSFL-9.81%-2-4-26-PVT,F,STK,99995.95,99995.95,99995.95,99995.95,99995.95,98510.7,1,1,99995,
975625,MML-10%-25-4-27-PVT,F,STK,96750.45,96750.45,96750.45,96750.45,96750.45,99985.85,1,1,96750,
975640,PDL-9.95%-3-5-29-PVT,F,STK,101009,101009,101009,101009,101009,100982,1,1,101009,
975733,AAHL-9.95%-12-6-28-PVT,F,STK,108929.32,108929.32,108929.32,108929.32,108929.32,102000,1,6,653575,
975788,MFL-10.05%-29-04-30-PVT,F,STK,100000,100000,100000,100000,100000,101000,3,5,500000,
975790,USFBL-11%-28-6-31-PVT,F,STK,101502,101502,101000,101000,101000,101501,3,5,506504,
975797,"LAXMI INDIA FINANCE LIMITED",F,STK,35000,35000,35000,35000,35000,40000,1,1,35000,
975897,SCL-9.75%-12-4-28-PVT,F,STK,101500,101500,101500,101500,101500,101500,1,3,304500,
975905,EEL-13-8-27-PVT,F,STK,100219,115126,100219,115126,115126,120180,2,23,2632991,
975955,NFL-27-8-27-PVT,F,STK,99800,99800,99800,99800,99800,99200.55,2,6,598800,
976048,DKGFSPL-11%-27-12-26-PVT,F,STK,4490.65,4490.65,4490.65,4490.65,4490.65,4975,2,3,13471,
976088,KIIFB-9.49%-8-10-32-PVT,F,STK,101318.1,101318.1,101318.1,101318.1,101318.1,103000,1,5,506590,
976231,KSL-10.30%-12-6-26-PVT,F,STK,33000,33001,33000,33001,33001,33500,2,3,99002,
976248,MSFL-ZC-18-12-26-PVT,F,STK,113698,113698,113698,113698,113698,113666,6,51,5798598,
976275,VCL-10.11%-23-12-26-PVT,F,STK,9949.01,9949.01,9949.01,9949.01,9949.01,9951,1,1,9949,
976288,KIIFB-9.4%-30-12-28-PVT,F,STK,99501,102000,99501,102000,102000,101500,2,5,500004,
976289,KIIFB-9.42%-30-12-29-PVT,F,STK,99138.01,99138.01,99138.01,99138.01,99138.01,101500,1,2,198276,
976291,KIIFB-9.4%-30-12-31-PVT,F,STK,102700,102700,102700,102700,102700,102155,2,4,410800,
976292,KIIFB-9.4%-30-12-33-PVT,F,STK,102400,102780,102400,102780,102780,102400,14,25,2569120,
976423,IML-11%-18-8-26-PVT,F,STK,9920.11,9920.11,9920.1,9920.1,9920.1,9997.05,5,59,585285,
976437,NFL-10.60%-21-5-27-PVT,F,STK,9980,9999,9980,9999,9999,9980,2,7,69974,
976489,NFL-10.60%-10-9-26-PVT,F,STK,9955,9955,9870.55,9900,9900,9985,5,16,158535,
976530,MFCL-10.26%-24-12-30-PVT,F,STK,10053,10053,10053,10053,10053,10012.42,1,10,100530,
976533,ESPL-10.9%-4-1-27-PVT,F,STK,100000,100000,100000,100000,100000,100000,1,1,100000,
976552,KIIFB-9.49-25-03-32-PVT,F,STK,102000,102000,102000,102000,102000,102500,1,1,102000,
976554,KIIFB-9.49%-25-03-34-PVT,F,STK,102000,102000,102000,102000,102000,102000,2,21,2142000,
976555,KIIFB-9.49%-25-03-35-PVT,F,STK,102000,102345,99267,102345,102345,102000,8,16,1606050,
976560,DCAL-10%-26-03-27-PVT,F,STK,94016,94016,94010,94010,94010,101200,3,3,282036,
976623,NFL-10.48%-01-06-26-PVT,F,STK,9950,9950,9950,9950,9950,9950,1,6,59700,
976653,KFL-11.30%-30-01-27-PVT,F,STK,56551,56551,56551,56551,56551,56551,1,1,56551,
976685,MFL-11.25%-9-2-27-PVT,F,STK,9957.49,9957.49,9957.49,9957.49,9957.49,9954.28,1,5,49787,
976727,MML-10.75%-27-5-27-PVT,F,STK,98000,99425.11,97001,99425.11,99425.11,98000,3,3,294426,
976751,IML-11.25%-03-02-27-PVT,F,STK,99500,99500,99500,99500,99500,99500,1,2,199000,
976757,MBFL-11.30%-5-6-27-PVT,F,STK,9998,9998,9860.05,9900,9900,9967,3,4,39756,
976767,VCL-9.86%-06-01-27-PVT,F,STK,10013.35,10013.35,10013.35,10013.35,10013.35,9994.45,1,1,10013,
976776,KFL-11.20%-11-12-26-PVT,F,STK,99000,99000,99000,99000,99000,98500,2,2,198000,
976808,NFL-10.75%-19-8-28-PVT,F,STK,10000,10005,10000,10005,10005,10001.05,7,27,270021,
976872,AFL-10.25%-30-06-27-PVT,F,STK,97395,100914,97395,100912,100900,99500,7,18,1781378,
976893,VCL-10%-04-07-28-PVT,F,STK,10005,10005,9990,9995,9990,9984.1,2,3,29985,
976905,ACAPL-9.85%-11-1-27-PVT,F,STK,9661.63,9661.63,9661.63,9661.63,9661.63,9661.63,2,11,106277,
976911,NWIL-9.20%-20-12-27-PVT,F,STK,106563.84,106563.84,106563.84,106563.84,106563.84,106071.62,1,1,106563,
976968,EFCL-30-10-28-PVT,F,STK,105754,105754,105754,105754,105754,97700,2,24,2538096,
976970,NBSPL-10.25%-30-01-27-PVT,F,STK,101135.91,101135.91,101135.91,101135.91,101135.91,101107.51,9,25,2528397,
976985,MCIBPL-ZC-05-08-27-PVT,F,STK,106431,106462,106431,106460.97,106462,106431,2,30,3193829,
977012,KIIFB-9.67%-8-8-35-PVT,F,STK,102075.01,102075.01,102075.01,102075.01,102075.01,102000,2,2,204150,
977017,NFL-10.30%-30-09-27-PVT,F,STK,9940,9945,9940,9945,9945,9945,8,29,288390,
977022,KSL-10.65%-12-08-27-PVT,F,STK,99799,99799,99799,99799,99799,99550,1,1,99799,
977023,CFPL-11%-11-8-27-PVT,F,STK,99001,99001,99001,99001,99001,99600,1,1,99001,
977028,NCL-10.50%-12-2-28-PVT,F,STK,80500,80500,80500,80500,80500,80500,1,1,80500,
977029,KFL-11.40%-12-05-27-PVT,F,STK,98700,98700,98700,98700,98700,99000,1,2,197400,
977038,KFL-10%-30-11-27-PVT,F,STK,9800,9800,9800,9800,9800,9800.55,1,5,49000,
977044,KFL-11.10%-19-8-27-PVT,F,STK,9800,9800,9800,9800,9800,9755.01,1,1,9800,
977068,BRFL-10.95%-29-8-27-PVT,F,STK,10000,10000,10000,10000,10000,10000,1,1,10000,
977073,ESPL-10.70%-6-8-27-PVT,F,STK,99800,99800,99675,99675,99675,99370.01,5,6,598635,
977075,NBFSPL-10.25%-02-03-27-PVT,F,STK,100200,100255.52,100200,100255.52,100255.52,100227.13,2,2,200455,
977093,MSFL-0%-9-9-27-PVT,F,STK,105162,105162,105162,105162,105162,105105,1,5,525810,
977102,MGFL-11%-11-12-26-PVT,F,STK,100106.27,100106.27,100106.27,100106.27,100106.27,99629.45,1,2,200212,
977117,UCL-11.65%-15-3-31-PVT,F,STK,98699,98900,98699,98899,98899,98401,9,25,2472078,
977144,NBSPL-10.25%-23-3-27-PVT,F,STK,101499,101499,101499,101499,101499,102016.25,6,8,811992,
977160,PPL-11%-26-01-27-PVT,F,STK,97950,97950,97950,97950,97950,98000,1,1,97950,
977176,ACAPL-14.35%-28-10-26-PVT,F,STK,7448,7700,7448,7694.5,7699,7600,10,78,585990,
977186,SRFCPL-9.9%-1-11-27-PVT,F,STK,97000,97500,97000,97500,97500,97899.99,2,2,194500,
977226,LLDL-13.50%-30-01-29-PVT,F,STK,101999.99,101999.99,101500,101502,101502,101787.51,6,7,711504,
977241,KRFL-11.40%-24-10-27-PVT,F,STK,9605,9819.99,9605,9784.98,9785,9849,15,129,1263058,
977249,MML-9.30%-27-1-28-PVT,F,STK,9885,9889.99,9735.13,9880.77,9885,9859.17,14,38,375341,
977262,KSL-11.50%-29-03-27-PVT,F,STK,100967.05,100967.05,100967.05,100967.05,100967.05,100967.05,1,1,100967,
977298,ACAPL-12%-17-11-28-PVT,F,STK,9500,9500,9499.94,9499.94,9499.94,9499.74,6,24,227998,
977309,ACAPL-12%-21-05-27-PVT,F,STK,9797,9797,9655,9655,9655,9732.11,2,33,323017,
977367,ACAPL-12%-11-6-27-PVT,F,STK,9821,9821,9651.05,9800,9800,9821,10,56,544847,
977382,UCL-9.99%-16-06-29-PVT,F,STK,9100,9100,9100,9100,9100,9767,1,10,91000,
977411,MGFLD-11%-29-8-27-PVT,F,STK,9950,9950,9801,9801,9801,9950,2,4,39502,
977424,MCIBPL-ZC-31-12-27-PVT,F,STK,102000,102000,101961,101961,101961,102000,3,365,37215960,
977468,KIIFB-9.30%-21-01-30-PVT,F,STK,102045.45,102045.45,102045.45,102045.45,102045.45,100246.45,1,1,102045,
977472,KIIFB-9.30%-21-01-34-PVT,F,STK,102666.18,102666.18,102666.18,102666.18,102666.18,101528.18,1,2,205332,
977474,KIIFB-9.30%-21-01-36-PVT,F,STK,102908.7,102908.7,102908.7,102908.7,102908.7,102883.45,1,5,514543,
977477,NFL-10.75%-31-12-28-PVT,F,STK,10001,10019,10001,10019,10019,9994.1,8,10,100064,
977488,SCNL-12%-23-07-31-PVT,F,STK,99000,99000,99000,99000,99000,100100,3,3,297000,
977532,MSAFL-ZC-6-2-28-PVT,F,STK,100991,101500,100934,100934,100934,100991,24,1826,184306293,
977576,UCIL-13%-24-5-27-PVT,F,STK,9940,9940,9940,9940,9940,9930,1,1,9940,
