SC_CODE,SC_NAME,SC_GROUP,SC_TYPE,OPEN,HIGH,LOW,CLOSE,LAST,PREVCLOSE,NO_TRADES,NO_OF_SHRS,NET_TURNOV,TDCLOINDI
500002,"ABB INDIA LIMITED",A,STK,6049.95,6250,6028.05,6223.45,6223.45,5979.3,3934,59553,367292134,
500003,"AEGIS LOGISTICS LTD.",A,STK,657.2,666,640.9,645.85,649,649.3,1157,48536,31695801,
500008,"Amara Raja Energy & Mobility L",A,STK,788.1,799,780.05,791.25,790.15,786.9,3522,58654,46155261,
500009,"AMBALAL SARABHAI ENTERPRISES L",X,STK,24.65,25.5,24,24.18,24.18,24.28,349,201818,4963798,
500012,"ANDHRA PETROCHEMICALS LTD.",X,STK,38.57,40.15,38.57,39.31,38.91,38.27,274,45396,1781342,
500013,"ANSAL PROPERTIES & INFRASTRUCT",Z,STK,3.83,3.84,3.77,3.77,3.77,3.84,23,75176,283445,
500014,"UTIQUE ENTERPRISES LIMITED",X,STK,4.15,4.3,4,4.1,4.04,4.07,69,11146,46403,
500016,"ARUNA HOTELS LTD.",X,STK,7.3,7.3,6.73,7.03,7.05,7.2,78,12301,86541,
500020,"BOMBAY DYEING & MFG.CO.LTD.",A,STK,104.35,107.4,103,106.9,107.35,102.1,787,46049,4837335,
500023,"ASIAN HOTELS (NORTH) LIMITED",B,STK,294.5,294.5,278.5,281.6,278.5,289.95,68,98,28372,
500027,"ATUL LTD.",A,STK,6200.05,6211.15,5976,6033.05,6033.05,6150.45,446,1460,8858881,
500028,"ATV PROJECTS INDIA LTD.",X,STK,31.01,32.99,30.25,31.94,31.94,31.14,170,12396,392786,
500031,"BAJAJ ELECTRICALS LTD.",A,STK,353.75,381.65,352.9,376.45,377.6,354.35,421,10004,3687862,
500032,"BAJAJ HINDUSTHAN SUGAR LIMITED",A,STK,16.48,16.76,16.21,16.55,16.55,16.4,747,350062,5783051,
500033,"FORCE MOTORS LTD.",A,STK,21269.9,22400,21162.75,22257.3,22257.3,20646.9,4841,16130,351749475,
500034,"BAJAJ FINANCE LIMITED",A,STK,954.3,954.3,931.8,940.25,940.25,938.45,6074,189035,178048333,
500038,"BALRAMPUR CHINI MILLS LTD.",A,STK,480,508,478.6,506.45,507,492.8,2346,96442,47155407,
500039,"BANCO PRODUCTS (INDIA) LTD.",A,STK,578.15,578.15,565,571.15,571.35,561.1,530,9461,5382599,
500040,"ADITYA BIRLA REAL ESTATE LIMIT",A,STK,1198.4,1211.55,1170.4,1175.85,1175.85,1189.25,423,5205,6162399,
500041,"BANNARI AMMAN SUGARS LTD.",B,STK,3606,3606,3606,3606,3606,3554,1,1,3606,
500042,"BASF INDIA LTD.",A,STK,3324.8,3474,3324.8,3461.35,3453.6,3310.5,213,816,2775636,
500043,"BATA INDIA LTD.",A,STK,718.45,727.05,711.15,716.9,716.9,716.8,772,12446,8919117,
500048,"BEML LTD.",A,STK,1600.05,1622.6,1580,1610.9,1616.1,1577.55,793,16042,25655887,
500049,"BHARAT ELECTRONICS LTD.",A,STK,464,466.05,453.55,463.4,463.4,457.5,14681,1050991,482861517,
500051,"BHAGAWATI GAS LIMITED",X,STK,1.12,1.12,1.12,1.12,1.12,1.07,3,3001,3361,
500052,"BHANSALI ENGINEERING POLYMERS",B,STK,77.5,80.94,77.5,80.54,80.6,77.42,390,32693,2606498,
500058,"BIHAR SPONGE IRON LTD.",XT,STK,11.25,11.58,11,11.47,11.54,11.16,62,10437,117571,
500059,"BIL VYAPAR LIMITED",T,STK,6.53,6.7,6.34,6.7,6.7,6.53,10,6300,41957,
500060,"Birla Cable Limited",B,STK,132.45,136.55,132.45,135.3,135.3,132.75,194,1098,148828,
500067,"BLUE STAR LTD.",A,STK,1882.8,1931.2,1873.1,1885.6,1885.6,1875.6,2609,22811,43447120,
500068,"DISA INDIA LTD.",B,STK,11889,12338.95,11632,11727.2,11720,11502.35,134,184,2176570,
500069,"QUEST CAPITAL MARKETS LIMITED",X,STK,254.5,272.4,254.5,261.7,266,255.75,14,223,59744,
500074,"BPL LTD.",B,STK,52.15,52.9,51.25,51.81,51.81,50.71,194,5010,259979,
500078,"ORIENTAL AROMATICS LIMITED",B,STK,245.6,260.8,245.6,256.9,256.95,242.55,236,7056,1775349,
500083,"CENTURY EXTRUSIONS LTD.",B,STK,19.75,20.99,19.75,20.44,20.2,20.11,59,11236,229515,
500084,"CESC LTD.",A,STK,152,155.2,151.15,154.6,155.2,150.35,1455,119161,18276172,
500085,"CHAMBAL FERTILISERS & CHEMICAL",A,STK,416.3,442,415.3,431.5,431.5,412.45,3322,154232,66699420,
500086,"EXIDE INDUSTRIES LTD.",A,STK,310.8,318.7,309,316.55,316.55,308.95,3542,111103,34792672,
500087,"CIPLA LTD.",A,STK,1322,1340,1317,1333.1,1333.1,1325.15,3100,36972,49103379,
500089,"DIC INDIA LTD.",B,STK,505.45,535,500.3,535,535,539.4,22,658,332858,
500092,"CRISIL LTD.",A,STK,4200.85,4251.65,4162,4239.7,4245,4173.75,490,11576,48411967,
500093,"CG Power and Industrial Soluti",A,STK,704.2,732,703.95,727.85,727.85,697.25,5172,268971,193647552,
500096,"DABUR INDIA LTD.",A,STK,470.55,482.85,470.55,481.3,481.3,466.65,1152,1035001,492714405,
500097,"DALMIA BHARAT SUGAR AND INDUST",B,STK,312.95,320.6,309.05,314.25,315.45,312.05,446,10211,3202099,
500101,"ARVIND LTD.",A,STK,331.4,336.65,331.4,334.95,335,331.3,480,9394,3144345,
500103,"BHARAT HEAVY ELECTRICALS LTD.",A,STK,259,261.95,252.8,258.55,259,255.25,3385,227190,58399752,
500104,"HINDUSTAN PETROLEUM CORPORATIO",A,STK,396,406.75,381.1,387.75,387.75,384.8,8779,343412,133123461,
500106,"IFCI LTD.",A,STK,53.25,53.83,52.82,53.7,53.7,52.02,2143,491416,26157401,
500108,"MAHANAGAR TELEPHONE NIGAM LTD.",B,STK,25.01,26.5,25.01,26.18,26.5,25.37,756,205133,5337817,
500109,"MANGALORE REFINERY & PETROCHEM",A,STK,196.4,198,186.55,193.6,194.75,190,4674,434629,83822637,
500110,"CHENNAI PETROLEUM CORPORATION",A,STK,954.75,972.35,916.95,929.3,929.3,939.4,6144,219561,205440429,
500112,"STATE BANK OF INDIA",A,STK,1111,1120.5,1104.5,1112.35,1112.35,1098.7,21123,1286756,1431462759,
500113,"STEEL AUTHORITY OF INDIA LTD.",A,STK,151.65,153.45,148.3,149.8,149.8,149.65,4838,666382,100121087,
500114,"TITAN COMPANY LIMITED",A,STK,4193.85,4242.65,4182,4218.45,4214.5,4157.25,4120,40809,171783722,
500116,"IDBI BANK LTD.",A,STK,101.2,103.95,98.55,103.15,103.15,99,4553,915208,92758075,
500117,"DCW LTD.",B,STK,40.81,45.43,40.81,44.53,43.78,40.78,1093,118142,5130296,
500119,"DHAMPUR SUGAR MILLS LTD.",B,STK,127.5,129.4,124.4,126.95,126.95,126.8,295,18955,2395744,
500120,"DIAMINES & CHEMICALS LTD.",B,STK,222.2,226.55,220.85,222.5,221.5,222.3,79,1988,443402,
500123,"ELANTAS BECK INDIA LTD.",B,STK,7800,8498.9,7800,8334.15,8334.15,7804,432,2726,22249366,
500124,"DR.REDDYS LABORATORIES LTD.",A,STK,1281.9,1329,1281.9,1313.9,1315.7,1286.4,2855,39528,51977324,
500125,"E.I.D.-PARRY (INDIA) LTD.",A,STK,804.05,831.15,797.1,826.85,824.45,794.85,853,6319,5162633,
500126,"PROCTER & GAMBLE HEALTH LIMITE",A,STK,4850,4932.15,4828.6,4894.2,4880.5,4834.75,167,503,2453921,
500128,"ELECTROSTEEL CASTINGS LTD.",A,STK,61.3,63.24,61.3,63,63,61.2,640,75026,4671331,
500133,"ESAB INDIA LTD.",A,STK,5289.5,5409.5,5227.05,5317.25,5301,5271.25,50,141,753172,
500135,"EPL LIMITED",A,STK,194.05,198,191.85,196.05,198,193,420,13996,2728648,
500136,"ESTER INDUSTRIES LTD.",B,STK,95.6,96.1,94.55,95.95,96.1,93.5,112,7444,709033,
500142,"FGP LTD.",X,STK,9.02,9.75,9,9.01,9.01,9,25,12685,114324,
500143,"PH CAPITAL LTD.",XT,STK,580,600,550,590,590,578.3,54,1353,784455,
500144,"FINOLEX CABLES LTD.",A,STK,972,993.4,923.1,928.85,928.85,963.05,4390,90431,86906777,
500147,"JOHN COCKERILL INDIA LIMITED",B,STK,4848,4850,4756,4776.95,4790,4810.05,407,3620,17368482,
500148,"UFLEX LTD.",B,STK,453.75,464.75,447,450.15,448.5,448.8,379,5988,2708640,
500150,"FOSECO INDIA LTD.",B,STK,5102,5141.25,5072,5095.6,5095.6,4912.25,14,21,107215,
500151,"GOLDEN TOBACCO LTD.",Z,STK,28,28.99,28,28.21,28.21,28.02,12,662,18659,
500153,"GANESH BENZOPLAST LTD.",B,STK,77.4,77.97,76.11,76.56,76.56,76.17,58,4351,333802,
500159,"METROGLOBAL LIMITED",X,STK,107.15,109.85,106,109.7,109.8,105.15,9,347,37919,
500160,"GTL LTD.",B,STK,6.9,6.9,6.61,6.78,6.8,6.6,214,57872,390514,
500163,"GODFREY PHILLIPS INDIA LTD.",A,STK,2018.5,2067.1,2012.95,2059.1,2059.1,2004.35,1338,17939,36642472,
500164,"GODREJ INDUSTRIES LTD.",A,STK,915.7,929.85,910.9,912.6,911.1,915.45,269,3283,3002845,
500165,"KANSAI NEROLAC PAINTS LTD.",A,STK,187.3,188.5,184.85,185.75,185.65,185.35,825,19697,3659859,
500166,"GOODRICKE GROUP LTD.",X,STK,153.8,153.8,146.6,149.1,147.15,146.95,85,3043,450957,
500168,"GOODYEAR INDIA LTD.",B,STK,771,813.8,770,782.25,780,768.1,377,4409,3425118,
500170,"GTN INDUSTRIES LTD.",X,STK,23,23.2,20.75,22.8,22.8,23.3,15,341,7821,
500171,"GHCL LTD.",A,STK,456.8,464.7,453.8,463.3,463.25,456.75,246,3950,1815136,
500173,"GFL LIMITED",B,STK,42.69,44.1,42.23,44.1,44.1,42.72,139,10639,455379,
500174,"GUJARAT LEASE FINANCING LTD.",T,STK,5.89,5.89,5.89,5.89,5.89,6.2,1,3000,17670,
500179,"HCL INFOSYSTEMS LTD.",B,STK,12.51,12.56,12.21,12.27,12.3,12.25,293,37044,457870,
500180,"HDFC BANK LTD.",A,STK,847.6,857,842.1,849.1,849.1,839.2,21000,1212888,1031691200,
500182,"HERO MOTOCORP LTD.",A,STK,5539.5,5729.95,5535.25,5709.6,5709.6,5482.35,5002,21070,118900325,
500183,"HFCL LIMITED",A,STK,69,70.45,68.74,69.85,69.85,68.4,2427,716420,49939610,
500184,"Himadri Speciality Chemical Lt",A,STK,448.05,455,439.55,450.7,450.7,440.6,1801,79035,35219269,
500185,"HINDUSTAN CONSTRUCTION CO.LTD.",A,STK,16.48,16.48,15.46,16.06,16.06,15.44,1595,1098825,17457510,
500186,"HINDUSTAN OIL EXPLORATION CO.L",B,STK,164.9,164.9,145.1,147,147,165.1,2155,200439,30746311,
500187,"AGI GREENPAC LIMITED",A,STK,491.15,511.3,491.15,509.55,505,488.35,520,14534,7300544,
500188,"HINDUSTAN ZINC LTD.",A,STK,587.95,591,580.05,590,590,575,5257,184650,108284869,
500189,"NDL Ventures Limited",B,STK,114.25,118,114,117.4,117.9,110.9,35,1068,123975,
500191,"HMT LTD.",Z,STK,65,65,61.96,61.96,61.96,65.22,111,7161,445278,
500192,"PRAG BOSIMI SYNTHETICS LTD.",X,STK,1.67,1.8,1.67,1.79,1.79,1.72,29,5928,10382,
500193,"HLV LIMITED",B,STK,7.69,7.82,7.43,7.69,7.68,7.33,96,50861,388839,
500199,"I G PETROCHEMICALS LTD.",B,STK,329,338.6,323.7,335.35,335.3,328.65,181,1890,630156,
500201,"INDIA GLYCOLS LTD.",B,STK,861,872,848,862.15,870.35,852.65,407,4339,3735533,
500202,"INDIA LEASE DEVELOPMENT LTD.",X,STK,8.24,8.24,7.55,8.24,8.24,7.85,8,825,6729,
500206,"MARGO FINANCE LIMITED",X,STK,62.62,70.47,61.45,67.15,67,62,30,455,28493,
500207,"INDO RAMA SYNTHETICS (INDIA) L",B,STK,33.71,34.62,33.6,34.18,34.35,33.83,54,6765,229785,
500209,"INFOSYS LTD.",A,STK,1319,1321.75,1284.3,1295.55,1295.55,1314.35,8563,218689,283462275,
500210,"INGERSOLL-RAND (INDIA) LTD.",A,STK,3874,3898.95,3841.15,3887.55,3885,3859.75,103,277,1071918,
500213,"INTERNATIONAL TRAVEL HOUSE LTD",X,STK,324,324,320.3,322.2,323,322.9,68,4612,1485807,
500214,"ION EXCHANGE (INDIA) LTD.",A,STK,333.8,351.4,333.8,344.5,345.7,336.6,738,27189,9369971,
500215,"SUNDROP BRANDS LIMITED",B,STK,620,632,609.7,629.05,632,610,68,644,399016,
500219,"JAIN IRRIGATION SYSTEMS LTD.",A,STK,32.9,33.52,32.28,32.41,32.46,32.81,590,327048,10709021,
500220,"JASCH INDUSTRIES LTD.",X,STK,168.9,168.9,155,165.25,166,158.4,45,1178,192357,
500227,"JINDAL POLY FILMS LTD.",B,STK,806.5,875,802.9,864.15,864.15,815,3333,58125,48831822,
500228,"JSW STEEL LTD.",A,STK,1198.85,1218.65,1195.5,1214.85,1214.85,1193.05,2282,30981,37398432,
500233,"KAJARIA CERAMICS LTD.",A,STK,935.3,953.65,919.3,950.05,950.05,935.25,3728,80942,76391126,
500234,"KAKATIYA CEMENT SUGAR & INDUST",B,STK,107.3,107.3,105.3,105.7,107.3,107.1,7,12,1279,
500235,"KALYANI STEELS LTD.",B,STK,698.05,730,689,706.75,702,694.8,192,3183,2253177,
500238,"WHIRLPOOL OF INDIA LTD.",A,STK,876.85,886.1,870,877.3,881.95,871.5,603,5448,4769807,
500239,"KG DENIM LTD.",X,STK,16.48,16.48,14.23,14.41,14.41,14.28,71,22026,324878,
500240,"KINETIC ENGINEERING LTD.",X,STK,236.95,236.95,228.85,231.45,232,228.35,189,38464,8925925,
500241,"KIRLOSKAR BROTHERS LTD.",A,STK,1573.15,1584.85,1559.3,1576.75,1576.75,1570.15,352,2116,3327534,
500243,"KIRLOSKAR INDUSTRIES LTD",B,STK,2853,2913,2837.65,2869.35,2842.3,2842.6,84,578,1669458,
500245,"KIRLOSKAR FERROUS INDUSTRIES L",B,STK,400,401,377.95,382.05,382.05,391.45,1656,137391,53123425,
500247,"KOTAK MAHINDRA BANK LTD.",A,STK,389.6,394.05,387.5,391.95,391.95,386.5,7194,405633,158623847,
500249,"KSB LIMITED",A,STK,754.35,763.8,752.3,762.1,761.35,753.55,469,3109,2358102,
500250,"L.G.BALAKRISHNAN & BROS.LTD.",B,STK,1809.2,1951.35,1792.2,1935.5,1910,1771.4,737,10081,18527893,
500251,"TRENT LTD.",A,STK,3720.4,3746.7,3689.8,3713.1,3713.1,3688.8,9498,39198,145322163,
500252,"LMW Limited",A,STK,14715,14760.95,14488.8,14557.8,14557.8,14535.05,47,111,1622340,
500253,"LIC HOUSING FINANCE LTD.",A,STK,503.25,514.9,503.25,512.25,514,499.4,1189,23242,11863046,
500257,"LUPIN LTD.",A,STK,2302.8,2358,2302.8,2340.75,2344,2301.7,1380,10556,24710284,
500259,"LYKA LABS LTD.",B,STK,59.72,59.72,56,56.68,56.23,57.84,55,1661,95384,
500260,"THE RAMCO CEMENTS LIMITED",A,STK,1028.6,1037.8,1000,1004.15,1004.15,1026.75,491,5644,5717122,
500262,"HYBRID FINANCIAL SERVICES LIMI",B,STK,17.5,19.47,17.05,17.71,17.97,18.63,54,2390,41731,
500264,"MAFATLAL INDUSTRIES LTD.",X,STK,123.8,123.9,121.65,123.15,123.15,121.85,276,35478,4344616,
500265,"MAHARASHTRA SEAMLESS LTD.",A,STK,545.25,550.4,542,545.95,545.95,542.95,248,5968,3257783,
500266,"MAHARASHTRA SCOOTERS LTD.",A,STK,12648.3,12867.95,12615.25,12825.25,12849.85,12648.3,143,390,4967578,
500267,"MAJESTIC AUTO LTD.",X,STK,293.7,299.85,285.25,298.1,299.75,288.25,129,6022,1777784,
500268,"MANALI PETROCHEMICAL LTD.",B,STK,50.4,51.06,49.61,50.31,50.49,49.85,360,12744,638817,
500270,"BARODA RAYON CORPORATION LTD.",X,STK,105.55,111.45,101,103.6,103.6,105.5,55,978,101763,
500271,"Max Financial Services Limited",A,STK,1715.85,1742,1713.65,1732.6,1729.1,1711,1845,700138,1201735264,
500277,"MID INDIA INDUSTRIES LTD.",X,STK,5.6,5.99,5.58,5.95,5.95,5.56,25,3907,22964,
500279,"MIRC ELECTRONICS LTD.",B,STK,24.5,25.41,24.3,24.94,24.94,23.96,482,91570,2267540,
500280,"CENTURY ENKA LTD.",B,STK,408,413.2,404.85,410.7,410.7,405,21,223,91274,
500282,"MODERN THREADS (INDIA) LTD.",B,STK,53,54.8,50.33,53.2,53.55,53.6,71,888,45743,
500284,"LORDS CHLORO ALKALI LTD.",B,STK,123,124.95,120.3,123.65,124.95,121.25,39,1498,182985,
500285,"SPICEJET LTD.",A,STK,13.44,14.08,13.41,13.66,13.66,13.07,13289,34894468,477356497,
500288,"MOREPEN LABORATORIES LTD.",A,STK,39.55,40.89,39.55,40.69,40.69,39.18,1242,406250,16325828,
500290,"MRF LTD.",A,STK,136500,138300,136500,137188.55,137188.55,135013.3,368,413,56828780,
500292,"HEIDELBERGCEMENT INDIA LTD.",B,STK,151.6,157.3,151.6,155.05,153.75,151.55,142,7099,1099189,
500294,"NCC LIMITED",A,STK,141.55,145.5,141.1,144.95,144.9,140.35,1207,96413,13869264,
500295,"VEDANTA LIMITED",A,STK,720.05,724,703.25,722.3,722.3,709.3,10135,537569,384409936,
500296,"NAHAR SPINNING MILLS LTD.",B,STK,193.1,200.15,189,198.5,200.15,189.25,160,3840,743907,
500298,"Naperol Investments Limited",X,STK,595,605,574.95,581.35,581.35,590,280,9121,5327212,
500300,"GRASIM INDUSTRIES LTD.",A,STK,2706.8,2754.5,2691.75,2743.85,2743.85,2679.95,2504,589437,1602248354,
500304,"NIIT LTD.",B,STK,62.5,65.4,62.5,65.28,65.25,62.45,614,74634,4791054,
500306,"Jaykay Enterprises Limited",B,STK,140.75,141.85,138.25,139.7,139,139.35,391,13411,1877596,
500307,"NIRLON LTD.",B,STK,488.5,497.45,488,492,492.85,486.75,128,2436,1195089,
500312,"OIL AND NATURAL GAS CORPORATIO",A,STK,271.65,271.65,265.35,269.7,269.7,270.05,9152,642136,172354922,
500313,"OIL COUNTRY TUBULAR LTD.",B,STK,45.01,46.94,44.83,45.75,45.75,45.98,96,1333,61134,
500314,"ORIENTAL HOTELS LTD.",B,STK,87.8,91.2,87.8,90.9,91.1,87.75,163,8489,756792,
500317,"OSWAL AGRO MILLS LTD.",B,STK,43,45.7,43,44.13,44.92,43,106,4614,203611,
500319,"INDIAN SUCROSE LTD.",X,STK,75.9,75.9,74.05,74.19,74.1,74.04,41,4717,353040,
500322,"PANYAM CEMENTS & MINERAL INDUS",XT,STK,128.6,128.6,116.4,117.8,122,122.5,21,547,64490,
500325,"RELIANCE INDUSTRIES LTD.",A,STK,1427.95,1430,1400.6,1409.05,1409.05,1424.45,17745,622230,878317057,
500327,"Pil Italica Lifestyle Limited",B,STK,8.37,8.38,7.68,8.24,8.24,7.87,34,7475,58901,
500330,"RAYMOND LTD.",A,STK,378.35,380,368,374.55,374.55,371.1,560,17749,6617152,
500331,"PIDILITE INDUSTRIES LTD.",A,STK,1431.6,1434,1391,1427.25,1427.25,1386.8,1964,20656,29152129,
500333,"PIX TRANSMISSIONS LTD.",B,STK,1439,1458.5,1434.8,1454.8,1457.55,1420.75,121,807,1172105,
500335,"BIRLA CORPORATION LTD.",A,STK,825.15,834,819.4,828.3,827.05,823.25,274,3877,3208529,
500336,"SURYA ROSHNI LTD.",A,STK,207,213.1,203.3,211.5,213.1,205.85,440,533191,112711146,
500337,"PRIME SECURITIES LTD.",B,STK,273.7,273.7,273.7,273.7,273.7,270.55,7,7,1915,
500338,"PRISM JOHNSON LIMITED.",B,STK,125.4,126.15,125,125.05,125,125.4,89,10904,1365077,
500339,"RAIN INDUSTRIES LIMITED",A,STK,119.95,121.75,117.3,120.8,121,115.8,2063,128796,15384088,
500342,"PRUDENTIAL SUGAR CORPORATION L",B,STK,15.1,15.74,15,15.31,15.74,15.32,88,6923,103876,
500343,"AMJ LAND HOLDINGS LIMITED",B,STK,38.65,39.38,38,38.75,38.75,37.49,9,4643,179643,
500346,"PUNJAB COMMUNICATIONS LTD.",B,STK,53.9,53.9,51.07,51.84,51.84,51.76,35,1984,104251,
500350,"RSWM LTD.",B,STK,142.15,146.65,141.45,145.65,145.65,141.55,38,1031,147716,
500354,"RAJSHREE SUGARS & CHEMICALS LT",B,STK,29.04,29.85,28.01,29.24,29.24,28.45,43,6650,190251,
500355,"RALLIS INDIA LTD.",A,STK,254.15,258.15,250.25,253.9,254.5,253.85,1300,74725,18863380,
500356,"SHREE RAMA NEWSPRINT LTD.",B,STK,34.13,41.5,34.13,38.83,38.83,34.59,291,58878,2402246,
500357,"RAMA PAPER MILLS LTD.",Z,STK,14,14.39,13.05,13.05,13.05,13.72,7,142,1949,
500360,"RAPICUT CARBIDES LTD.",XT,STK,133.8,147.6,133.8,146,146,140.8,64,4916,707066,
500365,"WELSPUN SPECIALTY SOLUTIONS LI",B,STK,34.13,35.31,34.13,35,35,34.05,566,176463,6162371,
500367,"RUBFILA INTERNATIONAL LTD.",B,STK,63.78,63.88,62.7,63.22,63,62,31,2074,130519,
500368,"Patanjali Foods Limited",A,STK,498.4,503,491.7,500.6,502,491.7,1086,49121,24488062,
500370,"SALORA INTERNATIONAL LTD.",X,STK,29.99,29.99,28.2,28.61,29.8,28.02,32,2227,63674,
500371,"SAMTEL INDIA LTD.",XT,STK,16.13,16.13,16.13,16.13,16.13,15.82,1,50,806,
500378,"JINDAL SAW LTD.",A,STK,164,168,163,166.2,166.2,162.85,1623,124195,20414460,
500380,"JK LAKSHMI CEMENT LTD.",A,STK,624,624,605,606.55,607.05,610.15,451,5516,3386444,
500387,"SHREE CEMENT LTD.",A,STK,23818.3,24244.95,23818.3,23956.05,24005.8,23589.85,608,1172,28207822,
500388,"SHREE KRISHNA PAPER MILLS & IN",XT,STK,105.45,105.45,105.45,105.45,105.45,111,4,160,16872,
500389,"SILVERLINE TECHNOLOGIES LTD.",XT,STK,15.08,15.08,15.08,15.08,15.08,15.87,446,94587,1426371,
500390,"RELIANCE INFRASTRUCTURE LTD.",T,STK,89.26,93.4,88,90.89,90.89,89.23,1003,130577,11771924,
500400,"TATA POWER CO.LTD.",A,STK,375.25,384.15,375.25,381.25,381.25,372.9,8234,625073,237837549,
500402,"SPML INFRA LIMITED",B,STK,167,167.75,161,161.95,161.95,163.95,831,74880,12238625,
500403,"SUNDRAM FASTENERS LTD.",A,STK,840.25,852.5,840,844.2,845.4,833.4,298,1665,1406002,
500404,"SUNFLAG IRON & STEEL CO.LTD.",B,STK,227.05,232.45,224.75,228.55,231,225.6,152,4450,1014662,
500405,"SUPREME PETROCHEM LTD.",A,STK,688.35,708.35,688,697.15,697.85,690.5,567,3175,2215273,
500407,"SWARAJ ENGINES LTD.",B,STK,3396.75,3487,3396.75,3485.45,3487,3396.75,188,820,2831249,
500408,"TATA ELXSI LTD.",A,STK,4373.45,4374,4266,4360.75,4360.75,4300.2,1598,6848,29558583,
500410,"ACC LTD.",A,STK,1453.7,1481,1450,1474.5,1474.5,1451.6,1409,17186,25240526,
500411,"THERMAX LTD.",A,STK,3110.2,3209.95,3104.15,3171,3142.15,3064.85,1061,6961,21995199,
500412,"THIRUMALAI CHEMICALS LTD.",B,STK,161.7,168.5,160.05,168.05,167.85,161.65,840,45929,7512138,
500413,"THOMAS COOK (INDIA) LTD.",A,STK,88.35,95,88.3,93.75,93.75,87.9,392,30635,2787761,
500414,"TIMEX GROUP INDIA LTD.",B,STK,268.75,276.95,266.1,271.1,271.1,263.5,1436,477178,129545402,
500418,"TOKYO PLAST INTERNATIONAL LTD.",B,STK,74.55,81.89,73.15,78.36,81.89,79.69,9,20,1524,
500420,"TORRENT PHARMACEUTICALS LTD.",A,STK,4399.95,4470,4393.5,4425.85,4450,4370.8,2934,11995,53278119,
500421,"TPI INDIA LTD.",X,STK,17.01,17.49,16.8,16.83,16.8,17,7,274,4665,
500422,"TRANSCHEM LTD.",XT,STK,163.75,163.8,163.75,163.75,163.75,167.05,16,4337,710188,
500425,"AMBUJA CEMENTS LTD.",A,STK,457.25,465.4,454.5,462.3,462.3,451.65,2320,76299,35164160,
500426,"UTL INDUSTRIES LIMITED",X,STK,1.56,1.62,1.51,1.55,1.55,1.57,66,29821,46843,
500429,"UNIPHOS ENTERPRISES LTD.",B,STK,103.55,104.75,99,99.6,99,102.8,63,3534,356448,
500439,"VARDHMAN HOLDINGS LTD.",B,STK,3111,3167,3100,3107.15,3100,3090,15,19,59201,
500440,"HINDALCO INDUSTRIES LTD.",A,STK,950.55,959.95,933.25,956.65,957.9,945.5,19976,198484,187901234,
500444,"West Coast Paper Mills Limited",B,STK,377.35,391.3,377.35,388.65,387.1,381.2,39,796,307581,
500449,"HINDUSTAN ORGANIC CHEMICALS LT",B,STK,29.45,29.45,28.31,29.21,29.21,29.03,244,47155,1369232,
500450,"MPIL CORPORATION LTD.",X,STK,341.75,341.75,341.75,341.75,341.75,359.7,2,14,4784,
500456,"PASUPATI ACRYLON LTD.",B,STK,46.61,48.85,46.61,48.57,48.79,46.81,183,8674,414482,
500458,"TEAM24 CONSUMER PRODUCTS LIMIT",X,STK,27,30.69,27,29.53,29.48,27.05,30,1994,58984,
500459,"PROCTER & GAMBLE HYGIENE & HEA",A,STK,10600,10999.75,10530.9,10807.25,10822,10599.5,329,749,8086840,
500460,"MUKAND LTD.",B,STK,121.1,124.25,118.6,120.85,121.45,121,131,5869,709903,
500463,"BLACK BOX LIMITED",A,STK,499.7,516.15,496.7,509.75,509.75,492,1147,16061,8120167,
500464,"UCAL LIMITED",B,STK,101,101.1,99.8,99.95,99.8,99.4,35,1041,104573,
500467,"HARRISONS MALAYALAM LTD.",B,STK,179.95,181.25,177.75,181.2,181.2,174,107,743,133957,
500469,"FEDERAL BANK LTD.",A,STK,277.95,281.05,275.4,276,276,273.55,7299,3920986,1083109072,
500470,"TATA STEEL LTD.",A,STK,194.3,196.55,192,195.05,195.05,191.05,15858,1498718,291036111,
500472,"SKF INDIA LTD.",A,STK,1639.95,1643.2,1606.6,1618,1618,1634.4,669,239659,387770716,
500477,"ASHOK LEYLAND LTD.",A,STK,190.9,195,190.9,193.55,193.55,186.9,5337,430747,83151259,
500480,"CUMMINS INDIA LTD.",A,STK,4783.6,4837.9,4657.6,4717.7,4717.7,4690.05,2451,11268,53023983,
500483,"TATA COMMUNICATIONS LTD.",A,STK,1490.8,1490.8,1451.2,1478.5,1475.95,1483.4,1024,10879,16049914,
500488,"ABBOTT INDIA LTD.",A,STK,27130.8,27334.1,26750,26903.6,27015,27158.55,372,675,18208107,
500490,"BAJAJ HOLDINGS & INVESTMENT LT",A,STK,10252.05,10370,10108.85,10283.8,10283.8,10244.55,672,2486,25347633,
500493,"BHARAT FORGE LTD.",A,STK,1871.9,1889.95,1828,1843.05,1843.05,1863.7,3658,38993,71949811,
500495,"Escorts Kubota Limited",A,STK,3278.5,3371.3,3278.3,3329.9,3330.1,3196.55,1727,6058,20095126,
500500,"HINDUSTAN MOTORS LTD.",B,STK,14.9,14.9,14.4,14.57,14.57,14.59,1325,239706,3521940,
500510,"LARSEN & TOUBRO LTD.",A,STK,3940,3974.85,3851,3875.7,3875.7,3840,7576,91901,356473407,
500520,"MAHINDRA & MAHINDRA LTD.",A,STK,3240.7,3305.6,3230,3292.3,3304.1,3187.25,5286,57759,188304114,
500530,"BOSCH LTD.",A,STK,31850.2,32229.95,31642.75,32048.25,32120.1,31621,507,947,30277582,
500540,"PREMIER LTD.",T,STK,3,3,2.86,2.86,2.86,3,7,303,878,
500547,"BHARAT PETROLEUM CORPORATION L",A,STK,337.5,342.15,324.4,325.85,325.85,331.1,7797,537902,176507692,
500550,"SIEMENS LTD.",A,STK,3253.8,3331.1,3248.8,3282.2,3282.2,3230.3,3091,29393,97107439,
500570,"TATA MOTORS PASSENGER VEHICLES",A,STK,338.6,345.75,334.35,345.1,345.1,331.95,6534,424408,144448096,
500575,"VOLTAS LTD.",A,STK,1468.1,1472.8,1433.7,1449.1,1449.1,1437.2,1594,13609,19735764,
500620,"GREAT EASTERN SHIPPING CO.LTD.",A,STK,1341.85,1397.8,1341.85,1391.25,1391.25,1338.5,2420,33393,46229858,
500645,"DEEPAK FERTILISERS & PETROCHEM",A,STK,940.15,994.45,937.6,979.95,979,933.6,2483,48763,47680238,
500650,"EXCEL INDUSTRIES LTD.",B,STK,890.2,911.9,887.5,911.15,911,879.05,58,303,272792,
500655,"GARWARE HI-TECH FILMS LIMITED",A,STK,3930.05,4082.05,3930.05,4071.45,4079.95,3928.3,131,593,2372811,
500660,"GLAXOSMITHKLINE PHARMACEUTICAL",A,STK,2520.7,2555,2480.1,2491.55,2491.55,2521.7,884,3084,7756421,
500670,"GUJARAT NARMADA VALLEY FERTILI",A,STK,414,436.65,408.15,433.85,432.15,409.55,1779,57348,24221954,
500672,"NOVARTIS INDIA LTD.",B,STK,946,949.5,916.3,943.6,943.6,938.75,435,12526,11666942,
500674,"SANOFI INDIA LTD",A,STK,3696.95,3762.85,3660,3672,3672,3717.3,427,1285,4751623,
500680,"PFIZER LTD.",A,STK,4785.5,4848.4,4754.45,4818.85,4804,4772.55,506,4491,21490325,
500690,"GUJARAT STATE FERTILIZERS & CH",A,STK,154.2,166.7,150.4,162.95,162.7,150.55,2933,196406,31552848,
500696,"HINDUSTAN UNILEVER LTD.",A,STK,2213.25,2219.6,2175.35,2191.8,2191.8,2194,1543,14331,31461062,
500710,"AKZO NOBEL INDIA LIMITED",A,STK,2760.1,2915,2760.1,2886.1,2912.6,2714.55,471,1692,4785649,
500730,"NOCIL LTD.",B,STK,131.5,135.8,131.5,135,135,131.4,169,8404,1128581,
500770,"TATA CHEMICALS LTD.",A,STK,697.25,702.15,689.05,692,692,697.4,1221,23325,16164913,
500777,"TAMILNADU PETROPRODUCTS LTD.",B,STK,83.95,86.99,81.95,85.5,85.96,81.64,197,10040,845072,
500780,"Zuari Industries Limited",B,STK,240.25,250.2,238.75,245.1,244.85,239.75,100,2832,692647,
500790,"NESTLE INDIA LTD.",A,STK,1236.2,1249.8,1234.55,1241.6,1239,1236.2,2667,28620,35528632,
500800,"TATA CONSUMER PRODUCTS LIMITED",A,STK,1099,1109.65,1096.55,1099.05,1098.5,1101.05,2166,185323,204203589,
500820,"ASIAN PAINTS LTD.",A,STK,2254.95,2303.4,2252.95,2280.65,2280.65,2220.6,3816,48150,109166589,
500825,"BRITANNIA INDUSTRIES LTD.",A,STK,5883.85,5995,5883.85,5971.9,5977.45,5881.9,1122,2631,15711974,
500830,"COLGATE-PALMOLIVE (INDIA) LTD.",A,STK,2162.95,2211.8,2161.5,2202.65,2204.4,2154.6,1078,5826,12776042,
500840,"EIH LTD.",A,STK,315.55,318.05,314.55,315.5,315,314.75,312,11076,3499880,
500850,"INDIAN HOTELS CO.LTD.",A,STK,613.45,631.45,613.45,629.2,629.2,611.8,3458,92935,58102930,
500870,"CASTROL INDIA LTD.",A,STK,187,187,185.45,185.95,185.95,185.65,1790,81870,15223370,
500875,"ITC LTD.",A,STK,308.8,310,303.85,309.05,309.05,306.1,26582,1085709,333070861,
500877,"APOLLO TYRES LTD.",A,STK,438.85,440,433.65,437.85,436,430.4,1329,28921,12625091,
500878,"CEAT LTD.",A,STK,3385.4,3429.8,3346.7,3409.15,3416,3315.95,621,4206,14172977,
500890,"MODI RUBBER LTD.",B,STK,107.4,111.7,107.4,111.65,111.7,107.8,37,1050,116580,
500940,"FINOLEX INDUSTRIES LTD.",A,STK,183.1,188.5,180.4,185.35,186.15,181.4,1058,42094,7813567,
501148,"DALAL STREET INVESTMENTS LTD.",XT,STK,404.75,404.75,396.7,396.7,396.7,404.75,2,11,4371,
501150,"CENTRUM CAPITAL LTD.",B,STK,22,22,21.34,21.69,21.55,21.34,82,59941,1299706,
501151,"KARTIK INVESTMENTS TRUST LTD.",XT,STK,1318.85,1318.85,1318.85,1318.85,1318.85,1256.05,1,1,1318,
501242,"TCI FINANCE LTD.",T,STK,14.22,14.35,13.8,14.24,14.24,13.94,21,2378,33971,
501295,"INDUSTRIAL INVESTMENT TRUST LT",B,STK,132.05,132.05,130.55,130.95,130.95,126.05,9,18,2360,
501298,"INDUSTRIAL & PRUDENTIAL INVEST",B,STK,5219.9,5220,5199,5200.9,5219,5164.95,8,70,364957,
501301,"TATA INVESTMENT CORPORATION LT",A,STK,640.05,640.1,624.85,628.85,630.8,621.95,1934,41125,25829265,
501311,"JAYABHARAT CREDIT LTD.",X,STK,15.79,15.79,15.79,15.79,15.79,15.79,3,5,78,
501314,"PRISMX GLOBAL VENTURES LIMITED",X,STK,0.56,0.63,0.54,0.63,0.63,0.53,321,821754,499593,
501343,"MOTOR & GENERAL FINANCE LTD.",B,STK,20.31,20.5,19.65,20.09,20.09,19.78,16,4279,86106,
501351,"RAPID INVESTMENTS LTD.",X,STK,76.24,76.24,72.43,73.7,72.43,76.24,2,3,221,
501370,"WALCHAND PEOPLEFIRST LTD.",X,STK,109,109,105,105,105,103.25,11,551,57935,
501391,"W.H.BRADY & CO.LTD.",X,STK,525.5,538.65,525.5,538.65,538.65,525.5,11,40,21164,
501421,"TechNVision Ventures Limited",X,STK,5701,6150,5701,6150,6150,5998.95,10,131,770627,
501423,"SHAILY ENGINEERING PLASTICS LT",A,STK,1897.95,1901.55,1850.95,1883.05,1890.2,1838.4,2030,10456,19643807,
501425,"The Bombay Burmah Trading Corp",A,STK,1549,1569.85,1530,1561.25,1561.25,1536,250,2356,3644581,
501430,"BOMBAY CYCLE & MOTOR AGENCY LT",X,STK,1650,1724.9,1625.35,1699.9,1699.9,1706.95,5,53,89650,
501455,"GREAVES COTTON LTD.",A,STK,148.3,151.25,148.2,149.25,149.25,148.2,709,33523,5001547,
501477,"MULLER & PHIPPS (INDIA) LTD.",X,STK,231.95,231.95,231.95,231.95,231.95,222,1,4,927,
501622,"AMALGAMATED ELECTRICITY CO.LTD",X,STK,53.92,53.92,50.22,50.22,50.22,52.86,3,3,154,
501700,"INDIANIVESH LTD.",X,STK,7.88,7.88,7.49,7.5,7.5,7.88,42,5018,37685,
501831,"COASTAL CORPORATION LTD.",B,STK,44.5,46.54,43.32,43.43,43.35,42.6,293,17948,797991,
501833,"CHOWGULE STEAMSHIPS LTD.",X,STK,19.2,20.49,18.62,19.01,19.01,19.26,58,7610,148273,
501848,"GLOBAL OFFSHORE SERVICES LTD.",X,STK,49.89,49.89,44.2,47.52,47.5,48.3,234,139831,6539336,
501945,"DHENU BUILDCON INFRA LTD.",Z,STK,7.51,7.51,7.23,7.51,7.51,7.37,36,5824,43628,
502015,"ASI INDUSTRIES LIMITED",X,STK,24.85,25.9,24.79,25.14,25.5,25.36,74,14360,364685,
502090,"SAGAR CEMENTS LTD.",B,STK,182.65,186.85,181.65,185.1,186.85,180.8,68,1756,322434,
502137,"DECCAN CEMENTS LTD.",B,STK,665.4,691.7,659.15,690.95,691.7,651.15,20,1076,736025,
502157,"MANGALAM CEMENT LTD.",B,STK,833.25,847,825.95,841.9,843.2,820.2,155,1599,1345761,
502168,"NCL INDUSTRIES LTD.",B,STK,183.25,186,182.6,182.8,183.9,181.6,95,1812,332238,
502175,"SAURASHTRA CEMENT LTD.",B,STK,62.42,62.7,61.19,61.91,62.49,61.59,209,6024,374808,
502180,"SHREE DIGVIJAY CEMENT CO.LTD.",B,STK,62,65.39,61.7,65.1,64.96,62.03,96,18416,1152327,
502219,"BOROSIL RENEWABLES LIMITED",A,STK,415.85,431.5,414.3,425.8,424,411.3,965,19217,8111328,
502250,"LERTHAI FINANCE LIMITED",XT,STK,582.25,610,581.25,593.1,581.25,611.8,7,16,9478,
502281,"TRIVENI GLASS LTD.",X,STK,6.3,6.33,5.75,6.01,6.01,6.06,95,19304,117857,
502294,"NILACHAL REFRACTORIES LTD.",X,STK,31.5,34.66,31.5,34.66,34.66,33.09,12,434,13939,
502330,"ANDHRA PAPER LIMITED",B,STK,63.27,64.88,63.27,64.36,64.36,63.73,163,3464,221677,
502355,"BALKRISHNA INDUSTRIES LTD.",A,STK,2246.55,2281.65,2238.5,2241.55,2248,2239.55,448,2398,5406872,
502420,"ORIENT PAPER & INDUSTRIES LTD.",B,STK,17,17.22,16.61,17.03,16.92,16.51,141,22576,381431,
502445,"CITADEL REALTY AND DEVELOPERS",X,STK,42.99,42.99,40.5,40.78,40.78,40,87,894,37108,
502448,"ROLLATAINERS LTD.",T,STK,1.24,1.25,1.21,1.22,1.22,1.21,16,6686,8207,
502450,"SESHASAYEE PAPER & BOARDS LTD.",B,STK,254.4,268.9,254.4,259.6,259.05,257,25,304,80583,
502587,"NATH INDUSTRIES LIMITED",X,STK,50.66,53.52,49.25,51.66,53,51.43,34,5007,251617,
502589,"VAPI ENTERPRISE LIMITED",X,STK,116,116,105,115.85,115.85,110.5,4,92,9681,
502820,"DCM LTD.",B,STK,69.99,69.99,60.71,61.28,61.28,64.93,102,4201,268892,
502865,"FORBES & COMPANY LTD.",X,STK,351,351,336.05,345.55,346,340.45,68,577,199049,
502893,"UNITED INTERACTIVE LTD.",X,STK,65,66.4,62.1,66.4,66.4,69,16,769,49073,
502901,"JAMSHRI REALTY LIMITED",X,STK,80,80,76,78.89,78.89,77,43,1805,139554,
502933,"KATARE SPINNING MILLS LTD.",X,STK,96.75,96.75,96.75,96.75,96.75,96.85,6,398,38506,
502937,"KESORAM INDUSTRIES LTD.",T,STK,8.3,8.57,8.01,8.47,8.45,8.31,179,69440,578256,
502958,"LAKSHMI MILLS COMPANY LTD.",X,STK,7100,7100,7100,7100,7100,7175,1,44,312400,
502986,"VARDHMAN TEXTILES LTD.",A,STK,545.4,548.5,534.1,540.8,543.6,540.25,700,17380,9417711,
503031,"PENINSULA LAND LTD.",B,STK,16.9,16.9,16.01,16.76,16.8,16.05,183,37798,627367,
503092,"PASUPATI SPG.& WVG.MILLS LTD.",X,STK,28.3,29.97,28.3,29.83,29.96,28.35,4,461,13051,
503100,"THE PHOENIX MILLS LTD",A,STK,1578.65,1610.2,1578.65,1605.5,1610,1577.9,249,1550,2477333,
503101,"MARATHON NEXTGEN REALTY LTD.",B,STK,416.55,439,412.3,432.3,430.7,412.5,121,3111,1311715,
503127,"RAJA BAHADUR INTERNATIONAL LTD",X,STK,4575,4575,4575,4575,4575,4575,1,1,4575,
503162,"RELIANCE CHEMOTEX INDUSTRIES L",B,STK,116.75,116.75,109.8,111.1,111.9,111.35,68,1062,120256,
503169,"RUBY MILLS LTD.",B,STK,209.9,210.65,204,205.35,204,204.1,169,2688,554810,
503229,"SIMPLEX REALTY LTD.",X,STK,129.4,129.4,129.4,129.4,129.4,123.25,1,1,129,
503310,"Swan Corp Limited",A,STK,349.7,356,344.3,353.6,352.05,347.25,857,33527,11677336,
503349,"VICTORIA MILLS LTD.",X,STK,6200,6300,6200,6233.65,6200,6198.9,11,13,81298,
503624,"SVARAJ TRADING & AGENCIES LTD.",X,STK,9.33,9.36,8.2,9.36,9.36,7.8,198,165392,1519155,
503635,"SHREE SALASAR INVESTMENT LTD.",XT,STK,361.95,361.95,361.95,361.95,361.95,344.75,6,120,43434,
503639,"INDSOYA LTD.",XT,STK,13.56,13.56,13.56,13.56,13.56,12.92,1,5,67,
503641,"ZODIAC VENTURES LIMITED",X,STK,1.58,1.59,1.5,1.56,1.56,1.57,169,139653,213971,
503657,"VEER ENERGY & INFRASTRUCTURE L",X,STK,11.89,11.89,10.45,11.08,11.09,10.77,123,24269,263179,
503663,"Tilak Ventures Limited",X,STK,0.89,0.94,0.85,0.93,0.93,0.86,833,2165538,1952020,
503675,"WAGEND INFRA VENTURE LIMITED",X,STK,1.04,1.06,1.04,1.04,1.04,1.03,22,43754,46049,
503681,"ELCID INVESTMENTS LTD.",B,STK,99000,101998,97135,98197,97135,97363.95,62,98,9763162,
503685,"MEDIAONE GLOBAL ENTERTAINMENT",Z,STK,16.33,17.49,15.88,16.66,17.49,16.66,23,1506,24957,
503722,"BANSWARA SYNTEX LTD.",B,STK,111.7,112,111.3,111.85,111.65,107.5,9,113,12593,
503776,"MODIPON LTD.",X,STK,30.9,30.9,29.86,30.37,30.37,33,8,114,3458,
503804,"SHRI DINESH MILLS LTD.",X,STK,225.25,234.75,221,224.15,223.05,229.85,59,998,226508,
503806,"SRF LTD.",A,STK,2558.3,2605,2557,2597.7,2595,2552.4,2902,8174,21143209,
503811,"SIYARAM SILK MILLS LTD.",B,STK,495.05,502.5,490.75,500.95,501.4,493.6,251,2869,1425211,
503816,"SWADESHI POLYTEX LTD.",X,STK,34.61,36.99,33.3,35.95,36.79,33.61,90,7902,278880,
503837,"SHREE RAJASTHAN SYNTEX LTD.",X,STK,14.2,14.2,12.95,13.99,13.99,13.63,5,502,6505,
503863,"SHREE MANUFACTURING CO.LTD.",XT,STK,19.54,19.54,19.54,19.54,19.54,19.54,1,2,39,
503960,"BHARAT BIJLEE LTD.",A,STK,2307,2414,2307,2390,2386.65,2307,432,2322,5486743,
504000,"ELPRO INTERNATIONAL LTD.",B,STK,84.8,84.88,82.83,84.16,84.5,83.16,269,33858,2845240,
504028,"GEE LTD.",X,STK,64.03,67,64.03,66.21,67,66.27,57,6344,417891,
504036,"HIND RECTIFIERS LTD.",B,STK,1442.1,1452.6,1415.9,1440.4,1441.95,1417.4,145,1282,1835066,
504058,"INDO-NATIONAL LTD.",B,STK,310,311.5,304.55,311.25,311.35,301.65,34,335,103839,
504067,"ZENSAR TECHNOLOGIES LTD.",A,STK,546.25,564,546.25,561.45,563.25,544.45,1356,25247,14104326,
504076,"JYOTI LTD.",X,STK,60.6,62.46,59,60.31,60.7,61.78,351,52744,3176506,
504080,"JSL INDUSTRIES LTD.",X,STK,960,969,950,969,969,970,9,32,30971,
504084,"KAYCEE INDUSTRIES LTD.",X,STK,760.2,807,760.2,779.75,784.9,759.4,149,1073,838129,
504092,"INDOKEM LTD.",XT,STK,470,500.75,470,486.45,486.45,476.95,149,3447,1697120,
504093,"PANASONIC ENERGY INDIA COMPANY",X,STK,284.6,291.45,280.65,287.85,287.85,284.6,76,13551,3926828,
504112,"NELCO LTD.",B,STK,581.05,603.75,581.05,600.4,600.4,580.85,338,4401,2618450,
504132,"PERMANENT MAGNETS LTD.",X,STK,697,719.9,691.15,699.5,700,691.15,185,3487,2445397,
504176,"HIGH ENERGY BATTERIES (INDIA)",X,STK,548.1,590,547,554.35,554.35,546.95,392,8233,4603396,
504180,"STANDARD BATTERIES LTD.",XT,STK,41.05,43.8,40.07,41.96,42.06,42.15,53,1359,55938,
504212,"UNIVERSAL CABLES LTD.",B,STK,658,669.6,644,645.9,644,650.6,134,2828,1843039,
504220,"W.S.INDUSTRIES (INDIA) LTD.",B,STK,65,71.54,65,68.31,67.91,69.82,148,1157,80216,
504240,"DELTON CABLES LTD.",X,STK,460,460,420,424.4,424.4,418.45,177,4039,1738098,
504258,"LAKSHMI ELECTRICAL CONTROL SYS",X,STK,759.1,841.05,759.1,769.6,770.85,753.2,185,1528,1202345,
504273,"MODULEX CONSTRUCTION TECHNOLOG",Z,STK,22.05,22.7,20.9,22.34,22.38,21.98,21,2699,57740,
504340,"Longspur International Venture",X,STK,6.33,6.57,6.33,6.44,6.33,6.45,31,4707,30100,
504341,"RAVINDRA ENERGY LIMITED",B,STK,136.05,142.7,136.05,141.95,141.95,134.8,286,6832,947161,
504351,"EMPOWER INDIA LTD.",X,STK,1.4,1.44,1.35,1.38,1.38,1.4,968,1445138,1996877,
504356,"MULTIPURPOSE TRADING & AGENCIE",X,STK,8.02,8.02,8.02,8.02,8.02,8,2,34,272,
504369,"GRANDMA TRADING & AGENCIES LTD",X,STK,0.49,0.49,0.49,0.49,0.49,0.49,5,614,300,
504375,"SOFTBPO GLOBAL SERVICES LTD.",P,STK,315.05,315.05,315.05,315.05,315.05,300.05,1,50,15752,
504378,"NYSSA CORPORATION LIMITED",X,STK,2.27,2.27,2.19,2.22,2.22,2.23,73,77064,173211,
504380,"FLOMIC GLOBAL LOGISTICS LIMITE",X,STK,41.7,41.7,35.5,40.29,40.29,41.7,54,1405,53606,
504392,"KRISHNA VENTURES LIMITED",XT,STK,22.1,22.16,22.09,22.09,22.09,23.25,15,8318,183930,
504397,"GANESH HOLDINGS LTD.",XT,STK,66.5,71.45,66.5,71.45,71.45,68.05,4,13,919,
504605,"UNI ABEX ALLOY PRODUCTS LTD.",X,STK,2805.65,2945,2800,2933.6,2903,2771.35,96,10624,30387943,
504614,"SARDA ENERGY & MINERALS LTD.",A,STK,569.2,569.2,542.95,545.15,545.15,539.25,1302,38157,20902558,
504646,"BHAGWATI AUTOCAST LTD.",X,STK,517.85,519.2,500,517.35,517.35,498.6,47,2274,1172618,
504648,"BOMBAY WIRE ROPES LTD.",X,STK,44.62,44.62,44.6,44.6,44.6,44.6,5,264,11777,
504731,"AZAD INDIA MOBILITY LIMITED",X,STK,81.06,83,77.03,77.84,78.7,81.08,199,22844,1778976,
504741,"INDIAN HUME PIPE CO.LTD.",B,STK,305.5,319.5,305.5,317.1,317.1,303.2,59,21114,6688346,
504746,"INDIAN LINK CHAIN MANUFACTURES",XT,STK,1284.9,1284.9,1284.9,1284.9,1284.9,1311.1,10,439,564071,
504786,"INVESTMENT & PRECISION CASTING",X,STK,575,575,531.1,534.65,538.85,529.65,94,4855,2629510,
504810,"INFORMED TECHNOLOGIES INDIA LT",X,STK,81,81.59,81,81.43,81.59,82,4,43,3497,
504840,"KAIRA CAN CO.LTD.",X,STK,1275.2,1319.9,1273,1277.2,1273,1340,38,202,258099,
504879,"ORIENT CERATECH LIMITED",B,STK,37.7,37.7,36.04,37.17,37.08,35.86,105,3882,143539,
504882,"NATIONAL STANDARD (INDIA) LTD.",B,STK,1255,1313,1214.1,1303,1312,1277.95,24,86,111332,
504903,"RATHI STEEL & POWER LTD.",X,STK,19.1,19.88,18.16,18.58,18.61,19.11,469,164168,3064667,
504908,"Duncan Engineering Limited",X,STK,372,405,372,387.2,393.2,383.65,18,125,48564,
504918,"SANDUR MANGANESE & IRON ORES L",B,STK,197.25,199.9,195.15,198.9,199.45,192.5,1283,82473,16257790,
504959,"STOVEC INDUSTRIES LTD.",X,STK,1815.65,1815.65,1780.2,1781.2,1781.2,1815.65,110,4651,8345260,
504973,"CHOLAMANDALAM FINANCIAL HOLDIN",A,STK,1533.35,1578.3,1518.7,1571,1571.8,1531.25,948,4290,6625821,
504988,"WELCAST STEELS LTD.",X,STK,680,699.95,658,699.95,699.95,680.15,13,117,78060,
505010,"AUTOMOTIVE AXLES LTD.",B,STK,1952.7,1952.7,1917.45,1928.35,1931.65,1944.65,56,510,981391,
505029,"ATLAS CYCLES (HARYANA) LTD.",B,STK,89.25,89.39,81.05,83.65,87.49,84.48,24,432,36597,
505036,"AUTOMOBILE CORPORATION OF GOA",B,STK,1616,1715,1616,1665.1,1670,1617.4,151,1469,2446770,
505075,"SETCO AUTOMOTIVE LTD.",B,STK,18.78,18.78,17.69,17.93,18.17,17.89,65,9673,172402,
505160,"TALBROS AUTOMOTIVE COMPONENTS",B,STK,245,247.8,237.3,246.5,247.2,245.7,234,4982,1210317,
505163,"Z.F.STEERING GEAR (INDIA) LTD.",B,STK,701.4,722.65,701,703.3,703.3,693.4,529,2780,1972685,
505192,"SML Mahindra Limited",B,STK,3979,4191.5,3893.4,4135.35,4135.35,3991.95,1811,16366,66450375,
505196,"TIL LTD.",B,STK,190,199,190,197.75,197.65,192.85,47,4087,808767,
505200,"EICHER MOTORS LTD.",A,STK,7394.8,7564.2,7318,7533.9,7533.9,7269.35,10163,39901,297911690,
505212,"JAINEX AAMCOL LTD.",X,STK,118,118,117.5,117.5,117.5,118,4,36,4242,
505216,"ALFRED HERBERT (INDIA) LTD.",X,STK,2566.2,2666,2566.2,2615.15,2615.15,2566.2,29,84,221118,
505232,"VELJAN DENISON LIMITED",X,STK,910,922,910,921.7,921.7,890.95,22,206,189402,
505242,"DYNAMATIC TECHNOLOGIES LTD.",B,STK,10471.45,10620,10416.95,10555.3,10530,10260.85,220,728,7650258,
505250,"G. G. Dandekar Properties Limi",X,STK,65,66.95,65,66.95,66.95,64.3,2,510,33169,
505255,"GMM PFAUDLER LTD.",A,STK,863.6,890.15,848.2,872.2,873.35,860.9,458,4865,4187007,
505283,"KIRLOSKAR PNEUMATIC CO.LTD.",A,STK,1108.9,1122.1,1108.7,1118.45,1113.2,1108.8,383,27469,30757634,
505299,"KPT INDUSTRIES LIMITED",X,STK,515,545,510,539,539,507.95,117,1951,1020790,
505324,"MANUGRAPH INDIA LTD.",B,STK,13.85,14,13.55,13.61,13.97,14.19,31,6423,87465,
505336,"HARSHIL AGROTECH LIMITED",X,STK,0.36,0.39,0.36,0.39,0.39,0.36,967,3973463,1503175,
505343,"MONOTYPE INDIA LTD.",X,STK,0.44,0.45,0.42,0.43,0.43,0.43,537,1261879,547343,
505355,"NESCO LTD.",B,STK,1050.05,1087.75,1050.05,1081.8,1080,1070.4,183,2225,2405722,
505358,"INTEGRA ENGINEERING INDIA LTD.",X,STK,154.65,154.95,146.35,149.45,150,149.7,204,30855,4639600,
505368,"Semac Construction Limited",B,STK,205.15,222,205,221.45,222,202.1,6,62,13400,
505400,"TEXMACO INFRASTRUCTURE & HOLDI",B,STK,90,92.77,88.61,92,91.76,90.02,45,3273,294838,
505412,"WENDT (INDIA) LTD.",B,STK,6382,6514.25,6351,6494.55,6494.55,6286.4,120,2412,15618076,
505502,"PS IT INFRASTRUCTURE & SERVICE",X,STK,1.35,1.35,1.33,1.33,1.33,1.35,21,12715,16917,
505504,"GHV INFRA PROJECTS LIMITED",XT,STK,284,313.05,284,313.05,313.05,298.15,559,44468,13390240,
505509,"RESPONSIVE INDUSTRIES LTD.",B,STK,164.2,170.2,163.55,166.2,170.2,165.75,106,2574,428501,
505515,"SHYAMKAMAL INVESTMENTS LTD.",X,STK,12.95,12.95,11.9,12.12,12.48,11.95,25,445,5527,
505523,"MAHARASHTRA CORPORATION LTD.",X,STK,0.32,0.33,0.32,0.33,0.33,0.32,285,722275,234951,
505526,"DOLAT ALGOTECH LIMITED",B,STK,75.67,76.14,75.06,75.27,75.17,75.5,81,3225,242857,
505533,"WESTLIFE FOODWORLD LIMITED",A,STK,475.85,485.55,468.05,475.55,471.1,468.95,596,4919,2349716,
505537,"ZEE ENTERTAINMENT ENTERPRISES",A,STK,80.81,81.94,79.6,80.45,80.45,79.94,1363,209872,16851707,
505590,"SVP GLOBAL TEXTILES LIMITED",T,STK,2.7,2.7,2.69,2.69,2.69,2.74,9,726,1955,
505650,"SKYLINE MILLARS LTD.",X,STK,17.45,18.3,16.67,18.3,18.3,17.26,26,793,13607,
505681,"BIMETAL BEARINGS LTD.",X,STK,533.1,589,533.1,561.2,560.7,550.8,21,359,204767,
505688,"BHARAT GEARS LTD.",B,STK,98.7,103.5,98.55,102.05,102.05,97.8,65,997,99866,
505690,"BRADY & MORRIS ENGINEERING CO.",X,STK,749,777,725,725.3,725,730.5,45,475,355683,
505693,"La Tim Metal & Industries Limi",X,STK,10.33,10.43,9.5,9.83,9.77,9.94,129,55193,535976,
505700,"ELECON ENGINEERING CO.LTD.",A,STK,409.95,412.5,400.2,402.1,402,406.1,1096,38264,15513819,
505710,"GRAUER & WEIL (INDIA) LTD.",B,STK,61.06,63.99,61.06,62.58,62.56,60.94,586,740841,46683500,
505712,"HIM TEKNOFORGE LIMITED",X,STK,193.1,202.65,192.55,196.65,196,190.65,65,10250,1989719,
505714,"GABRIEL INDIA LTD.",A,STK,890.05,908,872.1,899.5,895,874.9,1273,22822,20314000,
505720,"Hercules Investments Limited",B,STK,117,119.55,114.7,118.25,118.95,116.7,245,16312,1910571,
505725,"ALGOQUANT FINTECH LIMITED",B,STK,60.99,61.8,58.81,59.41,59.41,60.38,1056,373186,22593908,
505726,"IFB INDUSTRIES LTD.",B,STK,1040.3,1050.95,1026.55,1043.65,1044,1032.65,151,1561,1616053,
505729,"SINGER INDIA LTD.",X,STK,72.79,76.79,71.6,75.83,75.83,71.33,301,91978,6863090,
505737,"INTERNATIONAL COMBUSTION (INDI",X,STK,403.9,424.95,401,410.25,410.25,403.9,108,6085,2498541,
505744,"FEDERAL-MOGUL GOETZE (INDIA) L",B,STK,377.1,400.8,377.1,400.55,400.8,377,103,3345,1294064,
505750,"JOSTS ENGINEERING CO.LTD.",X,STK,229.1,238.5,229,232.85,232.85,227.8,119,6444,1491141,
505790,"Schaeffler India Limited",A,STK,4220,4259.5,4150,4164.45,4211,4184.95,831,3987,16667430,
505800,"RANE HOLDINGS LTD.",B,STK,1232.2,1232.2,1211.05,1225.55,1215.25,1232.15,29,49,59867,
505827,"SNL BEARINGS LTD.",X,STK,360,370,353.7,357.65,357.65,362.55,54,951,342356,
505840,"JAIPAN INDUSTRIES LTD.",X,STK,23.45,25.89,23.45,25,25,23.36,29,1902,46531,
505850,"MANGAL CREDIT AND FINCORP LTD.",B,STK,167.4,173.05,165,170.65,170.65,169.15,226,14898,2494123,
505854,"TRF LTD.",B,STK,237.1,239,230.25,234.5,234.5,232.4,120,6409,1495731,
505872,"WPIL LTD.",B,STK,385.8,396,378.5,381.55,385,377.8,1557,66652,25544277,
505890,"KENNAMETAL INDIA LTD.",B,STK,2229.05,2334.95,2220,2273.15,2273.15,2224.9,341,10523,24037982,
505893,"HINDUSTAN HARDY LIMITED",X,STK,858.8,858.8,765,773.6,789.9,826,152,1099,862148,
505978,"TRITON VALVES LTD.",X,STK,3244,3374,3231.05,3245.6,3250,3207.45,133,552,1819198,
506003,"SUDAL INDUSTRIES LTD.",X,STK,48,49.5,46.65,47.58,48.28,48.81,26,1146,54320,
506022,"PRAKASH INDUSTRIES LTD.",B,STK,120.85,123.7,120.2,123.15,122.5,119.35,385,53699,6539890,
506076,"GRINDWELL NORTON LTD.",A,STK,1521.45,1544.9,1518,1530.15,1526,1521.3,102,316,482461,
506105,"STANROSE MAFATLAL INVESTMENTS",X,STK,64.87,64.87,64.85,64.87,64.87,64.49,5,84,5447,
506109,"GENESYS INTERNATIONAL CORPORAT",B,STK,271.15,276,270.05,274.2,274,271.15,647,33935,9262741,
506122,"Kairosoft AI Solutions Limited",XT,STK,46.77,46.77,44.81,46.16,46.76,46.64,33,1734,79390,
506128,"PARNAX LAB LTD.",X,STK,124.3,130,124.3,130,130,128.6,15,1305,168692,
506134,"GOURMET GATEWAY INDIA LIMITED",X,STK,10.16,10.16,9,9.08,9.2,9.56,248,100609,935327,
506146,"VISAGAR POLYTEX LTD.",B,STK,0.52,0.55,0.5,0.52,0.53,0.52,332,131386,68440,
506166,"APIS INDIA LTD.",XT,STK,59.79,59.79,57.71,58.43,59,57.71,181,7091,416232,
506180,"EMERGENT INDUSTRIAL SOLUTIONS",XT,STK,365.15,365.15,365.15,365.15,365.15,347.8,5,20,7303,
506184,"KANANI INDUSTRIES LTD.",B,STK,1.26,1.48,1.26,1.35,1.35,1.34,42,18416,25399,
506186,"GALAXY CLOUD KITCHENS LIMITED",X,STK,17.3,17.39,16.25,16.7,16.7,16.94,25,253242,4229286,
506194,"ARIHANT SUPERSTRUCTURES LIMITE",B,STK,234.95,241.8,232.8,235.9,235.9,232.9,119,1192,281423,
506197,"BLISS GVS PHARMA LTD.",B,STK,204,224.15,204,222.75,222.85,204.5,1325,85336,18389681,
506222,"Styrenix Performance Materials",A,STK,1884.45,1959.9,1878,1935.7,1946.75,1879.45,533,237363,447278840,
506235,"ALEMBIC LTD.",B,STK,85.3,86.57,84.66,84.82,84.66,85.21,302,16465,1403060,
506248,"AMINES & PLASTICIZERS LTD.",B,STK,150,155,148.95,150,150,150,44,805,122760,
506260,"ANUH PHARMA LTD.",B,STK,77.96,78,76.12,76.77,76.83,77.84,44,1024,78850,
506261,"MODISON LIMITED",B,STK,126,131,126,129.6,129.6,127.4,55,2975,381665,
506285,"BAYER CROPSCIENCE LTD.",A,STK,4465.2,4623.15,4465.2,4604.3,4601.1,4465.15,431,1907,8662325,
506365,"STARSOURCE MULTITRADE LIMITED",X,STK,85,86,82.5,82.5,82.5,86.67,7,72,5950,
506373,"CITURGIA BIOCHEMICALS LTD.",B,STK,138.2,149.4,138.2,138.2,138.2,145.45,176,8407,1190544,
506390,"Sudarshan Colorants India Limi",B,STK,334.75,340.5,333.75,335.55,335,332,9,408,136862,
506395,"COROMANDEL INTERNATIONAL LTD.",A,STK,1999.2,2116.95,1991,2073.75,2076.5,1999.1,6808,1141993,2284371308,
506401,"DEEPAK NITRITE LTD.",A,STK,1480.05,1510,1476.9,1490.05,1492.4,1478.45,1500,20668,30814306,
506405,"DMCC SPECIALITY CHEMICALS LIMI",B,STK,229.35,244.35,225,233.25,233.75,225,343,3104,722838,
506414,"FERMENTA BIOTECH LIMITED",X,STK,339.95,342.75,330.05,339.3,342.75,332.4,244,18203,6133811,
506480,"GOCL Corporation Limited",B,STK,245.65,250.25,242.2,247.7,244,241.15,92,1169,287663,
506520,"JAYSHREE CHEMICALS LTD.",X,STK,6,6,5.9,5.93,5.91,5.99,61,14876,88541,
506525,"KANORIA CHEMICALS & INDUSTRIES",B,STK,63.25,66,63.25,63.75,63.25,62.34,18,2036,129282,
506528,"KELTECH ENERGIES LTD.",X,STK,3155,3238,3114.2,3127.6,3127.6,3110.8,61,241,757054,
506530,"KEMP & COMPANY LTD.",X,STK,945,950,945,950,950,945,2,2,1895,
506532,"NITTA GELATIN INDIA LTD.",X,STK,787.05,800,782.55,785.55,794,785.35,120,2264,1791269,
506543,"M.P.AGRO INDUSTRIES LTD.",XT,STK,9.15,9.15,8.72,8.72,8.72,8.72,18,1971,17294,
506579,"AG VENTURES LIMITED",B,STK,107.6,112.7,104,106.4,106.7,108.15,313,10994,1166412,
506590,"PCBL Chemical Limited",A,STK,271.75,277.55,269.9,275.75,275.75,268.7,1182,60109,16422317,
506597,"AMAL LTD.",X,STK,495,524,495,501.9,501.9,491.65,221,4596,2314205,
506605,"POLYCHEM LTD.",X,STK,1950.05,1950.05,1943,1943,1943,1950.05,5,7,13623,
506618,"PUNJAB CHEMICALS AND CROP PROT",B,STK,1050.6,1080.05,1050.6,1080.05,1080.05,1046.7,11,77,81516,
506640,"ZR2 BIOENERGY LIMITED",X,STK,135,135,125,125.75,125,138,35,2040,266168,
506642,"SADHANA NITROCHEM LTD.",B,STK,1.48,1.58,1.48,1.48,1.48,1.55,208,994141,1477353,
506655,"SUDARSHAN CHEMICAL INDUSTRIES",A,STK,794.8,860,787.1,848.25,848.9,794.8,298,2493,2054686,
506680,"TECIL CHEMICALS & HYDRO POWER",B,STK,12.76,12.99,11.2,12.99,12.99,12.45,10,420,5111,
506685,"ULTRAMARINE & PIGMENTS LTD.",B,STK,430,436.95,420,420.8,420.8,426.65,432,24097,10231657,
506687,"TRANSPEK INDUSTRY LTD.",X,STK,910,934.9,901.2,907.75,909,910,168,7677,6983202,
506690,"UNICHEM LABORATORIES LTD.",B,STK,312.6,325,312.6,323,322.55,312.6,99,832,267612,
506734,"MYSORE PETRO CHEMICALS LTD.",X,STK,95,95,93.05,93.37,94.45,91,13,287,26749,
506767,"ALKYL AMINES CHEMICALS LTD.",A,STK,1309.95,1341.9,1301.9,1331.15,1341.9,1306.7,784,5004,6615091,
506808,"TUTICORIN ALKALI CHEMICALS AND",X,STK,48.4,50.4,48,48.94,48.94,48.99,195,6434,313590,
506820,"ASTRAZENECA PHARMA INDIA LTD.",A,STK,8771,8844.4,8649.85,8801.65,8800,8672.75,120,318,2786457,
506852,"Primo Chemicals Limited",B,STK,18.06,18.51,16.71,17.4,17.4,17.45,242,47702,815355,
506854,"TANFAC INDUSTRIES LTD.",B,STK,1970.05,2019.9,1961,1973.1,1980,1985.75,551,7688,15280422,
506858,"GUJARAT PETROSYNTHESE LTD.",X,STK,60,64.5,58.76,60.84,60.84,59,23,2711,169173,
506863,"SWADESHI INDUSTRIES LEASING CO",XT,STK,105.1,109.3,105.1,109,109,107.2,103,18968,2059577,
506879,"GUJARAT THEMIS BIOSYN LTD.",B,STK,282.25,304.8,282.25,299.3,299,282.25,242,6895,2015386,
506906,"Saptak Chem And Business Limit",XT,STK,49.29,49.29,49.29,49.29,49.29,51.88,17,1537,75758,
506919,"MAKERS LABORATORIES LTD.",X,STK,144.2,149.25,144,147.55,149.25,142.15,28,1673,243733,
506935,"CONTINENTAL CHEMICALS LTD.",X,STK,63.89,64.5,63.89,63.9,63.9,67.25,10,257,16484,
506943,"J.B.CHEMICALS & PHARMACEUTICAL",A,STK,2070.9,2125.4,2070.9,2119.25,2125.4,2069.9,766,5386,11399059,
506947,"ADVANCE PETROCHEMICALS LTD.",X,STK,133.85,133.85,133.85,133.85,133.85,127.5,1,1,133,
506979,"APT PACKAGING LTD.",X,STK,125.95,125.95,120,124.95,125,120,10,1592,199009,
506981,"BLUE CHIP TEX INDUSTRIES LTD.",X,STK,131,131,123.2,126.95,127,131.7,17,444,55842,
507155,"JAGATJIT INDUSTRIES LTD.",X,STK,146.75,146.75,139.95,141.25,143,143.9,178,12847,1842599,
507180,"KESAR ENTERPRISES LTD.",X,STK,4.99,4.99,4.58,4.78,4.76,4.94,77,34543,163285,
507205,"TILAKNAGAR INDUSTRIES LTD.",A,STK,438.7,457.45,436.8,456.35,456.5,438.6,1038,24376,11015115,
507265,"Emerald Leisures Limited",X,STK,176.7,176.7,168,171,171,176.7,14,1754,300664,
507300,"The Ravalgaon Sugar Farm Limit",X,STK,883,936,882,936,936,937.5,4,29,26664,
507315,"SAKTHI SUGARS LTD.",B,STK,17,17,14.68,15.19,15.19,15.5,228,524568,7757967,
507410,"WALCHANDNAGAR INDUSTRIES LTD.",B,STK,164.9,165.45,161.85,164.9,164.6,160.85,370,17592,2877238,
507438,"IFB AGRO INDUSTRIES LTD.",B,STK,700.3,766.9,700.3,755.7,750.1,730.55,129,552,412961,
507474,"KOTHARI FERMENTATION & BIOCHEM",X,STK,36.99,37.11,36.17,36.66,36.66,36.04,52,23983,885983,
507488,"G.M.BREWERIES LTD.",B,STK,990,1004.35,970.55,994.25,995.55,966,381,3100,3061051,
507490,"RANA SUGARS LTD.",B,STK,11.96,12.3,11.61,11.86,11.89,11.96,136,23717,282624,
507498,"PICCADILY SUGAR & ALLIED INDUS",X,STK,33.5,35.88,32.51,33.58,33.58,34.98,52,4723,159389,
507514,"SOM DISTILLERIES & BREWERIES L",B,STK,75.75,77.22,75.13,76.42,77,75.59,644,55515,4230860,
507526,"ASSOCIATED ALCOHOLS & BREWERIE",B,STK,744.55,761,733.3,750.9,756.6,744.55,213,4804,3599329,
507552,"FOODS & INNS LTD.",B,STK,51,61.54,51,59.24,61.54,51.29,1035,1786945,95397049,
507580,"IVP LTD.",B,STK,132.4,132.4,123,129.05,129.75,129.8,39,4165,518370,
507598,"KOVILPATTI LAKSHMI ROLLER FLOU",X,STK,105,108,100.55,104.2,104.5,102,52,3023,317183,
507609,"OLYMPIC OIL INDUSTRIES LTD.",X,STK,33.26,33.26,33.17,33.17,33.17,31.68,5,9,298,
507621,"MILKFOOD LTD.",X,STK,48.15,49.6,48.15,49.35,49.47,49.67,50,5099,249046,
507645,"POLSON LTD.",X,STK,11123.1,11688.9,11123.05,11688.9,11688.9,11695.45,15,15,172658,
507685,"WIPRO LTD.",A,STK,201.05,201.4,197.45,200.85,200.85,198.6,4430,293372,58450256,
507690,"ORIENT BEVERAGES LTD.",XT,STK,211,225.8,211,222.9,223,218.45,23,786,172457,
507717,"DHANUKA AGRITECH LTD.",B,STK,981,996.35,976.1,992.75,996,961.05,149,1190,1175078,
507747,"TTK HEALTHCARE LTD.",B,STK,871.05,887.8,844.75,861.15,865,872.4,104,676,581992,
507753,"TGV SRAAC Limited",B,STK,83.45,84.44,82.8,84,84,82.14,394,74466,6216677,
507759,"LIME CHEMICALS LTD.",X,STK,12.48,14.5,12.48,14.45,14.45,13.86,21,18276,228884,
507779,"KANPUR PLASTIPACK LTD.",B,STK,174.85,182,174.85,182,182,171.5,7,110,19846,
507785,"TAINWALA CHEMICALS & PLASTICS",B,STK,195.45,195.45,195.4,195.4,195.4,189,2,78,15241,
507789,"JAGSONPAL PHARMACEUTICALS LTD.",B,STK,178.05,191.9,172.3,176.9,176.9,169.7,1839,73348,13347926,
507794,"KHAITAN CHEMICALS & FERTILIZER",B,STK,51.36,54.98,50.48,53.27,52.78,51.46,244,24932,1321834,
507813,"NATIONAL OXYGEN LTD.",X,STK,65.1,69.95,64,69.95,69.95,65.32,48,1175,76320,
507815,"GILLETTE INDIA LTD.",A,STK,8021.75,8195,8021.75,8130.55,8114.5,8020.7,446,1342,10902624,
507817,"WIRES & FABRIKS (SA) LTD.",X,STK,151,153.95,141.25,150.5,153.95,148.5,6,31,4718,
507828,"ANSAL HOUSING LIMITED",X,STK,6.95,7.1,6.71,6.94,7.05,6.63,161,68174,473277,
507833,"COMPUTER POINT LTD.",X,STK,4.01,4.25,3.9,3.94,3.91,3.87,36,6796,27048,
507836,"MAC CHARLES (INDIA) LTD.",X,STK,595.25,613.5,590,609.1,609.1,605.85,20,157,93553,
507852,"ADDI INDUSTRIES LTD.",X,STK,107.95,107.95,96,100.45,100.45,97.95,10,1008,96833,
507864,"PIONEER INVESTCORP LTD.",XT,STK,92.49,92.49,90,91.44,91.44,88.15,15,2484,227172,
507872,"ASHNOOR TEXTILE MILLS LTD.",X,STK,38.55,41.91,38.55,41.12,39.6,40.1,13,1854,74551,
507878,"UNITECH LTD.",B,STK,4.69,4.82,4.64,4.65,4.68,4.67,590,1288946,6057968,
507880,"V.I.P.INDUSTRIES LTD.",A,STK,355,364.95,355,364.05,364.5,354.1,145,3829,1376850,
507910,"FIBERWEB (INDIA) LTD.",T,STK,36.5,39,36.4,38.99,38.99,37.9,17,615,22623,
507912,"LKP FINANCE LIMITED",X,STK,192,194.8,185.25,185.25,185.25,194.95,508,43899,8206302,
507917,"EAST BUILDTECH LTD.",X,STK,41.19,41.19,41.19,41.19,41.19,43,1,1,41,
507944,"BAJAJ STEEL INDUSTRIES LTD.",B,STK,392,408.9,392,396.9,400,389.75,653,58258,23359338,
507946,"KIDUJA INDIA LTD.",X,STK,15.45,17,15.45,15.51,15.46,16.25,26,1382,21689,
507948,"KEY CORP LTD.",X,STK,64.21,70.92,64.18,69.86,67.67,67.55,26,443,29302,
507960,"GUJARAT HOTELS LTD.",X,STK,190.4,190.4,190.4,190.4,190.4,187.85,1,25,4760,
507962,"FYNX CAPITAL LIMITED",XT,STK,5.94,5.94,5.94,5.94,5.94,6.06,29,5715,33947,
507966,"RAS RESORTS & APART HOTELS LTD",X,STK,38.31,39.83,34.77,38.75,39.83,39.85,18,648,25018,
507968,"JOLLY PLASTIC INDUSTRIES LTD.",P,STK,28,30.92,28,30.92,30.92,29.45,5,1600,47703,
507970,"PARAMOUNT COSMETICS (INDIA) LT",X,STK,36,36.5,34.5,36.49,36.49,34.5,20,272,9688,
507981,"JINDAL HOTELS LTD.",X,STK,65,65.9,62.21,64.77,64.99,65.9,18,319,20305,
507998,"SIMMONDS MARSHALL LTD.",X,STK,142.5,142.9,136.35,140.4,140.4,135.85,98,3842,534699,
508136,"B & A LTD.",X,STK,356.05,356.05,355,355,355,355.05,10,56,19901,
508486,"HAWKINS COOKERS LTD.",B,STK,7240,7539.9,7157.7,7482.8,7524,7179.2,249,813,5992691,
508494,"WARREN TEA LTD.",X,STK,37.71,39,37.25,37.75,37.75,37.71,20,1065,41038,
508571,"COCHIN MALABAR ESTATES & INDUS",X,STK,140,140,130.9,131.45,137,139.95,23,593,81003,
508664,"BEST EASTERN HOTELS LTD.",X,STK,11.52,11.52,11.26,11.26,11.26,11.52,19,4054,45703,
508807,"IST LTD.",B,STK,659.1,670.5,652.5,665.65,665,658.3,39,301,199969,
508814,"Cosmo First Limited",B,STK,674.2,677.75,651.9,665,666.2,669.85,290,5227,3474034,
508869,"APOLLO HOSPITALS ENTERPRISE LT",A,STK,7787,7870,7771.5,7799.45,7784.55,7781.35,2806,31154,243227468,
508875,"Nitin Castings Limited",X,STK,554.95,559.7,520.1,534.25,543.85,550.2,70,817,442455,
508905,"NEXOME CAPITAL MARKETS LIMITED",X,STK,79.9,79.9,74.65,78.79,78.79,77.97,22,371,29069,
508906,"EVEREST INDUSTRIES LTD.",B,STK,374,383.1,372.75,379,380.7,374.8,38,1249,470801,
508918,"IRONWOOD EDUCATION LIMITED",X,STK,45.24,46.15,42.3,43.79,42.61,45.24,48,4737,208594,
508922,"MSR INDIA LTD.",XT,STK,7.1,7.1,7.1,7.1,7.1,6.97,48,20601,146267,
508933,"AYM Syntex Limited",B,STK,193,195.6,192,193.4,193.95,193,55,350,67890,
508941,"PANASONIC CARBON INDIA CO.LTD.",X,STK,448.85,459,443,452.55,450.5,444.4,69,2135,963660,
508954,"FINKURVE FINANCIAL SERVICES LT",B,STK,60.91,64,60.1,61.6,62.5,60.86,190,19280,1177524,
508956,"HB LEASING & FINANCE CO.LTD.",X,STK,12.61,13.24,12.4,13.1,13.15,12.3,8,550,7139,
508961,"SHRICON INDUSTRIES LTD.",XT,STK,210.15,210.15,190.75,190.75,190.75,200.15,10,177,36666,
508963,"TRUSTWAVE SECURITIES LIMITED",X,STK,15.45,15.45,15.45,15.45,15.45,16.2,1,1,15,
508969,"SULABH ENGINEERS & SERVICES LT",X,STK,2.28,2.33,2.24,2.28,2.28,2.28,79,13794,31760,
508980,"FRONTIER CAPITAL LIMITED",XT,STK,8.84,8.85,8.4,8.4,8.4,8.8,27,4282,36512,
508989,"NAVNEET EDUCATION LIMITED",B,STK,138.5,138.9,138,138.65,138.6,137.85,51,1193,165162,
509009,"AUSOM ENTERPRISE LIMITED",T,STK,97,100.45,97,100.45,100.45,96.08,16,979,96261,
509015,"THAKRAL SERVICES (INDIA) LTD.",XT,STK,14.16,14.16,13.88,13.99,13.88,13.88,4,230,3216,
509020,"RUCHI INFRASTRUCTURE LTD.",B,STK,5.67,5.79,5.42,5.66,5.66,5.59,38,2209,12387,
509024,"GOLDEN LEGAND LEASING & FINANC",X,STK,10.35,10.35,10,10.13,10.01,10.1,57,4843,48992,
509026,"VJTF EDUSERVICES LTD.",X,STK,91.9,91.9,91.7,91.75,91.7,92,3,12,1102,
509038,"VOLTAIRE LEASING & FINANCE LTD",X,STK,11.91,11.91,11.46,11.91,11.91,11.68,12,312,3665,
509040,"NETLINK SOLUTIONS (INDIA) LTD.",XT,STK,184.5,185.4,180.1,181.7,180.45,184.05,9,63,11593,
509046,"TRILIANCE POLYMERS LIMITED",XT,STK,26.86,26.86,24.32,26.75,26.75,25.59,34,26120,652440,
509048,"LANCOR HOLDINGS LTD.",T,STK,22,22,21.58,21.58,21.58,22.71,21,2481,53570,
509051,"INDIAN INFOTECH & SOFTWARE LTD",X,STK,0.61,0.63,0.61,0.62,0.62,0.61,796,1785775,1103284,
509053,"BANAS FINANCE LTD.",X,STK,6.29,6.29,6.08,6.17,6.2,6.24,100,27075,166885,
509055,"VISAKA INDUSTRIES LTD.",B,STK,64.2,64.2,57,58.88,58.57,58.01,238,23342,1361131,
509069,"INFOMEDIA PRESS LTD.",B,STK,5.45,5.52,4.96,5.24,5.24,5.34,75,26017,132776,
509073,"HATHWAY BHAWANI CABLETEL & DAT",X,STK,12.27,12.27,10.31,11.92,12,11.54,47,4789,57041,
509079,"GUFIC BIOSCIENCES LTD.",B,STK,276.9,293.6,276.9,290.4,289.1,276.85,121,2073,594572,
509152,"GRP LTD.",B,STK,1745,1745,1745,1745,1745,1762.8,1,1,1745,
509162,"INDAG RUBBER LTD.",X,STK,95.38,95.38,88,89.9,90.5,89.17,157,8066,724724,
509196,"MM RUBBER COMPANY LTD.",X,STK,62.8,65.6,62.8,65.54,65.6,62.7,5,216,14126,
509220,"PTL ENTERPRISES LTD.",B,STK,37.26,37.82,37.1,37.54,37.45,37.11,152,4455,166353,
509243,"TVS SRICHAKRA LTD.",B,STK,3560.3,3681.5,3552,3650.9,3659.55,3508.9,152,418,1509215,
509423,"SANATHNAGAR ENTERPRISES LIMITE",X,STK,36.1,39.79,36.1,39.5,39.5,37.99,14,392,14448,
509438,"BENARES HOTELS LTD.",B,STK,9503.15,9629,9500,9501.3,9501,9503.15,52,225,2140240,
509449,"BHAGWATI OXYGEN LTD.",X,STK,39.97,39.97,39.78,39.78,39.78,39.97,2,7,278,
509470,"BOMBAY OXYGEN INVESTMENTS LIMI",X,STK,21200,21200,20496,20496,20496,19408,11,13,268358,
509472,"CRAVATEX LTD.",X,STK,347.85,364.85,347.85,364.75,364.75,347.85,4,38,13320,
509480,"BERGER PAINTS INDIA LTD.",A,STK,437.2,443.25,435,436.8,436,434.3,3481,54561,23930107,
509486,"CAPRIHANS INDIA LTD.",X,STK,65.55,70,64.1,65.07,65.07,66.94,95,10697,704049,
509488,"GRAPHITE INDIA LTD.",A,STK,643.4,645.5,623.4,635.9,635,628.15,1893,61258,38682821,
509496,"Cemindia Projects Limited",A,STK,553.2,560.5,549.55,558.4,557.4,547,417,6716,3729951,
509525,"EMPIRE INDUSTRIES LTD.",X,STK,864.95,864.95,860,864.8,864.85,859.35,26,729,628132,
509546,"GRAVISS HOSPITALITY LTD.",X,STK,28.51,30,28.51,29.89,29.89,30,12,532,15800,
509557,"GARWARE TECHNICAL FIBRES LIMIT",A,STK,621.1,626.05,615.6,622.45,620,621.05,113,827,513091,
509563,"GARWARE MARINE INDUSTRIES LTD.",X,STK,36.5,36.5,28,29.15,29.15,31.64,1291,258923,8391544,
509567,"GOA CARBON LTD.",B,STK,326,332.85,322.3,331.95,332.85,322.2,77,785,256645,
509597,"HARDCASTLE & WAUD MFG.CO.LTD.",X,STK,729.9,729.9,676.1,679.35,680.05,707.45,23,120,85503,
509631,"HEG LTD.",A,STK,522,524,513,521.35,521.8,511.9,1343,44621,23140266,
509635,"HINDUSTAN COMPOSITES LTD.",B,STK,407.55,407.55,406.25,406.25,406.25,396.25,6,111,45169,
509675,"BIRLANU LIMITED",B,STK,1397.65,1425.15,1348.6,1370.85,1384,1393.8,141,913,1258246,
509692,"INDIAN CARD CLOTHING CO.LTD.",B,STK,194,199,192.2,195,195,196,62,1897,369520,
509709,"INTERNATIONAL CONVEYORS LTD.",B,STK,73.81,75.42,73.5,74.65,75.42,73.52,58,2101,155993,
509715,"JAY SHREE TEA & INDUSTRIES LTD",B,STK,75.23,80.82,74.67,80.62,80.8,74.69,74,5102,405479,
509732,"KOTHARI INDUSTRIAL CORPORATION",B,STK,169.1,175.25,166,172.45,172.5,168.75,69,2194,376536,
509760,"MODERN SHARES & STOCKBROKERS L",X,STK,26.53,26.54,26.53,26.54,26.54,26.01,8,78,2069,
509762,"MAPRO INDUSTRIES LTD.",XT,STK,50.8,50.9,50.8,50.8,50.8,50.4,6,1148,58418,
509820,"HUHTAMAKI INDIA LIMITED",B,STK,164.2,174.5,164.2,173.95,173.5,167.35,236,14281,2472491,
509835,"PREMIER SYNTHETICS LTD.",X,STK,14.3,14.3,13.75,14.18,14.18,14.35,35,1697,23532,
509874,"SHALIMAR PAINTS LTD.",B,STK,52.5,52.5,51,51.6,51.83,50.66,98,4851,250365,
509887,"SINNAR BIDI UDYOG LTD.",XT,STK,877.55,877.55,877.55,877.55,877.55,835.8,1,1,877,
509895,"HINDOOSTAN MILLS LTD.",X,STK,165,165,160,165,165,160,19,338,55752,
509930,"SUPREME INDUSTRIES LTD.",A,STK,3949.9,3953.65,3856.8,3937.95,3952,3816.1,2919,8852,34651203,
509945,"THACKER & CO.LTD.",X,STK,895,900,861.05,862.75,861.05,873.65,19,75,66023,
509953,"TRADE WINGS LTD.",XT,STK,651.4,651.4,651.25,651.25,651.25,664.5,7,26,16932,
509960,"U.P.HOTELS LTD.",X,STK,1425,1430,1425,1430,1430,1455,2,2,2855,
509966,"VST INDUSTRIES LTD.",B,STK,221,224.65,219.35,223.7,224.6,219.4,416,13221,2942666,
510245,"SWASTI VINAYAKA SYNTHETICS LTD",X,STK,3.5,3.55,3.4,3.47,3.54,3.51,96,24585,85652,
511000,"MADHUSUDAN SECURITIES LTD.",X,STK,19.5,20,19.5,19.8,19.8,19.5,11,10593,206846,
511012,"YAMINI INVESTMENTS COMPANY LTD",XT,STK,0.66,0.7,0.66,0.68,0.68,0.69,424,345285,234020,
511018,"MILGREY FINANCE & INVESTMENT L",X,STK,60.99,60.99,56.52,56.89,56.53,57.66,291,78739,4547343,
511034,"JINDAL DRILLING & INDUSTRIES L",B,STK,567.9,573.8,533.3,543.1,543.1,566.4,7006,275844,151396069,
511066,"SAKTHI FINANCE LTD.",X,STK,21.99,22.44,20.9,21.66,21.69,21.7,179,32082,699209,
511076,"AEROFLEX ENTERPRISES LIMITED",B,STK,70.66,73.92,70.66,72.54,71.19,70.27,112,11215,808722,
511092,"JMD Ventures Limited",X,STK,5.88,5.88,5.77,5.77,5.77,5.88,15,602,3490,
511108,"SHIVA TEXYARN LTD.",B,STK,158.25,158.25,147.1,148,148,150,8,60010,8851508,
511110,"V.B.DESAI FINANCIAL SERVICES L",X,STK,16.5,18.5,15.76,17.17,17.75,15.99,47,2619,44094,
511122,"FIRST CUSTODIAN FUND (INDIA) L",X,STK,82,82,79,79,79,77.9,3,14,1118,
511131,"KAMANWALA HOUSING CONSTRUCTION",X,STK,17,17,15.62,16.02,15.63,15.84,24,2318,37156,
511147,"WSFX Global Pay Limited",X,STK,60,61.99,56.35,61.55,60.35,58.54,68,4373,262786,
511153,"Anjani Foods Limited",X,STK,18,18,17,17.47,17.4,17.85,59,3719,64409,
511169,"RKD AGRI AND RETAIL LIMITED",X,STK,4.29,4.29,4.1,4.1,4.1,4.28,4,2600,10791,
511176,"PARSHWANATH CORPORATION LTD.",X,STK,94.5,94.5,85.5,88.5,85.5,90,4,4,359,
511187,"Millennium Online Solutions (I",X,STK,1.5,1.5,1.44,1.5,1.5,1.5,8,783,1165,
511194,"ICDS LTD.",B,STK,37,37.01,37,37.01,37.01,38.75,6,53,1961,
511196,"CAN FIN HOMES LTD.",A,STK,818.1,859.75,816.1,854.85,859.75,813.5,1020,7988,6700868,
511208,"IL&FS INVESTMENT MANAGERS LTD.",B,STK,7.01,7.16,6.97,7.02,7.02,6.98,202,35343,249405,
511218,"Shriram Finance Limited",A,STK,1016.5,1068.7,1006.9,1063.2,1063.2,987.15,22113,637357,666106634,
511243,"CHOLAMANDALAM INVESTMENT AND F",A,STK,1590.75,1633.1,1590.75,1621.7,1630,1583.15,5384,34101,55127269,
511246,"BOMBAY TALKIES LIMITED",X,STK,4.92,4.92,4.04,4.92,4.92,4.48,17,15478,75277,
511260,"ICONIK SPORTS AND EVENTS LIMIT",X,STK,48.99,48.99,46.61,47.42,47.86,47.8,52,10142,485862,
511333,"VLS FINANCE LTD.",B,STK,226,238.35,226,235.8,235.8,233,41,584,138355,
511355,"INDIA CEMENTS CAPITAL LTD.",X,STK,12.3,12.3,11.66,12,12,12,29,1943,23285,
511359,"AD-MANUM FINANCE LTD.",X,STK,50.01,52.95,49.99,50,50,50.1,21,6849,345987,
511411,"SHRISTI INFRASTRUCTURE DEVELOP",X,STK,30,30,29.5,29.5,29.5,28.5,4,107,3193,
511413,CREST,B,STK,345.9,349,338.45,348.65,348.65,350.55,26,255,88266,
511431,"VAKRANGEE LIMITED",B,STK,5.8,6.09,5.8,6.04,6.09,5.78,426,342712,2025286,
511441,"GUJARAT CREDIT CORPORATION LTD",X,STK,29.43,29.43,29.43,29.43,29.43,30.97,5,7997,235351,
511447,"Sylph Industries Limited",X,STK,0.82,0.84,0.82,0.83,0.83,0.8,9883,60427819,50013349,
511463,"Alexander Stamps And Coin Limi",X,STK,8.07,9.4,8.07,9,9,9.4,16,1966,16102,
511473,"INDBANK MERCHANT BANKING SERVI",B,STK,32.52,32.83,32.41,32.69,32.61,31.76,81,2801,90844,
511493,"SHRYDUS INDUSTRIES LIMITED",X,STK,3.18,3.2,3.03,3.14,3.2,3.1,51,126036,398208,
511501,"Bharat Bhushan Finance & Commo",X,STK,22.02,22.95,22.02,22.5,22.5,22.01,30,1585,35601,
511505,"CAPITAL TRUST LTD.",T,STK,12.56,12.56,11.8,12.45,12.45,12.23,13,730,8869,
511507,"USHAKIRAN FINANCE LTD.",X,STK,53.05,55.85,50.55,50.56,50.56,53.2,10,509,27715,
511509,"VIVO BIO TECH LTD.",X,STK,25.3,27,24.81,24.98,25,25.8,188,37262,945278,
511523,"VEERHEALTH CARE LIMITED",X,STK,19.95,20,19.4,19.92,19.92,19.75,76,87295,1736306,
511525,"PAN INDIA CORPORATION LTD.",X,STK,1.53,1.57,1.52,1.56,1.53,1.53,115,34006,52949,
511533,"SAHARA HOUSINGFINA CORPORATION",X,STK,37.51,37.51,37.1,37.31,37.31,37.5,18,962,36006,
511535,"NDA SECURITIES LTD.",XT,STK,37.59,37.59,36.95,37.57,37.58,35.88,30,8206,307851,
511539,"Supra Trends Limited",XT,STK,14.72,15.4,13.99,14.84,14.94,14.72,18,3071,44609,
511543,"GSB FINANCE LTD.",X,STK,34,34,32,33.5,33.5,33.01,19,1318,42881,
511549,"MORARKA FINANCE LTD.",X,STK,58.64,58.64,45.1,50.54,50.8,56.35,258,30858,1488085,
511551,"Monarch Networth Capital Limit",B,STK,258.45,258.45,246.55,254,254.9,250.7,56,992,252972,
511557,"PRO FIN CAPITAL SERVICES LTD.",X,STK,3.99,3.99,3.72,3.77,3.77,3.91,882,4191183,15812749,
511559,"TEAM INDIA GUARANTY LIMITED",B,STK,262.1,266.95,255,255.3,266.95,262.1,31,437,112364,
511571,"Crescentis Capital Limited",X,STK,116.4,116.4,110.5,112.05,110.5,111.25,24,2753,309055,
511577,"Mantra Capital Limited",X,STK,14.5,14.75,14,14.6,14.6,14.95,17,9105,130645,
511585,"BEFOUND MOVEMENT LIMITED",X,STK,2.96,2.96,2.91,2.91,2.91,2.96,8,179,526,
511589,"AVONMORE CAPITAL & MANAGEMENT",B,STK,13.6,14.5,13.44,13.77,13.72,13.69,241,4747,66437,
511593,"LIBORD FINANCE LTD",X,STK,17.82,17.82,16.95,17.01,17.82,17.82,7,223,3786,
511601,"YASH MANAGEMENT & SATELLITE LT",X,STK,8.24,8.24,7.51,7.8,7.75,8.24,23,1143,8975,
511605,"ARIHANT CAPITAL MARKETS LTD.",B,STK,73.79,74.08,71.58,73.69,73.98,71.18,155,15775,1160829,
511609,"ISL CONSULTING LTD.",X,STK,29.5,29.5,29.5,29.5,29.5,29.37,1,200,5900,
511611,"DCM FINANCIAL SERVICES LTD.",B,STK,3.63,4.71,3.63,4.71,4.71,3.93,60,25474,117899,
511626,"RR FINANCIAL CONSULTANTS LTD.",X,STK,79.1,84.67,77.69,83.93,83.65,80.7,36,3052,247138,
511628,"FEDDERS HOLDING LIMITED",X,STK,40.81,41.84,40.25,40.43,40.42,40.88,256,49897,2026034,
511630,"SAMBHAAV MEDIA LTD.",B,STK,6.63,6.63,6.32,6.32,6.32,6.63,5,619,4048,
511636,"DJS STOCK & SHARES LTD.",X,STK,2.23,2.39,2.11,2.15,2.23,2.16,87,32700,71614,
511644,"OMEGA INTERACTIVE TECHNOLOGIES",XT,STK,60.65,65.35,60,60.83,63.2,62.95,183,28325,1739399,
511654,"SUGAL & DAMANI SHARE BROKERS L",X,STK,72.95,72.95,64,67.79,65,61.01,32,354,24320,
511658,"NETTLINX LTD.",X,STK,17.35,17.6,16.51,17.55,17.56,17.35,85,20743,354298,
511664,"BGIL FILMS & TECHNOLOGIES LTD.",X,STK,11.28,11.33,10.39,10.85,11.13,10.92,133,59733,639032,
511672,"Scan Steels Limited",X,STK,28.8,29.64,28.25,29.32,29.64,28.2,99,46225,1331541,
511676,"GIC HOUSING FINANCE LTD.",B,STK,148.5,148.95,146.45,147.4,147.4,147.45,118,3832,564254,
511692,"AJCON GLOBAL SERVICES LTD.",X,STK,5.64,6.19,5.64,5.86,5.9,6.24,80,6617,38556,
511700,"STANDARD CAPITAL MARKETS LTD.",X,STK,0.55,0.57,0.52,0.54,0.54,0.52,1533,13505629,7370635,
511702,"YOGI LIMITED",X,STK,167,167,160,163.1,163.1,166.85,27,1683,273676,
511710,"CUBICAL FINANCIAL SERVICES LTD",X,STK,2.03,2.1,2,2.07,2.09,2.03,53,19714,40547,
511712,"RELIC TECHNOLOGIES LTD.",X,STK,73,73,70,70.05,70,70,11,709,50234,
511714,"NIMBUS PROJECTS LTD.",X,STK,198.25,198.25,190,195,195,192.35,20,8075,1567406,
511716,"Invigorated Business Consultin",X,STK,5.13,5.55,5.1,5.55,5.55,5.11,8,357,1824,
511724,"BAID FINSERV LIMITED",B,STK,11.06,11.43,10.89,11.11,11.25,11.01,22,9835,110350,
511726,"VIPUL LTD.",T,STK,12.28,12.28,12.28,12.28,12.28,12.53,4,111,1363,
511728,"K.Z.LEASING & FINANCE LTD.",X,STK,16.96,18.74,16.96,18.74,18.74,17.85,7,695,11811,
511738,"MEHTA SECURITIES LTD.",XT,STK,34.2,34.2,34.2,34.2,34.2,36,2,300,10260,
511740,"RUPAREL FOOD PRODUCTS LIMITED",X,STK,149.1,149.1,134.9,134.9,134.9,142,3,16,2172,
511742,"UGRO CAPITAL LIMITED",B,STK,100.2,104.3,100.2,103.2,103.4,100.15,250,130535,13446917,
511754,"SHALIBHADRA FINANCE LTD.",X,STK,94.89,94.89,90.08,93.51,94.5,94,63,5357,494208,
511756,"ABIRAMI FINANCIAL SERVICES (IN",Z,STK,32.01,34.48,31.2,34.48,34.48,32.84,29,1114,35726,
511758,"MANSI FINANCE (CHENNAI) LTD.",X,STK,70,71,68.85,70.77,70,66,17,1294,90036,
511764,"Aastamangalam Finance Limited",X,STK,39.4,39.4,32.51,33.37,33.37,32.98,17,1268,42066,
511766,"MUTHOOT CAPITAL SERVICES LTD.",B,STK,219.9,224,200.65,202,203.05,191.75,556,10491,2217392,
511768,"MASTER TRUST LTD.",B,STK,79.07,80.91,76,79.4,78.65,78.9,108,7219,571162,
512008,"EFC (I) LIMITED",B,STK,225.2,227.8,220.3,221.2,221,224.75,480,60015,13467311,
512014,"SOBHAGYA MERCHANTILE LTD.",X,STK,705,724.4,679,701.75,698,700.3,54,1186,828982,
512018,"TOMORROW TECHNOLOGIES GLOBAL I",X,STK,9.7,9.85,9.1,9.45,9.45,9.59,82,40553,388532,
512020,"SARASWATI COMMERCIAL (INDIA) L",B,STK,10199.9,10500,10199.9,10342.35,10300,9948.75,15,18,186161,
512025,"BANGANGA PAPER INDUSTRIES LIMI",X,STK,39.46,40.95,38.21,40.27,40.73,38.69,275,44387,1769297,
512036,"SKYBIOTECH HEALTHCARE LIMITED",X,STK,148.75,156.1,148.75,153.65,156.1,148.75,6,48,7154,
512038,"TCC CONCEPT LIMITED",B,STK,404.1,420,393,400.35,402.75,403.1,189,4526,1834020,
512047,"ROYAL INDIA CORPORATION LIMITE",X,STK,3.74,3.74,3.73,3.74,3.74,3.57,50,66376,248193,
512048,"DHANSAFAL FINSERVE LIMITED",X,STK,2.89,3.03,2.89,2.95,3,2.91,96,30492,90143,
512062,"SANMITRA COMMERCIAL LTD.",XT,STK,42.88,42.88,42.88,42.88,42.88,40.84,1,1000,42880,
512065,"MRUGESH TRADING LTD.",XT,STK,13.87,13.87,13.87,13.87,13.87,13.6,1,147,2038,
512068,"DECCAN GOLD MINES LTD.",B,STK,103.25,105.8,102.7,103.05,103.05,101.55,5145,516668,53656425,
512070,"UPL LIMITED",A,STK,632.85,633.2,623,630.4,631,624.75,993,16701,10481108,
512093,"CRANES SOFTWARE INTERNATIONAL",Z,STK,4.14,4.33,4.14,4.31,4.3,4.15,40,48118,203598,
512097,"SAIANAND COMMERCIAL LIMITED",X,STK,0.27,0.28,0.27,0.28,0.27,0.28,84,108576,29733,
512099,"EYANTRA VENTURES LIMITED",XT,STK,951.85,951.85,951.85,951.85,951.85,1001.9,1,10,9518,
512103,"NIDHI GRANITES LTD.",X,STK,294.5,294.5,284.75,284.9,285,280,3,3,864,
512109,"AVIVA INDUSTRIES LTD.",X,STK,60.65,60.65,60.65,60.65,60.65,59.47,1,1000,60650,
512115,"ROSE MERC.LTD.",X,STK,69.9,71.82,64.27,67,67,65.82,10,109,7176,
512131,"SIGNET INDUSTRIES LIMITED",B,STK,45,48,44.39,45.93,45.93,44.85,30,596,26679,
512149,"AVANCE TECHNOLOGIES LTD.",XT,STK,1.02,1.09,1,1.05,1.05,1.05,3881,11677642,12037945,
512161,"SECUREKLOUD TECHNOLOGIES LIMIT",B,STK,21,21.96,20.33,21.95,21.95,20.1,323,17815,384700,
512165,"ABANS ENTERPRISES LTD",X,STK,22.05,23.7,22.05,22.14,22.14,22.02,26,1514,34541,
512175,"VAMA INDUSTRIES LTD.",X,STK,4.25,4.25,3.95,4.1,3.97,3.93,46,30152,122537,
512179,"SUNTECK REALTY LTD.",A,STK,352.1,359.2,348,354.85,353.1,352.05,413,11906,4208607,
512197,"SILVER OAK COMMERCIAL LTD.",Z,STK,3.59,3.95,3.59,3.95,3.95,3.77,35,18484,66710,
512217,"PRISM MEDICO AND PHARMACY LTD.",X,STK,23,23.6,22.48,23.58,23.6,22.48,57,14687,343044,
512229,"VERITAS (INDIA) LTD.",XT,STK,164.45,167.7,161.2,164.15,167,164.45,112,12164,1998172,
512237,"JAI CORP LTD.",B,STK,96.55,103.85,96.55,103.5,103.5,96.45,1110,206102,20774542,
512247,"ASHIRWAD CAPITAL LTD.",X,STK,2.46,2.74,2.4,2.59,2.59,2.41,213,51488,131236,
512257,"SWASTI VINAYAKA ART AND HERITA",X,STK,3.41,3.61,3.41,3.59,3.59,3.53,68,47732,170929,
512267,"MEDIA MATRIX WORLDWIDE LTD.",B,STK,10.5,10.5,9.82,10.18,10.2,9.92,122,26784,271208,
512277,"AUTORIDERS INTERNATIONAL LTD.",XT,STK,393.1,416.95,378.05,403.85,416.95,397.1,63,953,374933,
512296,"BHAGYANAGAR INDIA LTD.",B,STK,156.1,170.65,156.1,166,166,156.2,631,24160,4029972,
512297,"Shantai Industries Limited",XT,STK,43.91,43.91,43.91,43.91,43.91,43.05,8,668,29331,
512301,"CHAMBAL BREWERIES & DISTILLERI",XT,STK,25.99,25.99,25.99,25.99,25.99,24.76,37,14610,379713,
512329,"SG MART LIMITED",B,STK,456.7,459.15,445.8,447.6,447.6,447.45,345,9673,4390137,
512344,"ARAVALI SECURITIES & FINANCE L",XT,STK,5.8,5.8,5.8,5.8,5.8,5.6,8,2026,11750,
512345,"YASH TRADING & FINANCE LTD.",XT,STK,198,198,198,198,198,207.9,1,1,198,
512361,"CUPID BREWERIES AND DISTILLERI",X,STK,30.5,30.5,27.94,28.01,27.94,29.41,633,462309,13064091,
512379,"CRESSANDA RAILWAY SOLUTIONS LI",X,STK,2.44,2.49,2.43,2.46,2.46,2.44,582,538518,1324968,
512381,"STARTECK FINANCE LIMITED",B,STK,259.1,261,254.5,258.4,258.4,258.6,34,3190,821337,
512393,"SHARDUL SECURITIES LTD.",X,STK,28.99,29.45,27.5,28.31,28.78,27,37,6532,183886,
512399,"SERA INVESTMENTS & FINANCE IND",X,STK,34.8,36.5,34.77,36.45,36.5,34.77,40,19780,719803,
512415,"MERCURY TRADE LINKS LTD.",X,STK,5.91,6.16,5.6,5.9,5.98,5.87,133,32069,191418,
512425,"NIRAV COMMERCIALS LTD.",X,STK,580.35,641.3,580.35,600.65,580.35,610.85,3,3,1802,
512437,"APOLLO FINVEST (INDIA) LTD.",X,STK,384.95,398.95,375,375,375,361.75,36,412,156463,
512441,"Enbee Trade &amp; Finance Ltd",X,STK,0.44,0.44,0.43,0.44,0.44,0.43,328,1640964,714578,
512443,"Ganon Products Limited",X,STK,14.5,15.17,14.11,14.59,14.7,14.45,118,220766,3242732,
512453,"SHRI JAGDAMBA POLYMERS LTD.",X,STK,600.3,618,600.3,609.35,603,600,29,486,296207,
512455,"LLOYDS METALS AND ENERGY LTD.",A,STK,1172.1,1195,1160.05,1171.15,1174,1162.7,1122,23287,27415282,
512463,"LLOYDS ENTERPRISES LIMITED",A,STK,47.5,49.83,47.42,49.32,49.32,47.02,868,132265,6434502,
512489,"OASIS SECURITIES LTD.",X,STK,13.49,14.3,13.16,14.14,14.26,13.79,18,13330,179202,
512493,"GARNET INTERNATIONAL LTD.",XT,STK,62,62,60,61.24,61.24,61.78,87,9546,582397,
512499,"SHALIMAR PRODUCTIONS LTD.",X,STK,0.49,0.49,0.49,0.49,0.49,0.49,109,20142,9869,
512519,"DONEAR INDUSTRIES LTD.",B,STK,83.02,91.02,83.02,89.5,89.5,87.85,9,122,10925,
512527,"SUPER SALES INDIA LTD.",X,STK,631.1,650,631.1,646.95,649,631,19,1372,872994,
512529,"VIYASH SCIENTIFIC LIMITED",B,STK,191.05,198.5,190.45,197.35,197.7,190.8,640,18176,3517372,
512531,"STATE TRADING CORPORATION OF I",B,STK,109.95,110.9,108.6,110,110.9,107.1,146,2258,248083,
512553,"ZENITH EXPORTS LTD.",B,STK,179.6,179.6,179.6,179.6,179.6,189,1,1,179,
512559,"KOHINOOR FOODS LTD.",B,STK,26,26,24.26,24.69,24.9,24.61,86,2174,53473,
512565,"NEELKANTH LIMITED",X,STK,50.01,50.01,49.57,49.57,49.57,52.17,20,4060,201324,
512573,"AVANTI FEEDS LTD.",A,STK,1165.15,1212,1145,1204.15,1204,1161.8,2185,47994,56485261,
512587,"ZODIAC-JRD-MKJ LTD.",X,STK,33.8,33.8,31.7,33.37,33.25,31.68,78,11538,375644,
512589,"SITA ENTERPRISES LTD.",X,STK,171.9,172.3,157,164.55,168.8,165.95,53,1302,212272,
512591,"PULSAR INTERNATIONAL LTD.",XT,STK,0.81,0.85,0.79,0.79,0.79,0.83,973,3885422,3124688,
512595,"Manbro Industries Limited",XT,STK,771,800,751,776.95,791,771,27,102,80016,
512597,"KEYNOTE FINANCIAL SERVICES LIM",B,STK,264,270,264,269.55,269.55,263.1,10,121,32430,
512599,"ADANI ENTERPRISES LTD.",A,STK,2022.95,2031.6,1982.55,1998.15,1998.15,1999.65,4801,63022,125910441,
512600,"ASTAL LABORATORIES LIMITED",X,STK,76,78.94,76,77.97,78,76,64,3308,255156,
512604,"HARIA EXPORTS LTD.",X,STK,7,7.95,6.99,7.16,7.17,7.34,11,1842,13040,
512608,"BHANDARI HOSIERY EXPORTS LTD.",B,STK,2.57,2.68,2.53,2.55,2.55,2.56,455,227408,591483,
512618,"RLF LTD.",X,STK,11.5,11.55,11.5,11.55,11.55,11.85,11,2386,27504,
512624,"Regent Enterprises Limited",X,STK,5.41,5.78,5.01,5.34,5.34,5.49,150,100948,537402,
512626,"ORBIT EXPORTS LTD.",B,STK,154.5,172.5,153,161.5,161.2,161.8,47,732,117345,
512634,"SAVERA INDUSTRIES LTD.",X,STK,164.8,164.8,155,158,158,151.75,32,2391,381079,
513005,"Chrome Silicon Limited",X,STK,43.5,43.5,37.9,41.8,41.8,41.01,33,506,20394,
513023,"NAVA LIMITED",A,STK,545.8,569.6,545.8,564.65,569.6,545.2,365,6335,3553175,
513043,"REMI EDELSTAHL TUBULARS LIMITE",X,STK,140,144,137,143.1,143.5,134.25,44,6509,920980,
513059,"G.S.AUTO INTERNATIONAL LTD.",X,STK,29.71,31,29.5,30.94,30.94,29.69,46,7504,223652,
513063,"TRANS-FREIGHT CONTAINERS LTD.",X,STK,21.6,21.8,20.9,21.8,21.8,21.7,34,2015,42251,
513097,"SHIVALIK BIMETAL CONTROLS LTD.",B,STK,413.6,442.8,413.6,428.95,427.75,413.3,414,3089,1330761,
513108,"GANDHI SPECIAL TUBES LTD.",B,STK,809,838,803.5,825.6,820,804.85,63,230,188668,
513117,"AMFORGE INDUSTRIES LTD.",X,STK,6.75,6.87,6.58,6.76,6.77,6.77,23,5328,35980,
513121,"ORICON ENTERPRISES LTD.",B,STK,64,67.59,63.94,66.61,66.55,64.1,734,58354,3890411,
513173,"STEEL STRIPS INFRASTRUCTURES L",X,STK,19.85,20.96,19.8,20.86,20.86,20.99,6,36,730,
513228,"PENNAR INDUSTRIES LTD.",B,STK,137,145,135.85,144,144.5,135.4,783,23681,3310131,
513250,"JYOTI STRUCTURES LTD.",A,STK,10.9,11.51,10.9,11.09,11.09,10.96,1074,1319907,14843137,
513252,"JAY USHIN LTD.",X,STK,776,800,776,791.5,783,776,14,105,82802,
513262,"STEEL STRIPS WHEELS LTD.",B,STK,187.9,193.45,186.6,191.45,191.45,187.85,290,6112,1160282,
513269,"MAN INDUSTRIES (INDIA) LTD.",B,STK,396.05,404.9,394.8,400.3,398,392.8,489,23362,9331581,
513295,"IMEC SERVICES LIMITED",X,STK,183,184,176,177.1,176.5,176,72,1358,243701,
513303,"MODERN STEELS LTD.",X,STK,12.27,12.96,12.06,12.81,12.93,12.33,16,386,4776,
513307,"SYNTHIKO FOILS LTD.",XT,STK,1730,1800,1717.15,1731,1721,1717.15,42,331,580370,
513309,"Golkonda Aluminium Extrusions",X,STK,7.7,7.7,7.1,7.31,7.27,7.44,84,22992,166740,
513337,"GUJARAT TOOLROOM LTD.",B,STK,0.56,0.57,0.55,0.56,0.57,0.55,1117,2774677,1552211,
513349,"AJMERA REALTY & INFRA INDIA LT",B,STK,121.45,124.55,120.1,123.4,123,120.4,234,12140,1489081,
513353,"COCHIN MINERALS & RUTILE LTD.",X,STK,232,242,229,232.55,232,234.55,118,2675,621360,
513361,"India Homes Limited",X,STK,14.8,15.15,14.8,15.08,15.08,14.84,427,375599,5639263,
513369,"KRISHANVEER FORGE LIMITED",X,STK,124.3,129.7,124.3,125.05,127.2,128.9,24,1099,137880,
513375,"CARBORUNDUM UNIVERSAL LTD.",A,STK,797.9,807.75,794.05,799.35,805,797.5,319,3575,2854936,
513377,"MMTC LTD.",A,STK,55.14,56.2,55.03,55.95,56.12,54.65,695,51300,2844464,
513397,"VALLABH STEELS LTD.",X,STK,11.97,11.97,10.83,11.94,11.95,11.4,30,5305,61911,
513418,"SMITHS & FOUNDERS (INDIA) LIMI",X,STK,5.2,5.69,5.06,5.22,5.35,5.25,158,90695,468919,
513422,"BLOOM INDUSTRIES LTD.",X,STK,30.01,31,28.63,30.02,30.02,30.01,16,378,11321,
513430,"Maitri Enterprises Limited",X,STK,23.01,23.01,23.01,23.01,23.01,23.81,1,155,3566,
513436,"SHAH ALLOYS LTD.",B,STK,57.68,59.28,56,57.43,57.44,55.64,29,8555,489587,
513452,"ELANGO INDUSTRIES LTD.",X,STK,10.95,10.95,9.93,9.93,9.93,10.45,2,78,781,
513456,"KANISHK STEEL INDUSTRIES LTD.",X,STK,55.4,55.4,52.22,52.99,53,53.8,32,5918,314781,
513460,"MAHALAXMI SEAMLESS LTD.",Z,STK,8.01,8.42,8.01,8.42,8.42,8.42,4,314,2520,
513472,"SIMPLEX CASTINGS LTD.",X,STK,459.25,462.95,445.05,450.35,450.35,459.25,102,4443,2013081,
513488,"SHREE STEEL WIRE ROPES LTD.",X,STK,19.85,19.85,18.98,19.17,19.49,18.24,15,1470,27925,
513496,"SIZEMASTERS TECHNOLOGY LIMITED",XT,STK,272,275.85,251.3,274.9,274.9,263.25,16,188,51178,
513498,"SOUTHERN MAGNESIUM & CHEMICALS",X,STK,78,78.94,76,78.94,78.94,78.31,25,2044,159257,
513502,"BARODA EXTRUSION LTD.",XT,STK,8.2,8.5,8.1,8.31,8.3,8.33,220,69253,572462,
513507,"GUJARAT CONTAINERS LTD.",P,STK,168.55,168.55,168.55,168.55,168.55,163.55,1,700,117985,
513509,"KALYANI FORGE LTD.",B,STK,576.1,577,576.1,576.4,576.2,565,11,14,8067,
513511,"PANCHMAHAL STEEL LTD.",X,STK,310,336,300.1,310.45,324.95,311.15,40,5685,1835592,
513513,"ADITYA ISPAT LTD.",X,STK,9.25,9.95,9.25,9.95,9.95,9.01,11,5101,47934,
513517,"STEELCAST LTD.",B,STK,231.6,232.6,221.15,232.15,221.15,226.4,28,616,142392,
513519,"PITTI ENGINEERING LIMITED",B,STK,854.4,858,836.05,843.1,840,840.95,93,1018,867405,
513528,"GLITTEK GRANITES LTD.",XT,STK,58.27,58.27,58.27,58.27,58.27,61.33,39,2168,126329,
513532,"PRADEEP METALS LTD.",X,STK,318,330.7,318,325.7,325.05,317.35,88,4337,1415048,
513536,"GUJARAT NATURAL RESOURCES LIMI",X,STK,95,98.5,95,97.85,97.6,94.85,382,28365,2760619,
513548,"SHARDA ISPAT LTD.",X,STK,161.2,161.2,147.05,149.85,149.85,155.35,52,798,119442,
513554,"MAHAMAYA STEEL INDUSTRIES LTD.",B,STK,900,955.6,900,943.55,937.45,873.1,275,2286,2109422,
513566,"NOVA IRON & STEEL LTD.",X,STK,13.36,13.36,11.86,12.22,12.22,12.38,21,774,9385,
513575,"STERLING POWERGENSYS LTD",X,STK,20.94,20.95,20,20.83,20.82,20,37,4939,102333,
513579,"FOUNDRY FUEL PRODUCTS LTD.",Z,STK,6.57,6.75,6.57,6.6,6.6,6.43,5,397,2635,
513599,"HINDUSTAN COPPER LTD.",A,STK,550.5,555,545.55,549.75,549.75,540.9,10792,552924,304214828,
513629,"TULSYAN NEC LTD.",X,STK,20.25,20.25,19.09,19.09,19.09,20.09,53,10335,198113,
513642,"AXEL POLYMERS LTD.",X,STK,47.9,47.9,43.76,46,46,44.26,5,160,7552,
513683,"NLC India Limited",A,STK,245.15,246.95,241.55,245.25,245.4,239.85,1320,47933,11714611,
513687,"SPECTRA INDUSTRIES LTD.",Z,STK,5.23,5.23,4.75,5.23,5.23,4.99,9,729,3656,
513693,"KIC METALIKS LTD.",X,STK,28.13,28.97,27.8,28.11,28.1,28.13,20,1252,35789,
513699,"SOLID STONE COMPANY LTD.",X,STK,30,30,25.22,27.78,27.78,25.51,26,841,21603,
513709,"SHILP GRAVURES LTD.",X,STK,162.8,169.9,160,165.1,165.1,160.7,58,3880,637713,
513713,"White Organic Agro Limited",X,STK,3.64,3.7,3.56,3.63,3.69,3.64,60,4068,14661,
513721,"MFS INTERCORP LTD.",XT,STK,17,17,17,17,17,17,1,500,8500,
513729,"ARO GRANITE INDUSTRIES LTD.",B,STK,24.51,26.3,24.23,24.59,24.6,24.47,67,24998,623615,
514010,"RUDRA ECOVATION LIMITED",X,STK,20.44,21,18.6,19.8,19.94,20.09,268,107680,2182949,
514028,"RAJKAMAL SYNTHETICS LTD.",X,STK,36.95,36.95,31.3,34.87,34.87,33.99,15,222,7305,
514030,"DEEPAK SPINNERS LTD.",X,STK,118,118.5,113,113.4,113.4,117.5,58,1738,201003,
514043,"HIMATSINGKA SEIDE LTD.",B,STK,87.07,89.02,86.55,87.88,87.88,85.95,517,35197,3084365,
514045,"BSL LTD.",B,STK,124.15,130,124.1,130,130,126.8,13,173,21800,
514060,"NEWTRAC FOODS & BEVERAGES LIMI",X,STK,4.7,5.06,4.61,4.7,4.7,4.74,68,27585,130153,
514087,"PBM POLYTEX LTD.",X,STK,56,56,52.05,54.5,55,54.99,10,119,6640,
514113,"ADINATH TEXTILES LTD.",XT,STK,19,19,19,19,19,20,26,1263,23997,
514128,"KONARK SYNTHETIC LTD.",Z,STK,35.68,35.68,35.68,35.68,35.68,36.41,5,104,3710,
514138,"SURYALATA SPINNING MILLS LTD.",X,STK,312.45,327,312.45,319,319,312.45,19,567,180715,
514142,"T T LTD.",T,STK,8.6,9.25,8.37,9.14,9.14,8.81,49,19553,167254,
514162,"WELSPUN LIVING LIMITED",A,STK,117.3,118.6,115.55,116.85,118.2,115.8,907,96148,11246320,
514165,"INDIAN ACRYLICS LTD.",X,STK,5.29,5.38,5.2,5.37,5.38,5.24,65,17925,95068,
514167,"GANESHA ECOSPHERE LTD.",A,STK,704.8,752.8,704.3,744.2,748.95,704.75,392,3564,2586607,
514171,"CEETA INDUSTRIES LTD.",XT,STK,47.75,47.75,45,45.98,46,46,35,332,15279,
514175,"VARDHMAN POLYTEX LTD.",T,STK,8.6,9,8.6,8.8,8.8,8.68,132,55764,489945,
514183,"BLACK ROSE INDUSTRIES LTD.",X,STK,80.99,81.5,78.35,80.9,81,79.21,180,6404,514258,
514197,"S&T CORPORATION LTD.",X,STK,4.4,4.6,3.81,4.04,4.04,4.29,71,14196,58837,
514211,"SUMEET INDUSTRIES LTD.",B,STK,28.56,30.5,28.56,30.16,30.16,28.86,57,3767,111463,
514223,"RAMGOPAL POLYTEX LTD.",XT,STK,18.5,19.42,17.58,19.12,19.42,18.5,32,5891,107948,
514234,"SANGAM (INDIA) LTD.",B,STK,425.85,437.05,425.85,435,435.65,421.2,323,1468,637207,
514238,"MKVENTURES CAPITAL LIMITED",X,STK,800,874,800,846.2,874,805,36,618,517195,
514240,"Kush Industries Limited",X,STK,6.4,6.4,5.95,6.13,6.01,6.12,31,3955,24525,
514248,"SREECHEM RESINS LTD.",P,STK,32,32,31,31,31,31.1,4,1300,40400,
514260,"SURBHI INDUSTRIES LTD.",X,STK,42.95,42.95,42.95,42.95,42.95,40.91,2,150,6442,
514264,"SEASONS TEXTILES LTD.",X,STK,17.79,17.79,17.44,17.53,17.53,17.44,3,155,2712,
514266,"ZENITH FIBRES LTD.",X,STK,50.9,50.95,50,50.94,50.94,50.9,12,668,33504,
514272,"BHILWARA SPINNERS LTD.",X,STK,109.45,109.45,109,109,109,109.45,3,45,4920,
514274,"VARVEE GLOBAL LIMITED",B,STK,62.97,62.97,61.05,61.55,61.55,60.19,59,421,26194,
514280,"SANRHEA TECHNICAL TEXTILES LTD",X,STK,129.9,134.4,129.9,134.4,134.4,127.85,2,20,2683,
514286,"ASHIMA LTD.",B,STK,14.05,15,13.9,14,13.9,13.99,32,11380,160659,
514300,"PIONEER EMBROIDERIES LTD.",B,STK,25,25.66,25,25.66,25.66,24.71,18,646,16153,
514302,"VIPPY SPINPRO LTD.",X,STK,158.05,160,158.05,160,160,158.1,4,264,41779,
514312,"JAIHIND SYNTHETICS LTD.",XT,STK,46.95,46.95,46.93,46.93,46.93,49.4,13,1650,77435,
514316,"RAGHUVIR SYNTHETICS LTD.",X,STK,111,111,104,105.25,107.7,111,40,9673,1037226,
514318,"JATTASHANKAR INDUSTIES LTD.",XT,STK,425.05,428.9,425.05,428.9,428.9,422.95,4,7,2998,
514322,"KAMADGIRI FASHION LTD.",X,STK,82.5,90,82.5,87,87,81.19,8,60415,5256161,
514324,"OMNITEX INDUSTRIES (INDIA) LTD",XT,STK,680,713.95,658,658.25,658,690.95,28,984,657602,
514326,"PATSPIN INDIA LTD.",X,STK,7.72,7.9,7.26,7.88,7.36,7.43,30,8408,65698,
514330,"ONE GLOBAL SERVICE PROVIDER LI",X,STK,607.4,655,600.25,651.05,652,604.35,1267,40327,25761797,
514332,"NEO INFRACON LTD.",X,STK,39.95,42,35.1,35.89,38.89,42.65,24,1779,67587,
514336,"GENESIS IBRC INDIA LIMITED",XT,STK,88.85,88.85,80.39,88.85,88.85,84.62,13,123,10703,
514348,"WINSOME YARNS LTD.",Z,STK,1.84,1.87,1.81,1.82,1.82,1.84,10,627,1167,
514354,"PREMIER POLYFILM LTD.",B,STK,55.8,63.3,55.42,60.96,60.96,55.41,420,43924,2708008,
514358,"EVERLON FINANCIALS LIMITED",X,STK,99,99,90.1,98.8,98.8,94.75,12,43,4176,
514360,"K&R RAIL ENGINEERING LIMITED",X,STK,24.66,25.4,23.43,23.95,23.95,24.66,899,121390,2898794,
514378,"YARN SYNDICATE LTD.",X,STK,13,13.09,11.5,11.98,11.98,13.14,65,10177,125836,
514386,"GUJARAT COTEX LTD.",X,STK,9.07,9.35,8.36,8.99,9.09,8.89,218,67633,607913,
514402,"ECO HOTELS AND RESORTS LIMITED",X,STK,12,12.28,11.12,11.46,11.46,12.15,221,79000,911551,
514412,"SARUP INDUSTRIES LTD.",XT,STK,160,160,160,160,160,160,1,1,160,
514418,"MANGALAM ORGANICS LIMITED",B,STK,408.7,416.75,399.8,410,416.75,410.75,46,387,157019,
514428,"HINDUSTAN ADHESIVES LTD.",X,STK,306.85,306.85,293.6,296.9,300,293.6,39,1873,562054,
514440,"Blue Pearl Agriventures Limite",B,STK,46,46,41.92,44.05,45.75,44.12,99,27907,1269404,
514442,"SRI KPR INDUSTRIES LTD.",X,STK,18.95,19.65,18.88,19.5,19.5,18.56,18,1604,30446,
514448,"JYOTI RESINS & ADHESIVES LTD.",B,STK,816.05,834.95,815.85,832.2,832.2,814.35,690,14888,12286513,
514450,"MAHALAXMI RUBTECH LTD.",B,STK,167.5,167.65,158.15,158.15,158.15,167.65,5,47,7837,
514454,"SOUTHERN LATEX LTD.",X,STK,26.1,28.69,26.1,28.4,28.4,27.41,29,3631,100509,
514460,"OSWAL YARNS LTD.",XT,STK,14.59,14.59,14.59,14.59,14.59,14.59,3,102,1488,
514470,"WINSOME TEXTILE INDUSTRIES LTD",B,STK,73.51,73.51,70.7,71.04,70.86,72.32,72,85197,6147778,
515008,"MODERN INSULATORS LTD.",X,STK,230,237.75,227.6,237.75,237.75,226.45,609,113058,26770145,
515018,"REGENCY CERAMICS LTD.",B,STK,42.1,42.1,40.97,40.97,40.97,41.5,8,198,8322,
515030,"ASAHI INDIA GLASS LTD.",A,STK,836.3,890,827.7,879.8,879.8,835.45,1232,8512,7313232,
515037,"MURUDESHWAR CERAMICS LTD.",B,STK,31.9,31.9,30.61,30.97,31.74,30.74,26,1776,54697,
515043,"SAINT-GOBAIN SEKURIT INDIA LTD",B,STK,95.48,95.92,94.01,95.03,95.03,94.12,279,41039,3893364,
515055,"ANANT RAJ LIMITED",A,STK,480.55,490,475.4,485.25,485.25,473.65,4033,166338,80129847,
515059,"MADHUSUDAN INDUSTRIES LTD.",X,STK,32.8,32.8,30.75,30.75,30.75,29.99,5,723,22486,
515085,"RESTILE CERAMICS LTD.",X,STK,6.44,6.88,6.02,6.26,6.14,6.33,36,10394,64750,
515093,"MADHAV MARBLES & GRANITES LTD.",B,STK,35.53,35.53,35.53,35.53,35.53,35.03,4,1000,35530,
515147,"HALDYN GLASS LTD",X,STK,83.22,90.8,83.22,86.65,87.95,84.26,346,51029,4420727,
516003,"DUROPLY INDUSTRIES LIMITED",X,STK,138.3,138.3,129.1,130.9,130.2,127.3,35,1726,229121,
516016,"SHREYANS INDUSTRIES LTD.",B,STK,153.25,153.25,148.2,152.25,152.25,145.95,6,105,15602,
516020,"AGIO PAPER & INDUSTRIES LTD.",X,STK,3.86,3.86,3.86,3.86,3.86,3.68,3,3,11,
516022,"STAR PAPER MILLS LTD.",B,STK,134.65,135.5,133,134.75,135,133.85,31,307,41282,
516030,"PAKKA LIMITED",B,STK,81.33,82.29,79,79.37,79.92,81.33,181,10790,872297,
516032,"TAHMAR ENTERPRISES LIMITED",X,STK,6.5,6.7,6.21,6.32,6.25,6.36,92,14302,92038,
516038,"KS Smart Technologies Limited",XT,STK,217.05,217.05,206.25,206.3,206.3,217.05,29,1465,312676,
516062,"NATIONAL PLYWOOD INDUSTRIES LT",Z,STK,6,6,6,6,6,6.12,13,3679,22074,
516064,"Arrow Greentech Limited",B,STK,371,381,371,379.7,380,374.35,76,1181,444178,
516072,"VISHNU CHEMICALS LTD.",B,STK,497.7,507.9,482,485,484.4,497.65,147,1861,910189,
516078,"JUMBO BAG LTD.",X,STK,62,62,60.5,60.5,60.5,59.2,6,97,5885,
516092,"3P LAND HOLDINGS LTD.",B,STK,31.02,31.3,30.47,30.91,30.91,31.02,9,27,834,
516096,"SANGAL PAPERS LTD.",X,STK,185.9,185.9,185.9,185.9,185.9,185,2,100,18590,
516098,"VENTURA TEXTILES LTD.",X,STK,7.25,8.95,7.25,8.64,8.65,8,47,4714,40742,
516106,"SHREE KARTHIK PAPERS LTD.",X,STK,6.1,6.38,5.8,6.37,6.36,6.1,33,54817,322248,
516108,"SOUTH INDIA PAPER MILLS LTD.",X,STK,90.06,92.97,86.4,87.97,86.41,90.06,25,16357,1460239,
516110,"FAMILY CARE HOSPITALS LIMITED",X,STK,2.96,3.09,2.9,2.96,3,2.94,168,34676,104226,
517015,"VINDHYA TELELINKS LTD.",B,STK,1019.2,1152.5,996.85,1127.65,1120.7,1004.15,282,2584,2805842,
517035,"RIR POWER ELECTRONICS LIMITED",B,STK,162.5,166,160,161.25,161.25,159.9,1609,163670,26708667,
517041,"ADOR WELDING LTD.",B,STK,990,1015,990,1005.7,1004,990.4,43,193,193871,
517059,"SALZER ELECTRONICS LTD.",B,STK,569.6,626.45,569.6,610.3,606,573.25,476,6633,3993821,
517063,"JETKING INFOTRAIN LTD.",X,STK,131.6,132.9,124.5,126.45,130.8,128.95,58,2909,376882,
517077,"IND-AGIV COMMERCE LTD.",X,STK,51,51,48.5,48.5,48.5,51,2,11,558,
517096,"APLAB LTD.",X,STK,74.75,74.75,67.25,69.75,73,69.03,148,4132,298567,
517119,"PCS TECHNOLOGY LTD.",X,STK,18.41,19.2,18.01,19.15,19.15,18.05,20,926,17447,
517146,"USHA MARTIN LTD.",A,STK,408.65,422,408.65,420.15,420.1,404,567,13319,5531100,
517166,"SPEL SEMICONDUCTOR LTD.",X,STK,138.1,141,138.1,139.25,139.25,137.4,754,31677,4419055,
517168,"SUBROS LTD.",B,STK,696.55,714.2,696.55,701.35,701.7,692.45,306,4237,2994123,
517170,"Edvenswa Enterprises Limited",X,STK,22.8,24.9,21.3,24.45,24.9,22.08,170,46577,1072966,
517174,"HONEYWELL AUTOMATION INDIA LTD",A,STK,30415,30890,30250,30795.65,30795.65,29695.35,198,274,8372389,
517201,"SWITCHING TECHNOLOGIES GUNTHER",XT,STK,75.05,78.39,75.05,77.56,78.39,78.99,5,60,4636,
517206,"LUMAX INDUSTRIES LTD.",B,STK,5250.05,5439,5161.8,5182.55,5181.1,5243.2,335,1301,6872768,
517214,"DIGISPICE TECHNOLOGIES LIMITED",B,STK,17.18,17.9,17,17.9,17.8,17.18,63,16014,276098,
517230,"PAE LTD.",XT,STK,16.46,16.46,16.46,16.46,16.46,15.68,1,1,16,
517236,"CALCOM VISION LTD.",X,STK,78.55,82.4,78,79.57,80,78.55,78,8665,695461,
517246,"BCC FUBA INDIA LTD.",X,STK,160,166.85,158.6,164.8,164.8,156.6,526,37088,6064139,
517258,"PRECISION ELECTRONICS LTD.",X,STK,140.6,140.6,132,134.35,135,133.95,18,555,75694,
517264,"FINE-LINE CIRCUITS LTD.",X,STK,82,85.96,77.9,80.15,80.15,82,27,283,22955,
517271,"HBL ENGINEERING LIMITED",A,STK,658.4,689,657,683.5,688,649.7,1980,60616,40613783,
517273,"S&S POWER SWITCHGEAR LTD.",T,STK,354,366,350,365.85,365.85,348.75,41,1281,465212,
517286,"RNIT AI SOLUTIONS LIMITED",XT,STK,47.55,50,47.55,49.31,49.06,47.97,267,92989,4554601,
517288,"Gujarat Poly Electronics Limit",X,STK,58,58,55,56.8,56.8,56.85,31,2153,121745,
517300,"GUJARAT INDUSTRIES POWER CO.LT",B,STK,131.8,134.55,131.35,133.45,132.9,130.9,411,22768,3021465,
517320,"MAGNUS STEEL AND INFRA LIMITED",XT,STK,69.7,69.71,69.7,69.71,69.71,68.35,45,14779,1030220,
517334,"Samvardhana Motherson Internat",A,STK,121.35,123.9,119.6,123.45,123.9,117.95,3217,404435,49297820,
517344,"MINDTECK (INDIA) LTD.",B,STK,191.85,192.15,189.5,191,192.15,186.65,93,2707,518149,
517354,"HAVELLS INDIA LTD.",A,STK,1336.85,1383.2,1336.85,1357.8,1355.35,1330,3056,29569,40414304,
517356,"ACI INFOCOM LTD.",XT,STK,1.19,1.22,1.15,1.22,1.2,1.19,126,47808,57327,
517360,"SBEC SYSTEMS (INDIA) LTD.",X,STK,16.51,19.75,16.51,19.72,16.82,17.98,20,5543,107511,
517370,"INCAP LTD.",X,STK,99.5,99.5,84.11,86.83,90.45,83.15,22,1234,109160,
517372,"GUJARAT INTRUX LTD.",X,STK,440,449.9,430,448.25,449.9,431.25,236,7101,3137841,
517380,"IGARASHI MOTORS INDIA LTD.",B,STK,323.75,324.7,315.45,319.7,324.7,313.35,116,1229,392649,
517385,"SYMPHONY LIMITED",B,STK,768.65,795,767.75,792.1,792.1,768.25,605,9039,7050615,
517393,"REGANTO ENTERPRISES LIMITED",Z,STK,9.17,9.43,8.55,8.94,9.19,8.99,276,198408,1811375,
517397,"PAN ELECTRONICS INDIA LTD.",X,STK,42.38,42.38,39.88,39.88,39.88,41.97,10,898,37218,
517399,"VXL INSTRUMENTS LTD.",XT,STK,3.42,3.42,3.29,3.29,3.29,3.46,4,63,214,
517415,"LEE & NEE SOFTWARES (EXPORTS)",XT,STK,7.5,7.9,7.5,7.56,7.6,7.57,37,4649,35396,
517417,"PATELS AIRTEMP (INDIA) LTD.",X,STK,238.8,241,227.2,230.8,230.8,227.65,189,10454,2426769,
517421,"BUTTERFLY GANDHIMATHI APPLIANC",B,STK,597.25,608,595.25,606.35,608,582.7,44,223,134137,
517429,"Athena Global Technologies Lim",X,STK,70.2,70.2,70,70,70,70.2,11,1160,81222,
517431,"NARMADA MACPLAST DRIP IRRIGATI",X,STK,22.44,22.95,21.4,22.29,22.46,21.79,422,52564,1173392,
517447,"R.S.SOFTWARE INDIA LTD.",B,STK,30.7,32.27,29.4,29.45,29.45,30.7,164,87126,2574525,
517449,"MAGNA ELECTRO CASTINGS LTD.",X,STK,928.1,958,925,935.05,947,927.8,59,820,766253,
517467,"MARSONS LIMITED",B,STK,133.5,138.7,133.45,137.05,137.05,132.2,908,397373,54021679,
517477,"ELNET TECHNOLOGIES LTD.",X,STK,320,350.9,320,331.4,337.3,320.45,15,715,237356,
517494,"ACCEL LIMITED",X,STK,11.98,12.25,11.49,12.05,12.18,11.41,65,81314,980002,
517498,"WEBSOL ENERGY SYSTEM LTD.",A,STK,53,55.75,51.53,54.76,54.76,51.95,2960,417203,22539247,
517500,"ROTO PUMPS LTD.",B,STK,52.56,54.87,52.56,54.35,54.6,53.05,244,46448,2519260,
517506,"TTK PRESTIGE LTD.",A,STK,442.05,495.4,442.05,485,485,453.85,608,4746,2246833,
517514,"D&H INDIA LTD",X,STK,146.1,150.9,145.55,149.2,149.75,146.3,116,4456,661075,
517522,"RAJRATAN GLOBAL WIRE LTD.",B,STK,384.6,396.25,384.6,394.15,392,384.5,142,1452,569590,
517530,"SURANA TELECOM AND POWER LIMIT",B,STK,16.97,17.49,16.8,17.1,17.2,16.97,102,14369,244804,
517536,"ONWARD TECHNOLOGIES LTD.",B,STK,242,246.75,242,246.5,246.6,238.5,129,1943,472814,
517544,"CENTUM ELECTRONICS LTD.",B,STK,2800.7,2880,2800.7,2838.5,2837.6,2780.15,429,2394,6805927,
517546,"ALFA TRANSFORMERS LTD.",X,STK,42,45.5,42,43.66,44.25,41.81,201,20515,902883,
517554,"NHC FOODS LTD.",X,STK,0.81,0.82,0.79,0.8,0.8,0.8,267,765943,617215,
517556,"PVP VENTURES LTD.",B,STK,25.96,26.75,25.92,26.21,26.2,25.96,138,49369,1291636,
517562,"TRIGYN TECHNOLOGIES LTD.",B,STK,48.3,49.41,48.17,48.49,48.49,47.7,57,7845,381585,
517569,"KEI INDUSTRIES LTD.",A,STK,4805.35,4849.5,4430,4534.75,4534.75,4790.05,16075,91085,413025238,
518011,"KEERTHI INDUSTRIES LTD.",X,STK,59,60.95,53,60.02,60.95,59.9,29,2181,128367,
518053,"Sri Chakra Cement Limited",X,STK,35.06,36.78,34.5,36.78,36.78,35.03,18,30357,1048270,
518075,"SURAJ PRODUCTS LTD.",Z,STK,240,240,231,234.55,238,229.25,70,4557,1065413,
518091,"ANJANI PORTLAND CEMENT LTD.",B,STK,116,117,116,116.85,116,115,17,624,72838,
519003,"MODI NATURALS LIMITED",B,STK,277.35,288.45,277,287.1,277,276,20,346,97316,
519091,"TASTY BITE EATABLES LTD.",B,STK,7065,7285,7065,7284.6,7253.05,7064.45,95,220,1592749,
519097,"RITESH INTERNATIONAL LTD.",X,STK,54.5,56,52,52.39,52,54.48,40,4118,217756,
519105,"AVT NATURAL PRODUCTS LTD.",B,STK,61.71,61.9,60.18,60.84,60.46,60.25,47,1274,77143,
519126,"HINDUSTAN FOODS LTD.",B,STK,471,481.8,467.55,478.35,481.8,470.05,136,1468,694382,
519136,"NAHAR INDUSTRIAL ENTERPRISES L",B,STK,91.63,91.63,91.08,91.63,91.63,90.61,4,122,11112,
519152,"VADILAL ENTERPRISES LTD.",X,STK,9850,9850,9705,9762.8,9849.15,9750.05,18,20,195260,
519156,"VADILAL INDUSTRIES LTD.",B,STK,5101.5,5101.5,4991,5015.95,5008,4977.1,80,364,1823522,
519174,"ASHIANA AGRO INDUSTRIES LTD.",XT,STK,9.5,9.5,9.5,9.5,9.5,9.5,1,1,9,
519183,"ADF FOODS LTD.",B,STK,184.3,189.3,184.2,187.75,188,184.25,186,3453,645440,
519191,"Retro Green Revolution Limited",Z,STK,1.48,1.49,1.39,1.48,1.49,1.44,66,54005,78626,
519214,"WILLIAMSON FINANCIAL SERVICES",X,STK,7.24,7.24,7.24,7.24,7.24,7.62,8,1815,13140,
519216,"AJANTA SOYA LTD.",X,STK,22.2,22.89,21.8,22.56,22.56,21.77,191,44390,997876,
519224,"WILLIAMSON MAGOR & COMPANY LTD",B,STK,27.7,27.89,25.48,25.72,25.48,26.98,6,60,1605,
519230,"KISAAN PARIVAR INDUSTRIES LIMI",X,STK,17.84,18.44,16.21,17.07,17.06,16.93,31,4143,73421,
519234,"SUPERIOR INDUSTRIAL ENTERPRISE",X,STK,35.89,37.5,32.4,33.08,33.69,34.57,69,17583,598323,
519238,"SAPTARISHI AGRO INDUSTRIES LTD",X,STK,46,46,44.05,46,46,45.87,5,122,5426,
519260,"SANWARIA CONSUMER LIMITED",Z,STK,0.49,0.49,0.49,0.49,0.49,0.49,1,50,24,
519262,"PRIMA AGRO LTD.",X,STK,15.8,16.6,15.26,16.11,15.34,16.89,27,1632,25814,
519285,"TARAI FOODS LTD.",Z,STK,6.62,6.62,6.31,6.62,6.62,6.31,13,1468,9717,
519287,"MODERN DAIRIES LTD.",X,STK,32.9,33.06,32.48,33,33,32.84,46,4758,156067,
519295,"BAMBINO AGRO INDUSTRIES LTD.",X,STK,197.95,202.75,190.05,200.8,200.2,190.1,32,336,66027,
519299,"PRIME INDUSTRIES LTD.",X,STK,35.16,36.5,35.06,35.66,35.4,35.06,39,10624,378888,
519307,"VIKAS WSP LTD.",Z,STK,1.02,1.06,1.02,1.03,1.06,1.02,43,26648,27824,
519331,"VSF PROJECTS LTD.",X,STK,45.26,45.26,36.2,38.62,38.62,37.73,36,3298,123837,
519359,"POONA DAL & OIL INDUSTRIES LTD",X,STK,65.1,65.15,65.1,65.1,65.1,65.41,15,393,25585,
519383,"ANIK INDUSTRIES LTD.",B,STK,41.5,41.5,40.4,40.5,40.4,40.33,53,1092,44390,
519397,"SHARAT INDUSTRIES LTD.",X,STK,145.2,147,140.1,145.6,144,141.9,336,166916,23896522,
519421,"KSE LTD.",X,STK,198.3,198.3,192.25,195.1,195.1,194.2,212,16566,3230775,
519457,"VIRAT CRANE INDUSTRIES LTD.",X,STK,27.66,29.89,27.66,28.49,29.2,27.79,22,4685,134317,
519463,"IB INFOTECH ENTERPRISES LTD.",XT,STK,803.9,803.9,803.9,803.9,803.9,820.3,24,490,393911,
519471,"Ambar Protein Industries Limit",X,STK,171.7,171.7,165,165.3,165,171.05,21,813,134581,
519475,"CHORDIA FOOD PRODUCTS LTD.",X,STK,70.78,73.92,70.78,73.92,73.92,72.6,5,48,3403,
519477,"CIAN Agro Ind & Infra Ltd",T,STK,1150,1210,1146,1180.8,1181,1163.45,1227,29794,35186271,
519479,"OMEGA AG-SEEDS (PUNJAB) LTD.",X,STK,10.52,10.52,10.44,10.44,10.44,10.02,4,303,3178,
519483,"TAI INDUSTRIES LTD.",X,STK,27.7,27.7,27,27.7,27.7,27.7,8,359,9943,
519494,"N.K.INDUSTRIES LTD.",B,STK,59,65.54,57.85,65.54,65.54,57.27,3,4,247,
519500,"BKV INDUSTRIES LTD.",X,STK,9.5,10.25,8.75,9.94,9.25,9.46,33,9590,93194,
519506,"NCC BLUE WATER PRODUCTS LTD.",P,STK,26.63,26.63,26.63,26.63,26.63,25.37,1,100,2663,
519528,"NORBEN TEA & EXPORTS LTD.",T,STK,92,92,92,92,92,93.05,1,100,9200,
519532,"ASIAN TEA & EXPORTS LTD.",X,STK,8.75,9.23,8.45,9.2,9.2,8.85,97,83990,753345,
519552,"HERITAGE FOODS LIMITED",A,STK,308.35,308.4,300,308,308,297.8,402,14213,4341118,
519566,"SIMRAN FARMS LTD.",X,STK,147,153,147,153,153,149.85,23,4564,698136,
519574,"HINDUSTAN AGRIGENETICS LTD.",X,STK,43.98,43.98,42.29,42.99,42.99,42.94,21,925,39712,
519600,"CCL PRODUCTS (INDIA) LTD.",A,STK,1030.85,1057.95,1030.85,1044.05,1040.2,1025.6,539,5549,5801959,
519602,"KELLTON TECH SOLUTIONS LTD.",B,STK,16.81,17.29,16.77,17.24,17.2,16.7,598,134762,2292672,
519604,"SURYO FOODS & INDUSTRIES LTD.",X,STK,19.66,19.66,19.48,19.48,19.48,19.47,3,80,1558,
519606,"INTEGRATED PROTEINS LTD.",X,STK,48.19,50,47.72,48,47.9,47.72,14,768,37811,
519612,"LAKE SHORE REALTY LIMITED",X,STK,77.5,77.5,76.25,76.4,76.4,76.5,4,74,5679,
520008,"RICO AUTO INDUSTRIES LTD.",B,STK,108.6,113,107.55,111.7,111.7,105.45,1184,115759,12693073,
520021,"OMAX AUTOS LTD.",B,STK,103.05,104.1,101.65,104,104,100.8,87,4712,487810,
520043,"MUNJAL SHOWA LTD.",B,STK,128,128,123.7,124.5,124.5,123.6,29,953,119715,
520051,"JAMNA AUTO INDUSTRIES LTD.",B,STK,126,127.9,124,126.25,127.25,122.15,991,128856,16173385,
520056,"TVS Holdings Limited",A,STK,13751,14373.65,13655.25,14328.65,14300,13658.2,148,332,4668116,
520057,"JTEKT India Ltd",B,STK,130,134,128.3,133.55,132.1,129.05,126,53497,6936967,
520059,"MUNJAL AUTO INDUSTRIES LTD.",B,STK,73.5,76.07,73.5,75.58,75.34,73.24,65,3945,296666,
520066,"JAY BHARAT MARUTI LTD.",B,STK,90.4,96.15,90.4,94.65,95.5,89.65,232,15092,1396940,
520073,"RACL Geartech Limited",B,STK,1392.4,1399.75,1379.15,1383.95,1395,1351.1,109,1001,1390290,
520075,"SAMKRG PISTONS & RINGS LTD.",X,STK,109.05,115.95,109.05,114.3,114.25,111.25,35,869,98568,
520086,"SICAL LOGISTICS LTD.",T,STK,66.3,66.79,64.5,65.25,65.25,65.47,26,1539,101245,
520111,"RATNAMANI METALS & TUBES LTD.",A,STK,2349.25,2349.25,2271.9,2279.45,2282,2316.95,300,1367,3139146,
520113,"VESUVIUS INDIA LTD.",A,STK,491.6,506.65,491.6,499.5,500,491.5,148,1769,884149,
520119,"AUTOMOTIVE STAMPINGS & ASSEMBL",B,STK,440,441.5,424.3,434.95,434,439.55,203,3489,1506729,
520121,"ARCEE INDUSTRIES LTD.",XT,STK,16.66,16.66,16.5,16.66,16.66,16.34,8,3066,51063,
520123,"ABC INDIA LTD.",X,STK,62.99,66,62.99,65.37,65.55,62.99,20,151,9681,
520127,"BALURGHAT TECHNOLOGIES LTD.",X,STK,12.5,13,12.3,12.84,13,11.9,17,2295,29324,
520141,"SIBAR AUTO PARTS LTD.",X,STK,7.82,8,7.5,7.67,7.57,7.85,30,1217,9545,
520151,"TRANSWORLD SHIPPING LINES LIMI",B,STK,132,134,129.05,132.15,134,128.45,59,820,107632,
520155,"Starlog Enterprises Limited",X,STK,39.7,39.7,38.3,39.5,39.5,38.7,17,4133,161924,
521003,"SHIVA SUITINGS LTD.",P,STK,25.17,25.17,25.17,25.17,25.17,23.98,1,100,2517,
521005,"TITAN INTECH LIMITED",X,STK,0.76,0.77,0.73,0.74,0.75,0.76,1269,2644514,1976830,
521014,"EUROTEX INDUSTRIES & EXPORTS L",T,STK,13.87,13.87,12.56,13.84,13.84,13.21,3,56,705,
521016,"INDO COUNT INDUSTRIES LTD.",A,STK,253.95,260.25,253,259.05,259.25,253,318,6428,1646059,
521018,"MARAL OVERSEAS LTD.",B,STK,41,41,40,40.36,40.36,40.99,7,34,1375,
521034,"SOMA TEXTILES & INDUSTRIES LTD",T,STK,105.35,105.35,105.35,105.35,105.35,107.5,7,256,26969,
521048,"ADVANCE LIFESTYLES LTD.",X,STK,24.2,24.2,22.7,24.19,24.19,24.25,4,9,215,
521054,"KAKATIYA TEXTILES LTD.",X,STK,10.23,10.23,9.21,9.22,9.22,10.23,8,124,1143,
521062,"PERFECT-OCTAVE MEDIA PROJECTS",X,STK,4.26,4.35,4.14,4.33,4.33,4.35,18,4862,20993,
521064,"TRIDENT LTD.",A,STK,23.02,23.51,22.99,23.17,23.17,22.96,1087,440041,10200547,
521068,"HISAR SPINNING MILLS LTD.",P,STK,57.43,57.43,57.43,57.43,57.43,60.45,15,9900,568557,
521070,"ALOK INDUSTRIES LTD.",A,STK,13.12,13.42,13.06,13.24,13.24,13.11,666,251780,3321177,
521080,"PASARI SPINNING MILLS LTD.",X,STK,6.15,6.44,6.05,6.12,6.11,6.55,11,1202,7331,
521097,"AMARJOTHI SPINNING MILLS LTD.",X,STK,135.9,139,135.05,136.7,136.7,134.5,33,2346,320460,
521105,"OLYMPIA INDUSTRIES LTD.",X,STK,29.05,31.8,28.16,29.9,28.8,31,69,4068,119893,
521109,"NAGREEKA EXPORTS LTD.",B,STK,24.79,24.79,23.65,23.69,23.65,23.15,25,549,13195,
521113,"SUDITI INDUSTRIES LTD.",X,STK,78.65,83.77,78.65,79.34,79.34,78.52,96,16895,1348308,
521131,"Shree Bhavya Fabrics Limited",X,STK,26,27.5,23.56,24.5,24.69,23.7,47,3161,75563,
521137,"EUREKA INDUSTRIES LTD.",X,STK,5.09,5.1,4.7,5.02,4.96,4.94,100,7301,35761,
521141,"ADITYA SPINNERS LTD.",X,STK,15.7,16.61,15.05,16.06,16.61,15.7,29,1154,18382,
521149,"PRIME URBAN DEVELOPMENT INDIA",X,STK,7.6,8,7.6,8,8,7.75,12,152,1181,
521151,"DHANLAXMI FABRICS LTD.",X,STK,61,66,61,61.25,66,63.95,5,99,6064,
521163,"ZODIAC CLOTHING CO.LTD.",B,STK,72.2,74.4,72.2,72.55,72.55,72.2,73,1032,75407,
521178,"SRI RAMAKRISHNA MILLS (COIMBAT",X,STK,39.59,39.59,38.11,38.7,39.48,39.99,5,11,429,
521180,"SUPER SPINNING MILLS LTD.",B,STK,5.65,5.94,5.24,5.53,5.81,5.19,33,10726,59731,
521194,"SIL INVESTMENTS LTD.",B,STK,410,419.25,403.05,412.85,412.5,406.4,10,41,16844,
521200,"SURYALAKSHMI COTTON MILLS LTD.",B,STK,52.9,53,52.89,52.91,53,52.89,22,90,4763,
521206,"SAMTEX FASHIONS LTD.",X,STK,1.25,1.37,1.25,1.33,1.33,1.25,51,12110,16038,
521210,"CITYMAN LTD.",X,STK,14.8,14.8,14.06,14.8,14.8,14.8,4,177,2601,
521216,"DHANALAXMI ROTO SPINNERS LTD.",X,STK,77.47,80,77.24,78.27,78.01,77.09,9,414,32230,
521220,"DAMODAR INDUSTRIES LTD.",B,STK,25,25,23.76,23.85,23.76,23.65,21,588,14591,
521222,"SANBLUE CORPORATION LTD.",X,STK,44.54,44.54,40.31,44.47,44.54,42.42,7,128,5696,
521226,"UNIROYAL INDUSTRIES LTD.",X,STK,20.9,20.9,20.9,20.9,20.9,21,1,5,104,
521228,"TATIA GLOBAL VENNTURE LTD.",X,STK,2.41,2.48,2.38,2.46,2.46,2.38,207,55920,136428,
521234,"SRI NACHAMMAI COTTON MILLS LTD",X,STK,34.1,34.1,29,29.1,29,31,13,2006,59000,
521238,"BHARAT GLOBAL DEVELOPERS LIMIT",B,STK,89.99,92,89.02,90.72,90.93,89.1,297,5287,478715,
521240,"SAMBANDAM SPINNING MILLS LTD.",X,STK,94.01,94.06,94.01,94.01,94.01,100.04,8,142,13350,
521244,"MKP Mobility Limited",X,STK,103,107,103,107,107,105,3,187,19345,
521246,"PARAS PETROFILS LTD.",T,STK,2.02,2.15,2.02,2.14,2.15,2.08,45,23322,49654,
521248,"KITEX GARMENTS LTD.",A,STK,169.15,173,166.4,171.95,172.15,164.1,911,40224,6790981,
522001,"CRANEX LTD.",X,STK,62.2,67.9,62.2,64.73,64.26,65.44,34,1362,88922,
522004,"BATLIBOI LTD.",X,STK,81.41,84.2,81.41,82.5,82.5,82.52,189,15828,1308412,
522005,"AUSTIN ENGINEERING CO.LTD.",X,STK,117.5,117.5,112.1,116,116,111.1,26,4872,561979,
522014,"UNITED DRILLING TOOLS LTD.",B,STK,179.6,182.9,178.05,180.4,181.25,182.3,74,3274,596872,
522017,"FLUIDOMAT LTD.",X,STK,575.25,585,570,570.85,571,565.8,117,3524,2039707,
522029,"WINDSOR MACHINES LTD.",B,STK,242,246.15,236.85,245.1,245.1,238.9,41,1379,331786,
522034,"SHANTHI GEARS LTD.",B,STK,439.8,453.5,439.1,447.1,447.1,444.25,67,8381,3745476,
522036,"MIVEN MACHINE TOOLS LTD.",X,STK,75,79,75,77,79,76,2,2,154,
522064,"HONDA INDIA POWER PRODUCTS LIM",B,STK,2025.05,2123.85,2025.05,2110.6,2107.65,2022.75,74,230,476717,
522073,"The Hi-Tech Gears Ltd",T,STK,581.2,610,581.2,608.2,600,603,5,50,29832,
522074,"ELGI EQUIPMENTS LTD.",A,STK,511.3,521.05,506.75,517.85,518.9,505.5,763,19440,10052503,
522091,"UNITED VAN DER HORST LTD.",XT,STK,34.53,34.53,34.53,34.53,34.53,35.23,55,5809,200584,
522101,"KILBURN ENGINEERING LTD.",B,STK,484.8,506,483.05,501.45,500,479.55,737,23261,11517767,
522105,"BIRLA PRECISION TECHNOLOGIES L",X,STK,30.58,32.5,30.5,32.28,32.28,30.43,229,59953,1881963,
522108,"YUKEN INDIA LTD.",B,STK,731,740,720,737.7,737.7,733.65,60,908,661438,
522113,"TIMKEN INDIA LTD.",A,STK,3321.4,3398.7,3290.35,3323.9,3336,3281.75,369,1447,4823089,
522122,"VOITH PAPER FABRICS INDIA LTD.",X,STK,1549.8,1549.8,1481.1,1510.2,1512,1486.25,52,436,653549,
522134,"ARTSON LIMITED",X,STK,131,143.2,131,139.8,139.8,136.4,47,2897,398552,
522152,"SOLITAIRE MACHINE TOOLS LTD.",X,STK,98.7,109.95,98,108.02,109,95.01,38,3780,397522,
522163,"DIAMOND POWER INFRASTRUCTURE L",B,STK,135.35,143,135.35,139,139,134.45,711,87794,12329186,
522165,"INDSIL HYDRO POWER AND MANGANE",X,STK,37.44,38.46,37.1,37.89,37.95,37.45,40,4876,181999,
522183,"ITL INDUSTRIES LTD.",X,STK,258.8,258.8,230.9,248.85,248.85,244.9,78,1166,280203,
522195,"FRONTIER SPRINGS LTD.",B,STK,4345,4450.15,4300.2,4410.35,4450,4282.05,749,7140,31166932,
522205,"PRAJ INDUSTRIES LTD.",A,STK,314.35,317.8,308.6,313.9,313.9,312.6,1307,80691,25317787,
522207,"RASANDIK ENGINEERING INDUSTRIE",X,STK,53.77,56,53.76,54.64,54.6,53.76,14,1051,56676,
522209,"YOGI SUNG-WON (INDIA) LTD.",X,STK,4.81,4.99,4.76,4.95,4.95,4.81,16,9485,45618,
522215,"HLE GLASCOAT LIMITED",B,STK,309.1,319.55,308.2,315.55,316,309.05,352,11536,3593358,
522217,"GUJARAT APOLLO INDUSTRIES LTD.",B,STK,378.05,400.25,378,397,400.25,382.4,114,1101,429692,
522229,"TANEJA AEROSPACE & AVIATION LT",X,STK,268,271.35,260,268.65,268.65,260.25,435,52741,13966210,
522231,"CONART ENGINEERS LTD.",X,STK,66,68.19,61.61,62.96,63.2,66.5,127,6052,382471,
522235,"MINAL INDUSTRIES LIMITED",X,STK,2.46,2.46,2.22,2.28,2.28,2.3,70,27294,62070,
522237,"SHIVAGRICO IMPLEMENTS LTD.",X,STK,24.88,26.99,24,24.07,24.73,24.89,37,1477,36580,
522241,"M.M.FORGINGS LTD.",B,STK,442.15,452,429.9,444.8,452,442.75,200,3667,1619893,
522245,"IYKOT HITECH TOOLROOM LTD.",XT,STK,15.79,15.79,15.79,15.79,15.79,15.04,4,91,1436,
522249,"MAYUR UNIQUOTERS LTD.",B,STK,501.55,522.9,501.55,521.55,520,499.75,164,6214,3205464,
522251,"CENLUB INDUSTRIES LTD.",X,STK,205,212,202,202.2,205.65,202.1,119,6292,1286096,
522257,"RAJOO ENGINEERS LTD.",B,STK,63,63,58.8,60.07,59.8,58.92,381,75432,4492543,
522261,"DOLPHIN OFFSHORE ENTERPRISES (",B,STK,470,476,443.5,463.55,463.55,479.2,2091,151690,71382359,
522267,"VEEJAY LAKSHMI ENGINEERING WOR",X,STK,39.5,39.5,36,36.05,36,38,7,539,19577,
522273,"AHMEDABAD STEELCRAFT LTD.",X,STK,157.85,164.9,148,157.45,157.45,148.45,64,2252,352330,
522275,"GE Vernova T&D India Limited",A,STK,3861.5,3921.75,3819.25,3855.65,3852.8,3766.2,1732,10042,38827408,
522281,"RAM RATNA WIRES LTD.",B,STK,344.7,351,342.9,348.4,350.95,340.2,161,1468,509586,
522285,"JAYASWAL NECO INDUSTRIES LTD.",B,STK,71.95,73.8,71.95,73.09,73.11,71.56,963,349293,25525540,
522287,"KALPATARU PROJECTS INTERNATION",A,STK,1110.7,1123.45,1100.85,1119.95,1115,1090.95,498,2710,3008546,
522289,"NMS GLOBAL LIMITED",XT,STK,83.26,83.26,83,83,83,83.26,2,7001,581083,
522292,"CANDOUR TECHTEX LIMITED",X,STK,147.9,150,144,148.9,149.8,144.35,155,145208,21434452,
522294,"T & I GLOBAL LTD.",X,STK,189,198.9,183,188.6,192.4,170.1,32,1596,300793,
522295,"CONTROL PRINT LTD.",B,STK,629.05,640.2,619.65,634.95,632,619.75,86,755,474978,
522650,"BEMCO HYDRAULICS LTD.",X,STK,79.85,82,79.46,81.18,81.18,79.46,131,5975,484174,
523007,"ANSAL BUILDWELL LTD.",X,STK,96,103.95,96,98.3,96.3,92.85,13,186,18150,
523011,"WEIZMANN LTD.",B,STK,80.9,81.18,79.89,79.89,79.89,79.31,8,86,6905,
523019,"B.N.RATHI SECURITIES LTD.",X,STK,14.17,14.7,14.1,14.21,14.21,14.59,444,91040,1300800,
523021,"RISHI TECHTEX LTD.",X,STK,41.88,41.88,36.58,38.63,38.63,39.78,64,11558,436047,
523023,"SINCLAIRS HOTELS LTD.",B,STK,74.6,75.13,72.5,72.98,74,72.89,166,4062,299436,
523025,"SAFARI INDUSTRIES (INDIA) LTD.",A,STK,1670.05,1671.2,1659.65,1666.45,1664,1680.55,281,1540,2565258,
523062,"J.J.FINANCE CORPORATION LTD.",XT,STK,52.15,57.6,52.15,57.6,57.6,54.86,10,827,43208,
523100,"COSMO FERRITES LTD.",X,STK,96.2,99.95,90.65,93.35,93,95.3,157,34933,3312538,
523105,"CROPSTER AGRO LIMITED",B,STK,7.6,7.77,7.3,7.33,7.33,7.68,381,193496,1425215,
523120,"THRIVE FUTURE HABITATS LIMITED",XT,STK,103.05,110.4,103.05,109.85,109.85,105.15,27,2688,293549,
523127,"EIH ASSOCIATED HOTELS LTD.",B,STK,316,317.9,309.7,315.1,315.1,315.3,114,1214,381721,
523144,"MEDI-CAPS LTD.",X,STK,22.03,23.5,21.85,22.52,22.51,22.09,61,11380,256039,
523151,"OTCO INTERNATIONAL LTD.",X,STK,8.89,8.89,8.8,8.8,8.8,8.89,6,105,925,
523160,"MORGANITE CRUCIBLE (INDIA) LTD",X,STK,1298,1298,1256.6,1283.9,1283.9,1271.2,71,2375,3009847,
523186,"B&A PACKAGING INDIA LIMITED",X,STK,163.95,163.95,155.45,158.7,161,155.45,14,453,71537,
523204,"ABAN OFFSHORE LTD.",T,STK,24.35,24.69,23.9,24.69,24.69,23.52,126,35171,863708,
523207,"KOKUYO CAMLIN LTD.",B,STK,72.02,78.35,72.02,78.28,78.28,76.13,80,2790,215094,
523222,"SRM ENERGY LTD.",XT,STK,17.44,17.44,17.44,17.44,17.44,17.79,4,9,156,
523229,"BHARAT SEATS LTD.",B,STK,174,177.8,173.15,176.7,175.9,170.7,264,9905,1731383,
523232,"CONTINENTAL PETROLEUMS LTD.",X,STK,75,85,75,77.88,79.99,75.51,62,3792,302412,
523242,"NB FOOTWEAR LTD.",P,STK,6.32,6.98,6.32,6.95,6.94,6.65,58,91100,580364,
523248,"MACHINO PLASTICS LTD.",X,STK,269.4,273.4,256.1,256.85,256.1,266.05,27,349,91006,
523260,"PEARL POLYMERS LTD.",B,STK,18,18.39,17.34,17.93,17.93,17.5,29,1519,27462,
523261,"VENKYS (INDIA) LTD.",B,STK,1273.9,1304.5,1262.95,1299.7,1304.5,1265.75,124,941,1202347,
523269,"ADVANI HOTELS & RESORTS (INDIA",B,STK,52,53.04,52,52.55,53.04,51.14,44,2301,120996,
523283,"SUPERHOUSE LTD.",B,STK,146,147,143.45,146,146,146.85,16,135,19618,
523289,"RAMA VISION LTD.",X,STK,144,154.95,132.3,133.7,132.3,139.9,64,3459,496427,
523301,"TCPL PACKAGING LTD.",B,STK,2559.15,2589.85,2435.9,2462.15,2483.2,2554.5,116,498,1235036,
523309,"SHRI GANG INDUSTRIES AND ALLIE",X,STK,83.21,84,81.6,82.63,82.2,83,63,9490,788685,
523319,"BALMER LAWRIE & CO.LTD.",B,STK,176.45,179,175.25,177.9,178.45,174.75,654,25532,4525916,
523323,"KOVAI MEDICAL CENTER & HOSPITA",B,STK,5350,5400,5222.6,5289.5,5289.5,5328.55,1215,4676,24875771,
523367,"DCM SHRIRAM LIMITED",A,STK,966,1031.4,966,996.75,999.2,966.3,669,7694,7738558,
523369,"DCM SHRIRAM INDUSTRIES LTD.",B,STK,34.31,36.25,34.31,36.11,36.2,34.5,188,18730,667030,
523371,"MAWANA SUGARS LTD.",B,STK,78.49,80.06,77.77,79.66,80.03,77.73,129,1255,99153,
523373,"MINI DIAMONDS (INDIA) LTD.",X,STK,18,19,17.95,18.67,18.7,17.78,165,32496,591788,
523384,"MAHA RASHTRA APEX CORPORATION",B,STK,109.75,109.8,102,104.98,102,108.29,103,2477,262777,
523385,"NILKAMAL LTD.",B,STK,1321.8,1331,1307,1315.85,1307,1310.25,17,54,71402,
523387,"TRITON CORP.LTD.",X,STK,1.44,1.44,1.34,1.44,1.44,1.38,404,222615,313996,
523391,"NAHAR POLYFILMS LTD.",B,STK,216.1,242,216.1,235.05,235.05,223.4,176,5152,1197507,
523395,"3M INDIA LTD.",A,STK,33610.45,34260,33497.15,34033.45,34079.9,33480.1,135,171,5800972,
523398,"BOSCH HOME COMFORT INDIA LIMIT",B,STK,1316.4,1350,1295.7,1331.25,1331.25,1301.25,69,315,418713,
523405,"JM FINANCIAL LTD.",A,STK,116.95,122.6,115.55,120.75,121.6,116,2022,245051,29031724,
523411,"ADC INDIA COMMUNICATIONS LIMIT",X,STK,1280.05,1313.75,1280,1299,1299,1277.8,33,279,362207,
523419,"TAMILNADU TELECOMMUNICATIONS L",B,STK,9.72,9.72,8.68,8.78,8.99,9.13,34,492,4382,
523445,"RELIANCE INDUSTRIAL INFRASTRUC",B,STK,667.75,688.35,667.75,686.1,686.1,670.15,242,5378,3669469,
523449,"SHARP INDIA LTD.",X,STK,45,46.99,45,45.02,45.02,45,7,874,39459,
523457,"Linde India Limited",A,STK,6585.85,6705,6585.85,6644.4,6659,6581.85,590,2019,13440000,
523465,"IND BANK HOUSING LTD.",B,STK,42.49,46.05,42.39,44.39,44.4,42,20,2000,86262,
523467,"JAI MATA GLASS LTD.",XT,STK,2.29,2.29,2.18,2.18,2.18,2.29,112,60743,133391,
523475,"LOTUS CHOCOLATE CO.LTD.",B,STK,763.15,780,747.5,763.35,764.1,762.55,216,2145,1638595,
523483,"PACIFIC INDUSTRIES LTD.",X,STK,135.45,139,135,135.6,135.5,135,20,764,103465,
523489,"CHENNAI MEENAKSHI MULTISPECIAL",X,STK,38,40.3,37.51,39.73,39.73,39.89,29,4499,178193,
523519,"UNIVERSAL OFFICE AUTOMATION LT",XT,STK,6.93,6.93,6.93,6.93,6.93,6.93,2,460,3187,
523537,"APM INDUSTRIES LTD.",X,STK,38.46,39.6,38.39,39.4,38.39,38.41,15,2697,105212,
523539,"PRECISION WIRES INDIA LTD.",B,STK,335.8,355.9,335.8,352.6,352.6,335.55,2048,71185,24689813,
523550,"KRYPTON INDUSTRIES LTD.",X,STK,34,35.9,34,35.46,35.27,34.95,25,2301,80688,
523558,"SWISS MILITARY CONSUMER GOODS",X,STK,16.5,16.5,15.97,15.98,15.98,16.06,383,214321,3435942,
523566,"MARTIN BURN LTD.",X,STK,47,47,47,47,47,46,1,4,188,
523574,"Future Enterprises Limited",Z,STK,0.49,0.49,0.49,0.49,0.49,0.49,38,76246,37360,
523586,"INDIAN TONERS & DEVELOPERS LTD",X,STK,231.65,237.5,231.65,236.15,236.15,232,55,1167,273917,
523594,"KUNSTSTOFFE INDUSTRIES LTD.",X,STK,22.42,22.42,22.42,22.42,22.42,22.53,4,107,2398,
523598,"SHIPPING CORPORATION OF INDIA",A,STK,236.05,246.5,233.35,244.9,244.9,232.6,2163,247847,59524567,
523606,"SIKA INTERPLANT SYSTEMS LTD.",B,STK,1007,1047.95,989.95,995.8,995.8,1006.75,2274,33249,33850771,
523610,"ITI LTD.",A,STK,257.35,257.55,251.3,256.95,256.25,250.55,348,9345,2380350,
523618,"DREDGING CORPORATION OF INDIA",B,STK,964.7,968,951.1,960.8,960.8,945.7,330,5394,5177467,
523620,"PHAARMASIA LTD.",XT,STK,85.5,85.5,85.5,85.5,85.5,85.5,2,11,940,
523630,"NATIONAL FERTILIZERS LTD.",B,STK,70.61,81.49,70.61,79.3,79.3,69.94,10237,1268651,99341674,
523638,"IP RINGS LTD.",XT,STK,107,110,102.9,104.05,103,107.7,23,1376,144221,
523642,"P.I.INDUSTRIES LTD.",A,STK,3040.7,3101.25,3040.7,3082.15,3091.2,3036.1,798,2957,9103996,
523648,"PLASTIBLENDS INDIA LTD.",B,STK,139.7,139.7,138,138,138,135.15,20,1091,150940,
523650,"YASH INNOVENTURES LIMITED",XT,STK,46.35,46.35,46.35,46.35,46.35,46.63,1,500,23175,
523652,"Kkalpana Plastick Limited",X,STK,28.35,28.35,28,28,28,28.35,6,2813,79747,
523660,"WATERBASE LTD.",XT,STK,45.1,46.95,45.1,45.77,45.26,45.06,146,32425,1488712,
523672,"FLEX FOODS LTD.",X,STK,40.01,44,40.01,41.59,41.7,41.07,22,1625,69621,
523676,"GOLKUNDA DIAMONDS & JEWELLERY",X,STK,262.1,289.9,262,279.25,289.9,262.85,151,8098,2207247,
523694,"APCOTEX INDUSTRIES LTD.",B,STK,361.6,365.9,356.1,365.9,365.9,360.4,24,1046,375310,
523696,"FORTIS MALAR HOSPITALS LIMITED",X,STK,52.26,53.4,50.6,51.33,51.4,51.72,257,11798,607659,
523704,"MASTEK LTD.",A,STK,1555.5,1575.5,1554.2,1574.25,1575.5,1555.45,183,2182,3400477,
523708,"EIMCO ELECON (INDIA) LTD.",B,STK,1536.2,1546.7,1525.2,1543.4,1539.4,1523.7,62,589,903593,
523710,"SAYAJI HOTELS LTD.",X,STK,274.8,282,274,282,282,267.05,5,306,85113,
523716,"ASHIANA HOUSING LTD.",B,STK,308.55,308.55,301,302.65,302,304,89,1991,604500,
523722,"SVAM SOFTWARE LTD.",XT,STK,8.22,8.63,7.81,8.47,8.38,8.22,41,21354,170965,
523732,"ECOBOARD INDUSTRIES LTD.",X,STK,58.15,58.15,56.17,56.2,56.17,56.5,35,6765,385459,
523736,"Dhunseri Ventures Limited",B,STK,213.25,214.95,212.8,214.65,214.65,209,24,430,91907,
523752,"TRANS INDIA HOUSE IMPEX LIMITE",X,STK,5.4,5.55,5.19,5.4,5.38,5.4,96,69432,371495,
523754,"MAHINDRA EPC IRRIGATION LIMITE",B,STK,114.1,116.35,113.85,116.35,116.35,111.7,6,133,15209,
523782,"Mitshi India Limited",X,STK,13,14.29,12.65,14.19,14.29,14.33,10,1153,16152,
523792,"MAZDA LTD.",B,STK,190.2,193.25,189.3,193,193,189.3,34,677,130072,
523796,"VICEROY HOTELS LTD.",T,STK,149.7,152.9,147.8,148,148,147.4,70,1075,160782,
523826,"SOVEREIGN DIAMONDS LTD.",XT,STK,20.4,20.4,20.4,20.4,20.4,20.81,11,587,11974,
523828,"MENON BEARINGS LTD.",B,STK,117.75,121,115.4,119.15,121,116.5,159,3832,447419,
523832,"MUKAT PIPES LTD.",XT,STK,20.46,20.99,19.95,19.95,19.95,20.99,12,2311,46814,
523836,"GUJARAT RAFFIA INDUSTRIES LTD.",B,STK,39.5,41.3,38.28,38.5,38.5,39.5,21,1935,75914,
523838,"SIMPLEX INFRASTRUCTURES LTD.",B,STK,177.4,179.25,174.6,174.9,174.6,176.45,159,5308,940762,
523840,"INNOVATIVE TECH PACK LTD.",X,STK,16.3,16.94,15,15.33,15.22,16.5,72,8841,138600,
523842,"SUPER TANNERY LIMITED",X,STK,6.52,6.52,6.09,6.42,6.48,6.25,51,5172,32865,
523844,"CONSTRONICS INFRA LIMITED",X,STK,58.38,58.38,51.11,52.95,53.7,49.38,36,8468,449147,
523850,"AXTEL INDUSTRIES LTD.",X,STK,408.85,414,396.4,400,400,417.15,391,9097,3685181,
523862,"GRAND OAK CANYONS DISTILLERY L",B,STK,30.43,31.49,28.96,31.39,31.39,30.43,19,683,20702,
523874,"East India Drums and Barrels M",XT,STK,106.2,115.2,106.2,111.95,111.95,111.75,15,311,33175,
523888,"V R WOODART LTD.",X,STK,79.75,88,79.75,80.01,79.75,83.94,80,5693,457736,
524000,"POONAWALLA FINCORP LIMITED",A,STK,415.35,426.75,412.3,423.6,425.55,413.7,5513,95908,40310041,
524019,"Kingfa Science & Technology (I",B,STK,4100.6,4124.9,4059.85,4124.9,4124.9,4076.6,22,97,396344,
524031,"PATIDAR BUILDCON LIMITED",X,STK,9.5,9.5,9.5,9.5,9.5,9.37,1,10,95,
524037,"RAMA PHOSPHATES LTD.",B,STK,112.95,122.9,112.4,119.45,119.45,110.7,337,13432,1580118,
524038,"VENLON ENTERPRISES LTD.",X,STK,5.35,5.35,4.87,4.88,4.87,5.1,13,1630,7951,
524051,"POLYPLEX CORPORATION LTD.",B,STK,796,824.95,795,816.8,819.85,795.9,201,3525,2851617,
524055,"PANTHER INDUSTRIAL PRODUCTS LT",X,STK,37,37,37,37,37,35.24,1,2100,77700,
524075,"ALBERT DAVID LTD.",B,STK,674,674,647,660,660,642,69,742,493016,
524080,"HARYANA LEATHER CHEMICALS LTD.",X,STK,52.7,55.78,52.06,52.06,52.06,53.04,11,101,5484,
524091,"CARYSIL LIMITED",B,STK,826.05,855.4,825,837.5,837.5,825.65,254,1600,1332444,
524109,"KABRA EXTRUSIONTECHNIK LTD.",B,STK,225,241.95,225,238.8,240.1,237.45,51,1447,345176,
524129,"VINYL CHEMICALS (INDIA) LTD.",B,STK,202.85,202.85,199.95,200.9,200.85,199.25,33,1551,311617,
524136,"PEE CEE COSMA SOPE LTD.",X,STK,346.7,346.7,327.5,332.25,333,335.1,104,4405,1458618,
524156,"TCM LTD.",X,STK,42.3,44.75,41,43,43,42.03,34,7793,332460,
524164,"IOL CHEMICALS & PHARMACEUTICAL",B,STK,73.04,73.04,69.7,72.57,72.47,71.34,1167,94899,6792700,
524174,"KESAR PETROPRODUCTS LTD.",X,STK,24.5,25.27,24.01,24.62,24.62,24.56,157,73296,1808896,
524200,"VINATI ORGANICS LTD.",A,STK,1370.4,1430.4,1370.4,1407.15,1406.2,1369.55,394,3897,5449571,
524202,"LACTOSE (INDIA) LTD.",X,STK,99.57,99.99,93.57,94.62,94.62,97.62,47,3323,319400,
524204,"TEESTA AGRO INDUSTRIES LTD.",X,STK,102.35,110.8,102.35,110.55,110.8,102.3,26,1448,154997,
524208,"AARTI INDUSTRIES LTD.",A,STK,416.8,428.3,412.3,427.4,427.4,408.8,1046,24171,10174115,
524210,"PENTOKEY ORGANY (INDIA) LTD.",X,STK,38.19,38.19,30.4,31.96,31,38,15,1104,35308,
524212,"WANBURY LTD.",T,STK,253.85,253.85,243,243.85,253.8,248.85,53,7522,1865014,
524218,"RESONANCE SPECIALTIES LTD.",X,STK,97.99,97.99,93.7,93.72,93.7,93.65,20,553,52105,
524226,"GUJARAT AMBUJA EXPORTS LTD.",B,STK,128.55,133,128.55,132,133,130.95,279,13237,1747239,
524230,"RASHTRIYA CHEMICALS & FERTILIZ",A,STK,111.1,130.4,110.9,127.8,127.8,110,12054,1239583,154369324,
524238,"GUJARAT INJECT (KERALA) LTD.",XT,STK,68,68.55,68,68.5,68.5,67.5,31,54844,3742087,
524280,"KOPRAN LTD.",B,STK,122.95,128.2,121.5,126.5,126.65,120.4,239,21254,2653238,
524288,"AIMCO PESTICIDES LTD.",X,STK,48.01,50.3,48,48.34,48.25,48,13,1337,64753,
524314,"GUJARAT TERCE LABORATORIES LTD",X,STK,41.63,41.63,38,38.53,38.53,38.31,22,1223,47099,
524322,"KABRA DRUGS LTD.",X,STK,30.1,31.4,30.1,30.51,30.7,29.91,182,119553,3707951,
524324,"SEYA INDUSTRIES LTD.",T,STK,9.9,9.9,9.9,9.9,9.9,10.42,8,743,7355,
524330,"JAYANT AGRO-ORGANICS LTD.",B,STK,184.6,185.5,182.95,182.95,182.95,179.05,17,1138,210253,
524332,"BCL INDUSTRIES LIMITED",B,STK,28.2,28.6,27.83,28.45,28.2,27.53,192,23060,652839,
524336,"SHREE HARI CHEMICALS EXPORT LT",X,STK,103,105.5,97.85,105,105,103,20,1602,161280,
524342,"INDO BORAX & CHEMICALS LTD.",B,STK,244,245.5,242.85,245.5,245.5,243.1,57,3702,903025,
524348,"AARTI DRUGS LTD.",B,STK,348.2,355.75,346.3,353.6,350.9,348.8,207,10515,3714096,
524370,"BODAL CHEMICALS LTD.",B,STK,44.73,45.3,44,44.3,44.3,43.99,193,27470,1220929,
524372,"Orchid Pharma Limited",B,STK,505.95,519,504.85,510.15,510.7,498.9,298,2230,1139163,
524394,"VIMTA LABS LTD.",B,STK,438,447.45,435.4,444.95,447.45,433.9,264,5169,2278832,
524396,"BIOFIL CHEMICALS & PHARMACEUTI",B,STK,31.56,31.56,29.79,30.32,30.32,30.31,71,712,21521,
524400,"ISHITA DRUGS & INDUSTRIES LTD.",X,STK,70,86.2,70,80.45,80.45,72,48,26066,2048135,
524404,"MARKSANS PHARMA LTD.",A,STK,168.9,174.75,168.9,174,174,168.45,572,26349,4529458,
524408,"UNIVERSAL STARCH-CHEM ALLIED L",X,STK,145,145,138.6,140.5,140.7,130.7,12,307,43012,
524412,"AAREY DRUGS & PHARMACEUTICALS",B,STK,70.82,71.86,69.36,69.67,69.7,69.2,11,305,21316,
524414,"NORRIS MEDICINES LTD.",X,STK,14.25,15,13.56,15,15,14.29,14,788,10958,
524434,"ASIAN PETROPRODUCTS & EXPORTS",X,STK,8.47,8.47,7.86,8.08,8.25,8,29,1418,11536,
524440,"CAMEX LTD.",X,STK,31.5,31.5,29.06,30.51,30.51,29.79,20,2009,60890,
524444,"EVEXIA LIFECARE LIMITED",X,STK,1.55,1.59,1.45,1.47,1.48,1.53,1118,7878308,11830610,
524458,"INDO EURO INDCHEM LTD.",X,STK,11,12,10.3,11.73,11,10.34,36,5725,65430,
524470,"SYNCOM FORMULATIONS (INDIA) LT",B,STK,12.1,12.3,11.93,12.27,12.27,11.86,331,86515,1047567,
524480,"RIDDHI SIDDHI GLUCO BIOLS LTD.",X,STK,470,488,457.05,487.7,488,470,33,604,289117,
524488,"SVC INDUSTRIES LIMITED",X,STK,2.23,2.28,2.21,2.26,2.22,2.19,70,29845,67421,
524494,"IPCA LABORATORIES LTD.",A,STK,1493.15,1511.9,1487.75,1490.3,1492.3,1506.45,1074,4905,7324646,
524500,"KILITCH DRUGS (INDIA) LTD.",B,STK,328.1,328.1,317,320,320,320.1,104,2873,920364,
524506,"CORAL LABORATORIES LTD.",X,STK,442.6,472.95,440,452.7,452.7,440.75,74,3244,1478754,
524516,"BACIL PHARMA LTD.",X,STK,50,51.9,49.03,50.63,50.8,50,14,25781,1289518,
524518,"KREBS BIOCHEMICALS & INDUSTRIE",B,STK,53.88,55.27,53.88,55.11,55.27,51.15,7,1000,54248,
524520,"KMC SPECIALITY HOSPITALS (INDI",B,STK,80.3,84.02,80.3,83.7,83.79,80,789,61606,5119313,
524522,"LAFFANS PETROCHEMICALS LTD.",X,STK,34.24,34.24,27.95,30.56,30.56,29.54,10,781,25123,
524534,"BHASKAR AGROCHEMICALS LTD.",X,STK,141,142.5,131,139.6,140,134.15,60,3362,460190,
524542,"SUKHJIT STARCH & CHEMICALS LTD",B,STK,176.65,177.4,176.65,177.4,177.4,172.4,4,27,4785,
524548,"SHARMA EAST INDIA HOSPITALS &",X,STK,98,98,97.94,97.94,97.94,97.6,7,163,15973,
524558,"NEULAND LABORATORIES LTD.",A,STK,12869.45,12883.7,12546.1,12593.05,12615.4,12617.1,536,1616,20468693,
524564,"GAYATRI BIOORGANICS LTD.",X,STK,12.95,13.28,12.16,13.28,13.28,12.65,84,57373,760026,
524570,"PODDAR PIGMENTS LTD.",B,STK,225,226.3,216,217.4,217.4,216.45,12,23,5105,
524572,"PHARMAIDS PHARMACEUTICALS LTD.",X,STK,35.9,38,34.25,35.41,35.8,34,109,29499,1058403,
524576,"VIVID GLOBAL INDUSTRIES LTD.",X,STK,19.5,20.75,19,20.21,20.21,18.98,33,7267,143382,
524580,"PRIYA LTD.",X,STK,22.53,22.53,20.4,20.4,20.4,21.46,5,15,329,
524582,"TIRUPATI STARCH & CHEMICALS LT",X,STK,168.7,168.7,154.3,157.75,154.5,158.85,47,13797,2163517,
524590,"HEMO ORGANIC LIMITED",XT,STK,14.73,14.73,14.73,14.73,14.73,15.03,5,602,8867,
524592,"JAYSYNTH ORGOCHEM LIMITED",X,STK,11.64,12.49,11.64,11.96,12.24,11.28,71,9283,112322,
524594,"Aeonx Digital Technology Limit",X,STK,129,129,124,125.85,129,129,11,1242,156153,
524598,"AKSHARCHEM (INDIA) LTD.",B,STK,191.4,191.4,177.35,178.6,182.65,191.1,89,1247,229764,
524602,"BANDARAM PHARMA PACKTECH LIMIT",X,STK,28.5,31,28.5,29.74,30.07,30.25,11,126,3789,
524606,"BERYL DRUGS LTD.",X,STK,18.71,22.34,17.06,20.35,20.02,18.62,169,40205,858582,
524614,"IEL LIMITED",X,STK,6.65,6.65,6.4,6.43,6.42,6.51,97,31298,203741,
524622,"ISTREET NETWORK LIMITED",XT,STK,43.68,47.5,43.68,47.19,47.19,45.79,178,25437,1185695,
524624,"GAGAN GASES LTD.",X,STK,19.8,21.4,19.6,21.1,21.2,19.6,33,731,14650,
524628,"PARKER AGROCHEM EXPORTS LTD.",X,STK,15.34,16.69,15.34,16.5,16.5,16.14,9,240,3727,
524632,"Shukra Pharmaceuticals Limited",XT,STK,42.2,42.81,40.78,42.6,42.81,40.78,753,243274,10328469,
524634,"ALUFLUORIDE LTD.",X,STK,425.05,440.95,425.05,427.65,432.5,423.2,180,5040,2179231,
524636,"OXYGENTA PHARMACEUTICAL LIMITE",X,STK,49.87,52.96,49.86,52.05,50.61,49.86,24,1936,97622,
524640,"ARCHIT ORGANOSYS LTD.",X,STK,38.5,38.95,37.5,38.19,38.38,38.03,51,3242,123871,
524642,"SIKOZY REALTORS LIMITED",XT,STK,1.36,1.36,1.31,1.31,1.31,1.36,11,3957,5204,
524648,"INDO AMINES LTD.",B,STK,102.85,105.7,99.65,102.55,103.5,97.8,191,4957,509126,
524654,"NATURAL CAPSULES LTD.",B,STK,150,150.05,150,150,150,149.35,8,14103,2116150,
524661,"WELCURE DRUGS & PHARMACEUTICAL",X,STK,0.29,0.29,0.28,0.28,0.28,0.29,904,12513341,3543071,
524663,"BHARAT IMMUNOLOGICALS & BIOLOG",B,STK,18,18,16.7,17.33,17.5,16.92,92,10102,174034,
524667,"SAVITA OIL TECHNOLOGIES LTD.",B,STK,343.7,356.7,343.7,351.55,356.65,341.95,35,877,304125,
524669,"HESTER BIOSCIENCES LTD.",B,STK,1463,1463.5,1427.8,1452.45,1463.5,1461.65,69,893,1285875,
524675,"KABSONS INDUSTRIES LTD.",X,STK,13.5,13.5,11.99,13.4,13.4,13.01,43,4148,54421,
524687,"BASANT AGRO TECH (INDIA) LTD.",X,STK,10.2,12.17,9.87,11.26,11.35,10.15,641,194786,2181420,
524703,"SANDU PHARMACEUTICALS LTD.",X,STK,34.06,35,33.9,35,35,33.9,17,2100,71937,
524709,"NACL Industries Limited",B,STK,120,123.25,118.2,122.85,122.85,117.4,380,18556,2262656,
524711,"VISTA PHARMACEUTICALS LTD.",X,STK,6.19,6.4,6.11,6.24,6.25,6.09,39,154678,963142,
524715,"SUN PHARMACEUTICAL INDUSTRIES",A,STK,1807.4,1824.7,1803.8,1813,1813,1807.6,4413,267430,483738894,
524717,"TITAN BIOTECH LTD.",X,STK,312.7,345,301.55,338.7,338.7,297.8,4372,323833,104454448,
524731,"JENBURKT PHARMACEUTICALS LTD.",X,STK,1005,1026.55,995.7,1018.85,1019.3,998.3,53,350,353011,
524735,"HIKAL LTD.",B,STK,178.35,182,174.95,181.1,182,174,413,15048,2685061,
524742,"CAPLIN POINT LABORATORIES LTD.",A,STK,1676,1690,1668.1,1684.6,1690,1668.1,217,3150,5278968,
524743,"FISCHER MEDICAL VENTURES LIMIT",B,STK,35.18,36.23,35.18,36,35.76,34.86,384,64068,2301002,
524748,"LINK PHARMA CHEM LTD.",X,STK,27.8,28.48,26.1,28,28,27.79,6,107,2810,
524752,"DECIPHER LABS LIMITED",X,STK,6.19,6.22,6.19,6.19,6.19,6.2,17,3031,18776,
524768,"EMMESSAR BIOTECH & NUTRITION L",X,STK,26.69,26.69,24.95,25.1,25.1,24.56,28,3151,79231,
524774,"NGL FINE-CHEM LTD.",B,STK,2295.1,2414.9,2289.65,2355.35,2339.5,2249.95,107,527,1260953,
524790,"EVEREST ORGANICS LTD.",X,STK,296.9,314.8,284,303.25,303.25,280.1,72,3032,892960,
524804,"AUROBINDO PHARMA LTD.",A,STK,1266.65,1291.6,1250,1285.85,1289,1247,8913,94232,120184100,
524808,"PHYTO CHEM (INDIA) LTD.",X,STK,23.91,25.88,23.91,25.88,25.88,23.91,7,173,4138,
524816,"NATCO PHARMA LTD.",A,STK,1021.95,1051.2,1014,1039.45,1036.95,1002.2,4471,86977,90349264,
524818,"DYNAMIC INDUSTRIES LTD.",X,STK,97,97,90.2,92.38,95.99,94.38,30,1260,119662,
524820,"PANAMA PETROCHEM LTD.",B,STK,280,281.15,272.45,276.15,274.85,281.15,163,1864,515920,
524824,"BAL PHARMA LTD.",B,STK,70.8,72,67.15,71.86,72,69.8,30,656,45613,
524828,"BDH INDUSTRIES LTD.",X,STK,374,374,361.6,369.65,369,374,63,893,328438,
526001,"JAUSS POLYMERS LTD.",XT,STK,32.25,32.25,32.25,32.25,32.25,32.9,5,204,6579,
526025,"GLOBUS CONSTRUCTORS & DEVELOPE",X,STK,12.39,12.79,11.7,12.54,12.6,12.64,36,3286,41191,
526027,"CUBEX TUBINGS LTD.",B,STK,92.1,109.45,92.1,94.55,94.7,91.6,388,14465,1383260,
526043,"POLYMECHPLAST MACHINES LTD.",X,STK,48.5,48.5,44.55,44.75,47.9,47.95,15,1007,45067,
526071,"STELLANT SECURITIES (INDIA) LT",XT,STK,683.8,683.8,644.45,654.55,654.55,678.35,301,6706,4407490,
526073,"GALAXY BEARINGS LTD.",X,STK,485,492.95,460.5,481.5,481.95,457.1,60,668,322106,
526075,"REKVINA LABORATORIES LTD.",XT,STK,30.49,30.49,29.31,29.31,29.31,29.9,35,12183,368847,
526081,"SC Agrotech Limited",XT,STK,30.4,30.4,28.88,29.12,29,30.4,16,1738,50532,
526095,"RAVILEELA GRANITES LTD.",X,STK,40.4,40.4,40.39,40.39,40.39,37.37,2,2,80,
526113,"UNIROYAL MARINE EXPORTS LTD.",X,STK,13.51,16.4,13.51,16.39,16.39,15,10,235,3709,
526115,"KARAN WOO-SIN LTD.",X,STK,12.48,12.48,10.32,11.26,11.3,11.36,22,5687,62689,
526117,"SHERVANI INDUSTRIAL SYNDICATE",X,STK,380,390,380,390,390,374.35,6,100,38980,
526125,"BN AGROCHEM LIMITED",B,STK,257,258.95,249,251.9,257.95,256,26,513,128520,
526133,"SUPERTEX INDUSTRIES LTD.",X,STK,6,6,5.7,5.85,5.85,6.05,17,14614,84676,
526137,"SHETRON LTD.",X,STK,105.75,105.75,99.05,100.25,102.85,98.7,17,2952,295987,
526139,"TRANSGENE BIOTEK LTD.",X,STK,2.82,2.98,2.68,2.75,2.78,2.76,72,20129,56632,
526143,"MPL PLASTICS LTD.",X,STK,7.5,7.5,6.81,7.18,7.18,6.94,30,2216,15675,
526159,"NIKHIL ADHESIVES LTD.",X,STK,63.12,65.5,63.12,64.31,64.58,64.15,210,32559,2103361,
526161,"SPENTA INTERNATIONAL LTD.",X,STK,83.64,90.45,83.64,90,90,83.5,13,1102,99117,
526169,"MULTIBASE INDIA LTD.",X,STK,171.6,175.45,170.35,173.7,173.7,170.05,240,7726,1334640,
526173,"ANDREW YULE & COMPANY LTD.",B,STK,19.82,19.82,18.71,19.28,19.36,19.02,349,126117,2420603,
526179,"LUDLOW JUTE & SPECIALITIES LTD",X,STK,222.05,222.1,215.1,215.4,215.4,220.1,19,265,57945,
526187,"ASHRAM ONLINE.COM LTD.",X,STK,4.48,4.48,4.27,4.27,4.27,4.27,5,378,1693,
526193,"ROYAL CUSHION VINYL PRODUCTS L",X,STK,17.53,19.9,17.53,19.33,19.4,18.67,22,1040,20136,
526211,"SURAJ INDUSTRIES LTD.",X,STK,48.2,49.99,46.95,48.7,48.7,48.07,71,3103,152067,
526217,"Hitech Corporation Limited",B,STK,128.75,140,117.3,132.15,130.2,121.95,92,13603,1697502,
526225,"BLOOM DEKOR LTD.",XT,STK,13.35,13.4,13.35,13.4,13.4,13.4,4,500,6682,
526227,"FILATEX INDIA LTD.",B,STK,40.01,42.81,40.01,41.3,41.4,39.91,416,61774,2568270,
526231,"STANDARD SURFACTANTS LTD.",X,STK,50,51.93,48.67,51.93,51.93,51.95,5,103,5046,
526237,"MORGAN VENTURES LTD.",X,STK,52.8,59.83,49.05,50.33,50.01,53.62,148,8898,475676,
526241,"AMRAPALI INDUSTRIES LTD.",X,STK,13.1,14.4,13.1,13.97,13.97,13.4,8,3931,51748,
526247,"PREMIER EXPLOSIVES LTD.",A,STK,506.9,506.9,486.8,489.55,494.6,489.3,541,14085,6932376,
526251,"MID EAST PORTFOLIO MANAGEMENT",X,STK,18.31,19,16.52,16.99,16.99,18.4,45,84645,1601623,
526263,"MOLD-TEK TECHNOLOGIES LTD.",B,STK,118.6,134.75,117.15,130.1,130.35,116.25,187,3825,493775,
526269,"CRESTCHEM LTD.",X,STK,93.8,95,90.6,90.6,90.6,93.8,10,787,73764,
526299,"MPHASIS LTD.",A,STK,2191.95,2221.95,2173.35,2207.8,2204.1,2185.9,1718,12124,26681394,
526315,"DIVYASHAKTI LIMITED",X,STK,48.05,51.98,48.05,50.03,49.8,47.71,31,746,37513,
526325,"ORIENT PRESS LTD.",B,STK,76.8,76.8,65,66,66,64.01,17,304,19985,
526335,"SHREYAS INTERMEDIATES LTD.",X,STK,7.64,7.64,7.08,7.09,7.08,7.45,32,5732,41138,
526345,"PANJON LTD.",X,STK,26,26.89,24.4,26,26,25.11,133,50030,1303513,
526355,"DUROPACK LTD.",X,STK,51.06,52,51.03,52,52,51.03,4,535,27548,
526365,"SWARNSARITA JEWELS INDIA LIMIT",X,STK,31.95,32.25,31.5,32.07,32.25,30.84,30,6891,218390,
526367,"GANESH HOUSING LIMITED",A,STK,637.15,639.95,620,636.4,632.5,636.9,324,5705,3582458,
526371,"NMDC LTD.",A,STK,80,80.52,79.13,79.64,79.55,79.09,2764,581835,46371281,
526373,"CINDRELLA HOTELS LTD.",X,STK,51.65,53.96,51.58,53.95,53.94,54.29,6,329,17446,
526381,"PATEL INTEGRATED LOGISTICS LTD",B,STK,10,10.39,9.98,10.15,10.15,9.8,42,6932,70818,
526397,"ALPHAGEO (INDIA) LTD.",B,STK,207.7,208,200,200.6,204.6,205.05,155,2290,473061,
526407,"HAMPTON SKY REALTY LIMITED",X,STK,10.79,10.99,10,10.06,10.06,10.37,145,32998,337855,
526409,"KKALPANA INDUSTRIES (INDIA) LT",X,STK,7.97,8.17,7.01,7.16,7.08,7.21,92,27065,200840,
526415,"OK PLAY INDIA LTD.",X,STK,4.88,4.88,4.46,4.51,4.55,4.63,517,502974,2295048,
526423,"KRITI INDUSTRIES (INDIA) LTD.",B,STK,79.86,84.1,79.16,80.83,80.83,82.98,31,2788,230025,
526433,"ASM TECHNOLOGIES LTD.",B,STK,2319.95,2333,2270,2306.45,2320,2240.35,1875,20555,47301860,
526435,"PERFECTPAC LTD.",X,STK,85,85,77.12,84.5,84.5,87.03,13,293,23451,
526439,"AMBITIOUS PLASTOMAC COMPANY LT",X,STK,10.45,11,9.98,11,11,10.5,18,277,2840,
526441,"VISION CINEMAS LTD.",XT,STK,1.13,1.18,1.08,1.18,1.18,1.13,24,4445,4955,
526443,"Artificial Electronics Intelli",X,STK,107,108.05,104.25,108.05,108.05,102.95,292,21159,2259389,
526445,"INDRAYANI BIOTECH LTD.",X,STK,7.55,8.09,7.42,7.56,7.56,7.41,100,143997,1096011,
526468,"EURO LEDER FASHION LTD.",X,STK,17.5,17.5,17.4,17.5,17.5,16.73,7,93,1627,
526471,"WINSOME BREWERIES LTD.",X,STK,19,19.5,19,19.47,19.45,19.11,84,3441,66939,
526473,"ELEGANT FLORICULTURE & AGROTEC",X,STK,4.67,4.98,4.6,4.66,4.66,4.54,129,47544,226936,
526479,"SKY INDUSTRIES LTD.",X,STK,81,86.9,81,86.9,86.9,85,16,943,79105,
526481,"PHOENIX INTERNATIONAL LTD.",X,STK,30.7,33.6,30.7,33.6,33.6,32.81,9,249,8298,
526490,"PRATIK PANELS LTD.",X,STK,6.97,7.51,6.85,7.47,7.47,6.83,117,136538,981639,
526492,"Rishiroop Limited",X,STK,86.03,88.8,86.02,86.8,87.85,85.38,24,821,71000,
526494,"Promact Plastics Limited",X,STK,9.03,9.99,9,9.99,9.99,10,10,1057,9577,
526500,"STERLING GREEN WOODS LTD.",X,STK,22.8,23,21.66,22.66,21.66,22.8,10,378,8649,
526506,"SYSTEMATIX CORPORATE SERVICES",B,STK,68.45,70.56,68.31,70.18,70.25,68.45,41,1611,113100,
526508,"Shahi Shipping Limited",X,STK,14.01,14.4,13.5,14.03,13.9,14.15,88,9403,128639,
526519,"ALPINE HOUSING DEVELOPMENT COR",X,STK,91.79,91.79,89,89,89,85.1,4,26,2340,
526521,"SANGHI INDUSTRIES LTD.",B,STK,55.3,55.91,54.76,55.28,55.15,54.47,100,6310,347647,
526525,"WORLDWIDE ALUMINIUM LIMITED",X,STK,16.79,16.96,16.79,16.96,16.96,16.16,2,64,1077,
526530,"IIRM HOLDINGS INDIA LIMITED",X,STK,89,89,82,83.93,83.41,82.29,17,1317,112348,
526532,"SQUARE FOUR PROJECTS INDIA LIM",X,STK,7.81,8.85,7.81,8.77,8.77,8.44,11,225,1980,
526544,"SGL RESOURCES LIMITED",X,STK,2.22,2.22,2.12,2.17,2.18,2.09,96,123986,271078,
526546,"CHOKSI LABORATORIES LTD.",X,STK,88.3,97.5,88.3,97.5,97.5,96.5,21,154,14302,
526550,"COUNTRY CLUB HOSPITALITY AND H",B,STK,12.76,13.22,12.75,12.77,12.77,12.63,17,452,5789,
526554,"SALGUTI INDUSTRIES LTD.",X,STK,25.01,27,25.01,27,27,26,2,2,52,
526570,"MIDWEST GOLD LTD.",T,STK,3842,4015,3810,4015,4015,3842.15,337,2758,10954834,
526574,"ENTERPRISE INTERNATIONAL LTD.",X,STK,21.46,21.46,20.2,21,21,21.56,3,102,2187,
526582,"TPL PLASTECH LTD.",B,STK,61.69,64.1,61.69,64.06,64.07,59.82,102,1422,90103,
526586,"WIM PLAST LTD.",X,STK,356,360,352,354.55,354.55,354.7,194,5149,1836257,
526588,"PHOTOQUIP INDIA LTD.",X,STK,15.17,15.17,15.17,15.17,15.17,14.45,3,645,9784,
526596,"LIBERTY SHOES LTD.",B,STK,222.85,227.95,222.85,227.95,227.95,220.8,78,4708,1058426,
526604,"LIPPI SYSTEMS LTD.",XT,STK,51.58,51.58,51.58,51.58,51.58,54.29,15,4274,220452,
526608,"ELECTROTHERM (INDIA) LTD.",B,STK,635,635.9,622,625.65,626.95,627.8,192,9981,6214785,
526612,"BLUE DART EXPRESS LTD.",A,STK,5302.2,5380,5300,5358.5,5320,5302.15,276,1194,6375805,
526614,"EXPO ENGINEERING AND PROJECTS",X,STK,55.51,64.49,55.51,61.69,62,55.49,71,15555,939230,
526616,"NATIONAL PLASTIC INDUSTRIES LT",X,STK,46.01,47.92,46.01,46.86,46.85,45.53,31,2607,121759,
526622,"MFL INDIA LTD.",X,STK,0.39,0.4,0.39,0.39,0.4,0.38,274,267234,105832,
526628,"AJWA FUN WORLD & RESORT LTD.",P,STK,46.55,48.8,46.51,48.8,48.8,46.5,6,600,28145,
526638,"TEXEL INDUSTRIES LTD.",X,STK,77.75,77.75,73.61,75.38,76.5,73.86,184,53868,4060423,
526640,"ROYALE MANOR HOTELS & INDUSTRI",X,STK,31.99,31.99,30.9,30.9,30.9,30.63,15,1662,52694,
526642,"MIRZA INTERNATIONAL LTD.",B,STK,30,31.88,30,31.63,31.47,31.09,109,5834,184277,
526650,"TOURISM FINANCE CORPORATION OF",B,STK,65,67.67,64.75,66.55,66,63.57,748,219644,14536835,
526654,"THAKKERS DEVELOPERS LTD.",X,STK,118,120,114.5,119.5,120,118,17,301,35354,
526662,"RAJDARSHAN INDUSTRIES LTD.",B,STK,41.3,41.3,39,39,39,40.36,4,81,3216,
526666,"BHARTIYA INTERNATIONAL LTD.",B,STK,750,750,712.3,725.35,725.35,743.75,11,79,58477,
526668,"KAMAT HOTELS (INDIA) LTD.",B,STK,182.75,189.9,181.45,187.6,185.95,181.05,48,1301,241440,
526675,"TIRTH PLASTIC LTD.",XT,STK,23.09,23.55,22.63,22.63,22.63,23.09,13,1424,33370,
526677,"DSJ KEEP LEARNING LIMITED",B,STK,2.02,2.02,1.98,2,2,2.06,10,327,654,
526703,"ECOPLAST LTD.",X,STK,436.25,436.25,422.5,422.55,422.5,427.1,32,1512,641965,
526705,"ELEGANT MARBLES & GRANI INDUST",X,STK,190.7,190.7,185.3,185.95,187.5,191.2,30,582,109320,
526709,"BITS LTD.",XT,STK,7.86,8.28,7.52,8.06,8.18,7.89,371,80206,637660,
526711,"ADARSH PLANT PROTECT LTD.",X,STK,32.67,33,32.67,33,33,32.87,3,368,12143,
526717,"HCP PLASTENE BULKPACK LIMITED",X,STK,177.6,183.9,177.6,181.2,181.6,177.6,26,2448,441603,
526721,"NICCO PARKS & RESORTS LTD.",X,STK,67.8,68.44,66.48,67.43,67.99,66.48,20,534,36077,
526723,"NTC INDUSTRIES LTD.",X,STK,160.05,164.6,157,162.95,162.95,160,68,4904,789109,
526725,"SANDESH LTD.",B,STK,938.05,965.75,933.75,959.25,965.75,938,27,107,101976,
526727,"GARNET CONSTRUCTION LTD.",XT,STK,94.5,94.69,86.5,94.06,94.27,90.22,75,16178,1496555,
526729,"GOLDIAM INTERNATIONAL LTD.",A,STK,313.65,328,310.9,319.15,319.15,313.7,798,39185,12331327,
526731,"BRIGHT BROTHERS LTD.",X,STK,209.8,213.7,199,202.1,202.1,201.75,67,2063,419434,
526739,"NARMADA GELATINES LTD.",X,STK,352.65,355.75,350.1,353,353,346.05,58,2993,1055979,
526747,"PG FOILS LTD.",X,STK,225.5,234.5,225.5,231.75,230.65,228.2,82,5831,1352578,
526755,"VELAN HOTELS LTD.",X,STK,5.07,5.31,5.07,5.07,5.07,5.06,7,266,1349,
526761,"HOWARD HOTELS LTD.",X,STK,26,26.2,23.6,23.6,23.6,25.88,5,6,150,
526775,"VALIANT COMMUNICATIONS LTD.",XT,STK,1040.9,1110,1040.9,1096.65,1100,1073.25,263,14101,15543627,
526783,"DR.AGARWALS EYE HOSPITAL LTD.",B,STK,4600.05,4820.05,4600,4779,4799,4500.75,336,1882,8933346,
526797,"GREENPLY INDUSTRIES LTD.",B,STK,189.55,193.95,189.55,192.5,193.95,190.05,242,12945,2489708,
526807,"SEAMEC LTD.",B,STK,1335.45,1335.45,1304.15,1321.7,1330,1327.5,111,562,742598,
526813,"RAGHUNATH INTERNATIONAL LTD.",X,STK,10.18,10.45,10.18,10.45,10.45,10.14,6,553,5719,
526817,"CHEVIOT CO.LTD.",B,STK,998,998,987,988.1,987,985,41,80,79125,
526821,"DAI-ICHI KARKARIA LTD.",X,STK,245,250,239.9,246,246,239.95,29,1537,375820,
526823,"RAJESWARI INFRASTRUCTURE LIMIT",Z,STK,6.19,6.19,6.18,6.19,6.19,5.9,23,12458,77114,
526827,"SPICE ISLANDS INDUSTRIES LIMIT",XT,STK,234.25,234.25,234.25,234.25,234.25,239,5,126,29515,
526829,"CONFIDENCE PETROLEUM INDIA LTD",B,STK,29,29.75,28.61,29.26,29.15,28.82,344,49735,1459904,
526839,"SHELTER INFRA PROJECTS LTD.",X,STK,14.8,14.8,14.12,14.8,14.8,14.8,9,212,3002,
526841,"SHAKTI PRESS LTD.",X,STK,23.9,25.14,23.01,25.14,25.14,23.95,14,1547,38487,
526847,"ASHIRWAD STEELS & INDUSTRIES L",X,STK,21.31,23.98,21.1,23.43,23.77,21.37,37,5539,118323,
526849,"BANARAS BEADS LTD.",B,STK,115.2,116.25,112.2,112.6,112.6,114,9,49,5624,
526853,"BILCARE LTD.",X,STK,58.99,59.05,56.25,58.55,59,56.58,77,11112,645307,
526859,"ISF LIMITED",X,STK,0.91,0.92,0.91,0.91,0.91,0.9,21,7420,6766,
526861,"RISHI LASER LTD.",X,STK,101,109,98,102.5,102.5,97.95,113,11016,1138822,
526865,"JAINCO PROJECTS (INDIA) LTD.",X,STK,4.18,4.18,4.18,4.18,4.18,4.18,12,3352,14011,
526869,"KUMBHAT FINANCIAL SERVICES LTD",X,STK,17.3,20.35,16.7,20.35,20.35,18.5,25,5281,107031,
526871,"INTEC CAPITAL LTD.",X,STK,9.12,10.21,8.67,9.64,9.77,9.39,32,9161,85926,
526873,"RAJASTHAN SECURITIES LIMITED",X,STK,36,36,35.2,35.26,35.3,36,48,17592,623930,
526877,"SIDDHESWARI GARMENTS LTD.",X,STK,24,24,22.06,23.29,23.4,23.22,3,17,399,
526881,"63 Moons Technologies Limited",A,STK,577.35,620,570.8,612.35,612.35,557.95,1178,17760,10730645,
526883,"SHIKHAR CONSULTANTS LTD.",XT,STK,17.48,17.48,17.48,17.48,17.48,17.83,4,1153,20154,
526885,"SARLA PERFORMANCE FIBERS LTD.",B,STK,80.18,80.86,79.52,80.5,80.86,78.98,22,352,28282,
526887,"INDO CREDIT CAPITAL LTD.",X,STK,3.94,3.94,3.94,3.94,3.94,3.76,1,1,3,
526891,"MARKET CREATORS LTD.",X,STK,13.3,13.3,13.3,13.3,13.3,13.24,1,1,13,
526899,"HIMALAYA FOOD INTERNATIONAL LI",X,STK,8.55,9.2,8.55,8.89,8.89,8.52,168,61120,542509,
526901,"SONAL ADHESIVES LTD.",X,STK,36,37.3,36,37.3,37.3,35.32,2,477,17662,
526905,"Padmanabh Industries Ltd",XT,STK,9.49,9.76,8.84,9.72,8.84,9.3,11,3101,30143,
526921,"TWENTYFIRST CENTURY MANAGEMENT",B,STK,34.2,34.58,33.55,34.57,34.57,34.2,42,1191,40061,
526931,"HARIYANA SHIP BREAKERS LTD.",X,STK,99.65,101.9,96,98.95,98.8,99.65,170,11140,1092106,
526935,"Kalind Limited",XT,STK,82.01,88.84,80.38,87.21,87.21,84.61,1008,1316072,110324949,
526941,"VAISHNO CEMENT CO.LTD.",P,STK,4.11,4.11,4.11,4.11,4.11,4.32,2,200,822,
526945,"TYROON TEA CO.LTD.",X,STK,86.37,87.95,86.37,86.9,86.9,85.95,7,32,2794,
526947,"LA OPALA RG LTD.",B,STK,193.3,196.35,191,192.3,192,191.5,183,4143,798389,
526951,"STYLAM INDUSTRIES LIMITED",B,STK,2213.15,2222.9,2207.35,2212.65,2222.9,2207.4,158,601,1330301,
526953,"VENUS REMEDIES LTD.",B,STK,769.9,799.8,764.05,784.65,780.9,755.25,261,2840,2227873,
526961,"LAST MILE ENTERPRISES LIMITED",X,STK,4.01,4.18,4.01,4.14,4.14,4.04,224,96624,399020,
526965,"GUJARAT CRAFT INDUSTRIES LTD.",X,STK,98,98,95,95.75,95,97.9,37,872,84694,
526967,"HEERA ISPAT LTD.",X,STK,6.25,6.98,6.25,6.25,6.25,6.23,13,781,5083,
526971,"DHOOT INDUSTRIAL FINANCE LTD.",X,STK,192,200.8,190.15,193.9,199.8,192.85,49,1268,247211,
526981,"SHRI BAJRANG ALLIANCE LIMITED",X,STK,159.5,161.9,156,157.35,159.45,156.75,29,1698,267146,
526987,"URJA GLOBAL LTD.",B,STK,8.76,9.15,8.76,9.11,9.14,8.74,429,149831,1346262,
527001,"ASHAPURA MINECHEM LTD.",A,STK,522.8,530.3,514,527.3,527.3,514.7,805,25629,13413380,
527005,"SHREE PACETRONIX LTD.",X,STK,122.3,125,115.15,120.95,120.9,122.3,42,2675,321286,
530001,"GUJARAT ALKALIES & CHEMICALS L",B,STK,434,445.2,429.2,443.6,444.5,430.55,250,3103,1358431,
530005,"INDIA CEMENTS LTD.",A,STK,368.75,372.5,364.5,371.45,372.4,367.9,346,12319,4561256,
530007,"JK TYRE & INDUSTRIES LTD.",A,STK,440.5,449.5,432.4,447.45,447.45,424.95,2422,81476,35913787,
530017,"STANDARD INDUSTRIES LTD.",B,STK,14,14.24,13.96,14,13.96,14,19,4287,60069,
530019,"JUBILANT PHARMOVA LIMITED",A,STK,806.85,822,783.75,812.45,810,820.85,772,9528,7730296,
530023,"THE INVESTMENT TRUST OF INDIA",B,STK,93.85,99.71,93.07,99.71,99.71,93.03,31,2332,223647,
530025,"SAMYAK INTERNATIONAL LTD.",X,STK,14.75,14.99,13.15,14.46,14.89,15.38,70,24193,349534,
530027,"AADI INDUSTRIES LTD.",XT,STK,8.83,9.19,8.83,8.83,8.83,9.29,37,10250,90544,
530037,"SPARKLE GOLD ROCK LIMITED",X,STK,68.36,68.36,65,68.36,68.36,65.11,38,13801,943097,
530043,"ACKNIT INDUSTRIES LTD.",X,STK,290.7,298,277.2,279.45,279.5,267,17,325,93318,
530045,"TITAN SECURITIES LTD.",X,STK,37.01,38.45,36.15,36.88,36.43,37,131,19361,719448,
530053,"REAL ECO-ENERGY LIMITED",X,STK,4.5,4.7,4.5,4.51,4.51,4.47,56,41400,186815,
530057,"Vivanza Biosciences Limited",X,STK,1.93,2.02,1.93,2.02,2.02,1.93,23,17590,35100,
530063,"YASHRAJ CONTAINEURS LTD.",XT,STK,4.66,4.66,4.66,4.66,4.66,4.57,5,75,349,
530065,"LORDS ISHWAR HOTELS LIMITED",X,STK,16.25,17.05,14,16.24,16.9,15.5,63,6534,101992,
530067,"CSL Finance Limited",B,STK,250,250,243,246.55,243,246.7,43,535,131480,
530073,"SANGHVI MOVERS LTD.",B,STK,236.35,250.05,236.35,242.3,250.05,236.15,255,7871,1892699,
530075,"Antelopus Selan Energy Limited",B,STK,611.5,617.45,575,578.75,578.75,635.8,1535,28469,16924464,
530077,"PURETROP FRUITS LIMITED",X,STK,175.05,176,173,175.3,175.5,173.7,57,4960,868994,
530079,"FAZE THREE LTD.",T,STK,448.5,467.8,448.5,467.2,465,446.6,14,177,82381,
530095,"PRADHIN LIMITED",Z,STK,0.19,0.2,0.19,0.19,0.19,0.19,429,1662971,316666,
530109,"ANUPAM FINSERV LIMITED",X,STK,2.06,2.14,2.04,2.1,2.1,2.06,236,119359,249742,
530111,"RAJ PACKAGING INDUSTRIES LTD.",X,STK,30.6,30.6,27.01,28.5,28.5,30.6,39,1163,33122,
530117,"PRIVI SPECIALITY CHEMICALS LIM",A,STK,2928.3,2970,2924.05,2945.3,2941.05,2928.2,349,2895,8517541,
530119,"NATRAJ PROTEINS LTD.",X,STK,34.9,34.9,29.6,31.5,31.5,29.56,27,5751,170875,
530125,"SAMRAT PHARMACHEM LTD.",X,STK,204.9,230,201.05,215.8,219.9,201.55,175,9265,2011939,
530127,"NPR FINANCE LTD.",X,STK,23.5,23.5,21,22.49,22.49,22.89,42,823,17702,
530129,"NILE LTD.",X,STK,1667.85,1667.85,1628.3,1645.55,1650,1635.1,95,974,1603694,
530133,"AMCO INDIA LTD.",X,STK,66,67.25,66,66.2,66.2,65.78,14,2402,161115,
530135,"OPTIEMUS INFRACOM LTD",B,STK,353,361.1,350.15,357.7,356.4,345.75,234,9565,3400145,
530139,"KREON FINNANCIAL SERVICES LTD.",X,STK,28.9,36.29,28.9,31.37,31.2,31.89,17,302,9723,
530145,"KISAN MOULDINGS LTD.",X,STK,27.11,27.69,26.22,26.69,26.69,26.58,389,116143,3127651,
530163,"KERALA AYURVEDA LTD.",X,STK,195.05,214,195.05,198.1,198.1,196.7,382,136181,27543312,
530167,"MOONGIPA CAPITAL FINANCE LTD.",X,STK,15.5,15.5,15.15,15.15,15.15,15.21,2,150,2307,
530169,"MOHIT PAPER MILLS LTD.",X,STK,27.15,28.49,27.15,28.45,28.45,28.47,11,287,8138,
530171,"DAULAT SECURITIES LTD.",X,STK,29.72,31.97,27.15,31.56,31.8,29,38,2220,68636,
530175,"ODYSSEY TECHNOLOGIES LTD.",X,STK,47.5,49.9,47.5,48.14,48.95,50.36,75,5969,287821,
530177,"VK Global Industries Limited",X,STK,21.63,22.94,21.63,22.94,22.94,21.85,4,953,20616,
530179,"RSC INTERNATIONAL LTD.",XT,STK,27.07,27.07,27.07,27.07,27.07,28.49,4,13000,351910,
530185,"Surat Trade and Mercantile Lim",X,STK,4.28,4.5,4.28,4.39,4.37,4.42,155,52822,232447,
530187,"ATHARV ENTERPRISES LTD.",X,STK,3.9,4.2,3.8,3.8,3.8,3.9,20,4922,18819,
530197,"FUNDVISER CAPITAL (INDIA) LIMI",XT,STK,312.9,315,303,313.8,315,302.7,50,1415,439146,
530199,"THEMIS MEDICARE LTD.",B,STK,78.8,83.07,78.63,81.36,81.53,76.58,202,6655,533044,
530201,"KALLAM TEXTILES LTD",X,STK,2.82,2.95,2.52,2.88,2.83,2.86,100,58325,160103,
530207,"BRAWN BIOTECH LTD.",X,STK,21.28,21.28,19.3,19.3,19.3,20.27,10,654,13611,
530213,"FORTUNE INTERNATIONAL LTD.",X,STK,62.72,63,62.72,63,63,64,2,101,6362,
530215,"KINGS INFRA VENTURES LIMITED",X,STK,118.5,124,116,119.1,119.1,113.6,201,86009,10241067,
530217,"SWOJAS FOODS LIMITED",X,STK,11.56,11.89,11,11.25,11.45,11.33,46,13774,160924,
530231,"SUBHASH SILK MILLS LTD.",X,STK,40,40,40,40,40,42.1,1,1,40,
530233,"AURO LABORATORIES LTD.",XT,STK,295,298,285,285,285,288,33,3432,986728,
530235,"KJMC FINANCIAL SERVICES LTD.",X,STK,46,49.8,45.77,47.24,47,46,33,1234,57817,
530239,"SUVEN LIFE SCIENCES LTD.",B,STK,136.8,145.45,136.8,144,144.35,136.05,542,142007,20090853,
530245,"ARYAMAN FINANCIAL SERVICES LTD",X,STK,600,630,600,627,630,600,17,231,139968,
530249,"BRIDGE SECURITIES LTD.",X,STK,11.6,12,11.6,11.84,11.7,11.82,116,197153,2329482,
530251,"RISA INTERNATIONAL LTD.",X,STK,0.42,0.45,0.41,0.43,0.44,0.43,131,107588,47131,
530253,"RAJASTHAN TUBE MANUFACTURING C",X,STK,17.14,17.99,16.29,17.36,17.99,17.14,447,318721,5420333,
530255,"KAY POWER AND PAPER LTD.",X,STK,8.55,9.47,8.55,9.01,9.09,8.55,53,39305,347400,
530259,"INTER STATE OIL CARRIER LTD.",X,STK,34.7,34.7,30,32.11,32,31.89,35,6811,215825,
530263,"GLOBAL CAPITAL MARKETS LTD.",X,STK,0.53,0.53,0.51,0.52,0.52,0.52,100,137546,71974,
530265,"SAINIK FINANCE & INDUSTRIES LT",X,STK,35.85,35.85,35.8,35.85,35.85,35.85,4,4022,144038,
530267,"ARIGATO UNIVERSE LIMITED",X,STK,45.74,45.74,45.74,45.74,45.74,43.57,2,129,5900,
530271,"RICH UNIVERSE NETWORK LTD.",X,STK,7.3,7.3,6.68,6.68,6.68,7.02,4,20,139,
530281,"QUANTUM DIGITAL VISION (INDIA)",X,STK,22.72,23.5,22.72,22.83,22.83,22.72,6,169,3881,
530289,"SP CAPITAL FINANCING LTD.",X,STK,58.1,58.1,57,57.72,57.72,56.3,5,95,5495,
530299,"KOTHARI PRODUCTS LTD.",B,STK,59.86,64,59.8,61.99,61.71,61.08,19,710,43984,
530305,"PICCADILY AGRO INDUSTRIES LTD.",B,STK,535.05,557.85,535.05,547,545,532.55,913,17886,9790821,
530307,"CHAMAN LAL SETIA EXPORTS LTD.",B,STK,242.8,257.2,242.8,251.8,250.95,244.05,205,2294,571151,
530309,"CHANDRA PRABHU INTERNATIONAL L",X,STK,12.1,12.74,11.9,12.14,12.1,12.1,41,12435,153463,
530313,"KIMIA BIOSCIENCES LIMITED",X,STK,31,31.89,30,31.35,30.96,30.15,19,588,18521,
530315,"HINDUSTAN TIN WORKS LTD.",X,STK,107,109.5,101.95,103.95,103.95,104.95,234,43866,4675339,
530317,"GODAVARI DRUGS LTD.",X,STK,80.29,82.99,80.25,82.89,82.89,80.29,8,148,12245,
530331,"PREMCO GLOBAL LTD.",X,STK,426.4,435,412.4,433.2,422.6,408.6,120,4706,2011159,
530341,"MUKESH BABU FINANCIAL SERVICES",X,STK,132.1,132.1,132.1,132.1,132.1,122,1,1,132,
530343,"GENUS POWER INFRASTRUCTURES LT",A,STK,254.95,262,244.1,258.5,259.85,243.95,588,24042,6004669,
530355,"ASIAN ENERGY SERVICES LTD",B,STK,266,274.25,266,272.05,268.15,266.3,133,3847,1040532,
530357,"KBS INDIA LIMITED",XT,STK,1.17,1.28,1.17,1.17,1.17,1.23,142,104570,122421,
530361,"PRABHHANS INDUSTRIES LIMITED",X,STK,41,41,38.61,38.61,38.61,42.89,29,1298,50358,
530363,"UGAR SUGAR WORKS LTD.",B,STK,37.7,38.2,37.1,37.87,37.67,37.36,50,3149,119059,
530365,"ORIENT BELL LIMITED",B,STK,286,286,264.35,269.65,270,278.55,44,435,118976,
530367,"NRB BEARINGS LTD.",B,STK,259.35,263.7,257.6,263.1,262.55,255.7,128,2385,622696,
530369,"VAMSHI RUBBER LTD.",X,STK,39,45,39,41.17,44.9,41.89,12,334,13811,
530377,"NILA INFRASTRUCTURES LTD.",B,STK,7.5,7.52,7.1,7.41,7.41,7.28,110,84236,617053,
530393,"DB (INTERNATIONAL) STOCK BROKE",B,STK,25.27,25.32,25.25,25.32,25.32,25.03,3,43,1087,
530401,"VINYOFLEX LTD.",X,STK,43.93,44.95,42.08,42.62,44.65,43.93,45,2489,107231,
530405,"JINDAL CAPITAL LTD.",X,STK,30,31.6,30,31.25,31.25,31.26,32,1371,42064,
530407,"EPIC ENERGY LTD.",X,STK,27.01,31.5,27.01,29.76,30.55,28.02,93,13927,417941,
530419,"SUMEDHA FISCAL SERVICES LTD.",X,STK,36.88,36.88,35.05,35.12,35.05,35.73,38,2518,89126,
530421,"KUWER INDUSTRIES LTD.",X,STK,8.05,8.25,7.84,8.07,8.24,7.66,26,15787,125657,
530427,"CHOKSI ASIA LIMITED",X,STK,150,155,146.65,153.7,155,146.65,33,2479,377076,
530429,"ASHISH POLYPLAST LTD.",X,STK,34.75,34.75,30.2,30.28,31.5,31,33,1088,35020,
530433,"SHIVA GLOBAL AGRO INDUSTRIES L",X,STK,35.7,40.89,35.5,37.8,39.75,35.73,96,13729,521253,
530439,"SIDDHA VENTURES LTD.",X,STK,4.1,4.1,3.9,4.09,4.09,4.07,13,1022,4170,
530443,"KIRAN SYNTEX LTD.",XT,STK,14.8,15.54,14.06,14.08,15.54,14.8,4,1260,17952,
530445,"SUMERU INDUSTRIES LTD.",X,STK,1.68,1.69,1.47,1.54,1.52,1.65,67,28757,45181,
530449,"RUNGTA IRRIGATION LTD.",X,STK,52,52,51.99,51.99,51.99,48.77,13,304,15806,
530457,"GTT DATA SOLUTIONS LIMITED",X,STK,51.95,53.35,51.5,52.78,52.7,50.84,90,18591,975436,
530459,"VALSON INDUSTRIES LTD.",X,STK,26.5,27.74,25.18,27.25,27.25,26.5,31,3030,79804,
530461,"SABOO SODIUM CHLORO LTD.",X,STK,13.25,13.25,12.55,12.78,12.65,12.78,111,33238,425724,
530475,"TINNA RUBBER AND INFRASTRUCTUR",B,STK,646,666.05,640,659,653.8,642.25,223,3057,1995047,
530477,"VIKRAM THERMO (INDIA) LTD.",X,STK,145.55,151.95,145.55,147.65,147.2,148.95,98,7028,1038418,
530495,"STRATMONT INDUSTRIES LIMITED",XT,STK,70.54,74.06,69.84,70.22,71,70.54,20,526,36882,
530499,"A.K.CAPITAL SERVICES LTD.",X,STK,1525,1550,1525,1540.9,1540,1519.55,30,347,532158,
530517,"RELAXO FOOTWEARS LTD.",A,STK,312,315.45,307.25,308,309,310.6,474,5291,1642853,
530521,"VIRAT INDUSTRIES LTD.",X,STK,374.7,374.95,333,333.25,333.25,369.95,147,3044,1054534,
530525,"RAJNISH RETAIL LIMITED",X,STK,3.32,3.45,3.21,3.43,3.45,3.29,269,586743,1985792,
530533,"TERAI TEA CO.LTD.",X,STK,102.8,102.8,102.8,102.8,102.8,97.2,3,5,514,
530537,"MANRAJ HOUSING FINANCE LTD.",X,STK,46.32,46.32,46.32,46.32,46.32,45.41,3,12,555,
530545,"COSCO (INDIA) LTD.",X,STK,183.8,186.95,177,180.5,182,180.45,83,2032,367921,
530547,"KEN FINANCIAL SERVICES LTD.",X,STK,10.3,10.3,10.3,10.3,10.3,10.81,2,22,226,
530549,"SHILPA MEDICARE LTD.",A,STK,335,345.15,334.9,338.95,337.65,333.5,785,30163,10253074,
530555,"PARAMOUNT COMMUNICATIONS LTD.",B,STK,33.98,33.98,32.32,32.5,32.4,32.08,313,73709,2405263,
530557,"NCL RESEARCH & FINANCIAL SERVI",X,STK,0.43,0.43,0.42,0.42,0.42,0.43,653,1100735,467479,
530571,"EXPLICIT FINANCE LTD.",X,STK,8.77,8.77,7.96,8.08,8.77,8.36,13,615,5320,
530577,"LADDERUP FINANCE LTD.",X,STK,52.5,52.5,50,52.5,52.5,52,10,1021,51118,
530579,"U. Y. FINCORP LIMITED",B,STK,14.02,14.02,13.4,13.86,13.87,13.42,20,4066,56501,
530581,"EKAM LEASING & FINANCE CO.LTD.",X,STK,5.66,5.66,5.66,5.66,5.66,5.95,1,1,5,
530585,"SWASTIKA INVESTMART LTD.",X,STK,53.75,56.2,51.9,55.83,55.87,53.75,120,10188,556184,
530589,"PRIMA PLASTICS LTD.",X,STK,106,112,103.8,111.95,112,105.5,57,2766,299143,
530595,"TELECANOR GLOBAL LTD.",XT,STK,41.51,44.03,41.51,43,43.77,41.94,153,34896,1518399,
530601,"JAGSONPAL SERVICES LIMITED",X,STK,57,57,50.15,51,51,53.26,13,382,20078,
530615,"GARG FURNACE LTD.",X,STK,154.75,154.75,140.05,147.9,148,148.7,30,11463,1734021,
530617,"SAMPRE NUTRITIONS LTD.",X,STK,20.49,20.7,19.68,20.56,20.56,19.86,938,315352,6444649,
530621,"Akar Auto Industries Limited",X,STK,94.4,100.01,94.4,99.59,100.01,96.76,72,14326,1410118,
530627,"Vipul Organics Limited",X,STK,190.05,191.45,185.5,186.2,186,191.6,77,14293,2681778,
530643,"ECO RECYCLING LTD.",B,STK,323.6,335,323,326.4,327,319.9,749,21480,7031575,
530655,"Goodluck India Limited",B,STK,1050,1075.15,1046.2,1067.3,1070.9,1043.9,281,2086,2217549,
530663,"GOYAL ASSOCIATES LTD.",X,STK,0.89,0.92,0.89,0.91,0.91,0.86,38,97810,87223,
530665,"ZENITH HEALTH CARE LTD.",X,STK,2.93,3.14,2.5,2.79,2.78,2.96,249,122502,337567,
530675,"YORK EXPORTS LTD.",X,STK,61.84,61.84,61.84,61.84,61.84,65.09,6,105,6493,
530677,"SUPREME HOLDINGS & HOSPITALITY",B,STK,51.5,54,51,54,54,52.3,30,725,37572,
530689,"LYKIS LIMITED",X,STK,49.8,49.8,47.5,48.01,48.5,47.41,209,111920,5378120,
530695,"PRIME PROPERTY DEVELOPMENT COR",X,STK,21.4,22.49,21.01,21.05,22.48,21.38,32,8485,185625,
530697,"Zenlabs Ethica Limited",X,STK,20.03,23.4,19.69,21.84,21.84,19.71,56,12189,266957,
530699,"RAJ RAYON INDUSTRIES LIMITED",T,STK,22.45,22.79,22.25,22.79,22.79,22.6,7,119,2657,
530705,"ANIRIT VENTURES LIMITED",XT,STK,40.34,40.34,40.34,40.34,40.34,41.16,4,876,35337,
530709,"GOWRA LEASING & FINANCE LTD.",X,STK,85,85,77,84.41,84.9,80.92,15,128,10866,
530711,"JAGAN LAMPS LTD.",X,STK,55.65,58.7,55.62,56.43,57,55.62,27,642,36660,
530723,"ASIT C.MEHTA FINANCIAL SERVICE",X,STK,120,120,112,113.45,112,120,32,9242,1042788,
530733,"ENCODE PACKAGING INDIA LIMITED",X,STK,12.6,13.06,12.6,13.06,13.06,13.06,5,25,321,
530735,"SUPER BAKERS (INDIA) LTD.",X,STK,30,30,30,30,30,31.45,1,1,30,
530741,"OVOBEL FOODS LTD.",X,STK,137.4,143.55,133,139.65,139.9,129.95,130,8192,1139313,
530745,"ACS TECHNOLOGIES LIMITED",X,STK,38.5,39,38.06,38.57,38.99,38.81,132,52563,2028481,
530747,"CHALLANI CAPITAL LIMITED",X,STK,22.4,22.4,20,20.45,21.5,21.5,12,63,1385,
530755,"CORAL NEWSPRINTS LTD.",X,STK,9.05,9.05,9.05,9.05,9.05,9.46,5,378,3420,
530759,"STERLING TOOLS LTD.",B,STK,196.7,201.25,196,199.2,199.2,194.5,123,2327,462733,
530765,"AGARWAL FORTUNE INDIA LIMITED",X,STK,19,19.03,19,19.03,19.03,19.86,6,441,8381,
530779,"DYNAMIC PORTFOLIO MANAGEMENT &",X,STK,29,29,26.25,26.25,26.25,27.63,17,4269,112173,
530789,"CEEJAY FINANCE LTD.",X,STK,155.9,164,155.9,159.95,164,164,2,2,319,
530795,"SUNCITY SYNTHETICS LTD.",XT,STK,11,11,11,11,11,11.07,2,50,550,
530797,"SHREE GANESH ELASTOPLAST LTD.",X,STK,16.09,16.09,16.09,16.09,16.09,15.33,3,4778,76878,
530799,"ANNA INFRASTRUCTURES LTD.",X,STK,29.97,29.97,28.49,28.49,28.49,29.98,10,1908,54420,
530803,"Bhageria Industries Limited",B,STK,153.05,155,151,151,151,150.4,506,26390,4016394,
530805,"ONESOURCE INDUSTRIES AND VENTU",X,STK,7,7.6,6.6,6.85,6.98,7,253,107540,739814,
530809,"BNR UDYOG LTD.",X,STK,36,39.99,33.05,37.96,37.96,34.6,15,400,15246,
530813,"KRBL LTD.",A,STK,310.9,315.8,307,312.8,313.3,306.25,585,16617,5163841,
530821,"SSPDL LTD.",XT,STK,13.7,15.14,13.7,15.14,15.14,14.42,40,54601,754524,
530825,"DAIKAFFIL CHEMICALS INDIA LTD.",X,STK,40.47,40.47,37,38.08,37,38.55,49,14223,540207,
530829,"CIL SECURITIES LTD.",X,STK,35.36,36.5,34,34.09,34.02,34.66,12,980,33790,
530839,"CLIO INFOTECH LTD.",X,STK,6.76,6.76,6.76,6.76,6.76,6.44,5,1237,8362,
530843,"CUPID LTD.",B,STK,94.4,95.9,91.45,92.8,92.8,91.7,12862,3437864,322340030,
530845,"SUNSHIELD CHEMICALS LTD.",X,STK,811.6,811.6,784.9,785.3,785.1,795.35,98,4738,3757078,
530853,"HIPOLIN LTD.",X,STK,50.5,52,49.5,52,52,50.5,5,701,34862,
530855,"GDL LEASING & FINANCE LTD.",XT,STK,93.3,94,93.3,93.3,93.3,95.2,7,1255,117168,
530871,"Chembond Material Technologies",B,STK,140,140,140,140,140,137.45,1,1,140,
530879,"CAPITAL INDIA FINANCE LIMITED",B,STK,29.73,29.82,27.74,28.08,27.74,28.59,164,32716,942743,
530881,"Arunjyoti Bio Ventures Limited",X,STK,7.72,7.9,7.45,7.52,7.57,7.9,187,235476,1790369,
530883,"SUPER CROP SAFE LTD.",X,STK,7.2,7.7,7.2,7.53,7.53,7.13,138,62490,470699,
530897,"N.G.INDUSTRIES LTD.",X,STK,135.25,144.55,135.25,144.55,144.55,138.55,5,39,5507,
530917,"R.R.SECURITIES LTD.",P,STK,25.7,25.7,25.7,25.7,25.7,27.05,2,300,7710,
530919,"REMSONS INDUSTRIES LTD.",B,STK,105.9,111.7,105,109.45,111.7,104.65,29,1674,180137,
530925,"RAMSONS PROJECTS LTD.",XT,STK,102.65,102.65,102.65,102.65,102.65,108.05,17,443,45473,
530927,"HARYANA FINANCIAL CORPORATION",ZP,STK,85,85,85,85,85,81,1,100,8500,
530931,"STANPACKS (INDIA) LTD.",X,STK,10.67,10.67,10.22,10.22,10.22,10.67,6,306,3245,
530943,"Aqylon Nexus Limited",B,STK,99.2,108.15,97.85,97.85,97.85,103,284,16765,1649313,
530951,"RAMINFO LIMITED",X,STK,57,57.77,53.9,54.89,54.25,55.07,65,3506,192804,
530959,"DIANA TEA CO.LTD.",X,STK,24.9,24.9,23.88,24.3,24.47,24.11,61,10172,245703,
530961,"Vikas EcoTech Limited",B,STK,1.31,1.33,1.27,1.32,1.32,1.3,4531,774691,1021686,
530965,"INDIAN OIL CORPORATION LTD.",A,STK,164.2,166.95,159.05,159.85,159.85,161.35,17662,1666838,268391951,
530973,"ALFA ICA (INDIA) LTD.",X,STK,79.5,86,79.5,85.95,85.95,79.5,8,1007,80082,
530977,"Shri Keshav Cements and Infra",X,STK,149,149,145,148,148,148.95,10,812,118697,
530979,"INDIA HOME LOAN LTD.",X,STK,32.7,35.75,32.7,35.51,35.55,34.88,31,1073,37298,
530991,"ROOPA INDUSTRIES LTD.",X,STK,46.77,46.77,40.01,44.9,44.9,44,15,315,13179,
530997,"UNIQUE ORGANICS LTD.",X,STK,90,90.9,79.95,80.81,87.43,87.32,107,7761,644473,
530999,"BALAJI AMINES LTD.",B,STK,1010,1039.95,1010,1026.95,1014,1003.7,369,3218,3278238,
531003,"SWARNA SECURITIES LTD.",X,STK,85,85,85,85,85,84.57,1,1,85,
531015,"VENMAX DRUGS AND PHARMACEUTICA",X,STK,25.42,25.42,22.3,23.45,24.6,23.85,8,182,4488,
531017,"ARIHANTS SECURITIES LTD.",X,STK,20.65,20.65,17.25,17.73,17.4,19.55,80,4497,81531,
531025,"VISAGAR FINANCIAL SERVICES LTD",X,STK,0.33,0.35,0.32,0.34,0.34,0.32,380,1042767,350150,
531027,"LIBORD SECURITIES LTD.",X,STK,16.5,17,16.5,17,17,17,2,49,809,
531033,"REGAL ENTERTAINMENT & CONSULTA",X,STK,27.84,27.84,27.8,27.84,27.84,26.52,36,5648,157227,
531035,"ERAAYA LIFESPACES LIMITED",T,STK,23.15,24.38,22.8,22.8,22.8,23.99,756,722211,16503222,
531041,"COMPETENT AUTOMOBILES CO.LTD.",X,STK,374,374,358.5,369.1,369.1,369.4,27,791,293148,
531043,"DHANVANTRI JEEVAN REKHA LTD.",X,STK,24,24,22.52,22.52,22.52,23.7,5,2395,53965,
531067,"CONTIL INDIA LTD.",X,STK,28,28,25.42,25.97,26.5,25.51,67,11389,299993,
531069,"VIJAY SOLVEX LTD.",X,STK,490.05,532.75,490,509.6,509.6,486.75,135,14208,7165266,
531082,ALANKIT,B,STK,7.71,8,7.71,7.82,7.81,7.69,161,22161,173243,
531091,"UNITED CREDIT LTD.",X,STK,29.9,29.9,24,25.51,25,27.68,29,1302,31825,
531092,"OM INFRA LIMITED",B,STK,79.48,83,78.77,81.6,81.61,78.34,123,2192,178317,
531099,"Checkpoint Trends Limited",X,STK,48.46,53.48,48.46,48.46,48.46,51.01,232,60877,2985564,
531109,"Ishan Dyes and Chemicals Limit",B,STK,57,59.99,56.85,59.73,59,56.28,12,1649,95188,
531111,"GOTHI PLASCON (INDIA) LTD.",P,STK,36.89,36.89,36.6,36.6,36.6,36.69,3,500,18368,
531112,"BALU FORGE INDUSTRIES LIMITED",A,STK,461.3,474.5,456.8,466.65,474.5,453.1,705,20104,9279051,
531119,"CEENIK EXPORTS (INDIA) LTD.",X,STK,230.05,245,189.2,199.3,196,230,239,12185,2448368,
531120,"PATEL ENGINEERING LTD.",A,STK,25.7,25.7,24.8,25.47,25.47,24.87,829,185039,4643936,
531126,"KATI PATANG LIFESTYLE LIMITED",X,STK,23.89,24.59,22.31,23.48,23.49,23.42,83,56762,1305680,
531129,"INANI MARBLES & INDUSTRIES LTD",X,STK,11.22,11.5,9.9,10.14,9.91,11,125,91378,948130,
531137,"GEMSTONE INVESTMENTS LTD.",X,STK,1.65,1.67,1.5,1.59,1.59,1.57,147,74604,115907,
531144,"EL FORGE LTD.",X,STK,14.5,14.95,14,14.15,14.4,14.51,72,16740,237998,
531146,"MEDICAMEN BIOTECH LTD.",B,STK,290.55,292.7,286,289.55,289.05,285.5,263,5002,1433498,
531147,"ALICON CASTALLOY LIMITED",B,STK,711.1,720,701.15,710.95,710.9,707.15,156,1367,972016,
531153,"DILIGENT INDUSTRIES LTD.",X,STK,2.15,2.25,2.15,2.23,2.23,2.21,125,64314,143470,
531156,"ALFAVISION OVERSEAS (INDIA) LT",X,STK,6.62,6.62,6.62,6.62,6.62,5.52,37,32144,212793,
531157,"ORGANIC COATINGS LTD.",X,STK,17.33,18.18,17.33,18.18,18.18,17.32,8,33455,584648,
531158,"CATVISION  LIMITED",X,STK,17.45,18.93,17.45,17.97,17.97,18.35,61,2845,50422,
531161,"ABM KNOWLEDGEWARE LTD.",X,STK,235,239.9,220,220,220,230.95,30,316,71002,
531162,"EMAMI LTD.",A,STK,445,447.55,440.95,444.45,447,443.1,1939,300345,132536729,
531163,"KEMISTAR CORPORATION LIMITED",X,STK,72.98,72.98,69.6,71.53,72.49,68.5,25,1367,97661,
531168,"ASSOCIATED CERAMICS LTD.",X,STK,199.85,199.85,199.85,199.85,199.85,199.85,2,6,1199,
531169,"SKP SECURITIES LTD.",X,STK,92.3,95,90,91.6,93.5,92.25,28,1173,107607,
531173,"SYSCHEM (INDIA) LTD.",X,STK,44.41,47.44,44.41,46.58,46.9,45.32,65,2163,99888,
531176,"MEFCOM CAPITAL MARKETS LTD.",X,STK,11,11.47,10.26,11.05,11.09,10.91,59,9122,98539,
531178,"HEMANG RESOURCES LIMITED",X,STK,13,14.47,13,14,14,13,5,1707,23879,
531179,"ARMAN FINANCIAL SERVICES LTD.",B,STK,1396.6,1396.6,1353.65,1369.35,1377.25,1340.9,318,3005,4127764,
531190,"EFORU ENTERTAINMENT LIMITED",X,STK,94,94.45,92.55,94.44,94.44,90,70,416,38901,
531199,"GLANCE FINANCE LTD.",X,STK,185.1,196,185,189.5,196,197.95,12,130,24203,
531201,"SHILCHAR TECHNOLOGIES LTD.",B,STK,3847.35,3869.5,3722,3841.75,3840.05,3678.65,753,3438,13074946,
531203,"TRADEWELL HOLDINGS LIMITED",X,STK,74.55,74.55,74.55,74.55,74.55,71,1,1,74,
531205,"SPRIGHT AGRO LIMITED",XT,STK,0.55,0.56,0.54,0.54,0.54,0.56,1951,7068446,3851414,
531209,"NUCLEUS SOFTWARE EXPORTS LTD.",B,STK,747,758.5,747,756.25,753,744.25,87,553,417514,
531210,"COLINZ LABORATORIES LTD.",XT,STK,43.99,43.99,39.88,41.5,41.5,41.97,27,3704,148585,
531212,"NALIN LEASE FINANCE LTD.",X,STK,45.96,46.99,45.84,46.99,46.99,45.83,7,252,11601,
531213,"Manappuram Finance Ltd",A,STK,260.1,265,258.4,261.35,264,256.8,3460,122225,31935313,
531215,"RTS POWER CORPORATION LTD.",X,STK,112,112.55,106.5,109,109,107.7,53,1994,216266,
531216,"COMFORT INTECH LTD.",X,STK,6.61,6.95,6.61,6.8,6.8,6.79,401,110447,749707,
531219,"Shyama Computronics and Servic",P,STK,3.21,3.21,3.21,3.21,3.21,3.21,1,100,321,
531221,"MAYUR FLOORINGS LTD.",XT,STK,13.83,14,13.83,14,14,14.55,2,401,5613,
531223,"ANJANI SYNTHETICS LTD.",X,STK,22.74,23.48,22.74,23.35,23.35,22.71,42,4624,106775,
531225,"XTGLOBAL INFOTECH LIMITED",B,STK,37.39,37.39,34,34.33,34.45,33,80,1915,66242,
531227,"DECO-MICA LTD.",X,STK,61.01,61.01,59.76,60.33,61,62.9,6,44,2676,
531228,"RANDER CORPORATION LTD.",X,STK,10,10,10,10,10,10,3,76,760,
531233,"RASI ELECTRODES LTD.",X,STK,13,13,12.16,12.29,12.5,12.35,108,39042,490256,
531234,"SCOOBEE DAY GARMENTS (INDIA) L",X,STK,70.69,75,70.69,72.96,72.95,70.69,19,739,54160,
531237,"DHRUVA CAPITAL SERVICES LTD.",XT,STK,229.45,229.45,209.05,225.35,229.45,218.55,15,1141,254813,
531241,"LINC LIMITED",B,STK,103.95,105.55,100,105.55,105.55,101.65,34,1540,158111,
531246,"PRIMA INDUSTRIES LTD.",X,STK,20.04,20.04,20.01,20.01,20.01,19.65,3,37,740,
531253,"INDIA GELATINE & CHEMICALS LTD",X,STK,330.1,338,330.1,333,333,330.1,14,125,41588,
531254,"Optimus Finance Limited",X,STK,13.4,13.6,13.04,13.42,13.48,13.24,154,70019,937308,
531255,"PARAGON FINANCE LTD.",X,STK,53.95,53.95,48.01,48.3,50.4,53.95,8,26,1318,
531257,"PRATIKSHA CHEMICALS LTD.",X,STK,16,16.95,16,16.03,16.03,16.4,54,33767,553910,
531259,"ESHA MEDIA RESEARCH LIMITED",X,STK,24.92,24.99,24.92,24.95,24.95,24.99,8,221,5522,
531260,"Refex Renewables & Infrastruct",X,STK,248.9,257,245.5,247.9,245.5,248.9,26,442,110179,
531262,"EQUILATERAL ENTERPRISES LIMITE",X,STK,20.9,20.9,20,20,20,20.9,2,5,103,
531266,"V.S.T.TILLERS TRACTORS LTD.",B,STK,5211.75,5380,5134.4,5280.75,5284,5114.55,325,942,4929145,
531268,"B2B SOFTWARE TECHNOLOGIES LTD.",XT,STK,46.85,46.85,44,45.39,45.4,44.98,254,9866,446902,
531273,"RADHE DEVELOPERS (INDIA) LTD.",X,STK,1.49,1.53,1.45,1.47,1.47,1.46,179,279728,412787,
531274,"KINETIC TRUST LTD.",XT,STK,39.31,41.17,39.31,41.17,41.17,41.37,6,4387,173144,
531278,"Elixir Capital Limited",X,STK,92,95.75,92,93.05,94.25,96.05,35,2409,224395,
531279,"Trishakti Industries Limited",X,STK,131.75,134.15,130.3,131.7,133,131.75,40,2809,370205,
531280,"PANKAJ POLYMERS LTD.",XT,STK,56.1,61.96,56.06,57.64,61,59.01,29,449,25716,
531281,"MARBLE CITY INDIA LIMITED",X,STK,86.15,100.8,86.15,99.75,100,98.4,41,3390,322108,
531283,"CINDRELLA FINANCIAL SERVICES L",X,STK,10.02,10.02,10.02,10.02,10.02,9.55,3,1990,19939,
531286,"ADHATA GLOBAL LIMITED",X,STK,24.5,24.5,24.5,24.5,24.5,24.5,1,1,24,
531287,"NATIONAL PLASTIC TECHNOLOGIES",X,STK,251.95,251.95,236.05,247.85,245,240.45,23,829,204598,
531288,"LEAD FINANCIAL SERVICES LTD.",X,STK,19.95,19.95,19.15,19.15,19.15,20.15,2,3,59,
531289,"NATIONAL FITTINGS LIMITED",X,STK,172.7,172.7,156,157.55,156.3,159.05,31,1699,270471,
531297,"ARTEFACT PROJECTS LTD.",X,STK,60.91,62.99,59.05,62.84,62.84,59.71,50,27174,1622747,
531301,"TUSALDAH LIMITED",X,STK,148.3,148.3,134.2,141.15,148.05,141.25,6,19,2736,
531306,"DHP INDIA LTD.",X,STK,502,502,490,495.2,490.5,474.7,17,1086,537553,
531307,"RRIL LIMITED",X,STK,16.85,17.7,16.46,17.55,17.59,16.84,73,24958,425672,
531310,"AVAILABLE FINANCE LTD.",X,STK,142.8,142.8,134.05,136,136,136,71,3472,472006,
531314,"INTEGRA CAPITAL LIMITED",X,STK,14.5,14.5,14.5,14.5,14.5,14.5,2,27,391,
531319,"MARUTI GLOBAL INDUSTRIES LIMIT",X,STK,40.05,40.05,37.2,37.5,37.5,39.78,28,775,30613,
531322,"SRI HAVISHA HOSPITALITY INFRAS",B,STK,1.54,1.54,1.38,1.41,1.41,1.39,11,8038,11861,
531323,"JAYATMA INDUSTRIES LIMITED",X,STK,13.42,13.42,13.4,13.4,13.4,12.79,4,2868,38468,
531324,"ROSELABS FINANCE LTD.",X,STK,20.11,21.09,20.11,21.09,21.09,20.11,3,28,566,
531328,"KRETTO SYSCON LIMITED",X,STK,0.76,0.81,0.75,0.81,0.81,0.78,652,8625411,6790424,
531335,"ZYDUS WELLNESS LTD.",A,STK,395,395,374.6,378.55,380.2,373.6,709,12337,4670903,
531338,"MILESTONE GLOBAL LTD.",X,STK,18.8,18.8,18,18,18,18.8,4,73,1316,
531340,"BERVIN INVESTMENT & LEASING LT",X,STK,54.86,54.86,49.64,52.25,52.25,52.25,7,404,20067,
531341,"GUJARAT INVESTA LTD.",XT,STK,20.23,20.23,20.23,20.23,20.23,20.23,1,140,2832,
531344,"CONTAINER CORPORATION OF INDIA",A,STK,478,479.1,468.7,472.7,474.95,473.7,2476,48424,22917181,
531346,"EASTERN TREADS LTD.",X,STK,28.35,30.9,28.27,29.4,29.4,29.87,14,166,4857,
531349,"PANACEA BIOTEC LTD.",B,STK,359.8,359.8,337.45,354.7,352.1,334,1063,17835,6270992,
531352,"PEETI SECURITIES LTD.",X,STK,20.94,22.03,20.94,22.03,22.03,22.04,2,24,503,
531357,"MERCURY EV-TECH LIMITED",B,STK,33.2,33.2,32.15,32.34,32.38,32.05,688,115244,3752160,
531358,"CHOICE INTERNATIONAL LTD.",A,STK,659.25,682,655.1,671.9,666,651.85,1398,65984,44327451,
531359,"SHRIRAM ASSET MANAGEMENT CO.LT",X,STK,299.85,300,281,291.7,297.8,281.25,167,8938,2595304,
531360,"GOLECHHA GLOBAL FINANCE LTD.",X,STK,30.09,30.09,29.05,29.23,30,28.66,15,1659,48263,
531364,"Ekansh Concepts Limited",X,STK,160,176,159,160.1,160.1,165,87,11784,1900460,
531370,"SPARC ELECTREX LIMITED",X,STK,4.38,4.38,4.3,4.3,4.3,4.38,18,21967,94607,
531373,"THE BYKE HOSPITALITY LTD.",B,STK,40.19,41.18,39.91,39.91,39.91,40.03,82,7859,316668,
531380,"CENTENIAL SURGICAL SUTURE LTD.",X,STK,86.4,99.99,85,93.82,93.82,86.5,25,225,21553,
531381,"ARIHANT FOUNDATIONS & HOUSING",B,STK,1191.3,1191.3,1024.15,1095.45,1095.45,1065.8,103,2288,2510302,
531387,"HASTI FINANCE LTD.",X,STK,8.24,8.24,8.2,8.2,8.2,8.14,2,102,840,
531390,"UPSURGE INVESTMENT & FINANCE L",X,STK,69.9,72.9,68,72.71,72.71,70,29,5434,389234,
531395,"PADAM COTTON YARNS LTD.",X,STK,2.08,2.24,2.08,2.24,2.24,2.14,226,524926,1169892,
531396,"WOMEN NETWORKS LTD.",X,STK,8.22,8.22,8.22,8.22,8.22,8.65,1,10,82,
531397,"POLYCON INTERNATIONAL LTD.",X,STK,28.9,29.72,28.31,29.5,29.5,28.31,7,27,776,
531398,"SOURCE NATURAL FOODS & HERBAL",X,STK,134.4,134.4,127.25,130,130,125.8,5,27,3555,
531399,"G.G.AUTOMOTIVE GEARS LTD.",X,STK,170,170,159,162.35,163.9,165.8,270,17914,2952453,
531400,"ALMONDZ GLOBAL SECURITIES LTD.",B,STK,14.5,14.99,14.19,14.59,14.75,14.42,103,15129,219381,
531402,"LWS KNITWEAR LTD.",X,STK,15.75,16.87,15.26,15.83,16.25,15.39,31,4467,72273,
531411,"TUNI TEXTILE MILLS LTD.",XT,STK,0.93,0.99,0.93,0.98,0.98,0.97,128,101527,98581,
531412,"RADIX INDUSTRIES (INDIA) LIMIT",XT,STK,176.2,181,176.2,181,181,180.6,3,111,19606,
531416,"NARENDRA PROPERTIES LTD.",X,STK,33.4,35.9,33.4,35,35,33.4,18,2054,71834,
531417,"MEGA CORPORATION LTD.",X,STK,2.17,2.24,2.11,2.17,2.19,2.13,76,44665,97661,
531426,"TAMIL NADU NEWSPRINT & PAPERS",B,STK,142.95,142.95,135,137.3,135,137.3,170,4381,610438,
531431,"SHAKTI PUMPS (INDIA) LTD.",A,STK,487.7,491.95,474.2,490.35,491,476.6,1245,43645,21113078,
531432,"SYSTEMATIX SECURITIES LTD.",XT,STK,13.14,13.14,12.5,12.5,12.5,13.14,5,558,6976,
531433,"SUNGOLD CAPITAL LTD.",XT,STK,2.91,2.91,2.91,2.91,2.91,2.78,1,50,145,
531436,"SAFFRON INDUSTRIES LIMITED",X,STK,28.23,30.8,28.12,28.57,28.12,29.59,69,6012,174542,
531437,"Prakash Woollen & Synthetic Mi",X,STK,21.85,23.19,21.52,22,22,21.72,20,1972,43536,
531439,"AION-TECH SOLUTIONS LIMITED",B,STK,39.3,40.78,39.07,39.8,39.8,39.71,24,3714,148039,
531449,"GRM OVERSEAS LTD.",B,STK,156,157.1,151.4,156.65,156.15,154.05,483,22080,3406455,
531453,"MOHIT INDUSTRIES LTD.",B,STK,23.5,24,23.5,23.7,23.7,24.4,7,121,2867,
531454,"POLYLINK POLYMERS (INDIA) LTD.",X,STK,18.5,18.5,17,17.66,17.68,18.01,53,2695,47165,
531456,"MINAXI TEXTILES LTD.",X,STK,1.53,1.53,1.4,1.4,1.4,1.34,24,23930,34314,
531458,"BOSTON COMMERCE LIMITED",XT,STK,5.4,5.4,5.4,5.4,5.4,5.16,1,48,259,
531465,"NOUVEAU GLOBAL VENTURES LTD.",X,STK,0.49,0.49,0.49,0.49,0.49,0.49,12,2133,1045,
531471,"DUKE OFFSHORE LTD.",X,STK,21.22,21.23,21.2,21.23,21.23,20.22,143,10043,213181,
531472,"CYBELE INDUSTRIES LTD.",XT,STK,73.35,73.35,73.35,73.35,73.35,69.86,18,1658,121614,
531486,"FILMCITY MEDIA LTD.",XT,STK,1.81,1.81,1.81,1.81,1.81,1.73,3,1765,3194,
531489,"CG-VAK SOFTWARE & EXPORTS LTD.",X,STK,192.05,197.3,190.8,194.6,194.5,193,94,4945,959758,
531494,"NAVKAR URBANSTRUCTURE LIMITED",B,STK,1,1.08,0.99,1.05,1.05,1.03,131,241206,244055,
531495,"BLUE COAST HOTELS LTD.",B,STK,20.57,22.15,20.57,21.37,21.37,21.1,13,592,12776,
531497,"MADHUCON PROJECTS LTD.",B,STK,4.56,4.56,4.27,4.46,4.53,4.35,5,1840,8307,
531499,"SYBLY INDUSTRIES LTD.",XT,STK,1.85,1.85,1.85,1.85,1.85,1.86,1,100,185,
531500,"RAJESH EXPORTS LTD.",Z,STK,108,113,107.8,109.2,109.55,113.45,1202,456186,49849678,
531502,"ESAAR (INDIA) LTD.",X,STK,9.36,9.73,9.36,9.36,9.36,9.55,67,45426,425758,
531506,"SHUKRA BULLIONS LTD.",XT,STK,34.29,35.4,34.29,35.4,35.4,34.12,3,57,2016,
531508,"EVEREADY INDUSTRIES INDIA LTD.",B,STK,305.3,314.8,305.3,312.75,310.9,304.9,104,2245,699625,
531509,"STEP TWO CORPORATION LTD.",X,STK,28,28,27.55,27.55,27.55,29,3,120,3351,
531512,"ORIENT TRADELINK LTD.",X,STK,17.5,17.98,16.81,17.4,17.4,16.87,142,112986,1953453,
531518,"VIKAS PROPPANT & GRANITE LTD.",Z,STK,0.3,0.3,0.28,0.3,0.3,0.29,70,526507,157701,
531525,"ACE SOFTWARE EXPORTS LTD.",X,STK,210,212.9,206.4,208.45,208.45,213.75,238,25157,5268682,
531529,"SOFTRAK VENTURE INVESTMENT LTD",X,STK,1.78,1.8,1.7,1.8,1.8,1.72,60,11834,21135,
531531,"HATSUN AGRO PRODUCT LTD.",A,STK,908.4,931.55,906.35,926,922.3,908.35,118,884,816461,
531533,"ACCEDERE LIMITED",X,STK,60.99,61.33,58,61.33,61.33,58.41,170,14537,887598,
531537,"MIZZEN VENTURES LIMITED",XT,STK,176.05,183.7,170.05,171.45,171,179,18,4493,771453,
531539,"RISHABH DIGHA STEEL & ALLIED P",X,STK,35.97,35.97,35.97,35.97,35.97,35.8,1,3,107,
531540,"MARUTI INFRASTRUCTURE LTD.",X,STK,9.1,9.1,8.6,8.98,8.99,8.85,110,20594,183226,
531541,"KOBO BIOTECH LIMITED",Z,STK,2.35,2.47,2.3,2.47,2.47,2.36,5,2243,5181,
531543,"JINDAL WORLDWIDE LTD.",B,STK,22.3,23.36,22.3,22.77,22.77,22.41,394,77997,1781564,
531548,"SOMANY CERAMICS LTD.",B,STK,335.25,359,332,356.2,356.2,340.3,458,5427,1854053,
531550,"JHAVERI CREDITS & CAPITAL LTD.",X,STK,195,195,180.1,184.5,194,184.7,69,2232,411857,
531552,"RAGHUNATH TOBACCO CO.LTD.",X,STK,14.5,14.75,13.05,14,14.7,13.45,42,2756,38123,
531553,"DISHA RESOURCES LIMITED",X,STK,22.49,22.8,20,20.62,20.31,21.17,44,4110,87780,
531556,"CORAL INDIA FINANCE & HOUSING",B,STK,32.75,32.95,31.7,32.02,32.47,32.75,140,9631,310557,
531557,"AMIT SECURITIES LTD.",XT,STK,43.83,48.41,43.83,48.41,48.41,46.11,6,1316,59621,
531568,"ASHUTOSH PAPER MILLS LTD.",X,STK,7.02,7.02,7.02,7.02,7.02,6.69,1,2200,15444,
531569,"SANJIVANI PARANTERAL LTD.",X,STK,195,195,172.55,175.6,175.6,170.55,114,5634,976923,
531572,"RANJIT SECURITIES LTD.",XT,STK,114.85,114.85,114.85,114.85,114.85,117.15,6,22,2526,
531574,"VAS INFRASTRUCTURE LTD.",XT,STK,8.93,9.85,8.93,9.7,9.7,9.39,45,18259,172995,
531578,"KMF BUILDERS & DEVELOPERS LTD.",XT,STK,9.24,9.24,9.24,9.24,9.24,9.72,4,121,1118,
531582,"BERYL SECURITIES LTD.",XT,STK,26.99,28.05,26.99,28.05,28.05,27.54,3,1567,42359,
531583,"RAP CORP LIMITED",X,STK,34.76,34.76,34.76,34.76,34.76,36.58,5,201,6986,
531585,"DEVINE IMPEX LTD.",X,STK,8.5,8.5,8.5,8.5,8.5,8.11,3,109,926,
531591,"BAMPSL SECURITIES LTD.",X,STK,19.45,19.78,19,19.49,19.5,19.45,54,14216,273548,
531592,"GENPHARMASEC LIMITED",X,STK,1.08,1.15,1.08,1.12,1.11,1.08,321,589225,659105,
531594,"INCON ENGINEERS LTD.",X,STK,12.9,12.9,12.9,12.9,12.9,12.9,2,6,77,
531595,"CAPRI GLOBAL CAPITAL LIMITED",A,STK,157.45,169.1,157.45,165.5,165.5,156.7,3128,156477,25859496,
531599,"FDC LTD.",B,STK,372.2,379.65,372.05,377.05,376,372.1,141,2658,996324,
531608,"GORANI INDUSTRIES LTD.",X,STK,61.99,61.99,61.47,61.48,61.48,60,4,406,24960,
531609,"KG PETROCHEM LTD.",X,STK,221,221,221,221,221,221,1,14,3094,
531624,"COUNTRY CONDOS LTD.",B,STK,4.69,5.36,4.69,4.99,4.99,4.96,19,963,4705,
531626,"OROSIL SMITHS INDIA LTD.",X,STK,4.33,4.45,4.28,4.33,4.38,4.16,26,12800,55342,
531628,"TEJASSVI AAHARAM LIMITED",XT,STK,32.92,32.92,32.92,32.92,32.92,33.59,6,1233,40590,
531633,"LINCOLN PHARMACEUTICALS LTD.",B,STK,619.2,650,619.2,631.25,642.5,615.55,231,1733,1104615,
531635,"SILVER OAK (INDIA) LTD.",XT,STK,92.4,92.4,87.78,90.61,87.78,92.4,32,521,47197,
531637,"PRAVEG LIMITED",B,STK,243.6,243.6,227.95,229.7,229.7,236.2,1124,84303,19661743,
531638,"SURAJ LTD.",B,STK,215.1,229,215.1,229,229,229,6,24,5357,
531642,"MARICO LTD.",A,STK,778,795,778,789.95,795,777.9,1233,16371,12881353,
531644,"TOKYO FINANCE LTD.",X,STK,19.06,22.88,19.06,21.78,21.85,21.47,9,84,1702,
531651,"NATIONAL GENERAL INDUSTRIES LT",X,STK,56,56,54.6,54.63,54.6,57.47,13,422,23188,
531652,"UVS HOSPITALITY AND SERVICES L",X,STK,91.5,100.8,91.5,95.89,96.5,93.25,56,2173,208870,
531658,"ABATE AS INDUSTRIES LIMITED",X,STK,11.02,11.8,11.02,11.8,11.8,11.24,57,18194,210572,
531661,"HITTCO TOOLS LTD.",X,STK,10.99,11.95,10.99,11.95,11.95,10.99,3,21,249,
531663,"YUVRAAJ HYGIENE PRODUCTS LTD.",X,STK,5.38,5.62,5.13,5.13,5.13,5.4,160,100074,525179,
531667,"RR METALMAKERS INDIA LIMITED",X,STK,25.57,25.57,25.57,25.57,25.57,25.56,1,4,102,
531668,"VISION CORPORATION LTD.",X,STK,2.73,2.73,2.55,2.56,2.56,2.73,7,4273,11008,
531671,"Karnawati Innovation Limited",X,STK,1.32,1.43,1.31,1.43,1.43,1.37,118,150485,206855,
531672,"INANI SECURITIES LTD.",X,STK,22.89,22.89,22.62,22.62,22.62,22.89,3,200,4551,
531673,"ANKA INDIA LTD.",X,STK,24.39,24.39,22.18,22.18,22.18,23.34,62,24121,543523,
531676,"EMROCK CORPORATION LIMITED",XT,STK,242.4,242.4,242.4,242.4,242.4,255.15,22,1440,349056,
531680,"MAYUR LEATHER PRODUCTS LTD.",XT,STK,19.43,19.43,18.46,18.46,18.46,19.43,10,6475,124451,
531681,"AMERISE BIOSCIENCES LIMITED",X,STK,0.66,0.69,0.66,0.69,0.69,0.66,34,98601,67927,
531688,"Prithvi Exchange (India) Limit",X,STK,118,122,117.8,121.5,121.5,118,14,419,50455,
531692,"KHYATI MULTIMEDIA-ENTERTAINMEN",X,STK,3.05,3.05,2.93,2.93,2.93,3.02,6,1861,5596,
531694,"RAINBOW FOUNDATIONS LTD.",XT,STK,46.3,46.3,41.96,42.25,45.49,44.1,61,12120,513156,
531716,"TRICOM FRUIT PRODUCTS LIMITED",XT,STK,2.18,2.18,2.05,2.05,2.05,2.15,15,4559,9425,
531717,"Vidhi Specialty Food Ingredien",B,STK,301.1,302.1,297.65,298.8,298.7,301.35,109,3134,938513,
531719,"BHAGIRADHA CHEMICALS & INDUSTR",B,STK,197,205,196.5,199,199,194.65,59,2720,546566,
531723,"GACM Technologies Limited",B,STK,0.47,0.51,0.45,0.5,0.49,0.46,245,1852803,914527,
531726,"PANCHSHEEL ORGANICS LTD.",X,STK,104,105.05,102,104.7,104.7,102.15,42,4385,457401,
531727,"MENON PISTONS LTD.",X,STK,54,55.47,53.6,54.31,54.31,53.77,171,16925,922065,
531737,"GREENCREST FINANCIAL SERVICES",X,STK,0.49,0.5,0.49,0.5,0.5,0.49,88,83838,41291,
531739,"GENNEX LABORATORIES LTD.",X,STK,10.6,10.6,9.92,10.04,10.04,10.38,995,839806,8552312,
531744,"GINI SILK MILLS LTD.",X,STK,55.67,60.48,55.67,58.48,58.48,54.26,17,12222,698190,
531746,"PRAJAY ENGINEERS SYNDICATE LTD",B,STK,21.96,22.69,21.96,21.97,21.97,21.83,45,36167,796838,
531752,"BIOGEN PHARMACHEM INDUSTRIES L",X,STK,0.62,0.65,0.6,0.61,0.61,0.62,900,2139641,1330126,
531758,"G.K.CONSULTANTS LTD.",X,STK,10.87,10.87,9.1,10.43,10.43,9.29,20,12498,115685,
531761,"APOLLO PIPES LIMITED",B,STK,399,430.95,363.1,380.05,380.05,391.35,24799,1252284,510972590,
531762,"UNJHA FORMULATIONS LTD.",X,STK,20.99,20.99,19.55,20.99,20.99,20,11,210,4208,
531768,"POLY MEDICURE LTD.",A,STK,1350.45,1350.45,1254.2,1285.7,1290.45,1318.2,1405,23065,29783537,
531769,"PFL INFOTECH LTD.",XT,STK,5.31,5.31,5.23,5.3,5.3,5.21,22,15544,82459,
531771,"SHRADDHA PRIME PROJECTS LTD",X,STK,168.95,170,168,169.8,169.9,168.85,68,42288,7164155,
531778,"KACHCHH MINERALS LTD.",XT,STK,28,28.85,27.99,28.85,28.85,27.48,20,5280,149438,
531779,"PADMANABH ALLOYS & POLYMERS LT",X,STK,16.9,16.9,16.5,16.5,16.5,15.75,3,627,10485,
531780,"KAISER CORPORATION LIMITED",X,STK,4.37,4.41,4.03,4.08,4.08,4.37,328,186048,766556,
531784,"KCL Infra Projects Limited",X,STK,1.3,1.31,1.25,1.29,1.28,1.29,173,267580,342461,
531795,"ATUL AUTO LTD.",B,STK,425.6,432.95,421.5,431.95,430.95,422.6,397,18060,7744510,
531797,"SCAN PROJECTS LTD.",X,STK,84,86.01,84,86,86,86.04,4,92,7864,
531802,"PRERNA INFRABUILD LTD.",X,STK,23.65,24.32,23.6,24.2,24.2,24.32,13,931,22226,
531810,"METAL COATINGS (INDIA) LTD.",X,STK,54.23,55,51.11,54.59,54.9,53.7,22,371,20184,
531812,"SGN TELECOMS LTD.",X,STK,0.63,0.66,0.62,0.65,0.65,0.63,63,42516,27072,
531814,"TIRUPATI SARJAN LTD.",X,STK,8.11,8.55,8.1,8.31,8.31,8.31,17,1363,11269,
531821,"MUNOTH FINANCIAL SERVICES LTD.",X,STK,28.42,28.42,26.87,26.87,26.87,28.28,2,38,1036,
531822,"RODIUM REALTY LIMITED",X,STK,165.4,179.5,165.4,179.3,179.5,165.4,6,21,3725,
531834,"NATURA HUE CHEM LTD.",XT,STK,13.46,13.46,13.46,13.46,13.46,13.46,1,1000,13460,
531840,"IEC EDUCATION LTD.",XT,STK,34.92,34.92,31.6,33.33,34.92,33.26,67,4758,157128,
531841,"Indus Finance Limited",X,STK,53,53.5,49,51.14,51.5,50,26,1248,63345,
531842,"LAHOTI OVERSEAS LTD.",X,STK,46.5,46.5,44.05,44.13,44.13,45.54,63,33463,1513737,
531845,"ZENITH STEEL PIPES AND  INDUST",B,STK,5.32,5.8,5.32,5.49,5.49,5.58,39,6754,38086,
531846,"TRINITY LEAGUE INDIA LTD.",X,STK,12.36,12.36,12.36,12.36,12.36,12.36,1,1,12,
531859,"ORIENTAL RAIL INFRASTRUCTURE L",B,STK,116.85,118.9,115.35,117.9,117.9,114.1,518,88777,10368125,
531861,"JOINDRE CAPITAL SERVICES LTD.",X,STK,42.45,42.45,41.5,42,42,41.96,25,1930,81198,
531862,"BHARAT AGRI FERT & REALTY LTD.",X,STK,24.32,25.25,22.5,23.29,23.29,24.21,276,137260,3217722,
531867,"UNITECH INTERNATIONAL LTD.",Z,STK,3.57,3.57,3.4,3.4,3.4,3.46,16,2953,10241,
531869,"SACHETA METALS LTD.",X,STK,3.87,4,3.8,3.88,3.87,3.87,200,166837,650056,
531870,"POPULAR ESTATE MANAGEMENT LTD.",X,STK,13.8,13.8,13.8,13.8,13.8,14.52,1,1,13,
531878,"ANJANI FINANCE LTD.",X,STK,11.2,11.28,10.5,11.02,11.06,10.4,29,689,7608,
531888,"REXNORD ELECTRONICS & CONTROLS",X,STK,58.17,58.9,55.38,57.94,57.93,58.17,62,4264,246462,
531889,"INTEGRATED INDUSTRIES LIMITED",X,STK,43,44,42.2,42.5,42.5,41.95,1612,437220,18780106,
531892,"KHANDWALA SECURITIES LTD.",B,STK,18.95,18.95,17.5,17.5,17.5,17.75,15,781,14172,
531893,"SAWACA ENTERPRISES LIMITED",XT,STK,0.39,0.39,0.37,0.38,0.39,0.38,403,1378687,528535,
531900,"CCL INTERNATIONAL LTD.",X,STK,22.2,23.69,22.16,22.24,22.24,22.97,24,1901,43005,
531909,"CROISSANCE LIMITED",XT,STK,3.22,3.22,2.94,3.2,3.22,3.07,70,11064,35111,
531910,"Madhuveer Com 18 Network Limit",XT,STK,226.8,226.8,206.15,214.95,214.95,216.95,18,526,108852,
531911,"GALAXY AGRICO EXPORTS LTD.",X,STK,42.75,45,42.75,42.86,42.86,45,77,115184,4936734,
531913,"GOPAL IRON & STEELS CO.(GUJARA",XT,STK,11.39,11.61,11.39,11.39,11.39,11.39,32,31431,361880,
531918,"HINDUSTAN APPLIANCES LTD.",X,STK,100.15,101.5,100.15,101.5,101.5,100.15,6,1123,113423,
531921,"AGARWAL INDUSTRIAL CORPORATION",B,STK,460.6,464.95,445.65,448.3,448.3,456.05,393,5152,2343641,
531923,"DHAMPURE SPECIALITY SUGARS LTD",X,STK,114,118,108.5,117.15,117.5,112.95,63,3756,426237,
531925,"SHANTANU SHEOREY AQUAKULT LTD.",X,STK,1.21,1.28,1.21,1.24,1.24,1.2,7,3275,4155,
531928,"GOLDEN CARPETS LTD.",X,STK,9.5,9.5,9.5,9.5,9.5,9.05,1,65,617,
531930,"SARTHAK INDUSTRIES LTD.",X,STK,27.79,29.89,26,29.79,29.79,27.79,18,1332,37061,
531931,"SAI CAPITAL LTD.",X,STK,157.25,168.5,156.95,157,156.95,157.1,52,1551,246707,
531944,"LEXORAA INDUSTRIES LIMITED",X,STK,19.92,19.92,18.05,18.61,18.61,18.98,17,10180,202672,
531950,"VERTEX SECURITIES LTD.",X,STK,3.8,3.94,3.75,3.8,3.83,3.71,269,102071,388393,
531952,"RIBA TEXTILES LTD.",X,STK,77.95,80,72.1,72.59,72.95,72.71,94,80421,5863166,
531959,"NEWTIME INFRASTRUCTURE LIMITED",X,STK,1.82,1.89,1.64,1.87,1.88,1.86,248,86847,152626,
531962,"SHREE METALLOYS LTD.",XT,STK,46.76,46.76,43.9,44.18,44.18,44.57,61,5529,250729,
531968,"IITL PROJECTS LIMITED",X,STK,41,43.96,39.9,41.17,41,41,19,533,21487,
531977,"CHARTERED LOGISTICS LTD.",X,STK,6.22,6.6,5.94,6.36,6.36,6.08,323,797035,4862957,
531978,"AMBIKA COTTON MILLS LTD.",B,STK,1356.95,1375,1356.9,1356.95,1356.9,1355.55,45,168,230470,
531979,"HIND ALUMINIUM INDUSTRIES LTD.",XT,STK,94.77,96.7,91,93.15,93,94.77,148,8509,794917,
531982,"SPECTRUM FOODS LTD.",X,STK,12.19,13,12.19,12.98,12.98,12.27,39,7605,98031,
531989,"DECCAN POLYPACKS LTD.",XT,STK,34.2,36,34.2,36,36,36,4,165,5760,
531991,"AMRAWORLD AGRICO LTD.",X,STK,0.51,0.51,0.5,0.5,0.5,0.51,70,53980,27157,
531994,"AUTO PINS (INDIA) LTD.",X,STK,163,163,161,161,161,159.1,2,2,324,
531996,"ODYSSEY CORPORATION LTD.",X,STK,8.14,8.14,7.65,7.72,7.7,7.92,63,40531,316609,
531997,"IKOMA TECHNOLOGIES LIMITED",X,STK,17.54,17.54,16.74,17.54,17.54,16.71,168,134631,2356847,
532001,"INDUCTO STEEL LTD.",X,STK,48,50.03,48,50.03,50.03,50.06,5,842,41228,
532005,"SAM INDUSTRIES LTD.",X,STK,43,43,36,39.38,39.38,36.06,20,2490,95634,
532007,"SHREEVATSAA FINANCE & LEASING",X,STK,27.74,27.74,27.74,27.74,27.74,29.2,1,5,138,
532011,"VASHU BHAGNANI INDUSTRIES LIMI",X,STK,50,51.65,50,51.3,51.3,50,40,51009,2623982,
532015,"GRAVITY (INDIA) LTD.",XT,STK,14.37,14.37,14.37,14.37,14.37,13.69,17,2153,30938,
532016,"ESPIRE HOSPITALITY LIMITED",X,STK,297.9,297.9,271,275,275,270.95,19,590,163550,
532019,"LCC INFOTECH LTD.",T,STK,4.7,4.7,4.7,4.7,4.7,4.48,1,51,239,
532022,"FILATEX FASHIONS LTD.",B,STK,0.2,0.22,0.19,0.21,0.21,0.2,1196,67916063,13919964,
532029,"SINDHU TRADE LINKS LIMITED",B,STK,24,25.19,24,25.1,25.1,23.97,135,16479,408928,
532039,"ZENOTECH LABORATORIES LTD.",X,STK,43,43,41.2,42,42,41.21,77,6384,267308,
532041,"HINDUSTAN BIO SCIENCES LTD.",XT,STK,7.97,7.97,7.58,7.58,7.58,7.97,21,736,5614,
532042,"FRONTLINE CORPORATION LTD.",X,STK,27.5,27.5,27,27.25,27.1,27.3,8,107,2916,
532051,"SWELECT ENERGY SYSTEMS LIMITED",B,STK,502,517.6,493.2,514.2,510,498.3,73,843,425178,
532053,"WALLFORT FINANCIAL SERVICES LT",X,STK,77,83.9,77,78.46,78.46,74,22,874,68915,
532054,"KDDL LTD.",B,STK,2327.3,2352.2,2306.65,2324.65,2313.2,2327.2,60,137,319563,
532056,"Trustedge Capital Limited",XT,STK,149,149,144,147.8,147.8,143.35,17,1211,176161,
532057,"ABHINAV CAPITAL SERVICES LTD.",X,STK,136,136,130,130,130,123.9,3,14,1838,
532067,"3B BlackBio Dx Limited",B,STK,1207.3,1315.3,1207.3,1297.65,1300,1206.7,626,13613,17062745,
532070,"Sumuka Agro Industries Limited",X,STK,216,216,199,201.6,200,209.45,193,10370,2107788,
532090,"Atvo Enterprises Limited",XT,STK,19.77,20,18.81,19.26,19.29,19.8,79,34103,668926,
532092,"EPUJA SPIRITECH LIMITED",XT,STK,1.66,1.72,1.58,1.67,1.67,1.66,79,162525,267875,
532100,"INDO-CITY INFOTECH LTD.",X,STK,11.91,11.91,11.01,11.68,11.69,11.8,19,6243,69088,
532102,"SBEC SUGAR LTD.",X,STK,31.63,32.5,30.46,30.85,30.55,31.63,37,4581,143804,
532113,"BRIJLAXMI LEASING & FINANCE LT",XT,STK,10.27,10.27,9.33,10,9.99,9.79,21,9160,92827,
532123,"BSEL ALGO LIMITED",X,STK,4.55,5.15,4.55,4.65,4.65,4.59,431,200437,952111,
532124,"RELIABLE VENTURES INDIA LTD.",X,STK,19.15,19.26,19,19.2,19.25,19.15,23,2673,51386,
532131,"TRIUMPH INTERNATIONAL FINANCE",X,STK,15.87,15.87,15.86,15.86,15.86,15.9,5,726,11514,
532134,"BANK OF BARODA",A,STK,291.85,296,290.55,294.6,294.6,288.15,4450,205137,60073772,
532140,"MOHITE INDUSTRIES LIMITED",X,STK,2.88,2.9,2.64,2.68,2.77,2.65,152,165417,449335,
532141,"ANDHRA CEMENTS LTD.",B,STK,50.3,57.9,50.3,53.89,54.4,53.09,34,845,45366,
532143,"SKM EGG PRODUCTS EXPORT (INDIA",B,STK,149.05,155,147,153.95,151.8,145.8,158,7288,1095988,
532144,"WELSPUN CORP LIMITED",A,STK,783.35,812.95,783.35,810.9,812,780.35,1319,27021,21665870,
532145,"H.S.INDIA LTD.",X,STK,10.56,11,10.5,10.94,10.94,10.59,27,7088,74768,
532149,"BANK OF INDIA",A,STK,153.8,156.95,151.6,156.1,156.1,151.35,4608,382660,59065985,
532150,"INDRAPRASTHA MEDICAL CORP.LTD.",B,STK,394.95,406,394.95,404.4,404.4,394.95,280,5101,2038627,
532154,"JOHNSON PHARMACARE LIMITED",X,STK,0.51,0.51,0.5,0.51,0.51,0.5,495,714923,360042,
532155,"GAIL (INDIA) LTD.",A,STK,150.65,152.65,149.25,150.2,150.2,148.9,6804,717583,107942061,
532156,"VAIBHAV GLOBAL LTD",B,STK,209.05,219.6,209.05,217.8,218.25,208.2,662,19376,4157942,
532159,"TRESCON LIMITED",X,STK,9.5,9.5,8.82,9.35,9.35,9.1,16,397,3676,
532160,"GUJARAT STATE FINANCIAL CORPOR",B,STK,10.53,11.49,10.53,10.99,10.99,10.36,125,14158,154919,
532162,"JK PAPER LTD.",A,STK,327,341.5,327,338.3,337,326.95,470,12020,4056659,
532163,"SAREGAMA INDIA LTD.",A,STK,323.55,327.95,321.2,326.7,327.95,322.95,258,4893,1591951,
532164,"MINOLTA FINANCE LTD.",Z,STK,1.09,1.14,1.09,1.13,1.14,1.09,2,6,6,
532172,"Adroit Infotech Limited",B,STK,9.8,10.72,9.75,9.76,10.15,9.68,36,108460,1059344,
532173,"CYBERTECH SYSTEMS AND SOFTWARE",B,STK,102.55,106.45,102.55,105.95,105.95,102.45,88,3958,415583,
532174,"ICICI BANK LTD.",A,STK,1289.05,1315,1286.65,1312.25,1312.25,1277.4,23226,295546,384768518,
532175,"CYIENT LIMITED",A,STK,864.1,913.25,864.1,907.95,907.95,859.15,1633,21425,19104119,
532178,"ENGINEERS INDIA LTD.",A,STK,199.6,200.95,197.3,199.85,199.5,195.55,2460,197137,39247453,
532180,"DHANLAXMI BANK LIMITED",B,STK,23.22,23.75,23.04,23.54,23.5,22.99,457,198877,4664659,
532181,"GUJARAT MINERAL DEVELOPMENT CO",A,STK,540.05,551,537.35,547.2,547.2,530.35,3199,178015,96541117,
532183,"GAYATRI SUGARS LTD.",X,STK,7.76,8.09,7.76,8,8,7.85,165,59852,478367,
532187,"INDUSIND BANK LTD.",A,STK,890,903.95,885.05,898.1,898.1,881.35,2738,51351,45985263,
532189,"INDIA TOURISM DEVELOPMENT CORP",B,STK,465.1,478,460,462.25,462.25,465,275,2198,1021742,
532209,"JAMMU & KASHMIR BANK LTD.",A,STK,114,121.25,112.8,120.9,120.9,111.95,4239,907041,106567537,
532210,"CITY UNION BANK LTD.",A,STK,249.25,256.25,244.35,251.65,252.65,246.55,2651,70394,17590589,
532212,"ARCHIES LTD.",B,STK,13.75,14.7,13.75,14.24,14.24,14.14,44,2142,30879,
532215,"AXIS BANK LTD.",A,STK,1291.55,1319.75,1285,1315.05,1315.05,1288.4,3321,65290,85042138,
532216,"HB STOCKHOLDINGS LTD.",B,STK,49.9,50.1,49.75,49.79,49.9,50.29,22,2447,121891,
532217,"CMX HOLDINGS LIMITED",X,STK,30.63,32.5,30.63,32,32,32.24,40,9917,311232,
532218,"SOUTH INDIAN BANK LTD.",A,STK,38.96,39.91,38.96,39.79,39.8,38.58,1733,478618,18946837,
532219,"ENERGY DEVELOPMENT COMPANY LTD",B,STK,15.5,15.99,15.06,15.34,15.3,15.55,119,8891,136856,
532221,"SONATA SOFTWARE LTD.",A,STK,248.3,253.55,245.5,251,251,247.4,993,43675,10794391,
532230,"BENGAL TEA & FABRICS LTD.",X,STK,146.8,162.95,146.8,162.95,162.95,146.85,4,77,11320,
532234,"NATIONAL ALUMINIUM CO.LTD.",A,STK,389.55,393.85,380.45,388.9,388.9,388.3,9090,1996753,774228059,
532240,"INDIA NIPPON ELECTRICALS LTD.",B,STK,788,799.7,778.65,798.05,797.15,771.35,56,236,186738,
532256,"NALWA SONS INVESTMENTS LTD.",B,STK,5595,5739.9,5570,5681.9,5670.15,5591.35,49,115,649148,
532259,"APAR INDUSTRIES LTD.",A,STK,10201.75,10433,9955.7,9997.85,9989,10137.4,975,4461,45474503,
532268,"ACCELYA SOLUTIONS INDIA LIMITE",B,STK,1188.3,1209,1185.95,1199.55,1209,1188.25,140,1085,1296883,
532271,"ORCHASP LIMITED",B,STK,2.31,2.6,1.86,2.2,2.21,2.31,773,914975,1878279,
532275,"LANDMARC LEISURE CORPORATION L",X,STK,1.79,1.85,1.7,1.74,1.74,1.78,107,41669,73378,
532281,"HCL TECHNOLOGIES LTD.",A,STK,1366.15,1366.2,1344.9,1361.55,1361.55,1358.6,5243,71837,97312494,
532284,"TCFC FINANCE LTD.",X,STK,24.65,24.78,23.6,24.76,24.75,24.25,26,585,14234,
532285,"Geojit Financial Services Limi",B,STK,58.6,60.96,58.6,60.22,60.29,58.62,374,39424,2371399,
532286,"JINDAL STEEL LIMITED",A,STK,1142.35,1190.3,1142.35,1187,1185.1,1144.45,2019,33387,39457970,
532290,"BLB LTD.",T,STK,17.98,17.98,17.26,17.43,17.26,17.82,23,7968,141967,
532296,"GLENMARK PHARMACEUTICALS LTD.",A,STK,2144.85,2240,2138,2228.25,2228.25,2116.85,5033,54786,120293326,
532300,"WOCKHARDT LTD.",A,STK,1275.3,1340,1275.3,1326.95,1331,1268.65,1468,23588,31081069,
532303,"INTEGRATED HITECH LTD.",X,STK,3.39,3.39,3.39,3.39,3.39,3.4,6,457,1549,
532304,"KJMC CORPORATE ADVISORS (INDIA",X,STK,45.75,45.8,45.53,45.8,45.8,45.75,5,101,4612,
532305,"IND-SWIFT LABORATORIES LTD.",B,STK,142.95,145.45,141.1,142.25,142,139.6,300,16438,2350305,
532309,"GE Power India Ltd",T,STK,449,463.65,440,462.3,462.3,441.6,207,9199,4158524,
532310,"SHREE RAMA MULTI-TECH LTD.",B,STK,47.57,49.49,47.57,48.95,49.45,47.67,151,4513,219991,
532313,"MAHINDRA LIFESPACE DEVELOPERS",A,STK,349.5,355.9,347.55,354,353.4,349.4,151,1511,531808,
532315,"GROARC INDUSTRIES INDIA LIMITE",X,STK,5.58,5.78,5.32,5.6,5.6,5.54,20,11733,65775,
532320,"VAARAD VENTURES LTD",X,STK,9.12,9.57,9.1,9.57,9.57,9.12,6,453,4219,
532321,"Zydus Lifesciences Limited",A,STK,908.75,927.6,908.75,922.9,923.95,908.65,1236,10700,9839295,
532323,"SHIVA CEMENT LTD.",X,STK,16.51,17.5,16.51,17,16.92,16.41,341,426174,7305609,
532326,"INTENSE TECHNOLOGIES LTD.",B,STK,94.55,94.55,91.4,92,92.15,90.7,31,829,76918,
532329,"DANLAW TECHNOLOGIES INDIA LTD.",X,STK,548.65,572,539.95,560.75,560.75,545.15,161,4203,2333876,
532331,"AJANTA PHARMA LTD.",A,STK,2934.6,3025,2934.6,3000.05,3022.45,2933.75,932,91087,273264854,
532332,"CURA TECHNOLOGIES LTD.",T,STK,99,100.87,99,100.87,100.87,96.07,27,640,64162,
532333,"HB PORTFOLIO LTD.",X,STK,55.7,61.65,55.7,60.72,60.79,57.99,25,367,21793,
532334,"HB ESTATE DEVELOPERS LTD.",X,STK,67.4,69.2,67.25,68.34,68.9,70,10,558,37591,
532335,"AMBICA AGARBATHIES & AROMA IND",B,STK,24.5,24.55,23.48,23.49,23.48,23.52,30,1529,36020,
532339,"COMPUCOM SOFTWARE LTD.",B,STK,12.37,12.62,11.95,12.19,12.19,12.38,56,3608,44726,
532340,"OMNI AXS SOFTWARE LTD.",XT,STK,4.45,4.45,4.07,4.28,4.28,4.28,10,611,2520,
532341,"IZMO Limited",T,STK,739,744.85,730,744.85,744.85,709.4,167,4382,3246643,
532343,"TVS MOTOR COMPANY LTD.",A,STK,3655.8,3791.1,3655.8,3785.25,3787.25,3627.55,2873,13586,50798837,
532344,"MADALA HOLDINGS LIMITED",X,STK,190.05,203,190.05,201.9,200.4,207.1,18,449,86954,
532348,"SUBEX LTD.",B,STK,8.78,8.95,8.49,8.81,8.95,8.65,430,287413,2510010,
532349,"TRANSPORT CORPORATION OF INDIA",B,STK,961.5,1038.15,961.5,1029.45,1029,961.45,135,1608,1646460,
532350,"PADMALAYA TELEFILMS LTD.",Z,STK,4.38,4.41,4.18,4.31,4.4,4.38,13,1418,6098,
532351,"AKSH OPTIFIBRE LTD.",B,STK,4.41,4.44,4.32,4.36,4.39,4.38,60,32884,143680,
532354,"Virgo Global Limited",X,STK,4.04,4.04,3.64,4,4,4.04,13,441,1771,
532355,"PICTUREHOUSE MEDIA LTD.",X,STK,6.05,7.2,6.01,7.03,6.9,6,48,65265,458725,
532356,"TRIVENI ENGINEERING & INDUSTRI",A,STK,385.5,385.5,365,372.2,372.4,374.45,521,11976,4442817,
532357,"MUKTA ARTS LTD.",B,STK,50.06,50.1,48.01,48.01,48.01,50,5,123,5911,
532359,"HIT KIT GLOBAL SOLUTIONS LTD.",XT,STK,4.99,4.99,4.99,4.99,4.99,4.76,88,1016648,5073073,
532362,"NAGPUR POWER & INDUSTRIES LTD.",XT,STK,136.7,141,133.5,136,136,136.7,10,183,25342,
532365,"DYNACONS SYSTEMS & SOLUTIONS L",B,STK,921,921.85,892.85,915.95,911.55,892.35,265,4708,4273965,
532366,"PNB GILTS LTD.",B,STK,75.5,76.57,75.23,75.64,76.11,75.43,183,25540,1940112,
532368,"BRIGHTCOM GROUP LIMITED",T,STK,9.89,9.89,9.47,9.71,9.67,9.47,472,360567,3486759,
532369,"RAMCO INDUSTRIES LTD.",B,STK,262.55,280,262.45,279.25,279,261.75,670,31594,8680304,
532370,"RAMCO SYSTEMS LTD.",B,STK,405,444,400,431.1,430.5,403.9,1555,37697,16086447,
532371,"TATA TELESERVICES (MAHARASHTRA",A,STK,38.74,39.49,38.53,39.32,39.32,38.46,1283,244494,9552858,
532372,"Virinchi Limited",B,STK,19.57,19.57,18.96,19.19,19.24,18.83,35,32956,631564,
532373,"WEP SOLUTIONS LTD.",XT,STK,20.8,21.05,19.4,21.05,21.05,20.05,48,7918,163100,
532374,"STERLITE TECHNOLOGIES LTD.",A,STK,182.25,185,177.15,179.9,179.9,174.4,3208,314473,56525354,
532375,"TIPS MUSIC LIMITED",A,STK,499.6,516.5,499.6,511.7,516.5,499.55,287,3727,1898884,
532376,"UMIYA BUILDCON LIMITED",B,STK,88.51,88.51,81.4,81.4,81.4,80,3,110,9699,
532378,"UNIVERSAL ARTS LTD.",X,STK,4.5,5.2,4.5,5.1,5.1,4.42,9,1069,4974,
532379,"FIRST FINTEC LIMITED",XT,STK,6.77,6.77,6.77,6.77,6.77,6.77,1,1,6,
532380,"BABA ARTS LTD.",XT,STK,16.9,16.9,16.89,16.9,16.9,16.57,185,624089,10543961,
532382,"BALAJI TELEFILMS LTD.",B,STK,98.2,103.8,98.2,100.35,100.35,98.85,501,13014,1333870,
532384,"TYCHE INDUSTRIES LTD.",X,STK,110,110,107.7,108,108,108.85,13,325,35103,
532386,"CALIFORNIA SOFTWARE CO.LTD.",B,STK,12.9,12.9,12.26,12.47,12.5,12.21,35,1561,19306,
532388,"INDIAN OVERSEAS BANK",A,STK,33.45,33.95,33.05,33.79,33.79,33.05,1800,570573,19089092,
532390,"TAJGVK HOTELS & RESORTS LTD.",B,STK,317.1,322.4,315,316.35,317.2,317,199,3247,1030694,
532392,"CREATIVE EYE LTD.",B,STK,6.69,6.99,6.11,6.85,6.85,6.54,61,12850,87628,
532395,"AXISCADES TECHNOLOGIES LIMITED",B,STK,1456,1487.25,1442.55,1474.9,1485.05,1427.05,743,5370,7850806,
532397,"KONNDOR INDUSTRIES LIMITED",X,STK,13.65,13.65,12.58,12.7,12.68,13,15,303,4013,
532398,"USHA MARTIN EDUCATION & SOLUTI",B,STK,3.98,4.5,3.98,4.1,4.1,4.17,65,6870,28532,
532400,"BIRLASOFT LIMITED",A,STK,375.05,389.9,374.55,385.1,386.65,368.3,2042,67306,25837172,
532402,"USG TECH SOLUTIONS LTD.",X,STK,9.5,9.5,8.3,8.84,8.99,8.86,162,18713,165606,
532404,"SAVEN TECHNOLOGIES LTD.",X,STK,36.16,37,33.55,35.2,35.2,36.16,282,12757,445125,
532406,"AVANTEL LTD.",A,STK,143.25,146.65,140.55,145.8,146,140,505,30136,4304124,
532407,"MOSCHIP TECHNOLOGIES LIMITED",A,STK,175.45,175.45,170,171.85,172.1,168.15,2494,213132,36683821,
532408,"SIGMA ADVANCED SYSTEMS LIMITED",B,STK,152.1,158.9,152.1,154.7,156.9,152.75,128,3959,616313,
532410,"TRANSCORP INTERNATIONAL LTD.",X,STK,23.5,24.66,23.5,24.49,24.49,23.72,104,14331,341109,
532413,"CEREBRA INTEGRATED TECHNOLOGIE",Z,STK,4.72,4.87,4.49,4.79,4.79,4.72,29,7261,32799,
532424,"GODREJ CONSUMER PRODUCTS LTD.",A,STK,1117.05,1122.9,1099.6,1111.2,1111,1081.35,3643,69885,77841137,
532425,"GENUS PRIME INFRA LIMITED",XT,STK,22.54,23.64,21.44,23.62,23.64,22.54,15,841,19347,
532430,"BF UTILITIES LTD.",Z,STK,466,474.95,455,466,464,466,59,1202,557815,
532432,"UNITED SPIRITS LTD.",A,STK,1330.55,1409.8,1330.55,1407.7,1407.7,1354.95,1452,21519,29992333,
532435,"SANMIT INFRA LIMITED",X,STK,6,6.49,6,6.31,6.34,6.2,194,49610,309878,
532439,"OLECTRA GREENTECH LIMITED",A,STK,909.7,951.95,897.65,934.7,934.7,891.9,2141,35613,32713993,
532440,"MPS LTD.",B,STK,1370.05,1431.7,1365,1426.85,1428.85,1367.2,251,1753,2458361,
532443,"CERA SANITARYWARE LTD.",A,STK,4552.6,4617.1,4550,4586.5,4586.5,4551.15,250,550,2518222,
532444,"T.SPIRITUAL WORLD LTD.",XT,STK,1.56,1.7,1.56,1.57,1.57,1.62,6,3567,5984,
532454,"BHARTI AIRTEL LTD.",A,STK,1886.7,1886.75,1846.45,1851.15,1851.15,1867.15,15240,174962,324741207,
532455,"SHALIMAR WIRES INDUSTRIES LTD.",X,STK,16.91,17,15.6,16.75,16.75,16.99,51,3227,52639,
532456,"COMPUAGE INFOCOM LTD.",Z,STK,1.31,1.31,1.25,1.25,1.25,1.31,15,2250,2842,
532457,"GULSHAN POLYOLS LTD.",B,STK,160.75,164.55,157.2,162.35,162.1,157.6,380,8762,1417565,
532460,"PONNI SUGARS (ERODE) LTD.",B,STK,280.4,280.4,272,277.6,279.95,272.55,85,1112,305302,
532461,"PUNJAB NATIONAL BANK",A,STK,117.4,117.95,115.5,117.55,117.55,115.2,7250,640902,74857081,
532466,"ORACLE FINANCIAL SERVICES SOFT",A,STK,6707.85,6845.95,6707.85,6826.2,6816,6705.9,349,1415,9591336,
532467,"HAZOOR MULTI PROJECTS LTD.",B,STK,29.65,29.8,28.96,29.13,29.13,28.86,678,541767,15812850,
532468,"KAMA HOLDINGS LIMITED",A,STK,2532.2,2596.95,2529.95,2579.1,2550,2522.3,620,8204,21032426,
532475,"APTECH LTD.",B,STK,81.48,83.27,80.15,82.65,82.65,80.43,184,7034,574489,
532477,"UNION BANK OF INDIA",A,STK,181.4,187.45,179.8,186.45,186.45,179.35,7037,784808,143703233,
532478,"UNITED BREWERIES LTD.",A,STK,1699.85,1748.1,1680,1697.35,1697.9,1720.35,391,2851,4857860,
532481,"NOIDA TOLL BRIDGE COMPANY LTD.",B,STK,3.63,3.79,3.35,3.75,3.75,3.63,33,16735,60436,
532482,"GRANULES INDIA LTD.",A,STK,561.85,585.35,561.85,580.85,580.85,559.5,1146,30894,17843332,
532483,"CANARA BANK",A,STK,141.9,143.85,140.2,142.2,142.2,139.9,4893,581125,82452683,
532485,"BALMER LAWRIE INVESTMENTS LTD.",B,STK,71.5,72.49,71.5,72.28,72.28,70.97,880,81962,5906783,
532486,"POKARNA LTD.",B,STK,889.2,892,874,884.35,891.3,870.2,206,5747,5069256,
532488,"DIVIS LABORATORIES LTD.",A,STK,6353.25,6474.35,6353.25,6371.35,6372.55,6336.85,1783,12927,83069384,
532493,"ASTRA MICROWAVE PRODUCTS LTD.",A,STK,1011.05,1037,1011.05,1031.05,1032.45,1007.7,1016,19518,20090242,
532497,"RADICO KHAITAN LTD.",A,STK,2750.5,2790,2713.2,2762.8,2764.2,2750.45,1522,7301,20141417,
532500,"MARUTI SUZUKI INDIA LTD.",A,STK,13790,13908.15,13503.4,13870.05,13901.2,13504.45,5437,13374,183331418,
532503,"RAJAPALAYAM MILLS LTD.",X,STK,760,765,750,755.25,758.95,755.7,49,1022,771239,
532504,"NAVIN FLUORINE INTERNATIONAL L",A,STK,6491.65,6620,6487.65,6540.15,6543,6396.3,1133,6255,40883343,
532505,"UCO BANK",A,STK,26.41,26.94,26.23,26.85,26.85,26.17,1816,536608,14266404,
532507,"B.A.G.FILMS & MEDIA LTD.",B,STK,4.75,5.2,4.75,5.08,5.08,4.91,26,6295,31184,
532508,"JINDAL STAINLESS LTD.",A,STK,717.95,727.95,709,721.55,721.55,710.05,2469,36879,26594135,
532509,"SUPRAJIT ENGINEERING LTD.",B,STK,413.15,421.6,411.95,421.3,420.7,412.65,127,1125,468440,
532513,"TVS ELECTRONICS LTD.",B,STK,339.65,411.9,332.7,388.75,388.75,343.25,1714,54181,21630224,
532514,"INDRAPRASTHA GAS LTD.",A,STK,155.8,163.6,155.8,157.65,157.65,155.05,3277,167589,26699051,
532515,"TV TODAY NETWORK LTD.",B,STK,110.45,114.35,110.2,112.1,112.1,111.9,110,4030,449525,
532521,"PALRED TECHNOLOGIES LIMITED",B,STK,30.77,30.77,28.54,28.54,28.54,29.31,3,90,2724,
532522,"PETRONET LNG LTD.",A,STK,287.85,292.2,284.75,290.05,290,278.45,4643,213159,61730208,
532523,"BIOCON LTD.",A,STK,394.75,398.45,393.2,395.65,395.65,389.8,3350,188649,74675015,
532524,"PTC INDIA LTD.",A,STK,155.95,158.6,154.2,157.9,158.6,153.8,886,45844,7168357,
532525,"BANK OF MAHARASHTRA",A,STK,67.25,69.08,66.42,68.75,68.75,65.77,5956,1699938,115259929,
532527,"RAMKRISHNA FORGINGS LTD.",A,STK,553,563.15,553,559.8,558.15,552.2,394,4301,2398221,
532528,"DATAMATICS GLOBAL SERVICES LTD",B,STK,680.7,697.2,674,694.8,694,668.45,367,6196,4256765,
532529,"NEW DELHI TELEVISION LTD.",B,STK,76.5,77.68,75.78,77.4,77.4,76.29,160,8579,657805,
532531,"STRIDES PHARMA SCIENCE LIMITED",A,STK,863.6,878.55,863.6,872.2,872.2,863.5,125,1453,1264267,
532532,"JAIPRAKASH ASSOCIATES LTD.",T,STK,2.39,2.43,2.3,2.43,2.43,2.32,545,1015708,2421932,
532538,"ULTRATECH CEMENT LTD.",A,STK,11598,11760.05,11572.75,11651.55,11630,11376.2,3083,7796,90797239,
532539,"UNO Minda Limited",A,STK,1103,1125.7,1091,1115.45,1115.2,1081.05,3272,28760,32002087,
532540,"TATA CONSULTANCY SERVICES LTD.",A,STK,2545,2546,2490.35,2513.4,2513.4,2527.7,19818,171908,431732886,
532541,"COFORGE LIMITED",A,STK,1188.85,1188.85,1137,1139.4,1139.4,1168.75,6906,124280,142486785,
532543,"GP PETROLEUMS LTD",B,STK,31,31.39,30.8,31.09,31.09,30.5,24,2773,85884,
532548,"CENTURY PLYBOARDS (I) LTD.",A,STK,681.5,696.2,678.8,688.8,690.85,681,358,3569,2447123,
532553,"WELSPUN ENTERPRISES LIMTED",A,STK,448.2,466.05,448.2,459.1,458.1,448.15,139,2423,1115349,
532555,"NTPC LTD.",A,STK,384,385,374.9,377.3,377.3,376.45,7635,402216,152371752,
532604,"S.A.L.STEEL LTD.",T,STK,44.77,44.77,43.03,43.03,43.03,43.9,17,9775,421485,
532605,"JBM AUTO LTD.",A,STK,513.65,524.65,511.25,521.75,521.5,509.65,894,18806,9728327,
532610,"DWARIKESH SUGAR INDUSTRIES LTD",B,STK,40.49,40.8,38.8,39.92,39.21,39.5,689,50038,1983490,
532612,"INDOCO REMEDIES LTD.",B,STK,210,210,195.1,196.2,196.45,194.05,75,1196,234488,
532613,"VIP Clothing Limited",B,STK,18.9,19.42,18.27,18.83,18.8,18.42,290,84776,1594873,
532614,"IMPEX FERRO TECH LTD.",Z,STK,1.77,1.82,1.7,1.75,1.75,1.74,49,36195,65516,
532616,"XCHANGING SOLUTIONS LTD.",B,STK,60.61,62.4,60.61,62.4,62.4,60.5,84,13863,850049,
532621,"MORARJEE TEXTILES LTD.",Z,STK,7.03,7.03,6.5,6.8,6.8,6.7,5,303,2080,
532624,"JINDAL PHOTO LTD.",B,STK,1159.35,1321,1153.6,1265.2,1265.2,1159.45,1548,6605,8496985,
532626,"PONDY OXIDES & CHEMICALS LTD.",B,STK,1070.8,1088.6,1059.8,1084.15,1082.5,1047.7,507,5214,5577220,
532627,"JAIPRAKASH POWER VENTURES LIMI",A,STK,13.6,13.65,13.3,13.52,13.52,13.39,4728,4151480,55792989,
532628,"3I INFOTECH LTD.",B,STK,12.81,13.44,12.81,13.13,13.13,13,388,37263,487478,
532630,"GOKALDAS EXPORTS LTD.",A,STK,598.15,640,598.15,634.4,634.4,592.5,2533,53305,33514915,
532633,"Alldigi Tech Limited",B,STK,792.15,792.15,759.15,761.65,759.15,765.1,116,868,669651,
532636,"IIFL FINANCE LIMITED",A,STK,475.85,493.25,470.7,491.9,492,471.15,908,33808,16234791,
532637,"MANGALAM DRUGS & ORGANICS LTD.",T,STK,35.55,35.55,32.66,33.17,35,33.98,201,31969,1088644,
532638,"SHOPPERS STOP LTD.",B,STK,302.05,305,297.9,300.75,301.8,300.7,1022,9265,2790964,
532640,"CYBER MEDIA (INDIA) LTD.",B,STK,13.11,13.74,13.1,13.4,13.72,13.25,9,121,1604,
532641,"NANDAN DENIM LIMITED",B,STK,2.44,2.5,2.38,2.48,2.48,2.41,201,231233,561691,
532642,"JSW HOLDINGS LIMITED",A,STK,16000,16557.8,15830,16462.65,16350,15856.1,94,242,3948390,
532644,"J.K.CEMENT LTD.",A,STK,5090.6,5132.35,5057,5071.3,5065,5056.5,624,2125,10783580,
532645,"BEEYU OVERSEAS LTD.",X,STK,2.55,2.55,2.5,2.5,2.5,2.4,10,888,2220,
532648,"YES BANK LTD.",A,STK,19.81,20.04,19.74,19.91,19.91,19.66,34068,5916064,117605649,
532649,"NECTAR LIFESCIENCES LTD.",B,STK,11.31,11.6,11.2,11.29,11.29,11.32,90,15984,181268,
532650,"MSP STEEL & POWER LTD.",B,STK,31.88,32.05,31.16,31.52,31.57,30.61,395,88580,2805348,
532651,"SPL INDUSTRIES LTD.",B,STK,27.55,27.55,26.71,26.9,26.71,27.01,7,43,1157,
532652,"KARNATAKA BANK LTD.",A,STK,210.35,223.7,207.5,221.35,221.35,205.85,4567,432137,93532567,
532654,"MCLEOD RUSSEL INDIA LTD.",B,STK,39.74,39.99,36.88,39.98,39.98,36.36,385,65689,2557627,
532656,"FACOR ALLOYS LTD.",X,STK,2.41,2.44,2.39,2.41,2.41,2.43,140,81924,197283,
532660,"VIVIMED LABS LTD.",B,STK,6.58,7,6.58,6.95,6.95,6.78,51,16465,111974,
532661,"RANE (MADRAS) LTD.",B,STK,834.15,835,821.95,822.8,823.7,828.95,100,811,670257,
532662,"HT MEDIA LTD.",B,STK,20.15,21.09,20.15,20.87,20.7,20.48,22,1565,32623,
532663,"Sasken Technologies Limited",B,STK,1100,1140.35,1100,1136.85,1132.6,1094.45,107,5379,6089751,
532666,"FCS SOFTWARE SOLUTIONS LTD.",B,STK,1.5,1.52,1.46,1.49,1.49,1.49,293,235008,349768,
532667,"SUZLON ENERGY LTD.",A,STK,40.33,41.58,40.03,41.47,41.47,39.61,21421,4078238,166222674,
532668,"AURIONPRO SOLUTIONS LTD.",A,STK,856,867.9,845.65,857.85,865.6,848.2,321,4739,4061092,
532670,"SHREE RENUKA SUGARS LTD.",A,STK,24.65,25.2,24.13,25.07,24.96,24.83,1310,383799,9457276,
532673,"K.M.SUGAR MILLS LTD.",B,STK,26.5,26.5,25.6,25.69,25.69,25.86,202,11194,289148,
532674,"BANNARI AMMAN SPINNING MILLS L",B,STK,21.37,21.37,20.09,20.73,20.53,20.08,63,31967,659175,
532676,"PBA INFRASTRUCTURE LTD.",X,STK,9,9.25,8.45,8.52,8.52,8.5,43,6059,52096,
532683,"AIA ENGINEERING LTD.",A,STK,3616.85,3820.95,3616.85,3784.45,3814,3606.35,689,2183,8126387,
532684,"EVEREST KANTO CYLINDER LTD.",B,STK,102.9,105.55,102.9,105.2,105.15,102.8,264,8492,885018,
532686,"KERNEX MICROSYSTEMS (INDIA) LT",B,STK,1017.6,1030.5,1001.55,1021.3,1026,993.85,442,4517,4579080,
532687,"REPRO INDIA LTD.",B,STK,383,398,375.15,381.35,381.35,378.95,114,165663,65016501,
532689,"PVR INOX LIMITED",A,STK,1015.55,1048,1015.55,1045.6,1040.25,1018.25,2112,28133,29228335,
532694,"BARTRONICS INDIA LTD.",B,STK,8.99,9.5,8.8,9.3,9.33,8.77,620,182628,1654385,
532695,"CELEBRITY FASHIONS LTD.",B,STK,7.6,8.29,7.06,8.29,8.29,7.45,14,804,5962,
532698,"NITIN SPINNERS LTD.",B,STK,357.6,364.05,353.4,358.4,357.7,357.5,325,29221,10485681,
532699,"ROYAL ORCHID HOTELS LTD.",B,STK,326.85,336.55,324,328.2,329.4,322.65,116,1420,468330,
532700,"ENTERTAINMENT NETWORK (INDIA)",B,STK,106.4,106.5,105.3,105.9,106.45,107.55,17,169,17871,
532701,"CELLA SPACE LIMITED",Z,STK,12.72,13.23,12.65,13.23,13.23,12.6,5,309,4086,
532702,"GUJARAT STATE PETRONET LTD.",A,STK,271.95,278.3,271.75,274.6,276.45,272.05,877,23266,6409817,
532705,"JAGRAN PRAKASHAN LTD.",B,STK,63.7,64.02,63.02,63.88,63.88,63.16,156,9012,572592,
532707,"DYNEMIC PRODUCTS LTD.",B,STK,223.3,226,221.25,222.35,222.35,224.1,197,2444,550765,
532708,"GVK POWER & INFRASTRUCTURE LTD",T,STK,2.64,2.68,2.6,2.68,2.68,2.63,119,101519,269691,
532710,"SADBHAV ENGINEERING LTD.",T,STK,7.99,8.83,7.99,8.83,8.83,8.41,108,195728,1715551,
532712,"RELIANCE COMMUNICATIONS LTD.",T,STK,0.88,0.9,0.87,0.9,0.9,0.86,643,1268645,1140411,
532713,"SAKUMA EXPORTS LTD.",B,STK,1.61,1.68,1.61,1.65,1.65,1.65,251,150836,249669,
532714,"KEC INTERNATIONAL LTD.",A,STK,537.95,543.1,521.65,537.2,537.2,524.3,2377,37773,20071329,
532716,"GILLANDERS ARBUTHNOT & CO.LTD.",B,STK,85,85.74,82,85.74,85.74,86.9,495,10019,822982,
532717,"INDO TECH TRANSFORMERS LTD.",B,STK,1320,1391.1,1320,1384.5,1384.5,1321.1,135,1226,1683281,
532719,"B.L.KASHYAP AND SONS LTD.",B,STK,48.19,51.8,47.31,51.35,51.35,47.31,395,67079,3390448,
532720,"MAHINDRA & MAHINDRA FINANCIAL",A,STK,357.1,364.2,350.9,360.6,361.05,348.2,2673,113313,40790877,
532722,"NITCO LTD.",B,STK,66.31,69.9,66.31,69.82,69.9,65.67,296,16986,1165975,
532723,"MPDL LIMITED",X,STK,33.45,33.45,33.45,33.45,33.45,31.86,3,9,301,
532725,"SOLAR INDUSTRIES INDIA LTD.",A,STK,15234,15399,14654.55,14706.65,14710.2,14977.35,4827,20358,303027574,
532726,"GALLANTT ISPAT LIMITED",B,STK,531,537.55,527,534.45,534.6,528.8,144,4485,2390701,
532729,"UTTAM SUGAR MILLS LTD.",B,STK,201.75,205.6,196.6,202.2,202.2,197.9,235,4689,942297,
532730,"STL GLOBAL LTD.",B,STK,11,11,11,11,11,10.96,4,4,44,
532732,"KEWAL KIRAN CLOTHING LTD.",B,STK,463.8,473.9,462.25,472.05,473.9,459.95,241,968,455275,
532733,"SUN TV NETWORK LTD.",A,STK,579.6,586.25,572,579.55,584.9,578.7,500,10319,5958635,
532734,"GODAWARI POWER & ISPAT LTD.",A,STK,249.7,254.5,248.9,253.65,253.65,248.95,2209,141671,35735001,
532735,"R SYSTEMS INTERNATIONAL LTD.",B,STK,322.85,344.7,311.2,331.1,331.1,299.35,71643,6418848,2104386864,
532737,"EMKAY GLOBAL FINANCIAL SERVICE",B,STK,234.4,234.4,221.5,222.4,222.4,217,26,204,46127,
532738,"TwamevConstruction and Infrast",B,STK,24.65,25.2,24.47,25.19,25.2,24.27,117,20820,519235,
532740,"LOKESH MACHINES LTD.",B,STK,214.9,225.5,212.4,216,217,208.85,174,3461,754060,
532741,"Kamdhenu Limited",B,STK,22,23.26,21.77,22.86,22.86,21.8,205,57133,1291193,
532742,"PAUSHAK LTD.",B,STK,414.7,422.6,408.15,415.4,415,405.55,636,4106,1712084,
532744,"GTN TEXTILES LTD.",XT,STK,8.61,8.68,8.61,8.61,8.61,8.61,8,7200,62419,
532748,"PRIME FOCUS LTD.",B,STK,284.45,285.15,278,280.05,280.05,277.4,2390,254540,71778387,
532749,"ALLCARGO LOGISTICS LTD.",B,STK,7.47,8.1,7.47,8.03,8.03,7.5,1407,927063,7235390,
532754,"GMR Airports Limited",A,STK,93.05,96.55,93.05,95.5,96,92,1642,157462,14908631,
532755,"TECH MAHINDRA LTD.",A,STK,1349.3,1349.3,1316.4,1336.4,1336.4,1335.5,2077,19734,26219250,
532756,"CIE Automotive India Limited",A,STK,449.05,463.15,449.05,462.05,460.9,447.4,671,13128,5993726,
532757,"VOLTAMP TRANSFORMERS LTD.",A,STK,8749.95,8817.8,8524.95,8703.6,8650,8601.8,484,7953,68143632,
532759,"ATLANTAA LIMITED",B,STK,39,39.5,38.35,38.65,38.65,37.89,67,815,31981,
532761,"HANDSON GLOBAL MANAGEMENT (HGM",B,STK,51.53,51.53,51,51,51,51.52,7,100,5123,
532762,"ACTION CONSTRUCTION EQUIPMENT",A,STK,868.45,868.45,846.6,859.75,865,849.15,1303,17574,15015878,
532764,"GEECEE VENTURES LIMITED",B,STK,285.1,289,272,275.25,272,261.25,95,563,159067,
532768,"FIEM INDUSTRIES LTD.",B,STK,2101.3,2167.8,2077.8,2140.55,2131,2034.9,1239,4351,9301334,
532771,"JHS SVENDGAARD LABORATORIES LT",B,STK,8.87,9.24,8.69,9.08,9.08,8.7,64,9074,81949,
532772,"DCB BANK LIMITED",A,STK,170,175.4,168.5,174.6,175.3,167.8,1330,60121,10323343,
532773,"GLOBAL VECTRA HELICORP LTD.",B,STK,160.1,185.95,160.1,165.7,167.55,155.8,246,3934,679737,
532774,"Inspirisys Solutions Limited",T,STK,79,81.66,77,77.4,81.66,79,8,245,18962,
532775,"GTL INFRASTRUCTURE LTD.",B,STK,1.08,1.11,1.08,1.08,1.08,1.08,10535,3070489,3356855,
532776,"SHIVAM AUTOTECH LTD.",B,STK,17.85,18,16.25,17,17,16.99,92,524240,8526669,
532777,"INFO EDGE (INDIA) LTD.",A,STK,997.25,997.25,966,976.6,976.2,979.3,2324,31222,30398782,
532779,"TORRENT POWER LTD.",A,STK,1435.85,1463.25,1435.85,1453.15,1454.25,1427.95,964,8938,12993377,
532780,"PARSVNATH DEVELOPERS LTD.",B,STK,7.35,7.35,6.65,7.01,7.01,6.86,296,61547,420041,
532782,"SUTLEJ TEXTILES & INDUSTRIES L",B,STK,28.9,31,28.9,30.05,31,28.9,34,13636,409762,
532783,"LT FOODS LTD.",A,STK,385,391.15,374.15,377.65,379,379.7,3801,299439,113718200,
532784,SOBHA,A,STK,1300.85,1349.9,1298.05,1326.1,1327.8,1284.15,671,6076,8023956,
532785,"RUCHIRA PAPERS LTD.",B,STK,101.8,103,100.85,102.95,102.9,101.8,65,2815,288650,
532790,"TANLA PLATFORMS LIMITED",A,STK,434.05,445.2,434.05,437.6,439.4,433.1,729,29016,12736034,
532794,"ZEE MEDIA CORPORATION LIMITED",T,STK,7.81,8.2,7.81,8.09,8.06,7.96,41,27181,217601,
532795,"Siti Networks Ltd.",Z,STK,0.49,0.49,0.49,0.49,0.49,0.49,31,8193,4014,
532796,"LUMAX AUTO TECHNOLOGIES LTD.",A,STK,1508.05,1520.3,1487.8,1505.25,1512,1478.55,735,10296,15496066,
532797,"AUTOLINE INDUSTRIES LTD.",B,STK,67.79,69.47,66.57,69.47,69.47,66.61,50,3643,246088,
532798,"NETWORK18 MEDIA & INVESTMENTS",A,STK,32.5,33.14,32.25,32.81,32.81,32.34,817,2434605,79647586,
532799,"HUBTOWN LTD.",B,STK,210.05,220.15,206.9,217.25,217.25,207.45,381,25178,5401184,
532801,"CAMBRIDGE TECHNOLOGY ENTERPRIS",B,STK,25.85,26.14,24.52,25.46,25.45,25.72,160,6179,157554,
532804,"TECHNOCRAFT INDUSTRIES (INDIA)",B,STK,2117,2122.5,2080,2112.45,2121.85,2102.6,42,104,219238,
532805,"Redington Limited",A,STK,236.7,268.65,236.7,258.9,258.9,233,37660,4059727,1054351297,
532806,"AI CHAMPDANY INDUSTRIES LTD.",X,STK,24.7,25.99,24.45,25.89,25.89,24.54,38,334,8574,
532807,"CINELINE INDIA LIMITED",B,STK,85.26,89,84,85.08,86.95,85.03,406,18630,1584206,
532808,"PEARL GLOBAL INDUSTRIES LIMITE",A,STK,1466.2,1521.35,1466.2,1512.2,1510.2,1465.15,116,808,1215434,
532809,"FIRSTSOURCE SOLUTIONS LTD.",A,STK,215.25,217,210.1,213.6,213.1,211.2,765,28502,6080011,
532810,"POWER FINANCE CORPORATION LTD.",A,STK,397.15,414.9,396.3,412.25,413.5,392.25,5123,327195,133421233,
532811,"AHLUWALIA CONTRACTS (INDIA) LT",B,STK,763.65,765.05,753.25,762.15,764.1,756.75,181,1861,1415060,
532812,"TRANSWARRANTY FINANCE LTD.",B,STK,13.9,13.9,12.7,13.08,13.24,14.78,51,4006,52763,
532814,"INDIAN BANK",A,STK,909.05,936.9,906,930.7,936.1,899,3428,742768,686848001,
532815,"SMS PHARMACEUTICALS LTD.",B,STK,390,424.45,386,420.2,420.1,382.2,1221,36392,14814347,
532817,"ORIENTAL TRIMEX LTD.",B,STK,6.15,6.2,5.92,5.98,5.92,6.2,220,70246,421980,
532820,"E-Land Apparel Limited",XT,STK,13.74,14.42,13.06,13.2,13.2,13.74,30,149212,1995593,
532822,"VODAFONE IDEA  LIMITED",A,STK,10.01,10.11,9.86,10,10,9.91,29010,29330468,292279174,
532825,"JAGJANANI TEXTILES LTD.",X,STK,3.8,4.2,3.8,4.2,4.2,3.83,9,8836,33580,
532826,"RAJ TELEVISION NETWORK LTD.",B,STK,38.7,40,38.7,40,40,38.2,7,391,15343,
532827,"PAGE INDUSTRIES LTD.",A,STK,31300,31719.4,31007.4,31623.55,31615.15,31119.45,175,360,11281797,
532828,"AMD INDUSTRIES LTD.",B,STK,37.97,39.85,37,38.21,38.21,37.97,26,1711,65430,
532829,"LEHAR FOOTWEARS LIMITED",X,STK,226,228.95,220,226.2,223,223.95,326,17102,3857680,
532830,"ASTRAL LIMITED",A,STK,1617.45,1669.3,1617.45,1660.2,1669.3,1605.85,2287,67599,111736751,
532832,"EMBASSY DEVELOPMENTS LIMITED",T,STK,54.6,57.2,54.6,55.17,55.37,54.95,446,50776,2826804,
532834,"Camlin Fine Sciences Ltd",A,STK,134.85,139.5,134.25,138,139,133.75,165,35321,4858737,
532835,"ICRA LTD.",B,STK,5355.5,5525,5249,5478.95,5478.95,5351.9,46,135,724439,
532839,"DISH TV INDIA LTD.",B,STK,2.59,2.62,2.52,2.6,2.61,2.55,416,377221,967292,
532841,"SAHYADRI INDUSTRIES LTD.",B,STK,235.8,240.15,235,240.15,240.15,240.15,5,26,6221,
532842,"SREE RAYALASEEMA HI-STRENGTH H",B,STK,428,460,424.9,430.05,430.05,424.9,48,547,236307,
532843,"FORTIS HEALTHCARE LTD.",A,STK,880.85,889.75,878.6,881.15,889,878.75,1506,21661,19131664,
532845,"TGB BANQUETS AND HOTELS LTD.",B,STK,8.85,9.2,8.85,8.97,9,8.85,12,91,810,
532847,"HILTON METAL FORGING LTD.",B,STK,17.17,17.24,16.8,16.87,16.88,17.17,171,17651,300150,
532848,"DELTA CORP LTD.",A,STK,56,56.65,55.01,56.44,56.44,55.13,807,94934,5289276,
532850,"MIC ELECTRONICS LTD.",B,STK,33.7,34.94,33.59,34.8,34.94,33.28,551,78953,2704782,
532851,"INSECTICIDES (INDIA) LTD.",B,STK,602,602,587,591.35,591,598.5,48,691,414272,
532853,"ASAHI SONGWON COLORS LTD.",B,STK,216.95,222.95,214.05,214.05,214.05,214,48,2627,570701,
532855,"HARYANA CAPFIN LTD.",X,STK,151.4,151.4,129.95,136.5,136.5,142.5,147,4948,668860,
532856,"TIME TECHNOPLAST LTD.",A,STK,167.05,175,165.65,170.95,175,166.85,1354,52307,8826317,
532859,"HINDUJA GLOBAL SOLUTIONS LTD.",B,STK,359.75,406,359.75,378.95,378.95,347.5,2184,29189,11398433,
532864,"NELCAST LTD.",B,STK,114.7,121.65,113.35,120.95,119.1,114.6,203,3645,430873,
532867,"V2 RETAIL LTD.",B,STK,1935,1960.6,1918,1954.1,1951.4,1913.15,138,720,1402417,
532868,"DLF LTD.",A,STK,576.85,586.9,575.6,584.15,583.65,574.7,1568,61341,35707226,
532869,"TARMAT LTD.",T,STK,58.3,58.3,58.21,58.21,58.21,61.27,10,1174,68413,
532870,"ANKIT METAL & POWER LTD.",Z,STK,1.71,1.71,1.64,1.7,1.7,1.72,27,15249,25412,
532872,"SUN PHARMA ADVANCED RESEARCH C",B,STK,122.85,125.8,121.75,124.2,125.45,120.85,803,86585,10678690,
532875,"ALLIED DIGITAL SERVICES LTD.",B,STK,102,107.25,102,106.55,107,102.65,219,10833,1140903,
532878,"ALPA LABORATORIES LTD.",B,STK,63,63.34,62.05,62.9,62.05,63,105,2946,184894,
532879,"SIR SHADI LAL ENTERPRISES LTD.",X,STK,245,251.15,245,251.15,251.15,259.95,5,109,27368,
532880,"OMAXE LTD.",B,STK,74.67,76.16,73.83,75.23,74.05,73.25,33,996,74658,
532884,"REFEX INDUSTRIES LTD.",A,STK,211.85,214.25,206.55,210.15,210.75,209,680,40581,8505999,
532885,"CENTRAL BANK OF INDIA",A,STK,36.14,36.89,35.8,36.75,36.75,35.72,2246,472048,17112661,
532886,"SEL MANUFACTURING COMPANY LTD.",B,STK,31,31.9,29.8,30.96,30.96,30.68,24,2402,73951,
532887,"Neueon Corporation Limited",T,STK,15.07,15.07,15.07,15.07,15.07,14.36,50,87189,1313938,
532888,"ASIAN GRANITO INDIA LTD.",B,STK,63.72,67.39,63.72,66.98,67.25,63.29,1124,151481,9921411,
532889,"K.P.R.MILL LIMITED",A,STK,835.15,842.95,823.6,833.15,833,833.8,1138,11936,9958272,
532890,"TAKE SOLUTIONS LTD.",T,STK,36.12,37.84,36.1,37.84,37.84,36.04,597,115976,4374139,
532891,"Puravankara Limited",B,STK,182.55,196.1,182.55,192.15,191.25,181.7,535,22255,4236931,
532892,"MOTILAL OSWAL FINANCIAL SERVIC",A,STK,701.65,719.7,701.65,716,716,693.2,2705,56662,40380457,
532893,"VTM LTD.",X,STK,76.35,83.98,76.35,82.28,82.5,76.35,280,47985,3944278,
532894,"INDOWIND ENERGY LTD.",B,STK,8.73,9.3,8.72,8.89,8.93,8.96,260,26194,232882,
532895,"NAGREEKA CAPITAL & INFRASTRUCT",B,STK,24.75,26.2,24.25,26,26,24.07,19,3498,88691,
532896,"MAGNUM VENTURES LTD.",B,STK,19.47,20.36,18.6,18.62,18.62,19.83,60,14400,278863,
532898,"POWER GRID CORPORATION OF INDI",A,STK,297.1,300,293.75,298.45,298.45,295.25,3362,219098,65229288,
532899,"KAVERI SEED COMPANY LTD.",A,STK,767.2,815.05,763.45,806.95,809.1,767.15,746,7554,5914045,
532900,"PAISALO DIGITAL LIMITED",A,STK,33.2,33.98,32.76,32.97,32.97,33.12,228,69770,2309176,
532902,"CONSOLIDATED CONSTRUCTION CONS",B,STK,15.98,15.98,15.12,15.85,15.91,15.56,70,12244,190793,
532904,"SUPREME INFRASTRUCTURE INDIA L",Z,STK,78.01,78.01,74.85,77.35,77.35,78.75,6,133,10303,
532906,"MAAN ALUMINIUM LTD.",T,STK,125.55,133.8,125.5,130.75,130.75,127.55,73,7099,919339,
532907,"IL&FS ENGINEERING AND CONSTRUC",Z,STK,22.6,24.8,22.6,24.8,24.8,23.75,13,13036,305440,
532911,"PARLE INDUSTRIES LIMITED",X,STK,6.55,6.55,6,6.5,6.52,6.36,343,94684,606107,
532915,"RELIGARE ENTERPRISES LTD.",A,STK,211.1,222.7,208.9,221.3,221.3,210.25,844,53403,11661544,
532916,"BARAK VALLEY CEMENTS LTD.",B,STK,39.69,41.08,38.5,39.03,39.14,41.92,35,615,24316,
532918,"RATHI BARS LTD.",X,STK,23.49,23.93,23,23.05,23.05,23.24,37,2955,68415,
532921,"ADANI PORTS AND SPECIAL ECONOM",A,STK,1444,1470,1416,1424.1,1424.1,1421.4,7317,159200,227624316,
532922,"EDELWEISS FINANCIAL SERVICES L",A,STK,108,109.85,106,109.45,109.5,105.6,1341,173931,18797074,
532923,"RENAISSANCE GLOBAL LIMITED",B,STK,104.3,106.8,100.85,105.95,105.95,101.8,813,65708,6833046,
532924,"KOLTE-PATIL DEVELOPERS LTD.",B,STK,326.6,337.15,325.25,330.7,332.85,326.6,286,98957,33106278,
532925,"KAUSHALYA INFRASTRUCTURE DEVEL",B,STK,848,859,845,859,859,850,8,206,174479,
532926,"JYOTHY LABS LIMITED",A,STK,241.1,244.25,239.2,239.85,239.85,241,873,10697,2571754,
532927,"ECLERX SERVICES LTD.",A,STK,3098.95,3165,3053.8,3139.35,3140,2999.4,1991,10314,32153068,
532928,"TRANSFORMERS AND RECTIFIERS (I",A,STK,282.2,290.5,280.45,288.85,288.85,277.7,2421,180440,51543766,
532929,"BRIGADE ENTERPRISES LTD.",A,STK,663.85,674.2,653.8,671.7,670,662.1,757,7105,4711668,
532930,"BGR ENERGY SYSTEMS LTD.",T,STK,332.3,344,327.35,339.2,341.3,334.45,244,12911,4388414,
532932,"MANAKSIA LTD.",B,STK,57.95,57.95,54.41,55.56,55.74,55,50,1285,71138,
532933,"PORWAL AUTO COMPONENTS LTD.",X,STK,55,55,48.18,49.62,49.89,49.69,132,11759,580911,
532934,PPAP,B,STK,205.15,206.05,202.05,204.65,205.1,200.8,45,463,94997,
532935,"ARIES AGRO LTD.",B,STK,319.65,351.9,319.65,345.4,343.85,324.25,339,5317,1835899,
532937,"KUANTUM PAPERS LTD.",B,STK,82.97,83,81.71,82.89,82.89,80.9,20,7855,649633,
532939,"RELIANCE POWER LTD.",A,STK,22.4,22.79,22.11,22.72,22.72,22.26,5818,2920115,65607844,
532940,"J.KUMAR INFRAPROJECTS LTD.",A,STK,475.05,502.6,472.95,501,494.95,472.55,554,6093,2937650,
532941,"CORDS CABLE INDUSTRIES LTD.",B,STK,162.75,164.55,159.65,160.2,160.2,160.1,32,1006,163594,
532942,"KNR CONSTRUCTIONS LTD.",A,STK,120.9,125.6,120.8,123.8,125.6,120.5,760,49185,6012234,
532944,ONMOBILE,B,STK,49.92,49.92,47.52,49.34,49.35,47.87,74,6639,320663,
532945,"SEPC LIMITED",B,STK,6.47,6.65,6.29,6.4,6.4,6.36,1000,2726818,17390150,
532946,"BANG OVERSEAS LTD.",B,STK,35,37,34.3,36.59,36.58,33.24,119,174546,6193707,
532947,"IRB INFRASTRUCTURE DEVELOPERS",A,STK,40.6,42.14,40.6,41.94,41.94,40.44,1836,272955,11332170,
532951,"GSS INFOTECH LTD.",B,STK,12.01,12.8,11.56,12.41,12.25,12.81,54,3427,42778,
532952,"NAHAR CAPITAL & FINANCIAL SERV",B,STK,220.1,224.15,217.75,220.45,223,219.4,241,8179,1811380,
532953,"V-GUARD INDUSTRIES LTD.",A,STK,309,318.05,305.3,316.3,315,306.8,480,15026,4687438,
532955,"REC LIMITED",A,STK,333.6,336.15,326.9,334.6,335.8,324.4,6191,343767,113961603,
532957,"GOKAK TEXTILES LTD.",XT,STK,60.99,65.3,59.77,65.3,65.3,62.23,23,2458,150591,
532966,"TITAGARH RAIL SYSTEMS LIMITED",A,STK,661.75,670,652.55,663.9,666,653.8,1093,37194,24541760,
532967,"KIRI INDUSTRIES LTD.",A,STK,391.8,401.9,387.05,400.45,400.5,385.55,361,19609,7781938,
532974,"ADITYA BIRLA MONEY LTD.",B,STK,122,124.5,121.15,123.35,123.95,121.85,77,1297,159739,
532975,"TELOGICA LIMITED",X,STK,10,10,9.22,9.64,9.64,9.6,22,3732,35666,
532976,"JAI BALAJI INDUSTRIES LTD.",A,STK,62.24,62.24,59.72,60.89,61.17,59.94,466,41104,2486477,
532977,"BAJAJ AUTO LTD.",A,STK,9429.05,9634.9,9351.5,9606.55,9590,9379.15,3248,10816,102569107,
532978,"BAJAJ FINSERV LTD.",A,STK,1859.85,1873.35,1841.9,1867.95,1865.05,1840.65,1657,14408,26840540,
532980,"GOKUL REFOILS & SOLVENT LTD.",B,STK,40.24,40.96,40.15,40.4,40.5,40.24,78,4681,189216,
532983,"RPG LIFE SCIENCES LTD.",B,STK,1849.6,1912,1849.6,1904.25,1908.65,1841.05,15,84,159835,
532985,"KOTAK MAHINDRA MUTUAL FUND",A,STK,84.06,86.68,84.06,85.86,85.62,84.66,109,4890,417004,
532986,"NIRAJ CEMENT STRUCTURALS LTD.",B,STK,28.1,28.28,27.21,27.26,27.8,27.61,51,3066,85162,
532989,"BAFNA PHARMACEUTICALS LTD.",B,STK,106.5,106.5,106.5,106.5,106.5,107.95,5,11,1171,
532992,"CHL LTD.",X,STK,29.64,30.89,29.64,30.85,30.85,29.94,10,101,3030,
532993,"SEJAL GLASS LIMITED",B,STK,483.4,504.5,482.4,504.35,504.5,480.5,41,436,214633,
532994,"ARCHIDPLY INDUSTRIES LTD.",B,STK,74.5,80,73.14,77.4,80,74.05,104,832,62886,
532998,"Lotus Eye Hospital And Institu",B,STK,107.85,111.15,107.6,108.4,108.4,108.8,22,612,67519,
533001,"SOMI CONVEYOR BELTINGS LTD.",B,STK,102.3,102.5,100.2,101.2,101.2,101,18,875,88026,
533007,"LGB FORGE LTD.",X,STK,6.39,6.78,6.27,6.56,6.56,6.37,168,234842,1544455,
533014,"SICAGEN INDIA LTD.",X,STK,50.16,52.5,50.15,52.21,52.5,49.64,49,4705,242674,
533019,"SIMPLEX PAPERS LTD.",X,STK,1417.55,1417.55,1417.55,1417.55,1417.55,1417.55,2,4,5670,
533022,"20 MICRONS LTD.",B,STK,163.15,168.25,163.15,167.45,167.4,164,110,2148,356715,
533023,"ZF Commercial Vehicle Control",A,STK,14352,14352,13962.3,13978.65,13966.1,14022.6,120,1497,20977975,
533029,"ALKALI METALS LTD.",B,STK,61.12,61.81,59.53,60.06,60.06,60.83,8,284,17432,
533033,"ISGEC HEAVY ENGINEERING LTD.",A,STK,913.15,950,898.25,940.95,940.5,898.25,857,7989,7424880,
533047,"INDIAN METALS & FERRO ALLOYS L",B,STK,1194,1232.3,1189,1224.9,1224.5,1176.65,312,2539,3093139,
533048,"Teamo Productions HQ Limited",B,STK,0.54,0.56,0.53,0.54,0.54,0.54,88,441860,238785,
533056,"VEDAVAAG SYSTEMS LTD.",X,STK,19.97,20.39,19.2,19.46,19.75,19.78,97,21331,422569,
533080,"MOLD-TEK PACKAGING LIMITED",B,STK,562.85,562.85,535.6,537.9,540.05,537.7,2383,7532,4067761,
533088,"MAHINDRA HOLIDAYS & RESORTS IN",B,STK,271.1,276.35,267.05,272.5,276.35,271.05,729,3574,970378,
533090,"EXCEL REALTY N INFRA LTD.",B,STK,0.97,1.1,0.97,1.1,1.1,1,636,3869323,4180511,
533093,"RAJ OIL MILLS LTD.",B,STK,45,45.49,44.11,44.59,44.59,45.48,52,7319,329839,
533095,"BENGAL & ASSAM COMPANY LTD.",B,STK,5940,5949.95,5722,5897.6,5920,5852.5,382,1437,8382442,
533096,"ADANI POWER LTD.",A,STK,141.5,142,138.65,138.95,138.95,139.2,7401,743610,103628282,
533098,"NHPC LTD.",A,STK,73.32,74.3,72.82,73.04,73.04,73.07,5083,648788,47457257,
533100,"PREMIER ENERGY AND INFRASTRUCT",X,STK,7,7.25,7,7.2,7.2,7.1,9,298,2135,
533101,"SURYAAMBA SPINNING MILLS LTD.",X,STK,118.65,129.8,115.1,126.05,129.8,118.65,30,1800,222048,
533104,"GLOBUS SPIRITS LTD.",B,STK,850,865.1,832.55,858.8,865.1,837.6,249,2320,1968056,
533106,"OIL INDIA LTD.",A,STK,471.95,475.4,460.9,470.6,471.2,473.7,5674,197575,92535244,
533107,"SWAN DEFENCE AND HEAVY INDUSTR",T,STK,1990,2103.4,1904,2078.85,2103.4,2003.25,337,4308,8600180,
533108,"BHILWARA TECHNICAL TEXTILES LT",X,STK,34.84,35.7,34.84,35.01,34.84,33.84,37,4463,156432,
533110,"SHREE PRECOATED STEELS LTD.",X,STK,11.05,11.05,11.05,11.05,11.05,11.6,2,4,44,
533121,"EXPLEO SOLUTIONS LIMITED",B,STK,731.05,784,731.05,776.2,776.2,745.65,60,579,442790,
533122,"RATTANINDIA POWER LTD.",A,STK,7.95,8.1,7.88,8.06,8.06,7.88,12515,1571155,12533782,
533137,"DEN NETWORKS LTD",B,STK,26.61,27.65,26.61,27.19,27.19,27.38,211,20675,562582,
533138,"ASTEC LIFESCIENCES LIMITED",B,STK,624.4,635.3,621.1,631.05,631.05,624.35,130,2306,1444545,
533146,"D-LINK (INDIA) LTD",B,STK,394.4,412.65,392.3,409.65,410,388.1,208,3179,1280274,
533148,"JSW ENERGY LTD",A,STK,479,490.9,479,488.85,490.2,478.75,1931,77228,37595833,
533149,"Yunik Managing Advisors Limite",X,STK,8.28,8.28,6.69,6.93,6.69,7.62,26,703,4970,
533150,"GODREJ PROPERTIES LTD",A,STK,1651.55,1688.4,1649.35,1678,1680.4,1644.7,1339,723216,1212269122,
533151,"D B CORP LTD",B,STK,205.35,211.95,205,210.95,211.95,204.95,52,1267,265886,
533152,"MBL Infrastructure Ltd",B,STK,23.5,25.25,23.5,24.97,24.98,24.43,32,30702,766223,
533155,"JUBILANT FOODWORKS LTD",A,STK,488.65,493.2,478.3,481.45,483.5,488.55,1660,76074,36747985,
533156,"VASCON ENGINEERS LTD",B,STK,33.5,34.98,33,34.55,34.55,33.06,551,122062,4133407,
533158,"THANGAMAYIL JEWELLERY LTD",A,STK,3636.1,3780,3591.35,3718.85,3724.3,3533.2,1170,6452,23990804,
533160,"VALOR ESTATE LIMITED",A,STK,103,103.9,100.75,103.45,103.6,101.1,763,81081,8283831,
533161,"EMMBI INDUSTRIES LTD",B,STK,83.96,84.78,81.07,83.99,81.65,80.6,94,5499,455306,
533162,"HATHWAY CABLE & DATACOM LTD",B,STK,10.24,10.24,10,10.12,10.12,10.03,484,205505,2074681,
533164,"TEXMO PIPES & PRODUCTS LTD.",B,STK,42,42.81,41.81,42.35,42.35,42.08,10,294,12455,
533166,"SUNDARAM MULTI PAP LTD.",B,STK,1.35,1.43,1.31,1.36,1.36,1.39,113,94953,129327,
533167,"COROMANDEL ENGINEERING COMPANY",XT,STK,72.64,72.64,68.07,70,70,71.65,64,19693,1352056,
533168,"ROSSELL INDIA LTD.",B,STK,45.5,46.5,44.91,46.19,46.5,45.98,33,1175,53383,
533169,"MAN INFRACONSTRUCTION LTD.",A,STK,96.05,99.95,96.05,99.8,99.9,96.9,315,25487,2505625,
533170,"TAMBOLI INDUSTRIES LIMITED",X,STK,147,147,144,144.3,144.1,143.3,5,1778,256809,
533172,"INVESCO India Gold Exchange Tr",E,STK,13712.2,14014,13712.2,13912.5,13912.5,13756,5,13,179149,
533177,"IL&FS TRANSPORTATION NETWORKS",Z,STK,2.23,2.37,2.23,2.37,2.37,2.27,6,2126,4766,
533179,"PERSISTENT SYSTEMS LTD.",A,STK,4867.95,4867.95,4744.95,4822,4830,4781.75,2360,13610,65110744,
533181,"INTRASOFT TECHNOLOGIES LTD.",B,STK,80.82,80.82,67.17,69,70.67,67.35,75,5559,393954,
533192,"KCP SUGAR & INDUSTRIES CORPORA",B,STK,23.65,23.65,22.33,23.02,23.04,22.92,85,7845,178572,
533193,"KIRLOSKAR ELECTRIC COMPANY LTD",B,STK,82.1,84.56,81.42,83.47,84.11,80.6,122,6188,510850,
533202,"SATCHMO HOLDINGS LIMITED",X,STK,3.48,3.55,3.46,3.52,3.52,3.48,64,16918,59350,
533203,"TARAPUR TRANSFORMERS LTD",B,STK,24.52,24.98,23.1,23.46,23.46,24.18,28,1241,29255,
533206,"SJVN LTD",A,STK,69.93,70.58,69.15,69.99,69.99,69,3127,409391,28541935,
533208,"EMAMI PAPER MILLS LTD.",B,STK,77.17,78.39,75.6,75.98,75.6,77.01,80,7985,612800,
533210,"KRITI NUTRIENTS LTD",B,STK,62.55,63.57,61,63.52,63.18,60.71,19,356,22501,
533212,"GKB OPHTHALMICS LTD.",X,STK,53.22,60,52.68,59.09,59.09,53.22,56,6552,373188,
533217,"HINDUSTAN MEDIA VENTURES LTD.",B,STK,60.13,65.8,60.13,61.5,61.5,60.12,30,4183,265922,
533218,"EMAMI REALTY LIMITED",B,STK,60.75,64.7,60.03,60.27,60.03,60.36,22,28330,1758734,
533227,"ASIAN HOTELS (EAST) LTD.",B,STK,167.4,167.4,158.4,158.4,158.4,158,5,72,11662,
533229,"BAJAJ CONSUMER CARE LIMITED",B,STK,373,377.5,370.3,374.35,373.85,372.3,804,17989,6717227,
533230,"HDFC MUTUAL FUND - HDFC GOLD E",E,STK,132.2,137.44,132.2,136.41,136.41,135.59,1930,241928,32986399,
533239,"PRAKASH STEELAGE LTD.",B,STK,4.05,4.22,4.05,4.22,4.22,4.02,31,4170,17575,
533244,"ICICI Prudential Gold ETF",E,STK,139.43,139.43,136.2,136.98,136.98,136.03,2476,191154,26161002,
533248,"GUJARAT PIPAVAV PORT LTD.",A,STK,158.85,162.5,157.15,161.7,161.7,157.75,2526,85098,13621969,
533252,"WELSPUN INVESTMENTS AND COMMER",B,STK,1241,1286.05,1241,1286.05,1286.05,1241,23,372,470827,
533257,"INDOSOLAR LTD.",T,STK,319.4,327.5,316.7,321.55,321.55,315.3,207,62274,19988963,
533259,"Sastasundar Ventures Limited",B,STK,273.9,286,273.9,280,280,272,4,4,1119,
533260,"CP CAPITAL LIMITED",B,STK,90.95,91.31,90,90,90,88.44,5,520,46820,
533262,"RAMKY INFRASTRUCTURE LTD.",B,STK,456.05,462.8,449.95,459.15,457,454.2,287,6294,2866944,
533263,"ORIENT GREEN POWER COMPANY LTD",B,STK,8.99,9.48,8.91,9.41,9.4,8.86,938,449397,4112170,
533267,"CANTABIL RETAIL INDIA LTD.",B,STK,245,248,239.05,247.85,247.9,238.15,108,2758,670854,
533268,"SEA TV NETWORK LTD.",X,STK,4.47,4.47,4.44,4.44,4.44,4.44,3,51,227,
533269,"VA TECH WABAG LTD.",A,STK,1180.1,1210.2,1180.1,1198.9,1196.5,1178.5,471,5881,7021854,
533270,"BEDMUTHA INDUSTRIES LTD.",T,STK,131.8,135,131.8,135,135,138.7,2,11,1453,
533271,"ASHOKA BUILDCON LTD.",A,STK,117.3,120.55,117.1,120.1,120.55,117.25,960,114788,13638704,
533272,"JUPITER WAGONS LIMITED",A,STK,291.3,294.95,277.05,285.95,285.95,287.5,7439,609439,173191080,
533273,"OBEROI REALTY LTD.",A,STK,1490.95,1501,1466.55,1496.4,1501,1468.7,966,3210,4762994,
533274,"PRESTIGE ESTATES PROJECTS LTD.",A,STK,1307.6,1328.25,1300,1307.5,1307.5,1306.65,1487,149712,195777440,
533275,"SHAH METACORP LIMITED",B,STK,4.93,5.01,4.73,4.78,4.77,4.79,347,642357,3091404,
533278,"COAL INDIA LTD.",A,STK,443.4,444.95,433.85,443.4,443.4,437.7,12749,880566,387506796,
533282,"GRAVITA INDIA LTD.",A,STK,1536.2,1536.2,1500.1,1510.55,1509,1497.85,1238,15160,22894301,
533284,"RPP INFRA PROJECTS LTD.",B,STK,69.4,70,68.5,69.82,69.5,68.74,132,6919,478920,
533285,"RDB INFRASTRUCTURE AND POWER L",X,STK,46.76,48.96,44.3,44.6,44.6,46.63,591,218037,10067344,
533286,"MOIL LTD.",A,STK,282.55,287.25,275.15,277,277,280.95,2789,71762,20096375,
533287,"ZEE LEARN LTD.",B,STK,5.6,5.6,5.41,5.51,5.53,5.43,130,25350,139196,
533289,"KESAR TERMINALS & INFRASTRUCTU",X,STK,65,65,64.5,64.78,64.95,60.82,8,217,14101,
533292,"A2Z INFRA ENGINEERING LIMITED",T,STK,16.4,16.5,15.76,16.04,16.02,16.4,34,10163,163980,
533293,"KIRLOSKAR OIL ENGINES LTD.",A,STK,1511.85,1511.85,1420,1434.55,1447.25,1454.4,1466,18209,26177088,
533294,"RAVI KUMAR DISTILLERIES LTD.",B,STK,18.3,19.25,18.01,18.82,18.65,18.55,46,3223,60166,
533295,"PUNJAB & SIND BANK",B,STK,24.06,24.69,24.06,24.55,24.55,23.95,391,101714,2475938,
533296,"FUTURE MARKET NETWORKS LTD.",B,STK,7.9,8.29,7.9,8.04,8.02,8.07,31,1195,9611,
533298,"SURANA SOLAR LTD.",B,STK,20.25,21.93,20.25,21.69,21.63,21.23,107,5869,125933,
533301,"SHEKHAWATI INDUSTRIES LIMITED",B,STK,11.22,12.51,11.22,11.94,11.92,12.38,410,86692,1068700,
533302,"KALYANI INVESTMENT COMPANY LTD",B,STK,4771.5,4779,4739.85,4779,4779,4700.15,16,44,209244,
533303,"BF INVESTMENT LTD.",B,STK,375,390,375,384.75,385,371.4,90,826,314422,
533306,"SUMMIT SECURITIES LTD.",B,STK,1595,1607.8,1572.25,1602.05,1602.05,1588.65,56,188,299357,
533315,"INNOVASSYNTH TECHNOLOGIES (IND",X,STK,68.4,68.4,61,62.21,62.99,61.6,99,14501,903808,
533316,"STEL HOLDINGS LIMITED",B,STK,509.25,523.9,494.2,506.8,504,511.95,107,1757,889044,
533317,"OMKAR SPECIALITY CHEMICALS LTD",Z,STK,4.4,4.59,4.18,4.59,4.59,4.4,8,1738,7552,
533326,"TEXMACO RAIL & ENGINEERING LTD",A,STK,97.8,98.65,94.3,98.15,98.6,95.95,1235,104664,10120182,
533329,"INDIAN TERRAIN FASHIONS LTD.",B,STK,29.75,30.98,29,30.55,30.55,29.48,176,14171,420802,
533333,"FINEOTEX CHEMICAL LTD.",B,STK,21.8,22.71,21.8,22.57,22.45,21.64,567,110349,2464292,
533336,"DHUNSERI INVESTMENTS LTD.",B,STK,850.5,867,840,857.3,867,830.2,10,14,11950,
533339,"ZEN TECHNOLOGIES LTD.",A,STK,1459.9,1459.9,1409,1436.65,1435,1440.2,1426,36687,52504459,
533343,"LOVABLE LINGERIE LTD.",B,STK,69.5,69.5,67.5,67.99,67.99,68.8,18,538,36727,
533344,"PTC INDIA FINANCIAL SERVICES L",B,STK,28,28.51,27.96,28.38,28.33,27.95,228,55310,1564045,
533385,"MOTILAL OSWAL MOST SHARES NASD",E,STK,214.03,225.15,214.03,224.01,224.01,219.52,1459,63353,14177118,
533398,"MUTHOOT FINANCE LTD.",A,STK,3271.8,3307.2,3255,3284.35,3297.2,3236.55,1656,8442,27741849,
533407,"TRUE GREEN BIO ENERGY LIMITED",XT,STK,124.32,137,124.32,136.47,136.47,130.86,373,58759,7474684,
533408,"Aditya Birla Sun Life Mutual F",E,STK,137.25,140.7,137.25,140.18,140.2,139.22,280,7698,1079751,
533427,"VMS INDUSTRIES LTD.",X,STK,23.45,24.69,22.82,23.33,23.55,23.86,453,97040,2271383,
533451,"KARMA ENERGY LTD.",B,STK,38.05,38.05,37.11,37.7,37.29,38,20,651,24434,
533452,"DELPHI WORLD MONEY LIMITED",B,STK,11.3,11.8,11.21,11.34,11.46,11.3,354,121544,1377806,
533470,"RUSHIL DECOR LTD.",B,STK,15.76,16.5,15.71,16.36,16.47,15.86,115,11741,190340,
533477,"ENKEI WHEELS (INDIA) LTD.",X,STK,436,436,426,435.5,436,419.05,20,217,93877,
533482,"KRIDHAN INFRA LIMITED",B,STK,2.85,2.85,2.66,2.77,2.85,2.73,31,5035,13750,
533506,"INVENTURE GROWTH & SECURITIES",B,STK,1.03,1.07,1.02,1.05,1.05,1.05,147,112929,118133,
533519,"L&T Finance Limited",A,STK,269.25,276,269.25,274.25,274.25,266.2,2504,130952,35647202,
533520,"Indiabulls Limited",B,STK,9.78,9.9,9.29,9.77,9.77,9.26,1081,3026841,28726376,
533540,"TREE HOUSE EDUCATION & ACCESSO",T,STK,7.79,8.26,7.79,8.1,8.1,8.2,33,3830,30978,
533543,"BROOKS LABORATORIES LTD.",B,STK,60.04,64.86,60.04,62.9,64.22,58.7,110,23772,1480241,
533552,"RUPA & COMPANY LTD.",B,STK,131.05,133.75,129.1,132.05,133.75,130.55,187,5603,733227,
533553,"T D POWER SYSTEMS LTD.",A,STK,850.05,863.15,810.3,815,815,845.4,5603,141151,117469025,
533570,"AXIS MUTUAL FUND - AXIS GOLD E",E,STK,130.3,134.44,130.3,133.15,132.93,132.32,484,46426,6164699,
533573,"ALEMBIC PHARMACEUTICALS LTD.",A,STK,706.1,719.95,706.1,712.25,717.1,706.4,229,3691,2637774,
533576,"VASWANI INDUSTRIES LTD.",B,STK,55.04,55.39,53.86,54.32,54.32,53.86,27,623,33863,
533581,"PG ELECTROPLAST LTD.",A,STK,529.15,552,517.1,544.45,544.45,522.45,22341,554850,296053213,
533602,"LESHA INDUSTRIES LTD.",X,STK,0.74,0.76,0.73,0.76,0.76,0.73,173,137213,102235,
533605,"SETUBANDHAN INFRASTRUCTURE LIM",Z,STK,0.39,0.41,0.39,0.41,0.41,0.41,12,6663,2619,
533608,"RDB RASAYANS LTD.",X,STK,173,173.85,162.3,167.9,168,166.7,38,1237,210181,
533629,"TIJARIA POLYPIPES LTD.",T,STK,5.04,5.04,4.75,4.84,4.85,4.84,13,1387,6820,
533632,"ONELIFE CAPITAL ADVISORS LTD.",B,STK,15.6,15.6,15.53,15.53,15.53,14.99,2,2,31,
533638,"FLEXITUFF VENTURES INTERNATION",B,STK,7.39,7.54,7.17,7.17,7.17,7.54,38,16619,120274,
533644,"UJAAS ENERGY LIMITED",B,STK,161.05,168.95,161.05,161.9,162.4,169.5,199,4328,704843,
533655,"TRIVENI TURBINE LTD.",A,STK,468.1,470.2,461.4,468.3,469.9,468,539,8412,3921431,
533676,"INDO THAI SECURITIES LTD.",B,STK,260,263.05,257.3,260.95,260.1,259.7,216,14412,3748809,
533704,"ESSAR SHIPPING LTD.",B,STK,25.5,25.94,24.93,25.59,25.5,24.55,69,16048,411832,
533719,"IDBI MUTUAL FUND - IDBI GOLD E",E,STK,142.43,144.8,142.42,143.68,143.5,142.41,185,9938,1427802,
533758,"APL APOLLO TUBES LTD.",A,STK,2149.85,2167.8,2085.45,2099.45,2099.45,2097.45,3007,53366,114630247,
533761,"GPT INFRAPROJECTS LTD.",B,STK,107.7,108.8,106.5,108.25,107.7,105.9,129,5272,566100,
533896,"FERVENT SYNERGIES LTD.",X,STK,19.7,19.7,17.05,18,18,17.36,14,594,11218,
533941,"THOMAS SCOTT (INDIA) LIMITED",B,STK,258.35,266.05,250,252.3,250,257.75,200,2956,762928,
533982,"TERA SOFTWARE LTD.",B,STK,367.9,370.75,348.5,350.95,350.15,361.95,83,740,265672,
534060,"PMC FINCORP LIMITED",X,STK,1.83,1.87,1.78,1.82,1.83,1.81,516,324812,589820,
534063,"FUTURISTIC SOLUTIONS LTD.",X,STK,38,40.8,38,38.31,40.8,41.6,9,87,3314,
534064,"ALLIANCE INTEGRATED METALIKS L",X,STK,1.59,1.65,1.47,1.59,1.59,1.59,332,452100,722544,
534076,"RHI MAGNESITA INDIA LIMITED",A,STK,382.8,390.1,378.95,381.75,381,381.95,365,9014,3458510,
534091,"MULTI COMMODITY EXCHANGE OF IN",A,STK,2610,2623.5,2561.5,2577.5,2577.5,2577.15,11837,167080,432901915,
534139,"SCHNEIDER ELECTRIC INFRASTRUCT",T,STK,899.5,929,899.5,922.75,924,899.5,250,5611,5145848,
534309,"NBCC (India) Limited",A,STK,85.8,87.4,85.01,87.07,87.07,84.6,5385,802142,69188768,
534312,"MT EDUCARE LTD.",T,STK,1.46,1.46,1.46,1.46,1.46,1.45,2,28,40,
534328,"HEXA TRADEX LTD.",B,STK,154.25,164.8,154.25,159.35,164.8,168,8,22,3437,
534338,"Max heights Infrastucture Ltd",X,STK,11.38,11.87,11.1,11.52,11.87,11.38,40,26339,303676,
534369,"TRIBHOVANDAS BHIMJI ZAVERI LTD",B,STK,133.65,136.55,132.1,136.2,135.85,130.2,187,7567,1015890,
534392,"VARDHMAN SPECIAL STEELS LTD.",B,STK,251.95,251.95,238,243.35,243.45,239.2,386,4735,1136873,
534422,"LOOKS HEALTH SERVICES LIMITED",XT,STK,8.81,8.81,8.81,8.81,8.81,8.98,10,321,2828,
534425,"SPECIALITY RESTAURANTS LTD.",B,STK,100.4,102.95,99.5,102.95,102.95,100,38,517,51808,
534532,"LYPSA GEMS & JEWELLERY LTD",B,STK,4.95,5.07,4.9,4.99,5.04,4.93,23,797,3942,
534597,"RATTANINDIA ENTERPRISES LIMITE",A,STK,25.01,27.32,24.72,27.08,27,24.68,1682,571063,15018103,
534598,"Sampann Utpadan India Limited",B,STK,27.21,27.49,26.5,26.95,26.75,27.29,84,919,24794,
534600,"JTL INDUSTRIES LIMITED",B,STK,51.72,52.92,51.72,52.64,52.85,51.51,368,68408,3578671,
534612,"ADVANCE METERING TECHNOLOGY LT",X,STK,15.55,15.6,14.5,14.99,15,15.47,107,19870,295887,
534615,"NORTH EASTERN CARRYING CORPORA",B,STK,14,14.5,14,14.34,14.32,12.85,37,10569,150618,
534618,"WAAREE RENEWABLE TECHNOLOGIES",A,STK,806,815.2,788,798.35,805.9,794.1,1976,42586,34090161,
534623,"JUPITER INFOMEDIA LTD.",X,STK,49.99,51.4,47.17,49.98,48.38,49.87,137,650693,32504408,
534639,"VINAYAK POLYCON INTERNATIONAL",X,STK,21,21.5,21,21,21,21.71,3,101,2146,
534674,"Ducon Infratechnologies Ltd",B,STK,2.98,3.13,2.98,3.11,3.13,2.98,66,20469,62708,
534675,"PROZONE REALTY LIMITED",B,STK,43.77,46.97,43.77,46.12,46.1,43.45,418,23037,1050971,
534680,"SRG HOUSING FINANCE LTD.",B,STK,250.7,252.6,237,243.15,243.25,250.7,18,191,47215,
534691,"COMFORT COMMOTRADE LTD.",X,STK,14.15,14.15,12.56,12.96,12.96,13.73,159,40434,524586,
534732,"CASPIAN CORPORATE SERVICES LIM",X,STK,33.25,34.9,32.6,33.56,33.5,33.25,102,10454,351023,
534733,"Aerpace Industries Limited",XT,STK,22.89,22.99,22.25,22.48,22.31,22.68,208,94683,2132507,
534741,"VIRTUAL GLOBAL EDUCATION LTD.",X,STK,0.49,0.5,0.47,0.48,0.49,0.48,185,379375,181417,
534742,"ZUARI AGRO CHEMICALS LTD.",B,STK,201.2,218,198.8,210.75,210.05,196.65,950,32200,6817203,
534748,"STEEL EXCHANGE INDIA LTD.",B,STK,8.2,8.2,8,8.05,8.05,8.07,190,100635,811710,
534755,"TRIO MERCANTILE & TRADING LTD.",X,STK,1,1.02,1,1.02,1.02,0.97,25,124489,125128,
534758,"CIGNITI TECHNOLOGIES LTD.",A,STK,1150.5,1152.15,1121.8,1124.9,1126,1154.4,186,1021,1157770,
534796,"CDG PETCHEM LIMITED",XT,STK,132.65,132.65,132.65,132.65,132.65,135.35,12,771,102273,
534804,"CARE Ratings Limited",A,STK,1588.8,1623,1588,1619.2,1623,1588.75,220,992,1592749,
534809,"PC JEWELLER LTD.",A,STK,8.87,9.03,8.77,8.8,8.8,8.77,1779,4076851,35939344,
534816,"INDUS TOWERS LIMITED",A,STK,441,447.55,439.1,445.45,444.5,438.45,1600,43137,19178113,
534920,COVIDH,XT,STK,42.69,42.69,42.69,42.69,42.69,41.86,1,180,7684,
534976,"V-MART RETAIL LTD.",A,STK,522.55,526.2,506.7,521.8,521.8,511.8,380,129157,66401160,
535136,"NIBE LIMITED",B,STK,972.05,989,965.45,984.4,989,970.35,139,2087,2035596,
535204,"Mukta Agriculture Limited",X,STK,2.9,2.9,2.9,2.9,2.9,2.9,8,359,1041,
535205,"Mystic Electronics Limited",X,STK,3.01,3.41,3.01,3.2,3.2,3,24,16892,55852,
535267,"COMFORT FINCAP LTD.",X,STK,7.41,7.79,7.4,7.41,7.48,7.4,110,61447,457222,
535276,"SBI MUTUAL FUND - SBI ETF SENS",A,STK,871.97,872.99,861.55,867.62,869.2,860.78,2979,51624,44709940,
535322,"REPCO HOME FINANCE LTD.",B,STK,365.75,368.35,354.95,367.15,367.35,355.9,132,3373,1221290,
535431,"GCM SECURITIES LTD",B,STK,0.67,0.67,0.64,0.66,0.67,0.66,93,47767,31466,
535458,"NRB INDUSTRIAL BEARINGS LTD.",B,STK,32.1,32.87,31.93,31.93,31.93,32.44,51,5151,167673,
535514,"PRIME CAPITAL MARKET LTD.",X,STK,5.74,5.74,5.74,5.74,5.74,6.04,1,1,5,
535566,"KIFS FINANCIAL SERVICES LTD.",X,STK,115,123.5,115,123.45,123.5,112.35,18,607,73506,
535601,"SREELEATHERS LTD.",B,STK,192.25,193.25,187,190.25,190.25,192,19,344,65380,
535602,"SHARDA MOTOR INDUSTRIES LTD",B,STK,825,839.35,810,832.4,831,816.8,420,4781,3936784,
535621,"S V GLOBAL MILL LTD.",X,STK,134.8,136.25,127.95,136.25,136.25,129.8,32,779,102414,
535648,"JUST DIAL LTD.",A,STK,527.5,544,527.5,537.3,537.3,527.45,503,5223,2804875,
535657,"OBJECTONE INFORMATION SYSTEMS",XT,STK,7.69,7.69,7.64,7.64,7.64,7.38,5,24,183,
535693,"BRAHMAPUTRA INFRASTRUCTURE LTD",X,STK,155,155,148,150.25,150.8,153.15,240,16014,2425495,
535719,"AMPVOLTS LIMITED",X,STK,26,27.25,25.9,27.25,27.25,25.96,61,21441,583222,
535730,"KHOOBSURAT LTD",X,STK,0.52,0.55,0.52,0.53,0.55,0.52,207,724639,388191,
535754,"ORIENT CEMENT LTD",A,STK,140,144.25,140,143.55,143.9,139.9,142,10066,1439955,
535755,"Aditya Birla Fashion and Retai",A,STK,61.07,62.03,60.16,61.8,61.87,60.52,1884,1801746,110665188,
535789,"Sammaan Capital Limited",A,STK,144.35,145.8,141.65,145,145,141.9,3020,260908,37501318,
535910,"MONEY MASTERS LEASING & FINANC",B,STK,0.82,0.82,0.72,0.73,0.73,0.79,165,688717,510863,
535916,"ALACRITY SECURITIES LTD",B,STK,57.99,58.75,54.6,56.02,56,55.88,48,4412,249949,
535917,"GCM COMMODITY & DERIVATIVES LT",M,STK,4.64,4.64,4.64,4.64,4.64,4.64,1,6000,27840,
535958,"Integra Essentia Limited",B,STK,1.35,1.43,1.28,1.3,1.3,1.32,714,1226273,1656624,
536073,"JULIEN AGRO INFRATECH LIMITED",X,STK,2.03,2.03,1.95,1.98,1.98,2,197,226484,449377,
536264,"TIGER LOGISTICS (INDIA) LTD",B,STK,28.49,28.49,27.31,28.15,28,27.85,140,7289,204044,
536493,"JK AGRI GENETICS LTD",X,STK,312.05,370,306.1,328.85,328.85,312.4,57,2050,685944,
536507,"FUTURE LIFESTYLE FASHIONS LTD",Z,STK,1.22,1.22,1.18,1.22,1.22,1.21,9,3584,4362,
536565,"NOVELIX PHARMACEUTICALS LIMITE",X,STK,54.8,54.8,50,53.9,53.9,53.1,36,3594,189339,
536659,"PVV Infra Limited",X,STK,4.75,4.79,4.5,4.69,4.69,4.67,677,1029090,4831135,
536672,"VCU DATA MANAGEMENT LTD",X,STK,6.25,6.25,6.19,6.19,6.19,6.15,70,117342,732335,
536709,"IND Renewable Energy Ltd",Z,STK,10.78,11.55,10.61,11.48,11.48,11,56,11963,128976,
536773,"JINDAL POLY INVESTMENT AND FIN",B,STK,1332.1,1480,1332.1,1417.4,1417.4,1317.3,24260,407812,579330546,
536960,"MOTILAL OSWAL MUTUAL FUND - MO",B,STK,61.46,61.88,61.06,61.72,61.86,60.71,218,22145,1360290,
536974,"CAPTAIN POLYPLAST LTD",X,STK,68,69.49,66.33,66.61,67.39,67.99,144,18061,1221315,
537007,"ICICI Prudential Nifty ETF",B,STK,271.16,279,264.25,274.28,275.01,271.03,675,21932,5984648,
537008,"ICICI Prudential Nifty 100 ETF",B,STK,27.34,28.09,27.34,27.69,27.61,27.49,52,1184,32735,
537069,"ARNOLD HOLDINGS LTD",X,STK,11.85,12.8,11.14,11.47,11.5,11.73,125,20811,237886,
537253,"SUNIL HEALTHCARE LTD",X,STK,70,70,65,67.82,67.95,63,11,36,2416,
537259,"SUYOG TELEMATICS LTD",B,STK,713.1,713.1,691.9,698.9,691.9,707.9,105,1938,1356885,
537291,"NATH BIO-GENES (INDIA) LTD",B,STK,142.5,148.45,141.95,148.45,148.45,140.5,36,789,115400,
537292,"AGRI- TECH (INDIA) LTD",T,STK,107.35,109.75,102.2,107.85,107.85,107.35,19,490,52578,
537326,"CHEMTECH INDUSTRIAL VALVES LTD",X,STK,62.11,66.34,60.21,61.71,62,62.17,151,67944,4308016,
537483,"NIPPON INDIA ETF NIFTY 100",B,STK,262.7,264.5,262.01,263.77,263.19,261.42,127,4488,1181941,
537536,"DENIS CHEM LAB LTD",X,STK,70.95,72.99,70.95,72.18,72.18,71.05,28,1790,128630,
537669,"LAXMIPATI ENGINEERING WORKS LI",M,STK,290.05,305.05,290,290.95,290,311.8,13,6500,1899050,
537707,"LADDU GOPAL ONLINE SERVICES LI",XT,STK,0.9,0.92,0.89,0.9,0.9,0.89,115,147851,133530,
537708,"KOTAK MAHINDRA MUTUAL FUND - K",B,STK,271.71,271.71,265.53,267.78,268.44,265.09,107,36658,9808986,
537709,"SHREE HANUMAN SUGAR & INDUSTRI",XT,STK,4.42,4.65,4.3,4.54,4.65,4.43,56,19244,86680,
537750,"KIRAN VYAPAR LTD",X,STK,180,190,176,179,179,174.55,67,7844,1424237,
537766,"B.C. POWER CONTROLS LTD",XT,STK,1.71,1.72,1.67,1.69,1.69,1.66,92,22975,39064,
537785,"RACE ECO CHAIN LIMITED",B,STK,121,121,118,120,120,114,9,17072,2044634,
537800,"MANGALAM INDUSTRIAL FINANCE LT",XT,STK,0.85,0.87,0.81,0.84,0.84,0.85,2189,5427820,4486883,
537820,"VIJI FINANCE LTD",B,STK,2.42,2.43,2.26,2.43,2.43,2.32,102,229817,549250,
537839,"PHOENIX TOWNSHIP LTD",X,STK,97.44,98.99,90.05,91.44,91.44,97.44,53,4413,418315,
537840,"RAUNAQ INTERNATIONAL LIMITED",X,STK,49,49,49,49,49,49,1,1,49,
537985,"INFRONICS SYSTEMS LTD",X,STK,14.75,14.88,13.5,14.48,14.48,14.4,33,2626,37976,
538057,"CPSE ETF",A,STK,102.3,104.22,101.63,102.7,102.7,102.22,1411,765104,78485968,
538081,"HARIA APPARELS LTD",X,STK,5.42,5.95,5.42,5.95,5.95,5.64,11,1824,10178,
538092,"SHRI VASUPRADA PLANTATIONS LIM",X,STK,104,104,104,104,104,103.65,3,13,1352,
538119,"R&B DENIMS LTD",T,STK,125.85,125.85,125.85,125.85,125.85,132.45,22,194,24414,
538212,"SHARP INVESTMENTS LTD",XT,STK,0.37,0.39,0.37,0.39,0.39,0.38,125,102092,39366,
538268,"WONDERLA HOLIDAYS LTD",B,STK,497.8,538.9,497.8,532.85,534,496.2,194,4312,2256703,
538273,"RESPONSE INFORMATICS LTD",X,STK,24,25.45,23.99,25.45,25.45,23.14,26,2352,58752,
538351,"A.F. ENTERPRISES LTD",Z,STK,1.87,1.96,1.86,1.93,1.93,1.94,65,23519,45282,
538365,"INCREDIBLE INDUSTRIES LIMITED",B,STK,33.85,34.8,33,34.8,34.8,31.13,27,9525,321233,
538395,"NAM SECURITIES LTD",X,STK,85.29,85.29,84.84,84.84,84.84,77.55,3,3,255,
538401,"MAESTROS ELECTRONICS & TELECOM",X,STK,137,138.4,132.5,134.45,136,135.95,67,7115,965584,
538422,"JACKSON INVESTMENTS LTD",X,STK,0.45,0.47,0.44,0.44,0.44,0.46,186,217121,97881,
538446,"MONEYBOXX FINANCE LIMITED",B,STK,70.9,70.9,66.77,68.26,68.1,67.72,220,22398,1535798,
538451,"WORTH INVESTMENT & TRADING CO",X,STK,2.65,2.78,2.52,2.73,2.73,2.65,481,787787,2011872,
538464,"THIRANI PROJECTS LTD",X,STK,4.4,4.82,3.95,4.28,4.38,4.05,43,6276,25964,
538465,"AMARNATH SECURITIES LTD",X,STK,11.85,12.37,11.06,11.18,11.06,11.62,36,16987,198409,
538476,"CAPITAL TRADE LINKS LTD",X,STK,16.99,17.45,16.05,16.5,16.05,16.27,61,16442,281565,
538496,"TARINI INTERNATIONAL LTD",M,STK,6.56,6.97,6.55,6.58,6.55,6.34,5,15000,99720,
538520,"SHIVAMSHREE BUSINESSES LIMITED",XT,STK,1.62,1.7,1.62,1.65,1.7,1.62,11,10864,18459,
538521,"YAAN ENTERPRISES LIMITED",X,STK,93,93,87.99,92.67,93,89.2,22,1660,154028,
538539,"ANNVRRIDHHI VENTURES LIMITED",X,STK,9.24,9.24,8.41,8.94,9.14,9.08,155,31802,281712,
538540,"RAMCHANDRA LEASING & FINANCE L",XT,STK,9.8,9.8,9.8,9.8,9.8,10,60,54630,535374,
538546,"BANSAL ROOFING PRODUCTS LTD",B,STK,114.9,116,110.4,113.55,114.95,112.35,110,2657,299889,
538556,"ARMAN HOLDINGS LTD",X,STK,114.25,114.25,114,114.25,114.25,113,3,2502,285228,
538562,"SKIPPER LTD",A,STK,335,343.95,333.3,342.65,343.95,330.5,637,28023,9451672,
538563,"SMT ENGINEERING LIMITED",XT,STK,466.4,466.4,466.4,466.4,466.4,457.3,3,450,209880,
538564,"JAMES WARREN TEA LTD",X,STK,308.5,308.5,296.1,299.95,300,290.5,34,390,118128,
538565,"Vistar Amar Limited",XT,STK,185,189.05,176.1,188.95,189.05,180.05,109,7799,1456641,
538567,"GULF OIL LUBRICANTS INDIA LTD",B,STK,979,1039.55,971.1,1028.15,1028.3,978.15,265,2972,2984585,
538568,"FRUITION VENTURE LTD",X,STK,38.19,38.19,36.1,36.1,36.1,38,3,50,1888,
538569,"TRIVENI ENTERPRISES LTD",X,STK,1.09,1.09,1.09,1.09,1.09,1.09,17,7063,7698,
538596,"CEMANTIC INFRA-TECH LIMITED",XT,STK,5.17,5.54,5.02,5.02,5.02,5.28,22,3933,20320,
538597,"TTI ENTERPRISE LTD",XT,STK,9.63,9.99,9.15,9.21,9.21,9.63,19,12318,114265,
538598,"VISHAL FABRICS LTD",B,STK,21.99,21.99,19.21,19.44,19.44,19.81,489,145419,2869469,
538607,"TOYAM SPORTS LIMITED",X,STK,0.9,0.9,0.85,0.87,0.88,0.88,343,703045,610838,
538609,"GAJANAN SECURITIES SERVICES LT",X,STK,51.3,57.75,51.3,56.43,55.1,51.22,83,8507,478295,
538610,"UNISON METALS LTD",X,STK,0.82,0.94,0.82,0.9,0.9,0.9,510,864043,776027,
538611,"Real Touch Finance Limited",Z,STK,58.8,58.8,53.39,53.39,53.39,56.2,4,106,5682,
538634,"VASUNDHARA RASAYANS LTD",X,STK,114.2,124.4,112,119.2,119.25,114.2,66,1899,223280,
538635,"SNOWMAN LOGISTICS LTD",B,STK,36.2,37.1,35.8,36.12,36.09,36.31,413,542199,19781295,
538646,"QGO FINANCE LIMITED",X,STK,38.66,44.7,38.66,42.39,42,39,32,4391,185973,
538647,"PURSHOTTAM INVESTOFIN LTD",X,STK,33.05,33.05,33.03,33.05,33.05,33.03,7,165181,5459229,
538666,"Sharda Cropchem Limited",A,STK,1016,1036.2,1006.6,1028.2,1026.6,1016.1,3556,21964,22465986,
538668,"Meghna Infracon Infrastructure",B,STK,530,538.8,523,533.45,535,520.8,314,30850,16347361,
538674,"City Online Services Limited",Z,STK,7.54,7.54,7.54,7.54,7.54,7.62,1,1,7,
538683,"NIPPON INDIA ETF SENSEX",A,STK,898.97,900,888.05,894.32,900,886.53,458,16412,14641054,
538685,"SHEMAROO ENTERTAINMENT LIMITED",B,STK,98,98.3,93.55,96.65,96.65,96.95,24,525,50786,
538706,"Ultracab (India) Limited",X,STK,6.78,6.95,6.75,6.82,6.82,6.73,268,97371,665420,
538707,"Rajasthan Cylinders & Containe",X,STK,31.6,31.6,28.53,30.89,30.89,31.68,13,59,1770,
538708,"Econo Trade (India) Limited",X,STK,7.2,7.2,6.54,7.15,7.18,7.22,17,642,4475,
538713,"Atishay Limited",X,STK,204,212,202.05,207.65,208,199.1,169,5842,1210658,
538714,"Sangam Finserv Limited",X,STK,40,40,38.01,39.94,39.95,40,15,464,18337,
538715,"Dhabriya Polywood Limited",X,STK,333,339.9,327,333.35,339.9,326.9,38,801,266643,
538716,"Aryaman Capital Markets Limite",B,STK,418,418,418,418,418,418,1,5,2090,
538730,"PDS LIMITED",B,STK,293.45,294.9,288.45,291.7,292.2,291.4,104,2089,609489,
538732,"Vibrant Global Capital Limited",X,STK,29,32.44,29,32.44,32.44,30.11,51,16654,520450,
538734,"CEINSYS TECH LIMITED",B,STK,885,885,860,870.2,872.85,860.05,1205,16920,14704385,
538742,"PANABYTE TECHNOLOGIES LIMITED",XT,STK,35.45,35.45,33.2,34.1,34.79,34.89,19,1274,43040,
538743,"Mudunuru Limited",XT,STK,13.85,13.85,13.85,13.85,13.85,13.85,5,133,1842,
538770,"Crane Infrastructure Limited",X,STK,14.48,14.48,12.8,14.27,14.27,12.94,17,434,6159,
538772,"Niyogin Fintech Limited",X,STK,34.18,35.7,33.26,33.98,33.98,34.15,376,820126,28615018,
538778,"Kalyan Capitals Limited",X,STK,6.27,6.74,6.27,6.5,6.7,6.29,78,37588,241828,
538787,"Goenka Business & Finance Limi",X,STK,11.1,11.1,10.47,10.93,10.94,10.22,110,19324,208176,
538788,"Gilada Finance & Investments L",X,STK,12.9,12.9,11.61,12,12.53,12.32,47,5998,73138,
538795,"Shree Ajit Pulp And Paper Ltd.",X,STK,266.75,280,254.7,265,265,260,25,618,164080,
538817,"Captain Pipes Limited",B,STK,8.72,9,8.72,8.83,8.85,8.94,451,161141,1428856,
538833,"KAIZEN AGRO INFRABUILD LIMITED",X,STK,9,9.16,8.6,9.13,9.16,8.3,36,21917,199032,
538834,"JMJ Fintech Limited",X,STK,10.88,11.35,10.55,10.87,10.95,10.58,93,20505,222648,
538835,"INTELLECT DESIGN ARENA LIMITED",A,STK,675.75,685.4,674,676.85,676.85,674.85,734,18562,12588132,
538836,"Monte Carlo Fashions Limited",B,STK,516,522,509.25,519.45,522,509.2,102,1196,613352,
538837,"Jeevan Scientific Technology L",X,STK,67.1,68.98,63.3,63.91,63.3,66.63,120,10415,685899,
538838,"Indo Cotspin Limited",X,STK,27,27,26,26.5,26.5,26.98,9,214,5769,
538857,"Scintilla Commercial & Credit",XT,STK,13.02,13.26,13.02,13.26,13.26,13.01,4,340,4471,
538860,"PANAFIC INDUSTRIALS LTD",X,STK,0.8,0.8,0.74,0.74,0.74,0.67,34,12198,9482,
538862,"My Money Securities Ltd.",X,STK,38.17,38.17,34.23,35.2,35.2,37.99,10,202,6970,
538868,"Continental Securities Limited",X,STK,15.11,16.56,15.11,16.32,16.55,15.96,183,56123,890221,
538874,"NEXUS SURGICAL AND MEDICARE LI",X,STK,17.62,18.01,17.62,17.62,17.62,17.6,10,396,7060,
538875,"SELLWIN TRADERS LIMITED",X,STK,6.9,6.97,6.65,6.96,6.96,6.64,485,721410,5003517,
538881,"Galada Finance Limited",X,STK,23,23.12,21.05,21.81,21.16,22.02,13,1168,25194,
538882,"Emerald Finance Limited",X,STK,55.85,56,51.5,52.06,52.06,54.58,710,148878,7907006,
538890,"M. K. Exim (India) Ltd.",X,STK,50.41,54.74,50.41,54.09,54,52.4,91,21141,1116741,
538891,"MAGELLANIC CLOUD LIMITED",B,STK,23.32,24,22.65,23.77,23.77,22.86,757,150663,3503096,
538894,"Octal Credit Capital Ltd.",X,STK,22.88,24.89,22.88,24.87,24.87,22.99,4,40,957,
538895,"Mihika Industries Ltd.",X,STK,13.99,13.99,11.51,11.97,11.97,11.86,15,6313,75763,
538896,"Kanchi Karpooram Ltd.",X,STK,340,340,328.55,332.1,334.5,331.15,36,1373,456224,
538902,"Dhunseri Tea & Industries Ltd",B,STK,126.7,131.95,126.7,131.95,131.95,128,12,164,21479,
538918,"Vani Commercials Limited",X,STK,8.95,8.95,7.8,8,8.08,8.52,106,53705,432461,
538919,"SKYLINE VENTURES INDIA LIMITED",X,STK,22.8,22.8,22.8,22.8,22.8,22.8,1,1,22,
538920,"VINTAGE COFFEE AND BEVERAGES L",B,STK,130,136,130,134.2,135,129.05,436,39543,5248368,
538922,"COSYN Limited",X,STK,20.66,22.5,20.66,22.5,22.5,20.65,17,2601,56820,
538923,"SOFCOM SYSTEMS LIMITED",X,STK,26.75,26.75,23.39,23.84,23.84,25.98,484,238679,5815568,
538926,"Naturite Agro Products Limited",X,STK,215,215,197.3,206.95,213.85,217,5,104,21536,
538928,"Karnavati Finance Limited",X,STK,1.23,1.24,1.19,1.24,1.24,1.19,61,833814,1016944,
538935,"Abhishek Finlease limited",X,STK,42.26,42.26,40.25,40.25,40.25,40.25,3,181,7466,
538942,"Mercantile Ventures Limited",X,STK,22.9,22.91,20.28,21.35,22.4,21.07,58,1974,42111,
538943,"Sonal Mercantile Limited",XT,STK,97.05,97.1,97.05,97.05,97.05,97,4,16,1552,
538952,"Abhinav Leasing & Finance Limi",X,STK,1.13,1.29,1.13,1.2,1.2,1.11,20,19561,23745,
538961,"GENUS PAPER & BOARDS LIMITED",B,STK,11.05,12.38,11.05,11.96,12,11.63,39,11501,136148,
538962,"Minda Corporation Limited",A,STK,519.65,521.05,503.55,506.65,505.5,497.35,628,16069,8205619,
538964,"Mercury Laboratories Limited",X,STK,775.05,775.05,772,772,772,775.05,3,37,28625,
538965,"Concord Drugs Limited",X,STK,76.8,77.2,74.25,76.91,77,74.2,30,2648,202403,
538970,"WARDWIZARD INNOVATIONS AND MOB",X,STK,6.84,7.1,6.61,6.71,6.7,6.82,1340,626072,4310437,
538975,"Shree Securities Ltd.",Z,STK,0.2,0.2,0.19,0.2,0.2,0.2,224,1191218,231096,
538979,"Greenlam Industries Ltd",B,STK,228,229.4,225.1,228.1,229.4,226,29,440,99837,
538987,"TALBROS ENGINEERING LIMITED",X,STK,636,648.95,626.15,636,636,619.45,47,754,479162,
539005,"JAYATMA ENTERPRISES LIMITED",X,STK,15.41,15.41,15.41,15.41,15.41,14.68,1,7,107,
539006,"PTC Industries Ltd.",A,STK,17364.5,17735.6,17364.5,17667.4,17700,17263.9,118,198,3471916,
539011,"CHENNAI FERROUS INDUSTRIES LIM",X,STK,75.5,84.5,75.5,78.23,79.9,82.06,67,1222,96279,
539012,"Megri Soft Limited",X,STK,96.99,96.99,89,95,95,94.69,7,88,7889,
539013,"GITA RENEWABLE ENERGY LIMITED",X,STK,60.11,65.8,60.11,65.46,65.6,62.09,36,874,57151,
539014,"Kalpa Commercial Limited",XT,STK,9.6,9.6,9.6,9.6,9.6,9.79,3,102,979,
539015,"Ortel Communications Limited",Z,STK,1.55,1.62,1.48,1.48,1.48,1.55,10,2403,3722,
539016,"Neil Industries Ltd.",X,STK,6.42,6.89,6.42,6.51,6.51,6.51,15,1426,9313,
539017,"STAR HOUSING FINANCE LIMITED",X,STK,6,6,5.51,5.59,5.59,5.8,358,159555,900788,
539018,"Beekay Steel Industries Ltd.",X,STK,400,400.05,385,388.05,388.05,400.6,82,2094,820777,
539031,"SBI Mutual Fund",A,STK,280.1,281.88,279.6,281.83,281.77,278.79,24,137,38428,
539032,"Fraser And Company Limited",X,STK,10.76,11.08,10.22,10.89,10.89,10.56,96,74368,817713,
539040,"TIRUPATI INNOVAR LIMITED",X,STK,6.04,6.39,6.04,6.19,6.32,6.13,222,54358,339443,
539041,"GANESHA ECOVERSE LIMITED",M,STK,22.52,23.54,22.25,23.51,23.5,22.5,25,136250,3104712,
539042,"AGI Infra Limited",B,STK,309.1,317.75,304.75,306.45,306.45,306.45,860,42284,13177638,
539044,"Manaksia Steels Limited",B,STK,53,56.85,53,56.03,56.02,55.37,27,1181,65418,
539045,"Manaksia Aluminium Company Ltd",T,STK,27.62,28.06,27.16,27.2,27.2,27.62,37,6700,183821,
539046,"Manaksia Coated Metals & Indus",B,STK,117.5,117.65,116.2,117,117,117.25,83,1692,197636,
539056,"IMAGICAAWORLD ENTERTAINMENT LI",B,STK,39.8,42,39.67,41.74,41.93,39.74,922,249549,10305716,
539083,"Inox Wind Limited",A,STK,82.47,83.68,81.44,82.89,82.89,81.84,3638,464336,38309235,
539090,"Rajputana Investment and Finan",X,STK,32.47,32.47,32.47,32.47,32.47,32.47,2,5,162,
539091,"Consecutive Commodities Limite",X,STK,0.79,0.79,0.75,0.78,0.78,0.78,163,151751,117955,
539097,"UR SUGAR INDUSTRIES LIMITED",B,STK,2.44,2.48,2.34,2.41,2.46,2.29,134,247044,595162,
539111,"SHESHADRI INDUSTRIES LIMITED",X,STK,16.25,16.75,16.05,16.05,16.05,16.15,7,338,5512,
539112,"SAB INDUSTRIES LIMITED",X,STK,115.8,115.8,115.8,115.8,115.8,110.3,1,211,24433,
539113,"Paul Merchants Ltd.",X,STK,534.95,534.95,480,489.9,489.9,472.6,61,1546,750930,
539115,"ALAN SCOTT ENTERPRISES LIMITED",X,STK,245.95,245.95,226.75,232.95,234.95,234.5,48,3403,800424,
539117,"Sujala Trading & Holding Ltd.",X,STK,49.95,49.95,47.5,48.68,48.68,49.84,335,193994,9510419,
539118,"VRL Logistics Limited",B,STK,265.6,269.2,262.25,266.35,266,267.25,303,5885,1566299,
539120,"GRAMEVA LIMITED",X,STK,57,59.85,57,57.4,57.4,57,8,179,10521,
539121,"Palco Metals Limited",X,STK,106.95,109,93.55,97.35,96,103.75,149,6109,603112,
539122,"Bodhtree Consulting Limited",XT,STK,18.05,18.05,17.37,17.53,17.53,18.28,49,10591,186523,
539123,"V B INDUSTRIES LIMITED",X,STK,7.2,7.2,6.65,6.67,6.7,6.99,29,2114,14569,
539124,"Survottam Finvest Ltd.",X,STK,18.25,19.98,18,18.46,18,18.94,17,1432,26334,
539126,"MEP Infrastructure Developers",Z,STK,0.96,0.98,0.96,0.96,0.96,0.97,29,61068,58667,
539132,"Wardwizard Foods and Beverages",X,STK,9.1,9.1,8.71,8.97,9.01,8.83,337,608443,5468070,
539141,"UFO Moviez India Limited",B,STK,67.33,68.48,66,67.76,68,66.78,58,1698,112664,
539143,"PANTH INFINITY LIMITED",X,STK,7.06,7.34,7.06,7.11,7.24,7.17,91,78716,564605,
539148,"Shivalik Rasayan Ltd.",B,STK,279.15,287.6,278.85,282.2,282.1,279,47,406,114637,
539149,"Integrated Capital Services Lt",XT,STK,3.49,3.49,3.21,3.21,3.21,3.34,5,616,2141,
539150,"PNC Infratech Limited",A,STK,192.5,196.2,192.45,195.2,196.2,192.4,243,10428,2029320,
539151,"Arfin India Limited",B,STK,80,81.84,79.43,81.27,81.12,78.57,393,30633,2477289,
539167,"Virat Leasing Limited",X,STK,31.6,31.6,31.6,31.6,31.6,30.1,1,20,632,
539174,"Helpage Finlease Ltd.",X,STK,22.21,23.4,21.5,23.4,23.4,23.72,9,122,2702,
539175,"BLUEGOD ENTERTAINMENT LIMITED",XT,STK,3.47,3.57,3.34,3.54,3.56,3.48,310,1208609,4252685,
539176,"Hawa Engineers ltd.",X,STK,80.4,80.4,79.9,79.9,79.9,80.14,6,309,24759,
539177,"Authum Investment & Infrastruc",A,STK,420.95,484.55,412.15,484.55,484.55,403.8,6513,269919,126927032,
539189,"Adhbhut Infrastructure Ltd.",X,STK,13.83,13.83,12.34,13.45,13.47,12.58,20,258,3369,
539195,"POCL ENTERPRISES LTD",X,STK,185.9,187.9,175.95,182.1,182,180,396,45791,8230907,
539196,"Amba Enterprises Ltd.",X,STK,126.6,126.6,120.65,121,122,123.95,77,1795,219533,
539199,"SG FINSERVE LIMITED",B,STK,390,408.5,387.05,404.3,403.15,391.65,609,14080,5593383,
539200,"NOBLE POLYMERS LIMITED",X,STK,1.07,1.07,1.07,1.07,1.07,0.98,4,2596,2777,
539201,"SATIA INDUSTRIES LIMITED",B,STK,61.98,63.01,60.97,61.93,61.7,61.74,169,7950,491818,
539206,"GENOMIC VALLEY BIOTECH LIMITED",X,STK,25,25.12,25,25.12,25.12,25,3,101,2537,
539216,"GARMENT MANTRA LIFESTYLE LIMIT",X,STK,1.85,1.85,1.68,1.71,1.71,1.77,646,1551421,2692141,
539217,"Srestha Finvest Limited",X,STK,0.25,0.26,0.24,0.24,0.24,0.25,617,5072820,1263153,
539218,"Saumya Consultants Ltd.",X,STK,148.65,148.65,148.65,148.65,148.65,142,1,5,743,
539219,"MAURIA UDYOG LIMITED",X,STK,9.45,9.45,9,9.02,9.05,9.03,85,123186,1116884,
539220,"Mishka Exim Limited",X,STK,41,41.1,41,41.09,41.1,40.07,7,20043,822663,
539221,"Sportking India Ltd.",B,STK,107,112.7,107,112.45,112.7,105.7,251,9421,1038823,
539222,"GROWINGTON VENTURES INDIA LIMI",B,STK,0.99,1.04,0.95,0.98,0.98,0.97,883,5622866,5519173,
539224,"HCKK Ventures Limited",XT,STK,30.57,30.72,29.19,30.72,30.72,30.72,13,1792,52935,
539226,"RUDRA GLOBAL INFRA PRODUCTS LI",B,STK,17.85,17.85,16.99,17.01,17.01,16.85,75,5035,86726,
539227,"Loyal Equipments Limited",X,STK,170.15,184.8,170.15,171.95,171.1,168.55,112,4397,773699,
539228,"Gala Global Products Limited",Z,STK,1.19,1.21,1.14,1.18,1.19,1.19,147,116873,135008,
539251,"Balkrishna Paper Mills Ltd.",B,STK,13.5,13.82,12.85,13.12,12.85,12.98,43,3345,44245,
539252,"Shyam Century Ferrous Limited",B,STK,4.74,4.89,4.52,4.78,4.78,4.7,70,19078,89979,
539254,"Adani Energy Solutions Limited",A,STK,995.9,1022.05,981,1013.75,1013.7,980.95,1805,36318,36684112,
539255,"STAR DELTA TRANSFORMERS LIMITE",X,STK,474.8,495,451,466.95,466.95,455.85,132,7071,3343786,
539267,"SAMSRITA LABS LIMITED",X,STK,17.8,18.95,17.8,18.94,18.94,17.84,10,1902,35204,
539268,"Syngene International Limited",A,STK,397,411.4,397,409.85,411.4,398.85,1534,40095,16192544,
539273,"PECOS Hotels And Pubs Limited",M,STK,324,324,324,324,324,323.65,1,500,162000,
539275,"Mangalam Seeds Limited",X,STK,132.3,149,130.15,137.1,139,134.8,35,635,88913,
539276,"Kaya Limited",B,STK,318,318,314.5,317.1,317.35,310,4,13,4121,
539277,"Alstone Textiles (India) Ltd",X,STK,0.14,0.15,0.13,0.14,0.14,0.14,4839,42759577,6069775,
539278,"Symbiox Investment & Trading C",X,STK,1.72,1.83,1.72,1.72,1.72,1.89,37,27000,46505,
539288,"Avi Polymers Ltd.",XT,STK,26.68,26.68,26.67,26.68,26.68,25.41,345,325013,8670405,
539289,"Aurum PropTech Limited",B,STK,167.15,169.2,165.55,167.5,167,164,62,1572,264709,
539290,"Oswal Greentech Limited",B,STK,24.72,26,24.3,25.28,25.15,24.24,207,18229,459174,
539300,"SUNRAKSHAKK INDUSTRIES INDIA L",X,STK,230.5,246.9,230.5,239.5,244,228.4,139,8824,2099801,
539301,"Arvind SmartSpaces Limited",B,STK,540.15,576.6,519.6,532.9,519.8,500.9,11739,355201,198622057,
539302,"Power Mech Projects Limited",A,STK,1944.55,1991.1,1944.55,1982.3,1981.5,1953.7,336,2756,5430470,
539309,"Rama Steel Tubes Limited",B,STK,6.06,6.19,5.9,5.94,5.94,5.93,1241,587828,3523039,
539310,"THINKINK PICTUREZ LIMITED",X,STK,0.18,0.19,0.18,0.19,0.19,0.19,340,2309327,425512,
539312,"UTI BSE Sensex ETF",A,STK,861.1,861.25,853.27,859.27,859.28,856.82,23,474,407353,
539313,"UTI Mutual Fund",B,STK,270,270,266,266.99,267.97,266.11,67,3155,841023,
539314,"Universal Autofoundry Limited",B,STK,54.1,59.9,54.1,57.32,56.8,53.4,59,5462,304378,
539331,"VETO SWITCHGEARS AND CABLES LI",B,STK,101.3,101.3,97.95,100,100,99.05,73,6549,649451,
539332,"Navkar Corporation Limited",B,STK,87.5,92.39,87.5,90.18,90.18,87,297,17729,1595109,
539334,"Shree Pushkar Chemicals & Fert",B,STK,281.45,322.35,281.45,318.45,318.3,299.45,109,2016,627320,
539335,"Callista Industries Limited",XT,STK,197,197.65,178.85,197.5,197.5,188.25,72,5819,1137443,
539336,"Gujarat Gas Limited",A,STK,373.8,380,369.95,375,375,372.65,979,26825,10023606,
539337,"WAAREE TECHNOLOGIES LIMITED",M,STK,147.7,147.7,142,144.65,144,140.5,64,13825,1992690,
539346,"Sadbhav Infrastructure Project",B,STK,3.16,3.22,2.95,3.05,3.05,3.07,172,85299,261513,
539353,"SAL AUTOMOTIVE LIMITED",X,STK,186,187.15,186,187.15,187.15,185.9,3,855,159032,
539354,"Polyspin Exports Ltd.",X,STK,30,30,26.65,29.44,29.47,27.79,27,2353,64694,
539359,"Pritika Auto Industries Limite",B,STK,13.9,13.9,12.27,12.8,12.87,12.2,53,5153,65116,
539378,"Soni Medicare Limited",X,STK,55.79,55.79,55.75,55.75,55.75,53.14,3,101,5634,
539383,"Mahaveer Infoway Limited",Z,STK,8.87,8.87,8.03,8.5,8.5,8.45,15,2923,24627,
539391,"Acme Resources Limited",Z,STK,30.5,30.81,28.98,29.21,29.2,30.5,14,1217,35723,
539398,"Vishal Bearings Limited",B,STK,54,55.49,52.01,54.49,54.45,54.79,24,388,21035,
539399,"Bella Casa Fashion & Retail Li",B,STK,267.35,269.65,260.25,264.05,263.95,255.55,187,8830,2346000,
539400,"MALLCOM (INDIA) LTD.",B,STK,1065,1089.65,1064.6,1084.7,1084.7,1045,16,204,218936,
539402,"Naksh Precious Metals Limited",B,STK,4.57,4.86,4.57,4.85,4.85,4.57,9,5731,27709,
539404,"SATIN CREDITCARE NETWORK LIMIT",B,STK,145.25,149,145.25,148.3,147.75,146.6,68,2215,326932,
539405,"Decorous Investment and Tradin",X,STK,15.81,16.6,15.05,15.05,15.05,15.81,14,4247,69114,
539406,"Swagatam Trading & Services Li",X,STK,57.43,57.43,51.97,52.02,52.02,54.7,30,7211,375972,
539407,"Generic Engineering Constructi",B,STK,43.92,43.92,43.25,43.28,43.25,43.3,10,1088,47403,
539408,"Kuber Udyog Limited",X,STK,13.72,13.72,13.72,13.72,13.72,13.72,2,12,164,
539409,"NEERAJ PAPER MARKETING LIMITED",X,STK,16,16,16,16,16,16.78,1,1,16,
539428,"Tejnaksh Healthcare Limited",X,STK,13.68,13.68,12.7,13,13.39,12.93,42,14841,190815,
539435,"Richfield Financial Services L",X,STK,31.27,31.27,29.43,29.43,29.43,30.97,8,242,7170,
539436,"Coffee Day Enterprises Limited",B,STK,26.95,27.16,26.38,26.73,26.73,26.38,613,107541,2870268,
539437,"IDFC FIRST BANK LIMITED",A,STK,66.09,67.6,65.53,67.29,67.29,66.76,26189,4024123,268449951,
539448,"InterGlobe Aviation Limited",A,STK,4419.95,4475.25,4343.5,4382.45,4382.45,4236,10579,132719,583187663,
539449,"IGC Industries Limited",X,STK,2.24,2.24,1.93,2.04,2.03,2.07,128,78229,158918,
539450,"S H Kelkar and Company Limited",B,STK,131.05,134.25,129.55,133,132.85,129.9,504,41028,5417627,
539455,"ARYAVAN ENTERPRISE LIMITED",X,STK,54,54,51.15,53.52,53.7,52.15,71,48606,2564809,
539468,"Typhoon Financial Services Lim",X,STK,44.95,46,41.66,46,46,43.85,17,2019,91847,
539469,"PANORAMA STUDIOS INTERNATIONAL",B,STK,41,43,41,42.97,42.97,42.05,65,11111,471027,
539470,"Shree Ganesh Biotech (India) L",X,STK,0.6,0.6,0.58,0.59,0.59,0.6,359,386916,229262,
539479,"GTV Engineering Limited",X,STK,60.3,60.3,58,58.65,58.65,58.38,162,73888,4379337,
539487,"LIC MF EXCHNG TRADED FUND-SENS",A,STK,880.38,880.38,880.38,880.38,880.38,872.21,1,25,22009,
539492,"Garbi Finvest Limited",X,STK,12.25,12.47,11.7,11.8,11.8,12.03,33,4628,54824,
539494,"Smart Finsec Limited",X,STK,7.41,7.77,6.7,7.1,7.1,7.55,143,18908,136249,
539506,"Adcon Capital Services Limited",X,STK,0.44,0.46,0.43,0.46,0.46,0.44,310,940712,425271,
539515,"Quint Digital Limited",X,STK,42,42,38.7,39.36,38.8,42.61,52,3626,145857,
539516,"HDFC Mutual Fund",B,STK,276.34,276.34,270,272.12,272.48,269.6,221,5783,1568212,
539517,"HDFC Mutual Fund",A,STK,88,88.43,87.84,88.27,88.43,87.67,111,10379,913349,
539518,"Uday Jewellery Industries Limi",X,STK,123.2,132.9,121.5,130.75,132.8,123.2,45,2420,310096,
539519,"SATTVA SUKUN LIFECARE LIMITED",X,STK,0.73,0.74,0.72,0.72,0.74,0.71,129,302499,219345,
539522,"Grovy India Limited",X,STK,40.5,41.31,36.5,36.6,36.6,38.02,33,872,33687,
539523,"Alkem Laboratories Limited",A,STK,5461,5656,5461,5619.05,5619.05,5460.2,853,106335,598057426,
539524,"Dr. Lal Pathlabs Limited",A,STK,1374.95,1390,1365.8,1377.2,1382,1364,560,4216,5820125,
539526,"Suncare Traders Limited",X,STK,0.63,0.63,0.57,0.6,0.59,0.59,247,188531,113439,
539527,"Creative Castings Limited",X,STK,550,550,548.8,548.8,548.8,550.45,3,5,2745,
539528,"AAYUSH WELLNESS LIMITED",XT,STK,34.34,34.34,34.34,34.34,34.34,32.71,127,45995,1579468,
539533,"ELITECON INTERNATIONAL LIMITED",B,STK,49.77,52.25,49.77,52.23,52.23,49.77,4786,1187267,61916508,
539542,"LUX Industries Limited",B,STK,877.2,902.55,876,878.85,885.7,864.25,49,726,640326,
539544,"Abhishek Infraventures Limited",X,STK,6.82,7.16,6.82,7.16,7.16,6.82,4,2473,17369,
539545,"Apoorva Leasing Finance & Inve",X,STK,34.36,37.9,34.36,36.13,37.9,36.16,8,441,15170,
539546,"AGRIBIO SPIRITS LIMITED",X,STK,261.95,270,260,262.2,260.25,257.05,55,18055,4762563,
539551,"Narayana Hrudayalaya Limited",A,STK,1784.15,1784.15,1740.85,1750,1754.9,1757.1,1440,9321,16399421,
539552,"F MEC INTERNATIONAL FINANCIAL",X,STK,73,73,63.5,65.87,65.87,68.74,166,18748,1247121,
539559,"Deep Diamond India Limited",X,STK,2.61,2.79,2.61,2.79,2.79,2.66,1825,4089256,11279153,
539561,"SUPHA PHARMACHEM LIMITED",X,STK,0.41,0.43,0.4,0.43,0.43,0.41,1421,17264073,7277916,
539562,"AARNAV FASHIONS LIMITED",B,STK,24.98,24.99,23.6,24.36,24.4,24.04,79,3486,84832,
539574,"Sunshine Capital Ltd.",X,STK,0.21,0.22,0.21,0.21,0.21,0.21,1974,12446332,2659287,
539584,"SHARANAM INFRAPROJECT AND TRAD",Z,STK,0.23,0.24,0.22,0.22,0.23,0.23,502,9113001,2070789,
539593,"Shivansh Finserv Limited",X,STK,7.5,7.72,6.35,6.73,6.89,7.05,69,28566,190558,
539594,"Mishtann Foods Limited",X,STK,4,4.35,3.94,4.03,4.03,3.97,1895,1216610,4913630,
539598,"CREDENT GLOBAL FINANCE LIMITED",X,STK,32,32,30.12,30.53,30.3,29.98,77,5862,181105,
539599,"Kotia Enterprises Limited",X,STK,26.57,26.57,26.57,26.57,26.57,25.31,1,1,26,
539607,"Blue Cloud Softech Solutions L",B,STK,19.99,20.25,19.76,19.98,19.98,19.54,1923,895564,17912920,
539620,"KANORIA ENERGY & INFRASTRUCTUR",X,STK,14.5,14.97,13.46,13.9,14.11,14.18,60,9040,127683,
539621,"BCL Enterprises Limited",X,STK,0.49,0.5,0.48,0.5,0.5,0.48,49,43751,21662,
539636,"Precision Camshafts Limited",B,STK,127.65,128.5,125.1,127.8,128.1,123.75,181,7014,886180,
539658,"TeamLease Services Limited",B,STK,1105.05,1132.7,1105.05,1128.45,1129,1103.85,200,1165,1305169,
539659,"VIKRAM KAMATS HOSPITALITY LIMI",B,STK,47.02,50.3,47.02,50,50,48,18,814,40558,
539660,"BEST AGROLIFE LIMITED",T,STK,16.3,16.85,15.65,15.96,15.96,16.43,410,153760,2474630,
539661,"ACE MEN ENGG WORKS LIMITED",X,STK,100,102.75,100,102.75,102.75,100.8,2,2,202,
539662,"BFL Asset Finvest Limited",X,STK,9.15,9.48,8.72,8.96,8.96,9.11,152,20329,183354,
539669,"RGF Capital Markets Limited",XT,STK,0.96,0.96,0.96,0.96,0.96,0.95,16,12887,12371,
539673,"Radhagobind Commercial Limited",Z,STK,4.07,4.07,4.07,4.07,4.07,3.88,18,14767,60101,
539678,"Quick Heal Technologies Limite",B,STK,154.25,157.65,152.2,156.35,157.15,151.45,236,7168,1106856,
539679,"Kapil Raj Finance Ltd.",X,STK,2.12,2.34,2,2,2,2.22,423,1040235,2132038,
539682,"Mobavenue AI Tech Limited",T,STK,1185,1233,1160,1217.5,1217.5,1177.3,72,1105,1332203,
539686,"K.P. Energy Limited",B,STK,247.5,270.9,247.5,268.9,270.9,247.1,820,58427,15289617,
539692,"INTERACTIVE FINANCIAL SERVICES",X,STK,13.3,15.25,13.3,14.42,14.42,13.25,34,9147,123379,
539697,"HILIKS TECHNOLOGIES LIMITED",XT,STK,42,43.9,42,43.85,43.85,42.33,17,6888,289606,
539724,"HYPERSOFT TECHNOLOGIES LIMITED",XT,STK,96.4,96.57,92.02,96.57,96.57,91.98,101,16972,1630208,
539725,"Gokul Agro Resources Ltd",B,STK,163,163.85,160.5,163.05,163.05,160.95,349,23967,3888760,
539730,"Fredun Pharmaceuticals Limited",X,STK,1643,1840,1600,1690.95,1690.95,1577.6,806,13708,23372526,
539742,"Simbhaoli Sugars Ltd",Z,STK,8.02,8.4,8.02,8.38,8.38,8.1,28,3675,29914,
539760,"Relicab Cable Manufacturing Li",B,STK,34.8,34.8,32.26,33.23,33.25,33.95,50,3704,120837,
539761,"Vantage Knowledge Academy Limi",X,STK,0.97,0.97,0.91,0.92,0.92,0.95,622,1163841,1068059,
539762,"MODERN ENGINEERING AND PROJECT",X,STK,31.55,34.48,31.05,33.61,33.95,32.49,50,20344,662418,
539767,"Mega Nirman & Industries Limit",XT,STK,41.15,41.17,40.31,41.13,41.13,41.17,11,551,22581,
539770,"DARJEELING INDUSTRIIES LIMITED",X,STK,25.74,25.74,25.74,25.74,25.74,24.52,4,873,22471,
539773,"Advik Capital Limited",X,STK,1.65,1.7,1.56,1.64,1.64,1.69,512,1394103,2285959,
539784,"LIC MF EXHNGE TRADED FUND NIFT",B,STK,270.81,270.81,270.81,270.81,270.81,267.91,1,29,7853,
539785,"Pudumjee Paper Products Limite",B,STK,77.99,77.99,76,76.25,76.2,75.36,55,1998,152868,
539787,"HealthCare Global Enterprises",A,STK,561,582.85,560.25,576.8,576.8,561.05,158,1490,856910,
539798,"Umiya Tubes Limited",X,STK,31.25,32.9,31.25,32.61,32.74,32.66,17,3868,126489,
539799,"Bharat Wire Ropes Limited",B,STK,157.7,164.75,156.85,163.75,164.75,157.7,121,5939,963646,
539800,"CHD Chemicals Limited",X,STK,5.4,5.4,5.01,5.01,5.01,5.1,4,540,2711,
539807,"AvenuesAI Limited",A,STK,15.04,15.4,14.75,15.12,15.18,14.96,1756,659981,9898022,
539814,"LE LAVOIR LIMITED",X,STK,214,214,194.75,206.6,208.95,205,69,6159,1209878,
539834,"Balgopal Commercial limited",X,STK,173,173,165,165.5,165.5,173,11,1660,275792,
539835,"Superior Finlease Limited",X,STK,1.74,1.74,1.73,1.73,1.73,1.74,22,3656,6350,
539837,"RAGHAV PRODUCTIVITY ENHANCERS",B,STK,670,699.65,665,698.55,699.65,668.95,141,1337,920075,
539841,"Lancer Container Lines Limited",X,STK,9.15,9.48,9.1,9.16,9.16,9.15,744,403669,3702227,
539843,"NINtec Systems Limited",B,STK,297.25,338,293.3,327.2,338,293,47,243,73989,
539854,"Halder Venture Limited",B,STK,262.45,262.45,262.45,262.45,262.45,262.45,1,1,262,
539871,"Thyrocare Technologies Limited",B,STK,376.3,379.95,369,374.35,374,375.25,372,6237,2323417,
539872,"Bajaj Healthcare Limited",B,STK,318.9,319.1,313,314.2,313.4,315.35,266,5453,1718403,
539875,"RSD Finance Limited",X,STK,81,85.98,81,83.14,85.98,85.6,25,466,38366,
539876,"Crompton Greaves Consumer Elec",A,STK,241.85,247.2,241.85,245.35,245.25,241.25,1336,44410,10878559,
539883,"Pilani Investment And Industri",B,STK,4470.8,4524.4,4454,4500,4500,4470.75,27,85,380829,
539884,"Darshan Orna Limited",X,STK,2.46,2.54,2.46,2.48,2.51,2.49,63,23726,59287,
539889,"Parag Milk Foods Limited",B,STK,200,201.65,195.2,201.25,201.65,195.85,498,18591,3699639,
539894,"Madhav Infra Projects Limited",X,STK,7.44,8.05,7.44,7.92,7.92,7.44,423,247190,1958491,
539895,"SPICE LOUNGE FOOD WORKS LIMITE",X,STK,29.94,30.16,28.65,30.12,30.16,28.73,227,80823,2435502,
539900,"DALMIA INDUSTRIAL DEVELOPMENT",XT,STK,8.9,8.9,8.86,8.86,8.86,8.79,5,6020,53577,
539911,"Svarnim Trade Udyog Limited",X,STK,12.71,12.71,12.71,12.71,12.71,12.11,11,635,8070,
539917,"NAGARJUNA FERTILIZERS AND CHEM",B,STK,4.28,4.6,4.07,4.33,4.33,4.11,325,122504,531326,
539921,"Shanti Educational Initiatives",X,STK,175,194.4,174.05,185.55,185.55,171.65,2172,1314779,244718825,
539922,"Rotographics (India) Limited",XT,STK,126.8,126.8,114.8,120.8,114.8,120.8,6,279,35353,
539927,"LIKHAMI CONSULTING LIMITED",XT,STK,381,400,381,396,396,381.15,5,35,13737,
539938,"Medico Intercontinental Limite",X,STK,33.96,33.96,32,33.04,33.21,32.35,15,298,9867,
539939,"Yash Chemex Limited",X,STK,61.01,66,60.5,65.08,65.38,59.2,48,2594,164570,
539945,"ICICI Prudential NV20 ETF",B,STK,14.4,14.4,14.08,14.26,14.23,14.12,211,37041,525444,
539946,"Bazel International Limited",X,STK,19,20.24,18.8,20.24,20.24,19.28,84,24076,460443,
539956,"TAAL TECH LIMITED",X,STK,2873,2879,2800,2805,2800.1,2834.4,67,925,2604021,
539957,"Mahanagar Gas Limited",A,STK,1058.05,1058.05,1038,1043.95,1045.7,1042.45,1150,13594,14190423,
539963,"Zeal Aqua Limited",XT,STK,11.77,12.4,11.53,12.39,12.4,11.81,329,206815,2552138,
539978,"Quess Corp Limited",A,STK,186.05,189.85,185.8,189.45,189.3,184.8,225,5060,951805,
539979,"DIGJAM LIMITED",B,STK,42,42.73,39.3,40.75,40.75,40.02,193,1183,48424,
539980,"ICICI Prudential BSE Midcap Se",B,STK,16.29,17.02,16.29,16.98,16.99,16.71,46,14116,236859,
539984,"HINDUSTHAN URBAN INFRASTRUCTUR",X,STK,2448,2547,2250,2382.15,2382.15,2336.85,288,2652,6471941,
539985,"Titaanium Ten Enterprise Limit",M,STK,25.25,25.25,25.25,25.25,25.25,26.57,5,6000,151500,
539986,"Commercial Syn Bags Limited",B,STK,153.5,155.5,152.7,155,155,153.5,70,25747,3970469,
539991,"CONFIDENCE FUTURISTIC ENERGETE",X,STK,31.98,31.98,30.27,30.48,30.27,30.29,40,21532,667180,
539992,"LLOYDS ENGINEERING WORKS LIMIT",A,STK,44.74,45.16,43.77,44.89,45,43.61,991,296959,13226536,
539997,"Kwality Pharmaceuticals Limite",B,STK,1540,1579.9,1501,1559.7,1559.7,1492.95,2485,38653,59538015,
540005,"LTIMindtree Limited",A,STK,4321.55,4398.55,4277.7,4322.65,4318.8,4317.9,1371,4965,21386780,
540006,"EAST WEST FREIGHT CARRIERS LTD",X,STK,3.05,3.14,2.83,2.88,2.9,2.96,184,82296,241900,
540008,"Aditya Birla Sun Life BSE Sens",A,STK,78.09,78.42,76.84,77.86,77.86,78.09,15,69,5375,
540023,"COLORCHIPS NEW MEDIA LIMITED",XT,STK,12.9,13.39,12.64,12.98,13,12.9,27,5722,73172,
540025,"Advanced Enzyme Technologies L",B,STK,292.1,300,291.05,292.25,292.25,292,280,6143,1810380,
540026,"Ladam Affortable Housing Limit",X,STK,7,7.44,6.3,6.7,6.7,7,13,1275,8917,
540047,"Dilip Buildcon Limited",A,STK,439.9,461.65,437.85,458.65,458.2,438.5,459,9320,4190325,
540048,"S.P. Apparels Limited",B,STK,667,700,667,688.7,700,664.85,105,958,651203,
540061,"Bigbloc Construction Limited",B,STK,50.52,51.45,49.67,50.36,51.1,49.13,45,5218,264157,
540062,"Golden Crest Education & Servi",X,STK,258.65,271,258.5,271,271,258.65,8,31,8152,
540065,"RBL Bank Limited",A,STK,301,309.55,299.1,309.1,309.3,297.85,1402,97505,29657439,
540066,"AMS POLYMERS LIMITED",XT,STK,34.51,34.51,34.51,34.51,34.51,32.87,3,1065,36753,
540073,"BLS International Services Ltd",A,STK,249.75,254.7,247.85,252.85,252.85,246.45,1602,102547,25708734,
540078,"Mitsu Chem Plast Limited",X,STK,93.3,96.5,92.85,95.15,95.05,92.9,86,14473,1355803,
540079,"Sprayking Limited",B,STK,1.45,1.51,1.45,1.5,1.51,1.46,181,151258,225615,
540080,"Dhatre Udyog Limited",X,STK,4.54,4.64,4.05,4.38,4.4,4.52,227,108629,472435,
540081,"Sab Events & Governance Now Me",T,STK,15.09,15.09,15.09,15.09,15.09,15.39,2,3,45,
540082,"Riddhi Steel and Tube Limited",MT,STK,248.9,248.9,248.9,248.9,248.9,262,1,2250,560025,
540083,"TV VISION LIMITED",T,STK,5.67,5.9,5.51,5.87,5.85,5.67,12,1018,5897,
540097,"GAMCO LIMITED",X,STK,38.65,39.5,37.1,38.92,38.72,36.64,176,242743,9426855,
540108,"TIAAN CONSUMER LIMITED",Z,STK,6.44,6.44,6.44,6.44,6.44,6.5,1,1,6,
540115,"L&T Technology Services Limite",A,STK,3178,3178,3098.2,3148.15,3162,3116.7,2703,8452,26453993,
540124,"G N A Axles Limited",B,STK,429.9,444.4,425,427.95,427.95,429,581,7001,3050965,
540125,"Radhika Jeweltech Limited",B,STK,57.45,63.5,57.45,62.6,62.99,58.62,283,20805,1258454,
540132,"Sabrimala Industries India Lim",X,STK,14,14,13,13.78,13.78,13.8,8,226,3107,
540133,"ICICI Prudential Life Insuranc",A,STK,619.9,619.9,600,601.7,601.75,600.9,1320,16444,9914481,
540134,"ISHAAN INFRASTRUCTURE AND SHEL",XT,STK,9.25,9.26,9.25,9.26,9.26,9.15,4,640,5920,
540135,"ARC Finance Limited",X,STK,0.56,0.56,0.54,0.55,0.55,0.55,762,993430,550393,
540136,"HPL Electric & Power Limited",B,STK,317.75,322.95,311.9,319.5,322.5,306.2,376,7082,2232380,
540143,"Sagarsoft (India) Limited",X,STK,80,80,80,80,80,78.95,8,307,24560,
540145,"Valiant Organics Limited",B,STK,209.95,218.35,209.5,217.45,217.75,209.2,140,940,202691,
540146,"ADITYA CONSUMER MARKETING LIMI",M,STK,33.2,33.2,33.2,33.2,33.2,33.2,1,1000,33200,
540147,"Shashijit Infraprojects Limite",X,STK,3.16,3.16,2.86,3.12,3.12,3.1,22,7575,23398,
540153,"Endurance Technologies Limited",A,STK,2420.8,2487,2415,2473.05,2468.35,2420,348,1499,3671675,
540159,"PURPLE AGROTECH INDUSTRIES LIM",X,STK,5.18,5.18,5.18,5.18,5.18,5.01,2,102,528,
540168,"Supra Pacific Financial Servic",X,STK,27.9,27.9,26.15,26.69,26.69,27.02,237,61358,1628712,
540173,"PNB Housing Finance Limited",A,STK,760.05,795,760.05,790.45,790.45,755.1,1361,14476,11315597,
540174,"SOUTHERN INFOCONSULTANTS LIMIT",X,STK,21.57,21.57,21.56,21.57,21.57,21.56,5,206,4441,
540175,"REGENCY FINCORP LIMITED",X,STK,29,29.45,26.7,27.69,27.8,28.11,221,763434,21623644,
540180,"Varun Beverages Limited",A,STK,445,445,434.35,436.6,439,437.4,2048,100611,44070666,
540189,"Unipro Technologies Limited",XT,STK,23.9,23.9,23.9,23.9,23.9,23.44,3,124,2963,
540190,"Franklin Industries Limited",X,STK,0.38,0.38,0.37,0.37,0.37,0.38,853,2353132,880968,
540192,"LKP Securities Limited",X,STK,14.24,14.25,13.88,14.12,14.03,13.79,85,6773,95098,
540198,"OSIAJEE TEXFAB LIMITED",X,STK,425,435.8,425,430.8,430.8,428.9,177,41938,18054515,
540199,"Corporate Merchant Bankers Lim",X,STK,52.9,58,52.9,56.37,56.94,55.37,31,402,22714,
540203,"Sheela Foam Limited",A,STK,506.4,525.75,505,518.55,520,506.3,155,3946,2026945,
540204,"EIKO LIFESCIENCES LIMITED",X,STK,51.1,52.99,51,51.92,51.94,49.01,147,23912,1235344,
540205,"Aditya Vision Limited",A,STK,460.3,464.15,442,462.5,460.6,460.2,1655,18936,8600661,
540210,"Heads UP Ventures Limited",B,STK,7.64,7.88,6.76,6.94,6.95,7.25,83,18886,136495,
540212,"TCI Express Limited",B,STK,522.8,522.8,512.15,514.85,512.55,515.05,82,614,316680,
540222,"Laurus Labs Limited",A,STK,1022.8,1050.2,1021.15,1037.3,1041,1020.9,3503,53408,55522511,
540243,"NEW LIGHT INDUSTRIES LIMITED",X,STK,1.39,1.4,1.33,1.36,1.36,1.31,143,173416,239893,
540252,"Viram Suvarn Limited",B,STK,9.09,9.49,8.75,8.96,8.99,9.05,325,118919,1082922,
540254,"MARG TECHNO PROJECTS LIMITED",X,STK,27.7,32.45,26.53,27,27,27.88,46,3651,100959,
540259,"SHANGAR DECOR LIMITED",X,STK,0.25,0.26,0.24,0.24,0.24,0.25,272,3510851,879885,
540266,"Globe Commercials Limited",X,STK,16.45,16.45,15.5,15.92,15.94,15.97,118,12396,195262,
540267,"Flora Corporation Limited",X,STK,7.01,7.01,7.01,7.01,7.01,7.1,3,33084,231918,
540268,"TruCap Finance Limited",B,STK,6.58,6.6,6.53,6.6,6.55,6.52,7,49716,328097,
540269,"SUPER FINE KNITTERS LIMITED",MT,STK,9.6,9.6,9.6,9.6,9.6,9.95,3,60000,576000,
540293,"Pricol Limited",A,STK,548.55,563.75,547.05,561.2,562.9,544.15,602,13050,7222894,
540310,"Classic Filaments Limited",XT,STK,44.66,44.66,44.66,44.66,44.66,44.66,2,500,22330,
540311,"JITF INFRALOGISTICS LIMITED",T,STK,345.75,345.75,330,337.8,342,337.75,30,1051,355695,
540358,"RMC SWITCHGEARS LIMITED",M,STK,377.05,410,377.05,404.35,404,367.1,110,18750,7442575,
540359,"Parmax Pharma Limited",X,STK,28,30.89,28,29.9,29.9,28.52,7,252,7515,
540360,"LEADING LEASING FINANCE AND IN",X,STK,2.3,2.38,2.26,2.32,2.32,2.27,2078,2149384,5009933,
540361,"DANUBE INDUSTRIES LIMITED",X,STK,4.3,4.3,4.13,4.25,4.25,4.23,44,7612,32174,
540366,"Music Broadcast Limited",B,STK,5.95,6.06,5.5,5.7,5.84,5.95,113,40712,232172,
540376,"Avenue Supermarts Limited",A,STK,3999.1,4000,3919.7,3950.1,3950.1,3965.7,1746,9019,35616399,
540377,"IFL ENTERPRISES LIMITED",B,STK,0.37,0.39,0.37,0.39,0.39,0.37,855,4864822,1841345,
540386,"Ontic Finserve Limited",X,STK,1.52,1.54,1.4,1.4,1.4,1.47,182,954042,1344304,
540393,"Sarthak Metals Limited",B,STK,71.01,71.01,68,69.26,69.2,67.7,30,1107,75720,
540395,"Chemcrux Enterprises Limited",B,STK,87.5,90.5,84,88.63,87.65,88.18,333,8380,727209,
540396,"Manomay Tex India Limited",B,STK,233,233,212.3,218.75,216,217,46,6020,1314516,
540401,"Maximus International Limited",X,STK,9.05,9.4,8.75,9.11,9.2,9.05,123,19739,177381,
540403,"CL Educate Limited",B,STK,50.65,51.55,48.5,51.4,50.94,49.19,109,7043,353423,
540404,"PRIME FRESH LIMITED",B,STK,253.85,254.9,223,237.2,237.2,246.9,635,67636,16662260,
540405,"Oceanic Foods Limited",X,STK,60.57,62,59.01,62,62,60.63,3,13,788,
540425,"Shankara Building Products Lim",B,STK,103,105.85,103,104,105.85,101.35,82,1966,204384,
540455,"Escorp Asset Management Limite",B,STK,102,114.9,100,101.85,109.4,100.1,23,368,38307,
540481,"Classic Leasing & Finance Ltd.",X,STK,53,53,48.07,52.42,52.71,50.59,11,85,4388,
540492,"STARLINEPS ENTERPRISES LIMITED",T,STK,12.73,12.73,12.25,12.25,12.25,12.49,1139,3300738,41357832,
540497,"S Chand And Company Limited",B,STK,149.95,155.35,146.25,151.6,155.35,148.55,54,1326,197779,
540515,"KANUNGO FINANCIERS LIMITED",XT,STK,12.77,12.77,12.77,12.77,12.77,13.44,3,201,2566,
540519,"Meera Industries Limited",B,STK,33.35,34,32.02,32.6,32.6,31.85,160,16900,557173,
540526,"IRB InvIT Fund",IF,STK,60.79,60.79,60.27,60.39,60.27,60.42,1401,66205,4004825,
540530,"Housing &Urban Development Cor",A,STK,175.2,180.45,174.9,179.75,179.75,174.2,3629,273135,48519002,
540544,"PSP Projects Limited",B,STK,685.55,700,685.55,691.1,691.05,684.65,87,2063,1430892,
540545,"Bhakti Gems And Jewellery Limi",XT,STK,37.98,38.95,37.98,38.05,38.05,37.98,87,81580,3165642,
540565,"IndiGrid Infrastructure Trust",IF,STK,165.88,166.06,164.72,165.14,165.6,165.17,441,10695,1769469,
540570,"VARIMAN GLOBAL ENTERPRISES LIM",X,STK,4.46,4.46,4.21,4.25,4.23,4.37,169,95878,409888,
540575,"Star Cement Limited",A,STK,198.8,201.2,198,200,200,198.5,370,16472,3287700,
540590,"Riddhi Corporate Services Limi",X,STK,60.7,60.7,60.5,60.7,60.7,60.7,8,266,16141,
540595,"Tejas Networks Limited",A,STK,443.45,468.85,439,465.15,465.15,426.25,30234,1849959,845055011,
540596,"Eris Lifesciences Limited",A,STK,1329.85,1356.95,1326.7,1350.8,1351.6,1328.4,217,1565,2106495,
540597,"Containerway International Lim",X,STK,14.91,14.91,14.5,14.9,14.5,14.2,18,5374,80121,
540602,"GTPL Hathway Limited",B,STK,61.85,64.98,61.85,63.73,64.98,60.46,91,5042,313606,
540611,"AU Small Finance Bank Limited",A,STK,932.25,949.5,930,938.1,943.3,930.85,1434,22166,20832831,
540612,"ICICI Prudential Nifty Low Vol",B,STK,21.52,21.78,21.52,21.76,21.77,21.51,101,66910,1449921,
540614,"G G Engineering Limited",X,STK,0.48,0.48,0.45,0.47,0.47,0.48,1385,6923118,3247119,
540615,"7NR Retail Limited",X,STK,3.32,3.49,3.3,3.41,3.4,3.31,87,14154,48049,
540642,"Salasar Techno Engineering Lim",B,STK,7.36,7.41,7.2,7.35,7.35,7.22,492,230001,1673468,
540647,"Ganges Securities Ltd.",B,STK,124.4,126,115,124,124,118.75,6,604,72298,
540648,"Palash Securities Limited",B,STK,87.01,91.8,87,88.7,88.7,92.99,10,127,11213,
540649,"AVADH SUGAR & ENERGY LIMITED",B,STK,398.15,427.5,394.1,423.05,423.05,399.5,536,10392,4344047,
540650,"Magadh Sugar & Energy Limited",B,STK,448.65,458.5,447,455.35,450.5,451.8,69,465,210639,
540651,"Jigar Cables Limited",M,STK,59.9,60,59.9,60,60,58.5,2,4000,239800,
540652,"Captain Technocast Limited",M,STK,177,177,176,176,176,175,2,1500,264750,
540654,"GlobalSpace Technologies Limit",X,STK,21.3,21.3,18.81,19.05,19.05,20.35,181,30433,593822,
540669,"UTI Mutual Fund",B,STK,72.18,72.58,71.35,72.27,72.57,71.19,66,3772,271753,
540673,"SIS LIMITED",B,STK,286.3,291.7,286.3,289.8,290.65,286.2,152,1615,466044,
540678,"Cochin Shipyard Limited",A,STK,1481,1493.3,1453.5,1474.5,1474.5,1454.65,6713,189793,278728586,
540679,"HALEOS LABS LIMITED",B,STK,1278,1319.5,1278,1290,1290,1280,3,3,3887,
540680,"KIOCL Limited",A,STK,309.75,316,304.95,313.95,313.95,305.9,338,12858,3988673,
540686,"Smruthi Organics Limited",X,STK,118.1,122.9,116.55,116.55,116.55,118.1,35,953,113384,
540691,"Aditya Birla Capital Ltd",A,STK,330.4,334.15,324.55,332.35,333.2,324.35,3468,122602,40376866,
540692,"Apex Frozen Foods Limited",B,STK,348.65,360.5,347.35,356.15,355,346.35,613,18860,6690143,
540693,"Shish Industries Limited",T,STK,14.97,14.97,14.97,14.97,14.97,15.27,198,341253,5108557,
540694,"ANG Lifesciences India Limited",B,STK,25.2,25.2,22.17,22.95,22.99,23,48,8695,196805,
540696,"KCD INDUSTRIES INDIA LIMITED",X,STK,5.37,5.39,4.9,5.24,5.24,4.9,106,61970,323992,
540699,"Dixon Technologies (India) Lim",A,STK,10400,11062.1,10165,10918.25,10918.25,9805.3,39576,201278,2112130317,
540700,"Bharat Road Network Limited",B,STK,18.11,18.69,17.9,18.35,18.25,17.75,41,9357,170400,
540701,"Dishman Carbogen Amcis Limited",B,STK,159.2,166.05,157.25,164.8,162.95,158.55,431,37706,6074352,
540702,"Lasa Supergenerics Limited",B,STK,7.51,8.75,7.4,7.95,8.14,7.99,42,18369,144419,
540703,"PRO CLB GLOBAL LIMITED",XT,STK,40.33,40.33,40.33,40.33,40.33,41.15,20,25362,1022849,
540704,"Matrimony.com Limited",B,STK,402.05,407.1,395.9,400,400,398.9,74,1060,425684,
540709,"Reliance Home Finance Limited",Z,STK,2.33,2.35,2.33,2.35,2.35,2.24,117,143733,337475,
540710,"Capacit'e Infraprojects Limite",B,STK,222.1,224,215.5,218.8,222.2,216.65,327,19643,4321922,
540716,"ICICI Lombard General Insuranc",A,STK,1894.8,1905.65,1887.2,1889.7,1891.3,1889.35,878,3747,7092843,
540717,"Polo Queen Industrial and Fint",B,STK,19.99,19.99,18,18.25,18.25,17.89,127,12893,236957,
540718,"AAYUSH ART AND BULLION LIMITED",M,STK,1111,1129.75,1106.2,1114.55,1117,1110.7,539,75500,84198450,
540719,"SBI Life Insurance Company Lim",A,STK,1949.25,1974.85,1927.8,1963.5,1960.2,1911.15,981,6428,12541535,
540724,"Prataap Snacks Limited",B,STK,962.8,999,949.7,994.1,991,952.6,50,788,776622,
540725,"Share India Securities Limited",B,STK,128.7,138.25,128.6,136.35,136.15,128.65,202,24461,3306838,
540726,"Trident Texofab Limited",B,STK,55.2,55.2,55.2,55.2,55.2,58.1,27,1612,88982,
540727,"Poojawestern Metaliks Limited",B,STK,26.7,26.7,25,25.58,25,25.31,111,5297,136366,
540728,"Sayaji Industries Limited",X,STK,97.7,97.7,94,95.15,95.15,95.97,24,1939,184736,
540730,"Mehai Technology  Limited",X,STK,1.26,1.3,1.26,1.28,1.29,1.26,335,904474,1156876,
540735,"IRIS RegTech Solutions Limited",B,STK,249.25,250.2,245.75,246.85,250.2,243.55,25,189,46543,
540737,"Shree Ganesh Remedies Limited",X,STK,490,501,490,494.4,497.65,493.3,77,1350,667743,
540738,"Shreeji Translogistics Limited",B,STK,7.01,7.44,7.01,7.13,7.13,7.2,144,45108,325294,
540743,"Godrej Agrovet Limited",A,STK,614.25,614.25,599.65,601.5,605,602.2,482,14978,9016651,
540749,"MAS Financial Services Limited",B,STK,302.7,311.15,298.8,309.75,309.95,301.85,285,6505,1986893,
540750,"Indian Energy Exchange Limited",A,STK,121.95,122.1,119.6,121.05,121.05,120.3,4355,360312,43420898,
540755,"General Insurance Corporation",A,STK,366.8,369.8,363.45,366.65,366.45,365.95,569,6644,2431377,
540757,"SHEETAL COOL PRODUCTS LIMITED",T,STK,344,350,338,338.75,341,341.4,26,1012,351447,
540762,"Tube Investments of India Ltd",A,STK,2648,2659.95,2601.55,2649.55,2649.55,2608.6,1029,4732,12447267,
540767,"NIPPON LIFE INDIA ASSET MANAGE",A,STK,840.75,885.2,840.75,877.75,874.35,834.2,4069,56942,49396477,
540768,"Mahindra Logistics Limited",B,STK,389.4,402,387.6,396.9,396.75,389.3,251,6114,2427233,
540769,"The New India Assurance Compan",A,STK,136.5,138.8,135.25,138.1,138.4,134.7,536,23930,3287414,
540774,"IFGL Refractories Limited",B,STK,156.7,156.7,154.35,154.6,156.65,153.85,44,466,72299,
540775,"Khadim India Limited",B,STK,106.55,113,103.5,109.4,109.4,102.8,251,5449,585334,
540776,"5paisa Capital Limited",B,STK,297.65,310,297,309.15,301.3,296.2,141,3210,980064,
540777,"HDFC LIFE INSURANCE COMPANY LI",A,STK,650.15,661.5,650.15,655.8,655.8,653.75,3059,116033,76313155,
540786,"SHARIKA ENTERPRISES LIMITED",B,STK,11.25,11.25,10.7,10.94,10.95,10.98,94,22963,250148,
540787,"ICICI Prudential Mutual Fund",A,STK,124.44,125.81,121.3,122.5,122.65,121.41,360,66656,8253888,
540788,"Aspira Pathlab & Diagnostics L",X,STK,60.01,71.09,55.7,56.62,55.7,59.57,39,1621,94309,
540789,"Diligent Media Corporation Lim",B,STK,3.27,3.34,3.17,3.3,3.3,3.18,74,9795,32304,
540795,"Dynamic Cables Limited",B,STK,268.15,285,268.15,277.9,285,269.4,591,13989,3847238,
540796,"Ratnabhumi Developers Limited",B,STK,198.05,198.3,198.05,198.15,198.3,190,9,4500,891630,
540797,"Shalby Limited",B,STK,145.1,148,144.7,146.25,146,143.75,165,7306,1067677,
540809,"MRC AGROTECH LIMITED",B,STK,44.92,44.92,41.03,42.99,42.99,43.82,543,291312,12493653,
540821,"CRYSTAL BUSINESS SYSTEM LIMITE",X,STK,1.77,1.78,1.66,1.7,1.72,1.73,105,21730,37120,
540824,"Astron Paper & Board Mill Limi",B,STK,3.8,4.14,3.8,3.93,3.93,4,30,3190,12668,
540829,"Chandrima Mercantiles limited",X,STK,6.18,6.18,5.81,5.99,5.99,5.98,151,61716,367950,
540850,"Jhandewalas Foods Limited",MT,STK,33.3,35.96,33.25,35.96,35.96,35,3,3000,102510,
540874,"7SEAS ENTERTAINMENT LIMITED",X,STK,68.31,70.7,67.5,69.07,68.22,68.89,99,16442,1132915,
540879,"Apollo Micro Systems Limited",A,STK,214,219.7,209.7,217.8,217.8,209.7,4333,312530,67339374,
540900,"Newgen Software Technologies L",A,STK,471.95,471.95,456.1,467.65,467.65,460.75,2440,100860,46647916,
540901,"Praxis Home Retail Limited",B,STK,6.66,6.92,6.48,6.86,6.87,6.82,55,17593,116285,
540902,"Amber Enterprises India Limite",A,STK,7500,7566.45,7194.25,7516.45,7507.85,7307.3,4993,15684,116234278,
540904,"TIRUPATI FOAM LIMITED",XT,STK,73.25,80,73.25,80,80,77.05,3,302,22310,
540914,"SRU Steels Limited",X,STK,2.05,2.05,1.78,1.78,1.78,1.97,683,2173896,3952810,
540923,"Ashoka Metcast Limited",B,STK,13.6,15.49,13.6,14.32,14.6,14.41,30,4869,68437,
540935,"Galaxy Surfactants Limited",A,STK,1851,1884.4,1851,1874.85,1878,1851.85,73,230,429077,
540936,"Gautam Gems Limited",B,STK,3.11,3.27,3.04,3.17,3.21,3.17,69,12274,38403,
540937,"MEDICO REMEDIES LIMITED",B,STK,40.73,41.49,40.44,41.16,41.15,40.47,28,919,37443,
540938,"Gujarat Hy-Spin Limited",M,STK,9,9,8.43,8.43,8.43,8.87,6,50000,437300,
540952,"LORENZINI APPARELS LIMITED",B,STK,7.36,7.5,6.82,6.82,6.82,6.87,31,2140,14784,
540953,"Kenvi Jewels Limited",B,STK,2.15,2.54,2.14,2.31,2.3,2.14,200,137476,317995,
540954,"The Indian Wood Products Co. L",X,STK,35.1,35.92,34.11,34.14,34.14,35.1,138,9263,317126,
540955,"Tasty Dairy Specialities Limit",XT,STK,6.36,6.36,6.05,6.29,6.29,6.3,39,5113,31558,
540956,"Bhatia Communications & Retail",X,STK,21.71,22.1,21.6,21.76,21.85,21.94,148,13347,290428,
540961,"Shiva Mills Limited",B,STK,54.55,57.98,54.55,56.9,56.9,54.55,4,9,499,
540975,"Aster DM Healthcare Limited",A,STK,662.2,669.6,658,665.15,664,658,956,22552,15003506,
540980,"The Yamuna Syndicate Ltd",X,STK,27000,27000,27000,27000,27000,26999,7,10,270000,
541005,"KANCO TEA & INDUSTRIES LIMITED",X,STK,63.4,63.4,63.4,63.4,63.4,63.5,1,2,126,
541006,"Angel Fibers Limited",M,STK,13.1,13.1,13.1,13.1,13.1,13.2,2,12000,157200,
541019,"H.G. Infra Engineering Limited",B,STK,482.05,492,482.05,490.45,489.3,481.5,586,11221,5465873,
541083,"Inflame Appliances Limited",M,STK,294,305,294,305,305,294,10,3000,900737,
541096,"Bharat Parenterals Limited",X,STK,1050.5,1087.8,1031,1039.15,1035,1057.85,22,1066,1111344,
541097,"DSP BlackRock Mutual Fund",F,STK,1000,1000.01,999.99,1000,1000,1000,18,12108,12108024,
541143,"Bharat Dynamics Limited",A,STK,1365.85,1391.1,1321.8,1385.15,1385.15,1336,10577,240723,326731318,
541144,"Active Clothing Co  Limited",B,STK,96.89,96.89,89.32,94.44,95,90.09,47,1278,119996,
541152,"GOYAL ALUMINIUMS LIMITED",T,STK,6.42,6.44,6.2,6.38,6.38,6.29,55,14595,91712,
541153,"Bandhan Bank Limited",A,STK,176.75,183.1,174.9,182.3,182.3,174.15,4402,323162,58112224,
541154,"Hindustan Aeronautics Limited",A,STK,4025,4059,3920,4039.1,4039.1,3989.2,7066,114299,454681787,
541161,"DHARAN INFRA-EPC LIMITED",Z,STK,0.19,0.19,0.19,0.19,0.19,0.19,182,509678,96838,
541163,"Sandhar Technologies Limited",B,STK,495,504.65,489.1,502.85,503.1,495.85,338,7806,3906266,
541167,"YASHO INDUSTRIES LIMITED",B,STK,1443.2,1448.3,1371.9,1390.65,1407,1443.1,264,1541,2150184,
541178,"Benara Bearings and Pistons Li",MT,STK,9,9.4,9,9.27,9.4,9.4,3,12000,111200,
541195,"Mishra Dhatu Nigam Limited",A,STK,339.55,345,333.9,342.95,341.8,337.4,1167,33172,11269104,
541228,"Taylormade Renewables Limited",B,STK,104.5,104.5,99.35,100.5,100,103.45,204,12451,1263710,
541233,"Lemon Tree Hotels Limited",A,STK,110.4,110.4,106.95,107.95,107.95,107.85,3741,304682,32873938,
541269,"Chemfab Alkalis Ltd",B,STK,371,372.6,356.8,363.3,362.5,372.8,31,193,70309,
541276,"HARDWYN INDIA LIMITED",T,STK,17.44,17.5,17.1,17.43,17.5,17.45,80,29476,510745,
541301,"Orient Electric Limited",B,STK,175.85,175.85,172.65,174.9,175.8,172.65,193,5051,877930,
541302,"Dhruv Consultancy Services Lim",B,STK,30.91,32.3,30.07,30.18,31,33,84,1377,42372,
541303,"Akshar Spintex Limited",B,STK,0.38,0.41,0.37,0.41,0.41,0.38,161,528155,209760,
541304,"Indo US Bio-Tech Limited",B,STK,102.35,105,97.65,100.55,100.5,102.35,362,8936,902116,
541313,"ICICI Prudential BSE 500 ETF",A,STK,37.52,38.14,37.37,38.14,38.14,37.43,136,6489,244807,
541336,"IndoStar Capital Finance Limit",B,STK,207.55,213.7,207.55,211.3,212.95,208.65,183,5245,1102977,
541338,"U. H. ZAVERI LIMITED",B,STK,12.37,12.9,12.2,12.25,12.25,12.37,43,3370,42516,
541347,"Parvati Sweetners and Power Lt",XT,STK,8.08,8.08,7.51,7.94,8.04,7.85,37,4538,35168,
541352,"Megastar Foods Limited",B,STK,230,236,228,234.75,236,224.8,29,660,154457,
541353,"Innovators Facade Systems Limi",M,STK,123.6,128,121.85,125,125,123.5,13,23200,2900400,
541358,"UNIFINZ CAPITAL INDIA LIMITED",X,STK,97.9,97.9,91.9,96.5,96.5,86,39,3753,347824,
541400,"ZIM Laboratories Limited",B,STK,67.74,69.48,66.56,67.35,67.1,67.57,64,2943,198961,
541402,"Affordable Robotic & Automatio",B,STK,172.25,173.3,167.1,172.35,172.4,170.4,256,3967,675526,
541403,"Dollar Industries Limited",B,STK,255.55,263.2,255.55,259.05,259.25,255.25,170,9254,2401042,
541418,"NAKODA GROUP OF INDUSTRIES LIM",B,STK,25.3,25.48,23.85,23.85,23.85,24.14,78,7152,176303,
541444,"Palm Jewels Limited",B,STK,16.75,16.75,16.15,16.7,16.7,16.27,26,1843,30662,
541445,"Waa Solar Limited",M,STK,46.44,49.98,46.44,49.48,49.48,46.37,6,4800,230952,
541450,"Adani Green Energy Limited",A,STK,874,880,843.95,856.1,856.1,854.35,5735,170282,145617499,
541540,"SOLARA ACTIVE PHARMA SCIENCES",B,STK,456.85,461.65,444.35,449.35,448.75,451.25,252,2456,1114515,
541546,"GAYATRI HIGHWAYS LTD",B,STK,2.12,2.26,2.12,2.26,2.26,2.16,89,34850,78306,
541556,"RITES Limited",A,STK,203.85,204.3,200.45,202.7,203.25,200.4,1154,44058,8896140,
541557,"Fine Organic Industries Limite",A,STK,4260.95,4329.1,4239.35,4308.4,4315,4270.3,112,418,1790206,
541578,"Varroc Engineering Limited",A,STK,484.9,502.35,484.9,498,494.1,484,502,15630,7776317,
541601,"Rajnish Wellness Limited",B,STK,0.4,0.44,0.4,0.44,0.44,0.4,598,7428432,3159030,
541627,"Gujarat Winding Systems Limite",X,STK,8.98,8.98,7.27,7.31,7.31,7.86,10,955,7005,
541634,"Raw Edge Industrial Solutions",B,STK,15.8,15.97,15.31,15.79,15.79,15.97,20,4382,68038,
541702,"Ashnisha Industries Limited",XT,STK,3.72,3.75,3.5,3.71,3.65,3.66,237,242643,877057,
541729,"HDFC Asset Management Company",A,STK,2492.3,2550,2468.5,2534.7,2533.45,2458.7,8611,583547,1457251306,
541735,"Vivanta Industries Limited",X,STK,1.62,1.65,1.55,1.59,1.6,1.62,302,171253,272574,
541741,"Fratelli Vineyards Limited",X,STK,89.99,90.1,81.12,83,83.79,87.47,196,28825,2450152,
541770,"CreditAccess Grameen Ltd.",A,STK,1177.05,1224.5,1174.75,1217.65,1214.9,1154.65,1247,15167,18195821,
541771,"AMIN TANNERY LIMITED",X,STK,1.5,1.56,1.47,1.51,1.5,1.5,36,15843,23862,
541778,"Deep Polymers Limited",B,STK,30.84,32.44,30,31.68,31.03,30.59,98,81415,2569773,
541809,"ICICI Prudential Mutual Fund",B,STK,69.7,70.92,69.7,70.84,70.84,69.69,406,31344,2209243,
541865,"Add-Shop E-Retail Limited",B,STK,6.3,7.19,6.3,6.9,6.9,6.93,149,15416,108034,
541890,"Space Incubatrics Technologies",XT,STK,0.23,0.23,0.21,0.21,0.21,0.22,158,434676,92824,
541929,"Synergy Green Industries Limit",B,STK,504.1,507.1,497.95,501.25,504.95,497,13,272,136361,
541945,"Ranjeet Mechatronics Limited",M,STK,5.3,5.3,5.3,5.3,5.3,5.79,1,8000,42400,
541946,"ICICI Prudential BSE Liquid Ra",F,STK,1000.01,1000.01,1000,1000,1000,1000,35,227702,227702016,
541956,"IRCON International Ltd",A,STK,141.8,141.8,136.95,140.1,140.1,139.1,4091,339006,47058523,
541967,"Sky Gold And Diamonds Limited",A,STK,328.05,340.7,328.05,339.65,340.15,327.8,700,19633,6549720,
541972,"SBI Mutual Fund",A,STK,881,886.29,877.15,886.24,886.29,870.56,12,332,292569,
541974,"Manorama Industries Limited",A,STK,1315,1380.9,1315,1375.7,1374.4,1313.4,396,4535,6116339,
541983,"Innovative Ideals and Services",MT,STK,14.5,14.97,14.5,14.97,14.97,14.26,5,102000,1526440,
541988,"AAVAS Financiers Limited",A,STK,1200.95,1237.15,1180,1223.25,1237.15,1199.3,1334,8729,10490259,
542011,"Garden Reach Shipbuilders & En",A,STK,2511.15,2538.85,2451,2513.3,2513.3,2471.8,6686,90603,226941532,
542012,"A-1 LIMITED",B,STK,24.88,24.89,24.88,24.89,24.89,22.63,4424,4100260,102036810,
542013,"Dolfin Rubbers Limited",B,STK,167,175,167,171.9,174.9,170,10,38,6615,
542019,"Shubham Polyspin Limited",B,STK,60.96,60.96,55.61,56.12,56.12,58.17,106,15304,873786,
542020,"AKI India Limited",B,STK,5.18,5.18,4.81,4.94,5.07,4.72,34,3420,17066,
542025,"Sun Retail Limited",M,STK,0.37,0.37,0.37,0.37,0.37,0.37,2,96000,35520,
542034,"S. M. Gold Limited",B,STK,12.2,12.25,11.52,12.2,12.25,11.9,100,13308,159696,
542046,"VIVID MERCANTILE LIMITED",T,STK,8.47,8.47,8.1,8.47,8.47,8.07,221,774096,6552794,
542057,"BCPL Railway Infrastructure Li",B,STK,60,61.8,60,61.57,61.57,61.62,219,9911,608245,
542066,"ADANI TOTAL GAS LIMITED",A,STK,468.45,478.9,463.8,474.35,476,467.65,1325,32079,15094901,
542123,"The Phosphate Company Limited",X,STK,138,138,138,138,138,139,3,49,6762,
542131,"Mirae Asset Mutual Fund",B,STK,266.38,269,260.6,262.52,262.85,259.89,400,60809,15896031,
542141,"Techno Electric & Engineering",A,STK,1091.95,1109.8,1090,1100.5,1108.9,1080.3,965,14938,16419837,
542145,"Roni Households Limited",M,STK,44,44,44,44,44,42.6,1,1800,79200,
542155,"Diksha Greens Limited",MT,STK,1.23,1.23,1.23,1.23,1.23,1.25,2,4000,4920,
542206,"NIVAKA FASHIONS LIMITED",X,STK,1.64,1.69,1.64,1.69,1.69,1.61,21,5310,8919,
542216,"DALMIA BHARAT LIMITED",A,STK,1841.65,1883.45,1834.5,1851.8,1852.05,1839.75,392,2949,5468992,
542230,"Aditya Birla Sun Life Mutual F",B,STK,68.64,73,68.64,70.37,71.5,70.4,30,1441,101298,
542231,"Nila Spaces Ltd",B,STK,12.71,14,12.71,13.22,13.21,12.99,249,58935,786083,
542232,"Shankar Lal Rampal Dye-Chem Li",B,STK,52,52.28,50.16,51.77,52.09,48.75,66,1130,57997,
542233,"Trejhara Solutions Limited",B,STK,167.6,175,164.9,171.5,171.5,168.5,73,2223,379610,
542248,"Deccan Health Care Limited",B,STK,12.6,13.2,12.6,12.74,12.74,12.42,79,17215,223116,
542285,"Axita Cotton Limited",T,STK,8.69,8.94,8.65,8.75,8.75,8.65,138,116557,1017773,
542323,"KPI Green Energy Limited",A,STK,348.95,358.35,339.6,356.3,357.1,340.55,1816,80649,28100541,
542333,"RPSG VENTURES LIMITED",B,STK,606.2,664,602,614.9,612.45,606.1,116,5607,3567373,
542337,"Spencer's Retail Limited",B,STK,31.38,32.19,31.3,31.98,32.07,31.11,160,2777,88975,
542351,"Gloster Ltd",B,STK,556,570,538.85,540.15,538.85,535.7,48,242,133538,
542367,"Xelpmoc Design and Tech Limite",B,STK,139.95,139.95,122.15,123.45,124.95,119.9,43,1285,160651,
542383,"Ritco Logistics Limited",B,STK,186.9,222,185.5,215.3,214.9,185,358,9384,1971143,
542399,"Chalet Hotels Limited",A,STK,736.85,755,730.95,739,755,734.95,442,7592,5597864,
542437,"Anmol India Limited",B,STK,11.36,11.39,11.07,11.22,11.08,11.36,30,900,10119,
542446,"Jonjua Overseas Limited",M,STK,3,3,2.5,2.72,2.79,2.96,38,241050,645146,
542459,"Kranti Industries Limited",B,STK,62.8,62.8,57,58.11,58.9,58,68,28129,1665060,
542460,"The Anup Engineering Ltd",A,STK,1458.65,1523,1458.65,1505.8,1505,1448.55,611,9072,13646767,
542484,"Arvind Fashions Limited",A,STK,408.1,414.45,405,412.8,413.3,406,383,5809,2384994,
542513,"UTI BSE  Sensex Next 50 ETF",A,STK,88.92,88.92,87.46,88.45,88.45,86.76,16,448,39280,
542543,"Energy Infrastructure Trust",IF,STK,83,83.2,83,83.09,83.2,82.5,9,275000,22840000,
542579,"Ashapuri Gold Ornament Limited",B,STK,4.36,4.55,4.36,4.48,4.48,4.4,741,367879,1635196,
542580,"Aartech Solonics Limited",B,STK,40.4,41,40,41,41,39.94,65,3246,131622,
542597,"MSTC Limited",B,STK,418.7,428.8,418.7,424.45,428.8,418.6,306,5777,2449326,
542602,"Embassy Office Parks REIT",IF,STK,425,426.3,418.1,421.01,421.01,423.9,774,17520,7413424,
542627,"Chandni Machines Limited",XT,STK,68.7,68.85,68.68,68.71,68.7,65.58,25,2109,144902,
542628,"Northern Spirits Limited",B,STK,113.65,119.8,113,119.05,119.05,110.25,154,9322,1083089,
542649,"Rail Vikas Nigam Limited",A,STK,281.15,284.9,278,283.5,283.5,276.85,6819,525619,147927642,
542650,"Metropolis Healthcare Limited",A,STK,1796.05,1823.7,1781.7,1816.4,1820.1,1783.5,223,21083,38153293,
542651,"KPIT Technologies Ltd",A,STK,694.55,703.65,684.15,693.4,693.4,689.2,6341,141306,97741540,
542652,"Polycab India Limited",A,STK,8389.7,8389.7,7686,7723.1,7723.1,8229.35,14737,75206,590977685,
542654,"V R FILMS & STUDIOS LIMITED",B,STK,13.25,13.25,13.1,13.14,13.14,12.75,7,549,7210,
542655,"VIKAS LIFECARE LIMITED",B,STK,1.32,1.37,1.27,1.32,1.32,1.34,662,1335401,1754086,
542665,"Neogen Chemicals Limited",B,STK,1402.65,1500,1389,1492.75,1477,1402.65,524,4647,6721106,
542666,"G. K. P. Printing & Packaging",B,STK,5.89,6,5.85,5.86,5.86,5.89,41,14030,82339,
542668,"EVANS ELECTRIC LIMITED",M,STK,84,84,77.2,77.55,77.6,78.99,14,14000,1131590,
542669,"BMW INDUSTRIES LIMITED",B,STK,33.01,34,32.4,32.62,32.8,32.92,745,179929,5947344,
542670,"Artemis Electricals and Projec",X,STK,17,19,17,17.79,17.94,17.26,115,19920,360268,
542679,"Dhanashree Electronics Limited",XT,STK,160,160,154,154,154,162,14,1224,189054,
542682,"Harish Textile Engineers Limit",X,STK,68,68,62.65,64.5,64.5,61.56,24,2657,170897,
542684,"Prakash Pipes Limited",B,STK,190,195.75,190,193.8,195.75,190.65,126,4686,903240,
542685,"Digicontent Limited",B,STK,24.41,24.93,24.41,24.93,24.93,23.89,7,325,7974,
542721,"Anand Rayons Limited",B,STK,83.05,83.05,83.05,83.05,83.05,87.4,21,1106,91853,
542724,"Murae Organisor Limited",T,STK,0.2,0.21,0.2,0.21,0.21,0.2,904,12129631,2479325,
542725,"SBC EXPORTS LIMITED",B,STK,32.15,32.51,32.07,32.18,32.19,32.04,353,263611,8527133,
542726,"IndiaMART InterMESH Limited",A,STK,2226.15,2226.15,2155,2179.05,2182.9,2177,633,2500,5433883,
542727,"CITY PULSE MULTIVENTURES LIMIT",M,STK,2805,2894,2805,2883,2894,2835.6,10,1700,4871350,
542729,"DCM NOUVELLE LIMITED",B,STK,117.75,122.85,109,110.85,115.95,120.5,150,2936,339284,
542730,"ICICI Prudential Mutual Fund",B,STK,57.86,58.5,57.74,58.46,58.5,57.54,292,40488,2353557,
542747,"NIPPON INDIA ETF SENSEX NEXT 5",A,STK,84.99,86.51,84.99,86.23,86.24,84.98,150,8603,739529,
542752,"AFFLE 3I LIMITED",A,STK,1392.95,1409.95,1372.8,1398.15,1400,1391.3,1232,12304,17088802,
542758,"ICICI Prudential Mutual Fund",B,STK,27.56,28.04,27.07,27.44,28.04,26.89,154,184358,5020467,
542759,"Spandana Sphoorty Financial Li",B,STK,232.05,236.35,230.35,231,233.4,231.8,594,12639,2933423,
542760,"STERLING AND WILSON RENEWABLE",A,STK,177.2,178.6,174,177.45,177.45,174.2,1808,185105,32595083,
542765,"Transpact Enterprises Limited",MS,STK,210.65,228.45,210.6,228.45,228.45,221.65,7,6000,1273250,
542770,"Alphalogic Techsys Limited",B,STK,36.53,37.84,35.05,37.79,37.84,36.53,77,3635,134695,
542772,"360 ONE WAM LIMITED",A,STK,1035.8,1059,1033.95,1056.25,1055.1,1033.3,724,3723,3892995,
542773,"IIFL CAPITAL SERVICES LIMITED",A,STK,299.05,306,293.35,303.75,303.75,297.4,815,25122,7542270,
542774,"MUFIN GREEN FINANCE LIMITED",B,STK,103.95,108.3,103.9,106.9,106.4,102.95,237,121217,12961067,
542802,"Galactico Corporate Services L",B,STK,1.8,1.8,1.7,1.74,1.75,1.76,176,96490,168828,
542803,"Vaxfab Enterprises Limited",X,STK,42.1,43,41.04,42.97,43,42.77,39,14803,627425,
542812,"Gujarat Fluorochemicals Limite",A,STK,3289.2,3309.6,3265,3293.8,3292.7,3288.5,404,1579,5197541,
542830,"Indian Railway Catering and To",A,STK,550,550,540.35,548.1,548.1,540.6,6587,172613,94073282,
542850,"GOBLIN INDIA LIMITED",M,STK,7.75,7.8,7.3,7.3,7.3,7.05,4,8000,60400,
542852,"Vishwaraj Sugar Industries Lim",B,STK,5.44,5.44,5.12,5.15,5.12,5.19,263,41524,216697,
542857,"Greenpanel Industries Limited",B,STK,197.85,199.25,194,195.35,195.5,195.8,107,2762,543301,
542862,"Shahlon Silk Industries Limite",X,STK,23.73,23.73,21.6,22.49,22.49,22.61,30,16054,355029,
542863,"Aditya Birla Sun Life Mutual F",B,STK,56.18,58.57,56.18,58.48,58.57,57.63,34,450,26105,
542865,"Anuroop Packaging Limited",B,STK,12,12.3,10.4,11.09,11.09,11.34,82,39856,456142,
542867,"CSB Bank Limited",A,STK,357.15,363.6,356.35,357.5,357.5,356,461,11734,4211979,
542904,"Ujjivan Small Finance Bank Lim",A,STK,54.77,56.37,52.86,56.04,56.04,53.55,5660,941896,51472179,
542905,"Hindware Home Innovation Limit",B,STK,212.6,217,208.65,213.6,213.6,209.75,78,2152,459995,
542907,"Prince Pipes and Fittings Limi",B,STK,235.2,268.35,235.2,249.2,249.2,235.1,1257,44068,11134196,
542909,"Edelweiss Mutual Fund",F,STK,1567.51,1572.83,1567.51,1572.3,1572.83,1564.94,13,141,221353,
542918,"Gian Life Care Limited",Z,STK,8.09,8.09,7.36,7.88,7.88,7.73,22,4039,30395,
542919,"Artemis Medicare Services Limi",B,STK,228,233.9,228,229.65,229.7,226.85,107,2096,481229,
542920,"SUMITOMO CHEMICAL INDIA LIMITE",A,STK,384.45,394.9,382.05,393.65,392.5,383.3,515,13458,5216189,
542921,"ICICI Prudential Mutual Fund",B,STK,21.56,22.05,21.49,21.83,21.9,21.56,287,37713,820185,
542922,"Mirae Asset Mutual Fund",B,STK,678.21,692.71,678.21,691.01,692.71,678.95,210,6822,4704486,
542933,"UNIVERSUS PHOTO IMAGINGS LIMIT",T,STK,499,499,499,499,499,489.25,2,187,93313,
543064,"Cohance Lifesciences Limited",A,STK,290,297.15,279.9,295.8,295.5,282.4,1100,28312,8170976,
543065,"SM Auto Stamping Limited",M,STK,17.21,17.21,17.21,17.21,17.21,18.13,1,2000,34420,
543066,"SBI CARDS AND PAYMENT SERVICES",A,STK,724.7,731.05,714,715.45,715.45,720.95,2018,26493,19022539,
543071,"Nippon India Mutual Fund",F,STK,17.3,17.3,14.22,16.75,16.75,15.79,9,40,654,
543087,"Nippon India Mutual Fund",F,STK,166.89,166.89,166.89,166.89,166.89,151.79,1,1,166,
543144,"Nippon India Mutual Fund",B,STK,5.17,5.65,5.17,5.4,5.52,5.19,17,4857,26459,
543150,"Nippon India Mutual Fund",B,STK,2.6,2.6,2.5,2.6,2.6,2.56,36,12945,32940,
543161,"Nippon India Mutual Fund",F,STK,118,118,118,118,118,118,2,2,236,
543167,"Nippon India Mutual Fund",F,STK,2.1,2.4,2.1,2.25,2.35,2.27,19,13296,28514,
543171,"RO Jewels Limited",B,STK,1.39,1.45,1.33,1.4,1.4,1.39,131,37210,51347,
543172,"Cospower Engineering Limited",M,STK,934.9,934.9,934.9,934.9,934.9,902.2,1,250,233725,
543173,"Nippon India Mutual Fund",B,STK,14.73,14.73,12.15,13.58,13.58,13.49,12,276,3701,
543174,"Nippon India Mutual Fund",B,STK,2.44,2.49,2.36,2.44,2.44,2.43,24,2337,5717,
543175,"Nippon India Mutual Fund",B,STK,3.52,3.88,3.52,3.61,3.61,3.53,16,776,2972,
543176,"Nippon India Mutual Fund",B,STK,54.04,54.06,50.1,50.11,50.11,49.15,8,38,1954,
543177,"Nippon India Mutual Fund",B,STK,8,8,7.07,7.54,7.54,7.54,49,4481,33541,
543178,"Nippon India Mutual Fund",B,STK,39,39,32.01,32.01,32.01,35.53,7,30,1163,
543181,"Nippon India Mutual Fund",B,STK,26.31,28.94,26.31,26.58,26.54,26.31,7,85,2432,
543182,"Nippon India Mutual Fund",B,STK,41.19,41.19,34.12,39.61,39.61,37.91,22,9407,336410,
543184,"Nippon India Mutual Fund",B,STK,35.99,35.99,35.99,35.99,35.99,36.99,1,3,107,
543186,"Nippon India Mutual Fund",B,STK,5.47,5.47,4.6,5.44,5.44,5.03,8,218,1171,
543187,"HITACHI ENERGY INDIA LIMITED",A,STK,25998.1,26322.8,25011.45,25228.4,25340,25153.4,3047,12181,313552982,
543193,"DJ Mediaprint & Logistics Limi",T,STK,87.95,88.5,84.1,87.99,88,85.17,13,11307,990113,
543207,"Natural Biocon (India) Limited",X,STK,4.96,4.96,4.21,4.39,4.35,4.5,181,132176,599854,
543208,"REGIS INDUSTRIES LIMITED",X,STK,2.4,2.43,2.38,2.39,2.38,2.4,111,32372,77609,
543209,"Billwin Industries Limited",M,STK,29.39,29.39,25.75,27.56,27.56,27.65,5,15000,406050,
543210,"Aarti Surfactants Limited",B,STK,359.95,362.2,353.7,360.65,361,351,50,485,173446,
543211,"BONLON INDUSTRIES LIMITED",T,STK,38.48,38.89,37.24,38.38,38.6,38.1,63,6092,232736,
543212,"Borosil Limited",B,STK,227.5,262.3,227.5,252.85,254.75,227.4,6713,257473,65197251,
543213,"ROSSARI BIOTECH LIMITED",B,STK,458.3,464.85,455.3,461.2,463.4,457.4,129,3020,1385527,
543214,"NDR Auto Components Limited",B,STK,720.95,725,690.15,718.5,725,690.05,124,1194,845786,
543216,"Edelweiss Mutual Fund",F,STK,1402.91,1402.91,1402.91,1402.91,1402.91,1396.7,1,12,16834,
543217,"Mindspace Business Parks REIT",IF,STK,463,465.98,458,461.33,461.33,462.06,736,5544,2569909,
543218,"SURATWWALA BUSINESS GROUP LIMI",B,STK,25.5,27.65,25.5,27.43,27.43,27.26,30,1742,46804,
543219,"ICICI Prudential Mutual Fund",B,STK,26.63,27.08,26.63,27.04,27.08,26.61,89,20566,555337,
543220,"Max Healthcare Institute Limit",A,STK,1061.9,1061.9,1037,1042.9,1040.65,1040.6,1409,18353,19153317,
543221,"ICICI Prudential Mutual Fund",B,STK,33.06,33.65,32.85,33.15,33.15,33.25,233,29648,979253,
543223,"Max India Limited",B,STK,145.5,151,141.7,149.25,150.8,144.15,77,4092,596266,
543224,"HDFC Mutual Fund",B,STK,57.88,58.44,57.77,58.44,58.33,57.55,39,541,31526,
543226,"UTI Mutual Fund",B,STK,58.5,58.95,58.13,58.76,58.8,57.83,52,6633,387840,
543227,"Happiest Minds Technologies Li",A,STK,341.75,407.4,338.15,400.85,400.85,340.15,17944,1367526,534796850,
543228,"Route Mobile Limited",B,STK,469.7,482.25,465,480.4,481,467,767,8524,4038720,
543229,"Samrat Forgings Limited",X,STK,197,216,197,216,216,197.2,4,19,3933,
543230,"ADVAIT ENERGY TRANSITIONS LIMI",B,STK,1578,1637.75,1574.95,1624.6,1637.75,1548.65,480,3398,5431604,
543232,"Computer Age Management Servic",A,STK,660.6,673.85,657,670.3,670.75,648.95,2849,94034,62587154,
543233,"Chemcon Speciality Chemicals L",B,STK,155,158.55,152.9,157.1,157.75,153.1,112,796,124568,
543234,"Secmark Consultancy Limited",B,STK,104.75,119,104.75,117.3,117.3,108.05,122,2135,246866,
543235,"ANGEL ONE LIMITED",A,STK,223.4,226.5,220.3,225.4,226.2,219.1,3488,311702,69620518,
543236,"Atam Valves Limited",B,STK,57.75,59.27,56.55,58.59,58.88,56.01,48,3388,194869,
543237,"Mazagon Dock Shipbuilders Limi",A,STK,2444.95,2499,2361.2,2480.35,2480.35,2386.65,19991,317173,771501795,
543238,"UTI Asset Management Company L",A,STK,953.05,996.3,953.05,979.05,987.2,950.75,1332,19832,19462309,
543240,"Likhitha Infrastructure Limite",B,STK,144.95,150,144.95,149.7,149.05,143.5,26,390,57867,
543241,"Veer Global Infraconstruction",T,STK,83.01,83.01,83.01,83.01,83.01,86.9,1,100,8301,
543242,"Hemisphere Properties India Li",B,STK,135.3,137.65,135.3,137.35,137.65,134.9,158,11525,1576408,
543243,"Equitas Small Finance Bank Lim",A,STK,58.22,59.09,57.09,58.28,58.45,58.12,957,89819,5196399,
543245,"Gland Pharma Limited",A,STK,1680.3,1710.35,1676.1,1686.65,1686.65,1679.85,770,2728,4601302,
543246,"Mirae Asset Mutual Fund",B,STK,40.75,40.82,40.73,40.73,40.73,40.47,6,531,21638,
543248,"Restaurant Brands Asia Limited",A,STK,62.63,63,62.38,62.44,62.51,62.9,342,802327,50339440,
543249,"TARC LIMITED",B,STK,138.05,142,137.65,139.6,139.4,137.65,136,6613,921100,
543250,"Motilal Oswal Mutual Fund",F,STK,64.12,64.12,63.76,63.78,63.78,64.55,12,148039,9439932,
543251,"Ravinder Heights Limited",B,STK,38.08,39.7,37.96,39.7,39.7,37.67,5,263,10004,
543252,"Fairchem Organics Limited",B,STK,558,579.15,547.15,559.55,552,544.3,121,770,432988,
543253,"Mrs. Bectors Food Specialities",A,STK,195.6,195.6,185,187.4,188.3,191.35,836,30946,5821725,
543254,"Antony Waste Handling Cell Lim",B,STK,461.35,474.15,461.35,472.35,470,455.6,218,3968,1856178,
543255,"Nippon India Mutual Fund",B,STK,942.97,945.56,938.3,943.89,941.45,938.62,81,1171,1103131,
543256,"RITA FINANCE AND LEASING LIMIT",X,STK,18.62,18.62,17.6,18.48,18.6,18.62,13,3234,60167,
543257,"Indian Railway Finance Corpora",A,STK,99.2,101.1,98.1,100.7,100.7,97.65,10869,1329761,132217050,
543258,"Indigo Paints Limited",B,STK,841.95,850,828.2,842.7,843.25,838.05,655,56282,47393802,
543259,"Home First Finance Company Ind",A,STK,1098.35,1115.5,1048.3,1078.2,1070,1037.6,1708,28690,31386107,
543260,"STOVE KRAFT LIMITED",B,STK,466.3,490,460.8,487.8,483.15,466.2,145,1996,947268,
543261,"Brookfield India Real Estate T",IF,STK,342.3,344.98,339.99,341.08,342.13,341.61,586,7227,2470363,
543262,"MRP Agro Limited",M,STK,91.5,91.95,88.7,90.66,90.6,89.6,12,12000,1082180,
543263,"SMC Global Securities Limited",B,STK,69,72.99,68.7,72.28,72.2,68.54,302,22330,1584922,
543264,"Nureca Limited",B,STK,268.55,271.7,260.5,264.25,264.25,261.25,20,322,84914,
543265,"RailTel Corporation of India L",A,STK,286.9,290.6,282.55,288.5,288.5,282.3,1735,108976,31157068,
543266,"Heranba Industries Limited",B,STK,186.65,188.95,183.25,186.95,186.2,186.65,724,12443,2325434,
543267,"Davangere Sugar Company Limite",B,STK,3.9,3.99,3.88,3.97,3.96,3.86,296,537255,2103140,
543268,"DRC Systems India Limited",B,STK,14.75,14.75,13.24,13.59,13.6,13.44,96,11938,160518,
543270,"MTAR Technologies Limited",A,STK,3780,3810.7,3694.65,3711.9,3711.9,3632.5,2711,23046,86177657,
543271,"Jubilant Ingrevia Limited",A,STK,544.1,577.4,544.1,570.4,569,541.7,1802,24322,13733963,
543272,"Easy Trip Planners Limited",A,STK,7.3,7.6,7.16,7.36,7.36,7.22,2418,2340466,17314716,
543273,"Knowledge Marine & Engineering",B,STK,1601.1,1651,1593.15,1642.9,1649,1560.1,644,8020,12962674,
543275,"Anupam Rasayan India Limited",A,STK,1250,1304.25,1241.05,1293.95,1301.5,1256.9,457,4153,5257660,
543276,"Craftsman Automation Limited",A,STK,7252.85,7452,7252.85,7432.65,7420,7277.2,219,676,4994562,
543277,"Laxmi Organic Industries Limit",A,STK,119.05,126.4,117.15,122.45,122.25,116.75,1306,72524,8850081,
543278,"Kalyan Jewellers India Limited",A,STK,394.85,397.85,387.5,392.5,392.5,389.15,3323,133362,52201966,
543279,"Suryoday Small Finance Bank Li",B,STK,132.3,134.6,130.8,133.85,134,131.05,261,9631,1282165,
543280,"Nazara Technologies Limited",A,STK,245.25,247,237.1,245.5,246.1,240.9,1022,134968,32540410,
543281,"Suvidhaa Infoserve Limited",B,STK,2.83,2.88,2.72,2.75,2.75,2.84,64,8500,23704,
543283,"UNITED FOODBRANDS LIMITED",B,STK,232.25,234,225.3,228.95,232.35,232.25,78,2265,524222,
543284,"EKI Energy Services Limited",B,STK,86.07,88.8,85.1,86.11,86.11,85.22,535,26475,2313193,
543285,"Rajeshwari Cans Limited",MT,STK,25.05,25.17,23.34,23.34,23.34,24.56,16,14800,347780,
543287,"Lodha Developers Limited",A,STK,897.7,906,892.15,901.85,904,888.55,550,11600,10434744,
543288,"Deep Industries Limited",B,STK,361.8,361.8,342.45,347.1,347.1,347.55,286,11600,4023858,
543290,"POWERGRID Infrastructure Inves",IF,STK,90.76,91.57,90.76,91.19,91.08,91.05,875,92467,8435069,
543291,"Mirae Asset Mutual Fund",B,STK,160.77,160.77,160.77,160.77,160.77,161.36,61,13871,2230040,
543292,"ICICI Prudential Mutual Fund",B,STK,152.06,155,152.06,153.54,152.69,151.68,188,4056,621632,
543298,"Vineet Laboratories Limited",B,STK,29.74,30.76,29.74,29.87,29.85,30.01,66,1372,41504,
543299,"Shyam Metalics and Energy Limi",A,STK,770.9,794.35,770.9,790.75,789,770.75,345,4595,3596640,
543300,"Sona BLW Precision Forgings Li",A,STK,500.75,518.25,500.5,512.05,512.05,500.65,2629,143679,73893885,
543306,"Dodla Dairy Limited",A,STK,1031.5,1032.95,1001.7,1009.85,1022,1039.3,176,1889,1916195,
543308,"Krishna Institute of Medical S",A,STK,698.35,712.45,681,688.4,688.4,693.75,2218,33493,23324692,
543311,"India Pesticides Limited",B,STK,149.8,153.4,149,151.8,151.5,149.75,163,3530,534600,
543317,"G R Infraprojects Limited",A,STK,919.75,936.75,919.75,934.5,933.05,916.55,128,1232,1137464,
543318,"Clean Science and Technology L",A,STK,754.95,754.95,735.65,751,747,736.65,601,10304,7693392,
543320,"Eternal Limited",A,STK,232.35,233.15,225,226.1,226.1,229.55,10121,12142542,2752704136,
543321,"Tatva Chintan Pharma Chem Limi",B,STK,1115.4,1169.05,1111.55,1156.35,1153.7,1096.15,242,1816,2081926,
543322,"ALIVUS LIFE SCIENCES LIMITED",A,STK,922,942.85,918.75,939.1,937.15,920.35,332,3707,3468099,
543323,"Mirae Asset Mutual Fund",B,STK,27.15,27.48,27.12,27.43,27.45,26.89,82,9890,269180,
543324,"Gretex Corporate Services Limi",T,STK,375.35,375.35,360.65,375.35,375.35,368,5,93,33569,
543325,"Rolex Rings Limited",B,STK,119.55,122.35,118.2,122.05,121.8,118.45,387,33499,4032130,
543326,"ICICI Prudential Mutual Fund",B,STK,53.1,53.2,52.78,52.97,53.05,52.67,356,68773,3639022,
543327,"Exxaro Tiles Limited",B,STK,6.82,7.02,6.61,6.84,6.97,6.88,164,32259,222158,
543328,"Krsnaa Diagnostics Limited",B,STK,591.6,610,591.6,606.2,610,588,383,7898,4740795,
543329,"Windlas Biotech Limited",B,STK,735.05,757.6,721.85,757,757.6,730.5,120,2428,1783308,
543330,"Devyani International Limited",A,STK,112.2,113.45,108.9,110.6,110.6,110,2108,121046,13335797,
543331,"Meghmani Organics Limited",B,STK,44.06,46,44.06,45.63,45.75,43.83,658,118044,5324572,
543332,"Epigral Limited",A,STK,868.3,893.3,866.05,885.45,882,867.1,199,1783,1562048,
543333,"CarTrade Tech Limited",A,STK,1765.35,1833,1750.9,1764.45,1764.45,1762.65,2811,16310,29223456,
543334,"Nuvoco Vistas Corporation Limi",A,STK,285.15,290.5,284.4,286.8,287.2,283,401,10581,3043263,
543335,"Aptus Value Housing Finance In",A,STK,225,232.75,223.55,231.95,231.95,221.35,2597,209920,48063879,
543336,"Chemplast Sanmar Limited",B,STK,239.95,268.55,229.9,257.8,252.6,236.3,2206,88721,22367451,
543341,"SHARPLINE BROADCAST LIMITED",X,STK,11.5,12.27,10.85,11.25,11.25,11.28,63,41289,475920,
543346,"Aashka Hospitals Limited",M,STK,67,71.75,67,69.38,71.75,74.5,2,2000,138750,
543347,"Axis Mutual Fund",B,STK,327,332.21,325.39,332.21,332.21,338.86,31,463,151757,
543348,"Axis Mutual Fund",B,STK,151.01,151.01,151.01,151.01,151.01,149.81,1,29,4379,
543349,"ACUTAAS CHEMICALS LIMITED",A,STK,2208.9,2268.05,2174.4,2226.3,2226.3,2154.3,1329,10431,23330019,
543350,"Vijaya Diagnostic Centre Limit",A,STK,1003.5,1003.5,939.75,947.45,948.6,946.5,212,4358,4122159,
543351,"Naapbooks Limited",MS,STK,87.2,87.2,87.2,87.2,87.2,94.5,1,1200,104640,
543357,"Axis Mutual Fund",B,STK,114.03,114.03,114.03,114.03,114.03,113.58,1,50,5701,
543358,"Sansera Engineering Limited",A,STK,2163,2190.95,2112.2,2184.05,2174.3,2096.05,530,8608,18543346,
543363,"Prevest Denpro Limited",M,STK,418,427,406.1,407.15,406.3,414.5,14,6000,2524790,
543364,"Markolines Pavement Technologi",B,STK,148,154.1,148,153.3,152.8,147.9,453,21718,3311045,
543365,"Mirae Asset Mutual Fund",B,STK,68.7,69.75,68.33,69.28,69.43,68.7,357,15134,1047621,
543366,"SBL Infratech Limited",M,STK,31,31,31,31,31,35.25,1,3600,111600,
543367,"Paras Defence and Space Techno",A,STK,738.6,738.6,680.1,703.1,703.1,719.1,10636,343533,240098662,
543373,"Shri Venkatesh Refineries Limi",M,STK,232.7,249.95,232.7,243.05,240,252.5,4,2000,486075,
543374,"Aditya Birla Sun Life AMC Limi",A,STK,902.5,1044.35,880.4,976.95,976.95,870.3,7924,222955,221606244,
543375,"Promax Power Limited",M,STK,15.65,17.96,15.65,17.26,17.26,17,11,37500,635375,
543378,"CWD Limited",MS,STK,319.8,319.8,318,318,318,311,2,1000,318900,
543383,"ICICI Prudential Mutual Fund",B,STK,114.29,114.94,114,114.66,114.66,113.7,16,378,43235,
543384,"FSN E-Commerce Ventures Limite",A,STK,250.9,258.2,250.7,257,257,249.55,2744,101576,25877001,
543386,"Fino Payments Bank Limited",B,STK,174.5,179,174.5,178.6,178.25,174.4,169,8291,1469768,
543387,"S.J.S. Enterprises Limited",A,STK,1605.05,1704.2,1605.05,1700.15,1700,1588.45,482,4771,7959767,
543388,"DSP Mutual Fund",B,STK,329.37,333.62,327.58,333.49,333.62,327.87,16,228,75091,
543389,"Sigachi Industries Limited",B,STK,19.6,19.6,18.93,19.48,19.47,18.73,351,125912,2417369,
543390,"PB Fintech Limited",A,STK,1447.95,1471.5,1431.9,1466.1,1466.1,1429.35,2110,21079,30812815,
543391,"Suyog Gurbaxani Funicular Rope",M,STK,109,109,109,109,109,109.95,1,750,81750,
543396,"One 97 Communications Limited",A,STK,1039.05,1065,1031.2,1040.5,1040.35,1038.05,3464,65548,68258959,
543397,"Sapphire Foods India Limited",A,STK,175.5,175.55,170.5,173.3,172.75,174.95,630,31588,5467798,
543398,"Latent View Analytics Limited",A,STK,308,308,299,306,306,304.7,1194,326087,99580458,
543399,"Tarsons Products Limited",B,STK,194,198.5,189.8,194.2,195.85,191.45,193,3576,694961,
543400,"Omnipotent Industries Limited",M,STK,4,4,3.98,3.98,3.98,4.18,4,12000,47880,
543401,"Go Fashion (India) Limited",B,STK,290,290,282.85,283.8,283.8,289.35,288,6355,1815272,
543410,"DMR ENGINEERING LIMITED",M,STK,38.74,39.99,38.59,38.99,38.99,35.32,7,13650,533656,
543411,"HI-TECH PIPES LIMITED",B,STK,78.58,79.71,78.36,79.15,79.25,77.72,579,45507,3586691,
543412,"Star Health and Allied Insuran",A,STK,444.25,457.3,444.25,451.6,450.05,447.1,1840,10054,4549508,
543413,"Tega Industries Limited",A,STK,1689.1,1786.1,1689.1,1739.05,1739.05,1689,361,2987,5202914,
543414,"Mirae Asset Mutual Fund",B,STK,23.07,23.29,22.89,23.29,23.29,22.53,187,43968,1021582,
543415,"Anand Rathi Wealth Limited",A,STK,3145.65,3171,3110,3152.25,3144.1,3145.35,663,3620,11368585,
543416,"Zodiac Energy Limited",B,STK,236.85,242.75,228.1,231.4,233,220.2,92,1131,263057,
543417,"RateGain Travel Technologies L",A,STK,471.85,502.7,470.9,492.9,494.65,470.2,809,23012,11234315,
543419,"Shriram Properties Limited",B,STK,72.61,74.43,72.61,74.14,74.19,72.53,188,275933,20437939,
543420,"Jet Freight Logistics Limited",B,STK,19.25,19.25,18.09,19.14,19.14,18.41,26,2298,42618,
543425,"C.E. Info Systems Limited",A,STK,984.55,1006.75,978.9,1001.75,1001.75,981.9,493,5000,4974559,
543426,"Metro Brands Limited",A,STK,951.7,963,944.25,946.7,947,951.6,182,1483,1414746,
543427,"Medplus Health Services Limite",A,STK,832.5,843.25,825.8,832.95,834.55,825.9,125,1273,1063807,
543428,"Data Patterns (India) Limited",A,STK,3559.95,3600,3428.8,3441.6,3441.6,3495.7,7511,66810,233548718,
543433,"HP Adhesives Limited",B,STK,33.2,33.65,32.5,32.77,32.68,33.19,184,7618,251616,
543434,"Supriya Lifescience Limited",A,STK,584.7,607.45,584.7,604.75,604.9,581,303,5703,3402541,
543435,"CLARA INDUSTRIES LIMITED",M,STK,39.9,39.9,39.9,39.9,39.9,38.5,1,4150,165585,
543437,"Motilal Oswal Mutual Fund",B,STK,94.65,96.54,94.37,95.76,95.41,94.65,169,4999,477422,
543438,"DSP Mutual Fund",B,STK,230.79,232.53,230.79,232.53,232.53,229.15,7,33,7627,
543440,"DSP Mutual Fund",B,STK,253.2,255.11,252.57,254.62,254.69,250.95,42,738,187154,
543441,"CMS Info Systems Limited",A,STK,296,296,288.25,293.85,293.5,295.1,852,17787,5201177,
543442,"Brand Concepts Limited",B,STK,235.6,247,235.6,247,247,236,41,881,215564,
543449,"WONDER ELECTRICALS LIMITED",B,STK,140.5,141.65,139.05,139.1,139.1,139.1,43,675,94083,
543450,"ICICI Prudential Mutual Fund",B,STK,26.72,27.61,26.72,27.55,27.61,26.71,135,27612,754825,
543451,"AGS TRANSACT TECHNOLOGIES LIMI",Z,STK,3.15,3.23,3.1,3.17,3.18,3.11,85,23606,74715,
543452,"ICICI Prudential Mutual Fund",E,STK,265.66,269,265.47,267.14,266.85,257.2,3889,324822,86819836,
543453,"ALKOSIGN LIMITED",M,STK,62.18,62.18,62.18,62.18,62.18,68,1,1125,69952,
543454,"Mirae Asset Mutual Fund",B,STK,154.35,156.5,154.35,156.32,156.49,153.4,16,278,43360,
543458,"AWL AGRI BUSINESS LIMITED",A,STK,176.75,180.9,175.9,179.2,179.2,175.75,3184,237680,42300387,
543461,"Safa Systems & Technologies Li",M,STK,17.5,18.1,17.5,18.03,18.1,18,3,50000,901500,
543462,"DEV INFORMATION TECHNOLOGY LIM",B,STK,26.87,27.3,25.4,27.02,27.3,26.77,117,13277,344890,
543463,"Vedant Fashions Limited",A,STK,358.6,369,355.5,364.7,364.7,358.5,3708,57439,20800618,
543464,"Maruti Interior Products Limit",MT,STK,213.6,213.6,213.6,213.6,213.6,203.45,1,1000,213600,
543465,"Motilal Oswal Mutual Fund",B,STK,60.6,61.2,60.21,60.72,61.15,60.01,46,2542,154266,
543470,"SoftTech Engineers Limited",B,STK,258,262,253,253,253,270,29,307,78813,
543471,"Aditya Birla Sun Life Mutual F",E,STK,266.65,268.7,265.54,266.71,266.26,257.06,1580,104594,27958100,
543472,"Aditya Birla Sun Life Mutual F",B,STK,33.29,33.29,32.25,32.71,32.71,32.48,13,1578,51042,
543473,"Aditya Birla Sun Life Mutual F",B,STK,14.8,15.55,14.8,15.48,15.49,15.32,114,9308,143031,
543474,"Aditya Birla Sun Life Mutual F",B,STK,28.06,28.65,28.04,28.33,28.65,28.06,335,17969,506517,
543480,"ICICI Prudential Mutual Fund",F,STK,64.65,64.65,64.45,64.45,64.45,64.58,4,102,6574,
543481,"Mirae Asset Mutual Fund",B,STK,20.68,21.82,20.68,21.56,21.56,21.22,857,787218,16939093,
543482,"Eureka Forbes Limited",A,STK,429.15,442.3,426.6,438.55,439.85,426.25,522,9382,4086607,
543489,"Gateway Distriparks Limited",B,STK,56.16,57.35,56.16,57.25,57.35,56.37,287,27787,1577207,
543490,"GMR Power and Urban Infra Limi",A,STK,106.1,108.15,105.15,106.95,106.95,104.25,521,57350,6120903,
543498,"Motherson Sumi Wiring India Li",A,STK,40.41,40.91,40.03,40.74,40.86,40.16,2415,386042,15586734,
543499,"Achyut Healthcare Limited",B,STK,5.3,5.35,4.87,4.97,5.12,5.2,136,40329,206633,
543500,"Evoq Remedies Limited",M,STK,2.67,2.82,2.67,2.8,2.8,2.67,6,24000,66440,
543501,"Motilal Oswal Mutual Fund",B,STK,36.87,37.19,36.8,36.81,36.81,37.68,9,142,5258,
543512,"Avro India Limited",B,STK,134.45,135.6,132,133.55,133.55,129.25,269,18802,2522122,
543513,"Uma Exports Limited",B,STK,23.12,23.57,22.5,22.63,22.5,22.99,45,1935,44589,
543514,"Veranda Learning Solutions Lim",B,STK,156.65,161,154.85,160,160,153.5,192,176322,28136101,
543515,"Sunrise Efficient Marketing Li",M,STK,58.5,58.5,58.5,58.5,58.5,61.57,26,31500,1842750,
543516,"DHYAANI TRADEVENTTURES LIMITED",M,STK,6.39,6.39,6.39,6.39,6.39,6.72,23,86800,554652,
543517,"Hariom Pipe Industries Limited",B,STK,337.8,338.5,324.25,329.35,330.6,334.35,414,8277,2720641,
543520,"Global Longlife Hospital and R",MT,STK,16.49,16.49,15.49,15.49,15.49,16.3,14,15000,236840,
543523,"Campus Activewear Limited",A,STK,240.25,240.25,235,236.15,236.15,239.45,317,9425,2233942,
543524,"Rainbow Children's Medicare Li",A,STK,1206.85,1206.85,1161.5,1182.15,1182,1178.7,365,4120,4845562,
543525,"Silver Touch Technologies Limi",B,STK,130.2,140,127.65,127.65,127.65,134.35,182,30404,3903362,
543526,"LIFE INSURANCE CORPORATION OF",A,STK,815,825,807.4,822.35,825,805.15,1510,30030,24488252,
543527,"Prudent Corporate Advisory Ser",A,STK,2200.85,2267,2165.65,2223.6,2244.25,2183.25,610,18269,40467787,
543528,"Venus Pipes & Tubes Limited",B,STK,1005.95,1016.9,998.05,1002.65,1002.65,992.1,392,4548,4578038,
543529,"Delhivery Limited",A,STK,416.05,427.25,416.05,426.1,426.45,415.5,847,23107,9754297,
543530,"Paradeep Phosphates Limited",A,STK,104.95,110.55,103.8,108.35,108.35,103.35,4117,659581,70767240,
543531,"Tierra Agrotech Limited",X,STK,39.98,39.98,37.16,39.89,39.89,38.19,15,45,1734,
543532,"ETHOS LIMITED",A,STK,2178.95,2202.1,2171.9,2192.45,2197.9,2193.25,116,647,1415484,
543533,"eMudhra Limited",B,STK,414.9,418.15,412.1,417,417.35,414.95,206,4986,2074069,
543534,"Aether Industries Limited",A,STK,1010.25,1013.55,985.9,1001.35,1000.5,986.4,459,6245,6274631,
543535,"We Win Limited",B,STK,41.3,42.17,41.07,41.35,41.35,41.3,113,628,26054,
543538,"Goel Food Products Limited",M,STK,12.58,12.58,10.62,11.25,11.25,12.58,10,26000,301240,
543539,"MODI'S NAVNIRMAN LIMITED",B,STK,335,335,312,312,312,323.9,60,1064,339447,
543540,"Pearl Green Clubs and Resorts",M,STK,126,131,126,129.95,129.95,127.9,13,12000,1540320,
543542,"KESAR INDIA LIMITED",M,STK,1175.05,1185,1149,1177.7,1175,1174.25,34,16800,19680430,
543543,"B-RIGHT REALESTATE LIMITED",MT,STK,801,801,775,799,799,793.45,4,9600,7654400,
543544,"JAYANT INFRATECH LIMITED",M,STK,64,64.3,60.02,60.91,61,61,15,15750,968197,
543545,"Veerkrupa Jewellers Limited",M,STK,0.79,0.87,0.71,0.83,0.86,0.76,21,434200,348696,
543546,"HEALTHY LIFE AGRITEC LIMITED",M,STK,7.08,7.63,7.08,7.08,7.08,7.45,32,118000,842640,
543547,"DDEV PLASTIKS INDUSTRIES LIMIT",B,STK,258.9,264.15,258.9,260,260,259.25,182,4357,1138281,
543563,"Motilal Oswal Mutual Fund",B,STK,43.18,44.82,43.18,44.69,44.76,44.29,71,2435,108051,
543568,"ICICI Prudential Mutual Fund",B,STK,30.54,30.8,30.37,30.75,30.8,30.03,96,24822,761162,
543569,"HDFC Mutual Fund",B,STK,25.64,26.21,25.33,26.2,25.6,25.34,21,937,24064,
543570,"HDFC Mutual Fund",B,STK,68.11,69.05,67.6,68.86,69.05,67.55,58,7663,522964,
543571,"ICICI Prudential Mutual Fund",B,STK,94.23,94.96,93.55,93.91,94.8,93.88,138,4236,397724,
543572,"DSP Mutual Fund",E,STK,256.52,260.45,256.52,258.27,258.27,248.86,757,9755,2521307,
543573,"Syrma SGS Technology Limited",A,STK,748.95,765.45,740,761,761,729.65,2731,82012,61723016,
543574,"Aditya Birla Sun Life Mutual F",B,STK,20.48,20.63,20.47,20.63,20.63,20.29,65,5703,117225,
543575,"Aditya Birla Sun Life Mutual F",B,STK,29.58,31.1,29.58,30.99,31.1,30.34,34,9917,299792,
543576,"Motilal Oswal Mutual Fund",B,STK,118.69,118.93,116.39,117.33,117.33,116.77,278,93363,10949690,
543577,"Motilal Oswal Mutual Fund",B,STK,190.99,192.52,189.19,192.52,192.52,193.8,5,14,2672,
543578,"Olatech Solutions Limited",M,STK,151.95,151.95,151.95,151.95,151.95,152,1,925,140553,
543590,"Rhetan TMT Limited",B,STK,24.62,25.5,24.46,24.82,24.77,24.53,356,134103,3329842,
543591,"DREAMFOLKS SERVICES LIMITED",B,STK,73.02,75.61,73.02,75.05,74.6,73.01,267,14262,1058121,
543592,"HDFC Mutual Fund",E,STK,255.66,259.24,255.4,256.52,256.45,247.13,2908,229585,58990215,
543593,"Dhampur Bio Organics Limited",B,STK,100.15,102.5,99.4,101.45,101.95,99.15,256,10523,1059761,
543594,"DIPNA PHARMACHEM LIMITED",M,STK,8.5,8.88,8.49,8.88,8.88,8.5,6,18000,156450,
543595,"EP BIOCOMPOSITES LIMITED",M,STK,96,96,96,96,96,90.01,1,500,48000,
543596,"Tamilnad Mercantile Bank Limit",A,STK,605.65,640.7,602,636.15,636.15,595.1,2265,18936,11839603,
543597,"Virtuoso Optoelectronics Limit",M,STK,345.5,352.2,335,337.25,335,339.1,89,47750,16269150,
543599,"Ksolves India Limited",B,STK,293.3,293.3,282.2,287.5,283.1,283,114,2000,569479,
543600,"Harsha Engineers International",B,STK,355.05,358.65,354.75,356.05,356,354.75,104,600,213665,
543606,"CONTAINE TECHNOLOGIES LIMITED",M,STK,13.21,13.7,13.15,13.19,13.15,13.79,14,44000,581420,
543607,"HDFC Mutual Fund",B,STK,116.56,117.6,115.73,117.44,117.6,116.56,26,642,74815,
543608,"HDFC Mutual Fund",B,STK,130.81,131.46,130.81,131.46,131.46,130.04,4,26,3412,
543613,"MAFIA TRENDS LIMITED",M,STK,7,7,6.5,6.5,6.5,7,2,12000,80000,
543614,"Tips Films Limited",B,STK,341.1,343.25,335,341,343,334.2,10,12,4072,
543615,"SILICON RENTAL SOLUTIONS LIMIT",M,STK,89,89,84,87,87,90.71,15,15200,1315888,
543616,"Trident Lifeline Limited",M,STK,258,258,248.3,250.65,250.5,259.75,57,34800,8718480,
543618,"Cargotrans Maritime Limited",M,STK,155,155,147.5,147.5,147.5,147,2,3000,453750,
543619,"Concord Control Systems Limite",M,STK,2250,2269.9,2185,2237.95,2206,2209.05,18,4200,9288070,
543620,"INSOLATION ENERGY LIMITED",B,STK,98.7,101.8,97.85,99.85,99.85,96.8,2215,190343,18928439,
543622,"STEELMAN TELECOM LIMITED",M,STK,68,75,68,74.75,74.5,71,3,30000,2056200,
543623,"VEDANT ASSET LIMITED",M,STK,40.2,40.2,40.2,40.2,40.2,38.61,1,1500,60300,
543626,"Electronics Mart India Limited",A,STK,90.1,95.05,90.1,94.45,94.45,90.05,514,19260,1785627,
543627,"HDFC Mutual Fund",B,STK,20.09,20.26,20.03,20.26,20.26,20.5,15,749,15105,
543628,"HDFC Mutual Fund",B,STK,30.14,30.59,30.14,30.49,30.59,29.72,28,611,18532,
543635,"PIRAMAL PHARMA LIMITED",A,STK,151.55,156,151.3,155.5,156,151.3,770,75322,11565445,
543636,"Dc Infotech and Communication",B,STK,249,250,248.45,250,250,241.3,9,42,10481,
543637,"PACE E-COMMERCE VENTURES LIMIT",M,STK,13.5,14.09,13.5,14.03,14,14,11,13200,184284,
543638,"Tracxn Technologies Limited",B,STK,35.4,35.4,33.04,33.69,33.69,33.32,275,271605,9149472,
543643,"Narmada Agrobase Limited",B,STK,31.7,32.23,31.7,31.95,31.95,31.04,170,12255,391596,
543644,"InfoBeans Technologies Limited",B,STK,145.85,148.5,140.7,144.35,145.35,144.25,680,19143,2751670,
543645,"HINDPRAKASH INDUSTRIES LIMITED",B,STK,120.05,120.05,118.2,118.2,118.2,118,3,9,1073,
543650,"DCX Systems Limited",B,STK,198.05,200.25,191.65,193.05,193.05,196,1835,194487,37815417,
543651,"DAPS ADVERTISING LIMITED",M,STK,15.1,15.1,15,15,15,15.05,2,8000,120400,
543652,"FUSION FINANCE LIMITED",B,STK,168.95,172.9,166.3,171.85,172.4,166.55,203,6150,1040394,
543653,"Bikaji Foods International Lim",A,STK,609.85,619,609.85,614.75,614,606.15,589,7564,4654214,
543654,"Global Health Limited",A,STK,1108.2,1125,1103.6,1106.3,1107.65,1089.3,598,2471,2748809,
543657,"Archean Chemical Industries Li",A,STK,532.2,550.35,532.2,547.6,544.6,532.1,302,4656,2526521,
543663,"Five-Star Business Finance Ltd",A,STK,385.8,395.75,383.4,388.25,388.25,383.45,1755,190763,74205268,
543664,"KAYNES TECHNOLOGY INDIA LIMITE",A,STK,3781.9,3853,3713,3838.8,3842.9,3700.6,5244,66162,249866637,
543665,"HDFC Mutual Fund",B,STK,31.8,32.05,31.65,32.03,32.05,31.88,26,4457,141933,
543666,"HDFC Mutual Fund",B,STK,27.33,27.73,27.25,27.6,27.55,27.16,37,1177,32392,
543667,"INOX GREEN ENERGY SERVICES LIM",A,STK,150.95,151.5,146,147.3,147.3,147.75,695,39078,5772285,
543668,"B&B Triplewall Containers Limi",B,STK,168.05,168.05,168,168,168,168,3,5,840,
543669,"Keystone Realtors Limited",B,STK,400.8,416,397.4,409.35,409,410.55,95,1562,636133,
543670,"VINNY OVERSEAS LIMITED",B,STK,1.01,1.07,1,1.03,1.06,1.02,98,330827,339814,
543671,"AAA TECHNOLOGIES LIMITED",B,STK,91.25,95.2,91.25,95.2,95.2,90.7,71,3828,362367,
543677,"ICICI Prudential Mutual Fund",B,STK,30.4,31,30.4,30.98,31,30.04,153,4390,135267,
543678,"AMBO AGRITEC LIMITED",M,STK,28.4,28.4,28.4,28.4,28.4,28.6,1,1000,28400,
543686,"Sirca Paints India Limited",B,STK,450,450,437.45,439.25,437.95,433,282,12640,5569769,
543687,"Dharmaj Crop Guard Limited",B,STK,243,251,239.5,248.95,251,240.6,80,2203,537833,
543688,"Sarveshwar Foods Limited",B,STK,3.31,3.37,3.26,3.3,3.31,3.31,716,843085,2786279,
543689,"Uniparts India Limited",B,STK,445.1,460.25,445.1,459.75,460.25,445.05,105,11307,5181858,
543709,"PNGS GARGI FASHION JEWELLERY L",M,STK,712.05,731.95,690,710.55,710.55,712.05,103,18500,13170762,
543710,"ICICI Prudential Mutual Fund",B,STK,97.1,98.23,97.1,98.23,98.23,96.4,30,767,74863,
543711,"Sula Vineyards Limited",A,STK,161.25,165,160.45,163.8,163.8,161.05,739,44472,7238756,
543712,"ABANS FINANCIAL SERVICES LIMIT",B,STK,203,205.6,201.05,205,205,201,43,2257,457554,
543713,"Droneacharya Aerial Innovation",M,STK,37.15,37.15,37.15,37.15,37.15,35.39,14,16000,594400,
543714,"LANDMARK CARS LIMITED",B,STK,359.3,373.1,357.3,362.4,370,359.2,304,4750,1733598,
543720,"KFin Technologies Limited",A,STK,920.75,956.2,918.2,945.15,945.15,912.5,3098,54160,50966202,
543725,"Elin Electronics Limited",B,STK,118.65,122.55,116.15,121.1,120,116.6,433,25237,3026046,
543732,"Radiant Cash Management Servic",B,STK,37.27,37.83,36.4,37.61,37.83,36.37,89,10195,375956,
543737,"Aveer Foods Limited",X,STK,530,532,526,532,532,526.2,4,8,4242,
543738,"DSP Mutual Fund",B,STK,58,58.25,57.62,58.11,58.11,57.32,12,463,26927,
543743,"Aeroflex Neu Limited",B,STK,75.75,75.75,65.61,70,70,70,21,192,14175,
543745,"SVS VENTURES LIMITED",M,STK,11.97,12,11.05,11.05,11.05,11.98,16,114000,1345980,
543746,"LOGICA INFOWAY LIMITED",M,STK,194,194,180,180,180,199.5,17,11400,2118210,
543747,"Kamdhenu Ventures Limited",B,STK,4.49,4.49,4.01,4.24,4.2,4.15,239,83182,352455,
543748,"Aarti Pharmalabs Limited",A,STK,684.95,695,681.7,685.55,695,681.5,458,7390,5087292,
543765,"Earthstahl & Alloys Limited",M,STK,16.5,16.5,15.3,15.3,15.3,15.7,3,12000,190800,
543766,"Ashika Credit Capital Ltd.",B,STK,363,371.7,358.5,359.5,359.5,356.1,355,65175,23840884,
543767,"BODHI TREE MULTIMEDIA LIMITED",B,STK,6.91,7.32,6.91,7.05,7.05,7.09,114,64256,458899,
543768,"NMDC Steel Limited",A,STK,37.6,38.05,37.29,37.64,37.6,37.31,1009,334491,12566962,
543774,"HDFC Mutual Fund",B,STK,35.68,36.04,34.76,35.9,35.98,35.5,33,1774,63460,
543775,"HDFC Mutual Fund",B,STK,151.96,156.47,151.96,154.91,154.88,151.95,991,76345,11767045,
543776,"HDFC Mutual Fund",B,STK,21.36,21.47,21.16,21.39,21.47,21.39,228,23057,490952,
543781,"Mirae Asset Mutual Fund",E,STK,157,157,154.39,155.13,155.45,153.67,693,47134,7301017,
543782,"Sealmatic India Limited",M,STK,322.25,334,322.1,330.05,330,325.2,22,4860,1598175,
543787,"Macfos Limited",M,STK,850,940,850,918.45,924.9,895,18,2970,2685927,
543798,"Patron Exim Limited",M,STK,2.1,2.1,2.1,2.1,2.1,2.04,1,4000,8400,
543799,"S. V. J. Enterprises Limited",MT,STK,463,463,463,463,463,441.7,1,750,347250,
543805,"RESGEN LIMITED",M,STK,55.67,58.47,55.31,57.25,57.25,55.94,12,9750,554385,
543806,"ITCONS E-Solutions Limited",M,STK,365,365,290,304.3,304.3,340.45,167,51000,15811310,
543811,"AIRAN LIMITED",B,STK,16.2,16.3,15.81,16.08,15.87,15.72,29,6958,111646,
543812,"DIVGI TORQTRANSFER SYSTEMS LIM",B,STK,734.05,773,730.55,749.35,752.9,734,520,4482,3353849,
543813,"Aditya Birla Sun Life Mutual F",F,STK,999.99,999.99,999.99,999.99,999.99,1000,3,2907,2906970,
543814,"PROSPECT CONSUMER PRODUCTS LIM",M,STK,56,56,54.1,54.1,54.1,56.8,2,2000,110100,
543819,"ICICI Prudential Mutual Fund",B,STK,91.3,91.38,90.09,90.97,91.38,89.08,78,6289,568331,
543828,"SUDARSHAN PHARMA INDUSTRIES LI",M,STK,25.44,25.99,24.3,25.82,25.94,24.91,15,80000,2020880,
543829,"Global Surfaces Limited",B,STK,73.64,73.89,71,71.45,71,73.64,31,1095,79517,
543831,"Bright Outdoor Media Limited",M,STK,401.65,405.85,399.9,405.85,405.85,406.9,11,4125,1654293,
543848,"Dev Labtech Venture Limited",MT,STK,89.9,90.5,89.5,90.5,90.5,90,7,10000,898900,
543853,"Axis Mutual Fund",B,STK,80.18,80.18,79.88,79.88,79.88,80.86,2,2,160,
543860,"J.A. Finance Limited",XT,STK,82.35,86.3,78.25,78.3,78.3,82.35,18,2703,216504,
543861,"Udayshivakumar infra limited",T,STK,24.4,26,24.1,24.99,26,24.84,16,1729,42746,
543874,"Maiden Forgings Limited",M,STK,85.5,89.1,82.51,85.81,89.1,90,5,5000,426010,
543895,"Exhicon Events Media Solutions",M,STK,480.8,494,480.8,490.55,488.7,466.25,38,30000,14627737,
543896,"Avalon Technologies Limited",A,STK,920.4,959,917.75,950.55,948.7,905.55,766,86213,81441129,
543897,"Sancode Technologies Limited",MT,STK,241.7,246.5,241.7,246.5,246.5,241.7,4,6000,1457400,
543898,"BEML Land Assets Limited",B,STK,176.6,178.5,175,176.25,177.05,176.7,332,4126,726978,
543900,"UTI Mutual Fund",E,STK,243.23,260.76,243.23,258.68,258.5,249.47,1388,107105,27736826,
543901,"ROBUST HOTELS LIMITED",B,STK,188,188,181.3,183.15,183.15,183.9,15,309,56998,
543902,"Retina Paints Limited",M,STK,57.7,57.9,54.5,56.28,55,53.99,8,16000,890980,
543903,"DSP Mutual Fund",E,STK,153.46,155.64,153.13,155.35,155.51,153.42,76,4289,664539,
543904,"Mankind Pharma Limited",A,STK,2208.05,2245,2169.35,2237.8,2239,2162.05,2362,18499,40738081,
543905,"INNOKAIZ INDIA LIMITED",MT,STK,12.35,12.35,12.35,12.35,12.35,12.65,2,1600,19760,
543910,"AVG Logistics Limited",B,STK,137.3,139,135.25,135.4,135.25,134.5,130,3983,545048,
543911,"Atal Realtech Limited",B,STK,25,25,23.03,23.28,23.5,22.77,108,39274,925180,
543912,"Power & Instrumentation (Gujar",B,STK,102,104.4,99,100.6,100.6,97.45,58,2956,300181,
543913,"Nexus Select Trust",IF,STK,155.3,155.99,154.15,155.17,155,155.42,261,2552,395991,
543914,"Swati Projects Limited",X,STK,31.26,31.5,30.34,31.14,30.56,30.12,44,10152,315410,
543915,"Pavna Industries Limited",B,STK,19.95,19.95,18.29,18.89,18.89,19.15,96,5976,115924,
543916,"Hemant Surgical Industries Lim",M,STK,256,261,253.05,259,259,253.05,8,9600,2470660,
543917,"SIGMA SOLVE LIMITED",B,STK,39.3,39.8,38.11,39.35,39.5,37.73,112,14272,555690,
543918,"GHCL Textiles Limited",B,STK,72.09,75,71.4,74.46,74.03,71.58,1246,29083,2121687,
543919,"M.K.Proteins Limited",B,STK,4.55,4.87,4.55,4.75,4.75,4.55,99,19720,93235,
543920,"CFF FLUID CONTROL LIMITED",M,STK,524.95,525,518.5,523.6,522,519.75,62,14800,7730450,
543921,"Comrade Appliances Limited",M,STK,39.1,40,39.1,39.1,39.1,40.8,8,10000,393300,
543922,"Mirae Asset Mutual Fund",E,STK,261.65,264.37,259.55,260.09,261.16,252.44,470,26979,7071321,
543923,"IKIO Technologies Limited",B,STK,134,135.65,132,134.6,135.65,131.85,170,3806,507416,
543924,"Sonalis Consumer Products Limi",M,STK,54.4,54.5,52.01,54,54,50.01,12,26000,1400600,
543926,"Bizotic Commercial Limited",MT,STK,1014,1014,965,999.9,1003.8,978,15,19200,19262000,
543927,"Asian Warehousing Limited",X,STK,36.49,36.49,34.1,35.09,35,37.5,23,744,26343,
543928,"Cosmic CRF Limited",M,STK,931.05,959,930,933.4,934.95,928.1,54,6800,6391285,
543929,"HMA Agro Industries Limited",B,STK,24.33,24.7,24.16,24.42,24.6,24.16,98,3395,82886,
543930,"Uravi Defence and Technology L",B,STK,135,139.85,133,139.5,137.9,139.65,568,18584,2568634,
543931,"VEEFIN SOLUTIONS LIMITED",M,STK,258.2,263.95,253,255.55,258.5,254.7,67,24200,6219180,
543932,"IDEAFORGE TECHNOLOGY LIMITED",B,STK,454.05,459.15,437.7,443.95,447.45,448.35,1107,33733,14943310,
543933,"Cyient DLM Limited",B,STK,292,305.4,290,301.9,300.6,289.05,821,23460,6923180,
543934,"Machhar Industries Limited",X,STK,300.2,331,300.2,331,331,316,4,36,10853,
543935,"DSP Mutual Fund",B,STK,31.33,31.79,31.33,31.72,31.7,32.06,29,2744,86833,
543936,"Senco Gold Limited",A,STK,298.25,300.1,293.35,298.25,298.25,292.4,524,17546,5189569,
543939,"Kaka Industries Limited",M,STK,175,180,175,179,179.3,172.55,27,14000,2480825,
543940,"Jio Financial Services Limited",A,STK,236.65,237.5,231.4,236.1,236.1,232.2,6173,1104007,259175535,
543941,"AHASOLAR TECHNOLOGIES LIMITED",M,STK,72,72,72,72,72,72.99,1,400,28800,
543942,"UTKARSH SMALL FINANCE BANK LIM",B,STK,12.7,12.82,12.55,12.66,12.66,12.51,745,635530,8033880,
543943,"ASARFI HOSPITAL LIMITED",M,STK,164.5,165,160.5,162.5,162.5,164.85,28,29000,4724750,
543944,"Mirae Asset Mutual Fund",B,STK,576.72,579.88,575.77,579.65,579.5,569.32,87,256,147911,
543945,"NETWEB TECHNOLOGIES INDIA LIMI",A,STK,3275.35,3355.25,3236.35,3324.1,3324.1,3201,12631,177623,586716728,
543946,"Mirae Asset Mutual Fund",F,STK,1000,1000.01,1000,1000.01,1000,1000,31,12729,12729016,
543947,"DSP BSE Sensex ETF",A,STK,80.16,80.16,79.81,79.93,79.93,79.77,9,72,5754,
543948,"DSP Mutual Fund",B,STK,88.06,91.04,88.06,90.75,90.95,88.57,27,1635,148174,
543949,"DSP Mutual Fund",B,STK,26.58,27.54,26.58,27.48,27.42,26.86,14,1075,29447,
543950,"YATHARTH HOSPITAL & TRAUMA CAR",A,STK,670,687.15,668.3,680.95,681.05,664.4,668,14876,10155999,
543952,"NIIT Learning Systems Limited",A,STK,310.35,326,306.4,323,323,313.25,99,1538,486894,
543953,"Khazanchi Jewellers Limited",M,STK,722.05,733,718,730.45,732.4,719.75,72,32250,23250800,
543954,"Allcargo Terminals Limited",B,STK,23.26,24.11,23.22,23.52,23.52,23.49,112,12461,294004,
543955,"Transindia Real Estate Limited",B,STK,25.39,25.69,24.64,24.85,24.96,24.03,60,11370,284893,
543956,"ICICI Prudential Mutual Fund",B,STK,20.35,20.37,20.29,20.37,20.37,20.29,11,207,4210,
543957,"REDTAPE Limited",B,STK,116.55,118.35,115.65,116.35,115.65,114.6,366,15661,1831013,
543958,"VL E-Governance & IT Solutions",B,STK,13.61,14.95,11.37,13.43,13.43,14.21,1602,692852,9348286,
543959,"SBFC Finance Limited",A,STK,92.3,93.9,92.08,92.98,93.9,92.34,793,25354,2353590,
543960,"Concord Biotech Limited",A,STK,1160.5,1228.15,1160.5,1198.35,1199,1177.3,564,6913,8296759,
543962,"D.P. WIRES LIMITED",B,STK,139.45,139.55,136.45,139.55,139.55,136.2,33,1204,165887,
543963,"SHELTER PHARMA LIMITED",M,STK,31.52,34,31.52,33.79,33.79,31.05,9,45000,1507440,
543965,"TVS Supply Chain Solutions Lim",T,STK,107.7,108.1,103.55,105.85,105.85,106.85,460,52856,5624882,
543969,"Pyramid Technoplast Limited",B,STK,151.75,151.75,147.2,147.95,147.6,145.85,111,609,90840,
543970,"Shoora Designs Limited",MT,STK,51,51,50.15,50.15,50.15,52.78,2,3000,151725,
543971,"Bondada Engineering Limited",M,STK,296.4,300,285,289.1,289.1,285.55,640,198400,58086230,
543972,"Aeroflex Industries Limited",B,STK,219.55,223.8,217.15,220.5,220.5,215.9,752,35290,7751385,
543973,"HDFC Mutual Fund",F,STK,1051.31,1051.31,1051.31,1051.31,1051.31,1051.18,2,900,946179,
543974,"VISHNU PRAKASH R PUNGLIA LIMIT",B,STK,39.8,42.2,38.05,38.77,38.77,39.72,2961,458951,18460277,
543975,"UTI Mutual Fund",B,STK,213.16,213.16,211.79,213,213,210.18,7,452,95905,
543976,"Shradha AI Technologies Limite",X,STK,29.4,29.56,27.15,27.98,27.98,28.42,176,25402,721441,
543977,"Rishabh Instruments Limited",B,STK,383.4,409.55,382.45,400.15,402.35,374.75,95,1087,430114,
543978,"Ratnaveer Precision Engineerin",B,STK,137.5,140.6,136.7,140.2,140,136.05,349,18664,2579818,
543979,"Kahan Packaging Limited",M,STK,41,41.8,41,41.8,41.8,41,2,4800,199360,
543980,"Jupiter Life Line Hospitals Li",A,STK,1254.1,1273,1241.3,1269.15,1273,1254.05,80,173,217619,
543981,"R R KABEL LIMITED",A,STK,1504.65,1531.95,1447.15,1456.2,1460.5,1490.65,759,11015,16252386,
543982,"QUEST FLOW CONTROLS LIMITED",M,STK,152,154.95,145.65,146.2,148,144.5,36,20600,3059310,
543983,"EMS LIMITED",B,STK,258.6,263.15,256.5,259.2,259.05,257.9,755,20960,5458742,
543984,"Samhi Hotels Limited",A,STK,148.1,155.9,147,154.3,154.4,146.95,971,53086,8072652,
543985,"ZAGGLE PREPAID OCEAN SERVICES",A,STK,222.75,225.3,217.75,224.35,224.45,216.5,936,45516,10096959,
543986,"South West Pinnacle Exploratio",B,STK,203.15,212,198.45,205.9,204.7,198.5,133,7531,1545453,
543988,"Nuvama Wealth Management Limit",A,STK,1223.95,1242.2,1216.8,1237.8,1241,1206.15,810,6999,8615601,
543989,"Sai Silks (Kalamandir) Limited",B,STK,103.3,105,101.55,102.7,103.1,103.2,391,20041,2066918,
543990,"SIGNATUREGLOBAL (INDIA) LIMITE",A,STK,901.2,901.2,875,884.2,875,874.15,402,14362,12679958,
543991,"TECHKNOWGREEN SOLUTIONS LIMITE",M,STK,112.55,112.55,112.5,112.5,112.5,112.5,3,1200,135020,
543992,"YATRA ONLINE LIMITED",B,STK,112.4,113.35,108.85,109.8,109.45,111.8,1902,87074,9640921,
543993,"ARCL Organics Ltd",X,STK,181.5,188.85,175.3,180,180,180.6,26,2606,472495,
543994,"JSW Infrastructure Limited",A,STK,265,267.55,259.7,262.6,263.1,263.25,2233,100641,26452722,
543995,"MANOJ VAIBHAV GEMS 'N' JEWELLE",B,STK,150.5,157.95,148.15,155.85,157.95,148.35,166,12722,1917379,
543996,"Updater Services Limited",B,STK,149.25,151.85,148.5,149.9,150.15,149.35,184,9227,1377523,
543997,"ORGANIC RECYCLING SYSTEMS LIMI",M,STK,230.3,234.9,230.3,232.05,232,231.05,11,7200,1674960,
543998,"Valiant Laboratories Limited",B,STK,55.16,55.16,53.58,53.58,53.58,53.52,7,108,5791,
543999,"Mirae Asset Mutual Fund",A,STK,79.96,80.4,79.88,80.38,80.4,79.57,97,101987,8174321,
544001,"Sunita Tools Limited",M,STK,949.9,975.25,939,975.25,975.25,928.85,134,21375,20650562,
544003,"Plaza Wires Limited",B,STK,36.11,36.78,35,36.4,36.4,36.05,275,5694,205137,
544004,"IRM ENERGY LIMITED",B,STK,208.55,211.15,204,209.6,209.6,205.65,361,6991,1453691,
544006,"Mirae Asset Mutual Fund",B,STK,31.77,31.77,31.3,31.6,31.65,31.9,273,102300,3225646,
544007,"Mirae Asset Mutual Fund",B,STK,23.43,24.59,23.43,24.5,24.53,24.04,109,14026,342691,
544008,"Max Estates Limited",B,STK,395.25,395.25,375.95,378.8,380.1,383.8,92,1190,459296,
544009,"Blue Jet Healthcare Limited",A,STK,375.7,380.65,373.85,376.9,377.85,375.65,558,13634,5139680,
544010,"SBI Mutual Fund",F,STK,1000.01,1000.01,1000.01,1000.01,1000.01,1000.01,1,1,1000,
544011,"Vrundavan Plantation Limited",M,STK,32.7,33.15,32.7,33.15,33.15,33.5,2,15600,510660,
544012,"Cello World Limited",A,STK,395.05,400.35,391.75,397.45,397.9,394.7,418,10649,4199588,
544014,"Honasa Consumer Limited",A,STK,287.2,291.65,287.2,289.2,288,287,472,16409,4750854,
544015,"Mish Designs Limited",M,STK,51,51,50.45,50.45,50.45,53.1,7,4000,202580,
544020,"ESAF Small Finance Bank Ltd",B,STK,24.79,25.45,24.5,25.09,25.35,24.97,492,29611,741230,
544021,"Protean eGov Technologies Limi",A,STK,534,542.45,525.1,532.1,535,530.5,1741,40889,21713701,
544022,"ASK Automotive Limited",B,STK,385.05,396.95,381,393.5,394.1,380.4,293,4682,1809915,
544023,"Kalyani Cast-Tech Limited",M,STK,490,510.5,490,510,510,497.35,29,7500,3786962,
544025,"Arrowhead Seperation Engineeri",M,STK,70.5,70.5,70.5,70.5,70.5,70,1,600,42300,
544026,"Indian Renewable Energy Develo",A,STK,116.65,117.45,114.4,117.05,117.05,114.45,6661,800402,92733159,
544027,"Fedbank Financial Services Lim",B,STK,122.45,125.5,120.7,124.85,124.85,121.25,596,59475,7373205,
544028,"Tata Technologies Limited",A,STK,568.9,572.95,559.4,566.9,569.65,565.95,1613,50918,28756010,
544029,"Gandhar Oil Refinery (India) L",B,STK,130.95,131.7,128.75,131.15,131.15,127.8,584,19716,2575637,
544030,"Flair Writing Industries Limit",B,STK,301.85,308.7,300.3,307,304.9,298.1,239,6995,2134607,
544035,"Swashthik Plascon Limited",M,STK,21.5,21.5,20.2,20.2,20.2,21.3,5,8000,168656,
544036,"DEEPAK CHEMTEX LIMITED",M,STK,93,93,90.55,91.2,91,93,18,14400,1318880,
544037,"Amic Forging Limited",M,STK,1369,1379,1340,1351.2,1355,1355.9,33,4500,6107865,
544042,"Bajel Projects Limited",B,STK,146.3,150.6,145,145.95,145,147.6,353,32950,4844820,
544043,"BARODA BNP PARIBAS MUTUAL FUND",E,STK,155.06,155.8,154.1,154.4,154.4,152.76,9,217,33489,
544044,"India Shelter Finance Corporat",A,STK,688.35,709.35,687.9,704.1,701.35,681.35,328,6038,4214865,
544045,"DOMS Industries Limited",A,STK,2074.35,2124.4,2060,2114.85,2124.4,2056.45,507,2673,5604645,
544046,"INOX India Limited",A,STK,1157.15,1209.8,1157.15,1193.95,1188.15,1160.45,721,8250,9859208,
544047,"Siyaram Recycling Industries L",M,STK,39.5,40.9,39,39.31,39.31,39.29,49,79500,3164940,
544052,"Benchmark Computer Solutions L",M,STK,23.22,24,23.22,24,24,24.6,2,4000,94440,
544053,"Motisons Jewellers Limited",B,STK,13.64,14.33,13.59,14.2,14.24,13.64,498,205162,2863720,
544054,"Suraj Estate Developers Limite",B,STK,207.95,208.2,202,204.5,202,208,231,5028,1033257,
544055,"Muthoot Microfin Limited",B,STK,166,166,152.6,156.05,156.05,153.15,657,25840,4020517,
544056,"Sahara Maritime Limited",M,STK,16.02,16.02,16.02,16.02,16.02,15.26,1,1600,25632,
544057,"Happy Forgings Limited",B,STK,1218.05,1330.8,1218.05,1311.75,1306.05,1217.8,663,6528,8344704,
544058,"Credo Brands Marketing Limited",B,STK,81.71,82.7,79.36,79.62,79.62,81.87,198,5263,424048,
544060,"RBZ Jewellers Limited",B,STK,120.6,121.5,118.3,121.45,121.5,120.6,98,10151,1211852,
544061,"Azad Engineering Limited",A,STK,1610.9,1650.35,1610.9,1636.05,1636.05,1603.55,573,7104,11579269,
544066,"SUNDARAM-CLAYTON LIMITED",B,STK,1296.1,1327.75,1290,1291,1290,1289.6,113,510,666250,
544067,"INNOVA CAPTAB LIMITED",B,STK,688.1,708.95,686,704.3,704.2,677.65,97,644,448122,
544072,"AIK Pipes and Polymers Limited",M,STK,22.36,22.5,22.35,22.5,22.5,23.99,3,2400,53768,
544074,"Shri Balaji Valve Components L",M,STK,88,88,87,87,87,86.64,5,4800,421200,
544079,"DIGIDRIVE DISTRIBUTORS LIMITED",B,STK,21,21.95,21,21.35,21.35,20.4,35,898,19354,
544080,"Sayaji Hotels (Indore) Limited",X,STK,784,784,784,784,784,784,3,123,96432,
544081,"Jyoti CNC Automation Limited",A,STK,790.05,790.5,771.1,778.75,787.3,772.55,768,12541,9768454,
544082,"New Swan Multitech Limited",M,STK,46.9,47,45.25,45.25,45.25,44.99,4,14000,646900,
544083,"Shree Marutinandan Tubes Limit",M,STK,52.55,57,52.55,56.1,57,51,10,5500,300725,
544088,"Medi Assist Healthcare Service",A,STK,301.1,321,297.75,318.7,320,299.7,831,18788,5826130,
544089,"Zerodha Mutual Fund",F,STK,113.06,113.08,113.06,113.07,113.08,113.06,593,685431,77499167,
544090,"Sayaji Hotels (Pune) Limited",X,STK,878,878,858.2,858.2,858.2,858,4,4,3470,
544091,"Qualitek Labs Limited",M,STK,320,328,316,325,325,320,11,4400,1408420,
544092,"Bajaj Finserv Mutual Fund",B,STK,247.47,248.84,247.32,248.84,248.84,245.18,8,34,8423,
544093,"Bajaj Finserv Mutual Fund",B,STK,57.35,58.31,57.27,57.91,57.46,56.99,49,1201,69113,
544094,"Euphoria Infotech (India) Limi",M,STK,32.01,32.01,32,32,32,32,3,3600,115212,
544095,"EPACK Durable Limited",A,STK,236.15,253.05,235,250.4,250,234.45,591,28867,6979328,
544100,"Nova Agritech Limited",B,STK,29,29.05,27.51,28.44,28.5,27.51,160,11744,332720,
544107,"BLS E-Services Limited",B,STK,129.55,136.4,127.65,135.3,136.2,128.2,511,31313,4172536,
544110,"HDFC Mutual Fund",B,STK,90.48,91.22,89.67,90.96,90.6,89.14,109,11072,1001613,
544111,"Apeejay Surrendra Park Hotels",B,STK,115.3,118.65,115.3,117.7,118.65,115.25,199,15076,1753161,
544112,"JASCH GAUGING TECHNOLOGIES LIM",X,STK,490,520,485.6,518,518,488.45,34,3406,1665685,
544117,"Signpost India Limited",B,STK,235.6,240.95,232.9,236.5,236.5,230.4,62,323,76952,
544118,"JANA SMALL FINANCE BANK LIMITE",A,STK,345.05,356.9,338.5,355.35,355.4,342.65,1251,35610,12303065,
544119,"Rashi Peripherals Limited",B,STK,360.05,364.95,353.45,364.25,364.25,351.5,210,5443,1957848,
544120,"Capital Small Finance Bank Ltd",B,STK,248.85,252.45,247.15,252.45,252.45,249,131,779,193782,
544121,"Rudra Gas Enterprise Limited",M,STK,59,61,59,60.34,61,60.5,3,4000,240020,
544122,"Entero Healthcare Solutions Li",B,STK,1037,1050,1024,1029.7,1026.05,1030.95,156,1324,1372476,
544123,"LIC Mutual Fund",B,STK,57.24,57.46,57.03,57.46,57.46,56.76,11,2523,144862,
544124,"VIBHOR STEEL TUBES LIMITED",B,STK,110,112.9,106,108.05,107.5,109.85,99,3849,421082,
544129,"Juniper Hotels Limited",B,STK,203.2,209.15,202.1,206.6,205.95,203.35,221,8977,1847107,
544130,"Mirae Asset Mutual Fund",B,STK,40.35,40.89,40.22,40.79,40.85,39.91,382,80191,3251726,
544131,"GPT Healthcare Limited",B,STK,122.9,124.35,122.25,123.2,123.1,121.2,69,3419,422141,
544132,"Zerodha Mutual Fund",E,STK,24.37,25.42,24.37,25.15,25.15,25,2507,1203145,30185537,
544133,"EXICOM TELE-SYSTEMS LIMITED",B,STK,84.08,86.87,84,86.02,86.7,83.82,257,18257,1550449,
544134,"Platinum Industries Limited",B,STK,215.05,218.9,207.55,215,218.9,206.8,174,4861,1036052,
544135,"Mukka Proteins Limited",B,STK,22.22,22.8,21.7,22.72,22.55,21.58,110,10078,224753,
544136,"R K Swamy Limited",B,STK,101,101,96.6,97.95,98.4,95.82,23,500,48703,
544137,"Indus Infra Trust",IF,STK,125.35,125.35,121.91,122.95,123,122.89,76,2701,333428,
544138,"J.G.Chemicals Limited",B,STK,359.7,362.3,354.05,360.4,362.3,351.9,177,2086,747064,
544139,"KOURA FINE DIAMOND JEWELRY LIM",M,STK,39.5,39.5,39.5,39.5,39.5,38.2,1,2000,79000,
544140,"Gopal Snacks Limited",B,STK,285.05,298.1,281.5,283.1,283.5,283.75,246,11409,3247701,
544141,"Pune E - Stock Broking Limited",M,STK,222.5,225,221.4,225,225,222.35,14,11200,2502400,
544142,"Shipping Corporation of India",B,STK,42.3,43.95,42.3,43.15,43.26,42.79,289,41723,1795809,
544143,"Royal Sense Limited",M,STK,160.05,160.05,160.05,160.05,160.05,158.05,1,500,80025,
544144,"Popular Vehicles and Services",B,STK,92.22,94.42,91.23,93.66,93.66,92.73,25,643,59542,
544149,"KRYSTAL INTEGRATED SERVICES LI",B,STK,602.95,615,600,600,600,577.9,58,465,280069,
544150,"KP GREEN ENGINEERING LIMITED",M,STK,347,349,333.25,339.7,339.7,337.25,261,93000,31693525,
544151,"CHATHA FOODS LIMITED",M,STK,73,74.85,72.52,74.06,74,74,15,15000,1108860,
544156,"Gconnect Logitech and Supply C",M,STK,18.41,18.41,17.49,17.49,17.49,18.41,4,6000,106320,
544158,"SRM CONTRACTORS LIMITED",B,STK,395.5,404.4,385.45,387.5,387.3,391.5,463,22671,8847637,
544159,"DSP BSE Liquid Rate ETF",F,STK,1116.69,1116.71,1116.69,1116.71,1116.71,1116.56,12,14439,16124157,
544160,"Jay Kailash Namkeen Limited",M,STK,16.69,16.69,16.02,16.05,16.05,16.69,4,6400,104624,
544161,"D P ABHUSHAN LIMITED",B,STK,1004.75,1021.65,992.95,1003.3,1005.75,1010.1,90,737,747110,
544162,"Bharti Hexacom Limited",A,STK,1583.9,1607.2,1570.55,1574.5,1582.3,1581.15,186,1082,1719057,
544163,"Greenhitech Ventures Limited",M,STK,81.9,83.64,81,83.64,83.64,80,5,8000,658180,
544165,"SHIVAM CHEMICALS LIMITED",MT,STK,105,105,100.5,104,103.9,103.75,15,111000,11526450,
544166,"EMMFORCE AUTOTECH LIMITED",M,STK,125.95,132.4,125.95,130.3,130.3,123.45,9,10800,1393440,
544167,"JNK India Limited",B,STK,230,240,227.75,237.15,238.1,225.3,365,9393,2219037,
544168,"VARYAA CREATIONS LIMITED",M,STK,28.8,28.82,28.8,28.82,28.82,24.02,4,4000,115260,
544171,"Storage Technologies and Autom",M,STK,35.1,37.9,35.1,37,37,36,10,8000,292208,
544172,"Indegene Limited",A,STK,455.05,463.4,451.55,452.45,453.55,452.5,604,16512,7550527,
544173,"Finelistings Technologies Limi",M,STK,14.1,14.1,14.1,14.1,14.1,13.88,1,1000,14100,
544174,"TBO TEK LIMITED",A,STK,1199,1229.15,1183.8,1220.85,1216.2,1189.2,277,6412,7725967,
544176,"Aadhar Housing Finance Limited",A,STK,489.3,489.3,473.6,479.7,477,485.1,1544,29339,14082458,
544179,"Go Digit General Insurance Lim",A,STK,335.6,336,330.45,333.45,332.1,332.65,1053,11079,3695207,
544180,"Mirae Asset Mutual Fund",B,STK,46.08,46.44,45.78,46.36,46.31,45.45,92,46792,2153554,
544181,"Awfis Space Solutions Limited",A,STK,254.2,268.35,254.2,256.15,256,254.15,520,13581,3537221,
544183,"Associated Coaters Limited",M,STK,96.85,96.85,96.85,96.85,96.85,96.85,1,500,48425,
544184,"Borosil Scientific Limited",B,STK,107.35,109,105.4,107.8,107.8,107.35,372,10687,1144488,
544185,"ADTECH SYSTEMS LIMITED",X,STK,48,52,48,51.48,51.8,49.88,42,1747,89222,
544186,"Forbes Precision Tools and Mac",X,STK,123,127.75,122.1,122.55,122.55,123.75,101,7083,868908,
544187,"KRONOX LAB SCIENCES LIMITED",B,STK,109,114.75,109,114.75,114.75,109.6,164,6359,714489,
544189,"SATTRIX INFORMATION SECURITY L",MT,STK,400,409.5,400,407.95,409.5,390,14,7000,2851850,
544190,"3C IT Solutions and Telecoms (",MT,STK,19.5,19.5,18,18,18,18.8,2,4000,75000,
544191,"Purple Finance Limited",X,STK,56.39,56.5,55,56.43,56.34,55.16,84,23157,1301091,
544192,"Le Travenues Technology Limite",A,STK,169.7,171.5,168.25,170.05,170,167.8,698,29781,5069448,
544193,"Zerodha Mutual Fund",B,STK,10.4,10.7,10.4,10.56,10.52,10.4,521,102855,1082752,
544194,"Zerodha Mutual Fund",B,STK,10.33,10.44,10.33,10.43,10.44,10.3,39,2539,26411,
544195,"United Cotfab Limited",M,STK,16.95,18,16.95,18,18,16.5,2,4000,69900,
544196,"BARODA BNP PARIBAS MUTUAL FUND",B,STK,56.8,57.9,56.8,57.79,57.45,56.46,11,74,4228,
544197,"JHS SVENDGAARD RETAIL VENTURES",B,STK,20.65,22.93,20.15,22.93,22.93,22,9,1734,38724,
544198,"DEE DEVELOPMENT ENGINEERS LIMI",B,STK,305,315.8,293.65,309.05,309.75,299.55,6195,415973,126943776,
544199,"GEM Enviro Management Limited",M,STK,37.5,39.99,37,38.02,37.05,38.6,19,16000,614264,
544200,"Akme Fintrade (India) Limited",T,STK,8.3,8.3,8.3,8.3,8.3,7.91,202,440117,3652971,
544201,"DINDIGUL FARM PRODUCT LIMITED",M,STK,11.5,11.75,11.5,11.68,11.6,11.46,6,16000,185300,
544202,"STANLEY LIFESTYLES LIMITED",B,STK,151.3,164.05,147.6,160.1,158.95,145.95,993,42362,6690094,
544203,"Allied Blenders and Distillers",A,STK,469.65,479.6,458.9,478.1,478.45,460.65,716,17574,8234015,
544204,"VRAJ IRON AND STEEL LIMITED",B,STK,116.05,116.3,114,115.1,115.1,113.9,7,123,14158,
544205,"National Peroxide Limited",X,STK,395,411,372,381.45,381.45,389.5,219,12286,4684732,
544206,"SBI Mutual Fund",E,STK,263.88,264.1,261.03,262.03,262.03,252.63,1749,135834,35662196,
544207,"Reliable Data Services Limited",B,STK,123.05,125.95,118.5,121.85,121.5,122.15,33,656,79373,
544209,"Bansal Wire Industries Limited",B,STK,251.2,251.2,245,246.85,245.7,245.9,163,2611,647987,
544210,"Emcure Pharmaceuticals Limited",A,STK,1510.5,1584,1510.5,1564.6,1564.6,1519.85,2559,24429,38198912,
544212,"Mirae Asset Mutual Fund",B,STK,29.57,29.57,28.97,29.4,29.43,28.85,84,45877,1330198,
544213,"AELEA COMMODITIES LIMITED",M,STK,127,131.7,125.95,126.1,126,126.05,26,18600,2367600,
544214,"THREE M PAPER BOARDS LIMITED",M,STK,29.5,29.5,28.98,28.98,28.98,26.5,3,6000,175160,
544215,"SBI Mutual Fund",B,STK,32.17,32.59,31.75,32.29,32.08,32.12,54,3576,114843,
544216,"ICICI Prudential Mutual Fund",B,STK,11.67,12.01,11.58,11.64,11.65,11.69,788,337921,3929720,
544217,"SANSTAR LIMITED",B,STK,81.5,86.02,81.5,85.31,84.4,85.48,110,4698,398942,
544218,"Aditya Birla Sun Life Mutual F",B,STK,10.53,10.78,10.4,10.77,10.77,10.39,12,315,3324,
544219,"VVIP Infratech Limited",M,STK,102.3,105,102.3,103,103,100.7,6,4200,432420,
544220,"Clinitech Laboratory Limited",M,STK,42.24,42.24,42,42,42,35.2,3,3600,151776,
544221,"Kizi Apparels Limited",M,STK,16.05,16.05,16,16.05,16.05,16.1,8,27000,433170,
544222,"Akums Drugs and Pharmaceutical",B,STK,479.7,504,479.7,501.1,501.1,479.6,1382,21268,10530666,
544223,"Ceigall India Limited",B,STK,270.05,279,270.05,278.15,279,271.05,169,4223,1160599,
544224,"Afcom Holdings Limited",M,STK,762,773.8,729,739.95,739.95,749.35,858,277440,207789984,
544225,"Ola Electric Mobility Limited",A,STK,23.43,24.5,23.42,24.24,24.24,23.26,4165,3057214,72922584,
544226,"Brainbees Solutions Limited",A,STK,212.05,219.3,211.7,218.05,218.85,210.45,571,29592,6396424,
544227,"UNICOMMERCE ESOLUTIONS LIMITED",B,STK,98,100.95,96.3,100.05,99.7,96.15,426,35633,3486843,
544229,"ICICI Prudential Mutual Fund",B,STK,12.03,12.03,11.51,11.92,11.92,11.74,1079,369395,4384264,
544230,"SARASWATI SAREE DEPOT LIMITED",B,STK,58.51,60.31,58.51,59.44,59.2,58.92,32,2205,132081,
544232,"Interarch Building Solutions L",B,STK,1750.4,1845.9,1747.8,1805.25,1819.7,1730.9,416,4680,8368521,
544233,"Mahalaxmi Fabric Mills Limited",B,STK,22.27,23.6,21.2,22,22,22.27,34,4787,107158,
544234,"Globale Tessile Limited",B,STK,11.22,11.22,10.51,10.51,10.51,11,5,154,1712,
544235,"Orient Technologies Limited",B,STK,265.55,272.55,261.25,270.35,272.2,258.75,424,14451,3834787,
544236,"Resourceful Automobile Limited",M,STK,41.15,41.15,41.14,41.15,41.14,35.4,3,3600,148128,
544238,"Premier Energies Limited",A,STK,729.25,750.2,722.85,748.15,748.15,721.1,1390,44200,32573076,
544239,"ECOS (India) Mobility & Hospit",B,STK,138.85,147.65,134.2,147.5,145,135.8,470,51732,7468487,
544240,"Raymond Lifestyle Limited",A,STK,804.75,817.95,802,814.05,813.55,802.75,300,4842,3918798,
544241,"Mirae Asset Mutual Fund",B,STK,15.46,15.58,15.39,15.56,15.58,15.32,98,608523,9444159,
544242,"Travels & rentals Limited",M,STK,15.32,15.32,15.32,15.32,15.32,16.12,7,21000,321720,
544243,"Baazar Style Retail Limited",B,STK,270,276.5,265.45,275.25,276.5,266.75,309,10834,2922527,
544244,"Gala Precision Engineering Lim",B,STK,718.75,735,718,732.75,734,703.4,25,148,107844,
544245,"Naturewings Holidays Limited",M,STK,72.5,79.5,72.5,79,79,82,3,4800,369600,
544246,"Revathi Equipment India Limite",B,STK,605,606.2,582.7,586.65,582.75,626,42,251,150642,
544247,"DSP Mutual Fund",B,STK,90.52,90.59,90.01,90.51,90.51,89.88,57,102077,9239628,
544248,"MACH CONFERENCES AND EVENTS LI",MT,STK,112,114.9,106.45,108.2,113,112.05,29,25200,2740410,
544249,"SHREE TIRUPATI BALAJEE AGRO TR",B,STK,28,28,26.62,27.14,27.14,26.53,42,5098,137772,
544250,"Sanofi Consumer Healthcare Ind",A,STK,4430.95,4560.6,4393.85,4512.3,4417,4430.5,321,1157,5194943,
544251,"Share Samadhan Limited",M,STK,44,44,43,43.1,43.1,44,6,9600,415840,
544252,"Bajaj Housing Finance Limited",A,STK,83.6,84.8,83.38,84.57,84.57,82.83,2648,418977,35265926,
544253,"Kross Limited",B,STK,186.05,198.6,186.05,197.65,197.65,184.35,493,20002,3871735,
544254,"Tolins Tyres Limited",B,STK,106.05,106.05,99.05,102.55,103.6,98.95,178,6444,654908,
544256,"P N GADGIL JEWELLERS LIMITED",B,STK,535.05,564.25,535.05,562.95,562.9,532.35,509,16312,9087980,
544257,"Sodhani Academy of Fintech Ena",M,STK,208,208,199.5,199.5,199.5,197.95,4,2000,407750,
544258,"Western Carriers (India) Limit",B,STK,99.45,100.3,97.4,97.7,97.7,98.1,123,5092,502629,
544259,"POPULAR FOUNDATIONS LIMITED",M,STK,31,31,31,31,31,31.4,1,3000,93000,
544260,"Northern Arc Capital Ltd.",A,STK,235,247.65,232.75,244.95,245.45,232.55,548,19409,4675758,
544261,"ARKADE DEVELOPERS LIMITED",B,STK,108.3,109.95,105.55,106.55,106.65,107.3,346,15924,1724078,
544262,"Manba Finance Limited",B,STK,113,121,112.65,114.3,112.8,112.9,30,705,80386,
544263,"KRN HEAT EXCHANGER AND REFRIGE",A,STK,954.05,985.8,935.9,950.95,950.95,918.2,4850,111225,106883148,
544264,"Diffusion Engineers Limited",B,STK,256,267.35,255.25,262.4,264.2,252.45,124,3161,829820,
544266,"Mirae Asset Mutual Fund",B,STK,89.74,90.85,89.16,90.82,90.85,88.5,10,1323,119292,
544267,"SUBAM PAPERS LIMITED",M,STK,171.1,171.1,171.1,171.1,171.1,174.7,1,800,136880,
544268,"Mirae Asset Mutual Fund",B,STK,11.43,11.97,11.43,11.96,11.95,11.73,527,3218925,38112126,
544269,"NEOPOLITAN PIZZA AND FOODS LIM",M,STK,8.2,8.7,8.08,8.09,8.08,8.5,17,108000,886020,
544270,"Khyati Global Ventures Limited",M,STK,43.87,43.87,43.87,43.87,43.87,44,1,1200,52644,
544271,"Garuda Construction and Engine",B,STK,171.85,172.05,165.95,170.75,171.25,165.25,495,21468,3625588,
544272,"SHIV TEXCHEM LIMITED",M,STK,131,131.3,126.1,131.3,131.3,125.05,37,18400,2406680,
544273,"MANGALAM GLOBAL ENTERPRISE LIM",B,STK,9.99,10.39,9.9,10.21,10.39,9.95,168,25902,262042,
544274,"HYUNDAI MOTOR INDIA LIMITED",A,STK,2090.05,2124,2083.2,2099.5,2099.5,2086.2,3407,30577,64431130,
544275,"ICICI Prudential Mutual Fund",B,STK,15.27,15.75,15.27,15.57,15.75,15.36,73,17693,272892,
544276,"Deepak Builders and Engineers",B,STK,72.5,73,70.62,72.04,71.68,70.38,63,1897,136449,
544277,"Waaree Energies Limited",A,STK,2646.9,2662,2613.05,2656.2,2656.2,2598.3,2312,26279,69301902,
544278,"OCCL Limited",B,STK,80.38,85.1,79.81,84.8,85.1,78,113,3775,307340,
544279,"Godavari Biorefineries Limited",B,STK,280.2,308.2,279.8,305.4,306.5,278.95,1135,42469,12821780,
544280,"Afcons Infrastructure Limited",A,STK,279.05,281.5,275.8,276.55,276.85,277.9,455,18148,5048553,
544281,"A B INFRABUILD LIMITED",B,STK,18.45,18.45,17.32,17.75,18,17.38,363,41708,733806,
544282,"Sagility Limited",A,STK,39.69,40.18,38.78,39.05,39.05,39.02,4655,1384794,54437697,
544283,"ACME Solar Holdings Limited",A,STK,220.4,225,216.15,224.25,224,220.2,1539,52231,11525914,
544284,"Mirae Asset Mutual Fund",F,STK,1075.86,1075.86,1075.86,1075.86,1075.86,1075.7,2,281,302316,
544285,"SWIGGY LIMITED",A,STK,304,306.35,294,294.6,294.6,301.4,4221,240926,71675340,
544286,"NIVA BUPA HEALTH INSURANCE COM",A,STK,70.09,71.9,69.5,71.38,71.16,70.07,1715,44167,3119689,
544287,"Mangal Compusolution Limited",M,STK,52,54.85,52,54.85,54.85,47.25,4,30000,1636920,
544288,"BlackBuck Limited",A,STK,571.9,587.25,570,585.35,584.35,564.75,810,16798,9717361,
544289,"NTPC GREEN ENERGY LIMITED",A,STK,87.43,87.93,86.41,86.71,86.71,86.37,2427,335200,29114479,
544290,"ENVIRO INFRA ENGINEERS LIMITED",A,STK,138.05,142,137.5,141.2,141.2,136.85,571,63625,8925319,
544291,"RAJESH POWER SERVICES LIMITED",M,STK,894,922.95,875,882.6,880,890.1,197,29300,26153880,
544292,"Onesource Specialty Pharma Lim",A,STK,1515,1536.6,1443.75,1471.4,1471.4,1515,1774,134570,196396133,
544293,"SURAKSHA DIAGNOSTIC LIMITED",B,STK,264.35,265,258,258.45,258,254.6,71,1241,320859,
544294,"Rossell Techsys Limited",B,STK,719.05,731.95,715.8,725.9,729,690.8,488,8365,6060078,
544295,"Property Share Investment Trus",IF,STK,1025000.5,1025000.5,1025000.5,1025000.5,1025000.5,1054750,1,1,1025000,
544296,"NISUS FINANCE SERVICES CO LIMI",M,STK,181.9,195.3,181.9,195.3,195.3,177.55,220,164800,31666140,
544301,"Odigma Consultancy Solutions L",B,STK,23.68,25.03,23.61,23.95,23.98,23.68,166,2838,68092,
544302,"Innovana Thinklabs Limited",B,STK,384.1,384.1,384.1,384.1,384.1,381.95,2,10,3841,
544303,"TOSS THE COIN LIMITED",M,STK,315,315,315,315,315,313.6,1,300,94500,
544304,"JUNGLE CAMPS INDIA LIMITED",M,STK,40.55,41,40.52,41,41,40.01,3,4800,195312,
544305,"One Mobikwik Systems Limited",B,STK,182.8,185.1,179.6,181.7,181.9,180.7,332,20324,3688650,
544306,"Sai Life Sciences Limited",A,STK,1044.3,1044.3,999,1009.95,1014.25,1016.35,1643,21071,21273185,
544307,"Vishal Mega Mart Limited",A,STK,112.85,112.85,109.1,111.3,111.3,108.3,7010,630332,69826210,
544308,"Hilltone Software and Gases Lt",X,STK,53.55,55.65,53.03,53.84,53.84,53,44,145157,7835541,
544309,"INVENTURUS KNOWLEDGE SOLUTIONS",A,STK,1344.95,1406.05,1309.7,1398.4,1398.4,1310.95,2743,98821,133704152,
544310,"Yash Highvoltage Limited",M,STK,490,498,462.3,468.35,468,476.55,306,107000,51222025,
544311,"International Gemmological Ins",A,STK,332.5,336,329.75,330.65,331.35,332.45,364,7479,2479009,
544313,"NACDAC Infrastructure Limited",M,STK,24,24.31,24,24.3,24.3,24.32,3,12000,290440,
544314,"Sanathan Textiles Limited",B,STK,403.25,405.3,397.35,397.35,397.35,397.45,25,633,255120,
544315,"Concord Enviro Systems Limited",B,STK,250.05,250.05,240.05,241.4,240.85,249.6,523,12585,3069932,
544316,"DAM Capital Advisors Limited",B,STK,131.25,134.8,130,134.15,134.05,130.75,341,19529,2587003,
544317,"Transrail Lighting Limited",A,STK,534.95,534.95,510.25,522.8,525,503.4,904,27149,14063846,
544318,"MAMATA MACHINERY LIMITED",B,STK,385.7,395.5,385.7,390.75,391.85,387.45,155,2740,1074730,
544319,"SENORES PHARMACEUTICALS LIMITE",B,STK,745.65,761.3,745.65,759.8,757.3,742.6,178,3805,2880097,
544320,"CARRARO INDIA LIMITED",B,STK,484.3,499.25,477,492.85,499.25,476.4,178,2468,1198444,
544321,"Ventive Hospitality Limited",B,STK,685.65,700,663.45,675.5,682.05,683.5,449,7138,4819713,
544322,"Unimech Aerospace and Manufact",B,STK,876.6,882.9,867.6,880.4,878.7,870.6,199,2089,1832931,
544323,"Mirae Asset Mutual Fund",B,STK,10.61,10.71,10.52,10.67,10.7,10.49,47,39385,417723,
544325,"ITC Hotels Limited",A,STK,166.2,166.2,163.15,164,164,164.45,5250,281481,46140188,
544326,"Edelweiss Mutual Fund",B,STK,22.67,23.43,22.62,23.28,23.28,23.07,75,36911,851030,
544327,"TECHNICHEM ORGANICS LIMITED",M,STK,43.5,43.5,43.5,43.5,43.5,44,1,10000,435000,
544328,"INDO FARM EQUIPMENT LIMITED",B,STK,125.3,129.15,124.35,127.85,129.15,123.65,370,13508,1704384,
544329,"LEO DRYFRUITS & SPICES TRADING",M,STK,49.1,53,49.1,51.05,53,53.75,2,4000,204200,
544330,"PARMESHWAR METAL LIMITED",M,STK,118,118,118,118,118,118,2,4000,472000,
544331,"Davin Sons Retail Limited",M,STK,32.34,32.34,27.25,28.27,29.85,32.5,6,12000,363640,
544332,"FABTECH TECHNOLOGIES CLEANROOM",M,STK,254.05,254.05,238.5,240.1,240,254.05,28,19200,4651900,
544333,"STANDARD ENGINEERING TECHNOLOG",B,STK,118.3,124.9,118.3,123.5,123.85,118.2,324,17035,2072723,
544335,"B.R.GOYAL INFRASTRUCTURE LIMIT",M,STK,103.83,103.89,99.05,99.05,99.05,96.51,10,10000,1009270,
544336,"Quadrant Future Tek Limited",B,STK,284.95,296.15,279.4,294.5,292.8,279.85,604,20246,5842839,
544338,"Capital Infra Trust",IF,STK,69.11,70,68.71,69.01,68.94,69.62,739,23113,1599589,
544339,"Laxmi Dental Limited",B,STK,173.65,183,173.45,180.25,183,173.85,219,6111,1080082,
544340,"Rikhav Securities Limited",M,STK,41.4,41.4,39,39,39,40.99,21,104000,4151664,
544341,"LANDMARK GLOBAL LEARNING LIMIT",M,STK,23.4,24.25,22.25,22.97,22.95,24.43,30,97600,2236448,
544342,"Stallion India Fluorochemicals",B,STK,101.85,108,98.95,107.85,107.85,102.9,3923,765915,80672701,
544343,"CAPITALNUMBERS INFOTECH  LIMIT",M,STK,84.21,90.9,84.21,90.5,90.9,86.88,50,31200,2789860,
544344,"SHRIRAM PISTONS & RINGS LTD",A,STK,2814.85,3045.35,2814.85,3028.55,3028.55,2815.1,897,5848,17301065,
544345,"Denta Water and Infra Solution",B,STK,225.1,230.35,223.7,229.35,229.35,225.1,521,8881,2004236,
544346,"RDB Real Estate Constructions",XT,STK,133.15,146.6,133.15,146.5,146.5,139.65,13,643,93156,
544347,"CLN ENERGY LIMITED",M,STK,312,320,300,306.45,306.45,311,30,8000,2471870,
544348,"GB Logistics Commerce Limited",M,STK,39,39,37.5,39,39,38.8,4,12000,466200,
544349,"H.M. ELECTRO MECH LIMITED",M,STK,43.12,45,43.12,43.75,43.75,44.33,5,8000,350528,
544350,"Dr. Agarwal's Health Care Limi",A,STK,445.1,452.9,440.1,445.7,440.1,448.85,295,8985,4023933,
544351,"MALPANI PIPES AND FITTINGS LIM",M,STK,70,70,70,70,70,70,1,1600,112000,
544352,"DSP Mutual Fund",B,STK,40.11,40.41,40.11,40.41,40.41,39.86,7,2073,83476,
544353,"Amwill Health Care Limited",M,STK,36,36.05,35.01,35.01,35.01,35,8,9600,343752,
544354,"SOLARIUM GREEN ENERGY LIMITED",M,STK,144.2,146.5,137,143,143,142,65,25800,3667410,
544355,"Jubilant Agri and Consumer Pro",B,STK,1784.7,1808,1777.85,1777.85,1777.85,1777.85,37,230,413904,
544356,"AJAX Engineering Limited",B,STK,489,497.8,484.7,492.2,490,479.55,605,3710,1813574,
544361,"COVANCE SOFTSOL LIMITED",XT,STK,171.3,171.3,171.3,171.3,171.3,171.3,10,1516,259690,
544362,"Hexaware Technologies Limited",A,STK,457.7,458.65,438.5,442.65,442.7,456.95,4205,53106,23611703,
544363,"UNION MUTUAL FUND",E,STK,153.36,156.04,153.36,155.36,155.36,155.15,5,35,5435,
544364,"Indef Manufacturing Limited",B,STK,224.5,230,221.05,223.9,230,218.9,112,2073,464256,
544365,"SHANMUGA HOSPITAL LIMITED",M,STK,37.05,37.05,37.05,37.05,37.05,36.9,1,2000,74100,
544366,"L.K.MEHTA POLYMERS LIMITED",M,STK,42.15,42.5,42.15,42.5,42.5,42,2,3200,135440,
544367,"QUALITY POWER ELECTRICAL EQUIP",B,STK,801.15,832.9,801.15,827,832.85,795.6,565,14448,11813500,
544368,"Swasth Foodtech India Limited",M,STK,18.7,18.7,17.3,17.5,17.5,16.85,4,4800,84960,
544369,"Beezaasan Explotech Limited",M,STK,209.9,210.1,204.25,206.1,207.95,205,25,21600,4495800,
544371,"VIKRAM AROMA LIMITED",X,STK,57.9,65,57.9,61.78,62.5,60.5,41,885,55304,
544372,"SHREENATH PAPER PRODUCTS LIMIT",M,STK,11.85,11.9,11.85,11.9,11.9,11.9,2,6000,71250,
544375,"360 ONE Mutual Fund",E,STK,156,156.5,155.12,155.8,156.05,154.66,48,2912,454205,
544376,"Mirae Asset Mutual Fund",B,STK,40.8,40.96,40.52,40.96,40.96,40.36,13,856,34847,
544377,"Mirae Asset Mutual Fund",B,STK,12.82,12.9,12.82,12.9,12.9,12.69,3,2420,31185,
544378,"PDP Shipping & Projects Limite",M,STK,61.6,61.6,61.6,61.6,61.6,61.5,1,1000,61600,
544379,"Prabha Energy Limited",B,STK,155.2,163,148.25,161.35,163,152.9,206,6217,968717,
544380,"ICICI Prudential Mutual Fund",F,STK,1052.76,1052.76,1052.76,1052.76,1052.76,1052.63,2,6,6316,
544381,"Super Iron Foundry Limited",M,STK,32.7,32.7,32,32,32,31.8,3,3600,116640,
544382,"Axis Mutual Fund",B,STK,32.35,32.87,32.32,32.66,32.62,32.32,31,3500,114208,
544383,"PARADEEP PARIVAHAN LIMITED",M,STK,151,163,151,158,158,149.6,9,10800,1705200,
544384,"Zerodha Mutual Fund",E,STK,27.06,27.55,27.02,27.15,27.19,26.19,1086,667838,18146247,
544385,"SBI Mutual Fund",B,STK,50.12,52.45,50.12,52.09,52.26,51.41,95,4727,242909,
544386,"Spectrum Electrical Industries",B,STK,1365,1365,1358.2,1358.2,1358.2,1360,2,26,35347,
544387,"Desco Infratech Limited",M,STK,156.4,157.5,153,157.4,157.4,152.25,10,8000,1250875,
544388,"Identixweb Limited",M,STK,83,86,79,86,86,82.49,20,44000,3673800,
544389,"360 ONE Mutual Fund",E,STK,259.6,265.03,259.6,264.11,263.34,253.61,284,8052,2117271,
544390,"Siemens Energy India Limited",B,STK,2929.1,2980,2919.95,2954.85,2954.85,2883.7,3003,23674,69900587,
544391,"Retaggio Industries Limited",M,STK,38.32,38.32,38.32,38.32,38.32,36.5,1,6000,229920,
544392,"SPINAROO COMMERCIAL LIMITED",MT,STK,65.5,69,64.5,69,69,67.8,5,10000,663000,
544393,"INFONATIVE SOLUTIONS LIMITED",M,STK,26.5,26.5,26.5,26.5,26.5,26.31,1,1600,42400,
544394,"ICICI Prudential Mutual Fund",B,STK,28.56,29.48,28.56,29.38,29.38,28.91,88,4765,138812,
544395,"STL Networks Limited",B,STK,19.25,19.37,18.57,19.21,19.21,18.61,403,137035,2603966,
544396,"Network People Services Techno",B,STK,1029.1,1036.75,1016,1020.8,1028.45,1021.6,69,593,606555,
544397,"Ather Energy Limited",B,STK,692,698.85,677.75,695.8,696.6,681.25,1430,44656,30805439,
544399,"SRIGEE DLM LIMITED",M,STK,75.9,78.79,75,78.03,78.05,79,19,26400,2032092,
544400,"Manoj Jewellers Limited",M,STK,41.05,42.99,41.05,42,42,45,4,8000,335100,
544401,"Mirae Asset Mutual Fund",B,STK,318.8,321.6,318.5,321.6,321.6,317.27,3,210,67359,
544402,"JASH ENGINEERING LIMITED",B,STK,370.15,376,356.95,361.3,361.3,369.2,198,7590,2763809,
544403,"Aditya Birla Lifestyle Brands",B,STK,98.15,104.8,98.05,103.95,104,97.65,1728,124464,12690264,
