SC_CODE,SC_NAME,SC_GROUP,SC_TYPE,OPEN,HIGH,LOW,CLOSE,LAST,PREVCLOSE,NO_TRADES,NO_OF_SHRS,NET_TURNOV,TDCLOINDI
500002,"ABB INDIA LIMITED",A,STK,5879.55,6116,5875.55,6065.9,6070,5928.4,2063,8409,50858746,
500003,"AEGIS LOGISTICS LTD.",A,STK,663,681.9,662,664.4,665,662.95,1078,17910,12058368,
500008,"Amara Raja Energy & Mobility L",A,STK,805,814.55,800.6,807.45,807.45,804.4,1141,19303,15581161,
500009,"AMBALAL SARABHAI ENTERPRISES L",X,STK,24.86,25.47,24.75,25.03,25.28,25.3,223,80946,2021346,
500012,"ANDHRA PETROCHEMICALS LTD.",X,STK,40.99,41.8,40.15,41,41,41.48,185,26905,1102372,
500013,"ANSAL PROPERTIES & INFRASTRUCT",Z,STK,3.97,3.97,3.91,3.91,3.91,3.98,13,11152,43937,
500014,"UTIQUE ENTERPRISES LIMITED",X,STK,4.16,4.42,4.02,4.11,4.02,4.16,70,17413,72671,
500016,"ARUNA HOTELS LTD.",X,STK,7.59,7.59,7.2,7.27,7.27,7.23,30,13623,99273,
500020,"BOMBAY DYEING & MFG.CO.LTD.",A,STK,109.9,110.1,106.1,107.05,107.15,109.85,626,35841,3849832,
500023,"ASIAN HOTELS (NORTH) LIMITED",B,STK,297.45,309.8,281.05,295.2,296.1,306.65,282,6424,1849312,
500027,"ATUL LTD.",A,STK,6542.95,6592.15,6388.5,6420.25,6388.5,6553.15,99,211,1369158,
500028,"ATV PROJECTS INDIA LTD.",X,STK,33.2,33.2,32.5,32.6,32.87,32.36,75,5681,186270,
500031,"BAJAJ ELECTRICALS LTD.",A,STK,356.5,362.1,353.65,356.65,359,356.8,217,2381,853684,
500032,"BAJAJ HINDUSTHAN SUGAR LIMITED",A,STK,16.73,16.73,16.04,16.08,16.08,16.84,1424,421441,6866080,
500033,"FORCE MOTORS LTD.",A,STK,21787.6,22005.55,20755.2,21333.3,21333.3,21773.5,6172,17771,376297996,
500034,"BAJAJ FINANCE LIMITED",A,STK,960,960.95,946.5,950,950,962.3,4829,256191,244385832,
500038,"BALRAMPUR CHINI MILLS LTD.",A,STK,488,493.65,479.55,480.8,482,490.25,605,16833,8140717,
500039,"BANCO PRODUCTS (INDIA) LTD.",A,STK,573.4,589.9,573.4,582.35,583,583.35,744,13076,7629372,
500040,"ADITYA BIRLA REAL ESTATE LIMIT",A,STK,1233.25,1250.9,1223.8,1231.35,1231.35,1233.25,335,4670,5760581,
500041,"BANNARI AMMAN SUGARS LTD.",B,STK,3605,3605,3587.8,3587.8,3587.8,3594.6,2,10,35964,
500042,"BASF INDIA LTD.",A,STK,3433.05,3495.25,3424,3437.8,3435.75,3449.9,285,1174,4057985,
500043,"BATA INDIA LTD.",A,STK,735.45,751.1,735.45,743.8,743.8,742.85,803,9214,6863237,
500048,"BEML LTD.",A,STK,1629,1715,1629,1653.5,1665,1630.7,3716,50527,85020468,
500049,"BHARAT ELECTRONICS LTD.",A,STK,461.8,473.25,460.5,468.35,468.35,460,26077,1982992,931118265,
500051,"BHAGAWATI GAS LIMITED",X,STK,1.02,1.02,1.02,1.02,1.02,0.98,2,1001,1021,
500052,"BHANSALI ENGINEERING POLYMERS",B,STK,78.09,78.9,77.94,78.21,78.5,78.04,296,18441,1448140,
500058,"BIHAR SPONGE IRON LTD.",XT,STK,11.57,11.79,10.99,11.73,11.77,11.27,126,19905,231641,
500059,"BIL VYAPAR LIMITED",T,STK,6.32,6.32,6.29,6.31,6.29,6.31,8,1372,8662,
500060,"Birla Cable Limited",B,STK,143.4,143.55,137.8,139.4,139.1,143.3,105,2264,322347,
500067,"BLUE STAR LTD.",A,STK,1936.15,1975.9,1909.35,1948.3,1958.2,1948.3,6534,89661,175298990,
500068,"DISA INDIA LTD.",B,STK,12199.95,12300,11960.1,11986.05,12001,12134.25,42,310,3740079,
500069,"QUEST CAPITAL MARKETS LIMITED",X,STK,275,275,256,259.7,259.7,257.4,27,323,83891,
500074,"BPL LTD.",B,STK,54.39,54.88,53,53.69,53.69,53.68,99,5637,304809,
500078,"ORIENTAL AROMATICS LIMITED",B,STK,247.4,251.4,246,248.25,247,246.6,66,734,181946,
500083,"CENTURY EXTRUSIONS LTD.",B,STK,23.1,23.1,20.75,21.01,21.01,20.85,921,151429,3285126,
500084,"CESC LTD.",A,STK,155.5,158.25,152.8,153.55,153.7,155.35,2461,81648,12684727,
500085,"CHAMBAL FERTILISERS & CHEMICAL",A,STK,430.8,436.5,425.5,428.35,428.35,432.9,858,23701,10199503,
500086,"EXIDE INDUSTRIES LTD.",A,STK,321,323.1,315.2,315.9,316.5,319.55,1386,47500,15173279,
500087,"CIPLA LTD.",A,STK,1325.9,1332.55,1315.95,1321.75,1321.75,1326,1361,12066,15966266,
500089,"DIC INDIA LTD.",B,STK,524.35,530,524,528.8,530,524,11,22,11624,
500092,"CRISIL LTD.",A,STK,4300,4322,4274.2,4288.75,4291.3,4335.45,462,1164,4997019,
500093,"CG Power and Industrial Soluti",A,STK,700.95,722.5,695.7,715.75,715.75,701.2,6656,420192,301187223,
500096,"DABUR INDIA LTD.",A,STK,484.45,485.65,477.6,478.9,478.9,487.85,1239,23384,11254037,
500097,"DALMIA BHARAT SUGAR AND INDUST",B,STK,314,315.3,306,308.25,308.35,314.8,141,2575,801030,
500101,"ARVIND LTD.",A,STK,340.05,349.65,340.05,343.65,344.25,346.25,729,12019,4155729,
500103,"BHARAT HEAVY ELECTRICALS LTD.",A,STK,256.85,264.3,255.5,258.9,258.9,256.9,4615,327996,85812399,
500104,"HINDUSTAN PETROLEUM CORPORATIO",A,STK,419.9,419.95,402.25,405.25,405.25,418.2,5714,219787,90384684,
500106,"IFCI LTD.",A,STK,53.83,55.59,53.74,54.55,54.55,54.52,3352,1018403,55898549,
500108,"MAHANAGAR TELEPHONE NIGAM LTD.",B,STK,27.2,27.99,26.86,27.05,27.05,27.15,1244,149610,4100382,
500109,"MANGALORE REFINERY & PETROCHEM",A,STK,200.3,212.35,196.5,206.35,206.35,196.35,17453,1583557,326625408,
500110,"CHENNAI PETROLEUM CORPORATION",A,STK,1010.6,1043,983.55,1007,1007,992.6,12466,258670,261285354,
500112,"STATE BANK OF INDIA",A,STK,1166.7,1169.25,1139.75,1143.55,1143.55,1171.35,36738,1029014,1185955169,
500113,"STEEL AUTHORITY OF INDIA LTD.",A,STK,154.85,157.65,153.5,156.3,156.3,156.9,6228,2509317,391626596,
500114,"TITAN COMPANY LIMITED",A,STK,4274.75,4301.1,4226,4240.4,4249.15,4275.9,3744,20166,86062660,
500116,"IDBI BANK LTD.",A,STK,110.25,110.4,108.4,108.85,108.85,110.2,1235,323137,35428229,
500117,"DCW LTD.",B,STK,44.25,44.89,43.47,43.8,43.8,44.13,506,65946,2905712,
500119,"DHAMPUR SUGAR MILLS LTD.",B,STK,127.8,128.7,120.8,121.5,122.1,127.85,289,10325,1286847,
500120,"DIAMINES & CHEMICALS LTD.",B,STK,222,229.5,217,226.45,227.3,222.1,42,2283,518092,
500123,"ELANTAS BECK INDIA LTD.",B,STK,8387.1,8489.85,7949,7983.5,7983.5,8387.1,626,2815,22871855,
500124,"DR.REDDYS LABORATORIES LTD.",A,STK,1319.5,1319.5,1291.7,1303.9,1304,1313.05,4463,50229,65554711,
500125,"E.I.D.-PARRY (INDIA) LTD.",A,STK,834,844.65,819.4,823.85,822,833.5,791,8156,6765031,
500126,"PROCTER & GAMBLE HEALTH LIMITE",A,STK,4870.05,4911.4,4840,4880.7,4903.7,4865.45,103,273,1332536,
500128,"ELECTROSTEEL CASTINGS LTD.",A,STK,64.21,65.5,63.11,63.34,63.95,64.23,640,63428,4082718,
500133,"ESAB INDIA LTD.",A,STK,5336,5400.3,5307.5,5374.25,5355.05,5369.5,135,145,776336,
500135,"EPL LIMITED",A,STK,195.05,201.55,195.05,199.25,200.3,198.15,464,13752,2741775,
500136,"ESTER INDUSTRIES LTD.",B,STK,96.1,99.1,96.1,97.85,96.45,96.25,97,1223,119917,
500142,"FGP LTD.",X,STK,9.45,9.5,8.99,8.99,8.99,9.45,20,5276,48327,
500143,"PH CAPITAL LTD.",XT,STK,580.5,587,556.05,557.75,575,580,43,10320,5992795,
500144,"FINOLEX CABLES LTD.",A,STK,919.1,976,913.75,969.2,969.2,918.4,7604,227369,217792206,
500147,"JOHN COCKERILL INDIA LIMITED",B,STK,4801,4937.9,4801,4838.55,4838.55,4873.2,273,1661,8056331,
500148,"UFLEX LTD.",B,STK,462.8,467.95,457.05,461.15,457.05,455.35,43,286,131901,
500150,"FOSECO INDIA LTD.",B,STK,5221.2,5221.2,5126,5141.25,5126,5221.1,8,9,46623,
500151,"GOLDEN TOBACCO LTD.",Z,STK,29.58,30,29.11,29.22,29.11,29.26,12,120,3582,
500153,"GANESH BENZOPLAST LTD.",B,STK,80.44,81.83,78,79.68,79.08,80.44,96,8540,685802,
500159,"METROGLOBAL LIMITED",X,STK,108.45,108.45,105,105.15,105.15,105,10,103,10985,
500160,"GTL LTD.",B,STK,6.9,7.04,6.85,6.88,6.86,6.92,146,120948,839698,
500163,"GODFREY PHILLIPS INDIA LTD.",A,STK,2020.65,2101.25,2005.05,2047.6,2047.6,2033.9,3717,49083,101495299,
500164,"GODREJ INDUSTRIES LTD.",A,STK,935.7,944.05,927,937.2,938,933.05,392,3601,3370867,
500165,"KANSAI NEROLAC PAINTS LTD.",A,STK,194.6,194.6,188.6,189.3,189.3,194.65,1139,25735,4917264,
500166,"GOODRICKE GROUP LTD.",X,STK,151.95,152.5,149.2,149.55,149.5,151.2,62,2202,332399,
500168,"GOODYEAR INDIA LTD.",B,STK,798,804.65,790,791.3,795,802.1,339,2788,2214009,
500170,"GTN INDUSTRIES LTD.",X,STK,22.23,22.23,22.23,22.23,22.23,22.04,3,370,8225,
500171,"GHCL LTD.",A,STK,466.9,468.9,459.1,460.05,462,468.55,179,2596,1205195,
500173,"GFL LIMITED",B,STK,45.03,45.03,42.5,43.24,43.23,44.05,79,7379,320789,
500174,"GUJARAT LEASE FINANCING LTD.",T,STK,6.52,6.52,6.52,6.52,6.52,6.86,5,304,1982,
500179,"HCL INFOSYSTEMS LTD.",B,STK,12.58,12.69,12.45,12.53,12.51,12.54,313,68271,861454,
500180,"HDFC BANK LTD.",A,STK,869.9,871.95,855.15,857.1,857.1,878.05,37495,3384852,2919038653,
500182,"HERO MOTOCORP LTD.",A,STK,5525.55,5555.95,5490,5508.3,5517.5,5585.8,2054,8792,48588882,
500183,"HFCL LIMITED",A,STK,69.09,71.05,69.09,69.75,69.75,70.05,1817,2105474,146997177,
500184,"Himadri Speciality Chemical Lt",A,STK,460.6,460.6,449.15,451.2,451.2,460.65,1993,72193,32647237,
500185,"HINDUSTAN CONSTRUCTION CO.LTD.",A,STK,16.4,16.7,15.95,16.01,16.01,16.29,2684,6687275,108120476,
500186,"HINDUSTAN OIL EXPLORATION CO.L",B,STK,154.8,157.85,151.25,156.75,156.75,152.75,785,63261,9783024,
500187,"AGI GREENPAC LIMITED",A,STK,509.6,515,495.05,500,501.75,509.55,744,11468,5757362,
500188,"HINDUSTAN ZINC LTD.",A,STK,595.75,596.9,585.5,586.75,586.75,595.75,7216,316240,187086846,
500189,"NDL Ventures Limited",B,STK,112.45,116,112,112.25,112,116.25,18,1021,114657,
500191,"HMT LTD.",Z,STK,70.01,72.5,68,68.65,69,70.01,153,13346,926965,
500192,"PRAG BOSIMI SYNTHETICS LTD.",X,STK,1.84,1.84,1.74,1.81,1.81,1.81,20,3078,5573,
500193,"HLV LIMITED",B,STK,8.22,8.22,7.63,7.78,7.71,7.76,187,19566,153846,
500199,"I G PETROCHEMICALS LTD.",B,STK,326,337.2,326,333.2,329,338.85,120,908,302535,
500201,"INDIA GLYCOLS LTD.",B,STK,855.65,870,841.2,843.65,844,855.65,380,4789,4114255,
500202,"INDIA LEASE DEVELOPMENT LTD.",X,STK,7.5,8.25,7.5,8.25,8.25,7.87,5,532,4037,
500207,"INDO RAMA SYNTHETICS (INDIA) L",B,STK,34.31,35.55,33.4,34.42,33.48,34.29,69,5282,182250,
500209,"INFOSYS LTD.",A,STK,1304.85,1327.15,1304,1308.25,1308.25,1304.9,7115,222654,292768229,
500210,"INGERSOLL-RAND (INDIA) LTD.",A,STK,3826,3914.25,3826,3875.5,3851.8,3800.05,160,361,1399522,
500213,"INTERNATIONAL TRAVEL HOUSE LTD",X,STK,338.9,340.25,325.1,331.05,331,334.1,86,4393,1472513,
500214,"ION EXCHANGE (INDIA) LTD.",A,STK,352.15,354.8,345.5,347.15,347.75,350.35,323,9034,3178433,
500215,"SUNDROP BRANDS LIMITED",B,STK,660,660,623.9,629.45,637.8,635.35,102,558,354090,
500219,"JAIN IRRIGATION SYSTEMS LTD.",A,STK,33.97,35.33,33.97,34.85,34.41,33.97,297,73038,2548214,
500220,"JASCH INDUSTRIES LTD.",X,STK,166,167.8,159.95,160.55,160,157.6,33,1436,233057,
500227,"JINDAL POLY FILMS LTD.",B,STK,772.4,776.7,729.25,769.1,769.1,739.15,2745,58635,44232049,
500228,"JSW STEEL LTD.",A,STK,1239.1,1249.2,1228.55,1234.35,1234.35,1249.2,2412,25056,31099262,
500233,"KAJARIA CERAMICS LTD.",A,STK,943.35,948.4,930.45,935.5,933.1,939.65,687,7646,7165334,
500234,"KAKATIYA CEMENT SUGAR & INDUST",B,STK,107.2,107.2,107.2,107.2,107.2,105.1,1,1,107,
500235,"KALYANI STEELS LTD.",B,STK,717.8,728.45,708.8,726.3,722.8,711.7,90,859,618232,
500238,"WHIRLPOOL OF INDIA LTD.",A,STK,905,919.4,891.8,895.25,896.6,909.65,815,13748,12479302,
500239,"KG DENIM LTD.",X,STK,16.49,16.49,15.56,15.76,16.2,16.01,23,2763,43765,
500240,"KINETIC ENGINEERING LTD.",X,STK,245,245,238.55,239.2,239.95,245.85,87,15625,3814168,
500241,"KIRLOSKAR BROTHERS LTD.",A,STK,1497.25,1670.95,1497.25,1639.75,1639.75,1497.2,10171,166735,269698745,
500243,"KIRLOSKAR INDUSTRIES LTD",B,STK,2869,2976,2869,2932.6,2909.15,2865.6,55,139,408518,
500245,"KIRLOSKAR FERROUS INDUSTRIES L",B,STK,402,406,383.95,397.95,397.95,404.8,1506,51581,20199466,
500246,"ENVAIR ELECTRODYNE LTD.",X,STK,55.39,55.64,47.15,48.33,48.35,50.59,14,1256,64167,
500247,"KOTAK MAHINDRA BANK LTD.",A,STK,404.25,406.75,399,399.95,401.3,407.55,8610,214308,86090105,
500248,"KRISHNA FILAMENT INDUSTRIES LI",XT,STK,5.89,5.89,5.89,5.89,5.89,5.93,1,50,294,
500249,"KSB LIMITED",A,STK,738.2,762.35,738.2,757,752.85,751.2,541,7211,5449598,
500250,"L.G.BALAKRISHNAN & BROS.LTD.",B,STK,1847.9,1876.75,1830,1836.85,1840,1857.8,181,704,1306561,
500251,"TRENT LTD.",A,STK,3780.15,3827.55,3717.5,3722.5,3727.9,3789.5,1923,11740,44270663,
500252,"LMW Limited",A,STK,14769.05,14939,14639.25,14862.8,14892.6,14732.65,73,178,2635920,
500253,"LIC HOUSING FINANCE LTD.",A,STK,521.4,526,510.8,511.75,513.1,521.35,1478,31289,16197683,
500257,"LUPIN LTD.",A,STK,2339.85,2368,2325,2344.45,2335.55,2332.4,3104,18759,44033927,
500259,"LYKA LABS LTD.",B,STK,61.39,61.4,60.12,60.34,60.35,61.25,38,1982,121381,
500260,"THE RAMCO CEMENTS LIMITED",A,STK,1088.55,1103.75,1076.95,1090.15,1083.8,1103.05,363,2942,3220608,
500262,"HYBRID FINANCIAL SERVICES LIMI",B,STK,18.4,20.25,18.4,18.88,19.38,18.44,17,419,7850,
500264,"MAFATLAL INDUSTRIES LTD.",X,STK,125.75,127.8,124,124.6,124.6,125.75,281,10615,1331372,
500265,"MAHARASHTRA SEAMLESS LTD.",A,STK,551.05,559.5,547.4,555.05,555.9,551.5,176,3198,1775049,
500266,"MAHARASHTRA SCOOTERS LTD.",A,STK,13488.8,13488.8,13080,13155.85,13080,13237.9,178,366,4842177,
500267,"MAJESTIC AUTO LTD.",X,STK,286.05,295.9,286.05,292.2,295.45,290.15,89,1416,414697,
500268,"MANALI PETROCHEMICAL LTD.",B,STK,53.45,53.45,51.1,51.61,52.42,52.73,276,18847,977521,
500270,"BARODA RAYON CORPORATION LTD.",X,STK,108.35,110.95,107.1,108.05,107.1,107.85,17,92,10020,
500271,"Max Financial Services Limited",A,STK,1758.25,1758.25,1694.25,1701.2,1707.7,1748.25,1391,9471,16271860,
500277,"MID INDIA INDUSTRIES LTD.",X,STK,6.27,6.27,6.15,6.15,6.15,6.24,19,1700,10500,
500279,"MIRC ELECTRONICS LTD.",B,STK,27.05,27.45,25.35,25.76,25.76,27.4,607,133482,3493993,
500280,"CENTURY ENKA LTD.",B,STK,421.8,423.15,416.1,418.1,423.15,421,39,568,237450,
500282,"MODERN THREADS (INDIA) LTD.",B,STK,49.8,54.75,47.85,53.59,54.65,45.96,714,24841,1293691,
500284,"LORDS CHLORO ALKALI LTD.",B,STK,123,125.1,123,125,125.1,120.35,213,6673,833688,
500285,"SPICEJET LTD.",A,STK,14.07,14.38,13.9,14,14,14.08,9979,15199051,214164194,
500288,"MOREPEN LABORATORIES LTD.",A,STK,41.21,41.32,39.5,39.81,39.81,40.92,1144,200375,8106965,
500290,"MRF LTD.",A,STK,139800,142346.75,138310,138771.5,138510,140195.3,215,229,31989270,
500292,"HEIDELBERGCEMENT INDIA LTD.",B,STK,157.6,157.6,155.2,155.45,155.45,157.6,129,3240,506454,
500294,"NCC LIMITED",A,STK,144.6,146.5,140.6,141.15,141.15,142.8,1650,130904,18780650,
500295,"VEDANTA LIMITED",A,STK,713.7,729.35,703.25,721.2,721.2,711.1,12979,851917,613159550,
500296,"NAHAR SPINNING MILLS LTD.",B,STK,198.5,198.5,194.15,194.55,194.55,196.25,59,446,87391,
500298,"Naperol Investments Limited",X,STK,619.95,619.95,610.2,617.3,617.3,619.95,77,2174,1340934,
500300,"GRASIM INDUSTRIES LTD.",A,STK,2698,2755,2687.7,2716.8,2716.5,2724.85,1318,8883,24278785,
500304,"NIIT LTD.",B,STK,66.1,67.35,65.1,65.34,65.34,66.14,329,16713,1106590,
500306,"Jaykay Enterprises Limited",B,STK,141.3,145,140.8,143.4,143,142,371,17538,2505997,
500307,"NIRLON LTD.",B,STK,496,499.95,492,494.5,495.25,495.7,182,4067,2014665,
500312,"OIL AND NATURAL GAS CORPORATIO",A,STK,280.4,280.95,271.2,278.9,278.9,276.35,23959,1799169,498160964,
500313,"OIL COUNTRY TUBULAR LTD.",B,STK,46.1,47.99,46.1,47.11,47.1,46.65,205,5946,278866,
500314,"ORIENTAL HOTELS LTD.",B,STK,91,94.5,90.45,92.7,93.6,92.75,146,6477,603942,
500317,"OSWAL AGRO MILLS LTD.",B,STK,47,47,44.82,44.82,45,44.17,72,535,24066,
500319,"INDIAN SUCROSE LTD.",X,STK,75.18,75.18,70.65,71.03,71,73.35,43,2758,198560,
500322,"PANYAM CEMENTS & MINERAL INDUS",XT,STK,120,128.9,120,128.9,128.9,123.95,6,411,49454,
500325,"RELIANCE INDUSTRIES LTD.",A,STK,1392.25,1424.1,1390.1,1405.2,1405.2,1389.8,24938,1104703,1559790557,
500327,"Pil Italica Lifestyle Limited",B,STK,8.3,9.5,8.05,8.3,8.35,8.3,59,4904,40978,
500330,"RAYMOND LTD.",A,STK,390,390.5,376.85,380.65,380.65,390.6,1080,29433,11261739,
500331,"PIDILITE INDUSTRIES LTD.",A,STK,1445,1454,1431,1434.35,1434.35,1445.15,647,7116,10271874,
500333,"PIX TRANSMISSIONS LTD.",B,STK,1465,1473.8,1449.3,1451.7,1450.35,1469.4,54,403,586708,
500335,"BIRLA CORPORATION LTD.",A,STK,870.05,893.9,860.95,864.95,864.95,881.5,471,3122,2729614,
500336,"SURYA ROSHNI LTD.",A,STK,212.25,215.15,209,209.8,210.35,212.75,232,5826,1234405,
500338,"PRISM JOHNSON LIMITED.",B,STK,125.9,126.7,125,125.25,125,125.8,162,5777,725929,
500339,"RAIN INDUSTRIES LIMITED",A,STK,133.85,139,132,132.9,132.9,133.8,700,44003,5971576,
500342,"PRUDENTIAL SUGAR CORPORATION L",B,STK,15.99,16.76,15,15.64,15.73,15.73,55,1569,24852,
500343,"AMJ LAND HOLDINGS LIMITED",B,STK,39.93,40.32,39.19,39.19,39.19,39.3,92,541,21432,
500346,"PUNJAB COMMUNICATIONS LTD.",B,STK,51.27,55.61,51.27,55.1,55.1,51.27,26,1262,68147,
500350,"RSWM LTD.",B,STK,141.2,147.3,141.2,144.7,144.7,145.4,33,2200,320698,
500354,"RAJSHREE SUGARS & CHEMICALS LT",B,STK,28.56,28.56,22.8,27.75,27.75,28,90,4385,117356,
500355,"RALLIS INDIA LTD.",A,STK,257.95,268,256,257.6,258.9,258,555,21039,5481795,
500356,"SHREE RAMA NEWSPRINT LTD.",B,STK,35.39,38.76,35.39,36.04,36.04,34.28,146,13835,513810,
500357,"RAMA PAPER MILLS LTD.",Z,STK,14,14,13.05,13.07,13.2,13.73,17,2057,26984,
500360,"RAPICUT CARBIDES LTD.",XT,STK,143.45,147.85,141,143.5,147,144.15,15,1226,179151,
500365,"WELSPUN SPECIALTY SOLUTIONS LI",B,STK,36.06,37.25,35.52,36.59,36.84,36.06,427,142222,5193973,
500367,"RUBFILA INTERNATIONAL LTD.",B,STK,65.46,65.84,64.43,64.84,64.51,65.14,13,134,8704,
500368,"Patanjali Foods Limited",A,STK,500.95,504.3,497.75,500.55,500.55,501,1215,96799,48459409,
500370,"SALORA INTERNATIONAL LTD.",X,STK,31.9,31.9,30.01,31.3,31.3,30.54,5,179,5385,
500371,"SAMTEL INDIA LTD.",XT,STK,15.51,15.51,15.5,15.51,15.51,15.21,4,355,5503,
500378,"JINDAL SAW LTD.",A,STK,167.3,172,166,166.65,166.65,168.65,746,63209,10698884,
500380,"JK LAKSHMI CEMENT LTD.",A,STK,642,652.7,636.25,638.2,638.2,648.65,454,4188,2699021,
500387,"SHREE CEMENT LTD.",A,STK,25140.7,25271.35,24828.85,24879.4,24940.6,25198.95,549,1430,35964917,
500388,"SHREE KRISHNA PAPER MILLS & IN",XT,STK,101.3,111.25,101.3,111,111,106.6,43,1671,174650,
500389,"SILVERLINE TECHNOLOGIES LTD.",XT,STK,16.7,16.7,16.7,16.7,16.7,17.57,412,86180,1439206,
500390,"RELIANCE INFRASTRUCTURE LTD.",T,STK,89.75,93.7,89.5,93.55,93.7,89.24,828,194296,17997510,
500400,"TATA POWER CO.LTD.",A,STK,375.85,385.05,373,375.45,375.45,376.85,8142,416415,158488845,
500402,"SPML INFRA LIMITED",B,STK,177.2,180.65,172,173.05,173.05,179.85,727,64194,11343042,
500403,"SUNDRAM FASTENERS LTD.",A,STK,849.4,864.9,838,849.6,864.9,855.1,499,5450,4632530,
500404,"SUNFLAG IRON & STEEL CO.LTD.",B,STK,240,241.55,234.85,236.5,235,239,65,4579,1096121,
500405,"SUPREME PETROCHEM LTD.",A,STK,680.4,692,661.55,667.85,661.55,680.35,374,6747,4537171,
500407,"SWARAJ ENGINES LTD.",B,STK,3465.85,3530,3445,3460.1,3500.85,3479.5,172,708,2454722,
500408,"TATA ELXSI LTD.",A,STK,4424.95,4488.95,4323,4329.75,4329.75,4401.2,4500,19236,84341511,
500410,"ACC LTD.",A,STK,1506.35,1534.05,1499.1,1501.3,1501,1523.15,1115,11227,16953711,
500411,"THERMAX LTD.",A,STK,3054.15,3196,3049.25,3159.35,3174.5,3070.55,1413,6958,21939000,
500412,"THIRUMALAI CHEMICALS LTD.",B,STK,170.8,172.05,163.15,165.4,165.05,170.8,1050,42704,7083598,
500413,"THOMAS COOK (INDIA) LTD.",A,STK,94.25,95.3,91.5,92.35,93.3,94.25,329,38251,3562988,
500414,"TIMEX GROUP INDIA LTD.",B,STK,273,275.85,268.3,271.9,273,273,1638,334744,90946690,
500418,"TOKYO PLAST INTERNATIONAL LTD.",B,STK,75.1,84.47,75.1,77.21,84.47,80.25,19,216,16449,
500420,"TORRENT PHARMACEUTICALS LTD.",A,STK,4389.4,4389.4,4296.05,4308.05,4315.35,4353.15,1972,6204,26788422,
500421,"TPI INDIA LTD.",X,STK,16.5,18.47,16.5,17.38,17.16,16.86,18,15520,265454,
500422,"TRANSCHEM LTD.",XT,STK,170.45,170.45,170.45,170.45,170.45,173.9,4,37,6306,
500425,"AMBUJA CEMENTS LTD.",A,STK,472.45,480.8,465.35,466.7,466.7,480.05,4238,91781,43372514,
500426,"UTL INDUSTRIES LIMITED",X,STK,1.56,1.58,1.54,1.57,1.57,1.53,86,35431,55471,
500429,"UNIPHOS ENTERPRISES LTD.",B,STK,104.4,107,103,103,103,105.25,12,90,9358,
500439,"VARDHMAN HOLDINGS LTD.",B,STK,3168,3257.8,3165,3256,3256,3123.1,12,23,73753,
500440,"HINDALCO INDUSTRIES LTD.",A,STK,963.5,971,943.35,958.65,963,954.8,18135,274991,263432831,
500444,"West Coast Paper Mills Limited",B,STK,393.5,395.9,391.05,391.1,391.05,392,107,1865,732599,
500449,"HINDUSTAN ORGANIC CHEMICALS LT",B,STK,28.86,29.88,28.86,29.01,29.01,29.13,225,60048,1759602,
500450,"MPIL CORPORATION LTD.",X,STK,418,418.4,378.6,378.6,378.6,398.5,9,41,16015,
500456,"PASUPATI ACRYLON LTD.",B,STK,49.82,49.92,48,48.2,48.05,49.92,144,5131,249919,
500458,"TEAM24 CONSUMER PRODUCTS LIMIT",X,STK,31.5,31.5,28.6,30.54,31.2,29.58,38,2549,77949,
500459,"PROCTER & GAMBLE HYGIENE & HEA",A,STK,11180,11195.2,10801.05,10876.95,10860,11096.2,423,539,5908068,
500460,"MUKAND LTD.",B,STK,124.95,125.8,122.1,124,122.1,125.5,57,1921,239359,
500463,"BLACK BOX LIMITED",A,STK,514.2,520,507.3,511.75,510,512.45,451,7832,4025872,
500464,"UCAL LIMITED",B,STK,100.2,102.55,100,101.7,101.85,100.5,20,549,55337,
500467,"HARRISONS MALAYALAM LTD.",B,STK,181.85,182.75,177.2,180.65,180.65,181,18,437,78096,
500469,"FEDERAL BANK LTD.",A,STK,289.35,291.15,286,286.6,286.6,289.4,2446,88695,25615928,
500470,"TATA STEEL LTD.",A,STK,200.25,202.2,197.1,198.5,198.5,200.6,15766,1530974,305845559,
500472,"SKF INDIA LTD.",A,STK,1653.7,1670.2,1629.9,1634.1,1634.1,1653.25,398,2071,3403888,
500477,"ASHOK LEYLAND LTD.",A,STK,202.5,202.5,194,194.55,194.55,203.2,12507,782022,154915384,
500480,"CUMMINS INDIA LTD.",A,STK,4792.6,4922.65,4757.1,4802.4,4802.4,4792.55,4195,14293,69255621,
500483,"TATA COMMUNICATIONS LTD.",A,STK,1450,1498.45,1440,1456.35,1457,1460,1613,14319,21170183,
500488,"ABBOTT INDIA LTD.",A,STK,27520,27600,27166.6,27345.2,27351.85,27595.2,232,361,9886840,
500490,"BAJAJ HOLDINGS & INVESTMENT LT",A,STK,10619.7,10791,10545,10549.15,10549.15,10662.5,456,1971,20862471,
500493,"BHARAT FORGE LTD.",A,STK,1899.4,1936.35,1882,1923.6,1923.6,1899.35,4182,68280,130695088,
500495,"Escorts Kubota Limited",A,STK,3346.55,3370.95,3279.25,3287.65,3293.25,3333.5,658,2866,9536464,
500500,"HINDUSTAN MOTORS LTD.",B,STK,14.82,15.15,14.79,14.95,14.95,15.1,1150,232499,3489681,
500510,"LARSEN & TOUBRO LTD.",A,STK,4020,4020.75,3941.5,3948.85,3948.85,4032.95,8912,97217,385044702,
500520,"MAHINDRA & MAHINDRA LTD.",A,STK,3329.4,3366,3319.9,3333.7,3334,3347.35,3362,295580,987031403,
500530,"BOSCH LTD.",A,STK,33184.95,33616.9,32903.95,33351.55,33375,33236.25,572,1286,42772228,
500540,"PREMIER LTD.",T,STK,3.06,3.07,3.02,3.02,3.02,3,12,3403,10432,
500547,"BHARAT PETROLEUM CORPORATION L",A,STK,361.55,364.95,351.3,352.7,352.7,360.6,8826,540416,191913037,
500550,"SIEMENS LTD.",A,STK,3226,3317,3180,3264.7,3274.1,3216.6,3244,17117,56151636,
500570,"TATA MOTORS PASSENGER VEHICLES",A,STK,354.85,354.85,349.45,350.7,350.7,355.15,12098,400494,140824596,
500575,"VOLTAS LTD.",A,STK,1475.15,1489.5,1460.6,1478.35,1481.8,1484.1,1190,15540,22932444,
500620,"GREAT EASTERN SHIPPING CO.LTD.",A,STK,1396.4,1434.9,1396.35,1413.6,1413.6,1389.45,5374,69620,98896726,
500645,"DEEPAK FERTILISERS & PETROCHEM",A,STK,946,980,946,961.65,961.65,946.95,863,10286,9863368,
500650,"EXCEL INDUSTRIES LTD.",B,STK,971.4,971.5,870,898.4,900.9,891.35,106,789,708993,
500655,"GARWARE HI-TECH FILMS LIMITED",A,STK,4044,4128,3987.15,4051.65,4035,4014.95,292,1847,7505708,
500660,"GLAXOSMITHKLINE PHARMACEUTICAL",A,STK,2445,2528.05,2445,2512.75,2509.05,2478.1,326,1152,2888843,
500670,"GUJARAT NARMADA VALLEY FERTILI",A,STK,430,435.95,428.1,431.3,431.65,432.5,471,8207,3555650,
500672,"NOVARTIS INDIA LTD.",B,STK,933,935,915.2,930.45,928,929.8,289,8148,7566805,
500674,"SANOFI INDIA LTD",A,STK,3810.1,3831.25,3780,3785.55,3790.1,3810.05,182,1036,3944704,
500680,"PFIZER LTD.",A,STK,4821,4903.55,4815.25,4847.6,4840,4810.3,253,1369,6672368,
500690,"GUJARAT STATE FERTILIZERS & CH",A,STK,157.05,160.55,157,157.35,157,157.3,900,32919,5217813,
500696,"HINDUSTAN UNILEVER LTD.",A,STK,2253.25,2253.25,2220,2226.1,2226.1,2253.8,5674,61648,137443532,
500710,"AKZO NOBEL INDIA LIMITED",A,STK,2810.65,2867.8,2755.05,2768.6,2771.2,2837.5,649,1946,5484403,
500730,"NOCIL LTD.",B,STK,135.5,137.05,134.4,135.55,137.05,135.4,235,9349,1270819,
500770,"TATA CHEMICALS LTD.",A,STK,707.75,716.75,705,707.2,707.2,712.85,1480,25654,18253163,
500777,"TAMILNADU PETROPRODUCTS LTD.",B,STK,85.92,86.52,83.54,84.97,85.75,86.24,108,4159,353494,
500780,"Zuari Industries Limited",B,STK,257,257,246.3,246.8,246.4,250,109,1890,469656,
500790,"NESTLE INDIA LTD.",A,STK,1241.05,1264.4,1236,1252.4,1259,1251.2,2770,23304,29224863,
500800,"TATA CONSUMER PRODUCTS LIMITED",A,STK,1101.3,1128.9,1101.3,1116.8,1116.8,1119.85,1881,11852,13261438,
500820,"ASIAN PAINTS LTD.",A,STK,2265,2307,2253.75,2279.8,2279.8,2287.9,5573,37564,85800631,
500825,"BRITANNIA INDUSTRIES LTD.",A,STK,5912.05,6013.35,5912.05,5985.55,5983.2,5956.95,1069,3914,23409283,
500830,"COLGATE-PALMOLIVE (INDIA) LTD.",A,STK,2203,2219.5,2196.15,2203.5,2209.9,2196,1038,6089,13436866,
500840,"EIH LTD.",A,STK,333.95,335,322.7,329.05,329.4,327.75,937,32554,10678111,
500850,"INDIAN HOTELS CO.LTD.",A,STK,620.45,629.75,618.75,623.7,624,629.8,5074,800958,500040087,
500870,"CASTROL INDIA LTD.",A,STK,186.55,187.75,186.25,186.7,186.7,186.55,1721,95947,17929133,
500875,"ITC LTD.",A,STK,310.05,312.3,309.25,309.75,309.75,311.55,28252,967350,300245399,
500877,"APOLLO TYRES LTD.",A,STK,443.95,445,438,439.9,440.65,443.95,1845,41081,18109891,
500878,"CEAT LTD.",A,STK,3400.05,3483.8,3381.05,3457.75,3459,3410.3,834,4050,13945912,
500890,"MODI RUBBER LTD.",B,STK,108.75,111.7,108.75,109.1,109.1,110.9,5,271,30181,
500940,"FINOLEX INDUSTRIES LTD.",A,STK,182,190.6,182,186.9,185.6,185.95,502,21999,4152866,
501148,"DALAL STREET INVESTMENTS LTD.",XT,STK,415.05,415.05,413,413,413,407,4,26,10754,
501150,"CENTRUM CAPITAL LTD.",B,STK,21.91,22.78,21.91,22.6,22.6,22.41,202,18452,411764,
501242,"TCI FINANCE LTD.",T,STK,14.17,14.45,13.79,14.05,14,14.46,24,2168,30697,
501295,"INDUSTRIAL INVESTMENT TRUST LT",B,STK,131.4,133.95,127.6,128.1,128.1,131.95,47,363,46745,
501298,"INDUSTRIAL & PRUDENTIAL INVEST",B,STK,5248,5249.4,5135,5170,5240,5152,5,204,1065559,
501301,"TATA INVESTMENT CORPORATION LT",A,STK,658,658,640,641.75,641.75,658.55,2258,51492,33409226,
501314,"PRISMX GLOBAL VENTURES LIMITED",X,STK,0.64,0.66,0.62,0.63,0.64,0.63,126,109053,69816,
501343,"MOTOR & GENERAL FINANCE LTD.",B,STK,21.32,21.32,20.66,20.71,20.71,21.09,22,15996,332541,
501351,"RAPID INVESTMENTS LTD.",X,STK,76.24,76.24,76.24,76.24,76.24,72.61,3,3,228,
501370,"WALCHAND PEOPLEFIRST LTD.",X,STK,104.5,104.55,104.5,104.55,104.55,104.55,5,227,23727,
501391,"W.H.BRADY & CO.LTD.",X,STK,547.35,547.35,525,526.85,526.5,555.8,29,424,223073,
501421,"TechNVision Ventures Limited",X,STK,6089,6175,5785,6175,6175,6089,32,88,512864,
501423,"SHAILY ENGINEERING PLASTICS LT",A,STK,1882.75,1945,1878.65,1914.9,1912.75,1888.7,1665,12215,23337070,
501425,"The Bombay Burmah Trading Corp",A,STK,1615.1,1629.2,1601.1,1621.95,1616,1625.3,133,564,909801,
501430,"BOMBAY CYCLE & MOTOR AGENCY LT",X,STK,1700,1720.9,1700,1720.9,1720.9,1699.9,3,3,5141,
501455,"GREAVES COTTON LTD.",A,STK,149.65,156.45,148.25,154,153.75,149.65,1149,66783,10270964,
501477,"MULLER & PHIPPS (INDIA) LTD.",X,STK,218,232.95,218,232.95,232.95,228,6,11,2457,
501700,"INDIANIVESH LTD.",X,STK,8.44,8.44,7.75,7.76,8.15,8.15,44,6988,54444,
501831,"COASTAL CORPORATION LTD.",T,STK,41.96,44.32,41.66,44.3,44.3,42.21,46,7053,300312,
501833,"CHOWGULE STEAMSHIPS LTD.",X,STK,19.96,19.96,18.37,18.57,18.37,19.09,38,7413,138103,
501848,"GLOBAL OFFSHORE SERVICES LTD.",X,STK,48.8,48.8,46.1,47.91,47.8,46.83,88,121363,5792138,
501945,"DHENU BUILDCON INFRA LTD.",Z,STK,7.09,7.23,7.09,7.23,7.23,7.09,57,20767,150040,
502015,"ASI INDUSTRIES LIMITED",X,STK,25.94,26.2,25.06,25.51,25.51,25.94,75,5495,140608,
502090,"SAGAR CEMENTS LTD.",B,STK,183.2,186.35,183.2,185.75,185.75,184.15,26,1044,192077,
502137,"DECCAN CEMENTS LTD.",B,STK,690.15,694.6,679.05,681.1,680.95,696.6,48,723,495257,
502157,"MANGALAM CEMENT LTD.",B,STK,921.5,921.5,847.7,852.1,852,853.3,88,923,791894,
502168,"NCL INDUSTRIES LTD.",B,STK,179.5,179.5,177.75,178,178.8,180,13,114,20326,
502175,"SAURASHTRA CEMENT LTD.",B,STK,64.36,65.16,62.55,62.58,62.55,64.38,115,7746,490633,
502180,"SHREE DIGVIJAY CEMENT CO.LTD.",B,STK,65,66.45,64.73,65.13,65.5,65.38,282,18510,1214060,
502219,"BOROSIL RENEWABLES LIMITED",A,STK,442,453.85,433,435.25,433.65,440.8,477,10109,4479376,
502250,"LERTHAI FINANCE LIMITED",XT,STK,606.85,606.85,578,606.85,606.85,578,3,12,6993,
502281,"TRIVENI GLASS LTD.",X,STK,7.5,7.68,6,6.79,6.79,7.31,110,37494,247917,
502330,"ANDHRA PAPER LIMITED",B,STK,65.74,66.74,65.26,65.91,65.5,65.45,168,3672,241556,
502355,"BALKRISHNA INDUSTRIES LTD.",A,STK,2285.15,2285.15,2234.35,2253.15,2253.15,2285.15,417,1767,4004769,
502420,"ORIENT PAPER & INDUSTRIES LTD.",B,STK,17.91,17.94,17.55,17.63,17.7,17.67,100,19043,337349,
502445,"CITADEL REALTY AND DEVELOPERS",X,STK,41.98,46.85,35,39.61,39.61,40,115,7941,312529,
502448,"ROLLATAINERS LTD.",T,STK,1.28,1.31,1.24,1.24,1.24,1.3,68,237137,295619,
502450,"SESHASAYEE PAPER & BOARDS LTD.",B,STK,265,269.25,257.4,259.9,257.4,265.05,40,242,63174,
502587,"NATH INDUSTRIES LIMITED",X,STK,52.02,52.02,51.23,51.43,52.02,52.04,7,277,14330,
502589,"VAPI ENTERPRISE LIMITED",X,STK,108,114.45,108,110.5,110.5,109,7,40,4414,
502820,"DCM LTD.",B,STK,71.01,71.01,70.89,70.97,71,72.27,194,299,21207,
502865,"FORBES & COMPANY LTD.",X,STK,316.8,322,312.15,316.35,322,316.8,49,5087,1606715,
502873,"H.P.COTTON TEXTILE MILLS LTD.",X,STK,103,103.55,103,103.5,103.5,104.05,3,22,2276,
502893,"UNITED INTERACTIVE LTD.",X,STK,72,72,69.49,69.49,69.49,70,4,4,282,
502901,"JAMSHRI REALTY LIMITED",X,STK,79.94,81,79.52,80.48,80.48,79.55,32,589,47202,
502933,"KATARE SPINNING MILLS LTD.",X,STK,100,100,90,100,100,91.4,7,253,24375,
502937,"KESORAM INDUSTRIES LTD.",T,STK,8.9,8.93,8.52,8.74,8.75,8.83,208,90445,784400,
502958,"LAKSHMI MILLS COMPANY LTD.",X,STK,7201,7400,7200,7400,7400,7475,12,63,456805,
502986,"VARDHMAN TEXTILES LTD.",A,STK,543.9,544.5,531.35,537.55,537.5,546.25,561,15463,8327791,
503031,"PENINSULA LAND LTD.",B,STK,17.22,18.11,16.21,16.81,16.43,17.22,197,35331,604333,
503092,"PASUPATI SPG.& WVG.MILLS LTD.",X,STK,30.47,31.47,30.47,31.39,31.39,30.47,6,1883,59219,
503100,"THE PHOENIX MILLS LTD",A,STK,1614.45,1624,1596.55,1603.9,1603.35,1634.6,575,4356,7005052,
503101,"MARATHON NEXTGEN REALTY LTD.",B,STK,428.5,433.5,422.1,425.1,430.75,431.85,195,1492,636006,
503162,"RELIANCE CHEMOTEX INDUSTRIES L",B,STK,120.55,120.55,118.05,118.05,118.05,120.5,11,249,29869,
503169,"RUBY MILLS LTD.",B,STK,220.05,226.05,211.15,212.65,212.35,230.6,455,9922,2137797,
503229,"SIMPLEX REALTY LTD.",X,STK,129.7,129.7,129.7,129.7,129.7,123.55,3,456,59143,
503310,"Swan Corp Limited",A,STK,360.4,366.7,356.2,358.3,356.35,361.15,1032,45599,16472910,
503349,"VICTORIA MILLS LTD.",X,STK,6200,6200,6198.9,6198.9,6198.9,6200,2,2,12398,
503624,"SVARAJ TRADING & AGENCIES LTD.",X,STK,7.35,7.39,6.11,6.5,6.5,7.35,42,17851,113204,
503635,"SHREE SALASAR INVESTMENT LTD.",XT,STK,328.35,328.35,327,328.35,328.35,312.75,51,2002,657355,
503639,"INDSOYA LTD.",XT,STK,12.31,12.31,12.31,12.31,12.31,11.73,1,5,61,
503641,"ZODIAC VENTURES LIMITED",X,STK,1.57,1.62,1.55,1.62,1.62,1.55,172,127355,205574,
503657,"VEER ENERGY & INFRASTRUCTURE L",X,STK,11.8,11.8,11,11.36,11.35,11.07,52,3862,43572,
503663,"Tilak Ventures Limited",X,STK,0.86,0.94,0.85,0.94,0.94,0.86,898,4601165,4245374,
503675,"WAGEND INFRA VENTURE LIMITED",X,STK,1.04,1.04,1.04,1.04,1.04,1.04,32,37412,38908,
503681,"ELCID INVESTMENTS LTD.",B,STK,101000,103000,99630,100758.5,100000,99999.65,63,129,12996427,
503685,"MEDIAONE GLOBAL ENTERTAINMENT",Z,STK,17.93,17.93,17.49,17.49,17.49,17.08,9,917,16187,
503722,"BANSWARA SYNTEX LTD.",B,STK,112.2,112.2,109.2,109.95,109.95,110.05,16,533,58709,
503804,"SHRI DINESH MILLS LTD.",X,STK,228.1,235,228.1,229,229,232.5,6,847,194132,
503806,"SRF LTD.",A,STK,2567.95,2648.9,2567.95,2622.45,2622.45,2568.4,3797,186768,486177954,
503811,"SIYARAM SILK MILLS LTD.",B,STK,522,527.45,505,510.7,510.7,523.15,342,3619,1877199,
503816,"SWADESHI POLYTEX LTD.",X,STK,35.9,35.9,34.5,35.65,35.8,35.84,42,1839,64791,
503837,"SHREE RAJASTHAN SYNTEX LTD.",X,STK,13.9,13.9,12.61,13.84,13.84,13.27,13,610,8375,
503960,"BHARAT BIJLEE LTD.",A,STK,2324.5,2490,2297.35,2338.15,2342.3,2301.7,429,4631,10945977,
504000,"ELPRO INTERNATIONAL LTD.",B,STK,83.1,84.89,80.31,83.05,83.05,83.29,81,8162,680070,
504028,"GEE LTD.",X,STK,64.4,67,64.4,66.97,66.97,65.57,74,9299,616192,
504036,"HIND RECTIFIERS LTD.",B,STK,1350,1468.2,1349,1453,1460,1358.45,449,3224,4643795,
504058,"INDO-NATIONAL LTD.",B,STK,323,325.4,310,312.5,311,317.5,92,188,59550,
504067,"ZENSAR TECHNOLOGIES LTD.",A,STK,553.55,562.85,545,558.35,557.05,548.5,504,12197,6823106,
504076,"JYOTI LTD.",X,STK,62,62.99,61.35,62.33,62.64,61.82,72,12658,787907,
504080,"JSL INDUSTRIES LTD.",X,STK,1000,1030,970.05,994.4,1030,1030.15,9,223,222820,
504084,"KAYCEE INDUSTRIES LTD.",X,STK,810,820,798.7,804.95,819,798.9,123,805,652886,
504092,"INDOKEM LTD.",XT,STK,512.95,524.7,495.1,500.6,500.6,513,129,2836,1430363,
504093,"PANASONIC ENERGY INDIA COMPANY",X,STK,307.7,308.5,292.55,294.45,294.45,298.25,87,1384,410043,
504112,"NELCO LTD.",B,STK,582.05,609.8,582.05,597.55,607,592.5,396,9080,5432242,
504132,"PERMANENT MAGNETS LTD.",X,STK,736,739.8,725.05,732.95,732.95,736.6,129,1821,1340007,
504176,"HIGH ENERGY BATTERIES (INDIA)",X,STK,554,559,546.2,554.55,554.5,551.3,275,17677,9813683,
504180,"STANDARD BATTERIES LTD.",XT,STK,44.4,44.4,41.75,44,44,43.87,32,769,32808,
504212,"UNIVERSAL CABLES LTD.",B,STK,675.55,682.05,669.9,675.65,674,674.35,34,575,389698,
504220,"W.S.INDUSTRIES (INDIA) LTD.",B,STK,69.2,70.49,68.76,69.7,69.7,69.11,34,1089,75988,
504240,"DELTON CABLES LTD.",X,STK,436.6,436.6,420.05,430.6,427.5,430.45,91,1473,632704,
504258,"LAKSHMI ELECTRICAL CONTROL SYS",X,STK,760.6,789.95,755,757.15,755,751.3,85,972,743905,
504273,"MODULEX CONSTRUCTION TECHNOLOG",Z,STK,20.6,22.55,20.6,21.28,21,21.52,37,20308,426666,
504286,"DELTA MANUFACTURING LIMITED",B,STK,60.39,60.39,53.5,57,57,56.9,14,1083,61040,
504340,"Longspur International Venture",X,STK,6.84,6.84,6.58,6.58,6.58,6.71,19,4704,30963,
504341,"RAVINDRA ENERGY LIMITED",B,STK,139.75,139.9,136.95,139.05,138,138.85,47,1369,189036,
504351,"EMPOWER INDIA LTD.",X,STK,1.41,1.43,1.39,1.41,1.4,1.41,739,1404801,1975302,
504369,"GRANDMA TRADING & AGENCIES LTD",X,STK,0.49,0.49,0.49,0.49,0.49,0.49,3,131,64,
504378,"NYSSA CORPORATION LIMITED",X,STK,2.28,2.28,2.19,2.25,2.25,2.24,111,396994,892067,
504380,"FLOMIC GLOBAL LOGISTICS LIMITE",X,STK,43.38,43.38,43.25,43.29,43.29,43.39,15,332,14378,
504392,"KRISHNA VENTURES LIMITED",XT,STK,22.5,22.78,22.01,22.4,22.01,21.7,14,5500,122887,
504397,"GANESH HOLDINGS LTD.",XT,STK,71.5,76,69,70.42,72,72.41,13,70,5209,
504605,"UNI ABEX ALLOY PRODUCTS LTD.",X,STK,2910.05,2993,2866.1,2941.85,2930,2960.95,150,688,2001696,
504614,"SARDA ENERGY & MINERALS LTD.",A,STK,543.05,561.6,543.05,553.5,552.6,542.45,1919,48019,26646741,
504646,"BHAGWATI AUTOCAST LTD.",X,STK,499.95,516.7,490,516.4,510,502,32,2265,1122098,
504648,"BOMBAY WIRE ROPES LTD.",X,STK,45.99,48.99,45,45.33,45.33,46.45,19,2503,114932,
504731,"AZAD INDIA MOBILITY LIMITED",X,STK,92.2,92.2,85.34,85.34,85.34,89.83,139,12923,1119844,
504741,"INDIAN HUME PIPE CO.LTD.",B,STK,336,336,309.75,317.3,311,315.4,55,2489,778065,
504746,"INDIAN LINK CHAIN MANUFACTURES",XT,STK,1337.85,1337.85,1337.85,1337.85,1337.85,1365.15,7,120,160542,
504786,"INVESTMENT & PRECISION CASTING",X,STK,557.85,569,537.3,545.85,554.95,558.55,90,2499,1376549,
504810,"INFORMED TECHNOLOGIES INDIA LT",X,STK,81.64,82,76.7,82,82,82,7,43,3449,
504840,"KAIRA CAN CO.LTD.",X,STK,1305,1326,1305,1305,1305,1321,10,82,107218,
504879,"ORIENT CERATECH LIMITED",B,STK,36.34,38,36.34,37.08,37.15,37.05,60,7331,278176,
504882,"NATIONAL STANDARD (INDIA) LTD.",B,STK,1330,1330,1271.2,1310.7,1288.85,1311.8,37,170,221104,
504903,"RATHI STEEL & POWER LTD.",X,STK,21.16,21.5,19.15,19.88,20,21.09,346,93810,1914477,
504908,"Duncan Engineering Limited",X,STK,417,429.7,401.3,407.7,407.7,406.2,13,122,49907,
504918,"SANDUR MANGANESE & IRON ORES L",B,STK,201.25,203.9,199.2,200.95,201.25,201.3,604,28910,5825696,
504959,"STOVEC INDUSTRIES LTD.",X,STK,1873,1900,1852.2,1869.5,1860,1866.2,24,581,1085840,
504973,"CHOLAMANDALAM FINANCIAL HOLDIN",A,STK,1622.2,1640.5,1573,1594.45,1590,1633.1,1392,495765,788642753,
504988,"WELCAST STEELS LTD.",X,STK,697.4,776,697,697,697,700.9,5,104,73280,
505010,"AUTOMOTIVE AXLES LTD.",B,STK,2109.3,2109.3,1980,1981.75,1982,2005.8,114,587,1172898,
505029,"ATLAS CYCLES (HARYANA) LTD.",B,STK,105.45,105.45,88,88,88,89.9,14,346,32678,
505036,"AUTOMOBILE CORPORATION OF GOA",B,STK,1646,1773,1641,1686,1686,1648.9,183,1640,2830483,
505075,"SETCO AUTOMOTIVE LTD.",B,STK,17.3,18.8,17.3,18.45,18.45,18.08,45,6583,119934,
505160,"TALBROS AUTOMOTIVE COMPONENTS",B,STK,240.2,244,240,240.35,242.15,244.55,81,1407,340510,
505163,"Z.F.STEERING GEAR (INDIA) LTD.",B,STK,751.05,755.85,720,720.45,720.45,739.9,393,2312,1691017,
505192,"SML Mahindra Limited",B,STK,4320,4411.75,4197.05,4202.05,4202.05,4417.9,729,3489,14870751,
505196,"TIL LTD.",B,STK,208.5,208.5,198,201.55,200.1,209.45,64,1726,353044,
505200,"EICHER MOTORS LTD.",A,STK,7748.95,7748.95,7605,7618.65,7634.95,7749.5,2155,9009,68833785,
505212,"JAINEX AAMCOL LTD.",X,STK,124,124,112.3,112.95,112.3,123.4,16,494,56535,
505216,"ALFRED HERBERT (INDIA) LTD.",X,STK,2639,2702.35,2609,2638.6,2702,2571.05,17,25,66701,
505232,"VELJAN DENISON LIMITED",X,STK,917.8,959.85,917.7,925.25,925.25,929.55,17,92,86341,
505242,"DYNAMATIC TECHNOLOGIES LTD.",B,STK,10800,10921.9,10506,10729.45,10725.25,10681.2,288,1386,14940888,
505250,"G. G. Dandekar Properties Limi",X,STK,65,69.99,65,67.45,68.45,66,27,6509,434265,
505255,"GMM PFAUDLER LTD.",A,STK,882,886.7,868.15,874.7,873.9,882.7,1367,23683,20771823,
505283,"KIRLOSKAR PNEUMATIC CO.LTD.",A,STK,1136.25,1165.3,1135.3,1157.25,1155,1136,296,109297,125733458,
505299,"KPT INDUSTRIES LIMITED",X,STK,537.35,546,531,533.6,531,537.35,79,813,434651,
505302,"LAKSHMI ENGINEERING AND WAREHO",X,STK,1800,1800,1800,1800,1800,1780,2,2,3600,
505324,"MANUGRAPH INDIA LTD.",B,STK,15.1,15.1,14.1,14.24,14.13,14.5,27,1251,17830,
505336,"HARSHIL AGROTECH LIMITED",X,STK,0.39,0.39,0.38,0.38,0.38,0.39,570,1845041,712153,
505343,"MONOTYPE INDIA LTD.",X,STK,0.43,0.45,0.42,0.43,0.43,0.42,640,1976511,861761,
505355,"NESCO LTD.",B,STK,1105.8,1108.6,1075,1086.1,1080,1105.75,384,1542,1682576,
505358,"INTEGRA ENGINEERING INDIA LTD.",X,STK,156.6,161,152.65,155.5,155.5,156.6,119,10665,1683831,
505400,"TEXMACO INFRASTRUCTURE & HOLDI",B,STK,90.7,92.89,89.55,90.07,90.07,90.9,80,4763,433898,
505412,"WENDT (INDIA) LTD.",B,STK,6596,6620,6508,6538.3,6515,6605.35,117,284,1860852,
505502,"PS IT INFRASTRUCTURE & SERVICE",X,STK,1.36,1.37,1.36,1.37,1.37,1.35,4,205,278,
505504,"GHV INFRA PROJECTS LIMITED",XT,STK,303,319,296,313.8,316,307.9,759,33653,10354339,
505509,"RESPONSIVE INDUSTRIES LTD.",B,STK,170.5,171.1,164.1,168.85,169.5,170.6,935,671658,113119889,
505515,"SHYAMKAMAL INVESTMENTS LTD.",X,STK,13.01,13.5,11.6,12.35,12.6,12.75,59,12093,154205,
505523,"MAHARASHTRA CORPORATION LTD.",X,STK,0.34,0.34,0.31,0.33,0.33,0.33,315,817790,266729,
505526,"DOLAT ALGOTECH LIMITED",B,STK,76,78.35,75.52,75.93,75.93,76.72,249,13977,1067755,
505533,"WESTLIFE FOODWORLD LIMITED",A,STK,475.55,499.4,475.55,491.75,491.75,475.55,390,5600,2738959,
505537,"ZEE ENTERTAINMENT ENTERPRISES",A,STK,82.49,82.66,81.55,81.82,81.98,82.54,1413,233764,19175061,
505590,"SVP GLOBAL TEXTILES LIMITED",T,STK,2.79,2.79,2.79,2.79,2.79,2.84,2,15,41,
505650,"SKYLINE MILLARS LTD.",X,STK,17.11,17.11,16.8,16.8,16.8,16.8,8,5715,97655,
505681,"BIMETAL BEARINGS LTD.",X,STK,582,582,566,574.4,566,564.5,8,25,14449,
505688,"BHARAT GEARS LTD.",B,STK,102.85,102.85,100,101.05,101.05,103.15,52,955,96900,
505690,"BRADY & MORRIS ENGINEERING CO.",X,STK,798,798,755,759.45,760,797.3,38,359,276721,
505693,"La Tim Metal & Industries Limi",X,STK,9.99,10.95,9.87,10.19,10.5,9.94,119,39415,400508,
505700,"ELECON ENGINEERING CO.LTD.",A,STK,395.45,435.55,395.45,410.05,408,400.2,3549,80192,33572827,
505710,"GRAUER & WEIL (INDIA) LTD.",B,STK,65.29,65.8,62.51,62.96,62.96,65.53,769,83507,5359007,
505712,"HIM TEKNOFORGE LIMITED",X,STK,193,198.65,190.8,193.55,193,195,32,2423,467248,
505714,"GABRIEL INDIA LTD.",A,STK,937.05,950.7,910.05,914.7,914.7,940.5,1328,18584,17274398,
505720,"Hercules Investments Limited",B,STK,122.8,124,121.25,122.05,122.5,122.95,200,20510,2520839,
505725,"ALGOQUANT FINTECH LIMITED",B,STK,60.69,61.15,60,60.48,60.48,61.2,440,232579,14088447,
505726,"IFB INDUSTRIES LTD.",B,STK,1083.4,1102.6,1072.7,1076.5,1072.95,1083.3,171,2192,2389275,
505729,"SINGER INDIA LTD.",X,STK,73.69,73.7,70.2,71.25,71.25,73.74,310,75591,5389032,
505737,"INTERNATIONAL COMBUSTION (INDI",X,STK,422.95,430,416,428.85,428.95,411.15,53,1595,680275,
505744,"FEDERAL-MOGUL GOETZE (INDIA) L",B,STK,389.8,391.35,384.8,389.2,390,386.05,48,896,348131,
505750,"JOSTS ENGINEERING CO.LTD.",X,STK,238,241,232,234.3,235,233.45,163,14392,3393884,
505790,"Schaeffler India Limited",A,STK,4288,4465,4271,4323.6,4323.6,4289.25,1368,6008,26351284,
505800,"RANE HOLDINGS LTD.",B,STK,1222,1237.1,1204.2,1237.1,1237.1,1200,12,65,79044,
505827,"SNL BEARINGS LTD.",X,STK,365,379.9,365,365,365,369,18,288,105485,
505840,"JAIPAN INDUSTRIES LTD.",X,STK,26.4,26.4,24.5,25.79,25.79,25.3,12,503,12345,
505850,"MANGAL CREDIT AND FINCORP LTD.",B,STK,169.2,170.1,164.55,164.55,164.55,169.9,204,6653,1123560,
505854,"TRF LTD.",B,STK,240.2,241.05,234.35,238.55,236.1,240.2,73,430,102228,
505872,"WPIL LTD.",B,STK,389.1,395,381,389.05,389.05,392,2428,25525,9950845,
505890,"KENNAMETAL INDIA LTD.",B,STK,2340,2340,2275.05,2315.4,2318,2289.1,222,1111,2559796,
505893,"HINDUSTAN HARDY LIMITED",X,STK,849.95,850,844,846.45,849,807.35,15,81,68700,
505978,"TRITON VALVES LTD.",X,STK,3389,3389,3261.05,3314.75,3277.2,3303.75,86,397,1319265,
506003,"SUDAL INDUSTRIES LTD.",X,STK,54,54.5,50.1,51.37,52.97,51.92,33,657,35311,
506022,"PRAKASH INDUSTRIES LTD.",B,STK,126,126.9,123.05,124.9,124.9,126.3,578,217163,27404512,
506076,"GRINDWELL NORTON LTD.",A,STK,1572.4,1579.5,1553.75,1567.8,1557.2,1572.3,236,177020,276506184,
506105,"STANROSE MAFATLAL INVESTMENTS",X,STK,64.39,65,61.07,63.39,63.39,64.39,13,271,17107,
506109,"GENESYS INTERNATIONAL CORPORAT",B,STK,268,289.2,264.5,271.95,270.5,271.35,3122,68423,18846378,
506122,"Kairosoft AI Solutions Limited",XT,STK,45.55,47.48,45.55,47.25,47.25,45.53,27,2876,133058,
506128,"PARNAX LAB LTD.",X,STK,128.75,130,126,129.7,130,128.75,24,2231,287849,
506134,"GOURMET GATEWAY INDIA LIMITED",X,STK,11.9,11.9,10.32,10.61,10.87,11.46,244,211704,2231678,
506146,"VISAGAR POLYTEX LTD.",B,STK,0.5,0.52,0.5,0.51,0.52,0.51,79,119074,61405,
506166,"APIS INDIA LTD.",XT,STK,57.94,60.83,57,60.47,60,57.94,296,26288,1569769,
506180,"EMERGENT INDUSTRIAL SOLUTIONS",XT,STK,338,338,331.25,331.25,331.25,338,6,26,8680,
506184,"KANANI INDUSTRIES LTD.",B,STK,1.55,1.57,1.35,1.36,1.36,1.39,114,28896,39970,
506186,"GALAXY CLOUD KITCHENS LIMITED",X,STK,16.7,17.83,16.7,17.83,17.83,16.99,23,32031,564228,
506194,"ARIHANT SUPERSTRUCTURES LIMITE",B,STK,249.45,252,249.45,251.9,252,245,26,264,65921,
506197,"BLISS GVS PHARMA LTD.",B,STK,215.9,217.85,213.1,214,213.3,216.7,561,43514,9396703,
506222,"Styrenix Performance Materials",A,STK,1863.55,1874.9,1856.7,1868.55,1869.4,1871.75,88,665,1241949,
506235,"ALEMBIC LTD.",B,STK,89.09,89.09,86.54,87.16,87.01,89.07,277,12435,1087482,
506248,"AMINES & PLASTICIZERS LTD.",B,STK,155,158.85,152,152,152,152.75,15,230,35111,
506260,"ANUH PHARMA LTD.",B,STK,77.2,78.15,76.8,77.19,77,77.85,25,624,48123,
506261,"MODISON LIMITED",B,STK,131.65,131.9,130.5,130.55,130.55,130.45,52,246,32149,
506285,"BAYER CROPSCIENCE LTD.",A,STK,4500.05,4609.5,4500,4601.45,4600,4523.85,510,2131,9774912,
506365,"STARSOURCE MULTITRADE LIMITED",X,STK,87.5,93,86.05,88.84,86.05,88.83,7,2587,229824,
506373,"CITURGIA BIOCHEMICALS LTD.",B,STK,142.6,142.6,142.6,142.6,142.6,135.85,3,145,20677,
506390,"Sudarshan Colorants India Limi",B,STK,340,340,330,334.45,334.45,332.85,36,1683,567294,
506395,"COROMANDEL INTERNATIONAL LTD.",A,STK,2065.5,2090,1994.7,2023.05,2023.05,2067.45,2607,18370,37227650,
506401,"DEEPAK NITRITE LTD.",A,STK,1534.45,1543.9,1510.75,1523.3,1523.3,1535.95,1448,11417,17457220,
506405,"DMCC SPECIALITY CHEMICALS LIMI",B,STK,225,225,219,221.95,219.8,225,111,597,133201,
506414,"FERMENTA BIOTECH LIMITED",X,STK,324,329.75,317.05,325.4,326.9,324.75,69,3805,1233121,
506480,"GOCL Corporation Limited",B,STK,248.3,253.6,248,249.5,249.5,248.3,158,715,179005,
506520,"JAYSHREE CHEMICALS LTD.",X,STK,6.45,6.75,6.12,6.14,6.13,6.21,85,18260,113367,
506525,"KANORIA CHEMICALS & INDUSTRIES",B,STK,67,67,66.25,66.25,66.25,69.95,6,152,10165,
506528,"KELTECH ENERGIES LTD.",X,STK,3195.8,3195.8,3138,3174.1,3174.1,3202.3,101,1346,4271828,
506532,"NITTA GELATIN INDIA LTD.",X,STK,816.2,816.2,804.05,815,815,814.9,38,408,330697,
506543,"M.P.AGRO INDUSTRIES LTD.",XT,STK,10.13,10.13,9.17,9.17,9.17,9.65,5,19,182,
506579,"AG VENTURES LIMITED",B,STK,111,112.15,107.75,109.45,109.45,108.25,104,5141,561679,
506590,"PCBL Chemical Limited",A,STK,284.05,288.05,280.05,280.95,280.95,284.05,1298,60630,17218192,
506597,"AMAL LTD.",X,STK,497,514.8,497,507.75,510,505.5,137,2373,1201152,
506605,"POLYCHEM LTD.",X,STK,1990,1990,1990,1990,1990,1980.15,1,9,17910,
506618,"PUNJAB CHEMICALS AND CROP PROT",B,STK,1000,1100,1000,1075,1075,1069.3,41,311,332644,
506640,"ZR2 BIOENERGY LIMITED",X,STK,130,140,121.25,136.8,127.05,133.5,27,916,123286,
506642,"SADHANA NITROCHEM LTD.",B,STK,1.63,1.63,1.63,1.63,1.63,1.71,140,69741,113677,
506655,"SUDARSHAN CHEMICAL INDUSTRIES",A,STK,820,825.2,810.8,814.1,812,821.95,155,2035,1661319,
506680,"TECIL CHEMICALS & HYDRO POWER",B,STK,13,13.5,12.6,13.35,12.65,12.9,6,41,537,
506685,"ULTRAMARINE & PIGMENTS LTD.",B,STK,434.5,440,428,433.5,430.5,437.6,148,13523,5865707,
506687,"TRANSPEK INDUSTRY LTD.",X,STK,954.6,954.6,915,918.8,937.95,933.15,202,5008,4676948,
506690,"UNICHEM LABORATORIES LTD.",B,STK,327.05,331.35,320.4,324.05,325.55,323.45,256,905,295035,
506734,"MYSORE PETRO CHEMICALS LTD.",X,STK,95.5,96.98,92,94,94,93.5,24,1218,114760,
506767,"ALKYL AMINES CHEMICALS LTD.",A,STK,1404.9,1415,1372.6,1384,1384,1399.35,299,2156,2991853,
506808,"TUTICORIN ALKALI CHEMICALS AND",X,STK,51.93,51.93,49.25,50.01,50.02,51.59,144,7102,358236,
506820,"ASTRAZENECA PHARMA INDIA LTD.",A,STK,8630.35,8749.95,8523.4,8740.1,8747,8596.15,34,75,648835,
506852,"Primo Chemicals Limited",B,STK,18.1,18.5,17.87,18.03,17.96,18.02,37,4998,90522,
506854,"TANFAC INDUSTRIES LTD.",B,STK,3965,4059.9,3951.1,3968.6,3979.5,4002.05,539,4650,18542993,
506858,"GUJARAT PETROSYNTHESE LTD.",X,STK,60,61,60,60,60,60,5,363,21790,
506863,"SWADESHI INDUSTRIES LEASING CO",XT,STK,111.55,111.55,109.35,109.35,109.35,111.55,93,10288,1130667,
506879,"GUJARAT THEMIS BIOSYN LTD.",B,STK,301.9,301.9,290.1,296.75,296.75,300.95,191,4507,1328449,
506906,"Saptak Chem And Business Limit",XT,STK,54.61,54.61,54.61,54.61,54.61,55.72,3,25,1365,
506919,"MAKERS LABORATORIES LTD.",X,STK,148,148,144,144,144,149.95,21,1759,253429,
506943,"J.B.CHEMICALS & PHARMACEUTICAL",A,STK,2094.55,2094.55,2040.15,2051.2,2051.2,2070.7,642,29422,60321733,
506979,"APT PACKAGING LTD.",X,STK,124,124,120,120,120,125,5,162,19758,
506981,"BLUE CHIP TEX INDUSTRIES LTD.",X,STK,128.4,128.4,122.65,122.65,122.65,128.65,10,425,52144,
507155,"JAGATJIT INDUSTRIES LTD.",X,STK,144,153,143.5,146.05,146.05,144.75,292,17927,2627564,
507180,"KESAR ENTERPRISES LTD.",X,STK,4.67,4.95,4.5,4.65,4.65,4.58,122,33167,158168,
507205,"TILAKNAGAR INDUSTRIES LTD.",A,STK,421.7,457.75,421.7,449.9,449,425.25,3543,76722,34275415,
507265,"Emerald Leisures Limited",X,STK,185,185,185,185,185,177.45,1,80,14800,
507300,"The Ravalgaon Sugar Farm Limit",X,STK,919.2,964,888.1,937.5,937.5,937.95,17,105,96487,
507315,"SAKTHI SUGARS LTD.",B,STK,16.77,16.95,16.25,16.33,16.25,16.77,84,5129,86093,
507410,"WALCHANDNAGAR INDUSTRIES LTD.",B,STK,165,172.25,163.6,165.8,165.8,166.45,670,26936,4517021,
507438,"IFB AGRO INDUSTRIES LTD.",B,STK,781.6,788.9,769,769,769,800.9,25,121,94495,
507474,"KOTHARI FERMENTATION & BIOCHEM",X,STK,38.78,38.78,37.06,38.06,38.47,38.78,51,2777,105960,
507488,"G.M.BREWERIES LTD.",B,STK,961.5,1016,960.6,994.45,995.35,963.25,571,7960,7917391,
507490,"RANA SUGARS LTD.",B,STK,11.96,12,11.3,11.4,11.3,11.74,150,31474,364488,
507498,"PICCADILY SUGAR & ALLIED INDUS",X,STK,35.11,35.11,32.5,34.72,34.7,35.11,95,4374,148056,
507514,"SOM DISTILLERIES & BREWERIES L",B,STK,76.84,81.27,76.25,79.15,79.8,76.53,1355,146628,11584258,
507515,"C.J.GELATINE PRODUCTS LTD.",X,STK,16.33,16.33,16.33,16.33,16.33,17.18,2,11,179,
507526,"ASSOCIATED ALCOHOLS & BREWERIE",B,STK,783.95,800,759.55,765.2,766.7,758.1,550,5985,4664914,
507552,"FOODS & INNS LTD.",B,STK,53.59,53.74,52.5,52.8,53.15,53.62,82,9703,511313,
507580,"IVP LTD.",B,STK,126.15,129.8,126.15,127.1,127,130,60,2058,263595,
507598,"KOVILPATTI LAKSHMI ROLLER FLOU",X,STK,107,107,104,105,105,104.05,12,366,38225,
507609,"OLYMPIC OIL INDUSTRIES LTD.",X,STK,31.76,31.76,30.18,30.18,30.18,31.76,9,69,2189,
507621,"MILKFOOD LTD.",X,STK,49,50.18,49,49.34,49.77,49.57,54,1282,63447,
507645,"POLSON LTD.",X,STK,11261.7,11261.7,11261.7,11261.7,11261.7,11610,1,1,11261,
507685,"WIPRO LTD.",A,STK,195.5,198.95,195,195.5,195.5,195.7,10094,394184,77708261,
507690,"ORIENT BEVERAGES LTD.",XT,STK,213.1,224.45,213.1,219.85,223.9,214.5,59,1448,322303,
507717,"DHANUKA AGRITECH LTD.",B,STK,998.05,998.05,982.15,986.25,985,992.05,423,1652,1635108,
507747,"TTK HEALTHCARE LTD.",B,STK,871.25,899,871.25,882.6,881.3,864.05,43,99,87085,
507753,"TGV SRAAC Limited",B,STK,84.5,85.9,83.56,84.97,84.85,84.81,333,40910,3465689,
507759,"LIME CHEMICALS LTD.",X,STK,15.39,15.39,15.39,15.39,15.39,17.1,14,2095,32242,
507779,"KANPUR PLASTIPACK LTD.",B,STK,174.95,181.2,174.95,181.2,181.2,176.35,6,37,6507,
507785,"TAINWALA CHEMICALS & PLASTICS",B,STK,203,208.05,203,208.05,208.05,201.8,3,3,619,
507789,"JAGSONPAL PHARMACEUTICALS LTD.",B,STK,170.1,175,170,174.15,172.9,170.4,27,504,86705,
507794,"KHAITAN CHEMICALS & FERTILIZER",B,STK,56.03,56.03,53.3,53.48,53.63,54.93,147,8176,440899,
507808,"UNITED LEASING & INDUSTRIES LT",P,STK,44.24,44.24,44.24,44.24,44.24,42.14,5,400,17696,
507813,"NATIONAL OXYGEN LTD.",X,STK,74,74,66,66.44,66.44,69,52,3366,224886,
507815,"GILLETTE INDIA LTD.",A,STK,8194.95,8219,8081,8097.55,8113,8196.3,338,651,5288832,
507817,"WIRES & FABRIKS (SA) LTD.",X,STK,156,156,156,156,156,148.7,1,2,312,
507828,"ANSAL HOUSING LIMITED",X,STK,7.01,7.14,6.98,6.99,6.99,6.98,125,59968,420621,
507833,"COMPUTER POINT LTD.",X,STK,4,4.15,3.98,4.1,4.13,4.15,34,3383,13656,
507836,"MAC CHARLES (INDIA) LTD.",X,STK,649.9,650,610,636.25,636.25,643.2,42,1152,723935,
507852,"ADDI INDUSTRIES LTD.",X,STK,100,102.5,97,102,102,102,26,1756,178335,
507864,"PIONEER INVESTCORP LTD.",XT,STK,87.03,90,86.83,89.41,89.4,91.39,55,3809,339848,
507872,"ASHNOOR TEXTILE MILLS LTD.",X,STK,40.54,42.95,40.54,42.5,42.5,41.3,5,103,4415,
507878,"UNITECH LTD.",B,STK,4.83,4.89,4.82,4.83,4.83,4.83,427,330363,1600936,
507880,"V.I.P.INDUSTRIES LTD.",A,STK,358.05,371,358,366.5,365.05,361.6,369,5899,2158185,
507910,"FIBERWEB (INDIA) LTD.",T,STK,38.62,40.4,37.66,39.89,40.4,38.62,15,737,28484,
507912,"LKP FINANCE LIMITED",X,STK,195.05,200.95,191,199.3,199.3,965.95,677,46867,9283632,
507944,"BAJAJ STEEL INDUSTRIES LTD.",B,STK,401,408,400.3,402.6,403.95,402.55,361,9693,3918156,
507946,"KIDUJA INDIA LTD.",X,STK,16.13,16.93,15.5,15.75,15.75,16.13,18,41676,650663,
507948,"KEY CORP LTD.",X,STK,70,71.27,70,71,71,67.88,13,328,23098,
507960,"GUJARAT HOTELS LTD.",X,STK,191.9,191.95,176.4,184.15,185,191.95,72,1890,346930,
507962,"FYNX CAPITAL LIMITED",XT,STK,6.18,6.18,6.18,6.18,6.18,6.3,24,5827,36010,
507966,"RAS RESORTS & APART HOTELS LTD",X,STK,38.2,42.7,38.2,41.45,41.45,38.2,14,601,25038,
507968,"JOLLY PLASTIC INDUSTRIES LTD.",P,STK,29.45,29.45,29.45,29.45,29.45,31,1,500,14725,
507970,"PARAMOUNT COSMETICS (INDIA) LT",X,STK,35.5,35.5,35,35,35,35,9,90,3175,
507981,"JINDAL HOTELS LTD.",X,STK,67.99,67.99,65,66.02,66.02,63.81,13,269,17805,
507998,"SIMMONDS MARSHALL LTD.",X,STK,144.45,145.1,138,140.15,140.15,141.95,102,6936,979613,
508136,"B & A LTD.",X,STK,323.8,373,323.8,353.85,369,370,27,271,91769,
508486,"HAWKINS COOKERS LTD.",B,STK,7210.05,7228.95,7100,7161.35,7145.65,7217.95,150,449,3214410,
508494,"WARREN TEA LTD.",X,STK,35.01,39.19,35.01,39.12,39.19,38.1,45,5600,211702,
508571,"COCHIN MALABAR ESTATES & INDUS",X,STK,125.25,127.85,125.25,127,127,137,12,172,21783,
508664,"BEST EASTERN HOTELS LTD.",X,STK,11.77,11.77,11.33,11.74,11.74,11.77,16,141,1633,
508670,"NEELAMALAI AGRO INDUSTRIES LTD",X,STK,3286,3286,3286,3286,3286,3250,1,1,3286,
508807,"IST LTD.",B,STK,687.9,687.9,672.65,681.65,683,675.85,59,474,321741,
508814,"Cosmo First Limited",B,STK,687.4,749.35,687.25,699.85,704.5,680.3,968,13639,9906520,
508869,"APOLLO HOSPITALS ENTERPRISE LT",A,STK,7700.45,7780.35,7670.75,7722.95,7728.4,7775.85,2254,7109,54962831,
508875,"Nitin Castings Limited",X,STK,525,549,521,544.8,544.8,522.8,66,357,189200,
508905,"NEXOME CAPITAL MARKETS LIMITED",X,STK,78.51,82.89,71.65,77,77.5,79.31,94,4544,341632,
508906,"EVEREST INDUSTRIES LTD.",B,STK,384,390,383.8,385,385,385,15,88,33866,
508918,"IRONWOOD EDUCATION LIMITED",X,STK,45.77,45.77,45,45.05,45.05,45.77,17,1939,87343,
508922,"MSR INDIA LTD.",XT,STK,6.84,6.84,6.84,6.84,6.84,6.71,48,147391,1008154,
508933,"AYM Syntex Limited",B,STK,197.85,207.5,197.8,199.65,198.4,197.95,89,1177,236792,
508941,"PANASONIC CARBON INDIA CO.LTD.",X,STK,448.35,457.45,448.35,453.05,450.35,452.05,52,362,164064,
508954,"FINKURVE FINANCIAL SERVICES LT",B,STK,68.49,70,63.5,64.7,63.5,67.15,167,14306,977311,
508956,"HB LEASING & FINANCE CO.LTD.",X,STK,13.24,13.25,12.5,12.56,12.56,12.5,12,498,6480,
508961,"SHRICON INDUSTRIES LTD.",XT,STK,199.65,199.65,190.95,190.95,190.95,190.15,3,12,2300,
508963,"TRUSTWAVE SECURITIES LIMITED",X,STK,16.2,16.2,16.2,16.2,16.2,16.91,1,10,162,
508969,"SULABH ENGINEERS & SERVICES LT",X,STK,2.47,2.47,2.27,2.31,2.29,2.27,63,4504,10541,
508980,"FRONTIER CAPITAL LIMITED",XT,STK,9,9.08,8.82,8.9,8.82,8.78,20,4463,40190,
508989,"NAVNEET EDUCATION LIMITED",B,STK,140.95,142.2,139,139.5,139.2,140.95,131,4825,677950,
509009,"AUSOM ENTERPRISE LIMITED",T,STK,97,99.95,97,99.91,99.95,100,15,1269,126341,
509015,"THAKRAL SERVICES (INDIA) LTD.",XT,STK,15.3,15.3,13.88,13.88,13.88,14.59,11,1129,15754,
509020,"RUCHI INFRASTRUCTURE LTD.",B,STK,5.5,5.9,5.5,5.8,5.51,5.52,21,14963,85401,
509024,"GOLDEN LEGAND LEASING & FINANC",X,STK,10.39,11.5,9.38,9.88,10.52,10.19,121,20647,216193,
509026,"VJTF EDUSERVICES LTD.",X,STK,92.6,92.6,92.6,92.6,92.6,91.9,1,20,1852,
509038,"VOLTAIRE LEASING & FINANCE LTD",X,STK,12.39,12.39,11.91,11.91,11.91,12.15,8,26,311,
509040,"NETLINK SOLUTIONS (INDIA) LTD.",XT,STK,180.05,195.4,180.05,193.45,195.4,188.85,14,338,65060,
509046,"TRILIANCE POLYMERS LIMITED",XT,STK,26.65,26.65,26.65,26.65,26.65,28.05,5,1150,30647,
509048,"LANCOR HOLDINGS LTD.",T,STK,23.3,23.9,22.9,23.9,23.9,23.26,8,539,12435,
509051,"INDIAN INFOTECH & SOFTWARE LTD",X,STK,0.64,0.65,0.63,0.63,0.64,0.64,669,1880473,1198733,
509053,"BANAS FINANCE LTD.",X,STK,6.57,6.57,6.06,6.32,6.35,6.21,129,49777,314585,
509055,"VISAKA INDUSTRIES LTD.",B,STK,69.95,69.95,59.1,59.58,59.1,59.29,50,1187,71080,
509069,"INFOMEDIA PRESS LTD.",B,STK,4.99,5.53,4.99,5.07,5,5.12,23,2619,13344,
509073,"HATHWAY BHAWANI CABLETEL & DAT",X,STK,11.07,11.5,10,10.56,10.52,11.3,59,7239,75569,
509079,"GUFIC BIOSCIENCES LTD.",B,STK,275,280.9,271.5,279.25,279,277.8,299,2296,634681,
509162,"INDAG RUBBER LTD.",X,STK,97,98.45,91.11,93.41,93.3,96.03,84,11059,1043477,
509196,"MM RUBBER COMPANY LTD.",X,STK,64.5,65.5,64.5,65.11,65.5,64.4,10,3132,203846,
509220,"PTL ENTERPRISES LTD.",B,STK,38,38.3,37.83,38.2,38.26,38.26,58,705,26843,
509243,"TVS SRICHAKRA LTD.",B,STK,3799.1,3809.2,3685,3702.45,3712.15,3799.05,72,207,769059,
509423,"SANATHNAGAR ENTERPRISES LIMITE",X,STK,37.32,40.96,37.32,39.98,39.98,39.28,10,210,8528,
509438,"BENARES HOTELS LTD.",B,STK,9501,9540.05,9425.2,9511.1,9511.95,9501,91,115,1093737,
509449,"BHAGWATI OXYGEN LTD.",X,STK,39.99,39.99,39.98,39.98,39.98,39.99,13,588,23512,
509470,"BOMBAY OXYGEN INVESTMENTS LIMI",X,STK,19400.1,19500,19400.1,19413,19413,19364,3,3,58313,
509480,"BERGER PAINTS INDIA LTD.",A,STK,434,444,429.5,442.65,442.65,434.9,1623,34096,14916501,
509486,"CAPRIHANS INDIA LTD.",X,STK,69.7,69.75,65,68.01,68.01,66.52,44,36164,2456509,
509488,"GRAPHITE INDIA LTD.",A,STK,684.65,693.3,660,664.85,664.85,684.6,1185,38294,25964981,
509496,"Cemindia Projects Limited",A,STK,563.05,573.85,558.65,566.25,565.15,564.9,520,15291,8702184,
509525,"EMPIRE INDUSTRIES LTD.",X,STK,882.1,897.7,871.05,873.1,871.2,877.2,72,1501,1314226,
509546,"GRAVISS HOSPITALITY LTD.",X,STK,28,28,27.38,28,28,27.96,12,1629,45595,
509557,"GARWARE TECHNICAL FIBRES LIMIT",A,STK,629.25,638,611.35,617.95,618.9,629.2,312,4311,2699036,
509563,"GARWARE MARINE INDUSTRIES LTD.",X,STK,22.4,26.37,22.4,26.37,26.37,21.98,356,76055,1985407,
509567,"GOA CARBON LTD.",B,STK,336.95,340,330.95,333.05,332.55,336.95,122,620,207963,
509597,"HARDCASTLE & WAUD MFG.CO.LTD.",X,STK,689.95,718.9,688.9,712.7,710,679.95,30,313,221253,
509631,"HEG LTD.",A,STK,541.75,548.9,534.2,535.8,538,541.75,943,30638,16582681,
509635,"HINDUSTAN COMPOSITES LTD.",B,STK,409.3,417,409.3,410.15,409.35,413.9,14,29,12030,
509675,"BIRLANU LIMITED",B,STK,1467.65,1479.95,1438.5,1447.85,1438.5,1478.2,113,854,1243802,
509692,"INDIAN CARD CLOTHING CO.LTD.",B,STK,204.2,204.2,204.2,204.2,204.2,201,3,30,6126,
509709,"INTERNATIONAL CONVEYORS LTD.",B,STK,76.65,76.65,72.63,73.09,73.01,76.41,151,2812,208473,
509715,"JAY SHREE TEA & INDUSTRIES LTD",B,STK,76.7,76.75,75.05,75.46,75.05,75.85,37,641,49077,
509732,"KOTHARI INDUSTRIAL CORPORATION",B,STK,174,174,168,169.15,171,171.25,145,9742,1656727,
509760,"MODERN SHARES & STOCKBROKERS L",X,STK,26,27.3,26,27.3,27.3,26,12,727,19829,
509762,"MAPRO INDUSTRIES LTD.",XT,STK,51.9,51.9,51.4,51.4,51.4,51.9,13,10729,551543,
509820,"HUHTAMAKI INDIA LIMITED",B,STK,171.95,173.8,169.65,172.1,172.05,170.35,236,12469,2135811,
509835,"PREMIER SYNTHETICS LTD.",X,STK,16.78,16.78,13,13.95,13.5,15.98,103,21319,290015,
509874,"SHALIMAR PAINTS LTD.",B,STK,53.21,53.75,52.54,52.82,52.54,52.38,41,4039,212636,
509887,"SINNAR BIDI UDYOG LTD.",XT,STK,835.8,835.8,835.8,835.8,835.8,796,1,1,835,
509895,"HINDOOSTAN MILLS LTD.",X,STK,173,174.9,161,165,165,164.95,47,1086,183172,
509930,"SUPREME INDUSTRIES LTD.",A,STK,3945.05,4064,3937.45,3950.75,3957,3952,1962,9361,37523022,
509945,"THACKER & CO.LTD.",X,STK,895,950,885,910,910,890.4,15,64,58856,
509953,"TRADE WINGS LTD.",XT,STK,678.05,678.05,678.05,678.05,678.05,691.85,1,10,6780,
509960,"U.P.HOTELS LTD.",X,STK,1420.05,1440.05,1420,1439.7,1420,1420.05,4,63,90542,
509966,"VST INDUSTRIES LTD.",B,STK,224.35,227,221.15,222.25,222.25,224.4,609,15569,3479698,
510245,"SWASTI VINAYAKA SYNTHETICS LTD",X,STK,3.45,3.54,3.36,3.49,3.5,3.45,71,21497,74664,
511000,"MADHUSUDAN SECURITIES LTD.",X,STK,19.72,19.84,19.5,19.84,19.84,19.81,11,211,4150,
511012,"YAMINI INVESTMENTS COMPANY LTD",XT,STK,0.69,0.71,0.69,0.71,0.71,0.68,438,521678,368207,
511018,"MILGREY FINANCE & INVESTMENT L",X,STK,61.9,62.6,59.5,60.03,60.59,62.03,202,39854,2416982,
511034,"JINDAL DRILLING & INDUSTRIES L",B,STK,589,602.2,539.2,542.05,542.05,600.15,10976,370444,211494799,
511066,"SAKTHI FINANCE LTD.",X,STK,22.31,22.9,21.9,22.05,22.29,22.54,226,36347,802835,
511076,"AEROFLEX ENTERPRISES LIMITED",B,STK,74.25,76.39,74,74.15,74,76.91,75,3396,254230,
511092,"JMD Ventures Limited",X,STK,5.99,6.03,5.99,5.99,5.99,6.11,33,17616,105520,
511108,"SHIVA TEXYARN LTD.",B,STK,155.75,155.75,155.75,155.75,155.75,151.75,1,40,6230,
511110,"V.B.DESAI FINANCIAL SERVICES L",X,STK,16.49,18.75,15.74,16.92,16.75,16.12,166,25470,442021,
511122,"FIRST CUSTODIAN FUND (INDIA) L",X,STK,77.3,84.5,74.5,82,82,77.01,9,306,24635,
511131,"KAMANWALA HOUSING CONSTRUCTION",X,STK,15.9,16.35,15.5,16.01,16.01,16.18,21,21906,353932,
511147,"WSFX Global Pay Limited",X,STK,56.5,60.5,56.22,58.93,58.4,59.85,18,424,24035,
511153,"Anjani Foods Limited",X,STK,18.5,18.5,17.5,17.53,17.99,17.92,23,1447,25702,
511176,"PARSHWANATH CORPORATION LTD.",X,STK,91.03,91.03,90.97,90.97,90.97,86.7,3,22,2001,
511187,"Millennium Online Solutions (I",X,STK,1.47,1.53,1.47,1.49,1.49,1.46,13,219,329,
511196,"CAN FIN HOMES LTD.",A,STK,834.75,849,825,828.15,849,826.6,633,6173,5119576,
511208,"IL&FS INVESTMENT MANAGERS LTD.",B,STK,7.18,7.25,7.1,7.17,7.11,7.12,151,16909,121104,
511218,"Shriram Finance Limited",A,STK,1042.35,1052,1001.2,1006.65,1006.65,1039.35,5572,206060,210883587,
511243,"CHOLAMANDALAM INVESTMENT AND F",A,STK,1651.55,1669.55,1621,1625.5,1625.5,1671.15,2126,22269,36506003,
511246,"BOMBAY TALKIES LIMITED",X,STK,4.78,5.2,4.78,4.97,4.97,4.74,10,288,1467,
511260,"ICONIK SPORTS AND EVENTS LIMIT",X,STK,48.2,48.2,44.01,47.41,47.59,45.94,51,7958,368974,
511333,"VLS FINANCE LTD.",B,STK,239.7,241.5,236.15,238,236.15,240.1,117,1329,316622,
511355,"INDIA CEMENTS CAPITAL LTD.",X,STK,12,12.5,11,12.14,12.14,12,49,12263,143288,
511359,"AD-MANUM FINANCE LTD.",X,STK,50.01,53.1,49.11,50.36,51.5,53,38,11193,563342,
511391,"INTER GLOBE FINANCE LTD.",X,STK,55.3,55.3,55.3,55.3,55.3,55.3,5,60,3318,
511401,"MUNOTH COMMUNICATION LIMITED",X,STK,7.2,7.2,7.2,7.2,7.2,6.86,1,1,7,
511411,"SHRISTI INFRASTRUCTURE DEVELOP",X,STK,29.5,29.5,28.06,29,29,29.5,15,331,9581,
511413,CREST,B,STK,320.8,350.95,320.8,330.95,330.95,321.55,26,457,158215,
511431,"VAKRANGEE LIMITED",B,STK,6,6.16,6,6.05,6.05,6.09,453,131994,803343,
511441,"GUJARAT CREDIT CORPORATION LTD",X,STK,30.97,30.97,30.97,30.97,30.97,29.5,1,211,6534,
511447,"Sylph Industries Limited",X,STK,0.77,0.78,0.77,0.78,0.78,0.76,7941,35151295,27350587,
511463,"Alexander Stamps And Coin Limi",X,STK,8.02,9.49,8.02,9.4,9.4,9.5,13,1577,14684,
511473,"INDBANK MERCHANT BANKING SERVI",B,STK,33.6,34.35,32.5,33.49,32.7,33.63,71,3315,111651,
511493,"SHRYDUS INDUSTRIES LIMITED",X,STK,3.15,3.24,2.87,3.2,3.2,3.08,64,18640,56527,
511501,"Bharat Bhushan Finance & Commo",X,STK,25.78,25.78,21,22.65,22.7,23.59,108,12646,284287,
511505,"CAPITAL TRUST LTD.",T,STK,12.03,12.49,12,12.07,12.06,12.59,35,5948,71871,
511509,"VIVO BIO TECH LTD.",X,STK,27.95,27.95,25,25.93,25.93,26.43,133,30256,800742,
511523,"VEERHEALTH CARE LIMITED",X,STK,19.91,20.18,19.33,19.94,19.95,20.01,97,134355,2679937,
511525,"PAN INDIA CORPORATION LTD.",X,STK,1.56,1.58,1.54,1.57,1.57,1.57,121,26910,42113,
511533,"SAHARA HOUSINGFINA CORPORATION",X,STK,39,40,39,39,39,39,7,298,11647,
511535,"NDA SECURITIES LTD.",XT,STK,36,36,34.55,34.6,34.6,36.35,25,2019,71094,
511539,"Supra Trends Limited",XT,STK,15.5,15.5,14.75,14.75,14.75,14.84,4,56,852,
511543,"GSB FINANCE LTD.",X,STK,34.25,36.5,34,36.19,36.19,34.91,20,1068,37368,
511549,"MORARKA FINANCE LTD.",X,STK,58.99,58.99,56.05,56.1,56.1,58.99,22,1501,84529,
511551,"Monarch Networth Capital Limit",B,STK,252.3,262.9,252.3,258.9,256.05,267.55,70,1294,337553,
511557,"PRO FIN CAPITAL SERVICES LTD.",XT,STK,3.86,4,3.74,3.91,3.85,3.89,475,3229799,12775993,
511559,"TEAM INDIA GUARANTY LIMITED",B,STK,314,314,256,270.05,270.05,270.1,15,386,99263,
511563,"SANCHAY FINVEST LTD.",Z,STK,39.8,39.8,39.8,39.8,39.8,39.78,3,75,2985,
511571,"Crescentis Capital Limited",X,STK,115,121,113,117.95,117,115,33,2013,236491,
511577,"Mantra Capital Limited",X,STK,15.1,15.1,15.03,15.03,15.03,15.1,2,180,2706,
511585,"BEFOUND MOVEMENT LIMITED",X,STK,3.08,3.08,3.02,3.02,3.02,3.08,6,51,154,
511589,"AVONMORE CAPITAL & MANAGEMENT",B,STK,14.48,14.78,14.12,14.13,14.13,14.74,175,3890,55513,
511593,"LIBORD FINANCE LTD",X,STK,17.35,17.35,15.95,17,17,16.53,7,129,2083,
511601,"YASH MANAGEMENT & SATELLITE LT",X,STK,7.97,8.47,7.94,8.4,8.4,7.94,6,850,6980,
511605,"ARIHANT CAPITAL MARKETS LTD.",B,STK,73.2,76.15,73.2,74.06,74,74.98,301,28164,2096077,
511609,"ISL CONSULTING LTD.",X,STK,29.5,29.6,29.5,29.6,29.6,29.5,2,500,14799,
511611,"DCM FINANCIAL SERVICES LTD.",B,STK,4.42,4.42,4.04,4.2,4.39,4.36,10,446,1905,
511626,"RR FINANCIAL CONSULTANTS LTD.",X,STK,81.7,87.99,81,81.38,81,84.3,45,1413,119322,
511628,"FEDDERS HOLDING LIMITED",X,STK,43.2,43.49,42.55,42.84,43.25,43.64,124,10404,447329,
511630,"SAMBHAAV MEDIA LTD.",B,STK,6.9,7.15,6.9,6.97,6.97,6.91,21,6077,42263,
511636,"DJS STOCK & SHARES LTD.",X,STK,2.16,2.33,2.16,2.23,2.23,2.2,54,16478,36729,
511644,"OMEGA INTERACTIVE TECHNOLOGIES",XT,STK,66.07,68.89,66.07,66.26,66.99,69.54,228,33366,2228464,
511654,"SUGAL & DAMANI SHARE BROKERS L",X,STK,55.7,61.9,55.1,57.33,61.9,59.5,17,197,11708,
511658,"NETTLINX LTD.",X,STK,17.58,18,17.18,17.97,18,17.59,37,4563,81206,
511664,"BGIL FILMS & TECHNOLOGIES LTD.",X,STK,12.47,12.47,11.39,11.39,11.39,11.98,112,44451,516323,
511672,"Scan Steels Limited",X,STK,29.08,30.6,29.08,29.94,29.94,29.36,78,38864,1164789,
511676,"GIC HOUSING FINANCE LTD.",B,STK,149.5,152,149.5,150.85,150.4,150.65,58,1311,196822,
511692,"AJCON GLOBAL SERVICES LTD.",X,STK,6.49,6.55,5.51,6.45,6.55,5.96,56,42226,267607,
511696,"CHARTERED CAPITAL & INVESTMENT",X,STK,275.95,275.95,263,263,263,275.95,6,39,10269,
511700,"STANDARD CAPITAL MARKETS LTD.",X,STK,0.48,0.5,0.47,0.48,0.48,0.47,991,9950578,4818988,
511702,"YOGI LIMITED",X,STK,177,177,169.9,171.7,173,167.45,13,291,49736,
511710,"CUBICAL FINANCIAL SERVICES LTD",X,STK,1.96,2.04,1.91,2.02,2.02,1.96,45,13945,27709,
511712,"RELIC TECHNOLOGIES LTD.",X,STK,66.67,71.8,63.01,64.01,65,66.07,14,354,23397,
511714,"NIMBUS PROJECTS LTD.",X,STK,190.2,196.45,185.8,196.15,195.8,189.3,78,9111,1701143,
511716,"Invigorated Business Consultin",X,STK,5.51,5.51,5.4,5.5,5.5,5.4,14,1560,8557,
511724,"BAID FINSERV LIMITED",B,STK,11.5,11.5,10.8,11.07,11.07,11.29,39,5130,56488,
511726,"VIPUL LTD.",T,STK,12.61,12.78,12.61,12.78,12.78,12.86,10,2306,29101,
511728,"K.Z.LEASING & FINANCE LTD.",X,STK,17,17,17,17,17,17.31,1,5,85,
511740,"RUPAREL FOOD PRODUCTS LIMITED",X,STK,143.25,149,140,149,149,142.4,5,42,5924,
511742,"UGRO CAPITAL LIMITED",B,STK,106.2,107.6,101.6,105.5,101.6,105.1,291,16730,1761479,
511754,"SHALIBHADRA FINANCE LTD.",X,STK,96.38,96.38,92.55,94.7,94.94,96.38,23,6263,590816,
511756,"ABIRAMI FINANCIAL SERVICES (IN",Z,STK,33.04,33.04,32.55,32.78,32.55,33.01,7,300,9835,
511758,"MANSI FINANCE (CHENNAI) LTD.",X,STK,70.85,70.85,70.38,70.6,70.6,70.38,8,14,988,
511764,"Aastamangalam Finance Limited",X,STK,37.94,37.94,31.5,33.73,33.73,32.73,8,404,13492,
511766,"MUTHOOT CAPITAL SERVICES LTD.",B,STK,212.4,215,205,206.3,206.3,211.1,123,3455,716871,
511768,"MASTER TRUST LTD.",B,STK,85.09,87.08,83,83.13,84.65,85.09,60,2181,185512,
512008,"EFC (I) LIMITED",B,STK,234.95,239.35,231.55,233.15,232.2,236.7,329,29053,6839650,
512014,"SOBHAGYA MERCHANTILE LTD.",X,STK,763,763,730,732.3,750,730.65,24,194,142425,
512018,"TOMORROW TECHNOLOGIES GLOBAL I",X,STK,9.6,9.64,9.11,9.15,9.34,9.59,59,24619,228521,
512020,"SARASWATI COMMERCIAL (INDIA) L",B,STK,9849.1,10178.95,9800,9850,9850,9869.8,154,193,1916596,
512025,"BANGANGA PAPER INDUSTRIES LIMI",X,STK,40.52,41.8,40,40.92,40.97,42.19,224,32177,1311898,
512036,"SKYBIOTECH HEALTHCARE LIMITED",X,STK,146.8,146.8,144.95,144.95,144.95,139.85,4,42,6110,
512038,"TCC CONCEPT LIMITED",B,STK,428.95,435.8,406.05,411.15,411.6,410.6,583,7229,3040892,
512047,"ROYAL INDIA CORPORATION LIMITE",X,STK,3.39,3.4,3.36,3.4,3.4,3.24,102,280108,951135,
512048,"DHANSAFAL FINSERVE LIMITED",X,STK,2.94,3.18,2.93,3.1,3.12,2.9,221,178938,550809,
512062,"SANMITRA COMMERCIAL LTD.",XT,STK,38.9,38.9,38.9,38.9,38.9,37.05,1,100,3890,
512064,"VISHVPRABHA VENTURES LIMITED",X,STK,46.17,51.03,46.17,51.03,51.03,48.6,4,20,1015,
512065,"MRUGESH TRADING LTD.",XT,STK,13.34,13.34,13.34,13.34,13.34,13.08,1,181,2414,
512068,"DECCAN GOLD MINES LTD.",B,STK,108,110.95,107.55,108.5,108.5,108.95,5524,480448,52429652,
512070,"UPL LIMITED",A,STK,625.7,634.85,618,628.2,628.2,629.2,1117,30832,19476732,
512093,"CRANES SOFTWARE INTERNATIONAL",Z,STK,4.23,4.53,4.23,4.33,4.33,4.32,28,6477,28306,
512097,"SAIANAND COMMERCIAL LIMITED",X,STK,0.27,0.28,0.26,0.28,0.28,0.28,132,573421,158360,
512099,"EYANTRA VENTURES LIMITED",XT,STK,1001.9,1001.9,1001.9,1001.9,1001.9,954.2,1,1,1001,
512103,"NIDHI GRANITES LTD.",X,STK,305,308.9,263.05,278,278,281.4,47,1199,339527,
512115,"ROSE MERC.LTD.",X,STK,68.06,68.06,58.1,63.79,63.79,64.35,58,67232,4294988,
512131,"SIGNET INDUSTRIES LIMITED",B,STK,46.3,46.3,44.53,45.7,45.7,46.2,166,4208,190787,
512149,"AVANCE TECHNOLOGIES LTD.",XT,STK,1.12,1.12,1.05,1.1,1.11,1.08,2876,5873679,6390819,
512161,"SECUREKLOUD TECHNOLOGIES LIMIT",B,STK,22.59,22.6,21,21.39,22.04,22.16,43,7990,175920,
512165,"ABANS ENTERPRISES LTD",X,STK,23.98,23.98,22,23.25,23.25,22.69,22,602,13601,
512175,"VAMA INDUSTRIES LTD.",X,STK,3.98,4,3.91,3.93,3.95,3.97,24,3492,13781,
512179,"SUNTECK REALTY LTD.",A,STK,378.55,387.05,375,376,376.45,374.55,232,4598,1749488,
512197,"SILVER OAK COMMERCIAL LTD.",Z,STK,4.16,4.16,3.96,3.96,3.96,4.16,27,1864,7422,
512217,"PRISM MEDICO AND PHARMACY LTD.",X,STK,23.47,25.9,23.47,23.66,23.66,24.7,328,468305,11235057,
512229,"VERITAS (INDIA) LTD.",XT,STK,166.95,168.1,162.15,167.8,167.8,164.9,87,8074,1334553,
512237,"JAI CORP LTD.",B,STK,101.8,104,99,99.75,99.75,101.75,496,19231,1951338,
512247,"ASHIRWAD CAPITAL LTD.",X,STK,2.64,2.64,2.45,2.52,2.52,2.51,178,33339,84150,
512257,"SWASTI VINAYAKA ART AND HERITA",X,STK,3.61,3.72,3.32,3.67,3.67,3.48,89,67442,243550,
512267,"MEDIA MATRIX WORLDWIDE LTD.",B,STK,11.42,11.74,10.6,10.95,11.15,11.2,235,31470,350520,
512277,"AUTORIDERS INTERNATIONAL LTD.",XT,STK,459.7,459.7,418,418,418,439.95,108,2197,918766,
512296,"BHAGYANAGAR INDIA LTD.",B,STK,161.45,164.9,158.4,160.5,160,161.1,159,2955,474772,
512297,"Shantai Industries Limited",XT,STK,42.21,42.21,42.21,42.21,42.21,41.39,14,13993,590644,
512301,"CHAMBAL BREWERIES & DISTILLERI",XT,STK,23,23.59,23,23.59,23.59,23.13,12,4679,109787,
512329,"SG MART LIMITED",B,STK,461.15,461.15,441.3,446.6,446.6,461.3,444,7673,3457570,
512344,"ARAVALI SECURITIES & FINANCE L",XT,STK,5.6,5.6,5.59,5.59,5.59,5.88,8,1878,10504,
512345,"YASH TRADING & FINANCE LTD.",XT,STK,188.1,207.9,188.1,207.9,207.9,198,18,504,104757,
512361,"CUPID BREWERIES AND DISTILLERI",X,STK,29.4,30.57,29,29.47,29.47,29.57,305,80415,2376978,
512379,"CRESSANDA RAILWAY SOLUTIONS LI",X,STK,2.55,2.6,2.47,2.52,2.53,2.51,620,376771,946140,
512381,"STARTECK FINANCE LIMITED",B,STK,265,269.5,259,268,268,270.95,72,4377,1161215,
512393,"SHARDUL SECURITIES LTD.",X,STK,27.98,27.98,26.67,27.97,27.97,28.39,12,290,7967,
512399,"SERA INVESTMENTS & FINANCE IND",X,STK,34.3,36.78,34.3,35.03,35.5,35.03,124,90013,3276401,
512415,"MERCURY TRADE LINKS LTD.",X,STK,6.22,6.22,5.92,6.14,6.18,5.96,84,121994,731585,
512437,"APOLLO FINVEST (INDIA) LTD.",X,STK,383.4,415.05,383.4,400,400,392.6,26,411,164768,
512441,"Enbee Trade &amp; Finance Ltd",X,STK,0.45,0.46,0.43,0.45,0.45,0.45,612,5586316,2483074,
512443,"Ganon Products Limited",X,STK,13.65,14.4,13.65,13.91,13.91,14.1,21,42304,595850,
512453,"SHRI JAGDAMBA POLYMERS LTD.",X,STK,610.8,610.8,591.05,592.3,592.3,604.25,51,1028,612823,
512455,"LLOYDS METALS AND ENERGY LTD.",A,STK,1204.75,1217.15,1179.1,1183.2,1180.7,1205.1,1302,27058,32363401,
512463,"LLOYDS ENTERPRISES LIMITED",A,STK,49.59,49.59,47.3,47.59,48.69,49.03,2601,206332,9954760,
512477,"BETEX INDIA LTD.",XT,STK,365,380,355,357.5,370,365,11,65,23277,
512485,"DHANLAXMI COTEX LTD.",X,STK,81.43,81.43,81.43,81.43,81.43,81.43,1,1,81,
512489,"OASIS SECURITIES LTD.",X,STK,14.55,14.55,13.55,13.7,13.66,13.86,13,3485,50674,
512493,"GARNET INTERNATIONAL LTD.",XT,STK,62.49,62.5,59,61.79,61.85,60.98,86,3634,220768,
512499,"SHALIMAR PRODUCTIONS LTD.",X,STK,0.49,0.49,0.49,0.49,0.49,0.49,103,24678,12092,
512519,"DONEAR INDUSTRIES LTD.",B,STK,89.9,91,84.16,91,91,88.8,16,732,63262,
512527,"SUPER SALES INDIA LTD.",X,STK,650,650,635,640.9,640.9,649.85,30,2851,1833288,
512529,"VIYASH SCIENTIFIC LIMITED",B,STK,202.5,204.85,200.25,203,203,202.05,1264,25918,5280035,
512531,"STATE TRADING CORPORATION OF I",B,STK,107.05,111.4,107.05,109.85,111,108.2,20,211,23308,
512559,"KOHINOOR FOODS LTD.",B,STK,25.75,26.59,24.7,25.75,26.28,25.24,184,5652,143805,
512573,"AVANTI FEEDS LTD.",A,STK,1201.45,1219.95,1160,1166.3,1166.3,1211.3,1281,24165,28550136,
512587,"ZODIAC-JRD-MKJ LTD.",X,STK,36.7,37,34.41,35.03,35.03,36.73,55,5517,195134,
512589,"SITA ENTERPRISES LTD.",X,STK,171.4,171.4,151.1,161.75,161.75,159.95,25,1072,172965,
512591,"PULSAR INTERNATIONAL LTD.",XT,STK,0.87,0.9,0.87,0.87,0.87,0.91,719,2813228,2447813,
512595,"Manbro Industries Limited",XT,STK,739.9,755,739.9,754.95,754.95,755,7,5064,3823035,
512597,"KEYNOTE FINANCIAL SERVICES LIM",B,STK,269.05,270.6,263.1,263.1,263.1,270.6,16,174,47010,
512599,"ADANI ENTERPRISES LTD.",A,STK,2085,2089.7,2033.45,2038.8,2038.8,2088.45,3598,50131,103268801,
512600,"ASTAL LABORATORIES LIMITED",X,STK,75.98,78,72.06,77.19,78,71.56,204,19710,1482212,
512604,"HARIA EXPORTS LTD.",X,STK,7.51,8.7,7.51,7.55,7.55,7.91,20,5829,48389,
512608,"BHANDARI HOSIERY EXPORTS LTD.",B,STK,2.78,2.86,2.61,2.69,2.69,2.75,279,134098,359381,
512618,"RLF LTD.",X,STK,10.05,10.11,10.05,10.1,10.1,10.05,9,2702,27216,
512624,"Regent Enterprises Limited",X,STK,5.62,5.8,5.55,5.77,5.64,5.69,67,14975,85386,
512626,"ORBIT EXPORTS LTD.",B,STK,159.55,167.5,159.55,162.45,163.75,155.15,24,471,76353,
512634,"SAVERA INDUSTRIES LTD.",X,STK,158.95,185,156,160.25,161.3,154.85,87,6744,1093239,
513005,"Chrome Silicon Limited",X,STK,44.99,44.99,40.5,42.48,42.48,41.68,25,275,11187,
513023,"NAVA LIMITED",A,STK,575,578.1,563.7,565.6,565,573.55,258,3903,2224485,
513043,"REMI EDELSTAHL TUBULARS LIMITE",X,STK,137.05,140,134,136.25,134,137.05,25,4634,637813,
513059,"G.S.AUTO INTERNATIONAL LTD.",X,STK,32.49,32.85,32.03,32.1,32.03,31.65,33,10169,330080,
513063,"TRANS-FREIGHT CONTAINERS LTD.",X,STK,20.2,21.46,20.2,21.45,21.46,21.02,13,382,8087,
513097,"SHIVALIK BIMETAL CONTROLS LTD.",B,STK,425.3,433.65,422.05,424.75,425.45,428.95,117,1062,451922,
513108,"GANDHI SPECIAL TUBES LTD.",B,STK,850.8,850.8,829.9,842.3,842.3,849.25,53,223,187522,
513117,"AMFORGE INDUSTRIES LTD.",X,STK,6.85,6.89,6.53,6.76,6.79,6.84,32,7221,48504,
513121,"ORICON ENTERPRISES LTD.",B,STK,66.98,67,63.35,63.84,63.35,67.29,777,107232,6989213,
513149,"ACROW INDIA LTD.",X,STK,682,682,682,682,682,682,1,1,682,
513173,"STEEL STRIPS INFRASTRUCTURES L",X,STK,22.39,22.39,21,21,21,21.89,13,227,4911,
513228,"PENNAR INDUSTRIES LTD.",B,STK,140.05,144.95,140.05,140.95,140.9,142.35,612,43364,6168915,
513250,"JYOTI STRUCTURES LTD.",A,STK,11.59,11.59,11.05,11.15,11.19,11.33,492,240205,2702717,
513252,"JAY USHIN LTD.",X,STK,805,805,781,781.05,781,805,17,238,190246,
513262,"STEEL STRIPS WHEELS LTD.",B,STK,197.4,198.95,195,196,195.3,197.35,54,1403,276804,
513269,"MAN INDUSTRIES (INDIA) LTD.",B,STK,399.05,408.2,388.2,405.8,403,400.45,1163,41179,16495443,
513295,"IMEC SERVICES LIMITED",X,STK,193.75,193.75,176.35,177.7,177.7,185.6,134,3073,556091,
513303,"MODERN STEELS LTD.",X,STK,13.5,13.87,12.85,13.47,13.49,12.84,27,1954,25496,
513307,"SYNTHIKO FOILS LTD.",XT,STK,1770,1779,1670,1715.05,1760,1694.65,39,619,1069848,
513309,"Golkonda Aluminium Extrusions",X,STK,8.2,8.2,7.66,7.66,7.8,8.06,90,48350,372150,
513337,"GUJARAT TOOLROOM LTD.",B,STK,0.58,0.59,0.57,0.58,0.58,0.58,1127,2448374,1413105,
513349,"AJMERA REALTY & INFRA INDIA LT",B,STK,123.05,126.3,122.55,123.1,123.4,123.9,297,16903,2103082,
513353,"COCHIN MINERALS & RUTILE LTD.",X,STK,244.5,244.5,238,239,239.95,242.65,101,2691,646036,
513361,"India Homes Limited",X,STK,14.98,15.15,14.57,14.92,15,14.98,359,142413,2117205,
513369,"KRISHANVEER FORGE LIMITED",X,STK,134.1,134.1,123.55,130,130,132,16,255,33050,
513375,"CARBORUNDUM UNIVERSAL LTD.",A,STK,805,815.15,800,804.85,803.2,813.95,348,4469,3609742,
513377,"MMTC LTD.",A,STK,56.78,57.82,56.6,57.04,57.04,56.9,680,68977,3953412,
513397,"VALLABH STEELS LTD.",X,STK,10.92,12.06,10.92,12,12,11.49,14,719,7876,
513418,"SMITHS & FOUNDERS (INDIA) LIMI",X,STK,5.34,5.94,5.34,5.5,5.5,5.51,71,52039,289754,
513422,"BLOOM INDUSTRIES LTD.",X,STK,31,31.15,31,31.15,31.15,32.5,3,103,3206,
513452,"ELANGO INDUSTRIES LTD.",X,STK,10.44,10.45,10.44,10.45,10.45,10.45,4,49,511,
513456,"KANISHK STEEL INDUSTRIES LTD.",X,STK,55.97,55.97,54,54.16,54.5,54.48,39,2827,154625,
513472,"SIMPLEX CASTINGS LTD.",X,STK,462.95,468.4,450.45,457.7,458,463.8,48,7520,3442043,
513488,"SHREE STEEL WIRE ROPES LTD.",X,STK,20.24,20.24,19.48,19.49,19.49,18.83,5,119,2329,
513496,"SIZEMASTERS TECHNOLOGY LIMITED",XT,STK,262,262.1,262,262.1,262.1,257,6,338,88589,
513498,"SOUTHERN MAGNESIUM & CHEMICALS",X,STK,77.94,77.95,77.03,77.03,77.03,77.94,12,324,25244,
513502,"BARODA EXTRUSION LTD.",XT,STK,8.9,8.9,8.65,8.68,8.68,8.88,191,51491,449758,
513509,"KALYANI FORGE LTD.",B,STK,594,594,594,594,594,594,1,8,4752,
513511,"PANCHMAHAL STEEL LTD.",X,STK,329.95,329.95,319.95,319.95,319.95,311.8,5,23,7491,
513513,"ADITYA ISPAT LTD.",X,STK,9.5,10,9.5,10,10,9.42,9,2099,20520,
513517,"STEELCAST LTD.",B,STK,228.8,229.2,226.35,226.6,226.6,231.2,14,279,63645,
513519,"PITTI ENGINEERING LIMITED",B,STK,884,885.75,858,877.8,876.65,881.9,196,1685,1469688,
513528,"GLITTEK GRANITES LTD.",XT,STK,64.55,64.55,64.55,64.55,64.55,67.94,30,1095,70682,
513532,"PRADEEP METALS LTD.",X,STK,338,351,335,343.8,343.8,337.8,230,6540,2248451,
513536,"GUJARAT NATURAL RESOURCES LIMI",X,STK,100,100.8,99.1,99.45,99.3,99.9,469,39943,3980525,
513540,"TAMILNADU STEEL TUBES LTD.",P,STK,23.5,23.5,23.5,23.5,23.5,24.73,1,100,2350,
513548,"SHARDA ISPAT LTD.",X,STK,160.3,167.75,160.05,164.65,165,169,14,239,39325,
513554,"MAHAMAYA STEEL INDUSTRIES LTD.",B,STK,766.1,850,757.4,837.7,848.85,774.9,100,724,589202,
513566,"NOVA IRON & STEEL LTD.",X,STK,12.44,12.89,12.21,12.44,12.44,12.2,24,1489,18847,
513575,"STERLING POWERGENSYS LTD",X,STK,22.5,22.88,21.8,22.82,22.82,21.71,23,1685,38154,
513579,"FOUNDRY FUEL PRODUCTS LTD.",Z,STK,6.13,6.13,6.13,6.13,6.13,5.84,2,54,331,
513599,"HINDUSTAN COPPER LTD.",A,STK,557.65,564.55,553.5,558.4,558.4,557.9,6187,373094,208388379,
513629,"TULSYAN NEC LTD.",X,STK,22.25,22.25,21.14,21.14,21.14,22.25,45,8817,186968,
513642,"AXEL POLYMERS LTD.",X,STK,45.53,47,45.53,47,47,45.31,2,37,1686,
513683,"NLC India Limited",A,STK,254,261.6,251.95,256.25,256.25,254.75,2403,110824,28627901,
513687,"SPECTRA INDUSTRIES LTD.",Z,STK,5,5,4.99,4.99,4.99,5.25,2,1000,4991,
513693,"KIC METALIKS LTD.",X,STK,29.03,30.59,29,29,29,29.87,13,1327,39346,
513699,"SOLID STONE COMPANY LTD.",X,STK,26,28,24.71,25.27,25.27,27.92,68,1998,51940,
513709,"SHILP GRAVURES LTD.",X,STK,176.5,177.1,167,171.35,170.6,177,93,11355,1995590,
513713,"White Organic Agro Limited",X,STK,3.77,3.9,3.61,3.84,3.83,3.8,50,12615,48059,
513721,"MFS INTERCORP LTD.",XT,STK,17,17,17,17,17,17.06,3,430,7310,
513729,"ARO GRANITE INDUSTRIES LTD.",B,STK,25.51,25.51,24.75,24.75,24.75,25.21,6,69,1717,
514010,"RUDRA ECOVATION LIMITED",X,STK,21.29,21.92,20.86,21.52,21.2,21.3,148,179001,3883557,
514028,"RAJKAMAL SYNTHETICS LTD.",X,STK,38.25,38.25,33,33.63,35,35.63,33,2359,79200,
514030,"DEEPAK SPINNERS LTD.",X,STK,116.05,119.85,116.05,119.5,119.5,116.1,10,472,54835,
514036,"LOYAL TEXTILE MILLS LTD.",T,STK,211.6,222,211.6,215.45,222,222,3,5,1069,
514043,"HIMATSINGKA SEIDE LTD.",B,STK,93.29,93.94,92.08,92.38,92.43,93.26,279,19790,1841286,
514045,"BSL LTD.",B,STK,120.65,138.9,120.65,131.95,132.4,121.5,83,2716,355103,
514060,"NEWTRAC FOODS & BEVERAGES LIMI",X,STK,5.16,5.16,4.7,4.88,4.88,4.82,57,20730,99799,
514087,"PBM POLYTEX LTD.",X,STK,53.75,55,53.75,53.96,55,53.75,9,310,16686,
514113,"ADINATH TEXTILES LTD.",XT,STK,21,21,21,21,21,21,2,51,1071,
514128,"KONARK SYNTHETIC LTD.",Z,STK,37.15,37.2,36.46,37.15,37.15,36.36,5,9,333,
514138,"SURYALATA SPINNING MILLS LTD.",X,STK,330.9,330.9,311.7,312.8,312,312.85,28,1039,329801,
514142,"T T LTD.",T,STK,9.42,9.42,8.92,9,9.19,9.24,19,4637,42249,
514162,"WELSPUN LIVING LIMITED",A,STK,120.55,122.75,119.5,120.35,120.35,121.25,1120,110989,13418945,
514165,"INDIAN ACRYLICS LTD.",X,STK,5.47,5.53,5.22,5.29,5.28,5.47,131,32046,172781,
514167,"GANESHA ECOSPHERE LTD.",A,STK,767.85,770.7,700.2,704.3,718,771.15,846,299842,229806118,
514171,"CEETA INDUSTRIES LTD.",XT,STK,48.5,48.5,44.16,46.79,46.79,46.48,12,536,23819,
514175,"VARDHMAN POLYTEX LTD.",T,STK,8.01,8.53,8.01,8.53,8.53,8.13,92,19260,161766,
514183,"BLACK ROSE INDUSTRIES LTD.",X,STK,79.6,80.99,78.61,80.44,80.44,78.99,181,5619,450228,
514197,"S&T CORPORATION LTD.",X,STK,4.48,4.48,4.07,4.31,4.34,4.36,38,7568,31681,
514211,"SUMEET INDUSTRIES LTD.",B,STK,30.46,30.8,28.21,30.58,30.8,28.73,277,30025,901675,
514223,"RAMGOPAL POLYTEX LTD.",XT,STK,19.11,19.11,19.01,19.01,19.01,19.11,2,405,7739,
514234,"SANGAM (INDIA) LTD.",B,STK,442.45,442.45,428,432.55,433,438.6,32,286,123347,
514238,"MKVENTURES CAPITAL LIMITED",X,STK,825.5,831.4,806,817.05,827.85,841.35,64,4867,3966347,
514240,"Kush Industries Limited",X,STK,6.5,6.6,6.01,6.53,6.07,6.01,26,3337,21531,
514260,"SURBHI INDUSTRIES LTD.",X,STK,38.97,38.97,38.97,38.97,38.97,37.12,1,50,1948,
514264,"SEASONS TEXTILES LTD.",X,STK,19.7,19.7,19.7,19.7,19.7,18,1,5,98,
514266,"ZENITH FIBRES LTD.",X,STK,50.58,50.97,50.01,50.12,50.1,49.1,8,1318,66551,
514272,"BHILWARA SPINNERS LTD.",X,STK,114.95,114.95,110.95,111,111.9,110.95,11,162,17985,
514274,"VARVEE GLOBAL LIMITED",B,STK,62.95,65.83,62.95,64.73,65.2,61.7,96,4640,297269,
514280,"SANRHEA TECHNICAL TEXTILES LTD",X,STK,121.25,136.3,121.25,125.5,133.8,136,56,3068,389082,
514286,"ASHIMA LTD.",B,STK,14.39,15.37,13.8,13.93,14.25,14.39,130,36861,530923,
514300,"PIONEER EMBROIDERIES LTD.",B,STK,27.27,27.27,24.29,24.33,24.29,27.27,33,1868,46939,
514302,"VIPPY SPINPRO LTD.",X,STK,157,161.1,155.15,158.15,161.1,162.25,11,895,139037,
514312,"JAIHIND SYNTHETICS LTD.",XT,STK,52,52,52,52,52,54.11,1,1,52,
514316,"RAGHUVIR SYNTHETICS LTD.",X,STK,115.5,116.95,115,115,115,117,3,3,347,
514318,"JATTASHANKAR INDUSTIES LTD.",XT,STK,403,425,402.8,424,424,424,12,172,69720,
514322,"KAMADGIRI FASHION LTD.",X,STK,88,94.5,85,89.35,89,88.97,19,765,69289,
514324,"OMNITEX INDUSTRIES (INDIA) LTD",XT,STK,713.9,720,680,690.15,680,713.9,20,361,254726,
514326,"PATSPIN INDIA LTD.",X,STK,7.25,7.79,7.25,7.43,7.41,7.68,23,1317,9804,
514330,"ONE GLOBAL SERVICE PROVIDER LI",XT,STK,612.1,617,572.15,572.2,572.15,602.25,686,22635,13135640,
514332,"NEO INFRACON LTD.",X,STK,43.99,43.99,41.5,43.49,43.49,44.49,23,3241,137313,
514336,"GENESIS IBRC INDIA LIMITED",XT,STK,83,87.12,82,87.12,87.12,83,11,1079,89952,
514348,"WINSOME YARNS LTD.",Z,STK,1.79,1.82,1.79,1.81,1.82,1.82,5,700,1265,
514354,"PREMIER POLYFILM LTD.",B,STK,59.99,60,57.31,58.21,58.21,58.45,217,17933,1046429,
514358,"EVERLON FINANCIALS LIMITED",X,STK,100,100,89.9,97.55,97.55,94.12,5,134,12312,
514360,"K&R RAIL ENGINEERING LIMITED",X,STK,26,26.75,24.65,25.81,25.81,25.91,554,77887,2022548,
514378,"YARN SYNDICATE LTD.",X,STK,13.58,13.59,12.76,13.5,13.5,13.59,20,2027,26525,
514386,"GUJARAT COTEX LTD.",X,STK,8.87,9.45,8.41,9.07,9.04,9.11,209,161659,1472427,
514400,"GARWARE SYNTHETICS LTD.",XT,STK,22.65,22.74,22.64,22.64,22.65,21.66,11,1976,44842,
514402,"ECO HOTELS AND RESORTS LIMITED",X,STK,12.5,12.94,12,12.11,12,12.3,119,38696,475046,
514412,"SARUP INDUSTRIES LTD.",XT,STK,161.8,161.8,160,160,160,161.85,2,4,643,
514418,"MANGALAM ORGANICS LIMITED",B,STK,412,412,410.8,411.15,412,401.85,6,60,24676,
514428,"HINDUSTAN ADHESIVES LTD.",X,STK,296.2,299.9,291.35,292,292,292.4,21,203,59719,
514440,"Blue Pearl Agriventures Limite",T,STK,48.65,48.65,44.1,46.39,46.39,46.34,50,51086,2371244,
514442,"SRI KPR INDUSTRIES LTD.",X,STK,19,20,19,19.9,19.9,19.79,24,541,10706,
514448,"JYOTI RESINS & ADHESIVES LTD.",B,STK,838.6,853.95,828.2,830.55,835.95,837.25,3476,28427,23658777,
514454,"SOUTHERN LATEX LTD.",X,STK,27.62,27.62,26.24,26.29,26.27,27.62,43,364376,9565559,
514460,"OSWAL YARNS LTD.",XT,STK,15.35,15.35,15.35,15.35,15.35,15.35,4,13,199,
514470,"WINSOME TEXTILE INDUSTRIES LTD",B,STK,72.99,74,71.1,71.19,71.19,71.7,72,83344,6007602,
515008,"MODERN INSULATORS LTD.",X,STK,234,237.95,231,237.95,237.95,226.65,533,97374,23079372,
515018,"REGENCY CERAMICS LTD.",B,STK,44.36,44.36,43,43,43,41.71,5,39,1703,
515030,"ASAHI INDIA GLASS LTD.",A,STK,830,843.25,826.5,829.5,831.45,843.85,411,3564,2972172,
515037,"MURUDESHWAR CERAMICS LTD.",B,STK,30.3,32.07,30.3,31.22,31.2,32.04,23,737,22996,
515043,"SAINT-GOBAIN SEKURIT INDIA LTD",B,STK,96.01,97.6,95,96.52,96.52,96.02,317,20727,1994408,
515055,"ANANT RAJ LIMITED",A,STK,489,497.85,487.05,489.25,491,492.75,4245,120790,59468697,
515059,"MADHUSUDAN INDUSTRIES LTD.",X,STK,29.98,29.98,27.1,28.75,29,29.84,27,220,6332,
515085,"RESTILE CERAMICS LTD.",X,STK,6.1,6.43,6.01,6.34,6.43,6.1,37,5849,35806,
515147,"HALDYN GLASS LTD",X,STK,90.4,91.5,86.05,87.49,87.47,89,266,37104,3317840,
516003,"DUROPLY INDUSTRIES LIMITED",X,STK,138.7,138.7,130.1,133.1,133,136.15,35,2453,324886,
516016,"SHREYANS INDUSTRIES LTD.",B,STK,149.1,149.3,149.1,149.15,149.15,152.7,3,66,9844,
516020,"AGIO PAPER & INDUSTRIES LTD.",X,STK,4.06,4.06,3.87,3.87,3.87,4.06,3,153,620,
516022,"STAR PAPER MILLS LTD.",B,STK,136,138,135.25,138,138,135.9,34,4938,677959,
516030,"PAKKA LIMITED",B,STK,84.87,84.87,82.35,82.57,82.77,84.54,104,4605,383161,
516032,"TAHMAR ENTERPRISES LIMITED",X,STK,6.6,6.65,6.01,6.35,6.15,6.44,72,13192,81784,
516038,"KS Smart Technologies Limited",XT,STK,215.6,226,215.6,225.95,225.95,226.9,79,4825,1050421,
516062,"NATIONAL PLYWOOD INDUSTRIES LT",Z,STK,6.24,6.24,6.24,6.24,6.24,6.12,10,2991,18663,
516064,"Arrow Greentech Limited",B,STK,378.25,383.9,374.95,378.8,382.55,378.3,53,651,246741,
516072,"VISHNU CHEMICALS LTD.",B,STK,480.6,503.45,480.6,489.95,491.45,484.75,163,3147,1543659,
516078,"JUMBO BAG LTD.",X,STK,57.08,61.3,57.08,61.25,61.25,57.08,13,593,35193,
516082,"N.R.AGARWAL INDUSTRIES LTD.",B,STK,442.8,457.95,432.85,457.95,457.95,442.95,3,29,12826,
516096,"SANGAL PAPERS LTD.",X,STK,180,185,175.75,180.5,180.5,185,4,86,15354,
516098,"VENTURA TEXTILES LTD.",X,STK,8.47,9.29,7.62,8.72,8.5,8.3,48,5540,46662,
516106,"SHREE KARTHIK PAPERS LTD.",X,STK,6.4,6.7,6.2,6.2,6.2,6.35,31,4243,26377,
516108,"SOUTH INDIA PAPER MILLS LTD.",X,STK,90.63,90.67,90.5,90.55,90.55,90.5,9,1539,139318,
516110,"FAMILY CARE HOSPITALS LIMITED",X,STK,2.95,3.1,2.95,3.01,3.06,3,180,83840,254435,
517015,"VINDHYA TELELINKS LTD.",B,STK,1005.2,1015.8,1002.05,1005.95,1002.05,1004.2,71,571,574792,
517035,"RIR POWER ELECTRONICS LIMITED",B,STK,169.9,174.2,169.05,172.6,172.6,171.55,1094,89344,15372823,
517041,"ADOR WELDING LTD.",B,STK,1025.05,1031.9,1003,1008.4,1008,1045.05,44,207,210058,
517059,"SALZER ELECTRONICS LTD.",B,STK,612.9,620.35,603.85,606.5,604.05,612.85,184,2061,1263005,
517063,"JETKING INFOTRAIN LTD.",X,STK,131.1,134.9,130.1,133.05,134.9,131.1,39,949,126072,
517077,"IND-AGIV COMMERCE LTD.",X,STK,54,54,49.04,51,51,51.59,18,541,27643,
517096,"APLAB LTD.",X,STK,69,75.94,67.75,69.36,74.95,69.04,182,6915,490728,
517119,"PCS TECHNOLOGY LTD.",X,STK,18.74,19.4,17.4,19,19,18.74,34,3550,67920,
517146,"USHA MARTIN LTD.",A,STK,420.1,424.45,416.65,418.65,418.65,422.2,413,11497,4826999,
517166,"SPEL SEMICONDUCTOR LTD.",X,STK,141.15,145,140.2,142.25,142.65,141.2,698,27943,3984933,
517168,"SUBROS LTD.",B,STK,731.15,743.7,715,717.9,718,734.15,413,2810,2031717,
517170,"Edvenswa Enterprises Limited",X,STK,20.26,22.5,20.26,21.62,21.75,21.05,102,32788,707787,
517174,"HONEYWELL AUTOMATION INDIA LTD",A,STK,29995,30082,29891.3,29969.95,29899.9,29954.4,81,102,3059034,
517201,"SWITCHING TECHNOLOGIES GUNTHER",XT,STK,81.9,81.9,75,79.98,79.98,78,7,640,51659,
517206,"LUMAX INDUSTRIES LTD.",B,STK,5665.1,5730,5510.3,5586.8,5527.8,5729.6,219,806,4542390,
517214,"DIGISPICE TECHNOLOGIES LIMITED",B,STK,17.2,17.48,17.05,17.05,17.05,17.03,12,2080,35937,
517230,"PAE LTD.",XT,STK,14.94,14.94,14.94,14.94,14.94,14.23,3,18,268,
517236,"CALCOM VISION LTD.",X,STK,77.96,78.05,76.17,76.21,77.2,77.96,24,6852,525876,
517238,"DYNAVISION LTD.",X,STK,178.7,178.7,170,170,170,170,2,2,348,
517246,"BCC FUBA INDIA LTD.",X,STK,164,169.45,163,167.05,167.05,164.05,326,21452,3572805,
517258,"PRECISION ELECTRONICS LTD.",X,STK,151.8,152.15,138.2,141,141,144.95,31,761,115480,
517264,"FINE-LINE CIRCUITS LTD.",X,STK,83.52,83.52,79.69,83.09,83.2,79.55,52,493,40701,
517271,"HBL ENGINEERING LIMITED",A,STK,662.35,689.9,657.05,676.7,676.7,664.1,4669,187343,127038773,
517273,"S&S POWER SWITCHGEAR LTD.",T,STK,334.45,335,334.45,335,335,319.05,12,491,164348,
517286,"RNIT AI SOLUTIONS LIMITED",XT,STK,47.85,49.75,47,49.46,49.5,48.06,331,124402,5976550,
517288,"Gujarat Poly Electronics Limit",X,STK,57.25,57.25,56,56.85,56.85,56.89,21,14115,792666,
517300,"GUJARAT INDUSTRIES POWER CO.LT",B,STK,136.7,137.7,135.15,135.45,135.15,136.7,142,9265,1264474,
517320,"MAGNUS STEEL AND INFRA LIMITED",XT,STK,67.01,67.01,67,67.01,67.01,65.7,68,11549,773874,
517334,"Samvardhana Motherson Internat",A,STK,126.45,126.75,122.4,122.7,122.7,126.45,5510,509280,63271445,
517344,"MINDTECK (INDIA) LTD.",B,STK,197.65,202.25,195,195.45,198,193.7,94,1651,325248,
517354,"HAVELLS INDIA LTD.",A,STK,1352,1364,1340.35,1349.8,1346,1351.9,3050,17656,23972348,
517356,"ACI INFOCOM LTD.",XT,STK,1.13,1.18,1.08,1.16,1.18,1.13,128,412311,478466,
517360,"SBEC SYSTEMS (INDIA) LTD.",X,STK,19.51,19.51,17.22,17.99,17.99,19,26,774,13393,
517370,"INCAP LTD.",X,STK,82,97.9,82,96.7,96.7,82,24,495,41343,
517372,"GUJARAT INTRUX LTD.",X,STK,414,433.55,414,428.1,433,421.4,103,2605,1111557,
517380,"IGARASHI MOTORS INDIA LTD.",B,STK,328,332.45,324.05,325.65,325.8,332.35,121,1937,636053,
517385,"SYMPHONY LIMITED",B,STK,760,768.45,753.5,756.05,763.25,760.05,606,4529,3440438,
517393,"REGANTO ENTERPRISES LIMITED",Z,STK,9.32,9.78,8.99,9.45,9.48,9.4,228,53684,499338,
517397,"PAN ELECTRONICS INDIA LTD.",X,STK,39.89,42.07,38.1,41.97,41.97,40.09,6,182,7227,
517399,"VXL INSTRUMENTS LTD.",XT,STK,3.88,3.88,3.64,3.64,3.64,3.7,5,33,127,
517411,"SHYAM TELECOM LTD.",B,STK,10.7,10.99,9.7,9.7,9.7,10,7,359,3607,
517415,"LEE & NEE SOFTWARES (EXPORTS)",XT,STK,7.14,7.88,7.14,7.88,7.88,7.51,45,25392,197941,
517417,"PATELS AIRTEMP (INDIA) LTD.",X,STK,252.85,252.85,238.1,240.9,240.9,246.25,126,9461,2302913,
517421,"BUTTERFLY GANDHIMATHI APPLIANC",B,STK,590.5,600,583.5,598.5,598.5,607.7,47,307,182340,
517429,"Athena Global Technologies Lim",X,STK,73,74.75,72,73,73,70,22,5188,373901,
517431,"NARMADA MACPLAST DRIP IRRIGATI",X,STK,23,23,21.8,21.96,22.18,22.44,282,42060,941318,
517437,"DUTRON POLYMERS LTD.",X,STK,106,111,106,111,111,106,2,2,217,
517447,"R.S.SOFTWARE INDIA LTD.",B,STK,34,34,32.01,32.25,32.76,34.24,141,10606,351957,
517449,"MAGNA ELECTRO CASTINGS LTD.",X,STK,933,946,917,944.35,943.9,921.9,48,1134,1055746,
517467,"MARSONS LIMITED",B,STK,137,137.9,133.8,134.55,133.8,136.15,487,220979,30023569,
517477,"ELNET TECHNOLOGIES LTD.",X,STK,341.5,341.5,330,330.05,330,332.8,20,327,108287,
517494,"ACCEL LIMITED",X,STK,12.54,12.54,12.19,12.29,12.4,12.24,32,3569,43604,
517498,"WEBSOL ENERGY SYSTEM LTD.",A,STK,54.79,54.79,52.6,52.8,52.8,53.79,1599,170104,9090139,
517500,"ROTO PUMPS LTD.",B,STK,54.88,56.5,54.05,54.85,55.18,55.16,308,15828,878266,
517506,"TTK PRESTIGE LTD.",A,STK,487.95,487.95,465.1,468.65,472.85,482.7,553,5445,2564063,
517514,"D&H INDIA LTD",X,STK,146,150.7,143,149.5,150,146.2,320,17762,2621154,
517522,"RAJRATAN GLOBAL WIRE LTD.",B,STK,405.9,406.65,394.1,395.85,395.85,405.9,370,8558,3403732,
517530,"SURANA TELECOM AND POWER LIMIT",B,STK,17.05,17.73,17.05,17.29,17.11,17.4,32,5517,95689,
517536,"ONWARD TECHNOLOGIES LTD.",B,STK,265,265,248.25,249.9,250,252.2,81,1267,323226,
517544,"CENTUM ELECTRONICS LTD.",B,STK,2565.1,2976.2,2565.1,2853.9,2862.35,2726.65,934,6433,18494098,
517546,"ALFA TRANSFORMERS LTD.",X,STK,41.62,46.75,41.62,44.9,45.5,42.46,322,62593,2862458,
517554,"NHC FOODS LTD.",X,STK,0.81,0.85,0.8,0.81,0.81,0.8,326,680419,557580,
517556,"PVP VENTURES LTD.",B,STK,27.32,27.7,27.1,27.32,27.32,26.98,64,43293,1186803,
517562,"TRIGYN TECHNOLOGIES LTD.",B,STK,49.81,50.42,47.52,48.5,48.67,48.8,96,12981,632876,
517569,"KEI INDUSTRIES LTD.",A,STK,4920.4,5001.7,4901.5,4920.7,4930,4926.35,5657,20385,101063186,
518011,"KEERTHI INDUSTRIES LTD.",X,STK,56.8,59.99,54.5,59.99,59.99,59.49,11,37,2111,
518053,"Sri Chakra Cement Limited",X,STK,38,39.5,36.5,38.78,38.78,38,26,704,26528,
518075,"SURAJ PRODUCTS LTD.",Z,STK,245.95,245.95,231.15,239.65,241.7,238.5,86,5131,1223522,
518091,"ANJANI PORTLAND CEMENT LTD.",B,STK,124.1,124.1,118,118,118,120.4,119,813,96406,
519003,"MODI NATURALS LIMITED",B,STK,287.55,287.55,280,280,280,287.5,13,111,31843,
519091,"TASTY BITE EATABLES LTD.",B,STK,7000.5,7064.5,6953.7,6980.35,6976.05,7030.75,22,97,676230,
519097,"RITESH INTERNATIONAL LTD.",X,STK,56,56.02,56,56,56,56,9,775,43400,
519105,"AVT NATURAL PRODUCTS LTD.",B,STK,61.15,61.71,60.78,60.9,60.78,63.15,206,2674,163265,
519126,"HINDUSTAN FOODS LTD.",B,STK,471.55,479.85,470.05,475.8,475,473.75,80,594,282192,
519136,"NAHAR INDUSTRIAL ENTERPRISES L",B,STK,95.25,95.25,91.81,92.38,92.38,92.96,32,1529,141267,
519152,"VADILAL ENTERPRISES LTD.",X,STK,9901,9901,9860,9860,9860,9998,4,10,98886,
519156,"VADILAL INDUSTRIES LTD.",B,STK,5121.2,5154,5068.9,5109.6,5118.75,5121.2,130,515,2637271,
519174,"ASHIANA AGRO INDUSTRIES LTD.",XT,STK,9.5,9.5,9.5,9.5,9.5,10,2,546,5187,
519183,"ADF FOODS LTD.",B,STK,188.55,192.75,188.1,189.5,189.5,189.65,131,3071,585933,
519191,"Retro Green Revolution Limited",Z,STK,1.45,1.48,1.39,1.4,1.4,1.45,33,19075,27411,
519214,"WILLIAMSON FINANCIAL SERVICES",X,STK,8.02,8.02,8.02,8.02,8.02,7.64,2,15,120,
519216,"AJANTA SOYA LTD.",X,STK,22.97,23.39,22.41,22.8,22.83,22.68,193,28513,650636,
519230,"KISAAN PARIVAR INDUSTRIES LIMI",X,STK,17.63,18.77,17.63,18.67,18.7,17.08,29,1929,35303,
519234,"SUPERIOR INDUSTRIAL ENTERPRISE",X,STK,34.98,36.45,32.06,34.57,34.98,32.78,25,1032,35915,
519238,"SAPTARISHI AGRO INDUSTRIES LTD",X,STK,46.99,46.99,42.63,45.98,45.99,44.86,20,269,12083,
519262,"PRIMA AGRO LTD.",X,STK,15.88,17.27,15.88,17.27,17.27,15.88,7,206,3277,
519285,"TARAI FOODS LTD.",Z,STK,5.88,6.3,5.7,6.3,6.3,6,11,1026,6151,
519287,"MODERN DAIRIES LTD.",X,STK,32.58,33.48,32.06,33.27,33.27,32.58,60,21842,722279,
519295,"BAMBINO AGRO INDUSTRIES LTD.",X,STK,203,204.95,196,196.85,197.2,197,38,2041,403214,
519299,"PRIME INDUSTRIES LTD.",X,STK,37.1,38.99,35.3,35.99,36,37.1,69,19123,696589,
519307,"VIKAS WSP LTD.",Z,STK,1.03,1.08,1.03,1.07,1.07,1.05,55,34716,36773,
519331,"VSF PROJECTS LTD.",X,STK,46.59,46.59,37.06,40.89,40.83,38.83,29,1330,52642,
519359,"POONA DAL & OIL INDUSTRIES LTD",X,STK,74.6,74.6,70.99,71.47,71.85,72.68,27,720,52707,
519367,"TRANSGLOBE FOODS LTD.",XT,STK,473,473,473,473,473,474,1,10,4730,
519383,"ANIK INDUSTRIES LTD.",B,STK,44.37,44.37,43.45,43.45,43.45,43.31,8,1790,78607,
519397,"SHARAT INDUSTRIES LTD.",X,STK,152,152,145,145.7,145.7,151.85,246,213091,31461566,
519421,"KSE LTD.",X,STK,201,202.5,198,198.8,200,198.3,230,16196,3249130,
519457,"VIRAT CRANE INDUSTRIES LTD.",X,STK,30.99,32.4,27,28.49,29.49,30.99,50,11104,313142,
519463,"IB INFOTECH ENTERPRISES LTD.",XT,STK,781.25,781.25,706.85,781.25,781.25,744.05,151,2857,2162178,
519471,"Ambar Protein Industries Limit",X,STK,183.05,183.05,164,165.9,164,183.05,58,1877,317072,
519475,"CHORDIA FOOD PRODUCTS LTD.",X,STK,67.5,73.88,67.5,73,73,71,7,370,24998,
519477,"CIAN Agro Ind & Infra Ltd",T,STK,1136.8,1232,1136.8,1224.65,1224.65,1184.45,1734,34672,41183117,
519479,"OMEGA AG-SEEDS (PUNJAB) LTD.",X,STK,9.1,10.02,9.1,10.02,10.02,9.57,3,12,114,
519500,"BKV INDUSTRIES LTD.",X,STK,8.97,9.06,8.4,8.95,8.95,8.49,30,3345,29984,
519532,"ASIAN TEA & EXPORTS LTD.",X,STK,9.03,9.38,9,9.08,9.06,9.03,63,61138,554364,
519552,"HERITAGE FOODS LIMITED",A,STK,309.8,315.5,305.75,307,308.25,309.8,653,21052,6568681,
519566,"SIMRAN FARMS LTD.",X,STK,150,153,150,153,153,154.7,4,526,80403,
519574,"HINDUSTAN AGRIGENETICS LTD.",X,STK,44,44,40,41.03,40,42.42,34,3215,132698,
519600,"CCL PRODUCTS (INDIA) LTD.",A,STK,1032,1036.9,990.9,1007.55,1006,1029.85,1132,10932,11066639,
519602,"KELLTON TECH SOLUTIONS LTD.",B,STK,17.02,17.59,17,17.07,17.07,17.35,613,121494,2102178,
519604,"SURYO FOODS & INDUSTRIES LTD.",X,STK,19.66,20,18.64,18.68,18.68,19.6,37,12767,243552,
519606,"INTEGRATED PROTEINS LTD.",X,STK,43.72,45.45,43.68,45.45,45.45,43.29,21,2150,97001,
519612,"LAKE SHORE REALTY LIMITED",X,STK,75.99,75.99,69,75.04,75.99,72.4,16,1043,78050,
520008,"RICO AUTO INDUSTRIES LTD.",B,STK,116.9,116.95,112.35,113.2,112.9,116.9,829,83891,9644833,
520021,"OMAX AUTOS LTD.",B,STK,106,106,102.25,103.85,102.25,103.55,36,349,36477,
520043,"MUNJAL SHOWA LTD.",B,STK,124.5,130,124.5,127,127.3,128.3,255,13905,1783618,
520051,"JAMNA AUTO INDUSTRIES LTD.",B,STK,137.5,138.65,131.9,132.7,132.7,138.1,1074,81949,11087115,
520056,"TVS Holdings Limited",A,STK,14329.95,14442.4,14034.85,14082.1,14119.7,14396.15,75,198,2798119,
520057,"JTEKT India Ltd",B,STK,132.1,133.5,131,131.85,131.15,132,73,2859,377551,
520059,"MUNJAL AUTO INDUSTRIES LTD.",B,STK,76.79,77.31,75.69,76.18,75.8,77.1,115,4517,346084,
520066,"JAY BHARAT MARUTI LTD.",B,STK,99,101.55,94.1,96.1,96.1,96.75,410,32717,3198388,
520073,"RACL Geartech Limited",B,STK,1410.2,1463,1390,1405.2,1416.1,1433.85,338,2765,3942011,
520075,"SAMKRG PISTONS & RINGS LTD.",X,STK,115.25,119.8,115.25,117.25,116.05,115.75,48,1001,118065,
520086,"SICAL LOGISTICS LTD.",T,STK,66.65,67.9,64.01,65.15,65.15,66.65,17,959,63274,
520111,"RATNAMANI METALS & TUBES LTD.",A,STK,2389.8,2405.75,2355.25,2367,2362,2380,208,2440,5785359,
520113,"VESUVIUS INDIA LTD.",A,STK,500.7,511.4,500.4,504.7,505.4,499,320,6187,3134455,
520119,"AUTOMOTIVE STAMPINGS & ASSEMBL",B,STK,445,464.3,445,447.6,447.65,445,65,1044,473397,
520121,"ARCEE INDUSTRIES LTD.",XT,STK,16.02,16.02,16.02,16.02,16.02,15.71,7,2737,43846,
520123,"ABC INDIA LTD.",X,STK,65.05,65.05,63.33,63.45,64,63.35,14,559,36013,
520127,"BALURGHAT TECHNOLOGIES LTD.",X,STK,12.46,12.99,12.31,12.4,12.36,12.46,20,1790,22787,
520131,"COASTAL ROADWAYS LTD.",P,STK,35,35,35,35,35,35,1,100,3500,
520141,"SIBAR AUTO PARTS LTD.",X,STK,7.58,7.58,7.58,7.58,7.58,7.58,3,171,1296,
520151,"TRANSWORLD SHIPPING LINES LIMI",B,STK,134.55,134.55,132,132.6,132.7,133.1,29,3233,429990,
520155,"Starlog Enterprises Limited",X,STK,39.8,39.8,36.66,38.52,39.36,38.48,36,5359,198942,
521003,"SHIVA SUITINGS LTD.",P,STK,22.84,22.84,22.84,22.84,22.84,21.76,3,1900,43396,
521005,"TITAN INTECH LIMITED",X,STK,0.82,0.85,0.78,0.8,0.8,0.82,1140,7618489,6136654,
521014,"EUROTEX INDUSTRIES & EXPORTS L",T,STK,12.8,13.9,12.8,13.9,13.9,13.4,2,760,9733,
521016,"INDO COUNT INDUSTRIES LTD.",A,STK,260.5,265.5,258.05,261.2,261.65,260.05,282,5667,1477167,
521018,"MARAL OVERSEAS LTD.",B,STK,42.75,42.75,42.15,42.15,42.15,43.62,12,388,16466,
521034,"SOMA TEXTILES & INDUSTRIES LTD",T,STK,109.6,109.65,109.6,109.65,109.65,111.8,13,1478,162062,
521054,"KAKATIYA TEXTILES LTD.",X,STK,10.25,10.25,10.23,10.23,10.23,10.25,5,702,7188,
521062,"PERFECT-OCTAVE MEDIA PROJECTS",X,STK,4.37,4.77,4.37,4.55,4.6,4.59,18,1568,7115,
521064,"TRIDENT LTD.",A,STK,23.62,24.07,23.55,23.71,23.71,23.87,2746,434599,10370140,
521068,"HISAR SPINNING MILLS LTD.",P,STK,60.45,60.45,60.45,60.45,60.45,63.63,1,100,6045,
521070,"ALOK INDUSTRIES LTD.",A,STK,13.59,13.82,13.45,13.5,13.5,13.56,997,255175,3475456,
521080,"PASARI SPINNING MILLS LTD.",X,STK,6.05,6.56,6.02,6.56,6.56,6.02,9,1070,6472,
521097,"AMARJOTHI SPINNING MILLS LTD.",X,STK,130.1,134.7,129,133.8,133.8,130.05,28,1024,137057,
521105,"OLYMPIA INDUSTRIES LTD.",X,STK,31,32.41,28,29.58,31.48,32.41,65,1805,52692,
521109,"NAGREEKA EXPORTS LTD.",B,STK,24.94,24.94,23.79,23.79,23.79,23.98,4,151,3605,
521113,"SUDITI INDUSTRIES LTD.",X,STK,82.3,83,79.5,81.68,82.3,82.29,190,1474970,119032577,
521131,"Shree Bhavya Fabrics Limited",X,STK,24.75,25.19,23.51,24.43,24.63,24.36,24,351,8591,
521133,"GEM SPINNERS INDIA LTD.",P,STK,5.58,5.58,5.58,5.58,5.58,5.32,2,500,2790,
521137,"EUREKA INDUSTRIES LTD.",X,STK,5.15,5.15,4.73,4.98,4.98,4.95,44,4571,22334,
521141,"ADITYA SPINNERS LTD.",X,STK,16.1,16.83,16.1,16.83,16.83,16.32,16,1113,18108,
521149,"PRIME URBAN DEVELOPMENT INDIA",X,STK,8.22,8.22,7.84,8.15,8.15,8.24,5,21,171,
521151,"DHANLAXMI FABRICS LTD.",X,STK,63.98,63.98,63.98,63.98,63.98,62.9,2,2,127,
521163,"ZODIAC CLOTHING CO.LTD.",B,STK,76,76,73.5,73.5,73.5,75,17,1864,139177,
521178,"SRI RAMAKRISHNA MILLS (COIMBAT",X,STK,46.6,46.6,40,40.87,44.29,40.75,70,4871,206684,
521180,"SUPER SPINNING MILLS LTD.",B,STK,6.52,6.67,5.61,5.84,5.61,6.07,36,4599,28473,
521194,"SIL INVESTMENTS LTD.",B,STK,423,429.8,414,414,414,410,31,258,107437,
521200,"SURYALAKSHMI COTTON MILLS LTD.",B,STK,52.21,53,52.21,52.55,53,56.25,9,240,12591,
521206,"SAMTEX FASHIONS LTD.",X,STK,1.38,1.38,1.3,1.35,1.35,1.39,61,13124,17608,
521210,"CITYMAN LTD.",X,STK,16.1,16.26,14.73,15,15,15.5,6,207,3106,
521216,"DHANALAXMI ROTO SPINNERS LTD.",X,STK,79.9,79.9,79.2,79.2,79.2,79.9,15,263,20950,
521220,"DAMODAR INDUSTRIES LTD.",B,STK,25,25.5,24.5,24.5,24.5,25,12,338,8434,
521226,"UNIROYAL INDUSTRIES LTD.",X,STK,22.35,22.35,21.5,21.5,21.5,21.51,6,302,6503,
521228,"TATIA GLOBAL VENNTURE LTD.",X,STK,2.4,2.47,2.33,2.37,2.37,2.36,208,78742,190035,
521234,"SRI NACHAMMAI COTTON MILLS LTD",X,STK,33.75,33.75,31,31.96,31.96,31,11,569,18144,
521238,"BHARAT GLOBAL DEVELOPERS LIMIT",B,STK,89.24,92.7,87,92.14,92,89.24,375,12060,1096060,
521240,"SAMBANDAM SPINNING MILLS LTD.",X,STK,94.94,96.02,94.94,96.02,96.02,93.01,5,186,17854,
521246,"PARAS PETROFILS LTD.",T,STK,2.2,2.24,2.09,2.09,2.09,2.16,58,29726,63188,
521248,"KITEX GARMENTS LTD.",A,STK,172.05,172.1,166.3,169.6,169.6,172.25,701,44213,7458961,
522001,"CRANEX LTD.",X,STK,65.98,67.69,62.1,64.66,64.66,63.66,34,458,29229,
522004,"BATLIBOI LTD.",X,STK,87.99,87.99,82.33,82.64,82.64,84.02,297,35123,2919621,
522005,"AUSTIN ENGINEERING CO.LTD.",X,STK,120,120,116.25,118.85,118.85,115.55,25,2279,270445,
522014,"UNITED DRILLING TOOLS LTD.",B,STK,174.85,184.4,174.85,182.85,184.4,170.4,160,5047,913077,
522017,"FLUIDOMAT LTD.",X,STK,595,603.6,590,594.95,590,592.9,101,4012,2402424,
522029,"WINDSOR MACHINES LTD.",B,STK,245.45,249.8,242.6,247.6,247.6,245.45,20,556,137451,
522034,"SHANTHI GEARS LTD.",B,STK,442.95,443.95,436.4,439.75,442.3,444,64,284,125228,
522064,"HONDA INDIA POWER PRODUCTS LIM",B,STK,2042.4,2091.1,2039.8,2079.1,2072.5,2051,179,912,1888125,
522073,"The Hi-Tech Gears Ltd",T,STK,640,640,603,603,603,622,5,229,140966,
522074,"ELGI EQUIPMENTS LTD.",A,STK,523.25,524.1,515.6,519.1,520.7,518.2,633,12430,6460567,
522091,"UNITED VAN DER HORST LTD.",XT,STK,35.94,35.94,35.94,35.94,35.94,36.67,41,2773,99661,
522101,"KILBURN ENGINEERING LTD.",B,STK,507.85,507.85,492.6,495.15,494,501,497,17658,8811632,
522105,"BIRLA PRECISION TECHNOLOGIES L",X,STK,32.2,32.2,31.32,31.9,31.95,31.65,116,82850,2628009,
522108,"YUKEN INDIA LTD.",B,STK,748.9,748.9,720,728,728,745.65,21,115,83604,
522113,"TIMKEN INDIA LTD.",A,STK,3329.3,3393.9,3309.3,3385.2,3379.85,3357.85,435,1991,6731159,
522122,"VOITH PAPER FABRICS INDIA LTD.",X,STK,1525.5,1539.6,1517.75,1538.25,1538.95,1525.5,9,33,50593,
522134,"ARTSON LIMITED",X,STK,140.7,147.7,140,143.4,140.05,140.7,67,3371,486287,
522152,"SOLITAIRE MACHINE TOOLS LTD.",X,STK,100,100,99.79,99.79,99.79,100,4,12,1199,
522163,"DIAMOND POWER INFRASTRUCTURE L",B,STK,136.95,138.55,134.8,135.5,134.8,137.15,307,34187,4685326,
522165,"INDSIL HYDRO POWER AND MANGANE",X,STK,38.25,39.35,38,38.34,38.34,38.25,46,5794,222868,
522183,"ITL INDUSTRIES LTD.",X,STK,260.6,260.6,249.95,251.05,255.95,255.75,51,2249,572393,
522195,"FRONTIER SPRINGS LTD.",B,STK,4262,4350,4262,4337.15,4350,4265.25,705,5692,24555051,
522205,"PRAJ INDUSTRIES LTD.",A,STK,307.05,312.7,303.9,304.55,304.85,306.35,1369,53414,16451238,
522207,"RASANDIK ENGINEERING INDUSTRIE",X,STK,54.36,57.89,54.19,57.69,57.7,54.21,26,7945,447804,
522209,"YOGI SUNG-WON (INDIA) LTD.",X,STK,5.45,5.45,4.65,5.1,5.09,5.34,64,25120,124576,
522215,"HLE GLASCOAT LIMITED",B,STK,313,316.15,306.65,308.8,310.3,312.9,227,5125,1602508,
522217,"GUJARAT APOLLO INDUSTRIES LTD.",B,STK,394.95,394.95,372.9,374.1,372.9,364.8,111,1970,741935,
522229,"TANEJA AEROSPACE & AVIATION LT",X,STK,250.5,267.4,249.8,263.9,263.9,250.95,577,31032,7991906,
522231,"CONART ENGINEERS LTD.",X,STK,69.17,69.99,65.13,66.72,67.64,69.17,79,3276,220227,
522235,"MINAL INDUSTRIES LIMITED",X,STK,2.3,2.47,2.16,2.28,2.28,2.3,61,24914,57845,
522237,"SHIVAGRICO IMPLEMENTS LTD.",X,STK,29.5,31.9,22.5,31.11,24.5,27.57,29,1143,32746,
522241,"M.M.FORGINGS LTD.",B,STK,437.25,450.9,426.3,435.6,429.5,435.6,356,7341,3224638,
522245,"IYKOT HITECH TOOLROOM LTD.",XT,STK,14.33,14.33,14.33,14.33,14.33,13.65,6,2052,29405,
522249,"MAYUR UNIQUOTERS LTD.",B,STK,519.1,523.8,512.45,516.9,521.1,516.55,259,1912,991059,
522251,"CENLUB INDUSTRIES LTD.",X,STK,185.5,202.4,182.5,186.15,186.9,191.55,113,3028,566171,
522257,"RAJOO ENGINEERS LTD.",B,STK,61,62.2,59.65,61.5,61.88,59.64,505,46115,2824836,
522261,"DOLPHIN OFFSHORE ENTERPRISES (",B,STK,418,460.65,411.2,438.25,438.25,418.9,3385,143934,61898467,
522267,"VEEJAY LAKSHMI ENGINEERING WOR",X,STK,39.95,39.95,38,38,38,39,4,78,3069,
522273,"AHMEDABAD STEELCRAFT LTD.",X,STK,161.15,170,159,159.85,159,167.9,52,721,116507,
522275,"GE Vernova T&D India Limited",A,STK,3840.55,3998,3816.65,3868.9,3865,3827.95,2973,19273,75698501,
522281,"RAM RATNA WIRES LTD.",B,STK,352.05,355.25,347.6,351.65,348.45,348.4,400,5278,1857437,
522285,"JAYASWAL NECO INDUSTRIES LTD.",B,STK,74.5,75.03,72.5,73.86,73.86,73.68,2125,551659,40788927,
522287,"KALPATARU PROJECTS INTERNATION",A,STK,1131.65,1145.45,1114.6,1133.95,1125.3,1131.6,484,3256,3679010,
522289,"NMS GLOBAL LIMITED",XT,STK,75.57,79.5,75.57,79.3,79.5,79.53,8,30,2377,
522292,"CANDOUR TECHTEX LIMITED",X,STK,153.9,153.9,147.5,148,148,150,107,20533,3064013,
522294,"T & I GLOBAL LTD.",X,STK,185.9,185.9,170.6,172.45,171,171.25,23,1707,294156,
522295,"CONTROL PRINT LTD.",B,STK,639,639,626.6,630.95,631,638.95,257,1327,838098,
522650,"BEMCO HYDRAULICS LTD.",X,STK,81.89,86.35,80,84.08,82.8,80.36,288,13151,1086638,
523007,"ANSAL BUILDWELL LTD.",X,STK,97.6,98.95,97.2,98.45,98.75,97,11,264,25929,
523011,"WEIZMANN LTD.",B,STK,83.43,83.43,83.01,83.01,83.01,83.43,5,90,7507,
523019,"B.N.RATHI SECURITIES LTD.",X,STK,14.65,14.99,14.53,14.77,14.77,14.65,124,13988,206479,
523021,"RISHI TECHTEX LTD.",X,STK,38.6,41.98,38.58,41.8,41.8,38.6,24,811,32864,
523023,"SINCLAIRS HOTELS LTD.",B,STK,78.99,78.99,74.36,74.56,74.36,77.08,276,11887,916890,
523025,"SAFARI INDUSTRIES (INDIA) LTD.",A,STK,1652.05,1696.3,1643.1,1680.4,1675,1653.8,330,3246,5436954,
523062,"J.J.FINANCE CORPORATION LTD.",XT,STK,52.4,57.85,52.36,57.74,57.85,55.1,10,988,52170,
523100,"COSMO FERRITES LTD.",X,STK,108,108.5,103.5,105.15,106,105.5,58,3704,393102,
523105,"CROPSTER AGRO LIMITED",B,STK,8.8,8.85,8.08,8.08,8.08,8.97,396,300094,2436200,
523120,"THRIVE FUTURE HABITATS LIMITED",XT,STK,109,109.9,108.1,109.9,109.9,109,20,5737,625347,
523127,"EIH ASSOCIATED HOTELS LTD.",B,STK,320.85,326.25,319.5,323.75,323,327.65,168,8319,2698161,
523144,"MEDI-CAPS LTD.",X,STK,24.33,25,22.6,22.79,22.72,24.2,81,9748,229044,
523151,"OTCO INTERNATIONAL LTD.",X,STK,8.9,8.9,8.12,8.89,8.89,8.54,7,201,1787,
523160,"MORGANITE CRUCIBLE (INDIA) LTD",X,STK,1337,1338.95,1313.3,1335.3,1334,1335.45,32,868,1146579,
523186,"B&A PACKAGING INDIA LIMITED",X,STK,162.55,162.55,162.5,162.5,162.5,162,2,176,28608,
523204,"ABAN OFFSHORE LTD.",T,STK,22.29,22.4,22.29,22.4,22.4,21.34,148,81655,1828417,
523207,"KOKUYO CAMLIN LTD.",B,STK,79,79.26,78.14,78.36,78.37,78.24,17,1705,133821,
523222,"SRM ENERGY LTD.",XT,STK,18.15,18.15,18.15,18.15,18.15,18.52,6,314,5699,
523229,"BHARAT SEATS LTD.",B,STK,184.65,184.65,174.25,178,179,180.2,405,19698,3550121,
523232,"CONTINENTAL PETROLEUMS LTD.",X,STK,89,89,85.33,86.13,87.5,85.01,35,3213,277114,
523242,"NB FOOTWEAR LTD.",P,STK,7.51,7.51,7,7,7,7.36,2,300,2202,
523248,"MACHINO PLASTICS LTD.",X,STK,259,259,248.05,254.6,248.05,251.3,26,997,256698,
523260,"PEARL POLYMERS LTD.",B,STK,17.81,18,17.25,17.34,17.3,17.8,29,2308,40663,
523261,"VENKYS (INDIA) LTD.",B,STK,1301.05,1310.95,1282.1,1284.45,1285,1316.6,151,1570,2030216,
523269,"ADVANI HOTELS & RESORTS (INDIA",B,STK,53,54.17,52.76,52.91,53.33,53.95,210,8412,446962,
523283,"SUPERHOUSE LTD.",B,STK,157.9,157.9,157.9,157.9,157.9,148,1,1,157,
523289,"RAMA VISION LTD.",X,STK,139,139,130.4,130.65,130.4,136.45,22,1362,179792,
523301,"TCPL PACKAGING LTD.",B,STK,2589.3,2589.6,2570,2570,2570,2597.9,103,809,2080223,
523309,"SHRI GANG INDUSTRIES AND ALLIE",X,STK,84.97,84.97,82.2,83.6,83.6,84.97,23,707,59503,
523319,"BALMER LAWRIE & CO.LTD.",B,STK,173.9,177.1,173.9,175.05,175.55,173.55,389,14135,2479168,
523323,"KOVAI MEDICAL CENTER & HOSPITA",B,STK,5222.8,5373.85,5184,5268.5,5289,5222.8,1117,4142,21889986,
523329,"ELDECO HOUSING & INDUSTRIES LT",B,STK,892.7,892.7,856,860.55,874,830.1,15,159,136897,
523367,"DCM SHRIRAM LIMITED",A,STK,990.45,1013,983.95,990.1,996.6,989.3,1098,4208,4188029,
523369,"DCM SHRIRAM INDUSTRIES LTD.",B,STK,36.56,36.56,35.78,35.99,35.85,36.63,283,30655,1107975,
523371,"MAWANA SUGARS LTD.",B,STK,80.44,81.17,79,79.25,79,80.6,26,1045,83907,
523373,"MINI DIAMONDS (INDIA) LTD.",X,STK,20.8,20.8,18.5,18.75,18.71,18.77,124,34928,657888,
523384,"MAHA RASHTRA APEX CORPORATION",B,STK,89.98,102,89.98,102,102,85,111,928,92052,
523385,"NILKAMAL LTD.",B,STK,1340.6,1429.65,1312.95,1340.85,1346.5,1331.45,20,127,170195,
523387,"TRITON CORP.LTD.",X,STK,1.33,1.33,1.24,1.33,1.33,1.27,168,147387,195956,
523391,"NAHAR POLYFILMS LTD.",B,STK,232.3,241.05,225.35,228.85,225.35,228.15,14,281,66944,
523395,"3M INDIA LTD.",A,STK,34430,34563.95,34100.5,34312.55,34225,34255.15,48,70,2403967,
523398,"BOSCH HOME COMFORT INDIA LIMIT",B,STK,1374.95,1374.95,1324.1,1330.4,1328,1357.75,161,537,717135,
523405,"JM FINANCIAL LTD.",A,STK,124,125.9,120.5,121.8,121.8,125.6,1351,128845,15937428,
523411,"ADC INDIA COMMUNICATIONS LIMIT",X,STK,1305.7,1338.5,1281,1290.7,1290.7,1299.25,66,715,939127,
523419,"TAMILNADU TELECOMMUNICATIONS L",B,STK,9.16,9.23,8.65,8.98,9,9.16,13,836,7416,
523445,"RELIANCE INDUSTRIAL INFRASTRUC",B,STK,687.05,714.45,683.45,688.7,688.7,700.15,227,2500,1741975,
523449,"SHARP INDIA LTD.",X,STK,45.54,45.54,45.54,45.54,45.54,45.54,5,509,23179,
523457,"Linde India Limited",A,STK,6742.45,6951,6683.1,6792.8,6752,6732.9,622,2044,13962761,
523465,"IND BANK HOUSING LTD.",B,STK,42.77,42.77,40.5,42.39,42.39,42.77,8,222,9016,
523467,"JAI MATA GLASS LTD.",XT,STK,2.41,2.63,2.41,2.41,2.41,2.53,241,218977,543304,
523475,"LOTUS CHOCOLATE CO.LTD.",B,STK,778,820,752.15,789.7,789.7,758.85,377,6361,5000638,
523483,"PACIFIC INDUSTRIES LTD.",X,STK,144.7,144.7,144.7,144.7,144.7,133.6,1,1,144,
523489,"CHENNAI MEENAKSHI MULTISPECIAL",X,STK,42,42,37,40.98,40.98,38.81,11,172,6481,
523519,"UNIVERSAL OFFICE AUTOMATION LT",XT,STK,7.17,7.17,7.17,7.17,7.17,7.54,3,28,200,
523537,"APM INDUSTRIES LTD.",X,STK,38.55,41.3,38.55,39.97,39.97,40.47,42,8142,320656,
523539,"PRECISION WIRES INDIA LTD.",B,STK,336,342.2,329.85,333.55,333.55,334.9,1437,49329,16593028,
523550,"KRYPTON INDUSTRIES LTD.",X,STK,37.35,37.4,36,36.01,36.01,37.1,23,4752,174770,
523558,"SWISS MILITARY CONSUMER GOODS",X,STK,16.24,17.66,16.2,16.83,16.83,16.15,559,213247,3642982,
523566,"MARTIN BURN LTD.",X,STK,44.4,48.6,44.02,48.6,48.6,47,7,93,4323,
523574,"Future Enterprises Limited",Z,STK,0.49,0.49,0.49,0.49,0.49,0.49,39,89570,43889,
523586,"INDIAN TONERS & DEVELOPERS LTD",X,STK,242,243,238.65,239.4,238.7,238.2,30,1198,287970,
523594,"KUNSTSTOFFE INDUSTRIES LTD.",X,STK,22,22.46,20.22,21.92,21.99,21.81,36,1030,22451,
523598,"SHIPPING CORPORATION OF INDIA",A,STK,240.1,246.25,237.5,240.65,241,242.15,3509,261416,63259646,
523606,"SIKA INTERPLANT SYSTEMS LTD.",B,STK,944.9,1011,935,975.8,975.8,945.35,2318,38601,38162876,
523610,"ITI LTD.",A,STK,258,268.2,255.8,259.15,259.7,257.2,1013,27892,7314281,
523618,"DREDGING CORPORATION OF INDIA",B,STK,964,995,964,975.5,975.5,968.85,548,9828,9635495,
523630,"NATIONAL FERTILIZERS LTD.",B,STK,71.3,73.77,71.3,72.56,72.75,72,595,38691,2809324,
523638,"IP RINGS LTD.",XT,STK,110,115.65,105,113.35,115.65,110.15,15,2317,245075,
523642,"P.I.INDUSTRIES LTD.",A,STK,3051.05,3126.95,3051.05,3078.2,3084.55,3091.6,1091,2976,9209914,
523648,"PLASTIBLENDS INDIA LTD.",B,STK,138.25,139,137.1,137.1,137.1,141,7,875,121380,
523650,"YASH INNOVENTURES LIMITED",XT,STK,46,47,46,47,47,47,7,32300,1493100,
523652,"Kkalpana Plastick Limited",X,STK,28.35,28.35,28.35,28.35,28.35,28.35,1,100,2835,
523660,"WATERBASE LTD.",XT,STK,47.07,48,46,47.3,47.11,47.07,153,17596,836896,
523672,"FLEX FOODS LTD.",X,STK,42.5,43,41.33,41.5,42.5,43.39,19,503,21182,
523676,"GOLKUNDA DIAMONDS & JEWELLERY",X,STK,299.3,299.3,280.95,283.3,283.3,295.05,180,7042,2039133,
523694,"APCOTEX INDUSTRIES LTD.",B,STK,361,367.85,361,364.25,364.25,364.15,46,435,158283,
523696,"FORTIS MALAR HOSPITALS LIMITED",X,STK,52.08,52.95,51.21,51.68,51.9,52.08,184,5573,289941,
523704,"MASTEK LTD.",A,STK,1635,1655.8,1550.15,1561.5,1571.85,1633.05,734,6579,10497174,
523708,"EIMCO ELECON (INDIA) LTD.",B,STK,1584.2,1595,1560.9,1569.95,1567.2,1563.8,65,645,1016309,
523710,"SAYAJI HOTELS LTD.",X,STK,280.9,282,277.75,277.75,277.75,277.75,9,17,4738,
523716,"ASHIANA HOUSING LTD.",B,STK,313.5,313.5,304.05,306.45,312,311.65,63,1834,563355,
523722,"SVAM SOFTWARE LTD.",XT,STK,8.24,8.65,7.83,8.65,8.65,8.24,58,45670,366744,
523732,"ECOBOARD INDUSTRIES LTD.",X,STK,57,59.89,55.25,58.13,58.68,57.37,29,3329,193097,
523736,"Dhunseri Ventures Limited",B,STK,224,226.05,221.3,221.7,221.65,225.85,138,7289,1632626,
523752,"TRANS INDIA HOUSE IMPEX LIMITE",X,STK,5.5,5.7,5.36,5.44,5.51,5.5,117,38823,212501,
523754,"MAHINDRA EPC IRRIGATION LIMITE",B,STK,112.85,114.3,112.1,113.55,113.55,111.5,11,4263,481565,
523782,"Mitshi India Limited",X,STK,14.94,14.94,14.4,14.4,14.4,13.68,8,553,8084,
523792,"MAZDA LTD.",B,STK,199.15,200.65,194.5,198.2,198.2,201.3,47,1075,212321,
523796,"VICEROY HOTELS LTD.",T,STK,150.9,150.9,148,149.3,149.2,151.25,96,10159,1510943,
523826,"SOVEREIGN DIAMONDS LTD.",XT,STK,21.23,21.23,21.23,21.23,21.23,21.23,13,705,14967,
523828,"MENON BEARINGS LTD.",B,STK,117,118.45,115.7,115.9,117.75,117.3,36,1842,214395,
523832,"MUKAT PIPES LTD.",XT,STK,22.09,22.09,22.09,22.09,22.09,22.54,1,100,2209,
523836,"GUJARAT RAFFIA INDUSTRIES LTD.",B,STK,37.7,39.45,37.5,39.45,39.45,37.7,10,226,8563,
523838,"SIMPLEX INFRASTRUCTURES LTD.",B,STK,191.7,192.95,184.55,185.75,185,189.8,93,11033,2098512,
523840,"INNOVATIVE TECH PACK LTD.",X,STK,17,17.25,16.41,16.45,16.41,16.44,29,1604,26546,
523842,"SUPER TANNERY LIMITED",X,STK,6.5,6.58,6.25,6.32,6.32,6.28,68,17223,109531,
523844,"CONSTRONICS INFRA LIMITED",X,STK,47.99,49.93,43.66,49.89,49.9,43.99,22,704,33955,
523850,"AXTEL INDUSTRIES LTD.",X,STK,432,462,428,457.65,457.65,424.7,1085,43005,19314665,
523862,"GRAND OAK CANYONS DISTILLERY L",B,STK,31.09,31.09,28.71,29.56,30.96,30.21,20,1351,40168,
523874,"East India Drums and Barrels M",XT,STK,110.65,111.35,102,110.25,110.25,106.05,97,5358,590647,
524000,"POONAWALLA FINCORP LIMITED",A,STK,432.55,435.25,421.6,424,424,433.05,720,10853,4646745,
524019,"Kingfa Science & Technology (I",B,STK,4135.8,4198.6,4135.8,4170,4170,4135.7,38,134,559690,
524031,"PATIDAR BUILDCON LIMITED",X,STK,9.37,9.37,9.37,9.37,9.37,9.39,1,10,93,
524037,"RAMA PHOSPHATES LTD.",B,STK,116.05,120.85,114.9,115.05,115,118.7,199,7198,836351,
524038,"VENLON ENTERPRISES LTD.",X,STK,5.07,5.29,4.85,5.29,5.29,5.07,9,1548,7958,
524051,"POLYPLEX CORPORATION LTD.",B,STK,825.6,841.1,825.55,832.6,836.9,821.2,147,1634,1364993,
524075,"ALBERT DAVID LTD.",B,STK,679.65,680.15,678.3,679.15,680.15,679.65,60,121,82197,
524091,"CARYSIL LIMITED",B,STK,878.2,884.75,859.1,862.45,859.1,878.1,220,1403,1223011,
524109,"KABRA EXTRUSIONTECHNIK LTD.",B,STK,252.45,256.5,247.55,248.15,250.15,252.9,81,1263,317155,
524129,"VINYL CHEMICALS (INDIA) LTD.",B,STK,204.95,208,203.85,207.4,208,202.9,25,1094,223927,
524136,"PEE CEE COSMA SOPE LTD.",X,STK,350,359.7,336,343.9,343.9,347,36,996,352252,
524156,"TCM LTD.",X,STK,45,45,45,45,45,45,3,211,9495,
524164,"IOL CHEMICALS & PHARMACEUTICAL",B,STK,70.9,74.91,70.48,74.06,74.06,70.92,508,50630,3668295,
524174,"KESAR PETROPRODUCTS LTD.",X,STK,25.5,25.75,24.5,24.98,24.5,25.02,257,97566,2469391,
524200,"VINATI ORGANICS LTD.",A,STK,1375.6,1393.15,1346.9,1374.25,1383.45,1375.5,433,4157,5696688,
524202,"LACTOSE (INDIA) LTD.",X,STK,94.1,95.47,90,91.48,94,94.97,26,2323,214489,
524204,"TEESTA AGRO INDUSTRIES LTD.",X,STK,107.35,110.95,103,108.05,110.2,107.35,30,1009,106359,
524208,"AARTI INDUSTRIES LTD.",A,STK,417,423.6,411.95,419.1,418.25,421.1,984,372653,155039115,
524210,"PENTOKEY ORGANY (INDIA) LTD.",X,STK,36.5,36.5,36.5,36.5,36.5,35.99,5,80,2920,
524212,"WANBURY LTD.",T,STK,252.9,254.45,246.5,250.05,250,249.95,14,588,147254,
524218,"RESONANCE SPECIALTIES LTD.",X,STK,93.25,100,93,97.6,97.6,92.69,73,10214,981653,
524226,"GUJARAT AMBUJA EXPORTS LTD.",B,STK,137.6,139.55,134.95,135.2,135,139,378,21687,2973824,
524230,"RASHTRIYA CHEMICALS & FERTILIZ",A,STK,113.1,117.65,112.95,114.4,114.4,114.2,839,91338,10571507,
524238,"GUJARAT INJECT (KERALA) LTD.",XT,STK,66.3,66.32,66.3,66.3,66.3,65.02,52,48529,3217589,
524280,"KOPRAN LTD.",B,STK,128.4,128.4,122.3,122.95,123.15,124,221,4860,602885,
524288,"AIMCO PESTICIDES LTD.",X,STK,48.12,51.85,48.12,49.18,50.98,48.12,29,3448,171032,
524314,"GUJARAT TERCE LABORATORIES LTD",X,STK,41.74,41.74,38.5,38.92,38.5,39.78,31,4665,182845,
524322,"KABRA DRUGS LTD.",X,STK,31.62,31.62,30,30.55,30.29,31,247,56603,1730595,
524324,"SEYA INDUSTRIES LTD.",T,STK,11.76,11.76,10.96,10.96,10.96,11.53,23,3200,35074,
524330,"JAYANT AGRO-ORGANICS LTD.",B,STK,183.25,184,181.5,181.65,181.75,183.95,9,36,6568,
524332,"BCL INDUSTRIES LIMITED",B,STK,27.21,27.93,27.21,27.72,27.65,27.91,151,14894,412869,
524336,"SHREE HARI CHEMICALS EXPORT LT",X,STK,104.4,105.3,98.2,103.25,98.2,102,10,128,13217,
524342,"INDO BORAX & CHEMICALS LTD.",B,STK,247.15,248.2,244.05,246.15,244.05,243.3,89,3600,888301,
524348,"AARTI DRUGS LTD.",B,STK,360.7,362.95,356.35,356.85,356.6,360.5,98,1050,377589,
524370,"BODAL CHEMICALS LTD.",B,STK,44.98,45.24,44.53,44.67,44.67,44.56,30,4773,214210,
524372,"Orchid Pharma Limited",B,STK,545.95,549.15,507,508.7,508.7,537.9,472,8619,4459702,
524394,"VIMTA LABS LTD.",B,STK,435,443.25,431,432.3,435,439.05,272,4349,1904987,
524396,"BIOFIL CHEMICALS & PHARMACEUTI",B,STK,31.98,32.5,30,31.5,31.4,30.66,46,1330,41002,
524400,"ISHITA DRUGS & INDUSTRIES LTD.",X,STK,68,68,67.6,67.6,67.6,71.9,8,101,6854,
524404,"MARKSANS PHARMA LTD.",A,STK,172.2,175.7,170,171.15,171.15,173.65,446,24274,4195084,
524408,"UNIVERSAL STARCH-CHEM ALLIED L",X,STK,134.8,134.85,126.25,134.85,134.85,134.85,10,1100,147451,
524412,"AAREY DRUGS & PHARMACEUTICALS",B,STK,72.01,75.13,69.96,70.48,70.19,72.83,89,2336,169489,
524414,"NORRIS MEDICINES LTD.",X,STK,14.07,14.25,13,13,13,14,22,1049,14512,
524434,"ASIAN PETROPRODUCTS & EXPORTS",X,STK,8.38,8.5,8.3,8.34,8.34,8.42,19,3073,25900,
524440,"CAMEX LTD.",X,STK,29.85,29.9,28,29.5,29.5,29.1,23,1976,57677,
524444,"EVEXIA LIFECARE LIMITED",X,STK,1.5,1.59,1.47,1.49,1.49,1.49,1000,10399863,15690135,
524458,"INDO EURO INDCHEM LTD.",X,STK,11.3,12,10.51,11.02,10.51,11.5,36,4888,54519,
524470,"SYNCOM FORMULATIONS (INDIA) LT",B,STK,12,12.22,11.95,12,11.97,12.08,643,170876,2060053,
524480,"RIDDHI SIDDHI GLUCO BIOLS LTD.",X,STK,519,519,480,482.55,490,479,29,258,125324,
524488,"SVC INDUSTRIES LIMITED",X,STK,2.28,2.29,2.12,2.27,2.27,2.11,77,37079,83044,
524494,"IPCA LABORATORIES LTD.",A,STK,1499.85,1519,1480,1490.55,1480.9,1499.85,326,2661,4006758,
524500,"KILITCH DRUGS (INDIA) LTD.",B,STK,320,324,318.6,318.6,318.6,324.25,16,189,60643,
524506,"CORAL LABORATORIES LTD.",X,STK,430,438.6,422.5,432.55,436,429.1,25,1455,629556,
524516,"BACIL PHARMA LTD.",X,STK,50.29,50.9,49,49.95,50.11,48.5,88,20838,1034483,
524518,"KREBS BIOCHEMICALS & INDUSTRIE",B,STK,50.5,55.59,50.5,55.59,55.59,55.05,5,62,3191,
524520,"KMC SPECIALITY HOSPITALS (INDI",B,STK,82.99,84.82,82.8,83.01,83.01,82.72,720,51063,4254474,
524522,"LAFFANS PETROCHEMICALS LTD.",X,STK,31.28,32.99,31.28,32,32,31.91,5,377,11875,
524534,"BHASKAR AGROCHEMICALS LTD.",X,STK,138.95,138.95,126.2,128.8,129,138.9,72,1185,156828,
524542,"SUKHJIT STARCH & CHEMICALS LTD",B,STK,190,190,186.2,186.2,186.2,189.5,16,512,96090,
524548,"SHARMA EAST INDIA HOSPITALS &",X,STK,93.02,93.02,93,93,93,92.02,5,129,11998,
524558,"NEULAND LABORATORIES LTD.",A,STK,12820.05,13114.7,12820.05,13025.9,13058,12969.9,400,1112,14505611,
524564,"GAYATRI BIOORGANICS LTD.",X,STK,11.56,12.13,11.56,12.13,12.13,11.56,34,30497,368292,
524570,"PODDAR PIGMENTS LTD.",B,STK,225.5,225.5,221,221,221,225.5,16,163,36491,
524572,"PHARMAIDS PHARMACEUTICALS LTD.",X,STK,34.21,36.88,33.2,34.29,34.93,36.12,92,38344,1313484,
524576,"VIVID GLOBAL INDUSTRIES LTD.",X,STK,19.5,20.5,19.01,19.65,19.65,20.55,40,10909,217640,
524580,"PRIYA LTD.",X,STK,20.44,20.44,20.44,20.44,20.44,19.47,2,21,429,
524582,"TIRUPATI STARCH & CHEMICALS LT",X,STK,161.5,169,153.2,154.15,154.15,160.05,31,1026,161800,
524590,"HEMO ORGANIC LIMITED",XT,STK,15.11,15.33,15.11,15.33,15.33,15.41,3,8,121,
524592,"JAYSYNTH ORGOCHEM LIMITED",X,STK,12.4,12.4,11.26,11.68,11.68,12.03,129,20986,242062,
524594,"Aeonx Digital Technology Limit",X,STK,120.05,128.95,120,127,120,121,14,595,71687,
524598,"AKSHARCHEM (INDIA) LTD.",B,STK,203,207.7,200.2,202.05,200.2,202,5,10,2033,
524602,"BANDARAM PHARMA PACKTECH LIMIT",XT,STK,30.99,31.48,29.5,31.1,31.1,30.99,12,194,5766,
524606,"BERYL DRUGS LTD.",X,STK,22.34,22.34,19.05,19.96,20.14,21.68,41,3413,70667,
524614,"IEL LIMITED",X,STK,6.8,6.94,6.6,6.66,6.66,6.8,89,17494,116955,
524622,"ISTREET NETWORK LIMITED",XT,STK,47.62,47.62,47.61,47.62,47.62,45.36,87,44806,2133660,
524624,"GAGAN GASES LTD.",X,STK,21.28,21.28,19.05,19.55,19.3,20.77,22,1345,26042,
524628,"PARKER AGROCHEM EXPORTS LTD.",X,STK,16.98,16.98,16.98,16.98,16.98,17.87,5,307,5212,
524632,"Shukra Pharmaceuticals Limited",XT,STK,45.32,45.33,41.03,41.43,41.43,43.18,1263,966381,43401167,
524634,"ALUFLUORIDE LTD.",X,STK,435,444.9,432.6,438.4,434.5,432.95,118,2952,1295182,
524636,"OXYGENTA PHARMACEUTICAL LIMITE",X,STK,53.4,53.4,50,50.6,50.6,50.58,22,53132,2691285,
524640,"ARCHIT ORGANOSYS LTD.",X,STK,38.78,39.8,37.6,37.93,38.9,38.78,77,9490,365893,
524642,"SIKOZY REALTORS LIMITED",XT,STK,1.42,1.42,1.41,1.41,1.41,1.48,12,20580,29061,
524648,"INDO AMINES LTD.",B,STK,102.35,103,100,100.05,102.1,102.25,94,6226,629556,
524654,"NATURAL CAPSULES LTD.",B,STK,160.4,161,151,151.05,151,158.6,59,1295,204740,
524661,"WELCURE DRUGS & PHARMACEUTICAL",X,STK,0.3,0.3,0.29,0.29,0.29,0.3,887,9477773,2777890,
524663,"BHARAT IMMUNOLOGICALS & BIOLOG",B,STK,16.52,17.38,16.16,16.89,16.89,16.94,127,9640,162096,
524667,"SAVITA OIL TECHNOLOGIES LTD.",B,STK,352.75,361.3,352.6,353.75,352.6,359.95,124,1406,500280,
524669,"HESTER BIOSCIENCES LTD.",B,STK,1510.7,1510.8,1474.2,1484.75,1474.2,1506.3,38,103,153342,
524675,"KABSONS INDUSTRIES LTD.",X,STK,14.5,15.25,14.5,14.76,14.76,14.48,19,3746,55633,
524687,"BASANT AGRO TECH (INDIA) LTD.",X,STK,10,10.48,10,10.2,10.1,10.2,114,16949,172171,
524703,"SANDU PHARMACEUTICALS LTD.",X,STK,34.98,34.98,34.17,34.77,34.76,34.8,12,747,26004,
524709,"NACL Industries Limited",B,STK,122.6,123.9,117.9,118.45,119,123.2,180,6147,736772,
524711,"VISTA PHARMACEUTICALS LTD.",X,STK,6.68,6.79,6.34,6.69,6.69,6.36,35,13556,90132,
524715,"SUN PHARMACEUTICAL INDUSTRIES",A,STK,1783,1805.9,1770.75,1798.95,1795,1782.9,6616,147251,264764737,
524717,"TITAN BIOTECH LTD.",X,STK,260,281.85,251.4,276.25,276.25,256.95,2575,138036,37212433,
524731,"JENBURKT PHARMACEUTICALS LTD.",X,STK,1006.6,1013,995,1000.3,995.3,1000,36,678,676249,
524735,"HIKAL LTD.",B,STK,184.1,186.9,180.95,181.1,180.95,184.05,162,7268,1331476,
524742,"CAPLIN POINT LABORATORIES LTD.",A,STK,1650.4,1681.75,1635,1665.7,1665.2,1644.6,473,2909,4828222,
524743,"FISCHER MEDICAL VENTURES LIMIT",B,STK,36,36.26,35.06,35.76,35.28,35.63,213,25730,917298,
524748,"LINK PHARMA CHEM LTD.",X,STK,32,32,28.99,29,28.99,29,5,12,356,
524752,"DECIPHER LABS LIMITED",X,STK,6.1,6.26,6.1,6.26,6.26,6.12,27,4535,27727,
524768,"EMMESSAR BIOTECH & NUTRITION L",X,STK,24.68,26.94,24.68,24.8,26.28,24.8,19,916,23088,
524774,"NGL FINE-CHEM LTD.",B,STK,2387.8,2437.6,2387.8,2404.35,2411.1,2331.95,70,205,495158,
524790,"EVEREST ORGANICS LTD.",X,STK,285.05,318,285.05,306.25,303,285.25,99,5303,1612257,
524804,"AUROBINDO PHARMA LTD.",A,STK,1230.55,1244,1215.1,1231.6,1231.6,1225.8,1970,27315,33648222,
524816,"NATCO PHARMA LTD.",A,STK,1008.95,1025,1000.7,1019.35,1019.35,1000.7,2978,58233,59292817,
524818,"DYNAMIC INDUSTRIES LTD.",X,STK,98.9,98.9,90,95,95,93.5,20,1704,157607,
524820,"PANAMA PETROCHEM LTD.",B,STK,274,276.5,274,275.5,275.5,273.2,40,377,103744,
524824,"BAL PHARMA LTD.",B,STK,73,73.3,72.09,72.49,72.09,72,11,243,17648,
524828,"BDH INDUSTRIES LTD.",X,STK,385.7,385.7,376.95,377,377,385.7,29,591,225011,
526001,"JAUSS POLYMERS LTD.",XT,STK,33.57,33.57,33.57,33.57,33.57,34.25,7,538,18060,
526025,"GLOBUS CONSTRUCTORS & DEVELOPE",X,STK,12.21,12.77,12.05,12.6,12.6,12.09,34,1174,14852,
526027,"CUBEX TUBINGS LTD.",B,STK,93.45,99.8,93.45,95.65,96.45,95.35,196,6363,617466,
526043,"POLYMECHPLAST MACHINES LTD.",X,STK,49.19,49.19,45.05,47.95,47.56,47.25,16,333,15476,
526071,"STELLANT SECURITIES (INDIA) LT",XT,STK,646.05,646.05,646.05,646.05,646.05,615.3,23,566,365664,
526073,"GALAXY BEARINGS LTD.",X,STK,469,475,456.25,474.7,475,469.65,33,193,90347,
526075,"REKVINA LABORATORIES LTD.",XT,STK,28.7,29.32,28.7,29.32,29.32,28.75,48,23734,689161,
526081,"SC Agrotech Limited",XT,STK,30.66,31.99,28.99,31.99,31.99,30.51,13,2248,71167,
526095,"RAVILEELA GRANITES LTD.",X,STK,40.5,40.5,35.95,40.4,40.4,40.1,22,33,1298,
526113,"UNIROYAL MARINE EXPORTS LTD.",X,STK,17.1,17.1,14.17,14.25,14.25,15.74,9,184,2651,
526115,"KARAN WOO-SIN LTD.",X,STK,11.75,11.75,10.99,11.75,11.75,10.69,17,1548,18146,
526117,"SHERVANI INDUSTRIAL SYNDICATE",X,STK,390,397,371,374.35,371.05,399.95,11,90,33874,
526125,"BN AGROCHEM LIMITED",B,STK,253,259.5,253,257,257,251.8,6,1053,266523,
526133,"SUPERTEX INDUSTRIES LTD.",X,STK,6.39,6.39,6.3,6.38,6.38,6.43,13,26994,170222,
526137,"SHETRON LTD.",X,STK,104.5,104.5,93.25,94.4,94.1,97.25,25,5843,561577,
526139,"TRANSGENE BIOTEK LTD.",X,STK,2.78,2.99,2.56,2.84,2.85,2.63,109,64299,180411,
526143,"MPL PLASTICS LTD.",X,STK,7.47,7.47,6.86,7.31,7.31,7.32,27,4829,33801,
526159,"NIKHIL ADHESIVES LTD.",X,STK,64.49,65.01,62.5,63.9,62.8,63.55,154,37707,2422797,
526169,"MULTIBASE INDIA LTD.",X,STK,188.95,188.95,175.05,177.15,177.15,186.2,608,27443,4913105,
526173,"ANDREW YULE & COMPANY LTD.",B,STK,19.51,20.5,19.51,19.83,19.76,19.77,324,131027,2619918,
526179,"LUDLOW JUTE & SPECIALITIES LTD",X,STK,210,215,210,211.8,215,210.4,25,1366,290668,
526187,"ASHRAM ONLINE.COM LTD.",X,STK,4.32,4.32,4.32,4.32,4.32,4.53,1,1,4,
526193,"ROYAL CUSHION VINYL PRODUCTS L",X,STK,17.03,19.9,17.03,18.53,18.8,18.43,26,260551,4926807,
526211,"SURAJ INDUSTRIES LTD.",X,STK,49.65,49.65,46,46.35,46,49.4,38,747,35166,
526217,"Hitech Corporation Limited",B,STK,121.5,127,121.5,122,122,125.5,24,322,40338,
526225,"BLOOM DEKOR LTD.",XT,STK,13.49,13.49,13.49,13.49,13.49,13.5,1,74,998,
526227,"FILATEX INDIA LTD.",B,STK,41.4,41.5,40.52,40.71,40.71,41.36,281,22179,907181,
526231,"STANDARD SURFACTANTS LTD.",X,STK,52.47,52.47,52.1,52.47,52.47,50.64,7,1009,52637,
526237,"MORGAN VENTURES LTD.",X,STK,53.6,55.08,53,53.23,54,52.08,25,775,41881,
526241,"AMRAPALI INDUSTRIES LTD.",X,STK,14.26,14.33,13.93,13.98,13.99,14.33,10,310,4393,
526247,"PREMIER EXPLOSIVES LTD.",A,STK,506.35,525,504,506.55,508.4,506.35,880,15439,7946812,
526251,"MID EAST PORTFOLIO MANAGEMENT",X,STK,20.88,20.88,18.5,19.46,19.45,18.8,40,14770,289914,
526263,"MOLD-TEK TECHNOLOGIES LTD.",B,STK,122.15,124.85,120,120.9,120,122.25,218,2844,347884,
526269,"CRESTCHEM LTD.",X,STK,92.9,92.9,89,89.27,89.15,93,25,589,53346,
526299,"MPHASIS LTD.",A,STK,2230,2284,2210,2215.85,2215.85,2231.3,523,3561,7989451,
526315,"DIVYASHAKTI LIMITED",X,STK,50.26,52.59,49.45,50.9,52.59,50.27,22,712,35950,
526325,"ORIENT PRESS LTD.",B,STK,67.48,69,67.48,67.5,67.5,67.48,74,899,60702,
526335,"SHREYAS INTERMEDIATES LTD.",X,STK,7.28,7.64,7.15,7.15,7.15,7.28,4,551,3940,
526345,"PANJON LTD.",X,STK,25.9,25.9,24.05,24.2,24.2,24.82,22,2609,64872,
526355,"DUROPACK LTD.",X,STK,51.05,54,51,54,54,54,3,199,10451,
526365,"SWARNSARITA JEWELS INDIA LIMIT",X,STK,31.77,32.85,31.5,32.23,32.25,31.92,29,1791,57253,
526367,"GANESH HOUSING LIMITED",A,STK,650,658.65,648.5,650.35,648.5,653.95,87,789,515056,
526371,"NMDC LTD.",A,STK,78.31,81.9,78,79.65,79.65,78.42,4893,3559002,284020759,
526381,"PATEL INTEGRATED LOGISTICS LTD",B,STK,10.95,10.95,10.08,10.39,10.39,10.07,3,6603,66559,
526397,"ALPHAGEO (INDIA) LTD.",B,STK,206.7,206.7,198.2,200.95,201,205.1,32,271,55228,
526407,"HAMPTON SKY REALTY LIMITED",X,STK,10.99,11,10.25,10.44,10.69,10.96,192,50585,535363,
526409,"KKALPANA INDUSTRIES (INDIA) LT",X,STK,8,8,7.37,7.96,7.97,7.36,102,39946,313401,
526415,"OK PLAY INDIA LTD.",X,STK,4.76,4.9,4.57,4.59,4.62,4.49,469,537942,2536396,
526423,"KRITI INDUSTRIES (INDIA) LTD.",B,STK,83.88,85.06,82.2,83.98,83.98,76.74,41,484,40321,
526433,"ASM TECHNOLOGIES LTD.",B,STK,2300,2300,2185,2207.5,2220,2257.1,1698,12359,27584577,
526435,"PERFECTPAC LTD.",X,STK,79.2,84.82,79.2,83.43,83.43,80,7,47,3941,
526439,"AMBITIOUS PLASTOMAC COMPANY LT",X,STK,10,10.5,9.5,10.5,10.5,10,12,420,4002,
526441,"VISION CINEMAS LTD.",XT,STK,1.18,1.18,1.17,1.17,1.17,1.18,10,6378,7463,
526443,"Artificial Electronics Intelli",X,STK,103,109.55,102,107.2,107.4,104.35,658,116892,12698116,
526445,"INDRAYANI BIOTECH LTD.",X,STK,7.8,8.4,6.9,7.67,7.78,7.87,135,131092,983136,
526468,"EURO LEDER FASHION LTD.",X,STK,18.5,18.5,16.81,17.75,17.75,18.47,30,2014,35316,
526471,"WINSOME BREWERIES LTD.",X,STK,19.89,19.89,18.03,19.01,19.12,19.1,162,23235,432294,
526473,"ELEGANT FLORICULTURE & AGROTEC",X,STK,4.98,5.05,4.72,4.94,4.94,4.91,122,29386,144753,
526479,"SKY INDUSTRIES LTD.",X,STK,82,84,82,84,84,83.15,18,936,77990,
526481,"PHOENIX INTERNATIONAL LTD.",X,STK,31.38,31.4,31.35,31.36,31.36,31.41,7,361,11324,
526490,"PRATIK PANELS LTD.",X,STK,7.48,7.48,7.07,7.27,7.29,7.06,50,14485,104530,
526492,"Rishiroop Limited",X,STK,89.05,93,89,89.55,89,87.43,17,316,28280,
526506,"SYSTEMATIX CORPORATE SERVICES",B,STK,71,72.52,70.25,70.33,70.25,71.22,18,227,16042,
526508,"Shahi Shipping Limited",X,STK,13.3,14.62,13.3,14.51,14.51,13.93,56,7886,111761,
526519,"ALPINE HOUSING DEVELOPMENT COR",X,STK,97.99,97.99,83.1,88.17,88,89.8,48,4959,429339,
526521,"SANGHI INDUSTRIES LTD.",B,STK,57.07,58.58,55.35,55.58,55.35,57.33,120,8820,499229,
526525,"WORLDWIDE ALUMINIUM LIMITED",X,STK,17,17,17,17,17,17,4,47,799,
526530,"IIRM HOLDINGS INDIA LIMITED",X,STK,90,90,81.6,83.56,85,82.55,54,5183,442806,
526532,"SQUARE FOUR PROJECTS INDIA LIM",X,STK,8.71,8.71,8.44,8.44,8.44,8.5,5,134,1153,
526544,"SGL RESOURCES LIMITED",X,STK,2.8,2.8,2.14,2.23,2.23,2.67,320,673776,1537116,
526546,"CHOKSI LABORATORIES LTD.",X,STK,90.5,97.95,89.5,96.05,96.05,89.65,67,6000,567662,
526550,"COUNTRY CLUB HOSPITALITY AND H",B,STK,12.78,13,12.78,13,13,12.96,25,2882,37464,
526554,"SALGUTI INDUSTRIES LTD.",X,STK,26,26,26,26,26,27,1,1,26,
526570,"MIDWEST GOLD LTD.",T,STK,4050.1,4300,4035.35,4044.35,4035.35,4247.7,515,2647,10843977,
526574,"ENTERPRISE INTERNATIONAL LTD.",X,STK,20.21,23.57,20.21,22,22,21.43,3,440,10103,
526582,"TPL PLASTECH LTD.",B,STK,62.71,63.61,61.71,62.44,61.71,62.1,36,1725,109224,
526586,"WIM PLAST LTD.",X,STK,368,371.9,362.05,363.75,364.85,368.45,144,5819,2134879,
526588,"PHOTOQUIP INDIA LTD.",X,STK,15.14,15.14,15.14,15.14,15.14,15.92,1,1,15,
526596,"LIBERTY SHOES LTD.",B,STK,223.9,228,223.4,224,224,225.8,63,1221,273306,
526604,"LIPPI SYSTEMS LTD.",XT,STK,57.14,57.14,55.1,57.14,57.14,54.42,228,55592,3173950,
526608,"ELECTROTHERM (INDIA) LTD.",B,STK,661.75,667.65,645.9,666.35,665,657,54,442,290494,
526612,"BLUE DART EXPRESS LTD.",A,STK,5430.4,5480,5388,5400.45,5425,5452.8,140,316,1711375,
526614,"EXPO ENGINEERING AND PROJECTS",X,STK,55.56,58.6,55.56,58.4,58.58,57.7,17,648,37805,
526616,"NATIONAL PLASTIC INDUSTRIES LT",X,STK,46.3,49,46.3,46.58,46.53,46.82,19,1497,70815,
526622,"MFL INDIA LTD.",X,STK,0.38,0.39,0.36,0.39,0.39,0.38,274,418073,157776,
526628,"AJWA FUN WORLD & RESORT LTD.",P,STK,51.25,51.25,46.5,46.5,46.5,48.9,3,300,14480,
526638,"TEXEL INDUSTRIES LTD.",X,STK,74,80.8,73.05,74.39,74.46,75.66,132,37601,2785560,
526640,"ROYALE MANOR HOTELS & INDUSTRI",X,STK,33.94,33.94,29.03,29.75,29.35,31.75,31,2000,58994,
526642,"MIRZA INTERNATIONAL LTD.",B,STK,33.2,33.2,32.23,32.35,32.3,32.98,152,10878,354040,
526650,"TOURISM FINANCE CORPORATION OF",B,STK,68.04,68.74,66.5,66.89,66.89,68.4,1006,1607061,109119027,
526654,"THAKKERS DEVELOPERS LTD.",X,STK,124,124,124,124,124,124,3,19,2356,
526662,"RAJDARSHAN INDUSTRIES LTD.",B,STK,39.97,40.36,38.71,40.36,40.36,39.97,4,107,4224,
526666,"BHARTIYA INTERNATIONAL LTD.",B,STK,741.7,755.35,718,732.8,732.8,745.9,60,372,272741,
526668,"KAMAT HOTELS (INDIA) LTD.",B,STK,184.3,185.8,183.05,185.8,185.8,182.25,20,265,48911,
526675,"TIRTH PLASTIC LTD.",XT,STK,23.58,23.58,23.11,23.5,23.5,23.58,32,5963,138920,
526677,"DSJ KEEP LEARNING LIMITED",B,STK,1.73,2.09,1.73,1.9,1.9,1.89,81,34329,65277,
526703,"ECOPLAST LTD.",X,STK,427.75,444.8,425.6,428.45,427,425.65,6,67,28582,
526705,"ELEGANT MARBLES & GRANI INDUST",X,STK,185.9,190,185,189.8,189.8,185.9,13,252,47430,
526709,"BITS LTD.",XT,STK,8.15,8.3,8.1,8.3,8.3,7.91,206,52052,431504,
526711,"ADARSH PLANT PROTECT LTD.",X,STK,31.46,32.87,31.46,32.87,32.87,31.31,17,3851,126568,
526717,"HCP PLASTENE BULKPACK LIMITED",X,STK,183.45,184,176.5,182.45,183.45,183.45,67,2460,449090,
526721,"NICCO PARKS & RESORTS LTD.",X,STK,66.96,68.6,65,66.39,65.4,67.27,53,3014,200170,
526723,"NTC INDUSTRIES LTD.",X,STK,169,169,160.25,165,167.1,161.55,90,4986,824135,
526725,"SANDESH LTD.",B,STK,962.9,986,962.9,974.75,971.2,972.65,16,140,136864,
526727,"GARNET CONSTRUCTION LTD.",XT,STK,93.4,94.39,93.4,94.39,94.39,89.9,61,10659,1005142,
526729,"GOLDIAM INTERNATIONAL LTD.",A,STK,328,330.45,320.05,322.8,322.8,328.8,353,25470,8272924,
526731,"BRIGHT BROTHERS LTD.",X,STK,203,209.9,203,207.25,205.1,203.1,16,401,83002,
526739,"NARMADA GELATINES LTD.",X,STK,345.3,357.9,345.3,353.5,354.85,352.5,48,944,334370,
526747,"PG FOILS LTD.",X,STK,234,238.8,225,237.1,237.5,229.5,141,18284,4242751,
526755,"VELAN HOTELS LTD.",X,STK,5.41,5.64,5.23,5.24,5.23,5.38,10,11049,59597,
526761,"HOWARD HOTELS LTD.",X,STK,23.72,26.24,23.66,25.79,25.79,25.15,13,762,18693,
526775,"VALIANT COMMUNICATIONS LTD.",XT,STK,1089.9,1138,1029.9,1040.95,1117.9,1084.1,653,23770,25462946,
526783,"DR.AGARWALS EYE HOSPITAL LTD.",B,STK,4499,4568.95,4453.2,4474.55,4488,4498.3,388,791,3549276,
526797,"GREENPLY INDUSTRIES LTD.",B,STK,200.3,203.55,196.25,197,196.95,200.35,1089,8278,1652672,
526807,"SEAMEC LTD.",B,STK,1323.9,1354.95,1316.25,1346.05,1352,1323.8,134,1176,1578296,
526813,"RAGHUNATH INTERNATIONAL LTD.",X,STK,10.65,12,10.65,11.47,11.47,10.5,13,1477,15960,
526817,"CHEVIOT CO.LTD.",B,STK,1009,1012.9,1005.6,1010,1005.6,1003.95,10,55,55566,
526821,"DAI-ICHI KARKARIA LTD.",X,STK,241.15,253.65,241.15,243.45,243.45,249.3,49,1608,393264,
526823,"RAJESWARI INFRASTRUCTURE LIMIT",Z,STK,5.62,5.62,5.62,5.62,5.62,5.36,7,1141,6412,
526827,"SPICE ISLANDS INDUSTRIES LIMIT",XT,STK,243.85,243.85,243.85,243.85,243.85,248.8,11,1461,356264,
526829,"CONFIDENCE PETROLEUM INDIA LTD",B,STK,29.2,30.5,28.86,29.7,29.63,29.15,279,27925,825885,
526839,"SHELTER INFRA PROJECTS LTD.",X,STK,14.09,14.1,14.09,14.1,14.1,14.09,6,282,3975,
526841,"SHAKTI PRESS LTD.",X,STK,23.67,24.75,23.1,23.1,23.1,23.67,44,10308,248691,
526847,"ASHIRWAD STEELS & INDUSTRIES L",X,STK,21.25,22.69,21.25,22.5,22.5,22.69,27,3411,76708,
526849,"BANARAS BEADS LTD.",B,STK,118.2,119.8,113.25,113.25,113.3,116.75,12,16,1840,
526853,"BILCARE LTD.",X,STK,59.48,59.48,56.04,58.68,58.68,58.05,120,12483,716500,
526859,"ISF LIMITED",X,STK,0.91,0.91,0.9,0.9,0.9,0.91,10,2322,2106,
526861,"RISHI LASER LTD.",X,STK,99.25,99.25,90,98.95,98.95,99.25,104,16611,1588722,
526865,"JAINCO PROJECTS (INDIA) LTD.",X,STK,4.36,4.57,4.36,4.4,4.4,4.36,4,68,296,
526871,"INTEC CAPITAL LTD.",X,STK,10.43,10.43,9.1,10.03,9.98,9.68,29,1093,11165,
526873,"RAJASTHAN SECURITIES LIMITED",X,STK,36,36.1,35.9,35.98,36.1,35.6,14,485,17455,
526877,"SIDDHESWARI GARMENTS LTD.",X,STK,23.11,23.11,23.11,23.11,23.11,22.01,5,20,462,
526881,"63 Moons Technologies Limited",A,STK,587.85,591.8,571.55,574.25,572.4,587.85,361,8470,4936254,
526883,"SHIKHAR CONSULTANTS LTD.",XT,STK,18.19,18.19,18.19,18.19,18.19,18.56,3,6,109,
526885,"SARLA PERFORMANCE FIBERS LTD.",B,STK,80.1,84.09,80,81.91,81.31,80.71,168,17987,1468806,
526891,"MARKET CREATORS LTD.",X,STK,12.46,12.61,12.46,12.61,12.61,12.01,2,2,25,
526899,"HIMALAYA FOOD INTERNATIONAL LI",X,STK,8.88,9.09,8.88,8.98,9,8.93,94,22955,206069,
526901,"SONAL ADHESIVES LTD.",X,STK,37,37,34.02,34.48,34.48,37,28,2556,88416,
526905,"Padmanabh Industries Ltd",XT,STK,9.69,9.93,9.03,9.03,9.03,9.5,17,4157,37633,
526921,"TWENTYFIRST CENTURY MANAGEMENT",B,STK,34,34.89,33.61,33.83,33.83,34.23,12,1837,62266,
526931,"HARIYANA SHIP BREAKERS LTD.",X,STK,105,107.95,98.25,100.35,100,103.3,214,9340,958790,
526935,"ARUNIS ABODE LIMITED",XT,STK,88.32,88.5,88.32,88.32,88.32,90.12,185,273167,24141324,
526945,"TYROON TEA CO.LTD.",X,STK,84,84,82.05,82.05,82.05,84,6,839,70454,
526947,"LA OPALA RG LTD.",B,STK,192.95,197.9,192.95,196.7,195.85,193.35,101,3474,678209,
526951,"STYLAM INDUSTRIES LIMITED",B,STK,2219.9,2234.7,2219.9,2234.45,2232.8,2223.2,23,242,538400,
526953,"VENUS REMEDIES LTD.",T,STK,704.9,724,678,703.8,714,701.1,120,1459,1015283,
526961,"LAST MILE ENTERPRISES LIMITED",X,STK,4.61,4.99,4.47,4.54,4.54,4.8,300,500797,2367382,
526965,"GUJARAT CRAFT INDUSTRIES LTD.",X,STK,101,101,99,99.5,99.5,101.25,6,32,3188,
526967,"HEERA ISPAT LTD.",X,STK,7.16,7.85,6.26,6.26,6.26,7.15,15,3882,24641,
526971,"DHOOT INDUSTRIAL FINANCE LTD.",X,STK,204.95,204.95,195.6,195.65,198,196.5,56,320,62873,
526981,"SHRI BAJRANG ALLIANCE LIMITED",X,STK,164.55,169.45,163.1,163.55,163.55,164.55,20,550,90250,
526987,"URJA GLOBAL LTD.",B,STK,8.8,9.04,8.71,8.96,8.96,8.9,740,168372,1499825,
527001,"ASHAPURA MINECHEM LTD.",A,STK,510.9,533.9,510.9,522.1,522.1,512.95,774,20055,10540799,
527005,"SHREE PACETRONIX LTD.",X,STK,118,124,114.6,123.15,123.7,118,44,757,91624,
530001,"GUJARAT ALKALIES & CHEMICALS L",B,STK,464,464,451.25,452.45,452.5,459.9,111,746,340745,
530005,"INDIA CEMENTS LTD.",A,STK,390,395.15,381,381.95,381,393.3,402,5445,2099141,
530007,"JK TYRE & INDUSTRIES LTD.",A,STK,441.05,454.8,437.75,452.3,452.3,441.05,4536,131380,58719047,
530017,"STANDARD INDUSTRIES LTD.",B,STK,16,16,14.1,14.11,14.1,13.99,55,18225,258141,
530019,"JUBILANT PHARMOVA LIMITED",A,STK,847.75,852.7,815,817.45,817.45,837.15,562,6327,5250476,
530025,"SAMYAK INTERNATIONAL LTD.",X,STK,15.7,17.48,14,15.02,15.45,16.9,129,17257,252812,
530027,"AADI INDUSTRIES LTD.",XT,STK,8.91,9.81,8.91,9.55,9.55,9.37,25,2753,24606,
530037,"SPARKLE GOLD ROCK LIMITED",XT,STK,62.01,62.01,62.01,62.01,62.01,62.01,1,2,124,
530043,"ACKNIT INDUSTRIES LTD.",X,STK,280,280,280,280,280,272.35,2,5,1400,
530045,"TITAN SECURITIES LTD.",X,STK,38.5,38.5,36.54,36.97,37,36.21,65,9339,347616,
530053,"REAL ECO-ENERGY LIMITED",X,STK,4.6,4.73,4.5,4.53,4.53,4.61,73,9200,42156,
530057,"Vivanza Biosciences Limited",X,STK,1.96,1.97,1.96,1.97,1.97,2,20,23973,47224,
530063,"YASHRAJ CONTAINEURS LTD.",XT,STK,4.18,4.38,4.18,4.36,4.37,4.18,22,32459,141940,
530065,"LORDS ISHWAR HOTELS LIMITED",X,STK,14.99,14.99,14.9,14.9,14.9,14.72,2,9,134,
530067,"CSL Finance Limited",B,STK,275,275,244,245.85,245.85,256.55,100,3836,978614,
530073,"SANGHVI MOVERS LTD.",B,STK,250.5,254.15,243,245.5,243.55,250.45,398,14693,3645629,
530075,"Antelopus Selan Energy Limited",B,STK,542.7,591.15,542.15,591.15,591.15,537.45,1167,23998,13900401,
530077,"PURETROP FRUITS LIMITED",X,STK,174.25,175.9,174.25,175.25,175.25,175,68,7405,1296068,
530079,"FAZE THREE LTD.",T,STK,453.45,460,443.2,452.55,448.15,453.45,13,275,124311,
530095,"PRADHIN LIMITED",Z,STK,0.19,0.2,0.19,0.19,0.19,0.19,586,7415512,1418189,
530109,"ANUPAM FINSERV LIMITED",X,STK,2.26,2.26,2.08,2.11,2.18,2.21,268,258505,550854,
530111,"RAJ PACKAGING INDUSTRIES LTD.",X,STK,28.6,30.7,27.99,29.83,29,26.64,28,1961,56974,
530117,"PRIVI SPECIALITY CHEMICALS LIM",A,STK,2901.05,2931.25,2865,2895.1,2879.95,2915.05,690,4211,12179055,
530119,"NATRAJ PROTEINS LTD.",X,STK,31.15,31.15,31.15,31.15,31.15,31.15,4,53,1650,
530125,"SAMRAT PHARMACHEM LTD.",X,STK,207.5,207.5,202.3,203.2,203,208.55,23,540,110819,
530127,"NPR FINANCE LTD.",X,STK,25,25,22.5,24.21,24.21,23.12,13,721,17486,
530129,"NILE LTD.",X,STK,1684.85,1710,1670,1677.2,1670,1684.85,103,1236,2079488,
530133,"AMCO INDIA LTD.",X,STK,70,70.95,70,70.95,70.95,72.5,11,730,51143,
530135,"OPTIEMUS INFRACOM LTD",B,STK,362.05,391.5,362.05,380,377.95,371.9,349,5623,2143207,
530139,"KREON FINNANCIAL SERVICES LTD.",X,STK,37.59,37.59,31.14,32.5,32.49,32.76,30,6211,202595,
530141,"GYAN DEVELOPERS & BUILDERS LTD",X,STK,32.4,37.8,30.81,37.8,37.8,34.34,9,51,1731,
530145,"KISAN MOULDINGS LTD.",X,STK,27.09,27.1,25.75,25.93,26,27.09,288,80450,2106105,
530163,"KERALA AYURVEDA LTD.",X,STK,219,227.6,209,212.9,212.9,219.05,199,12668,2724979,
530167,"MOONGIPA CAPITAL FINANCE LTD.",X,STK,16,16,15.25,15.98,15.98,15.95,8,28,442,
530171,"DAULAT SECURITIES LTD.",X,STK,30.6,30.6,30,30.59,30.59,30,15,449,13731,
530175,"ODYSSEY TECHNOLOGIES LTD.",X,STK,52.48,52.48,50,50.84,51.97,51.26,20,2651,135008,
530177,"VK Global Industries Limited",X,STK,23,23,23,23,23,23,4,248,5704,
530179,"RSC INTERNATIONAL LTD.",XT,STK,31.55,31.55,29.98,29.98,29.98,31.55,7,1550,46742,
530185,"Surat Trade and Mercantile Lim",X,STK,4.43,4.58,4.41,4.54,4.55,4.4,155,159541,720265,
530187,"ATHARV ENTERPRISES LTD.",X,STK,4,4,3.9,3.91,3.91,4,12,3826,15135,
530197,"FUNDVISER CAPITAL (INDIA) LIMI",XT,STK,306,307,290.7,305.95,304.5,306,42,831,250911,
530199,"THEMIS MEDICARE LTD.",B,STK,80.12,80.26,78.65,79.05,78.65,79.28,90,4189,332486,
530201,"KALLAM TEXTILES LTD",X,STK,2.91,3.1,2.91,3.02,3.02,3,56,48565,142166,
530207,"BRAWN BIOTECH LTD.",X,STK,22.3,22.3,20.27,20.27,20.27,21.24,11,2600,57777,
530213,"FORTUNE INTERNATIONAL LTD.",X,STK,65,65,65,65,65,65,2,3,195,
530215,"KINGS INFRA VENTURES LIMITED",X,STK,124.85,124.85,115.25,118.4,119,119.2,149,11973,1420533,
530217,"SWOJAS FOODS LIMITED",X,STK,13,13,11.92,11.92,11.92,12.54,67,63084,768153,
530233,"AURO LABORATORIES LTD.",XT,STK,290,294,290,291.8,294,290,17,176,51151,
530235,"KJMC FINANCIAL SERVICES LTD.",X,STK,45.69,48.54,44,45.06,45.04,45.69,21,452,20628,
530239,"SUVEN LIFE SCIENCES LTD.",B,STK,134.55,142.4,134.55,138.1,138.15,136.25,232,12355,1716310,
530245,"ARYAMAN FINANCIAL SERVICES LTD",X,STK,639,639,634,634.7,634.8,608.6,8,32,20350,
530249,"BRIDGE SECURITIES LTD.",X,STK,10.8,11.95,10.8,11.74,11.84,10.9,173,132847,1557326,
530251,"RISA INTERNATIONAL LTD.",X,STK,0.43,0.46,0.41,0.42,0.42,0.44,170,755118,328556,
530253,"RAJASTHAN TUBE MANUFACTURING C",XT,STK,18.53,18.53,16.77,18.04,18.4,17.65,22,19054,321405,
530255,"KAY POWER AND PAPER LTD.",X,STK,9,9.44,8.65,9.2,8.96,9,32,1679,14852,
530259,"INTER STATE OIL CARRIER LTD.",X,STK,31.73,35,31.27,33.92,32.6,31.59,35,35403,1195480,
530263,"GLOBAL CAPITAL MARKETS LTD.",X,STK,0.53,0.53,0.51,0.52,0.53,0.51,100,100386,52802,
530265,"SAINIK FINANCE & INDUSTRIES LT",X,STK,38.8,38.8,33.23,36.6,36.85,34.35,30,463,17120,
530267,"ARIGATO UNIVERSE LIMITED",XT,STK,41.5,41.5,41.5,41.5,41.5,39.57,2,150,6225,
530271,"RICH UNIVERSE NETWORK LTD.",X,STK,7.01,7.01,7.01,7.01,7.01,7.37,2,11,77,
530281,"QUANTUM DIGITAL VISION (INDIA)",X,STK,22.61,22.72,22.61,22.72,22.72,22.61,8,307,6950,
530289,"SP CAPITAL FINANCING LTD.",X,STK,57,58.95,57,58.95,58.95,57,6,170,10009,
530299,"KOTHARI PRODUCTS LTD.",B,STK,63.9,63.9,63.9,63.9,63.9,64,1,5,319,
530305,"PICCADILY AGRO INDUSTRIES LTD.",B,STK,530.25,555.05,530.25,544.05,552,534.95,1465,30596,16675546,
530307,"CHAMAN LAL SETIA EXPORTS LTD.",B,STK,258.2,266.3,250.75,251.45,251.05,257,171,4756,1221463,
530309,"CHANDRA PRABHU INTERNATIONAL L",X,STK,11.07,12.73,11.05,12.56,12.54,11.94,130,57884,700516,
530313,"KIMIA BIOSCIENCES LIMITED",X,STK,31,32.4,30,30.26,30.26,30.15,29,1025,31492,
530315,"HINDUSTAN TIN WORKS LTD.",X,STK,111.9,114,110.55,111.7,112.45,111.3,86,7479,832985,
530317,"GODAVARI DRUGS LTD.",X,STK,80,83.9,80,83.02,80.1,77.27,58,4393,362975,
530331,"PREMCO GLOBAL LTD.",X,STK,427.35,427.35,414,415.85,416,415.1,38,1209,503078,
530343,"GENUS POWER INFRASTRUCTURES LT",A,STK,246,265.5,246,257.75,257.75,252.55,601,18755,4876316,
530355,"ASIAN ENERGY SERVICES LTD",B,STK,293.2,293.2,284.35,284.4,284.35,290.5,79,1505,435421,
530357,"KBS INDIA LIMITED",XT,STK,1.28,1.28,1.21,1.23,1.22,1.22,66,15757,19445,
530361,"PRABHHANS INDUSTRIES LIMITED",X,STK,41.49,41.49,37.45,41.39,41.39,41.61,7,23,930,
530363,"UGAR SUGAR WORKS LTD.",B,STK,36.25,37.89,36,36.99,36.9,37.08,205,21642,798596,
530365,"ORIENT BELL LIMITED",B,STK,281.65,281.65,256.75,261.5,265.9,274.8,310,1428,380470,
530367,"NRB BEARINGS LTD.",B,STK,262.75,275.6,259.5,261.35,262.75,262.8,276,7160,1908981,
530369,"VAMSHI RUBBER LTD.",X,STK,41.1,46,41.1,45.7,45.9,44,10,592,26948,
530377,"NILA INFRASTRUCTURES LTD.",B,STK,7.75,7.8,7.51,7.57,7.6,7.8,185,27338,209662,
530393,"DB (INTERNATIONAL) STOCK BROKE",B,STK,25.5,26.55,25.25,25.25,25.25,25.78,6,15,385,
530401,"VINYOFLEX LTD.",X,STK,45.7,45.7,44.55,44.75,44.75,45.7,15,923,41346,
530405,"JINDAL CAPITAL LTD.",X,STK,31.97,32.5,30.34,32.04,32,31.34,38,367,11804,
530407,"EPIC ENERGY LTD.",X,STK,31.78,31.78,28.01,29.79,29.79,29.14,113,15457,465273,
530419,"SUMEDHA FISCAL SERVICES LTD.",X,STK,34.5,35.9,34,35.44,35.5,34.52,50,5241,183649,
530421,"KUWER INDUSTRIES LTD.",X,STK,9,9,8.29,8.57,8.84,8.99,11,263,2216,
530427,"CHOKSI ASIA LIMITED",X,STK,156.55,160.4,151.15,157.95,157.95,151.65,17,696,109358,
530429,"ASHISH POLYPLAST LTD.",X,STK,32.11,34.9,32,33.29,33.29,32.1,6,434,14157,
530433,"SHIVA GLOBAL AGRO INDUSTRIES L",X,STK,33.78,35,33.5,34.75,35,33.72,14,624,21643,
530439,"SIDDHA VENTURES LTD.",X,STK,4.15,4.89,4,4.05,4.05,4.1,37,12770,56595,
530443,"KIRAN SYNTEX LTD.",XT,STK,16.9,16.9,15.31,15.57,15.31,16.11,6,41,676,
530445,"SUMERU INDUSTRIES LTD.",X,STK,1.85,1.85,1.53,1.53,1.53,1.66,27,1621,2648,
530449,"RUNGTA IRRIGATION LTD.",X,STK,53,53.99,50,50.83,50,53.05,24,558,28677,
530457,"GTT DATA SOLUTIONS LIMITED",X,STK,56.11,58,55.1,56.47,57.2,57.77,235,39971,2246503,
530459,"VALSON INDUSTRIES LTD.",X,STK,26.25,27.2,26.25,26.92,26.92,26.05,5,86,2268,
530461,"SABOO SODIUM CHLORO LTD.",X,STK,12.9,13.2,12.52,12.69,12.69,12.86,65,14383,183488,
530475,"TINNA RUBBER AND INFRASTRUCTUR",B,STK,643.65,662.95,642.05,643.85,649.25,654.6,330,2483,1607723,
530477,"VIKRAM THERMO (INDIA) LTD.",X,STK,150.7,153,150,151.95,151.95,150.3,65,5463,823809,
530495,"STRATMONT INDUSTRIES LIMITED",XT,STK,67.2,67.2,65.16,67.19,67.2,64,31,1161,77971,
530499,"A.K.CAPITAL SERVICES LTD.",X,STK,1525.05,1555.05,1525.05,1531.1,1531.1,1527,18,326,502116,
530517,"RELAXO FOOTWEARS LTD.",A,STK,323.3,327.25,321,321.9,322.6,323.2,630,10253,3320492,
530521,"VIRAT INDUSTRIES LTD.",X,STK,399.1,399.1,386,388.5,390,386.05,16,83,32602,
530525,"RAJNISH RETAIL LIMITED",X,STK,3.4,3.45,3.2,3.33,3.33,3.33,265,195892,644018,
530533,"TERAI TEA CO.LTD.",X,STK,101.35,103.9,97.55,98.5,97.55,103.95,11,125,12386,
530545,"COSCO (INDIA) LTD.",X,STK,189.1,197,189.1,193.4,192,200.5,35,358,69041,
530547,"KEN FINANCIAL SERVICES LTD.",X,STK,10.81,10.81,10.81,10.81,10.81,10.3,1,1,10,
530549,"SHILPA MEDICARE LTD.",A,STK,325,336.9,324.85,332.4,334.95,323,422,10152,3377498,
530555,"PARAMOUNT COMMUNICATIONS LTD.",B,STK,33,33.94,32.45,32.87,32.94,33.4,301,40112,1339655,
530557,"NCL RESEARCH & FINANCIAL SERVI",X,STK,0.42,0.45,0.41,0.44,0.44,0.42,654,2504880,1072058,
530571,"EXPLICIT FINANCE LTD.",X,STK,8.72,9.62,8.72,8.78,8.75,9.17,15,1454,13775,
530577,"LADDERUP FINANCE LTD.",X,STK,52.3,55.25,52,52.33,52,55.88,9,134,7011,
530579,"U. Y. FINCORP LIMITED",B,STK,13.5,13.5,12.87,13.5,13.5,13.6,181,26082,351046,
530585,"SWASTIKA INVESTMART LTD.",X,STK,53.75,54.84,52.11,53.92,53.92,53.75,58,4294,231994,
530589,"PRIMA PLASTICS LTD.",X,STK,112.25,113,111.2,111.6,111.55,112.15,37,2496,279509,
530595,"TELECANOR GLOBAL LTD.",XT,STK,42.43,44.14,42.43,44.14,44.14,42.04,192,72217,3176003,
530601,"JAGSONPAL SERVICES LIMITED",X,STK,49.1,52.85,48.55,52.85,52.85,53,5,102,4961,
530617,"SAMPRE NUTRITIONS LTD.",X,STK,19.77,19.77,18.79,18.96,18.96,19.77,646,278068,5259721,
530621,"Akar Auto Industries Limited",X,STK,98,101.99,95.05,95.35,95.35,96.96,66,6600,630511,
530627,"Vipul Organics Limited",X,STK,202,202,188.95,192.15,193.55,193.5,45,1941,374676,
530643,"ECO RECYCLING LTD.",B,STK,343.75,349.9,341.6,347.35,349.05,339.9,597,12246,4246247,
530655,"Goodluck India Limited",B,STK,1099,1113.25,1075,1079.55,1075,1108.65,236,2090,2290948,
530663,"GOYAL ASSOCIATES LTD.",X,STK,0.85,0.86,0.85,0.86,0.86,0.85,37,38827,33388,
530665,"ZENITH HEALTH CARE LTD.",X,STK,3.01,3.1,3.01,3.05,3.08,3.03,70,9451,28845,
530675,"YORK EXPORTS LTD.",X,STK,65.09,65.09,65.09,65.09,65.09,65.1,3,11,715,
530677,"SUPREME HOLDINGS & HOSPITALITY",B,STK,51.77,52.84,51.76,51.91,51.91,53.79,6,125,6495,
530689,"LYKIS LIMITED",X,STK,55.79,61.8,50.25,50.91,50.91,55.79,1016,255983,13853710,
530695,"PRIME PROPERTY DEVELOPMENT COR",X,STK,22.25,22.25,21.9,22,22,23.35,31,2321,51038,
530697,"Zenlabs Ethica Limited",X,STK,19.9,20.52,19.45,20.5,20.5,20.21,11,426,8512,
530699,"RAJ RAYON INDUSTRIES LIMITED",T,STK,22.6,22.8,22.5,22.8,22.8,22.46,6,61,1377,
530705,"ANIRIT VENTURES LIMITED",XT,STK,41.16,42,41.16,42,42,42,7,1877,78266,
530709,"GOWRA LEASING & FINANCE LTD.",X,STK,84.21,84.79,75.15,78.27,77.03,84.21,22,308,25770,
530711,"JAGAN LAMPS LTD.",X,STK,64,65.47,59,59.95,59.95,58.79,19,219,13144,
530723,"ASIT C.MEHTA FINANCIAL SERVICE",X,STK,119.65,119.65,119.65,119.65,119.65,119.7,2,101,12084,
530733,"ENCODE PACKAGING INDIA LIMITED",X,STK,12.44,12.44,12.44,12.44,12.44,12.44,2,4,49,
530735,"SUPER BAKERS (INDIA) LTD.",X,STK,33.1,33.1,31.45,31.45,31.45,33.1,2,2,64,
530741,"OVOBEL FOODS LTD.",X,STK,149.9,150,136.6,138.3,140,149.9,243,15001,2105571,
530745,"ACS TECHNOLOGIES LIMITED",X,STK,38.77,39.89,38.55,38.61,38.55,39.33,152,68423,2645986,
530747,"CHALLANI CAPITAL LIMITED",X,STK,21.5,21.5,21.5,21.5,21.5,20.35,1,1,21,
530755,"CORAL NEWSPRINTS LTD.",X,STK,10.45,10.45,9.93,9.93,9.93,10.45,2,2,20,
530759,"STERLING TOOLS LTD.",B,STK,206,208.65,202.65,203.6,202.8,206.1,79,1413,290890,
530765,"AGARWAL FORTUNE INDIA LIMITED",X,STK,21.99,21.99,20.9,20.9,20.9,22,3,12,258,
530779,"DYNAMIC PORTFOLIO MANAGEMENT &",X,STK,26.41,26.41,24.3,26.4,26.4,25.16,4,128,3127,
530789,"CEEJAY FINANCE LTD.",X,STK,164,164,164,164,164,156.5,1,1,164,
530795,"SUNCITY SYNTHETICS LTD.",XT,STK,11.65,11.65,11.65,11.65,11.65,11.65,1,28,326,
530797,"SHREE GANESH ELASTOPLAST LTD.",X,STK,13.91,14.6,13.91,14.6,14.6,13.91,5,502,7328,
530799,"ANNA INFRASTRUCTURES LTD.",X,STK,29.22,29.22,26.45,29.16,29.18,27.84,30,1842,50917,
530803,"Bhageria Industries Limited",B,STK,152,154,148.95,153.05,154,152,112,2965,451405,
530805,"ONESOURCE INDUSTRIES AND VENTU",X,STK,6.75,7,6.6,6.97,7,6.72,144,68566,473165,
530809,"BNR UDYOG LTD.",X,STK,40,40,37.98,39,39,38.56,5,10,389,
530813,"KRBL LTD.",A,STK,326.05,344.25,317.2,318.4,319.2,333.1,1333,43899,14461232,
530821,"SSPDL LTD.",XT,STK,15.17,15.17,15.17,15.17,15.17,15.96,4,1531,23225,
530825,"DAIKAFFIL CHEMICALS INDIA LTD.",X,STK,42.91,42.91,40.57,40.57,40.57,42.7,39,18877,765872,
530829,"CIL SECURITIES LTD.",X,STK,38.99,38.99,36.75,36.75,36.75,36.9,4,40,1525,
530839,"CLIO INFOTECH LTD.",XT,STK,5.9,6.14,5.9,6.14,6.14,6.15,2,126,771,
530843,"CUPID LTD.",B,STK,415.25,419.05,398.4,402,402,405.2,4348,240084,98372769,
530845,"SUNSHIELD CHEMICALS LTD.",X,STK,852.95,852.95,800,819.05,818,852.2,205,15861,12961417,
530853,"HIPOLIN LTD.",X,STK,54.99,54.99,50,50.07,50,52.5,6,237,11913,
530855,"GDL LEASING & FINANCE LTD.",XT,STK,97.1,97.1,97.1,97.1,97.1,99.05,4,25,2427,
530871,"Chembond Material Technologies",B,STK,135.5,140.55,135.5,140.55,140.55,140,3,54,7552,
530879,"CAPITAL INDIA FINANCE LIMITED",B,STK,30.8,30.82,29.18,29.61,29.5,30.28,1040,124963,3740047,
530881,"Arunjyoti Bio Ventures Limited",X,STK,7.59,8,6.96,7.85,8,7.37,290,462786,3549069,
530883,"SUPER CROP SAFE LTD.",X,STK,7.9,8.35,7.5,7.77,7.95,7.9,97,22360,176486,
530897,"N.G.INDUSTRIES LTD.",X,STK,139.1,142.05,135.2,135.4,135.2,150,14,399,54550,
530899,"ASIA PACK LTD.",X,STK,39.53,39.53,36.83,36.83,36.83,38.75,3,53,2022,
530907,"SI CAPITAL & FINANCIAL SERVICE",X,STK,39,39,39,39,39,40.5,1,10,390,
530909,"ERP SOFT SYSTEMS LTD.",X,STK,49,51.87,49,50.07,51.87,49.4,7,50,2500,
530917,"R.R.SECURITIES LTD.",P,STK,28.45,28.45,28.45,28.45,28.45,29.9,2,200,5690,
530919,"REMSONS INDUSTRIES LTD.",B,STK,110.3,110.3,107.65,107.85,107.65,109.4,693,36369,4002452,
530925,"RAMSONS PROJECTS LTD.",XT,STK,116.15,118.9,111,113.7,115,116.7,24,507,57342,
530931,"STANPACKS (INDIA) LTD.",X,STK,11.23,11.23,11.23,11.23,11.23,10.7,3,366,4110,
530943,"Aqylon Nexus Limited",B,STK,117,119.75,108.35,108.4,108.4,114.05,668,78797,9132395,
530951,"RAMINFO LIMITED",X,STK,54.6,58.9,54.6,57.01,57.51,57.93,47,7370,429987,
530953,"SUNIL AGRO FOODS LTD.",X,STK,90,94.37,90,93.91,94.37,90,4,4,371,
530959,"DIANA TEA CO.LTD.",X,STK,26.42,26.42,25.5,26.15,26.2,25.44,18,1191,30764,
530961,"Vikas EcoTech Limited",B,STK,1.33,1.38,1.32,1.34,1.34,1.33,392,249891,338265,
530965,"INDIAN OIL CORPORATION LTD.",A,STK,172.85,173,168,168.6,168.6,171.5,9823,685248,116611357,
530973,"ALFA ICA (INDIA) LTD.",X,STK,74.03,81,74.03,79.5,79.5,74.4,15,720,53854,
530977,"Shri Keshav Cements and Infra",X,STK,149,151,149,150,150,151,8,752,112309,
530979,"INDIA HOME LOAN LTD.",X,STK,33.5,36.25,33.5,35.9,35.95,36.03,36,1755,62697,
530991,"ROOPA INDUSTRIES LTD.",X,STK,43,47,41,42.63,42.64,41.69,42,3115,130589,
530993,"SARTHAK GLOBAL LTD.",X,STK,38.74,42.6,38.74,42.25,42.25,40.77,8,171,7239,
530997,"UNIQUE ORGANICS LTD.",X,STK,94,94,89.1,89.85,89.85,90.19,29,1811,164342,
530999,"BALAJI AMINES LTD.",B,STK,1072.55,1077.65,1040,1044.8,1040,1072.6,363,3352,3556956,
531003,"SWARNA SECURITIES LTD.",X,STK,83.94,89.93,83.94,85,85,85.65,4,5,428,
531015,"VENMAX DRUGS AND PHARMACEUTICA",X,STK,25.21,27.45,22.61,23.11,23.9,25,39,1936,46110,
531017,"ARIHANTS SECURITIES LTD.",X,STK,19.99,19.99,19,19.29,19.37,18.17,16,955,18523,
531025,"VISAGAR FINANCIAL SERVICES LTD",X,STK,0.33,0.34,0.32,0.34,0.34,0.33,272,421968,140071,
531027,"LIBORD SECURITIES LTD.",X,STK,17,17,17,17,17,17,1,2,34,
531033,"REGAL ENTERTAINMENT & CONSULTA",XT,STK,24.06,25.26,24.06,25.26,25.26,24.06,23,1756,43982,
531035,"ERAAYA LIFESPACES LIMITED",T,STK,25.98,25.98,25.01,25.25,25.11,25.98,367,1170886,29560020,
531041,"COMPETENT AUTOMOBILES CO.LTD.",X,STK,362.25,374.85,358.3,362.6,358.3,362.25,29,450,164036,
531043,"DHANVANTRI JEEVAN REKHA LTD.",X,STK,23.3,23.7,23.3,23.7,23.7,23.28,3,101,2353,
531049,"NEELKANTH ROCKMINERALS LTD.",Z,STK,18.88,18.88,18.88,18.88,18.88,18,2,6,113,
531067,"CONTIL INDIA LTD.",X,STK,27.7,27.7,25.5,26.06,26.25,26.23,60,10148,266588,
531069,"VIJAY SOLVEX LTD.",X,STK,504.9,554.95,480,540.55,540.55,467.1,503,9644,5105759,
531080,"SHRI KRISHNA DEVCON LTD.",X,STK,37.99,37.99,32.02,37.33,37.85,34.84,23,1047,37925,
531082,ALANKIT,B,STK,7.91,8.24,7.82,7.93,7.99,7.91,176,23141,184812,
531083,"NIHAR INFO GLOBAL LTD.",XT,STK,6.25,6.25,5.94,5.94,5.94,6.25,6,1600,9628,
531091,"UNITED CREDIT LTD.",X,STK,27,27.99,27,27.99,27.99,27.86,6,121,3267,
531092,"OM INFRA LIMITED",B,STK,80.6,81.5,80.01,80.46,81.18,80.46,196,12748,1024495,
531099,"Checkpoint Trends Limited",X,STK,57,59.33,53.69,53.69,53.69,56.51,378,139205,8039818,
531109,"Ishan Dyes and Chemicals Limit",B,STK,61.7,61.7,61.7,61.7,61.7,58.59,3,100,6170,
531111,"GOTHI PLASCON (INDIA) LTD.",P,STK,35.51,36.69,35.51,36.69,36.69,37,2,200,7220,
531112,"BALU FORGE INDUSTRIES LIMITED",A,STK,460,472.4,456,457.55,457.55,461.9,851,24962,11579891,
531119,"CEENIK EXPORTS (INDIA) LTD.",X,STK,265.9,265.9,238.8,240.05,254.95,238.8,35,503,127269,
531120,"PATEL ENGINEERING LTD.",A,STK,25.98,26.39,25.81,25.89,25.89,26.06,1646,160508,4180742,
531126,"KATI PATANG LIFESTYLE LIMITED",X,STK,23.99,24,22.41,22.57,23.42,23.58,81,45148,1040991,
531129,"INANI MARBLES & INDUSTRIES LTD",X,STK,11.99,11.99,11.5,11.98,11.99,11.99,9,1500,17496,
531137,"GEMSTONE INVESTMENTS LTD.",X,STK,1.47,1.54,1.4,1.43,1.52,1.47,89,24682,36814,
531144,"EL FORGE LTD.",X,STK,14.99,15.25,14.63,14.86,14.86,14.49,66,13510,201841,
531146,"MEDICAMEN BIOTECH LTD.",B,STK,299.3,299.3,288.1,291.5,288.1,294.7,111,2717,803491,
531147,"ALICON CASTALLOY LIMITED",B,STK,742.6,743,724.5,726.05,724.5,745.5,20,189,139635,
531153,"DILIGENT INDUSTRIES LTD.",X,STK,2.24,2.24,2.17,2.23,2.23,2.24,138,40308,89411,
531155,"EPSOM PROPERTIES LTD.",X,STK,6.53,6.53,5.91,5.91,5.91,6.22,2,2,12,
531156,"ALFAVISION OVERSEAS (INDIA) LT",X,STK,4.33,4.6,3.98,4.6,4.6,3.84,65,46623,206825,
531157,"ORGANIC COATINGS LTD.",X,STK,17,17.37,16.02,16.5,16.5,16.55,8,5549,95805,
531161,"ABM KNOWLEDGEWARE LTD.",X,STK,242.45,244,231.2,235.05,235.05,229.8,41,1571,371666,
531162,"EMAMI LTD.",A,STK,471.85,471.85,454.35,458.65,458.65,472.65,1172,21213,9841232,
531163,"KEMISTAR CORPORATION LIMITED",X,STK,68,73.9,66.8,73.71,73.44,68,26,1107,76817,
531168,"ASSOCIATED CERAMICS LTD.",X,STK,185.1,199.9,185.1,199.9,199.9,200,9,22,4087,
531169,"SKP SECURITIES LTD.",X,STK,97.6,99.55,97.35,97.5,99.55,99.55,8,246,23981,
531173,"SYSCHEM (INDIA) LTD.",X,STK,49.29,49.29,45.42,45.91,47.15,47.21,75,4937,231611,
531176,"MEFCOM CAPITAL MARKETS LTD.",X,STK,10.87,10.95,9.75,10.29,10.75,10.58,62,11418,119303,
531178,"HEMANG RESOURCES LIMITED",X,STK,12.85,13.19,12,12.56,12.56,12.53,19,4191,51224,
531179,"ARMAN FINANCIAL SERVICES LTD.",B,STK,1423.35,1453.05,1379.4,1384.6,1416,1423.35,309,2213,3111202,
531190,"EFORU ENTERTAINMENT LIMITED",X,STK,93.2,93.2,90,90.05,91.99,88.82,105,3930,354858,
531199,"GLANCE FINANCE LTD.",X,STK,190.1,200,190.1,200,200,198,4,301,57230,
531201,"SHILCHAR TECHNOLOGIES LTD.",B,STK,3750,3923.55,3750,3811.5,3811.5,3843.6,446,2447,9392279,
531205,"SPRIGHT AGRO LIMITED",XT,STK,0.57,0.58,0.56,0.57,0.57,0.57,1064,2267991,1296882,
531209,"NUCLEUS SOFTWARE EXPORTS LTD.",B,STK,761,772,754,761.6,765,772.7,209,1740,1331251,
531210,"COLINZ LABORATORIES LTD.",XT,STK,44.01,44.01,41.85,41.85,41.85,44.01,12,380,16200,
531212,"NALIN LEASE FINANCE LTD.",X,STK,48.85,49,48,48.7,48.7,46.89,7,17,829,
531213,"Manappuram Finance Ltd",A,STK,265.95,270.1,262.1,262.85,262.85,267.3,2392,102776,27316353,
531215,"RTS POWER CORPORATION LTD.",X,STK,111,113.35,108.7,109.35,112.9,111.6,43,2793,309869,
531216,"COMFORT INTECH LTD.",X,STK,6.72,7.03,6.58,6.79,6.8,6.71,362,102641,697287,
531219,"Shyama Computronics and Servic",P,STK,3.35,3.35,3.35,3.35,3.35,3.52,1,100,335,
531221,"MAYUR FLOORINGS LTD.",XT,STK,15.31,15.31,15.31,15.31,15.31,16.11,3,38,581,
531223,"ANJANI SYNTHETICS LTD.",X,STK,23.4,23.6,22.65,23.5,23.49,23.39,34,3046,71198,
531225,"XTGLOBAL INFOTECH LIMITED",B,STK,38.75,38.75,34.21,35.62,35.62,36.83,293,17969,646084,
531227,"DECO-MICA LTD.",X,STK,61,61,56.43,60.96,60.96,58.19,12,918,54152,
531228,"RANDER CORPORATION LTD.",X,STK,9.67,10.04,9.67,10.04,10.04,9.85,10,4552,44848,
531233,"RASI ELECTRODES LTD.",X,STK,12.87,12.87,12.2,12.5,12.5,12.5,54,14534,181667,
531234,"SCOOBEE DAY GARMENTS (INDIA) L",X,STK,70.26,72.98,70.25,70.25,70.25,70.12,21,1365,95916,
531235,"CITIPORT FINANCIAL SERVICES LT",XT,STK,42.9,42.9,40.85,42.86,42.86,40.89,15,1077,46146,
531237,"DHRUVA CAPITAL SERVICES LTD.",XT,STK,215,225.8,205.3,218.65,225.8,215.05,27,5340,1101429,
531241,"LINC LIMITED",B,STK,105.5,107.8,103.85,104.35,104.05,105.45,24,300,31532,
531246,"PRIMA INDUSTRIES LTD.",X,STK,18.5,19.42,17.58,18.72,19.42,18.5,7,129,2414,
531253,"INDIA GELATINE & CHEMICALS LTD",X,STK,340,344.45,333,337.25,343.2,339.2,66,1418,477369,
531254,"Optimus Finance Limited",X,STK,13.69,13.75,13.5,13.68,13.55,13.69,105,56048,763993,
531255,"PARAGON FINANCE LTD.",X,STK,61.7,61.7,46.45,48.5,48.5,51.45,16,305,15224,
531257,"PRATIKSHA CHEMICALS LTD.",X,STK,18.4,18.4,15.92,16.54,16.49,17.01,107,122995,2013250,
531259,"ESHA MEDIA RESEARCH LIMITED",X,STK,24.66,25.99,24.66,24.99,24.66,25.95,6,526,12999,
531260,"Refex Renewables & Infrastruct",X,STK,249.55,262,249.55,262,262,249.55,15,281,72280,
531262,"EQUILATERAL ENTERPRISES LIMITE",X,STK,22,22,22,22,22,22,1,10,220,
531266,"V.S.T.TILLERS TRACTORS LTD.",B,STK,5441.5,5463.85,5269.1,5326.1,5310,5461.9,260,1399,7475662,
531268,"B2B SOFTWARE TECHNOLOGIES LTD.",XT,STK,43.8,43.87,42.83,43.87,43.87,41.79,104,10105,442665,
531273,"RADHE DEVELOPERS (INDIA) LTD.",X,STK,1.42,1.54,1.42,1.53,1.53,1.42,227,331575,498024,
531274,"KINETIC TRUST LTD.",XT,STK,39.42,43.55,39.42,43.54,43.54,41.49,11,1103,43494,
531278,"Elixir Capital Limited",X,STK,100,100,93.5,94.1,98.45,96.5,33,402,38345,
531279,"Trishakti Industries Limited",X,STK,131.9,134.9,131.9,132.35,131.9,131.9,64,6411,856837,
531280,"PANKAJ POLYMERS LTD.",XT,STK,62.97,62.97,60,62,62,59.98,21,871,53896,
531281,"MARBLE CITY INDIA LIMITED",X,STK,100.85,100.95,94.55,96,100.95,99.05,25,762,73151,
531283,"CINDRELLA FINANCIAL SERVICES L",X,STK,9.96,9.96,9.96,9.96,9.96,9.96,1,3,29,
531287,"NATIONAL PLASTIC TECHNOLOGIES",X,STK,256,256,237.2,239.8,237.2,247.3,48,449,109305,
531288,"LEAD FINANCIAL SERVICES LTD.",X,STK,21.2,21.2,21.2,21.2,21.2,21.25,1,1,21,
531289,"NATIONAL FITTINGS LIMITED",X,STK,170,170,158,160.35,165,164.3,26,1902,305182,
531297,"ARTEFACT PROJECTS LTD.",X,STK,61.88,61.88,60.06,61.34,61.87,61.06,6,227,13843,
531301,"TUSALDAH LIMITED",X,STK,135.85,135.85,135.2,135.2,135.2,129.4,2,2,271,
531306,"DHP INDIA LTD.",X,STK,491,500,487.6,494,489.05,485.15,25,2336,1154060,
531307,"RRIL LIMITED",X,STK,17.12,17.23,16.65,16.88,16.9,16.92,55,11395,192581,
531310,"AVAILABLE FINANCE LTD.",X,STK,140.85,140.85,136.55,137.55,137.55,138.75,66,3727,514923,
531314,"INTEGRA CAPITAL LIMITED",X,STK,13.9,14.5,13.9,14.5,14.5,14.5,3,42,595,
531319,"MARUTI GLOBAL INDUSTRIES LIMIT",X,STK,40.9,42.13,38.31,38.5,38.5,40.9,20,457,18657,
531322,"SRI HAVISHA HOSPITALITY INFRAS",B,STK,1.52,1.52,1.46,1.5,1.5,1.48,39,2339,3503,
531328,"KRETTO SYSCON LIMITED",X,STK,0.82,0.85,0.79,0.82,0.83,0.82,471,1194265,987431,
531334,"VIKALP SECURITIES LTD.",X,STK,30.54,30.54,30.54,30.54,30.54,30.69,1,61,1862,
531335,"ZYDUS WELLNESS LTD.",A,STK,378,386.6,378,381.15,380.45,381.9,254,2748,1051870,
531338,"MILESTONE GLOBAL LTD.",X,STK,18,18,17.91,17.91,17.91,18.85,4,553,9909,
531340,"BERVIN INVESTMENT & LEASING LT",X,STK,58.8,58.8,55,55,55,56,3,101,5558,
531344,"CONTAINER CORPORATION OF INDIA",A,STK,477.6,489,476.65,479.4,479.4,480.3,2139,47427,22986859,
531349,"PANACEA BIOTEC LTD.",B,STK,331.45,331.45,318.25,320.25,321,320.35,352,14292,4591809,
531352,"PEETI SECURITIES LTD.",X,STK,21,21,21,21,21,21,1,106,2226,
531357,"MERCURY EV-TECH LIMITED",B,STK,32,33.45,31.5,31.88,32.12,32.27,837,153328,4950379,
531358,"CHOICE INTERNATIONAL LTD.",A,STK,694.6,718,692.95,704.2,702,688,1479,62233,44072790,
531359,"SHRIRAM ASSET MANAGEMENT CO.LT",X,STK,302,302,283,284.2,283,295.85,193,8440,2433267,
531360,"GOLECHHA GLOBAL FINANCE LTD.",X,STK,26,27.3,26,27.3,27.3,26,4,300,7968,
531364,"Ekansh Concepts Limited",X,STK,185,185,164.95,169.75,169.75,182.75,197,14584,2474711,
531370,"SPARC ELECTREX LIMITED",X,STK,4.78,4.78,4.5,4.5,4.5,4.78,18,2162,9774,
531373,"THE BYKE HOSPITALITY LTD.",B,STK,41.65,41.65,40.5,41.37,41.37,41.31,19,708,29253,
531381,"ARIHANT FOUNDATIONS & HOUSING",B,STK,1004,1095.55,990,1073.95,1095.55,997.3,102,3624,3810467,
531387,"HASTI FINANCE LTD.",X,STK,8.6,8.6,8.28,8.28,8.28,8.44,2,93,798,
531390,"UPSURGE INVESTMENT & FINANCE L",X,STK,72.7,72.7,70.5,71,71,71,11,2435,176238,
531395,"PADAM COTTON YARNS LTD.",X,STK,2.21,2.29,2.21,2.24,2.24,2.21,425,212168,476192,
531396,"WOMEN NETWORKS LTD.",X,STK,9.1,9.1,9.1,9.1,9.1,8.68,4,38,345,
531397,"POLYCON INTERNATIONAL LTD.",X,STK,27,27,26.97,26.97,26.97,25.79,8,130,3509,
531398,"SOURCE NATURAL FOODS & HERBAL",X,STK,123.05,123.65,123,123.35,123.35,130,10,65,8001,
531399,"G.G.AUTOMOTIVE GEARS LTD.",X,STK,176.8,177.6,170.1,173.45,173.45,172.6,146,19453,3369712,
531400,"ALMONDZ GLOBAL SECURITIES LTD.",B,STK,14.81,15.49,14.6,14.83,15.2,14.81,72,8207,122343,
531402,"LWS KNITWEAR LTD.",X,STK,14.85,15.93,14.85,15.83,14.85,14.94,54,6181,96302,
531406,"ANS INDUSTRIES LTD",XT,STK,17,17,17,17,17,17,4,560,9520,
531411,"TUNI TEXTILE MILLS LTD.",XT,STK,0.99,0.99,0.96,0.99,0.99,0.95,149,302886,297371,
531412,"RADIX INDUSTRIES (INDIA) LIMIT",XT,STK,188.55,188.55,187.25,187.9,187.55,186.9,4,26,4884,
531416,"NARENDRA PROPERTIES LTD.",X,STK,36,36,31.08,33.62,33.75,33.01,26,1007,31980,
531417,"MEGA CORPORATION LTD.",X,STK,2.13,2.27,2.13,2.18,2.16,2.24,111,30773,67916,
531426,"TAMIL NADU NEWSPRINT & PAPERS",B,STK,136,138,135.75,137,137,138.1,27,6109,841478,
531431,"SHAKTI PUMPS (INDIA) LTD.",A,STK,495.45,501.25,488.25,494.05,494.05,490.95,1343,41729,20584893,
531432,"SYSTEMATIX SECURITIES LTD.",XT,STK,13.15,13.15,12.03,13.14,13.15,12.55,7,502,6543,
531436,"SAFFRON INDUSTRIES LIMITED",X,STK,29.5,31.14,29.2,31.14,31.14,29.66,57,6738,203000,
531437,"Prakash Woollen & Synthetic Mi",X,STK,23.55,23.55,23.19,23.19,23.19,23.55,8,235,5456,
531439,"AION-TECH SOLUTIONS LIMITED",B,STK,38.5,40.24,38.5,40.21,40.18,39.58,34,5597,221624,
531449,"GRM OVERSEAS LTD.",B,STK,160.3,161.6,152.8,158.8,158.8,161.85,402,43195,6756525,
531453,"MOHIT INDUSTRIES LTD.",B,STK,23.75,24.5,23.65,24.4,24.4,24.61,5,116,2796,
531454,"POLYLINK POLYMERS (INDIA) LTD.",X,STK,17.75,19.5,17.5,19.02,19.02,17.48,54,1778,33035,
531456,"MINAXI TEXTILES LTD.",X,STK,1.55,1.55,1.5,1.5,1.5,1.55,15,1848,2813,
531465,"NOUVEAU GLOBAL VENTURES LTD.",X,STK,0.49,0.49,0.49,0.49,0.49,0.49,10,1501,735,
531471,"DUKE OFFSHORE LTD.",X,STK,19.26,19.26,18.06,19.26,19.26,18.35,243,40129,756345,
531472,"CYBELE INDUSTRIES LTD.",XT,STK,66.54,66.54,66.54,66.54,66.54,63.38,16,1327,88298,
531486,"FILMCITY MEDIA LTD.",XT,STK,1.78,1.78,1.78,1.78,1.78,1.77,3,653,1162,
531489,"CG-VAK SOFTWARE & EXPORTS LTD.",X,STK,194,196.6,190.65,190.85,190.7,193.5,60,2689,514765,
531494,"NAVKAR URBANSTRUCTURE LIMITED",B,STK,1.12,1.17,1.08,1.08,1.08,1.13,7873,29225242,33181161,
531495,"BLUE COAST HOTELS LTD.",B,STK,19.5,21.16,19.5,21.16,21.16,20.16,70,918,19009,
531497,"MADHUCON PROJECTS LTD.",B,STK,4.42,4.86,4.42,4.42,4.42,4.65,19,3134,13897,
531499,"SYBLY INDUSTRIES LTD.",XT,STK,1.86,1.86,1.86,1.86,1.86,1.85,4,1300,2418,
531500,"RAJESH EXPORTS LTD.",Z,STK,123.25,126.9,119.1,119.4,119.8,125.35,1044,35221,4231488,
531502,"ESAAR (INDIA) LTD.",X,STK,9.74,9.74,9.74,9.74,9.74,9.93,10,348,3389,
531503,"MARIS SPINNERS LTD.",X,STK,29,30.19,28,29.53,29.9,28.98,14,750,21792,
531506,"SHUKRA BULLIONS LTD.",XT,STK,31.1,32.5,29.56,32.5,32.5,31.1,5,299,9669,
531508,"EVEREADY INDUSTRIES INDIA LTD.",B,STK,327.4,327.4,318,320.05,320.05,325.8,30,512,164072,
531509,"STEP TWO CORPORATION LTD.",X,STK,31.97,31.97,30.45,30.45,30.45,30.45,3,603,18365,
531512,"ORIENT TRADELINK LTD.",X,STK,17.15,18.21,16.7,17.46,17.5,16.91,166,111045,1926143,
531518,"VIKAS PROPPANT & GRANITE LTD.",Z,STK,0.3,0.3,0.28,0.29,0.3,0.29,99,528039,154727,
531525,"ACE SOFTWARE EXPORTS LTD.",X,STK,210,225,206.3,214.35,214.35,213.2,163,26345,5657399,
531529,"SOFTRAK VENTURE INVESTMENT LTD",X,STK,1.73,1.81,1.73,1.81,1.81,1.73,45,22784,40839,
531531,"HATSUN AGRO PRODUCT LTD.",A,STK,918.2,918.2,896.6,909.75,913,908.1,177,882,798651,
531533,"ACCEDERE LIMITED",X,STK,54.89,55.63,52.55,55.63,55.63,58.29,64,3946,215768,
531537,"MIZZEN VENTURES LIMITED",XT,STK,167.85,175.4,159,175.3,175.4,167.05,46,4119,718390,
531539,"RISHABH DIGHA STEEL & ALLIED P",X,STK,32.01,33.4,30.11,33.4,33.4,33.45,17,1304,41081,
531540,"MARUTI INFRASTRUCTURE LTD.",X,STK,8.71,9.42,8.45,9.09,9.4,8.84,126,15588,138111,
531541,"KOBO BIOTECH LIMITED",Z,STK,2.33,2.33,2.33,2.33,2.33,2.28,3,41,95,
531543,"JINDAL WORLDWIDE LTD.",B,STK,23,23.78,22.5,22.7,22.7,23.01,205,17606,403889,
531548,"SOMANY CERAMICS LTD.",B,STK,370.05,387.2,370.05,375.45,376.05,374.55,130,2630,994663,
531550,"JHAVERI CREDITS & CAPITAL LTD.",X,STK,173.5,194.4,173,187.3,187.95,168.45,126,4947,897895,
531552,"RAGHUNATH TOBACCO CO.LTD.",X,STK,14.85,14.85,14.02,14.29,14.29,14.62,16,1646,23502,
531553,"DISHA RESOURCES LIMITED",X,STK,22.45,22.8,20,22.04,22.5,22.8,95,118033,2513564,
531556,"CORAL INDIA FINANCE & HOUSING",B,STK,33.79,34.24,33.17,33.9,33.29,33.56,18,3078,103513,
531557,"AMIT SECURITIES LTD.",XT,STK,43.91,48.53,43.91,48.53,48.53,46.22,11,1233,54187,
531568,"ASHUTOSH PAPER MILLS LTD.",X,STK,7.04,7.04,7.04,7.04,7.04,7.41,6,2635,18550,
531569,"SANJIVANI PARANTERAL LTD.",X,STK,180,180,169.8,170,170,175.35,81,3618,622098,
531572,"RANJIT SECURITIES LTD.",XT,STK,119.5,119.5,119.5,119.5,119.5,121.9,26,1226,146507,
531574,"VAS INFRASTRUCTURE LTD.",XT,STK,9.32,9.88,9.02,9.88,9.88,9.41,20,7940,74970,
531578,"KMF BUILDERS & DEVELOPERS LTD.",XT,STK,10.21,10.22,10.21,10.22,10.22,9.74,35,89105,910142,
531582,"BERYL SECURITIES LTD.",XT,STK,27.54,27.54,27.54,27.54,27.54,26.23,2,307,8454,
531583,"RAP CORP LIMITED",X,STK,36,37.79,34.46,36.99,36.99,36.27,6,55,2027,
531585,"DEVINE IMPEX LTD.",X,STK,8.94,8.94,8.5,8.5,8.5,8.94,5,193,1680,
531591,"BAMPSL SECURITIES LTD.",X,STK,20,20,19.05,19.89,19.89,19.96,27,2536,49494,
531592,"GENPHARMASEC LIMITED",X,STK,1.16,1.16,1.12,1.12,1.12,1.15,300,234056,265298,
531594,"INCON ENGINEERS LTD.",X,STK,11.77,12.9,11.77,12.9,12.9,12.38,9,732,9381,
531595,"CAPRI GLOBAL CAPITAL LIMITED",A,STK,157,162.3,155.55,161.1,161.95,157.3,783,41741,6679345,
531599,"FDC LTD.",B,STK,368.4,370,360.1,361.85,363.85,368.35,171,1605,587532,
531608,"GORANI INDUSTRIES LTD.",X,STK,66.97,66.97,57.11,57.41,61.93,56.81,18,381,24548,
531609,"KG PETROCHEM LTD.",X,STK,221,221,221,221,221,221,1,1,221,
531616,"STARCOM INFORMATION TECHNOLOGY",XT,STK,74,75,74,75,75,74.79,6,200,14907,
531624,"COUNTRY CONDOS LTD.",B,STK,4.92,5.02,4.91,4.92,4.91,4.99,7,10310,50733,
531626,"OROSIL SMITHS INDIA LTD.",X,STK,4.2,4.35,3.88,4.28,4.28,4.41,48,17160,71526,
531628,"TEJASSVI AAHARAM LIMITED",XT,STK,34.3,34.3,34.27,34.27,34.27,34.96,13,2082,71367,
531633,"LINCOLN PHARMACEUTICALS LTD.",B,STK,622.4,623.35,615.65,617,616,623.35,222,1437,888771,
531635,"SILVER OAK (INDIA) LTD.",XT,STK,84.3,93.11,84.3,91.9,91.9,88.68,21,555,49552,
531637,"PRAVEG LIMITED",B,STK,241.5,242.55,235.05,236.3,236.3,240.7,527,31731,7540505,
531638,"SURAJ LTD.",B,STK,217.95,217.95,217.95,217.95,217.95,219,2,3,653,
531642,"MARICO LTD.",A,STK,777.75,790.3,776.3,785.15,790,779.65,1652,17277,13582972,
531644,"TOKYO FINANCE LTD.",X,STK,20.8,24.15,19,21.12,21.12,21.16,39,3514,75284,
531651,"NATIONAL GENERAL INDUSTRIES LT",X,STK,55.31,56.99,52.01,55.98,55.98,54.74,24,2012,106081,
531652,"UVS HOSPITALITY AND SERVICES L",X,STK,94.84,99.08,89.7,98.48,99.08,90.08,104,16086,1565139,
531658,"ABATE AS INDUSTRIES LIMITED",X,STK,11.04,12.03,11.01,11.83,12,11.46,116,70543,840230,
531661,"HITTCO TOOLS LTD.",X,STK,13.5,13.5,10,10.02,10.02,11.25,30,2800,28408,
531663,"YUVRAAJ HYGIENE PRODUCTS LTD.",X,STK,5.59,5.59,5.59,5.59,5.59,5.33,18,14876,83156,
531667,"RR METALMAKERS INDIA LIMITED",X,STK,25,26.02,24.2,26.01,26.01,26,10,8610,222139,
531668,"VISION CORPORATION LTD.",X,STK,2.75,2.75,2.74,2.74,2.74,2.52,4,1003,2758,
531672,"INANI SECURITIES LTD.",X,STK,23.09,23.14,23.09,23.14,23.14,23.14,5,200,4626,
531673,"ANKA INDIA LTD.",X,STK,25.82,26.9,24.53,24.53,24.53,25.82,111,29018,725140,
531676,"EMROCK CORPORATION LIMITED",XT,STK,268.55,268.55,268.55,268.55,268.55,274,13,822,220748,
531680,"MAYUR LEATHER PRODUCTS LTD.",XT,STK,21.5,21.5,20.45,20.45,20.45,21.5,3,200,4142,
531681,"AMERISE BIOSCIENCES LIMITED",X,STK,0.6,0.6,0.6,0.6,0.6,0.55,15,6974,4184,
531688,"Prithvi Exchange (India) Limit",X,STK,123.95,125,120,124,124,124.55,17,864,104734,
531692,"KHYATI MULTIMEDIA-ENTERTAINMEN",X,STK,3.31,3.31,3.02,3.02,3.02,3.16,8,4592,15170,
531694,"RAINBOW FOUNDATIONS LTD.",XT,STK,46.05,47,45.5,46.3,46.3,47,13,1361,62726,
531716,"TRICOM FRUIT PRODUCTS LIMITED",XT,STK,2.2,2.3,2.09,2.25,2.25,2.2,21,1180,2633,
531717,"Vidhi Specialty Food Ingredien",B,STK,300.7,336,300.7,317.15,318,299.85,888,342475,103052339,
531719,"BHAGIRADHA CHEMICALS & INDUSTR",B,STK,198.05,201.25,197.05,198.45,197.05,201.85,67,1771,353240,
531723,"GACM Technologies Limited",B,STK,0.48,0.5,0.45,0.46,0.46,0.47,194,2331761,1113025,
531726,"PANCHSHEEL ORGANICS LTD.",X,STK,103.35,108,103.2,104.7,104.7,105.5,59,3124,335187,
531727,"MENON PISTONS LTD.",X,STK,56.87,57,56.4,56.45,56.4,56.18,102,11092,627815,
531737,"GREENCREST FINANCIAL SERVICES",X,STK,0.51,0.52,0.5,0.5,0.5,0.51,135,93125,46872,
531739,"GENNEX LABORATORIES LTD.",X,STK,11.03,11.4,10.9,10.99,10.99,11.22,414,195895,2170391,
531744,"GINI SILK MILLS LTD.",X,STK,63.4,63.4,60.77,61.45,61.88,61.45,6,20,1238,
531746,"PRAJAY ENGINEERS SYNDICATE LTD",B,STK,23.25,23.8,22.21,22.22,22.85,22.32,360,12770,297807,
531752,"BIOGEN PHARMACHEM INDUSTRIES L",X,STK,0.63,0.64,0.62,0.63,0.63,0.64,535,793695,501454,
531758,"G.K.CONSULTANTS LTD.",X,STK,10.84,11.45,9.6,11.43,11.43,10.63,13,1862,19565,
531761,"APOLLO PIPES LIMITED",B,STK,346.05,358.05,345.2,348.7,348.1,347.7,152,3700,1304201,
531762,"UNJHA FORMULATIONS LTD.",X,STK,20.9,21,20.11,20.3,20.89,20.8,14,951,19800,
531768,"POLY MEDICURE LTD.",A,STK,1363.75,1404.2,1350.05,1353.4,1359.05,1363.75,1441,17757,24413542,
531769,"PFL INFOTECH LTD.",XT,STK,5.11,5.11,5.11,5.11,5.11,4.87,8,2811,14364,
531771,"SHRADDHA PRIME PROJECTS LTD",X,STK,173.45,176.45,163,169.45,163,168.1,346,43935,7565489,
531778,"KACHCHH MINERALS LTD.",XT,STK,30.6,30.6,27.93,27.95,28,29.4,24,4140,117486,
531779,"PADMANABH ALLOYS & POLYMERS LT",X,STK,15.5,15.75,15.5,15.75,15.75,15.75,6,1221,19038,
531780,"KAISER CORPORATION LIMITED",X,STK,4.68,4.68,4.33,4.54,4.45,4.44,201,1035048,4593894,
531784,"KCL Infra Projects Limited",X,STK,1.32,1.32,1.18,1.28,1.3,1.3,199,189658,242415,
531794,"SESHACHAL TECHNOLOGIES LTD.",XT,STK,105.31,105.31,105.31,105.31,105.31,103.25,6,3478,366268,
531795,"ATUL AUTO LTD.",B,STK,449.45,455.75,444,445.4,444.1,451.75,275,4621,2077547,
531797,"SCAN PROJECTS LTD.",X,STK,90.55,90.55,90.55,90.55,90.55,91,2,29,2625,
531802,"PRERNA INFRABUILD LTD.",X,STK,24.4,25.78,23.11,24.9,24.9,24.52,45,11370,276232,
531810,"METAL COATINGS (INDIA) LTD.",X,STK,57.81,58.08,54.3,54.51,54.5,58.99,26,1861,104237,
531812,"SGN TELECOMS LTD.",X,STK,0.67,0.67,0.64,0.64,0.64,0.67,71,33192,21350,
531814,"TIRUPATI SARJAN LTD.",X,STK,8.85,8.89,8.37,8.6,8.59,8.72,43,16277,141531,
531821,"MUNOTH FINANCIAL SERVICES LTD.",X,STK,28.28,28.28,28.28,28.28,28.28,29.76,2,102,2884,
531822,"RODIUM REALTY LIMITED",X,STK,180,180,180,180,180,167.8,3,70,12600,
531840,"IEC EDUCATION LTD.",XT,STK,36.66,36.66,34.83,35.01,36.2,36.66,48,2890,100781,
531841,"Indus Finance Limited",X,STK,51.22,54,49,50.06,51,51.73,24,2469,123551,
531842,"LAHOTI OVERSEAS LTD.",X,STK,47.9,47.9,44.2,45.42,45.7,46.41,116,34208,1575232,
531845,"ZENITH STEEL PIPES AND  INDUST",B,STK,5.36,5.62,5.22,5.62,5.62,5.36,81,26449,146516,
531847,"ASIAN STAR CO.LTD.",B,STK,614.6,614.85,614.6,614.85,614.85,578.6,3,72,44260,
531859,"ORIENTAL RAIL INFRASTRUCTURE L",B,STK,114.5,122.95,114.5,117.65,118,117.45,777,82697,9890693,
531861,"JOINDRE CAPITAL SERVICES LTD.",X,STK,43.2,43.2,42.25,42.75,42.75,43,11,1493,64096,
531862,"BHARAT AGRI FERT & REALTY LTD.",X,STK,25,26.44,25,25.29,25.5,25.24,103,19208,488351,
531867,"UNITECH INTERNATIONAL LTD.",Z,STK,3.5,3.5,3.5,3.5,3.5,3.68,8,1110,3885,
531869,"SACHETA METALS LTD.",X,STK,3.87,3.99,3.87,3.98,3.98,3.94,107,29552,116969,
531878,"ANJANI FINANCE LTD.",X,STK,11.02,11.02,10.18,10.63,10.88,11.02,28,671,7123,
531888,"REXNORD ELECTRONICS & CONTROLS",X,STK,59,63.68,58.31,59.65,59.1,59,37,1864,113846,
531889,"INTEGRATED INDUSTRIES LIMITED",X,STK,42.29,44,40.5,43.09,43.09,41.82,2140,829857,35810257,
531892,"KHANDWALA SECURITIES LTD.",B,STK,17.34,17.35,17.34,17.35,17.35,17,4,14,242,
531893,"SAWACA ENTERPRISES LIMITED",XT,STK,0.39,0.4,0.38,0.38,0.38,0.39,456,514821,201153,
531900,"CCL INTERNATIONAL LTD.",X,STK,22.11,23.98,22.11,22.36,22.34,23.01,25,1339,30887,
531902,"GALLOPS ENTERPRISE LTD.",XT,STK,21.85,24,21.85,23.61,24,23,5,65,1527,
531909,"CROISSANCE LIMITED",XT,STK,3.34,3.4,3.19,3.2,3.28,3.35,79,22101,72218,
531910,"Madhuveer Com 18 Network Limit",XT,STK,229.25,229.25,228,228,228,239.95,14,874,199898,
531911,"GALAXY AGRICO EXPORTS LTD.",X,STK,46.67,46.67,45.4,45.49,45.4,44.45,6,25,1139,
531913,"GOPAL IRON & STEELS CO.(GUJARA",XT,STK,11.2,11.4,11.2,11.39,11.39,11.42,23,135633,1545866,
531918,"HINDUSTAN APPLIANCES LTD.",X,STK,114.25,114.25,103.7,110.5,110.5,112,16,185,20883,
531921,"AGARWAL INDUSTRIAL CORPORATION",B,STK,479.95,492.3,455.55,462.15,468.2,479.45,312,4289,2002100,
531923,"DHAMPURE SPECIALITY SUGARS LTD",X,STK,116,121.1,116,118.85,116.8,115.4,62,4534,536705,
531925,"SHANTANU SHEOREY AQUAKULT LTD.",X,STK,1.22,1.22,1.2,1.2,1.2,1.22,8,2742,3292,
531928,"GOLDEN CARPETS LTD.",X,STK,9.64,9.64,9.02,9.05,9.05,9.45,8,502,4539,
531930,"SARTHAK INDUSTRIES LTD.",X,STK,28.85,29.5,28.5,28.5,28.5,28.73,4,95,2711,
531931,"SAI CAPITAL LTD.",X,STK,169,170,158,168.65,168.65,164.45,15,126,21174,
531944,"LEXORAA INDUSTRIES LIMITED",X,STK,18.52,19.25,18,19,19,18.52,19,3936,74574,
531950,"VERTEX SECURITIES LTD.",X,STK,3.34,3.79,3.34,3.52,3.5,3.54,75,9322,32859,
531952,"RIBA TEXTILES LTD.",X,STK,71.99,84.7,70.41,75.62,76.89,72.38,99,60795,4496336,
531959,"NEWTIME INFRASTRUCTURE LIMITED",X,STK,1.94,1.94,1.86,1.88,1.87,1.92,133,21541,40869,
531962,"SHREE METALLOYS LTD.",XT,STK,51.82,51.82,46.91,46.91,46.91,49.37,51,3102,146397,
531968,"IITL PROJECTS LIMITED",X,STK,41.01,42.6,39,41.95,41.95,42.6,46,1779,72252,
531977,"CHARTERED LOGISTICS LTD.",X,STK,7.29,7.75,6.81,6.94,7.05,7.16,177,119606,873482,
531978,"AMBIKA COTTON MILLS LTD.",B,STK,1386.6,1391.75,1371.1,1374.9,1371.1,1401.95,19,90,123774,
531979,"HIND ALUMINIUM INDUSTRIES LTD.",XT,STK,93,95.7,91.77,94.95,95.7,91.32,189,9883,933356,
531980,"SENTHIL INFOTEK LTD",XT,STK,30.94,30.94,30.93,30.94,30.94,32.55,10,581,17974,
531982,"SPECTRUM FOODS LTD.",X,STK,12.8,12.99,12.26,12.5,12.5,12.73,64,14655,182383,
531989,"DECCAN POLYPACKS LTD.",XT,STK,37.79,37.79,37.79,37.79,37.79,37.79,3,30,1133,
531991,"AMRAWORLD AGRICO LTD.",X,STK,0.54,0.54,0.48,0.48,0.48,0.52,95,128211,64850,
531994,"AUTO PINS (INDIA) LTD.",X,STK,157,157,154,154,154,154,2,11,1697,
531996,"ODYSSEY CORPORATION LTD.",X,STK,7.56,8.98,7.56,8.25,8.05,7.96,118,24580,202277,
531997,"IKOMA TECHNOLOGIES LIMITED",X,STK,15.7,15.98,15.52,15.95,15.98,15.22,299,71301,1134468,
532001,"INDUCTO STEEL LTD.",X,STK,50.03,54.5,50.03,54.5,54.5,49.78,6,908,49468,
532005,"SAM INDUSTRIES LTD.",X,STK,40.71,40.97,38,40.97,40.97,40.71,11,257,10525,
532011,"VASHU BHAGNANI INDUSTRIES LIMI",X,STK,51.5,53.29,49.01,52.74,52.74,51,636,56088,2857004,
532015,"GRAVITY (INDIA) LTD.",XT,STK,13.4,13.4,12.82,13.04,13.04,13.49,111,49393,636477,
532016,"ESPIRE HOSPITALITY LIMITED",X,STK,298.4,298.4,280,298.4,298.4,298.4,5,202,60258,
532022,"FILATEX FASHIONS LTD.",B,STK,0.2,0.21,0.18,0.19,0.19,0.2,1045,38602413,7525434,
532029,"SINDHU TRADE LINKS LIMITED",B,STK,23.22,25.37,23.22,25.21,25.17,24.71,129,42804,1031451,
532039,"ZENOTECH LABORATORIES LTD.",X,STK,43.49,44.47,43.16,44.1,44,43.04,80,8345,366885,
532041,"HINDUSTAN BIO SCIENCES LTD.",XT,STK,7.99,8.38,7.99,8.38,8.38,7.99,23,2767,22966,
532042,"FRONTLINE CORPORATION LTD.",X,STK,27.45,27.45,26.08,26.11,26.11,27.45,6,130,3394,
532051,"SWELECT ENERGY SYSTEMS LIMITED",B,STK,515.85,526.5,515.85,519,519,511.4,36,476,248666,
532053,"WALLFORT FINANCIAL SERVICES LT",X,STK,78.95,80,75.02,77,77,78.95,36,639,49419,
532054,"KDDL LTD.",B,STK,2391,2438.3,2374.45,2416,2427.35,2408.65,84,4332,10503094,
532056,"Trustedge Capital Limited",XT,STK,153,157,149,150.85,151,152,32,7264,1129391,
532057,"ABHINAV CAPITAL SERVICES LTD.",X,STK,123.9,123.9,123.9,123.9,123.9,115,1,1,123,
532067,"3B BlackBio Dx Limited",B,STK,1252.8,1279.8,1205.1,1252.05,1272,1253.3,429,5814,7212048,
532070,"Sumuka Agro Industries Limited",X,STK,227.15,227.15,206.2,217.1,217.1,214.85,182,56549,12001809,
532090,"Atvo Enterprises Limited",XT,STK,20,20.2,19.78,20.17,20.18,19.72,53,32060,641159,
532092,"EPUJA SPIRITECH LIMITED",XT,STK,1.9,1.9,1.72,1.74,1.8,1.81,97,221758,386026,
532100,"INDO-CITY INFOTECH LTD.",X,STK,12.2,12.99,12.2,12.99,12.99,12.2,25,4033,50744,
532102,"SBEC SUGAR LTD.",X,STK,32.88,33,31.99,32.84,32.89,32.52,34,1192,38717,
532113,"BRIJLAXMI LEASING & FINANCE LT",XT,STK,10.6,10.89,10.11,10.3,10.3,10.64,45,51393,532652,
532123,"BSEL ALGO LIMITED",X,STK,4.91,5.25,4.5,4.63,4.63,5.07,904,595828,2807036,
532124,"RELIABLE VENTURES INDIA LTD.",X,STK,19.81,21.99,19.7,19.78,21.99,19.75,16,1413,27943,
532131,"TRIUMPH INTERNATIONAL FINANCE",X,STK,15.95,15.95,15.95,15.95,15.95,14.51,1,1,15,
532134,"BANK OF BARODA",A,STK,299.9,299.9,294,295.25,295.25,301.75,4174,244363,72548914,
532140,"MOHITE INDUSTRIES LIMITED",X,STK,2.99,2.99,2.73,2.75,2.73,2.88,129,68048,188780,
532141,"ANDHRA CEMENTS LTD.",B,STK,52,54.75,52,53.24,53.13,53.1,39,2831,149121,
532143,"SKM EGG PRODUCTS EXPORT (INDIA",B,STK,161,161,154,154.15,154,159.8,283,18972,2976956,
532144,"WELSPUN CORP LIMITED",A,STK,820,829.1,805.3,807.6,812.8,821,1253,15319,12471892,
532145,"H.S.INDIA LTD.",X,STK,10.93,10.97,10.25,10.47,10.25,10.93,38,44706,482377,
532149,"BANK OF INDIA",A,STK,163.05,164.3,159,159.65,159.65,164.2,4522,388911,62943814,
532150,"INDRAPRASTHA MEDICAL CORP.LTD.",B,STK,397.6,405,395.25,398.65,395.25,397.55,402,8607,3443614,
532154,"JOHNSON PHARMACARE LIMITED",X,STK,0.5,0.5,0.49,0.5,0.5,0.5,395,323995,161135,
532155,"GAIL (INDIA) LTD.",A,STK,156.5,157.8,153.7,155.6,155.6,156.9,7177,716305,111792945,
532156,"VAIBHAV GLOBAL LTD",B,STK,218,219.5,216,217.15,217,219.3,152,27383,5979285,
532159,"TRESCON LIMITED",X,STK,9.1,9.1,9,9,9,8.73,3,54,488,
532160,"GUJARAT STATE FINANCIAL CORPOR",B,STK,10.98,10.98,10.5,10.72,10.76,10.85,101,7595,81532,
532162,"JK PAPER LTD.",A,STK,331.65,339.45,331.65,334.25,334.7,336.25,311,5322,1784814,
532163,"SAREGAMA INDIA LTD.",A,STK,328.4,331.4,319.85,321.1,325.9,328.4,546,48814,15951979,
532164,"MINOLTA FINANCE LTD.",Z,STK,1.13,1.13,1.03,1.07,1.07,1.08,9,50966,57074,
532172,"Adroit Infotech Limited",B,STK,9.65,10.25,9.52,9.66,9.52,9.76,17,121055,1169513,
532173,"CYBERTECH SYSTEMS AND SOFTWARE",B,STK,107,110,104.5,105.9,105.5,104.9,325,5674,612298,
532174,"ICICI BANK LTD.",A,STK,1338,1346.45,1310.7,1313.35,1313.35,1359.45,20026,406974,537994579,
532175,"CYIENT LIMITED",A,STK,878.9,894.25,870,883.9,888,884.95,849,9963,8841606,
532178,"ENGINEERS INDIA LTD.",A,STK,203.7,209.15,203.7,204.75,204.75,204.75,2103,150175,31025593,
532180,"DHANLAXMI BANK LIMITED",B,STK,23.41,23.53,23.21,23.32,23.32,23.32,215,61888,1445530,
532181,"GUJARAT MINERAL DEVELOPMENT CO",A,STK,545.5,556,544.85,546.75,546.75,544.8,3198,147285,81074221,
532183,"GAYATRI SUGARS LTD.",X,STK,8.15,8.55,7.67,8.05,8.05,8.27,329,156098,1267447,
532187,"INDUSIND BANK LTD.",A,STK,927.45,942.4,912.35,916.7,916.7,936.6,1600,26582,24813916,
532189,"INDIA TOURISM DEVELOPMENT CORP",B,STK,490,494,480.95,483.15,483.3,490.5,107,494,239968,
532209,"JAMMU & KASHMIR BANK LTD.",A,STK,121.85,122.75,117.9,118.65,118.25,120.9,2286,327431,39575070,
532210,"CITY UNION BANK LTD.",A,STK,269.45,269.45,258.45,259.85,259.9,268.05,1813,66771,17575137,
532212,"ARCHIES LTD.",B,STK,14.85,15.05,14.55,14.9,14.9,14.58,17,2685,40067,
532215,"AXIS BANK LTD.",A,STK,1345.8,1345.8,1313.25,1315.9,1315.9,1350.7,9719,198361,262752320,
532216,"HB STOCKHOLDINGS LTD.",B,STK,52.7,52.7,50.31,50.31,50.31,52.89,9,173,8970,
532217,"CMX HOLDINGS LIMITED",X,STK,36.39,36.39,33.2,33.93,33.93,34.66,77,19124,685885,
532218,"SOUTH INDIAN BANK LTD.",A,STK,40.04,40.57,39.7,39.81,39.81,40.34,3803,580183,23312213,
532219,"ENERGY DEVELOPMENT COMPANY LTD",B,STK,15.61,16.38,15.61,15.63,15.98,16.1,37,631,9924,
532221,"SONATA SOFTWARE LTD.",A,STK,250.25,252.65,246,246.7,246.7,250.5,952,26897,6664407,
532230,"BENGAL TEA & FABRICS LTD.",X,STK,149.9,149.9,147,147,147,147,4,50,7483,
532234,"NATIONAL ALUMINIUM CO.LTD.",A,STK,392,401.5,387.05,395.6,396.05,395.75,9279,871228,344356899,
532240,"INDIA NIPPON ELECTRICALS LTD.",B,STK,804.9,810.9,790,791.4,790.25,807.5,61,312,249163,
532256,"NALWA SONS INVESTMENTS LTD.",B,STK,5692.5,5879.95,5692.5,5813.7,5813.7,5691,54,161,930845,
532259,"APAR INDUSTRIES LTD.",A,STK,10400.5,10687,10305,10394.65,10325,10428.6,1452,5277,55469922,
532268,"ACCELYA SOLUTIONS INDIA LIMITE",B,STK,1192.1,1249,1184.05,1215.2,1249,1192,246,1929,2338184,
532271,"ORCHASP LIMITED",B,STK,2.34,2.49,2.31,2.46,2.46,2.29,95,24052,58864,
532275,"LANDMARC LEISURE CORPORATION L",X,STK,1.9,1.98,1.82,1.86,1.84,1.91,145,58610,108905,
532281,"HCL TECHNOLOGIES LTD.",A,STK,1354.1,1380.5,1354.1,1356.85,1356.85,1354,3125,147362,201304788,
532284,"TCFC FINANCE LTD.",X,STK,24.94,25.34,23.75,24.22,24.99,24.01,107,18305,452559,
532285,"Geojit Financial Services Limi",B,STK,60,62.23,60,60.56,62.23,61.3,198,14810,902908,
532286,"JINDAL STEEL LIMITED",A,STK,1183.9,1195.95,1176.6,1180,1187,1183.9,1284,14303,16965449,
532290,"BLB LTD.",T,STK,17.44,18,17.4,17.45,17.4,17.8,43,9044,159840,
532296,"GLENMARK PHARMACEUTICALS LTD.",A,STK,2109,2137,2094.2,2122.15,2120.6,2110.2,2349,16795,35639717,
532300,"WOCKHARDT LTD.",A,STK,1313.35,1345.5,1296.3,1298.95,1298.95,1306.1,1331,19016,25058587,
532303,"INTEGRATED HITECH LTD.",X,STK,3.26,3.26,3.26,3.26,3.26,3.26,7,895,2917,
532304,"KJMC CORPORATE ADVISORS (INDIA",X,STK,48.75,48.75,45,45.82,45.82,45,13,505,23174,
532305,"IND-SWIFT LABORATORIES LTD.",B,STK,137.95,140.7,135,137.2,137.2,137.3,395,21854,3023116,
532309,"GE Power India Ltd",T,STK,441.45,462,435,448.15,453,450.45,292,8320,3731116,
532310,"SHREE RAMA MULTI-TECH LTD.",B,STK,49.01,51.64,49.01,49.75,49.7,51.12,99,5873,296688,
532313,"MAHINDRA LIFESPACE DEVELOPERS",A,STK,355.9,359,353.9,356.5,355.75,355.1,194,4954,1764719,
532315,"GROARC INDUSTRIES INDIA LIMITE",X,STK,6,6,5.6,5.64,5.6,5.89,19,4135,23417,
532320,"VAARAD VENTURES LTD",X,STK,9.51,10.5,9.51,9.56,9.56,10,14,215,2235,
532321,"Zydus Lifesciences Limited",A,STK,909.45,919.55,906.8,912.95,910.55,914.45,993,14971,13640177,
532323,"SHIVA CEMENT LTD.",X,STK,17.99,18.07,17.47,17.51,17.52,17.63,271,135261,2393909,
532324,"CINEVISTA LTD.",B,STK,15.45,15.45,15.45,15.45,15.45,15,3,1000,15450,
532326,"INTENSE TECHNOLOGIES LTD.",B,STK,98.5,98.55,95,95,95.3,97,38,1302,125743,
532329,"DANLAW TECHNOLOGIES INDIA LTD.",X,STK,550.5,573,550.5,559.45,560,552.8,103,1980,1105686,
532331,"AJANTA PHARMA LTD.",A,STK,2970,3031,2970,2990.9,2982.5,2974.5,738,2357,7077344,
532332,"CURA TECHNOLOGIES LTD.",T,STK,90,91.5,90,91.5,91.5,90,3,53,4833,
532333,"HB PORTFOLIO LTD.",X,STK,62.45,62.45,58.6,58.6,58.6,57.68,22,2261,133198,
532334,"HB ESTATE DEVELOPERS LTD.",X,STK,68.97,69,67.25,67.27,67.27,68.48,13,550,37866,
532335,"AMBICA AGARBATHIES & AROMA IND",B,STK,23.9,24.1,23.9,24.09,24.05,23.95,3,121,2914,
532339,"COMPUCOM SOFTWARE LTD.",B,STK,13.49,13.54,12.64,13.03,13.11,13.23,77,3396,44285,
532340,"OMNI AXS SOFTWARE LTD.",XT,STK,4.34,4.34,3.97,4.28,4.28,4.17,26,5049,20294,
532341,"IZMO Limited",T,STK,684.4,715,673.05,675.65,683,688.3,200,5228,3626794,
532343,"TVS MOTOR COMPANY LTD.",A,STK,3800,3825.55,3768,3781.65,3780,3820.05,3221,20465,77569087,
532344,"SOFTSOL INDIA LTD.",X,STK,191.2,207,191.05,195.35,191.05,206.15,21,950,191014,
532348,"SUBEX LTD.",B,STK,8.59,8.83,8.36,8.47,8.47,8.55,723,215932,1844970,
532349,"TRANSPORT CORPORATION OF INDIA",B,STK,992.9,992.9,968.5,977.65,978,992.8,83,242,237257,
532350,"PADMALAYA TELEFILMS LTD.",Z,STK,4.36,4.64,4.36,4.38,4.36,4.58,20,7260,32206,
532351,"AKSH OPTIFIBRE LTD.",B,STK,4.26,4.63,4.25,4.5,4.5,4.46,182,56474,254245,
532354,"Virgo Global Limited",X,STK,3.85,4.23,3.74,3.74,3.74,3.85,10,1712,6470,
532355,"PICTUREHOUSE MEDIA LTD.",X,STK,6.38,6.8,5.85,6.33,6.58,6.19,82,14264,90857,
532356,"TRIVENI ENGINEERING & INDUSTRI",A,STK,399.85,399.85,388,390.7,388.1,396.7,445,11949,4703565,
532357,"MUKTA ARTS LTD.",B,STK,50.51,52.5,50.01,52.44,50.01,49.66,8,2052,104253,
532359,"HIT KIT GLOBAL SOLUTIONS LTD.",XT,STK,4.54,4.54,4.54,4.54,4.54,4.33,37,69971,317668,
532362,"NAGPUR POWER & INDUSTRIES LTD.",XT,STK,141,144,140,143.7,143.75,140.65,17,5312,763373,
532365,"DYNACONS SYSTEMS & SOLUTIONS L",B,STK,871.75,890.6,871.75,884.8,884.8,875.35,138,1259,1113669,
532366,"PNB GILTS LTD.",B,STK,77,79.43,76.87,77.28,77.43,77.03,146,7721,598643,
532368,"BRIGHTCOM GROUP LIMITED",T,STK,9.84,10.1,9.61,9.88,9.88,9.84,792,535694,5314384,
532369,"RAMCO INDUSTRIES LTD.",B,STK,281.05,281.05,272,273.2,273.8,281.35,136,1549,427080,
532370,"RAMCO SYSTEMS LTD.",B,STK,417.45,425,402,406.45,406.45,418.95,329,5508,2271744,
532371,"TATA TELESERVICES (MAHARASHTRA",A,STK,39.24,42.1,39.07,40.04,40.04,39.13,3054,647779,26348940,
532372,"Virinchi Limited",B,STK,19.15,20.95,19.15,19.75,19.75,19.15,70,8696,176494,
532373,"WEP SOLUTIONS LTD.",XT,STK,20.97,21.94,20,20.16,21.39,20.97,48,7070,142746,
532374,"STERLITE TECHNOLOGIES LTD.",A,STK,174.6,184.9,174.6,181.25,181.25,173.7,7102,527771,95737799,
532375,"TIPS MUSIC LIMITED",A,STK,512.95,520,506,509.05,520,513.45,186,2305,1177846,
532378,"UNIVERSAL ARTS LTD.",X,STK,5,5,5,5,5,5.2,1,1,5,
532379,"FIRST FINTEC LIMITED",XT,STK,6.42,6.45,6.42,6.45,6.45,6.75,7,2443,15689,
532380,"BABA ARTS LTD.",XT,STK,16.25,16.25,16.25,16.25,16.25,15.94,83,135752,2205970,
532382,"BALAJI TELEFILMS LTD.",B,STK,106.65,107,102.55,104.7,104.05,108.85,604,32198,3356914,
532384,"TYCHE INDUSTRIES LTD.",X,STK,107.3,110.7,106.3,109.75,109.75,107.05,34,3062,330903,
532386,"CALIFORNIA SOFTWARE CO.LTD.",B,STK,13.01,13.24,12.69,12.91,13.16,13.45,40,4372,56813,
532387,"PRITISH NANDY COMMUNICATIONS L",B,STK,23.15,23.5,21.55,21.55,21.55,22.62,11,596,13947,
532388,"INDIAN OVERSEAS BANK",A,STK,34.57,34.57,34,34.07,34.07,34.54,1629,287395,9849772,
532390,"TAJGVK HOTELS & RESORTS LTD.",B,STK,332.55,333.8,330,330.8,330,331.7,150,1818,603709,
532392,"CREATIVE EYE LTD.",B,STK,7,7,6.36,6.44,6.8,6.5,108,18364,122017,
532395,"AXISCADES TECHNOLOGIES LIMITED",B,STK,1499.75,1518.95,1470.5,1477.3,1472.15,1478.15,556,4641,6916501,
532397,"KONNDOR INDUSTRIES LIMITED",X,STK,14.13,14.13,12.8,13.4,14.12,13.46,11,194,2629,
532398,"USHA MARTIN EDUCATION & SOLUTI",B,STK,5,5,4.2,4.3,4.3,4.45,47,5037,21660,
532400,"BIRLASOFT LIMITED",A,STK,378.7,384.85,370.15,372.15,372.15,378.25,857,26741,10101920,
532402,"USG TECH SOLUTIONS LTD.",X,STK,8.19,9.12,7.31,9.02,9.02,7.61,213,115147,1020851,
532404,"SAVEN TECHNOLOGIES LTD.",X,STK,35.89,36.79,35.28,36.47,36.47,35.85,140,3450,124650,
532406,"AVANTEL LTD.",A,STK,142.55,149.5,142.5,144.7,144.7,142.5,1266,92497,13556888,
532407,"MOSCHIP TECHNOLOGIES LIMITED",A,STK,175,175.15,171,171.5,171.5,175.15,2105,136377,23627735,
532408,"SIGMA ADVANCED SYSTEMS LIMITED",B,STK,160.65,162.2,158.85,160.75,160.75,160.65,61,2791,448976,
532410,"TRANSCORP INTERNATIONAL LTD.",X,STK,23.5,25.45,23.5,24.07,24.59,24.15,67,6124,150308,
532413,"CEREBRA INTEGRATED TECHNOLOGIE",Z,STK,4.69,4.95,4.5,4.93,4.93,4.72,72,51618,237366,
532416,"NEXT MEDIAWORKS LTD.",B,STK,5,5.2,5,5.2,5.2,5.05,2,919,4775,
532419,"Smartlink Holdings Limited",B,STK,120,123,113.75,123,123,121.25,15,758,91310,
532424,"GODREJ CONSUMER PRODUCTS LTD.",A,STK,1130.05,1132,1115,1116.75,1118,1131.9,1474,17430,19575093,
532425,"GENUS PRIME INFRA LIMITED",XT,STK,23.62,23.62,22.5,23.62,23.62,22.5,43,4152,95980,
532430,"BF UTILITIES LTD.",Z,STK,486.25,494,480.05,481.95,482,486.25,40,757,366307,
532432,"UNITED SPIRITS LTD.",A,STK,1311.25,1418,1306.75,1387.5,1387.5,1326.35,20771,289764,402135533,
532435,"SANMIT INFRA LIMITED",X,STK,6.5,6.83,6.5,6.61,6.61,6.5,151,20706,137734,
532439,"OLECTRA GREENTECH LIMITED",A,STK,928.9,937.7,906.3,908.4,908.4,928.9,991,19202,17736741,
532440,"MPS LTD.",B,STK,1435.9,1440.5,1390.15,1397.25,1398.95,1414.85,128,808,1140769,
532443,"CERA SANITARYWARE LTD.",A,STK,4702.35,4799,4702.35,4746.25,4746.25,4763.15,115,439,2087243,
532444,"T.SPIRITUAL WORLD LTD.",XT,STK,1.7,1.7,1.7,1.7,1.7,1.7,8,845,1436,
532454,"BHARTI AIRTEL LTD.",A,STK,1906.1,1906.1,1867,1871.45,1871.45,1906.4,4131,90264,170256672,
532455,"SHALIMAR WIRES INDUSTRIES LTD.",X,STK,16.55,17.2,15.6,16.32,16.5,16.85,53,2828,46808,
532456,"COMPUAGE INFOCOM LTD.",Z,STK,1.36,1.36,1.31,1.31,1.31,1.37,30,14532,19251,
532457,"GULSHAN POLYOLS LTD.",B,STK,153.75,161.1,153.75,156.1,156.3,150.6,197,18208,2866288,
532460,"PONNI SUGARS (ERODE) LTD.",B,STK,277,278.25,269.5,275.55,274.2,277.3,39,862,235035,
532461,"PUNJAB NATIONAL BANK",A,STK,121.6,122.4,118.8,119.3,119.3,122,5220,391379,47292569,
532466,"ORACLE FINANCIAL SERVICES SOFT",A,STK,6778.65,6917.7,6694,6714.55,6714.55,6785.15,456,2510,16981542,
532467,"HAZOOR MULTI PROJECTS LTD.",B,STK,30,30.79,29.49,29.71,29.71,30.29,601,264026,7877783,
532468,"KAMA HOLDINGS LIMITED",A,STK,2596.3,2640,2596.3,2616.2,2616.05,2596.3,255,1555,4079267,
532475,"APTECH LTD.",B,STK,83.94,84.01,82,83.19,82.2,83.31,107,4921,407192,
532477,"UNION BANK OF INDIA",A,STK,190.4,193,187.95,188.55,188.55,191.15,3746,346894,66004979,
532478,"UNITED BREWERIES LTD.",A,STK,1659.55,1771,1629.5,1757.65,1736,1646.65,2003,69122,116375740,
532481,"NOIDA TOLL BRIDGE COMPANY LTD.",B,STK,3.87,3.95,3.55,3.83,3.95,3.87,77,10886,41723,
532482,"GRANULES INDIA LTD.",A,STK,573.85,587.15,573.85,576.8,576.8,573.8,1249,25584,14891422,
532483,"CANARA BANK",A,STK,147.25,149.3,145.6,145.9,145.9,148.55,7758,1149363,168739057,
532485,"BALMER LAWRIE INVESTMENTS LTD.",B,STK,72.4,72.4,71.51,71.88,71.88,72,800,193919,13950390,
532486,"POKARNA LTD.",B,STK,871,917.1,871,897,896.05,872.75,146,2585,2323048,
532488,"DIVIS LABORATORIES LTD.",A,STK,6363.5,6426,6251.2,6327.5,6251.2,6363.5,1749,31229,199565816,
532493,"ASTRA MICROWAVE PRODUCTS LTD.",A,STK,1030.9,1055.2,1030.9,1037.05,1035,1030.85,1554,26952,28166736,
532497,"RADICO KHAITAN LTD.",A,STK,2555.1,2787.2,2542.4,2763.15,2780.8,2564.65,9640,168061,453540385,
532500,"MARUTI SUZUKI INDIA LTD.",A,STK,14374.95,14460,14111.05,14149.15,14149.15,14416.35,3822,12820,183599919,
532503,"RAJAPALAYAM MILLS LTD.",X,STK,751.95,775,751.8,765.2,770,751.95,88,2124,1629546,
532504,"NAVIN FLUORINE INTERNATIONAL L",A,STK,6594.25,6660,6495.7,6570.2,6570.2,6505.9,3362,17913,118065591,
532505,"UCO BANK",A,STK,27.46,27.55,27.11,27.18,27.18,27.48,3100,504486,13787804,
532507,"B.A.G.FILMS & MEDIA LTD.",B,STK,4.89,5.5,4.86,5.23,5.34,4.89,141,30401,157031,
532508,"JINDAL STAINLESS LTD.",A,STK,769.1,769.1,750.15,751.45,753.4,769.15,912,15414,11669895,
532509,"SUPRAJIT ENGINEERING LTD.",B,STK,416.25,430.2,416.25,424.25,430.2,426.9,169,2163,917777,
532513,"TVS ELECTRONICS LTD.",T,STK,347.9,363.9,345.35,363.1,363.9,346.6,83,4279,1539121,
532514,"INDRAPRASTHA GAS LTD.",A,STK,159,159.2,156.15,157.25,157.25,160.2,3059,103114,16245201,
532515,"TV TODAY NETWORK LTD.",B,STK,117.45,117.5,114.05,114.75,114.6,117.2,305,7883,910394,
532521,"PALRED TECHNOLOGIES LIMITED",B,STK,31,31,29.5,29.96,29.5,30.06,20,2270,68043,
532522,"PETRONET LNG LTD.",A,STK,290.45,296.5,287.1,289.9,289.9,293.1,8220,419614,122942976,
532523,"BIOCON LTD.",A,STK,386.7,394.2,386.6,390.45,390.45,386.6,1989,80077,31352256,
532524,"PTC INDIA LTD.",A,STK,159.95,161.6,157.65,158.05,158.05,159.25,801,44931,7145571,
532525,"BANK OF MAHARASHTRA",A,STK,71.09,71.16,69.8,70.14,70.14,71.47,4722,1049495,73973583,
532527,"RAMKRISHNA FORGINGS LTD.",A,STK,554.3,570.3,554.3,565.85,568.7,554.3,429,12370,6979767,
532528,"DATAMATICS GLOBAL SERVICES LTD",B,STK,711,724.75,693.4,696.1,695.5,713.95,282,4242,3003922,
532529,"NEW DELHI TELEVISION LTD.",B,STK,80.05,81.3,78.05,78.24,78.24,82.11,281,18425,1454483,
532531,"STRIDES PHARMA SCIENCE LIMITED",A,STK,859.3,870,853.5,865.05,862.9,850.65,228,3853,3314466,
532532,"JAIPRAKASH ASSOCIATES LTD.",T,STK,2.47,2.58,2.39,2.44,2.44,2.48,759,777831,1934853,
532538,"ULTRATECH CEMENT LTD.",A,STK,12199.55,12199.55,11954,11986.75,11986.75,12301.85,1762,11732,141635174,
532539,"UNO Minda Limited",A,STK,1118.9,1135.7,1110.7,1121.6,1122.5,1118.9,1815,24658,27717681,
532540,"TATA CONSULTANCY SERVICES LTD.",A,STK,2575,2619,2555,2557.65,2557.65,2583.5,11371,104200,269606950,
532541,"COFORGE LIMITED",A,STK,1150.05,1181.15,1148.7,1162.3,1162.3,1152.55,4263,85451,99224447,
532543,"GP PETROLEUMS LTD",B,STK,32.6,32.6,31,31.4,31.4,31.68,90,4521,143156,
532548,"CENTURY PLYBOARDS (I) LTD.",A,STK,732.55,732.55,700.15,706.9,703,704.1,219,1495,1054476,
532553,"WELSPUN ENTERPRISES LIMTED",A,STK,450.05,464.15,450.05,455.8,455.6,461.95,670,195340,89513323,
532555,"NTPC LTD.",A,STK,377.95,385.5,374.85,380.45,380.45,378.15,11679,653278,250329926,
532604,"S.A.L.STEEL LTD.",T,STK,45.69,45.69,44.78,44.79,44.79,45.69,15,12201,553645,
532605,"JBM AUTO LTD.",A,STK,513.65,528.05,511.25,522.95,520.05,513.6,597,12529,6539557,
532610,"DWARIKESH SUGAR INDUSTRIES LTD",B,STK,39.45,40.35,38.29,38.37,38.37,40.26,390,39415,1535268,
532612,"INDOCO REMEDIES LTD.",B,STK,198.3,199,196,198.5,198.5,197.3,34,670,132292,
532613,"VIP Clothing Limited",B,STK,19.19,19.19,18.35,18.8,18.93,18.45,373,20583,385053,
532614,"IMPEX FERRO TECH LTD.",Z,STK,1.66,1.74,1.62,1.66,1.66,1.69,43,6723,11371,
532616,"XCHANGING SOLUTIONS LTD.",B,STK,62,63.26,62,62.96,62.96,62.79,121,14230,891060,
532621,"MORARJEE TEXTILES LTD.",Z,STK,7.09,7.09,6.75,7.05,7.05,7,8,680,4710,
532624,"JINDAL PHOTO LTD.",B,STK,1215,1215,1085.7,1101.3,1103.55,1109.95,33,295,332892,
532626,"PONDY OXIDES & CHEMICALS LTD.",B,STK,1080.2,1099,1067.6,1072.1,1067.6,1080.2,326,9172,9895062,
532627,"JAIPRAKASH POWER VENTURES LIMI",A,STK,13.9,14.1,13.8,13.88,13.88,13.89,3756,2979103,41637685,
532628,"3I INFOTECH LTD.",B,STK,13.42,13.63,13.3,13.33,13.38,13.39,283,22776,305688,
532630,"GOKALDAS EXPORTS LTD.",A,STK,624.75,624.75,606,609.6,610.9,625.15,1219,31140,19261424,
532633,"Alldigi Tech Limited",B,STK,800,800,785.9,786,786,787.7,10,41,32434,
532636,"IIFL FINANCE LIMITED",A,STK,491.55,496.7,474,485.3,485.3,492.2,1502,54490,26614559,
532637,"MANGALAM DRUGS & ORGANICS LTD.",T,STK,32.37,32.37,30.65,32.37,32.37,30.83,69,20259,653148,
532638,"SHOPPERS STOP LTD.",B,STK,298.3,312,298.3,310.9,310.2,304.35,586,3373,1037170,
532640,"CYBER MEDIA (INDIA) LTD.",B,STK,14,14.49,13.64,13.9,13.9,14.65,34,486,6767,
532641,"NANDAN DENIM LIMITED",B,STK,2.47,2.55,2.42,2.45,2.48,2.48,403,599617,1479568,
532642,"JSW HOLDINGS LIMITED",A,STK,16164,16875.55,16164,16549.85,16240,16174.3,109,189,3131462,
532644,"J.K.CEMENT LTD.",A,STK,5461.45,5550.45,5410,5433.4,5447.65,5515.15,584,1427,7824995,
532645,"BEEYU OVERSEAS LTD.",X,STK,2.5,2.6,2.5,2.58,2.58,2.61,14,8023,20611,
532648,"YES BANK LTD.",A,STK,20.21,20.5,20.07,20.13,20.13,20.23,31768,4955353,100765216,
532649,"NECTAR LIFESCIENCES LTD.",B,STK,11.65,11.97,11.64,11.8,11.75,11.88,76,12479,146857,
532650,"MSP STEEL & POWER LTD.",B,STK,31.4,32.06,31.23,31.39,31.23,31.52,248,47092,1486201,
532651,"SPL INDUSTRIES LTD.",B,STK,27.75,28.59,27.45,27.52,27.52,27.91,43,5926,166647,
532652,"KARNATAKA BANK LTD.",A,STK,214.05,224,214.05,217.85,217.85,213.65,10211,776239,171059425,
532654,"MCLEOD RUSSEL INDIA LTD.",B,STK,38.37,38.84,37.81,38.03,37.92,38.37,255,30040,1154007,
532656,"FACOR ALLOYS LTD.",X,STK,2.66,2.7,2.45,2.48,2.48,2.61,306,196878,498348,
532660,"VIVIMED LABS LTD.",B,STK,7.2,7.38,7.03,7.13,7.03,7.03,69,20569,150535,
532661,"RANE (MADRAS) LTD.",B,STK,818.4,836.65,817.65,832.55,832.7,823.7,73,345,286153,
532662,"HT MEDIA LTD.",B,STK,22.95,22.95,20.27,20.3,20.3,20.78,156,2493,51351,
532663,"Sasken Technologies Limited",B,STK,1129.4,1138.55,1110.8,1114.4,1128.6,1124.9,66,549,620739,
532666,"FCS SOFTWARE SOLUTIONS LTD.",B,STK,1.52,1.58,1.48,1.55,1.55,1.52,450,404826,627458,
532667,"SUZLON ENERGY LTD.",A,STK,40.25,40.98,39.85,39.99,39.99,40.2,22322,4175550,168771650,
532668,"AURIONPRO SOLUTIONS LTD.",A,STK,869.45,883.25,856.2,858.85,858.85,869.45,226,3236,2811585,
532670,"SHREE RENUKA SUGARS LTD.",A,STK,24.5,24.6,23.72,23.89,23.94,24.52,1291,257039,6226738,
532673,"K.M.SUGAR MILLS LTD.",B,STK,24.2,25.99,24.2,25.05,25.31,25.65,15,413,10470,
532674,"BANNARI AMMAN SPINNING MILLS L",B,STK,21.3,21.49,20.64,21.2,21.2,21.15,109,18566,392820,
532676,"PBA INFRASTRUCTURE LTD.",X,STK,8.99,8.99,8.7,8.84,8.9,8.7,21,709,6282,
532683,"AIA ENGINEERING LTD.",A,STK,3554.05,3682.2,3554.05,3674.5,3663.35,3612.55,318,925,3372056,
532684,"EVEREST KANTO CYLINDER LTD.",B,STK,105.15,106.65,104.5,104.85,104.85,105.75,176,9130,963025,
532686,"KERNEX MICROSYSTEMS (INDIA) LT",B,STK,1025,1064.8,1025,1035.3,1030,1028.75,462,4665,4882851,
532687,"REPRO INDIA LTD.",B,STK,390.7,398,390.55,394.8,393.1,386.1,28,81,32136,
532689,"PVR INOX LIMITED",A,STK,1018.4,1036.6,1012.4,1023.2,1021.55,1026.35,528,7629,7816285,
532694,"BARTRONICS INDIA LTD.",B,STK,9.04,9.52,8.95,9.05,9.05,9.04,2230,1688712,15580430,
532695,"CELEBRITY FASHIONS LTD.",B,STK,7.76,8.1,7.72,8.02,8.08,7.99,122,7730,59855,
532698,"NITIN SPINNERS LTD.",B,STK,373.7,377.35,370.45,372.55,375.5,374.45,340,5630,2106941,
532699,"ROYAL ORCHID HOTELS LTD.",B,STK,340.15,340.85,334,334.55,334.4,337.75,60,984,330946,
532700,"ENTERTAINMENT NETWORK (INDIA)",B,STK,106.4,110,102.5,105.3,105.5,105.55,58,6239,657764,
532701,"CELLA SPACE LIMITED",Z,STK,13.88,13.88,13.19,13.19,13.19,13.88,9,1076,14260,
532702,"GUJARAT STATE PETRONET LTD.",A,STK,291.95,296.65,288.8,293.8,291.8,290.1,5280,78764,23053962,
532705,"JAGRAN PRAKASHAN LTD.",B,STK,63.4,63.69,63.12,63.36,63.67,63.4,298,10011,633780,
532707,"DYNEMIC PRODUCTS LTD.",B,STK,226.95,227.9,217.8,219.9,221.25,227.45,157,6034,1365301,
532708,"GVK POWER & INFRASTRUCTURE LTD",T,STK,2.64,2.68,2.58,2.68,2.68,2.63,64,39569,105252,
532710,"SADBHAV ENGINEERING LTD.",T,STK,8.85,8.85,8.85,8.85,8.85,9.31,41,9840,87084,
532712,"RELIANCE COMMUNICATIONS LTD.",T,STK,0.79,0.84,0.79,0.83,0.83,0.8,882,2066946,1712660,
532713,"SAKUMA EXPORTS LTD.",B,STK,1.66,1.75,1.66,1.7,1.69,1.7,237,126059,215288,
532714,"KEC INTERNATIONAL LTD.",A,STK,549,559.55,542.45,546.6,546.6,551.4,1949,34827,19124457,
532716,"GILLANDERS ARBUTHNOT & CO.LTD.",B,STK,87.02,88.72,87,88.72,88.72,87.45,17,152,13241,
532717,"INDO TECH TRANSFORMERS LTD.",B,STK,1407.85,1407.85,1365.05,1379.9,1376,1387.1,160,919,1273344,
532719,"B.L.KASHYAP AND SONS LTD.",B,STK,50.92,50.92,49.21,49.47,49.21,49.18,90,16681,826839,
532720,"MAHINDRA & MAHINDRA FINANCIAL",A,STK,364.45,367.65,361.5,363.6,363.45,364.45,582,26052,9471593,
532721,"VISA STEEL LTD.",B,STK,35.43,35.72,35.43,35.72,35.72,35.3,3,102,3642,
532722,"NITCO LTD.",B,STK,68.16,72.11,68.16,70.5,70.5,69.92,104,3327,234565,
532723,"MPDL LIMITED",X,STK,32.32,33.53,32.32,33.53,33.53,31.94,6,623,20886,
532725,"SOLAR INDUSTRIES INDIA LTD.",A,STK,14700.05,15577.95,14700.05,15152.35,15152.35,14674.25,7238,34461,525232521,
532726,"GALLANTT ISPAT LIMITED",B,STK,543,553.6,530.1,534.55,530.1,546.35,347,8751,4698470,
532728,"MALU PAPER MILLS LTD.",B,STK,31.5,31.5,31.5,31.5,31.5,31.5,3,300,9450,
532729,"UTTAM SUGAR MILLS LTD.",B,STK,200,203.7,192.75,193.7,193.7,201.15,198,6779,1333781,
532730,"STL GLOBAL LTD.",B,STK,11.03,11.03,10.61,10.69,10.61,11,13,538,5810,
532732,"KEWAL KIRAN CLOTHING LTD.",B,STK,475,476.35,464.05,466.95,466.95,477.35,49,267,125312,
532733,"SUN TV NETWORK LTD.",A,STK,586.45,606.5,583.6,600.05,597.65,595.2,540,10239,6073062,
532734,"GODAWARI POWER & ISPAT LTD.",A,STK,248.1,252.75,246.2,247.5,249.5,248.05,743,37307,9296730,
532735,"R SYSTEMS INTERNATIONAL LTD.",B,STK,257.9,267.1,255.8,258.05,260.4,259.5,254,7513,1971605,
532738,"TwamevConstruction and Infrast",B,STK,24.5,25.35,23.47,25.2,25.2,24.44,391,76877,1910729,
532740,"LOKESH MACHINES LTD.",B,STK,199,223,194.7,208.95,212,195.9,959,22941,4933115,
532741,"Kamdhenu Limited",B,STK,22.68,22.68,21.94,22.22,22.22,22.09,176,25425,566061,
532742,"PAUSHAK LTD.",B,STK,429.95,443.2,417.2,418.05,418.1,425.05,441,2569,1101532,
532744,"GTN TEXTILES LTD.",XT,STK,8.73,9.16,8.3,8.99,8.99,8.73,14,1805,15343,
532748,"PRIME FOCUS LTD.",B,STK,277.85,279.3,272.55,275.65,273.45,278.5,1317,143426,39554223,
532749,"ALLCARGO LOGISTICS LTD.",B,STK,7.93,7.99,7.75,7.81,7.89,7.91,1362,428683,3369578,
532754,"GMR Airports Limited",A,STK,97.95,99.45,94.8,95,95,98.15,3038,328162,31939989,
532755,"TECH MAHINDRA LTD.",A,STK,1320.2,1360.9,1320.2,1332.05,1331.2,1333.65,3259,38596,51771947,
532756,"CIE Automotive India Limited",A,STK,469.7,475.4,462.05,464.15,463,469.6,1142,33066,15553332,
532757,"VOLTAMP TRANSFORMERS LTD.",A,STK,8755.3,8800,8597.05,8688.4,8699.5,8752.85,411,1145,9967844,
532759,"ATLANTAA LIMITED",B,STK,38.22,39.9,38.22,39.3,39.3,39.22,97,4578,179943,
532761,"HANDSON GLOBAL MANAGEMENT (HGM",B,STK,51.3,58,51,52.02,52.1,53.5,49,45675,2418560,
532762,"ACTION CONSTRUCTION EQUIPMENT",A,STK,871.5,890.3,871.5,878.85,878,872.4,545,7663,6760257,
532764,"GEECEE VENTURES LIMITED",B,STK,272.2,284.1,271,281.2,284.1,276.95,6,11,3062,
532768,"FIEM INDUSTRIES LTD.",B,STK,2131.15,2155.95,2083.55,2098.75,2102.95,2139.95,270,1731,3668075,
532771,"JHS SVENDGAARD LABORATORIES LT",B,STK,9.34,9.4,9,9,9,8.88,41,17465,158056,
532772,"DCB BANK LIMITED",A,STK,170.25,176.7,170.25,171.4,171.15,173.35,1310,39841,6917526,
532773,"GLOBAL VECTRA HELICORP LTD.",B,STK,154.5,157,153,157,157,153.35,12,283,44184,
532774,"Inspirisys Solutions Limited",T,STK,81,84.94,81,81.95,84.89,84.35,5,2051,166209,
532775,"GTL INFRASTRUCTURE LTD.",B,STK,1.1,1.12,1.09,1.11,1.11,1.1,11959,3653077,4048061,
532776,"SHIVAM AUTOTECH LTD.",B,STK,18.62,18.99,18.18,18.32,18.18,18.62,49,5533,101882,
532777,"INFO EDGE (INDIA) LTD.",A,STK,1013.35,1020.95,977.6,979.95,979.95,1013.35,2227,27916,27739569,
532779,"TORRENT POWER LTD.",A,STK,1500.1,1503.65,1477.7,1480.55,1480.55,1501.95,1034,7609,11326533,
532780,"PARSVNATH DEVELOPERS LTD.",B,STK,7.12,7.63,7.12,7.5,7.56,7.28,89,8519,62990,
532782,"SUTLEJ TEXTILES & INDUSTRIES L",B,STK,25.6,30.75,25.6,29.32,29.32,29.76,37,1697,50289,
532783,"LT FOODS LTD.",A,STK,445,470.95,387,393,393,431.95,90888,7494291,3269271038,
532784,SOBHA,A,STK,1355.4,1362.25,1340,1357.6,1359,1355.35,354,2404,3256907,
532785,"RUCHIRA PAPERS LTD.",B,STK,108,108,100.6,102.85,103.45,107.3,157,6893,707732,
532790,"TANLA PLATFORMS LIMITED",A,STK,437.05,450,437.05,447,448.7,441.1,906,33977,15162853,
532794,"ZEE MEDIA CORPORATION LIMITED",T,STK,8.2,8.2,7.92,8.1,8.07,8.09,108,90497,730136,
532795,"Siti Networks Ltd.",Z,STK,0.49,0.49,0.49,0.49,0.49,0.49,61,107900,52871,
532796,"LUMAX AUTO TECHNOLOGIES LTD.",A,STK,1515.5,1540.35,1486.55,1530.95,1536.45,1515.45,1005,11224,16988189,
532797,"AUTOLINE INDUSTRIES LTD.",B,STK,71.5,71.5,69.51,70.56,71,71.56,96,4943,347358,
532798,"NETWORK18 MEDIA & INVESTMENTS",A,STK,33.5,33.57,32.55,32.77,32.61,33.41,915,3751015,124285138,
532799,"HUBTOWN LTD.",B,STK,217,225.7,211.1,213.95,215.15,218.15,580,13795,3011127,
532801,"CAMBRIDGE TECHNOLOGY ENTERPRIS",B,STK,27.5,27.59,26.4,26.88,26.64,26.38,119,6721,183071,
532804,"TECHNOCRAFT INDUSTRIES (INDIA)",B,STK,2160.7,2160.7,2112,2132.3,2135.65,2160.6,42,71,151488,
532805,"Redington Limited",A,STK,251.55,252,245.15,246.2,246.2,248.8,1787,128014,31922310,
532806,"AI CHAMPDANY INDUSTRIES LTD.",X,STK,26,26.48,26,26.4,26.4,26.49,17,1360,35530,
532807,"CINELINE INDIA LIMITED",B,STK,86.98,88.4,85.01,86.21,87.79,87.5,20,132,11344,
532808,"PEARL GLOBAL INDUSTRIES LIMITE",A,STK,1545.05,1558,1501.2,1509.8,1506.65,1562.9,436,5298,8042583,
532809,"FIRSTSOURCE SOLUTIONS LTD.",A,STK,221.15,227.4,218.1,219.45,219.45,223,1257,59230,13149767,
532810,"POWER FINANCE CORPORATION LTD.",A,STK,414,425,405.7,407.65,407.65,414.3,9389,635122,264982141,
532811,"AHLUWALIA CONTRACTS (INDIA) LT",B,STK,756.45,770.1,750.05,766.35,764.95,756.45,121,1535,1166596,
532812,"TRANSWARRANTY FINANCE LTD.",B,STK,13.79,13.79,12.21,12.77,12.77,12.73,14,2563,31571,
532814,"INDIAN BANK",A,STK,938.65,954.5,937,939.5,942.7,950.3,1527,23362,22081485,
532815,"SMS PHARMACEUTICALS LTD.",B,STK,387,387.05,373.85,375.7,376.2,381.8,406,5812,2226330,
532817,"ORIENTAL TRIMEX LTD.",B,STK,6.45,6.45,6.2,6.33,6.37,6.4,60,5404,34053,
532820,"E-Land Apparel Limited",XT,STK,15.64,15.64,14.2,14.38,14.2,14.9,24,31861,482486,
532822,"VODAFONE IDEA  LIMITED",A,STK,10.28,10.38,10.02,10.06,10.06,10.23,52051,28883173,296091501,
532825,"JAGJANANI TEXTILES LTD.",X,STK,4.43,4.43,3.82,3.82,3.82,3.81,19,30859,118007,
532827,"PAGE INDUSTRIES LTD.",A,STK,31020.05,31808.25,31020.05,31582.85,31585,31623.85,238,400,12625809,
532828,"AMD INDUSTRIES LTD.",B,STK,39.39,39.39,37.56,37.68,37.68,37.52,180,2649,100416,
532829,"LEHAR FOOTWEARS LIMITED",X,STK,237,237,229.9,233.3,233.3,232.45,211,19702,4595107,
532830,"ASTRAL LIMITED",A,STK,1663.4,1705,1663.4,1689.6,1691,1662.9,4038,271050,458279467,
532832,"EMBASSY DEVELOPMENTS LIMITED",T,STK,56,58.85,56,57.13,57.55,56.45,491,123239,7087224,
532834,"Camlin Fine Sciences Ltd",A,STK,144.35,144.35,136.8,137.5,137.5,139.55,270,11393,1578335,
532835,"ICRA LTD.",B,STK,5500,5507.8,5390,5402.4,5390,5516.35,45,150,818210,
532839,"DISH TV INDIA LTD.",B,STK,2.64,2.66,2.58,2.61,2.62,2.61,478,323904,845753,
532841,"SAHYADRI INDUSTRIES LTD.",B,STK,243.5,243.5,235.1,238.8,235.1,242,35,1059,253089,
532842,"SREE RAYALASEEMA HI-STRENGTH H",B,STK,445.65,453.8,438,442,439.2,445.65,19,286,126697,
532843,"FORTIS HEALTHCARE LTD.",A,STK,920.85,927,890.5,892.5,892.1,920.9,1403,31358,28439823,
532845,"TGB BANQUETS AND HOTELS LTD.",B,STK,8.71,9.63,8.55,8.88,8.9,9.2,71,74024,657928,
532847,"HILTON METAL FORGING LTD.",B,STK,16.87,17.37,16.82,17.11,17.01,17.05,225,17934,307032,
532848,"DELTA CORP LTD.",A,STK,57.2,58.96,57.2,58.46,58.46,58.45,729,136997,8014703,
532850,"MIC ELECTRONICS LTD.",B,STK,35.29,35.29,34.4,34.64,34.64,34.76,479,36502,1266155,
532851,"INSECTICIDES (INDIA) LTD.",B,STK,610.5,620,605,612,610.1,612.9,36,146,89231,
532853,"ASAHI SONGWON COLORS LTD.",B,STK,223,224.1,215.3,218,217.8,227.5,31,385,84733,
532855,"HARYANA CAPFIN LTD.",X,STK,142,148,138.05,142.55,147.75,141.65,64,1114,160938,
532856,"TIME TECHNOPLAST LTD.",A,STK,178.6,181.95,176,176.65,176.6,178.5,712,40781,7285376,
532859,"HINDUJA GLOBAL SOLUTIONS LTD.",B,STK,365,365,348.15,350.5,351,356.25,313,4319,1520313,
532864,"NELCAST LTD.",B,STK,102.7,122.35,102.7,115.35,117.25,105.05,1209,50083,5914561,
532867,"V2 RETAIL LTD.",B,STK,1960.8,1964.35,1922.7,1938.5,1944.95,1960.75,244,1283,2495287,
532868,"DLF LTD.",A,STK,582.4,587.45,575,578,578,585.25,3240,222652,128802887,
532869,"TARMAT LTD.",T,STK,64.55,64.55,64.49,64.49,64.49,67.88,10,967,62391,
532870,"ANKIT METAL & POWER LTD.",Z,STK,1.73,1.73,1.65,1.7,1.7,1.73,31,3532,5970,
532872,"SUN PHARMA ADVANCED RESEARCH C",B,STK,123.75,127.1,123.1,124.2,123.5,124.05,333,24973,3120953,
532875,"ALLIED DIGITAL SERVICES LTD.",B,STK,105.15,109.4,105.15,107.25,106.55,107.3,202,5079,549074,
532878,"ALPA LABORATORIES LTD.",B,STK,64.08,64.9,62.97,63.28,63.3,64.08,34,9013,571904,
532879,"SIR SHADI LAL ENTERPRISES LTD.",X,STK,275,275,264.05,266.05,264.05,275,4,29,7918,
532880,"OMAXE LTD.",B,STK,77.5,81.08,74.65,76.33,75.51,78.19,75,8136,623066,
532884,"REFEX INDUSTRIES LTD.",A,STK,214.35,223.4,212.25,217.8,218,214.4,821,26400,5758741,
532885,"CENTRAL BANK OF INDIA",A,STK,37.79,37.79,37.05,37.16,37.16,37.75,3127,660460,24737355,
532886,"SEL MANUFACTURING COMPANY LTD.",B,STK,28.08,31,28.08,30.99,31,29.53,63,11777,350729,
532887,"Neueon Corporation Limited",T,STK,13.68,13.68,13.68,13.68,13.68,13.03,30,43899,600538,
532888,"ASIAN GRANITO INDIA LTD.",B,STK,69.5,69.5,66.08,66.54,66.54,68.39,490,62629,4210464,
532889,"K.P.R.MILL LIMITED",A,STK,836.75,845.3,833,840.2,833,836.75,477,8374,7035378,
532890,"TAKE SOLUTIONS LTD.",T,STK,34.48,34.48,34.48,34.48,34.48,36.29,899,23118,797108,
532891,"Puravankara Limited",B,STK,175,193.9,175,187.05,186.2,177.75,981,40796,7641255,
532892,"MOTILAL OSWAL FINANCIAL SERVIC",A,STK,725.4,731.3,712.15,716.65,716.65,725.4,1834,38191,27535985,
532893,"VTM LTD.",X,STK,77.5,79.05,72.51,74.49,74.9,76.04,290,33321,2472286,
532894,"INDOWIND ENERGY LTD.",B,STK,9.92,9.92,8.82,8.88,9,9.03,213,76804,694036,
532895,"NAGREEKA CAPITAL & INFRASTRUCT",B,STK,25.47,27,24.4,25.91,25.92,25,13,2888,71638,
532896,"MAGNUM VENTURES LTD.",B,STK,22,22,20.38,20.65,20.65,20.32,12,183,3766,
532898,"POWER GRID CORPORATION OF INDI",A,STK,299.2,302.75,297.15,299.2,299.2,299.45,4172,392706,118180354,
532899,"KAVERI SEED COMPANY LTD.",A,STK,730.3,752.25,727.2,749.65,751.3,730.2,840,4504,3345176,
532900,"PAISALO DIGITAL LIMITED",A,STK,34.2,34.27,33.3,33.42,33.42,34.16,253,47578,1607739,
532902,"CONSOLIDATED CONSTRUCTION CONS",B,STK,15.02,16,14.83,15.16,15.59,15.26,79,12291,185672,
532904,"SUPREME INFRASTRUCTURE INDIA L",Z,STK,80.47,80.47,80.47,80.47,80.47,79.54,1,1,80,
532906,"MAAN ALUMINIUM LTD.",T,STK,131.8,133.15,131,132,132,131,33,3447,454866,
532907,"IL&FS ENGINEERING AND CONSTRUC",Z,STK,24.94,25.8,24.94,24.99,24.99,24.94,7,3936,98364,
532911,"PARLE INDUSTRIES LIMITED",X,STK,6.49,6.49,6.22,6.37,6.43,6.07,446,143245,913027,
532915,"RELIGARE ENTERPRISES LTD.",A,STK,203.1,208.95,203.1,207.45,207.9,204.35,363,24138,4992771,
532916,"BARAK VALLEY CEMENTS LTD.",B,STK,37.69,40.07,37.68,39.52,39.52,39.18,13,134,5115,
532918,"RATHI BARS LTD.",X,STK,24.45,25,22.51,24.21,25,24.91,134,17591,420719,
532921,"ADANI PORTS AND SPECIAL ECONOM",A,STK,1498.9,1498.9,1470,1476.8,1476.8,1499,5020,77525,115016874,
532922,"EDELWEISS FINANCIAL SERVICES L",A,STK,108.1,111.3,108.1,109.45,110,109.2,1230,146682,16104781,
532923,"RENAISSANCE GLOBAL LIMITED",B,STK,108.2,108.5,105,105.65,105.65,108.15,251,20063,2145101,
532924,"KOLTE-PATIL DEVELOPERS LTD.",B,STK,335,339.9,325,327.35,329.55,337.35,410,7284,2409987,
532925,"KAUSHALYA INFRASTRUCTURE DEVEL",B,STK,842,870,840.3,870,870,867.75,13,379,319275,
532926,"JYOTHY LABS LIMITED",A,STK,248.55,251.5,243.4,244.45,244.45,250.4,3054,34197,8454011,
532927,"ECLERX SERVICES LTD.",A,STK,3097.6,3199.45,3014,3021.35,3021.35,3097.5,1130,6323,19467714,
532928,"TRANSFORMERS AND RECTIFIERS (I",A,STK,291.6,303.95,291,293.55,293.55,293.85,2546,144007,42875204,
532929,"BRIGADE ENTERPRISES LTD.",A,STK,664.95,678.65,660.6,665.95,668.8,670.45,881,12213,8176334,
532930,"BGR ENERGY SYSTEMS LTD.",T,STK,300.05,323.25,300.05,323.25,323.25,307.9,220,34162,11005275,
532932,"MANAKSIA LTD.",B,STK,58.4,58.4,56.12,57.35,57.35,57.25,6,191,10976,
532933,"PORWAL AUTO COMPONENTS LTD.",X,STK,50.2,53.18,49.51,50.58,50,50.88,55,3132,160093,
532934,PPAP,B,STK,212.5,216.1,212.1,214,214,216,68,407,87341,
532935,"ARIES AGRO LTD.",B,STK,342.95,347,342,342,342,340.3,59,1707,588586,
532937,"KUANTUM PAPERS LTD.",B,STK,84.37,84.55,83.7,83.93,83.93,84.15,33,780,65633,
532939,"RELIANCE POWER LTD.",A,STK,22.39,23.21,22.28,22.47,22.47,22.56,11042,9446340,215266220,
532940,"J.KUMAR INFRAPROJECTS LTD.",A,STK,476.3,479.5,469,471.75,470,479.85,718,5019,2380385,
532941,"CORDS CABLE INDUSTRIES LTD.",B,STK,168.8,169.75,165.2,166.4,166.4,167.25,19,525,87852,
532942,"KNR CONSTRUCTIONS LTD.",A,STK,124.55,127.7,122.05,122.85,125,124.05,1358,94517,11830320,
532944,ONMOBILE,B,STK,48.08,49.06,47.91,48.8,49.06,48.1,67,7886,382061,
532945,"SEPC LIMITED",B,STK,6.98,7.08,6.63,6.67,6.75,6.94,1379,1777227,12239104,
532946,"BANG OVERSEAS LTD.",B,STK,39.3,39.9,35.3,35.75,36.74,38.66,91,1545,56090,
532947,"IRB INFRASTRUCTURE DEVELOPERS",A,STK,40,40.99,40,40.8,40.8,40.38,3598,551561,22400900,
532951,"GSS INFOTECH LTD.",B,STK,14.97,14.97,12.61,12.8,13.15,12.99,100,7136,92422,
532952,"NAHAR CAPITAL & FINANCIAL SERV",B,STK,225,226.8,220.45,223.9,224.95,222.55,21,3250,734228,
532953,"V-GUARD INDUSTRIES LTD.",A,STK,305.8,312.4,304.45,311.55,312.4,305.7,1055,9920,3081747,
532955,"REC LIMITED",A,STK,340.95,350.75,338.5,339.1,339.25,341.65,3882,179017,61626559,
532957,"GOKAK TEXTILES LTD.",XT,STK,66.77,66.77,64,64.13,64,66.77,18,1546,99622,
532966,"TITAGARH RAIL SYSTEMS LIMITED",A,STK,655.35,696.4,652.65,679.55,679.55,658.35,6233,142233,97327379,
532967,"KIRI INDUSTRIES LTD.",A,STK,418.35,423.4,408.3,410,410.2,419.65,375,14221,5891009,
532974,"ADITYA BIRLA MONEY LTD.",B,STK,128.5,129.75,127.9,127.95,127.9,127.4,13,1694,217757,
532975,"TELOGICA LIMITED",X,STK,10.25,10.25,9.41,9.73,9.74,9.83,24,7609,75041,
532976,"JAI BALAJI INDUSTRIES LTD.",A,STK,61.18,62.9,61.18,61.6,61.6,61.99,1159,71207,4410026,
532977,"BAJAJ AUTO LTD.",A,STK,9819.75,9883.25,9695.95,9812.65,9812.65,9809.35,2192,8088,79323689,
532978,"BAJAJ FINSERV LTD.",A,STK,1911.95,1911.95,1865,1869.15,1869.15,1912.6,4712,54184,101648626,
532980,"GOKUL REFOILS & SOLVENT LTD.",B,STK,39.99,40.58,39.5,39.67,39.67,39.99,45,4340,173037,
532983,"RPG LIFE SCIENCES LTD.",B,STK,1851.2,1886.55,1850,1867.15,1852.1,1865.8,220,470,876384,
532985,"KOTAK MAHINDRA MUTUAL FUND",A,STK,87.48,87.48,85.53,86.18,86.3,87.01,101,2561,221832,
532986,"NIRAJ CEMENT STRUCTURALS LTD.",B,STK,29,29.24,28.7,28.74,28.7,29,16,400,11589,
532989,"BAFNA PHARMACEUTICALS LTD.",B,STK,112.85,112.85,111.8,111.8,111.8,107.5,5,185,20788,
532992,"CHL LTD.",X,STK,31.99,34.5,30,31.73,31.73,32.24,41,1266,38542,
532993,"SEJAL GLASS LIMITED",B,STK,510.85,533.95,500.85,505.75,510.6,508.55,37,702,372892,
532994,"ARCHIDPLY INDUSTRIES LTD.",B,STK,81.5,81.5,81.35,81.35,81.35,78.79,2,41,3335,
532998,"Lotus Eye Hospital And Institu",B,STK,111,112.5,110,111.2,111.2,110.95,13,125,13859,
533001,"SOMI CONVEYOR BELTINGS LTD.",B,STK,104,105.1,101.65,103.2,104.6,103.85,62,3289,340534,
533007,"LGB FORGE LTD.",X,STK,6.43,6.65,6.34,6.4,6.34,6.43,134,44164,286431,
533012,"LANDMARK PROPERTY DEVELOPMENT",B,STK,5.98,6.29,5.91,6.01,5.93,5.83,8,292,1781,
533014,"SICAGEN INDIA LTD.",X,STK,50,55.4,50,54.4,54.4,50.56,69,10187,554682,
533019,"SIMPLEX PAPERS LTD.",X,STK,1417.55,1417.55,1417.55,1417.55,1417.55,1350.05,3,18,25515,
533022,"20 MICRONS LTD.",B,STK,170.65,170.65,166.3,167.05,167.15,166.5,112,2141,358463,
533023,"ZF Commercial Vehicle Control",A,STK,14355.7,14649.2,14305.5,14360.6,14453.2,14294.7,123,290,4190531,
533029,"ALKALI METALS LTD.",B,STK,60.08,61.28,59.77,60.42,60.42,60.08,38,994,60449,
533033,"ISGEC HEAVY ENGINEERING LTD.",A,STK,873.05,895.8,873.05,891.7,891.75,882.65,251,2681,2376710,
533047,"INDIAN METALS & FERRO ALLOYS L",B,STK,1187.7,1237.5,1187.7,1208.05,1209.05,1191.25,373,3856,4683383,
533048,"Teamo Productions HQ Limited",B,STK,0.53,0.56,0.53,0.56,0.56,0.54,112,236937,130725,
533056,"VEDAVAAG SYSTEMS LTD.",X,STK,20.79,20.9,19.4,19.74,19.66,20.15,84,44708,903312,
533080,"MOLD-TEK PACKAGING LIMITED",B,STK,565.2,578,565.2,573.2,574.85,565.85,105,827,474135,
533088,"MAHINDRA HOLIDAYS & RESORTS IN",B,STK,278.15,284,272.9,274.9,284,278.2,982,210398,58388465,
533090,"EXCEL REALTY N INFRA LTD.",B,STK,1.04,1.05,1.02,1.03,1.03,1.05,316,575870,596473,
533093,"RAJ OIL MILLS LTD.",B,STK,46.9,47.25,44.9,45.7,46.1,45.5,25,1026,46643,
533095,"BENGAL & ASSAM COMPANY LTD.",B,STK,6012.9,6180.05,5950.05,6059.45,6052.05,6057.85,188,944,5720495,
533096,"ADANI POWER LTD.",A,STK,140.05,142.6,138.45,138.9,138.9,140.05,4170,674035,94719592,
533098,"NHPC LTD.",A,STK,74.08,75.2,73.61,74.1,74.1,74.13,2287,309208,23093379,
533100,"PREMIER ENERGY AND INFRASTRUCT",X,STK,7.1,7.1,6.66,7.1,7.1,7,23,10588,74957,
533101,"SURYAAMBA SPINNING MILLS LTD.",X,STK,115,115,111.25,113.5,113.5,113.4,21,30854,3502142,
533104,"GLOBUS SPIRITS LTD.",B,STK,839.9,890.7,836,863.8,862.6,839.85,587,7699,6630497,
533106,"OIL INDIA LTD.",A,STK,482.05,489,474.95,484.55,484.55,478.55,7133,337318,162909063,
533107,"SWAN DEFENCE AND HEAVY INDUSTR",T,STK,2016.95,2018.15,1930,2014.35,2015,1922.05,304,3411,6865358,
533108,"BHILWARA TECHNICAL TEXTILES LT",X,STK,38,38,34.51,34.59,34.58,36,79,21257,748423,
533110,"SHREE PRECOATED STEELS LTD.",X,STK,12.16,13.37,12.16,12.19,12.19,12.76,4,22,291,
533121,"EXPLEO SOLUTIONS LIMITED",B,STK,753.25,767.85,753.25,757.35,755,760.9,98,288,218587,
533122,"RATTANINDIA POWER LTD.",A,STK,7.95,8.17,7.91,7.98,7.98,7.95,12898,1328227,10711161,
533137,"DEN NETWORKS LTD",B,STK,26.45,27.29,26.45,27.09,27.06,27.13,181,11998,323749,
533138,"ASTEC LIFESCIENCES LIMITED",B,STK,639.2,639.2,624.7,628.5,628.5,631.3,20,185,116551,
533146,"D-LINK (INDIA) LTD",B,STK,409.55,409.55,392,397.4,396.5,394.7,189,2451,977051,
533148,"JSW ENERGY LTD",A,STK,477.95,499.95,476.15,488.55,487.35,478.9,5247,167227,82584423,
533149,"Yunik Managing Advisors Limite",X,STK,7.16,7.47,6.56,7.47,7.47,6.7,21,2350,17358,
533150,"GODREJ PROPERTIES LTD",A,STK,1744.2,1752.1,1660.4,1667.6,1667.6,1744.1,3178,39503,66625269,
533151,"D B CORP LTD",B,STK,213.25,216,209.7,212.55,212.55,217.2,174,1750,373390,
533152,"MBL Infrastructure Ltd",B,STK,26.78,26.78,25.87,25.9,26.1,26.78,32,2030,52921,
533155,"JUBILANT FOODWORKS LTD",A,STK,500.5,503.05,490.35,491.35,494,500.4,2462,72166,35663538,
533156,"VASCON ENGINEERS LTD",B,STK,35.19,35.95,34.63,34.8,34.8,35.29,323,29894,1047264,
533158,"THANGAMAYIL JEWELLERY LTD",A,STK,3637.6,3737.95,3606.05,3689.5,3684.9,3637.5,1243,5033,18517109,
533160,"VALOR ESTATE LIMITED",A,STK,103,106.45,102.3,103.3,103.5,103.65,834,293910,30257959,
533161,"EMMBI INDUSTRIES LTD",B,STK,84.9,87.02,81.4,81.92,83.99,84.9,10,633,52360,
533162,"HATHWAY CABLE & DATACOM LTD",B,STK,10.12,10.41,10.11,10.17,10.17,10.2,1040,7227259,74038342,
533164,"TEXMO PIPES & PRODUCTS LTD.",B,STK,44.42,44.72,43.17,43.99,43.4,42.49,115,725,31807,
533166,"SUNDARAM MULTI PAP LTD.",B,STK,1.37,1.44,1.36,1.4,1.4,1.37,77,103066,144183,
533167,"COROMANDEL ENGINEERING COMPANY",XT,STK,76,76,75.41,75.41,75.41,79.37,37,12718,960298,
533168,"ROSSELL INDIA LTD.",B,STK,47.5,47.5,45.2,46.09,46.48,44.99,93,8851,408523,
533169,"MAN INFRACONSTRUCTION LTD.",A,STK,100.45,101.75,99.25,99.8,99.3,100.5,181,10693,1070074,
533170,"TAMBOLI INDUSTRIES LIMITED",X,STK,154,154.7,147.2,149,149,157.05,40,2712,404435,
533172,"INVESCO India Gold Exchange Tr",E,STK,13800,13800,13800,13800,13800,13847.85,1,6,82800,
533177,"IL&FS TRANSPORTATION NETWORKS",Z,STK,2.33,2.33,2.27,2.32,2.32,2.33,22,5552,12687,
533179,"PERSISTENT SYSTEMS LTD.",A,STK,4606.65,4827.6,4606.65,4776.3,4791.5,4642.35,5887,33388,159435924,
533181,"INTRASOFT TECHNOLOGIES LTD.",B,STK,67.92,70,67.01,67.95,69.9,69.31,99,4293,292541,
533192,"KCP SUGAR & INDUSTRIES CORPORA",B,STK,22.62,23.28,22.4,22.63,22.89,22.77,90,12728,288994,
533193,"KIRLOSKAR ELECTRIC COMPANY LTD",B,STK,80.98,83.54,80.97,81.63,82.12,80.99,231,28439,2333523,
533202,"SATCHMO HOLDINGS LIMITED",X,STK,3.5,3.54,3.44,3.48,3.48,3.45,103,33891,118343,
533203,"TARAPUR TRANSFORMERS LTD",B,STK,23.74,25,23.74,24.86,25,24.76,145,4185,102673,
533206,"SJVN LTD",A,STK,72,73.15,70.8,70.99,70.99,72.69,3329,396072,28472685,
533208,"EMAMI PAPER MILLS LTD.",B,STK,79.85,82.05,79.85,80.38,82.05,80.79,21,146,11791,
533210,"KRITI NUTRIENTS LTD",B,STK,58.55,68.01,58.55,64.15,63.25,65.74,60,1514,96990,
533212,"GKB OPHTHALMICS LTD.",X,STK,56.99,59.75,55.4,56.23,56.07,55.35,35,7896,454274,
533217,"HINDUSTAN MEDIA VENTURES LTD.",B,STK,65.09,69.2,65,66.3,67.6,69.3,90,6308,413958,
533218,"EMAMI REALTY LIMITED",B,STK,61.8,62.93,61.66,62.93,62.93,61.75,12,264,16298,
533229,"BAJAJ CONSUMER CARE LIMITED",B,STK,369.45,373.5,364.25,371.8,370.9,370.2,588,10894,4012870,
533230,"HDFC MUTUAL FUND - HDFC GOLD E",E,STK,136.93,136.93,134.9,135.01,135.02,135.98,1713,182732,24789952,
533239,"PRAKASH STEELAGE LTD.",B,STK,4.13,4.25,3.99,4.13,4.15,4.13,182,52793,219918,
533244,"ICICI Prudential Gold ETF",E,STK,133.47,138.11,133.47,135.31,135.35,136.9,3169,382915,52052059,
533248,"GUJARAT PIPAVAV PORT LTD.",A,STK,163.3,168.5,163.3,166.1,165.85,165.15,885,32909,5495608,
533252,"WELSPUN INVESTMENTS AND COMMER",B,STK,1342.75,1342.75,1230,1285,1285,1277.4,19,286,364747,
533257,"INDOSOLAR LTD.",T,STK,327.5,330.95,315.2,318.05,319,327.35,178,31285,10192488,
533259,"Sastasundar Ventures Limited",B,STK,273.35,283.3,265.1,276.35,276.35,273.25,18,112,31150,
533260,"CP CAPITAL LIMITED",B,STK,92.95,95.64,92.05,92.12,92.1,92.05,125,4119,384356,
533262,"RAMKY INFRASTRUCTURE LTD.",B,STK,493,517.4,459.65,467.15,463.95,482.35,11653,506847,251513949,
533263,"ORIENT GREEN POWER COMPANY LTD",B,STK,9.25,9.38,9.03,9.13,9.33,9.24,405,197128,1812692,
533267,"CANTABIL RETAIL INDIA LTD.",B,STK,253.5,258.2,251.4,251.4,251.4,253.15,111,2057,524149,
533268,"SEA TV NETWORK LTD.",X,STK,4.04,4.44,4.04,4.44,4.44,4.04,7,1150,5086,
533269,"VA TECH WABAG LTD.",A,STK,1205,1231.9,1205,1224,1224,1217.8,863,7175,8757825,
533270,"BEDMUTHA INDUSTRIES LTD.",T,STK,127.5,138.7,127.5,138.7,138.7,134,4,24,3091,
533271,"ASHOKA BUILDCON LTD.",A,STK,123,124.25,120.15,120.35,120.5,122.25,921,34232,4170831,
533272,"JUPITER WAGONS LIMITED",A,STK,253.4,305,252.95,299.95,299.95,254.8,61399,7124532,2073400734,
533273,"OBEROI REALTY LTD.",A,STK,1477.65,1492.15,1470,1474.65,1488,1482.7,2583,18646,27626051,
533274,"PRESTIGE ESTATES PROJECTS LTD.",A,STK,1374.55,1377,1329.25,1333.2,1343.4,1374.5,2252,10851,14642875,
533275,"SHAH METACORP LIMITED",B,STK,5,5.05,4.87,4.98,4.95,4.84,91,119321,592202,
533278,"COAL INDIA LTD.",A,STK,450.05,451.95,438.6,440.4,440.4,449.7,11865,644681,285517195,
533282,"GRAVITA INDIA LTD.",A,STK,1532.2,1553.55,1523.3,1535.9,1535.9,1537.15,1839,13262,20401473,
533284,"RPP INFRA PROJECTS LTD.",B,STK,70.53,70.77,68.6,69.51,69.2,70.36,173,11009,765522,
533285,"RDB INFRASTRUCTURE AND POWER L",X,STK,41.85,43.57,39.9,43.57,43.57,39.61,221,192917,8346414,
533286,"MOIL LTD.",A,STK,289.15,296.55,289.15,292.85,292.85,289.15,1200,62195,18301517,
533287,"ZEE LEARN LTD.",B,STK,5.99,5.99,5.57,5.61,5.61,5.57,177,44285,249184,
533289,"KESAR TERMINALS & INFRASTRUCTU",X,STK,63.5,63.5,60.38,62.1,62.1,63.06,4,190,11861,
533292,"A2Z INFRA ENGINEERING LIMITED",T,STK,16.83,16.99,15.81,15.89,15.81,16.59,60,33630,538911,
533293,"KIRLOSKAR OIL ENGINES LTD.",A,STK,1472.55,1529.4,1472.55,1513.55,1518,1467.9,5630,79139,119363984,
533294,"RAVI KUMAR DISTILLERIES LTD.",B,STK,20.4,20.46,17.8,20.46,20.46,17.05,146,12158,244518,
533295,"PUNJAB & SIND BANK",B,STK,25.4,25.4,24.65,24.96,24.96,25.33,1002,344449,8605318,
533296,"FUTURE MARKET NETWORKS LTD.",B,STK,8.32,8.83,8.31,8.33,8.32,8.67,22,9439,79879,
533298,"SURANA SOLAR LTD.",B,STK,23.99,23.99,21.98,22.17,22.1,21.35,67,3618,80436,
533301,"SHEKHAWATI INDUSTRIES LIMITED",B,STK,13.5,13.5,12.1,12.79,12.79,12.44,14,744,9530,
533302,"KALYANI INVESTMENT COMPANY LTD",B,STK,4808,4877,4808,4852.7,4852,4869,19,39,188864,
533303,"BF INVESTMENT LTD.",B,STK,375.6,386,375.6,384.3,384.25,378.65,216,4502,1727062,
533306,"SUMMIT SECURITIES LTD.",B,STK,1575.1,1658,1571,1630.5,1643,1583.4,95,390,621377,
533315,"INNOVASSYNTH TECHNOLOGIES (IND",X,STK,76.24,76.24,62,63.6,63.6,68.81,363,37110,2417558,
533316,"STEL HOLDINGS LIMITED",B,STK,518.85,534.1,518.85,531.5,530.4,523,47,406,213910,
533317,"OMKAR SPECIALITY CHEMICALS LTD",Z,STK,4.32,4.44,4.22,4.44,4.44,4.44,22,8475,36525,
533326,"TEXMACO RAIL & ENGINEERING LTD",A,STK,97.2,103.95,96.2,100.6,100.6,96.6,2334,237897,24065667,
533329,"INDIAN TERRAIN FASHIONS LTD.",B,STK,30.14,30.3,29.41,29.5,29.47,30.14,32,940,27888,
533333,"FINEOTEX CHEMICAL LTD.",B,STK,22.37,22.47,21.8,21.93,21.93,22.37,613,85260,1884346,
533336,"DHUNSERI INVESTMENTS LTD.",B,STK,890,894.05,888.9,890.05,890.05,888.9,20,70,62420,
533339,"ZEN TECHNOLOGIES LTD.",A,STK,1400.3,1439.95,1400.3,1425.75,1425.75,1405.7,4646,76798,109509814,
533343,"LOVABLE LINGERIE LTD.",B,STK,71.88,72.45,70.18,71.43,71,71.88,16,313,22263,
533344,"PTC INDIA FINANCIAL SERVICES L",B,STK,28.21,29.1,28.21,28.76,28.63,28.74,366,175494,5061677,
533385,"MOTILAL OSWAL MOST SHARES NASD",E,STK,213.72,222,213.72,221.16,221.02,219.21,797,32185,7109321,
533398,"MUTHOOT FINANCE LTD.",A,STK,3305.4,3326,3232,3238.1,3240,3305.4,2326,10434,34098560,
533407,"TRUE GREEN BIO ENERGY LIMITED",XT,STK,132,137.99,132,137.74,137.99,131.42,525,95053,13026489,
533408,"Aditya Birla Sun Life Mutual F",E,STK,137.32,140.41,137.32,139.06,138.9,140.85,304,8487,1183855,
533427,"VMS INDUSTRIES LTD.",X,STK,24.6,25.07,23.59,24.61,24.05,24.49,226,31107,759185,
533451,"KARMA ENERGY LTD.",B,STK,42,42,39.9,39.91,39.91,41.99,16,1682,67299,
533452,"DELPHI WORLD MONEY LIMITED",B,STK,12,12.93,11.89,12.17,12.2,12.27,593,133083,1672864,
533470,"RUSHIL DECOR LTD.",B,STK,16.1,17.37,16.1,16.72,16.72,16.84,76,8404,140945,
533477,"ENKEI WHEELS (INDIA) LTD.",X,STK,435.3,439.95,430.1,430.7,430.1,430.85,22,569,245708,
533482,"KRIDHAN INFRA LIMITED",B,STK,2.85,2.91,2.68,2.91,2.91,2.65,87,54250,156180,
533506,"INVENTURE GROWTH & SECURITIES",B,STK,1.04,1.07,1.04,1.07,1.07,1.05,83,164648,174730,
533519,"L&T Finance Limited",A,STK,275.35,276.9,271,271.8,271.8,275.5,3955,133162,36571497,
533520,"Indiabulls Limited",B,STK,9.97,10.14,9.52,9.55,9.67,9.77,394,200227,1957624,
533540,"TREE HOUSE EDUCATION & ACCESSO",T,STK,9.02,9.02,8.17,8.49,8.49,8.6,42,16295,137768,
533543,"BROOKS LABORATORIES LTD.",B,STK,62.05,62.73,59.42,61.16,61.19,61.8,95,3855,236975,
533552,"RUPA & COMPANY LTD.",B,STK,136,136.95,134.05,134.8,134.9,137.6,157,3862,522516,
533553,"T D POWER SYSTEMS LTD.",A,STK,899.95,908.55,871,879.35,871,883.35,1147,24199,21557136,
533570,"AXIS MUTUAL FUND - AXIS GOLD E",E,STK,133.93,133.93,131.24,131.41,131.41,132.98,641,39565,5229506,
533573,"ALEMBIC PHARMACEUTICALS LTD.",A,STK,706.45,723.5,702.15,710.45,710.45,707.15,217,1804,1287422,
533576,"VASWANI INDUSTRIES LTD.",B,STK,54.22,55,53.6,54.89,55,54.46,28,2012,109778,
533581,"PG ELECTROPLAST LTD.",A,STK,611.75,620.8,606.05,608,610.35,614.45,2828,71478,43824337,
533602,"LESHA INDUSTRIES LTD.",X,STK,0.77,0.79,0.67,0.74,0.76,0.77,221,309643,233351,
533605,"SETUBANDHAN INFRASTRUCTURE LIM",Z,STK,0.42,0.42,0.38,0.4,0.4,0.4,11,25624,9778,
533608,"RDB RASAYANS LTD.",X,STK,176.5,176.5,168.75,173.9,174.5,173.55,89,11944,2084931,
533629,"TIJARIA POLYPIPES LTD.",T,STK,4.96,4.96,4.7,4.73,4.87,4.74,16,7997,38827,
533632,"ONELIFE CAPITAL ADVISORS LTD.",B,STK,15.76,15.76,15.76,15.76,15.76,15.01,1,1,15,
533638,"FLEXITUFF VENTURES INTERNATION",B,STK,7.77,7.99,7.75,7.93,7.8,8.15,34,3553,27852,
533644,"UJAAS ENERGY LIMITED",B,STK,177,178.4,177,178.4,178.4,169.95,39,1497,265855,
533655,"TRIVENI TURBINE LTD.",A,STK,464.45,476.6,463,469.75,469.75,480.1,1218,24697,11607350,
533676,"INDO THAI SECURITIES LTD.",B,STK,258.1,263.4,256,261.95,263.4,257.55,192,11422,2956778,
533704,"ESSAR SHIPPING LTD.",B,STK,25.97,26.01,24.97,25.06,25.05,25.64,275,26524,673004,
533719,"IDBI MUTUAL FUND - IDBI GOLD E",E,STK,145,146.47,142.4,142.91,143.7,14396.51,221,10075,1462331,
533758,"APL APOLLO TUBES LTD.",A,STK,2141.45,2191.9,2141.45,2151.4,2185.5,2161.55,2778,14526,31580933,
533761,"GPT INFRAPROJECTS LTD.",B,STK,117.7,119.8,113.1,113.55,113.1,117.1,89,2912,336812,
533896,"FERVENT SYNERGIES LTD.",X,STK,17.89,17.91,17.01,17.52,17.91,17.99,16,370,6401,
533941,"THOMAS SCOTT (INDIA) LIMITED",B,STK,278.85,278.85,261,261.15,261,272.6,55,248,66109,
533982,"TERA SOFTWARE LTD.",B,STK,393.95,393.95,375,380.95,376,375.8,267,4424,1698326,
534060,"PMC FINCORP LIMITED",X,STK,1.79,2.04,1.77,1.88,1.88,1.79,532,985006,1830448,
534063,"FUTURISTIC SOLUTIONS LTD.",X,STK,41.6,41.6,41.6,41.6,41.6,41.63,1,5,208,
534064,"ALLIANCE INTEGRATED METALIKS L",X,STK,1.55,1.55,1.39,1.48,1.48,1.41,179,83862,125120,
534076,"RHI MAGNESITA INDIA LIMITED",A,STK,397,403.35,391.35,396.1,396.1,396.95,404,14084,5605008,
534091,"MULTI COMMODITY EXCHANGE OF IN",A,STK,2560,2590.5,2523,2533.95,2533.95,2559.75,7982,135150,344539447,
534139,"SCHNEIDER ELECTRIC INFRASTRUCT",T,STK,879.95,916.2,879.95,906.75,909,872.6,463,12050,10965480,
534190,"OLYMPIC CARDS LTD.",X,STK,3.1,3.1,3.09,3.09,3.09,3.1,3,42,130,
534309,"NBCC (India) Limited",A,STK,86.29,88.39,85.4,85.63,85.63,86.89,5747,780590,67949647,
534328,"HEXA TRADEX LTD.",B,STK,162,165.85,160,160.05,160.05,161,8,126,20258,
534338,"Max heights Infrastucture Ltd",X,STK,12.47,12.47,12.13,12.13,12.13,11.32,5,547,6806,
534369,"TRIBHOVANDAS BHIMJI ZAVERI LTD",B,STK,146.55,146.55,137.1,137.7,137.65,140.55,154,6963,970887,
534392,"VARDHMAN SPECIAL STEELS LTD.",B,STK,247.05,248,242.8,243.15,242.8,246.7,46,340,83372,
534422,"LOOKS HEALTH SERVICES LIMITED",XT,STK,9.16,9.16,9.16,9.16,9.16,9.34,7,326,2986,
534425,"SPECIALITY RESTAURANTS LTD.",B,STK,101.65,103.05,99.75,102.05,102.05,103,20,982,99435,
534532,"LYPSA GEMS & JEWELLERY LTD",B,STK,5.1,5.18,4.8,5.18,5.18,5.2,34,8735,43109,
534597,"RATTANINDIA ENTERPRISES LIMITE",A,STK,25.99,26.7,25.23,25.43,25.43,26.18,3172,404825,10470779,
534598,"Sampann Utpadan India Limited",B,STK,27.24,28.5,27.22,27.22,27.22,27.23,40,1496,42120,
534600,"JTL INDUSTRIES LIMITED",B,STK,53.48,55,52.49,53.43,53.43,53.31,360,138253,7347282,
534612,"ADVANCE METERING TECHNOLOGY LT",X,STK,16.83,17,16.62,16.64,16.9,16.63,23,1294,21799,
534615,"NORTH EASTERN CARRYING CORPORA",B,STK,14.5,14.5,13.13,13.6,13.92,13.48,103,8081,109256,
534618,"WAAREE RENEWABLE TECHNOLOGIES",A,STK,815,831,813.9,817.15,817.15,815,1059,18658,15315537,
534623,"JUPITER INFOMEDIA LTD.",X,STK,46.6,49.9,44.46,48.13,48.13,45.99,129,29777,1416295,
534674,"Ducon Infratechnologies Ltd",B,STK,3.15,3.24,3.03,3.06,3.06,3.23,217,189083,581090,
534675,"PROZONE REALTY LIMITED",B,STK,45,46.09,45,45.38,45.3,45.8,58,2402,109656,
534680,"SRG HOUSING FINANCE LTD.",B,STK,274.25,275.55,274.25,275.55,275.55,260,2,3,824,
534691,"COMFORT COMMOTRADE LTD.",X,STK,14.19,14.19,13.4,13.63,13.63,14.23,51,51458,706488,
534708,"SHANTI GURU INDUSTRIES LIMITED",MT,STK,8.43,9.31,8.43,9.31,9.31,8.87,7,45000,402780,
534732,"CASPIAN CORPORATE SERVICES LIM",X,STK,36.5,36.5,33.11,33.89,33.89,34.77,86,6320,217713,
534733,"Aerpace Industries Limited",XT,STK,23.18,23.82,23,23.36,23.67,23.18,183,86645,2037196,
534741,"VIRTUAL GLOBAL EDUCATION LTD.",X,STK,0.49,0.5,0.48,0.49,0.5,0.5,196,549667,267706,
534742,"ZUARI AGRO CHEMICALS LTD.",B,STK,206.05,212,205.05,205.45,207,210.75,345,6744,1400439,
534748,"STEEL EXCHANGE INDIA LTD.",B,STK,8.53,8.65,8.31,8.51,8.51,8.53,752,176939,1494335,
534755,"TRIO MERCANTILE & TRADING LTD.",X,STK,0.96,1.1,0.96,1.1,1.1,0.96,24,58450,63310,
534758,"CIGNITI TECHNOLOGIES LTD.",A,STK,1140.4,1163.75,1134,1145.3,1153.15,1140.3,93,654,749182,
534796,"CDG PETCHEM LIMITED",XT,STK,129,129.85,127.5,129,129,123.7,24,2360,305210,
534804,"CARE Ratings Limited",A,STK,1628.9,1647,1605.75,1620.3,1623.1,1628.8,123,668,1083843,
534809,"PC JEWELLER LTD.",A,STK,9.02,9.24,8.97,9.05,9.05,9.02,2572,8738208,79974087,
534816,"INDUS TOWERS LIMITED",A,STK,450.2,457.5,449,452.25,449.6,451.5,2378,141545,64221461,
534920,COVIDH,XT,STK,41.04,41.04,41.04,41.04,41.04,40.24,1,1,41,
534976,"V-MART RETAIL LTD.",A,STK,528.1,558.9,515,516.6,516.6,528,666,8677,4607312,
535136,"NIBE LIMITED",B,STK,1015,1036.75,986,991.3,991.3,976.8,439,9929,9996816,
535204,"Mukta Agriculture Limited",X,STK,3.05,3.05,2.9,2.9,2.9,3.06,22,2368,7105,
535205,"Mystic Electronics Limited",X,STK,3.1,3.45,3.1,3.25,3.25,3.2,13,1213,3949,
535267,"COMFORT FINCAP LTD.",X,STK,7.64,7.74,7.5,7.63,7.68,7.68,68,6395,48437,
535276,"SBI MUTUAL FUND - SBI ETF SENS",A,STK,886.72,886.73,874.73,875.56,883,887.62,2508,15250,13415964,
535322,"REPCO HOME FINANCE LTD.",B,STK,361.65,369.05,358.5,360.95,359.8,360.75,168,3984,1448289,
535387,"LAKHOTIA POLYESTERS (INDIA) LT",X,STK,55.1,55.1,55.1,55.1,55.1,55.1,4,40,2204,
535431,"GCM SECURITIES LTD",B,STK,0.63,0.67,0.63,0.65,0.65,0.67,113,122118,79052,
535458,"NRB INDUSTRIAL BEARINGS LTD.",B,STK,31.51,33,30.58,32.32,32.2,31.36,118,4365,135364,
535514,"PRIME CAPITAL MARKET LTD.",X,STK,6.06,6.35,6.06,6.35,6.35,6.05,3,127,771,
535566,"KIFS FINANCIAL SERVICES LTD.",X,STK,126,128.9,116.3,121.8,116.3,124,12,629,79041,
535601,"SREELEATHERS LTD.",B,STK,202.5,202.55,195.25,195.85,195.25,199,31,204,40695,
535602,"SHARDA MOTOR INDUSTRIES LTD",B,STK,845,870,827.3,830.8,830,847.55,198,2098,1771032,
535620,"BINNY MILLS LTD.",XT,STK,331,331,331,331,331,347.95,2,7,2317,
535621,"S V GLOBAL MILL LTD.",X,STK,136.4,136.4,124.4,124.4,124.4,129.95,12,256,34331,
535648,"JUST DIAL LTD.",A,STK,534.6,540,532.25,535.25,535.9,534.55,506,4705,2520555,
535657,"OBJECTONE INFORMATION SYSTEMS",XT,STK,6.69,7.03,6.69,7.03,7.03,7.03,9,948,6358,
535667,"INDIA FINSEC LTD.",X,STK,181,181,172,175.7,172,172,4,250,43925,
535693,"BRAHMAPUTRA INFRASTRUCTURE LTD",X,STK,167.2,167.45,154.6,160,160,162.3,339,25974,4132615,
535719,"AMPVOLTS LIMITED",X,STK,30.14,30.14,27.28,27.32,27.28,28.71,729,267433,7836058,
535730,"KHOOBSURAT LTD",X,STK,0.56,0.59,0.53,0.54,0.54,0.56,362,1997945,1094396,
535754,"ORIENT CEMENT LTD",A,STK,145.2,149.6,145,145.15,145,147.5,230,12938,1888919,
535755,"Aditya Birla Fashion and Retai",A,STK,63.06,64.79,62.05,62.46,62.46,64.45,1746,160767,10217603,
535789,"Sammaan Capital Limited",A,STK,144.5,147.1,142,142.35,142.8,145.05,1142,104511,15093973,
535910,"MONEY MASTERS LEASING & FINANC",B,STK,0.79,0.84,0.78,0.84,0.84,0.79,67,22412,18123,
535916,"ALACRITY SECURITIES LTD",B,STK,54.11,58.95,54.11,58.34,58,57.22,137,4325,249782,
535958,"Integra Essentia Limited",B,STK,1.51,1.64,1.33,1.38,1.37,1.46,745,1304930,1935297,
536073,"JULIEN AGRO INFRATECH LIMITED",X,STK,1.9,2.03,1.9,1.98,1.98,1.96,155,56986,112014,
536264,"TIGER LOGISTICS (INDIA) LTD",B,STK,29.48,29.88,28.45,28.63,28.77,29.37,191,9844,284111,
536493,"JK AGRI GENETICS LTD",X,STK,325.55,325.55,316,316,316,326.85,5,24,7680,
536507,"FUTURE LIFESTYLE FASHIONS LTD",Z,STK,1.23,1.23,1.2,1.23,1.23,1.23,15,15222,18641,
536565,"NOVELIX PHARMACEUTICALS LIMITE",X,STK,55,58.99,55,56.01,56.09,55,19,1632,92714,
536659,"PVV Infra Limited",X,STK,4.79,4.83,4.41,4.65,4.65,4.7,577,1067631,5001813,
536672,"VCU DATA MANAGEMENT LTD",X,STK,6.21,6.27,6.2,6.2,6.2,6.21,51,157869,986588,
536709,"IND Renewable Energy Ltd",Z,STK,10.9,11.4,10.9,11,11,11,51,9198,101933,
536773,"JINDAL POLY INVESTMENT AND FIN",B,STK,1100,1138.45,1090.65,1101.35,1090.65,1121.95,105,544,602375,
536960,"MOTILAL OSWAL MUTUAL FUND - MO",B,STK,61.12,62.83,61.12,61.9,61.97,62.4,326,37900,2361031,
536974,"CAPTAIN POLYPLAST LTD",X,STK,69.68,69.68,66,68.01,68.9,67.76,140,37152,2507682,
537007,"ICICI Prudential Nifty ETF",B,STK,274.32,278.36,274.32,275.74,277.55,279.16,952,23990,6635584,
537008,"ICICI Prudential Nifty 100 ETF",B,STK,27.86,28.75,27.74,27.85,27.85,28.43,134,6186,174087,
537069,"ARNOLD HOLDINGS LTD",X,STK,11.5,11.98,11.27,11.56,11.85,11.9,101,53765,618878,
537253,"SUNIL HEALTHCARE LTD",X,STK,69,69,67,67,67,63.71,4,4,270,
537259,"SUYOG TELEMATICS LTD",B,STK,684.5,716.05,675,699.25,691.45,681,45,930,657142,
537291,"NATH BIO-GENES (INDIA) LTD",B,STK,143,144.65,143,144,144,143,14,308,44339,
537292,"AGRI- TECH (INDIA) LTD",T,STK,113,113,112.95,112.95,112.95,118.85,9,46,5195,
537326,"CHEMTECH INDUSTRIAL VALVES LTD",X,STK,65.95,65.95,63.3,64.47,63.5,63.31,59,6565,422869,
537483,"NIPPON INDIA ETF NIFTY 100",B,STK,267.58,268.46,264.9,265.74,267.2,268.76,161,3538,943726,
537536,"DENIS CHEM LAB LTD",X,STK,73.05,75.2,73,73.68,73.68,73.14,34,4324,318047,
537582,"UNISHIRE URBAN INFRA LTD",M,STK,1.7,1.7,1.46,1.48,1.48,1.61,4,40000,62000,
537669,"LAXMIPATI ENGINEERING WORKS LI",M,STK,320,339,250.05,338.3,337.95,287.35,11,5500,1751475,
537707,"LADDU GOPAL ONLINE SERVICES LI",X,STK,0.93,0.93,0.89,0.9,0.9,0.93,284,649811,583843,
537708,"KOTAK MAHINDRA MUTUAL FUND - K",B,STK,271.73,272.5,269.04,270.33,271,272.54,161,4487,1217493,
537709,"SHREE HANUMAN SUGAR & INDUSTRI",XT,STK,4.71,4.71,4.4,4.61,4.41,4.49,45,7447,34290,
537750,"KIRAN VYAPAR LTD",X,STK,176.9,181.45,176.9,179.05,179.05,182.25,21,1698,304896,
537766,"B.C. POWER CONTROLS LTD",XT,STK,1.75,1.77,1.71,1.74,1.77,1.74,60,25133,43500,
537785,"RACE ECO CHAIN LIMITED",B,STK,112.05,114,110.15,114,114,114,26,541,61424,
537800,"MANGALAM INDUSTRIAL FINANCE LT",XT,STK,0.9,0.91,0.88,0.89,0.89,0.9,1482,3132708,2793670,
537820,"VIJI FINANCE LTD",B,STK,2.11,2.21,2.07,2.21,2.21,2.11,38,94062,204291,
537839,"PHOENIX TOWNSHIP LTD",X,STK,99,99,96.99,96.99,96.99,98.85,12,4031,395226,
537840,"RAUNAQ INTERNATIONAL LIMITED",X,STK,51,51,49,49,49,50.75,4,204,10374,
537985,"INFRONICS SYSTEMS LTD",X,STK,16.49,16.49,15,15.16,15.98,15.98,50,3588,56896,
538057,"CPSE ETF",A,STK,100.77,104.57,100.77,103.8,103.85,103.36,1407,140294,14604185,
538081,"HARIA APPARELS LTD",X,STK,5.44,6.07,5.25,5.99,5.99,5.09,39,102506,609764,
538092,"SHRI VASUPRADA PLANTATIONS LIM",X,STK,104.7,104.7,104.7,104.7,104.7,104.65,1,1,104,
538119,"R&B DENIMS LTD",T,STK,139.4,139.4,139.4,139.4,139.4,146.7,26,1119,155988,
538212,"SHARP INVESTMENTS LTD",XT,STK,0.38,0.39,0.37,0.39,0.38,0.38,95,239960,91728,
538268,"WONDERLA HOLIDAYS LTD",B,STK,489.7,497.6,487.75,495.95,497.6,488.1,58,660,324787,
538273,"RESPONSE INFORMATICS LTD",X,STK,23,23.99,22.6,23.95,23.95,22.6,22,4416,105630,
538319,"GCM CAPITAL ADVISORS LTD",MT,STK,3.83,3.83,3.83,3.83,3.83,3.65,1,6000,22980,
538351,"A.F. ENTERPRISES LTD",Z,STK,2.06,2.1,1.99,2,2,2.09,122,184060,370189,
538365,"INCREDIBLE INDUSTRIES LIMITED",B,STK,34.88,34.88,32.91,33.05,34.2,34.03,29,833,27670,
538382,"WEST LEISURE RESORTS LTD",X,STK,83.47,89.79,83.46,86.55,85.6,87.22,8,1074,90731,
538395,"NAM SECURITIES LTD",X,STK,78.61,78.61,78.58,78.61,78.58,71.47,7,103,8096,
538401,"MAESTROS ELECTRONICS & TELECOM",X,STK,138.5,144.5,138.5,143.45,144,138.55,85,6109,872193,
538422,"JACKSON INVESTMENTS LTD",X,STK,0.45,0.47,0.45,0.46,0.46,0.46,154,187047,85464,
538446,"MONEYBOXX FINANCE LIMITED",B,STK,65.72,69.1,65.72,68.97,69,66.11,216,20995,1425919,
538451,"WORTH INVESTMENT & TRADING CO",X,STK,2.78,2.93,2.78,2.78,2.78,2.92,473,863529,2419203,
538464,"THIRANI PROJECTS LTD",X,STK,4.4,4.4,4.07,4.07,4.07,4.12,11,1204,5104,
538465,"AMARNATH SECURITIES LTD",X,STK,12.36,12.5,10.11,11.17,11.17,12.12,103,55966,616030,
538476,"CAPITAL TRADE LINKS LTD",X,STK,17.27,17.27,16,16.8,16.8,16.83,34,10916,178031,
538496,"TARINI INTERNATIONAL LTD",M,STK,8.94,8.94,6.56,7.49,7.49,8,18,54000,394440,
538520,"SHIVAMSHREE BUSINESSES LIMITED",XT,STK,1.68,1.68,1.52,1.55,1.52,1.6,9,694,1127,
538539,"ANNVRRIDHHI VENTURES LIMITED",X,STK,9.12,9.84,8.06,8.9,8.99,9.36,167,45362,396687,
538540,"RAMCHANDRA LEASING & FINANCE L",XT,STK,10.2,10.2,10.2,10.2,10.2,10.4,60,82791,844468,
538546,"BANSAL ROOFING PRODUCTS LTD",B,STK,117.8,118,112,114.35,115,112.35,243,9846,1126691,
538556,"ARMAN HOLDINGS LTD",X,STK,114.3,114.3,112,114.3,114.3,114.4,3,3902,437028,
538562,"SKIPPER LTD",A,STK,350,355.25,345.05,347.1,345.85,350,301,7382,2596086,
538563,"SMT ENGINEERING LIMITED",XT,STK,448.35,448.35,448.35,448.35,448.35,439.6,1,50,22417,
538564,"JAMES WARREN TEA LTD",X,STK,297.1,304,297.1,299.95,300,297.35,18,1059,315376,
538565,"Vistar Amar Limited",XT,STK,180,187.9,180,182.2,186,182,53,1752,325615,
538567,"GULF OIL LUBRICANTS INDIA LTD",B,STK,1005,1036.2,1005,1018.05,1013,1023.35,272,1569,1605912,
538568,"FRUITION VENTURE LTD",X,STK,43.64,43.64,39.5,40,40,41.57,6,512,20769,
538569,"TRIVENI ENTERPRISES LTD",X,STK,1.09,1.26,1.09,1.26,1.26,1.1,32,11435,12634,
538576,"BHANDERI INFRACON LTD",MT,STK,152,152,152,152,152,160,3,24000,3648000,
538596,"CEMANTIC INFRA-TECH LIMITED",XT,STK,5.56,5.56,5.04,5.55,5.55,5.3,12,944,5232,
538597,"TTI ENTERPRISE LTD",XT,STK,9.9,10.19,9.54,9.98,9.98,9.97,8,480,4802,
538598,"VISHAL FABRICS LTD",B,STK,20.08,20.39,19.11,19.66,19.7,20.08,448,68295,1353612,
538607,"TOYAM SPORTS LIMITED",X,STK,0.87,0.9,0.85,0.89,0.9,0.87,284,516721,456443,
538609,"GAJANAN SECURITIES SERVICES LT",X,STK,55.48,56,53.11,55.72,55.8,55.48,27,3655,196497,
538610,"UNISON METALS LTD",X,STK,0.93,0.99,0.92,0.93,0.93,0.95,531,1254016,1187235,
538611,"Real Touch Finance Limited",Z,STK,53.55,53.55,53.53,53.53,53.53,51,3,17,910,
538634,"VASUNDHARA RASAYANS LTD",X,STK,121,124.4,116,120,120,124.4,58,2662,316104,
538635,"SNOWMAN LOGISTICS LTD",B,STK,38.3,38.61,37.4,37.69,37.6,37.65,77,3017,113971,
538646,"QGO FINANCE LIMITED",X,STK,40.25,41.8,38.08,39.99,39.99,40.32,15,118,4682,
538647,"PURSHOTTAM INVESTOFIN LTD",X,STK,35,37.21,33.67,33.68,33.67,35.44,6,208,7143,
538666,"Sharda Cropchem Limited",A,STK,1069,1093,1039.55,1044.75,1044.25,1068.75,386,5657,6019386,
538667,"Sirohia & Sons Limited",M,STK,5.78,5.78,5.78,5.78,5.78,4.82,1,10000,57800,
538668,"Meghna Infracon Infrastructure",B,STK,538.7,544.35,517,529.6,534.55,531.75,475,44091,23280018,
538674,"City Online Services Limited",Z,STK,8.02,8.02,8.02,8.02,8.02,8.02,10,1161,9311,
538683,"NIPPON INDIA ETF SENSEX",A,STK,917.04,917.05,899.64,900.98,902.6,914.59,669,32771,29741557,
538685,"SHEMAROO ENTERTAINMENT LIMITED",B,STK,102.35,103.7,102.35,103.7,103.7,102.35,2,3,309,
538706,"Ultracab (India) Limited",X,STK,7.16,7.18,6.77,7,7,6.93,274,108583,765289,
538707,"Rajasthan Cylinders & Containe",X,STK,33.9,33.9,32.5,32.5,32.5,32.45,9,1056,35233,
538708,"Econo Trade (India) Limited",X,STK,7.16,7.64,6.98,7.1,7.1,7.16,27,1507,10794,
538713,"Atishay Limited",X,STK,202.3,212,196,205.1,205,203.7,253,15365,3129042,
538714,"Sangam Finserv Limited",X,STK,41.2,41.2,38.8,40.7,40.7,39.82,25,748,29944,
538715,"Dhabriya Polywood Limited",X,STK,326,336.95,326,333.85,333.85,325.1,76,4360,1445108,
538716,"Aryaman Capital Markets Limite",B,STK,407.5,428,402.5,428,428,408.1,24,379,158820,
538730,"PDS LIMITED",B,STK,298.25,303.15,291.3,293.65,297.75,299.85,88,4463,1315589,
538732,"Vibrant Global Capital Limited",X,STK,33.43,33.43,31.52,31.6,31.6,31.54,26,9732,308716,
538734,"CEINSYS TECH LIMITED",B,STK,908.95,922.25,898.95,904.55,904.55,910.2,1310,14973,13617517,
538742,"PANABYTE TECHNOLOGIES LIMITED",XT,STK,34,34.95,32.7,34.81,34.81,34.2,17,9848,327920,
538743,"Mudunuru Limited",XT,STK,13.85,13.85,13.85,13.85,13.85,14.13,11,11034,152820,
538770,"Crane Infrastructure Limited",X,STK,15.69,15.69,12.75,12.81,12.81,15.52,135,17140,223911,
538772,"Niyogin Fintech Limited",X,STK,36.5,37.65,34.11,35.65,36.35,36.5,240,98804,3585894,
538778,"Kalyan Capitals Limited",X,STK,6.29,6.9,6.1,6.75,6.75,6.42,89,30217,198511,
538787,"Goenka Business & Finance Limi",X,STK,10.12,11.9,9.8,10.48,10.48,10.6,383,145263,1588095,
538788,"Gilada Finance & Investments L",XT,STK,12.14,12.14,11.4,11.8,11.8,11.57,32,6195,72352,
538795,"Shree Ajit Pulp And Paper Ltd.",X,STK,268.95,270.9,261.45,269.5,270.9,261.45,33,2592,697196,
538817,"Captain Pipes Limited",B,STK,9.23,9.23,8.81,9.01,9.09,8.96,392,64247,577119,
538833,"KAIZEN AGRO INFRABUILD LIMITED",X,STK,9.64,9.64,9.1,9.58,9.58,9.48,26,2683,25787,
538834,"JMJ Fintech Limited",X,STK,11.46,11.46,11.2,11.26,11.34,11.36,115,41685,471261,
538835,"INTELLECT DESIGN ARENA LIMITED",A,STK,658.6,691.05,658.4,681.35,680,658.5,1556,29767,20285332,
538836,"Monte Carlo Fashions Limited",B,STK,517.85,526,516.9,518.2,521.9,517.45,69,1091,566860,
538837,"Jeevan Scientific Technology L",X,STK,70.5,71.49,69.5,70.13,70.55,69.5,35,9266,656539,
538838,"Indo Cotspin Limited",X,STK,25,25,23.32,24.99,24.99,25,11,156,3708,
538857,"Scintilla Commercial & Credit",XT,STK,13,13.01,13,13.01,13.01,13.11,5,1135,14765,
538860,"PANAFIC INDUSTRIALS LTD",X,STK,0.7,0.71,0.68,0.68,0.68,0.69,45,25748,17744,
538862,"My Money Securities Ltd.",X,STK,39.66,39.66,36.43,36.53,36.43,38.96,8,167,6415,
538868,"Continental Securities Limited",X,STK,16.84,16.84,16.21,16.25,16.25,16.05,79,10118,167577,
538874,"NEXUS SURGICAL AND MEDICARE LI",X,STK,17.5,18.01,17.5,18.01,18.01,18.05,19,1492,26710,
538875,"SELLWIN TRADERS LIMITED",X,STK,6.25,6.42,6.1,6.42,6.42,6.12,168,421356,2669539,
538881,"Galada Finance Limited",X,STK,24.15,24.15,22.01,22.33,23.25,23,14,920,20457,
538882,"Emerald Finance Limited",X,STK,56,56.8,52.8,54.27,54.27,56.28,693,121855,6578346,
538890,"M. K. Exim (India) Ltd.",X,STK,50.7,54.8,50.5,52.73,54.8,50.91,141,35049,1817458,
538891,"MAGELLANIC CLOUD LIMITED",B,STK,23.55,24.07,22.85,23.38,23.38,23.47,987,165522,3870475,
538894,"Octal Credit Capital Ltd.",X,STK,20.65,24.89,20.65,23.87,23.87,22.9,17,665,14227,
538895,"Mihika Industries Ltd.",X,STK,12.97,12.97,11.75,11.96,12,11.86,23,1228,14679,
538896,"Kanchi Karpooram Ltd.",X,STK,326,334,324,330.95,331,326.3,48,1835,605937,
538902,"Dhunseri Tea & Industries Ltd",B,STK,137.9,137.9,135.15,136,137.25,133.45,7,28,3818,
538918,"Vani Commercials Limited",X,STK,8.66,8.8,8.16,8.57,8.63,8.99,45,13726,116448,
538919,"SKYLINE VENTURES INDIA LIMITED",X,STK,23,23,22.8,22.8,22.8,24,7,5013,114337,
538920,"VINTAGE COFFEE AND BEVERAGES L",B,STK,138.1,139.85,134.25,135.3,136.05,138.1,351,16760,2313646,
538922,"COSYN Limited",X,STK,21,21.86,20.5,20.54,20.54,20.97,22,1351,27834,
538923,"SOFCOM SYSTEMS LIMITED",X,STK,23.4,24.84,22.7,24.64,24.64,22.59,282,152330,3694938,
538926,"Naturite Agro Products Limited",X,STK,232,232,198.1,213.45,198.1,218.75,69,10607,2293377,
538928,"Karnavati Finance Limited",X,STK,1.23,1.26,1.22,1.24,1.23,1.2,58,738501,915956,
538942,"Mercantile Ventures Limited",X,STK,22.55,23.2,22.55,22.75,22.75,22,25,474,10806,
538943,"Sonal Mercantile Limited",XT,STK,100.8,100.8,96.25,96.45,96.25,100.85,13,230,22173,
538952,"Abhinav Leasing & Finance Limi",X,STK,1.34,1.34,1.25,1.33,1.33,1.34,18,1826,2428,
538961,"GENUS PAPER & BOARDS LIMITED",B,STK,12.31,12.64,12.1,12.58,12.58,12.33,14,784,9594,
538962,"Minda Corporation Limited",A,STK,528.9,529,520,520.4,520,529.5,678,10367,5431593,
538964,"Mercury Laboratories Limited",X,STK,812,882.85,775,792.6,792,792.3,13,135,108855,
538965,"Concord Drugs Limited",X,STK,75,75,73.51,75,75,73.02,15,433,32449,
538970,"WARDWIZARD INNOVATIONS AND MOB",X,STK,6.66,6.85,6.52,6.64,6.7,6.77,1218,441113,2946482,
538975,"Shree Securities Ltd.",Z,STK,0.19,0.2,0.19,0.19,0.19,0.19,271,951545,182051,
538979,"Greenlam Industries Ltd",B,STK,233.9,235.95,230.35,234.05,235,237.95,66,771,179169,
538987,"TALBROS ENGINEERING LIMITED",X,STK,673.8,673.8,638.5,639.65,641.6,650.8,60,548,354525,
539006,"PTC Industries Ltd.",A,STK,18068.45,18261.8,17701.2,17751,17742.4,17988.25,274,493,8815482,
539011,"CHENNAI FERROUS INDUSTRIES LIM",X,STK,83,85.35,80.9,82.42,81.02,86.63,72,5049,416208,
539012,"Megri Soft Limited",X,STK,97.99,97.99,96,96,96,95.9,2,53,5093,
539013,"GITA RENEWABLE ENERGY LIMITED",X,STK,68.91,68.91,65,67.28,67.29,65.97,49,1656,111019,
539014,"Kalpa Commercial Limited",XT,STK,9.98,9.98,9.98,9.98,9.98,10.18,2,41,409,
539015,"Ortel Communications Limited",Z,STK,1.56,1.56,1.49,1.54,1.55,1.56,5,3310,5048,
539016,"Neil Industries Ltd.",X,STK,7,7.37,6.67,6.8,6.8,6.83,37,4179,28991,
539017,"STAR HOUSING FINANCE LIMITED",X,STK,6.33,6.33,6.01,6.09,6.03,6.08,169,83789,515189,
539018,"Beekay Steel Industries Ltd.",X,STK,396,396,381,389.45,387.5,387.2,49,1038,401367,
539031,"SBI Mutual Fund",A,STK,287,287,283.57,283.86,283.87,286.95,35,484,138216,
539032,"Fraser And Company Limited",X,STK,10.04,10.42,9.72,10.17,10.42,9.93,59,47731,491891,
539040,"TIRUPATI INNOVAR LIMITED",X,STK,6.53,6.53,6.02,6.09,6.26,6.33,274,45239,278911,
539041,"GANESHA ECOVERSE LIMITED",M,STK,21.6,24.38,21.6,22.87,22.87,22.06,104,522500,12055637,
539042,"AGI Infra Limited",B,STK,311.05,316,286.95,301.3,304.05,311.5,1081,82287,25135940,
539044,"Manaksia Steels Limited",B,STK,56.92,57.3,55.9,57.08,57.08,56.5,21,657,37314,
539045,"Manaksia Aluminium Company Ltd",T,STK,28,29,28,29,29,27.62,64,20282,585515,
539046,"Manaksia Coated Metals & Indus",B,STK,126.4,129.2,123.1,125.05,124.3,126.4,716,17745,2233540,
539056,"IMAGICAAWORLD ENTERTAINMENT LI",B,STK,41.01,41.66,39.83,40.04,39.84,41.24,314,62237,2529275,
539083,"Inox Wind Limited",A,STK,85.7,88.07,83.63,83.87,83.89,86.27,2461,362987,31120321,
539091,"Consecutive Commodities Limite",X,STK,0.82,0.82,0.79,0.79,0.8,0.81,177,106109,84572,
539097,"UR SUGAR INDUSTRIES LIMITED",B,STK,2.53,2.53,2.23,2.28,2.28,2.47,203,289010,665139,
539098,"Filtra Consultants and Enginee",M,STK,64,64,64,64,64,60,1,2000,128000,
539111,"SHESHADRI INDUSTRIES LIMITED",X,STK,15.25,16.8,15.21,15.39,15.99,16,27,1095,17550,
539112,"SAB INDUSTRIES LIMITED",X,STK,115.8,115.8,110.3,110.3,110.3,110.3,3,51,5630,
539113,"Paul Merchants Ltd.",X,STK,481.3,495.45,480,493.15,492,493.55,23,579,280373,
539117,"Sujala Trading & Holding Ltd.",X,STK,49,50.74,48.16,50.06,50.06,49.94,480,114740,5690103,
539118,"VRL Logistics Limited",B,STK,271.25,275,268.65,273.55,274.2,271.3,671,5543,1507027,
539120,"GRAMEVA LIMITED",X,STK,51.5,56.71,51.32,56.71,56.7,54.02,9,161,8507,
539121,"Palco Metals Limited",X,STK,112.8,112.8,106,106.1,106.1,106.05,33,251,27067,
539122,"Bodhtree Consulting Limited",XT,STK,19.1,19.43,19,19,19,19.99,83,19522,372003,
539123,"V B INDUSTRIES LIMITED",X,STK,7.45,7.45,6.79,7.2,7.2,7.14,32,5857,40341,
539124,"Survottam Finvest Ltd.",X,STK,20,20,18.48,19.22,19.96,19.29,15,6007,113637,
539126,"MEP Infrastructure Developers",Z,STK,0.98,0.98,0.98,0.98,0.98,0.99,17,7036,6895,
539132,"Wardwizard Foods and Beverages",X,STK,9.14,9.14,8.7,8.83,8.83,8.86,210,253288,2252504,
539141,"UFO Moviez India Limited",B,STK,69.98,72.89,67.01,67.26,67.9,68.04,182,3220,219629,
539143,"PANTH INFINITY LIMITED",X,STK,7.24,7.34,7.24,7.32,7.32,7.24,70,15198,110990,
539148,"Shivalik Rasayan Ltd.",B,STK,278.75,281.3,270.95,275.5,275.5,278.6,168,2542,696083,
539149,"Integrated Capital Services Lt",XT,STK,3.34,3.34,3.34,3.34,3.34,3.34,4,434,1449,
539150,"PNC Infratech Limited",A,STK,197,210.4,197,200.6,201.65,197.1,663,35032,7132545,
539151,"Arfin India Limited",B,STK,77.9,78.44,74.37,77.39,75.21,75.74,392,35730,2748426,
539167,"Virat Leasing Limited",X,STK,28.67,28.67,28.67,28.67,28.67,27.31,4,14,401,
539175,"BLUEGOD ENTERTAINMENT LIMITED",XT,STK,3.5,3.59,3.33,3.47,3.55,3.6,534,1403891,4796770,
539176,"Hawa Engineers ltd.",X,STK,83.99,83.99,80.1,80.21,80.28,76.95,8,92,7479,
539177,"Authum Investment & Infrastruc",A,STK,444.75,448.85,430.65,432.15,430.95,436.25,988,9662,4225073,
539189,"Adhbhut Infrastructure Ltd.",X,STK,13.4,14.45,12.25,13.22,13.89,13.4,10,512,6843,
539190,"Decillion Finance Ltd.",X,STK,46,46,45,45,45,46,2,23,1044,
539195,"POCL ENTERPRISES LTD",X,STK,190.85,190.85,184.5,186.15,186.5,187.95,227,26842,5029110,
539196,"Amba Enterprises Ltd.",X,STK,126,128.5,125.15,125.85,125.15,124.5,64,6833,866390,
539199,"SG FINSERVE LIMITED",B,STK,377,387.55,377,378.4,377.05,382.15,176,4292,1642792,
539200,"NOBLE POLYMERS LIMITED",X,STK,0.82,0.82,0.82,0.82,0.82,0.69,2,2000,1640,
539201,"SATIA INDUSTRIES LIMITED",B,STK,62.21,62.69,61.75,61.79,61.76,62.39,48,2009,124300,
539206,"GENOMIC VALLEY BIOTECH LIMITED",X,STK,29,29,29,29,29,29,2,15,435,
539216,"GARMENT MANTRA LIFESTYLE LIMIT",X,STK,1.79,1.93,1.72,1.85,1.8,1.79,624,1508073,2763532,
539217,"Srestha Finvest Limited",X,STK,0.26,0.26,0.25,0.25,0.26,0.25,428,2020267,517425,
539218,"Saumya Consultants Ltd.",X,STK,136.6,142.7,136.6,142.7,142.7,135.95,2,2,279,
539219,"MAURIA UDYOG LIMITED",X,STK,9.43,9.74,9.14,9.2,9.2,9.12,56,11597,109682,
539220,"Mishka Exim Limited",X,STK,42.05,42.05,40.15,40.15,40.15,42,4,114,4769,
539221,"Sportking India Ltd.",B,STK,111.35,111.7,109.6,110.2,109.6,110.85,73,1274,140784,
539222,"GROWINGTON VENTURES INDIA LIMI",B,STK,0.92,0.97,0.91,0.97,0.97,0.92,1109,10991192,10522757,
539224,"HCKK Ventures Limited",XT,STK,35.5,35.5,32.33,32.33,32.33,34.03,3,6,209,
539226,"RUDRA GLOBAL INFRA PRODUCTS LI",B,STK,17.84,18.2,17.52,18.06,18.1,17.74,96,11078,198305,
539227,"Loyal Equipments Limited",X,STK,190,196.5,174,180.55,181.4,198.8,317,16150,2913037,
539228,"Gala Global Products Limited",Z,STK,1.25,1.25,1.25,1.25,1.25,1.31,168,180678,225847,
539251,"Balkrishna Paper Mills Ltd.",B,STK,16,16.52,15.6,15.8,15.8,16.01,11,384,6094,
539252,"Shyam Century Ferrous Limited",B,STK,4.83,5.14,4.82,4.86,4.86,5.07,110,18765,92288,
539254,"Adani Energy Solutions Limited",A,STK,987.75,1007,982,991.85,991.85,987.75,1307,24204,24079845,
539255,"STAR DELTA TRANSFORMERS LIMITE",X,STK,474,485,462.85,474.05,474.05,472.75,53,519,246713,
539267,"SAMSRITA LABS LIMITED",X,STK,17.65,18.25,17.59,17.88,18.25,17.59,5,84,1489,
539268,"Syngene International Limited",A,STK,403.6,408.85,398.1,399.15,408.85,403.55,457,10833,4353973,
539275,"Mangalam Seeds Limited",X,STK,145,145,132.2,134,133.5,137.2,49,3073,410593,
539276,"Kaya Limited",B,STK,321.1,324.05,318.55,318.55,318.55,321.2,4,64,20561,
539277,"Alstone Textiles (India) Ltd",X,STK,0.14,0.15,0.14,0.14,0.14,0.15,4468,37296626,5282669,
539278,"Symbiox Investment & Trading C",X,STK,1.65,1.75,1.61,1.75,1.75,1.65,24,18295,29664,
539287,"ORTIN GLOBAL LIMITED",T,STK,16.38,17.7,16.38,17.7,17.7,17.24,3,54,900,
539288,"Avi Polymers Ltd.",XT,STK,24.2,24.2,24.2,24.2,24.2,23.05,84,24581,594860,
539289,"Aurum PropTech Limited",B,STK,173.75,175,166,168.55,169.9,173.8,41,924,159844,
539290,"Oswal Greentech Limited",B,STK,25,25.36,24.7,25.17,25.17,24.89,72,4909,122858,
539300,"SUNRAKSHAKK INDUSTRIES INDIA L",X,STK,234.1,243.95,234.1,237,236.5,241.3,106,3501,835402,
539301,"Arvind SmartSpaces Limited",B,STK,510.45,516.9,496.7,506.05,505,512.4,107,5011,2522851,
539302,"Power Mech Projects Limited",A,STK,2035,2070.15,2005,2015.1,2008,2032.2,415,2347,4785517,
539309,"Rama Steel Tubes Limited",B,STK,6.3,6.43,6.23,6.36,6.36,6.2,1104,1672211,10646078,
539310,"THINKINK PICTUREZ LIMITED",X,STK,0.19,0.19,0.18,0.19,0.19,0.18,317,1471182,274436,
539312,"UTI BSE Sensex ETF",A,STK,877,879.73,872,872,872,882.1,43,290,253665,
539313,"UTI Mutual Fund",B,STK,273.5,273.5,269.95,270.22,270.25,274.02,62,1801,488750,
539314,"Universal Autofoundry Limited",B,STK,54.12,57.65,54.12,55.5,55.5,57.66,92,5507,305933,
539331,"VETO SWITCHGEARS AND CABLES LI",B,STK,101.45,102.15,100,101.65,101.55,99.95,22,936,94548,
539332,"Navkar Corporation Limited",B,STK,88.06,90.25,88.06,89.13,89.25,89.67,202,15884,1416193,
539334,"Shree Pushkar Chemicals & Fert",B,STK,300.6,307.85,296.9,297.95,297.55,303.75,139,2911,880230,
539335,"Callista Industries Limited",XT,STK,180,180,180,180,180,177,12,413,74340,
539336,"Gujarat Gas Limited",A,STK,396.55,401,391,396.25,396.25,397.2,645,25105,9960728,
539337,"WAAREE TECHNOLOGIES LIMITED",M,STK,144.85,155.75,144.85,152.05,152,153,59,12075,1817725,
539346,"Sadbhav Infrastructure Project",B,STK,3.23,3.38,3.18,3.19,3.21,3.22,180,32617,105662,
539353,"SAL AUTOMOTIVE LIMITED",X,STK,195,195,189,189,189,195.95,7,125,23651,
539354,"Polyspin Exports Ltd.",X,STK,27,29.95,27,29.77,29.95,27.1,35,14677,406130,
539359,"Pritika Auto Industries Limite",B,STK,12.01,12.49,12.01,12.03,12.03,12.13,112,8713,105789,
539378,"Soni Medicare Limited",X,STK,46,50.61,46,50.61,50.61,48.2,8,149,7527,
539383,"Mahaveer Infoway Limited",Z,STK,8.09,8.09,7.54,8.08,8.08,7.93,12,5878,44450,
539398,"Vishal Bearings Limited",B,STK,53.94,53.94,53.1,53.66,53.66,53.94,34,529,28300,
539399,"Bella Casa Fashion & Retail Li",B,STK,282,282,261.4,274.7,275,268,114,6843,1846742,
539400,"MALLCOM (INDIA) LTD.",B,STK,1096.2,1096.2,1070,1071.8,1070,1085.1,20,58,62860,
539402,"Naksh Precious Metals Limited",B,STK,4.67,5.01,4.67,5.01,5.01,4.66,10,4276,20664,
539404,"SATIN CREDITCARE NETWORK LIMIT",B,STK,152.9,153.2,150.45,150.8,151.5,152.8,46,1844,281838,
539407,"Generic Engineering Constructi",B,STK,44.49,44.56,43.25,43.4,43.25,44.17,21,955,41997,
539408,"Kuber Udyog Limited",X,STK,12.48,13.72,12.48,13.72,13.72,12.48,2,6061,83081,
539428,"Tejnaksh Healthcare Limited",X,STK,13.75,13.75,13,13.28,13.05,13.24,27,1283,17081,
539435,"Richfield Financial Services L",X,STK,31.48,31.48,29.95,29.95,29.95,31.48,6,351,11034,
539436,"Coffee Day Enterprises Limited",B,STK,27.68,27.73,27.05,27.16,27.16,27.67,343,49304,1353881,
539437,"IDFC FIRST BANK LIMITED",A,STK,70.41,71.25,69.76,69.98,69.98,70.41,13053,1746580,123280798,
539448,"InterGlobe Aviation Limited",A,STK,4488,4488,4377.6,4404.6,4414.1,4504.85,10950,215145,950312613,
539449,"IGC Industries Limited",X,STK,2.15,2.17,2.05,2.15,2.15,2.06,98,87229,185931,
539450,"S H Kelkar and Company Limited",B,STK,135,138.35,133,134.15,136.05,134.9,263,17249,2344298,
539455,"ARYAVAN ENTERPRISE LIMITED",X,STK,53.5,53.5,51,52.87,52.87,52.16,61,41017,2163854,
539468,"Typhoon Financial Services Lim",X,STK,43.65,43.65,39.8,42.74,42.73,41.89,28,172,7372,
539469,"PANORAMA STUDIOS INTERNATIONAL",B,STK,44.02,46.43,40.56,42.82,42.82,44.92,389,75091,3250156,
539470,"Shree Ganesh Biotech (India) L",X,STK,0.6,0.6,0.59,0.6,0.6,0.6,301,383614,228488,
539479,"GTV Engineering Limited",X,STK,62.49,62.88,58.1,59.2,59.75,61.63,326,121207,7363776,
539480,"LIC MF EXHGE TRADED FUND-NIFTY",B,STK,275.32,275.51,274.96,274.96,274.96,274.5,3,10,2753,
539492,"Garbi Finvest Limited",X,STK,13.89,13.89,12.25,12.29,12.29,12.5,50,10683,131790,
539494,"Smart Finsec Limited",X,STK,7.53,7.99,7.53,7.91,7.91,7.49,94,25282,197464,
539495,"Rajkot Investment Trust Limite",XT,STK,36.15,36.15,36.15,36.15,36.15,38,1,2,72,
539506,"Adcon Capital Services Limited",X,STK,0.46,0.46,0.43,0.43,0.43,0.45,254,351805,155693,
539515,"Quint Digital Limited",X,STK,37.99,42,37.99,41.13,41.79,37.99,54,4640,186157,
539516,"HDFC Mutual Fund",B,STK,279.45,279.45,274,275.26,276,277.57,160,7042,1942134,
539517,"HDFC Mutual Fund",A,STK,89.18,90,89,89.06,89.14,90.25,217,8758,783495,
539518,"Uday Jewellery Industries Limi",X,STK,131.45,131.45,124,125.35,127.95,128.85,15,291,36449,
539519,"SATTVA SUKUN LIFECARE LIMITED",X,STK,0.76,0.76,0.73,0.73,0.74,0.74,123,818914,604125,
539522,"Grovy India Limited",X,STK,44,44,39,39.6,40.05,37.29,64,2164,88124,
539523,"Alkem Laboratories Limited",A,STK,5561.05,5576.05,5509.9,5540.05,5545.45,5544.3,127,662,3662910,
539524,"Dr. Lal Pathlabs Limited",A,STK,1331.65,1366.1,1331.65,1359.9,1362.25,1337.7,828,4726,6405079,
539526,"Suncare Traders Limited",X,STK,0.6,0.64,0.6,0.63,0.63,0.6,219,824871,512996,
539527,"Creative Castings Limited",X,STK,540,558,537.5,558,558,558.95,5,11,6081,
539528,"AAYUSH WELLNESS LIMITED",XT,STK,31,31.16,31,31.16,31.16,29.68,163,45804,1425661,
539533,"ELITECON INTERNATIONAL LIMITED",B,STK,56,57.83,52.35,52.36,52.36,55.1,6707,1513334,82680598,
539542,"LUX Industries Limited",B,STK,885.7,908.75,873.9,888.85,892.05,883.95,142,1909,1694303,
539545,"Apoorva Leasing Finance & Inve",X,STK,36.16,36.16,36.16,36.16,36.16,36.16,2,4,144,
539546,"AGRIBIO SPIRITS LIMITED",X,STK,263.5,270,263,264.55,266.8,263.5,95,13102,3482515,
539551,"Narayana Hrudayalaya Limited",A,STK,1768.05,1768.05,1734.3,1754.55,1764,1768.45,2080,15531,27124217,
539552,"F MEC INTERNATIONAL FINANCIAL",X,STK,72,74.95,71.05,72.23,71.5,70.77,53,4145,301816,
539559,"Deep Diamond India Limited",X,STK,2.76,2.82,2.71,2.8,2.8,2.72,2049,1944252,5402568,
539561,"SUPHA PHARMACHEM LIMITED",X,STK,0.41,0.47,0.41,0.43,0.43,0.45,2695,40006916,17559750,
539562,"AARNAV FASHIONS LIMITED",B,STK,25.35,25.97,25,25.06,25.06,25.35,112,6953,177549,
539574,"Sunshine Capital Ltd.",X,STK,0.21,0.22,0.2,0.22,0.22,0.21,1745,8051806,1711960,
539584,"SHARANAM INFRAPROJECT AND TRAD",Z,STK,0.25,0.25,0.24,0.24,0.24,0.25,434,2534189,608394,
539593,"Shivansh Finserv Limited",X,STK,7.23,7.4,6.65,7.13,7.35,7.23,10,397,2931,
539594,"Mishtann Foods Limited",X,STK,4.08,4.15,4.02,4.12,4.12,4.08,1633,717784,2951447,
539596,"Delta Industrial Resources Lim",X,STK,13.07,13.25,13.07,13.11,13.11,13.09,6,2709,35830,
539598,"CREDENT GLOBAL FINANCE LIMITED",X,STK,28,29.93,27.6,29.71,29.8,27.06,134,24585,718469,
539599,"Kotia Enterprises Limited",X,STK,24.11,24.11,24.11,24.11,24.11,22.97,1,1,24,
539607,"Blue Cloud Softech Solutions L",B,STK,20.2,21.7,19.5,19.9,19.9,20.54,4784,3694618,75298946,
539620,"KANORIA ENERGY & INFRASTRUCTUR",X,STK,17,17,14,15.11,15.39,15.4,67,4699,70179,
539621,"BCL Enterprises Limited",X,STK,0.49,0.49,0.47,0.49,0.49,0.49,93,67090,32163,
539636,"Precision Camshafts Limited",B,STK,128,132.05,126.15,127,127,132.75,351,14419,1860536,
539658,"TeamLease Services Limited",B,STK,1150.05,1155.1,1121.4,1125.1,1127.9,1156,270,1655,1879889,
539659,"VIKRAM KAMATS HOSPITALITY LIMI",B,STK,53.65,53.65,51,51.75,51.9,52,13,255,13273,
539660,"BEST AGROLIFE LIMITED",T,STK,15.5,16.19,15.5,16.19,16.19,15.42,61,16188,261026,
539661,"ACE MEN ENGG WORKS LIMITED",X,STK,103.25,103.25,101,101,101,101,5,40,4042,
539662,"BFL Asset Finvest Limited",X,STK,9.65,9.65,9.04,9.34,9.43,9.5,114,14731,138042,
539669,"RGF Capital Markets Limited",XT,STK,0.94,0.94,0.94,0.94,0.94,0.93,17,106747,100342,
539673,"Radhagobind Commercial Limited",Z,STK,3.7,3.7,3.7,3.7,3.7,3.53,3,2257,8350,
539678,"Quick Heal Technologies Limite",B,STK,155.9,162.95,155.9,157.55,156.2,155.15,354,11688,1866056,
539679,"Kapil Raj Finance Ltd.",X,STK,2.19,2.22,2.06,2.14,2.22,2.16,125,97451,209572,
539682,"Mobavenue AI Tech Limited",T,STK,1151,1197.95,1111,1121.7,1111,1168.05,74,973,1111668,
539686,"K.P. Energy Limited",B,STK,262,266.2,255.5,257.2,257.2,259.5,574,16570,4294519,
539692,"INTERACTIVE FINANCIAL SERVICES",X,STK,13.75,15.84,12.85,13.04,13,13.42,64,14107,186125,
539697,"HILIKS TECHNOLOGIES LIMITED",XT,STK,44.01,44.01,44.01,44.01,44.01,44.9,12,3743,164729,
539724,"HYPERSOFT TECHNOLOGIES LIMITED",XT,STK,87.64,87.64,80,87.64,87.64,83.47,94,20771,1810293,
539725,"Gokul Agro Resources Ltd",B,STK,158.8,167.7,158.7,165.95,166,158.7,185,6189,1002749,
539730,"Fredun Pharmaceuticals Limited",X,STK,1526,1558.8,1526,1534.15,1531,1553.4,216,8963,13797293,
539742,"Simbhaoli Sugars Ltd",Z,STK,8.34,8.68,8.33,8.48,8.48,8.73,25,3428,29055,
539760,"Relicab Cable Manufacturing Li",B,STK,34.18,35.3,32.85,33.92,33.89,34.47,43,1588,53873,
539761,"Vantage Knowledge Academy Limi",X,STK,1.02,1.03,0.97,1,1.01,1,471,828473,817530,
539762,"MODERN ENGINEERING AND PROJECT",X,STK,33,34.3,32.09,32.77,33.9,33.07,70,11165,366698,
539767,"Mega Nirman & Industries Limit",XT,STK,42.28,42.28,40.17,42.01,42.28,42.28,6,32,1344,
539770,"DARJEELING INDUSTRIIES LIMITED",XT,STK,24.51,24.51,23.36,23.36,23.36,23.35,2,11,258,
539773,"Advik Capital Limited",X,STK,1.76,1.82,1.73,1.74,1.74,1.74,880,1053224,1859051,
539785,"Pudumjee Paper Products Limite",B,STK,77.67,78.33,76.5,76.56,76.51,77.67,111,7476,577255,
539787,"HealthCare Global Enterprises",A,STK,535.05,561.55,535.05,556.55,556.55,542.5,376,6570,3611364,
539798,"Umiya Tubes Limited",X,STK,30,32.29,29.77,31.89,32.23,31.27,40,16499,516299,
539799,"Bharat Wire Ropes Limited",B,STK,163.05,166.75,163.05,164.85,164.8,165.65,31,1995,329213,
539800,"CHD Chemicals Limited",X,STK,5.5,5.5,5.05,5.1,5.1,5.1,14,20029,101923,
539807,"AvenuesAI Limited",A,STK,16.29,16.29,15.65,15.75,15.8,15.87,1539,443412,7025095,
539814,"LE LAVOIR LIMITED",X,STK,202.8,213.7,197.1,213.65,213.7,203.55,63,9931,2036384,
539834,"Balgopal Commercial limited",X,STK,176.85,176.85,165,171.75,171.75,173.8,25,479,82093,
539835,"Superior Finlease Limited",X,STK,1.75,1.75,1.61,1.75,1.75,1.75,7,518,876,
539837,"RAGHAV PRODUCTIVITY ENHANCERS",B,STK,676.65,695,670,683.2,691,670.15,119,842,579517,
539841,"Lancer Container Lines Limited",X,STK,9.02,9.54,9.02,9.54,9.54,9.09,662,279593,2646591,
539843,"NINtec Systems Limited",B,STK,311.95,320,302.6,305,302.7,323.25,56,371,114334,
539854,"Halder Venture Limited",B,STK,254,267.55,254,267.4,267.55,254.85,30,7921,2067652,
539871,"Thyrocare Technologies Limited",B,STK,373.05,377.95,366,370,370.2,374.4,1429,9216,3415252,
539872,"Bajaj Healthcare Limited",B,STK,319.05,322.05,316,320.15,319.75,317.5,229,6321,2019659,
539875,"RSD Finance Limited",X,STK,84.74,86.98,77.2,86.89,86.8,85.6,19,255,21052,
539876,"Crompton Greaves Consumer Elec",A,STK,247.3,251.55,247.15,248.2,248.2,249.8,1311,53777,13391886,
539883,"Pilani Investment And Industri",B,STK,4400,4598,4387.05,4564.3,4570,4389.3,25,67,300843,
539884,"Darshan Orna Limited",X,STK,2.54,2.54,2.5,2.52,2.52,2.51,48,11603,29145,
539889,"Parag Milk Foods Limited",B,STK,195.2,201.45,192.6,198.55,196.05,198.65,516,25081,4953622,
539894,"Madhav Infra Projects Limited",X,STK,7.71,8.2,7.12,7.85,7.91,7.87,321,198103,1571125,
539895,"SPICE LOUNGE FOOD WORKS LIMITE",X,STK,32.66,32.66,29.89,30.09,30.09,31.46,197,22371,689397,
539900,"DALMIA INDUSTRIAL DEVELOPMENT",XT,STK,8.4,8.4,8.38,8.38,8.38,8.38,4,95,797,
539911,"Svarnim Trade Udyog Limited",X,STK,11.55,11.55,11.55,11.55,11.55,11,8,161,1859,
539917,"NAGARJUNA FERTILIZERS AND CHEM",B,STK,4.12,4.49,4.12,4.34,4.28,4.43,217,33730,146148,
539921,"Shanti Educational Initiatives",X,STK,176,183.05,169.45,175.4,175.4,178.3,1243,483122,85102860,
539938,"Medico Intercontinental Limite",X,STK,34.99,34.99,31.7,33.71,34,33.33,25,933,29994,
539939,"Yash Chemex Limited",X,STK,63,63,62.3,62.3,62.3,63,3,108,6732,
539945,"ICICI Prudential NV20 ETF",B,STK,14.46,14.58,14.4,14.49,14.58,14.6,192,29322,423702,
539946,"Bazel International Limited",X,STK,19.01,19.87,18.75,19.11,19.11,19.34,92,34201,669567,
539947,"JINDAL LEASEFIN LIMITED",XT,STK,47.5,47.7,47.5,47.7,47.7,45.5,4,142,6763,
539956,"TAAL TECH LIMITED",X,STK,2760,2851.95,2740,2839.9,2851.95,2785.55,54,250,701155,
539957,"Mahanagar Gas Limited",A,STK,1090,1091.3,1042.3,1049.8,1049.8,1097,3544,40077,42644310,
539963,"Zeal Aqua Limited",XT,STK,12.3,12.43,12.29,12.43,12.43,11.84,157,72435,899364,
539978,"Quess Corp Limited",A,STK,190.9,191.85,189.05,189.95,190,191.2,143,4595,873205,
539979,"DIGJAM LIMITED",B,STK,44,44.76,40.2,42.97,42.97,43.03,251,3480,148321,
539980,"ICICI Prudential BSE Midcap Se",B,STK,17.19,17.32,17,17.08,17,17.25,78,8123,139086,
539984,"HINDUSTHAN URBAN INFRASTRUCTUR",X,STK,2349,2349,2306.05,2316.8,2336.9,2301.8,58,436,1011248,
539985,"Titaanium Ten Enterprise Limit",M,STK,26.57,26.57,26.57,26.57,26.57,27.96,1,1000,26570,
539986,"Commercial Syn Bags Limited",B,STK,153.6,155.25,153,153.05,153.05,153.35,52,2650,406233,
539991,"CONFIDENCE FUTURISTIC ENERGETE",X,STK,34,34,31.04,31.2,31.92,31.79,59,2522,80011,
539992,"LLOYDS ENGINEERING WORKS LIMIT",A,STK,44.21,46.22,44.19,44.71,44.71,45.2,1989,2192763,98116184,
539997,"Kwality Pharmaceuticals Limite",B,STK,1513.55,1549,1399.4,1450.75,1450.75,1512.85,2214,34756,51660034,
540005,"LTIMindtree Limited",A,STK,4265.05,4385.45,4265.05,4289.95,4306,4306.7,1270,6584,28500788,
540006,"EAST WEST FREIGHT CARRIERS LTD",X,STK,3.11,3.14,3,3.06,3.09,3.05,107,40815,125932,
540008,"Aditya Birla Sun Life BSE Sens",A,STK,82,82,78.79,80.7,80.7,80.4,22,123,9841,
540023,"COLORCHIPS NEW MEDIA LIMITED",XT,STK,12.4,13.26,12.21,12.45,12.39,12.63,30,5996,78763,
540025,"Advanced Enzyme Technologies L",B,STK,294.4,301.5,291,298,298.45,294.35,162,4681,1384976,
540026,"Ladam Affortable Housing Limit",X,STK,7.24,7.44,7.22,7.26,7.25,7.24,8,114,834,
540047,"Dilip Buildcon Limited",A,STK,435.9,461.95,435.9,448.2,446.4,436.3,1301,25058,11368810,
540048,"S.P. Apparels Limited",B,STK,694,704.05,680,682.1,680,695.95,81,508,351321,
540061,"Bigbloc Construction Limited",B,STK,48.3,52.41,48.3,51.15,50.95,52.23,81,1324,68110,
540062,"Golden Crest Education & Servi",X,STK,228.8,246.35,228.75,246.35,246.35,234.65,9,52,12229,
540063,"ECS Biztech Limited",XT,STK,12.54,12.54,11.36,12.54,12.54,11.95,34,27632,345307,
540065,"RBL Bank Limited",A,STK,305.65,310.2,300,303.55,303.55,310.65,1370,80341,24633591,
540066,"AMS POLYMERS LIMITED",XT,STK,31.31,31.31,31.31,31.31,31.31,29.82,1,269,8422,
540073,"BLS International Services Ltd",A,STK,259,263.5,255,256.05,256.05,258.7,1378,67760,17518119,
540078,"Mitsu Chem Plast Limited",X,STK,98,98.15,96,97.95,97.95,97.95,54,3926,383574,
540079,"Sprayking Limited",B,STK,1.54,1.54,1.49,1.5,1.51,1.51,239,174186,262811,
540080,"Dhatre Udyog Limited",X,STK,4.72,4.72,4.5,4.62,4.65,4.46,182,65108,299480,
540081,"Sab Events & Governance Now Me",T,STK,15.7,15.7,15.7,15.7,15.7,16.02,1,50,785,
540083,"TV VISION LIMITED",T,STK,5.55,5.75,5.45,5.71,5.75,5.73,21,2700,15412,
540097,"GAMCO LIMITED",X,STK,35.39,35.89,34.12,34.56,34.56,35.39,41,1779,62452,
540108,"TIAAN CONSUMER LIMITED",Z,STK,6.84,6.84,6.65,6.72,6.74,6.52,19,1442,9723,
540115,"L&T Technology Services Limite",A,STK,3319.55,3322.55,3163,3186.8,3186.8,3301.55,2433,8485,27407935,
540124,"G N A Axles Limited",B,STK,427.7,431.1,412.05,428,431.1,426.05,145,1700,720130,
540125,"Radhika Jeweltech Limited",B,STK,63.05,63.05,60.5,60.68,60.5,60.7,187,9129,556888,
540132,"Sabrimala Industries India Lim",X,STK,12,13.6,12,13.49,13.49,13.6,17,1328,17476,
540133,"ICICI Prudential Life Insuranc",A,STK,623.65,624.25,612,614.1,614.1,627.75,6857,40742,25085080,
540134,"ISHAAN INFRASTRUCTURE AND SHEL",XT,STK,10.07,10.07,9.57,9.62,9.62,10.07,4,270,2621,
540135,"ARC Finance Limited",X,STK,0.56,0.57,0.55,0.56,0.56,0.56,751,1240426,695105,
540136,"HPL Electric & Power Limited",B,STK,310,321,310,317,317,314.4,319,7253,2304627,
540143,"Sagarsoft (India) Limited",X,STK,83.95,83.95,76.63,77.08,80.2,78.23,10,45,3661,
540145,"Valiant Organics Limited",B,STK,234,234,211,214.3,216.25,215.8,82,975,209996,
540146,"ADITYA CONSUMER MARKETING LIMI",M,STK,32.75,35.85,32.75,33.2,33.2,32.1,10,46000,1537700,
540147,"Shashijit Infraprojects Limite",X,STK,3.12,3.35,3.01,3.2,3.2,3.11,31,14742,45321,
540153,"Endurance Technologies Limited",A,STK,2590,2590,2441.25,2456.65,2452.55,2506.8,705,1909,4707302,
540154,"Bandhan Mutual Fund",A,STK,856.69,856.69,852.41,854.55,852.41,870.68,2,2,1709,
540159,"PURPLE AGROTECH INDUSTRIES LIM",X,STK,5.17,5.17,4.94,5.03,4.95,5.2,15,3115,15643,
540168,"Supra Pacific Financial Servic",X,STK,27.44,27.44,26.51,27.33,27.3,26.76,73,13693,372730,
540173,"PNB Housing Finance Limited",A,STK,793.3,799.25,770.9,773.5,773.5,793.3,1781,18539,14545078,
540175,"REGENCY FINCORP LIMITED",X,STK,29.49,29.49,27.05,27.79,28.4,28.49,140,28664,802267,
540180,"Varun Beverages Limited",A,STK,443.7,455.65,441.75,447.5,448.2,445.8,5789,608366,273924436,
540189,"Unipro Technologies Limited",XT,STK,22.99,22.99,22.99,22.99,22.99,22.54,2,14,321,
540190,"Franklin Industries Limited",X,STK,0.38,0.39,0.37,0.38,0.39,0.38,789,2158100,818699,
540192,"LKP Securities Limited",X,STK,14.75,15.32,14.16,14.59,14.59,14.41,106,63332,932317,
540198,"OSIAJEE TEXFAB LIMITED",X,STK,426,431.8,420,421.3,425.4,426.85,66,11257,4811505,
540199,"Corporate Merchant Bankers Lim",X,STK,59.39,59.39,53.8,57.8,53.88,56.57,15,2421,143767,
540203,"Sheela Foam Limited",A,STK,535.45,536.8,520.5,521.45,520.6,532.55,115,1854,981277,
540204,"EIKO LIFESCIENCES LIMITED",X,STK,50.51,51.46,49.5,50.18,50.16,51.93,31,1157,58298,
540205,"Aditya Vision Limited",A,STK,467.8,472.05,460.7,464.7,463.8,467.7,400,6392,2977907,
540210,"Heads UP Ventures Limited",B,STK,7.91,7.91,7.37,7.9,7.9,7.43,15,23636,179873,
540212,"TCI Express Limited",B,STK,559.4,559.4,530,532.25,530,550.55,151,585,313991,
540222,"Laurus Labs Limited",A,STK,1047,1051.7,1022.05,1025.5,1027.1,1045.9,2678,46789,48488363,
540243,"NEW LIGHT INDUSTRIES LIMITED",X,STK,1.37,1.37,1.27,1.3,1.32,1.35,111,53536,70118,
540252,"Viram Suvarn Limited",B,STK,8.47,8.67,8.4,8.44,8.44,8.87,458,368342,3130633,
540254,"MARG TECHNO PROJECTS LIMITED",X,STK,30.18,32.41,30.18,32.2,32.2,30.18,7,506,16281,
540259,"SHANGAR DECOR LIMITED",X,STK,0.26,0.27,0.25,0.26,0.27,0.26,201,4337929,1130911,
540266,"Globe Commercials Limited",X,STK,16.77,16.9,16.05,16.82,16.89,16.74,97,16794,282384,
540267,"Flora Corporation Limited",X,STK,7.15,7.49,7.15,7.3,7.3,7.14,9,8801,63552,
540268,"TruCap Finance Limited",B,STK,6.7,6.7,6.25,6.53,6.69,6.23,36,29141,192416,
540293,"Pricol Limited",A,STK,562.9,569.7,556.25,565.55,565.9,562.8,806,16015,9026088,
540310,"Classic Filaments Limited",XT,STK,44.66,44.66,44.66,44.66,44.66,44.66,1,100,4466,
540311,"JITF INFRALOGISTICS LIMITED",T,STK,344,357.75,335,355.5,355.5,340.75,47,1731,612393,
540358,"RMC SWITCHGEARS LIMITED",M,STK,398,403,385,388.4,388.4,398.25,62,11500,4538437,
540359,"Parmax Pharma Limited",X,STK,32.92,32.92,30.85,32.72,32.72,32.43,6,173,5670,
540360,"LEADING LEASING FINANCE AND IN",X,STK,2.62,2.63,2.46,2.5,2.5,2.47,1178,4441691,11245411,
540361,"DANUBE INDUSTRIES LIMITED",X,STK,4.33,4.33,4.17,4.25,4.29,4.25,71,15648,66022,
540366,"Music Broadcast Limited",B,STK,5.66,6.15,5.66,5.92,6.05,5.89,22,4869,28841,
540376,"Avenue Supermarts Limited",A,STK,3833.95,3905.9,3825.35,3877.05,3877.05,3836.4,3520,16090,62289996,
540377,"IFL ENTERPRISES LIMITED",B,STK,0.4,0.4,0.39,0.39,0.39,0.39,745,2375277,938693,
540386,"Ontic Finserve Limited",X,STK,1.32,1.44,1.32,1.44,1.43,1.38,151,136819,194439,
540393,"Sarthak Metals Limited",B,STK,70.85,70.85,70.82,70.85,70.85,71.9,7,229,16221,
540395,"Chemcrux Enterprises Limited",B,STK,90.3,94.99,90.3,91.36,91.05,94.25,98,4977,454150,
540396,"Manomay Tex India Limited",T,STK,220.95,226.45,220.95,226.05,225.9,221.4,14,1557,351209,
540401,"Maximus International Limited",X,STK,9.01,9.84,8.7,9.16,9.36,9.12,176,43744,404294,
540403,"CL Educate Limited",B,STK,42.01,48.95,42.01,46.27,47.59,44.5,218,33348,1598705,
540404,"PRIME FRESH LIMITED",B,STK,259.95,261.95,236.6,257.75,257.75,257.45,449,91408,23340845,
540405,"Oceanic Foods Limited",X,STK,59.1,61.75,59.1,61.75,61.75,59.1,4,39,2314,
540425,"Shankara Building Products Lim",B,STK,102.45,105.2,102.2,102.75,102.25,103.65,108,2425,251942,
540455,"Escorp Asset Management Limite",B,STK,105,106.05,105,105.05,105.05,112.35,18,321,33732,
540481,"Classic Leasing & Finance Ltd.",X,STK,44,48.4,43.81,48.3,48.3,46.11,6,132,6065,
540492,"STARLINEPS ENTERPRISES LIMITED",T,STK,12.25,12.25,12.25,12.25,12.25,12.01,224,266878,3269255,
540497,"S Chand And Company Limited",B,STK,152,153,149.95,152.9,152.3,152.05,34,1599,243453,
540515,"KANUNGO FINANCIERS LIMITED",XT,STK,13.48,13.48,13.44,13.44,13.44,12.84,3,38,511,
540519,"Meera Industries Limited",B,STK,35.88,36.25,33.19,35.6,34,66.1,478,40148,1383775,
540526,"IRB InvIT Fund",IF,STK,61.2,61.2,60.71,60.82,60.85,60.96,1118,94963,5785936,
540530,"Housing &Urban Development Cor",A,STK,177.7,182.25,175.55,176.2,176.2,178.25,2676,243235,43691150,
540544,"PSP Projects Limited",B,STK,710.85,718.45,680.25,685.1,684.55,710.9,212,1579,1096812,
540545,"Bhakti Gems And Jewellery Limi",XT,STK,38.01,39.94,38.01,38.68,39,38.97,42,10983,423230,
540565,"IndiGrid Infrastructure Trust",IF,STK,166,166,164.15,164.5,164.56,164.9,364,17786,2929312,
540570,"VARIMAN GLOBAL ENTERPRISES LIM",X,STK,4.4,4.68,4.4,4.6,4.61,4.57,118,58904,270007,
540575,"Star Cement Limited",A,STK,204,204.45,199.05,203.75,204.45,203.95,1463,31007,6253743,
540590,"Riddhi Corporate Services Limi",X,STK,63.01,63.01,61,63.01,63.01,63,9,248,15236,
540595,"Tejas Networks Limited",A,STK,492.45,501.5,460.95,465.35,465.35,492.45,29597,2295492,1097166636,
540596,"Eris Lifesciences Limited",A,STK,1365,1368.6,1357.4,1360.1,1365.65,1369.15,257,1362,1856334,
540597,"Containerway International Lim",X,STK,15.9,16.22,14.9,14.91,15.88,15.68,11,855,13100,
540602,"GTPL Hathway Limited",B,STK,62.4,63.74,60.42,60.77,61.46,63.6,190,8154,505106,
540611,"AU Small Finance Bank Limited",A,STK,965.45,980.4,962.05,964.1,968.1,972.8,1884,35443,34468377,
540612,"ICICI Prudential Nifty Low Vol",B,STK,21.64,22.01,21.64,21.89,21.9,22.09,171,112659,2471396,
540614,"G G Engineering Limited",X,STK,0.49,0.5,0.48,0.49,0.49,0.49,930,2192208,1069271,
540615,"7NR Retail Limited",X,STK,3.6,3.6,3.43,3.47,3.47,3.42,66,11498,40792,
540642,"Salasar Techno Engineering Lim",B,STK,7.4,7.55,7.4,7.46,7.46,7.42,432,184805,1381713,
540647,"Ganges Securities Ltd.",B,STK,125,125,118.75,118.75,118.75,125,2,97,11581,
540648,"Palash Securities Limited",B,STK,94.37,94.37,89.5,90,90,88,8,14,1297,
540649,"AVADH SUGAR & ENERGY LIMITED",B,STK,398.95,405.5,379.15,385.5,380,405.7,447,3824,1493384,
540650,"Magadh Sugar & Energy Limited",B,STK,466.95,471.9,451,457.15,459.8,465.5,85,941,433037,
540654,"GlobalSpace Technologies Limit",X,STK,18.27,20,17.01,19.66,19.33,17.83,399,142629,2759650,
540669,"UTI Mutual Fund",B,STK,72.69,73.53,72.28,72.62,72.98,73.11,73,4673,340840,
540673,"SIS LIMITED",B,STK,296,302.95,295.75,298.05,296.55,295.15,826,3679,1102162,
540678,"Cochin Shipyard Limited",A,STK,1460,1523.9,1447,1490.3,1490.3,1447.55,14845,241207,361893561,
540679,"HALEOS LABS LIMITED",B,STK,1290,1290,1282,1282,1282,1272,6,7,8987,
540680,"KIOCL Limited",A,STK,316.15,321.1,314.05,315.3,314.4,316.15,173,8264,2630669,
540686,"Smruthi Organics Limited",X,STK,126.35,128.4,121.25,122.65,123,126.35,53,4024,498017,
540691,"Aditya Birla Capital Ltd",A,STK,326.95,332.1,325.3,326.55,326.55,327.75,2083,88549,29161175,
540692,"Apex Frozen Foods Limited",B,STK,365.15,366.25,349.8,351.2,351,363.2,313,13887,5009491,
540693,"Shish Industries Limited",T,STK,15.62,15.62,15.58,15.58,15.58,15.32,409,1198040,18702898,
540694,"ANG Lifesciences India Limited",B,STK,22.31,23.4,22.31,23.4,23.4,23.4,15,1326,29909,
540696,"KCD INDUSTRIES INDIA LIMITED",X,STK,5.15,5.47,4.99,5,5,5.25,90,25563,128199,
540699,"Dixon Technologies (India) Lim",A,STK,10223.9,10291.95,10006,10033.6,10033.6,10227.9,8754,42261,429485104,
540700,"Bharat Road Network Limited",B,STK,18.1,18.87,18.1,18.22,18.22,18.33,38,3943,73361,
540701,"Dishman Carbogen Amcis Limited",B,STK,165.4,168.9,163.05,163.8,165.05,165.05,835,179090,29518534,
540702,"Lasa Supergenerics Limited",B,STK,7.5,8,7.3,7.97,7.51,7.61,136,10047,76536,
540703,"PRO CLB GLOBAL LIMITED",XT,STK,41.76,42,40.93,41.98,41.98,41.76,18,28653,1188134,
540704,"Matrimony.com Limited",B,STK,400,412.05,398.55,401.15,401,405.45,69,2803,1126715,
540709,"Reliance Home Finance Limited",Z,STK,2.07,2.14,2.07,2.14,2.14,2.04,107,76689,163540,
540710,"Capacit'e Infraprojects Limite",B,STK,224.75,230.65,224.1,224.75,225.2,225,160,4632,1053603,
540716,"ICICI Lombard General Insuranc",A,STK,1852.65,1888.4,1852.65,1881.1,1878.5,1877.2,1468,6116,11429508,
540717,"Polo Queen Industrial and Fint",B,STK,18.03,19.45,18.02,18.99,19,18.03,203,23025,436157,
540718,"AAYUSH ART AND BULLION LIMITED",M,STK,1110.2,1135,1109.4,1111.4,1109.4,1115.5,492,61625,68603500,
540719,"SBI Life Insurance Company Lim",A,STK,1913.5,1962,1913.5,1940.6,1948.2,1947.3,1815,12522,24301822,
540724,"Prataap Snacks Limited",B,STK,1007.6,1039.15,985.35,987.75,987.75,1007.5,961,254888,259157397,
540725,"Share India Securities Limited",B,STK,122.05,139.85,122.05,132.55,133.5,123.9,2948,418970,56332276,
540726,"Trident Texofab Limited",B,STK,61.15,61.15,61.15,61.15,61.15,64.36,30,960,58704,
540727,"Poojawestern Metaliks Limited",B,STK,24.9,24.9,24.25,24.9,24.9,24.18,55,2033,50340,
540728,"Sayaji Industries Limited",X,STK,94.5,96.99,92.26,94.38,96.99,94.54,14,192,18110,
540730,"Mehai Technology  Limited",X,STK,1.31,1.34,1.29,1.31,1.31,1.32,337,286114,377757,
540735,"IRIS RegTech Solutions Limited",B,STK,255,255,250,250,250,253.4,145,1142,288619,
540737,"Shree Ganesh Remedies Limited",X,STK,504.9,504.9,491,495.45,494.95,491.7,82,3287,1631522,
540738,"Shreeji Translogistics Limited",B,STK,7.88,7.88,7.34,7.45,7.59,7.41,183,161379,1206300,
540743,"Godrej Agrovet Limited",A,STK,607.95,607.95,588.75,595.6,593.45,609,370,6231,3718841,
540749,"MAS Financial Services Limited",B,STK,303,305,299.7,300.7,299.7,302.75,104,1300,393379,
540750,"Indian Energy Exchange Limited",A,STK,121.2,123.5,121.2,121.7,121.7,121.75,3639,222955,27255775,
540755,"General Insurance Corporation",A,STK,370.4,370.4,362,363.85,362,366.05,400,10575,3869427,
540757,"SHEETAL COOL PRODUCTS LIMITED",T,STK,330,335.4,327,328.7,333,329.6,19,349,115411,
540762,"Tube Investments of India Ltd",A,STK,2781.4,2781.4,2714.4,2721.6,2756.6,2780.95,3607,134278,370911045,
540767,"NIPPON LIFE INDIA ASSET MANAGE",A,STK,862.75,864.5,845,858.95,856.95,862.7,1517,25551,21925868,
540768,"Mahindra Logistics Limited",B,STK,377.25,396.45,377.25,392.2,396.45,391.35,192,4131,1620293,
540769,"The New India Assurance Compan",A,STK,137.6,141.6,137.6,138.85,138.85,139.3,439,25788,3601697,
540774,"IFGL Refractories Limited",B,STK,155.25,157.95,152.8,157.25,157.95,152,65,690,107665,
540775,"Khadim India Limited",B,STK,110.95,112.25,104.05,105.25,105.5,111.85,502,21379,2291511,
540776,"5paisa Capital Limited",B,STK,304.05,308,300.1,303,306.5,308.95,204,1800,548410,
540777,"HDFC LIFE INSURANCE COMPANY LI",A,STK,679.6,679.6,667.85,668.5,668.5,686.1,5795,96650,64952394,
540782,"Sanghvi Brands Limited",M,STK,12.75,12.75,10.77,11.41,11.41,12.75,5,5000,57130,
540786,"SHARIKA ENTERPRISES LIMITED",B,STK,11.4,11.4,10.83,11,11,10.66,57,25184,279482,
540787,"ICICI Prudential Mutual Fund",A,STK,126.46,126.46,124.11,124.53,125.14,125.43,201,16037,2004239,
540788,"Aspira Pathlab & Diagnostics L",X,STK,56.58,63.35,51.9,62.58,62.76,56.02,24,774,43652,
540789,"Diligent Media Corporation Lim",B,STK,3.4,3.5,3.23,3.47,3.4,3.48,25,786,2679,
540795,"Dynamic Cables Limited",B,STK,279.2,288,279.05,280.65,281.6,283.85,180,4287,1212065,
540797,"Shalby Limited",B,STK,149.05,152.1,146.5,150.8,150,150.6,128,3433,512386,
540809,"MRC AGROTECH LIMITED",B,STK,41.37,44,40.06,43.34,43.34,41.37,290,212208,9117695,
540821,"CRYSTAL BUSINESS SYSTEM LIMITE",X,STK,1.73,1.86,1.71,1.78,1.78,1.71,94,17805,31605,
540824,"Astron Paper & Board Mill Limi",B,STK,4.06,4.1,3.87,4.1,4.1,3.97,30,2484,10038,
540829,"Chandrima Mercantiles limited",X,STK,6.16,6.16,5.66,6.09,6.16,5.87,205,80265,484192,
540850,"Jhandewalas Foods Limited",MT,STK,34.18,35.1,34.18,35,35,35.97,5,5000,172660,
540874,"7SEAS ENTERTAINMENT LIMITED",X,STK,73.75,74.5,71,72.12,72,73.3,24,1434,104484,
540879,"Apollo Micro Systems Limited",A,STK,215.2,227.5,215,220.5,220.5,214.8,6384,396538,88176222,
540900,"Newgen Software Technologies L",A,STK,468.45,485,460.45,464.45,464.45,467.75,3672,175578,82923418,
540901,"Praxis Home Retail Limited",B,STK,6.9,6.91,6.69,6.86,6.86,6.92,17,1973,13375,
540902,"Amber Enterprises India Limite",A,STK,7830.05,7935.25,7774,7870.35,7900,7834,2298,9139,71921871,
540904,"TIRUPATI FOAM LIMITED",XT,STK,82.92,82.92,76,81.1,81.1,78.99,4,105,8010,
540914,"SRU Steels Limited",X,STK,2.05,2.1,1.8,2,2,1.99,332,245768,476610,
540923,"Ashoka Metcast Limited",B,STK,14.93,15.28,14,14.7,14.7,14.42,16,729,10525,
540935,"Galaxy Surfactants Limited",A,STK,1968.55,1968.55,1915,1918.95,1916,1968.55,76,394,761205,
540936,"Gautam Gems Limited",B,STK,3.05,3.25,2.93,3.21,3.24,2.98,91,79902,251486,
540937,"MEDICO REMEDIES LIMITED",B,STK,42.15,42.99,41.17,41.67,41.67,41.51,112,1734,72781,
540938,"Gujarat Hy-Spin Limited",M,STK,8.31,8.31,8.31,8.31,8.31,7.56,6,30000,249300,
540952,"LORENZINI APPARELS LIMITED",B,STK,7.46,7.46,7.01,7.07,7.4,7.1,32,1924,14021,
540953,"Kenvi Jewels Limited",B,STK,2.26,2.33,2.25,2.26,2.29,2.28,173,96412,219508,
540954,"The Indian Wood Products Co. L",X,STK,32.6,38.99,32.6,35.98,34.61,34.51,196,44554,1597996,
540955,"Tasty Dairy Specialities Limit",XT,STK,6.53,6.53,6.43,6.5,6.5,6.4,3,21,135,
540956,"Bhatia Communications & Retail",X,STK,22.3,22.73,21.5,22.27,22.25,22.33,172,43630,958912,
540961,"Shiva Mills Limited",B,STK,57.75,57.75,57,57.38,57,57.9,2,2,114,
540975,"Aster DM Healthcare Limited",A,STK,658.55,686.3,656.15,672.95,674.05,655.65,38673,1153908,782024029,
541005,"KANCO TEA & INDUSTRIES LIMITED",X,STK,63.51,63.51,63.5,63.5,63.5,63.2,2,20,1270,
541006,"Angel Fibers Limited",M,STK,13.2,13.2,13.2,13.2,13.2,13.2,1,4000,52800,
541019,"H.G. Infra Engineering Limited",B,STK,498,515,495,498,498.3,500.7,886,11303,5668928,
541083,"Inflame Appliances Limited",M,STK,313.9,313.9,292.4,299.75,298.2,297.1,40,16000,4839350,
541096,"Bharat Parenterals Limited",X,STK,1064.1,1098.95,1064.1,1066.1,1065.6,1110,16,478,509859,
541097,"DSP BlackRock Mutual Fund",F,STK,1000,1000.01,999.99,999.99,999.99,1000,9,3685,3685000,
541143,"Bharat Dynamics Limited",A,STK,1280.05,1375,1275.55,1356.7,1356.7,1282.6,19536,489792,661813336,
541144,"Active Clothing Co  Limited",B,STK,93,93.5,89.5,91.01,91.01,93.35,45,3515,319973,
541152,"GOYAL ALUMINIUMS LIMITED",T,STK,6.24,6.5,6.24,6.5,6.5,6.49,66,9764,62947,
541153,"Bandhan Bank Limited",A,STK,184.2,185.8,182.05,182.95,183.45,185.25,5871,447638,82382894,
541154,"Hindustan Aeronautics Limited",A,STK,3874.95,4039.9,3855.05,4024.1,4024.1,3892.5,16042,201402,798518337,
541161,"DHARAN INFRA-EPC LIMITED",Z,STK,0.19,0.19,0.19,0.19,0.19,0.19,109,361172,68622,
541163,"Sandhar Technologies Limited",B,STK,503.35,505.2,494.25,498,497.2,502.45,346,3580,1783259,
541167,"YASHO INDUSTRIES LIMITED",B,STK,1566.3,1573.7,1561,1566.1,1568.4,1566.3,54,330,516807,
541178,"Benara Bearings and Pistons Li",MT,STK,8.57,9.02,8.57,9.02,9.02,9.02,4,12000,106360,
541195,"Mishra Dhatu Nigam Limited",A,STK,342.05,362.35,342.05,352.85,354.9,343.5,1676,57018,20323449,
541206,"Orissa Bengal Carrier Limited",B,STK,56.62,56.62,56.62,56.62,56.62,56.62,11,1150,65113,
541228,"Taylormade Renewables Limited",B,STK,107.8,107.8,102,103.3,104.5,103.1,172,16605,1727834,
541233,"Lemon Tree Hotels Limited",A,STK,112.35,112.75,110.1,110.45,110.45,112.4,3310,187513,20849830,
541269,"Chemfab Alkalis Ltd",B,STK,382.3,383.05,371.6,379.25,379.25,377.6,41,303,114954,
541276,"HARDWYN INDIA LIMITED",T,STK,17.31,17.31,16.71,17.2,17,17.37,77,29536,504851,
541301,"Orient Electric Limited",B,STK,187.1,191.45,177.3,178.9,178.95,185.55,357,6615,1231122,
541302,"Dhruv Consultancy Services Lim",B,STK,32.15,33.45,32,32.97,33.45,31.38,19,341,11241,
541303,"Akshar Spintex Limited",B,STK,0.38,0.39,0.37,0.39,0.39,0.38,157,222417,84996,
541304,"Indo US Bio-Tech Limited",B,STK,138.5,139.1,109.45,112.85,112.85,136.8,327,14693,1672083,
541313,"ICICI Prudential BSE 500 ETF",A,STK,38.33,38.6,38,38.15,38.25,38.55,105,3261,124829,
541336,"IndoStar Capital Finance Limit",B,STK,212.55,216.7,212.3,214.7,214.8,212.85,53,779,166910,
541338,"U. H. ZAVERI LIMITED",B,STK,13.02,13.02,12.53,12.53,12.53,13.02,55,5821,74276,
541347,"Parvati Sweetners and Power Lt",XT,STK,7.64,7.87,7.33,7.74,7.79,7.64,35,4187,31670,
541352,"Megastar Foods Limited",B,STK,235,236.9,232.05,235.65,236.7,233.45,6,117,27629,
541353,"Innovators Facade Systems Limi",M,STK,130,136.8,130,132.25,132,129.6,6,4800,635640,
541358,"UNIFINZ CAPITAL INDIA LIMITED",X,STK,94.98,94.98,91.49,91.49,91.49,91.46,23,804,73884,
541400,"ZIM Laboratories Limited",B,STK,67.8,67.8,66.3,66.85,66.85,67.75,60,3333,225475,
541402,"Affordable Robotic & Automatio",B,STK,173.95,175.85,168.3,170.85,171.65,174.35,177,3795,651715,
541403,"Dollar Industries Limited",B,STK,271.1,275.2,270.2,272.15,273.75,271.05,83,2698,736013,
541418,"NAKODA GROUP OF INDUSTRIES LIM",B,STK,25.4,26.45,24.76,24.76,24.76,25.02,9,4089,104154,
541444,"Palm Jewels Limited",B,STK,16.98,16.98,16.11,16.41,16.49,17.08,59,4628,76012,
541445,"Waa Solar Limited",M,STK,50,50,49.97,49.97,49.97,49.97,3,2400,119952,
541450,"Adani Green Energy Limited",A,STK,880,894.25,855.65,859,859,885.05,7847,179993,157269248,
541503,"Unick Fix-A- Form and Printers",X,STK,45,45,45,45,45,45,1,10,450,
541540,"SOLARA ACTIVE PHARMA SCIENCES",B,STK,445.2,475.8,445.2,457.55,455,466.2,253,2640,1232645,
541546,"GAYATRI HIGHWAYS LTD",B,STK,2.32,2.34,2.23,2.27,2.23,2.23,80,63768,147274,
541556,"RITES Limited",A,STK,201.75,212.5,201.75,206.35,207,201.8,1689,95434,19925595,
541557,"Fine Organic Industries Limite",A,STK,4314.1,4368.15,4265.4,4277.05,4277.05,4320.95,417,1173,5041950,
541578,"Varroc Engineering Limited",A,STK,501.25,517.45,501.25,514.05,513.75,511,176,3298,1693224,
541601,"Rajnish Wellness Limited",B,STK,0.43,0.43,0.41,0.43,0.43,0.43,676,3136042,1315286,
541627,"Gujarat Winding Systems Limite",X,STK,9,9,7.5,7.51,7.51,7.96,13,6266,47153,
541634,"Raw Edge Industrial Solutions",B,STK,17,17.5,16.08,16.8,16.5,16.8,15,1289,21427,
541701,"Supershakti Metaliks Limited",M,STK,220,220,220,220,220,213,1,300,66000,
541702,"Ashnisha Industries Limited",XT,STK,3.73,3.89,3.61,3.85,3.85,3.78,237,250825,929181,
541729,"HDFC Asset Management Company",A,STK,2557,2557.25,2492.75,2501.7,2511.05,2559.15,6743,42809,107855364,
541735,"Vivanta Industries Limited",X,STK,1.58,1.6,1.55,1.6,1.59,1.57,204,111204,176929,
541741,"Fratelli Vineyards Limited",X,STK,82.25,84.29,80.3,81.19,81.7,82.48,66,17385,1425818,
541770,"CreditAccess Grameen Ltd.",A,STK,1210.1,1228.85,1192,1204.6,1199,1210.05,802,339896,407881051,
541771,"AMIN TANNERY LIMITED",X,STK,1.55,1.56,1.51,1.54,1.54,1.51,36,25073,38422,
541778,"Deep Polymers Limited",B,STK,32.43,32.43,31.51,31.87,31.8,31.7,32,6899,221146,
541809,"ICICI Prudential Mutual Fund",B,STK,69.91,71.69,69.91,71,71.04,71.43,473,41153,2933282,
541865,"Add-Shop E-Retail Limited",B,STK,7.08,7.39,6.5,6.9,6.95,7.08,188,32954,229178,
541890,"Space Incubatrics Technologies",XT,STK,0.21,0.21,0.19,0.21,0.21,0.2,150,336873,67425,
541929,"Synergy Green Industries Limit",B,STK,505,507.95,503,503,503,501,6,13,6563,
541946,"ICICI Prudential BSE Liquid Ra",F,STK,1000.01,1000.01,1000,1000,1000,1000,29,45401,45401001,
541956,"IRCON International Ltd",A,STK,132.25,150.15,132.2,146.95,146.95,133.9,22346,2443620,357120841,
541967,"Sky Gold And Diamonds Limited",A,STK,336,344.05,332.4,338.65,336.2,333.05,814,27139,9149089,
541972,"SBI Mutual Fund",A,STK,897,900.45,888.54,890.07,890.88,898.9,31,270,241095,
541973,"Mac Hotels Limited",M,STK,81.9,81.9,81.9,81.9,81.9,78,1,1500,122850,
541974,"Manorama Industries Limited",A,STK,1367.1,1381,1347.2,1351,1348.05,1367.05,151,1299,1767630,
541983,"Innovative Ideals and Services",MT,STK,15.76,15.76,15,15,15,15.01,8,150000,2250760,
541988,"AAVAS Financiers Limited",A,STK,1218.45,1239.8,1218,1228.1,1230,1225.45,719,6421,7887942,
542011,"Garden Reach Shipbuilders & En",A,STK,2446.95,2578.35,2425.05,2522.65,2530,2407.55,13969,239130,604443258,
542012,"A-1 LIMITED",B,STK,21.1,22.4,20.58,20.58,20.58,21.66,4322,1949948,40771997,
542013,"Dolfin Rubbers Limited",B,STK,189.9,189.9,175,175.45,179.95,174,24,1374,243753,
542019,"Shubham Polyspin Limited",B,STK,61.98,61.98,58.5,60.31,60.31,61.34,151,36791,2195495,
542020,"AKI India Limited",B,STK,5.15,5.21,4.9,5.18,5.19,5.15,41,6262,31934,
542025,"Sun Retail Limited",M,STK,0.38,0.38,0.38,0.38,0.38,0.38,1,48000,18240,
542034,"S. M. Gold Limited",B,STK,12.85,12.95,11.97,12.16,12.25,12.6,296,63936,769430,
542046,"VIVID MERCANTILE LIMITED",T,STK,7.69,7.69,7.4,7.69,7.69,7.33,154,397066,3035957,
542057,"BCPL Railway Infrastructure Li",B,STK,63,64.5,61.5,63.35,63.35,62.78,169,8987,566853,
542066,"ADANI TOTAL GAS LIMITED",A,STK,484,491.85,481,482.5,482.5,483.75,2731,54316,26414621,
542123,"The Phosphate Company Limited",X,STK,132,135,132,132,132,133,6,105,13866,
542131,"Mirae Asset Mutual Fund",B,STK,266.24,266.96,264.2,264.42,264.71,267.25,328,9245,2461080,
542141,"Techno Electric & Engineering",A,STK,1137.85,1144.7,1113.25,1120.25,1118.8,1140.65,1129,13308,15047988,
542155,"Diksha Greens Limited",MT,STK,1.27,1.27,1.27,1.27,1.27,1.29,3,10000,12700,
542176,"Aryan Share & Stock Brokers Lt",X,STK,19.6,19.6,19.6,19.6,19.6,19.6,3,20,392,
542206,"NIVAKA FASHIONS LIMITED",X,STK,1.62,1.66,1.53,1.64,1.64,1.59,21,4283,7009,
542216,"DALMIA BHARAT LIMITED",A,STK,1925.4,1932.75,1894.75,1899.9,1901.7,1925.3,465,4493,8562733,
542230,"Aditya Birla Sun Life Mutual F",B,STK,70.76,71.56,70.56,71.02,71.34,72.58,40,1919,136467,
542231,"Nila Spaces Ltd",B,STK,13.47,13.49,13.05,13.32,13.34,13.35,53,15750,207872,
542232,"Shankar Lal Rampal Dye-Chem Li",B,STK,48,48,44.86,47.2,47.4,44.86,68,2303,108287,
542233,"Trejhara Solutions Limited",T,STK,180,180,175,175,175,182.8,28,29452,5155995,
542248,"Deccan Health Care Limited",B,STK,13.4,13.4,13.28,13.28,13.32,13.01,27,6563,87764,
542285,"Axita Cotton Limited",T,STK,8.71,8.99,8.71,8.85,8.86,8.71,167,113410,1004223,
542323,"KPI Green Energy Limited",A,STK,351.35,359.05,348.7,350.5,358.1,351.5,895,34077,12055766,
542333,"RPSG VENTURES LIMITED",B,STK,644.4,652.15,631.9,637.05,631.9,646.55,68,3545,2261645,
542337,"Spencer's Retail Limited",B,STK,32.25,32.5,31.05,31.54,31.54,31.5,33,24968,783983,
542351,"Gloster Ltd",B,STK,555,555.5,536.1,545.95,536.1,547.85,11,67,36859,
542367,"Xelpmoc Design and Tech Limite",B,STK,126,127,123,124.15,124.2,123.35,28,602,75408,
542376,"SPA Capital Services Limited",XT,STK,220.45,220.45,220.45,220.45,220.45,210,1,1,220,
542383,"Ritco Logistics Limited",B,STK,203,203,192,192,192,203.15,13,61,11924,
542399,"Chalet Hotels Limited",A,STK,771.4,771.4,760.7,766.9,767.85,771.3,284,3405,2610351,
542437,"Anmol India Limited",B,STK,11.02,11.58,11.02,11.05,11.05,11.24,19,2608,28909,
542446,"Jonjua Overseas Limited",M,STK,3.17,3.17,2.96,2.96,2.96,3.06,16,96420,292297,
542459,"Kranti Industries Limited",B,STK,61.98,61.98,58.5,60.2,60.2,59.76,41,5275,311743,
542460,"The Anup Engineering Ltd",A,STK,1463.5,1506.65,1463.5,1480.9,1480.9,1465.75,644,3704,5499572,
542484,"Arvind Fashions Limited",A,STK,427.05,430,423.7,428.05,430,427.1,285,4313,1842875,
542503,"Mahip Industries Limited",MT,STK,19.43,19.43,19.43,19.43,19.43,20.45,2,8000,155440,
542513,"UTI BSE  Sensex Next 50 ETF",A,STK,89.41,89.41,88.8,88.9,89.26,89.55,13,52,4634,
542543,"Energy Infrastructure Trust",IF,STK,83,83.6,83,83.2,83.2,83,26,750000,62345000,
542579,"Ashapuri Gold Ornament Limited",B,STK,4.7,4.7,4.51,4.63,4.63,4.61,615,277425,1292510,
542580,"Aartech Solonics Limited",B,STK,40.71,42.51,40.71,42.5,42.5,41,21,1912,80464,
542597,"MSTC Limited",B,STK,441.55,447.75,440,441.15,440,441.6,286,4608,2044566,
542602,"Embassy Office Parks REIT",IF,STK,420.7,439.44,420.7,434.14,434.14,420.7,1079,22459,9706498,
542627,"Chandni Machines Limited",XT,STK,61.26,62.78,60,62.78,62.78,62.42,27,5237,321028,
542628,"Northern Spirits Limited",B,STK,117,135,117,126.7,126.7,115.55,486,23993,3066433,
542649,"Rail Vikas Nigam Limited",A,STK,279.55,298.55,278.7,285.9,285.9,280.1,18787,1529519,444667693,
542650,"Metropolis Healthcare Limited",A,STK,1791.85,1810.25,1780.5,1788.55,1798.65,1791.85,228,932,1674154,
542651,"KPIT Technologies Ltd",A,STK,715.05,742.45,696.4,698.7,698.7,717.5,8017,173496,124697929,
542652,"Polycab India Limited",A,STK,8500.15,8628.9,8472,8551.85,8551.85,8566.45,5111,20577,176647837,
542654,"V R FILMS & STUDIOS LIMITED",B,STK,13.31,13.31,12.4,12.45,13,11.77,30,2844,36888,
542655,"VIKAS LIFECARE LIMITED",B,STK,1.34,1.46,1.33,1.39,1.39,1.36,4711,965219,1349474,
542665,"Neogen Chemicals Limited",B,STK,1380.25,1390.35,1325,1330,1330,1394.65,204,1362,1855168,
542666,"G. K. P. Printing & Packaging",B,STK,5.98,5.99,5.79,5.87,5.9,5.78,73,7402,43592,
542668,"EVANS ELECTRIC LIMITED",M,STK,80.2,81,78,80.95,80.95,82.98,14,18000,1424960,
542669,"BMW INDUSTRIES LIMITED",B,STK,33.98,34.89,33.1,33.42,33.42,33.46,820,136928,4651482,
542670,"Artemis Electricals and Projec",X,STK,17.8,18.19,17.2,17.68,17.68,17.82,168,8627,151401,
542679,"Dhanashree Electronics Limited",XT,STK,159,169.6,153.5,169.6,169.6,161.55,18,910,151350,
542682,"Harish Textile Engineers Limit",X,STK,66.99,66.99,66.99,66.99,66.99,65.07,1,1,66,
542684,"Prakash Pipes Limited",B,STK,199.35,200,193.2,195.15,198,198.75,222,4714,928559,
542685,"Digicontent Limited",B,STK,25.82,26.59,24.85,24.85,24.85,26.04,11,1021,26373,
542721,"Anand Rayons Limited",B,STK,91.95,91.95,91.95,91.95,91.95,96.75,22,224,20596,
542724,"Murae Organisor Limited",T,STK,0.21,0.21,0.2,0.2,0.2,0.21,607,5778018,1182656,
542725,"SBC EXPORTS LIMITED",B,STK,32.45,32.78,32.1,32.33,32.28,32.34,275,161526,5248395,
542726,"IndiaMART InterMESH Limited",A,STK,2074.1,2127.35,2070.9,2121.85,2124,2073.65,2807,321610,667924840,
542727,"CITY PULSE MULTIVENTURES LIMIT",M,STK,2828,2906,2715,2897.6,2876,2842.95,22,2650,7495660,
542729,"DCM NOUVELLE LIMITED",B,STK,141.9,141.9,141.9,141.9,141.9,127,1,1,141,
542730,"ICICI Prudential Mutual Fund",B,STK,60.27,60.27,59.02,59.21,59.9,60.54,666,27068,1615099,
542747,"NIPPON INDIA ETF SENSEX NEXT 5",A,STK,87.04,87.93,85.39,86.27,87,87.44,243,16795,1456486,
542752,"AFFLE 3I LIMITED",A,STK,1348.05,1374.9,1340.65,1351.5,1351.5,1359.35,621,6889,9340859,
542758,"ICICI Prudential Mutual Fund",B,STK,28.05,28.07,27.34,27.57,27.57,28.32,418,74736,2071072,
542759,"Spandana Sphoorty Financial Li",B,STK,243.7,247.35,234.1,235.4,235.4,244.3,573,9317,2243949,
542760,"STERLING AND WILSON RENEWABLE",A,STK,176.15,185.85,176.15,181.5,181.5,180.15,2402,373851,68081873,
542765,"Transpact Enterprises Limited",MS,STK,211.1,211.1,211.1,211.1,211.1,201.05,1,500,105550,
542770,"Alphalogic Techsys Limited",B,STK,38.42,38.42,36.01,36.59,37.27,37.44,83,3580,132991,
542772,"360 ONE WAM LIMITED",A,STK,1072.05,1084.35,1061.8,1064.9,1062.35,1080.15,684,4692,5018292,
542773,"IIFL CAPITAL SERVICES LIMITED",A,STK,315.05,319.15,306.05,308.4,308,316.25,646,28214,8835130,
542774,"MUFIN GREEN FINANCE LIMITED",B,STK,108.95,109.7,106.75,107.95,109.35,108.25,147,31630,3419810,
542801,"Misquita Engineering Limited",M,STK,114,114.5,113,114.5,114.5,114.5,6,6000,683000,
542802,"Galactico Corporate Services L",B,STK,1.72,1.85,1.72,1.77,1.79,1.82,269,177033,312575,
542803,"Vaxfab Enterprises Limited",X,STK,42.31,44.99,42.3,42.4,42.4,42.3,29,1375,59213,
542812,"Gujarat Fluorochemicals Limite",A,STK,3260.4,3296.5,3235,3245.8,3245.8,3275.85,305,1313,4289029,
542830,"Indian Railway Catering and To",A,STK,561.95,569.6,552,552.85,552.85,562.05,10011,201501,112960867,
542850,"GOBLIN INDIA LIMITED",M,STK,8.33,8.33,8.33,8.33,8.33,8.33,1,2000,16660,
542852,"Vishwaraj Sugar Industries Lim",B,STK,5.27,6,5.1,5.22,5.2,5.86,458,145467,778855,
542857,"Greenpanel Industries Limited",B,STK,201.2,203.65,199.1,200.7,202.1,202.55,138,3807,761686,
542862,"Shahlon Silk Industries Limite",X,STK,23.68,23.68,22.04,23.5,23.5,22.77,21,2249,52960,
542863,"Aditya Birla Sun Life Mutual F",B,STK,60.68,60.68,58.83,59.37,58.84,59.96,15,204,12166,
542865,"Anuroop Packaging Limited",B,STK,12.6,13.07,11.66,12.42,12.78,12.61,99,17116,213245,
542867,"CSB Bank Limited",A,STK,375,379.65,372.45,374.25,375,376.85,441,16820,6307625,
542904,"Ujjivan Small Finance Bank Lim",A,STK,55.63,57.58,55.57,55.85,55.85,55.77,3448,460446,26054194,
542905,"Hindware Home Innovation Limit",B,STK,210.95,216.1,206,207.35,211,212.65,869,302005,64059644,
542907,"Prince Pipes and Fittings Limi",B,STK,240.3,242.05,237.4,239.8,241.7,240.25,242,5246,1260063,
542909,"Edelweiss Mutual Fund",F,STK,1571.49,1576.06,1569.55,1575.7,1575.7,1569.81,52,303,476584,
542911,"Assam Entrade Limited",X,STK,963.9,963.9,890,890,890,918,2,3,2743,
542918,"Gian Life Care Limited",Z,STK,8.03,8.03,7.27,7.61,7.88,7.65,50,14844,108788,
542919,"Artemis Medicare Services Limi",B,STK,233.2,235.55,230,232.3,233.85,234.05,153,4883,1138960,
542920,"SUMITOMO CHEMICAL INDIA LIMITE",A,STK,397.65,401.6,393.15,395.65,394.5,397.45,400,8344,3314214,
542921,"ICICI Prudential Mutual Fund",B,STK,21.99,22.21,21.79,21.89,21.99,22.05,290,75943,1677875,
542922,"Mirae Asset Mutual Fund",B,STK,691.94,699.79,691.94,693.94,694.14,695.61,59,903,628628,
542933,"UNIVERSUS PHOTO IMAGINGS LIMIT",T,STK,462.65,479.7,462.65,479.7,479.7,470.3,24,2567,1195586,
542934,"Chandra Bhagat Pharma Limited",M,STK,38.5,38.5,38.5,38.5,38.5,39.5,1,1000,38500,
543064,"Cohance Lifesciences Limited",A,STK,289.6,294.8,276.05,279.75,279.75,291.8,3451,92190,25931660,
543065,"SM Auto Stamping Limited",M,STK,17.56,17.66,17.56,17.66,17.66,17.53,3,14000,246800,
543066,"SBI CARDS AND PAYMENT SERVICES",A,STK,730.35,734.85,720.55,723.6,726.6,730.35,1213,24801,18052232,
543071,"Nippon India Mutual Fund",F,STK,17.99,17.99,14.76,14.76,14.76,16.39,12,718,10605,
543087,"Nippon India Mutual Fund",F,STK,167.7,167.7,137.26,138.03,164.85,152.51,15,203,28035,
543108,"UTI Mutual Fund",F,STK,102.5,102.5,102.49,102.49,102.49,93.2,2,2,204,
543144,"Nippon India Mutual Fund",B,STK,5.2,6.1,5.2,5.61,6.05,5.58,7,9,52,
543150,"Nippon India Mutual Fund",B,STK,2.84,2.9,2.38,2.45,2.56,2.64,156,225695,577426,
543153,"Nippon India Mutual Fund",B,STK,31.48,31.48,31.48,31.48,31.48,31.48,1,1,31,
543161,"Nippon India Mutual Fund",F,STK,117.99,118,117.99,118,118,119.33,7,150,17699,
543167,"Nippon India Mutual Fund",F,STK,2.26,2.6,2.26,2.46,2.46,2.5,11,104,255,
543171,"RO Jewels Limited",B,STK,1.31,1.33,1.3,1.33,1.33,1.33,104,47084,62184,
543172,"Cospower Engineering Limited",M,STK,910,964,902.05,913.5,924.95,949.5,9,2250,2053812,
543173,"Nippon India Mutual Fund",B,STK,14.78,14.78,12.13,13.46,13.46,13.47,24,1121,14057,
543174,"Nippon India Mutual Fund",B,STK,2.37,2.37,2.27,2.33,2.33,2.27,31,10462,24404,
543175,"Nippon India Mutual Fund",B,STK,3.8,3.95,3.77,3.78,3.78,3.75,16,12012,45574,
543176,"Nippon India Mutual Fund",B,STK,53.68,53.68,49.05,49.05,49.05,48.8,10,202,10830,
543177,"Nippon India Mutual Fund",B,STK,8.7,8.7,7.5,7.95,8.1,8.3,51,3677,28321,
543178,"Nippon India Mutual Fund",B,STK,40.59,40.59,39,39,39,36.9,4,17,686,
543181,"Nippon India Mutual Fund",B,STK,27.87,27.87,26.56,26.56,26.56,27.87,5,10,268,
543182,"Nippon India Mutual Fund",B,STK,38.34,38.35,38.34,38.35,38.35,38.35,2,2,76,
543184,"Nippon India Mutual Fund",B,STK,36.9,36.9,35.93,35.93,35.93,33.89,6,7,252,
543186,"Nippon India Mutual Fund",B,STK,5.55,5.55,5.36,5.46,5.46,5.6,6,601,3233,
543187,"HITACHI ENERGY INDIA LIMITED",A,STK,25307.7,26144.95,25307.7,25871,25900,25307.1,3150,11920,307756855,
543193,"DJ Mediaprint & Logistics Limi",T,STK,90.89,90.89,85,86.93,86.85,87.96,22,28898,2531262,
543207,"Natural Biocon (India) Limited",X,STK,4,4.77,3.98,4.49,4.48,3.98,287,381308,1698643,
543208,"REGIS INDUSTRIES LIMITED",X,STK,2.4,2.46,2.4,2.42,2.42,2.41,76,14963,36386,
543209,"Billwin Industries Limited",M,STK,24,29.9,24,26.45,26.9,28.9,8,27000,715050,
543210,"Aarti Surfactants Limited",B,STK,381.05,386.1,380,380.1,380,379.25,140,1883,718283,
543211,"BONLON INDUSTRIES LIMITED",T,STK,38.2,40.24,38.04,39.03,40,40,36,4560,178135,
543212,"Borosil Limited",B,STK,231,231.9,223.7,224.25,224.45,229,641,59722,13649898,
543213,"ROSSARI BIOTECH LIMITED",B,STK,475,481.15,465.5,466.25,465.55,477.5,215,2075,980985,
543214,"NDR Auto Components Limited",B,STK,703.45,722.05,693.05,714.7,707.1,700.9,86,1323,932946,
543216,"Edelweiss Mutual Fund",F,STK,1406.95,1406.95,1406.95,1406.95,1406.95,1403.27,1,17,23918,
543217,"Mindspace Business Parks REIT",IF,STK,459.51,464.89,458.28,460.53,460.53,458.75,1053,5620,2589082,
543218,"SURATWWALA BUSINESS GROUP LIMI",B,STK,26.42,29.13,26.42,29,29,28.22,11,335,9727,
543219,"ICICI Prudential Mutual Fund",B,STK,27.36,27.78,27.22,27.34,27.78,27.49,79,20644,564805,
543220,"Max Healthcare Institute Limit",A,STK,1056.45,1056.45,1030.1,1042.7,1042.7,1057.65,3774,184812,191705551,
543221,"ICICI Prudential Mutual Fund",B,STK,33.19,33.79,33.19,33.36,33.33,33.25,140,20632,690608,
543223,"Max India Limited",B,STK,150,151.5,146.9,148.15,146.9,148.95,384,30530,4581872,
543224,"HDFC Mutual Fund",B,STK,59.92,60.18,59.24,59.39,59.35,60.56,93,1598,95412,
543225,"Altius Telecom Infrastructure",IF,STK,157,157.9,156.7,157.9,157.9,155.33,9,275000,43162500,
543226,"UTI Mutual Fund",B,STK,60.69,60.69,59.82,59.86,60.13,60.59,33,1963,117651,
543227,"Happiest Minds Technologies Li",A,STK,340.65,348.1,336.5,337.1,337.1,340.65,1369,38054,12953720,
543228,"Route Mobile Limited",B,STK,479.4,488.9,477.05,478.95,479.8,479.4,811,11004,5321929,
543229,"Samrat Forgings Limited",X,STK,189,220,189,219,219,207.85,10,46,9770,
543230,"ADVAIT ENERGY TRANSITIONS LIMI",B,STK,1567.9,1620,1549.55,1579.55,1579.55,1570.7,1040,7520,11909103,
543231,"Archidply Decor Limited",B,STK,76.98,76.98,65.17,71.08,65.17,65.13,2,2,142,
543232,"Computer Age Management Servic",A,STK,646.1,661.5,642.85,649,649,652,3041,74646,48598188,
543233,"Chemcon Speciality Chemicals L",B,STK,161.9,161.9,155.85,157.6,158,158.55,91,1433,224980,
543234,"Secmark Consultancy Limited",B,STK,112.9,116.75,105.5,108.5,108.5,114.95,501,389788,41877467,
543235,"ANGEL ONE LIMITED",A,STK,226.05,230.4,218.35,219.65,219.65,224.75,6882,493395,109877803,
543236,"Atam Valves Limited",B,STK,64,64,56.46,58.41,58.25,59.81,86,1108,64753,
543237,"Mazagon Dock Shipbuilders Limi",A,STK,2398.95,2559,2373.55,2469.65,2469.65,2351.95,57719,1330595,3324081330,
543238,"UTI Asset Management Company L",A,STK,994.55,994.55,965,969.35,971.05,989.65,573,4486,4375129,
543239,"G M Polyplast Limited",M,STK,63.05,63.05,63.05,63.05,63.05,68.2,1,700,44135,
543240,"Likhitha Infrastructure Limite",B,STK,148.7,148.7,145,146.4,146.4,145.75,95,3124,460351,
543241,"Veer Global Infraconstruction",T,STK,84,86.4,84,86.4,86.4,86.5,9,1107,93053,
543242,"Hemisphere Properties India Li",B,STK,137.5,141.5,136.3,139.1,138.9,138.2,474,36631,5087147,
543243,"Equitas Small Finance Bank Lim",A,STK,57.7,61.04,57.7,59.72,59.79,57.63,1570,169753,10194491,
543244,"Shine Fashions (India) Limited",M,STK,25.88,25.88,25.88,25.88,25.88,25.88,2,8000,207040,
543245,"Gland Pharma Limited",A,STK,1700.1,1720,1664,1669,1670.25,1704.9,435,3740,6330285,
543246,"Mirae Asset Mutual Fund",B,STK,41.46,41.59,41.3,41.3,41.3,41.76,18,1271,52711,
543248,"Restaurant Brands Asia Limited",A,STK,62.25,63.99,62.25,63.29,63.01,63.01,428,1482188,94758374,
543249,"TARC LIMITED",B,STK,139.55,140.95,136.8,139.8,139.9,139.05,182,27418,3827203,
543251,"Ravinder Heights Limited",B,STK,39.31,39.31,38.27,38.53,39,39.3,10,622,24007,
543252,"Fairchem Organics Limited",B,STK,563,573.4,559.15,570.6,573.4,562.2,74,5473,3079278,
543253,"Mrs. Bectors Food Specialities",A,STK,195.5,198.55,192.25,195.75,195.75,195.45,1125,42704,8356580,
543254,"Antony Waste Handling Cell Lim",B,STK,483,487.4,472.05,476.75,472.6,484.25,261,3185,1531185,
543255,"Nippon India Mutual Fund",B,STK,956.41,963.58,953.7,955.2,963.58,961.22,121,3029,2908713,
543256,"RITA FINANCE AND LEASING LIMIT",XT,STK,17.74,18.62,17.74,18.62,18.62,17.74,3,76,1362,
543257,"Indian Railway Finance Corpora",A,STK,98.75,103.05,98.75,99.45,99.45,98.85,12187,1771644,178948297,
543258,"Indigo Paints Limited",B,STK,904.2,904.2,871.15,873.4,873.4,904.25,770,5154,4553269,
543259,"Home First Finance Company Ind",A,STK,1038.9,1068.1,1038.9,1047.7,1056.7,1038.8,767,14503,15210718,
543260,"STOVE KRAFT LIMITED",B,STK,486.25,493.55,475,477.5,477.5,486.45,147,1165,558990,
543261,"Brookfield India Real Estate T",IF,STK,344,348.7,341.22,344.78,345.99,346.03,930,12191,4188338,
543262,"MRP Agro Limited",M,STK,90.04,91.5,90.04,91.5,91.5,91.65,2,2000,181540,
543263,"SMC Global Securities Limited",B,STK,73.64,74.78,71.1,72.16,71.1,74.24,742,11938,871720,
543264,"Nureca Limited",B,STK,275.7,275.7,270,271.05,270.25,275.25,58,645,175334,
543265,"RailTel Corporation of India L",A,STK,282.1,299.8,280.25,291.1,291.1,282.1,5413,339005,99351042,
543266,"Heranba Industries Limited",B,STK,194.75,197.85,192.75,195.45,195.65,194.75,200,3435,671533,
543267,"Davangere Sugar Company Limite",B,STK,4.03,4.04,3.95,3.97,3.97,4,345,492844,1966868,
543268,"DRC Systems India Limited",B,STK,14.4,14.55,13.75,13.99,14.29,14.18,50,2178,31257,
543270,"MTAR Technologies Limited",A,STK,3600,3862,3587,3785.5,3785.5,3579.65,3429,22302,84160676,
543271,"Jubilant Ingrevia Limited",A,STK,579.6,579.6,562.05,568.3,567.3,564.5,459,5665,3216300,
543272,"Easy Trip Planners Limited",A,STK,7.53,7.7,7.43,7.48,7.48,7.6,1663,813468,6142106,
543273,"Knowledge Marine & Engineering",B,STK,1600,1628.05,1587.7,1592.95,1590,1605.25,370,4196,6715982,
543275,"Anupam Rasayan India Limited",A,STK,1249.85,1257.5,1215.65,1252,1240.75,1243.7,375,4315,5351487,
543276,"Craftsman Automation Limited",A,STK,7454.4,7618.4,7445.45,7462.5,7445.45,7579.8,177,490,3690066,
543277,"Laxmi Organic Industries Limit",A,STK,116.9,119.1,113.25,113.85,114.05,116.85,1370,47249,5454002,
543278,"Kalyan Jewellers India Limited",A,STK,398.55,400.85,394.4,395.6,395.6,400.15,4140,178408,70907624,
543279,"Suryoday Small Finance Bank Li",B,STK,133,135.3,128.4,129.55,129.8,131.8,295,21898,2924707,
543280,"Nazara Technologies Limited",A,STK,246.05,247.4,243.4,244.1,244.2,245.45,264,11889,2921771,
543281,"Suvidhaa Infoserve Limited",B,STK,2.95,2.95,2.9,2.9,2.94,2.94,28,3433,10042,
543283,"UNITED FOODBRANDS LIMITED",B,STK,235,243.95,233.3,240.3,233.3,237.7,74,1178,280003,
543284,"EKI Energy Services Limited",B,STK,93.8,93.8,90,90.78,90.8,91.76,368,17993,1656416,
543285,"Rajeshwari Cans Limited",MT,STK,25.31,25.31,23.5,23.5,23.5,24.11,14,8400,210988,
543287,"Lodha Developers Limited",A,STK,918.75,918.75,886.5,889.65,889.65,916.2,1546,31530,28322822,
543288,"Deep Industries Limited",B,STK,348.65,349.3,337.05,337.95,340,352.6,527,11572,3964629,
543290,"POWERGRID Infrastructure Inves",IF,STK,91.32,92,91,91.42,91.42,91.32,908,133227,12214939,
543291,"Mirae Asset Mutual Fund",B,STK,161.75,161.78,160.1,161.78,161.78,157.6,223,4499,727793,
543292,"ICICI Prudential Mutual Fund",B,STK,152.49,153.33,151.15,151.28,152.35,152.61,197,6126,931331,
543298,"Vineet Laboratories Limited",B,STK,30,32.5,29.98,30.49,30.1,31.99,476,115236,3480196,
543299,"Shyam Metalics and Energy Limi",A,STK,805,810.55,790,792.85,790,804.5,279,3355,2683673,
543300,"Sona BLW Precision Forgings Li",A,STK,510.05,521,510.05,514.75,514.55,511.5,1628,26232,13547273,
543306,"Dodla Dairy Limited",A,STK,1092.7,1092.7,1040.35,1050.05,1060,1092.6,203,904,960787,
543308,"Krishna Institute of Medical S",A,STK,703.25,734,690.1,726,726,703.7,745,11222,7944393,
543311,"India Pesticides Limited",B,STK,154.1,155.8,153.3,153.35,154,154,95,4350,671475,
543317,"G R Infraprojects Limited",A,STK,931,942.35,930.05,937.4,939,930.8,94,511,476875,
543318,"Clean Science and Technology L",A,STK,773.7,787.15,753.9,755.55,755,772.55,500,7200,5526867,
543319,"AA Plus Tradelink Limited",M,STK,1.25,1.25,1.25,1.25,1.25,1.31,2,720000,900000,
543320,"Eternal Limited",A,STK,240.3,242.9,231.5,232.15,232.15,240.3,19171,4313080,1006833600,
543321,"Tatva Chintan Pharma Chem Limi",B,STK,1127.45,1146.85,1108.7,1139.5,1125.7,1129.95,188,1288,1450616,
543322,"ALIVUS LIFE SCIENCES LIMITED",A,STK,902.4,918,900.5,913.9,913.05,908.85,225,1743,1583546,
543323,"Mirae Asset Mutual Fund",B,STK,27.87,27.97,27.53,27.58,27.58,28.11,77,9695,268423,
543325,"Rolex Rings Limited",B,STK,125.3,126.1,121.45,121.85,121.7,125.25,526,20432,2519070,
543326,"ICICI Prudential Mutual Fund",B,STK,53.41,53.6,53.2,53.4,53.46,53.43,129,11103,592333,
543327,"Exxaro Tiles Limited",B,STK,7.5,7.5,7.08,7.15,7.18,7.27,166,13289,95063,
543328,"Krsnaa Diagnostics Limited",B,STK,611.3,618,606.25,610.35,612.6,611.25,115,901,550752,
543329,"Windlas Biotech Limited",B,STK,741.65,763.4,739.2,743.4,739.2,758.5,82,665,501525,
543330,"Devyani International Limited",A,STK,117.5,119.5,115.85,117,119.25,117.5,985,49476,5830037,
543331,"Meghmani Organics Limited",B,STK,48.2,49.54,47.96,48.13,48.15,48.2,329,70914,3425990,
543332,"Epigral Limited",A,STK,856.9,882.95,852.85,865.95,866,856.85,731,4758,4125445,
543333,"CarTrade Tech Limited",A,STK,1758.95,1826.45,1758.95,1768.85,1768.85,1778.5,2156,17038,30582460,
543334,"Nuvoco Vistas Corporation Limi",A,STK,306.1,306.25,297,298.25,298.5,306.15,445,8760,2651485,
543335,"Aptus Value Housing Finance In",A,STK,230,231.3,225.9,228.1,228,228.55,1587,81469,18675595,
543336,"Chemplast Sanmar Limited",B,STK,220,228.65,218.5,220.1,219.8,221.1,646,7646,1701717,
543341,"SHARPLINE BROADCAST LIMITED",X,STK,12.07,12.07,11.51,11.97,11.97,12.07,30,1462,17267,
543346,"Aashka Hospitals Limited",M,STK,66,74.5,66,74.5,74.5,77,3,3000,215000,
543347,"Axis Mutual Fund",B,STK,334,334,328.15,331.56,332.91,332.6,12,172,57354,
543348,"Axis Mutual Fund",B,STK,150.82,150.82,149.86,149.86,149.86,148.86,3,23,3450,
543349,"ACUTAAS CHEMICALS LIMITED",A,STK,2244.95,2297.05,2208.8,2249.35,2241.75,2234.5,1171,13081,29498926,
543350,"Vijaya Diagnostic Centre Limit",A,STK,953,960.1,945.05,952.7,952.7,957.45,319,1804,1719156,
543351,"Naapbooks Limited",MS,STK,94,99,94,99,99,100,2,6000,570000,
543358,"Sansera Engineering Limited",A,STK,2240,2240,2179.15,2195.95,2181.65,2233.4,704,8409,18569678,
543363,"Prevest Denpro Limited",M,STK,430.95,430.95,423.05,425,425,434.95,27,6400,2732590,
543364,"Markolines Pavement Technologi",B,STK,160.55,161.95,155.35,156.65,156.4,160.2,261,11224,1790197,
543365,"Mirae Asset Mutual Fund",B,STK,69.57,71.16,69.16,70.99,71.14,70.28,307,17488,1239657,
543366,"SBL Infratech Limited",M,STK,35.2,35.2,34.85,34.85,34.85,35.1,3,3600,125880,
543367,"Paras Defence and Space Techno",A,STK,717.05,759,706.45,747.8,747.8,717.1,19349,751689,559965060,
543373,"Shri Venkatesh Refineries Limi",M,STK,252.5,252.5,252.5,252.5,252.5,243.6,1,1000,252500,
543374,"Aditya Birla Sun Life AMC Limi",A,STK,875.45,927.8,875.45,924.3,924.3,894.45,2979,52504,47931675,
543375,"Promax Power Limited",M,STK,16.41,17,16.41,17,17,16.4,2,12500,206600,
543376,"Samor Reality Limited",B,STK,70.2,70.2,70.2,70.2,70.2,69.8,2,2,140,
543383,"ICICI Prudential Mutual Fund",B,STK,117.15,117.78,115.69,115.99,116,118.17,60,2184,255125,
543384,"FSN E-Commerce Ventures Limite",A,STK,260,262.55,252.8,254.1,254.1,260.85,3796,127819,33016928,
543386,"Fino Payments Bank Limited",B,STK,181.85,184.8,177.85,179.9,177.85,181.9,203,5585,1018482,
543387,"S.J.S. Enterprises Limited",A,STK,1675.3,1675.3,1614.7,1627.3,1663,1675.2,507,4276,7005205,
543388,"DSP Mutual Fund",B,STK,336.4,395,334.42,395,395,332.76,12,149,50160,
543389,"Sigachi Industries Limited",B,STK,19.03,19.54,19,19.17,19.17,19.42,876,302987,5821420,
543390,"PB Fintech Limited",A,STK,1461.95,1465,1411.2,1428.15,1428.15,1475.15,5477,71002,101488063,
543391,"Suyog Gurbaxani Funicular Rope",M,STK,103.8,103.95,103,103,103,100.1,7,5250,544087,
543396,"One 97 Communications Limited",A,STK,1049.55,1060.2,1035.5,1038.55,1038.55,1052.05,2146,42557,44517594,
543397,"Sapphire Foods India Limited",A,STK,198.9,198.9,186,192.85,192.5,186.55,1111,181337,34699732,
543398,"Latent View Analytics Limited",A,STK,311.95,316.2,303.8,304.8,304.8,312.1,1098,474281,146151691,
543399,"Tarsons Products Limited",B,STK,200.35,202.6,188.15,189.35,190.25,198.5,269,56544,11070217,
543400,"Omnipotent Industries Limited",M,STK,4.18,4.4,4.18,4.18,4.18,4.4,4,8000,33880,
543401,"Go Fashion (India) Limited",B,STK,304,305.3,293,295.15,297.6,303.8,214,2759,825792,
543411,"HI-TECH PIPES LIMITED",B,STK,81,83.25,80.83,82.8,82.8,81.17,310,31028,2546686,
543412,"Star Health and Allied Insuran",A,STK,451.15,462.5,451.15,459.1,459.4,459.6,678,9648,4425248,
543413,"Tega Industries Limited",A,STK,1736.7,1778.4,1726.3,1743.4,1743.4,1733.35,352,2857,5031671,
543414,"Mirae Asset Mutual Fund",B,STK,22.82,22.82,22.82,22.82,22.82,23.37,199,22062,503454,
543415,"Anand Rathi Wealth Limited",A,STK,3201.1,3230,3179.75,3192,3212.15,3201.05,970,8661,27806918,
543416,"Zodiac Energy Limited",B,STK,233,233.45,226.55,228.1,232.15,230.85,81,538,123899,
543417,"RateGain Travel Technologies L",A,STK,471.3,482.3,467.2,477.8,481,477.45,569,12954,6153501,
543418,"Edelweiss Mutual Fund",F,STK,1321.15,1321.15,1317.06,1317.06,1317.06,1314.74,3,61,80345,
543419,"Shriram Properties Limited",B,STK,76.9,76.9,75.01,75.19,75.19,76.86,265,10443,791077,
543420,"Jet Freight Logistics Limited",T,STK,18.74,18.74,17.72,18.12,18.1,18,15,5659,101757,
543425,"C.E. Info Systems Limited",A,STK,998.45,1010.7,996.4,998.55,999,1004.8,462,3402,3408418,
543426,"Metro Brands Limited",A,STK,983.45,983.45,961.9,978.6,983.2,988.7,294,1908,1856726,
543427,"Medplus Health Services Limite",A,STK,831.55,851.95,830.3,841.15,838.5,831.55,218,1445,1216072,
543428,"Data Patterns (India) Limited",A,STK,3365.05,3610,3344.5,3490.15,3490.15,3360.1,18721,246919,869566012,
543433,"HP Adhesives Limited",B,STK,34.65,34.69,33.91,34.69,34.69,34.12,68,2906,99457,
543434,"Supriya Lifescience Limited",A,STK,629,639.2,622.2,626.75,622.2,624.5,297,4704,2968494,
543435,"CLARA INDUSTRIES LIMITED",M,STK,35.11,38.5,34.11,38.5,38.5,38.67,4,16600,588636,
543437,"Motilal Oswal Mutual Fund",B,STK,94.25,96.97,94.25,96.33,95.84,95.09,251,5453,523269,
543438,"DSP Mutual Fund",B,STK,235.18,235.18,233.85,233.85,233.85,234.52,3,21,4912,
543440,"DSP Mutual Fund",B,STK,258.58,259.45,256.6,257.4,258,260.11,78,1771,456656,
543441,"CMS Info Systems Limited",A,STK,301.3,304.65,299,300.35,300.45,301.25,776,28986,8730245,
543442,"Brand Concepts Limited",B,STK,228,236.85,226.85,231.3,231.3,229.05,29,269,62352,
543443,"Ascensive Educare Limited",MS,STK,18.2,18.2,18.2,18.2,18.2,17.99,1,10000,182000,
543444,"FABINO ENTERPRISES LIMITED",M,STK,13.75,13.75,13.75,13.75,13.75,13.1,2,6000,82500,
543449,"WONDER ELECTRICALS LIMITED",B,STK,138.2,140.7,138.15,138.95,138.15,138.2,34,665,92427,
543450,"ICICI Prudential Mutual Fund",B,STK,27.98,28.14,27.89,27.91,27.92,28.17,98,16866,472313,
543451,"AGS TRANSACT TECHNOLOGIES LIMI",Z,STK,3.25,3.34,3.18,3.26,3.28,3.25,129,31472,101999,
543452,"ICICI Prudential Mutual Fund",E,STK,252.49,263.44,252.49,257.43,257.43,258.97,2750,231254,60177458,
543454,"Mirae Asset Mutual Fund",B,STK,157.5,158.25,157.1,157.15,157.15,157.17,39,6776,1067893,
543458,"AWL AGRI BUSINESS LIMITED",A,STK,178.85,182,176.95,177.2,177.2,178.85,3113,158639,28381101,
543462,"DEV INFORMATION TECHNOLOGY LIM",B,STK,27.8,28.7,25.58,26.02,26.19,26.06,210,68905,1839270,
543463,"Vedant Fashions Limited",A,STK,384.2,386,364.1,367.25,367.25,386.45,1499,200928,74682398,
543464,"Maruti Interior Products Limit",MT,STK,194.05,195,193.8,193.8,193.8,204,9,10000,1940700,
543465,"Motilal Oswal Mutual Fund",B,STK,61.62,63.44,60.9,61.4,63.44,62.44,76,3916,241373,
543470,"SoftTech Engineers Limited",B,STK,273,273,268.8,270,270,271.95,41,287,77814,
543471,"Aditya Birla Sun Life Mutual F",E,STK,265.15,265.15,256.56,257.23,257.23,258.69,1801,108538,28234712,
543472,"Aditya Birla Sun Life Mutual F",B,STK,32.88,33.3,32.33,32.65,32.33,32.87,38,1448,47509,
543473,"Aditya Birla Sun Life Mutual F",B,STK,15.08,15.44,15.03,15.33,15.44,15.23,61,11937,180677,
543474,"Aditya Birla Sun Life Mutual F",B,STK,28.13,28.97,28.13,28.51,28.55,28.86,394,11638,334083,
543480,"ICICI Prudential Mutual Fund",F,STK,64.68,64.68,64.68,64.68,64.68,64.7,1,5000,323400,
543481,"Mirae Asset Mutual Fund",B,STK,21.92,21.92,21.6,21.64,21.64,21.75,481,213604,4646774,
543482,"Eureka Forbes Limited",A,STK,435.65,435.65,412.7,429.8,429.9,436.4,787,18819,7972971,
543489,"Gateway Distriparks Limited",B,STK,57.19,57.65,56.68,56.93,57.3,56.95,527,22352,1278200,
543490,"GMR Power and Urban Infra Limi",A,STK,110,111.35,107,107.25,108,109.9,420,48626,5271245,
543498,"Motherson Sumi Wiring India Li",A,STK,41.31,41.87,41.13,41.27,41.49,41.56,1161,124706,5177394,
543499,"Achyut Healthcare Limited",B,STK,5.3,5.37,5.05,5.29,5.27,5.2,124,83576,433046,
543500,"Evoq Remedies Limited",M,STK,2.89,3.07,2.89,2.94,2.94,2.89,8,32000,96200,
543501,"Motilal Oswal Mutual Fund",B,STK,37.3,37.68,37.29,37.29,37.29,37.3,3,3,112,
543512,"Avro India Limited",B,STK,139.55,140,129.55,134.9,140,135,156,14528,1954761,
543513,"Uma Exports Limited",B,STK,24,25.14,22.8,23.03,23.03,24.89,117,4490,105734,
543514,"Veranda Learning Solutions Lim",B,STK,167,170.35,163,163.4,163.1,168.25,193,7694,1274503,
543515,"Sunrise Efficient Marketing Li",M,STK,64.81,64.81,64.81,64.81,64.81,68.22,6,3000,194430,
543516,"DHYAANI TRADEVENTTURES LIMITED",M,STK,6.5,7.04,6.5,6.71,6.7,6.84,36,126000,841540,
543517,"Hariom Pipe Industries Limited",B,STK,353.8,356.95,346,350.2,346,350.6,103,1764,622687,
543520,"Global Longlife Hospital and R",M,STK,16.65,16.65,15.9,16.02,16.01,16.65,19,25000,402910,
543522,"Nanavati Ventures Limited",M,STK,103,103.5,103,103.5,103.5,102.9,3,5250,542025,
543523,"Campus Activewear Limited",A,STK,237.8,245.8,236.3,243.8,243.9,239.5,468,14277,3440622,
543524,"Rainbow Children's Medicare Li",A,STK,1188.05,1202.7,1163.35,1198.85,1185.9,1207.45,596,3474,4110722,
543525,"Silver Touch Technologies Limi",B,STK,136.15,141.4,136.15,141.4,141.4,1346.8,455,112903,15874988,
543526,"LIFE INSURANCE CORPORATION OF",A,STK,823.2,834.75,820.95,822.5,821.9,832.9,1541,25022,20730680,
543527,"Prudent Corporate Advisory Ser",A,STK,2232.2,2261,2220.85,2240.05,2256.05,2232.15,147,483,1084117,
543528,"Venus Pipes & Tubes Limited",B,STK,1047.75,1056.25,1011,1022.65,1025,1056.6,229,1956,2014462,
543529,"Delhivery Limited",A,STK,425.05,430.1,421.4,422.45,423.5,427.75,1126,26237,11205253,
543530,"Paradeep Phosphates Limited",A,STK,111.4,111.4,105.05,105.45,105.45,109.95,2483,159160,17059008,
543531,"Tierra Agrotech Limited",X,STK,37.97,38,37.75,37.75,37.75,37.97,9,412,15589,
543532,"ETHOS LIMITED",A,STK,2262.6,2318.65,2251.25,2262.5,2302.1,2323.6,217,1255,2867665,
543533,"eMudhra Limited",B,STK,406.8,426.55,406.8,413.1,415.9,406.75,1085,9934,4148034,
543534,"Aether Industries Limited",A,STK,964.95,1034,955.35,1010.95,1020,967.55,2094,24575,24359788,
543535,"We Win Limited",B,STK,41.35,44.3,41.35,43.07,43.07,43,21,5269,228249,
543538,"Goel Food Products Limited",M,STK,10.92,10.92,10.92,10.92,10.92,11.59,1,2000,21840,
543539,"MODI'S NAVNIRMAN LIMITED",B,STK,324,324,318,320,318,318.45,5,400,128000,
543540,"Pearl Green Clubs and Resorts",M,STK,114,127.6,112.95,127.6,127.6,117.95,38,34200,4003260,
543542,"KESAR INDIA LIMITED",M,STK,1184.9,1186,1168.5,1179.95,1179.95,1176.7,27,12200,14389280,
543543,"B-RIGHT REALESTATE LIMITED",MT,STK,774.9,774.9,771.45,772,772,774.9,3,1200,927340,
543544,"JAYANT INFRATECH LIMITED",M,STK,65.41,65.41,63.61,65.41,65.41,65.41,7,5250,342037,
543545,"Veerkrupa Jewellers Limited",M,STK,0.75,0.75,0.71,0.71,0.71,0.75,5,551100,412657,
543546,"HEALTHY LIFE AGRITEC LIMITED",M,STK,8.07,8.1,7.39,7.65,7.65,7.77,40,116000,881720,
543547,"DDEV PLASTIKS INDUSTRIES LIMIT",B,STK,271.3,273.25,269.35,271,271.05,273.9,109,2089,565357,
543563,"Motilal Oswal Mutual Fund",B,STK,44.3,44.77,43.76,44.02,43.84,44.41,70,2790,122799,
543568,"ICICI Prudential Mutual Fund",B,STK,30.94,31.14,30.69,30.73,30.76,31.13,320,24407,753076,
543569,"HDFC Mutual Fund",B,STK,25.99,26.23,25.93,26.23,26.23,26.26,64,3546,92379,
543570,"HDFC Mutual Fund",B,STK,69.3,69.41,68.81,68.89,69.18,69.41,62,5015,346841,
543571,"ICICI Prudential Mutual Fund",B,STK,95.89,96,94.67,95.01,95.51,98.09,424,14556,1392385,
543572,"DSP Mutual Fund",E,STK,252.06,253.05,248.01,248.95,249.27,250.71,999,17963,4519526,
543573,"Syrma SGS Technology Limited",A,STK,755.65,775,755.45,761.95,761.95,767.4,2270,57948,44374712,
543574,"Aditya Birla Sun Life Mutual F",B,STK,20.88,20.98,20.69,20.88,20.98,21.08,73,4364,90758,
543575,"Aditya Birla Sun Life Mutual F",B,STK,30.9,30.96,30.6,30.67,30.96,30.69,20,3155,96983,
543576,"Motilal Oswal Mutual Fund",B,STK,123.54,123.54,121,121.29,122.58,122.93,240,12185,1484932,
543577,"Motilal Oswal Mutual Fund",B,STK,192.94,194.02,190.3,193.8,193.8,191.89,6,67,12903,
543578,"Olatech Solutions Limited",MT,STK,153.5,153.5,153.5,153.5,153.5,153,2,1850,283975,
543590,"Rhetan TMT Limited",B,STK,25.6,27.1,25.36,26.58,26.15,25.65,777,266582,7030255,
543591,"DREAMFOLKS SERVICES LIMITED",B,STK,77.88,78.77,75.4,75.87,75.83,78.36,367,12708,978782,
543592,"HDFC Mutual Fund",E,STK,253.82,253.82,246.01,246.65,246.65,247.63,2242,189838,47260755,
543593,"Dhampur Bio Organics Limited",B,STK,101.7,103.35,99.05,99.5,99.05,101.65,165,5082,509708,
543594,"DIPNA PHARMACHEM LIMITED",M,STK,8.95,8.95,8.71,8.71,8.71,8.52,3,9000,79620,
543596,"Tamilnad Mercantile Bank Limit",A,STK,649.6,651.4,627.85,629.8,627.85,649.6,659,9522,6081676,
543597,"Virtuoso Optoelectronics Limit",M,STK,365.85,365.9,350,353.15,359.45,358.9,113,188750,68027487,
543599,"Ksolves India Limited",B,STK,309.95,309.95,285.8,286.45,287.85,288.4,153,1469,426965,
543600,"Harsha Engineers International",B,STK,372.95,372.95,357.65,360.8,360,359.65,33,748,273815,
543605,"HDFC Mutual Fund",B,STK,56.88,57.75,56.83,56.95,56.98,57.85,25,1160,66326,
543606,"CONTAINE TECHNOLOGIES LIMITED",M,STK,13.4,13.8,13.3,13.75,13.75,13.8,12,24000,324380,
543607,"HDFC Mutual Fund",B,STK,118.38,118.38,117.51,118.07,118.07,118.11,10,190,22470,
543608,"HDFC Mutual Fund",B,STK,134.06,134.06,133,133,133,133.8,9,145,19382,
543613,"MAFIA TRENDS LIMITED",M,STK,6.28,6.28,6.28,6.28,6.28,6.87,1,4000,25120,
543614,"Tips Films Limited",B,STK,359.05,359.05,346.05,354.8,354.25,358.2,12,42,14696,
543615,"SILICON RENTAL SOLUTIONS LIMIT",M,STK,93,93.83,90.01,92,92,93.5,21,17600,1615664,
543616,"Trident Lifeline Limited",M,STK,255,267.95,246.05,267.95,267.95,268,3,2400,609030,
543618,"Cargotrans Maritime Limited",M,STK,153.75,153.75,153.75,153.75,153.75,148,1,1500,230625,
543619,"Concord Control Systems Limite",M,STK,2350,2379,2303,2311.1,2305.25,2319.85,15,3000,7038850,
543620,"INSOLATION ENERGY LIMITED",M,STK,95.9,97.9,94.05,96.15,96.15,95.1,490,339000,32741800,
543626,"Electronics Mart India Limited",A,STK,92.4,93.15,91.45,92.3,92.6,92.35,187,13814,1275928,
543627,"HDFC Mutual Fund",B,STK,20.46,20.53,20.46,20.5,20.5,20.41,7,9938,203909,
543628,"HDFC Mutual Fund",B,STK,30.7,30.85,30.5,30.52,30.5,30.74,48,3269,100259,
543635,"PIRAMAL PHARMA LIMITED",A,STK,153.3,154.85,151.6,152.05,152.05,153.45,1086,45669,6993298,
543636,"Dc Infotech and Communication",B,STK,251,251,248.15,248.5,248.15,255.95,16,90,22376,
543637,"PACE E-COMMERCE VENTURES LIMIT",M,STK,15.49,15.49,14.1,14.46,14.1,15.05,13,15600,230808,
543638,"Tracxn Technologies Limited",B,STK,32.3,33.16,32.3,32.5,32.5,33.06,277,10466,342543,
543643,"Narmada Agrobase Limited",B,STK,32.01,32.2,31.9,31.95,31.95,32.07,81,4841,154827,
543644,"InfoBeans Technologies Limited",B,STK,161.55,166.85,153.7,155,155,160.25,1457,66621,10637223,
543645,"HINDPRAKASH INDUSTRIES LIMITED",B,STK,125.9,125.9,121,122.95,124.9,128.1,4,18,2230,
543650,"DCX Systems Limited",B,STK,184.4,208.55,183.85,191.05,191.05,177.9,20051,2011693,401711300,
543651,"DAPS ADVERTISING LIMITED",M,STK,16,16,16,16,16,17,1,4000,64000,
543652,"FUSION FINANCE LIMITED",B,STK,177,183.1,177,178.6,178.75,180.5,144,5267,946065,
543653,"Bikaji Foods International Lim",A,STK,630.55,630.55,609.05,613.5,613.75,630.5,842,12925,7948449,
543654,"Global Health Limited",A,STK,1111.3,1117.85,1101,1109.7,1114.3,1111.25,377,3507,3894589,
543655,"Anzen India Energy Yield Plus",IF,STK,120,120,120,120,120,117,1,50000,6000000,
543657,"Archean Chemical Industries Li",A,STK,539.5,562,535.45,547.75,547.75,539.45,240,4015,2212193,
543663,"Five-Star Business Finance Ltd",A,STK,408.2,412.4,403.95,406.6,406.6,408.1,1160,22812,9307938,
543664,"KAYNES TECHNOLOGY INDIA LIMITE",A,STK,3780.65,3850.5,3731.1,3745.7,3745.7,3814.7,6469,78674,298265279,
543665,"HDFC Mutual Fund",B,STK,32.04,32.64,32,32.02,32.08,32.05,50,12652,411861,
543666,"HDFC Mutual Fund",B,STK,28.25,28.26,27.79,27.92,27.91,28.41,40,5886,165531,
543667,"INOX GREEN ENERGY SERVICES LIM",A,STK,152.65,157.35,150.35,151.3,151.3,152.65,1332,839381,129063298,
543668,"B&B Triplewall Containers Limi",B,STK,175.05,175.1,169.25,169.25,169.25,170,77,312,54051,
543669,"Keystone Realtors Limited",B,STK,365.05,406.8,365.05,392.35,391.95,399,611,4508,1777830,
543670,"VINNY OVERSEAS LIMITED",B,STK,1.05,1.08,1.03,1.05,1.05,1.04,74,145820,152640,
543671,"AAA TECHNOLOGIES LIMITED",B,STK,92.25,94.35,91.5,92.55,92,91.35,132,5730,527604,
543677,"ICICI Prudential Mutual Fund",B,STK,31.12,31.19,30.58,30.71,30.71,31.15,502,38787,1196081,
543678,"AMBO AGRITEC LIMITED",M,STK,30.1,30.1,28.8,30.1,30.1,30.26,4,4000,117800,
543686,"Sirca Paints India Limited",B,STK,499.95,499.95,447.25,452.8,447.95,453.75,248,20063,9114312,
543687,"Dharmaj Crop Guard Limited",B,STK,242,251,238.45,249.15,251,243.3,93,2851,697678,
543688,"Sarveshwar Foods Limited",B,STK,3.59,3.68,3.55,3.59,3.6,3.61,584,365111,1321103,
543689,"Uniparts India Limited",B,STK,454.05,471.05,451.9,458.35,457.25,454.1,122,1424,656314,
543699,"Edelweiss Mutual Fund",F,STK,1282.46,1283.7,1282.46,1283.7,1283.7,1276.53,2,700,898540,
543700,"ICICI Prudential Mutual Fund",F,STK,260.45,260.45,260.45,260.45,260.45,259.56,1,10,2604,
543709,"PNGS GARGI FASHION JEWELLERY L",M,STK,731,763.95,722,749.5,753,737.1,27,4125,3068606,
543710,"ICICI Prudential Mutual Fund",B,STK,99.04,100.28,98.99,100.28,100.28,98.13,155,1844,183782,
543711,"Sula Vineyards Limited",A,STK,163.05,171.6,163.05,166.2,166.2,166.75,967,35126,5884997,
543712,"ABANS FINANCIAL SERVICES LIMIT",B,STK,201.05,201.1,201,201.1,201.1,201,6,108,21711,
543713,"Droneacharya Aerial Innovation",M,STK,32.1,33.71,32.1,33.71,33.71,32.11,70,81000,2715000,
543714,"LANDMARK CARS LIMITED",B,STK,368.1,370.55,355.85,359.55,359,368,185,1591,577012,
543720,"KFin Technologies Limited",A,STK,926.95,931.5,905,912.8,919,928.55,3208,32636,29822031,
543725,"Elin Electronics Limited",B,STK,126.65,128,122.15,123.75,124,128.5,264,3267,405992,
543732,"Radiant Cash Management Servic",B,STK,37,37.94,36.17,36.84,36.76,36.97,109,7526,276760,
543737,"Aveer Foods Limited",X,STK,535,535,535,535,535,535,5,51,27285,
543738,"DSP Mutual Fund",B,STK,60,60,59,59,59,60.31,17,2323,138251,
543743,"Aeroflex Neu Limited",B,STK,74.2,74.2,70,70,70,69.5,4,7,495,
543746,"LOGICA INFOWAY LIMITED",M,STK,202,202,197,199.5,199.5,204.35,9,10800,2157000,
543747,"Kamdhenu Ventures Limited",B,STK,4.15,4.37,4.09,4.15,4.15,4.26,273,97416,407888,
543748,"Aarti Pharmalabs Limited",A,STK,700,707.15,691.25,699.45,694.35,695.8,224,2693,1880382,
543766,"Ashika Credit Capital Ltd.",B,STK,367.85,372,358,366.2,365.5,361.35,256,51843,19038123,
543767,"BODHI TREE MULTIMEDIA LIMITED",B,STK,7.36,7.7,7.36,7.64,7.59,7.47,136,119328,916480,
543768,"NMDC Steel Limited",A,STK,38.3,39.22,38.3,38.54,38.54,38.61,1103,222108,8590472,
543774,"HDFC Mutual Fund",B,STK,37.31,37.31,36.06,36.26,36.95,36.4,25,1072,38936,
543775,"HDFC Mutual Fund",B,STK,151.96,157.56,151.96,155.62,155.62,155.86,1210,149174,23250841,
543776,"HDFC Mutual Fund",B,STK,21.06,22.09,20.5,21.41,21.4,21.6,252,36118,778790,
543781,"Mirae Asset Mutual Fund",E,STK,159.11,159.11,153.24,153.48,153.42,155.23,709,54778,8445146,
543782,"Sealmatic India Limited",M,STK,342.8,349,335,338.55,340,342.75,39,13500,4601736,
543787,"Macfos Limited",M,STK,927.85,940,927.85,939,939,919.9,6,900,842377,
543798,"Patron Exim Limited",M,STK,2.01,2.16,2.01,2.04,2.04,2.08,7,44000,90200,
543799,"S. V. J. Enterprises Limited",MT,STK,464.9,464.9,464.9,464.9,464.9,453,1,750,348675,
543805,"RESGEN LIMITED",M,STK,57.5,57.5,56.5,57.25,57.25,57.34,4,3750,214500,
543806,"ITCONS E-Solutions Limited",M,STK,362,368.5,344.5,366,366,369.05,67,16600,5932180,
543811,"AIRAN LIMITED",B,STK,16.1,16.15,15.97,15.99,15.97,15.8,19,982,15735,
543812,"DIVGI TORQTRANSFER SYSTEMS LIM",B,STK,707.25,743,706.3,721.65,720,703.8,372,3013,2191574,
543813,"Aditya Birla Sun Life Mutual F",F,STK,999.99,1000.01,999.99,1000.01,1000.01,1000.01,8,2141,2140989,
543819,"ICICI Prudential Mutual Fund",B,STK,94.34,94.57,93,93.09,93,94.78,116,8073,758974,
543828,"SUDARSHAN PHARMA INDUSTRIES LI",M,STK,24.29,25.49,24.1,25.29,25.29,24.89,8,32000,789520,
543829,"Global Surfaces Limited",B,STK,77.25,78.63,74,74,74,77.25,171,1807,137560,
543831,"Bright Outdoor Media Limited",M,STK,425,425,400,401,404.1,421,14,5250,2132268,
543848,"Dev Labtech Venture Limited",MT,STK,87.04,87.04,87.04,87.04,87.04,82.9,5,5000,435200,
543853,"Axis Mutual Fund",B,STK,82.32,82.34,81.45,81.67,81.45,82.11,11,1419,116186,
543860,"J.A. Finance Limited",XT,STK,86.65,86.65,86.65,86.65,86.65,91.2,4,611,52943,
543861,"Udayshivakumar infra limited",T,STK,26.02,27.5,26.02,26.14,26.14,27.26,23,1137,30285,
543895,"Exhicon Events Media Solutions",M,STK,485,504,482.6,495.1,495,493.3,24,9250,4580350,
543896,"Avalon Technologies Limited",A,STK,941.65,957.3,925.5,931.5,946,941.7,796,6380,6033701,
543897,"Sancode Technologies Limited",MT,STK,241.7,241.7,241.7,241.7,241.7,237,1,1500,362550,
543898,"BEML Land Assets Limited",B,STK,181.25,183.4,180,180,180,181.25,21,391,70777,
543900,"UTI Mutual Fund",E,STK,257.4,257.4,247.28,249.14,249.14,251.13,527,37751,9484355,
543902,"Retina Paints Limited",M,STK,54.11,58.85,54,56.73,57.9,57,15,32000,1785280,
543903,"DSP Mutual Fund",E,STK,154.52,154.93,153.36,153.66,153.8,155.74,154,4792,739054,
543904,"Mankind Pharma Limited",A,STK,2248.55,2248.55,2178.45,2186.45,2186.45,2225.45,1610,7592,16692479,
543910,"AVG Logistics Limited",B,STK,144.9,144.9,137,137,137,139.4,110,9857,1385227,
543911,"Atal Realtech Limited",B,STK,23,24.1,22.34,23.62,23.1,22.98,489,568260,13415322,
543912,"Power & Instrumentation (Gujar",B,STK,102.3,103.2,100,100.7,102.1,101.8,176,2796,283147,
543913,"Nexus Select Trust",IF,STK,157.5,157.5,155,156.42,156.42,156.51,327,4212,657299,
543914,"Swati Projects Limited",X,STK,31.5,32.48,30.1,31.31,31.35,30.94,70,5663,177004,
543915,"Pavna Industries Limited",B,STK,20.05,20.05,19.46,20.05,20.05,20,73,5172,103295,
543916,"Hemant Surgical Industries Lim",M,STK,270,286.9,250,260.95,260,266.7,37,18000,4693580,
543917,"SIGMA SOLVE LIMITED",B,STK,39.85,40.99,38.52,39.17,38.6,40.09,73,2583,103461,
543918,"GHCL Textiles Limited",B,STK,74.49,74.84,72,72.55,72.81,74.5,57,4563,339210,
543919,"M.K.Proteins Limited",B,STK,5.01,5.09,4.78,4.87,4.85,4.89,296,62981,303920,
543920,"CFF FLUID CONTROL LIMITED",M,STK,534,570,534,539.65,539.1,530.75,178,41600,22768890,
543921,"Comrade Appliances Limited",M,STK,42.5,42.84,42.5,42.84,42.84,40.8,2,2000,85340,
543922,"Mirae Asset Mutual Fund",E,STK,254.06,255.49,250.19,251.47,251.05,252.08,161,3771,957622,
543923,"IKIO Technologies Limited",B,STK,138.05,141.25,137.35,139.05,139.45,135,153,3475,483883,
543924,"Sonalis Consumer Products Limi",M,STK,53,53.01,53,53.01,53.01,54.06,2,4000,212020,
543926,"Bizotic Commercial Limited",MT,STK,1011,1011,971,971,971,1016.55,8,3200,3152000,
543927,"Asian Warehousing Limited",X,STK,38,38,36.99,37.49,37.65,37.25,13,664,25126,
543928,"Cosmic CRF Limited",M,STK,960.05,982.95,960.05,967.8,966,960.05,36,6500,6303845,
543929,"HMA Agro Industries Limited",B,STK,25.08,25.46,24.35,24.6,25.46,25.01,30,6807,168669,
543930,"Uravi Defence and Technology L",B,STK,142.6,150,139.15,145.15,145.6,142.6,203,16580,2388251,
543931,"VEEFIN SOLUTIONS LIMITED",M,STK,271,275,269,270.25,271,272.7,21,4800,1301530,
543932,"IDEAFORGE TECHNOLOGY LIMITED",B,STK,435,458.75,428.1,441.2,441.2,436.45,2004,56565,25280269,
543933,"Cyient DLM Limited",B,STK,298,304.5,295.05,296.55,298.2,299.55,366,11612,3477934,
543934,"Machhar Industries Limited",X,STK,356,356,325.85,332,332,343,4,12,3959,
543935,"DSP Mutual Fund",B,STK,32.13,32.16,31.69,31.82,31.82,31.5,6,2096,67014,
543936,"Senco Gold Limited",A,STK,303.95,305.4,298.7,301.7,300.9,299.7,813,20380,6152829,
543938,"ACCELERATEBS INDIA LIMITED",MT,STK,166.55,166.55,166.55,166.55,166.55,175.3,1,640,106592,
543939,"Kaka Industries Limited",M,STK,184.5,184.5,178.2,179,179,178.7,9,4500,809975,
543940,"Jio Financial Services Limited",A,STK,242.65,243,238.85,239.4,239.4,243.1,11118,738886,177970412,
543942,"UTKARSH SMALL FINANCE BANK LIM",B,STK,13.03,13.25,13.01,13.05,13.15,13.08,395,279611,3664031,
543943,"ASARFI HOSPITAL LIMITED",M,STK,164,169.95,163,165,165,162.15,32,38000,6292800,
543944,"Mirae Asset Mutual Fund",B,STK,594.63,595.2,586.22,587.22,586.95,599.46,322,1276,753930,
543945,"NETWEB TECHNOLOGIES INDIA LIMI",A,STK,3248.5,3339,3203.05,3219.6,3219.6,3250.6,13244,202610,664520922,
543946,"Mirae Asset Mutual Fund",F,STK,1000,1000.01,1000,1000,1000,1000,26,17451,17451011,
543947,"DSP BSE Sensex ETF",A,STK,81.6,81.6,81.6,81.6,81.6,81.56,2,55,4488,
543948,"DSP Mutual Fund",B,STK,93.94,94.12,92.38,92.58,92.79,94.48,54,1670,155111,
543949,"DSP Mutual Fund",B,STK,28,28,27.71,27.79,27.83,28.39,11,212,5920,
543950,"YATHARTH HOSPITAL & TRAUMA CAR",A,STK,652.15,658.25,643.7,646.75,646.75,653.3,698,14024,9162144,
543952,"NIIT Learning Systems Limited",A,STK,319.8,321.3,307.25,311.1,310.9,319.7,267,1250,393198,
543953,"Khazanchi Jewellers Limited",M,STK,740.05,747.85,739,741.95,741.95,747.9,50,24750,18329025,
543954,"Allcargo Terminals Limited",B,STK,23.63,24.27,22.7,24.03,23.86,23.45,107,27968,653873,
543955,"Transindia Real Estate Limited",B,STK,23.87,24.4,23.7,23.84,23.75,24.35,9,1591,37927,
543956,"ICICI Prudential Mutual Fund",B,STK,20.6,20.73,20.49,20.67,20.73,20.73,28,972,20022,
543957,"REDTAPE Limited",B,STK,117.3,120.9,117.3,118.25,118.25,119.65,245,17095,2031074,
543958,"VL E-Governance & IT Solutions",B,STK,15.16,15.16,14.51,14.63,14.84,14.91,179,11910,177536,
543959,"SBFC Finance Limited",A,STK,93.29,95.16,92.75,93.99,94.97,93.3,1186,90962,8564225,
543960,"Concord Biotech Limited",A,STK,1208,1214,1189.85,1206.3,1205,1202.4,420,6169,7435143,
543962,"D.P. WIRES LIMITED",B,STK,142.1,142.75,138.95,140.1,139.8,140.85,24,811,113722,
543963,"SHELTER PHARMA LIMITED",M,STK,33.2,33.2,33.2,33.2,33.2,33.05,3,9000,298800,
543965,"TVS Supply Chain Solutions Lim",T,STK,110,117.6,109.15,112.35,111.8,112,460,30657,3467341,
543969,"Pyramid Technoplast Limited",B,STK,148.5,150.5,148.5,149.4,149.4,148.8,12,510,76286,
543971,"Bondada Engineering Limited",M,STK,286.55,297.5,281.15,292.9,292.9,283.6,635,211200,61849280,
543972,"Aeroflex Industries Limited",B,STK,221.5,228.4,219,220.5,220.5,223.55,685,30096,6732593,
543974,"VISHNU PRAKASH R PUNGLIA LIMIT",B,STK,41.25,42.5,41.05,41.82,41.7,41.72,277,22848,956269,
543975,"UTI Mutual Fund",B,STK,215.67,215.67,214.24,214.24,214.24,214.64,2,9,1929,
543976,"Shradha AI Technologies Limite",X,STK,28,29.99,27.6,29.78,29.99,28.44,190,25543,737671,
543977,"Rishabh Instruments Limited",B,STK,399.05,399.05,380.55,383.95,382.9,395.45,71,929,361906,
543978,"Ratnaveer Precision Engineerin",B,STK,140.65,142.85,139.15,140.3,140.2,140,453,24671,3484774,
543980,"Jupiter Life Line Hospitals Li",A,STK,1310,1310,1251.5,1262,1271.8,1310.55,90,721,930586,
543981,"R R KABEL LIMITED",A,STK,1496.05,1554,1496,1527.5,1527.5,1499.1,888,13977,21431747,
543982,"QUEST FLOW CONTROLS LIMITED",M,STK,147,155,147,151.85,151.95,151.25,45,18200,2718600,
543983,"EMS LIMITED",B,STK,274.35,280.25,270,270.25,271.15,275.8,467,8621,2354996,
543984,"Samhi Hotels Limited",A,STK,155.9,157.75,145.4,148.9,150,151.5,1710,79749,11897409,
543985,"ZAGGLE PREPAID OCEAN SERVICES",A,STK,219.05,231.45,218.7,227.05,225.5,217.2,2505,81259,18347686,
543986,"South West Pinnacle Exploratio",T,STK,188.7,193.05,185,189.25,189.55,186,32,2365,448313,
543988,"Nuvama Wealth Management Limit",A,STK,1220.4,1263,1220.4,1225.8,1228.35,1233,499,4314,5349398,
543989,"Sai Silks (Kalamandir) Limited",B,STK,106.5,107.15,103.65,104.45,104.45,107.4,776,43609,4614758,
543990,"SIGNATUREGLOBAL (INDIA) LIMITE",A,STK,922.5,925,891.9,902.75,902.75,922.5,341,13197,11926331,
543991,"TECHKNOWGREEN SOLUTIONS LIMITE",M,STK,115.25,115.25,112,114.4,114.95,115.25,7,2800,320900,
543992,"YATRA ONLINE LIMITED",B,STK,111.85,114.25,107.1,108.75,108.75,110.2,1030,75289,8368493,
543993,"ARCL Organics Ltd",X,STK,201.9,201.9,183.1,189.75,189.75,192.3,200,7983,1572118,
543994,"JSW Infrastructure Limited",A,STK,260.45,274.95,260.3,268.4,266.6,261.4,3842,182784,49341831,
543995,"MANOJ VAIBHAV GEMS 'N' JEWELLE",B,STK,155,156.7,152.55,153.45,154.45,155,48,1089,167583,
543996,"Updater Services Limited",B,STK,153.3,155.55,151.8,153.8,151.85,154.05,212,7898,1216668,
543997,"ORGANIC RECYCLING SYSTEMS LIMI",M,STK,236,236.5,232,233,233,235,14,9600,2257890,
543998,"Valiant Laboratories Limited",B,STK,59,59,53.25,54.04,54.04,54.56,34,1189,64971,
543999,"Mirae Asset Mutual Fund",A,STK,83.95,83.95,80.91,80.97,80.99,81.91,43,2220,181338,
544001,"Sunita Tools Limited",M,STK,969,969,893.15,894.55,894.55,940.15,132,19125,17457968,
544003,"Plaza Wires Limited",B,STK,36.66,37,35.93,36.19,36.2,36.76,125,3475,125945,
544004,"IRM ENERGY LIMITED",B,STK,235.15,235.15,214.6,216.75,216.75,216.8,180,3397,736165,
544006,"Mirae Asset Mutual Fund",B,STK,31.78,32.22,31.58,31.63,31.66,31.59,245,307664,9757088,
544007,"Mirae Asset Mutual Fund",B,STK,24.97,24.97,24.51,24.6,24.57,24.83,153,17845,440683,
544008,"Max Estates Limited",B,STK,399.15,399.15,388.5,389.65,388.8,397.8,38,72,28451,
544009,"Blue Jet Healthcare Limited",A,STK,388,392.1,380.9,385.8,385,388,660,18356,7072738,
544011,"Vrundavan Plantation Limited",M,STK,32.1,33.5,32.1,33.5,33.5,36,2,2400,78720,
544012,"Cello World Limited",A,STK,418,418,405.05,406,407.35,419.9,752,8075,3313877,
544014,"Honasa Consumer Limited",A,STK,293.95,302.95,287,290.65,288.5,298.2,505,11695,3461902,
544020,"ESAF Small Finance Bank Ltd",B,STK,26.45,26.45,25,25.25,25.15,26.01,487,51884,1337275,
544021,"Protean eGov Technologies Limi",A,STK,547.95,559.95,540,541.05,541.05,544.9,2083,47986,26188491,
544022,"ASK Automotive Limited",B,STK,389.7,395.15,384.6,392.1,390.6,389.7,911,9926,3867944,
544023,"Kalyani Cast-Tech Limited",M,STK,517.5,517.5,482.75,500.2,496,482.5,50,14750,7310712,
544025,"Arrowhead Seperation Engineeri",M,STK,70.1,70.1,70.1,70.1,70.1,70.2,1,1200,84120,
544026,"Indian Renewable Energy Develo",A,STK,114.6,120.4,114.6,117.25,117.25,115.7,8558,1115262,131850179,
544027,"Fedbank Financial Services Lim",B,STK,129.4,131.05,125.05,127.1,127.1,129.4,745,92303,11734728,
544028,"Tata Technologies Limited",A,STK,571.05,584.75,571.05,576.3,577,575.85,1051,20840,12059308,
544029,"Gandhar Oil Refinery (India) L",B,STK,133.05,142.7,132.2,134.5,133.9,132.95,682,30484,4198534,
544030,"Flair Writing Industries Limit",B,STK,315.3,321.7,311,314.3,316.55,315.25,296,7355,2332392,
544035,"Swashthik Plascon Limited",M,STK,22.85,22.85,21.99,21.99,21.99,22.85,3,4800,106928,
544036,"DEEPAK CHEMTEX LIMITED",M,STK,98,98,96,96.4,96,98,5,4800,462600,
544037,"Amic Forging Limited",M,STK,1346,1389.15,1346,1381.5,1385,1369.3,26,2700,3705280,
544042,"Bajel Projects Limited",B,STK,147.1,148.9,145.05,145.55,145.05,147.05,111,4249,625787,
544043,"BARODA BNP PARIBAS MUTUAL FUND",E,STK,153.59,155.3,153.59,153.7,153.7,156.04,21,72,11119,
544044,"India Shelter Finance Corporat",A,STK,696.05,697.5,681,688.6,695.8,696.3,283,3173,2187075,
544045,"DOMS Industries Limited",A,STK,2127.45,2151.8,2089.7,2096.75,2096.75,2144.6,603,2757,5833669,
544046,"INOX India Limited",A,STK,1161.55,1215.15,1161.3,1180.6,1180,1162.1,539,4929,5887721,
544047,"Siyaram Recycling Industries L",M,STK,42.5,44.3,42.5,43.49,43.49,43.25,25,40500,1760550,
544053,"Motisons Jewellers Limited",B,STK,14.41,14.8,14.16,14.32,14.32,14.7,425,111426,1623448,
544054,"Suraj Estate Developers Limite",B,STK,209,209.95,204.25,207,207,209.6,273,12064,2496729,
544055,"Muthoot Microfin Limited",B,STK,156.05,160.95,156.05,158.35,158.4,158.4,283,7467,1182478,
544057,"Happy Forgings Limited",B,STK,1270,1271,1251,1251.5,1251,1271.35,89,737,932348,
544058,"Credo Brands Marketing Limited",B,STK,80.6,83.57,80.6,82.99,83.57,82.15,136,4813,394039,
544059,"SHANTI SPINTEX LIMITED",M,STK,63,63,63,63,63,62,1,2000,126000,
544060,"RBZ Jewellers Limited",B,STK,121.9,122.65,119.35,120.55,119.45,122.9,96,3861,466740,
544061,"Azad Engineering Limited",A,STK,1629.95,1662.8,1605,1611.35,1621.05,1633.65,1583,13495,22005236,
544066,"SUNDARAM-CLAYTON LIMITED",B,STK,1343.3,1354.9,1320,1334.4,1320,1367.9,53,214,287234,
544067,"INNOVA CAPTAB LIMITED",B,STK,669.75,685,646.95,678.5,684,669.7,288,1373,917623,
544072,"AIK Pipes and Polymers Limited",M,STK,24.9,25,23.04,23.99,23.99,22.76,6,4800,115928,
544073,"Manoj Ceramic Limited",M,STK,77.99,77.99,77.89,77.89,77.89,75,2,2000,155880,
544074,"Shri Balaji Valve Components L",M,STK,80,82,80,81.5,81.5,80,4,2400,194100,
544079,"DIGIDRIVE DISTRIBUTORS LIMITED",B,STK,21.42,21.42,20.27,20.51,20.27,21,52,15092,312150,
544080,"Sayaji Hotels (Indore) Limited",X,STK,830,830,784,784,784,800,4,10,8182,
544081,"Jyoti CNC Automation Limited",A,STK,788.45,812,788,801.2,804.65,793.15,1573,24174,19441383,
544082,"New Swan Multitech Limited",M,STK,45,45,44,44.05,44,45.9,5,12000,536200,
544083,"Shree Marutinandan Tubes Limit",M,STK,60.35,60.35,57.3,57.3,57.3,61,4,2000,116500,
544088,"Medi Assist Healthcare Service",A,STK,342,344,322.3,323.8,323.8,342,1389,29905,9869580,
544089,"Zerodha Mutual Fund",F,STK,113.03,113.05,113.03,113.05,113.05,113,399,517689,58520475,
544090,"Sayaji Hotels (Pune) Limited",X,STK,841,920,772.3,841.9,841.9,771.2,35,147,118286,
544091,"Qualitek Labs Limited",M,STK,325,340,315.5,328,328,319,11,4400,1439400,
544092,"Bajaj Finserv Mutual Fund",B,STK,252.28,252.73,249.41,250.18,250.49,253.23,19,281,70605,
544093,"Bajaj Finserv Mutual Fund",B,STK,57.6,59.63,57.6,58.77,58.77,59.51,20,194,11426,
544094,"Euphoria Infotech (India) Limi",M,STK,33.9,33.9,31.86,32,32,33.55,3,3600,117312,
544095,"EPACK Durable Limited",A,STK,240.05,244.1,237.7,238.25,239.05,240.9,340,9288,2237680,
544100,"Nova Agritech Limited",B,STK,27.31,28.13,27.05,27.76,27.95,27.31,116,7684,211807,
544105,"HARSHDEEP HORTICO LIMITED",M,STK,89,89,89,89,89,86.16,3,4500,400500,
544107,"BLS E-Services Limited",B,STK,134.35,135.45,130.4,132.3,132,135.45,423,17295,2302501,
544108,"Gabriel Pet Straps Limited",M,STK,183,185,183,185,185,183.5,4,3000,553800,
544109,"DSP Mutual Fund",B,STK,149.8,149.8,149.8,149.8,149.8,147.13,1,200,29960,
544110,"HDFC Mutual Fund",B,STK,93.91,94.39,92.5,92.7,92.7,94.56,75,1763,164859,
544111,"Apeejay Surrendra Park Hotels",B,STK,117.65,120.05,117.65,118.6,118.45,118.75,172,21273,2525512,
544112,"JASCH GAUGING TECHNOLOGIES LIM",X,STK,489.6,489.6,488.15,489.05,489.05,488.1,8,91,44447,
544117,"Signpost India Limited",B,STK,236.95,249.15,230.3,238.65,249,232.55,49,1357,321500,
544118,"JANA SMALL FINANCE BANK LIMITE",A,STK,363.1,364.75,348,349.25,349.25,365.15,602,16454,5880586,
544119,"Rashi Peripherals Limited",B,STK,343.6,352.55,343.6,351.15,348.65,348.8,82,1634,569858,
544120,"Capital Small Finance Bank Ltd",B,STK,264.8,264.8,253,254.1,257,255.8,50,1872,476453,
544121,"Rudra Gas Enterprise Limited",M,STK,62,63,59.85,60,60,61,11,11000,676360,
544122,"Entero Healthcare Solutions Li",B,STK,1037.15,1048.45,1034.15,1046.45,1043.7,1019.35,72,636,663321,
544123,"LIC Mutual Fund",B,STK,58.45,58.45,57.81,58.19,58.19,57.64,5,247,14294,
544124,"VIBHOR STEEL TUBES LIMITED",B,STK,112.25,113.25,107.4,112.2,111.6,114.55,164,3139,348337,
544129,"Juniper Hotels Limited",B,STK,204.05,214.6,204.05,209.55,210,204.25,438,3915,829191,
544130,"Mirae Asset Mutual Fund",B,STK,39.92,41.05,39.78,40.74,40.77,40.8,565,185530,7582933,
544131,"GPT Healthcare Limited",B,STK,126.7,126.7,121.7,125.35,124.9,122,73,3101,387662,
544132,"Zerodha Mutual Fund",E,STK,24.95,25.19,24.8,24.85,24.85,25.16,2271,678286,16918510,
544133,"EXICOM TELE-SYSTEMS LIMITED",B,STK,88.98,90,87.71,88.28,88.28,88.98,391,28396,2520412,
544134,"Platinum Industries Limited",B,STK,212,212.2,205,205.95,205.95,209.25,91,1290,269833,
544135,"Mukka Proteins Limited",B,STK,21.85,22.19,21.55,22.06,21.94,21.95,131,13531,295460,
544136,"R K Swamy Limited",B,STK,100,100.71,98.11,98.51,98.52,99.08,59,2045,203345,
544137,"Indus Infra Trust",IF,STK,124.84,125.98,123,123.19,123,124.84,1256,4862,602719,
544138,"J.G.Chemicals Limited",B,STK,360.75,371,358.05,369.7,370,362,157,3303,1197350,
544139,"KOURA FINE DIAMOND JEWELRY LIM",M,STK,38.3,38.3,38.3,38.3,38.3,41,3,6000,229800,
544140,"Gopal Snacks Limited",B,STK,292.1,300,289.35,294.6,296,294.9,371,7491,2196240,
544141,"Pune E - Stock Broking Limited",M,STK,223,225.1,222.5,224.2,222.5,225.9,8,6400,1433600,
544142,"Shipping Corporation of India",B,STK,43.36,44.4,43.36,43.48,43.89,44.4,229,23133,1015344,
544143,"Royal Sense Limited",M,STK,160,160,155,156.7,155,165,5,2500,391775,
544144,"Popular Vehicles and Services",B,STK,97.49,97.49,87.06,92.43,91.19,91.08,43,926,85699,
544149,"KRYSTAL INTEGRATED SERVICES LI",B,STK,634.95,634.95,601,603.25,604,636.9,264,3797,2348287,
544150,"KP GREEN ENGINEERING LIMITED",M,STK,349,356.7,346,347,347.95,351,134,38500,13457025,
544151,"CHATHA FOODS LIMITED",M,STK,75,75.1,75,75.03,75,76,8,8000,600200,
544156,"Gconnect Logitech and Supply C",M,STK,19.37,19.37,19.37,19.37,19.37,20.38,2,3000,58110,
544157,"Vruddhi Engineering Works Limi",M,STK,196.2,196.2,196.2,196.2,196.2,196.2,1,500,98100,
544158,"SRM CONTRACTORS LIMITED",B,STK,404.45,410.8,397.9,407.2,403.5,403.5,128,3287,1332862,
544159,"DSP BSE Liquid Rate ETF",F,STK,1116.42,1116.43,1116.42,1116.43,1116.43,1116.02,12,4298,4798411,
544160,"Jay Kailash Namkeen Limited",M,STK,15.24,15.24,15.24,15.24,15.24,15.44,1,1600,24384,
544161,"D P ABHUSHAN LIMITED",B,STK,1061.4,1061.4,1001.3,1010.5,1010.5,1053.35,73,438,447935,
544162,"Bharti Hexacom Limited",A,STK,1592.15,1625.2,1592.15,1604.6,1601.25,1608.25,503,2156,3462536,
544163,"Greenhitech Ventures Limited",M,STK,79.99,81,79.25,81,81,80.01,4,6000,482240,
544165,"SHIVAM CHEMICALS LIMITED",MT,STK,101,101,100.5,100.5,100.5,101.4,2,3000,302250,
544166,"EMMFORCE AUTOTECH LIMITED",M,STK,132.35,132.35,126.05,129.9,129.9,126,5,8400,1092120,
544167,"JNK India Limited",B,STK,223.75,236.3,223.75,230.5,230.5,225.5,367,9840,2275196,
544168,"VARYAA CREATIONS LIMITED",M,STK,30,30,30,30,30,29.1,2,2000,60000,
544169,"Amkay Products Limited",MT,STK,56.68,56.68,56.68,56.68,56.68,59.66,2,4000,226720,
544171,"Storage Technologies and Autom",M,STK,38.26,38.26,37.53,37.53,37.53,38.53,3,2400,91064,
544172,"Indegene Limited",A,STK,462.5,465.8,456.4,459.35,460.15,462.35,498,8898,4090664,
544173,"Finelistings Technologies Limi",M,STK,14.5,14.5,14.5,14.5,14.5,14.5,1,1000,14500,
544174,"TBO TEK LIMITED",A,STK,1153.7,1192.05,1133.55,1187.15,1174.25,1153.65,518,4128,4799696,
544175,"TGIF AGRIBUSINESS LIMITED",M,STK,91.5,91.5,91.5,91.5,91.5,90,1,1200,109800,
544176,"Aadhar Housing Finance Limited",A,STK,452.95,459,446.85,455,456,452.95,855,16943,7667570,
544177,"Aztec Fluids & Machinery Limit",M,STK,95.1,96.99,93,94.25,95.49,99.9,14,14000,1315340,
544179,"Go Digit General Insurance Lim",A,STK,324.3,336.6,324.3,334.35,334.35,323.9,609,12605,4173110,
544180,"Mirae Asset Mutual Fund",B,STK,46.32,46.62,46.04,46.07,46.24,46.37,103,10334,477805,
544181,"Awfis Space Solutions Limited",A,STK,263.4,274.1,263,266,265.5,263.35,429,10380,2774964,
544182,"Bajaj Finserv Mutual Fund",F,STK,1071.98,1071.98,1071.98,1071.98,1071.98,1071.58,10,697,747170,
544184,"Borosil Scientific Limited",B,STK,104.4,105.5,102.7,103.15,104.55,103.05,44,1450,151385,
544185,"ADTECH SYSTEMS LIMITED",X,STK,50.06,51.8,48,50.86,51.8,50.76,53,4768,239252,
544186,"Forbes Precision Tools and Mac",X,STK,130,130,119.9,125.35,125.1,128.5,176,17457,2177644,
544187,"KRONOX LAB SCIENCES LIMITED",B,STK,115,115.4,114,114.3,114.8,114,16,344,39391,
544188,"Magenta Lifecare Limited",M,STK,10.1,10.1,10.1,10.1,10.1,11.21,1,4000,40400,
544189,"SATTRIX INFORMATION SECURITY L",MT,STK,382.9,399,376.4,399,399,384.5,15,7500,2916350,
544191,"Purple Finance Limited",X,STK,57.5,58.6,57.01,58.06,58.6,57.35,58,12997,752782,
544192,"Le Travenues Technology Limite",A,STK,169.9,171.2,168.15,170.15,169.85,169.6,502,30354,5157004,
544193,"Zerodha Mutual Fund",B,STK,10.46,10.74,10.46,10.62,10.7,10.68,386,75262,804693,
544194,"Zerodha Mutual Fund",B,STK,10.51,10.62,10.49,10.51,10.51,10.61,87,23547,248301,
544195,"United Cotfab Limited",M,STK,17,17,16.95,16.95,16.95,17,2,4000,67900,
544196,"BARODA BNP PARIBAS MUTUAL FUND",B,STK,59.01,59.01,58.3,58.3,58.3,59.17,4,40,2337,
544197,"JHS SVENDGAARD RETAIL VENTURES",B,STK,22.8,23.94,21.51,21.7,21.7,22,69,521,11292,
544198,"DEE DEVELOPMENT ENGINEERS LIMI",B,STK,285.05,291.75,273.35,278.5,278.5,277.2,3100,198571,56505158,
544199,"GEM Enviro Management Limited",M,STK,40,41.75,39.6,40.44,40.75,40.34,14,52000,2105320,
544200,"Akme Fintrade (India) Limited",T,STK,7.3,7.6,6.89,7.54,7.56,7.25,357,703806,5027397,
544201,"DINDIGUL FARM PRODUCT LIMITED",M,STK,12.05,12.05,12,12.01,12.01,12.51,3,12000,144120,
544202,"STANLEY LIFESTYLES LIMITED",B,STK,152.8,155.55,150.25,151,151,155,399,14849,2249892,
544203,"Allied Blenders and Distillers",A,STK,451,479.35,449.35,474.3,473.85,451,1157,34512,16069895,
544204,"VRAJ IRON AND STEEL LIMITED",B,STK,119.1,119.1,116.3,116.95,117.6,115.2,36,2106,247820,
544205,"National Peroxide Limited",X,STK,410,434,409,415.3,417.9,406.25,74,1178,489448,
544206,"SBI Mutual Fund",E,STK,250.66,257.03,250.66,252.69,252.69,254.01,1113,88427,22553911,
544207,"Reliable Data Services Limited",B,STK,124.95,131.05,123.55,125.65,125.65,124.95,34,832,104068,
544209,"Bansal Wire Industries Limited",B,STK,245.2,256.65,245.2,251.15,246,246.9,82,1244,311424,
544210,"Emcure Pharmaceuticals Limited",A,STK,1451.9,1472.65,1412.55,1414.8,1417.5,1451.85,612,5556,8092198,
544212,"Mirae Asset Mutual Fund",B,STK,29.76,29.99,29.64,29.67,29.64,29.92,189,10398,309607,
544213,"AELEA COMMODITIES LIMITED",M,STK,123,130,123,129.95,129.95,123.85,27,19200,2434380,
544214,"THREE M PAPER BOARDS LIMITED",M,STK,26.2,28.99,26.13,28.99,28.99,28,4,8000,215040,
544215,"SBI Mutual Fund",B,STK,33.8,33.8,32.67,32.67,32.67,32.62,17,163,5350,
544216,"ICICI Prudential Mutual Fund",B,STK,12.28,12.3,11.93,11.97,11.98,11.99,624,289799,3477972,
544217,"SANSTAR LIMITED",B,STK,84.11,85,83.56,84.7,84.93,83.83,58,9501,800224,
544218,"Aditya Birla Sun Life Mutual F",B,STK,10.87,10.91,10.69,10.81,10.91,10.87,111,4014,43255,
544219,"VVIP Infratech Limited",M,STK,108.15,110,107.5,109.05,110,105.8,15,9600,1042170,
544221,"Kizi Apparels Limited",M,STK,16.1,16.1,16.1,16.1,16.1,17.36,1,3000,48300,
544222,"Akums Drugs and Pharmaceutical",B,STK,484.3,485,471.65,476.1,484.9,484.2,246,4354,2092847,
544223,"Ceigall India Limited",B,STK,271.5,278.8,271,278.15,278,270.95,1058,12550,3435384,
544224,"Afcom Holdings Limited",M,STK,814.8,824.9,795,800.9,800.9,814,647,234360,190095780,
544225,"Ola Electric Mobility Limited",A,STK,24.4,24.52,23.97,24.04,24.04,24.39,6215,3641746,88324573,
544226,"Brainbees Solutions Limited",A,STK,215.7,217.95,213.6,214.45,215.85,214.95,666,26956,5826068,
544227,"UNICOMMERCE ESOLUTIONS LIMITED",B,STK,100.15,102.2,99.5,99.65,99.5,100.35,157,8208,824998,
544229,"ICICI Prudential Mutual Fund",B,STK,12.2,12.23,11.88,12.05,12.07,12.11,1336,334321,4045028,
544230,"SARASWATI SAREE DEPOT LIMITED",B,STK,61.08,62.24,59.86,59.87,60.2,60.91,29,1377,83381,
544232,"Interarch Building Solutions L",B,STK,1810,1820.45,1784.4,1798.8,1802,1808.1,237,3811,6861157,
544233,"Mahalaxmi Fabric Mills Limited",B,STK,22,22.7,22,22,22,22.3,12,275,6051,
544234,"Globale Tessile Limited",B,STK,11,11.7,10.51,10.88,10.51,10.9,19,1714,19149,
544235,"Orient Technologies Limited",B,STK,267.25,274.95,266.6,270.4,270.8,267.25,574,19952,5386756,
544238,"Premier Energies Limited",A,STK,719.5,734.55,714.7,722.95,722.95,719.5,1458,39261,28421750,
544239,"ECOS (India) Mobility & Hospit",B,STK,132,133.5,130.1,131.45,131.95,133.55,330,19828,2608386,
544240,"Raymond Lifestyle Limited",A,STK,834.35,840.6,802.75,808.4,810.95,836.5,389,4577,3745737,
544241,"Mirae Asset Mutual Fund",B,STK,15.7,15.78,15.6,15.63,15.63,15.76,75,20132,315991,
544242,"Travels & rentals Limited",M,STK,16.99,17.15,16.95,16.96,16.97,16.5,9,27000,459000,
544243,"Baazar Style Retail Limited",B,STK,295.45,295.45,280.45,281.4,280.6,291.1,326,8377,2392914,
544244,"Gala Precision Engineering Lim",B,STK,720,722.9,706.8,708.75,706.8,715.7,21,58,41414,
544246,"Revathi Equipment India Limite",B,STK,600.5,632.5,600.5,632.5,632.5,632.95,2,2,1233,
544247,"DSP Mutual Fund",B,STK,92.22,92.27,91.33,92.19,92.27,92.4,26,2859,263501,
544248,"MACH CONFERENCES AND EVENTS LI",MT,STK,114.4,115.5,114.4,115.05,115.5,113.8,5,3000,345150,
544249,"SHREE TIRUPATI BALAJEE AGRO TR",B,STK,25.76,27.96,25.75,26.94,26.8,25.4,263,13958,378987,
544250,"Sanofi Consumer Healthcare Ind",A,STK,4200,4606.75,4200,4411.85,4365.6,4243.15,756,3755,16861345,
544251,"Share Samadhan Limited",M,STK,45,45.5,41.5,44.21,44.21,44.25,13,22400,989936,
544252,"Bajaj Housing Finance Limited",A,STK,84.4,85.27,84,84.18,84.18,84.65,6892,737579,62432257,
544253,"Kross Limited",B,STK,192,193.1,188.55,191.2,190.1,189.8,175,5982,1143768,
544254,"Tolins Tyres Limited",B,STK,105.8,107.5,104,104.45,107.5,105.85,169,4544,478852,
544256,"P N GADGIL JEWELLERS LIMITED",B,STK,527.8,553.9,527.8,540.8,540.65,527.8,393,10872,5922038,
544258,"Western Carriers (India) Limit",B,STK,101.45,107.25,101.45,103.5,104.3,104.1,292,322570,33431845,
544259,"POPULAR FOUNDATIONS LIMITED",M,STK,31.4,31.4,31.4,31.4,31.4,32.4,1,3000,94200,
544260,"Northern Arc Capital Ltd.",A,STK,237.85,240.95,237.05,239.85,239.2,240.15,301,18719,4466453,
544261,"ARKADE DEVELOPERS LIMITED",B,STK,110.25,112.55,109.5,110.5,110.4,110.25,193,5198,576208,
544262,"Manba Finance Limited",B,STK,127,127,114.75,116.75,116.75,117.2,40,2432,283290,
544263,"KRN HEAT EXCHANGER AND REFRIGE",A,STK,949.8,969,910,926.35,939,952.35,2230,47730,45166425,
544264,"Diffusion Engineers Limited",B,STK,257.3,258.85,253.3,254.75,253.95,253.5,106,3921,1002759,
544266,"Mirae Asset Mutual Fund",B,STK,93.8,93.8,92.11,92.38,92.14,93.81,17,1087,101290,
544267,"SUBAM PAPERS LIMITED",M,STK,174,174,174,174,174,174,2,1600,278400,
544268,"Mirae Asset Mutual Fund",B,STK,11.81,12.23,11.81,12.06,12.06,12.12,937,574298,6947541,
544269,"NEOPOLITAN PIZZA AND FOODS LIM",M,STK,8.75,8.88,8.75,8.88,8.88,9,2,12000,105780,
544270,"Khyati Global Ventures Limited",M,STK,39,44,39,44,44,40,3,3600,147600,
544271,"Garuda Construction and Engine",B,STK,164.2,168.85,160,164.7,161.85,165.9,363,22609,3742250,
544272,"SHIV TEXCHEM LIMITED",M,STK,119,119.1,119,119.1,119.1,113.45,8,7200,857480,
544273,"MANGALAM GLOBAL ENTERPRISE LIM",B,STK,10.16,10.23,9.81,9.99,9.86,10.16,130,7895,79126,
544274,"HYUNDAI MOTOR INDIA LIMITED",A,STK,2135.05,2137,2075.55,2089.35,2089.35,2135.1,3561,26610,56027511,
544275,"ICICI Prudential Mutual Fund",B,STK,15.88,15.99,15.75,15.84,15.88,15.95,114,13094,207948,
544276,"Deepak Builders and Engineers",B,STK,71,73.95,69,72.81,72.81,73,63,1201,86869,
544277,"Waaree Energies Limited",A,STK,2641.95,2689.25,2622,2629.45,2633,2646.05,4264,44673,118703283,
544278,"OCCL Limited",B,STK,82.8,84.3,81,82.99,81.76,82.69,116,6143,506572,
544279,"Godavari Biorefineries Limited",B,STK,272,299.65,272,292.35,294,284.45,564,15388,4502461,
544280,"Afcons Infrastructure Limited",A,STK,284.8,292.75,282.05,282.85,282.05,284.7,363,14851,4264651,
544281,"A B INFRABUILD LIMITED",B,STK,18.68,18.68,17.33,17.42,17.42,17.7,94,29517,516228,
544282,"Sagility Limited",A,STK,39.47,40.29,39.12,39.22,39.22,39.77,5564,1565574,62128582,
544283,"ACME Solar Holdings Limited",A,STK,231,235.2,227.7,228.2,227.75,231.25,641,20637,4792390,
544284,"Mirae Asset Mutual Fund",F,STK,1075.57,1075.57,1075.57,1075.57,1075.57,1075.18,4,3722,4003271,
544285,"SWIGGY LIMITED",A,STK,295.65,303.35,295.65,301.7,301.7,298.2,5021,423405,126889931,
544286,"NIVA BUPA HEALTH INSURANCE COM",A,STK,72.51,72.8,71,71.51,71.89,72.61,687,36949,2657395,
544288,"BlackBuck Limited",A,STK,581,591,576.2,586.7,580,581.55,939,516713,301279113,
544289,"NTPC GREEN ENERGY LIMITED",A,STK,87,88.74,86.76,87.97,87.97,87.25,1619,201451,17721797,
544290,"ENVIRO INFRA ENGINEERS LIMITED",A,STK,142.2,148,140.65,141,141.5,144.55,1057,59034,8492604,
544291,"RAJESH POWER SERVICES LIMITED",M,STK,880,916,879.9,906.35,903,890,181,24100,21811365,
544292,"Onesource Specialty Pharma Lim",A,STK,1419.95,1493,1408.55,1480.9,1488.7,1422.15,843,9293,13602374,
544293,"SURAKSHA DIAGNOSTIC LIMITED",B,STK,255.25,263,255.25,259.25,259.25,267.5,81,1153,300699,
544294,"Rossell Techsys Limited",B,STK,707.35,739.9,695.2,725.15,739.25,704.95,1044,12713,9226155,
544296,"NISUS FINANCE SERVICES CO LIMI",M,STK,209.5,211.75,203.5,206.2,203.5,208.35,123,176000,36425480,
544301,"Odigma Consultancy Solutions L",B,STK,23.61,25.31,23.61,24.93,25.24,24.72,67,2282,56559,
544302,"Innovana Thinklabs Limited",B,STK,375.75,381.95,374.95,381.95,381.95,380,3,35,13243,
544305,"One Mobikwik Systems Limited",B,STK,179.8,185.4,179.8,182.6,182.6,179.8,751,61720,11320478,
544306,"Sai Life Sciences Limited",A,STK,1064.5,1064.5,1030.05,1036.9,1036.9,1069.5,2064,38223,39679319,
544307,"Vishal Mega Mart Limited",A,STK,114.35,114.35,110.9,111.95,111.95,114.7,3095,285195,32105822,
544308,"Hilltone Software and Gases Lt",X,STK,53.78,55.89,51.29,52.39,52.39,53.78,24,14119,754265,
544309,"INVENTURUS KNOWLEDGE SOLUTIONS",A,STK,1303.3,1338,1298.3,1327.85,1327.7,1303.2,1126,9430,12474732,
544310,"Yash Highvoltage Limited",M,STK,440,470.15,440,466.4,463.1,453.35,116,40500,18712237,
544311,"International Gemmological Ins",A,STK,328,336.75,328,335.3,335.3,330.3,1136,29892,9904627,
544313,"NACDAC Infrastructure Limited",M,STK,23.25,23.25,23.25,23.25,23.25,23.2,1,4000,93000,
544314,"Sanathan Textiles Limited",B,STK,408.55,408.55,405.6,406.1,406.1,411.1,37,150,60910,
544315,"Concord Enviro Systems Limited",B,STK,274,279.35,268.8,270.1,270.15,273.45,303,3959,1075203,
544316,"DAM Capital Advisors Limited",B,STK,142.4,142.45,136.05,136.55,136.55,142.45,935,237764,33171762,
544317,"Transrail Lighting Limited",A,STK,515,535.95,513,515.25,515.6,515.35,1133,31182,16266884,
544318,"MAMATA MACHINERY LIMITED",B,STK,408.3,417.55,400.5,403.75,405.3,412.45,219,4418,1815824,
544319,"SENORES PHARMACEUTICALS LIMITE",B,STK,767,767,732.4,751.25,754.7,739.2,304,3245,2423511,
544320,"CARRARO INDIA LIMITED",B,STK,510.7,515.8,501.75,504.1,501.85,509.5,162,1278,651441,
544321,"Ventive Hospitality Limited",B,STK,702.15,704.4,692.65,694.9,692.7,700.15,140,1604,1119159,
544322,"Unimech Aerospace and Manufact",B,STK,868.9,896.6,868.9,891.55,891.55,873.65,525,5035,4476309,
544323,"Mirae Asset Mutual Fund",B,STK,10.79,10.84,10.71,10.72,10.73,10.87,60,5932,63754,
544324,"Citichem India Limited",M,STK,17,17.25,17,17,17,17,3,6000,102500,
544325,"ITC Hotels Limited",A,STK,167.25,168.5,164.65,166.8,166.8,166.3,2654,226990,37677297,
544326,"Edelweiss Mutual Fund",B,STK,23.91,23.91,23.26,23.28,23.3,23.39,13,2577,60276,
544327,"TECHNICHEM ORGANICS LIMITED",M,STK,45.1,45.1,45,45,45,44.9,2,6000,270200,
544328,"INDO FARM EQUIPMENT LIMITED",B,STK,132.15,132.65,127.15,128.45,128,131.5,257,12112,1571095,
544329,"LEO DRYFRUITS & SPICES TRADING",M,STK,52,53.68,52,53.68,53.68,54,3,6000,317360,
544330,"PARMESHWAR METAL LIMITED",MT,STK,120.25,120.25,120.25,120.25,120.25,118.9,1,2000,240500,
544331,"Davin Sons Retail Limited",M,STK,33,33,32.5,32.5,32.5,33.5,2,6000,197000,
544332,"FABTECH TECHNOLOGIES CLEANROOM",M,STK,240.45,283.9,240.45,260.1,260.1,240.45,26,13600,3591620,
544333,"STANDARD ENGINEERING TECHNOLOG",B,STK,133,133,119.4,120.8,122.6,118.5,185,15864,1923473,
544334,"Indobell Insulations Limited",M,STK,64.11,64.11,62.25,62.25,62.25,65.33,8,6000,380310,
544335,"B.R.GOYAL INFRASTRUCTURE LIMIT",M,STK,93.5,101,93.5,97.17,97,93.5,21,21000,2059710,
544336,"Quadrant Future Tek Limited",B,STK,285.2,296.7,282,290.15,291.45,283.9,554,20389,5879190,
544337,"Avax Apparels and Ornaments Li",MT,STK,285,288,285,287,287,300,4,4000,1145000,
544338,"Capital Infra Trust",IF,STK,69.99,69.99,69.25,69.5,69.5,69.46,2566,76108,5292084,
544339,"Laxmi Dental Limited",B,STK,180.8,184.45,180,182.5,180,180.8,166,4366,793950,
544340,"Rikhav Securities Limited",M,STK,40.58,44,40.58,40.8,40.8,40.61,15,35200,1457952,
544341,"LANDMARK GLOBAL LEARNING LIMIT",M,STK,26.06,26.49,24.4,24.4,24.4,27.11,48,81600,2030464,
544342,"Stallion India Fluorochemicals",B,STK,108.3,108.3,108.3,108.3,108.3,114,297,3513768,380541074,
544343,"CAPITALNUMBERS INFOTECH  LIMIT",M,STK,86.9,88,86.9,87.5,87.5,87.68,25,22000,1928680,
544344,"SHRIRAM PISTONS & RINGS LTD",A,STK,2992,2992.05,2912,2928.3,2934.05,2989.85,646,3723,10952160,
544345,"Denta Water and Infra Solution",B,STK,234,237.85,231,232.25,232.25,235.95,380,5775,1352585,
544346,"RDB Real Estate Constructions",XT,STK,140.1,144,140,140,140,147.25,56,5307,755232,
544347,"CLN ENERGY LIMITED",M,STK,325,325,325,325,325,330,1,1600,520000,
544348,"GB Logistics Commerce Limited",M,STK,39.03,39.03,36.3,39.03,39.03,37.18,3,6000,224352,
544349,"H.M. ELECTRO MECH LIMITED",M,STK,49.5,49.53,46.12,46.12,46.12,47.18,7,17600,865696,
544350,"Dr. Agarwal's Health Care Limi",A,STK,446,454.85,436,441.7,441.7,448.5,374,5679,2520138,
544351,"MALPANI PIPES AND FITTINGS LIM",M,STK,66.51,69.99,66.51,68.82,69.99,70,3,4800,330320,
544352,"DSP Mutual Fund",B,STK,40.61,40.79,40.37,40.37,40.37,40.3,6,251,10187,
544353,"Amwill Health Care Limited",M,STK,36.11,36.98,34.4,35.85,35.85,34.73,5,6000,214608,
544354,"SOLARIUM GREEN ENERGY LIMITED",M,STK,152.85,154.5,148,149.4,150,152.85,36,15900,2402910,
544355,"Jubilant Agri and Consumer Pro",B,STK,1857.7,1857.7,1832.25,1838,1838,1898.6,26,112,206884,
544356,"AJAX Engineering Limited",B,STK,509.25,509.25,490,490.8,491,509.25,968,12619,6232610,
544361,"COVANCE SOFTSOL LIMITED",XT,STK,171.3,171.3,171.3,171.3,171.3,171.3,28,3113,533256,
544362,"Hexaware Technologies Limited",A,STK,463.95,470.7,458,459.9,460,462.3,655,16310,7557305,
544363,"UNION MUTUAL FUND",E,STK,156.11,157.75,155.1,155.1,155.1,155.9,7,117,18191,
544364,"Indef Manufacturing Limited",B,STK,232.95,234.45,228.95,230.85,234.45,235.05,108,1637,377703,
544365,"SHANMUGA HOSPITAL LIMITED",M,STK,39,39,39,39,39,38.5,2,4000,156000,
544367,"QUALITY POWER ELECTRICAL EQUIP",B,STK,799.5,852.65,799.45,832.3,832.3,799.45,1126,22422,18715805,
544368,"Swasth Foodtech India Limited",M,STK,17.05,17.05,16.9,16.9,16.9,17.31,3,10800,183672,
544369,"Beezaasan Explotech Limited",M,STK,211,213.95,202.4,206.9,206.9,214,56,59200,12334000,
544370,"NUKLEUS OFFICE SOLUTIONS LIMIT",M,STK,204.25,204.25,204.25,204.25,204.25,204.25,1,600,122550,
544371,"VIKRAM AROMA LIMITED",X,STK,61,63.7,60,61.66,63.7,62.28,70,3011,181951,
544372,"SHREENATH PAPER PRODUCTS LIMIT",M,STK,11.98,11.98,11.9,11.9,11.9,12.08,3,9000,107340,
544373,"NAPS Global India Limited",M,STK,40.5,40.5,36.15,38,38,43,3,9600,356960,
544375,"360 ONE Mutual Fund",E,STK,155.2,155.8,153.4,153.64,153.4,156.2,109,4454,688201,
544376,"Mirae Asset Mutual Fund",B,STK,41.1,41.3,40.91,40.93,40.95,41.24,8,342,14058,
544377,"Mirae Asset Mutual Fund",B,STK,13.09,13.11,12.99,12.99,12.99,13.09,9,5543,72127,
544378,"PDP Shipping & Projects Limite",M,STK,61.2,61.2,52,56.52,56.52,61.1,3,3000,169720,
544379,"Prabha Energy Limited",B,STK,164.4,175.25,156.2,159,159,161.95,71,537,87096,
544381,"Super Iron Foundry Limited",M,STK,33.3,33.3,33.3,33.3,33.3,33.1,1,1200,39960,
544382,"Axis Mutual Fund",B,STK,33.69,33.69,33.31,33.31,33.31,33.52,13,1822,61157,
544383,"PARADEEP PARIVAHAN LIMITED",M,STK,156,163.9,146.4,156.85,163.9,156,17,20400,3131520,
544384,"Zerodha Mutual Fund",E,STK,26.34,26.73,25.65,26.17,26.18,26.34,1938,686880,18134331,
544385,"SBI Mutual Fund",B,STK,54.7,54.7,52.58,52.99,53.8,54.32,157,2324,124275,
544386,"Spectrum Electrical Industries",B,STK,1440,1440,1415.1,1415.1,1415.1,1430,7,101,145415,
544387,"Desco Infratech Limited",M,STK,155.6,155.6,151.2,153,153,155.4,20,12500,1918450,
544388,"Identixweb Limited",M,STK,68.1,79,65.1,74.24,79,68.12,29,98000,6715540,
544389,"360 ONE Mutual Fund",E,STK,258.53,260.11,252.38,252.64,254.59,256.07,358,14269,3668672,
544390,"Siemens Energy India Limited",B,STK,2852,2928.75,2850,2920.1,2922,2864.8,1482,12890,37236195,
544392,"SPINAROO COMMERCIAL LIMITED",MT,STK,65,65,65,65,65,62.55,1,2000,130000,
544393,"INFONATIVE SOLUTIONS LIMITED",M,STK,26.21,26.25,26.21,26.25,26.25,25.03,2,3200,83936,
544394,"ICICI Prudential Mutual Fund",B,STK,29.77,30.08,29.5,29.6,29.5,29.28,24,1204,36151,
544395,"STL Networks Limited",B,STK,19.58,19.75,19.29,19.43,19.43,19.55,351,195778,3815980,
544396,"Network People Services Techno",B,STK,1051.3,1064.8,1035,1056.9,1058.95,1073.15,345,4284,4492530,
544397,"Ather Energy Limited",B,STK,697.5,697.5,663.75,672.35,672,682.85,1470,36704,24980050,
544399,"SRIGEE DLM LIMITED",M,STK,78.06,79,78.06,79,79,81,3,3600,282684,
544402,"JASH ENGINEERING LIMITED",B,STK,389.5,391.9,382.4,390,389.25,413.3,181,4388,1703801,
544403,"Aditya Birla Lifestyle Brands",B,STK,103,104.95,101.35,102.05,102.05,104,1221,64434,6599529,
544404,"BORANA WEAVES LIMITED",T,STK,391,399,381.7,389.2,393,380.65,43,1365,531196,
544405,"BELRISE INDUSTRIES LIMITED",B,STK,188.45,200.75,186.2,196.95,196.95,187.5,9301,1535506,301968408,
544406,"UNIFIED DATA TECH SOLUTIONS LI",M,STK,345,347.65,337.25,339.4,337.25,345,18,7200,2456400,
544407,"AEGIS VOPAK TERMINALS LIMITED",B,STK,185.5,201.2,185.45,199.9,199.9,189.2,2265,137761,27053480,
544408,"Leela Palaces Hotels & Resorts",B,STK,429.85,435.6,429.85,433.4,430,432.2,185,2022,873607,
544409,"ASTONEA LABS LIMITED",M,STK,158.9,159,158.9,159,159,155,4,4000,635800,
544410,"PROSTARM INFO SYSTEMS LIMITED",B,STK,132.5,134.8,129,130.6,130.6,132.85,403,14261,1877626,
544411,"Scoda Tubes Limited",B,STK,125.75,128.1,122,123.05,123.65,126.65,159,7528,942480,
544412,"3B FILMS LIMITED",M,STK,17,20.4,17,18.45,18.45,19.02,9,27000,505410,
544413,"Digitide Solutions Limited",B,STK,85.95,88.93,85.66,86.67,86.47,86.44,195,14103,1230868,
544414,"Bluspring Enterprises Limited",B,STK,49.16,52.79,48.62,52.12,52.33,49.13,244,12816,653165,
544415,"Nippon India Mutual Fund",B,STK,40.78,41.15,39.91,40.7,40.7,41.13,22,6419,257320,
544416,"KRISHIVAL FOODS LIMITED",B,STK,311,314.5,310.9,314.5,314.5,310.9,33,425,132635,
544417,"Aten Papers & Foam Limited",M,STK,19.4,20.8,19.4,19.4,19.4,19.8,4,4800,95520,
544418,"Oswal Pumps Limited",B,STK,306.9,309.7,301.05,302.4,302.4,304.4,754,35650,10869240,
544419,"ArisInfra Solutions Limited",B,STK,108.1,112,106.2,107.3,108.4,111.4,518,19042,2082675,
544420,"Raymond Realty Limited",B,STK,414.65,414.7,378.15,381.2,381.8,409.25,1810,23988,9316235,
544421,"ELLENBARRIE INDUSTRIAL GASES L",B,STK,221.25,223.35,214.3,216.35,215,216.9,381,11469,2501724,
544422,"Abram Food Limited",M,STK,76.1,76.1,67.6,75,75,79,13,15600,1119600,
544423,"Kalpataru Limited",B,STK,309.75,310.4,304,307.95,304.45,311.7,150,672,205779,
544424,"GLOBE CIVIL PROJECTS LIMITED",B,STK,45.88,49.13,45.6,46.58,47.28,45.88,57,4201,195375,
544425,"AJC Jewel Manufacturers Limite",MT,STK,115,115,114.05,114.55,114.05,120.05,2,2400,274860,
544426,"Icon Facilitators Limited",M,STK,57.25,59.3,57.25,58.78,59.3,58.5,6,7200,417576,
544427,"ICICI Prudential Mutual Fund",B,STK,8.94,10.35,8.2,10.21,10.23,10.41,50,4197,42708,
544428,"SUPERTECH EV LIMITED",MT,STK,48,52.45,48,49.05,49.05,50.05,8,12000,590052,
544429,"HDB FINANCIAL SERVICES LIMITED",B,STK,683.3,683.3,669.1,670.95,674,683.25,5758,1492841,1008402807,
544430,"SAMBHV STEEL TUBES LIMITED",B,STK,94.9,96.16,93.72,94.49,95.59,95.46,282,28615,2727302,
544431,"Ace Alpha Tech Limited",M,STK,89,100,89,100,100,87.75,20,42000,3971600,
544432,"Indogulf Cropsciences Limited",B,STK,60.65,67.41,60.65,66.74,67.41,64,37,5722,368656,
544433,"Valencia India Limited",M,STK,16.03,16.25,16.03,16.25,16.25,16.13,4,4800,77256,
544434,"Neetu Yoshi Limited",M,STK,88.9,91,88,88.16,88.5,88.42,38,30400,2716184,
544435,"ADCOUNTY MEDIA INDIA LIMITED",M,STK,118,118,112,113.7,112.5,116.35,60,67200,7725080,
544436,"VANDAN FOODS LIMITED",M,STK,36,37.36,35.9,35.9,35.9,36.96,6,7200,262632,
544437,"MARC LOIRE FASHIONS LIMITED",MT,STK,69.6,69.64,69.6,69.6,69.6,66.33,6,7200,501312,
544438,"Mirae Asset Mutual Fund",B,STK,11.63,11.63,11.36,11.36,11.39,11.57,47,3645,41637,
544439,"CRIZAC LIMITED",B,STK,225.4,225.4,218.65,220.65,220.65,223.35,225,8926,1989603,
544440,"CRYOGENIC OGS LIMITED",M,STK,166,170,165,165.15,165.25,161.95,54,43500,7253437,
544441,"META INFOTECH LIMITED",M,STK,99.5,99.5,90.5,93.06,93,95.84,54,72000,6988448,
544442,"Chemkart India Limited",M,STK,101.9,104,101.9,104,104,101.4,14,9000,928542,
544443,"TRAVEL FOOD SERVICES LIMITED",B,STK,1182.15,1193.15,1164.75,1177.8,1180,1182.2,141,852,1006927,
544444,"Glen Industries Limited",M,STK,66.95,69.9,60.2,69.07,69,70,141,204000,13123932,
544445,"ASSTON PHARMACEUTICALS LIMITED",M,STK,81,81,80.5,80.5,80.5,79.25,4,4000,323500,
544446,"Advent Hotels International Li",B,STK,188.05,193.45,184,184.55,184.9,192.85,200,5970,1109254,
544447,"SMARTWORKS COWORKING SPACES LI",B,STK,387.3,411,385.3,399.85,394.6,383.65,71,1561,623749,
544448,"Pashupati Cotspin Limited",B,STK,1022,1029.55,998,1022.85,1011,1015.85,177,270,274083,
544449,"Anthem Biosciences Limited",B,STK,668,672,653.1,661.05,653.1,666.35,407,5740,3821174,
544450,"CHEMBOND CHEMICALS  LIMITED",B,STK,137,145.95,137,145.4,145.4,146,6,65,9417,
544451,"MONIKA ALCOBEV LIMITED",M,STK,240.1,275,240.1,257.65,257.65,243.5,24,14000,3656580,
544452,"Swastika Castal Limited",M,STK,58.3,58.3,57.5,57.5,57.5,57.5,2,4000,231600,
544453,"Monarch Surveyors and Engineer",M,STK,199.9,208,199.9,204.3,204,195.5,16,9600,1953930,
544454,"INDIQUBE SPACES LIMITED",B,STK,169.75,174.25,169.75,173.1,173.1,169.75,6,89,15313,
544455,"GNG Electronics Limited",B,STK,363.1,364.55,347.35,348.65,348.65,362.05,214,4335,1546359,
544456,"R M DRIP AND SPRINKLERS SYSTEM",B,STK,51.63,51.63,51.63,51.63,51.63,54.34,106,16592,856644,
544457,"Brigade Hotel Ventures Limited",B,STK,58.4,60,57.5,59.7,59.5,58.61,488,11526,678436,
544458,"SHREE REFRIGERATIONS LIMITED",M,STK,178.95,181.5,175.05,180,180.55,175.75,87,52500,9419500,
544459,"SHANTI GOLD INTERNATIONAL LIMI",B,STK,204,209.15,202.45,206.1,207,205.05,361,13237,2720761,
544460,"PATEL CHEM SPECIALITIES LIMITE",M,STK,65,67.6,60.01,63.14,62,65.25,22,35200,2251888,
544463,"REPONO LIMITED",M,STK,55,59,55,59,59,59,3,6000,339600,
544464,"Umiya Mobile Limited",M,STK,60.05,60.05,60,60,60,64.68,5,12000,720220,
544465,"LAXMI INDIA FINANCE LIMITED",B,STK,91.55,94.25,89.49,91.24,91.27,91,90,5345,485131,
544466,"Aditya Infotech Limited",B,STK,1738.95,1738.95,1658,1667.3,1666.3,1708.75,4308,19485,32815805,
544467,"National Securities Depository",B,STK,890,896,882,889.25,889.25,890.65,15270,350113,311937169,
544468,"B. D. Industries (Pune) Limite",M,STK,105,107,105,106,107,108.15,3,3600,381600,
544469,"Sri Lotus Developers and Realt",B,STK,126.7,128.3,120.8,121.35,121.35,126.75,1700,113525,13875624,
544470,"M & B ENGINEERING LIMITED",B,STK,288.15,298.2,288.15,294.65,292,290.65,244,4550,1338037,
544473,"Groww Mutual Fund",B,STK,10.22,10.52,10.15,10.39,10.39,10.33,386,52114,544003,
544474,"BLT Logistics Limited",M,STK,34,34,34,34,34,34,1,1600,54400,
544475,"ESSEX MARINE LIMITED",M,STK,27,27,25.99,26.89,26.97,25.78,27,84000,2239480,
544476,"Jeena Sikho Lifecare Limited",B,STK,610.65,622.15,602.45,604.3,603.5,610.65,484,6705,4091627,
544477,"Highway Infrastructure Limited",B,STK,50.04,52.6,50.04,50.69,50.69,52.28,292,15552,790610,
544478,"SBI Mutual Fund",F,STK,1029.59,1029.59,1029.59,1029.59,1029.59,1029.2,1,575,592014,
544479,"ALL TIME PLASTICS LIMITED",B,STK,218.1,230.1,218,219.8,220,226.1,146,2598,581914,
544480,"JSW CEMENT LIMITED",B,STK,124.45,126.55,121.95,122.2,122.4,124.8,2315,239350,29862394,
544481,"KNOWLEDGE REALTY TRUST",IF,STK,115.7,116.81,115.5,115.8,115.6,115.84,225,6265,725927,
544482,"STAR IMAGING AND PATH LAB LIMI",M,STK,63.3,63.3,61.05,62.38,62.5,62.5,17,17000,1051230,
544483,"ICODEX PUBLISHING SOLUTIONS LI",M,STK,39.3,39.4,39.3,39.4,39.4,38.5,4,4800,188760,
544484,"BlueStone Jewellery and Lifest",B,STK,447.65,470.7,435.45,458.5,470.7,451.7,636,13392,6032705,
544485,"REGAAL RESOURCES LIMITED",B,STK,66.43,67.31,64.1,64.74,64.74,66.54,432,33432,2197910,
544486,"Zerodha Mutual Fund",F,STK,30,30.03,29.93,29.93,29.93,30.02,21,654,19619,
544487,"PATEL RETAIL LIMITED",B,STK,177.95,178,171.05,171.95,171.95,177.1,225,5262,914548,
544488,"Vikram Solar Limited",B,STK,169.95,176.05,168.75,174.2,174.2,171,1802,141540,24417569,
544489,"LGT Business Connextions Limit",MT,STK,60.95,60.95,55.77,55.77,55.77,58.7,2,2400,140064,
544490,"Shreeji Shipping Global Limite",B,STK,378.5,386.05,375.35,377.75,375.35,379.85,365,9422,3591681,
544491,"Gem Aromatics Limited",B,STK,199.95,201.3,196.25,198.7,199.5,200.1,171,3997,792665,
544492,"MANGAL ELECTRICAL INDUSTRIES L",B,STK,234.85,238.6,228,229.55,229.5,235.2,182,10317,2423899,
544493,"Nippon India Mutual Fund",B,STK,155.85,157.09,155.85,157.09,157.09,155.3,3,22,3431,
544494,"Globtier Infotech limited",M,STK,22.5,22.8,22.5,22.8,22.8,21.76,6,14400,326400,
544495,"NIS MANAGEMENT LIMITED",M,STK,59.95,59.95,55,56.05,55,60.28,9,10800,610020,
544496,"Vikran Engineering Limited",B,STK,63.51,64.9,62.4,62.61,62.61,64.03,1175,157230,10052148,
544497,"ANLON HEALTHCARE LIMITED",B,STK,110.9,118.55,110.9,116.7,117.95,111.9,228,15129,1746691,
544498,"OVAL PROJECTS ENGINEERING LIMI",M,STK,50,50,49,49,49,50,7,11200,550480,
544499,"Career Point Edutech Limited",B,STK,190,193.9,187.7,189.05,188.5,189,103,6461,1222977,
544500,"ABRIL PAPER TECH LIMITED",M,STK,34.35,34.65,34.35,34.53,34.4,34.5,3,6000,206800,
544501,"SUGS LLOYD LIMITED",M,STK,90,90,87,87,87,90.09,4,4000,351010,
544502,"Amanta Healthcare Limited",B,STK,100.3,101.5,98.9,100.2,100.2,101.5,99,12019,1208188,
544503,"Rachit Prints Limited",MT,STK,110.95,120,110.95,110.95,110.95,116.75,6,7000,798550,
544504,"GOEL CONSTRUCTION COMPANY LIMI",M,STK,282.1,290,282.1,286,286,282.5,4,1600,458840,
544506,"SHARVAYA METALS LIMITED",M,STK,128.5,128.5,125,125,125,124.3,4,2400,302400,
544507,"Zerodha Mutual Fund",B,STK,9.5,9.7,9.32,9.38,9.7,9.39,283,42769,401664,
544508,"VASHISHTHA LUXURY FASHION LIMI",M,STK,59.58,59.58,59.58,59.58,59.58,59.58,1,1200,71496,
544509,"Krupalu Metals Limited",M,STK,40,41,40,40.33,40,40,3,4800,193600,
544510,"NILACHAL CARBO METALICKS LIMIT",M,STK,77,77,76,76,76,75,3,4800,368000,
544511,"Karbonsteel Engineering Limite",M,STK,150.5,150.5,148,148,148,150.5,2,10400,1563200,
544512,"SHRINGAR HOUSE OF MANGALSUTRA",B,STK,218.35,221.25,210.55,211.35,212.55,217.25,526,41272,8983641,
544513,"Dev Accelerator Limited",B,STK,40.71,40.71,39.24,39.24,39.24,40.16,34,2915,115800,
544515,"Urban Company Limited",B,STK,106.6,108.15,105.1,106.1,106.1,107.95,928,463311,49192722,
544516,"AIRFLOA RAIL TECHNOLOGY LIMITE",M,STK,258.9,285,255.55,276.3,276.3,257.6,159,164000,44791550,
544517,"Shankara Buildpro Limited",B,STK,950.05,1013.45,944.6,1000.85,1000.85,962.2,315,337136,336882113,
544518,"L. T. ELEVATOR LIMITED",MT,STK,188.95,188.95,181,182.55,182.5,182,12,32000,5837520,
544519,"EURO PRATIK SALES LIMITED",B,STK,243.2,243.8,238.05,240.7,240.55,238.85,103,2373,573493,
544520,"SAMPAT ALUMINIUM LIMITED",M,STK,51.1,52.5,51.1,52.5,52.5,50.5,2,13200,676200,
544521,"VMS TMT LIMITED",B,STK,42.5,43.64,42.5,42.65,42.65,42.99,126,8593,367664,
544522,"A B Cotspin India Limited",B,STK,412,412,405.75,410.7,410.7,411.7,3,14,5711,
544523,"IVALUE INFOSOLUTIONS LIMITED",B,STK,228.3,228.3,224.5,225.05,225.05,224.95,111,3390,764641,
544524,"JD CABLES LIMITED",M,STK,166.4,181.4,166.4,177.4,178,172.05,65,52000,9244600,
544525,"GK ENERGY LIMITED",B,STK,104,106.3,101,103.2,104.35,103.85,508,118701,12321428,
544526,"Saatvik Green Energy Limited",B,STK,347.3,353.05,343,345,345,347.55,215,2566,894089,
544527,"Atlanta Electricals Limited",B,STK,944.6,966.35,915.95,918.75,921.45,939.8,657,4054,3803709,
544528,"Ganesh Consumer Products Limit",B,STK,177.05,177.05,168.15,169.6,168.15,177.5,173,4595,794075,
544529,"Aptus Pharma Limited",MT,STK,271.75,271.75,271.75,271.75,271.75,266.45,2,6000,1630500,
544530,"ANAND RATHI SHARE AND STOCK BR",B,STK,496,499,484,488.25,488.25,492.9,421,8821,4347502,
544531,"TRUE COLORS LIMITED",M,STK,154.4,154.4,146,146.85,148,152.5,26,16200,2413620,
544532,"Solarworld Energy Solutions Li",B,STK,170.1,175.95,169,170.05,169,173.25,177,16215,2787634,
544533,"Seshaasai Technologies Limited",B,STK,233.05,239,229,238.55,238,231.4,200,2755,647469,
544534,"Jaro Institute of Technology M",B,STK,418.95,447,412.1,442.8,442.8,422.9,1090,25274,10699895,
544535,"BHARATROHAN AIRBORNE INNOVATIO",MT,STK,135.3,135.3,135.3,135.3,135.3,142.4,2,3200,432960,
544537,"Jain Resource Recycling Limite",B,STK,414.8,420,408.3,414.9,412.55,414.85,1219,45128,18642155,
544539,"Solvex Edibles Limited",M,STK,24.65,24.65,24.65,24.65,24.65,24.65,1,1600,39440,
544540,"Epack Prefab Technologies Limi",B,STK,161.25,168.15,159.2,161.5,164,166.45,793,19226,3131260,
544541,"SYSTEMATIC INDUSTRIES LIMITED",M,STK,151.2,153,151.2,153,153,153,5,3000,456780,
544542,"Justo Realfintech Limited",M,STK,95,97.65,95,95,95,96,8,11000,1047800,
544543,"BMW VENTURES LIMITED",B,STK,56.36,57.41,55.96,56.24,56.35,57.29,89,6558,371032,
544544,"TELGE PROJECTS LIMITED",M,STK,94,95.76,94,95.76,95.76,95.89,2,6000,566112,
544545,"TRUALT BIOENERGY LIMITED",B,STK,360.1,376,360.1,367.9,368,375.65,199,3250,1209289,
544546,"Chatterbox Technologies Limite",M,STK,59,59,59,59,59,60.05,1,2400,141600,
544547,"Jinkushal Industries Limited",B,STK,56.93,58,54.61,55.39,55.39,56.93,112,3201,178907,
544548,"GUJARAT PEANUT AND AGRI PRODUC",M,STK,80.2,80.2,80.2,80.2,80.2,80.92,2,8000,641600,
544550,"Pace Digitek Limited",B,STK,161.2,165.1,160.6,161.15,162,163.15,390,12960,2097042,
544551,"BHAVIK ENTERPRISES LIMITED",M,STK,146.5,146.5,146.5,146.5,146.5,141.65,1,1000,146500,
544552,"RUKMANI DEVI GARG AGRO IMPEX L",MT,STK,104,105,102,105,105,100,6,7200,751200,
544553,"M P K STEELS (I) LIMITED",MT,STK,122.7,128,117,117,117,122.7,5,25600,3036320,
544555,"AMEENJI RUBBER LIMITED",M,STK,125,126,124.95,125,125,125,7,10800,1351140,
544557,"Glottis Limited",B,STK,44.99,45.78,44.8,45.08,45.08,45.07,71,3370,152433,
544558,"Fabtech Technologies Limited",B,STK,142.4,144,140.95,140.95,140.95,141.65,57,1180,167890,
544559,"OM METALLOGIC LIMITED",M,STK,15.46,15.46,15.05,15.05,15.05,15.46,3,6400,97904,
544560,"SODHANI CAPITAL LIMITED",M,STK,65.8,66.3,65.3,66.3,66.3,66.8,3,6000,394800,
544561,"Chiraharit Limited",M,STK,7.35,7.39,7.1,7.21,7.21,7.35,10,60000,435240,
544562,"Advance Agrolife Limited",B,STK,110.1,113.9,108.65,110.05,110.05,109.5,178,10120,1126247,
544563,"Zelio E Mobility Limited",M,STK,393.75,393.75,393,393.75,393.75,375,31,66000,25985500,
544564,"Om Freight Forwarders Limited",B,STK,82,83.85,81,81.25,81,84.87,73,2128,175540,
544565,"Valplast Technologies Limited",M,STK,46.8,46.8,46.8,46.8,46.8,48.2,1,2000,93600,
544566,"Sunsky Logistics Limited",M,STK,71.99,79.95,71.99,77.98,79.95,70.8,8,36000,2699670,
544568,"DSM Fresh Foods Limited",M,STK,110.8,110.9,108,108.05,108,110,42,100800,11045640,
544569,"Tata Motors Limited",B,STK,481.2,492.2,471.4,474,474,480.45,27255,956209,463337628,
544570,"WeWork India Management Limite",B,STK,458.6,461.85,446.8,449.75,448.9,460.4,262,3522,1595929,
544572,"SKF INDIA (INDUSTRIAL) LIMITED",B,STK,2400,2415,2333.9,2347.1,2340.65,2357.1,212,735,1743757,
544574,"Tata Capital Limited",A,STK,320.65,324,317.35,318.4,318.4,321.7,3497,98249,31503673,
544575,"Mittal Sections Limited",M,STK,27.63,27.63,27.3,27.3,27.3,27.76,3,3000,82560,
544576,"LG Electronics India Limited",B,STK,1570.05,1609,1570.05,1579.75,1579.75,1579.9,4981,39988,63670054,
544578,"RUBICON RESEARCH LIMITED",B,STK,765.95,775.2,756.7,767.15,765,755.5,459,5490,4217332,
544579,"Anantam Highways Trust",IF,STK,103.01,103.01,102,102.5,102.5,103.04,8,266,27241,
544580,"Canara Robeco Asset Management",B,STK,236.45,236.45,225.2,225.7,226,234,1150,39407,9010929,
544581,"DSP Mutual Fund",B,STK,9.73,9.73,9.64,9.66,9.66,9.67,59,7461,72430,
544582,"SHLOKKA DYES LIMITED",M,STK,26.45,26.9,24.9,26.32,26.7,26.21,25,94800,2450316,
544583,"Canara HSBC Life Insurance Com",B,STK,143.75,147,143.55,145.8,145.35,144.15,783,32870,4779913,
544584,"SK Minerals & Additives Limite",M,STK,129,129,125,125,125,125.1,3,10000,1266000,
544586,"Zerodha Mutual Fund",B,STK,10.12,10.12,9.71,9.76,9.81,9.88,447,129788,1271484,
544587,"Midwest Limited",B,STK,1196.95,1196.95,1120,1127.2,1133.3,1156.55,354,2481,2842511,
544594,"GAME CHANGERS TEXFAB LIMITED",M,STK,112,112,112,112,112,112.25,1,1200,134400,
544595,"Orkla India Limited",B,STK,580.75,611,560,564.85,564.85,557.7,7648,169722,100607333,
544596,"Safecure Services Limited",M,STK,35.82,35.82,34,34,34,36,3,3600,125784,
544597,"Piramal Finance Limited",B,STK,1782.6,1785,1736.1,1775.3,1776.4,1806.15,1912,643002,1119253657,
544598,"Accuracy Shipping Limited",B,STK,4.79,4.85,4.36,4.62,4.66,4.7,100,36039,171248,
544599,"Studds Accessories Limited",B,STK,510,515.8,505.05,511.8,515.8,511.25,59,553,282299,
544600,"Lenskart Solutions Limited",B,STK,519.45,535.5,518,519.8,519.8,525.6,3526,3645077,1924474908,
544601,"Choice Mutual Fund",E,STK,158.25,158.25,156.1,156.75,156.75,158.25,15,75,11778,
544603,"Billionbrains Garage Ventures",B,STK,156.4,159.35,152.1,153,153,156.4,9748,1270860,198342119,
544604,"Mirae Asset Mutual Fund",B,STK,36.51,36.76,36.5,36.54,36.57,36.4,70,65682,2410969,
544605,"Mirae Asset Mutual Fund",B,STK,15.8,15.8,15.44,15.46,15.46,15.49,121,47883,743313,
544606,"Pine Labs Limited",B,STK,174.75,179.95,174.25,176.7,177,174.75,3137,91545,16203691,
544607,"SHINING TOOLS LIMITED",M,STK,54,54,53.85,54,54,54,3,4800,258840,
544608,"Emmvee Photovoltaic Power Limi",B,STK,192,194.4,190,193.7,193.7,193.6,739,28309,5433573,
544609,"Physicswallah Limited",B,STK,82.92,84.05,80.25,82.9,83,82.65,4416,1054913,86896549,
544610,"WORKMATES CORE2CLOUD SOLUTION",M,STK,332.2,338.5,324.5,332.2,332.2,332.15,23,15600,5161740,
544611,"MAHAMAYA LIFESCIENCES LIMITED",MT,STK,168.95,169,168.95,169,169,165,2,2400,405540,
544612,"Tenneco Clean Air India Limite",B,STK,538.9,551.05,538.05,547.65,547.65,540.25,777,19708,10715376,
544613,"Fujiyama Power Systems Limited",B,STK,172.65,185,172.65,180.8,180.8,175.5,255,8119,1460296,
544614,"Capillary Technologies India L",B,STK,515.55,525.05,514.6,522.05,522.3,514.9,250,7809,4060537,
544615,"KSR Footwear Limited",T,STK,32.6,35.44,32.6,35.2,35.2,34.04,20,1225,42667,
544616,"Gallard Steel Limited",M,STK,141,142.55,135.9,142.55,142.55,144.95,16,17000,2376500,
544617,"Excelsoft Technologies Limited",B,STK,78.53,81.98,78.53,81.68,81.5,80.23,231,20141,1641886,
544619,"Sudeep Pharma Limited",B,STK,583.95,597.2,581.2,583.9,583.45,583.9,71,771,453252,
544621,"SSMD AGROTECH INDIA LIMITED",M,STK,33,36.9,32.5,36.3,36.9,34.44,16,18000,628060,
544622,"Kwality Walls (India) Limited",B,STK,26.99,27.2,26.2,26.3,26.3,26.96,4727,993386,26498930,
544623,"Mother Nutri Foods Limited",M,STK,155,164,145.05,161.75,160,145.05,27,100800,15696720,
544624,"K K SILK MILLS LIMITED",M,STK,10.7,11.02,10.7,11.02,11.02,10.5,12,39000,427650,
544625,"Logiciel Solutions Limited",M,STK,35.05,35.05,33.9,34.03,34,35.1,8,5400,186954,
544626,"EXATO TECHNOLOGIES LIMITED",M,STK,320,326.05,308.2,309.2,309,329.05,57,57000,17830250,
544627,"PURPLE WAVE INFOCOM LIMITED",M,STK,109.95,117.8,109.95,117.8,117.8,110.95,5,7000,786250,
544628,"Astron Multigrain Limited",M,STK,16.6,18.3,16.51,18.25,18.25,17.5,18,42000,737680,
544629,"Ravelcare Limited",M,STK,155,164.75,155,158.25,158,162,13,14000,2234950,
544632,"Meesho Limited",B,STK,158,161,157.2,159.1,159.1,158.4,1026,47689,7617410,
544633,"VIDYA WIRES LIMITED",B,STK,52.43,52.77,51.05,51.45,52.1,52.45,781,76253,3973564,
544634,"Aequs Limited",B,STK,135.05,139.75,135.05,137.7,137.65,135.95,297,16088,2212957,
544635,"Luxury Time Limited",M,STK,58,58.8,58,58.77,58.75,60.6,6,11200,654480,
544637,"Methodhub Software Limited",M,STK,113,113.6,113,113.3,113,112.9,8,5400,611700,
544638,"Bandhan Mutual Fund",E,STK,159.11,161,157.75,160.91,161,160.42,90,1404,223241,
544639,"Bandhan Mutual Fund",E,STK,261.84,266.77,249.31,252.9,255.21,259.8,120,10776,2793057,
544640,"Riddhi Display Equipments Limi",M,STK,35.5,36.4,35,35.9,36.3,35,6,7200,256200,
544641,"K. V. TOYS INDIA LIMITED",M,STK,256.6,256.6,251.45,251.45,251.45,254.25,4,2400,612750,
544642,"Wakefit Innovations Limited",B,STK,185.95,185.95,170.25,171.85,173,182.1,732,21581,3768876,
544643,"PRODOCS SOLUTIONS LIMITED",MT,STK,205.65,205.65,205.65,205.65,205.65,207.45,1,1000,205650,
544644,"Corona Remedies Limited",B,STK,1555.35,1604.9,1555.35,1582.2,1574.1,1564.15,125,25572,40784945,
544645,"PARK MEDI WORLD LIMITED",B,STK,189.75,205.45,188.75,203.15,203.15,193.45,3047,138587,27589704,
544646,"Shipwaves Online Limited",M,STK,4,4.13,3.98,4.08,4.08,4,15,150000,604900,
544647,"Nephrocare Health Services Lim",B,STK,542.45,573.55,542.45,560.25,564,549.6,417,5942,3341791,
544648,"UNISEM AGRITECH LIMITED",M,STK,64.74,64.74,64.74,64.74,64.74,63.71,1,2000,129480,
544654,"DSP Mutual Fund",B,STK,15.05,15.63,15.05,15.48,15.48,15.34,10,275,4265,
544655,"DSP Mutual Fund",B,STK,21.4,21.46,21.24,21.26,21.26,21.4,12,628,13398,
544656,"HRS ALUGLAZE LIMITED",MT,STK,250.05,250.1,250.05,250.05,250.05,248.55,4,4800,1200300,
544657,"Pajson Agro India Limited",MT,STK,208,209,208,208,208,208.65,3,3600,750000,
544658,"ICICI Prudential Asset Managem",A,STK,3010.1,3023.9,2978.15,2993.7,2993.7,3010.6,1818,7690,23071662,
544659,"STANBIK AGRO LIMITED",M,STK,33.5,33.5,33,33,33,33.5,4,16000,534000,
544660,"Mirae Asset Mutual Fund",B,STK,9.06,9.06,8.96,8.98,8.98,9.08,12,492,4421,
544661,"Mirae Asset Mutual Fund",B,STK,36.06,36.12,35.8,35.83,35.83,35.97,27,6793,243833,
544662,"SIMANDHAR IMPEX LIMITED",T,STK,127.9,127.9,127.9,127.9,127.9,125.4,3,22,2813,
544663,"NEPTUNE LOGITEK LIMITED",M,STK,40.18,41,40,40,40,40.18,9,35000,1401200,
544664,"KSH INTERNATIONAL LIMITED",B,STK,360.05,374,360.05,370.8,374,363.05,315,5404,1993780,
544666,"GUJARAT KIDNEY AND SUPER SPECI",B,STK,109.6,112.5,107.65,108.05,108.05,109.05,379,8321,913565,
544668,"NANTA TECH LIMITED",M,STK,245,277.95,245,277.95,277.95,274,23,34200,9243270,
544669,"ADMACH SYSTEMS LIMITED",M,STK,215,215,206,206,206,208.55,8,4800,1005600,
544670,"BAI-KAKAJI POLYMERS LIMITED",M,STK,176,176,176,176,176,182.2,2,1200,211200,
544672,"The Wealth Company Mutual Fund",E,STK,159.38,160.72,157,157,157,160.97,27,5037,790838,
544674,"DSP Mutual Fund",B,STK,70.41,70.41,67.6,67.6,67.6,67.38,14,1086,73658,
544675,"Gabion Technologies India Limi",M,STK,60,61,58.62,58.62,58.62,59.92,10,16000,948112,
544676,"YAJUR FIBRES LIMITED",M,STK,47.64,47.64,46,46.12,46.02,46.32,19,17600,822320,
544677,"Defrail Technologies Limited",M,STK,85.45,85.45,84.2,84.2,84.2,85.45,3,4800,408160,
544678,"BHARAT COKING COAL LIMITED",B,STK,33.09,33.57,32.8,32.97,32.97,33.03,4273,1870621,61949014,
544679,"Amagi Media Labs Limited",B,STK,383.8,389.1,381.7,386.4,385.3,379.85,411,4191,1617982,
544680,"Narmadesh Brass Industries Lim",M,STK,173,173,173,173,173,172,3,720,124560,
544681,"INDO SMC Limited",M,STK,145.1,148,145.1,147.35,148,144.65,13,13000,1909050,
544682,"GRE Renew Enertech Limited",M,STK,94.5,94.5,92.6,93.32,92.6,94.03,9,10800,1017216,
544683,"Aritas Vinyl Limited",M,STK,21.09,21.09,19.09,19.09,19.09,20.09,82,309000,6304830,
544684,"DIGILOGIC SYSTEMS LIMITED",M,STK,87.98,91,84.01,89.8,89.11,87.98,27,36000,3159276,
544685,"SHADOWFAX TECHNOLOGIES LIMITED",B,STK,121.7,124.2,118.1,120.05,122,124.15,2708,228096,27681967,
544686,"SHAYONA ENGINEERING LIMITED",M,STK,137.45,137.45,134,135.1,135.1,137.4,9,9000,1227450,
544687,"Hannah Joseph Hospital Limited",M,STK,60.24,61,60.24,61,61,60.24,2,4000,242480,
544688,"KASTURI METAL COMPOSITE LIMITE",M,STK,64.98,64.98,63,63,63,65,2,12000,775800,
544693,"KANISHK ALUMINIUM INDIA LIMITE",M,STK,34,35.4,33.8,35.3,35.4,33.8,8,12800,442080,
544694,"Accretion Nutraveda Limited",M,STK,182,182,181,181.5,181,189.05,2,2000,363000,
544695,"Msafe Equipments Limited",M,STK,125.65,129,124.95,124.95,124.95,125.65,16,18000,2281500,
544699,"Aye Finance Limited",B,STK,111.1,121.25,111.1,115.95,115.95,115.35,4318,314682,36508410,
544700,"Fractal Analytics Limited",B,STK,777.05,826,772.85,798.1,798.1,757.8,7863,213024,170994576,
544701,"Mirae Asset Mutual Fund",B,STK,18.76,18.76,18.67,18.7,18.69,18.71,11,915,17099,
544702,"DCM SHRIRAM INTERNATIONAL LIMI",B,STK,63.65,65.23,60.99,61.39,60.99,63.96,184,11091,706210,
544703,"DCM SHRIRAM FINE CHEMICALS LIM",B,STK,30,30,28,29.23,29.24,29.81,126,10789,312396,
544704,"Mirae Asset Mutual Fund",B,STK,11.2,11.23,11.13,11.14,11.14,11.18,9,2447,27275,
544705,"Mirae Asset Mutual Fund",B,STK,69.75,70.75,69.67,69.92,70.75,68.24,141,47700,3344414,
544706,"Aditya Birla Sun Life Mutual F",B,STK,29.27,29.27,29.27,29.27,29.27,29.3,1,2,58,
544707,"Fractal Industries Limited",MT,STK,215,218.15,210,214.95,210,215.8,19,21000,4519920,
544708,"Yashhtej Industries (India) Li",MT,STK,61.52,61.52,61.52,61.52,61.52,64.75,3,3600,221472,
544709,"Gaudium IVF and Women Health L",T,STK,77.01,80.69,75.6,75.63,75.63,79.57,448,32041,2466477,
544710,"ACCORD TRANSFORMER & SWITCHGEA",MT,STK,50.05,51.2,48.97,49.27,49.1,51.54,128,465000,23058540,
544711,"KIAASA RETAIL LIMITED",MT,STK,100.25,100.25,100.25,100.25,100.25,105.5,2,2000,200500,
544716,"SHREE RAM TWISTEX LIMITED",T,STK,63.05,63.05,63.05,63.05,63.05,66.35,80,2359,148734,
544717,"Clean Max Enviro Energy Soluti",B,STK,821.05,892.1,821.05,885.55,885.55,828.6,4765,83816,71823430,
544718,"PNGS Reva Diamond Jewellery Li",B,STK,364.05,402.1,361.3,394,392,370.3,3567,115078,43521929,
544720,"Omnitech Engineering Limited",B,STK,205.85,208.25,186,190.4,190.4,205.15,3197,148963,29764300,
544721,"Groww Mutual Fund",B,STK,48,49.53,47.53,48.21,49.5,48.56,292,34014,1640877,
544722,"SBI Mutual Fund",B,STK,61,61,60.1,60.96,60.96,0,11,348,20995,
555555,"ICICI Prudential BSE Sensex ET",A,STK,910.66,911.87,900.12,907.38,911.36,916.65,297,1178,1068922,
570002,"Future Enterprises Limited",Z,STK,2.85,2.85,2.85,2.85,2.85,2.85,1,10,28,
570005,"GACM Technologies Limited - DV",B,STK,0.48,0.48,0.46,0.47,0.48,0.48,43,43066,20322,
590003,"KARUR VYSYA BANK LTD.",B,STK,319.65,319.65,312,312.5,313.1,316.7,952,37764,11929147,
590005,"VEEDOL CORPORATION LIMITED",B,STK,1325.05,1361.15,1321,1327,1321,1350.05,229,1905,2533617,
590006,"AMRUTANJAN HEALTH CARE LTD.",B,STK,570,570.65,556.65,558.6,561,569.75,315,2053,1151547,
590013,"XPRO INDIA LTD.",B,STK,882.2,936.7,878.9,915.9,920,877.4,572,3439,3127090,
590018,"HISAR METAL INDUSTRIES LTD.",B,STK,156,156,156,156,156,156,3,54,8424,
590021,"BHARAT RASAYAN LTD.",B,STK,1403.75,1427,1392,1404.65,1408,1403.75,279,1545,2170108,
590024,"FERTILIZERS & CHEMICALS TRAVAN",B,STK,666.95,705.9,666.95,680.1,690,679.1,620,11918,8179820,
590025,"GINNI FILAMENTS LTD.",B,STK,35.9,36,34.11,34.94,34.86,35.25,166,4947,172172,
590030,"SOUTHERN PETROCHEMICALS LTD.",B,STK,64.99,65.35,61.2,61.41,61.41,64.4,754,53482,3363572,
590031,"DE NORA INDIA LTD.",B,STK,683.6,713.55,682.7,696.6,690.95,686.65,170,1917,1333211,
590041,"Kavveri Defence &amp; Wireless",T,STK,61.94,65.03,61.9,65.03,65.03,61.94,276,43161,2797301,
590051,"SAKSOFT LTD.",B,STK,134.5,137.8,133.45,135.65,135.65,133.55,997,13975,1895511,
590057,"EQUIPPP SOCIAL IMPACT TECHNOLO",T,STK,16.18,16.99,16.18,16.32,16.5,16.99,22,4845,79138,
590062,"ANDHRA SUGARS LTD.",B,STK,75.49,75.5,73.6,74.65,74.3,74.9,237,20481,1537696,
590065,"INDIA MOTOR PARTS & ACCESSORIE",B,STK,1029.55,1046.6,1023.45,1023.45,1023.45,1027.9,16,19,19543,
590066,K.C.P.LTD.,B,STK,158.15,159.95,152.15,156.4,155.1,158.8,499,17830,2775931,
590070,"RADAAN MEDIAWORKS (I) LTD.",B,STK,3.2,3.2,2.76,2.91,2.91,3.2,12,899,2588,
590071,"SUNDARAM FINANCE LTD.",B,STK,5353.55,5612.5,5325,5348.05,5325,5586.7,765,2294,12487752,
590072,"SUNDARAM BRAKE LININGS LTD.",B,STK,589,589,580,580,580,565.6,2,146,84752,
590073,"WHEELS INDIA LTD.",B,STK,880.5,893.35,875.2,878.75,875.5,890.25,123,1228,1088927,
590075,"LAMBODHARA TEXTILES LTD.",B,STK,99.65,100,99.6,99.7,99.65,99.6,6,25,2492,
590078,"MAITHAN ALLOYS LTD.",B,STK,990.5,990.5,958.4,970.95,970.95,965.15,167,4109,3990411,
590086,"ORISSA MINERALS DEVELOPMENT CO",B,STK,3800,3882.8,3800,3818.45,3822.45,3851.45,97,292,1122605,
590095,"NIPPON INDIA ETF GOLD BEES",E,STK,135.53,135.53,130.6,130.8,130.8,132.23,11345,1686820,221543828,
590096,"NIPPON INDIA ETF LIQUID BEES",F,STK,1000,1000.01,999.99,1000,1000,1000,1820,782832,782832844,
590097,"KOTAK MAHINDRA MUTUAL FUND - K",E,STK,136.35,136.35,131.54,131.88,131.88,133.03,903,63480,8386337,
590098,"SBI MUTUAL FUND - SBI GOLD EXC",E,STK,139.86,139.86,134.7,134.85,134.7,136.45,2167,223710,30298402,
590099,"QUANTUM GOLD FUND - EXCHANGE T",E,STK,132,132.78,130.38,130.56,131,132.75,172,5825,763845,
590101,"UTI MUTUAL FUND - UTI GOLD EXC",E,STK,134.4,135,132.93,133.13,133.47,134.42,659,46997,6269828,
590103,"NIPPON INDIA ETF NIFTY BEES",B,STK,273.79,279.77,273.79,277.29,277.29,280.82,6872,387740,108004468,
590104,"NIPPON INDIA ETF JUNIOR BEES",B,STK,728.02,732.84,725.51,727.27,727.27,728.65,756,15083,11000824,
590106,"NIPPON INDIA ETF BANK BEES",B,STK,606.73,606.73,596.26,597.24,598.67,608.41,725,20015,12035907,
590107,"KOTAK MAHINDRA MUTUAL FUND - K",B,STK,929.06,933.35,918.9,921,918.9,935.85,182,592,548211,
590108,"NIPPON INDIA ETF PSU BANK BEES",B,STK,102.05,104.24,102.01,102.24,102.24,104.27,1185,101120,10415642,
590109,"NIPPON INDIA ETF SHARIAH BEES",B,STK,471.95,474,467.38,469.25,474,470.95,74,472,221812,
590110,"Quantum Nifty 50 ETF",B,STK,270,270.6,267.5,267.5,267.5,271.4,42,731,196891,
590113,"NIPPON INDIA ETF HANG SENG BEE",E,STK,518.24,520.8,510.56,513.74,517.5,517.18,643,8924,4612574,
590115,"MOTILAL OSWAL MUTUAL FUND",B,STK,256.41,258.7,253.8,258.7,258.7,259.82,15,134,34487,
590134,"Madras Fertilizer Limited",B,STK,61.73,63.86,61.4,62.13,62.08,61.88,111,3509,218643,
590136,"Kotak Mahindra Mutual Fund - P",B,STK,60.77,60.79,59.78,59.87,59.81,61.13,277,22525,1356980,
590137,"SBI Mutual Fund-Permitted",B,STK,599.88,601.52,591.61,592.75,592.56,605.45,157,2452,1467258,
590138,"SBI Mutual Fund-Permitted",B,STK,264.97,264.97,261.75,262.05,262.4,265.35,683,25763,6780258,
590139,"Kotak Mahindra Mutual Fund - P",B,STK,1094.38,1094.38,1094.29,1094.3,1094.31,1093.89,21,5418,5928906,
590140,"Tata Mutual Fund - Permitted",E,STK,15.89,15.89,15.3,15.34,15.34,15.51,7530,5312391,81825090,
590141,"Nippon India Mutual Fund - Per",B,STK,32.44,33.81,32.44,33.31,33.31,33.28,2543,617598,20695681,
590142,"Nippon India Mutual Fund - Per",B,STK,23.34,23.71,23.1,23.53,23.55,23.58,1108,178205,4206996,
590143,"Nippon India Mutual Fund - Per",F,STK,29.58,29.58,29.35,29.44,29.42,29.46,113,268153,7893545,
590144,"Nippon India Mutual Fund - Per",B,STK,215.95,221.44,214.3,219.02,219.5,220.25,241,12694,2794783,
590145,"Nippon India Mutual Fund - Per",E,STK,241.81,251.03,241.81,246.81,246.81,248.02,14362,1870361,466000550,
590146,"Motilal Oswal Mutual Fund-Perm",E,STK,157.52,158.21,155.77,156.06,156.06,157.52,44,72231,11274783,
590147,"Motilal Oswal Mutual Fund-Perm",E,STK,259.59,259.59,250.97,255.23,251.04,256.31,58,2755,707109,
590148,"Motilal Oswal Mutual Fund-Perm",B,STK,15.38,16.5,15.38,15.51,15.55,15.54,99,16525,256879,
590149,"Motilal Oswal Mutual Fund-Perm",B,STK,45.69,46.21,45.45,45.6,45.45,45.8,328,26078,1192149,
590150,"Motilal Oswal Mutual Fund-Perm",B,STK,75.18,75.99,74.18,74.36,75.99,75.84,727,45119,3373668,
590151,"Motilal Oswal Mutual Fund-Perm",B,STK,51.18,51.18,50.16,50.25,50.16,50.79,62,8991,454646,
590152,"Motilal Oswal Mutual Fund-Perm",B,STK,91.17,94.35,89.79,93.78,93.9,91.06,1658,343668,32174744,
590153,"Motilal Oswal Mutual Fund-Perm",B,STK,22.9,23.79,22.87,22.98,23.79,23.13,398,142536,3293278,
590154,"Kotak Mahindra Mutual Fund - P",B,STK,46.41,47.77,46.41,47.19,47.27,47.6,396,34218,1622848,
751087,"Onelife Capital Advisors Ltd",R,STK,0.17,0.17,0.17,0.17,0.17,0.18,8,22145,3764,
751088,"Avi Polymers Ltd.",R,STK,0.57,0.57,0.57,0.57,0.57,0.59,88,284846,162362,
751093,"Bhandari Hosiery Exports Ltd.",R,STK,0.12,0.12,0.12,0.12,0.12,0,40,83562,10027,
751094,"HILTON METAL FORGING LIMITED",R,STK,0.23,0.23,0.23,0.23,0.23,0,66,14777,3398,
800148,"8.26% CENTRAL GOVT 2027",G,STK,104.5,104.5,104.5,104.5,104.5,105.4,1,1,104,
800177,920GOI2030,G,STK,115.25,115.25,115.25,115.25,115.25,115.2,3,6000,691500,
800181,740GOI2035,G,STK,105.85,105.85,105.85,105.85,105.85,106.4,1,500,52925,
800212,1018GOI2026,G,STK,109.75,109.75,109.7,109.7,109.7,109.75,3,5,548,
800220,795GOI2032,G,STK,108.15,108.15,108.15,108.15,108.15,105.55,1,1,108,
800292,"SOVERIEGN GOLD BOND 2019 SERIE",G,STK,15800,15800,15800,15800,15800,15900,1,1,15800,
800295,"SOVEREIGN GOLD BOND 2019-20 SE",G,STK,16399,16399,16399,16399,16399,15300,1,1,16399,
800297,"SOVEREIGN GOLD BOND 2019-20 SE",G,STK,15800,15879,15701.01,15767.5,15731,15899,25,53,836717,
800312,"Sovereign Gold Bonds 2019-20 S",G,STK,16100,16100,16100,16100,16100,16102,2,3,48300,
800318,"Sovereign Gold Bonds 2020-21 S",G,STK,15924,15924,15820,15827,15820,15900,19,34,539070,
800320,"Sovereign Gold Bonds 2020-21 S",G,STK,15746.91,15899,15746.91,15899,15899,15745.9,2,5,79342,
800324,"Sovereign Gold Bond 2020-21 IV",G,STK,15660,15920,15657.48,15800,15800,15930,12,19,300802,
800325,"Sovereign Gold Bonds 2020-21 V",G,STK,15886.64,16002,15770,15772.93,15770,15886.64,93,219,3471351,
800327,"Sovereign Gold Bonds 2020-21 S",G,STK,15785,15819,15784,15790,15790,15800,29,73,1152537,
800329,"Sovereign Gold Bonds 2020-21 S",G,STK,15820,15820,15800,15800,15800,15901.98,9,28,442622,
800330,667GOI2050,G,STK,93,93,93,93,93,94.25,1,4,372,
800331,"SGB 2020-21 Series IX",G,STK,15848,15850,15817,15835,15835,15818,18,79,1250166,
800332,"Sovereign Gold Bonds 2021-21 S",G,STK,15701,15766,15701,15765,15765,15880,3,3,47232,
800333,"SGB 2020-21 SERIES XI",G,STK,15884,15890,15869,15869,15869,16040,4,11,174757,
800339,"SGB 2020-21 Series XII",G,STK,15840,15849.99,15780,15783.33,15790,15813.88,16,67,1061500,
800340,"SGB 2021-22 Series I",G,STK,15736.27,15874.64,15736.27,15810.6,15827.8,15836.27,32,234,3684522,
800341,"SGB 2021-22 Series II",G,STK,15814,15814,15814,15814,15814,15829.93,2,3,47442,
800342,"Sovereign Gold Bonds 2021-22",G,STK,15825,15825,15825,15825,15825,15825,2,5,79125,
800367,"Sovereign Gold Bond Series IV",G,STK,15765.88,15900,15765.88,15900,15900,15865.88,10,29,458947,
800385,"Sovereign Gold Bonds 2021-22 S",G,STK,15942,16049,15750,15961.25,15750,15869.04,31,48,766784,
800386,"Sovereign Gold Bonds 2021-22 S",G,STK,15876,15906,15876,15900,15900,15843.5,77,104,1653572,
800434,"Sovereign Gold Bonds 2021-22 S",G,STK,15851,16013,15848,16013,16013,15604.71,14,20,318231,
800436,695GOI2061,G,STK,95.25,95.25,95,95,95,95.45,4,1266,120336,
800437,"Sovereign Gold Bonds 2021-22 S",G,STK,15898.52,15926.01,15895.52,15926.01,15926.01,15899.53,8,13,206919,
800438,"Soveriegn Gold Bonds 2021-22 S",G,STK,15901.34,16032.68,15901.33,16032.68,16032.68,15901.33,15,26,413565,
800488,"Sovereign Gold Bonds 2022-23 S",G,STK,15989,16088.94,15770.35,16070.26,16088.94,15988.98,17,35,559945,
800489,74GOI2062,G,STK,104.35,104.35,104.35,104.35,104.35,103.1,1,2,208,
800573,"Soverign Gold Bond 2022-23 Sr",G,STK,16110,16110,16005.8,16050.86,16056,16042.57,12,22,353454,
800575,"Sovereign Gold Bond 2022-23 Sr",G,STK,16179.73,16179.73,16000,16140,16140,16179.73,41,55,883656,
800580,"Sovereign Gold Bonds 2023-24 S",G,STK,16162,16200,16102,16151.34,16162,16258.08,29,75,1211765,
800588,725GOI2063,G,STK,99.3,99.3,99.25,99.25,99.25,99,23,20041,1990069,
800596,"Sovereign Gold Bonds 2023-24 S",G,STK,16200,16288.92,16150,16199.8,16200,16207.8,84,141,2285746,
800597,746GOI2073,G,STK,102.6,102.6,101.65,101.7,101.7,102.5,3,301,30607,
800598,718GS2037,G,STK,103.45,103.65,103.45,103.65,103.65,103.3,2,2503,258935,
800603,"Sovereign Gold Bonds 2023-24 S",G,STK,16500.93,16500.93,16111,16200.37,16200.37,16494.94,235,424,6910455,
800605,"Sovereign Gold Bonds 2023-24 S",G,STK,16837.7,17110,16837.7,16900.69,16900.69,17230.2,156,506,8582775,
800607,734GOI2064,G,STK,101.55,101.55,101,101,101,101.5,3,600,60875,
800619,GS22OCT32,G,STK,62.01,62.01,62.01,62.01,62.01,61.78,8,1500000,93015000,
800620,GS22APR33,G,STK,59.69,59.69,59.69,59.69,59.69,59.53,10,1900000,113411000,
800807,709GOI74,G,STK,97,97.3,96.8,97.3,97.3,97.4,18,13160,1275453,
800808,690GOI65,G,STK,95.5,95.8,95.5,95.8,95.8,95.9,3,12200,1168130,
800809,724GOI55,G,STK,99,99,99,99,99,98.05,1,5,495,
810977,767GOASDL33,G,STK,80.2,80.2,80.2,80.2,80.2,89,4,90,7218,
890197,"Yarn Syndicate Ltd.",X,STK,2.38,2.38,1.75,1.8,1.75,2.18,36,29401,54415,
890202,"SOLARA ACTIVE PHARMA SCIENCES",B,STK,305.3,305.3,300,300,300,291.2,4,109,33001,
890217,"Aplab Ltd.",X,STK,67.9,67.9,56.55,63.56,63.56,62.69,15,116,7232,
890220,"KATI PATANG LIFESTYLE LIMITED",X,STK,9.97,9.97,9.97,9.97,9.97,9.74,1,1,9,
890221,"Spandana Sphoorty Financial Li",B,STK,123.8,123.8,117,118.8,120.1,125.75,23,701,83597,
890228,"Allcargo Terminals Limited",B,STK,9.65,11.65,9.65,11.35,11.35,10.99,48,9747,103801,
890229,"ANNVRRIDHHI VENTURES LIMITED",X,STK,2.44,2.68,2.24,2.52,2.68,2.24,17,15198,38286,
890230,"Ace Software Exports ltd.",X,STK,109.35,137,109.35,123.5,123.5,128.6,5,6,735,
890231,"ANIRIT VENTURES LIMITED",XT,STK,19.85,21.88,19.85,21.88,21.88,20.84,2,205,4079,
890233,"PVV Infra Limited",X,STK,1.49,1.49,1.42,1.44,1.44,1.38,45,147697,211963,
912254,"ICIC M6-DDB-21/7/2026",F,STK,98000,98000,97890,97890,97890,85000,2,2,195890,
935584,NHAI-7.6%-11-1-31-TAXFREENCD,F,STK,1155,1155,1155,1155,1155,1151,1,100,115500,
935642,HUDCO-7.64%-8-2-31-TAXFREENCD,F,STK,1098,1098,1098,1098,1098,1102.75,1,1,1098,
935666,NHAI-7.69%-9-3-31-TAXFREENCD,F,STK,1115.4,1121.99,1115.4,1121.99,1121.99,1116.03,2,236,263471,
935682,IRFC-7.64%-22-3-31-NCDS,F,STK,1118,1118,1113.9,1113.9,1113.9,1111.7,22,713,795648,
935690,NABARD-7.64%-23-3-31-NCDS,F,STK,1110,1110,1087.4,1087.6,1087.6,1159,38,1572,1718853,
935740,MMFSL-8.72%-6-6-26-NCD,F,STK,1000,1000,1000,1000,1000,1002,1,16,16000,
935752,MMFSL-9%-6-6-26-NCD,F,STK,1064,1064,1064,1064,1064,1065,1,1,1064,
935760,MMFSL-6-6-26-NCD,F,STK,2290,2290,2290,2290,2290,2300,2,19,43510,
935788,NIDO-10%-19-7-26-NCD,F,STK,1051.05,1055,1051.05,1055,1055,1057.95,2,26,27426,
935858,SCL-8.85%-26-9-26-NCDS,F,STK,1013.2,1013.2,1013.2,1013.2,1013.2,1029.5,1,61,61805,
935860,SCL-9%-26-9-26-NCDS,F,STK,1029.8,1029.8,1029.8,1029.8,1029.8,1023,1,7,7208,
936048,MMFSL-8.05%-24-07-32-NCD,F,STK,1087.99,1087.99,1087.99,1087.99,1087.99,1078,2,2,2175,
936224,JMFCSL-9.75%-7-6-28-NCD,F,STK,1086,1086,1086,1086,1086,1085.01,1,200,217200,
936226,JMFCSL-9.34%-7-6-28-NCD,F,STK,1075,1075,1050,1050,1050,1008.25,3,12,12625,
936320,AHFL-9.35%-29-9-28-NCD,F,STK,1015,1016,1015,1015,1015,1021,3,75,76150,
936412,MMFSL-9.3%-18-1-27-NCD,F,STK,1104.9,1104.9,1098,1098,1098,1105,6,23,25265,
936476,IFL-10%-7-2-29-NCD,F,STK,991.25,991.6,991.25,991.6,991.6,991.1,2,30,29742,
936492,MFL-ZC-5-5-26-NCD,F,STK,1940,1940,1940,1940,1940,1966,1,19,36860,
936814,TCAP-8.85%-26-8-29-NCD,F,STK,1120,1120,1120,1120,1120,1169.9,1,100,112000,
937091,NWFL-9.80%-5-2-30-NCD,F,STK,1021.01,1040,1021.01,1040,1040,1016.5,2,600,614505,
937169,MVAFL-ZC-17-9-27-NCD,F,STK,1700,1700,1671,1671.1,1671.1,1700,5,2776,4680813,
937345,EFSL-9.53%-8-1-31-NCD,F,STK,979.25,979.25,979.25,979.25,979.25,979.1,1,6,5875,
937373,PFCL-7%-22-1-31-NCD,F,STK,980,980,977,978.63,977,977,8,128,125265,
937377,PFCL-6.83%-22-1-31-NCD,F,STK,990,990,990,990,990,888,1,30,29700,
937385,PFCL-7.15%-22-1-36-NCD,F,STK,981.01,981.01,978.13,978.34,978.13,983.12,12,1040,1019327,
937431,MML-10.25%-13-3-26-NCD,F,STK,950,950,950,950,950,1000,1,5,4750,
937453,IFL-10%-24-6-28-NCD,F,STK,1015.01,1015.01,1015.01,1015.01,1015.01,1081.01,1,1818,1845288,
937455,IFL-9.6%-24-6-28-NCD,F,STK,996,998.99,995,995,995,999.5,19,2555,2545110,
937461,MFL-II-20-4-26-NCD,F,STK,1000,1000,1000,1000,1000,1000,1,5,5000,
937473,MFL-VIII-20-4-26-NCD,F,STK,1430,1435,1424,1429,1429,1430,20,300,428540,
937495,EFSL-9.16%-29-4-26-NCD,F,STK,1000,1000,996,996,996,998,4,201,200200,
937497,EFSL-9.55%-29-4-26-NCD,F,STK,1075,1077.5,1075,1077.5,1077.5,1075,2,50,53755,
937499,EFSL-ZC-29-4-26-NCD,F,STK,1548,1548,1548,1548,1548,1548,2,275,425700,
937503,EFSL-9.70%-29-4-31-NCD,F,STK,1028.8,1028.8,1028.8,1028.8,1028.8,1028.8,1,117,120369,
937613,KLMAFL-11.25%-29-7-26-NCD,F,STK,999,999,999,999,999,1000,2,31,30969,
937621,IHFL-9.60%-3-11-28-NCD,F,STK,997.5,997.5,996.51,996.99,996.99,996.5,9,438,436793,
937631,EFSL-9.15%-10-9-26-NCD,F,STK,993.8,993.8,993.8,993.8,993.8,993.8,4,75,74535,
937635,EFSL-10-9-26-NCD,F,STK,1485,1485,1485,1485,1485,1465.2,1,43,63855,
937637,EFSL-9.30%-10-9-31-NCD,F,STK,969.75,970,969.75,970,970,969.7,6,424,411279,
937707,JMFPL-8.20%-7-10-26-NCD,F,STK,1026.8,1026.8,1026.8,1026.8,1026.8,1016,1,100,102680,
937723,IIFL-8.75%-14-10-26-NCD,F,STK,1021.2,1021.2,1021.2,1021.2,1021.2,1021.2,1,41,41869,
937799,EFSL-9.15%-28-12-26-NCD,F,STK,993,996,993,996,996,990,4,248,246858,
937805,EFSL-9.30%-28-12-31-NCD,F,STK,970,970,951.01,960,960,970,5,122,116439,
937825,IHFL-8.20%-3-1-27-NCD,F,STK,996,996,996,996,996,987.55,1,6,5976,
937885,MFL-8.50%-2-2-27-NCD,F,STK,1000,1000,1000,1000,1000,980.01,1,1,1000,
938011,MFL-II-5-5-27-NCD,F,STK,975.2,975.2,975.2,975.2,975.2,975,3,23,22429,
938021,MFL-VI-5-5-32-NCD,F,STK,1003,1003,1003,1003,1003,1018.8,1,20,20060,
938180,SCL-9.15%-28-9-27-NCD,F,STK,935,977.95,935,975.9,975.9,977,6,94,89841,
938218,EFSL-9.65%-20-10-32-NCD,F,STK,970.05,970.05,970.05,970.05,970.05,980,1,41,39772,
938226,NHIT-7.9%-25-10-47-INVIT,F,STK,430,430,423,423,423,429,3,73,30907,
938256,MFL-3-11-27-NCD,F,STK,985.5,985.5,985.5,985.5,985.5,986,1,63,62086,
938290,MFL-7.75%-23-12-27-NCD,F,STK,1005,1005,1005,1005,1005,999,1,8,8040,
938316,SCL-9.8%-28-12-27-NCD,F,STK,370.4,370.4,370.4,370.4,370.4,365,1,10,3704,
938330,CCIL-11.50%-11-1-28-NCD,F,STK,1006,1006,1006,1006,1006,1010,1,2,2012,
938364,EFSL-9.67%-20-1-28-NCD,F,STK,995,998.8,995,998.8,998.8,993.67,6,1045,1043533,
938368,"EFSL-Zero Coupon-20-1-28-NCD",F,STK,1322.8,1322.8,1322.8,1322.8,1322.8,1322.8,4,177,234135,
938370,EFSL-10%-20-1-33-NCD,F,STK,981,987.9,979.9,981.01,980,979.32,16,1160,1137737,
938382,IIFL-8.65%-25-1-28-NCD,F,STK,987.99,991.72,987.99,991.7,991.7,989,7,1306,1294962,
938386,"IIFL-ZERO COUPON-24-1-28-NCD",F,STK,1319.95,1320,1319,1320,1320,1270,4,1264,1668430,
938432,MFL-2-4-26-NCD,F,STK,1288,1288,1288,1288,1288,1284.5,1,1,1288,
938434,MFL-7.75%-10-4-26-NCD,F,STK,992.51,992.51,992.51,992.51,992.51,999,1,1,992,
938484,SCL-9.65%-23-3-28-NCD,F,STK,659,659,659,659,659,659,1,253,166727,
938518,EFSL-9.20%-27-4-26-NCD,F,STK,998.5,1000,997.88,997.88,997.88,998,4,450,449214,
938520,EFSL-9.60%-27-4-26-NCD,F,STK,1077,1077,1077,1077,1077,1076.5,1,50,53850,
938524,EFSL-9.67%-27-4-28-NCD,F,STK,999.85,999.85,999.85,999.85,999.85,999.85,2,29,28995,
938570,MFL-9%-2-5-30-NCD,F,STK,990,990,990,990,990,990,1,100,99000,
938618,IML-11.50%-23-7-28-NCD,F,STK,1005,1009.99,1000,1009.99,1009.99,1009.99,5,32,32104,
938632,IFL-8.65%-18-6-28-NCD,F,STK,986.8,986.8,986.7,986.7,986.7,980,4,570,562437,
938634,IIFL-9%-28-6-28-NCD,F,STK,1044.8,1045,1044.8,1045,1045,1033.5,2,256,267500,
938636,IFL-ZC-28-6-28-NCD,F,STK,1242,1242,1200,1210,1210,1211.01,4,102,126577,
938644,NFL-10.50%-18-7-26-NCD,F,STK,1001,1001,1001,1001,1001,1004,1,10,10010,
938656,EFSL-21-7-26-NCD,F,STK,1261,1261,1261,1261,1261,1251.55,1,50,63050,
938658,EFSL-9.67%-21-7-28-NCD,F,STK,995,995,995,995,995,995,1,19,18905,
938660,EFSL-10.10%-21-7-28-NCD,F,STK,1041.8,1041.8,1041.8,1041.8,1041.8,1041.8,1,36,37504,
938662,EFSL-21-7-28-NCD,F,STK,1262.8,1262.8,1262.8,1262.8,1262.8,1241.2,1,40,50512,
938664,EFSL-10%-21-7-33-NCD,F,STK,995,997,994,994,994,987,9,1313,1305574,
938698,PFC-750%-1-8-26-NCD,F,STK,1039.9,1040,1039.9,1039.91,1040,1032.5,4,210,218380,
938772,NHFL-9.60%-15-9-26-NCD,F,STK,1035,1035,1035,1035,1035,1033,1,14,14490,
938788,MFL-8.90%-20-9-26-NCD,F,STK,999.8,999.8,999.8,999.8,999.8,990,9,25,24995,
938874,MFLTD-8%-4-10-26-NCD,F,STK,1025,1025,1025,1025,1025,1025,1,313,320825,
938888,ABCL-9-10-28-NCD,F,STK,1197,1200,1197,1200,1200,1192,2,100,119850,
938904,EFSL-9.67%-26-10-28-NCD,F,STK,996,996,996,996,996,996,1,1000,996000,
938940,CCL-11%-2-11-26-NCD,F,STK,999.95,999.95,999.95,999.95,999.95,999.95,1,240,239988,
939032,ICLFL-12.5%-14-12-28-NCD,F,STK,1060,1060,1060,1060,1060,1060,1,9,9540,
939056,ISFL-10.50%-21-12-28-NCD,F,STK,1047.9,1047.9,990.1,990.1,990.1,1049.9,4,42,43129,
939190,EFSL-9.20%-29-1-27-NCD,F,STK,995,995,995,995,995,995,2,102,101490,
939202,EFSL-10%-29-1-34-NCD,F,STK,996,996,996,996,996,994,1,194,193224,
939206,MFL-8.25%-25-1-27-NCD,F,STK,997.01,1000,997.01,1000,1000,997,2,1020,1017024,
939228,CIFCL-8.6%-31-1-29-NCD,F,STK,1045,1045,1045,1045,1045,1041,1,15,15675,
939242,MFL-9.75%-31-1-29-NCD,F,STK,995,995,995,995,995,1000,1,100,99500,
939260,IML-10.75%-15-2-27-NCD,F,STK,1000,1000,1000,1000,1000,990.1,1,50,50000,
939264,IML-11.50%-15-2-29-NCD,F,STK,1019.95,1019.95,1019.95,1019.95,1019.95,1019.95,4,60,61197,
939309,NHFL-10.26%-1-3-34-NCD,F,STK,826.01,830.01,826.01,830.01,830.01,826.01,3,65,53870,
939311,NHFL-10.75%-1-3-34-NCD,F,STK,922.1,922.1,922.1,922.1,922.1,912.01,1,25,23052,
939337,NFL-11.19%-13-3-27-NCD,F,STK,1022,1022,1022,1022,1022,1000,2,35,35770,
939381,SCL-10.25%-26-3-34-NCD,F,STK,935.2,935.3,935.2,935.3,935.3,950.01,2,20,18704,
939407,EFSL-9.20%-29-4-27-NCD,F,STK,997,997,990,990,990,990,2,107,106000,
939423,EFSL-9.67%-29-4-29-NCD,F,STK,988,988,988,988,988,993.99,1,60,59280,
939451,MFCL-9.25%-30-6-26-NCD,F,STK,1066.2,1077.8,1066,1077.8,1077.8,1070,3,307,327382,
939459,MFCL-30-6-26-NCD,F,STK,1170,1170,1170,1170,1170,1168,1,28,32760,
939569,IIFLSFL-9.60%-21-6-26-NCD,F,STK,1061.5,1061.5,1061.5,1061.5,1061.5,1268.4,1,104,110396,
939591,NHFL-10.50%-3-7-29-NCD,F,STK,1025.2,1025.2,1025.2,1025.2,1025.2,1025.2,1,1,1025,
939595,NHFL-10.26%-3-7-34-NCD,F,STK,998,998,997,997,997,998,3,124,123642,
939623,EFSL-10.04%-26-7-29-NCD,F,STK,1009,1009,1004,1006.5,1004,1009,2,2,2013,
939631,EFSL-10.49%-26-7-34-NCD,F,STK,1015,1015,998,1003,1003,1000,3,240,240265,
939643,SMCGSL-ZC-07-8-26-NCD,F,STK,1157,1157,1157,1157,1157,1151,2,55,63635,
939701,CCIL-13-6-30-NCD,F,STK,1130,1130,1130,1130,1130,1130,1,15,16950,
939715,MML-11.50%-11-9-29-NCD,F,STK,1015,1015,1015,1015,1015,1029.99,2,30,30450,
939719,MML-11-10-30-NCD,F,STK,1100,1117,1100,1117,1117,1080,3,147,162710,
939743,MFCL-9.65%-16-9-30-NCD,F,STK,860,860,860,860,860,1049.5,1,28,24080,
939755,MFCL-16-9-27-NCD,F,STK,1107.2,1123.8,1107.2,1123.8,1123.8,1109,2,150,166910,
939807,ICFL-10.30%-25-9-27-NCD,F,STK,1001,1001,1000,1000,1000,1001,5,49,49030,
939823,NHFL-10.03%-8-10-29-NCD,F,STK,1002.98,1002.98,1002.98,1002.98,1002.98,1002.96,2,50,50149,
939829,NHFL-10.49%-8-10-34-NCD,F,STK,980.01,1010,980.01,1010,1010,1014,3,20,19900,
939833,UCL-10.15%-24-4-26-NCD,F,STK,1007,1007,1007,1007,1007,985.73,1,4,4028,
939845,EFSL-10%-24-10-27-NCD,F,STK,1020,1020,1020,1020,1020,1010,1,20,20400,
939849,EFSL-10.04%-24-10-29-NCD,F,STK,995.01,995.01,990,990.1,990.1,996,11,650,645641,
939853,EFSL-24-10-29-NCD,F,STK,1050,1095,1050,1095,1095,1015,2,20,21450,
939855,EFSL-10.50%-24-10-29-NCD,F,STK,1026.5,1026.5,1026.5,1026.5,1026.5,1021,1,18,18477,
939857,EFSL-10.49%-24-10-34-NCD,F,STK,1017.1,1017.1,1017.1,1017.1,1017.1,1000,2,18,18307,
939859,EFSL-11%-24-10-34-NCD,F,STK,1037.53,1037.53,1037.53,1037.53,1037.53,1037.53,1,57,59139,
939865,MFCL-9.25%-30-10-27-NCD,F,STK,995,995,995,995,995,990,1,150,149250,
939867,MFCL-9.45%-30-10-29-NCD,F,STK,1000,1000,1000,1000,1000,1000,1,7,7000,
939869,MFCL-9.65%-30-10-30-NCD,F,STK,990,1015,990,1015,1015,1004,5,230,232183,
939873,MFCL-9.65%-30-10-27-NCD,F,STK,1005.22,1005.22,1005.2,1005.22,1005.22,995,3,30,30156,
940101,EFSL-9.57%-24-1-28-NCD,F,STK,995,995,995,995,995,985,1,100,99500,
940105,EFSL-24-1-28-NCD,F,STK,1086,1090,1086,1090,1090,1086,2,36,39120,
940115,EFSL-10.49%-24-1-35-NCD,F,STK,1002,1009.7,1002,1009.7,1009.7,1000,2,139,139339,
940117,EFSL-11%-24-1-35-NCD,F,STK,1023.01,1023.01,1023.01,1023.01,1023.01,1024.66,1,9,9207,
940157,MML-27-2-31-NCD,F,STK,1044,1044,1000,1000,1000,1011,7,96,98563,
940159,MFLIV-9%-24-2-27-NCD,F,STK,980.2,991.5,980.2,991.5,991.5,990,3,200,197170,
940167,MFLIV-9.30%-24-8-26-NCD,F,STK,1079,1079,1079,1079,1079,1075,1,94,101426,
940177,MFLIV-24-8-26-NCD,F,STK,1084,1086.2,1084,1086.2,1086.2,1073.2,2,105,113974,
940179,MFLIV-24-2-27-NCD,F,STK,1073.99,1074,1073.99,1074,1074,1073.99,16,1721,1848349,
940231,SFL-9%-4-4-27-NCD,F,STK,970,970,970,970,970,970,2,35,33950,
940235,NHFL-9.58%-3-4-28-NCD,F,STK,973.02,973.02,972.99,973,972.99,972.99,3,115,111894,
940239,NHFL-10%-3-4-28-NCD,F,STK,1063.8,1063.8,1063.8,1063.8,1063.8,1063.8,1,50,53190,
940315,UCL-10.50%-24-10-28-NCD,F,STK,1015,1015,1001,1001,1001,1026.9,2,264,265160,
940317,SMCGSL-10%-24-04-27-NCD,F,STK,1075,1075,1075,1075,1075,1070.2,1,50,53750,
940325,SMCGSL-10.03%-24-04-30-NCD,F,STK,1000,1007.79,996,997.01,997,1007.88,8,228,227331,
940329,EFSL-9.50%-30-04-27-NCD,F,STK,1051.2,1051.2,1051.2,1051.2,1051.2,1062.8,2,60,63072,
940339,EFSL-10.04%-30-04-30-NCD,F,STK,1025,1025,1006.9,1006.9,1006.9,1025,4,55,55940,
940347,EFSL-10.49%-30-04-35-NCD,F,STK,1005,1005,1005,1005,1005,960,1,5,5025,
940361,MML-10.50%-12-5-30-NCD,F,STK,1039.5,1039.5,1039.5,1039.5,1039.5,1039.8,2,30,31185,
940373,ICLFL-16-06-26-NCD,F,STK,1075,1075,1075,1075,1075,1055,1,10,10750,
940395,MFL-9.65%-19-5-28-NCD,F,STK,1037.1,1050.8,1035,1050.8,1050.8,1032.62,5,640,665854,
940415,CCIL-12%-19-6-30-NCD,F,STK,1025,1025,1025,1025,1025,1025,1,1,1025,
940417,CCIL-21-6-26-NCD,F,STK,1040,1040,1040,1040,1040,1040,11,135,140400,
940421,CCIL-19-4-31-NCD,F,STK,940,940,940,940,940,940,3,70,65800,
940423,NHFL-9.25%-02-07-27-NCD,F,STK,1032.2,1032.2,1032.2,1032.2,1032.2,1032.2,2,40,41288,
940425,NHFL-02-07-27-NCD,F,STK,1039.8,1039.8,1039.8,1039.8,1039.8,1037,1,19,19756,
940427,NHFL-9.57%-02-07-28-NCD,F,STK,980,980,980,980,980,972.01,1,3,2940,
940439,NHFL-10.25%-02-07-35-NCD,F,STK,1000,1000,1000,1000,1000,1000,2,110,110000,
940443,MFCL-8.85%-16-7-27-NCD,F,STK,992,992,987,987,987,987,3,15,14830,
940445,MFCL-9.05%-16-7-28-NCD,F,STK,991,991,991,991,991,994,1,5,4955,
940449,MFCL-9.40%-16-7-31-NCD,F,STK,995,995,995,995,995,992.5,2,27,26865,
940453,MFCL-9.45%-16-7-28-NCD,F,STK,1040,1040,1040,1040,1040,1040,1,1,1040,
940473,AEL-9.15%-17-07-28-NCD,F,STK,1055,1056.3,1055,1056.3,1056.3,1056,3,30,31669,
940479,AEL-9.30%-17-07-30-NCD,F,STK,1089.99,1089.99,1089.99,1089.99,1089.99,1063.25,1,96,104639,
940483,KFL-23-1-27-NCD,F,STK,1031,1031,1031,1031,1031,1031,1,10,10310,
940487,KFL-23-7-28-NCD,F,STK,985,985,985,985,985,999.8,8,1002,986970,
940509,EFSL-9.80%-24-7-30-NCD,F,STK,990,995,990,995,995,990,6,1500,1490000,
940523,KAFL-9.5%-1-9-26-NCD,F,STK,975,975,975,975,975,975,1,10,9750,
940529,KAFL-10%-27-7-27-NCD,F,STK,975,975,975,975,975,985,1,5,4875,
940559,SCL-8.65%-01-08-27-NCD,F,STK,994.68,994.68,994.68,994.68,994.68,995,1,300,298404,
940601,IFL-11.02%-20-9-26-NCD,F,STK,1000,1000,985,999.66,999.9,995,13,264,263339,
940609,IFL-20-9-26-NCD,F,STK,1038,1038.8,1038,1038.8,1038.8,1038,5,140,145424,
940635,MML-9%-28-2-27-NCD,F,STK,982,982,982,982,982,982,3,100,98200,
940637,MML-9.25%-29-8-27-NCD,F,STK,976.01,982,976,982,982,976,7,91,88876,
940641,MML-10.25%-29-8-30-NCD,F,STK,1006,1006,1000,1000,1000,1000,2,10,10036,
940655,NHFL-9.80%-10-09-30-NCD,F,STK,990,990,990,990,990,1004.95,10,100,99000,
940657,NHFL-10.25%-10-09-30-NCD,F,STK,1012,1024.5,1012,1024.5,1024.5,1011.5,3,24,24463,
940659,NHFL-10-09-30-NCD,F,STK,1009,1009,1009,1009,1009,999.01,1,3,3027,
940663,NHFL-10.50%-10-09-35-NCD,F,STK,1011.5,1028.8,1011.5,1028.58,1028.8,1011.9,6,69,70625,
940675,EFSL-9.58%-7-10-30-NCD,F,STK,980,980,980,980,980,995,1,200,196000,
940681,EFSL-9.80%-7-10-35-NCD,F,STK,990,990,990,990,990,965.05,2,136,134640,
940683,EFSL-10.25%-7-10-35-NCD,F,STK,990.21,990.21,990.21,990.21,990.21,990.21,1,27,26735,
940691,CGCL-8.9%-13-4-27-NCD,F,STK,1007,1007,1007,1007,1007,1007.05,2,150,151050,
940695,CGCL-9.25%-13-10-28-NCD,F,STK,1008.99,1008.99,1008.99,1008.99,1008.99,1010.99,1,9,9080,
940699,CGCL-9.7%-13-10-35-NCD,F,STK,1000,1000,1000,1000,1000,1000,2,15,15000,
940705,IML-9.75%-30-10-27-NCD,F,STK,983.53,983.53,966.01,981.37,981.99,980,6,61,59742,
940709,IML-10.25%-30-10-28-NCD,F,STK,981.56,999,981.56,997,997,981.56,5,113,112620,
940713,IML-11.25%-30-10-30-NCD,F,STK,1003.99,1003.99,996,998.8,998.8,999,17,382,381476,
940715,IML-30-10-31-NCD,F,STK,999,999,981.1,990,990,981,5,118,116704,
940717,SGSL-9.75%-30-10-27-NCD,F,STK,1007.81,1007.81,1007.81,1007.81,1007.81,1007,1,20,20156,
940725,SGSL-9.8%-30-10-30-NCD,F,STK,999,999,999,999,999,999,1,1,999,
940735,KFL-9.75%-09-05-29-NCD,F,STK,970,985,970,985,985,982,2,6,5850,
940743,KFL-09-11-32-NCD,F,STK,984.69,984.69,984.69,984.69,984.69,984.69,1,10,9846,
940751,CCIL-12%-9-11-30-NCD,F,STK,1000,1000,999,999,999,1000,8,151,150858,
940753,CCIL-11-11-26-NCD,F,STK,960.4,990,960.4,990,990,978.33,2,20,19504,
940757,CCIL-10-9-31-NCD,F,STK,901.27,901.27,901.27,901.27,901.27,901.27,1,10,9012,
940763,ICLFL-11.50%-02-12-28-NCD,F,STK,1010,1010,1010,1010,1010,1020,1,8,8080,
940765,ICLFL-12%-02-12-30-NCD,F,STK,1000,1000,1000,1000,1000,1000,2,170,170000,
940789,EFSL-9.44%-12-12-30-NCD,F,STK,990,990,965,967.92,965,1005,18,222,217517,
940797,EFSL-10.10%-12-12-35-NCD,F,STK,1010,1010,1010,1010,1010,1010,4,44,44440,
940799,KAFL-9.50%-19-1-27-NCD,F,STK,975,978.8,975,978.8,978.8,977.8,5,230,224968,
940801,KAFL-16-4-27-NCD,F,STK,1000,1000,1000,1000,1000,1000,2,10,10000,
940807,KAFL-10.25%-16-12-27-NCD,F,STK,995,995,995,995,995,830.2,1,23,22885,
940819,MML-23-1-27-NCD,F,STK,987,994,987,994,994,984.1,2,36,35714,
940835,MML-19-3-32-NCD,F,STK,1020,1020,1020,1020,1020,1020,2,17,17340,
940837,PCL-12.5%-29-12-28-NCD,F,STK,995,995,995,995,995,995,3,100,99500,
940841,PCL-13%-29-12-30-NCD,F,STK,1000,1006,994.01,1006,1006,994.01,11,266,266768,
940845,AEL-12-1-28-NCD,F,STK,1017,1017,985,985,985,971.19,2,10,10010,
940855,AEL-8.90%-12-1-31-NCD,F,STK,1010.99,1012,1010.21,1010.21,1010.21,1010.38,7,732,740345,
940859,MFL-8.37%-12-2-28-NCD,F,STK,988.96,988.96,960.01,963.04,963.01,969.1,13,336,323828,
940862,MFL-8.65%-12-2-31-NCD,F,STK,968,968,968,968,968,966.05,1,10,9680,
940864,MFL-8.75%-12-2-32-NCD,F,STK,980,989.99,980,989.99,989.99,971,3,30,29599,
940866,MFL-8.7%-12-2-28-NCD,F,STK,952,969,950,958.11,956.21,952,8,104,99324,
940872,MFL-9.1%-12-2-32-NCD,F,STK,966,968.99,955,968,968,969.99,13,191,184263,
940874,MFL-12-2-28-NCD,F,STK,969,969,969,969,969,985,1,10,9690,
940878,MFL-12-2-31-NCD,F,STK,951,951,940,940,940,951,2,25,23665,
940886,KFL-9%-19-2-29-NCD,F,STK,951,997,951,997,997,951,2,2,1948,
940894,KFL-10%-19-2-31-NCD,F,STK,985,985,980.51,980.51,980.51,980.51,3,25,24580,
940896,"Kosamattam Finance Limited",F,STK,921.2,940,921.2,921.2,921.2,940,6,27,25063,
940902,ICLFL-11%-23-02-29--NCD,F,STK,994,994,994,994,994,994,1,1,994,
940904,ICLFL-11.50%-23-02-31-NCD,F,STK,950,988,950,988,988,962.83,7,51,48488,
940906,ICLFL-ZC-23-03-27-NCD,F,STK,970,970,970,970,970,970,3,50,48500,
940915,ICLFL-23-02-32-NCD,F,STK,929,929,929,929,929,900.01,1,5,4645,
940917,NMC-8.05%-05-03-29-MBGB,F,STK,124.87,124.89,124.83,124.83,124.83,0,103,102000,12737220,
940919,NMC-8.05%-05-03-30-MBGB,F,STK,124.85,124.87,124.83,124.83,124.83,0,103,102000,12735400,
940921,NMC-8.05%-05-03-31-MBGB,F,STK,124.85,124.87,124.83,124.83,124.83,0,104,102042,12740642,
940923,NMC-8.05%-05-03-32-MBGB,F,STK,124.85,124.87,124.82,124.82,124.82,0,105,102079,12745251,
940925,NMC-8.05%-05-03-33-MBGB,F,STK,124.81,124.83,124.6,124.6,124.6,0,107,102114,12745546,
940927,NMCL-8.05%-05-03-34-MBGB,F,STK,124.8,124.82,124.79,124.79,124.79,0,105,102102,12743138,
940929,NMC-8.05%-05-03-35-MBGB,F,STK,124.76,124.78,124.76,124.76,124.76,0,102,102000,12726440,
940931,NMC-8.05%-05-03-36-MBGB,F,STK,124.82,124.84,124.6,124.6,124.6,0,106,102126,12748062,
954527,EARCL-NIFTY-J8G602C-17-07-26-P,F,STK,261496,261496,261496,261496,261496,261353,1,5,1307480,
957810,UPPCL-10.15%-20-1-28-PVT,F,STK,1053000,1053800,1053000,1053400,1053800,1045000,2,2,2106800,
961708,IIFCLBDIS4,F,STK,3270,3270,3270,3270,3270,3270,3,95,310650,
961714,PFCBS4,F,STK,16500,16500,16485,16485,16485,16440,5,24,395940,
961728,830NHAI27,F,STK,1059.97,1059.97,1057.01,1057.01,1057.01,1057.7,5,342,361793,
961732,810IRFC2327,F,STK,1053.01,1054,1052.53,1054,1054,1053.8,7,1769,1863272,
961734,HUDCO050327,F,STK,1026.7,1026.7,1026.7,1026.7,1026.7,1026.7,2,52,53388,
961744,812REC27,F,STK,1084.9,1084.9,1081,1082.5,1082.5,1077.61,3,33,35679,
961765,751HUDCO28,F,STK,1038.01,1038.01,1038.01,1038.01,1038.01,1038.01,2,1000,1038010,
961785,876HUDCO28,F,STK,1109,1109,1109,1109,1109,1104,1,100,110900,
961798,875IIFCL33,F,STK,1215,1220.91,1212.1,1220.9,1220.9,1215,14,1560,1896079,
961803,879PFC28,F,STK,1104,1104,1104,1104,1104,1104.22,1,44,48576,
961804,892PFC33,F,STK,1232.85,1232.85,1232.85,1232.85,1232.85,1230.63,1,69,85066,
961813,876HUDCO34,F,STK,1230,1230,1230,1230,1230,1197.1,1,50,61500,
961816,901HUDCO34,F,STK,1240,1240,1237,1237,1237,1241.05,4,4,4954,
961826,NHAI-8.75%-5-2-29-NCD,F,STK,1089,1089,1087,1087.03,1087,1089,16,286,311146,
961835,IREDA-8.55%-13-03-34-BOND,F,STK,1234,1234,1233.3,1233.65,1233.3,1233.3,2,2,2467,
961839,IREDA-8.80%-13-03-29-BOND,F,STK,1094,1094,1094,1094,1094,1100,2,25,27350,
961885,IRFC-8.88%-19-03-2029-BOND,F,STK,1175,1175,1175,1175,1175,1176,1,100,117500,
972655,IFCI-SR-I-10.75%-1-8-26-PVT,F,STK,43625,43639.99,43625,43639.98,43639.99,43600,3,40,1745449,
972706,IFCI-III-8.75%-12-12-26-C-PVT,F,STK,13011,13011,13011,13011,13011,15900,2,4,52044,
973491,PFL-6.75%-26-9-31-PVT,F,STK,775,775,774.2,774.2,774.2,774.1,5,336,260249,
974452,APSBCL-9.62%-29-11-32-PVT,F,STK,1042000,1042000,1042000,1042000,1042000,1059990,1,1,1042000,
974634,EEL-ZC-26-2-27-PVT,F,STK,133342,133342,133342,133342,133342,133200,1,20,2666840,
974635,EEL-ZC-03-4-26-PVT,F,STK,132675,133342,131000,133312.06,133342,133307,54,744,99147554,
974749,MECL-10.55%-3-4-33-PVT,F,STK,109001,112500,109001,112475,112500,111000,4,11,1233751,
974818,SFL-8.75%-4-5-26-PVT,F,STK,102240,102240,102240,102240,102240,127800,1,1,102240,
974998,AFPL-12.40%-24-4-29-PVT,F,STK,104000,104000,104000,104000,104000,102500,4,4,416000,
974999,EFCL-8-4-27-PVT,F,STK,128281.8,128406.1,128000,128000,128000,130500,7,16,2053894,
975032,OPGPL-10.75%-18-8-26-PVT,F,STK,99111,99111,99111,99111,99111,98442,1,3,297333,
975033,MFL-10.05%-18-8-29-PVT,F,STK,99270,99270,99270,99270,99270,100000,1,1,99270,
975057,ESAFSFBL-11.25%-4-5-29-PVT,F,STK,101425,101500,101425,101500,101500,101425,3,3,304425,
975161,SHFL-13.10%-19-4-27-PVT,F,STK,22482.97,22482.97,22482.97,22482.97,22482.97,20001,2,2,44965,
975273,KIIFB-8.95%-22-12-31-PVT,F,STK,100000,100000,100000,100000,100000,98000,1,1,100000,
975375,SML-13.85%-12-7-29-PVT,F,STK,90000,90000,90000,90000,90000,90000,2,5,450000,
975506,UCL-12.50%-15-9-29-PVT,F,STK,103000,103000,103000,103000,103000,105000,1,1,103000,
975520,ESAF-11.10%-20-4-31-PVT,F,STK,100499.99,100499.99,100300,100485.74,100485.74,101700,5,7,703271,
975571,EEL-27-01-27-PVT,F,STK,117000,117000,117000,117000,117000,111905,1,1,117000,
975580,DKGFSPL-14.30%-28-5-29-PVT,F,STK,101000,101000,101000,101000,101000,101000,1,2,202000,
975630,AFL-10.50%-30-4-27-PVT,F,STK,100126.3,100126.3,100126.3,100126.3,100126.3,96000,3,220,22027786,
975739,MCSL-9.90%-12-6-26-PVT,F,STK,98651,98651,98651,98651,98651,119579,1,2,197302,
975790,USFBL-11%-28-6-31-PVT,F,STK,103500,103500,103500,103500,103500,103000,1,2,207000,
975797,"LAXMI INDIA FINANCE LIMITED",F,STK,40000,40000,40000,40000,40000,0,1,1,40000,
975799,MML-10.75%-2-7-26-PVT,F,STK,99600,99600,99600,99600,99600,99298,1,1,99600,
975955,NFL-27-8-27-PVT,F,STK,99850,99850,99151,99200.55,99200.55,99791.02,5,10,994356,
976020,CIPL-ZC-17-3-28-PVT,F,STK,122089,122089,122089,122089,122089,124500,1,21,2563869,
976036,MFL-10.45%-24-12-32-PVT,F,STK,10160,10160,10160,10160,10160,10170,1,100,1016000,
976048,DKGFSPL-11%-27-12-26-PVT,F,STK,4999,5000.65,4999,5000.65,5000.65,4700.7,4,21,105000,
976146,MCSL-9.90%-29-10-26-PVT,F,STK,5015.15,5015.15,4920.85,4985,4985,4925,5,34,169794,
976147,ESPL-10.90%-6-5-26-PVT,F,STK,100330.55,100330.55,100330.55,100330.55,100330.55,99879,1,1,100330,
976305,AFL-9.95%-31-12-26-PVT,F,STK,99790,99790,99790,99790,99790,97902,1,1,99790,
976325,NFL-10.75%-31-12-27-PVT,F,STK,10030,10030,10010,10010,10010,10030.02,8,57,571103,
976423,IML-11%-18-8-26-PVT,F,STK,9990,9990,9990,9990,9990,9980,1,10,99900,
976437,NFL-10.60%-21-5-27-PVT,F,STK,10000,10000,9990,9990,9990,10000,8,30,299866,
976443,VCL-9.86%-16-4-27-PVT,F,STK,10001.01,10001.01,10001.01,10001.01,10001.01,9970,2,6,60006,
976448,ESPL-10.90%-4-2-26-PVT,F,STK,99994.5,99994.5,99955,99955,99955,99994.5,2,2,199949,
976497,RDCCL-11%-12-3-28-PVT,F,STK,97000,97000,97000,97000,97000,99644,1,2,194000,
976519,AFL-10.35%-20-12-27-PVT,F,STK,100000,100000,100000,100000,100000,98000,1,1,100000,
976526,MML-10%-21-3-28-PVT,F,STK,9970,9970,9970,9970,9970,9925,3,8,79760,
976530,MFCL-10.26%-24-12-30-PVT,F,STK,10012.42,10012.42,10012.42,10012.42,10012.42,10012.42,4,14,140173,
976554,KIIFB-9.49%-25-03-34-PVT,F,STK,103650,103650,103650,103650,103650,103650,1,1,103650,
976597,MCFL-12.90%-3-10-27-PVT,F,STK,100352.06,100352.06,100352.06,100352.06,100352.06,99500,1,3,301056,
976618,IML-11%-11-11-26-PVT,F,STK,98212.44,98212.44,98212.44,98212.44,98212.44,98212.44,1,2,196424,
976660,ACAPL-9.85%-30-10-26-PVT,F,STK,9754.47,9754.47,9754.47,9754.47,9754.47,9500,1,1,9754,
976685,MFL-11.25%-9-2-27-PVT,F,STK,9650,9650,9650,9650,9650,9999,1,5,48250,
976712,MFL-10.40%-22-8-33-PVT,F,STK,8200,8200,8200,8200,8200,10150,1,134,1098800,
976751,IML-11.25%-03-02-27-PVT,F,STK,99000,99000,99000,99000,99000,99990.75,1,1,99000,
976757,MBFL-11.30%-5-6-27-PVT,F,STK,9804,9998,9804,9860,9860,9804,14,23,227464,
976808,NFL-10.75%-19-8-28-PVT,F,STK,10065,10065,10005,10039.09,10050,10060,28,228,2292040,
976824,SISL-10.70%-10-06-27-PVT,F,STK,73500,73500,73500,73500,73500,74500,1,1,73500,
976832,VCL-9.65%-5-2-27-PVT,F,STK,9970,10166.66,9970,10068.33,10166.66,10145.01,3,3,30106,
976868,ACAPL-12.5%-27-12-28-PVT,F,STK,95899,95899,95551,95551,95551,95551,4,4,382552,
976870,MML-10%-27-06-28-PVT,F,STK,9800,9800,9800,9800,9800,9700.55,1,5,49000,
976875,KFL-10%-31-12-27-PVT,F,STK,9900,9900,9900,9900,9900,9900,1,2,19800,
976905,ACAPL-9.85%-11-1-27-PVT,F,STK,9962.12,9962.12,9962.12,9962.12,9962.12,9624.71,1,25,249053,
976924,DKGFSPL-11%-18-7-27-PVT,F,STK,9750,9750,9750,9750,9750,9750,2,2,19500,
976940,SCNL-11.50%-24-01-31-PVT,F,STK,98000,98000,98000,98000,98000,98250,5,7,686000,
976943,KFPL-11.20%-03-04-27-PVT,F,STK,6950,6950,6905.31,6905.31,6905.31,6970.45,3,10,69276,
976968,EFCL-30-10-28-PVT,F,STK,97700,97700,97700,97700,97700,102400,1,1,97700,
976970,NBSPL-10.25%-30-01-27-PVT,F,STK,100965.52,100965.52,100965.52,100965.52,100965.52,100936,3,13,1312551,
976985,MCIBPL-ZC-05-08-27-PVT,F,STK,105000,105000,105000,105000,105000,105200,1,1,105000,
977001,KFLD-10.62%-7-2-28-PVT,F,STK,100200,100200,100200,100200,100200,100200,1,1,100200,
977006,KIIFB-9.67%-8-8-29-PVT,F,STK,101500,101800,101500,101800,101800,100001,3,3,304800,
977017,NFL-10.30%-30-09-27-PVT,F,STK,9940,9940,9925,9925,9925,9910,7,49,486470,
977022,KSL-10.65%-12-08-27-PVT,F,STK,99450.01,99450.01,99450.01,99450.01,99450.01,99450.01,1,1,99450,
977038,KFL-10%-30-11-27-PVT,F,STK,9766.75,9800.55,9766.75,9800.55,9800.55,9962,5,21,205135,
977044,KFL-11.10%-19-8-27-PVT,F,STK,9860,9860,9811,9811,9811,9860,3,12,118222,
977068,BRFL-10.95%-29-8-27-PVT,F,STK,10000,10000,10000,10000,10000,9500,1,1,10000,
977073,ESPL-10.70%-6-8-27-PVT,F,STK,99700,99700,99265.01,99410.01,99265.01,99800,2,3,298230,
977075,NBFSPL-10.25%-02-03-27-PVT,F,STK,100085.17,100085.17,100085.17,100085.17,100085.17,101405,5,30,3002555,
977093,MSFL-0%-9-9-27-PVT,F,STK,104800,104990,104800,104990,104990,104000,3,157,16483240,
977117,UCL-11.65%-15-3-31-PVT,F,STK,98212,98212,98000,98000,98000,98212,5,5,490686,
977186,SRFCPL-9.9%-1-11-27-PVT,F,STK,97899.99,97899.99,97899.99,97899.99,97899.99,96700,1,1,97899,
977187,SRFCPL-10.25%-1-4-28-PVT,F,STK,99900,99900,99900,99900,99900,99900,1,1,99900,
977205,ACAPL-12%-13-04-27-PVT,F,STK,9747.54,9900,9747,9895,9895,9747.54,9,67,656771,
977226,LLDL-13.50%-30-01-29-PVT,F,STK,100556,101590.18,100556,100741.01,100741.01,100635.8,5,5,504378,
977241,KRFL-11.40%-24-10-27-PVT,F,STK,9800,9838.99,9735,9820.01,9820.01,9835,4,5,48994,
977249,MML-9.30%-27-1-28-PVT,F,STK,9860,9860,9751.39,9752,9752,9700.01,5,23,224396,
977298,ACAPL-12%-17-11-28-PVT,F,STK,9490,9490,9490,9490,9490,9490,2,6,56940,
977309,ACAPL-12%-21-05-27-PVT,F,STK,9750,9750,9701.25,9749.91,9748.99,9796.5,7,45,437624,
977325,MML-10.75%-27-11-27-PVT,F,STK,97475,97475,97475,97475,97475,97001.33,1,1,97475,
977331,KSL-10.50%-2-12-27-PVT,F,STK,99503.01,99800,99503.01,99750,99750,99600,9,20,1994629,
977367,ACAPL-12%-11-6-27-PVT,F,STK,9810,9851.61,9810,9851.61,9851.61,9810,6,60,589938,
977383,ACAPL-12.50%-17-01-27-PVT,F,STK,8000,8000,8000,8000,8000,8000,1,1,8000,
977419,MML-11.70%-30-06-27-PVT,F,STK,94000,94000,94000,94000,94000,101332.6,1,1,94000,
977424,MCIBPL-ZC-31-12-27-PVT,F,STK,101794,101794,101794,101794,101794,101766,2,350,35627900,
977425,FCPL-11.75%-30-06-28-PVT,F,STK,98500,98500,98500,98500,98500,98500,4,4,394000,
977477,NFL-10.75%-31-12-28-PVT,F,STK,10040,10040,9963,9990.91,9990,9985,11,30,299645,
977495,EFCL-ZC-30-4-29-PVT,F,STK,96000,96000,96000,96000,96000,96000,1,3,288000,
977532,MSAFL-ZC-6-2-28-PVT,F,STK,100769,100780,100769,100780,100780,100741,77,12115,1220816446,
977541,KFL-12%-10-5-28-KFL,F,STK,9856.2,9856.2,9856.2,9856.2,9856.2,9856.1,2,7,68993,
977576,UCIL-13%-24-5-27-PVT,F,STK,9919,9919,9919,9919,9919,9919,2,2,19838,
