SC_CODE,SC_NAME,SC_GROUP,SC_TYPE,OPEN,HIGH,LOW,CLOSE,LAST,PREVCLOSE,NO_TRADES,NO_OF_SHRS,NET_TURNOV,TDCLOINDI
500002,"ABB INDIA LIMITED",A,STK,5751.7,5910,5742.5,5889.15,5891.45,5793,2458,11094,65015838,
500003,"AEGIS LOGISTICS LTD.",A,STK,698,706.15,697.25,703.35,701.75,700.5,988,6779,4760003,
500008,"Amara Raja Energy & Mobility L",A,STK,842.35,844.1,832.75,836.35,836.35,842.35,2673,36379,30438819,
500009,"AMBALAL SARABHAI ENTERPRISES L",X,STK,28.5,29.4,27.3,28,28,28.58,481,84295,2371286,
500012,"ANDHRA PETROCHEMICALS LTD.",X,STK,42.6,43.35,41.99,42.05,42.05,43.55,623,89383,3787288,
500013,"ANSAL PROPERTIES & INFRASTRUCT",Z,STK,3.4,3.4,3.4,3.4,3.4,3.34,2,790,2686,
500014,"UTIQUE ENTERPRISES LIMITED",X,STK,4.63,4.91,4.6,4.61,4.61,4.63,68,16973,79190,
500016,"ARUNA HOTELS LTD.",X,STK,8.48,8.49,8.1,8.2,8.12,8.48,35,930,7693,
500020,"BOMBAY DYEING & MFG.CO.LTD.",A,STK,117.05,117.3,115.35,116.8,116.75,117.05,432,40333,4688675,
500023,"ASIAN HOTELS (NORTH) LIMITED",B,STK,264,304.9,258.05,286.5,299,257.1,552,8714,2441299,
500027,"ATUL LTD.",A,STK,6664.5,6664.5,6533.35,6546.7,6533.4,6617.3,136,323,2120797,
500028,"ATV PROJECTS INDIA LTD.",X,STK,36.8,36.8,34.81,35.1,35.1,36.08,129,11658,414058,
500031,"BAJAJ ELECTRICALS LTD.",A,STK,376.05,381.85,374,378.9,377.55,377.9,247,7050,2657288,
500032,"BAJAJ HINDUSTHAN SUGAR LIMITED",A,STK,16.39,16.6,16.19,16.27,16.31,16.39,684,172291,2816032,
500033,"FORCE MOTORS LTD.",A,STK,23830,24981.45,23587.6,24580.35,24580.35,23832.65,2361,7177,175864942,
500034,"BAJAJ FINANCE LIMITED",A,STK,1024.7,1029.5,1003.15,1012.8,1013,1024.1,4876,132847,135195510,
500038,"BALRAMPUR CHINI MILLS LTD.",A,STK,462,474.65,459,466.9,463,465.3,1317,25428,11931886,
500039,"BANCO PRODUCTS (INDIA) LTD.",A,STK,661.05,661.25,644.3,649.95,649.95,661.8,746,16817,10965279,
500040,"ADITYA BIRLA REAL ESTATE LIMIT",A,STK,1387.5,1409.2,1372.2,1386.55,1386.55,1388.5,647,12813,17966289,
500042,"BASF INDIA LTD.",A,STK,3659.85,3659.85,3607.75,3633.6,3625,3659.85,409,2140,7783932,
500043,"BATA INDIA LTD.",A,STK,853,853,821.55,829,829,854.5,2184,37382,31179580,
500048,"BEML LTD.",A,STK,1724.15,1748.2,1709,1721.25,1721.25,1736.8,1273,17453,30132645,
500049,"BHARAT ELECTRONICS LTD.",A,STK,434.5,438.5,429.3,438.05,438.05,435.4,6788,525048,228041767,
500052,"BHANSALI ENGINEERING POLYMERS",B,STK,84.03,85.08,84.03,84.75,84.67,84.46,152,7671,648359,
500058,"BIHAR SPONGE IRON LTD.",X,STK,15.5,16.2,14.16,15.01,15.23,15.43,302,73112,1104882,
500059,"BIL VYAPAR LIMITED",T,STK,7.15,7.39,7.05,7.36,7.36,7.15,6,176,1262,
500060,"Birla Cable Limited",B,STK,146.3,146.3,135.35,136.25,135.35,142.75,350,3071,422996,
500067,"BLUE STAR LTD.",A,STK,1996.5,2006.95,1958,1974.65,1976.5,1996.5,1255,33140,66146900,
500068,"DISA INDIA LTD.",B,STK,12403,12601,12000,12099.35,12125,12790.05,255,652,8046669,
500069,"QUEST CAPITAL MARKETS LIMITED",X,STK,282,287,277.3,279.1,279.1,274.95,45,1001,282527,
500074,"BPL LTD.",B,STK,56,57.45,56,57.1,57.1,58.18,20,448,25639,
500078,"ORIENTAL AROMATICS LIMITED",B,STK,295.1,295.1,281.75,282.1,282.15,298.8,82,7160,2058079,
500083,"CENTURY EXTRUSIONS LTD.",B,STK,21.75,22.49,21.75,21.78,21.78,22.1,51,2001,43683,
500084,"CESC LTD.",A,STK,150.1,155,150.1,153.75,154.2,150.3,1248,76671,11761421,
500085,"CHAMBAL FERTILISERS & CHEMICAL",A,STK,449.45,454.5,446.05,447.55,446.05,453.45,939,20122,9042159,
500086,"EXIDE INDUSTRIES LTD.",A,STK,337,341.65,332.7,340.95,339.9,336.25,1318,40544,13706507,
500087,"CIPLA LTD.",A,STK,1333.85,1357.9,1329.45,1355.8,1357,1330.85,1528,22930,30871026,
500089,"DIC INDIA LTD.",B,STK,509.95,564,509.95,553.75,545,509.95,156,7628,4202092,
500092,"CRISIL LTD.",A,STK,4435.8,4671.95,4398.55,4592.4,4592.4,4442.3,771,2944,13458254,
500093,"CG Power and Industrial Soluti",A,STK,674.3,690.7,674.3,688.8,688.8,679.85,1788,53217,36543221,
500096,"DABUR INDIA LTD.",A,STK,510.85,515.7,508.05,514.45,514.05,512.4,809,19400,9952044,
500097,"DALMIA BHARAT SUGAR AND INDUST",B,STK,295,296.8,290.9,292.6,292,295.75,119,1810,529805,
500101,"ARVIND LTD.",A,STK,381.95,383.6,373,376.9,377.35,385.15,1344,40596,15372607,
500103,"BHARAT HEAVY ELECTRICALS LTD.",A,STK,256,263.2,253.05,262.5,262.5,255.7,6592,1624091,420368003,
500104,"HINDUSTAN PETROLEUM CORPORATIO",A,STK,448.5,452.45,445,451.9,452.2,450.3,2035,83584,37446196,
500106,"IFCI LTD.",A,STK,62.79,63.27,61.75,62.31,62.31,62.86,3748,1103820,68754815,
500108,"MAHANAGAR TELEPHONE NIGAM LTD.",B,STK,31,31.5,30.95,31.02,31.01,31.4,243,34442,1071946,
500109,"MANGALORE REFINERY & PETROCHEM",A,STK,185.4,187.1,182.4,186,186,185.65,2720,282829,52216627,
500110,"CHENNAI PETROLEUM CORPORATION",A,STK,877.95,891.45,869.65,887.95,885.1,878.5,931,16982,14973863,
500112,"STATE BANK OF INDIA",A,STK,1191.8,1211.85,1185,1207.9,1207.9,1198.8,36781,2066299,2466087042,
500113,"STEEL AUTHORITY OF INDIA LTD.",A,STK,157.8,160.15,157.3,159.55,159.55,159.2,1969,286673,45429057,
500114,"TITAN COMPANY LIMITED",A,STK,4135.9,4196.2,4130,4179,4179,4181.3,3415,21124,88056435,
500116,"IDBI BANK LTD.",A,STK,110.7,112.25,109,111.95,111.95,110.71,3033,646546,71469120,
500117,"DCW LTD.",B,STK,51.77,53.4,51.24,53.05,53.34,51.91,372,49115,2594571,
500119,"DHAMPUR SUGAR MILLS LTD.",B,STK,115.15,120.1,115.15,117.2,117.2,117.7,180,5366,634703,
500120,"DIAMINES & CHEMICALS LTD.",B,STK,241.15,243.55,238.95,243,243,234.05,4,13,3153,
500123,"ELANTAS BECK INDIA LTD.",B,STK,9050,9299,8900,8905.65,8935.1,8998.45,112,657,5935261,
500124,"DR.REDDYS LABORATORIES LTD.",A,STK,1260.05,1274.75,1258.8,1269.3,1267.45,1267.6,1218,13169,16698259,
500125,"E.I.D.-PARRY (INDIA) LTD.",A,STK,902.2,910.5,888.8,899.95,900.8,910.5,925,12140,10914756,
500126,"PROCTER & GAMBLE HEALTH LIMITE",A,STK,4985,5064.5,4957.2,5061.35,5045,4975.55,254,676,3387033,
500128,"ELECTROSTEEL CASTINGS LTD.",A,STK,72,73.65,71.84,72.03,72.36,73.21,382,35235,2554948,
500133,"ESAB INDIA LTD.",A,STK,5490,5490,5430,5439.6,5430,5529.3,10,11,59977,
500135,"EPL LIMITED",A,STK,217.45,217.45,206.65,214,214.75,217.45,508,17438,3682843,
500136,"ESTER INDUSTRIES LTD.",B,STK,95,96.24,94,96,96.24,95.47,117,2073,197328,
500142,"FGP LTD.",X,STK,9.48,9.48,9,9,9,9.25,11,1638,14890,
500143,"PH CAPITAL LTD.",XT,STK,600,601,600,600,600,599.95,26,3594,2156587,
500144,"FINOLEX CABLES LTD.",A,STK,810,820,802,804.55,804.55,810.65,886,11969,9691050,
500147,"JOHN COCKERILL INDIA LIMITED",B,STK,4815,5024,4815,4943.4,4974.95,4891.9,349,2490,12192278,
500148,"UFLEX LTD.",B,STK,465.5,476.8,465.5,469.45,469.45,465.45,18,63,29599,
500150,"FOSECO INDIA LTD.",B,STK,4709.2,4768,4544.2,4627.95,4631.05,4709,53,261,1225373,
500151,"GOLDEN TOBACCO LTD.",Z,STK,29.99,30.25,29.45,29.51,29.51,29.99,9,949,28005,
500153,"GANESH BENZOPLAST LTD.",B,STK,79.98,79.98,77.32,77.69,77.72,79.91,68,5011,388928,
500159,"METROGLOBAL LIMITED",X,STK,122,122,119,120,120,121.95,12,469,56702,
500160,"GTL LTD.",B,STK,7.9,7.9,7.68,7.71,7.71,7.71,122,14223,110650,
500163,"GODFREY PHILLIPS INDIA LTD.",A,STK,2084.7,2088.9,2011,2015.25,2019,2081.8,2784,28717,58272090,
500164,"GODREJ INDUSTRIES LTD.",A,STK,967.05,980.05,956.5,972.35,972.35,969.05,453,4392,4257102,
500165,"KANSAI NEROLAC PAINTS LTD.",A,STK,201.35,207.95,196.85,203.55,203.55,199.95,687,33444,6808640,
500166,"GOODRICKE GROUP LTD.",X,STK,164,164,159.5,159.7,159.7,161.25,69,3423,548858,
500168,"GOODYEAR INDIA LTD.",B,STK,832,841,818,823.35,823.35,836.6,347,10190,8405449,
500170,"GTN INDUSTRIES LTD.",X,STK,20.2,21.6,19.05,21.5,21.5,21.65,13,804,16315,
500171,"GHCL LTD.",A,STK,501,501,492,496.75,497.2,501.9,347,15402,7595003,
500173,"GFL LIMITED",B,STK,48.55,49.33,48.38,48.44,48.44,48.51,27,3491,170685,
500174,"GUJARAT LEASE FINANCING LTD.",B,STK,6.57,6.57,6.36,6.57,6.57,6.26,13,4813,31603,
500178,"HARIG CRANKSHAFTS LTD.",XT,STK,6.81,6.81,6.81,6.81,6.81,6.81,15,79,537,
500179,"HCL INFOSYSTEMS LTD.",B,STK,13.59,14.1,13.02,13.12,13.12,13.21,303,26852,364099,
500180,"HDFC BANK LTD.",A,STK,905.7,929.4,902.25,925.45,925.45,905.65,30236,5217597,4796731254,
500182,"HERO MOTOCORP LTD.",A,STK,5579.65,5626.95,5460,5493.45,5493.45,5579.65,2348,11806,65187618,
500183,"HFCL LIMITED",A,STK,69.79,70.51,68.72,69.02,68.98,69.72,2022,412024,28647418,
500184,"Himadri Speciality Chemical Lt",A,STK,449.55,475.8,446.8,471.15,470,449.95,1603,78921,36341681,
500185,"HINDUSTAN CONSTRUCTION CO.LTD.",A,STK,20.03,20.03,19.28,19.4,19.4,19.82,1995,1027628,20083838,
500186,"HINDUSTAN OIL EXPLORATION CO.L",B,STK,144.75,144.8,129.4,130,130,142,1262,46198,6214596,
500187,"AGI GREENPAC LIMITED",A,STK,609,609.05,597,601.6,601.6,609.45,478,6511,3923812,
500188,"HINDUSTAN ZINC LTD.",A,STK,587.05,596.3,583.2,594,594,593.15,8301,407165,239995495,
500189,"NDL Ventures Limited",B,STK,97.26,98.09,97.26,98,98,102.56,6,124,12137,
500191,"HMT LTD.",Z,STK,42.55,44,42.55,43.77,43.77,43.5,15,1215,52888,
500192,"PRAG BOSIMI SYNTHETICS LTD.",X,STK,1.79,1.86,1.75,1.85,1.85,1.83,21,3888,7048,
500193,"HLV LIMITED",B,STK,9.4,9.4,8.61,8.8,8.7,8.82,78,23931,210504,
500199,"I G PETROCHEMICALS LTD.",B,STK,327.05,347.15,322.85,339.1,339.1,336.05,424,103306,35212295,
500201,"INDIA GLYCOLS LTD.",B,STK,943.85,951.25,932.65,935.45,941.2,954.35,220,1794,1688216,
500202,"INDIA LEASE DEVELOPMENT LTD.",X,STK,8.7,8.7,8.53,8.53,8.53,8.53,2,77,657,
500206,"MARGO FINANCE LIMITED",X,STK,68,72.9,61.9,63.55,61.9,68,30,692,44148,
500207,"INDO RAMA SYNTHETICS (INDIA) L",B,STK,38.2,38.2,36.51,36.79,36.58,38.62,213,9519,352425,
500209,"INFOSYS LTD.",A,STK,1384.85,1384.85,1339,1366.25,1366.25,1369.5,32586,834292,1128203356,
500210,"INGERSOLL-RAND (INDIA) LTD.",A,STK,3700,3939.7,3700,3852.45,3870,3724.4,682,4141,15972951,
500213,"INTERNATIONAL TRAVEL HOUSE LTD",X,STK,334,339.9,330.25,331.9,331.5,333.95,51,4036,1360464,
500214,"ION EXCHANGE (INDIA) LTD.",A,STK,389.35,389.35,375.75,382.45,384.2,387.95,398,7027,2676535,
500215,"SUNDROP BRANDS LIMITED",B,STK,679.9,679.9,650,661.55,661.55,677.95,116,1087,715002,
500219,"JAIN IRRIGATION SYSTEMS LTD.",A,STK,38.4,38.4,36.3,36.62,36.62,37.65,380,66149,2431773,
500220,"JASCH INDUSTRIES LTD.",X,STK,154,159.9,153.55,156.65,159.9,156.25,26,1217,189286,
500227,"JINDAL POLY FILMS LTD.",B,STK,448.95,468.4,439.45,465.05,459.65,456.9,403,4487,2059402,
500228,"JSW STEEL LTD.",A,STK,1228.6,1249.7,1228.1,1247.6,1247.85,1234.2,1504,25560,31659874,
500233,"KAJARIA CERAMICS LTD.",A,STK,924.3,938,917.55,934.95,930,940.85,1992,30665,28442527,
500234,"KAKATIYA CEMENT SUGAR & INDUST",B,STK,116,116,116,116,116,116,1,50,5800,
500235,"KALYANI STEELS LTD.",B,STK,741.4,754.1,737.8,744,742.5,741.3,148,1713,1274623,
500236,"KANEL INDUSTRIES LIMITED",XT,STK,11.57,11.57,11.57,11.57,11.57,11.02,3,332,3841,
500238,"WHIRLPOOL OF INDIA LTD.",A,STK,904.05,904.05,881.7,897.85,894.95,897.2,1036,15190,13525496,
500239,"KG DENIM LTD.",X,STK,16.58,16.58,15.12,15.53,15.53,15.8,50,10136,160861,
500240,"KINETIC ENGINEERING LTD.",X,STK,289.95,289.95,275,276.05,276.05,280.65,175,13060,3644597,
500241,"KIRLOSKAR BROTHERS LTD.",A,STK,1605.95,1621.3,1586.05,1610.4,1600,1606,456,3222,5164339,
500243,"KIRLOSKAR INDUSTRIES LTD",B,STK,3087,3100,3040,3050,3050,3122.2,18,26,79874,
500245,"KIRLOSKAR FERROUS INDUSTRIES L",B,STK,443,445.75,434,436.7,436.7,445.65,670,29105,12755216,
500246,"ENVAIR ELECTRODYNE LTD.",X,STK,57.5,65.99,56,65.99,65.99,61.77,15,788,45238,
500247,"KOTAK MAHINDRA BANK LTD.",A,STK,418.05,426.5,418.05,425.45,425.45,420.9,16857,7269663,3053543285,
500249,"KSB LIMITED",A,STK,701.35,722.15,692.6,707.95,709,710.35,351,2777,1967180,
500250,"L.G.BALAKRISHNAN & BROS.LTD.",B,STK,1920.85,1950.5,1909.95,1915.1,1919.6,1919.85,224,1167,2251584,
500251,"TRENT LTD.",A,STK,4239.95,4296.05,4201.35,4228.95,4218.3,4251.35,3538,21200,90105978,
500252,"LMW Limited",A,STK,15241,15300,14999.9,15238.35,15299,15241,77,115,1742499,
500253,"LIC HOUSING FINANCE LTD.",A,STK,507,512.35,503.3,511.15,511.15,507.8,1408,32956,16734468,
500257,"LUPIN LTD.",A,STK,2210.85,2239.3,2193,2220.5,2216.5,2199.2,3148,25988,57726171,
500259,"LYKA LABS LTD.",B,STK,69.15,69.31,66.75,68,68,68.64,19,353,23776,
500260,"THE RAMCO CEMENTS LIMITED",A,STK,1112.15,1158,1112.15,1148.05,1156.6,1145,410,4090,4650243,
500262,"HYBRID FINANCIAL SERVICES LIMI",B,STK,19.84,20.05,19.43,20.05,20.05,20.05,8,115,2259,
500264,"MAFATLAL INDUSTRIES LTD.",X,STK,134,137.9,134,137,137,135.7,415,37241,5073756,
500265,"MAHARASHTRA SEAMLESS LTD.",A,STK,529.45,534.1,526.85,532.85,533.95,535.8,394,5449,2892945,
500266,"MAHARASHTRA SCOOTERS LTD.",A,STK,13400,13736.95,13400,13687.85,13651.05,13463,60,87,1184999,
500267,"MAJESTIC AUTO LTD.",X,STK,445,464.9,440,460.35,460.35,437.05,3238,169079,75952971,
500268,"MANALI PETROCHEMICAL LTD.",B,STK,57,58.71,57,57.89,57.89,59.22,185,11648,675178,
500270,"BARODA RAYON CORPORATION LTD.",X,STK,115.15,115.15,110.55,111.9,112,116.1,87,735,82504,
500271,"Max Financial Services Limited",A,STK,1846.1,1857.8,1817,1847.75,1848,1826.45,1782,18749,34542040,
500277,"MID INDIA INDUSTRIES LTD.",X,STK,7.01,7.21,7.01,7.19,7.19,6.87,11,534,3811,
500279,"MIRC ELECTRONICS LTD.",B,STK,30.34,30.45,29,29.38,29.68,30.6,601,76813,2269678,
500280,"CENTURY ENKA LTD.",B,STK,449.35,451,447,448.45,451,449.35,63,965,432824,
500282,"MODERN THREADS (INDIA) LTD.",B,STK,45.1,45.1,45.1,45.1,45.1,41.4,1,1,45,
500284,"LORDS CHLORO ALKALI LTD.",B,STK,136.65,137.7,135.05,135.1,135.1,138.2,44,1080,146932,
500285,"SPICEJET LTD.",A,STK,17,17.55,16.89,17.22,17.22,17,30451,15765157,272635311,
500288,"MOREPEN LABORATORIES LTD.",A,STK,38.5,38.58,37.85,37.96,37.96,38.55,569,81585,3111308,
500290,"MRF LTD.",A,STK,151799.95,151799.95,146500,147077.8,146925.35,150089.35,203,247,36660829,
500292,"HEIDELBERGCEMENT INDIA LTD.",B,STK,166.8,166.8,164.95,165.55,165.7,166.7,70,859,142203,
500294,"NCC LIMITED",A,STK,151.8,151.8,148.75,150.1,150.25,151.85,882,99796,14962291,
500295,"VEDANTA LIMITED",A,STK,672.55,681.4,664.6,679.85,679.85,673.1,8236,508560,343035741,
500296,"NAHAR SPINNING MILLS LTD.",B,STK,202,204.4,197,198.5,198.5,204.25,17,300,60088,
500298,"Naperol Investments Limited",X,STK,624.3,631,615.4,625.4,630.8,624.3,51,446,279106,
500300,"GRASIM INDUSTRIES LTD.",A,STK,2851.5,2917.15,2851.5,2911.85,2896,2888.05,822,3932,11381054,
500304,"NIIT LTD.",B,STK,75.37,76.07,73.71,74.52,74.99,75.83,354,27022,2009690,
500306,"Jaykay Enterprises Limited",B,STK,162.8,164.75,154.95,155.3,154.95,160.65,469,23228,3651984,
500307,"NIRLON LTD.",B,STK,516.95,517.9,513.1,515,515,513.85,592,20744,10691147,
500312,"OIL AND NATURAL GAS CORPORATIO",A,STK,267.5,272.2,265.85,271.6,271.6,267.5,10901,845120,228984451,
500313,"OIL COUNTRY TUBULAR LTD.",B,STK,50.99,50.99,48.9,48.9,48.9,49.4,28,313,15488,
500314,"ORIENTAL HOTELS LTD.",B,STK,101.4,102.85,101.1,101.85,101.8,102.3,104,4630,471680,
500317,"OSWAL AGRO MILLS LTD.",B,STK,49.8,50.09,48.71,49.36,49.36,50.72,320,18467,902104,
500319,"INDIAN SUCROSE LTD.",X,STK,77.5,77.5,73.25,74.85,75,74.77,54,4996,376140,
500322,"PANYAM CEMENTS & MINERAL INDUS",X,STK,139,139,123.35,124.35,124.35,136.95,10,156,19678,
500325,"RELIANCE INDUSTRIES LTD.",A,STK,1418.25,1439,1409.2,1436.4,1436.4,1419.9,15458,477800,680219601,
500327,"Pil Italica Lifestyle Limited",B,STK,8.24,8.99,8.24,8.75,8.76,8.84,31,3617,31241,
500330,"RAYMOND LTD.",A,STK,398.3,398.3,389.95,390.65,390.65,399.15,479,11158,4384660,
500331,"PIDILITE INDUSTRIES LTD.",A,STK,1473.9,1493,1464.05,1487.2,1484.3,1478.45,671,4681,6948150,
500333,"PIX TRANSMISSIONS LTD.",B,STK,1512.4,1565.4,1464.4,1481.75,1481.75,1412.2,521,5621,8474925,
500335,"BIRLA CORPORATION LTD.",A,STK,1046.95,1062.1,1033.05,1058.5,1057.1,1050.3,241,3040,3194891,
500336,"SURYA ROSHNI LTD.",A,STK,228.7,229.2,223.95,225.6,225.6,228.7,293,10918,2470017,
500337,"PRIME SECURITIES LTD.",B,STK,290.3,291.4,274.55,290.15,291.3,290.55,32,312,89446,
500338,"PRISM JOHNSON LIMITED.",B,STK,120.3,121.15,119.25,119.8,120,120.3,178,8341,1001355,
500339,"RAIN INDUSTRIES LIMITED",A,STK,150.7,151.8,148.1,150.15,150.15,152.4,903,73240,10973259,
500342,"PRUDENTIAL SUGAR CORPORATION L",B,STK,18.17,18.31,17.45,18.21,18.1,17.41,24,410,7317,
500343,"AMJ LAND HOLDINGS LIMITED",B,STK,39.58,40.5,39.57,39.71,39.71,39.57,53,1705,67774,
500346,"PUNJAB COMMUNICATIONS LTD.",B,STK,56.99,56.99,55.61,56.99,56.99,55.82,14,1111,62401,
500350,"RSWM LTD.",B,STK,160.2,165,160.2,162.3,164.5,164.55,91,1703,276592,
500354,"RAJSHREE SUGARS & CHEMICALS LT",B,STK,28.47,28.74,28.3,28.74,28.74,28.79,9,247,7017,
500355,"RALLIS INDIA LTD.",A,STK,258.55,287.65,258.55,284.9,283.5,264.6,1829,88481,24350717,
500356,"SHREE RAMA NEWSPRINT LTD.",B,STK,30.03,31.32,30,31.22,31.22,30.21,30,1899,58322,
500357,"RAMA PAPER MILLS LTD.",Z,STK,14.31,14.31,14.3,14.3,14.3,15,16,613,8771,
500358,"RAMA PETROCHEMICALS LTD.",XT,STK,14.63,14.63,14.63,14.63,14.63,14.63,6,5925,86682,
500360,"RAPICUT CARBIDES LTD.",XT,STK,152.8,152.8,146.15,146.15,146.15,153.8,87,11055,1622402,
500365,"WELSPUN SPECIALTY SOLUTIONS LI",B,STK,37.2,38.49,37.2,37.52,37.54,37.77,365,66313,2514442,
500367,"RUBFILA INTERNATIONAL LTD.",B,STK,71.28,71.28,68.66,69.4,68.81,72,178,4686,325343,
500368,"Patanjali Foods Limited",A,STK,521.55,526.55,516.3,525.4,525.4,522.3,1669,57768,30178746,
500370,"SALORA INTERNATIONAL LTD.",X,STK,33.56,34,32.01,32.38,32.4,33.5,42,2002,64853,
500371,"SAMTEL INDIA LTD.",XT,STK,12.03,12.03,12.03,12.03,12.03,11.8,1,1,12,
500378,"JINDAL SAW LTD.",A,STK,189.8,189.8,184,185.1,184.9,190.05,761,42170,7861962,
500380,"JK LAKSHMI CEMENT LTD.",A,STK,707.1,710,686.3,705.45,706.15,707.05,536,5211,3638152,
500387,"SHREE CEMENT LTD.",A,STK,26005,26385.15,25907.25,26305.1,26385.15,26131.55,141,242,6336674,
500388,"SHREE KRISHNA PAPER MILLS & IN",XT,STK,112,112,106,111.65,111.65,111.36,12,727,80229,
500389,"SILVERLINE TECHNOLOGIES LTD.",XT,STK,16.15,16.15,16.14,16.15,16.15,15.39,8001,10226233,165145801,
500390,"RELIANCE INFRASTRUCTURE LTD.",T,STK,102.9,102.9,99.1,99.1,99.1,104.3,702,84248,8389571,
500399,"STEELCO GUJARAT LTD.",XT,STK,74.67,74.67,74.67,74.67,74.67,71.12,5,71,5301,
500400,"TATA POWER CO.LTD.",A,STK,371.55,384.2,371,381.95,381.95,374.15,11703,742445,281616037,
500402,"SPML INFRA LIMITED",B,STK,187.1,192.15,184.8,187.85,185.75,186.7,415,20094,3780664,
500403,"SUNDRAM FASTENERS LTD.",A,STK,915.1,920.8,911,915.7,916.4,925.7,265,1860,1704978,
500404,"SUNFLAG IRON & STEEL CO.LTD.",B,STK,245,250,242.6,243.35,243.35,244.9,81,2243,550114,
500405,"SUPREME PETROCHEM LTD.",A,STK,624.3,625.15,615.4,620.6,621.4,624.8,171,2259,1401581,
500407,"SWARAJ ENGINES LTD.",B,STK,3580,3600.3,3545.1,3566.8,3566.8,3593.45,129,831,2969979,
500408,"TATA ELXSI LTD.",A,STK,4833.7,4842.15,4750,4826.4,4826.4,4821.15,2312,10190,48903516,
500410,"ACC LTD.",A,STK,1632.5,1648.85,1621.1,1631.75,1630.25,1637.7,851,8308,13573954,
500411,"THERMAX LTD.",A,STK,3011.7,3012.25,2850.4,2922.75,2915.6,2882.6,574,3270,9456758,
500412,"THIRUMALAI CHEMICALS LTD.",B,STK,197.05,205.2,193.45,198.8,199.45,207.85,407,8790,1759314,
500413,"THOMAS COOK (INDIA) LTD.",A,STK,115.6,115.6,111,111.8,111.8,113.2,252,12695,1432697,
500414,"TIMEX GROUP INDIA LTD.",B,STK,306,306,297.6,299.8,299.8,306,1756,133766,40252013,
500418,"TOKYO PLAST INTERNATIONAL LTD.",B,STK,103.35,103.35,88,97.95,97.8,110,10,138,13626,
500420,"TORRENT PHARMACEUTICALS LTD.",A,STK,4154.95,4322.8,4130,4260.45,4254.95,4074.05,5378,68325,292265921,
500421,"TPI INDIA LTD.",X,STK,19.48,20.5,19,19.16,19.15,19.05,42,6512,126220,
500422,"TRANSCHEM LTD.",XT,STK,137.6,146.8,136.85,136.85,136.85,144.05,72,10843,1491499,
500425,"AMBUJA CEMENTS LTD.",A,STK,522.55,526.25,513.15,525.05,524.2,519.3,1266,1001246,517639518,
500426,"UTL INDUSTRIES LIMITED",XT,STK,1.88,1.92,1.76,1.9,1.9,1.84,107,30037,55856,
500429,"UNIPHOS ENTERPRISES LTD.",B,STK,114,115.5,114,114,114,115.5,30,129,14760,
500439,"VARDHMAN HOLDINGS LTD.",B,STK,3266.05,3266.05,3266.05,3266.05,3266.05,3320.65,4,6,19596,
500440,"HINDALCO INDUSTRIES LTD.",A,STK,897.7,910.15,889.4,907.2,907.2,908.65,4214,103965,93880897,
500444,"West Coast Paper Mills Limited",B,STK,426.65,428.45,420.95,424.05,427.1,430,70,477,203316,
500449,"HINDUSTAN ORGANIC CHEMICALS LT",B,STK,30.25,31.5,30.25,30.64,30.68,30.72,217,16615,512649,
500450,"MPIL CORPORATION LTD.",X,STK,358.2,378,358.2,378,378,360,2,17,6129,
500456,"PASUPATI ACRYLON LTD.",B,STK,53,53,50.5,51.6,51.6,53.81,382,37351,1944164,
500458,"TEAM24 CONSUMER PRODUCTS LIMIT",X,STK,26.3,26.9,25,25.47,25.01,26.24,78,40870,1047061,
500459,"PROCTER & GAMBLE HYGIENE & HEA",A,STK,11651.5,11651.5,11312.35,11557.7,11525,11709.2,186,377,4348294,
500460,"MUKAND LTD.",B,STK,129.7,133.15,129.45,131.75,132.05,132.3,93,8963,1171275,
500463,"BLACK BOX LIMITED",A,STK,542,544.8,522.05,529.55,529,544.8,1097,33179,17625122,
500464,"UCAL LIMITED",B,STK,110.65,110.65,108.1,109.1,109.95,110.9,8,258,28163,
500467,"HARRISONS MALAYALAM LTD.",B,STK,174.8,186.1,171.95,181.95,181.15,174.8,154,3684,663803,
500469,"FEDERAL BANK LTD.",A,STK,287.45,289.7,285.5,288.9,288.9,288.35,4150,679055,196030393,
500470,"TATA STEEL LTD.",A,STK,199.4,206,199.4,205.75,205.75,203.2,17814,1501332,306389900,
500472,"SKF INDIA LTD.",A,STK,1684.35,1698,1680.6,1696.15,1698,1703,155,857,1448095,
500477,"ASHOK LEYLAND LTD.",A,STK,204.75,206.75,203,205.85,205.85,204.7,7352,575418,117972032,
500480,"CUMMINS INDIA LTD.",A,STK,4374.3,4539.9,4374.3,4520.65,4528.1,4405.7,2013,9415,42351154,
500483,"TATA COMMUNICATIONS LTD.",A,STK,1636.6,1642.75,1616,1622.75,1622.75,1655.2,458,3501,5704015,
500488,"ABBOTT INDIA LTD.",A,STK,26460.05,26650,26250,26323.15,26350,26469.95,259,435,11501968,
500490,"BAJAJ HOLDINGS & INVESTMENT LT",A,STK,10851.05,11238.65,10851.05,11131.7,11111,10881.1,728,2239,24853055,
500493,"BHARAT FORGE LTD.",A,STK,1748.7,1771.1,1717.1,1723.95,1723.95,1739.3,9804,122019,211982396,
500495,"Escorts Kubota Limited",A,STK,3578.9,3582.8,3507.5,3522.1,3522.1,3587.65,640,3048,10810774,
500500,"HINDUSTAN MOTORS LTD.",B,STK,16.4,17.05,16.4,16.43,16.43,16.79,1507,260476,4323917,
500510,"LARSEN & TOUBRO LTD.",A,STK,4164,4205,4138,4202.1,4202.1,4172.9,3103,275564,1147998820,
500520,"MAHINDRA & MAHINDRA LTD.",A,STK,3519.3,3543.35,3469.2,3509.4,3509.4,3533.8,8920,108723,380960768,
500530,"BOSCH LTD.",A,STK,35559.95,35814.8,35264,35491.2,35504,35715,376,1141,40408954,
500540,"PREMIER LTD.",T,STK,3.16,3.16,3,3,3,3.15,20,10177,30543,
500547,"BHARAT PETROLEUM CORPORATION L",A,STK,374.05,375,368.95,374.35,374.45,374.4,3434,131776,48924937,
500550,"SIEMENS LTD.",A,STK,3100.3,3225,3082.6,3217.45,3217.45,3118.35,2502,16935,53642112,
500570,"TATA MOTORS PASSENGER VEHICLES",A,STK,377.2,379.65,375.1,377.1,377.1,380.6,12720,732832,276259083,
500575,"VOLTAS LTD.",A,STK,1525.4,1539.65,1518.6,1531.95,1532,1525.2,1201,14660,22426505,
500620,"GREAT EASTERN SHIPPING CO.LTD.",A,STK,1290.1,1342.4,1288.1,1310.1,1305,1300.55,1721,27431,36318575,
500645,"DEEPAK FERTILISERS & PETROCHEM",A,STK,1026.35,1035.8,1017,1023.55,1023.55,1030.85,912,11766,12064150,
500650,"EXCEL INDUSTRIES LTD.",B,STK,938.95,938.95,927.35,932.75,927.35,950.05,19,39,36350,
500655,"GARWARE HI-TECH FILMS LIMITED",A,STK,4224.3,4390,4224.3,4280.3,4272.6,4249.3,892,5217,22521319,
500660,"GLAXOSMITHKLINE PHARMACEUTICAL",A,STK,2573.45,2637.85,2573.45,2598.4,2594.65,2593.9,557,4556,11939808,
500670,"GUJARAT NARMADA VALLEY FERTILI",A,STK,466.7,466.7,456.9,460.2,460.2,466.7,427,9481,4355291,
500672,"NOVARTIS INDIA LTD.",B,STK,795,847,795,825.15,824,792.2,2071,147863,122616280,
500674,"SANOFI INDIA LTD",A,STK,4031.6,4033.95,3965.55,3995.2,3995,4043.25,189,928,3709110,
500680,"PFIZER LTD.",A,STK,5050.5,5078.85,4992.7,5009.95,4992.7,5034.45,211,785,3940432,
500690,"GUJARAT STATE FERTILIZERS & CH",A,STK,173.1,175.8,172.4,174.2,173.8,174.1,459,48800,8510241,
500696,"HINDUSTAN UNILEVER LTD.",A,STK,2305.45,2327,2288.2,2318.85,2318.85,2305.2,5059,487307,1124166243,
500710,"AKZO NOBEL INDIA LIMITED",A,STK,2926,3027.8,2922.05,3021.1,3020.7,2950.5,168,863,2590894,
500730,"NOCIL LTD.",B,STK,150.7,150.7,145.35,146.25,146.1,151.35,310,12541,1835778,
500770,"TATA CHEMICALS LTD.",A,STK,690,695.3,684.05,691.2,695.3,695.3,2688,40223,27700258,
500777,"TAMILNADU PETROPRODUCTS LTD.",B,STK,94.25,95.59,93.18,95.2,94.86,94.65,119,6200,582112,
500780,"Zuari Industries Limited",B,STK,268.4,268.4,255.05,259.8,259.1,274.3,229,9282,2426410,
500790,"NESTLE INDIA LTD.",A,STK,1279.95,1295,1275.95,1289.75,1290.15,1282.55,682,5210,6697958,
500800,"TATA CONSUMER PRODUCTS LIMITED",A,STK,1125.6,1141.5,1116.7,1138.4,1136.6,1136.1,1728,47912,54250475,
500820,"ASIAN PAINTS LTD.",A,STK,2363.8,2405,2357.55,2396.75,2396.6,2364.2,1957,17227,41026716,
500825,"BRITANNIA INDUSTRIES LTD.",A,STK,5986,6133.4,5968.5,6108.25,6112.1,5979.65,1553,7973,48416591,
500830,"COLGATE-PALMOLIVE (INDIA) LTD.",A,STK,2119,2127,2101.25,2117.9,2117.9,2122.65,1075,7117,15056518,
500840,"EIH LTD.",A,STK,330.1,331.9,327.2,330.2,331.5,330,390,8082,2661952,
500850,"INDIAN HOTELS CO.LTD.",A,STK,696.2,702.9,685.4,690.8,691.2,700.25,3245,99689,69229449,
500870,"CASTROL INDIA LTD.",A,STK,185.45,186.85,185.2,186.35,186.35,185.2,1302,81495,15166156,
500875,"ITC LTD.",A,STK,313.35,318.35,313.3,317.95,317.95,313.6,14002,2063904,651075904,
500877,"APOLLO TYRES LTD.",A,STK,489.5,491.8,477,479.35,479.35,489.5,2472,36004,17360637,
500878,"CEAT LTD.",A,STK,3962,3962,3838.65,3860.55,3860.55,3961.55,611,13554,52401507,
500890,"MODI RUBBER LTD.",B,STK,125.95,125.95,122.1,123.55,123.1,127.55,62,1864,232226,
500940,"FINOLEX INDUSTRIES LTD.",A,STK,186.3,191,185.15,188.85,188.8,189.3,920,39652,7457261,
501148,"DALAL STREET INVESTMENTS LTD.",XT,STK,373.5,373.5,373.5,373.5,373.5,373.5,2,32,11952,
501150,"CENTRUM CAPITAL LTD.",B,STK,25.74,25.91,24.93,24.93,24.93,26,24,2731,69201,
501151,"KARTIK INVESTMENTS TRUST LTD.",XT,STK,1256.05,1256.05,1256.05,1256.05,1256.05,1256.05,2,50,62802,
501242,"TCI FINANCE LTD.",T,STK,14.69,15,14.06,14.81,14.81,14.57,53,13598,195250,
501295,"INDUSTRIAL INVESTMENT TRUST LT",B,STK,123,123,123,123,123,125.1,4,1012,124476,
501298,"INDUSTRIAL & PRUDENTIAL INVEST",B,STK,5290,5290,5260,5289,5289,5290,5,5,26419,
501301,"TATA INVESTMENT CORPORATION LT",A,STK,621.75,637.05,621.75,630.25,630.25,629.75,1004,20694,13045549,
501311,"JAYABHARAT CREDIT LTD.",X,STK,19.4,19.4,17.56,19.4,19.4,18.48,19,1809,35070,
501314,"PRISMX GLOBAL VENTURES LIMITED",X,STK,0.66,0.7,0.66,0.67,0.69,0.68,153,82462,56297,
501351,"RAPID INVESTMENTS LTD.",X,STK,78.89,78.89,78,78.81,78.89,80.5,4,7,550,
501370,"WALCHAND PEOPLEFIRST LTD.",X,STK,119,119,116.05,116.05,116.05,115.95,2,105,12200,
501386,"E and E ENTERPRISES LIMITED",XT,STK,16.6,16.6,16.6,16.6,16.6,15.81,4,4394,72940,
501391,"W.H.BRADY & CO.LTD.",X,STK,519.8,549,508.35,527.1,537.7,515,19,134,70918,
501421,"TechNVision Ventures Limited",XT,STK,6000,6420,6000,6349,6300,6114.3,49,615,3876634,
501423,"SHAILY ENGINEERING PLASTICS LT",A,STK,2011,2041.85,1977.95,2023.45,2018.2,2004.2,1070,13016,26249571,
501425,"The Bombay Burmah Trading Corp",A,STK,1789,1807.75,1784.85,1800.9,1797.8,1791.95,317,1971,3547736,
501430,"BOMBAY CYCLE & MOTOR AGENCY LT",X,STK,1725.1,1766,1725.1,1763.4,1759.9,1799.8,7,188,331332,
501455,"GREAVES COTTON LTD.",A,STK,162.65,164.05,159.7,160.85,161.5,162.65,488,23666,3818888,
501700,"INDIANIVESH LTD.",XT,STK,8.75,8.75,8.4,8.4,8.4,8.84,39,18823,161253,
501831,"COASTAL CORPORATION LTD.",T,STK,52.8,54,51.5,52.76,53.24,53.63,91,20856,1098585,
501833,"CHOWGULE STEAMSHIPS LTD.",X,STK,19.99,20.45,19.86,19.99,20.27,19.86,15,376,7608,
501848,"GLOBAL OFFSHORE SERVICES LTD.",X,STK,55.99,55.99,54.5,55.25,55.25,54.74,63,64835,3550801,
501945,"DHENU BUILDCON INFRA LTD.",Z,STK,7.59,7.59,7.59,7.59,7.59,7.74,22,2531,19210,
502015,"ASI INDUSTRIES LIMITED",X,STK,27.8,28.49,27.06,27.39,27.85,27.81,94,9278,255518,
502090,"SAGAR CEMENTS LTD.",B,STK,192.65,198.5,192.6,197.15,198.5,195.8,120,3196,626866,
502137,"DECCAN CEMENTS LTD.",B,STK,695.05,708.35,692.8,700.15,700.15,694.6,11,152,106311,
502157,"MANGALAM CEMENT LTD.",B,STK,776.05,825,770.75,816.3,820.1,777.15,301,7785,6210482,
502168,"NCL INDUSTRIES LTD.",B,STK,196.35,196.35,185.8,188.7,189,195.1,182,11024,2078208,
502175,"SAURASHTRA CEMENT LTD.",B,STK,63.11,67.35,63.11,66.1,66.1,66.78,59,3695,240054,
502180,"SHREE DIGVIJAY CEMENT CO.LTD.",B,STK,70.46,70.46,68.62,70.09,70.46,69.1,109,3833,266396,
502219,"BOROSIL RENEWABLES LIMITED",A,STK,490.55,493.95,489.2,490.55,490.55,494.6,436,10319,5072200,
502250,"LERTHAI FINANCE LIMITED",XT,STK,639.4,639.4,607.9,607.9,607.9,609,2,2,1247,
502271,"RAASI REFRACTORIES LTD.",XT,STK,21.45,21.45,20.5,20.5,20.5,21.45,8,175,3706,
502281,"TRIVENI GLASS LTD.",X,STK,8.08,8.2,7.7,8.04,8.04,8.01,57,3538,28025,
502294,"NILACHAL REFRACTORIES LTD.",X,STK,36.54,37.89,36.54,36.62,36.62,39.73,89,5069,187304,
502330,"ANDHRA PAPER LIMITED",B,STK,69,69.25,67.53,68,67.53,68.58,137,6369,434285,
502355,"BALKRISHNA INDUSTRIES LTD.",A,STK,2624.3,2624.3,2550,2573.85,2573.85,2613.15,2191,5351,13753081,
502420,"ORIENT PAPER & INDUSTRIES LTD.",B,STK,19.99,19.99,19.43,19.72,19.72,20.09,59,96613,1904475,
502445,"CITADEL REALTY AND DEVELOPERS",X,STK,37.85,38.55,37,38.2,38.2,37.85,20,1734,65177,
502448,"ROLLATAINERS LTD.",T,STK,1.23,1.27,1.23,1.23,1.23,1.25,33,11586,14405,
502450,"SESHASAYEE PAPER & BOARDS LTD.",B,STK,273.45,273.45,260.1,268,260.1,267.2,115,1961,521473,
502587,"NATH INDUSTRIES LIMITED",X,STK,58.7,58.7,57,57.5,57.5,58.7,43,2549,147103,
502820,"DCM LTD.",B,STK,82,85.23,82,84.5,84.8,84.39,10,108,9194,
502865,"FORBES & COMPANY LTD.",X,STK,375.9,379.8,363.75,368,368,360.95,71,896,336141,
502873,"H.P.COTTON TEXTILE MILLS LTD.",X,STK,108,112.9,107.9,110.4,111.5,108,23,4722,519043,
502893,"UNITED INTERACTIVE LTD.",X,STK,74,74,74,74,74,74,3,16,1184,
502901,"JAMSHRI REALTY LIMITED",X,STK,78.1,79.98,76.01,77.4,77.72,78.09,49,4253,331713,
502933,"KATARE SPINNING MILLS LTD.",X,STK,110.95,110.95,107.95,107.95,107.95,104.9,8,16,1748,
502937,"KESORAM INDUSTRIES LTD.",T,STK,10.2,10.5,9.67,9.74,9.74,10.06,273,147529,1453386,
502958,"LAKSHMI MILLS COMPANY LTD.",X,STK,7401,7680,7401,7473,7450,7600,13,23,173727,
502986,"VARDHMAN TEXTILES LTD.",A,STK,512.65,512.65,501.85,508.2,507.65,510.2,720,14380,7288341,
503031,"PENINSULA LAND LTD.",B,STK,20.55,20.7,19.87,19.97,19.87,20.81,197,47109,949626,
503092,"PASUPATI SPG.& WVG.MILLS LTD.",X,STK,33.44,33.44,29.5,31.54,30.91,30.97,8,19,598,
503100,"THE PHOENIX MILLS LTD",A,STK,1734.75,1776.95,1726.9,1773.9,1770.2,1735.4,345,2257,3958130,
503101,"MARATHON NEXTGEN REALTY LTD.",B,STK,481.45,486.35,471.9,478,472.15,486.7,166,2283,1089185,
503162,"RELIANCE CHEMOTEX INDUSTRIES L",B,STK,127.9,134.9,127.9,132.3,130.05,130.5,26,542,70125,
503169,"RUBY MILLS LTD.",B,STK,204.1,207.5,203.25,207.5,207.5,204.05,9,402,82800,
503229,"SIMPLEX REALTY LTD.",X,STK,161.3,161.3,161.3,161.3,161.3,169.7,1,2,322,
503310,"Swan Corp Limited",A,STK,408,410,404.15,405.9,405.9,409.1,784,34256,13958622,
503349,"VICTORIA MILLS LTD.",X,STK,6600,6700,6501.1,6600,6600,6602.1,15,19,126837,
503624,"SVARAJ TRADING & AGENCIES LTD.",X,STK,7.64,7.78,7,7.45,7.45,7.36,35,9878,72092,
503635,"SHREE SALASAR INVESTMENT LTD.",XT,STK,211.85,211.85,211.85,211.85,211.85,201.8,1,1,211,
503641,"ZODIAC VENTURES LIMITED",X,STK,1.62,1.64,1.57,1.59,1.59,1.62,219,147124,234918,
503657,"VEER ENERGY & INFRASTRUCTURE L",X,STK,13.06,13.45,12.9,13.01,13.2,13.06,76,8404,109825,
503663,"Tilak Ventures Limited",X,STK,0.98,0.98,0.95,0.96,0.96,0.97,709,1133886,1090896,
503675,"WAGEND INFRA VENTURE LIMITED",X,STK,1.1,1.13,1.01,1.13,1.13,1.1,17,4233,4622,
503681,"ELCID INVESTMENTS LTD.",B,STK,112720,112720,111200.1,112484,112499,112800,8,8,896472,
503685,"MEDIAONE GLOBAL ENTERTAINMENT",Z,STK,21.6,21.6,19.78,19.86,19.98,20.81,38,4538,91315,
503722,"BANSWARA SYNTEX LTD.",B,STK,117.15,121,117.15,119.15,120.1,121.85,37,433,51689,
503772,"MODELLA WOOLLENS LTD.",X,STK,65.4,65.4,65.4,65.4,65.4,65.4,1,5,327,
503776,"MODIPON LTD.",X,STK,32.35,32.35,32.35,32.35,32.35,32.34,1,50,1617,
503804,"SHRI DINESH MILLS LTD.",X,STK,234.05,238,224,227.6,227.45,234.9,31,227,52113,
503806,"SRF LTD.",A,STK,2801.15,2850,2801.15,2848.4,2844.85,2833.15,799,2764,7829874,
503811,"SIYARAM SILK MILLS LTD.",B,STK,561,567.55,555.05,559.2,559.7,569.95,111,1182,665013,
503816,"SWADESHI POLYTEX LTD.",X,STK,37.5,39.76,37.5,39.6,39.59,38.8,73,2781,108937,
503837,"SHREE RAJASTHAN SYNTEX LTD.",XT,STK,11.22,11.22,11.13,11.13,11.13,11,8,169,1890,
503960,"BHARAT BIJLEE LTD.",A,STK,2515.55,2515.55,2453,2456.75,2456.75,2516.25,289,1446,3588895,
504000,"ELPRO INTERNATIONAL LTD.",B,STK,82.85,86.1,82.85,84.21,84.21,83.07,379,67309,5710327,
504028,"GEE LTD.",X,STK,74.52,74.52,71.34,71.76,71.75,72.4,19,709,51263,
504036,"HIND RECTIFIERS LTD.",B,STK,1347.05,1347.05,1267.2,1286.45,1286.45,1356.7,646,3522,4552965,
504058,"INDO-NATIONAL LTD.",B,STK,346.95,360,346.95,347.3,347.1,345.7,33,48,16769,
504067,"ZENSAR TECHNOLOGIES LTD.",A,STK,589.35,590.6,568.45,576.05,577,587.95,1268,34232,19772385,
504076,"JYOTI LTD.",X,STK,75,75,70.05,70.62,70.62,74.32,360,41160,2945216,
504080,"JSL INDUSTRIES LTD.",X,STK,1029,1030,1000,1029.95,1030,1030,5,15,15415,
504084,"KAYCEE INDUSTRIES LTD.",X,STK,985,1000,955,962.3,971.95,971.55,155,909,888438,
504092,"INDOKEM LTD.",XT,STK,703.95,717,670,678.5,680,684.65,213,6349,4422625,
504093,"PANASONIC ENERGY INDIA COMPANY",X,STK,305,316.95,305,306.75,314.8,314.9,71,2012,621022,
504112,"NELCO LTD.",B,STK,637.85,637.85,628,631.6,631.6,637.85,222,4293,2719595,
504132,"PERMANENT MAGNETS LTD.",X,STK,847.7,870,818.5,846.25,848,843.5,179,3550,3007744,
504176,"HIGH ENERGY BATTERIES (INDIA)",X,STK,545,594.7,535.3,562.3,562.3,545.7,364,11034,6041409,
504180,"STANDARD BATTERIES LTD.",X,STK,47.8,51,47.8,49.35,49.34,50.97,47,931,46016,
504212,"UNIVERSAL CABLES LTD.",B,STK,660.75,703.75,660.75,685.6,681.5,688.9,242,2144,1472594,
504220,"W.S.INDUSTRIES (INDIA) LTD.",B,STK,74.18,74.18,72.04,73.19,73.19,75.12,22,637,46322,
504240,"DELTON CABLES LTD.",X,STK,559.9,559.9,518.3,522.5,522.5,549,238,3737,1966563,
504258,"LAKSHMI ELECTRICAL CONTROL SYS",X,STK,775,775,735,754.5,753,768.55,92,1342,1010566,
504273,"MODULEX CONSTRUCTION TECHNOLOG",Z,STK,19.1,20.5,19.1,19.68,20.5,19.75,44,37169,741464,
504286,"DELTA MANUFACTURING LIMITED",B,STK,61.49,64.49,60,62.49,62.49,62.7,28,12318,762940,
504340,"Longspur International Venture",X,STK,7.72,7.72,7.42,7.42,7.42,7.57,18,7777,57710,
504341,"RAVINDRA ENERGY LIMITED",B,STK,149.35,152.25,146.95,150.9,149.55,150.25,66,2574,386166,
504346,"RRP SEMICONDUCTOR LIMITED",X,STK,10135.65,10135.65,10135.65,10135.65,10135.65,10238,5,6,60813,
504351,"EMPOWER INDIA LTD.",X,STK,1.42,1.47,1.4,1.43,1.43,1.42,1066,1021908,1457466,
504356,"MULTIPURPOSE TRADING & AGENCIE",XT,STK,7.74,7.96,7.74,7.96,7.96,7.59,4,104,827,
504369,"GRANDMA TRADING & AGENCIES LTD",X,STK,0.49,0.49,0.49,0.49,0.49,0.49,7,731,358,
504378,"NYSSA CORPORATION LIMITED",XT,STK,2.45,2.45,2.39,2.42,2.42,2.39,74,32775,79058,
504380,"FLOMIC GLOBAL LOGISTICS LIMITE",X,STK,49,51.44,48.1,48.71,50.6,49,22,336,16544,
504392,"KRISHNA VENTURES LIMITED",XT,STK,23.64,25.88,23.64,24.11,24.11,24.88,28,10258,244860,
504397,"GANESH HOLDINGS LTD.",XT,STK,79,81,77.35,77.9,77.35,81.2,10,13,1029,
504605,"UNI ABEX ALLOY PRODUCTS LTD.",X,STK,3049,3087,3000,3069.5,3087,3012.25,115,900,2751348,
504614,"SARDA ENERGY & MINERALS LTD.",A,STK,502.05,506,493.25,504.35,503.55,502.75,732,31837,15809296,
504646,"BHAGWATI AUTOCAST LTD.",X,STK,600,600,564.5,565,565,591.65,46,934,539028,
504648,"BOMBAY WIRE ROPES LTD.",X,STK,48.72,48.72,45,47.97,47.97,46.02,12,358,16345,
504697,"GALADA POWER & TELECOMMUNICATI",XT,STK,5.18,5.18,5.18,5.18,5.18,5.08,1,3,15,
504731,"AZAD INDIA MOBILITY LIMITED",X,STK,97.5,97.5,97.46,97.46,97.46,102.58,55,5899,574932,
504741,"INDIAN HUME PIPE CO.LTD.",B,STK,368,368,360,365.4,365.8,367.55,157,2979,1075847,
504746,"INDIAN LINK CHAIN MANUFACTURES",XT,STK,1617,1617,1617,1617,1617,1650,3,14,22638,
504786,"INVESTMENT & PRECISION CASTING",X,STK,565,575,535,544.25,549.95,543.8,165,5619,3106261,
504810,"INFORMED TECHNOLOGIES INDIA LT",X,STK,85.5,85.5,79.25,79.54,79.25,79.5,22,1058,87442,
504840,"KAIRA CAN CO.LTD.",X,STK,1464.6,1464.95,1464.6,1464.95,1464.95,1465,2,2,2929,
504879,"ORIENT CERATECH LIMITED",B,STK,41.8,42.35,41.49,41.74,41.49,41.2,52,793,33298,
504882,"NATIONAL STANDARD (INDIA) LTD.",B,STK,1431,1475,1431,1440,1438.65,1471.85,22,68,98265,
504903,"RATHI STEEL & POWER LTD.",X,STK,23.75,23.75,21.99,22.03,22.14,22.97,384,133368,2984281,
504908,"Duncan Engineering Limited",X,STK,460.25,460.25,454.85,454.85,454.85,435.45,5,12,5493,
504918,"SANDUR MANGANESE & IRON ORES L",B,STK,201.65,207.3,201.65,206.85,206.7,207.1,1130,61035,12527903,
504959,"STOVEC INDUSTRIES LTD.",X,STK,1855.5,1937.9,1855.5,1909.75,1909.75,1909.95,36,92,175642,
504973,"CHOLAMANDALAM FINANCIAL HOLDIN",A,STK,1710.55,1741.95,1684.65,1737.65,1737.8,1710.6,480,3811,6534242,
504988,"WELCAST STEELS LTD.",X,STK,717.4,725,700.5,700.5,700.5,717.4,6,91,65224,
505010,"AUTOMOTIVE AXLES LTD.",B,STK,2007.7,2045.05,1962.5,2030.2,2015.95,2007.6,214,1192,2393618,
505029,"ATLAS CYCLES (HARYANA) LTD.",B,STK,94.2,95.06,93.5,93.54,93.59,101.8,16,401,37498,
505036,"AUTOMOBILE CORPORATION OF GOA",B,STK,1707,1707,1665,1692.1,1695,1711.35,83,520,875136,
505075,"SETCO AUTOMOTIVE LTD.",B,STK,14.11,15,14.11,14.98,14.98,14.4,41,12246,177350,
505160,"TALBROS AUTOMOTIVE COMPONENTS",B,STK,281.75,284.7,278.1,278.9,279.85,284.2,69,1070,301517,
505163,"Z.F.STEERING GEAR (INDIA) LTD.",B,STK,832,910,808.75,827.7,827.7,834.6,362,10946,9274308,
505192,"SML Mahindra Limited",B,STK,4679.55,4900,4607.7,4872.9,4872.9,4692.35,1273,8791,42479395,
505196,"TIL LTD.",B,STK,254.95,254.95,217.7,221.05,217.7,258.85,795,16800,3810535,
505200,"EICHER MOTORS LTD.",A,STK,8069,8087.7,7964.3,8011.4,8011.4,8065.5,4244,20432,164041909,
505212,"JAINEX AAMCOL LTD.",X,STK,127.45,127.45,116.4,126,126,124.45,18,237,27726,
505216,"ALFRED HERBERT (INDIA) LTD.",X,STK,3012,3026.45,2900,2922.75,2940,3011.85,24,95,281735,
505232,"VELJAN DENISON LIMITED",X,STK,1098,1098,1021,1025.55,1025,1030.35,48,369,382850,
505242,"DYNAMATIC TECHNOLOGIES LTD.",B,STK,9424.75,9640.75,9371,9453.2,9371,9461.55,276,670,6393390,
505250,"G. G. Dandekar Properties Limi",X,STK,69.74,69.74,69.74,69.74,69.74,69.74,1,1,69,
505255,"GMM PFAUDLER LTD.",A,STK,965.1,1001.55,965.1,997.75,1001.55,1002,432,5104,5031887,
505283,"KIRLOSKAR PNEUMATIC CO.LTD.",A,STK,1140.7,1153.15,1125.15,1131.6,1130.8,1141.85,286,2563,2927796,
505299,"KPT INDUSTRIES LIMITED",X,STK,618,618,593.05,595.35,596,621.75,85,1027,615451,
505302,"LAKSHMI ENGINEERING AND WAREHO",X,STK,1951,1951,1950,1950.65,1950,1985.05,2,3,5852,
505324,"MANUGRAPH INDIA LTD.",B,STK,17.39,17.39,15.27,15.54,15.27,15.76,17,392,6480,
505336,"HARSHIL AGROTECH LIMITED",X,STK,0.42,0.43,0.41,0.41,0.41,0.42,834,3311088,1382379,
505343,"MONOTYPE INDIA LTD.",X,STK,0.48,0.49,0.4,0.44,0.44,0.47,1290,7411831,3188855,
505355,"NESCO LTD.",B,STK,1184,1184,1161.9,1174.5,1173.8,1185.2,234,1828,2136240,
505358,"INTEGRA ENGINEERING INDIA LTD.",X,STK,159.6,167,155.55,164.7,165,159.6,122,13808,2233488,
505368,"Semac Construction Limited",B,STK,267,267,266.5,266.5,266.5,270,3,7,1866,
505400,"TEXMACO INFRASTRUCTURE & HOLDI",B,STK,95.14,95.88,92.68,95.16,95.16,95.44,30,1797,168457,
505412,"WENDT (INDIA) LTD.",B,STK,7059.85,7059.85,6840,6885.1,6956,7059.85,125,300,2074789,
505502,"PS IT INFRASTRUCTURE & SERVICE",X,STK,1.35,1.35,1.35,1.35,1.35,1.37,20,56808,76690,
505504,"GHV INFRA PROJECTS LIMITED",XT,STK,303.65,303.65,303.65,303.65,303.65,289.2,334,67488,20492731,
505509,"RESPONSIVE INDUSTRIES LTD.",B,STK,187.2,192.9,183.7,191.05,192.9,188.8,117,2770,520194,
505515,"SHYAMKAMAL INVESTMENTS LTD.",X,STK,14.12,14.9,13.53,13.91,13.95,13.98,77,53532,741734,
505523,"MAHARASHTRA CORPORATION LTD.",X,STK,0.39,0.39,0.38,0.38,0.38,0.39,258,513492,196755,
505526,"DOLAT ALGOTECH LIMITED",B,STK,78.45,79.76,76.32,78.18,78.39,76.8,148,9667,760871,
505533,"WESTLIFE FOODWORLD LIMITED",A,STK,517.75,522.5,510,516.3,512.9,522.55,379,5558,2878051,
505537,"ZEE ENTERTAINMENT ENTERPRISES",A,STK,96.3,98.2,94.3,94.7,94.7,96.2,2137,257912,24591267,
505590,"SVP GLOBAL TEXTILES LIMITED",T,STK,3.39,3.39,3.39,3.39,3.39,3.45,1,1,3,
505650,"SKYLINE MILLARS LTD.",X,STK,21.99,21.99,21,21.95,21.97,20.3,7,4596,100834,
505681,"BIMETAL BEARINGS LTD.",X,STK,570,588,552.55,565.65,565.65,571,41,655,368290,
505688,"BHARAT GEARS LTD.",B,STK,109.7,111.65,108.8,109.15,108.8,109.2,38,841,92500,
505690,"BRADY & MORRIS ENGINEERING CO.",X,STK,898,898,800,828.3,821,849.95,42,439,368306,
505693,"La Tim Metal & Industries Limi",X,STK,10.75,10.75,10.16,10.5,10.5,10.6,150,226892,2400367,
505700,"ELECON ENGINEERING CO.LTD.",A,STK,430.05,441.1,427,433.85,438,434.45,1233,33243,14406473,
505703,"DECCAN BEARINGS LTD.",XT,STK,292.2,298.1,292.2,298.1,298.1,295.15,33,3055,894901,
505710,"GRAUER & WEIL (INDIA) LTD.",B,STK,71.06,71.87,69.48,70.08,70.09,72.47,4575,350731,24599062,
505712,"HIM TEKNOFORGE LIMITED",X,STK,213.85,220,204,206.55,206.05,216.05,74,12223,2520750,
505714,"GABRIEL INDIA LTD.",A,STK,970.2,1008.15,956.4,962.05,962.05,991.6,1596,23070,22609595,
505720,"Hercules Investments Limited",B,STK,130.1,132,126,127.9,128,130.4,181,7983,1026935,
505725,"ALGOQUANT FINTECH LIMITED",B,STK,58.06,59.87,57.2,57.49,57.49,58.37,264,124782,7198951,
505726,"IFB INDUSTRIES LTD.",B,STK,1188.35,1188.35,1142.45,1154.7,1154.7,1193.6,394,2853,3285206,
505729,"SINGER INDIA LTD.",X,STK,72.18,73.8,70,70.55,70.55,71.83,189,17031,1210782,
505737,"INTERNATIONAL COMBUSTION (INDI",X,STK,465.2,478,458,464.5,468.7,465.2,75,2220,1025358,
505744,"FEDERAL-MOGUL GOETZE (INDIA) L",B,STK,430.6,430.6,423.65,424.95,423.9,430.5,111,2254,959285,
505750,"JOSTS ENGINEERING CO.LTD.",X,STK,280.7,283,268.5,273.7,275,280.7,122,6902,1926520,
505790,"Schaeffler India Limited",A,STK,3732.1,3833.7,3732.1,3800.65,3760.5,3768.35,454,1533,5838440,
505797,"MIPCO SEAMLESS RINGS (GUJARAT)",XT,STK,25.6,25.6,25.6,25.6,25.6,26.92,3,500,12800,
505800,"RANE HOLDINGS LTD.",B,STK,1405.5,1405.5,1285.05,1309.4,1294,1445.6,330,2725,3604984,
505827,"SNL BEARINGS LTD.",X,STK,375,375,365,365.1,365.1,374,50,1399,512212,
505840,"JAIPAN INDUSTRIES LTD.",X,STK,27,27,25.9,26.22,26.22,27,31,570,14967,
505850,"MANGAL CREDIT AND FINCORP LTD.",B,STK,161.3,163.5,161.3,162.35,162.35,164.2,150,5958,971475,
505854,"TRF LTD.",B,STK,271.2,272.5,269.75,271.25,271.25,270,22,155,42053,
505872,"WPIL LTD.",B,STK,405,407,397.2,402.85,402.05,405.25,566,12123,4879971,
505890,"KENNAMETAL INDIA LTD.",B,STK,2043,2160,2043,2146.65,2160,2105.4,114,1315,2797661,
505893,"HINDUSTAN HARDY LIMITED",X,STK,935,935,819,857.8,857.8,867.85,94,765,661181,
505978,"TRITON VALVES LTD.",X,STK,3750,3750,3542.65,3560.8,3560.8,3599.45,377,1727,6270299,
506003,"SUDAL INDUSTRIES LTD.",X,STK,48.5,48.5,45.55,45.56,45.56,47.94,48,3217,147965,
506022,"PRAKASH INDUSTRIES LTD.",B,STK,131.05,134.75,129.1,130,129.75,134.95,530,30772,4030456,
506074,"ARSHIYA LIMITED",Z,STK,1.49,1.49,1.49,1.49,1.49,1.42,3,1100,1639,
506076,"GRINDWELL NORTON LTD.",A,STK,1618.9,1628.95,1589.1,1603.65,1604,1630.3,194,1467,2359317,
506079,"LAKSHMI PRECISION SCREWS LTD.",Z,STK,5.25,5.25,5.25,5.25,5.25,5.1,1,20,105,
506105,"STANROSE MAFATLAL INVESTMENTS",X,STK,66,66,65.3,65.68,65.56,70,15,545,35725,
506109,"GENESYS INTERNATIONAL CORPORAT",B,STK,300,308,289.3,292.85,293,300.35,894,39026,11615670,
506122,"Kairosoft AI Solutions Limited",XT,STK,49.51,49.51,46.13,47.16,48.51,47.74,36,5515,262561,
506128,"PARNAX LAB LTD.",X,STK,117.95,132.65,117.95,126.3,128.35,117.95,168,24626,3137576,
506134,"GOURMET GATEWAY INDIA LIMITED",X,STK,12.6,13.74,12.6,13.39,13.39,12.94,29,5880,75873,
506146,"VISAGAR POLYTEX LTD.",B,STK,0.64,0.64,0.61,0.61,0.61,0.59,57,50495,31260,
506166,"APIS INDIA LTD.",XT,STK,68.61,72.5,68.61,68.61,68.61,72.22,555,44693,3087633,
506180,"EMERGENT INDUSTRIAL SOLUTIONS",XT,STK,394.6,394.6,392.65,392.65,392.65,392.65,6,121,47709,
506184,"KANANI INDUSTRIES LTD.",B,STK,1.67,1.67,1.6,1.64,1.64,1.64,23,2277,3727,
506186,"GALAXY CLOUD KITCHENS LIMITED",X,STK,15.19,15.19,14.01,14.8,14.79,14.63,46,8870,129335,
506194,"ARIHANT SUPERSTRUCTURES LIMITE",B,STK,270.75,270.75,267.75,268,268,270.1,11,48,12903,
506197,"BLISS GVS PHARMA LTD.",B,STK,216.25,224.85,213.45,221.9,221.9,217.8,1390,102885,22809038,
506222,"Styrenix Performance Materials",A,STK,1946.85,1975.55,1935.55,1967.2,1945,1964.05,92,488,954858,
506235,"ALEMBIC LTD.",B,STK,94.05,95.9,94.05,95.1,95.1,95.56,219,6832,650045,
506248,"AMINES & PLASTICIZERS LTD.",B,STK,189.45,189.45,166.1,166.1,166.1,165,42,449,76073,
506260,"ANUH PHARMA LTD.",B,STK,80.97,81.7,80.97,81.02,81.02,80.97,53,6290,512889,
506261,"MODISON LIMITED",B,STK,145.6,147.8,142,146.45,147.8,145.9,67,1437,206734,
506285,"BAYER CROPSCIENCE LTD.",A,STK,4770,4770,4665.3,4680.9,4676.55,4779.65,274,857,4053060,
506365,"STARSOURCE MULTITRADE LIMITED",XT,STK,105.3,105.55,100.05,100.55,100.05,105.3,17,1147,115609,
506373,"CITURGIA BIOCHEMICALS LTD.",T,STK,57.6,57.6,57.6,57.6,57.6,54.86,4,55,3168,
506390,"Sudarshan Colorants India Limi",B,STK,361.45,363.9,351.4,352.3,351.4,360.3,13,100,35900,
506395,"COROMANDEL INTERNATIONAL LTD.",A,STK,2311.05,2311.05,2252.9,2289.05,2294.2,2279.65,700,6094,13866177,
506401,"DEEPAK NITRITE LTD.",A,STK,1636.35,1636.35,1601.2,1616.2,1616.2,1648.1,1363,10990,17761842,
506405,"DMCC SPECIALITY CHEMICALS LIMI",B,STK,240.25,245,238.2,240.15,238.2,246.8,78,9167,2208657,
506414,"FERMENTA BIOTECH LIMITED",X,STK,310,325.1,310,323.8,325,310.9,367,39333,12663901,
506480,"GOCL Corporation Limited",B,STK,267.3,274,256.2,262.1,265.15,267.2,168,2357,617751,
506520,"JAYSHREE CHEMICALS LTD.",X,STK,6.65,6.8,6.4,6.61,6.79,6.65,57,5162,34162,
506525,"KANORIA CHEMICALS & INDUSTRIES",B,STK,77.35,77.35,75.45,76.13,76,79.75,23,5972,460442,
506528,"KELTECH ENERGIES LTD.",X,STK,3265,3374.8,3005.15,3168.75,3192,3302.15,322,1646,5268289,
506530,"KEMP & COMPANY LTD.",X,STK,900,900,900,900,900,902.5,3,5,4500,
506532,"NITTA GELATIN INDIA LTD.",X,STK,852.05,864,848.65,856.5,856.5,852.05,119,4426,3787327,
506543,"M.P.AGRO INDUSTRIES LTD.",XT,STK,11.04,11.04,10.1,10.1,10.1,10.54,8,1018,11188,
506579,"AG VENTURES LIMITED",B,STK,123.45,125.9,118.2,118.6,118.4,122.85,173,7983,960658,
506590,"PCBL Chemical Limited",A,STK,301.6,303.8,296.7,300.65,301.95,301.5,1517,88859,26664798,
506597,"AMAL LTD.",X,STK,550,554.8,522.3,525.25,525.25,547.8,346,7871,4221178,
506605,"POLYCHEM LTD.",X,STK,1901.1,1955,1900,1941.3,1945.25,2079.4,29,118,226757,
506618,"PUNJAB CHEMICALS AND CROP PROT",B,STK,1106.1,1109.6,1069,1074.25,1069,1106.1,72,178,192156,
506640,"ZR2 BIOENERGY LIMITED",X,STK,159.75,168,148,163.55,151,155.4,25,277,44339,
506642,"SADHANA NITROCHEM LTD.",B,STK,6.51,6.59,5.8,5.92,5.92,6.39,996,477320,2897101,
506655,"SUDARSHAN CHEMICAL INDUSTRIES",A,STK,920,920,887,915.3,916,925.75,281,2395,2170995,
506680,"TECIL CHEMICALS & HYDRO POWER",B,STK,15.22,15.22,15.22,15.22,15.22,15.22,1,2,30,
506685,"ULTRAMARINE & PIGMENTS LTD.",B,STK,433,434.9,425,432.7,434.9,432.6,1060,22907,9881208,
506687,"TRANSPEK INDUSTRY LTD.",X,STK,1159.8,1174,1150.05,1157.95,1158,1150.7,64,956,1112721,
506690,"UNICHEM LABORATORIES LTD.",B,STK,375,375.95,367,367.5,367.5,376.6,53,627,232595,
506734,"MYSORE PETRO CHEMICALS LTD.",X,STK,102.49,102.49,97.5,97.76,99.95,101.75,32,2706,265037,
506767,"ALKYL AMINES CHEMICALS LTD.",A,STK,1520.6,1534.9,1514,1528.8,1524.2,1520.55,233,3642,5527091,
506808,"TUTICORIN ALKALI CHEMICALS AND",X,STK,55.8,56.7,53,53.41,53.41,55.63,167,21749,1168767,
506820,"ASTRAZENECA PHARMA INDIA LTD.",A,STK,8862.55,8956.15,8819.7,8923.2,8917.5,8878.75,126,269,2400294,
506852,"Primo Chemicals Limited",B,STK,21.85,22.01,20.76,22,22,22.06,100,25739,543516,
506854,"TANFAC INDUSTRIES LTD.",B,STK,4300,4300,4180.15,4192.55,4191,4234,237,1419,5988495,
506858,"GUJARAT PETROSYNTHESE LTD.",X,STK,60.57,61.8,60,60,60,60.57,4,209,12634,
506863,"SWADESHI INDUSTRIES LEASING CO",XT,STK,125.9,125.9,125.8,125.8,125.8,128.35,67,16231,2043331,
506879,"GUJARAT THEMIS BIOSYN LTD.",B,STK,310.65,319.5,310.65,313.05,316.1,313.25,170,4900,1540867,
506906,"Saptak Chem And Business Limit",XT,STK,58.17,58.17,58.17,58.17,58.17,57.03,11,3395,197487,
506919,"MAKERS LABORATORIES LTD.",X,STK,140,143,135.45,135.45,135.45,136.7,52,3648,505199,
506943,"J.B.CHEMICALS & PHARMACEUTICAL",A,STK,1893.3,2007.5,1893.3,1977.85,1973.6,1892.7,3290,88530,176763069,
506947,"ADVANCE PETROCHEMICALS LTD.",X,STK,150.85,150.85,143.7,143.75,143.7,143.7,4,205,30888,
506975,"RAJASTHAN PETRO SYNTHETICS LTD",P,STK,14.45,14.45,14.45,14.45,14.45,13.77,5,1000,14450,
506979,"APT PACKAGING LTD.",X,STK,117.56,117.56,117.55,117.56,117.56,117.56,7,228,26803,
506981,"BLUE CHIP TEX INDUSTRIES LTD.",X,STK,134.65,134.95,132.5,132.5,132.5,132,8,55,7309,
507155,"JAGATJIT INDUSTRIES LTD.",X,STK,134.85,134.9,126.15,130,131.8,132.2,118,9532,1242065,
507180,"KESAR ENTERPRISES LTD.",X,STK,5.18,5.59,5.02,5.14,5.03,5.16,95,33272,174147,
507205,"TILAKNAGAR INDUSTRIES LTD.",A,STK,434.15,455.65,431.3,449.85,445.7,451.2,2167,79294,35019447,
507265,"Emerald Leisures Limited",X,STK,210,210,199,199,199,183.2,5,170,33868,
507300,"The Ravalgaon Sugar Farm Limit",X,STK,901.25,949.9,901,949.9,949.9,901,5,62,56206,
507315,"SAKTHI SUGARS LTD.",B,STK,17.15,17.5,17,17.02,17,17.15,28,3196,54632,
507410,"WALCHANDNAGAR INDUSTRIES LTD.",B,STK,168.05,171.05,166.9,168.7,168.9,169.75,605,24117,4060086,
507438,"IFB AGRO INDUSTRIES LTD.",B,STK,930.4,938.4,872.85,885.8,872.85,912.15,184,756,688478,
507474,"KOTHARI FERMENTATION & BIOCHEM",X,STK,41.6,42.49,41.58,41.61,41.99,42.02,26,1698,70707,
507486,"CAPROLACTAM CHEMICALS LTD.",XT,STK,69.16,69.16,69.16,69.16,69.16,72.8,1,1,69,
507488,"G.M.BREWERIES LTD.",B,STK,1005.8,1039.4,999.05,1031.85,1035.3,1015,317,3552,3613304,
507490,"RANA SUGARS LTD.",B,STK,11.01,11.49,11.01,11.17,11.17,11.05,65,7619,85769,
507498,"PICCADILY SUGAR & ALLIED INDUS",X,STK,34.33,36.68,32.82,33.75,33.75,34.33,53,2613,88376,
507514,"SOM DISTILLERIES & BREWERIES L",B,STK,82.55,83,81.3,81.9,82.09,82.14,405,34369,2826515,
507515,"C.J.GELATINE PRODUCTS LTD.",X,STK,18.44,19.25,17.44,19.25,19.25,18.35,7,50,883,
507526,"ASSOCIATED ALCOHOLS & BREWERIE",B,STK,897.3,897.3,866.35,869.25,873.6,875.45,41,267,232713,
507552,"FOODS & INNS LTD.",B,STK,60.95,62.41,59.83,60.79,60.79,61.2,317,12217,745634,
507580,"IVP LTD.",B,STK,136,141.75,136,141.75,141.75,142,6,123,17129,
507598,"KOVILPATTI LAKSHMI ROLLER FLOU",X,STK,92.51,95,92,94.95,94.95,92.51,19,1347,124354,
507609,"OLYMPIC OIL INDUSTRIES LTD.",X,STK,28.96,28.96,28.95,28.95,28.95,29.11,4,20,579,
507621,"MILKFOOD LTD.",X,STK,57.79,57.79,53.36,54.5,54.5,56.13,89,4156,226055,
507645,"POLSON LTD.",X,STK,11699.9,11819.1,11500.15,11733.1,11509.35,11256.3,30,69,812904,
507685,"WIPRO LTD.",A,STK,214,216.95,210,213.3,213.3,214.1,17851,780187,166148857,
507690,"ORIENT BEVERAGES LTD.",X,STK,246.1,269,246.1,254.7,254.05,251.7,213,6204,1619645,
507717,"DHANUKA AGRITECH LTD.",B,STK,1122.7,1122.7,1085,1096.85,1092.5,1122.65,642,227481,250214142,
507747,"TTK HEALTHCARE LTD.",B,STK,935,953.1,925,931.15,931.15,937.85,30,173,162065,
507753,"TGV SRAAC Limited",B,STK,88,89.65,87.25,87.68,87.68,88.3,872,144259,12718714,
507759,"LIME CHEMICALS LTD.",X,STK,13,13,12.25,13,13,12.6,6,1553,20187,
507779,"KANPUR PLASTIPACK LTD.",B,STK,204.7,204.7,199.9,199.9,199.9,206.55,56,176,35366,
507785,"TAINWALA CHEMICALS & PLASTICS",B,STK,179,180,179,180,180,179,6,11,1979,
507789,"JAGSONPAL PHARMACEUTICALS LTD.",B,STK,175,178,170.95,173.4,174.5,174.25,315,180307,31248856,
507794,"KHAITAN CHEMICALS & FERTILIZER",B,STK,58.4,60,58.4,59.49,59.47,59.28,82,48193,2850870,
507813,"NATIONAL OXYGEN LTD.",X,STK,82.8,82.8,75,76.14,76.14,77.5,53,2248,171314,
507815,"GILLETTE INDIA LTD.",A,STK,8653.4,8653.4,8463.6,8477,8463.6,8545.8,178,346,2939120,
507817,"WIRES & FABRIKS (SA) LTD.",X,STK,173.4,173.4,157.2,162.6,157.2,165.25,3,5,834,
507828,"ANSAL HOUSING LIMITED",X,STK,8.95,9.15,8.64,8.87,8.86,8.95,94,46174,415418,
507833,"COMPUTER POINT LTD.",X,STK,4.16,4.22,4.04,4.08,4.2,4.12,40,9769,40284,
507836,"MAC CHARLES (INDIA) LTD.",X,STK,635.25,635.25,621.8,624.45,624.75,625,5,13,8134,
507852,"ADDI INDUSTRIES LTD.",X,STK,104,104.75,100.15,100.25,103.95,104.75,36,1339,134842,
507864,"PIONEER INVESTCORP LTD.",XT,STK,116.4,116.4,110.7,110.7,110.7,116.5,38,1512,168492,
507872,"ASHNOOR TEXTILE MILLS LTD.",X,STK,41.6,43.95,41.6,42.1,42.1,42.45,15,448,18698,
507878,"UNITECH LTD.",B,STK,5.49,5.5,5.32,5.43,5.43,5.48,678,688158,3726088,
507880,"V.I.P.INDUSTRIES LTD.",A,STK,388.45,388.45,377,380.25,380.25,389.2,488,12506,4772203,
507910,"FIBERWEB (INDIA) LTD.",B,STK,46.3,46.3,44.15,44.6,44.6,45.29,17,1259,56021,
507912,"LKP FINANCE LIMITED",XT,STK,996,996,920.05,961.95,964.9,963.4,76,1685,1614257,
507917,"EAST BUILDTECH LTD.",XT,STK,41.45,41.45,41.45,41.45,41.45,43.6,2,2,82,
507944,"BAJAJ STEEL INDUSTRIES LTD.",B,STK,423.9,423.9,411.1,415.6,415.6,424,652,10759,4483934,
507946,"KIDUJA INDIA LTD.",X,STK,19.71,19.9,18.9,18.97,18.9,19.71,11,2290,43667,
507948,"KEY CORP LTD.",XT,STK,76,83.24,75.32,81.01,83.24,79.28,29,1784,143376,
507960,"GUJARAT HOTELS LTD.",X,STK,186.9,191.75,186,188.25,186.65,185.4,27,450,85989,
507962,"FYNX CAPITAL LIMITED",XT,STK,70.58,70.58,70.58,70.58,70.58,72.02,57,813,57381,
507966,"RAS RESORTS & APART HOTELS LTD",X,STK,45.35,45.35,36.09,41.5,41.5,40,47,697,28262,
507968,"JOLLY PLASTIC INDUSTRIES LTD.",P,STK,18.51,18.51,18.51,18.51,18.51,18.51,1,200,3702,
507970,"PARAMOUNT COSMETICS (INDIA) LT",X,STK,38.25,38.5,36.1,36.3,36.3,36.18,12,312,11544,
507981,"JINDAL HOTELS LTD.",X,STK,66.11,68.49,66.11,68.49,68.49,66.1,4,6,403,
507984,"SER INDUSTRIES LTD.",XT,STK,761.75,761.75,746.75,747.15,761.4,754.25,33,277,209052,
507998,"SIMMONDS MARSHALL LTD.",X,STK,151.85,157,150.5,153.9,154.6,148.85,266,15487,2395850,
508136,"B & A LTD.",X,STK,385.05,385.05,385,385,385,385,9,112,43120,
508486,"HAWKINS COOKERS LTD.",B,STK,7438,7438,7313.3,7376.3,7340.7,7370.1,397,603,4452132,
508494,"WARREN TEA LTD.",X,STK,45.5,45.5,43,43.18,43.18,43.9,21,417,18038,
508664,"BEST EASTERN HOTELS LTD.",X,STK,12.54,12.54,12,12.4,12.4,12.54,15,1137,13690,
508670,"NEELAMALAI AGRO INDUSTRIES LTD",X,STK,3212.1,3389.6,3212.1,3225.5,3225.5,3294.45,7,27,90368,
508807,"IST LTD.",B,STK,767,799.7,753,759.75,753,767.85,141,1997,1547818,
508814,"Cosmo First Limited",B,STK,736.8,736.8,695,731.35,727.6,738.9,732,8507,6093763,
508860,"DIAMANT INFRASTRUCTURE LIMITED",XT,STK,0.91,0.91,0.83,0.83,0.83,0.87,20,6944,5796,
508867,"NEW MARKETS ADVISORY LTD.",XT,STK,12.76,12.76,12.76,12.76,12.76,12.16,1,1,12,
508869,"APOLLO HOSPITALS ENTERPRISE LT",A,STK,7541.25,7628.5,7485.8,7611.45,7611.45,7538.25,1248,5062,38325157,
508875,"Nitin Castings Limited",X,STK,594.25,609.95,594,594.35,603.85,594.25,15,110,65436,
508905,"NEXOME CAPITAL MARKETS LIMITED",X,STK,90.04,90.04,78,82.01,84,85.99,48,3589,291556,
508906,"EVEREST INDUSTRIES LTD.",B,STK,400,415.45,400,413.4,413.4,416.1,17,274,110490,
508918,"IRONWOOD EDUCATION LIMITED",X,STK,51.45,54.9,49,51.86,52,50.47,171,47745,2478665,
508922,"MSR INDIA LTD.",XT,STK,5.35,5.35,5.35,5.35,5.35,5.25,254,134679,720532,
508933,"AYM Syntex Limited",B,STK,179.1,187.85,177.95,185.1,185.1,178.25,44,219,40239,
508941,"PANASONIC CARBON INDIA CO.LTD.",X,STK,486.1,498.95,480.6,481.05,481.05,493.55,103,3686,1786458,
508954,"FINKURVE FINANCIAL SERVICES LT",B,STK,83,84,83,84,84,84.5,19,1171,97246,
508956,"HB LEASING & FINANCE CO.LTD.",X,STK,12.11,13.6,12.11,13.06,13.37,12.99,13,1171,15089,
508961,"SHRICON INDUSTRIES LTD.",XT,STK,202,202,194.85,194.85,194.85,205.1,5,103,20798,
508963,"TRUSTWAVE SECURITIES LIMITED",XT,STK,22.25,22.45,21.8,21.81,22.45,22.85,3,201,4427,
508969,"SULABH ENGINEERS & SERVICES LT",X,STK,2.42,2.51,2.3,2.38,2.4,2.37,70,9093,21962,
508980,"FRONTIER CAPITAL LIMITED",XT,STK,7.8,8.12,7.77,7.8,7.8,7.79,34,39835,315681,
508989,"NAVNEET EDUCATION LIMITED",B,STK,155.45,158.7,152.5,158.2,156,155.85,97,3510,544151,
509009,"AUSOM ENTERPRISE LIMITED",T,STK,107.95,107.95,104.2,106.4,106.6,108.05,12,89,9443,
509015,"THAKRAL SERVICES (INDIA) LTD.",X,STK,11.34,12.47,11.34,12.45,12.47,11.34,18,2560,31354,
509020,"RUCHI INFRASTRUCTURE LTD.",B,STK,6.03,6.41,5.56,5.86,6,6.1,28,14876,88700,
509024,"GOLDEN LEGAND LEASING & FINANC",X,STK,14.66,14.66,11,11.62,11.4,12.52,130,31741,377427,
509026,"VJTF EDUSERVICES LTD.",X,STK,82,94.5,82,84.56,84.55,93,20,332,29599,
509038,"VOLTAIRE LEASING & FINANCE LTD",X,STK,11.11,11.11,10.89,10.99,10.89,11.11,5,18,198,
509040,"NETLINK SOLUTIONS (INDIA) LTD.",X,STK,196.9,198.9,186.2,193.35,196,192.55,32,472,91613,
509048,"LANCOR HOLDINGS LTD.",T,STK,27.65,27.8,26.75,27.68,27.74,27.9,8,1452,40178,
509051,"INDIAN INFOTECH & SOFTWARE LTD",X,STK,0.67,0.68,0.65,0.66,0.66,0.68,1283,3995916,2652939,
509053,"BANAS FINANCE LTD.",X,STK,6.91,6.91,6.51,6.61,6.6,6.82,143,119447,800957,
509055,"VISAKA INDUSTRIES LTD.",B,STK,64.59,66,64.37,65.1,65.1,65.92,48,2281,148752,
509069,"INFOMEDIA PRESS LTD.",B,STK,5.44,5.44,4.52,4.88,4.88,4.95,32,1116,5315,
509073,"HATHWAY BHAWANI CABLETEL & DAT",X,STK,12.8,12.8,11.86,12.58,12.58,12.8,16,455,5672,
509079,"GUFIC BIOSCIENCES LTD.",B,STK,304.45,304.45,284.1,291.8,290.65,307.65,193,1969,578383,
509084,"PHOTON CAPITAL ADVISORS LTD.",XT,STK,120.3,120.3,120.3,120.3,120.3,120.3,2,39,4691,
509152,"GRP LTD.",B,STK,1802.2,1847.4,1791.15,1827.45,1847.4,1803.05,102,235,425878,
509162,"INDAG RUBBER LTD.",X,STK,110,111.95,107,107.65,107.65,110.05,66,2031,220529,
509196,"MM RUBBER COMPANY LTD.",X,STK,73.62,77.49,73.15,73.45,73.45,73.62,23,1170,86879,
509220,"PTL ENTERPRISES LTD.",B,STK,38.01,39.38,37.97,38.06,38.05,38.22,37,3388,130919,
509243,"TVS SRICHAKRA LTD.",B,STK,4331.8,4331.8,4239.85,4267.5,4277.9,4331.7,48,134,572877,
509423,"SANATHNAGAR ENTERPRISES LIMITE",X,STK,40,40,38.76,38.76,38.76,40.8,2,2,78,
509438,"BENARES HOTELS LTD.",B,STK,9528.95,9547.05,9500.05,9501.15,9530,9529.5,125,210,1998969,
509449,"BHAGWATI OXYGEN LTD.",X,STK,43.2,43.2,41.77,41.77,41.77,43.2,6,408,17482,
509470,"BOMBAY OXYGEN INVESTMENTS LIMI",X,STK,20699,20699,19782,19802,19802,20123.8,15,16,324090,
509472,"CRAVATEX LTD.",X,STK,340.25,356.5,340.25,350,350,367,34,806,279498,
509480,"BERGER PAINTS INDIA LTD.",A,STK,459.05,465.25,458.25,462.65,461,461.85,422,7354,3402868,
509486,"CAPRIHANS INDIA LTD.",X,STK,83.91,85.89,83.05,84.26,83.1,84.33,12,74,6226,
509488,"GRAPHITE INDIA LTD.",A,STK,632.85,676.75,631.35,671.8,671.8,648.35,4096,152741,100332887,
509496,"Cemindia Projects Limited",A,STK,598.1,599.65,585.55,593.35,594.8,602.3,1434,26638,15725432,
509525,"EMPIRE INDUSTRIES LTD.",X,STK,932.15,946.95,931.1,940.95,943,932.15,25,125,117142,
509546,"GRAVISS HOSPITALITY LTD.",X,STK,37.15,37.15,34.47,35.98,35.98,36.77,24,1199,41487,
509557,"GARWARE TECHNICAL FIBRES LIMIT",A,STK,714,714,690.4,694.85,691.85,717.35,183,1443,1012934,
509563,"GARWARE MARINE INDUSTRIES LTD.",X,STK,24.8,25.19,24,24.03,24.32,24.68,121,7227,175215,
509567,"GOA CARBON LTD.",B,STK,374.1,380.45,368.55,374.6,374.6,376.25,45,149,55639,
509597,"HARDCASTLE & WAUD MFG.CO.LTD.",X,STK,737.9,737.9,683,683,683,729.2,8,62,43237,
509631,"HEG LTD.",A,STK,517.75,535.5,516.45,530.85,530.85,526.8,2137,102824,54252588,
509635,"HINDUSTAN COMPOSITES LTD.",B,STK,416.35,423.6,411.8,422,422,420.8,29,39,16407,
509675,"BIRLANU LIMITED",B,STK,1740,1740,1659.55,1693.7,1688,1782.05,121,514,876852,
509692,"INDIAN CARD CLOTHING CO.LTD.",B,STK,227,227,224.05,226.45,224.05,230.25,11,750,169843,
509709,"INTERNATIONAL CONVEYORS LTD.",B,STK,80.15,80.15,77.5,79.36,79.36,78.79,59,5313,418478,
509715,"JAY SHREE TEA & INDUSTRIES LTD",B,STK,83.01,85,82.17,84.65,84.65,82.89,42,1471,123084,
509732,"KOTHARI INDUSTRIAL CORPORATION",B,STK,196,204.05,188,192.45,190,194.35,357,26503,5252786,
509760,"MODERN SHARES & STOCKBROKERS L",X,STK,36.16,38.4,32.5,37.31,37.67,35.12,31,1463,54847,
509762,"MAPRO INDUSTRIES LTD.",XT,STK,57.68,57.68,52.2,52.5,57.68,54.94,53,51769,2721808,
509820,"HUHTAMAKI INDIA LIMITED",B,STK,187.9,188.2,180.05,180.6,180.05,187.85,383,9942,1821440,
509835,"PREMIER SYNTHETICS LTD.",X,STK,15.65,17.5,15.65,17.23,17.5,17.5,28,1260,20484,
509874,"SHALIMAR PAINTS LTD.",B,STK,60,60.59,58.9,59,59,61.19,53,3037,180308,
509887,"SINNAR BIDI UDYOG LTD.",XT,STK,739.6,739.6,739.6,739.6,739.6,778.5,1,5,3698,
509895,"HINDOOSTAN MILLS LTD.",X,STK,179.9,179.9,173,173.45,173.45,176.95,15,47,8181,
509930,"SUPREME INDUSTRIES LTD.",A,STK,3779.5,3892.75,3746.6,3884.8,3880,3779.45,1707,8848,33920264,
509945,"THACKER & CO.LTD.",X,STK,1268,1268,1196.5,1196.5,1196.5,1196.5,5,21,25543,
509953,"TRADE WINGS LTD.",XT,STK,664.45,664.45,664.45,664.45,664.45,678,1,1,664,
509960,"U.P.HOTELS LTD.",X,STK,1452.55,1452.55,1405,1405,1405,1459.95,2,4,5667,
509966,"VST INDUSTRIES LTD.",B,STK,239.4,240.1,236.85,237.9,238,239.4,382,7201,1715297,
510245,"SWASTI VINAYAKA SYNTHETICS LTD",X,STK,3.86,3.89,3.5,3.71,3.8,3.84,133,31632,119500,
511000,"MADHUSUDAN SECURITIES LTD.",X,STK,23.4,23.4,20.06,20.06,20.06,20.05,69,26666,583859,
511012,"YAMINI INVESTMENTS COMPANY LTD",XT,STK,0.75,0.77,0.75,0.77,0.77,0.74,551,1027762,786403,
511018,"MILGREY FINANCE & INVESTMENT L",X,STK,60,60,56.26,57.23,57.23,57.77,163,61183,3561706,
511034,"JINDAL DRILLING & INDUSTRIES L",B,STK,472,472,461.85,463,461.85,473.95,125,1554,721155,
511066,"SAKTHI FINANCE LTD.",X,STK,28.99,29.49,27.5,28.01,28.01,28.99,136,10400,295394,
511076,"AEROFLEX ENTERPRISES LIMITED",B,STK,79.52,81,79.48,80.11,80.22,79.01,29,1855,148374,
511092,"JMD Ventures Limited",X,STK,5.99,6.14,5.91,6.14,6.14,6.02,41,18720,114226,
511110,"V.B.DESAI FINANCIAL SERVICES L",X,STK,27.85,27.85,20,20.37,20.6,24.32,263,43278,893022,
511116,"QUADRANT TELEVENTURES LIMITED",XT,STK,0.33,0.33,0.33,0.33,0.33,0.32,55,321848,106209,
511122,"FIRST CUSTODIAN FUND (INDIA) L",X,STK,84,84,72.3,79.78,79.9,79.56,22,590,46507,
511131,"KAMANWALA HOUSING CONSTRUCTION",X,STK,16.86,16.86,16.12,16.16,16.16,16.16,7,413,6661,
511144,"AXIS SOLUTIONS LIMITED",XT,STK,147.6,154.95,147.6,154.95,154.95,147.6,19,3012,466305,
511147,"WSFX Global Pay Limited",X,STK,71.99,71.99,64,65.35,66.49,66.11,36,3249,212605,
511153,"Anjani Foods Limited",X,STK,19.84,19.84,18.2,19.6,19.6,19.6,32,4650,89678,
511169,"RKD AGRI AND RETAIL LIMITED",X,STK,4.55,4.55,4.55,4.55,4.55,4.55,1,3,13,
511176,"PARSHWANATH CORPORATION LTD.",X,STK,90.21,90.21,90.21,90.21,90.21,90.48,1,1,90,
511185,"RAJVI LOGITRADE LIMITED",X,STK,13.06,13.06,13.06,13.06,13.06,12.44,1,10,130,
511187,"Millennium Online Solutions (I",XT,STK,1.56,1.63,1.56,1.63,1.63,1.56,13,5224,8445,
511194,"ICDS LTD.",B,STK,51.94,51.94,51.94,51.94,51.94,44,1,1,51,
511196,"CAN FIN HOMES LTD.",A,STK,870.65,905,870.65,903.2,903.95,884.1,631,4982,4459417,
511200,"MUNOTH CAPITAL MARKET LTD.",XT,STK,129.35,130,123.5,123.5,123.5,130,6,21,2661,
511208,"IL&FS INVESTMENT MANAGERS LTD.",B,STK,7.61,7.69,7.53,7.64,7.69,7.64,109,9028,68584,
511218,"Shriram Finance Limited",A,STK,1065,1087.9,1053.1,1085.2,1085.2,1064.9,5138,139986,150533640,
511243,"CHOLAMANDALAM INVESTMENT AND F",A,STK,1696.3,1720.5,1684,1714.8,1706,1708.9,1103,8373,14195390,
511246,"BOMBAY TALKIES LIMITED",X,STK,4.78,4.78,4.72,4.72,4.72,4.88,11,254,1204,
511260,"ICONIK SPORTS AND EVENTS LIMIT",XT,STK,53,53,50.6,51.22,51.2,52.98,13,2311,118371,
511333,"VLS FINANCE LTD.",B,STK,265,266.15,255,262,262,269,96,4825,1258546,
511355,"INDIA CEMENTS CAPITAL LTD.",X,STK,12.55,12.84,12,12.49,12.49,12.55,35,3595,44544,
511359,"AD-MANUM FINANCE LTD.",X,STK,53,53,53,53,53,53.88,5,241,12773,
511377,"MEHTA INTEGRATED FINANCE LTD.",X,STK,30,30,30,30,30,30,1,3,90,
511391,"INTER GLOBE FINANCE LTD.",X,STK,63,63,63,63,63,63,3,200,12600,
511401,"MUNOTH COMMUNICATION LIMITED",X,STK,6.47,6.47,5.87,5.87,5.87,6.17,7,100,617,
511411,"SHRISTI INFRASTRUCTURE DEVELOP",X,STK,31,33,31,33,33,31.89,6,16,502,
511431,"VAKRANGEE LIMITED",B,STK,6.79,6.79,6.62,6.69,6.69,6.76,380,212893,1419026,
511441,"GUJARAT CREDIT CORPORATION LTD",X,STK,22.01,22.01,22.01,22.01,22.01,22.01,1,1,22,
511447,"Sylph Industries Limited",X,STK,0.62,0.62,0.62,0.62,0.62,0.65,762,952110,590308,
511451,"DHARANI FINANCE LTD.",X,STK,9.56,9.56,9.37,9.37,9.37,9.37,8,110,1044,
511463,"Alexander Stamps And Coin Limi",X,STK,9.95,9.95,9.5,9.5,9.5,9.49,19,4299,41804,
511473,"INDBANK MERCHANT BANKING SERVI",B,STK,35,35.91,35,35.88,35.88,36,13,649,23246,
511493,"SHRYDUS INDUSTRIES LIMITED",X,STK,3.27,3.48,2.99,3.42,3.42,3.49,212,248999,781500,
511501,"Bharat Bhushan Finance & Commo",X,STK,27.79,27.79,25.15,25.56,25.37,26.79,108,9553,245793,
511505,"CAPITAL TRUST LTD.",B,STK,13.8,13.82,13.4,13.81,13.76,14,35,1074,14596,
511507,"USHAKIRAN FINANCE LTD.",X,STK,57.22,57.22,56.98,56.98,56.98,54.5,3,32,1823,
511509,"VIVO BIO TECH LTD.",X,STK,28.39,29.2,27.66,28.3,28.43,28.39,128,5429,155029,
511523,"VEERHEALTH CARE LIMITED",X,STK,18.22,19.55,18.22,18.93,18.94,18.82,71,20100,381083,
511525,"PAN INDIA CORPORATION LTD.",X,STK,2.04,2.04,1.96,1.98,1.97,2,161,43956,87607,
511533,"SAHARA HOUSINGFINA CORPORATION",X,STK,40.91,43.38,40.65,43.23,43.24,40.91,14,1629,69087,
511535,"NDA SECURITIES LTD.",X,STK,30.2,34.99,30.2,33.16,33.16,30.27,77,18029,597884,
511539,"Supra Trends Limited",XT,STK,15.15,15.15,15.1,15.1,15.1,15.03,4,612,9241,
511543,"GSB FINANCE LTD.",X,STK,39.75,39.75,36.85,36.85,36.85,37.5,18,864,31972,
511549,"MORARKA FINANCE LTD.",X,STK,61.17,62.99,61.17,62.95,62.95,61.15,11,473,29248,
511551,"Monarch Networth Capital Limit",B,STK,292.8,295.9,289.7,292.2,290.5,295.8,75,518,151628,
511557,"PRO FIN CAPITAL SERVICES LTD.",XT,STK,4.05,4.05,3.78,3.96,3.96,3.96,550,8878358,35099826,
511559,"TEAM INDIA GUARANTY LIMITED",B,STK,260.05,269.95,260.05,267,267,269.65,4,16,4217,
511563,"SANCHAY FINVEST LTD.",Z,STK,54.11,54.11,54.11,54.11,54.11,53.58,2,11,595,
511571,"SOM DATT FINANCE CORPORATION L",X,STK,127.75,128,121.25,122.75,124.8,125,52,1425,175256,
511577,"Mantra Capital Limited",X,STK,16.14,16.14,14.6,15.15,15,15.76,14,1766,27804,
511585,"BEFOUND MOVEMENT LIMITED",X,STK,3.59,3.59,3.59,3.59,3.59,3.66,6,192,689,
511589,"AVONMORE CAPITAL & MANAGEMENT",B,STK,15.53,15.79,15.22,15.75,15.75,15.18,122,10524,164860,
511593,"LIBORD FINANCE LTD",XT,STK,18.28,18.3,18,18,18,17.43,7,209,3820,
511601,"YASH MANAGEMENT & SATELLITE LT",X,STK,7.92,8.15,7.65,8.01,8.15,8.08,33,35898,281176,
511605,"ARIHANT CAPITAL MARKETS LTD.",B,STK,75,75,74.2,74.73,75,75.22,74,5241,390399,
511609,"ISL CONSULTING LTD.",X,STK,29.75,29.75,29.75,29.75,29.75,29.75,1,200,5950,
511611,"DCM FINANCIAL SERVICES LTD.",B,STK,4.41,4.69,4.15,4.3,4.3,4.4,15,2125,9477,
511626,"RR FINANCIAL CONSULTANTS LTD.",XT,STK,132.93,132.93,120.27,120.27,120.27,126.6,117,5696,708411,
511628,"FEDDERS HOLDING LIMITED",X,STK,48.9,48.99,45.67,48.03,48.4,48.19,433,146174,6913444,
511630,"SAMBHAAV MEDIA LTD.",T,STK,7.32,7.84,7.32,7.74,7.74,7.51,15,1243,9542,
511636,"DJS STOCK & SHARES LTD.",X,STK,2.39,2.48,2.38,2.4,2.4,2.38,90,11892,28566,
511644,"OMEGA INTERACTIVE TECHNOLOGIES",XT,STK,70.65,70.65,63.95,63.95,63.95,67.3,534,102905,6939165,
511654,"SUGAL & DAMANI SHARE BROKERS L",X,STK,66.1,66.11,62.95,66,66,68.5,32,1913,123249,
511658,"NETTLINX LTD.",X,STK,18.16,19.85,18.11,18.4,18.4,18.51,68,5643,105593,
511660,"PREMIUM CAPITAL MARKET & INVES",XT,STK,7.87,7.87,7.87,7.87,7.87,7.87,4,401,3155,
511664,"BGIL FILMS & TECHNOLOGIES LTD.",X,STK,10.12,10.5,9.16,9.16,9.16,10.17,226,95795,901552,
511672,"Scan Steels Limited",X,STK,32.25,32.25,30.6,31.2,31.7,31.3,59,4672,146120,
511676,"GIC HOUSING FINANCE LTD.",B,STK,161.6,161.6,157.05,160.15,160.25,162.45,129,3952,631454,
511692,"AJCON GLOBAL SERVICES LTD.",X,STK,6.04,6.41,5.63,5.89,6.25,6.11,54,3634,21203,
511696,"CHARTERED CAPITAL & INVESTMENT",X,STK,283.9,283.9,271,271,271,285,4,9,2523,
511700,"STANDARD CAPITAL MARKETS LTD.",X,STK,0.5,0.55,0.5,0.53,0.53,0.5,1371,17489074,9238930,
511702,"YOGI LIMITED",X,STK,160,163,160,161.95,163,160,37,4459,716372,
511710,"CUBICAL FINANCIAL SERVICES LTD",XT,STK,2.19,2.22,2.1,2.13,2.13,2.14,34,19208,41592,
511712,"RELIC TECHNOLOGIES LTD.",X,STK,75.5,80.7,75.5,76,76,81.53,22,7672,613361,
511714,"NIMBUS PROJECTS LTD.",X,STK,205,209.5,200.35,200.35,200.35,210.85,30,8782,1817541,
511716,"Invigorated Business Consultin",X,STK,6.04,6.36,5.95,6.3,6.3,5.92,26,6912,42279,
511724,"BAID FINSERV LIMITED",B,STK,11.11,11.64,11.11,11.2,11.12,11.39,33,2637,29600,
511726,"VIPUL LTD.",T,STK,10.08,10.28,10.08,10.09,10.09,10.28,23,12189,123253,
511728,"K.Z.LEASING & FINANCE LTD.",XT,STK,16.5,16.71,16.5,16.7,16.7,17.21,21,3535,59034,
511730,"Avasara Finance Limited",XT,STK,16.31,16.31,16.31,16.31,16.31,16.31,2,290,4729,
511742,"UGRO CAPITAL LIMITED",B,STK,135.2,138.25,129,129.5,129.05,135.1,222,8347,1102798,
511754,"SHALIBHADRA FINANCE LTD.",X,STK,96.8,96.8,92.15,93.81,94.5,96.8,44,2781,261353,
511756,"ABIRAMI FINANCIAL SERVICES (IN",Z,STK,37.67,37.67,35.8,36.5,36.5,37.67,6,12,440,
511758,"MANSI FINANCE (CHENNAI) LTD.",X,STK,76.61,76.61,71.11,71.16,71.16,76.61,13,382,27368,
511764,"Aastamangalam Finance Limited",X,STK,37,37.75,34.95,35.9,35.9,36,19,50699,1819717,
511766,"MUTHOOT CAPITAL SERVICES LTD.",B,STK,282,282,230.7,231.55,231,235.3,116,1126,262849,
511768,"MASTER TRUST LTD.",B,STK,86.1,86.1,83,83.25,83,86.65,68,1494,126188,
512008,"EFC (I) LIMITED",B,STK,268.75,270.6,249.85,257.1,257.5,268.35,719,31861,8180196,
512014,"SOBHAGYA MERCHANTILE LTD.",X,STK,772.6,780,745.1,746.25,745.1,768.8,26,467,356034,
512018,"TOMORROW TECHNOLOGIES GLOBAL I",X,STK,8.08,8.4,7.8,8.22,8.35,8.29,70,50877,418531,
512020,"SARASWATI COMMERCIAL (INDIA) L",B,STK,11777,12200,11777,11999,11999,12073.5,22,141,1695078,
512024,"N.D.METAL INDUSTRIES LTD.",XT,STK,99.55,99.55,99.55,99.55,99.55,94.81,6,59,5873,
512025,"BANGANGA PAPER INDUSTRIES LIMI",X,STK,51.02,52.99,49.24,52.54,52.7,52.73,508,281293,14517919,
512036,"SKYBIOTECH HEALTHCARE LIMITED",X,STK,144.9,144.9,144.9,144.9,144.9,138.95,1,71,10287,
512038,"TCC CONCEPT LIMITED",B,STK,460,479,453,455.45,455,452.75,666,8383,3846645,
512047,"ROYAL INDIA CORPORATION LIMITE",X,STK,6.37,6.37,6.14,6.23,6.28,6.37,156,84505,525704,
512048,"DHANSAFAL FINSERVE LIMITED",X,STK,2.37,2.42,2.36,2.41,2.42,2.44,98,34052,81370,
512064,"VISHVPRABHA VENTURES LIMITED",X,STK,61,62.5,59.8,59.95,59.95,59.8,18,296,18253,
512065,"MRUGESH TRADING LTD.",XT,STK,10.37,10.37,10.37,10.37,10.37,10.17,1,89,922,
512068,"DECCAN GOLD MINES LTD.",B,STK,127,128.75,121.1,127,127,127.35,4443,762081,95113121,
512070,"UPL LIMITED",A,STK,712.8,736.2,712.8,733.85,734.45,724.65,767,17176,12549593,
512093,"CRANES SOFTWARE INTERNATIONAL",Z,STK,4.47,4.49,4.22,4.45,4.45,4.35,86,73746,328452,
512097,"SAIANAND COMMERCIAL LIMITED",X,STK,0.3,0.3,0.28,0.29,0.29,0.29,148,382755,112748,
512103,"NIDHI GRANITES LTD.",X,STK,318,320,318,320,320,318,9,369,117701,
512115,"ROSE MERC.LTD.",X,STK,76,81.21,66,69.45,68.96,67.68,137,74622,5573748,
512131,"SIGNET INDUSTRIES LIMITED",B,STK,48.99,50.28,48.8,48.8,48.8,51.05,17,953,47497,
512149,"AVANCE TECHNOLOGIES LTD.",XT,STK,1.26,1.3,1.2,1.22,1.22,1.24,3822,9520849,11980075,
512161,"SECUREKLOUD TECHNOLOGIES LIMIT",T,STK,22.25,22.88,21.9,22.5,22.5,22.88,18,1648,36293,
512165,"ABANS ENTERPRISES LTD",X,STK,25.6,26,24.5,24.95,24.95,25.01,28,1019,25469,
512169,"CAPRICORN SYSTEMS GLOBAL SOLUT",XT,STK,9.89,10.2,9.89,9.9,9.9,10.41,9,3949,39166,
512175,"VAMA INDUSTRIES LTD.",X,STK,4.24,4.24,3.78,3.82,3.84,4.2,213,242736,933862,
512179,"SUNTECK REALTY LTD.",A,STK,394.85,400.05,392.8,398,398,398.75,122,1135,451368,
512197,"SILVER OAK COMMERCIAL LTD.",Z,STK,5.34,5.34,5.08,5.08,5.08,5.34,18,482,2455,
512217,"PRISM MEDICO AND PHARMACY LTD.",X,STK,16.99,17.44,16.05,16.95,16.95,16.96,40,1655,27740,
512229,"VERITAS (INDIA) LTD.",XT,STK,181.45,181.65,176.1,176.85,177,179.65,65,2467,437428,
512237,"JAI CORP LTD.",B,STK,113.5,116.5,111.6,114.8,114.8,113.45,435,16551,1899825,
512247,"ASHIRWAD CAPITAL LTD.",X,STK,2.7,2.7,2.61,2.68,2.68,2.68,210,31376,83709,
512257,"SWASTI VINAYAKA ART AND HERITA",X,STK,3.45,3.59,3.27,3.5,3.54,3.49,96,19201,67180,
512267,"MEDIA MATRIX WORLDWIDE LTD.",B,STK,9.41,9.55,9.15,9.39,9.39,9.4,125,81347,764035,
512277,"AUTORIDERS INTERNATIONAL LTD.",XT,STK,554,554,509.75,509.75,509.75,536.55,98,1669,858537,
512279,"N2N TECHNOLOGIES LIMITED",Z,STK,29,29,28.5,28.5,28.5,30,2,2,57,
512296,"BHAGYANAGAR INDIA LTD.",T,STK,159.15,160.95,151.2,158.25,158.25,159.15,287,17131,2652295,
512297,"Shantai Industries Limited",XT,STK,32.71,32.71,32.71,32.71,32.71,32.07,7,1136,37158,
512301,"CHAMBAL BREWERIES & DISTILLERI",XT,STK,21.75,21.75,21.75,21.75,21.75,22.19,39,58775,1278356,
512329,"SG MART LIMITED",B,STK,424.65,432.4,416.35,426.45,422.25,418.7,639,27406,11728063,
512344,"ARAVALI SECURITIES & FINANCE L",X,STK,4.69,4.69,4.68,4.69,4.69,4.47,15,4712,22097,
512345,"YASH TRADING & FINANCE LTD.",XT,STK,123.4,123.55,123.4,123.5,123.5,129.85,3,34,4199,
512361,"CUPID BREWERIES AND DISTILLERI",X,STK,36.51,38.65,36.11,36.51,36.51,37.61,203,50695,1857617,
512379,"CRESSANDA RAILWAY SOLUTIONS LI",X,STK,2.89,2.89,2.75,2.77,2.79,2.89,894,585210,1640963,
512381,"STARTECK FINANCE LIMITED",B,STK,275,278.7,270,270,270,278,28,3262,897002,
512393,"SHARDUL SECURITIES LTD.",X,STK,32.4,32.4,30,30.26,31.8,29.7,25,525,16766,
512399,"SERA INVESTMENTS & FINANCE IND",X,STK,39,39.9,37.8,39.9,39.9,38,96,52700,2072651,
512405,"I-POWER SOLUTIONS INDIA LTD.",XT,STK,23.42,23.42,23.42,23.42,23.42,23.42,1,250,5855,
512415,"MERCURY TRADE LINKS LTD.",X,STK,6.26,6.47,6.12,6.19,6.15,6.29,81,27727,174807,
512425,"NIRAV COMMERCIALS LTD.",X,STK,653,653,653,653,653,653,1,1,653,
512437,"APOLLO FINVEST (INDIA) LTD.",X,STK,399.95,399.95,375,376.95,376.95,402.05,81,966,369595,
512441,"Enbee Trade &amp; Finance Ltd",X,STK,0.41,0.42,0.4,0.4,0.41,0.4,337,2527314,1021354,
512443,"Ganon Products Limited",X,STK,14.66,15.2,14.65,14.66,14.66,14.48,9,657,9859,
512453,"SHRI JAGDAMBA POLYMERS LTD.",X,STK,609,643.95,609,623.3,625,657,114,1810,1133881,
512455,"LLOYDS METALS AND ENERGY LTD.",A,STK,1187.9,1190,1172.55,1187.35,1186.35,1190.6,826,22359,26458992,
512463,"LLOYDS ENTERPRISES LIMITED",A,STK,55.3,55.3,53.86,54.73,55.2,55.31,605,74143,4033000,
512477,"BETEX INDIA LTD.",X,STK,333,333,310,333,333,302.75,49,2626,872368,
512481,"POLYTEX INDIA LTD.",XT,STK,5.15,5.38,5.11,5.38,5.38,5.13,49,18349,94886,
512485,"DHANLAXMI COTEX LTD.",X,STK,85.31,85.31,85.31,85.31,85.31,89.5,1,2,170,
512489,"OASIS SECURITIES LTD.",X,STK,13.99,15.38,13.85,15.38,15.38,13.99,49,37179,556494,
512493,"GARNET INTERNATIONAL LTD.",XT,STK,64.94,64.98,62.5,63.11,64,63.47,57,5919,374811,
512499,"SHALIMAR PRODUCTIONS LTD.",X,STK,0.49,0.49,0.49,0.49,0.49,0.49,109,48950,23985,
512519,"DONEAR INDUSTRIES LTD.",B,STK,93.02,93.62,92.07,92.88,92.88,94.84,24,1325,122846,
512527,"SUPER SALES INDIA LTD.",X,STK,642,643.95,610,620,620,641.5,52,1171,725718,
512529,"VIYASH SCIENTIFIC LIMITED",B,STK,218.05,218.95,210.7,211.9,211.9,216,1222,39486,8519161,
512531,"STATE TRADING CORPORATION OF I",B,STK,116.2,120.7,116.2,119.25,119,119.25,12,149,17710,
512559,"KOHINOOR FOODS LTD.",B,STK,26.05,26.05,24.52,25.2,25.7,25.21,316,8011,202028,
512573,"AVANTI FEEDS LTD.",A,STK,1397.95,1415,1326.7,1346.05,1346.05,1425.8,11953,257301,352785957,
512587,"ZODIAC-JRD-MKJ LTD.",X,STK,40.8,42,37.5,37.68,38.27,40.8,144,11285,430515,
512589,"SITA ENTERPRISES LTD.",X,STK,146.4,175.5,146.4,162.65,175,159.9,66,1838,296239,
512591,"PULSAR INTERNATIONAL LTD.",XT,STK,1.02,1.02,1.02,1.02,1.02,1.07,546,1541641,1572473,
512595,"Manbro Industries Limited",XT,STK,848,848,768.55,797.9,803.5,809,25,95,74198,
512597,"KEYNOTE FINANCIAL SERVICES LIM",B,STK,325,325,301,301,301,319.5,60,373,115752,
512599,"ADANI ENTERPRISES LTD.",A,STK,2112.1,2189,2103.95,2184.65,2184.65,2141.35,5927,66255,142629340,
512600,"ASTAL LABORATORIES LIMITED",X,STK,79.9,81.9,76.05,77.05,77.05,79.33,84,8120,636287,
512604,"HARIA EXPORTS LTD.",X,STK,6.87,7.55,6.87,7.01,7.01,6.87,39,16551,119090,
512608,"BHANDARI HOSIERY EXPORTS LTD.",B,STK,4.02,4.11,4.02,4.08,4.08,4.02,93,6798,27549,
512618,"RLF LTD.",X,STK,11.79,11.79,11.5,11.5,11.5,11.8,2,150,1754,
512624,"Regent Enterprises Limited",X,STK,6.59,6.69,6.34,6.37,6.44,6.59,79,34781,223730,
512634,"SAVERA INDUSTRIES LTD.",X,STK,155,158,150.05,152,152,155.1,34,3385,517464,
513005,"Chrome Silicon Limited",X,STK,45.31,47,44,44,44,44.42,10,126,5688,
513023,"NAVA LIMITED",A,STK,545.75,555,545.75,550.75,547,554.5,487,9249,5084997,
513043,"REMI EDELSTAHL TUBULARS LIMITE",X,STK,125,135,125,127.5,128,132.05,30,2360,298035,
513059,"G.S.AUTO INTERNATIONAL LTD.",X,STK,34,34.5,33,33.56,34.37,33.4,64,6567,220110,
513063,"TRANS-FREIGHT CONTAINERS LTD.",X,STK,23.05,24.15,23.05,24,24,23.04,17,3120,73560,
513097,"SHIVALIK BIMETAL CONTROLS LTD.",B,STK,524.6,524.6,496.05,498.6,496.05,513.15,164,1556,788362,
513108,"GANDHI SPECIAL TUBES LTD.",B,STK,791,824.9,791,817.85,810.65,799.95,12,28,22586,
513117,"AMFORGE INDUSTRIES LTD.",X,STK,7.19,7.19,6.52,6.9,6.89,6.87,50,12959,87930,
513119,"ONIX SOLAR ENERGY LIMITED",XT,STK,729.1,729.1,729.1,729.1,729.1,721.9,124,11448,8346736,
513121,"ORICON ENTERPRISES LTD.",T,STK,66.5,66.95,64.5,65.42,66.7,66.7,50,8460,552193,
513149,"ACROW INDIA LTD.",X,STK,735,735,735,735,735,735,1,1,735,
513173,"STEEL STRIPS INFRASTRUCTURES L",X,STK,21.99,21.99,19.56,21.7,21.7,20.66,26,903,19079,
513228,"PENNAR INDUSTRIES LTD.",B,STK,145.25,165.7,145.25,162.15,162.15,177.6,5658,476082,73408272,
513250,"JYOTI STRUCTURES LTD.",A,STK,10.83,11.22,10.59,11.07,11.07,10.76,850,616621,6779774,
513252,"JAY USHIN LTD.",X,STK,881.25,881.25,855,871.95,871.95,890.2,28,293,254606,
513262,"STEEL STRIPS WHEELS LTD.",B,STK,221.95,225.7,221,221.7,221,223.2,178,4099,917838,
513269,"MAN INDUSTRIES (INDIA) LTD.",B,STK,418.95,422.6,413.1,416.2,415,423.9,407,9943,4153742,
513295,"IMEC SERVICES LIMITED",X,STK,241.3,241.3,241.3,241.3,241.3,254,59,768,185318,
513303,"MODERN STEELS LTD.",X,STK,14.28,14.54,13.5,13.55,13.5,14,37,6489,89548,
513307,"SYNTHIKO FOILS LTD.",XT,STK,2027,2027,2027,2027,2027,2133.65,54,310,628370,
513309,"Golkonda Aluminium Extrusions",XT,STK,8.39,8.39,7.82,7.89,8.27,8.23,64,22943,182149,
513337,"GUJARAT TOOLROOM LTD.",B,STK,0.65,0.66,0.6,0.62,0.62,0.66,2118,8320778,5152554,
513343,"GRAND FOUNDRY LTD.",T,STK,10.46,10.46,10.46,10.46,10.46,10.46,3,6640,69454,
513349,"AJMERA REALTY & INFRA INDIA LT",B,STK,137.9,138.55,134.85,137.15,136.05,138.1,254,11040,1512398,
513353,"COCHIN MINERALS & RUTILE LTD.",X,STK,264.25,272.95,260.1,261.2,261,267.4,118,4124,1090244,
513361,"India Homes Limited",X,STK,13.31,14.49,12.9,14.01,14.01,13.25,1253,1629329,22488111,
513369,"KRISHANVEER FORGE LIMITED",X,STK,127,136,126.8,132.85,132.9,131.5,28,668,87607,
513375,"CARBORUNDUM UNIVERSAL LTD.",A,STK,834.05,834.05,801.95,819.4,816.5,826.7,938,24600,20012046,
513377,"MMTC LTD.",A,STK,63.92,63.92,63.12,63.31,63.49,63.89,627,114000,7236667,
513397,"VALLABH STEELS LTD.",X,STK,11.86,11.86,11.51,11.51,11.51,11.3,5,54,637,
513401,"ASHIANA ISPAT LTD.",Z,STK,27.36,27.41,26.11,27.06,27.41,26.11,79,81135,2197101,
513403,"P.M.TELELINNKS LTD.",XT,STK,11.62,11.62,11.62,11.62,11.62,11.62,12,2703,31408,
513418,"SMITHS & FOUNDERS (INDIA) LIMI",X,STK,4.8,4.9,4.71,4.88,4.88,4.83,58,38216,184999,
513422,"BLOOM INDUSTRIES LTD.",X,STK,35.7,35.7,31.51,32.01,32.01,35,15,230,7380,
513430,"Maitri Enterprises Limited",X,STK,34.86,34.86,34.86,34.86,34.86,34.01,2,2,69,
513436,"SHAH ALLOYS LTD.",B,STK,66.19,66.19,66.19,66.19,66.19,66.1,1,8,529,
513452,"ELANGO INDUSTRIES LTD.",X,STK,8.22,8.22,8.22,8.22,8.22,8.22,2,3,24,
513456,"KANISHK STEEL INDUSTRIES LTD.",X,STK,56.64,56.64,51.5,54.6,55.5,54.46,96,33436,1791533,
513460,"MAHALAXMI SEAMLESS LTD.",Z,STK,8.32,9.18,8.32,8.5,8.5,8.75,14,2888,24723,
513472,"SIMPLEX CASTINGS LTD.",X,STK,472.2,472.2,454.05,468.85,468.9,466.8,87,12467,5737849,
513488,"SHREE STEEL WIRE ROPES LTD.",X,STK,19.35,19.35,19,19.35,19.35,19.18,8,1112,21385,
513496,"SIZEMASTERS TECHNOLOGY LIMITED",XT,STK,269.4,269.4,269.4,269.4,269.4,264.2,7,211,56843,
513498,"SOUTHERN MAGNESIUM & CHEMICALS",X,STK,88,90.9,84.22,84.83,85.01,90.36,37,964,83003,
513502,"BARODA EXTRUSION LTD.",XT,STK,9.99,10.28,9.52,9.98,9.9,9.99,450,200585,1978615,
513507,"GUJARAT CONTAINERS LTD.",P,STK,169.55,169.55,169.55,169.55,169.55,169.5,2,200,33910,
513509,"KALYANI FORGE LTD.",B,STK,656.2,744,651,656.05,652.05,662.1,78,684,479222,
513511,"PANCHMAHAL STEEL LTD.",X,STK,351.25,357.5,343.05,345.3,349,351.2,28,1400,485402,
513513,"ADITYA ISPAT LTD.",X,STK,10.35,10.4,10.35,10.35,10.35,10.35,15,744,7717,
513517,"STEELCAST LTD.",B,STK,220.75,237.25,220.05,227.35,227.35,223.55,81,1593,359535,
513519,"PITTI ENGINEERING LIMITED",B,STK,901.5,907.95,878.55,881.25,878.55,901.45,166,1961,1750787,
513528,"GLITTEK GRANITES LTD.",XT,STK,51.74,51.74,49.28,51.74,51.74,49.28,692,333472,17225523,
513532,"PRADEEP METALS LTD.",X,STK,299,333,299,330.15,330,303.7,762,53726,17405348,
513536,"GUJARAT NATURAL RESOURCES LIMI",X,STK,105.5,109,102.1,103.95,104.4,104.7,516,55482,5851472,
513540,"TAMILNADU STEEL TUBES LTD.",P,STK,37.24,37.24,37.24,37.24,37.24,39.19,1,100,3724,
513544,"MARDIA SAMYOUNG CAPILLARY TUBE",X,STK,106.5,106.5,106.5,106.5,106.5,107.55,11,53,5644,
513548,"SHARDA ISPAT LTD.",X,STK,181.1,197,175,179.3,179.3,198.95,68,1006,182948,
513554,"MAHAMAYA STEEL INDUSTRIES LTD.",T,STK,716,735,716,730.1,730.1,716,39,1166,839826,
513566,"NOVA IRON & STEEL LTD.",X,STK,12.77,14.38,12.77,12.84,13,12.97,47,3367,43960,
513575,"STERLING POWERGENSYS LTD",X,STK,28.59,28.59,23.16,24.32,24.73,28.03,158,20711,513267,
513599,"HINDUSTAN COPPER LTD.",A,STK,587.75,587.75,568.05,574.45,574.45,590.35,26765,1476285,850702313,
513629,"TULSYAN NEC LTD.",X,STK,31,31,29.55,29.55,29.55,31.1,24,2607,78767,
513642,"AXEL POLYMERS LTD.",X,STK,44.95,45.16,44.95,45.16,45.16,44.94,4,33,1487,
513683,"NLC India Limited",A,STK,258.05,258.65,253.65,256.9,256.9,259.5,1193,52529,13431559,
513687,"SPECTRA INDUSTRIES LTD.",Z,STK,6.19,6.19,5.77,5.77,5.77,6.07,21,505,2915,
513693,"KIC METALIKS LTD.",X,STK,30,30.1,29.3,29.68,30,30,14,3195,95144,
513699,"SOLID STONE COMPANY LTD.",X,STK,26.2,30.5,26.2,27.57,29.4,29.46,25,228,6584,
513709,"SHILP GRAVURES LTD.",X,STK,179,184.95,176.3,181.5,181.25,179.9,73,3476,627464,
513713,"White Organic Agro Limited",X,STK,4.05,4.05,3.73,3.9,3.98,4,118,38728,151935,
513721,"MFS INTERCORP LTD.",X,STK,13.99,14.68,13.99,14.01,14.01,13.99,10,107,1549,
513729,"ARO GRANITE INDUSTRIES LTD.",B,STK,32.01,32.8,27.99,28.27,28.15,28.25,31,1758,50543,
514010,"RUDRA ECOVATION LIMITED",X,STK,23.16,23.8,22.8,23.71,23.44,23.64,86,76767,1793463,
514028,"RAJKAMAL SYNTHETICS LTD.",X,STK,41.99,45.8,39.2,41.5,41.5,41.79,13,680,27854,
514030,"DEEPAK SPINNERS LTD.",X,STK,125.4,127.5,122,127.5,127.5,128.05,51,3412,425770,
514036,"LOYAL TEXTILE MILLS LTD.",T,STK,232.05,238.45,231.8,237.3,238.4,243.95,9,343,79716,
514043,"HIMATSINGKA SEIDE LTD.",B,STK,110.9,111.35,108.3,108.7,108.3,110.9,206,7867,862196,
514045,"BSL LTD.",B,STK,135,135.05,130.45,133,133,138.65,27,539,71451,
514060,"NEWTRAC FOODS & BEVERAGES LIMI",X,STK,4.9,5.18,4.72,4.83,4.98,4.92,48,4226,20304,
514087,"PBM POLYTEX LTD.",X,STK,55.9,57.35,55,56.69,56.97,55.73,35,3241,180164,
514113,"ADINATH TEXTILES LTD.",XT,STK,22.96,22.96,22.96,22.96,22.96,22.96,1,39,895,
514128,"KONARK SYNTHETIC LTD.",Z,STK,47.14,47.14,45.8,46.8,46.8,44.9,6,19,890,
514138,"SURYALATA SPINNING MILLS LTD.",X,STK,361.05,368.9,333.3,346.6,346.6,371.9,151,5587,1975367,
514140,"SURYAVANSHI SPINNING MILLS LTD",XT,STK,21.38,21.38,20.32,20.32,20.32,21.38,7,406,8255,
514142,"T T LTD.",B,STK,10.8,10.8,9.6,9.86,9.86,9.84,26,986,9543,
514162,"WELSPUN LIVING LIMITED",A,STK,141.1,142.1,137.8,138.25,138.25,141.2,1664,154577,21567631,
514165,"INDIAN ACRYLICS LTD.",X,STK,6.19,6.33,5.9,6,6,6.21,102,32329,196279,
514167,"GANESHA ECOSPHERE LTD.",A,STK,791,812.85,785,799.65,793.75,803.6,378,3188,2545917,
514171,"CEETA INDUSTRIES LTD.",XT,STK,48.9,48.9,44.64,46.21,46.99,46.98,40,2371,111462,
514175,"VARDHMAN POLYTEX LTD.",B,STK,7.42,8.49,7.15,7.97,8.09,7.42,939,415295,3239711,
514177,"RISHAB SPECIAL YARNS LTD.",XT,STK,54.27,54.27,51.9,51.96,51.9,51.69,4,301,15642,
514183,"BLACK ROSE INDUSTRIES LTD.",X,STK,87.5,89.9,83.9,85,85,88.81,616,30320,2604492,
514197,"S&T CORPORATION LTD.",X,STK,4.48,4.48,4.21,4.32,4.32,4.39,56,14151,60707,
514211,"SUMEET INDUSTRIES LTD.",B,STK,25.66,25.95,24.4,24.82,24.94,25.66,211,5090,128165,
514221,"K-LIFESTYLE & INDUSTRIES LIMIT",Z,STK,0.24,0.24,0.23,0.23,0.23,0.24,108,195985,45407,
514223,"RAMGOPAL POLYTEX LTD.",XT,STK,18.5,18.5,18,18,18,18.28,5,240,4437,
514234,"SANGAM (INDIA) LTD.",B,STK,467.4,469.95,458.6,461,461,467.75,56,621,287607,
514238,"MKVENTURES CAPITAL LIMITED",X,STK,920.2,990,900.1,919.45,918.8,954,99,1948,1807756,
514240,"Kush Industries Limited",X,STK,6.89,6.89,6.52,6.59,6.78,6.9,43,3463,23004,
514264,"SEASONS TEXTILES LTD.",X,STK,18.2,18.2,17.35,17.95,18.2,18,7,326,5851,
514266,"ZENITH FIBRES LTD.",X,STK,54.06,55.98,52,54,54,55.2,20,928,49184,
514272,"BHILWARA SPINNERS LTD.",X,STK,112,117.65,111.85,117.65,117.65,111.9,22,6935,784811,
514274,"VARVEE GLOBAL LIMITED",B,STK,137,137,132.45,132.45,132.45,136.05,48,758,102098,
514280,"SANRHEA TECHNICAL TEXTILES LTD",X,STK,155,170,140.2,149.05,150,147.95,20,1776,280534,
514286,"ASHIMA LTD.",B,STK,16.59,16.59,16.2,16.47,16.55,16.76,41,6421,105848,
514300,"PIONEER EMBROIDERIES LTD.",B,STK,27.35,27.35,27.35,27.35,27.35,27.35,2,100,2735,
514302,"VIPPY SPINPRO LTD.",X,STK,150.7,151,149,149.55,149.55,151.5,21,995,148408,
514312,"JAIHIND SYNTHETICS LTD.",XT,STK,55.95,55.95,55.95,55.95,55.95,53.5,1,2,111,
514316,"RAGHUVIR SYNTHETICS LTD.",X,STK,104.5,106.35,104,104.2,104,104.5,16,376,39294,
514318,"JATTASHANKAR INDUSTIES LTD.",XT,STK,420,424,402.8,421,421,424,14,147,60479,
514322,"KAMADGIRI FASHION LTD.",X,STK,80,84.99,78,83.99,83.99,85.29,23,338,27310,
514324,"OMNITEX INDUSTRIES (INDIA) LTD",X,STK,572,656,530,570,570,550,176,5235,2967973,
514326,"PATSPIN INDIA LTD.",X,STK,8.6,8.6,7.42,7.83,8.35,8.25,39,910,7293,
514330,"ONE GLOBAL SERVICE PROVIDER LI",XT,STK,787.65,787.65,771.05,783.35,783.35,750.15,884,57267,45027349,
514332,"NEO INFRACON LTD.",X,STK,41,41,35.01,38.03,38.03,37.69,29,300,11098,
514336,"GENESIS IBRC INDIA LIMITED",XT,STK,65.84,65.84,62.55,62.55,62.55,65.84,7,150,9398,
514348,"WINSOME YARNS LTD.",Z,STK,1.74,1.74,1.74,1.74,1.74,1.71,9,3117,5423,
514354,"PREMIER POLYFILM LTD.",B,STK,48.3,54.5,48.3,54.28,54.5,52.75,114,6661,355228,
514358,"EVERLON FINANCIALS LIMITED",X,STK,77.5,89,77.5,89,89,84.11,25,1062,86292,
514360,"K&R RAIL ENGINEERING LIMITED",XT,STK,32.3,32.3,31,31.67,31.79,31.92,303,32726,1037680,
514378,"YARN SYNDICATE LTD.",X,STK,12.84,13.97,12.01,12.53,12.03,12.84,51,11310,145901,
514386,"GUJARAT COTEX LTD.",X,STK,9.14,9.39,9,9.09,9.11,9.26,263,66159,603834,
514400,"GARWARE SYNTHETICS LTD.",XT,STK,26.51,29.1,26.51,26.58,27.95,27.87,14,480,12776,
514402,"ECO HOTELS AND RESORTS LIMITED",X,STK,13.99,13.99,13.1,13.5,13.59,13.17,35,11141,149223,
514412,"SARUP INDUSTRIES LTD.",XT,STK,165.15,165.15,165.15,165.15,165.15,161.95,2,2,330,
514414,"OXFORD INDUSTRIES LTD.",XT,STK,7.84,7.84,7.84,7.84,7.84,7.69,6,1210,9486,
514418,"MANGALAM ORGANICS LIMITED",B,STK,409,413.25,391,403.3,403.3,409,173,776,312174,
514428,"HINDUSTAN ADHESIVES LTD.",X,STK,310.9,314.3,301,303.1,307.9,297.9,61,1012,309060,
514440,"Blue Pearl Agriventures Limite",T,STK,48.56,48.56,46.14,47.36,47.7,48.56,101,15408,730019,
514442,"SRI KPR INDUSTRIES LTD.",X,STK,23.5,23.5,22.45,22.55,22.45,21.97,40,5162,117878,
514448,"JYOTI RESINS & ADHESIVES LTD.",B,STK,870.5,937.9,850,880.2,893.9,877.85,2019,23947,21370790,
514454,"SOUTHERN LATEX LTD.",X,STK,35.79,35.79,35.79,35.79,35.79,34.09,5,412,14745,
514460,"OSWAL YARNS LTD.",XT,STK,16.22,17.3,16.22,17.3,17.3,16.55,13,629,10396,
514470,"WINSOME TEXTILE INDUSTRIES LTD",B,STK,78,80.5,77.01,79.01,80.4,78.49,49,6944,551458,
515008,"MODERN INSULATORS LTD.",X,STK,289,289,275.5,275.5,275.5,290,568,76710,21249908,
515018,"REGENCY CERAMICS LTD.",B,STK,44.36,44.36,44.35,44.35,44.35,41.2,2,100,4435,
515030,"ASAHI INDIA GLASS LTD.",A,STK,950.25,956.75,933,937.5,936.4,958.1,240,2641,2492614,
515037,"MURUDESHWAR CERAMICS LTD.",B,STK,35.02,35.98,35.02,35.03,35.02,35,55,4387,156181,
515043,"SAINT-GOBAIN SEKURIT INDIA LTD",B,STK,101.25,101.95,100.6,101,101,101.25,158,7538,761689,
515055,"ANANT RAJ LIMITED",A,STK,529.35,545.9,525.1,543.55,543.55,533.35,4821,190218,102236782,
515059,"MADHUSUDAN INDUSTRIES LTD.",X,STK,31.7,31.7,31.7,31.7,31.7,31.99,1,500,15850,
515085,"RESTILE CERAMICS LTD.",X,STK,6.86,7.54,6.6,6.75,6.72,6.86,77,12577,88034,
515093,"MADHAV MARBLES & GRANITES LTD.",B,STK,37.75,37.75,36.5,36.52,36.52,38.69,9,430,15748,
515127,"Ramasigns Industries Limited",Z,STK,1.07,1.07,0.97,1.01,1.01,1.02,54,27379,26964,
515147,"HALDYN GLASS LTD",X,STK,101.83,101.83,95,96.22,95.5,101.84,429,68319,6610566,
516003,"DUROPLY INDUSTRIES LIMITED",X,STK,149,156.9,139.95,148,149.05,153,49,2069,301208,
516016,"SHREYANS INDUSTRIES LTD.",B,STK,153,153,147.5,147.5,147.5,151.15,35,340,50910,
516020,"AGIO PAPER & INDUSTRIES LTD.",X,STK,4.03,4.23,4.03,4.23,4.23,4.03,3,103,415,
516022,"STAR PAPER MILLS LTD.",B,STK,144.6,145.3,143.7,145.2,144.9,145.5,20,155,22441,
516030,"PAKKA LIMITED",B,STK,85.05,89.89,85.05,87.51,89.14,90,116,3770,330495,
516032,"TAHMAR ENTERPRISES LIMITED",X,STK,7.45,7.48,7.16,7.23,7.22,7.45,67,8317,60718,
516038,"SOMA PAPERS & INDUSTRIES LTD.",XT,STK,264.85,264.85,264.85,264.85,264.85,252.25,28,2602,689139,
516062,"NATIONAL PLYWOOD INDUSTRIES LT",Z,STK,4.88,4.88,4.88,4.88,4.88,4.79,6,1540,7515,
516064,"Arrow Greentech Limited",B,STK,428,430.8,414.8,425.1,423.05,430.9,181,1029,436928,
516072,"VISHNU CHEMICALS LTD.",B,STK,509,514,504.75,504.85,506.3,514,53,781,398532,
516078,"JUMBO BAG LTD.",X,STK,61.84,64.45,60.3,63.2,63.2,62.7,88,1475,92671,
516082,"N.R.AGARWAL INDUSTRIES LTD.",B,STK,461.05,467.4,449.35,449.35,449.35,452,9,71,31992,
516092,"3P LAND HOLDINGS LTD.",B,STK,33.66,35,33.36,35,35,34.01,13,257,8673,
516096,"SANGAL PAPERS LTD.",X,STK,206,206,199,199,199,196.35,3,7,1423,
516098,"VENTURA TEXTILES LTD.",X,STK,9.15,9.15,8.8,8.84,9.06,9.09,57,2337,20785,
516106,"SHREE KARTHIK PAPERS LTD.",X,STK,7.44,7.8,7.2,7.21,7.2,7.44,42,2024,15148,
516108,"SOUTH INDIA PAPER MILLS LTD.",X,STK,91.6,94,91.6,92.6,92.6,92,17,9983,924509,
516110,"FAMILY CARE HOSPITALS LIMITED",X,STK,3.49,3.53,3.37,3.45,3.45,3.49,200,49394,169156,
517015,"VINDHYA TELELINKS LTD.",B,STK,1112.25,1112.4,1075,1080.8,1080.8,1110.55,131,484,528932,
517035,"RIR POWER ELECTRONICS LIMITED",B,STK,182.6,183,178,182.3,182.3,181.7,1291,95441,17217799,
517041,"ADOR WELDING LTD.",B,STK,1047.95,1059.45,1039.55,1045.65,1046.95,1046.05,55,325,339863,
517044,"INTERNATIONAL DATA MANAGEMENT",X,STK,34.11,35.8,32.41,35.8,35.79,34.11,11,78,2581,
517059,"SALZER ELECTRONICS LTD.",B,STK,650.4,667,638.55,643.3,647.5,662.15,221,5835,3815400,
517063,"JETKING INFOTRAIN LTD.",X,STK,136.2,136.2,130.35,132.75,131.8,136.85,133,6842,905316,
517096,"APLAB LTD.",X,STK,80,86,76.5,78.97,78.97,78.5,69,2407,193698,
517119,"PCS TECHNOLOGY LTD.",X,STK,22.5,22.5,21.06,21.25,21.25,21.35,34,3460,73859,
517146,"USHA MARTIN LTD.",A,STK,409.5,424.4,406.5,415,415,409.5,706,16720,6971620,
517166,"SPEL SEMICONDUCTOR LTD.",X,STK,153.55,160.4,153,158.75,158.75,153.6,1329,62002,9828425,
517168,"SUBROS LTD.",B,STK,793.1,798.05,780.95,785.95,788,803.05,186,1446,1139573,
517170,"Edvenswa Enterprises Limited",X,STK,28.05,29.25,27.11,27.39,27.25,28.31,176,34945,968135,
517174,"HONEYWELL AUTOMATION INDIA LTD",A,STK,32998.95,32998.95,30921.3,31191.35,31152.05,31360,83,140,4367912,
517201,"SWITCHING TECHNOLOGIES GUNTHER",XT,STK,77,77,76.96,76.96,76.96,78.53,5,2500,192420,
517206,"LUMAX INDUSTRIES LTD.",B,STK,6150,6380.2,6140,6244.6,6285,6164.75,357,1582,9937000,
517214,"DIGISPICE TECHNOLOGIES LIMITED",B,STK,19.45,20.4,18.85,19.3,19.3,19.85,90,11866,228558,
517230,"PAE LTD.",XT,STK,11.73,11.73,11.73,11.73,11.73,11.18,3,3,35,
517236,"CALCOM VISION LTD.",XT,STK,89.45,94.15,89.45,89.6,91.9,94.15,119,15162,1360139,
517238,"DYNAVISION LTD.",X,STK,179,190,179,185,185,172.25,16,2007,361190,
517246,"BCC FUBA INDIA LTD.",X,STK,166,168.95,152.85,155.25,157.9,169.8,494,41827,6474334,
517258,"PRECISION ELECTRONICS LTD.",X,STK,166,172.8,166,170.2,170.2,165.1,12,127,21806,
517264,"FINE-LINE CIRCUITS LTD.",X,STK,90.7,93.25,85.19,90.49,90.49,89.66,67,1245,112704,
517271,"HBL ENGINEERING LIMITED",A,STK,758.1,758.1,735,738,738,762.8,5293,163484,121758180,
517273,"S&S POWER SWITCHGEAR LTD.",B,STK,310,323.75,308.35,323.75,323.75,308.35,149,13546,4378521,
517286,"RNIT AI SOLUTIONS LIMITED",X,STK,54.5,57.69,53.99,56.95,56.95,52.71,2840,822165,46038869,
517288,"Gujarat Poly Electronics Limit",X,STK,63.7,64,61.99,63.99,64,63.72,33,836,52527,
517300,"GUJARAT INDUSTRIES POWER CO.LT",B,STK,141.1,143.1,139.5,141.8,141.9,141.25,188,8664,1229671,
517320,"MAGNUS STEEL AND INFRA LIMITED",XT,STK,51.86,51.86,51.86,51.86,51.86,50.85,42,27119,1406391,
517330,"CMI LTD.",Z,STK,4.82,4.82,4.82,4.82,4.82,5.07,1,1,4,
517334,"Samvardhana Motherson Internat",A,STK,129.3,132.9,129.3,132.35,132,131.25,3286,379106,49952104,
517344,"MINDTECK (INDIA) LTD.",B,STK,210.5,221.85,205,219.9,221,212.25,316,6632,1427675,
517354,"HAVELLS INDIA LTD.",A,STK,1391.55,1427.95,1391.55,1421.1,1421.1,1402.1,1078,7473,10600493,
517356,"ACI INFOCOM LTD.",X,STK,1.19,1.19,0.86,1.03,1.03,1.03,341,533820,562108,
517360,"SBEC SYSTEMS (INDIA) LTD.",X,STK,17.93,17.93,15.81,17.47,17.47,16.99,41,585,10065,
517370,"INCAP LTD.",X,STK,76.7,76.7,71.2,73,73,76.8,16,636,45524,
517372,"GUJARAT INTRUX LTD.",X,STK,441,449.95,410,446.2,446.95,448.1,197,2847,1238946,
517380,"IGARASHI MOTORS INDIA LTD.",B,STK,368.2,386.15,368.2,382.9,383.5,368.95,283,3478,1327726,
517385,"SYMPHONY LIMITED",B,STK,872.15,884.85,856.4,860.45,860.45,876.4,680,5976,5171164,
517393,"REGANTO ENTERPRISES LIMITED",Z,STK,11.99,12,11.12,11.2,11.12,11.7,268,67843,771536,
517397,"PAN ELECTRONICS INDIA LTD.",X,STK,38.85,38.85,38.84,38.84,38.84,37,2,53,2059,
517399,"VXL INSTRUMENTS LTD.",XT,STK,3.51,3.87,3.51,3.75,3.75,3.69,13,30025,112073,
517411,"SHYAM TELECOM LTD.",B,STK,9.5,9.8,9.5,9.8,9.8,9.81,5,206,2018,
517415,"LEE & NEE SOFTWARES (EXPORTS)",X,STK,10.4,10.4,9.3,9.45,9.45,9.78,68,7744,76231,
517417,"PATELS AIRTEMP (INDIA) LTD.",X,STK,231.05,238.2,229,231.9,232.3,230.4,135,5370,1254268,
517421,"BUTTERFLY GANDHIMATHI APPLIANC",B,STK,625.25,625.9,607,616.9,616.9,630,166,722,445946,
517423,"INTEGRA SWITCHGEAR LTD.",XT,STK,136,143.1,136,143.1,143.1,136.3,10,155,22144,
517429,"Athena Global Technologies Lim",X,STK,80.9,82,77.05,80,80,76.15,29,2039,163604,
517431,"NARMADA MACPLAST DRIP IRRIGATI",X,STK,24,24.28,22.25,23.05,23.95,24.26,447,127511,2990929,
517447,"R.S.SOFTWARE INDIA LTD.",B,STK,42.65,42.65,39.26,39.73,39.6,40.8,271,7487,298952,
517449,"MAGNA ELECTRO CASTINGS LTD.",X,STK,998,998,900,911.95,920,924.4,86,982,906948,
517467,"MARSONS LIMITED",B,STK,140,141.6,138,139,139,139.3,457,116167,16248725,
517477,"ELNET TECHNOLOGIES LTD.",X,STK,357.9,357.9,341,343.05,343,340.5,8,26,8901,
517494,"ACCEL LIMITED",X,STK,14.07,14.07,13.75,13.86,13.89,14.07,58,1265,17588,
517498,"WEBSOL ENERGY SYSTEM LTD.",A,STK,65.47,66.79,63.96,66.36,65.8,65.76,909,143537,9447859,
517500,"ROTO PUMPS LTD.",B,STK,61.29,62.54,61.11,61.9,61.5,63.13,367,42341,2624462,
517506,"TTK PRESTIGE LTD.",A,STK,588.95,588.95,552.25,557.95,559.4,564.25,150,821,458256,
517514,"D&H INDIA LTD",X,STK,146,149,142.75,144.35,145,146.95,102,9396,1358925,
517522,"RAJRATAN GLOBAL WIRE LTD.",B,STK,465.4,470.2,460.6,467.7,461.5,464.9,149,2488,1162389,
517530,"SURANA TELECOM AND POWER LIMIT",B,STK,18.25,19.06,17.76,18.11,18.11,18.5,364,20269,370660,
517536,"ONWARD TECHNOLOGIES LTD.",B,STK,288.3,290.2,276,278.95,280.25,290.95,202,1811,510314,
517544,"CENTUM ELECTRONICS LTD.",B,STK,2290.05,2473.9,2222,2393,2401,2289.05,983,6569,15696639,
517546,"ALFA TRANSFORMERS LTD.",X,STK,38.51,41.49,38.51,40.34,40,39.24,132,10503,415211,
517554,"NHC FOODS LTD.",X,STK,0.78,0.79,0.75,0.77,0.77,0.77,517,1792151,1396416,
517556,"PVP VENTURES LTD.",B,STK,28.8,29.92,28.75,29.5,29.5,29.2,117,66254,1967515,
517562,"TRIGYN TECHNOLOGIES LTD.",B,STK,59.4,59.97,58.5,59.23,58.5,59.4,20,1528,91207,
517564,"CLENON ENTERPRISES LIMITED",XT,STK,59.97,59.97,59.97,59.97,59.97,59.97,8,461,27646,
517569,"KEI INDUSTRIES LTD.",A,STK,4565.5,4585.95,4469.3,4482.6,4469.3,4565.4,1212,8554,38518160,
518011,"KEERTHI INDUSTRIES LTD.",X,STK,60.81,60.81,57.5,57.98,57.9,60.81,15,943,54693,
518053,"Sri Chakra Cement Limited",XT,STK,52.25,53.89,52.25,52.25,52.25,54.99,15,618,32356,
518075,"SURAJ PRODUCTS LTD.",Z,STK,208.25,208.25,208.25,208.25,208.25,219.2,49,1047,218037,
518091,"ANJANI PORTLAND CEMENT LTD.",B,STK,132,135.25,130,130.05,130,132.05,91,1158,154827,
519003,"MODI NATURALS LIMITED",B,STK,342.5,360.75,342.5,353.6,360.75,359.75,28,500,173799,
519031,"SHAH FOODS LTD.",XT,STK,154.35,154.35,154.35,154.35,154.35,154.35,2,1000,154350,
519064,"KHANDELWAL EXTRACTION LTD.",XT,STK,123.05,123.05,123.05,123.05,123.05,120.65,5,26,3199,
519091,"TASTY BITE EATABLES LTD.",B,STK,7755.05,8749,7755.05,8163,8163,7685.45,381,991,8272427,
519097,"RITESH INTERNATIONAL LTD.",X,STK,64.23,64.23,60.45,60.78,60.8,62.97,25,1018,63025,
519105,"AVT NATURAL PRODUCTS LTD.",B,STK,65.55,66.2,65.43,65.83,65.59,65.96,32,335,22012,
519126,"HINDUSTAN FOODS LTD.",B,STK,501.6,503.25,493.2,499.6,499.85,505.65,110,2147,1071606,
519136,"NAHAR INDUSTRIAL ENTERPRISES L",B,STK,107.94,107.94,103.5,103.89,103.5,107.65,64,2644,281147,
519152,"VADILAL ENTERPRISES LTD.",X,STK,10555,10998,10150,10150,10150,10444.95,15,22,225588,
519156,"VADILAL INDUSTRIES LTD.",B,STK,5160.75,5211.75,5086.25,5190.6,5186.6,5160.75,220,424,2188502,
519174,"ASHIANA AGRO INDUSTRIES LTD.",XT,STK,10.81,10.81,10.81,10.81,10.81,10.3,4,2166,23414,
519183,"ADF FOODS LTD.",B,STK,216,230,216,224.75,224.35,219.45,229,6953,1565284,
519191,"Retro Green Revolution Limited",Z,STK,1.7,1.72,1.61,1.65,1.66,1.69,90,81330,133473,
519214,"WILLIAMSON FINANCIAL SERVICES",X,STK,7.24,7.24,7,7,7,7.24,4,230,1663,
519216,"AJANTA SOYA LTD.",X,STK,28,28,25,25.26,25.3,28.06,1012,232061,5911018,
519230,"KISAAN PARIVAR INDUSTRIES LIMI",X,STK,18.55,19.97,18,18.62,18.62,18.55,26,2802,53962,
519234,"SUPERIOR INDUSTRIAL ENTERPRISE",X,STK,37.6,40.21,34.41,34.95,34.95,41.65,210,63224,2255306,
519238,"SAPTARISHI AGRO INDUSTRIES LTD",X,STK,43.97,43.97,39.85,43.95,43.97,39.98,112,57578,2510546,
519262,"PRIMA AGRO LTD.",X,STK,18.45,18.65,18,18.2,18.2,18,6,181,3330,
519285,"TARAI FOODS LTD.",Z,STK,8.17,8.17,7.5,7.7,7.7,7.79,82,2828,22453,
519287,"MODERN DAIRIES LTD.",X,STK,40.88,40.88,36.26,36.73,36.73,40.49,214,54511,2028759,
519295,"BAMBINO AGRO INDUSTRIES LTD.",X,STK,213.55,213.55,200.3,213.55,213.55,213.55,52,1459,304983,
519299,"PRIME INDUSTRIES LTD.",X,STK,39.14,41.5,36.99,37.09,37.1,39.14,112,16010,595948,
519307,"VIKAS WSP LTD.",Z,STK,1.12,1.12,1.08,1.08,1.09,1.08,60,25328,27676,
519331,"VSF PROJECTS LTD.",X,STK,44.5,44.5,41,41.83,42.46,40,9,40,1690,
519359,"POONA DAL & OIL INDUSTRIES LTD",X,STK,67.53,68.94,63.5,65.47,63.5,66.21,34,1336,88950,
519367,"TRANSGLOBE FOODS LTD.",XT,STK,427.05,427.05,395.05,413.1,420,406.75,34,529,220163,
519383,"ANIK INDUSTRIES LTD.",B,STK,46.8,46.84,45.87,46.84,46.84,47.79,4,81,3760,
519397,"SHARAT INDUSTRIES LTD.",X,STK,169.95,174,166.8,169.75,169.5,170.25,313,123244,20901784,
519421,"KSE LTD.",X,STK,234.95,234.95,220.25,223.75,224,239.35,621,44291,9985606,
519455,"NARBADA GEMS AND JEWELLERY LTD",X,STK,60.99,60.99,57.61,59.61,60.99,58.88,43,1603,96007,
519457,"VIRAT CRANE INDUSTRIES LTD.",X,STK,34.4,34.89,32.08,32.64,32.64,33.05,28,1361,44673,
519463,"IB INFOTECH ENTERPRISES LTD.",XT,STK,412,414.75,410,414.75,414.75,395,17,261,107762,
519471,"Ambar Protein Industries Limit",X,STK,200,209,195.05,203,203,202.1,9,9075,1817658,
519475,"CHORDIA FOOD PRODUCTS LTD.",X,STK,66.66,73.4,66.66,73,73,70,6,2303,165219,
519477,"CIAN Agro Ind & Infra Ltd",T,STK,1368,1368,1368,1368,1368,1302.9,598,15928,21789504,
519479,"OMEGA AG-SEEDS (PUNJAB) LTD.",X,STK,9,9.02,9,9.02,9.02,9.77,13,3955,35672,
519483,"TAI INDUSTRIES LTD.",X,STK,30.99,30.99,29.5,29.51,30.79,29.81,29,676,19966,
519500,"BKV INDUSTRIES LTD.",X,STK,10.91,11.1,9.56,9.78,10.2,10.22,87,10920,114798,
519506,"NCC BLUE WATER PRODUCTS LTD.",P,STK,26.81,26.81,25.25,25.25,25.25,26.28,2,200,5206,
519528,"NORBEN TEA & EXPORTS LTD.",T,STK,80,82.9,76.1,80.33,82.9,79.11,17,970,76527,
519532,"ASIAN TEA & EXPORTS LTD.",X,STK,9.65,10.49,9.65,9.89,9.82,10.15,41,2027,20097,
519552,"HERITAGE FOODS LIMITED",A,STK,357.8,357.8,349.65,350,350,355.7,673,15389,5412184,
519566,"SIMRAN FARMS LTD.",X,STK,165,174.8,157.5,159.6,161,183.6,336,23981,3892682,
519574,"HINDUSTAN AGRIGENETICS LTD.",X,STK,47.05,48.7,46.25,46.5,46.5,46.25,26,2874,134102,
519600,"CCL PRODUCTS (INDIA) LTD.",A,STK,989.65,1040.95,989.65,1026.9,1024.7,998.9,1603,35382,36308041,
519602,"KELLTON TECH SOLUTIONS LTD.",B,STK,17.96,17.96,16.79,17.06,17.5,17.96,608,305703,5340479,
519604,"SURYO FOODS & INDUSTRIES LTD.",XT,STK,22.43,23.29,22.43,22.99,23.29,23.61,24,3366,75653,
519606,"INTEGRATED PROTEINS LTD.",XT,STK,32.55,32.55,32.5,32.53,32.55,31,13,2010,65405,
519612,"LAKE SHORE REALTY LIMITED",XT,STK,71.31,74.98,71.25,73.1,74.96,74.99,11,148,10626,
520008,"RICO AUTO INDUSTRIES LTD.",B,STK,120.3,131.35,120.05,128,128,121.75,2954,361312,45820720,
520021,"OMAX AUTOS LTD.",B,STK,121.9,121.9,114.4,115,115,115.1,203,3345,390546,
520043,"MUNJAL SHOWA LTD.",B,STK,131.65,132.45,130.45,130.95,131,131.75,35,1120,146922,
520051,"JAMNA AUTO INDUSTRIES LTD.",B,STK,137.4,152.5,137.4,145.2,145.85,135.2,19038,2011429,295741315,
520056,"TVS Holdings Limited",A,STK,14775,15001,14563.25,14654.05,14638.6,15049.95,259,553,8158213,
520057,"JTEKT India Ltd",B,STK,136,139.7,136,138.35,137.35,137.95,87,2242,310058,
520059,"MUNJAL AUTO INDUSTRIES LTD.",B,STK,85,87.5,83.48,84.51,84.03,85.03,374,10437,889578,
520066,"JAY BHARAT MARUTI LTD.",B,STK,103.88,112.6,103.88,109.26,108.96,103.23,1826,99809,10854650,
520073,"RACL Geartech Limited",B,STK,1282,1442.25,1282,1442.25,1442.25,1201.9,3602,63422,88382096,
520075,"SAMKRG PISTONS & RINGS LTD.",X,STK,126.95,126.95,122.4,122.5,122.4,125.05,36,3658,454873,
520086,"SICAL LOGISTICS LTD.",T,STK,93,93,89.64,89.64,89.64,94.35,40,5465,499062,
520111,"RATNAMANI METALS & TUBES LTD.",A,STK,2251.5,2283.55,2142.5,2150.6,2142.5,2251.4,513,2667,5818112,
520113,"VESUVIUS INDIA LTD.",A,STK,499.95,525,495,520.1,522,506.75,148,2641,1373604,
520119,"AUTOMOTIVE STAMPINGS & ASSEMBL",B,STK,461.55,467.9,453,467.35,467.6,469,47,252,116387,
520121,"ARCEE INDUSTRIES LTD.",XT,STK,12.73,12.73,12.73,12.73,12.73,12.49,4,449,5715,
520123,"ABC INDIA LTD.",X,STK,65.15,69.65,62.2,64.6,62.2,65.47,34,760,50356,
520127,"BALURGHAT TECHNOLOGIES LTD.",X,STK,13.72,13.72,12.61,12.79,12.75,13.05,60,5734,75018,
520141,"SIBAR AUTO PARTS LTD.",X,STK,7.43,7.54,7.06,7.47,7.47,7.28,57,3652,26936,
520151,"TRANSWORLD SHIPPING LINES LIMI",B,STK,171.75,171.75,166.7,167.4,167.4,182.85,28,582,97629,
520155,"Starlog Enterprises Limited",X,STK,35.06,38.95,34.16,34.53,34.32,35.05,38,2038,71156,
521005,"TITAN INTECH LIMITED",XT,STK,0.97,0.99,0.94,0.95,0.95,0.98,1399,2993505,2860783,
521016,"INDO COUNT INDUSTRIES LTD.",A,STK,303.5,320.05,301,314.2,311.4,303.45,972,41212,12916676,
521018,"MARAL OVERSEAS LTD.",B,STK,54,54,44.77,44.77,44.77,46.02,13,1399,75128,
521034,"SOMA TEXTILES & INDUSTRIES LTD",T,STK,109.4,110.65,109.4,110.65,110.65,105.4,20,2875,316743,
521036,"SOURCE INDUSTRIES (INDIA) LTD.",XT,STK,5.05,5.05,5.05,5.05,5.05,5.05,1,100,505,
521048,"ADVANCE LIFESTYLES LTD.",X,STK,24.54,24.54,23,24.25,24.38,24.56,5,118,2865,
521054,"KAKATIYA TEXTILES LTD.",X,STK,12,12,12,12,12,11.75,3,6915,82980,
521062,"PERFECT-OCTAVE MEDIA PROJECTS",XT,STK,4.16,4.16,3.97,4.15,4.15,4.17,9,750,3001,
521064,"TRIDENT LTD.",A,STK,26.71,26.8,26.29,26.41,26.41,26.7,3013,665513,17587263,
521068,"HISAR SPINNING MILLS LTD.",P,STK,58,60.9,58,60.9,60.9,58.15,2,1000,58580,
521070,"ALOK INDUSTRIES LTD.",A,STK,15.1,15.16,14.96,15,15,15.09,723,175982,2644889,
521080,"PASARI SPINNING MILLS LTD.",X,STK,7.04,7.89,6.72,6.89,6.89,7.03,15,1429,9992,
521082,"CLC Industries Limited",T,STK,10.36,10.36,10.36,10.36,10.36,9.87,1,1,10,
521097,"AMARJOTHI SPINNING MILLS LTD.",X,STK,150.9,152,144,146.25,148.95,147.25,29,1615,238323,
521105,"OLYMPIA INDUSTRIES LTD.",X,STK,32.8,32.8,27,29.99,30.39,30.55,33,2590,76836,
521113,"SUDITI INDUSTRIES LTD.",X,STK,75,75,70.07,73.63,74.7,73.35,104,32503,2366992,
521131,"Shree Bhavya Fabrics Limited",X,STK,25.25,26.5,24.5,25.74,26.19,24.96,34,2062,52782,
521137,"EUREKA INDUSTRIES LTD.",X,STK,4.99,5.1,4.71,4.86,4.86,4.89,54,30928,150602,
521141,"ADITYA SPINNERS LTD.",X,STK,17.1,17.47,16.05,17,17,17.47,36,1322,22160,
521149,"PRIME URBAN DEVELOPMENT INDIA",X,STK,8,8.39,7.62,8.37,8.37,8.01,30,1103,8651,
521161,"SRI LAKSHMI SARASWATHI TEXTILE",X,STK,29.62,29.8,29.55,29.6,29.6,29.94,15,2790,82482,
521163,"ZODIAC CLOTHING CO.LTD.",B,STK,83,83.03,82.46,83.03,83.03,84.04,10,451,37433,
521167,"MAXGROW INDIA LIMITED",XT,STK,63.8,63.8,63.79,63.79,63.79,67.14,39,5222,333122,
521178,"SRI RAMAKRISHNA MILLS (COIMBAT",X,STK,40.1,43.7,40,40.21,40.1,44,42,4689,189588,
521180,"SUPER SPINNING MILLS LTD.",B,STK,8.15,8.15,7.39,7.42,7.42,8.13,57,8379,63252,
521188,"UNITED TEXTILES LTD.",XT,STK,16.8,17.6,16,16,16,16.84,11,3213,51541,
521194,"SIL INVESTMENTS LTD.",B,STK,497.95,497.95,453.15,453.15,453.15,445,15,51,23795,
521200,"SURYALAKSHMI COTTON MILLS LTD.",B,STK,56.2,60.75,56.2,57.1,57.1,58.99,14,98,5708,
521206,"SAMTEX FASHIONS LTD.",X,STK,1.63,1.74,1.5,1.57,1.57,1.62,157,56351,90410,
521216,"DHANALAXMI ROTO SPINNERS LTD.",X,STK,83.95,83.95,80,82.24,83.79,83.95,29,1241,101125,
521220,"DAMODAR INDUSTRIES LTD.",B,STK,26.5,26.55,26.5,26.55,26.55,26.02,7,1100,29200,
521222,"SANBLUE CORPORATION LTD.",X,STK,47.97,50.36,47.97,50.36,50.36,47.98,5,346,16839,
521226,"UNIROYAL INDUSTRIES LTD.",X,STK,19.6,20.95,19.6,20.95,20.95,20,6,3645,75457,
521228,"TATIA GLOBAL VENNTURE LTD.",X,STK,2.53,2.65,2.53,2.6,2.61,2.53,525,91743,239592,
521232,"SUNIL INDUSTRIES LTD.",P,STK,81.3,81.3,81.3,81.3,81.3,85.5,3,400,32520,
521238,"BHARAT GLOBAL DEVELOPERS LIMIT",B,STK,102.1,105.3,102.1,103.7,103.35,106.5,348,12745,1316534,
521240,"SAMBANDAM SPINNING MILLS LTD.",X,STK,106.05,109.4,100.1,100.9,100.55,109.5,18,248,25616,
521242,"KANDAGIRI SPINNING MILLS LTD.",XT,STK,40.85,42.89,40.85,42.89,42.89,40.85,13,6726,283680,
521244,"MKP Mobility Limited",X,STK,132,132,123,123,123,126,7,301,37923,
521246,"PARAS PETROFILS LTD.",T,STK,2.45,2.5,2.38,2.38,2.38,2.5,108,212681,508077,
521248,"KITEX GARMENTS LTD.",A,STK,193.45,198.2,190.1,196.6,196.6,196.4,678,50628,9779115,
522001,"CRANEX LTD.",X,STK,82.5,82.5,75.51,76.73,76.1,76.29,38,1271,98883,
522004,"BATLIBOI LTD.",X,STK,96,96,91.2,92.28,91.8,96.55,200,22791,2121516,
522005,"AUSTIN ENGINEERING CO.LTD.",X,STK,124.9,124.9,118,121.8,122.85,118.05,32,1238,151039,
522014,"UNITED DRILLING TOOLS LTD.",B,STK,188,193.1,185,185,185,187.4,27,256,47860,
522017,"FLUIDOMAT LTD.",X,STK,620.8,645,594,609.5,609.5,662.55,851,31000,19161180,
522027,"EMA INDIA LTD.",XT,STK,433.4,433.4,433.4,433.4,433.4,437.75,19,13285,5757719,
522029,"WINDSOR MACHINES LTD.",B,STK,252,253.95,241.75,253.95,253.95,254.25,19,482,118984,
522034,"SHANTHI GEARS LTD.",B,STK,452,456.55,450.35,451.15,451.15,453.05,19,68,30731,
522064,"HONDA INDIA POWER PRODUCTS LIM",B,STK,2285.05,2295,2206,2217.8,2220,2325.9,331,1229,2754345,
522073,"The Hi-Tech Gears Ltd",T,STK,625,649.9,625,649.9,649.9,647.1,2,3,1924,
522074,"ELGI EQUIPMENTS LTD.",A,STK,508.65,518.7,494.3,503.75,503.75,508.95,1152,35297,18040481,
522091,"UNITED VAN DER HORST LTD.",XT,STK,46.66,46.66,46.66,46.66,46.66,44.44,72,17583,820422,
522101,"KILBURN ENGINEERING LTD.",B,STK,508,510,492,505.1,505,505.4,1418,51011,25618920,
522105,"BIRLA PRECISION TECHNOLOGIES L",X,STK,37.53,37.88,34,35.4,35.4,39.62,488,125532,4453406,
522108,"YUKEN INDIA LTD.",B,STK,751.55,766.7,742.8,766.7,766.7,757.7,38,182,136937,
522113,"TIMKEN INDIA LTD.",A,STK,3007.45,3067.1,2996.7,3043.95,3054,3087.25,390,2073,6274882,
522122,"VOITH PAPER FABRICS INDIA LTD.",X,STK,1614,1614,1542,1549.2,1549.2,1620,122,1551,2422686,
522134,"ARTSON LIMITED",X,STK,135.55,140,135.55,136.95,137.8,138.55,37,3453,470628,
522152,"SOLITAIRE MACHINE TOOLS LTD.",X,STK,100.1,105,100,104.56,105,100.6,21,3228,332657,
522163,"DIAMOND POWER INFRASTRUCTURE L",B,STK,139.95,144.15,137,140.8,140.75,131.75,4205,415097,58412425,
522165,"INDSIL HYDRO POWER AND MANGANE",X,STK,38.25,39.47,38.25,38.45,38.3,38.9,85,9108,351129,
522183,"ITL INDUSTRIES LTD.",X,STK,308,308,290,296,296,305.1,61,632,185140,
522195,"FRONTIER SPRINGS LTD.",B,STK,4483.35,4492.85,4311,4389.3,4389.3,4483.35,1036,7482,32791251,
522205,"PRAJ INDUSTRIES LTD.",A,STK,305.1,307.5,297.3,302.6,303,309.15,1917,79030,23865411,
522207,"RASANDIK ENGINEERING INDUSTRIE",X,STK,61,61,59.78,59.81,59.81,60.93,9,115,6903,
522209,"YOGI SUNG-WON (INDIA) LTD.",X,STK,5.84,5.84,5,5.15,5.06,5.5,74,33449,172973,
522215,"HLE GLASCOAT LIMITED",B,STK,321.05,326.5,314.65,325.7,324.6,323.85,503,10816,3470252,
522217,"GUJARAT APOLLO INDUSTRIES LTD.",B,STK,404.6,404.6,375,380,379.8,406.75,178,3619,1387570,
522229,"TANEJA AEROSPACE & AVIATION LT",X,STK,270.75,284.5,268.1,276.6,278.5,282.1,277,5830,1602979,
522231,"CONART ENGINEERS LTD.",X,STK,82.7,88,76.25,82.41,84,78.35,117,17201,1410020,
522235,"MINAL INDUSTRIES LIMITED",X,STK,2.85,2.98,2.83,2.86,2.85,2.85,49,17331,49676,
522237,"SHIVAGRICO IMPLEMENTS LTD.",X,STK,24.7,24.75,22.65,22.77,22.76,26.67,13,457,10999,
522241,"M.M.FORGINGS LTD.",B,STK,456,456,427.1,442.15,442.15,465.2,243,6818,3007881,
522245,"IYKOT HITECH TOOLROOM LTD.",XT,STK,11.17,11.17,11,11,11,11.17,14,4949,54604,
522249,"MAYUR UNIQUOTERS LTD.",B,STK,570,585,570,580.8,585,562.25,246,3207,1852073,
522251,"CENLUB INDUSTRIES LTD.",X,STK,234.05,234.05,217.05,218.75,218.75,251.45,462,13823,3080138,
522257,"RAJOO ENGINEERS LTD.",B,STK,65.29,65.98,62.66,64.84,64.5,63.84,473,67981,4354630,
522261,"DOLPHIN OFFSHORE ENTERPRISES (",B,STK,401.75,418.25,396.15,397.35,396.15,413.05,74,367,147141,
522267,"VEEJAY LAKSHMI ENGINEERING WOR",X,STK,46,46,41.11,42.64,42,47.8,59,3308,140515,
522273,"AHMEDABAD STEELCRAFT LTD.",X,STK,190,190,176.7,178.65,183.85,194.15,54,1279,232524,
522275,"GE Vernova T&D India Limited",A,STK,3560,3698.65,3534.05,3663.6,3663.6,3555.85,3248,20966,76651282,
522281,"RAM RATNA WIRES LTD.",B,STK,312.05,318.55,304,317.2,318,312.35,137,2454,770561,
522285,"JAYASWAL NECO INDUSTRIES LTD.",B,STK,76.43,78.1,75.19,77.57,77.5,76.09,974,155172,11906740,
522287,"KALPATARU PROJECTS INTERNATION",A,STK,1077.75,1108,1077.75,1100,1102.95,1095.95,1137,6970,7638913,
522289,"NMS GLOBAL LIMITED",X,STK,98.4,98.4,91.54,97.29,97.39,96.47,88,3696,351051,
522292,"CANDOUR TECHTEX LIMITED",X,STK,160.5,164.35,155,156.05,156.3,160.5,321,117648,18566713,
522294,"T & I GLOBAL LTD.",X,STK,182,184,180.05,183.95,184,183,5,63,11522,
522295,"CONTROL PRINT LTD.",B,STK,631,641.1,622.75,631.2,634.25,639.8,100,1283,812297,
522650,"BEMCO HYDRAULICS LTD.",X,STK,87.63,89.5,85,85.42,85.42,87.03,201,4824,415920,
523007,"ANSAL BUILDWELL LTD.",X,STK,110.15,111.15,105.5,105.6,105.55,111.15,64,2310,250075,
523011,"WEIZMANN LTD.",B,STK,81,88,81,87,87,87.06,38,252,21932,
523019,"B.N.RATHI SECURITIES LTD.",X,STK,15.44,18,15.2,16.93,16.93,15.13,591,141706,2332916,
523021,"RISHI TECHTEX LTD.",X,STK,42.22,43.7,41.35,42.85,43.37,42.22,21,159,6859,
523023,"SINCLAIRS HOTELS LTD.",B,STK,80.79,80.79,75.04,77.04,77.04,75.14,12,117,8962,
523025,"SAFARI INDUSTRIES (INDIA) LTD.",A,STK,1750.05,1771.85,1725.3,1745.35,1733.65,1766.85,706,4361,7591231,
523054,"BINAYAK TEX PROCESSORS LTD.",XT,STK,2079.65,2183,1990,1990,1990,2079.65,16,89,178427,
523062,"J.J.FINANCE CORPORATION LTD.",XT,STK,64.71,64.71,64.71,64.71,64.71,61.63,13,1095,70857,
523100,"COSMO FERRITES LTD.",X,STK,124.9,124.9,118,121.7,122.2,122.6,61,3084,375143,
523105,"CROPSTER AGRO LIMITED",B,STK,16.24,16.24,14.75,15,15,15.25,247,45031,681659,
523116,"SANCO TRANS LTD.",X,STK,646.05,714,646.05,714,714,680,22,417,297041,
523120,"THRIVE FUTURE HABITATS LIMITED",XT,STK,111.75,114,111.75,112,112,114,33,3362,375848,
523127,"EIH ASSOCIATED HOTELS LTD.",B,STK,338.2,338.2,330.1,331.9,330.1,337.65,98,281,94204,
523144,"MEDI-CAPS LTD.",X,STK,23.2,23.2,21.56,21.86,21.86,22.18,105,5734,128094,
523151,"OTCO INTERNATIONAL LTD.",X,STK,6.51,7,6.51,7,7,7,10,1589,10368,
523160,"MORGANITE CRUCIBLE (INDIA) LTD",X,STK,1430.1,1480,1417,1462.35,1475,1444.05,36,878,1252549,
523186,"B&A PACKAGING INDIA LIMITED",X,STK,200.25,200.25,175.3,182.9,183.4,207.1,130,4763,863565,
523204,"ABAN OFFSHORE LTD.",T,STK,21.6,21.6,20.9,21.06,21.14,21.06,37,10415,221570,
523207,"KOKUYO CAMLIN LTD.",B,STK,89,89,87.01,88.29,88.29,88.67,77,3055,267892,
523222,"SRM ENERGY LTD.",XT,STK,21.98,21.98,20.95,21.98,21.98,20.94,95,16921,369265,
523229,"BHARAT SEATS LTD.",B,STK,160.2,195.7,158,195.7,195.7,163.1,2747,131441,24330457,
523232,"CONTINENTAL PETROLEUMS LTD.",X,STK,89.86,94.99,87,92.39,88.1,88.98,73,1656,153127,
523242,"NB FOOTWEAR LTD.",P,STK,8.59,8.64,8.55,8.64,8.64,8.23,9,12100,104247,
523248,"MACHINO PLASTICS LTD.",X,STK,271.8,275,254.1,270.1,273.75,262.35,41,1200,323212,
523260,"PEARL POLYMERS LTD.",B,STK,18.63,18.63,18.63,18.63,18.63,18.78,1,1,18,
523261,"VENKYS (INDIA) LTD.",B,STK,1433.4,1442.1,1414,1419.15,1419.15,1438.25,203,1827,2602143,
523269,"ADVANI HOTELS & RESORTS (INDIA",B,STK,56.94,56.94,55.4,55.52,56.13,55.56,104,3224,180348,
523277,"GV FILMS LTD.",Z,STK,0.4,0.41,0.38,0.39,0.39,0.4,405,1829458,699886,
523283,"SUPERHOUSE LTD.",B,STK,160.15,167.9,160.15,165,165,169,72,338,55711,
523289,"RAMA VISION LTD.",X,STK,137.85,138.55,133.05,136.1,134,137.85,35,1314,179113,
523301,"TCPL PACKAGING LTD.",B,STK,2881.6,3030,2840,2989.15,3010.2,2881.7,145,304,879229,
523309,"SHRI GANG INDUSTRIES AND ALLIE",X,STK,80.45,80.46,80.45,80.46,80.46,67.05,101,24823,1997246,
523319,"BALMER LAWRIE & CO.LTD.",B,STK,174,176.95,174,176,175.75,177.25,96,1865,328591,
523323,"KOVAI MEDICAL CENTER & HOSPITA",B,STK,5394.4,5444,5360.15,5371.1,5371.1,5394.35,1219,2994,16139642,
523329,"ELDECO HOUSING & INDUSTRIES LT",B,STK,901,901,901,901,901,974,1,1,901,
523351,"STANDARD SHOE SOLE AND MOULD (",P,STK,22.52,22.52,22.52,22.52,22.52,22.52,1,100,2252,
523367,"DCM SHRIRAM LIMITED",A,STK,1094.1,1127,1094,1122.65,1120.1,1113.65,235,1080,1208247,
523369,"DCM SHRIRAM INDUSTRIES LTD.",B,STK,40.5,41.8,38.8,39.38,39.38,38.44,337,18957,757223,
523371,"MAWANA SUGARS LTD.",B,STK,79.01,79.78,78.55,78.72,78.8,80.26,96,2222,175244,
523373,"MINI DIAMONDS (INDIA) LTD.",X,STK,23.03,23.95,23.03,23.25,23.11,22.43,140,53764,1251176,
523385,"NILKAMAL LTD.",B,STK,1419.6,1429.15,1408.7,1412.2,1412.2,1428.25,53,502,712440,
523387,"TRITON CORP.LTD.",XT,STK,1.64,1.64,1.52,1.53,1.58,1.6,231,184988,284009,
523391,"NAHAR POLYFILMS LTD.",B,STK,247.95,251.9,243.05,243.05,243.05,256.8,12,321,79149,
523395,"3M INDIA LTD.",A,STK,34555.05,36185.1,34000,36137.45,36130,35239.75,241,349,12257446,
523398,"BOSCH HOME COMFORT INDIA LIMIT",B,STK,1383.3,1418,1372.4,1382.85,1380,1415.25,38,166,229954,
523405,"JM FINANCIAL LTD.",A,STK,135.8,137.25,130.4,136.25,136.25,136.65,3040,254581,34212040,
523411,"ADC INDIA COMMUNICATIONS LIMIT",X,STK,1349,1349,1300,1303.95,1310,1335.9,144,2038,2665082,
523419,"TAMILNADU TELECOMMUNICATIONS L",B,STK,9.07,9.55,8.63,8.65,8.63,8.85,11,876,8065,
523445,"RELIANCE INDUSTRIAL INFRASTRUC",B,STK,740.25,750.4,735.95,739.5,736.15,741.2,187,2027,1502128,
523449,"SHARP INDIA LTD.",X,STK,42.1,46,41.1,44.32,44.3,44.69,59,12251,533416,
523457,"Linde India Limited",A,STK,6900.1,6924,6734.7,6769.1,6756.05,6900.1,1604,6444,43924809,
523465,"IND BANK HOUSING LTD.",B,STK,40.8,43.65,40.8,42.98,43,40.7,16,607,26111,
523467,"JAI MATA GLASS LTD.",X,STK,1.76,1.76,1.71,1.71,1.71,1.76,88,20625,35711,
523475,"LOTUS CHOCOLATE CO.LTD.",B,STK,769.65,798.5,751,791.95,781,779.65,518,8320,6464732,
523483,"PACIFIC INDUSTRIES LTD.",X,STK,148,148,136.65,137.15,137.15,140,21,972,135672,
523489,"CHENNAI MEENAKSHI MULTISPECIAL",X,STK,40,40,37.5,38.13,39.95,41,15,705,26992,
523519,"UNIVERSAL OFFICE AUTOMATION LT",X,STK,6.81,6.81,6.81,6.81,6.81,6.49,11,1991,13558,
523537,"APM INDUSTRIES LTD.",X,STK,39.48,39.48,36.8,37.99,38,37,33,4432,166224,
523539,"PRECISION WIRES INDIA LTD.",B,STK,273.3,306,268.1,298.45,301.15,261.55,11684,847872,252136302,
523550,"KRYPTON INDUSTRIES LTD.",X,STK,37.99,42,36,39.17,39.25,36.53,171,28590,1114268,
523558,"SWISS MILITARY CONSUMER GOODS",X,STK,18.19,18.79,17,17.2,17.2,18.44,584,135354,2364655,
523574,"Future Enterprises Limited",Z,STK,0.49,0.49,0.49,0.49,0.49,0.49,24,13848,6785,
523586,"INDIAN TONERS & DEVELOPERS LTD",X,STK,251.5,251.5,244,245.4,246.95,250.25,85,4074,1001343,
523594,"KUNSTSTOFFE INDUSTRIES LTD.",X,STK,24.74,26,24.74,25.97,25.97,24.74,9,24,605,
523598,"SHIPPING CORPORATION OF INDIA",A,STK,265.05,271.15,262.85,268.75,268.75,264.4,3304,226503,60509895,
523606,"SIKA INTERPLANT SYSTEMS LTD.",B,STK,1095,1095,996,1019.35,1019.35,1062.85,2249,26672,27766914,
523610,"ITI LTD.",A,STK,289,289.3,281.9,282.95,282.6,289.05,761,21718,6175428,
523618,"DREDGING CORPORATION OF INDIA",B,STK,963.05,971.25,951,964.85,967.2,967.6,390,8133,7825683,
523620,"PHAARMASIA LTD.",XT,STK,113.29,113.29,109.82,109.82,109.82,115.6,9,298,32840,
523630,"NATIONAL FERTILIZERS LTD.",B,STK,82.25,86.7,80.5,81.16,81.16,78.11,7432,1377954,115522863,
523638,"IP RINGS LTD.",X,STK,117,119.35,113.2,119,119,113,25,725,85562,
523642,"P.I.INDUSTRIES LTD.",A,STK,3101.15,3152.35,3025,3054.75,3054.75,3152.35,3109,12399,37973229,
523648,"PLASTIBLENDS INDIA LTD.",B,STK,160.8,160.95,152,153,152,152.5,17,754,116146,
523650,"YASH INNOVENTURES LIMITED",X,STK,44.15,48.9,41.1,48.77,48.85,45.27,29,1623,76292,
523652,"Kkalpana Plastick Limited",X,STK,26.62,26.62,26.62,26.62,26.62,26.6,1,20,532,
523660,"WATERBASE LTD.",X,STK,62.7,67.7,58.2,58.63,58.63,62.72,2172,348444,22213340,
523672,"FLEX FOODS LTD.",X,STK,42.67,42.79,41.11,41.58,41.11,42.46,22,991,40981,
523676,"GOLKUNDA DIAMONDS & JEWELLERY",X,STK,260,274.15,260,266.7,266.7,262.3,321,13385,3578075,
523694,"APCOTEX INDUSTRIES LTD.",B,STK,372.05,376.05,370,374.95,374.95,375.7,30,180,67443,
523696,"FORTIS MALAR HOSPITALS LIMITED",X,STK,56.3,57.39,55.92,56.05,56.33,56.33,154,6311,356921,
523704,"MASTEK LTD.",A,STK,1737.75,1748.3,1705.05,1711.05,1713,1750.8,499,4313,7424429,
523708,"EIMCO ELECON (INDIA) LTD.",B,STK,1632.85,1639.6,1616,1631.3,1636.05,1632.85,111,416,677000,
523710,"SAYAJI HOTELS LTD.",X,STK,284.1,292.95,284,286.1,286.1,293,12,407,115987,
523712,"JMG CORPORATION LTD.",T,STK,6.36,6.36,6.36,6.36,6.36,6.36,56,350489,2229110,
523716,"ASHIANA HOUSING LTD.",B,STK,350,350,331.25,334.15,335.7,348.8,249,6811,2313981,
523722,"SVAM SOFTWARE LTD.",X,STK,7,7.05,6.75,7.05,7.05,6.72,69,17497,122260,
523732,"ECOBOARD INDUSTRIES LTD.",XT,STK,52.59,55.08,50.98,53.5,53.89,53.66,42,8198,425603,
523736,"Dhunseri Ventures Limited",B,STK,255.6,255.6,249,249.85,249,255.55,55,504,127213,
523752,"TRANS INDIA HOUSE IMPEX LIMITE",X,STK,6.01,6.6,5.52,6.33,6.55,6,259,246584,1512484,
523754,"MAHINDRA EPC IRRIGATION LIMITE",B,STK,119.6,124.5,119.6,124.5,124.5,122.5,117,2352,288427,
523782,"Mitshi India Limited",X,STK,13.93,13.93,13.93,13.93,13.93,14,4,460,6407,
523792,"MAZDA LTD.",B,STK,224,226.65,217.6,222.55,222.55,222.3,66,785,176556,
523796,"VICEROY HOTELS LTD.",T,STK,146,147.5,140.25,141.5,141.5,144.6,134,5412,776150,
523826,"SOVEREIGN DIAMONDS LTD.",XT,STK,25.36,25.36,25,25,25,25.48,8,328,8255,
523828,"MENON BEARINGS LTD.",B,STK,117.3,117.8,117.3,117.65,117.65,117.1,6,125,14713,
523832,"MUKAT PIPES LTD.",XT,STK,28.07,28.07,28.07,28.07,28.07,28.64,2,12,336,
523836,"GUJARAT RAFFIA INDUSTRIES LTD.",T,STK,44.99,44.99,44.45,44.45,44.45,43.29,4,212,9428,
523838,"SIMPLEX INFRASTRUCTURES LTD.",B,STK,226.85,226.85,216.5,222.9,222.9,226.95,44,822,182896,
523840,"INNOVATIVE TECH PACK LTD.",X,STK,17.19,17.8,16.11,17,17,16.85,47,12957,219461,
523842,"SUPER TANNERY LIMITED",X,STK,7.06,7.06,6.8,6.83,6.83,7.05,105,23102,158851,
523844,"CONSTRONICS INFRA LIMITED",X,STK,60.8,60.8,50.11,58.64,58.64,59.94,33,3392,180113,
523850,"AXTEL INDUSTRIES LTD.",X,STK,390,404.75,382.05,400.1,400.1,391.9,87,2180,868163,
523862,"GRAND OAK CANYONS DISTILLERY L",B,STK,29.55,31.18,28.51,30.62,30.5,29.85,21,6358,182996,
523874,"East India Drums and Barrels M",XT,STK,109,109,99.5,106.64,107,104.28,33,979,102715,
523888,"V R WOODART LTD.",XT,STK,69.78,69.78,65,68.29,68.65,66.46,45,4632,321089,
523896,"AVI PRODUCTS INDIA LIMITED",XT,STK,32.2,32.2,32.2,32.2,32.2,30.67,3,102,3284,
524000,"POONAWALLA FINCORP LIMITED",A,STK,471.5,479.05,457.95,460.8,460,463.7,1195,50076,23524511,
524019,"Kingfa Science & Technology (I",B,STK,4305.9,4305.9,4145,4164.7,4145,4321.5,42,105,444234,
524037,"RAMA PHOSPHATES LTD.",B,STK,146,148.75,145.35,145.45,145.35,147.4,47,1791,262654,
524038,"VENLON ENTERPRISES LTD.",X,STK,4.91,5.32,4.91,5.06,5.3,5.07,16,2635,13184,
524051,"POLYPLEX CORPORATION LTD.",B,STK,831.6,839.35,825.3,829.75,830.2,843.65,127,1254,1042208,
524055,"PANTHER INDUSTRIAL PRODUCTS LT",X,STK,46.46,46.46,46.46,46.46,46.46,48.9,1,1,46,
524075,"ALBERT DAVID LTD.",B,STK,752.05,752.05,734.9,734.9,734.9,755,39,154,113622,
524080,"HARYANA LEATHER CHEMICALS LTD.",X,STK,60.84,60.84,59.07,59.07,59.07,59.65,10,206,12197,
524091,"CARYSIL LIMITED",B,STK,958.05,1006.95,958.05,975.65,969.6,977,304,2640,2610694,
524109,"KABRA EXTRUSIONTECHNIK LTD.",B,STK,240.05,268.95,234.25,265.9,263.3,241.55,298,3935,1014061,
524129,"VINYL CHEMICALS (INDIA) LTD.",B,STK,223,226,220.5,222.9,222.9,222.5,209,4053,907325,
524136,"PEE CEE COSMA SOPE LTD.",X,STK,389.9,389.9,351.4,359.85,359.9,382.1,106,2146,779770,
524156,"TCM LTD.",XT,STK,50.55,50.55,50.35,50.35,50.35,53,9,2851,143590,
524164,"IOL CHEMICALS & PHARMACEUTICAL",B,STK,74.6,75.61,73.68,74.81,74.6,74.58,358,27409,2041115,
524174,"KESAR PETROPRODUCTS LTD.",X,STK,24.5,24.5,22.5,23.45,23.3,25.73,302,135832,3225539,
524200,"VINATI ORGANICS LTD.",A,STK,1490.05,1513.9,1488.2,1490.65,1495,1503.15,273,1219,1824773,
524202,"LACTOSE (INDIA) LTD.",X,STK,102.97,102.97,94.95,95.28,95.28,102.67,130,13310,1301375,
524204,"TEESTA AGRO INDUSTRIES LTD.",X,STK,112.65,117.45,112.65,113.05,113.05,112.65,17,1201,135801,
524208,"AARTI INDUSTRIES LTD.",A,STK,445.9,461.15,444.5,454.3,454.3,446.35,1113,41820,18922794,
524210,"PENTOKEY ORGANY (INDIA) LTD.",X,STK,41.81,42.8,41.5,41.5,41.5,41.4,10,147,6144,
524212,"WANBURY LTD.",B,STK,250.4,255.9,249.25,251.9,252.8,254.55,121,2354,593457,
524218,"RESONANCE SPECIALTIES LTD.",X,STK,102,102,95.3,96.95,98.45,99.15,44,2827,273687,
524226,"GUJARAT AMBUJA EXPORTS LTD.",B,STK,138.3,141.05,136.55,139.35,139,138.25,415,33451,4682771,
524230,"RASHTRIYA CHEMICALS & FERTILIZ",A,STK,130.95,133.45,130.6,131.55,131.25,130.65,621,56336,7445483,
524238,"GUJARAT INJECT (KERALA) LTD.",XT,STK,57.5,58.75,57.5,58.75,58.75,57.6,45,35071,2036652,
524280,"KOPRAN LTD.",B,STK,132.7,138.3,132.25,133.8,133.8,134.25,286,10598,1432506,
524288,"AIMCO PESTICIDES LTD.",X,STK,56.8,56.8,51.7,52.26,51.7,54.86,66,4315,228368,
524314,"GUJARAT TERCE LABORATORIES LTD",X,STK,38.5,40.5,37.2,38.12,38.24,38.16,65,6292,240377,
524322,"KABRA DRUGS LTD.",XT,STK,35.4,35.43,34.17,34.67,34.67,33.75,283,191257,6752746,
524324,"SEYA INDUSTRIES LTD.",T,STK,16.79,16.98,15.8,16.6,16.89,16.44,8,1080,18182,
524330,"JAYANT AGRO-ORGANICS LTD.",B,STK,178.7,179.7,174.95,175.8,175.8,182.1,29,196,34885,
524332,"BCL INDUSTRIES LIMITED",B,STK,29.51,29.7,28.6,29.27,29.27,29.72,323,73824,2155246,
524336,"SHREE HARI CHEMICALS EXPORT LT",XT,STK,108,108,107.2,108,108,112.8,15,753,81165,
524342,"INDO BORAX & CHEMICALS LTD.",B,STK,243,245.1,242.3,243.3,242.35,243.2,10,184,44815,
524348,"AARTI DRUGS LTD.",B,STK,371.3,373,366.95,371.55,372.7,371.2,166,1540,570725,
524370,"BODAL CHEMICALS LTD.",B,STK,49.53,49.53,47.8,48.16,47.83,49.83,307,13211,637058,
524372,"Orchid Pharma Limited",B,STK,664.6,666.55,649,665.1,661.45,664.5,143,2116,1394534,
524394,"VIMTA LABS LTD.",B,STK,468.25,474.55,459.95,468.4,468.4,469.95,345,7814,3644882,
524396,"BIOFIL CHEMICALS & PHARMACEUTI",B,STK,35.01,35.56,34.11,34.3,34.3,35.53,213,12842,449443,
524400,"ISHITA DRUGS & INDUSTRIES LTD.",X,STK,71.25,73.79,70,70.54,70.54,72.6,16,1630,116405,
524404,"MARKSANS PHARMA LTD.",A,STK,180.15,183.5,178,178.5,178.5,181.65,607,32162,5791674,
524408,"UNIVERSAL STARCH-CHEM ALLIED L",X,STK,140,140,140,140,140,143.4,2,3,420,
524412,"AAREY DRUGS & PHARMACEUTICALS",B,STK,69.97,69.97,64.39,66.56,66,67.23,40,816,53229,
524414,"NORRIS MEDICINES LTD.",X,STK,15,15,13.25,13.4,13.4,14.36,36,1798,26288,
524434,"ASIAN PETROPRODUCTS & EXPORTS",X,STK,9.25,9.25,8.7,8.85,8.72,9.03,29,4190,37162,
524440,"CAMEX LTD.",X,STK,30.5,31.78,30.16,31.78,31.78,31.5,17,1928,59697,
524444,"EVEXIA LIFECARE LIMITED",X,STK,1.56,1.62,1.5,1.53,1.53,1.58,838,4010678,6235026,
524458,"INDO EURO INDCHEM LTD.",X,STK,14.88,14.88,13.27,13.3,13.5,13.22,16,6740,90041,
524470,"SYNCOM FORMULATIONS (INDIA) LT",B,STK,13.99,13.99,13.35,13.56,13.56,14.02,653,239736,3246955,
524480,"RIDDHI SIDDHI GLUCO BIOLS LTD.",X,STK,500,520,500,515.2,516,518.95,22,200,102380,
524488,"SVC INDUSTRIES LIMITED",X,STK,2.54,2.56,2.44,2.47,2.47,2.5,75,20134,50120,
524494,"IPCA LABORATORIES LTD.",A,STK,1444.65,1533.75,1444.65,1500,1507.3,1488.55,1210,18054,26901800,
524500,"KILITCH DRUGS (INDIA) LTD.",B,STK,329.3,329.3,320,322.4,320,329.6,94,886,287300,
524502,"RAAJ MEDISAFE INDIA LTD.",P,STK,89.01,89.01,89.01,89.01,89.01,89.68,1,100,8901,
524506,"CORAL LABORATORIES LTD.",X,STK,484,484,424.1,426.15,426.15,489.3,252,10668,4667909,
524514,"TULASEE BIO-ETHANOL LTD.",ZP,STK,29.61,29.61,29.61,29.61,29.61,31.16,1,200,5922,
524516,"BACIL PHARMA LTD.",X,STK,45.9,45.9,38.5,38.61,38.61,41.86,21,1577,62473,
524518,"KREBS BIOCHEMICALS & INDUSTRIE",B,STK,65.2,65.2,58.1,58.16,61.2,60.25,10,180,10944,
524520,"KMC SPECIALITY HOSPITALS (INDI",B,STK,84.65,86.4,81.6,82.96,84.7,84.62,847,70032,5922560,
524522,"LAFFANS PETROCHEMICALS LTD.",X,STK,29.9,29.9,28.54,28.55,28.55,27.8,8,705,20267,
524534,"BHASKAR AGROCHEMICALS LTD.",X,STK,133,133,115.3,125.1,120.6,116.9,125,5098,634523,
524542,"SUKHJIT STARCH & CHEMICALS LTD",B,STK,171.4,174.25,165,165,165,166.05,25,1434,245911,
524546,"Satiate Agri Limited",ZP,STK,23.26,23.26,23.23,23.23,23.23,24.45,13,8700,202147,
524548,"SHARMA EAST INDIA HOSPITALS &",X,STK,115,116,111,115.7,116,111.1,30,1522,174639,
524558,"NEULAND LABORATORIES LTD.",A,STK,13050.05,13588,13033.35,13242,13236,13043.8,446,1396,18630279,
524564,"GAYATRI BIOORGANICS LTD.",XT,STK,14.31,14.35,13.68,14.35,14.35,13.67,44,20350,290043,
524570,"PODDAR PIGMENTS LTD.",B,STK,245.4,255.75,245.4,254.85,254.85,252,5,42,10678,
524572,"PHARMAIDS PHARMACEUTICALS LTD.",X,STK,37.25,39.89,35.2,38.45,38.45,38,53,6427,239071,
524576,"VIVID GLOBAL INDUSTRIES LTD.",X,STK,17.98,17.98,16,16.7,16.7,16.5,53,8912,148349,
524580,"PRIYA LTD.",X,STK,22.47,23.65,22.47,22.49,22.49,23.65,7,189,4431,
524582,"TIRUPATI STARCH & CHEMICALS LT",X,STK,160,168.95,160,164.85,164.85,159.75,18,3497,579225,
524590,"HEMO ORGANIC LIMITED",XT,STK,13.77,13.8,13.03,13.8,13.8,13.71,13,891,12071,
524592,"JAYSYNTH ORGOCHEM LIMITED",X,STK,13.2,13.5,12.61,12.93,12.93,13.3,106,26925,355772,
524594,"Aeonx Digital Technology Limit",X,STK,130,132,122.65,130,130,131.1,33,2445,313799,
524598,"AKSHARCHEM (INDIA) LTD.",B,STK,220.8,220.8,214.3,218,218,218,8,86,18742,
524602,"BANDARAM PHARMA PACKTECH LIMIT",XT,STK,29.68,31.16,28.3,31.07,31.16,29.68,22,2363,70995,
524604,"ADLINE CHEM LAB LIMITED",P,STK,14.75,14.75,14.75,14.75,14.75,14.05,1,100,1475,
524606,"BERYL DRUGS LTD.",X,STK,21.11,22,21.11,22,22,21.95,17,750,16000,
524614,"IEL LIMITED",X,STK,6.63,7.04,6.61,6.66,6.67,6.75,167,293250,1956993,
524622,"ISTREET NETWORK LIMITED",XT,STK,44.12,45.3,43.27,43.27,43.27,45.54,243,44225,1929943,
524624,"GAGAN GASES LTD.",X,STK,20.98,21.94,20.98,21.15,21.15,20.98,40,3923,83622,
524628,"PARKER AGROCHEM EXPORTS LTD.",X,STK,18.81,18.81,18.7,18.7,18.7,18.9,3,15,280,
524632,"Shukra Pharmaceuticals Limited",XT,STK,39.5,42.13,39.5,42.1,42.1,40.13,1108,343549,14397405,
524634,"ALUFLUORIDE LTD.",X,STK,441.95,472,439,455.45,449,441.95,398,14512,6569867,
524636,"OXYGENTA PHARMACEUTICAL LIMITE",X,STK,49.85,56.77,49,52.74,52.74,47.31,554,104628,5664437,
524640,"ARCHIT ORGANOSYS LTD.",X,STK,43.16,44,40.22,40.8,40.8,42.71,125,12508,527498,
524642,"SIKOZY REALTORS LIMITED",X,STK,1.21,1.21,1.2,1.2,1.2,1.2,10,355,428,
524648,"INDO AMINES LTD.",B,STK,120.8,120.8,111.75,112.65,113,114.05,253,2621,295537,
524654,"NATURAL CAPSULES LTD.",B,STK,160,160,160,160,160,168,1,99,15840,
524661,"WELCURE DRUGS & PHARMACEUTICAL",X,STK,0.35,0.35,0.35,0.35,0.35,0.36,795,2611071,913874,
524663,"BHARAT IMMUNOLOGICALS & BIOLOG",B,STK,18.22,18.85,18.12,18.48,18.48,18.47,98,12130,225076,
524667,"SAVITA OIL TECHNOLOGIES LTD.",B,STK,345.15,370,345.15,369.4,370,356.8,63,1467,533142,
524669,"HESTER BIOSCIENCES LTD.",B,STK,1556.25,1571,1556.25,1562,1562,1559.95,18,28,43802,
524675,"KABSONS INDUSTRIES LTD.",X,STK,16,17,16,16.25,16.25,16.14,31,4080,66534,
524687,"BASANT AGRO TECH (INDIA) LTD.",X,STK,11.12,11.4,11.01,11.33,11.4,11.17,119,24064,270020,
524703,"SANDU PHARMACEUTICALS LTD.",X,STK,33.84,35.4,33.84,35.12,35.12,34.8,20,1771,60486,
524709,"NACL Industries Limited",B,STK,140.5,144,138.85,142.75,141.7,140.6,327,9466,1330110,
524711,"VISTA PHARMACEUTICALS LTD.",X,STK,7.11,7.5,6.91,6.98,6.98,6.92,49,9389,66999,
524715,"SUN PHARMACEUTICAL INDUSTRIES",A,STK,1695.65,1715,1695.05,1699.75,1703.45,1698.1,1959,20561,34986550,
524717,"TITAN BIOTECH LTD.",X,STK,1213,1338.95,1200,1302.35,1302.35,1212.15,1950,33918,42759855,
524723,"BIJOY HANS LTD.",XT,STK,52.6,52.6,52.6,52.6,52.6,52.6,6,1824,95942,
524727,"Span Divergent Limited",XT,STK,34.93,34.93,34.93,34.93,34.93,33.27,11,6627,231481,
524731,"JENBURKT PHARMACEUTICALS LTD.",X,STK,1051.65,1069.95,1051,1055.25,1067,1056.9,42,649,687837,
524735,"HIKAL LTD.",B,STK,214.05,214.05,204.15,209.7,210.5,213.35,656,55407,11525550,
524742,"CAPLIN POINT LABORATORIES LTD.",A,STK,1759.1,1759.1,1714,1717.2,1720,1732.7,672,4893,8463498,
524743,"FISCHER MEDICAL VENTURES LIMIT",B,STK,42.84,42.84,41.24,41.47,41.43,41.28,601,47171,1989116,
524748,"LINK PHARMA CHEM LTD.",X,STK,29.99,29.99,29.95,29.95,29.95,29.99,3,14,419,
524752,"DECIPHER LABS LIMITED",X,STK,8.45,8.45,8.38,8.38,8.38,8.45,6,107,896,
524768,"EMMESSAR BIOTECH & NUTRITION L",X,STK,25.66,27.4,25.66,27.4,27.4,27.62,4,4,106,
524774,"NGL FINE-CHEM LTD.",B,STK,2299,2375,2273.4,2297.1,2273.8,2291.65,238,723,1675110,
524790,"EVEREST ORGANICS LTD.",X,STK,378.05,386.2,318.95,332.35,332.35,398.35,857,66030,22213212,
524804,"AUROBINDO PHARMA LTD.",A,STK,1133.9,1187,1133.9,1184.9,1184,1148.5,4426,121222,142587589,
524808,"PHYTO CHEM (INDIA) LTD.",X,STK,26.02,26.02,24.55,25.95,25.95,26.15,22,2004,50827,
524816,"NATCO PHARMA LTD.",A,STK,825.05,931.9,825.05,882.55,882.55,822.1,42459,2104242,1902372622,
524818,"DYNAMIC INDUSTRIES LTD.",X,STK,116.2,122.35,108.7,118.9,122.35,116.2,43,4602,538250,
524820,"PANAMA PETROCHEM LTD.",B,STK,288,297.9,285.3,291.35,297.9,290.25,238,6356,1853564,
524824,"BAL PHARMA LTD.",B,STK,75.6,77,71,76.75,76.88,75.54,56,1455,109052,
524828,"BDH INDUSTRIES LTD.",X,STK,419,419,402.4,411.4,417.4,410.2,53,23205,9406462,
526001,"JAUSS POLYMERS LTD.",XT,STK,31.72,31.72,31.72,31.72,31.72,30.21,31,39777,1261726,
526025,"GLOBUS CONSTRUCTORS & DEVELOPE",X,STK,14.1,14.1,13,13.55,13.7,13.35,42,3251,44049,
526027,"CUBEX TUBINGS LTD.",B,STK,116.45,116.45,108.45,109.4,108.7,113.75,446,15404,1714188,
526043,"POLYMECHPLAST MACHINES LTD.",X,STK,54,54,50,50,50,50,9,56,2899,
526071,"STELLANT SECURITIES (INDIA) LT",XT,STK,617.2,617.2,617.2,617.2,617.2,649.65,50,379,233918,
526073,"GALAXY BEARINGS LTD.",X,STK,589.85,620,588,588.4,592.5,586.95,46,279,168320,
526075,"REKVINA LABORATORIES LTD.",XT,STK,22.74,22.74,22.74,22.74,22.74,22.3,11,6126,139305,
526081,"SC Agrotech Limited",XT,STK,31.39,31.39,29.84,29.84,29.84,31.41,8,308,9584,
526095,"RAVILEELA GRANITES LTD.",X,STK,46.5,51.98,39.74,40.66,39.74,49.67,168,35774,1476782,
526113,"UNIROYAL MARINE EXPORTS LTD.",X,STK,11.51,13.99,11.51,13.99,13.99,12.72,2,11,151,
526115,"KARAN WOO-SIN LTD.",X,STK,9.63,11.74,9.63,11.32,11.35,10.69,14,2166,21495,
526117,"SHERVANI INDUSTRIAL SYNDICATE",X,STK,433.95,433.95,385.1,395,395,404.2,18,133,53026,
526125,"BN AGROCHEM LIMITED",B,STK,289.55,289.55,250,253.2,253.05,271.65,188,2223,576271,
526133,"SUPERTEX INDUSTRIES LTD.",X,STK,6.41,6.41,6.27,6.35,6.35,6.44,14,7958,50504,
526137,"SHETRON LTD.",X,STK,119.7,119.7,111,112.35,111,116.7,39,1166,132515,
526139,"TRANSGENE BIOTEK LTD.",X,STK,2.59,2.76,2.36,2.67,2.67,2.59,143,133004,359220,
526143,"MPL PLASTICS LTD.",X,STK,7.86,8.05,7.86,7.88,7.88,7.86,15,496,3957,
526159,"NIKHIL ADHESIVES LTD.",X,STK,66.5,67.77,65.96,65.96,65.96,65.64,113,14299,952641,
526161,"SPENTA INTERNATIONAL LTD.",X,STK,82.83,93.57,74.01,85.23,86.99,79.1,49,3201,268895,
526169,"MULTIBASE INDIA LTD.",X,STK,219,221.6,215.9,218.9,217,219.9,156,5886,1286454,
526173,"ANDREW YULE & COMPANY LTD.",B,STK,21.6,21.85,21,21.36,21.36,21.52,297,51610,1113151,
526179,"LUDLOW JUTE & SPECIALITIES LTD",X,STK,217.05,223.7,212,218.75,216,216.4,33,1730,375173,
526187,"ASHRAM ONLINE.COM LTD.",X,STK,4.9,5.12,4.9,5.12,5.12,4.88,3,13,66,
526193,"ROYAL CUSHION VINYL PRODUCTS L",X,STK,21.29,21.29,19.25,20.07,19.25,19.61,12,275,5608,
526211,"SURAJ INDUSTRIES LTD.",X,STK,50,52,49.05,50.24,49.25,50,45,7223,370629,
526217,"Hitech Corporation Limited",B,STK,159.8,159.8,150,152.4,151,152,88,5387,823746,
526225,"BLOOM DEKOR LTD.",XT,STK,13.6,13.6,13.33,13.41,13.41,13.44,5,50,671,
526227,"FILATEX INDIA LTD.",B,STK,47.49,48,46.46,47.17,47.34,47.94,234,80013,3761403,
526231,"STANDARD SURFACTANTS LTD.",X,STK,59.95,59.95,54,58.04,58.25,51.45,77,10821,624517,
526237,"MORGAN VENTURES LTD.",X,STK,62.15,63,60.27,60.61,61.3,62.01,103,5844,359810,
526241,"AMRAPALI INDUSTRIES LTD.",X,STK,13.53,14.88,13.53,14.7,14.7,14.48,25,1880,27245,
526247,"PREMIER EXPLOSIVES LTD.",A,STK,457.35,461.5,445.1,446.3,446.75,466.1,781,16565,7475514,
526251,"MID EAST PORTFOLIO MANAGEMENT",X,STK,19,19,16,16.12,16.07,16.2,12,2010,32685,
526263,"MOLD-TEK TECHNOLOGIES LTD.",B,STK,140,140.45,136.1,137.4,137.35,140.4,52,550,75759,
526269,"CRESTCHEM LTD.",X,STK,102.8,102.8,88.15,89.06,89,94.82,123,4529,411798,
526299,"MPHASIS LTD.",A,STK,2430.65,2481,2427.1,2462.1,2461.45,2455.7,1282,5727,14044899,
526315,"DIVYASHAKTI LIMITED",X,STK,49.06,49.95,48,49.95,49.95,48.6,21,519,25351,
526325,"ORIENT PRESS LTD.",B,STK,65,66,62,63.43,63.43,59.66,20,839,53834,
526335,"SHREYAS INTERMEDIATES LTD.",XT,STK,8.2,8.2,7.68,7.68,7.68,8.08,23,1056,8125,
526345,"PANJON LTD.",X,STK,21.17,22.9,21.17,22.44,22.87,22.97,60,4606,100085,
526365,"SWARNSARITA JEWELS INDIA LIMIT",X,STK,35.5,35.5,34.65,34.73,35.39,36.84,78,19148,677067,
526367,"GANESH HOUSING LIMITED",A,STK,683.05,737.6,683.05,731,729.6,702.3,368,5404,3872619,
526371,"NMDC LTD.",A,STK,79.18,80.64,78.43,80.47,80.47,79.45,7177,1689642,134697443,
526373,"CINDRELLA HOTELS LTD.",X,STK,55.9,55.9,53.02,53.5,53.5,55.75,6,6,322,
526381,"PATEL INTEGRATED LOGISTICS LTD",B,STK,12.55,13,12.28,12.35,12.28,12.55,97,26361,326252,
526397,"ALPHAGEO (INDIA) LTD.",B,STK,202.1,206.75,198.8,200.25,200.1,209.5,215,1421,288715,
526407,"HAMPTON SKY REALTY LIMITED",X,STK,12.4,12.62,11.85,12.2,12.25,12.4,126,16666,204806,
526409,"KKALPANA INDUSTRIES (INDIA) LT",X,STK,8.15,8.58,7.7,7.94,8,8.11,78,9740,77441,
526415,"OK PLAY INDIA LTD.",X,STK,5.82,5.82,5.03,5.49,5.49,5.59,659,792171,4351001,
526423,"KRITI INDUSTRIES (INDIA) LTD.",B,STK,85.45,85.45,81.9,83.86,83.85,86.5,44,367,30787,
526433,"ASM TECHNOLOGIES LTD.",B,STK,2701.3,2789.7,2662,2680.15,2680.15,2771.4,1800,14024,37744167,
526435,"PERFECTPAC LTD.",X,STK,87.5,87.5,82.73,82.76,82.76,94.47,29,1269,108875,
526439,"AMBITIOUS PLASTOMAC COMPANY LT",X,STK,10.5,10.5,9.69,9.79,10,10.2,20,1791,18227,
526441,"VISION CINEMAS LTD.",XT,STK,1.33,1.33,1.31,1.33,1.33,1.33,13,6077,8079,
526443,"Artificial Electronics Intelli",X,STK,146.03,146.03,135.2,137.43,137.43,139.08,1876,587441,84577555,
526445,"INDRAYANI BIOTECH LTD.",X,STK,8.95,8.95,8.1,8.38,8.4,8.43,92,22883,191347,
526468,"EURO LEDER FASHION LTD.",X,STK,19,20,18.5,20,20,19.25,21,1001,19048,
526471,"WINSOME BREWERIES LTD.",X,STK,23.65,24.36,22,23.36,23.6,23.28,122,7517,172323,
526473,"ELEGANT FLORICULTURE & AGROTEC",X,STK,4.93,5.19,4.76,4.89,4.89,5.03,148,36317,177254,
526477,"SOUTH ASIAN ENTERPRISES LTD.",XT,STK,33.45,33.45,33.45,33.45,33.45,35.2,1,100,3345,
526479,"SKY INDUSTRIES LTD.",X,STK,92,92.79,88,88.54,89.01,91.21,20,675,60103,
526481,"PHOENIX INTERNATIONAL LTD.",X,STK,38,38,35.05,35.36,35.36,38.48,34,2124,75802,
526490,"PRATIK PANELS LTD.",X,STK,7.08,7.08,6.6,6.85,6.85,6.62,100,31169,210928,
526492,"Rishiroop Limited",X,STK,99,100.7,97,98.03,100,99,31,3507,344972,
526500,"STERLING GREEN WOODS LTD.",X,STK,27.75,27.75,26.6,26.6,26.6,28,12,381,10142,
526504,"DOLPHIN MEDICAL SERVICES LTD.",XT,STK,3.65,3.65,3.31,3.65,3.65,3.48,80,50952,178555,
526506,"SYSTEMATIX CORPORATE SERVICES",B,STK,87.57,87.57,80.32,81.24,80.5,83.8,125,8800,716608,
526508,"Shahi Shipping Limited",XT,STK,16.81,17.2,16.16,16.5,16.5,16.81,48,6164,100401,
526519,"ALPINE HOUSING DEVELOPMENT COR",X,STK,87,93,87,90.74,92.6,92,21,111,10094,
526521,"SANGHI INDUSTRIES LTD.",B,STK,62,62.41,62,62.14,62.14,61.99,14,556,34553,
526525,"WORLDWIDE ALUMINIUM LIMITED",X,STK,19.98,19.98,19.01,19.9,19.9,19.88,10,1227,23388,
526530,"IIRM HOLDINGS INDIA LIMITED",X,STK,96.41,96.41,87.5,91.24,90.75,94.52,33,1877,172128,
526532,"SQUARE FOUR PROJECTS INDIA LIM",X,STK,8.99,8.99,8.12,8.68,8.68,8.21,14,777,6697,
526544,"SGL RESOURCES LIMITED",X,STK,2.85,2.91,2.5,2.67,2.69,2.88,402,462151,1210455,
526546,"CHOKSI LABORATORIES LTD.",X,STK,120,120,111.7,115.6,115.6,111.15,36,1982,223999,
526550,"COUNTRY CLUB HOSPITALITY AND H",B,STK,13.51,14.48,13.51,13.71,13.71,14.03,8,22,303,
526554,"SALGUTI INDUSTRIES LTD.",X,STK,26.3,26.3,26.3,26.3,26.3,26.3,1,10,263,
526570,"MIDWEST GOLD LTD.",T,STK,5075,5431,4914.2,5094.1,5094.1,5172.8,916,13054,66660027,
526574,"ENTERPRISE INTERNATIONAL LTD.",X,STK,21.85,22,21.41,22,22,21.85,6,169,3690,
526582,"TPL PLASTECH LTD.",B,STK,69.4,69.4,67.39,67.98,67.98,69.81,26,1073,73192,
526586,"WIM PLAST LTD.",X,STK,414.75,421,408,411.45,409,414.75,196,8815,3629026,
526588,"PHOTOQUIP INDIA LTD.",XT,STK,17.2,17.2,17.2,17.2,17.2,16.4,1,100,1720,
526596,"LIBERTY SHOES LTD.",B,STK,266.95,273.1,263.3,265.4,263.3,265.05,167,2563,686126,
526604,"LIPPI SYSTEMS LTD.",XT,STK,30.3,30.34,30.29,30.34,30.34,28.9,16,1824,55308,
526608,"ELECTROTHERM (INDIA) LTD.",B,STK,740,741.2,731.6,731.6,731.6,736.7,40,515,379233,
526612,"BLUE DART EXPRESS LTD.",A,STK,5820.05,5850.5,5715,5832.5,5840,5809.05,189,460,2652160,
526614,"EXPO ENGINEERING AND PROJECTS",X,STK,57.3,58.01,55.35,55.47,55.45,59.01,15,725,41141,
526616,"NATIONAL PLASTIC INDUSTRIES LT",X,STK,53.15,53.15,51.75,51.75,51.75,53.31,17,2107,109655,
526622,"MFL INDIA LTD.",X,STK,0.45,0.46,0.43,0.45,0.45,0.45,348,541275,238144,
526628,"AJWA FUN WORLD & RESORT LTD.",P,STK,51.5,52.5,48.1,48.1,48.1,50.13,3,600,30860,
526638,"TEXEL INDUSTRIES LTD.",X,STK,91.95,91.95,80,82.98,82.98,86.84,248,34466,2875531,
526640,"ROYALE MANOR HOTELS & INDUSTRI",X,STK,33,34.45,32.5,34.45,34.45,33.3,10,491,16499,
526642,"MIRZA INTERNATIONAL LTD.",B,STK,35.35,35.7,35.17,35.5,35.5,35.85,56,6632,235162,
526650,"TOURISM FINANCE CORPORATION OF",B,STK,75.05,75.45,73.86,74.9,74.9,74.81,747,165099,12389717,
526654,"THAKKERS DEVELOPERS LTD.",X,STK,137.4,137.95,125,136.75,136.85,131.4,51,7931,1044519,
526666,"BHARTIYA INTERNATIONAL LTD.",B,STK,865,890,864.05,888.9,890,863.85,32,422,366859,
526668,"KAMAT HOTELS (INDIA) LTD.",B,STK,188,188,185.2,186.65,185.3,188.15,31,268,49887,
526675,"TIRTH PLASTIC LTD.",XT,STK,28.28,28.28,28.28,28.28,28.28,28.85,6,111,3139,
526677,"DSJ KEEP LEARNING LIMITED",B,STK,2.15,2.15,1.9,2.01,2.01,1.98,23,1202,2475,
526703,"ECOPLAST LTD.",X,STK,473.65,475,457.35,459.7,459.6,473.65,19,623,292347,
526705,"ELEGANT MARBLES & GRANI INDUST",X,STK,211,211,196.15,196.15,196.15,204.3,16,743,150610,
526709,"BITS LTD.",XT,STK,9.25,9.25,9,9,9,9.11,211,54162,498022,
526711,"ADARSH PLANT PROTECT LTD.",X,STK,31.36,31.36,31.36,31.36,31.36,33.01,21,1589,49831,
526717,"HCP PLASTENE BULKPACK LIMITED",X,STK,185,191.95,180,181.1,180,181.1,58,3188,585875,
526721,"NICCO PARKS & RESORTS LTD.",X,STK,73,74,72,72.49,72.49,73.04,64,542575,39850640,
526723,"NTC INDUSTRIES LTD.",X,STK,165.15,172,165.15,166.35,166.25,169.1,110,5029,847896,
526725,"SANDESH LTD.",B,STK,1030,1034,1030,1030,1030,1019.65,17,29,29896,
526727,"GARNET CONSTRUCTION LTD.",X,STK,105.05,111.25,103,107.64,107.64,94.85,572,106524,11512643,
526729,"GOLDIAM INTERNATIONAL LTD.",A,STK,393.15,402.4,380.7,393.8,389.6,393.1,657,32513,12692756,
526731,"BRIGHT BROTHERS LTD.",X,STK,228.75,230.5,222.05,223.5,224.45,225.75,61,3397,758950,
526739,"NARMADA GELATINES LTD.",X,STK,382,393,361.1,372.35,372.5,381.5,207,9921,3700002,
526747,"PG FOILS LTD.",XT,STK,245.35,245.35,245.35,245.35,245.35,258.25,80,17618,4322576,
526755,"VELAN HOTELS LTD.",X,STK,5.99,5.99,5.77,5.77,5.77,5.71,25,7171,42851,
526761,"HOWARD HOTELS LTD.",X,STK,27.5,27.5,23.5,24.54,23.86,23.92,39,2026,49912,
526773,"PRESSURE SENSITIVE SYSTEMS (IN",Z,STK,1.29,1.34,1.29,1.32,1.29,1.35,201,364999,475603,
526775,"VALIANT COMMUNICATIONS LTD.",X,STK,1002,1040,1002,1030.5,1030,1032.9,252,8675,8889762,
526783,"DR.AGARWALS EYE HOSPITAL LTD.",B,STK,4725,4849,4700.25,4746.15,4750,4742.7,319,940,4491337,
526797,"GREENPLY INDUSTRIES LTD.",B,STK,223.7,227,223.7,226.55,224.95,226.95,107,2282,514670,
526799,"UNION QUALITY PLASTICS LTD.",XT,STK,14.61,14.91,14.61,14.91,14.91,14.91,2,16,237,
526807,"SEAMEC LTD.",B,STK,1395.7,1408.6,1363.2,1383,1374.6,1371.9,392,3612,4991409,
526813,"RAGHUNATH INTERNATIONAL LTD.",X,STK,11.52,11.52,11,11.2,11.2,11.13,15,3441,39161,
526817,"CHEVIOT CO.LTD.",B,STK,1100.1,1100.1,1080.4,1083.1,1083.1,1077.2,79,488,533108,
526821,"DAI-ICHI KARKARIA LTD.",X,STK,263,269,258.3,264.6,261.7,260,82,2122,562369,
526823,"RAJESWARI INFRASTRUCTURE LIMIT",Z,STK,4.22,4.22,4.22,4.22,4.22,4.02,2,20,84,
526827,"SPICE ISLANDS INDUSTRIES LIMIT",XT,STK,296.6,297.45,296.6,297.45,297.45,302.65,44,2925,867658,
526829,"CONFIDENCE PETROLEUM INDIA LTD",B,STK,32.2,34,31.31,32.3,32.3,32.7,502,94663,3059286,
526839,"SHELTER INFRA PROJECTS LTD.",X,STK,13.9,13.9,12.78,13.9,13.9,12.71,14,2068,28732,
526841,"SHAKTI PRESS LTD.",X,STK,31.72,31.72,29.1,31.23,31.14,30.21,45,5267,161440,
526847,"ASHIRWAD STEELS & INDUSTRIES L",X,STK,26.9,26.9,24.26,24.98,25.9,26.67,51,2329,58371,
526849,"BANARAS BEADS LTD.",B,STK,125,125,122,122,122,119.25,11,18,2200,
526851,"AREX INDUSTRIES LTD.",X,STK,140,140,140,140,140,140.55,1,5,700,
526853,"BILCARE LTD.",X,STK,66.88,66.88,63.8,65.03,65.03,64.32,70,5007,323547,
526859,"ISF LIMITED",X,STK,0.95,0.95,0.95,0.95,0.95,0.95,30,11031,10479,
526861,"RISHI LASER LTD.",X,STK,115,117,107.3,110.75,114.55,117,156,17788,1999037,
526869,"KUMBHAT FINANCIAL SERVICES LTD",X,STK,20.6,20.6,19.51,20.5,20.5,20.5,4,45,888,
526871,"INTEC CAPITAL LTD.",X,STK,10.5,10.94,10.4,10.94,10.94,10.4,5,51,532,
526873,"RAJASTHAN SECURITIES LIMITED",X,STK,39.91,42,39.9,41.3,41.3,39.91,113,37110,1540463,
526877,"SIDDHESWARI GARMENTS LTD.",XT,STK,21.87,23.43,21.87,23.43,23.43,22.32,8,27,617,
526881,"63 Moons Technologies Limited",A,STK,684.75,689.4,666.6,672.95,666.6,686.5,343,3186,2168720,
526883,"SHIKHAR CONSULTANTS LTD.",XT,STK,17.8,17.8,17.8,17.8,17.8,18.16,1,1,17,
526885,"SARLA PERFORMANCE FIBERS LTD.",B,STK,82.44,82.44,77.63,80.18,80.2,80.82,226,3573,282836,
526891,"MARKET CREATORS LTD.",X,STK,13.14,13.14,13.14,13.14,13.14,12.52,1,1,13,
526899,"HIMALAYA FOOD INTERNATIONAL LI",X,STK,10.23,10.28,9.3,9.47,9.47,10.18,526,295106,2859005,
526901,"SONAL ADHESIVES LTD.",X,STK,39.75,39.76,36.8,39.4,39.4,41.9,31,1007,38038,
526905,"Padmanabh Industries Ltd",X,STK,9.81,10.19,9.81,10.19,10.19,9.71,14,4709,47571,
526921,"TWENTYFIRST CENTURY MANAGEMENT",B,STK,38.5,39.1,38.25,39.1,39.1,38.81,28,101,3876,
526931,"HARIYANA SHIP BREAKERS LTD.",X,STK,114,125,113.5,115.9,115.9,113.05,319,30195,3613490,
526935,"ARUNIS ABODE LIMITED",XT,STK,86.83,86.83,86.83,86.83,86.83,88.6,74,25757,2236480,
526945,"TYROON TEA CO.LTD.",X,STK,90,90,90,90,90,91.13,2,3,270,
526947,"LA OPALA RG LTD.",B,STK,197.5,198.7,190.85,191.1,190.85,198.45,136,1612,311012,
526951,"STYLAM INDUSTRIES LIMITED",B,STK,2217.95,2235.9,2216.65,2220.4,2224.2,2217.95,129,1084,2415775,
526953,"VENUS REMEDIES LTD.",T,STK,740,759,720.55,737.4,742,739,48,1028,767904,
526961,"LAST MILE ENTERPRISES LIMITED",X,STK,6.31,6.9,6.12,6.47,6.47,6.31,316,3351365,21099119,
526965,"GUJARAT CRAFT INDUSTRIES LTD.",X,STK,120,143,117,118.8,117.95,119.2,103,16432,2206975,
526967,"HEERA ISPAT LTD.",X,STK,7.52,7.93,7.52,7.93,7.93,7.52,7,103,775,
526971,"DHOOT INDUSTRIAL FINANCE LTD.",X,STK,221,221,209,210.45,210.45,215.4,46,1268,267140,
526977,"CRIMSON METAL ENGINEERING COMP",P,STK,51.85,51.85,51.85,51.85,51.85,52.9,1,100,5185,
526981,"SHRI BAJRANG ALLIANCE LIMITED",X,STK,166.9,166.9,163.1,163.5,165.9,166.9,27,1643,269654,
526987,"URJA GLOBAL LTD.",B,STK,9.99,10.2,9.85,9.94,9.94,10,452,97208,963058,
527001,"ASHAPURA MINECHEM LTD.",A,STK,543.9,552.1,533.55,536.7,535,540.9,965,27002,14614563,
527005,"SHREE PACETRONIX LTD.",X,STK,161.6,162,135.3,139.8,139.8,164.5,306,16169,2425289,
530001,"GUJARAT ALKALIES & CHEMICALS L",B,STK,473.75,484,470,480.25,483.9,470.2,101,861,410638,
530005,"INDIA CEMENTS LTD.",A,STK,437.85,439.8,422.05,435.85,434.8,441.9,810,17599,7595938,
530007,"JK TYRE & INDUSTRIES LTD.",A,STK,595.9,601.25,576.3,582.4,582.4,588,4074,125890,74253775,
530017,"STANDARD INDUSTRIES LTD.",B,STK,16.79,17.05,16.35,16.97,16.89,15.83,132,11812,197252,
530019,"JUBILANT PHARMOVA LIMITED",A,STK,912.65,913,888.3,896.3,891,912.7,406,3394,3058718,
530023,"THE INVESTMENT TRUST OF INDIA",B,STK,100,100,99.5,99.5,99.5,101.65,2,2,199,
530025,"SAMYAK INTERNATIONAL LTD.",X,STK,19.89,19.89,18,18.82,19.48,19.5,22,383,7145,
530027,"AADI INDUSTRIES LTD.",XT,STK,7.56,8.29,7.56,7.99,7.99,7.95,47,5064,38884,
530037,"SPARKLE GOLD ROCK LIMITED",XT,STK,74.6,74.6,74.3,74.3,74.3,74.68,2,6,446,
530043,"ACKNIT INDUSTRIES LTD.",X,STK,262,262.05,248.05,248.1,248.1,263.35,6,93,23701,
530045,"TITAN SECURITIES LTD.",X,STK,37,38.9,36,36.18,36.14,37.49,97,4987,185265,
530053,"REAL ECO-ENERGY LIMITED",X,STK,4.99,5.1,4.65,5.07,4.81,5,146,2019609,10006372,
530055,"HARMONY CAPITAL SERVICES LTD.",XT,STK,80.52,80.52,80.52,80.52,80.52,80.52,8,3600,289872,
530057,"Vivanza Biosciences Limited",X,STK,2.15,2.15,2.1,2.1,2.1,2.15,23,6198,13233,
530063,"YASHRAJ CONTAINEURS LTD.",XT,STK,5.64,5.64,5.13,5.14,5.13,5.39,34,2255,11671,
530065,"LORDS ISHWAR HOTELS LIMITED",X,STK,13.78,14.45,13.78,14.12,14.45,14.49,3,201,2838,
530067,"CSL Finance Limited",B,STK,257.9,258.8,248.55,248.75,248.55,258.3,85,1587,405311,
530073,"SANGHVI MOVERS LTD.",B,STK,286.7,288.95,280.1,281.8,282.55,288.75,125,2398,680699,
530075,"Antelopus Selan Energy Limited",B,STK,570,602,562.5,595.9,595.9,573.9,812,13103,7660698,
530077,"PURETROP FRUITS LIMITED",X,STK,181.2,182,180.9,181.3,181.2,181.2,59,5946,1076738,
530079,"FAZE THREE LTD.",B,STK,609.4,609.4,550,588.95,588.2,606.6,538,6750,3909851,
530093,"ACE EDUTREND LTD.",Z,STK,4.66,4.66,4.66,4.66,4.66,4.66,1,10000,46600,
530095,"PRADHIN LIMITED",Z,STK,0.22,0.23,0.22,0.22,0.22,0.23,542,6299864,1389776,
530109,"ANUPAM FINSERV LIMITED",X,STK,2.25,2.3,2.25,2.28,2.28,2.3,254,264854,600335,
530111,"RAJ PACKAGING INDUSTRIES LTD.",X,STK,30.07,30.07,30,30.01,30,30.01,8,1100,33016,
530117,"PRIVI SPECIALITY CHEMICALS LIM",A,STK,2737.4,2819.9,2707.95,2809.5,2804.5,2737.3,1066,12274,34362980,
530119,"NATRAJ PROTEINS LTD.",X,STK,32.5,35.1,32.13,32.41,32.4,31.37,60,8019,263665,
530125,"SAMRAT PHARMACHEM LTD.",X,STK,230,230,210,216.1,211,238.6,165,8180,1756165,
530127,"NPR FINANCE LTD.",X,STK,29.85,29.85,25.23,25.7,25.7,29.47,103,8753,235291,
530129,"NILE LTD.",X,STK,1825,1825,1732,1739.85,1733,1800.3,170,989,1735571,
530133,"AMCO INDIA LTD.",X,STK,80.5,81.5,74.26,75.16,74.5,76.1,22,438,34257,
530135,"OPTIEMUS INFRACOM LTD",B,STK,389.55,417.3,389.55,412.2,417.3,414.15,566,10742,4364141,
530139,"KREON FINNANCIAL SERVICES LTD.",X,STK,34.64,34.64,31.25,32.59,32.59,32.9,162,18015,575712,
530141,"GYAN DEVELOPERS & BUILDERS LTD",X,STK,32.61,38.8,32.61,36.77,37.1,38.08,26,2113,70819,
530145,"KISAN MOULDINGS LTD.",X,STK,28.59,28.74,27,27.37,27.37,28.78,233,46649,1297641,
530151,"VIJAY TEXTILES LTD.",Z,STK,7.24,7.3,6.88,7.3,7.3,7.24,8,899,6499,
530163,"KERALA AYURVEDA LTD.",X,STK,234.55,243.4,224,226.05,226.05,234.55,193,6682,1527440,
530167,"MOONGIPA CAPITAL FINANCE LTD.",X,STK,16.01,16.01,15.55,15.55,15.55,16.2,16,2271,36262,
530169,"MOHIT PAPER MILLS LTD.",X,STK,28.58,29.99,28.2,29,28.55,28.94,27,1933,55156,
530171,"DAULAT SECURITIES LTD.",X,STK,32.32,32.32,29,30.44,30.44,30.82,19,146,4541,
530173,"OSCAR GLOBAL LTD.",XT,STK,16.95,16.95,16.95,16.95,16.95,16.95,4,241,4084,
530175,"ODYSSEY TECHNOLOGIES LTD.",X,STK,49.43,52.5,46.26,47.23,47.23,50.44,122,9332,456447,
530177,"VK Global Industries Limited",X,STK,23.85,23.85,23.08,23.09,23.09,24.29,19,18840,434837,
530179,"RSC INTERNATIONAL LTD.",XT,STK,58.22,58.22,58.22,58.22,58.22,61.28,6,1700,98974,
530185,"Surat Trade and Mercantile Lim",X,STK,5.1,5.1,4.16,4.8,4.91,5.09,558,527265,2402088,
530187,"ATHARV ENTERPRISES LTD.",X,STK,3.6,3.61,3.6,3.61,3.61,3.6,11,6712,24179,
530197,"FUNDVISER CAPITAL (INDIA) LIMI",XT,STK,252,274,252,274,274,264,14,5315,1444110,
530199,"THEMIS MEDICARE LTD.",B,STK,94.24,96,90.5,91.01,91.48,90.51,163,6705,630042,
530201,"KALLAM TEXTILES LTD",X,STK,3.5,3.62,3.13,3.21,3.28,3.43,183,97039,313575,
530207,"BRAWN BIOTECH LTD.",X,STK,17.71,17.85,17.71,17.85,17.85,18.6,6,200,3556,
530213,"FORTUNE INTERNATIONAL LTD.",X,STK,70,70,65,65,65,66,15,1388,90337,
530215,"KINGS INFRA VENTURES LIMITED",X,STK,142.2,142.2,132.6,133.65,133.65,148,653,81049,10987712,
530217,"SWOJAS FOODS LIMITED",X,STK,13.65,14.83,13.65,14.61,14.83,14.13,108,58520,833571,
530219,"Nutricircle Limited",XT,STK,399.25,399.25,395.3,395.3,395.3,399.25,7,385,152194,
530231,"SUBHASH SILK MILLS LTD.",X,STK,54.64,54.64,54.64,54.64,54.64,52.04,2,11,601,
530233,"AURO LABORATORIES LTD.",X,STK,286,294.7,286,293.1,294.5,291.75,94,2462,713017,
530235,"KJMC FINANCIAL SERVICES LTD.",X,STK,53.14,53.14,48.11,48.15,48.15,48.87,21,619,30329,
530239,"SUVEN LIFE SCIENCES LTD.",B,STK,147.8,150.6,145,148.6,149.4,151,213,12882,1904338,
530245,"ARYAMAN FINANCIAL SERVICES LTD",X,STK,676,699.9,627.5,629.65,634.5,708,255,8190,5312048,
530249,"BRIDGE SECURITIES LTD.",X,STK,11.9,12.13,11.61,11.67,11.65,11.83,101,19149,225618,
530251,"RISA INTERNATIONAL LTD.",X,STK,0.53,0.53,0.5,0.52,0.52,0.53,109,66605,34408,
530253,"RAJASTHAN TUBE MANUFACTURING C",XT,STK,26.09,26.09,26.09,26.09,26.09,27.46,1,30,782,
530255,"KAY POWER AND PAPER LTD.",X,STK,9.39,9.5,8.07,8.58,8.48,9.44,141,24401,211582,
530259,"INTER STATE OIL CARRIER LTD.",X,STK,34.4,34.6,28,32.7,32.7,31.65,78,6741,202275,
530263,"GLOBAL CAPITAL MARKETS LTD.",X,STK,0.55,0.55,0.54,0.54,0.54,0.54,130,53761,29265,
530265,"SAINIK FINANCE & INDUSTRIES LT",X,STK,37.9,39.95,35,38.51,39.95,40.88,15,1661,63957,
530267,"ARIGATO UNIVERSE LIMITED",XT,STK,37.84,37.86,37.83,37.86,37.86,39.8,3,513,19408,
530271,"RICH UNIVERSE NETWORK LTD.",X,STK,8.09,8.09,8.09,8.09,8.09,8.5,2,33,266,
530281,"QUANTUM DIGITAL VISION (INDIA)",X,STK,19.5,19.5,19.5,19.5,19.5,19.5,4,64,1248,
530289,"SP CAPITAL FINANCING LTD.",X,STK,58.01,62,57.4,62,62,59.5,16,1005,61221,
530291,"PAOS INDUSTRIES LIMITED",XT,STK,58.05,58.05,58,58,58,58.05,2,1600,92850,
530295,"SHRI RAJIVLOCHAN OIL EXTRACTIO",X,STK,38.72,38.73,38.72,38.72,38.72,38.72,5,101,3910,
530299,"KOTHARI PRODUCTS LTD.",B,STK,65.79,65.79,57.31,59.63,59,63.79,119,1509,93067,
530305,"PICCADILY AGRO INDUSTRIES LTD.",B,STK,584.35,584.35,575.05,578.25,580.3,583.6,474,9628,5581783,
530307,"CHAMAN LAL SETIA EXPORTS LTD.",B,STK,300.05,300.05,275.4,278.1,275.6,293.5,1011,64101,18682914,
530309,"CHANDRA PRABHU INTERNATIONAL L",X,STK,13,13.27,12.43,12.81,13.06,13.22,46,15019,194143,
530313,"KIMIA BIOSCIENCES LIMITED",X,STK,40,43.28,33,33.72,33.72,39.95,604,124872,4342934,
530315,"HINDUSTAN TIN WORKS LTD.",X,STK,126.5,128.5,123.1,123.95,123.95,126.5,122,4970,618871,
530317,"GODAVARI DRUGS LTD.",X,STK,89.9,90,85.5,88.19,89,87.26,53,10462,912594,
530331,"PREMCO GLOBAL LTD.",X,STK,439,439.5,421,424.05,425.4,422.7,96,1590,678270,
530341,"MUKESH BABU FINANCIAL SERVICES",X,STK,119.2,132,119.2,132,132,119.2,2,2,251,
530343,"GENUS POWER INFRASTRUCTURES LT",T,STK,266.8,266.8,260,265.25,266,267.35,234,7424,1957459,
530355,"ASIAN ENERGY SERVICES LTD",B,STK,290,306.55,287.9,303.6,303.6,280.75,557,16006,4770030,
530357,"KBS INDIA LIMITED",XT,STK,1.45,1.46,1.36,1.36,1.36,1.43,155,138537,189296,
530361,"PRABHHANS INDUSTRIES LIMITED",X,STK,41.36,42.5,38.55,41.74,41.75,41.53,21,1253,50601,
530363,"UGAR SUGAR WORKS LTD.",B,STK,36.9,37.68,36.9,37.1,37.1,36.97,54,3047,113094,
530365,"ORIENT BELL LIMITED",B,STK,288.8,305.1,288.8,297.9,297.9,294,24,512,152303,
530367,"NRB BEARINGS LTD.",B,STK,282,282.15,278.6,281.7,280.8,281.95,163,3906,1095210,
530369,"VAMSHI RUBBER LTD.",X,STK,46.11,46.99,42.88,45.04,45,45.98,11,860,39476,
530377,"NILA INFRASTRUCTURES LTD.",B,STK,8.27,8.28,8.14,8.24,8.16,8.28,35,6682,54937,
530393,"DB (INTERNATIONAL) STOCK BROKE",B,STK,25,25,24,24.8,24.8,24.65,79,4096,100052,
530401,"VINYOFLEX LTD.",X,STK,55.99,55.99,49.37,52.92,52.92,53.5,28,812,41742,
530405,"JINDAL CAPITAL LTD.",X,STK,34.55,34.55,33.16,34.16,34.18,33.41,28,768,26043,
530407,"EPIC ENERGY LTD.",X,STK,37.01,37.98,35.99,36.45,36.31,37.99,87,8749,318010,
530419,"SUMEDHA FISCAL SERVICES LTD.",X,STK,39.95,39.95,38.1,38.39,38.5,39,29,2185,85245,
530421,"KUWER INDUSTRIES LTD.",X,STK,9,9.18,8.12,8.8,8.6,9.11,56,16619,139723,
530427,"CHOKSI ASIA LIMITED",X,STK,125.55,133.2,125,131.5,131.5,126.8,27,1920,247118,
530429,"ASHISH POLYPLAST LTD.",X,STK,30,33.95,29.99,32.98,32.98,29.76,10,856,27191,
530433,"SHIVA GLOBAL AGRO INDUSTRIES L",X,STK,36.84,36.84,29.53,30.74,30.5,36.82,227,66119,2059349,
530439,"SIDDHA VENTURES LTD.",X,STK,5,5,4.9,4.91,4.91,5,9,1876,9203,
530443,"KIRAN SYNTEX LTD.",XT,STK,17.2,18.97,17.2,18.97,18.97,18.07,10,3128,58192,
530445,"SUMERU INDUSTRIES LTD.",X,STK,1.75,1.75,1.62,1.62,1.69,1.66,46,6468,11037,
530449,"RUNGTA IRRIGATION LTD.",X,STK,58.5,58.5,56.2,57,57,56.2,11,168,9572,
530457,"GTT DATA SOLUTIONS LIMITED",X,STK,71.4,72.25,68.68,68.73,70,68.3,71,13756,972685,
530459,"VALSON INDUSTRIES LTD.",XT,STK,27.56,27.56,27.5,27.5,27.5,27.02,3,503,13832,
530461,"SABOO SODIUM CHLORO LTD.",X,STK,13.62,14.11,13.6,13.65,13.79,13.73,62,15078,205723,
530469,"GSL SECURITIES LTD.",XT,STK,58.71,58.72,55.79,55.85,55.85,58.72,12,2523,144626,
530475,"TINNA RUBBER AND INFRASTRUCTUR",B,STK,750,751,716.7,720.8,735,752.1,277,4257,3109814,
530477,"VIKRAM THERMO (INDIA) LTD.",X,STK,147.75,153,140,152.4,152,147.75,193,24206,3594665,
530495,"STRATMONT INDUSTRIES LIMITED",XT,STK,68.1,70.9,68.06,68.06,68.06,71.64,28,2542,173584,
530499,"A.K.CAPITAL SERVICES LTD.",X,STK,1615,1615,1540,1601.35,1605,1580.35,63,597,944397,
530517,"RELAXO FOOTWEARS LTD.",A,STK,356.05,359.45,351.5,354.9,354.9,359.9,1162,15878,5621741,
530521,"VIRAT INDUSTRIES LTD.",X,STK,382.6,394,362.05,384.95,380,375.1,25,341,127064,
530525,"RAJNISH RETAIL LIMITED",X,STK,4.01,4.06,3.94,3.94,3.94,4.14,412,317318,1252823,
530533,"TERAI TEA CO.LTD.",X,STK,100,102.4,100,100,100,102.4,3,101,10102,
530545,"COSCO (INDIA) LTD.",X,STK,219,219.05,200,204.2,204.2,210,71,1673,352105,
530547,"KEN FINANCIAL SERVICES LTD.",X,STK,10.75,10.75,10.75,10.75,10.75,11.31,1,1,10,
530549,"SHILPA MEDICARE LTD.",A,STK,327.1,333.4,324.5,328.95,328,326.2,422,10844,3576143,
530555,"PARAMOUNT COMMUNICATIONS LTD.",B,STK,36.39,36.39,34.46,34.53,34.46,35.74,300,33729,1178836,
530557,"NCL RESEARCH & FINANCIAL SERVI",X,STK,0.45,0.46,0.45,0.45,0.45,0.45,838,1133471,514160,
530565,"POPEES CARES LIMITED",XT,STK,11.41,12,11.41,11.78,12,12.01,6,92,1068,
530571,"EXPLICIT FINANCE LTD.",XT,STK,9.1,9.1,9.1,9.1,9.1,8.67,3,6018,54763,
530577,"LADDERUP FINANCE LTD.",X,STK,61.99,61.99,50.05,51.64,51.02,52.4,56,5364,301599,
530579,"U. Y. FINCORP LIMITED",T,STK,14.5,14.74,13.81,14.37,14.37,14.53,12,2781,39838,
530581,"EKAM LEASING & FINANCE CO.LTD.",X,STK,6.06,6.06,6.06,6.06,6.06,6.37,1,1,6,
530585,"SWASTIKA INVESTMART LTD.",X,STK,57.95,57.95,54.1,55.13,54.14,54.92,56,39472,2194757,
530589,"PRIMA PLASTICS LTD.",X,STK,122.05,133,122.05,122.85,122.85,125,45,2194,274758,
530595,"TELECANOR GLOBAL LTD.",XT,STK,42.49,42.49,42.49,42.49,42.49,40.47,18,4238,180072,
530601,"JAGSONPAL SERVICES LIMITED",X,STK,58.75,58.75,53.11,55.98,58.19,58.75,16,218,12264,
530609,"CARNATION INDUSTRIES LTD.",XT,STK,85.04,85.04,80.79,83.88,85.04,85.04,21,3136,263496,
530611,"STURDY INDUSTRIES LTD.",Z,STK,0.19,0.21,0.19,0.21,0.21,0.2,107,204772,41544,
530615,"GARG FURNACE LTD.",X,STK,145.05,154.95,145.05,146.25,146.25,141.75,76,3652,549037,
530617,"SAMPRE NUTRITIONS LTD.",X,STK,20.3,21.85,19.98,19.98,19.98,22.19,498,204322,4135142,
530621,"Akar Auto Industries Limited",X,STK,103.6,103.6,96,101.15,101.15,107.33,124,7594,745076,
530627,"Vipul Organics Limited",X,STK,218.5,218.5,209,211.55,214,213.1,62,3812,821436,
530643,"ECO RECYCLING LTD.",B,STK,399,402.5,391,391.8,392.75,397.85,561,9584,3770567,
530655,"Goodluck India Limited",B,STK,1083.7,1161.05,1083.7,1131.8,1121.5,1085.75,486,5129,5840391,
530663,"GOYAL ASSOCIATES LTD.",X,STK,0.9,0.91,0.88,0.91,0.91,0.87,36,60252,54065,
530665,"ZENITH HEALTH CARE LTD.",X,STK,3.37,3.4,3.26,3.32,3.32,3.37,91,10472,34858,
530675,"YORK EXPORTS LTD.",X,STK,74.5,74.5,70.02,72.34,72,69.49,22,1368,99978,
530677,"SUPREME HOLDINGS & HOSPITALITY",B,STK,56.67,57.82,54.67,57.44,57.44,56.67,88,2151,119604,
530689,"LYKIS LIMITED",X,STK,54.15,54.15,51,51.77,51.77,54.57,414,114241,5985449,
530695,"PRIME PROPERTY DEVELOPMENT COR",X,STK,24.01,24.73,23.5,24.09,24.67,24,34,1442,34252,
530697,"Zenlabs Ethica Limited",X,STK,19.55,20.9,19.01,20.6,20.6,19.66,37,2751,55988,
530699,"RAJ RAYON INDUSTRIES LIMITED",T,STK,22.92,22.92,22.92,22.92,22.92,22.48,4,773,17717,
530705,"ANIRIT VENTURES LIMITED",XT,STK,45.74,45.74,45.74,45.74,45.74,46.67,1,250,11435,
530709,"GOWRA LEASING & FINANCE LTD.",X,STK,94.3,94.3,89.32,89.98,93.9,94.3,11,530,47704,
530711,"JAGAN LAMPS LTD.",X,STK,66.7,66.7,65,65.08,65.05,67.47,55,2772,181158,
530723,"ASIT C.MEHTA FINANCIAL SERVICE",X,STK,122.1,122.25,120,120,120,126,7,326,39375,
530733,"ENCODE PACKAGING INDIA LIMITED",X,STK,11.29,12.3,11.29,11.36,11.36,11.87,3,4,47,
530735,"SUPER BAKERS (INDIA) LTD.",X,STK,30.01,30.01,30.01,30.01,30.01,31.51,1,1,30,
530741,"OVOBEL FOODS LTD.",X,STK,153.5,153.5,140,142.35,142.35,147.55,176,6303,911550,
530745,"ACS TECHNOLOGIES LIMITED",X,STK,41.03,41.03,39.43,40.11,40.11,40.23,274,136339,5477508,
530759,"STERLING TOOLS LTD.",B,STK,229.6,230.25,223,223.15,223.15,231.05,74,1910,430695,
530765,"AGARWAL FORTUNE INDIA LIMITED",X,STK,21.47,21.47,21.47,21.47,21.47,21.47,5,108,2318,
530779,"DYNAMIC PORTFOLIO MANAGEMENT &",X,STK,22.74,23.85,21.61,23.21,23.63,22.74,11,285,6610,
530789,"CEEJAY FINANCE LTD.",X,STK,196.25,196.25,180,180,180,187,8,39,7082,
530795,"SUNCITY SYNTHETICS LTD.",X,STK,17.24,17.24,16.95,16.95,16.95,17.08,9,145,2493,
530797,"SHREE GANESH ELASTOPLAST LTD.",X,STK,13.92,13.92,13.92,13.92,13.92,13.92,1,4,55,
530799,"ANNA INFRASTRUCTURES LTD.",X,STK,32,32.23,29.17,32.23,32.23,30.7,30,6061,190248,
530803,"Bhageria Industries Limited",B,STK,161.1,161.1,158.25,159.4,159.4,160.85,30,1198,190222,
530805,"ONESOURCE INDUSTRIES AND VENTU",X,STK,7.59,7.59,6.31,6.65,6.65,6.9,374,256880,1808633,
530809,"BNR UDYOG LTD.",X,STK,34.92,39.98,33,38.75,38.79,36.36,33,1668,59148,
530813,"KRBL LTD.",A,STK,360.05,366.25,352.95,355.85,358,364.4,897,29047,10468805,
530821,"SSPDL LTD.",X,STK,16.67,16.67,16.67,16.67,16.67,15.16,27,12809,213526,
530825,"DAIKAFFIL CHEMICALS INDIA LTD.",X,STK,49.24,49.24,46.55,46.75,46.55,49,46,9353,437043,
530829,"CIL SECURITIES LTD.",X,STK,38.11,41.62,38.11,40.48,40.48,40.28,24,644,25468,
530839,"CLIO INFOTECH LTD.",XT,STK,6.55,6.55,6.24,6.55,6.24,6.24,45,11418,74774,
530843,"CUPID LTD.",B,STK,418.2,420,401.85,405.65,405.65,421.05,5533,324191,133396691,
530845,"SUNSHIELD CHEMICALS LTD.",X,STK,820.05,827,818,818,818,823.45,19,614,506247,
530853,"HIPOLIN LTD.",X,STK,64.89,64.89,64.87,64.87,64.87,64.89,3,48,3114,
530855,"GDL LEASING & FINANCE LTD.",XT,STK,129.95,129.95,117.8,125.9,125.9,123.95,73,4409,531756,
530871,"Chembond Material Technologies",B,STK,151,151,150.3,150.45,150.4,155.8,36,1096,164974,
530879,"CAPITAL INDIA FINANCE LIMITED",B,STK,32.05,34.99,31.64,31.65,31.65,32.64,52,3458,110863,
530881,"Arunjyoti Bio Ventures Limited",X,STK,7.99,7.99,7.56,7.84,7.84,7.8,126,150449,1176102,
530883,"SUPER CROP SAFE LTD.",X,STK,9.71,9.71,9.05,9.27,9.28,9.5,87,16286,153243,
530889,"ALKA INDIA LTD.",XT,STK,11.11,11.11,11.11,11.11,11.11,10.59,21,562,6243,
530897,"N.G.INDUSTRIES LTD.",X,STK,135.25,137.6,135,137.6,137.6,139,3,76,10263,
530899,"ASIA PACK LTD.",X,STK,49.99,49.99,49.99,49.99,49.99,49.99,1,12,599,
530907,"SI CAPITAL & FINANCIAL SERVICE",X,STK,33.32,35,33.32,34.75,34.75,34,7,171,5954,
530909,"ERP SOFT SYSTEMS LTD.",X,STK,68.4,68.4,68.4,68.4,68.4,68.4,4,88,6019,
530919,"REMSONS INDUSTRIES LTD.",B,STK,110.5,120.2,109.1,118.4,118.4,110.1,539,10932,1271729,
530925,"RAMSONS PROJECTS LTD.",XT,STK,107.18,107.18,107.18,107.18,107.18,112.82,7,139,14898,
530929,"RRP DEFENSE LIMITED",X,STK,847,847,847,847,847,855.55,12,143,121121,
530931,"STANPACKS (INDIA) LTD.",X,STK,11.5,11.5,10.93,10.93,10.93,11.5,9,432,4807,
530943,"Aqylon Nexus Limited",T,STK,1870,1870,1823.95,1823.95,1823.95,1919.9,21,129,236913,
530951,"RAMINFO LIMITED",X,STK,72.95,72.95,67,67.86,68,70.82,87,4451,304024,
530953,"SUNIL AGRO FOODS LTD.",X,STK,91,91,90.91,90.91,90.91,95.69,6,464,42223,
530959,"DIANA TEA CO.LTD.",X,STK,27.1,29,27.1,28.84,28.99,26.5,146,23892,681108,
530961,"Vikas EcoTech Limited",B,STK,1.51,1.53,1.49,1.52,1.52,1.5,346,242835,366915,
530965,"INDIAN OIL CORPORATION LTD.",A,STK,176.25,176.25,173.5,175.2,175.2,176.75,3645,779300,135956206,
530973,"ALFA ICA (INDIA) LTD.",X,STK,73.15,73.15,73.15,73.15,73.15,73.12,2,15,1097,
530977,"Shri Keshav Cements and Infra",XT,STK,160.35,167,160.35,162.05,162.05,167.6,22,1562,253115,
530979,"INDIA HOME LOAN LTD.",X,STK,31.25,32.95,30.35,30.92,31.4,32.39,108,7221,229323,
530991,"ROOPA INDUSTRIES LTD.",X,STK,49.8,49.8,48,48,48,48.23,10,762,37834,
530993,"SARTHAK GLOBAL LTD.",XT,STK,35.54,35.54,32.17,32.17,32.17,33.85,7,330,10693,
530997,"UNIQUE ORGANICS LTD.",X,STK,95.99,95.99,89.62,92.28,92.28,89.69,49,1899,170641,
530999,"BALAJI AMINES LTD.",B,STK,1078.65,1100.5,1063,1091.15,1095.45,1078.65,466,9782,10568539,
531003,"SWARNA SECURITIES LTD.",X,STK,86.95,86.95,78.7,86.44,86.44,82.82,7,29,2314,
531015,"VENMAX DRUGS AND PHARMACEUTICA",X,STK,26.65,29.59,24.29,27.11,27.11,26.97,20,2646,68050,
531017,"ARIHANTS SECURITIES LTD.",X,STK,21.61,21.61,20.02,20.99,21,21.72,16,338,7156,
531025,"VISAGAR FINANCIAL SERVICES LTD",X,STK,0.38,0.39,0.38,0.39,0.39,0.38,277,421716,163511,
531029,"BHARAT TEXTILES & PROOFING IND",P,STK,31.55,31.55,31.55,31.55,31.55,32.99,1,500,15775,
531033,"REGAL ENTERTAINMENT & CONSULTA",XT,STK,39.07,39.07,35.35,37.66,38.9,37.21,84,18483,696399,
531035,"ERAAYA LIFESPACES LIMITED",T,STK,38.65,39.19,36.01,38.4,38.75,37.9,263,149630,5658486,
531039,"Swadha Nature Limited",XT,STK,11.78,11.78,11.78,11.78,11.78,12.4,1,100,1178,
531041,"COMPETENT AUTOMOBILES CO.LTD.",X,STK,396.35,396.35,383.1,394.65,394.8,396.35,15,457,176474,
531043,"DHANVANTRI JEEVAN REKHA LTD.",X,STK,26.8,26.8,25,25.55,25.55,25.55,12,269,6914,
531049,"NEELKANTH ROCKMINERALS LTD.",Z,STK,17,17,17,17,17,17,1,10,170,
531051,"VINTAGE SECURITIES LTD.",X,STK,15.97,15.97,15.21,15.21,15.21,15.21,13,2444,37995,
531065,"OSWAL OVERSEAS LTD.",XT,STK,128.3,128.3,128.3,128.3,128.3,129.55,1,10,1283,
531067,"CONTIL INDIA LTD.",X,STK,22.75,22.75,19.4,21.99,21.99,21.55,50,6749,135798,
531069,"VIJAY SOLVEX LTD.",X,STK,475,496.45,455,484.95,475,475.1,101,5196,2529040,
531080,"SHRI KRISHNA DEVCON LTD.",X,STK,37.55,37.79,35,37,37,36.79,10,175,6312,
531082,ALANKIT,B,STK,9.55,9.55,9.15,9.15,9.15,9.34,92,6875,63493,
531083,"NIHAR INFO GLOBAL LTD.",X,STK,7.52,7.52,7.1,7.52,7.52,7.17,60,21426,160961,
531092,"OM INFRA LIMITED",B,STK,86.2,96.67,86.2,91.79,92.6,93.18,64,3489,321440,
531099,"Checkpoint Trends Limited",XT,STK,104.45,104.45,99,104.3,104.45,99.5,98,17445,1817346,
531109,"Ishan Dyes and Chemicals Limit",B,STK,58.79,58.79,56,57.3,56.3,58.5,42,1907,109504,
531111,"GOTHI PLASCON (INDIA) LTD.",P,STK,40,40,39.42,39.42,39.42,41.49,12,2100,83075,
531112,"BALU FORGE INDUSTRIES LIMITED",A,STK,503.35,510,487.05,492.55,497.8,501.4,732,23765,11929042,
531119,"CEENIK EXPORTS (INDIA) LTD.",X,STK,308,310,302.1,302.5,302.5,311.5,15,240,72795,
531120,"PATEL ENGINEERING LTD.",A,STK,30.09,30.09,28.17,28.29,28.29,30.31,1724,586291,16788426,
531126,"KATI PATANG LIFESTYLE LIMITED",XT,STK,22.75,23.77,21.61,22.54,23.22,22.64,110,112850,2601225,
531129,"INANI MARBLES & INDUSTRIES LTD",X,STK,12.8,13.6,11.5,11.56,11.56,13.05,252,110958,1306588,
531137,"GEMSTONE INVESTMENTS LTD.",X,STK,1.57,1.7,1.53,1.62,1.62,1.59,211,84991,137945,
531144,"EL FORGE LTD.",X,STK,16.9,16.9,16.2,16.51,16.69,16.43,22,1031,17112,
531146,"MEDICAMEN BIOTECH LTD.",B,STK,341.7,343.7,338.2,338.2,338.2,349.85,151,2260,768372,
531147,"ALICON CASTALLOY LIMITED",B,STK,776.15,821.25,768.65,819.95,819.4,790.1,36,129,103422,
531153,"DILIGENT INDUSTRIES LTD.",X,STK,2.5,2.5,2.26,2.36,2.35,2.52,250,162203,392057,
531155,"EPSOM PROPERTIES LTD.",X,STK,7.33,7.33,7.33,7.33,7.33,6.99,2,157,1150,
531156,"ALFAVISION OVERSEAS (INDIA) LT",X,STK,4.26,4.4,4.11,4.17,4.17,4.25,71,9201,38596,
531157,"ORGANIC COATINGS LTD.",XT,STK,23.55,23.55,23.55,23.55,23.55,23.55,4,53,1248,
531158,"CATVISION  LIMITED",X,STK,19.05,19.96,18.65,19.73,19.73,19.44,44,2026,39150,
531161,"ABM KNOWLEDGEWARE LTD.",XT,STK,231.15,245,221.85,244.95,245,233.5,64,5132,1179485,
531162,"EMAMI LTD.",A,STK,485.75,491.55,482.05,488.1,489.95,489.75,1350,75629,37009579,
531163,"KEMISTAR CORPORATION LIMITED",X,STK,79.9,79.9,63.9,65.87,63.9,71.81,71,3323,218705,
531168,"ASSOCIATED CERAMICS LTD.",X,STK,196,204.9,195,204.9,204.9,208,9,445,86809,
531169,"SKP SECURITIES LTD.",X,STK,97.2,97.2,97.15,97.15,97.15,97.15,2,15,1457,
531173,"SYSCHEM (INDIA) LTD.",X,STK,53.81,53.81,49.25,50.61,50.61,51.25,138,19629,1018456,
531176,"MEFCOM CAPITAL MARKETS LTD.",X,STK,12,12.43,11.7,11.81,11.8,12.1,48,13768,163806,
531178,"HEMANG RESOURCES LIMITED",X,STK,15,15,13.01,13.72,13.72,13.84,52,11813,170244,
531179,"ARMAN FINANCIAL SERVICES LTD.",B,STK,1699.95,1760,1685.2,1695.85,1699.35,1671.55,1507,14242,24646270,
531190,"EFORU ENTERTAINMENT LIMITED",X,STK,84,84,76.5,80.99,80.99,83.93,13,5436,417110,
531191,"FILTRON ENGINEERS LTD.",XT,STK,101.3,101.3,101.3,101.3,101.3,102.3,8,496,50244,
531199,"GLANCE FINANCE LTD.",X,STK,176.95,176.95,171,173.1,173.1,189.5,5,103,17623,
531201,"SHILCHAR TECHNOLOGIES LTD.",B,STK,3810.7,3917.95,3780,3808.05,3790,3823.4,516,2423,9313403,
531203,"TRADEWELL HOLDINGS LIMITED",X,STK,80.74,80.74,80.74,80.74,80.74,84.98,2,6,484,
531205,"SPRIGHT AGRO LIMITED",X,STK,0.61,0.61,0.59,0.6,0.6,0.61,1711,4068367,2453646,
531209,"NUCLEUS SOFTWARE EXPORTS LTD.",B,STK,841.9,842.35,821.7,836.85,838,845.85,112,518,430689,
531210,"COLINZ LABORATORIES LTD.",XT,STK,48.18,52.79,47.78,52.79,52.79,50.28,79,16249,794989,
531212,"NALIN LEASE FINANCE LTD.",X,STK,50.8,51.3,50.74,51,51.3,49.51,10,339,17243,
531213,"Manappuram Finance Ltd",A,STK,304.95,305.15,295.5,303.75,302.05,302.45,4643,303679,91377466,
531215,"RTS POWER CORPORATION LTD.",X,STK,129.5,131.75,123.1,124.2,126.5,126.35,88,3462,439176,
531216,"COMFORT INTECH LTD.",X,STK,6.89,7.2,6.89,7.04,7.01,7.02,434,200877,1408347,
531219,"Shyama Computronics and Servic",P,STK,4,4,4,4,4,4,2,300,1200,
531221,"MAYUR FLOORINGS LTD.",X,STK,15.21,15.21,15.21,15.21,15.21,15.81,3,30,456,
531223,"ANJANI SYNTHETICS LTD.",X,STK,23.9,23.93,23.24,23.59,23.59,23.51,15,2049,48458,
531225,"XTGLOBAL INFOTECH LIMITED",B,STK,32.39,32.42,32,32,32,31.5,7,611,19763,
531228,"RANDER CORPORATION LTD.",X,STK,10.79,10.79,10.79,10.79,10.79,10.58,13,2911,31409,
531233,"RASI ELECTRODES LTD.",X,STK,14.48,14.48,14,14.2,14.15,14.21,64,7906,112537,
531234,"SCOOBEE DAY GARMENTS (INDIA) L",X,STK,85.14,85.9,82.85,83.74,82.85,83.47,24,448,37662,
531235,"CITIPORT FINANCIAL SERVICES LT",XT,STK,41.51,41.51,40,40,40,40.7,10,305,12403,
531237,"DHRUVA CAPITAL SERVICES LTD.",XT,STK,185.65,193.95,176.4,191.95,193,185.65,26,996,185512,
531240,"SHAMROCK INDUSTRIAL CO.LTD.",XT,STK,20.37,20.37,20.37,20.37,20.37,20.37,2,102,2077,
531241,"LINC LIMITED",B,STK,108.55,112.9,106.1,111.1,112.9,109.8,271,2187,234797,
531246,"PRIMA INDUSTRIES LTD.",X,STK,21.95,21.95,20.8,20.8,20.8,21.8,8,73,1532,
531253,"INDIA GELATINE & CHEMICALS LTD",X,STK,340.3,362.9,340.3,350.95,350.05,350.6,73,1705,603937,
531254,"Optimus Finance Limited",X,STK,14.06,14.35,13.9,14.23,14.27,14.06,204,73824,1044743,
531255,"PARAGON FINANCE LTD.",X,STK,51.9,51.9,51.7,51.7,51.7,50,4,5,259,
531257,"PRATIKSHA CHEMICALS LTD.",X,STK,26.8,26.8,24,24.34,24.83,24.72,90,44630,1112387,
531259,"ESHA MEDIA RESEARCH LIMITED",XT,STK,28.5,31.49,28.5,30,30,30,31,2931,88386,
531260,"Refex Renewables & Infrastruct",X,STK,270.85,273,270.85,273,273,271.25,4,54,14734,
531262,"EQUILATERAL ENTERPRISES LIMITE",X,STK,19.25,21.25,19.24,21.2,21.2,20.25,7,215,4163,
531266,"V.S.T.TILLERS TRACTORS LTD.",B,STK,5782,5811.4,5643.2,5677.5,5670.8,5786.75,199,664,3787020,
531268,"B2B SOFTWARE TECHNOLOGIES LTD.",XT,STK,43.65,45.83,42.2,45.83,45.83,43.65,493,74691,3316207,
531272,"NIKKI GLOBAL FINANCE LTD.",XT,STK,21.47,21.89,21.47,21.89,21.89,21.47,11,300,6555,
531273,"RADHE DEVELOPERS (INDIA) LTD.",X,STK,1.85,1.86,1.81,1.84,1.86,1.85,141,78586,145033,
531274,"KINETIC TRUST LTD.",XT,STK,51.3,51.3,51.3,51.3,51.3,52.34,1,1,51,
531278,"Elixir Capital Limited",X,STK,109,112,101,109.65,111.5,109.1,91,2791,298711,
531279,"Trishakti Industries Limited",X,STK,151.3,152.9,143.9,145,143.9,147.75,96,7704,1143574,
531280,"PANKAJ POLYMERS LTD.",XT,STK,62.89,62.89,57.16,58.67,59.75,60.16,44,8374,486362,
531281,"MARBLE CITY INDIA LIMITED",X,STK,117.2,119.35,110,114.05,116,114.9,52,6017,682810,
531283,"CINDRELLA FINANCIAL SERVICES L",X,STK,9.8,9.8,9.8,9.8,9.8,9.79,1,10,98,
531287,"NATIONAL PLASTIC TECHNOLOGIES",X,STK,279.95,286,255,256.5,256.6,262.05,29,327,87242,
531288,"LEAD FINANCIAL SERVICES LTD.",X,STK,15,15.6,14.25,15.6,15.6,15,3,103,1546,
531289,"NATIONAL FITTINGS LIMITED",X,STK,169.95,169.95,164,165.1,167.85,166.9,16,370,60784,
531297,"ARTEFACT PROJECTS LTD.",X,STK,66.73,66.73,62.51,62.8,62.8,66.23,58,9137,583704,
531300,"AMIT INTERNATIONAL LTD.",Z,STK,3.74,3.75,3.6,3.74,3.74,3.74,10,37599,137036,
531304,"NUTECH GLOBAL LTD.",X,STK,28.93,28.93,28.93,28.93,28.93,27.56,5,1000,28930,
531306,"DHP INDIA LTD.",X,STK,531.2,532.45,512.85,520.8,520.8,531,29,534,283600,
531307,"RRIL LIMITED",X,STK,17.5,17.84,16.82,17.02,17,17.5,139,46708,799105,
531310,"AVAILABLE FINANCE LTD.",X,STK,153.5,153.5,147.5,149.6,149.5,152.05,63,6137,921601,
531319,"MARUTI SECURITIES LTD.",X,STK,42.5,46,42.5,45.46,45.85,46.13,49,2021,90062,
531322,"SRI HAVISHA HOSPITALITY INFRAS",B,STK,1.63,1.84,1.63,1.72,1.72,1.7,46,11199,20111,
531323,"JAYATMA INDUSTRIES LIMITED",X,STK,11.67,11.67,11.67,11.67,11.67,12.28,1,1,11,
531324,"ROSELABS FINANCE LTD.",X,STK,20.51,21.53,19.57,21.52,21.52,20.51,8,228,4619,
531327,"CHARMS INDUSTRIES LTD.",XT,STK,6.9,6.9,6.9,6.9,6.9,6.96,2,35,241,
531328,"KRETTO SYSCON LIMITED",X,STK,0.7,0.73,0.66,0.7,0.7,0.67,1485,26824305,18798508,
531335,"ZYDUS WELLNESS LTD.",A,STK,406.3,406.95,397.2,400.35,400.65,406.25,378,5450,2179504,
531338,"MILESTONE GLOBAL LTD.",X,STK,18.27,18.27,17.4,17.75,17.75,17.4,7,1160,20566,
531340,"BERVIN INVESTMENT & LEASING LT",X,STK,53.26,58.86,53.26,58.86,58.86,56.06,15,792,45333,
531341,"GUJARAT INVESTA LTD.",XT,STK,22.99,22.99,22.93,22.93,22.93,23.05,3,120,2757,
531344,"CONTAINER CORPORATION OF INDIA",A,STK,496.25,504.7,495,503.65,502.55,498.3,1231,28819,14406863,
531346,"EASTERN TREADS LTD.",X,STK,30.5,30.5,27.45,28.97,28.85,29.58,27,193,5601,
531349,"PANACEA BIOTEC LTD.",B,STK,351,351,338,346.2,345.75,349.45,258,3491,1201313,
531357,"MERCURY EV-TECH LIMITED",B,STK,36.9,37.43,36.71,36.94,36.94,37.02,812,157206,5816855,
531358,"CHOICE INTERNATIONAL LTD.",A,STK,754.5,782,745.6,762.3,763.6,754.15,1261,45644,34825058,
531359,"SHRIRAM ASSET MANAGEMENT CO.LT",X,STK,324,328.95,315,324.85,324.85,317.75,68,1069,342682,
531360,"GOLECHHA GLOBAL FINANCE LTD.",X,STK,19.96,19.96,18.62,18.62,18.62,19.57,16,281,5238,
531364,"Ekansh Concepts Limited",X,STK,195,204.9,191.35,194.3,200,196.6,53,29968,5986682,
531370,"SPARC ELECTREX LIMITED",X,STK,5.04,5.04,4.98,4.98,4.98,5.04,10,1872,9337,
531373,"THE BYKE HOSPITALITY LTD.",B,STK,50.62,50.71,48.98,49.2,49.21,50.7,64,5989,295389,
531380,"CENTENIAL SURGICAL SUTURE LTD.",X,STK,100.2,100.2,98,98,98,104.22,19,429,42322,
531381,"ARIHANT FOUNDATIONS & HOUSING",B,STK,1288,1288,1160,1171.65,1171.65,1151.4,240,4151,4956453,
531387,"HASTI FINANCE LTD.",X,STK,7.62,7.62,7.62,7.62,7.62,7.48,2,510,3886,
531390,"UPSURGE INVESTMENT & FINANCE L",X,STK,76.8,78.8,75.1,75.95,78,79.1,51,1751,133279,
531395,"PADAM COTTON YARNS LTD.",X,STK,2.88,2.88,2.7,2.75,2.76,2.82,474,319350,883234,
531396,"WOMEN NETWORKS LTD.",X,STK,7.6,7.6,7.6,7.6,7.6,7.5,1,90,684,
531397,"POLYCON INTERNATIONAL LTD.",X,STK,29.35,29.35,26.62,28.76,28.76,27.99,7,45,1293,
531398,"SOURCE NATURAL FOODS & HERBAL",X,STK,134.95,134.95,130,130.95,130.95,129,21,465,61124,
531399,"G.G.AUTOMOTIVE GEARS LTD.",X,STK,210.9,210.9,199,203.3,204.75,209.7,331,17460,3564223,
531400,"ALMONDZ GLOBAL SECURITIES LTD.",B,STK,15.7,15.81,15.15,15.4,15.15,15.86,75,4744,73352,
531402,"LWS KNITWEAR LTD.",X,STK,15.9,15.9,15.4,15.67,15.85,15.9,27,8863,137457,
531409,"ALCHEMIST CORPORATION LTD.",XT,STK,27.61,27.61,27.61,27.61,27.61,27.61,3,152,4196,
531411,"TUNI TEXTILE MILLS LTD.",XT,STK,0.99,1.06,0.99,1.02,1.03,1.03,204,183777,186814,
531412,"RADIX INDUSTRIES (INDIA) LIMIT",XT,STK,184.3,184.3,180.15,183.85,184.15,180.2,3,22,4044,
531416,"NARENDRA PROPERTIES LTD.",X,STK,34.43,34.43,34.43,34.43,34.43,34.26,1,2,68,
531417,"MEGA CORPORATION LTD.",X,STK,2.53,2.55,2.47,2.55,2.51,2.47,130,88515,222621,
531426,"TAMIL NADU NEWSPRINT & PAPERS",B,STK,143,143,139.3,139.3,139.3,143.7,8,60,8527,
531431,"SHAKTI PUMPS (INDIA) LTD.",A,STK,565.9,590,558,564.6,564.6,640.35,11921,425516,243962642,
531432,"SYSTEMATIX SECURITIES LTD.",X,STK,11,11.03,11,11.03,11.03,10.51,3,627,6897,
531433,"SUNGOLD CAPITAL LTD.",XT,STK,2.57,2.57,2.55,2.55,2.55,2.55,7,2052,5234,
531436,"SAFFRON INDUSTRIES LIMITED",X,STK,43.48,43.48,43.48,43.48,43.48,41.41,15,1586,68959,
531437,"Prakash Woollen & Synthetic Mi",X,STK,23,24.2,22.75,24.1,24.1,23.27,41,5777,133848,
531439,"AION-TECH SOLUTIONS LIMITED",B,STK,41,41.08,39.9,40.42,40.95,40.85,121,3512,143203,
531441,"LYONS CORPORATE MARKET LTD.",XT,STK,22.05,22.05,22.05,22.05,22.05,21,1,19,418,
531449,"GRM OVERSEAS LTD.",B,STK,164.1,164.95,162.6,163.35,163.7,163.9,171,16562,2716143,
531453,"MOHIT INDUSTRIES LTD.",B,STK,26.32,26.32,25.45,25.51,25.45,26.32,16,500,12816,
531454,"POLYLINK POLYMERS (INDIA) LTD.",X,STK,18.5,19.98,18.5,19.64,19.64,19.01,39,9186,175782,
531456,"MINAXI TEXTILES LTD.",X,STK,1.55,1.55,1.47,1.55,1.55,1.55,18,7603,11663,
531458,"BOSTON BIO SYSTEMS LTD.",XT,STK,5.96,5.96,5.96,5.96,5.96,6.27,1,1,5,
531460,"CONTINENTAL CONTROLS LTD.",XT,STK,9.35,9.35,9.17,9.17,9.17,9.35,2,14,129,
531465,"NOUVEAU GLOBAL VENTURES LTD.",X,STK,0.49,0.49,0.49,0.49,0.49,0.49,14,2481,1215,
531471,"DUKE OFFSHORE LTD.",XT,STK,15.64,16.14,15.64,15.85,15.85,15.38,68,9824,157595,
531472,"CYBELE INDUSTRIES LTD.",XT,STK,41.39,41.39,39.7,41,41.07,39.42,77,18060,745541,
531486,"FILMCITY MEDIA LTD.",XT,STK,2.41,2.54,2.41,2.53,2.53,2.53,11,6380,16173,
531489,"CG-VAK SOFTWARE & EXPORTS LTD.",X,STK,220,223.2,205,207,205,223.25,139,3966,837890,
531494,"NAVKAR URBANSTRUCTURE LIMITED",T,STK,1.24,1.24,1.17,1.24,1.24,1.22,33,61736,75316,
531495,"BLUE COAST HOTELS LTD.",B,STK,27.23,27.23,27.23,27.23,27.23,26.7,1,2,54,
531496,"OMKAR OVERSEAS LTD.",XT,STK,8.84,8.84,8.84,8.84,8.84,8.84,3,800,7072,
531497,"MADHUCON PROJECTS LTD.",B,STK,5.15,5.15,4.77,4.96,4.96,4.94,8,5970,29039,
531499,"SYBLY INDUSTRIES LTD.",XT,STK,1.94,2.03,1.85,1.85,1.85,1.94,13,1325,2474,
531500,"RAJESH EXPORTS LTD.",Z,STK,179,179,169.1,169.1,169.1,177.95,247,8614,1469702,
531502,"ESAAR (INDIA) LTD.",X,STK,10.56,10.56,10.35,10.35,10.35,10.56,18,11494,118965,
531503,"MARIS SPINNERS LTD.",X,STK,31.25,31.25,31,31,31,29.67,11,1643,51058,
531505,"INDERGIRI FINANCE LTD.",X,STK,24,24,24,24,24,23.5,1,1,24,
531506,"SHUKRA BULLIONS LTD.",XT,STK,41.93,41.93,39.06,39.06,39.07,41.11,18,964,37768,
531508,"EVEREADY INDUSTRIES INDIA LTD.",B,STK,312.9,338.8,312.9,335,335,340.35,37,1066,357239,
531512,"ORIENT TRADELINK LTD.",X,STK,18.7,19,18.49,18.8,18.89,19.07,142,192247,3601698,
531515,"MAHAN INDUSTRIES LTD.",XT,STK,9.59,9.59,9.59,9.59,9.59,9.59,14,2868,27504,
531518,"VIKAS PROPPANT & GRANITE LTD.",Z,STK,0.29,0.3,0.29,0.29,0.29,0.3,99,135939,39428,
531525,"ACE SOFTWARE EXPORTS LTD.",X,STK,234.95,244,228.5,239.8,239.8,229.25,363,70842,16768368,
531529,"SOFTRAK VENTURE INVESTMENT LTD",X,STK,1.95,1.95,1.83,1.83,1.83,1.92,85,41880,77253,
531531,"HATSUN AGRO PRODUCT LTD.",A,STK,912,912.85,900.3,901.45,900.3,912.2,119,669,606688,
531533,"ACCEDERE LIMITED",X,STK,52.2,54.75,49.6,51.58,53.44,52.2,39,2422,121882,
531537,"MIZZEN VENTURES LIMITED",X,STK,177.9,177.9,169.43,177.85,177.9,169.43,154,11971,2122814,
531540,"MARUTI INFRASTRUCTURE LTD.",X,STK,10.39,10.5,9.07,10.08,10.08,10.38,183,131773,1332441,
531541,"KOBO BIOTECH LIMITED",Z,STK,2.96,3,2.89,2.89,2.89,2.89,31,6223,18156,
531543,"JINDAL WORLDWIDE LTD.",B,STK,26.55,26.84,26.1,26.29,26.29,26.89,137,8840,234415,
531548,"SOMANY CERAMICS LTD.",B,STK,400.25,407.75,391.1,394.7,396.85,400.95,177,1889,751557,
531550,"JHAVERI CREDITS & CAPITAL LTD.",X,STK,184.9,193.85,180,180,180,184.85,37,1419,261809,
531552,"RAGHUNATH TOBACCO CO.LTD.",X,STK,15.29,15.29,14,14.79,14.79,14.99,59,3299,47514,
531553,"DISHA RESOURCES LIMITED",X,STK,20.27,21,18.55,20.07,19.12,20.27,49,9013,181326,
531556,"CORAL INDIA FINANCE & HOUSING",B,STK,34.61,38.74,34.61,35.17,35,35,9,220,7736,
531557,"AMIT SECURITIES LTD.",XT,STK,52.27,52.27,52.27,52.27,52.27,49.79,2,48,2508,
531568,"ASHUTOSH PAPER MILLS LTD.",X,STK,6.6,6.6,6.6,6.6,6.6,6.94,4,505,3333,
531569,"SANJIVANI PARANTERAL LTD.",X,STK,223.4,223.4,202.3,207.55,206.6,210.5,61,2392,494866,
531572,"RANJIT SECURITIES LTD.",XT,STK,72.16,72.16,72.16,72.16,72.16,68.73,4,26,1876,
531574,"VAS INFRASTRUCTURE LTD.",XT,STK,11.04,11.04,11.04,11.04,11.04,11.62,9,1191,13148,
531578,"KMF BUILDERS & DEVELOPERS LTD.",X,STK,6,6,6,6,6,6,5,949,5694,
531582,"BERYL SECURITIES LTD.",XT,STK,24.35,26,24.35,25.99,26,25.59,3,404,10337,
531583,"RAP CORP LIMITED",X,STK,25.65,26.79,23.45,26.75,26.75,25.58,16,1060,27761,
531585,"DEVINE IMPEX LTD.",X,STK,9,9.45,9,9.45,9.45,9.45,7,906,8155,
531591,"BAMPSL SECURITIES LTD.",XT,STK,20.4,21.4,19.81,20.3,20.3,20.43,28,5147,103740,
531592,"GENPHARMASEC LIMITED",X,STK,1.3,1.35,1.27,1.28,1.28,1.32,338,518306,677410,
531594,"INCON ENGINEERS LTD.",X,STK,13.25,13.25,13.25,13.25,13.25,13.25,1,5,66,
531595,"CAPRI GLOBAL CAPITAL LIMITED",A,STK,178.3,178.3,174.35,175.05,176.15,177.2,533,16346,2872609,
531599,"FDC LTD.",B,STK,372.1,376.3,369,374.35,374,375.95,413,4309,1606205,
531608,"GORANI INDUSTRIES LTD.",X,STK,69.45,73.9,68,68,68,68.09,9,548,37344,
531616,"STARCOM INFORMATION TECHNOLOGY",XT,STK,74.79,74.79,74.79,74.79,74.79,78.72,1,1,74,
531624,"COUNTRY CONDOS LTD.",B,STK,5.65,5.65,4.88,5.1,5.1,5.18,27,8601,42751,
531626,"OROSIL SMITHS INDIA LTD.",X,STK,4.4,4.65,4.36,4.44,4.44,4.38,42,18663,84414,
531628,"TEJASSVI AAHARAM LIMITED",XT,STK,33,33,33,33,33,32.36,1,6,198,
531633,"LINCOLN PHARMACEUTICALS LTD.",B,STK,645,651,611.1,621.45,620,647.6,1082,13079,8223686,
531635,"SILVER OAK (INDIA) LTD.",XT,STK,93.99,93.99,88.26,88.53,88.26,92.9,42,861,77722,
531637,"PRAVEG LIMITED",B,STK,296,297.75,285.1,289.4,289.5,295.95,1287,28840,8403010,
531642,"MARICO LTD.",A,STK,760.25,774,759.3,772.9,771.7,759.65,801,16099,12378398,
531644,"TOKYO FINANCE LTD.",X,STK,23.64,23.64,20.05,23.63,23.63,23.65,4,24,560,
531647,"B.J.DUPLEX BOARDS LTD.",XT,STK,21.73,21.73,21.73,21.73,21.73,20.7,1,200,4346,
531651,"NATIONAL GENERAL INDUSTRIES LT",X,STK,46,46,41.85,42.28,45.4,43.99,16,1458,62095,
531652,"UVS HOSPITALITY AND SERVICES L",X,STK,118.95,127,115,120,120,118.75,15,541,63129,
531658,"ABATE AS INDUSTRIES LIMITED",X,STK,14.5,14.5,14,14.5,14.5,13.81,203,139634,2003475,
531661,"HITTCO TOOLS LTD.",X,STK,11.9,11.9,11.65,11.65,11.65,11.99,3,80,934,
531663,"YUVRAAJ HYGIENE PRODUCTS LTD.",X,STK,6.6,6.98,6.04,6.04,6.04,6.71,368,420176,2578757,
531667,"RR METALMAKERS INDIA LIMITED",X,STK,26.25,30.8,25.22,26.59,26.37,28.02,38,9581,290057,
531668,"VISION CORPORATION LTD.",X,STK,2.57,3.25,2.57,3.19,3.19,2.77,21,15382,48219,
531671,"Karnawati Innovation Limited",X,STK,1.38,1.38,1.38,1.38,1.38,1.32,51,11627,16045,
531672,"INANI SECURITIES LTD.",X,STK,22.99,22.99,20.51,20.6,21.99,21.12,27,599,12911,
531673,"ANKA INDIA LTD.",XT,STK,28.07,30.06,27.21,27.42,27.21,28.64,41,13184,364218,
531676,"EMROCK CORPORATION LIMITED",XT,STK,286.5,287.65,286.5,286.5,286.5,285,72,11970,3432197,
531677,"ARIS INTERNATIONAL LTD.",XT,STK,375,382.85,375,382.85,382.85,382.85,4,116,43622,
531680,"MAYUR LEATHER PRODUCTS LTD.",XT,STK,21.55,23.81,21.55,23.81,23.81,22.68,19,6396,140180,
531681,"AMERISE BIOSCIENCES LIMITED",X,STK,0.72,0.72,0.6,0.6,0.6,0.72,38,126640,78922,
531688,"Prithvi Exchange (India) Limit",X,STK,123.95,131.7,121.5,129.75,129,123.95,43,2440,311850,
531692,"KHYATI MULTIMEDIA-ENTERTAINMEN",X,STK,2.95,3.09,2.94,2.95,2.95,2.95,13,6816,20968,
531694,"RAINBOW FOUNDATIONS LTD.",X,STK,59.93,61.13,59.93,59.93,59.93,63.08,72,10383,624231,
531716,"TRICOM FRUIT PRODUCTS LIMITED",XT,STK,2.18,2.18,2.1,2.1,2.1,2.14,14,375,813,
531717,"Vidhi Specialty Food Ingredien",B,STK,321.5,321.5,313.75,315.7,314.55,313.7,53,252,80062,
531719,"BHAGIRADHA CHEMICALS & INDUSTR",B,STK,209.85,210.5,206.7,208.3,208.3,212.35,14,132,27354,
531723,"GACM Technologies Limited",B,STK,0.48,0.5,0.48,0.48,0.49,0.48,114,195723,95395,
531726,"PANCHSHEEL ORGANICS LTD.",X,STK,115,121.4,111.8,118.7,115,115.7,45,4693,538182,
531727,"MENON PISTONS LTD.",X,STK,59.02,61.5,59.02,60.49,60.49,59.82,142,24516,1490915,
531737,"GREENCREST FINANCIAL SERVICES",X,STK,0.56,0.58,0.56,0.58,0.58,0.57,89,58332,33119,
531739,"GENNEX LABORATORIES LTD.",X,STK,12.39,12.5,11.8,11.94,11.94,12.26,840,473359,5728665,
531752,"BIOGEN PHARMACHEM INDUSTRIES L",X,STK,0.69,0.7,0.68,0.68,0.68,0.69,712,626154,428947,
531758,"G.K.CONSULTANTS LTD.",X,STK,10.64,11.4,10.62,11.25,11.25,10.65,9,4259,45970,
531761,"APOLLO PIPES LIMITED",B,STK,331,341.85,326,328.85,328,319.45,607,22982,7707754,
531762,"UNJHA FORMULATIONS LTD.",X,STK,23.28,23.5,23,23.39,23.39,23.29,7,1554,36280,
531768,"POLY MEDICURE LTD.",A,STK,1295,1306.15,1285.1,1301.35,1301,1288.95,643,10027,13026331,
531769,"PFL INFOTECH LTD.",XT,STK,4.86,4.86,4.4,4.86,4.86,4.63,29,15383,74631,
531771,"SHRADDHA PRIME PROJECTS LTD",X,STK,185.2,185.2,172,180,180,181.55,138,6938,1252460,
531775,"CISTRO TELELINK LTD.",XT,STK,1.07,1.07,1.07,1.07,1.07,1.07,1,500,535,
531778,"KACHCHH MINERALS LTD.",XT,STK,28.01,29.4,28.01,29.37,29.37,28,42,11885,348191,
531780,"KAISER CORPORATION LIMITED",X,STK,4.85,4.97,4.5,4.66,4.67,4.75,104,22805,108669,
531784,"KCL Infra Projects Limited",X,STK,1.49,1.49,1.26,1.38,1.4,1.25,560,907405,1265895,
531794,"SESHACHAL TECHNOLOGIES LTD.",XT,STK,72.03,72.03,72.03,72.03,72.03,73.5,4,45,3241,
531795,"ATUL AUTO LTD.",B,STK,510,518.1,496.4,497.45,499.4,500,440,7317,3712777,
531797,"SCAN PROJECTS LTD.",XT,STK,93.34,93.34,93.34,93.34,93.34,88.9,5,206,19228,
531802,"PRERNA INFRABUILD LTD.",X,STK,24,25.89,24,25.75,25.75,24.93,14,713,18362,
531810,"METAL COATINGS (INDIA) LTD.",X,STK,62.2,62.2,60,60.11,60.11,62.04,17,953,57355,
531812,"SGN TELECOMS LTD.",XT,STK,0.7,0.7,0.66,0.67,0.69,0.69,70,52483,35147,
531814,"TIRUPATI SARJAN LTD.",X,STK,10.36,10.39,10,10.01,10,10.18,20,2465,25323,
531822,"RODIUM REALTY LIMITED",X,STK,183,193.95,178.15,179.4,193.95,188.4,27,470,84783,
531832,"NAGARJUNA AGRI TECH LTD.",XT,STK,53.49,53.49,51,51,51,50.95,4,30,1532,
531834,"NATURA HUE CHEM LTD.",XT,STK,10.89,11.95,10.88,11.95,11.95,11.39,8,2039,22897,
531840,"IEC EDUCATION LTD.",X,STK,22.22,24.84,22.22,23.89,24.84,24.68,49,2205,51558,
531841,"Indus Finance Limited",X,STK,51,54,50.75,54,54,51,6,36,1839,
531842,"LAHOTI OVERSEAS LTD.",X,STK,52,52,48.36,49.67,49.67,48.94,103,19467,971851,
531845,"ZENITH STEEL PIPES AND  INDUST",B,STK,5.34,5.34,4.98,5.07,5.07,5.24,55,23745,119684,
531846,"TRINITY LEAGUE INDIA LTD.",X,STK,13.49,13.49,12.2,13.49,13.49,13.49,3,111,1484,
531847,"ASIAN STAR CO.LTD.",B,STK,660,674.4,635.15,670,670,677.75,7,46,30499,
531859,"ORIENTAL RAIL INFRASTRUCTURE L",B,STK,143,146.85,142.05,143,142.8,143.4,351,17929,2570777,
531861,"JOINDRE CAPITAL SERVICES LTD.",X,STK,44.04,44.04,41.4,42.5,42.5,44.75,78,8086,340222,
531862,"BHARAT AGRI FERT & REALTY LTD.",X,STK,25.49,25.49,24.5,24.76,24.75,25.42,93,6881,172538,
531867,"UNITECH INTERNATIONAL LTD.",Z,STK,3.8,3.8,3.8,3.8,3.8,3.8,2,2,7,
531869,"SACHETA METALS LTD.",X,STK,3.97,3.99,3.91,3.92,3.92,3.93,228,98429,388160,
531870,"POPULAR ESTATE MANAGEMENT LTD.",X,STK,17.95,17.95,17.95,17.95,17.95,17.6,3,21,376,
531878,"ANJANI FINANCE LTD.",X,STK,11.7,11.7,10.86,11.21,11.21,11.39,30,497,5551,
531887,"Tacent Projects Limited",XT,STK,42.46,42.46,42.46,42.46,42.46,40.44,1,100,4246,
531888,"REXNORD ELECTRONICS & CONTROLS",X,STK,69.99,69.99,67,67.08,67.01,69.69,74,4228,285368,
531889,"INTEGRATED INDUSTRIES LIMITED",X,STK,42.5,44.9,41.95,44.38,44.38,41.83,5165,2928087,128526979,
531892,"KHANDWALA SECURITIES LTD.",B,STK,19.2,19.2,19.2,19.2,19.2,19.03,3,2900,55680,
531893,"SAWACA ENTERPRISES LIMITED",X,STK,0.33,0.35,0.33,0.34,0.34,0.33,418,780125,267104,
531900,"CCL INTERNATIONAL LTD.",X,STK,22.1,25.49,22.1,25.46,25.46,24.9,22,270,6638,
531902,"GALLOPS ENTERPRISE LTD.",XT,STK,22.54,22.54,21,21,21,22.1,5,195,4097,
531909,"CROISSANCE LIMITED",XT,STK,3.46,3.46,3.24,3.36,3.38,3.41,137,345861,1159229,
531910,"Madhuveer Com 18 Network Limit",XT,STK,266.05,266.05,259.25,265,265,272.85,35,23872,6205918,
531911,"GALAXY AGRICO EXPORTS LTD.",XT,STK,42.8,45.13,40.85,44.96,44.94,42.99,18,2402,98866,
531913,"GOPAL IRON & STEELS CO.(GUJARA",XT,STK,9.27,10.23,9.27,10.2,10.2,9.75,90,63078,642780,
531918,"HINDUSTAN APPLIANCES LTD.",X,STK,118.8,118.8,107.05,107.1,107.1,118.9,33,427,47202,
531921,"AGARWAL INDUSTRIAL CORPORATION",B,STK,640,653.95,596.95,607.5,600,693.25,638,6394,4016632,
531923,"DHAMPURE SPECIALITY SUGARS LTD",XT,STK,116.78,116.78,111.24,115.62,115.62,111.22,106,13840,1601422,
531925,"SHANTANU SHEOREY AQUAKULT LTD.",X,STK,1.48,1.48,1.47,1.47,1.47,1.49,6,2726,4024,
531928,"GOLDEN CARPETS LTD.",X,STK,11.15,11.15,11.15,11.15,11.15,10.93,1,1,11,
531929,"INNOCORP LTD.",XT,STK,4.81,4.81,4.77,4.77,4.77,4.79,11,1631,7819,
531930,"SARTHAK INDUSTRIES LTD.",X,STK,33.13,33.13,33.13,33.13,33.13,32.97,1,15,496,
531931,"SAI CAPITAL LTD.",X,STK,201,201,166,180.7,178.3,188,34,358,66940,
531936,"BLUE CHIP INDIA LTD.",B,STK,3.21,3.21,3.09,3.16,3.16,3.15,152,35743,112903,
531944,"LEXORAA INDUSTRIES LIMITED",XT,STK,16.88,16.99,16.88,16.99,16.99,16.88,3,131,2222,
531950,"VERTEX SECURITIES LTD.",X,STK,3.69,4.1,3.68,3.82,3.82,3.8,95,27444,106040,
531952,"RIBA TEXTILES LTD.",X,STK,74.9,74.9,70,72.06,72.2,72.49,44,3725,268796,
531959,"NEWTIME INFRASTRUCTURE LIMITED",X,STK,2.06,2.07,1.9,1.93,1.97,2.03,300,252010,491010,
531960,"Kashyap Tele-Medicines Limited",XT,STK,5.6,5.6,5.6,5.6,5.6,5.89,10,16508,92444,
531962,"SHREE METALLOYS LTD.",XT,STK,51.68,51.68,49,49.05,49,50.67,48,2839,140971,
531968,"IITL PROJECTS LIMITED",X,STK,53.95,53.95,53.95,53.95,53.95,51,1,2,107,
531977,"CHARTERED LOGISTICS LTD.",X,STK,8.52,8.73,7.92,8.26,8.15,8.52,202,69108,563700,
531978,"AMBIKA COTTON MILLS LTD.",B,STK,1373,1380.05,1369.05,1374.85,1379.85,1383.15,19,167,229595,
531979,"HIND ALUMINIUM INDUSTRIES LTD.",XT,STK,100,100,95.5,98.45,97.1,99.45,167,7616,747082,
531980,"SENTHIL INFOTEK LTD",X,STK,37.7,37.7,37.7,37.7,37.7,37.7,3,40,1508,
531982,"SPECTRUM FOODS LTD.",X,STK,15.25,15.25,14.25,14.33,14.33,15.17,40,7535,110555,
531989,"DECCAN POLYPACKS LTD.",X,STK,24.63,24.63,24.63,24.63,24.63,23.46,1,10,246,
531991,"AMRAWORLD AGRICO LTD.",X,STK,0.62,0.62,0.59,0.59,0.59,0.63,63,22158,13197,
531994,"AUTO PINS (INDIA) LTD.",XT,STK,148,155.5,146,154.5,155.5,148.2,19,129,19157,
531996,"ODYSSEY CORPORATION LTD.",X,STK,8.12,8.85,8.12,8.47,8.49,8.44,71,10959,92776,
531997,"IKOMA TECHNOLOGIES LIMITED",X,STK,21,21.2,19.65,19.68,19.65,20.68,150,21814,433768,
532001,"INDUCTO STEEL LTD.",X,STK,52.1,52.1,51,51,51,51.64,3,500,25924,
532005,"SAM INDUSTRIES LTD.",X,STK,48.9,48.9,46,46,46,45.28,3,20,935,
532011,"VASHU BHAGNANI INDUSTRIES LIMI",X,STK,57,57.34,52,53.73,53.51,57.34,80,8302,447167,
532015,"GRAVITY (INDIA) LTD.",XT,STK,15.24,15.24,15.24,15.24,15.24,14.52,66,117933,1797298,
532016,"ESPIRE HOSPITALITY LIMITED",X,STK,315.9,316,266.85,290.55,299.1,296.5,61,3907,1065341,
532019,"LCC INFOTECH LTD.",T,STK,5.1,5.46,5,5.15,5.15,5.2,22,22313,119548,
532022,"FILATEX FASHIONS LTD.",B,STK,0.3,0.3,0.28,0.3,0.3,0.31,431,12140083,3536708,
532029,"SINDHU TRADE LINKS LIMITED",B,STK,22.85,24.58,22.85,24.18,24.3,23,143,41697,995864,
532039,"ZENOTECH LABORATORIES LTD.",X,STK,45.16,46.24,44.62,45.95,45.95,45.13,62,18480,849270,
532041,"HINDUSTAN BIO SCIENCES LTD.",X,STK,8.07,8.07,8.07,8.07,8.07,8.49,31,8631,69652,
532051,"SWELECT ENERGY SYSTEMS LIMITED",B,STK,532,562.35,532,539.65,534.35,534.45,176,1346,736322,
532053,"WALLFORT FINANCIAL SERVICES LT",X,STK,80,82.99,74.1,82.99,82.99,81.22,27,604,47941,
532054,"KDDL LTD.",B,STK,2254,2304.4,2233,2240.55,2250.2,2295.35,287,1392,3125157,
532056,"Trustedge Capital Limited",XT,STK,148.55,155.95,148.55,152.4,152.1,148.55,60,7753,1195792,
532057,"ABHINAV CAPITAL SERVICES LTD.",X,STK,135,135,120.75,129.3,129.3,129,4,37,4747,
532067,"3B BlackBio Dx Limited",B,STK,1600,1629.85,1572.3,1586.15,1586.15,1593.65,367,3468,5538073,
532070,"Sumuka Agro Industries Limited",X,STK,229,253.75,225,228.1,236,228.95,69,47542,10838107,
532072,"INTERWORLD DIGITAL LTD.",XT,STK,0.27,0.29,0.27,0.27,0.27,0.28,80,138113,37357,
532090,"Atvo Enterprises Limited",XT,STK,19.05,19.75,19.05,19.35,19.72,19.36,83,39873,772742,
532092,"EPUJA SPIRITECH LIMITED",XT,STK,2.38,2.38,2.23,2.24,2.23,2.34,111,167957,376694,
532100,"INDO-CITY INFOTECH LTD.",X,STK,10.99,10.99,10.29,10.82,10.82,10.6,26,2294,24411,
532102,"SBEC SUGAR LTD.",X,STK,31,31,29.5,29.5,29.5,29.97,10,214,6614,
532105,"MEGA FIN (INDIA) LTD.",ZP,STK,31.95,31.95,31.95,31.95,31.95,33.63,4,21200,677340,
532113,"BRIJLAXMI LEASING & FINANCE LT",XT,STK,12.65,12.73,11.77,12.01,11.77,12.15,34,16302,196805,
532123,"BSEL ALGO LIMITED",X,STK,6.2,6.4,5.83,5.97,5.97,5.41,1118,954992,5868518,
532124,"RELIABLE VENTURES INDIA LTD.",X,STK,21.34,21.34,18.23,19.24,18.23,21.24,22,82,1712,
532131,"TRIUMPH INTERNATIONAL FINANCE",X,STK,17.7,17.7,15.16,16.86,16.92,16.84,29,3113,50680,
532134,"BANK OF BARODA",A,STK,286.9,293.5,284.25,292.55,292.55,287.4,2682,168538,48835931,
532140,"MOHITE INDUSTRIES LIMITED",X,STK,2.57,2.69,2.57,2.59,2.67,2.63,91,25663,67614,
532141,"ANDHRA CEMENTS LTD.",B,STK,55.55,56.84,55.5,56.42,56.4,55.5,83,1291,72365,
532143,"SKM EGG PRODUCTS EXPORT (INDIA",B,STK,180.95,184.3,179.75,182.9,183.2,179.85,155,6452,1172518,
532144,"WELSPUN CORP LIMITED",A,STK,801.1,818,788.95,809.3,818,802.7,907,18951,15250763,
532145,"H.S.INDIA LTD.",X,STK,12.48,12.72,11.94,12.46,12.45,12.24,34,3490,43234,
532149,"BANK OF INDIA",A,STK,160.85,166.1,159.45,165.55,165.55,161.9,4118,502863,82485881,
532150,"INDRAPRASTHA MEDICAL CORP.LTD.",B,STK,417,421.15,413.2,416.8,418.5,419.05,355,10960,4575763,
532154,"JOHNSON PHARMACARE LIMITED",X,STK,0.59,0.59,0.57,0.58,0.58,0.59,554,911155,525920,
532155,"GAIL (INDIA) LTD.",A,STK,161.5,165.25,161.4,164.75,164.75,161.65,3705,418332,68631182,
532156,"VAIBHAV GLOBAL LTD",B,STK,255.95,261,244.85,246.55,248,252.85,668,17770,4471498,
532159,"TRESCON LIMITED",X,STK,10.4,10.4,9.43,9.48,9.47,9.92,34,5719,54592,
532160,"GUJARAT STATE FINANCIAL CORPOR",B,STK,11.56,11.95,11.25,11.42,11.32,11.34,215,28358,327690,
532162,"JK PAPER LTD.",A,STK,332.75,341.2,332.75,337.85,338.15,336.9,281,6108,2063681,
532163,"SAREGAMA INDIA LTD.",A,STK,344.05,345.35,336.6,339.55,338.6,343.2,453,8605,2931305,
532167,"OMKAR PHARMACHEM LTD.",XT,STK,29.5,29.5,29.5,29.5,29.5,29.74,1,1,29,
532172,"Adroit Infotech Limited",B,STK,10,10,10,10,10,9.9,1,30,300,
532173,"CYBERTECH SYSTEMS AND SOFTWARE",B,STK,130.25,130.25,127.5,130.2,130.2,130.25,69,1246,160050,
532174,"ICICI BANK LTD.",A,STK,1408.95,1414.6,1400.65,1410.2,1410.2,1414.35,13208,544251,766472062,
532175,"CYIENT LIMITED",A,STK,997.1,1002.25,985.5,990.45,990.45,995.45,1701,21954,21744609,
532178,"ENGINEERS INDIA LTD.",A,STK,202.8,236.4,200.35,226.75,226.75,201.85,47930,6291026,1359706862,
532180,"DHANLAXMI BANK LIMITED",B,STK,23.9,24,23.57,23.95,23.95,23.87,422,115412,2749090,
532181,"GUJARAT MINERAL DEVELOPMENT CO",A,STK,569.95,569.95,556.9,563.8,563.8,571.15,6092,255253,143644421,
532183,"GAYATRI SUGARS LTD.",X,STK,9.21,10,9.21,9.75,9.75,9.57,168,85648,825183,
532187,"INDUSIND BANK LTD.",A,STK,927.15,933.5,912.6,931.9,931.25,925.6,1796,31946,29491847,
532189,"INDIA TOURISM DEVELOPMENT CORP",B,STK,533.5,563.3,532.05,540.6,540.55,533.45,187,1784,976074,
532209,"JAMMU & KASHMIR BANK LTD.",A,STK,101.95,102.95,100.7,102.75,102.6,101.4,625,65993,6699952,
532210,"CITY UNION BANK LTD.",A,STK,282.8,282.8,275.05,275.7,275.7,284.4,3314,105164,29186056,
532212,"ARCHIES LTD.",B,STK,16.6,16.6,15.75,15.95,15.75,16.65,34,1938,31676,
532215,"AXIS BANK LTD.",A,STK,1323.45,1362,1323.45,1358.25,1359.5,1333.8,6580,226038,305071049,
532216,"HB STOCKHOLDINGS LTD.",T,STK,63.2,65.18,60.72,61.21,64,63.43,9,318,19486,
532217,"CMX HOLDINGS LIMITED",XT,STK,35.79,39.21,35.79,36.1,36.99,37.67,179,100318,3629992,
532218,"SOUTH INDIAN BANK LTD.",A,STK,40.89,41.13,40.19,40.28,40.28,40.96,4715,1089900,43991511,
532219,"ENERGY DEVELOPMENT COMPANY LTD",T,STK,16.7,17.2,16.63,16.88,17,17.5,41,7582,126293,
532221,"SONATA SOFTWARE LTD.",A,STK,281.35,281.35,270.05,273.65,273.7,279.2,1763,45117,12382983,
532230,"BENGAL TEA & FABRICS LTD.",X,STK,153.9,157.75,153.9,157,157,157,14,747,117251,
532234,"NATIONAL ALUMINIUM CO.LTD.",A,STK,344.7,349,341.55,348.2,348.5,349.4,13434,1113874,384152382,
532240,"INDIA NIPPON ELECTRICALS LTD.",B,STK,800.05,875,800.05,832.5,827,773.55,1028,21994,18569192,
532256,"NALWA SONS INVESTMENTS LTD.",B,STK,6018.8,6126.45,5992.45,6001.15,6001.2,6077.2,31,142,858636,
532259,"APAR INDUSTRIES LTD.",A,STK,9470,9542.5,9359.05,9526.4,9510,9500.1,302,899,8506035,
532262,"TCI INDUSTRIES LTD.",X,STK,1379.4,1420,1320.35,1340.95,1420,1379.4,9,56,75342,
532268,"ACCELYA SOLUTIONS INDIA LIMITE",B,STK,1180.05,1187.4,1170,1173.45,1177,1191.85,193,2144,2528699,
532271,"ORCHASP LIMITED",B,STK,2.47,2.56,2.36,2.44,2.41,2.48,61,28258,68718,
532275,"LANDMARC LEISURE CORPORATION L",XT,STK,2.05,2.21,2.04,2.12,2.12,2.13,129,27982,58724,
532281,"HCL TECHNOLOGIES LTD.",A,STK,1456,1467,1447.25,1463,1463,1454.95,4035,55454,80818813,
532284,"TCFC FINANCE LTD.",X,STK,29.21,29.21,27.52,28.32,28.99,29.35,73,8328,234602,
532285,"Geojit Financial Services Limi",B,STK,68.45,68.97,66.17,67.15,67.1,69.33,211,18575,1262576,
532286,"JINDAL STEEL LIMITED",A,STK,1159.4,1214.1,1159.4,1211.05,1211.05,1183.55,1778,27344,32838785,
532290,"BLB LTD.",B,STK,14.21,14.71,14.15,14.71,14.71,14.21,48,7505,107874,
532296,"GLENMARK PHARMACEUTICALS LTD.",A,STK,1988.75,2036,1988.05,2031.35,2028.9,1996.55,1057,6754,13606044,
532300,"WOCKHARDT LTD.",A,STK,1389.95,1411,1386.9,1389.75,1397.9,1396.95,1100,36339,50693698,
532303,"INTEGRATED HITECH LTD.",X,STK,2.75,3.15,2.75,3.15,3.15,3.15,13,1021,3016,
532304,"KJMC CORPORATE ADVISORS (INDIA",X,STK,48.1,48.65,48.1,48.65,48.65,48.05,7,407,19642,
532305,"IND-SWIFT LABORATORIES LTD.",B,STK,135.05,144.4,133.25,143.85,143.85,135.8,1120,69162,9775830,
532309,"GE Power India Ltd",B,STK,480,522.1,464.6,501.9,501.9,479.9,35847,2101497,1059684733,
532310,"SHREE RAMA MULTI-TECH LTD.",B,STK,61.88,64.19,61.88,62.17,62.17,60.72,390,26358,1663844,
532313,"MAHINDRA LIFESPACE DEVELOPERS",A,STK,365.05,366.9,362.65,364.45,364,368.6,203,3103,1131941,
532315,"GROARC INDUSTRIES INDIA LIMITE",XT,STK,6.15,6.46,6.15,6.46,6.46,6.46,8,846,5252,
532320,"VAARAD VENTURES LTD",XT,STK,11.22,11.22,10.78,10.78,10.78,11.34,20,1153,12609,
532321,"Zydus Lifesciences Limited",A,STK,904.8,916,904.25,910,910,904.85,1896,32288,29366538,
532323,"SHIVA CEMENT LTD.",X,STK,20.15,20.71,19.56,19.93,19.86,19.99,259,67329,1349730,
532324,"CINEVISTA LTD.",B,STK,15.32,15.37,14.51,14.88,14.88,15.72,32,2020,29539,
532326,"INTENSE TECHNOLOGIES LTD.",B,STK,110.85,111.8,106.85,111.55,111.4,108.85,30,409,44354,
532329,"DANLAW TECHNOLOGIES INDIA LTD.",X,STK,664.55,678.95,641.6,647.9,645,664.5,189,2810,1845209,
532331,"AJANTA PHARMA LTD.",A,STK,2999.75,2999.75,2924,2942.4,2927.35,2918.95,630,52507,154631133,
532332,"CURA TECHNOLOGIES LTD.",T,STK,86.24,86.24,86.24,86.24,86.24,88,3,10,862,
532333,"HB PORTFOLIO LTD.",X,STK,63.78,63.78,57.13,57.19,57.18,59.4,32,1607,93687,
532334,"HB ESTATE DEVELOPERS LTD.",X,STK,70.51,82.82,70.51,76.72,76.44,70.51,164,15460,1199623,
532335,"AMBICA AGARBATHIES & AROMA IND",B,STK,25.4,28.5,25.4,26.7,26.4,25.4,165,8251,226965,
532336,"BARON INFOTECH LTD.",Z,STK,1.58,1.58,1.58,1.58,1.58,1.58,3,1200,1896,
532339,"COMPUCOM SOFTWARE LTD.",B,STK,14.38,15,14,14.92,15,14.75,43,6024,89244,
532340,"OMNI AXS SOFTWARE LTD.",XT,STK,5.09,5.59,5.09,5.09,5.09,5.35,44,16441,85018,
532341,"IZMO Limited",B,STK,815,815.05,771,779.45,779.45,809.3,638,11146,8832355,
532343,"TVS MOTOR COMPANY LTD.",A,STK,3873.8,3888,3800,3806.9,3800,3864.5,1482,9456,36282570,
532344,"SOFTSOL INDIA LTD.",X,STK,217,217,208,208,208,208.7,14,345,73423,
532348,"SUBEX LTD.",B,STK,10.3,10.3,9.87,10.09,10.09,10.11,423,105918,1059999,
532349,"TRANSPORT CORPORATION OF INDIA",B,STK,1055,1064.5,1043.9,1044.85,1043.9,1052.8,43,141,147764,
532350,"PADMALAYA TELEFILMS LTD.",Z,STK,4.06,4.22,3.82,4.22,4.22,4.02,26,16285,64280,
532351,"AKSH OPTIFIBRE LTD.",B,STK,4.98,5.2,4.9,5.03,5.03,5.08,101,44853,225988,
532354,"Virgo Global Limited",X,STK,4.85,4.85,4.42,4.42,4.42,4.88,10,1558,6909,
532355,"PICTUREHOUSE MEDIA LTD.",X,STK,6.96,7.09,6.75,6.77,7.09,7.04,10,140,956,
532356,"TRIVENI ENGINEERING & INDUSTRI",A,STK,383.5,400.4,383.5,394.05,396,385.6,454,7817,3074687,
532357,"MUKTA ARTS LTD.",B,STK,63.99,63.99,59.4,62.83,62.83,64,19,1188,73652,
532359,"HIT KIT GLOBAL SOLUTIONS LTD.",XT,STK,2.46,2.46,2.46,2.46,2.46,2.35,45,92404,227313,
532362,"NAGPUR POWER & INDUSTRIES LTD.",XT,STK,151.95,151.95,149,149,149,152,6,2402,358593,
532365,"DYNACONS SYSTEMS & SOLUTIONS L",B,STK,968.75,969.6,944.65,954.25,953.75,960.2,168,2048,1955069,
532366,"PNB GILTS LTD.",B,STK,80.51,81.59,79.45,79.88,79.97,80.48,344,6270,504668,
532368,"BRIGHTCOM GROUP LIMITED",B,STK,14.16,14.16,11.89,11.96,11.96,13.52,4751,3634436,46790936,
532369,"RAMCO INDUSTRIES LTD.",B,STK,308.85,316.95,306.5,312.55,316.25,310.55,16,174,54047,
532370,"RAMCO SYSTEMS LTD.",B,STK,512.5,535,510.7,518.9,524.95,524.15,498,5871,3048390,
532371,"TATA TELESERVICES (MAHARASHTRA",A,STK,43.39,43.51,42.88,43.1,43.1,43.52,710,73752,3188543,
532372,"Virinchi Limited",B,STK,22,22,20.11,20.2,20.2,20.15,44,3445,70470,
532373,"WEP SOLUTIONS LTD.",X,STK,22.55,22.55,21.1,21.58,21.58,22.33,75,1600,34838,
532374,"STERLITE TECHNOLOGIES LTD.",A,STK,153.55,157.9,151.9,154.05,153.65,155.9,1699,227359,35294000,
532375,"TIPS MUSIC LIMITED",A,STK,575.6,575.6,557.3,569.75,569.7,575.5,315,3736,2102670,
532376,"UMIYA BUILDCON LIMITED",B,STK,89,91.4,88.5,91.25,91.4,90.62,19,848,76869,
532378,"UNIVERSAL ARTS LTD.",X,STK,5.44,5.44,5.01,5.01,5.01,5.45,12,11440,59372,
532379,"FIRST FINTEC LIMITED",X,STK,7.67,7.67,7.44,7.44,7.44,7.67,16,1358,10319,
532380,"BABA ARTS LTD.",XT,STK,11.41,11.41,11.41,11.41,11.41,10.87,99,198425,2264029,
532382,"BALAJI TELEFILMS LTD.",B,STK,87.66,93.99,82.2,83.66,83.66,90.07,827,35340,2991443,
532384,"TYCHE INDUSTRIES LTD.",X,STK,114.5,121,112.5,116.35,116.1,117.9,25,512,59593,
532386,"CALIFORNIA SOFTWARE CO.LTD.",B,STK,13.96,14.15,13.68,13.68,13.68,14.05,46,5896,82487,
532387,"PRITISH NANDY COMMUNICATIONS L",B,STK,25.02,25.51,25.01,25.44,25.11,27.13,15,1364,34259,
532388,"INDIAN OVERSEAS BANK",A,STK,34.75,35.35,34.7,35.1,35.1,34.85,1690,361055,12655743,
532390,"TAJGVK HOTELS & RESORTS LTD.",B,STK,356,356,347,347.8,347.1,355.15,386,6126,2144382,
532392,"CREATIVE EYE LTD.",B,STK,7.07,7.07,6.55,6.67,6.57,7,27,752,5115,
532395,"AXISCADES TECHNOLOGIES LIMITED",B,STK,1422.1,1468.75,1399.55,1437.1,1448,1425.85,1294,14228,20534941,
532397,"KONNDOR INDUSTRIES LIMITED",X,STK,15.28,18.55,15.28,18.55,18.55,16.9,4,126,2252,
532398,"USHA MARTIN EDUCATION & SOLUTI",B,STK,4.52,4.87,4.47,4.62,4.65,4.52,43,4205,19575,
532400,"BIRLASOFT LIMITED",A,STK,394.9,405.6,388.6,391,391,398.65,2069,84934,33818916,
532402,"USG TECH SOLUTIONS LTD.",X,STK,8.5,8.69,7.41,8.34,8.39,7.81,106,24802,204782,
532403,"FOURTH GENERATION INFORMATION",XT,STK,10.05,10.05,9.55,10,10,10.05,16,5369,53630,
532404,"SAVEN TECHNOLOGIES LTD.",X,STK,45,45,42.15,43.73,43.89,47.78,337,22235,963885,
532406,"AVANTEL LTD.",A,STK,149.3,152.5,149.3,149.95,149.7,151.85,521,31051,4679977,
532407,"MOSCHIP TECHNOLOGIES LIMITED",A,STK,189.15,193.5,186.4,186.95,186.95,189.9,1660,102768,19438180,
532408,"SIGMA ADVANCED SYSTEMS LIMITED",B,STK,184,186,176.1,177.35,176.2,185.35,425,33472,5947696,
532410,"TRANSCORP INTERNATIONAL LTD.",X,STK,28,28.48,27.55,27.94,27.94,28.3,68,4923,137442,
532413,"CEREBRA INTEGRATED TECHNOLOGIE",Z,STK,5.66,5.66,5.15,5.15,5.15,5.42,33,4503,23279,
532416,"NEXT MEDIAWORKS LTD.",B,STK,6,6,5.5,5.99,5.99,6.29,7,210,1209,
532419,"Smartlink Holdings Limited",B,STK,148.95,148.95,121.5,125.05,125,126,6,173,21719,
532424,"GODREJ CONSUMER PRODUCTS LTD.",A,STK,1189.3,1221,1160,1203.65,1205.8,1194.65,3447,23227,27968353,
532425,"GENUS PRIME INFRA LIMITED",XT,STK,25.75,27.99,25.75,26.22,27,27.07,55,9647,260938,
532430,"BF UTILITIES LTD.",Z,STK,515.65,515.65,500.6,512.85,506.5,525.5,47,996,506714,
532432,"UNITED SPIRITS LTD.",A,STK,1381.05,1406.1,1381.05,1401.05,1402,1402.6,1426,10074,14095694,
532435,"SANMIT INFRA LIMITED",X,STK,6.99,6.99,6.35,6.58,6.71,6.85,258,45240,305817,
532439,"OLECTRA GREENTECH LIMITED",A,STK,1006.5,1040,1006.5,1022.4,1022.4,1021.4,556,8237,8453785,
532440,"MPS LTD.",B,STK,1496.7,1520,1475,1504.65,1496,1489.3,264,2292,3443373,
532443,"CERA SANITARYWARE LTD.",A,STK,5095.5,5134.6,5087.4,5091.4,5089.1,5116.1,99,176,899682,
532444,"T.SPIRITUAL WORLD LTD.",XT,STK,1.52,1.68,1.52,1.68,1.68,1.6,11,4922,8060,
532454,"BHARTI AIRTEL LTD.",A,STK,2013.8,2032.95,1995.7,2029.4,2029.15,2004.6,8133,111627,224955048,
532455,"SHALIMAR WIRES INDUSTRIES LTD.",X,STK,18.65,19.24,18.65,18.78,19.1,18.37,37,2536,47890,
532456,"COMPUAGE INFOCOM LTD.",Z,STK,1.48,1.52,1.45,1.52,1.52,1.45,15,10344,15624,
532457,"GULSHAN POLYOLS LTD.",B,STK,164.95,164.95,160,160.1,160.4,162.3,77,2249,361995,
532460,"PONNI SUGARS (ERODE) LTD.",B,STK,266.6,266.8,263.3,263.3,263.3,266.8,10,152,40130,
532461,"PUNJAB NATIONAL BANK",A,STK,118.45,120.9,117.55,120.5,120.5,118.7,5102,312289,37198987,
532466,"ORACLE FINANCIAL SERVICES SOFT",A,STK,6635,6752,6605,6701.8,6700,6641.75,1260,9061,60606534,
532467,"HAZOOR MULTI PROJECTS LTD.",B,STK,34.01,35.6,33.26,35.27,35,34.64,702,677273,23567562,
532468,"KAMA HOLDINGS LIMITED",A,STK,2540,2580.45,2515,2539.95,2540,2534.6,256,8384,21251892,
532475,"APTECH LTD.",B,STK,92,92,89,90.57,89.73,90.22,195,8786,793901,
532477,"UNION BANK OF INDIA",A,STK,178.7,184,176.1,183.15,183.15,178.7,2796,379721,68313951,
532478,"UNITED BREWERIES LTD.",A,STK,1645.4,1645.4,1584.2,1610,1607.1,1628.3,312,3117,4990935,
532481,"NOIDA TOLL BRIDGE COMPANY LTD.",B,STK,4.09,4.09,3.87,3.91,3.91,4.05,44,3034,12047,
532482,"GRANULES INDIA LTD.",A,STK,561.2,566.85,556.25,564.05,563.5,561.1,924,125385,70689755,
532483,"CANARA BANK",A,STK,141.4,146.3,140.05,145.95,145.95,141.75,3591,508764,73302725,
532485,"BALMER LAWRIE INVESTMENTS LTD.",B,STK,72.45,72.45,70,70.91,70.91,72.2,1051,93804,6656591,
532486,"POKARNA LTD.",B,STK,1080,1099.4,1062,1073.1,1075.95,1084.6,271,3571,3844868,
532488,"DIVIS LABORATORIES LTD.",A,STK,6095.5,6219.95,6080.05,6153.75,6153.75,6169.15,1360,5516,34102021,
532493,"ASTRA MICROWAVE PRODUCTS LTD.",A,STK,903.25,912.8,892,894.95,894.95,905.6,535,4003,3604437,
532497,"RADICO KHAITAN LTD.",A,STK,2793.3,2859.7,2783.8,2792.5,2790,2792,1659,16239,45827557,
532500,"MARUTI SUZUKI INDIA LTD.",A,STK,15181.6,15295.5,14969.8,15049.65,15055.1,15227.4,1897,4577,69085231,
532503,"RAJAPALAYAM MILLS LTD.",X,STK,830,840,815.2,820.15,820.15,830.15,93,1396,1148639,
532504,"NAVIN FLUORINE INTERNATIONAL L",A,STK,6376.5,6376.5,6205.2,6242.75,6242.75,6306.4,1584,8931,56032966,
532505,"UCO BANK",A,STK,28.09,28.4,27.95,28.34,28.39,28.15,1848,567239,15965938,
532507,"B.A.G.FILMS & MEDIA LTD.",B,STK,5.71,5.9,5.5,5.76,5.75,5.71,21,7853,44654,
532508,"JINDAL STAINLESS LTD.",A,STK,766.95,769.4,752.55,756.05,756.85,764.35,1051,13245,10051445,
532509,"SUPRAJIT ENGINEERING LTD.",B,STK,423.15,435.3,413.25,417.85,418.75,433.5,1044,22214,9396155,
532513,"TVS ELECTRONICS LTD.",T,STK,398,398.45,384,396.95,397.75,397.2,44,2802,1089228,
532514,"INDRAPRASTHA GAS LTD.",A,STK,169,172.8,166.95,171.15,171.15,166.5,2964,144593,24679234,
532515,"TV TODAY NETWORK LTD.",B,STK,125.75,126.8,123.6,125.25,125.2,128.9,18,490,61241,
532521,"PALRED TECHNOLOGIES LIMITED",B,STK,41.61,42.89,41.61,41.97,42.89,43.8,23,2213,92300,
532522,"PETRONET LNG LTD.",A,STK,287.55,295,287.4,294.4,293.25,290.6,1065,33947,9867746,
532523,"BIOCON LTD.",A,STK,377.4,384.15,374.8,380.25,380.7,377.8,2020,68568,26122547,
532524,"PTC INDIA LTD.",A,STK,179.6,179.6,170.1,172.9,172.9,184.95,2533,175576,30445226,
532525,"BANK OF MAHARASHTRA",A,STK,65.17,65.74,64.38,65.51,65.6,65.43,2674,455885,29562989,
532527,"RAMKRISHNA FORGINGS LTD.",A,STK,563.15,565.35,558.15,562,565.05,572.45,404,7960,4471870,
532528,"DATAMATICS GLOBAL SERVICES LTD",B,STK,720,732.35,712.85,714.8,712.85,730.05,160,1108,799936,
532529,"NEW DELHI TELEVISION LTD.",B,STK,83,84.88,82.11,82.94,83.17,83.96,231,11721,980138,
532531,"STRIDES PHARMA SCIENCE LIMITED",A,STK,854.2,867,854.2,857.35,857.35,857.35,144,2361,2031625,
532532,"JAIPRAKASH ASSOCIATES LTD.",T,STK,3.27,3.39,3.23,3.23,3.23,3.39,397,327324,1062445,
532538,"ULTRATECH CEMENT LTD.",A,STK,12875.75,12997.55,12861,12971.6,12954.9,12964.65,567,1920,24798235,
532539,"UNO Minda Limited",A,STK,1224.3,1247.6,1208.15,1217.45,1213.85,1243.1,938,8143,9982567,
532540,"TATA CONSULTANCY SERVICES LTD.",A,STK,2700,2720,2671.5,2708.2,2708.2,2692.15,13097,377663,1016238418,
532541,"COFORGE LIMITED",A,STK,1352.4,1398.95,1335.6,1392.95,1392.95,1362.55,7471,117499,160503875,
532543,"GP PETROLEUMS LTD",B,STK,35.8,35.8,32.22,32.59,32.59,34.86,150,7767,257339,
532548,"CENTURY PLYBOARDS (I) LTD.",A,STK,769.15,769.55,756.25,765.3,764.55,767.1,420,6502,4973326,
532553,"WELSPUN ENTERPRISES LIMTED",A,STK,487.75,501.05,487.75,500.6,499.5,495.35,89,3698,1840503,
532555,"NTPC LTD.",A,STK,361.9,369.6,361.9,369.1,369.1,362.95,14177,689957,253988405,
532604,"S.A.L.STEEL LTD.",T,STK,48.43,49.39,48.43,49.39,49.39,48.43,74,149043,7312936,
532605,"JBM AUTO LTD.",A,STK,570.7,591.9,570,584.4,580.4,579.55,657,14268,8341666,
532610,"DWARIKESH SUGAR INDUSTRIES LTD",B,STK,37.72,37.94,36.66,36.77,36.8,37.72,192,34884,1293372,
532612,"INDOCO REMEDIES LTD.",B,STK,204,204.3,199.75,199.95,202.35,202.35,26,1144,230427,
532613,"VIP Clothing Limited",B,STK,23.63,23.89,22.83,23,23,23.85,27,2007,47121,
532614,"IMPEX FERRO TECH LTD.",Z,STK,1.95,1.95,1.79,1.79,1.79,1.88,25,4202,7832,
532616,"XCHANGING SOLUTIONS LTD.",B,STK,68.44,68.65,67.2,67.33,67.33,68.17,247,6804,460146,
532624,"JINDAL PHOTO LTD.",B,STK,1320.05,1434.2,1320.05,1410.55,1416,1447.4,111,581,807386,
532626,"PONDY OXIDES & CHEMICALS LTD.",B,STK,1193.25,1212.55,1179.3,1195,1195,1192.25,512,8143,9693609,
532627,"JAIPRAKASH POWER VENTURES LIMI",A,STK,14.86,15.08,14.7,14.94,14.94,14.97,4037,3188799,47363891,
532628,"3I INFOTECH LTD.",B,STK,15.63,15.64,14.75,14.96,14.96,15.79,685,65895,994230,
532630,"GOKALDAS EXPORTS LTD.",A,STK,838.8,859.5,817.65,828.65,828.65,845,3375,92237,77334669,
532633,"Alldigi Tech Limited",B,STK,824.85,824.85,811,814.75,811,827.45,82,397,325251,
532636,"IIFL FINANCE LIMITED",A,STK,505,513,497.15,510.8,509,508.75,1320,57204,28917898,
532637,"MANGALAM DRUGS & ORGANICS LTD.",T,STK,32.56,32.56,31.56,31.66,31.57,32.72,68,6816,217736,
532638,"SHOPPERS STOP LTD.",B,STK,405,405,367.2,372.9,372.9,400.1,237,1262,480236,
532640,"CYBER MEDIA (INDIA) LTD.",B,STK,15.25,15.25,15.25,15.25,15.25,15.25,7,95,1448,
532641,"NANDAN DENIM LIMITED",B,STK,2.98,2.98,2.87,2.88,2.88,2.96,159,74157,214608,
532642,"JSW HOLDINGS LIMITED",A,STK,17532.8,17777,17187.35,17712,17509.6,17422.2,120,222,3883792,
532644,"J.K.CEMENT LTD.",A,STK,5594.45,5683.55,5528.3,5672.6,5675,5600.35,707,2702,15166779,
532645,"BEEYU OVERSEAS LTD.",X,STK,2.81,2.81,2.61,2.81,2.81,2.8,9,1752,4857,
532648,"YES BANK LTD.",A,STK,20.75,21,20.7,20.96,20.96,20.86,24979,6351858,132478572,
532649,"NECTAR LIFESCIENCES LTD.",T,STK,13.5,13.59,13.1,13.25,13.2,13.49,67,23000,305572,
532650,"MSP STEEL & POWER LTD.",B,STK,30.6,31.26,30.43,30.83,30.66,31.12,123,12301,378575,
532651,"SPL INDUSTRIES LTD.",B,STK,30.6,30.6,30,30,30,29.3,5,551,16800,
532652,"KARNATAKA BANK LTD.",A,STK,202.25,206.2,199.95,205.25,204.5,202.9,1535,69330,14141106,
532654,"MCLEOD RUSSEL INDIA LTD.",B,STK,43.79,44.5,43.07,43.38,43.25,43.69,180,18715,819450,
532656,"FACOR ALLOYS LTD.",X,STK,2.65,2.78,2.6,2.66,2.66,2.68,175,98396,259718,
532660,"VIVIMED LABS LTD.",B,STK,7.4,7.45,7.06,7.08,7.08,7.43,157,38639,276348,
532661,"RANE (MADRAS) LTD.",B,STK,834.95,836.9,812.6,825.75,825.75,832.85,62,274,226097,
532662,"HT MEDIA LTD.",B,STK,22.2,22.2,21.68,21.77,21.74,21.7,29,3225,70959,
532663,"Sasken Technologies Limited",B,STK,1234.95,1243.3,1194.9,1213.5,1218.85,1230.35,201,1554,1894766,
532666,"FCS SOFTWARE SOLUTIONS LTD.",B,STK,1.61,1.7,1.56,1.65,1.67,1.64,240,256745,413395,
532667,"SUZLON ENERGY LTD.",A,STK,45.67,46.34,45.37,46.23,46.23,45.67,24720,4965595,227919800,
532668,"AURIONPRO SOLUTIONS LTD.",A,STK,905.8,930.05,905.8,916.65,914,931.9,761,7186,6600326,
532670,"SHREE RENUKA SUGARS LTD.",A,STK,24.3,24.93,24.14,24.23,24.18,24.28,534,167207,4084416,
532673,"K.M.SUGAR MILLS LTD.",B,STK,25.49,25.55,24.6,24.93,24.92,25.44,90,5065,127278,
532674,"BANNARI AMMAN SPINNING MILLS L",B,STK,23.1,24.74,23.1,24.23,24.15,25.05,187,9089,220071,
532676,"PBA INFRASTRUCTURE LTD.",X,STK,10.6,11.5,10.6,11.08,11.08,10.98,26,6376,68820,
532683,"AIA ENGINEERING LTD.",A,STK,3839.65,3903.1,3817,3866.05,3844.2,3868.8,381,1316,5076234,
532684,"EVEREST KANTO CYLINDER LTD.",B,STK,120.05,121.5,119.2,120.35,120.7,122,179,4984,600328,
532686,"KERNEX MICROSYSTEMS (INDIA) LT",B,STK,1169.2,1178.8,1147.55,1162,1164,1168.55,390,3599,4184517,
532687,"REPRO INDIA LTD.",B,STK,480,501.4,465.3,473.85,470,477.2,246,2549,1219438,
532689,"PVR INOX LIMITED",A,STK,1032.7,1049.1,1026.1,1031.3,1028,1057.7,1781,19002,19680241,
532694,"BARTRONICS INDIA LTD.",B,STK,11.1,12.35,11.04,11.22,11.22,11.31,2454,827281,9682346,
532695,"CELEBRITY FASHIONS LTD.",B,STK,8.41,8.41,8,8.17,8.17,8.45,19,2265,18512,
532696,"EDUCOMP SOLUTIONS LTD.",Z,STK,1,1.03,0.95,1.03,1.03,0.99,29,22735,22833,
532698,"NITIN SPINNERS LTD.",B,STK,331.9,339.15,330,336.5,334.45,337.45,114,1876,628155,
532699,"ROYAL ORCHID HOTELS LTD.",B,STK,366.4,370.3,360,364.25,363,374.45,70,548,199207,
532700,"ENTERTAINMENT NETWORK (INDIA)",B,STK,109.2,109.25,109.2,109.25,109.25,108.25,2,24,2621,
532701,"CELLA SPACE LIMITED",Z,STK,12.6,13.86,12.56,13.7,13.7,13.2,20,4323,56047,
532702,"GUJARAT STATE PETRONET LTD.",A,STK,310.1,313.15,307.05,308.65,307.8,309.8,386,4437,1374860,
532705,"JAGRAN PRAKASHAN LTD.",B,STK,63.51,66.8,63.51,64.86,64.86,64.67,374,17989,1162766,
532707,"DYNEMIC PRODUCTS LTD.",B,STK,244.3,244.95,235.55,236.85,236.85,243.6,24,1620,383761,
532708,"GVK POWER & INFRASTRUCTURE LTD",T,STK,3.01,3.08,2.98,3.01,3.07,3.04,172,170610,516434,
532710,"SADBHAV ENGINEERING LTD.",B,STK,8.19,8.19,7.6,7.76,7.6,7.8,194,198207,1612673,
532712,"RELIANCE COMMUNICATIONS LTD.",T,STK,1.05,1.05,1.02,1.04,1.04,1.05,513,482252,497233,
532713,"SAKUMA EXPORTS LTD.",B,STK,1.98,1.98,1.92,1.95,1.94,1.98,186,138887,270811,
532714,"KEC INTERNATIONAL LTD.",A,STK,600.75,602.6,596,601.45,601.45,602,1248,28377,16978658,
532716,"GILLANDERS ARBUTHNOT & CO.LTD.",B,STK,94.2,94.2,90.56,90.56,90.56,94.98,15,247,22495,
532717,"INDO TECH TRANSFORMERS LTD.",B,STK,1388.7,1391.65,1305.95,1316.15,1305.95,1377.9,192,556,742219,
532719,"B.L.KASHYAP AND SONS LTD.",B,STK,50.81,51.91,50.09,50.22,50.22,50.45,152,15545,790964,
532720,"MAHINDRA & MAHINDRA FINANCIAL",A,STK,359,371.5,357.8,369.4,369.8,363.5,1689,75430,27445055,
532721,"VISA STEEL LTD.",B,STK,36.74,36.98,35.2,35.2,35.2,36.74,70,1569,55337,
532722,"NITCO LTD.",B,STK,81.55,81.8,79.69,80.18,80.6,80.54,77,3126,252198,
532723,"MPDL LIMITED",X,STK,41.01,41.01,38.01,38.01,38.01,40.01,13,330,13174,
532725,"SOLAR INDUSTRIES INDIA LTD.",A,STK,13025.05,13146.7,12850.25,13104.85,13089.05,13044.3,832,3345,43507946,
532726,"GALLANTT ISPAT LIMITED",B,STK,577.95,577.95,537.2,548,544.4,555.4,301,7667,4184719,
532728,"MALU PAPER MILLS LTD.",B,STK,32.01,32.64,31.4,32.1,32.1,33.09,65,6684,215128,
532729,"UTTAM SUGAR MILLS LTD.",B,STK,212.75,218,207.3,208.7,208.7,214.5,131,3709,784956,
532730,"STL GLOBAL LTD.",B,STK,12.58,12.58,12.5,12.5,12.5,12.44,3,6,75,
532732,"KEWAL KIRAN CLOTHING LTD.",B,STK,525.9,530.15,519.45,527.9,530.15,525.85,30,381,199112,
532733,"SUN TV NETWORK LTD.",A,STK,580.65,580.8,567.95,578.05,577.95,576.3,283,3778,2170017,
532734,"GODAWARI POWER & ISPAT LTD.",A,STK,257.3,268.65,256.55,268.2,268.2,258.2,939,85711,22678104,
532735,"R SYSTEMS INTERNATIONAL LTD.",B,STK,318.5,323.45,315.8,320.3,319.65,317.7,182,2348,748022,
532737,"EMKAY GLOBAL FINANCIAL SERVICE",B,STK,246,246,234.45,234.65,234.45,247.9,32,252,59737,
532738,"TwamevConstruction and Infrast",B,STK,21.9,23,21.28,22.55,22.95,22.39,94,50587,1127480,
532740,"LOKESH MACHINES LTD.",B,STK,180,180,173,180,180,178,75,669,117635,
532741,"Kamdhenu Limited",B,STK,22.97,23.1,21.33,21.42,21.33,21.98,387,77693,1713927,
532742,"PAUSHAK LTD.",B,STK,497,500.45,491.85,495.75,494,500.15,87,785,388977,
532744,"GTN TEXTILES LTD.",X,STK,11.6,11.6,10.7,11.29,11.29,11.55,33,4212,45156,
532745,"INDITRADE CAPITAL LIMITED",Z,STK,4.29,4.29,4.04,4.06,4.2,4.21,23,13782,57076,
532748,"PRIME FOCUS LTD.",B,STK,262.1,279.15,259.25,276.3,276.3,261.4,2683,316426,85887940,
532749,"ALLCARGO LOGISTICS LTD.",B,STK,9.32,9.35,8.92,8.97,8.97,9.31,1127,540719,4890362,
532754,"GMR Airports Limited",A,STK,95.29,101.4,95.28,100.52,100.52,94.02,11894,2106423,209652182,
532755,"TECH MAHINDRA LTD.",A,STK,1521.05,1540,1495.05,1513.1,1513.1,1535.25,5269,74379,112515953,
532756,"CIE Automotive India Limited",A,STK,457.05,458.65,449.95,457.7,456,456.4,311,5532,2523028,
532757,"VOLTAMP TRANSFORMERS LTD.",A,STK,7999.95,8200,7910.15,8186.45,8156.7,7945.6,336,1247,10112406,
532759,"ATLANTAA LIMITED",B,STK,42.87,43.53,42.21,42.45,42.45,42.24,101,5787,248355,
532761,"HANDSON GLOBAL MANAGEMENT (HGM",B,STK,64.9,64.9,55.97,56.5,57,63.83,67,4609,264629,
532762,"ACTION CONSTRUCTION EQUIPMENT",A,STK,890.05,911.85,882,909.75,907.7,897.45,1349,23978,21601638,
532764,"GEECEE VENTURES LIMITED",B,STK,289.95,299.05,286.95,299,299,298.4,15,54,15673,
532767,"GAYATRI PROJECTS LTD.",Z,STK,12.87,12.87,12.87,12.87,12.87,12.87,57,131026,1686304,
532768,"FIEM INDUSTRIES LTD.",B,STK,2293.1,2343.65,2211.8,2241.65,2241.65,2301.55,505,3324,7528162,
532771,"JHS SVENDGAARD LABORATORIES LT",B,STK,10.32,10.52,10.02,10.36,10.37,10.36,85,12987,133928,
532772,"DCB BANK LIMITED",A,STK,186.75,194.55,186.75,192.8,192.7,190,807,62315,11958889,
532773,"GLOBAL VECTRA HELICORP LTD.",B,STK,168.55,176.35,168.55,174,174,173.3,19,348,60862,
532774,"Inspirisys Solutions Limited",B,STK,95,96.58,92.7,93.01,93.01,94.78,49,1830,173644,
532775,"GTL INFRASTRUCTURE LTD.",B,STK,1.3,1.32,1.24,1.25,1.25,1.29,9886,8472710,10860322,
532776,"SHIVAM AUTOTECH LTD.",B,STK,22,22.62,20.79,21.17,20.97,22.03,44,3269,72094,
532777,"INFO EDGE (INDIA) LTD.",A,STK,1135,1151.65,1116.5,1125.4,1126.4,1143.75,4164,389770,439303042,
532779,"TORRENT POWER LTD.",A,STK,1435.25,1476.9,1435.25,1473.45,1466.95,1463.25,2584,24050,35193304,
532780,"PARSVNATH DEVELOPERS LTD.",B,STK,8.14,8.45,8,8.02,8,8.31,92,17013,140402,
532782,"SUTLEJ TEXTILES & INDUSTRIES L",B,STK,31.81,32.1,31.2,31.2,31.2,31.81,20,1706,53827,
532783,"LT FOODS LTD.",A,STK,426.7,436.95,424.65,426.25,426.25,435.05,1407,35027,14998711,
532784,SOBHA,A,STK,1510.05,1510.05,1478,1485.4,1485.6,1523.8,340,3870,5775166,
532785,"RUCHIRA PAPERS LTD.",B,STK,112,112.6,110.1,111.75,110.75,110.75,215,6414,716046,
532790,"TANLA PLATFORMS LIMITED",A,STK,467.55,469.5,460.6,462.6,462.35,468.25,1320,33045,15329330,
532794,"ZEE MEDIA CORPORATION LIMITED",B,STK,10.21,10.25,9.51,9.74,9.74,10.07,699,305672,3017630,
532795,"Siti Networks Ltd.",Z,STK,0.49,0.49,0.49,0.49,0.49,0.49,67,71822,35192,
532796,"LUMAX AUTO TECHNOLOGIES LTD.",A,STK,1622.05,1740.2,1615.7,1650.9,1650.9,1621.55,2040,27386,46240896,
532797,"AUTOLINE INDUSTRIES LTD.",B,STK,80.5,80.5,77.5,77.5,77.5,78.83,41,616,47890,
532798,"NETWORK18 MEDIA & INVESTMENTS",A,STK,36.23,37.05,36.23,36.96,36.83,37.13,438,67203,2474105,
532799,"HUBTOWN LTD.",B,STK,220.85,220.85,211.45,215.55,216.45,220.85,444,20331,4392269,
532801,"CAMBRIDGE TECHNOLOGY ENTERPRIS",B,STK,33.53,35.5,33.53,33.76,33.76,33.99,19,3227,109460,
532804,"TECHNOCRAFT INDUSTRIES (INDIA)",B,STK,2539.6,2539.6,2410.2,2414.05,2411,2550.25,289,1326,3252365,
532805,"Redington Limited",A,STK,261.05,261.05,255.2,256.1,256.2,263.1,1924,91966,23719090,
532806,"AI CHAMPDANY INDUSTRIES LTD.",X,STK,29,29,26.65,27.97,27.1,26.82,42,3770,106130,
532807,"CINELINE INDIA LIMITED",B,STK,86.59,86.59,85,86.25,86.25,85.75,10,257,22056,
532808,"PEARL GLOBAL INDUSTRIES LIMITE",A,STK,1590.05,1618.6,1546.55,1581.8,1585,1587.55,455,3776,5964289,
532809,"FIRSTSOURCE SOLUTIONS LTD.",A,STK,253.35,253.35,246.4,247.7,247.7,254.35,2815,155540,38697697,
532810,"POWER FINANCE CORPORATION LTD.",A,STK,400.55,413,397.15,411.7,411.7,400.8,7086,325541,132738504,
532811,"AHLUWALIA CONTRACTS (INDIA) LT",B,STK,896,896,775,795.8,795.8,903.5,2399,26553,21494162,
532812,"TRANSWARRANTY FINANCE LTD.",B,STK,13.23,13.25,13.23,13.23,13.25,13.01,3,130,1720,
532814,"INDIAN BANK",A,STK,871.8,892,863.6,888.95,888.2,873.4,2108,32716,28719087,
532815,"SMS PHARMACEUTICALS LTD.",B,STK,351.6,351.6,332.6,340.7,338.1,336.5,295,6989,2373137,
532817,"ORIENTAL TRIMEX LTD.",B,STK,7.01,7.28,6.9,6.98,7.13,7.19,66,4491,31879,
532820,"E-Land Apparel Limited",X,STK,17.78,18.5,15.55,17.99,17.99,16.5,161,77215,1335692,
532822,"VODAFONE IDEA  LIMITED",A,STK,11.27,11.5,11.19,11.44,11.44,11.31,30756,25968084,295683640,
532825,"JAGJANANI TEXTILES LTD.",X,STK,4.75,4.75,4.75,4.75,4.75,4.75,5,413,1961,
532826,"RAJ TELEVISION NETWORK LTD.",B,STK,39.9,39.9,39.8,39.8,39.8,41.15,7,130,5184,
532827,"PAGE INDUSTRIES LTD.",A,STK,34487.85,34487.85,33299.85,33392.55,33465.5,33525,103,174,5828541,
532828,"AMD INDUSTRIES LTD.",B,STK,44.9,45.95,42.55,43.88,42.55,43.52,74,832,37279,
532829,"LEHAR FOOTWEARS LIMITED",X,STK,221,229.85,217,227.25,225,233,1278,94470,20911793,
532830,"ASTRAL LIMITED",A,STK,1596.3,1644,1587.8,1640.2,1639.45,1596.35,3070,27474,44610421,
532832,"EMBASSY DEVELOPMENTS LIMITED",T,STK,64.52,64.79,63,63.18,63.48,64.47,197,76458,4868264,
532834,"Camlin Fine Sciences Ltd",A,STK,158,159.2,148.2,149.25,149.05,166.4,2136,80862,12367618,
532835,"ICRA LTD.",B,STK,5920,5933.7,5731.2,5752.3,5757,5905.4,45,239,1396241,
532839,"DISH TV INDIA LTD.",B,STK,3.27,3.27,3.14,3.15,3.15,3.27,549,384396,1219891,
532841,"SAHYADRI INDUSTRIES LTD.",B,STK,260,265.1,253,258.15,258.15,258.65,6,105,26954,
532842,"SREE RAYALASEEMA HI-STRENGTH H",B,STK,489.9,491.5,480.3,487.45,485.75,489.85,57,381,185900,
532843,"FORTIS HEALTHCARE LTD.",A,STK,915.05,923.5,896.8,915.6,915.6,916.9,4876,196294,178297723,
532845,"TGB BANQUETS AND HOTELS LTD.",B,STK,9.11,10.7,9.11,10.02,10.02,9.6,108,22266,215873,
532847,"HILTON METAL FORGING LTD.",B,STK,27,27.14,23.92,24.46,24.46,27.06,318,24432,605126,
532848,"DELTA CORP LTD.",A,STK,68.02,68.45,66.15,67.65,67.5,68.87,659,47578,3183676,
532850,"MIC ELECTRONICS LTD.",B,STK,42.01,42.42,41.55,41.7,41.6,42.17,270,33069,1382660,
532851,"INSECTICIDES (INDIA) LTD.",B,STK,606.3,617.8,598.55,616.45,613,610.75,42,461,280849,
532853,"ASAHI SONGWON COLORS LTD.",B,STK,225,236.05,224.85,225.15,236.05,225.1,32,127,28660,
532855,"HARYANA CAPFIN LTD.",X,STK,155,155,145,150,150,150.7,17,171,24865,
532856,"TIME TECHNOPLAST LTD.",A,STK,200.95,202.3,195.35,197.25,197.25,201.15,1232,72486,14375778,
532859,"HINDUJA GLOBAL SOLUTIONS LTD.",B,STK,407,407,394.8,400.4,398.5,406.65,187,1922,766113,
532864,"NELCAST LTD.",B,STK,117.94,122.86,117.94,119.31,118.9,120.09,88,5352,638641,
532867,"V2 RETAIL LTD.",B,STK,2030.35,2041.55,1977.65,1997.6,1983.8,2030.35,384,3300,6625008,
532868,"DLF LTD.",A,STK,624.6,645.1,622.5,643.8,643.8,626.45,2705,100513,63959029,
532869,"TARMAT LTD.",B,STK,52.58,52.58,52.35,52.35,52.35,52.23,3,1000,52352,
532870,"ANKIT METAL & POWER LTD.",Z,STK,1.72,1.75,1.68,1.73,1.73,1.72,20,11760,20545,
532872,"SUN PHARMA ADVANCED RESEARCH C",B,STK,132,134.65,130.4,133.65,134,132.05,303,15712,2090687,
532873,"HOUSING DEVELOPMENT & INFRASTR",Z,STK,2.61,2.61,2.61,2.61,2.61,2.74,7,14026,36607,
532875,"ALLIED DIGITAL SERVICES LTD.",B,STK,118.4,118.4,114.3,114.95,114.65,119.5,411,31681,3685127,
532878,"ALPA LABORATORIES LTD.",B,STK,67.3,68.97,65.61,68.97,68.97,69.06,7,409,27166,
532879,"SIR SHADI LAL ENTERPRISES LTD.",X,STK,274,276,251.4,274.75,275,255.15,59,2764,753253,
532880,"OMAXE LTD.",B,STK,78.84,78.84,77.36,77.67,77.36,78.91,140,5918,461317,
532884,"REFEX INDUSTRIES LTD.",A,STK,231,237.2,225.7,233.3,234.1,233,455,13362,3089352,
532885,"CENTRAL BANK OF INDIA",A,STK,36.75,37.31,36.61,37.25,37.2,36.87,1256,318900,11761995,
532886,"SEL MANUFACTURING COMPANY LTD.",T,STK,32.24,32.24,29.3,29.3,29.3,30.73,7,272,8013,
532887,"Neueon Corporation Limited",T,STK,10.73,10.73,10.73,10.73,10.73,10.22,61,219559,2355868,
532888,"ASIAN GRANITO INDIA LTD.",B,STK,71.87,71.87,66.52,69.41,68.86,68.4,761,102032,6912344,
532889,"K.P.R.MILL LIMITED",A,STK,918.55,923.95,903.35,909.05,909.05,931.45,1824,30339,27665654,
532890,"TAKE SOLUTIONS LTD.",T,STK,49.7,49.7,46.42,46.54,46.54,48.86,435,103927,4913461,
532891,"Puravankara Limited",B,STK,251,252.15,236.7,237.9,237.9,257.3,656,36838,8960225,
532892,"MOTILAL OSWAL FINANCIAL SERVIC",A,STK,767.45,792.45,762.75,782.7,782.7,784.2,1280,34614,27069020,
532893,"VTM LTD.",X,STK,99.75,99.75,94.3,96.74,96.33,98.3,236,36517,3533073,
532894,"INDOWIND ENERGY LTD.",B,STK,12,12.15,11.76,11.97,11.96,12.12,143,20435,243990,
532895,"NAGREEKA CAPITAL & INFRASTRUCT",B,STK,29,29.25,28.66,28.67,28.66,29.39,13,167,4789,
532896,"MAGNUM VENTURES LTD.",B,STK,22.1,23.15,21.5,23.01,23.15,22.11,39,2389,53591,
532898,"POWER GRID CORPORATION OF INDI",A,STK,285.25,300.8,285.25,300.2,300.2,287.4,15950,2916000,867833958,
532899,"KAVERI SEED COMPANY LTD.",A,STK,871.8,871.8,829,846.35,845.35,871.75,469,4956,4183221,
532900,"PAISALO DIGITAL LIMITED",A,STK,34.3,34.3,33.5,33.58,33.58,34.29,294,136572,4606076,
532902,"CONSOLIDATED CONSTRUCTION CONS",B,STK,16.7,17.15,16.45,16.57,16.5,17.12,89,13192,221273,
532904,"SUPREME INFRASTRUCTURE INDIA L",Z,STK,85,85,85,85,85,85,1,50,4250,
532906,"MAAN ALUMINIUM LTD.",T,STK,143.2,150,143.2,147,147,146.45,34,2774,405940,
532907,"IL&FS ENGINEERING AND CONSTRUC",Z,STK,25.59,26.88,24.81,26.87,26.87,26.11,9,28304,705686,
532911,"PARLE INDUSTRIES LIMITED",X,STK,8.67,8.74,8.49,8.54,8.6,8.67,239,27975,241715,
532915,"RELIGARE ENTERPRISES LTD.",A,STK,248.7,248.7,229,231.65,231.65,244.3,3114,301601,70561379,
532916,"BARAK VALLEY CEMENTS LTD.",B,STK,47.9,47.9,44.5,44.53,44.5,45.47,6,18,846,
532918,"RATHI BARS LTD.",X,STK,25,26,24.12,25.51,25.99,25.12,80,8307,212542,
532921,"ADANI PORTS AND SPECIAL ECONOM",A,STK,1506.7,1546.3,1495.55,1541.6,1536.45,1519.6,5718,169584,257380571,
532922,"EDELWEISS FINANCIAL SERVICES L",A,STK,121.1,123.7,118.25,120.45,120.45,122.4,1539,228158,27662141,
532923,"RENAISSANCE GLOBAL LIMITED",B,STK,111.1,118.65,111.1,116.8,115.65,116.35,163,5833,677668,
532924,"KOLTE-PATIL DEVELOPERS LTD.",B,STK,367,369.5,361.6,362.35,362.4,367.8,384,11852,4331811,
532925,"KAUSHALYA INFRASTRUCTURE DEVEL",B,STK,826,850,800.2,822,822,831,11,127,105486,
532926,"JYOTHY LABS LIMITED",A,STK,242.45,244.9,239.7,240.45,240.75,244.15,775,161778,38872103,
532927,"ECLERX SERVICES LTD.",A,STK,3581.35,3730.65,3569.05,3634.95,3626,3666.85,1868,13298,48275700,
532928,"TRANSFORMERS AND RECTIFIERS (I",A,STK,269.95,274.9,261.5,270.45,270.45,271.05,2698,210564,56344572,
532929,"BRIGADE ENTERPRISES LTD.",A,STK,756.2,756.8,744,747.55,752.2,763.6,1798,21885,16397042,
532930,"BGR ENERGY SYSTEMS LTD.",B,STK,328,336.05,328,330.15,331.65,337.15,153,3041,1005606,
532932,"MANAKSIA LTD.",B,STK,63.36,63.4,62.3,62.74,62.74,63.79,155,2278,143529,
532933,"PORWAL AUTO COMPONENTS LTD.",X,STK,56,57,53.75,56.64,56.64,56.98,273,73539,4058359,
532934,PPAP,B,STK,194.05,226.5,191.1,222.95,222.5,202,321,10508,2134955,
532935,"ARIES AGRO LTD.",B,STK,349.95,360.65,349.95,356.95,358.2,354.5,139,1696,600906,
532937,"KUANTUM PAPERS LTD.",B,STK,93.25,93.57,92.65,93.15,93.15,92.31,38,1138,105740,
532939,"RELIANCE POWER LTD.",A,STK,26.8,26.8,26.33,26.68,26.68,26.81,7405,2572571,68481764,
532940,"J.KUMAR INFRAPROJECTS LTD.",A,STK,553,557.65,546.75,555.05,557.65,555.15,215,2458,1356634,
532941,"CORDS CABLE INDUSTRIES LTD.",B,STK,174.4,176.2,172.45,174.2,174.2,172.45,52,579,101093,
532942,"KNR CONSTRUCTIONS LTD.",A,STK,140.9,141.5,136.75,137.35,137.7,141.5,858,43025,5950172,
532944,ONMOBILE,B,STK,51.63,52.57,51.05,52,52.15,51.66,92,2368,123000,
532945,"SEPC LIMITED",B,STK,9.65,9.65,8.95,9,9,9.65,1169,988534,9064081,
532946,"BANG OVERSEAS LTD.",B,STK,44.89,44.89,43.09,44.39,44.5,43.91,15,104,4571,
532947,"IRB INFRASTRUCTURE DEVELOPERS",A,STK,44.02,44.02,41.9,42.32,42.29,43.97,3636,769970,32675714,
532951,"GSS INFOTECH LTD.",B,STK,14.6,15.73,14.6,15.25,15.54,15.56,105,22187,340607,
532952,"NAHAR CAPITAL & FINANCIAL SERV",B,STK,245.2,245.2,237.85,237.85,237.85,248.8,5,103,25245,
532953,"V-GUARD INDUSTRIES LTD.",A,STK,320.4,326.55,320.4,324.55,324.55,324.25,486,4125,1338528,
532955,"REC LIMITED",A,STK,345.8,354.2,343.2,353.7,353.7,346.95,9790,629883,220298132,
532957,"GOKAK TEXTILES LTD.",XT,STK,70.5,73.49,70.5,72.46,73.45,70.15,30,1304,94230,
532966,"TITAGARH RAIL SYSTEMS LIMITED",A,STK,760.15,760.15,746.8,752.85,752.85,765.05,3425,75133,56551213,
532967,"KIRI INDUSTRIES LTD.",A,STK,457.75,458.65,450.5,451.25,450.85,458.8,437,17860,8082064,
532974,"ADITYA BIRLA MONEY LTD.",B,STK,133.45,133.7,132.25,133.5,133.5,133.45,87,988,131452,
532975,"TELOGICA LIMITED",X,STK,10.07,10.16,10,10,10,10.28,11,2025,20250,
532976,"JAI BALAJI INDUSTRIES LTD.",A,STK,69.3,69.3,66.57,67.12,67.14,70.15,377,50087,3380423,
532977,"BAJAJ AUTO LTD.",A,STK,9702,9775,9642.2,9691.7,9680,9761.9,1946,7557,73211323,
532978,"BAJAJ FINSERV LTD.",A,STK,2023,2054.95,2021.75,2051.5,2050.65,2024.2,2492,37250,76118633,
532980,"GOKUL REFOILS & SOLVENT LTD.",B,STK,33.4,34.3,33.05,33.7,33.63,31.8,55,2883,98157,
532983,"RPG LIFE SCIENCES LTD.",B,STK,1951.05,1980.5,1945.05,1961.9,1965,1978.2,28,111,217577,
532985,"KOTAK MAHINDRA MUTUAL FUND",A,STK,90.9,91.36,89.06,90.34,90.96,90.45,111,2200,198953,
532986,"NIRAJ CEMENT STRUCTURALS LTD.",B,STK,31.49,31.92,31.49,31.92,31.92,32.13,3,174,5537,
532989,"BAFNA PHARMACEUTICALS LTD.",T,STK,118.55,121,117.5,120.1,120,123.5,13,564,67371,
532992,"CHL LTD.",X,STK,30.06,30.89,29,29.82,29.82,30.32,24,917,26975,
532993,"SEJAL GLASS LIMITED",B,STK,677.7,704.55,676.05,698.55,694,671,60,395,276522,
532994,"ARCHIDPLY INDUSTRIES LTD.",B,STK,90,90,90,90,90,90,1,1,90,
532998,"Lotus Eye Hospital And Institu",B,STK,111.45,118.3,110,118.3,118.3,112.7,41,1534,177708,
533001,"SOMI CONVEYOR BELTINGS LTD.",B,STK,115.6,115.79,109.5,109.5,109.5,115.03,91,1854,205959,
533007,"LGB FORGE LTD.",X,STK,7.46,7.49,7.08,7.12,7.08,7.58,278,120557,864971,
533012,"LANDMARK PROPERTY DEVELOPMENT",B,STK,6.17,6.65,6.17,6.21,6.21,6.3,16,641,4093,
533014,"SICAGEN INDIA LTD.",X,STK,56,56,54.01,54.87,54.87,57.2,128,14511,797491,
533022,"20 MICRONS LTD.",B,STK,180.45,184.25,180.4,183.75,183.15,180.65,152,2718,494998,
533023,"ZF Commercial Vehicle Control",A,STK,15777,16592.85,15777,15970.55,15945,15851.15,649,1116,18165243,
533029,"ALKALI METALS LTD.",B,STK,70,70.45,67.87,68.53,68.5,71,21,190,13225,
533033,"ISGEC HEAVY ENGINEERING LTD.",A,STK,880,880.7,851.15,853.3,851.6,872.1,524,4409,3802445,
533047,"INDIAN METALS & FERRO ALLOYS L",B,STK,1433.25,1433.25,1403.3,1410.85,1407.55,1439.55,403,4428,6268705,
533048,"Teamo Productions HQ Limited",B,STK,0.6,0.61,0.59,0.59,0.59,0.61,90,124800,74936,
533056,"VEDAVAAG SYSTEMS LTD.",X,STK,20.25,22,20.25,20.94,21,21.81,189,25718,533467,
533080,"MOLD-TEK PACKAGING LIMITED",B,STK,558.1,558.1,542,549.15,548.25,556.65,698,3771,2065073,
533088,"MAHINDRA HOLIDAYS & RESORTS IN",B,STK,293.15,293.25,287.75,289.55,289.1,293.3,246,108593,31493136,
533090,"EXCEL REALTY N INFRA LTD.",B,STK,1.2,1.25,1.17,1.19,1.18,1.2,347,290608,346279,
533093,"RAJ OIL MILLS LTD.",B,STK,45,45.3,43.64,43.64,43.64,44.2,16,1084,47933,
533095,"BENGAL & ASSAM COMPANY LTD.",B,STK,6414.05,6470,6200.4,6244.35,6230,6414.05,519,708,4464935,
533096,"ADANI POWER LTD.",A,STK,140.1,143.65,139.05,142.8,142.8,139.9,9084,1257312,178466733,
533098,"NHPC LTD.",A,STK,75.22,77.43,74.64,77.08,77.08,75.5,6009,878871,67156364,
533100,"PREMIER ENERGY AND INFRASTRUCT",XT,STK,8.18,9.04,8.18,8.2,9.02,8.61,142,173049,1428539,
533101,"SURYAAMBA SPINNING MILLS LTD.",X,STK,125.05,125.05,119.3,123.1,119.3,125.95,17,649,79432,
533104,"GLOBUS SPIRITS LTD.",B,STK,966.05,980,966.05,974.35,974,980.5,167,1167,1137168,
533106,"OIL INDIA LTD.",A,STK,453.5,464.8,451.8,463.95,463.95,455.2,3081,85382,39332538,
533107,"SWAN DEFENCE AND HEAVY INDUSTR",T,STK,1800,1880,1748.55,1814.6,1814.6,1840.55,325,3981,7175279,
533108,"BHILWARA TECHNICAL TEXTILES LT",X,STK,35.8,36.9,35.8,36.24,36,36.49,40,6769,245160,
533110,"SHREE PRECOATED STEELS LTD.",X,STK,12.03,12.03,12.03,12.03,12.03,12.59,1,1,12,
533121,"EXPLEO SOLUTIONS LIMITED",B,STK,853.2,861.8,846.7,854,854,853.2,48,224,190994,
533122,"RATTANINDIA POWER LTD.",A,STK,8.75,8.78,8.5,8.7,8.7,8.78,12581,1550854,13358925,
533137,"DEN NETWORKS LTD",B,STK,28.5,28.52,27.95,28.46,28.46,28.4,127,6493,183353,
533138,"ASTEC LIFESCIENCES LIMITED",B,STK,625.1,625.1,616.8,621.7,621.05,638.9,120,1872,1164521,
533146,"D-LINK (INDIA) LTD",B,STK,411,411,401.85,404.25,404.75,411.2,167,1932,781162,
533148,"JSW ENERGY LTD",A,STK,466.75,492,466.75,489.55,489.55,474.7,2625,90637,44039880,
533149,"Yunik Managing Advisors Limite",X,STK,7.42,7.85,7.35,7.62,7.64,7.5,12,309,2385,
533150,"GODREJ PROPERTIES LTD",A,STK,1784.2,1840.9,1784.2,1833.45,1828,1809.1,3126,37176,67791039,
533151,"D B CORP LTD",B,STK,234.4,235.6,232.2,234.2,234,234.35,100,922,215360,
533152,"MBL Infrastructure Ltd",B,STK,30.95,30.95,27.61,28.05,28.26,28.82,50,7491,212434,
533155,"JUBILANT FOODWORKS LTD",A,STK,531.55,536,527,534.35,534,533.5,1416,36538,19462297,
533156,"VASCON ENGINEERS LTD",B,STK,40.95,40.95,39.63,39.74,39.7,40.54,274,34084,1360335,
533158,"THANGAMAYIL JEWELLERY LTD",A,STK,3551.6,3791.65,3532.25,3718.05,3718.05,3594.55,2409,16045,59340247,
533160,"VALOR ESTATE LIMITED",A,STK,123,125.3,121.1,122.05,122.45,124.9,680,72144,8866213,
533161,"EMMBI INDUSTRIES LTD",B,STK,92.97,95.35,91.99,93.27,93.27,92.97,24,1254,118150,
533162,"HATHWAY CABLE & DATACOM LTD",B,STK,11.15,11.24,10.98,11.17,11.17,11.22,381,98941,1095119,
533164,"TEXMO PIPES & PRODUCTS LTD.",B,STK,50.17,50.17,47.82,48.77,48.75,49.82,48,1697,82685,
533166,"SUNDARAM MULTI PAP LTD.",B,STK,1.68,1.72,1.65,1.68,1.67,1.68,96,51743,87585,
533167,"COROMANDEL ENGINEERING COMPANY",XT,STK,80.94,81.85,79.31,79.5,79.5,79,23,4835,391584,
533168,"ROSSELL INDIA LTD.",B,STK,45.15,45.15,43.74,43.74,43.74,44.42,8,129,5775,
533169,"MAN INFRACONSTRUCTION LTD.",A,STK,110.2,112.8,109,112.2,112.2,111.3,190,5405,597727,
533170,"TAMBOLI INDUSTRIES LIMITED",X,STK,157.2,164.9,155.85,158.55,155.85,158.65,16,2328,370948,
533172,"INVESCO India Gold Exchange Tr",E,STK,13325,13360,13325,13360,13360,13325,2,2,26685,
533177,"IL&FS TRANSPORTATION NETWORKS",Z,STK,2.63,2.74,2.63,2.7,2.7,2.73,13,3776,10098,
533179,"PERSISTENT SYSTEMS LTD.",A,STK,5497,5595,5440.7,5582.05,5582.05,5476.5,2647,13180,72640261,
533181,"INTRASOFT TECHNOLOGIES LTD.",B,STK,82.9,83.58,82.9,83,83,82.71,14,586,48621,
533192,"KCP SUGAR & INDUSTRIES CORPORA",B,STK,22.3,22.94,22.25,22.55,22.35,22.41,55,3039,68425,
533193,"KIRLOSKAR ELECTRIC COMPANY LTD",B,STK,96.85,98.52,95.7,96.09,95.7,98.9,193,6976,676436,
533202,"SATCHMO HOLDINGS LIMITED",X,STK,3.56,3.7,3.5,3.53,3.59,3.69,179,67034,239407,
533203,"TARAPUR TRANSFORMERS LTD",B,STK,28.39,29.66,27.95,28.55,29.1,28.25,40,3827,109688,
533206,"SJVN LTD",A,STK,76.42,78.38,75.56,77.85,77.85,76.67,3615,578575,44457009,
533208,"EMAMI PAPER MILLS LTD.",B,STK,87.99,88.1,87.65,87.65,87.65,89.09,19,305,26748,
533210,"KRITI NUTRIENTS LTD",B,STK,72.01,75.68,72.01,75.68,75.68,75.63,12,1822,132937,
533212,"GKB OPHTHALMICS LTD.",X,STK,61.17,63.3,58.8,61.55,61.55,61.17,88,4758,292193,
533217,"HINDUSTAN MEDIA VENTURES LTD.",B,STK,70.37,71.7,70,71.5,71.5,71.7,14,293,20656,
533218,"EMAMI REALTY LIMITED",B,STK,74.93,74.93,74.93,74.93,74.93,71.52,1,10,749,
533227,"ASIAN HOTELS (EAST) LTD.",B,STK,149.9,153.75,149,150.7,150.7,150,130,1837,276697,
533229,"BAJAJ CONSUMER CARE LIMITED",B,STK,379.5,380.95,364.7,375.05,375.65,381.95,1058,37723,14025535,
533230,"HDFC MUTUAL FUND - HDFC GOLD E",E,STK,130.33,131.41,130.01,131.14,131.16,130.33,2154,275782,36068635,
533239,"PRAKASH STEELAGE LTD.",T,STK,4.7,4.7,4.45,4.52,4.5,4.66,56,28246,127413,
533244,"ICICI Prudential Gold ETF",E,STK,133.75,133.75,130.25,131.53,131.59,130.49,3716,441433,57841854,
533248,"GUJARAT PIPAVAV PORT LTD.",A,STK,177.5,177.5,172.1,172.85,172.6,177.35,636,23617,4099870,
533252,"WELSPUN INVESTMENTS AND COMMER",B,STK,1300,1300,1269.6,1269.6,1269.6,1300,54,107,138887,
533257,"INDOSOLAR LTD.",T,STK,419.6,422.7,403,405.7,408.25,419.95,211,5976,2454574,
533259,"Sastasundar Ventures Limited",B,STK,292.5,300,285.55,300,300,293.9,64,687,201161,
533260,"CP CAPITAL LIMITED",B,STK,98,98.01,96.5,96.51,96.5,98.1,24,793,76761,
533262,"RAMKY INFRASTRUCTURE LTD.",B,STK,465.15,466.85,461.65,464,464,470.35,15,273,126488,
533263,"ORIENT GREEN POWER COMPANY LTD",B,STK,10.15,10.15,9.9,9.99,9.95,10.15,755,307763,3069697,
533267,"CANTABIL RETAIL INDIA LTD.",B,STK,303.75,303.75,297.15,298.45,299.55,304.75,131,4808,1444887,
533268,"SEA TV NETWORK LTD.",X,STK,4.25,4.25,4.22,4.22,4.22,4.25,2,253,1067,
533269,"VA TECH WABAG LTD.",A,STK,1279.15,1291.85,1270.9,1284.1,1289.5,1284.45,411,8275,10643168,
533270,"BEDMUTHA INDUSTRIES LTD.",B,STK,141,141.1,140.7,141,141,140.4,70,1866,263097,
533271,"ASHOKA BUILDCON LTD.",A,STK,154.8,154.8,146.4,148.6,148.6,151.75,1012,52302,7776685,
533272,"JUPITER WAGONS LIMITED",A,STK,291.75,294.55,286.45,290.7,290.7,294.3,2521,117193,33836261,
533273,"OBEROI REALTY LTD.",A,STK,1501.05,1566.55,1501.05,1564.3,1561.7,1547.3,561,5802,9043095,
533274,"PRESTIGE ESTATES PROJECTS LTD.",A,STK,1456.2,1539.85,1456.2,1526.7,1525.8,1516.7,1268,13888,21106360,
533275,"SHAH METACORP LIMITED",B,STK,4.67,4.78,4.67,4.73,4.73,4.77,89,79006,375295,
533278,"COAL INDIA LTD.",A,STK,408.9,423.9,407,422.5,422.5,408.95,16771,1333921,560877307,
533282,"GRAVITA INDIA LTD.",A,STK,1643.45,1671.45,1622.7,1662.7,1666,1659.35,1105,14253,23444659,
533284,"RPP INFRA PROJECTS LTD.",B,STK,81.5,81.5,77.97,78.82,78.82,80.11,163,2772,218021,
533285,"RDB INFRASTRUCTURE AND POWER L",X,STK,64.48,65.96,58.6,59.73,59.73,64.38,1209,319531,19566286,
533286,"MOIL LTD.",A,STK,307.7,308,301.8,307.4,307.4,307.75,751,30166,9183456,
533287,"ZEE LEARN LTD.",B,STK,6.26,6.33,6.14,6.16,6.16,6.14,140,19570,121232,
533289,"KESAR TERMINALS & INFRASTRUCTU",X,STK,77.2,77.2,72.3,72.41,72.3,75,18,775,57291,
533292,"A2Z INFRA ENGINEERING LIMITED",B,STK,14.88,15.22,14.53,14.65,14.65,14.56,34,10165,151482,
533293,"KIRLOSKAR OIL ENGINES LTD.",A,STK,1382.3,1418.35,1377.65,1412.4,1415,1379.95,5606,66770,93391336,
533294,"RAVI KUMAR DISTILLERIES LTD.",B,STK,20.58,20.7,19.5,20.7,20.7,20.08,12,78,1564,
533295,"PUNJAB & SIND BANK",B,STK,26.83,27.22,26.63,27.1,27.1,26.97,419,75091,2021889,
533296,"FUTURE MARKET NETWORKS LTD.",B,STK,8.31,8.31,7.77,8.06,8.15,8.15,25,3419,27014,
533298,"SURANA SOLAR LTD.",B,STK,24.31,25.25,22.6,23.37,23.51,24.86,326,16687,396884,
533301,"SHEKHAWATI INDUSTRIES LIMITED",B,STK,14.61,15.5,14,14.55,14,14.31,56,5955,88336,
533302,"KALYANI INVESTMENT COMPANY LTD",B,STK,4875,4890,4850,4890,4890,4900.55,13,14,68316,
533303,"BF INVESTMENT LTD.",B,STK,401.55,407.5,401.55,406.8,406.5,404,13,179,72691,
533306,"SUMMIT SECURITIES LTD.",B,STK,1755,1755,1711.5,1726,1726,1758.2,31,61,105568,
533315,"INNOVASSYNTH TECHNOLOGIES (IND",X,STK,75,75,70.01,71.33,72.93,73.43,51,12370,891168,
533316,"STEL HOLDINGS LIMITED",B,STK,490.35,490.35,460,466.85,466.85,485.05,72,323,152600,
533317,"OMKAR SPECIALITY CHEMICALS LTD",Z,STK,5.11,5.11,5,5.11,5.11,5.25,3,202,1010,
533326,"TEXMACO RAIL & ENGINEERING LTD",A,STK,113.05,113.05,111,111.25,111.25,113.55,734,56792,6343049,
533329,"INDIAN TERRAIN FASHIONS LTD.",B,STK,35.96,36.65,35.96,36.48,36.48,36.89,7,135,4936,
533333,"FINEOTEX CHEMICAL LTD.",B,STK,24.53,24.74,23.48,24.19,23.95,24.09,671,189079,4560166,
533336,"DHUNSERI INVESTMENTS LTD.",B,STK,975,993.1,966.5,968.05,968,975,6,71,68973,
533339,"ZEN TECHNOLOGIES LTD.",A,STK,1305,1336,1290.1,1329.8,1329.8,1312.8,1018,16378,21494935,
533343,"LOVABLE LINGERIE LTD.",B,STK,82.15,85.64,78.85,80.37,80.7,76.6,103,3231,262847,
533344,"PTC INDIA FINANCIAL SERVICES L",B,STK,33.99,33.99,32.08,32.17,32.09,33.04,214,38528,1245614,
533385,"MOTILAL OSWAL MOST SHARES NASD",E,STK,226.1,233.97,226.1,232.4,232.4,230.17,1223,40451,9386631,
533398,"MUTHOOT FINANCE LTD.",A,STK,3576.75,3576.8,3450,3497.75,3499.7,3576.75,9584,60407,211398621,
533407,"TRUE GREEN BIO ENERGY LIMITED",X,STK,75.4,78.1,70.1,71.15,71.15,70.9,365,52630,3869562,
533408,"Aditya Birla Sun Life Mutual F",E,STK,134.23,135.49,133.51,134.95,134.76,134.23,738,29683,3983287,
533427,"VMS INDUSTRIES LTD.",X,STK,27.24,27.7,26.55,26.86,26.86,27.24,247,52337,1409735,
533451,"KARMA ENERGY LTD.",B,STK,44,45.69,43.91,45.69,45.69,46.12,20,651,28898,
533452,"DELPHI WORLD MONEY LIMITED",B,STK,16,16,13.8,14.1,14.3,16.8,1006,200214,2958315,
533470,"RUSHIL DECOR LTD.",B,STK,20,20,19.25,19.81,19.81,19.76,130,7442,145354,
533477,"ENKEI WHEELS (INDIA) LTD.",X,STK,446.75,446.75,425.6,430.55,431,435.8,36,1028,442859,
533482,"KRIDHAN INFRA LIMITED",B,STK,3.84,3.84,3.4,3.4,3.4,3.5,12,7419,27956,
533499,"BHARATIYA GLOBAL INFOMEDIA LTD",Z,STK,2.89,3.04,2.83,2.83,2.83,2.97,26,9965,28280,
533506,"INVENTURE GROWTH & SECURITIES",B,STK,1.2,1.21,1.12,1.15,1.15,1.19,168,209062,243537,
533519,"L&T Finance Limited",A,STK,285,295.35,281,294,294,285,3066,189409,55068009,
533520,"Indiabulls Limited",B,STK,9.99,9.99,9.55,9.69,9.74,9.92,755,258192,2500784,
533540,"TREE HOUSE EDUCATION & ACCESSO",B,STK,7.71,7.95,7.61,7.61,7.61,7.7,10,535,4211,
533543,"BROOKS LABORATORIES LTD.",B,STK,74.97,75.33,74.37,74.8,74.8,75.89,18,1621,121125,
533552,"RUPA & COMPANY LTD.",B,STK,147,147,141.5,142.05,142,146.45,177,3261,466238,
533553,"T D POWER SYSTEMS LTD.",A,STK,820.75,876.05,820.75,859.15,859,835.7,3040,66804,57485266,
533570,"AXIS MUTUAL FUND - AXIS GOLD E",E,STK,127.5,128,126.83,127.8,127.83,126.91,679,43734,5576453,
533573,"ALEMBIC PHARMACEUTICALS LTD.",A,STK,758,779.9,752.9,770.9,770,768.85,193,884,680508,
533576,"VASWANI INDUSTRIES LTD.",B,STK,58.21,59.37,58.2,58.99,58.86,58.52,986,46926,2760768,
533581,"PG ELECTROPLAST LTD.",A,STK,603.5,626,603.5,618.95,616,615.8,3746,135761,84178126,
533602,"LESHA INDUSTRIES LTD.",X,STK,0.82,0.82,0.78,0.81,0.81,0.8,198,488052,393360,
533605,"SETUBANDHAN INFRASTRUCTURE LIM",Z,STK,0.44,0.44,0.42,0.43,0.43,0.42,16,65545,28586,
533608,"RDB RASAYANS LTD.",X,STK,163.95,167,155.55,161.25,162,159.95,181,18390,2996413,
533629,"TIJARIA POLYPIPES LTD.",T,STK,5.59,5.59,5.59,5.59,5.59,5.88,4,10035,56095,
533632,"ONELIFE CAPITAL ADVISORS LTD.",T,STK,15.75,16.36,15.75,16.36,16.36,16.64,41,17363,282458,
533638,"FLEXITUFF VENTURES INTERNATION",B,STK,9.31,9.74,9,9.6,9.64,9.92,13,6318,57215,
533644,"UJAAS ENERGY LIMITED",B,STK,183.95,183.95,183.95,183.95,183.95,193.6,9,200,36790,
533655,"TRIVENI TURBINE LTD.",A,STK,483.35,491.3,483.35,490.45,490.55,490.95,617,17087,8368878,
533676,"INDO THAI SECURITIES LTD.",B,STK,267,267.55,261.05,263.1,262,269.85,406,23689,6268286,
533704,"ESSAR SHIPPING LTD.",B,STK,30.78,30.78,27.58,27.79,27.79,30.16,284,18479,522619,
533719,"IDBI MUTUAL FUND - IDBI GOLD E",E,STK,13636.6,13817,13636.6,13765.68,13799,13748.78,83,151,2076076,
533758,"APL APOLLO TUBES LTD.",A,STK,2240.75,2267,2198.35,2218.25,2219.45,2248.05,3077,26603,59151087,
533761,"GPT INFRAPROJECTS LTD.",B,STK,124.35,125.55,121.1,122.4,121.85,124.35,217,23699,2917142,
533896,"FERVENT SYNERGIES LTD.",X,STK,19.09,20,19.09,20,20,19.15,6,40,790,
533941,"THOMAS SCOTT (INDIA) LIMITED",B,STK,300.05,320.05,300.05,313.95,313.95,319,80,1085,342431,
533982,"TERA SOFTWARE LTD.",B,STK,375,401.5,375,392.45,396.35,389,82,3544,1410677,
534060,"PMC FINCORP LIMITED",X,STK,1.77,1.96,1.7,1.75,1.73,1.78,934,1803188,3279855,
534063,"FUTURISTIC SOLUTIONS LTD.",X,STK,42.84,42.84,42.81,42.81,42.81,42,3,21,899,
534064,"ALLIANCE INTEGRATED METALIKS L",X,STK,1.71,1.75,1.67,1.69,1.68,1.68,167,74374,125765,
534076,"RHI MAGNESITA INDIA LIMITED",A,STK,438.2,471.5,423.55,462.55,465.35,437.1,3234,80881,37011057,
534091,"MULTI COMMODITY EXCHANGE OF IN",A,STK,2261.2,2356,2168.2,2340.55,2340.55,2341.2,26745,333584,754801092,
534139,"SCHNEIDER ELECTRIC INFRASTRUCT",A,STK,812.55,833.3,795.4,824.3,825,811.4,1597,35284,28824725,
534190,"OLYMPIC CARDS LTD.",X,STK,3.11,3.47,3.1,3.1,3.1,3.09,20,21517,66787,
534309,"NBCC (India) Limited",A,STK,98.31,100.67,96.9,99.87,99.87,98.1,7605,1232972,122235365,
534312,"MT EDUCARE LTD.",T,STK,1.56,1.56,1.48,1.51,1.51,1.55,21,856,1315,
534338,"Max heights Infrastucture Ltd",X,STK,13.24,13.24,12.35,12.7,12.71,12.5,19,2042,25794,
534369,"TRIBHOVANDAS BHIMJI ZAVERI LTD",B,STK,157.5,157.5,154.5,155.95,155.95,157.1,296,9911,1540771,
534392,"VARDHMAN SPECIAL STEELS LTD.",B,STK,254.4,257.8,252.6,257.5,257.8,255.1,70,215,54890,
534422,"LOOKS HEALTH SERVICES LIMITED",XT,STK,8.02,8.02,7.75,8.02,8.02,7.64,178,83199,665177,
534425,"SPECIALITY RESTAURANTS LTD.",B,STK,103.45,104.3,99.6,101,101,104.5,48,1937,196808,
534532,"LYPSA GEMS & JEWELLERY LTD",B,STK,5.76,6,5.66,5.9,6,6.15,105,22728,134931,
534535,"STRING METAVERSE LIMITED",XT,STK,148.5,148.5,148.5,148.5,148.5,156.3,30,16784,2492424,
534597,"RATTANINDIA ENTERPRISES LIMITE",A,STK,34.45,34.48,33.06,34,33.9,35.15,1115,194380,6531540,
534598,"Sampann Utpadan India Limited",B,STK,31.6,33.23,31.6,32.21,31.73,32.8,20,949,30593,
534600,"JTL INDUSTRIES LIMITED",B,STK,65.5,65.81,64.97,65.23,65.23,65.91,318,83922,5481374,
534612,"ADVANCE METERING TECHNOLOGY LT",X,STK,20.93,20.93,19.7,20.25,20.4,20.33,27,1911,38688,
534615,"NORTH EASTERN CARRYING CORPORA",B,STK,15,15,14.85,15,15,15.2,24,878,13154,
534618,"WAAREE RENEWABLE TECHNOLOGIES",A,STK,886,889.85,881,886.25,886,888.5,913,16829,14891988,
534623,"JUPITER INFOMEDIA LTD.",X,STK,46.95,46.95,45,45.19,45.2,46.3,29,3334,150741,
534639,"VINAYAK POLYCON INTERNATIONAL",XT,STK,20.16,20.16,20.16,20.16,20.16,19.2,11,457,9213,
534674,"Ducon Infratechnologies Ltd",B,STK,3.77,3.77,3.52,3.56,3.56,3.7,103,67661,241407,
534675,"PROZONE REALTY LIMITED",B,STK,56.43,56.92,54.79,54.97,54.97,57.38,99,4918,276002,
534680,"SRG HOUSING FINANCE LTD.",B,STK,255.05,279.95,255.05,268.75,260,267.1,5,6,1585,
534691,"COMFORT COMMOTRADE LTD.",X,STK,14.65,15.34,14.1,14.53,14.53,14.65,139,15437,222354,
534732,"CASPIAN CORPORATE SERVICES LIM",X,STK,44.56,44.89,42.34,42.63,42.34,44.56,116,10075,433683,
534733,"Aerpace Industries Limited",XT,STK,25.26,26,24.86,25.66,25.89,26.16,486,407128,10295550,
534741,"VIRTUAL GLOBAL EDUCATION LTD.",X,STK,0.56,0.56,0.54,0.56,0.56,0.55,251,221630,122950,
534742,"ZUARI AGRO CHEMICALS LTD.",B,STK,236,239.15,230.05,230.6,230.4,236.1,236,5767,1341499,
534748,"STEEL EXCHANGE INDIA LTD.",B,STK,7.85,8,7.85,7.9,7.89,7.98,134,24619,195111,
534755,"TRIO MERCANTILE & TRADING LTD.",X,STK,0.84,0.99,0.84,0.94,0.94,0.84,50,712701,687075,
534758,"CIGNITI TECHNOLOGIES LTD.",A,STK,1336.1,1374.9,1320,1368.45,1373,1336.05,115,712,957363,
534796,"CDG PETCHEM LIMITED",XT,STK,142.55,142.55,129.05,129.05,129.05,135.8,44,10301,1444897,
534804,"CARE Ratings Limited",A,STK,1606.3,1625,1602.55,1619.05,1625,1616.6,228,1856,2991964,
534809,"PC JEWELLER LTD.",A,STK,10.02,10.07,9.91,9.94,9.94,10.01,2078,8306469,82810399,
534816,"INDUS TOWERS LIMITED",A,STK,466.1,475.1,464.75,473.65,473.65,466.5,8611,526004,248491250,
534920,COVIDH,XT,STK,31.79,31.79,31.79,31.79,31.79,31.17,1,1,31,
534976,"V-MART RETAIL LTD.",A,STK,616.75,616.75,605,609.35,609.85,616.75,165,2531,1545206,
535136,"NIBE LIMITED",B,STK,975.05,1068.8,969.5,1013.05,1005.7,982.55,367,3836,3897942,
535204,"Mukta Agriculture Limited",X,STK,2.81,2.81,2.6,2.65,2.65,2.81,23,21264,58117,
535205,"Mystic Electronics Limited",X,STK,3.39,3.5,3,3.3,3.3,3.29,45,19293,61827,
535267,"COMFORT FINCAP LTD.",X,STK,7.71,7.8,7.69,7.76,7.8,7.71,67,13414,103554,
535276,"SBI MUTUAL FUND - SBI ETF SENS",A,STK,917.48,924.8,913.11,922.24,921,917.48,1925,5340,4909762,
535322,"REPCO HOME FINANCE LTD.",B,STK,403.6,405.7,400.1,404.95,404.85,404.7,160,1829,738852,
535387,"LAKHOTIA POLYESTERS (INDIA) LT",X,STK,61.52,61.52,61.49,61.49,61.49,58.6,13,641,39431,
535431,"GCM SECURITIES LTD",B,STK,0.7,0.72,0.68,0.69,0.7,0.7,172,312375,217946,
535458,"NRB INDUSTRIAL BEARINGS LTD.",B,STK,30.29,31.5,30.29,31.2,31,30.88,14,428,13346,
535566,"KIFS FINANCIAL SERVICES LTD.",X,STK,117,117,117,117,117,117.5,6,34,3978,
535601,"SREELEATHERS LTD.",B,STK,208,208,203,204.05,204.05,208.25,47,205,42126,
535602,"SHARDA MOTOR INDUSTRIES LTD",B,STK,935,943.1,925,931.3,934.5,942.85,213,2266,2105766,
535620,"BINNY MILLS LTD.",X,STK,250.65,250.65,250.65,250.65,250.65,238.75,1,10,2506,
535621,"S V GLOBAL MILL LTD.",X,STK,141.15,145,133.6,136.85,145,141.15,9,10,1376,
535648,"JUST DIAL LTD.",A,STK,644.35,649,620.3,643.1,637,644.35,402,6099,3837336,
535657,"OBJECTONE INFORMATION SYSTEMS",X,STK,8.8,8.8,8.4,8.4,8.4,8.25,10,271,2324,
535667,"INDIA FINSEC LTD.",X,STK,176.95,189,172,188.75,189,189.2,7,55,10304,
535693,"BRAHMAPUTRA INFRASTRUCTURE LTD",X,STK,170.7,170.7,155.8,156.15,156.15,164,619,61289,9682386,
535719,"AMPVOLTS LIMITED",X,STK,28.1,28.11,26,27.66,27.66,25.56,579,204836,5693095,
535730,"KHOOBSURAT LTD",X,STK,0.6,0.6,0.57,0.57,0.57,0.59,342,829280,484260,
535754,"ORIENT CEMENT LTD",A,STK,160.6,162.3,157.85,161.75,161.75,160.55,114,4318,690289,
535755,"Aditya Birla Fashion and Retai",A,STK,73.98,74.35,72.09,72.49,72.49,74.03,2587,333042,24350556,
535789,"Sammaan Capital Limited",A,STK,145.8,148.75,143.6,147.45,147.45,144.05,3507,423559,61871071,
535910,"MONEY MASTERS LEASING & FINANC",B,STK,0.69,0.72,0.69,0.71,0.71,0.68,121,225973,159783,
535916,"ALACRITY SECURITIES LTD",B,STK,49,57,43.99,52.71,52.71,49.22,167,17393,887610,
535958,"Integra Essentia Limited",B,STK,1.46,1.52,1.46,1.49,1.48,1.51,116,113595,169567,
536073,"JULIEN AGRO INFRATECH LIMITED",X,STK,2.05,2.07,1.88,2.01,2.01,2.02,203,233435,471295,
536264,"TIGER LOGISTICS (INDIA) LTD",B,STK,35.1,35.5,34,34.19,34.19,35.1,193,6146,213068,
536493,"JK AGRI GENETICS LTD",X,STK,340,340,331.55,339.8,339.8,342.9,9,239,81004,
536507,"FUTURE LIFESTYLE FASHIONS LTD",Z,STK,1.3,1.34,1.24,1.31,1.32,1.29,33,5834,7454,
536565,"NOVELIX PHARMACEUTICALS LIMITE",X,STK,64.5,66,61,63,63,62.45,43,2039,128965,
536659,"PVV Infra Limited",X,STK,5.24,5.24,4.76,5.06,5.07,5.16,1075,2318965,11735864,
536672,"VCU DATA MANAGEMENT LTD",X,STK,6.7,6.7,6.2,6.49,6.49,6.44,88,4536,28760,
536709,"IND Renewable Energy Ltd",Z,STK,11.5,12,11.5,11.65,11.65,11.5,46,14752,176066,
536773,"JINDAL POLY INVESTMENT AND FIN",B,STK,1274,1274,1113.1,1118.5,1113.1,1097.75,744,6066,7210691,
536960,"MOTILAL OSWAL MUTUAL FUND - MO",B,STK,64.53,64.53,63.28,64.35,64.35,64.01,225,51571,3284828,
536974,"CAPTAIN POLYPLAST LTD",X,STK,72.11,74.89,70.8,73.23,72.9,73.58,251,47601,3461417,
537007,"ICICI Prudential Nifty ETF",B,STK,290.3,290.3,285,289.37,289.37,287.37,835,15967,4605825,
537008,"ICICI Prudential Nifty 100 ETF",B,STK,28.76,29.45,28.76,29.07,29.07,29.04,34,1142,33197,
537069,"ARNOLD HOLDINGS LTD",X,STK,12.5,13.84,12.47,12.81,12.51,12.45,139,32132,408562,
537253,"SUNIL HEALTHCARE LTD",X,STK,69,69,65.11,65.55,69,68,18,102,6686,
537259,"SUYOG TELEMATICS LTD",B,STK,664.45,667.8,629.1,634.55,633.75,672.05,67,1127,734945,
537291,"NATH BIO-GENES (INDIA) LTD",B,STK,147.55,149.9,147,149.5,149.5,150,23,370,54567,
537292,"AGRI- TECH (INDIA) LTD",T,STK,132.4,136.55,129,130,130,132.4,13,1208,157077,
537326,"CHEMTECH INDUSTRIAL VALVES LTD",X,STK,67.55,68.88,66,66.62,66.62,69.76,191,35037,2333991,
537483,"NIPPON INDIA ETF NIFTY 100",B,STK,278.39,279,275.97,278.78,279,277.01,62,2770,765492,
537536,"DENIS CHEM LAB LTD",X,STK,79.3,84.81,79.3,82.54,83,77.07,135,11859,986553,
537582,"UNISHIRE URBAN INFRA LTD",M,STK,1.71,1.93,1.71,1.93,1.93,1.7,4,110000,190300,
537669,"LAXMIPATI ENGINEERING WORKS LI",M,STK,209,251,209,251,251,260,5,2500,579050,
537707,"LADDU GOPAL ONLINE SERVICES LI",X,STK,0.94,0.98,0.91,0.92,0.92,0.92,112,161192,151950,
537708,"KOTAK MAHINDRA MUTUAL FUND - K",B,STK,281.26,283.47,280.47,283.36,283.36,281.62,65,1014,286222,
537709,"SHREE HANUMAN SUGAR & INDUSTRI",XT,STK,4.56,4.78,4.56,4.6,4.6,4.56,32,14524,66910,
537750,"KIRAN VYAPAR LTD",X,STK,181.05,200.5,181.05,195.85,196.5,195,74,4603,902833,
537766,"B.C. POWER CONTROLS LTD",XT,STK,1.98,1.99,1.87,1.94,1.97,1.95,104,91684,177659,
537785,"RACE ECO CHAIN LIMITED",B,STK,110,112.55,110,112.5,112.5,115.1,8,77,8598,
537800,"MANGALAM INDUSTRIAL FINANCE LT",XT,STK,1.06,1.06,1.06,1.06,1.06,1.11,1945,5983649,6342667,
537820,"VIJI FINANCE LTD",B,STK,2.24,2.24,2.09,2.11,2.09,2.19,195,48672,104598,
537839,"PHOENIX TOWNSHIP LTD",X,STK,120,120,112,118.8,119,118,58,5246,620405,
537840,"RAUNAQ INTERNATIONAL LIMITED",X,STK,48.75,48.75,48.75,48.75,48.75,48.75,1,2,97,
537985,"INFRONICS SYSTEMS LTD",X,STK,20,20,18.83,18.88,18.86,19.68,43,2524,48335,
538057,"CPSE ETF",A,STK,99.04,100.62,97.73,100.48,100.54,98.56,779,149579,14967605,
538081,"HARIA APPARELS LTD",X,STK,5.7,5.7,5.49,5.49,5.49,5.7,8,449,2469,
538092,"SHRI VASUPRADA PLANTATIONS LIM",X,STK,106.7,106.75,106.7,106.75,106.75,109.85,4,128,13659,
538119,"R&B DENIMS LTD",B,STK,179.7,181.9,179.5,181.55,181.5,178.2,1204,185272,33501496,
538212,"SHARP INVESTMENTS LTD",X,STK,0.44,0.44,0.4,0.42,0.42,0.42,187,320179,134614,
538268,"WONDERLA HOLIDAYS LTD",B,STK,491.65,494.35,485,487.7,486,496.8,208,3294,1615753,
538273,"RESPONSE INFORMATICS LTD",X,STK,25.58,26.99,25.58,26.79,26.79,25.85,8,282,7562,
538351,"A.F. ENTERPRISES LTD",Z,STK,2.23,2.38,2.23,2.23,2.23,2.33,64,31636,70789,
538365,"INCREDIBLE INDUSTRIES LIMITED",B,STK,36.67,36.68,35.52,35.57,35.57,37.26,5,564,20611,
538401,"MAESTROS ELECTRONICS & TELECOM",X,STK,148.95,148.95,138.3,148.95,148.95,124.15,407,66749,9858039,
538422,"JACKSON INVESTMENTS LTD",XT,STK,0.49,0.49,0.47,0.48,0.48,0.49,201,161944,77538,
538446,"MONEYBOXX FINANCE LIMITED",B,STK,62.5,62.5,60.01,62,62,61.25,38,1470,89289,
538451,"WORTH INVESTMENT & TRADING CO",X,STK,3.39,3.39,3.39,3.39,3.39,3.56,188,116747,395772,
538464,"THIRANI PROJECTS LTD",X,STK,4.54,5,3.62,4.19,4.19,4.24,80,58272,238626,
538465,"AMARNATH SECURITIES LTD",X,STK,11.6,12.8,11.6,11.99,11.92,12.9,11,190,2218,
538476,"CAPITAL TRADE LINKS LTD",XT,STK,20.02,20.39,19.32,20.02,20.17,20.02,41,7648,152633,
538520,"SHIVAMSHREE BUSINESSES LIMITED",XT,STK,1.89,1.97,1.79,1.8,1.8,1.88,19,48061,87339,
538521,"YAAN ENTERPRISES LIMITED",XT,STK,95,95,95,95,95,99.25,1,1,95,
538537,"OMANSH ENTERPRISES LTD",XT,STK,167.55,167.55,167.55,167.55,167.55,167.55,2,4,670,
538539,"ANNVRRIDHHI VENTURES LIMITED",X,STK,9.9,10.5,9.9,10.05,9.95,9.9,77,15846,162222,
538540,"RAMCHANDRA LEASING & FINANCE L",XT,STK,9.34,9.76,8.85,9.27,9.35,9.3,180,113671,1051087,
538546,"BANSAL ROOFING PRODUCTS LTD",B,STK,124,124,117.25,119.65,121,120.5,230,5820,692517,
538556,"ARMAN HOLDINGS LTD",X,STK,109.75,109.75,105,106.25,108.5,109.75,36,17254,1822733,
538562,"SKIPPER LTD",A,STK,370.4,374.3,366.1,368.4,366.6,374.25,376,7984,2953246,
538563,"SMT ENGINEERING LIMITED",XT,STK,353.7,353.7,353.7,353.7,353.7,346.8,20,4629,1637277,
538564,"JAMES WARREN TEA LTD",X,STK,320,320,308.05,314.5,314.8,320.3,32,2227,691638,
538565,"Vistar Amar Limited",X,STK,126.05,126.05,126.05,126.05,126.05,105.05,68,13611,1715666,
538567,"GULF OIL LUBRICANTS INDIA LTD",B,STK,1100,1115.8,1086,1114.1,1113.5,1124.6,259,3005,3293351,
538569,"TRIVENI ENTERPRISES LTD",X,STK,1.1,1.12,1.1,1.11,1.11,1.1,21,8537,9424,
538597,"TTI ENTERPRISE LTD",X,STK,9.68,10.35,9.6,10.16,10.25,9.88,99,27223,274998,
538598,"VISHAL FABRICS LTD",B,STK,22.69,23.49,22.69,22.9,22.9,23.22,287,38135,876787,
538607,"TOYAM SPORTS LIMITED",X,STK,0.97,1,0.97,0.97,0.98,1,278,327708,321186,
538609,"GAJANAN SECURITIES SERVICES LT",X,STK,64,64,56,59.9,59.9,56.17,35,711,43277,
538610,"UNISON METALS LTD",X,STK,1.13,1.24,1.08,1.24,1.24,1.04,1445,9557125,11784710,
538611,"Real Touch Finance Limited",Z,STK,49,49,49,49,49,50,1,10,490,
538634,"VASUNDHARA RASAYANS LTD",X,STK,136,137.65,134,135,137.65,135.75,20,330,45024,
538635,"SNOWMAN LOGISTICS LTD",B,STK,38.68,42.07,38.68,41.48,41.37,42.2,98,21650,899429,
538646,"QGO FINANCE LIMITED",X,STK,38.15,40.9,38.15,39.03,39.1,39.36,58,4812,188613,
538647,"PURSHOTTAM INVESTOFIN LTD",X,STK,41.29,41.29,41.1,41.1,41.1,39.34,2,2,82,
538666,"Sharda Cropchem Limited",A,STK,1281.85,1281.85,1212.95,1229.7,1229.7,1250.95,587,8177,10074144,
538668,"Meghna Infracon Infrastructure",B,STK,568,579.9,550.1,557.5,560,563.15,391,25992,14650233,
538674,"City Online Services Limited",Z,STK,7.96,7.96,7.45,7.45,7.45,7.59,20,1362,10726,
538683,"NIPPON INDIA ETF SENSEX",A,STK,947.99,956,941.01,952.17,951.03,944.16,1812,6943,6582883,
538685,"SHEMAROO ENTERTAINMENT LIMITED",B,STK,108.27,109.51,106,106,106,107.1,10,42,4542,
538706,"Ultracab (India) Limited",X,STK,7.82,7.94,7.61,7.84,7.87,7.55,312,163994,1274286,
538707,"Rajasthan Cylinders & Containe",X,STK,34.35,36.5,34.1,34.12,35,35,15,473,16425,
538708,"Econo Trade (India) Limited",X,STK,7.68,8.8,7.34,7.98,7.98,7.68,67,25304,204421,
538713,"Atishay Limited",X,STK,180,191,178.05,190,191,184.15,68,1980,366810,
538714,"Sangam Finserv Limited",X,STK,39.01,41.17,38.12,40.49,40.49,39.01,11,469,18872,
538715,"Dhabriya Polywood Limited",X,STK,363.1,381,355,362,360,363.1,558,18403,6756953,
538716,"Aryaman Capital Markets Limite",B,STK,454,490,452.2,463.1,470,476,31,476,218644,
538730,"PDS LIMITED",B,STK,324.65,335.4,315.2,324.5,324.75,324.8,230,5697,1849122,
538731,"HANMAN FIT LIMITED",M,STK,3.77,5.25,3.77,4.7,4.7,4.6,5,25200,111552,
538732,"Vibrant Global Capital Limited",X,STK,38.07,38.07,36.4,36.8,36.8,37.19,51,2130,78451,
538734,"CEINSYS TECH LIMITED",B,STK,1053,1057.95,986,1024.25,1015.1,1028.05,1762,48924,49800892,
538742,"PANABYTE TECHNOLOGIES LIMITED",X,STK,29,31.88,29,29.55,29.97,29.5,41,11533,341967,
538743,"Mudunuru Limited",XT,STK,14.68,14.69,13.49,13.49,13.49,14.2,31,4542,61351,
538770,"Crane Infrastructure Limited",X,STK,15.54,15.54,14.13,14.63,14.13,14.74,15,869,13406,
538772,"Niyogin Fintech Limited",X,STK,45.06,45.88,44.15,44.97,44.98,44.95,89,27405,1239210,
538777,"ASIA CAPITAL LIMITED",XT,STK,19.14,19.14,19.14,19.14,19.14,18.23,2,1000,19140,
538778,"Kalyan Capitals Limited",X,STK,7.1,7.1,6.66,6.77,6.7,6.63,91,15502,106918,
538786,"Citizen Infoline Ltd.",X,STK,267,267,267,267,267,269.65,3,5,1335,
538787,"Goenka Business & Finance Limi",X,STK,10.1,11,9.51,10.3,10.15,10.39,143,33805,338478,
538788,"Gilada Finance & Investments L",XT,STK,13.9,13.9,12.85,13.58,13.61,13.43,42,9911,130604,
538795,"Shree Ajit Pulp And Paper Ltd.",X,STK,245.15,257.5,241.65,246.55,252.95,245.15,70,3694,932390,
538812,"Aanchal Ispat Limited",XT,STK,18.25,18.25,18.25,18.25,18.25,17.39,6,41,748,
538817,"Captain Pipes Limited",B,STK,10.52,10.83,10.5,10.52,10.51,10.64,287,42496,451627,
538833,"KAIZEN AGRO INFRABUILD LIMITED",X,STK,11.09,11.47,11.09,11.1,11.1,11.07,15,10067,114093,
538834,"JMJ Fintech Limited",X,STK,14.12,14.48,13.25,14.27,14.48,14.12,78,14344,199576,
538835,"INTELLECT DESIGN ARENA LIMITED",A,STK,679.45,692.4,662.6,685,686,680.2,1191,24271,16530297,
538836,"Monte Carlo Fashions Limited",B,STK,570.75,583,570.75,576.45,577,582.4,25,222,128147,
538837,"Jeevan Scientific Technology L",XT,STK,68,72.4,68,70.23,70.05,69,95,21512,1518922,
538838,"Indo Cotspin Limited",X,STK,27.82,27.82,25.35,27.69,27.69,27.82,4,8,219,
538857,"Scintilla Commercial & Credit",XT,STK,11.25,12.43,11.25,12.39,11.3,11.84,32,5369,63940,
538860,"PANAFIC INDUSTRIALS LTD",X,STK,0.66,0.68,0.66,0.68,0.68,0.7,49,37797,25273,
538862,"My Money Securities Ltd.",X,STK,38,40,36.15,37.75,37.95,37.09,36,2004,74631,
538868,"Continental Securities Limited",X,STK,16.5,16.5,15.23,15.75,15.8,15.74,94,63197,996162,
538874,"NEXUS SURGICAL AND MEDICARE LI",X,STK,17.11,17.11,17,17.11,17.11,17.11,9,607,10385,
538875,"SELLWIN TRADERS LIMITED",XT,STK,7.9,8.14,7.8,7.91,7.95,8.07,343,745203,5889187,
538881,"Galada Finance Limited",XT,STK,30.34,31.9,30.34,30.38,31.9,31.93,3,102,3097,
538882,"Emerald Finance Limited",X,STK,64.6,64.6,62,62.73,62.73,63.05,315,26372,1665090,
538890,"M. K. Exim (India) Ltd.",X,STK,49.94,49.94,47.5,48.56,48.6,49.22,91,18143,873336,
538891,"MAGELLANIC CLOUD LIMITED",B,STK,26.38,28.5,26.38,27.81,27.81,27.55,1200,346722,9742921,
538895,"Mihika Industries Ltd.",X,STK,13.98,13.98,12,12.16,12.39,12.81,23,2311,28224,
538896,"Kanchi Karpooram Ltd.",X,STK,339.5,343.8,337.1,338,338.1,344.85,40,667,225946,
538897,"Shri Niwas Leasing and Finance",XT,STK,11.25,11.25,11.25,11.25,11.25,11.25,1,1,11,
538902,"Dhunseri Tea & Industries Ltd",B,STK,145,147,144.9,145.95,146,142.35,43,260,37966,
538918,"Vani Commercials Limited",X,STK,9.72,9.72,9.01,9.58,9.58,9.23,18,10210,95360,
538919,"SKYLINE VENTURES INDIA LIMITED",X,STK,25.42,25.42,25.42,25.42,25.42,24.92,1,2,50,
538920,"VINTAGE COFFEE AND BEVERAGES L",B,STK,143,145.95,142,145.45,144.5,144.3,288,17912,2592832,
538922,"COSYN Limited",X,STK,23,25.49,22.99,23.67,23.67,24.28,39,2843,65845,
538923,"SOFCOM SYSTEMS LIMITED",X,STK,27,27.98,25.3,26.93,27,26.91,255,118897,3164935,
538926,"Naturite Agro Products Limited",X,STK,218.45,218.45,198,214.9,214.9,213.15,6,90,18006,
538928,"Karnavati Finance Limited",X,STK,1.42,1.42,1.42,1.42,1.42,1.36,19,14638,20785,
538942,"Mercantile Ventures Limited",X,STK,25.5,26.5,24.32,25.13,25.13,24.69,78,3798,99117,
538943,"Sonal Mercantile Limited",XT,STK,100,100.1,100,100.05,100,100.05,11,530,53013,
538952,"Abhinav Leasing & Finance Limi",X,STK,1.19,1.19,1.09,1.19,1.19,1.19,20,31156,37057,
538961,"GENUS PAPER & BOARDS LIMITED",B,STK,12.86,13,12.85,12.86,12.86,13.05,17,481,6205,
538962,"Minda Corporation Limited",A,STK,597.35,597.35,578.1,594.65,595,597.45,925,14662,8591307,
538965,"Concord Drugs Limited",X,STK,88,88,82.44,85.43,83.77,85.11,58,13488,1151160,
538970,"WARDWIZARD INNOVATIONS AND MOB",X,STK,7.15,7.28,6.98,7.13,7.13,7.32,1454,468272,3329134,
538975,"Shree Securities Ltd.",Z,STK,0.21,0.21,0.2,0.21,0.21,0.21,193,1173051,239759,
538979,"Greenlam Industries Ltd",B,STK,249.65,249.65,243.35,244.5,244,248.95,40,153,37641,
538987,"TALBROS ENGINEERING LIMITED",X,STK,713.3,713.3,655.05,668.6,668.6,688.55,138,2655,1797181,
538992,"Sar  Auto Products Limited",X,STK,1992,1992,1992,1992,1992,1992.65,1,5,9960,
539006,"PTC Industries Ltd.",A,STK,18623.95,18623.95,17654.55,17988.15,18119,18377.35,387,1029,18390891,
539011,"CHENNAI FERROUS INDUSTRIES LIM",X,STK,95.5,95.5,92,95.15,95.15,94.14,17,215,20271,
539013,"GITA RENEWABLE ENERGY LIMITED",X,STK,78.16,80.16,75.11,77.33,78.15,78.16,29,357,27482,
539014,"Kalpa Commercial Limited",XT,STK,9.05,9.05,8.81,9.05,9.05,8.62,28,12584,113532,
539015,"Ortel Communications Limited",Z,STK,1.53,1.53,1.43,1.44,1.44,1.5,12,9314,13425,
539016,"Neil Industries Ltd.",X,STK,7.24,7.53,6.55,7.49,7.49,7.13,49,6627,48279,
539017,"STAR HOUSING FINANCE LIMITED",X,STK,9.4,9.4,8.57,8.59,8.59,9.02,334,106590,924412,
539018,"Beekay Steel Industries Ltd.",X,STK,418,428.45,416.05,421.1,421.85,422.5,116,5625,2360584,
539031,"SBI Mutual Fund",A,STK,295.8,296.47,295.68,296.47,296.47,295.28,11,265,78406,
539032,"Fraser And Company Limited",XT,STK,9.32,9.74,9.32,9.71,9.72,9.32,50,19067,182383,
539040,"TIRUPATI INNOVAR LIMITED",X,STK,7.29,7.29,6.53,6.99,7.02,7.16,248,41298,284938,
539041,"GANESHA ECOVERSE LIMITED",M,STK,26.09,27.6,26.09,26.76,26.76,27.49,7,8750,236275,
539042,"AGI Infra Limited",B,STK,240,268.1,230.6,247.75,247.9,238.45,3186,208929,51426168,
539044,"Manaksia Steels Limited",B,STK,60.07,60.08,59.95,59.95,59.95,60.77,40,556,33403,
539045,"Manaksia Aluminium Company Ltd",T,STK,29.5,29.89,28.65,28.65,28.65,30.15,101,24777,714493,
539046,"Manaksia Coated Metals & Indus",B,STK,120.95,120.95,117,117.95,118.2,118.9,58,2071,244879,
539056,"IMAGICAAWORLD ENTERTAINMENT LI",B,STK,47.5,47.98,46.78,46.92,46.87,48.09,176,11372,536992,
539083,"Inox Wind Limited",A,STK,106.4,106.4,97.5,101.15,101.15,106.4,16959,2183758,220981609,
539090,"Rajputana Investment and Finan",X,STK,38,38,35,36.5,36.5,35,4,23,847,
539091,"Consecutive Commodities Limite",X,STK,0.91,0.92,0.85,0.89,0.9,0.91,285,196293,174735,
539096,"Aananda Lakshmi Spinning Mills",XT,STK,13.07,13.07,12.43,12.43,12.43,13.07,8,182,2272,
539097,"UR SUGAR INDUSTRIES LIMITED",B,STK,3.16,3.16,2.92,3.03,3.04,2.92,79,26725,80362,
539098,"Filtra Consultants and Enginee",M,STK,66,66,65,65,65,62.55,2,4000,262000,
539111,"SHESHADRI INDUSTRIES LIMITED",X,STK,17.05,17.25,16.99,16.99,16.99,16.7,11,546,9289,
539113,"Paul Merchants Ltd.",X,STK,545.5,570,540.1,546.8,546.8,562,113,1226,671224,
539115,"ALAN SCOTT ENTERPRISES LIMITED",XT,STK,265.45,275,265.45,266,266,279.4,48,3601,957755,
539117,"Sujala Trading & Holding Ltd.",X,STK,58,62,55.8,56.19,56,59.42,660,74944,4300885,
539118,"VRL Logistics Limited",B,STK,304.65,304.65,282.85,285.3,284.1,291.1,1390,27168,7786449,
539120,"GRAMEVA LIMITED",X,STK,64.64,67.2,64.64,66.9,66.9,64,12,1938,129912,
539121,"Palco Metals Limited",X,STK,122.1,126.5,121.1,123.3,124.5,119.45,35,3755,458147,
539122,"Bodhtree Consulting Limited",XT,STK,24.65,25.19,24.01,24.95,24.95,25.15,14,2261,54599,
539123,"V B INDUSTRIES LIMITED",X,STK,6.88,6.88,6.16,6.4,6.4,6.69,35,64625,428146,
539124,"Survottam Finvest Ltd.",X,STK,23.5,23.5,19.73,20.04,21.48,21.29,38,3272,69998,
539126,"MEP Infrastructure Developers",Z,STK,1.2,1.22,1.2,1.2,1.2,1.22,27,14959,18096,
539132,"Wardwizard Foods and Beverages",X,STK,9,9.34,8.65,8.72,8.65,9.1,305,375167,3278121,
539141,"UFO Moviez India Limited",B,STK,73.17,73.72,72.42,72.85,72.85,73.19,27,1588,115852,
539143,"PANTH INFINITY LIMITED",X,STK,8.89,9,8.11,8.24,8.34,8.89,230,109231,921388,
539148,"Shivalik Rasayan Ltd.",B,STK,275.6,284.2,265.35,272.3,269.15,278.05,127,1836,501009,
539149,"Integrated Capital Services Lt",XT,STK,3.55,3.55,3.53,3.53,3.53,3.71,10,2676,9461,
539150,"PNC Infratech Limited",A,STK,213,218.1,210.6,216.75,214.5,215.4,378,27617,5919415,
539151,"Arfin India Limited",B,STK,75,75,71.17,72.24,72.31,73.73,222,17434,1254747,
539167,"Virat Leasing Limited",X,STK,23.17,23.17,23.17,23.17,23.17,22.07,2,59,1367,
539174,"Helpage Finlease Ltd.",X,STK,23.95,23.95,21,21.96,22,21.25,8,181,3925,
539175,"BLUEGOD ENTERTAINMENT LIMITED",XT,STK,4.06,4.47,4.06,4.45,4.45,4.27,539,2932799,12542594,
539176,"Hawa Engineers ltd.",X,STK,84.99,84.99,79,79.65,79,80.38,19,751,60646,
539177,"Authum Investment & Infrastruc",A,STK,484.15,503.2,479.6,500.5,500.75,485.85,1003,18520,9086352,
539189,"Adhbhut Infrastructure Ltd.",X,STK,14.5,15.83,13.69,14.06,14.06,14.5,13,360,5508,
539190,"Decillion Finance Ltd.",XT,STK,44,44.23,44,44.22,44.22,44,6,325,14371,
539195,"POCL ENTERPRISES LTD",X,STK,165.05,171.25,163.5,168.65,167,171.9,371,31615,5270299,
539196,"Amba Enterprises Ltd.",X,STK,143.8,146.8,140.45,143.4,143.5,143.8,61,5051,716956,
539198,"Capfin India Limited",XT,STK,124,124,123.25,123.25,123.25,129.7,3,51,6323,
539199,"SG FINSERVE LIMITED",B,STK,409.8,412.7,402.4,408.65,408.65,405.85,666,15498,6319134,
539201,"SATIA INDUSTRIES LIMITED",B,STK,70,70.43,67,67.46,67.43,67.75,159,11517,786789,
539206,"GENOMIC VALLEY BIOTECH LIMITED",X,STK,22.3,28.88,22.3,26.5,26.5,26,8,237,5487,
539216,"GARMENT MANTRA LIFESTYLE LIMIT",X,STK,1.66,1.9,1.4,1.87,1.87,1.66,1306,4245271,7226669,
539217,"Srestha Finvest Limited",X,STK,0.29,0.3,0.28,0.28,0.29,0.29,558,3865840,1112840,
539218,"Saumya Consultants Ltd.",X,STK,151.95,151.95,151.95,151.95,151.95,159.9,1,1,151,
539219,"MAURIA UDYOG LIMITED",X,STK,10.69,10.69,9.5,10.01,10.2,10.76,307,165756,1671370,
539220,"Mishka Exim Limited",XT,STK,41,41,41,41,41,41.02,6,523,21443,
539221,"Sportking India Ltd.",B,STK,109.22,111.17,108.7,110.22,110.46,108.96,141,9151,1010188,
539222,"GROWINGTON VENTURES INDIA LIMI",B,STK,0.68,0.74,0.68,0.72,0.72,0.71,935,4014194,2857562,
539224,"HCKK Ventures Limited",XT,STK,33.76,34.75,33.1,34.73,34.73,33.1,9,167,5697,
539226,"RUDRA GLOBAL INFRA PRODUCTS LI",B,STK,18.22,19.32,18.22,18.58,18.58,18.69,48,4704,87371,
539227,"Loyal Equipments Limited",X,STK,167.05,174.4,164.7,168.15,168,178,205,12019,2026323,
539228,"Gala Global Products Limited",Z,STK,1.64,1.64,1.52,1.58,1.58,1.6,69,23829,37156,
539251,"Balkrishna Paper Mills Ltd.",B,STK,16.15,16.15,16.15,16.15,16.15,16.15,9,1221,19719,
539252,"Shyam Century Ferrous Limited",T,STK,5.42,5.65,5.38,5.43,5.38,5.65,28,9301,50265,
539254,"Adani Energy Solutions Limited",A,STK,965.15,1007.35,965.15,1004,1004,987.7,1671,18340,18211607,
539255,"STAR DELTA TRANSFORMERS LIMITE",X,STK,471,498.8,470,487.9,498.8,482.65,138,2944,1432009,
539267,"SAMSRITA LABS LIMITED",X,STK,19.34,19.34,18,18.8,18.8,19.2,8,28,526,
539268,"Syngene International Limited",A,STK,458.35,458.35,432.85,435,435,434.55,1131,27334,12056677,
539275,"Mangalam Seeds Limited",X,STK,140,140,131,132.45,132,137.3,26,1235,164225,
539276,"Kaya Limited",B,STK,319.9,320.6,313,313.15,313.15,316.45,13,35,11101,
539277,"Alstone Textiles (India) Ltd",X,STK,0.16,0.17,0.15,0.15,0.15,0.16,8668,149855230,22838174,
539278,"Symbiox Investment & Trading C",X,STK,1.92,1.92,1.88,1.88,1.88,1.93,14,4162,7829,
539287,"ORTIN GLOBAL LIMITED",T,STK,15.71,15.71,15.71,15.71,15.71,14.97,1,100,1571,
539288,"Avi Polymers Ltd.",XT,STK,12.88,12.88,12.88,12.88,12.88,12.27,11,2888,37197,
539289,"Aurum PropTech Limited",B,STK,171.55,173.4,170.5,172.35,171.5,173.2,50,1714,295527,
539290,"Oswal Greentech Limited",B,STK,27.17,28.56,27.17,27.97,27.3,28.93,239,12117,338710,
539291,"Vasudhagama Enterprises Limite",Z,STK,2.07,2.07,2.07,2.07,2.07,2.17,72,324610,671942,
539300,"SUNRAKSHAKK INDUSTRIES INDIA L",X,STK,263,268,260,261.6,261.2,259.75,245,18147,4767617,
539301,"Arvind SmartSpaces Limited",B,STK,550.1,551,532.35,542.45,540.75,556.05,115,7251,3980313,
539302,"Power Mech Projects Limited",A,STK,2124.95,2124.95,2066.85,2099.95,2080.5,2097.7,246,1261,2633576,
539309,"Rama Steel Tubes Limited",B,STK,7.36,7.46,7.25,7.28,7.31,7.42,764,437154,3198720,
539310,"THINKINK PICTUREZ LIMITED",X,STK,0.21,0.22,0.2,0.2,0.2,0.21,408,5979536,1250592,
539312,"UTI BSE Sensex ETF",A,STK,900.9,917.99,900.9,916.98,916.98,910.67,12,63,57448,
539313,"UTI Mutual Fund",B,STK,280.89,283.54,280.22,283.54,283.54,281.52,30,1320,371132,
539314,"Universal Autofoundry Limited",B,STK,62.59,62.59,59.98,60,60,60.21,27,7909,476583,
539331,"VETO SWITCHGEARS AND CABLES LI",B,STK,105.5,109.93,103,103.43,103,102.12,258,13754,1458684,
539332,"Navkar Corporation Limited",B,STK,97.01,97.25,96.15,96.62,96.15,97.66,244,7182,694946,
539334,"Shree Pushkar Chemicals & Fert",B,STK,371.75,371.75,350.05,352.45,353.7,364.45,298,5211,1863125,
539335,"CHPL Industries Ltd.",XT,STK,173,173,170.6,172.7,172.7,173.95,35,39197,6780664,
539336,"Gujarat Gas Limited",A,STK,422.35,429.7,413.5,418,418,424.25,401,9175,3859288,
539337,"WAAREE TECHNOLOGIES LIMITED",M,STK,180.25,182.85,175,178.3,178,177.65,38,7525,1342092,
539346,"Sadbhav Infrastructure Project",B,STK,3.98,3.98,3.61,3.61,3.61,3.8,98,71786,263394,
539353,"SAL AUTOMOTIVE LIMITED",X,STK,200,208,200,208,208,202,3,42,8445,
539354,"Polyspin Exports Ltd.",X,STK,35,35,32.29,32.6,32.6,34.11,10,241,8043,
539359,"Pritika Auto Industries Limite",B,STK,13.41,14.54,13.41,14.06,14.34,13.63,128,15722,222726,
539378,"Soni Medicare Limited",X,STK,81,81,81,81,81,82.07,3,750,60750,
539383,"Mahaveer Infoway Limited",Z,STK,8.27,8.27,8.27,8.27,8.27,7.88,1,25,206,
539384,"Krishna Capital And Securities",XT,STK,26.06,26.06,26.06,26.06,26.06,25.55,1,10,260,
539391,"Acme Resources Limited",Z,STK,33,34.42,31.16,34.42,34.42,32.79,17,2939,91715,
539398,"Vishal Bearings Limited",B,STK,60.01,62,60.01,62,62,61.07,26,329,19991,
539399,"Bella Casa Fashion & Retail Li",B,STK,315.75,315.75,303.1,303.25,303.25,310,49,2812,875564,
539400,"MALLCOM (INDIA) LTD.",B,STK,1142,1158,1120.3,1134.5,1134.5,1180.15,48,1033,1166390,
539402,"Naksh Precious Metals Limited",B,STK,5.8,6.09,5.8,6.09,6.09,6.1,17,13261,77638,
539404,"SATIN CREDITCARE NETWORK LIMIT",B,STK,152.9,154.4,149.85,151.55,151.55,154.1,83,2190,331089,
539405,"Decorous Investment and Tradin",XT,STK,14.22,14.22,13.01,14.2,14.2,13.55,24,13408,189762,
539406,"Swagatam Trading & Services Li",XT,STK,67.37,67.37,67.37,67.37,67.37,66.71,1,10,673,
539407,"Generic Engineering Constructi",B,STK,52.57,52.6,52,52.11,52,51.92,82,10243,537337,
539408,"Kuber Udyog Limited",X,STK,11.51,12.66,11.51,12.66,12.66,11.51,16,24097,281785,
539409,"NEERAJ PAPER MARKETING LIMITED",X,STK,17.4,17.4,17,17,17,17.4,4,500,8500,
539428,"Tejnaksh Healthcare Limited",X,STK,14.35,14.69,14.15,14.17,14.2,14.31,21,6473,92599,
539436,"Coffee Day Enterprises Limited",B,STK,34.06,34.61,33.18,34.15,34.15,33.23,1583,168255,5695559,
539437,"IDFC FIRST BANK LIMITED",A,STK,81.19,83.13,80.94,82.94,82.94,81.4,4239,456348,37485259,
539448,"InterGlobe Aviation Limited",A,STK,4929.65,4975.4,4904.3,4942.35,4942.35,4929.85,2049,12675,62605173,
539449,"IGC Industries Limited",X,STK,2.45,2.45,2.36,2.39,2.39,2.39,102,48434,116681,
539450,"S H Kelkar and Company Limited",B,STK,166.95,166.95,162.05,164.5,164.65,167.1,241,12049,1974715,
539455,"ARYAVAN ENTERPRISE LIMITED",X,STK,56.9,59.95,56.5,57.82,57.82,58.28,70,23357,1344389,
539468,"Typhoon Financial Services Lim",XT,STK,41.08,41.08,41.08,41.08,41.08,43.24,1,1,41,
539469,"PANORAMA STUDIOS INTERNATIONAL",B,STK,45.11,46.9,43.34,44.46,45.5,45.1,206,18378,828516,
539470,"Shree Ganesh Biotech (India) L",X,STK,0.65,0.65,0.64,0.64,0.64,0.64,354,216535,139555,
539479,"GTV Engineering Limited",X,STK,59.68,62,58,59.12,59.13,58.63,313,98000,5774538,
539480,"LIC MF EXHGE TRADED FUND-NIFTY",B,STK,287.78,287.78,284.28,284.28,284.28,287.78,3,26,7394,
539486,"Geetanjali Credit And Capital",XT,STK,5.88,6.19,5.62,5.64,5.64,5.9,20,8376,49378,
539487,"LIC MF EXCHNG TRADED FUND-SENS",A,STK,929,929,929,929,929,938.25,1,1,929,
539492,"Garbi Finvest Limited",X,STK,12.9,12.9,12.75,12.75,12.75,12.89,15,2320,29667,
539494,"Smart Finsec Limited",X,STK,8.03,8.5,7.93,8.01,8,8.03,59,5095,41174,
539495,"Rajkot Investment Trust Limite",XT,STK,40.05,40.05,40,40,40,40,2,125,5005,
539506,"Adcon Capital Services Limited",XT,STK,0.51,0.51,0.48,0.48,0.48,0.5,367,1153726,555177,
539515,"Quint Digital Limited",X,STK,44,44.5,39,39.47,39.1,43.52,118,15629,647943,
539516,"HDFC Mutual Fund",B,STK,285.5,288,284.37,287.66,288,285.81,641,2741,785365,
539517,"HDFC Mutual Fund",A,STK,93.41,94.34,93.03,93.8,93.8,93.25,120,15670,1468253,
539518,"Uday Jewellery Industries Limi",X,STK,125.95,127.45,123,123.45,123,125.95,82,3837,474898,
539519,"SATTVA SUKUN LIFECARE LIMITED",X,STK,0.75,0.77,0.74,0.75,0.75,0.75,270,1097257,823363,
539522,"Grovy India Limited",X,STK,41.98,43.3,40.01,42,42,41.57,20,517,21114,
539523,"Alkem Laboratories Limited",A,STK,5429.2,5538.35,5384.5,5480.3,5475.55,5401.55,639,103601,568264910,
539524,"Dr. Lal Pathlabs Limited",A,STK,1399.8,1448.35,1396.1,1422.3,1417.6,1399.7,946,11058,15815184,
539526,"Suncare Traders Limited",X,STK,0.67,0.67,0.65,0.67,0.67,0.66,158,81584,54226,
539527,"Creative Castings Limited",X,STK,608,615,581.5,584.1,581.5,609,14,545,332998,
539528,"AAYUSH WELLNESS LIMITED",XT,STK,34.02,34.98,32.98,33.64,33.64,34.71,986,174191,5814277,
539533,"ELITECON INTERNATIONAL LIMITED",T,STK,68.41,70.99,68.36,68.99,68.99,71.95,3531,467692,32253319,
539542,"LUX Industries Limited",B,STK,970.3,970.3,926.6,951.55,947.3,977.95,128,755,709626,
539544,"Abhishek Infraventures Limited",X,STK,6.81,6.81,6.47,6.47,6.47,6.81,4,240,1600,
539546,"AGRIBIO SPIRITS LIMITED",X,STK,234.05,238.75,234,236.4,235.5,233.25,33,12172,2865835,
539551,"Narayana Hrudayalaya Limited",A,STK,1790,1842.85,1771.8,1836.65,1829.75,1820.9,4861,47815,86945711,
539552,"F MEC INTERNATIONAL FINANCIAL",X,STK,108,111.4,104.01,105.51,107,108.39,39,7569,819535,
539559,"Deep Diamond India Limited",X,STK,3.49,3.78,3.46,3.78,3.78,3.6,5175,9024684,33868980,
539561,"SUPHA PHARMACHEM LIMITED",X,STK,0.91,0.92,0.9,0.9,0.9,0.91,547,1650311,1491479,
539562,"AARNAV FASHIONS LIMITED",X,STK,27.77,28.71,27.5,27.53,27.5,27.81,80,5948,164075,
539574,"Sunshine Capital Ltd.",X,STK,0.23,0.23,0.22,0.23,0.23,0.23,2045,11716432,2627378,
539584,"SHARANAM INFRAPROJECT AND TRAD",Z,STK,0.26,0.26,0.25,0.25,0.26,0.26,250,1407659,357321,
539593,"Shivansh Finserv Limited",X,STK,8.05,8.05,7.02,7.03,7.03,7.8,55,39956,288746,
539594,"Mishtann Foods Limited",X,STK,4.58,4.66,4.4,4.47,4.47,4.56,2258,1137252,5095489,
539596,"Delta Industrial Resources Lim",X,STK,14.99,14.99,14.33,14.96,14.35,14.96,23,744,10909,
539598,"CREDENT GLOBAL FINANCE LIMITED",X,STK,31.2,31.2,29.3,29.59,29.41,29.51,104,71736,2166794,
539599,"Kotia Enterprises Limited",X,STK,30.7,30.7,27.95,27.95,27.95,29.4,11,246,6967,
539607,"Blue Cloud Softech Solutions L",B,STK,24.89,24.89,23,23.23,23.23,23.77,5264,1861110,44452690,
539620,"KANORIA ENERGY & INFRASTRUCTUR",X,STK,17.11,17.11,16.45,16.46,16.45,16.95,23,257,4285,
539621,"BCL Enterprises Limited",XT,STK,0.59,0.59,0.55,0.55,0.55,0.57,154,489129,280059,
539636,"Precision Camshafts Limited",B,STK,152.55,154.4,151,151.1,151.1,153.85,234,9492,1450530,
539658,"TeamLease Services Limited",B,STK,1350,1363.5,1333.1,1341.3,1334.6,1357.65,135,790,1058672,
539659,"VIKRAM KAMATS HOSPITALITY LIMI",B,STK,54.2,57.38,54.2,57.38,57.38,56.13,9,1890,104102,
539660,"BEST AGROLIFE LIMITED",T,STK,18.5,18.98,18.42,18.49,18.53,18.86,164,29122,543335,
539661,"ACE MEN ENGG WORKS LIMITED",X,STK,100,101,100,101,101,100,6,7,702,
539662,"BFL Asset Finvest Limited",X,STK,9.9,9.9,9.56,9.74,9.74,10.08,50,18585,180613,
539669,"RGF Capital Markets Limited",XT,STK,0.72,0.72,0.7,0.72,0.72,0.69,91,14019293,10093869,
539673,"Radhagobind Commercial Limited",Z,STK,2.92,2.92,2.92,2.92,2.92,2.79,27,71159,207784,
539678,"Quick Heal Technologies Limite",B,STK,173.95,177.55,173.65,174.5,174.5,175.75,148,1530,268508,
539679,"Kapil Raj Finance Ltd.",X,STK,2.42,2.53,2.42,2.45,2.48,2.47,140,50984,125238,
539682,"Mobavenue AI Tech Limited",B,STK,1485,1485,1360,1364.15,1360,1434.35,509,8750,12244781,
539686,"K.P. Energy Limited",B,STK,298.05,305.5,298.05,300.7,300,303.8,234,5750,1736481,
539692,"INTERACTIVE FINANCIAL SERVICES",X,STK,17.65,17.65,15.25,16.43,16.43,16.45,55,6535,109171,
539697,"HILIKS TECHNOLOGIES LIMITED",XT,STK,48.18,48.18,48.18,48.18,48.18,49.16,10,866,41723,
539724,"HYPERSOFT TECHNOLOGIES LIMITED",XT,STK,77.52,77.52,77.52,77.52,77.52,81.6,70,13888,1076597,
539725,"Gokul Agro Resources Ltd",B,STK,167,167.05,162.6,163.35,162.95,168.9,202,5507,908309,
539730,"Fredun Pharmaceuticals Limited",X,STK,1806,1806,1699.95,1744.9,1744.9,1818.05,639,10376,18190631,
539742,"Simbhaoli Sugars Ltd",Z,STK,9,9,8.68,8.79,8.79,9,20,4746,41408,
539760,"Relicab Cable Manufacturing Li",T,STK,40.8,40.8,39.21,39.21,39.21,39.21,18,1285,50614,
539761,"Vantage Knowledge Academy Limi",XT,STK,1.14,1.16,1.13,1.16,1.16,1.11,749,1228650,1420145,
539762,"MODERN ENGINEERING AND PROJECT",X,STK,42,42,36.01,37.81,37.81,37.58,393,101455,3950337,
539767,"Mega Nirman & Industries Limit",XT,STK,38.3,42.3,38.3,42.07,42.3,40.31,26,3013,121672,
539770,"DARJEELING INDUSTRIIES LIMITED",XT,STK,29.64,29.64,29.64,29.64,29.64,31.2,3,34,1007,
539773,"Advik Capital Limited",X,STK,1.49,1.52,1.46,1.51,1.52,1.49,332,496260,739477,
539784,"LIC MF EXHNGE TRADED FUND NIFT",B,STK,285.84,287.02,284.7,285.91,285.91,285.76,5,77,21954,
539785,"Pudumjee Paper Products Limite",B,STK,83.19,83.34,82.19,82.63,82.35,82.42,38,803,66512,
539787,"HealthCare Global Enterprises",A,STK,599.85,599.85,579.35,584.4,584.9,581.75,368,4107,2404810,
539798,"Umiya Tubes Limited",XT,STK,33.56,33.56,32.21,32.96,32.97,33.9,52,51553,1662707,
539799,"Bharat Wire Ropes Limited",B,STK,172,176,172,175.55,175.5,176,76,1607,279489,
539800,"CHD Chemicals Limited",X,STK,5.05,5.3,5.05,5.1,5.1,5.15,19,23860,122794,
539807,"AvenuesAI Limited",A,STK,18.88,18.9,18.33,18.61,18.4,18.9,1212,385216,7176995,
539814,"LE LAVOIR LIMITED",XT,STK,215.95,215.95,196.55,204.85,205.85,206.85,22,2007,396865,
539819,"Mudra Financial Services Ltd.",X,STK,4.3,4.3,4.3,4.3,4.3,4.1,1,246,1057,
539834,"Balgopal Commercial limited",X,STK,200.2,200.2,185,185,185,182.05,11,292,55161,
539835,"Superior Finlease Limited",X,STK,1.61,1.76,1.61,1.74,1.74,1.49,48,109687,181350,
539837,"RAGHAV PRODUCTIVITY ENHANCERS",B,STK,730,738,720.25,728.05,728.05,734.65,88,1015,740953,
539841,"Lancer Container Lines Limited",XT,STK,10.78,10.78,10.28,10.51,10.51,10.82,804,254806,2670868,
539843,"NINtec Systems Limited",B,STK,311,331,311,321.35,321.3,340.85,122,865,277520,
539854,"Halder Venture Limited",T,STK,268,268,255.05,265,265,268,15,295,76005,
539861,"SKIL Infrastructure Limited",Z,STK,1.2,1.2,1.16,1.17,1.16,1.22,12,11142,13139,
539871,"Thyrocare Technologies Limited",B,STK,402.25,410.8,400,406.7,407.35,403.3,235,4767,1931125,
539872,"Bajaj Healthcare Limited",B,STK,345.5,363.25,345.5,359.2,359.5,357.1,123,1726,617460,
539875,"RSD Finance Limited",X,STK,122,122,93.2,98.47,99.99,106.45,649,48965,5412450,
539876,"Crompton Greaves Consumer Elec",A,STK,269.3,274,265.4,272.6,274,267.4,2192,97893,26405769,
539883,"Pilani Investment And Industri",B,STK,4570,4599,4520,4522.75,4520,4573.85,17,72,328386,
539884,"Darshan Orna Limited",X,STK,2.57,2.6,2.5,2.51,2.5,2.54,123,36081,91641,
539889,"Parag Milk Foods Limited",B,STK,221.15,225.45,215.2,215.6,215.6,222.15,725,24072,5263810,
539894,"Madhav Infra Projects Limited",X,STK,9.51,9.51,8.83,9.03,9.03,9.87,1220,635652,5778552,
539895,"SPICE LOUNGE FOOD WORKS LIMITE",XT,STK,36.6,40.44,36.6,38.99,39,38.52,575,84559,3283096,
539900,"DALMIA INDUSTRIAL DEVELOPMENT",XT,STK,9.19,9.64,9.19,9.6,9.6,9.19,8,442,4102,
539917,"NAGARJUNA FERTILIZERS AND CHEM",B,STK,4.68,4.9,4.59,4.7,4.71,4.59,46,47638,227505,
539921,"Shanti Educational Initiatives",X,STK,171.95,179,161,178.8,178.8,171.25,774,370353,64725354,
539938,"Medico Intercontinental Limite",XT,STK,37.37,37.37,37.19,37.19,37.19,37.19,3,52,1934,
539939,"Yash Chemex Limited",X,STK,66.99,66.99,61.25,62.36,64,61.41,14,481,30425,
539945,"ICICI Prudential NV20 ETF",B,STK,14.85,14.93,14.8,14.9,14.93,15.04,97,10637,158244,
539946,"Bazel International Limited",X,STK,69.7,73.58,69.15,72.43,72.5,65.86,869,50855,3664686,
539947,"JINDAL LEASEFIN LIMITED",XT,STK,37.76,40.45,37.76,40.45,40.45,38.53,4,65,2626,
539956,"TAAL TECH LIMITED",X,STK,3000,3034.85,2900,2967.85,2988.95,3046.4,111,421,1252341,
539957,"Mahanagar Gas Limited",A,STK,1094.35,1110,1094.35,1103.5,1103.5,1108.3,648,8642,9541432,
539963,"Zeal Aqua Limited",X,STK,16.8,17.8,16.01,16.46,16.46,16.68,3093,1507258,25719459,
539978,"Quess Corp Limited",A,STK,202.8,208,202.5,206.7,206.45,205.4,99,4660,962192,
539979,"DIGJAM LIMITED",B,STK,48.75,49.78,48.16,48.18,48.18,49.04,8,2649,128148,
539980,"ICICI Prudential BSE Midcap Se",B,STK,17.75,18.1,17.75,18.1,18.1,17.92,28,1107,19913,
539982,"Advance Syntex Limited",XT,STK,4.7,4.73,4.51,4.73,4.73,4.51,16,5212,24342,
539984,"HINDUSTHAN URBAN INFRASTRUCTUR",X,STK,2353.5,2353.5,2353.5,2353.5,2353.5,1961.25,179,6855,16133242,
539986,"Commercial Syn Bags Limited",B,STK,187,190,182.5,187.65,187.9,182.3,334,18489,3494920,
539991,"CONFIDENCE FUTURISTIC ENERGETE",X,STK,35.9,35.9,33.32,33.51,33.51,35.46,63,6324,217455,
539992,"LLOYDS ENGINEERING WORKS LIMIT",A,STK,52.09,53.15,50.99,51.35,51.35,53.13,1054,158716,8270582,
539997,"Kwality Pharmaceuticals Limite",B,STK,1441,1572,1350,1421.25,1421.25,1431.2,4826,106746,157667850,
540005,"LTIMindtree Limited",A,STK,5026.15,5144,5026.15,5119.35,5128.05,5115.25,2142,18877,96336707,
540006,"EAST WEST FREIGHT CARRIERS LTD",X,STK,3.42,3.48,3.15,3.22,3.22,3.54,282,168292,546430,
540008,"Aditya Birla Sun Life BSE Sens",A,STK,81.14,83.76,81.14,83.22,83.22,82.8,35,374,30975,
540023,"COLORCHIPS NEW MEDIA LIMITED",XT,STK,13.4,13.88,12.73,12.99,12.99,13.4,66,14088,182303,
540025,"Advanced Enzyme Technologies L",B,STK,297.2,300.9,293.9,296.45,300.9,300.45,178,3810,1125752,
540026,"Ladam Affortable Housing Limit",X,STK,7.19,7.19,6.45,7.08,7.08,7.19,11,45,313,
540047,"Dilip Buildcon Limited",A,STK,438.95,438.95,415.4,430.6,429.65,431.6,518,11725,4976203,
540048,"S.P. Apparels Limited",B,STK,755.5,756.3,727.2,731.5,731.5,757.65,268,2718,2012862,
540061,"Bigbloc Construction Limited",B,STK,55.68,55.68,53.7,53.94,53.99,55.68,132,5962,325468,
540062,"Golden Crest Education & Servi",X,STK,236.6,236.6,224.8,236,236,236.6,6,59,13387,
540063,"ECS Biztech Limited",X,STK,8.94,8.94,8.1,8.94,8.94,8.52,49,79359,687381,
540065,"RBL Bank Limited",A,STK,313.3,315.1,310.1,314.25,314.25,314.7,1493,118957,37152842,
540073,"BLS International Services Ltd",A,STK,269.6,286.2,266.8,283.8,283.8,269.65,3487,281398,78140119,
540078,"Mitsu Chem Plast Limited",X,STK,112.15,117.99,112.1,117.17,117,115.14,75,5093,579682,
540079,"Sprayking Limited",B,STK,1.75,1.75,1.71,1.72,1.72,1.79,371,492447,850447,
540080,"Dhatre Udyog Limited",X,STK,5.03,5.03,4.41,4.83,4.75,5.01,442,146098,686005,
540081,"Sab Events & Governance Now Me",T,STK,15.92,15.92,15.92,15.92,15.92,15.61,2,1010,16079,
540083,"TV VISION LIMITED",T,STK,6.17,6.3,6.13,6.3,6.3,6.17,9,973,6090,
540097,"GAMCO LIMITED",X,STK,40.9,40.9,39,39.99,39.98,39.92,104,63234,2510798,
540108,"TIAAN CONSUMER LIMITED",Z,STK,6.7,6.7,6.08,6.48,6.48,6.39,18,15142,92154,
540115,"L&T Technology Services Limite",A,STK,3512.3,3614.95,3455.8,3530.55,3530.55,3512.35,2513,14980,52837349,
540124,"G N A Axles Limited",B,STK,432.05,444.85,424.85,428.95,427.55,431,915,7552,3254243,
540125,"Radhika Jeweltech Limited",B,STK,70.79,70.79,69.04,70.16,69.78,70.79,179,12811,894421,
540132,"Sabrimala Industries India Lim",X,STK,16.99,16.99,13.28,13.82,13.82,14.88,55,64274,879343,
540133,"ICICI Prudential Life Insuranc",A,STK,637.25,643,633.6,641,643,644.25,697,12736,8136230,
540134,"ISHAAN INFRASTRUCTURE AND SHEL",XT,STK,9.41,9.41,9.37,9.37,9.37,9.37,4,210,1975,
540135,"ARC Finance Limited",X,STK,0.65,0.65,0.62,0.63,0.63,0.65,1021,2283930,1440984,
540136,"HPL Electric & Power Limited",B,STK,350.35,350.65,341,344.1,343.35,354,285,6277,2170944,
540143,"Sagarsoft (India) Limited",X,STK,92.15,94.87,88,89.03,90,92.03,32,619,55998,
540144,"DRA CONSULTANTS LIMITED",M,STK,14.05,14.15,14.05,14.15,14.15,14,2,5000,70500,
540145,"Valiant Organics Limited",B,STK,268,268,245,246.55,246.55,271.35,179,1679,421016,
540147,"Shashijit Infraprojects Limite",X,STK,3.38,3.54,3.32,3.49,3.5,3.34,19,3526,12220,
540150,"Mewar Hi-Tech Engineering Limi",MT,STK,49.93,54.98,49.93,54.98,54.98,52.55,2,1500,78682,
540153,"Endurance Technologies Limited",A,STK,2485.7,2553,2464.05,2486.65,2486.65,2485.4,1004,55632,137598043,
540154,"Bandhan Mutual Fund",A,STK,894.93,894.93,894.93,894.93,894.93,885.47,1,12,10739,
540159,"PURPLE AGROTECH INDUSTRIES LIM",X,STK,5.4,5.4,5.14,5.14,5.14,5.35,10,2897,14916,
540168,"Supra Pacific Financial Servic",X,STK,28.01,31,28.01,29.17,29.11,27.6,263,189973,5672866,
540173,"PNB Housing Finance Limited",A,STK,835.3,853.8,830.05,849.35,849.9,836.15,1233,219723,186258003,
540174,"SOUTHERN INFOCONSULTANTS LIMIT",X,STK,22,22.5,21,21.13,21.12,22.48,30,2124,45636,
540175,"REGENCY FINCORP LIMITED",X,STK,34.39,34.39,32.11,32.79,33.35,33.06,128,12216,405867,
540180,"Varun Beverages Limited",A,STK,446.55,458.8,445,455.65,455.65,449.35,4420,157293,71350760,
540181,"Salem Erode Investments Ltd.",X,STK,31.36,31.36,30,31.36,31.36,31.36,4,68,2123,
540189,"Unipro Technologies Limited",XT,STK,17.82,17.82,17.82,17.82,17.82,17.48,1,100,1782,
540190,"Franklin Industries Limited",X,STK,0.44,0.45,0.4,0.43,0.43,0.47,1911,8396913,3572991,
540192,"LKP Securities Limited",X,STK,15.27,15.79,15.05,15.48,15.47,15.2,63,4243,65003,
540198,"OSIAJEE TEXFAB LIMITED",XT,STK,420,435,420,428.75,428,435.45,84,12462,5368724,
540199,"Corporate Merchant Bankers Lim",X,STK,93.85,96.5,87.4,87.6,87.4,92,28,1631,144556,
540203,"Sheela Foam Limited",A,STK,582.2,585.25,575,578.1,577,585.75,145,2374,1378770,
540204,"EIKO LIFESCIENCES LIMITED",X,STK,53,53,49,51.13,50.25,52.11,59,9266,471048,
540205,"Aditya Vision Limited",A,STK,505.75,512.85,496.6,510,509.65,506.55,455,6357,3223339,
540210,"Heads UP Ventures Limited",B,STK,8.2,8.25,8.2,8.25,8.25,8.74,4,109,898,
540212,"TCI Express Limited",B,STK,555.05,563,549.95,562.75,560.8,558.4,30,208,115560,
540222,"Laurus Labs Limited",A,STK,1011.35,1024,1007.05,1012.8,1011.1,1010.15,838,12236,12418397,
540243,"NEW LIGHT INDUSTRIES LIMITED",X,STK,1.45,1.49,1.3,1.41,1.37,1.42,161,84636,118972,
540252,"Viram Suvarn Limited",B,STK,8.88,9,8.6,8.87,8.9,8.83,269,485128,4349460,
540254,"MARG TECHNO PROJECTS LIMITED",X,STK,30.69,30.69,28.21,29.96,29.2,29.96,17,1185,35508,
540259,"SHANGAR DECOR LIMITED",X,STK,0.25,0.27,0.25,0.26,0.26,0.26,215,2335959,602230,
540266,"Globe Commercials Limited",X,STK,18.57,18.71,17.3,18.34,18.3,17.86,175,13328,241708,
540267,"Flora Corporation Limited",X,STK,8.05,8.85,8.05,8.05,8.05,8.44,5,286,2382,
540268,"TruCap Finance Limited",B,STK,7,7,6.65,6.81,6.81,6.83,53,15225,103048,
540269,"SUPER FINE KNITTERS LIMITED",MT,STK,10.93,10.93,10.93,10.93,10.93,11.5,1,10000,109300,
540293,"Pricol Limited",A,STK,637.85,637.85,616.85,619.7,619.95,632.95,1165,23061,14509771,
540310,"Classic Filaments Limited",XT,STK,45.74,45.74,45.74,45.74,45.74,44.85,6,273,12487,
540311,"JITF INFRALOGISTICS LIMITED",B,STK,389,393.85,383.4,393.85,393.85,375.1,158,17857,6975269,
540332,"Tanvi Foods (India) Limited",M,STK,70,70,70,70,70,67,1,1000,70000,
540358,"RMC SWITCHGEARS LIMITED",M,STK,473,473,444,451.9,459.9,464.9,133,17875,8119068,
540359,"Parmax Pharma Limited",X,STK,32,32,31,31.62,32,32,15,4777,148198,
540360,"LEADING LEASING FINANCE AND IN",X,STK,3.73,3.98,3.34,3.46,3.46,3.51,22833,2620321,9704425,
540361,"DANUBE INDUSTRIES LIMITED",XT,STK,4.76,5.15,4.76,5,5,4.92,56,6130,30354,
540366,"Music Broadcast Limited",B,STK,6.35,6.35,6.14,6.14,6.14,6.28,3,311,1911,
540376,"Avenue Supermarts Limited",A,STK,3867.35,3900,3846.8,3884.75,3882.95,3908.1,1231,5571,21598563,
540377,"IFL ENTERPRISES LIMITED",B,STK,0.5,0.51,0.44,0.47,0.47,0.51,1783,9674564,4555533,
540386,"Ontic Finserve Limited",X,STK,1.43,1.44,1.42,1.44,1.44,1.38,216,1170872,1685584,
540393,"Sarthak Metals Limited",B,STK,80.8,80.8,72.33,73.09,73,86,276,2308,174337,
540395,"Chemcrux Enterprises Limited",B,STK,103.83,103.83,98.3,100.31,100.31,103.83,123,2399,242551,
540396,"Manomay Tex India Limited",T,STK,227.85,227.85,220,226.55,226.55,230,9,1250,281596,
540401,"Maximus International Limited",X,STK,9.84,10,9.76,9.9,9.9,9.89,61,3869,38116,
540403,"CL Educate Limited",B,STK,49.01,49.54,48.1,48.1,48.1,49.53,100,7198,350330,
540404,"PRIME FRESH LIMITED",B,STK,269.95,274,260,268.5,260,269.2,323,41201,11057519,
540405,"Oceanic Foods Limited",X,STK,62.8,63.9,62.8,62.89,62.82,62.06,3,51,3204,
540416,"Octaware Technologies Limited",MT,STK,77.8,77.8,77.8,77.8,77.8,74.1,4,6400,497920,
540425,"Shankara Building Products Lim",B,STK,101.35,102.3,101,101.1,101.1,101.05,45,881,89404,
540455,"Escorp Asset Management Limite",B,STK,114.1,115,110.05,114.9,114.9,114.1,15,1206,137595,
540481,"Classic Leasing & Finance Ltd.",XT,STK,41.25,41.25,41.2,41.2,41.2,39.31,3,10,412,
540492,"STARLINEPS ENTERPRISES LIMITED",T,STK,9.52,9.52,9.52,9.52,9.52,9.34,222,391057,3722862,
540497,"S Chand And Company Limited",B,STK,157.6,164.25,157.6,163.35,164.25,159.25,156,811,130286,
540515,"KANUNGO FINANCIERS LIMITED",XT,STK,10.97,10.97,10.43,10.43,10.43,10.97,6,988,10310,
540519,"Meera Industries Limited",B,STK,76.5,76.5,70.4,73.03,73.74,72.24,257,17553,1274986,
540526,"IRB InvIT Fund",IF,STK,62.14,62.14,60.99,61.83,61.85,62.99,1600,125645,7735582,
540530,"Housing &Urban Development Cor",A,STK,195.55,197.4,193.2,196.75,196.85,195.6,1892,173466,33832597,
540544,"PSP Projects Limited",B,STK,780,794.8,777.4,789.6,787.5,785.75,167,3872,3035091,
540545,"Bhakti Gems And Jewellery Limi",XT,STK,40.88,42,40,41.9,41.9,40.88,91,29866,1230765,
540565,"IndiGrid Infrastructure Trust",IF,STK,167.69,167.69,165.82,166.8,166.61,166.25,1223,30838,5146195,
540570,"VARIMAN GLOBAL ENTERPRISES LIM",X,STK,5.47,5.5,4.99,5.09,5.09,5.25,336,374935,2009062,
540575,"Star Cement Limited",A,STK,217.5,217.5,212.85,215.05,214.5,216.55,286,10750,2304094,
540590,"Riddhi Corporate Services Limi",X,STK,68.05,68.05,65.15,66,65.71,69.85,50,1346,89661,
540595,"Tejas Networks Limited",A,STK,328.25,333,325.25,331.1,331.1,328.7,876,33510,11082647,
540596,"Eris Lifesciences Limited",A,STK,1396.65,1398,1338.4,1362,1369.4,1414.65,717,5319,7204094,
540597,"Containerway International Lim",XT,STK,16.92,17.99,16.9,17.99,17.99,17.41,14,425,7248,
540602,"GTPL Hathway Limited",B,STK,77.35,77.35,68.16,69.16,68.16,77.85,213,5136,360892,
540611,"AU Small Finance Bank Limited",A,STK,980.25,1011.1,980.25,1010.2,1011,995.15,2524,81970,82348112,
540612,"ICICI Prudential Nifty Low Vol",B,STK,22.8,22.8,22.47,22.74,22.71,22.58,44,51773,1170905,
540613,"Gautam Exim Limited",MT,STK,285.5,285.5,285.5,285.5,285.5,287.7,1,375,107062,
540614,"G G Engineering Limited",X,STK,0.5,0.5,0.49,0.49,0.49,0.5,1023,3172019,1568464,
540615,"7NR Retail Limited",X,STK,3.98,3.98,3.58,3.83,3.87,3.89,92,33590,126396,
540642,"Salasar Techno Engineering Lim",B,STK,8.29,8.29,7.86,7.97,8.05,8.47,816,699567,5581283,
540647,"Ganges Securities Ltd.",B,STK,133,136.85,133,136.85,136.85,126.95,5,30,4026,
540648,"Palash Securities Limited",B,STK,101.7,101.7,94.55,99.46,99.29,96.07,18,1221,121990,
540649,"AVADH SUGAR & ENERGY LIMITED",B,STK,350,350,336.05,336.15,337.45,339.65,52,950,326055,
540650,"Magadh Sugar & Energy Limited",B,STK,459.95,459.95,438.9,441,441,428.8,165,3165,1397358,
540652,"Captain Technocast Limited",M,STK,200,200,200,200,200,199,1,750,150000,
540654,"GlobalSpace Technologies Limit",X,STK,20.64,21.5,19.22,19.63,20.48,20.52,155,66940,1360333,
540669,"UTI Mutual Fund",B,STK,74.06,74.82,73.62,74.8,74.79,74.27,25,1650,122859,
540673,"SIS LIMITED",B,STK,326.5,326.5,311.75,312.55,311.75,326.4,140,1210,385353,
540678,"Cochin Shipyard Limited",A,STK,1470.3,1483,1455,1468.2,1468.2,1473.95,4024,59047,86487069,
540680,"KIOCL Limited",A,STK,351.15,355.95,346.05,351.55,351.5,350.25,320,6400,2237134,
540681,"CHOTHANI FOODS LIMITED",M,STK,16.8,16.8,15.2,15.2,15.2,16,14,97500,1515050,
540686,"Smruthi Organics Limited",X,STK,114.65,114.65,110.1,112.4,111,115.2,55,1850,209167,
540691,"Aditya Birla Capital Ltd",A,STK,334.85,345.55,331.1,345.05,344.85,335.95,1437,94104,32053468,
540692,"Apex Frozen Foods Limited",B,STK,429.3,449,420.9,427.3,423.15,432.7,5009,245610,106909868,
540693,"Shish Industries Limited",T,STK,12.63,12.63,12.63,12.63,12.63,12.03,161,234085,2956493,
540694,"ANG Lifesciences India Limited",B,STK,26.24,26.24,24.15,25.05,25.05,26,55,7935,199118,
540696,"KCD INDUSTRIES INDIA LIMITED",XT,STK,6.56,6.56,6.24,6.54,6.54,6.56,38,13387,84592,
540699,"Dixon Technologies (India) Lim",A,STK,11598.95,11834,11390.1,11750.85,11750.85,11414.7,11225,45942,538710556,
540700,"Bharat Road Network Limited",B,STK,20.5,20.9,20.41,20.85,20.85,20.95,18,523,10777,
540701,"Dishman Carbogen Amcis Limited",B,STK,202.55,203.7,194.35,196.7,196.3,201.85,256,7139,1411186,
540702,"Lasa Supergenerics Limited",B,STK,8.53,8.81,8.53,8.6,8.6,8.81,58,10461,90292,
540703,"PRO CLB GLOBAL LIMITED",XT,STK,36.21,36.21,36.21,36.21,36.21,38.11,6,3590,129993,
540704,"Matrimony.com Limited",B,STK,515.65,515.65,505.1,514.3,508.5,515.25,59,675,344205,
540709,"Reliance Home Finance Limited",Z,STK,2.68,2.68,2.53,2.64,2.62,2.65,382,210233,547431,
540710,"Capacit'e Infraprojects Limite",B,STK,257.85,257.85,251.6,255.5,255.8,258.1,213,7008,1786838,
540716,"ICICI Lombard General Insuranc",A,STK,1911.5,1924.25,1902.9,1920.5,1915,1911.4,1741,11674,22264631,
540717,"Polo Queen Industrial and Fint",B,STK,25.35,25.35,24.01,24.59,24.87,24.52,144,11464,283747,
540718,"AAYUSH ART AND BULLION LIMITED",M,STK,1110.25,1114.45,1109.8,1110.9,1111,1109.9,450,57000,63381306,
540719,"SBI Life Insurance Company Lim",A,STK,2026.9,2050,2023.3,2043.55,2043.55,2034.85,1361,14969,30514121,
540724,"Prataap Snacks Limited",B,STK,1074,1077.2,1070,1070,1070,1075.6,4,11,11838,
540725,"Share India Securities Limited",B,STK,145.25,146.75,141,144.65,144.9,149.45,269,17966,2582302,
540726,"Trident Texofab Limited",B,STK,118.8,118.8,118.8,118.8,118.8,125.05,33,2108,250430,
540727,"Poojawestern Metaliks Limited",B,STK,28,28.1,26.87,27.65,27.65,27.39,32,2530,68712,
540728,"Sayaji Industries Limited",X,STK,93,97.68,85.99,86,86,88.93,86,4189,373324,
540730,"Mehai Technology  Limited",X,STK,1.54,1.56,1.52,1.52,1.53,1.59,761,2524838,3849720,
540735,"IRIS RegTech Solutions Limited",B,STK,274.75,274.75,239.95,262.7,261.9,237.55,72,749,191712,
540737,"Shree Ganesh Remedies Limited",X,STK,516.15,524.95,500,503.4,500.5,516.15,182,5041,2557355,
540738,"Shreeji Translogistics Limited",B,STK,8.78,9.04,8.57,8.73,8.61,8.8,105,16380,143586,
540743,"Godrej Agrovet Limited",A,STK,647.7,651.2,630,638.75,636.9,651.6,937,27471,17504141,
540749,"MAS Financial Services Limited",B,STK,333.95,345.8,326,342.5,341.5,334.75,204,3754,1254459,
540750,"Indian Energy Exchange Limited",A,STK,123.4,125.1,122.4,124.9,124.8,123.9,1567,132167,16359046,
540755,"General Insurance Corporation",A,STK,389.6,390.3,384.3,386.25,386.95,390.95,860,20103,7779850,
540757,"SHEETAL COOL PRODUCTS LIMITED",T,STK,339,348.9,327.5,344.95,345,339,36,2207,754429,
540762,"Tube Investments of India Ltd",A,STK,2490,2522.45,2475,2503.25,2488.4,2498.85,1083,4964,12439441,
540767,"NIPPON LIFE INDIA ASSET MANAGE",A,STK,906.45,941.95,905.5,923.55,920.5,913.1,2684,63544,59018211,
540768,"Mahindra Logistics Limited",B,STK,400.05,408.45,392.65,403.8,403.25,401.45,235,7710,3092144,
540769,"The New India Assurance Compan",A,STK,151.25,151.65,150,151,150.8,150.65,416,11855,1787750,
540774,"IFGL Refractories Limited",B,STK,184.2,184.2,171.6,173.9,173.15,186.65,202,4588,808322,
540775,"Khadim India Limited",B,STK,153.6,155.25,150.3,152.3,152.3,153.6,91,1067,162805,
540776,"5paisa Capital Limited",B,STK,315.75,329,314,327.75,329,323.35,205,5428,1741700,
540777,"HDFC LIFE INSURANCE COMPANY LI",A,STK,692.05,707.95,692.05,704.9,705.25,696.65,1698,398210,280626235,
540786,"SHARIKA ENTERPRISES LIMITED",B,STK,12.18,12.18,11.25,11.87,11.87,11.99,139,25140,296806,
540787,"ICICI Prudential Mutual Fund",A,STK,123.33,125.47,122.26,125.09,125.09,123.39,333,14131,1753063,
540788,"Aspira Pathlab & Diagnostics L",X,STK,60.45,65.9,58,61.01,61,60.55,16,2820,168807,
540789,"Diligent Media Corporation Lim",B,STK,3.35,3.81,3.35,3.55,3.5,3.54,41,9681,33700,
540795,"Dynamic Cables Limited",B,STK,300,303.1,298,299.3,300.75,305.3,256,5024,1510579,
540796,"Ratnabhumi Developers Limited",B,STK,193.25,193.25,193.25,193.25,193.25,203.4,1,1,193,
540797,"Shalby Limited",B,STK,157.5,159.3,152,154.2,156.35,157.45,348,18769,2890428,
540809,"MRC AGROTECH LIMITED",B,STK,42.76,45,42.05,42.9,43.24,42.76,110,81677,3595510,
540821,"CRYSTAL BUSINESS SYSTEM LIMITE",X,STK,1.82,1.87,1.82,1.83,1.83,1.81,88,16213,29781,
540824,"Astron Paper & Board Mill Limi",B,STK,4.06,4.16,3.94,4.11,4.11,3.98,48,18916,76247,
540829,"Chandrima Mercantiles limited",XT,STK,6.12,6.74,6.11,6.38,6.38,6.43,433,1032459,6440796,
540850,"Jhandewalas Foods Limited",M,STK,33.5,33.75,33.5,33.6,33.6,33.5,4,24000,804700,
540874,"7SEAS ENTERTAINMENT LIMITED",X,STK,81.85,81.85,77.22,78.53,78.5,80.25,82,21367,1707499,
540879,"Apollo Micro Systems Limited",A,STK,231.65,233.5,227.5,230.8,230.8,232.5,1543,74155,17111851,
540900,"Newgen Software Technologies L",A,STK,478.2,482.95,460.55,462.75,462.75,479.6,4028,138464,64597685,
540901,"Praxis Home Retail Limited",B,STK,9.2,9.2,8.65,8.67,8.67,8.8,13,104820,916887,
540902,"Amber Enterprises India Limite",A,STK,7788.3,7812.7,7682.85,7769.15,7751.5,7726.65,1677,9134,70886820,
540914,"SRU Steels Limited",X,STK,3.4,3.5,3.4,3.46,3.46,3.38,91,18987,65606,
540923,"Ashoka Metcast Limited",B,STK,15.66,15.82,15.42,15.52,15.51,15.1,55,4078,63721,
540935,"Galaxy Surfactants Limited",A,STK,1810,1981.25,1810,1890.25,1898.7,1833.8,198,1332,2547386,
540936,"Gautam Gems Limited",B,STK,3.56,3.56,3.45,3.47,3.47,3.51,55,24877,87480,
540937,"MEDICO REMEDIES LIMITED",B,STK,50,50,46.2,48.47,48.65,47.32,130,2284,108544,
540952,"LORENZINI APPARELS LIMITED",B,STK,8.44,8.44,7.62,8.03,8.03,8.05,23,8951,71735,
540953,"Kenvi Jewels Limited",B,STK,2.52,2.52,2.43,2.48,2.48,2.49,165,42333,104364,
540954,"The Indian Wood Products Co. L",X,STK,34,34.48,32.5,33.7,33.7,33.55,164,51274,1703195,
540955,"Tasty Dairy Specialities Limit",XT,STK,6.54,6.87,6.35,6.8,6.77,6.57,29,5627,37596,
540956,"Bhatia Communications & Retail",X,STK,22.39,24.25,22,23.89,23.33,21.67,478,200327,4674782,
540961,"Shiva Mills Limited",B,STK,57.5,60.4,57.5,60.4,60.4,57.5,2,301,17310,
540975,"Aster DM Healthcare Limited",A,STK,598.2,622,593,620.4,622,599.9,2266,140781,86793949,
540980,"The Yamuna Syndicate Ltd",X,STK,28100.9,30000,28100.9,30000,30000,30150,11,22,653702,
541005,"KANCO TEA & INDUSTRIES LIMITED",X,STK,62.35,64,62.35,64,64,62.88,11,46,2934,
541019,"H.G. Infra Engineering Limited",B,STK,671.55,674.95,639.4,645.15,644,665.1,596,7564,4973161,
541083,"Inflame Appliances Limited",M,STK,328.9,328.9,321,321,321,328.95,2,500,162475,
541096,"Bharat Parenterals Limited",X,STK,999,1063,999,1061.5,1060,1044.4,27,328,346691,
541097,"DSP BlackRock Mutual Fund",F,STK,1000,1000.01,999.99,999.99,999.99,1000.01,26,9696,9696055,
541143,"Bharat Dynamics Limited",A,STK,1240,1258.4,1227.6,1255,1255,1244.6,4244,75269,93710574,
541144,"Active Clothing Co  Limited",B,STK,107.75,112,104.9,110.45,110,107.75,171,17745,1914154,
541152,"GOYAL ALUMINIUMS LIMITED",T,STK,7.16,7.39,6.89,7.02,7.05,7.25,90,12375,87124,
541153,"Bandhan Bank Limited",A,STK,164.25,168.4,163.55,167.85,167.85,165.45,3077,224998,37508146,
541154,"Hindustan Aeronautics Limited",A,STK,4238.9,4238.9,4170,4226.05,4226.05,4212.75,10106,358831,1503628129,
541161,"DHARAN INFRA-EPC LIMITED",Z,STK,0.19,0.19,0.19,0.19,0.19,0.19,335,521199,99027,
541163,"Sandhar Technologies Limited",B,STK,530,530,512.6,519.8,519.2,530.35,433,7843,4072373,
541167,"YASHO INDUSTRIES LIMITED",B,STK,1380.5,1511.8,1380.5,1468.15,1468.15,1374.4,242,707,1034202,
541178,"Benara Bearings and Pistons Li",MT,STK,9.5,9.5,9.5,9.5,9.5,9.97,1,6000,57000,
541195,"Mishra Dhatu Nigam Limited",A,STK,364.85,364.85,354.85,361.25,361.25,360.45,771,21693,7812335,
541228,"Taylormade Renewables Limited",B,STK,111.3,111.35,107.05,111.35,111.35,106.05,130,20233,2245149,
541233,"Lemon Tree Hotels Limited",A,STK,127.3,127.3,125.45,125.8,125.8,127.6,2597,210654,26524992,
541269,"Chemfab Alkalis Ltd",B,STK,401.95,407,375,379.55,383,398.65,152,966,370716,
541276,"HARDWYN INDIA LIMITED",T,STK,16.95,17.34,16.01,17.25,17.34,16.52,106,118751,2002019,
541301,"Orient Electric Limited",B,STK,174.3,175.4,172.35,174.6,173.6,174.25,105,1070,186296,
541302,"Dhruv Consultancy Services Lim",B,STK,26.96,27.94,24.15,25.13,24.68,28.11,465,27728,705591,
541303,"Akshar Spintex Limited",B,STK,0.49,0.5,0.47,0.48,0.48,0.5,114,286414,137311,
541304,"Indo US Bio-Tech Limited",B,STK,128.8,143.3,128.8,133.15,143.3,132.05,60,861,113387,
541313,"ICICI Prudential BSE 500 ETF",A,STK,39.4,39.96,39.01,39.66,39.66,39.58,99,5268,209273,
541336,"IndoStar Capital Finance Limit",B,STK,230,231.8,220.85,231.5,231,232.65,108,4506,1018979,
541337,"Milestone Furniture Limited",MT,STK,29.38,29.38,26.6,26.99,26.65,27.99,9,30000,838380,
541338,"U. H. ZAVERI LIMITED",B,STK,14.7,15.24,14.08,15.11,15.19,14.63,63,28821,421877,
541347,"Parvati Sweetners and Power Lt",XT,STK,8.1,8.49,7.95,8.28,8.49,8.3,79,26405,213186,
541352,"Megastar Foods Limited",T,STK,227.1,227.1,218.05,218.5,218.5,227.1,3,98,21399,
541353,"Innovators Facade Systems Limi",M,STK,170,173.05,167.5,168,167.95,174,8,6400,1081600,
541358,"UNIFINZ CAPITAL INDIA LIMITED",X,STK,95.49,95.5,95.05,95.5,95.5,95.6,21,1833,174958,
541400,"ZIM Laboratories Limited",B,STK,71.25,72.05,68.32,71.54,72.02,71.79,67,2518,176874,
541402,"Affordable Robotic & Automatio",B,STK,214.9,214.9,192.3,197.5,197.55,205.75,248,3190,628046,
541403,"Dollar Industries Limited",B,STK,304.2,307.35,303.75,304.6,305,309,158,1296,395619,
541418,"NAKODA GROUP OF INDUSTRIES LIM",B,STK,26.4,26.85,26.25,26.67,26.25,26.4,115,626,16531,
541444,"Palm Jewels Limited",B,STK,17.3,18.87,17.3,18.69,18.69,17.91,34,974,18080,
541445,"Waa Solar Limited",M,STK,54.5,54.5,52.1,52.1,52.1,54.5,5,4000,211600,
541450,"Adani Green Energy Limited",A,STK,946.85,998.8,936.7,991.05,991.05,950.55,14121,478504,470201868,
541540,"SOLARA ACTIVE PHARMA SCIENCES",B,STK,499.65,499.65,485.85,486.35,486.25,499.6,136,1781,871655,
541546,"GAYATRI HIGHWAYS LTD",B,STK,2.94,2.94,2.66,2.66,2.66,2.8,240,178448,483859,
541556,"RITES Limited",A,STK,217.9,221.5,216.3,220.25,220.25,218.85,1248,44569,9777061,
541557,"Fine Organic Industries Limite",A,STK,4410,4418.8,4357.55,4390.95,4395,4419.55,112,317,1392577,
541578,"Varroc Engineering Limited",A,STK,563,569.95,555.65,563.3,560,559.7,250,3223,1821023,
541601,"Rajnish Wellness Limited",B,STK,0.48,0.49,0.45,0.47,0.47,0.48,965,7986468,3747967,
541627,"Gujarat Winding Systems Limite",X,STK,7.39,7.39,7.39,7.39,7.39,7.39,9,27950,206550,
541634,"Raw Edge Industrial Solutions",B,STK,19.24,19.24,19.24,19.24,19.24,18.33,22,3052,58720,
541702,"Ashnisha Industries Limited",XT,STK,3.64,3.64,3.64,3.64,3.64,3.71,76,390066,1419840,
541703,"RACONTEUR GLOBAL RESOURCES LIM",M,STK,16,16,14.59,14.59,14.59,16.5,2,4800,72288,
541729,"HDFC Asset Management Company",A,STK,2752.6,2847,2752.6,2843.6,2843.6,2813.6,2503,21926,62008948,
541735,"Vivanta Industries Limited",X,STK,1.9,1.9,1.83,1.87,1.88,1.88,236,63032,117779,
541741,"Fratelli Vineyards Limited",X,STK,89.4,90,86,88.48,88.01,87.3,76,6625,579760,
541770,"CreditAccess Grameen Ltd.",A,STK,1260.05,1271.3,1247.25,1254.05,1255.3,1269.3,651,7752,9742664,
541771,"AMIN TANNERY LIMITED",X,STK,1.75,1.75,1.67,1.73,1.75,1.74,68,28591,48619,
541778,"Deep Polymers Limited",B,STK,35.99,35.99,35,35.63,35.7,35.39,65,10143,360965,
541809,"ICICI Prudential Mutual Fund",B,STK,71.97,73,71.97,72.96,73,72.42,212,18324,1332034,
541865,"Add-Shop E-Retail Limited",B,STK,8.1,8.3,8.01,8.11,8.01,8.14,84,15772,127829,
541890,"Space Incubatrics Technologies",XT,STK,0.24,0.24,0.24,0.24,0.24,0.25,228,605920,145420,
541929,"Synergy Green Industries Limit",B,STK,483.05,533.05,466.9,519.7,515.85,482.4,168,2013,994489,
541946,"ICICI Prudential BSE Liquid Ra",F,STK,1000.01,1000.01,1000,1000,1000,1000,17,46182,46182000,
541956,"IRCON International Ltd",A,STK,152.65,153.9,151.05,153,153,152.95,2317,173204,26440346,
541967,"Sky Gold And Diamonds Limited",A,STK,372.6,383.05,364.7,369.8,370.2,371.95,2288,76634,28655638,
541972,"SBI Mutual Fund",A,STK,920.72,923.3,915.09,922.89,922.89,918.85,25,65,59857,
541974,"Manorama Industries Limited",A,STK,1404.9,1433.15,1404,1418.85,1412.05,1412.95,277,2241,3184635,
541988,"AAVAS Financiers Limited",A,STK,1286.05,1299.45,1266.45,1297.85,1297,1286.25,402,3673,4729996,
542011,"Garden Reach Shipbuilders & En",A,STK,2429.05,2446.35,2390.05,2429.5,2431.85,2432.85,3068,47907,116089900,
542012,"A-1 LIMITED",B,STK,22.01,24.31,22.01,24.31,24.31,23.16,5165,5441056,130629455,
542013,"Dolfin Rubbers Limited",B,STK,175.9,176.8,170.05,173.45,174,171.15,38,378,65571,
542019,"Shubham Polyspin Limited",T,STK,63,63,59.16,60,60,61.72,40,18041,1082819,
542020,"AKI India Limited",B,STK,6.69,6.71,6.02,6.15,6.15,6.66,36,3603,23217,
542025,"Sun Retail Limited",M,STK,0.39,0.39,0.38,0.38,0.38,0.39,4,192000,74400,
542034,"S. M. Gold Limited",T,STK,14.69,15.08,13.77,14.13,14.13,14.37,229,58548,856749,
542046,"VIVID MERCANTILE LIMITED",T,STK,7.35,7.42,6.95,7.19,7.2,7.31,108,110399,787747,
542057,"BCPL Railway Infrastructure Li",B,STK,68.12,69.61,68.05,68.13,68.13,68.94,232,49534,3385807,
542066,"ADANI TOTAL GAS LIMITED",A,STK,519.9,530.25,515.05,528.8,528.8,520.1,1981,59455,31154290,
542123,"The Phosphate Company Limited",X,STK,139.9,139.9,139.9,139.9,139.9,136,2,2,279,
542131,"Mirae Asset Mutual Fund",B,STK,275,277.78,273.88,277.52,277.78,275.54,193,1288,355896,
542141,"Techno Electric & Engineering",A,STK,1072.65,1072.65,1025.15,1050.15,1049.2,1047.2,515,6436,6689224,
542145,"Roni Households Limited",M,STK,43,51,43,48.65,51,46.98,12,21600,1011906,
542146,"Shree Krishna Infrastructure L",MT,STK,12.35,12.35,12.35,12.35,12.35,13,1,1250,15437,
542155,"Diksha Greens Limited",MT,STK,1.47,1.47,1.47,1.47,1.47,1.5,3,8000,11760,
542176,"Aryan Share & Stock Brokers Lt",X,STK,22,22,22,22,22,21.54,1,27,594,
542206,"NIVAKA FASHIONS LIMITED",X,STK,1.93,1.93,1.8,1.86,1.86,1.86,49,10429,19524,
542216,"DALMIA BHARAT LIMITED",A,STK,2142,2142.05,2121.75,2132.8,2128,2143.45,280,1458,3111253,
542230,"Aditya Birla Sun Life Mutual F",B,STK,72.94,73.4,72.47,73.15,72.9,74,12,157,11450,
542231,"Nila Spaces Ltd",B,STK,13.65,14.04,13.65,13.86,13.75,14.31,251,29762,413145,
542232,"Shankar Lal Rampal Dye-Chem Li",B,STK,55,58.5,55,56.09,56,56.19,56,1528,85173,
542233,"Trejhara Solutions Limited",T,STK,215,215,207.1,212.35,214.95,217.4,9,1066,229182,
542248,"Deccan Health Care Limited",B,STK,13.4,14.8,13.4,13.89,14.73,13.81,45,24728,342550,
542285,"Axita Cotton Limited",T,STK,10.14,10.22,9.64,9.64,9.64,10.14,318,37866,372388,
542323,"KPI Green Energy Limited",A,STK,402.55,406,399.65,404.85,403.45,403,636,19644,7912147,
542332,"Hi-Klass Trading and Investmen",XT,STK,39.99,39.99,39.99,39.99,39.99,38.09,1,1,39,
542333,"RPSG VENTURES LIMITED",B,STK,710.65,714.45,704.9,710.05,713.5,717.75,91,2361,1672104,
542337,"Spencer's Retail Limited",B,STK,35.13,35.25,34.4,34.7,34.4,35.11,78,12145,424605,
542351,"Gloster Ltd",B,STK,600,665,600,600.1,600.1,606.15,86,739,446671,
542367,"Xelpmoc Design and Tech Limite",B,STK,136.25,138.1,133.6,133.6,135,137.15,7,72,9627,
542383,"Ritco Logistics Limited",B,STK,234.2,234.95,229,229,229,235.8,14,74,17236,
542399,"Chalet Hotels Limited",A,STK,848.75,865.7,838.45,863,863,858.5,555,4999,4259483,
542437,"Anmol India Limited",B,STK,13.4,13.54,12.58,12.83,13.05,13.42,151,20519,271403,
542446,"Jonjua Overseas Limited",M,STK,4.25,4.28,4,4.08,4.09,4.27,13,62673,259851,
542459,"Kranti Industries Limited",B,STK,76,76,72,72.28,72.22,78.94,29,26872,2019733,
542460,"The Anup Engineering Ltd",A,STK,1970.05,1980,1871.1,1880.75,1871.1,1982.85,446,3137,5939531,
542484,"Arvind Fashions Limited",A,STK,481,484.65,476.55,479.15,478.6,481.75,239,2526,1213550,
542503,"Mahip Industries Limited",MT,STK,17.99,18.66,17.99,18,18,17.79,6,28000,513000,
542513,"UTI BSE  Sensex Next 50 ETF",A,STK,91.47,91.89,91.47,91.7,91.7,91.71,20,195,17847,
542524,"AMBASSADOR INTRA HOLDINGS LIMI",XT,STK,50.36,50.36,50.36,50.36,50.36,47.99,1,1,50,
542543,"Energy Infrastructure Trust",IF,STK,83.8,84,83.25,83.5,83.5,83.9,15,425000,35622250,
542579,"Ashapuri Gold Ornament Limited",B,STK,5.08,5.17,5.02,5.03,5.05,5.08,855,340294,1716445,
542580,"Aartech Solonics Limited",B,STK,46.66,46.66,46.1,46.64,46.64,46.77,14,256,11819,
542592,"Humming Bird Education Limited",M,STK,20.47,20.47,20.47,20.47,20.47,19.5,2,2500,51175,
542597,"MSTC Limited",B,STK,488.25,488.25,475.3,481.55,482.15,477.25,420,7942,3811120,
542602,"Embassy Office Parks REIT",IF,STK,441.7,446.99,439.76,444.73,444,440.24,467,5602,2486323,
542627,"Chandni Machines Limited",XT,STK,69.26,69.26,69.26,69.26,69.26,67.91,8,1623,112408,
542628,"Northern Spirits Limited",B,STK,126.85,127.9,121.8,125.75,125.75,126.85,297,26147,3288893,
542649,"Rail Vikas Nigam Limited",A,STK,307.35,311.9,303.8,309.9,309.9,309.05,7749,594789,183638815,
542650,"Metropolis Healthcare Limited",A,STK,1966.45,1966.45,1921.8,1936.7,1934.7,1946.95,209,1242,2405603,
542651,"KPIT Technologies Ltd",A,STK,859.85,883.5,855.8,879.7,878.55,861.55,3363,72135,63022193,
542652,"Polycab India Limited",A,STK,7590,7670.65,7539.1,7635.15,7635.15,7592.25,1965,6464,49347162,
542654,"V R FILMS & STUDIOS LIMITED",B,STK,14.75,15.18,14,14.54,14.54,14.75,43,6072,88881,
542655,"VIKAS LIFECARE LIMITED",B,STK,1.6,1.63,1.59,1.62,1.62,1.6,8391,312171,504477,
542665,"Neogen Chemicals Limited",B,STK,1284,1354.7,1277.3,1285.5,1282.6,1287.35,545,3566,4768725,
542666,"G. K. P. Printing & Packaging",B,STK,6.28,6.33,6.2,6.27,6.3,6.08,55,22758,142546,
542668,"EVANS ELECTRIC LIMITED",M,STK,113.45,113.45,113.45,113.45,113.45,113.45,1,1000,113450,
542669,"BMW INDUSTRIES LIMITED",B,STK,36.49,37.47,35.5,35.81,35.81,36.79,643,102766,3723236,
542670,"Artemis Electricals and Projec",X,STK,20.09,20.09,19.39,19.53,19.71,20.09,127,63030,1237699,
542679,"Dhanashree Electronics Limited",XT,STK,185.05,185.95,185.05,185.05,185.05,194.75,12,292,54052,
542682,"Harish Textile Engineers Limit",X,STK,74.99,74.99,62.9,64.59,64.59,62.58,86,9628,622669,
542684,"Prakash Pipes Limited",B,STK,207,207,198.55,199.95,200.5,211.65,319,6658,1334473,
542685,"Digicontent Limited",B,STK,28.24,28.78,27.01,27.01,27.01,28.53,15,3435,95042,
542721,"Anand Rayons Limited",B,STK,178.6,178.6,178.6,178.6,178.6,188,34,654,116804,
542724,"Murae Organisor Limited",T,STK,0.22,0.23,0.22,0.23,0.23,0.22,943,6864008,1529440,
542725,"SBC EXPORTS LIMITED",B,STK,30.21,30.87,30.19,30.55,30.58,30.57,313,145482,4435582,
542726,"IndiaMART InterMESH Limited",A,STK,2146.35,2216.6,2146.35,2203.65,2203.65,2200.35,729,4481,9860981,
542727,"CITY PULSE MULTIVENTURES LIMIT",M,STK,3058,3058,2950,3012.8,3017,3092.6,78,9250,27821537,
542728,"SK International Export Limite",MT,STK,34.17,34.17,34.17,34.17,34.17,32.55,1,6000,205020,
542730,"ICICI Prudential Mutual Fund",B,STK,61.75,62.4,61.06,62.35,62.24,61.75,105,1147659,71554548,
542747,"NIPPON INDIA ETF SENSEX NEXT 5",A,STK,90.6,90.6,89.21,90.6,90.59,89.95,195,6883,619460,
542752,"AFFLE 3I LIMITED",A,STK,1555.1,1593,1549,1580.65,1580.65,1560.7,1256,10734,16929327,
542758,"ICICI Prudential Mutual Fund",B,STK,28.72,29.3,28.72,29.28,29.29,28.94,130,33972,989252,
542759,"Spandana Sphoorty Financial Li",B,STK,255.35,268,255,261.45,261,257.55,149,5889,1535278,
542760,"STERLING AND WILSON RENEWABLE",A,STK,190.45,202.95,190.45,202.15,202.15,195.9,1283,100959,20135643,
542765,"Transpact Enterprises Limited",MS,STK,158.7,158.75,158.7,158.75,158.75,151.25,3,1500,238075,
542770,"Alphalogic Techsys Limited",B,STK,42.96,43.5,40,42.84,42.96,42.84,122,4705,196796,
542772,"360 ONE WAM LIMITED",A,STK,1116.3,1135.2,1095.4,1119.1,1122,1125.1,1116,13678,15278935,
542773,"IIFL CAPITAL SERVICES LIMITED",A,STK,334.95,340,318.35,329.7,329,325.1,3189,186658,62317498,
542774,"MUFIN GREEN FINANCE LIMITED",B,STK,118,118,115.3,116.8,116.95,117.05,254,37454,4365892,
542802,"Galactico Corporate Services L",B,STK,1.99,2.12,1.97,2.04,2.05,1.97,334,206312,419530,
542803,"Vaxfab Enterprises Limited",X,STK,47.96,47.96,43.09,43.14,43.14,47.87,360,172831,7623484,
542812,"Gujarat Fluorochemicals Limite",A,STK,3216.7,3386,3216.7,3304.5,3294.2,3397,516,2498,8288690,
542830,"Indian Railway Catering and To",A,STK,616,616.4,606.1,613.45,613.45,617.85,6842,165841,101378874,
542850,"GOBLIN INDIA LIMITED",M,STK,8.69,8.69,7.22,7.9,7.9,8.2,12,38000,297980,
542851,"Gensol Engineering Limited",Z,STK,26.62,26.62,26.62,26.62,26.62,28.02,25,1334,35511,
542852,"Vishwaraj Sugar Industries Lim",B,STK,5.56,5.85,5.56,5.76,5.76,5.87,118,56261,326483,
542857,"Greenpanel Industries Limited",B,STK,218.45,221.3,216.05,217.3,216.55,219.2,111,1402,306166,
542862,"Shahlon Silk Industries Limite",XT,STK,23.96,24,23.05,23.07,23.05,23.96,25,16870,392529,
542863,"Aditya Birla Sun Life Mutual F",B,STK,61,62.24,61,61.96,61.96,61.59,7,263,16299,
542865,"Anuroop Packaging Limited",B,STK,12.19,12.57,11.17,12.57,12.57,10.48,343,191012,2358896,
542866,"COLAB PLATFORMS LIMITED",B,STK,176.35,176.35,176.35,176.35,176.35,178.1,63,532,93818,
542867,"CSB Bank Limited",A,STK,388.4,388.4,373.45,375.65,376.2,388.35,1265,36544,13837413,
542904,"Ujjivan Small Finance Bank Lim",A,STK,60.95,62.1,60.38,61.79,61.79,61.24,2259,521430,31949382,
542905,"Hindware Home Innovation Limit",B,STK,247.6,247.6,235.9,238.35,238.85,247.55,174,4784,1153975,
542907,"Prince Pipes and Fittings Limi",B,STK,261.35,266.65,258,259.55,258,265.9,225,3536,926680,
542911,"Assam Entrade Limited",X,STK,855.35,855.35,811,811,811,814.65,4,13,10590,
542918,"Gian Life Care Limited",Z,STK,9.84,9.84,9.01,9.5,9.5,9.39,18,1001,9276,
542919,"Artemis Medicare Services Limi",B,STK,234.05,243.45,234.05,241.05,241.9,239.6,252,6329,1520675,
542920,"SUMITOMO CHEMICAL INDIA LIMITE",A,STK,400.1,410.8,400.1,408.3,406.4,407,470,5908,2401306,
542921,"ICICI Prudential Mutual Fund",B,STK,22.47,22.8,22.47,22.75,22.75,22.6,254,29212,660881,
542922,"Mirae Asset Mutual Fund",B,STK,699.43,713.69,699.43,713.55,713.69,706.74,160,1274,902647,
542933,"UNIVERSUS PHOTO IMAGINGS LIMIT",B,STK,278.85,278.9,255.35,266.15,265.5,252,261,3995,1051160,
543064,"Cohance Lifesciences Limited",A,STK,309.75,328.25,303.5,306.15,304.95,315.6,2487,727400,223635945,
543066,"SBI CARDS AND PAYMENT SERVICES",A,STK,757.85,778.8,752.25,771.25,770.15,760.5,1505,34593,26485670,
543071,"Nippon India Mutual Fund",F,STK,18.45,18.45,18.29,18.29,18.29,18.47,3,751,13839,
543079,"Nippon India Mutual Fund",F,STK,4.51,4.51,4.11,4.51,4.51,4.1,5,5,21,
543087,"Nippon India Mutual Fund",F,STK,180.96,180.96,180.96,180.96,180.96,164.99,1,1,180,
543092,"Nippon India Mutual Fund",F,STK,10.5,10.5,8.6,10.3,10.3,9.55,6,1712,17240,
543099,"UTI Mutual Fund",F,STK,54.12,59.52,48.71,59.52,59.52,54.12,11,309,15733,
543110,"UTI Mutual Fund",F,STK,5.99,5.99,5.99,5.99,5.99,5.59,3,3,17,
543144,"Nippon India Mutual Fund",B,STK,6.4,6.4,5.7,6.03,6.03,5.82,17,4125,24950,
543150,"Nippon India Mutual Fund",B,STK,3.12,3.12,2.78,2.82,2.82,2.84,59,20688,58577,
543153,"Nippon India Mutual Fund",B,STK,34.13,34.13,30.58,34.11,34.1,33.97,5,6,194,
543161,"Nippon India Mutual Fund",F,STK,122.29,130,122.25,127.99,127.99,122.29,13,321,39605,
543165,"Nippon India Mutual Fund",F,STK,150,160,148,160,160,163.94,7,19,2872,
543167,"Nippon India Mutual Fund",F,STK,2.85,2.9,2.6,2.8,2.9,2.64,27,39435,110196,
543171,"RO Jewels Limited",B,STK,1.53,1.6,1.52,1.56,1.57,1.53,128,54445,85222,
543172,"Cospower Engineering Limited",MT,STK,860,900,859,900,900,903.95,4,1000,869500,
543173,"Nippon India Mutual Fund",B,STK,15.88,15.88,14.3,15.83,15.83,15.88,10,145,2289,
543174,"Nippon India Mutual Fund",B,STK,2.94,2.94,2.51,2.56,2.66,2.68,39,7357,19882,
543175,"Nippon India Mutual Fund",B,STK,4.3,4.4,3.98,4.23,4.23,4,24,5469,22331,
543176,"Nippon India Mutual Fund",B,STK,63.4,68.8,56.79,68.8,68.8,63.08,14,448,25948,
543177,"Nippon India Mutual Fund",B,STK,9.29,9.29,8.42,8.82,8.82,8.72,34,2156,18485,
543178,"Nippon India Mutual Fund",B,STK,41.26,41.26,41.26,41.26,41.26,37.51,4,112,4621,
543181,"Nippon India Mutual Fund",B,STK,38.4,38.4,37.62,37.62,37.62,38.54,8,109,4162,
543182,"Nippon India Mutual Fund",B,STK,39.04,39.04,37,37.6,38.8,38.85,9,144,5589,
543184,"Nippon India Mutual Fund",B,STK,41.83,41.83,34.89,37.97,37.97,38.18,18,1687,59815,
543186,"Nippon India Mutual Fund",B,STK,6,6,5.52,5.73,5.73,5.8,11,22,126,
543187,"HITACHI ENERGY INDIA LIMITED",A,STK,22421.35,22863.45,22365.25,22826.1,22749.35,22421.35,1227,3140,71318050,
543193,"DJ Mediaprint & Logistics Limi",T,STK,90.1,96.45,87.8,89.05,89.95,92.42,30,2154,191331,
543207,"Natural Biocon (India) Limited",X,STK,4.2,4.5,4.11,4.24,4.23,4.23,183,33307,140909,
543208,"REGIS INDUSTRIES LIMITED",X,STK,2.65,2.8,2.55,2.62,2.62,2.61,84,108503,287373,
543210,"Aarti Surfactants Limited",B,STK,420.65,434.35,410.65,411.55,410.65,427,94,1831,764019,
543211,"BONLON INDUSTRIES LIMITED",T,STK,48.09,49.07,46.62,46.89,46.62,49.07,162,13692,645826,
543212,"Borosil Limited",B,STK,251.3,259,247.2,251.9,251.9,252.55,439,6029,1536009,
543213,"ROSSARI BIOTECH LIMITED",B,STK,518.6,520,504.95,513.8,512.4,523.75,286,3661,1877778,
543214,"NDR Auto Components Limited",B,STK,736.55,779,735,769.3,770.95,736.55,165,2304,1732618,
543216,"Edelweiss Mutual Fund",F,STK,1383.64,1399.26,1383.64,1399.26,1399.26,1397.62,3,22,30596,
543217,"Mindspace Business Parks REIT",IF,STK,491.5,494.11,487.93,489.95,490.25,495.14,696,14627,7179054,
543218,"SURATWWALA BUSINESS GROUP LIMI",B,STK,30.9,31.09,29.97,30.34,30.04,30.46,18,11725,362600,
543219,"ICICI Prudential Mutual Fund",B,STK,27.94,28.23,27.94,28.19,28.19,28,37,3217,90603,
543220,"Max Healthcare Institute Limit",A,STK,1034.2,1076.9,1034.2,1075.4,1073.05,1053.65,3627,66085,70335625,
543221,"ICICI Prudential Mutual Fund",B,STK,36.23,36.3,35.65,36.26,36.3,36.1,243,101219,3629890,
543223,"Max India Limited",B,STK,167.55,168.35,159.75,161.95,161.95,172.15,271,5568,914139,
543224,"HDFC Mutual Fund",B,STK,61.34,62.62,61.27,62.43,62.53,61.88,73,2457,152794,
543226,"UTI Mutual Fund",B,STK,62.31,62.99,62.31,62.99,62.99,62.31,6,15,939,
543227,"Happiest Minds Technologies Li",A,STK,372.1,393.75,369.3,386,386.4,372.25,1939,55380,21319700,
543228,"Route Mobile Limited",B,STK,540.25,545.25,532.7,533.65,533.55,549.8,969,12505,6702860,
543229,"Samrat Forgings Limited",X,STK,225,225,225,225,225,225,1,13,2925,
543230,"ADVAIT ENERGY TRANSITIONS LIMI",B,STK,1738,1738,1650.45,1657.8,1657.8,1736.7,1489,11122,18763091,
543232,"Computer Age Management Servic",A,STK,717.45,738.5,710.2,737.15,737.15,721.25,3377,83751,60975741,
543233,"Chemcon Speciality Chemicals L",B,STK,175.2,175.25,170.3,172.3,171.9,176.1,207,11746,2036363,
543234,"Secmark Consultancy Limited",B,STK,107.25,107.25,102.4,104,104,108.85,27,377,39600,
543235,"ANGEL ONE LIMITED",A,STK,2539.6,2598.7,2443.45,2575.55,2575.55,2693.5,9400,58442,149195602,
543236,"Atam Valves Limited",B,STK,70,73.36,66.55,72.94,72.94,70.92,105,5437,380693,
543237,"Mazagon Dock Shipbuilders Limi",A,STK,2351.25,2362.15,2319.15,2357.95,2357.95,2351.25,5168,68897,161334978,
543238,"UTI Asset Management Company L",A,STK,1051.25,1079.3,1051.25,1070.2,1070,1070.2,429,3031,3212723,
543239,"G M Polyplast Limited",M,STK,66.2,66.2,64,64,64,66.2,4,2800,181440,
543240,"Likhitha Infrastructure Limite",B,STK,164.3,164.3,152.65,153,153,167.4,425,9214,1432508,
543241,"Veer Global Infraconstruction",B,STK,94.41,94.99,94.41,94.99,94.99,94.88,9,231,21928,
543242,"Hemisphere Properties India Li",B,STK,133.35,137.15,132.5,134.8,134.85,134.8,261,16808,2262744,
543243,"Equitas Small Finance Bank Lim",A,STK,68.69,68.69,67,68.42,68,68.62,1058,110770,7506971,
543244,"Shine Fashions (India) Limited",M,STK,27.99,27.99,27.99,27.99,27.99,27,1,4000,111960,
543245,"Gland Pharma Limited",A,STK,1769.3,1814.8,1741.2,1809.25,1804.6,1779.65,285,1444,2588290,
543246,"Mirae Asset Mutual Fund",B,STK,43.32,43.32,43.11,43.15,43.15,43.11,6,463,19986,
543248,"Restaurant Brands Asia Limited",A,STK,62.72,64.15,62.72,63.78,63.75,64.11,191,25226,1611722,
543249,"TARC LIMITED",B,STK,153.8,155.55,149.5,153.95,153.45,152.5,330,32168,4902196,
543250,"Motilal Oswal Mutual Fund",F,STK,63.75,63.75,63.33,63.33,63.33,63.12,9,2924,185363,
543251,"Ravinder Heights Limited",B,STK,44.14,44.14,43.5,43.9,43.9,44,3,21,918,
543252,"Fairchem Organics Limited",B,STK,635.6,659,635.3,642,642,637.5,18,30,19463,
543253,"Mrs. Bectors Food Specialities",A,STK,216.5,228.75,210.75,219.45,219.7,213.25,3107,119483,26322441,
543254,"Antony Waste Handling Cell Lim",B,STK,509,510,501.4,505.95,509.1,508.7,248,2929,1480592,
543255,"Nippon India Mutual Fund",B,STK,986.52,998,984.35,997.12,997.8,985.14,56,288,285542,
543256,"RITA FINANCE AND LEASING LIMIT",XT,STK,19,19,18.1,18.99,18.99,18.2,8,3302,60899,
543257,"Indian Railway Finance Corpora",A,STK,111.3,113.4,110.5,113.15,113.15,111.45,8857,1070238,119576499,
543258,"Indigo Paints Limited",B,STK,1008,1020.3,980.65,987.35,988.5,972.65,588,87833,86639550,
543259,"Home First Finance Company Ind",A,STK,1162.75,1190,1162.75,1168.3,1170,1179.85,675,7045,8295339,
543260,"STOVE KRAFT LIMITED",B,STK,510.8,511.45,500.5,501.8,501.8,511.8,24,283,142930,
543261,"Brookfield India Real Estate T",IF,STK,353.7,356.79,351.8,353.77,354.65,352.8,568,7707,2720209,
543262,"MRP Agro Limited",M,STK,93,93,91.2,93,93,92.98,8,8000,740690,
543263,"SMC Global Securities Limited",B,STK,78.5,82.42,76.68,80.91,80.11,78.97,339,25609,2033717,
543264,"Nureca Limited",B,STK,281.35,285.8,276.25,280.4,280,286.85,108,1008,282336,
543265,"RailTel Corporation of India L",A,STK,331.05,335,327.3,331.45,331.45,331.45,1376,76871,25340465,
543266,"Heranba Industries Limited",B,STK,207.25,208.95,205.05,208,208.05,207.7,83,1766,366524,
543267,"Davangere Sugar Company Limite",B,STK,4.38,4.74,4.32,4.38,4.37,4.38,455,853180,3829418,
543268,"DRC Systems India Limited",B,STK,16.4,16.74,15.76,15.78,15.8,16.4,41,6063,96650,
543270,"MTAR Technologies Limited",A,STK,3588.5,3724,3588.45,3710.75,3710.75,3588.45,2705,44752,165178303,
543271,"Jubilant Ingrevia Limited",A,STK,630.9,636.75,622.65,627.65,628.25,641.7,707,6190,3888764,
543272,"Easy Trip Planners Limited",A,STK,6.59,7.93,6.57,7.92,7.92,6.61,5980,13882555,106094770,
543273,"Knowledge Marine & Engineering",B,STK,1754.95,1754.95,1682.15,1690.15,1685,1699.6,564,6253,10655130,
543274,"SUUMAYA CORPORATION LIMITED",MT,STK,1.27,1.27,1.25,1.25,1.25,1.31,15,57150,71986,
543275,"Anupam Rasayan India Limited",A,STK,1329.95,1329.95,1224.55,1242.85,1242.85,1337.35,1958,34446,43614925,
543276,"Craftsman Automation Limited",A,STK,7731.15,7856.85,7672,7739.8,7717.05,7707.3,528,1834,14257771,
543277,"Laxmi Organic Industries Limit",A,STK,145.3,145.3,140.25,141.15,141.15,146.7,421,15887,2253661,
543278,"Kalyan Jewellers India Limited",A,STK,417.25,431.5,415.25,426.75,426.75,417.95,3956,263187,112408828,
543279,"Suryoday Small Finance Bank Li",B,STK,129.9,129.9,122,123.5,123.5,130,565,20962,2631882,
543280,"Nazara Technologies Limited",A,STK,279.6,280.05,272.35,276.15,274.85,279.55,385,22118,6107945,
543281,"Suvidhaa Infoserve Limited",B,STK,3.15,3.15,3.01,3.01,3.01,3.12,31,2748,8429,
543283,"UNITED FOODBRANDS LIMITED",B,STK,253.85,258.65,241.75,251.55,253.95,253.65,292,3063,758327,
543284,"EKI Energy Services Limited",B,STK,98.13,99.49,95.99,96.75,96.75,98.67,491,25784,2499231,
543285,"Rajeshwari Cans Limited",M,STK,26.5,26.5,26.45,26.5,26.5,26.5,5,5200,137580,
543286,"Jetmall Spices and Masala Limi",MT,STK,36.25,36.25,36.11,36.11,36.11,38.01,3,18000,651660,
543287,"Lodha Developers Limited",A,STK,1073.15,1099.5,1060,1097.5,1097.5,1073.75,2143,37459,40753521,
543288,"Deep Industries Limited",B,STK,359.7,384.25,359.7,379.25,377.25,381.3,754,24292,9138582,
543290,"POWERGRID Infrastructure Inves",IF,STK,91.95,91.95,88.25,89.96,89.96,90.91,2919,259608,23322620,
543291,"Mirae Asset Mutual Fund",B,STK,152.29,152.29,152.29,152.29,152.29,156.38,253,9634,1467161,
543292,"ICICI Prudential Mutual Fund",B,STK,147.36,150.38,146.93,149,149.4,147.07,164,4955,737485,
543298,"Vineet Laboratories Limited",B,STK,31.97,31.97,29.8,30.51,30.08,31.1,39,6088,185795,
543299,"Shyam Metalics and Energy Limi",A,STK,862.6,886.6,862.6,882.35,879.1,879.5,411,4902,4299656,
543300,"Sona BLW Precision Forgings Li",A,STK,520.8,528.4,520.8,524.7,525.5,527.85,886,22138,11628653,
543306,"Dodla Dairy Limited",A,STK,1195,1201.95,1192.65,1195.6,1199.2,1204.3,32,156,186545,
543308,"Krishna Institute of Medical S",A,STK,681.75,693.45,676.1,684.95,685.8,683.6,480,10800,7386462,
543311,"India Pesticides Limited",B,STK,166.9,166.9,162,163.15,162,166.95,149,3928,642803,
543317,"G R Infraprojects Limited",A,STK,980,993.95,966.1,979.5,979.5,980.05,153,978,957788,
543318,"Clean Science and Technology L",A,STK,756.1,756.1,741,744.7,744.7,756.85,566,5965,4456711,
543320,"Eternal Limited",A,STK,285.05,289.8,284.4,286.05,286.05,285.2,8725,7566288,2173928329,
543321,"Tatva Chintan Pharma Chem Limi",B,STK,1200.05,1200.05,1175,1184.5,1190.15,1198.05,211,1568,1861249,
543322,"ALIVUS LIFE SCIENCES LIMITED",A,STK,902.05,917.05,896,901.65,900.05,920.8,780,5819,5256089,
543323,"Mirae Asset Mutual Fund",B,STK,29,29.28,28.93,29.28,29.28,29.05,44,29170,851937,
543325,"Rolex Rings Limited",B,STK,138.3,143,138,138.7,139,138.25,671,41327,5783000,
543326,"ICICI Prudential Mutual Fund",B,STK,55.09,55.09,54.49,54.79,54.82,54.56,183,35450,1939391,
543327,"Exxaro Tiles Limited",T,STK,7.01,7.19,6.96,7.03,7.12,7.32,57,17191,120708,
543328,"Krsnaa Diagnostics Limited",B,STK,667.5,671.9,661.55,665.95,665.95,667.4,293,2430,1618216,
543329,"Windlas Biotech Limited",B,STK,804.4,804.4,786.05,787.05,787.05,803.45,56,462,366450,
543330,"Devyani International Limited",A,STK,131.65,131.65,128.35,129.15,129.75,131.9,766,61914,8027065,
543331,"Meghmani Organics Limited",B,STK,54.37,54.37,53.4,53.55,53.55,54.25,741,64814,3484603,
543332,"Epigral Limited",A,STK,985.5,993.95,977,992,992.3,979.55,132,1968,1942651,
543333,"CarTrade Tech Limited",A,STK,1926.3,2095,1912,2041.95,2041.95,1937.85,7394,64845,132206932,
543334,"Nuvoco Vistas Corporation Limi",A,STK,339.95,340,335,336.3,337.05,342,306,4313,1450095,
543335,"Aptus Value Housing Finance In",A,STK,246.35,247.05,243,245.9,246.55,248.6,1204,36541,8953186,
543336,"Chemplast Sanmar Limited",B,STK,318.1,325,295,312.85,319.9,318.05,468,6278,1918589,
543341,"SHARPLINE BROADCAST LIMITED",X,STK,13.18,13.18,13.18,13.18,13.18,10.99,81,106328,1401403,
543346,"Aashka Hospitals Limited",M,STK,67.92,72,67.92,69.96,72,79.9,2,2000,139920,
543347,"Axis Mutual Fund",B,STK,355.77,364.77,355.77,364.77,364.77,360.3,2,15,5381,
543349,"ACUTAAS CHEMICALS LIMITED",A,STK,2006.95,2072.85,2006.95,2035.75,2039.25,2016.25,763,11176,22830252,
543350,"Vijaya Diagnostic Centre Limit",A,STK,983.95,1025,983.95,1007.6,1012.2,988.05,799,8302,8392781,
543358,"Sansera Engineering Limited",A,STK,2237.35,2242.7,2150.6,2171.2,2164.6,2246.55,830,8987,19677563,
543363,"Prevest Denpro Limited",M,STK,448,458.5,438,458.5,458.5,450.4,40,19200,8557910,
543364,"Markolines Pavement Technologi",B,STK,163,164.5,158.95,163.95,162,157.85,797,64108,10441825,
543365,"Mirae Asset Mutual Fund",B,STK,69.48,69.74,69,69.74,69.74,70.9,55,4036,281386,
543367,"Paras Defence and Space Techno",A,STK,639.7,639.7,631,633.3,632.5,640.35,884,13530,8581426,
543373,"Shri Venkatesh Refineries Limi",M,STK,251.05,251.05,251.05,251.05,251.05,272,1,500,125525,
543374,"Aditya Birla Sun Life AMC Limi",A,STK,870,886,860.35,876.55,876.55,868.6,1064,13745,12021900,
543375,"Promax Power Limited",M,STK,17.05,17.4,16.86,17.01,17.01,18.97,8,20000,343525,
543376,"Samor Reality Limited",T,STK,73.48,73.48,73.48,73.48,73.48,69.99,1,1,73,
543378,"CWD Limited",MS,STK,280,280,275,275,275,281,4,2500,692500,
543383,"ICICI Prudential Mutual Fund",B,STK,124.95,125.48,121.65,122.35,122.35,122.5,22,647,79396,
543384,"FSN E-Commerce Ventures Limite",A,STK,267.45,277.2,267.45,275.25,274.5,270.95,2406,101172,27780812,
543386,"Fino Payments Bank Limited",B,STK,214.1,221.7,213.8,214.95,213.8,218.1,213,4238,920814,
543387,"S.J.S. Enterprises Limited",A,STK,1802.2,1863.95,1791.05,1824.45,1827.6,1802.1,657,5896,10807613,
543388,"DSP Mutual Fund",B,STK,345.09,346.15,344.92,346.15,346.15,343.38,5,68,23505,
543389,"Sigachi Industries Limited",B,STK,22.19,23.3,21.47,22.34,22.25,23.02,947,262141,5885887,
543390,"PB Fintech Limited",A,STK,1502.75,1526.35,1492.75,1503.2,1503.2,1524.45,3236,33514,50473195,
543391,"Suyog Gurbaxani Funicular Rope",M,STK,123.75,126.4,123,126.4,126.4,125,6,5250,652087,
543396,"One 97 Communications Limited",A,STK,1122.35,1127.35,1103.3,1122.95,1122.95,1126.35,3123,95957,107439757,
543397,"Sapphire Foods India Limited",A,STK,217.95,218,213.5,214.85,214.6,218.5,419,8778,1891484,
543398,"Latent View Analytics Limited",A,STK,390,394,385.1,386.2,386.5,389.35,705,20576,8020462,
543399,"Tarsons Products Limited",B,STK,198.5,199.1,195.8,198.35,198.35,200,112,3393,667990,
543400,"Omnipotent Industries Limited",M,STK,4.37,4.37,4,4.06,4,4.17,20,40000,162880,
543401,"Go Fashion (India) Limited",B,STK,344.15,344.15,336,338.35,339.45,350.2,184,2427,827694,
543411,"HI-TECH PIPES LIMITED",B,STK,86.75,86.75,83.11,83.64,83.24,87.86,685,54861,4664050,
543412,"Star Health and Allied Insuran",A,STK,462.65,476.9,461.5,468.65,476,467.85,991,20441,9571488,
543413,"Tega Industries Limited",A,STK,1656.55,1656.55,1583,1620.85,1607.7,1638,641,4088,6596315,
543414,"Mirae Asset Mutual Fund",B,STK,25.1,25.17,24.56,24.86,24.92,24.96,352,67217,1675245,
543415,"Anand Rathi Wealth Limited",A,STK,3059.9,3059.9,2988.2,2998.7,3000,2985.55,445,2857,8601134,
543416,"Zodiac Energy Limited",B,STK,275.95,275.95,264,268.5,268,276.2,207,1174,313791,
543417,"RateGain Travel Technologies L",A,STK,537.3,545.8,523.45,539.5,540.55,548.6,954,21058,11243137,
543418,"Edelweiss Mutual Fund",F,STK,1307.56,1318.88,1307.56,1318.88,1318.88,1303.45,14,418,551108,
543419,"Shriram Properties Limited",B,STK,83.47,83.47,78.45,82.05,82.05,84.45,1626,178945,14432473,
543420,"Jet Freight Logistics Limited",T,STK,16.57,17.54,16.57,17.4,17.4,17,5,250,4326,
543425,"C.E. Info Systems Limited",A,STK,1217.9,1220,1150,1152.5,1154.1,1234.9,1553,157873,185259828,
543426,"Metro Brands Limited",A,STK,1060.05,1075,1051.6,1068.45,1063.4,1070.2,254,2616,2781722,
543427,"Medplus Health Services Limite",A,STK,841.1,868.7,830.45,848.7,851.6,857.45,647,6317,5363979,
543428,"Data Patterns (India) Limited",A,STK,2767.15,2877.35,2718.75,2825.65,2820,2768.85,5399,52287,148542820,
543433,"HP Adhesives Limited",B,STK,39.26,39.26,37.54,38.25,38.25,38.49,80,10250,388348,
543434,"Supriya Lifescience Limited",A,STK,677.95,682.4,669.9,672.4,677.05,681.25,310,3900,2636907,
543437,"Motilal Oswal Mutual Fund",B,STK,99.01,100.49,98.94,99.3,99.49,99.78,285,5574,553378,
543438,"DSP Mutual Fund",B,STK,240.04,240.66,238.94,239.8,239.63,240.82,48,285,68241,
543440,"DSP Mutual Fund",B,STK,267.41,268.66,267.41,267.89,267.89,267.67,39,128,34292,
543441,"CMS Info Systems Limited",A,STK,320.3,320.4,312.35,315.2,315.2,321.65,1050,29316,9257143,
543442,"Brand Concepts Limited",B,STK,293,293,279.6,279.9,279.9,288.85,17,260,73316,
543449,"WONDER ELECTRICALS LIMITED",B,STK,143.25,143.6,141,141.55,141.5,143.4,27,979,139124,
543450,"ICICI Prudential Mutual Fund",B,STK,29.04,29.09,28.71,28.79,28.81,29.04,155,15772,454387,
543451,"AGS TRANSACT TECHNOLOGIES LIMI",Z,STK,3.8,3.85,3.68,3.72,3.72,3.84,92,21751,81323,
543452,"ICICI Prudential Mutual Fund",E,STK,236.74,238.25,233.57,237.26,237.26,242.82,6939,679769,160299485,
543454,"Mirae Asset Mutual Fund",B,STK,157.47,158.65,157.47,158.41,158.57,158.01,134,709,112248,
543458,"AWL AGRI BUSINESS LIMITED",A,STK,201.55,204.4,199.4,203.75,203.75,201.55,1018,44786,9085351,
543461,"Safa Systems & Technologies Li",M,STK,17,17.06,15.5,17,17,16.25,10,90000,1520250,
543462,"DEV INFORMATION TECHNOLOGY LIM",B,STK,28.71,28.89,27,27.45,27.45,28.06,106,4679,130200,
543463,"Vedant Fashions Limited",A,STK,455.2,455.2,431,436.9,437.6,455,996,17458,7676404,
543465,"Motilal Oswal Mutual Fund",B,STK,63.71,63.71,62.95,63.63,63.61,63.71,21,898,57086,
543470,"SoftTech Engineers Limited",B,STK,305.25,305.25,295.25,295.25,295.25,309.65,7,10,3002,
543471,"Aditya Birla Sun Life Mutual F",E,STK,243.99,243.99,233.55,236.85,236.6,242.91,2902,167160,39375724,
543472,"Aditya Birla Sun Life Mutual F",B,STK,35.01,35.63,34.85,35.34,35.34,35.59,11,1126,39606,
543473,"Aditya Birla Sun Life Mutual F",B,STK,15.12,15.12,14.7,14.9,14.9,15.05,46,1607,24028,
543474,"Aditya Birla Sun Life Mutual F",B,STK,29.76,29.96,29.45,29.91,29.91,29.71,503,13137,390699,
543480,"ICICI Prudential Mutual Fund",F,STK,65.19,65.19,64.15,64.35,64.35,64.2,7,6615,425638,
543481,"Mirae Asset Mutual Fund",B,STK,22.08,22.54,21.93,22.41,22.43,22.32,351,66404,1479958,
543482,"Eureka Forbes Limited",A,STK,516.85,530,509,525.15,525.15,518.05,390,4400,2302538,
543489,"Gateway Distriparks Limited",B,STK,58,58.7,57.55,58.47,58.45,58.82,292,32530,1896964,
543490,"GMR Power and Urban Infra Limi",A,STK,100.05,102.65,100.05,102.05,101.9,102.85,384,33159,3376856,
543498,"Motherson Sumi Wiring India Li",A,STK,42.85,43.2,42.26,42.66,42.63,42.74,1108,202230,8673754,
543499,"Achyut Healthcare Limited",B,STK,5.4,6,5.05,5.95,5.95,5.42,260,598962,3387087,
543500,"Evoq Remedies Limited",M,STK,3.28,3.28,2.88,3.1,3.1,3.15,15,68000,208640,
543501,"Motilal Oswal Mutual Fund",B,STK,38.53,38.53,38.47,38.47,38.47,38.72,5,5000,192350,
543512,"Avro India Limited",T,STK,128.6,136.95,128.25,129.15,133.9,135,29,1530,196759,
543513,"Uma Exports Limited",B,STK,32,32,31,31.46,31.7,32.44,40,545,16938,
543514,"Veranda Learning Solutions Lim",B,STK,195,200.15,193.3,194.05,195.9,195.8,217,11257,2201624,
543515,"Sunrise Efficient Marketing Li",M,STK,125.9,125.9,125.9,125.9,125.9,132.5,5,1875,236062,
543516,"DHYAANI TRADEVENTTURES LIMITED",MT,STK,8.7,8.7,8.61,8.63,8.63,8.53,3,33600,289604,
543517,"Hariom Pipe Industries Limited",B,STK,379.95,379.95,365,367.15,366.6,372.95,174,2813,1033973,
543520,"Global Longlife Hospital and R",MT,STK,14.02,14.08,13.44,14.08,14.08,13.41,34,113000,1589600,
543523,"Campus Activewear Limited",A,STK,273.5,273.5,269.35,270.2,269.8,272.85,214,10729,2912670,
543524,"Rainbow Children's Medicare Li",A,STK,1185,1203.25,1170,1182.35,1178.3,1184.95,548,6556,7766467,
543525,"Silver Touch Technologies Limi",B,STK,1265.75,1287.95,1208,1271.15,1273.3,1270.75,367,8923,10971874,
543526,"LIFE INSURANCE CORPORATION OF",A,STK,863.55,870.4,853.65,869.2,869.2,863.6,3307,64588,55573813,
543527,"Prudent Corporate Advisory Ser",A,STK,2623.7,2623.7,2567.95,2595.7,2567.95,2630.55,213,1095,2855372,
543528,"Venus Pipes & Tubes Limited",B,STK,1156.15,1156.15,1114.25,1120.15,1125.1,1156.15,216,1491,1679513,
543529,"Delhivery Limited",A,STK,420.75,421.5,416,418.55,421.15,420.35,898,50244,21054806,
543530,"Paradeep Phosphates Limited",A,STK,123.95,123.95,121.15,121.7,121.6,122.7,961,63031,7701460,
543531,"Tierra Agrotech Limited",XT,STK,43.77,43.77,41.8,43.48,43.55,43.77,15,195,8501,
543532,"ETHOS LIMITED",A,STK,2450,2482.05,2409.95,2464.95,2468.3,2480.15,159,689,1679360,
543533,"eMudhra Limited",B,STK,486.9,486.9,459.8,462.9,463.65,486.85,593,7519,3514366,
543534,"Aether Industries Limited",A,STK,987.85,1005,961.35,966.35,965,967.45,1353,16099,15887774,
543535,"We Win Limited",B,STK,45.15,45.15,44.27,44.8,44.8,42.03,5,162,7263,
543539,"MODI'S NAVNIRMAN LIMITED",B,STK,329.7,337,325,336.5,336.5,334.65,81,981,325722,
543540,"Pearl Green Clubs and Resorts",M,STK,100.1,105.95,99.4,99.7,99.7,110.4,22,13200,1326060,
543542,"KESAR INDIA LIMITED",M,STK,1138,1150,1075.05,1124.2,1125,1108,48,25400,28360450,
543543,"B-RIGHT REALESTATE LIMITED",MT,STK,648.05,700,648.05,699.5,700,675,3,1200,818820,
543544,"JAYANT INFRATECH LIMITED",M,STK,66,69,65,67.25,67.25,68,13,10500,702225,
543545,"Veerkrupa Jewellers Limited",M,STK,0.69,0.69,0.66,0.66,0.66,0.67,4,66800,45090,
543546,"HEALTHY LIFE AGRITEC LIMITED",M,STK,10.7,10.7,9.8,9.8,9.8,10.31,21,54000,541360,
543547,"DDEV PLASTIKS INDUSTRIES LIMIT",B,STK,277.35,284.45,276.55,277.6,278.8,280.65,247,7627,2137571,
543563,"Motilal Oswal Mutual Fund",B,STK,43.93,43.93,43.08,43.5,43.5,43.52,31,1313,56911,
543568,"ICICI Prudential Mutual Fund",B,STK,31.65,32.06,31.65,32.01,32.03,32,86,27707,884342,
543569,"HDFC Mutual Fund",B,STK,27.23,27.23,26.77,26.77,26.77,26.97,11,689,18601,
543570,"HDFC Mutual Fund",B,STK,70.38,70.81,69.7,70.79,70.79,70.38,112,7372,518141,
543571,"ICICI Prudential Mutual Fund",B,STK,97.38,99.64,97.38,99.3,99.64,98.38,73,5814,573807,
543572,"DSP Mutual Fund",E,STK,228.14,230,225.01,228.84,229.28,233.99,658,19775,4495664,
543573,"Syrma SGS Technology Limited",A,STK,866.95,889.85,861,865.2,865.2,873.05,3051,58969,51789703,
543574,"Aditya Birla Sun Life Mutual F",B,STK,21.39,21.39,20.86,21.37,21.37,21.29,18,691,14735,
543575,"Aditya Birla Sun Life Mutual F",B,STK,31.73,31.73,31.73,31.73,31.73,31.78,4,129,4093,
543576,"Motilal Oswal Mutual Fund",B,STK,121.18,123.27,121.18,123.2,123.23,122.42,105,41843,5144967,
543577,"Motilal Oswal Mutual Fund",B,STK,224,224,224,224,224,196,1,5,1120,
543578,"Olatech Solutions Limited",MT,STK,196.5,196.5,191.5,191.5,191.5,200.5,2,1850,358900,
543579,"NATURO INDIABULL LIMITED",MT,STK,3.22,3.22,3.15,3.15,3.15,3.31,2,8000,25480,
543590,"Rhetan TMT Limited",B,STK,26.01,27,25.41,26.1,26.1,26.03,654,158488,4124829,
543591,"DREAMFOLKS SERVICES LIMITED",B,STK,87,87.95,86.91,87.36,87,88.55,224,6414,561245,
543592,"HDFC Mutual Fund",E,STK,228.7,228.7,223.39,227.09,227.09,232.1,3501,335098,75680050,
543593,"Dhampur Bio Organics Limited",B,STK,96.7,96.75,91.95,93.8,94.2,96.85,235,8655,819186,
543594,"DIPNA PHARMACHEM LIMITED",M,STK,12.01,12.5,11.85,12.43,12.43,12.74,7,24000,289950,
543596,"Tamilnad Mercantile Bank Limit",A,STK,649,666.55,646.6,655.5,654.95,648.9,498,7127,4679493,
543597,"Virtuoso Optoelectronics Limit",M,STK,399,405,365.6,371.5,371.5,395,67,20000,7694787,
543598,"SHANTIDOOT INFRA SERVICES LIMI",MT,STK,236.35,236.35,236.35,236.35,236.35,225.1,1,400,94540,
543599,"Ksolves India Limited",B,STK,260.25,294.3,260.25,284.65,284.65,283.15,252,3004,864047,
543600,"Harsha Engineers International",B,STK,381.1,389.4,378.5,379.3,379,381.95,129,1283,489484,
543605,"HDFC Mutual Fund",B,STK,59.38,59.38,58.16,58.49,58.49,58.25,4,6,353,
543606,"CONTAINE TECHNOLOGIES LIMITED",M,STK,16.32,17.94,16.32,16.98,16.67,17.16,7,9000,152730,
543607,"HDFC Mutual Fund",B,STK,121.51,121.51,120.42,121.24,121.24,121.22,69,2455,296264,
543613,"MAFIA TRENDS LIMITED",M,STK,6.35,7.26,6.35,7.26,7.26,6.34,2,8000,54440,
543614,"Tips Films Limited",B,STK,377.4,382,368.55,381.95,382,387,11,18,6823,
543615,"SILICON RENTAL SOLUTIONS LIMIT",M,STK,85,89.39,83.1,85,85,86,15,13600,1156792,
543616,"Trident Lifeline Limited",M,STK,268.2,269.95,265,265,265,278.95,20,12000,3216180,
543619,"Concord Control Systems Limite",MT,STK,2450,2500,2390.55,2399.7,2390.55,2500,7,1400,3415620,
543620,"INSOLATION ENERGY LIMITED",M,STK,125,125,111.15,118.95,119.4,122.3,674,381500,44930950,
543626,"Electronics Mart India Limited",A,STK,102,108.25,99.97,101.98,102.19,102.2,754,45211,4696108,
543627,"HDFC Mutual Fund",B,STK,21,21.13,20.95,21.13,21.13,20.91,7,45,948,
543628,"HDFC Mutual Fund",B,STK,31.34,31.65,31.31,31.62,31.65,31.65,62,2940,92800,
543635,"PIRAMAL PHARMA LIMITED",A,STK,165.75,169.25,163.3,164.3,164.3,165.9,1716,125625,20973380,
543636,"Dc Infotech and Communication",B,STK,281.75,281.75,260.05,269.85,269.55,274.9,201,2137,576929,
543637,"PACE E-COMMERCE VENTURES LIMIT",M,STK,16.3,16.9,16.3,16.74,16.74,16.79,12,20400,338904,
543638,"Tracxn Technologies Limited",B,STK,36,36.07,34.59,34.91,34.92,34.98,163,5682,200689,
543643,"Narmada Agrobase Limited",B,STK,32.96,33.24,32.3,32.81,32.51,33,306,12775,419972,
543644,"InfoBeans Technologies Limited",B,STK,865.75,890,845.45,863.9,863.9,865.1,1253,20756,18049579,
543650,"DCX Systems Limited",B,STK,171.5,182.7,167.2,177.55,177,170,1263,78841,13878700,
543651,"DAPS ADVERTISING LIMITED",M,STK,18.6,18.6,18.6,18.6,18.6,18.6,1,4000,74400,
543652,"FUSION FINANCE LIMITED",B,STK,187.9,187.9,183.5,186.8,186.1,187.75,183,5765,1067700,
543653,"Bikaji Foods International Lim",A,STK,639.6,641.05,630.4,632.75,636.35,639.55,336,5133,3262916,
543654,"Global Health Limited",A,STK,1145.05,1150.45,1131,1145,1138.5,1133.5,363,3497,3993278,
543657,"Archean Chemical Industries Li",A,STK,561.35,580.3,558.1,576.15,572,569.15,277,2571,1458341,
543663,"Five-Star Business Finance Ltd",A,STK,444.8,444.8,433,441.2,440.2,439.85,609,13236,5791047,
543664,"KAYNES TECHNOLOGY INDIA LIMITE",A,STK,3920.25,4038,3896.1,3968.9,3968.9,3941.75,7033,79506,317829190,
543665,"HDFC Mutual Fund",B,STK,34.77,35.05,34.38,34.8,34.8,34.67,178,13687,472635,
543666,"HDFC Mutual Fund",B,STK,29.1,29.59,28.9,29.5,29.5,29.13,30,752,22045,
543667,"INOX GREEN ENERGY SERVICES LIM",A,STK,172.05,178.85,162,171.05,171.05,171.1,2618,137828,23495520,
543668,"B&B Triplewall Containers Limi",B,STK,190.5,190.5,190,190.25,190.25,190,3,36,6852,
543669,"Keystone Realtors Limited",B,STK,476.95,476.95,457.6,467.8,465.8,491.8,300,2958,1377136,
543670,"VINNY OVERSEAS LIMITED",B,STK,1.18,1.21,1.14,1.16,1.16,1.2,137,149784,173139,
543671,"AAA TECHNOLOGIES LIMITED",T,STK,114.9,114.9,108.25,108.3,108.8,113.9,51,2298,253127,
543677,"ICICI Prudential Mutual Fund",B,STK,32.2,32.83,31.93,32.7,32.83,32.57,259,9876,319129,
543686,"Sirca Paints India Limited",B,STK,472,478.95,470,474.25,472.95,472.1,215,5992,2842293,
543687,"Dharmaj Crop Guard Limited",B,STK,238.3,240.45,230.9,233.1,233,238.75,200,2298,538306,
543688,"Sarveshwar Foods Limited",B,STK,4.01,4.16,4,4.06,4.07,4.08,390,405259,1639963,
543689,"Uniparts India Limited",B,STK,500.75,509.75,492,493.6,492,516.3,343,4590,2288533,
543699,"Edelweiss Mutual Fund",F,STK,1272,1272,1272,1272,1272,1272,3,10,12720,
543709,"PNGS GARGI FASHION JEWELLERY L",MT,STK,888,913.95,878,897.8,897.95,879.05,68,9750,8710000,
543710,"ICICI Prudential Mutual Fund",B,STK,99.83,101.06,99.54,99.96,99.96,99.83,29,1006,100406,
543711,"Sula Vineyards Limited",A,STK,178.35,178.55,176.25,176.5,177.1,178.35,297,7302,1294524,
543712,"ABANS FINANCIAL SERVICES LIMIT",B,STK,202.5,202.5,201,201,201,202.25,8,299,60325,
543713,"Droneacharya Aerial Innovation",M,STK,36.1,36.26,35.8,35.87,35.85,35.62,26,30000,1080450,
543714,"LANDMARK CARS LIMITED",B,STK,405,415.95,405,411.8,412.35,422.5,104,1235,506891,
543720,"KFin Technologies Limited",A,STK,966.05,1040.25,953.25,1001,1001,968.1,7658,156617,158603100,
543725,"Elin Electronics Limited",B,STK,148,149.9,136,138.6,140,143.2,87,1799,251840,
543732,"Radiant Cash Management Servic",B,STK,40.1,42.2,39,39.04,39,41.63,542,17976,725017,
543737,"Aveer Foods Limited",X,STK,515,515,493,514,514,515.7,17,420,215215,
543738,"DSP Mutual Fund",B,STK,61.98,62.03,61.98,62.03,62.03,61.65,2,11,681,
543743,"Aeroflex Neu Limited",B,STK,69.3,71.03,68.71,69.05,69.05,70.53,13,106,7288,
543744,"Rex Sealing and Packing Indust",M,STK,150,155,145,145,145,160,4,2000,297525,
543745,"SVS VENTURES LIMITED",M,STK,11.56,12.97,11.56,12.97,12.97,13,6,36000,442440,
543746,"LOGICA INFOWAY LIMITED",M,STK,207,216,206.75,206.75,206.75,207.05,16,11400,2407590,
543747,"Kamdhenu Ventures Limited",B,STK,4.99,4.99,4.9,4.94,4.92,4.94,67,18376,90387,
543748,"Aarti Pharmalabs Limited",A,STK,705,723.4,698.8,711.9,713.5,708,656,17750,12651891,
543766,"Ashika Credit Capital Ltd.",B,STK,359,373.45,350,369.5,369,369,147,65890,24251089,
543767,"BODHI TREE MULTIMEDIA LIMITED",B,STK,8.28,8.29,7.65,7.74,7.94,8.06,78,14054,109627,
543768,"NMDC Steel Limited",A,STK,40.15,40.51,39.87,40.38,40.45,40.36,783,106623,4294151,
543769,"INDONG TEA COMPANY LIMITED",M,STK,9.5,9.5,9.5,9.5,9.5,9.14,1,4000,38000,
543774,"HDFC Mutual Fund",B,STK,37.72,37.89,36.95,37.6,37.6,37.39,47,2163,81385,
543775,"HDFC Mutual Fund",B,STK,160.01,161.35,159.47,161.05,161.26,161.14,588,47304,7591621,
543776,"HDFC Mutual Fund",B,STK,22,22.75,21.86,22.39,22.75,22.17,260,51944,1147855,
543781,"Mirae Asset Mutual Fund",E,STK,148.22,149.88,147.62,149.19,149.24,148.18,1097,80790,11980727,
543782,"Sealmatic India Limited",M,STK,394.95,394.95,365,365,365,370,13,2340,877491,
543787,"Macfos Limited",M,STK,815.05,839.95,815.05,832.15,832.15,830.1,13,2700,2231242,
543798,"Patron Exim Limited",M,STK,2.33,2.33,2.19,2.24,2.24,2.22,4,20000,45040,
543799,"S. V. J. Enterprises Limited",MT,STK,471.25,517.75,471.25,517.75,517.75,496.05,2,1500,741750,
543805,"RESGEN LIMITED",M,STK,59,61,58.5,60.49,61,59.93,9,8250,494940,
543806,"ITCONS E-Solutions Limited",M,STK,361.5,380,361.2,379.85,379,379,35,13600,5114080,
543811,"AIRAN LIMITED",B,STK,19.69,19.87,17.23,17.4,17.23,19.14,178,27989,512307,
543812,"DIVGI TORQTRANSFER SYSTEMS LIM",B,STK,747.05,800.6,742.5,755.15,742.5,745.55,1077,11022,8581990,
543813,"Aditya Birla Sun Life Mutual F",F,STK,999.99,1000.01,999.99,1000.01,1000.01,999.99,3,2846,2846007,
543814,"PROSPECT CONSUMER PRODUCTS LIM",M,STK,60,60,60,60,60,60,1,4000,240000,
543819,"ICICI Prudential Mutual Fund",B,STK,92.28,94.07,91.54,93.73,93.6,92.89,89,8833,818822,
543828,"SUDARSHAN PHARMA INDUSTRIES LI",M,STK,25.21,26.1,24.65,24.82,24.65,25.85,14,56000,1404200,
543829,"Global Surfaces Limited",T,STK,83.12,83.12,83.12,83.12,83.12,87.49,4,71,5901,
543830,"LABELKRAFT TECHNOLOGIES LIMITE",M,STK,50,52,50,52,52,50,3,6000,304000,
543853,"Axis Mutual Fund",B,STK,87.4,87.57,85.51,85.98,85.98,85.85,30,2251,192688,
543860,"J.A. Finance Limited",XT,STK,124.3,124.3,124.3,124.3,124.3,130.84,27,1763,219140,
543861,"Udayshivakumar infra limited",B,STK,20.9,22,20.9,22,22,21,37,4061,87842,
543874,"Maiden Forgings Limited",M,STK,87.6,87.6,86.01,86.6,86.6,89.5,9,10000,868920,
543895,"Exhicon Events Media Solutions",M,STK,534,534.8,520.05,528.05,528.5,530.3,38,14750,7767787,
543896,"Avalon Technologies Limited",A,STK,1043.95,1069.2,1042.25,1056.75,1061.5,1054.5,480,3886,4118057,
543898,"BEML Land Assets Limited",B,STK,188.2,189.9,187.25,187.3,187.3,190.25,45,915,172284,
543899,"Cube Highways Trust",IF,STK,139.5,140.9,139.5,140.9,140.9,139,2,100000,13985000,
543900,"UTI Mutual Fund",E,STK,229.65,230.71,225.61,229.54,229.3,233.99,1289,91379,20815614,
543901,"ROBUST HOTELS LIMITED",B,STK,188.1,190,186.5,186.5,186.5,188.05,35,555,104546,
543902,"Retina Paints Limited",M,STK,58,60.5,56.5,59.58,60.2,59.99,7,22000,1290200,
543903,"DSP Mutual Fund",E,STK,148,149.58,147.62,149.02,149.58,147.93,73,9595,1420683,
543904,"Mankind Pharma Limited",A,STK,2059.05,2085.4,2052.1,2082,2080,2060.3,445,3058,6356626,
543905,"INNOKAIZ INDIA LIMITED",MT,STK,14.33,14.33,14.33,14.33,14.33,14.33,2,1600,22928,
543910,"AVG Logistics Limited",B,STK,144.65,144.65,136,137.4,137.4,144,186,5846,813681,
543911,"Atal Realtech Limited",B,STK,26.98,27,25.33,26.22,26.24,25.92,258,197351,5177184,
543912,"Power & Instrumentation (Gujar",B,STK,121.25,127.5,118,120.05,120.05,130.15,106,2085,253951,
543913,"Nexus Select Trust",IF,STK,163.25,163.8,161.91,162.27,161.91,162.84,319,5099,830716,
543914,"Swati Projects Limited",X,STK,31.15,32,30,30.25,30.85,30.54,71,3539,107554,
543915,"Pavna Industries Limited",B,STK,22.81,25.55,22.57,24.18,24.06,22.25,556,54557,1325670,
543916,"Hemant Surgical Industries Lim",M,STK,280.5,282,280.5,282,282,285,11,6400,1802800,
543917,"SIGMA SOLVE LIMITED",B,STK,48,48,41.4,41.8,41.65,46.56,445,12518,543442,
543918,"GHCL Textiles Limited",B,STK,74.2,80.32,74.2,80.13,79.87,79.14,103,4137,329515,
543919,"M.K.Proteins Limited",B,STK,5.88,5.88,5.16,5.27,5.27,5.31,35,3712,19771,
543920,"CFF FLUID CONTROL LIMITED",M,STK,526,538,525.5,528.3,528,529.45,83,19400,10273250,
543921,"Comrade Appliances Limited",M,STK,42.64,42.64,42.64,42.64,42.64,44.88,9,9000,383760,
543922,"Mirae Asset Mutual Fund",E,STK,235.67,235.67,227.45,230.62,231,236.37,380,15067,3462830,
543923,"IKIO Technologies Limited",B,STK,148,148.4,142.35,145.25,145.6,147.95,241,7426,1071067,
543924,"Sonalis Consumer Products Limi",M,STK,63.1,64,63.1,63.59,64,63.2,5,12000,760120,
543926,"Bizotic Commercial Limited",MT,STK,1048,1048,1027.05,1027.1,1027.1,1048,3,1200,1240860,
543927,"Asian Warehousing Limited",X,STK,36.73,36.73,34.05,36.4,36.4,36.55,20,346,11866,
543928,"Cosmic CRF Limited",M,STK,1059,1060,1044.15,1050.05,1050.05,1059,41,5100,5359185,
543929,"HMA Agro Industries Limited",B,STK,27,27.32,26,26.56,26.35,28.04,307,19100,510196,
543930,"Uravi Defence and Technology L",B,STK,175,176.15,167,171,171,170.7,100,1159,198165,
543931,"VEEFIN SOLUTIONS LIMITED",M,STK,296,304.45,287,291.4,290,298.65,86,36800,10758390,
543932,"IDEAFORGE TECHNOLOGY LIMITED",B,STK,410.05,412.15,404.05,406.95,407.35,410.75,349,7594,3093416,
543933,"Cyient DLM Limited",B,STK,358.75,363.35,354.65,355.45,355.45,364.05,237,3401,1216736,
543936,"Senco Gold Limited",A,STK,336.05,350.85,336.05,341.7,342.8,351.6,1255,63434,21819136,
543937,"ALPHALOGIC INDUSTRIES LIMITED",MT,STK,172.2,172.2,172.2,172.2,172.2,164,4,3600,619920,
543938,"ACCELERATEBS INDIA LIMITED",MT,STK,159,168,157,166.75,168,160.75,13,8320,1344672,
543939,"Kaka Industries Limited",M,STK,192,192,191,191.05,191,193,5,2500,478050,
543940,"Jio Financial Services Limited",A,STK,262.9,263.15,259.7,262.55,262.55,263.85,5090,473013,123471407,
543941,"AHASOLAR TECHNOLOGIES LIMITED",M,STK,85.55,85.55,85.55,85.55,85.55,86.5,1,400,34220,
543942,"UTKARSH SMALL FINANCE BANK LIM",B,STK,13.6,13.77,13.37,13.48,13.48,13.54,506,231466,3118937,
543943,"ASARFI HOSPITAL LIMITED",MT,STK,166.5,167,161.9,162.3,163.4,170.4,73,82000,13309600,
543944,"Mirae Asset Mutual Fund",B,STK,619.02,619.02,619.02,619.02,619.02,612.27,1,232,143612,
543945,"NETWEB TECHNOLOGIES INDIA LIMI",A,STK,3099.3,3113.9,3042.05,3067.05,3078.9,3099.3,5057,68260,209739519,
543946,"Mirae Asset Mutual Fund",F,STK,1000,1000,1000,1000,1000,1000,25,15954,15954000,
543948,"DSP Mutual Fund",B,STK,92.03,93.57,91.61,93.24,92.49,92.29,29,1573,146168,
543949,"DSP Mutual Fund",B,STK,29.16,29.36,29.16,29.36,29.36,29.16,11,221,6446,
543950,"YATHARTH HOSPITAL & TRAUMA CAR",A,STK,696.85,696.85,673.95,681.3,680.15,685.9,482,13005,8847333,
543952,"NIIT Learning Systems Limited",A,STK,373,379.1,355.2,369.6,368.7,367.25,178,4163,1541057,
543953,"Khazanchi Jewellers Limited",M,STK,776.5,776.5,770.55,771.95,772.8,774.5,102,44750,34546725,
543954,"Allcargo Terminals Limited",B,STK,25,26.08,24.6,25.8,25.8,25.2,64,2833,71462,
543955,"Transindia Real Estate Limited",B,STK,23.5,23.8,23.5,23.5,23.5,23.5,24,6362,149831,
543956,"ICICI Prudential Mutual Fund",B,STK,21.06,21.38,20.92,21.18,21.18,21.17,39,7488,157708,
543957,"REDTAPE Limited",B,STK,133,134.3,127.2,128,128,133.75,500,26633,3442914,
543958,"VL E-Governance & IT Solutions",B,STK,13.49,13.86,12.73,12.81,12.8,13.43,235,49647,647037,
543959,"SBFC Finance Limited",A,STK,96.17,97,94.51,95.43,95.58,96.37,460,36216,3464672,
543960,"Concord Biotech Limited",A,STK,1183.3,1189.15,1158.65,1166.45,1166.45,1183.25,553,5563,6523952,
543962,"D.P. WIRES LIMITED",B,STK,165.75,165.75,160,161.55,161,166.35,32,370,60115,
543965,"TVS Supply Chain Solutions Lim",A,STK,131,131,125.05,125.47,125.47,131.29,1978,275162,35215463,
543969,"Pyramid Technoplast Limited",B,STK,151.05,152.85,150,152.85,152.85,153,98,620,93819,
543970,"Shoora Designs Limited",MT,STK,54.6,55.05,54.6,55.05,55.05,53,3,4500,247050,
543971,"Bondada Engineering Limited",M,STK,341.85,344.65,336.55,340.35,340.95,341.9,172,58000,19754970,
543972,"Aeroflex Industries Limited",B,STK,193.35,194.5,188.3,192.5,191.85,186.7,906,67256,12922829,
543973,"HDFC Mutual Fund",F,STK,1048.51,1048.51,1048.51,1048.51,1048.51,1048.38,1,96,100656,
543974,"VISHNU PRAKASH R PUNGLIA LIMIT",B,STK,44.01,46.95,43.96,44.72,44.72,47.04,1079,165918,7535860,
543975,"UTI Mutual Fund",B,STK,216.21,222.33,216.21,221.56,221.56,219.9,3,3,660,
543976,"Shradha AI Technologies Limite",X,STK,28.51,28.88,26.76,26.8,26.93,28.72,347,44762,1225621,
543977,"Rishabh Instruments Limited",B,STK,424.95,460.55,418.15,438.7,433.6,435.55,415,8222,3715697,
543978,"Ratnaveer Precision Engineerin",B,STK,150,158,146.1,150.75,150.75,146.8,1581,119587,18228675,
543980,"Jupiter Life Line Hospitals Li",A,STK,1234,1242.25,1222.7,1232.15,1222.7,1238.85,53,112,138410,
543981,"R R KABEL LIMITED",A,STK,1407.45,1420.4,1399.15,1410.2,1403.3,1404.8,579,4630,6537707,
543982,"QUEST FLOW CONTROLS LIMITED",M,STK,186.55,190.9,184,188,188,186.55,14,3800,706790,
543983,"EMS LIMITED",B,STK,302.05,312.7,299.5,300.25,302,330.3,1460,32158,9782267,
543984,"Samhi Hotels Limited",A,STK,165.65,167.85,163.1,165,165.1,165.6,409,30502,5033639,
543985,"ZAGGLE PREPAID OCEAN SERVICES",A,STK,285.3,285.3,269.95,271.35,271.35,286.25,1716,75153,20555329,
543986,"South West Pinnacle Exploratio",T,STK,185,190.7,182.5,185.1,185.1,185,55,3740,696734,
543988,"Nuvama Wealth Management Limit",A,STK,1260,1293.25,1238.7,1288,1289,1299.15,1957,145951,185658676,
543989,"Sai Silks (Kalamandir) Limited",B,STK,115.85,115.85,112.7,113.3,113.3,115.8,185,6040,684943,
543990,"SIGNATUREGLOBAL (INDIA) LIMITE",A,STK,1050.85,1110.55,1050.85,1097.95,1100,1042.25,3476,77565,85083866,
543991,"TECHKNOWGREEN SOLUTIONS LIMITE",M,STK,106.2,126,106.2,122.1,121.3,111,49,20400,2437800,
543992,"YATRA ONLINE LIMITED",B,STK,164.25,170.65,160.55,161.95,161.95,167.1,1033,73280,12082846,
543993,"ARCL Organics Ltd",XT,STK,208.4,216.75,207.4,207.4,207.4,218.3,115,6762,1408185,
543994,"JSW Infrastructure Limited",A,STK,257.05,262.55,256.3,262.05,262.1,257.55,1633,78548,20458777,
543995,"MANOJ VAIBHAV GEMS 'N' JEWELLE",B,STK,172.6,172.6,169,169,169,172.7,53,2344,400028,
543996,"Updater Services Limited",B,STK,167.4,167.4,151.25,155.95,155,153.25,174,3104,480930,
543997,"ORGANIC RECYCLING SYSTEMS LIMI",M,STK,241,241.95,236,239.8,241.5,240.5,16,9600,2307390,
543998,"Valiant Laboratories Limited",B,STK,60.6,60.9,60,60,60,61.5,29,3423,205974,
543999,"Mirae Asset Mutual Fund",A,STK,84.86,85.48,84.68,85.22,85.22,85.02,26,963,81884,
544001,"Sunita Tools Limited",M,STK,681,718.7,681,708.2,710,664.4,103,13625,9600750,
544003,"Plaza Wires Limited",B,STK,40,40.07,39.04,39.81,39.3,40.15,127,2870,113843,
544004,"IRM ENERGY LIMITED",B,STK,256.95,256.95,240,242.55,241.55,245.35,60,1494,361573,
544006,"Mirae Asset Mutual Fund",B,STK,34.42,34.54,34.01,34.5,34.54,34.42,152,74938,2563807,
544007,"Mirae Asset Mutual Fund",B,STK,25.16,25.47,25.15,25.43,25.4,25.38,43,64262,1618271,
544008,"Max Estates Limited",B,STK,406,410,400.25,403.45,402.05,409.35,209,1946,790774,
544009,"Blue Jet Healthcare Limited",A,STK,374.6,374.6,357.75,357.75,357.75,397.45,2136,81746,29527771,
544012,"Cello World Limited",A,STK,499.95,499.95,470,477.1,477.4,507.7,1903,26032,12497298,
544014,"Honasa Consumer Limited",A,STK,299.05,310.55,298.25,306.05,305.1,301.5,1636,112441,34355191,
544015,"Mish Designs Limited",M,STK,54,56.7,52,53.5,53.5,54,13,8000,431205,
544020,"ESAF Small Finance Bank Ltd",B,STK,28.48,28.48,27.7,27.94,27.95,28.29,213,27719,778917,
544021,"Protean eGov Technologies Limi",A,STK,630,633.45,616.6,617.8,617.8,633.6,813,23180,14447862,
544022,"ASK Automotive Limited",B,STK,435.05,442.15,434.7,435.8,435.15,431.85,506,8228,3605989,
544023,"Kalyani Cast-Tech Limited",M,STK,495.5,499.4,489,490.15,493,494.85,41,12750,6326550,
544026,"Indian Renewable Energy Develo",A,STK,123.4,127.75,122.25,127.15,127.15,123.55,3427,586396,74076864,
544027,"Fedbank Financial Services Lim",B,STK,141,141.2,137.5,138.75,138.55,142.05,564,41200,5747801,
544028,"Tata Technologies Limited",A,STK,598.85,600.7,592.3,597.55,598.2,597.75,1900,48860,29149373,
544029,"Gandhar Oil Refinery (India) L",B,STK,146.55,147,145.2,146.75,145.65,146.5,185,5332,779163,
544030,"Flair Writing Industries Limit",B,STK,322,323.8,318.65,320.8,321.15,323.25,91,1471,472096,
544035,"Swashthik Plascon Limited",M,STK,26.99,26.99,26.99,26.99,26.99,27,1,1600,43184,
544036,"DEEPAK CHEMTEX LIMITED",M,STK,107,107,104.05,104.05,104.05,107.5,4,3200,337680,
544037,"Amic Forging Limited",M,STK,1166.05,1214.95,1166.05,1182.5,1209,1204.2,117,24400,29030345,
544042,"Bajel Projects Limited",B,STK,161.4,161.4,157.55,159.45,159.15,162.1,212,5191,824133,
544043,"BARODA BNP PARIBAS MUTUAL FUND",E,STK,148.24,149.07,146.39,148.76,148,148.05,21,231,33890,
544044,"India Shelter Finance Corporat",A,STK,735.3,735.3,719.25,726.5,726.5,737.95,499,5914,4290795,
544045,"DOMS Industries Limited",A,STK,2379.55,2381.15,2346.55,2368.4,2369,2369.95,342,1991,4716021,
544046,"INOX India Limited",A,STK,1188.3,1203.55,1170.1,1172,1174.9,1169.2,454,5599,6644432,
544047,"Siyaram Recycling Industries L",M,STK,53.85,53.85,50,50.25,50,52.5,38,66000,3356070,
544053,"Motisons Jewellers Limited",B,STK,15.95,16.27,15.75,16.06,16.06,15.79,555,315164,5045803,
544054,"Suraj Estate Developers Limite",B,STK,222,225.4,217.9,222.05,222.05,224.55,253,6006,1324689,
544055,"Muthoot Microfin Limited",B,STK,190.3,192.1,186.85,190.7,190.1,190.2,305,12134,2299653,
544056,"Sahara Maritime Limited",M,STK,17.1,17.1,17.1,17.1,17.1,16.66,1,1600,27360,
544057,"Happy Forgings Limited",B,STK,1306,1311.95,1270.75,1282.05,1280.8,1299,637,4314,5553423,
544058,"Credo Brands Marketing Limited",B,STK,91.1,91.1,88,89.1,89.06,92.02,312,17862,1583901,
544059,"SHANTI SPINTEX LIMITED",M,STK,55,55,55,55,55,54.95,1,2000,110000,
544060,"RBZ Jewellers Limited",B,STK,135,143.95,133.6,136.55,137.9,152.95,523,25785,3553094,
544061,"Azad Engineering Limited",A,STK,1570,1680,1514.5,1648.2,1648.2,1579.6,5812,66000,108124787,
544066,"SUNDARAM-CLAYTON LIMITED",B,STK,1311.5,1315,1283.85,1299.95,1299.95,1304.65,23,155,200905,
544067,"INNOVA CAPTAB LIMITED",B,STK,676.8,687.15,669.75,673.65,670.8,677.6,88,506,342855,
544074,"Shri Balaji Valve Components L",M,STK,88,88.9,85,85,85,86.99,10,6600,571368,
544079,"DIGIDRIVE DISTRIBUTORS LIMITED",B,STK,22.84,23.19,22.75,22.75,22.75,23.43,13,260,5933,
544081,"Jyoti CNC Automation Limited",A,STK,829.95,844.75,821,825.85,829.15,827.75,832,21010,17480080,
544082,"New Swan Multitech Limited",M,STK,51.1,51.1,44.17,45.77,45.77,49,12,24000,1123720,
544088,"Medi Assist Healthcare Service",A,STK,401,406.2,395,396.45,396,404.25,312,2940,1171561,
544089,"Zerodha Mutual Fund",F,STK,112.75,112.77,112.75,112.76,112.77,112.74,211,230166,25953270,
544090,"Sayaji Hotels (Pune) Limited",X,STK,815.85,825,815.85,825,825,815.85,2,5,4115,
544091,"Qualitek Labs Limited",M,STK,395,398.1,351,355,355,342,9,4800,1734680,
544092,"Bajaj Finserv Mutual Fund",B,STK,262.82,262.82,262.09,262.09,262.09,261.52,4,103,27057,
544093,"Bajaj Finserv Mutual Fund",B,STK,60.87,61.35,60.87,61.35,61.35,61.34,5,32,1961,
544094,"Euphoria Infotech (India) Limi",M,STK,33.5,33.51,33.5,33.5,33.5,34.31,4,4800,160812,
544095,"EPACK Durable Limited",A,STK,250,258.25,246.65,255.3,255,249.95,489,40450,10167318,
544100,"Nova Agritech Limited",B,STK,29.2,29.28,28.67,28.77,29.12,29.28,260,13147,379582,
544101,"Brisk Technovision Limited",M,STK,80,80.5,80,80.5,80.5,78.5,2,1600,128400,
544103,"UTI Mutual Fund",F,STK,63.3,63.3,63.3,63.3,63.3,64.83,1,1,63,
544104,"UTI Mutual Fund",F,STK,25.73,25.73,25.73,25.73,25.73,26.31,1,1,25,
544107,"BLS E-Services Limited",B,STK,160.25,170.05,160.25,167.55,167.65,164.35,167,8865,1490315,
544108,"Gabriel Pet Straps Limited",M,STK,209.45,210,205,208.4,208.4,205,12,9000,1857630,
544110,"HDFC Mutual Fund",B,STK,91.96,93.95,91.72,93.6,93.6,93.17,46,3936,367158,
544111,"Apeejay Surrendra Park Hotels",B,STK,126.3,126.4,124.1,125.25,125.05,126.85,375,9533,1194007,
544112,"JASCH GAUGING TECHNOLOGIES LIM",X,STK,471.45,497,471.45,482.6,482.55,477.2,32,24058,11437706,
544117,"Signpost India Limited",B,STK,239.9,245.75,238.45,241.4,241.85,240.75,659,10536,2532309,
544118,"JANA SMALL FINANCE BANK LIMITE",A,STK,383.05,391.45,377.55,385.75,384.7,387.35,476,7778,2984158,
544119,"Rashi Peripherals Limited",B,STK,363.2,372.15,362.1,369.75,370,365.4,153,4523,1660525,
544120,"Capital Small Finance Bank Ltd",B,STK,266.45,272.85,264.45,264.65,264.45,271.8,32,619,164362,
544122,"Entero Healthcare Solutions Li",B,STK,1155.05,1188.1,1050.15,1108.3,1127.45,1154.55,1227,19705,21709740,
544123,"LIC Mutual Fund",B,STK,61.28,61.28,59.85,59.92,59.92,60.08,8,244,14845,
544124,"VIBHOR STEEL TUBES LIMITED",B,STK,118.1,118.1,116.05,116.3,116.05,118.55,24,1469,171068,
544129,"Juniper Hotels Limited",B,STK,243.1,245,236.4,241.2,239.9,243.05,125,20670,4985103,
544130,"Mirae Asset Mutual Fund",B,STK,42.03,42.32,41.71,42.25,42.27,42.21,189,69416,2908925,
544131,"GPT Healthcare Limited",B,STK,126.05,132.4,126.05,129,128.5,127.75,109,3466,450325,
544132,"Zerodha Mutual Fund",E,STK,24,24.55,23.94,24.19,24.19,24,1491,504341,12138841,
544133,"EXICOM TELE-SYSTEMS LIMITED",B,STK,96.03,96.32,93.6,93.8,93.8,97,426,17286,1631864,
544134,"Platinum Industries Limited",B,STK,238.05,239.5,232.4,234.1,234,241.55,201,3815,896963,
544135,"Mukka Proteins Limited",B,STK,25,25.39,24.22,24.34,24.26,24.86,141,15847,392162,
544136,"R K Swamy Limited",B,STK,107.05,107.3,105.6,107.1,107.3,105.55,50,681,72855,
544137,"Indus Infra Trust",IF,STK,121.01,121.75,120,120.77,120.72,121.02,210,4891,589799,
544138,"J.G.Chemicals Limited",B,STK,399,399,370.3,382.45,382.4,381.15,316,5727,2177106,
544139,"KOURA FINE DIAMOND JEWELRY LIM",M,STK,36.85,36.85,36.85,36.85,36.85,39,1,2000,73700,
544140,"Gopal Snacks Limited",B,STK,299.4,311.2,295.8,308.1,311,299.2,2546,50246,15155051,
544141,"Pune E - Stock Broking Limited",M,STK,239.8,240,234,237,239,238.95,17,57600,13787480,
544142,"Shipping Corporation of India",B,STK,46.16,46.16,44.76,45.16,45.4,46.34,190,18328,830549,
544143,"Royal Sense Limited",M,STK,178,178,175,175.05,175,174.5,6,3000,526650,
544144,"Popular Vehicles and Services",B,STK,105.05,106.55,102,102.7,102.55,105.9,93,2992,310115,
544149,"KRYSTAL INTEGRATED SERVICES LI",B,STK,625.7,625.7,611.55,618.45,624.65,627.1,22,286,176255,
544150,"KP GREEN ENGINEERING LIMITED",M,STK,388.3,393.35,377.6,379.8,381.95,388.3,108,33000,12665837,
544151,"CHATHA FOODS LIMITED",M,STK,75.87,75.87,75.87,75.87,75.87,75.91,1,1000,75870,
544158,"SRM CONTRACTORS LIMITED",B,STK,405.95,455.15,405.95,429.25,423,391.65,2614,71247,31232185,
544159,"DSP BSE Liquid Rate ETF",F,STK,1113.62,1113.64,1113.62,1113.63,1113.62,1113.5,24,20490,22818314,
544160,"Jay Kailash Namkeen Limited",M,STK,17.99,17.99,17.99,17.99,17.99,18.39,1,1600,28784,
544161,"D P ABHUSHAN LIMITED",B,STK,1221.5,1242.1,1221.5,1232.6,1233,1229.1,37,734,898194,
544162,"Bharti Hexacom Limited",A,STK,1630.55,1689.55,1630.55,1675.25,1673.25,1672.3,2123,21221,35032653,
544163,"Greenhitech Ventures Limited",M,STK,87.51,90.6,87.51,90.3,90,94.5,5,5000,448620,
544164,"Faalcon Concepts Limited",M,STK,35.6,36.95,35.6,36.95,36.95,37.5,5,10000,360660,
544165,"SHIVAM CHEMICALS LIMITED",MT,STK,90,90,89.9,89.9,89.9,91,9,21000,1889850,
544166,"EMMFORCE AUTOTECH LIMITED",M,STK,120,120.1,117,117.25,117.25,125,14,18000,2142120,
544167,"JNK India Limited",B,STK,240,246.4,235.2,237.45,235.8,241.55,207,8655,2066095,
544169,"Amkay Products Limited",MT,STK,58.5,58.5,58.5,58.5,58.5,57,1,2000,117000,
544170,"Dolphin Kitchen Utensils and A",M,STK,41,41,36.05,39.88,39.96,39.93,184,522000,20723440,
544171,"Storage Technologies and Autom",M,STK,49.99,50,49.99,50,50,50,3,3200,159992,
544172,"Indegene Limited",A,STK,486.05,486.05,467.8,473.2,477.5,474.75,1038,39055,18702905,
544173,"Finelistings Technologies Limi",M,STK,15.9,15.9,15.9,15.9,15.9,16.68,1,1000,15900,
544174,"TBO TEK LIMITED",A,STK,1452.05,1485,1427.6,1444.6,1427.6,1516.1,450,2706,3940176,
544175,"TGIF AGRIBUSINESS LIMITED",M,STK,90,90,90,90,90,89.6,1,1200,108000,
544176,"Aadhar Housing Finance Limited",A,STK,467.9,472,461.55,462.45,462.45,466.25,289,5428,2519753,
544177,"Aztec Fluids & Machinery Limit",M,STK,103.05,103.05,98,102.15,102.25,107.5,8,9000,911850,
544179,"Go Digit General Insurance Lim",A,STK,323.2,334.65,323.2,332.05,331.3,322.4,471,10355,3428868,
544180,"Mirae Asset Mutual Fund",B,STK,46.8,47.32,46.72,47.32,47.32,47.34,55,24447,1149782,
544181,"Awfis Space Solutions Limited",A,STK,323.2,329,316.85,324.35,326.05,324.1,602,10600,3416913,
544182,"Bajaj Finserv Mutual Fund",F,STK,1069.37,1069.37,1069.37,1069.37,1069.37,1068.88,2,296,316533,
544183,"Associated Coaters Limited",M,STK,112.5,113.77,112.5,113.75,113.75,108.36,6,3000,339745,
544184,"Borosil Scientific Limited",B,STK,120,124.9,119.2,119.95,120.6,118.4,612,14697,1794567,
544185,"ADTECH SYSTEMS LIMITED",X,STK,55.9,55.9,53,54.59,54,57.72,112,7830,422192,
544186,"Forbes Precision Tools and Mac",X,STK,135,137.95,135,135.95,135.05,138.45,87,4703,638819,
544187,"KRONOX LAB SCIENCES LIMITED",B,STK,121.5,122.8,121.2,121.65,121.65,122.2,39,424,51629,
544188,"Magenta Lifecare Limited",M,STK,12.5,12.5,12.5,12.5,12.5,12.66,1,8000,100000,
544189,"SATTRIX INFORMATION SECURITY L",M,STK,418.95,422.5,414.5,419,419,413.6,22,11000,4595925,
544190,"3C IT Solutions and Telecoms (",M,STK,23.01,24.89,23.01,24.89,24.89,24.2,3,6000,141820,
544191,"Purple Finance Limited",XT,STK,63.1,65,62.63,63.19,63,65.92,268,169820,10747573,
544192,"Le Travenues Technology Limite",A,STK,196.9,196.9,186.15,187.55,187.1,196.2,1934,57894,11077101,
544193,"Zerodha Mutual Fund",B,STK,10.96,11.02,10.84,11.01,11,10.97,236,33234,363620,
544194,"Zerodha Mutual Fund",B,STK,11.04,11.08,10.78,11,11,10.96,35,3425,37655,
544195,"United Cotfab Limited",M,STK,19.65,19.65,19,19.3,19,20.05,4,8000,155100,
544196,"BARODA BNP PARIBAS MUTUAL FUND",B,STK,61.08,61.13,60.77,61.08,61.08,60.79,5,182,11098,
544197,"JHS SVENDGAARD RETAIL VENTURES",B,STK,25,25,24.35,25,25,26.95,3,3,74,
544198,"DEE DEVELOPMENT ENGINEERS LIMI",B,STK,205,205,198.6,201.5,201.7,205,139,6080,1228601,
544199,"GEM Enviro Management Limited",M,STK,48.02,48.7,47.41,47.9,47.9,49.9,14,13600,656336,
544200,"Akme Fintrade (India) Limited",B,STK,4.95,5.4,4.9,4.98,4.95,4.95,119,40278,201056,
544201,"DINDIGUL FARM PRODUCT LIMITED",M,STK,14.8,14.8,14.06,14.06,14.06,14.8,14,28000,396020,
544202,"STANLEY LIFESTYLES LIMITED",B,STK,167.55,188.25,166.95,173.3,171.55,168.2,1121,30898,5465696,
544203,"Allied Blenders and Distillers",A,STK,530.05,531.75,517.4,527.35,524.8,529.3,1076,32581,17131975,
544204,"VRAJ IRON AND STEEL LIMITED",B,STK,139.7,139.7,129.6,129.6,129.6,128.05,4,12,1565,
544205,"National Peroxide Limited",X,STK,447.5,447.5,417,420.5,420.5,436.95,83,829,350441,
544206,"SBI Mutual Fund",E,STK,234.25,234.25,228.6,232.19,232,237.37,3069,226739,52353693,
544207,"Reliable Data Services Limited",T,STK,163.9,163.9,153.35,153.35,153.35,161.4,13,1335,204733,
544209,"Bansal Wire Industries Limited",B,STK,278,281,269.8,272.1,273.75,276,108,2848,773325,
544210,"Emcure Pharmaceuticals Limited",A,STK,1489.4,1503.45,1461.9,1470.65,1468,1488.65,702,5948,8765325,
544212,"Mirae Asset Mutual Fund",B,STK,30.83,30.83,30.48,30.61,30.61,30.68,96,4264,130555,
544213,"AELEA COMMODITIES LIMITED",M,STK,135.75,137,133.5,134,134,139.05,6,3600,488550,
544214,"THREE M PAPER BOARDS LIMITED",M,STK,30,31,30,31,31,32.29,3,6000,182000,
544215,"SBI Mutual Fund",B,STK,33.6,33.94,33.32,33.84,33.84,33.6,56,742,25031,
544216,"ICICI Prudential Mutual Fund",B,STK,12.11,12.27,12.07,12.26,12.23,12.11,318,75571,917335,
544217,"SANSTAR LIMITED",B,STK,88.65,90,88.1,89.85,90,89.51,92,3961,353567,
544218,"Aditya Birla Sun Life Mutual F",B,STK,10.72,10.93,10.52,10.72,10.65,10.6,30,8607,92718,
544219,"VVIP Infratech Limited",M,STK,118.9,120,113.5,117.3,117.3,122.75,14,8400,978660,
544221,"Kizi Apparels Limited",M,STK,17.49,18.48,16.7,18.11,18.3,15.4,48,177000,3159330,
544222,"Akums Drugs and Pharmaceutical",B,STK,454.45,495.7,454.45,476.4,476.4,450.65,3212,96344,46560184,
544223,"Ceigall India Limited",B,STK,288.3,293,280.95,291.65,291.05,289.1,300,11449,3272808,
544224,"Afcom Holdings Limited",M,STK,906.5,909,880,889.5,889.5,910.1,242,44400,39667536,
544225,"Ola Electric Mobility Limited",A,STK,30,30.01,28.73,28.83,28.83,30.9,28341,12383044,360034622,
544226,"Brainbees Solutions Limited",A,STK,263.2,263.2,237,240.3,240.3,269.75,9518,538310,131327252,
544227,"UNICOMMERCE ESOLUTIONS LIMITED",B,STK,101.15,106.45,98,98.85,98.85,101.25,511,30383,3083798,
544229,"ICICI Prudential Mutual Fund",B,STK,12.07,12.07,11.76,12,12,11.95,2190,866231,10321882,
544230,"SARASWATI SAREE DEPOT LIMITED",B,STK,75,75,66.45,67.78,67.48,75,194,9039,611343,
544232,"Interarch Building Solutions L",B,STK,1926,1926,1880.05,1887.05,1895.2,1926.05,607,4482,8478494,
544233,"Mahalaxmi Fabric Mills Limited",B,STK,25.15,25.15,24.72,24.72,24.72,25.8,17,34,854,
544234,"Globale Tessile Limited",B,STK,11.6,11.6,11,11.3,11.3,11.55,5,232,2612,
544235,"Orient Technologies Limited",B,STK,301,307,288.9,295.85,295.85,334.6,2526,96688,29026050,
544236,"Resourceful Automobile Limited",M,STK,53.98,53.98,40.5,43.1,43.1,45.7,3,3600,165096,
544238,"Premier Energies Limited",A,STK,757.4,766.8,752,763.7,763.7,758.9,1062,19291,14678078,
544239,"ECOS (India) Mobility & Hospit",B,STK,170.15,174.05,170.1,170.65,170.2,172.95,146,3608,619448,
544240,"Raymond Lifestyle Limited",A,STK,951,951,928,943.7,942,950.9,213,1998,1872884,
544241,"Mirae Asset Mutual Fund",B,STK,16.3,16.3,16.16,16.23,16.23,16.19,55,23873,386044,
544242,"Travels & rentals Limited",M,STK,22.1,22.7,21.46,22.21,22.25,22.58,21,75000,1639140,
544243,"Baazar Style Retail Limited",B,STK,359.1,359.1,338.2,350.3,348.2,354.75,623,22336,7771734,
544244,"Gala Precision Engineering Lim",B,STK,760.3,791.85,760.3,768.75,765,785.6,80,233,179982,
544246,"Revathi Equipment India Limite",B,STK,623,623,600.5,610,610,630,13,60,36691,
544247,"DSP Mutual Fund",B,STK,95.21,96.43,95.01,96.42,96.42,95.48,24,546,52455,
544248,"MACH CONFERENCES AND EVENTS LI",MT,STK,117.8,117.8,112.5,115.9,115.9,116,8,10200,1163340,
544249,"SHREE TIRUPATI BALAJEE AGRO TR",B,STK,34,34,33.39,33.61,33.99,34.32,46,1574,53086,
544250,"Sanofi Consumer Healthcare Ind",A,STK,4250.9,4258,4182.05,4199.05,4196.6,4299.65,57,143,602202,
544251,"Share Samadhan Limited",M,STK,51.79,51.8,51.79,51.8,51.8,50,2,3200,165744,
544252,"Bajaj Housing Finance Limited",A,STK,88.64,89.4,88.61,88.8,88.8,89.29,4967,553041,49164930,
544253,"Kross Limited",B,STK,216,225,214.85,222,221.8,216.4,829,34083,7558387,
544254,"Tolins Tyres Limited",B,STK,127.1,127.1,121.7,122.15,121.95,129,247,9041,1118504,
544256,"P N GADGIL JEWELLERS LIMITED",B,STK,566.9,566.9,551.6,554.5,554.25,566.85,283,8051,4494520,
544257,"Sodhani Academy of Fintech Ena",M,STK,192,192,192,192,192,194,1,500,96000,
544258,"Western Carriers (India) Limit",B,STK,120.05,121.8,116.5,120.65,121.8,120.15,195,3982,474417,
544259,"POPULAR FOUNDATIONS LIMITED",M,STK,34.6,35,32.57,33.45,33.45,33.84,12,36000,1199430,
544260,"Northern Arc Capital Ltd.",A,STK,250.05,255.25,247.7,252.95,251.9,251.9,498,11926,3008965,
544261,"ARKADE DEVELOPERS LIMITED",B,STK,120,123.2,119.45,120.65,122.05,121.55,141,4491,544564,
544262,"Manba Finance Limited",B,STK,126,126,120.75,122.8,122.8,124.55,111,12337,1517773,
544263,"KRN HEAT EXCHANGER AND REFRIGE",A,STK,714.8,750.25,706.5,733.65,733.1,716.55,876,35680,26116429,
544264,"Diffusion Engineers Limited",B,STK,272,275.55,267.3,275,275.55,270.75,105,1921,523118,
544265,"Nexxus Petro Industries Limite",M,STK,92.6,92.6,92.6,92.6,92.6,90,2,2400,222240,
544266,"Mirae Asset Mutual Fund",B,STK,91.41,93.27,91.2,93.27,93.27,91.94,14,1254,116175,
544267,"SUBAM PAPERS LIMITED",M,STK,176,176,170.1,174.8,174.8,170.1,14,12800,2212640,
544268,"Mirae Asset Mutual Fund",B,STK,11.95,12.02,11.84,11.99,11.97,11.95,1640,702687,8391242,
544270,"Khyati Global Ventures Limited",M,STK,46,46.99,46,46.99,46.99,46.99,7,8400,387588,
544271,"Garuda Construction and Engine",B,STK,200.05,203,192.25,197.1,196.3,204,1125,58708,11622621,
544272,"SHIV TEXCHEM LIMITED",M,STK,140.05,142.25,134,135.75,134,145.05,8,4400,604180,
544273,"MANGALAM GLOBAL ENTERPRISE LIM",B,STK,12.36,12.36,11.77,12.15,12.15,12.12,44,3401,40897,
544274,"HYUNDAI MOTOR INDIA LIMITED",A,STK,2155.05,2170,2154,2165.2,2170,2175.8,972,10156,21950930,
544275,"ICICI Prudential Mutual Fund",B,STK,16.08,16.57,15.43,16.01,16,16.51,72,11567,182397,
544276,"Deepak Builders and Engineers",B,STK,88.3,89.17,86.39,87.87,87.87,89.58,28,577,50332,
544277,"Waaree Energies Limited",A,STK,3075.2,3132,3062,3115.75,3122.4,3096.85,4680,54820,169830935,
544278,"OCCL Limited",B,STK,90.78,91.3,90.38,91.25,91.3,92,16,1978,179448,
544279,"Godavari Biorefineries Limited",B,STK,260,281.6,260,280.4,278.5,284.25,156,4869,1354807,
544280,"Afcons Infrastructure Limited",A,STK,330,331.1,325,326.2,325.05,331.95,1000,28902,9491591,
544281,"A B INFRABUILD LIMITED",B,STK,20.15,21.5,19.66,21.26,21.5,19.66,158,24911,520285,
544282,"Sagility Limited",A,STK,47.16,47.18,44.75,46.03,46.03,47.35,9735,2587158,117913825,
544283,"ACME Solar Holdings Limited",A,STK,221.25,226.7,220.95,225.95,225.45,224.7,692,23059,5168156,
544284,"Mirae Asset Mutual Fund",F,STK,1072.84,1072.84,1072.82,1072.82,1072.82,1072.7,7,12313,13209680,
544285,"SWIGGY LIMITED",A,STK,335.75,343.05,333.7,342.1,342,337.5,1904,112615,38236359,
544286,"NIVA BUPA HEALTH INSURANCE COM",A,STK,75.99,76.41,75.5,76.02,76.09,76.22,205,16087,1223135,
544287,"Mangal Compusolution Limited",M,STK,47.5,47.5,47.5,47.5,47.5,47.5,1,3000,142500,
544288,"BlackBuck Limited",A,STK,628.75,648,618.65,629.35,629.35,635.75,1387,35353,22423747,
544289,"NTPC GREEN ENERGY LIMITED",A,STK,88.43,89.67,88,89.52,89.55,89.01,2387,315096,28052230,
544290,"ENVIRO INFRA ENGINEERS LIMITED",A,STK,165.25,166.15,158.95,161.1,161.9,167.1,1146,76300,12347281,
544291,"RAJESH POWER SERVICES LIMITED",M,STK,956,968.5,936.05,946.05,955,954.5,127,19600,18551835,
544292,"Onesource Specialty Pharma Lim",A,STK,1195.9,1224,1176.3,1192.5,1192.5,1184.9,363,2794,3328248,
544293,"SURAKSHA DIAGNOSTIC LIMITED",B,STK,285,286.75,281.95,284.5,284.7,284.15,126,629,178910,
544294,"Rossell Techsys Limited",B,STK,710.05,721.1,691.05,698.4,696.65,709.9,63,981,692243,
544295,"Property Share Investment Trus",IF,STK,1052600,1052600,1052600,1052600,1052600,1054000,1,1,1052600,
544296,"NISUS FINANCE SERVICES CO LIMI",M,STK,280.9,285,277,278.9,279,280.9,23,9600,2691700,
544301,"Odigma Consultancy Solutions L",B,STK,28.57,29.47,28.31,29.26,28.84,29.05,154,5323,154571,
544302,"Innovana Thinklabs Limited",B,STK,432.6,432.6,407.75,407.75,407.75,421.55,17,69,29093,
544303,"TOSS THE COIN LIMITED",M,STK,300.3,304,300.3,304,304,310.2,2,600,181290,
544304,"JUNGLE CAMPS INDIA LIMITED",M,STK,46.01,50.5,43.41,50.13,50.5,44.4,27,49600,2384928,
544305,"One Mobikwik Systems Limited",B,STK,211.7,212.45,209.15,211.15,210.7,212.3,375,18992,4002426,
544306,"Sai Life Sciences Limited",A,STK,912.9,928.15,906.1,920.55,920,915.6,1111,20164,18571258,
544307,"Vishal Mega Mart Limited",A,STK,121.15,121.15,119.65,120.15,120.05,121.85,2075,900663,108354739,
544308,"Hilltone Software and Gases Lt",XT,STK,59.15,63.7,59.15,60.81,60.81,61.54,56,23374,1450967,
544309,"INVENTURUS KNOWLEDGE SOLUTIONS",A,STK,1630.75,1634.7,1596,1620.75,1614,1640.65,654,7854,12714612,
544310,"Yash Highvoltage Limited",M,STK,466,474.85,460,463.75,465,465.4,124,37500,17507500,
544311,"International Gemmological Ins",A,STK,331.45,331.45,320.65,326.55,326,324,440,10693,3483194,
544314,"Sanathan Textiles Limited",B,STK,422.8,433.35,422.45,422.45,422.45,422.8,6,115,48641,
544315,"Concord Enviro Systems Limited",B,STK,377.95,377.95,347.2,350.1,350.1,380.55,430,9381,3313761,
544316,"DAM Capital Advisors Limited",B,STK,165,171.05,161.75,168.75,168.75,163,523,25409,4220213,
544317,"Transrail Lighting Limited",A,STK,558.95,567.45,546.4,564.3,563.85,554.2,1374,34514,19250036,
544318,"MAMATA MACHINERY LIMITED",B,STK,432.15,432.15,421.65,425.35,424.9,426.4,116,1938,825541,
544319,"SENORES PHARMACEUTICALS LIMITE",B,STK,785.25,806,767.9,792.8,790.1,785.25,646,14633,11575963,
544320,"CARRARO INDIA LIMITED",B,STK,573.65,573.65,542.3,561.1,562,565.45,255,2259,1252895,
544321,"Ventive Hospitality Limited",B,STK,740,744.35,732.6,735.75,732.6,746.55,75,430,317597,
544322,"Unimech Aerospace and Manufact",B,STK,925.65,935,901.65,905.5,907.75,937.3,354,2489,2267083,
544323,"Mirae Asset Mutual Fund",B,STK,11.57,11.6,11.54,11.57,11.57,11.6,12,90,1041,
544325,"ITC Hotels Limited",A,STK,179.85,180.2,177,179.45,179.45,180.2,6383,171732,30613349,
544326,"Edelweiss Mutual Fund",B,STK,24.58,24.58,23.8,24.29,24.29,24.13,37,3806,91895,
544328,"INDO FARM EQUIPMENT LIMITED",B,STK,140.2,141,134.25,134.85,135.1,140.45,363,10245,1396516,
544329,"LEO DRYFRUITS & SPICES TRADING",M,STK,55.5,58.4,55.1,56.75,58.4,58,4,8000,449000,
544330,"PARMESHWAR METAL LIMITED",MT,STK,127,130,127,130,130,127,2,4000,514000,
544332,"FABTECH TECHNOLOGIES CLEANROOM",M,STK,280,280,279,279.7,279.7,290,8,3200,895480,
544333,"STANDARD ENGINEERING TECHNOLOG",B,STK,133.95,133.95,126.8,129.5,126.8,131.05,289,13435,1769253,
544334,"Indobell Insulations Limited",M,STK,58,58,53.33,54.7,53.4,57.5,11,9750,542092,
544335,"B.R.GOYAL INFRASTRUCTURE LIMIT",M,STK,99.8,100,99,99.5,99.5,103.9,5,5000,497800,
544336,"Quadrant Future Tek Limited",B,STK,288.95,318.8,281.45,307.45,311.6,292.7,6553,447803,138564349,
544338,"Capital Infra Trust",IF,STK,71.93,72.56,71.5,71.75,71.8,71.84,252,22103,1586701,
544339,"Laxmi Dental Limited",B,STK,194.55,194.55,180.65,182.6,182.25,192.25,316,179110,32531386,
544340,"Rikhav Securities Limited",M,STK,49,49,43.66,44.99,45.08,50.2,30,48000,2222752,
544341,"LANDMARK GLOBAL LEARNING LIMIT",M,STK,42,42,42,42,42,43.6,4,6400,268800,
544342,"Stallion India Fluorochemicals",B,STK,162.55,162.55,156.75,156.75,156.75,164.95,1376,108051,16960601,
544343,"CAPITALNUMBERS INFOTECH  LIMIT",M,STK,94,95.99,93.42,94,94,94.62,15,9200,868128,
544344,"SHRIRAM PISTONS & RINGS LTD",A,STK,3080,3135,3017.55,3034.7,3042.5,3076.55,568,3558,10926618,
544345,"Denta Water and Infra Solution",B,STK,275.3,278.95,270.2,272.4,272.05,275.8,380,10647,2928140,
544346,"RDB Real Estate Constructions",XT,STK,169.85,175.65,168.95,172.2,172,167.3,35,1805,309026,
544347,"CLN ENERGY LIMITED",M,STK,342,357.5,342,357.5,357.5,342,6,1400,496000,
544348,"GB Logistics Commerce Limited",MT,STK,42,42,42,42,42,42,26,135600,5695200,
544349,"H.M. ELECTRO MECH LIMITED",MT,STK,54.25,55.1,54.25,55.1,55.1,53.39,3,4800,261760,
544350,"Dr. Agarwal's Health Care Limi",A,STK,446.3,455.4,446.3,453.8,454.7,454.65,92,812,367349,
544351,"MALPANI PIPES AND FITTINGS LIM",M,STK,72.25,72.25,72,72,72,71,2,3200,230800,
544352,"DSP Mutual Fund",B,STK,41.07,41.07,40.99,40.99,40.99,41.13,3,971,39803,
544353,"Amwill Health Care Limited",M,STK,36.6,37.05,36.6,36.86,36.72,36.6,4,4800,176604,
544354,"SOLARIUM GREEN ENERGY LIMITED",M,STK,200,203,178.25,180.55,180.55,198.25,316,126900,23265285,
544355,"Jubilant Agri and Consumer Pro",B,STK,1891.2,1891.2,1782.6,1814,1829,1884.6,40,69,128063,
544356,"AJAX Engineering Limited",B,STK,484.9,485.35,465,471.5,471.45,476.9,517,8716,4114444,
544361,"COVANCE SOFTSOL LIMITED",XT,STK,161.05,161.05,161.05,161.05,161.05,153.4,30,2049,329991,
544362,"Hexaware Technologies Limited",A,STK,560.95,579.15,541.95,576,578,560.95,3553,103767,57825859,
544363,"UNION MUTUAL FUND",E,STK,149.2,150.57,147.78,148.44,148.44,150,36,443,65976,
544364,"Indef Manufacturing Limited",B,STK,267.05,271.8,263,263.5,263,269.05,34,608,161826,
544365,"SHANMUGA HOSPITAL LIMITED",M,STK,39.88,39.88,38.52,38.56,38.56,39.02,6,12000,467760,
544367,"QUALITY POWER ELECTRICAL EQUIP",B,STK,818.9,849,803.45,830.75,837.6,805.65,1966,57099,47621129,
544368,"Swasth Foodtech India Limited",M,STK,20.61,21,20.61,21,21,22,12,14400,301584,
544369,"Beezaasan Explotech Limited",M,STK,219.55,224.5,219.55,224,224,224.95,5,4000,892360,
544370,"NUKLEUS OFFICE SOLUTIONS LIMIT",M,STK,200,200,200,200,200,200,2,1200,240000,
544371,"VIKRAM AROMA LIMITED",X,STK,68.04,68.04,66.5,66.61,66.61,68.04,28,360,24045,
544372,"SHREENATH PAPER PRODUCTS LIMIT",M,STK,14.69,14.7,14,14,14,14.4,4,12000,173070,
544375,"360 ONE Mutual Fund",E,STK,150.45,150.52,149,149.49,149.5,151.19,166,4141,619004,
544376,"Mirae Asset Mutual Fund",B,STK,43.57,43.77,43.53,43.76,43.76,43.67,15,291,12724,
544377,"Mirae Asset Mutual Fund",B,STK,13.36,13.36,13.31,13.36,13.36,13.36,9,11326,150775,
544378,"PDP Shipping & Projects Limite",M,STK,60,60,60,60,60,54,1,1000,60000,
544379,"Prabha Energy Limited",B,STK,165.8,165.8,151.5,155,153,168.3,125,1422,219244,
544380,"ICICI Prudential Mutual Fund",F,STK,1049.82,1049.82,1049.82,1049.82,1049.82,1049.18,3,478,501813,
544381,"Super Iron Foundry Limited",M,STK,37.1,37.1,36.25,36.25,36.25,37.1,2,2400,88020,
544382,"Axis Mutual Fund",B,STK,33.3,33.62,33.19,33.62,33.62,33.5,60,14912,499258,
544383,"PARADEEP PARIVAHAN LIMITED",M,STK,167,167.6,166.15,167.6,167.6,167.6,4,4800,801300,
544384,"Zerodha Mutual Fund",E,STK,24.07,24.29,23.67,24.15,24.15,24.73,2525,824166,19761388,
544385,"SBI Mutual Fund",B,STK,52.23,53.42,51.97,53.42,53.42,52.76,26,937,48987,
544386,"Spectrum Electrical Industries",B,STK,1477.95,1477.95,1367.65,1391.9,1386.35,1359.95,40,180,252680,
544387,"Desco Infratech Limited",M,STK,179.85,181,175,175,175,175,15,8500,1523575,
544388,"Identixweb Limited",M,STK,65.71,69.5,65.5,68.74,69.5,70.99,25,88000,5829160,
544389,"360 ONE Mutual Fund",E,STK,232.26,236.08,229.62,234.49,236.08,239.28,132,3859,891944,
544390,"Siemens Energy India Limited",B,STK,2768.3,2870,2768.3,2807.8,2807.8,2738.9,6564,63745,180327976,
544392,"SPINAROO COMMERCIAL LIMITED",M,STK,46.9,48.45,46.9,47.95,48.45,46.15,12,30000,1434320,
544394,"ICICI Prudential Mutual Fund",B,STK,30.61,30.99,30.3,30.31,30.3,30.99,32,1160,35566,
544395,"STL Networks Limited",B,STK,21.32,21.32,20.79,20.83,20.8,21.22,237,60875,1275896,
544396,"Network People Services Techno",B,STK,1180,1243.9,1165,1172.15,1172.15,1162,217,1411,1692971,
544397,"Ather Energy Limited",B,STK,707,728,698.45,709,710.95,707.85,1620,49314,35347004,
544398,"Kenrik Industries Limited",M,STK,9.6,9.6,9.6,9.6,9.6,9.6,1,6000,57600,
544400,"Manoj Jewellers Limited",M,STK,45.1,45.1,45.1,45.1,45.1,45.7,1,2000,90200,
544402,"JASH ENGINEERING LIMITED",B,STK,386.25,400.25,386.25,391.35,396.65,395.55,183,10510,4166871,
544403,"Aditya Birla Lifestyle Brands",B,STK,113.5,113.5,110.55,110.95,111.4,112.55,615,47239,5277915,
544404,"BORANA WEAVES LIMITED",T,STK,358.05,379.2,358.05,379.2,379.2,372.35,18,1116,422304,
544405,"BELRISE INDUSTRIES LIMITED",B,STK,185.3,187.5,183.6,184.75,184.75,186.65,1888,219419,40630952,
544406,"UNIFIED DATA TECH SOLUTIONS LI",M,STK,358.4,358.4,344,357.95,358,357.4,51,28400,9914320,
544407,"AEGIS VOPAK TERMINALS LIMITED",B,STK,213.65,213.95,205.9,206.65,206.65,214.25,665,23293,4849702,
544408,"Leela Palaces Hotels & Resorts",B,STK,435.45,446.3,432.6,437.5,440.05,445.4,273,4792,2105883,
544409,"ASTONEA LABS LIMITED",M,STK,160,160,156.5,157,157,160,3,4000,630500,
544410,"PROSTARM INFO SYSTEMS LIMITED",B,STK,185.85,185.85,159,162.15,162.15,171.2,1259,49896,8487811,
544411,"Scoda Tubes Limited",B,STK,138,141.7,137.85,140.2,138.5,137.45,127,3116,435881,
544412,"3B FILMS LIMITED",M,STK,21.55,21.55,21.06,21.13,21.1,21.55,14,51000,1087920,
544413,"Digitide Solutions Limited",B,STK,107.15,109.2,105.6,106.6,106.6,109.1,173,7681,820969,
544414,"Bluspring Enterprises Limited",B,STK,60.76,62.8,59.65,59.99,59.65,61.33,59,2137,131101,
544415,"Nippon India Mutual Fund",B,STK,41.03,41.58,40.84,40.86,40.84,41.1,9,493,20235,
544416,"KRISHIVAL FOODS LIMITED",B,STK,320,339.95,320,328.65,325.45,321.5,82,2914,980443,
544417,"Aten Papers & Foam Limited",M,STK,22.4,22.5,22.05,22.48,22.48,22.55,9,13200,294636,
544418,"Oswal Pumps Limited",B,STK,334.95,341.45,328.05,333.35,333.7,333.4,910,32207,10762664,
544419,"ArisInfra Solutions Limited",B,STK,109.35,109.35,99.75,104.9,104,101.4,599,37720,3921790,
544420,"Raymond Realty Limited",B,STK,449,452.1,437.9,445.05,440,442.55,261,4916,2178258,
544421,"ELLENBARRIE INDUSTRIAL GASES L",B,STK,238,241,230,235.95,241,239.75,518,11773,2736933,
544422,"Abram Food Limited",M,STK,96.3,96.3,96,96,96,100,2,2400,230760,
544423,"Kalpataru Limited",B,STK,352.5,352.5,335,337.9,335,348.3,203,16039,5395007,
544424,"GLOBE CIVIL PROJECTS LIMITED",B,STK,57.8,57.8,52.34,53.36,53,53.22,56,2345,126152,
544425,"AJC Jewel Manufacturers Limite",MT,STK,124,124.65,123,123,123,125,7,8400,1039800,
544427,"ICICI Prudential Mutual Fund",B,STK,10.72,10.9,10.7,10.8,10.8,10.76,10,2041,21841,
544428,"SUPERTECH EV LIMITED",MT,STK,51.8,51.8,47.06,51.2,51.2,49.4,17,21600,1059564,
544429,"HDB FINANCIAL SERVICES LIMITED",B,STK,708.7,715,701.25,711.9,712.35,708,3055,25609,18131294,
544430,"SAMBHV STEEL TUBES LIMITED",B,STK,100.74,100.74,96,96.35,96.07,100.02,536,51318,5011181,
544431,"Ace Alpha Tech Limited",M,STK,89.5,89.5,89.5,89.5,89.5,90.05,1,1000,89500,
544432,"Indogulf Cropsciences Limited",B,STK,69.06,69.81,66,66.75,66.75,69.41,139,4282,288097,
544433,"Valencia India Limited",M,STK,18.05,18.1,18.05,18.1,18.1,18.4,2,2400,43380,
544434,"Neetu Yoshi Limited",M,STK,92,94.2,90.5,93.09,93,90.05,23,22400,2077392,
544435,"ADCOUNTY MEDIA INDIA LIMITED",M,STK,136,136,124,124.85,124.85,134.2,65,72000,9186360,
544436,"VANDAN FOODS LIMITED",MT,STK,41.98,41.98,40,40,40,40.8,5,6000,244752,
544437,"MARC LOIRE FASHIONS LIMITED",M,STK,51.5,53.55,49.61,51.16,51.3,47.9,23,27600,1421388,
544438,"Mirae Asset Mutual Fund",B,STK,12.9,12.91,12.85,12.87,12.88,12.92,11,1724,22194,
544439,"CRIZAC LIMITED",B,STK,230.9,237,227.2,230.15,229.5,231.55,508,37441,8762080,
544440,"CRYOGENIC OGS LIMITED",M,STK,168,171.8,167.15,167.6,167.5,166,9,6750,1143112,
544441,"META INFOTECH LIMITED",M,STK,87.6,92,87.6,88.29,88,90.25,27,33600,2976008,
544442,"Chemkart India Limited",M,STK,105.05,106,105,106,106,107,6,8400,883020,
544443,"TRAVEL FOOD SERVICES LIMITED",B,STK,1161.3,1217,1138.25,1205.55,1203.45,1166.65,386,4702,5512817,
544444,"Glen Industries Limited",M,STK,77.32,77.32,76,76.5,76.5,78.75,10,13200,1010904,
544445,"ASSTON PHARMACEUTICALS LIMITED",M,STK,80.01,82,80.01,82,82,81.95,7,7000,566710,
544446,"Advent Hotels International Li",B,STK,209.9,217.4,208,213.75,216.15,210.5,365,9651,2063622,
544447,"SMARTWORKS COWORKING SPACES LI",B,STK,448.05,451.75,438.25,442.85,441.15,459.9,198,3373,1504645,
544448,"Pashupati Cotspin Limited",B,STK,890,919.9,876,909.25,912.95,899.75,257,1470,1309591,
544449,"Anthem Biosciences Limited",B,STK,672.7,692.25,672.7,688.4,688.1,688.8,445,6510,4472778,
544450,"CHEMBOND CHEMICALS  LIMITED",B,STK,158,159.3,155,156.95,156.95,158,50,242,38121,
544451,"MONIKA ALCOBEV LIMITED",M,STK,279,279,268.5,272.75,272.75,275,41,120800,32974300,
544452,"Swastika Castal Limited",M,STK,63.6,63.6,63.6,63.6,63.6,63.6,1,2000,127200,
544453,"Monarch Surveyors and Engineer",M,STK,191.55,199.5,190.05,192.5,190.05,197.1,14,10200,1970220,
544454,"INDIQUBE SPACES LIMITED",B,STK,180.6,181.8,170.5,171.5,174.25,180.05,98,1003,174539,
544455,"GNG Electronics Limited",B,STK,331.4,345,331.4,333.35,334,336.2,349,5429,1829750,
544456,"R M DRIP AND SPRINKLERS SYSTEM",B,STK,115.35,116.65,115.35,116.5,116.5,114.9,2092,507573,59010222,
544457,"Brigade Hotel Ventures Limited",B,STK,61.01,61.9,59.84,61.12,60.5,61.41,268,14495,880392,
544458,"SHREE REFRIGERATIONS LIMITED",M,STK,188.5,191.7,181.5,183.2,182.7,186.55,71,39500,7276800,
544459,"SHANTI GOLD INTERNATIONAL LIMI",B,STK,222.95,222.95,212.15,213.4,213.4,217.8,598,25732,5561499,
544460,"PATEL CHEM SPECIALITIES LIMITE",M,STK,73.06,80.5,73,77.67,78,74.45,18,28800,2219984,
544461,"Euro Panel Products Limited",B,STK,188.8,188.8,182.85,182.85,182.85,187.9,2,46,8417,
544463,"REPONO LIMITED",M,STK,53.5,53.5,53.5,53.5,53.5,55,1,1200,64200,
544465,"LAXMI INDIA FINANCE LIMITED",B,STK,101.22,105.17,101.22,102.93,101.28,102.77,309,19975,2065207,
544466,"Aditya Infotech Limited",B,STK,1604.75,1676.75,1556.95,1569.35,1563.95,1573.25,1521,19378,31330226,
544467,"National Securities Depository",B,STK,951.7,952,940,941.8,941.8,954.4,26342,443279,419291342,
544468,"B. D. Industries (Pune) Limite",M,STK,105,108.5,105,108.5,108.5,108.5,2,4800,516600,
544469,"Sri Lotus Developers and Realt",B,STK,144.95,145,141.3,141.75,142.35,144.3,612,20676,2944867,
544470,"M & B ENGINEERING LIMITED",B,STK,352.4,356.2,335.5,355,355,337.5,189,3715,1298160,
544473,"Groww Mutual Fund",B,STK,10.1,10.4,10.06,10.37,10.39,10.15,91,37995,389692,
544475,"ESSEX MARINE LIMITED",M,STK,25.9,28,25.5,27.55,27.65,25.85,33,72000,1952260,
544476,"Jeena Sikho Lifecare Limited",B,STK,699.25,699.25,682,690.25,690.25,700.15,548,9989,6884564,
544477,"Highway Infrastructure Limited",B,STK,54.15,54.6,53.59,54.11,54.24,55.43,257,17939,966635,
544479,"ALL TIME PLASTICS LIMITED",B,STK,253,257.05,248,248.15,248,257.9,169,1238,311271,
544480,"JSW CEMENT LIMITED",B,STK,118.85,119.35,117,119.05,119.05,119.5,2133,132741,15716767,
544481,"KNOWLEDGE REALTY TRUST",IF,STK,125.15,126.84,124.7,125.41,124.85,125.65,434,16884,2120440,
544482,"STAR IMAGING AND PATH LAB LIMI",M,STK,73.51,75,73.05,75,75,73,11,30000,2208910,
544483,"ICODEX PUBLISHING SOLUTIONS LI",M,STK,43,43,41.9,42.99,42.99,44.25,5,7200,304680,
544484,"BlueStone Jewellery and Lifest",B,STK,430.05,433.35,404.8,410.9,410.9,437.55,1516,33244,13773434,
544485,"REGAAL RESOURCES LIMITED",B,STK,60,60,58.53,59,59.04,59.61,198,17274,1018023,
544486,"Zerodha Mutual Fund",F,STK,29.92,29.92,29.81,29.86,29.88,29.81,137,43132,1287536,
544487,"PATEL RETAIL LIMITED",B,STK,191.6,191.6,185.65,187.2,187.2,193,108,1961,368789,
544488,"Vikram Solar Limited",B,STK,230,230,222.55,224.6,224.6,230.9,679,49229,11099840,
544490,"Shreeji Shipping Global Limite",B,STK,388,417.6,388,411.8,407.9,401.9,617,35570,14606064,
544491,"Gem Aromatics Limited",B,STK,189,193.45,189,192.9,193,195,94,1938,372093,
544492,"MANGAL ELECTRICAL INDUSTRIES L",B,STK,275.3,275.3,255,256.15,256.25,266.15,216,4822,1265621,
544493,"Nippon India Mutual Fund",B,STK,156.08,156.94,156.08,156.94,156.94,154.17,5,28,4387,
544494,"Globtier Infotech limited",M,STK,27.8,27.8,27.8,27.8,27.8,28,1,1600,44480,
544495,"NIS MANAGEMENT LIMITED",M,STK,65,65,64,64,64,67.99,4,4800,309600,
544496,"Vikran Engineering Limited",B,STK,80.99,82.9,76.81,77.15,77.15,85.92,3259,354096,28165568,
544497,"ANLON HEALTHCARE LIMITED",B,STK,121.5,123.55,120,120.15,120.15,121.2,136,6245,755892,
544499,"Career Point Edutech Limited",B,STK,210.5,212,204.85,209.8,209.8,213,27,218,45374,
544500,"ABRIL PAPER TECH LIMITED",M,STK,37,39.9,37,38.76,38.49,40.2,21,60000,2314240,
544501,"SUGS LLOYD LIMITED",M,STK,97.55,99.55,97,97.02,97.02,97.55,21,22000,2149550,
544502,"Amanta Healthcare Limited",B,STK,104.65,104.65,102.55,104.1,104.1,104.65,44,788,81748,
544503,"Rachit Prints Limited",MT,STK,122.8,122.85,118,122.85,122.85,122.85,5,5000,606500,
544504,"GOEL CONSTRUCTION COMPANY LIMI",M,STK,320,320,309,314,314,324.4,33,13200,4135500,
544505,"AUSTERE SYSTEMS LIMITED",M,STK,49,49.98,49,49,49,50.9,4,8000,393960,
544506,"SHARVAYA METALS LIMITED",M,STK,150,151,145,147,145,147.75,11,6600,976650,
544507,"Zerodha Mutual Fund",B,STK,9.75,9.75,9.58,9.62,9.66,9.62,55,5140,49584,
544509,"Krupalu Metals Limited",MT,STK,35.2,35.2,35.15,35.15,35.15,37,7,11200,393760,
544510,"NILACHAL CARBO METALICKS LIMIT",M,STK,83.5,84.9,83.5,84.35,84.5,81.05,8,12800,1074240,
544511,"Karbonsteel Engineering Limite",M,STK,162,162,160,160.5,160,168,4,7200,1162760,
544512,"SHRINGAR HOUSE OF MANGALSUTRA",B,STK,236.95,239.85,233.25,238.15,237.5,236.45,265,14791,3513982,
544513,"Dev Accelerator Limited",B,STK,40.18,42.14,40.18,41.78,41.73,40.12,193,6941,290274,
544514,"JAY AMBE SUPERMARKETS LIMITED",MT,STK,221.7,221.7,221.7,221.7,221.7,222.2,1,3200,709440,
544515,"Urban Company Limited",B,STK,121.05,121.55,116.85,117.15,117.5,121.1,1110,73216,8660060,
544516,"AIRFLOA RAIL TECHNOLOGY LIMITE",M,STK,283.25,288.2,279,281,280,288.2,27,27000,7672700,
544517,"Shankara Buildpro Limited",B,STK,852.9,886.9,832,854.25,854.25,853.85,400,4117,3514304,
544518,"L. T. ELEVATOR LIMITED",MT,STK,180.4,180.4,176,176,176,179.3,10,16000,2849280,
544519,"EURO PRATIK SALES LIMITED",B,STK,231,236.9,230,235,236.45,234.25,149,3952,927497,
544520,"SAMPAT ALUMINIUM LIMITED",M,STK,58,58,57.97,57.99,58,57.5,3,4800,278364,
544521,"VMS TMT LIMITED",B,STK,51.43,51.43,50.1,50.41,50.3,51.11,199,10972,551064,
544522,"A B Cotspin India Limited",B,STK,450,450,450,450,450,431,1,5,2250,
544523,"IVALUE INFOSOLUTIONS LIMITED",B,STK,239.5,239.5,228.3,230,230,241.4,189,3051,714388,
544524,"JD CABLES LIMITED",M,STK,189,190,185.1,186.35,187.4,191.25,13,10400,1946200,
544525,"GK ENERGY LIMITED",B,STK,116,116.55,112.1,116.55,116.55,111,140,19509,2247838,
544526,"Saatvik Green Energy Limited",B,STK,413.95,420.3,407.05,415.35,414.65,417.9,282,6550,2706274,
544527,"Atlanta Electricals Limited",B,STK,839.85,886.35,839.85,866.95,866.95,871.05,375,3891,3395588,
544528,"Ganesh Consumer Products Limit",B,STK,189,189,186.8,187.05,186.9,189.6,32,846,158757,
544529,"Aptus Pharma Limited",MT,STK,246.45,246.45,246.45,246.45,246.45,241.65,1,2000,492900,
544530,"ANAND RATHI SHARE AND STOCK BR",B,STK,552,552,528,533.55,532.95,554.4,1356,31487,16932493,
544531,"TRUE COLORS LIMITED",M,STK,180,182,180,180.5,181,182.65,9,6000,1083630,
544532,"Solarworld Energy Solutions Li",B,STK,203.6,210.25,203.6,205.15,204.8,206.75,171,3318,685821,
544533,"Seshaasai Technologies Limited",B,STK,260.05,260.05,249,251.35,251.35,261.55,260,5205,1325185,
544534,"Jaro Institute of Technology M",B,STK,474.85,474.85,452.15,453.95,454.25,473.45,314,10444,4847682,
544535,"BHARATROHAN AIRBORNE INNOVATIO",MT,STK,114.05,114.05,113,113,113,118.75,3,4800,545680,
544536,"Wealth First Portfolio Manager",B,STK,952.85,991.05,952.85,966.1,964,952.85,19,44,42993,
544537,"Jain Resource Recycling Limite",B,STK,377.15,379.4,368.65,377.7,376.8,382.9,2387,103395,38785335,
544540,"Epack Prefab Technologies Limi",B,STK,184.05,184.85,179.1,180.8,180.05,187.95,900,27292,4945233,
544542,"Justo Realfintech Limited",M,STK,86.95,87,86,87,87,87,12,22000,1910740,
544543,"BMW VENTURES LIMITED",B,STK,56.41,58.19,56.41,57.47,57.21,58.01,101,8876,510256,
544544,"TELGE PROJECTS LIMITED",M,STK,98.01,100,98,98,98,100.99,7,10800,1065612,
544545,"TRUALT BIOENERGY LIMITED",B,STK,421.95,424,404.5,410,410,419,948,16140,6756279,
544546,"Chatterbox Technologies Limite",M,STK,63.21,64.4,63.2,64.13,64,67.1,10,12000,767352,
544547,"Jinkushal Industries Limited",B,STK,68.31,69.46,67.7,68.04,67.7,68.33,60,1163,79489,
544548,"GUJARAT PEANUT AND AGRI PRODUC",M,STK,81.7,83.51,81.7,83,83,83.99,5,8000,659584,
544549,"EARKART LIMITED",MT,STK,149.6,149.6,145,145,145,150,2,2000,294600,
544550,"Pace Digitek Limited",B,STK,178.4,193.15,178.4,180,179.3,181.2,836,68184,12661197,
544553,"M P K STEELS (I) LIMITED",MT,STK,129.75,130.25,129,130,129.8,125,36,118400,15391840,
544555,"AMEENJI RUBBER LIMITED",M,STK,112.3,115.5,112.3,115.5,115.5,114.5,3,3600,410760,
544556,"Dhillon Freight Carrier Limite",M,STK,35,37.35,35,37.35,37.35,38.7,2,3200,115760,
544557,"Glottis Limited",B,STK,48.48,50.05,48.42,48.97,48.9,52.29,737,71420,3492461,
544558,"Fabtech Technologies Limited",B,STK,162.45,162.45,159.05,160.95,160.95,161.4,86,3036,486264,
544559,"OM METALLOGIC LIMITED",M,STK,19.25,19.79,19.25,19.79,19.79,21,2,11200,216464,
544560,"SODHANI CAPITAL LIMITED",M,STK,71.3,72.25,71.3,72.25,72.25,71.4,5,10000,716800,
544561,"Chiraharit Limited",M,STK,7.9,7.9,7.68,7.68,7.68,7.69,7,48000,372480,
544562,"Advance Agrolife Limited",B,STK,136.4,136.4,133.85,135.25,135,138.65,180,17487,2360467,
544563,"Zelio E Mobility Limited",M,STK,263.75,263.75,249.7,252.75,253.9,261.1,27,28000,7140800,
544564,"Om Freight Forwarders Limited",B,STK,88.4,90.16,88.4,89,89,90.12,55,1219,108869,
544566,"Sunsky Logistics Limited",M,STK,78.45,78.45,72,72,72,75.6,7,24000,1786350,
544568,"DSM Fresh Foods Limited",M,STK,124,125.4,120.05,121.55,120.55,124.9,32,40800,5011380,
544569,"Tata Motors Limited",B,STK,482.7,491,476.75,478.8,478.8,484,15327,650454,314779612,
544570,"WeWork India Management Limite",B,STK,557.8,572.35,556.05,566.55,567.65,561.75,178,2042,1154231,
544572,"SKF INDIA (INDUSTRIAL) LIMITED",B,STK,2644.25,2644.25,2412.9,2433.6,2412.9,2459.25,64,268,668796,
544574,"Tata Capital Limited",A,STK,350.8,357.3,347.7,356.35,356.35,353.3,12625,254462,89908220,
544575,"Mittal Sections Limited",M,STK,29.7,30.5,29.6,30.5,30.5,29.6,6,6000,180790,
544576,"LG Electronics India Limited",B,STK,1492.45,1528,1492.45,1515.45,1515.45,1511.5,3075,35524,53820494,
544578,"RUBICON RESEARCH LIMITED",B,STK,799.9,812.15,782.35,793.6,789.15,783.95,620,13105,10416076,
544579,"Anantam Highways Trust",IF,STK,104.23,104.23,102,103.71,103.74,104.52,34,3265,339159,
544580,"Canara Robeco Asset Management",B,STK,252.3,255.05,249,249.85,250.9,255.5,713,25077,6291326,
544581,"DSP Mutual Fund",B,STK,10.13,10.13,10.01,10.11,10.11,10.08,16,43723,441799,
544582,"SHLOKKA DYES LIMITED",M,STK,29.5,32.6,29.5,29.5,29.5,31.05,31,99600,2993868,
544583,"Canara HSBC Life Insurance Com",B,STK,152.3,159,151.95,153.75,154.5,151.5,2024,108862,16963840,
544584,"SK Minerals & Additives Limite",M,STK,131,131,131,131,131,131.1,1,2000,262000,
544586,"Zerodha Mutual Fund",B,STK,10.09,10.44,10.04,10.43,10.44,10.18,82,30579,314907,
544587,"Midwest Limited",B,STK,1372.05,1372.35,1326.5,1357.75,1370.4,1378.7,327,3798,5116721,
544594,"GAME CHANGERS TEXFAB LIMITED",M,STK,119,127,119,124.15,127,118,7,8400,1036680,
544595,"Orkla India Limited",B,STK,546,546,536,536.85,536.8,546.25,291,2637,1421314,
544596,"Safecure Services Limited",M,STK,30,30.6,30,30.6,30.6,30.85,5,6000,181440,
544597,"Piramal Finance Limited",B,STK,1722.5,1793.65,1722.5,1780.1,1780.1,1768.05,636,4731,8398550,
544598,"Accuracy Shipping Limited",B,STK,5,5.22,4.75,4.96,4.95,5.15,47,22938,118587,
544599,"Studds Accessories Limited",B,STK,494.5,519.45,487.85,513.65,513.65,496.45,332,2785,1414958,
544600,"Lenskart Solutions Limited",B,STK,500,503.75,483.1,500,500,505.1,8057,398458,196496410,
544601,"Choice Mutual Fund",E,STK,154.83,154.83,151,152.24,151,152.25,50,922,140348,
544603,"Billionbrains Garage Ventures",B,STK,167.05,173.45,164.55,170.05,170.05,173.1,23251,4264288,717598321,
544604,"Mirae Asset Mutual Fund",B,STK,35.33,37.48,35.33,36.5,37.48,35.71,363,517618,18853968,
544605,"Mirae Asset Mutual Fund",B,STK,16.08,16.08,15.85,16.01,16.01,16,46,10675,170145,
544606,"Pine Labs Limited",B,STK,205.95,205.95,198.8,202.6,203.65,201.05,6085,80650,16226067,
544608,"Emmvee Photovoltaic Power Limi",B,STK,207.85,209.45,205.05,206.95,207.4,210.3,1233,69578,14407489,
544609,"Physicswallah Limited",B,STK,107.6,108.45,103.05,104.7,104.7,107.3,6202,893196,93943293,
544610,"WORKMATES CORE2CLOUD SOLUTION",M,STK,334.5,340,334,338,340,331.45,20,12600,4249620,
544611,"MAHAMAYA LIFESCIENCES LIMITED",MT,STK,180.65,198,179.5,182,191,188.9,31,43200,7968120,
544612,"Tenneco Clean Air India Limite",B,STK,550.95,557,522,548.45,548.45,560.75,4871,292379,157682719,
544613,"Fujiyama Power Systems Limited",B,STK,202.6,208.75,202.6,205.2,205.85,210.85,576,15490,3188072,
544614,"Capillary Technologies India L",B,STK,515.05,533.05,488.85,525.65,525,518.55,1139,21599,11114411,
544615,"KSR Footwear Limited",T,STK,32.36,33.19,31.54,31.54,31.54,33.19,9,656,20815,
544616,"Gallard Steel Limited",M,STK,166.1,174,166.1,167.9,169.5,176.35,6,6000,1011200,
544617,"Excelsoft Technologies Limited",B,STK,86.88,86.88,84.6,84.95,84.95,87.57,500,66382,5660265,
544618,"Edelweiss Mutual Fund",B,STK,83.12,83.29,83.01,83.29,83.29,83.25,3,7,581,
544619,"Sudeep Pharma Limited",B,STK,656,664.75,656,659.7,658.9,667.65,121,1371,905052,
544620,"DSP Mutual Fund",B,STK,30.4,30.4,30.4,30.4,30.4,30.38,1,1,30,
544621,"SSMD AGROTECH INDIA LIMITED",M,STK,48.79,48.79,47.81,47.81,47.81,48.79,2,2000,96600,
544622,"Kwality Walls (India) Limited",T,STK,29.9,31.39,28.41,29.51,29.51,0,21277,4319881,131872785,
544623,"Mother Nutri Foods Limited",M,STK,145,151.55,145,145.3,145.3,153,3,3600,530220,
544624,"K K SILK MILLS LIMITED",M,STK,14.8,14.8,14.8,14.8,14.8,14.89,3,12000,177600,
544625,"Logiciel Solutions Limited",M,STK,43.13,44.5,41.25,42.9,42.9,43.13,12,7200,305712,
544626,"EXATO TECHNOLOGIES LIMITED",M,STK,357.5,367.95,339.05,343.2,343.2,386.6,84,88000,31269150,
544627,"PURPLE WAVE INFOCOM LIMITED",M,STK,124,132,122,126,126,125,26,26000,3287850,
544628,"Astron Multigrain Limited",M,STK,17.8,17.8,17.8,17.8,17.8,17.8,2,4000,71200,
544629,"Ravelcare Limited",M,STK,187.5,187.5,184.5,185.35,185,187.5,6,8000,1490500,
544631,"CREATIVE NEWTECH LIMITED",B,STK,600.05,651.9,600.05,651.55,651.55,649.65,66,174,110484,
544632,"Meesho Limited",B,STK,152.75,154.65,150.1,153.8,153.8,152.6,1299,94346,14431896,
544633,"VIDYA WIRES LIMITED",B,STK,47.1,47.1,46.35,46.47,46.55,47.04,531,24389,1139449,
544634,"Aequs Limited",B,STK,141.9,142.5,139.15,139.85,139.85,142.5,820,48401,6804464,
544635,"Luxury Time Limited",M,STK,71.32,71.32,71.32,71.32,71.32,71.32,1,1600,114112,
544636,"Western Overseas Study Abroad",M,STK,22,22,22,22,22,21.6,1,2000,44000,
544637,"Methodhub Software Limited",M,STK,130,132.5,124.25,125.25,124.55,130.15,70,55800,7151220,
544638,"Bandhan Mutual Fund",E,STK,152.24,154.05,151.71,153.4,153.47,151.86,45,1623,249083,
544639,"Bandhan Mutual Fund",E,STK,239.65,239.65,234.08,238.38,238.64,243.5,147,3100,730298,
544640,"Riddhi Display Equipments Limi",M,STK,40.5,42,39.77,40.51,40.51,39.72,26,33600,1367832,
544641,"K. V. TOYS INDIA LIMITED",M,STK,280,280,278.5,278.5,278.5,280.05,3,1800,503100,
544642,"Wakefit Innovations Limited",B,STK,209.5,210.65,201.6,204.05,205.55,213.1,1048,124731,25525503,
544643,"PRODOCS SOLUTIONS LIMITED",M,STK,222.5,238.35,222.5,236.1,235,221,7,7000,1629300,
544644,"Corona Remedies Limited",B,STK,1578.8,1591.2,1535.05,1542.4,1541,1586.8,188,1364,2137822,
544645,"PARK MEDI WORLD LIMITED",B,STK,174.15,177.85,173.55,175.65,175.65,175.45,944,69014,12118339,
544646,"Shipwaves Online Limited",M,STK,4.96,4.96,4.81,4.95,4.95,4.95,9,100000,491200,
544647,"Nephrocare Health Services Lim",B,STK,562.25,576.5,553.4,555.9,556,573.95,544,10190,5745512,
544648,"UNISEM AGRITECH LIMITED",M,STK,59.9,62,59,61.68,61.75,59,14,28000,1702000,
544654,"DSP Mutual Fund",B,STK,16.02,16.02,16.02,16.02,16.02,16,1,30,480,
544655,"DSP Mutual Fund",B,STK,22.14,22.14,21.91,21.96,21.96,21.93,4,19,417,
544656,"HRS ALUGLAZE LIMITED",MT,STK,230.2,235.1,230.05,232,232,230.2,34,98400,22740840,
544657,"Pajson Agro India Limited",MT,STK,215,225.75,214.75,219,219,215,25,32400,7214640,
544658,"ICICI Prudential Asset Managem",A,STK,2983.25,3064,2936.1,3045.4,3045.4,3008.55,3014,17177,51550570,
544659,"STANBIK AGRO LIMITED",M,STK,33.8,33.8,33.8,33.8,33.8,33.54,1,4000,135200,
544660,"Mirae Asset Mutual Fund",B,STK,9.44,9.48,9.42,9.46,9.48,9.44,13,2290,21656,
544661,"Mirae Asset Mutual Fund",B,STK,36.2,36.5,36.09,36.49,36.5,36.15,24,1264,45776,
544662,"SIMANDHAR IMPEX LIMITED",T,STK,128.2,133.4,128.2,133.4,133.4,130.8,42,11259,1470475,
544663,"NEPTUNE LOGITEK LIMITED",M,STK,47.56,47.56,47,47,47,47.56,3,5000,236120,
544664,"KSH INTERNATIONAL LIMITED",B,STK,355.35,362.95,352.65,354.9,358,359.6,424,5451,1951920,
544665,"Global Ocean Logistics India L",MT,STK,120,123,120,123,123,123.4,4,6400,772800,
544666,"GUJARAT KIDNEY AND SUPER SPECI",B,STK,110.6,113.7,110.6,111.7,112,110.4,532,23962,2686894,
544667,"Dachepalli Publishers Limited",M,STK,69,69,68,68.5,68,71,2,2400,164400,
544668,"NANTA TECH LIMITED",M,STK,335,335,300,305.75,305.75,328,47,36000,11263890,
544669,"ADMACH SYSTEMS LIMITED",M,STK,213,219.95,213,213.65,213,216,14,10800,2338860,
544670,"BAI-KAKAJI POLYMERS LIMITED",M,STK,190,191,185,186.3,185,189,15,9000,1692840,
544671,"APOLLO TECHNO INDUSTRIES LIMIT",M,STK,105,110,105,106,106,105,9,9000,968050,
544672,"The Wealth Company Mutual Fund",E,STK,152.47,153.98,150.22,153.98,153.98,151.07,14,28,4244,
544673,"MODERN DIAGNOSTIC & RESEARCH C",M,STK,77,77,77,77,77,77,5,9600,739200,
544674,"DSP Mutual Fund",B,STK,69.08,69.14,68.29,69.01,69.01,69.12,7,242,16717,
544675,"Gabion Technologies India Limi",M,STK,75.5,75.5,72.35,73.5,73.5,75.75,4,6400,470400,
544676,"YAJUR FIBRES LIMITED",M,STK,61.8,63.38,61,61.24,61,62.74,36,32800,2030584,
544677,"Defrail Technologies Limited",M,STK,108.05,109,108,109,109,109.05,7,11200,1216240,
544678,"BHARAT COKING COAL LIMITED",B,STK,35.14,35.26,33.61,33.92,33.92,35.26,13722,3055626,104925128,
544679,"Amagi Media Labs Limited",B,STK,371,389,371,380.8,380.8,377.8,2269,72874,27955067,
544680,"Narmadesh Brass Industries Lim",M,STK,200.85,200.85,187.1,187.1,187.1,196.9,55,34560,6500748,
544681,"INDO SMC Limited",M,STK,172,175.95,168.3,169.15,169,175,68,76000,12953750,
544683,"Aritas Vinyl Limited",M,STK,17,17.74,16.11,16.11,16.11,16.95,129,456000,7702080,
544684,"DIGILOGIC SYSTEMS LIMITED",M,STK,94.1,98,92,96.23,95,97.27,33,45600,4344792,
544685,"SHADOWFAX TECHNOLOGIES LIMITED",B,STK,122.4,125,118.95,121,121,124.9,3459,427163,52550623,
544686,"SHAYONA ENGINEERING LIMITED",M,STK,138.75,138.75,136.5,136.5,136.5,139.65,5,5000,687750,
544687,"Hannah Joseph Hospital Limited",M,STK,64.7,66.5,62.75,65,65.9,66.34,11,22000,1422400,
544688,"KASTURI METAL COMPOSITE LIMITE",MT,STK,55.49,55.8,55.49,55.49,55.49,58.41,15,30000,1665920,
544693,"KANISHK ALUMINIUM INDIA LIMITE",MT,STK,36.84,36.84,36.84,36.84,36.84,38.77,11,33600,1237824,
544694,"Accretion Nutraveda Limited",MT,STK,176.4,176.4,175,176.25,176.4,168,24,28000,4935800,
544695,"Msafe Equipments Limited",MT,STK,122.3,134.15,121.45,134.15,134.15,127.8,64,133000,16802600,
544698,"PAN HR SOLUTION LIMITED",MT,STK,76,76,74.11,74.11,74.11,78.01,49,126400,9385968,
544699,"Aye Finance Limited",B,STK,129,132.75,120.6,128.9,128.9,0,17882,1316107,167288429,
544700,"Fractal Analytics Limited",B,STK,900,900,832.1,847.4,847.4,0,20383,421303,365959385,
544701,"Mirae Asset Mutual Fund",B,STK,21.8,22.1,18.35,18.44,18.43,0,20,8432,177136,
555555,"ICICI Prudential BSE Sensex ET",A,STK,945,951.94,939.43,951.9,951.9,947.38,179,894,846176,
570002,"Future Enterprises Limited",Z,STK,2.9,2.9,2.85,2.85,2.85,2.82,3,46,131,
570004,"JAIN IRRIGATION SYSTEMS LTD.",B,STK,25.6,26,23.88,23.95,23.95,25.48,173,2525,62461,
570005,"GACM Technologies Limited - DV",B,STK,0.51,0.51,0.48,0.49,0.49,0.49,34,38155,18757,
590003,"KARUR VYSYA BANK LTD.",B,STK,315.55,319.65,312,316.4,316.4,316.2,2216,91932,29045257,
590005,"VEEDOL CORPORATION LIMITED",B,STK,1435,1444.25,1430.6,1435,1432.4,1440.1,85,587,843778,
590006,"AMRUTANJAN HEALTH CARE LTD.",B,STK,629,639,600,606.6,601.9,632.15,248,1264,786726,
590013,"XPRO INDIA LTD.",B,STK,911.1,911.1,898,904.45,904.5,922.9,125,7162,6472258,
590021,"BHARAT RASAYAN LTD.",B,STK,1670,1710,1647,1697.6,1704.5,1669.95,120,631,1059488,
590024,"FERTILIZERS & CHEMICALS TRAVAN",B,STK,779.25,807.4,775,786.4,786.75,780.9,491,5288,4177206,
590025,"GINNI FILAMENTS LTD.",B,STK,40,40.09,39.83,40.09,40.09,39.83,23,1106,44286,
590030,"SOUTHERN PETROCHEMICALS LTD.",B,STK,69.5,71.53,69,69.89,69.89,69.44,414,46250,3251245,
590031,"DE NORA INDIA LTD.",B,STK,614.6,620.1,604.6,606.3,604.6,609.9,44,207,127468,
590041,"Kavveri Defence &amp; Wireless",B,STK,77.16,77.16,77.16,77.16,77.16,81.22,28,4040,311726,
590051,"SAKSOFT LTD.",B,STK,161.45,162.35,158.1,158.7,158.1,161.3,349,11626,1860445,
590056,"SALONA COTSPIN LTD.",B,STK,254.95,254.95,236.1,250.15,250.15,254.95,8,22,5395,
590057,"EQUIPPP SOCIAL IMPACT TECHNOLO",T,STK,17.57,18.25,17.57,18.25,18.25,18.49,2,11,200,
590062,"ANDHRA SUGARS LTD.",B,STK,74.45,75.77,74,74.09,74,74.79,73,1989,147994,
590065,"INDIA MOTOR PARTS & ACCESSORIE",B,STK,1061.8,1063.4,1053.1,1063.4,1063.4,1040.05,14,18,19083,
590066,K.C.P.LTD.,B,STK,168,170.3,165.1,168.1,168.15,172.25,94,3844,643946,
590068,"KHAITAN (INDIA) LTD.",B,STK,96.43,100.02,95.22,100,100,96.9,22,756,74241,
590070,"RADAAN MEDIAWORKS (I) LTD.",B,STK,2.94,3.15,2.75,2.95,2.95,2.97,8,306,892,
590071,"SUNDARAM FINANCE LTD.",B,STK,5317.25,5402.9,5286.45,5334.15,5300.45,5291.4,410,1420,7595193,
590072,"SUNDARAM BRAKE LININGS LTD.",B,STK,616.4,618,616.4,617.95,617.95,632.5,3,21,12975,
590073,"WHEELS INDIA LTD.",B,STK,862.95,922,848.45,905.5,912.5,867.4,334,3434,3100929,
590078,"MAITHAN ALLOYS LTD.",B,STK,1055.75,1062.95,1045.35,1049.7,1049.15,1072.4,336,3948,4149382,
590086,"ORISSA MINERALS DEVELOPMENT CO",B,STK,4290,4315.95,4280,4293.4,4286,4326.9,97,267,1147299,
590095,"NIPPON INDIA ETF GOLD BEES",E,STK,129.25,129.25,125.86,126.92,126.92,126.1,11101,2132700,269843799,
590096,"NIPPON INDIA ETF LIQUID BEES",F,STK,1000,1000.01,999.99,1000,999.99,1000,405,764401,764400865,
590097,"KOTAK MAHINDRA MUTUAL FUND - K",E,STK,127.58,127.98,126.85,127.78,127.8,127.58,808,45048,5740570,
590098,"SBI MUTUAL FUND - SBI GOLD EXC",E,STK,126.87,131.32,126.87,131.02,131.05,130.13,2643,228256,29778723,
590099,"QUANTUM GOLD FUND - EXCHANGE T",E,STK,130.13,130.13,126.4,127.1,127.12,126.46,308,9985,1273457,
590101,"UTI MUTUAL FUND - UTI GOLD EXC",E,STK,131.59,131.59,128.01,128.8,128.9,128.39,596,69200,8900164,
590103,"NIPPON INDIA ETF NIFTY BEES",B,STK,288.96,291,287.51,290.77,290.77,288.96,2674,159547,46131832,
590104,"NIPPON INDIA ETF JUNIOR BEES",B,STK,746.5,749.5,732.51,747.26,747.9,742,807,16010,11882629,
590106,"NIPPON INDIA ETF BANK BEES",B,STK,622.01,629.4,620,628.97,628.7,622.72,719,9379,5866745,
590107,"KOTAK MAHINDRA MUTUAL FUND - K",B,STK,925.98,931.08,907.5,930.25,931.08,920.63,28,235,215295,
590108,"NIPPON INDIA ETF PSU BANK BEES",B,STK,100.88,103.65,100.88,103.5,103.64,101.88,608,71270,7281293,
590109,"NIPPON INDIA ETF SHARIAH BEES",B,STK,494.6,494.6,479.12,485.84,485.86,484.37,40,446,215762,
590110,"Quantum Nifty 50 ETF",B,STK,284.3,284.3,278.5,281,281,279.31,27,1529,427189,
590113,"NIPPON INDIA ETF HANG SENG BEE",E,STK,538.5,549.1,531.84,542.28,542.54,545.48,333,3679,1995911,
590134,"Madras Fertilizer Limited",B,STK,72.17,73.42,71,71.3,71.3,70.95,129,6409,461023,
590136,"Kotak Mahindra Mutual Fund - P",B,STK,617.2,632.71,617.2,631.28,628.68,625.32,68,2344,1456850,
590137,"SBI Mutual Fund-Permitted",B,STK,616.62,625.48,613.71,623.61,623.59,616.92,63,937,580884,
590138,"SBI Mutual Fund-Permitted",B,STK,272.78,275.2,271.69,274.89,274.44,273.01,586,13384,3658047,
590139,"Kotak Mahindra Mutual Fund - P",B,STK,1091.5,1091.5,1091.48,1091.5,1091.5,1091.35,6,1495,1631776,
590140,"Tata Mutual Fund - Permitted",E,STK,15.15,15.15,14.76,14.87,14.87,14.79,14106,9221760,136796369,
590141,"Nippon India Mutual Fund - Per",B,STK,36.37,36.5,35.73,36.15,36.15,36.15,2003,1080282,38901768,
590142,"Nippon India Mutual Fund - Per",B,STK,23,23,22.75,22.94,22.93,22.78,597,165426,3793712,
590143,"Nippon India Mutual Fund - Per",F,STK,29.3,29.4,29.17,29.29,29.29,29.26,30,19443,569056,
590144,"Nippon India Mutual Fund - Per",B,STK,226.22,227.27,223.39,227.19,227.25,226.22,166,3409,768850,
590145,"Nippon India Mutual Fund - Per",E,STK,229.24,229.24,223.53,227.29,227.29,232.57,22073,3373473,761782888,
590146,"Motilal Oswal Mutual Fund-Perm",E,STK,151.09,152.3,150.5,151.16,151.1,152.15,61,2288,345870,
590147,"Motilal Oswal Mutual Fund-Perm",E,STK,233.65,236.42,230.77,236.19,235.86,240.02,134,3943,922499,
590148,"Motilal Oswal Mutual Fund-Perm",B,STK,16.01,16.12,15.95,16.07,16.12,16.08,157,29472,472267,
590149,"Motilal Oswal Mutual Fund-Perm",B,STK,47.28,47.67,46.01,47.5,47.67,48.14,223,44262,2076775,
590150,"Motilal Oswal Mutual Fund-Perm",B,STK,81.31,83.69,81.31,83.56,83.63,82.23,96,7659,635429,
590151,"Motilal Oswal Mutual Fund-Perm",B,STK,52.33,52.37,51.08,51.71,51.44,51.79,114,29362,1512561,
590152,"Motilal Oswal Mutual Fund-Perm",B,STK,87.33,88.33,87,87.76,87.76,87.32,233,19379,1697051,
590153,"Motilal Oswal Mutual Fund-Perm",B,STK,23.8,23.99,23.75,23.99,23.99,23.94,39,3351,79980,
590154,"Kotak Mahindra Mutual Fund - P",B,STK,47.76,48.43,47.58,48.3,48.14,48.23,313,19678,946050,
751077,"Galaxy Agrico Exports Ltd.",R,STK,0.65,0.65,0.65,0.65,0.65,0.68,6,6862,4460,
751078,"DR LALCHANDANI LABS LIMITED",R,STK,1.1,1.1,1.1,1.1,1.1,1.15,1,4000,4400,
751079,"Travels & rentals Limited",R,STK,1.35,1.35,0.98,1.13,1.13,0.98,28,123000,149730,
751082,"Capricorn Systems Global Solut",R,STK,0.25,0.26,0.25,0.26,0.26,0.22,30,201441,52101,
751083,"Galactico Corporate Services L",R,STK,0.18,0.18,0.13,0.15,0.15,0.16,552,603713,90117,
751084,"PVV Infra Limited",R,STK,1.47,1.47,1.47,1.47,1.47,2.44,268,390083,573422,
800173,828GOI2027,G,STK,104.6,104.6,104.6,104.6,104.6,104.6,1,1000,104600,
800177,920GOI2030,G,STK,115.4,115.4,115.4,115.4,115.4,114.4,1,6,692,
800263,706GOI2046,G,STK,99.07,99.07,99.07,99.07,99.07,97.79,1,15000,1486050,
800291,"SOVEREIGN GOLD BOND 2019 SERIE",G,STK,15500,15500,15499,15499,15499,15649,2,5,77496,
800296,"SOVEREIGN GOLD BOND 2019-20 SE",G,STK,15301,15301,14761,14761,14761,15807.92,3,10,151389,
800297,"SOVEREIGN GOLD BOND 2019-20 SE",G,STK,15498.91,15498.91,15472,15472,15472,15428.75,5,12,185690,
800303,"Sovereign Gold Bonds 2019-20 S",G,STK,14501,14501,14501,14501,14501,15520,1,2,29002,
800309,727GOI2026,G,STK,102,102,102,102,102,101.75,1,2,204,
800312,"Sovereign Gold Bonds 2019-20 S",G,STK,15496,15496,15496,15496,15496,15500,1,1,15496,
800314,"Sovereign Gold Bonds 2019-20 S",G,STK,15789,15789,15789,15789,15789,15500,1,1,15789,
800315,"Sovereign Gold Bonds 2019-20 S",G,STK,15527.02,15527.02,15525,15525,15525,15800,5,11,170788,
800318,"Sovereign Gold Bonds 2020-21 S",G,STK,15542,15542,15381,15381,15381,15490.87,3,5,77066,
800320,"Sovereign Gold Bonds 2020-21 S",G,STK,15400,15400,15400,15400,15400,15450.14,3,3,46200,
800322,"Sovereign Gold Bonds 2020-21 S",G,STK,15430,15430,15381,15389.63,15400,15430.34,9,22,338957,
800324,"Sovereign Gold Bond 2020-21 IV",G,STK,15430.1,15430.1,15396,15396,15396,15499.86,16,45,693102,
800325,"Sovereign Gold Bonds 2020-21 V",G,STK,15543.99,15543.99,15375.01,15393.43,15375.01,15459.8,64,154,2376142,
800326,68GOI2060,G,STK,96,96,96,96,96,92.75,1,1,96,
800327,"Sovereign Gold Bonds 2020-21 S",G,STK,15450,15495,15411,15411,15411,15859.45,3,11,169917,
800328,"Sovereign Gold Bonds 2020-21 S",G,STK,15351,15425,15351,15423,15425,15735.05,47,50,769625,
800329,"Sovereign Gold Bonds 2020-21 S",G,STK,15396,15396,15396,15396,15396,15529.98,4,8,123168,
800331,"SGB 2020-21 Series IX",G,STK,15351,15351,15351,15351,15351,15743,1,1,15351,
800339,"SGB 2020-21 Series XII",G,STK,15307.01,15649,15307.01,15408.89,15410,15843.47,25,269,4164794,
800340,"SGB 2021-22 Series I",G,STK,15528,15575,15400,15401.35,15400,15461.91,28,196,3031250,
800341,"SGB 2021-22 Series II",G,STK,15566.51,15680.01,15365,15368.59,15365,15362.01,22,84,1300235,
800342,"Sovereign Gold Bonds 2021-22",G,STK,15412.11,15412.11,15411.11,15411.61,15411.11,15520,2,2,30823,
800367,"Sovereign Gold Bond Series IV",G,STK,15499,15499,15499,15499,15499,15800,1,1,15499,
800385,"Sovereign Gold Bonds 2021-22 S",G,STK,15600,15650,15556,15577.72,15600,15894,21,41,639684,
800386,"Sovereign Gold Bonds 2021-22 S",G,STK,15449,15449,15422,15422,15422,15511.2,10,101,1558938,
800434,"Sovereign Gold Bonds 2021-22 S",G,STK,15258.8,15258.8,15258.8,15258.8,15258.8,15826.01,1,1,15258,
800437,"Sovereign Gold Bonds 2021-22 S",G,STK,15518.98,15518.98,15450,15450,15450,15522.63,4,9,139187,
800438,"Soveriegn Gold Bonds 2021-22 S",G,STK,15601.89,15601.89,15522.88,15523.88,15523.88,15706,8,8,124265,
800443,"Sovereign Gold Bonds 2022-23 S",G,STK,15717,15717,15700,15700,15700,15603.99,4,8,125650,
800488,"Sovereign Gold Bonds 2022-23 S",G,STK,16099,16099,15643.31,15648.66,15643.31,15801.01,42,52,816037,
800565,GS19SEP2049,G,STK,16.4,16.4,16.4,16.4,16.4,15.76,1,5000,82000,
800573,"Soverign Gold Bond 2022-23 Sr",G,STK,15549.9,15779,15549.9,15707.94,15700,15948.62,28,42,659535,
800575,"Sovereign Gold Bond 2022-23 Sr",G,STK,15899.98,15899.98,15899.98,15899.98,15899.98,15899.99,1,1,15899,
800580,"Sovereign Gold Bonds 2023-24 S",G,STK,15899,15900,15730,15742.18,15730,15807,24,60,948542,
800588,725GOI2063,G,STK,99,99,98,98,98,97.9,2,101,9899,
800596,"Sovereign Gold Bonds 2023-24 S",G,STK,15876.35,15955.73,15650.01,15835.25,15835.1,15906.35,66,257,4081594,
800598,718GS2037,G,STK,103,103.35,103,103.35,103.35,103,4,21633,2230511,
800603,"Sovereign Gold Bonds 2023-24 S",G,STK,16050,16199,15852.01,15920.8,15920.8,16123.25,204,481,7669988,
800605,"Sovereign Gold Bonds 2023-24 S",G,STK,17594.99,17594.99,17000.01,17036.15,17020,17685.63,276,598,10216076,
800807,709GOI74,G,STK,96.1,96.95,96.1,96.7,96.7,97,15,13211,1277339,
800808,690GOI65,G,STK,95.26,95.39,94.75,95.01,95.01,95.26,4,1200,114340,
805145,91TB190226,G,STK,99.6,99.6,99.6,99.6,99.6,99.5,1,100,9960,
805178,91TB140526,G,STK,98.25,98.26,98.25,98.26,98.26,98.06,2,200,19651,
810883,746TELSDL48,G,STK,85,85,85,85,85,92,1,1,85,
810985,767KARSDL42,G,STK,98,98,98,98,98,97.95,1,80,7840,
890197,"Yarn Syndicate Ltd.",X,STK,2.17,2.32,1.8,1.91,1.8,2.1,10,4410,8415,
890213,"Shri Niwas Leasing and Finance",XT,STK,9.09,9.09,8.26,8.99,8.99,8.69,6,2576,21348,
890217,"Aplab Ltd.",X,STK,59.06,65.44,59.06,60.21,60.2,64.59,5,55,3256,
890220,"KATI PATANG LIFESTYLE LIMITED",XT,STK,9.5,9.53,9.25,9.25,9.25,9.08,13,23240,220609,
890221,"Spandana Sphoorty Financial Li",B,STK,130.65,137.7,130.65,137.7,137.7,130,85,402,53918,
890228,"Allcargo Terminals Limited",B,STK,10.45,10.45,10.45,10.45,10.45,11,7,140,1463,
890230,"Ace Software Exports ltd.",X,STK,139.95,142,136.5,141.8,142,139.75,49,35593,5008327,
890231,"ANIRIT VENTURES LIMITED",XT,STK,22.97,22.98,22.97,22.98,22.98,23,2,90,2067,
935548,REC-7.43%-5-11-35-S-3B-NCD,F,STK,1179,1179,1179,1179,1179,1177.96,1,15,17685,
935574,IRFC-7.53%-21-12-30-TAXFREENCD,F,STK,1107,1107,1107,1107,1107,1105.3,1,2,2214,
935618,IREDA-7.74%-21-1-31-TAXFREENCD,F,STK,1094,1094,1092.01,1093.21,1092.01,1099,5,390,426510,
935642,HUDCO-7.64%-8-2-31-TAXFREENCD,F,STK,1104,1104,1104,1104,1104,1097,1,5,5520,
935674,HUDCO-7.69%-15-3-31-TAXFREENCD,F,STK,1100.01,1102,1100,1100.05,1100.05,1100.55,4,386,424602,
935752,MMFSL-9%-6-6-26-NCD,F,STK,1032.24,1058,1032.24,1058,1058,1058.71,2,10,10451,
936132,ECL-9.25%-22-3-28-NCD,F,STK,1042.3,1042.3,1042.3,1042.3,1042.3,1052.75,1,20,20846,
936224,JMFCSL-9.75%-7-6-28-NCD,F,STK,1084,1084,1068.1,1068.1,1068.1,1080,2,434,464350,
936226,JMFCSL-9.34%-7-6-28-NCD,F,STK,1012.25,1012.25,1012.1,1012.18,1012.2,1012,3,148,149803,
936254,EFL-9.85%-6-8-28-NCD,F,STK,1027.01,1027.66,1027.01,1027.66,1027.66,1031.62,2,30,30816,
936326,SFL-9.30%-2-11-28-NCD,F,STK,1039,1039,1036,1037,1037,1028.44,8,160,166142,
936400,EFL-10.60%-4-1-29-NCD,F,STK,1049.2,1049.2,1049.2,1049.2,1049.2,1111,1,10,10492,
936410,MMFSL-9.2%-18-1-27-NCD,F,STK,1102,1102,1102,1102,1102,1102.5,1,27,29754,
936412,MMFSL-9.3%-18-1-27-NCD,F,STK,1104,1104,1104,1104,1104,1093.55,3,3,3312,
936476,IFL-10%-7-2-29-NCD,F,STK,1024.19,1029.19,1024.19,1029.19,1029.19,999.21,2,16,16392,
936492,MFL-ZC-5-5-26-NCD,F,STK,1940,1940,1940,1940,1940,1956,1,152,294880,
936532,LTF-8.98%-13-3-29-NCD,F,STK,1078.55,1078.55,1075.55,1075.55,1075.55,1073,3,3,3230,
936574,LTF-9.05%-15-4-27-NCD,F,STK,1090.45,1090.45,1090.45,1090.45,1090.45,1090.01,2,62,67607,
936656,MHIL-ZC-13-11-26-NCD,F,STK,1849,1859,1849,1859,1859,1848,2,121,224339,
936784,SFL-9.31%-22-8-26-NCD,F,STK,1009.99,1009.99,1009.99,1009.99,1009.99,1009.99,1,29,29289,
936810,TCAP-8.65%-26-8-27-NCD,F,STK,1052.98,1052.98,1051.8,1052,1052,1048.03,8,536,563886,
936944,MFL-ZC-1-5-27-NCD,F,STK,1830,1830,1830,1830,1830,1760,1,75,137250,
936977,ECL-10.4%-28-11-29-NCD,F,STK,1012,1012,1012,1012,1012,1011.1,2,135,136620,
937017,LTF-8.65%-23-12-26-NCD,F,STK,1020,1020,1020,1020,1020,1015.1,1,100,102000,
937053,TCHF-8.1%-14-1-28-NCD,F,STK,1015,1015,1015,1015,1015,1010.01,1,1,1015,
937091,NWFL-9.80%-5-2-30-NCD,F,STK,1012,1012,1012,1012,1012,1016,1,4383,4435596,
937093,NWFL-10.25%-5-2-30-NCD,F,STK,1030,1030,1030,1030,1030,1030,1,11,11330,
937129,MMFL-ZC-17-3-27-NCD,F,STK,1780,1780,1780,1780,1780,1780,1,100,178000,
937345,EFSL-9.53%-8-1-31-NCD,F,STK,980,980.9,965.11,980,980,980,4,581,568963,
937369,PFCL-6.82%-22-1-31-NCD,F,STK,994,994,994,994,994,935,1,1,994,
937385,PFCL-7.15%-22-1-36-NCD,F,STK,980.01,986,980,983.51,983.51,989.99,15,1165,1143724,
937431,MMFL-10.25%-13-3-26-NCD,F,STK,1006.2,1006.2,1006.2,1006.2,1006.2,1006,3,260,261612,
937441,MFL-9%-15-3-27-NCD,F,STK,995,995,995,995,995,984,1,50,49750,
937453,IFL-10%-24-6-28-NCD,F,STK,1082,1082,1082,1082,1082,1088,2,40,43280,
937455,IFL-9.6%-24-6-28-NCD,F,STK,998,998,996,996.19,996.95,995.95,9,551,549518,
937473,MFL-VIII-20-4-26-NCD,F,STK,1424,1424,1424,1424,1424,1421,2,85,121040,
937495,EFSL-9.16%-29-4-26-NCD,F,STK,1000,1000,996,998,998,990.51,5,578,576050,
937497,EFSL-9.55%-29-4-26-NCD,F,STK,1072,1075,1072,1074.33,1073,1072,5,311,334095,
937503,EFSL-9.70%-29-4-31-NCD,F,STK,1028.8,1028.8,1028.8,1028.8,1028.8,1028.8,1,2,2057,
937529,IGT-7.9%-6-5-28-NCD,F,STK,1066,1066,1066,1066,1066,1069.99,2,40,42640,
937547,MFCL-8.75%-7-5-26-NCD,F,STK,994.98,994.99,994.98,994.99,994.99,994.99,2,84,83579,
937557,MFCL-ZC-7-5-26-NCD,F,STK,1511.2,1511.2,1511.2,1511.2,1511.2,1493.2,1,17,25690,
937581,PFL-9%-23-07-31-NCD,F,STK,1050.5,1050.5,1050.5,1050.5,1050.5,1060,1,480,504240,
937621,IHFL-9.60%-3-11-28-NCD,F,STK,998,998,995.05,995.05,995.05,998,4,210,209431,
937631,EFSL-9.15%-10-9-26-NCD,F,STK,990,999,990,999,999,990,5,200,199694,
937635,EFSL-10-9-26-NCD,F,STK,1465.2,1465.2,1465.2,1465.2,1465.2,1470.8,1,25,36630,
937637,EFSL-9.30%-10-9-31-NCD,F,STK,960,961,955,961,961,975,3,41,39236,
937721,IIFL-8.42%-14-10-26-NCD,F,STK,990,990,989.9,989.9,989.9,994.27,4,43,42568,
937799,EFSL-9.15%-28-12-26-NCD,F,STK,989,989,988.9,989,989,992,13,841,831747,
937805,EFSL-9.30%-28-12-31-NCD,F,STK,955.01,955.69,955,955.52,955.52,960,18,1180,1126929,
937889,MFL-9%-2-2-30-NCD,F,STK,997,997,997,997,997,990,1,2,1994,
937899,MFL-ZC-2-2-30-NCD,F,STK,1324.02,1350,1324.02,1350,1350,1340,2,100,133701,
937939,KFIL-10-17-4-27-NCD,F,STK,876,995,876,995,995,862,4,348,310560,
937999,NIDO-9.15%-29-4-27-NCD,F,STK,993.8,993.8,993.8,993.8,993.8,993.8,3,111,110311,
938001,NIDO-9.55%-29-4-27-NCD,F,STK,1151.05,1151.05,1051.05,1054,1054,1051,6,67,73479,
938015,MFL-IV-5-5-27-NCD,F,STK,1035,1035,1035,1035,1035,1054,1,60,62100,
938105,NWIL-9.16%-15-7-27-NCD,F,STK,1000,1000,1000,1000,1000,1004.33,4,102,102000,
938107,NWIL-9.55%-15-7-27-NCD,F,STK,1061,1061,1057,1057,1057,1051,3,400,424000,
938109,NWIL-15-7-27-NCD,F,STK,1419,1419,1362,1362,1362,1450,2,205,283485,
938123,KFL-9.5%-10-8-26-NCD,F,STK,995,995,995,995,995,990,1,25,24875,
938135,MFL-8.35%-6-9-26-NCD,F,STK,994,994,994,994,994,990,3,30,29820,
938180,SCL-9.15%-28-9-27-NCD,F,STK,950,980,950,980,980,980,3,58,55970,
938218,EFSL-9.65%-20-10-32-NCD,F,STK,932.4,990,932.4,980,980,995,3,22,21046,
938222,NHIT-25-10-35-INVIT,F,STK,311.5,318,311.5,314,314,315,5,371,117091,
938226,NHIT-7.9%-25-10-47-INVIT,F,STK,418,418.15,418,418.15,418.15,421.25,4,345,144214,
938256,MFL-3-11-27-NCD,F,STK,971.2,980,971.2,980,980,971.2,5,530,519136,
938284,MFL-7.50%-23-12-27-NCD,F,STK,985,990,985,990,990,985,2,25,24650,
938348,KFL-9.5%-15-1-27-NCD,F,STK,997,997,997,997,997,990,1,40,39880,
938364,EFSL-9.67%-20-1-28-NCD,F,STK,997,997,997,997,997,991.89,1,100,99700,
938366,EFSL-10.10%-20-1-28-NCD,F,STK,992,992,992,992,992,990,1,150,148800,
938368,"EFSL-Zero Coupon-20-1-28-NCD",F,STK,1296.2,1314.8,1296.2,1314.8,1314.8,1296.2,3,143,186714,
938382,IIFL-8.65%-25-1-28-NCD,F,STK,980.52,980.52,980.52,980.52,980.52,982,1,698,684402,
938384,IIFL-9%-24-1-28-NCD,F,STK,990,990,980.4,980.4,980.4,1023.36,2,201,197070,
938424,MFL-8.50%-2-2-28-NCD,F,STK,980,980,970,975,975,975,16,500,486750,
938432,MFL-2-4-26-NCD,F,STK,1281,1281,1281,1281,1281,1279.33,1,1,1281,
938478,SC-9.90%-23-3-26-NCD,F,STK,372.01,372.01,372.01,372.01,372.01,372,1,4,1488,
938518,EFSL-9.20%-27-4-26-NCD,F,STK,1000,1000,1000,1000,1000,992.5,1,10,10000,
938520,EFSL-9.60%-27-4-26-NCD,F,STK,1072.15,1073.6,1072,1073.6,1073.6,1072.14,3,69,74015,
938522,EFSL-27-4-26-NCD,F,STK,1284.8,1284.8,1284.8,1284.8,1284.8,1284.8,2,85,109208,
938530,EFSL-10%-27-4-33-NCD,F,STK,985,985,985,985,985,985,6,110,108350,
938578,MFL-2-5-30-NCD,F,STK,1195,1200,1195,1200,1200,1180,5,659,789590,
938584,CIFCL-8.30%-4-6-26-NCD,F,STK,1060,1060,1060,1060,1060,1059.8,5,500,530000,
938618,IML-11.50%-23-7-28-NCD,F,STK,1012.9,1012.9,1012.9,1012.9,1012.9,1008,1,1,1012,
938632,IFL-8.65%-18-6-28-NCD,F,STK,983.99,983.99,983.99,983.99,983.99,980,1,150,147598,
938654,EFSL-9.60%-21-7-26-NCD,F,STK,1040.21,1040.21,1040.2,1040.2,1040.2,1041,2,100,104020,
938658,EFSL-9.67%-21-7-28-NCD,F,STK,978.05,978.05,978.05,978.05,978.05,995,3,20,19561,
938664,EFSL-10%-21-7-33-NCD,F,STK,982,987,980,982.36,980,985,11,1613,1585177,
938804,MFL-20-9-31-NCD,F,STK,1124,1124,1124,1124,1124,1125,1,150,168600,
938868,MFLTD-7.75%-4-10-26-NCD,F,STK,977.44,977.44,977.44,977.44,977.44,1002.51,1,31,30300,
938900,EFSL-9.60%-26-10-26-NCD,F,STK,1010.98,1025.8,1010.98,1025.8,1025.8,1010.98,2,26,26300,
938910,EFSL-10%-26-10-33-NCD,F,STK,991.6,991.6,991.6,991.6,991.6,980,1,78,77344,
938932,MFL-1-11-31-NCD,F,STK,1128,1128,1128,1128,1128,1136,1,88,99264,
938990,SCL-9.71%-9-11-28-NCD,F,STK,930,930,930,930,930,840,1,2,1860,
939012,IFSL-9.84%-10-11-26-NCD,F,STK,1000,1000,1000,1000,1000,994.8,5,170,170000,
939030,ICLFL-12%-14-12-26-NCD,F,STK,1010,1010,1010,1010,1010,1023,1,2,2020,
939044,ICLFL-ZC-14-8-29-NCD,F,STK,1249,1249,1235,1240,1240,1225,6,146,181264,
939082,MML-10.25%-21-12-26-NCD,F,STK,1000,1000,1000,1000,1000,1000,1,300,300000,
939194,EFSL-29-1-27-NCD,F,STK,1192.8,1192.8,1192.8,1192.8,1192.8,1177.2,2,83,99002,
939196,EFSL-9.67%-29-1-29-NCD,F,STK,975,975.01,975,975,975,996.8,4,530,516750,
939206,MFL-8.25%-25-1-27-NCD,F,STK,1001.9,1001.9,995,995.07,996,1003.5,12,925,920931,
939246,MFL-ZC-31-1-27-NCD,F,STK,1174,1174,1174,1174,1174,1173,1,175,205450,
939248,MFL-ZC-31-1-29-NCD,F,STK,1150.02,1180,960,1180,1180,1200,11,1260,1265571,
939297,NHFL-9.58%-1-3-27-NCD,F,STK,987,988,987,988,988,994,2,296,292300,
939331,NFL-10.40%-13-6-26-NCD,F,STK,991,991,991,991,991,1033.01,1,1,991,
939337,NFL-11.19%-13-3-27-NCD,F,STK,1107.65,1107.65,1091.7,1091.79,1091.7,1085.2,3,3446,3816248,
939341,SCL-9.65%-26-3-26-NCD,F,STK,1085.8,1085.8,1085.8,1085.8,1085.8,1064.8,1,5,5429,
939381,SCL-10.25%-26-3-34-NCD,F,STK,990,1010,990,1010,1010,900,2,101,100010,
939389,IFL-12.50%-18-4-29-NCD,F,STK,980,980,980,980,980,1030,1,80,78400,
939583,NHFL-9.58%-3-7-27-NCD,F,STK,993,993,993,993,993,993,2,30,29790,
939621,EFSL-26-7-27-NCD,F,STK,1199,1199,1199,1199,1199,1118.2,1,420,503580,
939631,EFSL-10.49%-26-7-34-NCD,F,STK,1013.5,1013.5,1013.5,1013.5,1013.5,1000.2,1,3,3040,
939639,SMCGSL-10%-07-8-26-NCD,F,STK,1052,1052,1042.2,1042.2,1042.2,1044.44,3,110,115308,
939643,SMCGSL-ZC-07-8-26-NCD,F,STK,1145,1145,1145,1145,1145,1139.9,1,4,4580,
939657,SMCGSL-10.40%-07-08-29-NCD,F,STK,1050,1050,1050,1050,1050,1057.45,1,100,105000,
939697,CCIL-13-8-26-NCD,F,STK,1140,1140,1140,1140,1140,1000,1,10,11400,
939753,MFCL-16-9-26-NCD,F,STK,1124.5,1125,1124.5,1125,1125,1124.5,5,195,219352,
939755,MFCL-16-9-27-NCD,F,STK,1109,1109,1109,1109,1109,1110,1,26,28834,
939761,MFCL-16-5-32-NCD,F,STK,1051,1064,1051,1064,1064,1051,4,100,105840,
939813,NHFL-9.5%-8-10-26-NCD,F,STK,1009,1010.2,1009,1010.2,1010.2,1007,2,7,7069,
939829,NHFL-10.49%-8-10-34-NCD,F,STK,1004.4,1012,1000,1012,1012,1008,5,450,450194,
939835,UCL-10.25%-24-10-26-NCD,F,STK,996,996,991.02,996,996,996,9,1847,1838914,
939857,EFSL-10.49%-24-10-34-NCD,F,STK,1014,1014,1014,1014,1014,1001,1,25,25350,
939859,EFSL-11%-24-10-34-NCD,F,STK,1034,1040,1023,1038.51,1037.01,1034.59,4,60,61939,
939863,MFCL-9%-30-10-26-NCD,F,STK,992,992,992,992,992,985,1,12,11904,
939867,MFCL-9.45%-30-10-29-NCD,F,STK,970,970,970,970,970,1004,1,100,97000,
939881,MFL-30-10-27-NCD,F,STK,1075.2,1110.5,1075.2,1110.5,1110.5,1112.95,3,200,218570,
939885,MFL-30-10-30-NCD,F,STK,1065.2,1092.8,1052,1065.2,1065.2,1083.8,5,397,427611,
939923,ICLFL-12.20%-02-12-29-NCD,F,STK,1030,1030,1030,1030,1030,1030,1,1,1030,
939957,KFL-11-6-26-NCD,F,STK,1095,1095,1095,1095,1095,1095,1,85,93075,
939967,KFL-10.25%-11-12-29-NCD,F,STK,995,995,995,995,995,1000,8,165,164175,
940053,MFLIII-9%-10-1-27-NCD,F,STK,995,995,990,990,990,983.4,7,85,84200,
940061,MFLIII-9.40%-10-1-27-NCD,F,STK,988,988,988,988,988,987.5,1,100,98800,
940077,MFLIII-10-9-32-NCD,F,STK,1020,1020,1010,1010,1010,1023.8,4,600,609000,
940099,EFSL-24-1-27-NCD,F,STK,1086.8,1086.8,1069.35,1069.35,1069.35,1063.2,5,81,87542,
940107,EFSL-10.04%-24-1-30-NCD,F,STK,1009,1009,1005,1005,1005,1000,3,9,9077,
940115,EFSL-10.49%-24-1-35-NCD,F,STK,1000.03,1000.03,1000.03,1000.03,1000.03,998,2,100,100003,
940227,PCL-13%-20-3-30-NCD,F,STK,1040,1040,1040,1040,1040,1045.2,1,3,3120,
940249,SFL-4-4-28-NCD,F,STK,1000,1000,1000,1000,1000,1010,1,99,99000,
940255,NHFL-10.49%-3-4-35-NCD,F,STK,1015,1015,1015,1015,1015,1017,2,31,31465,
940273,KFL-10.25%-14-4-30-NCD,F,STK,1000,1000,1000,1000,1000,1000,3,30,30000,
940289,IIFL-9%-21-7-26-NCD,F,STK,1068,1068,1068,1068,1068,1061.8,1,25,26700,
940315,UCL-10.50%-24-10-28-NCD,F,STK,1029.9,1029.9,1029.9,1029.9,1029.9,940.1,1,50,51495,
940325,SMCGSL-10.03%-24-04-30-NCD,F,STK,998.05,1000,998,1000,1000,998,7,301,300800,
940339,EFSL-10.04%-30-04-30-NCD,F,STK,1008,1008,1008,1008,1008,1008,2,30,30240,
940347,EFSL-10.49%-30-04-35-NCD,F,STK,1015,1015,1015,1015,1015,1020,1,1,1015,
940349,EFSL-11%-30-04-35-NCD,F,STK,1068.8,1068.8,1068.8,1068.8,1068.8,1068.8,1,90,96192,
940361,MMFL-10.50%-12-5-30-NCD,F,STK,999,1039.2,992,1039.2,1039.2,999,14,210,210557,
940365,ICLFL-11%-16-06-26-NCD,F,STK,931,966,931,966,966,1000,2,25,23800,
940385,MFL-9%-19-5-27-NCD,F,STK,995,995,995,995,995,995,1,60,59700,
940395,MFL-9.65%-19-5-28-NCD,F,STK,1050,1050,1050,1050,1050,1050,1,20,21000,
940401,MFL-19-5-27-NCD,F,STK,1036.5,1036.5,1036.5,1036.5,1036.5,1032,1,10,10365,
940411,CCIL-10.9%-19-6-27-NCD,F,STK,960.25,960.25,960.05,960.21,960.05,998,3,6,5761,
940421,CCIL-19-4-31-NCD,F,STK,958,958,958,958,958,954,1,124,118792,
940425,NHFL-02-07-27-NCD,F,STK,1016.2,1016.2,1016.2,1016.2,1016.2,1016.2,1,5,5081,
940427,NHFL-9.57%-02-07-28-NCD,F,STK,960.51,985,960.51,985,985,990,2,11,10590,
940443,MFCL-8.85%-16-7-27-NCD,F,STK,985.2,985.2,985.2,985.2,985.2,995.02,1,100,98520,
940445,MFCL-9.05%-16-7-28-NCD,F,STK,994.95,994.95,985,985,985,986,5,50,49260,
940449,MFCL-9.40%-16-7-31-NCD,F,STK,985,999,985,999,999,999,2,9,8893,
940453,MFCL-9.45%-16-7-28-NCD,F,STK,1012.07,1012.07,1012.07,1012.07,1012.07,1040,2,100,101207,
940477,AEL-9%-17-07-30-NCD,F,STK,1022,1022,1009,1016.65,1022,1010,3,104,106106,
940479,AEL-9.30%-17-07-30-NCD,F,STK,1060.5,1060.5,1060.5,1060.5,1060.5,1070,1,1050,1113525,
940497,KFL-10%-23-7-30-NCD,F,STK,840,840,840,840,840,1025,1,1,840,
940505,EFSL-9.75%-24-7-28-NCD,F,STK,1035,1035,1035,1035,1035,1015.2,1,5,5175,
940517,EFSL-10.03%-24-7-35-NCD,F,STK,1000,1001,1000,1001,1001,1000,2,20,20010,
940519,EFSL-10.50%-24-7-35-NCD,F,STK,1015,1015,1011.33,1011.33,1011.33,1015,3,40,40526,
940523,KAFL-9.5%-1-9-26-NCD,F,STK,970,985,970,985,985,989.32,3,150,147000,
940541,KAFL-27-2-32-NCD,F,STK,929,969,929,969,969,960,3,11,10259,
940551,MML-29-10-31-NCD,F,STK,1055,1055,1055,1055,1055,1055,2,60,63300,
940575,SCL-01-08-28-NCD,F,STK,1013,1013,1013,1013,1013,1008.9,1,11,11143,
940601,IFL-11.02%-20-9-26-NCD,F,STK,988,988,988,988,988,986,2,11,10868,
940603,IFL-11%-20-8-27-NCD,F,STK,970,970,951.25,951.25,951.25,970,2,10,9606,
940609,IFL-20-9-26-NCD,F,STK,1022.5,1030,1022.5,1030,1030,1022.5,5,80,82185,
940619,IFL-20-6-31-NCD,F,STK,902.99,905,881.01,905,905,902.99,7,103,92142,
940637,MMFL-9.25%-29-8-27-NCD,F,STK,976,989.99,976,989.99,989.99,975,2,12,11851,
940643,MMFL-10.5%-29-8-30-NCD,F,STK,1018,1018,1018,1018,1018,1014.8,2,20,20360,
940647,NHFL-10-09-27-NCD,F,STK,1002.55,1016,990.2,990.2,990.2,1005.8,7,360,360479,
940649,NHFL-9.35%-10-09-28-NCD,F,STK,999,999,999,999,999,999,2,115,114885,
940651,NHFL-9.75%-10-09-28-NCD,F,STK,1014,1014,1014,1014,1014,1014,1,50,50700,
940657,NHFL-10.25%-10-09-30-NCD,F,STK,1019.98,1019.98,980,980,980,1020,2,145,147857,
940663,NHFL-10.50%-10-09-35-NCD,F,STK,1010,1010,1010,1010,1010,1010,7,90,90900,
940667,EFSL-7-10-27-NCD,F,STK,1013.8,1013.8,1013.8,1013.8,1013.8,1000,3,15,15207,
940671,EFSL-9.50%-7-10-28-NCD,F,STK,992.2,992.2,991,991,991,992.2,3,1000,991232,
940673,EFSL-7-10-28-NCD,F,STK,1000,1000,1000,1000,1000,1000,2,100,100000,
940681,EFSL-9.80%-7-10-35-NCD,F,STK,1000,1000,990,990,990,1005,6,569,568750,
940691,CGCL-8.9%-13-4-27-NCD,F,STK,1007.2,1007.2,1007.2,1007.2,1007.2,1007.04,1,50,50360,
940695,CGCL-9.25%-13-10-28-NCD,F,STK,1010.01,1010.01,1010.01,1010.01,1010.01,1010,1,20,20200,
940701,IML-9%-31-10-26-NCD,F,STK,980,980,961.55,961.55,961.55,980,4,31,30033,
940705,IML-9.75%-30-10-27-NCD,F,STK,980,991,971.01,971.01,971.01,980,13,218,214572,
940707,IML-30-10-27-NCD,F,STK,990,990,990,990,990,990,1,4,3960,
940713,IML-11.25%-30-10-30-NCD,F,STK,1000.99,1013,999.93,1007,1007,1000.21,14,1098,1104296,
940715,IML-30-10-31-NCD,F,STK,999.8,999.8,974.05,975.27,975.27,1000,13,118,116291,
940717,SGSL-9.75%-30-10-27-NCD,F,STK,1007,1007,1007,1007,1007,1007,1,100,100700,
940727,SGSL-10.25%-30-10-30-NCD,F,STK,985.02,985.02,985.02,985.02,985.02,981,1,10,9850,
940729,KFL-09-05-27-NCD,F,STK,1000,1000,1000,1000,1000,1000,1,20,20000,
940735,KFL-9.75%-09-05-29-NCD,F,STK,900,900,900,900,900,836,1,10,9000,
940743,KFL-09-11-32-NCD,F,STK,985,985,985,985,985,985,3,50,49250,
940745,CCIL-10.50%-11-5-27-NCD,F,STK,1000,1000,975.01,997,997,975.01,5,33,32350,
940749,CCIL-11.30%-10-11-28-NCD,F,STK,960.35,960.35,951.25,952.4,951.25,965,5,19,18166,
940753,CCIL-11-11-26-NCD,F,STK,985,985,985,985,985,985,1,5,4925,
940759,ICLFL-10.50%-02-01-27-NCD,F,STK,978,978,975,975,975,982.82,11,238,232464,
940767,ICLFL-02-01-27-NCD,F,STK,977,990,977,978.53,978.2,985,16,339,332174,
940777,ICLFL-02-10-31-NCD,F,STK,921,921,921,921,921,921,1,1,921,
940781,EFSL-12-12-27-NCD,F,STK,990,990,990,990,990,933.94,1,100,99000,
940791,EFSL-9.85%-12-12-30-NCD,F,STK,1005,1005,1005,1005,1005,1001,1,52,52260,
940795,EFSL-9.67-12-12-35-NCD,F,STK,1005,1005,1005,1005,1005,1006.5,1,32,32160,
940797,EFSL-10.10%-12-12-35-NCD,F,STK,1010,1010,1010,1010,1010,1010,1,12,12120,
940799,KAFL-9.50%-19-1-27-NCD,F,STK,980,984.99,972.02,975.01,975.01,980.5,7,491,479662,
940801,KAFL-16-4-27-NCD,F,STK,951,970,951,968.48,970,951,6,88,84090,
940803,KAFL-9.85%-16-6-27-NCD,F,STK,970,970,970,970,970,995,2,19,18430,
940819,MML-23-1-27-NCD,F,STK,991,991,991,991,991,991,1,10,9910,
940821,MML-9.5%-23-01-27-NCD,F,STK,965.3,985,965.3,970,970,985,3,30,29203,
940833,MML-10.75%-19-12-30-NCD,F,STK,1010,1015,1010,1015,1015,980,2,70,70800,
940835,MML-19-3-32-NCD,F,STK,1010,1010,1010,1010,1010,1018,1,20,20200,
940837,PCL-12.5%-29-12-28-NCD,F,STK,1002,1002,1001,1001,1001,997.05,3,45,45070,
940839,PCL-12.75%-29-12-29-NCD,F,STK,1002,1002,1002,1002,1002,1002,3,50,50100,
940841,PCL-13%-29-12-30-NCD,F,STK,1014.1,1014.11,1000.1,1014.11,1014.11,1014.11,10,100,101391,
940843,AEL-8.60%-12-1-28-NCD,F,STK,996.02,996.02,996.02,996.02,996.02,1003.21,1,1,996,
940849,AEL-8.75%-12-1-29-NCD,F,STK,1026,1026,1026,1026,1026,1015,1,1,1026,
940855,AEL-8.90%-12-1-31-NCD,F,STK,1009,1009,1007.6,1008,1008,1009,7,692,697545,
940859,MFL-8.37%-12-2-28-NCD,F,STK,989,989,983.6,983.6,983.6,989.09,58,2302,2265378,
940861,MFL-8.52%-12-2-29-NCD,F,STK,980,985,978.47,981.69,984,978.8,27,577,564979,
940862,MFL-8.65%-12-2-31-NCD,F,STK,980,980,966.4,980,980,989,3,76,73800,
940864,MFL-8.75%-12-2-32-NCD,F,STK,980,982,965.79,981.6,982,985,13,116,113053,
940866,MFL-8.7%-12-2-28-NCD,F,STK,1010,1010,1010,1010,1010,1000,1,10,10100,
940868,MFL-8.85%-12-2-29-NCD,F,STK,985,985,985,985,985,996,4,100,98500,
940870,MFL-9%-12-2-31-NCD,F,STK,991,993.25,963.14,993.25,993.25,0,4,181,178577,
940872,MFL-9.1%-12-2-32-NCD,F,STK,975.1,980.3,961.85,974.5,974.5,995,27,461,448066,
940874,MFL-12-2-28-NCD,F,STK,970,980,965,980,980,0,11,127,123215,
940878,MFL-12-2-31-NCD,F,STK,989,989,989,989,989,0,1,1,989,
940880,MFL-12-2-32-NCD,F,STK,990,990,990,990,990,0,3,300,297000,
954527,EARCL-NIFTY-J8G602C-17-07-26-P,F,STK,260212,260212,260212,260212,260212,258800,10,3016,784799392,
961708,IIFCLBDIS4,F,STK,3225,3250,3225,3250,3250,3230,5,100,324510,
961732,810IRFC2327,F,STK,1049,1049,1049,1049,1049,1047.56,1,9,9441,
961734,HUDCO050327,F,STK,1108.32,1108.32,1104.32,1106.32,1104.32,1100.2,5,50000,55316000,
961765,751HUDCO28,F,STK,1039,1039,1039,1039,1039,1037.68,6,1079,1121081,
961770,702IIFCL28,F,STK,1100,1100,1100,1100,1100,1100,1,116,127600,
961779,871REC28,F,STK,1099,1099,1099,1099,1099,1088,1,50,54950,
961796,863IIFCL28,F,STK,1090.4,1090.4,1090.4,1090.4,1090.4,1092.8,1,1000,1090400,
961803,879PFC28,F,STK,1097,1097,1097,1097,1097,1099,2,200,219400,
961804,892PFC33,F,STK,1238.99,1245,1238.51,1240,1240,1230,4,406,502936,
961816,901HUDCO34,F,STK,1247,1247,1235.5,1235.5,1235.5,1250,2,200,248250,
961826,NHAI-8.75%-5-2-29-NCD,F,STK,1175,1175,1175,1175,1175,1165.02,1,2,2350,
961839,IREDA-8.80%-13-03-29-BOND,F,STK,1177,1177,1177,1177,1177,1177,2,132,155364,
961863,HUDCO-8.98%-24-3-29-TFBOND,F,STK,1131.5,1131.5,1125,1125,1125,1125,3,21,23631,
961877,REC-8.86%-24-3-34-TFBOND,F,STK,1222.17,1222.17,1222.17,1222.17,1222.17,1260,1,300,366651,
972655,IFCI-SR-I-10.75%-1-8-26-PVT,F,STK,43400,43400,43400,43400,43400,43501,1,10,434000,
972657,IFCI-D-10.75%-01-08-26-PVT,F,STK,10530,10575,10525,10575,10575,10530,3,30,316300,
973491,PFL-6.75%-26-9-31-PVT,F,STK,771.1,772.2,771,771.73,771.7,772.97,13,3051,2354736,
973881,UPCL-9.7%-31-3-31-PVT,F,STK,1068990.41,1068990.41,1068990.41,1068990.41,1068990.41,1057000,1,2,2137980,
973883,UPCL-9.7%-22-3-32-PVT,F,STK,1078656.28,1078656.28,1078656.28,1078656.28,1078656.28,1059500,1,2,2157312,
974017,EFCL-10.18%-27-4-27-PVT,F,STK,1056275,1056275,1056275,1056275,1056275,1034000,1,70,73939250,
974634,EEL-ZC-26-2-27-PVT,F,STK,124400,124400,117200,117300,117300,132250,3,20,2352100,
974635,EEL-ZC-03-4-26-PVT,F,STK,131500,131500,131500,131500,131500,131499,2,2,263000,
974749,MECL-10.55%-3-4-33-PVT,F,STK,112899.99,112899.99,112899.99,112899.99,112899.99,110000,2,2,225799,
974998,AFPL-12.40%-24-4-29-PVT,F,STK,103000,103000,103000,103000,103000,103799,2,3,309000,
974999,EFCL-8-4-27-PVT,F,STK,121000,127000,121000,126500,126500,120512,10,26,3284000,
975010,MFL-10.05%-31-5-29-PVT,F,STK,87000,87000,87000,87000,87000,84600,1,1,87000,
975012,ICFL-9.85%-7-8-26-PVT,F,STK,100100,100100,100100,100100,100100,100045.5,1,15,1501500,
975033,MFL-10.05%-18-8-29-PVT,F,STK,109000,109000,109000,109000,109000,100500,3,5,545000,
975057,ESAFSFBL-11.25%-4-5-29-PVT,F,STK,99800,99800,99800,99800,99800,99800,1,1,99800,
975059,SSFL-10.75%-4-9-26-PVT,F,STK,104100,104100,104100,104100,104100,104100,1,3,312300,
975229,SML-14.20%-30-4-29-PVT,F,STK,82500,83000,82500,82500,82500,81610,3,3,248000,
975272,KIIFB-8.95%-22-12-33-PVT,F,STK,100178.77,100178.77,100178.77,100178.77,100178.77,100000,2,4,400715,
975331,TCL-13.50%-18-1-27-PVT,F,STK,50550,50550,50550,50550,50550,50560,1,1,50550,
975335,SCNL-12.75%-19-7-29-PVT,F,STK,102500,102500,102500,102500,102500,102500,1,2,205000,
975375,SML-13.85%-12-7-29-PVT,F,STK,89000,89000,89000,89000,89000,80015,1,1,89000,
975519,ESAF-11%-20-4-30-PVT,F,STK,103755.55,103755.55,103755.55,103755.55,103755.55,101000,2,2,207511,
975562,SSFL-9.81%-2-4-26-PVT,F,STK,98755.6,98755.6,98755.35,98755.48,98755.35,99990,2,2,197510,
975640,PDL-9.95%-3-5-29-PVT,F,STK,100355,100355,100355,100355,100355,100218,1,7,702485,
975685,10.50%-HFL-23-5-26-PVT,F,STK,99626.03,99626.03,99626.03,99626.03,99626.03,99539.73,1,5,498130,
975690,HLFL-9.50%-29-11-29-PVT,F,STK,100100,108000,100100,108000,108000,100100,2,6,608500,
975739,MCSL-9.90%-12-6-26-PVT,F,STK,99900,99900,99900,99900,99900,99999.99,1,1,99900,
975741,KFL-11.4%-13-6-27-PVT,F,STK,97508,97508,97508,97508,97508,97508,1,2,195016,
975746,NFL-10.50%-18-6-27-PVT,F,STK,99599.1,99599.1,99599.1,99599.1,99599.1,100000,1,1,99599,
975790,USFBL-11%-28-6-31-PVT,F,STK,102749,102749,102749,102749,102749,102750,1,1,102749,
975897,SCL-9.75%-12-4-28-PVT,F,STK,101500,101500,101500,101500,101500,101500,1,3,304500,
975905,EEL-13-8-27-PVT,F,STK,112819,122980,112819,122980,122980,123879,2,2,235799,
975973,IFPL-12.06%-30-8-27-PVT,F,STK,103000,103000,103000,103000,103000,97252.51,1,1,103000,
975986,MOFSL-9.25%-3-9-32-PVT,F,STK,105500,105500,105500,105500,105500,105500,1,2,211000,
976020,CIPL-ZC-17-3-28-PVT,F,STK,120000,120000,120000,120000,120000,119500,6,172,20640000,
976036,MFL-10.45%-24-12-32-PVT,F,STK,10051.2,10051.2,10051,10051,10051,10026,4,26,261330,
976088,KIIFB-9.49%-8-10-32-PVT,F,STK,102000,102000,102000,102000,102000,102000,3,3,306000,
976228,MFL-10.45%-11-3-33-PVT,F,STK,10170,10170,10170,10170,10170,10170,2,18,183060,
976248,MSFL-ZC-18-12-26-PVT,F,STK,112921,112921,112921,112921,112921,112792,3,352,39748192,
976289,KIIFB-9.42%-30-12-29-PVT,F,STK,102088.1,102088.1,102088.1,102088.1,102088.1,99900,1,3,306264,
976291,KIIFB-9.4%-30-12-31-PVT,F,STK,101558,101558,101558,101558,101558,101100,1,1,101558,
976319,IML-11.25%-8-7-26-PVT,F,STK,98003.1,99500,98003.1,99500,99500,100516,5,7,689015,
976325,NFL-10.75%-31-12-27-PVT,F,STK,10025,10025,9995.01,10001.32,9995.01,10060,2,19,190025,
976411,ACAPL-12%-14-8-28-PVT,F,STK,95342.63,95342.63,95342,95342.32,95342,97303.75,2,2,190684,
976423,IML-11%-18-8-26-PVT,F,STK,9985,9985,9985,9985,9985,9900.07,2,5,49925,
976437,NFL-10.60%-21-5-27-PVT,F,STK,10099.98,10099.98,9961.61,9980,9980,9989.67,6,39,389386,
976483,KFL-11.30%-6-3-27-PVT,F,STK,98000,98000,98000,98000,98000,99500,1,1,98000,
976489,NFL-10.60%-10-9-26-PVT,F,STK,9990,9990,9900,9900,9900,9990,3,8,79700,
976493,KFL-10%-12-3-27-PVT,F,STK,9975,9975,9975,9975,9975,9975,1,1,9975,
976526,MMFL-10%-21-3-28-PVT,F,STK,9800,9800,9703.66,9703.66,9703.66,9900,3,11,107125,
976660,ACAPL-9.85%-30-10-26-PVT,F,STK,9699.5,9715.12,9699.5,9715.12,9715.12,9700,3,9,87326,
976685,MFL-11.25%-9-2-27-PVT,F,STK,9956,9956,9956,9956,9956,9956.07,1,10,99560,
976751,IML-11.25%-03-02-27-PVT,F,STK,100195.75,100195.75,100195.75,100195.75,100195.75,99230.13,1,1,100195,
976799,IML-11.25%-17-3-27-PVT,F,STK,99301,99301,99301,99301,99301,99301,2,2,198602,
976808,NFL-10.75%-19-8-28-PVT,F,STK,10090,10090,10000,10020,10020,10007.64,15,99,991351,
976868,ACAPL-12.5%-27-12-28-PVT,F,STK,96450,96450,94500,94500,94500,96500,2,2,190950,
976872,AFL-10.25%-30-06-27-PVT,F,STK,99804,99804,99804,99804,99804,100476,1,5,499020,
976875,KFL-10%-31-12-27-PVT,F,STK,9857,9870,9857,9860,9860,9890,3,4,39447,
976905,ACAPL-9.85%-11-1-27-PVT,F,STK,9688.25,9700,9688.25,9700,9700,9688.25,4,50,484765,
976924,DKGFSPL-11%-18-7-27-PVT,F,STK,9850,9850,9550.7,9798,9798,9625.06,18,176,1721564,
976940,SCNL-11.50%-24-01-31-PVT,F,STK,98799,98799,98249,98249.5,98250,98898,4,5,491798,
976943,KFPL-11.20%-03-04-27-PVT,F,STK,6846,6846,6846,6846,6846,6900,1,6,41076,
976970,NBSPL-10.25%-30-01-27-PVT,F,STK,100454.36,100454.36,100454.36,100454.36,100454.36,100100,23,67,6730442,
976976,ESPL-10.70%-5-3-27-PVT,F,STK,100070.55,100110.75,100070.55,100110.75,100110.75,100780.54,3,3,300261,
976985,MCIBPL-ZC-05-08-27-PVT,F,STK,105200,105200,105200,105200,105200,105200,1,1,105200,
977022,KSL-10.65%-12-08-27-PVT,F,STK,99375.01,99375.01,99375.01,99375.01,99375.01,99401,1,1,99375,
977023,CFPL-11%-11-8-27-PVT,F,STK,100200.01,100200.01,100200.01,100200.01,100200.01,100501,1,1,100200,
977044,KFL-11.10%-19-8-27-PVT,F,STK,9630,9725,9630,9630.1,9630.1,9711,6,8,77330,
977071,HDBFSL-ZC-04-10-28-PVT,F,STK,102814.7,102814.7,102814.7,102814.7,102814.7,102663.3,2,95,9767396,
977073,ESPL-10.70%-6-8-27-PVT,F,STK,99477.27,99477.27,99477.27,99477.27,99477.27,97810,1,1,99477,
977093,MSFL-0%-9-9-27-PVT,F,STK,104000,104000,104000,104000,104000,104331,1,1,104000,
977117,UCL-11.65%-15-3-31-PVT,F,STK,98866.01,98866.01,98866.01,98866.01,98866.01,98866.33,1,1,98866,
977128,MFL-10.26%-18-7-31-PVT,F,STK,10044.08,10044.08,10044.08,10044.08,10044.08,10025.3,1,98,984319,
977144,NBSPL-10.25%-23-3-27-PVT,F,STK,101533.48,101533.48,101050,101490.89,101050,100230,110,1278,129757913,
977176,ACAPL-14.35%-28-10-26-PVT,F,STK,7665,7700.01,7665,7690,7690,8000,5,39,299960,
977186,SRFCPL-9.9%-1-11-27-PVT,F,STK,96555.09,96555.09,96555.09,96555.09,96555.09,96555.01,1,1,96555,
977205,ACAPL-12%-13-04-27-PVT,F,STK,9791.89,9794,9791.89,9793.4,9793,9840,9,15,146893,
977226,LLDL-13.50%-30-01-29-PVT,F,STK,100535.65,101700,100535.65,101620,101620,100606,9,14,1418905,
977227,MBFL-10.25%-16-10-27-PVT,F,STK,9299,9299,9299,9299,9299,9299,1,1,9299,
977228,UCL-9.75%-15-10-27-PVT,F,STK,9900,9900,9900,9900,9900,9900,1,10,99000,
977241,KRFL-11.40%-24-10-27-PVT,F,STK,9837.94,9837.94,9837.9,9837.9,9837.9,9837.98,4,10,98379,
977249,MMFL-9.30%-27-1-28-PVT,F,STK,9850,9900,9850,9900,9900,9850,6,13,128100,
977260,ACAPL-13%-29-10-28-PVT,F,STK,9099,9901,9099,9901,9901,9700,4,23,211683,
977298,ACAPL-12%-17-11-28-PVT,F,STK,9496.95,9496.95,9470,9491,9491,9497,16,194,1840474,
977309,ACAPL-12%-21-05-27-PVT,F,STK,9798,9798,9795.01,9795.01,9795.01,9723,31,51,499648,
977331,KSL-10.50%-2-12-27-PVT,F,STK,98895.06,99550,98895.06,99525,99500,98728.2,4,7,693525,
977367,ACAPL-12%-11-6-27-PVT,F,STK,9810,9811,9810,9810.9,9810,9810.9,8,82,804447,
977379,MML-9.95%-16-12-28-PVT,F,STK,100000,100000,98902.62,98902.62,98902.62,98875,9,50,4946228,
977380,MML-9.85%-16-12-27-PVT,F,STK,99115.21,99115.21,99115.21,99115.21,99115.21,99255.63,1,5,495576,
977396,SRFCPL-10.50%-22-01-28-PVT,F,STK,100000,100000,100000,100000,100000,98740,1,1,100000,
977468,KIIFB-9.30%-21-01-30-PVT,F,STK,101108.65,101108.65,101108.65,101108.65,101108.65,101083.65,3,7,707760,
977477,NFL-10.75%-31-12-28-PVT,F,STK,10010.1,10010.1,10010,10010.07,10010,10008.47,3,12,120120,
977516,DKGFSPL-11%-30-1-29-PVT,F,STK,9650,9650,9650,9650,9650,0,1,2,19300,
977532,MSAFL-ZC-6-2-28-PVT,F,STK,100274,100298.8,100260,100272.15,100274,100192,26,394,39508068,
