SC_CODE,SC_NAME,SC_GROUP,SC_TYPE,OPEN,HIGH,LOW,CLOSE,LAST,PREVCLOSE,NO_TRADES,NO_OF_SHRS,NET_TURNOV,TDCLOINDI
500002,"ABB INDIA LIMITED",A,STK,6218.65,6336.25,6179.8,6312.45,6292.55,6218.6,4565,14938,93226455,
500003,"AEGIS LOGISTICS LTD.",A,STK,604.3,651.35,602.2,620.05,624,604.3,8344,350471,220668944,
500008,"Amara Raja Energy & Mobility L",A,STK,775,787.05,768.4,777.8,777.1,768.75,1498,27026,21099069,
500009,"AMBALAL SARABHAI ENTERPRISES L",X,STK,28.69,29,27.85,28.61,28.54,28.41,290,69709,1993764,
500012,"ANDHRA PETROCHEMICALS LTD.",X,STK,38.08,38.99,37.53,38.03,38.03,38.13,313,84144,3227986,
500013,"ANSAL PROPERTIES & INFRASTRUCT",Z,STK,3.5,3.5,3.45,3.45,3.45,3.52,4,604,2083,
500014,"UTIQUE ENTERPRISES LIMITED",X,STK,4.46,4.46,4.09,4.22,4.11,4.33,48,9361,39017,
500016,"ARUNA HOTELS LTD.",X,STK,7.82,7.82,7.15,7.75,7.75,7.28,32,4318,33367,
500020,"BOMBAY DYEING & MFG.CO.LTD.",A,STK,102.2,105.9,101.25,105.15,105.15,102.1,636,49974,5140604,
500023,"ASIAN HOTELS (NORTH) LIMITED",B,STK,295.3,299.95,293.7,293.7,293.7,294,29,62,18392,
500027,"ATUL LTD.",A,STK,6275,6302.3,6150,6191.05,6209.5,6259,402,1197,7440270,
500028,"ATV PROJECTS INDIA LTD.",X,STK,30.06,31.99,28.2,29.79,29.79,29.95,305,33599,983894,
500031,"BAJAJ ELECTRICALS LTD.",A,STK,368.95,397.05,340,342.25,342.25,360.75,9081,292419,109508891,
500032,"BAJAJ HINDUSTHAN SUGAR LIMITED",A,STK,15.62,16.13,15.56,15.76,15.7,15.6,1061,466066,7349716,
500033,"FORCE MOTORS LTD.",A,STK,20552.9,21317,20350.15,21014.25,21014.25,20746.9,4757,17885,372707100,
500034,"BAJAJ FINANCE LIMITED",A,STK,878.65,881,859.55,868.6,868.6,878.9,10895,300690,261422423,
500038,"BALRAMPUR CHINI MILLS LTD.",A,STK,487.5,494.4,465,466.9,466.9,483,1282,34084,16256645,
500039,"BANCO PRODUCTS (INDIA) LTD.",A,STK,568,578.8,563.7,576.05,578.5,562.7,877,17040,9764704,
500040,"ADITYA BIRLA REAL ESTATE LIMIT",A,STK,1085.05,1139.4,1085.05,1121.45,1121.45,1096.5,2862,27304,30243642,
500041,"BANNARI AMMAN SUGARS LTD.",B,STK,3589.2,3589.2,3589.2,3589.2,3589.2,3589.15,1,1,3589,
500042,"BASF INDIA LTD.",A,STK,3435.8,3468,3397,3406.5,3400,3460.55,322,1525,5241277,
500043,"BATA INDIA LTD.",A,STK,679.6,681.85,665.6,670.8,671,678.65,1320,15914,10713607,
500048,"BEML LTD.",A,STK,1501.8,1524.75,1493.65,1511.05,1511.05,1496.75,1626,17844,26926500,
500049,"BHARAT ELECTRONICS LTD.",A,STK,432.05,441.15,430.5,439.65,439.65,429.4,10545,415591,180872524,
500051,"BHAGAWATI GAS LIMITED",X,STK,1.92,1.92,1.92,1.92,1.92,1.75,5,1178,2261,
500052,"BHANSALI ENGINEERING POLYMERS",B,STK,83,83,80.83,81.5,81.5,82.95,354,28212,2304717,
500058,"BIHAR SPONGE IRON LTD.",XT,STK,10.41,10.92,10.2,10.9,10.92,10.51,123,16356,175830,
500059,"BIL VYAPAR LIMITED",T,STK,6.25,6.33,6.17,6.17,6.17,6.49,15,7536,46727,
500060,"Birla Cable Limited",B,STK,129,132,128,129.8,129.8,126.85,150,7306,949680,
500067,"BLUE STAR LTD.",A,STK,1809.6,1833.6,1781,1816.65,1833.6,1802.6,1116,9505,17121969,
500068,"DISA INDIA LTD.",B,STK,11400,11749,11351.1,11411.2,11430,11665,44,67,766450,
500069,"QUEST CAPITAL MARKETS LIMITED",X,STK,264.95,264.95,253.4,256.6,255.2,260,33,974,249732,
500074,"BPL LTD.",B,STK,48.35,48.56,47.2,47.91,47.91,47.37,129,4614,220468,
500078,"ORIENTAL AROMATICS LIMITED",B,STK,249,249.75,241.35,242.7,241.35,242,29,463,115091,
500083,"CENTURY EXTRUSIONS LTD.",B,STK,17.9,19.25,17.9,18.91,18.91,18.19,59,4934,93075,
500084,"CESC LTD.",A,STK,158.05,158.1,155.3,156.1,156.2,156.85,2098,74222,11614961,
500085,"CHAMBAL FERTILISERS & CHEMICAL",A,STK,414.05,432,410,428.5,431.4,412.75,1759,47742,20195464,
500086,"EXIDE INDUSTRIES LTD.",A,STK,296.15,303.65,295.45,302.1,302.1,295.1,2192,72152,21676076,
500087,"CIPLA LTD.",A,STK,1311.25,1311.25,1275.65,1281.45,1281.45,1298.8,2516,23617,30354855,
500089,"DIC INDIA LTD.",B,STK,495.05,524.9,481.1,490,490,492.2,12,60,29961,
500092,"CRISIL LTD.",A,STK,4000.05,4025.2,3995,4009.75,4007.5,4005.45,611,1407,5645579,
500093,"CG Power and Industrial Soluti",A,STK,702.75,712,697,708.25,708.25,698.65,3247,320874,226000576,
500096,"DABUR INDIA LTD.",A,STK,461.75,461.75,451.85,452.5,452,458.55,1173,19619,8910468,
500097,"DALMIA BHARAT SUGAR AND INDUST",B,STK,293.5,314.25,292,294,297,293.45,461,8429,2540555,
500101,"ARVIND LTD.",A,STK,351.3,355.9,347.15,354.75,354.75,351.25,412,10419,3665932,
500103,"BHARAT HEAVY ELECTRICALS LTD.",A,STK,255.2,257.05,250,256.25,256.25,253.5,4485,294230,74653449,
500104,"HINDUSTAN PETROLEUM CORPORATIO",A,STK,354.05,355.25,340.25,346.2,346.2,354.55,8810,308203,106810425,
500106,"IFCI LTD.",A,STK,55.64,56.18,54.7,55.05,55.05,55.74,4328,1338232,74056250,
500108,"MAHANAGAR TELEPHONE NIGAM LTD.",B,STK,24.72,25.01,24.14,24.3,24.3,24.65,713,124753,3064065,
500109,"MANGALORE REFINERY & PETROCHEM",A,STK,208.85,211.95,192.4,200.15,200.15,206.8,28792,3231862,646323546,
500110,"CHENNAI PETROLEUM CORPORATION",A,STK,982.5,1077,969.85,1065.2,1065.2,988.6,24548,648032,673050897,
500112,"STATE BANK OF INDIA",A,STK,1073.4,1074,1047.2,1063.95,1063.95,1066.55,18659,674896,713905995,
500113,"STEEL AUTHORITY OF INDIA LTD.",A,STK,144.9,153.95,144.6,153.4,153.4,144.85,8666,1232945,184911659,
500114,"TITAN COMPANY LIMITED",A,STK,4093.8,4109.2,4036.8,4089.8,4086.45,4094.4,7548,31296,127497367,
500116,"IDBI BANK LTD.",A,STK,77.6,77.85,73.35,74.05,74.05,77,12568,2999645,225378591,
500117,"DCW LTD.",B,STK,40.4,42.31,40.12,41.41,41.41,40.44,432,63903,2622489,
500119,"DHAMPUR SUGAR MILLS LTD.",B,STK,115.75,120.55,115.75,117.85,119,115.75,532,29418,3476474,
500120,"DIAMINES & CHEMICALS LTD.",B,STK,225.95,231,221.05,228.95,229.2,222.6,31,186,42511,
500123,"ELANTAS BECK INDIA LTD.",B,STK,7521.05,7700,7301.1,7485.75,7485.75,7516.7,264,1651,12465194,
500124,"DR.REDDYS LABORATORIES LTD.",A,STK,1277.4,1291.65,1265.05,1283.1,1281.55,1275.05,1337,16885,21576252,
500125,"E.I.D.-PARRY (INDIA) LTD.",A,STK,787.45,814.9,786.7,810.45,813.85,786.6,1192,14340,11541158,
500126,"PROCTER & GAMBLE HEALTH LIMITE",A,STK,4904.75,4990,4904.75,4924.7,4921.5,4895.2,178,564,2786709,
500128,"ELECTROSTEEL CASTINGS LTD.",A,STK,69.8,70.75,67.6,68.54,68.54,69.65,1000,96018,6587581,
500133,"ESAB INDIA LTD.",A,STK,5450,5462.35,5413.75,5432.25,5462.35,5478.2,16,25,136035,
500135,"EPL LIMITED",A,STK,181,190.1,181,187.3,187.3,180.75,715,39845,7435072,
500136,"ESTER INDUSTRIES LTD.",B,STK,91.9,93.5,91.1,91.45,91.1,90.7,41,677,62607,
500142,"FGP LTD.",X,STK,8.55,9.88,8.51,9.14,9.15,8.55,20,195,1757,
500143,"PH CAPITAL LTD.",XT,STK,595.55,597,555.55,576.25,580,571.45,49,1185,680173,
500144,"FINOLEX CABLES LTD.",A,STK,850.05,866.35,843.05,856.45,856.45,844.9,1012,15263,13010975,
500147,"JOHN COCKERILL INDIA LIMITED",B,STK,4580,4680,4490,4648.75,4648.75,4517.8,426,4964,22924515,
500148,"UFLEX LTD.",B,STK,442,444.85,442,442,442,442,11,218,96363,
500150,"FOSECO INDIA LTD.",B,STK,4799.3,5186.6,4626.6,5166.9,5165,4799.2,134,263,1313735,
500151,"GOLDEN TOBACCO LTD.",Z,STK,27.26,27.55,27.26,27.26,27.26,26.25,3,12,327,
500153,"GANESH BENZOPLAST LTD.",B,STK,77.78,79.5,76.7,76.73,76.76,77.85,203,23939,1866442,
500159,"METROGLOBAL LIMITED",X,STK,108.65,108.65,102.15,107.85,108.3,106.5,19,1122,120798,
500160,"GTL LTD.",B,STK,6.58,6.59,6.39,6.4,6.4,6.42,65,20310,130826,
500163,"GODFREY PHILLIPS INDIA LTD.",A,STK,2031.4,2038,1995.6,2007.3,2007.8,2019.65,2015,31873,64290502,
500164,"GODREJ INDUSTRIES LTD.",A,STK,860.9,862.85,825.3,827.95,825.3,860.85,1158,8903,7435594,
500165,"KANSAI NEROLAC PAINTS LTD.",A,STK,176.05,178.8,173.25,173.7,174,177.55,1251,36873,6457910,
500166,"GOODRICKE GROUP LTD.",X,STK,150,152,146.3,151.4,152,150.45,110,16787,2497349,
500168,"GOODYEAR INDIA LTD.",B,STK,748,754.4,736,743.85,746.7,743.35,382,6171,4614518,
500170,"GTN INDUSTRIES LTD.",X,STK,23.8,24.41,23.01,24.05,24.05,23.8,14,1137,27343,
500171,"GHCL LTD.",A,STK,454.5,454.5,445.9,450.15,450.15,454.4,187,2218,998607,
500173,"GFL LIMITED",B,STK,42.62,43.47,42.33,43.45,43.47,42.6,62,5026,217597,
500179,"HCL INFOSYSTEMS LTD.",B,STK,11.5,12.16,11.5,11.89,11.89,11.92,213,24031,286524,
500180,"HDFC BANK LTD.",A,STK,847,848.8,835.15,845.85,845.85,840.5,16362,561733,473420007,
500182,"HERO MOTOCORP LTD.",A,STK,5277.1,5386.95,5235.7,5355.4,5360,5277.05,2430,9961,53026528,
500183,"HFCL LIMITED",A,STK,71.41,72.1,70.33,71.76,71.76,71.34,2456,1034065,73950863,
500184,"Himadri Speciality Chemical Lt",A,STK,441.35,450.05,425.25,446.55,444.2,440.5,2070,107390,47046924,
500185,"HINDUSTAN CONSTRUCTION CO.LTD.",A,STK,15.13,15.32,14.83,15.18,15.18,14.96,2339,2602612,39316830,
500186,"HINDUSTAN OIL EXPLORATION CO.L",B,STK,129.95,130.8,122.2,122.9,122.65,126.65,857,74054,9389585,
500187,"AGI GREENPAC LIMITED",A,STK,504.8,513.15,494.55,510.95,509.25,507.05,329,5095,2572638,
500188,"HINDUSTAN ZINC LTD.",A,STK,539.5,548,534.1,546.5,546.5,533.75,5247,239702,130484456,
500189,"NDL Ventures Limited",B,STK,115.1,115.95,112.05,114.75,115.25,113.55,103,2500,283775,
500191,"HMT LTD.",Z,STK,64,64.4,60.15,63.27,63.8,62,70,7603,480758,
500192,"PRAG BOSIMI SYNTHETICS LTD.",X,STK,1.71,1.8,1.71,1.77,1.8,1.71,15,2755,4841,
500193,"HLV LIMITED",B,STK,6.92,7.4,6.92,7.25,7.16,6.97,93,42811,306986,
500199,"I G PETROCHEMICALS LTD.",B,STK,329.8,375.2,329.8,352.65,356,334.95,398,7951,2857129,
500201,"INDIA GLYCOLS LTD.",B,STK,853.9,865.75,850.1,854.65,854.65,856.95,210,1833,1571876,
500202,"INDIA LEASE DEVELOPMENT LTD.",X,STK,7.97,8.02,7.97,8.02,8.02,8.01,2,156,1251,
500206,"MARGO FINANCE LIMITED",X,STK,66.95,66.95,62.08,62.53,62.53,65.38,16,234,14913,
500207,"INDO RAMA SYNTHETICS (INDIA) L",B,STK,32,32.53,31,32,32.25,32.15,610,85934,2735637,
500209,"INFOSYS LTD.",A,STK,1249.5,1249.5,1215.15,1232.5,1232.5,1249.6,18527,340022,417760100,
500210,"INGERSOLL-RAND (INDIA) LTD.",A,STK,3621,3684.45,3600,3625.95,3600,3653.3,118,401,1459343,
500213,"INTERNATIONAL TRAVEL HOUSE LTD",X,STK,301.35,308.8,285.6,287.85,287,301.25,428,13828,4055046,
500214,"ION EXCHANGE (INDIA) LTD.",A,STK,347,347,328.1,329.05,329.7,341.7,903,15569,5174660,
500215,"SUNDROP BRANDS LIMITED",B,STK,619,624.15,615,615.05,615,611.35,36,2270,1405501,
500219,"JAIN IRRIGATION SYSTEMS LTD.",A,STK,32.39,32.39,29.75,30.07,30.07,31.27,914,213130,6540419,
500220,"JASCH INDUSTRIES LTD.",X,STK,150.5,160,149.95,159.4,160,153.8,31,1879,291611,
500227,"JINDAL POLY FILMS LTD.",B,STK,927.65,972,927.65,971.3,971.3,925.75,910,21588,20562414,
500228,"JSW STEEL LTD.",A,STK,1150.85,1169,1139.55,1167.05,1166.05,1145.2,1264,17153,19818273,
500233,"KAJARIA CERAMICS LTD.",A,STK,889.7,925.3,875.45,917.3,917.3,889.6,1215,100747,89400240,
500234,"KAKATIYA CEMENT SUGAR & INDUST",B,STK,104,104,101.7,102.35,101.7,101.7,8,249,25713,
500235,"KALYANI STEELS LTD.",B,STK,650,663.25,646.4,654.15,654.35,657.25,195,4076,2673762,
500238,"WHIRLPOOL OF INDIA LTD.",A,STK,820.7,840,816.05,821.55,821.55,820.65,1032,14676,12054883,
500239,"KG DENIM LTD.",X,STK,14.97,14.97,13.6,14.01,14.26,13.72,40,77666,1070140,
500240,"KINETIC ENGINEERING LTD.",X,STK,220,228,218.95,221.4,223.4,222.85,223,18243,4050263,
500241,"KIRLOSKAR BROTHERS LTD.",A,STK,1519.3,1534.9,1498.9,1519.5,1515.4,1518.85,457,3616,5499264,
500243,"KIRLOSKAR INDUSTRIES LTD",B,STK,2699.1,2772.45,2685.75,2723.55,2728.35,2731.85,47,339,919213,
500245,"KIRLOSKAR FERROUS INDUSTRIES L",B,STK,370,370,346,361.35,363,364.7,2257,113261,40855081,
500246,"ENVAIR ELECTRODYNE LTD.",X,STK,43.96,43.96,43.08,43.73,43.8,43.96,5,160,6996,
500247,"KOTAK MAHINDRA BANK LTD.",A,STK,371.4,375,368.6,374.3,374.3,370,7349,350976,130701989,
500249,"KSB LIMITED",A,STK,752.7,764.55,745.85,760.05,761.5,752.3,303,3471,2626416,
500250,"L.G.BALAKRISHNAN & BROS.LTD.",B,STK,1747.3,1794,1731.95,1775.65,1794,1747.3,88,436,767614,
500251,"TRENT LTD.",A,STK,3592.95,3653.9,3548.75,3636.35,3636.35,3595.45,5234,29362,106269597,
500252,"LMW Limited",A,STK,14309,14525,14309,14380.65,14380.65,14444.35,28,31,446722,
500253,"LIC HOUSING FINANCE LTD.",A,STK,496.05,503.95,489,498.75,498,501.35,1200,49203,24392033,
500257,"LUPIN LTD.",A,STK,2312.2,2312.2,2285.5,2298.25,2297,2290.15,1135,8166,18784553,
500259,"LYKA LABS LTD.",B,STK,53.1,53.73,51,51.63,51.14,53.35,112,22843,1174158,
500260,"THE RAMCO CEMENTS LIMITED",A,STK,980.05,980.05,955.3,971.2,971.4,978.25,456,2457,2377744,
500262,"HYBRID FINANCIAL SERVICES LIMI",B,STK,15.5,17.6,15.16,15.22,15.24,16.11,19,1088,16896,
500264,"MAFATLAL INDUSTRIES LTD.",B,STK,116.85,117.6,114.95,115.15,115.15,114.15,494,42620,4946412,
500265,"MAHARASHTRA SEAMLESS LTD.",A,STK,554.95,561,549.3,558.45,558.45,561.75,600,47469,26387299,
500266,"MAHARASHTRA SCOOTERS LTD.",A,STK,12391.75,12726.5,12355,12482.85,12393.75,12382.75,86,139,1744320,
500267,"MAJESTIC AUTO LTD.",X,STK,306.8,306.9,297.05,298.9,298,297.95,70,719,216731,
500268,"MANALI PETROCHEMICAL LTD.",B,STK,46.2,46.2,44.05,44.31,44.32,44.68,397,17498,778459,
500270,"BARODA RAYON CORPORATION LTD.",X,STK,103.2,107.8,103.2,104.4,104.4,105.5,41,153,16108,
500271,"Max Financial Services Limited",A,STK,1610.05,1672,1610.05,1656.7,1660.45,1644.9,1055,45084,73512678,
500277,"MID INDIA INDUSTRIES LTD.",X,STK,5.86,6.25,5.86,5.92,5.9,5.9,14,1912,11616,
500279,"MIRC ELECTRONICS LTD.",B,STK,24,24.35,23.3,24,23.86,23.46,292,64288,1543069,
500280,"CENTURY ENKA LTD.",B,STK,399.35,417.95,399.35,406.85,410.75,400.7,184,3976,1625170,
500282,"MODERN THREADS (INDIA) LTD.",B,STK,45.71,45.75,45.7,45.71,45.71,48.6,12,103,4708,
500284,"LORDS CHLORO ALKALI LTD.",B,STK,119,123.1,118.9,119.1,119.1,114.05,29,763,91899,
500285,"SPICEJET LTD.",A,STK,13.86,13.9,13.12,13.34,13.34,13.63,9895,16112417,219581857,
500288,"MOREPEN LABORATORIES LTD.",A,STK,37.8,38.25,37.41,38.06,38.06,37.72,629,136364,5154199,
500290,"MRF LTD.",A,STK,133300,134319.95,132261.8,132593.7,132593.7,132471.25,336,384,51155481,
500292,"HEIDELBERGCEMENT INDIA LTD.",B,STK,149,153,148.35,151.65,153,149.45,126,20990,3132644,
500294,"NCC LIMITED",A,STK,142.7,145,139.95,142.95,142.95,141.75,1760,153838,21901980,
500295,"VEDANTA LIMITED",A,STK,690,702.05,678.8,699,699,685.4,8050,324944,224590524,
500296,"NAHAR SPINNING MILLS LTD.",B,STK,186.4,198.9,186.4,196.35,198.2,184.85,85,2647,507775,
500298,"Naperol Investments Limited",X,STK,540.9,560,540.9,554.3,547.1,535.25,110,4397,2401074,
500300,"GRASIM INDUSTRIES LTD.",A,STK,2648.2,2699,2648.2,2682.5,2688.4,2654.9,1405,8446,22640251,
500304,"NIIT LTD.",B,STK,62.7,62.9,61.58,61.91,61.8,62.68,279,22471,1398716,
500306,"Jaykay Enterprises Limited",B,STK,127.05,133,126.2,131.75,131.1,126.2,559,52791,6846374,
500307,"NIRLON LTD.",B,STK,486.4,491.4,481,485.35,485.35,484,168,3389,1640808,
500312,"OIL AND NATURAL GAS CORPORATIO",A,STK,261.75,265.4,259.75,264.7,264.7,260.4,6856,510667,133802826,
500313,"OIL COUNTRY TUBULAR LTD.",B,STK,38.99,44.11,37.6,44.11,44.11,36.76,446,22071,944796,
500314,"ORIENTAL HOTELS LTD.",B,STK,82.9,89.1,82.5,87.8,87.7,84.6,217,20290,1758345,
500317,"OSWAL AGRO MILLS LTD.",B,STK,41,42.41,40.51,41.9,41.9,40.43,100,17973,751347,
500319,"INDIAN SUCROSE LTD.",X,STK,68.07,71.79,68.06,70.08,70,68.06,42,4038,278906,
500322,"PANYAM CEMENTS & MINERAL INDUS",XT,STK,113.55,125.45,113.55,125.4,125.45,119.5,7,181,21231,
500325,"RELIANCE INDUSTRIES LTD.",A,STK,1400,1406,1388.6,1396.45,1396.45,1395.05,20236,688080,962053448,
500327,"Pil Italica Lifestyle Limited",B,STK,7.75,7.75,7.16,7.39,7.36,7.17,65,17389,129579,
500330,"RAYMOND LTD.",A,STK,350.05,354.5,347,352.55,353.55,351.2,529,17016,5970076,
500331,"PIDILITE INDUSTRIES LTD.",A,STK,1360.05,1364,1347,1357.35,1357.35,1354.2,2639,17272,23407514,
500333,"PIX TRANSMISSIONS LTD.",B,STK,1406,1436,1406,1420,1420,1406,30,197,279856,
500335,"BIRLA CORPORATION LTD.",A,STK,785,834.8,777,827.75,834.8,788.6,556,9663,7734359,
500336,"SURYA ROSHNI LTD.",A,STK,202.9,208.15,202.9,205.6,204.15,202.9,353,20398,4195234,
500337,"PRIME SECURITIES LTD.",B,STK,271.65,273.65,266.05,266.65,266.05,262.9,10,303,81532,
500338,"PRISM JOHNSON LIMITED.",B,STK,125,125.95,124.95,125.75,125.75,125.4,135,5436,681926,
500339,"RAIN INDUSTRIES LIMITED",A,STK,112.7,114.8,111,113.45,113.5,112.7,887,79401,8989909,
500342,"PRUDENTIAL SUGAR CORPORATION L",B,STK,14.2,14.74,12.78,12.84,12.78,14.2,83,5512,70712,
500343,"AMJ LAND HOLDINGS LIMITED",B,STK,36.9,37.29,36,36.72,37,36.6,32,5023,182978,
500346,"PUNJAB COMMUNICATIONS LTD.",B,STK,49.98,50,48,49.97,49.97,48.52,12,184,9195,
500350,"RSWM LTD.",B,STK,134.7,135.15,130.05,133.35,135.15,134.75,61,6031,802897,
500354,"RAJSHREE SUGARS & CHEMICALS LT",B,STK,25,27.7,25,26.98,26.7,25.87,64,8267,222635,
500355,"RALLIS INDIA LTD.",A,STK,236.8,241.45,235,239,238.55,236.75,423,14677,3501197,
500356,"SHREE RAMA NEWSPRINT LTD.",B,STK,35.01,35.98,34.05,34.21,34.05,35.25,61,4477,156089,
500357,"RAMA PAPER MILLS LTD.",Z,STK,11.86,11.86,11.31,11.77,11.31,11.31,2,18,211,
500360,"RAPICUT CARBIDES LTD.",XT,STK,140.15,144.95,138,139.1,142,140.15,24,3635,506617,
500365,"WELSPUN SPECIALTY SOLUTIONS LI",B,STK,36.51,36.51,34.6,35.16,35.16,35.23,517,100386,3591249,
500367,"RUBFILA INTERNATIONAL LTD.",B,STK,61.9,62.44,60.1,60.83,60.64,61.63,103,2566,157070,
500368,"Patanjali Foods Limited",A,STK,488.7,488.7,480.25,486.95,485.7,484.35,2433,99552,48224593,
500370,"SALORA INTERNATIONAL LTD.",X,STK,28.45,28.45,28,28.4,28.4,26.89,12,641,18173,
500371,"SAMTEL INDIA LTD.",XT,STK,17.78,17.78,17.78,17.78,17.78,17.44,2,3085,54851,
500378,"JINDAL SAW LTD.",A,STK,197.05,202.65,195.9,200.5,200.5,197,4674,417658,83207629,
500380,"JK LAKSHMI CEMENT LTD.",A,STK,585,604,581.65,601.8,600,583.3,380,6815,4060143,
500387,"SHREE CEMENT LTD.",A,STK,23499.95,23735,23189.45,23661.8,23696.65,23339.35,238,451,10582204,
500389,"SILVERLINE TECHNOLOGIES LTD.",XT,STK,11.69,11.69,11.69,11.69,11.69,12.3,511,100651,1176610,
500390,"RELIANCE INFRASTRUCTURE LTD.",T,STK,78.5,79.96,77.39,78.15,78.15,81.46,1807,347976,27132913,
500400,"TATA POWER CO.LTD.",A,STK,390.55,402.25,390.55,400.8,400.8,390.4,10333,555877,221819872,
500402,"SPML INFRA LIMITED",B,STK,169.6,170.55,163.25,168.6,169.15,166.9,491,26414,4386519,
500403,"SUNDRAM FASTENERS LTD.",A,STK,848.85,848.85,807.5,825.8,823.25,808.4,753,4582,3774191,
500404,"SUNFLAG IRON & STEEL CO.LTD.",B,STK,208.35,213.95,206.35,212.65,213.35,208.25,375,19723,4145803,
500405,"SUPREME PETROCHEM LTD.",A,STK,662.2,669.35,650.35,657.9,658.35,662.15,160,1903,1249309,
500407,"SWARAJ ENGINES LTD.",B,STK,3496,3596.5,3494.95,3575.7,3575,3495.95,137,850,3029651,
500408,"TATA ELXSI LTD.",A,STK,4202.95,4218.35,4052,4101.95,4101.95,4198.45,4169,20844,85909418,
500410,"ACC LTD.",A,STK,1388.95,1391.6,1367.45,1384.35,1384.35,1373.45,1764,27265,37592149,
500411,"THERMAX LTD.",A,STK,3218.1,3312,3177.85,3238.1,3238.1,3268.4,1797,9371,30495202,
500412,"THIRUMALAI CHEMICALS LTD.",B,STK,166.7,167.85,162.8,163.8,163.8,166.7,337,14824,2438025,
500413,"THOMAS COOK (INDIA) LTD.",A,STK,88.1,89.15,86.15,88.4,88.2,87.95,480,47200,4137526,
500414,"TIMEX GROUP INDIA LTD.",B,STK,274.75,282.45,273.95,280.45,280.45,271.15,1374,191626,53467228,
500418,"TOKYO PLAST INTERNATIONAL LTD.",B,STK,76.84,76.84,71.1,72.73,72.73,72.32,15,138,10060,
500420,"TORRENT PHARMACEUTICALS LTD.",A,STK,4299.95,4340,4245.65,4305.95,4305.95,4263.05,1130,3280,14071498,
500421,"TPI INDIA LTD.",X,STK,16.86,17.7,16.26,17.12,17.69,16.59,40,35279,580995,
500422,"TRANSCHEM LTD.",XT,STK,148.9,154.9,148.9,154.9,154.9,151.9,28,6455,963521,
500425,"AMBUJA CEMENTS LTD.",A,STK,430.8,436.2,428.1,433.95,433.9,428.35,2468,253700,109480925,
500426,"UTL INDUSTRIES LIMITED",X,STK,1.6,1.63,1.53,1.54,1.54,1.59,78,62016,96102,
500429,"UNIPHOS ENTERPRISES LTD.",B,STK,99,99.5,95,97,96.5,95.6,21,1768,169746,
500439,"VARDHMAN HOLDINGS LTD.",B,STK,3125,3291.9,3120.1,3178.95,3291.9,3043.9,23,28,88982,
500440,"HINDALCO INDUSTRIES LTD.",A,STK,922.75,941.85,916.35,936.7,936.7,921.1,3562,112314,104623612,
500444,"West Coast Paper Mills Limited",B,STK,390.2,399.9,389.7,399.05,399.9,393.15,83,1484,591172,
500449,"HINDUSTAN ORGANIC CHEMICALS LT",B,STK,26.8,27.76,26.8,27.52,27.76,26.71,230,49376,1344720,
500450,"MPIL CORPORATION LTD.",X,STK,360,360,335.5,355.9,335.5,351.5,2,60,21355,
500456,"PASUPATI ACRYLON LTD.",B,STK,44.56,45.51,44.15,44.48,45.5,43.92,56,2050,91787,
500458,"TEAM24 CONSUMER PRODUCTS LIMIT",X,STK,28.55,28.55,27.02,27.15,27.15,28.26,9,378,10620,
500459,"PROCTER & GAMBLE HYGIENE & HEA",A,STK,10161,10161,9980,10003.45,10003.45,10170.3,432,743,7448048,
500460,"MUKAND LTD.",B,STK,118.1,128.15,116.8,126.7,126.7,118,262,10975,1358297,
500463,"BLACK BOX LIMITED",A,STK,496.2,523.65,492.5,515.6,515.6,496.15,467,9799,4945950,
500464,"UCAL LIMITED",B,STK,97.05,98.15,97,98,98,97.3,28,28880,2834495,
500467,"HARRISONS MALAYALAM LTD.",B,STK,173.3,176,171.6,172.5,172.5,169.35,43,629,108613,
500469,"FEDERAL BANK LTD.",A,STK,261,266.35,255.8,264.8,264.8,260.85,6369,350652,90819525,
500470,"TATA STEEL LTD.",A,STK,188,196.25,186.9,195.4,195.4,187.15,28548,3584346,685129427,
500472,"SKF INDIA LTD.",A,STK,1565.9,1592.7,1560,1568.45,1568,1570.2,137,903,1422777,
500477,"ASHOK LEYLAND LTD.",A,STK,173.85,176.5,171.75,176.1,176.1,172.6,10208,564809,98649975,
500480,"CUMMINS INDIA LTD.",A,STK,4617.55,4651.85,4569.05,4597.8,4608.9,4587.1,2108,16754,77061922,
500483,"TATA COMMUNICATIONS LTD.",A,STK,1414,1440.65,1400.35,1433.6,1438,1412.1,1020,8044,11462005,
500488,"ABBOTT INDIA LTD.",A,STK,26989.95,26989.95,26250.05,26464.6,26464.6,26678.75,191,311,8269991,
500490,"BAJAJ HOLDINGS & INVESTMENT LT",A,STK,9483.75,9738.4,9483.75,9653.85,9653.85,9631.25,639,2021,19468643,
500493,"BHARAT FORGE LTD.",A,STK,1709.85,1754,1691.6,1745.25,1749.65,1696.9,5759,132443,230080118,
500495,"Escorts Kubota Limited",A,STK,3075.7,3103.65,3030.5,3053.55,3056.6,3063.1,668,3225,9888309,
500500,"HINDUSTAN MOTORS LTD.",B,STK,14,14.7,13.7,13.93,13.93,13.97,1337,321875,4536469,
500510,"LARSEN & TOUBRO LTD.",A,STK,3481.95,3549.95,3451,3543.1,3543.1,3463.85,14234,167128,584118357,
500520,"MAHINDRA & MAHINDRA LTD.",A,STK,3062.95,3139.45,3025.6,3130.5,3130.5,3035.7,15048,127615,396262833,
500530,"BOSCH LTD.",A,STK,30683.8,30910,30405,30626.45,30785,30372.75,282,455,13954350,
500540,"PREMIER LTD.",T,STK,2.84,2.91,2.81,2.91,2.91,2.81,5,117,331,
500547,"BHARAT PETROLEUM CORPORATION L",A,STK,305,307,298.2,299.9,299.9,304.95,21166,1738824,522251950,
500550,"SIEMENS LTD.",A,STK,3155,3189.1,3119.4,3173.45,3189.1,3148.85,1375,6021,18973888,
500570,"TATA MOTORS PASSENGER VEHICLES",A,STK,315.45,321,313.05,319.25,319.25,314.15,6007,1678134,529606291,
500575,"VOLTAS LTD.",A,STK,1412.15,1426.8,1396.55,1421.45,1414.75,1405.4,2184,32326,45810161,
500620,"GREAT EASTERN SHIPPING CO.LTD.",A,STK,1374.95,1435,1374.95,1425.85,1426,1373.95,5389,62416,88096023,
500645,"DEEPAK FERTILISERS & PETROCHEM",A,STK,936,936,907,910.2,910.2,933.65,1649,16807,15490345,
500650,"EXCEL INDUSTRIES LTD.",B,STK,850.6,872.75,840.6,848.3,848.3,858.6,74,318,271670,
500655,"GARWARE HI-TECH FILMS LIMITED",A,STK,3856.9,3890.7,3750,3777.35,3777.35,3856.9,388,2322,8874393,
500660,"GLAXOSMITHKLINE PHARMACEUTICAL",A,STK,2405.2,2439.95,2398,2433.65,2424.9,2405.15,365,1980,4798721,
500670,"GUJARAT NARMADA VALLEY FERTILI",A,STK,418,418,410,412.7,412.7,418.15,1504,30313,12518356,
500672,"NOVARTIS INDIA LTD.",B,STK,923.3,933.5,910.75,917.5,911.2,923.25,430,6349,5840386,
500674,"SANOFI INDIA LTD",A,STK,3475.35,3485.45,3425,3449.6,3469,3440.95,198,757,2620580,
500680,"PFIZER LTD.",A,STK,4748,4758,4707,4729.35,4729.35,4749.25,198,988,4678023,
500690,"GUJARAT STATE FERTILIZERS & CH",A,STK,154.65,158.1,153.7,156.5,157,154.65,980,54722,8561093,
500696,"HINDUSTAN UNILEVER LTD.",A,STK,2173.95,2183.15,2147.25,2158.5,2167.55,2174.45,6869,91699,197793836,
500710,"AKZO NOBEL INDIA LIMITED",A,STK,2875.25,2900.65,2851.9,2893.75,2890,2879.8,166,933,2683121,
500730,"NOCIL LTD.",B,STK,138,146.8,135.9,145.65,146,136.55,1602,107428,15384694,
500770,"TATA CHEMICALS LTD.",A,STK,659.3,662.35,651.65,656.15,656.15,657.95,2090,37122,24347877,
500777,"TAMILNADU PETROPRODUCTS LTD.",B,STK,80.75,83.2,78.81,81,81,81.71,341,63054,5106644,
500780,"Zuari Industries Limited",B,STK,233.7,237,231.55,232.2,232.1,234.3,92,3934,918642,
500790,"NESTLE INDIA LTD.",A,STK,1212,1225,1199.4,1206.3,1209,1211.8,2192,30230,36543848,
500800,"TATA CONSUMER PRODUCTS LIMITED",A,STK,1092.35,1104.45,1075,1076.45,1077,1092.3,1495,18814,20461654,
500820,"ASIAN PAINTS LTD.",A,STK,2220,2261.6,2217.5,2238.4,2238.4,2217.45,5556,30418,68005803,
500825,"BRITANNIA INDUSTRIES LTD.",A,STK,5890.25,5890.25,5806,5860,5855,5840.65,1248,45598,266920319,
500830,"COLGATE-PALMOLIVE (INDIA) LTD.",A,STK,1954.25,1957.6,1931,1932.85,1932,1939.95,891,7347,14262378,
500840,"EIH LTD.",A,STK,309.05,318.5,309.05,316.3,316.3,314.65,288,7366,2322177,
500850,"INDIAN HOTELS CO.LTD.",A,STK,614.25,625.4,608.05,621.3,621.3,613.35,2870,64752,39821477,
500870,"CASTROL INDIA LTD.",A,STK,187,187.65,185.3,186.55,186.55,186.3,965,55732,10387513,
500875,"ITC LTD.",A,STK,309.25,309.95,304.2,304.95,304.95,308.2,12420,554562,169687542,
500877,"APOLLO TYRES LTD.",A,STK,412.25,423.8,407.8,421.95,421.95,412.85,9252,115854,48405152,
500878,"CEAT LTD.",A,STK,3493.1,3493.1,3388,3414.8,3407,3408.4,496,5098,17411687,
500890,"MODI RUBBER LTD.",B,STK,104.25,112.55,104.25,112.55,112.55,114,15,593,66389,
500940,"FINOLEX INDUSTRIES LTD.",A,STK,181.55,181.85,175.65,176.15,176.15,180.2,587,404616,73387442,
501148,"DALAL STREET INVESTMENTS LTD.",XT,STK,379,379,367.15,367.15,367.15,374.6,18,37,13607,
501150,"CENTRUM CAPITAL LTD.",B,STK,21.97,22.11,21.43,21.85,21.77,22.31,354,96524,2093666,
501151,"KARTIK INVESTMENTS TRUST LTD.",XT,STK,1683,1683,1683,1683,1683,1602.9,1,1,1683,
501242,"TCI FINANCE LTD.",T,STK,13.02,13.98,13,13.8,13.8,13.57,28,6838,90175,
501295,"INDUSTRIAL INVESTMENT TRUST LT",B,STK,127.95,133.95,126.55,131.35,131,131.35,36,164,21161,
501298,"INDUSTRIAL & PRUDENTIAL INVEST",B,STK,5171,5379.95,5051.05,5077.5,5065,5171,17,101,519264,
501301,"TATA INVESTMENT CORPORATION LT",A,STK,625,625,616.6,620,620,622.1,1628,36271,22516295,
501314,"PRISMX GLOBAL VENTURES LIMITED",X,STK,0.61,0.62,0.56,0.59,0.6,0.59,149,208554,123475,
501343,"MOTOR & GENERAL FINANCE LTD.",B,STK,19.79,21.5,19.72,19.81,19.72,19.79,48,18314,372692,
501370,"WALCHAND PEOPLEFIRST LTD.",X,STK,97.35,100,93,100,100,97.25,37,1094,107331,
501391,"W.H.BRADY & CO.LTD.",X,STK,525,544.6,525,543.3,544.6,530,3,200,105036,
501421,"TechNVision Ventures Limited",X,STK,5960,6249,5752,6066.05,6249,5960,23,224,1347264,
501423,"SHAILY ENGINEERING PLASTICS LT",A,STK,1914.75,2297.75,1907.75,2274.7,2274.7,1914.8,9398,140721,310097067,
501425,"The Bombay Burmah Trading Corp",A,STK,1502.7,1524.35,1496,1513.5,1519.9,1497.4,350,2243,3380284,
501430,"BOMBAY CYCLE & MOTOR AGENCY LT",X,STK,1695,1695,1636,1636,1636,1628,6,21,35076,
501455,"GREAVES COTTON LTD.",A,STK,135.95,137.75,134.1,134.4,134.95,135.7,526,28476,3852614,
501622,"AMALGAMATED ELECTRICITY CO.LTD",X,STK,50.09,50.09,45.34,46.87,45.34,47.71,7,300,14221,
501700,"INDIANIVESH LTD.",X,STK,8.35,8.35,7.66,7.67,7.67,8.06,64,9317,73155,
501831,"COASTAL CORPORATION LTD.",B,STK,54.99,54.99,45.73,46,45.8,46.23,321,46516,2229921,
501833,"CHOWGULE STEAMSHIPS LTD.",X,STK,18.12,18.61,18.12,18.61,18.61,18.11,26,631,11612,
501848,"GLOBAL OFFSHORE SERVICES LTD.",X,STK,47.99,47.99,45.75,46.6,45.75,45.62,89,92026,4265494,
501945,"DHENU BUILDCON INFRA LTD.",Z,STK,8.05,8.05,7.75,7.76,7.75,7.9,42,1904,15111,
502015,"ASI INDUSTRIES LIMITED",X,STK,25.27,25.27,24.1,24.68,24.75,24.23,70,11082,272537,
502090,"SAGAR CEMENTS LTD.",B,STK,175,176.15,170.7,174.5,175.45,171.6,106,1864,324554,
502137,"DECCAN CEMENTS LTD.",B,STK,648.05,653.85,638.1,638.5,638.5,651.25,36,666,428030,
502157,"MANGALAM CEMENT LTD.",B,STK,790.15,819.25,789.15,816.05,807.1,792.3,216,1402,1143315,
502168,"NCL INDUSTRIES LTD.",B,STK,170.65,179.3,170.15,174.85,175.3,170.45,223,4681,818389,
502175,"SAURASHTRA CEMENT LTD.",B,STK,59.7,60.71,59.02,60.56,60.55,58.85,41,785,47159,
502180,"SHREE DIGVIJAY CEMENT CO.LTD.",B,STK,59.05,62.5,59.05,61.21,61.4,60.5,296,18363,1122257,
502219,"BOROSIL RENEWABLES LIMITED",A,STK,407.85,418.35,407.85,411.45,411.45,407.8,502,23392,9660911,
502250,"LERTHAI FINANCE LIMITED",XT,STK,554.5,554.5,501.75,501.75,501.75,528.15,2,61,30659,
502281,"TRIVENI GLASS LTD.",X,STK,6.48,6.5,5.51,6.14,6.37,6.36,75,26873,166209,
502294,"NILACHAL REFRACTORIES LTD.",X,STK,40.47,40.47,40.47,40.47,40.47,38.55,9,280,11331,
502330,"ANDHRA PAPER LIMITED",B,STK,61.26,61.65,60.53,61.12,61.13,61.12,128,3512,214479,
502355,"BALKRISHNA INDUSTRIES LTD.",A,STK,2201.75,2201.75,2140,2149.9,2149.9,2168.6,844,4167,8953526,
502420,"ORIENT PAPER & INDUSTRIES LTD.",B,STK,16.09,16.3,15.9,15.95,15.9,15.88,99,32793,529814,
502445,"CITADEL REALTY AND DEVELOPERS",X,STK,38.55,40.9,34.3,36.19,37.2,38.55,64,4245,158452,
502448,"ROLLATAINERS LTD.",T,STK,1.16,1.23,1.16,1.23,1.23,1.18,36,77979,94093,
502450,"SESHASAYEE PAPER & BOARDS LTD.",B,STK,257.45,260.6,254.25,259.05,260.6,256.3,31,631,161618,
502587,"NATH INDUSTRIES LIMITED",X,STK,46.44,46.44,43.3,44,44,45.79,94,17879,795044,
502589,"VAPI ENTERPRISE LIMITED",X,STK,99,103.95,95.05,95.05,95.05,99,3,12,1189,
502820,"DCM LTD.",B,STK,58.49,60.43,58.49,59.49,60.3,58.49,47,829,49288,
502865,"FORBES & COMPANY LTD.",X,STK,312,324.7,312,323.7,323.7,311.65,51,2165,689244,
502873,"H.P.COTTON TEXTILE MILLS LTD.",X,STK,105.1,109.95,102,106,106,105.1,17,272,28564,
502893,"UNITED INTERACTIVE LTD.",X,STK,68,68,62.2,67.99,67.99,64.28,6,55,3464,
502901,"JAMSHRI REALTY LIMITED",X,STK,73.5,78.99,73.5,78.2,78.9,78.53,32,6053,469027,
502933,"KATARE SPINNING MILLS LTD.",X,STK,100,100,100,100,100,101,2,3,300,
502937,"KESORAM INDUSTRIES LTD.",T,STK,7.53,7.7,7.3,7.51,7.5,7.51,148,42929,322792,
502958,"LAKSHMI MILLS COMPANY LTD.",X,STK,7199.95,7260,7151,7165,7165,7220,19,53,381606,
502986,"VARDHMAN TEXTILES LTD.",A,STK,530.45,560.2,530.4,553.35,553.35,530.35,3022,64264,35522497,
503031,"PENINSULA LAND LTD.",B,STK,15.54,15.6,15.15,15.37,15.37,15.16,80,128540,1976072,
503092,"PASUPATI SPG.& WVG.MILLS LTD.",X,STK,27,28.99,27,28.49,28.49,26.62,6,44,1202,
503100,"THE PHOENIX MILLS LTD",A,STK,1530.05,1602.1,1530.05,1594.65,1594.65,1555.55,2675,8356,13121380,
503101,"MARATHON NEXTGEN REALTY LTD.",B,STK,380.95,395.85,380.35,390.4,395.85,379.1,222,2567,991411,
503162,"RELIANCE CHEMOTEX INDUSTRIES L",B,STK,113.85,114.8,112,114.75,114.75,111.75,11,223,25476,
503169,"RUBY MILLS LTD.",B,STK,202,207.95,201.35,201.6,201.35,200.05,371,3768,773316,
503310,"Swan Corp Limited",A,STK,332.3,339.55,325.95,327.6,327.6,337.9,1198,46348,15435770,
503349,"VICTORIA MILLS LTD.",X,STK,6070,6070,5936.1,5936.1,5936.1,5884.1,6,13,78754,
503624,"SVARAJ TRADING & AGENCIES LTD.",X,STK,7.79,7.91,7.53,7.63,7.57,7.79,33,5364,40941,
503635,"SHREE SALASAR INVESTMENT LTD.",XT,STK,461.8,461.8,461.8,461.8,461.8,439.85,8,75,34635,
503641,"ZODIAC VENTURES LIMITED",X,STK,1.38,1.39,1.33,1.35,1.34,1.39,305,741426,987606,
503657,"VEER ENERGY & INFRASTRUCTURE L",X,STK,11.16,11.19,10.9,11.03,11.02,11.16,23,2639,29104,
503659,"SW INVESTMENTS LTD",XT,STK,82.4,82.4,82.4,82.4,82.4,86.7,2,200,16480,
503663,"Tilak Ventures Limited",X,STK,0.91,0.91,0.88,0.89,0.89,0.9,508,1064885,951992,
503675,"WAGEND INFRA VENTURE LIMITED",X,STK,1.01,1.07,1.01,1.01,1.01,1.01,18,6396,6566,
503681,"ELCID INVESTMENTS LTD.",B,STK,96500,96999.9,95000.1,95222,95222,94884.5,54,68,6513843,
503685,"MEDIAONE GLOBAL ENTERTAINMENT",Z,STK,17.1,17.1,15.6,16.64,16.64,16.37,17,2374,37960,
503722,"BANSWARA SYNTEX LTD.",B,STK,107.5,110,107.5,108.5,108,110,81,4814,528505,
503776,"MODIPON LTD.",X,STK,35,35,34.8,34.8,34.8,32.11,3,22,766,
503804,"SHRI DINESH MILLS LTD.",X,STK,230,236.6,225.3,236.6,236.6,228.75,10,63,14748,
503806,"SRF LTD.",A,STK,2456.3,2508.95,2438.75,2498.75,2503,2447.4,5074,24985,62220459,
503811,"SIYARAM SILK MILLS LTD.",B,STK,475,478.9,470,473.2,472,475.3,178,1234,585574,
503816,"SWADESHI POLYTEX LTD.",X,STK,33.6,34.95,32.25,34.68,33.7,33.6,58,10385,352844,
503837,"SHREE RAJASTHAN SYNTEX LTD.",X,STK,13,13,13,13,13,13,3,125,1625,
503960,"BHARAT BIJLEE LTD.",A,STK,2312.8,2345.4,2300.15,2304.6,2300.15,2312.8,147,1138,2637795,
504000,"ELPRO INTERNATIONAL LTD.",B,STK,87.8,87.8,85.52,87.01,87.1,86.68,198,29843,2584777,
504028,"GEE LTD.",X,STK,63.16,63.8,62.14,62.38,62.4,62.64,38,9560,604197,
504036,"HIND RECTIFIERS LTD.",B,STK,1440,1511,1440,1478.25,1475,1458.65,203,1614,2406426,
504058,"INDO-NATIONAL LTD.",B,STK,271,290,271,280.7,280,286,54,849,241754,
504067,"ZENSAR TECHNOLOGIES LTD.",A,STK,564.95,569,541.8,566.55,566.55,555.3,702,13411,7509373,
504076,"JYOTI LTD.",X,STK,58.5,61,56.25,58.99,58.99,57.67,217,26593,1536680,
504080,"JSL INDUSTRIES LTD.",X,STK,970.05,1085,970,1019.95,1019.95,990,13,83,82638,
504084,"KAYCEE INDUSTRIES LTD.",X,STK,766,820,766,802.4,815,765.35,142,1263,1004670,
504092,"INDOKEM LTD.",T,STK,454.9,485.95,450.1,485.95,485.95,462.85,151,4659,2225054,
504093,"PANASONIC ENERGY INDIA COMPANY",X,STK,274.4,278,270.1,274.2,278,274.4,103,1483,402943,
504112,"NELCO LTD.",B,STK,592.3,596.95,584,591.35,587,592.3,349,4542,2681925,
504132,"PERMANENT MAGNETS LTD.",X,STK,674,674,654.7,657.6,655,665.5,152,2415,1592429,
504176,"HIGH ENERGY BATTERIES (INDIA)",X,STK,553,553,525,527.8,530,531.15,329,5162,2761234,
504180,"STANDARD BATTERIES LTD.",XT,STK,42.35,42.4,40.71,42.06,42.06,40.65,33,1846,77708,
504212,"UNIVERSAL CABLES LTD.",B,STK,592.65,599,582.85,586.4,592,588.5,89,978,574249,
504220,"W.S.INDUSTRIES (INDIA) LTD.",B,STK,62.19,70.63,62.19,68.73,67.81,61.47,209,4921,336901,
504240,"DELTON CABLES LTD.",X,STK,422.75,439,420,433.6,435.8,420,194,25941,11133609,
504258,"LAKSHMI ELECTRICAL CONTROL SYS",X,STK,759.5,765,750,760,760,750.1,61,728,549101,
504273,"MODULEX CONSTRUCTION TECHNOLOG",Z,STK,21.69,21.75,19.75,21,21.74,20.77,28,8945,187297,
504286,"DELTA MANUFACTURING LIMITED",B,STK,55.42,57.35,52,57.06,57.06,55.43,26,1406,77536,
504340,"Longspur International Venture",X,STK,6.55,6.55,6.52,6.52,6.52,6.65,22,36255,236383,
504341,"RAVINDRA ENERGY LIMITED",B,STK,131.5,135.3,131.5,132.25,132,134.8,45,2384,317027,
504351,"EMPOWER INDIA LTD.",X,STK,1.19,1.19,1.04,1.08,1.08,1.14,2162,6744895,7371032,
504369,"GRANDMA TRADING & AGENCIES LTD",X,STK,0.49,0.49,0.49,0.49,0.49,0.49,3,1302,637,
504375,"SOFTBPO GLOBAL SERVICES LTD.",P,STK,315,315,315,315,315,331.05,1,50,15750,
504378,"NYSSA CORPORATION LIMITED",X,STK,2.26,2.36,2.23,2.27,2.26,2.27,72,25312,57920,
504380,"FLOMIC GLOBAL LOGISTICS LIMITE",X,STK,36,37.34,36,37.3,37.3,36.68,37,9899,357524,
504392,"KRISHNA VENTURES LIMITED",XT,STK,21,21,20.68,20.68,20.7,21.76,19,66875,1383308,
504397,"GANESH HOLDINGS LTD.",X,STK,91.17,91.17,84.1,91.08,91.08,86.83,47,2945,263138,
504605,"UNI ABEX ALLOY PRODUCTS LTD.",X,STK,2801.65,2879,2791.1,2870.35,2879,2819.3,67,528,1495770,
504614,"SARDA ENERGY & MINERALS LTD.",A,STK,506.05,524.7,502.5,522.3,523,505.95,1115,28747,14803656,
504646,"BHAGWATI AUTOCAST LTD.",X,STK,478.45,489,478.45,480.65,480.1,478.45,26,254,122175,
504648,"BOMBAY WIRE ROPES LTD.",X,STK,44.16,44.16,40,42.85,42.8,44.16,16,324,14128,
504731,"AZAD INDIA MOBILITY LIMITED",X,STK,90.94,91.41,89.34,90.26,91.41,87.08,72,3301,299110,
504741,"INDIAN HUME PIPE CO.LTD.",B,STK,316.85,329.2,316.75,317.6,321,313,49,1945,626230,
504746,"INDIAN LINK CHAIN MANUFACTURES",XT,STK,1195.2,1240.95,1195.1,1195.1,1195.1,1257.95,32,364,435081,
504786,"INVESTMENT & PRECISION CASTING",X,STK,536.95,536.95,512.05,516.25,525,524.25,73,1572,815979,
504810,"INFORMED TECHNOLOGIES INDIA LT",X,STK,75,82,73.25,82,81.99,81.96,20,552,42568,
504840,"KAIRA CAN CO.LTD.",X,STK,1289.95,1289.95,1279.95,1284.35,1284.35,1230.9,5,23,29573,
504879,"ORIENT CERATECH LIMITED",B,STK,34.98,35.98,34.6,34.94,35.55,34.98,58,2338,83328,
504882,"NATIONAL STANDARD (INDIA) LTD.",B,STK,1370,1400,1307.45,1360.05,1360.05,1359.75,22,110,150095,
504903,"RATHI STEEL & POWER LTD.",X,STK,17.9,17.9,17.06,17.27,17.26,17.73,297,81074,1415931,
504908,"Duncan Engineering Limited",X,STK,376,381.75,358.55,365.1,358.55,376.4,12,206,76781,
504918,"SANDUR MANGANESE & IRON ORES L",B,STK,184.05,190.2,180.9,188.5,188.5,182.1,2174,113300,21073704,
504959,"STOVEC INDUSTRIES LTD.",X,STK,1698.6,1703,1654.95,1697.5,1690,1698.6,76,2048,3469852,
504973,"CHOLAMANDALAM FINANCIAL HOLDIN",A,STK,1545.05,1570,1513.5,1521.15,1521.15,1570.9,832,5987,9184106,
504988,"WELCAST STEELS LTD.",X,STK,675.05,680,666.65,670.35,671,693.95,23,406,273375,
505010,"AUTOMOTIVE AXLES LTD.",B,STK,1717.8,1738.5,1713.5,1719.15,1716,1719.95,172,1224,2106047,
505029,"ATLAS CYCLES (HARYANA) LTD.",B,STK,97.28,97.28,83.09,84.17,85.32,81.07,83,2063,174295,
505036,"AUTOMOBILE CORPORATION OF GOA",B,STK,1557.25,1643.95,1550,1627.1,1633,1557.2,121,1227,1977635,
505075,"SETCO AUTOMOTIVE LTD.",B,STK,18.04,18.04,16.34,16.46,16.34,17.19,105,14990,245724,
505160,"TALBROS AUTOMOTIVE COMPONENTS",B,STK,238.4,242.9,232.25,234.45,234.45,239.6,161,5804,1369509,
505163,"Z.F.STEERING GEAR (INDIA) LTD.",X,STK,669.95,674.5,651.1,660,656.1,643.7,97,1647,1096246,
505192,"SML Mahindra Limited",B,STK,3908.95,3984.75,3791.6,3961.85,3947.9,3825.15,767,3957,15448316,
505196,"TIL LTD.",B,STK,197.35,197.35,185.1,188.8,190.4,195.9,260,29451,5632441,
505200,"EICHER MOTORS LTD.",A,STK,6848.05,6971.95,6772.5,6914.2,6945.5,6823.4,4012,19936,137610150,
505212,"JAINEX AAMCOL LTD.",X,STK,110,119,107.25,118,118,110.35,9,726,81643,
505216,"ALFRED HERBERT (INDIA) LTD.",X,STK,2501,2600,2500,2595,2595,2530,15,1619,4201602,
505232,"VELJAN DENISON LIMITED",X,STK,909.05,935.4,888,894.55,888,931.7,49,872,789268,
505242,"DYNAMATIC TECHNOLOGIES LTD.",B,STK,9380.55,9564.6,9230.05,9529.95,9551,9333.25,258,418,3945317,
505250,"G. G. Dandekar Properties Limi",X,STK,60,61.34,60,60.98,60.98,60.32,25,15503,935815,
505255,"GMM PFAUDLER LTD.",A,STK,869.95,870,852.9,860.4,861.7,864.95,977,6915,5972181,
505283,"KIRLOSKAR PNEUMATIC CO.LTD.",A,STK,1054.1,1068.7,1044.55,1050.7,1048,1054,334,3122,3298791,
505299,"KPT INDUSTRIES LIMITED",X,STK,490,490,461,466.2,470,496.4,420,14404,6784288,
505302,"LAKSHMI ENGINEERING AND WAREHO",X,STK,1805,1805,1805,1805,1805,1800,1,2,3610,
505324,"MANUGRAPH INDIA LTD.",B,STK,13.71,13.71,12.83,13.05,13.05,12.69,27,652,8592,
505336,"HARSHIL AGROTECH LIMITED",X,STK,0.38,0.38,0.37,0.37,0.37,0.38,742,4998236,1860624,
505343,"MONOTYPE INDIA LTD.",X,STK,0.41,0.42,0.4,0.41,0.41,0.41,519,1125156,462896,
505355,"NESCO LTD.",B,STK,1021.05,1052.65,1020.25,1045,1044.2,1023.65,262,2010,2089397,
505358,"INTEGRA ENGINEERING INDIA LTD.",X,STK,143,147.7,140,142.15,142.15,142.9,203,61455,8887497,
505368,"Semac Construction Limited",B,STK,248,255.2,209,255.2,255.2,232,65,1022,246992,
505400,"TEXMACO INFRASTRUCTURE & HOLDI",B,STK,84,85.99,82.06,82.87,82.8,84.55,46,8425,700276,
505412,"WENDT (INDIA) LTD.",B,STK,6485.2,6702.35,6448.8,6689.55,6689.55,6402.6,200,519,3429624,
505502,"PS IT INFRASTRUCTURE & SERVICE",X,STK,1.31,1.33,1.31,1.33,1.33,1.31,5,9026,12004,
505504,"GHV INFRA PROJECTS LIMITED",XT,STK,307,307,289,294.2,292,294.4,209,19580,5825041,
505509,"RESPONSIVE INDUSTRIES LTD.",B,STK,158.95,161.3,156.85,157.25,157,159.35,107,1513,239519,
505515,"SHYAMKAMAL INVESTMENTS LTD.",X,STK,13.47,13.47,12.41,12.57,12.84,12.94,143,8358,108318,
505523,"MAHARASHTRA CORPORATION LTD.",X,STK,0.33,0.33,0.31,0.32,0.33,0.33,282,610946,197471,
505526,"DOLAT ALGOTECH LIMITED",B,STK,72.3,75.61,71.5,74.32,74.32,72.26,232,20342,1507517,
505533,"WESTLIFE FOODWORLD LIMITED",A,STK,433.6,440.05,429.45,436.45,439,433.5,212,3091,1348782,
505537,"ZEE ENTERTAINMENT ENTERPRISES",A,STK,75.59,75.87,74.62,75.28,75.28,75.42,3802,586622,44112162,
505590,"SVP GLOBAL TEXTILES LIMITED",T,STK,2.7,2.7,2.52,2.7,2.69,2.65,9,1964,5038,
505650,"SKYLINE MILLARS LTD.",X,STK,17.68,17.99,16.8,17,17,17.76,20,3064,51980,
505681,"BIMETAL BEARINGS LTD.",X,STK,526.45,537.95,518,526.5,526.2,526.45,26,392,205762,
505688,"BHARAT GEARS LTD.",B,STK,94.85,96.9,94.85,96.55,96.9,94.85,74,1393,133834,
505690,"BRADY & MORRIS ENGINEERING CO.",X,STK,736,777,736,772.8,771,709.65,52,283,215963,
505693,"La Tim Metal & Industries Limi",X,STK,9.8,10.6,9.53,10.31,10.55,9.77,125,58528,603149,
505700,"ELECON ENGINEERING CO.LTD.",A,STK,377.4,394,372.4,382.7,382.7,376.4,1616,59764,22839995,
505710,"GRAUER & WEIL (INDIA) LTD.",B,STK,61.2,63,60,60.59,60.59,61.49,666,290253,17733430,
505712,"HIM TEKNOFORGE LIMITED",X,STK,190,195.85,189,194.05,195.85,190.7,47,3762,716811,
505714,"GABRIEL INDIA LTD.",A,STK,832,855,832,846.45,851,830.55,608,13438,11356851,
505720,"Hercules Investments Limited",B,STK,103.05,108.75,103.05,104.7,104.7,104,217,11226,1178439,
505725,"ALGOQUANT FINTECH LIMITED",B,STK,54.6,58.99,54.6,55.12,55.12,54.84,1074,403405,22278756,
505726,"IFB INDUSTRIES LTD.",B,STK,975.6,1022.2,971.55,1000.4,999.3,969.95,341,3013,3010338,
505729,"SINGER INDIA LTD.",X,STK,76.19,76.19,73.1,74,74,74.45,201,32762,2421217,
505737,"INTERNATIONAL COMBUSTION (INDI",X,STK,400,410,398.05,399.6,399.6,392.8,62,3172,1280271,
505744,"FEDERAL-MOGUL GOETZE (INDIA) L",B,STK,376.05,389.2,375.3,389.2,389.2,377.75,64,5592,2151595,
505750,"JOSTS ENGINEERING CO.LTD.",X,STK,222.05,223.05,217.1,218.2,218.2,220.25,237,27611,6061225,
505790,"Schaeffler India Limited",A,STK,3800,3944,3775.2,3918.1,3944,3775.4,1207,57948,225127382,
505800,"RANE HOLDINGS LTD.",B,STK,1100,1120.7,1100,1110.05,1110.1,1108.2,15,105,117266,
505827,"SNL BEARINGS LTD.",X,STK,340,349.95,340,347.8,347,337.5,17,324,111375,
505840,"JAIPAN INDUSTRIES LTD.",X,STK,43.76,45,37.38,37.38,37.38,41.53,1136,223024,9017114,
505850,"MANGAL CREDIT AND FINCORP LTD.",B,STK,165.55,174,163,168.9,167.45,169.65,138,23384,3957716,
505854,"TRF LTD.",B,STK,227.4,232.8,226,227,227,222.5,138,1929,442329,
505872,"WPIL LTD.",B,STK,387,389.5,378.2,380.8,380.8,385.95,765,38749,14972114,
505890,"KENNAMETAL INDIA LTD.",B,STK,2113.95,2177.95,2094.95,2099.95,2100,2114,496,3060,6467390,
505893,"HINDUSTAN HARDY LIMITED",X,STK,770.9,835,770.9,791.25,791.25,770.9,42,693,544081,
505978,"TRITON VALVES LTD.",X,STK,3349,3394.15,3325,3385.55,3389.9,3349.8,68,176,591010,
506003,"SUDAL INDUSTRIES LTD.",X,STK,51.8,52,48.01,51.69,51.69,49.59,17,862,44532,
506022,"PRAKASH INDUSTRIES LTD.",B,STK,117.8,119.7,117.35,119.1,118.8,117.95,294,127261,15078081,
506076,"GRINDWELL NORTON LTD.",A,STK,1435,1443.75,1417.55,1432.8,1431,1453.2,236,1098,1570464,
506105,"STANROSE MAFATLAL INVESTMENTS",X,STK,59,59.9,55.31,59.9,59.9,60.11,8,5004,276796,
506109,"GENESYS INTERNATIONAL CORPORAT",B,STK,275.25,275.25,263,264.6,264.6,275.25,490,20946,5620251,
506122,"Kairosoft AI Solutions Limited",XT,STK,43.94,43.94,41,42.27,41,42.01,34,3470,147528,
506128,"PARNAX LAB LTD.",X,STK,119.15,121.7,117,119.3,119,120,58,6843,814040,
506134,"GOURMET GATEWAY INDIA LIMITED",X,STK,8.36,8.77,7.95,8.64,8.64,8.36,191,152916,1289853,
506146,"VISAGAR POLYTEX LTD.",B,STK,0.59,0.61,0.57,0.59,0.59,0.58,48,31781,18639,
506166,"APIS INDIA LTD.",XT,STK,57,58,56.1,56.22,56.22,56.83,200,9632,546104,
506180,"EMERGENT INDUSTRIAL SOLUTIONS",XT,STK,397.85,417.7,378,417.7,417.7,397.85,15,118,49069,
506184,"KANANI INDUSTRIES LTD.",B,STK,1.34,1.38,1.31,1.33,1.33,1.34,33,6053,8080,
506186,"GALAXY SUPERMARKET LIMITED",X,STK,15.53,16,15.49,15.49,15.49,16.3,57,74044,1148940,
506194,"ARIHANT SUPERSTRUCTURES LIMITE",B,STK,210.5,217,208,213.1,213,209,26,96,20304,
506197,"BLISS GVS PHARMA LTD.",B,STK,207,213.3,202.3,210.4,208.7,201.65,917,48108,9945852,
506222,"Styrenix Performance Materials",A,STK,1969.35,1970.05,1887.9,1926.5,1887.9,1982.25,192,950,1840895,
506235,"ALEMBIC LTD.",B,STK,79.7,81,78.6,79.44,79,79.65,400,25749,2048877,
506248,"AMINES & PLASTICIZERS LTD.",B,STK,145.55,160,145.25,149.9,149.9,145.25,25,372,54547,
506260,"ANUH PHARMA LTD.",B,STK,82,82,75.15,75.71,75.71,75.5,25,258,19532,
506261,"MODISON LIMITED",B,STK,117.1,120.35,117.1,119.9,119.9,116.3,73,1068,127725,
506285,"BAYER CROPSCIENCE LTD.",A,STK,4520.8,4520.8,4406.9,4482.25,4461.1,4520.7,405,3050,13680653,
506365,"STARSOURCE MULTITRADE LIMITED",X,STK,82.68,82.68,82.68,82.68,82.68,78.75,1,10,826,
506373,"CITURGIA BIOCHEMICALS LTD.",X,STK,159.45,159.45,159.45,159.45,159.45,151.9,9,757,120703,
506390,"Sudarshan Colorants India Limi",B,STK,322.8,322.8,315.95,317.3,317,317.55,131,2471,782935,
506395,"COROMANDEL INTERNATIONAL LTD.",A,STK,1978,2058,1955,2039.2,2038,1960.3,2654,31399,63232993,
506401,"DEEPAK NITRITE LTD.",A,STK,1392,1417.65,1391.75,1395.35,1395.35,1391.95,1216,13368,18772349,
506405,"DMCC SPECIALITY CHEMICALS LIMI",B,STK,220.05,227.9,218.9,225.5,227.9,220.05,53,1636,367148,
506414,"FERMENTA BIOTECH LIMITED",X,STK,339.95,344,330,334.45,334.45,339,274,17134,5794689,
506480,"GOCL Corporation Limited",B,STK,230,234.8,229.95,231.7,230.6,231.65,219,3202,741577,
506520,"JAYSHREE CHEMICALS LTD.",X,STK,5.94,6.12,5.52,5.61,5.61,5.63,81,7066,39916,
506525,"KANORIA CHEMICALS & INDUSTRIES",B,STK,60.92,62.2,60.92,62,62,61.36,33,2356,145097,
506528,"KELTECH ENERGIES LTD.",X,STK,3242.95,3242.95,3150,3165.85,3160,3133.45,61,196,621658,
506532,"NITTA GELATIN INDIA LTD.",X,STK,784.95,801.95,784.95,796.9,801.95,786.15,102,3676,2926535,
506543,"M.P.AGRO INDUSTRIES LTD.",XT,STK,8.66,8.66,8.66,8.66,8.66,8.25,3,5,43,
506579,"AG VENTURES LIMITED",B,STK,95.7,96.95,92.25,93.2,93.4,94.75,491,18566,1763982,
506590,"PCBL Chemical Limited",A,STK,250.75,253.7,247.15,247.9,248.5,250.75,2355,121189,30303091,
506597,"AMAL LTD.",B,STK,481,497.7,475.75,477.55,480,481.15,184,3529,1690826,
506618,"PUNJAB CHEMICALS AND CROP PROT",B,STK,1070.9,1072.85,1021,1040,1040,1071.3,54,88,92010,
506640,"ZR2 BIOENERGY LIMITED",X,STK,102.25,102.25,97.15,101.3,101.3,102.25,62,4012,391559,
506642,"SADHANA NITROCHEM LTD.",B,STK,1.7,1.74,1.7,1.7,1.7,1.78,189,3073894,5228500,
506655,"SUDARSHAN CHEMICAL INDUSTRIES",A,STK,799.65,804.95,783.85,787.1,790.45,800.9,120,783,621734,
506680,"TECIL CHEMICALS & HYDRO POWER",B,STK,13,13,12.66,12.72,12.66,12.66,3,97,1257,
506685,"ULTRAMARINE & PIGMENTS LTD.",B,STK,400.65,406.5,400,403.45,403.45,400.6,287,7418,2993154,
506687,"TRANSPEK INDUSTRY LTD.",X,STK,915.05,941,906.05,936.45,938.45,905.95,158,3469,3213656,
506690,"UNICHEM LABORATORIES LTD.",B,STK,313.75,319.95,307,308.4,311,311.95,48,1421,445110,
506734,"MYSORE PETRO CHEMICALS LTD.",X,STK,85,89,85,86.86,86.86,84.05,27,266,23110,
506767,"ALKYL AMINES CHEMICALS LTD.",A,STK,1235,1339,1212.35,1277.05,1270.3,1261,1042,11413,14474279,
506808,"TUTICORIN ALKALI CHEMICALS AND",X,STK,49.68,50.4,48.68,48.71,48.71,48.71,89,4494,221206,
506820,"ASTRAZENECA PHARMA INDIA LTD.",A,STK,8362,8485.65,8313.45,8445.3,8445.3,8358.2,65,177,1488328,
506852,"Primo Chemicals Limited",B,STK,18.49,18.73,17.34,17.89,17.9,18.03,112,136633,2442578,
506854,"TANFAC INDUSTRIES LTD.",B,STK,1698.6,1750,1632.6,1657.5,1657.5,1698.6,1380,16750,28096251,
506858,"GUJARAT PETROSYNTHESE LTD.",X,STK,62,62,60,60,60,60.43,28,18360,1101682,
506863,"SWADESHI INDUSTRIES LEASING CO",XT,STK,109.6,109.8,102.15,106.85,106.85,107.5,73,2864,298882,
506879,"GUJARAT THEMIS BIOSYN LTD.",B,STK,273.1,288.85,269.55,272.1,275,277.4,420,7151,1981462,
506906,"Saptak Chem And Business Limit",XT,STK,41.98,42.24,41,42.24,42.24,40.23,53,4028,169545,
506919,"MAKERS LABORATORIES LTD.",X,STK,150.05,169.9,149,154.7,154.7,154.85,195,9127,1451149,
506935,"CONTINENTAL CHEMICALS LTD.",X,STK,61,67.09,61,67.09,67.09,63.9,15,360,22941,
506943,"J.B.CHEMICALS & PHARMACEUTICAL",A,STK,2088.7,2116.35,2086.65,2103.35,2112,2088.6,1766,10549,22179080,
506947,"ADVANCE PETROCHEMICALS LTD.",X,STK,145.4,145.5,138.15,138.15,138.15,145.4,7,3562,517012,
506979,"APT PACKAGING LTD.",X,STK,134,139.5,134,138,138,132.9,5,104,14408,
506981,"BLUE CHIP TEX INDUSTRIES LTD.",X,STK,120.7,120.7,110.2,120,120,120.65,17,691,80219,
507155,"JAGATJIT INDUSTRIES LTD.",X,STK,133.45,136.9,131,131.5,131.5,132.5,201,18032,2400106,
507180,"KESAR ENTERPRISES LTD.",X,STK,4.87,4.87,4.37,4.51,4.5,4.68,90,63320,289820,
507205,"TILAKNAGAR INDUSTRIES LTD.",A,STK,442.7,458.1,442.7,448.6,448.6,442.65,1250,38019,17215408,
507265,"Emerald Leisures Limited",X,STK,194,194,177,189.8,189.95,190,14,635,117569,
507300,"The Ravalgaon Sugar Farm Limit",X,STK,910,910,886,889.1,889,914.9,6,325,295243,
507315,"SAKTHI SUGARS LTD.",B,STK,13.92,14.5,13.71,14.08,14.08,13.92,87,103328,1454517,
507410,"WALCHANDNAGAR INDUSTRIES LTD.",B,STK,150.85,153.15,147.5,148.15,148.8,150.75,699,55839,8394977,
507438,"IFB AGRO INDUSTRIES LTD.",B,STK,677.05,696.15,677.05,684.8,682,683.65,85,662,455057,
507474,"KOTHARI FERMENTATION & BIOCHEM",X,STK,36,40,34.59,37.63,40,36.53,114,12973,463148,
507486,"CAPROLACTAM CHEMICALS LTD.",XT,STK,55,55,52.63,52.63,52.63,55.39,2,106,5818,
507488,"G.M.BREWERIES LTD.",B,STK,965.15,994.9,954,965.85,966,966.9,427,3795,3678308,
507490,"RANA SUGARS LTD.",B,STK,11.25,11.79,11.25,11.33,11.33,11.31,68,8413,96909,
507498,"PICCADILY SUGAR & ALLIED INDUS",X,STK,30.25,33.71,30.25,32.27,32.27,31.68,49,1457,47541,
507514,"SOM DISTILLERIES & BREWERIES L",B,STK,71.99,73.13,71.57,72.28,72.04,71.86,349,35397,2563233,
507515,"C.J.GELATINE PRODUCTS LTD.",X,STK,18.84,18.84,18.84,18.84,18.84,17.95,2,2,37,
507526,"ASSOCIATED ALCOHOLS & BREWERIE",B,STK,702,722,700.3,706.6,708.55,713.35,472,2661,1887406,
507552,"FOODS & INNS LTD.",B,STK,54,54,52.5,52.74,52.74,53.9,185,8047,427990,
507580,"IVP LTD.",B,STK,125.45,125.55,125,125.2,125,123.25,11,280,35100,
507598,"KOVILPATTI LAKSHMI ROLLER FLOU",X,STK,101,101,95,99.05,97.5,98.45,40,4061,401029,
507609,"OLYMPIC OIL INDUSTRIES LTD.",X,STK,30.3,30.3,29.36,29.36,29.36,30.9,10,323,9705,
507621,"MILKFOOD LTD.",X,STK,47.31,47.31,45,45.7,45.94,47.08,122,5054,230735,
507645,"POLSON LTD.",X,STK,10461.45,10599.95,10440,10470.65,10558,10755.05,21,27,282970,
507685,"WIPRO LTD.",A,STK,195.25,195.25,188.25,191.25,191.25,194.9,10016,442603,84394898,
507690,"ORIENT BEVERAGES LTD.",XT,STK,206,216.8,206,209.5,213.9,210,15,178,37443,
507717,"DHANUKA AGRITECH LTD.",B,STK,973,1002.05,973,986.95,985.1,978.25,181,1721,1700903,
507747,"TTK HEALTHCARE LTD.",B,STK,811.15,841.95,807.05,818.75,841,828.9,444,721,594915,
507753,"TGV SRAAC Limited",B,STK,79.96,81.79,78.5,80.99,81.3,79.22,623,105330,8444888,
507759,"LIME CHEMICALS LTD.",X,STK,13.55,13.55,13,13,13,13.59,13,21311,277439,
507779,"KANPUR PLASTIPACK LTD.",B,STK,158,159,158,159,159,160.9,5,20,3172,
507785,"TAINWALA CHEMICALS & PLASTICS",B,STK,184.35,184.35,184.1,184.1,184.1,183.8,2,2,368,
507789,"JAGSONPAL PHARMACEUTICALS LTD.",B,STK,182,190.3,182,185.05,186,184.15,282,6718,1261269,
507794,"KHAITAN CHEMICALS & FERTILIZER",B,STK,50.21,50.59,48.85,49.22,48.85,49.91,315,32311,1607432,
507813,"NATIONAL OXYGEN LTD.",X,STK,63.1,68,62.1,63.43,64.28,66.92,90,4377,282322,
507815,"GILLETTE INDIA LTD.",A,STK,8149.4,8149.4,7928,7948.5,7948.5,7925.1,430,984,7878582,
507817,"WIRES & FABRIKS (SA) LTD.",X,STK,140,140,133.3,133.35,133.3,140.05,9,413,57779,
507828,"ANSAL HOUSING LIMITED",X,STK,7.18,7.24,6.9,7.07,7,6.99,101,48023,337207,
507833,"COMPUTER POINT LTD.",X,STK,4.12,4.24,3.71,3.94,4.19,4.03,54,22470,89326,
507836,"MAC CHARLES (INDIA) LTD.",X,STK,605.2,614.8,600,613.35,605,619.75,14,117,71116,
507852,"ADDI INDUSTRIES LTD.",X,STK,100,100,95.5,96.8,99.75,100.5,21,1416,138206,
507864,"PIONEER INVESTCORP LTD.",XT,STK,89.99,89.99,88,89.8,89.9,92.5,9,800,71149,
507872,"ASHNOOR TEXTILE MILLS LTD.",X,STK,40.45,40.45,38.55,38.6,38.6,39.7,19,1862,72840,
507878,"UNITECH LTD.",B,STK,4.31,4.36,4.24,4.29,4.29,4.3,343,668211,2874329,
507880,"V.I.P.INDUSTRIES LTD.",A,STK,338,338.9,331.45,332.05,331.7,337.95,175,4054,1362324,
507910,"FIBERWEB (INDIA) LTD.",T,STK,35.99,37.85,35.1,35.6,35.6,36.72,29,9262,326543,
507912,"LKP FINANCE LIMITED",B,STK,161.6,172.8,159.95,164.75,164.75,165.05,296,13097,2171011,
507917,"EAST BUILDTECH LTD.",X,STK,42.15,42.15,42.15,42.15,42.15,44.25,2,2,84,
507938,"MANIPAL FINANCE CORPORATION LT",P,STK,10.42,10.42,10.42,10.42,10.42,9.93,1,100,1042,
507944,"BAJAJ STEEL INDUSTRIES LTD.",B,STK,356.35,367.9,356.35,362.35,362.35,358.15,586,25004,9036679,
507946,"KIDUJA INDIA LTD.",X,STK,14.8,15.35,14.63,14.64,15.34,15.4,10,3201,47043,
507948,"KEY CORP LTD.",X,STK,70.41,70.42,67.09,68.26,70,67.07,24,412,28658,
507960,"GUJARAT HOTELS LTD.",X,STK,183.15,188.6,179,181.7,181,183.15,32,1766,321563,
507962,"FYNX CAPITAL LIMITED",XT,STK,5.1,5.21,5.07,5.07,5.07,5.33,73,41194,209372,
507966,"RAS RESORTS & APART HOTELS LTD",X,STK,41.75,41.75,36.25,39.79,39.79,36.93,22,1344,52019,
507968,"JOLLY PLASTIC INDUSTRIES LTD.",P,STK,26.5,26.5,25.25,25.25,25.25,26.53,2,200,5175,
507970,"PARAMOUNT COSMETICS (INDIA) LT",X,STK,35.31,35.35,35.31,35.35,35.35,36.03,3,13,459,
507981,"JINDAL HOTELS LTD.",X,STK,60,60.49,59.01,59.95,60.49,60.49,8,46,2757,
507998,"SIMMONDS MARSHALL LTD.",X,STK,139,140.95,135,136.4,136.4,134.25,67,5097,694795,
508486,"HAWKINS COOKERS LTD.",B,STK,7600,7600.05,7312.3,7489.65,7450,7450.65,161,524,3939129,
508494,"WARREN TEA LTD.",X,STK,38,38,35.1,37.1,37.1,36.6,44,5684,211580,
508571,"COCHIN MALABAR ESTATES & INDUS",X,STK,140,140,121.3,126.6,121.3,141,3,4,533,
508664,"BEST EASTERN HOTELS LTD.",X,STK,11.19,11.19,10.51,10.54,10.51,11.2,16,918,10101,
508670,"NEELAMALAI AGRO INDUSTRIES LTD",X,STK,3151,3151,3151,3151,3151,3151,1,10,31510,
508807,"IST LTD.",B,STK,610.1,640,610.1,639.1,640,618.7,100,2071,1315005,
508814,"Cosmo First Limited",B,STK,654.95,655.85,635.05,641,638,662.1,217,2008,1298935,
508869,"APOLLO HOSPITALS ENTERPRISE LT",A,STK,7483.85,7575.35,7476.85,7503.2,7503.2,7492.85,1527,10961,82249526,
508875,"Nitin Castings Limited",X,STK,480.5,514,480.5,500.1,500.1,514.55,14,92,45827,
508905,"NEXOME CAPITAL MARKETS LIMITED",X,STK,70.85,77.98,68.91,71.36,71.36,72.3,62,9819,707732,
508906,"EVEREST INDUSTRIES LTD.",B,STK,341.15,391.85,338.65,347.2,340,346.9,362,2461,909358,
508918,"IRONWOOD EDUCATION LIMITED",X,STK,44.62,44.62,40,41.16,40.56,42.91,99,8564,351188,
508922,"MSR INDIA LTD.",XT,STK,7.23,7.23,7.23,7.23,7.23,7.37,373,63354,458049,
508933,"AYM Syntex Limited",B,STK,180.25,180.55,178.1,178.35,178.35,179.4,37,347,62083,
508941,"PANASONIC CARBON INDIA CO.LTD.",X,STK,434,442.85,433,437.55,437.9,435.6,83,1877,821202,
508954,"FINKURVE FINANCIAL SERVICES LT",B,STK,58.01,58.45,55,55.4,55.95,56.79,109,7452,421090,
508956,"HB LEASING & FINANCE CO.LTD.",X,STK,12.3,12.36,12.3,12.36,12.36,12.3,8,360,4434,
508961,"SHRICON INDUSTRIES LTD.",XT,STK,175.9,175.9,167.55,167.55,167.55,167.55,3,5,846,
508969,"SULABH ENGINEERS & SERVICES LT",X,STK,2.37,2.44,2.24,2.32,2.32,2.32,36,8883,21349,
508980,"FRONTIER CAPITAL LIMITED",X,STK,9.5,9.5,8.22,8.29,8.22,8.8,47,19148,166340,
508989,"NAVNEET EDUCATION LIMITED",B,STK,125.15,130.3,125.15,127.9,127.3,127.1,125,5798,744612,
509009,"AUSOM ENTERPRISE LIMITED",T,STK,98,102.24,98,102.24,102.24,97.76,3,5,494,
509015,"THAKRAL SERVICES (INDIA) LTD.",XT,STK,13.87,14.56,13.18,13.18,13.18,13.87,9,517,6817,
509020,"RUCHI INFRASTRUCTURE LTD.",B,STK,5.14,5.15,4.81,4.89,4.85,4.98,37,49248,245396,
509024,"GOLDEN LEGAND LEASING & FINANC",X,STK,10.6,11.19,8.85,9.86,9.86,10.22,94,29246,302903,
509026,"VJTF EDUSERVICES LTD.",X,STK,87.79,87.79,87.79,87.79,87.79,88.9,1,1,87,
509038,"VOLTAIRE LEASING & FINANCE LTD",X,STK,12.46,12.58,12.46,12.58,12.58,12.34,2,41,510,
509040,"NETLINK SOLUTIONS (INDIA) LTD.",XT,STK,174.9,175,167.25,167.25,167.25,176.05,29,1401,234893,
509046,"TRILIANCE POLYMERS LIMITED",XT,STK,31.48,31.48,29.25,29.25,29.25,29.99,9,625,18964,
509048,"LANCOR HOLDINGS LTD.",T,STK,18.24,19.25,18.24,19.23,19.25,18.34,16,5288,99442,
509051,"INDIAN INFOTECH & SOFTWARE LTD",X,STK,0.53,0.55,0.52,0.55,0.55,0.52,911,3641924,1944025,
509053,"BANAS FINANCE LTD.",X,STK,6.19,6.19,5.9,5.95,6.06,5.96,111,27408,164662,
509055,"VISAKA INDUSTRIES LTD.",B,STK,57.77,57.77,56.04,56.62,57.21,57,104,3925,222550,
509069,"INFOMEDIA PRESS LTD.",B,STK,5,5.44,4.6,4.98,4.98,4.98,16,2961,14857,
509073,"HATHWAY BHAWANI CABLETEL & DAT",X,STK,12.18,12.28,10.52,12.16,12.28,11.45,40,34867,389863,
509079,"GUFIC BIOSCIENCES LTD.",B,STK,284.55,298.2,281.85,294.1,295,282.95,117,2685,782773,
509152,"GRP LTD.",B,STK,1700,1700,1700,1700,1700,1728,1,1,1700,
509162,"INDAG RUBBER LTD.",X,STK,88.99,90.76,88.01,88.22,88.11,88.84,94,4594,407835,
509196,"MM RUBBER COMPANY LTD.",X,STK,62,66.2,61.25,65.42,65.3,61.82,32,2113,136016,
509220,"PTL ENTERPRISES LTD.",B,STK,36.65,38.25,36.65,37.67,38.25,37.03,70,2923,108828,
509243,"TVS SRICHAKRA LTD.",B,STK,3508.3,3600.95,3508.3,3581.35,3580.3,3498.1,42,131,467883,
509423,"SANATHNAGAR ENTERPRISES LIMITE",X,STK,34.7,34.7,33.05,34.7,34.7,33.05,5,103,3569,
509438,"BENARES HOTELS LTD.",B,STK,9594.95,9594.95,9400.1,9437.6,9515,9436.85,772,1202,11403906,
509449,"BHAGWATI OXYGEN LTD.",X,STK,37.01,37.01,36.99,36.99,36.99,35.9,12,962,35591,
509470,"BOMBAY OXYGEN INVESTMENTS LIMI",X,STK,19700,20094.95,19525.05,19679.95,19679.95,20073.4,16,16,313596,
509472,"CRAVATEX LTD.",X,STK,325.5,344,325.5,332.85,329,329.95,20,1102,359111,
509480,"BERGER PAINTS INDIA LTD.",A,STK,406,420.25,406,416.2,416.05,404.3,1602,200733,82513106,
509486,"CAPRIHANS INDIA LTD.",X,STK,61,62.2,60,61.01,61.01,61.74,55,9306,567524,
509488,"GRAPHITE INDIA LTD.",A,STK,614.85,622.5,609.25,619.95,621.8,612.55,679,17691,10917565,
509496,"Cemindia Projects Limited",A,STK,531.8,540.45,523.3,530.05,523.3,531.75,807,8809,4697186,
509525,"EMPIRE INDUSTRIES LTD.",X,STK,883,890,851,857.4,857.4,876.05,72,1349,1164923,
509546,"GRAVISS HOSPITALITY LTD.",X,STK,29.5,29.5,28,28.7,28.7,28.31,28,8310,236071,
509557,"GARWARE TECHNICAL FIBRES LIMIT",A,STK,609.35,616.75,602,614.8,614.85,609.35,145,914,561110,
509563,"GARWARE MARINE INDUSTRIES LTD.",X,STK,25.19,25.5,24.79,25.14,25.22,24.6,106,5093,127335,
509567,"GOA CARBON LTD.",B,STK,305.3,313.55,304.1,307.8,306.3,302.1,24,239,74092,
509597,"HARDCASTLE & WAUD MFG.CO.LTD.",X,STK,699,699.85,699,699.45,699.85,666.65,2,2,1398,
509631,"HEG LTD.",A,STK,500,502.5,493,500.75,500.75,497.05,1138,31887,15872459,
509635,"HINDUSTAN COMPOSITES LTD.",B,STK,446,446,378.1,385.75,379.5,384,87,1666,710399,
509675,"BIRLANU LIMITED",B,STK,1249.2,1252.75,1200,1209.2,1200,1249.15,347,2953,3598471,
509692,"INDIAN CARD CLOTHING CO.LTD.",B,STK,185.1,191,183.9,187,187,186.05,18,542,100270,
509709,"INTERNATIONAL CONVEYORS LTD.",B,STK,71,71,69.36,69.73,69.73,70.32,54,1757,123841,
509715,"JAY SHREE TEA & INDUSTRIES LTD",B,STK,88.57,89.42,88,88.05,88.05,87.2,39,1156,102379,
509732,"KOTHARI INDUSTRIAL CORPORATION",B,STK,171.9,174.7,171,172.65,174,171.9,58,719,123550,
509760,"MODERN SHARES & STOCKBROKERS L",X,STK,28.2,30.9,28.2,29.53,30.75,29.65,15,40,1181,
509762,"MAPRO INDUSTRIES LTD.",XT,STK,49.9,50.39,49.9,49.9,49.9,49.9,11,711,35790,
509820,"HUHTAMAKI INDIA LIMITED",B,STK,160,163.05,159.85,162.05,162.05,161.15,168,6500,1049086,
509835,"PREMIER SYNTHETICS LTD.",X,STK,15.77,15.77,13.25,13.52,13.25,13.54,11,287,3935,
509874,"SHALIMAR PAINTS LTD.",B,STK,48.3,49.9,45.6,46.67,46.67,48.51,172,8612,409035,
509887,"SINNAR BIDI UDYOG LTD.",XT,STK,869.4,869.4,869.4,869.4,869.4,828,1,1,869,
509895,"HINDOOSTAN MILLS LTD.",X,STK,149.5,151.9,143,148.8,149.4,150.05,60,1069,158143,
509930,"SUPREME INDUSTRIES LTD.",A,STK,3923.4,3960,3870.9,3925.3,3941.6,3923.3,656,2155,8417907,
509945,"THACKER & CO.LTD.",X,STK,813.5,837,790,835,835,869.95,26,84,67410,
509953,"TRADE WINGS LTD.",XT,STK,600.75,600.75,600.75,600.75,600.75,613,1,3,1802,
509966,"VST INDUSTRIES LTD.",B,STK,215,218.5,215,216.45,216.45,214.95,292,6769,1466120,
510245,"SWASTI VINAYAKA SYNTHETICS LTD",X,STK,3.71,3.71,3.36,3.47,3.4,3.47,176,54725,192492,
511000,"MADHUSUDAN SECURITIES LTD.",X,STK,19.64,19.64,17.96,18.93,19.39,18.26,13,1904,36045,
511012,"YAMINI INVESTMENTS COMPANY LTD",XT,STK,0.66,0.67,0.65,0.66,0.66,0.67,361,297023,195226,
511018,"MILGREY FINANCE & INVESTMENT L",X,STK,57.49,57.49,53,54.21,53.81,55.45,374,86252,4679896,
511034,"JINDAL DRILLING & INDUSTRIES L",B,STK,467.4,477.95,462.4,466.1,466.1,478,776,14840,6958799,
511066,"SAKTHI FINANCE LTD.",X,STK,21.94,21.94,20.32,20.96,21.1,21.37,135,12772,272582,
511076,"AEROFLEX ENTERPRISES LIMITED",B,STK,66.3,68.92,66.02,67.43,67.4,65.99,99,7506,506873,
511092,"JMD Ventures Limited",X,STK,5.64,5.86,5.64,5.86,5.86,5.75,35,6975,39712,
511108,"SHIVA TEXYARN LTD.",B,STK,141.4,144,136.6,144,144,144,5,1646,236663,
511110,"V.B.DESAI FINANCIAL SERVICES L",X,STK,16.75,16.88,15.51,15.97,16,17.3,25,1037,16734,
511122,"FIRST CUSTODIAN FUND (INDIA) L",X,STK,73.9,83,72,79,79,79,13,167,12410,
511131,"KAMANWALA HOUSING CONSTRUCTION",X,STK,15.65,16.5,15,15.88,16,15.21,76,28561,447993,
511147,"WSFX Global Pay Limited",X,STK,60,61.2,57.1,60,60,60,39,1253,75034,
511153,"Anjani Foods Limited",X,STK,17.75,17.75,15,15.06,15,16.24,154,21639,333024,
511176,"PARSHWANATH CORPORATION LTD.",X,STK,91.82,91.82,90.98,90.98,90.98,87.45,2,2,182,
511187,"Millennium Online Solutions (I",X,STK,1.53,1.54,1.44,1.5,1.5,1.5,24,7737,11362,
511194,"ICDS LTD.",B,STK,50.3,54.45,48.06,48.06,48.06,50.03,9,19,945,
511196,"CAN FIN HOMES LTD.",A,STK,841.95,853.55,823.75,828.45,827.25,841.85,640,6955,5832107,
511208,"IL&FS INVESTMENT MANAGERS LTD.",B,STK,6.6,6.9,6.6,6.85,6.9,6.81,189,36413,246922,
511218,"Shriram Finance Limited",A,STK,994.75,1011.8,983.85,1004.95,1003.5,990.65,4997,140850,140970045,
511243,"CHOLAMANDALAM INVESTMENT AND F",A,STK,1549.95,1555.8,1511,1528.2,1527,1526.7,1175,1203069,1849646974,
511246,"BOMBAY TALKIES LIMITED",X,STK,4.54,4.78,4.35,4.41,4.38,4.56,8,302,1352,
511260,"ICONIK SPORTS AND EVENTS LIMIT",X,STK,48.1,48.1,43.7,46.01,47,45.99,56,13380,616312,
511333,"VLS FINANCE LTD.",B,STK,224.15,226.35,223,224.9,226.35,226.7,17,364,81843,
511355,"INDIA CEMENTS CAPITAL LTD.",X,STK,11.49,11.49,10.9,11,11,10.7,30,32910,359547,
511359,"AD-MANUM FINANCE LTD.",X,STK,49.1,49.98,46.99,47.74,47.6,50,29,4251,203512,
511391,"INTER GLOBE FINANCE LTD.",X,STK,54.25,54.25,54.25,54.25,54.25,55.3,6,151,8191,
511401,"MUNOTH COMMUNICATION LIMITED",X,STK,7.19,7.19,7.19,7.19,7.19,7.56,2,3,21,
511411,"SHRISTI INFRASTRUCTURE DEVELOP",X,STK,28.88,28.88,25.7,27.7,27.7,25.89,10,228,6359,
511413,CREST,B,STK,329.7,329.7,315.8,323,323,324.5,21,123,40134,
511431,"VAKRANGEE LIMITED",B,STK,5.86,6.06,5.85,5.95,5.96,5.97,374,261500,1542669,
511441,"GUJARAT CREDIT CORPORATION LTD",X,STK,26.58,26.58,26.58,26.58,26.58,26.58,3,838,22274,
511447,"Sylph Industries Limited",XT,STK,0.97,0.97,0.95,0.96,0.96,0.96,12147,70002499,67474464,
511451,"DHARANI FINANCE LTD.",X,STK,8.4,8.6,8.4,8.6,8.6,8.57,2,36,309,
511463,"Alexander Stamps And Coin Limi",X,STK,8.18,9,8.18,8.18,8.18,9.7,33,7586,63209,
511473,"INDBANK MERCHANT BANKING SERVI",B,STK,30,31.38,30,30.8,30.8,30.49,44,2895,90396,
511493,"SHRYDUS INDUSTRIES LIMITED",X,STK,3.07,3.1,2.87,2.94,3.06,3.03,59,28598,83622,
511501,"Bharat Bhushan Finance & Commo",X,STK,21.4,21.4,19.5,20.99,20.99,20.17,69,4915,98880,
511505,"CAPITAL TRUST LTD.",T,STK,11.89,11.89,11.22,11.75,11.75,11.54,9,1534,17988,
511507,"USHAKIRAN FINANCE LTD.",X,STK,47.5,52.5,47.5,51.68,51,50,12,1124,53849,
511509,"VIVO BIO TECH LTD.",X,STK,25.8,25.8,23.67,24.69,24.23,23.66,133,20851,511882,
511523,"VEERHEALTH CARE LIMITED",X,STK,20.09,20.1,19.88,19.99,19.99,20,56,56585,1129900,
511525,"PAN INDIA CORPORATION LTD.",X,STK,1.56,1.67,1.56,1.64,1.65,1.6,127,31986,52503,
511533,"SAHARA HOUSINGFINA CORPORATION",X,STK,36.03,37.98,36.03,36.42,36.41,36.07,15,831,30470,
511535,"NDA SECURITIES LTD.",XT,STK,38.01,41.4,38,38.51,38.55,39.71,17,2429,93566,
511539,"Supra Trends Limited",XT,STK,14.5,14.65,13.3,13.68,14.45,14,8,1051,14404,
511543,"GSB FINANCE LTD.",X,STK,32.2,32.22,32,32.22,32.22,32.5,4,4554,145728,
511549,"MORARKA FINANCE LTD.",X,STK,47.55,47.56,45.25,45.25,45.25,47.79,39,1415,64480,
511551,"Monarch Networth Capital Limit",B,STK,262.3,270.9,262.3,265.85,265.85,265.8,42,1044,278375,
511557,"PRO FIN CAPITAL SERVICES LTD.",X,STK,3.37,3.48,3.24,3.3,3.48,3.41,599,3499667,11474275,
511559,"TEAM INDIA GUARANTY LIMITED",B,STK,252.6,259.75,252.6,259.75,259.75,252.6,4,26,6606,
511563,"SANCHAY FINVEST LTD.",Z,STK,39,39,39,39,39,37.15,6,93,3627,
511571,"Crescentis Capital Limited",X,STK,116,123.75,112.2,117.95,123.4,116.65,18,989,115264,
511577,"Mantra Capital Limited",X,STK,14.74,14.74,13.2,13.2,13.2,14.74,3,10,139,
511585,"BEFOUND MOVEMENT LIMITED",X,STK,2.85,2.85,2.8,2.8,2.8,2.85,7,188,534,
511589,"AVONMORE CAPITAL & MANAGEMENT",B,STK,12.17,12.27,11.46,12.27,12.27,11.96,71,8925,105179,
511593,"LIBORD FINANCE LTD",X,STK,18.39,18.39,17.52,17.52,17.52,17.56,3,3,53,
511601,"YASH MANAGEMENT & SATELLITE LT",X,STK,8.21,8.25,7.26,7.68,8,8.17,26,4514,35445,
511605,"ARIHANT CAPITAL MARKETS LTD.",B,STK,70.9,70.9,68.5,69.73,69.47,69.27,102,6131,423709,
511609,"ISL CONSULTING LTD.",X,STK,29.6,29.61,29.6,29.6,29.61,29.62,2,400,11841,
511611,"DCM FINANCIAL SERVICES LTD.",T,STK,8.5,8.59,7.79,7.79,7.79,8.19,200,99550,834172,
511626,"RR FINANCIAL CONSULTANTS LTD.",X,STK,81,85,78.75,82.85,82.85,82.89,59,1267,102888,
511628,"FEDDERS HOLDING LIMITED",B,STK,36.16,38,33.65,37.15,37.11,36.58,1108,563136,20658796,
511630,"SAMBHAAV MEDIA LTD.",B,STK,6.09,6.24,5.93,5.98,5.98,5.95,22,20198,120829,
511636,"DJS STOCK & SHARES LTD.",X,STK,2.06,2.17,2.06,2.12,2.13,2.16,49,7856,16531,
511644,"OMEGA INTERACTIVE TECHNOLOGIES",XT,STK,62,62,57,58.64,58.98,59.18,90,4430,262875,
511654,"SUGAL & DAMANI SHARE BROKERS L",X,STK,59.3,59.3,58.8,58.83,58.8,58.72,9,160,9433,
511658,"NETTLINX LTD.",X,STK,17.2,17.2,16.6,16.8,16.8,16.83,28,38040,643962,
511664,"BGIL FILMS & TECHNOLOGIES LTD.",X,STK,10.45,10.74,9.88,10.35,10.5,10.39,123,62376,631128,
511672,"Scan Steels Limited",X,STK,29.29,29.29,27.1,27.39,27.39,27.89,185,28764,805153,
511676,"GIC HOUSING FINANCE LTD.",B,STK,139.85,145.25,138.35,144.55,144.55,139,100,8072,1154912,
511692,"AJCON GLOBAL SERVICES LTD.",X,STK,6.05,6.22,5.7,5.83,5.83,5.94,44,22752,130842,
511700,"STANDARD CAPITAL MARKETS LTD.",X,STK,0.54,0.55,0.54,0.54,0.54,0.56,624,2113075,1141114,
511702,"YOGI LIMITED",X,STK,165,165,159,159.35,163.95,169.95,31,15562,2550307,
511710,"CUBICAL FINANCIAL SERVICES LTD",X,STK,2.06,2.06,2,2.01,2.01,2.07,37,14194,28649,
511712,"RELIC TECHNOLOGIES LTD.",X,STK,74.99,75,70.3,71.71,71.71,74.99,10,1095,77889,
511714,"NIMBUS PROJECTS LTD.",X,STK,189,199,182.2,195.9,195.9,191.35,75,8968,1715019,
511716,"Invigorated Business Consultin",X,STK,5,5.61,5,5.61,5.61,5.1,8,2291,12018,
511724,"BAID FINSERV LIMITED",B,STK,12,12,10.74,10.99,10.99,10.94,17,5052,54523,
511726,"VIPUL LTD.",T,STK,11.57,11.6,11.57,11.57,11.57,11.8,10,3590,41641,
511728,"K.Z.LEASING & FINANCE LTD.",X,STK,20,20,19.98,19.98,19.98,19.1,3,14,279,
511738,"MEHTA SECURITIES LTD.",X,STK,34.2,34.2,34.2,34.2,34.2,34.2,3,4001,136834,
511740,"RUPAREL FOOD PRODUCTS LIMITED",X,STK,120.95,120.95,120.95,120.95,120.95,127.3,2,273,33019,
511742,"UGRO CAPITAL LIMITED",B,STK,88.05,88.15,83.15,86.7,87.1,88.05,645,45479,3902181,
511754,"SHALIBHADRA FINANCE LTD.",X,STK,93.5,93.5,87.5,89.78,91.8,93.49,62,7738,705382,
511756,"ABIRAMI FINANCIAL SERVICES (IN",Z,STK,37.04,37.04,35.95,35.95,35.95,35.28,4,4,146,
511764,"Aastamangalam Finance Limited",X,STK,44,44,35.2,36.02,36.94,37.35,19,598,21558,
511766,"MUTHOOT CAPITAL SERVICES LTD.",B,STK,193,199.95,190.75,198.65,198.85,194.3,100,1652,327455,
511768,"MASTER TRUST LTD.",B,STK,70,70.99,69.59,69.76,69.59,70.39,90,3556,249067,
512008,"EFC (I) LIMITED",B,STK,209.65,209.65,193,196.3,194.1,199.65,487,52348,10371183,
512014,"SOBHAGYA MERCHANTILE LTD.",X,STK,755,755,743.85,743.85,743.85,734.95,8,52,38962,
512018,"TOMORROW TECHNOLOGIES GLOBAL I",X,STK,8.2,8.65,8.2,8.37,8.3,8.45,52,93155,788686,
512020,"SARASWATI COMMERCIAL (INDIA) L",B,STK,9600,10000,9600,9733.35,9650,9849.35,19,29,284466,
512025,"BANGANGA PAPER INDUSTRIES LIMI",X,STK,44.58,47.65,41.1,46.89,46.89,44.54,556,143521,6501010,
512036,"SKYBIOTECH HEALTHCARE LIMITED",X,STK,150,150,150,150,150,150.9,1,3,450,
512038,"TCC CONCEPT LIMITED",B,STK,376.2,379,365.85,370.75,370.2,371.35,155,2579,954027,
512047,"ROYAL INDIA CORPORATION LIMITE",X,STK,4.73,4.73,4.73,4.73,4.73,4.51,44,92208,436143,
512048,"DHANSAFAL FINSERVE LIMITED",X,STK,3,3.09,2.91,3.01,2.94,2.94,99,135216,407090,
512062,"SANMITRA COMMERCIAL LTD.",XT,STK,45.02,45.02,45.02,45.02,45.02,42.88,1,50,2251,
512065,"MRUGESH TRADING LTD.",XT,STK,15.28,15.28,15.28,15.28,15.28,14.99,1,108,1650,
512068,"DECCAN GOLD MINES LTD.",B,STK,94.35,102.5,93.15,99.2,99.2,92.85,9751,1096090,108537564,
512070,"UPL LIMITED",A,STK,609.2,618,609.2,616.05,614.55,608.65,596,15946,9804609,
512093,"CRANES SOFTWARE INTERNATIONAL",Z,STK,4.06,4.2,3.82,3.82,3.82,4.02,71,41471,158944,
512097,"SAIANAND COMMERCIAL LIMITED",X,STK,0.26,0.26,0.25,0.26,0.25,0.25,111,298145,75525,
512103,"NIDHI GRANITES LTD.",X,STK,270,287,266.55,270,270,285,16,175,47111,
512109,"AVIVA INDUSTRIES LTD.",X,STK,61.81,61.81,61.81,61.81,61.81,63.07,5,156,9642,
512115,"ROSE MERC.LTD.",X,STK,60.11,69.79,60.11,66.76,68.75,63,58,1630,107247,
512131,"SIGNET INDUSTRIES LIMITED",B,STK,43.79,45.75,40.05,45.75,45.75,44,34,2310,98486,
512149,"AVANCE TECHNOLOGIES LTD.",XT,STK,0.94,0.98,0.93,0.98,0.98,0.94,3056,6300048,6009416,
512161,"SECUREKLOUD TECHNOLOGIES LIMIT",B,STK,22.49,22.49,20.2,21.22,21.2,21.1,99,34936,728456,
512165,"ABANS ENTERPRISES LTD",X,STK,22.11,23.4,21.99,22,22,22.78,70,10475,237018,
512175,"VAMA INDUSTRIES LTD.",X,STK,3.4,3.63,3.23,3.33,3.23,3.37,95,41331,141411,
512179,"SUNTECK REALTY LTD.",A,STK,307,320,306.25,314,312.6,306.25,358,72511,22780215,
512197,"SILVER OAK COMMERCIAL LTD.",Z,STK,4.34,4.34,4.14,4.17,4.17,4.35,17,1386,5939,
512217,"PRISM MEDICO AND PHARMACY LTD.",X,STK,28.48,28.48,25.96,26.53,26.53,27.32,114,48421,1303607,
512229,"VERITAS (INDIA) LTD.",XT,STK,158.55,161,158.35,158.35,158.35,161.55,128,11530,1830361,
512237,"JAI CORP LTD.",B,STK,96.55,98.7,96.05,97.95,97.45,96.4,347,12733,1244018,
512247,"ASHIRWAD CAPITAL LTD.",X,STK,2.51,2.64,2.51,2.59,2.56,2.62,205,33192,85187,
512257,"SWASTI VINAYAKA ART AND HERITA",X,STK,3.71,3.71,3.42,3.5,3.52,3.46,73,8539,29895,
512267,"MEDIA MATRIX WORLDWIDE LTD.",B,STK,8.9,9.5,8.9,9.25,9.25,9.13,178,24617,227988,
512277,"AUTORIDERS INTERNATIONAL LTD.",XT,STK,378.9,378.9,350.05,353.4,366,361,56,599,214758,
512296,"BHAGYANAGAR INDIA LTD.",B,STK,144.3,148.4,143.7,148.1,147,144.2,188,6586,956252,
512297,"Shantai Industries Limited",XT,STK,48.46,48.46,48.46,48.46,48.46,47.51,12,5093,246806,
512301,"CHAMBAL BREWERIES & DISTILLERI",XT,STK,32.97,33.05,32.2,33.05,33.05,31.48,134,51716,1704027,
512329,"SG MART LIMITED",B,STK,426.85,439.4,426.8,435.95,436.2,437.9,397,11949,5187244,
512344,"ARAVALI SECURITIES & FINANCE L",XT,STK,5.97,5.97,5.97,5.97,5.97,6,2,5,29,
512345,"YASH TRADING & FINANCE LTD.",XT,STK,169.8,169.8,169.8,169.8,169.8,178.7,4,17,2886,
512361,"CUPID BREWERIES AND DISTILLERI",X,STK,26.75,26.75,24.5,25.46,25.46,25.63,440,172379,4354937,
512379,"CRESSANDA RAILWAY SOLUTIONS LI",X,STK,2.21,2.25,2.17,2.21,2.21,2.2,699,398854,878911,
512381,"STARTECK FINANCE LIMITED",B,STK,250.5,253.3,250.1,250.1,250.1,252.05,32,3221,812127,
512393,"SHARDUL SECURITIES LTD.",X,STK,27.99,27.99,25.12,25.35,26.5,25.48,40,2008,53727,
512399,"SERA INVESTMENTS & FINANCE IND",X,STK,34.4,35.5,34.4,35.22,35.4,35.25,56,7618,268130,
512415,"MERCURY TRADE LINKS LTD.",X,STK,5.67,5.68,5.53,5.57,5.63,5.54,99,58257,325439,
512437,"APOLLO FINVEST (INDIA) LTD.",X,STK,371.7,371.75,360,360.3,360,371.7,15,209,76815,
512441,"Enbee Trade &amp; Finance Ltd",X,STK,0.38,0.45,0.37,0.45,0.45,0.38,932,18105892,7692018,
512443,"Ganon Products Limited",X,STK,16.69,16.84,15.62,16.17,16.19,16.39,218,93974,1531066,
512453,"SHRI JAGDAMBA POLYMERS LTD.",X,STK,600,600,580.05,598.7,599,593.1,26,420,250141,
512455,"LLOYDS METALS AND ENERGY LTD.",A,STK,1149.1,1241.75,1149.1,1236.4,1236.4,1147.1,3160,73603,88847058,
512463,"LLOYDS ENTERPRISES LIMITED",A,STK,46.23,46.68,44.45,45.54,45.54,45.8,915,322828,14550742,
512477,"BETEX INDIA LTD.",XT,STK,358.15,365,358.15,365,365,377,6,212,77359,
512489,"OASIS SECURITIES LTD.",X,STK,13.5,13.5,12.3,12.3,12.3,12.94,73,32062,401441,
512493,"GARNET INTERNATIONAL LTD.",XT,STK,60,60,57.44,58.93,58.93,59.58,64,2871,168862,
512499,"SHALIMAR PRODUCTIONS LTD.",X,STK,0.49,0.49,0.49,0.49,0.49,0.49,89,21758,10661,
512519,"DONEAR INDUSTRIES LTD.",B,STK,84.4,85,84.15,85,85,83.48,4,76,6444,
512527,"SUPER SALES INDIA LTD.",X,STK,603.1,630,603.1,609.95,610.1,602.5,43,4693,2852915,
512529,"VIYASH SCIENTIFIC LIMITED",B,STK,195,196,190.7,191.8,191,195,615,35052,6744254,
512531,"STATE TRADING CORPORATION OF I",B,STK,102.1,102.15,100,101.05,101.05,102.1,47,1296,131019,
512553,"ZENITH EXPORTS LTD.",B,STK,188.55,188.55,188.45,188.5,188.5,179.6,4,61,11498,
512559,"KOHINOOR FOODS LTD.",B,STK,23.24,23.52,22.24,22.66,22.66,22.8,119,3433,77507,
512573,"AVANTI FEEDS LTD.",A,STK,1213.8,1262,1201.25,1246.55,1243,1213.75,2338,36818,45418462,
512587,"ZODIAC-JRD-MKJ LTD.",X,STK,34.79,37,32.01,32.62,32.62,34.48,206,17358,581930,
512589,"SITA ENTERPRISES LTD.",X,STK,170,170,151.5,156.45,156.45,161.95,21,540,86619,
512591,"PULSAR INTERNATIONAL LTD.",XT,STK,0.98,0.98,0.97,0.98,0.98,0.94,2982,35769896,35044045,
512595,"Manbro Industries Limited",XT,STK,857.9,857.9,813,827.9,830,841,91,1612,1360821,
512597,"KEYNOTE FINANCIAL SERVICES LIM",B,STK,255,268.75,248.9,262.2,263,256.95,15,77,19847,
512599,"ADANI ENTERPRISES LTD.",A,STK,1996.85,1996.85,1945,1975.3,1975.3,1975.6,3783,42696,84076366,
512600,"ASTAL LABORATORIES LIMITED",X,STK,74.94,74.94,71.01,73.64,74,72.2,99,4960,363395,
512604,"HARIA EXPORTS LTD.",X,STK,6.64,6.73,6.64,6.72,6.72,6.51,9,169,1135,
512608,"BHANDARI HOSIERY EXPORTS LTD.",B,STK,2.6,2.6,2.45,2.5,2.49,2.57,382,473009,1191603,
512618,"RLF LTD.",X,STK,11.99,11.99,10.51,10.51,10.51,12.35,8,1161,12913,
512624,"Regent Enterprises Limited",X,STK,5.42,5.82,5.42,5.72,5.51,5.65,119,11266,64332,
512626,"ORBIT EXPORTS LTD.",B,STK,152,154,150.65,151.5,151,156.7,35,1139,173760,
512634,"SAVERA INDUSTRIES LTD.",X,STK,168,171.7,163,171.1,171,166.6,128,62623,10675702,
513005,"Chrome Silicon Limited",X,STK,45.99,45.99,40,41.88,41.88,41,31,1850,79799,
513023,"NAVA LIMITED",A,STK,530.05,553.05,530.05,550.1,550.95,538.1,499,7073,3857225,
513043,"REMI EDELSTAHL TUBULARS LIMITE",X,STK,138.3,138.6,132.55,136.35,137.9,138.6,15,1390,186911,
513059,"G.S.AUTO INTERNATIONAL LTD.",X,STK,31.3,33,30.05,30.21,30.5,31.3,73,4198,132082,
513063,"TRANS-FREIGHT CONTAINERS LTD.",X,STK,19.6,21,19.6,19.83,19.8,20.34,9,5007,98527,
513097,"SHIVALIK BIMETAL CONTROLS LTD.",B,STK,413.05,422.35,413.05,417.2,419,414.75,136,6741,2812203,
513108,"GANDHI SPECIAL TUBES LTD.",B,STK,811.15,839,801,811.3,805,814.1,68,357,293062,
513117,"AMFORGE INDUSTRIES LTD.",X,STK,6.59,6.59,6.3,6.53,6.55,6.27,27,6627,42607,
513121,"ORICON ENTERPRISES LTD.",B,STK,66,70,65.3,67.75,67.74,66.15,88,4414,297250,
513149,"ACROW INDIA LTD.",X,STK,693,693,693,693,693,729,2,36,24948,
513173,"STEEL STRIPS INFRASTRUCTURES L",X,STK,22.57,22.57,19.49,19.81,20.42,19.74,45,1574,31963,
513228,"PENNAR INDUSTRIES LTD.",B,STK,144.5,144.5,137.6,141.5,142.85,141.5,471,29268,4095958,
513250,"JYOTI STRUCTURES LTD.",A,STK,10.5,10.74,10.39,10.5,10.44,10.5,1024,965175,10172344,
513252,"JAY USHIN LTD.",X,STK,786.75,786.75,758.05,776,776,771.3,10,68,52078,
513262,"STEEL STRIPS WHEELS LTD.",B,STK,179.1,183.9,178.1,180.45,183.9,179.15,190,4525,816042,
513269,"MAN INDUSTRIES (INDIA) LTD.",B,STK,408.85,408.85,390.05,396.6,397,396.35,323,6064,2389370,
513295,"IMEC SERVICES LIMITED",X,STK,172.75,172.75,161.5,162.2,168,169.95,104,2080,342547,
513303,"MODERN STEELS LTD.",X,STK,11.93,13.39,11.93,13.23,13.22,11.98,17,1040,12853,
513307,"SYNTHIKO FOILS LTD.",XT,STK,1890,2000,1890,1970,1970,1911,37,493,979252,
513309,"Golkonda Aluminium Extrusions",X,STK,7.38,7.43,7.01,7.1,7.1,7.15,29,1732,12652,
513337,"GUJARAT TOOLROOM LTD.",B,STK,0.52,0.53,0.51,0.51,0.52,0.52,1077,2983567,1539573,
513349,"AJMERA REALTY & INFRA INDIA LT",B,STK,114.4,116,113.2,113.9,114,114.4,261,18597,2129266,
513353,"COCHIN MINERALS & RUTILE LTD.",X,STK,225.8,225.85,215.6,217.55,217.55,220.55,203,6527,1433570,
513361,"India Homes Limited",X,STK,14.8,14.82,14.21,14.42,14.42,14.8,478,205817,2980358,
513369,"KRISHANVEER FORGE LIMITED",X,STK,123.7,123.95,115.7,117.1,122.4,123.7,11,421,51287,
513375,"CARBORUNDUM UNIVERSAL LTD.",A,STK,755.75,764,745.1,752.95,753.95,758.05,406,5210,3917405,
513377,"MMTC LTD.",A,STK,52.51,53.5,52.43,53.18,53.04,52.51,492,40087,2124008,
513397,"VALLABH STEELS LTD.",X,STK,12.69,13.32,12.69,13.14,13.14,12.69,7,93,1215,
513418,"SMITHS & FOUNDERS (INDIA) LIMI",X,STK,4.59,4.73,4.37,4.38,4.38,4.58,115,110275,484912,
513422,"BLOOM INDUSTRIES LTD.",X,STK,29.1,31,29.02,31,31,29.1,7,604,17632,
513436,"SHAH ALLOYS LTD.",B,STK,57.01,60.8,57,60.8,60.8,58.88,9,108,6160,
513452,"ELANGO INDUSTRIES LTD.",X,STK,9.05,9.05,9.05,9.05,9.05,9.51,1,1,9,
513456,"KANISHK STEEL INDUSTRIES LTD.",X,STK,52.39,54,50,50.81,50.54,49.9,135,24862,1279148,
513460,"MAHALAXMI SEAMLESS LTD.",Z,STK,9.42,9.42,8.54,8.54,8.54,8.98,4,8,69,
513472,"SIMPLEX CASTINGS LTD.",X,STK,443.2,493.95,441.5,476.55,476.55,433.6,262,112344,50787926,
513488,"SHREE STEEL WIRE ROPES LTD.",X,STK,18.7,18.7,17.1,18.45,18.45,17,18,197,3604,
513496,"SIZEMASTERS TECHNOLOGY LIMITED",XT,STK,284.75,294,284.75,294,294,280,22,606,175907,
513498,"SOUTHERN MAGNESIUM & CHEMICALS",X,STK,71,71.35,68.8,70.17,68.8,70,25,1722,119788,
513502,"BARODA EXTRUSION LTD.",XT,STK,8.11,8.27,7.9,8.11,8.1,8.03,152,66233,533606,
513509,"KALYANI FORGE LTD.",B,STK,557.55,571,557.55,571,571,553.5,8,64,35750,
513511,"PANCHMAHAL STEEL LTD.",X,STK,314.95,315,314.95,315,315,310.55,2,10,3149,
513513,"ADITYA ISPAT LTD.",X,STK,10.25,10.25,9.81,9.81,9.81,10.3,12,347,3480,
513517,"STEELCAST LTD.",B,STK,216.95,220.7,216.45,217.5,216.45,216.35,111,617,134217,
513519,"PITTI ENGINEERING LIMITED",B,STK,772.2,791.05,769.05,772.1,770.7,776.65,172,2441,1904255,
513528,"GLITTEK GRANITES LTD.",XT,STK,46.55,49.85,45.11,45.11,45.11,47.48,528,248994,11461452,
513532,"PRADEEP METALS LTD.",X,STK,327.95,332.3,327.5,329,329,327.35,88,1726,567918,
513536,"GUJARAT NATURAL RESOURCES LIMI",X,STK,88.55,91,88.55,90.8,90.5,90.25,399,32750,2944643,
513540,"TAMILNADU STEEL TUBES LTD.",P,STK,22.35,22.35,22.35,22.35,22.35,22.35,1,300,6705,
513548,"SHARDA ISPAT LTD.",X,STK,166,166,150,163.55,164,146.6,35,1302,207468,
513554,"MAHAMAYA STEEL INDUSTRIES LTD.",B,STK,951.2,951.2,849,868.8,868.8,942.9,88,1254,1136220,
513566,"NOVA IRON & STEEL LTD.",X,STK,12.04,12.89,11.81,12,12,11.8,14,3912,47129,
513575,"STERLING POWERGENSYS LTD",X,STK,22.2,22.2,19.55,19.81,19.99,20,76,5641,117769,
513599,"HINDUSTAN COPPER LTD.",A,STK,479.2,495,461.6,493.1,493.1,477.65,26164,1537177,741672236,
513629,"TULSYAN NEC LTD.",X,STK,20.49,20.83,20.49,20.83,20.83,19.84,17,7926,165088,
513642,"AXEL POLYMERS LTD.",X,STK,44.26,45.01,42.35,42.5,42.5,45.05,19,3919,172190,
513683,"NLC India Limited",A,STK,258.95,265,256.7,262.25,262.3,256.95,827,31612,8284528,
513687,"SPECTRA INDUSTRIES LTD.",Z,STK,4.77,4.77,4.77,4.77,4.77,4.73,4,27,128,
513693,"KIC METALIKS LTD.",X,STK,26.77,26.99,26.2,26.71,26.42,26.9,24,3318,88605,
513699,"SOLID STONE COMPANY LTD.",X,STK,25.29,25.29,23.55,25.13,25.14,25.33,23,249,6149,
513709,"SHILP GRAVURES LTD.",X,STK,157.5,166.8,152.5,162.9,162,157.35,106,22327,3587622,
513713,"White Organic Agro Limited",X,STK,3.64,3.95,3.52,3.84,3.94,3.56,65,29129,108904,
513721,"MFS INTERCORP LTD.",XT,STK,15.35,15.35,15.35,15.35,15.35,16.15,2,25,383,
513729,"ARO GRANITE INDUSTRIES LTD.",B,STK,23.03,23.03,23,23,23,23.15,3,15,345,
514010,"RUDRA ECOVATION LIMITED",X,STK,18.49,19.51,17.26,18.52,18.52,18.03,243,330143,6126001,
514028,"RAJKAMAL SYNTHETICS LTD.",X,STK,37.5,37.5,34.5,36,36,34.5,10,415,14632,
514030,"DEEPAK SPINNERS LTD.",X,STK,105.2,105.8,101.3,104.2,104.95,106.8,63,3464,359641,
514043,"HIMATSINGKA SEIDE LTD.",B,STK,81.46,82.65,79.5,80.24,80.3,81.46,449,37928,3068810,
514045,"BSL LTD.",B,STK,126.9,126.9,121.85,122.85,125.7,121,18,858,106315,
514060,"NEWTRAC FOODS & BEVERAGES LIMI",X,STK,4.7,4.84,4.21,4.44,4.21,4.47,69,12023,54542,
514087,"PBM POLYTEX LTD.",X,STK,53.51,54,52.1,52.57,52.1,53.5,16,404,21580,
514113,"ADINATH TEXTILES LTD.",XT,STK,16.61,18.33,16.6,16.61,16.61,17.46,16,1319,21898,
514138,"SURYALATA SPINNING MILLS LTD.",X,STK,315.05,318,311.1,316.5,318,310.55,34,3276,1031969,
514142,"T T LTD.",T,STK,8.79,8.9,8.32,8.45,8.45,8.69,30,10547,89262,
514162,"WELSPUN LIVING LIMITED",A,STK,110.25,111.95,108.75,109.1,109.5,109.35,949,61290,6751726,
514165,"INDIAN ACRYLICS LTD.",X,STK,4.66,4.84,4.08,4.52,4.5,4.66,213,143001,649040,
514167,"GANESHA ECOSPHERE LTD.",A,STK,849.9,863.25,831.05,846,846,836.05,1669,48407,41210781,
514171,"CEETA INDUSTRIES LTD.",XT,STK,45.5,45.5,42.01,43.92,43.92,43.97,23,217,9402,
514175,"VARDHMAN POLYTEX LTD.",T,STK,7.8,7.8,7.55,7.6,7.55,7.88,85,57413,439112,
514177,"RISHAB SPECIAL YARNS LTD.",XT,STK,53.25,57.99,53.25,53.41,53.25,56.05,5,139,7406,
514183,"BLACK ROSE INDUSTRIES LTD.",X,STK,75.75,76.15,72,73.31,73.31,74.37,414,19690,1453827,
514197,"S&T CORPORATION LTD.",X,STK,4.1,4.1,3.85,4.06,4.07,4.08,34,5406,21651,
514211,"SUMEET INDUSTRIES LTD.",B,STK,30.52,30.52,29.51,29.53,29.51,30.26,132,3215,96291,
514223,"RAMGOPAL POLYTEX LTD.",XT,STK,18.88,19.25,17.94,18.98,19,18.88,36,7272,131534,
514234,"SANGAM (INDIA) LTD.",B,STK,425.65,432.65,422.15,429.4,427.15,432.15,17,263,112921,
514238,"MKVENTURES CAPITAL LIMITED",X,STK,788,824,787.95,819.85,819.85,795.75,42,354,284070,
514240,"Kush Industries Limited",X,STK,5.89,6.09,5.83,6.09,6.09,5.89,28,2044,12166,
514260,"SURBHI INDUSTRIES LTD.",X,STK,47.34,47.34,47.34,47.34,47.34,45.09,1,5,236,
514264,"SEASONS TEXTILES LTD.",X,STK,17.5,19,16,18.7,18.7,17.5,12,489,8209,
514266,"ZENITH FIBRES LTD.",X,STK,48.16,48.16,45,46.88,47.99,48.01,32,3566,163691,
514272,"BHILWARA SPINNERS LTD.",X,STK,105,108,105,108,108,105,8,2152,226005,
514274,"VARVEE GLOBAL LIMITED",B,STK,60.06,60.06,59.1,59.28,59.28,60.22,65,1100,65190,
514280,"SANRHEA TECHNICAL TEXTILES LTD",X,STK,143.5,154,135,149.5,149.5,144.95,15,520,74513,
514286,"ASHIMA LTD.",B,STK,14.57,14.62,14.15,14.47,14.15,14.25,35,4352,62544,
514300,"PIONEER EMBROIDERIES LTD.",B,STK,23.4,23.58,23.4,23.44,23.44,23.1,21,35376,831493,
514302,"VIPPY SPINPRO LTD.",X,STK,148.05,148.05,145.6,145.95,145.6,148.05,9,322,47638,
514316,"RAGHUVIR SYNTHETICS LTD.",X,STK,103.85,113,103.05,112.65,112.85,103.7,70,12104,1279479,
514318,"JATTASHANKAR INDUSTIES LTD.",XT,STK,434,434,434,434,434,419.9,3,25,10850,
514322,"KAMADGIRI FASHION LTD.",X,STK,72.51,75.01,72.51,75.01,75.01,72.51,6,30,2212,
514324,"OMNITEX INDUSTRIES (INDIA) LTD",XT,STK,699.4,718,695.95,702.15,707,705.2,20,263,185462,
514326,"PATSPIN INDIA LTD.",X,STK,6.25,6.7,6.21,6.7,6.7,6.42,42,4418,28559,
514330,"ONE GLOBAL SERVICE PROVIDER LI",X,STK,609.8,609.8,564.75,585.8,585.8,603.95,1138,28835,17064215,
514332,"NEO INFRACON LTD.",X,STK,44.5,44.5,42,43.59,43.8,42.59,8,231,10011,
514336,"GENESIS IBRC INDIA LIMITED",XT,STK,103.9,103.9,99.95,103.3,103.3,99,9,399,40632,
514348,"WINSOME YARNS LTD.",Z,STK,1.75,1.75,1.75,1.75,1.75,1.72,1,1,1,
514354,"PREMIER POLYFILM LTD.",B,STK,61.45,61.71,59.76,60.32,60,61.41,189,29315,1788841,
514358,"EVERLON FINANCIALS LIMITED",X,STK,101,101,95.49,95.49,95.49,93.5,2,5,482,
514360,"K&R RAIL ENGINEERING LIMITED",X,STK,23.02,23.5,22.18,23.13,23.15,23.02,472,72785,1686136,
514378,"YARN SYNDICATE LTD.",X,STK,12.17,12.25,12.16,12.25,12.25,12.12,7,165,2012,
514386,"GUJARAT COTEX LTD.",X,STK,8.7,9.1,8.5,8.97,8.84,8.66,231,71743,632127,
514402,"ECO HOTELS AND RESORTS LIMITED",X,STK,11.45,11.83,11.45,11.66,11.65,11.37,58,45056,523506,
514412,"SARUP INDUSTRIES LTD.",XT,STK,145.35,152.9,145.35,145.35,145.35,153,4,134,19484,
514414,"OXFORD INDUSTRIES LTD.",XT,STK,10.83,10.83,10.83,10.83,10.83,10.62,3,454,4916,
514418,"MANGALAM ORGANICS LIMITED",B,STK,395.95,403.95,395,403.95,403.95,395.9,9,174,68903,
514428,"HINDUSTAN ADHESIVES LTD.",X,STK,290,299,280,295,298.5,283,70,1981,572940,
514440,"Blue Pearl Agriventures Limite",B,STK,36.32,36.32,35.21,35.21,35.21,37.06,58,1812,64027,
514442,"SRI KPR INDUSTRIES LTD.",X,STK,17.1,19,17.1,18.59,18.9,17.56,33,12209,219852,
514448,"JYOTI RESINS & ADHESIVES LTD.",B,STK,785.95,805,775,780.05,780.05,785.45,1155,17212,13562663,
514454,"SOUTHERN LATEX LTD.",X,STK,26.6,28.49,26.6,28.04,28.49,27.39,20,531,14843,
514470,"WINSOME TEXTILE INDUSTRIES LTD",B,STK,66.8,69.49,65.3,67.09,66.9,66.79,114,16242,1086550,
515008,"MODERN INSULATORS LTD.",X,STK,223.4,224.25,212.6,218.6,218.6,223.4,711,46291,10069736,
515018,"REGENCY CERAMICS LTD.",B,STK,41.63,41.63,39.95,39.95,39.95,41.9,5,50,2064,
515030,"ASAHI INDIA GLASS LTD.",A,STK,840.5,857.35,833.55,840.5,846.35,840.45,413,2021,1703710,
515037,"MURUDESHWAR CERAMICS LTD.",B,STK,31.63,31.63,29.21,30.02,30.02,29.55,62,6818,204144,
515043,"SAINT-GOBAIN SEKURIT INDIA LTD",B,STK,92.94,94.3,91.3,92.65,92.65,92.25,258,24685,2288685,
515055,"ANANT RAJ LIMITED",A,STK,444.35,450.8,435.4,448.8,448.8,442.6,5728,223119,99118291,
515059,"MADHUSUDAN INDUSTRIES LTD.",X,STK,32,32.4,31.99,32.3,32.3,30.04,19,3242,104680,
515085,"RESTILE CERAMICS LTD.",X,STK,6.19,6.38,6.19,6.29,6.29,6.08,23,961,6012,
515093,"MADHAV MARBLES & GRANITES LTD.",B,STK,33.68,33.68,33.65,33.65,33.65,35.89,4,20000,673200,
515147,"HALDYN GLASS LTD",X,STK,80.01,84,78,79.2,79.2,79.35,316,65056,5234003,
516003,"DUROPLY INDUSTRIES LIMITED",X,STK,123,130,123,123.95,123.1,126.8,43,8984,1114381,
516016,"SHREYANS INDUSTRIES LTD.",B,STK,140,142,134.95,136,135.55,140,34,842,114822,
516020,"AGIO PAPER & INDUSTRIES LTD.",X,STK,3.77,3.8,3.77,3.77,3.77,3.96,7,325,1228,
516022,"STAR PAPER MILLS LTD.",B,STK,131.4,132.2,127.05,128.45,128.45,131.4,31,695,90907,
516030,"PAKKA LIMITED",B,STK,76.43,82.12,75.75,80.77,80.72,76.21,158,8487,674386,
516032,"TAHMAR ENTERPRISES LIMITED",X,STK,6.26,6.45,6.11,6.39,6.45,6.14,59,5284,33665,
516038,"KS Smart Technologies Limited",XT,STK,183.95,203.25,183.95,201.75,203.25,193.6,38,5162,1040877,
516062,"NATIONAL PLYWOOD INDUSTRIES LT",Z,STK,5.44,5.44,5.44,5.44,5.44,5.55,5,730,3971,
516064,"Arrow Greentech Limited",B,STK,345.25,370.9,345.15,366.8,366.2,347.15,193,1433,513653,
516072,"VISHNU CHEMICALS LTD.",B,STK,505,512.4,499.1,509.15,507.7,506.9,54,696,350408,
516078,"JUMBO BAG LTD.",X,STK,55.05,59.73,55.05,56.04,59,58.2,23,1522,86246,
516082,"N.R.AGARWAL INDUSTRIES LTD.",B,STK,398.1,419.35,398.1,419.35,419.35,398.45,18,105,42454,
516092,"3P LAND HOLDINGS LTD.",B,STK,28.5,30,28.5,30,30,29,14,4557,130294,
516098,"VENTURA TEXTILES LTD.",X,STK,6.76,7.3,6.76,7.06,7.06,7.44,32,4039,28494,
516106,"SHREE KARTHIK PAPERS LTD.",X,STK,6.33,6.33,5.96,5.96,5.96,6.34,7,286,1715,
516108,"SOUTH INDIA PAPER MILLS LTD.",X,STK,86,88,86,87.71,88,86,16,2784,241354,
516110,"FAMILY CARE HOSPITALS LIMITED",X,STK,2.86,2.98,2.72,2.88,2.88,2.79,178,67620,194416,
517015,"VINDHYA TELELINKS LTD.",B,STK,1074.5,1115,1074.5,1090.3,1077,1074.4,49,882,971444,
517035,"RIR POWER ELECTRONICS LIMITED",B,STK,150.4,154.95,148,151.2,151.2,149.7,1385,84236,12781642,
517041,"ADOR WELDING LTD.",B,STK,941,963,915.1,944.5,937,943.1,224,2387,2217917,
517059,"SALZER ELECTRONICS LTD.",B,STK,542,557.05,542,544.6,544.4,545,148,3526,1927392,
517063,"JETKING INFOTRAIN LTD.",X,STK,117.25,119,113,116.85,116.95,117.35,86,4573,530568,
517077,"IND-AGIV COMMERCE LTD.",X,STK,42,42,38.19,38.19,38.19,40.19,2,3,122,
517096,"APLAB LTD.",X,STK,72.99,73,66.58,71.97,73,70.51,39,3659,257017,
517119,"PCS TECHNOLOGY LTD.",X,STK,19.8,19.8,18.12,18.45,18.45,18.5,23,1519,28954,
517146,"USHA MARTIN LTD.",A,STK,397.3,401,392.6,399.5,397.8,397.75,893,16064,6372630,
517166,"SPEL SEMICONDUCTOR LTD.",X,STK,132.55,133.5,130.15,133.05,133,129.95,728,35701,4699339,
517168,"SUBROS LTD.",B,STK,669.15,680.75,668.6,676.45,677.7,669.1,130,903,609027,
517170,"Edvenswa Enterprises Limited",X,STK,22.39,22.99,21.25,21.89,21.25,22.39,124,64935,1434473,
517174,"HONEYWELL AUTOMATION INDIA LTD",A,STK,29499.25,29716.7,29180,29274.5,29251,29277,87,136,3999525,
517201,"SWITCHING TECHNOLOGIES GUNTHER",XT,STK,76.01,79.39,71.86,79,79,75.64,7,1008,72507,
517206,"LUMAX INDUSTRIES LTD.",B,STK,4896.6,5100,4895.2,5036.8,5036.8,4896.55,305,1399,7004773,
517214,"DIGISPICE TECHNOLOGIES LIMITED",B,STK,17.16,17.35,17,17.01,17.05,17.06,34,3872,66659,
517236,"CALCOM VISION LTD.",X,STK,79.3,81,77.01,79.1,79,79.7,45,9250,736157,
517238,"DYNAVISION LTD.",X,STK,161,165,161,165,165,161,7,1421,233873,
517246,"BCC FUBA INDIA LTD.",X,STK,111.9,118,109.45,116.4,117.5,111.9,222,14425,1642672,
517258,"PRECISION ELECTRONICS LTD.",X,STK,138.9,139.25,136.15,137,137,132.65,20,608,84315,
517264,"FINE-LINE CIRCUITS LTD.",X,STK,81.86,82.65,76.24,80.89,82.05,80.25,27,390,31343,
517271,"HBL ENGINEERING LIMITED",A,STK,659.7,669,656.15,664.55,666.9,657.05,2601,79770,52843108,
517273,"S&S POWER SWITCHGEAR LTD.",T,STK,346.5,346.5,346.5,346.5,346.5,353.55,2,4,1386,
517286,"RNIT AI SOLUTIONS LIMITED",XT,STK,51.48,51.48,49.25,50.24,49.81,50.49,218,60057,3031721,
517288,"Gujarat Poly Electronics Limit",X,STK,55.2,55.2,53,53.86,53,54.23,28,860,46693,
517300,"GUJARAT INDUSTRIES POWER CO.LT",B,STK,129.45,131.2,129.45,130.1,130.1,130.65,295,16104,2096310,
517320,"MAGNUS STEEL AND INFRA LIMITED",XT,STK,65.6,65.6,65.6,65.6,65.6,66.93,9,1545,101352,
517334,"Samvardhana Motherson Internat",A,STK,115.45,116.2,113.6,115.95,115.95,113.2,4499,478711,55103911,
517336,"MODERN MALLEABLES LTD.",P,STK,15.52,15.52,15.52,15.52,15.52,14.79,1,100,1552,
517344,"MINDTECK (INDIA) LTD.",B,STK,170,174.45,168.55,171.55,171.05,168.8,157,1621,276551,
517354,"HAVELLS INDIA LTD.",A,STK,1308.6,1321.85,1292.2,1318.25,1318.25,1296.35,5791,46909,61318815,
517356,"ACI INFOCOM LTD.",XT,STK,1.21,1.21,1.15,1.18,1.18,1.19,90,39170,45875,
517360,"SBEC SYSTEMS (INDIA) LTD.",X,STK,19.9,19.9,19.9,19.9,19.9,19.9,1,1,19,
517370,"INCAP LTD.",X,STK,90.4,90.4,85,89.46,90,79.1,44,3591,319380,
517372,"GUJARAT INTRUX LTD.",X,STK,445,445,432.5,434.15,433.7,437.65,61,872,381487,
517380,"IGARASHI MOTORS INDIA LTD.",B,STK,303.55,313,303.55,308.1,307,308.15,79,2788,864681,
517385,"SYMPHONY LIMITED",B,STK,783.9,791,773,786.35,785.75,783.9,397,4672,3672047,
517393,"REGANTO ENTERPRISES LIMITED",Z,STK,7.95,7.95,7.57,7.9,7.9,7.96,284,168863,1308190,
517397,"PAN ELECTRONICS INDIA LTD.",X,STK,31.06,34.32,31.06,33.01,34.31,32.69,34,8761,276315,
517399,"VXL INSTRUMENTS LTD.",XT,STK,3.18,3.3,3,3.3,3.3,3.15,4,179,540,
517411,"SHYAM TELECOM LTD.",B,STK,8.77,9,7.6,7.99,7.99,8.77,31,3935,32464,
517415,"LEE & NEE SOFTWARES (EXPORTS)",XT,STK,7.86,7.86,7.3,7.66,7.75,7.5,68,20134,155469,
517417,"PATELS AIRTEMP (INDIA) LTD.",X,STK,226,227,219,221.75,221.75,223.6,140,6061,1345042,
517421,"BUTTERFLY GANDHIMATHI APPLIANC",B,STK,604,616.25,580.15,585.2,580.15,603.65,235,1255,746615,
517429,"Athena Global Technologies Lim",X,STK,66.65,68.34,65,68.34,68.34,66.65,16,847,56306,
517431,"NARMADA MACPLAST DRIP IRRIGATI",X,STK,15.84,18.79,15.15,18.19,18.59,15.84,771,150718,2584981,
517437,"DUTRON POLYMERS LTD.",X,STK,113.5,113.5,103,103,103,108.3,4,475,48935,
517447,"R.S.SOFTWARE INDIA LTD.",B,STK,27.13,27.89,26.9,26.9,26.9,26.78,82,14446,390022,
517449,"MAGNA ELECTRO CASTINGS LTD.",X,STK,880,903,879.95,882.5,882.5,877.55,28,633,559580,
517467,"MARSONS LIMITED",B,STK,134,139.4,132.05,133.25,133.25,133.65,1307,61631,8381794,
517477,"ELNET TECHNOLOGIES LTD.",X,STK,318.75,328.9,310.1,318.25,317,318,22,1973,643858,
517494,"ACCEL LIMITED",X,STK,11.51,12.75,11.25,11.54,11.6,11.58,107,28898,339790,
517498,"WEBSOL ENERGY SYSTEM LTD.",A,STK,53.85,63.5,53.21,62.29,62.29,53.25,4775,1238514,74806014,
517500,"ROTO PUMPS LTD.",B,STK,56.5,56.7,55.55,56.37,56.3,56.2,264,25452,1431469,
517506,"TTK PRESTIGE LTD.",A,STK,491.75,501.65,481.4,484.5,484.55,491.75,951,18712,9172643,
517514,"D&H INDIA LTD",X,STK,178.5,215.6,178.5,215.6,215.6,179.7,1206,149318,30819711,
517522,"RAJRATAN GLOBAL WIRE LTD.",B,STK,368,378.45,363.35,372.9,371.75,367.15,228,5471,2039781,
517530,"SURANA TELECOM AND POWER LIMIT",B,STK,16.71,17.29,16.71,17.2,17.19,16.88,56,2402,40756,
517536,"ONWARD TECHNOLOGIES LTD.",B,STK,231.1,237.9,229.25,230,231,231.1,67,1884,438273,
517544,"CENTUM ELECTRONICS LTD.",B,STK,2752,2774,2692.15,2747.6,2721.2,2710.15,314,1392,3811981,
517546,"ALFA TRANSFORMERS LTD.",X,STK,46.7,46.7,40.01,44.05,44.49,43.51,345,47450,2053523,
517554,"NHC FOODS LTD.",X,STK,0.73,0.76,0.71,0.74,0.74,0.73,299,474126,348717,
517556,"PVP VENTURES LTD.",B,STK,24.16,26.98,24.16,25.41,25.5,24.53,260,114782,3012994,
517562,"TRIGYN TECHNOLOGIES LTD.",B,STK,45.8,46.58,45.5,46.01,45.5,45.49,39,3780,173797,
517569,"KEI INDUSTRIES LTD.",A,STK,4238.3,4240,4111.2,4212.8,4240,4171.85,1639,6595,27473173,
518011,"KEERTHI INDUSTRIES LTD.",X,STK,53.9,53.9,52.4,52.61,52.99,53.9,10,974,51572,
518053,"Sri Chakra Cement Limited",X,STK,40,40,38.28,38.32,38.32,40.29,45,1630,62507,
518075,"SURAJ PRODUCTS LTD.",Z,STK,216.75,218,205,211.55,213,211.45,85,6153,1319476,
518091,"ANJANI PORTLAND CEMENT LTD.",B,STK,122,122,110.1,114.2,115,115.5,76,1730,200057,
519003,"MODI NATURALS LIMITED",B,STK,287.2,295.4,280,280,280,287.2,28,659,192986,
519014,"PRASHANT INDIA LTD.",XT,STK,13.54,13.54,13.54,13.54,13.54,12.9,1,1,13,
519064,"KHANDELWAL EXTRACTION LTD.",XT,STK,106.3,109,106.25,107,107,111.8,9,121,12866,
519091,"TASTY BITE EATABLES LTD.",B,STK,6885,6934.45,6786.45,6810.4,6810.4,6812,12,66,449813,
519097,"RITESH INTERNATIONAL LTD.",X,STK,58.4,58.4,55,55.13,55,56.34,21,1611,89230,
519105,"AVT NATURAL PRODUCTS LTD.",B,STK,65.9,65.9,57.06,59.41,58.82,58.31,104,5881,345145,
519126,"HINDUSTAN FOODS LTD.",B,STK,469.7,480.5,468.4,478.55,480.5,469.65,98,1312,619266,
519136,"NAHAR INDUSTRIAL ENTERPRISES L",B,STK,90,90.97,89.43,89.48,89.48,90.32,34,618,55458,
519152,"VADILAL ENTERPRISES LTD.",X,STK,10200,10500,9870,9875,9875,9800,16,29,296840,
519156,"VADILAL INDUSTRIES LTD.",B,STK,4490,4667.6,4490,4615.65,4638.25,4604.45,124,532,2450527,
519174,"ASHIANA AGRO INDUSTRIES LTD.",XT,STK,8,8,8,8,8,8.35,2,149,1192,
519183,"ADF FOODS LTD.",B,STK,179.6,183.25,177.4,180.4,181.5,179.55,183,4089,740568,
519191,"Retro Green Revolution Limited",Z,STK,1.33,1.44,1.33,1.34,1.38,1.4,75,35629,48632,
519214,"WILLIAMSON FINANCIAL SERVICES",X,STK,6.52,6.52,6.52,6.52,6.52,6.86,2,27,176,
519216,"AJANTA SOYA LTD.",X,STK,21.38,21.38,20.61,20.79,20.79,20.93,291,51116,1064374,
519224,"WILLIAMSON MAGOR & COMPANY LTD",B,STK,26.76,26.79,25.81,25.81,25.81,26,8,305,8024,
519230,"KISAAN PARIVAR INDUSTRIES LIMI",X,STK,17.99,17.99,15.61,17.57,17.75,15.7,181,7207,120964,
519234,"SUPERIOR INDUSTRIAL ENTERPRISE",X,STK,32.92,32.92,29.5,32,32,32.76,20,23036,744231,
519238,"SAPTARISHI AGRO INDUSTRIES LTD",X,STK,44.75,44.75,40.57,44.32,44.32,42.65,20,1655,71104,
519242,"SARDA PROTEINS LTD.",X,STK,64.6,70,64.6,69.52,69.64,67.99,14,2385,165790,
519260,"SANWARIA CONSUMER LIMITED",Z,STK,0.49,0.49,0.49,0.49,0.49,0.49,59,32454,15902,
519262,"PRIMA AGRO LTD.",X,STK,15.52,15.52,14.1,14.16,14.16,15.22,32,3342,49315,
519285,"TARAI FOODS LTD.",Z,STK,7.25,7.25,6.96,6.96,6.96,7,3,3,21,
519287,"MODERN DAIRIES LTD.",X,STK,31.02,32.4,31.01,32.04,32.2,31.26,49,8776,280039,
519295,"BAMBINO AGRO INDUSTRIES LTD.",X,STK,203,203,195.7,200.6,202.95,203,24,774,154189,
519299,"PRIME INDUSTRIES LTD.",X,STK,40.54,40.54,35.01,35.9,36,36.7,27,1245,44817,
519307,"VIKAS WSP LTD.",Z,STK,1.01,1.03,1,1,1,1.01,58,34717,35066,
519331,"VSF PROJECTS LTD.",X,STK,37.88,37.88,35,36.02,37.69,36.97,31,2972,107436,
519359,"POONA DAL & OIL INDUSTRIES LTD",X,STK,63.41,68.9,62.5,66.98,67.45,63.41,40,2088,140987,
519383,"ANIK INDUSTRIES LTD.",B,STK,41.01,41.01,38.66,39,39,40.28,34,3629,141531,
519397,"SHARAT INDUSTRIES LTD.",X,STK,147,147.95,141.6,146.15,146,145.05,350,138835,20154604,
519421,"KSE LTD.",X,STK,198.95,202.85,189,191.65,190.4,195.05,273,29287,5679737,
519457,"VIRAT CRANE INDUSTRIES LTD.",X,STK,30.88,30.88,28.9,28.9,28.9,29.49,8,135,4009,
519463,"IB INFOTECH ENTERPRISES LTD.",XT,STK,726.8,726.8,726.8,726.8,726.8,741.6,1,10,7268,
519471,"Ambar Protein Industries Limit",X,STK,160,168,160,163.15,160,167,26,1910,310132,
519475,"CHORDIA FOOD PRODUCTS LTD.",X,STK,67.51,74.2,67.51,69,69,70.73,11,820,59957,
519477,"CIAN Agro Ind & Infra Ltd",T,STK,1120,1125,1079.2,1079.2,1079.2,1136,1821,31471,34067771,
519479,"OMEGA AG-SEEDS (PUNJAB) LTD.",X,STK,9,9,8.59,8.59,8.59,9.04,7,459,3943,
519483,"TAI INDUSTRIES LTD.",X,STK,23.5,27.9,22.11,24,24,25.59,48,3162,76056,
519494,"N.K.INDUSTRIES LTD.",B,STK,71.7,71.7,71.7,71.7,71.7,59.9,1,1,71,
519500,"BKV INDUSTRIES LTD.",X,STK,9.32,9.5,8.71,8.76,9.35,9.23,25,6658,60116,
519506,"NCC BLUE WATER PRODUCTS LTD.",P,STK,25.65,25.65,25.65,25.65,25.65,27,13,19700,505305,
519528,"NORBEN TEA & EXPORTS LTD.",T,STK,88.13,88.13,88.13,88.13,88.13,89.92,1,1,88,
519532,"ASIAN TEA & EXPORTS LTD.",X,STK,10.4,10.47,9.48,10.45,10.44,10.28,100,38361,384385,
519552,"HERITAGE FOODS LIMITED",A,STK,309.4,314,307,311.8,310,309.35,431,13877,4318668,
519566,"SIMRAN FARMS LTD.",X,STK,150,150,139.85,150,150,148,19,1205,176266,
519574,"HINDUSTAN AGRIGENETICS LTD.",X,STK,36.51,40.43,36.5,39.32,39,38.27,41,4676,177209,
519600,"CCL PRODUCTS (INDIA) LTD.",A,STK,1054.8,1054.8,1026,1039.5,1042.55,1040.35,384,2626,2727760,
519602,"KELLTON TECH SOLUTIONS LTD.",B,STK,16.4,16.69,16.07,16.44,16.44,16.46,677,114414,1873879,
519604,"SURYO FOODS & INDUSTRIES LTD.",X,STK,18.1,19,18.1,18.51,18.5,19,13,3260,60651,
519606,"INTEGRATED PROTEINS LTD.",XT,STK,55.48,55.48,55,55,55,52.84,21,2916,161546,
519612,"LAKE SHORE REALTY LIMITED",X,STK,69.72,73.1,69.72,73.1,73.1,69.72,5,1042,72773,
520008,"RICO AUTO INDUSTRIES LTD.",B,STK,106.8,109.55,104.9,109.15,109.15,106,1092,94459,10184290,
520021,"OMAX AUTOS LTD.",B,STK,95.35,97.2,94.55,95.5,95.1,94.85,107,2083,200162,
520043,"MUNJAL SHOWA LTD.",B,STK,121.3,122.8,119.25,120.9,120.9,120.1,63,2142,259045,
520051,"JAMNA AUTO INDUSTRIES LTD.",B,STK,117.55,120.4,115.9,119.55,119.55,118.6,878,85572,10075855,
520056,"TVS Holdings Limited",A,STK,13849.7,13911.25,13628.6,13703.25,13652.05,13702.9,128,197,2700110,
520057,"JTEKT India Ltd",B,STK,130.5,130.5,128.2,128.55,128.2,129.7,93,1975,255125,
520059,"MUNJAL AUTO INDUSTRIES LTD.",B,STK,74.92,75.9,74.19,75,75,74.86,53,2515,188555,
520066,"JAY BHARAT MARUTI LTD.",B,STK,85,87.45,84.15,84.95,85,86.25,491,15604,1331356,
520073,"RACL Geartech Limited",B,STK,1272.65,1282.5,1244,1265.05,1244,1279.25,156,1491,1885112,
520075,"SAMKRG PISTONS & RINGS LTD.",X,STK,116.2,116.2,112.25,113.05,113,116,41,2525,287067,
520086,"SICAL LOGISTICS LTD.",T,STK,64,66.65,63.05,66.65,66.65,65.1,42,4218,273355,
520111,"RATNAMANI METALS & TUBES LTD.",A,STK,2332,2428.5,2320.05,2401.75,2379.35,2355.7,440,2066,4958731,
520113,"VESUVIUS INDIA LTD.",A,STK,482.4,488.5,480.75,487.15,483.05,484.85,139,1326,641729,
520119,"AUTOMOTIVE STAMPINGS & ASSEMBL",B,STK,410.1,419.05,409.1,411.7,412.1,410.1,118,1110,461130,
520121,"ARCEE INDUSTRIES LTD.",XT,STK,17.31,17.65,17.31,17.65,17.65,17.31,7,1093,19281,
520123,"ABC INDIA LTD.",X,STK,59.68,59.9,55.55,59.9,59.9,59.66,39,2065,119837,
520127,"BALURGHAT TECHNOLOGIES LTD.",X,STK,12.25,12.7,11.91,11.96,11.97,12.25,24,3489,42974,
520131,"COASTAL ROADWAYS LTD.",P,STK,33.25,33.75,33.25,33.75,33.75,34.99,2,200,6700,
520141,"SIBAR AUTO PARTS LTD.",X,STK,8,8,7.25,7.75,7.75,7.59,22,361,2781,
520151,"TRANSWORLD SHIPPING LINES LIMI",B,STK,127,133.8,125.7,131.1,130.7,125.3,83,1613,213563,
520155,"Starlog Enterprises Limited",X,STK,37.75,38.3,37.02,37.65,37.65,38,55,13804,516472,
521003,"SHIVA SUITINGS LTD.",P,STK,27.74,27.74,27.74,27.74,27.74,26.42,2,200,5548,
521005,"TITAN INTECH LIMITED",X,STK,0.69,0.69,0.66,0.66,0.66,0.69,1279,4547170,3002372,
521014,"EUROTEX INDUSTRIES & EXPORTS L",B,STK,15.18,15.18,13.74,13.74,13.74,14.46,4,6,84,
521016,"INDO COUNT INDUSTRIES LTD.",A,STK,233.8,235,231.7,232.3,231.85,233.75,192,3877,905857,
521018,"MARAL OVERSEAS LTD.",B,STK,38.23,40.2,38.23,39.45,39.5,39.06,26,1906,75067,
521034,"SOMA TEXTILES & INDUSTRIES LTD",T,STK,99.25,99.3,99.25,99.3,99.3,101.25,5,208,20654,
521048,"ADVANCE LIFESTYLES LTD.",X,STK,23.7,23.7,23.5,23.5,23.5,23.79,2,10,236,
521054,"KAKATIYA TEXTILES LTD.",X,STK,8.9,8.9,8.85,8.85,8.85,8.6,5,352,3127,
521062,"PERFECT-OCTAVE MEDIA PROJECTS",X,STK,4.79,4.79,4.79,4.79,4.79,4.79,2,501,2399,
521064,"TRIDENT LTD.",A,STK,22.66,22.67,22,22.1,22.09,22.59,3739,611921,13628840,
521070,"ALOK INDUSTRIES LTD.",A,STK,12.65,12.77,12.55,12.62,12.62,12.64,1145,552516,6978984,
521080,"PASARI SPINNING MILLS LTD.",X,STK,6.18,6.18,6.18,6.18,6.18,6.15,1,10,61,
521097,"AMARJOTHI SPINNING MILLS LTD.",X,STK,136.9,138,129.1,133.1,133.1,128.6,32,1634,222127,
521105,"OLYMPIA INDUSTRIES LTD.",X,STK,30,30,27.65,27.83,29.24,27.53,39,1736,49639,
521109,"NAGREEKA EXPORTS LTD.",B,STK,22.18,22.51,21.82,21.97,21.82,23.8,72,4102,90964,
521113,"SUDITI INDUSTRIES LTD.",X,STK,75.77,83.49,75.77,78.57,78,77.32,51,26003,2015783,
521131,"Shree Bhavya Fabrics Limited",X,STK,24.39,25.74,24.13,25.22,25.63,25.72,15,155,3909,
521137,"EUREKA INDUSTRIES LTD.",X,STK,4.45,4.46,4.11,4.42,4.43,4.32,105,42974,181370,
521141,"ADITYA SPINNERS LTD.",X,STK,16.24,16.25,15.4,15.54,15.4,15.86,30,1747,27385,
521149,"PRIME URBAN DEVELOPMENT INDIA",X,STK,7.97,8.13,7.73,7.73,7.73,8.13,23,3457,26899,
521151,"DHANLAXMI FABRICS LTD.",X,STK,58.99,59.53,58.99,59.53,59.53,56.7,7,534,31681,
521161,"SRI LAKSHMI SARASWATHI TEXTILE",X,STK,24.35,25.56,24.35,25.56,25.56,24.35,3,209,5113,
521163,"ZODIAC CLOTHING CO.LTD.",B,STK,67.93,68.5,67.56,68,68,67.93,6,5268,358244,
521178,"SRI RAMAKRISHNA MILLS (COIMBAT",X,STK,36.6,38.99,36.6,38.99,38.99,38.62,10,486,17828,
521180,"SUPER SPINNING MILLS LTD.",B,STK,4.9,4.9,3.94,4.15,4.15,4.26,64,16803,71249,
521194,"SIL INVESTMENTS LTD.",B,STK,394.85,410,394.85,404.05,397.5,403,28,162,65080,
521200,"SURYALAKSHMI COTTON MILLS LTD.",B,STK,51,51.87,50.22,50.45,50.45,51.88,22,244,12516,
521206,"SAMTEX FASHIONS LTD.",X,STK,1.32,1.32,1.24,1.27,1.26,1.29,40,7840,10212,
521220,"DAMODAR INDUSTRIES LTD.",B,STK,28.2,28.2,22.5,22.74,23,23.63,27,2984,69137,
521226,"UNIROYAL INDUSTRIES LTD.",X,STK,18.35,20.5,18.35,19.78,19.5,20.5,12,325,6453,
521228,"TATIA GLOBAL VENNTURE LTD.",X,STK,2.33,2.47,2.32,2.39,2.4,2.33,173,48004,113855,
521232,"SUNIL INDUSTRIES LTD.",P,STK,68.25,68.25,68.25,68.25,68.25,71.82,1,100,6825,
521234,"SRI NACHAMMAI COTTON MILLS LTD",X,STK,32.14,32.14,31.3,31.44,31.44,29.24,8,108,3396,
521238,"BHARAT GLOBAL DEVELOPERS LIMIT",B,STK,88,91,86.01,90.02,91,87.66,286,8475,753668,
521240,"SAMBANDAM SPINNING MILLS LTD.",X,STK,94.56,97.99,91,91.14,91.15,94.55,22,2115,200333,
521244,"MKP Mobility Limited",X,STK,100,102,100,102,102,102,3,529,52908,
521246,"PARAS PETROFILS LTD.",T,STK,2.05,2.08,1.96,2.06,2.05,2.05,38,25146,50246,
521248,"KITEX GARMENTS LTD.",A,STK,161.05,164.8,158.45,160.75,160.6,159.6,829,50390,8095938,
522001,"CRANEX LTD.",X,STK,66,66,62.05,63.01,63,64.31,183,26215,1671722,
522004,"BATLIBOI LTD.",X,STK,74.8,78.8,73,78.28,78.28,74.04,424,28532,2176705,
522005,"AUSTIN ENGINEERING CO.LTD.",X,STK,106.5,106.5,104.25,106.05,106.3,101.7,48,2408,255068,
522014,"UNITED DRILLING TOOLS LTD.",B,STK,170.25,170.25,163.05,164.25,164.25,164.5,109,2875,480023,
522017,"FLUIDOMAT LTD.",X,STK,634.45,663.8,613.6,626.5,626.5,640.1,166,3327,2093423,
522029,"WINDSOR MACHINES LTD.",B,STK,221,227.05,219,222.65,225,221.75,57,1491,329689,
522034,"SHANTHI GEARS LTD.",B,STK,448.9,458.5,439.1,442.1,442.1,449.8,119,1721,766226,
522064,"HONDA INDIA POWER PRODUCTS LIM",B,STK,2038.15,2048.45,2008.8,2026.05,2017.15,2038.15,58,173,349891,
522074,"ELGI EQUIPMENTS LTD.",A,STK,474.6,474.6,462.4,468.6,468.6,468.6,1097,15902,7448697,
522091,"UNITED VAN DER HORST LTD.",XT,STK,31.86,32.49,31.86,32.49,32.49,31.86,92,19494,626547,
522101,"KILBURN ENGINEERING LTD.",B,STK,479,489.7,471.3,477.25,477.25,474.1,2242,43388,20878485,
522105,"BIRLA PRECISION TECHNOLOGIES L",X,STK,29.58,30.5,29.58,30.02,30.02,29.88,185,72856,2186090,
522108,"YUKEN INDIA LTD.",B,STK,704,711.95,690.05,697.95,703.05,704.45,75,2237,1561688,
522113,"TIMKEN INDIA LTD.",A,STK,3476.45,3476.45,3313,3345.3,3330.1,3445.85,814,3825,12800738,
522122,"VOITH PAPER FABRICS INDIA LTD.",X,STK,1476.1,1496,1476,1487.15,1490,1488.25,20,162,240391,
522134,"ARTSON LIMITED",X,STK,134,134.9,130.05,134.55,134.55,129.2,45,2349,315094,
522152,"SOLITAIRE MACHINE TOOLS LTD.",X,STK,93.64,94.89,93.64,94.68,94.7,92.77,17,711,67218,
522163,"DIAMOND POWER INFRASTRUCTURE L",B,STK,129.75,130.25,124.4,125.45,124.9,128,514,40383,5093578,
522165,"INDSIL HYDRO POWER AND MANGANE",X,STK,35.75,36.89,34.99,35.4,35.2,36.12,107,17435,621823,
522183,"ITL INDUSTRIES LTD.",X,STK,230,238.9,227,233.65,235,223.85,93,2392,553042,
522195,"FRONTIER SPRINGS LTD.",B,STK,1379,1416,1296.7,1323.3,1323.3,1382.5,2708,33422,44592578,
522205,"PRAJ INDUSTRIES LTD.",A,STK,299.05,319.35,299,305.4,305.4,295,11435,710731,222344445,
522207,"RASANDIK ENGINEERING INDUSTRIE",X,STK,54.37,54.75,52,54,54,54.01,25,1682,89224,
522209,"YOGI SUNG-WON (INDIA) LTD.",X,STK,5.39,5.64,5.21,5.48,5.48,5.14,38,5987,32844,
522215,"HLE GLASCOAT LIMITED",B,STK,285,291.65,273.95,278.85,278.85,289.8,609,26853,7552843,
522217,"GUJARAT APOLLO INDUSTRIES LTD.",B,STK,398,412,398,408.15,408.15,407.15,49,578,235610,
522229,"TANEJA AEROSPACE & AVIATION LT",X,STK,246,255.85,239.95,248.55,248.55,245.85,425,36137,9022761,
522231,"CONART ENGINEERS LTD.",X,STK,63.06,66.89,61,61.75,61,61.24,62,8828,560267,
522235,"MINAL INDUSTRIES LIMITED",X,STK,2.27,2.33,2.2,2.23,2.23,2.27,58,21355,48398,
522237,"SHIVAGRICO IMPLEMENTS LTD.",X,STK,23,23,21.01,21.2,21.01,21.5,10,323,6932,
522241,"M.M.FORGINGS LTD.",B,STK,427.8,444.75,424.85,428.45,425.2,427.8,172,4426,1916644,
522249,"MAYUR UNIQUOTERS LTD.",B,STK,501.9,508,501.1,504.05,505.25,501.8,269,3348,1683072,
522251,"CENLUB INDUSTRIES LTD.",X,STK,193,193,180,182.05,182.05,181.7,115,6988,1266892,
522257,"RAJOO ENGINEERS LTD.",B,STK,57.31,57.9,56.44,56.6,57.15,57.3,422,79517,4527877,
522261,"DOLPHIN OFFSHORE ENTERPRISES (",B,STK,397,400.5,380.2,390.15,390.15,400.15,346,5456,2155019,
522267,"VEEJAY LAKSHMI ENGINEERING WOR",X,STK,37,37,34.5,36.95,36.95,37.5,17,26077,925809,
522273,"AHMEDABAD STEELCRAFT LTD.",X,STK,141.5,148,141.5,142.2,142.2,141.45,17,294,43254,
522275,"GE Vernova T&D India Limited",A,STK,3524.9,3711,3485.95,3669.7,3669.7,3523.1,3287,24597,89929445,
522281,"RAM RATNA WIRES LTD.",B,STK,295.4,313.5,295.4,310.95,307.9,299.75,151,2143,649403,
522285,"JAYASWAL NECO INDUSTRIES LTD.",B,STK,70.82,73.85,70.82,72.8,72.65,70.56,984,146222,10572750,
522287,"KALPATARU PROJECTS INTERNATION",A,STK,1107.85,1120,1037.25,1054.1,1054.1,1089.3,6271,60257,63672518,
522289,"NMS GLOBAL LIMITED",XT,STK,77.86,81.03,73.97,80.99,80.99,77.86,17,651,51933,
522292,"CANDOUR TECHTEX LIMITED",X,STK,149.9,149.9,141.5,144.6,144.9,147.8,303,128872,18764059,
522294,"T & I GLOBAL LTD.",X,STK,181,181.05,175,175,175,176.4,8,1349,241973,
522295,"CONTROL PRINT LTD.",B,STK,613,650.2,613,645.7,644,615.45,72,609,390207,
522650,"BEMCO HYDRAULICS LTD.",X,STK,75.14,78.5,74.73,76.46,76.46,75.14,271,20029,1544237,
523007,"ANSAL BUILDWELL LTD.",X,STK,96.8,98.55,92,93.5,93.05,93.1,34,16602,1547938,
523011,"WEIZMANN LTD.",B,STK,84.62,84.62,78.23,78.86,78.86,80.45,5,33,2710,
523019,"B.N.RATHI SECURITIES LTD.",X,STK,14.9,14.9,13.5,13.55,13.55,13.57,213,21427,292223,
523021,"RISHI TECHTEX LTD.",X,STK,37.75,37.75,33.65,34.21,33.65,34.63,14,1369,47530,
523023,"SINCLAIRS HOTELS LTD.",B,STK,71.44,74.6,70.01,74.05,73.92,71.23,256,39541,2837459,
523025,"SAFARI INDUSTRIES (INDIA) LTD.",A,STK,1544,1544,1433.55,1485.2,1494.5,1544.15,3862,247100,370448987,
523054,"BINAYAK TEX PROCESSORS LTD.",XT,STK,2188.5,2188.5,2188.5,2188.5,2188.5,2084.3,2,6,13131,
523062,"J.J.FINANCE CORPORATION LTD.",XT,STK,54.48,54.48,50,54.44,54.44,51.89,4,8,431,
523100,"COSMO FERRITES LTD.",X,STK,101.8,109.1,98,106.75,107,101.8,97,13442,1383194,
523105,"CROPSTER AGRO LIMITED",B,STK,7.18,7.18,6.66,6.94,6.95,6.93,220,56817,393783,
523116,"SANCO TRANS LTD.",X,STK,679,679,679,679,679,678.95,1,2,1358,
523120,"THRIVE FUTURE HABITATS LIMITED",XT,STK,107.45,107.45,107.45,107.45,107.45,104.85,3,15,1611,
523127,"EIH ASSOCIATED HOTELS LTD.",B,STK,301.35,303.7,298.85,301.05,303.25,301.35,103,1517,456390,
523144,"MEDI-CAPS LTD.",X,STK,24,24,23.45,23.8,23.8,23.25,14,2014,48135,
523151,"OTCO INTERNATIONAL LTD.",X,STK,8.81,8.81,8.81,8.81,8.81,8.85,2,10,88,
523160,"MORGANITE CRUCIBLE (INDIA) LTD",X,STK,1245.05,1246.1,1198,1200.55,1200.55,1244.65,133,1663,2028996,
523186,"B&A PACKAGING INDIA LIMITED",X,STK,154.8,154.8,154,154.2,154,154.9,5,16,2467,
523207,"KOKUYO CAMLIN LTD.",B,STK,72.85,78.82,72.85,77.74,77.74,78.04,78,2071,160016,
523222,"SRM ENERGY LTD.",XT,STK,18.48,19.22,18.48,19.22,19.22,18.85,29,5334,101343,
523229,"BHARAT SEATS LTD.",B,STK,160.1,164,158.15,163.15,163.5,160.9,327,11133,1793304,
523232,"CONTINENTAL PETROLEUMS LTD.",X,STK,85,85,77.05,79.18,82,82.27,37,1304,103515,
523242,"NB FOOTWEAR LTD.",P,STK,7.29,7.29,7.29,7.29,7.29,7.19,1,100,729,
523248,"MACHINO PLASTICS LTD.",X,STK,240.8,247.95,236.05,247.45,247.7,240.85,46,941,226957,
523260,"PEARL POLYMERS LTD.",B,STK,17.69,17.69,16.4,16.59,16.6,17.21,48,3330,56065,
523261,"VENKYS (INDIA) LTD.",B,STK,1206.4,1273.35,1206.4,1249.5,1247.8,1218.65,393,4011,5005913,
523269,"ADVANI HOTELS & RESORTS (INDIA",B,STK,51.15,51.87,50.57,51.15,51.25,50.81,36,4082,209765,
523283,"SUPERHOUSE LTD.",B,STK,142.05,142.05,141.5,141.5,141.5,141.35,2,6,850,
523289,"RAMA VISION LTD.",X,STK,126,135,116.4,131.65,135,126.65,90,3572,443042,
523301,"TCPL PACKAGING LTD.",B,STK,2530.6,2704,2395,2417.65,2395,2495.35,455,3851,9697367,
523309,"SHRI GANG INDUSTRIES AND ALLIE",X,STK,82.99,83.99,77.4,78.89,78.89,80.95,527,44251,3574905,
523319,"BALMER LAWRIE & CO.LTD.",B,STK,157.2,161.7,157.2,160.8,160.8,159.7,254,13073,2101842,
523323,"KOVAI MEDICAL CENTER & HOSPITA",B,STK,5149,5252.6,5100,5203.3,5233,5106,539,3959,20445880,
523367,"DCM SHRIRAM LIMITED",A,STK,1046.05,1068.95,1033.15,1061.2,1063.3,1048.95,1253,5852,6178195,
523369,"DCM SHRIRAM INDUSTRIES LTD.",B,STK,32,34,32,33.12,33.45,32.83,157,33928,1123867,
523371,"MAWANA SUGARS LTD.",B,STK,77.2,78.08,76.82,77.24,77.5,76.08,72,1687,130793,
523373,"MINI DIAMONDS (INDIA) LTD.",X,STK,17.1,18.5,17.1,17.94,17.94,18.01,101,9331,167658,
523384,"MAHA RASHTRA APEX CORPORATION",B,STK,119.95,120.5,116.95,117.47,117.47,118.84,175,11502,1375405,
523385,"NILKAMAL LTD.",B,STK,1241.6,1251,1225,1238.15,1249,1236.05,70,371,456914,
523387,"TRITON CORP.LTD.",X,STK,1.43,1.49,1.36,1.45,1.45,1.43,299,347491,482041,
523391,"NAHAR POLYFILMS LTD.",B,STK,241.05,242.65,238.2,239.25,238.4,236.5,11,120,28773,
523395,"3M INDIA LTD.",A,STK,33538.7,33734.25,32827.05,33130.8,33200,33035.2,226,309,10295228,
523398,"BOSCH HOME COMFORT INDIA LIMIT",B,STK,1283.8,1283.8,1255.2,1257.2,1258,1270.55,77,5643,7189494,
523405,"JM FINANCIAL LTD.",A,STK,119.75,121.3,117.25,119.8,119.75,119.45,2404,262083,31245874,
523411,"ADC INDIA COMMUNICATIONS LIMIT",X,STK,1220,1239,1213.45,1232.4,1221.5,1221.6,61,860,1055323,
523419,"TAMILNADU TELECOMMUNICATIONS L",B,STK,8.67,8.67,8.07,8.59,8.59,8.22,5,246,2075,
523445,"RELIANCE INDUSTRIAL INFRASTRUC",B,STK,630,641.95,630,634.6,633,631.1,261,5667,3593976,
523449,"SHARP INDIA LTD.",X,STK,43.25,45,42.25,45,45,43.01,15,830,36457,
523457,"Linde India Limited",A,STK,7247.25,7391.5,7140.1,7321.2,7287.8,7168.65,1250,5853,42604443,
523465,"IND BANK HOUSING LTD.",B,STK,41.89,41.89,39.03,39.03,39.03,40.46,15,909,36716,
523467,"JAI MATA GLASS LTD.",XT,STK,1.89,1.98,1.89,1.89,1.89,1.98,135,216648,414860,
523475,"LOTUS CHOCOLATE CO.LTD.",B,STK,715.7,733.75,680.2,697.1,697.1,715.7,359,4887,3443591,
523483,"PACIFIC INDUSTRIES LTD.",X,STK,134,134,131,131,131,133.95,11,1110,146940,
523489,"CHENNAI MEENAKSHI MULTISPECIAL",X,STK,37.06,38.99,37,38.7,38.7,37.06,17,1470,56478,
523537,"APM INDUSTRIES LTD.",X,STK,39.9,39.9,38.6,39,39,39,10,1185,46035,
523539,"PRECISION WIRES INDIA LTD.",B,STK,289.85,294.1,280.65,290.3,290.35,286.3,1375,39110,11235768,
523550,"KRYPTON INDUSTRIES LTD.",X,STK,37.5,37.5,33,33.98,34,35.29,66,7082,242695,
523558,"SWISS MILITARY CONSUMER GOODS",X,STK,15.21,17,15.21,16.08,16.08,15.4,547,264154,4226235,
523566,"MARTIN BURN LTD.",X,STK,45.3,45.37,38,38.46,38.46,45.37,139,36820,1460540,
523574,"Future Enterprises Limited",Z,STK,0.49,0.49,0.49,0.49,0.49,0.49,11,10860,5321,
523586,"INDIAN TONERS & DEVELOPERS LTD",X,STK,238.85,238.85,225.6,229.7,229.7,236.45,138,5001,1152169,
523594,"KUNSTSTOFFE INDUSTRIES LTD.",X,STK,21.87,21.87,19.62,21.76,21.83,21.9,9,56,1218,
523598,"SHIPPING CORPORATION OF INDIA",A,STK,236.2,237.85,228.6,236.35,236.25,233.2,2079,154819,36162176,
523606,"SIKA INTERPLANT SYSTEMS LTD.",B,STK,951,987.75,908,914.35,914.35,948.7,1873,29833,27880492,
523610,"ITI LTD.",A,STK,291.2,297.95,270.15,275.1,275.1,276,36779,3742648,1065766118,
523618,"DREDGING CORPORATION OF INDIA",B,STK,885,909.85,867,873.25,870,889.2,369,5729,5107758,
523630,"NATIONAL FERTILIZERS LTD.",B,STK,69.83,69.83,67.87,68.95,68.95,68.6,822,83815,5768921,
523638,"IP RINGS LTD.",XT,STK,114.4,114.4,109.3,109.5,109.5,114.9,21,3210,351699,
523642,"P.I.INDUSTRIES LTD.",A,STK,2890.1,2940,2886.65,2893.75,2895,2889.85,676,65722,190671973,
523648,"PLASTIBLENDS INDIA LTD.",B,STK,133.3,134,129.75,131.5,132.6,133.3,47,2144,281629,
523650,"YASH INNOVENTURES LIMITED",XT,STK,45.98,46.95,45,46.95,46.95,46.57,8,1011,46013,
523652,"Kkalpana Plastick Limited",X,STK,28.4,28.54,27,27.07,27.07,28.4,6,86,2337,
523660,"WATERBASE LTD.",XT,STK,43.1,43.9,41.55,43.67,43.67,42.6,125,19259,830673,
523672,"FLEX FOODS LTD.",X,STK,41.9,41.9,37.02,38.88,39.5,36.15,57,4837,186170,
523676,"GOLKUNDA DIAMONDS & JEWELLERY",X,STK,270.25,279.7,270.25,278.95,279,270.25,37,614,169307,
523694,"APCOTEX INDUSTRIES LTD.",B,STK,352.3,352.3,336,338.7,336,352.3,324,2441,837830,
523696,"FORTIS MALAR HOSPITALS LIMITED",X,STK,51,51,49.1,49.7,50.45,50.59,199,8147,408461,
523704,"MASTEK LTD.",A,STK,1449,1488.6,1439,1461.8,1456.9,1468.1,630,6027,8798684,
523708,"EIMCO ELECON (INDIA) LTD.",B,STK,1490.2,1554.1,1490.2,1547.7,1547.85,1490.2,67,301,459829,
523710,"SAYAJI HOTELS LTD.",X,STK,265.05,270,265.05,266.05,266.2,265,5,7,1864,
523716,"ASHIANA HOUSING LTD.",B,STK,305.2,311.7,305.2,305.75,305.65,305.2,126,1033,318691,
523722,"SVAM SOFTWARE LTD.",XT,STK,8.23,8.4,7.64,7.93,8.15,8.04,45,12130,100421,
523732,"ECOBOARD INDUSTRIES LTD.",X,STK,55.7,57,54.75,54.98,55.86,57.52,30,3928,218679,
523736,"Dhunseri Ventures Limited",B,STK,205.75,207.9,205,207.9,207.9,207.95,229,16055,3333133,
523752,"TRANS INDIA HOUSE IMPEX LIMITE",X,STK,5.16,5.29,4.99,5.11,5.12,5.19,175,109295,555347,
523754,"MAHINDRA EPC IRRIGATION LIMITE",B,STK,111,113.2,109.5,111.6,113.05,109.65,64,10719,1207443,
523782,"Mitshi India Limited",X,STK,14.69,14.69,13.5,14.66,14.69,14.72,19,5254,75813,
523792,"MAZDA LTD.",B,STK,180.75,185.3,176.35,176.95,176.35,181.95,67,873,156096,
523796,"VICEROY HOTELS LTD.",T,STK,144.9,144.9,138,139.95,140,141.7,39,1251,175020,
523826,"SOVEREIGN DIAMONDS LTD.",XT,STK,19.89,19.89,19.5,19.5,19.5,19.89,18,579,11393,
523828,"MENON BEARINGS LTD.",B,STK,122.9,127.5,121.65,126.6,127.5,124,135,2964,371482,
523832,"MUKAT PIPES LTD.",XT,STK,15.46,17.08,15.46,15.97,15.55,16.27,33,77098,1200428,
523836,"GUJARAT RAFFIA INDUSTRIES LTD.",B,STK,35.26,36.8,35.25,36.8,36.8,37.01,6,254,8959,
523838,"SIMPLEX INFRASTRUCTURES LTD.",B,STK,164,172.4,162.85,168.15,168.05,163,102,2808,463149,
523840,"INNOVATIVE TECH PACK LTD.",X,STK,14.9,14.9,13.5,13.75,13.75,13.9,28,5210,71667,
523842,"SUPER TANNERY LIMITED",X,STK,6.4,6.4,5.55,6.04,6.04,6.05,132,62306,373667,
523844,"CONSTRONICS INFRA LIMITED",X,STK,54,54,48.6,49.92,53.5,48,22,330,17042,
523850,"AXTEL INDUSTRIES LTD.",X,STK,391,400,385.2,388.5,388.5,388.9,94,2681,1059619,
523862,"GRAND OAK CANYONS DISTILLERY L",B,STK,30,30,29.89,29.89,29.89,28.59,7,149,4456,
523874,"East India Drums and Barrels M",XT,STK,120.5,120.65,109.25,112.55,117.85,114.95,79,9351,1078291,
523888,"V R WOODART LTD.",X,STK,92.38,92.38,92.38,92.38,92.38,87.99,13,689,63649,
524000,"POONAWALLA FINCORP LIMITED",A,STK,430.95,430.95,404.65,405.9,405.05,423.35,2970,78041,32049297,
524019,"Kingfa Science & Technology (I",B,STK,4176.8,4225.85,4117.9,4154.4,4184,4215.4,36,161,677234,
524037,"RAMA PHOSPHATES LTD.",B,STK,109.4,116.9,107.65,114.85,115.4,107,180,4490,502354,
524038,"VENLON ENTERPRISES LTD.",X,STK,4.74,4.74,4.48,4.6,4.6,4.7,10,2891,13482,
524051,"POLYPLEX CORPORATION LTD.",B,STK,804.2,855.9,801.5,826.05,827.6,808.05,879,8665,7248325,
524055,"PANTHER INDUSTRIAL PRODUCTS LT",X,STK,40.79,40.79,40.79,40.79,40.79,38.85,1,1,40,
524075,"ALBERT DAVID LTD.",B,STK,671.05,681.2,666.15,669.3,677.5,675,27,116,77959,
524080,"HARYANA LEATHER CHEMICALS LTD.",X,STK,55,58.05,53.05,55.5,55.4,53.43,20,1007,55100,
524091,"CARYSIL LIMITED",B,STK,780.05,791.8,767.15,780.35,786.05,780.95,341,4562,3559259,
524109,"KABRA EXTRUSIONTECHNIK LTD.",B,STK,226.85,227.25,220,222.15,220.1,224.45,20,229,51234,
524129,"VINYL CHEMICALS (INDIA) LTD.",B,STK,189.65,195.4,187.05,191.45,191.2,187.2,62,822,156337,
524136,"PEE CEE COSMA SOPE LTD.",X,STK,332.5,333,302.25,311.2,316.95,327.85,106,1018,319385,
524156,"TCM LTD.",X,STK,41.46,41.46,41.05,41.05,41.05,41.61,9,3128,129324,
524164,"IOL CHEMICALS & PHARMACEUTICAL",B,STK,68.5,69.55,68.11,68.21,68.21,68.49,301,21530,1478328,
524174,"KESAR PETROPRODUCTS LTD.",X,STK,23.57,24.39,23.57,24.06,24.1,24.18,107,19508,468040,
524200,"VINATI ORGANICS LTD.",A,STK,1396.3,1415,1392.3,1395.1,1396.5,1396.25,390,2129,2988182,
524202,"LACTOSE (INDIA) LTD.",X,STK,85,93.29,84.5,91.22,92.5,85.97,98,4217,382689,
524204,"TEESTA AGRO INDUSTRIES LTD.",X,STK,105,106,99.5,100.95,100.95,104,18,228,23363,
524208,"AARTI INDUSTRIES LTD.",A,STK,425,429.05,416.8,424.85,425,425.3,1741,34858,14725063,
524210,"PENTOKEY ORGANY (INDIA) LTD.",X,STK,35.4,35.4,35.4,35.4,35.4,35.4,4,347,12283,
524212,"WANBURY LTD.",T,STK,244.4,249.75,244.4,248.3,248.3,244.4,7,119,29377,
524218,"RESONANCE SPECIALTIES LTD.",X,STK,88.35,92.99,88,90.7,89.05,90.08,45,12127,1102510,
524226,"GUJARAT AMBUJA EXPORTS LTD.",B,STK,125.6,130.5,125.6,130.1,130.25,127.05,306,8325,1067373,
524230,"RASHTRIYA CHEMICALS & FERTILIZ",A,STK,116.9,119.15,114.55,117.45,117.7,116.8,1831,143737,16771870,
524238,"GUJARAT INJECT (KERALA) LTD.",XT,STK,73.03,73.03,73.03,73.03,73.03,71.6,54,34894,2548308,
524280,"KOPRAN LTD.",B,STK,121.7,121.7,112.55,114.1,114.1,113.65,391,16532,1886770,
524288,"AIMCO PESTICIDES LTD.",X,STK,43.25,43.25,40,41.88,41.99,40.7,59,7042,293206,
524314,"GUJARAT TERCE LABORATORIES LTD",X,STK,37.6,38.5,37.5,37.54,38.5,38.04,12,106,3977,
524322,"KABRA DRUGS LTD.",X,STK,29.5,30.28,28,28.74,28.8,29.02,133,43841,1262455,
524324,"SEYA INDUSTRIES LTD.",T,STK,10.03,10.04,9.67,9.87,9.84,9.85,34,4050,40298,
524330,"JAYANT AGRO-ORGANICS LTD.",B,STK,168.8,170.2,165.8,166,166,168.45,35,4814,813513,
524332,"BCL INDUSTRIES LIMITED",B,STK,26.6,27.29,26.56,26.76,26.71,26.94,170,18054,484669,
524336,"SHREE HARI CHEMICALS EXPORT LT",X,STK,97.05,101.3,97.05,101.3,101.3,96.5,8,613,60497,
524342,"INDO BORAX & CHEMICALS LTD.",B,STK,242.75,246.35,242.75,243.05,243,243.75,12,656,159713,
524348,"AARTI DRUGS LTD.",B,STK,338.6,344.25,333.2,334,334,338.5,292,3511,1186640,
524370,"BODAL CHEMICALS LTD.",B,STK,43.84,44.33,43.35,43.6,43.35,43.43,119,18968,833373,
524372,"Orchid Pharma Limited",B,STK,504.7,536.15,502.6,528.2,525,504.65,239,2730,1435694,
524394,"VIMTA LABS LTD.",B,STK,420.4,423.8,411.9,416.1,418,412.95,252,3655,1523995,
524396,"BIOFIL CHEMICALS & PHARMACEUTI",B,STK,30.25,30.78,30.25,30.78,30.78,29.97,18,153,4644,
524400,"ISHITA DRUGS & INDUSTRIES LTD.",X,STK,85.24,85.24,78.2,83.34,84,83.57,24,1035,86329,
524404,"MARKSANS PHARMA LTD.",A,STK,168,168,163.5,164.1,164.1,164.85,865,23916,3935826,
524408,"UNIVERSAL STARCH-CHEM ALLIED L",X,STK,128.6,128.6,128.6,128.6,128.6,128.6,1,5,643,
524412,"AAREY DRUGS & PHARMACEUTICALS",B,STK,62.83,67.44,62.83,67.03,67.03,62.83,119,3981,263968,
524414,"NORRIS MEDICINES LTD.",X,STK,14,14.25,13.25,13.25,13.25,13.75,14,229,3160,
524434,"ASIAN PETROPRODUCTS & EXPORTS",X,STK,8.25,8.47,8,8.31,8.38,8.48,21,6355,52653,
524440,"CAMEX LTD.",X,STK,29.75,29.9,29.5,29.9,29.9,29.6,6,2929,86485,
524444,"EVEXIA LIFECARE LIMITED",X,STK,1.17,1.18,1.03,1.05,1.05,1.17,1973,7734502,8562544,
524458,"INDO EURO INDCHEM LTD.",X,STK,10.6,10.6,9,9.43,9.43,10,87,19806,183853,
524470,"SYNCOM FORMULATIONS (INDIA) LT",B,STK,11.62,12.1,11.5,11.62,11.62,11.82,675,212039,2491388,
524480,"RIDDHI SIDDHI GLUCO BIOLS LTD.",X,STK,470.05,470.05,453.35,468,469,465.65,26,314,144501,
524488,"SVC INDUSTRIES LIMITED",X,STK,2.09,2.11,1.99,2.06,2.05,2.14,133,144512,293563,
524494,"IPCA LABORATORIES LTD.",A,STK,1555.3,1624,1544.6,1567.3,1567.3,1555.2,6699,367881,589787031,
524500,"KILITCH DRUGS (INDIA) LTD.",B,STK,312.45,326.35,310.35,318.1,319.35,312.8,22,368,116760,
524502,"RAAJ MEDISAFE INDIA LTD.",P,STK,72.51,72.51,68.85,69.98,69.98,72.42,15,3100,216525,
524506,"CORAL LABORATORIES LTD.",X,STK,424.55,430.65,415.55,422.25,428.6,423.95,50,2081,880534,
524516,"BACIL PHARMA LTD.",X,STK,47.86,49.5,46.4,48.53,48.48,48.84,25,2358,114136,
524518,"KREBS BIOCHEMICALS & INDUSTRIE",B,STK,48.9,50.24,48.1,48.59,48.59,50.21,26,2113,102959,
524520,"KMC SPECIALITY HOSPITALS (INDI",B,STK,81.6,82.03,78.65,79.85,80.18,81.13,704,52688,4245722,
524522,"LAFFANS PETROCHEMICALS LTD.",X,STK,30,32.24,29.1,29.97,29.1,30.1,12,2466,74038,
524534,"BHASKAR AGROCHEMICALS LTD.",X,STK,150.9,180,150.9,172.9,175.5,152.75,331,20094,3426495,
524542,"SUKHJIT STARCH & CHEMICALS LTD",B,STK,161.8,161.8,158.8,160.5,161,161.75,31,429,68833,
524548,"SHARMA EAST INDIA HOSPITALS &",X,STK,85,96.9,85,87.58,96.9,93.98,42,1121,98916,
524558,"NEULAND LABORATORIES LTD.",A,STK,12350,12412.35,12200,12273.3,12212,12243.85,503,1638,20158949,
524564,"GAYATRI BIOORGANICS LTD.",X,STK,15.5,15.5,14.55,15.3,15.3,15.2,77,23821,360783,
524570,"PODDAR PIGMENTS LTD.",B,STK,217,217,213,213.25,213,216.1,13,29,6272,
524572,"PHARMAIDS PHARMACEUTICALS LTD.",X,STK,32,36.79,32,33.01,33,32.02,75,5527,184914,
524576,"VIVID GLOBAL INDUSTRIES LTD.",X,STK,19.8,21,19.8,20.05,20.05,20.35,18,3511,70341,
524580,"PRIYA LTD.",X,STK,19.6,20.3,19.6,20.3,20.3,19.42,5,67,1314,
524582,"TIRUPATI STARCH & CHEMICALS LT",X,STK,139,162.95,139,151.15,151,142.25,53,15108,2175226,
524590,"HEMO ORGANIC LIMITED",XT,STK,13.6,13.6,13.6,13.6,13.6,13.87,6,10121,137645,
524592,"JAYSYNTH ORGOCHEM LIMITED",X,STK,11.8,11.8,11.1,11.38,11.49,11.6,62,111868,1295613,
524594,"Aeonx Digital Technology Limit",X,STK,124.5,124.5,118.05,118.5,118.05,124.5,9,201,23984,
524598,"AKSHARCHEM (INDIA) LTD.",B,STK,172.85,174.5,169.75,172.85,172.85,170,16,133,22937,
524602,"BANDARAM PHARMA PACKTECH LIMIT",X,STK,30.7,30.7,29.99,29.99,29.99,29.47,8,363,10887,
524606,"BERYL DRUGS LTD.",X,STK,19.6,20,19.22,19.26,19.25,20.69,11,659,12841,
524614,"IEL LIMITED",X,STK,6.5,6.69,5.87,6.28,6.28,6.25,188,64044,403817,
524622,"ISTREET NETWORK LIMITED",XT,STK,43,43.35,40.83,40.85,42.55,42.97,138,41790,1744088,
524624,"GAGAN GASES LTD.",X,STK,35.89,35.97,34.33,35.97,35.97,32.7,377,78149,2797561,
524628,"PARKER AGROCHEM EXPORTS LTD.",X,STK,15.06,15.06,15.06,15.06,15.06,15.68,1,1,15,
524632,"Shukra Pharmaceuticals Limited",B,STK,41.59,41.59,39.16,40.03,40.1,40.65,646,107767,4312521,
524634,"ALUFLUORIDE LTD.",X,STK,409,428,409,411.3,411.3,408.1,318,8713,3635554,
524636,"OXYGENTA PHARMACEUTICAL LIMITE",X,STK,49.13,52,48.12,49.27,52,50.17,58,11971,591499,
524640,"ARCHIT ORGANOSYS LTD.",X,STK,36.1,37.55,36.1,36.57,37.55,36.56,33,1765,64559,
524642,"SIKOZY REALTORS LIMITED",XT,STK,1.21,1.21,1.17,1.17,1.17,1.21,11,3383,3998,
524648,"INDO AMINES LTD.",B,STK,95,95,90.65,91.65,91.9,93.15,248,3026,277863,
524654,"NATURAL CAPSULES LTD.",B,STK,145.85,156.05,145,148,148,145.25,40,903,133534,
524661,"WELCURE DRUGS & PHARMACEUTICAL",X,STK,0.26,0.27,0.26,0.27,0.27,0.27,655,6076235,1609637,
524663,"BHARAT IMMUNOLOGICALS & BIOLOG",B,STK,16.75,17.15,16.37,16.76,16.76,16.28,97,20086,332660,
524667,"SAVITA OIL TECHNOLOGIES LTD.",B,STK,325,341.5,321.4,340.05,336.55,322.85,259,1285,423833,
524669,"HESTER BIOSCIENCES LTD.",B,STK,1467.2,1467.2,1411,1411.1,1411,1448.7,60,1606,2269639,
524675,"KABSONS INDUSTRIES LTD.",X,STK,16.4,16.4,14.26,15.18,15.17,15.88,84,14684,222747,
524687,"BASANT AGRO TECH (INDIA) LTD.",X,STK,10.04,10.5,10.04,10.35,10.43,10.04,137,43391,447923,
524703,"SANDU PHARMACEUTICALS LTD.",X,STK,34.84,34.85,33.2,33.8,33.8,34.9,24,1636,55466,
524709,"NACL Industries Limited",B,STK,115.9,121.55,113.8,120.95,120.95,115.8,549,76195,9087532,
524711,"VISTA PHARMACEUTICALS LTD.",X,STK,6.95,7.41,6.6,7.41,7.41,6.18,124,67496,486772,
524715,"SUN PHARMACEUTICAL INDUSTRIES",A,STK,1792,1805.6,1781,1795.6,1790.7,1782.55,5559,247956,443558643,
524717,"TITAN BIOTECH LTD.",XT,STK,335,367.65,332.65,367.45,367.45,350.15,1406,144362,51308705,
524731,"JENBURKT PHARMACEUTICALS LTD.",X,STK,1013.65,1029.5,996.8,1001.75,1001.05,1016.4,35,335,336437,
524735,"HIKAL LTD.",B,STK,170.8,173,168.5,170.05,169.9,169.15,395,15572,2663440,
524742,"CAPLIN POINT LABORATORIES LTD.",A,STK,1648.95,1649.2,1625,1634.4,1637,1636.55,823,8613,14095146,
524743,"FISCHER MEDICAL VENTURES LIMIT",B,STK,33.19,34.95,33,34.95,34.95,33.29,645,99537,3413425,
524748,"LINK PHARMA CHEM LTD.",X,STK,24.99,24.99,21,21.86,21.86,23.4,83,6823,154975,
524752,"DECIPHER LABS LIMITED",X,STK,6.12,6.69,5.65,5.65,5.65,6.1,37,18555,106105,
524768,"EMMESSAR BIOTECH & NUTRITION L",X,STK,24.07,28.74,24,25,25,24.07,20,642,16060,
524774,"NGL FINE-CHEM LTD.",B,STK,2221,2265,2134,2205.55,2265,2183.55,55,164,357049,
524790,"EVEREST ORGANICS LTD.",X,STK,267.2,295,267.2,286.95,287,269.3,21,323,92355,
524804,"AUROBINDO PHARMA LTD.",A,STK,1299.75,1299.75,1275.5,1287.4,1287.4,1279.35,1155,13913,17905734,
524808,"PHYTO CHEM (INDIA) LTD.",X,STK,25.9,25.9,22.08,25,25,26.19,15,777,18332,
524816,"NATCO PHARMA LTD.",A,STK,949,955,926.65,943.35,943.35,946.1,1475,21982,20682351,
524818,"DYNAMIC INDUSTRIES LTD.",X,STK,90,93,88.05,88.54,88.05,92.23,17,1259,112611,
524820,"PANAMA PETROCHEM LTD.",B,STK,257.2,267.5,256.05,263.8,263,260.05,51,2022,524384,
524824,"BAL PHARMA LTD.",B,STK,68,68,66,66.57,66,67,27,2445,163815,
524828,"BDH INDUSTRIES LTD.",X,STK,420,420,396,407.3,403,420.5,69,1598,649945,
526001,"JAUSS POLYMERS LTD.",XT,STK,29.18,29.18,29.18,29.18,29.18,29.77,2,9,262,
526025,"GLOBUS CONSTRUCTORS & DEVELOPE",X,STK,12.53,12.95,11.9,12.21,12.21,12.53,43,10602,130240,
526027,"CUBEX TUBINGS LTD.",B,STK,87.45,92.1,87.15,90.9,90.95,88,162,5732,515284,
526043,"POLYMECHPLAST MACHINES LTD.",X,STK,46.15,47.98,45,45.58,45,46.31,36,812,36920,
526071,"STELLANT SECURITIES (INDIA) LT",XT,STK,640,657,616.2,636.35,653.95,648.15,107,4633,2937762,
526073,"GALAXY BEARINGS LTD.",X,STK,458.05,470.95,458,460.7,470.95,456.35,46,408,188737,
526075,"REKVINA LABORATORIES LTD.",XT,STK,30.97,30.97,30.97,30.97,30.97,30.37,6,3504,108518,
526081,"SC Agrotech Limited",XT,STK,30.9,31.8,28.78,30.99,31.09,30.29,17,3928,117939,
526095,"RAVILEELA GRANITES LTD.",X,STK,38,38.95,34.52,38.95,38.95,38.99,22,268,10008,
526115,"KARAN WOO-SIN LTD.",X,STK,11.5,11.89,11.01,11.01,11.01,10.81,29,8293,97778,
526117,"SHERVANI INDUSTRIAL SYNDICATE",X,STK,361.8,394.9,361.8,394.9,394.9,361.8,2,62,22497,
526125,"BN AGROCHEM LIMITED",B,STK,234.9,237,232.75,236.8,236.8,227.5,10,349,81831,
526133,"SUPERTEX INDUSTRIES LTD.",X,STK,5.78,6.4,5.78,6.39,6.39,5.78,6,1053,6088,
526137,"SHETRON LTD.",X,STK,100.75,100.75,95.25,100.15,100.5,94.8,11,579,57697,
526139,"TRANSGENE BIOTEK LTD.",X,STK,2.38,2.75,2.35,2.65,2.74,2.43,64,51697,125428,
526143,"MPL PLASTICS LTD.",X,STK,6.98,6.98,6.25,6.36,6.36,6.84,67,16472,106924,
526159,"NIKHIL ADHESIVES LTD.",X,STK,63.79,69,60.83,64.41,64.16,62.13,624,48249,3079341,
526161,"SPENTA INTERNATIONAL LTD.",X,STK,90.65,100,88.25,88.25,88.25,86.5,16,381,34671,
526169,"MULTIBASE INDIA LTD.",X,STK,167,167,159.95,163.25,163.25,164.9,341,19586,3195035,
526173,"ANDREW YULE & COMPANY LTD.",B,STK,18.66,19.25,18.53,18.79,18.79,18.64,444,160056,3007970,
526179,"LUDLOW JUTE & SPECIALITIES LTD",X,STK,207.65,208,194,197.3,200,200.05,76,793,158899,
526187,"ASHRAM ONLINE.COM LTD.",X,STK,4.06,4.06,4.06,4.06,4.06,4.06,3,102,414,
526193,"ROYAL CUSHION VINYL PRODUCTS L",X,STK,17.52,17.98,16.21,16.39,17.25,17.53,39,2394,39377,
526211,"SURAJ INDUSTRIES LTD.",X,STK,44.84,46.15,43.25,44.88,43.25,44.84,17,548,24940,
526217,"Hitech Corporation Limited",B,STK,140.5,140.5,138.05,139.5,139.95,139.35,21,2735,381467,
526225,"BLOOM DEKOR LTD.",XT,STK,12.73,12.73,12.4,12.4,12.4,12.99,5,120,1509,
526227,"FILATEX INDIA LTD.",B,STK,40.86,40.86,39.26,39.8,39.76,39.99,425,34985,1398455,
526231,"STANDARD SURFACTANTS LTD.",X,STK,48.5,54.99,48.5,52.78,52.78,47.19,34,2763,142657,
526237,"MORGAN VENTURES LTD.",X,STK,52.88,52.88,48.76,49.82,51,51.98,33,226,11414,
526241,"AMRAPALI INDUSTRIES LTD.",X,STK,14.48,14.48,13.21,13.49,14,14.14,37,1843,25050,
526247,"PREMIER EXPLOSIVES LTD.",A,STK,444.2,452.9,433.25,449.85,448.5,431.85,631,11469,5090290,
526251,"MID EAST PORTFOLIO MANAGEMENT",X,STK,16.71,19.92,16.7,17.14,17.55,17.05,34,2717,47121,
526263,"MOLD-TEK TECHNOLOGIES LTD.",B,STK,125.65,125.65,121.25,122.3,122.3,123.45,22,3595,436749,
526269,"CRESTCHEM LTD.",X,STK,89.89,89.89,84.5,86.99,87,84.76,19,829,72409,
526299,"MPHASIS LTD.",A,STK,2079.85,2102.4,2033.65,2073.8,2076.8,2079.8,920,4196,8687736,
526315,"DIVYASHAKTI LIMITED",X,STK,49.16,49.16,47.5,48.06,48.06,48.96,20,839,40204,
526325,"ORIENT PRESS LTD.",B,STK,68.9,68.9,57.99,59.89,58.1,65.03,32,887,53390,
526335,"SHREYAS INTERMEDIATES LTD.",X,STK,6.71,6.92,6.7,6.77,6.92,6.96,4,803,5385,
526345,"PANJON LTD.",X,STK,26.98,27.89,24.52,26.47,27,26.98,160,89356,2308065,
526355,"DUROPACK LTD.",X,STK,49.12,52.9,49.12,52.9,52.9,49.12,6,166,8252,
526365,"SWARNSARITA JEWELS INDIA LIMIT",X,STK,30.7,32.79,30.58,32.41,32.45,30.79,31,12651,404889,
526367,"GANESH HOUSING LIMITED",A,STK,600,606.95,585.35,587.3,587.3,606.3,340,4522,2685156,
526371,"NMDC LTD.",A,STK,78.01,79.51,76.93,79.2,79.2,77.56,6634,945993,73919822,
526381,"PATEL INTEGRATED LOGISTICS LTD",B,STK,9.67,9.78,9.25,9.51,9.51,9.65,102,12332,116562,
526397,"ALPHAGEO (INDIA) LTD.",B,STK,178.2,184.05,175.15,178.25,178.25,179.05,137,2668,478416,
526407,"HAMPTON SKY REALTY LIMITED",X,STK,9.63,10.11,9.41,9.46,9.44,9.67,93,19096,183682,
526409,"KKALPANA INDUSTRIES (INDIA) LT",X,STK,7.95,7.97,6.7,7.26,7.24,7.53,201,69566,509565,
526415,"OK PLAY INDIA LTD.",X,STK,4.16,4.35,4.16,4.24,4.25,4.25,353,204455,863218,
526423,"KRITI INDUSTRIES (INDIA) LTD.",B,STK,79,80.15,76,77.67,76.53,79.98,66,6197,482122,
526433,"ASM TECHNOLOGIES LTD.",B,STK,2155,2213.95,2122.4,2178.65,2179,2139.7,1923,27469,59766810,
526435,"PERFECTPAC LTD.",X,STK,85.9,85.9,82.8,82.8,82.9,80,6,164,13585,
526439,"AMBITIOUS PLASTOMAC COMPANY LT",X,STK,10.44,10.49,9.92,10.45,10.45,10.44,10,2244,22548,
526441,"VISION CINEMAS LTD.",XT,STK,1.15,1.27,1.15,1.27,1.27,1.21,39,32771,41085,
526443,"Artificial Electronics Intelli",X,STK,114.8,115.95,110.9,114.2,113.45,110.45,402,42985,4881141,
526445,"INDRAYANI BIOTECH LTD.",X,STK,7.01,7.23,6.82,7.03,6.93,6.94,176,80969,568654,
526468,"EURO LEDER FASHION LTD.",X,STK,17.49,17.49,17.1,17.42,17.42,17.49,7,40,697,
526471,"WINSOME BREWERIES LTD.",X,STK,24.94,24.94,22.6,22.68,22.65,22.48,311,8850,208963,
526473,"ELEGANT FLORICULTURE & AGROTEC",X,STK,4.53,4.84,4.46,4.71,4.71,4.57,78,12387,57267,
526479,"SKY INDUSTRIES LTD.",X,STK,81.01,83,80,80,80,81.9,39,3800,308221,
526481,"PHOENIX INTERNATIONAL LTD.",X,STK,31.66,32.97,31.47,32.97,32.97,31.5,13,1809,57349,
526490,"PRATIK PANELS LTD.",X,STK,6.94,7.29,6.65,7.08,7.08,6.94,65,71662,501451,
526492,"Rishiroop Limited",X,STK,84.75,84.75,79.7,80.48,80.5,79.5,30,1623,131333,
526494,"Promact Plastics Limited",X,STK,8.99,9.5,8.99,9.5,9.5,9.5,3,80,744,
526500,"STERLING GREEN WOODS LTD.",X,STK,18.9,19,18.9,19,19,18.9,3,43,816,
526506,"SYSTEMATIX CORPORATE SERVICES",B,STK,62.39,64.61,62,64.01,64.61,63.39,95,969,61161,
526508,"Shahi Shipping Limited",X,STK,14.36,14.36,13.26,13.59,13.8,13.69,60,3282,44790,
526519,"ALPINE HOUSING DEVELOPMENT COR",X,STK,85.2,87.2,84.5,86.95,86.95,88.93,16,596,50534,
526521,"SANGHI INDUSTRIES LTD.",B,STK,51.1,54,51.1,52.19,54,51.42,101,7592,393580,
526525,"WORLDWIDE ALUMINIUM LIMITED",X,STK,21.6,21.63,21.3,21.6,21.6,20.6,19,3549,76576,
526530,"IIRM HOLDINGS INDIA LIMITED",X,STK,89.89,89.89,83.2,86.06,86.5,87.49,103,10049,853568,
526532,"SQUARE FOUR PROJECTS INDIA LIM",X,STK,8.58,8.79,8.58,8.78,8.79,8.41,3,12,104,
526544,"SGL RESOURCES LIMITED",X,STK,1.96,2.22,1.96,2.04,2.04,2,203,353751,735458,
526546,"CHOKSI LABORATORIES LTD.",X,STK,100,113.4,100,107.9,107.95,95,41,3725,395638,
526550,"COUNTRY CLUB HOSPITALITY AND H",B,STK,12.34,12.34,11.59,11.75,11.9,11.48,24,1347,15971,
526554,"SALGUTI INDUSTRIES LTD.",X,STK,29,29,29,29,29,28,1,1,29,
526570,"MIDWEST GOLD LTD.",T,STK,4425,4425,4255.9,4303.5,4255.9,4427.25,249,6706,28863824,
526574,"ENTERPRISE INTERNATIONAL LTD.",X,STK,20.14,20.14,20.13,20.13,20.13,19.7,2,125,2516,
526582,"TPL PLASTECH LTD.",B,STK,58.99,61.29,58.3,61.05,60.68,58.44,52,1372,81421,
526586,"WIM PLAST LTD.",X,STK,337.95,339,331.65,336.05,336.85,331.4,211,18209,6108855,
526596,"LIBERTY SHOES LTD.",B,STK,258.3,258.75,252.2,252.4,252.4,260.95,59,1557,396294,
526604,"LIPPI SYSTEMS LTD.",XT,STK,39.93,39.93,39.93,39.93,39.93,42.03,16,954,38093,
526608,"ELECTROTHERM (INDIA) LTD.",B,STK,637.35,669,619.5,651.1,638.7,627.7,181,2431,1571037,
526612,"BLUE DART EXPRESS LTD.",A,STK,5160.6,5210,5107.55,5146.85,5131.95,5117.55,340,887,4572684,
526614,"EXPO ENGINEERING AND PROJECTS",X,STK,57.81,58.46,53,54.8,55,56,63,10597,589575,
526616,"NATIONAL PLASTIC INDUSTRIES LT",X,STK,43.3,44,42.1,42.27,42.99,42.75,49,3301,140901,
526622,"MFL INDIA LTD.",X,STK,0.38,0.39,0.37,0.37,0.37,0.38,233,425182,162825,
526638,"TEXEL INDUSTRIES LTD.",X,STK,76,76,71.31,74.3,74.65,73.15,43,2667,196959,
526640,"ROYALE MANOR HOTELS & INDUSTRI",X,STK,29,29.99,28.55,29.1,29.99,29.01,7,351,10182,
526642,"MIRZA INTERNATIONAL LTD.",B,STK,30.37,31.09,30.09,30.44,30.5,30.38,44,7708,235018,
526650,"TOURISM FINANCE CORPORATION OF",B,STK,65.03,66.25,65,65.73,65.75,65.93,509,2392270,157969167,
526654,"THAKKERS DEVELOPERS LTD.",X,STK,109,113.9,104,113.9,113.9,109,20,745,79965,
526662,"RAJDARSHAN INDUSTRIES LTD.",B,STK,41.9,41.9,41.9,41.9,41.9,41.9,2,19,796,
526666,"BHARTIYA INTERNATIONAL LTD.",B,STK,790,790,707.6,707.6,707.6,712.25,9,47,34201,
526668,"KAMAT HOTELS (INDIA) LTD.",B,STK,181.4,185.7,180.75,182.4,182.4,182.85,34,731,133625,
526675,"TIRTH PLASTIC LTD.",XT,STK,23.38,23.38,22,23.1,23.1,22.27,47,5432,124994,
526677,"DSJ KEEP LEARNING LIMITED",B,STK,1.96,2.01,1.83,1.86,1.86,1.92,30,5339,10043,
526703,"ECOPLAST LTD.",X,STK,484,512,471.25,508.9,509,484.3,98,2650,1325714,
526705,"ELEGANT MARBLES & GRANI INDUST",X,STK,178.3,180,172.3,179.35,175.3,182.15,44,465,82568,
526709,"BITS LTD.",X,STK,7.98,7.98,7.4,7.65,7.86,7.7,356,58637,449583,
526711,"ADARSH PLANT PROTECT LTD.",X,STK,32.86,33.54,31.31,31.43,31.31,32,25,5766,184256,
526717,"HCP PLASTENE BULKPACK LIMITED",X,STK,177.35,179.45,170,172.95,172.95,177.35,29,2128,365112,
526721,"NICCO PARKS & RESORTS LTD.",X,STK,63.98,64.95,63,63.36,63.8,63.93,64,2932,186968,
526723,"NTC INDUSTRIES LTD.",X,STK,162,162.75,156.25,160.4,160.4,156.7,83,33811,5395577,
526727,"GARNET CONSTRUCTION LTD.",XT,STK,85.94,88.47,82.14,86.58,87,86.43,52,17497,1468123,
526729,"GOLDIAM INTERNATIONAL LTD.",A,STK,290.05,298.6,289.7,297.3,297.3,292.4,567,18529,5456805,
526731,"BRIGHT BROTHERS LTD.",X,STK,198.45,210,193.35,208,209.95,193.3,89,7994,1594717,
526739,"NARMADA GELATINES LTD.",X,STK,345.95,345.95,335,343.3,343.3,341.15,94,1678,568664,
526747,"PG FOILS LTD.",X,STK,201.95,216.4,197.2,216.4,216.4,206.1,187,55573,11862800,
526755,"VELAN HOTELS LTD.",X,STK,5.16,5.41,5.16,5.41,5.41,5.16,7,179,964,
526761,"HOWARD HOTELS LTD.",X,STK,23.5,25.98,22.02,23.19,22.5,22.52,7,210,4756,
526775,"VALIANT COMMUNICATIONS LTD.",XT,STK,1001.1,1017,964.9,999.75,1002.5,1015.55,286,7965,7957283,
526783,"DR.AGARWALS EYE HOSPITAL LTD.",B,STK,4740,4740,4650,4703.25,4716.9,4667.3,123,1203,5647030,
526797,"GREENPLY INDUSTRIES LTD.",B,STK,194,194.5,189.55,193.9,191.25,194,249,5049,971922,
526807,"SEAMEC LTD.",B,STK,1368.9,1408.25,1323.5,1353.3,1347.3,1368.8,258,1900,2580820,
526813,"RAGHUNATH INTERNATIONAL LTD.",X,STK,10.4,10.4,10.22,10.35,10.35,10.4,14,2393,24709,
526817,"CHEVIOT CO.LTD.",B,STK,973,985,961,971.55,971.55,973.7,24,213,206703,
526821,"DAI-ICHI KARKARIA LTD.",X,STK,244.05,252.5,244,246.75,246.75,249.1,82,10118,2514624,
526827,"SPICE ISLANDS INDUSTRIES LIMIT",XT,STK,232.8,232.8,232.8,232.8,232.8,228.25,32,4652,1082985,
526829,"CONFIDENCE PETROLEUM INDIA LTD",B,STK,32,34.27,31.25,31.61,31.61,31.94,574,99523,3194224,
526839,"SHELTER INFRA PROJECTS LTD.",X,STK,14.5,15,14.5,15,15,15.29,14,149,2196,
526841,"SHAKTI PRESS LTD.",X,STK,28.68,28.68,26.25,26.25,26.25,27.63,23,4921,129297,
526847,"ASHIRWAD STEELS & INDUSTRIES L",X,STK,21.9,23.61,21.5,22.99,22.99,22.79,27,1043,24068,
526849,"BANARAS BEADS LTD.",B,STK,114.95,115.55,109,111.25,114.9,113.4,70,1070,120158,
526853,"BILCARE LTD.",X,STK,56.13,58.32,53.02,54.61,54.61,57.61,216,25234,1403449,
526859,"ISF LIMITED",X,STK,0.93,0.93,0.92,0.92,0.92,0.94,15,4408,4089,
526861,"RISHI LASER LTD.",X,STK,101.65,107,101.65,106.25,107,104.25,32,1533,157444,
526865,"JAINCO PROJECTS (INDIA) LTD.",X,STK,5.01,5.01,4.55,4.55,4.55,4.78,2,51,255,
526869,"KUMBHAT FINANCIAL SERVICES LTD",X,STK,21.6,21.6,21.6,21.6,21.6,21.8,2,46,993,
526871,"INTEC CAPITAL LTD.",X,STK,10.99,10.99,10.03,10.12,10.83,10.44,14,3803,38397,
526873,"RAJASTHAN SECURITIES LIMITED",X,STK,34,36.8,34,34.71,34.71,37.9,99,23520,812279,
526877,"SIDDHESWARI GARMENTS LTD.",X,STK,23.67,23.67,21.43,21.99,22.54,22.55,5,7,157,
526881,"63 Moons Technologies Limited",A,STK,545.4,555,539.8,546.15,545.35,545.4,240,7306,3977186,
526883,"SHIKHAR CONSULTANTS LTD.",XT,STK,15.83,15.83,15.83,15.83,15.83,16.15,1,5,79,
526885,"SARLA PERFORMANCE FIBERS LTD.",B,STK,79.81,80.65,78.62,80.44,80.65,79.02,152,13150,1051488,
526887,"INDO CREDIT CAPITAL LTD.",X,STK,4.99,4.99,4.99,4.99,4.99,4.76,1,1,4,
526899,"HIMALAYA FOOD INTERNATIONAL LI",X,STK,7.87,8.11,7.61,7.76,7.8,7.74,312,141525,1118705,
526901,"SONAL ADHESIVES LTD.",X,STK,34.9,35.85,34,34.19,34.2,37.23,46,1817,62144,
526905,"Padmanabh Industries Ltd",XT,STK,8.75,9.02,8.61,8.95,8.99,9.06,13,6111,53402,
526921,"TWENTYFIRST CENTURY MANAGEMENT",B,STK,32.91,33.13,32.26,33,33,32.91,12,502,16410,
526931,"HARIYANA SHIP BREAKERS LTD.",X,STK,99.9,101,98,99.5,99,99.9,36,785,77602,
526935,"Kalind Limited",XT,STK,89.47,90.49,85.51,89.43,89.43,89.91,611,420871,37426085,
526941,"VAISHNO CEMENT CO.LTD.",P,STK,3.9,3.9,3.9,3.9,3.9,3.72,2,1500,5850,
526945,"TYROON TEA CO.LTD.",X,STK,83.5,93.98,73.65,82.77,83,82.4,32,2859,231777,
526947,"LA OPALA RG LTD.",B,STK,188.05,192,186.95,190.4,190.15,186.25,159,985,186194,
526951,"STYLAM INDUSTRIES LIMITED",B,STK,2214.75,2230,2213.9,2223.15,2221.45,2216.2,37,540,1199179,
526953,"VENUS REMEDIES LTD.",B,STK,950,950,907.65,915.5,916.5,912.85,351,4385,4019004,
526961,"LAST MILE ENTERPRISES LIMITED",X,STK,4.22,4.22,3.8,3.92,3.92,4.22,3735,1689645,6654561,
526965,"GUJARAT CRAFT INDUSTRIES LTD.",X,STK,100,100,93,97.65,98.1,98.7,47,957,92411,
526967,"HEERA ISPAT LTD.",X,STK,6.65,6.99,6.29,6.29,6.29,6.65,14,866,5752,
526971,"DHOOT INDUSTRIAL FINANCE LTD.",X,STK,203.75,203.75,189.95,190,190,194.75,35,687,131331,
526981,"SHRI BAJRANG ALLIANCE LIMITED",X,STK,156,156.75,146.1,153.25,153.25,152.7,74,6692,1029670,
526987,"URJA GLOBAL LTD.",B,STK,8.85,8.92,8.73,8.78,8.82,8.87,655,115774,1019492,
527001,"ASHAPURA MINECHEM LTD.",A,STK,507.45,507.45,486.85,496.8,496.8,493.4,779,13980,6907572,
527005,"SHREE PACETRONIX LTD.",X,STK,106.55,115.65,101,104.05,104,107.85,135,20435,2150804,
530001,"GUJARAT ALKALIES & CHEMICALS L",B,STK,416.2,417.8,412.1,414.45,412.1,416.2,356,1914,795992,
530005,"INDIA CEMENTS LTD.",A,STK,355.3,363.95,352.8,358.25,357.4,355.25,490,11110,3970690,
530007,"JK TYRE & INDUSTRIES LTD.",A,STK,419.95,423.15,411.35,421.25,421.35,418.45,5109,99413,41381554,
530017,"STANDARD INDUSTRIES LTD.",B,STK,14.24,14.24,13.2,13.56,13.54,13.86,50,4757,64634,
530019,"JUBILANT PHARMOVA LIMITED",A,STK,825.35,846.55,825.35,836.25,836.25,840.25,631,5760,4819498,
530023,"THE INVESTMENT TRUST OF INDIA",B,STK,97.45,97.45,96,96,96,95.07,5,310,29774,
530025,"SAMYAK INTERNATIONAL LTD.",X,STK,13.5,14.25,13.37,13.95,13.95,13.3,20,11024,153161,
530027,"AADI INDUSTRIES LTD.",XT,STK,8.24,8.24,7.85,7.86,7.86,8.2,20,2078,16420,
530037,"SPARKLE GOLD ROCK LIMITED",X,STK,66.18,72.99,66.18,66.18,66.18,69.66,12,2321,154843,
530043,"ACKNIT INDUSTRIES LTD.",X,STK,285,285,274.5,274.5,274.5,264,3,21,5870,
530045,"TITAN SECURITIES LTD.",X,STK,38.34,39.74,37,38.03,38,38.34,97,3905,148757,
530053,"REAL ECO-ENERGY LIMITED",X,STK,4.78,5.76,4.45,4.8,5.03,4.8,185,1099686,5176373,
530057,"Vivanza Biosciences Limited",X,STK,1.92,1.92,1.9,1.9,1.9,1.9,28,38636,73642,
530063,"YASHRAJ CONTAINEURS LTD.",XT,STK,4.43,4.51,4.3,4.3,4.3,4.52,11,338,1467,
530065,"LORDS ISHWAR HOTELS LIMITED",X,STK,18.16,18.16,14.88,16.68,16.68,16.53,7,774,12339,
530067,"CSL Finance Limited",B,STK,240.3,248.3,240.3,247.35,245.2,241.95,50,3027,748198,
530073,"SANGHVI MOVERS LTD.",B,STK,232.7,232.7,225.5,226.15,227.05,232.65,472,19425,4420562,
530075,"Antelopus Selan Energy Limited",B,STK,536,548,524.05,540.55,539.75,533.6,305,5319,2848300,
530077,"PURETROP FRUITS LIMITED",X,STK,177.25,180.95,177.2,179.5,179.2,177.05,76,12639,2260681,
530079,"FAZE THREE LTD.",T,STK,409.9,423.95,409.9,422.5,422.25,413.95,34,991,417883,
530109,"ANUPAM FINSERV LIMITED",X,STK,1.94,2.02,1.94,2,2.01,1.98,198,170956,339763,
530111,"RAJ PACKAGING INDUSTRIES LTD.",X,STK,27.51,30.8,26.02,28.68,28.68,28.94,25,2212,60428,
530117,"PRIVI SPECIALITY CHEMICALS LIM",A,STK,2809.5,2980.1,2809.5,2936.55,2941.05,2832.1,960,6966,20289478,
530119,"NATRAJ PROTEINS LTD.",X,STK,28.51,32.3,28.51,29.55,29.55,31,53,11001,327061,
530125,"SAMRAT PHARMACHEM LTD.",X,STK,210,210,201.5,202.05,201.5,206,28,625,129153,
530127,"NPR FINANCE LTD.",X,STK,21,21,18.7,19.35,19.35,19.94,30,883,16890,
530129,"NILE LTD.",X,STK,1498.8,1502.95,1426,1478.45,1488,1498.8,290,2974,4349371,
530133,"AMCO INDIA LTD.",X,STK,63.82,63.85,63.82,63.85,63.85,63.5,4,31,1978,
530135,"OPTIEMUS INFRACOM LTD",B,STK,329,342,325,328.8,330.8,333.75,658,24035,7981658,
530139,"KREON FINNANCIAL SERVICES LTD.",X,STK,39.3,39.3,29.22,31.31,32.85,33.41,32,3371,110837,
530141,"GYAN DEVELOPERS & BUILDERS LTD",X,STK,36,36,36,36,36,34.25,2,2,72,
530145,"KISAN MOULDINGS LTD.",X,STK,25.25,25.25,24.25,24.47,24.47,24.86,137,47472,1163162,
530163,"KERALA AYURVEDA LTD.",X,STK,165.4,180,161.05,175.65,175.65,165.35,246,31145,5404647,
530167,"MOONGIPA CAPITAL FINANCE LTD.",X,STK,14.99,15.25,14.31,14.5,14.5,14.58,33,44417,659130,
530169,"MOHIT PAPER MILLS LTD.",X,STK,29,29,28,28,28,27.83,10,416,11889,
530171,"DAULAT SECURITIES LTD.",X,STK,29.8,29.89,28.5,29.73,29.73,28,11,266,7824,
530175,"ODYSSEY TECHNOLOGIES LTD.",X,STK,51.9,51.9,48.2,50,50,49.98,11,5531,268465,
530179,"RSC INTERNATIONAL LTD.",X,STK,26.88,27.3,26.88,26.88,26.88,28.29,20,30775,837769,
530185,"Surat Trade and Mercantile Lim",X,STK,4.29,4.29,4.08,4.15,4.19,4.1,158,36722,152170,
530187,"ATHARV ENTERPRISES LTD.",X,STK,3.98,3.98,3.71,3.71,3.71,3.98,14,8922,33641,
530197,"FUNDVISER CAPITAL (INDIA) LIMI",XT,STK,329,329,326.5,328,328,314.25,48,10527,3452585,
530199,"THEMIS MEDICARE LTD.",B,STK,75.84,76.21,73.63,75.6,75,76.27,174,9821,730828,
530201,"KALLAM TEXTILES LTD",X,STK,2.85,2.96,2.6,2.68,2.69,2.76,144,99370,273030,
530207,"BRAWN BIOTECH LTD.",X,STK,18.24,18.24,18.24,18.24,18.24,19.19,1,1,18,
530213,"FORTUNE INTERNATIONAL LTD.",X,STK,75,75,63,63,63,63,6,806,50911,
530215,"KINGS INFRA VENTURES LIMITED",X,STK,115,115,109,110.7,111.3,109.2,174,12855,1435409,
530217,"SWOJAS FOODS LIMITED",X,STK,10.13,10.4,9.71,9.79,9.94,9.93,50,78757,789366,
530231,"SUBHASH SILK MILLS LTD.",X,STK,38.38,38.38,38.38,38.38,38.38,36.56,2,408,15659,
530233,"AURO LABORATORIES LTD.",XT,STK,280,280,272.25,276,276,280,8,42,11606,
530235,"KJMC FINANCIAL SERVICES LTD.",X,STK,44.02,46,44.02,44.75,45,44.02,25,727,33240,
530239,"SUVEN LIFE SCIENCES LTD.",B,STK,137,138.85,135.5,137.65,137.55,137.4,145,6022,824347,
530245,"ARYAMAN FINANCIAL SERVICES LTD",X,STK,600.1,620,600.1,616.5,620,605,19,440,267722,
530249,"BRIDGE SECURITIES LTD.",X,STK,12.17,13.05,12.17,12.9,13.05,12.15,153,63377,808520,
530251,"RISA INTERNATIONAL LTD.",X,STK,0.44,0.48,0.41,0.47,0.48,0.42,137,194739,86704,
530253,"RAJASTHAN TUBE MANUFACTURING C",X,STK,14.69,15.39,14.69,14.69,14.69,15.46,118,84512,1242102,
530255,"KAY POWER AND PAPER LTD.",X,STK,8.3,8.57,8.14,8.22,8.15,8.13,48,12329,100684,
530259,"INTER STATE OIL CARRIER LTD.",X,STK,41.69,43.29,36.75,37.42,37,36.75,993,148308,6001202,
530263,"GLOBAL CAPITAL MARKETS LTD.",X,STK,0.52,0.52,0.48,0.5,0.51,0.51,129,182217,91228,
530265,"SAINIK FINANCE & INDUSTRIES LT",X,STK,37.12,38.2,30.7,35.02,35.1,36.47,34,4825,162940,
530267,"ARIGATO UNIVERSE LIMITED",X,STK,57.9,57.9,52.48,56.41,57,55.24,17,716,40279,
530271,"RICH UNIVERSE NETWORK LTD.",X,STK,6.19,6.19,5.8,5.8,5.8,5.9,3,102,630,
530281,"QUANTUM DIGITAL VISION (INDIA)",X,STK,21.59,21.59,20.61,20.61,20.61,21.69,3,74,1526,
530289,"SP CAPITAL FINANCING LTD.",X,STK,56.1,56.1,56,56,56,56.1,5,223,12509,
530295,"SHRI RAJIVLOCHAN OIL EXTRACTIO",X,STK,23.99,23.99,23.99,23.99,23.99,25.25,1,1,23,
530299,"KOTHARI PRODUCTS LTD.",B,STK,63.41,63.72,62.63,63.01,63.01,63,24,564,35462,
530305,"PICCADILY AGRO INDUSTRIES LTD.",B,STK,530.2,552.45,530.2,547.4,546.1,539.95,717,10963,5988708,
530307,"CHAMAN LAL SETIA EXPORTS LTD.",B,STK,235.9,238.2,233.1,234.65,235.85,235.95,153,4092,963769,
530309,"CHANDRA PRABHU INTERNATIONAL L",X,STK,11.6,12.68,11.6,12.02,12,11.78,53,5984,72687,
530313,"KIMIA BIOSCIENCES LIMITED",X,STK,28.94,29.24,28.01,29.24,29.24,28.58,23,952,27479,
530315,"HINDUSTAN TIN WORKS LTD.",X,STK,99.55,100.85,95.5,96.75,97.3,96.7,164,23943,2325790,
530317,"GODAVARI DRUGS LTD.",X,STK,82.99,83,80,82.24,82.9,81.98,41,2950,240978,
530331,"PREMCO GLOBAL LTD.",X,STK,424.2,433.3,414.5,420.55,416,420.5,84,1755,734633,
530341,"MUKESH BABU FINANCIAL SERVICES",X,STK,112,119.55,112,117,117,108.3,9,556,62667,
530343,"GENUS POWER INFRASTRUCTURES LT",A,STK,249.75,250,238.7,249.05,248.9,239,567,30451,7500812,
530355,"ASIAN ENERGY SERVICES LTD",B,STK,272.15,299.75,269.7,290.85,290.85,269.45,593,28296,8206486,
530357,"KBS INDIA LIMITED",XT,STK,1.12,1.15,1.1,1.12,1.12,1.12,87,743317,825324,
530361,"PRABHHANS INDUSTRIES LIMITED",X,STK,32.93,33.68,32.3,33,33,32.93,14,2211,72388,
530363,"UGAR SUGAR WORKS LTD.",B,STK,37,37.24,36.64,36.81,36.76,36.69,36,2569,94842,
530365,"ORIENT BELL LIMITED",B,STK,268.45,283,263.6,272.4,274.1,269.65,93,487,132195,
530367,"NRB BEARINGS LTD.",B,STK,249,258.85,249,254.85,254.25,251.3,113,3644,925343,
530369,"VAMSHI RUBBER LTD.",X,STK,44.96,44.98,44.96,44.98,44.98,44,3,1002,45049,
530377,"NILA INFRASTRUCTURES LTD.",B,STK,6.9,7.15,6.82,6.92,7,6.96,112,77676,536314,
530393,"DB (INTERNATIONAL) STOCK BROKE",B,STK,28,28,25,25.3,25.3,25,6,16,413,
530401,"VINYOFLEX LTD.",X,STK,43,43,39.6,40.42,40.41,42.25,17,789,32098,
530405,"JINDAL CAPITAL LTD.",X,STK,31.37,32.4,29.12,30.8,30.8,31.22,37,774,23700,
530407,"EPIC ENERGY LTD.",X,STK,32,32,29.51,30.29,29.62,30.05,51,3549,106233,
530419,"SUMEDHA FISCAL SERVICES LTD.",X,STK,37.8,37.8,30.95,32.64,32.64,35.3,314,69493,2241781,
530421,"KUWER INDUSTRIES LTD.",X,STK,10.95,10.95,8.75,9.24,9.24,9.15,43,8469,76799,
530427,"CHOKSI ASIA LIMITED",X,STK,143,143,135,140.35,140.35,143,32,758,104093,
530429,"ASHISH POLYPLAST LTD.",X,STK,33,33,31,31,31,29.9,7,158,5170,
530433,"SHIVA GLOBAL AGRO INDUSTRIES L",X,STK,42.9,42.9,40,40.93,40.95,40.61,27,2016,82054,
530439,"SIDDHA VENTURES LTD.",X,STK,3.9,3.9,3.85,3.85,3.85,3.9,16,1514,5888,
530443,"KIRAN SYNTEX LTD.",X,STK,13.01,14.18,13.01,14.12,13.55,13.51,12,1657,23040,
530445,"SUMERU INDUSTRIES LTD.",X,STK,1.6,1.69,1.55,1.65,1.65,1.55,58,4160,6721,
530449,"RUNGTA IRRIGATION LTD.",X,STK,49.56,49.56,45.1,46.96,48,50,81,6008,282084,
530457,"GTT DATA SOLUTIONS LIMITED",X,STK,56.8,56.8,51.51,54.34,54.6,54.67,206,96484,5130174,
530459,"VALSON INDUSTRIES LTD.",X,STK,24.07,25.2,23.99,24,24,24.07,21,4036,97137,
530461,"SABOO SODIUM CHLORO LTD.",X,STK,12.5,12.5,11.9,12.15,12.12,12.09,110,57883,701068,
530469,"GSL SECURITIES LTD.",XT,STK,37.07,37.1,37.07,37.07,37.07,39.02,16,4825,178865,
530475,"TINNA RUBBER AND INFRASTRUCTUR",B,STK,629.15,647.85,627,628.1,629,636.8,290,1842,1166611,
530477,"VIKRAM THERMO (INDIA) LTD.",X,STK,146.95,147,142.15,143.6,145,146.25,95,2988,433811,
530495,"STRATMONT INDUSTRIES LIMITED",XT,STK,64.73,71.53,64.73,69.98,69.98,68.13,33,1529,99840,
530499,"A.K.CAPITAL SERVICES LTD.",X,STK,1537.75,1545,1530.05,1540.6,1544.8,1530.05,14,237,364623,
530517,"RELAXO FOOTWEARS LTD.",A,STK,289.4,289.4,273,275.65,275.65,286.65,1767,28487,7956566,
530521,"VIRAT INDUSTRIES LTD.",X,STK,313,328,313,325.3,328,314.55,18,1760,572205,
530525,"RAJNISH RETAIL LIMITED",X,STK,3.3,3.3,3.1,3.1,3.1,3.26,456,622454,1939086,
530533,"TERAI TEA CO.LTD.",X,STK,98.9,98.9,98.9,98.9,98.9,93.3,1,10,989,
530537,"MANRAJ HOUSING FINANCE LTD.",X,STK,44.01,44.01,44.01,44.01,44.01,44.01,1,1,44,
530545,"COSCO (INDIA) LTD.",X,STK,182.3,190.5,181.3,181.75,181.3,186,20,439,80471,
530549,"SHILPA MEDICARE LTD.",A,STK,318.3,320.25,314.65,317.45,317,316.25,304,6966,2212320,
530555,"PARAMOUNT COMMUNICATIONS LTD.",B,STK,33,34.5,32.7,33.69,33.51,33.25,748,430765,14289149,
530557,"NCL RESEARCH & FINANCIAL SERVI",X,STK,0.41,0.44,0.39,0.44,0.44,0.42,1063,6121377,2515364,
530571,"EXPLICIT FINANCE LTD.",X,STK,10.23,10.23,9.27,10.22,10.22,9.75,13,557,5409,
530577,"LADDERUP FINANCE LTD.",X,STK,53.49,53.49,50.01,50.31,50.31,53.5,12,174,8807,
530579,"U. Y. FINCORP LIMITED",B,STK,13.6,13.99,13.17,13.21,13.2,13.6,34,9791,131096,
530581,"EKAM LEASING & FINANCE CO.LTD.",X,STK,5.89,5.89,5.89,5.89,5.89,5.89,1,1,5,
530585,"SWASTIKA INVESTMART LTD.",X,STK,49.91,54,49.9,53.53,53.95,50.72,101,24541,1292263,
530589,"PRIMA PLASTICS LTD.",X,STK,107.05,109.55,100.2,103.85,105,105.85,80,7256,771740,
530595,"TELECANOR GLOBAL LTD.",XT,STK,41,41.48,39,41.35,41.35,39.51,95,53414,2183895,
530601,"JAGSONPAL SERVICES LIMITED",X,STK,67.43,67.43,55.6,57.6,60.5,61.3,21,218,12829,
530615,"GARG FURNACE LTD.",X,STK,138.15,144.45,135.65,144.1,144.1,138.15,37,5079,717247,
530617,"SAMPRE NUTRITIONS LTD.",X,STK,22.95,23,21.31,22.9,22.9,22.43,668,359738,8007104,
530621,"Akar Auto Industries Limited",X,STK,93.5,95.94,88.3,91.02,92.25,92.81,146,11401,1049591,
530627,"Vipul Organics Limited",X,STK,186.9,186.9,175,176.3,176.3,180.75,114,9752,1755578,
530643,"ECO RECYCLING LTD.",B,STK,307,314.95,303,309.25,310,300,665,18404,5677301,
530655,"Goodluck India Limited",B,STK,1023.05,1063.95,1019.75,1045.95,1044.25,1027,173,1317,1379092,
530663,"GOYAL ASSOCIATES LTD.",X,STK,0.91,0.91,0.85,0.85,0.85,0.89,35,16463,14147,
530665,"ZENITH HEALTH CARE LTD.",X,STK,3.15,3.2,3.01,3.18,3.2,2.93,106,31701,99601,
530675,"YORK EXPORTS LTD.",X,STK,54.39,55.97,54.39,54.39,54.39,53.31,3,81,4407,
530677,"SUPREME HOLDINGS & HOSPITALITY",B,STK,53.42,55.27,52,54.61,55.09,52.58,29,529,28596,
530689,"LYKIS LIMITED",X,STK,48.99,50.5,47,48.42,47.99,48.01,256,55622,2707005,
530695,"PRIME PROPERTY DEVELOPMENT COR",X,STK,21.3,21.84,19.6,20.77,20.77,20.11,49,625,12800,
530697,"Zenlabs Ethica Limited",X,STK,19.9,19.9,18.91,19.48,19.05,19.56,19,737,14000,
530699,"RAJ RAYON INDUSTRIES LIMITED",T,STK,21.57,21.57,21.05,21.05,21.05,21.47,20,451,9501,
530705,"ANIRIT VENTURES LIMITED",XT,STK,38.52,38.52,36.6,36.6,36.6,38.52,5,2340,85912,
530709,"GOWRA LEASING & FINANCE LTD.",X,STK,81.96,85,80,85,85,81.95,13,1729,141554,
530711,"JAGAN LAMPS LTD.",X,STK,51.5,53.24,51.5,52.8,52.79,53.24,36,4840,255138,
530723,"ASIT C.MEHTA FINANCIAL SERVICE",X,STK,117.7,117.7,117.65,117.65,117.65,106,2,11,1294,
530733,"ENCODE PACKAGING INDIA LIMITED",X,STK,12.37,12.37,12.37,12.37,12.37,11.79,2,21,259,
530735,"SUPER BAKERS (INDIA) LTD.",X,STK,32.9,36.2,32.87,36.2,36.2,34.6,4,102,3356,
530741,"OVOBEL FOODS LTD.",X,STK,124.65,128.75,118,118.55,118.05,121.65,161,5001,602729,
530745,"ACS TECHNOLOGIES LIMITED",X,STK,36.92,36.92,36.01,36.87,36.85,36.29,81,21965,796960,
530747,"CHALLANI CAPITAL LIMITED",X,STK,21.56,21.56,20,20.89,20.89,21.9,20,418,8574,
530755,"CORAL NEWSPRINTS LTD.",X,STK,8.76,8.76,8.76,8.76,8.76,8.76,1,2,17,
530759,"STERLING TOOLS LTD.",B,STK,177.5,181.7,171.5,174.75,174.75,177.45,338,9630,1697785,
530765,"AGARWAL FORTUNE INDIA LIMITED",X,STK,18.01,18.01,18.01,18.01,18.01,18,5,9601,172914,
530779,"DYNAMIC PORTFOLIO MANAGEMENT &",X,STK,26.15,27.15,24.61,24.61,24.61,25.9,6,5006,123207,
530787,"INLAND PRINTERS LTD.",XT,STK,53.48,53.48,49.81,49.81,49.81,52.43,24,1640,82012,
530797,"SHREE GANESH ELASTOPLAST LTD.",X,STK,13.81,13.81,13.81,13.81,13.81,14.53,1,1,13,
530799,"ANNA INFRASTRUCTURES LTD.",X,STK,28.29,28.29,25.61,26.84,25.61,26.95,6,10,272,
530803,"Bhageria Industries Limited",B,STK,142.6,143.4,140,140.35,141.75,141.4,23,638,90526,
530805,"ONESOURCE INDUSTRIES AND VENTU",X,STK,6.29,6.4,6,6.3,6.39,6.3,133,28329,177488,
530809,"BNR UDYOG LTD.",X,STK,37.5,37.5,33,36.95,36.95,37.59,20,557,18633,
530813,"KRBL LTD.",A,STK,290.7,290.8,280.8,283.9,284.25,290.65,905,25774,7355594,
530821,"SSPDL LTD.",XT,STK,12.95,12.95,12.95,12.95,12.95,13.63,7,2158,27946,
530825,"DAIKAFFIL CHEMICALS INDIA LTD.",X,STK,37.8,37.83,36,37.83,37.31,36.03,101,28985,1076380,
530829,"CIL SECURITIES LTD.",X,STK,36.44,36.44,34.2,34.48,34.2,36.44,20,1157,40326,
530839,"CLIO INFOTECH LTD.",X,STK,6.35,6.97,6.35,6.94,6.97,6.64,35,12959,87567,
530843,"CUPID LTD.",B,STK,80.5,81,78.7,79.3,79.3,78.75,4405,858655,68480480,
530845,"SUNSHIELD CHEMICALS LTD.",X,STK,765.55,786,750.25,760.8,757.1,765.4,82,6843,5255535,
530855,"GDL LEASING & FINANCE LTD.",XT,STK,84.45,84.45,84.45,84.45,84.45,86.15,5,173,14609,
530871,"Chembond Material Technologies",B,STK,131,131,127,127,127,129.05,12,109,14041,
530879,"CAPITAL INDIA FINANCE LIMITED",B,STK,26.8,26.8,24.72,26.46,25.78,24.99,429,77414,2020348,
530881,"Arunjyoti Bio Ventures Limited",X,STK,6.74,7.27,6.51,7.12,7.12,6.61,149,176671,1245796,
530883,"SUPER CROP SAFE LTD.",X,STK,7.03,7.7,7.03,7.21,7.21,7.39,157,135839,999936,
530897,"N.G.INDUSTRIES LTD.",X,STK,122,129.9,122,125.1,124.8,128,18,1296,160203,
530899,"ASIA PACK LTD.",X,STK,36.8,38.4,36.8,36.86,36.86,36.8,4,696,26684,
530909,"ERP SOFT SYSTEMS LTD.",X,STK,46,46,46,46,46,43.86,1,27,1242,
530919,"REMSONS INDUSTRIES LTD.",B,STK,92.75,93.2,90.55,91.05,91,92.7,166,4982,457175,
530925,"RAMSONS PROJECTS LTD.",XT,STK,104,107.15,103.85,103.85,103.85,109.3,10,259,26977,
530927,"HARYANA FINANCIAL CORPORATION",ZP,STK,82,82,82,82,82,83.99,1,100,8200,
530931,"STANPACKS (INDIA) LTD.",X,STK,10.9,10.9,10.74,10.85,10.85,10.39,14,4087,44311,
530943,"Aqylon Nexus Limited",B,STK,75.85,81.65,75.85,75.85,75.85,79.8,429,159947,12216681,
530951,"RAMINFO LIMITED",X,STK,54.46,56,52.1,54.75,54.75,56.09,54,9060,493817,
530953,"SUNIL AGRO FOODS LTD.",X,STK,88.78,91.99,88.78,91.99,91.99,93.45,6,151,13413,
530959,"DIANA TEA CO.LTD.",X,STK,24.01,24.79,23.76,23.8,23.77,24.01,23,4218,101936,
530961,"Vikas EcoTech Limited",B,STK,1.24,1.29,1.21,1.27,1.27,1.24,4690,572345,714603,
530965,"INDIAN OIL CORPORATION LTD.",A,STK,149.2,149.85,145.45,146.65,146.65,149.2,13289,1333546,196406639,
530977,"Shri Keshav Cements and Infra",X,STK,142.55,145,135.1,144,144,138.45,26,17405,2479772,
530979,"INDIA HOME LOAN LTD.",X,STK,30.41,35.3,30.41,33.88,33.86,32.72,60,1250,40095,
530991,"ROOPA INDUSTRIES LTD.",X,STK,44.4,44.4,42.02,44,44,44.4,5,585,24590,
530993,"SARTHAK GLOBAL LTD.",X,STK,41.58,41.58,41.58,41.58,41.58,42,1,1,41,
530997,"UNIQUE ORGANICS LTD.",X,STK,88.9,88.9,78.25,79,79,82.33,43,313,25357,
530999,"BALAJI AMINES LTD.",B,STK,1011.95,1018.85,993.1,999.6,1011.9,1012.3,328,3903,3926760,
531015,"VENMAX DRUGS AND PHARMACEUTICA",X,STK,24,25.8,22.1,22.48,25.33,24.49,21,3723,83970,
531017,"ARIHANTS SECURITIES LTD.",X,STK,18,20,15.12,15.62,15.55,17,74,9024,141955,
531025,"VISAGAR FINANCIAL SERVICES LTD",X,STK,0.32,0.32,0.29,0.3,0.3,0.32,545,1725937,523021,
531027,"LIBORD SECURITIES LTD.",X,STK,16.31,16.31,15.9,15.9,15.9,16.31,2,3,48,
531033,"REGAL ENTERTAINMENT & CONSULTA",X,STK,28.24,30.65,28.24,30.33,30.33,29.72,14,521,15832,
531035,"ERAAYA LIFESPACES LIMITED",XT,STK,22.11,22.64,21.25,22.18,22.44,22.11,355,204725,4556795,
531041,"COMPETENT AUTOMOBILES CO.LTD.",X,STK,343.05,357.95,343.05,346.3,349,346.35,77,3947,1365776,
531043,"DHANVANTRI JEEVAN REKHA LTD.",X,STK,22.47,22.47,21.35,22.42,22.42,22.47,9,500,11209,
531067,"CONTIL INDIA LTD.",X,STK,26.84,26.84,25.55,26.26,26.54,25.94,76,11357,296318,
531069,"VIJAY SOLVEX LTD.",X,STK,458.4,466,437.9,462.75,462.75,468.3,109,1927,868998,
531080,"SHRI KRISHNA DEVCON LTD.",X,STK,36.5,36.5,34,36.4,36.4,35,7,163,5570,
531082,ALANKIT,B,STK,7.73,7.78,7.45,7.58,7.56,7.65,122,19288,147233,
531083,"NIHAR INFO GLOBAL LTD.",XT,STK,5.77,5.77,5.77,5.77,5.77,5.5,2,170,980,
531091,"UNITED CREDIT LTD.",X,STK,22,22,19,20.07,20.2,20.14,34,627,12763,
531092,"OM INFRA LIMITED",B,STK,83.9,89.3,82.8,87.87,88.48,83.51,209,5723,490308,
531099,"Checkpoint Trends Limited",X,STK,47,47.32,47,47.32,47.32,45.07,50,27298,1291709,
531109,"Ishan Dyes and Chemicals Limit",B,STK,54.22,57.5,54.22,55.01,55.01,52.92,5,950,52306,
531111,"GOTHI PLASCON (INDIA) LTD.",P,STK,34.61,36.97,34.61,36.97,36.97,35.21,5,1100,40236,
531112,"BALU FORGE INDUSTRIES LIMITED",A,STK,443.6,451.25,438,446.45,446.5,442.45,683,13784,6133981,
531119,"CEENIK EXPORTS (INDIA) LTD.",X,STK,265.1,288,260.1,260.95,260.3,271.2,88,2198,588370,
531120,"PATEL ENGINEERING LTD.",A,STK,24,24.64,23.73,24.35,24.35,23.92,1211,305995,7400365,
531126,"KATI PATANG LIFESTYLE LIMITED",X,STK,24,24.07,22.78,24.06,24.06,23.57,29,25549,607520,
531129,"INANI MARBLES & INDUSTRIES LTD",X,STK,9.98,9.98,8.94,9.56,9.55,9.78,84,70575,644355,
531137,"GEMSTONE INVESTMENTS LTD.",X,STK,1.5,1.53,1.46,1.47,1.46,1.46,132,20278,30144,
531144,"EL FORGE LTD.",X,STK,14.55,14.55,14.01,14.33,14.35,14.55,39,3325,47473,
531146,"MEDICAMEN BIOTECH LTD.",B,STK,273.3,273.3,268.7,270.9,268.7,272.8,38,534,144862,
531147,"ALICON CASTALLOY LIMITED",B,STK,669.25,672.35,657.5,663.9,657.5,660.75,92,349,232405,
531153,"DILIGENT INDUSTRIES LTD.",X,STK,2.14,2.29,2.09,2.28,2.27,2.14,337,129229,288656,
531155,"EPSOM PROPERTIES LTD.",X,STK,6.8,6.8,6.17,6.17,6.17,6.48,2,2,12,
531156,"ALFAVISION OVERSEAS (INDIA) LT",XT,STK,9.7,9.7,9.7,9.7,9.7,9.24,48,102832,997470,
531157,"ORGANIC COATINGS LTD.",X,STK,20.79,20.79,20.79,20.79,20.79,19.8,1,100,2079,
531158,"CATVISION  LIMITED",X,STK,17.37,17.73,16.7,16.96,16.7,17.2,20,339,5891,
531161,"ABM KNOWLEDGEWARE LTD.",X,STK,208.15,225,208.15,215,215,208.15,32,3215,695432,
531162,"EMAMI LTD.",A,STK,428.05,428.05,411.4,418.4,419,423.9,955,11340,4756160,
531163,"KEMISTAR CORPORATION LIMITED",X,STK,77,77,68.1,74.85,74.85,75.23,26,117,8537,
531168,"ASSOCIATED CERAMICS LTD.",X,STK,186.8,186.8,171.1,176.1,176.1,199.75,8,28,4890,
531169,"SKP SECURITIES LTD.",X,STK,95,95,93.95,93.95,93.95,90.1,8,46,4344,
531173,"SYSCHEM (INDIA) LTD.",X,STK,47.35,47.35,44.2,45,45,45.63,112,15974,719591,
531176,"MEFCOM CAPITAL MARKETS LTD.",X,STK,11.15,11.5,10.51,11.03,11.01,10.92,39,4280,46695,
531178,"HEMANG RESOURCES LIMITED",X,STK,11.3,12.48,10.5,10.72,10.72,11.25,60,18977,204526,
531179,"ARMAN FINANCIAL SERVICES LTD.",B,STK,1372,1433.6,1368.65,1425.35,1406.75,1379.05,118,1062,1486304,
531190,"EFORU ENTERTAINMENT LIMITED",X,STK,99.99,101,95.06,99.86,100.72,98.5,313,1828,180989,
531199,"GLANCE FINANCE LTD.",X,STK,181.4,189.9,180,184.95,180,194,7,33,5986,
531201,"SHILCHAR TECHNOLOGIES LTD.",B,STK,3756.05,4025.95,3756.05,3965.65,3965.65,3740.8,1050,7405,29203702,
531203,"TRADEWELL HOLDINGS LIMITED",X,STK,73.92,73.92,70.23,70.23,70.23,73.92,3,3,214,
531205,"SPRIGHT AGRO LIMITED",XT,STK,0.51,0.51,0.48,0.5,0.5,0.5,1300,3720341,1854516,
531209,"NUCLEUS SOFTWARE EXPORTS LTD.",B,STK,753.5,775.55,737.05,767.45,766.5,753.45,326,2631,1987124,
531210,"COLINZ LABORATORIES LTD.",XT,STK,42.99,42.99,39.5,42.95,42.94,40.99,16,3075,121476,
531212,"NALIN LEASE FINANCE LTD.",X,STK,43.94,46,43.3,43.38,45,42.42,19,1088,49042,
531213,"Manappuram Finance Ltd",A,STK,250.9,260.5,249.95,256.75,257.25,250.95,2025,2274603,583533643,
531215,"RTS POWER CORPORATION LTD.",X,STK,101.65,105.55,100,101.95,101.5,101.3,61,4876,495720,
531216,"COMFORT INTECH LTD.",X,STK,6.05,6.6,5.82,6.38,6.38,6.19,944,556615,3433911,
531221,"MAYUR FLOORINGS LTD.",XT,STK,12.33,12.33,12.33,12.33,12.33,12.97,2,3,36,
531223,"ANJANI SYNTHETICS LTD.",X,STK,23.91,24.94,23.5,24.5,24.5,24,112,10728,260478,
531225,"XTGLOBAL INFOTECH LIMITED",B,STK,30,31.49,29.99,30.7,30.88,29.89,118,19184,588192,
531227,"DECO-MICA LTD.",X,STK,57.02,57.02,54.2,54.2,54.2,57,4,1225,69838,
531228,"RANDER CORPORATION LTD.",X,STK,10.28,10.44,10.06,10.44,10.44,10.25,9,302,3085,
531233,"RASI ELECTRODES LTD.",X,STK,12.29,12.48,11.3,11.6,11.73,12.13,225,91393,1095777,
531234,"SCOOBEE DAY GARMENTS (INDIA) L",X,STK,72.5,72.7,70.66,71.94,71.99,72.7,12,119,8532,
531235,"CITIPORT FINANCIAL SERVICES LT",XT,STK,42.34,42.34,41.71,41.71,41.71,42.56,3,74,3131,
531237,"DHRUVA CAPITAL SERVICES LTD.",XT,STK,241,242.4,219.75,234.5,234.5,231.3,25,1749,405221,
531241,"LINC LIMITED",B,STK,100,100.05,96.2,98.3,98,99.95,35,1509,146128,
531253,"INDIA GELATINE & CHEMICALS LTD",X,STK,321.5,321.75,308.2,319.6,321.7,322,56,1384,435813,
531254,"Optimus Finance Limited",X,STK,13.39,13.39,12.5,12.83,12.83,13.24,378,175567,2263969,
531255,"PARAGON FINANCE LTD.",X,STK,53.99,53.99,48,49.74,49.74,45.09,13,392,20047,
531257,"PRATIKSHA CHEMICALS LTD.",X,STK,16.59,16.59,16,16.18,16,16.01,15,4059,65694,
531260,"Refex Renewables & Infrastruct",X,STK,262,262,242.5,252.1,254.8,249.85,42,1216,299702,
531262,"EQUILATERAL ENTERPRISES LIMITE",X,STK,21.88,21.88,19.81,19.81,19.81,20.85,3,5,107,
531266,"V.S.T.TILLERS TRACTORS LTD.",B,STK,4970.3,5286,4970.3,5251.45,5200,4970.2,405,1767,9047077,
531268,"B2B SOFTWARE TECHNOLOGIES LTD.",XT,STK,45,45.5,43,45.47,45.5,44.65,177,10236,452732,
531273,"RADHE DEVELOPERS (INDIA) LTD.",X,STK,1.49,1.49,1.44,1.47,1.44,1.49,138,239688,350767,
531274,"KINETIC TRUST LTD.",XT,STK,43.9,43.9,39.86,43.8,43.8,41.95,13,10930,436784,
531278,"Elixir Capital Limited",X,STK,86.3,93,86.3,88.15,88.1,89.3,62,2421,214518,
531279,"Trishakti Industries Limited",X,STK,128,128,120,124.95,124.95,127.25,190,13069,1631070,
531280,"PANKAJ POLYMERS LTD.",XT,STK,62,65.1,62,63,63,62,17,2572,162899,
531281,"MARBLE CITY INDIA LIMITED",X,STK,99,99,90.05,92.9,96.9,95.9,12,420,39248,
531283,"CINDRELLA FINANCIAL SERVICES L",X,STK,8.89,8.89,8.89,8.89,8.89,9.35,1,2,17,
531286,"ADHATA GLOBAL LIMITED",X,STK,25.01,25.01,25.01,25.01,25.01,24.31,1,8287,207257,
531287,"NATIONAL PLASTIC TECHNOLOGIES",X,STK,241,247.75,230.5,231.85,230.5,230.5,78,1653,387943,
531289,"NATIONAL FITTINGS LIMITED",X,STK,160,160,157.3,160,160,160,20,1363,216897,
531297,"ARTEFACT PROJECTS LTD.",X,STK,59.28,61.5,58.51,61.47,61.5,59.28,47,6596,403268,
531301,"TUSALDAH LIMITED",X,STK,138.45,138.45,125.35,128.85,130,131.9,5,5,653,
531306,"DHP INDIA LTD.",X,STK,498.5,498.5,470,478.9,478,498.8,67,1118,537691,
531307,"RRIL LIMITED",X,STK,15.75,16.37,14.8,15.65,15.55,15.94,106,29436,458514,
531310,"AVAILABLE FINANCE LTD.",X,STK,134.75,135,128.85,130.15,128.9,133.3,143,136432,18071201,
531314,"INTEGRA CAPITAL LIMITED",X,STK,14.25,14.25,14.25,14.25,14.25,14.25,2,23,327,
531319,"MARUTI GLOBAL INDUSTRIES LIMIT",X,STK,36.6,38.88,35.35,37.4,36.26,35.61,59,2426,89794,
531322,"SRI HAVISHA HOSPITALITY INFRAS",B,STK,1.15,1.29,1.15,1.28,1.29,1.15,35,13161,16008,
531323,"JAYATMA INDUSTRIES LIMITED",X,STK,13.34,13.34,12.68,12.68,12.68,13.34,3,13,172,
531324,"ROSELABS FINANCE LTD.",X,STK,23.25,23.25,23.25,23.25,23.25,22.15,1,86,1999,
531328,"KRETTO SYSCON LIMITED",X,STK,0.75,0.75,0.71,0.72,0.72,0.74,486,2150805,1547694,
531334,"VIKALP SECURITIES LTD.",X,STK,30,30,30,30,30,30,1,3,90,
531335,"ZYDUS WELLNESS LTD.",A,STK,426.75,434.2,412.05,421.8,421.8,424.05,4181,244880,103089830,
531338,"MILESTONE GLOBAL LTD.",X,STK,17.6,17.6,16.75,16.75,16.75,17.6,4,1101,18590,
531340,"BERVIN INVESTMENT & LEASING LT",X,STK,64.99,64.99,64.99,64.99,64.99,61.99,1,1,64,
531341,"GUJARAT INVESTA LTD.",XT,STK,20.23,20.23,20,20,20,20.23,3,166,3338,
531344,"CONTAINER CORPORATION OF INDIA",A,STK,456.65,456.7,450.2,452.5,452.5,454.75,8425,100492,45448805,
531346,"EASTERN TREADS LTD.",X,STK,31.99,32.5,27.63,32,32,30.69,21,1317,41072,
531349,"PANACEA BIOTEC LTD.",B,STK,318.15,325.5,313.45,317.45,317.45,317.3,346,13510,4341357,
531352,"PEETI SECURITIES LTD.",X,STK,19,19,19,19,19,19.95,2,6,114,
531357,"MERCURY EV-TECH LIMITED",X,STK,31.5,32.8,30.25,30.85,30.96,30.87,748,323834,10143312,
531358,"CHOICE INTERNATIONAL LTD.",A,STK,622,638.2,622,628.15,628.15,618.55,664,24094,15233446,
531359,"SHRIRAM ASSET MANAGEMENT CO.LT",X,STK,289.95,304,283.45,290,290,284.9,89,7029,2029321,
531364,"Ekansh Concepts Limited",X,STK,159,170,159,162.5,164,158.7,47,6333,1044103,
531370,"SPARC ELECTREX LIMITED",X,STK,3.67,3.78,3.67,3.67,3.67,3.67,30,10010,37408,
531373,"THE BYKE HOSPITALITY LTD.",B,STK,39.97,39.97,32.37,32.72,32.37,33.96,149,15118,509624,
531380,"CENTENIAL SURGICAL SUTURE LTD.",X,STK,89.48,89.48,87.31,88.47,89.3,87.73,9,63,5619,
531381,"ARIHANT FOUNDATIONS & HOUSING",B,STK,1024.9,1024.9,972,975.2,972,1019.35,109,1466,1436776,
531387,"HASTI FINANCE LTD.",X,STK,8.03,8.03,8.03,8.03,8.03,7.88,1,1000,8030,
531390,"UPSURGE INVESTMENT & FINANCE L",X,STK,67.49,67.49,62.5,62.96,63,68.6,71,32162,2085973,
531395,"PADAM COTTON YARNS LTD.",X,STK,2.18,2.18,2.17,2.17,2.17,2.28,344,190722,414283,
531396,"WOMEN NETWORKS LTD.",X,STK,8.5,8.5,8.5,8.5,8.5,8.5,1,1,8,
531397,"POLYCON INTERNATIONAL LTD.",X,STK,30.43,30.43,27.55,27.55,27.55,28.99,8,120,3558,
531398,"SOURCE NATURAL FOODS & HERBAL",X,STK,135,135,125.15,127.5,127.5,129,17,307,39040,
531399,"G.G.AUTOMOTIVE GEARS LTD.",X,STK,145.1,155.7,135.3,139.3,139.3,144.75,362,41979,6010891,
531400,"ALMONDZ GLOBAL SECURITIES LTD.",B,STK,14.49,14.49,13.8,14.15,14.15,13.84,28,21488,303429,
531402,"LWS KNITWEAR LTD.",X,STK,17.12,17.12,15.2,16.09,16,17.11,36,12387,202435,
531411,"TUNI TEXTILE MILLS LTD.",X,STK,0.97,0.99,0.92,0.95,0.95,0.95,133,114583,109399,
531412,"RADIX INDUSTRIES (INDIA) LIMIT",XT,STK,199,199,195,199,199,194.35,6,35,6961,
531416,"NARENDRA PROPERTIES LTD.",X,STK,28.9,33.52,28.9,32.5,32.5,31,18,791,25014,
531417,"MEGA CORPORATION LTD.",X,STK,2.07,2.08,2,2.02,2.01,2.04,92,79774,161782,
531426,"TAMIL NADU NEWSPRINT & PAPERS",B,STK,134.6,134.85,132.6,133.8,133.4,133.9,94,1715,229869,
531431,"SHAKTI PUMPS (INDIA) LTD.",A,STK,500.45,505.1,490.85,496.3,493,492.75,1073,34032,16947259,
531433,"SUNGOLD CAPITAL LTD.",X,STK,3.12,3.21,2.91,3.13,3.2,3.06,24,2349,7003,
531436,"SAFFRON INDUSTRIES LIMITED",X,STK,30.05,30.05,27.19,27.21,28.12,28.62,105,11560,317678,
531437,"Prakash Woollen & Synthetic Mi",X,STK,24,24,21.97,21.98,21.98,21.49,9,310,6824,
531439,"AION-TECH SOLUTIONS LIMITED",B,STK,39.25,40.56,38.23,39.57,39.57,38,46,5200,202605,
531449,"GRM OVERSEAS LTD.",B,STK,154.4,154.4,151.65,152.45,152.05,153.3,124,8562,1310733,
531453,"MOHIT INDUSTRIES LTD.",B,STK,22.9,23,22.02,22.75,22.75,22.9,12,1151,25646,
531454,"POLYLINK POLYMERS (INDIA) LTD.",X,STK,17.55,17.75,17.4,17.5,17.5,16.97,26,2317,40537,
531456,"MINAXI TEXTILES LTD.",X,STK,1.49,1.49,1.41,1.49,1.49,1.49,12,3992,5868,
531458,"BOSTON COMMERCE LIMITED",X,STK,6.87,6.87,6.87,6.87,6.87,6.55,2,5000,34350,
531460,"CONTINENTAL CONTROLS LTD.",XT,STK,7.9,8.68,7.9,8.68,8.68,8.27,5,385,3042,
531465,"NOUVEAU GLOBAL VENTURES LTD.",X,STK,0.49,0.49,0.49,0.49,0.49,0.49,10,2891,1416,
531471,"DUKE OFFSHORE LTD.",X,STK,27.07,27.07,27.05,27.07,27.07,25.79,91,16557,448172,
531472,"CYBELE INDUSTRIES LTD.",XT,STK,56.78,56.78,56.78,56.78,56.78,59.76,24,1816,103112,
531486,"FILMCITY MEDIA LTD.",XT,STK,2.18,2.18,2.18,2.18,2.18,2.08,5,1128,2459,
531489,"CG-VAK SOFTWARE & EXPORTS LTD.",X,STK,183.05,188,177.3,183.05,183.05,180.85,77,1664,306530,
531494,"NAVKAR URBANSTRUCTURE LIMITED",B,STK,1.01,1.01,0.94,0.94,0.94,0.98,68,54782,52431,
531495,"BLUE COAST HOTELS LTD.",B,STK,19.98,20,19,19.19,19.15,19.98,13,471,9259,
531497,"MADHUCON PROJECTS LTD.",B,STK,4.28,4.43,4.25,4.25,4.25,4.47,25,7253,31029,
531499,"SYBLY INDUSTRIES LTD.",X,STK,1.9,1.95,1.86,1.86,1.86,1.9,37,36295,67989,
531500,"RAJESH EXPORTS LTD.",Z,STK,103.1,105.5,100.35,102.55,102.55,105.6,970,36201,3667065,
531502,"ESAAR (INDIA) LTD.",X,STK,8.78,8.78,8.48,8.48,8.48,8.65,39,4513,38505,
531503,"MARIS SPINNERS LTD.",X,STK,27.5,27.5,26.65,27.26,27.48,27.46,8,579,15537,
531506,"SHUKRA BULLIONS LTD.",XT,STK,39.58,39.58,38.06,38.06,38.06,38.83,3,15,572,
531508,"EVEREADY INDUSTRIES INDIA LTD.",B,STK,300.3,302.75,296.4,302.3,302.55,300.2,98,2321,697964,
531512,"ORIENT TRADELINK LTD.",X,STK,16.89,16.89,16.11,16.77,16.85,16.67,129,83287,1375830,
531518,"VIKAS PROPPANT & GRANITE LTD.",Z,STK,0.29,0.31,0.29,0.29,0.29,0.3,95,249245,73022,
531521,"DESH RAKSHAK AUSHDHALAYA LTD.",P,STK,26.79,26.79,26.7,26.7,26.7,25.52,2,200,5349,
531525,"ACE SOFTWARE EXPORTS LTD.",X,STK,202.9,202.9,189,201.85,201.85,199.1,275,46573,9117831,
531529,"SOFTRAK VENTURE INVESTMENT LTD",X,STK,1.83,1.84,1.72,1.78,1.78,1.79,87,16628,29105,
531531,"HATSUN AGRO PRODUCT LTD.",A,STK,954.9,977.35,941.05,954.3,941.05,959,180,1107,1067211,
531533,"ACCEDERE LIMITED",X,STK,64,64.06,62.5,64.06,64.06,61.01,147,33600,2151943,
531537,"MIZZEN VENTURES LIMITED",XT,STK,172.3,172.3,172.3,172.3,172.3,172.3,10,5010,863223,
531539,"RISHABH DIGHA STEEL & ALLIED P",X,STK,34.5,37.25,30,32.25,32.16,36.8,80,5374,172047,
531540,"MARUTI INFRASTRUCTURE LTD.",X,STK,9.25,9.25,8.65,8.78,8.65,8.8,64,4701,41696,
531541,"KOBO BIOTECH LIMITED",Z,STK,2.5,2.5,2.35,2.35,2.35,2.46,16,1509,3549,
531543,"JINDAL WORLDWIDE LTD.",B,STK,20.7,21.06,20.45,20.86,20.88,20.66,168,18777,389810,
531548,"SOMANY CERAMICS LTD.",B,STK,360.2,375.65,356.45,364.65,366,361.5,282,1927,705182,
531550,"JHAVERI CREDITS & CAPITAL LTD.",X,STK,188.5,210,188.5,208.05,210,198.85,91,4013,816568,
531552,"RAGHUNATH TOBACCO CO.LTD.",X,STK,14.31,14.99,14.03,14.89,14.85,14.98,20,773,10918,
531553,"DISHA RESOURCES LIMITED",X,STK,19.8,21.09,19.8,20.99,21,20.55,9,30,629,
531556,"CORAL INDIA FINANCE & HOUSING",B,STK,30.88,31.85,30.88,31.85,31.85,30.82,15,3100,96168,
531557,"AMIT SECURITIES LTD.",XT,STK,51.51,51.51,50.45,50.5,50.5,53.1,6,954,48253,
531568,"ASHUTOSH PAPER MILLS LTD.",X,STK,7.3,7.3,7.25,7.25,7.25,6.99,4,4250,30820,
531569,"SANJIVANI PARANTERAL LTD.",X,STK,153,155.05,149.1,149.7,149.7,159.3,241,25879,3932176,
531572,"RANJIT SECURITIES LTD.",XT,STK,103.9,103.9,103.9,103.9,103.9,106,4,103,10701,
531574,"VAS INFRASTRUCTURE LTD.",XT,STK,9.8,9.8,9.05,9.05,9.65,9.42,12,3719,34183,
531578,"KMF BUILDERS & DEVELOPERS LTD.",XT,STK,7.5,7.5,7.4,7.4,7.4,7.73,5,776,5742,
531582,"BERYL SECURITIES LTD.",XT,STK,30.95,30.95,30.95,30.95,30.95,30.35,1,5,154,
531583,"RAP CORP LIMITED",X,STK,34.25,34.25,31.25,33.43,31.3,32.89,18,10987,345071,
531585,"DEVINE IMPEX LTD.",X,STK,8.14,8.54,8.14,8.54,8.54,8.14,5,32,263,
531591,"BAMPSL SECURITIES LTD.",X,STK,19.42,19.42,19.15,19.4,19.4,19.4,21,2463,47525,
531592,"GENPHARMASEC LIMITED",X,STK,1.03,1.04,1,1.02,1.02,1.03,297,557153,567921,
531594,"INCON ENGINEERS LTD.",X,STK,14.06,14.06,12.75,12.75,12.75,13.4,4,101,1291,
531595,"CAPRI GLOBAL CAPITAL LIMITED",A,STK,171.85,171.85,168.7,169.8,169.8,172,829,32235,5476241,
531599,"FDC LTD.",B,STK,341.2,345.95,339.65,340.4,339.65,341.85,120,2477,848235,
531608,"GORANI INDUSTRIES LTD.",X,STK,70,70,60,66.64,68.46,63,13,163,10259,
531616,"STARCOM INFORMATION TECHNOLOGY",X,STK,67.2,70.9,64.2,64.21,64.21,67.53,9,528,37311,
531624,"COUNTRY CONDOS LTD.",B,STK,4.1,4.35,4.1,4.15,4.15,4.12,69,6049,25511,
531626,"OROSIL SMITHS INDIA LTD.",X,STK,4.31,5.18,4.2,4.34,4.34,4.32,405,477538,2326479,
531628,"TEJASSVI AAHARAM LIMITED",XT,STK,33.22,33.22,33.22,33.22,33.22,31.64,9,875,29067,
531633,"LINCOLN PHARMACEUTICALS LTD.",B,STK,583,604,574.25,600.75,603.5,584,132,1606,951675,
531635,"SILVER OAK (INDIA) LTD.",XT,STK,81.4,83.94,79.62,80.01,80.01,79.95,33,1344,111029,
531637,"PRAVEG LIMITED",X,STK,224,227.85,217.25,224.9,223.9,218.75,543,125218,28112541,
531638,"SURAJ LTD.",B,STK,222,222,222,222,222,219.75,1,20,4440,
531642,"MARICO LTD.",A,STK,747.05,757.25,743.5,755.15,757.25,749.95,858,10316,7745714,
531644,"TOKYO FINANCE LTD.",X,STK,20.16,22.5,17.62,21.3,21.3,20.06,24,296,6227,
531651,"NATIONAL GENERAL INDUSTRIES LT",X,STK,45.03,49.77,45.03,45.09,45.09,47.4,5,152,6873,
531652,"UVS HOSPITALITY AND SERVICES L",X,STK,82.99,82.99,78,78.19,78.19,79.52,90,46004,3616694,
531658,"ABATE AS INDUSTRIES LIMITED",X,STK,11.16,11.9,10.86,11.56,11.63,11.39,77,24321,272479,
531661,"HITTCO TOOLS LTD.",X,STK,10.98,10.98,9.9,9.9,9.9,9.2,12,2121,21387,
531663,"YUVRAAJ HYGIENE PRODUCTS LTD.",X,STK,4.5,4.6,4.25,4.34,4.34,4.45,188,911138,3900839,
531667,"RR METALMAKERS INDIA LIMITED",X,STK,27.03,29.15,26.51,27,27,26.5,7,51007,1379336,
531668,"VISION CORPORATION LTD.",X,STK,2.6,2.6,2.52,2.52,2.52,2.58,9,5837,15049,
531671,"Karnawati Innovation Limited",X,STK,1.78,1.79,1.65,1.78,1.79,1.71,128,72276,126827,
531672,"INANI SECURITIES LTD.",X,STK,22.9,22.91,22.9,22.91,22.91,21.91,2,2,45,
531673,"ANKA INDIA LTD.",X,STK,20.16,20.16,19.32,19.52,19.52,20.16,33,9224,180609,
531676,"EMROCK CORPORATION LIMITED",XT,STK,303.4,303.4,280,285.9,285.9,290.2,169,8177,2345437,
531680,"MAYUR LEATHER PRODUCTS LTD.",XT,STK,17.64,17.64,17.64,17.64,17.64,16.8,7,26791,472593,
531681,"AMERISE BIOSCIENCES LIMITED",X,STK,0.67,0.67,0.66,0.66,0.66,0.69,42,121406,80393,
531685,"FRONTLINE FINANCIAL SERVICES L",XT,STK,2.25,2.25,2.25,2.25,2.25,1.5,2,1000,2250,
531688,"Prithvi Exchange (India) Limit",X,STK,110.3,117,110,111.45,110,113,22,1048,116955,
531692,"KHYATI MULTIMEDIA-ENTERTAINMEN",X,STK,2.67,2.67,2.54,2.54,2.54,2.67,4,566,1511,
531694,"RAINBOW FOUNDATIONS LTD.",XT,STK,41.18,41.18,40,40.23,40.23,41.18,39,5059,204050,
531716,"TRICOM FRUIT PRODUCTS LIMITED",XT,STK,2.21,2.21,2.17,2.2,2.2,2.11,4,7,15,
531717,"Vidhi Specialty Food Ingredien",B,STK,285.5,293.35,261.55,272.25,272.9,287.85,595,14607,4132495,
531719,"BHAGIRADHA CHEMICALS & INDUSTR",B,STK,188,214,188,190.05,189.9,188.05,166,52109,10700522,
531723,"GACM Technologies Limited",B,STK,0.48,0.48,0.46,0.46,0.46,0.47,210,488247,228517,
531726,"PANCHSHEEL ORGANICS LTD.",X,STK,99.6,103,96.55,100.05,100,101.55,231,31825,3142310,
531727,"MENON PISTONS LTD.",X,STK,53.07,54,52.7,53.49,53.49,52.81,128,14064,748885,
531737,"GREENCREST FINANCIAL SERVICES",X,STK,0.49,0.5,0.49,0.49,0.49,0.49,87,153716,76469,
531739,"GENNEX LABORATORIES LTD.",X,STK,9.28,9.5,9.21,9.39,9.49,9.28,508,689181,6433188,
531744,"GINI SILK MILLS LTD.",X,STK,56.21,58.99,55,56.19,58.5,56.6,36,11358,627002,
531746,"PRAJAY ENGINEERS SYNDICATE LTD",B,STK,18.32,19.93,18,18.31,18.31,18.51,85,29205,548475,
531752,"BIOGEN PHARMACHEM INDUSTRIES L",X,STK,0.57,0.58,0.55,0.57,0.58,0.57,655,817687,463161,
531758,"G.K.CONSULTANTS LTD.",X,STK,9.52,10.3,8.75,9.05,8.75,10.18,18,57532,548203,
531761,"APOLLO PIPES LIMITED",B,STK,394.55,413.4,394.15,398.15,396.95,397.75,1803,73329,29680021,
531762,"UNJHA FORMULATIONS LTD.",X,STK,21.4,21.4,20.8,20.8,20.8,20.8,5,228,4785,
531768,"POLY MEDICURE LTD.",A,STK,1270,1270,1227.65,1241.3,1241.3,1256.9,935,10761,13369913,
531769,"PFL INFOTECH LTD.",XT,STK,5.2,5.2,5.2,5.2,5.2,5.3,2,60,312,
531771,"SHRADDHA PRIME PROJECTS LTD",X,STK,163.95,168.15,162.85,163.6,164.05,161.75,275,39406,6493382,
531778,"KACHCHH MINERALS LTD.",XT,STK,27.08,28.5,27.08,27.08,27.08,28.5,6,553,15685,
531779,"PADMANABH ALLOYS & POLYMERS LT",X,STK,17.98,17.98,17.87,17.87,17.87,16.75,10,2299,41083,
531780,"KAISER CORPORATION LIMITED",X,STK,4.03,4.7,4.03,4.58,4.6,4.12,356,2263821,9991996,
531784,"KCL Infra Projects Limited",X,STK,1.46,1.49,1.41,1.47,1.48,1.45,178,863834,1253853,
531795,"ATUL AUTO LTD.",B,STK,404.95,416.2,404.95,411.9,410.45,406.6,270,11382,4686193,
531797,"SCAN PROJECTS LTD.",X,STK,89.25,89.25,89.25,89.25,89.25,85,1,5,446,
531802,"PRERNA INFRABUILD LTD.",X,STK,23.5,26.73,23.26,23.9,23.9,24.49,110,44102,1082946,
531810,"METAL COATINGS (INDIA) LTD.",X,STK,54,54,52.5,54,54,54.02,15,105,5665,
531812,"SGN TELECOMS LTD.",X,STK,0.63,0.63,0.6,0.62,0.62,0.63,29,4151,2549,
531813,"GANGA PAPERS INDIA LTD.",X,STK,77.57,77.57,74.06,74.06,74.06,77.95,3,18,1378,
531814,"TIRUPATI SARJAN LTD.",X,STK,8.4,8.5,8.4,8.49,8.5,8.43,10,1690,14274,
531822,"RODIUM REALTY LIMITED",X,STK,163.95,163.95,163.95,163.95,163.95,164.7,2,20,3279,
531832,"NAGARJUNA AGRI TECH LTD.",XT,STK,42.2,44.33,42.2,44.33,44.33,42.22,5,202,8926,
531834,"NATURA HUE CHEM LTD.",XT,STK,12.25,12.26,12.25,12.26,12.26,12.49,4,109,1336,
531840,"IEC EDUCATION LTD.",XT,STK,29.54,29.75,27,28,28.76,28.35,42,1208,33834,
531841,"Indus Finance Limited",X,STK,52,52,50,50,50,51.2,6,266,13320,
531842,"LAHOTI OVERSEAS LTD.",X,STK,43.02,44.78,38.25,41,41,43.11,377,112542,4766319,
531845,"ZENITH STEEL PIPES AND  INDUST",B,STK,5.18,5.49,5.03,5.03,5.03,5.26,56,16391,83455,
531846,"TRINITY LEAGUE INDIA LTD.",X,STK,11.07,11.07,11.07,11.07,11.07,12.3,1,4,44,
531859,"ORIENTAL RAIL INFRASTRUCTURE L",B,STK,113.15,115.25,108.55,114.3,114.05,112.25,600,117279,13175593,
531861,"JOINDRE CAPITAL SERVICES LTD.",X,STK,42,42,40.76,40.83,40.76,40.98,29,12339,508675,
531862,"BHARAT AGRI FERT & REALTY LTD.",X,STK,23.98,23.98,23,23.54,23.56,23.73,133,38928,913209,
531867,"UNITECH INTERNATIONAL LTD.",Z,STK,3.65,3.65,3.5,3.5,3.5,3.51,17,2152,7578,
531869,"SACHETA METALS LTD.",X,STK,3.94,3.94,3.84,3.91,3.91,3.89,117,81523,318249,
531878,"ANJANI FINANCE LTD.",X,STK,8.99,9.23,7.77,8.83,8.8,8.18,98,10463,91355,
531888,"REXNORD ELECTRONICS & CONTROLS",X,STK,58.75,58.75,51.25,51.81,51.81,55.45,139,12904,683835,
531889,"NURTURE WELL INDUSTRIES LIMITE",X,STK,42.5,42.5,41.01,41.35,41.35,41.69,1045,457222,18867086,
531892,"KHANDWALA SECURITIES LTD.",B,STK,16.87,16.87,15.34,15.94,16.54,16.46,9,2355,37616,
531893,"SAWACA ENTERPRISES LIMITED",XT,STK,0.36,0.37,0.35,0.36,0.37,0.36,367,402202,145849,
531900,"CCL INTERNATIONAL LTD.",X,STK,25.55,25.8,23.1,24.05,24,25.21,46,3898,96509,
531902,"GALLOPS ENTERPRISE LTD.",XT,STK,27.5,27.5,24.89,24.89,24.89,26.2,6,609,15294,
531909,"CROISSANCE LIMITED",XT,STK,3.07,3.1,2.95,3.09,3.1,2.96,140,43027,130882,
531910,"Madhuveer Com 18 Network Limit",XT,STK,204,212,203.3,203.3,203.3,214,18,3675,748140,
531911,"GALAXY AGRICO EXPORTS LTD.",X,STK,41.1,42,40.16,41.94,41.5,41.06,168,638031,26775297,
531913,"GOPAL IRON & STEELS CO.(GUJARA",XT,STK,12.27,12.27,12.05,12.05,12.05,12.03,27,21150,259227,
531918,"HINDUSTAN APPLIANCES LTD.",X,STK,95.45,95.45,94.55,94.55,94.55,95,7,133,12582,
531921,"AGARWAL INDUSTRIAL CORPORATION",B,STK,445.15,457,426.15,431.35,432.5,433.25,479,4966,2185442,
531923,"DHAMPURE SPECIALITY SUGARS LTD",X,STK,116.25,116.25,110.65,113.2,113,112.65,41,4686,534725,
531925,"SHANTANU SHEOREY AQUAKULT LTD.",X,STK,1.28,1.28,1.28,1.28,1.28,1.28,4,1032,1320,
531928,"GOLDEN CARPETS LTD.",X,STK,9,9,8.61,8.61,8.61,9.05,2,672,6047,
531930,"SARTHAK INDUSTRIES LTD.",X,STK,27.9,28.9,25.85,26,26,27.9,40,16420,428968,
531931,"SAI CAPITAL LTD.",X,STK,159.95,159.95,150.9,155.3,155.3,153.95,18,347,52528,
531944,"LEXORAA INDUSTRIES LIMITED",X,STK,17.89,17.9,16.32,17.89,16.75,17.05,11,1144,20474,
531950,"VERTEX SECURITIES LTD.",X,STK,2.8,2.8,2.6,2.72,2.69,2.8,159,93228,253932,
531952,"RIBA TEXTILES LTD.",X,STK,71.69,74.5,69.8,72.15,73.5,68.33,105,80766,5739615,
531959,"NEWTIME INFRASTRUCTURE LIMITED",X,STK,2.09,2.09,1.83,2.01,1.96,1.92,207,177432,355175,
531960,"Kashyap Tele-Medicines Limited",XT,STK,4.32,4.54,4.2,4.53,4.53,4.41,12,2759,11803,
531962,"SHREE METALLOYS LTD.",XT,STK,41.95,41.95,41.5,41.85,41.85,40,21,1180,49267,
531968,"IITL PROJECTS LIMITED",X,STK,53.8,54.3,40.11,42.4,42.4,47.53,184,12840,611762,
531977,"CHARTERED LOGISTICS LTD.",X,STK,6.16,6.56,5.81,6.4,6.45,6.1,236,397457,2496145,
531978,"AMBIKA COTTON MILLS LTD.",B,STK,1289.8,1299.9,1265,1271.55,1274,1278.35,166,675,864102,
531979,"HIND ALUMINIUM INDUSTRIES LTD.",XT,STK,86.86,86.86,82.52,83.98,84,86.86,150,4519,377682,
531982,"SPECTRUM FOODS LTD.",X,STK,11.2,12.35,10.4,11.11,11.39,11.75,197,65891,740999,
531989,"DECCAN POLYPACKS LTD.",XT,STK,29.87,29.87,29.87,29.87,29.87,31.44,2,101,3016,
531991,"AMRAWORLD AGRICO LTD.",X,STK,0.53,0.54,0.53,0.54,0.54,0.54,46,28366,15280,
531994,"AUTO PINS (INDIA) LTD.",X,STK,156,156,152.9,152.9,152.9,153.1,2,2,308,
531996,"ODYSSEY CORPORATION LTD.",X,STK,7.74,7.74,7,7.14,7.02,7.39,39,17034,126085,
531997,"IKOMA TECHNOLOGIES LIMITED",X,STK,21.11,22.08,21.07,22.06,22.08,21.03,246,98378,2161444,
532005,"SAM INDUSTRIES LTD.",X,STK,44,44.01,40.41,44,44,43.01,24,7383,324292,
532007,"SHREEVATSAA FINANCE & LEASING",X,STK,26.55,26.55,26.55,26.55,26.55,26.55,1,1,26,
532011,"VASHU BHAGNANI INDUSTRIES LIMI",X,STK,51.5,53,49.15,51.07,49.15,52.86,412,54233,2826287,
532015,"GRAVITY (INDIA) LTD.",XT,STK,12.3,13.58,12.3,13.27,13.58,12.94,149,78670,1028409,
532016,"ESPIRE HOSPITALITY LIMITED",X,STK,289,289,261.35,287.95,287.95,289,19,124,34209,
532019,"LCC INFOTECH LTD.",T,STK,5,5.05,5,5,5,5.15,12,52775,266502,
532022,"FILATEX FASHIONS LTD.",B,STK,0.17,0.19,0.17,0.17,0.17,0.18,1145,16695401,2913877,
532029,"SINDHU TRADE LINKS LIMITED",B,STK,23.4,23.79,23.4,23.69,23.5,23.41,67,7313,173204,
532039,"ZENOTECH LABORATORIES LTD.",X,STK,41,41,39.35,40.59,40.59,38.92,70,25899,1029413,
532041,"HINDUSTAN BIO SCIENCES LTD.",XT,STK,7.53,7.53,7.53,7.53,7.53,7.5,11,1653,12447,
532051,"SWELECT ENERGY SYSTEMS LIMITED",B,STK,523.3,539,510.1,534.05,529.5,528.5,181,2041,1065384,
532053,"WALLFORT FINANCIAL SERVICES LT",X,STK,80,80,70.01,78.51,78.7,74.75,26,1046,80187,
532054,"KDDL LTD.",B,STK,2169.6,2193.05,2162,2170.85,2183.35,2169.55,28,66,143794,
532056,"Trustedge Capital Limited",XT,STK,136.55,136.55,133.65,134.3,134.3,136.55,14,612,82193,
532057,"ABHINAV CAPITAL SERVICES LTD.",X,STK,123,135.5,123,126.8,126.8,123.2,8,59,7504,
532067,"3B BlackBio Dx Limited",B,STK,1236.05,1287.7,1205.35,1257.25,1277.65,1234.1,460,10701,13419796,
532070,"Sumuka Agro Industries Limited",X,STK,191.95,191.95,181,184.7,185,183,95,75639,13956266,
532090,"Atvo Enterprises Limited",XT,STK,19.81,20.09,19.3,19.95,20.03,19.81,65,39602,783595,
532092,"EPUJA SPIRITECH LIMITED",XT,STK,1.89,1.9,1.75,1.89,1.9,1.81,91,251206,465669,
532100,"INDO-CITY INFOTECH LTD.",X,STK,12.35,13.24,11.27,12.48,12.48,12.74,33,2605,31416,
532102,"SBEC SUGAR LTD.",X,STK,29.3,29.3,28,28.92,28.92,29.29,10,652,18491,
532113,"BRIJLAXMI LEASING & FINANCE LT",XT,STK,10.25,10.25,9.76,9.99,9.99,10.25,11,1387,13815,
532123,"BSEL ALGO LIMITED",X,STK,4.4,4.67,4.39,4.47,4.47,4.39,257,114149,514313,
532124,"RELIABLE VENTURES INDIA LTD.",X,STK,21.5,21.5,18.49,20.48,20.48,19.5,30,4089,76830,
532131,"TRIUMPH INTERNATIONAL FINANCE",X,STK,16.8,16.8,15.5,15.5,15.5,15.47,5,1017,15766,
532134,"BANK OF BARODA",A,STK,280.2,283.9,277.5,283.25,283.25,280,9070,234758,65765585,
532140,"MOHITE INDUSTRIES LIMITED",X,STK,2.66,2.69,2.56,2.59,2.65,2.59,82,19981,52671,
532141,"ANDHRA CEMENTS LTD.",B,STK,53.89,56,52.2,53.09,53.03,50.91,106,3075,166551,
532143,"SKM EGG PRODUCTS EXPORT (INDIA",B,STK,152.65,156.85,151.7,155.45,155.2,152.65,355,14931,2301706,
532144,"WELSPUN CORP LIMITED",A,STK,804,816.5,795.65,814.65,814.65,796.65,815,11438,9244102,
532145,"H.S.INDIA LTD.",X,STK,10.1,12.24,9.6,10.12,10,10.35,57,13349,135242,
532149,"BANK OF INDIA",A,STK,150.9,151.75,148.55,151.45,151.45,150.7,3507,284944,42811574,
532150,"INDRAPRASTHA MEDICAL CORP.LTD.",B,STK,392,392.25,386.65,388.85,388.85,391.85,408,6313,2457060,
532154,"JOHNSON PHARMACARE LIMITED",X,STK,0.5,0.5,0.49,0.5,0.49,0.5,361,448213,221795,
532155,"GAIL (INDIA) LTD.",A,STK,147.05,148.25,145.6,147.65,147.4,146.05,3975,448663,65879022,
532156,"VAIBHAV GLOBAL LTD",B,STK,210.6,212.95,205.55,207.25,207.9,210.6,956,43854,9204830,
532159,"TRESCON LIMITED",X,STK,9.09,9.09,8.65,8.66,8.65,9,22,4611,40051,
532160,"GUJARAT STATE FINANCIAL CORPOR",B,STK,10.99,11.15,10.05,10.26,10.4,10.64,104,22211,229380,
532162,"JK PAPER LTD.",A,STK,326,327.95,317,320.7,318.9,325.95,294,8459,2734655,
532163,"SAREGAMA INDIA LTD.",A,STK,355.05,357,347.85,353.55,350,358,521,12427,4379598,
532164,"MINOLTA FINANCE LTD.",Z,STK,1.41,1.41,1.35,1.41,1.41,1.35,21,7766,10890,
532172,"Adroit Infotech Limited",B,STK,9.68,9.7,9.01,9.32,9.48,9.31,54,10601,97103,
532173,"CYBERTECH SYSTEMS AND SOFTWARE",B,STK,103.25,106.2,103,106.1,106.1,101.1,94,1539,161196,
532174,"ICICI BANK LTD.",A,STK,1280.3,1293.9,1273.5,1288.95,1288.95,1273,15218,483610,621368444,
532175,"CYIENT LIMITED",A,STK,855.8,869.5,845,854,854,855,1718,31377,26897947,
532178,"ENGINEERS INDIA LTD.",A,STK,189.05,190.8,186,189.35,189.35,189.05,2558,164439,30891758,
532180,"DHANLAXMI BANK LIMITED",B,STK,22.69,22.8,22.5,22.56,22.66,22.69,433,375438,8486066,
532181,"GUJARAT MINERAL DEVELOPMENT CO",A,STK,540.7,559.75,535.6,552.85,552.85,531.9,4715,186983,102241142,
532183,"GAYATRI SUGARS LTD.",X,STK,7.85,7.99,7.45,7.72,7.71,7.65,225,49289,381980,
532187,"INDUSIND BANK LTD.",A,STK,830.6,830.6,808.5,821.5,821.5,824.95,1775,26758,21858643,
532189,"INDIA TOURISM DEVELOPMENT CORP",B,STK,429.9,430.45,425,427.25,425,427.45,160,1339,572510,
532209,"JAMMU & KASHMIR BANK LTD.",A,STK,123.75,123.85,119.2,121.1,120.75,123.65,1774,306164,36959559,
532210,"CITY UNION BANK LTD.",A,STK,240.95,242.9,237.2,240.15,240.15,242.85,1932,163305,39302938,
532212,"ARCHIES LTD.",B,STK,13.37,13.89,13.1,13.37,13.18,13.36,49,6092,81783,
532215,"AXIS BANK LTD.",A,STK,1222,1232.05,1210,1229.1,1229.1,1214.75,7868,314851,384594696,
532216,"HB STOCKHOLDINGS LTD.",B,STK,48.44,49.62,47.91,47.91,47.91,47.26,9,2687,129725,
532217,"CMX HOLDINGS LIMITED",X,STK,25.09,27.73,25.09,25.32,25.09,26.41,50,22885,590258,
532218,"SOUTH INDIAN BANK LTD.",A,STK,37.58,37.6,36.54,36.97,36.97,36.91,5641,982472,36299757,
532219,"ENERGY DEVELOPMENT COMPANY LTD",B,STK,15.2,15.27,14.32,14.52,14.52,15,114,22795,332624,
532221,"SONATA SOFTWARE LTD.",A,STK,230.1,234.7,229.3,232.05,232.9,233.1,570,15063,3500303,
532234,"NATIONAL ALUMINIUM CO.LTD.",A,STK,375.55,396.6,371.2,395.25,395.25,371.8,13905,1093433,424865751,
532240,"INDIA NIPPON ELECTRICALS LTD.",B,STK,749,766.05,748.55,750.05,751.6,752.05,27,292,220830,
532256,"NALWA SONS INVESTMENTS LTD.",B,STK,5452,5470,5375.6,5403.7,5394.85,5401.7,71,265,1437908,
532259,"APAR INDUSTRIES LTD.",A,STK,9224,9550,9011,9404.65,9450,9128.5,2354,9973,93406732,
532268,"ACCELYA SOLUTIONS INDIA LIMITE",B,STK,1160,1198.2,1154.6,1180.45,1175,1161.4,104,737,871878,
532271,"ORCHASP LIMITED",B,STK,2.05,2.14,1.93,2.07,2.07,2.03,72,42170,87571,
532275,"LANDMARC LEISURE CORPORATION L",X,STK,1.77,1.85,1.69,1.74,1.72,1.77,148,76076,136896,
532281,"HCL TECHNOLOGIES LTD.",A,STK,1329.95,1329.95,1298,1321,1321,1328.7,7041,60896,80135159,
532284,"TCFC FINANCE LTD.",X,STK,24.3,24.95,23.25,24.74,24.95,24.29,28,2764,68102,
532285,"Geojit Financial Services Limi",B,STK,58,58.88,56.33,56.63,57.02,56.95,180,20372,1157701,
532286,"JINDAL STEEL LIMITED",A,STK,1132.45,1160.05,1127.75,1157.1,1158,1132.45,2311,28672,32989774,
532290,"BLB LTD.",T,STK,17.36,17.4,16.5,17.4,17.4,16.58,22,2568,43273,
532296,"GLENMARK PHARMACEUTICALS LTD.",A,STK,2155.35,2182.5,2135.5,2147.4,2138,2175.6,2334,12804,27665419,
532300,"WOCKHARDT LTD.",A,STK,1201.2,1214.1,1180.4,1188.45,1188.45,1198.8,1505,33194,39698020,
532303,"INTEGRATED HITECH LTD.",X,STK,3.44,3.44,3.44,3.44,3.44,2.87,14,14520,49948,
532304,"KJMC CORPORATE ADVISORS (INDIA",X,STK,43.46,43.46,41.21,42.92,42.92,43.46,16,807,33938,
532305,"IND-SWIFT LABORATORIES LTD.",B,STK,135.1,148.55,135.1,146,146.65,137.4,841,33492,4815869,
532309,"GE Power India Ltd",T,STK,438.25,449.55,432.55,437.95,445.3,445.15,221,4514,1973526,
532310,"SHREE RAMA MULTI-TECH LTD.",B,STK,47.4,47.4,45.72,46.04,46.04,45.84,153,3053,141771,
532313,"MAHINDRA LIFESPACE DEVELOPERS",A,STK,344.15,348.25,342.7,344.5,344.5,344.25,203,3218,1111934,
532315,"GROARC INDUSTRIES INDIA LIMITE",X,STK,5.89,5.89,5.42,5.61,5.43,5.7,16,6996,38134,
532320,"VAARAD VENTURES LTD",X,STK,9.02,9.02,9.02,9.02,9.02,9.02,2,55,496,
532321,"Zydus Lifesciences Limited",A,STK,898.95,902,888,889.9,889.9,886.3,1143,10516,9397473,
532323,"SHIVA CEMENT LTD.",X,STK,15.58,16.05,15.06,15.25,15.25,15.81,609,592751,9277885,
532324,"CINEVISTA LTD.",B,STK,15.52,15.52,15.51,15.51,15.51,15.68,3,1000,15510,
532326,"INTENSE TECHNOLOGIES LTD.",B,STK,86.4,87.45,83.3,84.5,85.4,86.35,106,3181,272603,
532329,"DANLAW TECHNOLOGIES INDIA LTD.",X,STK,497,507.4,485,493.4,493.4,495.2,142,3831,1893527,
532331,"AJANTA PHARMA LTD.",A,STK,2955.05,3067.6,2955.05,3020.95,3018.2,2952.1,1623,3870,11728309,
532332,"CURA TECHNOLOGIES LTD.",T,STK,127.03,128.71,127.03,128.71,128.71,122.59,31,13281,1708642,
532333,"HB PORTFOLIO LTD.",X,STK,58.99,60,56.11,57.25,57,56.05,54,29147,1684309,
532334,"HB ESTATE DEVELOPERS LTD.",X,STK,62.09,64,62.09,63.98,63.98,62.09,17,1937,122886,
532335,"AMBICA AGARBATHIES & AROMA IND",B,STK,23.48,23.74,22.02,23.18,23.18,22.5,81,22284,514207,
532339,"COMPUCOM SOFTWARE LTD.",B,STK,13.77,15,13.6,13.7,13.6,13.64,146,17244,241814,
532340,"OMNI AXS SOFTWARE LTD.",XT,STK,3.47,3.83,3.47,3.82,3.82,3.65,12,4618,17083,
532341,"IZMO Limited",T,STK,716,759.95,706.4,715.3,722,735.95,143,2026,1480183,
532343,"TVS MOTOR COMPANY LTD.",A,STK,3399.25,3500,3355,3497.2,3497.2,3373.75,3990,102724,358101431,
532344,"MADALA HOLDINGS LIMITED",X,STK,204.95,204.95,193,201.65,203.5,202.5,13,625,126599,
532348,"SUBEX LTD.",B,STK,8.25,8.25,7.96,7.99,7.99,8,406,170705,1367584,
532349,"TRANSPORT CORPORATION OF INDIA",B,STK,960.85,960.85,945.5,951.25,957.8,960.85,47,358,340818,
532350,"PADMALAYA TELEFILMS LTD.",Z,STK,4.58,4.58,4.21,4.38,4.38,4.39,6,2005,8442,
532351,"AKSH OPTIFIBRE LTD.",B,STK,4.39,5.06,4.39,4.74,4.74,4.22,458,334583,1604124,
532354,"Virgo Global Limited",X,STK,4.39,4.39,4.39,4.39,4.39,4.39,1,15,65,
532355,"PICTUREHOUSE MEDIA LTD.",XT,STK,8.55,8.55,8.55,8.55,8.55,9,13,3749,32053,
532356,"TRIVENI ENGINEERING & INDUSTRI",A,STK,344,345.05,334.6,336.55,337.05,342.9,280,8244,2779587,
532357,"MUKTA ARTS LTD.",B,STK,46.9,46.96,40.25,42.11,41.98,45.95,52,4937,207295,
532359,"HIT KIT GLOBAL SOLUTIONS LTD.",XT,STK,5.22,5.22,4.74,5.12,5.12,4.98,871,1679004,8694289,
532362,"NAGPUR POWER & INDUSTRIES LTD.",XT,STK,144.9,145.5,143.1,143.45,143.1,145.6,27,8073,1160706,
532365,"DYNACONS SYSTEMS & SOLUTIONS L",B,STK,885.95,900,878,880,879.8,876.3,138,1124,996616,
532366,"PNB GILTS LTD.",B,STK,69.5,69.52,68.45,68.75,68.75,69.47,281,18869,1298528,
532368,"BRIGHTCOM GROUP LIMITED",T,STK,8.73,9.32,8.73,9.1,9.18,9.07,353,350671,3199616,
532369,"RAMCO INDUSTRIES LTD.",B,STK,257.8,265.55,253.4,258.15,258.4,254.9,93,3193,824609,
532370,"RAMCO SYSTEMS LTD.",B,STK,396,410.35,395.9,407.05,406.7,402.3,226,6118,2464579,
532371,"TATA TELESERVICES (MAHARASHTRA",A,STK,38.21,39.16,37.9,38.07,38.4,38.16,2434,290465,11162068,
532372,"Virinchi Limited",B,STK,16.1,17.18,16.1,16.86,16.86,16.9,57,7108,120705,
532373,"WEP SOLUTIONS LTD.",XT,STK,20.2,20.5,19.5,20.29,20.29,20.3,67,39050,792165,
532374,"STERLITE TECHNOLOGIES LTD.",A,STK,187.25,187.25,172.3,176.2,176.2,183.25,3539,344229,61061269,
532375,"TIPS MUSIC LIMITED",A,STK,505.65,516.4,505.65,510.2,509.65,505.65,322,3144,1611967,
532376,"UMIYA BUILDCON LIMITED",B,STK,77.7,82.51,77.7,82.22,82.51,75.07,3,150,12106,
532378,"UNIVERSAL ARTS LTD.",X,STK,4.56,4.97,4.51,4.65,4.65,4.51,24,17409,79499,
532379,"FIRST FINTEC LIMITED",XT,STK,7.19,7.19,7.08,7.08,7.08,7.19,2,2,14,
532380,"BABA ARTS LTD.",XT,STK,15.3,15.3,15.3,15.3,15.3,15.61,22,19407,296927,
532382,"BALAJI TELEFILMS LTD.",B,STK,93.25,94.5,90.65,91.3,91.8,92.95,377,14766,1368039,
532384,"TYCHE INDUSTRIES LTD.",X,STK,109,109,102,103.95,103.95,107.3,80,4278,452632,
532386,"CALIFORNIA SOFTWARE CO.LTD.",B,STK,12.8,13.13,12.23,12.85,12.85,12.72,29,1383,17737,
532387,"PRITISH NANDY COMMUNICATIONS L",B,STK,20.9,21.89,19.1,21.33,19.7,19.91,67,3491,70478,
532388,"INDIAN OVERSEAS BANK",A,STK,32.26,32.5,31.9,32.07,32.07,32.23,2017,379649,12182493,
532390,"TAJGVK HOTELS & RESORTS LTD.",B,STK,301.7,307.15,299.7,303.3,303,301.65,188,4436,1350468,
532392,"CREATIVE EYE LTD.",B,STK,7.03,7.03,6.5,6.51,6.5,6.66,5,190,1248,
532395,"AXISCADES TECHNOLOGIES LIMITED",B,STK,1328,1387.15,1321,1387.15,1387.15,1321.1,549,14839,20470399,
532397,"KONNDOR INDUSTRIES LIMITED",X,STK,12.6,13.23,12.05,12.17,12.15,12.6,7,234,2869,
532398,"USHA MARTIN EDUCATION & SOLUTI",B,STK,6.3,6.38,5.76,6.11,6.11,6.4,67,21102,126240,
532400,"BIRLASOFT LIMITED",A,STK,351.1,366.95,349.9,362.1,359.15,348.35,2204,91682,33166693,
532402,"USG TECH SOLUTIONS LTD.",X,STK,9.3,10.57,8,10.12,9.6,8.81,391,127643,1217692,
532404,"SAVEN TECHNOLOGIES LTD.",X,STK,32,32.54,31,31.59,31.71,31.39,146,4333,136398,
532406,"AVANTEL LTD.",A,STK,130.35,132.45,126.85,127.6,127.6,130,1510,123052,15841393,
532407,"MOSCHIP TECHNOLOGIES LIMITED",A,STK,166.85,169.15,163.4,168.5,168.5,165.3,2215,177858,29664934,
532408,"SIGMA ADVANCED SYSTEMS LIMITED",B,STK,143,152.75,143,152.75,152.75,145.5,385,22161,3367444,
532410,"TRANSCORP INTERNATIONAL LTD.",X,STK,23.03,26.45,23.03,25.05,26.45,23.83,337,6495,160390,
532413,"CEREBRA INTEGRATED TECHNOLOGIE",Z,STK,4.15,4.25,4.08,4.24,4.24,4.29,22,38137,160964,
532416,"NEXT MEDIAWORKS LTD.",B,STK,4.8,5.81,4.8,5,5,5.14,18,1983,11136,
532419,"Smartlink Holdings Limited",B,STK,120,120,115.05,119.35,119.5,122.75,3,168,20102,
532424,"GODREJ CONSUMER PRODUCTS LTD.",A,STK,1040.8,1045,1030,1041.25,1041,1040.75,1441,14333,14875282,
532425,"GENUS PRIME INFRA LIMITED",XT,STK,21.6,22.68,20.53,20.82,20.75,21.6,19,1134,24882,
532430,"BF UTILITIES LTD.",Z,STK,417.5,428,401.6,412.2,412.2,413.8,69,1266,517273,
532432,"UNITED SPIRITS LTD.",A,STK,1322.95,1333.1,1299,1300.05,1300.05,1316.3,3150,749758,983862924,
532435,"SANMIT INFRA LIMITED",X,STK,6.19,6.19,5.51,5.82,5.81,5.92,216,59071,343347,
532439,"OLECTRA GREENTECH LIMITED",A,STK,901.65,910.45,895.6,903.4,900.6,896.95,790,17398,15736136,
532440,"MPS LTD.",B,STK,1507.25,1524.8,1480.9,1512,1504.6,1492.6,353,1902,2861169,
532443,"CERA SANITARYWARE LTD.",A,STK,4582.7,4623.5,4536.6,4602.25,4588.35,4582.7,234,586,2686974,
532444,"T.SPIRITUAL WORLD LTD.",X,STK,1.98,1.98,1.98,1.98,1.98,1.89,13,9112,18041,
532454,"BHARTI AIRTEL LTD.",A,STK,1791,1833.7,1791,1827,1827,1788.9,12101,1617189,2948042274,
532455,"SHALIMAR WIRES INDUSTRIES LTD.",X,STK,15.85,18.2,15.85,18.2,18.2,15.17,182,38215,668668,
532456,"COMPUAGE INFOCOM LTD.",Z,STK,1.16,1.19,1.12,1.17,1.17,1.17,14,3373,3865,
532457,"GULSHAN POLYOLS LTD.",B,STK,155.1,156.1,154.1,155.05,155,155.55,96,4266,662433,
532460,"PONNI SUGARS (ERODE) LTD.",B,STK,268.05,272.35,262.25,262.5,262.5,263.7,8,486,128973,
532461,"PUNJAB NATIONAL BANK",A,STK,111.6,112.4,109.95,112.15,112.15,110.9,4126,557768,61861968,
532466,"ORACLE FINANCIAL SERVICES SOFT",A,STK,6440,6440,6232.2,6307.95,6306.45,6407.5,640,3318,20951190,
532467,"HAZOOR MULTI PROJECTS LTD.",B,STK,26.34,28.24,26.05,27.55,28,26.34,583,203724,5515162,
532468,"KAMA HOLDINGS LIMITED",A,STK,2466.1,2518.8,2449.95,2502.95,2503.95,2463.6,378,5132,12659994,
532475,"APTECH LTD.",B,STK,76.03,78.74,76.03,78.17,78.17,77.3,200,6556,510903,
532477,"UNION BANK OF INDIA",A,STK,176.55,176.6,172.95,176.05,176.05,175.4,2411,167474,29228839,
532478,"UNITED BREWERIES LTD.",A,STK,1617,1653.3,1606.05,1617.4,1620.7,1616.35,420,94949,156618667,
532481,"NOIDA TOLL BRIDGE COMPANY LTD.",B,STK,3.34,3.55,3.3,3.52,3.52,3.25,36,5795,19644,
532482,"GRANULES INDIA LTD.",A,STK,566.1,578.2,564.3,571.9,571.1,566.05,546,8859,5052696,
532483,"CANARA BANK",A,STK,134.8,136.85,133.7,136.5,136.5,134.75,7205,802166,108367557,
532485,"BALMER LAWRIE INVESTMENTS LTD.",B,STK,71.97,72.5,71.4,72.3,72.3,71.09,2168,128067,9230963,
532486,"POKARNA LTD.",B,STK,859.95,865.3,852.1,858,859.95,862.05,79,650,559252,
532488,"DIVIS LABORATORIES LTD.",A,STK,6073,6148.45,6054.1,6084.9,6094,6074.9,1440,3240,19745703,
532493,"ASTRA MICROWAVE PRODUCTS LTD.",A,STK,963.15,975.4,957.5,965.15,965.15,954.6,543,11304,10953655,
532497,"RADICO KHAITAN LTD.",A,STK,2837.25,2837.3,2711.25,2737.2,2737.2,2823.15,2618,12177,33601211,
532500,"MARUTI SUZUKI INDIA LTD.",A,STK,12800,13101,12681.2,12993.55,12993.55,12753.3,14080,30535,395017677,
532503,"RAJAPALAYAM MILLS LTD.",X,STK,799,799,750,752.05,750,740,58,530,401398,
532504,"NAVIN FLUORINE INTERNATIONAL L",A,STK,6193.3,6320,6179.4,6296.05,6308,6168.2,480,6732,42197030,
532505,"UCO BANK",A,STK,25.17,25.17,24.89,25.09,25.09,25.14,1184,206363,5160433,
532507,"B.A.G.FILMS & MEDIA LTD.",B,STK,4.9,4.9,4.26,4.34,4.36,4.29,84,9345,40672,
532508,"JINDAL STAINLESS LTD.",A,STK,715.9,735.35,693.85,731.1,731.1,710.6,2088,30132,21625016,
532509,"SUPRAJIT ENGINEERING LTD.",B,STK,408,408.25,400.25,403.25,402.05,407.9,310,5108,2061814,
532513,"TVS ELECTRONICS LTD.",B,STK,380,404.45,370,390.7,400,376.25,268,6444,2488887,
532514,"INDRAPRASTHA GAS LTD.",A,STK,155.75,157.3,155,156.8,157.3,155.5,2422,119901,18740783,
532515,"TV TODAY NETWORK LTD.",B,STK,102.05,104.1,102.05,102.9,102.65,102.7,168,4996,514449,
532521,"PALRED TECHNOLOGIES LIMITED",B,STK,31,31,29.34,29.36,29.36,30.88,12,828,24327,
532522,"PETRONET LNG LTD.",A,STK,286.95,289.6,281.95,287.75,288.6,283.1,2791,34389,9781662,
532523,"BIOCON LTD.",A,STK,376.8,382.8,375.2,377.8,377.8,376.75,2285,76119,28776902,
532524,"PTC INDIA LTD.",A,STK,156.55,159.6,156.55,159.1,159.35,157.4,1126,44739,7097789,
532525,"BANK OF MAHARASHTRA",A,STK,63.97,63.97,61.4,62.47,62.47,63.31,4075,811501,50402740,
532527,"RAMKRISHNA FORGINGS LTD.",A,STK,550.9,552.55,540.15,541.7,541.65,555.2,359,5222,2849460,
532528,"DATAMATICS GLOBAL SERVICES LTD",B,STK,695.7,699.5,687.95,695.75,696,691.5,98,2034,1411012,
532529,"NEW DELHI TELEVISION LTD.",B,STK,73.5,74.24,70.9,71.67,71.41,73.25,274,17964,1307103,
532531,"STRIDES PHARMA SCIENCE LIMITED",A,STK,880,886.65,871.95,876.25,876.55,890.95,274,4701,4120550,
532532,"JAIPRAKASH ASSOCIATES LTD.",T,STK,2.41,2.44,2.41,2.41,2.41,2.53,646,3634640,8759692,
532538,"ULTRATECH CEMENT LTD.",A,STK,11099.65,11160,10993.15,11113.95,11115,11099.65,4674,14455,159628405,
532539,"UNO Minda Limited",A,STK,1025.4,1057.2,1008,1053.4,1054,1018.05,1585,20561,21485116,
532540,"TATA CONSULTANCY SERVICES LTD.",A,STK,2422,2422,2360,2391.75,2391.75,2408.35,10966,101752,242878504,
532541,"COFORGE LIMITED",A,STK,1085.35,1085.95,1008.5,1073.85,1073.85,1080.85,20362,395631,414639284,
532543,"GP PETROLEUMS LTD",B,STK,31.91,31.91,28.05,28.41,28.4,28.69,174,7678,218354,
532548,"CENTURY PLYBOARDS (I) LTD.",A,STK,650.1,686,645.65,664.2,657.6,645.65,143,795,520722,
532553,"WELSPUN ENTERPRISES LIMTED",A,STK,461.2,465,458.75,464.2,464.2,461.2,97,1685,777760,
532555,"NTPC LTD.",A,STK,382.95,385.95,378.4,383.45,383.35,382.2,7530,298618,114298206,
532604,"S.A.L.STEEL LTD.",T,STK,38.2,40,38.05,38.12,38.05,40.05,99,24896,949862,
532605,"JBM AUTO LTD.",A,STK,489.65,498.85,488.6,492.3,491.9,486.65,1092,23080,11370914,
532610,"DWARIKESH SUGAR INDUSTRIES LTD",B,STK,37,38.55,36.25,36.78,36.5,36.68,514,153040,5643962,
532612,"INDOCO REMEDIES LTD.",B,STK,190,193.1,188.05,191.15,191.15,189.6,79,1251,237830,
532613,"VIP Clothing Limited",B,STK,18.8,18.8,17.02,17.12,17.39,17.25,92,13943,241414,
532614,"IMPEX FERRO TECH LTD.",Z,STK,1.6,1.64,1.58,1.58,1.58,1.58,6,224,360,
532616,"XCHANGING SOLUTIONS LTD.",B,STK,55.6,55.9,54.71,55.74,55.64,55.55,195,17563,971362,
532621,"MORARJEE TEXTILES LTD.",Z,STK,7,7,6.55,6.55,6.85,6.89,12,789,5255,
532624,"JINDAL PHOTO LTD.",B,STK,1207,1212.75,1174.25,1192.5,1212.75,1173,69,250,296523,
532626,"PONDY OXIDES & CHEMICALS LTD.",B,STK,1050,1060.1,1028.8,1036.2,1042.4,1040.95,499,7474,7782019,
532627,"JAIPRAKASH POWER VENTURES LIMI",A,STK,14.02,14.5,13.41,13.98,13.98,13.49,3818,3545923,48794558,
532628,"3I INFOTECH LTD.",B,STK,12.81,13.22,12.7,12.74,12.74,12.83,236,151139,1935240,
532630,"GOKALDAS EXPORTS LTD.",A,STK,579.75,581.1,568.1,573,571.7,577.15,646,24696,14195740,
532633,"Alldigi Tech Limited",B,STK,737.7,748.65,720.6,724.25,721.05,737.7,398,1491,1084622,
532636,"IIFL FINANCE LIMITED",A,STK,474.3,475,463,471.75,469,474.3,2017,32292,15141418,
532637,"MANGALAM DRUGS & ORGANICS LTD.",T,STK,31.38,31.5,30.4,30.66,30.4,32,56,2364,72756,
532638,"SHOPPERS STOP LTD.",B,STK,294,305,294,301,301,298.75,78,779,232417,
532640,"CYBER MEDIA (INDIA) LTD.",B,STK,13.75,14.19,13.01,13.01,13.01,13.57,26,1871,25190,
532641,"NANDAN DENIM LIMITED",B,STK,2.25,2.34,2.22,2.25,2.25,2.27,301,242224,547797,
532642,"JSW HOLDINGS LIMITED",A,STK,16300,17166.25,16051,16681.65,16737.5,16226.35,172,281,4671903,
532644,"J.K.CEMENT LTD.",A,STK,5032.1,5158.6,5032.1,5118.6,5135,5061.35,669,2249,11473133,
532645,"BEEYU OVERSEAS LTD.",X,STK,2.53,2.54,2.53,2.54,2.54,2.54,12,1303,3306,
532648,"YES BANK LTD.",A,STK,18.55,18.72,18.45,18.64,18.64,18.55,35747,6986282,129774374,
532649,"NECTAR LIFESCIENCES LTD.",B,STK,11.14,11.14,10.85,10.97,10.97,11.01,130,130957,1440459,
532650,"MSP STEEL & POWER LTD.",B,STK,29.97,30.88,29.84,30.53,30.25,29.97,260,85242,2592802,
532651,"SPL INDUSTRIES LTD.",B,STK,24.57,24.97,24.26,24.97,24.97,24.09,21,1638,40470,
532652,"KARNATAKA BANK LTD.",A,STK,219,226.9,215.5,226,225.85,218.45,2596,162231,35978664,
532654,"MCLEOD RUSSEL INDIA LTD.",B,STK,35.56,36.45,35.3,35.48,36.15,35.56,269,47113,1684305,
532656,"FACOR ALLOYS LTD.",X,STK,2.28,2.28,2.09,2.17,2.17,2.17,250,327765,717894,
532660,"VIVIMED LABS LTD.",B,STK,6.46,6.46,6.35,6.37,6.44,6.6,35,8221,52446,
532661,"RANE (MADRAS) LTD.",B,STK,735,741,722.05,729.35,724.15,737.75,181,677,494875,
532662,"HT MEDIA LTD.",B,STK,19.9,20.64,19.55,20.41,20.41,20.07,84,45075,917795,
532663,"Sasken Technologies Limited",B,STK,1006.9,1039.35,997.95,1024.4,1020.25,1006.85,166,2247,2300826,
532666,"FCS SOFTWARE SOLUTIONS LTD.",B,STK,1.44,1.5,1.44,1.45,1.45,1.43,236,302898,442755,
532667,"SUZLON ENERGY LTD.",A,STK,41.43,41.6,40.5,41.21,41.21,41.01,24470,6132069,252076750,
532668,"AURIONPRO SOLUTIONS LTD.",A,STK,844.2,844.2,819,821.4,822.95,824.15,252,2882,2378228,
532670,"SHREE RENUKA SUGARS LTD.",A,STK,23.61,24.33,23.6,23.83,23.83,23.51,1207,259294,6191608,
532673,"K.M.SUGAR MILLS LTD.",B,STK,24.97,25.05,24.37,24.66,24.6,24.61,49,8716,214035,
532674,"BANNARI AMMAN SPINNING MILLS L",B,STK,19.05,19.32,18.58,18.98,18.98,19.01,154,19190,364682,
532676,"PBA INFRASTRUCTURE LTD.",X,STK,7.99,8.25,7.85,8.25,8.25,7.7,24,4793,38072,
532683,"AIA ENGINEERING LTD.",A,STK,3667.1,3925,3667.1,3736.55,3714.35,3667.05,4398,22360,85842619,
532684,"EVEREST KANTO CYLINDER LTD.",B,STK,105.05,106.45,103.5,104.55,105.5,107.15,351,14797,1546281,
532686,"KERNEX MICROSYSTEMS (INDIA) LT",B,STK,935.5,958,932.55,938.2,939,940.95,405,6292,5935937,
532687,"REPRO INDIA LTD.",B,STK,349.6,364.95,349.25,362.9,356.75,349,17,35,12435,
532689,"PVR INOX LIMITED",A,STK,977.75,1015.4,977.75,1001.2,1001.2,976.6,3962,48156,48037417,
532694,"BARTRONICS INDIA LTD.",B,STK,8.5,8.71,8.02,8.14,8.14,8.22,453,228637,1867186,
532695,"CELEBRITY FASHIONS LTD.",B,STK,7.5,7.53,6.99,7.42,7.42,7.25,37,4957,35780,
532698,"NITIN SPINNERS LTD.",B,STK,352,377.2,352,374.75,374.75,354.7,234,4757,1748728,
532699,"ROYAL ORCHID HOTELS LTD.",B,STK,328.15,332.9,316,324.1,322.45,322.05,221,8167,2632251,
532700,"ENTERTAINMENT NETWORK (INDIA)",B,STK,105.55,106.2,105.5,105.5,105.5,105.6,30,1785,188421,
532701,"CELLA SPACE LIMITED",Z,STK,12.99,12.99,12.75,12.77,12.75,12.57,6,551,7035,
532702,"GUJARAT STATE PETRONET LTD.",A,STK,271,272.45,264,265.2,265.2,270.6,605,28175,7518779,
532705,"JAGRAN PRAKASHAN LTD.",B,STK,61.38,61.81,60.6,61.41,61.38,61.38,369,31839,1945156,
532707,"DYNEMIC PRODUCTS LTD.",B,STK,209,209.5,202.45,204.05,205.65,204.8,295,7176,1475958,
532708,"GVK POWER & INFRASTRUCTURE LTD",T,STK,2.68,2.69,2.61,2.65,2.65,2.65,92,121648,320325,
532710,"SADBHAV ENGINEERING LTD.",T,STK,8.35,8.56,7.92,8,8,8.33,112,107842,866677,
532712,"RELIANCE COMMUNICATIONS LTD.",T,STK,0.93,0.93,0.93,0.93,0.93,0.97,177,85807,79800,
532713,"SAKUMA EXPORTS LTD.",B,STK,1.6,1.6,1.49,1.5,1.5,1.54,292,237548,358781,
532714,"KEC INTERNATIONAL LTD.",A,STK,535.6,545.85,535.4,539.35,539.35,535.5,1510,33309,17984335,
532716,"GILLANDERS ARBUTHNOT & CO.LTD.",B,STK,80.3,80.3,80.3,80.3,80.3,80.3,2,101,8110,
532717,"INDO TECH TRANSFORMERS LTD.",B,STK,1244.75,1313,1242.25,1285.85,1285.85,1248.5,293,2157,2726484,
532719,"B.L.KASHYAP AND SONS LTD.",B,STK,48.29,49.71,47.85,48.73,48.73,47.84,123,25658,1249697,
532720,"MAHINDRA & MAHINDRA FINANCIAL",A,STK,321.5,322.75,315.1,319.8,319.55,319.4,4521,136493,43493960,
532721,"VISA STEEL LTD.",B,STK,33.37,33.8,32.76,33.34,33.1,33.37,33,1359,44916,
532722,"NITCO LTD.",B,STK,66.2,73.08,66.2,72.93,71.16,66.78,155,10349,740732,
532723,"MPDL LIMITED",X,STK,33,34.65,32.66,34.65,34.65,33,6,257,8869,
532725,"SOLAR INDUSTRIES INDIA LTD.",A,STK,14100,14109.85,13750,14029.55,14077.7,14085.95,2129,6947,96690515,
532726,"GALLANTT ISPAT LIMITED",B,STK,539.75,550.25,536.7,547,547,537.25,106,1845,1000599,
532728,"MALU PAPER MILLS LTD.",B,STK,31.2,33.55,31.2,31.81,31.83,30.65,29,1287,41876,
532729,"UTTAM SUGAR MILLS LTD.",B,STK,195.4,198.95,191.05,195.1,195.9,190.15,243,4993,976954,
532730,"STL GLOBAL LTD.",B,STK,11.01,11.3,10.65,11.02,10.93,11,23,3921,43002,
532732,"KEWAL KIRAN CLOTHING LTD.",B,STK,453,458.05,440.1,444.1,444,453.3,62,447,202214,
532733,"SUN TV NETWORK LTD.",A,STK,557.35,570.55,553.15,566.95,569.8,555.95,2223,35148,19815192,
532734,"GODAWARI POWER & ISPAT LTD.",A,STK,249.4,261.3,249.4,260.15,259.85,249.3,1807,103120,26485913,
532735,"R SYSTEMS INTERNATIONAL LTD.",B,STK,256.15,261,256,256.55,256.55,262.1,583,26880,6945958,
532737,"EMKAY GLOBAL FINANCIAL SERVICE",B,STK,242.95,242.95,216.55,230.7,230,221,88,1194,272448,
532738,"TwamevConstruction and Infrast",B,STK,24.66,26.3,24.47,26.29,26.3,25.3,155,61156,1583444,
532740,"LOKESH MACHINES LTD.",B,STK,204.15,207,197.1,199.6,197.1,204.7,127,1033,210322,
532741,"Kamdhenu Limited",B,STK,21.9,21.9,21.68,21.79,21.79,21.81,237,56642,1228692,
532742,"PAUSHAK LTD.",B,STK,401.05,416,400.25,409.1,409,404.5,133,1792,732366,
532744,"GTN TEXTILES LTD.",XT,STK,8.22,9.06,8.22,9.05,9.06,8.63,22,6666,60137,
532748,"PRIME FOCUS LTD.",B,STK,261.95,269.7,255.5,256.5,256.5,261.95,2210,467912,121943942,
532749,"ALLCARGO LOGISTICS LTD.",B,STK,7.44,8.02,7.42,7.86,7.86,7.49,1399,698999,5451730,
532754,"GMR Airports Limited",A,STK,90.2,91.1,89.65,90.25,90.25,90.2,1267,139346,12581432,
532755,"TECH MAHINDRA LTD.",A,STK,1340.55,1354.8,1318.55,1342.5,1342.5,1338.15,4790,38271,51409028,
532756,"CIE Automotive India Limited",A,STK,448.3,464.9,445.4,459.4,463.05,448.2,1675,20454,9392204,
532757,"VOLTAMP TRANSFORMERS LTD.",A,STK,8361.5,8596.05,8325,8492.9,8480,8380.65,392,792,6692199,
532759,"ATLANTAA LIMITED",B,STK,34.39,35.72,34.39,34.95,34.95,34.22,193,9056,316105,
532761,"HANDSON GLOBAL MANAGEMENT (HGM",B,STK,49.21,49.21,48,48,48,45.99,13,362,17588,
532762,"ACTION CONSTRUCTION EQUIPMENT",A,STK,817.75,832.35,817,821.55,823.1,818.1,1581,120103,99308935,
532764,"GEECEE VENTURES LIMITED",B,STK,258.1,260.05,251.5,252,252,255,12,197,49708,
532768,"FIEM INDUSTRIES LTD.",B,STK,2004.2,2048,1990.85,2004.7,2006.05,2004.15,333,1803,3628193,
532771,"JHS SVENDGAARD LABORATORIES LT",B,STK,8.32,8.42,8,8.17,8.17,8.12,56,7637,62630,
532772,"DCB BANK LIMITED",A,STK,168.95,170,165.5,169.45,168.7,168.9,1153,52139,8774593,
532773,"GLOBAL VECTRA HELICORP LTD.",B,STK,156,160,155.1,157.85,157.95,152.9,38,1055,166206,
532774,"Inspirisys Solutions Limited",T,STK,75.1,79.69,75.1,79.69,79.69,76.95,3,47,3556,
532775,"GTL INFRASTRUCTURE LTD.",B,STK,1.02,1.06,1.01,1.02,1.02,1.03,10767,6401411,6586578,
532776,"SHIVAM AUTOTECH LTD.",B,STK,15.6,15.99,15.34,15.55,15.75,15.57,115,17522,271691,
532777,"INFO EDGE (INDIA) LTD.",A,STK,941.05,973,931,960.85,962,947.85,1387,28061,26868080,
532779,"TORRENT POWER LTD.",A,STK,1443.35,1481.8,1433.15,1442.6,1443.5,1442.3,3550,23487,34068481,
532780,"PARSVNATH DEVELOPERS LTD.",B,STK,6.75,7.1,6.29,6.8,6.75,6.6,164,55787,379455,
532782,"SUTLEJ TEXTILES & INDUSTRIES L",B,STK,29.8,29.8,28.97,29.11,29.14,29.13,10,2022,59069,
532783,"LT FOODS LTD.",A,STK,385.4,392,380,389.45,389.6,383.55,1076,52070,20133621,
532784,SOBHA,A,STK,1249,1296.4,1246.75,1279.75,1296.4,1248.95,475,5153,6529690,
532785,"RUCHIRA PAPERS LTD.",B,STK,102.35,103,98.6,99.25,98.8,102.35,141,12511,1245413,
532790,"TANLA PLATFORMS LIMITED",A,STK,410.1,415,406.7,408.4,408.4,410.9,1047,23106,9484142,
532794,"ZEE MEDIA CORPORATION LIMITED",T,STK,7.42,7.44,7.18,7.31,7.25,7.42,344,202568,1469656,
532795,"Siti Networks Ltd.",Z,STK,0.49,0.49,0.49,0.49,0.49,0.49,36,39777,19490,
532796,"LUMAX AUTO TECHNOLOGIES LTD.",A,STK,1453.05,1579.35,1451.75,1561.4,1572.5,1451.75,918,12453,19032910,
532797,"AUTOLINE INDUSTRIES LTD.",B,STK,60.29,61.42,58.58,59.21,58.6,60.64,181,7484,449023,
532798,"NETWORK18 MEDIA & INVESTMENTS",A,STK,30.67,31.15,30.42,30.66,30.71,30.67,815,154627,4754283,
532799,"HUBTOWN LTD.",B,STK,189.85,189.9,180,184.8,184,190.1,1758,255011,46428211,
532801,"CAMBRIDGE TECHNOLOGY ENTERPRIS",B,STK,24.26,24.95,23.03,24.53,24.63,23.75,155,13671,326726,
532804,"TECHNOCRAFT INDUSTRIES (INDIA)",B,STK,2015,2130.3,2015,2102.05,2125.1,2050.95,127,570,1196958,
532805,"Redington Limited",A,STK,232.9,232.9,221.05,227.95,228.7,232.9,3032,225339,50796773,
532806,"AI CHAMPDANY INDUSTRIES LTD.",X,STK,24,25.88,24,25.73,25.73,23.85,31,524,13381,
532807,"CINELINE INDIA LIMITED",B,STK,84.5,84.5,81.01,81.61,82.67,84.26,76,77365,6498169,
532808,"PEARL GLOBAL INDUSTRIES LIMITE",A,STK,1450.1,1485.05,1449.1,1470.85,1465,1450.6,89,808,1191724,
532809,"FIRSTSOURCE SOLUTIONS LTD.",A,STK,217.65,219.1,214.35,216.95,217.1,217.6,714,31168,6742969,
532810,"POWER FINANCE CORPORATION LTD.",A,STK,406.6,419.45,404.3,417.8,417.8,406.5,7995,426785,175914626,
532811,"AHLUWALIA CONTRACTS (INDIA) LT",B,STK,727,735.9,720.75,725.25,725.3,730.4,169,1016,739011,
532812,"TRANSWARRANTY FINANCE LTD.",B,STK,13.79,13.79,12.76,12.76,12.76,12,34,4603,61508,
532814,"INDIAN BANK",A,STK,890.15,890.15,860,874.05,873.75,876.85,2102,32591,28400004,
532815,"SMS PHARMACEUTICALS LTD.",B,STK,365,377.85,365,373.25,372,365.6,272,4558,1705565,
532817,"ORIENTAL TRIMEX LTD.",B,STK,6.09,6.09,5.22,5.35,5.22,5.65,173,29567,159582,
532820,"E-Land Apparel Limited",XT,STK,15.04,15.04,13.63,13.71,13.9,14.34,29,17430,239217,
532822,"VODAFONE IDEA  LIMITED",A,STK,9.46,9.5,9.21,9.25,9.25,9.4,34945,21602370,201131845,
532825,"JAGJANANI TEXTILES LTD.",X,STK,4.28,4.28,4.07,4.08,4.08,4.07,9,1272,5199,
532827,"PAGE INDUSTRIES LTD.",A,STK,30300,30690,30237.05,30504.05,30551.95,30201.6,302,528,16102171,
532828,"AMD INDUSTRIES LTD.",B,STK,36,37.01,35.14,36.33,36.4,35.02,16,1716,61076,
532829,"LEHAR FOOTWEARS LIMITED",X,STK,206.15,208.95,197,199.7,199.7,203.45,264,17194,3539787,
532830,"ASTRAL LIMITED",A,STK,1620.2,1659.8,1619.2,1651.9,1655,1620.1,1934,14974,24667856,
532832,"EMBASSY DEVELOPMENTS LIMITED",T,STK,50.25,52.55,49.3,52.37,52.37,50.05,1416,315002,15888731,
532834,"Camlin Fine Sciences Ltd",A,STK,131,133.5,125,129.65,129.65,131.9,397,28593,3749320,
532835,"ICRA LTD.",B,STK,5292.2,5292.2,5206.95,5210,5210,5218.8,20,64,334902,
532839,"DISH TV INDIA LTD.",B,STK,2.34,2.38,2.18,2.22,2.22,2.34,855,1438376,3224564,
532841,"SAHYADRI INDUSTRIES LTD.",B,STK,221.4,232,221.25,222.65,222.15,222.9,8,9553,2113924,
532842,"SREE RAYALASEEMA HI-STRENGTH H",B,STK,436,472.3,423.95,430.05,429.85,431.8,96,581,249796,
532843,"FORTIS HEALTHCARE LTD.",A,STK,813.65,825.8,795,820.15,818.55,808.65,3093,36191,29522631,
532845,"TGB BANQUETS AND HOTELS LTD.",B,STK,8.8,10.1,8.51,8.62,8.62,8.8,39,4867,43469,
532847,"HILTON METAL FORGING LTD.",B,STK,16,16.35,16,16.08,16.07,16.06,191,19772,320039,
532848,"DELTA CORP LTD.",A,STK,53.5,53.8,52.6,52.94,52.74,53.46,712,67798,3599220,
532850,"MIC ELECTRONICS LTD.",B,STK,32.01,33.47,32.01,33.22,33.15,32,400,48633,1598888,
532851,"INSECTICIDES (INDIA) LTD.",B,STK,569.1,575,565.55,566,565.55,567.25,97,1569,896260,
532853,"ASAHI SONGWON COLORS LTD.",B,STK,186.6,192,184.8,190.7,191.9,188.75,107,1820,345315,
532855,"HARYANA CAPFIN LTD.",X,STK,132,137,124.5,127.7,127.7,136.9,152,8588,1106960,
532856,"TIME TECHNOPLAST LTD.",A,STK,160.3,165.5,156.35,163.6,163.15,160.25,4388,155253,25031803,
532859,"HINDUJA GLOBAL SOLUTIONS LTD.",B,STK,361.7,365.3,357,359.7,359.95,361.3,126,2461,887168,
532864,"NELCAST LTD.",B,STK,121.1,122.65,119.5,120.4,119.5,120.7,163,8207,988713,
532867,"V2 RETAIL LTD.",B,STK,1898.6,1916.95,1861.3,1900.45,1897.45,1898.55,325,1579,2990532,
532868,"DLF LTD.",A,STK,530.7,550.25,529.75,548.05,548.05,530,4802,110710,60050501,
532869,"TARMAT LTD.",T,STK,50.12,53.45,50.12,53.04,53.04,50.91,33,5068,268199,
532870,"ANKIT METAL & POWER LTD.",Z,STK,1.55,1.57,1.5,1.56,1.57,1.57,13,2733,4146,
532872,"SUN PHARMA ADVANCED RESEARCH C",B,STK,114.25,117.5,114,114.8,114.8,114.2,632,49858,5775042,
532875,"ALLIED DIGITAL SERVICES LTD.",B,STK,98.95,105.55,96.8,101.65,100.9,96.85,568,40230,4039833,
532878,"ALPA LABORATORIES LTD.",B,STK,62.9,62.9,59.06,59.5,59.49,59.5,54,3042,181167,
532879,"SIR SHADI LAL ENTERPRISES LTD.",X,STK,240.15,240.15,236.05,236.05,236.05,240.15,12,894,212882,
532880,"OMAXE LTD.",B,STK,71.45,80.05,70.06,72.22,71.5,68.62,1866,90727,6906940,
532884,"REFEX INDUSTRIES LTD.",A,STK,193.9,198.1,192.4,196.65,196.05,193.85,792,26906,5260290,
532885,"CENTRAL BANK OF INDIA",A,STK,35.32,35.33,34.68,34.94,34.94,35.05,2104,573706,19973707,
532886,"SEL MANUFACTURING COMPANY LTD.",B,STK,28.8,30.22,28.8,30.22,30.22,28.8,38,51990,1538367,
532888,"ASIAN GRANITO INDIA LTD.",B,STK,61.81,62.49,59.14,59.91,59.91,62.53,975,108607,6582871,
532889,"K.P.R.MILL LIMITED",A,STK,830,839,818,826.85,824.1,826.2,1699,21746,17992598,
532890,"TAKE SOLUTIONS LTD.",T,STK,39.69,39.69,39.69,39.69,39.69,40.49,22,115478,4583321,
532891,"Puravankara Limited",B,STK,182.55,184.55,177.5,182.5,182,178.95,377,20367,3688263,
532892,"MOTILAL OSWAL FINANCIAL SERVIC",A,STK,678.7,691.55,668,681.9,682,670.75,2156,72674,49430046,
532893,"VTM LTD.",X,STK,84.01,84.01,80.36,81.64,81.64,83.18,121,28025,2301463,
532894,"INDOWIND ENERGY LTD.",B,STK,8.37,8.53,8.21,8.29,8.3,8.43,174,39729,330627,
532895,"NAGREEKA CAPITAL & INFRASTRUCT",B,STK,24.52,25.25,23.56,23.74,23.68,24.68,47,16397,400463,
532896,"MAGNUM VENTURES LTD.",B,STK,19,19,18.75,18.76,18.76,18.54,9,134102,2514778,
532898,"POWER GRID CORPORATION OF INDI",A,STK,299.85,300.9,292.35,298.2,297.55,297.4,6888,258269,76742897,
532899,"KAVERI SEED COMPANY LTD.",A,STK,812.4,818.25,793.45,796.9,795.15,812.35,258,2146,1730192,
532900,"PAISALO DIGITAL LIMITED",A,STK,34.78,35.64,33.23,34.61,33.95,35.27,1083,384792,13203188,
532902,"CONSOLIDATED CONSTRUCTION CONS",B,STK,15,15.33,14.64,14.82,14.83,14.69,60,32388,486758,
532904,"SUPREME INFRASTRUCTURE INDIA L",Z,STK,68.2,71.1,68,71.1,71.1,71.45,3,79,5596,
532906,"MAAN ALUMINIUM LTD.",T,STK,124.95,125.95,124,124.7,125.25,124.2,21,770,95811,
532907,"IL&FS ENGINEERING AND CONSTRUC",Z,STK,23.31,24.47,22.5,24.47,24.47,23.31,6,50662,1165278,
532911,"PARLE INDUSTRIES LIMITED",X,STK,5.32,5.53,5.3,5.45,5.45,5.26,457,159715,869674,
532915,"RELIGARE ENTERPRISES LTD.",A,STK,220.2,227,220,226.45,227,221.2,566,40594,9135674,
532916,"BARAK VALLEY CEMENTS LTD.",B,STK,36.8,38.11,36.22,36.8,36.75,36.81,98,2936,108622,
532918,"RATHI BARS LTD.",X,STK,20.97,21.9,20.97,21.51,21.51,21.56,53,12913,277619,
532921,"ADANI PORTS AND SPECIAL ECONOM",A,STK,1374.3,1380,1351.8,1363.5,1363.5,1372.4,8565,431009,586651472,
532922,"EDELWEISS FINANCIAL SERVICES L",A,STK,107,109.45,106.55,108.4,108.4,106.95,965,114015,12346468,
532923,"RENAISSANCE GLOBAL LIMITED",B,STK,101.2,101.6,99,100.15,100.15,101.6,297,29671,2986205,
532924,"KOLTE-PATIL DEVELOPERS LTD.",B,STK,329.4,336.6,325,328.4,328.4,329.35,136,2181,723428,
532925,"KAUSHALYA INFRASTRUCTURE DEVEL",B,STK,790,800,756.1,756.1,756.1,781.2,22,323,250345,
532926,"JYOTHY LABS LIMITED",A,STK,216.2,216.25,210,210.6,210.4,214.85,773,15741,3331682,
532927,"ECLERX SERVICES LTD.",A,STK,1527.55,1534.6,1465,1475.95,1475.95,1527.5,1396,11024,16527372,
532928,"TRANSFORMERS AND RECTIFIERS (I",A,STK,268.25,291.55,264.55,283.85,283.85,265.85,4945,324980,91425801,
532929,"BRIGADE ENTERPRISES LTD.",A,STK,638.15,655,637.95,649.6,655,653.4,1086,8563,5558754,
532930,"BGR ENERGY SYSTEMS LTD.",T,STK,303.95,312.9,291,300.85,300.85,304.15,176,6398,1941408,
532932,"MANAKSIA LTD.",B,STK,52.22,52.22,49.05,49.92,49.92,52.17,121,5054,255888,
532933,"PORWAL AUTO COMPONENTS LTD.",X,STK,48.3,50,48.3,49.95,50,51.65,48,1240,61392,
532934,PPAP,B,STK,196.7,205.1,196.7,200.05,200.05,195.75,7,178,35990,
532935,"ARIES AGRO LTD.",B,STK,321.55,333.45,321.55,329.25,328,321.55,132,1955,645391,
532937,"KUANTUM PAPERS LTD.",B,STK,78.98,79.2,75.84,75.93,76.74,77.88,80,3904,304049,
532939,"RELIANCE POWER LTD.",A,STK,22.47,22.69,21.87,21.95,21.95,22.42,5824,2718348,60188499,
532940,"J.KUMAR INFRAPROJECTS LTD.",A,STK,507.9,507.9,488.25,490.5,490.7,494.35,129,1823,905420,
532941,"CORDS CABLE INDUSTRIES LTD.",B,STK,146,147.65,145.05,147,147,145.8,14,235,34521,
532942,"KNR CONSTRUCTIONS LTD.",A,STK,120.4,121.25,118.55,118.85,119.1,121.05,931,79246,9492503,
532944,ONMOBILE,B,STK,47.45,49.53,47.45,49.48,49.48,48.3,77,10023,488563,
532945,"SEPC LIMITED",B,STK,5,5.12,4.78,4.86,4.86,5.01,1385,2564803,12504150,
532946,"BANG OVERSEAS LTD.",B,STK,33.7,35,32.21,32.67,32.67,33.53,37,8141,266475,
532947,"IRB INFRASTRUCTURE DEVELOPERS",A,STK,41.06,42.08,41.06,41.56,41.56,41.36,5210,606298,25208491,
532951,"GSS INFOTECH LTD.",B,STK,11.6,11.99,10.91,11.09,11.1,11.19,53,4798,54325,
532952,"NAHAR CAPITAL & FINANCIAL SERV",B,STK,220.85,223.95,219.3,222,223.9,220.85,134,1541,342354,
532953,"V-GUARD INDUSTRIES LTD.",A,STK,318.35,324.8,317.65,322.85,323,322.15,411,10567,3392983,
532955,"REC LIMITED",A,STK,333.6,339.35,330.5,337.5,337.5,332.3,4821,8322094,2807195221,
532957,"GOKAK TEXTILES LTD.",XT,STK,62.05,65.99,62.05,64.08,64,64.35,12,15377,954751,
532966,"TITAGARH RAIL SYSTEMS LIMITED",A,STK,625.1,633.75,622.5,629.75,631,627.75,1364,34997,21957449,
532967,"KIRI INDUSTRIES LTD.",A,STK,382.85,389.95,378.55,384.4,386.9,381.85,530,13318,5123920,
532974,"ADITYA BIRLA MONEY LTD.",B,STK,116,118.85,115,115.15,115,115.25,117,32429,3788500,
532975,"TELOGICA LIMITED",X,STK,10.46,10.46,9.18,9.38,9.37,9.68,55,19193,186613,
532976,"JAI BALAJI INDUSTRIES LTD.",A,STK,63.42,63.9,62.09,63.18,62.87,62.89,1146,152397,9597868,
532977,"BAJAJ AUTO LTD.",A,STK,9080.75,9247.9,9007.95,9106.3,9106.3,9078.65,2601,6360,58172000,
532978,"BAJAJ FINSERV LTD.",A,STK,1784,1784,1758.9,1774.9,1770,1771.25,5400,65191,115285677,
532980,"GOKUL REFOILS & SOLVENT LTD.",B,STK,41.11,41.11,40.25,40.45,40.45,40.1,12,106,4288,
532983,"RPG LIFE SCIENCES LTD.",B,STK,1908.6,1918.4,1876.05,1881.1,1876.05,1884.4,38,129,244118,
532985,"KOTAK MAHINDRA MUTUAL FUND",A,STK,83.47,84.09,82.3,82.96,82.81,83.05,109,2596,214502,
532986,"NIRAJ CEMENT STRUCTURALS LTD.",B,STK,26.8,27.13,25.13,26.4,26.8,25.44,62,40745,1064748,
532989,"BAFNA PHARMACEUTICALS LTD.",B,STK,108.2,108.2,108.2,108.2,108.2,103.05,3,250,27050,
532992,"CHL LTD.",X,STK,28.13,30.3,28,29.48,29.48,29.5,27,5530,157686,
532993,"SEJAL GLASS LIMITED",B,STK,502.2,502.55,492.35,493,493,505,15,41,20393,
532994,"ARCHIDPLY INDUSTRIES LTD.",B,STK,71.71,82,68.99,69.22,69.22,70.36,77,1348,94428,
532998,"Lotus Eye Hospital And Institu",B,STK,109.3,109.3,104.6,106.4,106.65,106.95,25,801,84863,
533001,"SOMI CONVEYOR BELTINGS LTD.",B,STK,99.1,100.7,96.85,99.7,96.85,96.55,55,4522,441200,
533007,"LGB FORGE LTD.",X,STK,6.08,6.23,6,6.17,6.16,6.08,228,94639,577374,
533012,"LANDMARK PROPERTY DEVELOPMENT",B,STK,5.8,6.05,5.77,5.79,5.78,5.94,30,3070,17944,
533014,"SICAGEN INDIA LTD.",X,STK,51,51,48.2,48.64,48.4,49.52,87,11685,570435,
533022,"20 MICRONS LTD.",B,STK,152.85,154,151.05,153.6,154,151.9,155,2371,361617,
533023,"ZF Commercial Vehicle Control",A,STK,13666.1,13810,13580.45,13625.65,13630.25,13666.1,133,207,2839086,
533029,"ALKALI METALS LTD.",B,STK,57.48,59.2,56.7,57.55,56.89,58.64,31,368,21080,
533033,"ISGEC HEAVY ENGINEERING LTD.",A,STK,874,905,874,891.85,884.9,887.4,306,2132,1906519,
533047,"INDIAN METALS & FERRO ALLOYS L",B,STK,1196.3,1266,1192.9,1254.9,1258.95,1188.35,401,3353,4133560,
533048,"Teamo Productions HQ Limited",B,STK,0.5,0.52,0.5,0.51,0.51,0.51,71,101056,51589,
533056,"VEDAVAAG SYSTEMS LTD.",X,STK,17.97,17.97,16,17.15,17.05,17.62,241,49698,862857,
533080,"MOLD-TEK PACKAGING LIMITED",B,STK,491.75,499.55,483.7,491.45,490.2,497,316,3459,1693869,
533088,"MAHINDRA HOLIDAYS & RESORTS IN",B,STK,265,266,260.05,262.9,263.3,265.15,1042,4464,1170755,
533090,"EXCEL REALTY N INFRA LTD.",B,STK,1.07,1.12,1.03,1.04,1.06,1.06,171,800759,847504,
533093,"RAJ OIL MILLS LTD.",B,STK,44.01,45.29,43.52,43.7,43.7,44.5,25,7409,326605,
533095,"BENGAL & ASSAM COMPANY LTD.",B,STK,5900,5900,5799.95,5809.9,5834,5840.75,91,485,2825395,
533096,"ADANI POWER LTD.",A,STK,155.8,157.5,153.65,155.5,155.5,154.1,24874,2952136,459782939,
533098,"NHPC LTD.",A,STK,75.98,77.09,75.67,76.83,76.83,75.31,5901,1140302,87188354,
533101,"SURYAAMBA SPINNING MILLS LTD.",X,STK,112,123.4,112,123.4,123.4,115.05,13,3021,357264,
533104,"GLOBUS SPIRITS LTD.",B,STK,818.05,839,809.8,821.95,821.95,809.9,229,1883,1554896,
533106,"OIL INDIA LTD.",A,STK,460.4,474.8,456.4,473.75,472.75,460.05,2125,102695,47931913,
533107,"SWAN DEFENCE AND HEAVY INDUSTR",T,STK,2417.9,2490,2274.3,2399.7,2318.95,2393.95,315,3993,9329931,
533108,"BHILWARA TECHNICAL TEXTILES LT",X,STK,32.66,34,31.01,33,33,32.68,91,12342,395883,
533110,"SHREE PRECOATED STEELS LTD.",X,STK,10.05,10.05,10.05,10.05,10.05,10.03,1,1,10,
533121,"EXPLEO SOLUTIONS LIMITED",B,STK,711.6,723,704,717.35,717.35,716.35,273,2253,1602604,
533122,"RATTANINDIA POWER LTD.",A,STK,8.09,8.23,7.98,8.14,8.14,8.02,11998,1474498,11927637,
533137,"DEN NETWORKS LTD",B,STK,26.2,26.69,25.93,26.12,26.1,26.19,432,29742,779116,
533138,"ASTEC LIFESCIENCES LIMITED",B,STK,579,591.1,569.05,585.85,585,578.9,97,1217,707845,
533146,"D-LINK (INDIA) LTD",B,STK,393,396.9,389.95,393.25,392.1,394.3,262,3146,1239552,
533148,"JSW ENERGY LTD",A,STK,504.6,512.05,501.2,505.65,505.65,504.55,1699,49022,24865409,
533149,"Yunik Managing Advisors Limite",X,STK,7.27,7.32,6.23,6.52,7.22,6.83,51,6535,42978,
533150,"GODREJ PROPERTIES LTD",A,STK,1565.2,1595,1547.7,1584.75,1581,1560.75,2436,22407,35085894,
533151,"D B CORP LTD",B,STK,206,207.4,200.95,204.4,204.4,207.4,352,9833,2012358,
533152,"MBL Infrastructure Ltd",B,STK,21.74,22.27,21.12,21.99,21.99,21.68,182,78747,1709759,
533155,"JUBILANT FOODWORKS LTD",A,STK,473.4,473.4,460.1,465.75,465.05,467.45,2141,40773,18996885,
533156,"VASCON ENGINEERS LTD",B,STK,33.89,33.89,31.18,31.49,31.49,31.27,377,73822,2344221,
533158,"THANGAMAYIL JEWELLERY LTD",A,STK,3487.3,3515,3444,3494.4,3493.25,3452.7,887,4855,16900740,
533160,"VALOR ESTATE LIMITED",A,STK,99.05,100.05,96.65,98.15,97.85,99.1,1009,343046,33665208,
533161,"EMMBI INDUSTRIES LTD",B,STK,78.81,81.36,77.55,80.03,80.03,78.36,32,852,67978,
533162,"HATHWAY CABLE & DATACOM LTD",B,STK,9.7,9.87,9.7,9.83,9.83,9.76,407,236202,2307646,
533164,"TEXMO PIPES & PRODUCTS LTD.",B,STK,42.27,42.6,41.5,41.97,41.5,41.7,73,3967,167256,
533166,"SUNDARAM MULTI PAP LTD.",B,STK,1.33,1.37,1.28,1.29,1.29,1.33,163,86859,113707,
533167,"COROMANDEL ENGINEERING COMPANY",XT,STK,67.1,70.45,67.1,70.45,70.45,67.1,20,6287,441464,
533168,"ROSSELL INDIA LTD.",B,STK,45.23,45.67,44.09,44.96,45.09,45.88,40,1460,65748,
533169,"MAN INFRACONSTRUCTION LTD.",A,STK,92.9,93.2,89.05,89.95,89.7,92.85,520,47030,4241359,
533170,"TAMBOLI INDUSTRIES LIMITED",X,STK,140,140,132.05,134.65,135,143.2,114,7629,1028953,
533172,"INVESCO India Gold Exchange Tr",E,STK,13549,13574,13466.85,13491.7,13491.7,13276.78,4,5,67630,
533177,"IL&FS TRANSPORTATION NETWORKS",Z,STK,2.18,2.32,2.18,2.25,2.25,2.23,11,14022,30668,
533179,"PERSISTENT SYSTEMS LTD.",A,STK,4698.95,4698.95,4498.1,4529.65,4525.15,4643.85,7316,44926,204026612,
533181,"INTRASOFT TECHNOLOGIES LTD.",B,STK,66.71,67.77,65.8,65.8,65.8,65.93,10,307,20246,
533192,"KCP SUGAR & INDUSTRIES CORPORA",B,STK,23.78,23.78,22.65,22.9,22.9,22.65,51,4393,100816,
533193,"KIRLOSKAR ELECTRIC COMPANY LTD",B,STK,78.3,80.69,78.12,78.64,78.5,78.34,91,9567,759550,
533202,"SATCHMO HOLDINGS LIMITED",X,STK,3.41,3.46,3.38,3.45,3.45,3.39,91,38740,131688,
533203,"TARAPUR TRANSFORMERS LTD",B,STK,24.36,24.71,24.01,24.71,24.71,23.54,531,3664,89587,
533206,"SJVN LTD",A,STK,69.27,71.75,68.57,69.09,69.09,69.14,1512,199532,13796987,
533208,"EMAMI PAPER MILLS LTD.",B,STK,70.01,71.58,68.2,68.35,68.2,69.7,205,6324,435531,
533210,"KRITI NUTRIENTS LTD",B,STK,61.92,63.5,61.7,61.95,61.7,61.27,15,906,57221,
533212,"GKB OPHTHALMICS LTD.",X,STK,59.07,59.07,55.61,57.48,57.48,58.23,14,23672,1327986,
533217,"HINDUSTAN MEDIA VENTURES LTD.",B,STK,60.69,64.9,60,61.49,60.77,63.9,34,2861,182663,
533218,"EMAMI REALTY LIMITED",B,STK,57,58.45,56.16,58.45,58.45,55.1,34,19722,1125118,
533227,"ASIAN HOTELS (EAST) LTD.",B,STK,157.55,158.8,153.9,153.9,153.9,151.9,10,13,2037,
533229,"BAJAJ CONSUMER CARE LIMITED",B,STK,330.5,351.1,330.5,343.35,345.05,330.4,800,26770,9206065,
533230,"HDFC MUTUAL FUND - HDFC GOLD E",E,STK,128.07,133.44,128.07,132.48,132.48,131.36,1000,101736,13490156,
533239,"PRAKASH STEELAGE LTD.",B,STK,4.07,4.2,4.07,4.15,4.15,4.18,90,8755,36014,
533244,"ICICI Prudential Gold ETF",E,STK,131.29,134.57,131.29,132.63,132.63,131.29,1941,132977,17660969,
533248,"GUJARAT PIPAVAV PORT LTD.",A,STK,150.15,152.95,149.8,152.1,152.1,150.75,662,30979,4707275,
533252,"WELSPUN INVESTMENTS AND COMMER",B,STK,1261,1363,1261,1363,1363,1301.25,2,7,9337,
533257,"INDOSOLAR LTD.",T,STK,332,341.65,327.35,330.55,330.55,327,197,11602,3879349,
533260,"CP CAPITAL LIMITED",B,STK,83.9,83.9,82,82.25,82.25,82.08,5,31,2553,
533262,"RAMKY INFRASTRUCTURE LTD.",B,STK,476.5,484,469.6,480.15,474.75,476.45,200,9958,4734707,
533263,"ORIENT GREEN POWER COMPANY LTD",B,STK,9.46,9.58,9.1,9.16,9.16,9.41,1308,482203,4465525,
533267,"CANTABIL RETAIL INDIA LTD.",B,STK,251,252.8,247.4,248.65,249.3,247.55,98,2547,635126,
533269,"VA TECH WABAG LTD.",A,STK,1231.2,1238.7,1216.25,1231,1236.5,1227.65,1085,12194,14966249,
533271,"ASHOKA BUILDCON LTD.",A,STK,114.3,114.3,111.25,112.65,112.65,114.25,940,56376,6339529,
533272,"JUPITER WAGONS LIMITED",A,STK,262.6,266.2,260.1,264.65,264,262.55,3310,150004,39468523,
533273,"OBEROI REALTY LTD.",A,STK,1420.05,1467.2,1420.05,1459.55,1455.95,1418.65,2620,20873,30279960,
533274,"PRESTIGE ESTATES PROJECTS LTD.",A,STK,1257,1272,1232,1264.6,1264.6,1250.15,956,13653,17084615,
533275,"SHAH METACORP LIMITED",B,STK,4.8,4.8,4.7,4.71,4.71,4.71,107,95727,454140,
533278,"COAL INDIA LTD.",A,STK,460,465.5,458.35,462.1,462.1,459.8,5165,381370,176134690,
533282,"GRAVITA INDIA LTD.",A,STK,1407.55,1440.75,1390.05,1413.95,1418,1401.9,1626,17375,24526166,
533284,"RPP INFRA PROJECTS LTD.",B,STK,68.92,77.5,67.66,71.11,71.09,69.25,417,10023,718755,
533285,"RDB INFRASTRUCTURE AND POWER L",X,STK,42.5,42.79,39.78,40.76,40,41.31,873,798508,32996302,
533286,"MOIL LTD.",A,STK,247.15,297.8,242.65,297.8,297.8,248.2,17608,1464149,410246656,
533287,"ZEE LEARN LTD.",B,STK,5.31,5.49,5.05,5.18,5.17,5.39,209,110947,583402,
533289,"KESAR TERMINALS & INFRASTRUCTU",X,STK,60.1,63.1,60,63,63,64.22,26,19174,1152685,
533292,"A2Z INFRA ENGINEERING LIMITED",T,STK,15.25,15.5,15.02,15.47,15.47,15.28,43,7452,113506,
533293,"KIRLOSKAR OIL ENGINES LTD.",A,STK,1481.9,1481.9,1433.15,1440.75,1445.8,1467.35,647,8334,12083877,
533294,"RAVI KUMAR DISTILLERIES LTD.",B,STK,18,20,18,18.5,18.5,19.45,42,2890,54192,
533295,"PUNJAB & SIND BANK",B,STK,23.29,23.29,22.83,22.91,22.91,23.2,748,118211,2714982,
533296,"FUTURE MARKET NETWORKS LTD.",B,STK,7.89,8.29,7.81,8.29,8.29,7.9,23,3458,27103,
533298,"SURANA SOLAR LTD.",B,STK,21.9,21.9,21.2,21.41,21.31,21.17,43,4723,101663,
533301,"SHEKHAWATI INDUSTRIES LIMITED",B,STK,12.55,12.55,11.79,11.79,11.79,11.79,9,1277,15297,
533302,"KALYANI INVESTMENT COMPANY LTD",B,STK,4487.7,4499,4461.05,4492,4492,4430.75,27,51,228732,
533303,"BF INVESTMENT LTD.",B,STK,369.05,372.75,368,370.6,370.65,368.7,63,1300,483729,
533306,"SUMMIT SECURITIES LTD.",B,STK,1475.05,1542.45,1475.05,1542.45,1542.45,1496.55,42,88,133475,
533315,"INNOVASSYNTH TECHNOLOGIES (IND",X,STK,64.85,64.85,59.3,60.24,61.99,59.67,37,13249,788332,
533316,"STEL HOLDINGS LIMITED",B,STK,459.9,469,459.9,462.85,463,453.15,82,346,161401,
533317,"OMKAR SPECIALITY CHEMICALS LTD",Z,STK,4,4,3.9,3.97,3.97,4.1,12,2918,11445,
533326,"TEXMACO RAIL & ENGINEERING LTD",A,STK,88.1,92,88.1,89.45,89.35,89.4,1139,90143,8055148,
533329,"INDIAN TERRAIN FASHIONS LTD.",B,STK,27.56,28.19,27.56,28.19,28.19,27.41,10,895,25121,
533333,"FINEOTEX CHEMICAL LTD.",B,STK,21.42,22.13,21.27,21.5,21.5,21.41,434,101810,2183959,
533336,"DHUNSERI INVESTMENTS LTD.",B,STK,820,820,763.15,776.05,786.1,810,84,304,239089,
533339,"ZEN TECHNOLOGIES LTD.",A,STK,1428.3,1433,1404,1423.8,1423.8,1417.4,2642,51145,72515795,
533343,"LOVABLE LINGERIE LTD.",B,STK,66.49,68.2,65.45,66.38,66.38,66.48,25,3878,263480,
533344,"PTC INDIA FINANCIAL SERVICES L",B,STK,26.67,26.99,26.52,26.65,26.65,26.79,327,38809,1037686,
533385,"MOTILAL OSWAL MOST SHARES NASD",E,STK,218.25,220.48,218.11,218.98,219,217.73,1430,63950,13980617,
533398,"MUTHOOT FINANCE LTD.",A,STK,3365.75,3430,3340,3420.65,3419.3,3359.65,2214,16474,55804884,
533407,"TRUE GREEN BIO ENERGY LIMITED",XT,STK,157.95,159.9,156.1,158.8,158.43,152.39,354,26420,4179224,
533408,"Aditya Birla Sun Life Mutual F",E,STK,135.5,138.8,135.5,136.25,136.25,134.63,226,3373,461007,
533427,"VMS INDUSTRIES LTD.",X,STK,20.35,21.6,20.01,21.45,21.5,20.35,298,71569,1509498,
533451,"KARMA ENERGY LTD.",B,STK,38.76,38.76,38,38,38,38.76,8,79,3002,
533452,"DELPHI WORLD MONEY LIMITED",B,STK,10.3,11.19,9.88,10.26,10.46,10.04,437,81923,875564,
533470,"RUSHIL DECOR LTD.",B,STK,15.2,15.4,15.08,15.3,15.35,15.23,117,71080,1079020,
533477,"ENKEI WHEELS (INDIA) LTD.",X,STK,410,420.4,407,412,411.9,406.6,20,607,248000,
533482,"KRIDHAN INFRA LIMITED",B,STK,2.41,2.58,2.32,2.46,2.46,2.46,35,9073,21722,
533506,"INVENTURE GROWTH & SECURITIES",B,STK,1.03,1.04,1.01,1.01,1.01,1.01,152,289190,295406,
533519,"L&T Finance Limited",A,STK,262.65,263.7,256.65,263,262.85,260.3,1516,89130,23192022,
533520,"Indiabulls Limited",B,STK,10.05,10.05,9.61,9.87,9.78,10.01,742,6010336,58352667,
533540,"TREE HOUSE EDUCATION & ACCESSO",T,STK,8.29,8.29,8.1,8.1,8.1,8,6,681,5619,
533543,"BROOKS LABORATORIES LTD.",B,STK,57.95,59.07,54.62,55.7,55.55,56.23,265,16854,955694,
533552,"RUPA & COMPANY LTD.",B,STK,123,124.2,121.6,124,124,122.3,96,8716,1072685,
533553,"T D POWER SYSTEMS LTD.",A,STK,794.05,824.9,785.85,816.3,815,795.55,1730,41135,33246592,
533570,"AXIS MUTUAL FUND - AXIS GOLD E",E,STK,130.7,130.7,128.49,129.18,129.35,127.52,824,48664,6296676,
533573,"ALEMBIC PHARMACEUTICALS LTD.",A,STK,678,681.95,665.1,670.5,665.1,673.6,196,1254,845057,
533576,"VASWANI INDUSTRIES LTD.",B,STK,51.65,53.21,51.31,52,53.21,51.65,106,13415,696550,
533581,"PG ELECTROPLAST LTD.",A,STK,514.95,529.3,510.15,523.5,523.5,507.15,5539,354941,185850950,
533602,"LESHA INDUSTRIES LTD.",X,STK,0.75,0.79,0.75,0.75,0.75,0.76,170,254866,196128,
533605,"SETUBANDHAN INFRASTRUCTURE LIM",Z,STK,0.37,0.39,0.37,0.39,0.39,0.38,4,397,150,
533608,"RDB RASAYANS LTD.",X,STK,167.45,172,163.95,169.35,169.4,163.85,183,29212,4871078,
533629,"TIJARIA POLYPIPES LTD.",T,STK,4.88,5.04,4.64,4.99,4.99,4.88,41,112611,525805,
533632,"ONELIFE CAPITAL ADVISORS LTD.",B,STK,15.27,15.27,14.8,14.89,14.8,15,22,18465,276389,
533638,"FLEXITUFF VENTURES INTERNATION",B,STK,7.3,7.3,6.66,6.99,6.99,7.01,18,1933,13191,
533644,"UJAAS ENERGY LIMITED",B,STK,141.65,148.4,137.45,145.05,148.4,143.8,42,1138,159474,
533655,"TRIVENI TURBINE LTD.",A,STK,465,467.5,458.4,465.3,465.15,462.7,907,16462,7648749,
533676,"INDO THAI SECURITIES LTD.",B,STK,255.05,264.05,254,258.85,258.95,255.7,199,11608,2996344,
533704,"ESSAR SHIPPING LTD.",B,STK,22.78,25.5,22.78,23.96,24,23.33,366,44314,1093201,
533719,"IDBI MUTUAL FUND - IDBI GOLD E",E,STK,140.05,140.96,139.42,139.5,139.5,138.42,40,952,133327,
533758,"APL APOLLO TUBES LTD.",A,STK,1903.4,1973.65,1897,1965.7,1951,1892.45,2750,18128,35029679,
533761,"GPT INFRAPROJECTS LTD.",B,STK,99.05,105.45,99,104.25,104.65,99.05,134,6141,635085,
533896,"FERVENT SYNERGIES LTD.",X,STK,18.9,18.9,16.29,16.51,16.99,17.2,24,4651,77183,
533941,"THOMAS SCOTT (INDIA) LIMITED",B,STK,250.2,253.65,242.35,249.95,248,251.45,74,1082,267758,
533982,"TERA SOFTWARE LTD.",B,STK,332.2,337.5,313.1,321.9,321.2,328.1,122,1094,352688,
534060,"PMC FINCORP LIMITED",X,STK,2.06,2.08,1.98,1.98,2,2.04,573,549250,1102904,
534063,"FUTURISTIC SOLUTIONS LTD.",X,STK,40.95,40.96,40.95,40.96,40.96,37.66,2,2,81,
534064,"ALLIANCE INTEGRATED METALIKS L",X,STK,1.7,1.74,1.66,1.71,1.74,1.66,206,209907,356640,
534076,"RHI MAGNESITA INDIA LIMITED",A,STK,370.05,374.4,363.55,369.6,369.2,369.9,282,5921,2186650,
534091,"MULTI COMMODITY EXCHANGE OF IN",A,STK,2587.55,2681.1,2570.4,2671.35,2671.35,2554.95,13481,194553,514118565,
534139,"SCHNEIDER ELECTRIC INFRASTRUCT",T,STK,866,898.95,866,892,892,862.55,165,3532,3134055,
534190,"OLYMPIC CARDS LTD.",X,STK,3.02,3.02,2.75,2.75,2.75,3.02,4,191,572,
534309,"NBCC (India) Limited",A,STK,83.01,84.02,81.89,83.15,83.15,82.97,5206,581726,48263197,
534312,"MT EDUCARE LTD.",T,STK,1.32,1.32,1.31,1.31,1.31,1.33,7,1300,1715,
534328,"HEXA TRADEX LTD.",B,STK,170,170,161.5,161.85,161.5,160.05,8,68,11152,
534338,"Max heights Infrastucture Ltd",X,STK,12.49,12.49,11.85,12,12,12.13,14,60664,727990,
534369,"TRIBHOVANDAS BHIMJI ZAVERI LTD",B,STK,133,133,129.45,130.9,131.15,130.8,189,9032,1178317,
534392,"VARDHMAN SPECIAL STEELS LTD.",B,STK,232.8,235.05,229.2,229.55,229.2,232.6,153,3966,918540,
534422,"LOOKS HEALTH SERVICES LIMITED",XT,STK,7.99,7.99,7.99,7.99,7.99,8.15,8,415,3315,
534425,"SPECIALITY RESTAURANTS LTD.",B,STK,95.9,98.5,93.1,95.1,95.95,94,303,6622,629503,
534532,"LYPSA GEMS & JEWELLERY LTD",B,STK,4.6,4.6,4.51,4.51,4.51,4.6,3,251,1154,
534597,"RATTANINDIA ENTERPRISES LIMITE",A,STK,26.56,26.93,25.87,26.15,26.15,26.7,1062,186463,4887816,
534598,"Sampann Utpadan India Limited",B,STK,27.5,29.9,27.5,29.9,29.9,27.96,8,154,4450,
534600,"JTL INDUSTRIES LIMITED",B,STK,52.31,52.84,51,51.36,51.36,52.32,415,44071,2277876,
534612,"ADVANCE METERING TECHNOLOGY LT",X,STK,13.49,13.49,12,12.82,12.89,13.49,104,78710,987202,
534615,"NORTH EASTERN CARRYING CORPORA",B,STK,13.37,13.48,12.35,13.32,13.2,12.95,103,17212,227187,
534618,"WAAREE RENEWABLE TECHNOLOGIES",A,STK,812.85,840,810.55,826.25,826.25,811.05,1363,26728,22066126,
534623,"JUPITER INFOMEDIA LTD.",X,STK,50.18,50.18,48.2,49.75,49.75,49.19,115,28666,1425964,
534639,"VINAYAK POLYCON INTERNATIONAL",X,STK,21.12,21.12,20.09,20.61,20.09,21.12,2,2,41,
534674,"Ducon Infratechnologies Ltd",B,STK,3.05,3.05,2.89,2.94,3.01,2.95,105,367761,1092691,
534675,"PROZONE REALTY LIMITED",B,STK,43.4,46.46,43.04,44.83,44.83,43.62,151,7428,330563,
534691,"COMFORT COMMOTRADE LTD.",X,STK,11.5,11.99,11.5,11.78,11.8,11.6,55,26912,315076,
534708,"SHANTI GURU INDUSTRIES LIMITED",MT,STK,8.6,8.6,8.55,8.55,8.55,8.55,2,9000,77100,
534732,"CASPIAN CORPORATE SERVICES LIM",X,STK,33.75,34.9,33.18,33.33,33.31,33.86,55,4375,146238,
534733,"Aerpace Industries Limited",XT,STK,21.14,21.47,20.7,21.27,21.3,20.51,255,159506,3369340,
534741,"VIRTUAL GLOBAL EDUCATION LTD.",X,STK,0.49,0.51,0.48,0.49,0.49,0.48,146,920362,458669,
534742,"ZUARI AGRO CHEMICALS LTD.",B,STK,201.95,209.35,197.75,202.05,201.4,198.3,361,12916,2616117,
534748,"STEEL EXCHANGE INDIA LTD.",B,STK,7.57,7.82,7.51,7.65,7.65,7.59,275,347277,2673869,
534755,"TRIO MERCANTILE & TRADING LTD.",X,STK,1.07,1.07,1.03,1.07,1.07,1.07,32,36455,38932,
534758,"CIGNITI TECHNOLOGIES LTD.",A,STK,1060,1061.75,996.9,1051.3,1051.3,1063.2,502,2292,2360984,
534796,"CDG PETCHEM LIMITED",XT,STK,124.85,124.85,122.4,124.5,124.5,124.85,5,1093,136061,
534804,"CARE Ratings Limited",A,STK,1563.2,1568.15,1545,1554.05,1556.8,1563.1,101,437,679625,
534809,"PC JEWELLER LTD.",A,STK,8.26,8.46,8.26,8.31,8.31,8.37,2746,6139331,51201848,
534816,"INDUS TOWERS LIMITED",A,STK,427.1,437.1,427.1,436.25,436.25,427.05,1971,39304,17063237,
534920,COVIDH,XT,STK,47.11,47.11,47.11,47.11,47.11,46.19,2,680,32034,
534976,"V-MART RETAIL LTD.",A,STK,512.75,517.85,506,508.9,508.3,520.75,237,3598,1830882,
535136,"NIBE LIMITED",B,STK,1018.95,1018.95,990,992.85,990,999.8,240,4410,4398392,
535204,"Mukta Agriculture Limited",X,STK,2.84,2.84,2.83,2.83,2.83,2.7,12,2867,8141,
535205,"Mystic Electronics Limited",X,STK,3.02,3.15,3,3.02,3.01,3.02,42,3205,9689,
535267,"COMFORT FINCAP LTD.",X,STK,7.76,7.76,6.18,6.87,6.87,7.35,319,261106,1736579,
535276,"SBI MUTUAL FUND - SBI ETF SENS",A,STK,831.52,851,831.52,843.52,841.02,837.81,1374,11067,9304466,
535322,"REPCO HOME FINANCE LTD.",B,STK,359.2,365.6,355.45,361.85,361.85,359.2,138,7720,2798534,
535387,"LAKHOTIA POLYESTERS (INDIA) LT",X,STK,54.59,54.59,54.59,54.59,54.59,54.59,8,528,28823,
535431,"GCM SECURITIES LTD",B,STK,0.62,0.63,0.6,0.62,0.62,0.61,71,47178,28951,
535458,"NRB INDUSTRIAL BEARINGS LTD.",B,STK,29.69,30.41,29.45,30,30,29.39,59,3866,115743,
535514,"PRIME CAPITAL MARKET LTD.",X,STK,5.73,5.73,5.73,5.73,5.73,5.73,1,5,28,
535566,"KIFS FINANCIAL SERVICES LTD.",X,STK,113.8,113.9,113.8,113.9,113.9,112.65,3,13,1480,
535601,"SREELEATHERS LTD.",B,STK,192.55,193.2,190.1,190.1,190.1,192.2,12,49,9426,
535602,"SHARDA MOTOR INDUSTRIES LTD",B,STK,763.8,777.55,759.15,774.85,776.9,763.75,258,5368,4148301,
535621,"S V GLOBAL MILL LTD.",X,STK,138.95,139,126.95,128.25,126.95,133.3,5,37,5077,
535648,"JUST DIAL LTD.",A,STK,517.95,518,510,512.75,511.75,516.9,468,10897,5589197,
535657,"OBJECTONE INFORMATION SYSTEMS",XT,STK,7.04,7.4,7.04,7.4,7.4,7.41,4,53,391,
535667,"INDIA FINSEC LTD.",X,STK,172.5,223.5,172.5,190.4,182.15,188,36,96261,21454914,
535693,"BRAHMAPUTRA INFRASTRUCTURE LTD",X,STK,142.25,147.85,141,142.35,144,142.05,156,11348,1629350,
535719,"AMPVOLTS LIMITED",X,STK,30,30.3,28.68,29.84,30.2,29.9,126,19021,563997,
535730,"KHOOBSURAT LTD",X,STK,0.52,0.53,0.49,0.51,0.52,0.52,275,752390,383217,
535754,"ORIENT CEMENT LTD",A,STK,133.75,137.8,131.25,136.5,137.8,133.85,350,37142,4955188,
535755,"Aditya Birla Fashion and Retai",A,STK,58.21,59.14,57.9,58.23,58.28,58.18,2148,383207,22344033,
535789,"Sammaan Capital Limited",A,STK,138.05,142.1,138.05,139.2,139.25,138.05,3840,219548,30818176,
535910,"MONEY MASTERS LEASING & FINANC",B,STK,0.72,0.73,0.69,0.69,0.69,0.72,63,73646,51900,
535916,"ALACRITY SECURITIES LTD",B,STK,55,57.9,53.55,55.9,55.9,55.38,127,24331,1350838,
535958,"Integra Essentia Limited",B,STK,1.29,1.32,1.27,1.27,1.27,1.29,237,355229,457613,
536073,"JULIEN AGRO INFRATECH LIMITED",X,STK,2,2.01,1.97,1.98,1.99,2,114,60472,120071,
536264,"TIGER LOGISTICS (INDIA) LTD",B,STK,25.85,26.61,25.8,26.27,26.29,26.27,141,13106,342083,
536493,"JK AGRI GENETICS LTD",X,STK,315,320,313.6,315.5,313.65,313.5,14,831,262676,
536507,"FUTURE LIFESTYLE FASHIONS LTD",Z,STK,1.3,1.35,1.28,1.33,1.33,1.3,19,5004,6611,
536565,"NOVELIX PHARMACEUTICALS LIMITE",X,STK,55.9,55.9,53.9,53.9,53.9,53,8,138,7476,
536659,"PVV Infra Limited",X,STK,4.79,4.79,4.32,4.49,4.49,4.71,1142,1575999,7203046,
536672,"VCU DATA MANAGEMENT LTD",X,STK,6.25,6.25,6.2,6.2,6.2,6.49,64,10647,66258,
536709,"IND Renewable Energy Ltd",Z,STK,10.13,11.18,10.13,10.23,11,10.65,45,14603,152210,
536773,"JINDAL POLY INVESTMENT AND FIN",B,STK,1220.05,1249.8,1199.9,1206.65,1209.4,1224.3,325,2596,3166397,
536960,"MOTILAL OSWAL MUTUAL FUND - MO",B,STK,58.51,59.6,58.02,59.52,59.52,59,296,47060,2789978,
536974,"CAPTAIN POLYPLAST LTD",X,STK,64.25,64.9,62,62.76,63.42,64.07,128,15648,991223,
537007,"ICICI Prudential Nifty ETF",B,STK,265.2,266.72,261.8,265.56,265.56,263.93,893,44204,11720133,
537008,"ICICI Prudential Nifty 100 ETF",B,STK,27.21,27.21,26.63,26.85,26.84,26.97,78,2887,77665,
537069,"ARNOLD HOLDINGS LTD",X,STK,11.5,11.99,11.21,11.54,11.83,11.7,50,113455,1304231,
537253,"SUNIL HEALTHCARE LTD",X,STK,68,68,58.61,62.64,63.89,60.66,29,217,14062,
537259,"SUYOG TELEMATICS LTD",B,STK,651.95,656.15,626.1,635.8,632.2,646.8,109,1412,907557,
537291,"NATH BIO-GENES (INDIA) LTD",B,STK,140.2,142,139.7,140.9,140.9,140.9,51,431,60609,
537326,"CHEMTECH INDUSTRIAL VALVES LTD",X,STK,61.3,61.94,59,59.46,60,61.5,166,94331,5612654,
537483,"NIPPON INDIA ETF NIFTY 100",B,STK,258.24,258.24,254,256.97,256.99,254.96,156,7314,1870800,
537536,"DENIS CHEM LAB LTD",X,STK,66.31,69.01,66.31,68.45,68.45,67.52,73,6801,463001,
537582,"UNISHIRE URBAN INFRA LTD",M,STK,1.22,1.22,1.22,1.22,1.22,1.21,2,20000,24400,
537707,"LADDU GOPAL ONLINE SERVICES LI",XT,STK,0.91,0.91,0.87,0.88,0.88,0.9,109,343333,308882,
537708,"KOTAK MAHINDRA MUTUAL FUND - K",B,STK,258.07,260.28,257.63,259.91,259.92,258.07,310,8272,2143192,
537709,"SHREE HANUMAN SUGAR & INDUSTRI",XT,STK,4.41,4.48,4.16,4.26,4.2,4.37,78,12052,51291,
537750,"KIRAN VYAPAR LTD",X,STK,167.7,174.3,165,172,172,167.7,72,7626,1284716,
537766,"B.C. POWER CONTROLS LTD",X,STK,1.78,1.78,1.68,1.72,1.72,1.72,117,43455,74078,
537785,"RACE ECO CHAIN LIMITED",B,STK,104.55,104.55,104.5,104.5,104.5,102,5,28,2926,
537800,"MANGALAM INDUSTRIAL FINANCE LT",XT,STK,0.81,0.88,0.81,0.88,0.88,0.84,1221,3561079,3101376,
537820,"VIJI FINANCE LTD",B,STK,3.02,3.02,3.02,3.02,3.02,2.88,9,13051,39414,
537839,"PHOENIX TOWNSHIP LTD",X,STK,81.55,96.97,80,83.49,83.99,85.76,250,7378,620089,
537985,"INFRONICS SYSTEMS LTD",X,STK,13.51,15.7,13.51,14.7,14.7,14.5,28,1504,22361,
538057,"CPSE ETF",A,STK,101.02,102.8,101.02,102.53,102.35,101.12,817,194612,19889908,
538081,"HARIA APPARELS LTD",X,STK,5.55,6,5.55,6,6,5.99,9,289,1644,
538092,"SHRI VASUPRADA PLANTATIONS LIM",X,STK,101.5,101.5,101.5,101.5,101.5,98.8,1,1,101,
538119,"R&B DENIMS LTD",T,STK,97.5,97.5,97.5,97.5,97.5,102.6,45,1117,108907,
538212,"SHARP INVESTMENTS LTD",XT,STK,0.37,0.38,0.36,0.37,0.38,0.37,128,62681,23061,
538268,"WONDERLA HOLIDAYS LTD",B,STK,508.75,522.75,504,509.8,509.8,510.95,231,2348,1208779,
538273,"RESPONSE INFORMATICS LTD",X,STK,23.76,26.95,23.55,26.08,26.95,24.5,19,1685,42704,
538351,"A.F. ENTERPRISES LTD",Z,STK,1.9,1.98,1.86,1.96,1.96,1.9,58,14402,28087,
538365,"INCREDIBLE INDUSTRIES LIMITED",B,STK,33.42,34.98,32.71,34.49,34.49,33.15,20,4624,154340,
538382,"WEST LEISURE RESORTS LTD",X,STK,93.1,95,88.43,88.96,88.8,93.08,14,692,61409,
538395,"NAM SECURITIES LTD",X,STK,95.7,95.7,93.29,93.29,93.29,88.42,2,5,468,
538401,"MAESTROS ELECTRONICS & TELECOM",X,STK,138.05,141.3,134.95,137.55,136.25,142.15,45,5689,769636,
538422,"JACKSON INVESTMENTS LTD",X,STK,0.42,0.45,0.42,0.45,0.45,0.43,174,552361,244495,
538446,"MONEYBOXX FINANCE LIMITED",B,STK,64.8,69.9,62.75,62.94,63.25,64.8,30,482,30962,
538451,"WORTH INVESTMENT & TRADING CO",X,STK,2.81,2.83,2.65,2.7,2.74,2.7,257,236155,647774,
538464,"THIRANI PROJECTS LTD",X,STK,4.88,4.88,3.87,4.18,4.18,4.09,37,4449,18419,
538465,"AMARNATH SECURITIES LTD",X,STK,12.08,12.89,12.06,12.17,12.1,12.01,20,5327,65632,
538476,"CAPITAL TRADE LINKS LTD",X,STK,15.51,15.71,15,15.1,15.1,15.47,88,45242,694637,
538496,"TARINI INTERNATIONAL LTD",M,STK,6.94,6.94,6.35,6.35,6.35,6.5,12,45000,294000,
538520,"SHIVAMSHREE BUSINESSES LIMITED",X,STK,2.08,2.08,1.91,2,1.97,1.99,77,168529,343485,
538521,"YAAN ENTERPRISES LIMITED",X,STK,96,96,95.8,95.9,95.9,93.09,4,701,67271,
538539,"ANNVRRIDHHI VENTURES LIMITED",X,STK,15.17,15.18,15.17,15.18,15.18,13.8,632,835128,12675273,
538540,"RAMCHANDRA LEASING & FINANCE L",XT,STK,9.27,9.28,9.27,9.28,9.28,9.25,40,25815,239444,
538546,"BANSAL ROOFING PRODUCTS LTD",B,STK,112,116,111.3,112.9,111.3,111.35,96,4727,536610,
538562,"SKIPPER LTD",A,STK,338.1,348.25,337.85,345.7,341.15,338.1,318,8680,2972758,
538563,"SMT ENGINEERING LIMITED",XT,STK,468.1,468.1,456.7,456.7,456.7,466,9,427,196390,
538564,"JAMES WARREN TEA LTD",X,STK,295,295,283.15,285.75,288.9,282.95,26,1230,353081,
538565,"Vistar Amar Limited",XT,STK,191.55,194.85,183,187.35,194.85,189.45,69,3298,615358,
538567,"GULF OIL LUBRICANTS INDIA LTD",B,STK,972.7,972.7,944,962.95,956.3,972.65,619,3387,3234870,
538568,"FRUITION VENTURE LTD",X,STK,37.25,37.25,36,36,36,35.49,12,3240,116898,
538569,"TRIVENI ENTERPRISES LTD",X,STK,1.1,1.1,1.1,1.1,1.1,1.09,13,3607,3967,
538579,"ZINEMA MEDIA AND ENTERTAINMENT",MT,STK,19.18,19.18,19.18,19.18,19.18,18.27,3,12000,230160,
538596,"CEMANTIC INFRA-TECH LIMITED",XT,STK,4.99,4.99,4.54,4.93,4.97,4.77,8,1015,4613,
538597,"TTI ENTERPRISE LTD",XT,STK,10.18,10.18,9.26,9.31,9.3,9.73,32,12223,115902,
538598,"VISHAL FABRICS LTD",B,STK,17.99,18.24,17.4,17.44,17.4,17.58,363,100938,1774143,
538607,"TOYAM SPORTS LIMITED",X,STK,0.79,0.84,0.77,0.78,0.78,0.81,493,1347516,1081767,
538609,"GAJANAN SECURITIES SERVICES LT",X,STK,58.7,58.7,55.2,58.08,58.08,55.41,39,5116,295611,
538610,"UNISON METALS LTD",X,STK,0.9,0.9,0.84,0.85,0.85,0.86,331,431139,367467,
538611,"Real Touch Finance Limited",Z,STK,57.69,57.69,57.69,57.69,57.69,54.95,1,1,57,
538634,"VASUNDHARA RASAYANS LTD",X,STK,109.8,114.9,107.15,108.25,108.1,106.65,66,3171,351854,
538635,"SNOWMAN LOGISTICS LTD",B,STK,35,35,34.08,34.2,34.12,34.22,170,15127,519541,
538646,"QGO FINANCE LIMITED",X,STK,42,42,41,41.15,41.15,39.8,19,1730,71226,
538647,"PURSHOTTAM INVESTOFIN LTD",X,STK,33,35,32.16,32.37,32.37,33.81,11,150011,4950362,
538666,"Sharda Cropchem Limited",A,STK,977.3,997.95,969,985.25,984.35,989.25,788,9141,9011351,
538668,"Meghna Infracon Infrastructure",B,STK,530,530.95,515,517.45,520.8,521.6,283,31521,16456087,
538683,"NIPPON INDIA ETF SENSEX",A,STK,872,872,861,870.55,870.99,863.37,390,17567,15198267,
538685,"SHEMAROO ENTERTAINMENT LIMITED",B,STK,100,100.5,98.55,100.3,100.3,96.6,10,319,31834,
538706,"Ultracab (India) Limited",X,STK,6.38,6.49,6.24,6.34,6.38,6.27,334,186439,1188860,
538707,"Rajasthan Cylinders & Containe",X,STK,30.05,30.93,30,30.9,30.93,30.93,16,568,17225,
538708,"Econo Trade (India) Limited",X,STK,6.72,6.79,6.34,6.57,6.57,6.79,23,3953,25696,
538713,"Atishay Limited",X,STK,214.9,215,204.85,213.45,215,209.25,86,4896,1028433,
538714,"Sangam Finserv Limited",X,STK,40.1,40.1,37.35,39.7,39.7,39.9,12,519,19586,
538715,"Dhabriya Polywood Limited",X,STK,325.9,333,320.5,332.95,332.95,327.1,101,1596,524250,
538716,"Aryaman Capital Markets Limite",B,STK,395.5,420,395.5,419.5,419.5,405,3,21,8426,
538730,"PDS LIMITED",B,STK,276.65,280.95,273.55,278.25,278.2,275.95,161,4688,1303102,
538732,"Vibrant Global Capital Limited",X,STK,32.8,32.8,31.51,32.35,32.35,31.77,22,2234,71151,
538734,"CEINSYS TECH LIMITED",B,STK,951,975,918.75,931.65,930,938.75,1876,19273,18239948,
538742,"PANABYTE TECHNOLOGIES LIMITED",XT,STK,31.87,31.87,31.87,31.87,31.87,33.54,19,3330,106127,
538743,"Mudunuru Limited",XT,STK,13.63,13.63,13.63,13.63,13.63,13.37,15,10714,146031,
538770,"Crane Infrastructure Limited",X,STK,13.4,13.85,12.4,13.17,13.69,13.06,31,11317,151232,
538772,"Niyogin Fintech Limited",X,STK,32.72,36,31.66,33.5,33.88,31.65,315,137851,4563641,
538777,"ASIA CAPITAL LIMITED",XT,STK,25.62,25.62,25.62,25.62,25.62,24.4,20,2000,51240,
538778,"Kalyan Capitals Limited",X,STK,6.65,6.65,6,6.09,6.25,6.1,64,6131,38129,
538787,"Goenka Business & Finance Limi",X,STK,9.7,10.4,9.7,9.83,9.85,9.87,62,2649,26491,
538788,"Gilada Finance & Investments L",X,STK,12.43,12.43,11.54,12.19,12.19,11.69,53,6827,82427,
538795,"Shree Ajit Pulp And Paper Ltd.",X,STK,250,256.9,241,251.75,251.8,247.7,16,464,114540,
538817,"Captain Pipes Limited",B,STK,8.86,9.05,8.83,8.97,8.97,8.86,309,169821,1522443,
538833,"KAIZEN AGRO INFRABUILD LIMITED",X,STK,8.6,9.7,8.6,8.66,8.66,9.24,35,3036,26985,
538834,"JMJ Fintech Limited",X,STK,9.9,10.37,9.79,9.88,9.98,9.93,161,54630,541279,
538835,"INTELLECT DESIGN ARENA LIMITED",A,STK,650,657.95,640.05,642.85,640.75,644.1,609,19796,12827126,
538836,"Monte Carlo Fashions Limited",B,STK,506,510.55,503.8,507,509.85,508.65,53,730,370078,
538837,"Jeevan Scientific Technology L",X,STK,59.25,63,59.25,61.76,61.06,60.49,71,21651,1305687,
538838,"Indo Cotspin Limited",X,STK,26.55,26.55,23.9,25,25,26.55,12,998,24499,
538857,"Scintilla Commercial & Credit",XT,STK,13.45,13.45,13.45,13.45,13.45,13.2,2,10,134,
538860,"PANAFIC INDUSTRIALS LTD",X,STK,0.67,0.68,0.67,0.67,0.67,0.66,35,29330,19669,
538862,"My Money Securities Ltd.",X,STK,40.33,40.33,36.42,37.11,36.42,40.33,3,102,4107,
538868,"Continental Securities Limited",X,STK,16.05,16.5,15.56,15.76,15.99,16.91,158,23505,373203,
538874,"NEXUS SURGICAL AND MEDICARE LI",X,STK,18.8,18.8,18.05,18.05,18.05,17.8,12,1737,32069,
538875,"SELLWIN TRADERS LIMITED",X,STK,5.69,6.27,5.69,5.93,5.93,5.98,399,907205,5344536,
538881,"Galada Finance Limited",X,STK,21.35,21.37,21.35,21.37,21.37,21.32,4,256,5465,
538882,"Emerald Finance Limited",X,STK,49.4,51.5,47,47.33,47.33,47.2,642,114125,5637742,
538890,"M. K. Exim (India) Ltd.",X,STK,52.99,54.95,52.2,54.46,54.85,53.53,109,53710,2856211,
538891,"MAGELLANIC CLOUD LIMITED",B,STK,21.5,22.35,21.5,22.22,22.22,21.9,500,128400,2811111,
538894,"Octal Credit Capital Ltd.",X,STK,25.5,25.5,24.99,24.99,24.99,25,7,48,1205,
538895,"Mihika Industries Ltd.",X,STK,10.5,10.5,8.55,8.93,8.97,10,96,103177,926732,
538896,"Kanchi Karpooram Ltd.",X,STK,326.75,327.9,313.2,324,324,326.8,109,11618,3786919,
538902,"Dhunseri Tea & Industries Ltd",B,STK,126.3,128.2,126.3,126.65,126.65,125.95,5,154,19509,
538918,"Vani Commercials Limited",X,STK,7.8,7.8,7.3,7.48,7.48,7.55,15,2110,15767,
538920,"VINTAGE COFFEE AND BEVERAGES L",B,STK,125.75,125.85,122.3,123.1,123.1,122.7,750,43931,5448133,
538922,"COSYN Limited",X,STK,20.5,20.5,20.15,20.4,20.5,19.83,10,834,17028,
538923,"SOFCOM SYSTEMS LIMITED",X,STK,25,27.5,23.51,26.86,26.86,25.43,234,150743,3858853,
538926,"Naturite Agro Products Limited",X,STK,176,179.5,161.2,161.2,161.2,179.1,98,4416,718332,
538928,"Karnavati Finance Limited",X,STK,1.27,1.33,1.22,1.32,1.33,1.28,35,193349,240746,
538942,"Mercantile Ventures Limited",X,STK,22.3,22.3,20.12,21.03,21,22.39,54,1702,35934,
538943,"Sonal Mercantile Limited",XT,STK,95.8,95.8,95,95,95,100,5,62,5930,
538952,"Abhinav Leasing & Finance Limi",X,STK,1.12,1.2,1.12,1.2,1.2,1.2,11,1418,1603,
538961,"GENUS PAPER & BOARDS LIMITED",B,STK,11.35,11.65,11.2,11.24,11.24,11.4,58,16444,185890,
538962,"Minda Corporation Limited",A,STK,480.05,491.6,477.95,488.85,486.55,481.65,380,7506,3655482,
538964,"Mercury Laboratories Limited",X,STK,804,808,804,808,808,800,3,9,7240,
538965,"Concord Drugs Limited",X,STK,71.5,72.75,71.5,72.21,72,70.81,30,2971,213444,
538970,"WARDWIZARD INNOVATIONS AND MOB",X,STK,6.3,6.3,5.97,6.01,6,6.13,1739,832255,5050224,
538975,"Shree Securities Ltd.",Z,STK,0.19,0.19,0.19,0.19,0.19,0.19,125,120842,22959,
538979,"Greenlam Industries Ltd",B,STK,210,227.1,210,218.7,212.3,223,363,13597,3019549,
538987,"TALBROS ENGINEERING LIMITED",X,STK,622.55,634.95,622,625.7,625.55,620.6,32,389,243013,
538992,"Sar  Auto Products Limited",X,STK,2045,2045,2040,2041,2041,2047.8,6,3410,6956460,
539006,"PTC Industries Ltd.",A,STK,17299.95,17447,16855.85,17152.9,17197,17094.7,200,700,12097471,
539011,"CHENNAI FERROUS INDUSTRIES LIM",X,STK,78,78,69.4,71.98,71.98,73,36,1459,104342,
539012,"Megri Soft Limited",X,STK,90.5,90.5,80,80.08,80.1,81.6,30,576,46344,
539013,"GITA RENEWABLE ENERGY LIMITED",X,STK,87.25,89.7,83.99,83.99,83.99,93.32,106,4712,402695,
539014,"Kalpa Commercial Limited",XT,STK,8.87,9.04,8.7,8.7,8.7,8.87,12,2065,18368,
539015,"Ortel Communications Limited",Z,STK,1.8,1.8,1.65,1.68,1.68,1.73,9,511,860,
539016,"Neil Industries Ltd.",X,STK,5.97,6.35,5.97,6.21,6.22,6,12,755,4742,
539017,"STAR HOUSING FINANCE LIMITED",X,STK,4.36,4.5,4.36,4.36,4.36,4.58,347,248333,1084772,
539018,"Beekay Steel Industries Ltd.",X,STK,343.05,355.95,335,341,343,342.25,118,3305,1136128,
539031,"SBI Mutual Fund",A,STK,270.72,273.28,270.36,273.28,273.27,270.52,33,403,109814,
539040,"TIRUPATI INNOVAR LIMITED",X,STK,6.26,6.35,5.53,5.99,5.99,6.14,312,50146,298006,
539041,"GANESHA ECOVERSE LIMITED",M,STK,23.75,23.75,22.61,23.33,23,23.25,11,38750,887075,
539042,"AGI Infra Limited",B,STK,311.95,312,298.75,302.15,300.65,304.05,696,49179,15044188,
539044,"Manaksia Steels Limited",B,STK,52.98,53.98,52.55,53.89,53.89,52.98,29,682,36211,
539045,"Manaksia Aluminium Company Ltd",T,STK,24.79,25.45,24.29,25.03,25.17,25.08,50,8563,215012,
539046,"Manaksia Coated Metals & Indus",B,STK,114.95,115.05,112.3,113.4,113,112.5,178,7520,856506,
539056,"IMAGICAAWORLD ENTERTAINMENT LI",B,STK,39.7,40.89,39.7,40.09,40.09,39.61,278,65217,2622085,
539083,"Inox Wind Limited",A,STK,79.4,79.4,77.25,78.19,78.49,78.45,3681,674164,52636277,
539090,"Rajputana Investment and Finan",X,STK,34,34.49,31.6,34.49,34.49,34.67,12,526,17210,
539091,"Consecutive Commodities Limite",X,STK,0.92,0.92,0.78,0.81,0.82,0.85,173,181100,146747,
539097,"UR SUGAR INDUSTRIES LIMITED",B,STK,2.66,2.66,2.02,2.19,2.19,2.26,258,426639,928687,
539098,"Filtra Consultants and Enginee",M,STK,60.2,60.2,60.2,60.2,60.2,63,1,2000,120400,
539110,"Northlink Fiscal And Capital S",Z,STK,15.77,15.77,15.77,15.77,15.77,15.02,4,146,2302,
539111,"SHESHADRI INDUSTRIES LIMITED",X,STK,15.26,15.3,15.26,15.26,15.26,15.25,3,97,1482,
539112,"SAB INDUSTRIES LIMITED",X,STK,127,127,127,127,127,121.4,2,156,19812,
539113,"Paul Merchants Ltd.",X,STK,490.35,500,480,495.05,500,500,23,5461,2630039,
539115,"ALAN SCOTT ENTERPRISES LIMITED",X,STK,232,233.95,227.55,231.1,231,228.95,19,1104,254776,
539117,"Sujala Trading & Holding Ltd.",X,STK,46.45,46.45,42.62,44.78,45,43.89,287,239499,10731979,
539118,"VRL Logistics Limited",B,STK,251.9,255.05,250.5,251.35,251.7,251.8,129,1480,374037,
539120,"GRAMEVA LIMITED",X,STK,61.84,61.84,55.96,55.96,55.96,58.9,5,158,8847,
539121,"Palco Metals Limited",X,STK,91.25,97.7,91.25,96.4,97,91.25,44,1162,109102,
539122,"Bodhtree Consulting Limited",XT,STK,16.9,16.9,15.53,15.56,15.56,16.27,38,58918,918004,
539123,"V B INDUSTRIES LIMITED",X,STK,5.97,6.2,5.94,5.94,5.94,6.25,38,6194,36965,
539124,"Survottam Finvest Ltd.",X,STK,20.6,20.6,19,20,20,19.34,6,14,275,
539126,"MEP Infrastructure Developers",Z,STK,0.93,0.93,0.93,0.93,0.93,0.94,21,27051,25157,
539132,"Wardwizard Foods and Beverages",X,STK,8.51,8.84,8.27,8.39,8.3,8.61,193,124661,1057804,
539141,"UFO Moviez India Limited",B,STK,63.43,63.88,62.59,63.88,63.88,63.28,17,370,23448,
539143,"PANTH INFINITY LIMITED",X,STK,7.3,7.3,7.02,7.2,7.09,6.98,79,24274,174204,
539148,"Shivalik Rasayan Ltd.",B,STK,255.5,257.65,250.9,251.95,251.5,256.35,109,1645,415463,
539149,"Integrated Capital Services Lt",XT,STK,4.07,4.07,4.07,4.07,4.07,3.88,4,60,244,
539150,"PNC Infratech Limited",A,STK,187,187.35,183.05,184.55,184.6,187.95,424,19937,3682713,
539151,"Arfin India Limited",B,STK,72.9,76.82,72.9,76.45,76.7,74.3,221,12119,907877,
539167,"Virat Leasing Limited",X,STK,36.22,37.66,36.22,37.66,37.66,35.87,5,222,8337,
539175,"BLUEGOD ENTERTAINMENT LIMITED",X,STK,3.18,3.33,3.07,3.24,3.2,3.22,497,1271803,4104892,
539176,"Hawa Engineers ltd.",X,STK,73,73,70.07,72.05,72,74.1,13,175,12511,
539177,"Authum Investment & Infrastruc",A,STK,484.75,485,462.95,478.1,477.8,464.75,2541,74602,35603382,
539189,"Adhbhut Infrastructure Ltd.",X,STK,13.04,13.96,12.78,12.8,12.8,12.78,7,125,1728,
539190,"Decillion Finance Ltd.",X,STK,45.2,45.2,45.2,45.2,45.2,45.2,1,1,45,
539195,"POCL ENTERPRISES LTD",X,STK,175.5,180,168.7,169.9,171.7,171.75,352,39120,6757330,
539196,"Amba Enterprises Ltd.",X,STK,110.5,117.45,109.45,111.6,110,109.2,159,10575,1196239,
539199,"SG FINSERVE LIMITED",B,STK,378,381.45,374.05,375.45,374.55,376.65,157,5277,1990834,
539200,"NOBLE POLYMERS LIMITED",XT,STK,1.4,1.4,1.4,1.4,1.4,1.34,3,490,686,
539201,"SATIA INDUSTRIES LIMITED",B,STK,59.7,60.02,58.9,59.45,59.45,59.15,52,2816,167678,
539206,"GENOMIC VALLEY BIOTECH LIMITED",X,STK,28.43,28.43,28.43,28.43,28.43,28.43,5,353,10035,
539216,"GARMENT MANTRA LIFESTYLE LIMIT",X,STK,1.59,1.59,1.52,1.54,1.54,1.56,285,484682,743980,
539217,"Srestha Finvest Limited",X,STK,0.24,0.24,0.23,0.23,0.23,0.23,569,4291249,997752,
539218,"Saumya Consultants Ltd.",X,STK,139.95,139.95,139.95,139.95,139.95,134.2,1,1,139,
539219,"MAURIA UDYOG LIMITED",X,STK,9.18,9.18,8.01,8.34,8.5,8.43,159,105984,885563,
539220,"Mishka Exim Limited",X,STK,38.1,40.99,38.1,40.99,40.99,39.5,9,887,34113,
539221,"Sportking India Ltd.",B,STK,107.15,114.9,107.15,113.85,114.9,107.15,331,9625,1060052,
539222,"GROWINGTON VENTURES INDIA LIMI",B,STK,0.98,1.01,0.95,0.96,0.96,0.99,790,6411432,6208989,
539224,"HCKK Ventures Limited",XT,STK,32.02,32.02,28.98,30,30,30.5,11,2815,82416,
539226,"RUDRA GLOBAL INFRA PRODUCTS LI",B,STK,17.01,17.23,16.75,16.97,16.83,16.96,64,13776,233651,
539227,"Loyal Equipments Limited",X,STK,181,198,176,189.15,190.5,181.1,408,19871,3756242,
539228,"Gala Global Products Limited",Z,STK,1.3,1.32,1.29,1.32,1.32,1.26,56,51424,67411,
539251,"Balkrishna Paper Mills Ltd.",B,STK,15.53,15.87,15.1,15.77,15.87,15.25,12,347,5406,
539252,"Shyam Century Ferrous Limited",B,STK,4.58,4.68,4.3,4.6,4.6,4.52,95,26088,115826,
539254,"Adani Energy Solutions Limited",A,STK,1012.85,1012.85,972,1000.8,1000,996.75,3470,54816,54049695,
539255,"STAR DELTA TRANSFORMERS LIMITE",X,STK,444.4,444.4,416,427.25,427.25,427.8,153,4737,2033308,
539267,"SAMSRITA LABS LIMITED",X,STK,15.31,16.73,13.78,14.61,14.85,15.31,94,14884,210512,
539268,"Syngene International Limited",A,STK,408.85,415,407.7,410.65,410.7,410.3,843,36484,14983960,
539275,"Mangalam Seeds Limited",X,STK,134.95,135,134.9,135,135,132.55,7,300,40495,
539276,"Kaya Limited",B,STK,302.9,304,290,297.75,297.75,298,91,22860,6814898,
539277,"Alstone Textiles (India) Ltd",X,STK,0.14,0.15,0.13,0.15,0.15,0.14,2559,21970220,3087081,
539278,"Symbiox Investment & Trading C",X,STK,1.7,1.7,1.68,1.68,1.68,1.57,24,4134,7002,
539287,"ORTIN GLOBAL LIMITED",T,STK,16.85,16.85,16.8,16.8,16.8,17.29,3,111,1869,
539288,"Avi Polymers Ltd.",XT,STK,25.22,25.22,25.22,25.22,25.22,26.54,23,2248,56694,
539289,"Aurum PropTech Limited",B,STK,172.2,172.2,166.3,168.3,168.3,168.4,37,269,45176,
539290,"Oswal Greentech Limited",B,STK,23.74,24.11,23.02,23.33,23.33,23.82,92,12153,285683,
539300,"SUNRAKSHAKK INDUSTRIES INDIA L",X,STK,233.95,233.95,225.15,229.95,231.35,228.95,204,9065,2069007,
539301,"Arvind SmartSpaces Limited",B,STK,526,550.05,526,532.6,530.3,536.45,111,1548,834118,
539302,"Power Mech Projects Limited",A,STK,1961.05,1987.4,1894.8,1910.9,1910.9,1890.35,3349,33200,64127313,
539309,"Rama Steel Tubes Limited",B,STK,5.35,5.44,5.09,5.15,5.15,5.41,1763,826093,4348407,
539310,"THINKINK PICTUREZ LIMITED",X,STK,0.16,0.17,0.16,0.16,0.16,0.17,418,4454544,736976,
539312,"UTI BSE Sensex ETF",A,STK,826.31,839.5,826.31,839.5,839.5,830.59,35,99,82865,
539313,"UTI Mutual Fund",B,STK,256,260.94,256,260.45,260.3,258.32,54,1599,414478,
539314,"Universal Autofoundry Limited",B,STK,52.26,53.48,51.5,52.13,52,52.64,88,9168,479469,
539331,"VETO SWITCHGEARS AND CABLES LI",B,STK,96.05,97.65,95,96.5,95.05,95.6,45,1415,136763,
539332,"Navkar Corporation Limited",B,STK,83.61,84.41,82.02,82.92,82.92,83.61,264,28454,2367189,
539334,"Shree Pushkar Chemicals & Fert",B,STK,298.8,305.3,295.6,304.3,305.3,296.45,61,472,142323,
539335,"Callista Industries Limited",XT,STK,199.85,210.95,191.8,209.2,210,201.85,60,3189,639619,
539336,"Gujarat Gas Limited",A,STK,366.15,366.2,357.15,362.55,362.55,366.15,1467,47424,17164774,
539337,"WAAREE TECHNOLOGIES LIMITED",M,STK,138.85,148.5,138.85,142,142,139,112,30100,4288865,
539346,"Sadbhav Infrastructure Project",B,STK,3,3.06,2.95,3.01,3.02,3,49,112088,337151,
539353,"SAL AUTOMOTIVE LIMITED",X,STK,189.9,195.95,188,192.85,189.95,202.95,39,990,189832,
539354,"Polyspin Exports Ltd.",X,STK,27.17,27.17,26,26,26,27.45,8,1001,26034,
539359,"Pritika Auto Industries Limite",B,STK,12.9,12.9,11.41,11.75,11.55,11.76,230,32617,383652,
539378,"Soni Medicare Limited",XT,STK,63.79,70.22,63.79,70.22,70.22,67.14,5,120,7980,
539384,"Krishna Capital And Securities",X,STK,25.46,25.9,25.46,25.5,25.5,26.79,4,62,1591,
539391,"Acme Resources Limited",Z,STK,30.82,30.98,29,29.6,29.6,30.37,18,2824,83648,
539398,"Vishal Bearings Limited",B,STK,49.41,51.75,47.81,49.63,49.99,48.93,63,2275,112634,
539399,"Bella Casa Fashion & Retail Li",B,STK,280.1,280.1,260.2,260.2,260.2,257.85,85,9979,2655057,
539400,"MALLCOM (INDIA) LTD.",B,STK,1059.5,1068,1028.25,1045.85,1043.95,1042,23,151,157887,
539402,"Naksh Precious Metals Limited",B,STK,4.84,4.84,4.03,4.05,4.05,4.41,29,30336,130585,
539404,"SATIN CREDITCARE NETWORK LIMIT",B,STK,145.55,155,143.9,144.7,145.05,144.85,139,12188,1811348,
539405,"Decorous Investment and Tradin",X,STK,14.56,15.24,14.06,14.06,14.06,14.53,7,3053,44478,
539406,"Swagatam Trading & Services Li",X,STK,50,54.5,50,54.5,54.5,52,2,44,2380,
539407,"Generic Engineering Constructi",B,STK,45.91,45.91,43.17,43.46,43.46,43.15,15,69,3000,
539428,"Tejnaksh Healthcare Limited",X,STK,15.49,15.49,13.52,13.85,13.83,14.94,72,12753,183095,
539436,"Coffee Day Enterprises Limited",B,STK,25.13,25.13,24.46,24.85,24.92,24.52,264,49769,1230208,
539437,"IDFC FIRST BANK LIMITED",A,STK,62.87,63.83,62.38,63.62,63.62,62.87,15548,2279539,144054343,
539448,"InterGlobe Aviation Limited",A,STK,4224.35,4305,4210,4287.75,4287.75,4222.5,7157,64202,273930691,
539449,"IGC Industries Limited",X,STK,2.12,2.13,2.02,2.09,2.06,2.08,83,47022,98194,
539450,"S H Kelkar and Company Limited",B,STK,119.7,125.1,119.35,122.6,123.9,119.7,417,10767,1323583,
539455,"ARYAVAN ENTERPRISE LIMITED",X,STK,58.19,58.2,53.05,55.52,55.52,55,75,25195,1372307,
539468,"Typhoon Financial Services Lim",X,STK,49.5,49.5,49.25,49.25,49.25,48.44,3,11,543,
539469,"PANORAMA STUDIOS INTERNATIONAL",B,STK,38.74,41,36.88,40.25,40.5,38.74,374,53168,2130216,
539470,"Shree Ganesh Biotech (India) L",X,STK,0.56,0.57,0.56,0.57,0.57,0.56,298,445452,251308,
539479,"GTV Engineering Limited",X,STK,59.49,67,57.05,61.58,61.58,58.42,432,114496,6887046,
539480,"LIC MF EXHGE TRADED FUND-NIFTY",B,STK,261.56,261.58,261.1,261.1,261.1,261.06,5,27,7056,
539487,"LIC MF EXCHNG TRADED FUND-SENS",A,STK,852.07,855.17,852.05,852.83,855.17,834.37,3,33,28121,
539492,"Garbi Finvest Limited",X,STK,11.9,12.18,11.76,11.82,11.81,12.22,12,391,4621,
539494,"Smart Finsec Limited",X,STK,7.76,7.76,7.26,7.36,7.35,7.14,84,8302,61503,
539495,"Rajkot Investment Trust Limite",XT,STK,37.5,37.5,35,35,35,36.76,2,3,110,
539506,"Adcon Capital Services Limited",X,STK,0.42,0.44,0.42,0.42,0.42,0.42,218,402684,172329,
539515,"Quint Digital Limited",X,STK,38,40.6,36.47,36.88,39.38,37.96,35,4195,159870,
539516,"HDFC Mutual Fund",B,STK,262.69,265.17,261.87,264.48,264.34,262.2,268,3346,881465,
539517,"HDFC Mutual Fund",A,STK,86.08,86.94,85.04,85.8,85.88,85.36,130,18661,1594705,
539518,"Uday Jewellery Industries Limi",X,STK,127.7,127.7,112.15,120.9,120.9,125.7,77,2314,280521,
539519,"SATTVA SUKUN LIFECARE LIMITED",X,STK,0.74,0.75,0.72,0.72,0.72,0.73,148,550396,401330,
539522,"Grovy India Limited",X,STK,39,39.8,36,36.74,37,39.58,49,4284,161561,
539523,"Alkem Laboratories Limited",A,STK,5321.6,5342.35,5298.05,5334.1,5332,5321.6,227,966,5142624,
539524,"Dr. Lal Pathlabs Limited",A,STK,1340.5,1347.45,1324.35,1333.1,1333.2,1340.45,412,4193,5597600,
539526,"Suncare Traders Limited",X,STK,0.57,0.57,0.55,0.57,0.57,0.56,150,112068,63428,
539527,"Creative Castings Limited",X,STK,535.6,535.6,535.6,535.6,535.6,530,1,1,535,
539528,"AAYUSH WELLNESS LIMITED",XT,STK,30.1,32.46,29.5,32.46,32.46,30.92,280,73121,2344410,
539533,"ELITECON INTERNATIONAL LIMITED",B,STK,54.8,54.8,52.5,53.18,53.37,53.27,3507,490814,26411587,
539542,"LUX Industries Limited",B,STK,852,874.4,843.9,860,862.5,869.4,232,2595,2234512,
539544,"Abhishek Infraventures Limited",X,STK,8.26,8.26,7.85,7.85,7.85,8.23,5,652,5374,
539545,"Apoorva Leasing Finance & Inve",X,STK,37.76,37.76,34.19,36.95,36.95,35.98,9,538,19902,
539546,"AGRIBIO SPIRITS LIMITED",X,STK,259.05,262,259,261.9,262,260.05,34,4616,1197483,
539551,"Narayana Hrudayalaya Limited",A,STK,1650,1667.1,1633.55,1655.25,1655.25,1640.95,2530,24192,39923250,
539552,"F MEC INTERNATIONAL FINANCIAL",X,STK,69,69,58,58.97,58.97,63.97,114,11347,682410,
539559,"Deep Diamond India Limited",X,STK,2.64,2.7,2.64,2.64,2.64,2.77,1980,2240878,5925474,
539561,"SUPHA PHARMACHEM LIMITED",X,STK,0.42,0.42,0.41,0.41,0.41,0.43,1406,13916813,5719979,
539562,"AARNAV FASHIONS LIMITED",B,STK,24.1,25.88,24.1,24.27,24.26,24.57,62,5200,127901,
539574,"Sunshine Capital Ltd.",X,STK,0.2,0.21,0.2,0.2,0.2,0.2,2229,19536010,3949724,
539593,"Shivansh Finserv Limited",X,STK,7.45,7.59,6.75,6.91,6.91,7.29,10,5125,38569,
539594,"Mishtann Foods Limited",X,STK,3.94,4.02,3.9,3.92,3.91,3.94,1952,949806,3726103,
539596,"Delta Industrial Resources Lim",X,STK,13.4,13.4,12.5,12.5,12.5,13.4,11,3690,47368,
539598,"CREDENT GLOBAL FINANCE LIMITED",X,STK,28,28.79,27.51,27.96,27.81,28,33,2597,73310,
539599,"Kotia Enterprises Limited",X,STK,26.8,26.8,25.46,26.13,26.8,26.8,5,21,561,
539607,"Blue Cloud Softech Solutions L",B,STK,18.7,19,18.11,18.58,18.58,18.55,2474,1006774,18686147,
539620,"KANORIA ENERGY & INFRASTRUCTUR",X,STK,14.98,14.98,14.01,14.29,14.29,14.03,56,9582,138991,
539621,"BCL Enterprises Limited",X,STK,0.52,0.52,0.49,0.5,0.5,0.51,104,56110,28078,
539636,"Precision Camshafts Limited",B,STK,120,121.65,117.25,119.2,119.2,117.25,160,5378,639158,
539658,"TeamLease Services Limited",B,STK,1082,1112.9,1082,1098.5,1096.5,1098.05,63,253,278775,
539659,"VIKRAM KAMATS HOSPITALITY LIMI",B,STK,48,48,38.4,41.75,43.5,47.99,207,47905,1989170,
539660,"BEST AGROLIFE LIMITED",T,STK,14.22,14.66,13.55,14.43,14.46,14.25,298,89323,1267772,
539661,"ACE MEN ENGG WORKS LIMITED",X,STK,105,105,105,105,105,103,1,1,105,
539662,"BFL Asset Finvest Limited",X,STK,9.8,9.8,8.6,8.9,9.16,8.93,52,4758,42289,
539669,"RGF Capital Markets Limited",XT,STK,1.02,1.02,1.02,1.02,1.02,1,20,76051,77572,
539678,"Quick Heal Technologies Limite",B,STK,143.25,144.8,139.4,140.55,140.55,142.75,441,25046,3554279,
539679,"Kapil Raj Finance Ltd.",X,STK,2.42,2.49,2.36,2.46,2.47,2.42,171,186475,447851,
539682,"Mobavenue AI Tech Limited",T,STK,1186.1,1186.1,1160,1179.4,1180,1200.1,27,176,207914,
539686,"K.P. Energy Limited",B,STK,283.9,283.9,270.1,273.05,273.05,277.5,729,24507,6780256,
539692,"INTERACTIVE FINANCIAL SERVICES",X,STK,15.01,15.95,14.5,15.84,15.93,14.72,12,55,870,
539697,"HILIKS TECHNOLOGIES LIMITED",XT,STK,43.16,47.42,43.06,47.06,47.06,45.32,34,5734,248634,
539724,"HYPERSOFT TECHNOLOGIES LIMITED",XT,STK,123.21,123.21,123.2,123.21,123.21,117.35,84,9544,1175916,
539725,"Gokul Agro Resources Ltd",B,STK,160.05,189.65,160.05,189.65,189.65,158.05,12633,1273293,234561273,
539730,"Fredun Pharmaceuticals Limited",X,STK,1592,1665,1592,1637.3,1611.1,1613.8,400,8331,13586536,
539742,"Simbhaoli Sugars Ltd",Z,STK,7.69,7.69,7.29,7.29,7.29,7.67,62,9274,68386,
539760,"Relicab Cable Manufacturing Li",B,STK,33.16,33.95,31.85,33.95,33.95,33.5,43,65097,2075054,
539761,"Vantage Knowledge Academy Limi",X,STK,0.92,0.92,0.87,0.88,0.89,0.9,421,793584,706206,
539762,"MODERN ENGINEERING AND PROJECT",X,STK,32.87,32.87,28.35,30.45,31.48,30.81,76,11392,344153,
539767,"Mega Nirman & Industries Limit",XT,STK,43.29,43.29,41,41,41,43.08,9,43,1814,
539770,"DARJEELING INDUSTRIIES LIMITED",X,STK,30.5,31.58,28.58,31.58,31.58,30.08,69,23294,679634,
539773,"Advik Capital Limited",X,STK,1.7,1.75,1.7,1.71,1.71,1.73,305,482326,825589,
539784,"LIC MF EXHNGE TRADED FUND NIFT",B,STK,267.65,267.65,267.65,267.65,267.65,261.13,1,80,21412,
539785,"Pudumjee Paper Products Limite",B,STK,72.65,73.11,71.5,71.69,71.69,72.6,101,7094,512159,
539787,"HealthCare Global Enterprises",A,STK,548,558.2,547.85,550.6,551.55,550.35,332,5228,2886793,
539798,"Umiya Tubes Limited",X,STK,31.34,31.34,30.5,31.24,31.24,29.95,26,3350,103385,
539799,"Bharat Wire Ropes Limited",B,STK,156,159.5,153,157.75,159.5,154,139,9080,1406088,
539800,"CHD Chemicals Limited",X,STK,5,5,5,5,5,4.99,3,400,2000,
539807,"AvenuesAI Limited",A,STK,14.22,14.26,14.01,14.09,14.09,14.01,1077,277583,3923364,
539814,"LE LAVOIR LIMITED",X,STK,226.05,238.35,221.95,224.55,221.95,233.6,149,9770,2231837,
539834,"Balgopal Commercial limited",X,STK,166.1,166.95,161.1,166.95,166.95,166.1,6,139,22911,
539835,"Superior Finlease Limited",X,STK,1.89,1.89,1.85,1.85,1.85,1.89,12,14126,26680,
539837,"RAGHAV PRODUCTIVITY ENHANCERS",B,STK,650,652.6,636.75,650.05,645.55,644.4,128,898,577155,
539841,"Lancer Container Lines Limited",X,STK,8.7,9.03,8.6,9.03,9.03,8.6,525,267228,2389471,
539843,"NINtec Systems Limited",B,STK,301.65,306.65,290.55,295.7,306.65,300.6,28,122,36487,
539854,"Halder Venture Limited",B,STK,256.4,258.95,247.25,258.95,258.95,258.95,65,2881,742747,
539864,"Ghushine Fintrrade Ocean Limit",M,STK,22.02,22.02,21.14,21.14,21.14,21,3,30000,643500,
539871,"Thyrocare Technologies Limited",B,STK,355.4,363,355.25,361.75,362.85,360.4,485,16368,5885131,
539872,"Bajaj Healthcare Limited",B,STK,283.05,284.25,276.2,278.15,278.15,279.55,564,13835,3873112,
539875,"RSD Finance Limited",X,STK,84,84,83.58,83.58,83.58,81.25,2,130,10907,
539876,"Crompton Greaves Consumer Elec",A,STK,247.45,251.9,245.5,248.5,248.65,247.4,3134,141548,35207992,
539883,"Pilani Investment And Industri",B,STK,4250,4490,4250,4440.9,4441,4230,82,373,1605938,
539884,"Darshan Orna Limited",X,STK,2.47,2.47,2.4,2.41,2.42,2.48,96,17559,42690,
539889,"Parag Milk Foods Limited",B,STK,200.7,200.9,196.2,197.55,197.85,200.7,642,628136,124613828,
539894,"Madhav Infra Projects Limited",X,STK,7.9,8.24,7.9,7.95,7.95,8.25,408,181359,1452810,
539895,"SPICE LOUNGE FOOD WORKS LIMITE",B,STK,29.38,29.38,27.27,27.72,28.29,28.23,183,21495,593812,
539900,"DALMIA INDUSTRIAL DEVELOPMENT",XT,STK,8.4,9.08,8.22,9.08,9.08,8.65,12,1246,10747,
539911,"Svarnim Trade Udyog Limited",X,STK,15.73,15.73,14.25,14.25,14.25,14.99,6,6705,100560,
539917,"NAGARJUNA FERTILIZERS AND CHEM",B,STK,4,4.12,3.95,4,4,4.02,253,128373,514962,
539921,"Shanti Educational Initiatives",B,STK,166.85,171.8,161,169.65,169.65,163.65,785,161026,26955644,
539938,"Medico Intercontinental Limite",X,STK,31,31.97,29.66,30.8,30.8,31.18,32,4078,121706,
539939,"Yash Chemex Limited",X,STK,57.79,60,57,59.52,59.75,57.79,37,5751,338209,
539945,"ICICI Prudential NV20 ETF",B,STK,13.84,13.84,13.66,13.8,13.7,13.73,144,37748,517861,
539946,"Bazel International Limited",X,STK,24.29,24.29,22.04,23.1,23.1,23.2,131,26526,618027,
539956,"TAAL TECH LIMITED",X,STK,2650,2829.75,2650,2773.95,2810,2675.2,68,3975,10989915,
539957,"Mahanagar Gas Limited",A,STK,1009.65,1025,1003.95,1015.8,1013.4,1009.65,1057,13072,13252177,
539963,"Zeal Aqua Limited",XT,STK,13.03,13.03,12.12,12.78,12.8,12.63,296,103125,1306648,
539978,"Quess Corp Limited",A,STK,175.1,176.65,173.85,175.5,175.45,175,231,8351,1461713,
539979,"DIGJAM LIMITED",B,STK,41.17,41.41,38.1,39.33,39.33,40.5,22,332,13527,
539980,"ICICI Prudential BSE Midcap Se",B,STK,16.05,16.28,16.01,16.25,16.25,16.09,53,6483,104542,
539984,"HINDUSTHAN URBAN INFRASTRUCTUR",X,STK,391.45,449,391.45,431.7,433.1,388.35,378,9341,3979340,
539985,"Titaanium Ten Enterprise Limit",M,STK,20.31,22.43,20.31,22.43,22.43,21.37,28,41000,852630,
539986,"Commercial Syn Bags Limited",B,STK,153.7,153.95,153,153.1,153,153.05,25,1691,259080,
539991,"CONFIDENCE FUTURISTIC ENERGETE",X,STK,33,36.84,32.34,33.71,33.52,33.64,289,27622,949377,
539992,"LLOYDS ENGINEERING WORKS LIMIT",A,STK,41.4,42.91,40.83,42.16,42.26,41.34,1212,627784,25986830,
539997,"Kwality Pharmaceuticals Limite",B,STK,1626.95,1640,1560,1594.1,1595,1585.55,1133,17363,27746562,
540005,"LTIMindtree Limited",A,STK,4234.25,4234.25,4108.65,4187.5,4200,4218.1,1762,7553,31544364,
540006,"EAST WEST FREIGHT CARRIERS LTD",X,STK,2.77,2.9,2.77,2.82,2.82,2.78,128,89010,249826,
540008,"Aditya Birla Sun Life BSE Sens",A,STK,75.9,87.12,74.55,85.16,84.6,75.9,24,199,16217,
540023,"COLORCHIPS NEW MEDIA LIMITED",XT,STK,12.65,13.24,12.65,13,13,12.7,15,1461,19127,
540025,"Advanced Enzyme Technologies L",B,STK,274.3,284.9,273.45,281.1,280.1,274.2,212,7525,2112272,
540026,"Ladam Affortable Housing Limit",X,STK,7.73,8.88,6.71,7.71,7.71,7.69,24,1150,8521,
540047,"Dilip Buildcon Limited",A,STK,425.05,435,425.05,432.75,432.75,430.75,405,11990,5176397,
540048,"S.P. Apparels Limited",B,STK,692.5,705.95,687.95,688.75,689.25,689.85,66,707,490229,
540061,"Bigbloc Construction Limited",B,STK,49,52.12,49,51.16,51.23,50.78,175,4816,246366,
540062,"Golden Crest Education & Servi",X,STK,320.35,320.35,317,318.75,318.75,320.35,7,59,18784,
540065,"RBL Bank Limited",A,STK,295.05,298.95,291.8,298,298,296,1684,97846,28894653,
540066,"AMS POLYMERS LIMITED",XT,STK,44.02,44.02,44.02,44.02,44.02,41.93,3,967,42567,
540073,"BLS International Services Ltd",A,STK,244.55,245.75,240.2,240.9,240.9,244.2,2519,173656,42126738,
540078,"Mitsu Chem Plast Limited",X,STK,89.1,91,88,88.15,88.15,88.85,136,5263,471649,
540079,"Sprayking Limited",B,STK,1.44,1.46,1.36,1.41,1.41,1.46,338,863689,1220610,
540080,"Dhatre Udyog Limited",X,STK,3.98,4.04,3.89,3.96,3.96,4.06,308,136140,539441,
540081,"Sab Events & Governance Now Me",T,STK,13.49,13.49,12.83,12.83,12.83,13.5,8,468,6084,
540082,"Riddhi Steel and Tube Limited",MT,STK,250,250,250,250,250,248.9,4,40500,10125000,
540083,"TV VISION LIMITED",T,STK,5.58,5.58,5.31,5.42,5.42,5.58,8,1832,10200,
540097,"GAMCO LIMITED",X,STK,40.25,41.4,39,40.03,40.84,40.02,32,5094,203315,
540108,"TIAAN CONSUMER LIMITED",Z,STK,6.98,6.98,6.32,6.9,6.9,6.65,23,3502,23656,
540115,"L&T Technology Services Limite",A,STK,3323.45,3380.85,3265.15,3334.55,3327,3325.9,4047,30133,99950454,
540124,"G N A Axles Limited",B,STK,381,397.9,378.25,390.35,389.4,383.75,162,1417,553697,
540125,"Radhika Jeweltech Limited",B,STK,58,58,56.1,57.2,57,56.9,221,13984,801714,
540132,"Sabrimala Industries India Lim",X,STK,11.92,11.92,10.55,11.7,11.7,11.8,17,4640,53007,
540133,"ICICI Prudential Life Insuranc",A,STK,583.95,601.2,583.95,592.45,594,583.9,840,15566,9260644,
540134,"ISHAAN INFRASTRUCTURE AND SHEL",XT,STK,7.54,8.04,7.54,8.04,8.04,7.93,10,2382,18984,
540135,"ARC Finance Limited",X,STK,0.5,0.5,0.48,0.49,0.49,0.5,1012,2725358,1348641,
540136,"HPL Electric & Power Limited",B,STK,274.45,279.55,272.7,275.65,277.1,273.4,526,15777,4344799,
540143,"Sagarsoft (India) Limited",X,STK,78.88,78.89,69.25,76.93,71.3,78.9,35,316,23352,
540145,"Valiant Organics Limited",B,STK,204.4,206.2,195.2,198.15,200.15,204.4,222,3764,750710,
540146,"ADITYA CONSUMER MARKETING LIMI",M,STK,32.05,32.85,32,32.85,32.85,32.22,5,31000,994250,
540147,"Shashijit Infraprojects Limite",X,STK,2.57,2.92,2.48,2.57,2.68,2.55,136,331540,898810,
540153,"Endurance Technologies Limited",A,STK,2401.2,2408.6,2321.15,2326.1,2326.1,2397.45,943,4055,9528257,
540154,"Bandhan Mutual Fund",A,STK,816.59,818.63,816.59,818.63,818.63,804.49,2,9,7355,
540159,"PURPLE AGROTECH INDUSTRIES LIM",X,STK,4.99,5.05,4.62,4.65,4.65,4.83,12,3922,19494,
540168,"Supra Pacific Financial Servic",X,STK,26.4,26.95,25.12,26.84,26.94,26.23,245,91775,2446347,
540173,"PNB Housing Finance Limited",A,STK,767.6,786,767.6,779.95,779.1,767.3,1875,17536,13624047,
540175,"REGENCY FINCORP LIMITED",X,STK,26.71,29.29,26.71,27.92,27.95,27.8,105,13464,373166,
540180,"Varun Beverages Limited",A,STK,409,411.05,402.5,406.5,406.5,407.5,6979,230630,93739718,
540189,"Unipro Technologies Limited",XT,STK,26.35,26.35,26.35,26.35,26.35,25.84,2,54,1422,
540190,"Franklin Industries Limited",X,STK,0.37,0.38,0.36,0.37,0.37,0.37,713,3663754,1354469,
540192,"LKP Securities Limited",X,STK,13.4,13.95,13.4,13.53,13.46,13.46,87,15032,205233,
540198,"OSIAJEE TEXFAB LIMITED",X,STK,423.55,446,422.05,440.35,440.35,425.7,315,65314,28389755,
540199,"Corporate Merchant Bankers Lim",X,STK,57.54,57.54,57.54,57.54,57.54,54.8,15,149,8573,
540203,"Sheela Foam Limited",A,STK,516.45,517,509,512.3,512.3,518.25,231,3833,1970703,
540204,"EIKO LIFESCIENCES LIMITED",X,STK,53.11,54.89,53.11,53.5,53.5,53.96,28,1307,70489,
540205,"Aditya Vision Limited",A,STK,445,455,437.85,447.25,447,444.05,234,4335,1939727,
540210,"Heads UP Ventures Limited",B,STK,6.78,6.96,6.37,6.48,6.4,6.76,37,36940,242407,
540212,"TCI Express Limited",B,STK,480.7,483.75,479.35,481.2,481,481.1,69,2642,1274970,
540222,"Laurus Labs Limited",A,STK,961.55,985.9,961.55,968.25,968.25,960.85,2574,56995,55360801,
540243,"NEW LIGHT INDUSTRIES LIMITED",X,STK,1.29,1.35,1.29,1.34,1.32,1.32,89,41511,54287,
540252,"Viram Suvarn Limited",B,STK,10,10.5,9.78,9.98,9.98,9.96,529,875205,8865856,
540254,"MARG TECHNO PROJECTS LIMITED",X,STK,23.85,26.75,21.16,26.72,25.41,22.3,111,7091,180895,
540259,"SHANGAR DECOR LIMITED",X,STK,0.23,0.25,0.21,0.24,0.24,0.22,299,2854988,664627,
540266,"Globe Commercials Limited",X,STK,15.89,15.9,15.05,15.31,15.4,15.43,94,8578,132227,
540267,"Flora Corporation Limited",X,STK,7,7,7,7,7,6.8,3,120,840,
540268,"TruCap Finance Limited",B,STK,6.39,6.5,5.92,6.08,6.07,6.26,87,144748,914767,
540293,"Pricol Limited",A,STK,526.7,536.95,521.65,525.25,525.25,526.65,916,12916,6830345,
540310,"Classic Filaments Limited",XT,STK,44.8,46.2,41.8,42.5,42.5,44,13,5975,257093,
540311,"JITF INFRALOGISTICS LIMITED",T,STK,336.9,342.4,325.3,330.05,330.05,342.4,96,3665,1213087,
540332,"Tanvi Foods (India) Limited",M,STK,62,67,62,67,67,67,3,3000,195990,
540358,"RMC SWITCHGEARS LIMITED",M,STK,368.6,395.5,368,389.95,387,368.6,76,10375,3956606,
540359,"Parmax Pharma Limited",X,STK,27.08,27.75,26.54,27.75,27.75,26.54,7,347,9585,
540360,"LEADING LEASING FINANCE AND IN",B,STK,1.77,1.85,1.73,1.73,1.73,1.82,934,2021475,3511175,
540361,"DANUBE INDUSTRIES LIMITED",X,STK,4.29,4.29,4.11,4.23,4.23,4.18,40,11846,49730,
540366,"Music Broadcast Limited",B,STK,5.65,5.65,5.35,5.38,5.63,5.5,71,22872,123963,
540376,"Avenue Supermarts Limited",A,STK,3864.85,3864.85,3777.05,3780.8,3780.8,3817.2,1264,4433,16854983,
540377,"IFL ENTERPRISES LIMITED",B,STK,0.38,0.39,0.36,0.38,0.38,0.38,805,4176314,1573865,
540386,"Ontic Finserve Limited",X,STK,1.22,1.22,1.17,1.17,1.17,1.22,145,107844,127747,
540393,"Sarthak Metals Limited",B,STK,68,68,66.02,66.11,67.26,66.79,12,666,44177,
540395,"Chemcrux Enterprises Limited",B,STK,81.2,82.05,78.05,79.72,79.64,79.5,172,12494,995360,
540396,"Manomay Tex India Limited",B,STK,239,239,206,210.05,206,219.3,680,28548,6094687,
540401,"Maximus International Limited",X,STK,9,9.28,8.8,9.14,9.17,9.11,67,5597,50763,
540403,"CL Educate Limited",B,STK,48.98,48.98,46.51,46.98,46.9,47.76,57,5954,281628,
540404,"PRIME FRESH LIMITED",B,STK,228,240,223.25,224.55,225,229.95,334,53629,12473031,
540405,"Oceanic Foods Limited",X,STK,57.95,58.25,55.26,55.69,55.26,55.11,10,1103,61872,
540425,"Shankara Building Products Lim",B,STK,104,106.35,100.55,105.9,106.35,104.15,425,16928,1742066,
540455,"Escorp Asset Management Limite",B,STK,102,112.95,97,100.95,112.95,102,15,1693,171883,
540481,"Classic Leasing & Finance Ltd.",X,STK,45.94,45.95,45.94,45.95,45.95,46.38,2,3,137,
540492,"STARLINEPS ENTERPRISES LIMITED",T,STK,11.09,11.53,11.09,11.53,11.53,11.31,2753,7944211,89521606,
540497,"S Chand And Company Limited",B,STK,143,148.95,143,147.3,148.95,142.8,78,1336,193225,
540515,"KANUNGO FINANCIERS LIMITED",X,STK,10.31,10.31,10.31,10.31,10.31,10.85,2,7,72,
540519,"Meera Industries Limited",B,STK,34.09,36,32.7,35.63,35.05,34.39,330,48186,1683327,
540526,"IRB InvIT Fund",IF,STK,60.04,60.04,59.4,59.86,59.8,59.86,489,142249,8477592,
540530,"Housing &Urban Development Cor",A,STK,173.55,174.2,170,172.55,172.55,172.25,3000,168753,29003863,
540544,"PSP Projects Limited",B,STK,671.95,680.4,666.9,675,673.5,674.55,269,4058,2731813,
540545,"GURU KRUPA GEMS AND JEWELLERY",XT,STK,38.9,38.9,37,38,38,38,51,35833,1361172,
540565,"IndiGrid Infrastructure Trust",IF,STK,164.96,165,164.51,164.96,165,164.98,181,3693047,609204119,
540570,"VARIMAN GLOBAL ENTERPRISES LIM",X,STK,4.14,4.14,3.81,3.93,3.95,3.98,133,92965,363222,
540575,"Star Cement Limited",A,STK,206.8,206.8,204.45,205.95,206.7,206.7,224,15416,3172658,
540590,"Riddhi Corporate Services Limi",X,STK,56,59.95,56,59.2,59.2,56.63,13,853,50047,
540595,"Tejas Networks Limited",A,STK,457.45,461.2,431.6,444.2,444.2,447.15,8986,525248,232249438,
540596,"Eris Lifesciences Limited",A,STK,1308.45,1311.5,1275,1284.55,1305.05,1307.6,295,1346,1751213,
540597,"Containerway International Lim",X,STK,15.04,16.43,14.92,14.97,14.92,15.7,39,27599,412868,
540602,"GTPL Hathway Limited",B,STK,61.7,61.7,56.75,57.2,56.9,56.81,94,11758,679227,
540611,"AU Small Finance Bank Limited",A,STK,885.05,904.05,875,902.25,903.65,884.9,1636,31465,28109059,
540612,"ICICI Prudential Nifty Low Vol",B,STK,20.93,21.05,20.88,21,21.02,20.96,171,75299,1581503,
540613,"Gautam Exim Limited",M,STK,275,275,275,275,275,262.05,1,375,103125,
540614,"G G Engineering Limited",X,STK,0.44,0.45,0.42,0.43,0.43,0.44,905,4587373,1987157,
540615,"7NR Retail Limited",X,STK,3.3,3.45,3.3,3.39,3.4,3.27,83,35660,118493,
540642,"Salasar Techno Engineering Lim",B,STK,6.91,7.19,6.85,6.99,6.99,6.9,590,227012,1576778,
540647,"Ganges Securities Ltd.",B,STK,111.05,118.5,106,107,106.7,111.05,34,1564,171342,
540648,"Palash Securities Limited",B,STK,80.5,90.5,80.5,85.73,85.71,86.04,18,3519,301737,
540649,"AVADH SUGAR & ENERGY LIMITED",B,STK,417.55,430,397.95,401,402.3,410.25,617,5666,2341142,
540650,"Magadh Sugar & Energy Limited",B,STK,432.95,444.5,417.25,419,417.25,424.7,44,1128,475194,
540652,"Captain Technocast Limited",M,STK,177,177,177,177,177,175,2,1500,265500,
540654,"GlobalSpace Technologies Limit",X,STK,18.04,18.7,17.2,18.07,18.32,18.13,54,7230,129884,
540669,"UTI Mutual Fund",B,STK,69.65,69.86,69.2,69.86,69.86,69.84,37,1466,102024,
540673,"SIS LIMITED",B,STK,277.05,278.5,271.55,272.5,271.7,278.75,123,1013,278389,
540678,"Cochin Shipyard Limited",A,STK,1352,1366.3,1327.8,1360,1360,1334.3,3914,69680,94032969,
540679,"HALEOS LABS LIMITED",B,STK,1332,1332,1260,1260,1260,1316.65,3,3,3891,
540680,"KIOCL Limited",A,STK,300,321,296.8,315.15,315.15,296.8,862,25064,7759160,
540686,"Smruthi Organics Limited",X,STK,110.5,114.2,105.8,106.05,106.05,110.5,96,10910,1192319,
540691,"Aditya Birla Capital Ltd",A,STK,314.7,324,313.75,318.7,317.95,314.6,1979,97491,31013496,
540692,"Apex Frozen Foods Limited",B,STK,305.05,361.7,305.05,361.7,361.7,328.85,1065,33704,11686265,
540693,"Shish Industries Limited",T,STK,14.1,14.1,14.1,14.1,14.1,14.38,123,106557,1502453,
540694,"ANG Lifesciences India Limited",B,STK,24.64,24.64,22,22.51,22.41,22.41,28,7168,165492,
540696,"KCD INDUSTRIES INDIA LIMITED",X,STK,5.13,5.27,5,5.2,5.2,5.13,36,13104,68113,
540699,"Dixon Technologies (India) Lim",A,STK,10442.8,10460.7,10210.95,10281.1,10281.1,10258.6,12100,46410,478602395,
540700,"Bharat Road Network Limited",B,STK,17.6,18.29,17.27,17.49,17.67,17.51,59,3590,63119,
540701,"Dishman Carbogen Amcis Limited",B,STK,164.1,164.1,159.75,163.55,163.55,166.55,378,17439,2817126,
540702,"Lasa Supergenerics Limited",B,STK,7.19,7.36,7.13,7.36,7.36,7.16,39,5555,40467,
540703,"PRO CLB GLOBAL LIMITED",XT,STK,37.24,37.24,36.5,36.5,36.5,37.24,6,20186,736808,
540704,"Matrimony.com Limited",B,STK,393,423.15,391.55,418.2,422,385.65,119,1774,722609,
540710,"Capacit'e Infraprojects Limite",B,STK,180.05,214.9,180.05,209.2,209.2,179.65,6145,379287,76904051,
540716,"ICICI Lombard General Insuranc",A,STK,1840.05,1864.85,1830.2,1833.85,1833.75,1850.05,783,22984,42318645,
540717,"Polo Queen Industrial and Fint",B,STK,18.39,18.39,16.57,17.2,17.2,17.31,132,10692,184744,
540718,"AAYUSH ART AND BULLION LIMITED",M,STK,1110,1115,1103.5,1107.3,1103.5,1119.65,415,53250,59147762,
540719,"SBI Life Insurance Company Lim",A,STK,1885.05,1938.45,1885.05,1932.05,1926.15,1909.65,2415,183836,353970045,
540724,"Prataap Snacks Limited",B,STK,924.2,926.2,907.05,913.95,907.05,924.35,32,87,79778,
540725,"Share India Securities Limited",B,STK,125.85,126.75,123.2,123.85,123.95,126.05,152,24222,3055004,
540726,"Trident Texofab Limited",B,STK,42.73,42.73,42.73,42.73,42.73,44.97,68,18288,781446,
540727,"Poojawestern Metaliks Limited",B,STK,23.41,24.85,23.41,23.88,24.49,23.49,101,15990,381802,
540728,"Sayaji Industries Limited",X,STK,100.99,100.99,93.05,97.97,98,97.44,36,2080,202397,
540729,"Vanta Bioscience Limited",M,STK,17.4,17.4,17.4,17.4,17.4,17.4,1,750,13050,
540730,"Mehai Technology  Limited",X,STK,1.26,1.3,1.26,1.3,1.3,1.24,553,1795774,2324601,
540735,"IRIS RegTech Solutions Limited",B,STK,228,228.15,220.8,223.65,222.1,228,55,10321,2317455,
540737,"Shree Ganesh Remedies Limited",X,STK,476.45,495.1,476.45,484.9,495.1,475,132,2895,1391118,
540738,"Shreeji Translogistics Limited",B,STK,6.81,7.2,6.81,7.07,7.09,6.97,105,12691,89386,
540743,"Godrej Agrovet Limited",A,STK,571.35,595,571.35,576.8,575.75,575.65,903,21873,12789713,
540749,"MAS Financial Services Limited",B,STK,293.7,299.2,289.25,295.25,294.25,294.5,231,3526,1037495,
540750,"Indian Energy Exchange Limited",A,STK,119.35,120.8,118.85,119.9,119.9,118.75,1987,244890,29389153,
540755,"General Insurance Corporation",A,STK,359.25,373.15,359.25,367.7,367.5,362.6,925,21793,8019285,
540757,"SHEETAL COOL PRODUCTS LIMITED",T,STK,313,319.2,304.05,305.75,307,320.05,23,827,253670,
540762,"Tube Investments of India Ltd",A,STK,2419.8,2488.75,2411.55,2475.6,2475,2419.75,755,8693,21321332,
540767,"NIPPON LIFE INDIA ASSET MANAGE",A,STK,833.25,853,830,847.8,851.5,829.7,576,8831,7449836,
540768,"Mahindra Logistics Limited",B,STK,377.1,377.85,369.3,375.7,374.35,377.05,202,4433,1661624,
540769,"The New India Assurance Compan",A,STK,132,133.95,132,133.15,133.15,131.95,195,21436,2852003,
540774,"IFGL Refractories Limited",B,STK,143.7,148.25,143.05,144,143.05,142.95,98,1184,171498,
540775,"Khadim India Limited",B,STK,99.9,99.9,93,93.6,94.4,97.15,249,13900,1310679,
540776,"5paisa Capital Limited",B,STK,299.4,299.4,289.35,290.4,290.1,291.6,111,4092,1195680,
540777,"HDFC LIFE INSURANCE COMPANY LI",A,STK,625.85,645.7,623.2,642.5,642.5,625.85,2428,66270,42150728,
540786,"SHARIKA ENTERPRISES LIMITED",B,STK,10.08,10.29,9.65,9.7,9.7,10.08,139,30822,307401,
540787,"ICICI Prudential Mutual Fund",A,STK,116.71,119.23,116.12,118.99,118.92,117.5,195,18305,2165690,
540788,"Aspira Pathlab & Diagnostics L",X,STK,56.36,61.98,52.2,54.28,54.28,56.36,19,963,54037,
540789,"Diligent Media Corporation Lim",B,STK,3.22,3.58,3.06,3.32,3.25,3.19,49,9178,28910,
540795,"Dynamic Cables Limited",B,STK,273.5,273.5,266.3,270.65,270.45,267.95,199,4691,1267611,
540797,"Shalby Limited",B,STK,140.05,140.95,138.5,138.8,139.5,140.05,135,17568,2445364,
540809,"MRC AGROTECH LIMITED",B,STK,39.89,40.7,38.65,40.18,40.18,37.47,363,215098,8486916,
540821,"CRYSTAL BUSINESS SYSTEM LIMITE",X,STK,1.67,1.67,1.59,1.63,1.64,1.59,74,16672,27176,
540824,"Astron Paper & Board Mill Limi",B,STK,3.95,4.02,3.95,4.02,4.02,3.94,6,2136,8442,
540829,"Chandrima Mercantiles limited",X,STK,5.75,5.86,5.53,5.65,5.65,5.82,234,83309,470272,
540850,"Jhandewalas Foods Limited",MT,STK,32.75,32.75,32.75,32.75,32.75,31.2,2,2000,65500,
540874,"7SEAS ENTERTAINMENT LIMITED",X,STK,70.5,73.44,70.5,72.97,72.97,70.49,57,9179,664121,
540879,"Apollo Micro Systems Limited",A,STK,195.95,203.45,195.95,202.15,202.15,195.15,4324,646934,129930465,
540900,"Newgen Software Technologies L",A,STK,446.6,453.95,434.75,445,447,451.65,4001,165807,73182744,
540901,"Praxis Home Retail Limited",B,STK,6.25,6.55,6.1,6.2,6.2,6.25,31,483503,3022376,
540902,"Amber Enterprises India Limite",A,STK,6672.45,6807.55,6589.8,6779.25,6780,6522.15,5259,29712,198742333,
540904,"TIRUPATI FOAM LIMITED",XT,STK,72.01,72.01,72.01,72.01,72.01,72.01,1,100,7201,
540914,"SRU Steels Limited",X,STK,1.61,1.61,1.47,1.58,1.58,1.54,472,1279982,1939587,
540923,"Ashoka Metcast Limited",B,STK,14.74,14.88,13.71,14,14,13.84,17,1502,21414,
540935,"Galaxy Surfactants Limited",A,STK,1735,1740,1690,1694.8,1691,1744.2,135,3708,6293825,
540936,"Gautam Gems Limited",X,STK,3.21,3.21,2.94,2.98,3,3.07,64,15758,47278,
540937,"MEDICO REMEDIES LIMITED",B,STK,38.85,39.67,38.71,38.71,38.71,39.18,22,1408,55636,
540938,"Gujarat Hy-Spin Limited",M,STK,7.37,7.67,7.36,7.36,7.36,7.74,14,80000,590750,
540952,"LORENZINI APPARELS LIMITED",B,STK,6.9,6.9,5.84,6.33,6.33,6.18,45,4098,25234,
540953,"Kenvi Jewels Limited",B,STK,2.25,2.31,2.2,2.24,2.23,2.27,174,63936,143970,
540954,"The Indian Wood Products Co. L",X,STK,35.99,35.99,33.03,33.11,33.03,33.32,93,2859,96108,
540955,"Tasty Dairy Specialities Limit",XT,STK,5.96,5.96,5.55,5.57,5.55,5.84,19,1515,8759,
540956,"Bhatia Communications & Retail",X,STK,21.5,21.95,20.6,21.21,21.27,21.49,240,118647,2516051,
540961,"Shiva Mills Limited",B,STK,56,61,54.1,54.17,54.1,53.41,5,505,30774,
540975,"Aster DM Healthcare Limited",A,STK,650.05,675,649.75,669.65,671,649.75,1676,33774,22526884,
540980,"The Yamuna Syndicate Ltd",X,STK,26250.05,26250.05,26000,26000,26000,27000,12,13,338750,
541005,"KANCO TEA & INDUSTRIES LIMITED",X,STK,60.23,62.4,60.22,61.29,61,62.4,6,36,2175,
541006,"Angel Fibers Limited",M,STK,10.2,11,10.2,11,11,10.1,4,36000,380800,
541019,"H.G. Infra Engineering Limited",B,STK,488.2,492.5,474,490.1,492,488.1,565,13688,6591342,
541083,"Inflame Appliances Limited",M,STK,277.05,279,268,275.35,275,279.85,37,12000,3277012,
541096,"Bharat Parenterals Limited",X,STK,1004.95,1044,989.5,1012.55,1020,1014.45,61,1142,1157512,
541097,"DSP BlackRock Mutual Fund",F,STK,1000,1000,999.99,1000,1000,1000,14,2672,2671999,
541143,"Bharat Dynamics Limited",A,STK,1291.85,1305,1276.6,1296.6,1296.6,1283.65,2585,108330,139871314,
541144,"Active Clothing Co  Limited",B,STK,105,110,105,107.56,106.56,105.47,132,19398,2083044,
541152,"GOYAL ALUMINIUMS LIMITED",T,STK,5.93,6.13,5.9,6.1,6.12,5.96,47,12258,73488,
541153,"Bandhan Bank Limited",A,STK,162.8,163.6,158.2,159.65,159.65,162.5,3524,221242,35420797,
541154,"Hindustan Aeronautics Limited",A,STK,3915.2,3973.9,3892.3,3958,3958,3913.55,7323,57207,225282579,
541161,"DHARAN INFRA-EPC LIMITED",Z,STK,0.19,0.19,0.19,0.19,0.19,0.19,133,246788,46889,
541163,"Sandhar Technologies Limited",B,STK,485.3,494.05,480,480.9,482.1,485.2,236,2330,1129340,
541167,"YASHO INDUSTRIES LIMITED",B,STK,1338.6,1355.2,1325.7,1354.2,1354.75,1338.6,53,419,565100,
541178,"Benara Bearings and Pistons Li",MT,STK,9.25,9.25,9.25,9.25,9.25,9.24,1,6000,55500,
541195,"Mishra Dhatu Nigam Limited",A,STK,308.1,326.55,305.5,320.05,320.05,306.1,1346,33918,10670075,
541206,"Orissa Bengal Carrier Limited",B,STK,59.5,59.5,54,57,57,51.67,15,1401,79443,
541228,"Taylormade Renewables Limited",B,STK,97.5,103.15,97.5,102.3,103,98.25,225,19085,1903569,
541233,"Lemon Tree Hotels Limited",A,STK,102.75,108.1,101.6,106.95,106.95,102.9,3740,330194,34958524,
541269,"Chemfab Alkalis Ltd",B,STK,360,374.4,353.95,364.3,359.9,358.45,73,398,145793,
541276,"HARDWYN INDIA LIMITED",T,STK,17.69,18.34,17.25,17.51,17.71,18.09,134,104354,1864356,
541301,"Orient Electric Limited",B,STK,166,169.15,160.65,161.65,162.85,168.3,371,14807,2406103,
541302,"Dhruv Consultancy Services Lim",B,STK,30,30.55,29.35,29.41,29.35,30,36,1907,57630,
541303,"Akshar Spintex Limited",B,STK,0.4,0.4,0.39,0.4,0.4,0.4,64,109563,43067,
541304,"Indo US Bio-Tech Limited",B,STK,99,103.1,99,102.65,102.65,100,57,956,96854,
541313,"ICICI Prudential BSE 500 ETF",A,STK,36.7,37,36.26,36.36,36.65,36.31,119,17872,654186,
541336,"IndoStar Capital Finance Limit",B,STK,196.1,198.45,195.25,196.6,196.6,196.8,54,1703,336423,
541337,"Milestone Furniture Limited",MT,STK,27.14,28.74,27.14,28.42,28.74,27.41,3,15000,426300,
541338,"U. H. ZAVERI LIMITED",B,STK,14,14.45,13.29,13.43,13.29,13.98,78,15245,206440,
541347,"Parvati Sweetners and Power Lt",XT,STK,7.6,7.94,7.41,7.45,7.41,7.75,46,5047,37860,
541352,"Megastar Foods Limited",B,STK,250,250,243,243.6,246.25,249,39,814,198662,
541353,"Innovators Facade Systems Limi",M,STK,119.6,124,119,121.3,121.3,119.6,15,64800,7766160,
541358,"UNIFINZ CAPITAL INDIA LIMITED",X,STK,95,95,92.01,94.8,94.8,89,16,277,26175,
541400,"ZIM Laboratories Limited",B,STK,68.9,73.1,68.16,68.93,70.95,64.5,200,9976,710948,
541402,"Affordable Robotic & Automatio",B,STK,157.05,158,150.1,152.15,152.15,156.1,208,4877,747708,
541403,"Dollar Industries Limited",B,STK,246.3,250.6,241.6,248.85,250.6,246.25,181,2978,726927,
541418,"NAKODA GROUP OF INDUSTRIES LIM",B,STK,25.8,25.8,25.47,25.47,25.47,25.14,2,7,178,
541444,"Palm Jewels Limited",B,STK,16.25,16.25,15.55,16,16,16.27,11,80,1285,
541445,"Waa Solar Limited",M,STK,46.01,48.6,46.01,46.75,47,48.89,12,9600,446504,
541450,"Adani Green Energy Limited",A,STK,877.1,877.1,848.1,868.95,869,866.9,4810,92956,79880266,
541540,"SOLARA ACTIVE PHARMA SCIENCES",B,STK,426.75,445.15,426.75,429.4,430.2,432.65,227,2994,1309542,
541546,"GAYATRI HIGHWAYS LTD",B,STK,2.16,2.3,2.14,2.18,2.18,2.25,101,57432,126813,
541556,"RITES Limited",A,STK,193.55,193.6,190,191.75,192.25,191,660,31784,6078826,
541557,"Fine Organic Industries Limite",A,STK,4297.9,4338.6,4272.85,4287.35,4291.85,4297.8,92,257,1103098,
541578,"Varroc Engineering Limited",A,STK,474.05,498.6,474,494.1,492.05,479.45,225,4170,2022386,
541601,"Rajnish Wellness Limited",B,STK,0.49,0.53,0.48,0.53,0.53,0.49,1019,14158235,7251153,
541627,"Gujarat Winding Systems Limite",X,STK,6.71,8.38,6.51,6.51,6.51,7.29,13,438,2882,
541634,"Raw Edge Industrial Solutions",B,STK,14.5,15.22,14.5,14.73,14.73,14.51,22,3483,52048,
541701,"Supershakti Metaliks Limited",M,STK,220,220,220,220,220,220,1,300,66000,
541702,"Ashnisha Industries Limited",X,STK,3.58,3.58,3.35,3.36,3.4,3.51,270,143185,488653,
541729,"HDFC Asset Management Company",A,STK,2397.2,2407.15,2357.5,2382.9,2387,2366.55,1131,16157,38477533,
541735,"Vivanta Industries Limited",X,STK,1.55,1.55,1.45,1.5,1.54,1.55,328,200909,305577,
541741,"Fratelli Vineyards Limited",X,STK,73.99,77.64,71.58,74.3,73.6,71.32,117,8130,609043,
541770,"CreditAccess Grameen Ltd.",A,STK,1176.95,1177,1154.45,1169,1167,1175.9,588,4674,5435962,
541771,"AMIN TANNERY LIMITED",X,STK,1.46,1.5,1.43,1.49,1.5,1.46,53,45941,67355,
541778,"Deep Polymers Limited",B,STK,30.16,31.14,28.5,29.76,30.45,30.06,161,23474,691856,
541799,"Sungold Media and Entertainmen",MT,STK,10.5,10.5,10.5,10.5,10.5,10,1,5000,52500,
541809,"ICICI Prudential Mutual Fund",B,STK,68.89,71.26,67.7,69.01,71.25,67.91,483,114098,7818778,
541865,"Add-Shop E-Retail Limited",B,STK,6.84,7,6.61,6.96,7,6.77,95,22758,155911,
541890,"Space Incubatrics Technologies",XT,STK,0.21,0.21,0.19,0.19,0.19,0.2,192,1619246,320481,
541929,"Synergy Green Industries Limit",B,STK,504,504,496.85,499,499,502,8,127,63522,
541946,"ICICI Prudential BSE Liquid Ra",F,STK,1000.01,1000.01,1000,1000,1000,1000,88,146480,146480004,
541956,"IRCON International Ltd",A,STK,127.1,127.5,124.2,126.5,126.5,125.9,5275,320376,40243357,
541967,"Sky Gold And Diamonds Limited",A,STK,330,340,328,338.75,337,334.35,1047,33531,11195619,
541972,"SBI Mutual Fund",A,STK,842.93,850.87,842.93,849.25,849.25,846.17,22,229,194271,
541974,"Manorama Industries Limited",A,STK,1298.8,1325.2,1286.5,1307.5,1307.5,1298.7,307,2973,3908367,
541983,"Innovative Ideals and Services",MT,STK,15.45,15.85,15.1,15.85,15.85,15.1,7,96000,1476950,
541988,"AAVAS Financiers Limited",A,STK,1124.35,1127.95,1095.55,1101.6,1101.6,1129.25,2254,24734,27492423,
542011,"Garden Reach Shipbuilders & En",A,STK,2315.55,2366.95,2284.65,2357.95,2364,2304.7,4436,75874,176957016,
542012,"A-1 LIMITED",B,STK,15.9,16.7,15.54,16.04,16.04,16.35,5199,4320430,67777467,
542013,"Dolfin Rubbers Limited",B,STK,173.75,174.5,170.25,173.25,174.5,173.7,11,193,33259,
542019,"Shubham Polyspin Limited",X,STK,54.83,54.83,50.74,50.75,51.44,53.41,150,66733,3392252,
542020,"AKI India Limited",B,STK,4.9,4.9,4.48,4.57,4.53,4.82,93,52510,241636,
542025,"Sun Retail Limited",M,STK,0.32,0.33,0.32,0.33,0.33,0.35,3,144000,47040,
542034,"S. M. Gold Limited",B,STK,11.9,12.32,11.9,12.14,12.25,11.9,63,7476,91093,
542046,"VIVID MERCANTILE LIMITED",T,STK,8.15,8.15,7.41,7.41,7.41,7.79,120,167779,1277971,
542057,"BCPL Railway Infrastructure Li",B,STK,59.2,61.98,59.2,61.46,61.61,60.41,154,5483,332025,
542066,"ADANI TOTAL GAS LIMITED",A,STK,525.05,533.35,501,516.9,516.9,521.55,12333,677849,347885873,
542123,"The Phosphate Company Limited",X,STK,138,138,138,138,138,137.1,1,100,13800,
542131,"Mirae Asset Mutual Fund",B,STK,253.01,255.22,252.6,254.86,254.89,253.01,237,9501,2411846,
542141,"Techno Electric & Engineering",A,STK,1070.05,1136.7,1070.05,1093.4,1119,1080.35,2907,34420,38441386,
542145,"Roni Households Limited",M,STK,47.95,47.95,43.33,44.9,44.9,44,9,16200,720288,
542155,"Diksha Greens Limited",MT,STK,1.15,1.15,1.15,1.15,1.15,1.17,2,4000,4600,
542176,"Aryan Share & Stock Brokers Lt",X,STK,17.69,18.57,17.69,18.57,18.57,17.69,3,10,177,
542206,"NIVAKA FASHIONS LIMITED",X,STK,1.62,1.65,1.54,1.57,1.62,1.62,18,6884,10804,
542216,"DALMIA BHARAT LIMITED",A,STK,1870.3,1870.3,1847.35,1854.9,1870,1853.1,379,2966,5497907,
542230,"Aditya Birla Sun Life Mutual F",B,STK,67.64,68.11,67.18,67.82,67.81,67.99,17,1110,75257,
542231,"Nila Spaces Ltd",B,STK,12.7,13.01,12.52,12.87,12.8,12.95,170,69634,890001,
542232,"Shankar Lal Rampal Dye-Chem Li",B,STK,50.99,50.99,47.21,48.56,48.56,47.57,78,4197,201564,
542233,"Trejhara Solutions Limited",B,STK,161,166.9,159,166.7,166.9,159.8,17,5497,880580,
542248,"Deccan Health Care Limited",B,STK,12.6,12.6,11.8,11.95,11.95,12.08,78,42316,507517,
542285,"Axita Cotton Limited",T,STK,8.98,8.98,8.41,8.75,8.75,8.8,148,52965,462854,
542323,"KPI Green Energy Limited",A,STK,380.55,394,374.65,382.75,381,380.15,1654,79135,30367121,
542332,"Hi-Klass Trading and Investmen",XT,STK,48.58,48.58,48.58,48.58,48.58,46.27,1,8,388,
542333,"RPSG VENTURES LIMITED",B,STK,590,603.8,586.35,600.05,600.55,590.25,35,798,472459,
542337,"Spencer's Retail Limited",B,STK,30.1,31.49,29.01,29.02,29.01,29.91,65,11283,342386,
542351,"Gloster Ltd",B,STK,518,523,509,512.05,522,524.45,30,273,141258,
542367,"Xelpmoc Design and Tech Limite",B,STK,111.6,111.6,88.15,91.3,91.3,100.15,107,2398,222942,
542383,"Ritco Logistics Limited",B,STK,206.45,232,197,199.3,198,202.9,550,11532,2475469,
542399,"Chalet Hotels Limited",A,STK,722.35,729.25,714.1,718.05,718.05,724.75,703,4720,3407001,
542437,"Anmol India Limited",B,STK,10.51,10.57,10.35,10.48,10.51,10.58,51,4623,48509,
542446,"Jonjua Overseas Limited",M,STK,2.75,2.97,2.62,2.75,2.75,2.7,6,28926,79883,
542459,"Kranti Industries Limited",B,STK,55.9,55.9,52.5,53.29,53.89,53.04,56,3246,174420,
542460,"The Anup Engineering Ltd",A,STK,1497.65,1582.7,1497.65,1546.4,1546.75,1506.3,309,2969,4618628,
542484,"Arvind Fashions Limited",A,STK,380,397.9,377.25,395.6,391.1,381.7,318,7115,2736470,
542513,"UTI BSE  Sensex Next 50 ETF",A,STK,83.85,85.11,83.85,84.95,85.1,84.54,109,5311,448647,
542543,"Energy Infrastructure Trust",IF,STK,82.2,82.2,79.01,79.95,79.95,81.51,32,875000,70223500,
542579,"Ashapuri Gold Ornament Limited",B,STK,4.15,4.15,3.93,4,4,4.06,1014,471115,1904599,
542580,"Aartech Solonics Limited",B,STK,41.68,42.03,40.69,41.73,42.03,41.68,26,941,38685,
542592,"Humming Bird Education Limited",M,STK,17,17,16.8,16.8,16.8,17.58,2,6250,106000,
542597,"MSTC Limited",B,STK,406.1,420.85,403,415.4,420.85,406.05,569,13633,5577678,
542602,"Embassy Office Parks REIT",IF,STK,424,427.21,421.3,422.23,422.23,422.7,467,5156,2183803,
542627,"Chandni Machines Limited",XT,STK,73.01,78,73.01,77.4,77.4,76.6,38,5247,394387,
542628,"Northern Spirits Limited",B,STK,111.05,114.1,110.05,111.35,110.05,111.05,91,5961,667276,
542649,"Rail Vikas Nigam Limited",A,STK,270.9,271.8,263.6,267.85,267.85,267,7707,546739,146174356,
542650,"Metropolis Healthcare Limited",A,STK,1840.5,1860,1819.55,1857,1860,1840.4,400,2733,5058504,
542651,"KPIT Technologies Ltd",A,STK,632.55,656.1,625,653.95,650.25,631.2,3858,83808,53858027,
542652,"Polycab India Limited",A,STK,7136.25,7193,7050,7169.25,7169.25,7128.6,4267,35587,252921617,
542654,"V R FILMS & STUDIOS LIMITED",B,STK,11.75,12.25,11,11.5,11.75,11.46,28,20466,231448,
542655,"VIKAS LIFECARE LIMITED",B,STK,1.25,1.26,1.23,1.25,1.25,1.26,707,597570,745055,
542665,"Neogen Chemicals Limited",B,STK,1385.8,1385.8,1352.85,1358.95,1362,1386.65,100,696,951692,
542666,"G. K. P. Printing & Packaging",B,STK,5.85,6,5.65,5.74,5.73,5.84,90,11209,65297,
542668,"EVANS ELECTRIC LIMITED",M,STK,65.16,66.99,60,61.71,60,66.5,39,55000,3505220,
542669,"BMW INDUSTRIES LIMITED",B,STK,31.49,33.7,31.26,33.11,33,31.3,980,238807,7843941,
542670,"Artemis Electricals and Projec",B,STK,19.4,19.4,17.8,17.97,18,17.85,219,5454,99076,
542679,"Dhanashree Electronics Limited",XT,STK,164,172,156,172,172,164,18,1246,202600,
542682,"Harish Textile Engineers Limit",X,STK,61.5,64.95,61.5,62.15,64,61.5,8,274,17037,
542684,"Prakash Pipes Limited",B,STK,186,188,184.05,186.5,185.35,185.7,259,4130,768424,
542685,"Digicontent Limited",B,STK,24,24.5,22.9,23.06,22.9,23.65,12,72060,1720322,
542721,"Anand Rayons Limited",B,STK,64.35,64.35,64.35,64.35,64.35,67.7,56,4846,311840,
542724,"Murae Organisor Limited",T,STK,0.19,0.19,0.19,0.19,0.19,0.19,806,4567625,867848,
542725,"SBC EXPORTS LIMITED",B,STK,31.76,32.3,31.29,31.74,31.74,31.53,332,191031,6080443,
542726,"IndiaMART InterMESH Limited",A,STK,2108.95,2111.35,2051,2064.3,2068,2110.95,1137,7851,16313504,
542727,"CITY PULSE MULTIVENTURES LIMIT",M,STK,2760.05,2918,2683.25,2897.2,2898,2896,79,7300,20248847,
542729,"DCM NOUVELLE LIMITED",B,STK,112,112,106,107,107,111.85,68,3459,378993,
542730,"ICICI Prudential Mutual Fund",B,STK,56.5,56.5,55.39,56.18,55.99,55.74,271,19787,1105295,
542747,"NIPPON INDIA ETF SENSEX NEXT 5",A,STK,82.52,83.25,82.06,83.13,83.25,82.68,166,11949,988286,
542752,"AFFLE 3I LIMITED",A,STK,1315.5,1315.5,1275.9,1291.15,1291.4,1310.55,1279,13790,17814876,
542758,"ICICI Prudential Mutual Fund",B,STK,26.21,26.31,25.94,26.28,26.28,26.02,123,17627,461086,
542759,"Spandana Sphoorty Financial Li",B,STK,209,209.85,197,201.55,204.55,208.95,1219,28320,5745759,
542760,"STERLING AND WILSON RENEWABLE",A,STK,172,172.5,167.8,168.9,168.9,171.15,897,99251,16838103,
542765,"Transpact Enterprises Limited",MS,STK,219,219,212.05,212.05,212.05,223.2,5,6000,1275775,
542770,"Alphalogic Techsys Limited",B,STK,37.53,40,37,37.94,37.55,36.99,109,5010,193468,
542772,"360 ONE WAM LIMITED",A,STK,1029,1046.5,1021.7,1042.85,1042.85,1021.9,515,16476,16999071,
542773,"IIFL CAPITAL SERVICES LIMITED",A,STK,282.8,284.5,279.55,280.5,280,281.05,591,12057,3396938,
542774,"MUFIN GREEN FINANCE LIMITED",B,STK,103,105.05,98.6,103.6,103.2,100.1,202,12988,1314051,
542802,"Galactico Corporate Services L",B,STK,1.68,1.79,1.62,1.7,1.78,1.68,191,79127,133299,
542803,"Vaxfab Enterprises Limited",X,STK,42.2,44,41,42.48,44,42.71,32,7338,306290,
542812,"Gujarat Fluorochemicals Limite",A,STK,3076.7,3076.7,2975,2996.7,2998.4,3076.7,396,1738,5245871,
542830,"Indian Railway Catering and To",A,STK,529.4,529.95,522,527.05,527.05,526.45,6772,168543,88529072,
542850,"GOBLIN INDIA LIMITED",M,STK,6.59,6.89,6.55,6.6,6.6,6.57,21,146000,963980,
542852,"Vishwaraj Sugar Industries Lim",B,STK,5.49,5.49,5.07,5.17,5.19,5.09,210,32789,169621,
542857,"Greenpanel Industries Limited",B,STK,193.65,193.65,189.1,192.05,192.9,193.2,358,4889,938011,
542862,"Shahlon Silk Industries Limite",X,STK,21.24,21.4,20.5,21.38,21.35,21.24,13,2153,44292,
542863,"Aditya Birla Sun Life Mutual F",B,STK,56.43,56.43,55.1,56.15,56.16,55.84,32,1034,57471,
542865,"Anuroop Packaging Limited",B,STK,11.57,11.92,11.2,11.64,11.73,11.55,101,11885,136477,
542867,"CSB Bank Limited",A,STK,363,363,348.4,353.45,354.05,357.5,601,23759,8408726,
542904,"Ujjivan Small Finance Bank Lim",A,STK,51.01,51.96,49.95,51.37,51.5,50.53,2462,490504,24986837,
542905,"Hindware Home Innovation Limit",B,STK,191.4,192.9,188,188.75,188.65,191.4,342,6140,1167246,
542906,"Easun Capital Markets Limited",XT,STK,38.71,38.71,38.71,38.71,38.71,40.74,1,1,38,
542907,"Prince Pipes and Fittings Limi",B,STK,241.8,242.8,237.85,238.9,238.9,241.9,262,6723,1611199,
542909,"Edelweiss Mutual Fund",F,STK,1562.76,1566.18,1559.17,1565.68,1565.76,1562.47,25,442,690040,
542910,"Valencia Nutrition Limited",MS,STK,56.5,56.5,56.5,56.5,56.5,56.5,1,1500,84750,
542911,"Assam Entrade Limited",X,STK,923.1,923.1,923.1,923.1,923.1,914,1,1,923,
542918,"Gian Life Care Limited",Z,STK,7.66,7.66,6.94,6.96,6.94,7.3,20,964,6737,
542919,"Artemis Medicare Services Limi",B,STK,218,223.1,217.4,221.35,222.15,219.15,65,1845,407723,
542920,"SUMITOMO CHEMICAL INDIA LIMITE",A,STK,380.95,396.35,380,385.35,387,385.85,760,21090,8216128,
542921,"ICICI Prudential Mutual Fund",B,STK,20.85,21.15,20.79,21.1,21.15,20.8,222,35093,738694,
542922,"Mirae Asset Mutual Fund",B,STK,663.44,670.32,659.97,668.99,668.9,662.91,120,1986,1319998,
542923,"TRANWAY21 TECHNOLOGIES LIMITED",MS,STK,4.29,4.29,4.29,4.29,4.29,4.51,1,10000,42900,
542934,"Chandra Bhagat Pharma Limited",M,STK,31.5,34.5,31.45,34.5,34.5,33.03,3,31000,978050,
543064,"Cohance Lifesciences Limited",A,STK,294.3,303.15,291.35,301,302,294.25,1693,49240,14714375,
543065,"SM Auto Stamping Limited",M,STK,20.5,20.5,20.5,20.5,20.5,17.21,1,4000,82000,
543066,"SBI CARDS AND PAYMENT SERVICES",A,STK,696.6,710.9,687.7,693,693,693.9,3525,82491,57109949,
543071,"Nippon India Mutual Fund",F,STK,15.95,15.95,13.05,13.22,14.97,14.5,25,951,12616,
543079,"Nippon India Mutual Fund",F,STK,6.3,6.3,5.5,5.5,5.5,5.73,3,3,17,
543087,"Nippon India Mutual Fund",F,STK,196.9,215,196.9,208,208,197.88,3,3,619,
543092,"Nippon India Mutual Fund",F,STK,11.16,11.16,9.14,9.14,9.14,10.15,3,38,349,
543110,"UTI Mutual Fund",F,STK,7.42,7.42,6.08,6.08,6.08,6.75,7,606,3685,
543144,"Nippon India Mutual Fund",B,STK,5.67,5.67,4.65,5.24,5.65,5.16,25,2545,12749,
543150,"Nippon India Mutual Fund",B,STK,2.86,2.86,2.46,2.6,2.6,2.6,39,5068,12853,
543153,"Nippon India Mutual Fund",B,STK,33.07,35.98,33.07,35.98,35.98,32.98,2,2,69,
543161,"Nippon India Mutual Fund",F,STK,130,137.5,130,137.5,137.5,125,3,6,795,
543165,"Nippon India Mutual Fund",F,STK,146.93,146.93,146.93,146.93,146.93,133.6,1,1,146,
543167,"Nippon India Mutual Fund",F,STK,2.16,2.54,2.15,2.4,2.4,2.37,14,7604,16359,
543171,"RO Jewels Limited",B,STK,1.4,1.4,1.25,1.28,1.32,1.28,104,34716,46288,
543172,"Cospower Engineering Limited",M,STK,929,933.95,881.55,933.95,933.95,924.9,3,750,686125,
543173,"Nippon India Mutual Fund",B,STK,14.3,14.3,12.02,12.28,13.23,13,34,1238,15881,
543174,"Nippon India Mutual Fund",B,STK,2.46,2.46,2.15,2.33,2.33,2.24,20,1285,2979,
543175,"Nippon India Mutual Fund",B,STK,3.53,3.87,3.17,3.84,3.84,3.52,27,6087,21833,
543176,"Nippon India Mutual Fund",B,STK,50.72,55.5,45.53,46.21,46.2,50.46,18,324,16800,
543177,"Nippon India Mutual Fund",B,STK,7.25,7.25,6.3,6.5,6.5,6.75,63,8991,57755,
543178,"Nippon India Mutual Fund",B,STK,31.9,38.96,31.9,35.6,38,35.42,17,91,3261,
543181,"Nippon India Mutual Fund",B,STK,26.56,32.34,26.53,26.53,26.53,29.47,12,298,7937,
543182,"Nippon India Mutual Fund",B,STK,39.39,39.39,39.36,39.36,39.36,37.71,5,26,1023,
543184,"Nippon India Mutual Fund",B,STK,31.5,31.5,31.48,31.48,31.48,28.76,4,43,1353,
543186,"Nippon India Mutual Fund",B,STK,5.5,5.5,5.24,5.24,5.24,5,7,7,37,
543187,"HITACHI ENERGY INDIA LIMITED",A,STK,24384.3,24790,24166.1,24721,24760,24197.85,1192,4999,122314745,
543193,"DJ Mediaprint & Logistics Limi",T,STK,83,83,78.64,79.61,81.9,82.6,42,12561,1006653,
543207,"Natural Biocon (India) Limited",X,STK,4.7,4.99,4.25,4.77,4.85,4.37,321,293603,1393551,
543208,"REGIS INDUSTRIES LIMITED",X,STK,2.4,2.4,2.37,2.38,2.38,2.4,121,487933,1161733,
543209,"Billwin Industries Limited",M,STK,26.74,26.74,25,26.45,26.3,26.77,7,21000,548160,
543210,"Aarti Surfactants Limited",B,STK,352,359.1,340.05,347,340.05,349.6,62,503,176460,
543211,"BONLON INDUSTRIES LIMITED",T,STK,38.94,38.94,37.03,38.06,38.75,38.94,40,3549,135066,
543212,"Borosil Limited",B,STK,229.15,233.6,226.6,228.1,228.1,233.2,226,13080,3004870,
543213,"ROSSARI BIOTECH LIMITED",B,STK,436.45,437.4,419.85,423.15,423.15,435,355,2958,1269960,
543214,"NDR Auto Components Limited",B,STK,648.9,670,644.75,666.75,669.3,650.4,123,838,552602,
543217,"Mindspace Business Parks REIT",IF,STK,454,460,454,459.06,458.9,454.64,498,4538,2076757,
543218,"SURATWWALA BUSINESS GROUP LIMI",B,STK,25.25,26.5,25.25,25.99,26,26.27,26,1223,31771,
543219,"ICICI Prudential Mutual Fund",B,STK,25.93,26.18,25.85,26,26.13,25.94,93,35534,923629,
543220,"Max Healthcare Institute Limit",A,STK,975,987.2,969.9,976.25,976.25,970.05,5349,1422886,1389253386,
543221,"ICICI Prudential Mutual Fund",B,STK,31.75,31.96,31.26,31.68,31.96,32.04,777,176377,5595165,
543223,"Max India Limited",B,STK,143,145.55,142.05,143.2,143.65,142.7,88,1123,161938,
543224,"HDFC Mutual Fund",B,STK,55.59,56.15,55.59,56.15,56.15,55.81,148,9951,557152,
543225,"Altius Telecom Infrastructure",IF,STK,155.75,155.75,155.75,155.75,155.75,155.75,47,10375000,1615906250,
543226,"UTI Mutual Fund",B,STK,54.89,56.52,54.89,56.5,56.5,56.3,53,1580,88796,
543227,"Happiest Minds Technologies Li",A,STK,395.1,395.1,374.5,380.75,380.75,377.3,1845,107410,40702031,
543228,"Route Mobile Limited",B,STK,454.8,456.25,442.95,445.7,447.1,454.45,663,11547,5159820,
543229,"Samrat Forgings Limited",X,STK,198.95,199,181,181,181,199,6,6,1157,
543230,"ADVAIT ENERGY TRANSITIONS LIMI",B,STK,1549.95,1578.85,1519.15,1545.5,1535.05,1506.2,652,3721,5774962,
543232,"Computer Age Management Servic",A,STK,645.05,645.05,630,633.4,633.4,639.6,8900,592212,376258313,
543233,"Chemcon Speciality Chemicals L",B,STK,151.5,152.25,146.95,147.55,149.15,150.05,240,2245,334320,
543234,"Secmark Consultancy Limited",B,STK,102,110.5,102,107.9,107.9,111,15,56,6067,
543235,"ANGEL ONE LIMITED",A,STK,217.95,221.2,214.5,217,217,216.9,6849,1278298,277450251,
543236,"Atam Valves Limited",B,STK,60,60.26,56.86,57.87,57.87,59.05,18,328,19131,
543237,"Mazagon Dock Shipbuilders Limi",A,STK,2347.1,2374,2307.65,2363.85,2363.85,2329.55,5236,80146,187192107,
543238,"UTI Asset Management Company L",A,STK,964.65,985,951.55,959.8,959.8,960.3,627,5392,5211833,
543239,"G M Polyplast Limited",M,STK,65,65,65,65,65,61,1,700,45500,
543240,"Likhitha Infrastructure Limite",B,STK,141.45,144.9,140.95,141.55,141.55,141.8,195,5274,753423,
543241,"Veer Global Infraconstruction",T,STK,79.99,79.99,79.99,79.99,79.99,79.38,12,200,15998,
543242,"Hemisphere Properties India Li",B,STK,129,132.45,128.7,131.8,132.45,129,314,30232,3948575,
543243,"Equitas Small Finance Bank Lim",A,STK,56.1,56.78,55.55,55.83,55.76,56.04,442,64097,3600685,
543244,"Shine Fashions (India) Limited",M,STK,24.9,24.9,24.9,24.9,24.9,26,1,4000,99600,
543245,"Gland Pharma Limited",A,STK,1620.7,1637.1,1601.9,1635.15,1637.05,1608.7,172,1297,2107380,
543248,"Restaurant Brands Asia Limited",A,STK,61.21,61.54,61,61.32,61.42,61.2,491,130811,7995160,
543249,"TARC LIMITED",B,STK,125.5,126.95,116.9,120.95,122.05,123.35,549,47732,5783756,
543250,"Motilal Oswal Mutual Fund",F,STK,63.83,64.27,63.83,64.27,64.27,64,2,16,1024,
543251,"Ravinder Heights Limited",B,STK,34.5,38.73,34.5,35.96,36.65,36.4,17,209,7746,
543252,"Fairchem Organics Limited",B,STK,559,559,503.6,513.8,513.7,517.55,85,799,410316,
543253,"Mrs. Bectors Food Specialities",A,STK,182,184.45,180.65,182.3,182.9,180.3,961,946672,172780419,
543254,"Antony Waste Handling Cell Lim",B,STK,455.95,456,441.95,445.95,443,449.45,472,18848,8428747,
543255,"Nippon India Mutual Fund",B,STK,903.2,918.36,903.2,916.97,917.05,901.05,186,926,842899,
543256,"RITA FINANCE AND LEASING LIMIT",X,STK,14.09,14.68,13.49,13.62,13.6,13.81,31,10286,145091,
543257,"Indian Railway Finance Corpora",A,STK,96.5,97.3,95.7,96.75,96.75,96.45,9273,962229,92807786,
543258,"Indigo Paints Limited",B,STK,756.2,773.25,752.35,757.65,756.35,757.5,1137,163902,124454048,
543259,"Home First Finance Company Ind",A,STK,988.7,1007.05,980.55,985.55,980.55,988.6,452,6584,6528106,
543260,"STOVE KRAFT LIMITED",B,STK,487.7,489.65,475.45,477.45,476.6,487.65,268,5482,2635746,
543261,"Brookfield India Real Estate T",IF,STK,342,342,329.26,333.75,333.75,336.18,907,19485,6458661,
543262,"MRP Agro Limited",M,STK,90.98,91,90.97,91,91,90.98,6,32000,2911870,
543263,"SMC Global Securities Limited",B,STK,64.07,65.98,62.5,64.68,64.89,64.07,206,14571,940316,
543264,"Nureca Limited",B,STK,248.6,254.65,245.05,247.05,247,244.55,42,954,239577,
543265,"RailTel Corporation of India L",A,STK,274.95,274.95,269.45,272.25,271.45,269.9,1367,79415,21598120,
543266,"Heranba Industries Limited",B,STK,171.3,178,169.8,170.7,172.15,172.05,193,5001,868121,
543267,"Davangere Sugar Company Limite",B,STK,3.7,4.04,3.7,3.99,3.99,3.73,368,616371,2411661,
543268,"DRC Systems India Limited",B,STK,12.96,12.96,12.1,12.22,12.4,12.65,93,5473,67290,
543270,"MTAR Technologies Limited",A,STK,3506.45,3647,3462.3,3622.9,3622.9,3443.8,2637,17306,61971581,
543271,"Jubilant Ingrevia Limited",A,STK,549.85,567.05,549.15,564.75,566.65,549.65,308,14669,8197617,
543272,"Easy Trip Planners Limited",A,STK,6.89,6.96,6.79,6.83,6.83,6.88,854,869558,5954583,
543273,"Knowledge Marine & Engineering",B,STK,1572.65,1572.65,1510.55,1549.8,1549.8,1534.4,252,2657,4103731,
543275,"Anupam Rasayan India Limited",A,STK,1243,1251.4,1227.8,1235.85,1241,1236.15,418,3552,4400296,
543276,"Craftsman Automation Limited",A,STK,6826.65,6967.3,6741.55,6915.05,6910,6796.1,1171,2706,18705359,
543277,"Laxmi Organic Industries Limit",A,STK,116.6,118.6,114.55,115.2,115.2,116.5,347,21103,2459139,
543278,"Kalyan Jewellers India Limited",A,STK,381.6,384.45,375.7,383.65,383.65,381.6,2734,97703,37085097,
543279,"Suryoday Small Finance Bank Li",B,STK,125.25,130,124.35,126.75,128.05,126,333,13986,1783097,
543280,"Nazara Technologies Limited",A,STK,234.05,240.05,231.2,239,239,231.35,528,18102,4254366,
543281,"Suvidhaa Infoserve Limited",B,STK,2.7,2.79,2.61,2.73,2.77,2.69,66,8782,23971,
543283,"UNITED FOODBRANDS LIMITED",B,STK,206.6,206.6,199.05,201.45,200.15,203.15,72,2435,493096,
543284,"EKI Energy Services Limited",B,STK,79,81.6,78.5,78.88,79.29,79.35,495,18157,1445326,
543285,"Rajeshwari Cans Limited",MT,STK,20.1,20.2,20.1,20.15,20.1,21.15,11,6000,120680,
543286,"Jetmall Spices and Masala Limi",MT,STK,28.5,28.5,28.5,28.5,28.5,30,1,6000,171000,
543287,"Lodha Developers Limited",A,STK,852.1,854.85,835,842.2,842.2,849,2121,367897,310136080,
543288,"Deep Industries Limited",B,STK,353.35,356.45,342.2,353,352.65,348.1,271,9563,3334686,
543290,"POWERGRID Infrastructure Inves",IF,STK,90.14,90.51,89.86,90.4,90.4,90.14,1002,124397,11207988,
543291,"Mirae Asset Mutual Fund",B,STK,159.18,159.18,159.18,159.18,159.18,161.29,45,8550,1360989,
543292,"ICICI Prudential Mutual Fund",B,STK,147.95,149.03,147.6,148.64,149,148.94,172,4281,636272,
543298,"Vineet Laboratories Limited",B,STK,29.73,31.08,28.11,29.25,29.2,29.98,361,57842,1690153,
543299,"Shyam Metalics and Energy Limi",A,STK,765,815.7,765,776.85,778.15,760.85,1293,22181,17539217,
543300,"Sona BLW Precision Forgings Li",A,STK,491.5,505.2,487.25,502.25,502.6,488.8,2201,107753,53420880,
543306,"Dodla Dairy Limited",A,STK,1011.1,1019.45,996.05,999.6,996.05,1011,137,608,611156,
543308,"Krishna Institute of Medical S",A,STK,645.8,662.65,641.75,658.95,659.35,645.75,298,6042,3920375,
543309,"Adeshwar Meditex Limited",M,STK,16,17.94,16,17.94,17.94,17.82,2,12000,203640,
543311,"India Pesticides Limited",B,STK,140.5,141,137.8,138.35,137.8,140.45,206,10355,1442380,
543317,"G R Infraprojects Limited",A,STK,917.7,922.65,901.8,911.15,908.35,917.65,130,1226,1116833,
543318,"Clean Science and Technology L",A,STK,707.75,707.8,684.9,689.8,689.8,700.65,808,12293,8530272,
543320,"Eternal Limited",A,STK,222.75,236.2,222.75,234.7,234.7,222.05,27909,23196493,5446387524,
543321,"Tatva Chintan Pharma Chem Limi",B,STK,1152,1180,1140.7,1163.9,1158,1151.9,229,2133,2479876,
543322,"ALIVUS LIFE SCIENCES LIMITED",A,STK,919.55,941,913.9,937,933.4,925.7,371,3270,3035687,
543323,"Mirae Asset Mutual Fund",B,STK,26.75,26.75,26.16,26.63,26.59,26.36,64,20837,552659,
543324,"Gretex Corporate Services Limi",T,STK,362.55,362.55,362.55,362.55,362.55,381.6,7,7,2537,
543325,"Rolex Rings Limited",B,STK,116.6,117.75,116,116.75,116.75,116.6,258,33464,3902657,
543326,"ICICI Prudential Mutual Fund",B,STK,52.14,52.14,51.32,51.46,51.51,51.71,158,57119,2943691,
543327,"Exxaro Tiles Limited",B,STK,6.9,6.9,6.59,6.66,6.66,6.61,56,5752,38476,
543328,"Krsnaa Diagnostics Limited",B,STK,605,608.85,584.3,596.75,594,598.65,260,4798,2870370,
543329,"Windlas Biotech Limited",B,STK,712,727.55,707.7,724.15,725.1,708.5,133,1179,847292,
543330,"Devyani International Limited",A,STK,106.15,111.15,105.25,107.85,107.85,107.8,2304,150984,16295603,
543331,"Meghmani Organics Limited",B,STK,41.9,42.39,41.35,41.5,41.5,41.86,536,82522,3444144,
543332,"Epigral Limited",A,STK,861.4,867.45,844.6,854.2,854.2,861.35,367,3753,3209594,
543333,"CarTrade Tech Limited",A,STK,1654.95,1756.45,1648.1,1723.25,1723.25,1655.7,1881,12444,21357450,
543334,"Nuvoco Vistas Corporation Limi",A,STK,287.9,294.5,285.15,291.4,292.9,287.85,332,6369,1838941,
543335,"Aptus Value Housing Finance In",A,STK,225.95,225.95,220.05,221.5,221.5,222.35,1573,86806,19312531,
543336,"Chemplast Sanmar Limited",B,STK,262.95,267,251.6,259.25,259.25,263.95,403,11574,2976388,
543341,"SHARPLINE BROADCAST LIMITED",X,STK,11.38,11.38,10.6,11.35,11.35,11.4,5,198,2103,
543347,"Axis Mutual Fund",B,STK,313.87,317.56,310.93,315.71,315.5,319.13,15,133,41817,
543348,"Axis Mutual Fund",B,STK,153,153,147.04,147.04,147.04,148.23,6,26,3840,
543349,"ACUTAAS CHEMICALS LIMITED",A,STK,2215.85,2322.3,2172.2,2305.9,2305.9,2163.15,1676,19464,44207672,
543350,"Vijaya Diagnostic Centre Limit",A,STK,937.65,951.6,925,937.25,930.1,936.8,342,4562,4269405,
543351,"Naapbooks Limited",MS,STK,80.8,93.3,80.8,93.3,93.3,94,13,20400,1726080,
543357,"Axis Mutual Fund",B,STK,110.78,110.78,109.65,110.5,110.5,110.78,5,1164,127658,
543358,"Sansera Engineering Limited",A,STK,2037.9,2088.55,2021.55,2082.65,2076.8,2026.5,463,4045,8344770,
543363,"Prevest Denpro Limited",M,STK,404,411,399,399.5,399,403.2,17,3800,1534650,
543364,"Markolines Pavement Technologi",B,STK,154.65,158.2,153.25,155.75,154.9,153,251,12944,2016871,
543365,"Mirae Asset Mutual Fund",B,STK,68.5,68.5,66.56,67.42,67.6,67.05,354,15015,1010872,
543366,"SBL Infratech Limited",M,STK,40,40,37.3,37.3,37.3,42,3,6000,227880,
543367,"Paras Defence and Space Techno",A,STK,638.25,648.35,632.15,645,645,634.5,2163,56461,36136791,
543373,"Shri Venkatesh Refineries Limi",M,STK,256.3,268.9,256.3,266.9,268.9,272.5,10,6000,1580300,
543374,"Aditya Birla Sun Life AMC Limi",A,STK,968.6,994,943.95,958.05,959.6,954.8,3564,46732,45385409,
543375,"Promax Power Limited",M,STK,17.25,17.25,17,17,17,17.26,2,5000,85625,
543376,"Samor Reality Limited",B,STK,77.96,77.96,73,73.17,75.61,74.25,15,283,20997,
543378,"CWD Limited",MS,STK,278.45,280,266,269.05,269,277.1,12,8000,2194050,
543383,"ICICI Prudential Mutual Fund",B,STK,111.95,112.31,110.48,111.34,111.33,110.78,126,987,110009,
543384,"FSN E-Commerce Ventures Limite",A,STK,238.1,241,234.55,240.1,239,237.15,2643,98205,23330149,
543386,"Fino Payments Bank Limited",B,STK,139.35,147.95,136.3,141.25,141.35,140.05,2825,227625,31991283,
543387,"S.J.S. Enterprises Limited",A,STK,1600,1625,1570,1617.8,1603.6,1579.4,362,5309,8435811,
543388,"DSP Mutual Fund",B,STK,315.37,321.49,315.37,321.49,321.49,315.68,7,118,37793,
543389,"Sigachi Industries Limited",B,STK,18.34,18.71,18.34,18.59,18.59,18.61,459,77727,1439747,
543390,"PB Fintech Limited",A,STK,1476,1506,1466.55,1498.05,1497.3,1475.9,2492,165519,247163692,
543391,"Suyog Gurbaxani Funicular Rope",M,STK,104.65,104.65,100.75,104.5,104.5,95.15,8,6000,622012,
543396,"One 97 Communications Limited",A,STK,1016.55,1031.95,1008.75,1022.3,1022.3,1014.25,5246,233583,238039790,
543397,"Sapphire Foods India Limited",A,STK,161.05,168.65,159.5,165.9,165.7,162.95,579,25849,4236753,
543398,"Latent View Analytics Limited",A,STK,283.15,285.35,274.9,276.25,276.55,281.1,1475,43752,12219161,
543399,"Tarsons Products Limited",B,STK,189.2,190.5,186.5,187.95,186.5,188.55,146,7414,1398456,
543400,"Omnipotent Industries Limited",M,STK,3.96,3.96,3.96,3.96,3.96,4.16,2,4000,15840,
543401,"Go Fashion (India) Limited",B,STK,247.25,250.7,237.55,238.75,241.4,249.75,931,292159,71512209,
543411,"HI-TECH PIPES LIMITED",B,STK,75.99,77.14,75,75.17,75,75.85,529,65813,4994984,
543412,"Star Health and Allied Insuran",A,STK,455.35,464.05,454.2,457,455.05,457,554,8078,3706769,
543413,"Tega Industries Limited",A,STK,1731.3,1732.5,1700,1722.2,1716,1720.25,333,2382,4090641,
543414,"Mirae Asset Mutual Fund",B,STK,22.28,23.43,22.28,22.72,22.81,22.86,522,56078,1285042,
543415,"Anand Rathi Wealth Limited",A,STK,3022.05,3077.45,3022.05,3065.5,3070,3071.65,585,3229,9870952,
543416,"Zodiac Energy Limited",B,STK,240,244.45,224.75,235.25,233,231.1,102,1787,411311,
543417,"RateGain Travel Technologies L",A,STK,486,489.55,479.65,482.45,482.7,485.95,311,14539,7048346,
543418,"Edelweiss Mutual Fund",F,STK,1313,1314,1313,1314,1314,1318,5,7,9193,
543419,"Shriram Properties Limited",B,STK,68.8,70.61,68.15,69.39,69.99,68.79,431,449357,31473486,
543420,"Jet Freight Logistics Limited",B,STK,17.5,18.49,17.5,17.8,18.4,18,21,859,15178,
543425,"C.E. Info Systems Limited",A,STK,887.4,905,866.75,869.55,870.7,887.4,1139,9009,7911987,
543426,"Metro Brands Limited",A,STK,910.2,932.35,892.8,922.2,924.2,913.1,1148,5493,5011594,
543427,"Medplus Health Services Limite",A,STK,825,825.8,818.1,819.95,819,819.7,495,2426,1989599,
543428,"Data Patterns (India) Limited",A,STK,3109.05,3329.2,3095,3300.35,3300.35,3094.65,5683,52040,168757902,
543433,"HP Adhesives Limited",B,STK,31.45,31.98,30.9,31.09,31.3,31.01,82,3804,118623,
543434,"Supriya Lifescience Limited",A,STK,573.4,586.35,573.4,577.25,575,573.4,343,5185,3009488,
543435,"CLARA INDUSTRIES LIMITED",M,STK,36.1,38.65,36.1,38.65,38.65,39.9,2,8300,310212,
543436,"Wherrelz IT Solutions Limited",TS,STK,182.5,182.5,182.5,182.5,182.5,192.1,1,800,146000,
543437,"Motilal Oswal Mutual Fund",B,STK,94.57,95.14,94.5,94.69,94.65,94.38,151,3021,286179,
543438,"DSP Mutual Fund",B,STK,221.06,223.2,220.84,223.2,223.2,221.44,35,463,102957,
543440,"DSP Mutual Fund",B,STK,244.9,247.92,244.01,246.71,247.41,245.57,70,786,193284,
543441,"CMS Info Systems Limited",A,STK,290.25,290.4,284.5,286.2,286.2,290.25,888,20258,5827903,
543442,"Brand Concepts Limited",B,STK,240,240,230.5,232.1,231.5,230.5,10,1103,257565,
543449,"WONDER ELECTRICALS LIMITED",B,STK,137.25,138.8,136.1,138.8,138.8,135.95,10,439,60390,
543450,"ICICI Prudential Mutual Fund",B,STK,25.34,25.94,25.33,25.88,25.9,25.3,96,70746,1821082,
543451,"AGS TRANSACT TECHNOLOGIES LIMI",Z,STK,3,3.06,2.91,2.97,3.02,3,95,18844,56421,
543452,"ICICI Prudential Mutual Fund",E,STK,251.65,255.44,250.01,250.98,251.53,243.39,2961,191013,48203272,
543453,"ALKOSIGN LIMITED",M,STK,53.61,69,52.3,65.06,64,60.75,20,28125,1638135,
543454,"Mirae Asset Mutual Fund",B,STK,148.22,150.51,148.22,150.1,150.11,148.03,98,2534,378594,
543458,"AWL AGRI BUSINESS LIMITED",A,STK,172.45,177.95,172.45,175.05,175.05,172.4,5384,460960,80867879,
543460,"Quality RO Industries Limited",M,STK,55.51,55.51,55.51,55.51,55.51,55.51,1,500,27755,
543461,"Safa Systems & Technologies Li",M,STK,17.2,17.2,16.34,17.2,17.2,17.2,3,20000,335400,
543462,"DEV INFORMATION TECHNOLOGY LIM",B,STK,28,28.89,24.53,27.93,27.83,25.47,109,5632,151364,
543463,"Vedant Fashions Limited",A,STK,337.5,346,332.5,340.9,339.4,337.45,1160,26194,8937152,
543464,"Maruti Interior Products Limit",MT,STK,72.45,72.45,69.85,71.95,71.95,71.25,28,55000,3911100,
543465,"Motilal Oswal Mutual Fund",B,STK,58.19,58.99,57.72,58.9,58.9,57.84,56,6965,404178,
543471,"Aditya Birla Sun Life Mutual F",E,STK,250.86,255.25,249.98,250.83,250.73,243.68,2592,124077,31332364,
543472,"Aditya Birla Sun Life Mutual F",B,STK,31,31.32,30.68,31.27,31.28,31.54,37,2437,75893,
543473,"Aditya Birla Sun Life Mutual F",B,STK,15.32,15.32,14.71,14.96,15.1,14.95,134,20812,308782,
543474,"Aditya Birla Sun Life Mutual F",B,STK,26.63,27.49,26.3,27.46,27.44,27.32,584,25206,689106,
543480,"ICICI Prudential Mutual Fund",F,STK,64.4,64.62,64.4,64.5,64.5,64.91,4,6,386,
543481,"Mirae Asset Mutual Fund",B,STK,20.64,21.01,20.53,20.83,20.82,20.52,4586,520675,10769646,
543482,"Eureka Forbes Limited",A,STK,436.2,438.15,421.1,430,428,437.25,481,11353,4892955,
543489,"Gateway Distriparks Limited",B,STK,51.6,52.7,51.53,52.27,52.3,52.16,391,20378,1060444,
543490,"GMR Power and Urban Infra Limi",A,STK,104,104.1,102.15,103.15,102.7,103.95,451,22709,2343076,
543498,"Motherson Sumi Wiring India Li",A,STK,39.46,39.5,38.19,38.81,38.81,39.17,6846,965240,37485221,
543499,"Achyut Healthcare Limited",B,STK,5.87,5.87,5.51,5.57,5.72,5.7,146,33178,189649,
543500,"Evoq Remedies Limited",M,STK,2.57,2.76,2.5,2.52,2.56,2.71,19,84000,218240,
543501,"Motilal Oswal Mutual Fund",B,STK,35.35,36.38,35.3,35.67,35.67,35.67,5,16,567,
543512,"Avro India Limited",B,STK,141.85,141.85,131.65,131.8,131.8,138.55,203,11415,1520145,
543513,"Uma Exports Limited",B,STK,22.5,23.11,20.87,21.6,21.58,22.33,199,6276,137741,
543514,"Veranda Learning Solutions Lim",B,STK,138.2,140.75,134.25,134.8,134.3,139.95,303,10678,1463344,
543515,"Sunrise Efficient Marketing Li",M,STK,61.13,61.13,61.13,61.13,61.13,58.22,6,7125,435551,
543516,"DHYAANI TRADEVENTTURES LIMITED",M,STK,7.91,8,7.7,7.95,7.95,7.73,26,140000,1100932,
543517,"Hariom Pipe Industries Limited",B,STK,313.85,319.3,304.65,306.6,306.6,305.45,421,12560,3884891,
543520,"Global Longlife Hospital and R",MT,STK,14.91,15.33,14.91,15.3,15.3,14.6,9,28000,427170,
543523,"Campus Activewear Limited",A,STK,229.05,234.25,228.6,229.5,228.6,232.65,300,31162,7276079,
543524,"Rainbow Children's Medicare Li",A,STK,1130,1132.95,1108.8,1127.9,1128.25,1111.85,246,1958,2197315,
543525,"Silver Touch Technologies Limi",B,STK,106.1,111.35,100.8,105.75,105.75,106.05,692,38800,4118556,
543526,"LIFE INSURANCE CORPORATION OF",A,STK,779.35,787.95,775.4,777.55,779,776.95,1653,37960,29554302,
543527,"Prudent Corporate Advisory Ser",A,STK,2209.5,2299.9,2206.35,2278.95,2299.9,2202.3,173,652,1468719,
543528,"Venus Pipes & Tubes Limited",B,STK,940.4,946.35,921.5,924.75,926.6,940.7,275,2072,1925720,
543529,"Delhivery Limited",A,STK,402.3,406.75,399.7,402.15,402,402.3,2018,54386,21961241,
543530,"Paradeep Phosphates Limited",A,STK,109.4,113.65,108.8,112.25,112.25,109.4,1971,155711,17417539,
543531,"Tierra Agrotech Limited",X,STK,37.91,37.91,36,36.57,36.56,36.11,25,730,26943,
543532,"ETHOS LIMITED",A,STK,2021.7,2049.95,2001.1,2038.55,2045.3,2021.6,210,1175,2378258,
543533,"eMudhra Limited",B,STK,402.05,413.2,402.05,408.25,407.9,412.05,176,2949,1200915,
543534,"Aether Industries Limited",A,STK,1035.05,1035.05,998.75,1005.35,1000.95,1025.05,966,212634,216573483,
543535,"We Win Limited",B,STK,39.82,42.2,37.77,37.99,37.77,39.55,21,3384,139081,
543538,"Goel Food Products Limited",M,STK,10.11,11.99,10.11,11.99,11.99,11.55,2,4000,44200,
543539,"MODI'S NAVNIRMAN LIMITED",B,STK,317,318.8,295,302,302.5,290,61,1067,331306,
543540,"Pearl Green Clubs and Resorts",M,STK,121.9,121.9,114.25,115.45,114.9,122.9,12,14400,1686270,
543542,"KESAR INDIA LIMITED",M,STK,1165,1165.55,1060,1113.85,1105,1159,41,16600,18807150,
543543,"B-RIGHT REALESTATE LIMITED",MT,STK,810,848,810,848,848,843,3,1600,1331200,
543544,"JAYANT INFRATECH LIMITED",M,STK,55.01,55.6,55,55.6,55.6,55.07,6,4500,248430,
543545,"Veerkrupa Jewellers Limited",M,STK,0.64,0.67,0.62,0.65,0.65,0.68,7,116900,74315,
543546,"HEALTHY LIFE AGRITEC LIMITED",M,STK,6,6,5.65,5.65,5.65,5.94,15,32000,181920,
543547,"DDEV PLASTIKS INDUSTRIES LIMIT",B,STK,232.3,235.5,224,225.95,225.5,230.9,271,8549,1955335,
543563,"Motilal Oswal Mutual Fund",B,STK,42.91,43.48,42.51,42.94,42.51,43.07,76,2731,117315,
543568,"ICICI Prudential Mutual Fund",B,STK,29.03,29.48,29.03,29.41,29.43,29.03,187,47196,1383216,
543569,"HDFC Mutual Fund",B,STK,24.83,26,24.75,25.49,26,24.94,31,2443,60974,
543570,"HDFC Mutual Fund",B,STK,65.57,66.41,65.39,66.4,66.4,65.89,50,6336,417224,
543571,"ICICI Prudential Mutual Fund",B,STK,89.63,91.41,89.63,91.1,90.74,90.07,268,2590,234790,
543572,"DSP Mutual Fund",E,STK,241.9,247.02,237,240.26,240.26,234.48,656,81306,19566027,
543573,"Syrma SGS Technology Limited",A,STK,740.95,774.25,731.7,764.45,764.45,727.2,3165,125159,94865366,
543574,"Aditya Birla Sun Life Mutual F",B,STK,19.78,19.99,19.63,19.9,19.99,19.82,50,6713,132873,
543575,"Aditya Birla Sun Life Mutual F",B,STK,28.9,29.42,28.9,29.42,29.42,28.9,16,226,6581,
543576,"Motilal Oswal Mutual Fund",B,STK,112.02,113.58,111.49,112.86,113.44,112.29,140,11840,1329190,
543577,"Motilal Oswal Mutual Fund",B,STK,183.49,185.6,183.49,183.86,183.86,186.5,6,76,14017,
543590,"Rhetan TMT Limited",B,STK,25,25.15,24.75,24.81,24.79,25,104,22769,567182,
543591,"DREAMFOLKS SERVICES LIMITED",B,STK,71.1,71.1,69.61,69.85,69.85,71.08,382,18504,1296624,
543592,"HDFC Mutual Fund",E,STK,237,245.52,237,241.39,241.39,233,2984,214893,52078474,
543593,"Dhampur Bio Organics Limited",B,STK,97.5,100.05,96.05,96.75,96.05,97.45,240,25008,2473536,
543594,"DIPNA PHARMACHEM LIMITED",M,STK,9.14,9.4,8.53,9.05,9.3,9.5,14,96000,870690,
543596,"Tamilnad Mercantile Bank Limit",A,STK,595.3,615,595.3,609.4,609.4,602.95,452,7293,4447528,
543597,"Virtuoso Optoelectronics Limit",M,STK,330,338.85,325,334.35,333.1,330.35,47,24250,8080612,
543599,"Ksolves India Limited",B,STK,273.25,279.95,265.85,269.75,265.95,271.4,183,3059,837010,
543600,"Harsha Engineers International",B,STK,338.2,344.95,338.2,340.25,340.35,338.15,42,589,201158,
543605,"HDFC Mutual Fund",B,STK,54.38,54.92,54.13,54.82,54.92,54.59,24,699,38155,
543606,"CONTAINE TECHNOLOGIES LIMITED",M,STK,14,14.1,14,14.09,14.1,13.79,6,12000,168820,
543607,"HDFC Mutual Fund",B,STK,111,112.28,110.84,111.82,111.67,111.58,66,1725,192609,
543608,"HDFC Mutual Fund",B,STK,126.34,128.1,126.34,128.1,128.1,127.6,6,110,13980,
543613,"MAFIA TRENDS LIMITED",M,STK,7,7,7,7,7,7,3,12000,84000,
543614,"Tips Films Limited",B,STK,334.6,334.6,318,318.4,318.45,318.1,32,116,37620,
543615,"SILICON RENTAL SOLUTIONS LIMIT",M,STK,82.25,86,80,83.13,86,85.65,21,21600,1781080,
543616,"Trident Lifeline Limited",M,STK,239.6,239.75,237.15,237.9,237.9,241.05,72,61200,14600040,
543618,"Cargotrans Maritime Limited",M,STK,156.5,156.5,146,147.75,147.75,143.5,6,10500,1573875,
543619,"Concord Control Systems Limite",M,STK,1964,2045.9,1875,2001,2001,1948.5,56,11200,22130520,
543620,"INSOLATION ENERGY LIMITED",B,STK,92.95,95.9,92.4,93.15,93.15,92.1,1613,279898,26250262,
543621,"Cargosol Logistics Limited",M,STK,22.62,22.62,22.62,22.62,22.62,23.81,1,8000,180960,
543622,"STEELMAN TELECOM LIMITED",M,STK,66,69.5,63,65.72,68,69.3,10,26400,1740528,
543626,"Electronics Mart India Limited",A,STK,90.1,92.5,90.1,91.1,91.6,90.95,301,15870,1448336,
543627,"HDFC Mutual Fund",B,STK,19.48,19.87,19.45,19.87,19.87,20.05,25,542,10612,
543628,"HDFC Mutual Fund",B,STK,28.95,29.16,28.83,29.14,29.14,28.67,46,6053,175737,
543635,"PIRAMAL PHARMA LIMITED",A,STK,138.85,140.85,137.6,139.1,138.55,138.65,1066,74501,10373559,
543636,"Dc Infotech and Communication",B,STK,256,260.25,255.6,260.25,260.25,255.5,62,2709,696457,
543637,"PACE E-COMMERCE VENTURES LIMIT",M,STK,13.6,14.7,13.6,14.6,14.6,14.04,7,43200,626844,
543638,"Tracxn Technologies Limited",B,STK,31.67,32.64,31.67,31.97,31.9,32.32,117,14721,472822,
543643,"Narmada Agrobase Limited",B,STK,31.45,34.01,31.45,33.48,33.48,31.4,117,7971,263146,
543644,"InfoBeans Technologies Limited",B,STK,135,135,129.5,132.35,131.95,133.8,454,28206,3716389,
543645,"HINDPRAKASH INDUSTRIES LIMITED",B,STK,114.05,114.05,114,114,114,114.2,5,103,11742,
543650,"DCX Systems Limited",B,STK,168.4,171,167.25,169.2,169.2,168.35,860,58026,9813928,
543652,"FUSION FINANCE LIMITED",B,STK,157.75,162.9,154,159.25,157.2,156.55,587,70148,11089017,
543653,"Bikaji Foods International Lim",A,STK,613.4,627.05,613.4,616.25,616.25,623.2,223,3819,2364016,
543654,"Global Health Limited",A,STK,1040.9,1047.05,1029.25,1036,1036,1040.85,843,10658,11068272,
543655,"Anzen India Energy Yield Plus",IF,STK,118.75,119,118.75,119,119,118,3,200000,23781250,
543656,"Technopack Polymers Limited",M,STK,14.5,14.5,14.5,14.5,14.5,14.5,1,4000,58000,
543657,"Archean Chemical Industries Li",A,STK,575.4,575.4,562.25,569.3,569.3,575.4,231,2963,1687464,
543663,"Five-Star Business Finance Ltd",A,STK,359.8,360.65,349.5,354.9,356.5,358.55,1497,51010,18035848,
543664,"KAYNES TECHNOLOGY INDIA LIMITE",A,STK,3560.3,3652,3538,3636.05,3636.05,3557.4,10821,98465,355550995,
543665,"HDFC Mutual Fund",B,STK,30.74,30.74,30.14,30.65,30.66,30.51,155,9487,288349,
543666,"HDFC Mutual Fund",B,STK,25.81,26.57,25.81,26.56,26.56,26.48,159,18200,480333,
543667,"INOX GREEN ENERGY SERVICES LIM",A,STK,142.95,143.2,137.4,139.3,138.4,141.3,1022,44102,6162216,
543669,"Keystone Realtors Limited",B,STK,379.3,385.7,374.85,381.2,381,379.2,109,5568,2102609,
543670,"VINNY OVERSEAS LIMITED",B,STK,1.13,1.15,1.11,1.13,1.13,1.13,55,24553,27749,
543671,"AAA TECHNOLOGIES LIMITED",B,STK,95.2,95.2,93.65,93.7,93.65,92.7,6,362,33992,
543677,"ICICI Prudential Mutual Fund",B,STK,30.59,30.59,29.66,30,30.05,29.85,101,4592,137696,
543686,"Sirca Paints India Limited",B,STK,411,432.7,408,428.05,428.05,408.8,746,25273,10611338,
543687,"Dharmaj Crop Guard Limited",B,STK,239.05,243.35,236.75,239.7,240.15,237.6,92,2431,581992,
543688,"Sarveshwar Foods Limited",B,STK,3.18,3.23,3.07,3.11,3.11,3.19,413,303493,952499,
543689,"Uniparts India Limited",B,STK,430,460.2,430,450.15,458,439.8,203,2403,1090271,
543699,"Edelweiss Mutual Fund",F,STK,1272.72,1272.72,1272.72,1272.72,1272.72,1273.12,4,600,763632,
543709,"PNGS GARGI FASHION JEWELLERY L",M,STK,892.6,892.7,830.05,881.5,892,850.2,97,22875,20067675,
543710,"ICICI Prudential Mutual Fund",B,STK,95.19,96.91,95.19,96.84,96.84,94.91,155,2615,251317,
543711,"Sula Vineyards Limited",A,STK,152.25,153.75,151.1,151.55,151.55,152.25,902,40707,6215649,
543712,"ABANS FINANCIAL SERVICES LIMIT",B,STK,202,202,201,201,201,201.05,4,260,52270,
543713,"Droneacharya Aerial Innovation",M,STK,32.26,34.16,32.26,32.67,32.6,33.44,121,132000,4357820,
543714,"LANDMARK CARS LIMITED",B,STK,354,373.35,353.9,355.9,355.9,361.55,144,4277,1545500,
543720,"KFin Technologies Limited",A,STK,907.75,909,892.4,900.75,901.85,902.35,2214,27965,25132240,
543725,"Elin Electronics Limited",B,STK,117.85,121.7,117.75,120.15,120.15,117.45,149,37946,4536115,
543732,"Radiant Cash Management Servic",B,STK,35.8,36,34,34.19,34.19,35.64,379,22806,801896,
543737,"Aveer Foods Limited",X,STK,512.05,512.25,512.05,512.25,512.25,510.8,2,2,1024,
543738,"DSP Mutual Fund",B,STK,55.5,55.95,55.38,55.95,55.95,55.54,15,2497,139185,
543743,"Aeroflex Neu Limited",B,STK,65.51,65.51,62,62,62,65.7,9,113,7346,
543745,"SVS VENTURES LIMITED",M,STK,10.8,10.8,10,10,10,9.9,4,24000,247800,
543747,"Kamdhenu Ventures Limited",B,STK,4.11,4.38,4.11,4.26,4.35,4.32,181,65466,281475,
543748,"Aarti Pharmalabs Limited",A,STK,634.8,654,634.7,647.2,638.3,628.45,506,23000,14850234,
543754,"TRANSVOY LOGISTICS INDIA LIMIT",M,STK,92,94,92,94,94,88.85,5,4800,444000,
543765,"Earthstahl & Alloys Limited",M,STK,15.65,16.5,15.65,15.8,15.8,15.25,4,57000,899250,
543766,"Ashika Credit Capital Ltd.",B,STK,345.85,349.5,337.3,339.6,342.4,341.05,238,44292,15287211,
543767,"BODHI TREE MULTIMEDIA LIMITED",B,STK,6.65,6.96,6.61,6.73,6.75,6.72,185,25299,170545,
543768,"NMDC Steel Limited",A,STK,36.49,37.1,35.74,36.97,36.97,35.91,1307,347820,12655298,
543774,"HDFC Mutual Fund",B,STK,34.69,35.63,34.58,34.94,35.63,34.85,40,2240,78040,
543775,"HDFC Mutual Fund",B,STK,151.52,151.52,148.84,150.25,150.31,149.26,459,41353,6202152,
543776,"HDFC Mutual Fund",B,STK,20.43,20.68,20.35,20.64,20.68,20.38,227,54424,1118662,
543781,"Mirae Asset Mutual Fund",E,STK,150.17,151.24,148.84,150.36,150.5,149.46,484,47425,7127867,
543782,"Sealmatic India Limited",M,STK,335,344.6,335,337.05,337.5,336,23,5220,1763730,
543787,"Macfos Limited",M,STK,835,848,835,848,848,827.75,4,660,557535,
543798,"Patron Exim Limited",M,STK,2.05,2.05,2.05,2.05,2.05,2.14,2,44000,90200,
543805,"RESGEN LIMITED",M,STK,55,55.97,55,55.96,55.96,53.93,4,3000,166447,
543806,"ITCONS E-Solutions Limited",M,STK,303,303,272,276.6,276.6,286.95,66,21200,5918490,
543811,"AIRAN LIMITED",B,STK,15.45,16,14.77,15.27,15.15,15.45,103,23548,358530,
543812,"DIVGI TORQTRANSFER SYSTEMS LIM",B,STK,667.6,682.35,660,671.4,669.8,667.6,209,893,600265,
543813,"Aditya Birla Sun Life Mutual F",F,STK,999.99,999.99,999.99,999.99,999.99,999.99,1,100,99999,
543819,"ICICI Prudential Mutual Fund",B,STK,86.97,87.59,85.55,86.86,87.51,87.91,599,23272,2007769,
543828,"SUDARSHAN PHARMA INDUSTRIES LI",M,STK,23.02,24.53,22.55,23.43,23.43,23.37,42,244000,5790800,
543829,"Global Surfaces Limited",B,STK,64.17,64.17,61.56,61.62,61.56,64.8,94,1815,113251,
543831,"Bright Outdoor Media Limited",M,STK,404.9,404.9,386,390,390,382,4,1500,587587,
543848,"Dev Labtech Venture Limited",MT,STK,90,92.5,89.71,92.5,92.5,92.88,3,3000,272210,
543853,"Axis Mutual Fund",B,STK,78.12,79.03,77.75,79.03,79.03,76.48,6,212,16512,
543858,"Mirae Asset Mutual Fund",B,STK,196.18,196.32,196.18,196.32,196.32,190.52,2,23,4512,
543860,"J.A. Finance Limited",XT,STK,78.8,79,76,78.8,76,75.85,6,779,61397,
543861,"Udayshivakumar infra limited",T,STK,23,23.5,22.8,23,23,23.44,27,1812,41807,
543874,"Maiden Forgings Limited",M,STK,76.5,78.25,76,76.81,78.25,78.25,4,4000,307250,
543875,"Mirae Asset Mutual Fund",F,STK,29.98,29.98,29.98,29.98,29.98,29.53,1,1,29,
543895,"Exhicon Events Media Solutions",M,STK,450,453,436.9,442.05,444,454.1,53,14250,6349200,
543896,"Avalon Technologies Limited",A,STK,886,932,885.6,902.55,898.4,885.9,737,7550,6863959,
543898,"BEML Land Assets Limited",B,STK,170,172,156.05,167.15,167.85,170.5,197,5580,924409,
543899,"Cube Highways Trust",IF,STK,141.25,141.25,141.25,141.25,141.25,140,15,3050000,430812500,
543900,"UTI Mutual Fund",E,STK,235.5,247.28,235.5,242.91,242,235.29,375,21423,5214403,
543901,"ROBUST HOTELS LIMITED",B,STK,174,174,168.75,171.3,171.5,175.35,23,10003,1727057,
543903,"DSP Mutual Fund",E,STK,150.8,151.65,150,150.18,150.2,149.4,75,1658,249646,
543904,"Mankind Pharma Limited",A,STK,2092.35,2106,2056,2067.45,2067.45,2091.9,3217,81271,168538766,
543905,"INNOKAIZ INDIA LIMITED",MT,STK,11.3,11.42,10.5,11.41,11.41,11,4,4000,44744,
543910,"AVG Logistics Limited",B,STK,142.45,166.8,138.75,160.9,157.9,139,567,8678,1373885,
543911,"Atal Realtech Limited",B,STK,22.68,22.82,21.97,22.34,22.34,22.06,99,36582,816403,
543912,"Power & Instrumentation (Gujar",B,STK,90.6,98.6,90.6,95.3,94.7,94.8,55,1480,142175,
543913,"Nexus Select Trust",IF,STK,155.29,156,152.71,155.94,156,154.03,362,213264,32746854,
543914,"Swati Projects Limited",X,STK,29.5,30.6,29,30.28,30.28,29.77,57,6126,181195,
543915,"Pavna Industries Limited",B,STK,17.2,18.25,17.2,17.83,17.81,18.08,66,14408,258407,
543916,"Hemant Surgical Industries Lim",M,STK,268.25,270.8,266,266.55,266,266,12,5600,1499480,
543917,"SIGMA SOLVE LIMITED",B,STK,41.01,41.01,39,40,40,40.98,94,3567,142605,
543918,"GHCL Textiles Limited",B,STK,72.79,73.9,72.42,73.27,73.27,72.82,93,92040,6671525,
543919,"M.K.Proteins Limited",B,STK,5.18,5.22,4.9,4.98,4.98,4.96,69,28247,143217,
543920,"CFF FLUID CONTROL LIMITED",M,STK,505,531,498,527.45,522,504.15,104,64600,33614240,
543921,"Comrade Appliances Limited",M,STK,37.01,37.01,37.01,37.01,37.01,38.95,2,2000,74020,
543922,"Mirae Asset Mutual Fund",E,STK,245.61,249.53,244.23,245.17,245.4,237.45,533,17533,4334457,
543923,"IKIO Technologies Limited",B,STK,121.25,124.25,117.1,118.5,118.8,121.4,333,5936,712851,
543924,"Sonalis Consumer Products Limi",M,STK,48,49.05,46,46,46,48.29,6,12000,571500,
543926,"Bizotic Commercial Limited",MT,STK,863.2,937,853.55,920.3,937,898.45,5,2000,1791060,
543927,"Asian Warehousing Limited",X,STK,33,37,33,36.79,36.82,37.44,19,1128,41505,
543928,"Cosmic CRF Limited",M,STK,699.95,699.95,610,630.45,633.5,665.6,255,41500,26698035,
543929,"HMA Agro Industries Limited",B,STK,22,24,22,23.8,23.7,23.8,59,4917,116220,
543930,"Uravi Defence and Technology L",B,STK,135,135,126.1,128.8,129,127.15,143,855,110854,
543931,"VEEFIN SOLUTIONS LIMITED",M,STK,248.25,259.4,248.25,255.15,259.4,249.45,91,26800,6816700,
543932,"IDEAFORGE TECHNOLOGY LIMITED",B,STK,394.55,460,386.35,435.5,438.5,392.8,17574,1008441,434387763,
543933,"Cyient DLM Limited",B,STK,304.65,347,286.5,298.35,298.35,300.15,32033,2225768,717694311,
543935,"DSP Mutual Fund",B,STK,30.25,30.42,29.9,30.35,30.23,30.6,40,798,24135,
543936,"Senco Gold Limited",A,STK,291.5,297.85,289.4,295.35,295.2,291.4,432,11954,3500690,
543939,"Kaka Industries Limited",M,STK,159.95,171,159.95,167.7,166.3,156.5,35,24000,3980650,
543940,"Jio Financial Services Limited",A,STK,235.95,238.65,234.25,237.6,237.6,234.2,4458,476573,112750558,
543941,"AHASOLAR TECHNOLOGIES LIMITED",M,STK,63,64,62.5,62.67,62.5,62.1,9,3600,227100,
543942,"UTKARSH SMALL FINANCE BANK LIM",B,STK,12,12.21,11.86,11.97,11.98,11.99,817,349604,4209087,
543943,"ASARFI HOSPITAL LIMITED",M,STK,159,160,149.95,150.9,151.95,156,50,62000,9546250,
543944,"Mirae Asset Mutual Fund",B,STK,552.92,557.72,549.98,555.81,555.81,552.2,59,308,170344,
543945,"NETWEB TECHNOLOGIES INDIA LIMI",A,STK,3257.55,3320,3209,3303.55,3303.55,3226.1,4324,62077,203603888,
543946,"Mirae Asset Mutual Fund",F,STK,1000.01,1000.01,1000,1000,1000,1000,24,6916,6916002,
543947,"DSP BSE Sensex ETF",A,STK,77.3,77.83,77.3,77.83,77.83,77.36,12,431,33397,
543948,"DSP Mutual Fund",B,STK,85.46,86.43,85.01,86.23,86,86.26,166,6760,578850,
543949,"DSP Mutual Fund",B,STK,26.11,26.49,26.07,26.45,26.42,29.36,45,7282,191691,
543950,"YATHARTH HOSPITAL & TRAUMA CAR",A,STK,650,669.05,649.6,657.3,657.4,650.25,637,12984,8529961,
543952,"NIIT Learning Systems Limited",A,STK,292.95,294.55,286.15,289.05,288.9,299.5,253,5082,1473410,
543953,"Khazanchi Jewellers Limited",M,STK,715,715,707,712.75,712,717.65,63,29500,20930787,
543954,"Allcargo Terminals Limited",B,STK,22.85,23.3,22.6,22.78,22.7,22.83,130,11278,259514,
543955,"Transindia Real Estate Limited",B,STK,24.5,25.17,24.35,24.49,24.49,23.8,90,13203,328368,
543956,"ICICI Prudential Mutual Fund",B,STK,19.5,19.72,19.48,19.69,19.71,19.71,32,1590,31101,
543957,"REDTAPE Limited",B,STK,112.1,118,112,116.65,115,113.95,454,17720,2039123,
543958,"VL E-Governance & IT Solutions",B,STK,12.06,12.53,12.06,12.15,12.2,12.08,408,37946,466958,
543959,"SBFC Finance Limited",A,STK,90.01,91.37,89,89.7,90,91.2,2219,106131,9551372,
543960,"Concord Biotech Limited",A,STK,1151,1181.4,1122.85,1129.45,1125.05,1156.8,1237,8126,9323782,
543962,"D.P. WIRES LIMITED",B,STK,158.7,158.7,137,138.9,139.55,138.55,77,4534,629770,
543963,"SHELTER PHARMA LIMITED",M,STK,31.5,32,31.5,32,32,31.5,2,6000,190500,
543965,"TVS Supply Chain Solutions Lim",T,STK,100.95,104.9,99.2,101.05,101.05,100.9,475,40082,4083443,
543969,"Pyramid Technoplast Limited",B,STK,144.05,144.95,143.05,143.05,143.05,141,27,692,100009,
543971,"Bondada Engineering Limited",M,STK,278.7,283,274,276.55,276.55,273.75,413,153800,42840180,
543972,"Aeroflex Industries Limited",B,STK,249.9,253,244.75,251.95,251.95,246.95,2474,145959,36310119,
543973,"HDFC Mutual Fund",F,STK,1058,1062.62,1052.25,1052.25,1052.25,1052.1,3,1283,1363326,
543974,"VISHNU PRAKASH R PUNGLIA LIMIT",B,STK,36.65,36.95,36.05,36.53,36.53,36.65,628,65764,2412389,
543976,"Shradha AI Technologies Limite",X,STK,28.49,29.4,27.5,27.95,27.95,27.92,143,23113,656078,
543977,"Rishabh Instruments Limited",B,STK,399.45,415.65,390.05,401.4,400.05,400.25,130,3835,1568887,
543978,"Ratnaveer Precision Engineerin",B,STK,144.4,154.4,138.1,152.65,151.35,138.6,919,70988,10571903,
543980,"Jupiter Life Line Hospitals Li",A,STK,1256.8,1267.8,1253.25,1257.6,1255.15,1272.35,25,43,54151,
543981,"R R KABEL LIMITED",A,STK,1370,1397.05,1366.45,1392,1389.15,1370.1,873,6990,9668844,
543982,"QUEST FLOW CONTROLS LIMITED",M,STK,139.4,145,139.4,141.55,141.75,139.4,39,13400,1896070,
543983,"EMS LIMITED",B,STK,275,290,274.1,279,279,278.6,731,34097,9519723,
543984,"Samhi Hotels Limited",A,STK,146.05,151.1,146.05,149.8,149.8,145.85,526,29805,4461863,
543985,"ZAGGLE PREPAID OCEAN SERVICES",A,STK,216.4,221.65,212.55,213.55,212.55,216.4,1378,68067,14738047,
543986,"South West Pinnacle Exploratio",B,STK,180.5,191.85,180.5,190.45,191,182.6,154,2790,530504,
543988,"Nuvama Wealth Management Limit",A,STK,1170.35,1170.35,1150,1157.1,1158.2,1159.3,1790,20464,23687992,
543989,"Sai Silks (Kalamandir) Limited",B,STK,96.6,98.8,95.8,98.2,98.5,96.6,294,21841,2135717,
543990,"SIGNATUREGLOBAL (INDIA) LIMITE",A,STK,776.05,800.8,776.05,793.9,800.3,789.55,535,17654,13947704,
543991,"TECHKNOWGREEN SOLUTIONS LIMITE",M,STK,108,111.95,108,108.15,108.1,107.2,11,7600,828440,
543992,"YATRA ONLINE LIMITED",B,STK,99.8,102.75,99.3,99.85,100,99.7,909,51631,5212162,
543993,"ARCL Organics Ltd",X,STK,164.5,164.5,157.2,162.65,158.1,164.05,81,2516,401787,
543994,"JSW Infrastructure Limited",A,STK,254,258.6,252,252.9,253.65,250.55,2231,95692,24373324,
543995,"MANOJ VAIBHAV GEMS 'N' JEWELLE",B,STK,147.5,150.55,147,147.8,147.8,152.65,184,3720,553571,
543996,"Updater Services Limited",B,STK,140,142,137.55,140.8,140.8,139.8,245,20600,2872098,
543997,"ORGANIC RECYCLING SYSTEMS LIMI",M,STK,238.5,243.5,238.5,243.5,243.5,233.5,3,1800,432300,
543998,"Valiant Laboratories Limited",B,STK,52.51,52.51,50.51,51.11,51.5,51.7,50,2146,110832,
543999,"Mirae Asset Mutual Fund",A,STK,77.58,78.11,77.31,78.06,77.98,77.5,62,2717,211111,
544001,"Sunita Tools Limited",M,STK,993.95,1044,968,1015.7,1017,999.85,84,11750,11911268,
544003,"Plaza Wires Limited",B,STK,35.89,40.45,33.26,33.85,33.29,34.55,210,6805,236676,
544004,"IRM ENERGY LIMITED",B,STK,203.05,204.65,197.5,198.35,198.35,200.4,215,4505,905420,
544006,"Mirae Asset Mutual Fund",B,STK,30.59,30.59,29.79,30.22,30.3,30.47,97,114418,3450846,
544007,"Mirae Asset Mutual Fund",B,STK,23.23,24.1,23.2,23.71,23.6,23.27,109,122464,2896234,
544008,"Max Estates Limited",B,STK,361.8,367.95,357.45,365.95,365.95,361.8,143,5639,2050748,
544009,"Blue Jet Healthcare Limited",A,STK,357.6,364.4,349.55,352.15,352.8,357.65,820,28844,10318971,
544010,"SBI Mutual Fund",F,STK,1000.01,1000.01,999.99,1000.01,1000.01,1000.01,6,97,96999,
544012,"Cello World Limited",A,STK,395,403.6,384.75,387.95,387.95,399.45,2170,26466,10332684,
544013,"KK Shah Hospitals Limited",M,STK,29,38,29,38,38,32.85,3,15000,462000,
544014,"Honasa Consumer Limited",A,STK,262.05,266.2,262.05,263.8,266.2,266.5,693,9784,2584594,
544020,"ESAF Small Finance Bank Ltd",B,STK,23.2,23.8,23.07,23.22,23.3,23.54,339,40042,935688,
544021,"Protean eGov Technologies Limi",A,STK,529.95,529.95,509.5,511.7,512,524.25,1218,38730,19939802,
544022,"ASK Automotive Limited",B,STK,404.35,410.35,403.55,405.25,408.75,407.95,235,3842,1564454,
544023,"Kalyani Cast-Tech Limited",M,STK,481,503.9,481,502,502,477.7,10,3250,1619487,
544025,"Arrowhead Seperation Engineeri",M,STK,70.05,70.05,70,70,70,73.3,2,1200,84030,
544026,"Indian Renewable Energy Develo",A,STK,115.65,116.6,114,116.2,116.3,115.15,2348,288864,33316703,
544027,"Fedbank Financial Services Lim",B,STK,125.8,131.4,125.8,130.25,129.05,125.75,311,24870,3212374,
544028,"Tata Technologies Limited",A,STK,529.35,532.1,520.1,524.7,524.7,528.55,4234,119490,62891204,
544029,"Gandhar Oil Refinery (India) L",B,STK,126.9,132,126.8,130.6,131.25,126.85,624,34738,4472679,
544030,"Flair Writing Industries Limit",B,STK,298.7,306.95,296.95,300.85,305.5,298.65,128,2523,756380,
544035,"Swashthik Plascon Limited",M,STK,21.19,21.19,19.52,21,21,21.19,17,145600,3028560,
544036,"DEEPAK CHEMTEX LIMITED",M,STK,84.2,84.25,84.2,84.25,84.25,83.15,5,4000,336960,
544037,"Amic Forging Limited",M,STK,1285.1,1319.8,1270,1283.1,1283.1,1277.25,21,2700,3458800,
544042,"Bajel Projects Limited",B,STK,174,182.35,168.6,175.35,175.35,167.9,17441,1684426,297173464,
544043,"BARODA BNP PARIBAS MUTUAL FUND",E,STK,149.2,151.4,148.92,150,150,148.1,32,145,21746,
544044,"India Shelter Finance Corporat",A,STK,701.35,701.35,690.1,695.65,690.3,701.35,170,3956,2751415,
544045,"DOMS Industries Limited",A,STK,2131,2184.05,2112.35,2156,2149.3,2138.75,657,74738,160967349,
544046,"INOX India Limited",A,STK,1143.9,1187,1143.9,1153.3,1148.4,1143.9,502,3261,3804123,
544047,"Siyaram Recycling Industries L",M,STK,35.5,35.59,33.6,34.27,33.66,35.05,54,120000,4122570,
544052,"Benchmark Computer Solutions L",M,STK,21,21,21,21,21,20.98,1,2000,42000,
544053,"Motisons Jewellers Limited",B,STK,12.86,13.11,12.82,12.95,12.97,12.94,236,67981,881510,
544054,"Suraj Estate Developers Limite",B,STK,198,205,195.15,201.6,203.8,198.05,341,18172,3599270,
544055,"Muthoot Microfin Limited",B,STK,143.25,148.9,143.25,148,146.7,145.05,227,8211,1204950,
544056,"Sahara Maritime Limited",M,STK,16.5,16.75,16.5,16.74,16.74,15.96,6,9600,160128,
544057,"Happy Forgings Limited",B,STK,1307.75,1307.75,1251,1286.35,1290.5,1265.9,1045,8544,10918513,
544058,"Credo Brands Marketing Limited",B,STK,78,78,74.5,74.8,74.8,76.18,70,7091,532766,
544059,"SHANTI SPINTEX LIMITED",M,STK,52,52,52,52,52,50.4,2,4000,208000,
544060,"RBZ Jewellers Limited",B,STK,119.35,119.35,115.55,116.2,115.75,117,55,14069,1631121,
544061,"Azad Engineering Limited",A,STK,1524.7,1524.7,1485.85,1501.1,1501.1,1494.25,597,6078,9168384,
544066,"SUNDARAM-CLAYTON LIMITED",B,STK,1328.5,1333.6,1300,1317.65,1306.9,1320.65,102,893,1169991,
544067,"INNOVA CAPTAB LIMITED",B,STK,705.4,722,700,713.25,700,704.65,93,480,342156,
544072,"AIK Pipes and Polymers Limited",M,STK,23,23,23,23,23,21.54,1,1600,36800,
544073,"Manoj Ceramic Limited",M,STK,72.5,72.5,72.5,72.5,72.5,72,1,1000,72500,
544074,"Shri Balaji Valve Components L",M,STK,87.3,89,85,85,85,89,8,5400,469320,
544079,"DIGIDRIVE DISTRIBUTORS LIMITED",B,STK,20.96,21.05,20.1,20.59,20.6,20.3,26,1966,40487,
544081,"Jyoti CNC Automation Limited",A,STK,709.25,774.45,709.25,748.05,748.05,706.3,17769,724901,548940823,
544082,"New Swan Multitech Limited",M,STK,42.5,42.5,40.5,42.5,42.5,42.5,7,20000,842000,
544083,"Shree Marutinandan Tubes Limit",M,STK,50.36,50.36,49.3,49.3,49.3,52.25,3,1500,75005,
544088,"Medi Assist Healthcare Service",A,STK,312.2,321.9,311.5,319.3,318.55,311.8,341,9962,3155826,
544089,"Zerodha Mutual Fund",F,STK,113.16,113.18,113.16,113.17,113.17,113.16,490,594500,67278615,
544090,"Sayaji Hotels (Pune) Limited",X,STK,783,830,762.3,805,805,837.35,5,5,4008,
544091,"Qualitek Labs Limited",M,STK,303,335,303,335,335,309.95,2,800,255200,
544092,"Bajaj Finserv Mutual Fund",B,STK,239.87,241.27,238.92,241.27,241.27,239.87,16,1107,265176,
544093,"Bajaj Finserv Mutual Fund",B,STK,54.03,55.59,54.03,55.29,55.29,54.87,22,1730,94861,
544094,"Euphoria Infotech (India) Limi",M,STK,30.7,30.75,30.7,30.75,30.75,30.2,2,8400,258060,
544095,"EPACK Durable Limited",A,STK,240.55,245.95,239.65,243.15,243.75,239.95,510,28354,6882590,
544100,"Nova Agritech Limited",B,STK,26,27.16,26,26.72,26.6,26.8,79,124017,3320510,
544101,"Brisk Technovision Limited",M,STK,73.5,73.5,73.5,73.5,73.5,72,1,1600,117600,
544102,"UTI Mutual Fund",B,STK,301.3,301.3,301.3,301.3,301.3,301.34,1,1,301,
544103,"UTI Mutual Fund",F,STK,64.2,64.2,64.2,64.2,64.2,64.55,2,3,192,
544104,"UTI Mutual Fund",F,STK,26,26.52,26,26.52,26.52,26.03,2,501,13286,
544105,"HARSHDEEP HORTICO LIMITED",M,STK,83.5,86,83,86,86,84.5,5,7500,633000,
544107,"BLS E-Services Limited",B,STK,144.9,144.9,141.4,142.05,142.5,142.5,373,166253,23766808,
544108,"Gabriel Pet Straps Limited",M,STK,173.05,178,171,174,174,175.55,30,21600,3782460,
544110,"HDFC Mutual Fund",B,STK,85.85,88.03,85.36,87.59,88.03,86.63,40,1248,108021,
544111,"Apeejay Surrendra Park Hotels",B,STK,106.9,110.15,105.35,109.65,110,106.85,315,15277,1647375,
544112,"JASCH GAUGING TECHNOLOGIES LIM",X,STK,471,517.7,471,496.85,497,471.2,42,1189,576885,
544117,"Signpost India Limited",B,STK,230.1,233.35,224.8,229.8,229.75,230.1,155,1578,363759,
544118,"JANA SMALL FINANCE BANK LIMITE",A,STK,349,352.9,341.85,343.55,343.45,348.45,484,8083,2801739,
544119,"Rashi Peripherals Limited",B,STK,345.2,352.6,345.2,348.45,348.95,347.8,94,999,347700,
544120,"Capital Small Finance Bank Ltd",B,STK,239.95,239.95,229.2,230.4,231,234.95,65,904,210783,
544121,"Rudra Gas Enterprise Limited",M,STK,61.4,62,61.4,62,62,60,4,4000,246200,
544122,"Entero Healthcare Solutions Li",B,STK,1001.4,1032.95,1001.4,1024.7,1032.95,1001.3,211,10552,10663794,
544123,"LIC Mutual Fund",B,STK,54.96,55.62,54.96,55.62,55.62,55.07,4,590,32802,
544124,"VIBHOR STEEL TUBES LIMITED",B,STK,108,110,106.35,108.25,110,107.9,115,2216,238550,
544129,"Juniper Hotels Limited",B,STK,198,204.8,198,201.8,201.8,203.15,167,5742,1164103,
544130,"Mirae Asset Mutual Fund",B,STK,39.42,39.47,38.98,39.38,39.44,39.08,651,161588,6352131,
544131,"GPT Healthcare Limited",B,STK,121.05,124.1,120.4,121.45,122.15,123.35,117,5988,730061,
544132,"Zerodha Mutual Fund",E,STK,24.26,24.59,24.26,24.42,24.42,24.19,1372,377369,9228059,
544133,"EXICOM TELE-SYSTEMS LIMITED",B,STK,85.69,95.47,85.56,88.83,88.83,85.72,1481,101389,9320425,
544134,"Platinum Industries Limited",B,STK,208.9,208.9,202,202.5,202,205.05,129,4442,902633,
544135,"Mukka Proteins Limited",B,STK,21.35,21.52,21.04,21.38,21.38,21.1,27,1742,37050,
544136,"R K Swamy Limited",B,STK,85,92,85,89.32,89.32,89.6,164,3768,335006,
544137,"Indus Infra Trust",IF,STK,123,124.74,123,124.38,124.11,122.88,784,3735,462607,
544138,"J.G.Chemicals Limited",B,STK,329.8,333.15,327,331.65,332.15,330.3,88,1733,570507,
544140,"Gopal Snacks Limited",B,STK,270.55,275.85,268,273.55,271.9,271,245,10634,2886917,
544141,"Pune E - Stock Broking Limited",M,STK,226.1,228.95,225,227,227,230.55,12,10400,2358040,
544142,"Shipping Corporation of India",B,STK,42,42,41,41.87,41.82,41.58,296,49736,2068244,
544144,"Popular Vehicles and Services",B,STK,86.19,89.59,85.79,88.3,88.3,85.9,25,219,19226,
544149,"KRYSTAL INTEGRATED SERVICES LI",B,STK,560.95,560.95,550.2,550.25,550.2,550.95,18,156,86135,
544150,"KP GREEN ENGINEERING LIMITED",M,STK,354.75,354.8,338,340.25,340,350.2,241,76750,26655175,
544151,"CHATHA FOODS LIMITED",M,STK,71.9,72,69.2,69.57,69.9,70.03,38,46000,3229330,
544156,"Gconnect Logitech and Supply C",M,STK,13.55,14.97,13.55,13.55,13.55,14.26,14,30000,427575,
544157,"Vruddhi Engineering Works Limi",M,STK,205,205,205,205,205,198.7,1,500,102500,
544158,"SRM CONTRACTORS LIMITED",B,STK,384.7,389.85,381.9,385,384,381.3,108,17810,6835083,
544159,"DSP BSE Liquid Rate ETF",F,STK,1117.7,1117.7,1117.68,1117.68,1117.68,1117.53,11,9192,10273718,
544160,"Jay Kailash Namkeen Limited",M,STK,14.31,15.6,14.31,15.45,15.45,14.95,13,20800,310848,
544161,"D P ABHUSHAN LIMITED",B,STK,979.4,1000.75,967,998,995,971.85,189,1119,1109996,
544162,"Bharti Hexacom Limited",A,STK,1475.85,1540,1475.85,1531.05,1540,1481.55,1568,8741,13340622,
544163,"Greenhitech Ventures Limited",M,STK,81,93.59,81,90.89,90.89,87,12,22000,1876550,
544165,"SHIVAM CHEMICALS LIMITED",MT,STK,111,116.85,107,116.85,116.85,111.3,21,42000,4630350,
544166,"EMMFORCE AUTOTECH LIMITED",M,STK,136,136,128.5,131.4,131.4,125.95,15,19200,2512320,
544167,"JNK India Limited",B,STK,234.2,245.15,234.2,242.15,243.2,243.65,339,10890,2621270,
544168,"VARYAA CREATIONS LIMITED",M,STK,28.1,28.78,28.1,28.78,28.78,31.95,3,3000,85410,
544171,"Storage Technologies and Autom",M,STK,36,36,35.5,35.5,35.5,36,6,4800,172000,
544172,"Indegene Limited",A,STK,439.95,439.95,430,432.3,432.3,436.05,746,24047,10426214,
544174,"TBO TEK LIMITED",A,STK,1175,1188.5,1164.65,1176.95,1164.65,1180.4,558,307900,364530359,
544175,"TGIF AGRIBUSINESS LIMITED",M,STK,85,85,75,79.88,75,85,3,3600,293700,
544176,"Aadhar Housing Finance Limited",A,STK,480.85,481.55,470,480.7,480.7,478.85,721,15607,7429597,
544177,"Aztec Fluids & Machinery Limit",M,STK,89.7,89.7,85.5,87.91,87.91,89.75,17,17000,1476890,
544179,"Go Digit General Insurance Lim",A,STK,335.4,337.7,328,330.7,329.4,339.75,257,3315,1106919,
544180,"Mirae Asset Mutual Fund",B,STK,44.3,44.9,44.25,44.89,44.9,44.25,26,7809,348106,
544181,"Awfis Space Solutions Limited",A,STK,263,284,263,276.7,278.15,271.9,883,33186,8994071,
544182,"Bajaj Finserv Mutual Fund",F,STK,1073.12,1073.12,1073.12,1073.12,1073.12,1073,3,14933,16024900,
544183,"Associated Coaters Limited",M,STK,98,98,98,98,98,96.55,2,2000,196000,
544184,"Borosil Scientific Limited",B,STK,105.85,106.95,104.05,104.8,104.05,104.4,52,1606,169205,
544185,"ADTECH SYSTEMS LIMITED",X,STK,54.3,54.3,49,51.46,52.4,51.58,17,228,11890,
544186,"Forbes Precision Tools and Mac",X,STK,114.5,118.1,107.05,115.8,115,111.35,162,10783,1225708,
544187,"KRONOX LAB SCIENCES LIMITED",B,STK,111.85,117.5,111,113.75,113.9,110,549,7152,816148,
544189,"SATTRIX INFORMATION SECURITY L",MT,STK,404,404,404,404,404,404,1,500,202000,
544191,"Purple Finance Limited",X,STK,55,56,55,55.03,55,55.41,49,12465,691436,
544192,"Le Travenues Technology Limite",A,STK,160.05,165,160.05,163.75,163.05,162.05,2107,66678,10885317,
544193,"Zerodha Mutual Fund",B,STK,10.26,10.26,10.05,10.2,10.2,10.13,704,284732,2882225,
544194,"Zerodha Mutual Fund",B,STK,10.2,10.27,10,10.26,10.27,10.04,34,11275,113972,
544195,"United Cotfab Limited",M,STK,16,16.9,16,16.9,16.9,16.53,4,8000,130040,
544196,"BARODA BNP PARIBAS MUTUAL FUND",B,STK,54.94,54.94,54.48,54.9,54.9,54.52,4,70,3839,
544197,"JHS SVENDGAARD RETAIL VENTURES",B,STK,20.98,20.98,20.1,20.13,20.1,21,10,833,16772,
544198,"DEE DEVELOPMENT ENGINEERS LIMI",B,STK,304.95,317.7,298.3,313.85,313.15,298.9,1585,69644,21341304,
544199,"GEM Enviro Management Limited",M,STK,36.96,37.4,35.11,35.4,35.27,36.95,37,36000,1300664,
544200,"Akme Fintrade (India) Limited",T,STK,8.53,8.55,8.16,8.45,8.48,8.16,304,720035,6109331,
544201,"DINDIGUL FARM PRODUCT LIMITED",M,STK,11.4,11.5,10.42,10.42,10.42,10.96,40,132000,1457460,
544202,"STANLEY LIFESTYLES LIMITED",B,STK,148,152.05,147.7,148.7,147.85,151.15,337,8622,1287454,
544203,"Allied Blenders and Distillers",A,STK,437.85,443.25,416.15,419.25,419.25,442.3,2003,36716,15702080,
544204,"VRAJ IRON AND STEEL LIMITED",B,STK,111.25,111.85,110.05,111.15,110.9,111.5,28,525,58267,
544205,"National Peroxide Limited",X,STK,398,399,362.6,365.8,365.8,379.3,388,7437,2793900,
544206,"SBI Mutual Fund",E,STK,245.76,250.95,245.13,246.98,247.53,238.58,1466,122198,30290946,
544207,"Reliable Data Services Limited",B,STK,112.2,116.8,111.6,114.75,116.8,112.15,28,830,94887,
544209,"Bansal Wire Industries Limited",B,STK,250.1,265,249.4,255.85,252,250.05,294,5764,1493426,
544210,"Emcure Pharmaceuticals Limited",A,STK,1480,1521.1,1474,1509.85,1500.6,1458.95,1579,13950,20913596,
544211,"Aditya Birla Sun Life Mutual F",F,STK,112.52,112.52,112.52,112.52,112.52,112.93,1,50,5626,
544212,"Mirae Asset Mutual Fund",B,STK,27.43,27.88,27.36,27.86,27.87,27.42,115,11307,313206,
544213,"AELEA COMMODITIES LIMITED",M,STK,121.5,121.5,118.8,119.6,120.3,121.7,28,31200,3743700,
544214,"THREE M PAPER BOARDS LIMITED",M,STK,23.2,23.44,20.25,22.74,22.11,25.3,66,150000,3183820,
544215,"SBI Mutual Fund",B,STK,31.23,31.34,31,31.27,31.27,31.23,35,990,30907,
544216,"ICICI Prudential Mutual Fund",B,STK,11.41,11.41,11.22,11.3,11.29,11.26,479,191202,2154633,
544217,"SANSTAR LIMITED",B,STK,81.49,85.15,81.26,83.85,83.63,81.13,183,15355,1281820,
544218,"Aditya Birla Sun Life Mutual F",B,STK,10.32,10.44,10.23,10.35,10.35,10.27,39,3393,34931,
544219,"VVIP Infratech Limited",M,STK,103.45,103.6,100,101.25,101.9,103.7,21,30000,3052680,
544220,"Clinitech Laboratory Limited",M,STK,34.04,35,32.8,34.5,33.99,41,23,30000,1008228,
544222,"Akums Drugs and Pharmaceutical",B,STK,460.2,472.15,456.05,464.4,464.4,464.2,260,2932,1364504,
544223,"Ceigall India Limited",B,STK,269.3,282.35,267,279.7,278.2,272,1438,53663,14932708,
544224,"Afcom Holdings Limited",M,STK,738.8,753,730,744.6,746,729.75,272,54240,40454670,
544225,"Ola Electric Mobility Limited",A,STK,24.19,24.3,23.45,23.61,23.61,24.32,8282,4978258,118413574,
544226,"Brainbees Solutions Limited",A,STK,214.3,215.25,209.15,212.8,212.8,214.25,1168,64374,13592700,
544227,"UNICOMMERCE ESOLUTIONS LIMITED",B,STK,93.15,93.85,92,93.1,93.1,93.3,279,14756,1371071,
544229,"ICICI Prudential Mutual Fund",B,STK,11.63,11.7,11.25,11.68,11.68,11.35,1667,756454,8736759,
544230,"SARASWATI SAREE DEPOT LIMITED",B,STK,56.7,58.16,55.63,55.68,55.67,56.31,87,2801,158057,
544232,"Interarch Building Solutions L",B,STK,1717,1745,1702,1725.7,1745,1702.3,307,38256,65637470,
544233,"Mahalaxmi Fabric Mills Limited",B,STK,22.7,27.92,22.7,22.7,22.7,23.28,72,5046,119150,
544234,"Globale Tessile Limited",B,STK,10.5,11,10.5,10.72,10.72,10.75,11,491,5316,
544235,"Orient Technologies Limited",B,STK,264,268,260.5,263.6,262.15,264.25,351,10172,2678655,
544237,"RAPID MULTIMODAL LOGISTICS LIM",MT,STK,143,143,143,143,143,141.5,1,4800,686400,
544238,"Premier Energies Limited",A,STK,797.75,830.3,793.9,810.7,812,795.75,5559,141365,115089005,
544239,"ECOS (India) Mobility & Hospit",B,STK,120.1,124,120.1,122,121.6,122.2,374,16753,2053786,
544240,"Raymond Lifestyle Limited",A,STK,738,813.1,736.55,786.2,786.2,737,276,8749,6686106,
544241,"Mirae Asset Mutual Fund",B,STK,14.92,15.07,14.91,15.06,15.06,14.91,33,4950,74304,
544242,"Travels & rentals Limited",M,STK,16,16.43,16,16.43,16.43,15.66,14,45000,735870,
544243,"Baazar Style Retail Limited",B,STK,240.05,245.1,236.1,240.7,241.2,239.75,530,24073,5780024,
544244,"Gala Precision Engineering Lim",B,STK,754.8,774.45,740.9,762.5,763,748.9,70,369,278842,
544246,"Revathi Equipment India Limite",B,STK,530,604,530,591.35,592.4,542.55,62,368,212347,
544247,"DSP Mutual Fund",B,STK,86.53,87.39,86.4,87.22,87.39,86.53,111,5256,456115,
544248,"MACH CONFERENCES AND EVENTS LI",MT,STK,111,113.5,105.45,110,113,109.8,23,18600,2041380,
544249,"SHREE TIRUPATI BALAJEE AGRO TR",B,STK,27.85,27.85,25.21,25.79,26.04,25.84,116,22516,578205,
544250,"Sanofi Consumer Healthcare Ind",A,STK,4230.2,4286.2,4156.7,4200.75,4175,4266.1,185,479,2011226,
544251,"Share Samadhan Limited",M,STK,43.5,43.5,43.5,43.5,43.5,42.1,1,1600,69600,
544252,"Bajaj Housing Finance Limited",A,STK,81.39,81.95,81.03,81.32,81.32,81.32,6291,888734,72347743,
544253,"Kross Limited",B,STK,184.65,184.65,181.05,182.4,183.2,181.45,286,8608,1574058,
544254,"Tolins Tyres Limited",B,STK,96.95,99.5,96.55,98.75,99.2,97.25,142,6519,638568,
544256,"P N GADGIL JEWELLERS LIMITED",B,STK,536.7,551.8,534.9,549.35,550.6,536.65,288,5201,2830769,
544257,"Sodhani Academy of Fintech Ena",M,STK,183,183,177.8,178.45,177.8,199.5,13,7500,1345975,
544258,"Western Carriers (India) Limit",B,STK,93,93.5,91.2,91.8,91.55,93.05,389,134055,12426741,
544259,"POPULAR FOUNDATIONS LIMITED",M,STK,29.65,29.65,27.5,28.35,29.2,29.4,3,9000,259050,
544260,"Northern Arc Capital Ltd.",A,STK,215,223.3,212.25,217.95,217.95,213.7,430,21867,4767195,
544261,"ARKADE DEVELOPERS LIMITED",B,STK,103.8,104.4,102,103.25,103.25,103.75,403,22939,2367709,
544262,"Manba Finance Limited",B,STK,127.3,127.3,118,118.8,118,122.15,39,4552,550180,
544263,"KRN HEAT EXCHANGER AND REFRIGE",A,STK,851,873,839.6,863.6,863.6,850,1340,37394,31924112,
544264,"Diffusion Engineers Limited",B,STK,242.75,243.5,238,240.05,240.25,241.2,93,2701,651404,
544265,"Nexxus Petro Industries Limite",M,STK,82.27,82.3,82,82,82,82.68,4,4800,394608,
544266,"Mirae Asset Mutual Fund",B,STK,85.53,86.56,85,86.22,86.22,85.82,42,41438,3571524,
544267,"SUBAM PAPERS LIMITED",M,STK,165.7,176.5,165.5,165.5,165.5,165.6,25,24800,4161480,
544268,"Mirae Asset Mutual Fund",B,STK,11.46,11.72,11.34,11.66,11.67,11.37,516,637627,7389471,
544269,"NEOPOLITAN PIZZA AND FOODS LIM",M,STK,7.1,7.75,7.1,7.2,7.2,7.4,3,18000,132300,
544271,"Garuda Construction and Engine",B,STK,157.8,160.8,154.7,160.3,159.2,155.5,565,27964,4408719,
544272,"SHIV TEXCHEM LIMITED",M,STK,122.15,125.4,119.5,120.25,119.5,125.45,57,46000,5580580,
544273,"MANGALAM GLOBAL ENTERPRISE LIM",B,STK,10.01,10.35,9.95,10.01,10.01,9.96,93,18374,184192,
544274,"HYUNDAI MOTOR INDIA LIMITED",A,STK,1962.3,1983.6,1933.5,1970.6,1970.6,1965.1,3379,34471,67592965,
544275,"ICICI Prudential Mutual Fund",B,STK,15,15.36,14.85,15.36,15.36,14.98,121,42984,647095,
544276,"Deepak Builders and Engineers",B,STK,67.33,68.1,66.51,67.17,67.1,67.28,100,1480,99803,
544277,"Waaree Energies Limited",A,STK,2799.85,2965.25,2788,2881.95,2881.95,2790.35,20022,393683,1140629212,
544278,"OCCL Limited",B,STK,87.21,87.79,83,85.19,87,86.5,207,4865,414413,
544279,"Godavari Biorefineries Limited",B,STK,298.5,311,288.7,308.25,310,292.75,619,21751,6489223,
544280,"Afcons Infrastructure Limited",A,STK,278.8,282.7,275.65,280.7,280.7,278.75,867,33440,9356527,
544281,"A B INFRABUILD LIMITED",B,STK,17.5,17.7,16.88,17.27,17.03,17,250,83760,1454385,
544282,"Sagility Limited",A,STK,37.85,38.08,37.4,37.66,37.66,37.71,3119,843519,31801599,
544283,"ACME Solar Holdings Limited",A,STK,245.1,251.05,242.15,247.3,247,245.2,1372,52029,12872391,
544284,"Mirae Asset Mutual Fund",F,STK,1076.8,1076.82,1076.8,1076.82,1076.82,1076.68,7,83,89375,
544285,"SWIGGY LIMITED",A,STK,283.05,295.65,281.7,292.9,292.55,284.25,2267,180529,52400357,
544286,"NIVA BUPA HEALTH INSURANCE COM",A,STK,72.14,72.14,71.36,71.5,71.6,71.46,255,22274,1597422,
544288,"BlackBuck Limited",A,STK,557.4,579.6,557.4,573.7,575,557.75,1574,23393,13357914,
544289,"NTPC GREEN ENERGY LIMITED",A,STK,98.12,99.25,95.55,96.15,96.15,98.53,12445,1609436,156623667,
544290,"ENVIRO INFRA ENGINEERS LIMITED",A,STK,147.45,148.45,144.05,145.8,146,145.4,914,71998,10509230,
544291,"RAJESH POWER SERVICES LIMITED",M,STK,873.9,873.9,860.5,862.35,862.35,858.9,162,25500,22129000,
544292,"Onesource Specialty Pharma Lim",A,STK,1468.6,1492.2,1445,1485.45,1461.6,1495.25,819,6564,9611627,
544293,"SURAKSHA DIAGNOSTIC LIMITED",B,STK,252.1,258.2,245.85,253.95,250.3,252.1,114,1586,401232,
544294,"Rossell Techsys Limited",B,STK,664.1,688.6,661.55,682.4,682.4,665.6,153,1363,927862,
544296,"NISUS FINANCE SERVICES CO LIMI",M,STK,170,172,158.6,160.2,160.2,170.35,166,111200,18016240,
544301,"Odigma Consultancy Solutions L",B,STK,21.7,23.3,21.7,22.62,22.54,22.04,142,16461,375143,
544302,"Innovana Thinklabs Limited",B,STK,386,386,375.35,380,380,384.4,6,817,312925,
544305,"One Mobikwik Systems Limited",B,STK,185.3,185.95,180,181.35,181.35,185.2,780,37298,6788554,
544306,"Sai Life Sciences Limited",A,STK,984.1,994.25,969.85,984.85,984.85,976,792,8785,8635961,
544307,"Vishal Mega Mart Limited",A,STK,106.95,106.95,102.6,103.25,103.25,106.1,5024,750013,77852026,
544308,"Hilltone Software and Gases Lt",X,STK,54.3,54.35,50,52.44,52.44,52.48,33,72320,3707688,
544309,"INVENTURUS KNOWLEDGE SOLUTIONS",A,STK,1328,1340,1313.9,1323.65,1313.9,1327.95,580,5545,7356380,
544310,"Yash Highvoltage Limited",M,STK,458.85,463,441.35,456.85,450,457.5,407,139000,62883287,
544311,"International Gemmological Ins",A,STK,301.05,329.85,301.05,323.3,320.2,304.8,2577,75042,23940457,
544314,"Sanathan Textiles Limited",B,STK,381.45,385.4,380.7,385.4,385.4,373.9,11,125,47804,
544315,"Concord Enviro Systems Limited",B,STK,242.1,245.5,240.45,240.85,240.45,241.25,283,6989,1692965,
544316,"DAM Capital Advisors Limited",B,STK,122.4,124.55,119.85,121.4,121.75,121.85,876,56689,6863157,
544317,"Transrail Lighting Limited",A,STK,498,501.9,487.4,497.1,495.4,491.35,1064,24495,12116797,
544318,"MAMATA MACHINERY LIMITED",B,STK,373.05,385.3,373.05,384.55,383.25,378,110,9186,3524276,
544319,"SENORES PHARMACEUTICALS LIMITE",B,STK,750,755.65,739.2,750.6,740,744.4,195,3670,2741681,
544320,"CARRARO INDIA LIMITED",B,STK,441,444.65,425,428.85,428.85,440.1,368,3109,1358461,
544321,"Ventive Hospitality Limited",B,STK,645,651.2,635,644.05,647.8,644.2,174,1376,882811,
544322,"Unimech Aerospace and Manufact",B,STK,805.2,824.15,777,778.7,778.1,803.2,664,6009,4714434,
544323,"Mirae Asset Mutual Fund",B,STK,10.15,10.29,10.15,10.29,10.29,10.16,41,13163,134651,
544324,"Citichem India Limited",M,STK,15,15,14.15,14.15,14.15,14.35,3,6000,88300,
544325,"ITC Hotels Limited",A,STK,154.65,154.8,150.1,150.85,150.85,154.45,3525,290957,44183314,
544326,"Edelweiss Mutual Fund",B,STK,22.58,22.92,22.58,22.9,22.91,22.63,31,3067,69825,
544327,"TECHNICHEM ORGANICS LIMITED",M,STK,45,45,45,45,45,44.95,3,6000,270000,
544328,"INDO FARM EQUIPMENT LIMITED",B,STK,125.55,128.2,124.2,126,126.35,124.45,381,14378,1808665,
544329,"LEO DRYFRUITS & SPICES TRADING",M,STK,46.95,46.95,46.95,46.95,46.95,47.85,1,4000,187800,
544330,"PARMESHWAR METAL LIMITED",M,STK,117.5,119,117.5,119,119,115,3,6000,711000,
544332,"FABTECH TECHNOLOGIES CLEANROOM",M,STK,249.1,249.1,246,248,248,255,7,4800,1189840,
544333,"STANDARD ENGINEERING TECHNOLOG",B,STK,123.4,123.4,114.75,115.8,115.95,115.2,155,19809,2307793,
544334,"Indobell Insulations Limited",M,STK,70,71.99,61.5,61.51,61.5,63,7,5250,350925,
544335,"B.R.GOYAL INFRASTRUCTURE LIMIT",M,STK,100,100,97.11,97.2,97.17,99.5,37,57000,5624630,
544336,"Quadrant Future Tek Limited",B,STK,296.75,296.75,288.15,288.8,288.45,290.3,257,9381,2721499,
544338,"Capital Infra Trust",IF,STK,67.84,68.14,67.51,67.93,68.04,67.83,136,6696,454024,
544339,"Laxmi Dental Limited",B,STK,172.75,173.45,171.35,172.45,172,172.8,158,4051,698187,
544340,"Rikhav Securities Limited",M,STK,38.18,38.5,36.11,38,38,38.25,49,145600,5428944,
544341,"LANDMARK GLOBAL LEARNING LIMIT",M,STK,20.8,20.8,19.25,19.25,19.25,20.96,19,33600,666400,
544342,"Stallion India Fluorochemicals",B,STK,115.95,118.95,113.25,114,114.5,113.35,835,66134,7667982,
544343,"CAPITALNUMBERS INFOTECH  LIMIT",M,STK,83,83,79.22,79.86,79.99,80.28,50,42000,3375328,
544344,"SHRIRAM PISTONS & RINGS LTD",A,STK,2940.75,2994.65,2875.05,2984.9,2993.25,2940.75,414,1654,4887671,
544345,"Denta Water and Infra Solution",B,STK,235.55,241.75,233.9,238.4,241.75,235.6,193,4375,1033844,
544346,"RDB Real Estate Constructions",XT,STK,135,144.85,134.15,141,141,140.35,12,1258,175224,
544347,"CLN ENERGY LIMITED",M,STK,297.45,308,297.45,308,308,297.45,3,1400,429090,
544348,"GB Logistics Commerce Limited",M,STK,35.63,36.34,35.63,35.67,35.67,37.5,6,9600,343152,
544349,"H.M. ELECTRO MECH LIMITED",M,STK,41.5,43.94,41.25,41.48,41.25,43,11,27200,1140624,
544350,"Dr. Agarwal's Health Care Limi",A,STK,417.55,438.4,417.35,428.3,426.45,421.95,428,6947,2956489,
544351,"MALPANI PIPES AND FITTINGS LIM",M,STK,68.13,69.07,68.13,69.07,69.07,71.71,6,9600,660288,
544353,"Amwill Health Care Limited",MT,STK,32.15,33.6,32,33.6,33.6,33.5,7,8400,272100,
544354,"SOLARIUM GREEN ENERGY LIMITED",M,STK,135.05,136.55,132,135.95,136,135.2,72,28200,3799650,
544355,"Jubilant Agri and Consumer Pro",B,STK,1609,1683,1585.05,1616.2,1586.5,1615.8,128,404,653706,
544356,"AJAX Engineering Limited",B,STK,470.2,492,470.2,490.3,489,476.15,341,5295,2575223,
544361,"COVANCE SOFTSOL LIMITED",XT,STK,171.3,171.3,171.3,171.3,171.3,171.3,3,481,82395,
544362,"Hexaware Technologies Limited",A,STK,418.2,418.85,403.95,406.6,409.7,417.05,1169,27301,11167121,
544363,"UNION MUTUAL FUND",E,STK,152,152,151.5,151.5,151.5,150.13,41,1950,295824,
544364,"Indef Manufacturing Limited",B,STK,237,244.85,234.4,235.15,235.05,237.4,64,1859,441444,
544367,"QUALITY POWER ELECTRICAL EQUIP",B,STK,796.3,814.7,790,809.5,813,796.2,885,18112,14553615,
544368,"Swasth Foodtech India Limited",M,STK,17.99,17.99,16.1,16.2,16.2,16.99,8,9600,157872,
544369,"Beezaasan Explotech Limited",M,STK,203,203,199.05,199.05,199.05,197.65,8,6400,1282760,
544370,"NUKLEUS OFFICE SOLUTIONS LIMIT",M,STK,193.9,193.9,193.9,193.9,193.9,193.9,2,1200,232680,
544371,"VIKRAM AROMA LIMITED",X,STK,58,63.47,58,58.12,58.11,60.3,66,3527,204990,
544372,"SHREENATH PAPER PRODUCTS LIMIT",M,STK,10.9,11,10.9,11,11,10.65,7,21000,229800,
544374,"ROADSTAR INFRA INVESTMENT TRUS",IF,STK,65,65,65,65,65,65,3,75000,4875000,
544375,"360 ONE Mutual Fund",E,STK,150.75,152.47,150.55,150.81,150.55,149.83,59,1662,251766,
544376,"Mirae Asset Mutual Fund",B,STK,39.69,39.69,39.69,39.69,39.69,39.31,1,275,10914,
544377,"Mirae Asset Mutual Fund",B,STK,12.4,12.46,12.4,12.46,12.46,12.4,4,14,173,
544379,"Prabha Energy Limited",B,STK,152.8,155,147.95,151,151,147.15,146,7914,1198013,
544380,"ICICI Prudential Mutual Fund",F,STK,1053.72,1053.72,1053.72,1053.72,1053.72,1053.58,1,949,999980,
544381,"Super Iron Foundry Limited",M,STK,33.71,37,33.7,36.09,36.09,35.3,30,43200,1546944,
544382,"Axis Mutual Fund",B,STK,31.58,31.96,31.5,31.96,31.96,31.88,26,5787,183332,
544383,"PARADEEP PARIVAHAN LIMITED",M,STK,150.95,152,150,152,152,145.4,4,4800,724740,
544384,"Zerodha Mutual Fund",E,STK,25.55,25.96,25.45,25.57,25.57,24.81,778,258121,6618699,
544385,"SBI Mutual Fund",B,STK,50,50,48.8,49.36,49.35,49.54,27,2243,110770,
544386,"Spectrum Electrical Industries",B,STK,1499,1555,1372.35,1450,1450,1532,16,113,174691,
544387,"Desco Infratech Limited",M,STK,130.15,133.9,130,131.9,131.5,135,34,25500,3367925,
544388,"Identixweb Limited",M,STK,90.51,96.5,90.51,96.5,96.5,97,5,52000,4995980,
544389,"360 ONE Mutual Fund",E,STK,248.56,251.61,245.77,247.33,248,240,135,2735,679929,
544390,"Siemens Energy India Limited",B,STK,2785.8,2818,2730.8,2771,2775,2784,1179,8070,22242018,
544392,"SPINAROO COMMERCIAL LIMITED",MT,STK,61.37,66.75,61.37,66.75,66.75,64.59,3,6000,378980,
544393,"INFONATIVE SOLUTIONS LIMITED",M,STK,26.9,27.9,26.9,27.9,27.9,27.78,4,62400,1681280,
544394,"ICICI Prudential Mutual Fund",B,STK,28.45,29.51,27.36,28.02,28.29,28.32,134,5846,161522,
544395,"STL Networks Limited",B,STK,18.4,18.7,18.25,18.34,18.34,18.57,205,97512,1798386,
544396,"Network People Services Techno",B,STK,874.95,949.5,874.95,937.15,930,879.35,377,3373,3129783,
544397,"Ather Energy Limited",B,STK,725,729.5,706.45,723.9,728.85,712.85,2159,106429,76365714,
544399,"SRIGEE DLM LIMITED",M,STK,70,71.5,67.2,70.83,70,70.07,15,33600,2321988,
544400,"Manoj Jewellers Limited",M,STK,42.16,42.49,42,42,42,44.1,7,18000,757960,
544401,"Mirae Asset Mutual Fund",B,STK,311.17,311.17,311.17,311.17,311.17,307.54,1,15,4667,
544402,"JASH ENGINEERING LIMITED",B,STK,369,374.3,364.35,372.3,372.3,366.15,195,4106,1522102,
544403,"Aditya Birla Lifestyle Brands",B,STK,96.1,97.45,94.4,97.05,97.05,95.75,2017,287457,27338604,
544404,"BORANA WEAVES LIMITED",T,STK,361.25,378.35,361.25,373.8,378.35,375.15,31,1433,526375,
544405,"BELRISE INDUSTRIES LIMITED",B,STK,176.55,180.9,173.6,176.7,176.7,174.65,3924,541668,94915185,
544406,"UNIFIED DATA TECH SOLUTIONS LI",M,STK,318.45,318.95,310.75,316.3,316,311.6,27,12800,4044440,
544407,"AEGIS VOPAK TERMINALS LIMITED",B,STK,189,194.55,189,191.9,191.35,188.9,525,20045,3843828,
544408,"Leela Palaces Hotels & Resorts",B,STK,412.55,419.75,403.9,407.65,407,415.2,462,7708,3173342,
544409,"ASTONEA LABS LIMITED",M,STK,154.95,154.95,154.95,154.95,154.95,151.2,1,1000,154950,
544410,"PROSTARM INFO SYSTEMS LIMITED",B,STK,128.65,129.8,123.1,126.2,126.2,124.05,461,25094,3174469,
544411,"Scoda Tubes Limited",B,STK,117,123.55,116.7,120.75,121,117,114,29700,3553827,
544412,"3B FILMS LIMITED",M,STK,18.2,18.2,18.2,18.2,18.2,18.2,2,6000,109200,
544413,"Digitide Solutions Limited",B,STK,77.58,77.61,75.16,75.51,75.51,77.57,475,24409,1857338,
544414,"Bluspring Enterprises Limited",B,STK,46,46.21,45,45.89,45.7,46.06,309,22306,1017381,
544416,"KRISHIVAL FOODS LIMITED",B,STK,318.55,320.2,315,315.9,315.8,314.6,36,370,117389,
544417,"Aten Papers & Foam Limited",M,STK,17.05,18.98,17,18.01,18.01,17.05,22,36000,651168,
544418,"Oswal Pumps Limited",B,STK,295,307.15,289.85,303.3,303.3,292.05,1507,89589,26925034,
544419,"ArisInfra Solutions Limited",B,STK,105.8,105.8,101.8,102.3,102.3,103.95,365,33797,3484544,
544420,"Raymond Realty Limited",B,STK,354,411.2,352.15,389.55,389.55,357.85,1251,44325,16712740,
544421,"ELLENBARRIE INDUSTRIAL GASES L",B,STK,180.95,199,175.05,195.65,195.65,180.95,2597,156691,30665254,
544422,"Abram Food Limited",M,STK,59,68.01,59,64.7,64.7,70,6,7200,467280,
544423,"Kalpataru Limited",B,STK,308,325.25,295.45,297.45,297.5,295.7,786,20540,6356254,
544424,"GLOBE CIVIL PROJECTS LIMITED",B,STK,44,44,42.52,42.7,42.82,43.09,175,8601,369200,
544425,"AJC Jewel Manufacturers Limite",MT,STK,103.95,103.95,98.8,103.7,103.7,104,8,9600,962460,
544426,"Icon Facilitators Limited",M,STK,58,58.5,56,56.57,57.4,58.3,14,22800,1298760,
544427,"ICICI Prudential Mutual Fund",B,STK,9.61,9.69,9.6,9.68,9.68,9.64,26,6260,60198,
544428,"SUPERTECH EV LIMITED",MT,STK,44.25,46.3,44.25,45.5,45.5,46,15,18000,809004,
544429,"HDB FINANCIAL SERVICES LIMITED",B,STK,642.25,645.25,640,644.45,644.45,642.2,4796,58084,37336401,
544430,"SAMBHV STEEL TUBES LIMITED",B,STK,88.25,88.72,86.76,88.11,88.11,87.21,504,55964,4914227,
544431,"Ace Alpha Tech Limited",M,STK,90.05,90.05,90.05,90.05,90.05,90.05,2,2000,180100,
544432,"Indogulf Cropsciences Limited",B,STK,59.05,59.93,57.01,57.76,58.08,59.73,283,22173,1298020,
544433,"Valencia India Limited",M,STK,13.8,14,13.26,14,14,13.75,19,24000,328284,
544434,"Neetu Yoshi Limited",M,STK,83.26,85.97,81.55,85.16,85,83.36,34,29600,2481640,
544435,"ADCOUNTY MEDIA INDIA LIMITED",M,STK,102.1,102.1,100.5,101.35,101.25,102.1,26,44800,4536480,
544436,"VANDAN FOODS LIMITED",M,STK,35.2,35.2,33.9,33.9,33.9,35.43,6,7200,248292,
544437,"MARC LOIRE FASHIONS LIMITED",MT,STK,57.55,57.55,57.55,57.55,57.55,60.57,2,2400,138120,
544438,"Mirae Asset Mutual Fund",B,STK,11.08,11.25,11.08,11.25,11.25,10.94,14,5799,64707,
544439,"CRIZAC LIMITED",B,STK,193.1,206.5,193.1,205.75,206,197.85,548,14245,2871168,
544440,"CRYOGENIC OGS LIMITED",M,STK,172,172,171,171.05,171.05,172.3,3,2250,385537,
544441,"META INFOTECH LIMITED",M,STK,78.3,79.8,77.12,78.04,78.04,79.25,57,128000,10059928,
544442,"Chemkart India Limited",M,STK,100,100.04,98.55,99.39,98.55,103.73,25,22200,2205816,
544443,"TRAVEL FOOD SERVICES LIMITED",B,STK,1151,1165.45,1123,1131.35,1130,1156.5,272,3361,3872979,
544444,"Glen Industries Limited",M,STK,60.5,62,59.84,60.12,60.1,59.53,34,76800,4672236,
544445,"ASSTON PHARMACEUTICALS LIMITED",M,STK,74,74,74,74,74,77,1,2000,148000,
544446,"Advent Hotels International Li",B,STK,158,160.3,147.65,148.8,148.8,159.2,413,24870,3794816,
544447,"SMARTWORKS COWORKING SPACES LI",B,STK,388.8,395.5,385.25,390.3,391.35,388,102,1679,659779,
544448,"Pashupati Cotspin Limited",B,STK,1010.05,1025,980,986.55,986.55,990.5,121,242,241156,
544449,"Anthem Biosciences Limited",B,STK,649,650.05,631.85,635.4,640,642.95,307,4134,2633229,
544450,"CHEMBOND CHEMICALS  LIMITED",B,STK,129,129,125.75,125.8,125.8,125.5,4,1199,154354,
544451,"MONIKA ALCOBEV LIMITED",M,STK,240,245,240,240.15,240.15,239.3,17,59600,14385420,
544452,"Swastika Castal Limited",M,STK,53,55.1,50.1,52,54,51,8,24000,1242800,
544453,"Monarch Surveyors and Engineer",M,STK,195.6,199.8,195.05,196,196,193.8,7,4200,823830,
544454,"INDIQUBE SPACES LIMITED",B,STK,142.7,143.95,137.35,138.25,140,142.05,304,6167,869472,
544455,"GNG Electronics Limited",B,STK,371.95,385.9,366.65,376.25,378,368.35,710,11296,4269706,
544456,"R M DRIP AND SPRINKLERS SYSTEM",B,STK,36.08,39.86,36.08,37.07,37.07,37.97,11572,2772507,103816296,
544457,"Brigade Hotel Ventures Limited",B,STK,58.3,59.27,57.97,58.81,58.86,58.11,94,12940,755419,
544458,"SHREE REFRIGERATIONS LIMITED",M,STK,176.05,187.85,175.5,185.1,187,175.35,149,89500,16507000,
544459,"SHANTI GOLD INTERNATIONAL LIMI",B,STK,181,184.9,180,181.1,180.05,182.15,240,10748,1955334,
544460,"PATEL CHEM SPECIALITIES LIMITE",M,STK,67.5,67.9,67,67,67,67.16,6,24000,1620656,
544461,"Euro Panel Products Limited",B,STK,150.1,154.55,145,148.5,148.5,150,10,86,12636,
544463,"REPONO LIMITED",M,STK,58,58,57.4,57.4,57.4,54.85,2,6000,346560,
544465,"LAXMI INDIA FINANCE LIMITED",B,STK,79,81.3,79,80.68,81.3,79.48,143,6317,505967,
544466,"Aditya Infotech Limited",B,STK,1575,1642.2,1575,1612.4,1612.4,1589.35,1430,11317,18332781,
544467,"National Securities Depository",B,STK,866,869.85,855.5,858.25,858.25,857.25,14565,358259,308742521,
544468,"B. D. Industries (Pune) Limite",M,STK,102,102,100,100,100,107.5,2,2400,242400,
544469,"Sri Lotus Developers and Realt",B,STK,118.75,121.15,117.55,119.9,120.7,118.2,825,68280,8149234,
544470,"M & B ENGINEERING LIMITED",B,STK,282,291.1,280,280.7,281.9,286.95,243,7191,2069465,
544471,"TAKYON NETWORKS LIMITED",M,STK,29.5,29.5,28.02,28.12,28.12,29.5,5,78000,2256500,
544472,"MEHUL COLOURS LIMITED",M,STK,63.5,66,63.5,66,66,68,4,8000,521440,
544473,"Groww Mutual Fund",B,STK,10.39,10.51,10.35,10.46,10.44,10.39,140,514236,5360861,
544474,"BLT Logistics Limited",M,STK,29.05,30.5,28.15,30.5,30.5,29,7,27200,775440,
544475,"ESSEX MARINE LIMITED",M,STK,29,29.49,27.8,28.3,28,28.98,15,34000,971720,
544476,"Jeena Sikho Lifecare Limited",B,STK,575,601.1,575,595.35,595.35,588.2,484,11920,7050145,
544477,"Highway Infrastructure Limited",B,STK,49.71,50.23,48.29,48.48,49,49.16,209,15335,750875,
544479,"ALL TIME PLASTICS LIMITED",B,STK,200.7,208.25,199.4,206.5,205.55,203.15,91,2665,541209,
544480,"JSW CEMENT LIMITED",B,STK,117,117.8,115.75,116.5,116.5,116.45,1743,157358,18318166,
544481,"KNOWLEDGE REALTY TRUST",IF,STK,116.7,116.7,112.56,115.93,115.25,115.2,341,24097,2764061,
544482,"STAR IMAGING AND PATH LAB LIMI",M,STK,58,61.54,56,56,56,56.98,34,36000,2103530,
544483,"ICODEX PUBLISHING SOLUTIONS LI",M,STK,36.75,38.5,34,35.26,38.15,38.09,20,27600,1001028,
544484,"BlueStone Jewellery and Lifest",B,STK,514,561.5,510,535.2,535.2,513.3,784,38890,20564933,
544485,"REGAAL RESOURCES LIMITED",B,STK,78,82.83,75.11,75.67,75.67,81.55,1987,219825,17175968,
544486,"Zerodha Mutual Fund",F,STK,30,30,30,30,30,29.98,1,500,15000,
544487,"PATEL RETAIL LIMITED",B,STK,163.55,168.25,163.2,165,164.5,162.8,107,3015,501573,
544488,"Vikram Solar Limited",B,STK,184,186.6,180.45,185.25,185.5,182.55,1712,119537,22009595,
544489,"LGT Business Connextions Limit",M,STK,54.02,54.02,51.32,51.32,51.32,54.02,4,4800,249576,
544490,"Shreeji Shipping Global Limite",B,STK,358.75,367.5,351,364.95,363.75,351.45,435,13910,4977540,
544491,"Gem Aromatics Limited",T,STK,171.95,175,166,166.55,166,168.9,129,7771,1320845,
544492,"MANGAL ELECTRICAL INDUSTRIES L",B,STK,232,233.1,229,230.05,229.55,231.75,122,2533,584555,
544493,"Nippon India Mutual Fund",B,STK,147,148.89,145.28,147.53,147.53,146.91,24,726,106298,
544494,"Globtier Infotech limited",M,STK,21.51,21.51,20.15,21.3,21.3,21.51,11,22400,465536,
544495,"NIS MANAGEMENT LIMITED",M,STK,48,50.75,47,47.5,48.5,49.78,26,123600,6111456,
544496,"Vikran Engineering Limited",B,STK,60.55,60.97,59.54,60.14,60.55,60.28,941,129694,7783254,
544497,"ANLON HEALTHCARE LIMITED",B,STK,116.7,118,114.8,115.95,116.1,115.65,121,5779,674376,
544498,"OVAL PROJECTS ENGINEERING LIMI",M,STK,47.5,47.5,47.5,47.5,47.5,45.25,1,1600,76000,
544499,"Career Point Edutech Limited",B,STK,171.9,174,166.95,171.95,166.95,168.1,39,476,81826,
544501,"SUGS LLOYD LIMITED",M,STK,103,103,98.15,99.5,99.5,104.53,26,39000,3947230,
544502,"Amanta Healthcare Limited",B,STK,95.75,98.95,94.2,94.55,94.5,97.95,113,3310,317948,
544503,"Rachit Prints Limited",MT,STK,103,107.9,103,103.05,103,107.8,7,10000,1044600,
544504,"GOEL CONSTRUCTION COMPANY LIMI",M,STK,281,282,275,279.95,279.95,284.1,20,17600,4886380,
544505,"AUSTERE SYSTEMS LIMITED",M,STK,47.35,47.35,47.35,47.35,47.35,46,1,50000,2367500,
544506,"SHARVAYA METALS LIMITED",M,STK,115,115,109,109,109,116,19,34800,3924240,
544507,"Zerodha Mutual Fund",B,STK,9.2,9.24,8.91,9.05,9.24,9.01,242,83195,748796,
544508,"VASHISHTHA LUXURY FASHION LIMI",M,STK,62.4,62.4,60,60.99,60.99,62.5,3,3600,220068,
544509,"Krupalu Metals Limited",M,STK,30.8,30.8,29.75,29.85,29.85,30.8,11,28800,861200,
544510,"NILACHAL CARBO METALICKS LIMIT",M,STK,76,76,72,74,74,75,11,17600,1291520,
544512,"SHRINGAR HOUSE OF MANGALSUTRA",B,STK,190,190,185,186,186,187.35,475,15985,2984452,
544513,"Dev Accelerator Limited",B,STK,36.35,36.44,35.16,35.52,35.82,36.18,117,104642,3773040,
544515,"Urban Company Limited",B,STK,112.15,114.9,107.3,109.85,109.85,113.35,17431,45424605,4994860072,
544516,"AIRFLOA RAIL TECHNOLOGY LIMITE",M,STK,279.9,279.9,270.8,271.35,270.8,271.5,29,29000,7921600,
544517,"Shankara Buildpro Limited",B,STK,925,971.15,915.75,950.25,944.5,918,279,3281,3102385,
544518,"L. T. ELEVATOR LIMITED",MT,STK,173.95,175,173.45,175,175,171.25,8,12800,2232640,
544519,"EURO PRATIK SALES LIMITED",B,STK,232.9,239.55,224.85,226.5,227,234.45,156,4308,994943,
544520,"SAMPAT ALUMINIUM LIMITED",M,STK,48,49.99,47.8,49.98,49.98,48.1,6,7200,354192,
544521,"VMS TMT LIMITED",B,STK,39.3,44.9,39,42.16,43,38.91,224,24558,1041715,
544522,"A B Cotspin India Limited",B,STK,399.7,413.85,398,401.45,401.45,390.55,102,7363,2984023,
544523,"IVALUE INFOSOLUTIONS LIMITED",B,STK,225.9,228.5,224.95,228.25,228.5,226.4,40,1665,376269,
544524,"JD CABLES LIMITED",M,STK,171,178.9,169.95,175.55,176,165.5,40,477600,82081240,
544525,"GK ENERGY LIMITED",B,STK,107.55,107.7,101.25,105.6,104.9,102.6,444,24327,2531432,
544526,"Saatvik Green Energy Limited",B,STK,341.05,351.65,341.05,346.05,346.3,347.65,240,10550,3657615,
544527,"Atlanta Electricals Limited",B,STK,999,1039.9,979.95,1032.3,1029,978.25,502,5212,5236109,
544528,"Ganesh Consumer Products Limit",B,STK,158.85,163.2,157,157.8,157,157.65,187,8938,1434434,
544529,"Aptus Pharma Limited",MT,STK,364,364,329.4,329.4,329.4,346.7,12,24000,8118000,
544530,"ANAND RATHI SHARE AND STOCK BR",B,STK,471,477.25,465.7,474.2,472.5,465.6,419,10498,4960071,
544531,"TRUE COLORS LIMITED",M,STK,125.7,131,125.7,126.9,126.9,129.6,32,35400,4498620,
544532,"Solarworld Energy Solutions Li",B,STK,156.55,160.95,152.4,157.55,157.4,153.75,315,11501,1817230,
544533,"Seshaasai Technologies Limited",B,STK,255,255,245.85,249.5,249.5,250.95,206,8595,2141947,
544534,"Jaro Institute of Technology M",B,STK,475,493.9,466.3,470.7,470.7,462.6,1499,48722,23527600,
544535,"BHARATROHAN AIRBORNE INNOVATIO",M,STK,140,140,133,133.75,133,140,6,9600,1306400,
544536,"Wealth First Portfolio Manager",B,STK,890,890,890,890,890,890,2,30,26700,
544537,"Jain Resource Recycling Limite",B,STK,424,430.9,418.2,427.1,427.1,425,1909,69302,29372792,
544538,"PRARUH TECHNOLOGIES LIMITED",M,STK,49.5,49.5,49,49.25,49,50.5,2,4000,197000,
544539,"Solvex Edibles Limited",M,STK,18.14,18.14,18.14,18.14,18.14,19.09,4,6400,116096,
544540,"Epack Prefab Technologies Limi",B,STK,158.1,158.4,151.7,152.4,153.1,157.05,470,46596,7269288,
544541,"SYSTEMATIC INDUSTRIES LIMITED",M,STK,151,151,146.15,147.25,148,148.6,19,45000,6699270,
544542,"Justo Realfintech Limited",M,STK,99.9,100,95,95.8,98,98,16,21000,2059000,
544543,"BMW VENTURES LIMITED",B,STK,60.9,60.9,59.31,59.68,59.66,60.02,96,11896,711870,
544544,"TELGE PROJECTS LIMITED",M,STK,94.05,96,77.05,91.36,96,96,5,6000,548160,
544545,"TRUALT BIOENERGY LIMITED",B,STK,380,390,362.9,384.85,384.85,374.8,1142,215216,81231445,
544546,"Chatterbox Technologies Limite",M,STK,52,54,50,51,51,52.06,11,16800,859080,
544547,"Jinkushal Industries Limited",B,STK,51.96,51.96,50.25,51.4,51.9,51.41,133,6228,318361,
544548,"GUJARAT PEANUT AND AGRI PRODUC",M,STK,77.01,77.01,77,77,77,80.04,3,22400,1724816,
544550,"Pace Digitek Limited",B,STK,168.65,172.35,163.15,167.25,166.25,163.65,591,24901,4195603,
544551,"BHAVIK ENTERPRISES LIMITED",M,STK,154,154,148,148,148,148,5,32000,4816950,
544552,"RUKMANI DEVI GARG AGRO IMPEX L",MT,STK,114,114,114,114,114,112.55,3,4800,547200,
544553,"M P K STEELS (I) LIMITED",M,STK,133.95,133.95,128,128,128,129,2,3200,419120,
544554,"KVS Castings Limited",M,STK,54.5,54.5,54.5,54.5,54.5,55,1,2000,109000,
544557,"Glottis Limited",B,STK,43.99,44.25,42.85,43.43,43.43,43.69,163,8610,372254,
544558,"Fabtech Technologies Limited",B,STK,140,142.1,136.35,137.65,137.4,138.1,87,2351,328074,
544559,"OM METALLOGIC LIMITED",M,STK,15.14,15.14,15.14,15.14,15.14,14.91,1,1600,24224,
544560,"SODHANI CAPITAL LIMITED",M,STK,66,67,66,67,67,62.55,5,14000,929800,
544561,"Chiraharit Limited",M,STK,6.6,6.7,6.6,6.64,6.64,6.55,4,30000,199440,
544562,"Advance Agrolife Limited",B,STK,101,103.5,98.05,98.95,99,101.65,248,22755,2273210,
544563,"Zelio E Mobility Limited",MT,STK,312,330,303.6,316,316,319.55,54,91000,28218650,
544564,"Om Freight Forwarders Limited",B,STK,72.39,72.89,70.58,72.4,72.41,71.62,64,2054,147591,
544565,"Valplast Technologies Limited",M,STK,43.03,43.03,43.03,43.03,43.03,43.03,1,40000,1721200,
544566,"Sunsky Logistics Limited",M,STK,70.75,70.75,70.75,70.75,70.75,72.99,4,15000,1061250,
544568,"DSM Fresh Foods Limited",M,STK,105.6,109.65,105,106.8,106.95,101.9,29,34800,3715080,
544569,"Tata Motors Limited",B,STK,445.9,446.5,430.05,441.8,441.8,437.75,28310,997350,437208741,
544570,"WeWork India Management Limite",B,STK,464.15,470.05,457.15,459.95,460.5,455,192,1761,816411,
544571,"NSB BPO Solutions Limited",M,STK,67.2,67.2,66,66,66,67.8,3,3000,199200,
544572,"SKF INDIA (INDUSTRIAL) LIMITED",B,STK,2217.55,2275,2180,2226.5,2180,2218.7,112,533,1190953,
544574,"Tata Capital Limited",A,STK,308.65,312.35,307.2,310.7,310.7,309.1,3964,86374,26825056,
544575,"Mittal Sections Limited",M,STK,32.49,32.49,30.1,31.89,31.9,30.99,14,33000,1012840,
544576,"LG Electronics India Limited",B,STK,1546.05,1583,1544,1563.55,1570,1540.3,2640,27473,42983963,
544578,"RUBICON RESEARCH LIMITED",B,STK,745.05,767,745.05,752.2,749,749.75,760,8177,6175111,
544579,"Anantam Highways Trust",IF,STK,102.96,102.96,102.06,102.06,102.06,102.95,6,505,51545,
544580,"Canara Robeco Asset Management",B,STK,232.5,236.65,232.5,234.15,234.15,232.15,560,17449,4097664,
544581,"DSP Mutual Fund",B,STK,9.2,9.27,9.18,9.24,9.25,9.26,32,6005,55304,
544582,"SHLOKKA DYES LIMITED",M,STK,24.5,24.8,24.5,24.5,24.5,24,5,9600,235860,
544583,"Canara HSBC Life Insurance Com",B,STK,145.2,148.95,144.6,147.7,147.65,145.2,1232,29536,4322747,
544584,"SK Minerals & Additives Limite",M,STK,127,131,110.1,116.25,116.25,116.25,14,19000,2334050,
544585,"SIHORA INDUSTRIES LIMITED",M,STK,51,51,51,51,51,51,1,2000,102000,
544586,"Zerodha Mutual Fund",B,STK,9.54,9.54,9.29,9.41,9.41,9.31,329,119462,1116258,
544587,"Midwest Limited",B,STK,1180,1241.95,1173.1,1232.1,1219.2,1178.4,216,1651,2008638,
544594,"GAME CHANGERS TEXFAB LIMITED",M,STK,112,115,110.25,110.25,110.25,109.5,8,42000,4646460,
544595,"Orkla India Limited",B,STK,548.55,560,545.55,554.6,554.6,548.25,307,7481,4129366,
544596,"Safecure Services Limited",M,STK,30.5,32.99,27.12,31.54,32.99,32.9,10,13200,407292,
544597,"Piramal Finance Limited",B,STK,1789.1,1814.4,1756.7,1766.7,1766.7,1799.05,1555,18894,33501370,
544598,"Accuracy Shipping Limited",B,STK,4.2,4.2,3.8,4.11,4.13,3.83,31,4052,16353,
544599,"Studds Accessories Limited",B,STK,520,520,506.5,509.7,508.4,509.05,61,1005,512016,
544600,"Lenskart Solutions Limited",B,STK,497.9,508.9,496.55,502.1,502.1,497.1,2427,1388745,694640723,
544601,"Choice Mutual Fund",E,STK,153.2,154.66,153.1,153.11,153.11,152.6,18,363,56082,
544603,"Billionbrains Garage Ventures",B,STK,159.9,161.5,157.3,161.05,161.05,157.95,4613,697070,111287986,
544604,"Mirae Asset Mutual Fund",B,STK,35.89,36.21,35.76,36.07,36.13,35.86,112,24918,895153,
544605,"Mirae Asset Mutual Fund",B,STK,15.15,15.15,14.76,14.91,14.93,14.84,158,207730,3097433,
544606,"Pine Labs Limited",B,STK,165.2,165.2,160.25,161.05,162,163.05,835,29925,4846463,
544607,"SHINING TOOLS LIMITED",M,STK,48.1,48.1,48.1,48.1,48.1,50.5,2,2400,115440,
544608,"Emmvee Photovoltaic Power Limi",B,STK,214.2,219.65,209.45,216.7,216.7,209.95,2443,131570,28269388,
544609,"Physicswallah Limited",B,STK,84.2,85,79.5,80.48,80.48,83.96,2608,325920,26687633,
544610,"WORKMATES CORE2CLOUD SOLUTION",M,STK,322.25,322.25,309.6,309.6,309.6,322.25,19,11400,3569190,
544611,"MAHAMAYA LIFESCIENCES LIMITED",MT,STK,150.85,155.9,141.2,144,144,148.5,24,28800,4292100,
544612,"Tenneco Clean Air India Limite",B,STK,533,536.3,522.85,526.5,529.35,527.75,917,11606,6134583,
544613,"Fujiyama Power Systems Limited",B,STK,186.95,190.5,183.15,186.25,186.8,181.7,352,23921,4472405,
544614,"Capillary Technologies India L",B,STK,515.2,516.7,503.1,508.1,506.3,515.9,223,1659,849469,
544615,"KSR Footwear Limited",T,STK,37.1,37.1,35.68,35.68,35.68,36.4,11,916,33544,
544616,"Gallard Steel Limited",M,STK,137.95,139,137.95,139,139,135,3,3000,415900,
544617,"Excelsoft Technologies Limited",B,STK,77.01,77.42,75,75.59,76.13,76.84,314,23973,1825609,
544619,"Sudeep Pharma Limited",B,STK,601.3,608.5,597,602,605.8,596.35,223,79608,47925500,
544621,"SSMD AGROTECH INDIA LIMITED",M,STK,40.66,47,40.66,45.56,47,41.07,36,42000,1838590,
544622,"Kwality Walls (India) Limited",B,STK,24.51,24.92,24.12,24.3,24.3,24.05,1414,459090,11212930,
544624,"K K SILK MILLS LIMITED",M,STK,10.59,11.11,10.59,11.03,11.11,10.59,7,21000,229290,
544625,"Logiciel Solutions Limited",M,STK,31.45,32.55,31.45,32.55,32.55,31,11,7200,232326,
544626,"EXATO TECHNOLOGIES LIMITED",M,STK,355.95,365,342,362.3,365,349,23,24000,8577800,
544627,"PURPLE WAVE INFOCOM LIMITED",M,STK,114,114,111.2,111.2,111.2,113.95,3,3000,339200,
544628,"Astron Multigrain Limited",M,STK,17.38,18.18,17.1,17.71,17.7,17.46,8,16000,281300,
544629,"Ravelcare Limited",M,STK,141.55,145.7,140,142,141.4,148,30,31000,4430550,
544630,"HELLOJI HOLIDAYS LIMITED",M,STK,119,126.5,114,126.5,126.5,127,6,21600,2519940,
544631,"CREATIVE NEWTECH LIMITED",B,STK,618.2,621.1,592.4,597.95,607.65,619.55,25,145,87786,
544632,"Meesho Limited",B,STK,133.95,148.35,133.3,145.9,145.9,134.9,7111,1151842,166859252,
544633,"VIDYA WIRES LIMITED",B,STK,53.25,55,53.02,53.93,53.93,53.14,527,79654,4305159,
544634,"Aequs Limited",B,STK,119.95,123.05,115.95,121.7,121.7,115.05,2315,125732,15111051,
544635,"Luxury Time Limited",M,STK,57.9,60,57.81,60,60,60.85,35,121600,7043920,
544637,"Methodhub Software Limited",M,STK,106.8,107.45,103.55,104.8,104.8,104.75,48,80400,8507160,
544638,"Bandhan Mutual Fund",E,STK,155,155.99,154.11,154.19,154.51,153.26,32,340,52663,
544639,"Bandhan Mutual Fund",E,STK,252.95,257.09,251.48,252.47,253.61,245.14,101,1921,489051,
544640,"Riddhi Display Equipments Limi",M,STK,31.25,32.8,31.25,32.28,32.8,31.05,3,3600,116220,
544641,"K. V. TOYS INDIA LIMITED",M,STK,221,221,213,214.2,214.2,215,9,6000,1290870,
544642,"Wakefit Innovations Limited",B,STK,156.25,158.2,150.75,157.55,157.55,156.25,604,16087,2492790,
544644,"Corona Remedies Limited",B,STK,1558.9,1570,1544.05,1564.4,1566.5,1552.35,91,372,579688,
544645,"PARK MEDI WORLD LIMITED",B,STK,185.4,196,185.05,194.2,195.5,185.35,1231,55133,10545286,
544646,"Shipwaves Online Limited",M,STK,3.99,3.99,3.99,3.99,3.99,3.8,7,70000,279300,
544647,"Nephrocare Health Services Lim",B,STK,532.2,535,509.65,514.35,517.55,527.6,811,8090,4215021,
544648,"UNISEM AGRITECH LIMITED",M,STK,60.09,60.09,60.09,60.09,60.09,60,1,2000,120180,
544654,"DSP Mutual Fund",B,STK,14.82,14.94,14.82,14.94,14.94,14.82,9,448,6663,
544655,"DSP Mutual Fund",B,STK,20.33,20.43,20.28,20.36,20.28,20.26,8,2693,54835,
544656,"HRS ALUGLAZE LIMITED",MT,STK,257.05,262.9,257.05,260.95,259,256.1,17,45600,11758200,
544657,"Pajson Agro India Limited",MT,STK,190,190,187.75,188.9,187.75,197.6,2,2400,453300,
544658,"ICICI Prudential Asset Managem",A,STK,2888.4,2999,2826,2971.05,2971.05,2888.4,5587,449664,1306195807,
544659,"STANBIK AGRO LIMITED",M,STK,33.01,33.01,33,33,33,33,2,8000,264040,
544660,"Mirae Asset Mutual Fund",B,STK,8.51,8.57,8.51,8.56,8.56,8.51,11,7144,60960,
544661,"Mirae Asset Mutual Fund",B,STK,34.42,34.73,34.26,34.73,34.73,34.52,22,244,8400,
544662,"SIMANDHAR IMPEX LIMITED",XT,STK,115.75,120.95,115.75,116,120.95,121.8,16,251,29183,
544663,"NEPTUNE LOGITEK LIMITED",M,STK,41.67,42,41,41.73,41.7,41.67,9,10000,416360,
544664,"KSH INTERNATIONAL LIMITED",B,STK,405.95,415,398.95,409.45,402.2,406.3,1064,26320,10755885,
544665,"Global Ocean Logistics India L",MT,STK,107.4,107.4,107.35,107.35,107.35,113,6,9600,1030640,
544666,"GUJARAT KIDNEY AND SUPER SPECI",B,STK,106.6,107.55,103.65,104.65,105,105.95,502,8521,900231,
544667,"Dachepalli Publishers Limited",M,STK,53.65,57.01,53.65,57.01,57.01,53.41,8,114000,6316224,
544668,"NANTA TECH LIMITED",M,STK,270,270,270,270,270,271.9,2,2400,648000,
544669,"ADMACH SYSTEMS LIMITED",M,STK,196.1,203,196.1,203,203,199.35,3,1800,357120,
544670,"BAI-KAKAJI POLYMERS LIMITED",M,STK,174.9,177,174.9,177,177,171.5,5,4200,737160,
544671,"APOLLO TECHNO INDUSTRIES LIMIT",M,STK,92,92,91.5,92,92,92.1,5,5000,459500,
544672,"The Wealth Company Mutual Fund",E,STK,154,154,154,154,154,151.15,1,10,1540,
544673,"MODERN DIAGNOSTIC & RESEARCH C",M,STK,66.6,66.6,66.4,66.53,66.6,64,5,8000,532320,
544674,"DSP Mutual Fund",B,STK,64.5,64.5,64.5,64.5,64.5,64.68,11,19991,1289419,
544675,"Gabion Technologies India Limi",M,STK,51,51,51,51,51,49.95,1,1600,81600,
544676,"YAJUR FIBRES LIMITED",M,STK,45,45.96,45,45.16,45.01,43.66,25,40000,1808288,
544677,"Defrail Technologies Limited",M,STK,86.8,86.8,86.8,86.8,86.8,89,1,1600,138880,
544678,"BHARAT COKING COAL LIMITED",B,STK,34.65,34.92,34.08,34.2,34.2,34.59,4362,1595571,54810915,
544679,"Amagi Media Labs Limited",B,STK,367.15,367.15,351.6,356.9,352,361.6,310,3620,1296455,
544680,"Narmadesh Brass Industries Lim",M,STK,168.15,170,168.15,170,170,168,7,1680,283416,
544681,"INDO SMC Limited",M,STK,149,149,145.2,147,147,146.7,11,11000,1615450,
544683,"Aritas Vinyl Limited",M,STK,17.8,17.8,16.15,16.89,16.89,16.98,12,36000,610830,
544684,"DIGILOGIC SYSTEMS LIMITED",M,STK,88.99,91,85,86.8,87,88.25,25,33600,2923788,
544685,"SHADOWFAX TECHNOLOGIES LIMITED",B,STK,108,112.15,106.65,111.7,110.9,108.95,1143,70963,7856363,
544686,"SHAYONA ENGINEERING LIMITED",M,STK,136,136.45,136,136.45,136.45,133.3,5,5000,680800,
544687,"Hannah Joseph Hospital Limited",M,STK,60.1,60.15,57.02,57.43,57.36,58.61,9,22000,1272380,
544693,"KANISHK ALUMINIUM INDIA LIMITE",M,STK,29.35,30.8,29.35,30.73,30.8,30.88,6,11200,341840,
544694,"Accretion Nutraveda Limited",M,STK,190,200,190,200,200,197,6,6000,1177000,
544695,"Msafe Equipments Limited",M,STK,111,114.7,108,112,112,109.75,35,55000,6045050,
544699,"Aye Finance Limited",B,STK,100.3,102.6,97.45,102.15,101,100.55,946,43705,4360316,
544700,"Fractal Analytics Limited",B,STK,766.95,799.9,765.6,796.4,796.4,765.8,1932,33849,26564740,
544701,"Mirae Asset Mutual Fund",B,STK,18.18,18.23,18.14,18.16,18.16,18.14,14,4296,78133,
544702,"DCM SHRIRAM INTERNATIONAL LIMI",B,STK,70.1,84.27,70.1,84.27,84.27,70.23,2295,137297,11153855,
544703,"DCM SHRIRAM FINE CHEMICALS LIM",B,STK,22.5,24.99,22.5,22.82,22.65,22.29,554,35687,824336,
544704,"Mirae Asset Mutual Fund",B,STK,10.72,10.79,10.68,10.79,10.79,10.69,7,956,10283,
544705,"Mirae Asset Mutual Fund",B,STK,66.21,66.21,64.79,65.65,65.64,64.6,88,3089,201989,
544707,"Fractal Industries Limited",M,STK,206,211,206,208,208,204,5,3000,623400,
544708,"Yashhtej Industries (India) Li",M,STK,36.56,36.56,36.56,36.56,36.56,38.48,144,242400,8862144,
544709,"Gaudium IVF and Women Health L",B,STK,81,88.12,79.5,85.19,84.89,81.76,2387,236800,20060920,
544710,"ACCORD TRANSFORMER & SWITCHGEA",M,STK,47.7,47.7,45,46,46,46.11,43,129000,5940930,
544711,"KIAASA RETAIL LIMITED",M,STK,66.45,66.45,66.45,66.45,66.45,73.8,9,10000,664500,
544716,"SHREE RAM TWISTEX LIMITED",B,STK,52.05,52.35,48,48.45,48.45,51.2,965,73628,3666785,
544717,"Clean Max Enviro Energy Soluti",B,STK,870,901.1,860.15,891.85,891.85,861.65,1607,20092,17781569,
544718,"PNGS Reva Diamond Jewellery Li",B,STK,366.05,375,362,365.75,364.3,367.75,1039,28227,10412657,
544719,"Aditya Birla Sun Life Mutual F",B,STK,164.8,168,164.56,164.56,164.56,167.19,5,37,6127,
544720,"Omnitech Engineering Limited",B,STK,219.05,220.1,213.7,218.35,216.7,219.35,1453,72221,15706391,
544721,"Groww Mutual Fund",B,STK,45.05,45.8,45.05,45.71,45.64,44.98,27,5073,230823,
544722,"SBI Mutual Fund",B,STK,56.73,57.85,56.73,57.46,57.46,56.77,8,266,15238,
544723,"SEDEMAC MECHATRONICS LIMITED",B,STK,1479.05,1524.55,1459.55,1503.75,1503.75,1473.85,2460,33024,49320779,
544724,"Elfin Agro India Limited",MT,STK,47.9,48.2,47.89,48.05,48.2,48,7,24000,1151340,
544725,"DSP Mutual Fund",B,STK,16.38,16.55,16.38,16.55,16.55,16.22,33,438,7185,
544726,"Kotyark Industries Limited",B,STK,351.65,355.95,340.45,346.6,348,347.65,34,487,169642,
555555,"ICICI Prudential BSE Sensex ET",A,STK,884.84,884.84,858.48,872.69,873.2,863.26,290,1227,1061755,
570002,"Future Enterprises Limited",Z,STK,2.8,2.89,2.63,2.87,2.87,2.76,8,215,597,
570004,"JAIN IRRIGATION SYSTEMS LTD.",B,STK,20.89,21.45,20.53,20.89,20.89,20.89,41,1728,36388,
570005,"GACM Technologies Limited - DV",B,STK,0.44,0.44,0.41,0.43,0.42,0.43,44,39173,16761,
590003,"KARUR VYSYA BANK LTD.",B,STK,288.35,288.35,280.65,284.3,284.3,284.5,2351,57120,16216563,
590005,"VEEDOL CORPORATION LIMITED",B,STK,1306.9,1313.2,1297.5,1307.65,1313.05,1305.85,132,884,1152804,
590006,"AMRUTANJAN HEALTH CARE LTD.",B,STK,538,538,514.1,520.35,514.1,528.05,639,2342,1217549,
590013,"XPRO INDIA LTD.",B,STK,827.75,860.15,826.1,844.55,844.55,827.7,190,1777,1487952,
590018,"HISAR METAL INDUSTRIES LTD.",B,STK,149,149,144,146.45,146.45,151.3,7,204,29388,
590021,"BHARAT RASAYAN LTD.",B,STK,1283.5,1347.05,1265.5,1301.1,1302,1277.2,256,1449,1880925,
590024,"FERTILIZERS & CHEMICALS TRAVAN",B,STK,814.25,849,785.05,811.55,811,806.7,3366,97018,80090316,
590025,"GINNI FILAMENTS LTD.",B,STK,36.27,36.27,35.1,35.15,35.1,35.13,37,1874,66281,
590030,"SOUTHERN PETROCHEMICALS LTD.",B,STK,61.8,61.8,59.68,60.7,60.44,59.95,360,35717,2149896,
590031,"DE NORA INDIA LTD.",B,STK,705,736.35,701.85,718.2,718.2,708.35,143,638,459070,
590041,"Kavveri Defence &amp; Wireless",T,STK,57.59,59.89,55.25,56.85,57.75,57.81,254,29494,1673370,
590051,"SAKSOFT LTD.",B,STK,122,122,116.45,116.75,117.15,121.9,809,30949,3661401,
590056,"SALONA COTSPIN LTD.",B,STK,287.65,287.65,257.6,265,265,271.95,5,15,4000,
590057,"EQUIPPP SOCIAL IMPACT TECHNOLO",T,STK,17.21,18.39,17.21,18.39,18.39,17.52,34,26779,492241,
590062,"ANDHRA SUGARS LTD.",B,STK,69.75,70.51,69,69.98,69.98,69.58,73,3752,261215,
590065,"INDIA MOTOR PARTS & ACCESSORIE",B,STK,1000.05,1047.6,977.05,1004.7,984.3,1000.05,107,1155,1144711,
590066,K.C.P.LTD.,B,STK,140.25,145,138.55,142.15,141.95,140.75,325,95359,13604101,
590068,"KHAITAN (INDIA) LTD.",B,STK,96.51,96.53,93.93,96.5,96.53,97.1,9,52,4992,
590070,"RADAAN MEDIAWORKS (I) LTD.",B,STK,2.7,2.85,2.63,2.65,2.85,2.68,23,4178,11096,
590071,"SUNDARAM FINANCE LTD.",B,STK,5075,5075,4907.5,5018.8,4992.75,5073.65,404,1442,7169300,
590072,"SUNDARAM BRAKE LININGS LTD.",B,STK,550,550,530,534.9,530,546,59,807,440294,
590073,"WHEELS INDIA LTD.",B,STK,923.5,972.3,920,956.45,956.3,921.05,817,9566,9047319,
590075,"LAMBODHARA TEXTILES LTD.",B,STK,89.55,91.45,88.05,91.35,91.35,89.15,15,429,38978,
590078,"MAITHAN ALLOYS LTD.",B,STK,910,924.1,899.75,916.6,920.6,898.3,256,1832,1669278,
590086,"ORISSA MINERALS DEVELOPMENT CO",B,STK,3514,3586.15,3510,3530.8,3530,3507.3,159,691,2445398,
590095,"NIPPON INDIA ETF GOLD BEES",E,STK,130.34,130.34,127.92,128.24,128.24,127.17,6603,879119,112923633,
590096,"NIPPON INDIA ETF LIQUID BEES",F,STK,1000,1000.01,999.99,1000.01,1000.01,1000,1703,1002789,1002789607,
590097,"KOTAK MAHINDRA MUTUAL FUND - K",E,STK,125.04,130.19,125.04,129.52,129.52,128.25,703,39954,5171629,
590098,"SBI MUTUAL FUND - SBI GOLD EXC",E,STK,134.32,134.32,131.91,132.09,132.25,131.05,1503,147675,19542831,
590099,"QUANTUM GOLD FUND - EXCHANGE T",E,STK,130.3,130.3,128.2,128.46,128.45,127.35,227,11580,1490603,
590101,"UTI MUTUAL FUND - UTI GOLD EXC",E,STK,132.82,132.82,130,130.3,130.1,129.59,254,19760,2579187,
590103,"NIPPON INDIA ETF NIFTY BEES",B,STK,266.6,267.7,264.72,267.15,267.15,265.13,3347,288080,76718625,
590104,"NIPPON INDIA ETF JUNIOR BEES",B,STK,698.5,701.85,685.52,700.45,701.06,693.69,1155,26987,18819764,
590106,"NIPPON INDIA ETF BANK BEES",B,STK,557.7,567.9,557.7,566.73,566.89,562.23,1266,44774,25226286,
590107,"KOTAK MAHINDRA MUTUAL FUND - K",B,STK,865.82,874.49,844.03,855.49,873.55,853.17,262,2208,1883043,
590108,"NIPPON INDIA ETF PSU BANK BEES",B,STK,96.66,97.24,94,96.57,95.61,95.23,1108,172492,16556050,
590109,"NIPPON INDIA ETF SHARIAH BEES",B,STK,461,461,446.41,455.89,458.82,448.95,132,541,243417,
590110,"Quantum Nifty 50 ETF",B,STK,256,258.4,256,258,258,253.2,12,340,87633,
590113,"NIPPON INDIA ETF HANG SENG BEE",E,STK,509.42,509.42,496.44,501.25,503.6,497,364,4591,2293780,
590115,"MOTILAL OSWAL MUTUAL FUND",B,STK,243.48,246.2,243.48,245.14,244.3,244.38,20,64,15689,
590134,"Madras Fertilizer Limited",B,STK,61.9,63.81,61.9,62.25,62.25,62.05,109,4638,291595,
590136,"Kotak Mahindra Mutual Fund - P",B,STK,56.34,56.82,55.96,56.73,56.79,56.34,226,20442,1151279,
590137,"SBI Mutual Fund-Permitted",B,STK,556.49,562.99,554.01,560.25,559.86,556.89,328,2116,1179252,
590138,"SBI Mutual Fund-Permitted",B,STK,251.9,252.7,249.58,251.94,252.7,250.75,988,86845,21782384,
590139,"Kotak Mahindra Mutual Fund - P",B,STK,1095.58,1095.58,1095.56,1095.56,1095.56,1095.42,27,72187,79085210,
590140,"Tata Mutual Fund - Permitted",E,STK,14.54,15.38,14.54,15.03,15.03,14.92,4496,2821975,42478095,
590141,"Nippon India Mutual Fund - Per",B,STK,32.5,32.5,31.27,31.69,31.69,31.99,1093,437128,13833823,
590142,"Nippon India Mutual Fund - Per",B,STK,23.7,23.7,23.07,23.28,23.28,23.13,464,68779,1601043,
590143,"Nippon India Mutual Fund - Per",F,STK,29.41,29.44,29.39,29.41,29.42,29.41,54,49281,1448884,
590144,"Nippon India Mutual Fund - Per",B,STK,211.5,211.5,207.05,209.57,210.41,207.99,360,47707,9976897,
590145,"Nippon India Mutual Fund - Per",E,STK,240.5,245,239.5,240.97,240.97,233.32,8901,1436152,347564348,
590146,"Motilal Oswal Mutual Fund-Perm",E,STK,153.64,156.6,152.21,153,152.8,152.62,67,4814,739971,
590147,"Motilal Oswal Mutual Fund-Perm",E,STK,249.54,252,247.6,247.89,247.91,242.32,72,1406,349538,
590148,"Motilal Oswal Mutual Fund-Perm",B,STK,15.01,15.09,14.83,14.92,15.01,14.88,193,62782,937725,
590149,"Motilal Oswal Mutual Fund-Perm",B,STK,43.82,46.12,43.82,46.04,46.12,44.95,177,66081,3021914,
590150,"Motilal Oswal Mutual Fund-Perm",B,STK,70,71.65,69.7,71.41,71.29,69.79,97,5587,393230,
590151,"Motilal Oswal Mutual Fund-Perm",B,STK,48.19,48.42,47.33,48.32,48.42,47.53,179,17833,856084,
590152,"Motilal Oswal Mutual Fund-Perm",B,STK,87.72,88.14,86.38,87.97,88.05,86.43,784,79482,6930065,
590153,"Motilal Oswal Mutual Fund-Perm",B,STK,22.29,22.5,21.91,22.1,22.5,21.95,209,87876,1934008,
590154,"Kotak Mahindra Mutual Fund - P",B,STK,44.95,45.59,44.95,45.52,45.47,44.79,188,14860,673784,
717506,"TVS Motor Company Ltd.",F,STK,10.11,10.2,10.11,10.13,10.13,10.12,464,2908880,29503226,
751095,"HealthCare Global Enterprises",R,STK,31,31.2,22.67,26.52,26.52,29.57,80,4598,118479,
751096,"Enbee Trade & Finance Ltd.",R,STK,0.14,0.14,0.14,0.14,0.14,0.22,350,3690528,516673,
751098,"NEXOME CAPITAL MARKETS LIMITED",R,STK,0.61,0.85,0.37,0.85,0.85,0.61,57,38112,32186,
800148,"8.26% CENTRAL GOVT 2027",G,STK,106.9,106.9,106.9,106.9,106.9,104.3,1,5,534,
800157,832GOI2032,G,STK,108.05,108.05,108.05,108.05,108.05,109.4,1,1,108,
800164,824GOI2027,G,STK,104.55,104.55,104.55,104.55,104.55,102,1,1,104,
800266,679GOI2027,G,STK,102.25,102.25,102.25,102.25,102.25,104,2,1000,102250,
800290,"SOVEREIGN GOLD BOND 2019 SERIE",G,STK,15126,15126,15126,15126,15126,15615.03,1,6,90756,
800291,"SOVEREIGN GOLD BOND 2019 SERIE",G,STK,15621.4,15656.4,15621.4,15656.4,15656.4,15491,11,11,171870,
800297,"SOVEREIGN GOLD BOND 2019-20 SE",G,STK,15385,15385,15301.1,15301.1,15301.1,15310.33,13,205,3143470,
800301,"Sovereign Gold Bonds 2019-20 S",G,STK,15351,15351,15273.25,15331,15331,15377.51,5,33,506039,
800312,"Sovereign Gold Bonds 2019-20 S",G,STK,15380,15380,15311,15311,15311,15700,3,14,214630,
800318,"Sovereign Gold Bonds 2020-21 S",G,STK,15212.01,15425,15211,15340.2,15340,15369.09,8,24,366575,
800320,"Sovereign Gold Bonds 2020-21 S",G,STK,15399,15432,15399,15432,15432,15350.05,6,6,92451,
800322,"Sovereign Gold Bonds 2020-21 S",G,STK,15488.99,15488.99,15320,15322.09,15322,15336,15,68,1044762,
800324,"Sovereign Gold Bond 2020-21 IV",G,STK,15301,15344.89,15221,15342.21,15318.1,15367,13,16,245191,
800325,"Sovereign Gold Bonds 2020-21 V",G,STK,15350,15405,15350,15351,15351,15348.79,17,23,353118,
800327,"Sovereign Gold Bonds 2020-21 S",G,STK,15378,15483,15300,15301.99,15300,15341.01,22,51,783992,
800328,"Sovereign Gold Bonds 2020-21 S",G,STK,15330,15330,15320.76,15329.17,15320.76,15320.76,4,118,1808842,
800329,"Sovereign Gold Bonds 2020-21 S",G,STK,15375,15399.99,15315,15399.99,15399.99,15400,7,19,291496,
800331,"SGB 2020-21 Series IX",G,STK,15381,15401.05,15380,15401,15401,15334.8,7,24,369583,
800332,"Sovereign Gold Bonds 2021-21 S",G,STK,15354,15419,15320,15320.14,15320,15350.33,10,34,521919,
800333,"SGB 2020-21 SERIES XI",G,STK,15401,15401,15400,15400,15400,15334.67,4,13,200202,
800334,676GOI2061,G,STK,93.1,93.1,91.3,91.3,91.3,90.9,35,12002,1104684,
800339,"SGB 2020-21 Series XII",G,STK,15421,15421,15380,15380,15380,15311,3,3,46201,
800340,"SGB 2021-22 Series I",G,STK,15440,15490,15300,15316.65,15330,15360.82,32,84,1289858,
800341,"SGB 2021-22 Series II",G,STK,15356,15449,15300,15304.56,15300,15356,18,114,1748532,
800342,"Sovereign Gold Bonds 2021-22",G,STK,15350,15355,15300,15320,15320,15343.14,21,348,5338339,
800367,"Sovereign Gold Bond Series IV",G,STK,15310,15399,15310,15399,15399,15703.03,3,4,61503,
800385,"Sovereign Gold Bonds 2021-22 S",G,STK,15425,15560,15405,15448,15448,15425,13,18,278836,
800386,"Sovereign Gold Bonds 2021-22 S",G,STK,15408,15443.99,15306,15348.12,15307,15402.02,58,324,4986687,
800428,GS15JUN29C,G,STK,75,75,75,75,75,73.3,1,1,75,
800434,"Sovereign Gold Bonds 2021-22 S",G,STK,15536.89,15540,15536.89,15540,15540,15500,3,23,357403,
800436,695GOI2061,G,STK,95.7,95.7,95.5,95.5,95.5,95.7,3,1305,124828,
800437,"Sovereign Gold Bonds 2021-22 S",G,STK,15561.98,15561.98,15403,15403,15403,15401,5,15,232288,
800438,"Soveriegn Gold Bonds 2021-22 S",G,STK,15426,15520,15400,15500,15500,15699,26,116,1797182,
800439,"Sovereign Gold Bonds 2021-22 S",G,STK,15518.4,15675,15518.4,15675,15675,15855,9,17,264763,
800441,754GOI2036,G,STK,107.65,107.65,107.05,107.05,107.05,107.75,14,40845,4383098,
800488,"Sovereign Gold Bonds 2022-23 S",G,STK,15622.66,15670,15461,15493.16,15461,15622.66,39,52,809866,
800573,"Soverign Gold Bond 2022-23 Sr",G,STK,15600,15703.12,15568.02,15703.12,15703.12,15523,7,21,327914,
800575,"Sovereign Gold Bond 2022-23 Sr",G,STK,15999.22,15999.22,15616,15653.18,15616,15609,21,30,470201,
800580,"Sovereign Gold Bonds 2023-24 S",G,STK,15511.01,15941.96,15511.01,15750,15750,15755.16,43,92,1448440,
800588,725GOI2063,G,STK,98.52,98.52,98.52,98.52,98.52,98.26,1,100,9852,
800596,"Sovereign Gold Bonds 2023-24 S",G,STK,15651.01,15850,15650.01,15850,15850,15646.5,27,68,1072746,
800603,"Sovereign Gold Bonds 2023-24 S",G,STK,15271.15,15913,15235.86,15890.56,15913,15662.72,82,272,4294542,
800605,"Sovereign Gold Bonds 2023-24 S",G,STK,15920,16200,15920,16098.49,16091,15910.32,102,340,5456555,
800607,734GOI2064,G,STK,100.2,100.2,100.2,100.2,100.2,100.4,3,1200,120240,
800626,GS15APR36C,G,STK,47.52,47.52,47.52,47.52,47.52,47.05,1,506100,24049872,
800655,723GS2039,G,STK,104,104,104,104,104,102.7,1,2500,260000,
800679,GS22APR36C,G,STK,47.46,47.46,47.46,47.46,47.46,46.82,2,3046100,144567906,
800797,GS22SEP33,G,STK,96,96,96,96,96,95.63,2,200,19200,
800807,709GOI74,G,STK,96.99,96.99,96.3,96.3,96.3,96.11,2,110,10599,
805163,91TB090426,G,STK,99.24,99.24,99.24,99.24,99.24,99.55,1,100,9924,
805169,91TB230426,G,STK,99.2,99.2,99.2,99.2,99.2,98.65,1,100,9920,
805172,91TB300426,G,STK,99,99,99,99,99,99,1,2000,198000,
810922,765GUJSDL33,G,STK,100,100,100,100,100,101,1,5,500,
811012,739TNSDL32,G,STK,83,83,83,83,83,83,5,280,23240,
890197,"Yarn Syndicate Ltd.",X,STK,1.05,1.18,0.86,1.06,1.17,1.04,55,190370,198342,
890202,"SOLARA ACTIVE PHARMA SCIENCES",B,STK,279.85,279.85,279.85,279.85,279.85,270,2,5,1399,
890217,"Aplab Ltd.",X,STK,62.3,62.3,58,58.85,58.85,59.44,11,314,18263,
890221,"Spandana Sphoorty Financial Li",B,STK,103,103,97.6,98.25,98.25,103.75,118,1833,183300,
890225,"ECO HOTELS AND RESORTS LIMITED",X,STK,6,6,5.96,5.96,5.96,5.5,3,107,637,
890228,"Allcargo Terminals Limited",B,STK,8.79,9.2,7.86,7.95,8,8.14,64,3213,26161,
890230,"Ace Software Exports ltd.",X,STK,115.55,131.95,103.8,123.05,123,123,26,7337,854658,
890232,"KRISHIVAL FOODS LIMITED",B,STK,107,107,107,107,107,107,2,152,16264,
890233,"PVV Infra Limited",X,STK,1.31,1.31,1.17,1.24,1.19,1.3,130,2186712,2745327,
912254,"ICIC M6-DDB-21/7/2026",F,STK,98000,98000,98000,98000,98000,97990,1,2,196000,
935574,IRFC-7.53%-21-12-30-TAXFREENCD,F,STK,1107,1108.99,1107,1107,1107,1105,8,1519,1681552,
935582,NHAI-7.35%-11-1-31-TAXFREENCD,F,STK,1076.43,1076.43,1076.43,1076.43,1076.43,1150,1,1000,1076430,
935584,NHAI-7.6%-11-1-31-TAXFREENCD,F,STK,1081,1081,1076,1077.06,1077.06,1151.02,22,2766,2978843,
935618,IREDA-7.74%-21-1-31-TAXFREENCD,F,STK,1095.03,1095.03,1095.03,1095.03,1095.03,1098,1,20,21900,
935620,IREDA-7.68%-21-1-36-TAXFREENCD,F,STK,1287.99,1287.99,1287.99,1287.99,1287.99,1200,2,2,2575,
935664,NHAI-7.39%-9-3-31-TAXFREENCD,F,STK,1179.7,1179.7,1179.7,1179.7,1179.7,1122,1,240,283128,
935674,HUDCO-7.69%-15-3-31-TAXFREENCD,F,STK,1100.25,1101.01,1099.21,1101.01,1101.01,1101,23,560,616494,
935682,IRFC-7.64%-22-3-31-NCDS,F,STK,1114.2,1114.2,1114.2,1114.2,1114.2,1118,2,20,22284,
935690,NABARD-7.64%-23-3-31-NCDS,F,STK,1087.1,1087.11,1087,1087.11,1087.11,1085.87,3,509,553284,
935752,MMFSL-9%-6-6-26-NCD,F,STK,1069.5,1069.5,1068,1068,1068,1065,2,6,6409,
935760,MMFSL-6-6-26-NCD,F,STK,2290,2290,2290,2290,2290,2275,2,20,45800,
935858,SCL-8.85%-26-9-26-NCDS,F,STK,1018,1018.3,1018,1018.3,1018.3,1018,2,13,13235,
936048,MMFSL-8.05%-24-07-32-NCD,F,STK,1020,1020,1004,1004.4,1004.4,1082.97,18,866,879075,
936130,ECL-8.88%-22-3-28-NCD,F,STK,983,983,983,983,983,983.11,3,215,211345,
936224,JMFCSL-9.75%-7-6-28-NCD,F,STK,1082,1085,1080.05,1085,1085,1080,8,1194,1293426,
936252,EFL-9.43%-6-8-28-NCD,F,STK,993.6,993.6,993.6,993.6,993.6,991,2,15,14904,
936254,EFL-9.85%-6-8-28-NCD,F,STK,1028.83,1028.83,1028.83,1028.83,1028.83,1034,1,20,20576,
936294,TCAP-9.10%-27-9-28-NCD,F,STK,1073.99,1073.99,1073.99,1073.99,1073.99,1070,1,1,1073,
936320,AHFL-9.35%-29-9-28-NCD,F,STK,1026,1026,1026,1026,1026,1016.5,1,10,10260,
936384,JMFCSL-10.25%-13-12-28-NCD,F,STK,1029,1032,1029,1029.02,1029,1035,10,1400,1440621,
936398,EFL-10.15%-4-1-29-NCD,F,STK,1013.5,1024,1013.5,1015.08,1015,1013.1,5,785,796958,
936412,MMFSL-9.3%-18-1-27-NCD,F,STK,1020,1020,1012.3,1012.45,1012.45,1092.3,16,219,222184,
936416,MMFSL-9.5%-18-1-29-NCD,F,STK,1026.1,1035,1025,1030,1030,1115,9,495,508661,
936528,LTF-9.35%-13-3-29-NCD,F,STK,1055,1055,1055,1055,1055,1150,1,50,52750,
936532,LTF-8.98%-13-3-29-NCD,F,STK,1073,1073,1065,1065,1065,1059.93,3,3,3208,
936574,LTF-9.05%-15-4-27-NCD,F,STK,1094.1,1094.1,1094,1094,1094,1092.5,4,40,43761,
936814,TCAP-8.85%-26-8-29-NCD,F,STK,1189,1189,1189,1189,1189,1339,1,200,237800,
936959,MHFL-ZC-7-9-26-NCD,F,STK,1873.2,1873.2,1873.2,1873.2,1873.2,1889.8,1,16,29971,
936975,ECL-9.95%-28-11-29-NCD,F,STK,990,997,990,995.1,995.1,995,4,290,288072,
937017,LTF-8.65%-23-12-26-NCD,F,STK,1022,1022,1022,1022,1022,1025,2,21,21462,
937345,EFSL-9.53%-8-1-31-NCD,F,STK,994.95,994.95,994.95,994.95,994.95,965.03,1,11,10944,
937377,PFCL-6.83%-22-1-31-NCD,F,STK,921,921,921,921,921,990,1,21,19341,
937385,PFCL-7.15%-22-1-36-NCD,F,STK,990,995.5,990,995.5,995.5,990,9,1254,1245691,
937419,MFL-ZC-29-1-27-NCD,F,STK,1549,1555,1548.5,1555,1555,1522.05,7,464,718741,
937455,IFL-9.6%-24-6-28-NCD,F,STK,993.35,993.99,991.09,991.21,991.21,993.33,7,311,308318,
937461,MFL-II-20-4-26-NCD,F,STK,998,998,998,998,998,998,1,17,16966,
937467,MFL-V-20-4-26-NCD,F,STK,1058.2,1058.2,1058.2,1058.2,1058.2,1070.8,1,45,47619,
937469,MFL-VI-20-4-31-NCD,F,STK,1040,1040,1040,1040,1040,1040,1,100,104000,
937473,MFL-VIII-20-4-26-NCD,F,STK,1400.02,1400.02,1400.02,1400.02,1400.02,1458,1,40,56000,
937497,EFSL-9.55%-29-4-26-NCD,F,STK,1078,1078,1078,1078,1078,1078,1,110,118580,
937621,IHFL-9.60%-3-11-28-NCD,F,STK,995,995,995,995,995,998,1,8,7960,
937631,EFSL-9.15%-10-9-26-NCD,F,STK,995,996,995,995,995,995,5,250,248950,
937637,EFSL-9.30%-10-9-31-NCD,F,STK,976.35,976.35,976.35,976.35,976.35,976.35,1,54,52722,
937707,JMFPL-8.20%-7-10-26-NCD,F,STK,1001,1001,1001,1001,1001,1026.8,1,200,200200,
937721,IIFL-8.42%-14-10-26-NCD,F,STK,984,984,984,984,984,990,1,21,20664,
937743,IML-12%-24-11-26-NCD,F,STK,1030,1030,1030,1030,1030,1030,2,100,103000,
937805,EFSL-9.30%-28-12-31-NCD,F,STK,967.98,967.98,967.98,967.98,967.98,965,1,155,150036,
937825,IHFL-8.20%-3-1-27-NCD,F,STK,986.5,986.5,986.5,986.5,986.5,996,2,3,2959,
937899,MFL-ZC-2-2-30-NCD,F,STK,1389,1389,1389,1389,1389,1375,1,65,90285,
937999,NIDO-9.15%-29-4-27-NCD,F,STK,980.5,980.5,980.5,980.5,980.5,990,1,5,4902,
938011,MFL-II-5-5-27-NCD,F,STK,975.2,975.2,975.2,975.2,975.2,988.2,1,45,43884,
938021,MFL-VI-5-5-32-NCD,F,STK,1003,1003,1003,1003,1003,1003,1,200,200600,
938067,MFL-23-6-27-NCD,F,STK,1010,1010,1010,1010,1010,1010,1,32,32320,
938077,MFL-23-6-27-NCD,F,STK,1282,1291,1282,1291,1291,1281.09,3,115,147540,
938111,NWIL-9.53%-15-7-32-NCD,F,STK,1010,1010,1010,1010,1010,1013,1,8,8080,
938222,NHIT-25-10-35-INVIT,F,STK,315,315,315,315,315,312,1,20,6300,
938284,MFL-7.50%-23-12-27-NCD,F,STK,971,971,971,971,971,980,1,61,59231,
938294,MFL-ZC-23-12-27-NCD,F,STK,1269,1269,1269,1269,1269,1271,1,8,10152,
938320,SCL-9.39%-28-12-27-NCD,F,STK,445,445,445,445,445,385,1,3,1335,
938364,EFSL-9.67%-20-1-28-NCD,F,STK,998,999.7,998,999.66,999.66,998,3,1138,1135807,
938370,EFSL-10%-20-1-33-NCD,F,STK,979,982,978.75,982,982,979,11,2271,2225479,
938382,IIFL-8.65%-25-1-28-NCD,F,STK,987,987,982,982,982,987,7,640,629270,
938384,IIFL-9%-24-1-28-NCD,F,STK,990,990,990,990,990,1000,1,5,4950,
938436,MFL-7.85%-10-4-28-NCD,F,STK,970,970,970,970,970,990,1,20,19400,
938444,MFL-10-4-26-NCD,F,STK,1258,1258,1258,1258,1258,1252.45,2,37,46546,
938518,EFSL-9.20%-27-4-26-NCD,F,STK,997,997,997,997,997,995.54,2,41,40877,
938524,EFSL-9.67%-27-4-28-NCD,F,STK,999.8,999.8,990,999.8,999.8,991.56,11,283,281057,
938530,EFSL-10%-27-4-33-NCD,F,STK,991.8,991.8,991.8,991.8,991.8,991.5,1,10,9918,
938532,EFSL-10.45%-27-4-33-NCD,F,STK,945,1071,945,1071,1071,1060,2,21,19971,
938556,MFL-8%-3-6-26-NCD,F,STK,1063.82,1063.82,1063.82,1063.82,1063.82,1057,1,50,53191,
938562,MFL-3-6-28-NCD,F,STK,1237.32,1248,1237.32,1248,1248,1237.32,2,90,111572,
938568,MFL-8.8%-2-5-28-NCD,F,STK,910.01,990,910.01,975,975,971.1,4,60,56580,
938584,CIFCL-8.30%-4-6-26-NCD,F,STK,1061.5,1061.5,1061.5,1061.5,1061.5,1061.5,1,1,1061,
938588,CIFCL-8.40%-4-5-28-NCD,F,STK,1064,1068,1064,1068,1068,1068,2,80,85320,
938604,SFL-10.25%-8-5-28-NCD,F,STK,993,993,993,993,993,992,1,5,4965,
938608,SFL-08-06-30-NCD,F,STK,1173,1173,1173,1173,1173,1155,2,85,99705,
938630,IIFL-ZC-28-6-26-NCD,F,STK,1236.8,1236.8,1236.8,1236.8,1236.8,1214.8,1,25,30920,
938652,EFSL-9.20%-21-7-26-NCD,F,STK,987,987,987,987,987,992.63,1,50,49350,
938656,EFSL-21-7-26-NCD,F,STK,1260,1260,1260,1260,1260,1260.44,3,4004,5045040,
938664,EFSL-10%-21-7-33-NCD,F,STK,995,995,995,995,995,1000,1,140,139300,
938698,PFC-750%-1-8-26-NCD,F,STK,1040.5,1040.5,1040.5,1040.5,1040.5,1037,1,20,20810,
938702,PFC-7.53%-1-8-33-NCD,F,STK,1030,1040,1030,1040,1040,1026,2,200,207000,
938742,CAGL-9.70%-7-9-28-NCD,F,STK,1024,1024,1024,1024,1024,1018.02,2,15,15360,
938790,MFL-9.05%-20-9-28-NCD,F,STK,995,995,995,995,995,994,3,90,89550,
938850,SCL-10.25%-26-9-33-NCD,F,STK,900,900,900,900,900,900,1,1,900,
938862,KFL-10%-27-9-27-NCD,F,STK,992,992,992,992,992,990,1,34,33728,
938880,MFL-4-10-28-NCD,F,STK,1205,1218.8,1200.2,1218.8,1218.8,1186.2,3,301,363618,
938884,ABCL-9-10-26-NCD,F,STK,1189.49,1189.49,1189.49,1189.49,1189.49,1219.99,1,10,11894,
938898,EFSL-9.20%-26-10-26-NCD,F,STK,993,993,993,993,993,990,1,10,9930,
938902,EFSL-ZC-26-10-26-NCD,F,STK,1225,1225,1216.2,1216.2,1216.2,1225,2,28,34150,
938958,PFL-9.35%-3-11-33-NCD,F,STK,1045,1066.96,1045,1063.99,1062,1050,19,1040,1089913,
939010,IFSL-10.30%-10-11-26-NCD,F,STK,347.31,347.31,347.31,347.31,347.31,346.83,1,83,28826,
939012,IFSL-9.84%-10-11-26-NCD,F,STK,981.87,994,981.87,994,994,1000,10,218,214206,
939044,ICLFL-ZC-14-8-29-NCD,F,STK,1255,1255,1255,1255,1255,1250,2,35,43925,
939054,ISFL-10.03%-21-12-28-NCD,F,STK,975,975,975,975,975,995,1,637,621075,
939056,ISFL-10.50%-21-12-28-NCD,F,STK,921.1,921.1,921.1,921.1,921.1,906,2,19,17500,
939140,SCL-10.25%-27-12-33-NCD,F,STK,975,975,975,975,975,997,1,10,9750,
939164,KFL-10%-17-1-28-NCD,F,STK,995,995,995,995,995,965,1,10,9950,
939182,360OPL-9.26%-18-1-29-NCD,F,STK,1000,1000,1000,1000,1000,1000,2,51,51000,
939202,EFSL-10%-29-1-34-NCD,F,STK,1165,1165,1165,1165,1165,985,2,50,58250,
939206,MFL-8.25%-25-1-27-NCD,F,STK,1001,1001,1001,1001,1001,1001,1,5,5005,
939234,MFL-9.15%-31-1-27-NCD,F,STK,995,995,995,995,995,995,5,368,366160,
939264,IML-11.50%-15-2-29-NCD,F,STK,1029.9,1029.9,980.05,980.05,980.05,1005,3,75,74661,
939311,NHFL-10.75%-1-3-34-NCD,F,STK,1000,1000,1000,1000,1000,922.1,1,5,5000,
939331,NFL-10.40%-13-6-26-NCD,F,STK,1005,1005,1005,1005,1005,1000,2,6,6030,
939411,EFSL-29-4-27-NCD,F,STK,1167.8,1167.8,1167.8,1167.8,1167.8,1155,1,101,117947,
939437,EFSL-10%-29-4-34-NCD,F,STK,981.8,981.8,981.8,981.8,981.8,970.2,1,115,112907,
939449,MFCL-9.55%-30-4-30-NCD,F,STK,991,991,990,990,990,990,4,252,249580,
939451,MFCL-9.25%-30-6-26-NCD,F,STK,1068.2,1068.2,1068.2,1068.2,1068.2,1077.8,1,20,21364,
939471,MOFSL-ZC-9-5-26-NCD,F,STK,1163,1163,1162.8,1163,1163,1158.51,5,290,337230,
939531,SCL-9.25%-31-5-29-NCD,F,STK,925,970,925,970,970,900.35,2,66,62535,
939541,SCL-10.75%-31-5-34-NCD,F,STK,1048,1048,1035,1047.68,1035,1057.9,2,201,210583,
939585,NHFL-10%-3-7-27-NCD,F,STK,1030.2,1030.2,1030.2,1030.2,1030.2,1030.2,1,100,103020,
939617,EFSL-9.57%-26-7-27-NCD,F,STK,984,984,984,984,984,989,12,170,167280,
939623,EFSL-10.04%-26-7-29-NCD,F,STK,1000,1000,1000,1000,1000,1000,1,1,1000,
939629,EFSL-10.5%-26-7-29-NCD,F,STK,1040,1040,1040,1040,1040,1040,1,51,53040,
939711,MML-11.25%-11-9-27-NCD,F,STK,996,996,996,996,996,996,2,11,10956,
939727,AEL-9.65%-12-9-27-NCD,F,STK,1052.5,1052.5,1052,1052,1052,1052,4,69,72613,
939731,AEL-9.56%-12-9-29-NCD,F,STK,1047,1047,1047,1047,1047,1022.96,1,3,3141,
939735,AEL-12-9-29-NCD,F,STK,1145,1145,1145,1145,1145,1145,1,11,12595,
939743,MFCL-9.65%-16-9-30-NCD,F,STK,920,995.8,920,995.8,995.8,990.63,3,200,191580,
939753,MFCL-16-9-26-NCD,F,STK,1133.5,1133.5,1133.5,1133.5,1133.5,1120,1,70,79345,
939803,ICFL-10.50%-25-9-26-NCD,F,STK,1054.8,1054.8,1054.8,1054.8,1054.8,1053.9,1,120,126576,
939807,ICFL-10.30%-25-9-27-NCD,F,STK,955.01,955.01,955.01,955.01,955.01,1100,1,10,9550,
939809,ICFL-10.70%-25-9-27-NCD,F,STK,1050.72,1058,1050.72,1058,1058,1050.72,2,25,26377,
939849,EFSL-10.04%-24-10-29-NCD,F,STK,1005,1005,1005,1005,1005,995.3,1,5,5025,
939851,EFSL-10.50%-24-10-29-NCD,F,STK,1028.8,1028.8,1028.8,1028.8,1028.8,1028.8,1,2,2057,
939855,EFSL-10.50%-24-10-29-NCD,F,STK,999.99,999.99,999.99,999.99,999.99,1008.99,10,89,88999,
939857,EFSL-10.49%-24-10-34-NCD,F,STK,1015,1015,990,990,990,1015,6,46,46622,
939863,MFCL-9%-30-10-26-NCD,F,STK,986,986,986,986,986,999,1,100,98600,
939885,MFL-30-10-30-NCD,F,STK,1095,1095,1095,1095,1095,1100,2,120,131400,
939905,MML-9%-18-1-27-NCD,F,STK,850.2,990,850.2,920.1,990,991,2,20,18402,
939907,MML-18-1-27-NCD,F,STK,1050.1,1050.1,1050.1,1050.1,1050.1,1050.1,2,20,21002,
939979,IHFL-9%-26-12-27-NCD,F,STK,1023.91,1023.91,1023.91,1023.91,1023.91,1022.61,1,74,75769,
940049,NHFL-10.49%-6-1-35-NCD,F,STK,1005,1005,1005,1005,1005,1010,4,350,351750,
940053,MFLIII-9%-10-1-27-NCD,F,STK,992.75,992.8,992.75,992.8,992.8,981.7,4,160,158847,
940067,MFLIII-10.10%-10-1-31-NCD,F,STK,1025,1025,1025,1025,1025,1025,4,79,80975,
940101,EFSL-9.57%-24-1-28-NCD,F,STK,990,990,990,990,990,1000,2,60,59400,
940159,MFLIV-9%-24-2-27-NCD,F,STK,991.2,991.2,991.2,991.2,991.2,990,2,30,29736,
940165,MFLIV-9.65%-24-2-31-NCD,F,STK,1005,1005,1005,1005,1005,1003.8,2,60,60300,
940227,PCL-13%-20-3-30-NCD,F,STK,980,999.99,980,997.14,990,990.01,10,862,845959,
940233,NHFL-3-4-27-NCD,F,STK,1048.2,1048.2,1048.2,1048.2,1048.2,1063.8,1,3,3144,
940235,NHFL-9.58%-3-4-28-NCD,F,STK,989,989,973,973,973,989,4,128,125664,
940283,MML-10.75%-20-04-28-NCD,F,STK,989,989,989,989,989,989,2,450,445050,
940319,SMCGSL-24-04-27-NCD,F,STK,1037.01,1066,1037.01,1065,1065,1065.1,4,90,95298,
940323,SMCGSL-24-04-28-NCD,F,STK,1060,1060,1060,1060,1060,1060,1,52,55120,
940325,SMCGSL-10.03%-24-04-30-NCD,F,STK,1002.98,1002.99,1002.98,1002.99,1002.99,992,4,17,17050,
940339,EFSL-10.04%-30-04-30-NCD,F,STK,1000,1000,1000,1000,1000,1000,1,20,20000,
940377,ICLFL-16-05-28-NCD,F,STK,1008,1008,1008,1008,1008,860.1,4,100,100800,
940385,MFL-9%-19-5-27-NCD,F,STK,990,990,990,990,990,990,1,1,990,
940391,MFL-9.55%-19-5-31-NCD,F,STK,999,999,999,999,999,999,2,130,129870,
940395,MFL-9.65%-19-5-28-NCD,F,STK,1050.8,1050.8,1050.8,1050.8,1050.8,1050.8,2,10,10508,
940421,CCIL-19-4-31-NCD,F,STK,945,945,945,945,945,940,1,1,945,
940423,NHFL-9.25%-02-07-27-NCD,F,STK,1032.2,1032.2,1032.2,1032.2,1032.2,1032.2,1,6,6193,
940425,NHFL-02-07-27-NCD,F,STK,1038,1038,1038,1038,1038,1039.8,1,345,358110,
940427,NHFL-9.57%-02-07-28-NCD,F,STK,985,985,985,985,985,975.1,1,10,9850,
940435,NHFL-10.30%-02-07-30-NCD,F,STK,1031.5,1031.5,1031.5,1031.5,1031.5,1030,1,100,103150,
940437,NHFL-02-07-30-NCD,F,STK,1039,1040,1039,1040,1040,960,2,8,8315,
940453,MFCL-9.45%-16-7-28-NCD,F,STK,1024.22,1024.22,1024.22,1024.22,1024.22,1024.22,1,3,3072,
940457,MFCL-9.80%-16-7-31-NCD,F,STK,1035,1036,1034,1034,1034,1035,8,450,465900,
940459,MFCL-16-7-27-NCD,F,STK,1029.2,1029.2,1029.2,1029.2,1029.2,1029.2,1,7,7204,
940473,AEL-9.15%-17-07-28-NCD,F,STK,1059.8,1059.8,1059.8,1059.8,1059.8,1057,1,5,5299,
940479,AEL-9.30%-17-07-30-NCD,F,STK,1062.1,1070,1062.1,1070,1070,1062,14,1712,1827805,
940485,KFL-10%-23-7-28-NCD,F,STK,1000,1000,1000,1000,1000,1020,3,35,35000,
940489,EFSL-9%-24-7-27-NCD,F,STK,1027.8,1027.8,1027.8,1027.8,1027.8,1027,2,20,20556,
940501,EFSL-9.35%-24-7-28-NCD,F,STK,979,985,970.2,979.45,985,979,9,246,242153,
940505,EFSL-9.75%-24-7-28-NCD,F,STK,1025,1025,1025,1025,1025,1024,2,50,51250,
940509,EFSL-9.80%-24-7-30-NCD,F,STK,996,996,996,996,996,995,1,10,9960,
940515,EFSLD-10.25%-24-7-30-NCD,F,STK,1029,1029,1029,1029,1029,1022.2,1,21,21609,
940519,EFSL-10.50%-24-7-35-NCD,F,STK,1023,1023,1023,1023,1023,1021.1,1,10,10230,
940527,KAFL-9.85%-27-1-27-NCD,F,STK,980,980,980,980,980,980,1,10,9800,
940547,MML-10.25%-30-7-28-NCD,F,STK,995,995,995,995,995,996.99,1,10,9950,
940551,MML-29-10-31-NCD,F,STK,1090,1090,1060,1070.13,1060,1060,2,151,161590,
940559,SCL-8.65%-01-08-27-NCD,F,STK,975,975,975,975,975,980,6,10,9750,
940607,IFL-12%-20-8-30-NCD,F,STK,997,998.94,974,998.94,998.94,974,3,19,18760,
940609,IFL-20-9-26-NCD,F,STK,1027,1027,1027,1027,1027,1027,1,50,51350,
940619,IFL-20-6-31-NCD,F,STK,881,881,871.02,871.02,871.02,881,7,66,57737,
940635,MML-9%-28-2-27-NCD,F,STK,971,980,963.4,969.88,963.4,970,16,235,227894,
940643,MML-10.5%-29-8-30-NCD,F,STK,1008.88,1008.88,1008.88,1008.88,1008.88,1008.66,1,24,24213,
940649,NHFL-9.35%-10-09-28-NCD,F,STK,983,983,983,983,983,983,4,79,77657,
940651,NHFL-9.75%-10-09-28-NCD,F,STK,1011,1011,1011,1011,1011,1010.2,1,50,50550,
940655,NHFL-9.80%-10-09-30-NCD,F,STK,985,985,982,982,982,943,5,139,136522,
940661,NHFL-10.03%-10-09-35-NCD,F,STK,950,950.12,950,950.11,950.11,990,3,130,123511,
940671,EFSL-9.50%-7-10-28-NCD,F,STK,996.8,996.8,996.8,996.8,996.8,1007.8,1,25,24920,
940675,EFSL-9.58%-7-10-30-NCD,F,STK,983,983,983,983,983,983,1,16,15728,
940689,CGCL-8.55%-13-4-27-NCD,F,STK,951.11,970,951.11,970,970,993.7,3,250,238722,
940705,IML-9.75%-30-10-27-NCD,F,STK,980.34,980.34,980.34,980.34,980.34,987.13,1,10,9803,
940715,IML-30-10-31-NCD,F,STK,980,981.01,980,981.01,981.01,982.72,4,59,57845,
940723,SGSL-30-10-28-NCD,F,STK,971.1,971.1,971.1,971.1,971.1,985,1,2,1942,
940731,KFL-9.50%-09-11-08-NCD,F,STK,985,985,985,985,985,960.1,1,1,985,
940743,KFL-09-11-32-NCD,F,STK,970,970,970,970,970,980,2,57,55290,
940745,CCIL-10.50%-11-5-27-NCD,F,STK,970,987.88,961,961,961,989,5,200,195734,
940749,CCIL-11.30%-10-11-28-NCD,F,STK,999,999,999,999,999,992,1,4,3996,
940751,CCIL-12%-9-11-30-NCD,F,STK,993,993,993,993,993,970,1,10,9930,
940757,CCIL-10-9-31-NCD,F,STK,917.99,918,917.99,918,918,881.06,3,30,27539,
940759,ICLFL-10.50%-02-01-27-NCD,F,STK,981,981,981,981,981,968.62,1,7,6867,
940777,ICLFL-02-10-31-NCD,F,STK,869.9,869.9,850,850,850,850,5,96,83271,
940795,EFSL-9.67-12-12-35-NCD,F,STK,974.75,974.75,974.75,974.75,974.75,974.75,1,20,19495,
940799,KAFL-9.50%-19-1-27-NCD,F,STK,966.25,966.25,966.25,966.25,966.25,978,1,138,133342,
940819,MML-23-1-27-NCD,F,STK,1000,1000,995,995,995,1000,10,61,60770,
940835,MML-19-3-32-NCD,F,STK,1020,1020,1020,1020,1020,990.78,4,32,32640,
940837,PCL-12.5%-29-12-28-NCD,F,STK,995,995,985,988,988,995,7,31,30605,
940841,PCL-13%-29-12-30-NCD,F,STK,1005,1009.99,992,996,996,990,11,131,131310,
940849,AEL-8.75%-12-1-29-NCD,F,STK,1009,1009,1002.05,1002.05,1002.05,1030,2,6,6040,
940853,AEL-8.62%-12-1-31-NCD,F,STK,1112,1112,1112,1112,1112,1021,1,400,444800,
940855,AEL-8.90%-12-1-31-NCD,F,STK,1005,1007,1005,1006,1006,1008,5,65,65390,
940859,MFL-8.37%-12-2-28-NCD,F,STK,980,980,965.41,965.41,965.41,963.16,6,175,170489,
940872,MFL-9.1%-12-2-32-NCD,F,STK,964.32,976.99,957.01,971.98,971.98,984,9,110,106211,
940874,MFL-12-2-28-NCD,F,STK,941,960,941,950,950,975,5,12,11360,
940878,MFL-12-2-31-NCD,F,STK,940,940,940,940,940,940,1,10,9400,
940886,KFL-9%-19-2-29-NCD,F,STK,929,930,929,929,929,929,4,8,7434,
940894,KFL-10%-19-2-31-NCD,F,STK,1008,1009,990.6,996.67,1000,999,8,121,120459,
940898,ICLFL-10%-23-03-27-NCD,F,STK,960,960,950,960,960,945,25,338,322480,
940902,ICLFL-11%-23-02-29--NCD,F,STK,989.99,989.99,989.99,989.99,989.99,990,1,1,989,
940906,ICLFL-ZC-23-03-27-NCD,F,STK,955,970,955,970,970,955.06,7,90,86649,
940915,ICLFL-23-02-32-NCD,F,STK,940,950,940,950,950,940,2,10,9410,
940933,IIFL-8.37%-6-3-28-NCD,F,STK,980.5,980.5,961.2,964.71,961.2,956,30,352,340943,
940937,IIFL-8.65%-6-3-31-NCD,F,STK,994.5,994.5,994.5,994.5,994.5,990,9,50,49725,
940939,IIFL-8.70%-6-3-28-NCD,F,STK,992.16,992.16,992.16,992.16,992.16,972.99,1,35,34725,
940943,IIFL-9%-06-03-31-NCD,F,STK,990,990,962,962,962,0,2,220,217240,
940955,PCL-13%-16-3-31-NCD,F,STK,1048,1048,950,1025,1025,0,30,151,145952,
953148,JSFBL-13.8%-07-07-27-PVT,F,STK,234500,234500,234500,234500,234500,237000,1,1,234500,
960121,MTNL-7.05%-11-10-30-PVT,F,STK,1005154.36,1005154.36,1005154.36,1005154.36,1005154.36,985587,2,47,47242254,
961728,830NHAI27,F,STK,1059,1059,1059,1059,1059,1059,2,25,26475,
961753,736IIFCL28,F,STK,1040,1040,1040,1040,1040,1044,1,38,39520,
961754,740IIFCL33,F,STK,1125,1126.2,1120,1126.2,1126.2,1128,7,1013,1138177,
961779,871REC28,F,STK,1096,1096,1096,1096,1096,1097,1,100,109600,
961780,862REC33,F,STK,1225,1225,1225,1225,1225,1279.85,2,102,124950,
961791,879NHPC28,F,STK,1082,1139,1081,1139,1139,1160,3,63,68287,
961792,892NHPC33,F,STK,1255.27,1255.27,1255.27,1255.27,1255.27,1295,1,1,1255,
961797,850IIFCL33,F,STK,1250,1250,1250,1250,1250,1250,1,100,125000,
961804,892PFC33,F,STK,1235,1235,1235,1235,1235,1230,2,105,129675,
961816,901HUDCO34,F,STK,1240,1240,1235,1235.06,1235,1237,6,1000,1235067,
961825,NHAI-8.5%-5-2-29-NCD,F,STK,1100,1100,1080.52,1080.56,1080.52,1090,5,850,920423,
961826,NHAI-8.75%-5-2-29-NCD,F,STK,1095,1095,1089,1089,1089,1088.24,14,450,491283,
961839,IREDA-8.80%-13-03-29-BOND,F,STK,1113.5,1113.5,1113.5,1113.5,1113.5,1095,1,1,1113,
961851,KPL-9%-25-3-29-TFBOND,F,STK,1082.03,1082.06,1078.8,1079.7,1078.8,1081.52,19,1344,1453460,
961853,KPL-9%-25-3-34-TFBOND,F,STK,1162.6,1162.6,1162.6,1162.6,1162.6,1162,1,1,1162,
961875,REC-8.88%-24-3-29-TFBOND,F,STK,1140,1140,1140,1140,1140,1105.83,3,200,228000,
961877,REC-8.86%-24-3-34-TFBOND,F,STK,1294,1294,1294,1294,1294,1222.17,1,100,129400,
961895,IIFCL-8.8%-27-3-29-TFBOND,F,STK,1090,1101,1088,1101,1101,1088,19,64,69910,
961910,NTPC-7.62%-3B-5-10-35-BOND,F,STK,1194,1194.99,1194,1194.91,1194.95,1185,6,156,186403,
972655,IFCI-SR-I-10.75%-1-8-26-PVT,F,STK,43689.99,43689.99,43600,43600.5,43600,43600,11,160,6981429,
972657,IFCI-D-10.75%-01-08-26-PVT,F,STK,10600,10605,10600,10605,10605,10525,2,20,212050,
972715,IFCI-9.16%-IV-15-2-27-C-PVT,F,STK,16261,16261,16261,16261,16261,16775,1,4,65044,
972722,IFCI-8.72%V-31-3-27-D-PVT,F,STK,5245.2,5245.2,5103.45,5103.45,5103.45,5250,3,9,46646,
973027,TCAP-9.55%-PERP,F,STK,1035700.01,1037726,1035700.01,1037726,1037726,1040000,2,2,2073426,
973491,PFL-6.75%-26-9-31-PVT,F,STK,724,724.94,721.8,722.1,722,723.03,48,7204,5209779,
973883,UPCL-9.7%-22-3-32-PVT,F,STK,1060000,1060000,1060000,1060000,1060000,1084995,1,2,2120000,
974285,UPPCL-9.95%-30-3-29-PVT,F,STK,1026000.01,1026000.01,1026000.01,1026000.01,1026000.01,1046000,1,1,1026000,
974634,EEL-ZC-26-2-27-PVT,F,STK,133297.3,133605,133000,133605,133605,133297.3,9,38,5058183,
974635,EEL-ZC-03-4-26-PVT,F,STK,132485,133725,132485,133725,133725,133687.43,86,1527,204159380,
974654,MFSL-10.75%-10-10-28-PVT,F,STK,100700,100700,100001,100001,100001,100100,2,26,2600725,
974720,MFSL-10.75%-27-10-28-PVT,F,STK,100000,100000,100000,100000,100000,100250,1,10,1000000,
974998,AFPL-12.40%-24-4-29-PVT,F,STK,102155,102155,102155,102155,102155,102080.2,1,1,102155,
974999,EFCL-8-4-27-PVT,F,STK,128000,128500,128000,128000,128000,128300,55,337,43175851,
975012,ICFL-9.85%-7-8-26-PVT,F,STK,100080,100080,100080,100080,100080,100080,1,12,1200960,
975057,ESAFSFBL-11.25%-4-5-29-PVT,F,STK,101800,101800,101800,101800,101800,102500,1,1,101800,
975107,PDL-9.95%-26-9-26-PVT,F,STK,98000,98000,98000,98000,98000,101100,1,1,98000,
975118,CIFCPL-10.55%-30-9-26-PVT,F,STK,99000,99000,99000,99000,99000,99000,1,2,198000,
975235,AFPL-12.25%-7-9-29-PVT,F,STK,103000,103000,103000,103000,103000,102000,2,8,824000,
975239,NFL-10.25%-31-12-26-PVT,F,STK,98570.55,98609.02,98570.55,98609.02,98609.02,98000.85,4,4,394350,
975280,EFL-13%-28-6-29-PVT,F,STK,102500,102500,102500,102500,102500,102000,2,2,205000,
975282,MCSL-10%-28-12-26-PVT,F,STK,99000,99000,99000,99000,99000,100000,1,1,99000,
975520,ESAF-11.10%-20-4-31-PVT,F,STK,98500,98500,98500,98500,98500,99000,1,1,98500,
975630,AFL-10.50%-30-4-27-PVT,F,STK,97310,97310,97310,97310,97310,99566.44,1,3,291930,
975694,MSFL-ZC-29-8-26-PVT,F,STK,120665,120665,120000,120000,120000,120631,2,25,3015960,
975799,MML-10.75%-2-7-26-PVT,F,STK,99001,99001,99001,99001,99001,100000,1,1,99001,
975903,EEL-13-8-26-PVT,F,STK,111000,111000,111000,111000,111000,95610,1,1,111000,
976020,CIPL-ZC-17-3-28-PVT,F,STK,124100,124100,124100,124100,124100,123263.7,2,212,26309200,
976036,MFL-10.45%-24-12-32-PVT,F,STK,10050,10050,10050,10050,10050,10025,2,50,502500,
976049,SFPL-12.50%-27-9-26-PVT,F,STK,24000,24000,19000,19000,19000,20000,3,3,67000,
976146,MCSL-9.90%-29-10-26-PVT,F,STK,4917,4917,4910.85,4913.93,4910.85,4985,2,10,49139,
976228,MFL-10.45%-11-3-33-PVT,F,STK,10050,10050,10050,10050,10050,10023.59,5,69,693450,
976248,MSFL-ZC-18-12-26-PVT,F,STK,113720,113861,113720,113861,113861,113730,4,122,13890184,
976275,VCL-10.11%-23-12-26-PVT,F,STK,9963.34,9963.34,9963.34,9963.34,9963.34,9957.74,3,3,29890,
976290,KIIFB-9.4%-30-12-30-PVT,F,STK,101000,101000,101000,101000,101000,100330,1,1,101000,
976293,KIIFB-9.4%-30-12-34-PVT,F,STK,102000,102000,102000,102000,102000,102000,1,1,102000,
976325,NFL-10.75%-31-12-27-PVT,F,STK,10005,10005,10005,10005,10005,10005,1,3,30015,
976345,KSL-10.95%-23-7-26-PVT,F,STK,49843.01,50122,49843.01,50121.28,50122,49850.6,3,3,150085,
976411,ACAPL-12%-14-8-28-PVT,F,STK,95500,95500,95500,95500,95500,95000,2,2,191000,
976421,OFSL-9.75%-18-2-27-PVT,F,STK,9796,9796,9796,9796,9796,9796,1,1,9796,
976423,IML-11%-18-8-26-PVT,F,STK,9979.99,9980,9950,9976.67,9970,9899,8,32,319129,
976437,NFL-10.60%-21-5-27-PVT,F,STK,9960,10004,9954.6,9989.43,9970,9975.56,16,27,269100,
976443,VCL-9.86%-16-4-27-PVT,F,STK,10008,10008,10008,10008,10008,10008.12,1,3,30024,
976492,MFL-11.75%-13-3-27-PVT,F,STK,9960.08,9960.08,9800,9960.08,9960.08,9790.2,8,17,168841,
976535,EFCL-21-04-28-PVT,F,STK,109999,109999,89195,89195,89195,108500,2,2,199194,
976597,MCFL-12.90%-3-10-27-PVT,F,STK,82900,82900,82900,82900,82900,103595.05,1,1,82900,
976618,IML-11%-11-11-26-PVT,F,STK,97170.52,97170.52,97170.52,97170.52,97170.52,98213,1,2,194341,
976653,KFL-11.30%-30-01-27-PVT,F,STK,56000,56295,56000,56293,56291,56291,5,5,280877,
976675,KSL-10-.65%-06-11-26-PVT,F,STK,99962.01,100300,99962.01,100300,100300,99999,2,6,600448,
976685,MFL-11.25%-9-2-27-PVT,F,STK,9711.1,9963.9,9711.1,9963.9,9963.9,9900,3,21,208989,
976690,IML-11.25%-13-11-26-PVT,F,STK,97855.56,99295.91,97855.56,99295.91,99295.91,99300,2,5,492158,
976712,MFL-10.40%-22-8-33-PVT,F,STK,10075,10075,10075,10075,10075,9950,1,1,10075,
976751,IML-11.25%-03-02-27-PVT,F,STK,98197.51,98197.51,98197.51,98197.51,98197.51,99197.51,1,24,2356740,
976752,PDL-10%-3-6-27-PVT,F,STK,99538.61,99538.61,99538.61,99538.61,99538.61,98500,1,4,398154,
976767,VCL-9.86%-06-01-27-PVT,F,STK,10026.86,10026.86,10026.86,10026.86,10026.86,10013.35,1,10,100268,
976776,KFL-11.20%-11-12-26-PVT,F,STK,99267.16,99267.16,99267.16,99267.16,99267.16,99000,1,1,99267,
976808,NFL-10.75%-19-8-28-PVT,F,STK,10020,10020,9950,10000,10000,10015,22,58,579733,
976819,SCL-9.75%-19-6-35-PVT,F,STK,93130.45,93130.45,93130.45,93130.45,93130.45,100000,1,2,186260,
976830,VCL-9.3%-23-6-28-PVT,F,STK,10460.5,10460.5,10460.5,10460.5,10460.5,0,1,6,62763,
976832,VCL-9.65%-5-2-27-PVT,F,STK,9924.26,9924.26,9923.19,9923.19,9923.19,9924.26,3,10,99240,
976868,ACAPL-12.5%-27-12-28-PVT,F,STK,96408,96408,96407,96407,96407,95999.33,2,2,192815,
976924,DKGFSPL-11%-18-7-27-PVT,F,STK,9700,9700,9700,9700,9700,9700,1,1,9700,
976929,IML-12%-23-7-28-PVT,F,STK,102000,102000,98000,100000,100000,97200,5,8,794150,
976930,KSL-10.40%-25-1-27-PVT,F,STK,99485.01,100150,99485.01,99486,99486,99250,4,10,995520,
976968,EFCL-30-10-28-PVT,F,STK,101500,101500,101500,101500,101500,105754,1,1,101500,
976970,NBSPL-10.25%-30-01-27-PVT,F,STK,101277.9,101277.9,101277.9,101277.9,101277.9,101249.5,2,12,1215334,
976976,ESPL-10.70%-5-3-27-PVT,F,STK,99763.01,99769.01,99760,99760,99760,99715,9,26,2593829,
977001,KFLD-10.62%-7-2-28-PVT,F,STK,100000,101000,100000,101000,101000,100000,4,5,502000,
977017,NFL-10.30%-30-09-27-PVT,F,STK,9950.23,9951.23,9915.01,9940.2,9940,9950.23,15,33,328069,
977023,CFPL-11%-11-8-27-PVT,F,STK,100000,100000,100000,100000,100000,100000,2,2,200000,
977038,KFL-10%-30-11-27-PVT,F,STK,9900,9900,9900,9900,9900,9900,1,1,9900,
977044,KFL-11.10%-19-8-27-PVT,F,STK,9750,9850,9750,9849.84,9850,9750,12,78,767395,
977064,MFSL-9.10%-29-8-27-PVT,F,STK,8700,8700,8700,8700,8700,8700,1,1,8700,
977068,BRFL-10.95%-29-8-27-PVT,F,STK,9800,9800,7840,7840,7840,9800,2,14,135240,
977075,NBFSPL-10.25%-02-03-27-PVT,F,STK,100397.47,100397.47,100397.47,100397.47,100397.47,100255.52,1,6,602384,
977093,MSFL-0%-9-9-27-PVT,F,STK,105306,105306,105306,105306,105306,105277,2,201,21166506,
977117,UCL-11.65%-15-3-31-PVT,F,STK,98925,99000,98925,99000,99000,98800,6,9,890850,
977128,MFL-10.26%-18-7-31-PVT,F,STK,9900,9900,9900,9900,9900,9978.76,2,5,49500,
977205,ACAPL-12%-13-04-27-PVT,F,STK,9837,9837,9831,9831,9831,9826.54,11,18,177012,
977226,LLDL-13.50%-30-01-29-PVT,F,STK,100688.01,100688.01,100688.01,100688.01,100688.01,100687.5,1,1,100688,
977228,UCL-9.75%-15-10-27-PVT,F,STK,9900,9959.71,9900,9959.71,9959.71,9870,3,6,59698,
977241,KRFL-11.40%-24-10-27-PVT,F,STK,9595.18,9820,9500,9800,9800,9791,23,87,840334,
977249,MML-9.30%-27-1-28-PVT,F,STK,9800,9818.16,9667,9818.16,9818.16,9868.58,13,80,777602,
977250,MML-9.75%-27-10-28-PVT,F,STK,9780,9780,9780,9780,9780,9940,1,2,19560,
977298,ACAPL-12%-17-11-28-PVT,F,STK,9500,9500,9499,9499.99,9499.99,9497,12,239,2270498,
977309,ACAPL-12%-21-05-27-PVT,F,STK,9506.54,9786,9506.54,9700,9700,9767.9,18,38,366290,
977317,FFSL-11.25%-25-11-28-PVT,F,STK,93000,93000,93000,93000,93000,100650,1,24,2232000,
977331,KSL-10.50%-2-12-27-PVT,F,STK,99221,99221,99221,99221,99221,99600,3,4,396884,
977367,ACAPL-12%-11-6-27-PVT,F,STK,9800,9800,9800,9800,9800,9775.01,7,26,254800,
977379,MML-9.95%-16-12-28-PVT,F,STK,98800,98800,98800,98800,98800,98926,1,1,98800,
977387,SSFL-11.25%-17-12-27-PVT,F,STK,90000,90000,90000,90000,90000,0,1,1,90000,
977396,SRFCPL-10.50%-22-01-28-PVT,F,STK,99000,99000,98000,98000,98000,100400,2,2,197000,
977397,SFCPL-10.65%-22-6-28-PVT,F,STK,99550.01,99550.01,99550.01,99550.01,99550.01,99700,1,1,99550,
977411,MGFLD-11%-29-8-27-PVT,F,STK,9801,9801,9801,9801,9801,9801,1,1,9801,
977424,MCIBPL-ZC-31-12-27-PVT,F,STK,102100,102100,102100,102100,102100,102073,1,1,102100,
977440,LLDL-13%-30-1-29-PVT,F,STK,99786.99,99786.99,99786.99,99786.99,99786.99,100000,1,2,199573,
977468,KIIFB-9.30%-21-01-30-PVT,F,STK,102170.05,102170.05,102170.05,102170.05,102170.05,102045.45,1,5,510850,
977474,KIIFB-9.30%-21-01-36-PVT,F,STK,102995,102995,102995,102995,102995,102908.7,1,100,10299500,
977502,KFL-11.60%-27-1-28-PVT,F,STK,9399.6,9399.6,7500,7500,7500,7833,2,2,16899,
977508,AFSL-11.35%-29-07-28-PVT,F,STK,10002,10002,10002,10002,10002,10100,1,1,10002,
977531,CIPL-12%-4-2-31-PVT,F,STK,100000,102230,100000,102230,102230,99539,4,20,2022300,
977532,MSAFL-ZC-6-2-28-PVT,F,STK,101073,101073,101073,101073,101073,101045,6,50,5053650,
977541,KFL-12%-10-5-28-KFL,F,STK,9860.7,9860.7,9860.7,9860.7,9860.7,9856.7,1,2,19721,
977576,UCIL-13%-24-5-27-PVT,F,STK,9801,9890,9800,9800.5,9800,9841,9,24,236104,
