SC_CODE,SC_NAME,SC_GROUP,SC_TYPE,OPEN,HIGH,LOW,CLOSE,LAST,PREVCLOSE,NO_TRADES,NO_OF_SHRS,NET_TURNOV,TDCLOINDI
500002,"ABB INDIA LIMITED",A,STK,6161.05,6204.8,6109.9,6123.85,6129.1,6165.55,1028,7644,47040222,
500003,"AEGIS LOGISTICS LTD.",A,STK,727.25,727.25,696,698.9,699.8,727.3,1986,341490,242367626,
500008,"Amara Raja Energy & Mobility L",A,STK,848.4,859.95,847,854.35,854.35,848.2,2205,30981,26472199,
500009,"AMBALAL SARABHAI ENTERPRISES L",X,STK,26.6,27.15,26.2,26.32,26.3,26.6,216,60961,1625921,
500012,"ANDHRA PETROCHEMICALS LTD.",X,STK,41.78,41.9,39.95,40.32,40.32,41.14,392,44512,1798830,
500013,"ANSAL PROPERTIES & INFRASTRUCT",Z,STK,3.85,3.92,3.84,3.85,3.85,3.85,20,4805,18791,
500014,"UTIQUE ENTERPRISES LIMITED",X,STK,4.42,4.59,4.23,4.33,4.33,4.42,59,12912,56301,
500016,"ARUNA HOTELS LTD.",X,STK,7.8,8.37,7.8,8.09,8.09,7.77,59,12736,102612,
500020,"BOMBAY DYEING & MFG.CO.LTD.",A,STK,113.4,115.15,113.4,114.65,114.7,113.3,291,16577,1896814,
500023,"ASIAN HOTELS (NORTH) LIMITED",B,STK,288.75,299.95,285.05,292.1,292.1,288.75,127,3436,1001245,
500027,"ATUL LTD.",A,STK,6504,6600,6504,6536.1,6544,6539.4,135,211,1381770,
500028,"ATV PROJECTS INDIA LTD.",X,STK,33.12,34.38,32.36,33.51,33.8,33.99,127,21745,729349,
500031,"BAJAJ ELECTRICALS LTD.",A,STK,367.8,374.9,367.8,373.1,373.2,367.75,85,1107,410076,
500032,"BAJAJ HINDUSTHAN SUGAR LIMITED",A,STK,14.94,15.7,14.91,15.56,15.56,14.94,965,467850,7160178,
500033,"FORCE MOTORS LTD.",A,STK,25399.05,25794.95,25298.1,25431.85,25431.85,25258.05,1029,2411,61576923,
500034,"BAJAJ FINANCE LIMITED",A,STK,1021.05,1031,1005.95,1012.75,1012.75,1020.75,2573,83022,84541774,
500038,"BALRAMPUR CHINI MILLS LTD.",A,STK,468.7,470.35,458.95,461.4,460.1,466.75,554,15412,7133544,
500039,"BANCO PRODUCTS (INDIA) LTD.",A,STK,639.4,642.2,624.75,631.55,631.55,639.35,621,6351,4006528,
500040,"ADITYA BIRLA REAL ESTATE LIMIT",A,STK,1275.35,1310,1268.6,1292.8,1295,1261.1,593,7050,9096209,
500041,"BANNARI AMMAN SUGARS LTD.",B,STK,3608,3608,3608,3608,3608,3612.5,1,1,3608,
500042,"BASF INDIA LTD.",A,STK,3542.45,3556.9,3515,3522.6,3520.5,3524.8,230,1507,5334788,
500043,"BATA INDIA LTD.",A,STK,797.8,809.8,793.7,795.4,795.4,797.75,958,13400,10745418,
500048,"BEML LTD.",A,STK,1715.05,1726,1692.9,1708.55,1708,1720.55,1332,14357,24549306,
500049,"BHARAT ELECTRONICS LTD.",A,STK,441,449.85,440,449,449,439.3,28164,1082282,482007809,
500051,"BHAGAWATI GAS LIMITED",XT,STK,0.79,0.82,0.79,0.82,0.82,0.53,14,3667,2990,
500052,"BHANSALI ENGINEERING POLYMERS",B,STK,81.1,82.43,80.7,80.94,81,81.49,323,17909,1455731,
500058,"BIHAR SPONGE IRON LTD.",XT,STK,12.34,12.34,11.97,12.03,12,12.59,249,91516,1099952,
500059,"BIL VYAPAR LIMITED",T,STK,6.61,7.2,6.58,6.59,6.58,6.92,9,6036,40945,
500060,"Birla Cable Limited",B,STK,139.6,141.9,137.5,137.5,137.5,138.2,62,646,90200,
500067,"BLUE STAR LTD.",A,STK,1940.1,1975,1932.2,1965.7,1962.15,1940,1119,157177,307732275,
500068,"DISA INDIA LTD.",B,STK,11905,12490,11847,12152,12112,11846.9,121,207,2519238,
500069,"QUEST CAPITAL MARKETS LIMITED",X,STK,273,273,262.55,265.2,265,273.9,33,549,145763,
500074,"BPL LTD.",B,STK,54.51,57.9,54.5,55.91,56,54.07,153,9503,532917,
500078,"ORIENTAL AROMATICS LIMITED",B,STK,273.45,279.45,270.35,277.9,279.4,272.4,134,9532,2638395,
500083,"CENTURY EXTRUSIONS LTD.",B,STK,20,20.52,19.7,19.99,20.34,19.94,38,2889,57959,
500084,"CESC LTD.",A,STK,160.15,161.9,159,159.55,160.35,159.95,1591,140454,22544665,
500085,"CHAMBAL FERTILISERS & CHEMICAL",A,STK,450.15,464,450.15,458.8,458.1,459.05,1153,28949,13281369,
500086,"EXIDE INDUSTRIES LTD.",A,STK,337.7,340.25,334.75,339.55,339.55,337.65,3144,100144,33793715,
500087,"CIPLA LTD.",A,STK,1350.05,1365.25,1345,1357.8,1357.8,1345.7,3946,91567,123815486,
500089,"DIC INDIA LTD.",B,STK,534.8,553.95,533.5,535,535,544.95,9,169,93241,
500092,"CRISIL LTD.",A,STK,4514.3,4515.55,4461.1,4483.65,4481,4535.9,192,584,2622690,
500093,"CG Power and Industrial Soluti",A,STK,713.2,733.2,711.95,726.35,726.35,713.15,3494,126971,92112647,
500096,"DABUR INDIA LTD.",A,STK,515.35,524.85,515.35,524.25,524.3,519.15,1406,34516,18007908,
500097,"DALMIA BHARAT SUGAR AND INDUST",B,STK,282,299.7,282,298.9,298,281.9,228,3622,1054481,
500101,"ARVIND LTD.",A,STK,355.05,359.1,348.65,352.3,353.2,357.05,894,21317,7512763,
500103,"BHARAT HEAVY ELECTRICALS LTD.",A,STK,264.6,265.45,259.75,264.85,264.85,261.8,2810,206488,54327970,
500104,"HINDUSTAN PETROLEUM CORPORATIO",A,STK,438.85,445.35,436.05,443.95,444.1,436.7,4373,124112,54632714,
500106,"IFCI LTD.",A,STK,58.52,61.94,58.4,60.21,60.21,58.45,7589,2630007,158488108,
500108,"MAHANAGAR TELEPHONE NIGAM LTD.",B,STK,29.5,30.38,29.5,30.18,30.35,29.43,399,80740,2421658,
500109,"MANGALORE REFINERY & PETROCHEM",A,STK,201.9,201.9,194.1,197.15,197.45,200,3204,325896,64327704,
500110,"CHENNAI PETROLEUM CORPORATION",A,STK,917.05,924,903.6,916.15,916.15,916.55,1414,28056,25674477,
500112,"STATE BANK OF INDIA",A,STK,1201.9,1215,1189.15,1209.2,1209.2,1200.2,45939,1256867,1506932480,
500113,"STEEL AUTHORITY OF INDIA LTD.",A,STK,166.4,166.4,162.85,165.5,165.5,164.9,4697,1625629,266380268,
500114,"TITAN COMPANY LIMITED",A,STK,4326.65,4351.6,4307.7,4341.25,4328.4,4326.65,3402,25181,109185243,
500116,"IDBI BANK LTD.",A,STK,113.79,115.35,113.2,113.61,113.61,113.48,2627,712806,81374305,
500117,"DCW LTD.",B,STK,48.2,48.75,47.93,48.47,48.71,48.13,291,33398,1613421,
500119,"DHAMPUR SUGAR MILLS LTD.",B,STK,114.6,120.35,113.4,120,120.1,113.8,652,41024,4900247,
500120,"DIAMINES & CHEMICALS LTD.",B,STK,239.95,244.75,239,239,239,237.7,11,246,59463,
500123,"ELANTAS BECK INDIA LTD.",B,STK,9194.9,9290,9055,9166.95,9120.15,9045.05,409,930,8527160,
500124,"DR.REDDYS LABORATORIES LTD.",A,STK,1308,1327,1305.1,1318.9,1315,1306.6,3358,40833,53773498,
500125,"E.I.D.-PARRY (INDIA) LTD.",A,STK,865.8,879,861.5,876.65,876.3,865.7,533,193142,168031067,
500126,"PROCTER & GAMBLE HEALTH LIMITE",A,STK,5198,5198,5101,5128.95,5106,5205.85,141,307,1581508,
500128,"ELECTROSTEEL CASTINGS LTD.",A,STK,69.29,70.74,69.29,69.81,69.4,68.88,428,52627,3676435,
500133,"ESAB INDIA LTD.",A,STK,5496.5,5619.55,5496.5,5596.25,5619.55,5500,30,91,507409,
500135,"EPL LIMITED",A,STK,216.95,219.05,215,217.75,219.05,215.9,217,10529,2288965,
500136,"ESTER INDUSTRIES LTD.",B,STK,109,109,103.31,103.77,104,107.89,329,16302,1723228,
500142,"FGP LTD.",X,STK,9.84,9.84,9,9.84,9.84,9.84,39,5431,51191,
500143,"PH CAPITAL LTD.",XT,STK,591.5,600,582,583.05,582,589.75,39,1030,604901,
500144,"FINOLEX CABLES LTD.",A,STK,833.85,882,826.7,871.8,871.8,826.3,2636,62401,53591276,
500147,"JOHN COCKERILL INDIA LIMITED",B,STK,5189,5218.95,4860,5002,5002,5120,1851,16691,84338239,
500148,"UFLEX LTD.",B,STK,470.05,478.5,470.05,472.55,478.5,470,69,2385,1127533,
500150,"FOSECO INDIA LTD.",B,STK,4822.3,4822.3,4701.4,4725.1,4705.1,4822.25,85,179,848954,
500151,"GOLDEN TOBACCO LTD.",Z,STK,30,30,28.61,28.61,28.61,29,7,4949,141632,
500153,"GANESH BENZOPLAST LTD.",B,STK,80.5,84.9,80.5,84.07,84,81.65,153,13469,1124335,
500159,"METROGLOBAL LIMITED",X,STK,114.45,118.45,114.45,117.4,117.9,114.45,22,4925,581901,
500160,"GTL LTD.",B,STK,6.99,7.23,6.99,7.07,7.13,7.13,42,4025,28623,
500163,"GODFREY PHILLIPS INDIA LTD.",A,STK,2116,2130,2075.7,2088.95,2088.95,2092.05,3599,49712,104325986,
500164,"GODREJ INDUSTRIES LTD.",A,STK,1031.15,1042,1015,1024.7,1024.7,1037.05,708,7255,7471016,
500165,"KANSAI NEROLAC PAINTS LTD.",A,STK,201,202.6,200,200.4,200.5,201.15,412,18495,3722791,
500166,"GOODRICKE GROUP LTD.",X,STK,150.05,158.7,150.05,155.45,154.5,151.95,69,3068,479084,
500168,"GOODYEAR INDIA LTD.",B,STK,810.3,810.3,795,807.45,807.45,807.8,336,6057,4876012,
500170,"GTN INDUSTRIES LTD.",X,STK,22.35,22.35,22.35,22.35,22.35,22.6,1,15,335,
500171,"GHCL LTD.",A,STK,481.2,495,481.2,493.35,493.1,481.2,309,5621,2754202,
500173,"GFL LIMITED",B,STK,47.46,47.46,45.37,45.75,45.6,46.52,88,22213,1023356,
500179,"HCL INFOSYSTEMS LTD.",B,STK,13.39,13.39,12.87,12.91,12.87,13,200,15427,199813,
500180,"HDFC BANK LTD.",A,STK,910.3,912,895.45,898.85,898.85,907.75,42703,1467353,1322633105,
500182,"HERO MOTOCORP LTD.",A,STK,5774.95,5828,5719.1,5786.7,5783.7,5737.25,5178,31621,182155241,
500183,"HFCL LIMITED",A,STK,70.46,70.84,68.81,69.5,69.5,70.19,1517,382725,26670423,
500184,"Himadri Speciality Chemical Lt",A,STK,483.35,486.2,477.7,483.05,482.5,482.75,941,37403,18001815,
500185,"HINDUSTAN CONSTRUCTION CO.LTD.",A,STK,18.15,18.23,17.49,17.81,17.81,18.04,1263,673707,12023662,
500186,"HINDUSTAN OIL EXPLORATION CO.L",B,STK,132.4,132.75,131.35,131.55,131.75,132.3,144,14424,1899156,
500187,"AGI GREENPAC LIMITED",A,STK,556.1,562.65,550,555.15,556.25,556.05,275,4002,2217781,
500188,"HINDUSTAN ZINC LTD.",A,STK,620.95,620.95,608.4,609.6,609.6,618.65,3743,217592,133887740,
500189,"NDL Ventures Limited",B,STK,109,116.27,106,115.77,116.27,110.91,32,510,56994,
500191,"HMT LTD.",Z,STK,58.29,58.3,55.53,58.3,58.3,55.53,266,47303,2752893,
500192,"PRAG BOSIMI SYNTHETICS LTD.",X,STK,1.85,1.87,1.71,1.73,1.83,1.84,35,11852,20614,
500193,"HLV LIMITED",B,STK,8.15,8.22,7.95,8.01,8.01,8.11,92,53457,431887,
500199,"I G PETROCHEMICALS LTD.",B,STK,368.05,368.05,357.95,358.9,359.05,368.5,63,282,102231,
500201,"INDIA GLYCOLS LTD.",B,STK,928.85,936.05,912.9,923.8,921.25,927.55,190,1383,1277077,
500202,"INDIA LEASE DEVELOPMENT LTD.",X,STK,7.86,7.87,7.5,7.5,7.5,7.86,8,1743,13637,
500206,"MARGO FINANCE LIMITED",X,STK,62.64,62.64,61.1,61.11,61.1,61.41,8,191,11708,
500207,"INDO RAMA SYNTHETICS (INDIA) L",B,STK,36.74,37,35.75,35.82,35.8,35.79,90,5671,205012,
500209,"INFOSYS LTD.",A,STK,1304,1314.3,1286.2,1289.35,1289.35,1290.35,33661,569573,740066157,
500210,"INGERSOLL-RAND (INDIA) LTD.",A,STK,3954.5,4160,3954.5,4068.35,4037.9,3954.45,438,1868,7563407,
500213,"INTERNATIONAL TRAVEL HOUSE LTD",X,STK,340.5,348,337.1,340.6,337.6,340.55,46,2502,863681,
500214,"ION EXCHANGE (INDIA) LTD.",A,STK,374.75,378.85,367.7,370.05,370.55,374.5,296,5302,1980016,
500215,"SUNDROP BRANDS LIMITED",B,STK,655,656.6,652.85,656.6,656.6,657.15,25,173,113248,
500219,"JAIN IRRIGATION SYSTEMS LTD.",A,STK,34.71,36.4,34.71,35.84,35.99,34.66,494,125872,4515454,
500220,"JASCH INDUSTRIES LTD.",X,STK,165.05,165.05,162.05,164.85,165.05,165.05,34,3237,533817,
500227,"JINDAL POLY FILMS LTD.",B,STK,641,654.4,591.65,595.4,595.4,640.55,3468,95587,60511636,
500228,"JSW STEEL LTD.",A,STK,1274.9,1281.7,1269.8,1280.6,1278.9,1274.9,854,17094,21821746,
500233,"KAJARIA CERAMICS LTD.",A,STK,949.6,968.25,949.6,961,957,953.2,593,30436,29392560,
500234,"KAKATIYA CEMENT SUGAR & INDUST",B,STK,115.5,115.5,113,113.5,115,115.5,154,1206,137080,
500235,"KALYANI STEELS LTD.",B,STK,754.7,759.35,746,752.15,746,754.65,59,526,395572,
500238,"WHIRLPOOL OF INDIA LTD.",A,STK,923.1,935.9,891.05,903.2,903,919.95,1255,21946,19908769,
500239,"KG DENIM LTD.",X,STK,17.39,17.39,16.5,16.62,16.61,16.28,18,322,5418,
500240,"KINETIC ENGINEERING LTD.",X,STK,241.85,249.6,236.1,239.65,239.65,241.85,213,15603,3755149,
500241,"KIRLOSKAR BROTHERS LTD.",A,STK,1576.2,1614.95,1570.2,1594.3,1594.3,1576.3,371,2604,4157966,
500243,"KIRLOSKAR INDUSTRIES LTD",B,STK,2854,2882.7,2801.25,2836.25,2806.6,2837.2,116,449,1275912,
500245,"KIRLOSKAR FERROUS INDUSTRIES L",B,STK,407.15,425,403,407,409.6,414.25,1093,32421,13371123,
500246,"ENVAIR ELECTRODYNE LTD.",X,STK,59.99,59.99,59.98,59.98,59.98,59.99,3,217,13017,
500247,"KOTAK MAHINDRA BANK LTD.",A,STK,422.85,426.35,421.6,424.55,424.55,425.05,17233,154346,65508066,
500249,"KSB LIMITED",A,STK,770.2,805.1,753,783.3,783.3,718.45,31829,1116392,879505007,
500250,"L.G.BALAKRISHNAN & BROS.LTD.",B,STK,1890,1938.55,1890,1933.25,1927.6,1921.85,185,723,1387505,
500251,"TRENT LTD.",A,STK,3924.1,3949.1,3843,3857.75,3865,3928.1,8236,147809,574257523,
500252,"LMW Limited",A,STK,15600,15600,15450,15490.25,15450,15458.5,24,41,635921,
500253,"LIC HOUSING FINANCE LTD.",A,STK,547,550.7,540.05,545.1,545.85,546.9,968,29734,16222364,
500257,"LUPIN LTD.",A,STK,2298.95,2331.2,2289.35,2323.2,2323.85,2292.45,3043,40819,94524998,
500259,"LYKA LABS LTD.",B,STK,56.6,65.31,56.6,64.41,64.76,61.3,143,841,53869,
500260,"THE RAMCO CEMENTS LIMITED",A,STK,1159.75,1159.75,1119,1140,1139.75,1154.95,409,3948,4481870,
500264,"MAFATLAL INDUSTRIES LTD.",X,STK,127.05,129.35,124,125.9,125.9,127.05,555,45413,5745234,
500265,"MAHARASHTRA SEAMLESS LTD.",A,STK,545.8,571.7,545.8,569.3,568,544.9,1522,24035,13582608,
500266,"MAHARASHTRA SCOOTERS LTD.",A,STK,13399.95,13717,13399.95,13566.55,13529.1,13271.75,147,234,3177798,
500267,"MAJESTIC AUTO LTD.",X,STK,295.1,307,295.1,302.35,303.45,296.65,274,8559,2588700,
500268,"MANALI PETROCHEMICAL LTD.",B,STK,58.47,58.47,55,56.04,56.35,54.89,340,17733,992597,
500270,"BARODA RAYON CORPORATION LTD.",X,STK,110.05,113.7,108.5,113.05,113.7,111.6,55,676,74623,
500271,"Max Financial Services Limited",A,STK,1850.15,1868.2,1840.9,1855.5,1851,1853.45,456,2957,5466896,
500277,"MID INDIA INDUSTRIES LTD.",X,STK,6.73,7.05,6.52,6.6,6.6,6.7,14,1530,10253,
500279,"MIRC ELECTRONICS LTD.",B,STK,28.1,29.23,27.91,28.12,28,28.36,391,32095,916784,
500280,"CENTURY ENKA LTD.",B,STK,439,439.1,431.6,436.1,434.2,434,46,610,266643,
500284,"LORDS CHLORO ALKALI LTD.",B,STK,120.7,129,120.7,127.8,129,114.95,113,2906,365240,
500285,"SPICEJET LTD.",A,STK,14.99,15.92,14.77,15.9,15.9,14.48,34158,103057121,1616065214,
500288,"MOREPEN LABORATORIES LTD.",A,STK,44.2,45.58,43.73,44.7,44.7,44.14,1676,483516,21539078,
500290,"MRF LTD.",A,STK,147295,147945.85,143114.5,143570.5,143570.5,147646.85,403,444,64308119,
500292,"HEIDELBERGCEMENT INDIA LTD.",B,STK,165.05,165.05,162,162.9,162.9,163.95,103,2765,451356,
500294,"NCC LIMITED",A,STK,151.95,154.65,150.45,153.4,153.6,151.65,2293,117468,17987248,
500295,"VEDANTA LIMITED",A,STK,735.75,738,725.1,737.35,737.35,727.65,9089,523526,383410626,
500296,"NAHAR SPINNING MILLS LTD.",B,STK,200.65,204.65,200.65,201.7,200.8,199.9,44,993,200585,
500298,"Naperol Investments Limited",X,STK,643.8,643.8,626,630.65,630.4,634.7,75,1777,1122280,
500300,"GRASIM INDUSTRIES LTD.",A,STK,2898,2898,2848.45,2861.85,2865.6,2874.05,927,8965,25680747,
500304,"NIIT LTD.",B,STK,70.35,73.26,70.35,72.06,72.26,71.86,164,15700,1129727,
500306,"Jaykay Enterprises Limited",B,STK,144.9,145.95,140.4,142.75,142.7,143,641,32753,4695386,
500307,"NIRLON LTD.",B,STK,501.9,509.4,496.3,499.2,499,501.9,269,6434,3211829,
500312,"OIL AND NATURAL GAS CORPORATIO",A,STK,277.05,280.95,275.5,280.15,280.15,277.4,5694,457612,127343759,
500313,"OIL COUNTRY TUBULAR LTD.",B,STK,48.99,49.59,48.01,48.01,48.01,47.95,53,1626,78812,
500314,"ORIENTAL HOTELS LTD.",B,STK,99.7,102.6,99,101.95,102.6,99.7,84,3922,392844,
500317,"OSWAL AGRO MILLS LTD.",B,STK,47.62,48.48,47.21,47.31,47.31,47.81,19,322,15335,
500319,"INDIAN SUCROSE LTD.",X,STK,75.54,75.54,71,71.9,71.9,73.13,60,3318,237097,
500322,"PANYAM CEMENTS & MINERAL INDUS",X,STK,123.05,134.4,123.05,134.4,134.4,123.05,2,3,380,
500325,"RELIANCE INDUSTRIES LTD.",A,STK,1399.95,1412.65,1391.6,1405.45,1408,1398.2,32460,3146620,4416731277,
500327,"Pil Italica Lifestyle Limited",B,STK,8.5,8.87,8.3,8.48,8.62,8.5,51,1738,14790,
500330,"RAYMOND LTD.",A,STK,396.4,414.3,396.4,405.1,404.9,398.1,981,24676,10079540,
500331,"PIDILITE INDUSTRIES LTD.",A,STK,1492,1525,1487.1,1516.9,1516.9,1498.95,2619,27062,40814677,
500333,"PIX TRANSMISSIONS LTD.",B,STK,1435.05,1463.95,1435.05,1452.25,1435.2,1453.1,64,277,402063,
500335,"BIRLA CORPORATION LTD.",A,STK,978.55,1001.05,978.55,991.65,985.7,1000.4,322,1950,1930298,
500336,"SURYA ROSHNI LTD.",A,STK,222.85,224.35,222.2,223.8,223.95,222.85,233,7153,1598786,
500337,"PRIME SECURITIES LTD.",B,STK,276.4,281.2,270.35,279.45,278.4,276.7,44,686,188072,
500338,"PRISM JOHNSON LIMITED.",B,STK,125,126.6,125,126.2,125.85,125.75,59,2200,276664,
500339,"RAIN INDUSTRIES LIMITED",A,STK,152.7,156.8,151.2,154.45,153.8,152.5,652,38051,5891866,
500342,"PRUDENTIAL SUGAR CORPORATION L",B,STK,16.01,17.8,16,17.8,17.8,17.04,8,616,10765,
500343,"AMJ LAND HOLDINGS LIMITED",B,STK,40,41.17,40,41.03,41.03,40.09,33,1083,43869,
500346,"PUNJAB COMMUNICATIONS LTD.",B,STK,57.97,57.97,57.33,57.33,57.33,55.01,7,1003,57888,
500350,"RSWM LTD.",B,STK,149.6,149.6,149.3,149.6,149.6,147.95,16,374,55855,
500354,"RAJSHREE SUGARS & CHEMICALS LT",B,STK,25.94,26.9,25.05,26.6,26.56,25.63,75,4423,115134,
500355,"RALLIS INDIA LTD.",A,STK,276.6,280.4,272.75,275.25,274.05,276.55,228,4619,1274199,
500356,"SHREE RAMA NEWSPRINT LTD.",B,STK,37.4,38.9,35.49,38.69,38.75,37.11,208,15285,565606,
500357,"RAMA PAPER MILLS LTD.",Z,STK,11.64,12.85,11.64,11.74,12.39,12.25,25,2150,25956,
500360,"RAPICUT CARBIDES LTD.",XT,STK,156.5,156.95,148.15,151.9,152,155.9,91,12708,1908898,
500365,"WELSPUN SPECIALTY SOLUTIONS LI",B,STK,37.85,37.9,36.6,36.62,36.62,37.52,487,102804,3808878,
500367,"RUBFILA INTERNATIONAL LTD.",B,STK,65.82,66.85,65.1,65.21,65.21,65.5,43,1613,105468,
500368,"Patanjali Foods Limited",A,STK,517.85,518.45,504.5,516.55,516.55,518.6,2312,73537,37794312,
500370,"SALORA INTERNATIONAL LTD.",X,STK,32.16,32.25,30.68,31.44,31.69,31.8,25,863,27018,
500371,"SAMTEL INDIA LTD.",XT,STK,14.07,14.07,14.07,14.07,14.07,13.8,3,98,1378,
500378,"JINDAL SAW LTD.",A,STK,190,190.95,184.35,187.95,187.95,188.3,2597,218940,41079738,
500380,"JK LAKSHMI CEMENT LTD.",A,STK,731.95,735.15,724,728.2,724,731.95,187,2301,1679673,
500387,"SHREE CEMENT LTD.",A,STK,26201,26997.8,26201,26734.15,26683.1,26839.05,211,438,11713393,
500388,"SHREE KRISHNA PAPER MILLS & IN",XT,STK,118,120.5,110.29,110.29,110.29,116.09,12,348,38843,
500389,"SILVERLINE TECHNOLOGIES LTD.",XT,STK,21.55,21.55,21.55,21.55,21.55,22.68,1786,475038,10237068,
500390,"RELIANCE INFRASTRUCTURE LTD.",T,STK,93.7,96.85,92.95,93.85,93.85,97.8,1005,133309,12566490,
500400,"TATA POWER CO.LTD.",A,STK,373.7,385.25,373.7,380.05,380.05,381.2,3907,302743,115190940,
500402,"SPML INFRA LIMITED",B,STK,173.05,174.85,169.65,171.8,171.05,171.25,184,6027,1035924,
500403,"SUNDRAM FASTENERS LTD.",A,STK,909.5,916.75,905.15,909.1,910,909.4,234,873,793758,
500404,"SUNFLAG IRON & STEEL CO.LTD.",B,STK,250.05,255.25,246,248.05,248.05,249.55,132,4711,1182670,
500405,"SUPREME PETROCHEM LTD.",A,STK,649.6,655,641.6,649.3,648.3,647.3,236,1652,1074597,
500407,"SWARAJ ENGINES LTD.",B,STK,3588,3674.6,3516.05,3627.35,3629.3,3559.35,187,879,3172407,
500408,"TATA ELXSI LTD.",A,STK,4588.05,4696,4472.75,4506.45,4506.45,4577.6,5999,31741,145402548,
500410,"ACC LTD.",A,STK,1624,1629.95,1610.1,1613.2,1619.55,1623.5,467,8944,14458716,
500411,"THERMAX LTD.",A,STK,3210,3246,3131,3176.95,3176.95,3184.45,974,5319,16924169,
500412,"THIRUMALAI CHEMICALS LTD.",B,STK,195.35,197.9,194.05,194.95,194.15,195.55,128,2823,553274,
500413,"THOMAS COOK (INDIA) LTD.",A,STK,103.95,106,103.8,104.9,105.3,103.7,235,25472,2666246,
500414,"TIMEX GROUP INDIA LTD.",B,STK,292.45,293.5,284.75,288.05,290,288.65,1842,433700,125500631,
500418,"TOKYO PLAST INTERNATIONAL LTD.",B,STK,84.9,88,81.55,83.6,88,84.85,25,223,18542,
500420,"TORRENT PHARMACEUTICALS LTD.",A,STK,4421.5,4469.35,4389.35,4400.2,4396.1,4419.8,1590,20967,93113305,
500421,"TPI INDIA LTD.",X,STK,18.2,18.2,18,18,18,18.04,10,230,4147,
500422,"TRANSCHEM LTD.",XT,STK,181.05,181.05,179,181.05,181.05,177.5,33,4438,801624,
500425,"AMBUJA CEMENTS LTD.",A,STK,519.65,519.65,510,512.2,512.2,511.05,896,23103,11838680,
500426,"UTL INDUSTRIES LIMITED",X,STK,1.71,1.83,1.69,1.72,1.72,1.77,88,47161,81682,
500429,"UNIPHOS ENTERPRISES LTD.",B,STK,103.9,118.2,103.05,105.6,103.05,105.2,17,3107,332141,
500439,"VARDHMAN HOLDINGS LTD.",B,STK,3294,3318,3294,3318,3318,3286.5,7,19,62929,
500440,"HINDALCO INDUSTRIES LTD.",A,STK,944.45,944.45,931.4,941,941,936.9,3819,65578,61444416,
500444,"West Coast Paper Mills Limited",B,STK,411.05,428.8,410.8,419.4,418.5,410.85,330,4349,1833140,
500449,"HINDUSTAN ORGANIC CHEMICALS LT",B,STK,30.25,31.19,30.25,30.39,30.32,30.8,196,20005,611002,
500450,"MPIL CORPORATION LTD.",X,STK,357,357,357,357,357,340.4,1,1,357,
500456,"PASUPATI ACRYLON LTD.",B,STK,51.34,54.5,51.33,53.25,53.25,50.62,184,15711,846192,
500458,"TEAM24 CONSUMER PRODUCTS LIMIT",X,STK,29.8,29.8,28.26,28.26,28.26,29.8,14,488,14074,
500459,"PROCTER & GAMBLE HYGIENE & HEA",A,STK,11415,11477.95,11393,11463.25,11468,11435.05,74,133,1522914,
500460,"MUKAND LTD.",B,STK,129.7,138.4,129,133.65,133.3,128,210,5139,692252,
500463,"BLACK BOX LIMITED",A,STK,554.95,563.75,531.55,544.7,544.7,544.25,1747,33045,18143144,
500464,"UCAL LIMITED",B,STK,111.4,113.6,108.55,108.55,108.55,108.35,19,602,65787,
500467,"HARRISONS MALAYALAM LTD.",B,STK,195.65,197.95,193.6,196.8,197.5,190.95,114,893,175005,
500469,"FEDERAL BANK LTD.",A,STK,299.05,301.7,297,299.55,299.2,298.65,4638,112807,33776117,
500470,"TATA STEEL LTD.",A,STK,215.15,215.9,213.05,215.5,215.5,214.65,28330,4392921,942175152,
500472,"SKF INDIA LTD.",A,STK,1821.9,1847.05,1776.3,1794.85,1803.4,1821.7,296,1494,2685931,
500477,"ASHOK LEYLAND LTD.",A,STK,210.25,212.85,210.15,211.9,211.9,211.5,3744,417723,88370127,
500480,"CUMMINS INDIA LTD.",A,STK,4940,4975,4914.95,4962.3,4970,4918.5,1123,6096,30178672,
500483,"TATA COMMUNICATIONS LTD.",A,STK,1624.15,1669.25,1622.7,1661.75,1661,1635.25,1328,13507,22253073,
500488,"ABBOTT INDIA LTD.",A,STK,26372.1,26506.45,26267.6,26335.7,26315,26413.1,232,355,9361793,
500490,"BAJAJ HOLDINGS & INVESTMENT LT",A,STK,11166.15,11166.15,10889,10956.4,10956.4,11156.6,739,2775,30564916,
500493,"BHARAT FORGE LTD.",A,STK,1902,1919,1885.55,1912.2,1915,1900.55,4145,43644,82875702,
500495,"Escorts Kubota Limited",A,STK,3596.9,3647.1,3566.6,3595.95,3585,3596.9,418,1974,7114077,
500500,"HINDUSTAN MOTORS LTD.",B,STK,16.17,16.63,16.17,16.38,16.38,16.37,780,131813,2157174,
500510,"LARSEN & TOUBRO LTD.",A,STK,4297.25,4338.95,4276.95,4285.9,4285.9,4299.7,19564,142044,610943544,
500520,"MAHINDRA & MAHINDRA LTD.",A,STK,3492.05,3504.95,3461.25,3484.05,3484.05,3491.5,20832,84467,294114861,
500530,"BOSCH LTD.",A,STK,36981,36981,36200,36732.75,36705,36573,512,952,34837468,
500540,"PREMIER LTD.",T,STK,3,3,2.96,2.97,2.97,2.86,5,321,956,
500547,"BHARAT PETROLEUM CORPORATION L",A,STK,380.5,387.15,378.5,385.9,385.4,381,2621,143659,54978734,
500550,"SIEMENS LTD.",A,STK,3365.6,3374.65,3326.3,3333.1,3329.8,3348.9,849,8693,29087084,
500570,"TATA MOTORS PASSENGER VEHICLES",A,STK,380.4,393.1,380.4,391.65,391.65,381.95,21063,1352070,526332922,
500575,"VOLTAS LTD.",A,STK,1528.15,1558,1523.75,1545.85,1549.4,1522.25,1354,16703,25789224,
500620,"GREAT EASTERN SHIPPING CO.LTD.",A,STK,1346.7,1349.85,1338.05,1344.95,1345,1346.95,1184,17170,23080344,
500645,"DEEPAK FERTILISERS & PETROCHEM",A,STK,988.2,1001.35,982.4,989,989,988.15,441,4773,4729924,
500650,"EXCEL INDUSTRIES LTD.",B,STK,976.25,982.6,964.05,978.45,978.1,973.7,85,693,671861,
500655,"GARWARE HI-TECH FILMS LIMITED",A,STK,4026.9,4130.4,4026.9,4097.1,4103.15,4026.85,220,761,3117331,
500660,"GLAXOSMITHKLINE PHARMACEUTICAL",A,STK,2626.15,2646.85,2611,2624.85,2627.5,2650.85,277,1318,3462816,
500670,"GUJARAT NARMADA VALLEY FERTILI",A,STK,454.5,460.05,454.5,457.3,456.3,457.5,334,4581,2096974,
500672,"NOVARTIS INDIA LTD.",B,STK,941,948.4,915.4,924.35,924.35,934.55,496,38419,35655446,
500674,"SANOFI INDIA LTD",A,STK,4015.05,4056.25,3951.3,4014.65,4005,4138.75,1172,5196,20778571,
500680,"PFIZER LTD.",A,STK,5043.3,5150,5043.3,5093.05,5100,5144,161,538,2750466,
500690,"GUJARAT STATE FERTILIZERS & CH",A,STK,171.7,172.65,171,171.3,171.3,171.65,267,11611,1991091,
500696,"HINDUSTAN UNILEVER LTD.",A,STK,2374.55,2386.1,2355.5,2383.65,2380,2374.55,16657,70201,166562832,
500710,"AKZO NOBEL INDIA LIMITED",A,STK,3090.9,3100,2957.1,3029.55,3007.6,3090.85,289,899,2695288,
500730,"NOCIL LTD.",B,STK,147.5,149.75,146,148.9,149,148.55,229,10646,1573190,
500770,"TATA CHEMICALS LTD.",A,STK,718.9,727.15,713.35,716.2,715.3,718.85,737,15112,10864774,
500777,"TAMILNADU PETROPRODUCTS LTD.",B,STK,99.65,99.65,91.91,94.95,94.25,91.36,454,13367,1270069,
500780,"Zuari Industries Limited",B,STK,245,251.45,245,249.05,250.05,250.15,53,1132,282299,
500790,"NESTLE INDIA LTD.",A,STK,1334.8,1334.8,1311.6,1318.1,1317.6,1322.6,906,12568,16575327,
500800,"TATA CONSUMER PRODUCTS LIMITED",A,STK,1173.2,1177.55,1154.4,1159.35,1154.4,1172.15,936,10312,12009058,
500820,"ASIAN PAINTS LTD.",A,STK,2412.05,2421.45,2382.15,2395,2395.95,2415.7,14940,27587,66110246,
500825,"BRITANNIA INDUSTRIES LTD.",A,STK,6151.6,6184.5,6070,6137.35,6133,6151.55,1117,6165,37734863,
500830,"COLGATE-PALMOLIVE (INDIA) LTD.",A,STK,2280,2301,2263.75,2295.35,2295.35,2270.4,1835,18081,41236994,
500840,"EIH LTD.",A,STK,315,323.65,314.15,320.9,319.15,317.55,490,10518,3345500,
500850,"INDIAN HOTELS CO.LTD.",A,STK,676.7,682.35,673.25,681.1,682,676.6,1006,21574,14625414,
500870,"CASTROL INDIA LTD.",A,STK,186.25,188.1,186.25,187.6,187.45,186.85,1519,105174,19708583,
500875,"ITC LTD.",A,STK,320.05,321.9,317.7,318.2,318.2,319.6,19950,379613,121130311,
500877,"APOLLO TYRES LTD.",A,STK,463.5,464.55,456.5,461.1,464.55,463.5,2682,89992,41406540,
500878,"CEAT LTD.",A,STK,3766.25,3770.6,3671,3702.6,3704.9,3747.6,623,2607,9654995,
500940,"FINOLEX INDUSTRIES LTD.",A,STK,181.35,185.5,181.35,185.05,185.5,183.7,231,13793,2548732,
501148,"DALAL STREET INVESTMENTS LTD.",XT,STK,390.15,390.15,390.15,390.15,390.15,382.5,2,2,780,
501150,"CENTRUM CAPITAL LTD.",B,STK,24.6,26,23.76,24.1,24.1,24.16,97,14268,358691,
501242,"TCI FINANCE LTD.",T,STK,15.35,16.33,15.35,16.33,16.33,15.56,40,8089,132058,
501295,"INDUSTRIAL INVESTMENT TRUST LT",B,STK,130.2,133.85,130.2,133.15,133.15,133,162,532,70628,
501298,"INDUSTRIAL & PRUDENTIAL INVEST",B,STK,5045,5349,5045,5288.35,5300,5005,58,323,1699598,
501301,"TATA INVESTMENT CORPORATION LT",A,STK,663.8,665,652.45,654.95,655.1,659.4,1829,45899,30179574,
501311,"JAYABHARAT CREDIT LTD.",X,STK,15.04,15.04,15.04,15.04,15.04,15.79,3,1000,15040,
501314,"PRISMX GLOBAL VENTURES LIMITED",X,STK,0.64,0.66,0.62,0.63,0.63,0.65,132,128310,81704,
501343,"MOTOR & GENERAL FINANCE LTD.",B,STK,21.65,21.65,20.49,21.24,21.28,20.74,10,225,4733,
501351,"RAPID INVESTMENTS LTD.",X,STK,69.36,71.4,64.6,71.4,71.4,68,10,120,8161,
501370,"WALCHAND PEOPLEFIRST LTD.",X,STK,112.35,112.35,111,111.05,111.05,112.25,30,604,67196,
501391,"W.H.BRADY & CO.LTD.",X,STK,515.25,543.6,515.25,542.75,542.75,543.75,9,91,49289,
501421,"TechNVision Ventures Limited",X,STK,6300,6400,6200,6200,6200,6400,26,88,547940,
501423,"SHAILY ENGINEERING PLASTICS LT",A,STK,2049.75,2049.75,1980,1990.25,1985,1939.3,2042,19475,39016091,
501425,"The Bombay Burmah Trading Corp",A,STK,1740.05,1763.1,1716.1,1726.75,1725.7,1761.8,202,1140,1980458,
501430,"BOMBAY CYCLE & MOTOR AGENCY LT",X,STK,1710.1,1768.95,1710.1,1767.2,1750,1770.1,10,113,194951,
501455,"GREAVES COTTON LTD.",A,STK,152.5,157.9,152.5,157.55,157.45,152.45,422,37957,5921866,
501477,"MULLER & PHIPPS (INDIA) LTD.",X,STK,224.8,230,224.8,225.85,230,225,2,5,1129,
501622,"AMALGAMATED ELECTRICITY CO.LTD",X,STK,55.92,55.92,53.13,53.13,53.13,55.92,3,52,2765,
501700,"INDIANIVESH LTD.",X,STK,8.46,8.46,8.11,8.28,8.42,8.42,22,6823,56277,
501831,"COASTAL CORPORATION LTD.",T,STK,48.39,48.39,45,46.36,46.98,46.11,29,2452,113957,
501833,"CHOWGULE STEAMSHIPS LTD.",X,STK,20.9,20.9,18.95,20.05,20.05,20.19,38,4360,88378,
501848,"GLOBAL OFFSHORE SERVICES LTD.",X,STK,56,56,49.48,51.21,51.59,54.64,258,149216,7753931,
501945,"DHENU BUILDCON INFRA LTD.",Z,STK,6.91,6.91,6.65,6.91,6.91,6.78,34,10948,72945,
502015,"ASI INDUSTRIES LIMITED",X,STK,27.2,27.5,26.65,26.79,26.96,26.91,86,20522,551802,
502090,"SAGAR CEMENTS LTD.",B,STK,193.05,196.3,192,193.75,192,192.9,110,2210,429615,
502137,"DECCAN CEMENTS LTD.",B,STK,715.55,791.5,703.4,752.65,756,705.95,272,2867,2178752,
502157,"MANGALAM CEMENT LTD.",B,STK,932.65,939.3,910.15,912.3,911.05,922.3,509,9124,8448446,
502168,"NCL INDUSTRIES LTD.",B,STK,185.7,185.7,183.4,184.15,184.15,182.3,4,41,7589,
502175,"SAURASHTRA CEMENT LTD.",B,STK,66,69.46,66,68.32,68.32,65.05,116,3102,212631,
502180,"SHREE DIGVIJAY CEMENT CO.LTD.",B,STK,72.9,72.9,70.43,70.73,70.73,72.56,36,2062,146249,
502219,"BOROSIL RENEWABLES LIMITED",A,STK,473.9,483,464.1,465.1,465,473.8,412,6155,2903295,
502250,"LERTHAI FINANCE LIMITED",XT,STK,523.05,578,523.05,562.2,570,550.55,8,83,43757,
502281,"TRIVENI GLASS LTD.",X,STK,7.98,7.98,7.6,7.89,7.85,7.85,61,9416,72974,
502294,"NILACHAL REFRACTORIES LTD.",X,STK,33,33.05,33,33.05,33.05,33.56,2,201,6643,
502330,"ANDHRA PAPER LIMITED",B,STK,68.04,71.56,68.04,69,69,67.66,125,2720,189914,
502355,"BALKRISHNA INDUSTRIES LTD.",A,STK,2514,2514,2433.5,2461.6,2457.6,2515.7,1218,649631,1601256148,
502420,"ORIENT PAPER & INDUSTRIES LTD.",B,STK,18.57,19.2,18.47,18.85,18.8,18.57,180,23824,447233,
502445,"CITADEL REALTY AND DEVELOPERS",X,STK,39,39,39,39,39,39,3,66,2574,
502448,"ROLLATAINERS LTD.",T,STK,1.35,1.35,1.35,1.35,1.35,1.29,7,7850,10597,
502450,"SESHASAYEE PAPER & BOARDS LTD.",B,STK,275.9,280,271.95,272.1,271.95,275.85,84,1246,347298,
502587,"NATH INDUSTRIES LIMITED",X,STK,55.56,56,54.1,54.96,54.1,55.58,19,2903,161765,
502589,"VAPI ENTERPRISE LIMITED",X,STK,100.4,105,100.4,105,105,100,5,153,15600,
502820,"DCM LTD.",B,STK,81,81,78.02,78.02,78.02,80.05,15,110,8814,
502865,"FORBES & COMPANY LTD.",X,STK,344.95,344.95,325.05,327.05,330,333.85,93,2638,869450,
502873,"H.P.COTTON TEXTILE MILLS LTD.",X,STK,108,113.95,108,112.85,112.85,107,11,330,37082,
502893,"UNITED INTERACTIVE LTD.",X,STK,71.3,71.3,64.4,69.5,69.5,71.5,8,59,4047,
502901,"JAMSHRI REALTY LIMITED",X,STK,80.56,81.15,78.01,78.93,79,80.16,29,810,64335,
502937,"KESORAM INDUSTRIES LTD.",T,STK,8.51,9,8.51,8.87,8.87,8.81,184,46914,415597,
502958,"LAKSHMI MILLS COMPANY LTD.",X,STK,7643,7643,7550,7640,7640,7604.45,3,7,53396,
502986,"VARDHMAN TEXTILES LTD.",A,STK,540.35,550,531.05,549.2,548,545.6,1313,50422,27181196,
503031,"PENINSULA LAND LTD.",B,STK,17.09,18,17.09,17.58,17.55,17.53,167,16554,291203,
503092,"PASUPATI SPG.& WVG.MILLS LTD.",X,STK,32.54,32.54,32.54,32.54,32.54,31.11,1,100,3254,
503100,"THE PHOENIX MILLS LTD",A,STK,1683.05,1720,1669.8,1716,1714.75,1694.05,889,5863,9980473,
503101,"MARATHON NEXTGEN REALTY LTD.",B,STK,419.75,432,413.6,429.9,430,422.55,169,2076,879141,
503127,"RAJA BAHADUR INTERNATIONAL LTD",X,STK,4590,4590,4590,4590,4590,4487,1,1,4590,
503162,"RELIANCE CHEMOTEX INDUSTRIES L",B,STK,134.6,134.6,121.1,121.25,121.25,125.7,16,90,10964,
503169,"RUBY MILLS LTD.",B,STK,194.1,194.1,188.15,189.15,190,190.45,23,302,57361,
503229,"SIMPLEX REALTY LTD.",X,STK,128,136.5,123.8,123.8,123.8,130,17,959,124286,
503310,"Swan Corp Limited",A,STK,374,380,364.6,374.05,380,374,2510,72304,26802622,
503349,"VICTORIA MILLS LTD.",X,STK,6380,6449.9,6245.05,6310,6310,6387.35,20,34,214296,
503624,"SVARAJ TRADING & AGENCIES LTD.",X,STK,7.9,7.9,7.1,7.15,7.4,7.39,40,4281,31087,
503635,"SHREE SALASAR INVESTMENT LTD.",XT,STK,283.75,283.75,283.75,283.75,283.75,270.25,1,1,283,
503641,"ZODIAC VENTURES LIMITED",X,STK,1.59,1.59,1.54,1.56,1.57,1.58,198,111109,173265,
503657,"VEER ENERGY & INFRASTRUCTURE L",X,STK,12.16,12.47,12.02,12.18,12.41,12.25,59,5356,65441,
503663,"Tilak Ventures Limited",X,STK,0.94,0.94,0.92,0.92,0.92,0.93,692,1325140,1229966,
503675,"WAGEND INFRA VENTURE LIMITED",X,STK,1.14,1.14,1.1,1.14,1.14,1.14,17,4992,5686,
503681,"ELCID INVESTMENTS LTD.",B,STK,109000,109000.05,108802,108919.3,108999.95,109002.05,13,14,1524582,
503685,"MEDIAONE GLOBAL ENTERTAINMENT",Z,STK,19.25,19.99,19,19.94,19.94,19.64,12,192,3762,
503722,"BANSWARA SYNTEX LTD.",B,STK,114.45,114.45,112.15,112.15,112.15,114.65,12,528,59615,
503772,"MODELLA WOOLLENS LTD.",X,STK,64.7,68,64.7,68,68,68.1,4,21,1395,
503776,"MODIPON LTD.",X,STK,38,38,31.55,35.33,35.33,34.99,12,150,5054,
503804,"SHRI DINESH MILLS LTD.",X,STK,233.5,243.6,233.5,236,236,237.05,14,248,59595,
503806,"SRF LTD.",A,STK,2620,2628,2596,2617.25,2619.4,2613.5,793,4427,11569206,
503811,"SIYARAM SILK MILLS LTD.",B,STK,583.3,583.3,531.05,533.6,534.8,536.8,80,529,284769,
503816,"SWADESHI POLYTEX LTD.",X,STK,37.54,37.54,34.54,35.22,35,34.48,122,6001,213293,
503837,"SHREE RAJASTHAN SYNTEX LTD.",X,STK,14.2,14.2,13.85,13.89,13.89,13.55,11,419,5823,
503960,"BHARAT BIJLEE LTD.",A,STK,2420.5,2452.1,2420.5,2429.15,2441.8,2420.4,172,1032,2515943,
504000,"ELPRO INTERNATIONAL LTD.",B,STK,86.99,86.99,83.99,85.89,86,85.95,199,26029,2217256,
504028,"GEE LTD.",X,STK,70,71.96,68.26,69.73,69.99,70,91,14205,991180,
504036,"HIND RECTIFIERS LTD.",B,STK,1375,1414,1375,1403.2,1403.2,1381.65,114,1280,1785447,
504058,"INDO-NATIONAL LTD.",B,STK,334.9,348.25,334.75,340.2,338.8,347.55,55,275,93438,
504067,"ZENSAR TECHNOLOGIES LTD.",A,STK,543.2,568.55,541.9,554.15,554.75,543.05,3158,78277,43762822,
504076,"JYOTI LTD.",X,STK,67,67,64.2,64.62,64.62,65.35,214,24847,1614430,
504080,"JSL INDUSTRIES LTD.",X,STK,941.1,1094.5,900,1092.45,1094.5,995,29,186,189270,
504084,"KAYCEE INDUSTRIES LTD.",X,STK,833.55,860,806.6,841.95,830.05,833.55,163,1017,850421,
504092,"INDOKEM LTD.",X,STK,511,554.25,501.55,549.9,545,527.9,574,23085,12028864,
504093,"PANASONIC ENERGY INDIA COMPANY",X,STK,304.7,304.8,295.55,297.5,295.55,299.65,65,536,160178,
504112,"NELCO LTD.",B,STK,630,642.9,625,628.25,627.8,626.55,187,2402,1516504,
504132,"PERMANENT MAGNETS LTD.",X,STK,813,835.9,785,787.8,785.7,808.25,266,2937,2344005,
504176,"HIGH ENERGY BATTERIES (INDIA)",X,STK,555.8,555.95,539,544.35,546.5,540.9,169,4637,2525782,
504180,"STANDARD BATTERIES LTD.",XT,STK,48.96,48.96,48,48,48,48,23,485,23330,
504212,"UNIVERSAL CABLES LTD.",B,STK,682,698.55,680.1,682.45,682.05,677,140,1927,1328586,
504220,"W.S.INDUSTRIES (INDIA) LTD.",B,STK,71.62,72.15,69.15,69.51,70,70.98,746,62584,4385253,
504240,"DELTON CABLES LTD.",X,STK,492.05,495,470,475.9,475.9,491.15,162,2132,1023899,
504258,"LAKSHMI ELECTRICAL CONTROL SYS",X,STK,752.05,753.5,750,750.3,750,758.95,29,465,349389,
504273,"MODULEX CONSTRUCTION TECHNOLOG",Z,STK,22.8,22.8,20.91,21.04,21,21.8,20,4353,91623,
504286,"DELTA MANUFACTURING LIMITED",B,STK,63,63.4,60.4,61.07,61.07,61.91,8,2005,124108,
504340,"Longspur International Venture",X,STK,7.14,7.14,6.89,6.89,6.89,7.03,12,2434,16777,
504341,"RAVINDRA ENERGY LIMITED",B,STK,141.1,146.6,141.05,146.6,146.6,144.45,98,7865,1113469,
504351,"EMPOWER INDIA LTD.",X,STK,1.76,1.76,1.5,1.52,1.52,1.66,1455,3505040,5739909,
504369,"GRANDMA TRADING & AGENCIES LTD",X,STK,0.49,0.49,0.49,0.49,0.49,0.49,2,22,10,
504378,"NYSSA CORPORATION LIMITED",X,STK,2.46,2.47,2.36,2.43,2.44,2.43,50,10456,25309,
504380,"FLOMIC GLOBAL LOGISTICS LIMITE",X,STK,47.24,47.24,46.11,46.26,46.49,47.01,44,758,35598,
504392,"KRISHNA VENTURES LIMITED",XT,STK,23.02,23.15,23.02,23.15,23.15,24.23,13,1195,27524,
504397,"GANESH HOLDINGS LTD.",XT,STK,62.25,66.5,60.2,66.5,66.5,63.35,9,762,45942,
504605,"UNI ABEX ALLOY PRODUCTS LTD.",X,STK,3116,3230.95,3100,3157.25,3120,3194.15,62,474,1495025,
504614,"SARDA ENERGY & MINERALS LTD.",A,STK,534.95,535.8,516.75,518.45,516.95,531.5,563,13500,7099125,
504646,"BHAGWATI AUTOCAST LTD.",X,STK,574,574,542.05,552.45,554.95,552.5,37,262,145121,
504648,"BOMBAY WIRE ROPES LTD.",X,STK,46.03,50,46.03,49.94,50,46.03,11,2612,125119,
504731,"AZAD INDIA MOBILITY LIMITED",X,STK,87,91.87,87,91.49,91.49,88.35,78,6999,616103,
504741,"INDIAN HUME PIPE CO.LTD.",B,STK,336,343.9,336,340,338.6,341,41,646,220329,
504746,"INDIAN LINK CHAIN MANUFACTURES",XT,STK,1490.2,1490.2,1480,1480,1480,1461,15,631,940102,
504786,"INVESTMENT & PRECISION CASTING",X,STK,531.8,555,531.8,535.65,535.65,550.95,57,2532,1358253,
504810,"INFORMED TECHNOLOGIES INDIA LT",X,STK,78,78,70,75,75,78,10,129,9396,
504840,"KAIRA CAN CO.LTD.",X,STK,1380,1380,1380,1380,1380,1380,3,12,16560,
504879,"ORIENT CERATECH LIMITED",B,STK,39.6,40.02,39.27,39.4,39.4,39.5,181,9671,384874,
504882,"NATIONAL STANDARD (INDIA) LTD.",B,STK,1390.05,1405,1385,1390.05,1385,1402.15,15,65,90352,
504903,"RATHI STEEL & POWER LTD.",X,STK,21.51,22.29,21.51,22.17,22.25,21.9,259,95975,2111172,
504908,"Duncan Engineering Limited",X,STK,476.15,476.15,419.2,426.4,426.4,454.95,64,1613,689465,
504918,"SANDUR MANGANESE & IRON ORES L",B,STK,214.7,222,209.05,220,220,213.35,4859,238669,51872706,
504959,"STOVEC INDUSTRIES LTD.",X,STK,1850,1894,1849.9,1858.3,1859,1859.75,49,292,541541,
504973,"CHOLAMANDALAM FINANCIAL HOLDIN",A,STK,1655.15,1699.05,1618,1686.3,1686.3,1674.05,937,7268,12045375,
504988,"WELCAST STEELS LTD.",X,STK,750,750,707,707,707,695.25,9,64,45575,
505010,"AUTOMOTIVE AXLES LTD.",B,STK,2060,2070,2014.1,2023.6,2016,2049.95,121,600,1225563,
505029,"ATLAS CYCLES (HARYANA) LTD.",B,STK,91.3,91.55,87,88.75,90,89.38,17,181,16049,
505036,"AUTOMOBILE CORPORATION OF GOA",B,STK,1712,1712,1672,1672.95,1672.1,1702.05,52,409,688160,
505075,"SETCO AUTOMOTIVE LTD.",B,STK,16.12,16.12,15.01,16.12,16.12,15.36,55,25550,409689,
505160,"TALBROS AUTOMOTIVE COMPONENTS",B,STK,267.3,267.3,257.7,261.6,261.45,266.5,56,1687,443655,
505163,"Z.F.STEERING GEAR (INDIA) LTD.",B,STK,799.9,804.95,772.55,785.55,785.55,793.2,155,3311,2603718,
505192,"SML Mahindra Limited",B,STK,4960,5121.05,4920.2,5019.2,5025,4914.7,811,3996,20072499,
505196,"TIL LTD.",B,STK,211.55,211.55,207.3,208.35,207.95,208.75,55,1706,358015,
505200,"EICHER MOTORS LTD.",A,STK,8050.5,8220,8029.75,8192.2,8192.2,8010.45,2874,16159,131170702,
505212,"JAINEX AAMCOL LTD.",X,STK,124,124,120,120,120,120,2,20,2440,
505216,"ALFRED HERBERT (INDIA) LTD.",X,STK,2785,2869,2785,2807,2807,2780,15,57,161188,
505232,"VELJAN DENISON LIMITED",X,STK,1026.35,1026.35,985.05,993.2,992.75,1026.35,27,131,130925,
505242,"DYNAMATIC TECHNOLOGIES LTD.",B,STK,10040,10442.7,9840.45,10081.35,9965,9947.9,287,751,7517958,
505250,"G. G. Dandekar Properties Limi",X,STK,69.29,69.29,64.3,65.7,64.3,69.29,9,39,2605,
505255,"GMM PFAUDLER LTD.",A,STK,985.4,987,955.95,962.1,964.75,986.05,321,3953,3863993,
505283,"KIRLOSKAR PNEUMATIC CO.LTD.",A,STK,1153.7,1172.65,1141,1145.55,1142.5,1153.6,140,1656,1909731,
505299,"KPT INDUSTRIES LIMITED",X,STK,575.9,581,565,574.3,574.3,570.5,102,1925,1103831,
505302,"LAKSHMI ENGINEERING AND WAREHO",X,STK,1889,1889,1889,1889,1889,1895,1,1,1889,
505324,"MANUGRAPH INDIA LTD.",B,STK,14.7,14.7,14.13,14.29,14.23,14.75,35,2001,28637,
505336,"HARSHIL AGROTECH LIMITED",X,STK,0.41,0.42,0.39,0.4,0.4,0.41,874,5574771,2250926,
505343,"MONOTYPE INDIA LTD.",X,STK,0.43,0.44,0.42,0.43,0.43,0.43,543,845203,361411,
505355,"NESCO LTD.",B,STK,1142.9,1155.5,1130.05,1149.1,1136.55,1142.85,555,2648,3036391,
505358,"INTEGRA ENGINEERING INDIA LTD.",X,STK,169.25,169.25,162.9,164.05,164.05,168.5,201,21871,3584300,
505368,"Semac Construction Limited",B,STK,240.45,257.8,230.05,230.05,230.05,242,9,204,49202,
505400,"TEXMACO INFRASTRUCTURE & HOLDI",B,STK,95,95.35,93.16,94.62,94.37,95.9,27,1292,121393,
505412,"WENDT (INDIA) LTD.",B,STK,6815,7000,6815,6835.35,6829.5,6721.15,89,175,1201401,
505502,"PS IT INFRASTRUCTURE & SERVICE",X,STK,1.34,1.35,1.33,1.35,1.35,1.35,10,26264,35350,
505504,"GHV INFRA PROJECTS LIMITED",XT,STK,350.85,360,334,347.25,349,343.95,836,30068,10509055,
505509,"RESPONSIVE INDUSTRIES LTD.",B,STK,177,179.8,176,176.95,176,177.3,46,925,164683,
505515,"SHYAMKAMAL INVESTMENTS LTD.",X,STK,12.9,12.93,12.68,12.72,12.7,12.4,16,1246,16060,
505523,"MAHARASHTRA CORPORATION LTD.",X,STK,0.38,0.38,0.37,0.37,0.37,0.38,239,491288,183988,
505526,"DOLAT ALGOTECH LIMITED",B,STK,74.62,77,74.25,75.61,75.87,75.49,102,9202,691426,
505533,"WESTLIFE FOODWORLD LIMITED",A,STK,493.7,506.95,490.3,500.85,500.1,506.5,417,2195,1093270,
505537,"ZEE ENTERTAINMENT ENTERPRISES",A,STK,88.42,88.42,87.1,87.42,87.42,88.42,983,123061,10779718,
505590,"SVP GLOBAL TEXTILES LIMITED",T,STK,2.99,2.99,2.99,2.99,2.99,3.03,2,1100,3289,
505650,"SKYLINE MILLARS LTD.",X,STK,20.09,21.14,19.35,19.47,19.35,20.09,16,570,11375,
505681,"BIMETAL BEARINGS LTD.",X,STK,555.35,574.9,555.35,560.5,570,555.35,16,180,101912,
505688,"BHARAT GEARS LTD.",B,STK,106,111.8,106,109,109,108.15,78,978,105941,
505690,"BRADY & MORRIS ENGINEERING CO.",X,STK,809,838.35,809,837.1,825,829.2,21,193,157926,
505693,"La Tim Metal & Industries Limi",X,STK,11,11.15,10.2,10.84,11.09,10.6,178,61676,666341,
505700,"ELECON ENGINEERING CO.LTD.",A,STK,421.3,430.45,419.4,423.25,423.05,423.1,536,16995,7210773,
505710,"GRAUER & WEIL (INDIA) LTD.",B,STK,64.8,67.29,64,64.86,65,64.77,5094,194460,12679016,
505712,"HIM TEKNOFORGE LIMITED",X,STK,200,206.25,199.35,201.65,201.5,204,31,1393,281960,
505714,"GABRIEL INDIA LTD.",A,STK,1009.95,1040,1005,1008.65,1007.05,1011.25,887,11254,11514596,
505720,"Hercules Investments Limited",B,STK,124,128.85,124,125.6,125.6,124.7,178,7216,913021,
505725,"ALGOQUANT FINTECH LIMITED",B,STK,60,60.88,58.74,60.16,59.8,59.94,847,375542,22462703,
505726,"IFB INDUSTRIES LTD.",B,STK,1107.3,1116.55,1087.1,1093.8,1097.75,1105.1,124,673,738564,
505729,"SINGER INDIA LTD.",X,STK,73.99,75.4,73.18,74.68,74.68,73.17,241,61633,4588145,
505737,"INTERNATIONAL COMBUSTION (INDI",X,STK,441.2,453.9,426,426.8,426.8,443.9,102,4789,2073852,
505744,"FEDERAL-MOGUL GOETZE (INDIA) L",B,STK,411.8,417.45,409.5,411.6,409.5,411.8,121,2459,1015067,
505750,"JOSTS ENGINEERING CO.LTD.",X,STK,254,257.9,247.05,247.9,249.95,249.15,113,5087,1263664,
505790,"Schaeffler India Limited",A,STK,4285.2,4408.8,4285.2,4346.15,4350,4266.4,2387,16970,73791673,
505800,"RANE HOLDINGS LTD.",B,STK,1200.5,1200.5,1181.8,1187.05,1187.05,1188,25,34,40464,
505827,"SNL BEARINGS LTD.",X,STK,375,375,365.6,369.65,370,374.05,36,1063,391063,
505840,"JAIPAN INDUSTRIES LTD.",X,STK,25.83,25.83,25.17,25.82,25.82,25.84,11,1131,29204,
505850,"MANGAL CREDIT AND FINCORP LTD.",B,STK,167.5,173.55,167.5,167.5,167.5,169.25,74,6266,1081459,
505854,"TRF LTD.",B,STK,277,279,274,274.05,274,270.8,25,559,155631,
505872,"WPIL LTD.",B,STK,406,409.4,396.55,398.4,398.4,405,722,38473,15488055,
505890,"KENNAMETAL INDIA LTD.",B,STK,2460,2460,2361.35,2377.1,2389.8,2417.45,156,629,1508286,
505893,"HINDUSTAN HARDY LIMITED",X,STK,899.95,899.95,854.05,860.55,860.55,874.05,9,24,20747,
505978,"TRITON VALVES LTD.",X,STK,3474,3474,3415,3465.35,3472,3391.2,89,954,3291236,
506003,"SUDAL INDUSTRIES LTD.",X,STK,52.25,52.25,49.64,49.64,49.64,52.25,40,3515,177633,
506022,"PRAKASH INDUSTRIES LTD.",B,STK,136.9,140.35,134.9,135.75,135.05,136.8,294,13317,1829979,
506076,"GRINDWELL NORTON LTD.",A,STK,1650,1670,1650,1668.7,1670,1660.25,41,207,344543,
506105,"STANROSE MAFATLAL INVESTMENTS",X,STK,63,63,61.1,61.1,61.1,63,11,167,10406,
506109,"GENESYS INTERNATIONAL CORPORAT",B,STK,308.5,319.35,306.85,311.05,307.5,301.55,315,13418,4178947,
506122,"Kairosoft AI Solutions Limited",XT,STK,45.9,47,42.76,45.47,45.13,45,46,2742,124669,
506128,"PARNAX LAB LTD.",X,STK,133,133,128.35,129.05,129,131.65,32,2855,372746,
506134,"GOURMET GATEWAY INDIA LIMITED",X,STK,11.53,11.57,10.62,11.37,11.38,10.97,40,11665,132674,
506146,"VISAGAR POLYTEX LTD.",B,STK,0.6,0.6,0.55,0.57,0.57,0.57,34,29240,16505,
506166,"APIS INDIA LTD.",XT,STK,57,59.82,56.83,56.97,56.99,59.82,588,35204,2011147,
506184,"KANANI INDUSTRIES LTD.",B,STK,1.5,1.74,1.49,1.53,1.54,1.5,43,87831,145086,
506186,"GALAXY CLOUD KITCHENS LIMITED",X,STK,15.2,16.09,14.71,16.09,16.09,15.33,39,10559,168175,
506194,"ARIHANT SUPERSTRUCTURES LIMITE",B,STK,263.1,271.85,261.2,264.05,264.05,260.7,225,2005,530244,
506197,"BLISS GVS PHARMA LTD.",B,STK,219.55,223.4,214.6,217.5,217.2,219.05,632,40701,8887789,
506222,"Styrenix Performance Materials",A,STK,1928.55,1939.25,1906.55,1923.05,1927,1918.85,108,484,930980,
506235,"ALEMBIC LTD.",B,STK,93,93,90.56,91.19,91.45,92.06,307,14227,1302412,
506248,"AMINES & PLASTICIZERS LTD.",B,STK,159.5,159.5,152.5,153.85,152.55,159.5,52,206,31781,
506260,"ANUH PHARMA LTD.",B,STK,76.21,78.95,76.11,77.85,78.95,76.11,40,1330,102249,
506261,"MODISON LIMITED",B,STK,141.45,141.45,137,137.7,137.7,140,51,1513,208700,
506285,"BAYER CROPSCIENCE LTD.",A,STK,4730,4769.95,4658.2,4679.95,4704,4730.6,501,1039,4875310,
506365,"STARSOURCE MULTITRADE LIMITED",X,STK,91,91,91,91,91,92.1,3,5,455,
506373,"CITURGIA BIOCHEMICALS LTD.",B,STK,106.72,106.72,106.72,106.72,106.72,97.02,7,280,29881,
506390,"Sudarshan Colorants India Limi",B,STK,355.9,358.45,340,341.85,340,351.2,168,1583,548298,
506395,"COROMANDEL INTERNATIONAL LTD.",A,STK,2329.85,2335,2287,2330.4,2320,2311.1,2598,13132,30384769,
506401,"DEEPAK NITRITE LTD.",A,STK,1565.15,1605,1565.15,1591.8,1591,1581.6,785,3852,6103047,
506405,"DMCC SPECIALITY CHEMICALS LIMI",B,STK,221.95,226.2,220,223,223,220.85,228,11540,2571326,
506414,"FERMENTA BIOTECH LIMITED",X,STK,335.05,344,331.15,332.45,333,340.1,139,6387,2146281,
506480,"GOCL Corporation Limited",B,STK,251.4,259.1,251.4,257.8,255.95,251.3,71,3322,850834,
506520,"JAYSHREE CHEMICALS LTD.",X,STK,6.5,6.5,6.25,6.32,6.39,6.47,41,5744,36162,
506525,"KANORIA CHEMICALS & INDUSTRIES",B,STK,71.38,71.38,67,67.64,67.69,71.35,94,4176,282921,
506528,"KELTECH ENERGIES LTD.",X,STK,3175,3212.95,3110,3186.9,3140,3192.35,149,907,2860647,
506532,"NITTA GELATIN INDIA LTD.",X,STK,838,842,829,831.2,836.8,834.25,65,1071,890874,
506543,"M.P.AGRO INDUSTRIES LTD.",XT,STK,8.94,9.36,8.94,9.36,9.36,8.92,4,182,1686,
506579,"AG VENTURES LIMITED",B,STK,113,116,110.75,111.85,110.75,113,118,3945,448418,
506590,"PCBL Chemical Limited",A,STK,308,309.7,294.5,300.4,300.4,306.4,1124,50078,15137895,
506597,"AMAL LTD.",X,STK,498,513.85,498,509.25,509.75,510.65,131,2274,1160370,
506605,"POLYCHEM LTD.",X,STK,2222,2298,2190,2285.45,2298,2200,52,195,436868,
506618,"PUNJAB CHEMICALS AND CROP PROT",B,STK,1075,1150,1068.65,1136.35,1129.35,1093.55,76,325,363822,
506640,"ZR2 BIOENERGY LIMITED",X,STK,153,153.65,139.5,142.3,139.5,153.65,48,4815,688244,
506642,"SADHANA NITROCHEM LTD.",B,STK,2.08,2.08,2.08,2.08,2.08,2.18,37,23246,48351,
506655,"SUDARSHAN CHEMICAL INDUSTRIES",A,STK,893.25,894.1,883.05,887.65,888.85,893.3,85,661,586032,
506680,"TECIL CHEMICALS & HYDRO POWER",B,STK,13.84,14.14,13.02,13.02,13.02,13.68,9,468,6167,
506685,"ULTRAMARINE & PIGMENTS LTD.",B,STK,432.65,447.5,430.1,442.85,444,426.9,3566,32261,14280849,
506687,"TRANSPEK INDUSTRY LTD.",X,STK,1069.95,1069.95,1010,1018.9,1018.9,1026.9,177,2939,3033013,
506690,"UNICHEM LABORATORIES LTD.",B,STK,359,359,345.2,352.9,357.45,357,281,4186,1470742,
506734,"MYSORE PETRO CHEMICALS LTD.",X,STK,99.06,99.08,94.97,95.56,95.56,97.12,75,1819,174518,
506767,"ALKYL AMINES CHEMICALS LTD.",A,STK,1477.15,1497.65,1474.05,1489.9,1496,1485.6,189,887,1316832,
506808,"TUTICORIN ALKALI CHEMICALS AND",X,STK,55.45,55.45,53,53.65,53.65,54.39,137,16888,911077,
506820,"ASTRAZENECA PHARMA INDIA LTD.",A,STK,8899.85,8949,8813.05,8850.6,8815.2,8820.65,92,193,1713157,
506852,"Primo Chemicals Limited",B,STK,20.23,20.23,18.91,19.6,19.98,20.14,99,35946,701857,
506854,"TANFAC INDUSTRIES LTD.",B,STK,4173,4255,4132.5,4151.3,4151.3,4172.3,557,2390,10013237,
506858,"GUJARAT PETROSYNTHESE LTD.",X,STK,59.06,62,53.75,60.02,60.02,60.01,16,238,14284,
506863,"SWADESHI INDUSTRIES LEASING CO",XT,STK,120.85,120.85,120.85,120.85,120.85,123.3,22,933,112753,
506879,"GUJARAT THEMIS BIOSYN LTD.",B,STK,312.3,319.05,311,313.25,311,315,137,3168,992677,
506906,"Saptak Chem And Business Limit",XT,STK,58.02,58.02,58.02,58.02,58.02,59.2,7,1005,58310,
506919,"MAKERS LABORATORIES LTD.",X,STK,160.6,164.4,153.95,155.35,157.95,160.6,109,7803,1252320,
506943,"J.B.CHEMICALS & PHARMACEUTICAL",A,STK,2086.5,2112.55,2071.9,2082.85,2085,2086.35,752,7158,14950397,
506947,"ADVANCE PETROCHEMICALS LTD.",X,STK,97.6,107.8,97.6,107.8,107.8,102.7,9,211,21775,
506981,"BLUE CHIP TEX INDUSTRIES LTD.",X,STK,122.25,123.2,122.25,122.7,122.25,122.25,15,367,45066,
507155,"JAGATJIT INDUSTRIES LTD.",X,STK,149,152,145.4,151.5,151.2,145.8,499,38309,5749009,
507180,"KESAR ENTERPRISES LTD.",X,STK,5,5,4.5,4.63,4.63,4.94,132,42675,198603,
507205,"TILAKNAGAR INDUSTRIES LTD.",A,STK,440.05,453,440.05,449.75,451.45,442.4,898,34019,15328419,
507265,"Emerald Leisures Limited",X,STK,195,209,195,203.2,200.05,195.95,9,701,142440,
507300,"The Ravalgaon Sugar Farm Limit",X,STK,940,940,911.25,939.5,939.5,913.95,8,351,329170,
507315,"SAKTHI SUGARS LTD.",B,STK,15.7,16.05,15.5,15.67,15.63,15.48,31,4164,65559,
507410,"WALCHANDNAGAR INDUSTRIES LTD.",B,STK,165.05,178,165.05,177.4,178,168.65,524,43459,7576219,
507438,"IFB AGRO INDUSTRIES LTD.",B,STK,897.05,905.7,851.55,857.9,857,896.35,204,983,852191,
507474,"KOTHARI FERMENTATION & BIOCHEM",X,STK,41.5,42.68,38.22,38.99,38.99,41.3,226,92033,3643639,
507488,"G.M.BREWERIES LTD.",B,STK,995.15,1014.55,995.15,1007.2,1007.5,1001.75,168,1247,1252845,
507490,"RANA SUGARS LTD.",B,STK,10.63,11.1,10.5,11,11,10.91,45,23372,250555,
507498,"PICCADILY SUGAR & ALLIED INDUS",X,STK,33.99,34.2,32.51,33.3,33.3,33.14,33,1871,62376,
507514,"SOM DISTILLERIES & BREWERIES L",B,STK,83,83,79.4,81.48,81.23,79.4,546,97355,7911962,
507515,"C.J.GELATINE PRODUCTS LTD.",X,STK,18.05,18.05,18.05,18.05,18.05,18.99,1,1,18,
507526,"ASSOCIATED ALCOHOLS & BREWERIE",B,STK,801.05,824.25,793,801.65,801.65,817,221,1445,1165505,
507552,"FOODS & INNS LTD.",B,STK,57.06,60.3,57.06,59.96,59.99,59.83,72,3696,219610,
507580,"IVP LTD.",B,STK,136,142,136,138.5,138.5,142.45,12,658,89531,
507598,"KOVILPATTI LAKSHMI ROLLER FLOU",X,STK,97.4,117,97,106.37,104.5,97.69,223,35168,3684809,
507609,"OLYMPIC OIL INDUSTRIES LTD.",X,STK,30.97,30.97,29.45,30.96,30.96,30.99,4,112,3316,
507621,"MILKFOOD LTD.",X,STK,52.9,52.9,51.35,52.38,52.38,52.61,116,7426,387861,
507645,"POLSON LTD.",X,STK,11202.2,11202.2,11202.15,11202.15,11202.15,11311.7,2,2,22404,
507685,"WIPRO LTD.",A,STK,204.7,204.7,199.2,201,201,201.85,6210,444255,89555834,
507690,"ORIENT BEVERAGES LTD.",XT,STK,229,242.95,229,236.55,233.15,238.85,35,794,187879,
507717,"DHANUKA AGRITECH LTD.",B,STK,1060.05,1076.55,1052.7,1055.7,1053,1073.35,209,1373,1461517,
507747,"TTK HEALTHCARE LTD.",B,STK,918.25,925.75,912.2,915.25,918.25,918.05,16,128,117293,
507753,"TGV SRAAC Limited",B,STK,87.83,87.83,86.05,86.58,86.5,87.24,741,112943,9803007,
507759,"LIME CHEMICALS LTD.",X,STK,12.25,12.25,11.75,12.11,12.11,11.76,5,1801,21312,
507779,"KANPUR PLASTIPACK LTD.",B,STK,184.1,184.1,181.9,182.75,182.75,183.2,24,114,20872,
507785,"TAINWALA CHEMICALS & PLASTICS",B,STK,195.5,209,193.95,206.25,206.5,195.45,177,1058,213698,
507789,"JAGSONPAL PHARMACEUTICALS LTD.",B,STK,169.6,170,167,169,169,169.6,40,2561,430202,
507794,"KHAITAN CHEMICALS & FERTILIZER",B,STK,57.9,58.65,56.5,56.98,56.5,57.16,59,5468,316793,
507808,"UNITED LEASING & INDUSTRIES LT",P,STK,42.14,42.14,42.14,42.14,42.14,43,1,50,2107,
507813,"NATIONAL OXYGEN LTD.",X,STK,72,72,71,71,71,68.97,18,1667,118371,
507815,"GILLETTE INDIA LTD.",A,STK,8440.15,8468.75,8350,8426.3,8429,8423.35,438,1205,10141386,
507817,"WIRES & FABRIKS (SA) LTD.",X,STK,162.75,162.75,147.7,148.85,147.7,155,11,238,36891,
507828,"ANSAL HOUSING LIMITED",X,STK,7.8,8.15,7.5,7.66,7.66,7.79,186,48338,375953,
507833,"COMPUTER POINT LTD.",X,STK,4.07,4.15,3.95,4.06,4.09,4.15,40,16836,67429,
507836,"MAC CHARLES (INDIA) LTD.",X,STK,650,650,600,633.45,640,636.65,27,507,314777,
507852,"ADDI INDUSTRIES LTD.",X,STK,117.75,117.75,96.3,100.75,104.95,100.75,58,1073,113753,
507864,"PIONEER INVESTCORP LTD.",XT,STK,100.95,100.95,94.3,96.95,96.95,98.6,30,1749,166680,
507872,"ASHNOOR TEXTILE MILLS LTD.",X,STK,41.16,42.65,41.16,42.44,42.44,41.16,3,21,869,
507878,"UNITECH LTD.",B,STK,4.94,5.12,4.94,4.97,4.96,4.94,332,423566,2125178,
507880,"V.I.P.INDUSTRIES LTD.",A,STK,362.85,364.15,355,360.2,360.35,361.55,428,7228,2602004,
507910,"FIBERWEB (INDIA) LTD.",T,STK,41.5,42,40.86,41.51,41.51,41.4,11,1127,46171,
507912,"LKP FINANCE LIMITED",XT,STK,987.4,1010,970,979.4,998,980.4,303,23509,23318270,
507944,"BAJAJ STEEL INDUSTRIES LTD.",B,STK,417.15,426.75,417,418.65,418.65,420.1,260,3785,1592757,
507946,"KIDUJA INDIA LTD.",X,STK,18.9,18.9,18.89,18.89,18.89,18,4,244,4609,
507948,"KEY CORP LTD.",X,STK,79.53,79.53,72,73.67,78.98,75.75,51,697,51345,
507960,"GUJARAT HOTELS LTD.",X,STK,194.8,200.05,189,189.05,189,193,29,1681,330363,
507962,"FYNX CAPITAL LIMITED",XT,STK,6.81,6.81,6.81,6.81,6.81,6.94,179,31710,215945,
507966,"RAS RESORTS & APART HOTELS LTD",X,STK,38.7,39.2,38.7,38.7,38.7,38.65,14,192,7487,
507981,"JINDAL HOTELS LTD.",X,STK,64.34,65.4,64,65.13,65,65.11,21,270,17406,
507998,"SIMMONDS MARSHALL LTD.",X,STK,152.9,152.9,146.2,148.75,148.75,145.1,74,6643,988508,
508136,"B & A LTD.",X,STK,370,385,360.05,380.05,380,380,13,834,308630,
508486,"HAWKINS COOKERS LTD.",B,STK,7200,7300.05,7200,7268.2,7268.2,7197.1,298,743,5386705,
508494,"WARREN TEA LTD.",X,STK,46.39,46.39,42.47,43.28,43.3,43,21,510,22003,
508571,"COCHIN MALABAR ESTATES & INDUS",X,STK,133,133,132.8,132.8,132.8,133.7,6,32,4254,
508664,"BEST EASTERN HOTELS LTD.",X,STK,11.65,13.49,11.4,12.01,13.49,11.95,22,886,10516,
508670,"NEELAMALAI AGRO INDUSTRIES LTD",X,STK,3200,3257.5,3155,3180.2,3180.2,3214.05,12,41,130300,
508807,"IST LTD.",B,STK,743.9,743.9,724,726.8,735,737,19,315,230442,
508814,"Cosmo First Limited",B,STK,699.9,713.7,696.7,703.5,703.3,699.8,473,6599,4646586,
508869,"APOLLO HOSPITALS ENTERPRISE LT",A,STK,7782.6,7830,7731.25,7778.55,7792,7782.55,702,3820,29682725,
508875,"Nitin Castings Limited",X,STK,481,544,481,528.6,528.6,505.2,130,1576,791378,
508905,"NEXOME CAPITAL MARKETS LIMITED",X,STK,90,93,83.01,91.93,89.07,86.45,63,1511,136252,
508906,"EVEREST INDUSTRIES LTD.",B,STK,402.85,402.85,384.55,385.85,385,393.05,25,51,19963,
508918,"IRONWOOD EDUCATION LIMITED",X,STK,45,50.5,45,48.52,49,48.47,34,3014,149289,
508922,"MSR INDIA LTD.",XT,STK,6.22,6.22,6.22,6.22,6.22,6.1,153,86674,539112,
508933,"AYM Syntex Limited",B,STK,210,210,199,201.7,202.65,203.75,39,1415,292297,
508941,"PANASONIC CARBON INDIA CO.LTD.",X,STK,469.8,473,460.3,467.15,468,468.1,136,3742,1741132,
508954,"FINKURVE FINANCIAL SERVICES LT",B,STK,79.2,79.8,76.66,78.17,77.25,79.95,19,408,32097,
508956,"HB LEASING & FINANCE CO.LTD.",X,STK,12.2,12.2,12.2,12.2,12.2,12.94,9,944,11516,
508961,"SHRICON INDUSTRIES LTD.",XT,STK,202,202,190.25,190.25,190.25,192.4,8,213,41779,
508963,"TRUSTWAVE SECURITIES LIMITED",X,STK,18.34,18.34,17.8,17.8,17.8,18.71,3,151,2715,
508969,"SULABH ENGINEERS & SERVICES LT",X,STK,2.38,2.4,2.3,2.37,2.33,2.33,41,8502,20279,
508980,"FRONTIER CAPITAL LIMITED",XT,STK,8.6,8.6,7.86,8.4,8.5,8.2,25,10290,86626,
508989,"NAVNEET EDUCATION LIMITED",B,STK,148.05,149.05,147.5,147.8,147.5,148.5,32,510,75583,
509009,"AUSOM ENTERPRISE LIMITED",T,STK,97.55,97.55,97.5,97.5,97.5,97.5,8,503,49047,
509015,"THAKRAL SERVICES (INDIA) LTD.",X,STK,14.64,16.15,14.63,14.68,14.68,15.39,53,17840,266833,
509020,"RUCHI INFRASTRUCTURE LTD.",B,STK,5.55,5.9,5.55,5.75,5.75,5.96,18,19801,115973,
509024,"GOLDEN LEGAND LEASING & FINANC",X,STK,9.67,11.45,9.67,10.48,10.52,9.61,99,33892,358951,
509026,"VJTF EDUSERVICES LTD.",X,STK,93,95,87.1,87.1,87.1,91.9,6,91,8542,
509038,"VOLTAIRE LEASING & FINANCE LTD",X,STK,11.61,11.89,11.45,11.6,11.89,11.66,4,166,1927,
509040,"NETLINK SOLUTIONS (INDIA) LTD.",XT,STK,186,188,180.5,182.35,181,185.2,21,462,83950,
509046,"TRILIANCE POLYMERS LIMITED",XT,STK,34,34,34,34,34,35.68,8,10401,353634,
509048,"LANCOR HOLDINGS LTD.",T,STK,24.5,26.5,24.05,25.24,25.2,25.27,15,2375,58653,
509051,"INDIAN INFOTECH & SOFTWARE LTD",X,STK,0.65,0.66,0.65,0.66,0.65,0.65,610,1422416,931593,
509053,"BANAS FINANCE LTD.",X,STK,6.42,6.76,6.3,6.65,6.57,6.48,113,17345,113463,
509055,"VISAKA INDUSTRIES LTD.",B,STK,62.28,62.78,61.69,61.91,62.11,62.07,41,1810,112257,
509069,"INFOMEDIA PRESS LTD.",B,STK,4.85,5.03,4.8,5.03,5.03,4.96,18,1705,8313,
509073,"HATHWAY BHAWANI CABLETEL & DAT",X,STK,12.42,13,11.67,12.1,12.1,12.43,28,6225,74884,
509079,"GUFIC BIOSCIENCES LTD.",B,STK,278.3,284.8,276.55,283.5,280.95,279.55,64,1162,326386,
509152,"GRP LTD.",B,STK,1677.1,1682.85,1658.05,1682.85,1682.85,1652.75,16,35,58373,
509162,"INDAG RUBBER LTD.",X,STK,96.5,101,96.5,100.6,101,96.35,67,3912,388055,
509196,"MM RUBBER COMPANY LTD.",X,STK,70.4,71.95,63.22,64.47,64.47,69.16,94,7139,475265,
509220,"PTL ENTERPRISES LTD.",B,STK,39.15,39.15,38.51,38.71,38.7,38.71,40,2500,96933,
509243,"TVS SRICHAKRA LTD.",B,STK,4027.7,4095.95,3990,4069.2,4095.95,4020.2,27,51,206260,
509423,"SANATHNAGAR ENTERPRISES LIMITE",X,STK,34,36.69,34,36.59,36.59,35,5,16,570,
509438,"BENARES HOTELS LTD.",B,STK,9511.05,9512,9501,9502,9502,9510.7,38,126,1197395,
509449,"BHAGWATI OXYGEN LTD.",X,STK,41,41,41,41,41,41.99,5,301,12341,
509470,"BOMBAY OXYGEN INVESTMENTS LIMI",X,STK,20360,20360,19890,20100,20100,20262,24,35,700709,
509480,"BERGER PAINTS INDIA LTD.",A,STK,456.15,462.1,455.15,458.85,458.85,455.65,545,7680,3528636,
509486,"CAPRIHANS INDIA LTD.",X,STK,81.89,81.89,77,77.11,77.11,76.87,34,1118,86706,
509488,"GRAPHITE INDIA LTD.",A,STK,725.05,736.45,720,729.85,729.85,721.05,6378,283991,207105878,
509496,"Cemindia Projects Limited",A,STK,615.65,615.65,585.25,590.65,591.35,589.15,925,10896,6506554,
509525,"EMPIRE INDUSTRIES LTD.",X,STK,898,915.9,895.5,907.75,906.95,901.65,26,170,153944,
509546,"GRAVISS HOSPITALITY LTD.",X,STK,30,30.92,30,30.92,30.92,30.46,11,893,26795,
509557,"GARWARE TECHNICAL FIBRES LIMIT",A,STK,643,650.95,632.4,639.85,641.65,643.9,587,2319,1484453,
509563,"GARWARE MARINE INDUSTRIES LTD.",X,STK,23,23.43,22.1,22.75,22.58,23.31,93,2752,63109,
509567,"GOA CARBON LTD.",B,STK,372,376.85,363.55,366.05,364.7,370.45,101,1996,739259,
509597,"HARDCASTLE & WAUD MFG.CO.LTD.",X,STK,709.95,709.95,673.05,702.9,702.85,710.4,7,70,48297,
509631,"HEG LTD.",A,STK,582.85,589.1,576.2,583.45,583.45,579.15,3584,117540,68722932,
509635,"HINDUSTAN COMPOSITES LTD.",B,STK,420,424,412,416.15,413.5,421.8,41,141,59170,
509675,"BIRLANU LIMITED",B,STK,1519.1,1563.15,1491.4,1512.8,1510,1520.65,194,2364,3601876,
509692,"INDIAN CARD CLOTHING CO.LTD.",B,STK,212,213.9,210,213.9,213.9,210,10,60,12611,
509709,"INTERNATIONAL CONVEYORS LTD.",B,STK,79.3,80.47,78.44,78.45,78.44,78.63,74,868,68705,
509715,"JAY SHREE TEA & INDUSTRIES LTD",B,STK,81,84.64,81,83.13,83.2,82.74,31,500,41635,
509732,"KOTHARI INDUSTRIAL CORPORATION",B,STK,183.75,184,177.95,178.2,178,179.65,135,6141,1108004,
509760,"MODERN SHARES & STOCKBROKERS L",X,STK,32.05,33.8,30.71,31.09,30.71,32.04,24,1046,33199,
509762,"MAPRO INDUSTRIES LTD.",XT,STK,53,53,51.94,51.94,51.94,53,6,15021,780213,
509820,"HUHTAMAKI INDIA LIMITED",B,STK,171.65,182.25,171.65,179.05,181,173,204,7015,1250698,
509835,"PREMIER SYNTHETICS LTD.",X,STK,15.25,16,15.25,16,16,14.76,12,848,13307,
509874,"SHALIMAR PAINTS LTD.",B,STK,56.25,58,56.2,57.1,58,56.1,82,3787,214628,
509895,"HINDOOSTAN MILLS LTD.",X,STK,180,180,159.1,172.5,172.5,175,38,410,68302,
509930,"SUPREME INDUSTRIES LTD.",A,STK,4054,4070,3990.2,4010.9,4008.3,4052.15,703,4666,18869518,
509945,"THACKER & CO.LTD.",X,STK,1080,1110,975,997.8,997.8,1017.45,40,119,122029,
509953,"TRADE WINGS LTD.",XT,STK,609.9,609.9,580.9,609.9,609.9,580.9,14,165,99125,
509960,"U.P.HOTELS LTD.",X,STK,1506.6,1554.4,1451.5,1508.9,1503.35,1506.6,28,96,144513,
509966,"VST INDUSTRIES LTD.",B,STK,230,237.45,230,234.9,234.75,236.8,164,3067,721866,
510245,"SWASTI VINAYAKA SYNTHETICS LTD",X,STK,3.72,3.79,3.5,3.74,3.74,3.65,78,11925,44099,
511000,"MADHUSUDAN SECURITIES LTD.",X,STK,20.27,20.59,19.25,19.46,19.46,20.15,10,220,4371,
511012,"YAMINI INVESTMENTS COMPANY LTD",XT,STK,0.7,0.76,0.7,0.71,0.71,0.73,722,1316300,940256,
511018,"MILGREY FINANCE & INVESTMENT L",X,STK,58.89,62,58.15,61.48,61.98,57.96,383,114266,6947604,
511034,"JINDAL DRILLING & INDUSTRIES L",B,STK,456,468.1,447.95,452,454.4,463.85,240,3348,1523781,
511066,"SAKTHI FINANCE LTD.",X,STK,25.66,25.73,24.06,24.51,24.51,25.16,98,10025,250246,
511076,"AEROFLEX ENTERPRISES LIMITED",B,STK,76.89,79.5,76.89,78.3,79.5,78.28,62,1943,152422,
511092,"JMD Ventures Limited",X,STK,6.5,6.75,6.5,6.53,6.74,6.63,26,3940,26074,
511108,"SHIVA TEXYARN LTD.",B,STK,160.8,161,160,161,161,171,10,52,8364,
511110,"V.B.DESAI FINANCIAL SERVICES L",X,STK,20,20,17.6,18.92,19,20.11,46,5017,94589,
511122,"FIRST CUSTODIAN FUND (INDIA) L",X,STK,83.75,83.75,73.2,76.18,80.9,77.38,16,207,15546,
511131,"KAMANWALA HOUSING CONSTRUCTION",X,STK,16,16.5,15.15,16,16,15.52,38,18323,292377,
511147,"WSFX Global Pay Limited",X,STK,67.9,67.9,61.99,64.63,64.7,60.64,20,448,29159,
511153,"Anjani Foods Limited",X,STK,19,19.25,18.5,19.2,19.2,19,16,1644,31256,
511169,"RKD AGRI AND RETAIL LIMITED",X,STK,4.3,4.3,4.3,4.3,4.3,4.1,4,1400,6020,
511176,"PARSHWANATH CORPORATION LTD.",X,STK,78.75,78.75,76.32,76.32,76.32,80.33,3,203,15983,
511187,"Millennium Online Solutions (I",X,STK,1.68,1.68,1.56,1.56,1.56,1.6,22,8771,13966,
511196,"CAN FIN HOMES LTD.",A,STK,888.8,895.5,879.05,887.25,881.55,888.6,469,4105,3638301,
511208,"IL&FS INVESTMENT MANAGERS LTD.",B,STK,7.32,7.47,7.3,7.33,7.32,7.4,183,14428,105987,
511218,"Shriram Finance Limited",A,STK,1086.05,1108,1085.5,1104.75,1104.75,1085.6,4564,133571,146713542,
511243,"CHOLAMANDALAM INVESTMENT AND F",A,STK,1763.1,1774.15,1628.45,1748.3,1741.75,1754.45,20569,964172,1652882930,
511246,"BOMBAY TALKIES LIMITED",X,STK,4.58,5.03,4.15,4.43,4.99,4.58,17,207,1006,
511260,"ICONIK SPORTS AND EVENTS LIMIT",X,STK,51.9,51.9,48,48.02,51.08,49.68,25,11907,577712,
511333,"VLS FINANCE LTD.",B,STK,257,258.75,255,255.7,255,259.2,165,2283,588634,
511355,"INDIA CEMENTS CAPITAL LTD.",X,STK,12.65,12.65,12.2,12.61,12.62,12.44,15,2843,35776,
511359,"AD-MANUM FINANCE LTD.",X,STK,52.99,53.01,50.2,50.57,50.51,51.29,17,654,34316,
511391,"INTER GLOBE FINANCE LTD.",X,STK,58.95,60,58.95,58.96,58.96,59.95,7,2010,119498,
511411,"SHRISTI INFRASTRUCTURE DEVELOP",X,STK,28,32.97,27.55,28.62,30,28,24,1584,47583,
511413,CREST,B,STK,359.95,361.9,357.55,360.15,359.8,353.7,55,1207,435210,
511431,"VAKRANGEE LIMITED",B,STK,6.61,6.7,6.53,6.56,6.58,6.59,250,245750,1617099,
511441,"GUJARAT CREDIT CORPORATION LTD",X,STK,25.5,25.5,25.5,25.5,25.5,24.29,1,1,25,
511447,"Sylph Industries Limited",X,STK,0.68,0.69,0.67,0.69,0.69,0.66,7178,52575681,36110844,
511451,"DHARANI FINANCE LTD.",X,STK,10.36,10.36,9.67,9.67,9.67,10.17,18,727,7190,
511463,"Alexander Stamps And Coin Limi",X,STK,9.3,10,9.3,9.3,9.3,9.5,15,588,5566,
511473,"INDBANK MERCHANT BANKING SERVI",B,STK,35.01,36.2,35.01,35.86,35.8,35.93,10,160,5708,
511493,"SHRYDUS INDUSTRIES LIMITED",X,STK,3.21,3.34,3.15,3.27,3.33,3.21,45,6110,20106,
511501,"Bharat Bhushan Finance & Commo",X,STK,26.58,26.58,25,26.32,26.3,25.71,55,6163,159115,
511505,"CAPITAL TRUST LTD.",B,STK,12.98,13.53,12.86,13.53,13.53,12.98,32,8275,111809,
511507,"USHAKIRAN FINANCE LTD.",X,STK,50.46,55.76,50.46,55.76,55.76,53.11,15,900,45478,
511509,"VIVO BIO TECH LTD.",X,STK,27.16,28.15,27.16,27.2,27.21,27.32,92,14869,407753,
511523,"VEERHEALTH CARE LIMITED",X,STK,20.18,20.18,18.2,19.97,19.97,19.87,204,171516,3366684,
511525,"PAN INDIA CORPORATION LTD.",X,STK,1.73,1.78,1.73,1.75,1.75,1.73,181,73302,128512,
511533,"SAHARA HOUSINGFINA CORPORATION",X,STK,39.69,41.49,38.83,40.9,40.9,40.5,18,696,27657,
511535,"NDA SECURITIES LTD.",X,STK,40.25,40.55,38.5,38.5,38.5,42.77,167,17612,693026,
511543,"GSB FINANCE LTD.",X,STK,35,36.8,35,35.74,36.8,38,11,1927,67505,
511549,"MORARKA FINANCE LTD.",X,STK,61.79,61.79,60.5,60.5,60.5,59.99,4,97,5908,
511551,"Monarch Networth Capital Limit",B,STK,279.6,282,276.1,277.45,278.2,279.6,52,551,153931,
511557,"PRO FIN CAPITAL SERVICES LTD.",XT,STK,4.08,4.18,3.94,4.12,4.12,3.99,565,3987464,16364283,
511559,"TEAM INDIA GUARANTY LIMITED",B,STK,280.7,280.7,260.7,260.75,260.75,280.7,24,339,91513,
511563,"SANCHAY FINVEST LTD.",Z,STK,39.88,39.88,39.88,39.88,39.88,39.88,1,99,3948,
511571,"Crescentis Capital Limited",X,STK,128.3,133,116.6,128.25,129.9,125.25,151,5571,700127,
511577,"Mantra Capital Limited",X,STK,14.66,15.63,14.66,15.38,14.71,14.61,11,4462,68916,
511585,"BEFOUND MOVEMENT LIMITED",X,STK,3.14,3.14,3.12,3.12,3.12,3.18,9,570,1781,
511589,"AVONMORE CAPITAL & MANAGEMENT",B,STK,15.2,15.3,14.9,14.9,14.9,15.52,49,2280,34159,
511593,"LIBORD FINANCE LTD",X,STK,17.46,18.3,17.46,18.3,18.3,18.37,3,114,2002,
511601,"YASH MANAGEMENT & SATELLITE LT",X,STK,8.34,8.58,7.82,8.58,8.58,8.33,12,98,831,
511605,"ARIHANT CAPITAL MARKETS LTD.",B,STK,81.89,81.89,78.09,80.57,80.55,80.68,169,24615,1956098,
511609,"ISL CONSULTING LTD.",X,STK,29.46,29.75,29.46,29.57,29.75,29.6,4,4100,121223,
511611,"DCM FINANCIAL SERVICES LTD.",B,STK,4.29,4.59,4.26,4.41,4.41,4.7,7,3639,15863,
511626,"RR FINANCIAL CONSULTANTS LTD.",X,STK,91.24,94.12,91.24,91.25,91.24,96.04,84,2978,272397,
511628,"FEDDERS HOLDING LIMITED",X,STK,45,45.9,44.5,44.88,44.9,45.12,179,87940,3956407,
511630,"SAMBHAAV MEDIA LTD.",B,STK,7.92,8.05,7.37,7.7,7.7,7.75,62,3902,29657,
511636,"DJS STOCK & SHARES LTD.",X,STK,2.37,2.42,2.23,2.25,2.26,2.32,70,31568,72428,
511644,"OMEGA INTERACTIVE TECHNOLOGIES",XT,STK,76.95,76.95,69.85,69.85,69.85,73.5,327,53399,3869810,
511654,"SUGAL & DAMANI SHARE BROKERS L",X,STK,68.56,68.56,67.9,67.9,67.9,68.58,5,51,3474,
511658,"NETTLINX LTD.",X,STK,18.06,18.15,17.65,17.83,17.99,17.85,41,10196,180964,
511664,"BGIL FILMS & TECHNOLOGIES LTD.",X,STK,12.3,12.47,11.37,11.55,11.69,11.9,121,77927,909321,
511672,"Scan Steels Limited",X,STK,31.6,32.49,31.2,31.55,31.31,31.64,85,14752,469851,
511676,"GIC HOUSING FINANCE LTD.",B,STK,156.05,156.9,152.05,152.35,152.9,155.1,175,3610,558467,
511692,"AJCON GLOBAL SERVICES LTD.",X,STK,6.19,6.19,5.61,6.05,6.05,5.72,56,12783,76248,
511700,"STANDARD CAPITAL MARKETS LTD.",X,STK,0.47,0.48,0.46,0.47,0.47,0.47,968,3286472,1563408,
511702,"YOGI LIMITED",X,STK,162.95,163,159.05,162.95,163,160.5,14,592,95167,
511710,"CUBICAL FINANCIAL SERVICES LTD",X,STK,2.05,2.13,2.04,2.1,2.13,2.03,30,9765,20321,
511712,"RELIC TECHNOLOGIES LTD.",X,STK,74,74.22,73.61,73.65,74.22,74,20,732,53947,
511714,"NIMBUS PROJECTS LTD.",X,STK,202.1,203.95,192,201.85,201.5,198,18,8998,1803673,
511716,"Invigorated Business Consultin",X,STK,5.48,5.5,5.14,5.27,5.19,5.5,21,9140,48923,
511724,"BAID FINSERV LIMITED",B,STK,10.66,11.51,10.66,11.12,11.12,11.22,13,2684,29892,
511726,"VIPUL LTD.",T,STK,12.01,12.77,11.75,12.73,12.77,12.18,85,78314,957725,
511728,"K.Z.LEASING & FINANCE LTD.",X,STK,15,15,15,15,15,15.5,1,1,15,
511740,"RUPAREL FOOD PRODUCTS LIMITED",X,STK,143.3,143.3,129.7,129.7,129.7,136.5,11,1002,129986,
511742,"UGRO CAPITAL LIMITED",B,STK,114.9,119.75,114.15,115.55,115.55,114.65,198,12103,1406058,
511754,"SHALIBHADRA FINANCE LTD.",X,STK,91.01,92.89,82.1,89.57,88.3,90.56,136,8525,751037,
511756,"ABIRAMI FINANCIAL SERVICES (IN",Z,STK,33.91,35.79,33.91,35.01,35,35.69,18,337,11947,
511758,"MANSI FINANCE (CHENNAI) LTD.",X,STK,74.16,74.53,74.16,74.53,74.53,73.8,7,400,29811,
511764,"Aastamangalam Finance Limited",X,STK,32.99,32.99,30.56,31.13,31.1,30.38,41,13790,432626,
511766,"MUTHOOT CAPITAL SERVICES LTD.",B,STK,232.45,234.1,227.8,229,229,230,85,880,202357,
511768,"MASTER TRUST LTD.",B,STK,87.5,90.3,87.2,90,90,87.45,68,13678,1211470,
512008,"EFC (I) LIMITED",B,STK,233.9,233.9,220,225.15,226.8,232.5,1333,106622,23863219,
512014,"SOBHAGYA MERCHANTILE LTD.",X,STK,767.1,794.9,767,769.45,767,782.75,30,467,365001,
512018,"TOMORROW TECHNOLOGIES GLOBAL I",X,STK,8.2,8.34,7.76,8.07,8.1,8.19,58,16186,130163,
512020,"SARASWATI COMMERCIAL (INDIA) L",B,STK,10005,10294.6,9800,9894.3,9880,10377.6,210,362,3610518,
512025,"BANGANGA PAPER INDUSTRIES LIMI",X,STK,47.99,47.99,43.9,44.09,44.09,46.25,483,1082610,48605459,
512036,"SKYBIOTECH HEALTHCARE LIMITED",X,STK,128,128,128,128,128,122.25,1,1,128,
512038,"TCC CONCEPT LIMITED",B,STK,467.95,475,454.1,457.9,457.9,467.95,621,6668,3097108,
512047,"ROYAL INDIA CORPORATION LIMITE",X,STK,3.32,3.32,3.25,3.25,3.25,3.42,274,701195,2278922,
512048,"DHANSAFAL FINSERVE LIMITED",X,STK,2.81,2.92,2.57,2.73,2.77,2.75,145,119202,327862,
512062,"SANMITRA COMMERCIAL LTD.",XT,STK,32.01,32.01,32.01,32.01,32.01,30.49,1,40,1280,
512064,"VISHVPRABHA VENTURES LIMITED",X,STK,48.69,53.81,48.69,51.25,48.69,51.25,8,11,545,
512065,"MRUGESH TRADING LTD.",XT,STK,12.1,12.1,12.1,12.1,12.1,11.87,2,153,1851,
512068,"DECCAN GOLD MINES LTD.",B,STK,126.8,128.5,124.1,125.1,125.1,125.45,2255,220464,27739563,
512070,"UPL LIMITED",A,STK,625.55,641.55,622.75,640.45,640.45,625.75,1987,61263,38931228,
512091,"Nibe Ordnance and Maritime Lim",XT,STK,10.04,10.04,10.04,10.04,10.04,9.57,1,1,10,
512093,"CRANES SOFTWARE INTERNATIONAL",Z,STK,4.57,4.57,4.43,4.5,4.5,4.42,42,44821,201219,
512097,"SAIANAND COMMERCIAL LIMITED",X,STK,0.28,0.29,0.27,0.27,0.27,0.28,124,332654,90942,
512103,"NIDHI GRANITES LTD.",X,STK,299,318.7,293,317,317,318,8,211,64471,
512115,"ROSE MERC.LTD.",X,STK,69.97,69.97,65,68.85,68.9,65.8,20,1737,113913,
512131,"SIGNET INDUSTRIES LIMITED",B,STK,47,47.14,45.83,46.59,46.59,45.47,8,151,7039,
512149,"AVANCE TECHNOLOGIES LTD.",XT,STK,1.14,1.17,1.11,1.14,1.14,1.14,2392,5011612,5763671,
512161,"SECUREKLOUD TECHNOLOGIES LIMIT",T,STK,22.47,22.47,21,22.4,22.4,21.4,15,1454,31623,
512165,"ABANS ENTERPRISES LTD",X,STK,24.35,24.8,24.13,24.36,24.4,24.35,31,243013,5917398,
512175,"VAMA INDUSTRIES LTD.",X,STK,4.12,4.22,3.92,3.96,4,4,117,67797,275558,
512179,"SUNTECK REALTY LTD.",A,STK,407,418,404.3,415.55,415.95,406.4,227,2760,1133373,
512217,"PRISM MEDICO AND PHARMACY LTD.",X,STK,27.42,27.42,27.42,27.42,27.42,26.12,51,38163,1046429,
512229,"VERITAS (INDIA) LTD.",XT,STK,172.7,173.8,169.45,171.2,172.4,172.75,84,4405,753194,
512237,"JAI CORP LTD.",B,STK,112,113.6,111,112.1,112.1,111.85,235,13005,1457170,
512247,"ASHIRWAD CAPITAL LTD.",X,STK,2.68,2.7,2.61,2.65,2.66,2.63,140,45286,119546,
512257,"SWASTI VINAYAKA ART AND HERITA",X,STK,3.43,3.57,3.43,3.5,3.5,3.54,81,41622,146965,
512267,"MEDIA MATRIX WORLDWIDE LTD.",B,STK,10.43,10.79,10.1,10.22,10.36,10.23,157,17162,178164,
512277,"AUTORIDERS INTERNATIONAL LTD.",XT,STK,430,430,400.75,410.6,410,421.8,86,1857,752128,
512296,"BHAGYANAGAR INDIA LTD.",B,STK,151.1,157,150.3,150.95,150.6,153.1,260,9136,1398330,
512297,"Shantai Industries Limited",XT,STK,38.25,38.25,38.25,38.25,38.25,37.5,4,305,11666,
512301,"CHAMBAL BREWERIES & DISTILLERI",XT,STK,20.98,21.39,20.98,21.39,21.39,20.98,24,40421,856331,
512329,"SG MART LIMITED",B,STK,435.6,448,435.6,446.25,447,435.5,617,16784,7458327,
512344,"ARAVALI SECURITIES & FINANCE L",X,STK,5.95,5.95,5.95,5.95,5.95,5.67,20,8569,50985,
512345,"YASH TRADING & FINANCE LTD.",XT,STK,157.5,165.35,157.5,165.35,165.35,157.5,2,64,10095,
512361,"CUPID BREWERIES AND DISTILLERI",X,STK,34.21,35.98,33.62,33.62,33.62,35.38,302,133765,4532026,
512379,"CRESSANDA RAILWAY SOLUTIONS LI",X,STK,2.8,2.8,2.69,2.73,2.73,2.76,638,414328,1128227,
512381,"STARTECK FINANCE LIMITED",B,STK,270.75,272.4,269.9,269.9,269.9,269,57,3093,839362,
512393,"SHARDUL SECURITIES LTD.",X,STK,30.89,30.89,28.22,28.82,29.93,28.42,9,173,5213,
512399,"SERA INVESTMENTS & FINANCE IND",X,STK,37.5,38.41,36.35,36.82,36.5,37.5,69,33476,1243823,
512415,"MERCURY TRADE LINKS LTD.",X,STK,6.66,6.68,6.35,6.63,6.63,6.45,59,12411,81174,
512425,"NIRAV COMMERCIALS LTD.",X,STK,617,617,589,603,589,589,2,2,1206,
512437,"APOLLO FINVEST (INDIA) LTD.",X,STK,396.9,397.1,385.2,390,390,404.15,11,140,54987,
512441,"Enbee Trade &amp; Finance Ltd",X,STK,0.41,0.45,0.4,0.43,0.43,0.39,676,13684462,5776805,
512443,"Ganon Products Limited",X,STK,14.5,15.1,14.32,15.08,14.35,14.68,37,167497,2511624,
512453,"SHRI JAGDAMBA POLYMERS LTD.",X,STK,603.05,624,593,605.2,603,621,38,350,211764,
512455,"LLOYDS METALS AND ENERGY LTD.",A,STK,1250.6,1303.5,1246.7,1263.65,1262,1250.5,2774,35592,45534897,
512463,"LLOYDS ENTERPRISES LIMITED",A,STK,54.78,55.18,53.08,53.28,53.28,54.14,433,62928,3369746,
512477,"BETEX INDIA LTD.",XT,STK,385,385,370,376,376,389,20,357,134324,
512489,"OASIS SECURITIES LTD.",X,STK,16.39,16.39,15.79,15.79,15.79,16.62,15,3995,63153,
512493,"GARNET INTERNATIONAL LTD.",XT,STK,60.94,60.96,60.15,60.44,60.84,60.83,10,277,16795,
512499,"SHALIMAR PRODUCTIONS LTD.",X,STK,0.49,0.49,0.49,0.49,0.49,0.49,94,45379,22235,
512519,"DONEAR INDUSTRIES LTD.",B,STK,90,90,89.2,89.2,89.2,90,4,110,9842,
512527,"SUPER SALES INDIA LTD.",X,STK,634.5,634.5,617.15,617.15,617.15,619.3,8,32,20013,
512529,"VIYASH SCIENTIFIC LIMITED",B,STK,218.95,239.05,216,220,220,219.35,3401,216675,47567558,
512531,"STATE TRADING CORPORATION OF I",B,STK,118,118,114.2,115,115,116.4,49,3565,411448,
512559,"KOHINOOR FOODS LTD.",B,STK,24.01,24.97,24.01,24.5,24.4,24.32,101,1013,24678,
512573,"AVANTI FEEDS LTD.",A,STK,1355.2,1359.55,1329.9,1336.1,1334.05,1355.1,1874,24425,32729924,
512587,"ZODIAC-JRD-MKJ LTD.",X,STK,38.39,38.39,36.6,37.27,38.11,37.62,28,2110,79771,
512589,"SITA ENTERPRISES LTD.",X,STK,157.75,170,153,160.85,162,160.95,48,2090,326430,
512591,"PULSAR INTERNATIONAL LTD.",XT,STK,0.99,1,0.99,1,1,0.96,927,11465571,11432283,
512595,"Manbro Industries Limited",XT,STK,788.4,788.4,721,760,760,750.9,20,636,483732,
512597,"KEYNOTE FINANCIAL SERVICES LIM",B,STK,285,286.4,283.9,284.25,284,286,57,384,109152,
512599,"ADANI ENTERPRISES LTD.",A,STK,2231.9,2232.05,2200,2214.95,2214.95,2231.85,3376,54645,121079740,
512600,"ASTAL LABORATORIES LIMITED",X,STK,78.01,78.93,76.5,76.94,76.5,79.18,43,3949,305169,
512604,"HARIA EXPORTS LTD.",X,STK,7.15,7.15,6.5,6.51,6.51,6.51,12,2289,15608,
512608,"BHANDARI HOSIERY EXPORTS LTD.",B,STK,3.09,3.11,2.94,2.97,2.96,3.07,147,135686,406080,
512618,"RLF LTD.",X,STK,11.05,11.05,11.04,11.04,11.04,11,8,6324,69857,
512624,"Regent Enterprises Limited",X,STK,5.93,6.26,5.85,6.05,6.06,6.06,71,15579,92982,
512626,"ORBIT EXPORTS LTD.",B,STK,175.7,175.7,175.7,175.7,175.7,174.5,6,43,7555,
512634,"SAVERA INDUSTRIES LTD.",X,STK,154.2,154.2,152.65,152.95,152.65,154.2,15,520,80160,
513005,"Chrome Silicon Limited",X,STK,40.2,45.69,40.2,42.98,42.98,45.48,77,3579,146773,
513023,"NAVA LIMITED",A,STK,580.05,603,580.05,600.7,600,583.2,2246,52582,31383343,
513043,"REMI EDELSTAHL TUBULARS LIMITE",X,STK,138.5,139.85,132.1,139.8,139.85,133.55,41,2994,408686,
513059,"G.S.AUTO INTERNATIONAL LTD.",X,STK,32.8,32.8,31.7,31.79,32.4,32.12,30,1203,38929,
513063,"TRANS-FREIGHT CONTAINERS LTD.",X,STK,21.18,21.18,20.56,21.18,21.18,21.5,5,115,2435,
513097,"SHIVALIK BIMETAL CONTROLS LTD.",B,STK,458.9,469.95,456.55,458.2,457.95,458.85,218,2705,1251942,
513108,"GANDHI SPECIAL TUBES LTD.",B,STK,899,905.35,890.45,893.35,890.45,889.3,25,207,185584,
513117,"AMFORGE INDUSTRIES LTD.",X,STK,7.05,7.05,6.56,6.83,6.83,6.9,34,16824,111857,
513121,"ORICON ENTERPRISES LTD.",B,STK,71.99,71.99,66.99,68.14,67.83,67.85,273,18581,1270163,
513149,"ACROW INDIA LTD.",X,STK,701.3,714.9,690,714.9,714.9,723,3,26,17976,
513173,"STEEL STRIPS INFRASTRUCTURES L",X,STK,21.3,21.3,19.75,20.27,19.75,21.39,23,629,13362,
513228,"PENNAR INDUSTRIES LTD.",B,STK,140,150.95,139.5,150.25,150.5,140.6,654,38145,5547985,
513250,"JYOTI STRUCTURES LTD.",A,STK,12.14,13.43,12,12.99,12.99,12.13,3653,1585905,20564197,
513252,"JAY USHIN LTD.",X,STK,897.9,897.95,866.1,866.25,866.25,866.05,17,73,63976,
513262,"STEEL STRIPS WHEELS LTD.",B,STK,215.4,215.4,212.2,213.9,213.75,215.45,32,1334,285387,
513269,"MAN INDUSTRIES (INDIA) LTD.",B,STK,442.05,454.9,435.6,448.4,448.4,432.25,1742,48925,21843162,
513295,"IMEC SERVICES LIMITED",X,STK,219.8,219.8,200.1,202.4,202.4,210.35,124,1922,405784,
513303,"MODERN STEELS LTD.",X,STK,13.26,13.66,12.36,12.76,12.98,13.33,104,13949,176333,
513307,"SYNTHIKO FOILS LTD.",XT,STK,1668.8,1834.9,1668.8,1736.4,1736,1756.6,79,671,1135678,
513309,"Golkonda Aluminium Extrusions",X,STK,9.64,9.64,8.74,8.89,8.88,9.19,79,36713,340215,
513337,"GUJARAT TOOLROOM LTD.",B,STK,0.6,0.61,0.58,0.6,0.6,0.6,1401,5514467,3279660,
513349,"AJMERA REALTY & INFRA INDIA LT",B,STK,133.5,135.55,129.5,131.45,133,131.9,395,19115,2522563,
513353,"COCHIN MINERALS & RUTILE LTD.",X,STK,252,252,248,249.5,249.5,251.05,79,900,224631,
513361,"India Homes Limited",X,STK,15.4,16,15.4,15.76,15.76,15.61,520,315735,5006919,
513369,"KRISHANVEER FORGE LIMITED",X,STK,135,135,128.15,130.95,130.95,131.95,21,886,114256,
513375,"CARBORUNDUM UNIVERSAL LTD.",A,STK,830,839.2,830,837.45,835.5,833.65,310,4207,3514599,
513377,"MMTC LTD.",A,STK,62.11,62.53,60.95,61.5,61.5,62.43,583,84023,5181957,
513397,"VALLABH STEELS LTD.",X,STK,13.63,13.63,13.25,13.38,13.38,12.99,22,2005,26737,
513418,"SMITHS & FOUNDERS (INDIA) LIMI",X,STK,6.25,6.25,5.9,5.98,5.97,6.05,76,19206,115338,
513422,"BLOOM INDUSTRIES LTD.",X,STK,35.5,35.5,32.38,33.98,33.98,34.5,15,213,6988,
513430,"Maitri Enterprises Limited",X,STK,27.15,27.15,26.01,26.01,26.01,27.15,3,197,5336,
513436,"SHAH ALLOYS LTD.",B,STK,65.58,67.61,63.56,64.7,67.61,66,50,893,57859,
513452,"ELANGO INDUSTRIES LTD.",X,STK,9.49,9.49,9.49,9.49,9.49,9.04,3,650,6168,
513456,"KANISHK STEEL INDUSTRIES LTD.",X,STK,54.49,54.49,52.52,53.74,53.8,53.69,17,526,28267,
513472,"SIMPLEX CASTINGS LTD.",X,STK,457,493.4,440,488.8,488.8,450.95,745,106429,50030556,
513488,"SHREE STEEL WIRE ROPES LTD.",X,STK,19.45,19.45,18.17,18.99,19,18.3,27,1658,32173,
513496,"SIZEMASTERS TECHNOLOGY LIMITED",XT,STK,270,270,268.95,268.95,268.95,270,5,225,60564,
513498,"SOUTHERN MAGNESIUM & CHEMICALS",X,STK,82.88,83,79.23,81.11,83,78.24,42,1403,113762,
513502,"BARODA EXTRUSION LTD.",XT,STK,9.4,9.49,9.12,9.23,9.23,9.28,208,78998,733099,
513511,"PANCHMAHAL STEEL LTD.",X,STK,327.8,340,315.35,325.1,326,326.65,23,753,245342,
513513,"ADITYA ISPAT LTD.",X,STK,10.05,10.05,10.05,10.05,10.05,10.01,1,200,2010,
513517,"STEELCAST LTD.",B,STK,232.15,233.35,226.6,231.45,231,234.7,48,1997,457770,
513519,"PITTI ENGINEERING LIMITED",B,STK,884,918.2,884,916.6,912.15,884.2,197,1527,1388950,
513528,"GLITTEK GRANITES LTD.",XT,STK,76.4,76.4,69.14,76.4,76.4,72.77,1807,564429,42099376,
513532,"PRADEEP METALS LTD.",X,STK,331.9,340,324,324.35,324.25,329.85,185,8652,2828042,
513536,"GUJARAT NATURAL RESOURCES LIMI",X,STK,102.85,103,100.5,101.3,101.3,102.85,1233,32635,3304985,
513548,"SHARDA ISPAT LTD.",X,STK,165.45,166.4,157,163.7,163.7,165.45,22,227,37296,
513554,"MAHAMAYA STEEL INDUSTRIES LTD.",T,STK,765,779.8,745,779.7,772.95,778.55,17,309,236909,
513566,"NOVA IRON & STEEL LTD.",X,STK,14.88,16,13,14.21,14.21,13.91,209,28907,410607,
513575,"STERLING POWERGENSYS LTD",X,STK,23.2,24.39,23.2,24.22,23.5,23.09,30,2887,68097,
513599,"HINDUSTAN COPPER LTD.",A,STK,590.75,591.4,577.85,583.75,583.75,585.9,13033,811994,475450703,
513629,"TULSYAN NEC LTD.",X,STK,23.8,24.99,23.8,24.01,23.85,23.8,23,3411,83792,
513642,"AXEL POLYMERS LTD.",X,STK,45.71,45.71,45.71,45.71,45.71,45.49,3,100,4571,
513683,"NLC India Limited",A,STK,263.45,265.1,260.9,262.4,261.8,263.45,723,32703,8598469,
513687,"SPECTRA INDUSTRIES LTD.",Z,STK,5.63,5.63,5.63,5.63,5.63,5.52,3,84,472,
513693,"KIC METALIKS LTD.",X,STK,30.01,30.25,29.65,29.65,29.65,30.01,13,894,26825,
513699,"SOLID STONE COMPANY LTD.",X,STK,30,30,26.2,27.78,27.78,27.21,12,107,2861,
513709,"SHILP GRAVURES LTD.",X,STK,182.25,182.6,180,180.8,180.8,176.4,34,441,80121,
513713,"White Organic Agro Limited",X,STK,3.93,3.97,3.81,3.89,3.9,3.98,79,14466,56658,
513721,"MFS INTERCORP LTD.",XT,STK,17.99,17.99,17.99,17.99,17.99,18.93,1,50,899,
513729,"ARO GRANITE INDUSTRIES LTD.",B,STK,27.02,28.13,26.17,26.77,26.8,26.23,47,3595,97275,
514010,"RUDRA ECOVATION LIMITED",X,STK,23.55,24.7,23,24,24,24.1,158,92598,2219643,
514028,"RAJKAMAL SYNTHETICS LTD.",X,STK,37.05,39.99,37.01,39.99,39.99,37.07,13,752,29369,
514030,"DEEPAK SPINNERS LTD.",X,STK,123.95,123.95,120.95,121.5,121.5,121.5,10,731,88704,
514036,"LOYAL TEXTILE MILLS LTD.",T,STK,217,228.45,216.35,228.45,228.45,227.7,14,147,32100,
514043,"HIMATSINGKA SEIDE LTD.",B,STK,99,101.6,99,99.6,99.35,100,249,21330,2128698,
514045,"BSL LTD.",B,STK,130.6,131.55,130.55,130.6,130.6,130.5,25,619,81373,
514060,"NEWTRAC FOODS & BEVERAGES LIMI",X,STK,4.94,5.18,4.84,4.91,5.05,4.94,36,4460,21932,
514087,"PBM POLYTEX LTD.",X,STK,56.79,57.4,55,56.93,57,56.51,10,83,4739,
514113,"ADINATH TEXTILES LTD.",XT,STK,21.95,21.95,21.95,21.95,21.95,22,1,1,21,
514128,"KONARK SYNTHETIC LTD.",Z,STK,41.89,41.89,41,41,41,39.9,4,9,372,
514138,"SURYALATA SPINNING MILLS LTD.",X,STK,333.95,339.95,326,336.5,339,334.35,49,2764,918806,
514142,"T T LTD.",T,STK,9.8,9.9,9.63,9.8,9.8,9.76,11,2021,19904,
514162,"WELSPUN LIVING LIMITED",A,STK,126.95,128.15,125.2,126.4,126.4,127.2,1259,102179,12915598,
514165,"INDIAN ACRYLICS LTD.",X,STK,5.8,5.93,5.8,5.83,5.81,5.83,85,16982,98963,
514167,"GANESHA ECOSPHERE LTD.",A,STK,776,789.2,768.55,781.8,781.65,775.95,157,1645,1281064,
514171,"CEETA INDUSTRIES LTD.",XT,STK,47.5,47.5,44.63,44.76,47.48,46.66,24,284,12862,
514175,"VARDHMAN POLYTEX LTD.",B,STK,8,9.06,7.72,8.73,8.73,7.9,748,370281,3089942,
514177,"RISHAB SPECIAL YARNS LTD.",X,STK,75.9,75.9,75.9,75.9,75.9,72.29,3,523,39695,
514183,"BLACK ROSE INDUSTRIES LTD.",X,STK,82.32,82.32,81.16,81.89,81.89,81.82,302,9672,789557,
514197,"S&T CORPORATION LTD.",X,STK,4.25,4.25,3.8,4.05,4,4.11,63,18321,72436,
514211,"SUMEET INDUSTRIES LTD.",B,STK,26.87,26.87,24.65,26.16,26.1,24.43,437,165240,4414036,
514223,"RAMGOPAL POLYTEX LTD.",XT,STK,18.5,18.87,18.5,18.87,18.87,18.5,7,2700,50508,
514234,"SANGAM (INDIA) LTD.",B,STK,466.15,470.5,464.5,466.05,467,469.2,49,704,328590,
514238,"MKVENTURES CAPITAL LIMITED",X,STK,893,909.8,870,870.8,876,893.05,64,1268,1124786,
514240,"Kush Industries Limited",X,STK,6.9,6.9,6.5,6.73,6.75,6.86,20,2511,16902,
514264,"SEASONS TEXTILES LTD.",X,STK,17,19.5,16.5,19.5,19.5,18,6,10,173,
514266,"ZENITH FIBRES LTD.",X,STK,51.75,51.75,49.92,51.28,51.02,51.51,31,1830,92545,
514272,"BHILWARA SPINNERS LTD.",X,STK,116.7,116.7,105.4,110,110,111.7,31,5136,564413,
514274,"VARVEE GLOBAL LIMITED",B,STK,132,132,129.55,131.75,131.75,131.35,40,902,117866,
514280,"SANRHEA TECHNICAL TEXTILES LTD",X,STK,149.25,150,140.3,141.65,147.7,150,16,370,52513,
514286,"ASHIMA LTD.",B,STK,15.3,15.55,14.59,14.73,14.75,15.3,55,7271,108475,
514300,"PIONEER EMBROIDERIES LTD.",B,STK,25.31,25.31,25.3,25.3,25.3,26.83,3,150,3796,
514302,"VIPPY SPINPRO LTD.",X,STK,150.65,154,150.65,150.65,150.65,150.65,7,189,28944,
514316,"RAGHUVIR SYNTHETICS LTD.",X,STK,114.15,119.95,112,119.4,119.4,117.35,49,7608,891257,
514322,"KAMADGIRI FASHION LTD.",X,STK,75.25,84.65,75.25,84.65,84.65,78.67,2,100,7995,
514324,"OMNITEX INDUSTRIES (INDIA) LTD",X,STK,728.9,732.1,673.65,693.35,674,720.25,109,1154,809658,
514326,"PATSPIN INDIA LTD.",X,STK,8.15,8.15,7.36,7.93,7.93,7.59,14,223,1780,
514330,"ONE GLOBAL SERVICE PROVIDER LI",XT,STK,698.9,701.4,676,693.95,693.95,701.15,478,13434,9234873,
514332,"NEO INFRACON LTD.",X,STK,46,46,37.5,41.08,43.49,44.85,23,1921,79865,
514336,"GENESIS IBRC INDIA LIMITED",XT,STK,78.29,78.29,70.85,77,77,74.57,10,57,4327,
514348,"WINSOME YARNS LTD.",Z,STK,1.78,1.78,1.78,1.78,1.78,1.75,1,400,712,
514354,"PREMIER POLYFILM LTD.",B,STK,61,61,52.12,52.29,52.28,53.87,110,2958,155457,
514358,"EVERLON FINANCIALS LIMITED",X,STK,89,98.8,89,91.01,98.8,89.43,23,1113,100782,
514360,"K&R RAIL ENGINEERING LIMITED",X,STK,29.65,29.68,28.8,29.35,29.49,28.91,312,38810,1134251,
514378,"YARN SYNDICATE LTD.",X,STK,12.42,13.75,12.42,13.15,13.43,12.56,21,2256,28527,
514386,"GUJARAT COTEX LTD.",X,STK,8.3,8.59,8.3,8.41,8.42,8.43,163,43457,365677,
514400,"GARWARE SYNTHETICS LTD.",XT,STK,22.16,22.93,22.16,22.93,22.93,22.93,3,693,15868,
514402,"ECO HOTELS AND RESORTS LIMITED",X,STK,13.26,13.28,12.6,12.72,12.72,13.2,73,22537,287793,
514412,"SARUP INDUSTRIES LTD.",XT,STK,161.85,161.85,161.85,161.85,161.85,161.85,1,5,809,
514414,"OXFORD INDUSTRIES LTD.",XT,STK,8.93,8.93,8.93,8.93,8.93,8.76,1,10,89,
514418,"MANGALAM ORGANICS LIMITED",B,STK,410.2,414,407.15,414,414,414.25,18,146,59997,
514428,"HINDUSTAN ADHESIVES LTD.",X,STK,306.9,306.9,299.95,304.7,305,304.85,27,933,280389,
514440,"Blue Pearl Agriventures Limite",T,STK,49.28,49.28,47.42,48.58,48.97,49,40,125669,6145169,
514442,"SRI KPR INDUSTRIES LTD.",X,STK,20.4,20.4,19.02,19.47,19.96,20.4,38,1354,26448,
514448,"JYOTI RESINS & ADHESIVES LTD.",B,STK,841,860.95,835,839,840.95,850.4,1346,16420,13906087,
514450,"MAHALAXMI RUBTECH LTD.",B,STK,175,176,172.8,176,176,173.85,20,567,99605,
514454,"SOUTHERN LATEX LTD.",X,STK,28.12,31.06,28.12,30.73,31.06,29.59,40,3197,98037,
514460,"OSWAL YARNS LTD.",XT,STK,17.5,17.5,17.1,17.1,17.1,18,2,300,5170,
514470,"WINSOME TEXTILE INDUSTRIES LTD",B,STK,74.01,75.81,73.98,75.28,74,73.98,89,27181,2051390,
515008,"MODERN INSULATORS LTD.",X,STK,256,259.6,241.05,245.05,245.05,248.3,1063,67893,17088853,
515018,"REGENCY CERAMICS LTD.",B,STK,42.27,42.55,41.94,42.09,42.55,42.23,14,381,16038,
515030,"ASAHI INDIA GLASS LTD.",A,STK,925.15,943.3,925.15,940.25,932,931.85,714,23749,22231512,
515037,"MURUDESHWAR CERAMICS LTD.",B,STK,32.24,33.24,31.4,32.97,33,32.24,40,2748,89710,
515043,"SAINT-GOBAIN SEKURIT INDIA LTD",B,STK,100.8,100.8,98.8,99.1,99.1,99.4,166,12919,1282188,
515055,"ANANT RAJ LIMITED",A,STK,537.6,547,534.7,536.05,536.05,537.6,3885,127634,68933585,
515059,"MADHUSUDAN INDUSTRIES LTD.",X,STK,30.8,31.5,28,31.48,31.5,30.84,16,843,26099,
515085,"RESTILE CERAMICS LTD.",X,STK,6.61,6.61,6.41,6.46,6.55,6.48,36,6789,44461,
515093,"MADHAV MARBLES & GRANITES LTD.",B,STK,38.5,38.5,38.43,38.43,38.43,36.95,2,2,76,
515147,"HALDYN GLASS LTD",X,STK,89.6,93,89.6,92.03,92,89.08,388,60385,5557141,
516003,"DUROPLY INDUSTRIES LIMITED",X,STK,137.05,141.95,135,138.9,141,137.6,34,1342,185830,
516016,"SHREYANS INDUSTRIES LTD.",B,STK,152.5,152.5,152.5,152.5,152.5,152.95,1,5,762,
516020,"AGIO PAPER & INDUSTRIES LTD.",X,STK,4.29,4.29,4.29,4.29,4.29,4.29,2,100,429,
516022,"STAR PAPER MILLS LTD.",B,STK,144.8,145.15,142.5,142.5,142.5,144,6,60,8562,
516030,"PAKKA LIMITED",B,STK,87.9,90.83,87.9,90.71,90.1,88,87,3245,290312,
516032,"TAHMAR ENTERPRISES LIMITED",X,STK,7.12,7.15,6.8,7.1,7.1,7.09,59,5588,39066,
516038,"KS Smart Technologies Limited",XT,STK,266.35,266.35,242.75,242.75,242.75,255.5,55,1763,429782,
516062,"NATIONAL PLYWOOD INDUSTRIES LT",Z,STK,5.67,5.67,5.67,5.67,5.67,5.56,17,3287,18637,
516064,"Arrow Greentech Limited",B,STK,415.2,417.8,405.75,407.55,410.95,412.75,85,560,229163,
516072,"VISHNU CHEMICALS LTD.",B,STK,508.6,510.9,505,508.35,506.85,509.65,77,1645,835920,
516078,"JUMBO BAG LTD.",X,STK,59.7,60.67,57.2,58.84,58.7,59.72,97,7658,449103,
516082,"N.R.AGARWAL INDUSTRIES LTD.",B,STK,441,443.55,430,439.95,440.1,435.8,35,132,57706,
516092,"3P LAND HOLDINGS LTD.",B,STK,34.01,34.01,33.4,33.4,33.4,34,6,1173,39480,
516098,"VENTURA TEXTILES LTD.",X,STK,8.99,8.99,8.06,8.32,8.32,8.5,39,2136,18086,
516106,"SHREE KARTHIK PAPERS LTD.",X,STK,6.83,6.99,6.41,6.5,6.5,6.8,42,2525,16569,
516108,"SOUTH INDIA PAPER MILLS LTD.",X,STK,91.25,94.75,91.25,93.9,94.5,91,17,3134,290571,
516110,"FAMILY CARE HOSPITALS LIMITED",X,STK,3.32,3.41,3.3,3.35,3.35,3.32,133,45272,151462,
517015,"VINDHYA TELELINKS LTD.",B,STK,1043,1064.45,1030.5,1032.7,1030.5,1041.1,54,478,502853,
517035,"RIR POWER ELECTRONICS LIMITED",B,STK,174.05,177.6,170.15,176.05,176.25,175.15,1380,78288,13727598,
517041,"ADOR WELDING LTD.",B,STK,1065,1069.3,1058.5,1062.75,1062.75,1061.1,57,218,232009,
517059,"SALZER ELECTRONICS LTD.",B,STK,645.75,682.4,645.75,660.8,657.7,657.65,344,3895,2593064,
517063,"JETKING INFOTRAIN LTD.",X,STK,124,134.95,124,134.75,134.9,123.85,113,4686,608244,
517077,"IND-AGIV COMMERCE LTD.",X,STK,57,57,57,57,57,60,1,1,57,
517096,"APLAB LTD.",X,STK,80.99,80.99,70.51,73.98,74,73.63,86,3929,297154,
517119,"PCS TECHNOLOGY LTD.",X,STK,21.04,21.04,19.06,19.74,19.4,20.79,66,4941,99298,
517146,"USHA MARTIN LTD.",A,STK,431.65,431.65,422.4,424.75,422.4,425.15,923,32954,14077680,
517166,"SPEL SEMICONDUCTOR LTD.",X,STK,153.65,155.8,151.85,152.25,152.25,153.5,725,24731,3776689,
517168,"SUBROS LTD.",B,STK,805,812,798.4,802.55,803.7,798,145,1722,1379559,
517170,"Edvenswa Enterprises Limited",X,STK,22.75,22.75,21.65,22.03,22.03,21.59,92,17123,377539,
517174,"HONEYWELL AUTOMATION INDIA LTD",A,STK,32000,32000,31205.25,31250.35,31225.7,31414.95,24,25,782456,
517201,"SWITCHING TECHNOLOGIES GUNTHER",XT,STK,83.3,83.3,82,83.14,83.14,81.99,8,6629,551114,
517206,"LUMAX INDUSTRIES LTD.",B,STK,6260.45,6260.45,6030,6071.3,6071.3,6205.4,295,864,5304975,
517214,"DIGISPICE TECHNOLOGIES LIMITED",B,STK,19.56,20.61,18.8,19.5,19.8,19.83,79,9631,191039,
517236,"CALCOM VISION LTD.",X,STK,83.5,84.75,80.3,81.55,81.55,81.75,38,1859,154403,
517238,"DYNAVISION LTD.",X,STK,173.25,173.25,163.05,166.4,169.4,173.25,32,575,96006,
517246,"BCC FUBA INDIA LTD.",X,STK,169.8,169.8,161.3,163.1,164,164.2,185,13278,2195619,
517258,"PRECISION ELECTRONICS LTD.",X,STK,125,137.75,125,131.3,131.3,131.2,30,289,39414,
517264,"FINE-LINE CIRCUITS LTD.",X,STK,79.95,79.95,79.95,79.95,79.95,79.99,1,17,1359,
517271,"HBL ENGINEERING LIMITED",A,STK,708.95,717.9,696,700.35,699.9,704.6,1364,40297,28342892,
517273,"S&S POWER SWITCHGEAR LTD.",T,STK,320.1,320.1,319.85,319.85,319.85,333,6,85,27200,
517286,"RNIT AI SOLUTIONS LIMITED",XT,STK,52.9,53.9,52.6,53.26,53.6,52.9,234,74697,3997084,
517288,"Gujarat Poly Electronics Limit",X,STK,63.49,65,59.1,59.93,59.93,62.94,84,4078,251468,
517300,"GUJARAT INDUSTRIES POWER CO.LT",B,STK,143.85,145.5,141.4,144.25,144.35,143.9,154,5330,764266,
517320,"MAGNUS STEEL AND INFRA LIMITED",XT,STK,59.7,60.72,59.7,60.72,60.72,59.53,18,4025,241832,
517334,"Samvardhana Motherson Internat",A,STK,133.45,135.6,132.8,135.25,135.25,133.2,2435,287710,38691459,
517336,"MODERN MALLEABLES LTD.",P,STK,11.61,11.61,11.61,11.61,11.61,11.06,1,100,1161,
517344,"MINDTECK (INDIA) LTD.",B,STK,208,216.85,208,214.25,210.8,214.15,74,1655,353092,
517354,"HAVELLS INDIA LTD.",A,STK,1417.1,1426,1404.2,1413.15,1410.4,1417.1,657,4594,6497577,
517356,"ACI INFOCOM LTD.",X,STK,1.27,1.28,1.19,1.26,1.28,1.19,267,301222,375809,
517360,"SBEC SYSTEMS (INDIA) LTD.",X,STK,16.5,18.75,16.5,18.69,18.69,17.6,4,303,5153,
517370,"INCAP LTD.",X,STK,99.99,108.85,93.6,95.61,95.99,95.18,201,15051,1548063,
517372,"GUJARAT INTRUX LTD.",X,STK,440.05,447.35,427.35,433.95,433.95,447.35,169,3035,1319739,
517380,"IGARASHI MOTORS INDIA LTD.",B,STK,357.65,384.65,357.65,365.45,364.75,355.95,289,5353,2005921,
517385,"SYMPHONY LIMITED",B,STK,830.05,846.9,830.05,836.35,835.5,835.5,275,2016,1689147,
517393,"REGANTO ENTERPRISES LIMITED",Z,STK,11.28,11.4,10.95,10.95,10.95,11.06,130,29607,326685,
517397,"PAN ELECTRONICS INDIA LTD.",X,STK,41.37,41.37,40.77,40.77,40.77,39.4,5,7,287,
517411,"SHYAM TELECOM LTD.",B,STK,10.79,10.79,9.8,10.67,9.8,10.49,5,2341,24043,
517415,"LEE & NEE SOFTWARES (EXPORTS)",XT,STK,7.88,8.05,7.61,7.95,7.99,7.88,55,8638,66607,
517417,"PATELS AIRTEMP (INDIA) LTD.",X,STK,239.9,251,239.9,246,246,237.95,201,8047,1979938,
517421,"BUTTERFLY GANDHIMATHI APPLIANC",B,STK,606.2,606.2,606.2,606.2,606.2,600.6,2,5,3031,
517429,"Athena Global Technologies Lim",X,STK,77.38,77.38,74.5,74.76,74.6,77.4,29,6245,470502,
517431,"NARMADA MACPLAST DRIP IRRIGATI",X,STK,24.5,24.5,23,23.39,23.4,23.78,355,65369,1529866,
517437,"DUTRON POLYMERS LTD.",X,STK,112,112,112,112,112,111,1,50,5600,
517447,"R.S.SOFTWARE INDIA LTD.",B,STK,36.48,36.82,35.4,35.83,35.81,35.85,58,3616,130465,
517449,"MAGNA ELECTRO CASTINGS LTD.",X,STK,989.55,989.55,965.1,988.1,989.55,963.75,38,531,522026,
517467,"MARSONS LIMITED",B,STK,140,144.8,137,139,139,138.05,1396,1051551,147076585,
517477,"ELNET TECHNOLOGIES LTD.",X,STK,344.05,357.85,344,355,355,345,36,10011,3575232,
517494,"ACCEL LIMITED",X,STK,12.77,13,12.49,12.71,12.7,12.83,61,10297,130945,
517498,"WEBSOL ENERGY SYSTEM LTD.",A,STK,57,59.5,56.14,56.81,56.87,56.96,2435,423444,24493464,
517500,"ROTO PUMPS LTD.",B,STK,56.95,58.95,56.95,57.92,58.1,57.95,210,21092,1230819,
517506,"TTK PRESTIGE LTD.",A,STK,527.05,530.1,525,527.15,527.15,531.35,144,735,387364,
517514,"D&H INDIA LTD",X,STK,140,142.5,139.7,141.25,141.8,138.45,68,5975,843890,
517522,"RAJRATAN GLOBAL WIRE LTD.",B,STK,420.6,431.9,418.9,422.3,422.6,420.6,211,3141,1335585,
517530,"SURANA TELECOM AND POWER LIMIT",B,STK,18.61,18.61,17.99,18.1,18.38,18.16,137,4756,86003,
517536,"ONWARD TECHNOLOGIES LTD.",B,STK,270.1,278.45,269.3,276.1,276.1,267.4,68,1385,375562,
517544,"CENTUM ELECTRONICS LTD.",B,STK,2681.9,2713.2,2643.35,2683.3,2671.9,2682.3,188,1410,3765005,
517546,"ALFA TRANSFORMERS LTD.",X,STK,43.04,47.05,43.02,45.87,45.87,43.47,288,47052,2143612,
517554,"NHC FOODS LTD.",X,STK,0.79,0.87,0.78,0.81,0.81,0.79,547,2417122,1984337,
517556,"PVP VENTURES LTD.",B,STK,27.87,28,27.14,27.33,27.3,27.48,315,38555,1070470,
517562,"TRIGYN TECHNOLOGIES LTD.",B,STK,52.11,53,51.15,51.4,51.4,51.64,77,1129,58496,
517569,"KEI INDUSTRIES LTD.",A,STK,4922.2,5058,4922.2,5007,5007,4947.7,3881,22833,114239355,
518011,"KEERTHI INDUSTRIES LTD.",X,STK,54,61.5,54,55.26,61.5,54,12,5144,284145,
518053,"Sri Chakra Cement Limited",X,STK,45.34,45.34,41.22,44.99,45.34,45.8,78,5328,227941,
518075,"SURAJ PRODUCTS LTD.",Z,STK,240,245,234.5,243.65,243.9,240,77,4242,1026004,
518091,"ANJANI PORTLAND CEMENT LTD.",B,STK,133.8,133.8,126.15,127,127,131.3,49,1692,223187,
519003,"MODI NATURALS LIMITED",B,STK,305.05,309.9,292.1,296.35,292.1,305.05,17,82,24541,
519014,"PRASHANT INDIA LTD.",XT,STK,14.99,14.99,14.99,14.99,14.99,15.77,1,300,4497,
519091,"TASTY BITE EATABLES LTD.",B,STK,7358.5,7389.85,7185,7247.6,7313.5,7336.55,190,258,1870121,
519097,"RITESH INTERNATIONAL LTD.",X,STK,60.9,61.85,60,60,60,60.85,11,418,25167,
519105,"AVT NATURAL PRODUCTS LTD.",B,STK,64.92,65.99,64.56,64.65,64.68,65.06,20,638,41290,
519126,"HINDUSTAN FOODS LTD.",B,STK,487.7,490,479.1,487.15,490,484.55,127,1009,490348,
519136,"NAHAR INDUSTRIAL ENTERPRISES L",B,STK,97.7,100.01,97.5,98.85,98.85,98.5,61,469,46248,
519152,"VADILAL ENTERPRISES LTD.",X,STK,9999,9999,9975,9975,9975,9999,3,4,39948,
519156,"VADILAL INDUSTRIES LTD.",B,STK,4886.4,4936.1,4865,4914.8,4936,4886.35,95,406,1985712,
519174,"ASHIANA AGRO INDUSTRIES LTD.",XT,STK,10.45,10.45,10.45,10.45,10.45,11,1,100,1045,
519183,"ADF FOODS LTD.",B,STK,203.8,206.25,200.1,202.55,202.25,204.4,159,3798,769354,
519191,"Retro Green Revolution Limited",Z,STK,1.51,1.53,1.45,1.52,1.52,1.48,41,19950,29805,
519214,"WILLIAMSON FINANCIAL SERVICES",X,STK,7.3,7.3,7.3,7.3,7.3,7.66,1,5,36,
519216,"AJANTA SOYA LTD.",X,STK,23.97,23.97,23,23.28,23.26,23.32,357,46786,1085356,
519230,"KISAAN PARIVAR INDUSTRIES LIMI",X,STK,17.45,17.45,16.01,16.9,16.9,16.33,31,809,13252,
519234,"SUPERIOR INDUSTRIAL ENTERPRISE",X,STK,36.4,37.88,34.63,34.69,35.99,36.49,24,5548,200944,
519238,"SAPTARISHI AGRO INDUSTRIES LTD",X,STK,43.5,44.75,43.3,44.46,44.7,44.48,26,6205,274248,
519262,"PRIMA AGRO LTD.",X,STK,16.75,17.25,16.7,17,17,16.95,6,211,3584,
519279,"MADHUR INDUSTRIES LTD.",X,STK,7.41,7.41,7.07,7.41,7.41,7.06,27,18737,138808,
519285,"TARAI FOODS LTD.",Z,STK,6.71,6.85,6.51,6.7,6.7,6.85,22,1223,8054,
519287,"MODERN DAIRIES LTD.",X,STK,32,33.11,32,33.07,33,32.01,79,50016,1641897,
519295,"BAMBINO AGRO INDUSTRIES LTD.",X,STK,210.7,210.7,207.2,207.25,207.2,210.7,22,693,144404,
519299,"PRIME INDUSTRIES LTD.",X,STK,37.8,40.82,37.05,38.8,39.46,37.39,36,10331,386766,
519307,"VIKAS WSP LTD.",Z,STK,1.14,1.14,1.04,1.05,1.04,1.09,99,250450,263470,
519331,"VSF PROJECTS LTD.",X,STK,37.94,39.9,36.21,39.42,39.5,36.09,26,2794,107362,
519359,"POONA DAL & OIL INDUSTRIES LTD",X,STK,65.5,66,65.5,65.5,65.5,64.41,10,433,28362,
519367,"TRANSGLOBE FOODS LTD.",XT,STK,493,493,490,492.75,490,469.65,5,36,17739,
519383,"ANIK INDUSTRIES LTD.",B,STK,48.71,48.71,45.4,45.4,45.4,46.99,2,4,188,
519397,"SHARAT INDUSTRIES LTD.",X,STK,150.5,155.75,150.3,155.5,155,154.35,250,187934,28872733,
519421,"KSE LTD.",X,STK,217,217.75,213.1,214.9,214.9,213.65,115,2919,627789,
519455,"NARBADA GEMS AND JEWELLERY LTD",X,STK,60.32,60.39,56.99,57.62,57.25,59.14,41,1245,72234,
519457,"VIRAT CRANE INDUSTRIES LTD.",X,STK,31.95,31.95,31,31.66,31.8,30.6,17,747,23509,
519463,"IB INFOTECH ENTERPRISES LTD.",XT,STK,612.25,612.25,612.25,612.25,612.25,583.1,20,393,240614,
519471,"Ambar Protein Industries Limit",X,STK,163.05,169,155.3,167.45,167.45,163.05,20,5579,887525,
519475,"CHORDIA FOOD PRODUCTS LTD.",X,STK,73.12,73.12,73.12,73.12,73.12,69.64,1,1,73,
519477,"CIAN Agro Ind & Infra Ltd",T,STK,1295,1310,1260,1306.5,1306.5,1283.7,1578,46551,60567092,
519479,"OMEGA AG-SEEDS (PUNJAB) LTD.",X,STK,9.13,9.13,9.12,9.12,9.12,8.7,6,1025,9358,
519483,"TAI INDUSTRIES LTD.",X,STK,30.66,30.66,29.51,29.51,29.51,30.66,9,159,4810,
519500,"BKV INDUSTRIES LTD.",X,STK,9.02,9.06,8.26,9.04,8.6,8.57,67,6431,57737,
519506,"NCC BLUE WATER PRODUCTS LTD.",P,STK,23.02,23.02,23.02,23.02,23.02,22.57,1,100,2302,
519528,"NORBEN TEA & EXPORTS LTD.",T,STK,93.1,93.1,93.1,93.1,93.1,95,9,1901,176983,
519532,"ASIAN TEA & EXPORTS LTD.",X,STK,9.7,10.25,9.7,9.85,9.89,9.9,38,2979,29257,
519552,"HERITAGE FOODS LIMITED",A,STK,331.15,331.15,322,325.75,326.5,326.65,346,9256,3016762,
519566,"SIMRAN FARMS LTD.",X,STK,154.6,155.55,154.6,155,155,154.6,15,1355,210062,
519574,"HINDUSTAN AGRIGENETICS LTD.",X,STK,40.64,41.8,36.2,36.97,36.97,39.84,123,42576,1587455,
519600,"CCL PRODUCTS (INDIA) LTD.",A,STK,1041.45,1051.2,1027.5,1034,1031.45,1036.4,864,8372,8683330,
519602,"KELLTON TECH SOLUTIONS LTD.",B,STK,19.99,20.04,19.64,19.95,19.9,19.95,573,199182,3955663,
519604,"SURYO FOODS & INDUSTRIES LTD.",X,STK,22.14,22.14,20.07,21.46,21.46,21.09,20,255,5407,
519606,"INTEGRATED PROTEINS LTD.",X,STK,33.69,35.68,32.3,35.64,35.64,33.99,43,9608,330604,
519612,"LAKE SHORE REALTY LIMITED",X,STK,76.98,78,75.99,76,75.99,76.99,8,150,11633,
520008,"RICO AUTO INDUSTRIES LTD.",B,STK,126.15,132,126.15,131.05,131.05,128.1,1291,160161,20780222,
520021,"OMAX AUTOS LTD.",B,STK,109.05,111.5,107.75,110.25,109.85,109,78,4566,504298,
520043,"MUNJAL SHOWA LTD.",B,STK,129.45,130.1,127.5,128.25,127.9,129.85,259,16935,2184820,
520051,"JAMNA AUTO INDUSTRIES LTD.",B,STK,143.9,149.4,143.9,148.15,148.15,143.75,1787,204343,30225002,
520056,"TVS Holdings Limited",A,STK,15000,15650,14906.85,15543.8,15450,15160.1,535,1338,20705117,
520057,"JTEKT India Ltd",B,STK,142,144.35,140.25,141.25,140.7,140.35,260,21325,3031401,
520059,"MUNJAL AUTO INDUSTRIES LTD.",B,STK,82.9,83.66,81,81.96,81.76,83.23,75,2940,242308,
520066,"JAY BHARAT MARUTI LTD.",B,STK,105.8,111.6,105.8,108.41,108.7,104.83,656,30379,3318665,
520073,"RACL Geartech Limited",B,STK,1428.1,1468.1,1409.65,1422.35,1424.65,1428.1,243,1573,2251854,
520075,"SAMKRG PISTONS & RINGS LTD.",X,STK,123.4,123.4,121.6,121.6,121.6,123.4,13,258,31744,
520081,"EAST COAST STEEL LTD.",P,STK,17.86,17.86,17.86,17.86,17.86,18.8,1,100,1786,
520086,"SICAL LOGISTICS LTD.",T,STK,64.6,66.9,64.6,65.41,65.3,67.99,13,276062,18358287,
520111,"RATNAMANI METALS & TUBES LTD.",A,STK,2422.1,2432.3,2350,2362.8,2350,2422,160,849,2038530,
520113,"VESUVIUS INDIA LTD.",A,STK,520.6,542.5,520.6,534.95,534.95,520.5,1120,16630,8850905,
520119,"AUTOMOTIVE STAMPINGS & ASSEMBL",B,STK,460.45,460.85,451.25,452.75,452.55,457.4,70,843,384349,
520121,"ARCEE INDUSTRIES LTD.",XT,STK,14.82,14.82,14.53,14.53,14.53,14.53,16,13396,197655,
520123,"ABC INDIA LTD.",X,STK,66.94,66.94,61.81,62.32,62.4,66.94,12,238,15294,
520127,"BALURGHAT TECHNOLOGIES LTD.",X,STK,14,14,13.6,13.73,13.6,13.51,11,5153,72102,
520141,"SIBAR AUTO PARTS LTD.",X,STK,7.9,8,7.25,7.61,7.61,7.71,43,4576,34629,
520151,"TRANSWORLD SHIPPING LINES LIMI",B,STK,143.25,143.25,139.05,142,142,140.8,14,79,11115,
520155,"Starlog Enterprises Limited",X,STK,39.49,39.49,37.53,38.39,38.5,38.9,17,1265,48252,
521005,"TITAN INTECH LIMITED",X,STK,0.88,0.9,0.87,0.9,0.9,0.88,830,1177981,1048993,
521016,"INDO COUNT INDUSTRIES LTD.",A,STK,270.5,274.8,268.05,271.7,271.35,270.4,370,10345,2800673,
521018,"MARAL OVERSEAS LTD.",B,STK,48.45,48.45,43.06,43.06,43.06,45.67,5,11,503,
521048,"ADVANCE LIFESTYLES LTD.",X,STK,24.25,24.25,24.15,24.15,24.15,23.24,4,528,12801,
521054,"KAKATIYA TEXTILES LTD.",X,STK,9.01,9.89,9.01,9.89,9.89,9.01,9,494,4692,
521062,"PERFECT-OCTAVE MEDIA PROJECTS",X,STK,4.8,4.9,4.7,4.9,4.9,4.67,72,90589,431638,
521064,"TRIDENT LTD.",A,STK,25.88,26,25.55,25.69,25.69,26,2439,492559,12673859,
521068,"HISAR SPINNING MILLS LTD.",P,STK,60.6,60.6,60.6,60.6,60.6,63.78,1,100,6060,
521070,"ALOK INDUSTRIES LTD.",A,STK,14.41,14.64,14.27,14.5,14.5,14.59,779,618332,8920472,
521080,"PASARI SPINNING MILLS LTD.",X,STK,6.5,6.5,6.2,6.49,6.49,6.5,7,127,797,
521097,"AMARJOTHI SPINNING MILLS LTD.",X,STK,139.3,140.8,139,139.1,139.1,139.25,19,242,33715,
521105,"OLYMPIA INDUSTRIES LTD.",X,STK,30.1,30.1,28.35,29.37,29.31,31.88,37,4400,128686,
521109,"NAGREEKA EXPORTS LTD.",B,STK,24.13,26.75,24.13,26.28,26.28,25.81,11,631,16312,
521113,"SUDITI INDUSTRIES LTD.",X,STK,82.99,83.89,78,81.33,81.2,80,224,187575,14893869,
521131,"Shree Bhavya Fabrics Limited",X,STK,25.42,25.99,23.69,24.93,24.93,24.98,98,11998,291445,
521137,"EUREKA INDUSTRIES LTD.",X,STK,5.8,5.8,5.33,5.52,5.52,5.57,63,23382,130078,
521141,"ADITYA SPINNERS LTD.",X,STK,18,18,18,18,18,17.94,6,593,10674,
521149,"PRIME URBAN DEVELOPMENT INDIA",X,STK,8.44,8.53,8.11,8.36,8.49,8.53,23,2471,20415,
521151,"DHANLAXMI FABRICS LTD.",X,STK,61.9,64.95,59,63.44,64.95,61.86,24,327,20374,
521161,"SRI LAKSHMI SARASWATHI TEXTILE",X,STK,29,29,28.42,28.42,28.42,29,3,4,114,
521163,"ZODIAC CLOTHING CO.LTD.",B,STK,79.01,82.29,79.01,82.29,82.29,80.99,17,1181,96256,
521178,"SRI RAMAKRISHNA MILLS (COIMBAT",X,STK,40.89,40.9,40.89,40.9,40.9,41,4,36,1472,
521180,"SUPER SPINNING MILLS LTD.",B,STK,7.06,7.06,6.3,6.3,6.55,6.33,26,3666,24385,
521194,"SIL INVESTMENTS LTD.",B,STK,442.85,442.85,442.85,442.85,442.85,430,1,50,22142,
521200,"SURYALAKSHMI COTTON MILLS LTD.",B,STK,61,63.6,57.31,59.85,59.85,60.17,5,53,3292,
521206,"SAMTEX FASHIONS LTD.",X,STK,1.52,1.54,1.36,1.41,1.41,1.51,155,68796,97723,
521210,"CITYMAN LTD.",X,STK,13.6,13.6,13.6,13.6,13.6,13.6,1,1,13,
521216,"DHANALAXMI ROTO SPINNERS LTD.",X,STK,80.54,83,79,81.48,81.05,80.53,28,562,45784,
521222,"SANBLUE CORPORATION LTD.",X,STK,40.57,40.57,40.57,40.57,40.57,42.7,1,400,16228,
521226,"UNIROYAL INDUSTRIES LTD.",X,STK,18.5,19.5,18.45,18.46,18.45,18.49,6,387,7245,
521228,"TATIA GLOBAL VENNTURE LTD.",X,STK,2.37,2.44,2.35,2.38,2.38,2.37,216,59176,141028,
521234,"SRI NACHAMMAI COTTON MILLS LTD",X,STK,32.08,32.08,32.04,32.04,32.04,30,4,79,2531,
521238,"BHARAT GLOBAL DEVELOPERS LIMIT",B,STK,101.75,102.9,97.45,101.95,101,98,361,44080,4516887,
521240,"SAMBANDAM SPINNING MILLS LTD.",X,STK,98.05,100,94,96.4,96.4,100,26,572,55826,
521244,"MKP Mobility Limited",X,STK,117,117,110,110,110,112,3,52,6077,
521246,"PARAS PETROFILS LTD.",T,STK,2.15,2.36,2.15,2.2,2.24,2.25,78,61210,135409,
521248,"KITEX GARMENTS LTD.",A,STK,185.3,185.3,182.65,184.2,184.8,185.1,472,34906,6413971,
522001,"CRANEX LTD.",X,STK,74.99,75,71.12,72,72,70.33,57,6952,512854,
522004,"BATLIBOI LTD.",X,STK,91,92,89.02,90.06,90.24,88.28,90,7029,635530,
522005,"AUSTIN ENGINEERING CO.LTD.",X,STK,120.9,120.9,116,118.75,119.85,116.35,26,333,39531,
522014,"UNITED DRILLING TOOLS LTD.",B,STK,175.95,175.95,169.2,169.35,169.35,171.95,85,6036,1034669,
522017,"FLUIDOMAT LTD.",X,STK,580.05,583.95,570.3,571.45,572,580.05,98,4239,2439928,
522029,"WINDSOR MACHINES LTD.",B,STK,242.75,242.75,240.1,240.2,240.2,245.1,73,330,79795,
522034,"SHANTHI GEARS LTD.",B,STK,450.95,450.95,450.05,450.05,450.05,450.15,5,37,16661,
522036,"MIVEN MACHINE TOOLS LTD.",X,STK,79,79,76,76,76,80,3,4,310,
522064,"HONDA INDIA POWER PRODUCTS LIM",B,STK,2187.2,2203.85,2170,2173.6,2176,2170,53,155,338616,
522073,"The Hi-Tech Gears Ltd",T,STK,630,648.8,628,648.8,648.8,630,9,112,70490,
522074,"ELGI EQUIPMENTS LTD.",A,STK,553.85,553.85,537.85,541.85,540,544.7,1342,127803,69866623,
522091,"UNITED VAN DER HORST LTD.",XT,STK,39.73,39.73,39.73,39.73,39.73,40.54,29,3305,131307,
522101,"KILBURN ENGINEERING LTD.",B,STK,506.9,511,498.1,508.35,508.35,500,1160,40698,20665071,
522105,"BIRLA PRECISION TECHNOLOGIES L",X,STK,34.17,35.2,33.56,34.3,34.4,34.1,83,11958,409039,
522108,"YUKEN INDIA LTD.",B,STK,757.2,757.2,737.25,757,757,746,20,61,45666,
522113,"TIMKEN INDIA LTD.",A,STK,3338.5,3380,3303.15,3362.55,3349.6,3332.55,335,1065,3567532,
522122,"VOITH PAPER FABRICS INDIA LTD.",X,STK,1600,1600,1566,1582,1590,1592,21,85,134610,
522134,"ARTSON LIMITED",X,STK,144,151.2,144,148,148,144,116,12645,1885884,
522152,"SOLITAIRE MACHINE TOOLS LTD.",X,STK,102.95,104,102.9,104,104,99,14,2021,210037,
522163,"DIAMOND POWER INFRASTRUCTURE L",B,STK,138.6,145.8,138.25,140.25,141,136.45,2297,191974,27350737,
522165,"INDSIL HYDRO POWER AND MANGANE",X,STK,37.7,39.4,37.1,37.42,37.3,36.88,107,14813,558523,
522183,"ITL INDUSTRIES LTD.",X,STK,281.35,281.35,262.05,277.85,279.8,278.1,108,2893,787439,
522195,"FRONTIER SPRINGS LTD.",B,STK,4373.95,4373.95,4300.65,4335.15,4343,4311.9,430,3377,14628340,
522205,"PRAJ INDUSTRIES LTD.",A,STK,302.15,316.75,300.55,310.25,310.25,301.5,2293,112603,34776751,
522207,"RASANDIK ENGINEERING INDUSTRIE",X,STK,56.41,63,56.41,62.54,63,59.16,11,1320,81343,
522209,"YOGI SUNG-WON (INDIA) LTD.",X,STK,5.1,5.5,4.8,5,5.2,5,96,30307,154896,
522215,"HLE GLASCOAT LIMITED",B,STK,320.05,333.7,318.95,321.25,321.05,317.9,367,6484,2120975,
522217,"GUJARAT APOLLO INDUSTRIES LTD.",B,STK,375.9,379.75,372.9,375.9,373.5,376,49,260,98364,
522229,"TANEJA AEROSPACE & AVIATION LT",X,STK,256.05,260,252.25,258.2,256,252.25,219,11371,2924719,
522231,"CONART ENGINEERS LTD.",X,STK,76.16,78.8,76.15,76.21,78.3,77.48,30,704,54179,
522235,"MINAL INDUSTRIES LIMITED",X,STK,2.3,2.38,2.2,2.31,2.31,2.34,60,25132,58147,
522237,"SHIVAGRICO IMPLEMENTS LTD.",X,STK,24.79,24.9,24.79,24.86,24.9,24.95,5,150,3728,
522241,"M.M.FORGINGS LTD.",B,STK,470.1,475,461,461.7,461.7,469.95,145,1819,849907,
522245,"IYKOT HITECH TOOLROOM LTD.",XT,STK,11.24,11.24,11.24,11.24,11.24,10.71,4,103,1157,
522249,"MAYUR UNIQUOTERS LTD.",B,STK,543.5,548.5,538.8,543.6,544.75,543.35,278,3320,1808989,
522251,"CENLUB INDUSTRIES LTD.",X,STK,229,229,206,208.65,217.9,214.75,70,1288,274493,
522257,"RAJOO ENGINEERS LTD.",B,STK,63.65,64,62.65,62.83,63.19,63.34,268,24086,1527698,
522261,"DOLPHIN OFFSHORE ENTERPRISES (",B,STK,405,428.35,403.4,407.75,410.3,398.75,4783,213946,89126246,
522267,"VEEJAY LAKSHMI ENGINEERING WOR",X,STK,41.99,41.99,41.5,41.5,41.5,40.85,2,2,83,
522273,"AHMEDABAD STEELCRAFT LTD.",X,STK,178.9,178.9,165,168.45,165,164.45,26,302,50630,
522275,"GE Vernova T&D India Limited",A,STK,3939.95,3939.95,3792.1,3864.7,3864.7,3815.15,2162,12250,47249442,
522281,"RAM RATNA WIRES LTD.",B,STK,318.5,319.8,311.95,319.45,319.8,318.1,82,838,264799,
522285,"JAYASWAL NECO INDUSTRIES LTD.",B,STK,77.98,79.42,77.36,78.06,77.97,77.42,837,91068,7137800,
522287,"KALPATARU PROJECTS INTERNATION",A,STK,1183.85,1212.2,1183.85,1196.75,1201.05,1214.05,600,6382,7672816,
522289,"NMS GLOBAL LIMITED",XT,STK,89.99,89.99,83.93,83.93,83.93,88.34,12,256,22386,
522292,"CANDOUR TECHTEX LIMITED",X,STK,159.9,159.9,152.5,153.55,154.95,155.05,104,27834,4306256,
522294,"T & I GLOBAL LTD.",X,STK,192.9,192.95,183.05,184.25,184.25,193,16,365,68162,
522295,"CONTROL PRINT LTD.",B,STK,670.05,670.95,651,657,657.4,673.65,140,1261,830633,
522650,"BEMCO HYDRAULICS LTD.",X,STK,79.26,84.25,79,81.75,81,79.57,325,5488,450724,
523007,"ANSAL BUILDWELL LTD.",X,STK,102.4,102.9,100.1,102.5,102.5,101.65,19,609,61565,
523011,"WEIZMANN LTD.",B,STK,87.67,87.67,87.67,87.67,87.67,85.45,1,1,87,
523019,"B.N.RATHI SECURITIES LTD.",X,STK,16,16.12,14.86,15.27,15.29,15.8,354,122593,1864417,
523021,"RISHI TECHTEX LTD.",X,STK,41.88,41.88,40,41.57,41.57,41.33,16,2017,81115,
523023,"SINCLAIRS HOTELS LTD.",B,STK,72.61,76.76,72.61,74.29,73.69,74,105,5188,387728,
523025,"SAFARI INDUSTRIES (INDIA) LTD.",A,STK,1858,1889.35,1852.9,1861.95,1852.9,1866.95,126,429,801806,
523062,"J.J.FINANCE CORPORATION LTD.",XT,STK,61.1,61.1,61.1,61.1,61.1,64.31,2,12,733,
523100,"COSMO FERRITES LTD.",X,STK,119.4,124,115.5,117.25,119,118.85,45,1221,146719,
523105,"CROPSTER AGRO LIMITED",B,STK,10.89,11.49,10.62,11.27,11.29,11.02,354,42482,471654,
523116,"SANCO TRANS LTD.",X,STK,670.1,725,670.1,714.05,725,704.7,6,96,67109,
523120,"THRIVE FUTURE HABITATS LIMITED",XT,STK,116.65,116.65,112.2,112.2,112.2,114.45,28,13860,1556898,
523127,"EIH ASSOCIATED HOTELS LTD.",B,STK,328.45,336.4,328.45,333.35,335.25,328.5,21,83,27483,
523144,"MEDI-CAPS LTD.",X,STK,23.5,25.7,23.31,25.57,25.58,24,46,3067,76478,
523151,"OTCO INTERNATIONAL LTD.",X,STK,9,9,8.6,8.6,8.6,8.8,9,1753,15696,
523160,"MORGANITE CRUCIBLE (INDIA) LTD",X,STK,1335.4,1340,1306,1309.1,1309.1,1335.4,957,6413,8429105,
523186,"B&A PACKAGING INDIA LIMITED",X,STK,170.8,174.45,162.35,162.35,162.35,170.8,9,57,9778,
523204,"ABAN OFFSHORE LTD.",T,STK,19.97,19.97,19.41,19.66,19.88,19.93,24,2539,49946,
523207,"KOKUYO CAMLIN LTD.",B,STK,82.3,82.3,81.22,81.75,81.7,82.75,54,2516,205776,
523222,"SRM ENERGY LTD.",XT,STK,20.06,20.06,20.06,20.06,20.06,20.46,3,4,80,
523229,"BHARAT SEATS LTD.",B,STK,198,202,191.45,194.3,193.7,196.4,406,17451,3420973,
523232,"CONTINENTAL PETROLEUMS LTD.",X,STK,93.5,93.5,88,88.56,88.56,88.36,26,511,45218,
523242,"NB FOOTWEAR LTD.",P,STK,7.39,7.39,7.39,7.39,7.39,7.77,3,700,5173,
523248,"MACHINO PLASTICS LTD.",X,STK,266.35,276,266.35,266.35,266.35,266.3,11,92,24862,
523261,"VENKYS (INDIA) LTD.",B,STK,1365.5,1374.65,1353.1,1355.85,1357.15,1362.35,75,815,1110399,
523269,"ADVANI HOTELS & RESORTS (INDIA",B,STK,55.28,55.73,54.49,54.66,54.6,55.05,53,1850,101362,
523277,"GV FILMS LTD.",Z,STK,0.36,0.37,0.35,0.36,0.37,0.36,242,565280,202141,
523283,"SUPERHOUSE LTD.",B,STK,154.05,157,152,156.35,157,152,9,255,38962,
523289,"RAMA VISION LTD.",X,STK,134,134,128,131.75,132.7,124.8,31,1728,228328,
523301,"TCPL PACKAGING LTD.",B,STK,2753.85,2786.1,2739.4,2752.7,2745.95,2753.85,37,81,223150,
523309,"SHRI GANG INDUSTRIES AND ALLIE",X,STK,86,89,86,86.61,86.57,87.3,113,10714,928306,
523319,"BALMER LAWRIE & CO.LTD.",B,STK,180.75,181,179.75,180.7,180.25,180,140,6550,1183481,
523323,"KOVAI MEDICAL CENTER & HOSPITA",B,STK,5183.7,5219.95,5100,5132.9,5140,5183.7,546,2247,11503498,
523329,"ELDECO HOUSING & INDUSTRIES LT",B,STK,937.7,937.7,937.7,937.7,937.7,881.75,1,1,937,
523367,"DCM SHRIRAM LIMITED",A,STK,1069.3,1075.25,1060,1064.1,1064.45,1059.3,34,168,179056,
523369,"DCM SHRIRAM INDUSTRIES LTD.",B,STK,34.2,35.84,34.2,35.7,35.7,34.65,119,7396,260485,
523371,"MAWANA SUGARS LTD.",B,STK,77.85,79.06,76.83,78.34,78.15,76.56,72,2487,194404,
523373,"MINI DIAMONDS (INDIA) LTD.",X,STK,22,22.48,21.8,21.89,21.8,21.68,97,34303,749675,
523384,"MAHA RASHTRA APEX CORPORATION",B,STK,98.9,98.9,92,92,92,93.55,35,35,3247,
523385,"NILKAMAL LTD.",B,STK,1391.2,1391.4,1378,1384.6,1381,1387.7,50,134,185635,
523387,"TRITON CORP.LTD.",X,STK,1.25,1.27,1.16,1.27,1.27,1.21,351,126349,157022,
523391,"NAHAR POLYFILMS LTD.",B,STK,249.15,251,249.15,251,251,251.65,40,216,54101,
523395,"3M INDIA LTD.",A,STK,36600,36872,36299,36397.45,36350.7,36426.9,68,106,3876223,
523398,"BOSCH HOME COMFORT INDIA LIMIT",B,STK,1400,1444.9,1400,1434.15,1436.2,1407.95,90,1166,1663145,
523405,"JM FINANCIAL LTD.",A,STK,133.55,135.9,132,132.75,133.1,133.55,501,34825,4665602,
523411,"ADC INDIA COMMUNICATIONS LIMIT",X,STK,1378,1378,1333.7,1342.3,1342.3,1331.35,106,2087,2819420,
523419,"TAMILNADU TELECOMMUNICATIONS L",B,STK,9.11,9.11,8.51,8.71,8.71,9.11,30,3778,32948,
523445,"RELIANCE INDUSTRIAL INFRASTRUC",B,STK,716,718.4,702.3,705.85,703.65,707.9,158,1655,1171548,
523449,"SHARP INDIA LTD.",X,STK,47.99,47.99,44.11,44.85,45.4,43.16,47,1875,86896,
523457,"Linde India Limited",A,STK,6615.2,6964.1,6615.2,6894.25,6855.45,6715.5,1284,5184,35584806,
523467,"JAI MATA GLASS LTD.",X,STK,2.44,2.74,2.25,2.71,2.71,2.3,814,1429867,3761993,
523475,"LOTUS CHOCOLATE CO.LTD.",B,STK,789.75,801,778.05,787.4,787.4,787.85,195,4289,3378343,
523483,"PACIFIC INDUSTRIES LTD.",X,STK,133.5,138,133.5,134.6,134.6,134.75,37,966,130354,
523489,"CHENNAI MEENAKSHI MULTISPECIAL",X,STK,39.15,40.8,38.6,40.65,40.65,39.95,12,369,14512,
523519,"UNIVERSAL OFFICE AUTOMATION LT",X,STK,9.19,9.19,8.77,8.77,8.77,9.23,17,1106,9811,
523537,"APM INDUSTRIES LTD.",X,STK,37.2,40.5,37.2,38.13,38.13,39.5,41,5528,212853,
523539,"PRECISION WIRES INDIA LTD.",B,STK,304.85,312.05,302.2,306.95,305.65,301.85,1914,80167,24680533,
523550,"KRYPTON INDUSTRIES LTD.",X,STK,39.9,39.9,36,36.21,37.9,37.88,64,5904,217221,
523558,"SWISS MILITARY CONSUMER GOODS",X,STK,16.99,16.99,16.8,16.89,16.82,16.83,186,66716,1123845,
523574,"Future Enterprises Limited",Z,STK,0.49,0.49,0.49,0.49,0.49,0.49,7,7685,3765,
523586,"INDIAN TONERS & DEVELOPERS LTD",X,STK,248.4,248.4,244,245.05,245.05,247.4,29,388,94824,
523594,"KUNSTSTOFFE INDUSTRIES LTD.",X,STK,24.39,24.69,23,24.35,24.35,23.98,18,217,5104,
523598,"SHIPPING CORPORATION OF INDIA",A,STK,267,272.35,266.95,268.15,268.15,265.3,1923,118603,31939227,
523606,"SIKA INTERPLANT SYSTEMS LTD.",B,STK,980,1040,980,1011.7,1012.25,987,1251,13443,13513934,
523610,"ITI LTD.",A,STK,271.1,277,270.5,273.55,273.05,270.95,547,22356,6112456,
523618,"DREDGING CORPORATION OF INDIA",B,STK,925,971,925,967.25,962,930.8,721,10178,9715243,
523620,"PHAARMASIA LTD.",XT,STK,91.14,91.14,91.14,91.14,91.14,93,9,317,28891,
523630,"NATIONAL FERTILIZERS LTD.",B,STK,78.48,79.02,77.2,77.42,77.42,78.2,379,431380,33379518,
523638,"IP RINGS LTD.",XT,STK,119,124.75,119,121.65,122.75,118.85,50,3880,473281,
523642,"P.I.INDUSTRIES LTD.",A,STK,3069.15,3146,3069.15,3131.35,3129.45,3097,747,4675,14572670,
523648,"PLASTIBLENDS INDIA LTD.",B,STK,147,147,147,147,147,147.1,5,6,882,
523650,"YASH INNOVENTURES LIMITED",XT,STK,43.94,45,42.86,44.97,44.95,43.98,111,515310,23185896,
523652,"Kkalpana Plastick Limited",X,STK,28.35,29.76,28.35,28.35,28.35,28.35,3,253,7525,
523660,"WATERBASE LTD.",XT,STK,56.52,57.74,54.61,54.86,54.71,56.57,213,23601,1309270,
523672,"FLEX FOODS LTD.",X,STK,43.42,43.5,42.05,43.46,43.5,42.85,19,1128,48878,
523676,"GOLKUNDA DIAMONDS & JEWELLERY",X,STK,300,308,291.65,300.65,300.5,296.85,196,8546,2578372,
523694,"APCOTEX INDUSTRIES LTD.",B,STK,370.85,371.65,363,366.85,363,370.75,69,456,167156,
523696,"FORTIS MALAR HOSPITALS LIMITED",X,STK,53.2,55.5,53.2,53.83,54.1,54.26,339,24959,1355045,
523704,"MASTEK LTD.",A,STK,1629.85,1634.95,1582.3,1588.55,1583,1620.5,370,2703,4332823,
523708,"EIMCO ELECON (INDIA) LTD.",B,STK,1604.7,1615,1604.2,1604.8,1604.8,1592.7,19,69,110827,
523710,"SAYAJI HOTELS LTD.",X,STK,284.05,293.85,282,289.85,282,283,20,585,167559,
523716,"ASHIANA HOUSING LTD.",B,STK,318.55,332.5,318.55,326.3,323.25,323.35,162,3956,1290925,
523722,"SVAM SOFTWARE LTD.",XT,STK,8.99,9.01,8.7,9.01,9.01,8.59,55,16156,145365,
523732,"ECOBOARD INDUSTRIES LTD.",X,STK,57.85,57.85,54.05,55.67,55.1,55.13,38,5224,293183,
523736,"Dhunseri Ventures Limited",B,STK,302.7,302.7,250,251.35,251.55,253.4,61,1721,432697,
523752,"TRANS INDIA HOUSE IMPEX LIMITE",X,STK,6.16,6.2,5.88,6.09,6.18,6.14,90,44337,271658,
523754,"MAHINDRA EPC IRRIGATION LIMITE",B,STK,121.95,121.95,118,119.1,119.05,119.45,210,17428,2095707,
523790,"SHUKRA JEWELLERS LTD.",P,STK,7.51,7.51,7.31,7.44,7.31,7.51,5,500,3735,
523792,"MAZDA LTD.",B,STK,207,219.4,204.5,204.55,204.5,200.95,49,6071,1323899,
523796,"VICEROY HOTELS LTD.",T,STK,152.75,152.75,141.55,147.85,148,147.95,87,8375,1221180,
523826,"SOVEREIGN DIAMONDS LTD.",XT,STK,22.9,22.9,22.54,22.54,22.54,23,9,286,6451,
523828,"MENON BEARINGS LTD.",B,STK,115.75,117.7,115.1,116.1,117.05,115.15,78,1647,192147,
523832,"MUKAT PIPES LTD.",XT,STK,24.41,24.41,24.41,24.41,24.41,24.9,3,105,2563,
523836,"GUJARAT RAFFIA INDUSTRIES LTD.",B,STK,38.63,39.3,38.63,39.3,39.3,38.63,3,209,8075,
523838,"SIMPLEX INFRASTRUCTURES LTD.",B,STK,205.55,205.9,200.7,203.6,203.6,208.1,19,247,50072,
523840,"INNOVATIVE TECH PACK LTD.",X,STK,17.5,17.89,16.98,17.69,17.75,17,31,7054,120582,
523842,"SUPER TANNERY LIMITED",X,STK,6.8,7.05,6.69,6.88,6.9,6.83,60,19448,133271,
523844,"CONSTRONICS INFRA LIMITED",X,STK,47.11,52.63,45,50.79,50.79,50,17,836,39149,
523850,"AXTEL INDUSTRIES LTD.",X,STK,380,384.9,335,343.5,343.5,371.75,585,17371,6130911,
523862,"GRAND OAK CANYONS DISTILLERY L",B,STK,30.7,30.7,29.23,29.31,29.31,30.7,25,1639,49289,
523874,"East India Drums and Barrels M",XT,STK,113.56,119.99,112.5,113.17,115.45,118.42,54,1287,148432,
524000,"POONAWALLA FINCORP LIMITED",A,STK,472.3,476.15,461.95,463.9,463.9,460.75,4613,144210,67496443,
524019,"Kingfa Science & Technology (I",B,STK,4444,4563.1,4318,4355.3,4354,4496.95,60,204,911556,
524031,"PATIDAR BUILDCON LIMITED",X,STK,9.43,9.43,9.43,9.43,9.43,9.45,1,2,18,
524037,"RAMA PHOSPHATES LTD.",B,STK,132.05,132.05,128.7,130.35,130.6,127.4,117,2911,379485,
524038,"VENLON ENTERPRISES LTD.",X,STK,6,6,5.51,5.51,5.51,5.8,16,3762,20730,
524051,"POLYPLEX CORPORATION LTD.",B,STK,824,840,813,834.6,837.8,823.95,89,1140,940944,
524055,"PANTHER INDUSTRIAL PRODUCTS LT",X,STK,39,39,39,39,39,40.85,2,2,78,
524075,"ALBERT DAVID LTD.",B,STK,710.4,710.4,710.4,710.4,710.4,710.6,1,25,17760,
524080,"HARYANA LEATHER CHEMICALS LTD.",X,STK,57.82,59.4,57,59.4,59.4,59,16,152,8716,
524091,"CARYSIL LIMITED",B,STK,911,935,905.7,909.8,911.4,905.7,177,1516,1387783,
524109,"KABRA EXTRUSIONTECHNIK LTD.",B,STK,261.2,262.85,248.75,250,250,259.1,86,1253,317435,
524129,"VINYL CHEMICALS (INDIA) LTD.",B,STK,213.3,216,212.6,215.3,215.3,211.55,8,72,15450,
524136,"PEE CEE COSMA SOPE LTD.",X,STK,366,366,355,359.95,359.95,353.2,10,121,43366,
524156,"TCM LTD.",XT,STK,48.28,48.5,48.26,48.5,48.5,50.8,5,704,34029,
524164,"IOL CHEMICALS & PHARMACEUTICAL",B,STK,74.69,75.73,73.42,73.92,74,74.72,287,25710,1919380,
524174,"KESAR PETROPRODUCTS LTD.",X,STK,23.4,23.5,22.76,23.22,22.82,22.27,254,163957,3793641,
524200,"VINATI ORGANICS LTD.",A,STK,1503,1512,1491.95,1503.6,1509.8,1510.2,215,20481,30721736,
524202,"LACTOSE (INDIA) LTD.",X,STK,97.95,97.95,97.45,97.45,97.45,97.16,2,7,684,
524204,"TEESTA AGRO INDUSTRIES LTD.",X,STK,113.5,113.5,110.45,111.15,110.5,113.5,13,1107,122956,
524208,"AARTI INDUSTRIES LTD.",A,STK,455.5,457.75,453.5,455.45,455.45,455.4,607,11026,5022139,
524210,"PENTOKEY ORGANY (INDIA) LTD.",X,STK,37.26,38.85,36.28,36.49,36.28,36.9,12,569,21382,
524212,"WANBURY LTD.",T,STK,249.2,266.95,249.2,263,263,254.25,33,2259,592097,
524218,"RESONANCE SPECIALTIES LTD.",X,STK,97,101,97,100.6,101,99.4,20,2674,266306,
524226,"GUJARAT AMBUJA EXPORTS LTD.",B,STK,144.1,146,140.65,144.2,144.45,144.05,366,42459,6085542,
524230,"RASHTRIYA CHEMICALS & FERTILIZ",A,STK,128.8,129.7,127.3,127.8,127.8,128.75,312,26954,3458448,
524238,"GUJARAT INJECT (KERALA) LTD.",XT,STK,64,64,64,64,64,64.5,53,54803,3507392,
524280,"KOPRAN LTD.",B,STK,132.45,135.95,129.05,133.15,133,129.75,226,6530,867296,
524288,"AIMCO PESTICIDES LTD.",X,STK,48.5,50.49,47.1,47.53,47.5,48.74,61,6067,296547,
524314,"GUJARAT TERCE LABORATORIES LTD",X,STK,41.98,41.98,39.3,39.66,39.3,38.8,10,335,13473,
524322,"KABRA DRUGS LTD.",X,STK,30.14,30.94,28.82,29.09,29.09,30.14,192,74436,2197802,
524324,"SEYA INDUSTRIES LTD.",T,STK,14.32,14.32,13.61,13.61,13.61,14.32,8,248,3396,
524330,"JAYANT AGRO-ORGANICS LTD.",B,STK,177.6,178.9,177.6,178.85,178.7,176,4,39,6945,
524332,"BCL INDUSTRIES LIMITED",B,STK,27.79,28.51,27.79,28,28.32,27.76,191,40964,1153268,
524336,"SHREE HARI CHEMICALS EXPORT LT",X,STK,104,106.5,102.7,106.25,106.25,103.4,6,2054,213560,
524342,"INDO BORAX & CHEMICALS LTD.",B,STK,244.1,244.75,243.6,244.5,244.5,242.9,13,4784,1166626,
524348,"AARTI DRUGS LTD.",B,STK,375,375,367.05,368.5,369.65,369.7,166,2885,1069583,
524370,"BODAL CHEMICALS LTD.",B,STK,46.05,47.44,45.52,46.2,46.2,46.95,205,50100,2316198,
524372,"Orchid Pharma Limited",B,STK,629,640.25,618.05,629.35,618.05,628,310,2292,1442012,
524394,"VIMTA LABS LTD.",B,STK,463.95,470.55,458.1,462.65,463,464,255,3155,1462073,
524396,"BIOFIL CHEMICALS & PHARMACEUTI",B,STK,32.5,33.99,31.4,31.52,31.44,32.5,103,1197,38202,
524400,"ISHITA DRUGS & INDUSTRIES LTD.",X,STK,69.5,70.99,69.5,69.81,69.5,69.23,17,1100,77345,
524404,"MARKSANS PHARMA LTD.",A,STK,174.45,182,174.45,176.55,176.65,175.5,1002,46003,8211844,
524408,"UNIVERSAL STARCH-CHEM ALLIED L",X,STK,139.9,139.9,126.55,126.65,133.5,139.95,22,1034,133272,
524412,"AAREY DRUGS & PHARMACEUTICALS",B,STK,73.05,78.54,73.05,78.41,78.54,71.4,149,7333,562027,
524414,"NORRIS MEDICINES LTD.",X,STK,13,14,13,13.89,14,13.54,13,742,10186,
524434,"ASIAN PETROPRODUCTS & EXPORTS",X,STK,8.95,9,8.4,8.46,8.57,8.55,31,2005,16919,
524440,"CAMEX LTD.",X,STK,32.4,32.45,30.77,31.93,32,30.98,43,12268,384380,
524444,"EVEXIA LIFECARE LIMITED",X,STK,1.52,1.58,1.51,1.55,1.55,1.5,692,6982127,10831351,
524458,"INDO EURO INDCHEM LTD.",X,STK,12.8,14.2,12.65,12.66,12.66,12.8,57,18249,237455,
524470,"SYNCOM FORMULATIONS (INDIA) LT",B,STK,12.66,13.04,12.6,12.84,12.86,12.75,424,179775,2297890,
524480,"RIDDHI SIDDHI GLUCO BIOLS LTD.",X,STK,475.55,480,475.55,477.35,476,480,19,1327,635471,
524488,"SVC INDUSTRIES LIMITED",X,STK,2.41,2.41,2.23,2.3,2.31,2.37,102,47533,110042,
524494,"IPCA LABORATORIES LTD.",A,STK,1530.1,1547.4,1502.9,1522.75,1518.45,1524.5,1096,14953,22800080,
524500,"KILITCH DRUGS (INDIA) LTD.",B,STK,326.05,331,326,326.25,326.25,320.95,23,494,161637,
524506,"CORAL LABORATORIES LTD.",X,STK,437.9,448.6,431,439.15,448.6,431.7,37,1410,616857,
524516,"BACIL PHARMA LTD.",X,STK,50.89,50.89,47.53,48.99,48.97,49.73,113,20777,1013917,
524518,"KREBS BIOCHEMICALS & INDUSTRIE",B,STK,58,58,58,58,58,58.8,16,30,1740,
524520,"KMC SPECIALITY HOSPITALS (INDI",B,STK,88,89.9,85.42,86.04,86.04,87.88,1049,54841,4771841,
524522,"LAFFANS PETROCHEMICALS LTD.",X,STK,33.5,35,32,34.97,34.97,33.5,17,727,24170,
524534,"BHASKAR AGROCHEMICALS LTD.",X,STK,117.4,124,116.65,123.95,123.95,119.8,28,573,68975,
524542,"SUKHJIT STARCH & CHEMICALS LTD",B,STK,187.45,195,184.15,192.35,192.35,186.8,122,1994,376442,
524548,"SHARMA EAST INDIA HOSPITALS &",X,STK,95,109.9,95,95.6,95,104.1,50,1444,138839,
524558,"NEULAND LABORATORIES LTD.",A,STK,13667,13667,13142.5,13211.8,13155,13329,520,1472,19728190,
524564,"GAYATRI BIOORGANICS LTD.",X,STK,12.85,13.5,12.85,13.09,13.06,13.4,36,1895,24979,
524570,"PODDAR PIGMENTS LTD.",B,STK,235,235,232,233.85,233.85,234,9,10,2329,
524572,"PHARMAIDS PHARMACEUTICALS LTD.",X,STK,35.12,35.99,30,31.21,31.21,35.12,206,40760,1270680,
524576,"VIVID GLOBAL INDUSTRIES LTD.",X,STK,18.83,19.75,18.83,19.37,19.6,18.84,39,8682,167518,
524580,"PRIYA LTD.",X,STK,22.38,22.38,22.38,22.38,22.38,21.32,4,20,447,
524582,"TIRUPATI STARCH & CHEMICALS LT",X,STK,164.95,168.95,159.1,159.25,159.25,161.45,28,813,132467,
524590,"HEMO ORGANIC LIMITED",XT,STK,16.69,16.69,16.69,16.69,16.69,17.03,10,1617,26987,
524592,"JAYSYNTH ORGOCHEM LIMITED",X,STK,12.6,12.94,12.17,12.24,12.17,12.56,90,38520,475800,
524594,"Aeonx Digital Technology Limit",X,STK,129.25,136.4,129.2,130.3,129.2,130.05,27,4250,552769,
524602,"BANDARAM PHARMA PACKTECH LIMIT",XT,STK,28.25,29.5,28.25,29.5,29.5,28.25,5,959,28256,
524606,"BERYL DRUGS LTD.",X,STK,20.65,22,20.5,21.75,21.75,21.07,15,319,6816,
524614,"IEL LIMITED",X,STK,6.75,7.1,6.64,6.93,7,6.62,168,83879,577508,
524622,"ISTREET NETWORK LIMITED",XT,STK,36.71,38.55,36,37.64,38.55,36.72,189,49367,1832376,
524624,"GAGAN GASES LTD.",X,STK,20,21.5,19.65,20.95,20.95,20.05,19,790,16529,
524628,"PARKER AGROCHEM EXPORTS LTD.",X,STK,16.1,16.88,16.1,16.88,16.88,16.09,3,4,65,
524632,"Shukra Pharmaceuticals Limited",XT,STK,40.89,40.89,39,40.08,40.08,39.07,822,217641,8749810,
524634,"ALUFLUORIDE LTD.",X,STK,460.05,475.7,460.05,465.3,465.3,462.1,271,9055,4228046,
524636,"OXYGENTA PHARMACEUTICAL LIMITE",X,STK,50.6,59.45,50.6,53.03,53.4,50.53,27,1778,95618,
524640,"ARCHIT ORGANOSYS LTD.",X,STK,39.9,40.45,38.99,39.1,39.1,39.09,49,7160,281400,
524642,"SIKOZY REALTORS LIMITED",X,STK,1.36,1.41,1.36,1.41,1.41,1.35,25,53905,75406,
524648,"INDO AMINES LTD.",B,STK,109.55,111.15,107.75,108.25,107.75,108.7,75,1853,201171,
524654,"NATURAL CAPSULES LTD.",B,STK,155,168,153.3,153.3,153.3,157,35,22635,3522473,
524661,"WELCURE DRUGS & PHARMACEUTICAL",X,STK,0.32,0.33,0.32,0.32,0.32,0.33,824,12781360,4092819,
524663,"BHARAT IMMUNOLOGICALS & BIOLOG",B,STK,18.05,18.38,17.6,17.65,17.65,17.82,100,16333,291644,
524667,"SAVITA OIL TECHNOLOGIES LTD.",B,STK,369.55,388,369.55,373.85,373,362.8,131,1309,495353,
524669,"HESTER BIOSCIENCES LTD.",B,STK,1547.7,1587.2,1544.5,1578.5,1565,1541.1,87,495,770144,
524675,"KABSONS INDUSTRIES LTD.",X,STK,15,16,13.66,15.62,15,14.98,39,3156,46500,
524687,"BASANT AGRO TECH (INDIA) LTD.",X,STK,11.02,11.32,10.03,10.27,10.27,11.1,276,69221,728595,
524703,"SANDU PHARMACEUTICALS LTD.",X,STK,35.25,36.88,35.05,35.38,35.05,35.25,13,793,28013,
524709,"NACL Industries Limited",B,STK,130.3,137.7,130.3,132.2,133.9,132.6,290,31685,4284160,
524711,"VISTA PHARMACEUTICALS LTD.",X,STK,6.73,7.45,6.73,6.91,7.45,6.8,30,5969,41745,
524715,"SUN PHARMACEUTICAL INDUSTRIES",A,STK,1763.8,1791.9,1759.7,1784.6,1787.5,1763.8,18156,78605,139956695,
524717,"TITAN BIOTECH LTD.",X,STK,256.55,264.6,242.5,247.5,247.5,256.55,1401,69104,17257483,
524731,"JENBURKT PHARMACEUTICALS LTD.",X,STK,1012,1015,992,994.7,1001,1003.45,83,741,738015,
524735,"HIKAL LTD.",B,STK,201.5,206.5,200.5,202.05,202.05,200.9,258,11057,2254097,
524742,"CAPLIN POINT LABORATORIES LTD.",A,STK,1727.5,1741.95,1714.05,1726.2,1730.15,1727.45,380,2652,4579656,
524743,"FISCHER MEDICAL VENTURES LIMIT",B,STK,39.36,39.5,38,38.46,38.46,38.72,409,26934,1052406,
524748,"LINK PHARMA CHEM LTD.",X,STK,27.25,29.6,27.25,29.18,29.18,27.25,10,587,17278,
524752,"DECIPHER LABS LIMITED",X,STK,7.35,7.5,7.21,7.5,7.5,7.5,26,3961,29016,
524768,"EMMESSAR BIOTECH & NUTRITION L",X,STK,27.14,27.14,25.54,26.89,26.89,25.3,11,133,3447,
524774,"NGL FINE-CHEM LTD.",B,STK,2252.5,2350.25,2252.5,2299.55,2281.4,2230.35,96,378,872055,
524790,"EVEREST ORGANICS LTD.",X,STK,374.85,374.9,364.05,374.5,374.5,374.9,21,151,56366,
524804,"AUROBINDO PHARMA LTD.",A,STK,1214.1,1250.85,1214,1222,1224.5,1214,4138,222816,274498889,
524808,"PHYTO CHEM (INDIA) LTD.",X,STK,25.85,25.85,25.75,25.79,25.79,24.3,3,22,567,
524816,"NATCO PHARMA LTD.",A,STK,980.2,994.7,963.95,971.4,971.4,978.55,4238,97253,94747156,
524818,"DYNAMIC INDUSTRIES LTD.",X,STK,98,102.3,93.05,94.05,97.3,99.15,76,2426,236777,
524820,"PANAMA PETROCHEM LTD.",B,STK,280.05,282.35,277.65,278.6,278.6,280.05,19,518,144505,
524824,"BAL PHARMA LTD.",B,STK,77.49,77.49,75.54,76.17,77.49,75.45,14,120,9142,
524828,"BDH INDUSTRIES LTD.",X,STK,415,422,403,410.15,411.1,420,31,172,71237,
526001,"JAUSS POLYMERS LTD.",XT,STK,37.11,37.11,37.11,37.11,37.11,36.39,27,25095,931275,
526025,"GLOBUS CONSTRUCTORS & DEVELOPE",X,STK,12.52,13.14,12.52,12.81,12.9,12.65,30,3097,39618,
526027,"CUBEX TUBINGS LTD.",B,STK,107.95,112.85,106.05,107.25,107.3,106.9,274,11154,1216796,
526043,"POLYMECHPLAST MACHINES LTD.",X,STK,49.16,49.23,48.12,49,48.12,49.16,14,100,4893,
526071,"STELLANT SECURITIES (INDIA) LT",XT,STK,459.3,507.6,459.3,507.6,507.6,483.45,177,4265,2052520,
526073,"GALAXY BEARINGS LTD.",X,STK,488,488,475,477.9,485,478.85,84,961,462405,
526075,"REKVINA LABORATORIES LTD.",XT,STK,26.61,26.61,26.61,26.61,26.61,26.09,8,2977,79217,
526081,"SC Agrotech Limited",XT,STK,35.6,39.34,35.6,37.44,35.6,37.47,41,16181,598963,
526095,"RAVILEELA GRANITES LTD.",X,STK,40.99,40.99,35.57,39.41,40.34,40.56,34,307,11661,
526113,"UNIROYAL MARINE EXPORTS LTD.",X,STK,13,13.01,13,13.01,13.01,13.01,3,80,1040,
526115,"KARAN WOO-SIN LTD.",X,STK,10.99,11.11,9.23,10.04,10.2,10.1,43,5082,54802,
526117,"SHERVANI INDUSTRIAL SYNDICATE",X,STK,410,422,384.25,409.5,416.9,391.05,35,827,327399,
526125,"BN AGROCHEM LIMITED",B,STK,268,273,258,265,265,268.1,105,4622,1209166,
526133,"SUPERTEX INDUSTRIES LTD.",X,STK,6.5,6.85,6.39,6.39,6.39,6.39,13,4169,26996,
526137,"SHETRON LTD.",X,STK,111.3,113.25,109,109.85,109.05,113.3,30,1276,141279,
526139,"TRANSGENE BIOTEK LTD.",X,STK,2.61,2.73,2.53,2.69,2.66,2.66,71,54079,140673,
526143,"MPL PLASTICS LTD.",X,STK,7.4,7.4,7.2,7.28,7.3,7.4,9,335,2444,
526159,"NIKHIL ADHESIVES LTD.",X,STK,61.72,61.99,60.01,61.52,61.9,61.42,107,11252,693038,
526161,"SPENTA INTERNATIONAL LTD.",X,STK,85.42,85.42,85,85.09,85.09,85,3,33,2806,
526169,"MULTIBASE INDIA LTD.",X,STK,203.15,209.9,197,198.35,198.35,205.75,458,13629,2742605,
526173,"ANDREW YULE & COMPANY LTD.",B,STK,20.76,21.04,20.59,20.64,20.64,20.76,224,64679,1338368,
526179,"LUDLOW JUTE & SPECIALITIES LTD",X,STK,205.65,205.65,198,198.2,198.5,200.5,46,2391,474691,
526193,"ROYAL CUSHION VINYL PRODUCTS L",X,STK,18.8,19.41,18.05,19.11,19.22,19.6,25,1151,21734,
526211,"SURAJ INDUSTRIES LTD.",X,STK,48.27,49,47.11,48,48,48.27,16,3331,160022,
526217,"Hitech Corporation Limited",B,STK,150.05,156.3,144.25,146,146,148.4,19,729,109379,
526225,"BLOOM DEKOR LTD.",XT,STK,13.36,13.36,13.36,13.36,13.36,13.36,1,42,561,
526227,"FILATEX INDIA LTD.",B,STK,44.3,44.5,43.31,43.53,43.6,44.32,171,18305,806043,
526231,"STANDARD SURFACTANTS LTD.",X,STK,54.5,54.5,50.72,50.85,50.85,51.66,9,352,18014,
526237,"MORGAN VENTURES LTD.",X,STK,59.13,61,53.4,55.99,55.99,60.96,187,7676,433336,
526241,"AMRAPALI INDUSTRIES LTD.",X,STK,14.4,14.4,13.42,13.98,13.99,14.45,12,871,12005,
526247,"PREMIER EXPLOSIVES LTD.",A,STK,519.65,545.05,517.4,541.7,541.7,512.15,2535,64778,34755465,
526251,"MID EAST PORTFOLIO MANAGEMENT",X,STK,19.02,19.02,16.2,16.61,16.61,18.56,27,1297,21786,
526263,"MOLD-TEK TECHNOLOGIES LTD.",B,STK,130.9,135.75,130.9,133.35,132.25,127.15,66,817,109228,
526269,"CRESTCHEM LTD.",X,STK,90.85,92.89,90,91,91,90.84,19,624,56648,
526299,"MPHASIS LTD.",A,STK,2282.85,2304,2251.2,2262.15,2263.3,2259.7,1370,8714,19832160,
526315,"DIVYASHAKTI LIMITED",X,STK,49.98,49.99,48.7,48.76,48.76,49.96,37,2195,108213,
526325,"ORIENT PRESS LTD.",B,STK,64.1,64.1,63,63,63,61.24,15,454,28867,
526335,"SHREYAS INTERMEDIATES LTD.",X,STK,7.15,7.49,7.15,7.15,7.15,7.15,9,509,3675,
526345,"PANJON LTD.",X,STK,28.6,29,27.13,28.34,28,29.26,104,12082,342717,
526355,"DUROPACK LTD.",X,STK,56,56,55.99,56,56,53.51,5,240,13439,
526365,"SWARNSARITA JEWELS INDIA LIMIT",X,STK,34.5,34.5,32.61,33.49,34.3,34.14,29,3478,115746,
526367,"GANESH HOUSING LIMITED",A,STK,666.05,680.4,661.05,675.2,678,673.55,276,3813,2554104,
526371,"NMDC LTD.",A,STK,82.04,83.58,81.78,82.59,82.59,81.87,9130,2566236,212598777,
526373,"CINDRELLA HOTELS LTD.",X,STK,52,52,52,52,52,52,2,2,104,
526381,"PATEL INTEGRATED LOGISTICS LTD",B,STK,10.3,10.93,10.1,10.19,10.37,10.2,92,13895,143460,
526397,"ALPHAGEO (INDIA) LTD.",B,STK,202.95,205.8,197.6,201.35,201.4,203.6,7,64,12854,
526407,"HAMPTON SKY REALTY LIMITED",X,STK,11.66,11.75,11.42,11.49,11.44,11.69,114,26792,309526,
526409,"KKALPANA INDUSTRIES (INDIA) LT",X,STK,7.98,7.98,6.8,7.92,7.94,7.79,126,34967,263201,
526415,"OK PLAY INDIA LTD.",X,STK,5.1,5.3,5,5.09,5.12,5.02,295,168102,867454,
526423,"KRITI INDUSTRIES (INDIA) LTD.",B,STK,80.2,86.46,78.8,83,83,85.3,36,514,43048,
526433,"ASM TECHNOLOGIES LTD.",B,STK,2449,2449,2296,2307.65,2307.65,2416.8,3394,39700,92587213,
526435,"PERFECTPAC LTD.",X,STK,85.01,85.01,85.01,85.01,85.01,85.01,2,4,340,
526439,"AMBITIOUS PLASTOMAC COMPANY LT",X,STK,10.64,10.64,9.65,10,10,10.15,11,158,1607,
526441,"VISION CINEMAS LTD.",XT,STK,1.23,1.24,1.23,1.24,1.24,1.22,20,227629,280001,
526443,"Artificial Electronics Intelli",X,STK,116,121.88,110.53,120.65,120.65,116.34,680,67094,7730455,
526445,"INDRAYANI BIOTECH LTD.",X,STK,8.46,8.46,7.73,8.17,8.1,8.04,171,95081,765863,
526468,"EURO LEDER FASHION LTD.",X,STK,18.34,18.34,17.5,18.19,18.24,18.25,12,257,4617,
526471,"WINSOME BREWERIES LTD.",X,STK,20.77,21.9,20.77,21.14,21.1,21.29,122,13150,281717,
526473,"ELEGANT FLORICULTURE & AGROTEC",X,STK,4.98,5.07,4.73,4.94,4.94,4.99,93,12811,63353,
526477,"SOUTH ASIAN ENTERPRISES LTD.",XT,STK,35,35.05,35,35.05,35.05,36.6,2,110,3855,
526479,"SKY INDUSTRIES LTD.",X,STK,79.16,79.33,78,79.09,79.33,80.3,31,1251,98214,
526481,"PHOENIX INTERNATIONAL LTD.",X,STK,36.4,36.4,34.58,34.58,34.58,36.4,8,239,8512,
526490,"PRATIK PANELS LTD.",X,STK,7.41,7.92,7.37,7.8,7.87,7.26,215,158910,1213558,
526492,"Rishiroop Limited",X,STK,94.05,94.49,91,91.36,91,94.7,72,2250,207699,
526494,"Promact Plastics Limited",X,STK,9.9,10.9,9.9,10.9,10.9,11,11,1272,12658,
526500,"STERLING GREEN WOODS LTD.",X,STK,23.11,24.25,23.11,24,24,24.1,11,462,11106,
526506,"SYSTEMATIX CORPORATE SERVICES",B,STK,75.88,76.29,75.6,76.16,76.16,76.32,47,1187,90099,
526508,"Shahi Shipping Limited",X,STK,14.8,15.68,14.4,14.96,14.44,15.03,51,3546,52416,
526519,"ALPINE HOUSING DEVELOPMENT COR",X,STK,93,93,93,93,93,93.73,2,2,186,
526521,"SANGHI INDUSTRIES LTD.",B,STK,61.13,61.31,60.74,61.08,61.08,61.29,39,5372,328034,
526525,"WORLDWIDE ALUMINIUM LIMITED",X,STK,16.53,16.53,16.5,16.5,16.5,16.53,10,300,4953,
526530,"IIRM HOLDINGS INDIA LIMITED",X,STK,86.75,97,84.5,90,90,89.9,22,103,9474,
526532,"SQUARE FOUR PROJECTS INDIA LIM",X,STK,8.35,8.6,8.18,8.6,8.6,8.6,6,6,50,
526544,"SGL RESOURCES LIMITED",X,STK,2.66,2.79,2.66,2.76,2.75,2.78,44,22243,61307,
526546,"CHOKSI LABORATORIES LTD.",X,STK,109.8,118.5,109.8,110,110,109.85,13,289,31934,
526550,"COUNTRY CLUB HOSPITALITY AND H",B,STK,13.18,13.66,13,13.04,13.02,13.17,89,3369,44410,
526570,"MIDWEST GOLD LTD.",T,STK,4498,4809.25,4351.25,4776.2,4776.2,4580.25,671,11630,54524391,
526574,"ENTERPRISE INTERNATIONAL LTD.",X,STK,22.75,22.75,22.75,22.75,22.75,20.72,1,100,2275,
526582,"TPL PLASTECH LTD.",B,STK,69.09,70.05,68.15,68.6,68.6,68.32,49,864,59602,
526586,"WIM PLAST LTD.",X,STK,393.95,394,380,382.25,382.25,388.05,333,7172,2763126,
526588,"PHOTOQUIP INDIA LTD.",X,STK,16.05,16.05,16.05,16.05,16.05,16.89,2,95000,1524750,
526596,"LIBERTY SHOES LTD.",B,STK,242,244.1,241.1,244,244,241.7,27,1190,288434,
526604,"LIPPI SYSTEMS LTD.",X,STK,44.79,44.79,40.6,44.79,44.79,42.66,247,150448,6639794,
526608,"ELECTROTHERM (INDIA) LTD.",B,STK,767,767,715.3,723.75,731.2,736.85,62,304,222602,
526612,"BLUE DART EXPRESS LTD.",A,STK,5650,5666.35,5570.45,5612.55,5636.2,5625.2,210,818,4591139,
526614,"EXPO ENGINEERING AND PROJECTS",X,STK,57.5,60.25,57.5,58.13,59.88,58.7,39,2697,160406,
526616,"NATIONAL PLASTIC INDUSTRIES LT",X,STK,49,50.5,48.5,48.6,48.5,48.47,18,554,27047,
526622,"MFL INDIA LTD.",X,STK,0.41,0.42,0.41,0.41,0.41,0.41,209,279136,115820,
526638,"TEXEL INDUSTRIES LTD.",X,STK,85,85,82.6,82.78,83,82.98,40,1935,160404,
526640,"ROYALE MANOR HOTELS & INDUSTRI",X,STK,32,32,30.5,30.88,32,31.84,25,1891,59209,
526642,"MIRZA INTERNATIONAL LTD.",B,STK,34.3,35.12,34.22,34.26,34.22,34.55,30,3402,117151,
526650,"TOURISM FINANCE CORPORATION OF",B,STK,76.51,76.51,70.55,71.77,71.66,75.01,1050,348940,25277221,
526654,"THAKKERS DEVELOPERS LTD.",X,STK,133.85,133.85,133.85,133.85,133.85,128,1,1300,174005,
526666,"BHARTIYA INTERNATIONAL LTD.",B,STK,818.5,823,818.5,823,823,821.45,8,17,13982,
526668,"KAMAT HOTELS (INDIA) LTD.",B,STK,187.25,190,184.65,189.15,187.05,186.45,95,1436,268390,
526675,"TIRTH PLASTIC LTD.",XT,STK,24.99,24.99,24.5,24.5,24.5,24.99,14,2556,63604,
526677,"DSJ KEEP LEARNING LIMITED",B,STK,2,2,1.95,2,2,2,13,432,862,
526705,"ELEGANT MARBLES & GRANI INDUST",X,STK,197,198,190,195.75,195,202,44,1176,229541,
526709,"BITS LTD.",XT,STK,8.5,8.5,8.33,8.33,8.33,8.5,132,22639,191266,
526711,"ADARSH PLANT PROTECT LTD.",X,STK,31.42,32.99,31.31,31.48,32.99,31.42,9,882,27629,
526717,"HCP PLASTENE BULKPACK LIMITED",X,STK,180,186.85,177.75,179.35,181.95,176.85,94,8237,1484578,
526721,"NICCO PARKS & RESORTS LTD.",X,STK,72.8,72.8,71,71.22,71.11,71.4,30,1208,86321,
526723,"NTC INDUSTRIES LTD.",X,STK,168.3,175,168.3,173.4,175,171.7,49,619,106452,
526727,"GARNET CONSTRUCTION LTD.",XT,STK,83.88,83.88,83.88,83.88,83.88,88.29,65,29152,2445269,
526729,"GOLDIAM INTERNATIONAL LTD.",A,STK,350,357.05,348.9,353.85,350.05,347.7,525,20755,7324411,
526731,"BRIGHT BROTHERS LTD.",X,STK,214.9,214.9,206,207.3,209.9,211.7,69,1508,314378,
526739,"NARMADA GELATINES LTD.",X,STK,356,362.7,353.05,355.55,356,355.7,72,1328,471875,
526747,"PG FOILS LTD.",X,STK,218,223.65,211.35,221.45,220.05,213,126,14724,3213127,
526751,"GRATEX INDUSTRIES LTD.",X,STK,18.18,18.18,18.18,18.18,18.18,17.32,1,500,9090,
526755,"VELAN HOTELS LTD.",X,STK,5.94,5.94,5.94,5.94,5.94,5.92,2,5,29,
526761,"HOWARD HOTELS LTD.",X,STK,23.5,23.5,23.06,23.26,23.26,24.24,3,79,1829,
526775,"VALIANT COMMUNICATIONS LTD.",XT,STK,942,1009,941,969.15,970,989.9,454,8323,8069011,
526783,"DR.AGARWALS EYE HOSPITAL LTD.",B,STK,4685,4685,4498.4,4641.75,4660,4680.4,872,3373,15516368,
526797,"GREENPLY INDUSTRIES LTD.",B,STK,222.65,227.2,222.65,223.7,222.65,222.4,216,8226,1847849,
526807,"SEAMEC LTD.",B,STK,1379.95,1379.95,1311.2,1327.45,1311.2,1345.75,248,2450,3286494,
526813,"RAGHUNATH INTERNATIONAL LTD.",X,STK,11.01,11.11,10.9,10.9,10.9,11.02,22,2207,24078,
526817,"CHEVIOT CO.LTD.",B,STK,1066.45,1066.45,1038.6,1048.4,1050,1066.45,121,829,869409,
526821,"DAI-ICHI KARKARIA LTD.",X,STK,260.05,263,250,251.15,250,260.4,99,4847,1239033,
526823,"RAJESWARI INFRASTRUCTURE LIMIT",Z,STK,4.88,4.88,4.88,4.88,4.88,4.65,2,10,48,
526827,"SPICE ISLANDS INDUSTRIES LIMIT",XT,STK,253.25,253.25,253.25,253.25,253.25,258.4,13,194,49130,
526829,"CONFIDENCE PETROLEUM INDIA LTD",B,STK,31.33,31.98,31.26,31.88,31.88,31.56,91,5995,189031,
526839,"SHELTER INFRA PROJECTS LTD.",X,STK,13.5,13.5,13.5,13.5,13.5,13.5,2,55,742,
526841,"SHAKTI PRESS LTD.",X,STK,30.87,30.87,27.95,27.95,27.95,29.42,12,837,23432,
526847,"ASHIRWAD STEELS & INDUSTRIES L",X,STK,23.61,25.18,22.2,23.84,23.99,23.59,76,7518,178342,
526849,"BANARAS BEADS LTD.",B,STK,127,127.35,121.25,121.25,121.25,123.05,9,16,2008,
526851,"AREX INDUSTRIES LTD.",X,STK,120,120,120,120,120,121,1,1,120,
526853,"BILCARE LTD.",X,STK,63.98,63.98,57.96,58.29,58.29,63.72,307,49988,2940013,
526859,"ISF LIMITED",X,STK,0.97,0.99,0.97,0.99,0.99,0.97,33,44602,44151,
526861,"RISHI LASER LTD.",X,STK,107.95,109,102.4,108.7,105,107.95,35,5866,635348,
526865,"JAINCO PROJECTS (INDIA) LTD.",X,STK,4.95,5,4.95,5,5,4.95,10,1226,6109,
526869,"KUMBHAT FINANCIAL SERVICES LTD",X,STK,19.99,19.99,18.01,19.5,19.5,20.01,29,1500,27787,
526871,"INTEC CAPITAL LTD.",X,STK,10.92,10.92,9.79,9.9,9.9,10.87,13,4744,46977,
526873,"RAJASTHAN SECURITIES LIMITED",X,STK,37.28,37.4,37,37,37,37.17,34,7603,282410,
526877,"SIDDHESWARI GARMENTS LTD.",X,STK,21.92,21.92,20.83,21.38,21.92,21.92,5,50,1094,
526881,"63 Moons Technologies Limited",A,STK,605.7,617.6,599.2,605.25,603.85,606.8,449,4120,2501344,
526883,"SHIKHAR CONSULTANTS LTD.",XT,STK,19.97,19.97,19.97,19.97,19.97,19.02,34,24208,483433,
526885,"SARLA PERFORMANCE FIBERS LTD.",B,STK,83.61,84.09,82,82,82,82.52,56,4329,357471,
526891,"MARKET CREATORS LTD.",X,STK,12,12,12,12,12,11.7,10,909,10908,
526899,"HIMALAYA FOOD INTERNATIONAL LI",X,STK,9.16,9.48,9.16,9.34,9.35,9.15,126,39576,370632,
526901,"SONAL ADHESIVES LTD.",X,STK,35.99,35.99,35.5,35.51,35.5,36,9,116,4121,
526905,"Padmanabh Industries Ltd",XT,STK,10.09,10.09,9.59,9.74,9.8,10.09,18,1603,15641,
526921,"TWENTYFIRST CENTURY MANAGEMENT",B,STK,36.5,36.5,36.5,36.5,36.5,37.24,5,276,10074,
526931,"HARIYANA SHIP BREAKERS LTD.",X,STK,116.8,116.9,111,111.2,111,112.05,93,3263,368794,
526935,"ARUNIS ABODE LIMITED",XT,STK,88,90.19,88,90.19,90.19,88.43,342,536226,47964416,
526941,"VAISHNO CEMENT CO.LTD.",P,STK,5.02,5.02,5.02,5.02,5.02,5.28,1,100,502,
526945,"TYROON TEA CO.LTD.",X,STK,89.3,89.3,86.3,86.3,86.3,87.5,3,5,441,
526947,"LA OPALA RG LTD.",B,STK,200,206.1,200,202.15,200.85,202.8,335,7162,1458073,
526951,"STYLAM INDUSTRIES LIMITED",B,STK,2224.75,2224.75,2214.05,2217.9,2217.9,2215.3,10,88,195172,
526953,"VENUS REMEDIES LTD.",T,STK,679.5,702.6,672,684.55,694,680.75,122,1994,1375702,
526961,"LAST MILE ENTERPRISES LIMITED",X,STK,6.28,6.35,5.8,5.94,5.94,6.2,250,572394,3441319,
526965,"GUJARAT CRAFT INDUSTRIES LTD.",X,STK,107.95,108,105,106,106,104.05,11,84,8936,
526967,"HEERA ISPAT LTD.",X,STK,6.65,7.1,5.69,6,6,7.1,48,13570,80704,
526971,"DHOOT INDUSTRIAL FINANCE LTD.",X,STK,212.15,212.15,201,202.3,204.55,202.4,27,190,38698,
526981,"SHRI BAJRANG ALLIANCE LIMITED",X,STK,167.8,167.8,160,166.2,166.2,167.8,26,2091,342149,
526987,"URJA GLOBAL LTD.",B,STK,9.45,9.53,9.24,9.28,9.28,9.34,351,133191,1242691,
527001,"ASHAPURA MINECHEM LTD.",A,STK,549.9,555.7,540.95,543,542.45,546.6,862,30632,16738292,
527005,"SHREE PACETRONIX LTD.",X,STK,132,135.95,121.85,123.8,128.6,131.85,80,547,70534,
530001,"GUJARAT ALKALIES & CHEMICALS L",B,STK,470.05,481.8,470.05,479.35,479,477.8,143,1518,726903,
530005,"INDIA CEMENTS LTD.",A,STK,423.15,430,422.55,424.7,423.5,422.5,634,20119,8561798,
530007,"JK TYRE & INDUSTRIES LTD.",A,STK,540,540,523.1,530.55,530.55,535.85,3055,75175,39917160,
530017,"STANDARD INDUSTRIES LTD.",B,STK,15.4,15.61,14.82,15.01,15.05,15.09,85,16716,252473,
530019,"JUBILANT PHARMOVA LIMITED",A,STK,915,915,879.4,881.85,882.4,892.8,304,1899,1689713,
530023,"THE INVESTMENT TRUST OF INDIA",B,STK,99,99.25,99,99.25,99.25,99.25,62,565,55952,
530025,"SAMYAK INTERNATIONAL LTD.",X,STK,17.5,17.5,15.66,16.96,16.96,16.47,30,2794,47848,
530027,"AADI INDUSTRIES LTD.",XT,STK,8.7,9.36,8.52,9.36,9.36,8.92,44,32556,296382,
530037,"SPARKLE GOLD ROCK LIMITED",XT,STK,66.34,66.34,63.03,66.34,66.34,66.34,5,500,33120,
530043,"ACKNIT INDUSTRIES LTD.",X,STK,252.1,260,252.1,260,260,264.95,2,51,12865,
530045,"TITAN SECURITIES LTD.",X,STK,35.67,37.78,35.67,37.41,37.5,36.36,37,752,28075,
530053,"REAL ECO-ENERGY LIMITED",X,STK,4.8,4.92,4.76,4.77,4.76,4.77,57,187536,922446,
530057,"Vivanza Biosciences Limited",X,STK,2.08,2.11,2.08,2.08,2.08,2.04,14,7426,15478,
530063,"YASHRAJ CONTAINEURS LTD.",XT,STK,5.1,5.1,4.86,4.89,5,5.1,24,4760,23720,
530065,"LORDS ISHWAR HOTELS LIMITED",X,STK,13.76,14.45,13.76,13.8,13.8,13.77,10,163,2281,
530067,"CSL Finance Limited",B,STK,262.85,271.2,259.2,270.4,270.4,266,32,211,55303,
530073,"SANGHVI MOVERS LTD.",B,STK,261.8,274.2,261.8,264.95,264.95,261.95,823,10758,2896082,
530075,"Antelopus Selan Energy Limited",B,STK,537.15,542,503.7,511.65,511.5,542.35,1109,18795,9685061,
530077,"PURETROP FRUITS LIMITED",X,STK,177.95,177.95,175.55,177.45,177.35,176.6,58,8466,1492637,
530079,"FAZE THREE LTD.",T,STK,449.4,473,442.25,463.6,472,465.5,57,1658,755936,
530095,"PRADHIN LIMITED",Z,STK,0.2,0.2,0.19,0.19,0.19,0.2,321,1882219,367474,
530109,"ANUPAM FINSERV LIMITED",X,STK,2.16,2.23,2.15,2.18,2.19,2.19,183,160862,351692,
530111,"RAJ PACKAGING INDUSTRIES LTD.",X,STK,29.7,30.5,29.7,29.7,29.7,29.7,5,433,13148,
530117,"PRIVI SPECIALITY CHEMICALS LIM",A,STK,2968.8,3034.05,2968.8,2995.35,2985,2968.75,621,3653,10961081,
530119,"NATRAJ PROTEINS LTD.",X,STK,33.35,33.35,33.35,33.35,33.35,33.19,2,4,133,
530125,"SAMRAT PHARMACHEM LTD.",X,STK,201,205.75,201,204.85,205,202.45,18,2100,422740,
530127,"NPR FINANCE LTD.",X,STK,26.89,26.89,24.02,25.45,25.47,24.85,21,150,3858,
530129,"NILE LTD.",X,STK,1778,1822,1732,1760.4,1769,1761.9,230,3629,6438038,
530133,"AMCO INDIA LTD.",X,STK,71.5,73.99,71.03,71.66,71.4,70.98,23,1703,121579,
530135,"OPTIEMUS INFRACOM LTD",B,STK,420.75,424.5,410,414.3,411.5,420.3,103,2318,965925,
530139,"KREON FINNANCIAL SERVICES LTD.",X,STK,34.5,34.5,33.49,33.49,33.49,32.86,10,216,7235,
530141,"GYAN DEVELOPERS & BUILDERS LTD",X,STK,37,37,32.5,36.95,36.95,37.95,15,359,12438,
530145,"KISAN MOULDINGS LTD.",X,STK,26.62,31.86,26.62,29.98,30,26.55,1117,560420,16756031,
530163,"KERALA AYURVEDA LTD.",X,STK,219.8,221.95,199.95,202.45,202.45,217.65,283,31207,6488494,
530167,"MOONGIPA CAPITAL FINANCE LTD.",X,STK,16.24,16.49,15.5,15.81,16,16.25,101,75428,1206867,
530169,"MOHIT PAPER MILLS LTD.",X,STK,29,29.75,28.5,28.52,28.52,28.23,12,223,6362,
530171,"DAULAT SECURITIES LTD.",X,STK,31.12,31.21,29,29.01,29,31.21,21,565,16543,
530175,"ODYSSEY TECHNOLOGIES LTD.",X,STK,48.52,49.98,47,48.38,47.2,49.78,62,9786,472030,
530177,"VK Global Industries Limited",X,STK,25.32,25.32,23.94,23.94,23.94,25.2,2,2,49,
530179,"RSC INTERNATIONAL LTD.",XT,STK,38.71,38.71,38.71,38.71,38.71,40.74,1,150,5806,
530185,"Surat Trade and Mercantile Lim",X,STK,4.62,4.84,4.62,4.71,4.71,4.79,187,53126,252090,
530187,"ATHARV ENTERPRISES LTD.",X,STK,3.96,4.01,3.96,4.01,4.01,3.96,14,14480,57951,
530197,"FUNDVISER CAPITAL (INDIA) LIMI",XT,STK,284.85,297.5,280,295,295,284.85,17,667,193673,
530199,"THEMIS MEDICARE LTD.",B,STK,83,87.79,83,87.06,87.1,82.92,207,3202,275769,
530201,"KALLAM TEXTILES LTD",X,STK,3.18,3.18,3,3.02,3.09,3.01,107,49310,150789,
530207,"BRAWN BIOTECH LTD.",X,STK,21.6,21.6,21.6,21.6,21.6,20.58,1,1,21,
530213,"FORTUNE INTERNATIONAL LTD.",X,STK,76.99,76.99,65,66.6,68.98,66,29,3330,219947,
530215,"KINGS INFRA VENTURES LIMITED",X,STK,137.9,139.3,133,134.1,134.1,135.1,357,53680,7241466,
530217,"SWOJAS FOODS LIMITED",X,STK,13.38,14.28,13.38,13.5,13.47,13.71,69,22952,310462,
530231,"SUBHASH SILK MILLS LTD.",X,STK,49.08,49.08,44.42,44.42,44.42,46.75,2,2,93,
530233,"AURO LABORATORIES LTD.",XT,STK,288.9,300,288,296.55,299,289.85,68,5144,1500367,
530235,"KJMC FINANCIAL SERVICES LTD.",X,STK,47.2,49,46.1,48.5,48.5,47.02,22,748,35903,
530239,"SUVEN LIFE SCIENCES LTD.",B,STK,151.4,154.65,145.95,148.1,147.6,149.95,192,9700,1441524,
530245,"ARYAMAN FINANCIAL SERVICES LTD",X,STK,641,641,630,630,630,641,16,152,96048,
530249,"BRIDGE SECURITIES LTD.",X,STK,10.9,11.6,10.9,11.22,11.3,11.45,64,5084,57022,
530251,"RISA INTERNATIONAL LTD.",X,STK,0.51,0.54,0.51,0.52,0.53,0.52,88,140777,73915,
530253,"RAJASTHAN TUBE MANUFACTURING C",XT,STK,19.61,20.1,19.6,19.6,19.6,20.63,32,137682,2754159,
530255,"KAY POWER AND PAPER LTD.",X,STK,10,10,9.57,9.82,9.82,10.06,50,10699,104964,
530259,"INTER STATE OIL CARRIER LTD.",X,STK,30.5,31.84,30.5,31.38,31.43,32,14,2326,71839,
530263,"GLOBAL CAPITAL MARKETS LTD.",X,STK,0.51,0.54,0.5,0.52,0.52,0.5,151,358611,185613,
530265,"SAINIK FINANCE & INDUSTRIES LT",X,STK,36,37.98,35.4,37.98,37.98,36.4,9,5735,203360,
530281,"QUANTUM DIGITAL VISION (INDIA)",X,STK,21.95,21.95,21.95,21.95,21.95,23.1,6,1805,39619,
530289,"SP CAPITAL FINANCING LTD.",X,STK,59,59,58,58,58,59,11,537,31351,
530295,"SHRI RAJIVLOCHAN OIL EXTRACTIO",X,STK,34.3,34.3,34.3,34.3,34.3,36.1,1,1,34,
530299,"KOTHARI PRODUCTS LTD.",B,STK,68.39,69.93,68.04,68.23,68.04,67.13,30,553,38006,
530305,"PICCADILY AGRO INDUSTRIES LTD.",B,STK,570.1,581.45,562.7,576.9,581.45,573.9,482,9671,5515604,
530307,"CHAMAN LAL SETIA EXPORTS LTD.",B,STK,278,278.8,273.1,275.45,275.4,276.65,110,1500,414854,
530309,"CHANDRA PRABHU INTERNATIONAL L",X,STK,13.18,13.18,12.46,12.62,12.84,12.76,24,2171,27495,
530313,"KIMIA BIOSCIENCES LIMITED",X,STK,32.69,34.31,32.4,33.69,33.7,32.26,77,9009,298282,
530315,"HINDUSTAN TIN WORKS LTD.",X,STK,121.5,123.35,118.7,122,122,122.05,58,1856,223747,
530317,"GODAVARI DRUGS LTD.",X,STK,79.09,80,77.05,77.79,77.79,79.09,32,1203,94149,
530331,"PREMCO GLOBAL LTD.",X,STK,420,424.7,417,419.05,417,423.5,73,1015,427309,
530341,"MUKESH BABU FINANCIAL SERVICES",X,STK,135.95,135.95,129.9,129.9,129.9,126,5,22,2909,
530343,"GENUS POWER INFRASTRUCTURES LT",A,STK,261.8,266.75,261.8,262.8,264.1,261.75,345,12830,3394929,
530355,"ASIAN ENERGY SERVICES LTD",B,STK,305.75,311.3,300,305.55,306.6,305.8,100,4257,1300629,
530357,"KBS INDIA LIMITED",XT,STK,1.25,1.27,1.21,1.27,1.27,1.21,100,97593,122739,
530361,"PRABHHANS INDUSTRIES LIMITED",X,STK,41.33,42.5,38.26,40.8,40.8,40.33,30,3576,147569,
530363,"UGAR SUGAR WORKS LTD.",B,STK,36.34,36.34,34.75,36.15,36.1,35.8,45,2265,81034,
530365,"ORIENT BELL LIMITED",B,STK,296,314,296,309.15,308.05,298.1,170,1101,338873,
530367,"NRB BEARINGS LTD.",B,STK,272.7,276.35,270.3,271,270.95,272.65,149,2603,712271,
530369,"VAMSHI RUBBER LTD.",X,STK,41,44.75,39.05,44.02,44,40.38,31,2454,107947,
530377,"NILA INFRASTRUCTURES LTD.",B,STK,8.09,8.13,7.93,8,8,8.06,37,55693,447629,
530393,"DB (INTERNATIONAL) STOCK BROKE",B,STK,25.71,26.7,25.5,25.62,25.62,25.7,36,1726,44323,
530401,"VINYOFLEX LTD.",X,STK,49.6,51.5,47.45,48.35,51.5,50.38,13,412,20135,
530405,"JINDAL CAPITAL LTD.",X,STK,33,34.4,32.66,33.54,34.14,33.8,39,2048,68060,
530407,"EPIC ENERGY LTD.",X,STK,33.62,36.85,33.6,33.6,33.65,33.61,60,3351,112937,
530419,"SUMEDHA FISCAL SERVICES LTD.",X,STK,38.99,38.99,35.99,36.22,36,37.99,77,7876,290719,
530421,"KUWER INDUSTRIES LTD.",X,STK,8,8.43,7.38,7.71,7.71,8.29,23,6570,51281,
530427,"CHOKSI ASIA LIMITED",X,STK,145.85,160.35,145,159.45,159.9,145.85,68,4783,749749,
530429,"ASHISH POLYPLAST LTD.",X,STK,32.24,32.24,30,30.17,30.17,32.9,26,456,14191,
530433,"SHIVA GLOBAL AGRO INDUSTRIES L",X,STK,38.99,38.99,36.02,38.39,38.39,38.99,28,989,37504,
530439,"SIDDHA VENTURES LTD.",X,STK,4.5,4.5,3.85,3.85,3.85,4.5,61,18538,74260,
530443,"KIRAN SYNTEX LTD.",XT,STK,14.84,15.58,14.1,14.23,15.58,14.84,14,5865,83941,
530445,"SUMERU INDUSTRIES LTD.",X,STK,1.62,1.62,1.58,1.62,1.62,1.58,12,1213,1965,
530449,"RUNGTA IRRIGATION LTD.",X,STK,52.2,56.35,52.2,53.63,56.34,57.47,38,1988,110363,
530457,"GTT DATA SOLUTIONS LIMITED",X,STK,64.99,66,63.1,64.33,64.15,64.07,89,13180,857769,
530459,"VALSON INDUSTRIES LTD.",X,STK,26.13,26.13,26.13,26.13,26.13,26.13,1,27,705,
530461,"SABOO SODIUM CHLORO LTD.",X,STK,13.58,13.97,13.11,13.26,13.23,13.52,150,11401,152386,
530475,"TINNA RUBBER AND INFRASTRUCTUR",B,STK,730,730.05,713,718.95,723.3,716.4,380,3674,2636910,
530477,"VIKRAM THERMO (INDIA) LTD.",X,STK,155.5,155.5,150,150.1,150.05,152,37,2124,319420,
530495,"STRATMONT INDUSTRIES LIMITED",XT,STK,72.16,72.16,65.3,65.3,65.3,68.73,35,1479,97777,
530499,"A.K.CAPITAL SERVICES LTD.",X,STK,1542,1562.9,1526,1531.85,1531.85,1567.35,125,1661,2558551,
530517,"RELAXO FOOTWEARS LTD.",A,STK,354.05,355.8,351.05,354.2,354.35,353.55,166,1980,699212,
530521,"VIRAT INDUSTRIES LTD.",X,STK,420,424.95,400,408.05,405,413.95,29,1168,473762,
530525,"RAJNISH RETAIL LIMITED",X,STK,3.7,3.91,3.7,3.9,3.91,3.73,304,225648,873589,
530533,"TERAI TEA CO.LTD.",X,STK,101,102.7,98.45,99.65,98.45,101.2,8,1248,125803,
530545,"COSCO (INDIA) LTD.",X,STK,205.65,209.8,201.7,205.4,208,213.45,55,953,195709,
530549,"SHILPA MEDICARE LTD.",A,STK,328.55,344.3,327.85,340.5,340.45,327.65,940,34737,11771185,
530555,"PARAMOUNT COMMUNICATIONS LTD.",B,STK,36,36,33.77,34.2,34.3,34.16,248,28221,969276,
530557,"NCL RESEARCH & FINANCIAL SERVI",X,STK,0.43,0.44,0.42,0.43,0.43,0.43,700,1733822,742227,
530571,"EXPLICIT FINANCE LTD.",X,STK,10.5,11.46,10.38,10.38,10.38,10.92,16,5968,63826,
530577,"LADDERUP FINANCE LTD.",X,STK,54.3,54.3,50.05,53.99,53.99,53.5,19,251,12915,
530579,"U. Y. FINCORP LIMITED",B,STK,14.6,14.69,14.21,14.55,14.4,14.23,29,8006,115992,
530581,"EKAM LEASING & FINANCE CO.LTD.",X,STK,6,6,5.97,5.97,5.97,6.15,5,311,1862,
530585,"SWASTIKA INVESTMART LTD.",X,STK,54,54.99,53.2,53.32,53.28,52.99,41,2319,125036,
530589,"PRIMA PLASTICS LTD.",X,STK,120.75,122,119.45,119.45,119.45,120.75,26,1623,196206,
530595,"TELECANOR GLOBAL LTD.",XT,STK,46.84,46.84,46.5,46.84,46.84,44.61,210,127677,5979435,
530601,"JAGSONPAL SERVICES LIMITED",X,STK,55,57.9,55,55,55,58.5,13,841,46396,
530615,"GARG FURNACE LTD.",X,STK,156.05,161.9,156.05,160.05,160.05,156.4,15,1345,214535,
530617,"SAMPRE NUTRITIONS LTD.",X,STK,22,22.3,21.3,21.61,21.8,21.24,690,320204,6937528,
530621,"Akar Auto Industries Limited",X,STK,88,96,88,94.94,94.9,89.55,83,15622,1445199,
530627,"Vipul Organics Limited",X,STK,206.1,209.5,205,208.3,208.5,209.8,37,4140,851130,
530643,"ECO RECYCLING LTD.",B,STK,385,390,382.1,385.75,386.65,391.5,547,7969,3074465,
530655,"Goodluck India Limited",B,STK,1201.2,1225,1191.95,1195.1,1201.3,1201.15,351,2841,3452253,
530663,"GOYAL ASSOCIATES LTD.",X,STK,0.89,0.91,0.89,0.9,0.9,0.89,35,5919,5311,
530665,"ZENITH HEALTH CARE LTD.",X,STK,3.35,3.35,3.27,3.3,3.3,3.29,59,7517,24830,
530675,"YORK EXPORTS LTD.",X,STK,65,65,64.99,65,65,62.31,3,3,194,
530677,"SUPREME HOLDINGS & HOSPITALITY",B,STK,56,56,54.1,55.28,54.1,55.7,25,446,24654,
530689,"LYKIS LIMITED",X,STK,52.69,52.75,51.5,51.92,51.7,51.88,98,13451,698978,
530695,"PRIME PROPERTY DEVELOPMENT COR",X,STK,23.5,24,22.91,23.41,23.93,23.75,43,1708,39488,
530697,"Zenlabs Ethica Limited",X,STK,20.9,20.9,19.93,20.78,20.78,20.9,8,218,4370,
530699,"RAJ RAYON INDUSTRIES LIMITED",T,STK,22.54,22.54,21.7,22.05,22.05,22.1,63,2320,51446,
530705,"ANIRIT VENTURES LIMITED",XT,STK,45,45.1,43.81,43.81,43.81,44.7,19,15027,673283,
530709,"GOWRA LEASING & FINANCE LTD.",X,STK,85,87,77.99,81.06,79.25,88.91,34,1245,100165,
530711,"JAGAN LAMPS LTD.",X,STK,60.06,63.65,59.81,61.91,62.5,59.76,39,1939,120464,
530723,"ASIT C.MEHTA FINANCIAL SERVICE",X,STK,125.9,125.9,115,117.45,117.45,120,27,1667,198736,
530733,"ENCODE PACKAGING INDIA LIMITED",X,STK,12.52,12.52,12.52,12.52,12.52,13.14,1,1,12,
530735,"SUPER BAKERS (INDIA) LTD.",X,STK,34.9,34.9,34.9,34.9,34.9,33.25,2,2,69,
530741,"OVOBEL FOODS LTD.",X,STK,157.95,157.95,153.25,155.2,155.8,156.95,41,1520,236687,
530745,"ACS TECHNOLOGIES LIMITED",X,STK,41,41.19,39.8,40.82,40,40.39,176,62584,2556587,
530747,"CHALLANI CAPITAL LIMITED",X,STK,21.02,22.98,21.02,21.42,22.98,21.45,4,7,149,
530755,"CORAL NEWSPRINTS LTD.",X,STK,11.02,11.02,11.02,11.02,11.02,10.5,2,1500,16530,
530759,"STERLING TOOLS LTD.",B,STK,225.15,226.55,223.75,224.85,225,225.3,44,352,79379,
530765,"AGARWAL FORTUNE INDIA LIMITED",X,STK,22,22,22,22,22,22.5,1,1,22,
530779,"DYNAMIC PORTFOLIO MANAGEMENT &",X,STK,26.1,26.1,23.64,23.64,23.64,24.88,4,295,6983,
530789,"CEEJAY FINANCE LTD.",X,STK,164.05,170,162,170,170,163.25,11,116,18829,
530795,"SUNCITY SYNTHETICS LTD.",XT,STK,12.35,12.35,12.35,12.35,12.35,13,2,601,7422,
530797,"SHREE GANESH ELASTOPLAST LTD.",X,STK,13.23,13.23,13.23,13.23,13.23,13.92,1,1,13,
530799,"ANNA INFRASTRUCTURES LTD.",X,STK,31.07,31.07,31.07,31.07,31.07,32.7,10,818,25415,
530803,"Bhageria Industries Limited",B,STK,155,155,154.1,154.1,154.1,157.4,20,206,31853,
530805,"ONESOURCE INDUSTRIES AND VENTU",X,STK,7.31,7.8,7.31,7.42,7.42,7.3,300,254988,1926522,
530813,"KRBL LTD.",A,STK,350.3,351.25,344.25,346.85,347,350.25,252,8343,2892892,
530821,"SSPDL LTD.",XT,STK,19.57,19.57,19.57,19.57,19.57,20.59,12,1111,21742,
530825,"DAIKAFFIL CHEMICALS INDIA LTD.",X,STK,46.9,46.9,46,46,46,46.9,3,196,9146,
530829,"CIL SECURITIES LTD.",X,STK,39.27,39.35,39.27,39.3,39.3,41.59,9,128,5028,
530843,"CUPID LTD.",B,STK,410.05,416.65,409.4,414.35,414.35,413.4,3016,172144,71054799,
530845,"SUNSHIELD CHEMICALS LTD.",X,STK,827.05,844,826,828,828,839.85,35,1173,972774,
530853,"HIPOLIN LTD.",X,STK,58,60,58,60,60,60.5,3,1024,59696,
530855,"GDL LEASING & FINANCE LTD.",XT,STK,107.3,107.3,107.3,107.3,107.3,109.45,4,11,1180,
530879,"CAPITAL INDIA FINANCE LIMITED",B,STK,31.89,31.89,31.05,31.05,31.05,31.61,9,146,4584,
530881,"Arunjyoti Bio Ventures Limited",X,STK,7.77,7.91,7.28,7.44,7.49,7.51,431,275853,2081215,
530883,"SUPER CROP SAFE LTD.",X,STK,8.6,8.84,8.3,8.38,8.36,8.5,122,58449,499574,
530899,"ASIA PACK LTD.",X,STK,45.29,45.29,43.04,43.09,43.04,45.29,2,50,2154,
530907,"SI CAPITAL & FINANCIAL SERVICE",X,STK,37.99,41.2,37.99,41.2,41.2,39.75,6,3222,123692,
530909,"ERP SOFT SYSTEMS LTD.",X,STK,62.05,62.05,56.15,56.15,56.15,59.1,2,2,118,
530917,"R.R.SECURITIES LTD.",P,STK,36.63,36.63,36.63,36.63,36.63,38.55,2,200,7326,
530919,"REMSONS INDUSTRIES LTD.",B,STK,110.4,113.25,110.4,112.15,112,112.15,46,1294,144336,
530925,"RAMSONS PROJECTS LTD.",XT,STK,106.12,106.12,106.12,106.12,106.12,101.07,11,1075,114079,
530931,"STANPACKS (INDIA) LTD.",X,STK,11.24,11.24,11.24,11.24,11.24,11.78,1,4,44,
530943,"Aqylon Nexus Limited",B,STK,1352.05,1352.05,1266.9,1266.9,1266.9,1333.55,271,1936,2505112,
530951,"RAMINFO LIMITED",X,STK,53.5,56.5,53.5,54.5,54.5,53.72,62,20495,1126521,
530953,"SUNIL AGRO FOODS LTD.",X,STK,86.5,89.99,86.49,86.51,89.99,91.04,21,1360,119403,
530959,"DIANA TEA CO.LTD.",X,STK,26.88,28.39,26.88,27.01,27.01,27.42,29,6435,174232,
530961,"Vikas EcoTech Limited",B,STK,1.47,1.49,1.37,1.4,1.4,1.47,371,685407,972270,
530965,"INDIAN OIL CORPORATION LTD.",A,STK,184,186.85,182.4,186.5,186.5,183,5580,1247053,229666192,
530973,"ALFA ICA (INDIA) LTD.",X,STK,80,80,80,80,80,75.93,1,1,80,
530977,"Shri Keshav Cements and Infra",X,STK,154,160,148,152.1,151,154.7,38,1338,206015,
530979,"INDIA HOME LOAN LTD.",X,STK,33.51,36.28,32.31,35.63,36.27,35.57,151,24023,857828,
530991,"ROOPA INDUSTRIES LTD.",X,STK,43.01,47.64,43,44.75,44.99,44.28,46,2343,103341,
530993,"SARTHAK GLOBAL LTD.",X,STK,39.13,41.08,39.13,41.08,41.08,39.13,4,14,571,
530997,"UNIQUE ORGANICS LTD.",X,STK,95,95,89.62,93.32,93.45,89.83,33,1998,179293,
530999,"BALAJI AMINES LTD.",B,STK,1103.7,1111.45,1084.65,1091.1,1090.3,1103.65,281,4044,4434256,
531003,"SWARNA SECURITIES LTD.",X,STK,81.18,81.18,80.77,80.77,80.77,77.32,4,43,3473,
531015,"VENMAX DRUGS AND PHARMACEUTICA",X,STK,27.9,27.9,23,26.33,26.33,25.49,22,1479,38750,
531017,"ARIHANTS SECURITIES LTD.",X,STK,21.99,21.99,18.5,19.14,19.22,20.93,118,6635,125671,
531025,"VISAGAR FINANCIAL SERVICES LTD",X,STK,0.36,0.37,0.36,0.36,0.36,0.37,328,1132154,411332,
531033,"REGAL ENTERTAINMENT & CONSULTA",XT,STK,29.52,29.52,29.52,29.52,29.52,31.07,3,10,295,
531035,"ERAAYA LIFESPACES LIMITED",T,STK,29.4,29.4,27.96,28.33,28.33,29.43,637,178012,4997828,
531041,"COMPETENT AUTOMOBILES CO.LTD.",X,STK,382.8,382.8,376.3,381,381,381.1,8,228,86966,
531049,"NEELKANTH ROCKMINERALS LTD.",Z,STK,17.21,17.21,17.21,17.21,17.21,18.02,3,400,6884,
531051,"VINTAGE SECURITIES LTD.",X,STK,13.45,13.45,13.45,13.45,13.45,13.87,20,1683,22636,
531067,"CONTIL INDIA LTD.",X,STK,24.83,26.39,24.7,25.45,24.81,25.34,51,5253,134270,
531069,"VIJAY SOLVEX LTD.",X,STK,457.4,458.85,401,424.85,401.1,444.6,185,14604,6222830,
531082,ALANKIT,B,STK,8.97,9.2,8.55,8.7,8.7,8.98,124,17765,157241,
531083,"NIHAR INFO GLOBAL LTD.",XT,STK,6.72,7.18,6.52,6.52,6.52,6.86,5,2310,15467,
531091,"UNITED CREDIT LTD.",X,STK,33.98,33.98,26.55,27.71,29.5,28.8,38,195,5431,
531092,"OM INFRA LIMITED",B,STK,87.32,90.18,86.42,88.7,88.7,85.92,90,4411,390831,
531099,"Checkpoint Trends Limited",XT,STK,69.35,69.35,69.35,69.35,69.35,72.95,16,3080,213598,
531109,"Ishan Dyes and Chemicals Limit",B,STK,60,60.02,59.25,59.48,59.48,61,15,312,18556,
531111,"GOTHI PLASCON (INDIA) LTD.",P,STK,39.75,39.9,38.61,38.61,38.61,39.5,3,500,19791,
531112,"BALU FORGE INDUSTRIES LIMITED",A,STK,447.05,490.75,447.05,490.75,490.75,446.15,4316,267626,129334950,
531119,"CEENIK EXPORTS (INDIA) LTD.",X,STK,295.55,305,289.2,293.1,305,297,13,480,141692,
531120,"PATEL ENGINEERING LTD.",A,STK,28,28.2,27.65,28.08,28.08,28.28,667,277828,7765921,
531126,"KATI PATANG LIFESTYLE LIMITED",X,STK,25.59,25.59,23.32,24.2,24.3,24.4,122,43569,1073688,
531129,"INANI MARBLES & INDUSTRIES LTD",X,STK,12.45,12.45,11.5,11.99,12.05,12.21,35,29760,344172,
531137,"GEMSTONE INVESTMENTS LTD.",X,STK,1.51,1.55,1.45,1.52,1.52,1.51,181,69183,102894,
531144,"EL FORGE LTD.",X,STK,15.22,15.49,14.52,14.75,14.68,14.9,53,7874,118628,
531146,"MEDICAMEN BIOTECH LTD.",B,STK,297.9,307.45,293.05,302.05,302,292.3,33,620,187221,
531147,"ALICON CASTALLOY LIMITED",B,STK,786.85,786.85,765.55,773.95,765.55,786.9,70,259,201022,
531153,"DILIGENT INDUSTRIES LTD.",X,STK,2.22,2.27,2.05,2.18,2.18,2.27,192,83175,180378,
531155,"EPSOM PROPERTIES LTD.",X,STK,7.61,7.61,7.61,7.61,7.61,8.01,1,1,7,
531156,"ALFAVISION OVERSEAS (INDIA) LT",X,STK,4.04,4.2,3.99,4.15,4.15,4.02,25,2677,10812,
531157,"ORGANIC COATINGS LTD.",X,STK,21.6,21.6,20.1,20.1,20.1,21.15,20,12137,245355,
531158,"CATVISION  LIMITED",X,STK,18.86,19.05,18.13,18.86,18.86,18.24,31,2424,45994,
531161,"ABM KNOWLEDGEWARE LTD.",XT,STK,240,240,231,231.85,232.05,238.65,29,756,176220,
531162,"EMAMI LTD.",A,STK,475.15,479.95,473,474.5,475.85,478.8,510,6278,2988803,
531163,"KEMISTAR CORPORATION LIMITED",X,STK,67,70,62.15,70,70,70.99,19,1037,68040,
531168,"ASSOCIATED CERAMICS LTD.",X,STK,215,215,192,194.75,192,206.35,24,502,101105,
531169,"SKP SECURITIES LTD.",X,STK,104.95,107.85,98.1,98.4,98.1,97,48,3451,356396,
531173,"SYSCHEM (INDIA) LTD.",X,STK,50.02,50.9,47.2,49.95,50,50.37,146,47093,2338581,
531176,"MEFCOM CAPITAL MARKETS LTD.",X,STK,11.26,11.84,11.25,11.33,11.6,11.36,64,31199,354060,
531178,"HEMANG RESOURCES LIMITED",X,STK,14.98,14.98,13.5,13.51,13.51,14,17,2982,40823,
531179,"ARMAN FINANCIAL SERVICES LTD.",B,STK,1513.9,1641,1513.9,1594.6,1587.65,1608.95,119,605,971305,
531190,"EFORU ENTERTAINMENT LIMITED",X,STK,97.25,97.25,90.25,94.58,95,94.96,54,8027,742304,
531199,"GLANCE FINANCE LTD.",X,STK,195,200,184.1,199,199,195.8,13,7318,1438380,
531201,"SHILCHAR TECHNOLOGIES LTD.",B,STK,3780,3942.95,3780,3880,3868,3759.95,969,4401,17077451,
531203,"TRADEWELL HOLDINGS LIMITED",X,STK,79.93,83,79.93,83,83,84.13,3,12,962,
531205,"SPRIGHT AGRO LIMITED",XT,STK,0.6,0.6,0.58,0.59,0.59,0.6,1167,3630238,2144886,
531209,"NUCLEUS SOFTWARE EXPORTS LTD.",B,STK,785.05,809,785.05,789.95,790.05,803.3,86,725,578538,
531210,"COLINZ LABORATORIES LTD.",XT,STK,46.28,48.35,45,45.1,48.35,46.05,19,3406,153962,
531212,"NALIN LEASE FINANCE LTD.",X,STK,48.37,49.46,46.61,48.02,49,48.61,55,6838,327413,
531213,"Manappuram Finance Ltd",A,STK,290.35,297.05,285.4,293.1,293.1,296.55,3197,2447889,712545035,
531215,"RTS POWER CORPORATION LTD.",X,STK,118.05,122.9,117.45,118.9,120.15,118.05,54,3868,460245,
531216,"COMFORT INTECH LTD.",X,STK,7.54,7.54,7.2,7.25,7.25,7.38,433,127847,935558,
531223,"ANJANI SYNTHETICS LTD.",X,STK,23.91,26.44,23.26,24.05,24.74,23.84,149,8509,204288,
531225,"XTGLOBAL INFOTECH LIMITED",B,STK,29.5,33.18,29.5,33.18,33.18,27.65,58,5145,168969,
531228,"RANDER CORPORATION LTD.",X,STK,10,10.2,10,10.2,10.2,10.2,5,19,191,
531233,"RASI ELECTRODES LTD.",X,STK,13.31,13.69,13,13.51,13.59,13.31,92,16553,221072,
531234,"SCOOBEE DAY GARMENTS (INDIA) L",X,STK,74,78.8,70.6,71.21,70.6,75.41,62,4082,297837,
531235,"CITIPORT FINANCIAL SERVICES LT",XT,STK,35.82,37.8,34.25,36.31,37.8,36,6,115,4125,
531237,"DHRUVA CAPITAL SERVICES LTD.",XT,STK,209.95,209.95,199.3,206.7,206.7,206.9,14,2841,575313,
531241,"LINC LIMITED",B,STK,109.65,109.65,108.6,108.6,108.6,110.45,5,114,12480,
531246,"PRIMA INDUSTRIES LTD.",X,STK,17.64,18,17.1,17.8,17.8,18,9,462,8014,
531253,"INDIA GELATINE & CHEMICALS LTD",X,STK,324.5,332.8,320,325.6,323.55,324.5,51,673,217806,
531254,"Optimus Finance Limited",X,STK,14.17,14.9,13.9,14.76,14.39,14.11,362,591752,8580782,
531255,"PARAGON FINANCE LTD.",X,STK,49.28,54.99,49.28,49.96,49.75,49.28,13,336,17700,
531257,"PRATIKSHA CHEMICALS LTD.",X,STK,18.65,19.99,18,18.16,18.01,20.13,149,45311,845805,
531259,"ESHA MEDIA RESEARCH LIMITED",X,STK,24.93,24.93,24.93,24.93,24.93,23.75,5,5155,128514,
531260,"Refex Renewables & Infrastruct",X,STK,275.6,275.6,265.1,270.9,274,264.35,19,464,125736,
531262,"EQUILATERAL ENTERPRISES LIMITE",X,STK,21.9,21.9,21.9,21.9,21.9,20.9,2,7,153,
531266,"V.S.T.TILLERS TRACTORS LTD.",B,STK,5848,5925.2,5750,5771.3,5750,5854.65,273,675,3925921,
531268,"B2B SOFTWARE TECHNOLOGIES LTD.",XT,STK,39.18,41,37.24,40.57,40.57,39.18,612,56474,2163487,
531273,"RADHE DEVELOPERS (INDIA) LTD.",X,STK,1.79,1.83,1.72,1.79,1.83,1.79,158,123703,220299,
531274,"KINETIC TRUST LTD.",XT,STK,47.41,47.41,47.41,47.41,47.41,49.9,4,1000,47410,
531278,"Elixir Capital Limited",X,STK,106.95,106.95,101.3,102.75,101.35,103.9,18,258,26740,
531279,"Trishakti Industries Limited",X,STK,141.95,145,141.95,143.1,143.1,142.65,25,1945,280355,
531280,"PANKAJ POLYMERS LTD.",XT,STK,55.01,60,54.77,59,59,57.65,45,6181,342291,
531281,"MARBLE CITY INDIA LIMITED",X,STK,104.1,104.1,102,104.1,104.1,103.6,6,93,9669,
531283,"CINDRELLA FINANCIAL SERVICES L",X,STK,9.97,9.97,9.97,9.97,9.97,9.5,4,87,867,
531286,"ADHATA GLOBAL LIMITED",X,STK,26.5,26.65,26.5,26.65,26.65,26.65,2,501,13276,
531287,"NATIONAL PLASTIC TECHNOLOGIES",X,STK,255.5,255.5,236.15,241.25,241,246.55,59,1344,329435,
531288,"LEAD FINANCIAL SERVICES LTD.",X,STK,17.74,17.74,17.74,17.74,17.74,16.95,1,4,70,
531289,"NATIONAL FITTINGS LIMITED",X,STK,162.15,162.15,160,160.7,160,162.95,18,1375,220954,
531297,"ARTEFACT PROJECTS LTD.",X,STK,61,61.8,60.18,60.97,61.58,61.83,35,3758,229231,
531300,"AMIT INTERNATIONAL LTD.",Z,STK,3.33,3.42,3.33,3.42,3.42,3.26,22,28355,96965,
531301,"TUSALDAH LIMITED",X,STK,145.3,145.3,145.3,145.3,145.3,138.4,3,8,1162,
531304,"NUTECH GLOBAL LTD.",X,STK,25.89,25.89,25.89,25.89,25.89,27.25,1,1,25,
531306,"DHP INDIA LTD.",X,STK,500,501,491,498.6,500,505,39,257,127318,
531307,"RRIL LIMITED",X,STK,17.7,17.8,16.75,17.78,17.78,17.41,81,39161,689817,
531310,"AVAILABLE FINANCE LTD.",X,STK,144,144.95,140.3,142.85,142.95,139.9,246,15271,2188415,
531314,"INTEGRA CAPITAL LIMITED",X,STK,13.78,13.78,13.78,13.78,13.78,13.78,3,36,496,
531319,"MARUTI GLOBAL INDUSTRIES LIMIT",X,STK,42.15,44.7,42.15,42.57,42.27,45.98,53,1509,64352,
531322,"SRI HAVISHA HOSPITALITY INFRAS",B,STK,1.55,1.8,1.49,1.62,1.8,1.53,22,5801,9308,
531323,"JAYATMA INDUSTRIES LIMITED",X,STK,12.22,12.22,12.22,12.22,12.22,12.86,4,300,3666,
531324,"ROSELABS FINANCE LTD.",X,STK,20.76,20.76,20.76,20.76,20.76,21.85,1,500,10380,
531328,"KRETTO SYSCON LIMITED",X,STK,0.84,0.86,0.82,0.84,0.84,0.86,731,11526603,9508038,
531334,"VIKALP SECURITIES LTD.",X,STK,27.24,28.53,27.24,28.53,28.53,28.67,2,2001,54508,
531335,"ZYDUS WELLNESS LTD.",A,STK,393.6,396.25,383,384.75,384.1,393.55,585,5738,2219200,
531338,"MILESTONE GLOBAL LTD.",X,STK,18.5,18.9,18.5,18.6,18.6,18,6,462,8625,
531340,"BERVIN INVESTMENT & LEASING LT",X,STK,54.08,54.08,48.95,54.08,54.08,51.51,8,117,6322,
531341,"GUJARAT INVESTA LTD.",XT,STK,21.11,21.11,21.11,21.11,21.11,21.54,1,1,21,
531344,"CONTAINER CORPORATION OF INDIA",A,STK,498.25,502.55,496.2,499.8,499.8,501,1164,30763,15367773,
531346,"EASTERN TREADS LTD.",X,STK,29.05,30.86,28.35,30.77,30.77,30.71,9,209,6252,
531349,"PANACEA BIOTEC LTD.",B,STK,338.45,342.05,332.8,335.8,335.8,335.5,111,1375,465031,
531357,"MERCURY EV-TECH LIMITED",B,STK,34.77,35.5,32.68,32.84,32.84,34.09,1317,273486,9180573,
531358,"CHOICE INTERNATIONAL LTD.",A,STK,757,760.75,741.5,747.05,747.05,754,499,15536,11627712,
531359,"SHRIRAM ASSET MANAGEMENT CO.LT",X,STK,311,324,311,314.25,313,317,57,4209,1334651,
531364,"Ekansh Concepts Limited",X,STK,197.8,198,192,192.3,192,192,29,1782,350161,
531370,"SPARC ELECTREX LIMITED",X,STK,5.28,5.28,4.69,4.75,4.75,4.49,32,13167,66652,
531373,"THE BYKE HOSPITALITY LTD.",B,STK,45.3,45.3,43.22,44.05,44.05,43.66,87,4741,208945,
531380,"CENTENIAL SURGICAL SUTURE LTD.",X,STK,84.55,84.55,84.55,84.55,84.55,84.5,4,9,760,
531381,"ARIHANT FOUNDATIONS & HOUSING",B,STK,992.1,1029.7,992.1,1000.8,1007,1032.7,65,1118,1119664,
531390,"UPSURGE INVESTMENT & FINANCE L",X,STK,76.5,76.5,73.11,74,74,76,16,46,3408,
531395,"PADAM COTTON YARNS LTD.",X,STK,2.48,2.5,2.41,2.45,2.47,2.48,498,432479,1054230,
531396,"WOMEN NETWORKS LTD.",X,STK,7.59,7.96,7.59,7.96,7.96,7.59,4,16730,133059,
531397,"POLYCON INTERNATIONAL LTD.",X,STK,24.7,25.93,24,24,24,24.7,5,37,915,
531398,"SOURCE NATURAL FOODS & HERBAL",X,STK,132.65,135,125.05,125.55,125.05,131.95,19,261,33763,
531399,"G.G.AUTOMOTIVE GEARS LTD.",X,STK,177.2,180,172,177.15,179.4,179.55,238,17396,3073689,
531400,"ALMONDZ GLOBAL SECURITIES LTD.",B,STK,16.5,16.85,15.97,16.47,16.47,15.98,23,9950,162162,
531402,"LWS KNITWEAR LTD.",X,STK,14.05,14.73,13.81,13.86,13.81,14.44,17,621,8875,
531411,"TUNI TEXTILE MILLS LTD.",XT,STK,1.02,1.02,0.96,1,1.02,0.98,145,123165,124129,
531412,"RADIX INDUSTRIES (INDIA) LIMIT",XT,STK,190.6,191.35,190.6,190.65,190.65,198.4,3,35,6682,
531416,"NARENDRA PROPERTIES LTD.",X,STK,34.9,34.9,34.73,34.73,34.73,34.73,4,13,453,
531417,"MEGA CORPORATION LTD.",X,STK,2.29,2.51,2.22,2.39,2.51,2.21,111,47154,109655,
531426,"TAMIL NADU NEWSPRINT & PAPERS",B,STK,137.15,140.9,136,137.65,137.65,135.3,98,3068,420752,
531431,"SHAKTI PUMPS (INDIA) LTD.",A,STK,528.8,542.1,525.35,527,527,527.9,2314,70033,37324514,
531432,"SYSTEMATIX SECURITIES LTD.",X,STK,13.13,13.65,12.94,13.16,13.13,13,7,301,3958,
531433,"SUNGOLD CAPITAL LTD.",XT,STK,2.31,2.31,2.31,2.31,2.31,2.31,2,105,242,
531436,"SAFFRON INDUSTRIES LIMITED",X,STK,32.5,33.94,32.26,32.26,32.26,33.95,65,3647,118314,
531437,"Prakash Woollen & Synthetic Mi",X,STK,25.49,25.49,24.39,24.39,24.39,24.6,12,60,1470,
531439,"AION-TECH SOLUTIONS LIMITED",B,STK,39.88,40.49,39.36,39.9,40.09,39.95,297,5783,230535,
531441,"LYONS CORPORATE MARKET LTD.",XT,STK,22.05,22.05,21.94,21.94,21.94,22.05,2,65,1426,
531449,"GRM OVERSEAS LTD.",B,STK,171.6,171.6,159.95,160.5,160,164.75,311,26652,4332306,
531453,"MOHIT INDUSTRIES LTD.",B,STK,25.25,26,25.25,25.49,26,23.75,4,75,1911,
531454,"POLYLINK POLYMERS (INDIA) LTD.",X,STK,17.25,19.2,17.25,18.67,19,17.43,62,20049,355957,
531456,"MINAXI TEXTILES LTD.",X,STK,1.42,1.55,1.42,1.55,1.55,1.42,21,16019,23916,
531458,"BOSTON COMMERCE LIMITED",XT,STK,5.37,5.38,5.37,5.38,5.38,5.65,5,5107,27474,
531460,"CONTINENTAL CONTROLS LTD.",XT,STK,9.25,9.25,9.25,9.25,9.25,9.26,1,1,9,
531465,"NOUVEAU GLOBAL VENTURES LTD.",X,STK,0.49,0.49,0.49,0.49,0.49,0.49,18,6177,3026,
531471,"DUKE OFFSHORE LTD.",X,STK,17.8,18.31,17,18.31,18.31,17.44,123,14704,268904,
531472,"CYBELE INDUSTRIES LTD.",XT,STK,52.17,52.17,52.17,52.17,52.17,49.69,41,10886,567922,
531486,"FILMCITY MEDIA LTD.",XT,STK,2.19,2.19,2,2,2,2.09,9,1161,2483,
531489,"CG-VAK SOFTWARE & EXPORTS LTD.",X,STK,192.6,198,187.55,189.05,189,192.55,77,1616,305878,
531494,"NAVKAR URBANSTRUCTURE LIMITED",B,STK,1.4,1.42,1.31,1.31,1.31,1.37,79,63517,83583,
531495,"BLUE COAST HOTELS LTD.",B,STK,22.42,24.15,22.02,23.04,23.04,23,6,428,9437,
531497,"MADHUCON PROJECTS LTD.",B,STK,4.66,4.69,4.61,4.68,4.68,4.78,17,6081,28253,
531499,"SYBLY INDUSTRIES LTD.",XT,STK,1.7,1.78,1.7,1.74,1.78,1.7,8,1669,2837,
531500,"RAJESH EXPORTS LTD.",Z,STK,150,154.95,149,151.15,151.15,152.45,353,13198,1998832,
531502,"ESAAR (INDIA) LTD.",X,STK,10.34,10.34,10.34,10.34,10.34,10.14,19,9622,99491,
531503,"MARIS SPINNERS LTD.",X,STK,28,33.48,27.5,28.22,29,28.07,13,207,5833,
531505,"INDERGIRI FINANCE LTD.",XT,STK,27.27,27.27,27.27,27.27,27.27,27,1,1,27,
531508,"EVEREADY INDUSTRIES INDIA LTD.",B,STK,321.05,330.1,321.05,324.55,324.3,324.4,86,2314,754599,
531512,"ORIENT TRADELINK LTD.",X,STK,19,19,18.11,18.48,18.5,18.58,113,28242,525174,
531518,"VIKAS PROPPANT & GRANITE LTD.",Z,STK,0.28,0.29,0.27,0.27,0.29,0.28,96,161977,44784,
531525,"ACE SOFTWARE EXPORTS LTD.",X,STK,209.8,212.7,203.4,210.1,210.1,207.15,317,39363,8246518,
531529,"SOFTRAK VENTURE INVESTMENT LTD",X,STK,1.92,1.98,1.82,1.92,1.92,1.91,124,782653,1451285,
531531,"HATSUN AGRO PRODUCT LTD.",A,STK,889.9,896.3,876.25,890.85,896.3,895.75,289,1668,1482431,
531533,"ACCEDERE LIMITED",X,STK,47.97,47.98,47.97,47.98,47.98,45.7,11,1055,50613,
531537,"MIZZEN VENTURES LIMITED",XT,STK,193.81,193.81,193.81,193.81,193.81,184.59,23,5196,1007036,
531539,"RISHABH DIGHA STEEL & ALLIED P",X,STK,34,38,33.1,34.9,34.9,34,10,695,23201,
531540,"MARUTI INFRASTRUCTURE LTD.",X,STK,9.89,10.49,9.89,10.1,10.07,9.99,105,11739,119317,
531541,"KOBO BIOTECH LIMITED",Z,STK,2.5,2.5,2.5,2.5,2.5,2.52,4,1056,2640,
531543,"JINDAL WORLDWIDE LTD.",B,STK,24.84,25.41,24.5,24.75,24.92,25.25,145,9550,236778,
531548,"SOMANY CERAMICS LTD.",B,STK,398,406,396.55,401.55,401.15,402.8,43,149,59918,
531550,"JHAVERI CREDITS & CAPITAL LTD.",X,STK,169.95,171.05,165,166,166,169.95,37,1143,191132,
531552,"RAGHUNATH TOBACCO CO.LTD.",X,STK,14.53,16,14.53,15.41,15.41,14.32,35,3561,52275,
531553,"DISHA RESOURCES LIMITED",X,STK,20.5,20.5,19.12,20.08,20.44,20.18,8,103,2089,
531556,"CORAL INDIA FINANCE & HOUSING",B,STK,34,35.44,33.9,35.18,35.18,34.22,25,810,27857,
531557,"AMIT SECURITIES LTD.",XT,STK,51.9,51.9,46.96,51.82,51.8,49.43,17,2522,123695,
531568,"ASHUTOSH PAPER MILLS LTD.",X,STK,7.45,7.45,7.45,7.45,7.45,7.1,7,2986,22245,
531569,"SANJIVANI PARANTERAL LTD.",X,STK,195,203.9,193,193.1,193.1,195,22,3786,738724,
531572,"RANJIT SECURITIES LTD.",XT,STK,106.56,106.56,106.56,106.56,106.56,101.49,3,500,53280,
531578,"KMF BUILDERS & DEVELOPERS LTD.",X,STK,8.02,8.02,8.02,8.02,8.02,7.64,5,3407,27324,
531582,"BERYL SECURITIES LTD.",XT,STK,22.67,22.67,22.67,22.67,22.67,23.86,1,1,22,
531583,"RAP CORP LIMITED",X,STK,33,33,30.12,31.54,30.18,31.68,19,122,3752,
531585,"DEVINE IMPEX LTD.",X,STK,9.89,9.9,9.5,9.9,9.9,9.95,7,129,1268,
531591,"BAMPSL SECURITIES LTD.",X,STK,19.71,20.28,19.05,19.75,19.75,19.52,16,2621,51876,
531592,"GENPHARMASEC LIMITED",X,STK,1.33,1.34,1.3,1.3,1.3,1.33,225,300770,396070,
531594,"INCON ENGINEERS LTD.",X,STK,12.54,12.54,12.54,12.54,12.54,13.2,1,1,12,
531595,"CAPRI GLOBAL CAPITAL LIMITED",A,STK,169.9,170,166.6,168.35,168.35,169.85,1328,72744,12219489,
531599,"FDC LTD.",B,STK,365.15,368.75,361.55,364.9,363.4,366.1,150,2639,965401,
531608,"GORANI INDUSTRIES LTD.",X,STK,56.01,57,53.35,57,57,59.55,12,930,52076,
531624,"COUNTRY CONDOS LTD.",B,STK,5.3,5.8,5.05,5.11,5.11,5.2,47,13512,71717,
531626,"OROSIL SMITHS INDIA LTD.",X,STK,4.48,4.48,4.37,4.4,4.4,4.48,14,6790,29865,
531628,"TEJASSVI AAHARAM LIMITED",XT,STK,37.88,38.63,37.13,37.13,37.13,37.88,19,9214,354877,
531633,"LINCOLN PHARMACEUTICALS LTD.",B,STK,621,649.1,621,638,627.05,611.55,148,2259,1434737,
531635,"SILVER OAK (INDIA) LTD.",XT,STK,85,90.41,85,90,90,86.11,27,891,79731,
531637,"PRAVEG LIMITED",B,STK,258,263,252,254.7,254.7,256.8,1317,113112,29112956,
531638,"SURAJ LTD.",B,STK,227,231,226.6,230,230,228,14,210,47753,
531642,"MARICO LTD.",A,STK,806.3,809.2,798.9,805.8,803.85,806,904,9327,7496092,
531644,"TOKYO FINANCE LTD.",X,STK,20.7,21.25,20.7,21.12,21.12,20.7,12,150,3164,
531651,"NATIONAL GENERAL INDUSTRIES LT",X,STK,43.95,46.14,41.76,45.81,45.77,43.95,21,851,38685,
531652,"UVS HOSPITALITY AND SERVICES L",X,STK,86,88.8,84,87.15,87.2,83.5,84,14392,1245569,
531658,"ABATE AS INDUSTRIES LIMITED",X,STK,12.49,12.49,11.84,12.39,12.4,12.28,63,33640,409993,
531661,"HITTCO TOOLS LTD.",X,STK,11.9,11.9,11.9,11.9,11.9,11.9,3,211,2510,
531663,"YUVRAAJ HYGIENE PRODUCTS LTD.",X,STK,5.7,5.7,5.3,5.3,5.3,5.57,222,105056,563535,
531667,"RR METALMAKERS INDIA LIMITED",X,STK,26.4,26.41,26.4,26.41,26.41,26.39,3,44,1161,
531668,"VISION CORPORATION LTD.",X,STK,3,3,2.67,2.67,2.67,2.7,12,5675,15274,
531672,"INANI SECURITIES LTD.",X,STK,22.05,23.78,21.4,23.78,23.78,22.05,7,202,4455,
531673,"ANKA INDIA LTD.",X,STK,25.57,28,25.52,27.67,27.98,26.85,58,22219,579199,
531676,"EMROCK CORPORATION LIMITED",XT,STK,299.95,299.95,296.95,296.95,296.95,297,67,9260,2759855,
531680,"MAYUR LEATHER PRODUCTS LTD.",XT,STK,22.56,23.68,22.56,23.68,23.68,22.56,5,309,7290,
531681,"AMERISE BIOSCIENCES LIMITED",X,STK,0.66,0.7,0.66,0.7,0.7,0.73,22,45090,30891,
531688,"Prithvi Exchange (India) Limit",X,STK,108.1,131,108.1,128.55,130.9,110.3,215,20685,2571730,
531692,"KHYATI MULTIMEDIA-ENTERTAINMEN",X,STK,2.95,2.95,2.95,2.95,2.95,2.93,2,195,575,
531694,"RAINBOW FOUNDATIONS LTD.",XT,STK,44,44.92,40.7,44.36,43.6,42.79,65,13226,571892,
531716,"TRICOM FRUIT PRODUCTS LIMITED",XT,STK,2.28,2.28,2.09,2.28,2.28,2.19,26,5042,10728,
531717,"Vidhi Specialty Food Ingredien",B,STK,309.95,312.55,299.5,308.4,310,303.95,83,609,185590,
531719,"BHAGIRADHA CHEMICALS & INDUSTR",B,STK,205,207.4,202.75,204.15,203.25,205.85,21,283,57955,
531723,"GACM Technologies Limited",B,STK,0.5,0.51,0.49,0.5,0.5,0.51,98,215273,106612,
531726,"PANCHSHEEL ORGANICS LTD.",X,STK,106.6,111.25,106.6,109.3,109.3,109,32,867,94022,
531727,"MENON PISTONS LTD.",X,STK,58.43,59,57.62,58.34,58.8,57.66,96,5793,338355,
531737,"GREENCREST FINANCIAL SERVICES",X,STK,0.51,0.51,0.5,0.5,0.5,0.51,161,258487,130369,
531739,"GENNEX LABORATORIES LTD.",X,STK,11.25,11.65,11.01,11.08,11.08,11.2,513,265644,2991274,
531743,"HIRA AUTOMOBILES LTD.",P,STK,204.95,204.95,204.95,204.95,204.95,204.95,1,100,20495,
531744,"GINI SILK MILLS LTD.",X,STK,63.5,63.5,61.99,61.99,61.99,62.49,4,60,3727,
531746,"PRAJAY ENGINEERS SYNDICATE LTD",B,STK,22.56,22.56,22.42,22.42,22.42,21.98,3,350,7882,
531752,"BIOGEN PHARMACHEM INDUSTRIES L",X,STK,0.68,0.68,0.67,0.68,0.68,0.68,566,693035,468322,
531758,"G.K.CONSULTANTS LTD.",X,STK,11,11.5,10.01,10.71,10.41,11.21,32,4346,45679,
531761,"APOLLO PIPES LIMITED",B,STK,339.75,350.5,336.8,346.35,345.5,339.85,528,68118,23204715,
531762,"UNJHA FORMULATIONS LTD.",X,STK,21.97,22.6,20.5,21.15,20.51,21.97,33,7105,150826,
531768,"POLY MEDICURE LTD.",A,STK,1285.05,1300.3,1256,1259.7,1261.8,1296.15,511,6706,8536127,
531769,"PFL INFOTECH LTD.",XT,STK,3.87,4.27,3.87,4.01,4.27,4.07,58,101581,393182,
531771,"SHRADDHA PRIME PROJECTS LTD",X,STK,171.25,171.9,168,169.95,169.95,171.25,11,333,56739,
531778,"KACHCHH MINERALS LTD.",XT,STK,29.95,30.79,27.91,29.69,29.69,29.33,17,3740,114824,
531779,"PADMANABH ALLOYS & POLYMERS LT",X,STK,14.25,15,14.25,15,15,15,4,289,4305,
531780,"KAISER CORPORATION LIMITED",X,STK,4.65,4.65,4.11,4.52,4.5,4.48,220,89316,406165,
531784,"KCL Infra Projects Limited",X,STK,1.32,1.32,1.28,1.31,1.32,1.29,142,67346,87462,
531794,"SESHACHAL TECHNOLOGIES LTD.",XT,STK,87.45,87.45,87.45,87.45,87.45,83.29,7,1275,111498,
531795,"ATUL AUTO LTD.",B,STK,470.05,523.5,470.05,503.15,503.15,477.35,3707,124357,63783823,
531797,"SCAN PROJECTS LTD.",X,STK,99.81,99.81,99.81,99.81,99.81,95.09,1,50,4990,
531802,"PRERNA INFRABUILD LTD.",X,STK,24.01,26.65,24.01,24.97,24.9,25.14,50,12334,315990,
531810,"METAL COATINGS (INDIA) LTD.",X,STK,60.01,61.49,54.99,57.64,57.64,60.01,59,1939,110061,
531812,"SGN TELECOMS LTD.",X,STK,0.65,0.67,0.65,0.67,0.67,0.64,46,35443,23701,
531814,"TIRUPATI SARJAN LTD.",X,STK,9.51,9.9,9.51,9.75,9.9,9.51,12,944,9194,
531822,"RODIUM REALTY LIMITED",X,STK,195,195,174,178.9,187,177.35,47,4736,872913,
531834,"NATURA HUE CHEM LTD.",XT,STK,13.82,14.09,13.55,14.09,14.09,13.82,13,11960,167229,
531840,"IEC EDUCATION LTD.",X,STK,34.88,34.89,34.88,34.89,34.89,33.23,21,1350,47099,
531841,"Indus Finance Limited",X,STK,51.1,53.71,47.05,50.25,52.75,51.43,38,2036,100953,
531842,"LAHOTI OVERSEAS LTD.",X,STK,50,52.41,48,48.25,48,48.41,52,6286,305265,
531845,"ZENITH STEEL PIPES AND  INDUST",B,STK,5.47,5.47,4.97,5.47,5.47,5.21,79,21216,113394,
531846,"TRINITY LEAGUE INDIA LTD.",X,STK,13.95,13.95,13.95,13.95,13.95,13.95,1,1,13,
531847,"ASIAN STAR CO.LTD.",B,STK,628.05,628.05,575,618,618,626.1,25,228,135180,
531859,"ORIENTAL RAIL INFRASTRUCTURE L",B,STK,134.4,135.75,130.15,131.25,131.25,131.1,521,39581,5217910,
531861,"JOINDRE CAPITAL SERVICES LTD.",X,STK,41.98,42.45,41.5,41.9,42.45,41.23,23,518,21655,
531862,"BHARAT AGRI FERT & REALTY LTD.",X,STK,25,26.45,24.8,26.01,26.4,25.51,87,20954,538981,
531867,"UNITECH INTERNATIONAL LTD.",Z,STK,3.74,3.74,3.72,3.72,3.72,3.57,5,293,1090,
531869,"SACHETA METALS LTD.",X,STK,3.88,3.94,3.84,3.86,3.86,3.91,183,80870,312830,
531870,"POPULAR ESTATE MANAGEMENT LTD.",X,STK,14.92,15.22,14.92,15.22,15.22,15.7,2,31,471,
531878,"ANJANI FINANCE LTD.",X,STK,11.5,11.75,10.79,11.26,11.17,10.78,44,1294,14420,
531888,"REXNORD ELECTRONICS & CONTROLS",X,STK,62.63,65,58,64.02,64.3,62.63,103,14382,873680,
531889,"INTEGRATED INDUSTRIES LIMITED",X,STK,45.3,45.49,44,45.15,45.15,44.72,2183,746612,33683522,
531893,"SAWACA ENTERPRISES LIMITED",X,STK,0.41,0.49,0.41,0.44,0.44,0.43,772,4618509,2106860,
531900,"CCL INTERNATIONAL LTD.",X,STK,29,29.52,25.22,26.02,26.5,24.6,444,56229,1561435,
531902,"GALLOPS ENTERPRISE LTD.",XT,STK,24,25.34,24,24.49,24.49,24.37,4,156,3888,
531909,"CROISSANCE LIMITED",XT,STK,3.51,3.65,3.4,3.57,3.57,3.5,82,211749,755595,
531910,"Madhuveer Com 18 Network Limit",XT,STK,243,243,243,243,243,253.85,1,1,243,
531911,"GALAXY AGRICO EXPORTS LTD.",X,STK,45.62,45.62,45.39,45.39,45.39,43.45,7,330,15050,
531913,"GOPAL IRON & STEELS CO.(GUJARA",XT,STK,11.3,11.4,11.3,11.4,11.4,11.3,21,11033,125772,
531918,"HINDUSTAN APPLIANCES LTD.",X,STK,105.2,105.2,100.75,103.6,103.45,111.9,11,15,1551,
531921,"AGARWAL INDUSTRIAL CORPORATION",B,STK,569,569,551,551.95,551,551.65,59,916,506839,
531923,"DHAMPURE SPECIALITY SUGARS LTD",X,STK,118.5,118.5,110.55,117.83,118.25,114.68,92,7238,845546,
531925,"SHANTANU SHEOREY AQUAKULT LTD.",X,STK,1.28,1.28,1.28,1.28,1.28,1.37,15,33709,43147,
531930,"SARTHAK INDUSTRIES LTD.",X,STK,33,33,29,30.99,30.99,30.85,28,7985,238535,
531931,"SAI CAPITAL LTD.",X,STK,173,173,160.1,164.5,164.5,159.9,25,240,39671,
531944,"LEXORAA INDUSTRIES LIMITED",X,STK,18.97,19,18.27,18.32,18.32,18.6,7,281,5297,
531950,"VERTEX SECURITIES LTD.",X,STK,3.74,3.74,3.56,3.61,3.63,3.6,57,11990,43257,
531952,"RIBA TEXTILES LTD.",X,STK,73.35,74.29,71.75,73.16,73.28,73.5,90,28976,2105335,
531959,"NEWTIME INFRASTRUCTURE LIMITED",X,STK,2,2,1.91,1.93,1.93,1.98,145,65297,127864,
531962,"SHREE METALLOYS LTD.",XT,STK,44.19,46.49,44.18,45.3,45.56,46.5,62,14495,642625,
531968,"IITL PROJECTS LIMITED",X,STK,47,47,42.15,46,46,47,26,252,11531,
531977,"CHARTERED LOGISTICS LTD.",X,STK,7.32,7.81,6.86,7.08,7,7.51,472,542232,3821448,
531978,"AMBIKA COTTON MILLS LTD.",B,STK,1373.25,1373.25,1358.1,1364.05,1358.1,1373.25,23,57,77913,
531979,"HIND ALUMINIUM INDUSTRIES LTD.",XT,STK,94.9,97.45,94.3,96.8,96.8,94.3,124,7116,684904,
531982,"SPECTRUM FOODS LTD.",X,STK,13.99,13.99,13.42,13.44,13.44,13.71,55,10407,140794,
531989,"DECCAN POLYPACKS LTD.",XT,STK,34,34,33,33,33,32.5,6,48,1586,
531991,"AMRAWORLD AGRICO LTD.",X,STK,0.59,0.63,0.59,0.62,0.62,0.59,108,57427,35400,
531994,"AUTO PINS (INDIA) LTD.",X,STK,167,167,156.75,156.75,156.75,165,8,333,52212,
531996,"ODYSSEY CORPORATION LTD.",X,STK,7.68,7.92,7.1,7.24,7.28,7.84,130,40385,300993,
531997,"IKOMA TECHNOLOGIES LIMITED",X,STK,14.7,15.38,14.21,15.04,15.04,14.65,505,197753,3022159,
532001,"INDUCTO STEEL LTD.",X,STK,50.03,50.03,50.03,50.03,50.03,49.55,11,701,35071,
532005,"SAM INDUSTRIES LTD.",X,STK,41.32,47.69,41.32,41.6,43,42.89,20,3496,153997,
532007,"SHREEVATSAA FINANCE & LEASING",X,STK,26.26,26.26,26.26,26.26,26.26,25.01,2,14,367,
532011,"VASHU BHAGNANI INDUSTRIES LIMI",X,STK,53.57,53.57,51.4,52.3,52.5,53.31,27,25882,1368351,
532015,"GRAVITY (INDIA) LTD.",XT,STK,15.76,15.76,15.76,15.76,15.76,16.58,72,37959,598233,
532016,"ESPIRE HOSPITALITY LIMITED",X,STK,301.95,301.95,292.9,292.9,292.9,282.5,8,112,32822,
532019,"LCC INFOTECH LTD.",T,STK,4.97,4.97,4.97,4.97,4.97,5.22,1,1,4,
532022,"FILATEX FASHIONS LTD.",B,STK,0.23,0.23,0.21,0.22,0.22,0.23,1446,22410823,4904558,
532029,"SINDHU TRADE LINKS LIMITED",B,STK,25.21,25.62,25.16,25.27,25.25,25.47,50,5501,139278,
532039,"ZENOTECH LABORATORIES LTD.",X,STK,45.5,46.87,45.3,45.32,45.32,45.28,31,1089,50144,
532041,"HINDUSTAN BIO SCIENCES LTD.",XT,STK,8.29,8.29,8,8,8,8.29,27,4363,35039,
532042,"FRONTLINE CORPORATION LTD.",X,STK,27.61,27.61,27.61,27.61,27.61,29.05,1,7,193,
532051,"SWELECT ENERGY SYSTEMS LIMITED",B,STK,532.85,535.4,521.6,525.05,522.05,525.1,25,91,48078,
532053,"WALLFORT FINANCIAL SERVICES LT",X,STK,78,82,78,79.58,82,78,18,105,8220,
532054,"KDDL LTD.",B,STK,2343.5,2370.5,2320,2336.7,2355,2331.7,63,230,536506,
532056,"Trustedge Capital Limited",XT,STK,147.6,154.15,145,154,154.1,146.85,57,13257,2010573,
532057,"ABHINAV CAPITAL SERVICES LTD.",X,STK,125.95,129.7,110.55,119.9,120.85,122,27,472,57539,
532067,"3B BlackBio Dx Limited",B,STK,1553,1553,1440,1458.8,1458.8,1528.6,529,6630,9864769,
532070,"Sumuka Agro Industries Limited",X,STK,208,213.7,200.5,207.7,204.5,202.8,177,85062,17482341,
532090,"Atvo Enterprises Limited",XT,STK,19.49,19.99,19.49,19.51,19.5,19.99,58,15855,312084,
532092,"EPUJA SPIRITECH LIMITED",XT,STK,1.94,2.01,1.83,1.94,2,1.92,133,257655,491497,
532100,"INDO-CITY INFOTECH LTD.",X,STK,11.49,11.49,10.21,11.19,11.19,11.49,43,5695,60967,
532102,"SBEC SUGAR LTD.",X,STK,29.3,31.08,28,28.78,31.07,31.14,38,1465,42471,
532113,"BRIJLAXMI LEASING & FINANCE LT",XT,STK,11.68,12.5,11.51,11.52,11.52,11.91,26,4434,52729,
532123,"BSEL ALGO LIMITED",X,STK,5.26,5.73,5.26,5.57,5.57,5.56,300,157497,889385,
532124,"RELIABLE VENTURES INDIA LTD.",X,STK,20.8,22,19.02,21.39,21.39,20.8,29,3975,82187,
532131,"TRIUMPH INTERNATIONAL FINANCE",X,STK,14.02,16.1,14.02,14.86,16.09,15.21,29,2107,30280,
532134,"BANK OF BARODA",A,STK,316,325.55,316,324.5,324.5,315.75,6936,636388,204633581,
532140,"MOHITE INDUSTRIES LIMITED",X,STK,2.81,2.81,2.67,2.73,2.77,2.78,85,46815,128666,
532141,"ANDHRA CEMENTS LTD.",B,STK,55.15,56.25,55.09,55.37,55.52,54.95,17,48,2666,
532143,"SKM EGG PRODUCTS EXPORT (INDIA",B,STK,168.3,170.6,167.45,169.25,169,168.55,1185,30751,5195466,
532144,"WELSPUN CORP LIMITED",A,STK,800.05,830.45,800.05,824.35,825.55,797.05,1629,35715,29348806,
532145,"H.S.INDIA LTD.",X,STK,11.85,11.96,11.66,11.96,11.96,11.6,7,92,1079,
532149,"BANK OF INDIA",A,STK,175.55,177.9,174.75,177.1,177,175.55,2810,309526,54548326,
532150,"INDRAPRASTHA MEDICAL CORP.LTD.",B,STK,400,411.8,399.4,403.1,405,407.85,328,6290,2547703,
532154,"JOHNSON PHARMACARE LIMITED",X,STK,0.52,0.53,0.51,0.51,0.51,0.52,425,582884,300427,
532155,"GAIL (INDIA) LTD.",A,STK,170.6,171.2,168.45,169.95,169.95,169.95,2095,2168145,369517585,
532156,"VAIBHAV GLOBAL LTD",B,STK,230.35,233.25,227.45,229.8,228.95,228.75,276,9045,2081417,
532159,"TRESCON LIMITED",X,STK,8.11,8.55,8.11,8.54,8.54,8.28,20,5865,49681,
532160,"GUJARAT STATE FINANCIAL CORPOR",B,STK,11.3,11.8,10.91,11.11,11.11,11.07,183,23194,256489,
532162,"JK PAPER LTD.",A,STK,344.7,361.05,344.7,357.25,357.25,341.55,1545,38394,13645542,
532163,"SAREGAMA INDIA LTD.",A,STK,334.25,335.5,327,329.25,329.25,332.35,277,6307,2086452,
532164,"MINOLTA FINANCE LTD.",Z,STK,1.15,1.15,1.15,1.15,1.15,1.21,4,191,219,
532172,"Adroit Infotech Limited",B,STK,9.62,10.4,9.43,10.08,10.4,9.61,28,6042,60900,
532173,"CYBERTECH SYSTEMS AND SOFTWARE",B,STK,114.8,117.8,113.7,116,116,114.8,78,1397,163539,
532174,"ICICI BANK LTD.",A,STK,1403.05,1409.95,1392.1,1404.95,1404.95,1400,28712,1380390,1939122053,
532175,"CYIENT LIMITED",A,STK,920.2,944.5,918.95,921.9,922.9,931.35,1445,20580,19213549,
532178,"ENGINEERS INDIA LTD.",A,STK,221,225.4,219.7,224.65,224.65,219.8,5349,554782,124086265,
532180,"DHANLAXMI BANK LIMITED",B,STK,23.99,24.18,23.8,23.97,23.93,23.94,177,709527,16929446,
532181,"GUJARAT MINERAL DEVELOPMENT CO",A,STK,567,579,562.85,576.4,576.4,564.55,2069,117372,67173317,
532183,"GAYATRI SUGARS LTD.",X,STK,8.35,8.9,8.35,8.57,8.5,8.37,116,11942,102746,
532187,"INDUSIND BANK LTD.",A,STK,937,968.6,936.95,964.45,964.45,937.2,6261,993875,942409021,
532189,"INDIA TOURISM DEVELOPMENT CORP",B,STK,529.7,535.25,524,530.35,530.35,529.6,64,756,402749,
532209,"JAMMU & KASHMIR BANK LTD.",A,STK,114.05,122.2,113.2,121.25,121.25,112.35,14461,2799987,330390521,
532210,"CITY UNION BANK LTD.",A,STK,289.7,292.35,285.25,290.05,287.2,289.6,661,20752,6000034,
532212,"ARCHIES LTD.",B,STK,15.27,15.8,15.15,15.76,15.8,15.49,18,488,7584,
532215,"AXIS BANK LTD.",A,STK,1401.05,1405.95,1386.15,1394.7,1395,1402.5,21626,341655,476501928,
532216,"HB STOCKHOLDINGS LTD.",B,STK,58.43,61.44,57.12,58.21,58.1,58.52,39,805,48189,
532217,"CMX HOLDINGS LIMITED",XT,STK,31.23,31.23,31.23,31.23,31.23,29.75,23,7932,247716,
532218,"SOUTH INDIAN BANK LTD.",A,STK,41.2,41.8,40.95,41.74,41.74,40.97,5056,2147776,89112401,
532219,"ENERGY DEVELOPMENT COMPANY LTD",B,STK,16.35,16.55,16,16.55,16.55,16.2,26,761,12398,
532221,"SONATA SOFTWARE LTD.",A,STK,272.3,280.2,270.1,271.3,271,272.6,688,22175,6102464,
532230,"BENGAL TEA & FABRICS LTD.",X,STK,157.25,157.25,157,157,157,157.05,5,221,34709,
532234,"NATIONAL ALUMINIUM CO.LTD.",A,STK,363,363.55,357.65,361.25,361.25,359.85,5271,366330,132106050,
532240,"INDIA NIPPON ELECTRICALS LTD.",B,STK,837.4,851,819.45,831.4,829.1,826.7,232,1452,1207287,
532256,"NALWA SONS INVESTMENTS LTD.",B,STK,5960.55,5974.8,5916,5924.35,5916,5926.7,40,83,492377,
532259,"APAR INDUSTRIES LTD.",A,STK,10504.05,10870,10470.15,10790.6,10778.6,10582.2,2339,6898,73348275,
532268,"ACCELYA SOLUTIONS INDIA LIMITE",B,STK,1189,1220.55,1185.8,1214.35,1216.05,1188.9,165,1457,1762433,
532271,"ORCHASP LIMITED",B,STK,2.57,2.66,2.57,2.64,2.65,2.6,29,4546,11957,
532275,"LANDMARC LEISURE CORPORATION L",X,STK,2.25,2.25,2.25,2.25,2.25,2.15,97,30327,68235,
532281,"HCL TECHNOLOGIES LTD.",A,STK,1389,1405.15,1368.95,1373.45,1373.45,1376.85,17816,125653,174442578,
532284,"TCFC FINANCE LTD.",X,STK,26.56,26.7,25.31,25.51,26.45,25.96,84,28635,734016,
532285,"Geojit Financial Services Limi",B,STK,63.5,64.87,63.5,63.69,63.65,64.81,185,10363,662405,
532286,"JINDAL STEEL LIMITED",A,STK,1269.05,1270,1257.9,1260.65,1260.65,1266.95,1975,29344,37031681,
532290,"BLB LTD.",T,STK,18,18.38,17.02,17.91,17.9,17.78,32,8241,147382,
532296,"GLENMARK PHARMACEUTICALS LTD.",A,STK,2084.35,2139.45,2084.35,2127.15,2124.25,2084.3,1140,21921,46494710,
532300,"WOCKHARDT LTD.",A,STK,1374.4,1404,1360,1365.25,1360,1374.35,684,11979,16510561,
532303,"INTEGRATED HITECH LTD.",X,STK,3,3.03,3,3.03,3.03,3.03,5,268,812,
532304,"KJMC CORPORATE ADVISORS (INDIA",X,STK,50,54.45,50,54.45,54.45,55.28,17,987,51116,
532305,"IND-SWIFT LABORATORIES LTD.",B,STK,149.95,149.95,145.95,148.35,149.95,147.15,292,11189,1657590,
532309,"GE Power India Ltd",T,STK,467.3,479.3,461.3,470.45,474.65,461.3,283,7789,3668808,
532310,"SHREE RAMA MULTI-TECH LTD.",B,STK,55,57.25,55,55.44,55.73,55.07,119,6293,354844,
532313,"MAHINDRA LIFESPACE DEVELOPERS",A,STK,371.55,372.95,366.1,367.75,369.6,371.45,309,4213,1558119,
532315,"GROARC INDUSTRIES INDIA LIMITE",X,STK,6.9,6.9,6.59,6.59,6.59,6.93,57,30372,200788,
532320,"VAARAD VENTURES LTD",X,STK,9.8,10.74,9.8,10.74,10.74,10.24,6,26,259,
532321,"Zydus Lifesciences Limited",A,STK,937.9,947.7,922.2,938.15,938.5,919.4,3178,75646,70827091,
532323,"SHIVA CEMENT LTD.",X,STK,18.73,18.73,18.2,18.5,18.5,18.43,294,91314,1680438,
532324,"CINEVISTA LTD.",B,STK,15.27,15.5,15.27,15.5,15.5,15.27,2,520,7945,
532326,"INTENSE TECHNOLOGIES LTD.",B,STK,101.55,105,98.35,101.7,105,104.2,143,4664,471662,
532329,"DANLAW TECHNOLOGIES INDIA LTD.",X,STK,584.15,607,580,585.15,585.15,584,148,2888,1703761,
532331,"AJANTA PHARMA LTD.",A,STK,3012.45,3052.2,2968.45,2981.35,3049,3022.6,1092,4264,12850553,
532332,"CURA TECHNOLOGIES LTD.",T,STK,87.25,87.25,87.25,87.25,87.25,89,1,1,87,
532333,"HB PORTFOLIO LTD.",X,STK,56.2,60.55,56.2,60.27,60.4,59.3,31,1230,73619,
532334,"HB ESTATE DEVELOPERS LTD.",X,STK,77.2,79,74,74.1,74.1,79.98,28,1159,87039,
532335,"AMBICA AGARBATHIES & AROMA IND",B,STK,25.5,25.87,25.15,25.17,25.17,24.73,26,206,5266,
532339,"COMPUCOM SOFTWARE LTD.",B,STK,14.87,14.87,13.99,14.55,14.55,14.36,37,3304,47211,
532340,"OMNI AXS SOFTWARE LTD.",XT,STK,4.54,4.99,4.54,4.89,4.89,4.77,29,79353,360297,
532341,"IZMO Limited",T,STK,780,798.95,762.55,767.3,767,775.15,82,1066,825946,
532343,"TVS MOTOR COMPANY LTD.",A,STK,3950,3970,3919.75,3954.2,3956.95,3931.95,3184,23645,93246631,
532344,"SOFTSOL INDIA LTD.",X,STK,199,211,199,205,205,211.5,6,18,3732,
532348,"SUBEX LTD.",B,STK,9.35,9.77,8.96,9.11,9.09,9.4,327,132799,1215051,
532349,"TRANSPORT CORPORATION OF INDIA",B,STK,1035.5,1057.6,1031.3,1045.95,1039.5,1035.4,262,1256,1311701,
532350,"PADMALAYA TELEFILMS LTD.",Z,STK,4.05,4.44,4.05,4.44,4.44,4.23,30,13984,60982,
532351,"AKSH OPTIFIBRE LTD.",B,STK,4.73,4.98,4.73,4.83,4.85,4.95,74,53716,259760,
532354,"Virgo Global Limited",X,STK,3.7,3.71,3.7,3.71,3.71,3.7,11,1074,3978,
532355,"PICTUREHOUSE MEDIA LTD.",X,STK,5.57,5.97,4.57,5.63,5.63,5.71,265,183427,960643,
532356,"TRIVENI ENGINEERING & INDUSTRI",A,STK,385.2,396.8,384,394.8,393.85,385,3934,36618,14353104,
532357,"MUKTA ARTS LTD.",B,STK,53.21,55.2,53.05,54.3,55.2,52.53,25,1215,65374,
532359,"HIT KIT GLOBAL SOLUTIONS LTD.",XT,STK,3.59,3.59,3.59,3.59,3.59,3.42,47,104872,376490,
532362,"NAGPUR POWER & INDUSTRIES LTD.",XT,STK,148,148,148,148,148,148,2,5,740,
532365,"DYNACONS SYSTEMS & SOLUTIONS L",B,STK,921.45,955.3,910,944.95,944.95,918.4,468,6502,6092177,
532366,"PNB GILTS LTD.",B,STK,78.41,79,77.82,78.21,78.07,78.41,66,1847,145128,
532368,"BRIGHTCOM GROUP LIMITED",T,STK,10.37,10.99,10.07,10.99,10.99,10.47,1144,1447983,15662778,
532369,"RAMCO INDUSTRIES LTD.",B,STK,296.85,299.35,292.8,295.8,295.85,296.4,73,1856,549456,
532370,"RAMCO SYSTEMS LTD.",B,STK,460,462.1,441.95,449.55,453.9,459.75,346,4644,2097189,
532371,"TATA TELESERVICES (MAHARASHTRA",A,STK,41.94,42.35,41.5,41.99,41.99,41.88,747,122591,5127602,
532372,"Virinchi Limited",B,STK,19.15,19.8,18.84,19.66,19.7,19.15,96,9949,191216,
532373,"WEP SOLUTIONS LTD.",XT,STK,21.9,22.45,21.35,22.28,22.28,21.91,18,3056,66029,
532374,"STERLITE TECHNOLOGIES LTD.",A,STK,166.6,168.95,163.6,164.55,164.55,166.4,1892,175358,29114360,
532375,"TIPS MUSIC LIMITED",A,STK,557.2,564,533.95,541.25,543.05,557.15,382,4464,2449206,
532376,"UMIYA BUILDCON LIMITED",B,STK,86.9,86.9,86.9,86.9,86.9,87,1,50,4345,
532378,"UNIVERSAL ARTS LTD.",X,STK,5.69,5.69,5.69,5.69,5.69,5.7,2,50,284,
532379,"FIRST FINTEC LIMITED",XT,STK,6.97,6.97,6.97,6.97,6.97,6.97,2,19,132,
532380,"BABA ARTS LTD.",XT,STK,13.91,13.91,13.91,13.91,13.91,13.25,70,103871,1444845,
532382,"BALAJI TELEFILMS LTD.",B,STK,104.4,109.92,101.85,109.06,108.28,102.36,794,63039,6711050,
532384,"TYCHE INDUSTRIES LTD.",X,STK,116.55,118,112.65,117.45,117.45,112.7,72,5141,596711,
532386,"CALIFORNIA SOFTWARE CO.LTD.",B,STK,13.36,13.84,12.61,12.77,12.65,13.38,50,9100,117371,
532387,"PRITISH NANDY COMMUNICATIONS L",B,STK,23.8,23.85,23.06,23.26,23.08,24.46,27,929,21613,
532388,"INDIAN OVERSEAS BANK",A,STK,36.55,37.1,36.35,36.76,36.76,36.51,2793,785152,28837290,
532390,"TAJGVK HOTELS & RESORTS LTD.",B,STK,343,343,338,338.3,339.7,343,231,2853,971156,
532392,"CREATIVE EYE LTD.",B,STK,6.25,7.61,6.25,6.79,6.8,6.75,7,624,4514,
532395,"AXISCADES TECHNOLOGIES LIMITED",B,STK,1498,1528,1465.35,1470.9,1470,1484.9,750,6320,9436649,
532397,"KONNDOR INDUSTRIES LIMITED",X,STK,17.22,17.22,16.36,16.36,16.36,17.22,7,248,4229,
532398,"USHA MARTIN EDUCATION & SOLUTI",B,STK,4.82,4.82,4.02,4.18,4.18,4.73,100,72813,299979,
532400,"BIRLASOFT LIMITED",A,STK,371.9,387.75,371,383.85,383.85,371.8,3806,176028,67575369,
532402,"USG TECH SOLUTIONS LTD.",X,STK,7.71,8.29,7.4,8.06,8,7.53,100,17657,139011,
532404,"SAVEN TECHNOLOGIES LTD.",X,STK,38.9,39.49,37.05,37.46,37.46,38.12,250,6990,266209,
532406,"AVANTEL LTD.",A,STK,144,148.4,144,146.25,146.75,144.05,881,69204,10116445,
532407,"MOSCHIP TECHNOLOGIES LIMITED",A,STK,195.95,197.85,193.05,195.5,195.5,194.75,1237,88180,17261266,
532408,"SIGMA ADVANCED SYSTEMS LIMITED",B,STK,168,168,157.8,158.4,158.4,166.1,286,18497,2965493,
532410,"TRANSCORP INTERNATIONAL LTD.",X,STK,25,25.65,24.25,25.43,25.48,24.69,54,6981,174919,
532413,"CEREBRA INTEGRATED TECHNOLOGIE",Z,STK,5.14,5.14,4.86,5.05,5.09,5.04,41,33628,164495,
532416,"NEXT MEDIAWORKS LTD.",B,STK,6.5,6.66,5.8,5.8,5.8,5.7,17,2234,13789,
532419,"Smartlink Holdings Limited",B,STK,121.2,121.2,117.55,117.55,117.55,125.1,2,200,23601,
532424,"GODREJ CONSUMER PRODUCTS LTD.",A,STK,1238,1240.8,1229.1,1239.35,1239.35,1237.25,597,6098,7534783,
532425,"GENUS PRIME INFRA LIMITED",XT,STK,25.69,25.95,24.25,25.32,25.94,25.45,53,3092,77820,
532430,"BF UTILITIES LTD.",Z,STK,494,514,493,494.65,501.45,494,31,671,336286,
532432,"UNITED SPIRITS LTD.",A,STK,1388.05,1409.15,1375.5,1389.4,1386.65,1411.85,1108,21513,29929036,
532435,"SANMIT INFRA LIMITED",X,STK,6.99,6.99,6.7,6.72,6.83,6.76,158,18774,126743,
532439,"OLECTRA GREENTECH LIMITED",A,STK,1011.05,1032,1005.6,1010.5,1019.8,1011.95,1191,17880,18149999,
532440,"MPS LTD.",B,STK,1483.1,1550.65,1479.2,1506.55,1501,1483,242,1467,2224043,
532443,"CERA SANITARYWARE LTD.",A,STK,4928.85,4981.95,4910,4943.55,4920.9,4928.95,149,308,1522131,
532444,"T.SPIRITUAL WORLD LTD.",XT,STK,1.62,1.62,1.62,1.62,1.62,1.61,2,492,797,
532454,"BHARTI AIRTEL LTD.",A,STK,1913.65,1934.5,1905.1,1928.5,1928.5,1913.65,25898,482209,925453390,
532455,"SHALIMAR WIRES INDUSTRIES LTD.",X,STK,19,19.13,17.5,18.64,18.64,18.75,41,2337,42946,
532457,"GULSHAN POLYOLS LTD.",B,STK,157.45,159,153.55,155.55,155.9,154.35,210,3068,479081,
532460,"PONNI SUGARS (ERODE) LTD.",B,STK,265.45,268,262.95,265.75,266.7,265.9,50,181,48023,
532461,"PUNJAB NATIONAL BANK",A,STK,130.95,132.7,129.25,130.45,130.45,130.5,6522,4665392,604611415,
532466,"ORACLE FINANCIAL SERVICES SOFT",A,STK,6649.45,6871,6637.4,6857.15,6852.5,6611.4,1026,5451,37156241,
532467,"HAZOOR MULTI PROJECTS LTD.",B,STK,32.87,33.51,31.6,32.03,32.03,32.36,791,370251,12091094,
532468,"KAMA HOLDINGS LIMITED",A,STK,2690.05,2699,2652.5,2680.75,2690,2690.85,57,872,2336882,
532475,"APTECH LTD.",B,STK,87.03,89.14,85.46,86.61,86.05,87.55,215,7167,623274,
532477,"UNION BANK OF INDIA",A,STK,199.7,203.15,197.9,201.55,201.55,199.2,4256,559279,112272151,
532478,"UNITED BREWERIES LTD.",A,STK,1587.6,1597.95,1581,1592.25,1594.3,1587.6,263,1348,2141752,
532481,"NOIDA TOLL BRIDGE COMPANY LTD.",B,STK,3.76,3.95,3.75,3.78,3.85,3.8,39,4325,16704,
532482,"GRANULES INDIA LTD.",A,STK,597.15,601.35,588.7,590.3,590.3,599.9,408,16110,9541358,
532483,"CANARA BANK",A,STK,159.25,162.9,156.65,158.9,158.9,158.65,6857,1587669,253219421,
532485,"BALMER LAWRIE INVESTMENTS LTD.",B,STK,72.1,72.49,72.01,72.45,72.46,72.15,433,46332,3352010,
532486,"POKARNA LTD.",B,STK,922.1,947.5,910.3,919.85,919,922.05,239,2619,2435398,
532488,"DIVIS LABORATORIES LTD.",A,STK,6455,6562.65,6378.1,6470.3,6451,6398.1,2596,13693,88537271,
532493,"ASTRA MICROWAVE PRODUCTS LTD.",A,STK,955,1000.6,954.35,992.1,993,954.3,2596,37990,37544992,
532497,"RADICO KHAITAN LTD.",A,STK,2722,2725,2672,2699,2697.4,2722.3,2011,11981,32261487,
532500,"MARUTI SUZUKI INDIA LTD.",A,STK,15130,15224.4,15048,15213.05,15214,15060.1,2814,10032,151932820,
532503,"RAJAPALAYAM MILLS LTD.",X,STK,817.95,817.95,801,801.35,801,812,17,248,199566,
532504,"NAVIN FLUORINE INTERNATIONAL L",A,STK,6427.75,6500,6418.25,6484.3,6480,6427.75,551,2698,17465329,
532505,"UCO BANK",A,STK,29.59,30.11,29.4,29.82,29.82,29.54,2510,938459,27916536,
532507,"B.A.G.FILMS & MEDIA LTD.",B,STK,5.38,5.49,5.25,5.28,5.28,5.25,38,10578,56158,
532508,"JINDAL STAINLESS LTD.",A,STK,787.45,811,787.45,809.15,809,801.4,669,12009,9625086,
532509,"SUPRAJIT ENGINEERING LTD.",B,STK,447.8,449.35,430,439.2,440,447.7,676,5823,2554197,
532513,"TVS ELECTRONICS LTD.",T,STK,363.1,378.4,363.1,373.4,375,373.5,31,1053,392312,
532514,"INDRAPRASTHA GAS LTD.",A,STK,169.2,172.6,168.4,172.3,172.1,168.9,5898,211872,36313135,
532515,"TV TODAY NETWORK LTD.",B,STK,125.75,126.95,125,125.5,126,126.15,126,2516,316215,
532521,"PALRED TECHNOLOGIES LIMITED",B,STK,35.5,36.18,34.11,34.11,34.11,35.9,19,2339,81371,
532522,"PETRONET LNG LTD.",A,STK,313.75,317.7,312.8,317.05,317.65,313.7,859,32141,10158428,
532523,"BIOCON LTD.",A,STK,393.75,400.9,389.15,394.05,394.05,395.65,2253,139980,55429032,
532524,"PTC INDIA LTD.",A,STK,165.55,166.2,163.5,164.1,163.7,165.65,676,41631,6847169,
532525,"BANK OF MAHARASHTRA",A,STK,74.62,75.86,73.18,75.62,75.62,74.15,14066,3781587,282685963,
532527,"RAMKRISHNA FORGINGS LTD.",A,STK,541.05,549.4,541.05,546.15,543,542.15,255,8707,4757943,
532528,"DATAMATICS GLOBAL SERVICES LTD",B,STK,782,796.05,766.75,775.1,778.9,778.3,540,6492,5052053,
532529,"NEW DELHI TELEVISION LTD.",B,STK,80.61,81.89,80.4,81.34,81.8,80.25,104,8285,673371,
532531,"STRIDES PHARMA SCIENCE LIMITED",A,STK,860,876.15,853.8,862.25,863.1,862.4,205,2988,2580874,
532532,"JAIPRAKASH ASSOCIATES LTD.",T,STK,2.96,3.04,2.91,2.94,2.94,3,481,574380,1698754,
532538,"ULTRATECH CEMENT LTD.",A,STK,13050,13050,12840,12934.1,12937,13042.55,2020,5154,66720468,
532539,"UNO Minda Limited",A,STK,1216.9,1237.25,1193.7,1229.45,1225.3,1216.85,1603,19624,24022996,
532540,"TATA CONSULTANCY SERVICES LTD.",A,STK,2636.2,2670,2634.8,2647.7,2647.7,2629.5,25439,180513,478557989,
532541,"COFORGE LIMITED",A,STK,1222.2,1239.6,1197.25,1199.9,1200,1213.75,8292,166732,202575996,
532543,"GP PETROLEUMS LTD",B,STK,32.15,33,31.64,32.28,31.64,32.61,82,3374,109057,
532548,"CENTURY PLYBOARDS (I) LTD.",A,STK,755.75,765,746.7,762.8,765,755.75,173,2318,1759279,
532553,"WELSPUN ENTERPRISES LIMTED",A,STK,495.5,496.5,490.05,491.85,492.6,496.5,75,1021,504569,
532555,"NTPC LTD.",A,STK,384.95,386,378.3,381.85,381.85,384.9,23821,449207,171733431,
532604,"S.A.L.STEEL LTD.",T,STK,46.5,46.96,46.05,46.96,46.96,46.5,17,4234,196991,
532605,"JBM AUTO LTD.",A,STK,556.8,570.25,554.25,560.35,559.9,556.6,904,17790,9987228,
532610,"DWARIKESH SUGAR INDUSTRIES LTD",B,STK,34.62,36.83,34.62,36.49,36.49,35.03,254,31037,1102788,
532612,"INDOCO REMEDIES LTD.",B,STK,204.15,206.6,203.45,204.3,204.3,202.65,53,2425,496065,
532613,"VIP Clothing Limited",B,STK,21,22.54,20.11,20.44,20.44,20.29,1723,503128,10353595,
532614,"IMPEX FERRO TECH LTD.",Z,STK,1.7,1.7,1.65,1.69,1.69,1.7,10,1117,1847,
532616,"XCHANGING SOLUTIONS LTD.",B,STK,65.2,65.54,64.8,65.45,65,65.02,77,2095,136357,
532624,"JINDAL PHOTO LTD.",B,STK,1325.9,1328.95,1325.9,1325.9,1325.9,1322.55,4,11,14587,
532626,"PONDY OXIDES & CHEMICALS LTD.",B,STK,1174.95,1189.45,1154.35,1161.5,1164,1151.1,627,9340,10973115,
532627,"JAIPRAKASH POWER VENTURES LIMI",A,STK,14.63,14.73,14.42,14.55,14.55,14.69,3454,2161627,31468609,
532628,"3I INFOTECH LTD.",B,STK,14.33,14.33,13.81,13.96,13.93,13.96,141,15145,211083,
532630,"GOKALDAS EXPORTS LTD.",A,STK,697.4,698.85,677.3,680.05,680.5,697.35,1100,21177,14556708,
532633,"Alldigi Tech Limited",B,STK,816.1,826.8,810.1,810.1,810.1,825.4,23,53,43338,
532636,"IIFL FINANCE LIMITED",A,STK,515.55,515.55,501.05,504.8,505.4,509,1189,47220,23836169,
532637,"MANGALAM DRUGS & ORGANICS LTD.",B,STK,28.4,30.09,28.4,29.81,29.59,29.25,99,4808,143465,
532638,"SHOPPERS STOP LTD.",B,STK,321.15,321.15,311.7,315.4,315,321.15,255,3918,1237801,
532640,"CYBER MEDIA (INDIA) LTD.",B,STK,15.25,15.25,14.76,14.76,14.76,14.74,6,391,5803,
532641,"NANDAN DENIM LIMITED",B,STK,2.76,2.79,2.67,2.68,2.68,2.75,311,509727,1377108,
532642,"JSW HOLDINGS LIMITED",A,STK,17087.95,17300,17050,17203.6,17110,17065.25,102,30143,516178644,
532644,"J.K.CEMENT LTD.",A,STK,5605.15,5745,5605.15,5734.3,5738.5,5666.2,523,1496,8524993,
532645,"BEEYU OVERSEAS LTD.",X,STK,2.52,2.52,2.52,2.52,2.52,2.52,7,1565,3943,
532648,"YES BANK LTD.",A,STK,20.74,21.24,20.74,21.03,21.03,20.74,31783,8907008,187041043,
532649,"NECTAR LIFESCIENCES LTD.",B,STK,12.21,12.33,12.01,12.19,12.17,12.28,74,9670,117414,
532650,"MSP STEEL & POWER LTD.",B,STK,31,33.44,31,31.98,31.98,31.4,267,23537,759718,
532651,"SPL INDUSTRIES LTD.",B,STK,30.95,30.95,30.95,30.95,30.95,29.55,1,1,30,
532652,"KARNATAKA BANK LTD.",A,STK,206.55,209.5,204.75,205.85,205.65,206.55,1059,91443,18879461,
532654,"MCLEOD RUSSEL INDIA LTD.",B,STK,41.82,42.49,41.4,41.41,41.4,41.58,108,21191,886444,
532656,"FACOR ALLOYS LTD.",X,STK,2.6,2.67,2.33,2.53,2.53,2.63,274,157924,396241,
532660,"VIVIMED LABS LTD.",B,STK,7.71,7.71,7.48,7.51,7.48,7.7,33,4902,37172,
532661,"RANE (MADRAS) LTD.",B,STK,815,825,805.5,819,825,810,62,251,203550,
532662,"HT MEDIA LTD.",B,STK,22.21,22.33,21.88,22.33,22.33,21.81,17,9375,206743,
532663,"Sasken Technologies Limited",B,STK,1147.9,1162.95,1132.9,1137.5,1136.8,1159.55,54,403,459352,
532666,"FCS SOFTWARE SOLUTIONS LTD.",B,STK,1.61,1.61,1.57,1.58,1.58,1.61,212,192482,305695,
532667,"SUZLON ENERGY LTD.",A,STK,43,43.92,42.88,43.27,43.27,43.2,28706,7018418,304046131,
532668,"AURIONPRO SOLUTIONS LTD.",A,STK,920,920,862.05,864.4,864.4,896.9,681,7174,6321976,
532670,"SHREE RENUKA SUGARS LTD.",A,STK,23.19,24.23,23.13,23.95,23.95,23.12,881,362975,8625971,
532673,"K.M.SUGAR MILLS LTD.",B,STK,24.14,24.75,24.08,24.5,24.75,23.62,91,20118,492504,
532674,"BANNARI AMMAN SPINNING MILLS L",B,STK,22.86,23.7,22.81,23.2,23.2,23.05,99,2914,67353,
532676,"PBA INFRASTRUCTURE LTD.",X,STK,9.95,9.95,9.36,9.78,9.78,9.18,27,2865,27760,
532683,"AIA ENGINEERING LTD.",A,STK,3887.95,3974.95,3887.95,3921.9,3904.5,3909.75,488,20374,79882152,
532684,"EVEREST KANTO CYLINDER LTD.",B,STK,114.95,115.5,112.35,113.35,112.5,114.05,106,5392,612861,
532686,"KERNEX MICROSYSTEMS (INDIA) LT",B,STK,1095.95,1098,1075.15,1081.3,1082.05,1088.7,437,4934,5336108,
532687,"REPRO INDIA LTD.",B,STK,407,416,406.95,407.8,406.95,404.4,14,36,14738,
532689,"PVR INOX LIMITED",A,STK,1036,1038.3,1020,1031.8,1032.8,1036.45,1170,13542,13938483,
532694,"BARTRONICS INDIA LTD.",B,STK,10.75,10.88,10.35,10.47,10.43,10.78,443,69179,733708,
532695,"CELEBRITY FASHIONS LTD.",B,STK,7.23,8.35,7.22,8.3,8.1,7.72,24,4496,36880,
532698,"NITIN SPINNERS LTD.",B,STK,388.2,390,382.35,383.95,382.6,388.15,210,12785,4937569,
532699,"ROYAL ORCHID HOTELS LTD.",B,STK,360,368.1,360,363.25,363.7,362.4,26,233,84943,
532700,"ENTERTAINMENT NETWORK (INDIA)",B,STK,106.55,106.75,105.5,106.25,106.75,105.5,10,289,30601,
532701,"CELLA SPACE LIMITED",Z,STK,13.77,13.77,13.1,13.5,13.5,13.5,5,521,6862,
532702,"GUJARAT STATE PETRONET LTD.",A,STK,305.15,308.5,304.25,305.3,305,304,402,13567,4157406,
532705,"JAGRAN PRAKASHAN LTD.",B,STK,63.4,64,63.01,63.71,64,63.36,222,10000,634070,
532707,"DYNEMIC PRODUCTS LTD.",B,STK,228.5,235.45,225.6,233.95,233.95,227.55,432,25475,5877665,
532708,"GVK POWER & INFRASTRUCTURE LTD",T,STK,2.83,2.9,2.83,2.83,2.83,2.88,212,190918,544340,
532710,"SADBHAV ENGINEERING LTD.",B,STK,11.41,11.41,11.25,11.41,11.41,10.87,320,509928,5813132,
532712,"RELIANCE COMMUNICATIONS LTD.",T,STK,0.93,0.93,0.91,0.91,0.91,0.95,602,755790,691138,
532713,"SAKUMA EXPORTS LTD.",B,STK,1.85,1.87,1.78,1.8,1.79,1.86,211,169705,309778,
532714,"KEC INTERNATIONAL LTD.",A,STK,591,600.7,591,595.05,596,591.9,1248,27738,16517885,
532716,"GILLANDERS ARBUTHNOT & CO.LTD.",B,STK,93.49,94.5,91.19,94.5,94.5,91.05,30,1763,162344,
532717,"INDO TECH TRANSFORMERS LTD.",B,STK,1575.1,1605.75,1539.2,1577.2,1572.9,1559.2,340,1739,2734164,
532719,"B.L.KASHYAP AND SONS LTD.",B,STK,47.94,49.15,47.89,48.25,48.22,47.92,230,30557,1473327,
532720,"MAHINDRA & MAHINDRA FINANCIAL",A,STK,374.95,387.45,373.4,386.85,386.85,378.35,2218,136134,52284410,
532721,"VISA STEEL LTD.",B,STK,36.59,38.95,36.59,38.69,38.69,37.53,13,802,30898,
532722,"NITCO LTD.",B,STK,74.1,77.6,74.1,76.06,76.23,75.46,50,3713,284142,
532725,"SOLAR INDUSTRIES INDIA LTD.",A,STK,13380,13844.95,13380,13742.05,13749.5,13460.35,2256,11423,156857821,
532726,"GALLANTT ISPAT LIMITED",B,STK,572.5,585.45,559.5,582.9,582.9,558.9,600,13547,7830106,
532728,"MALU PAPER MILLS LTD.",B,STK,33.85,33.85,31.4,32.14,32.13,31.7,43,1364,44250,
532729,"UTTAM SUGAR MILLS LTD.",B,STK,190.55,198.85,187,197.5,198.5,188.8,106,6593,1274720,
532730,"STL GLOBAL LTD.",B,STK,12.66,14.23,12.36,13.21,13.25,12.07,115,16681,227768,
532732,"KEWAL KIRAN CLOTHING LTD.",B,STK,507.55,512.25,505.45,512.25,512.25,507.6,16,110,55851,
532733,"SUN TV NETWORK LTD.",A,STK,604.1,615.9,599.35,613.1,612.85,603.75,390,4413,2683799,
532734,"GODAWARI POWER & ISPAT LTD.",A,STK,271,276,270.7,272.15,272,270.8,812,52111,14245949,
532735,"R SYSTEMS INTERNATIONAL LTD.",B,STK,297.85,302.85,291,292.9,291,295,213,25583,7524605,
532737,"EMKAY GLOBAL FINANCIAL SERVICE",B,STK,229.05,243.05,229.05,237.5,243.05,231.45,17,282,66795,
532738,"TwamevConstruction and Infrast",B,STK,25.19,26.15,24.6,26.03,26.1,25.12,320,88996,2305454,
532740,"LOKESH MACHINES LTD.",B,STK,181,184.8,179,184,184,181.95,62,1166,213609,
532741,"Kamdhenu Limited",B,STK,22,23.25,21.49,22.89,23,21.32,1136,204934,4562355,
532742,"PAUSHAK LTD.",B,STK,473,475.45,464,465.85,464.15,464.65,223,1320,619347,
532744,"GTN TEXTILES LTD.",XT,STK,9.88,9.88,9.39,9.39,9.39,9.88,30,4331,41223,
532748,"PRIME FOCUS LTD.",B,STK,273.85,274.35,264.2,267.2,267.2,270.6,2088,208116,56368460,
532749,"ALLCARGO LOGISTICS LTD.",B,STK,8.56,8.66,8.54,8.57,8.58,8.58,471,265781,2287295,
532754,"GMR Airports Limited",A,STK,102.24,102.99,101.56,102.22,102.24,102.24,1641,189433,19356025,
532755,"TECH MAHINDRA LTD.",A,STK,1362.05,1397.15,1360,1361.8,1361.8,1361.8,16915,73260,100841784,
532756,"CIE Automotive India Limited",A,STK,498.7,509.55,487.9,491.85,491.95,498.6,1043,32821,16281761,
532757,"VOLTAMP TRANSFORMERS LTD.",A,STK,8720,9024.85,8720,9005.25,9005.25,8725.55,715,2741,24464926,
532759,"ATLANTAA LIMITED",B,STK,41.07,41.07,40.14,40.16,40.16,39.72,8,270,11037,
532761,"HANDSON GLOBAL MANAGEMENT (HGM",B,STK,56.99,57.7,54.72,55,55,55.01,16,137,7631,
532762,"ACTION CONSTRUCTION EQUIPMENT",A,STK,869.05,916.45,869.05,893.65,894.6,871.05,1109,16262,14649892,
532764,"GEECEE VENTURES LIMITED",B,STK,291.75,293.45,287.85,288.9,287.85,286.65,15,7139,2069840,
532768,"FIEM INDUSTRIES LTD.",B,STK,2307.55,2307.55,2202,2209.15,2209.15,2262,300,1900,4258838,
532771,"JHS SVENDGAARD LABORATORIES LT",B,STK,9.8,9.82,9.5,9.5,9.5,9.7,20,876,8510,
532772,"DCB BANK LIMITED",A,STK,191.35,192.85,187.3,188,188,191.55,1181,46463,8825545,
532773,"GLOBAL VECTRA HELICORP LTD.",B,STK,160.1,167.8,160.1,166,166,162.65,27,111,18170,
532774,"Inspirisys Solutions Limited",T,STK,86,88.99,86,88.99,88.99,88.43,3,23,1980,
532775,"GTL INFRASTRUCTURE LTD.",B,STK,1.11,1.12,1.07,1.08,1.08,1.12,14007,4505769,4935235,
532776,"SHIVAM AUTOTECH LTD.",B,STK,20.21,20.35,19.9,20.01,20.01,20.15,83,2672,53861,
532777,"INFO EDGE (INDIA) LTD.",A,STK,1072.85,1072.85,1038.3,1051.5,1050.95,1043.1,1950,27396,28695469,
532779,"TORRENT POWER LTD.",A,STK,1565,1579,1547.9,1564.75,1564.75,1566.05,2191,20709,32377397,
532780,"PARSVNATH DEVELOPERS LTD.",B,STK,6.5,7.19,6.5,6.87,6.85,6.72,403,3043345,20962567,
532782,"SUTLEJ TEXTILES & INDUSTRIES L",B,STK,30.87,31.97,30.87,31.34,31.3,31.5,493,2247,70430,
532783,"LT FOODS LTD.",A,STK,417.95,417.95,403.55,408.05,408.3,408.1,1112,36046,14777548,
532784,SOBHA,A,STK,1430.95,1472.85,1430.2,1439.85,1433.8,1458.4,558,3265,4731714,
532785,"RUCHIRA PAPERS LTD.",B,STK,106,108.8,105.6,106.95,106.55,106.25,55,1796,192899,
532790,"TANLA PLATFORMS LIMITED",A,STK,443.9,477.35,443.1,469,469,443.05,1940,56411,26395860,
532794,"ZEE MEDIA CORPORATION LIMITED",T,STK,8.4,8.58,8.29,8.41,8.43,8.43,124,54373,459750,
532795,"Siti Networks Ltd.",Z,STK,0.49,0.49,0.49,0.49,0.49,0.49,26,2232,1093,
532796,"LUMAX AUTO TECHNOLOGIES LTD.",A,STK,1726.9,1758,1711.25,1747.1,1738.8,1726.85,1995,22351,38892928,
532797,"AUTOLINE INDUSTRIES LTD.",B,STK,81,81,76,77.03,76,77.9,95,4174,322363,
532798,"NETWORK18 MEDIA & INVESTMENTS",A,STK,33.95,34.51,33.24,33.47,33.47,33.98,1101,4743976,161284265,
532799,"HUBTOWN LTD.",B,STK,205.85,215.8,205.8,211.9,210.4,200.9,583,26931,5715051,
532801,"CAMBRIDGE TECHNOLOGY ENTERPRIS",B,STK,29.35,29.98,27.88,28.14,28.15,28.38,61,1684,47889,
532804,"TECHNOCRAFT INDUSTRIES (INDIA)",B,STK,2286.9,2286.9,2253.8,2261.85,2258.55,2281.55,26,75,170169,
532805,"Redington Limited",A,STK,242.8,245.5,238.5,244.6,245.25,242.7,1842,88584,21485831,
532806,"AI CHAMPDANY INDUSTRIES LTD.",X,STK,27.45,27.45,25.57,27.2,27.2,27.47,23,462,12159,
532807,"CINELINE INDIA LIMITED",B,STK,87.78,87.78,87.39,87.4,87.4,90.49,233,5252,459133,
532808,"PEARL GLOBAL INDUSTRIES LIMITE",A,STK,1565.95,1565.95,1547,1552.75,1553.2,1539.8,118,801,1246834,
532809,"FIRSTSOURCE SOLUTIONS LTD.",A,STK,218.6,226.4,217.2,219.55,219.1,218.6,1784,97183,21491126,
532810,"POWER FINANCE CORPORATION LTD.",A,STK,424.85,426.6,417,420.35,420.1,423.5,2306,247074,103910156,
532811,"AHLUWALIA CONTRACTS (INDIA) LT",B,STK,750.05,774.2,750,759.5,755,755.3,1278,8801,6692529,
532812,"TRANSWARRANTY FINANCE LTD.",B,STK,14.61,14.83,12.93,13.86,13.86,14.55,43,4154,59279,
532814,"INDIAN BANK",A,STK,989.9,998.4,973.85,991.3,991.3,983.6,2366,61745,60963787,
532815,"SMS PHARMACEUTICALS LTD.",B,STK,385,393.9,382.95,389.75,387,381.6,657,13465,5244014,
532817,"ORIENTAL TRIMEX LTD.",B,STK,6.68,6.85,6.66,6.71,6.71,6.66,29,4119,27845,
532820,"E-Land Apparel Limited",XT,STK,15.3,15.36,15.3,15.36,15.36,14.63,14,709,10858,
532822,"VODAFONE IDEA  LIMITED",A,STK,10.73,11.16,10.73,10.85,10.85,10.73,41538,36195082,397126857,
532825,"JAGJANANI TEXTILES LTD.",X,STK,4.15,4.58,4.15,4.58,4.58,4.17,9,335,1408,
532826,"RAJ TELEVISION NETWORK LTD.",B,STK,39.36,39.36,39.36,39.36,39.36,39.01,3,1181,46484,
532827,"PAGE INDUSTRIES LTD.",A,STK,32790,32790,32166.65,32222.05,32166.65,32692.2,219,366,11853573,
532828,"AMD INDUSTRIES LTD.",B,STK,41.7,41.7,41.7,41.7,41.7,41.99,1,1,41,
532829,"LEHAR FOOTWEARS LIMITED",X,STK,231.5,234,228.75,230.8,232,227.1,419,21781,5024986,
532830,"ASTRAL LIMITED",A,STK,1686.95,1693.75,1669.2,1683.9,1685,1682.95,1658,12176,20476511,
532832,"EMBASSY DEVELOPMENTS LIMITED",T,STK,58.79,59.85,58.17,59.36,59.36,58.61,236,89494,5300414,
532834,"Camlin Fine Sciences Ltd",A,STK,139.9,144,138.1,139.15,139,141,381,18368,2586091,
532835,"ICRA LTD.",B,STK,5688,5688,5526.6,5597.6,5591.5,5673.2,69,220,1226809,
532839,"DISH TV INDIA LTD.",B,STK,2.96,3.09,2.87,2.91,2.91,2.97,1022,1026479,3078726,
532841,"SAHYADRI INDUSTRIES LTD.",B,STK,250.05,250.05,250,250,250,249,9,303,75752,
532842,"SREE RAYALASEEMA HI-STRENGTH H",B,STK,478.55,480,475,476,475,478.85,64,355,169315,
532843,"FORTIS HEALTHCARE LTD.",A,STK,931,966,931,964.05,964.05,930.8,5937,153802,147062834,
532845,"TGB BANQUETS AND HOTELS LTD.",B,STK,9.3,9.55,9.22,9.31,9.31,9.69,10,155,1446,
532847,"HILTON METAL FORGING LTD.",B,STK,17.95,18.35,17.23,17.69,17.69,17.97,222,16207,286282,
532848,"DELTA CORP LTD.",A,STK,61.71,62.78,61.71,62.28,62.28,62.17,407,76468,4747267,
532850,"MIC ELECTRONICS LTD.",B,STK,39.01,40,37.91,37.91,37.91,39.9,1294,219291,8455108,
532851,"INSECTICIDES (INDIA) LTD.",B,STK,627,634.85,624,630.15,625.55,630,46,501,316229,
532853,"ASAHI SONGWON COLORS LTD.",B,STK,214,220,210,220,220,210.35,74,1151,246464,
532855,"HARYANA CAPFIN LTD.",X,STK,144,147.95,143.05,145.9,145.9,144.45,35,919,133261,
532856,"TIME TECHNOPLAST LTD.",A,STK,188.4,191.5,186.4,187.6,187.15,188.8,724,44212,8330199,
532859,"HINDUJA GLOBAL SOLUTIONS LTD.",B,STK,383.3,391.65,380.55,388.45,389.45,383,94,3144,1204699,
532864,"NELCAST LTD.",B,STK,116.5,116.9,111.01,112.68,112.98,116.95,236,4453,507120,
532867,"V2 RETAIL LTD.",B,STK,1966.95,1999,1960.9,1979.45,1979.7,1967,444,1297,2573761,
532868,"DLF LTD.",A,STK,611.5,616,604.5,610.85,611.8,611.3,2677,112563,68693065,
532869,"TARMAT LTD.",B,STK,55.76,64.92,55.76,64.92,64.92,54.1,319,42968,2748855,
532870,"ANKIT METAL & POWER LTD.",Z,STK,1.75,1.75,1.63,1.7,1.7,1.68,15,13743,22468,
532872,"SUN PHARMA ADVANCED RESEARCH C",B,STK,127.55,130.75,127.4,128.1,128.05,130.6,417,28998,3751654,
532875,"ALLIED DIGITAL SERVICES LTD.",B,STK,117.4,122.35,117.4,120.85,119.55,118.35,149,4407,528121,
532878,"ALPA LABORATORIES LTD.",B,STK,72.9,72.9,65,65.37,65.37,65.34,30,4963,336381,
532879,"SIR SHADI LAL ENTERPRISES LTD.",X,STK,270,270,252.5,252.5,252.5,260,7,458,123557,
532880,"OMAXE LTD.",B,STK,79.56,79.56,77.69,78.27,78.24,77.41,28,1272,99652,
532884,"REFEX INDUSTRIES LTD.",A,STK,230,230.1,222.5,227.05,227.05,229.3,761,50618,11458179,
532885,"CENTRAL BANK OF INDIA",A,STK,40.51,40.91,39.86,40.43,40.43,40.23,3155,1293707,52243053,
532886,"SEL MANUFACTURING COMPANY LTD.",B,STK,29.42,30,29.42,29.42,29.42,30.96,14,361,10621,
532888,"ASIAN GRANITO INDIA LTD.",B,STK,72.41,75.2,72.37,72.98,72.79,73.59,995,245486,18107940,
532889,"K.P.R.MILL LIMITED",A,STK,923,923,908.45,913.9,919,921.55,557,6706,6115622,
532890,"TAKE SOLUTIONS LTD.",T,STK,45.11,46,43.22,44.43,44.74,45.11,171,20867,925101,
532891,"Puravankara Limited",B,STK,220,220,205,206.7,206.9,214.5,490,11090,2318700,
532892,"MOTILAL OSWAL FINANCIAL SERVIC",A,STK,733.45,740,724,729.7,729.7,733.25,2191,49692,36276321,
532893,"VTM LTD.",X,STK,81,83,79.65,81.43,81.43,82,134,11516,947313,
532894,"INDOWIND ENERGY LTD.",B,STK,9.53,9.53,9.21,9.31,9.21,9.4,299,47285,439877,
532895,"NAGREEKA CAPITAL & INFRASTRUCT",B,STK,25.01,26.99,25.01,26.97,26.97,26.79,5,401,10623,
532896,"MAGNUM VENTURES LTD.",B,STK,21.45,22.72,21.45,21.75,21.75,22.6,65,3888,85998,
532898,"POWER GRID CORPORATION OF INDI",A,STK,307,307.55,301.3,303.5,303.5,307.2,16385,715304,218973418,
532899,"KAVERI SEED COMPANY LTD.",A,STK,804.45,812.5,792,798.5,798.05,804.45,319,5972,4789891,
532900,"PAISALO DIGITAL LIMITED",A,STK,35.3,36.36,35,36.26,36.27,35.26,755,224788,8085213,
532902,"CONSOLIDATED CONSTRUCTION CONS",B,STK,16.05,16.09,15.7,15.94,15.93,15.88,169,41679,665840,
532904,"SUPREME INFRASTRUCTURE INDIA L",Z,STK,83.5,83.5,83.5,83.5,83.5,81,1,1,83,
532906,"MAAN ALUMINIUM LTD.",T,STK,143,143.95,139.6,139.7,139.6,143.25,34,2411,339661,
532907,"IL&FS ENGINEERING AND CONSTRUC",Z,STK,25.35,25.35,25.35,25.35,25.35,24.15,5,752,19063,
532911,"PARLE INDUSTRIES LIMITED",X,STK,7.45,7.84,7.11,7.39,7.38,7.32,303,55057,406485,
532915,"RELIGARE ENTERPRISES LTD.",A,STK,207.2,215.25,207.2,209.35,209.65,207.15,593,35875,7593184,
532916,"BARAK VALLEY CEMENTS LTD.",B,STK,42.17,43,41.54,42.02,42.1,42.17,85,3215,137750,
532918,"RATHI BARS LTD.",X,STK,25.06,25.82,24.25,24.59,24.59,25,63,6077,151261,
532921,"ADANI PORTS AND SPECIAL ECONOM",A,STK,1548.6,1554,1526,1550.6,1550.6,1528.45,15821,59652,91993021,
532922,"EDELWEISS FINANCIAL SERVICES L",A,STK,118.65,120.8,117.05,118.1,118.2,118.3,1128,186485,22143921,
532923,"RENAISSANCE GLOBAL LIMITED",B,STK,131,147.8,128.35,145.5,145.5,128.3,10330,1836447,254886864,
532924,"KOLTE-PATIL DEVELOPERS LTD.",B,STK,377.95,377.95,349.9,355.55,354.9,366.25,381,3839,1365314,
532925,"KAUSHALYA INFRASTRUCTURE DEVEL",B,STK,847.5,893,844.65,892.45,893,847.5,15,237,202156,
532926,"JYOTHY LABS LIMITED",A,STK,260.1,260.75,251.4,254.1,254.1,259.55,765,16833,4292150,
532927,"ECLERX SERVICES LTD.",A,STK,3300.15,3397.3,3294.45,3303.75,3303.75,3298.55,2913,13805,46133106,
532928,"TRANSFORMERS AND RECTIFIERS (I",A,STK,299.05,317.9,297,312,312.3,296.2,6472,461080,142609028,
532929,"BRIGADE ENTERPRISES LTD.",A,STK,714.6,730.75,714.45,715.9,715.3,714.45,533,4466,3213337,
532930,"BGR ENERGY SYSTEMS LTD.",T,STK,326.8,332.3,322.5,328.15,332.25,321.2,129,3083,1008193,
532932,"MANAKSIA LTD.",B,STK,60.41,60.41,59.53,60.3,60.3,59.72,6,155,9297,
532933,"PORWAL AUTO COMPONENTS LTD.",X,STK,56.94,56.94,53,53.44,53.95,53.93,56,6565,353613,
532934,PPAP,B,STK,221,221.45,218.2,220.15,220.15,217.9,27,548,120912,
532935,"ARIES AGRO LTD.",B,STK,334.3,340,329.15,331.2,330,336.55,66,1966,652377,
532937,"KUANTUM PAPERS LTD.",B,STK,89.7,90.18,88.6,90.08,90.08,88.5,21,1308,117089,
532939,"RELIANCE POWER LTD.",A,STK,25.2,25.39,24.9,25.23,25.23,25.54,6652,2922542,73562076,
532940,"J.KUMAR INFRAPROJECTS LTD.",A,STK,547.25,549.9,543.15,546.4,546.35,544.85,450,2850,1555739,
532941,"CORDS CABLE INDUSTRIES LTD.",B,STK,168.8,169.55,167.5,168.05,168.05,167.9,12,576,96554,
532942,"KNR CONSTRUCTIONS LTD.",A,STK,134.3,136.5,132.8,134.45,134.4,134.95,546,35601,4780340,
532944,ONMOBILE,B,STK,51.11,51.52,50.3,51.42,51.06,50.6,100,4337,221139,
532945,"SEPC LIMITED",B,STK,7.81,8.18,7.62,7.71,7.65,7.78,1058,1084075,8546251,
532946,"BANG OVERSEAS LTD.",B,STK,43,43.37,42.06,42.6,42.6,42.22,8,2539,108167,
532947,"IRB INFRASTRUCTURE DEVELOPERS",A,STK,41.15,42.1,40.99,41.58,41.4,41.08,1800,426221,17708308,
532951,"GSS INFOTECH LTD.",B,STK,13.65,14.9,13.65,13.98,14.04,14.34,53,2724,38116,
532952,"NAHAR CAPITAL & FINANCIAL SERV",B,STK,246.9,246.9,236.8,239.05,243.55,240.15,9,11,2671,
532953,"V-GUARD INDUSTRIES LTD.",A,STK,313,317.85,313,315.05,317.25,312.8,204,4928,1557186,
532955,"REC LIMITED",A,STK,354,357.45,351.35,353.85,353.4,353.9,1772,139931,49540674,
532957,"GOKAK TEXTILES LTD.",XT,STK,72.97,72.97,66.5,71.77,71.77,69.99,25,1361,93929,
532966,"TITAGARH RAIL SYSTEMS LIMITED",A,STK,719.45,725.5,708.5,712.7,712.7,719.45,2980,53922,38598402,
532967,"KIRI INDUSTRIES LTD.",A,STK,454.95,458.45,453.25,456,456,453.8,249,15969,7280844,
532974,"ADITYA BIRLA MONEY LTD.",B,STK,133.6,134.35,131.2,132,132,131.6,81,2164,285518,
532975,"TELOGICA LIMITED",X,STK,9.22,10,9.22,9.99,10,9.41,25,1297,12777,
532976,"JAI BALAJI INDUSTRIES LTD.",A,STK,70.41,73.74,68.53,71.99,71.99,68.38,8235,1695212,121543525,
532977,"BAJAJ AUTO LTD.",A,STK,10100.9,10186.6,10030.05,10108.8,10108.8,10098.75,2538,9002,90945102,
532978,"BAJAJ FINSERV LTD.",A,STK,2049.45,2064.4,2027.55,2041.35,2041.35,2049.25,14281,21452,43891044,
532980,"GOKUL REFOILS & SOLVENT LTD.",B,STK,41.64,41.84,40.8,41.49,41.5,41.79,154,6772,280815,
532983,"RPG LIFE SCIENCES LTD.",B,STK,1920.6,1920.6,1881,1910.9,1910.25,1904.7,40,189,359235,
532985,"KOTAK MAHINDRA MUTUAL FUND",A,STK,89.51,91.11,88.7,90.19,89.89,89.8,126,44341,3976852,
532986,"NIRAJ CEMENT STRUCTURALS LTD.",B,STK,28.85,29.95,28.34,29.94,29.94,28.48,85,742,21928,
532989,"BAFNA PHARMACEUTICALS LTD.",B,STK,106.6,111.3,105.6,106.3,105.6,106.6,8,89,9462,
532992,"CHL LTD.",X,STK,31.2,31.2,28.5,28.5,28.5,30.99,48,3926,112209,
532993,"SEJAL GLASS LIMITED",B,STK,606.9,606.9,571.2,578.5,582,601.2,132,1380,808646,
532994,"ARCHIDPLY INDUSTRIES LTD.",B,STK,86.68,87.24,82.02,84.63,87.24,82.25,6,14,1167,
532998,"Lotus Eye Hospital And Institu",B,STK,110.1,110.1,109,109,109,109.4,6,112,12220,
533001,"SOMI CONVEYOR BELTINGS LTD.",B,STK,107.5,107.7,107.5,107.5,107.5,107.7,4,220,23651,
533007,"LGB FORGE LTD.",X,STK,6.93,6.93,6.7,6.82,6.8,6.9,135,31934,217325,
533012,"LANDMARK PROPERTY DEVELOPMENT",B,STK,5.85,6.4,5.85,6.35,6.37,6.01,26,922,5742,
533014,"SICAGEN INDIA LTD.",X,STK,55.4,55.4,53.25,53.38,53.98,53.53,43,7818,418921,
533019,"SIMPLEX PAPERS LTD.",X,STK,1448.75,1448.75,1446,1446,1446,1448.75,7,39,56410,
533022,"20 MICRONS LTD.",B,STK,172.2,177.9,172.2,177.15,176.4,174.75,110,3585,630159,
533023,"ZF Commercial Vehicle Control",A,STK,15889.95,15889.95,15277.15,15527.95,15500,15484.2,80,116,1794503,
533029,"ALKALI METALS LTD.",B,STK,69.5,71.23,66,66.5,66.5,67.23,59,451,30349,
533033,"ISGEC HEAVY ENGINEERING LTD.",A,STK,900.95,909,885.55,895.45,895.95,900.9,750,2931,2623064,
533047,"INDIAN METALS & FERRO ALLOYS L",B,STK,1268.7,1290,1263.8,1271.15,1268.75,1268.65,351,3057,3898120,
533048,"Teamo Productions HQ Limited",B,STK,0.59,0.6,0.57,0.59,0.59,0.58,47,248718,146546,
533056,"VEDAVAAG SYSTEMS LTD.",X,STK,20.5,20.5,20,20.09,20.01,20.2,102,36194,728242,
533080,"MOLD-TEK PACKAGING LIMITED",B,STK,557.1,573.7,557.1,571.95,571.95,562.35,56,782,443319,
533088,"MAHINDRA HOLIDAYS & RESORTS IN",B,STK,282.85,284.05,280.2,281.55,281.55,282.8,211,3603,1013636,
533090,"EXCEL REALTY N INFRA LTD.",B,STK,1.11,1.15,1.1,1.12,1.12,1.13,172,845196,946682,
533093,"RAJ OIL MILLS LTD.",B,STK,43,44.06,42.71,43,43,42.81,51,26374,1136999,
533095,"BENGAL & ASSAM COMPANY LTD.",B,STK,6256.6,6299,6225,6261.75,6299,6225.5,150,540,3378141,
533096,"ADANI POWER LTD.",A,STK,140.6,142,140.5,141.4,141.4,140.5,2435,388318,54827923,
533098,"NHPC LTD.",A,STK,75.51,76.15,74.9,75.74,75.74,75.66,2169,233066,17598907,
533100,"PREMIER ENERGY AND INFRASTRUCT",X,STK,7.21,7.95,7.21,7.59,7.59,7.58,43,17082,128433,
533101,"SURYAAMBA SPINNING MILLS LTD.",X,STK,121.25,137.85,121.25,128.75,129.45,127.85,10,70,9059,
533104,"GLOBUS SPIRITS LTD.",B,STK,914.65,925,895.55,897.5,896,914.65,327,1765,1598136,
533106,"OIL INDIA LTD.",A,STK,470.3,477.25,469.7,473.45,471.7,470.2,1220,77795,36912371,
533108,"BHILWARA TECHNICAL TEXTILES LT",X,STK,37.21,37.21,33.6,34.37,34.7,36.34,90,7864,271411,
533110,"SHREE PRECOATED STEELS LTD.",X,STK,14.12,14.12,14.12,14.12,14.12,13.45,3,20,282,
533121,"EXPLEO SOLUTIONS LIMITED",B,STK,772.05,784.7,765,766.5,765,768.95,179,983,757597,
533122,"RATTANINDIA POWER LTD.",A,STK,8.32,8.5,8.23,8.3,8.3,8.38,10862,979115,8149972,
533137,"DEN NETWORKS LTD",B,STK,28.5,28.5,27.15,27.43,27.65,27.75,145,33875,940406,
533138,"ASTEC LIFESCIENCES LIMITED",B,STK,610.1,634.05,610.1,624.75,625,619.7,55,1446,905546,
533146,"D-LINK (INDIA) LTD",B,STK,420,420,406.35,409.2,409.15,412.65,187,3278,1344094,
533148,"JSW ENERGY LTD",A,STK,489.25,506.45,489.25,498.5,497,489.7,2147,86365,43205087,
533149,"Yunik Managing Advisors Limite",X,STK,7.2,7.73,6.1,6.46,6.5,6.7,29,7357,53543,
533150,"GODREJ PROPERTIES LTD",A,STK,1700.2,1808,1700.2,1796.55,1800,1799.95,3081,28913,51700828,
533151,"D B CORP LTD",B,STK,227.45,230,223.8,230,230,227.45,59,1570,355340,
533152,"MBL Infrastructure Ltd",B,STK,26.85,27.35,25.25,25.81,26.45,26.99,106,6549,170305,
533155,"JUBILANT FOODWORKS LTD",A,STK,519.95,524.85,510.8,516,516,518.2,1572,35642,18446680,
533156,"VASCON ENGINEERS LTD",B,STK,39.7,39.7,38.25,38.59,38.59,39.58,213,18981,732720,
533158,"THANGAMAYIL JEWELLERY LTD",A,STK,3833,3935.95,3787.55,3908.2,3896.3,3833,2212,12484,48298925,
533160,"VALOR ESTATE LIMITED",A,STK,110.2,116.9,110.2,111.9,112.15,111.95,587,55387,6256626,
533161,"EMMBI INDUSTRIES LTD",B,STK,91.5,92.5,89.2,90.06,90.06,91.5,27,1925,173872,
533162,"HATHWAY CABLE & DATACOM LTD",B,STK,10.66,11.02,10.6,10.85,10.85,10.61,240,234743,2530808,
533164,"TEXMO PIPES & PRODUCTS LTD.",B,STK,49,49,44.91,45.07,45.34,45.1,45,2093,94934,
533166,"SUNDARAM MULTI PAP LTD.",B,STK,1.57,1.57,1.54,1.54,1.54,1.54,30,18997,29364,
533167,"COROMANDEL ENGINEERING COMPANY",XT,STK,85.5,87.9,80.88,84,84,84.4,22,2916,250215,
533168,"ROSSELL INDIA LTD.",B,STK,45.75,47.68,44.72,47.52,47.29,45.99,219,3645,169165,
533169,"MAN INFRACONSTRUCTION LTD.",A,STK,106.4,111,106.4,108.05,107.2,106.3,236,10650,1161676,
533170,"TAMBOLI INDUSTRIES LIMITED",X,STK,153,155,149.9,155,155,154.95,25,3976,602691,
533172,"INVESCO India Gold Exchange Tr",E,STK,13712,13849.99,13663,13830,13830,13818,82,125,1721532,
533177,"IL&FS TRANSPORTATION NETWORKS",Z,STK,2.48,2.51,2.45,2.45,2.45,2.45,14,24566,60527,
533179,"PERSISTENT SYSTEMS LTD.",A,STK,4770.05,4934.7,4750,4776,4776,4731.55,8542,69115,334346993,
533181,"INTRASOFT TECHNOLOGIES LTD.",B,STK,73.5,74,70.95,72.89,72.89,72.75,75,1327,97268,
533192,"KCP SUGAR & INDUSTRIES CORPORA",B,STK,21.75,23,21.75,22.77,23,22.12,58,4170,93968,
533193,"KIRLOSKAR ELECTRIC COMPANY LTD",B,STK,90.45,94,89.29,90.08,89.72,89.06,250,15138,1380296,
533202,"SATCHMO HOLDINGS LIMITED",X,STK,3.58,3.66,3.46,3.5,3.5,3.55,106,74872,263794,
533203,"TARAPUR TRANSFORMERS LTD",B,STK,27.4,27.4,25.26,25.87,26.26,26.1,14,1191,30632,
533206,"SJVN LTD",A,STK,75.01,75.09,73.67,74.02,74.02,75.17,2840,282687,21025799,
533208,"EMAMI PAPER MILLS LTD.",B,STK,87.85,88.14,86.3,86.48,86.48,85.05,15,74,6482,
533210,"KRITI NUTRIENTS LTD",B,STK,69,69.5,68.3,68.71,68.71,68.64,29,773,53121,
533212,"GKB OPHTHALMICS LTD.",X,STK,63.01,63.01,61.1,61.1,61.1,64.27,13,114,7036,
533217,"HINDUSTAN MEDIA VENTURES LTD.",B,STK,67.5,74.9,67.5,69.78,69.73,70.3,8,402,29383,
533227,"ASIAN HOTELS (EAST) LTD.",B,STK,160.7,160.7,160.7,160.7,160.7,152.15,60,110,17677,
533229,"BAJAJ CONSUMER CARE LIMITED",B,STK,396.7,403.85,394.55,402.75,403,396.65,516,19632,7829470,
533230,"HDFC MUTUAL FUND - HDFC GOLD E",E,STK,135.3,135.95,134.29,135.01,135.1,136.01,1168,152941,20680046,
533239,"PRAKASH STEELAGE LTD.",B,STK,4.63,4.63,4.35,4.44,4.44,4.42,31,12024,52932,
533244,"ICICI Prudential Gold ETF",E,STK,135.65,136.34,134.51,134.94,134.94,136.47,2245,225364,30548973,
533248,"GUJARAT PIPAVAV PORT LTD.",A,STK,178.25,180.85,178.15,178.95,179,178.35,801,48242,8657630,
533252,"WELSPUN INVESTMENTS AND COMMER",B,STK,1333.25,1333.25,1223.05,1223.05,1223.05,1242,3,4,5002,
533257,"INDOSOLAR LTD.",T,STK,359,363.65,346.15,351.95,351.95,362.2,218,13555,4815356,
533259,"Sastasundar Ventures Limited",B,STK,283.6,284.75,275.95,280.35,279.65,283,34,280,78494,
533260,"CP CAPITAL LIMITED",B,STK,90,91.89,89.95,90.99,90.99,90,49,3388,305981,
533262,"RAMKY INFRASTRUCTURE LTD.",B,STK,465.7,465.7,459.45,459.45,459.45,463.7,32,857,397065,
533263,"ORIENT GREEN POWER COMPANY LTD",B,STK,9.86,9.96,9.81,9.87,9.87,9.85,428,246263,2433096,
533267,"CANTABIL RETAIL INDIA LTD.",B,STK,270.95,272.9,266.75,268.35,267.1,271.15,81,1019,275282,
533269,"VA TECH WABAG LTD.",A,STK,1269.95,1274.4,1252.8,1259.6,1263.7,1254.55,699,8801,11125432,
533270,"BEDMUTHA INDUSTRIES LTD.",T,STK,134.55,134.55,134.55,134.55,134.55,141,1,40,5382,
533271,"ASHOKA BUILDCON LTD.",A,STK,137.9,141.55,136.7,138.8,138.8,137.85,602,70619,9819052,
533272,"JUPITER WAGONS LIMITED",A,STK,278.15,282.9,276.45,277.9,277.9,277.7,1876,85990,24006559,
533273,"OBEROI REALTY LTD.",A,STK,1519.6,1547.5,1504.85,1543.4,1543.4,1519.4,973,7146,10911920,
533274,"PRESTIGE ESTATES PROJECTS LTD.",A,STK,1419,1440,1411.65,1427.1,1426.45,1420.4,1145,6059,8649098,
533275,"SHAH METACORP LIMITED",B,STK,4.83,4.9,4.77,4.84,4.85,4.8,120,159683,770145,
533278,"COAL INDIA LTD.",A,STK,439.8,439.8,429.35,433.65,433.5,438.45,5561,275177,119380231,
533282,"GRAVITA INDIA LTD.",A,STK,1600.05,1655.85,1600,1625.55,1620.2,1594.1,2037,13311,21653202,
533284,"RPP INFRA PROJECTS LTD.",B,STK,77.81,78.48,76.75,76.86,76.87,77.55,79,1480,114210,
533285,"RDB INFRASTRUCTURE AND POWER L",X,STK,50.35,50.67,46,47.35,47.35,49.29,926,311773,14820242,
533286,"MOIL LTD.",A,STK,307.5,311.1,305.2,308.1,308.1,307.4,1214,41512,12800573,
533287,"ZEE LEARN LTD.",B,STK,5.51,5.7,5.4,5.47,5.5,5.47,185,33260,181477,
533289,"KESAR TERMINALS & INFRASTRUCTU",X,STK,68.9,70.99,66.35,66.6,66.6,66.95,33,8704,583444,
533292,"A2Z INFRA ENGINEERING LIMITED",B,STK,17.79,19.18,16.81,18.8,19,17.44,618,237848,4436746,
533293,"KIRLOSKAR OIL ENGINES LTD.",A,STK,1404.5,1425.4,1382.5,1398.6,1391.15,1404.35,731,12594,17721828,
533294,"RAVI KUMAR DISTILLERIES LTD.",B,STK,19.3,19.3,19,19.08,19.08,19.14,25,1046,19956,
533295,"PUNJAB & SIND BANK",B,STK,25.81,26.28,25.7,26.19,26.19,25.69,665,305148,7928925,
533298,"SURANA SOLAR LTD.",B,STK,23.35,23.58,22.8,23.24,23.13,22.81,85,2577,59473,
533301,"SHEKHAWATI INDUSTRIES LIMITED",B,STK,12.19,12.98,12.19,12.75,12.75,12.32,14,1803,22790,
533302,"KALYANI INVESTMENT COMPANY LTD",B,STK,5097,5150.95,5003.1,5076.85,5003.1,5082.85,65,100,510571,
533303,"BF INVESTMENT LTD.",B,STK,406.05,412,405.9,405.9,405.9,405.8,19,136,55496,
533306,"SUMMIT SECURITIES LTD.",B,STK,1700,1700,1671.9,1671.9,1671.9,1691.3,37,285,482043,
533315,"INNOVASSYNTH TECHNOLOGIES (IND",X,STK,78,78,75.25,75.83,76.25,75.98,63,2427,183465,
533316,"STEL HOLDINGS LIMITED",B,STK,480.1,509.85,480.1,508.6,509.85,489.9,65,350,172268,
533326,"TEXMACO RAIL & ENGINEERING LTD",A,STK,106.4,107.5,105,105.55,105.55,106.4,595,44235,4697535,
533329,"INDIAN TERRAIN FASHIONS LTD.",B,STK,32.23,32.23,31.5,31.54,31.5,32,48,763,24348,
533333,"FINEOTEX CHEMICAL LTD.",B,STK,23.95,24.07,23.61,23.72,23.66,23.8,836,178545,4242630,
533336,"DHUNSERI INVESTMENTS LTD.",B,STK,969.3,969.3,964.6,966.95,964.6,983.6,2,2,1933,
533339,"ZEN TECHNOLOGIES LTD.",A,STK,1338,1365.7,1338,1355.8,1348,1339.9,1036,20937,28348772,
533343,"LOVABLE LINGERIE LTD.",B,STK,74.79,76,74.79,75,75,74.34,66,1406,105678,
533344,"PTC INDIA FINANCIAL SERVICES L",B,STK,31.17,31.21,30.52,30.73,31.04,31.02,221,38229,1176606,
533385,"MOTILAL OSWAL MOST SHARES NASD",E,STK,229.94,232.34,226.57,227.24,227.24,229.72,970,57455,13234411,
533398,"MUTHOOT FINANCE LTD.",A,STK,3505,3505,3398.25,3438.15,3438.15,3504.3,2587,22121,76113977,
533407,"TRUE GREEN BIO ENERGY LIMITED",X,STK,70,82,67.2,75.6,74.75,69.99,623,98942,7411971,
533408,"Aditya Birla Sun Life Mutual F",E,STK,136.45,139.83,136.45,138.63,138.92,139.95,164,13784,1918643,
533427,"VMS INDUSTRIES LTD.",X,STK,26.94,26.94,25.26,25.47,26.08,25.82,159,13554,350142,
533451,"KARMA ENERGY LTD.",B,STK,44.56,46.95,42.66,42.89,42.66,44.88,12,51,2263,
533452,"DELPHI WORLD MONEY LIMITED",B,STK,13.65,13.7,13.2,13.35,13.35,13.35,59,15159,204714,
533470,"RUSHIL DECOR LTD.",B,STK,18.45,18.45,17.5,17.52,17.7,18.1,134,24772,440373,
533477,"ENKEI WHEELS (INDIA) LTD.",X,STK,450.95,475,450.95,457.65,460,448.7,85,2709,1258188,
533482,"KRIDHAN INFRA LIMITED",B,STK,3.44,3.48,3.31,3.46,3.47,3.44,11,1436,4971,
533506,"INVENTURE GROWTH & SECURITIES",B,STK,1.1,1.12,1.09,1.09,1.11,1.11,70,57694,63655,
533519,"L&T Finance Limited",A,STK,304.15,304.15,296.45,300,300,303.4,3451,209006,62838767,
533520,"Indiabulls Limited",B,STK,8.94,9.94,8.94,9.48,9.44,9.1,509,359096,3448295,
533540,"TREE HOUSE EDUCATION & ACCESSO",B,STK,9.21,10.6,8.83,10.21,10.24,9.03,295,26987,274931,
533543,"BROOKS LABORATORIES LTD.",B,STK,69.37,69.37,67.15,69.17,69.17,68.65,157,4851,329825,
533552,"RUPA & COMPANY LTD.",B,STK,137.55,141,137.55,140.55,140.2,138.45,110,3377,472871,
533553,"T D POWER SYSTEMS LTD.",A,STK,881,890.4,876.8,881.85,880.05,878,1338,24764,21864927,
533570,"AXIS MUTUAL FUND - AXIS GOLD E",E,STK,130.75,132.79,130.75,131.67,131.93,132.83,428,34984,4620986,
533573,"ALEMBIC PHARMACEUTICALS LTD.",A,STK,736.25,749.3,725.45,728.95,728.95,738.4,512,2795,2061769,
533576,"VASWANI INDUSTRIES LTD.",B,STK,60.98,61.45,59.86,61.17,61.16,60.68,41,2973,179121,
533581,"PG ELECTROPLAST LTD.",A,STK,620.05,632,619.85,624.45,625,621.8,1639,52912,33087972,
533602,"LESHA INDUSTRIES LTD.",X,STK,0.78,0.79,0.75,0.76,0.76,0.76,145,93754,71920,
533605,"SETUBANDHAN INFRASTRUCTURE LIM",Z,STK,0.41,0.43,0.39,0.42,0.42,0.41,18,8417,3483,
533608,"RDB RASAYANS LTD.",X,STK,163,166,162,162.3,162.9,162.7,38,1636,267063,
533629,"TIJARIA POLYPIPES LTD.",T,STK,4.35,4.59,4.35,4.58,4.58,4.38,26,6533,29319,
533632,"ONELIFE CAPITAL ADVISORS LTD.",B,STK,15.75,16.1,15.75,15.97,16.09,15.55,28,9682,154054,
533638,"FLEXITUFF VENTURES INTERNATION",B,STK,10,10,9.7,9.83,9.84,10.77,11,313,3059,
533644,"UJAAS ENERGY LIMITED",B,STK,188.55,195.85,187.35,187.35,187.35,197.2,11,503,94729,
533655,"TRIVENI TURBINE LTD.",A,STK,494.2,499.55,489.85,495.75,495.5,494.15,1318,19761,9762021,
533676,"INDO THAI SECURITIES LTD.",B,STK,270,275.75,260.85,273.05,268.65,262.75,733,36254,9740190,
533704,"ESSAR SHIPPING LTD.",B,STK,25.97,26.31,25.6,25.91,26.06,26.15,90,7154,185685,
533719,"IDBI MUTUAL FUND - IDBI GOLD E",E,STK,14312.92,14312.92,14112,14157.32,14112,14293.05,56,74,1054728,
533758,"APL APOLLO TUBES LTD.",A,STK,2210.15,2248,2201,2226.25,2221.8,2230.7,1201,9003,20016047,
533761,"GPT INFRAPROJECTS LTD.",B,STK,126.1,130.2,123.15,124.1,123.15,124.3,230,12326,1560146,
533896,"FERVENT SYNERGIES LTD.",X,STK,20.39,20.39,19.95,19.95,19.95,19.63,3,6,121,
533941,"THOMAS SCOTT (INDIA) LIMITED",B,STK,315,317.95,312.1,312.35,312.1,310.05,53,88,27589,
533982,"TERA SOFTWARE LTD.",B,STK,372.35,392,367.3,367.95,369.6,386.6,212,4330,1627573,
534060,"PMC FINCORP LIMITED",X,STK,1.95,2.05,1.87,1.97,1.96,1.91,707,1510056,2981050,
534063,"FUTURISTIC SOLUTIONS LTD.",X,STK,43.9,43.9,41.98,41.98,41.98,41,2,6,253,
534064,"ALLIANCE INTEGRATED METALIKS L",X,STK,1.58,1.59,1.52,1.55,1.55,1.55,199,177055,273165,
534076,"RHI MAGNESITA INDIA LIMITED",A,STK,435.45,444.95,432.35,439.25,435.25,435.35,403,12244,5376434,
534091,"MULTI COMMODITY EXCHANGE OF IN",A,STK,2449.4,2468,2379.1,2457.9,2457.9,2449.4,14218,333578,811379287,
534139,"SCHNEIDER ELECTRIC INFRASTRUCT",T,STK,861.1,901,861.1,897,901,871.05,240,6337,5611660,
534190,"OLYMPIC CARDS LTD.",X,STK,2.95,2.95,2.86,2.9,2.9,2.95,22,9811,28818,
534309,"NBCC (India) Limited",A,STK,94.26,95.44,93.13,94.04,94.04,94.57,2682,405493,38231022,
534312,"MT EDUCARE LTD.",T,STK,1.53,1.53,1.49,1.49,1.49,1.47,4,281,422,
534328,"HEXA TRADEX LTD.",B,STK,160.05,160.05,159.3,159.3,159.3,159,4,43,6878,
534338,"Max heights Infrastucture Ltd",X,STK,13.99,13.99,10.36,11.86,12.47,11.75,77,59069,706501,
534369,"TRIBHOVANDAS BHIMJI ZAVERI LTD",B,STK,146,150.2,146,146.5,147.7,148,324,29462,4359645,
534392,"VARDHMAN SPECIAL STEELS LTD.",B,STK,245.75,260,245.75,258.9,260,249.9,67,1496,379691,
534422,"LOOKS HEALTH SERVICES LIMITED",XT,STK,10.11,10.11,10.11,10.11,10.11,10.31,29,33109,334731,
534425,"SPECIALITY RESTAURANTS LTD.",B,STK,101.8,103.95,101.8,103.6,103.6,101.8,26,672,69069,
534597,"RATTANINDIA ENTERPRISES LIMITE",A,STK,29.9,30.75,29.87,30.12,30.27,29.84,781,210718,6341862,
534598,"Sampann Utpadan India Limited",B,STK,30.5,30.5,29,29.07,29,30.5,22,6410,186471,
534600,"JTL INDUSTRIES LIMITED",B,STK,63.95,64.45,63.01,63.71,63.55,63.85,140,20048,1281787,
534612,"ADVANCE METERING TECHNOLOGY LT",X,STK,17.48,18.49,17.48,18.3,18.29,17.4,34,2493,44684,
534615,"NORTH EASTERN CARRYING CORPORA",B,STK,14.01,14.83,13.51,14.1,14.1,14.2,16,667,9594,
534618,"WAAREE RENEWABLE TECHNOLOGIES",A,STK,839.95,850,835.6,842.1,842,839.4,1829,36114,30429194,
534623,"JUPITER INFOMEDIA LTD.",X,STK,43.75,43.75,43,43,43,43.75,19,6023,259411,
534639,"VINAYAK POLYCON INTERNATIONAL",X,STK,23.4,23.4,22.35,22.35,22.35,22.35,7,661,14841,
534674,"Ducon Infratechnologies Ltd",B,STK,3.2,3.4,3.16,3.2,3.2,3.31,408,410245,1325657,
534675,"PROZONE REALTY LIMITED",B,STK,49.78,51.18,49.77,50.65,50.56,49.77,18,1929,97169,
534680,"SRG HOUSING FINANCE LTD.",B,STK,277.25,280,258.8,261.4,264,260.05,6,43,11948,
534691,"COMFORT COMMOTRADE LTD.",X,STK,14.72,14.72,13.66,13.98,14.4,14.31,95,5916,83461,
534708,"SHANTI GURU INDUSTRIES LIMITED",MT,STK,8.01,8.01,8,8,8,8.4,3,9000,72030,
534732,"CASPIAN CORPORATE SERVICES LIM",X,STK,36.99,36.99,35.05,35.13,35.98,35.46,89,6698,235745,
534733,"Aerpace Industries Limited",XT,STK,25.15,25.85,24.3,24.78,24.78,25.5,272,108249,2704202,
534741,"VIRTUAL GLOBAL EDUCATION LTD.",X,STK,0.54,0.55,0.51,0.52,0.52,0.54,159,129674,68065,
534742,"ZUARI AGRO CHEMICALS LTD.",B,STK,224.75,227.85,222.35,223.45,223.45,224.35,190,2902,651650,
534748,"STEEL EXCHANGE INDIA LTD.",B,STK,7.79,8.39,7.76,8.33,8.25,7.92,609,140301,1136959,
534755,"TRIO MERCANTILE & TRADING LTD.",X,STK,0.98,1.06,0.98,0.98,0.98,0.97,41,414844,408020,
534758,"CIGNITI TECHNOLOGIES LTD.",A,STK,1210,1222.3,1182.95,1185.6,1186,1199.15,125,818,982153,
534796,"CDG PETCHEM LIMITED",XT,STK,100.05,109,98.9,102.05,100.6,104.1,30,2579,263658,
534804,"CARE Ratings Limited",A,STK,1613,1650.15,1599.1,1614.6,1613.6,1612.65,177,580,941647,
534809,"PC JEWELLER LTD.",A,STK,10.02,10.24,10.02,10.04,10.04,10.09,1457,1848809,18658426,
534816,"INDUS TOWERS LIMITED",A,STK,463.95,463.95,455.5,461.55,461.45,461.05,1042,48886,22500700,
534920,COVIDH,XT,STK,37.2,37.2,37.2,37.2,37.2,36.48,2,2,74,
534976,"V-MART RETAIL LTD.",A,STK,570.9,579.75,570.9,575.8,573,570.9,204,3435,1976117,
535136,"NIBE LIMITED",B,STK,1045.95,1055.2,1020.35,1028.65,1021.95,1041.45,199,1722,1779156,
535204,"Mukta Agriculture Limited",X,STK,2.66,2.66,2.62,2.62,2.62,2.71,14,1973,5215,
535205,"Mystic Electronics Limited",X,STK,3,3.28,2.9,3.28,3.28,3,29,11271,35009,
535267,"COMFORT FINCAP LTD.",X,STK,7.8,7.96,7.34,7.79,7.79,7.91,171,66167,505778,
535276,"SBI MUTUAL FUND - SBI ETF SENS",A,STK,918.7,918.7,906.48,909.17,913.9,911.22,1266,4772,4349818,
535322,"REPCO HOME FINANCE LTD.",B,STK,385.25,385.25,381,383.65,383.7,385.05,136,4003,1534076,
535387,"LAKHOTIA POLYESTERS (INDIA) LT",X,STK,58,58,55.85,57.83,57.83,58.64,17,1622,93667,
535431,"GCM SECURITIES LTD",B,STK,0.68,0.68,0.66,0.67,0.67,0.67,102,82704,55240,
535458,"NRB INDUSTRIAL BEARINGS LTD.",B,STK,31.35,31.4,31.35,31.35,31.35,31.02,17,437,13701,
535514,"PRIME CAPITAL MARKET LTD.",X,STK,5.63,5.63,5.63,5.63,5.63,5.37,1,2,11,
535566,"KIFS FINANCIAL SERVICES LTD.",X,STK,112.75,112.75,112.75,112.75,112.75,113.1,1,1500,169125,
535601,"SREELEATHERS LTD.",B,STK,202.45,202.45,202.4,202.4,202.4,202.35,2,2,404,
535602,"SHARDA MOTOR INDUSTRIES LTD",B,STK,952.75,966.8,949.75,954.6,955.3,958.35,108,641,612009,
535620,"BINNY MILLS LTD.",X,STK,310.5,310.5,310.5,310.5,310.5,295.75,6,190,58995,
535621,"S V GLOBAL MILL LTD.",X,STK,124.9,131,124.9,125,125,124.9,7,76,9792,
535648,"JUST DIAL LTD.",A,STK,575.5,588.1,575.5,578.35,577.9,575.4,238,3740,2171867,
535657,"OBJECTONE INFORMATION SYSTEMS",XT,STK,8,8,7.99,7.99,7.99,7.75,4,171,1366,
535693,"BRAHMAPUTRA INFRASTRUCTURE LTD",X,STK,175.35,178.9,167,170.9,171.6,175.35,549,47387,8142935,
535719,"AMPVOLTS LIMITED",X,STK,22.41,23.64,22,23.63,23.63,22.52,82,10407,240833,
535730,"KHOOBSURAT LTD",X,STK,0.6,0.61,0.58,0.6,0.6,0.6,297,1039053,616526,
535754,"ORIENT CEMENT LTD",A,STK,157.35,158.85,157,157.8,157.5,157.55,297,10621,1674340,
535755,"Aditya Birla Fashion and Retai",A,STK,69.01,69.89,68.25,68.5,68.29,68.91,996,96175,6610934,
535789,"Sammaan Capital Limited",A,STK,157.95,158.15,153,153.7,153.7,158.35,5629,483314,75189517,
535910,"MONEY MASTERS LEASING & FINANC",B,STK,0.82,0.84,0.77,0.78,0.81,0.82,140,182973,144844,
535916,"ALACRITY SECURITIES LTD",B,STK,60.05,61.8,55.5,59.24,59.24,60,112,11556,677077,
535958,"Integra Essentia Limited",B,STK,1.28,1.33,1.28,1.31,1.31,1.29,143,220537,286573,
536073,"JULIEN AGRO INFRATECH LIMITED",X,STK,1.97,2.03,1.97,2,2,2,122,41581,83199,
536264,"TIGER LOGISTICS (INDIA) LTD",B,STK,32.49,32.49,31.75,32.04,32.22,32.07,211,10756,345271,
536493,"JK AGRI GENETICS LTD",X,STK,319.05,335.9,319.05,322.3,322,318.55,42,248,81067,
536507,"FUTURE LIFESTYLE FASHIONS LTD",Z,STK,1.19,1.19,1.16,1.18,1.19,1.19,10,2332,2742,
536565,"NOVELIX PHARMACEUTICALS LIMITE",X,STK,64.75,64.8,62.55,62.86,63.4,60,41,4578,291993,
536659,"PVV Infra Limited",X,STK,4.95,4.95,4.79,4.84,4.85,4.88,512,670202,3244701,
536672,"VCU DATA MANAGEMENT LTD",X,STK,6.31,6.69,6.31,6.31,6.31,6.55,19,4132,26237,
536709,"IND Renewable Energy Ltd",Z,STK,11.79,12.2,11.68,12.13,12.13,11.89,41,17094,205835,
536773,"JINDAL POLY INVESTMENT AND FIN",B,STK,1284.95,1293.45,1255,1284.65,1283.55,1283.6,109,728,932603,
536846,"YURANUS INFRASTRUCTURE LTD",XT,STK,154.95,154.95,154.95,154.95,154.95,148.85,1,1,154,
536960,"MOTILAL OSWAL MUTUAL FUND - MO",B,STK,64.2,64.58,64.07,64.47,64.46,64.05,100,21448,1377110,
536974,"CAPTAIN POLYPLAST LTD",X,STK,72.5,72.9,71.01,72.68,72.68,72.35,99,23420,1685828,
537007,"ICICI Prudential Nifty ETF",B,STK,287.46,288.17,286.35,287.26,287.3,287.4,556,7486,2150884,
537008,"ICICI Prudential Nifty 100 ETF",B,STK,29.05,29.54,28.93,29.09,29.09,29.35,35,1485,43540,
537069,"ARNOLD HOLDINGS LTD",X,STK,12.55,12.76,12.33,12.54,12.57,12.52,77,26020,324211,
537253,"SUNIL HEALTHCARE LTD",X,STK,65,68.5,64.1,65.35,65.35,64.53,10,476,31167,
537259,"SUYOG TELEMATICS LTD",B,STK,658.5,672.25,653.25,653.25,653.25,654.3,31,480,316626,
537291,"NATH BIO-GENES (INDIA) LTD",B,STK,149.9,149.9,148,149.65,149.65,149.35,13,611,90918,
537326,"CHEMTECH INDUSTRIAL VALVES LTD",X,STK,63.96,63.96,60.31,63.11,62.6,63.99,87,12425,771724,
537483,"NIPPON INDIA ETF NIFTY 100",B,STK,277.5,278.55,275.79,278.27,278.55,278.06,32,173,48049,
537536,"DENIS CHEM LAB LTD",X,STK,75.3,76.38,75.02,75.66,76.38,75.02,34,3123,235064,
537573,"POLYMAC THERMOFORMERS LTD",M,STK,16.6,16.6,16.6,16.6,16.6,16.5,1,800,13280,
537707,"LADDU GOPAL ONLINE SERVICES LI",X,STK,1.04,1.08,1.02,1.06,1.06,1.04,140,256393,267788,
537708,"KOTAK MAHINDRA MUTUAL FUND - K",B,STK,280.89,282.24,280.07,281.49,281.86,281.64,79,803,225975,
537709,"SHREE HANUMAN SUGAR & INDUSTRI",XT,STK,4.55,4.55,4.35,4.45,4.45,4.55,32,13238,58292,
537750,"KIRAN VYAPAR LTD",X,STK,176.2,187.65,176.2,181.65,182,183,38,1511,274459,
537766,"B.C. POWER CONTROLS LTD",XT,STK,1.79,1.85,1.76,1.76,1.8,1.8,128,65569,116563,
537785,"RACE ECO CHAIN LIMITED",B,STK,113.05,133.95,110.55,118.35,133.95,113.2,4,5,590,
537800,"MANGALAM INDUSTRIAL FINANCE LT",XT,STK,0.88,0.92,0.88,0.92,0.92,0.88,2077,4605033,4145718,
537820,"VIJI FINANCE LTD",B,STK,2.24,2.24,2.07,2.08,2.08,2.17,49,53015,112468,
537839,"PHOENIX TOWNSHIP LTD",X,STK,101.2,101.2,96.55,97.65,99.9,100,34,716,70881,
537840,"RAUNAQ INTERNATIONAL LIMITED",X,STK,50,51,50,50.75,51,50,3,204,10346,
537985,"INFRONICS SYSTEMS LTD",X,STK,19.2,19.5,18.5,19.02,19.39,19.2,25,1388,26475,
538057,"CPSE ETF",A,STK,103.31,103.54,102.61,103.27,103.38,103.28,489,52787,5443918,
538081,"HARIA APPARELS LTD",X,STK,5.4,5.4,5.37,5.4,5.4,5.54,7,185,994,
538119,"R&B DENIMS LTD",T,STK,180.05,180.05,180.05,180.05,180.05,189.5,21,1813,326430,
538212,"SHARP INVESTMENTS LTD",XT,STK,0.37,0.38,0.36,0.38,0.38,0.37,129,324696,122241,
538268,"WONDERLA HOLIDAYS LTD",B,STK,477,488,471.5,474.6,474.15,479.2,220,2843,1352522,
538273,"RESPONSE INFORMATICS LTD",X,STK,24.9,24.9,24.01,24.81,24.81,23.62,13,511,12535,
538319,"GCM CAPITAL ADVISORS LTD",MT,STK,3.65,3.65,3.65,3.65,3.65,3.65,1,1000,3650,
538351,"A.F. ENTERPRISES LTD",Z,STK,2.3,2.4,2.28,2.33,2.32,2.3,32,3426,8002,
538365,"INCREDIBLE INDUSTRIES LIMITED",B,STK,36.98,36.98,35.22,35.89,35.89,36.5,9,987,35695,
538382,"WEST LEISURE RESORTS LTD",X,STK,100.35,100.35,100.35,100.35,100.35,104.6,1,1,100,
538401,"MAESTROS ELECTRONICS & TELECOM",X,STK,145.5,145.5,138.95,139.1,139.1,145.7,86,9120,1270062,
538422,"JACKSON INVESTMENTS LTD",X,STK,0.46,0.48,0.46,0.46,0.46,0.46,193,370647,171892,
538446,"MONEYBOXX FINANCE LIMITED",B,STK,66,67.4,65.1,65.97,65.97,64.72,147,9976,658360,
538451,"WORTH INVESTMENT & TRADING CO",X,STK,3.5,3.5,3.27,3.39,3.4,3.4,347,100215,338455,
538464,"THIRANI PROJECTS LTD",X,STK,4.26,4.68,4.26,4.4,4.4,4.27,24,1527,6712,
538465,"AMARNATH SECURITIES LTD",X,STK,14.89,14.89,13.36,14.33,14.4,13.15,78,34342,487243,
538476,"CAPITAL TRADE LINKS LTD",XT,STK,17.09,17.2,16.75,17.2,17.2,17.09,53,12682,216108,
538496,"TARINI INTERNATIONAL LTD",M,STK,9.25,9.25,8.12,8.19,8.19,9.06,8,24000,209040,
538520,"SHIVAMSHREE BUSINESSES LIMITED",XT,STK,1.56,1.66,1.53,1.66,1.66,1.59,15,33625,52036,
538521,"YAAN ENTERPRISES LIMITED",XT,STK,86,86,86,86,86,84.5,1,5,430,
538539,"ANNVRRIDHHI VENTURES LIMITED",X,STK,9.86,10.19,9.82,9.99,10,9.86,37,1231,12236,
538540,"RAMCHANDRA LEASING & FINANCE L",XT,STK,11.26,11.26,11.26,11.26,11.26,11.04,74,227511,2561773,
538546,"BANSAL ROOFING PRODUCTS LTD",B,STK,119.95,121.95,117.2,119.15,120.4,119.55,139,7775,933738,
538556,"ARMAN HOLDINGS LTD",X,STK,107,113.7,91,110,110,104.3,36,4420,484148,
538562,"SKIPPER LTD",A,STK,360,374.4,360,368.2,370.55,365.9,209,3319,1231223,
538563,"SMT ENGINEERING LIMITED",XT,STK,414.3,414.3,414.3,414.3,414.3,406.2,4,2037,843929,
538564,"JAMES WARREN TEA LTD",X,STK,303,308.95,300.15,303.8,304.2,303,16,142,43134,
538565,"Vistar Amar Limited",XT,STK,190,202,187,195.95,195.9,195.25,116,6148,1215039,
538567,"GULF OIL LUBRICANTS INDIA LTD",B,STK,1093.2,1099.9,1089,1093.35,1093,1093.1,410,1634,1789100,
538568,"FRUITION VENTURE LTD",X,STK,40.44,40.44,40.44,40.44,40.44,38.52,2,28,1132,
538569,"TRIVENI ENTERPRISES LTD",X,STK,1.19,1.19,1.12,1.18,1.18,1.2,15,5835,6752,
538596,"CEMANTIC INFRA-TECH LIMITED",X,STK,5.46,5.46,4.94,5.34,5.34,5.2,28,2296,12182,
538597,"TTI ENTERPRISE LTD",XT,STK,9.65,10.13,9.65,10.13,10.13,9.65,47,34767,351450,
538598,"VISHAL FABRICS LTD",B,STK,23.55,23.55,22.05,22.95,23.1,23.09,447,143622,3236007,
538607,"TOYAM SPORTS LIMITED",X,STK,0.93,1.02,0.89,0.95,0.95,0.93,382,1595811,1496699,
538609,"GAJANAN SECURITIES SERVICES LT",X,STK,54.6,57,45,50.08,51.5,53.05,62,5102,257721,
538610,"UNISON METALS LTD",X,STK,1.05,1.16,1.05,1.11,1.11,1.05,631,3670826,4126830,
538611,"Real Touch Finance Limited",Z,STK,44.17,44.17,44.17,44.17,44.17,46.49,3,120,5300,
538634,"VASUNDHARA RASAYANS LTD",X,STK,135,135,127.7,131,132.6,131.1,24,422,55964,
538635,"SNOWMAN LOGISTICS LTD",B,STK,39.76,40.22,39.32,39.44,39.49,39.27,94,5094,202178,
538646,"QGO FINANCE LIMITED",X,STK,41.37,42.9,40,41.69,41.69,41.36,37,3163,128272,
538647,"PURSHOTTAM INVESTOFIN LTD",X,STK,38.57,40.33,38.51,38.51,38.51,40.53,9,45627,1757148,
538666,"Sharda Cropchem Limited",A,STK,1188.7,1194.75,1158,1172.7,1183.6,1188.65,394,5900,6903736,
538667,"Sirohia & Sons Limited",M,STK,4.82,4.82,4.82,4.82,4.82,6,1,10000,48200,
538668,"Meghna Infracon Infrastructure",B,STK,593,593,575.1,587.1,588.9,591.65,333,50962,29817603,
538674,"City Online Services Limited",Z,STK,8.27,8.27,8.27,8.27,8.27,8.27,9,589,4871,
538683,"NIPPON INDIA ETF SENSEX",A,STK,946.32,949,937.5,939.32,937.83,941.89,1300,7967,7493467,
538685,"SHEMAROO ENTERTAINMENT LIMITED",B,STK,104,112,103,103.25,103,104,101,1352,145017,
538706,"Ultracab (India) Limited",X,STK,7.54,7.54,7.05,7.27,7.27,7.4,295,92677,670050,
538707,"Rajasthan Cylinders & Containe",X,STK,36.4,36.4,33.25,33.5,33.5,33.65,12,112,3741,
538708,"Econo Trade (India) Limited",X,STK,7.57,7.57,7.4,7.43,7.43,7.27,12,567,4212,
538713,"Atishay Limited",X,STK,181,184,176,178.75,178.95,181.2,65,1339,237418,
538714,"Sangam Finserv Limited",X,STK,42.1,42.1,38.04,40,40,40.7,22,1895,76015,
538715,"Dhabriya Polywood Limited",X,STK,366.4,377,350,353.7,353.7,364.85,211,6914,2492591,
538716,"Aryaman Capital Markets Limite",B,STK,434.15,449.95,425.5,449.95,449.95,434.15,5,110,46956,
538730,"PDS LIMITED",B,STK,301.55,306.05,298.05,299.35,299.35,303.3,150,3344,1007489,
538732,"Vibrant Global Capital Limited",X,STK,33,34.44,32.5,32.63,32.6,33.1,98,32265,1059228,
538734,"CEINSYS TECH LIMITED",B,STK,991.7,1012.4,972.05,988.3,992,968.15,1214,14058,13961460,
538742,"PANABYTE TECHNOLOGIES LIMITED",X,STK,38.54,38.97,36.62,36.75,37.44,38.54,163,41907,1559392,
538743,"Mudunuru Limited",XT,STK,15.92,15.92,15.3,15.3,15.3,15.61,22,12529,195894,
538770,"Crane Infrastructure Limited",X,STK,15.59,15.59,14.22,15.38,15.38,14.65,19,1225,18243,
538772,"Niyogin Fintech Limited",X,STK,40.8,41.5,39.05,39.18,39.75,40.45,224,108713,4345912,
538778,"Kalyan Capitals Limited",X,STK,7.46,7.46,6.66,6.81,6.8,6.7,145,322998,2263951,
538787,"Goenka Business & Finance Limi",X,STK,9,10.1,8.55,9.79,9.89,9.18,168,28352,260523,
538788,"Gilada Finance & Investments L",XT,STK,12.89,12.89,12.31,12.88,12.89,12.93,17,5794,71541,
538795,"Shree Ajit Pulp And Paper Ltd.",X,STK,268.05,274.95,265,269.9,269.9,268,36,1854,496471,
538817,"Captain Pipes Limited",B,STK,9.94,9.94,9.4,9.47,9.47,9.78,654,116656,1120135,
538833,"KAIZEN AGRO INFRABUILD LIMITED",X,STK,9.96,10.37,9.53,10.37,10.37,10.07,21,1765,17764,
538834,"JMJ Fintech Limited",X,STK,14.27,14.49,14.01,14.33,14.21,14.35,42,6523,93293,
538835,"INTELLECT DESIGN ARENA LIMITED",A,STK,687.9,705.9,686.2,700.4,700.8,687.8,1114,14676,10242455,
538836,"Monte Carlo Fashions Limited",B,STK,565,577.2,565,574.2,575.15,569.25,20,202,115328,
538837,"Jeevan Scientific Technology L",XT,STK,68.7,68.7,66.71,68,68,66.35,29,4410,298873,
538838,"Indo Cotspin Limited",X,STK,26.4,27.44,26.4,27.44,27.44,28,11,219,5867,
538857,"Scintilla Commercial & Credit",XT,STK,13.95,13.95,13.95,13.95,13.95,14.23,5,12,167,
538860,"PANAFIC INDUSTRIALS LTD",X,STK,0.66,0.67,0.66,0.67,0.67,0.66,40,22412,14892,
538862,"My Money Securities Ltd.",X,STK,36.03,38.5,33.32,37.97,38,35.32,14,672,24765,
538868,"Continental Securities Limited",X,STK,16.73,16.73,15.65,16.09,16,16.33,70,30622,489973,
538874,"NEXUS SURGICAL AND MEDICARE LI",X,STK,18.92,18.92,18.61,18.62,18.62,17.61,12,736,13699,
538875,"SELLWIN TRADERS LIMITED",X,STK,5.85,6.31,5.71,6.31,6.31,6.01,1287,3307810,19692195,
538881,"Galada Finance Limited",X,STK,26.55,27.87,25.26,26.5,27.74,26.55,4,8,213,
538882,"Emerald Finance Limited",X,STK,65.99,65.99,61.2,63.31,63.31,64.06,292,28995,1838790,
538890,"M. K. Exim (India) Ltd.",X,STK,52.5,54,51.5,53.75,53.9,52.58,131,29090,1543213,
538891,"MAGELLANIC CLOUD LIMITED",B,STK,25.29,25.52,24.89,25.24,25.24,24.72,307,64683,1620208,
538895,"Mihika Industries Ltd.",X,STK,12.25,12.25,12.18,12.18,12.18,11.99,3,52,633,
538896,"Kanchi Karpooram Ltd.",X,STK,330.05,337,330.05,333.5,337,334.05,37,922,306961,
538918,"Vani Commercials Limited",X,STK,8.91,9.45,8.68,9.01,9.39,9.09,26,4846,43911,
538920,"VINTAGE COFFEE AND BEVERAGES L",B,STK,149.35,152.85,148,149.75,149.25,147.25,918,694765,103593282,
538922,"COSYN Limited",X,STK,21.1,21.98,21.1,21.41,21.75,21.5,36,2757,58908,
538923,"SOFCOM SYSTEMS LIMITED",X,STK,27.7,27.7,22.05,22.49,22.49,27.52,1235,539771,12812349,
538926,"Naturite Agro Products Limited",X,STK,219.1,234.8,195.15,225.9,230,216.6,26,2136,481233,
538928,"Karnavati Finance Limited",X,STK,1.33,1.33,1.27,1.28,1.28,1.33,55,446424,579728,
538942,"Mercantile Ventures Limited",X,STK,24.8,24.8,22.41,24.32,24,23.3,53,631,14911,
538943,"Sonal Mercantile Limited",XT,STK,95.1,100.85,95.1,100.85,100.85,99.6,10,378,36739,
538952,"Abhinav Leasing & Finance Limi",X,STK,1.12,1.27,1.12,1.27,1.27,1.29,26,4698,5548,
538961,"GENUS PAPER & BOARDS LIMITED",B,STK,12.71,13.04,12.51,12.95,12.95,12.42,43,7158,91901,
538962,"Minda Corporation Limited",A,STK,580,581.95,565.9,568.9,572.4,579.05,838,23036,13235711,
538964,"Mercury Laboratories Limited",X,STK,844.2,844.2,805.5,808.05,806,840,21,70,56737,
538965,"Concord Drugs Limited",X,STK,75,78.73,75,78.06,78.5,74.99,78,11233,876823,
538970,"WARDWIZARD INNOVATIONS AND MOB",X,STK,6.95,6.96,6.22,6.74,6.74,6.77,1027,369724,2449950,
538975,"Shree Securities Ltd.",Z,STK,0.19,0.2,0.19,0.19,0.19,0.19,190,590069,115722,
538979,"Greenlam Industries Ltd",B,STK,239.75,241.65,236.8,241.65,241.65,236.75,21,341,81022,
538987,"TALBROS ENGINEERING LIMITED",X,STK,689,691,663,685.55,691,664.2,51,892,605764,
539006,"PTC Industries Ltd.",A,STK,18249.95,18249.95,17909,17966.05,17920,18063.05,186,378,6844791,
539011,"CHENNAI FERROUS INDUSTRIES LIM",X,STK,89,90.23,86.3,89.15,89.6,89.23,35,2630,229618,
539012,"Megri Soft Limited",X,STK,91.65,94,85,85.63,85.6,91.65,15,113,9992,
539013,"GITA RENEWABLE ENERGY LIMITED",X,STK,83.9,83.9,76.6,77.63,77.55,76.5,34,1399,110451,
539014,"Kalpa Commercial Limited",XT,STK,10.59,10.59,10.59,10.59,10.59,10.8,5,1502,15906,
539016,"Neil Industries Ltd.",X,STK,7.14,7.24,6.75,6.75,6.75,6.75,27,1421,9642,
539017,"STAR HOUSING FINANCE LIMITED",X,STK,7.65,7.78,7.11,7.14,7.16,7.47,343,118719,854932,
539018,"Beekay Steel Industries Ltd.",X,STK,414,414,410,410.55,413.95,410.35,44,2303,946729,
539031,"SBI Mutual Fund",A,STK,294.07,294.7,293.89,294.42,294.42,294.07,10,238,69979,
539032,"Fraser And Company Limited",X,STK,10.32,10.71,9.8,10.33,10.71,10.2,105,74952,768418,
539040,"TIRUPATI INNOVAR LIMITED",X,STK,6.85,6.85,6.58,6.68,6.65,6.77,251,36140,243150,
539041,"GANESHA ECOVERSE LIMITED",M,STK,25.6,26,24.7,25.22,25.25,26.27,12,16250,409787,
539042,"AGI Infra Limited",B,STK,310,316.8,306.4,309.15,309.15,307.75,1883,105610,32868215,
539044,"Manaksia Steels Limited",B,STK,60.2,60.5,58,58.64,58,60.19,34,882,52298,
539045,"Manaksia Aluminium Company Ltd",T,STK,28.9,29.65,28.9,29.4,29.4,29.59,18,3067,90012,
539046,"Manaksia Coated Metals & Indus",B,STK,112.45,116.9,112.45,115.75,115.55,114.1,555,26703,3063925,
539056,"IMAGICAAWORLD ENTERTAINMENT LI",B,STK,44.7,45.46,44.02,44.25,44.13,44.74,258,180271,8035035,
539083,"Inox Wind Limited",A,STK,95.5,97.5,94,94.4,94.4,95.15,1424,301677,28816895,
539090,"Rajputana Investment and Finan",X,STK,33,33,33,33,33,34,1,1,33,
539091,"Consecutive Commodities Limite",X,STK,0.86,0.89,0.85,0.87,0.88,0.88,243,187600,162136,
539097,"UR SUGAR INDUSTRIES LIMITED",B,STK,2.62,2.79,2.39,2.41,2.51,2.74,257,280418,701107,
539111,"SHESHADRI INDUSTRIES LIMITED",X,STK,14.42,14.42,13.78,13.91,14.3,14.5,15,1100,15351,
539113,"Paul Merchants Ltd.",X,STK,525,526,500,516.55,516,514.25,55,841,429826,
539117,"Sujala Trading & Holding Ltd.",X,STK,55.5,57.97,53,54.95,54.95,55.42,577,153715,8469076,
539118,"VRL Logistics Limited",B,STK,282.95,288.75,280.6,288.7,288.6,282.95,742,4200,1206737,
539121,"Palco Metals Limited",X,STK,122,122,112.5,117.5,117.95,114.85,55,379,44660,
539122,"Bodhtree Consulting Limited",XT,STK,21.99,22.65,21.99,22.58,22.58,21.89,8,242,5333,
539123,"V B INDUSTRIES LIMITED",X,STK,5.89,5.95,5.22,5.95,5.95,5.67,34,6848,39418,
539124,"Survottam Finvest Ltd.",X,STK,20.43,20.43,19.5,19.73,20.36,20.44,7,39,790,
539126,"MEP Infrastructure Developers",Z,STK,1.07,1.07,1.07,1.07,1.07,1.09,6,1997,2136,
539132,"Wardwizard Foods and Beverages",X,STK,8.52,8.52,8.1,8.21,8.21,8.52,298,368211,3009498,
539141,"UFO Moviez India Limited",B,STK,69,71.86,69,71.21,71.86,71.44,131,2102,148668,
539143,"PANTH INFINITY LIMITED",X,STK,7.21,7.5,7.21,7.31,7.27,7.15,199,40536,298361,
539148,"Shivalik Rasayan Ltd.",B,STK,277.45,293.9,276,290.3,292.95,272.25,75,558,159950,
539150,"PNC Infratech Limited",A,STK,212.3,218.35,210.7,211.55,213,212.3,350,13629,2914039,
539151,"Arfin India Limited",B,STK,71.99,73.7,69.24,72.72,72.52,70.02,302,28098,2015826,
539174,"Helpage Finlease Ltd.",X,STK,21,21.5,21,21.25,21.25,21,7,184,3914,
539175,"BLUEGOD ENTERTAINMENT LIMITED",XT,STK,3.54,3.66,3.32,3.65,3.66,3.49,585,2241175,7704005,
539176,"Hawa Engineers ltd.",X,STK,79.1,79.99,72.41,75.66,72.41,75.32,20,534,40896,
539177,"Authum Investment & Infrastruc",A,STK,491,493,486.5,489.95,489,493.05,813,15445,7560796,
539189,"Adhbhut Infrastructure Ltd.",X,STK,13.5,14.29,13,13.31,14.25,13.51,13,929,12944,
539190,"Decillion Finance Ltd.",X,STK,44.48,46.7,44.48,46.7,46.7,44.48,5,1038,48384,
539195,"POCL ENTERPRISES LTD",X,STK,185.15,191.2,185.15,190.1,190,185,281,26768,5075742,
539196,"Amba Enterprises Ltd.",X,STK,139.75,139.95,135.3,136.25,138.9,139.75,96,3875,533978,
539199,"SG FINSERVE LIMITED",B,STK,394.35,395.15,386,389.25,386.6,394.4,187,3391,1325552,
539200,"NOBLE POLYMERS LIMITED",X,STK,0.58,0.58,0.58,0.58,0.58,0.56,4,1681,974,
539201,"SATIA INDUSTRIES LIMITED",B,STK,64.72,64.9,64.15,64.87,64.87,64.82,40,827,53280,
539206,"GENOMIC VALLEY BIOTECH LIMITED",X,STK,26,26,26,26,26,25.4,1,75,1950,
539216,"GARMENT MANTRA LIFESTYLE LIMIT",X,STK,1.88,1.97,1.78,1.89,1.89,1.81,856,2498462,4717887,
539217,"Srestha Finvest Limited",X,STK,0.27,0.28,0.26,0.27,0.27,0.27,374,1485165,405077,
539218,"Saumya Consultants Ltd.",X,STK,128.5,128.5,116.55,124.1,127.8,122.4,14,431,55326,
539219,"MAURIA UDYOG LIMITED",X,STK,9.75,10.28,9.75,9.92,9.92,9.75,46,2660,26397,
539220,"Mishka Exim Limited",X,STK,40.7,40.7,40.6,40.6,40.6,40.6,6,2028,82414,
539221,"Sportking India Ltd.",B,STK,117.69,119.6,115.63,116.03,115.69,115.98,179,7407,874053,
539222,"GROWINGTON VENTURES INDIA LIMI",B,STK,1.02,1.04,0.81,0.93,0.93,0.97,1719,38404007,34509413,
539224,"HCKK Ventures Limited",XT,STK,37.2,37.2,35.98,35.98,35.98,35.78,2,101,3635,
539226,"RUDRA GLOBAL INFRA PRODUCTS LI",B,STK,18.29,21.16,18.18,21.16,21.16,17.64,871,327380,6798905,
539227,"Loyal Equipments Limited",X,STK,161.95,169,158,166.25,168.9,157.8,80,2951,477697,
539228,"Gala Global Products Limited",Z,STK,1.38,1.47,1.38,1.42,1.4,1.43,63,14324,20349,
539230,"Chemiesynth (Vapi) Limited",X,STK,39.51,39.51,39.51,39.51,39.51,37.63,1,5,197,
539251,"Balkrishna Paper Mills Ltd.",B,STK,16.11,16.52,16.11,16.4,16.52,15.88,19,1895,30922,
539252,"Shyam Century Ferrous Limited",B,STK,5.18,5.19,4.92,5.08,5.09,5.14,85,7077,35649,
539254,"Adani Energy Solutions Limited",A,STK,1024.95,1036.05,1009.1,1024.2,1017.5,1012.2,1981,41376,42358184,
539255,"STAR DELTA TRANSFORMERS LIMITE",X,STK,497.4,509,487.15,490.85,499,497.4,63,728,361047,
539267,"SAMSRITA LABS LIMITED",X,STK,18.49,18.49,16.68,16.68,16.68,17,10,148,2695,
539268,"Syngene International Limited",A,STK,430.2,438.8,424.3,425.6,425.5,433.5,982,875724,379400914,
539275,"Mangalam Seeds Limited",X,STK,133.7,137.9,132,134.15,134.15,132.7,32,688,92150,
539276,"Kaya Limited",B,STK,322,322,318.9,319.5,319.5,315.6,3,6,1917,
539277,"Alstone Textiles (India) Ltd",X,STK,0.16,0.16,0.15,0.15,0.15,0.16,4559,53952694,8135303,
539278,"Symbiox Investment & Trading C",X,STK,1.95,1.95,1.7,1.9,1.9,1.8,20,18492,31449,
539287,"ORTIN GLOBAL LIMITED",T,STK,16.11,16.5,16.08,16.4,16.4,16.92,29,11030,179436,
539288,"Avi Polymers Ltd.",XT,STK,18.99,18.99,18.99,18.99,18.99,18.09,56,30449,578226,
539289,"Aurum PropTech Limited",B,STK,182.65,182.65,177.25,177.55,177.55,180,59,4596,823497,
539290,"Oswal Greentech Limited",B,STK,26.65,28.8,26.65,27.85,27.1,27.06,105,6952,191367,
539300,"SUNRAKSHAKK INDUSTRIES INDIA L",X,STK,254.05,256.75,228,246.05,243.1,254.75,402,14819,3699249,
539301,"Arvind SmartSpaces Limited",B,STK,541,541,522.75,533.8,534.6,533.45,87,560,296574,
539302,"Power Mech Projects Limited",A,STK,2139.85,2150.9,2103.6,2121.25,2103.6,2136.8,298,2154,4570414,
539309,"Rama Steel Tubes Limited",B,STK,7.32,7.4,6.96,7.15,7.09,7.32,962,781180,5569539,
539310,"THINKINK PICTUREZ LIMITED",X,STK,0.19,0.2,0.19,0.19,0.2,0.19,319,1595528,311037,
539312,"UTI BSE Sensex ETF",A,STK,900.9,924.4,900.9,905.49,905.49,910,12,39,35696,
539313,"UTI Mutual Fund",B,STK,278.79,282.29,278.79,282.29,282.29,281.61,54,544,152674,
539314,"Universal Autofoundry Limited",B,STK,65.19,65.19,55.55,57.23,56.42,56.28,82,7894,444074,
539331,"VETO SWITCHGEARS AND CABLES LI",B,STK,105.72,107.05,103.8,103.94,104.34,105.29,40,541,56762,
539332,"Navkar Corporation Limited",B,STK,100,100,94.3,94.74,94.96,94.42,294,6004,568242,
539334,"Shree Pushkar Chemicals & Fert",B,STK,308.35,321.7,308.35,316.7,317.75,314.6,47,814,258627,
539335,"Callista Industries Limited",XT,STK,159.2,164.95,159.2,164.95,164.95,162.4,21,2000,324150,
539336,"Gujarat Gas Limited",A,STK,406.2,413.95,406.05,411.25,412.35,406.05,722,15621,6420184,
539337,"WAAREE TECHNOLOGIES LIMITED",M,STK,164.6,164.6,160,162.7,162.7,164.6,28,5425,879270,
539346,"Sadbhav Infrastructure Project",B,STK,3.31,3.37,3.18,3.29,3.29,3.31,50,23288,75150,
539353,"SAL AUTOMOTIVE LIMITED",X,STK,195.5,207.85,195.2,206.35,206.35,207.6,29,759,152179,
539354,"Polyspin Exports Ltd.",X,STK,29.75,30.2,28.53,30.2,30.2,30.5,30,773,22947,
539359,"Pritika Auto Industries Limite",B,STK,13.62,13.87,13.34,13.48,13.43,13.55,63,6132,83630,
539378,"Soni Medicare Limited",X,STK,53.77,53.77,53.77,53.77,53.77,56.6,6,209,11237,
539383,"Mahaveer Infoway Limited",Z,STK,8.6,9.01,8.6,9.01,9.01,8.6,3,202,1779,
539384,"Krishna Capital And Securities",XT,STK,28.2,28.2,28.2,28.2,28.2,28.2,1,25,705,
539391,"Acme Resources Limited",Z,STK,30,31.43,30,31.4,31.4,29.95,13,1527,47328,
539398,"Vishal Bearings Limited",B,STK,61.05,62,59.13,60.1,60.1,61.06,40,889,53534,
539399,"Bella Casa Fashion & Retail Li",B,STK,290,290,275.8,276.5,276.5,290,55,1652,460173,
539400,"MALLCOM (INDIA) LTD.",B,STK,1169.8,1184.95,1165,1170.55,1183.95,1163.6,70,192,224551,
539402,"Naksh Precious Metals Limited",B,STK,5.32,5.32,5.31,5.31,5.31,5.32,3,50,265,
539404,"SATIN CREDITCARE NETWORK LIMIT",B,STK,166.9,166.9,152.35,154.55,154.5,154.55,179,5844,902306,
539406,"Swagatam Trading & Services Li",X,STK,60.91,60.91,58,58,58,58.01,6,602,36516,
539407,"Generic Engineering Constructi",B,STK,47.4,50.08,45.39,47.56,47.56,47.51,792,44573,2144422,
539408,"Kuber Udyog Limited",X,STK,12.6,12.61,12.6,12.61,12.61,11.47,14,4035,50876,
539409,"NEERAJ PAPER MARKETING LIMITED",X,STK,16.25,16.25,15.5,15.99,15.5,16.25,7,143,2289,
539428,"Tejnaksh Healthcare Limited",X,STK,13.5,14.89,13.5,13.91,14.63,13.86,33,2899,42096,
539435,"Richfield Financial Services L",X,STK,30.12,30.12,30.12,30.12,30.12,29.98,4,100,3012,
539436,"Coffee Day Enterprises Limited",B,STK,30.1,31.09,30.1,30.49,30.51,30.37,258,34488,1056270,
539437,"IDFC FIRST BANK LIMITED",A,STK,70.11,73.13,69.85,72.83,72.83,70.27,35769,11504001,827508458,
539448,"InterGlobe Aviation Limited",A,STK,4950.1,4968.9,4900,4937.45,4939,4947.9,3297,139160,688080335,
539449,"IGC Industries Limited",X,STK,2.24,2.3,2.22,2.29,2.29,2.24,63,10521,23768,
539450,"S H Kelkar and Company Limited",B,STK,153,153,148.05,149.9,149.8,149.85,241,11826,1781918,
539455,"ARYAVAN ENTERPRISE LIMITED",X,STK,59.69,59.69,55.5,56.64,56.25,58.01,106,30047,1699966,
539468,"Typhoon Financial Services Lim",X,STK,35.15,35.25,31.92,35.25,35.25,33.59,14,2210,73806,
539469,"PANORAMA STUDIOS INTERNATIONAL",B,STK,46.5,49.9,45.5,48.72,48.69,46.44,542,204034,9864608,
539470,"Shree Ganesh Biotech (India) L",X,STK,0.63,0.65,0.63,0.64,0.65,0.63,330,727052,464091,
539479,"GTV Engineering Limited",X,STK,63.35,63.8,61.26,62.71,62.72,62.27,324,207290,12972570,
539492,"Garbi Finvest Limited",X,STK,12.75,12.97,12.26,12.97,12.97,12.5,57,10480,131600,
539494,"Smart Finsec Limited",X,STK,8.04,8.04,7.74,7.89,7.89,7.95,60,8054,63312,
539495,"Rajkot Investment Trust Limite",XT,STK,41.21,41.21,37.31,37.31,37.31,39.25,15,1321,54434,
539506,"Adcon Capital Services Limited",X,STK,0.42,0.43,0.4,0.43,0.43,0.41,330,1838487,764056,
539515,"Quint Digital Limited",X,STK,40.17,41.85,39.65,39.69,40.16,40.99,40,12437,505722,
539516,"HDFC Mutual Fund",B,STK,284.93,286.5,282.35,285.93,285.93,285.51,153,1222,349192,
539517,"HDFC Mutual Fund",A,STK,94.46,94.46,92.62,92.72,92.86,93.52,67,9586,890018,
539518,"Uday Jewellery Industries Limi",X,STK,129,130,124,126.25,128,124.45,27,462,58842,
539519,"SATTVA SUKUN LIFECARE LIMITED",X,STK,0.73,0.84,0.73,0.8,0.8,0.73,262,1755695,1322429,
539522,"Grovy India Limited",X,STK,40.3,42.8,40.3,40.5,40.5,40.31,37,1578,64128,
539523,"Alkem Laboratories Limited",A,STK,5647,5763.85,5622.6,5750.75,5749.8,5617.85,431,2964,16947692,
539524,"Dr. Lal Pathlabs Limited",A,STK,1439.65,1439.65,1399.55,1406.45,1408.75,1424.9,849,4831,6787221,
539526,"Suncare Traders Limited",X,STK,0.64,0.64,0.61,0.62,0.62,0.61,239,172035,107596,
539527,"Creative Castings Limited",X,STK,556.75,558.45,542.05,555,555,574.8,14,200,111049,
539528,"AAYUSH WELLNESS LIMITED",XT,STK,31.99,31.99,30,31.21,31.21,31.53,734,131657,4077166,
539533,"ELITECON INTERNATIONAL LIMITED",T,STK,61.89,61.9,58.8,58.99,58.99,61.89,6112,989918,58453392,
539542,"LUX Industries Limited",B,STK,909.4,916.15,895.4,903.3,907.65,906.7,118,837,759110,
539544,"Abhishek Infraventures Limited",X,STK,7.11,7.12,7.11,7.12,7.12,6.79,5,3261,23191,
539545,"Apoorva Leasing Finance & Inve",X,STK,35,35.97,34.28,34.3,34.3,36.08,11,437,15199,
539546,"AGRIBIO SPIRITS LIMITED",X,STK,258,269,258,261.7,261.7,258,82,26435,6954566,
539551,"Narayana Hrudayalaya Limited",A,STK,1864.1,1877.5,1843.5,1849.8,1859,1862.75,956,9748,18073344,
539552,"F MEC INTERNATIONAL FINANCIAL",X,STK,102.99,103,97.6,99.99,99.99,103,52,3287,332948,
539559,"Deep Diamond India Limited",X,STK,3.18,3.24,3.08,3.08,3.08,3.24,2798,5173140,15983335,
539561,"SUPHA PHARMACHEM LIMITED",X,STK,0.88,0.9,0.82,0.85,0.85,0.88,767,4767199,4108354,
539562,"AARNAV FASHIONS LIMITED",B,STK,27.94,29.19,27.21,27.44,27.44,27.81,263,28506,785615,
539574,"Sunshine Capital Ltd.",X,STK,0.22,0.23,0.21,0.22,0.22,0.22,1844,16858766,3704302,
539584,"SHARANAM INFRAPROJECT AND TRAD",Z,STK,0.27,0.28,0.26,0.27,0.28,0.27,265,5239939,1431497,
539593,"Shivansh Finserv Limited",X,STK,7.28,7.88,7.17,7.75,7.75,7.28,20,2701,20132,
539594,"Mishtann Foods Limited",X,STK,4.28,4.32,4.24,4.25,4.25,4.28,1813,1121561,4783157,
539596,"Delta Industrial Resources Lim",X,STK,15.15,15.15,14.01,14.2,14.01,15.15,11,1360,19364,
539598,"CREDENT GLOBAL FINANCE LIMITED",X,STK,31.9,32.39,30.5,31.77,31.9,31.06,150,148625,4721660,
539599,"Kotia Enterprises Limited",X,STK,21.88,21.88,21.88,21.88,21.88,23.02,1,1,21,
539607,"Blue Cloud Softech Solutions L",B,STK,20.19,20.44,19.84,20.2,20.2,20.22,3307,1139500,22948240,
539620,"KANORIA ENERGY & INFRASTRUCTUR",X,STK,16.09,17.4,15.8,15.88,15.8,16.48,50,13093,213944,
539621,"BCL Enterprises Limited",X,STK,0.53,0.55,0.52,0.54,0.54,0.54,72,78369,42189,
539636,"Precision Camshafts Limited",B,STK,138.55,141.8,137.1,138.95,138.6,137.7,125,3837,538994,
539658,"TeamLease Services Limited",B,STK,1268.6,1270,1210.25,1220.25,1218.85,1268.5,469,89108,112165312,
539659,"VIKRAM KAMATS HOSPITALITY LIMI",B,STK,58,58.99,56.99,56.99,56.99,58.11,24,1958,113169,
539660,"BEST AGROLIFE LIMITED",T,STK,17,17.47,16.85,16.92,17,17.12,431,89047,1512583,
539661,"ACE MEN ENGG WORKS LIMITED",X,STK,105,105,100,103.47,103.49,103.45,15,757,76366,
539662,"BFL Asset Finvest Limited",X,STK,10,10,9.45,9.59,9.81,9.52,47,11624,110675,
539669,"RGF Capital Markets Limited",XT,STK,0.89,0.89,0.89,0.89,0.89,0.88,19,86269,76779,
539678,"Quick Heal Technologies Limite",B,STK,168.1,171,164.8,165.6,165.6,168.05,319,8317,1397742,
539679,"Kapil Raj Finance Ltd.",X,STK,2.39,2.44,2.35,2.35,2.39,2.4,95,62573,148639,
539682,"Mobavenue AI Tech Limited",T,STK,1229,1229,1181.2,1188.95,1181.2,1231,57,454,539925,
539686,"K.P. Energy Limited",B,STK,290,300.75,289.3,290.5,290.5,287.55,763,18234,5348864,
539692,"INTERACTIVE FINANCIAL SERVICES",X,STK,15.3,15.7,14.89,15.3,15.3,15.57,32,13801,207019,
539697,"HILIKS TECHNOLOGIES LIMITED",XT,STK,44.94,44.94,44.94,44.94,44.94,44.06,16,21491,965805,
539724,"HYPERSOFT TECHNOLOGIES LIMITED",XT,STK,69,70.99,66.95,70.55,70.68,68.07,35,2113,146012,
539725,"Gokul Agro Resources Ltd",B,STK,169.55,179.85,169,170,169,170.05,642,20130,3524172,
539730,"Fredun Pharmaceuticals Limited",X,STK,1606,1668.8,1602,1640.15,1629,1646.8,415,7478,12211089,
539742,"Simbhaoli Sugars Ltd",Z,STK,8.89,8.89,8.88,8.88,8.88,8.8,3,72,639,
539760,"Relicab Cable Manufacturing Li",B,STK,35.45,37.3,35.41,37.12,37.3,37.27,61,4770,171358,
539761,"Vantage Knowledge Academy Limi",X,STK,1.07,1.07,1.03,1.04,1.04,1.06,349,462949,483462,
539762,"MODERN ENGINEERING AND PROJECT",X,STK,32.65,34.98,32,32.56,32.58,33.63,125,24495,800222,
539767,"Mega Nirman & Industries Limit",XT,STK,44,44,39.89,40,40,41.98,12,158,6782,
539770,"DARJEELING INDUSTRIIES LIMITED",XT,STK,27.45,28.43,25.73,25.73,25.73,27.08,7,15108,393216,
539773,"Advik Capital Limited",X,STK,1.62,1.72,1.58,1.67,1.67,1.61,608,1205932,1991568,
539785,"Pudumjee Paper Products Limite",B,STK,82.14,90.87,81.78,84.07,84.07,81.57,470,23452,2018256,
539787,"HealthCare Global Enterprises",A,STK,570,592,568,574.45,574.45,580.05,904,7315,4235120,
539798,"Umiya Tubes Limited",X,STK,30.38,31.49,30.02,31.48,31.49,30.38,28,3602,113237,
539799,"Bharat Wire Ropes Limited",B,STK,175,179.5,175,177.5,177.45,178.7,47,2316,410423,
539800,"CHD Chemicals Limited",X,STK,5.07,5.12,5.07,5.12,5.12,5.03,8,3220,16333,
539807,"AvenuesAI Limited",A,STK,17.29,17.44,16.75,16.83,16.83,17.29,741,213632,3617210,
539814,"LE LAVOIR LIMITED",X,STK,203,203,195,195,195,196,12,2765,545547,
539834,"Balgopal Commercial limited",X,STK,176,187.1,176,176.05,176,174.5,18,22318,3928010,
539835,"Superior Finlease Limited",X,STK,1.66,1.66,1.64,1.65,1.65,1.73,31,63411,104637,
539837,"RAGHAV PRODUCTIVITY ENHANCERS",B,STK,700.05,720,700.05,718.7,720,710.35,89,670,479066,
539841,"Lancer Container Lines Limited",X,STK,10,10.2,9.9,10.05,10.09,10.02,650,233745,2341780,
539843,"NINtec Systems Limited",B,STK,323.1,352.25,316.25,322.1,322.1,320.7,519,4728,1598866,
539854,"Halder Venture Limited",B,STK,244.95,245,234.5,243,243,246.8,26,1245,303218,
539871,"Thyrocare Technologies Limited",B,STK,395.45,405.7,395.45,398.9,397.4,403.8,730,7818,3129099,
539872,"Bajaj Healthcare Limited",B,STK,329.05,340.8,329.05,331.05,333.8,342.45,432,7005,2329928,
539875,"RSD Finance Limited",X,STK,96.74,96.74,94.97,95.5,95.5,94.84,7,192,18335,
539876,"Crompton Greaves Consumer Elec",A,STK,261.15,265.3,260.3,262.45,262.45,263.2,1158,61329,16086315,
539883,"Pilani Investment And Industri",B,STK,4530.6,4696,4530.6,4649.15,4626,4530.6,65,120,556195,
539884,"Darshan Orna Limited",X,STK,2.7,2.8,2.67,2.73,2.74,2.72,83,17811,48557,
539889,"Parag Milk Foods Limited",B,STK,193.2,209.7,193.2,207.55,207,193.15,1409,99530,20243804,
539894,"Madhav Infra Projects Limited",X,STK,8.41,8.72,8.41,8.54,8.64,8.57,364,115345,990295,
539895,"SPICE LOUNGE FOOD WORKS LIMITE",X,STK,30.87,34.11,30.87,34.06,34.08,32.49,142,14854,497148,
539900,"DALMIA INDUSTRIAL DEVELOPMENT",XT,STK,8.46,8.46,8.46,8.46,8.46,8.5,1,5,42,
539917,"NAGARJUNA FERTILIZERS AND CHEM",B,STK,4.12,4.48,4.12,4.36,4.36,4.43,92,29900,129258,
539921,"Shanti Educational Initiatives",X,STK,203,209.8,196,200,200,199.8,2050,1240709,249973829,
539922,"Rotographics (India) Limited",XT,STK,117.4,117.4,117.4,117.4,117.4,119.75,1,1,117,
539927,"LIKHAMI CONSULTING LIMITED",X,STK,385,385,381.15,381.15,381.15,385.85,2,2,766,
539938,"Medico Intercontinental Limite",X,STK,35.09,35.09,33.65,34.33,34.33,33.47,9,150,5211,
539939,"Yash Chemex Limited",X,STK,64.95,64.95,61.15,62.75,62.7,61.12,11,1050,65864,
539945,"ICICI Prudential NV20 ETF",B,STK,14.67,14.96,14.67,14.94,14.93,14.83,146,12573,186937,
539946,"Bazel International Limited",X,STK,25.35,25.35,23.51,24.13,24.29,25.58,188,22421,546174,
539947,"JINDAL LEASEFIN LIMITED",XT,STK,40.85,45.15,40.85,45.15,45.15,43,3,58,2494,
539956,"TAAL TECH LIMITED",X,STK,2859.5,2875,2859.5,2864,2859.5,2859.5,32,149,427871,
539957,"Mahanagar Gas Limited",A,STK,1200.65,1207.1,1195.35,1203,1199.1,1200.65,529,6000,7216280,
539963,"Zeal Aqua Limited",XT,STK,13.55,13.55,13.13,13.13,13.13,13.82,350,177272,2330280,
539978,"Quess Corp Limited",A,STK,195.05,201.75,192.85,193.6,194.5,197,523,12555,2448974,
539979,"DIGJAM LIMITED",B,STK,48.84,50.06,44.51,47.3,47.42,46.4,225,5186,243674,
539980,"ICICI Prudential BSE Midcap Se",B,STK,17.75,17.84,17.65,17.8,17.8,17.67,47,4556,80784,
539984,"HINDUSTHAN URBAN INFRASTRUCTUR",X,STK,2346,2400,2300,2342.05,2315,2284.15,145,1027,2416388,
539985,"Titaanium Ten Enterprise Limit",M,STK,34.3,34.3,34.3,34.3,34.3,36.1,1,1000,34300,
539986,"Commercial Syn Bags Limited",B,STK,155.8,170,150.2,160.65,160.65,157.55,873,53202,8333047,
539991,"CONFIDENCE FUTURISTIC ENERGETE",X,STK,34.87,34.87,32.36,34.19,34.19,33.24,67,3636,121862,
539992,"LLOYDS ENGINEERING WORKS LIMIT",A,STK,49.2,49.93,48.68,49.17,48.8,49.17,740,113235,5576335,
539997,"Kwality Pharmaceuticals Limite",B,STK,1439,1473.95,1412,1464.5,1462.15,1437.4,917,12862,18741002,
540005,"LTIMindtree Limited",A,STK,4564.6,4651.9,4489.95,4504.7,4515,4564.45,2454,20283,92324284,
540006,"EAST WEST FREIGHT CARRIERS LTD",X,STK,3.31,3.37,3.21,3.31,3.32,3.27,93,25287,84171,
540008,"Aditya Birla Sun Life BSE Sens",A,STK,82.56,82.89,82.56,82.89,82.89,82.15,5,14,1159,
540023,"COLORCHIPS NEW MEDIA LIMITED",XT,STK,13,13.98,13,13.89,13.89,13.6,31,1110,15273,
540025,"Advanced Enzyme Technologies L",B,STK,304.05,307,297,300.95,300.7,303.45,161,2326,703014,
540026,"Ladam Affortable Housing Limit",X,STK,8.45,9.45,7.05,7.64,7.6,8.3,97,35474,277260,
540047,"Dilip Buildcon Limited",A,STK,433,434,424.1,432.2,432.2,432.9,197,3748,1605347,
540048,"S.P. Apparels Limited",B,STK,697.95,705.75,688.15,695,696.85,699.15,191,3074,2140802,
540061,"Bigbloc Construction Limited",B,STK,50,52.19,50,50.29,50,51.95,126,7952,401965,
540063,"ECS Biztech Limited",X,STK,10.53,10.53,10.23,10.53,10.53,10.03,64,81749,859834,
540065,"RBL Bank Limited",A,STK,334.65,334.65,324.55,327,327,329.8,2356,189488,62399089,
540072,"Shiva Granito Export Limited",MT,STK,12.87,14.12,12.87,14.12,14.12,13.54,3,30000,398900,
540073,"BLS International Services Ltd",A,STK,290.2,291.9,276.9,278.75,279.4,290.3,2875,173202,49220747,
540078,"Mitsu Chem Plast Limited",X,STK,104.84,107.47,103.42,104.08,103.42,104.79,74,3567,377068,
540079,"Sprayking Limited",B,STK,1.62,1.62,1.58,1.59,1.58,1.6,312,197835,314951,
540080,"Dhatre Udyog Limited",X,STK,4.56,4.6,4.45,4.54,4.58,4.56,151,32209,145751,
540081,"Sab Events & Governance Now Me",T,STK,17.2,17.2,17.2,17.2,17.2,17.55,13,4434,76264,
540083,"TV VISION LIMITED",T,STK,5.76,6.29,5.76,6.14,6.14,6.03,12,2930,18066,
540097,"GAMCO LIMITED",X,STK,37.96,38.84,36.66,37.33,37.12,37.07,118,56754,2153102,
540108,"TIAAN CONSUMER LIMITED",Z,STK,5.86,6.16,5.85,6.15,6.16,6.15,14,1443,8599,
540115,"L&T Technology Services Limite",A,STK,3280.15,3340.2,3270.1,3314.85,3314.85,3272.1,1274,6616,21843024,
540124,"G N A Axles Limited",B,STK,425.95,429.6,420.05,422.45,422.65,421.9,129,991,420025,
540125,"Radhika Jeweltech Limited",B,STK,67.83,67.83,66.1,66.39,66.3,66.79,68,1802,120230,
540132,"Sabrimala Industries India Lim",X,STK,13.55,14.35,13.55,13.65,13.65,13.28,17,4104,56053,
540133,"ICICI Prudential Life Insuranc",A,STK,669,677,667.95,674,673.75,668.95,1260,46659,31449592,
540134,"ISHAAN INFRASTRUCTURE AND SHEL",XT,STK,10.15,10.18,10.15,10.18,10.18,10.66,4,36,365,
540135,"ARC Finance Limited",X,STK,0.59,0.59,0.57,0.58,0.58,0.59,861,1255850,727499,
540136,"HPL Electric & Power Limited",B,STK,346.05,350.85,345,348.8,347.35,346.45,131,1740,605724,
540143,"Sagarsoft (India) Limited",X,STK,87,90,81,88.78,88.78,87,28,2012,173691,
540145,"Valiant Organics Limited",B,STK,244.6,244.9,231.3,234.6,234.6,238.5,214,2850,672572,
540146,"ADITYA CONSUMER MARKETING LIMI",M,STK,38.99,38.99,38.99,38.99,38.99,38.99,2,2000,77980,
540147,"Shashijit Infraprojects Limite",X,STK,3.49,3.68,3.28,3.4,3.4,3.42,26,12453,42786,
540150,"Mewar Hi-Tech Engineering Limi",MT,STK,55.52,61.1,55.52,61.1,61.1,58.44,4,3000,170745,
540153,"Endurance Technologies Limited",A,STK,2673.95,2700.15,2622.5,2645.85,2646.9,2673.9,527,2899,7700945,
540154,"Bandhan Mutual Fund",A,STK,888.5,888.5,888.5,888.5,888.5,891.17,1,1,888,
540159,"PURPLE AGROTECH INDUSTRIES LIM",X,STK,5.34,5.34,5.09,5.09,5.09,5.32,7,795,4051,
540168,"Supra Pacific Financial Servic",X,STK,28.85,28.85,27.68,27.76,27.98,28.15,109,48874,1371495,
540173,"PNB Housing Finance Limited",A,STK,851,858.55,843.75,848.05,847.3,849,1148,11952,10172393,
540174,"SOUTHERN INFOCONSULTANTS LIMIT",X,STK,22.5,22.5,21.33,21.51,21.51,22.25,21,2384,51276,
540175,"REGENCY FINCORP LIMITED",X,STK,30.3,30.75,28.15,29.41,29.4,30.3,130,35766,1052581,
540180,"Varun Beverages Limited",A,STK,463.8,463.8,454.7,460.45,461.15,455.75,1577,67320,30857678,
540181,"Salem Erode Investments Ltd.",X,STK,32.32,33,31.67,32.14,33,31.67,3,7,225,
540189,"Unipro Technologies Limited",XT,STK,20.84,20.84,20.84,20.84,20.84,20.44,4,314,6543,
540190,"Franklin Industries Limited",X,STK,0.39,0.4,0.38,0.39,0.4,0.39,918,2251228,881593,
540192,"LKP Securities Limited",X,STK,14.4,14.93,14.4,14.72,14.83,14.82,81,19286,281080,
540198,"OSIAJEE TEXFAB LIMITED",X,STK,439.8,449.9,439.5,446.55,449.9,439.6,171,21554,9524503,
540199,"Corporate Merchant Bankers Lim",X,STK,60.5,61.7,58.65,58.65,58.65,61.7,9,76,4507,
540203,"Sheela Foam Limited",A,STK,553.6,557.85,549.45,552.8,551.7,553.5,192,13269,7313191,
540204,"EIKO LIFESCIENCES LIMITED",X,STK,53.47,53.47,52,52,52,53.31,12,2309,120097,
540205,"Aditya Vision Limited",A,STK,482,497.85,477.05,490.1,489.95,481.6,318,7027,3411054,
540210,"Heads UP Ventures Limited",B,STK,7.79,8.25,7.78,7.96,8.25,7.82,14,280,2216,
540212,"TCI Express Limited",B,STK,541.05,556.3,540,547,547,541.05,38,307,167446,
540222,"Laurus Labs Limited",A,STK,1077.05,1103.35,1073.3,1092.45,1090.15,1075.95,2666,173797,188818522,
540243,"NEW LIGHT INDUSTRIES LIMITED",X,STK,1.37,1.37,1.31,1.32,1.32,1.32,147,65408,87299,
540252,"Viram Suvarn Limited",B,STK,8.95,8.95,8.62,8.8,8.87,8.85,218,81939,724170,
540254,"MARG TECHNO PROJECTS LIMITED",X,STK,27.85,28.85,27,28.79,28.79,27,8,81,2283,
540259,"SHANGAR DECOR LIMITED",X,STK,0.27,0.27,0.25,0.26,0.26,0.26,177,838359,216802,
540266,"Globe Commercials Limited",X,STK,18.45,18.45,17.4,17.61,17.93,17.86,122,12757,226333,
540267,"Flora Corporation Limited",X,STK,7.84,7.84,7.84,7.84,7.84,8.25,1,1,7,
540268,"TruCap Finance Limited",B,STK,6.35,6.98,6.35,6.75,6.81,6.35,82,16435,109739,
540293,"Pricol Limited",A,STK,624.65,637.9,615.3,617.5,618.2,624.35,965,16420,10247493,
540310,"Classic Filaments Limited",XT,STK,46.53,46.53,46.5,46.5,46.5,45.62,4,1500,69780,
540311,"JITF INFRALOGISTICS LIMITED",T,STK,386.7,389.65,374,383.65,387.8,371.1,94,3099,1185650,
540358,"RMC SWITCHGEARS LIMITED",M,STK,434.65,434.95,423.35,424.6,424.6,434.65,59,9125,3911631,
540360,"LEADING LEASING FINANCE AND IN",X,STK,2.74,2.83,2.25,2.31,2.31,2.81,3495,9790469,23974203,
540361,"DANUBE INDUSTRIES LIMITED",X,STK,4.46,4.65,4.46,4.6,4.62,4.53,77,35066,161669,
540366,"Music Broadcast Limited",B,STK,5.62,6.39,5.62,6.27,6.23,5.97,17,488,3024,
540376,"Avenue Supermarts Limited",A,STK,3890.05,3893.05,3825,3867,3867,3886.2,1267,5588,21568620,
540377,"IFL ENTERPRISES LIMITED",B,STK,0.45,0.45,0.43,0.43,0.43,0.45,1182,5946468,2596434,
540386,"Ontic Finserve Limited",X,STK,1.71,1.75,1.63,1.65,1.64,1.71,174,124712,207791,
540393,"Sarthak Metals Limited",B,STK,70.55,70.55,70.55,70.55,70.55,72,1,75,5291,
540395,"Chemcrux Enterprises Limited",B,STK,102.95,102.95,97.15,97.35,97.15,99.32,119,4613,451085,
540396,"Manomay Tex India Limited",T,STK,228,228,214,223.9,223.9,220.75,5,523,119092,
540401,"Maximus International Limited",X,STK,9.98,9.98,9.76,9.79,9.93,9.85,63,10361,101971,
540403,"CL Educate Limited",B,STK,40.4,41.55,40.3,40.67,40.54,40.83,183,9453,389243,
540404,"PRIME FRESH LIMITED",B,STK,265.85,274,260.35,264.95,264.95,262.2,262,74113,19714687,
540405,"Oceanic Foods Limited",X,STK,60,62,59.02,60.01,62,61,11,171,10260,
540425,"Shankara Building Products Lim",B,STK,109.75,119,109.75,115.1,115.1,111.1,460,16570,1910141,
540455,"Escorp Asset Management Limite",B,STK,111,115,109,115,115,116.35,12,186,20515,
540481,"Classic Leasing & Finance Ltd.",X,STK,41,41,39.23,40.41,41,39.23,11,226,9262,
540492,"STARLINEPS ENTERPRISES LIMITED",T,STK,11.11,11.11,11.11,11.11,11.11,10.9,226,278317,3092101,
540497,"S Chand And Company Limited",B,STK,156.2,156.5,152.05,153,153,156.35,39,848,130777,
540515,"KANUNGO FINANCIERS LIMITED",XT,STK,11.21,11.21,11.21,11.21,11.21,11.44,3,52,582,
540519,"Meera Industries Limited",B,STK,67.61,69.94,64.05,64.47,64.15,66.28,309,20867,1371223,
540526,"IRB InvIT Fund",IF,STK,61.35,61.89,61.35,61.82,61.6,61.68,615,45886,2830895,
540530,"Housing &Urban Development Cor",A,STK,190.5,191.7,186.65,190.45,190.45,190.4,2625,704738,134078124,
540544,"PSP Projects Limited",B,STK,749.6,755,731.8,740,742.65,749.6,110,1159,858184,
540545,"Bhakti Gems And Jewellery Limi",XT,STK,38.18,40,38.18,39.3,39.3,40.17,89,13701,542428,
540565,"IndiGrid Infrastructure Trust",IF,STK,164.4,165.79,164.4,165.13,165.39,164.73,230,11305,1866818,
540570,"VARIMAN GLOBAL ENTERPRISES LIM",X,STK,5.02,5.19,4.91,4.98,5,5.02,91,19213,96617,
540575,"Star Cement Limited",A,STK,215.05,218.1,215.05,215.95,216.85,217.35,715,19957,4314883,
540590,"Riddhi Corporate Services Limi",X,STK,65,66.49,62,62.92,65.9,65,36,3412,213834,
540595,"Tejas Networks Limited",A,STK,324.35,381.45,324.3,372.35,372.35,317.9,67910,7312085,2617357811,
540596,"Eris Lifesciences Limited",A,STK,1375.6,1386.3,1355,1361.5,1365.4,1380.2,367,2242,3067813,
540597,"Containerway International Lim",X,STK,15.65,16.44,15.64,15.81,15.81,16.46,17,26158,424688,
540602,"GTPL Hathway Limited",B,STK,58.78,62.04,55.25,56.9,57,58.76,418,17824,1044688,
540611,"AU Small Finance Bank Limited",A,STK,998.8,998.8,967.9,973.1,973.1,982.2,2790,97176,94829955,
540612,"ICICI Prudential Nifty Low Vol",B,STK,22.57,23.05,22.57,22.78,22.78,22.77,32,20162,458537,
540614,"G G Engineering Limited",X,STK,0.49,0.49,0.48,0.48,0.48,0.48,830,3876053,1885732,
540615,"7NR Retail Limited",X,STK,3.59,3.75,3.49,3.63,3.68,3.58,94,23360,83624,
540642,"Salasar Techno Engineering Lim",B,STK,8,8.1,7.9,7.93,7.92,7.91,264,141330,1127100,
540647,"Ganges Securities Ltd.",B,STK,127.9,129.45,127.5,129.45,129.45,133.4,4,21,2688,
540648,"Palash Securities Limited",B,STK,100.8,100.8,91.75,93.64,95.9,93.78,8,43,4033,
540649,"AVADH SUGAR & ENERGY LIMITED",B,STK,324.9,333.5,317.95,333.4,332.2,325.3,49,736,236685,
540650,"Magadh Sugar & Energy Limited",B,STK,433.85,449,433.85,445.05,449,433.85,28,539,238669,
540652,"Captain Technocast Limited",M,STK,180,180,175,175,175,180,3,2250,401250,
540654,"GlobalSpace Technologies Limit",X,STK,18.15,18.47,17.62,18,18,17.57,33,5381,97051,
540669,"UTI Mutual Fund",B,STK,74.73,76.17,74.73,75.68,75.68,74.7,14,531,40111,
540673,"SIS LIMITED",B,STK,293.15,305,288.25,302.95,303.1,293.3,247,3349,1000519,
540678,"Cochin Shipyard Limited",A,STK,1487.9,1515,1479.6,1500.6,1500.6,1487.9,4881,81048,121478545,
540679,"HALEOS LABS LIMITED",B,STK,1319,1319,1318.9,1318.9,1318.9,1282.5,7,249,328406,
540680,"KIOCL Limited",A,STK,340.9,349.9,339.3,343.5,342,339.35,604,16247,5595897,
540686,"Smruthi Organics Limited",X,STK,111.2,114,110.15,113.35,113.35,114,30,2094,234312,
540691,"Aditya Birla Capital Ltd",A,STK,353.4,359.05,351.5,355.9,355.9,353.25,2562,177577,62989992,
540692,"Apex Frozen Foods Limited",B,STK,424.7,428,416.65,422.4,421.6,420.25,582,18638,7850841,
540693,"Shish Industries Limited",T,STK,14.17,14.17,14.17,14.17,14.17,14.45,219,393133,5570694,
540694,"ANG Lifesciences India Limited",B,STK,23.3,23.65,22.81,23.65,23.65,22.73,36,4960,115166,
540696,"KCD INDUSTRIES INDIA LIMITED",X,STK,6.14,6.14,5.6,5.91,5.94,5.89,63,39540,228933,
540699,"Dixon Technologies (India) Lim",A,STK,10388,10460,10090,10118.75,10118.75,10394,10598,52865,540975470,
540700,"Bharat Road Network Limited",B,STK,19.58,19.61,19.23,19.48,19.48,19.58,62,2094,40497,
540701,"Dishman Carbogen Amcis Limited",B,STK,176.35,190.8,176.35,185,184.55,176.65,939,28716,5302483,
540702,"Lasa Supergenerics Limited",B,STK,7.82,7.92,7.82,7.89,7.82,7.82,28,2752,21630,
540703,"PRO CLB GLOBAL LIMITED",XT,STK,40.18,40.38,40.18,40.18,40.18,41,11,11602,466388,
540704,"Matrimony.com Limited",B,STK,416.5,417.9,406.2,411.1,412.95,419.6,99,1189,487020,
540709,"Reliance Home Finance Limited",Z,STK,2.19,2.24,2.13,2.18,2.18,2.2,319,217837,479522,
540710,"Capacit'e Infraprojects Limite",B,STK,250,258,245.85,247.2,247,253.35,979,28125,7075363,
540716,"ICICI Lombard General Insuranc",A,STK,1938.8,1955.55,1929.65,1943.8,1947.15,1938.75,319,3085,6008430,
540717,"Polo Queen Industrial and Fint",B,STK,20.71,22,19.7,19.77,19.7,20.62,255,23354,469527,
540718,"AAYUSH ART AND BULLION LIMITED",M,STK,1114,1117.1,1111.3,1112.9,1111.3,1113.4,681,87250,97192893,
540719,"SBI Life Insurance Company Lim",A,STK,2065.2,2102,2065,2082.6,2080.05,2073,792,6541,13668642,
540724,"Prataap Snacks Limited",B,STK,1043,1075.55,1043,1070.25,1070.25,1068.55,21,198,209214,
540725,"Share India Securities Limited",B,STK,130.3,136.3,130.3,133.75,133.8,130.2,205,11702,1572288,
540726,"Trident Texofab Limited",B,STK,79,79,79,79,79,83.15,24,971,76709,
540727,"Poojawestern Metaliks Limited",B,STK,27.5,28.5,27.42,28.14,28.14,27.62,22,654,18109,
540728,"Sayaji Industries Limited",X,STK,95,97,92,93.09,93.09,94.19,57,5286,499078,
540730,"Mehai Technology  Limited",X,STK,1.43,1.46,1.37,1.38,1.38,1.43,590,1585898,2206833,
540735,"IRIS RegTech Solutions Limited",B,STK,245.85,254.25,245.85,252,252,249.6,152,1120,281442,
540737,"Shree Ganesh Remedies Limited",X,STK,509.15,520.5,508,508.15,508.1,518.1,67,2549,1307257,
540738,"Shreeji Translogistics Limited",B,STK,8.22,8.25,8.02,8.05,8.03,8.1,123,22918,186252,
540743,"Godrej Agrovet Limited",A,STK,622.05,627.25,615,617.95,620.05,623.35,1119,11795,7307224,
540749,"MAS Financial Services Limited",B,STK,354.95,354.95,335.85,339.35,338.95,340.05,231,2298,780733,
540750,"Indian Energy Exchange Limited",A,STK,128.15,130.7,126.9,127.3,127.3,127.7,2156,281879,36174804,
540755,"General Insurance Corporation",A,STK,391.1,396.75,385.3,388.8,388.8,391.05,971,17193,6717658,
540757,"SHEETAL COOL PRODUCTS LIMITED",T,STK,332,332,317,318,317,326.25,14,702,226768,
540762,"Tube Investments of India Ltd",A,STK,2600.15,2725,2600.15,2718.65,2718.3,2617.6,4148,262780,713041484,
540767,"NIPPON LIFE INDIA ASSET MANAGE",A,STK,974.85,975,934.05,945.8,950,975.45,2251,33934,32209500,
540768,"Mahindra Logistics Limited",B,STK,405,409,398,407.55,407,401.5,224,8585,3472456,
540769,"The New India Assurance Compan",A,STK,148.85,152.5,148.05,149.2,149.2,148.55,438,14396,2156988,
540774,"IFGL Refractories Limited",B,STK,173,173,169.4,169.65,169.6,170.9,70,1846,317452,
540775,"Khadim India Limited",B,STK,127,128.25,117.95,123.55,123.55,125.55,451,12205,1494251,
540776,"5paisa Capital Limited",B,STK,322.15,329.3,316.2,320.45,316.25,324.5,122,2861,924027,
540777,"HDFC LIFE INSURANCE COMPANY LI",A,STK,735.6,744.95,731.75,734.1,733.7,735.25,3067,346572,256503232,
540782,"Sanghvi Brands Limited",M,STK,9.55,10.98,9.5,10.98,10.98,9.15,3,16000,153980,
540786,"SHARIKA ENTERPRISES LIMITED",B,STK,11.82,12.16,11.3,11.69,11.69,11.88,71,21994,259065,
540787,"ICICI Prudential Mutual Fund",A,STK,126.81,128.28,126.76,128.07,128.1,127.96,321,23955,3056206,
540788,"Aspira Pathlab & Diagnostics L",X,STK,60,60,57.05,57.08,57.08,60.5,3,102,5822,
540789,"Diligent Media Corporation Lim",B,STK,3.7,3.7,3.2,3.36,3.36,3.34,5,239,801,
540795,"Dynamic Cables Limited",B,STK,278.65,294.3,278.45,287.1,286,278.6,552,14829,4260356,
540796,"Ratnabhumi Developers Limited",B,STK,214.95,214.95,199.25,199.25,199.25,209.7,6,454,97517,
540797,"Shalby Limited",B,STK,156.6,159.05,154.4,155.35,156.15,156.5,183,11837,1850623,
540809,"MRC AGROTECH LIMITED",B,STK,46.11,47,45,46.26,46.6,45.89,205,284980,13213827,
540821,"CRYSTAL BUSINESS SYSTEM LIMITE",X,STK,1.85,1.9,1.65,1.82,1.82,1.81,109,72296,125102,
540824,"Astron Paper & Board Mill Limi",B,STK,4,4.15,4,4.13,4.13,4.06,6,50,203,
540829,"Chandrima Mercantiles limited",X,STK,6.92,6.92,6.45,6.45,6.45,6.78,274,526240,3400295,
540850,"Jhandewalas Foods Limited",MT,STK,39.78,39.79,39.78,39.79,39.79,39.5,3,6000,238730,
540874,"7SEAS ENTERTAINMENT LIMITED",X,STK,74.39,74.48,72.01,74.04,72.01,73.68,45,3156,232002,
540879,"Apollo Micro Systems Limited",A,STK,238.95,257.65,238.95,248.2,248.2,238.95,4627,292942,73305149,
540900,"Newgen Software Technologies L",A,STK,504,535.1,504,518.4,518.4,500.35,24134,1507601,781782195,
540901,"Praxis Home Retail Limited",B,STK,7.65,8.15,7.65,8,8,7.89,76,13715,109327,
540902,"Amber Enterprises India Limite",A,STK,8050,8050,7915.95,7943.75,7957.15,8046.6,1063,4287,34174314,
540904,"TIRUPATI FOAM LIMITED",XT,STK,75,75,75,75,75,71.5,2,14,1050,
540914,"SRU Steels Limited",X,STK,3.27,3.4,3.25,3.27,3.27,3.26,94,37278,123359,
540923,"Ashoka Metcast Limited",B,STK,13.52,15.99,13.52,15.75,15.75,15.49,36,1328,20223,
540935,"Galaxy Surfactants Limited",A,STK,1958.3,1980.85,1951.95,1971.85,1964,1957.45,53,248,486204,
540936,"Gautam Gems Limited",B,STK,3.17,3.24,3.11,3.18,3.19,3.18,70,21546,68250,
540937,"MEDICO REMEDIES LIMITED",B,STK,45.78,46.68,44.72,44.98,45,45.61,91,10631,481235,
540952,"LORENZINI APPARELS LIMITED",B,STK,7.99,7.99,7.89,7.89,7.89,7.78,4,1026,8097,
540953,"Kenvi Jewels Limited",B,STK,2.39,2.4,2.3,2.35,2.35,2.4,133,128322,303544,
540954,"The Indian Wood Products Co. L",X,STK,33.36,33.97,30.9,31.67,31.67,32.32,228,51974,1650776,
540955,"Tasty Dairy Specialities Limit",XT,STK,6.65,6.78,6.5,6.5,6.5,6.65,18,3698,24085,
540956,"Bhatia Communications & Retail",X,STK,22.39,22.39,21.55,21.72,21.72,21.95,166,20081,436596,
540975,"Aster DM Healthcare Limited",A,STK,645,650.9,633,649.4,649.4,643.3,1303,32739,21131815,
540980,"The Yamuna Syndicate Ltd",X,STK,29001,29499.95,29001,29499.95,29499.95,29399.95,2,2,58500,
541005,"KANCO TEA & INDUSTRIES LIMITED",X,STK,61.27,63.45,61.02,61.23,61.03,63.98,11,205,12554,
541019,"H.G. Infra Engineering Limited",B,STK,579.95,581.1,553.25,557.45,557.45,566.7,913,24380,13788061,
541083,"Inflame Appliances Limited",M,STK,304,307.65,301,303,303.25,303,31,12750,3878112,
541096,"Bharat Parenterals Limited",X,STK,1118.8,1118.8,1090.05,1102.05,1114,1119.8,18,23,25394,
541097,"DSP BlackRock Mutual Fund",F,STK,999.99,1000.01,999.99,1000,1000,1000,12,2139,2138982,
541143,"Bharat Dynamics Limited",A,STK,1243,1277.1,1243,1272.5,1273.8,1240.75,2832,44310,55889201,
541144,"Active Clothing Co  Limited",B,STK,102.05,102.4,99.05,100.45,99.45,100.7,120,10014,1005211,
541152,"GOYAL ALUMINIUMS LIMITED",T,STK,6.72,6.98,6.55,6.88,6.88,6.89,64,26815,178264,
541153,"Bandhan Bank Limited",A,STK,183,190.2,182.8,186.1,186.1,182.8,5370,501377,93830760,
541154,"Hindustan Aeronautics Limited",A,STK,4000,4019,3987,4008.55,4008.55,3984.45,5729,105425,421923515,
541161,"DHARAN INFRA-EPC LIMITED",Z,STK,0.19,0.19,0.19,0.19,0.19,0.19,146,521602,99104,
541163,"Sandhar Technologies Limited",B,STK,499.6,505.6,490.8,498.3,499.4,499.5,534,5684,2830388,
541167,"YASHO INDUSTRIES LIMITED",B,STK,1469.1,1510,1437.9,1503.5,1510,1465.8,100,1183,1732178,
541195,"Mishra Dhatu Nigam Limited",A,STK,346.8,354.5,342.9,352.8,352.6,346.7,1017,31627,11102451,
541228,"Taylormade Renewables Limited",B,STK,100.05,108.4,100.05,108.4,108.4,103.25,267,16005,1695002,
541233,"Lemon Tree Hotels Limited",A,STK,114.6,118.55,114.05,116.75,116.75,114.2,1777,184504,21584389,
541269,"Chemfab Alkalis Ltd",B,STK,386.7,386.7,386.7,386.7,386.7,388.6,1,1,386,
541276,"HARDWYN INDIA LIMITED",T,STK,17.39,17.48,16.77,17.29,17.39,17.01,40,59374,1026100,
541299,"DR LALCHANDANI LABS LIMITED",M,STK,15.88,15.88,15.88,15.88,15.88,16.71,1,4000,63520,
541301,"Orient Electric Limited",B,STK,172.35,198.8,172.35,194.6,194.5,175.1,1957,94610,18006143,
541302,"Dhruv Consultancy Services Lim",B,STK,26.89,29.04,26.2,27.08,27.05,27.87,55,8146,224951,
541303,"Akshar Spintex Limited",B,STK,0.44,0.45,0.43,0.43,0.43,0.44,57,140155,61517,
541304,"Indo US Bio-Tech Limited",B,STK,131,141.6,131,140.4,141.6,136.55,101,681,95423,
541313,"ICICI Prudential BSE 500 ETF",A,STK,39.01,39.89,38.97,39.45,39.45,39.44,58,851,33742,
541336,"IndoStar Capital Finance Limit",B,STK,221.9,229.15,221.9,227.4,227,223,153,1349,306291,
541337,"Milestone Furniture Limited",MT,STK,28.45,29.8,28.45,29.8,29.8,29.9,3,21000,605550,
541338,"U. H. ZAVERI LIMITED",B,STK,13.81,13.81,13.3,13.32,13.31,13.81,54,8482,113807,
541347,"Parvati Sweetners and Power Lt",XT,STK,7.62,8.18,7.62,8.08,8.17,7.87,42,3834,30484,
541352,"Megastar Foods Limited",B,STK,243.6,243.6,233,233,233,233.95,17,639,151311,
541353,"Innovators Facade Systems Limi",M,STK,162,162,156,156,156,165.05,14,11200,1787400,
541358,"UNIFINZ CAPITAL INDIA LIMITED",X,STK,96.02,96.02,95,95,95,95.8,34,3454,329835,
541400,"ZIM Laboratories Limited",B,STK,69.15,70.75,68.34,70.41,70.42,68.51,64,801,55858,
541402,"Affordable Robotic & Automatio",B,STK,191.9,192.9,179.9,182.15,180.5,191.55,204,4856,901044,
541403,"Dollar Industries Limited",B,STK,288.3,292.35,285.95,289.6,290.4,288.25,84,1564,450965,
541418,"NAKODA GROUP OF INDUSTRIES LIM",B,STK,25.81,26.81,25.68,25.69,25.68,25.78,29,2042,54027,
541444,"Palm Jewels Limited",B,STK,17.58,17.95,17,17.31,17.19,17.5,74,8368,145742,
541445,"Waa Solar Limited",M,STK,46.91,49,46.56,48.15,49,49.06,14,11200,532328,
541450,"Adani Green Energy Limited",A,STK,962.05,973.7,956.45,965.3,965.3,964.4,3892,108491,104754772,
541540,"SOLARA ACTIVE PHARMA SCIENCES",B,STK,472,477,461,463.2,461,471.95,282,2553,1199588,
541546,"GAYATRI HIGHWAYS LTD",B,STK,2.24,2.31,2.21,2.26,2.31,2.27,104,58130,131523,
541556,"RITES Limited",A,STK,217.25,218.95,215.15,215.75,215.75,218.9,1215,36112,7835636,
541557,"Fine Organic Industries Limite",A,STK,4885,4905,4691.05,4708.8,4691.05,4890.75,598,2150,10244066,
541578,"Varroc Engineering Limited",A,STK,551.5,555.45,548.55,549.9,548.55,551.45,256,2405,1328994,
541601,"Rajnish Wellness Limited",B,STK,0.45,0.46,0.45,0.45,0.45,0.45,518,2696793,1218983,
541627,"Gujarat Winding Systems Limite",X,STK,7.15,7.9,7.15,7.32,7.32,7.15,22,1008,7469,
541634,"Raw Edge Industrial Solutions",B,STK,18.7,18.7,17.1,17.1,17.1,17.99,35,3411,58872,
541701,"Supershakti Metaliks Limited",M,STK,250,250,220,222.65,220,225,7,33600,7727400,
541702,"Ashnisha Industries Limited",XT,STK,4,4,4,4,4,4,127,238200,952800,
541729,"HDFC Asset Management Company",A,STK,2748.8,2762,2741.5,2755.45,2759.3,2744.65,1471,8701,23943177,
541735,"Vivanta Industries Limited",X,STK,1.78,1.78,1.7,1.75,1.75,1.75,211,101409,175939,
541741,"Fratelli Vineyards Limited",X,STK,87,89.58,86.51,87,87,87.77,30,2371,208913,
541770,"CreditAccess Grameen Ltd.",A,STK,1318.75,1347.85,1300.05,1339.05,1336.9,1305.2,1089,13964,18600779,
541771,"AMIN TANNERY LIMITED",X,STK,1.62,1.7,1.61,1.65,1.7,1.62,62,112690,185762,
541778,"Deep Polymers Limited",B,STK,34.43,35.3,32.8,33.67,34.2,33.75,115,13134,442835,
541809,"ICICI Prudential Mutual Fund",B,STK,73.38,74.42,73.38,74.34,74.29,74.03,158,17274,1280944,
541865,"Add-Shop E-Retail Limited",B,STK,7.41,8.07,7.41,7.71,7.84,7.75,99,11573,89645,
541890,"Space Incubatrics Technologies",XT,STK,0.25,0.25,0.23,0.24,0.24,0.24,196,1956993,469834,
541929,"Synergy Green Industries Limit",B,STK,517.6,517.85,513.85,513.85,513.85,516.2,20,728,375802,
541946,"ICICI Prudential BSE Liquid Ra",F,STK,1000,1000.01,1000,1000,1000,1000,29,54902,54902005,
541956,"IRCON International Ltd",A,STK,146.65,148.6,144.65,145.1,145.1,146.8,3057,225738,33028846,
541967,"Sky Gold And Diamonds Limited",A,STK,360.05,368.4,356.5,360.05,361.35,362,681,23285,8415309,
541972,"SBI Mutual Fund",A,STK,929.48,934.14,923.89,930,930,924.31,11,167,155079,
541974,"Manorama Industries Limited",A,STK,1457.2,1457.2,1416.95,1435.35,1445,1432.15,167,1336,1914156,
541988,"AAVAS Financiers Limited",A,STK,1280.15,1305,1280.15,1292.55,1297,1286.05,863,7992,10312977,
542011,"Garden Reach Shipbuilders & En",A,STK,2423.05,2488,2420,2470.2,2470.2,2423.05,3050,38280,94283778,
542012,"A-1 LIMITED",B,STK,24.04,24.04,24.03,24.04,24.04,22.9,2228,1931951,46441542,
542013,"Dolfin Rubbers Limited",B,STK,178,178,168.7,171,170,173.45,52,1595,270933,
542019,"Shubham Polyspin Limited",B,STK,58.99,61.29,55.5,60.85,60.85,58.38,158,75856,4562312,
542020,"AKI India Limited",B,STK,5.5,5.5,5.01,5.28,5.28,5.37,19,3954,20403,
542025,"Sun Retail Limited",M,STK,0.43,0.43,0.43,0.43,0.43,0.44,1,48000,20640,
542034,"S. M. Gold Limited",B,STK,14.24,14.24,13.55,13.82,13.88,13.74,66,11326,157271,
542046,"VIVID MERCANTILE LIMITED",T,STK,7.05,7.36,7.05,7.29,7.29,7.05,104,146975,1065661,
542057,"BCPL Railway Infrastructure Li",B,STK,66.3,66.94,64.61,65.11,65.49,66.03,296,14750,959596,
542066,"ADANI TOTAL GAS LIMITED",A,STK,516,519.75,513.6,515.95,515.7,515.15,1127,25554,13215150,
542123,"The Phosphate Company Limited",X,STK,143,143,135,139,139,143,13,193,26135,
542131,"Mirae Asset Mutual Fund",B,STK,275.57,276.38,274.33,275.78,275.78,275.66,319,1764,485562,
542141,"Techno Electric & Engineering",A,STK,1157.7,1215.45,1157.7,1179.35,1179.35,1157.6,1032,11462,13648721,
542145,"Roni Households Limited",M,STK,47.7,47.7,46,46,46,47.4,2,3600,168660,
542146,"Shree Krishna Infrastructure L",MT,STK,10.9,10.9,10.85,10.85,10.85,10.55,2,2500,27187,
542155,"Diksha Greens Limited",MT,STK,1.35,1.35,1.35,1.35,1.35,1.37,2,4000,5400,
542176,"Aryan Share & Stock Brokers Lt",X,STK,21.6,21.6,21.6,21.6,21.6,21.6,4,35,756,
542206,"NIVAKA FASHIONS LIMITED",X,STK,1.64,1.74,1.64,1.71,1.71,1.7,25,14528,24744,
542216,"DALMIA BHARAT LIMITED",A,STK,2062.05,2079.8,2041,2062.75,2060.7,2062.1,190,785,1615593,
542230,"Aditya Birla Sun Life Mutual F",B,STK,73.96,73.96,73.43,73.8,73.8,73.6,10,118,8692,
542231,"Nila Spaces Ltd",B,STK,14,14.15,13.98,14.14,14.15,13.94,53,9378,132258,
542232,"Shankar Lal Rampal Dye-Chem Li",B,STK,53,53,50,51.67,51.67,51.87,133,6717,338550,
542233,"Trejhara Solutions Limited",T,STK,200.6,200.6,200.6,200.6,200.6,202.85,1,1,200,
542248,"Deccan Health Care Limited",B,STK,13.74,13.74,13.12,13.21,13.42,13.19,29,2827,37525,
542285,"Axita Cotton Limited",T,STK,8.71,9.09,8.62,8.62,8.62,9.07,227,48409,425782,
542323,"KPI Green Energy Limited",A,STK,384.85,388.95,382.05,383.4,383.4,383.95,703,21981,8457447,
542333,"RPSG VENTURES LIMITED",B,STK,667.4,688,667.4,684.15,687.45,657.2,61,519,352591,
542337,"Spencer's Retail Limited",B,STK,32.8,34.17,32.65,33.1,32.65,33.52,51,14256,481347,
542367,"Xelpmoc Design and Tech Limite",B,STK,131.25,136.55,131.25,133.2,133.2,129.65,17,1521,203363,
542376,"SPA Capital Services Limited",XT,STK,218,218,218,218,218,208,1,1,218,
542383,"Ritco Logistics Limited",B,STK,227.6,227.6,220.7,222.5,222.5,225,63,874,196123,
542399,"Chalet Hotels Limited",A,STK,833.15,835.45,822.3,825.65,829,829.05,389,3574,2965370,
542437,"Anmol India Limited",B,STK,11.02,11.9,11.02,11.6,11.6,11.58,85,10235,119041,
542446,"Jonjua Overseas Limited",M,STK,3.36,3.36,3.11,3.19,3.21,3.3,27,130167,416437,
542459,"Kranti Industries Limited",B,STK,64.45,67.99,61,61.89,61.05,64.43,106,13951,892694,
542460,"The Anup Engineering Ltd",A,STK,1585.2,1634,1573.8,1612.2,1612.2,1585.1,807,4900,7826508,
542484,"Arvind Fashions Limited",A,STK,441.05,442.3,433.75,436.4,436,438.9,419,8258,3615294,
542503,"Mahip Industries Limited",MT,STK,19.52,19.52,19,19,19,18.6,2,8000,154080,
542513,"UTI BSE  Sensex Next 50 ETF",A,STK,92.75,92.95,92.27,92.64,92.64,92.65,24,408,37792,
542543,"Energy Infrastructure Trust",IF,STK,84,84,83,83.5,83.5,83.6,15,400000,33354250,
542579,"Ashapuri Gold Ornament Limited",B,STK,4.85,4.85,4.6,4.67,4.69,4.74,1117,681161,3192184,
542580,"Aartech Solonics Limited",B,STK,46.98,46.98,43.4,43.41,43.4,43.7,47,809,35662,
542597,"MSTC Limited",B,STK,454,457.75,450.05,452.1,451,454,195,4102,1863762,
542602,"Embassy Office Parks REIT",IF,STK,426.5,430.65,423.01,427.63,426.65,426.59,443,7980,3396827,
542627,"Chandni Machines Limited",XT,STK,66.45,66.45,66.45,66.45,66.45,67.8,4,1913,127118,
542628,"Northern Spirits Limited",B,STK,123.35,123.9,121.05,121.4,121.15,123.35,91,4864,593020,
542649,"Rail Vikas Nigam Limited",A,STK,319.9,321.05,316.25,318.35,318.35,317.5,3967,300176,95753365,
542650,"Metropolis Healthcare Limited",A,STK,1876.75,1894.05,1874.95,1891.2,1885.05,1886.2,118,518,976455,
542651,"KPIT Technologies Ltd",A,STK,795.8,809.5,788.2,793.65,792,787.9,3806,89845,71764844,
542652,"Polycab India Limited",A,STK,8348.5,8526.95,8342,8504,8504,8350.55,5037,28468,240553410,
542654,"V R FILMS & STUDIOS LIMITED",B,STK,13.5,13.5,13,13.5,13.5,13.55,19,1415,18768,
542655,"VIKAS LIFECARE LIMITED",B,STK,1.48,1.5,1.47,1.48,1.47,1.48,4434,397771,591205,
542665,"Neogen Chemicals Limited",B,STK,1347,1461.4,1347,1446,1446,1339.2,1508,13492,19226876,
542666,"G. K. P. Printing & Packaging",B,STK,5.95,6.24,5.95,5.97,5.97,6.12,56,26878,162748,
542668,"EVANS ELECTRIC LIMITED",M,STK,101,102.5,100,102.5,102.5,108.6,5,19000,1938550,
542669,"BMW INDUSTRIES LIMITED",B,STK,35.99,36.19,34.27,34.89,34.89,35.59,834,149620,5274983,
542670,"Artemis Electricals and Projec",X,STK,18,18.99,17.7,18.11,18.32,18.06,149,13882,252261,
542679,"Dhanashree Electronics Limited",XT,STK,190,190,190,190,190,190,5,39,7410,
542682,"Harish Textile Engineers Limit",X,STK,69,69,64.5,65.49,64.5,65.12,15,2158,142394,
542684,"Prakash Pipes Limited",B,STK,200,206,200,204.1,202.25,199.9,100,1930,390399,
542685,"Digicontent Limited",B,STK,27.79,27.79,27.79,27.79,27.79,27.36,1,5,138,
542694,"Parshva Enterprises Limited",T,STK,157,163,157,163,163,163,4,13,2047,
542721,"Anand Rayons Limited",B,STK,118.65,118.65,118.65,118.65,118.65,124.85,18,244,28950,
542724,"Murae Organisor Limited",T,STK,0.22,0.23,0.21,0.22,0.22,0.22,674,5557084,1235870,
542725,"SBC EXPORTS LIMITED",B,STK,32.44,32.44,32.04,32.16,32.18,32.09,272,144825,4659708,
542726,"IndiaMART InterMESH Limited",A,STK,2202.4,2203.35,2169,2182.25,2182.6,2192.75,1603,5286,11520683,
542727,"CITY PULSE MULTIVENTURES LIMIT",M,STK,2890,2930,2836.35,2907.95,2907.95,2920.65,54,5750,16688495,
542729,"DCM NOUVELLE LIMITED",B,STK,149.1,158.8,133.25,136.3,139.9,135.1,20,91,12748,
542730,"ICICI Prudential Mutual Fund",B,STK,62.03,62.73,62.03,62.55,62.6,62.63,115,9679,604512,
542747,"NIPPON INDIA ETF SENSEX NEXT 5",A,STK,90.65,91.31,90.02,90.11,90.02,90.6,147,8075,732643,
542752,"AFFLE 3I LIMITED",A,STK,1375,1379.65,1325.8,1329.2,1328,1371.8,849,8564,11514501,
542758,"ICICI Prudential Mutual Fund",B,STK,29.27,29.3,29.13,29.26,29.26,29.21,31,9249,270366,
542759,"Spandana Sphoorty Financial Li",B,STK,252.7,263.5,252.05,258.55,258.1,252.6,450,19769,5117254,
542760,"STERLING AND WILSON RENEWABLE",A,STK,200.5,206,199.9,200.8,201.2,201.65,1202,116708,23649510,
542770,"Alphalogic Techsys Limited",B,STK,40.49,40.49,39.05,40.44,39.47,39.67,92,5418,217303,
542772,"360 ONE WAM LIMITED",A,STK,1128.45,1142.6,1120,1128.4,1127,1132.2,625,12185,13751650,
542773,"IIFL CAPITAL SERVICES LIMITED",A,STK,298.8,300.9,284,287.85,287.85,298.7,687,22959,6697057,
542774,"MUFIN GREEN FINANCE LIMITED",B,STK,118.95,118.95,113.45,115.65,115.6,116.4,168,34417,3962003,
542802,"Galactico Corporate Services L",B,STK,1.75,1.78,1.72,1.74,1.75,1.72,227,127414,222513,
542803,"Vaxfab Enterprises Limited",X,STK,47.85,49.4,45.05,46.44,45.64,48.09,79,13346,615931,
542812,"Gujarat Fluorochemicals Limite",A,STK,3488.9,3489.2,3415.1,3440.3,3430,3488.8,284,1163,3996216,
542830,"Indian Railway Catering and To",A,STK,606.4,609.5,594.05,595.15,595.15,606,11323,232018,139274600,
542850,"GOBLIN INDIA LIMITED",M,STK,8.5,8.5,8.2,8.2,8.2,8,10,42000,349680,
542852,"Vishwaraj Sugar Industries Lim",B,STK,5.5,5.96,5.5,5.84,5.85,5.57,46,13943,81120,
542857,"Greenpanel Industries Limited",B,STK,204.05,209,204,207.05,208.2,206.5,150,5393,1112205,
542862,"Shahlon Silk Industries Limite",X,STK,23.94,23.94,22.2,23.34,22.36,23.09,17,1516,34370,
542863,"Aditya Birla Sun Life Mutual F",B,STK,62.51,62.51,62.36,62.51,62.51,62.78,4,36,2250,
542865,"Anuroop Packaging Limited",B,STK,13.24,13.24,12,12.49,12.28,12.85,42,3855,47371,
542867,"CSB Bank Limited",A,STK,391.9,406.75,389.85,401.2,396.75,391.8,756,24570,9771807,
542904,"Ujjivan Small Finance Bank Lim",A,STK,61.32,63.05,60.85,61.55,61.55,61.27,3275,1042220,64671740,
542905,"Hindware Home Innovation Limit",B,STK,231.55,235.6,227.4,228.5,228.5,233.8,64,1603,372161,
542907,"Prince Pipes and Fittings Limi",B,STK,246.05,254.1,246.05,251.6,254,249.55,174,2622,658220,
542909,"Edelweiss Mutual Fund",F,STK,1577.89,1584,1569.2,1573.49,1569.2,1569.84,26,396,624080,
542910,"Valencia Nutrition Limited",MS,STK,55.71,63,55.7,63,63,60,3,4500,261615,
542911,"Assam Entrade Limited",X,STK,922.95,922.95,835.05,899,899,879,4,7,5997,
542918,"Gian Life Care Limited",Z,STK,9,9,8.18,8.99,8.99,8.59,8,439,3896,
542919,"Artemis Medicare Services Limi",B,STK,230.65,235.9,230.2,235.15,235.9,232.05,165,3609,836893,
542920,"SUMITOMO CHEMICAL INDIA LIMITE",A,STK,405.8,410,400.85,406.6,406.05,401,585,8128,3300145,
542921,"ICICI Prudential Mutual Fund",B,STK,22.51,22.88,22.51,22.83,22.85,22.72,180,125221,2836560,
542922,"Mirae Asset Mutual Fund",B,STK,724.65,726.49,721.42,726.34,726.16,722.46,54,373,270226,
542933,"UNIVERSUS PHOTO IMAGINGS LIMIT",T,STK,414.9,417.6,389,417.6,417.6,397.75,70,1836,763176,
542934,"Chandra Bhagat Pharma Limited",M,STK,38.1,38.1,38.1,38.1,38.1,40.1,1,1000,38100,
543064,"Cohance Lifesciences Limited",A,STK,310.6,319.6,305,308.15,308.8,309.2,880,30752,9549576,
543066,"SBI CARDS AND PAYMENT SERVICES",A,STK,786.15,786.2,765.15,775.3,775.3,785.6,1016,15206,11788111,
543071,"Nippon India Mutual Fund",F,STK,17.78,17.78,14.58,14.58,14.58,16.19,10,241,3516,
543079,"Nippon India Mutual Fund",F,STK,6,6,4.95,5.49,5.49,5.5,4,104,517,
543092,"Nippon India Mutual Fund",F,STK,8.2,8.2,8.2,8.2,8.2,8.56,1,2,16,
543099,"UTI Mutual Fund",F,STK,59.39,59.39,59.39,59.39,59.39,54,1,1,59,
543108,"UTI Mutual Fund",F,STK,116.21,116.21,116.21,116.21,116.21,129.12,2,2,232,
543110,"UTI Mutual Fund",F,STK,7.39,7.39,6.73,6.73,6.73,6.75,4,23,155,
543144,"Nippon India Mutual Fund",B,STK,5.5,5.89,5.21,5.85,5.85,5.52,4,118,645,
543150,"Nippon India Mutual Fund",B,STK,2.95,3.01,2.57,2.72,2.72,2.85,90,52695,141623,
543153,"Nippon India Mutual Fund",B,STK,29.38,29.38,29.38,29.38,29.38,29.4,1,10,293,
543161,"Nippon India Mutual Fund",F,STK,117.17,120,117.17,117.28,120,117.17,3,260,30492,
543167,"Nippon India Mutual Fund",F,STK,2.6,2.6,2.58,2.58,2.58,2.59,2,201,522,
543171,"RO Jewels Limited",B,STK,1.43,1.52,1.43,1.5,1.5,1.48,89,14476,21669,
543173,"Nippon India Mutual Fund",B,STK,14.97,14.97,12.54,13.71,13.71,13.74,14,1019,14108,
543174,"Nippon India Mutual Fund",B,STK,2.84,2.84,2.55,2.63,2.63,2.64,30,13898,36214,
543175,"Nippon India Mutual Fund",B,STK,3.74,3.98,3.36,3.98,3.8,3.73,33,10017,37216,
543176,"Nippon India Mutual Fund",B,STK,64.5,66,55.21,60,60,61.3,13,83,4781,
543177,"Nippon India Mutual Fund",B,STK,8.89,8.89,7.7,8.26,8.4,8.5,66,5178,42101,
543178,"Nippon India Mutual Fund",B,STK,38.99,38.99,31.98,35.46,38.99,35.45,6,18,659,
543181,"Nippon India Mutual Fund",B,STK,30.84,30.84,30.68,30.68,30.68,30.68,8,751,23123,
543182,"Nippon India Mutual Fund",B,STK,37.22,37.22,33.84,34.16,37,33.84,8,222,7524,
543186,"Nippon India Mutual Fund",B,STK,5.48,5.48,5.4,5.4,5.4,5.42,7,1464,7980,
543187,"HITACHI ENERGY INDIA LIMITED",A,STK,25024.8,25477.95,24999.5,25386.75,25308,24995.65,1597,5049,127849905,
543193,"DJ Mediaprint & Logistics Limi",T,STK,89,93,88.27,88.73,91.74,91.04,19,1322,117510,
543207,"Natural Biocon (India) Limited",X,STK,4.67,4.67,4.27,4.46,4.43,4.59,229,77894,354003,
543208,"REGIS INDUSTRIES LIMITED",X,STK,2.51,2.57,2.51,2.51,2.51,2.56,38,6149,15482,
543209,"Billwin Industries Limited",M,STK,27.2,27.2,27.2,27.2,27.2,24.73,1,3000,81600,
543210,"Aarti Surfactants Limited",B,STK,405.6,405.6,401,401,401,406.5,30,178,71425,
543211,"BONLON INDUSTRIES LIMITED",T,STK,44.72,45.95,43.05,44.22,44.22,44.5,17,1067,48151,
543212,"Borosil Limited",B,STK,242.35,242.9,235.8,236,235.8,241.1,226,2526,603385,
543213,"ROSSARI BIOTECH LIMITED",B,STK,493.85,496.35,491.4,493.15,493.15,493.85,150,1839,908108,
543214,"NDR Auto Components Limited",B,STK,774,797,755.55,765.4,766.5,756.85,139,2505,1918230,
543216,"Edelweiss Mutual Fund",F,STK,1399.03,1405.84,1399.03,1405.84,1405.84,1405.33,2,12,16856,
543217,"Mindspace Business Parks REIT",IF,STK,481.5,482.92,479.31,480.5,481,482.76,298,3412,1641924,
543218,"SURATWWALA BUSINESS GROUP LIMI",B,STK,29.08,29.08,27.5,29,29,29.16,3,3,85,
543219,"ICICI Prudential Mutual Fund",B,STK,28.46,28.55,28.38,28.52,28.52,28.48,63,4294,122265,
543220,"Max Healthcare Institute Limit",A,STK,1080.15,1112.4,1080.15,1110,1110,1089.3,5064,283578,313839898,
543221,"ICICI Prudential Mutual Fund",B,STK,34.15,34.38,33.69,33.74,33.82,33.76,119,30701,1042572,
543223,"Max India Limited",B,STK,157.85,159.05,155.35,156.05,156,156.9,51,478,74912,
543224,"HDFC Mutual Fund",B,STK,62.07,62.85,62.07,62.74,62.74,62.39,24,637,39874,
543225,"Altius Telecom Infrastructure",IF,STK,155.5,160,155.5,160,160,155,6,825000,130875000,
543226,"UTI Mutual Fund",B,STK,62.31,63.48,62.31,62.81,62.81,62.82,38,3234,202852,
543227,"Happiest Minds Technologies Li",A,STK,359.05,370.3,359.05,362.25,363.3,359.85,891,32053,11682611,
543228,"Route Mobile Limited",B,STK,490.9,515.25,484.25,501.55,502.1,492.95,665,9056,4556036,
543229,"Samrat Forgings Limited",X,STK,211.05,211.05,201,201,201,211.05,4,7,1467,
543230,"ADVAIT ENERGY TRANSITIONS LIMI",B,STK,1695,1749.5,1683.2,1731.4,1730,1678.45,636,4030,6957043,
543231,"Archidply Decor Limited",B,STK,75.83,75.83,74.98,74.98,74.98,75.95,4,66,4949,
543232,"Computer Age Management Servic",A,STK,713.7,715.8,702.2,708.45,708,713.5,1038,27196,19249254,
543233,"Chemcon Speciality Chemicals L",B,STK,162,166,161,163.2,163.2,161.5,100,3030,493119,
543234,"Secmark Consultancy Limited",B,STK,143.95,145.25,134.8,138.25,136.05,121.05,646,31672,4481556,
543235,"ANGEL ONE LIMITED",A,STK,251.35,255,241.5,246.3,246.3,2491.2,13719,728141,179424587,
543236,"Atam Valves Limited",B,STK,64.7,65.95,62.17,62.17,62.17,64.31,22,510,33025,
543237,"Mazagon Dock Shipbuilders Limi",A,STK,2240,2273,2230,2251.15,2251.15,2239.15,5162,61860,139288684,
543238,"UTI Asset Management Company L",A,STK,1050,1052.1,1025.35,1029.7,1026.5,1046.35,1229,8741,9037472,
543240,"Likhitha Infrastructure Limite",B,STK,150,152.35,150,150.5,150.3,150.1,47,1440,217343,
543241,"Veer Global Infraconstruction",T,STK,83.6,87.66,83.41,83.74,87.66,87.8,11,428,35728,
543242,"Hemisphere Properties India Li",B,STK,141.6,144,141.2,141.7,141.7,141.5,147,11387,1622217,
543243,"Equitas Small Finance Bank Lim",A,STK,65.8,66.62,65.16,65.99,66.2,65.78,499,34042,2244359,
543244,"Shine Fashions (India) Limited",M,STK,26,26,26,26,26,26,1,4000,104000,
543245,"Gland Pharma Limited",A,STK,1845.8,1875,1830.6,1867.15,1858.4,1845.6,462,2596,4838595,
543246,"Mirae Asset Mutual Fund",B,STK,42.97,42.99,42.8,42.85,42.85,42.91,8,161,6908,
543248,"Restaurant Brands Asia Limited",A,STK,63.67,64.36,63.6,63.6,63.6,63.64,172,90444,5770957,
543249,"TARC LIMITED",B,STK,152.5,152.5,147.45,150,148.9,151.05,171,8998,1351435,
543251,"Ravinder Heights Limited",B,STK,39.57,41.09,39.01,39.23,39.05,39.35,31,1201,47801,
543252,"Fairchem Organics Limited",B,STK,583.45,586.95,578,585.05,586,576.55,43,101,59005,
543253,"Mrs. Bectors Food Specialities",A,STK,218.05,218.05,209.5,212.2,211,216.35,1490,58181,12424659,
543254,"Antony Waste Handling Cell Lim",B,STK,497.4,512.5,497.4,509.6,511.8,511.05,255,5599,2837606,
543255,"Nippon India Mutual Fund",B,STK,994.94,999.39,989.82,995.65,999.39,990.68,168,417,414466,
543256,"RITA FINANCE AND LEASING LIMIT",XT,STK,18.85,18.85,18,18.85,18.85,18.9,6,2851,52753,
543257,"Indian Railway Finance Corpora",A,STK,104.75,105.3,102.5,103.25,103.25,104.55,7789,1235611,128515336,
543258,"Indigo Paints Limited",B,STK,938,957.25,938,946.35,945.5,948.95,183,1106,1046692,
543259,"Home First Finance Company Ind",A,STK,1185,1197.9,1170.15,1176.25,1176.25,1246,6247,137657,162874567,
543260,"STOVE KRAFT LIMITED",B,STK,487.1,502.6,479,486.5,490.05,487.05,55,386,188599,
543261,"Brookfield India Real Estate T",IF,STK,352,361.81,351.52,360.25,359.37,351.88,448,345455,121979833,
543262,"MRP Agro Limited",M,STK,90.34,90.34,84,88.78,88.5,92.9,19,22000,1953090,
543263,"SMC Global Securities Limited",B,STK,79.15,79.46,77.99,78.48,78.74,79.2,142,8149,639492,
543264,"Nureca Limited",B,STK,299,305.2,294.2,297.9,297.9,289.4,117,1973,591270,
543265,"RailTel Corporation of India L",A,STK,320.2,320.2,310.65,312.7,312.7,318.05,2463,67127,21190909,
543266,"Heranba Industries Limited",B,STK,209.15,212,206,208.6,208.35,208.45,191,7109,1492681,
543267,"Davangere Sugar Company Limite",B,STK,4.09,4.3,4.05,4.09,4.09,4.09,429,702363,2919721,
543268,"DRC Systems India Limited",B,STK,15.29,15.91,14.93,15.17,14.93,15.15,12,908,14196,
543270,"MTAR Technologies Limited",A,STK,3700,3735.55,3617.5,3683.55,3691,3686.1,1113,7774,28599391,
543271,"Jubilant Ingrevia Limited",A,STK,586.25,598.4,579.95,593.4,593.65,593.55,1003,19207,11304389,
543272,"Easy Trip Planners Limited",A,STK,8.52,9.18,8.32,8.68,8.68,8.54,3266,3938653,34661240,
543273,"Knowledge Marine & Engineering",B,STK,1650,1650,1597,1638.45,1630,1631,185,1729,2791945,
543275,"Anupam Rasayan India Limited",A,STK,1263.6,1263.8,1247.9,1253.3,1253,1266.9,139,2979,3733266,
543276,"Craftsman Automation Limited",A,STK,7753.95,7864.55,7633.75,7743.35,7714.7,7793.35,403,1310,10129032,
543277,"Laxmi Organic Industries Limit",A,STK,130.9,132.7,128.4,131.1,131.15,130.85,459,17992,2344291,
543278,"Kalyan Jewellers India Limited",A,STK,404.15,411.05,402.8,407,407,405.6,1386,90210,36720595,
543279,"Suryoday Small Finance Bank Li",B,STK,116.5,128.65,116.5,125.9,125.95,116.85,887,80135,10042915,
543280,"Nazara Technologies Limited",A,STK,270,270.15,263.5,265.5,265.5,267.95,413,23617,6321801,
543281,"Suvidhaa Infoserve Limited",B,STK,3.04,3.04,3.04,3.04,3.04,3.04,5,9,27,
543283,"UNITED FOODBRANDS LIMITED",B,STK,248.1,248.15,240.1,240.8,240.1,247,31,345,84066,
543284,"EKI Energy Services Limited",B,STK,95.02,96.78,93.15,93.37,93.37,95.87,380,12234,1150494,
543285,"Rajeshwari Cans Limited",MT,STK,23.01,24,22.49,24,24,23.01,14,9200,208616,
543287,"Lodha Developers Limited",A,STK,1058.55,1058.55,998,1011.7,1011.7,1022.3,1788,26061,26405210,
543288,"Deep Industries Limited",B,STK,358.95,362,350,355.5,356.25,351.6,377,5939,2104263,
543289,"Kuberan Global Edu Solutions L",TS,STK,40.35,40.35,40.35,40.35,40.35,38.43,1,3000,121050,
543290,"POWERGRID Infrastructure Inves",IF,STK,90.98,92.23,90.55,91.46,91.46,90.27,1975,252171,23083008,
543291,"Mirae Asset Mutual Fund",B,STK,152.08,152.08,152.08,152.08,152.08,150.87,10,245,37259,
543292,"ICICI Prudential Mutual Fund",B,STK,153,154.97,153,154.83,154.85,153.02,317,5630,866656,
543298,"Vineet Laboratories Limited",B,STK,30.85,30.91,30.47,30.47,30.52,31.3,7,157,4808,
543299,"Shyam Metalics and Energy Limi",A,STK,861.75,862.4,844.4,857.45,857,860.5,349,2565,2189681,
543300,"Sona BLW Precision Forgings Li",A,STK,544.05,546.35,535.8,544.45,544.45,541.7,1662,35936,19452792,
543306,"Dodla Dairy Limited",A,STK,1145.7,1174.65,1145.6,1154.65,1147.25,1145.6,210,1220,1416717,
543308,"Krishna Institute of Medical S",A,STK,726.3,756.6,723,742.95,740.8,726.2,1258,183150,137398501,
543311,"India Pesticides Limited",B,STK,155.6,158.5,154.4,157.9,158.1,155.55,204,7561,1185378,
543317,"G R Infraprojects Limited",A,STK,986.2,990.35,981,984.6,981.05,986.15,212,1018,1002542,
543318,"Clean Science and Technology L",A,STK,720.4,735.3,716.85,722,721.3,720.35,844,413993,298938382,
543320,"Eternal Limited",A,STK,251.05,254.75,245.2,246.4,246.4,250.25,73600,105371448,25870197563,
543321,"Tatva Chintan Pharma Chem Limi",B,STK,1216.4,1289,1216.4,1232.4,1226.2,1216.35,380,4163,5213394,
543322,"ALIVUS LIFE SCIENCES LIMITED",A,STK,907.5,930.9,903.75,920.1,919.4,907.45,294,2000,1840030,
543323,"Mirae Asset Mutual Fund",B,STK,29,29.37,29,29.27,29.26,29.3,36,2422,70805,
543324,"Gretex Corporate Services Limi",T,STK,354.8,354.8,354,354,354,347.85,3,207,73306,
543325,"Rolex Rings Limited",B,STK,139.95,140.75,135,136.75,136.8,140.75,577,27429,3788620,
543326,"ICICI Prudential Mutual Fund",B,STK,55.67,55.67,55.32,55.54,55.58,55.65,142,12401,688107,
543327,"Exxaro Tiles Limited",B,STK,7.49,7.86,7.49,7.85,7.85,7.49,506,305998,2369705,
543328,"Krsnaa Diagnostics Limited",B,STK,631.6,644.5,624.95,639.05,644.5,628.1,103,1505,950568,
543329,"Windlas Biotech Limited",B,STK,755.5,769.6,754.35,761.65,761.4,756.6,55,983,746760,
543330,"Devyani International Limited",A,STK,131.7,132,128.55,128.9,128.9,131.7,992,60916,7902341,
543331,"Meghmani Organics Limited",B,STK,52.4,53.6,52.4,53.17,53.3,52.38,481,56110,2981658,
543332,"Epigral Limited",A,STK,909.05,939.15,909.05,922.15,929,926.95,155,1025,947714,
543333,"CarTrade Tech Limited",A,STK,1789.9,1877.7,1788.05,1868.75,1863.8,1778.6,2260,21412,39736900,
543334,"Nuvoco Vistas Corporation Limi",A,STK,331.9,335.35,330.8,332.25,332.8,331.7,173,2516,836375,
543335,"Aptus Value Housing Finance In",A,STK,247.6,250.6,243.2,245.5,245.5,247.5,1848,85771,21249651,
543336,"Chemplast Sanmar Limited",B,STK,253.1,264,250.15,255,255,253.25,341,11448,2921628,
543341,"SHARPLINE BROADCAST LIMITED",X,STK,11.35,12.98,10.97,11.94,12.2,10.96,89,20607,247935,
543347,"Axis Mutual Fund",B,STK,337,337,334.02,334.51,334.02,336.75,16,675,227152,
543348,"Axis Mutual Fund",B,STK,152.41,153.99,152.41,152.88,152.62,151,6,213,32516,
543349,"ACUTAAS CHEMICALS LIMITED",A,STK,2151.15,2200,2150,2185.5,2181.5,2165.05,530,7694,16819886,
543350,"Vijaya Diagnostic Centre Limit",A,STK,989.9,999.55,984.1,985.05,984.4,989.8,219,1614,1600744,
543351,"Naapbooks Limited",MS,STK,89.2,101.75,89.2,91.35,91,101.5,30,79200,7282380,
543358,"Sansera Engineering Limited",A,STK,2358.45,2358.45,2268,2289.25,2289.15,2358.45,2360,21763,50114986,
543363,"Prevest Denpro Limited",M,STK,446,453,445,451.7,450,446.75,11,4800,2155700,
543364,"Markolines Pavement Technologi",B,STK,170,170,159.75,163.85,163.85,159.8,1079,84077,13756720,
543365,"Mirae Asset Mutual Fund",B,STK,70.33,70.33,70.33,70.33,70.33,69.67,10,200,14066,
543366,"SBL Infratech Limited",M,STK,32.1,42.6,32.1,42.6,42.6,35.5,8,10800,425520,
543367,"Paras Defence and Space Techno",A,STK,634.95,643.4,631,637.35,638,631.9,973,28870,18404925,
543373,"Shri Venkatesh Refineries Limi",M,STK,255,255,250,250.95,250.95,260,5,2500,630975,
543374,"Aditya Birla Sun Life AMC Limi",A,STK,911.3,933.1,907.05,912.15,912.15,911.15,897,21964,20087925,
543375,"Promax Power Limited",M,STK,17.3,17.3,17.3,17.3,17.3,17.3,1,2500,43250,
543376,"Samor Reality Limited",B,STK,72,72,69,69,69,69,6,9,632,
543378,"CWD Limited",MS,STK,312.25,313.95,297,313.95,313.95,299,38,26500,8238325,
543384,"FSN E-Commerce Ventures Limite",A,STK,267.15,269.8,263.65,267.55,267.45,266.6,3067,127541,34045938,
543386,"Fino Payments Bank Limited",B,STK,204.35,211.5,204.2,208.05,208.9,203.6,232,8986,1873806,
543387,"S.J.S. Enterprises Limited",A,STK,1846.4,1847.65,1805.5,1813.25,1815,1846.35,390,2355,4290447,
543388,"DSP Mutual Fund",B,STK,347.85,349.32,346.32,346.32,346.32,346.1,18,218,75716,
543389,"Sigachi Industries Limited",B,STK,20.19,20.62,19.98,20.16,20.15,20.19,483,114029,2301669,
543390,"PB Fintech Limited",A,STK,1519.8,1533.6,1508.25,1524.5,1521.9,1518.7,1061,17327,26376400,
543396,"One 97 Communications Limited",A,STK,1133,1141.5,1103.7,1122.2,1122.2,1133.3,4011,80834,90932255,
543397,"Sapphire Foods India Limited",A,STK,211.15,215.8,207,208.3,209.8,213.95,346,6143,1299561,
543398,"Latent View Analytics Limited",A,STK,342,344.65,332.5,333.7,333.7,340.4,1117,26181,8823297,
543399,"Tarsons Products Limited",B,STK,193.7,194,191.8,192.75,193,193.6,98,1222,235508,
543400,"Omnipotent Industries Limited",M,STK,4.4,4.4,4.35,4.35,4.35,4.57,4,8000,34960,
543401,"Go Fashion (India) Limited",B,STK,333.75,335.9,322.75,323.55,322.75,332.35,264,3147,1027598,
543410,"DMR ENGINEERING LIMITED",M,STK,39,42,39,42,42,37.12,18,35100,1437306,
543411,"HI-TECH PIPES LIMITED",B,STK,88.38,90,87.72,88.76,88.29,88.07,438,48149,4286784,
543412,"Star Health and Allied Insuran",A,STK,465.05,478.25,465.05,473.7,474.6,468.3,1134,272100,129240508,
543413,"Tega Industries Limited",A,STK,1820,1855,1809.35,1846.75,1845,1823.55,529,3553,6542942,
543414,"Mirae Asset Mutual Fund",B,STK,24.58,24.58,24.25,24.52,24.47,24.72,214,17763,435247,
543415,"Anand Rathi Wealth Limited",A,STK,3055.75,3092,3050,3070.45,3065,3055.4,554,4652,14260511,
543416,"Zodiac Energy Limited",B,STK,246,251.8,242.75,246.55,244,246.4,102,1268,312710,
543417,"RateGain Travel Technologies L",A,STK,508.15,520.45,505.6,512.35,517.45,507.75,863,19783,10148156,
543419,"Shriram Properties Limited",B,STK,79.15,80.8,78.56,79.83,79.75,78.86,282,16537,1314739,
543420,"Jet Freight Logistics Limited",T,STK,17.8,18.38,17.41,18.38,18.38,18.2,14,3212,58438,
543425,"C.E. Info Systems Limited",A,STK,1048.1,1077.85,1043.8,1048.1,1050,1048.05,383,4920,5204733,
543426,"Metro Brands Limited",A,STK,1035.05,1050,1032.65,1045.55,1044,1027.2,237,71154,74074531,
543427,"Medplus Health Services Limite",A,STK,849.25,855,846.65,848.25,847.15,857,180,1548,1313760,
543428,"Data Patterns (India) Limited",A,STK,3095.85,3280,3045.05,3244.4,3244.4,3071.7,16302,203665,652511008,
543433,"HP Adhesives Limited",B,STK,36.81,37.4,36.5,36.51,36.51,36.81,27,504,18613,
543434,"Supriya Lifescience Limited",A,STK,663.2,670.8,659.25,663,664.5,663.1,222,1662,1104025,
543437,"Motilal Oswal Mutual Fund",B,STK,98.8,100.36,98.7,98.97,99.18,99.79,79,4459,442945,
543440,"DSP Mutual Fund",B,STK,267.27,267.69,266.5,266.5,266.5,266.79,6,29,7758,
543441,"CMS Info Systems Limited",A,STK,298.3,306.95,297.4,301.3,300.5,298.3,1458,834516,252469844,
543442,"Brand Concepts Limited",B,STK,261.7,261.7,256.15,256.15,256.15,256,3,12,3133,
543443,"Ascensive Educare Limited",MS,STK,15.41,18.3,15.41,16.9,17,18.34,3,30000,507100,
543449,"WONDER ELECTRICALS LIMITED",B,STK,143.4,144.95,141.25,142.8,142.8,139.15,47,1366,196159,
543450,"ICICI Prudential Mutual Fund",B,STK,29.25,29.62,29.25,29.59,29.57,29.25,111,31605,930969,
543451,"AGS TRANSACT TECHNOLOGIES LIMI",Z,STK,3.73,3.75,3.55,3.67,3.67,3.61,93,26499,95711,
543452,"ICICI Prudential Mutual Fund",E,STK,261.29,264.09,252.75,256.69,256.31,264.11,3294,338638,87671037,
543454,"Mirae Asset Mutual Fund",B,STK,161.12,162.25,160.95,162.21,162.25,161.05,95,2420,391742,
543458,"AWL AGRI BUSINESS LIMITED",A,STK,190.8,192.95,188.1,189.3,189.3,190.75,2829,130467,24703877,
543460,"Quality RO Industries Limited",M,STK,71.55,71.55,71.55,71.55,71.55,79.5,1,500,35775,
543462,"DEV INFORMATION TECHNOLOGY LIM",B,STK,23.12,23.79,22.91,23.26,23.79,22.65,93,2996,69638,
543463,"Vedant Fashions Limited",A,STK,400,409.5,399.5,400,399.6,399.9,875,17998,7255976,
543464,"Maruti Interior Products Limit",MT,STK,220.35,220.35,220.35,220.35,220.35,209.9,8,11000,2423850,
543465,"Motilal Oswal Mutual Fund",B,STK,64.45,64.97,63.73,64.61,64.61,64.18,13,464,29823,
543470,"SoftTech Engineers Limited",B,STK,288.1,288.1,288.1,288.1,288.1,280.25,2,10,2881,
543471,"Aditya Birla Sun Life Mutual F",E,STK,260.83,263.89,252.5,256.59,256.6,264.23,2035,133990,34757059,
543472,"Aditya Birla Sun Life Mutual F",B,STK,33.43,33.67,33.1,33.1,33.1,33.1,85,3833,127759,
543473,"Aditya Birla Sun Life Mutual F",B,STK,15.37,15.69,15.36,15.47,15.43,15.3,155,21459,331159,
543474,"Aditya Birla Sun Life Mutual F",B,STK,29.55,29.83,29.51,29.73,29.73,29.8,167,5588,166116,
543481,"Mirae Asset Mutual Fund",B,STK,22.4,22.57,22.36,22.5,22.48,22.37,244,72875,1638587,
543482,"Eureka Forbes Limited",A,STK,484,491.95,477.7,485.7,486,486.1,597,5515,2675545,
543489,"Gateway Distriparks Limited",B,STK,58.61,59.1,58.4,58.43,58.5,59,475,25403,1492626,
543490,"GMR Power and Urban Infra Limi",A,STK,118.6,122.45,118.6,121.85,121.9,121.7,535,57244,6920782,
543497,"Bhatia Colour Chem Limited",M,STK,190,190,190,190,190,199.95,1,400,76000,
543498,"Motherson Sumi Wiring India Li",A,STK,43.61,43.69,42.7,42.92,42.92,43.56,828,137397,5902767,
543499,"Achyut Healthcare Limited",B,STK,5.28,5.48,5.11,5.17,5.14,5.34,302,261185,1386539,
543501,"Motilal Oswal Mutual Fund",B,STK,39.87,39.98,38.76,39.14,38.95,39.09,21,277,10907,
543512,"Avro India Limited",B,STK,131,136.2,128,134.4,134.4,129.75,492,60491,8157120,
543513,"Uma Exports Limited",B,STK,27.67,28.58,27.5,27.97,27.5,27.67,53,6162,173277,
543514,"Veranda Learning Solutions Lim",B,STK,186.6,189.45,184.75,185.3,185.55,186.5,56,1215,228524,
543515,"Sunrise Efficient Marketing Li",M,STK,84.05,84.15,83.7,83.7,83.7,88.1,35,17250,1445962,
543516,"DHYAANI TRADEVENTTURES LIMITED",M,STK,7.9,7.9,7.51,7.73,7.51,7.9,26,126000,979748,
543517,"Hariom Pipe Industries Limited",B,STK,372.45,378.25,368.3,372.4,373,370.75,56,974,364803,
543518,"Eighty Jewellers Limited",M,STK,30,30,28.5,28.5,28.5,29.3,2,6000,175500,
543520,"Global Longlife Hospital and R",M,STK,16.35,17.16,15.54,16.5,16.5,16.35,81,238000,3908370,
543522,"Nanavati Ventures Limited",M,STK,127.8,127.8,121.6,121.6,121.6,121.8,3,2250,282900,
543523,"Campus Activewear Limited",A,STK,264.1,264.1,260,260.3,260.35,263.35,132,3282,860188,
543524,"Rainbow Children's Medicare Li",A,STK,1208.7,1221,1203.35,1207.95,1207.8,1208.5,663,2522,3050373,
543525,"Silver Touch Technologies Limi",B,STK,1444.8,1452.3,1414.65,1447.15,1440,1433.15,360,6390,9168612,
543526,"LIFE INSURANCE CORPORATION OF",A,STK,875.05,879.35,865.55,870.85,870.85,874.85,1957,51755,45115143,
543527,"Prudent Corporate Advisory Ser",A,STK,2535,2539.45,2439.95,2471.25,2479,2539.15,256,964,2384212,
543528,"Venus Pipes & Tubes Limited",B,STK,1049,1083,1041.6,1082.35,1066.05,1048.9,302,2740,2943483,
543529,"Delhivery Limited",A,STK,442.55,446.75,438.25,442.25,442.25,439.65,1489,75889,33630147,
543530,"Paradeep Phosphates Limited",A,STK,116.05,120.4,115.4,119.55,119.15,116.3,1813,147421,17437189,
543531,"Tierra Agrotech Limited",X,STK,41.7,41.7,41,41.35,41,41.72,6,33,1374,
543532,"ETHOS LIMITED",A,STK,2413,2451,2406.4,2411.1,2411.3,2418.6,39,125,303512,
543533,"eMudhra Limited",B,STK,436,445,433.5,439,438.7,438.35,259,50709,22261507,
543534,"Aether Industries Limited",A,STK,970,970,953.25,958.6,958.55,971.05,785,9356,8983423,
543535,"We Win Limited",B,STK,39,42.68,39,40.65,40.65,38.81,24,7615,304699,
543538,"Goel Food Products Limited",M,STK,11.45,11.71,11,11.6,11.6,12.4,14,72000,829140,
543539,"MODI'S NAVNIRMAN LIMITED",B,STK,322.6,326,321.8,326,326,324.2,19,182,59311,
543540,"Pearl Green Clubs and Resorts",M,STK,106.05,111.5,104,105.45,104,111.05,14,25200,2671050,
543542,"KESAR INDIA LIMITED",M,STK,1225,1225,1191.4,1209.1,1215,1225.5,25,14000,17060530,
543543,"B-RIGHT REALESTATE LIMITED",MT,STK,731.9,748,731.9,748,748,731.45,2,800,591960,
543544,"JAYANT INFRATECH LIMITED",M,STK,69.89,69.89,66.4,68.69,68.69,64.8,8,6000,410767,
543545,"Veerkrupa Jewellers Limited",M,STK,0.61,0.61,0.6,0.6,0.6,0.6,5,83500,50267,
543546,"HEALTHY LIFE AGRITEC LIMITED",M,STK,9.39,9.62,8.93,9.07,9.07,9.39,21,104000,955340,
543547,"DDEV PLASTIKS INDUSTRIES LIMIT",B,STK,278.45,280.65,275,275.75,275,276.1,128,827,229044,
543563,"Motilal Oswal Mutual Fund",B,STK,44.49,45.34,44.45,44.6,44.6,44.45,28,1955,87525,
543568,"ICICI Prudential Mutual Fund",B,STK,31.96,32.43,31.96,32.34,32.32,32.24,44,13348,431623,
543569,"HDFC Mutual Fund",B,STK,26.37,27.33,26.37,27.31,27.33,26.64,120,17471,467822,
543570,"HDFC Mutual Fund",B,STK,71.55,71.99,71.23,71.99,71.99,71.41,22,1658,118216,
543571,"ICICI Prudential Mutual Fund",B,STK,99.04,99.55,98.53,99.55,99.55,98.41,216,1953,193398,
543572,"DSP Mutual Fund",E,STK,254.3,255,244,248.47,249,255.21,786,19396,4863433,
543573,"Syrma SGS Technology Limited",A,STK,836.85,861.25,829.25,832.6,832.6,834.05,2947,62572,52814465,
543574,"Aditya Birla Sun Life Mutual F",B,STK,21.3,21.5,21.11,21.36,21.5,21.27,13,918,19455,
543575,"Aditya Birla Sun Life Mutual F",B,STK,32.12,32.18,32.06,32.15,32.15,32.45,52,3337,107259,
543576,"Motilal Oswal Mutual Fund",B,STK,127.31,128.3,126.58,127.99,128.3,126.56,78,5065,645387,
543578,"Olatech Solutions Limited",MT,STK,169,169,169,169,169,177.85,3,2775,468975,
543590,"Rhetan TMT Limited",B,STK,26.65,26.65,25.93,26.05,26.07,26,173,51776,1353853,
543591,"DREAMFOLKS SERVICES LIMITED",B,STK,81.84,83.14,81.2,82.69,83.1,81.84,146,4871,399931,
543592,"HDFC Mutual Fund",E,STK,251.96,253.1,242,246.11,246.11,253.21,2739,279569,69473272,
543593,"Dhampur Bio Organics Limited",B,STK,101.4,102.05,100,101.5,101.7,100.95,59,2355,237606,
543594,"DIPNA PHARMACHEM LIMITED",M,STK,9.01,9.5,9.01,9.22,9.19,9.95,12,105000,965340,
543596,"Tamilnad Mercantile Bank Limit",A,STK,692.9,697.9,686.8,690.05,689.9,687.3,391,12676,8758252,
543597,"Virtuoso Optoelectronics Limit",M,STK,366,375,365,368.3,368,371.5,34,17500,6455775,
543598,"SHANTIDOOT INFRA SERVICES LIMI",MT,STK,301.55,301.55,301.55,301.55,301.55,287.2,1,400,120620,
543599,"Ksolves India Limited",B,STK,288,308.7,288,303.7,303.5,303.05,124,3104,944840,
543600,"Harsha Engineers International",B,STK,374.7,377.55,368.15,369.5,369.5,374.65,36,434,160833,
543606,"CONTAINE TECHNOLOGIES LIMITED",M,STK,15.7,15.7,14.45,15.14,15.14,15.21,8,17000,252650,
543607,"HDFC Mutual Fund",B,STK,121.1,121.22,120.93,121.22,121.22,120.9,6,190,23014,
543613,"MAFIA TRENDS LIMITED",M,STK,7,7,7,7,7,7.23,1,4000,28000,
543614,"Tips Films Limited",B,STK,359.45,364,353.65,360,360,363.3,47,117,42119,
543615,"SILICON RENTAL SOLUTIONS LIMIT",M,STK,73.99,73.99,70.11,73.6,73.6,74,20,16000,1141480,
543616,"Trident Lifeline Limited",M,STK,273.45,273.45,266,267.3,267.3,258,5,5400,1464780,
543618,"Cargotrans Maritime Limited",M,STK,158.95,158.95,156,157.5,157.5,155.15,5,7500,1180425,
543619,"Concord Control Systems Limite",M,STK,2421,2453,2396.05,2397.2,2397.2,2450,7,1400,3392450,
543620,"INSOLATION ENERGY LIMITED",M,STK,106.2,108,99.5,100.3,100.3,105.35,738,599000,61593500,
543622,"STEELMAN TELECOM LIMITED",M,STK,68,68,68,68,68,69.5,1,1200,81600,
543623,"VEDANT ASSET LIMITED",M,STK,38.61,38.61,38.61,38.61,38.61,39.4,2,3000,115830,
543626,"Electronics Mart India Limited",A,STK,100.69,102.1,99.8,100.26,100.11,99.97,282,19485,1965574,
543628,"HDFC Mutual Fund",B,STK,32.11,32.21,31.99,32.17,32.17,31.96,72,6901,221164,
543635,"PIRAMAL PHARMA LIMITED",A,STK,160.5,164.5,160,162.15,162.15,160.95,1077,95065,15319040,
543636,"Dc Infotech and Communication",B,STK,269.35,271.75,242,254.2,257.35,261.75,48,923,232905,
543637,"PACE E-COMMERCE VENTURES LIMIT",M,STK,15.1,15.5,14.99,15.18,15.2,15.03,22,97200,1469868,
543638,"Tracxn Technologies Limited",B,STK,33.7,35.77,33.43,34.4,34.4,32.1,558,48232,1656356,
543643,"Narmada Agrobase Limited",B,STK,32.45,33,32.4,32.69,32.4,32.46,133,11659,381225,
543644,"InfoBeans Technologies Limited",B,STK,806,835.35,796.7,799.6,799,801.75,1140,17516,14217159,
543645,"HINDPRAKASH INDUSTRIES LIMITED",B,STK,131.5,131.5,131.5,131.5,131.5,126.45,1,4,526,
543650,"DCX Systems Limited",B,STK,175.5,187.9,175.5,185.05,185,175.45,938,43534,7998739,
543652,"FUSION FINANCE LIMITED",B,STK,190,205.85,189.95,203.55,202.4,191.1,1088,48113,9673338,
543653,"Bikaji Foods International Lim",A,STK,623.5,632.6,623.5,630.95,629.8,623.4,188,2973,1870339,
543654,"Global Health Limited",A,STK,1152.05,1171.2,1143.95,1161.25,1161.1,1155.3,666,5588,6467552,
543657,"Archean Chemical Industries Li",A,STK,590.95,600,579,596.3,595.6,589.5,286,4318,2544652,
543663,"Five-Star Business Finance Ltd",A,STK,426.35,434.35,422,423.25,425.65,426.35,1171,27615,11747616,
543664,"KAYNES TECHNOLOGY INDIA LIMITE",A,STK,3918,3989.05,3877.05,3916.5,3916.5,3908.65,6528,68812,271134952,
543665,"HDFC Mutual Fund",B,STK,32.76,33,32.36,32.37,32.48,32.44,85,19325,629375,
543667,"INOX GREEN ENERGY SERVICES LIM",A,STK,174.05,174.75,170.05,171.15,171.5,173.75,428,24565,4240160,
543669,"Keystone Realtors Limited",B,STK,430,430,410.45,411.65,411.1,423,207,2858,1200284,
543670,"VINNY OVERSEAS LIMITED",B,STK,1.13,1.13,1.1,1.1,1.1,1.14,20,62151,69381,
543671,"AAA TECHNOLOGIES LIMITED",B,STK,102.65,107.6,102.5,105.95,105.4,102.5,59,2620,276856,
543677,"ICICI Prudential Mutual Fund",B,STK,32.7,32.81,32.53,32.7,32.7,32.59,29,1188,38886,
543678,"AMBO AGRITEC LIMITED",M,STK,32.3,32.3,32.3,32.3,32.3,32.3,1,30000,969000,
543686,"Sirca Paints India Limited",B,STK,464.95,470,456.7,458.6,457.05,460,247,8997,4169448,
543687,"Dharmaj Crop Guard Limited",B,STK,236.75,238.65,234.35,235.7,236,240.85,12,44,10372,
543688,"Sarveshwar Foods Limited",B,STK,3.89,3.93,3.82,3.84,3.82,3.89,381,274916,1061199,
543689,"Uniparts India Limited",B,STK,475,476.1,460.65,465.5,468.25,472.65,288,2974,1388678,
543699,"Edelweiss Mutual Fund",F,STK,1275.42,1275.42,1275.42,1275.42,1275.42,1282.59,1,250,318855,
543709,"PNGS GARGI FASHION JEWELLERY L",M,STK,851,854.75,830,836,839.9,848.6,57,7875,6599662,
543710,"ICICI Prudential Mutual Fund",B,STK,102.3,103,101.13,102.79,102.5,101.41,20,553,56406,
543711,"Sula Vineyards Limited",A,STK,171.5,174.75,170.1,171,171.1,171.3,343,12580,2167157,
543712,"ABANS FINANCIAL SERVICES LIMIT",B,STK,201.05,202,201,201.35,201.35,201,12,1594,320469,
543713,"Droneacharya Aerial Innovation",M,STK,34.5,34.7,33,33.16,33.25,34.15,63,65000,2170690,
543714,"LANDMARK CARS LIMITED",B,STK,414.4,419.6,414.2,418.15,418.7,414.35,51,532,221442,
543720,"KFin Technologies Limited",A,STK,1007.85,1007.85,975,976.75,976.75,998.75,1217,19540,19188637,
543725,"Elin Electronics Limited",B,STK,130,133.8,130,132.65,132.65,131.75,220,5000,656682,
543732,"Radiant Cash Management Servic",B,STK,38.64,38.64,36.78,37.14,37.21,37.7,152,8000,302790,
543737,"Aveer Foods Limited",X,STK,523.95,523.95,511,514.4,511,523.95,5,62,32370,
543743,"Aeroflex Neu Limited",B,STK,69.23,69.36,68.39,69.15,69.15,69.23,38,607,41885,
543745,"SVS VENTURES LIMITED",M,STK,12.25,12.65,11.71,11.86,12,12.64,73,816000,10057140,
543746,"LOGICA INFOWAY LIMITED",M,STK,204,204,200,200.5,200.5,202.95,10,7800,1571280,
543747,"Kamdhenu Ventures Limited",B,STK,4.55,4.55,4.35,4.36,4.35,4.41,214,54907,242342,
543748,"Aarti Pharmalabs Limited",A,STK,709.5,722.9,702.45,717.95,722.9,709.5,288,5882,4210686,
543765,"Earthstahl & Alloys Limited",M,STK,17.2,17.2,17.1,17.1,17.1,16.5,2,6000,102900,
543766,"Ashika Credit Capital Ltd.",B,STK,381,381,371,378.95,378.95,373.9,299,125376,47468314,
543767,"BODHI TREE MULTIMEDIA LIMITED",B,STK,7.4,7.69,7.25,7.45,7.54,7.38,65,20028,147912,
543768,"NMDC Steel Limited",A,STK,39.5,40.69,39.34,40.33,40.21,39.26,2155,619917,24917536,
543769,"INDONG TEA COMPANY LIMITED",M,STK,8.5,8.5,8.5,8.5,8.5,8.53,3,32000,272000,
543774,"HDFC Mutual Fund",B,STK,37.33,38.17,37.33,37.76,37.76,37.71,14,1430,53960,
543775,"HDFC Mutual Fund",B,STK,160.05,162.35,160.05,161.46,162.21,161.59,769,58863,9503701,
543776,"HDFC Mutual Fund",B,STK,22.34,22.37,22.1,22.3,22.37,22.14,143,42350,943493,
543781,"Mirae Asset Mutual Fund",E,STK,156.15,156.15,152.61,153.08,153.26,154.48,1548,98883,15160240,
543782,"Sealmatic India Limited",M,STK,358.1,359.05,353.3,358.95,358.95,360.75,16,3780,1349334,
543787,"Macfos Limited",M,STK,1025,1029.95,970,1023.5,1029.95,1016.7,38,6000,6012862,
543798,"Patron Exim Limited",M,STK,2.02,2.13,2.01,2.13,2.13,2.13,6,28000,57520,
543799,"S. V. J. Enterprises Limited",MT,STK,501.8,501.8,501.8,501.8,501.8,528.2,1,750,376350,
543805,"RESGEN LIMITED",M,STK,59.27,60.8,59.27,59.3,59.3,59.27,10,8250,492127,
543806,"ITCONS E-Solutions Limited",M,STK,371,371,353.5,358.8,358.8,373.8,19,6800,2445280,
543811,"AIRAN LIMITED",B,STK,16.9,17.4,16.62,16.94,17.07,16.78,96,8080,137001,
543812,"DIVGI TORQTRANSFER SYSTEMS LIM",B,STK,702.9,767.35,702.9,755.1,755.1,713.55,219,2402,1806662,
543813,"Aditya Birla Sun Life Mutual F",F,STK,1000.01,1000.01,999.99,1000,1000,1000.01,5,6601,6600999,
543814,"PROSPECT CONSUMER PRODUCTS LIM",M,STK,63.2,63.2,60.45,60.45,60.45,59.9,2,2000,123650,
543819,"ICICI Prudential Mutual Fund",B,STK,99.03,100.31,98.44,99.99,100.07,98.7,198,19607,1944375,
543828,"SUDARSHAN PHARMA INDUSTRIES LI",M,STK,25.5,27.5,25.1,27.41,27.5,26.22,89,644000,17151120,
543829,"Global Surfaces Limited",B,STK,88,88,85.33,85.99,85.99,89.82,15,155,13310,
543831,"Bright Outdoor Media Limited",M,STK,420.1,420.1,420.1,420.1,420.1,426,1,375,157537,
543848,"Dev Labtech Venture Limited",MT,STK,91.1,91.5,90.51,91.5,91.5,91,3,3000,273110,
543853,"Axis Mutual Fund",B,STK,85.06,85.2,85.06,85.2,85.2,85.01,5,75,6389,
543860,"J.A. Finance Limited",XT,STK,101.52,101.52,101,101,101,101.02,19,2083,210570,
543861,"Udayshivakumar infra limited",B,STK,30.36,30.51,28.07,28.49,28.08,29.78,87,5820,173197,
543874,"Maiden Forgings Limited",M,STK,86.5,87.01,86.45,86.55,86.5,87.4,10,18000,1557960,
543895,"Exhicon Events Media Solutions",M,STK,524.2,534.15,520.35,531.6,530,530.35,49,13000,6831212,
543896,"Avalon Technologies Limited",A,STK,981.1,1028.25,981.1,1024.45,1024.55,984.5,612,9664,9774917,
543898,"BEML Land Assets Limited",B,STK,187,188.05,185.6,185.65,185.65,186.6,31,585,109180,
543900,"UTI Mutual Fund",E,STK,254.55,255.26,244.3,248,248.96,255.54,860,46579,11656846,
543901,"ROBUST HOTELS LIMITED",B,STK,189.4,189.9,189.4,189.9,189.9,190.1,3,25,4737,
543902,"Retina Paints Limited",M,STK,55,55,54,54.96,55,54.35,14,38000,2086000,
543903,"DSP Mutual Fund",E,STK,154.1,154.49,152.42,153.23,153.28,155,102,3020,464119,
543904,"Mankind Pharma Limited",A,STK,2178.45,2285,2147.35,2280.05,2280.05,2155.05,12291,144857,326392306,
543910,"AVG Logistics Limited",B,STK,142.9,150,142.9,149.1,149.1,143.4,43,3916,585038,
543911,"Atal Realtech Limited",B,STK,27.8,27.8,25.14,25.31,25.31,25.74,45,9634,247641,
543912,"Power & Instrumentation (Gujar",B,STK,113,114.5,106.45,107.9,109.55,111.9,132,1400,153068,
543913,"Nexus Select Trust",IF,STK,162,162,159.25,159.6,159.65,161.18,351,4904,785784,
543914,"Swati Projects Limited",X,STK,30.3,30.3,28.4,29.17,29.01,29.3,64,7508,223055,
543915,"Pavna Industries Limited",B,STK,21.3,22.92,21.3,22.2,22.2,23.06,44,8499,187611,
543916,"Hemant Surgical Industries Lim",M,STK,295,300,285,293,293,293.85,23,9600,2805840,
543917,"SIGMA SOLVE LIMITED",B,STK,37.5,39.19,37.27,38.67,38.2,37.61,46,3219,122389,
543918,"GHCL Textiles Limited",B,STK,75.02,77.45,75.02,76.79,76.8,77.03,55,2964,227248,
543919,"M.K.Proteins Limited",B,STK,5.06,5.29,5,5.07,5.15,5.11,59,9767,49441,
543920,"CFF FLUID CONTROL LIMITED",M,STK,523,534,521.5,525.85,526,523.05,90,23400,12366300,
543921,"Comrade Appliances Limited",M,STK,40.9,40.9,37.75,37.75,37.75,39.62,5,5000,192200,
543922,"Mirae Asset Mutual Fund",E,STK,255.87,257.63,246.51,250.63,251,259.33,783,34935,8864462,
543923,"IKIO Technologies Limited",B,STK,143.5,147.6,142.55,143.25,142.55,143,75,2372,343393,
543924,"Sonalis Consumer Products Limi",M,STK,63.34,63.34,63,63,63,64,10,48000,3029980,
543926,"Bizotic Commercial Limited",MT,STK,990,990,990,990,990,1005,2,1200,1188000,
543927,"Asian Warehousing Limited",X,STK,32.05,38.9,32.05,36.45,36.45,36.9,15,187,6605,
543928,"Cosmic CRF Limited",M,STK,1059,1059,1035,1040.35,1035,1045,23,3500,3658750,
543929,"HMA Agro Industries Limited",B,STK,26.68,27.05,26.01,26.02,26.02,26.68,69,11696,310463,
543930,"Uravi Defence and Technology L",B,STK,154,154,145.4,149.65,149.95,147.8,226,82159,12255961,
543931,"VEEFIN SOLUTIONS LIMITED",M,STK,256,295.8,253.05,282.6,282.6,256.15,223,95400,25783450,
543932,"IDEAFORGE TECHNOLOGY LIMITED",B,STK,412.05,429.8,409.6,423.85,423.85,409.25,831,18466,7732849,
543933,"Cyient DLM Limited",B,STK,311.9,322.35,311.25,313.35,312,311.85,333,7693,2430996,
543934,"Machhar Industries Limited",X,STK,329,329,329,329,329,313.5,4,17,5593,
543935,"DSP Mutual Fund",B,STK,32.35,32.35,32.13,32.31,32.31,32.35,5,1850,59778,
543936,"Senco Gold Limited",A,STK,318.7,322,314.1,316.1,317.3,318.65,453,15431,4905287,
543938,"ACCELERATEBS INDIA LIMITED",MT,STK,175.3,175.3,175.3,175.3,175.3,184.5,1,640,112192,
543939,"Kaka Industries Limited",M,STK,177,188,176.1,187.9,188,180,21,13000,2380475,
543940,"Jio Financial Services Limited",A,STK,257.05,258.95,255.35,256.15,256.15,256.95,6017,493469,126880666,
543941,"AHASOLAR TECHNOLOGIES LIMITED",M,STK,77,77,76,76,76,74.13,2,800,61200,
543942,"UTKARSH SMALL FINANCE BANK LIM",B,STK,14.7,15.13,14.64,14.8,14.84,14.65,979,602551,8937937,
543943,"ASARFI HOSPITAL LIMITED",M,STK,163,163,161.5,161.5,161.5,163,3,3000,486800,
543944,"Mirae Asset Mutual Fund",B,STK,620.1,621.58,616.54,621.1,621.1,620.1,268,337,208501,
543945,"NETWEB TECHNOLOGIES INDIA LIMI",A,STK,3662.85,3738.85,3620.75,3697.75,3700,3629,12281,165492,610388028,
543946,"Mirae Asset Mutual Fund",F,STK,1000,1000.01,1000,1000,1000,1000,24,16130,16130000,
543948,"DSP Mutual Fund",B,STK,99.36,99.88,97.87,99.51,99.51,99.38,74,780,77178,
543949,"DSP Mutual Fund",B,STK,29,29.63,29,29.63,29.63,29.18,2,4,116,
543950,"YATHARTH HOSPITAL & TRAUMA CAR",A,STK,684.05,704.3,684.05,697.25,699.6,697.15,438,4850,3388358,
543952,"NIIT Learning Systems Limited",A,STK,334.05,341.5,330.5,339.1,337.05,338.75,233,3034,1015865,
543953,"Khazanchi Jewellers Limited",M,STK,770,772,766.25,770.55,768,769.5,38,16500,12694637,
543954,"Allcargo Terminals Limited",B,STK,24.4,25.44,24.4,25.16,25.29,25.04,54,3238,81518,
543955,"Transindia Real Estate Limited",B,STK,23.5,24.22,23.25,23.93,23.93,23.5,17,673,15887,
543956,"ICICI Prudential Mutual Fund",B,STK,20.94,21.07,20.94,21.07,21.07,20.95,2,101,2127,
543957,"REDTAPE Limited",B,STK,123.95,124.1,121.5,121.7,121.5,124.2,354,22369,2743201,
543958,"VL E-Governance & IT Solutions",B,STK,14.3,14.43,12.82,13.04,13.15,13.9,264,83456,1132259,
543959,"SBFC Finance Limited",A,STK,96.35,97.2,95.95,96.68,96.84,96.06,370,38828,3760408,
543960,"Concord Biotech Limited",A,STK,1233.15,1285,1195.1,1246.95,1246.95,1218.85,19985,483743,596662029,
543962,"D.P. WIRES LIMITED",B,STK,153.6,154.2,152.35,153.8,154.2,153.35,42,816,125057,
543963,"SHELTER PHARMA LIMITED",M,STK,35,36.96,35,35.94,35.94,35.5,6,18000,640200,
543965,"TVS Supply Chain Solutions Lim",T,STK,112.12,116,112.12,114.23,115.3,113.35,197,15295,1754520,
543969,"Pyramid Technoplast Limited",B,STK,146,149,146,149,149,149.5,5,10,1478,
543971,"Bondada Engineering Limited",M,STK,323.25,329.15,319.1,321.9,321.9,326.5,211,82000,26494630,
543972,"Aeroflex Industries Limited",B,STK,230,231.7,226.05,229.2,229.6,227.65,1362,63249,14476243,
543974,"VISHNU PRAKASH R PUNGLIA LIMIT",B,STK,45.02,46.57,44.9,45.06,45.06,45.44,470,71345,3263368,
543975,"UTI Mutual Fund",B,STK,222.34,222.34,222.34,222.34,222.34,222.27,1,1,222,
543976,"Shradha AI Technologies Limite",X,STK,26.8,27,25.1,26.29,26.59,25.92,236,25156,652946,
543977,"Rishabh Instruments Limited",B,STK,434.9,436.35,423.55,429.95,429,422.35,51,1297,556055,
543978,"Ratnaveer Precision Engineerin",B,STK,154.75,156.5,152.15,152.9,152.75,152.25,687,55160,8499136,
543979,"Kahan Packaging Limited",M,STK,45.6,46,45.6,46,46,49,2,3200,146560,
543980,"Jupiter Life Line Hospitals Li",A,STK,1202.45,1314.3,1202.45,1304.2,1308.1,1277.15,123,474,611304,
543981,"R R KABEL LIMITED",A,STK,1519,1555.15,1502,1519.95,1515.8,1506.8,1708,14846,22655665,
543982,"QUEST FLOW CONTROLS LIMITED",M,STK,181.25,186,176,176.8,176,181.25,18,6000,1077320,
543983,"EMS LIMITED",B,STK,285.3,303.6,285.3,293.75,293.75,290.25,347,11270,3329107,
543984,"Samhi Hotels Limited",A,STK,167.3,167.65,163.65,164.95,164.9,167.25,259,111085,18258755,
543985,"ZAGGLE PREPAID OCEAN SERVICES",A,STK,217.75,234.45,217.5,232.95,232.95,217.6,2260,130510,29922299,
543986,"South West Pinnacle Exploratio",T,STK,180.6,185.95,180,183.05,182.2,182.75,38,2280,417419,
543988,"Nuvama Wealth Management Limit",A,STK,1276.05,1294.9,1269.85,1280.8,1281.8,1274.25,520,7683,9834150,
543989,"Sai Silks (Kalamandir) Limited",B,STK,111.6,115.65,111.6,114.25,114.6,111.6,231,83212,9503332,
543990,"SIGNATUREGLOBAL (INDIA) LIMITE",A,STK,890.75,954.3,890.75,950.65,952.65,947.9,736,17467,16506360,
543991,"TECHKNOWGREEN SOLUTIONS LIMITE",M,STK,132,133.15,123.3,125.65,129,122.95,15,6400,813180,
543992,"YATRA ONLINE LIMITED",B,STK,115.95,121.85,111.5,119.6,119.6,114.05,7130,450391,53054118,
543993,"ARCL Organics Ltd",X,STK,176.85,179.5,170.8,172.1,173.9,176.85,39,1429,250296,
543994,"JSW Infrastructure Limited",A,STK,254.05,260.65,253.55,258.95,258.95,253.9,2917,129100,33275141,
543995,"MANOJ VAIBHAV GEMS 'N' JEWELLE",B,STK,150.25,159,150.25,156.95,156.5,156.15,87,1444,226908,
543996,"Updater Services Limited",B,STK,164.3,164.6,157.75,158.9,158.9,163.15,284,9015,1447663,
543997,"ORGANIC RECYCLING SYSTEMS LIMI",M,STK,247,247.5,237.1,237.1,237.1,241.5,18,10800,2646540,
543998,"Valiant Laboratories Limited",B,STK,59.99,59.99,59.99,59.99,59.99,59.5,1,200,11998,
543999,"Mirae Asset Mutual Fund",A,STK,84.47,84.66,84.24,84.43,84.43,84.44,11,563,47541,
544001,"Sunita Tools Limited",M,STK,969.8,970,907.2,932.5,932.5,954.9,354,62750,57936237,
544003,"Plaza Wires Limited",B,STK,40.5,40.5,37.24,37.42,38.43,38.33,197,1201,45530,
544004,"IRM ENERGY LIMITED",B,STK,236.15,236.2,230.85,231.75,231.65,233.4,67,2261,526255,
544006,"Mirae Asset Mutual Fund",B,STK,32.59,32.72,32.1,32.16,32.13,32.12,167,156025,5066304,
544007,"Mirae Asset Mutual Fund",B,STK,25.74,25.92,25.67,25.89,25.88,25.72,27,28020,724826,
544008,"Max Estates Limited",B,STK,415.45,415.45,398.8,401.9,402.45,405.5,69,951,382469,
544009,"Blue Jet Healthcare Limited",A,STK,397.8,414.25,396.3,397.5,397.8,400.05,1043,36591,14771968,
544010,"SBI Mutual Fund",F,STK,1000.01,1000.01,1000.01,1000.01,1000.01,1000.01,1,1,1000,
544011,"Vrundavan Plantation Limited",M,STK,36,36,36,36,36,36,1,1200,43200,
544012,"Cello World Limited",A,STK,414.05,424.25,414.05,418.6,417.25,413.85,525,9761,4088428,
544013,"KK Shah Hospitals Limited",M,STK,36,36,36,36,36,36,1,3000,108000,
544014,"Honasa Consumer Limited",A,STK,305.8,309.25,304.3,307.25,308,304.2,298,12629,3872600,
544020,"ESAF Small Finance Bank Ltd",B,STK,27.18,27.43,27.01,27.08,27.02,27.13,105,8048,218748,
544021,"Protean eGov Technologies Limi",A,STK,583.5,614.9,583.5,599.05,599.05,583.45,1118,27036,16283948,
544022,"ASK Automotive Limited",B,STK,428.9,429.15,423,424.1,423.8,426.85,119,1199,510737,
544023,"Kalyani Cast-Tech Limited",M,STK,479,479,465.5,466.7,465.5,468.3,18,5750,2703562,
544026,"Indian Renewable Energy Develo",A,STK,125.15,126.8,123.7,124.6,124.6,125.35,2034,296530,37038275,
544027,"Fedbank Financial Services Lim",B,STK,135,135.95,133.65,135.05,134.8,134.95,231,14158,1910109,
544028,"Tata Technologies Limited",A,STK,578,588.1,575.45,583.2,585.35,577.6,1795,50285,29257090,
544029,"Gandhar Oil Refinery (India) L",B,STK,140.8,142.35,139.1,139.7,139.25,140.75,228,4920,690337,
544030,"Flair Writing Industries Limit",B,STK,311.75,316.3,306.05,313.9,315.45,311.75,226,7197,2245683,
544035,"Swashthik Plascon Limited",M,STK,23.25,23.25,22,22.21,22,23,9,14400,326160,
544037,"Amic Forging Limited",M,STK,1480,1480,1415.1,1424.6,1427,1477.7,63,8400,12071500,
544042,"Bajel Projects Limited",B,STK,161.7,164.15,159.25,160.65,160.7,161.5,145,4047,656665,
544043,"BARODA BNP PARIBAS MUTUAL FUND",E,STK,153.91,154.2,151,151.68,151.68,153.7,24,103,15725,
544044,"India Shelter Finance Corporat",A,STK,711.05,737.7,711.05,730.9,737.7,717.65,168,1408,1020569,
544045,"DOMS Industries Limited",A,STK,2388.95,2388.95,2326.2,2347.9,2350,2376.9,156,760,1783209,
544046,"INOX India Limited",A,STK,1140.15,1160.4,1140.15,1149.2,1156.5,1145.5,634,5209,5997249,
544047,"Siyaram Recycling Industries L",M,STK,50.18,51.37,46,47.98,48.69,50.35,70,118500,5746395,
544052,"Benchmark Computer Solutions L",M,STK,25.49,25.5,25.49,25.5,25.5,24.22,2,4000,101980,
544053,"Motisons Jewellers Limited",B,STK,15.31,16.12,15.31,15.97,16.03,15.86,396,140226,2245771,
544054,"Suraj Estate Developers Limite",B,STK,218.5,222,212.95,220.85,221.65,216.7,160,3670,798775,
544055,"Muthoot Microfin Limited",B,STK,179.25,179.25,174.1,175.3,176,176.6,176,6650,1177481,
544057,"Happy Forgings Limited",B,STK,1336,1361.25,1326.05,1344.1,1336.85,1335.9,463,3102,4169657,
544058,"Credo Brands Marketing Limited",B,STK,85.97,85.97,83.79,84.77,84.7,83.88,89,4771,402741,
544059,"SHANTI SPINTEX LIMITED",M,STK,57.5,69,57.5,68.75,69,57.5,36,110000,7411380,
544060,"RBZ Jewellers Limited",B,STK,124.3,126.6,124.3,126.2,126.35,124.45,26,1885,236791,
544061,"Azad Engineering Limited",A,STK,1734.9,1760,1718,1731.3,1735.55,1734.9,837,11965,20811517,
544066,"SUNDARAM-CLAYTON LIMITED",B,STK,1372.2,1445,1372,1423.7,1418.45,1331.65,452,3057,4322786,
544067,"INNOVA CAPTAB LIMITED",B,STK,669.1,678.8,663.85,674.75,675.75,669.1,116,2028,1360360,
544072,"AIK Pipes and Polymers Limited",M,STK,25.83,25.83,25.83,25.83,25.83,23.49,1,800,20664,
544074,"Shri Balaji Valve Components L",M,STK,77,81,77,80,80,76.75,6,7800,611340,
544079,"DIGIDRIVE DISTRIBUTORS LIMITED",B,STK,21.42,22.69,21.21,22.62,22.69,21.05,20,311,6772,
544081,"Jyoti CNC Automation Limited",A,STK,838.45,848.4,835,839.3,839.3,838.3,302,5353,4506202,
544082,"New Swan Multitech Limited",M,STK,50,50,48.5,48.5,48.5,48.5,2,4000,197000,
544083,"Shree Marutinandan Tubes Limit",M,STK,66.05,66.05,66.05,66.05,66.05,66.05,2,1000,66050,
544088,"Medi Assist Healthcare Service",A,STK,386.8,391.75,375,385.15,387.5,386.75,361,8642,3322530,
544089,"Zerodha Mutual Fund",F,STK,112.89,112.91,112.89,112.9,112.9,112.9,166,185716,20966851,
544090,"Sayaji Hotels (Pune) Limited",X,STK,853,853,770,824,824,786.9,6,16,12684,
544091,"Qualitek Labs Limited",M,STK,321.05,340,321,340,340,344.45,13,5200,1712320,
544092,"Bajaj Finserv Mutual Fund",B,STK,260.93,261.29,260.32,261.29,261.29,261.17,4,4,1043,
544094,"Euphoria Infotech (India) Limi",M,STK,34.85,34.85,34.85,34.85,34.85,32.62,1,1200,41820,
544095,"EPACK Durable Limited",A,STK,248.6,257.3,248.6,250.75,252,248.5,614,18661,4714946,
544100,"Nova Agritech Limited",B,STK,28.31,30.26,28.31,29.7,29.89,29.71,153,6575,195896,
544102,"UTI Mutual Fund",B,STK,339,350,319,320.85,320.85,322.2,29,1059,344188,
544105,"HARSHDEEP HORTICO LIMITED",M,STK,91.01,91.01,91,91,91,92,3,4500,409515,
544107,"BLS E-Services Limited",B,STK,152.55,158.35,152.55,156,156.6,156.95,216,6654,1042154,
544108,"Gabriel Pet Straps Limited",M,STK,189.4,189.7,185,187.9,187.9,185,13,16200,3049620,
544109,"DSP Mutual Fund",B,STK,150.79,151.87,150.79,151.5,151.5,147.23,8,981,148907,
544110,"HDFC Mutual Fund",B,STK,99.62,100.06,98.37,100.01,100.06,98.5,32,2434,242053,
544111,"Apeejay Surrendra Park Hotels",B,STK,126.3,127.6,120.5,122.8,122.8,126.25,706,29376,3651667,
544112,"JASCH GAUGING TECHNOLOGIES LIM",X,STK,503.5,527.75,492.05,493.9,494.05,502,56,1617,802853,
544117,"Signpost India Limited",B,STK,244.85,252,244.85,251.7,251.35,248.35,39,867,216244,
544118,"JANA SMALL FINANCE BANK LIMITE",A,STK,361.8,377.15,361.8,369.3,367.55,361.75,839,53424,19818532,
544119,"Rashi Peripherals Limited",B,STK,359.45,371.2,357.05,369.6,370,341.05,519,8934,3273446,
544120,"Capital Small Finance Bank Ltd",B,STK,263.9,264.9,259,260.65,262.05,262.1,713,22066,5781609,
544121,"Rudra Gas Enterprise Limited",M,STK,64.5,64.5,64,64.5,64.5,66.25,5,5000,321500,
544122,"Entero Healthcare Solutions Li",B,STK,1059.9,1075,1039.35,1072.6,1045.55,1059.85,387,3040,3219797,
544124,"VIBHOR STEEL TUBES LIMITED",B,STK,113.05,117,113.05,115.15,115.25,114.6,46,1512,174906,
544129,"Juniper Hotels Limited",B,STK,214.6,217.6,210.85,213.5,214.25,214.4,177,3516,751768,
544130,"Mirae Asset Mutual Fund",B,STK,42.41,42.52,42.17,42.38,42.37,42.33,107,13206,559990,
544131,"GPT Healthcare Limited",B,STK,124,128.15,124,127.3,127.45,124.95,116,4019,511543,
544132,"Zerodha Mutual Fund",E,STK,25.21,25.21,24.77,24.84,24.84,25.06,927,506167,12612222,
544133,"EXICOM TELE-SYSTEMS LIMITED",B,STK,95.27,95.86,93.15,93.58,93.5,95.36,435,14538,1363168,
544134,"Platinum Industries Limited",B,STK,225.55,230.1,225.05,225.15,225.3,224.4,56,2605,595263,
544135,"Mukka Proteins Limited",B,STK,22.4,23.16,22.25,22.91,22.8,22.52,183,54518,1226780,
544136,"R K Swamy Limited",B,STK,99.85,100.55,97,99.4,99.4,98.8,90,1592,157061,
544137,"Indus Infra Trust",IF,STK,124.5,125.84,123.5,124.55,124.55,124.9,328,3135,390966,
544138,"J.G.Chemicals Limited",B,STK,357.85,363.6,350.5,358.85,361.05,354.95,447,9475,3381878,
544139,"KOURA FINE DIAMOND JEWELRY LIM",M,STK,39,39,39,39,39,38,4,8000,312000,
544140,"Gopal Snacks Limited",B,STK,303,304.95,298,301.6,302.2,307.95,187,4500,1358796,
544141,"Pune E - Stock Broking Limited",M,STK,239,239,229,232.45,232.45,234.55,15,12000,2791080,
544142,"Shipping Corporation of India",B,STK,45.26,45.44,44.49,44.97,44.97,45.4,272,19824,889101,
544143,"Royal Sense Limited",M,STK,176.5,176.5,172,172,172,172.05,3,1500,260250,
544144,"Popular Vehicles and Services",B,STK,86.9,91.35,84.55,91.1,91.3,84.8,155,5676,497101,
544149,"KRYSTAL INTEGRATED SERVICES LI",B,STK,625.65,626.8,625,625,625,626.65,8,88,55040,
544150,"KP GREEN ENGINEERING LIMITED",M,STK,375,378.8,368.7,370.5,370.5,375.95,125,38250,14237700,
544151,"CHATHA FOODS LIMITED",M,STK,73.99,80,73.99,78.65,75,70.25,41,51000,3954260,
544156,"Gconnect Logitech and Supply C",M,STK,23.75,23.75,23.75,23.75,23.75,25,1,1500,35625,
544157,"Vruddhi Engineering Works Limi",M,STK,190,190,180,180,180,200,4,2000,370000,
544158,"SRM CONTRACTORS LIMITED",B,STK,415.4,428.05,413.15,424.9,426.55,410.55,155,3130,1311611,
544159,"DSP BSE Liquid Rate ETF",F,STK,1115.04,1115.04,1115.02,1115.04,1115.04,1114.9,8,2533,2824370,
544161,"D P ABHUSHAN LIMITED",B,STK,1175.8,1215,1161.95,1215,1215,1193.65,16,34,40816,
544162,"Bharti Hexacom Limited",A,STK,1640,1666.2,1640,1660.75,1660,1656.8,347,1859,3081800,
544163,"Greenhitech Ventures Limited",M,STK,85.35,85.35,82.99,84.4,84.4,84.8,6,7000,590670,
544165,"SHIVAM CHEMICALS LIMITED",MT,STK,97,102,97,100.92,102,100.2,12,22500,2253000,
544166,"EMMFORCE AUTOTECH LIMITED",M,STK,128.1,131.6,128.1,131.6,131.6,127.1,3,4800,619080,
544167,"JNK India Limited",B,STK,237,243.15,237,242.85,243,238.4,195,3893,940001,
544169,"Amkay Products Limited",MT,STK,62.8,62.8,62.8,62.8,62.8,59.85,2,4000,251200,
544170,"Dolphin Kitchen Utensils and A",MT,STK,33.9,34,33,33.96,33.96,33.81,117,386000,13025080,
544171,"Storage Technologies and Autom",M,STK,42.34,42.34,42.34,42.34,42.34,42.34,1,800,33872,
544172,"Indegene Limited",A,STK,493.7,504.6,491.75,499.8,502.35,493.1,1079,21363,10674656,
544173,"Finelistings Technologies Limi",M,STK,14.44,14.44,14.44,14.44,14.44,15.05,1,1000,14440,
544174,"TBO TEK LIMITED",A,STK,1291.9,1291.9,1251.9,1256.55,1253.3,1287.7,531,4263,5404600,
544175,"TGIF AGRIBUSINESS LIMITED",M,STK,86,86,70.5,70.5,70.5,86,3,3600,289500,
544176,"Aadhar Housing Finance Limited",A,STK,462,477.9,454.3,473.85,473.85,457.8,952,36184,16784443,
544177,"Aztec Fluids & Machinery Limit",M,STK,95,99,95,99,99,97,6,6000,578000,
544178,"PIOTEX INDUSTRIES LIMITED",M,STK,48,48,48,48,48,46.56,1,1200,57600,
544179,"Go Digit General Insurance Lim",A,STK,341.85,343.7,340.05,343.3,343.1,340.05,168,1827,624780,
544180,"Mirae Asset Mutual Fund",B,STK,47.84,47.87,47.49,47.75,47.74,47.54,30,3413,162518,
544181,"Awfis Space Solutions Limited",A,STK,295.7,305.95,295.6,297.5,296.25,298.2,521,15141,4558143,
544183,"Associated Coaters Limited",M,STK,107.26,107.26,107.26,107.26,107.26,112.9,1,500,53630,
544184,"Borosil Scientific Limited",B,STK,104.8,108.1,104.8,105.25,105.8,104.35,215,13909,1470483,
544185,"ADTECH SYSTEMS LIMITED",X,STK,54.75,54.75,52.5,53.28,53.1,53.22,31,782,41539,
544186,"Forbes Precision Tools and Mac",X,STK,138.5,138.5,132,133.1,133.1,133.85,79,6852,914231,
544187,"KRONOX LAB SCIENCES LIMITED",B,STK,112,120.5,112,118.35,115.9,112.4,260,3375,393144,
544189,"SATTRIX INFORMATION SECURITY L",MT,STK,364.45,382,364.45,377.5,382,383.6,57,38000,13931900,
544191,"Purple Finance Limited",X,STK,64,64,61.5,62.68,62.68,62.99,128,182402,11370242,
544192,"Le Travenues Technology Limite",A,STK,167.1,176.5,167.1,170.4,170.45,166,3131,121251,20832092,
544193,"Zerodha Mutual Fund",B,STK,10.9,11.12,10.89,11.05,11.03,11,184,20506,226205,
544194,"Zerodha Mutual Fund",B,STK,10.97,11.13,10.87,10.93,11.13,10.95,25,3819,41757,
544196,"BARODA BNP PARIBAS MUTUAL FUND",B,STK,61.3,61.41,61.1,61.41,61.41,61.19,21,542,33206,
544197,"JHS SVENDGAARD RETAIL VENTURES",B,STK,23.7,24.5,23.03,24.37,24.37,25.2,6,107,2605,
544198,"DEE DEVELOPMENT ENGINEERS LIMI",B,STK,289,309,284.8,303,303,299.15,22440,2700250,809566831,
544199,"GEM Enviro Management Limited",M,STK,43.95,44.76,42.27,42.27,42.27,44.49,39,31200,1333912,
544200,"Akme Fintrade (India) Limited",B,STK,6.65,7.31,6.65,7.14,7.2,7.18,393,132415,946296,
544201,"DINDIGUL FARM PRODUCT LIMITED",M,STK,12.95,13,12.88,12.9,12.88,13.55,6,12000,155080,
544202,"STANLEY LIFESTYLES LIMITED",B,STK,163.2,167.25,162.65,163,163,163.1,137,4196,688503,
544203,"Allied Blenders and Distillers",A,STK,490.4,494.45,481.5,486.95,489.6,490.45,852,15836,7715751,
544204,"VRAJ IRON AND STEEL LIMITED",B,STK,125.25,125.25,124.4,124.4,124.4,125.25,16,102,12745,
544205,"National Peroxide Limited",X,STK,401,439.95,395.4,397.3,397.3,402.85,95,1455,589174,
544206,"SBI Mutual Fund",E,STK,257.71,258.9,247.95,250.89,250.89,258.97,2532,265897,67180272,
544207,"Reliable Data Services Limited",T,STK,136.45,143.9,136.45,142.25,143.9,143.6,6,17,2366,
544209,"Bansal Wire Industries Limited",B,STK,275,275,262.8,264.55,263.65,265.55,69,1068,285741,
544210,"Emcure Pharmaceuticals Limited",A,STK,1431,1469.7,1424.15,1453.55,1441.75,1430.85,753,5919,8604684,
544212,"Mirae Asset Mutual Fund",B,STK,31.43,31.43,31.06,31.32,31.33,31.05,71,10992,342783,
544213,"AELEA COMMODITIES LIMITED",M,STK,130.5,135.2,130.5,131.25,132,132.5,25,19200,2543250,
544214,"THREE M PAPER BOARDS LIMITED",M,STK,28.7,28.7,28.7,28.7,28.7,28.7,1,2000,57400,
544215,"SBI Mutual Fund",B,STK,34.12,34.12,33.7,33.74,33.76,33.96,22,1134,38458,
544216,"ICICI Prudential Mutual Fund",B,STK,12.21,12.47,12.21,12.43,12.46,12.31,250,191694,2373783,
544217,"SANSTAR LIMITED",B,STK,87.2,87.2,86.1,86.5,86.85,85.99,5,310,26847,
544218,"Aditya Birla Sun Life Mutual F",B,STK,10.93,10.93,10.79,10.9,10.92,10.83,43,23070,250981,
544219,"VVIP Infratech Limited",M,STK,107.55,108.5,107,108.4,108.2,107.5,15,120600,13079280,
544222,"Akums Drugs and Pharmaceutical",B,STK,478.1,489.15,478.1,482,483.85,478,311,4076,1972921,
544223,"Ceigall India Limited",B,STK,283.55,289.55,283.25,286.75,286.1,288.25,249,4766,1367871,
544224,"Afcom Holdings Limited",M,STK,804,831,804,825.9,825.9,806.4,184,33240,27315018,
544225,"Ola Electric Mobility Limited",A,STK,25.6,26.13,25.02,25.17,25.17,25.55,5739,4001151,101991335,
544226,"Brainbees Solutions Limited",A,STK,211.25,223.1,211.25,220.3,220.3,210.5,9454,620585,135963470,
544227,"UNICOMMERCE ESOLUTIONS LIMITED",B,STK,105.5,112.3,105.5,109.75,110.1,107.05,316,23277,2566085,
544229,"ICICI Prudential Mutual Fund",B,STK,12.41,12.58,12.32,12.47,12.49,12.43,1573,892214,11105756,
544230,"SARASWATI SAREE DEPOT LIMITED",B,STK,64.99,64.99,62.45,63.58,63.61,61.42,68,2654,168800,
544232,"Interarch Building Solutions L",B,STK,1855,1913.05,1855,1904.4,1906.1,1882.2,224,2823,5336762,
544233,"Mahalaxmi Fabric Mills Limited",B,STK,22.69,24,22.66,23.9,23.9,24.97,15,4034,91887,
544234,"Globale Tessile Limited",B,STK,13.7,13.7,11.75,11.8,11.8,12.2,14,908,11202,
544235,"Orient Technologies Limited",B,STK,298,309.4,298,306.85,305,298.85,477,18432,5601553,
544236,"Resourceful Automobile Limited",M,STK,36.9,36.9,36.9,36.9,36.9,36.9,1,1200,44280,
544238,"Premier Energies Limited",A,STK,735,741.7,714.2,725.55,723.35,729.05,3507,120387,87464902,
544239,"ECOS (India) Mobility & Hospit",B,STK,149.1,154,148,151,150.25,148.35,375,12962,1952055,
544240,"Raymond Lifestyle Limited",A,STK,894.6,916.45,893.85,898.3,895.35,894.55,232,3447,3101482,
544241,"Mirae Asset Mutual Fund",B,STK,16.06,16.3,16.06,16.26,16.24,16.23,51,4603,74751,
544242,"Travels & rentals Limited",M,STK,15.53,17.15,15.53,17.15,17.15,16.34,41,159000,2576430,
544243,"Baazar Style Retail Limited",B,STK,319.6,319.6,304.5,304.95,305.3,317.65,399,7096,2208375,
544244,"Gala Precision Engineering Lim",B,STK,752,777.95,752,770,770,747.6,23,99,76003,
544245,"Naturewings Holidays Limited",M,STK,68,82.95,68,82.95,82.95,79.6,2,11200,785520,
544246,"Revathi Equipment India Limite",B,STK,636,636,636,636,636,635,8,19,12084,
544247,"DSP Mutual Fund",B,STK,95.72,95.96,94.99,95.36,95.96,95.24,87,234,22271,
544248,"MACH CONFERENCES AND EVENTS LI",MT,STK,123,123,118,121.1,122.9,121,14,27600,3311040,
544249,"SHREE TIRUPATI BALAJEE AGRO TR",B,STK,30.44,30.73,28.5,28.98,29.07,30.02,207,8840,258728,
544250,"Sanofi Consumer Healthcare Ind",A,STK,4200.1,4806.9,4200.1,4580.85,4580.85,4005.75,10947,110861,515371989,
544251,"Share Samadhan Limited",M,STK,49,49,49,49,49,49,1,1600,78400,
544252,"Bajaj Housing Finance Limited",A,STK,87.74,87.98,87.29,87.56,87.56,87.62,1887,179179,15699767,
544253,"Kross Limited",B,STK,201.95,204.65,197.55,198.65,198,198.1,219,7202,1438898,
544254,"Tolins Tyres Limited",B,STK,113.1,115.25,111,112.7,112.7,113.6,90,2926,329819,
544256,"P N GADGIL JEWELLERS LIMITED",B,STK,542.05,551.8,541.1,545.2,545.4,547.55,244,11415,6247457,
544257,"Sodhani Academy of Fintech Ena",M,STK,195,195,195,195,195,202,1,500,97500,
544258,"Western Carriers (India) Limit",B,STK,114.1,116.85,113.55,116.45,116.65,114.4,115,9299,1070165,
544259,"POPULAR FOUNDATIONS LIMITED",M,STK,32.26,32.26,31.6,32.01,32,33.38,9,27000,861450,
544260,"Northern Arc Capital Ltd.",A,STK,257.05,259.35,252.2,252.65,255.2,255.8,165,5885,1505821,
544261,"ARKADE DEVELOPERS LIMITED",B,STK,114.75,116.65,114.75,115.7,115.4,113.7,88,3224,372082,
544262,"Manba Finance Limited",B,STK,122,124.55,120.75,122.65,123.55,121.85,116,9725,1191663,
544263,"KRN HEAT EXCHANGER AND REFRIGE",A,STK,996.95,1031,971.05,997.25,997.25,999.05,12120,467592,470352637,
544264,"Diffusion Engineers Limited",B,STK,264.2,268.4,262.9,266,266.1,262.2,88,1372,364419,
544266,"Mirae Asset Mutual Fund",B,STK,98.96,99.19,98,98.38,98.38,97.99,7,1075,105356,
544267,"SUBAM PAPERS LIMITED",M,STK,177,188,177,182.9,182.9,173.5,21,18400,3350880,
544268,"Mirae Asset Mutual Fund",B,STK,12.32,12.58,12.32,12.5,12.5,12.44,1199,603714,7526139,
544269,"NEOPOLITAN PIZZA AND FOODS LIM",M,STK,9.32,9.85,9.27,9.27,9.27,9.75,8,60000,571320,
544270,"Khyati Global Ventures Limited",M,STK,45.5,45.5,41.9,41.9,41.9,43.1,2,3600,159480,
544271,"Garuda Construction and Engine",B,STK,183.3,184.35,178.4,179.5,179.7,180.6,390,13200,2375928,
544272,"SHIV TEXCHEM LIMITED",M,STK,122,122,116.15,118,118,122.1,19,8800,1042660,
544273,"MANGALAM GLOBAL ENTERPRISE LIM",B,STK,11,11.3,11,11,11,11.2,63,10018,110341,
544274,"HYUNDAI MOTOR INDIA LIMITED",A,STK,2191,2200,2178,2193.35,2183.05,2204.35,2001,15222,33318086,
544275,"ICICI Prudential Mutual Fund",B,STK,16.8,17,16.33,16.59,16.61,16.6,132,27713,460550,
544276,"Deepak Builders and Engineers",B,STK,80.27,80.99,78.31,78.67,78.61,80.04,167,3048,244834,
544277,"Waaree Energies Limited",A,STK,2759.95,2759.95,2705,2719.4,2719.4,2708.55,18031,302399,825943830,
544278,"OCCL Limited",B,STK,90.05,93,89.6,92.04,92.22,89.73,64,1422,130225,
544279,"Godavari Biorefineries Limited",B,STK,272.75,286.95,272,282.8,285.6,276.9,479,11997,3341425,
544280,"Afcons Infrastructure Limited",A,STK,306.2,306.25,295.05,296.4,296.4,306.1,1062,28681,8561020,
544281,"A B INFRABUILD LIMITED",B,STK,19.45,19.76,18.07,18.86,18.07,18.38,2163,162284,3093967,
544282,"Sagility Limited",A,STK,42.98,43.24,40.17,40.4,40.4,42.78,9272,2877726,118347084,
544283,"ACME Solar Holdings Limited",A,STK,232.05,235.7,231.9,234.75,235,233.85,429,14241,3334057,
544284,"Mirae Asset Mutual Fund",F,STK,1074.2,1074.22,1074.2,1074.22,1074.22,1074.06,3,2160,2320314,
544285,"SWIGGY LIMITED",A,STK,312.35,312.35,304.8,306.85,306.65,307.35,2076,233610,71721593,
544286,"NIVA BUPA HEALTH INSURANCE COM",A,STK,75.13,76.66,75.13,76.4,76.56,76.31,100,5055,385825,
544288,"BlackBuck Limited",A,STK,600,603.35,576.9,580.5,581,600.35,3289,129435,75211519,
544289,"NTPC GREEN ENERGY LIMITED",A,STK,90.5,90.79,89.31,90.18,90.18,90.29,2877,223918,20168063,
544290,"ENVIRO INFRA ENGINEERS LIMITED",A,STK,160.7,163.4,159.45,160.15,159.9,159.15,659,37193,5999850,
544291,"RAJESH POWER SERVICES LIMITED",M,STK,900,913.75,872.35,905.15,903,889.8,175,24200,21660010,
544292,"Onesource Specialty Pharma Lim",A,STK,1293.75,1339.95,1276.8,1319.8,1319.8,1293.75,755,6021,7827621,
544293,"SURAKSHA DIAGNOSTIC LIMITED",B,STK,282.3,282.3,270,276.95,272,281.25,318,2827,788554,
544294,"Rossell Techsys Limited",B,STK,670.7,732.8,669.4,724.65,730,670,248,3439,2411247,
544296,"NISUS FINANCE SERVICES CO LIMI",M,STK,265,269.95,261,263.85,263.85,265.2,77,44000,11687060,
544301,"Odigma Consultancy Solutions L",B,STK,26.07,27.03,25.78,26.39,26.24,26.26,45,793,20743,
544302,"Innovana Thinklabs Limited",B,STK,425.2,425.2,412.4,412.85,412.4,433,11,31,12939,
544303,"TOSS THE COIN LIMITED",M,STK,318.3,319,318.3,319,319,327,2,600,191190,
544304,"JUNGLE CAMPS INDIA LIMITED",M,STK,45.2,45.2,45,45,45,45.42,2,3200,144320,
544305,"One Mobikwik Systems Limited",B,STK,202.2,203.05,199.1,200.3,200.3,202.75,600,52336,10515725,
544306,"Sai Life Sciences Limited",A,STK,924.7,966.6,921,964.2,964.2,924.65,1836,28966,27484657,
544307,"Vishal Mega Mart Limited",A,STK,122.15,129.45,122.15,127.6,127.5,122.85,5957,892889,113690332,
544308,"Hilltone Software and Gases Lt",X,STK,53.16,58.74,53.16,56.67,56.5,55.95,47,124034,6984094,
544309,"INVENTURUS KNOWLEDGE SOLUTIONS",A,STK,1459.8,1459.8,1410.85,1416,1417.1,1430.6,590,69709,98795505,
544310,"Yash Highvoltage Limited",M,STK,461.1,470,445.3,454.65,460,466.6,148,52750,24323200,
544311,"International Gemmological Ins",A,STK,325.7,333.5,325.7,329.3,329.35,332.15,435,11628,3838681,
544314,"Sanathan Textiles Limited",B,STK,395.95,401,395,395.5,397.7,403.5,214,1340,532536,
544315,"Concord Enviro Systems Limited",B,STK,317.7,321.4,308.75,310.6,310.6,316.05,354,5804,1813324,
544316,"DAM Capital Advisors Limited",B,STK,153.2,153.9,150.45,152.2,152.1,151.15,268,13615,2076584,
544317,"Transrail Lighting Limited",A,STK,550.2,565.9,550.2,558.5,559.4,553.55,490,8208,4591696,
544318,"MAMATA MACHINERY LIMITED",B,STK,438.05,439.25,431.4,433.15,431.4,440,104,1709,742859,
544319,"SENORES PHARMACEUTICALS LIMITE",B,STK,781.75,789.7,765,772.7,775.2,770.75,250,4936,3839712,
544320,"CARRARO INDIA LIMITED",B,STK,531.95,532,523.85,530.05,530.05,518.85,231,2288,1204499,
544321,"Ventive Hospitality Limited",B,STK,711.05,712.35,702.1,703.3,704.95,711.45,126,1246,878911,
544322,"Unimech Aerospace and Manufact",B,STK,884.8,912.95,884.8,897.9,900.5,884.8,222,3425,3076433,
544323,"Mirae Asset Mutual Fund",B,STK,11.33,11.37,11.31,11.34,11.34,11.37,11,312,3545,
544324,"Citichem India Limited",M,STK,18.45,18.45,18.45,18.45,18.45,17,1,2000,36900,
544325,"ITC Hotels Limited",A,STK,178.7,179.7,177.8,178.15,178.15,179.2,3280,127037,22668166,
544326,"Edelweiss Mutual Fund",B,STK,24.53,24.63,24.51,24.61,24.61,24.53,12,982,24179,
544328,"INDO FARM EQUIPMENT LIMITED",B,STK,140.2,142,137.45,138.65,138.35,138.2,590,30205,4196383,
544329,"LEO DRYFRUITS & SPICES TRADING",M,STK,54,54,54,54,54,55,2,4000,216000,
544331,"Davin Sons Retail Limited",M,STK,37,37,37,37,37,36.5,1,2000,74000,
544333,"STANDARD ENGINEERING TECHNOLOG",B,STK,121.15,125.05,121.15,122.6,123,122.25,180,14365,1773922,
544335,"B.R.GOYAL INFRASTRUCTURE LIMIT",M,STK,94,95,93.99,94.9,94.8,93.95,8,8000,754400,
544336,"Quadrant Future Tek Limited",B,STK,295,301.9,290.55,297.3,296.95,287.65,434,12505,3715691,
544338,"Capital Infra Trust",IF,STK,69.91,70.34,68.92,69.32,69.5,70.06,453,26292,1828390,
544339,"Laxmi Dental Limited",B,STK,184,194,184,191.2,190.35,186.7,215,7488,1431771,
544340,"Rikhav Securities Limited",M,STK,43.01,43.2,43,43.1,43.1,44.83,5,8000,344496,
544342,"Stallion India Fluorochemicals",B,STK,129.15,129.5,122.3,122.3,122.3,128.7,1188,80350,10066009,
544343,"CAPITALNUMBERS INFOTECH  LIMIT",M,STK,84.66,86.3,82.02,82.35,82.35,84.66,35,18000,1520888,
544344,"SHRIRAM PISTONS & RINGS LTD",A,STK,3166.5,3183.85,3123.8,3144.65,3140,3166.5,560,2990,9407026,
544345,"Denta Water and Infra Solution",B,STK,250.2,261.9,250.2,257.05,257.05,252,295,4607,1188328,
544346,"RDB Real Estate Constructions",XT,STK,156.1,170.9,155.15,170.85,170.85,162.95,8,14,2334,
544347,"CLN ENERGY LIMITED",M,STK,337,337,336.85,336.85,336.85,329,2,1200,404370,
544348,"GB Logistics Commerce Limited",M,STK,38.3,38.36,38.3,38.36,38.36,38.5,2,8400,321936,
544350,"Dr. Agarwal's Health Care Limi",A,STK,444.55,450.55,444.55,447.85,448.4,450.9,157,3410,1528540,
544351,"MALPANI PIPES AND FITTINGS LIM",M,STK,71.75,71.75,71.75,71.75,71.75,71.86,1,1600,114800,
544352,"DSP Mutual Fund",B,STK,42.05,42.16,41.78,41.78,41.78,41.28,4,243,10231,
544353,"Amwill Health Care Limited",M,STK,34.58,35.2,34.58,34.85,34.85,34.75,7,8400,293208,
544354,"SOLARIUM GREEN ENERGY LIMITED",M,STK,158,162,138.45,156.55,156.3,159.3,71,33900,5356170,
544355,"Jubilant Agri and Consumer Pro",B,STK,1844.6,1914,1825.2,1914,1914,1789,6,25,45956,
544356,"AJAX Engineering Limited",B,STK,489,495,482.55,486.1,490.35,491,599,9757,4775698,
544361,"COVANCE SOFTSOL LIMITED",XT,STK,171.3,171.3,171.3,171.3,171.3,171.3,27,2753,471588,
544362,"Hexaware Technologies Limited",A,STK,463.8,487.6,463.8,472.05,476,467.25,5051,142374,67418468,
544363,"UNION MUTUAL FUND",E,STK,157.4,157.8,153.5,154.58,154.6,154.31,21,352,55202,
544364,"Indef Manufacturing Limited",B,STK,251.6,253,246.1,250.65,248.75,249.4,27,221,54962,
544365,"SHANMUGA HOSPITAL LIMITED",M,STK,41.46,41.47,41.46,41.47,41.47,40,2,4000,165860,
544367,"QUALITY POWER ELECTRICAL EQUIP",B,STK,910,910,886.25,904.25,901,898.4,685,19200,17265942,
544368,"Swasth Foodtech India Limited",M,STK,17.2,18.1,17.2,18.1,18.1,18.12,3,3600,63120,
544369,"Beezaasan Explotech Limited",M,STK,223.3,228.2,223.1,227.75,228,228.25,8,7200,1629040,
544371,"VIKRAM AROMA LIMITED",X,STK,63.5,66.9,63.33,65.37,65.5,63.33,30,264,17033,
544372,"SHREENATH PAPER PRODUCTS LIMIT",M,STK,13.01,13.01,13.01,13.01,13.01,12.99,1,3000,39030,
544374,"ROADSTAR INFRA INVESTMENT TRUS",IF,STK,60.01,60.01,60.01,60.01,60.01,60,1,25000,1500250,
544375,"360 ONE Mutual Fund",E,STK,154.46,154.5,152.95,153.02,153.09,154.5,93,4065,625884,
544376,"Mirae Asset Mutual Fund",B,STK,42.94,42.94,42.65,42.72,42.72,42.75,4,156,6658,
544378,"PDP Shipping & Projects Limite",M,STK,60.1,60.1,60.1,60.1,60.1,60,1,1000,60100,
544379,"Prabha Energy Limited",B,STK,176.1,185.8,172.2,172.2,172.2,180.6,58,1390,247779,
544380,"ICICI Prudential Mutual Fund",F,STK,1051.18,1051.18,1051.18,1051.18,1051.18,1050.89,1,1,1051,
544382,"Axis Mutual Fund",B,STK,34.54,34.8,34.39,34.69,34.68,34.58,47,12296,426310,
544383,"PARADEEP PARIVAHAN LIMITED",M,STK,161.5,168,161.5,168,168,162.5,3,3600,589800,
544384,"Zerodha Mutual Fund",E,STK,26.4,26.87,25.7,26.14,26.14,26.88,2161,1152618,30424141,
544385,"SBI Mutual Fund",B,STK,57.3,57.3,55.98,57.16,57.16,57.13,38,8992,509584,
544386,"Spectrum Electrical Industries",B,STK,1405.6,1410,1394.3,1408.65,1410,1260.65,28,194,272900,
544387,"Desco Infratech Limited",M,STK,160,160,153.2,155,155,157,5,2500,390100,
544388,"Identixweb Limited",M,STK,69,69,69,69,69,72.32,2,4000,276000,
544389,"360 ONE Mutual Fund",E,STK,257.5,261.35,250,253.76,255.43,259.5,146,3794,974900,
544390,"Siemens Energy India Limited",B,STK,3007.95,3021.45,2876.15,2922.3,2922.3,2998.25,4856,37357,109437495,
544392,"SPINAROO COMMERCIAL LIMITED",MT,STK,60.99,61.15,60.99,61.15,61.15,58.6,3,6000,366580,
544394,"ICICI Prudential Mutual Fund",B,STK,31.58,31.58,30.82,31.31,31.31,31.24,75,14110,443175,
544395,"STL Networks Limited",B,STK,20.83,21.13,20.7,21.05,21,20.67,187,28511,597329,
544396,"Network People Services Techno",B,STK,1136.4,1180,1033.65,1156.7,1180,1155.1,570,11109,12019622,
544397,"Ather Energy Limited",B,STK,706.95,710,686.25,700.25,702,706.8,6909,148329,103182874,
544398,"Kenrik Industries Limited",M,STK,8.4,8.4,8.2,8.21,8.21,8.63,3,18000,148860,
544399,"SRIGEE DLM LIMITED",M,STK,85.99,85.99,82.55,82.55,82.55,83.64,4,6000,503616,
544400,"Manoj Jewellers Limited",M,STK,46,46,46,46,46,44,2,4000,184000,
544401,"Mirae Asset Mutual Fund",B,STK,337.87,337.87,337.87,337.87,337.87,334.66,1,90,30408,
544402,"JASH ENGINEERING LIMITED",B,STK,390.45,401.85,388.4,398.7,397.45,388,70,782,308008,
544403,"Aditya Birla Lifestyle Brands",B,STK,104.35,105.9,102.15,102.95,102.8,104.35,442,27550,2860299,
544404,"BORANA WEAVES LIMITED",T,STK,416.9,416.9,401.3,407,407,417.9,25,919,376313,
544405,"BELRISE INDUSTRIES LIMITED",B,STK,185,185.75,181,185.45,185.6,184.9,1917,169667,31210415,
544406,"UNIFIED DATA TECH SOLUTIONS LI",M,STK,364.45,364.45,355.05,355.55,355.05,358.9,16,6400,2303780,
544407,"AEGIS VOPAK TERMINALS LIMITED",B,STK,233.95,237.3,230.1,234.05,234.55,235.75,548,19620,4597397,
544408,"Leela Palaces Hotels & Resorts",B,STK,449.85,449.85,437.85,440.65,437.85,438.8,167,2627,1164645,
544409,"ASTONEA LABS LIMITED",M,STK,159,159.9,155,155,155,160,10,11000,1744400,
544410,"PROSTARM INFO SYSTEMS LIMITED",B,STK,154.75,154.75,147.25,150.05,149.2,152.45,197,5756,867126,
544411,"Scoda Tubes Limited",B,STK,136.3,138.9,135.6,137.3,138.05,136.6,76,4086,562703,
544413,"Digitide Solutions Limited",B,STK,96,98.4,94.5,97.55,97.65,94.8,267,10130,972898,
544414,"Bluspring Enterprises Limited",B,STK,53.31,55.25,52.75,53,53.78,54.07,152,5245,282998,
544415,"Nippon India Mutual Fund",B,STK,41.9,42.4,41.9,42.4,42.4,41.3,3,3,126,
544416,"KRISHIVAL FOODS LIMITED",B,STK,315.3,315.6,311,311,311,310.25,8,107,33361,
544417,"Aten Papers & Foam Limited",M,STK,21.2,21.2,21.2,21.2,21.2,21.3,1,1200,25440,
544418,"Oswal Pumps Limited",B,STK,324.95,332.8,319.8,320.9,322.45,323.5,726,24298,7932661,
544419,"ArisInfra Solutions Limited",B,STK,114.9,122.25,111.8,114.2,114.8,111.1,2049,353162,41818318,
544420,"Raymond Realty Limited",B,STK,429.8,442,425.65,428.4,428.4,427.4,427,10324,4447927,
544421,"ELLENBARRIE INDUSTRIAL GASES L",B,STK,233.7,238.4,233.1,235.35,234.1,234.85,228,11646,2761401,
544423,"Kalpataru Limited",B,STK,340.85,341.55,328.55,333.1,333.35,335.8,117,2542,849860,
544424,"GLOBE CIVIL PROJECTS LIMITED",B,STK,48.56,52.01,48.56,51.07,51,49.45,67,1787,91244,
544425,"AJC Jewel Manufacturers Limite",MT,STK,133.3,133.35,133.3,133.35,133.35,127,15,21600,2879880,
544426,"Icon Facilitators Limited",M,STK,53.1,57,53.1,55.41,56,55.2,10,12000,663204,
544427,"ICICI Prudential Mutual Fund",B,STK,10.77,10.77,10.65,10.71,10.65,10.79,12,1244,13317,
544428,"SUPERTECH EV LIMITED",MT,STK,58.3,58.3,55.1,55.1,55.1,57.99,9,10800,599400,
544429,"HDB FINANCIAL SERVICES LIMITED",B,STK,727.85,727.85,710,713.2,713.2,725.35,842,12344,8849258,
544430,"SAMBHV STEEL TUBES LIMITED",B,STK,101.8,102.23,100.5,100.71,100.58,101.23,388,35019,3550768,
544431,"Ace Alpha Tech Limited",M,STK,97,97,95.25,96.2,96.2,100,10,20000,1921750,
544432,"Indogulf Cropsciences Limited",B,STK,64.44,67.84,64.44,65.92,65.85,64.23,91,6896,455614,
544433,"Valencia India Limited",M,STK,17.2,17.2,17.2,17.2,17.2,17,3,3600,61920,
544434,"Neetu Yoshi Limited",M,STK,91,95.5,91,93.2,93.2,92.5,21,23200,2182016,
544435,"ADCOUNTY MEDIA INDIA LIMITED",M,STK,124.8,125.5,120.45,124,123,120.45,14,12000,1475080,
544436,"VANDAN FOODS LIMITED",M,STK,38.21,38.21,38.21,38.21,38.21,38.36,1,1200,45852,
544437,"MARC LOIRE FASHIONS LIMITED",M,STK,65,70,65,68.95,68.95,67.58,16,19200,1319688,
544438,"Mirae Asset Mutual Fund",B,STK,12.09,12.1,12.01,12.06,12.05,12.1,11,8037,96989,
544439,"CRIZAC LIMITED",B,STK,223.4,231.65,221.25,230.8,229.65,221.85,846,8146,1844521,
544440,"CRYOGENIC OGS LIMITED",M,STK,158,161,151,156,160.95,156.1,44,35250,5530350,
544441,"META INFOTECH LIMITED",M,STK,88.52,90,87.43,88,88,89.26,21,18400,1627088,
544442,"Chemkart India Limited",M,STK,106.9,108,102.25,104,104,105.95,17,15600,1644180,
544443,"TRAVEL FOOD SERVICES LIMITED",B,STK,1257.95,1257.95,1218.1,1238.3,1235.7,1235.15,641,2837,3514500,
544444,"Glen Industries Limited",M,STK,76,78,74,74.25,74.25,74,28,52800,4006272,
544445,"ASSTON PHARMACEUTICALS LIMITED",M,STK,82,82,76.01,80,80,82,6,6000,479260,
544446,"Advent Hotels International Li",B,STK,196.55,203.4,196.1,197.8,198.1,197.05,733,24299,4827892,
544447,"SMARTWORKS COWORKING SPACES LI",B,STK,419.55,419.55,398.5,399.7,403,416.65,288,5427,2190396,
544448,"Pashupati Cotspin Limited",B,STK,999,999.1,965,992.6,998.5,985.85,308,375,369950,
544449,"Anthem Biosciences Limited",B,STK,711,711,693.1,702.85,705,703.6,571,4600,3221911,
544450,"CHEMBOND CHEMICALS  LIMITED",B,STK,149.95,149.95,148,148,148,151.2,21,89,13316,
544451,"MONIKA ALCOBEV LIMITED",M,STK,269.05,269.05,256.25,256.9,256.9,274.55,57,31600,8273260,
544452,"Swastika Castal Limited",M,STK,60,60,60,60,60,63,1,2000,120000,
544453,"Monarch Surveyors and Engineer",M,STK,204.4,209,204.4,204.7,204.55,203.55,14,8400,1737180,
544454,"INDIQUBE SPACES LIMITED",B,STK,174.2,175.45,172,175.45,175.45,174.7,10,229,40056,
544455,"GNG Electronics Limited",B,STK,362.55,377.3,362.55,375.1,374.35,366.2,380,8532,3181327,
544456,"R M DRIP AND SPRINKLERS SYSTEM",B,STK,78.4,78.4,78.4,78.4,78.4,97.95,77,20432,1601868,
544457,"Brigade Hotel Ventures Limited",B,STK,62.24,62.25,61.68,61.9,61.78,62.29,191,2948,182570,
544458,"SHREE REFRIGERATIONS LIMITED",M,STK,179.55,184.4,177,177.65,177,178.2,82,45500,8225100,
544459,"SHANTI GOLD INTERNATIONAL LIMI",B,STK,204.5,211.55,204.5,208.3,207,210,445,30048,6303326,
544460,"PATEL CHEM SPECIALITIES LIMITE",M,STK,70.1,72.5,69.25,69.53,69.53,69.73,26,46400,3260960,
544461,"Euro Panel Products Limited",B,STK,170,170,164.4,169.95,164.4,167.7,21,162,27528,
544463,"REPONO LIMITED",M,STK,58,60,58,60,60,60,2,2400,141600,
544464,"Umiya Mobile Limited",M,STK,57.7,57.8,56,56,56,58,6,14000,800800,
544465,"LAXMI INDIA FINANCE LIMITED",B,STK,94.44,95.6,93.94,94.53,94.83,94.44,88,4323,410311,
544466,"Aditya Infotech Limited",B,STK,1636.7,1664.8,1600.05,1611.1,1611.1,1574.6,2985,33700,54903263,
544467,"National Securities Depository",B,STK,919.55,931.15,919,920.45,920.45,919.55,10542,248471,229112344,
544468,"B. D. Industries (Pune) Limite",M,STK,107,108.25,107,108.25,108.25,108.25,2,10800,1167600,
544469,"Sri Lotus Developers and Realt",B,STK,144.4,147.5,142,144,144,142.2,780,76637,11129394,
544470,"M & B ENGINEERING LIMITED",B,STK,304.4,305.95,295.25,297.65,299.05,302.75,1844,34328,10264769,
544471,"TAKYON NETWORKS LIMITED",M,STK,33.65,34,33.5,33.5,33.5,34,6,12000,404520,
544472,"MEHUL COLOURS LIMITED",M,STK,67,67,67,67,67,67,1,1600,107200,
544473,"Groww Mutual Fund",B,STK,10.61,10.79,10.52,10.56,10.52,10.6,189,59529,630102,
544475,"ESSEX MARINE LIMITED",M,STK,25.44,25.44,24.17,25.15,25.15,24.29,10,20000,502220,
544476,"Jeena Sikho Lifecare Limited",B,STK,653.25,653.25,615.5,635.95,637.35,644.85,1060,21941,13898233,
544477,"Highway Infrastructure Limited",B,STK,56.99,56.99,55.08,55.52,55.52,55.52,154,4275,238483,
544478,"SBI Mutual Fund",F,STK,1028.27,1028.27,1028.27,1028.27,1028.27,1027.37,3,2050,2107953,
544479,"ALL TIME PLASTICS LIMITED",B,STK,245,248.3,241.75,245.9,241.75,244.8,96,3653,898623,
544480,"JSW CEMENT LIMITED",B,STK,125,128.8,124.2,127.85,127.85,125,4380,325902,41257337,
544481,"KNOWLEDGE REALTY TRUST",IF,STK,124,124.15,122.82,123.15,123.01,123.58,186,3179,393406,
544482,"STAR IMAGING AND PATH LAB LIMI",M,STK,69,69.48,68,68.66,68,68,6,7000,480480,
544483,"ICODEX PUBLISHING SOLUTIONS LI",M,STK,40.15,40.15,40.15,40.15,40.15,41.41,1,1200,48180,
544484,"BlueStone Jewellery and Lifest",B,STK,421.45,437.3,418.6,432.2,431.6,421.8,697,15275,6575625,
544485,"REGAAL RESOURCES LIMITED",B,STK,67.7,70.8,66.11,69.83,69,68.54,921,161043,10938104,
544486,"Zerodha Mutual Fund",F,STK,30.1,30.1,29.89,29.91,29.91,29.9,5,6319,188902,
544487,"PATEL RETAIL LIMITED",B,STK,178.7,182.7,178.2,180.35,179.5,179.25,63,3815,683196,
544488,"Vikram Solar Limited",B,STK,175.05,177.7,163.6,166.15,166.15,175.25,4402,391920,66472990,
544489,"LGT Business Connextions Limit",MT,STK,58.55,60.95,58.55,60.9,60.9,58.55,6,9600,570600,
544490,"Shreeji Shipping Global Limite",B,STK,408,408,398,399.55,398,403,289,11854,4773827,
544491,"Gem Aromatics Limited",B,STK,199.95,199.95,193.55,197.6,199.95,196,220,7351,1446485,
544492,"MANGAL ELECTRICAL INDUSTRIES L",B,STK,242.2,247.15,238.05,239.25,238.55,239.55,206,1682,408914,
544493,"Nippon India Mutual Fund",B,STK,160,160.41,160,160.41,160.41,160,2,25,4002,
544494,"Globtier Infotech limited",M,STK,23.3,24,23.01,23.01,23.01,23.3,6,9600,226560,
544496,"Vikran Engineering Limited",B,STK,68.25,72.36,67.46,70.74,70.74,67.19,2151,264312,18546719,
544497,"ANLON HEALTHCARE LIMITED",B,STK,109,111.65,106.25,107.6,108.95,108.8,250,11756,1274471,
544499,"Career Point Edutech Limited",B,STK,206,206.05,199.95,202.9,202.9,206.05,27,397,80052,
544500,"ABRIL PAPER TECH LIMITED",M,STK,32.9,38.9,32.9,36,36,38.49,7,16000,585400,
544501,"SUGS LLOYD LIMITED",M,STK,96.99,97,93.36,93.36,93.36,94.31,24,34000,3232420,
544502,"Amanta Healthcare Limited",B,STK,101.55,106,99.55,105,105,101.45,62,2107,216117,
544503,"Rachit Prints Limited",MT,STK,113,113,110,110,110,110.25,4,4000,443000,
544504,"GOEL CONSTRUCTION COMPANY LIMI",M,STK,292,298,292,292,292,294.5,9,3600,1062060,
544505,"AUSTERE SYSTEMS LIMITED",M,STK,49,49,47,48,48,49.21,11,22000,1054100,
544506,"SHARVAYA METALS LIMITED",M,STK,141,144,136.45,143,142,142.15,33,27600,3828120,
544507,"Zerodha Mutual Fund",B,STK,9.71,9.75,9.64,9.64,9.64,9.7,30,1386,13433,
544508,"VASHISHTHA LUXURY FASHION LIMI",M,STK,66,66,66,66,66,64.5,2,2400,158400,
544509,"Krupalu Metals Limited",M,STK,38.9,41.37,38,40.62,41.37,39.86,7,11200,447968,
544510,"NILACHAL CARBO METALICKS LIMIT",M,STK,83.2,83.2,77.5,77.5,77.5,86.74,6,9600,774160,
544511,"Karbonsteel Engineering Limite",M,STK,152,152,152,152,152,151,1,800,121600,
544512,"SHRINGAR HOUSE OF MANGALSUTRA",B,STK,252,252.3,244.95,245.35,245.35,249.95,404,26788,6610152,
544513,"Dev Accelerator Limited",B,STK,42.76,45.59,42.76,45.21,45.25,43.09,235,13415,600143,
544515,"Urban Company Limited",B,STK,107.15,109.6,106.5,107.9,107.9,107.95,2274,798582,85955326,
544516,"AIRFLOA RAIL TECHNOLOGY LIMITE",M,STK,257.05,260.45,251,254.65,254,257.75,41,41000,10486050,
544517,"Shankara Buildpro Limited",B,STK,1044.85,1056.4,990,1001.15,998.9,1029.4,224,1649,1681222,
544518,"L. T. ELEVATOR LIMITED",MT,STK,184.7,195,184.7,190.2,190,190,18,30400,5825760,
544519,"EURO PRATIK SALES LIMITED",B,STK,254.2,260,254.2,256.9,257.1,253.9,94,1402,360906,
544521,"VMS TMT LIMITED",B,STK,46.69,47.45,46.5,47.28,47,46.28,78,5726,269214,
544522,"A B Cotspin India Limited",B,STK,435,435,414,414,414,411.55,8,81,34285,
544523,"IVALUE INFOSOLUTIONS LIMITED",B,STK,228.15,229.75,224.2,226.25,225.85,226.5,161,4187,947176,
544524,"JD CABLES LIMITED",M,STK,175,177.95,166.3,167.8,166.3,179.6,126,121600,20794440,
544525,"GK ENERGY LIMITED",B,STK,114.85,117.3,111.3,113.45,113.45,114.4,507,29640,3386937,
544526,"Saatvik Green Energy Limited",B,STK,389.75,389.75,368,371.85,371.85,380.85,511,11200,4247085,
544527,"Atlanta Electricals Limited",B,STK,899,899.95,879.6,884.15,885,884.7,262,2974,2645674,
544528,"Ganesh Consumer Products Limit",B,STK,167.5,177.15,165.8,173.35,172,164.2,375,22087,3839601,
544529,"Aptus Pharma Limited",MT,STK,271.95,271.95,271.95,271.95,271.95,266.65,2,4000,1087800,
544530,"ANAND RATHI SHARE AND STOCK BR",B,STK,503.1,511.95,501.55,505.2,503.7,505.15,515,13717,6932587,
544531,"TRUE COLORS LIMITED",M,STK,166.65,169.9,163,163.9,163.55,166.7,41,30000,4986810,
544532,"Solarworld Energy Solutions Li",B,STK,198,200.65,195.05,197.85,197.5,199.45,205,6814,1348748,
544533,"Seshaasai Technologies Limited",B,STK,240.85,254.25,240.85,245.45,243,239.95,212,3045,757985,
544534,"Jaro Institute of Technology M",B,STK,450,451.55,440,443.5,443.5,451.5,193,8398,3734521,
544535,"BHARATROHAN AIRBORNE INNOVATIO",MT,STK,145,145,138.65,138.65,138.65,145.9,4,6400,900880,
544537,"Jain Resource Recycling Limite",B,STK,377.45,393.7,377.45,386.75,386.75,378.65,1170,42615,16547060,
544539,"Solvex Edibles Limited",M,STK,26.99,26.99,26.99,26.99,26.99,25.71,1,1600,43184,
544540,"Epack Prefab Technologies Limi",B,STK,181.65,186.5,178.9,180.4,181.35,181.65,279,10380,1884096,
544541,"SYSTEMATIC INDUSTRIES LIMITED",M,STK,155.55,158,153,155,155,155.65,26,42000,6524940,
544542,"Justo Realfintech Limited",M,STK,114,114.4,105.4,113,113,119.09,20,32000,3534740,
544543,"BMW VENTURES LIMITED",B,STK,60.39,62.39,59.7,61.8,61.89,60.31,278,25142,1526338,
544544,"TELGE PROJECTS LIMITED",M,STK,90.3,90.3,90.3,90.3,90.3,95.8,1,1200,108360,
544545,"TRUALT BIOENERGY LIMITED",B,STK,406.2,410,393.1,404.1,404.1,407.9,208,3312,1341698,
544546,"Chatterbox Technologies Limite",M,STK,60,60.1,60,60.1,60.1,62.5,2,2400,144120,
544547,"Jinkushal Industries Limited",B,STK,66.27,66.28,64.85,65,65,66.36,30,1565,102232,
544548,"GUJARAT PEANUT AND AGRI PRODUC",M,STK,82.06,86.04,82.06,84.7,84.7,83,4,6400,540480,
544549,"EARKART LIMITED",MT,STK,149,149,149,149,149,149,1,1000,149000,
544550,"Pace Digitek Limited",B,STK,184.95,184.95,177.05,177.85,177.1,176.85,322,16073,2870034,
544551,"BHAVIK ENTERPRISES LIMITED",M,STK,139.9,140,135.45,140,140,135,30,40000,5595050,
544553,"M P K STEELS (I) LIMITED",MT,STK,136,136,136,136,136,134.9,1,1600,217600,
544555,"AMEENJI RUBBER LIMITED",M,STK,117,117,117,117,117,116,1,1200,140400,
544556,"Dhillon Freight Carrier Limite",M,STK,31.9,32.45,31.9,32.45,32.45,34.95,2,3200,102960,
544557,"Glottis Limited",B,STK,49.32,49.49,48.24,48.31,48.25,49.02,99,5954,290047,
544558,"Fabtech Technologies Limited",B,STK,156,158,153.25,154.15,153.9,153.15,306,10856,1690667,
544559,"OM METALLOGIC LIMITED",M,STK,18.06,18.06,18,18,18,18.5,3,6400,115456,
544560,"SODHANI CAPITAL LIMITED",M,STK,69.45,73.4,69.45,72.31,73.4,70.43,5,10000,717400,
544561,"Chiraharit Limited",M,STK,7.7,7.7,7.66,7.66,7.66,7.92,3,18000,138360,
544562,"Advance Agrolife Limited",B,STK,132.65,132.65,125.3,126.2,126.2,128.2,216,9680,1235199,
544563,"Zelio E Mobility Limited",M,STK,280,307.7,280,307.7,307.7,279.75,138,520000,149091350,
544564,"Om Freight Forwarders Limited",B,STK,83.8,86.48,77.81,83.15,79.04,85.42,203,5490,457230,
544566,"Sunsky Logistics Limited",M,STK,69.9,70.1,69.9,69.9,69.9,70.25,4,18000,1259100,
544567,"Infinity Infoway Limited",M,STK,381.5,381.5,381.5,381.5,381.5,380.1,1,800,305200,
544568,"DSM Fresh Foods Limited",M,STK,116.5,119.95,115.25,116.05,116.05,117,42,188400,21945840,
544569,"Tata Motors Limited",B,STK,479.8,494.95,479.8,491.35,491.35,479.8,9613,522802,255865972,
544570,"WeWork India Management Limite",B,STK,544.8,544.8,515.45,518.8,516.3,535.7,395,4306,2252289,
544571,"NSB BPO Solutions Limited",M,STK,73.55,73.55,73.55,73.55,73.55,72,1,1000,73550,
544572,"SKF INDIA (INDUSTRIAL) LIMITED",B,STK,2553,2577.9,2399,2458.05,2465,2548.2,220,818,2040692,
544573,"Edelweiss Mutual Fund",F,STK,1020.1,1020.1,1020.1,1020.1,1020.1,1018,1,1,1020,
544574,"Tata Capital Limited",A,STK,334.9,337,328.7,334.4,334.4,334.95,6985,161091,53504640,
544575,"Mittal Sections Limited",M,STK,30.49,30.49,30.45,30.46,30.46,29.52,3,3000,91400,
544576,"LG Electronics India Limited",B,STK,1560.65,1574.75,1550.45,1558.7,1558.7,1568.2,2250,22853,35685307,
544577,"Worth Peripherals Limited",B,STK,136.5,136.5,135,135.95,135,136.5,11,2044,277897,
544578,"RUBICON RESEARCH LIMITED",B,STK,786.95,797.1,782.6,787.1,787.1,786.95,858,8797,6940865,
544579,"Anantam Highways Trust",IF,STK,103,103,102.71,102.91,102.91,103,7,262,26970,
544580,"Canara Robeco Asset Management",B,STK,253.6,256.95,251.1,251.9,251.9,253.6,355,10673,2706667,
544581,"DSP Mutual Fund",B,STK,9.98,9.99,9.94,9.97,9.97,9.96,14,483,4817,
544582,"SHLOKKA DYES LIMITED",M,STK,23.1,23.1,22.31,22.33,22.33,23.45,8,9600,218904,
544583,"Canara HSBC Life Insurance Com",B,STK,150.15,151.35,145.1,146.4,145.85,149.95,1506,279287,41075615,
544585,"SIHORA INDUSTRIES LIMITED",M,STK,60,62.5,60,62.5,62.5,61,2,4000,245000,
544586,"Zerodha Mutual Fund",B,STK,10.16,10.22,10.11,10.13,10.13,10.16,223,5687,57996,
544587,"Midwest Limited",B,STK,1304.6,1323,1303.15,1312.45,1311.5,1297.6,154,1144,1502903,
544594,"GAME CHANGERS TEXFAB LIMITED",M,STK,111,111,108,110.65,110.75,109.5,7,8400,920100,
544595,"Orkla India Limited",B,STK,604,607,588,589.6,590,601.2,402,3063,1826443,
544596,"Safecure Services Limited",M,STK,35.1,35.1,35.1,35.1,35.1,38.22,2,2400,84240,
544597,"Piramal Finance Limited",B,STK,1792.3,1826.95,1754.4,1763.95,1759.3,1770.6,650,5221,9305369,
544598,"Accuracy Shipping Limited",B,STK,5,5.05,4.92,5.05,5.05,5,24,1901,9459,
544599,"Studds Accessories Limited",B,STK,520.85,521.4,518.45,519.65,520,519.15,78,754,392260,
544600,"Lenskart Solutions Limited",B,STK,505.15,514,502.3,512.6,511.8,505.15,2144,84095,42701138,
544601,"Choice Mutual Fund",E,STK,157.94,157.99,155.35,156.34,156.9,158,68,1018,158606,
544603,"Billionbrains Garage Ventures",B,STK,164.9,165.45,161.55,165,165,164.4,4369,908381,148936461,
544604,"Mirae Asset Mutual Fund",B,STK,37.3,37.44,37.13,37.38,37.38,37.33,52,14724,550078,
544605,"Mirae Asset Mutual Fund",B,STK,16.1,16.15,15.97,16.04,15.97,16.02,21,72412,1162370,
544606,"Pine Labs Limited",B,STK,199.55,200,189,190.1,190.1,198.8,2772,140332,27105718,
544608,"Emmvee Photovoltaic Power Limi",B,STK,203.55,207,187.75,192.45,192.45,208.6,4830,293279,57737328,
544609,"Physicswallah Limited",B,STK,92.85,92.85,88.1,89.25,89.25,91.8,3421,602634,54086010,
544610,"WORKMATES CORE2CLOUD SOLUTION",M,STK,349,354.95,344.1,345.75,344.4,353,13,10200,3560910,
544611,"MAHAMAYA LIFESCIENCES LIMITED",MT,STK,165.05,165.05,160.5,160.55,160.5,165.05,6,7200,1161540,
544612,"Tenneco Clean Air India Limite",B,STK,591.2,602.45,588.2,592.5,593,590.1,2201,41259,24497687,
544613,"Fujiyama Power Systems Limited",B,STK,192.75,194.45,189.2,190.8,190.2,193.85,492,12706,2430784,
544614,"Capillary Technologies India L",B,STK,501.05,525.85,501.05,511,509.05,518.25,193,3797,1952614,
544615,"KSR Footwear Limited",T,STK,27.88,29.25,26.49,29.03,29.2,27.88,44,5276,142314,
544616,"Gallard Steel Limited",M,STK,154.5,154.5,152.5,152.5,152.5,153,3,3000,461000,
544617,"Excelsoft Technologies Limited",B,STK,88.99,89,86.68,87.39,87.42,86.69,803,67201,5913338,
544619,"Sudeep Pharma Limited",B,STK,651.95,676.95,651.95,657.25,658.75,647.25,424,10207,6769702,
544620,"DSP Mutual Fund",B,STK,30.31,30.31,30.31,30.31,30.31,30.4,1,2,60,
544621,"SSMD AGROTECH INDIA LIMITED",M,STK,40.8,41,39.01,39.31,39.31,40.13,11,12000,480240,
544622,"Kwality Walls (India) Limited",T,STK,25.75,26.52,25.75,25.92,25.92,25.75,3553,1744279,45778484,
544624,"K K SILK MILLS LIMITED",M,STK,12,12.49,11.91,12.21,12.21,12.49,17,51000,622350,
544625,"Logiciel Solutions Limited",M,STK,41.64,41.64,40.4,40.44,40.44,42.49,9,5400,221256,
544626,"EXATO TECHNOLOGIES LIMITED",M,STK,305,314.95,301,309.55,307.15,303.05,16,19000,5805900,
544627,"PURPLE WAVE INFOCOM LIMITED",M,STK,120.55,120.55,118.25,118.3,118.25,123.9,6,6000,717150,
544628,"Astron Multigrain Limited",M,STK,20,20.17,18.32,19.9,19.9,19.56,13,36000,701640,
544629,"Ravelcare Limited",M,STK,166,167,163.05,163.55,163.55,166.1,26,32000,5275100,
544631,"CREATIVE NEWTECH LIMITED",B,STK,644.5,648,644.5,644.5,644.5,647,9,16,10329,
544632,"Meesho Limited",B,STK,156.4,161.3,156.4,160.4,160.4,159.15,2261,101047,16072187,
544633,"VIDYA WIRES LIMITED",B,STK,51.11,53.95,50.93,53.76,53.76,50.87,2620,391283,20745043,
544634,"Aequs Limited",B,STK,140.95,143.65,140.95,142.3,142.5,142.9,246,22264,3170234,
544635,"Luxury Time Limited",M,STK,61.25,62,61,61.5,61,63,8,12800,785296,
544637,"Methodhub Software Limited",M,STK,103.05,114.9,103.05,114.05,113.35,107.1,106,76200,8544150,
544638,"Bandhan Mutual Fund",E,STK,158.52,159.63,155.66,156.91,157.49,159.71,126,2192,344259,
544639,"Bandhan Mutual Fund",E,STK,260.55,264.15,253.99,256.53,257.25,264.38,268,5729,1496072,
544640,"Riddhi Display Equipments Limi",M,STK,35.6,38.44,35.6,38.22,38.44,36.15,7,8400,311016,
544641,"K. V. TOYS INDIA LIMITED",M,STK,279.45,279.45,265,266,266,268.05,10,6000,1620240,
544642,"Wakefit Innovations Limited",B,STK,195.1,196,189.45,194.2,194,193.85,189,5347,1031938,
544643,"PRODOCS SOLUTIONS LIMITED",MT,STK,204.75,205.9,201.4,205.9,205.9,212,13,14000,2841800,
544644,"Corona Remedies Limited",B,STK,1625.1,1636.8,1593.5,1609.5,1609,1620.3,279,1616,2608770,
544645,"PARK MEDI WORLD LIMITED",B,STK,189,191.5,184.55,190.7,191.5,188.45,1054,43551,8212578,
544646,"Shipwaves Online Limited",M,STK,4.21,4.37,4.21,4.32,4.32,4.21,11,110000,473600,
544647,"Nephrocare Health Services Lim",B,STK,562.3,614.55,562.3,606.8,606.8,576.6,1278,36723,22068693,
544648,"UNISEM AGRITECH LIMITED",M,STK,63.01,65,63,64.69,65,64.89,8,28000,1811320,
544654,"DSP Mutual Fund",B,STK,16.07,16.08,16.06,16.08,16.08,16.01,4,134,2154,
544655,"DSP Mutual Fund",B,STK,22.01,22.18,21.98,21.98,21.98,21.96,15,14464,318562,
544656,"HRS ALUGLAZE LIMITED",MT,STK,241.1,241.5,241.1,241.5,241.5,241.5,2,2400,579120,
544657,"Pajson Agro India Limited",MT,STK,207.5,208.5,207.5,208.5,208.5,206.3,3,3600,748200,
544658,"ICICI Prudential Asset Managem",A,STK,3105.1,3131,3051,3113.8,3113.8,3109.2,3303,18052,55768491,
544660,"Mirae Asset Mutual Fund",B,STK,9.43,9.43,9.37,9.41,9.41,9.38,15,3124,29364,
544661,"Mirae Asset Mutual Fund",B,STK,37,37,36.81,36.98,36.98,36.92,12,9762,360418,
544662,"SIMANDHAR IMPEX LIMITED",T,STK,123.2,123.35,123.1,123.1,123.1,125.6,23,4221,519725,
544663,"NEPTUNE LOGITEK LIMITED",M,STK,45.35,45.4,45.35,45.4,45.4,45.35,6,7000,317600,
544664,"KSH INTERNATIONAL LIMITED",B,STK,356.15,383,356.15,371.65,370,361.95,1087,19391,7293383,
544665,"Global Ocean Logistics India L",MT,STK,124.8,125.65,122,125,125,119.7,6,9600,1196560,
544666,"GUJARAT KIDNEY AND SUPER SPECI",B,STK,112.1,113.8,110.1,111.15,110.1,111.9,363,12674,1424967,
544667,"Dachepalli Publishers Limited",M,STK,65.75,65.75,65.49,65.49,65.49,65.75,2,2400,157488,
544668,"NANTA TECH LIMITED",M,STK,300,300,269,270.4,270,302.2,155,115200,32247060,
544669,"ADMACH SYSTEMS LIMITED",M,STK,206,209,204,205.05,205.95,210,32,21600,4440180,
544670,"BAI-KAKAJI POLYMERS LIMITED",M,STK,185,185,182,182,182,183.25,4,2400,440400,
544671,"APOLLO TECHNO INDUSTRIES LIMIT",M,STK,105.05,105.5,105,105,105,105,3,3000,315550,
544672,"The Wealth Company Mutual Fund",E,STK,160.72,160.72,155.35,156.84,156.84,157.2,16,315,49123,
544673,"MODERN DIAGNOSTIC & RESEARCH C",M,STK,86,86,86,86,86,79,1,1600,137600,
544675,"Gabion Technologies India Limi",M,STK,63.5,65,63.5,65,65,66,4,6400,413584,
544676,"YAJUR FIBRES LIMITED",M,STK,52.2,52.2,50.5,51.22,51.03,50.93,48,56800,2920344,
544677,"Defrail Technologies Limited",M,STK,98.5,100.7,94,100.7,100.7,98.5,18,28800,2794000,
544678,"BHARAT COKING COAL LIMITED",B,STK,33.28,34.14,33.04,33.43,33.43,33.28,4798,1513622,50946219,
544679,"Amagi Media Labs Limited",B,STK,387.15,394.8,379.65,382.95,393.05,384.95,850,35603,13683947,
544680,"Narmadesh Brass Industries Lim",M,STK,180.1,180.1,180.1,180.1,180.1,185.7,2,1440,259344,
544681,"INDO SMC Limited",M,STK,150.5,151,146,150.5,151,150,33,34000,5092350,
544682,"GRE Renew Enertech Limited",M,STK,95,99,95,99,99,93.23,8,9600,936528,
544683,"Aritas Vinyl Limited",M,STK,16.3,16.55,16,16.55,16.55,15.77,45,174000,2851710,
544684,"DIGILOGIC SYSTEMS LIMITED",M,STK,90.61,91,90,90.28,90,90.61,7,8400,759264,
544685,"SHADOWFAX TECHNOLOGIES LIMITED",B,STK,118.55,123.85,117.3,121.45,121.45,118.3,9630,99431,11992581,
544686,"SHAYONA ENGINEERING LIMITED",M,STK,135.45,135.45,130,134.85,134.9,134.5,20,25000,3352700,
544687,"Hannah Joseph Hospital Limited",M,STK,60,63.5,60,61.48,60.8,64,7,18000,1104800,
544688,"KASTURI METAL COMPOSITE LIMITE",M,STK,65.01,65.01,63,63,63,67.49,7,14000,900940,
544693,"KANISHK ALUMINIUM INDIA LIMITE",M,STK,41.5,41.5,39.25,39.25,39.25,41.5,5,8000,320160,
544695,"Msafe Equipments Limited",M,STK,123,125,117,119.65,120,124.3,42,76000,9218650,
544698,"PAN HR SOLUTION LIMITED",MT,STK,61.56,61.95,61.55,61.85,61.85,62.58,5,38400,2365136,
544699,"Aye Finance Limited",B,STK,119.95,128.5,117.35,126.8,127,119.95,1091,88330,10767680,
544700,"Fractal Analytics Limited",B,STK,815,826.15,803.55,811.65,809.15,809.15,2352,63707,51722647,
544701,"Mirae Asset Mutual Fund",B,STK,19.01,19.09,18.97,19.09,19.09,18.9,7,3744,71204,
544702,"DCM SHRIRAM INTERNATIONAL LIMI",T,STK,55.17,60.54,55.17,60.54,60.54,57.66,35,4031,242441,
544703,"DCM SHRIRAM FINE CHEMICALS LIM",T,STK,33.62,33.62,33.62,33.62,33.62,35.38,41,6734,226397,
544704,"Mirae Asset Mutual Fund",B,STK,11.58,11.6,11.58,11.6,11.6,11.52,2,98,1135,
544705,"Mirae Asset Mutual Fund",B,STK,67.95,68.37,67.63,68.33,68.13,67.44,26,24739,1689520,
544707,"Fractal Industries Limited",MT,STK,197.05,215.7,196.4,212.65,215.7,206.7,109,78600,15705600,
544708,"Yashhtej Industries (India) Li",MT,STK,79.45,79.45,79.45,79.45,79.45,83.6,1,1200,95340,
555555,"ICICI Prudential BSE Sensex ET",A,STK,937.66,945.53,935.15,939,939,947.14,29,90,84520,
570002,"Future Enterprises Limited",Z,STK,3.1,3.12,2.88,3.12,3.12,3.03,4,29,89,
570005,"GACM Technologies Limited - DV",B,STK,0.47,0.49,0.47,0.47,0.47,0.47,27,60737,28624,
590003,"KARUR VYSYA BANK LTD.",B,STK,336.05,340.95,333.95,336.55,335,336.75,1618,80918,27350462,
590005,"VEEDOL CORPORATION LIMITED",B,STK,1394.6,1416.85,1393.1,1397.6,1393.1,1394.6,143,461,644379,
590006,"AMRUTANJAN HEALTH CARE LTD.",B,STK,607.75,607.75,597.45,606.35,606.35,598.1,4,28,16895,
590013,"XPRO INDIA LTD.",B,STK,873,889,868.7,885.1,889,873.5,155,969,847771,
590018,"HISAR METAL INDUSTRIES LTD.",B,STK,172,172,170,170,170,172,19,310,52768,
590021,"BHARAT RASAYAN LTD.",B,STK,1515.05,1560,1500,1547.95,1533.65,1520.35,427,3103,4726724,
590024,"FERTILIZERS & CHEMICALS TRAVAN",B,STK,765.5,767.95,734.65,738.7,738.6,755.9,372,2561,1921457,
590025,"GINNI FILAMENTS LTD.",B,STK,38.61,38.61,38.1,38.46,38.46,38.4,65,2860,109453,
590030,"SOUTHERN PETROCHEMICALS LTD.",B,STK,69.6,70.5,69.42,70.25,70.09,69.41,150,10159,712042,
590031,"DE NORA INDIA LTD.",B,STK,639.65,677,639.6,675.55,676.4,650,107,594,390192,
590041,"Kavveri Defence &amp; Wireless",T,STK,62.7,66,61.52,63.48,64.95,64.09,110,6088,384916,
590051,"SAKSOFT LTD.",B,STK,147.75,150.6,143,144.9,145,147.9,829,14300,2093057,
590056,"SALONA COTSPIN LTD.",B,STK,264.95,288,260.25,267.4,267.5,263.15,21,132,35162,
590057,"EQUIPPP SOCIAL IMPACT TECHNOLO",T,STK,18.8,18.8,18.65,18.65,18.65,18.58,3,536,9997,
590062,"ANDHRA SUGARS LTD.",B,STK,72.37,73.1,71.8,72.76,72.85,71.98,56,3220,233101,
590065,"INDIA MOTOR PARTS & ACCESSORIE",B,STK,1053.5,1053.5,1043.4,1043.4,1043.4,1044.1,4,23,24125,
590066,K.C.P.LTD.,B,STK,161.7,162.2,159,159.3,159.55,161.7,287,1755,281621,
590068,"KHAITAN (INDIA) LTD.",B,STK,100.48,100.48,92.18,92.18,92.18,94.03,3,12,1154,
590070,"RADAAN MEDIAWORKS (I) LTD.",B,STK,2.92,3.32,2.89,3.23,3.32,2.92,13,2290,7402,
590071,"SUNDARAM FINANCE LTD.",B,STK,5530,5533.8,5400.6,5483.2,5483.2,5503.85,647,2651,14487157,
590073,"WHEELS INDIA LTD.",B,STK,892.9,910.65,891.9,908,908.65,889.7,159,2629,2368898,
590075,"LAMBODHARA TEXTILES LTD.",B,STK,108.05,111.3,108.05,109.4,109.4,107.5,32,2025,220318,
590078,"MAITHAN ALLOYS LTD.",B,STK,1021.35,1037.95,1012,1021.95,1024.8,1022,67,1941,1972214,
590086,"ORISSA MINERALS DEVELOPMENT CO",B,STK,4185,4273.85,4170.9,4210.85,4210.85,4186.35,91,258,1088470,
590095,"NIPPON INDIA ETF GOLD BEES",E,STK,131.46,131.86,130,130.49,130.49,131.68,10331,1750290,229207163,
590096,"NIPPON INDIA ETF LIQUID BEES",F,STK,1000,1000.01,999.99,1000,1000,1000,277,280936,280936000,
590097,"KOTAK MAHINDRA MUTUAL FUND - K",E,STK,134.1,134.1,131.01,131.49,131.81,132.63,406,17729,2341576,
590098,"SBI MUTUAL FUND - SBI GOLD EXC",E,STK,135.5,135.71,134,134.65,134.7,135.76,1998,194201,26214289,
590099,"QUANTUM GOLD FUND - EXCHANGE T",E,STK,131.7,131.8,130.35,130.84,131.13,131.95,186,5107,669934,
590101,"UTI MUTUAL FUND - UTI GOLD EXC",E,STK,135.45,135.45,132.1,132.77,132.83,133.65,377,24153,3218000,
590103,"NIPPON INDIA ETF NIFTY BEES",B,STK,289.97,290.35,287.91,288.53,288.84,288.66,1333,86088,24851142,
590104,"NIPPON INDIA ETF JUNIOR BEES",B,STK,757.23,759.4,753.77,758.64,758.1,756.17,709,12730,9643536,
590106,"NIPPON INDIA ETF BANK BEES",B,STK,630.98,631.83,628.21,630.65,630.65,628.89,697,8283,5220000,
590107,"KOTAK MAHINDRA MUTUAL FUND - K",B,STK,967.03,991.92,963.11,986.53,980.67,978.79,196,925,905161,
590108,"NIPPON INDIA ETF PSU BANK BEES",B,STK,109.66,110.34,108.34,109.81,109.7,109.14,849,160977,17637547,
590109,"NIPPON INDIA ETF SHARIAH BEES",B,STK,481.69,483.49,479.28,481.14,481.27,478.73,91,873,419064,
590110,"Quantum Nifty 50 ETF",B,STK,279.4,279.6,278.8,279.59,279.59,278.8,9,83,23164,
590113,"NIPPON INDIA ETF HANG SENG BEE",E,STK,536.4,540.99,530.49,532.6,533.15,536.95,285,3760,2011882,
590134,"Madras Fertilizer Limited",B,STK,69.41,69.63,68.43,68.51,68.51,69.12,58,2746,189456,
590136,"Kotak Mahindra Mutual Fund - P",B,STK,631.49,634.19,627.85,632.17,631.56,630.03,64,313,197807,
590137,"SBI Mutual Fund-Permitted",B,STK,626,627.9,622,624.8,624.75,625.69,109,252,157463,
590138,"SBI Mutual Fund-Permitted",B,STK,272.81,273.82,272,272.92,272.9,272.93,486,10915,2974933,
590139,"Kotak Mahindra Mutual Fund - P",B,STK,1092.91,1092.91,1092.89,1092.91,1092.91,1092.77,8,8750,9562942,
590140,"Tata Mutual Fund - Permitted",E,STK,15.42,15.44,15.23,15.29,15.29,15.42,7698,7355377,112726773,
590141,"Nippon India Mutual Fund - Per",B,STK,34.07,34.3,33.67,33.74,33.74,33.74,1770,960452,32634129,
590142,"Nippon India Mutual Fund - Per",B,STK,23.66,24.03,23.45,23.89,23.89,23.64,706,300872,7176155,
590143,"Nippon India Mutual Fund - Per",F,STK,29.46,29.46,29.34,29.38,29.38,29.32,15,29164,856221,
590144,"Nippon India Mutual Fund - Per",B,STK,227.4,227.75,225.78,227.45,227.44,226.18,125,2739,621543,
590145,"Nippon India Mutual Fund - Per",E,STK,251.34,252.98,241.96,246.1,246.1,253.3,21637,4042814,1001200911,
590146,"Motilal Oswal Mutual Fund-Perm",E,STK,156.57,157.15,155,155.32,155.32,156.5,44,1567,244802,
590147,"Motilal Oswal Mutual Fund-Perm",E,STK,258.23,261,252,255.1,255.47,261.78,99,1332,342440,
590148,"Motilal Oswal Mutual Fund-Perm",B,STK,16.1,16.22,15.89,16.12,16.22,16.09,170,567532,9163243,
590149,"Motilal Oswal Mutual Fund-Perm",B,STK,47.32,47.4,47.01,47.37,47.23,47.32,44,1094,51601,
590150,"Motilal Oswal Mutual Fund-Perm",B,STK,79.8,80.2,79.35,80.08,79.97,79.79,130,31708,2524003,
590151,"Motilal Oswal Mutual Fund-Perm",B,STK,52.75,53.04,52.45,52.79,52.7,52.45,28,7976,418862,
590152,"Motilal Oswal Mutual Fund-Perm",B,STK,88,90.14,87.95,89.96,89.96,88.74,3254,130217,11680270,
590153,"Motilal Oswal Mutual Fund-Perm",B,STK,23.95,24.11,23.81,23.9,23.9,23.93,23,9280,221789,
590154,"Kotak Mahindra Mutual Fund - P",B,STK,48.6,49.32,48.6,49.2,49.15,49.02,62,5305,260721,
751079,"Travels & rentals Limited",R,STK,0.22,0.22,0.22,0.22,0.22,0.24,23,537000,118140,
751085,"Suryo Foods & Industries Ltd.",R,STK,1.03,1.05,0.84,0.84,0.84,1.05,40,10732,9122,
751087,"Onelife Capital Advisors Ltd",R,STK,0.28,0.28,0.28,0.28,0.28,0.34,35,25214,7059,
751088,"Avi Polymers Ltd.",R,STK,0.98,0.98,0.98,0.98,0.98,1.22,60,267599,262247,
751089,"Sical Logistics Limited",R,STK,2.5,2.5,2.4,2.4,2.4,0,5,3812,9149,
751090,"ONIX SOLAR ENERGY LIMITED",R,STK,219.1,219.1,219.1,219.1,219.1,0,48,3762,824254,
800181,740GOI2035,G,STK,106.4,106.4,106.4,106.4,106.4,106.4,1,100,10640,
800212,1018GOI2026,G,STK,108,108,105.1,105.1,105.1,108.45,5,2794,298718,
800263,706GOI2046,G,STK,99.9,99.9,99.9,99.9,99.9,99.07,1,108200,10809180,
800289,"SOVEREIGN GOLD BOND 2019 SERIE",G,STK,15251,15251,15251,15251,15251,15898.99,1,1,15251,
800297,"SOVEREIGN GOLD BOND 2019-20 SE",G,STK,15592,15660.02,15592,15633,15641,15701,16,54,842851,
800310,726GOI2029,G,STK,101.5,101.5,101.5,101.5,101.5,102.6,1,1,101,
800314,"Sovereign Gold Bonds 2019-20 S",G,STK,15700,15700,15700,15700,15700,15700,1,1,15700,
800318,"Sovereign Gold Bonds 2020-21 S",G,STK,15740,15794,15650,15737.18,15676,15740,37,91,1430719,
800320,"Sovereign Gold Bonds 2020-21 S",G,STK,15763.98,15815,15650,15660,15650,15805.34,24,39,613704,
800322,"Sovereign Gold Bonds 2020-21 S",G,STK,15626,15626,15626,15626,15626,15848.9,1,1,15626,
800324,"Sovereign Gold Bond 2020-21 IV",G,STK,15701,15701,15700,15700,15700,15700,3,6,94202,
800325,"Sovereign Gold Bonds 2020-21 V",G,STK,15762,15762,15670,15670,15670,15747.93,5,5,78555,
800327,"Sovereign Gold Bonds 2020-21 S",G,STK,15653,15653,15653,15653,15653,15701.2,1,1,15653,
800328,"Sovereign Gold Bonds 2020-21 S",G,STK,15613,15759,15613,15691.06,15691.06,15759,6,25,392859,
800329,"Sovereign Gold Bonds 2020-21 S",G,STK,15670,15726,15670,15725,15725,15670,4,66,1037796,
800331,"SGB 2020-21 Series IX",G,STK,15700,15700,15700,15700,15700,15700,1,1,15700,
800333,"SGB 2020-21 SERIES XI",G,STK,15800,15800,15606,15670.98,15606,16062.33,15,31,487344,
800334,676GOI2061,G,STK,92.4,92.4,92,92,92,92.45,6,2181,200652,
800339,"SGB 2020-21 Series XII",G,STK,15823.94,15824.94,15661,15661,15661,15653.69,7,17,267148,
800340,"SGB 2021-22 Series I",G,STK,15881.98,15881.98,15666.02,15722.32,15800,15791,42,68,1069158,
800342,"Sovereign Gold Bonds 2021-22",G,STK,15631,15631,15631,15631,15631,15800,1,1,15631,
800385,"Sovereign Gold Bonds 2021-22 S",G,STK,15865,15865,15684,15703.96,15762.42,15839.14,24,45,707555,
800386,"Sovereign Gold Bonds 2021-22 S",G,STK,15617.01,15749,15611.01,15733.25,15688,15800,9,21,328380,
800434,"Sovereign Gold Bonds 2021-22 S",G,STK,15750.04,15824,15700,15700.07,15700,15750.04,24,65,1022062,
800435,699GOI2051,G,STK,97.45,97.45,97.45,97.45,97.45,96.95,1,1000,97450,
800437,"Sovereign Gold Bonds 2021-22 S",G,STK,15732,15732,15732,15732,15732,15806,1,1,15732,
800438,"Soveriegn Gold Bonds 2021-22 S",G,STK,15900,15900,15800,15800,15800,15964.97,15,26,411780,
800441,754GOI2036,G,STK,107.5,107.75,107.5,107.65,107.65,107.6,11,22774,2453610,
800443,"Sovereign Gold Bonds 2022-23 S",G,STK,15999,15999,15786,15786,15786,15899,2,3,47571,
800488,"Sovereign Gold Bonds 2022-23 S",G,STK,15979,15979,15900,15910,15910,15979,6,6,95561,
800489,74GOI2062,G,STK,104,104,104,104,104,102,1,1,104,
800573,"Soverign Gold Bond 2022-23 Sr",G,STK,16001,16001,15750.01,15750.01,15750.01,15854.03,10,33,526968,
800575,"Sovereign Gold Bond 2022-23 Sr",G,STK,15957,15957,15925,15925,15925,15977,3,4,63752,
800580,"Sovereign Gold Bonds 2023-24 S",G,STK,16020,16055,15700,15909,15909,16023.14,63,111,1768907,
800588,725GOI2063,G,STK,99.4,100.42,98.61,98.61,98.61,98.64,3,502000,50405180,
800596,"Sovereign Gold Bonds 2023-24 S",G,STK,16459.14,16459.14,15999,16009,16009,16057.7,91,156,2499739,
800603,"Sovereign Gold Bonds 2023-24 S",G,STK,16293.21,16350.48,16241.01,16283.28,16294,16293.21,144,297,4843432,
800605,"Sovereign Gold Bonds 2023-24 S",G,STK,16729.99,16799.99,16548.15,16603.99,16549.5,16700.13,55,86,1436146,
800678,GS06NOV37C,G,STK,41.81,41.81,41.81,41.81,41.81,41.51,1,2000000,83620000,
800809,724GOI55,G,STK,98.75,98.75,98.15,98.5,98.5,98.55,14,15420,1515484,
890197,"Yarn Syndicate Ltd.",X,STK,2.14,2.43,2.14,2.43,2.43,2.43,9,3043,6720,
890213,"Shri Niwas Leasing and Finance",XT,STK,8.72,8.72,8.72,8.72,8.72,9.17,10,485,4229,
890217,"Aplab Ltd.",X,STK,63.7,63.7,55.05,61,61,58.07,13,1509,91734,
890220,"KATI PATANG LIFESTYLE LIMITED",X,STK,9.5,9.5,9.3,9.3,9.3,9.5,8,6272,58407,
890221,"Spandana Sphoorty Financial Li",B,STK,141.7,141.7,131,133.8,133.8,123.8,3,21,2775,
890228,"Allcargo Terminals Limited",B,STK,10,11.7,10,10.17,10.17,11.12,30,1830,19340,
890229,"ANNVRRIDHHI VENTURES LIMITED",X,STK,2.9,2.9,2.4,2.42,2.89,2.9,14,4458,11931,
890230,"Ace Software Exports ltd.",X,STK,123,130,121,123.3,123,125.35,37,11318,1387356,
890231,"ANIRIT VENTURES LIMITED",XT,STK,22.85,22.85,21.65,21.65,21.65,22.78,8,6303,140389,
912254,"ICIC M6-DDB-21/7/2026",F,STK,41254.27,41254.27,41254.27,41254.27,41254.27,34378.56,1,1,41254,
935514,PFC-7.60%-3B-17-10-35-BOND,F,STK,1190.05,1190.05,1190.05,1190.05,1190.05,1190.05,1,70,83303,
935574,IRFC-7.53%-21-12-30-TAXFREENCD,F,STK,1104.01,1104.01,1104.01,1104.01,1104.01,1106,1,10,11040,
935584,NHAI-7.6%-11-1-31-TAXFREENCD,F,STK,1151,1151,1151,1151,1151,1151,1,10,11510,
935638,HUDCO-7.39%-8-2-31-TAXFREENCD,F,STK,1087.8,1087.8,1087.8,1087.8,1087.8,1084,1,185,201243,
935642,HUDCO-7.64%-8-2-31-TAXFREENCD,F,STK,1107.99,1107.99,1107.99,1107.99,1107.99,1095,1,1,1107,
935666,NHAI-7.69%-9-3-31-TAXFREENCD,F,STK,1118,1118,1115.55,1116.35,1115.55,1115.08,9,448,500130,
935674,HUDCO-7.69%-15-3-31-TAXFREENCD,F,STK,1101.35,1109,1101.3,1109,1109,1105,3,17,18729,
935680,IRFC-7.29%-22-3-26-NCDS,F,STK,1049.9,1049.9,1049.9,1049.9,1049.9,1020.27,2,2,2099,
935688,NABARD-7.29%-23-3-26-NCDS,F,STK,1069.99,1069.99,1069.99,1069.99,1069.99,1066,1,15,16049,
935690,NABARD-7.64%-23-3-31-NCDS,F,STK,1158.83,1158.84,1158.83,1158.84,1158.84,1152.5,2,300,347650,
935752,MMFSL-9%-6-6-26-NCD,F,STK,1062,1063.99,1062,1063,1063,1063.75,26,2304,2451083,
935760,MMFSL-6-6-26-NCD,F,STK,2290,2290,2289.9,2289.9,2289.9,2290,2,65,148848,
935856,SCL-8.65%-26-9-26-NCDS,F,STK,1000,1000.01,1000,1000.01,1000.01,1015.91,2,32,32000,
936044,MMFSL-8.00%-24-07-27-NCD,F,STK,1066,1066,1066,1066,1066,1067,3,10,10660,
936224,JMFCSL-9.75%-7-6-28-NCD,F,STK,1110,1110,1110,1110,1110,1081,1,100,111000,
936230,SFL-9.03%-12-7-28-NCD,F,STK,1027,1027,1027,1027,1027,1040,2,50,51350,
936294,TCAP-9.10%-27-9-28-NCD,F,STK,1075,1075,1075,1075,1075,1074,3,100,107500,
936320,AHFL-9.35%-29-9-28-NCD,F,STK,1030.97,1030.97,1030.97,1030.97,1030.97,1030.99,1,9,9278,
936412,MMFSL-9.3%-18-1-27-NCD,F,STK,1095.55,1100.9,1095,1100.9,1100.9,1094.91,12,103,112804,
936578,LTF-8.7%-15-4-27-NCD,F,STK,1023,1023,1023,1023,1023,1040,1,1,1023,
936722,EFL-9.95%-23-5-29-NCD,F,STK,995,995,995,995,995,995.2,1,2,1990,
936975,ECL-9.95%-28-11-29-NCD,F,STK,995,997,995,995.05,995.05,990,7,109,108595,
937017,LTF-8.65%-23-12-26-NCD,F,STK,1019,1020.01,1018.75,1020,1020,1018.21,13,700,713941,
937091,NWFL-9.80%-5-2-30-NCD,F,STK,1020,1045,1020,1030,1030,1005,3,27,27575,
937345,EFSL-9.53%-8-1-31-NCD,F,STK,970,970,970,970,970,970,1,2,1940,
937347,EFSL-9.95%-8-1-31-NCD,F,STK,985,985,985,985,985,990,2,100,98500,
937385,PFCL-7.15%-22-1-36-NCD,F,STK,980,986,980,983.26,983.26,985.4,9,2308,2269375,
937409,MFL-9%-29-1-27-NCD,F,STK,985.2,992.1,985.2,990,990,990,19,270,266422,
937451,MFL-ZC-15-3-27-NCD,F,STK,1517.2,1535.8,1512,1535.8,1535.8,1512,5,380,579780,
937453,IFL-10%-24-6-28-NCD,F,STK,1085,1085,1080,1080,1080,1085,2,62,67220,
937455,IFL-9.6%-24-6-28-NCD,F,STK,997,998,997,998,998,997,10,849,847052,
937495,EFSL-9.16%-29-4-26-NCD,F,STK,991.7,991.7,991.7,991.7,991.7,990.45,1,3,2975,
937497,EFSL-9.55%-29-4-26-NCD,F,STK,1088.6,1088.6,1088.6,1088.6,1088.6,1076,1,53,57695,
937501,EFSL-9.30%-29-4-31-NCD,F,STK,953,985,953,977,985,970,7,26,25043,
937547,MFCL-8.75%-7-5-26-NCD,F,STK,999,999,998,998,998,994.99,26,360,359479,
937621,IHFL-9.60%-3-11-28-NCD,F,STK,994,1000,991,1000,1000,995,4,575,572945,
937631,EFSL-9.15%-10-9-26-NCD,F,STK,993,993,986.01,992.5,992.5,993,13,1430,1412987,
937637,EFSL-9.30%-10-9-31-NCD,F,STK,960.03,970,960.03,970,970,967,9,1388,1345630,
937707,JMFPL-8.20%-7-10-26-NCD,F,STK,1026.5,1026.5,1026.5,1026.5,1026.5,1012.2,1,1,1026,
937723,IIFL-8.75%-14-10-26-NCD,F,STK,1021.2,1021.2,1021.2,1021.2,1021.2,1006.2,1,8,8169,
937773,MFL-8.75%-29-10-26-NCD,F,STK,1001,1001,1001,1001,1001,991,1,200,200200,
937799,EFSL-9.15%-28-12-26-NCD,F,STK,996,996,996,996,996,990,1,9,8964,
937803,EFSL-28-12-26-NCD,F,STK,1440.8,1440.8,1440.8,1440.8,1440.8,1440.8,1,3,4322,
937805,EFSL-9.30%-28-12-31-NCD,F,STK,966,966,966,966,966,955.27,2,14,13524,
937825,IHFL-8.20%-3-1-27-NCD,F,STK,987.55,987.55,987.55,987.55,987.55,987.8,2,505,498712,
937939,KFIL-10-17-4-27-NCD,F,STK,996.67,996.67,995,995,995,1193,2,20,19916,
938001,NIDO-9.55%-29-4-27-NCD,F,STK,1062,1062,1062,1062,1062,1054,1,150,159300,
938021,MFL-VI-5-5-32-NCD,F,STK,1005,1005,1005,1005,1005,1000,1,1000,1005000,
938073,MFL-23-6-29-NCD,F,STK,1010,1057.95,1010,1057.95,1057.95,1057.95,2,164,172544,
938105,NWIL-9.16%-15-7-27-NCD,F,STK,999,999,999,999,999,999,1,18,17982,
938214,EFSL-9.75%-20-10-27-NCD,F,STK,1022,1022,1020,1020,1020,1020.06,2,102,104236,
938218,EFSL-9.65%-20-10-32-NCD,F,STK,995,995,940,969.33,980,980,8,46,44149,
938220,EFSL-10.10%-20-10-32-NCD,F,STK,999.99,999.99,999.99,999.99,999.99,998.84,2,327,326996,
938226,NHIT-7.9%-25-10-47-INVIT,F,STK,421.16,421.16,421.16,421.16,421.16,420.44,1,11,4632,
938290,MFL-7.75%-23-12-27-NCD,F,STK,967.01,967.01,967.01,967.01,967.01,967.01,1,20,19340,
938366,EFSL-10.10%-20-1-28-NCD,F,STK,981.2,981.2,981.2,981.2,981.2,981.2,1,3,2943,
938370,EFSL-10%-20-1-33-NCD,F,STK,988.99,988.99,988.99,988.99,988.99,989.8,5,69,68240,
938386,"IIFL-ZERO COUPON-24-1-28-NCD",F,STK,1299.99,1319.9,1299.99,1319.9,1319.9,1263,2,504,663736,
938444,MFL-10-4-26-NCD,F,STK,1254.99,1255,1254.99,1255,1255,1246.2,5,235,294924,
938462,KLMAFL-10.50%-9-3-28-NCD,F,STK,823,823,823,823,823,970,1,65,53495,
938482,SCL-9.90%-23-3-26-NCD,F,STK,1200.2,1200.2,1200.2,1200.2,1200.2,1308,1,24,28804,
938506,SAFIL-25-4-26-NCD,F,STK,1294,1294,1294,1294,1294,1294,1,10,12940,
938518,EFSL-9.20%-27-4-26-NCD,F,STK,998.5,998.5,997,998,998,997.8,5,555,553862,
938522,EFSL-27-4-26-NCD,F,STK,1276.35,1276.35,1276.35,1276.35,1276.35,1273.65,1,45,57435,
938524,EFSL-9.67%-27-4-28-NCD,F,STK,999.85,999.85,988,988,988,986.15,15,594,593875,
938542,KFL-28-7-26-NCD,F,STK,1273.8,1273.8,1273.8,1273.8,1273.8,1257.5,1,180,229284,
938558,MFL-8.10%-3-6-28-NCD,F,STK,1066,1066,1066,1066,1066,1059.99,1,45,47970,
938570,MFL-9%-2-5-30-NCD,F,STK,980.01,980.01,980,980.01,980,1000,5,145,142100,
938608,SFL-08-06-30-NCD,F,STK,1169,1169,1169,1169,1169,1168,1,100,116900,
938632,IFL-8.65%-18-6-28-NCD,F,STK,983,999,983,984.01,984.01,983,7,518,512944,
938634,IIFL-9%-28-6-28-NCD,F,STK,1033.5,1033.5,1033.5,1033.5,1033.5,1032,1,100,103350,
938646,NFL-11.02%-18-7-26-NCD,F,STK,1054.2,1054.2,1027.84,1050.21,1050.21,1095,4,206,217007,
938658,EFSL-9.67%-21-7-28-NCD,F,STK,986,986,986,986,986,996.75,1,150,147900,
938664,EFSL-10%-21-7-33-NCD,F,STK,991.5,993,990,990,990,990,9,1500,1487752,
938666,EFSL-10.45%-21-7-33-NCD,F,STK,1030,1030,1030,1030,1030,1030,2,103,106090,
938694,SCL-9.17%-27-7-28-NCD,F,STK,871,871,871,871,871,726,1,6,5226,
938698,PFC-750%-1-8-26-NCD,F,STK,1038.5,1039.7,1038.5,1039.7,1039.7,1038,8,127,131983,
938794,MFL-9.27%-20-9-26-NCD,F,STK,1035,1035,1035,1035,1035,1032.2,2,100,103500,
938846,SCL-10.75%-26-9-33-NCD,F,STK,830.1,830.1,830.1,830.1,830.1,920,1,70,58107,
938862,KFL-10%-27-9-27-NCD,F,STK,991,991,990,990,990,995,3,127,125732,
938874,MFLTD-8%-4-10-26-NCD,F,STK,1023.01,1030.7,1023.01,1030.7,1030.7,1022.01,3,3,3084,
938888,ABCL-9-10-28-NCD,F,STK,1190,1190,1190,1190,1190,1199.99,1,5,5950,
938898,EFSL-9.20%-26-10-26-NCD,F,STK,990,994.5,990,994.5,994.5,994.5,2,30,29767,
938902,EFSL-ZC-26-10-26-NCD,F,STK,1211.5,1211.5,1211.5,1211.5,1211.5,1227.5,1,34,41191,
938908,EFSL-ZC-26-10-28-NCD,F,STK,1212.2,1212.2,1212.2,1212.2,1212.2,1184,1,50,60610,
938958,PFL-9.35%-3-11-33-NCD,F,STK,1040,1040,1040,1040,1040,1015,2,150,156000,
938974,SCL-9.90%-9-11-26-NCD,F,STK,346.95,346.95,346.95,346.95,346.95,337.41,1,1,346,
939032,ICLFL-12.5%-14-12-28-NCD,F,STK,1000,1000,1000,1000,1000,1000.01,1,1,1000,
939056,ISFL-10.50%-21-12-28-NCD,F,STK,1005,1005,1005,1005,1005,1006,1,23,23115,
939090,MML-10.50%-21-12-28-NCD,F,STK,981,981,981,981,981,981,1,10,9810,
939180,360OPL-9.61%-18-1-27-NCD,F,STK,1016.87,1016.87,1016.87,1016.87,1016.87,1016.42,1,5,5084,
939190,EFSL-9.20%-29-1-27-NCD,F,STK,989.8,989.8,989.8,989.8,989.8,982.24,1,5,4949,
939196,EFSL-9.67%-29-1-29-NCD,F,STK,990,995,990,990,990,990,4,223,220885,
939202,EFSL-10%-29-1-34-NCD,F,STK,985,985,970.66,985,985,986.8,7,211,205653,
939208,MFL-8.25%-25-1-29-NCD,F,STK,1025,1025,1025,1025,1025,1000,1,14,14350,
939264,IML-11.50%-15-2-29-NCD,F,STK,1019.95,1019.95,1019.95,1019.95,1019.95,1001,1,50,50997,
939266,IML-15-2-30-NCD,F,STK,1195,1195,1195,1195,1195,1211,1,10,11950,
939303,NHFL-10.03%-1-3-29-NCD,F,STK,1000,1000,1000,1000,1000,982,1,93,93000,
939369,SCL-10.50%-26-3-31-NCD,F,STK,1062,1062,1062,1062,1062,911,1,60,63720,
939425,EFSL-10.10%-29-4-29-NCD,F,STK,1040.2,1040.2,1040.2,1040.2,1040.2,1048.2,1,30,31206,
939479,MOFSL-9.35%-9-5-29-NCD,F,STK,1091,1091,1091,1091,1091,1074,1,10,10910,
939501,MML-10.80%-27-5-29-NCD,F,STK,1010,1010,1010,1010,1010,1000,1,20,20200,
939525,SCL-9.48%-31-5-27-NCD,F,STK,986.93,986.93,986.93,986.93,986.93,990,1,11,10856,
939537,SCL-10.50%-31-5-31-NCD,F,STK,1037,1037,1037,1037,1037,1038,1,14,14518,
939577,IIFLSFL-10.50%-21-6-29-NCD,F,STK,1050,1050,1035,1035,1035,1036,2,25,25950,
939587,NHFL-ZC-3-7-27-NCD,F,STK,1164,1164,1164,1164,1164,1162.75,1,180,209520,
939589,NHFL-10.03%-3-7-29-NCD,F,STK,1000,1000,1000,1000,1000,1000,1,34,34000,
939595,NHFL-10.26%-3-7-34-NCD,F,STK,999.9,999.9,998,998,998,999.9,6,139,138869,
939617,EFSL-9.57%-26-7-27-NCD,F,STK,987,987,987,987,987,983.31,8,186,183582,
939623,EFSL-10.04%-26-7-29-NCD,F,STK,1000,1000,993,993.55,1000,996.53,5,349,347243,
939635,EFSL-11%-26-7-34-NCD,F,STK,1001,1001,1001,1001,1001,1001,1,5,5005,
939643,SMCGSL-ZC-07-8-26-NCD,F,STK,1151,1151,1151,1151,1151,1151,1,1,1151,
939655,SMCGSL-9.94%-07-08-29-NCD,F,STK,983,983,981,982.6,981,982,3,128,125773,
939657,SMCGSL-10.40%-07-08-29-NCD,F,STK,1050,1050,1045.02,1045.02,1045.02,1050,3,300,314017,
939727,AEL-9.65%-12-9-27-NCD,F,STK,1054,1059.99,1053.5,1059.99,1059.99,1053.4,3,160,168974,
939801,SCL-10.25%-25-9-34-NCD,F,STK,1006,1006,1006,1006,1006,1008,1,45,45270,
939803,ICFL-10.50%-25-9-26-NCD,F,STK,1052.32,1052.32,1052.32,1052.32,1052.32,1050.18,1,99,104179,
939829,NHFL-10.49%-8-10-34-NCD,F,STK,1006,1006,1006,1006,1006,1000,8,100,100600,
939849,EFSL-10.04%-24-10-29-NCD,F,STK,999,999,999,999,999,990,2,7,6993,
939859,EFSL-11%-24-10-34-NCD,F,STK,1031.36,1031.36,1031.36,1031.36,1031.36,1036.5,2,11,11344,
939923,ICLFL-12.20%-02-12-29-NCD,F,STK,1000.01,1000.01,1000.01,1000.01,1000.01,1030,1,4,4000,
939979,IHFL-9%-26-12-27-NCD,F,STK,1019.45,1019.45,1019.45,1019.45,1019.45,1017.34,1,101,102964,
939983,IHFL-8.9%-26-12-29-NCD,F,STK,970,970,970,970,970,960,1,25,24250,
939997,SCL-9.25%-27-12-26-NCD,F,STK,988,988.5,988,988,988,986.5,9,2457,2427566,
940059,MFLIII-9.65%-10-1-31-NCD,F,STK,1016,1016,987,987,987,1000,2,60,60670,
940097,EFSL-9.50%-24-1-27-NCD,F,STK,1020,1020,1020,1020,1020,1066.2,1,14,14280,
940101,EFSL-9.57%-24-1-28-NCD,F,STK,995,995,989,989,989,995,2,60,59400,
940105,EFSL-24-1-28-NCD,F,STK,1086,1086,1086,1086,1086,1085.8,2,137,148782,
940107,EFSL-10.04%-24-1-30-NCD,F,STK,1000,1000,1000,1000,1000,995,1,20,20000,
940153,MML--29-1-30-NCD,F,STK,960.3,995,960.3,995,995,1000,2,10,9776,
940159,MFLIV-9%-24-2-27-NCD,F,STK,993.8,993.8,990,993.8,993.8,980.2,4,50,49652,
940181,MFLIV-24-2-28-NCD,F,STK,1030.21,1068,1004.45,1060,1060,1089,5,130,134062,
940227,PCL-13%-20-3-30-NCD,F,STK,1001,1001,1001,1001,1001,1002.25,11,500,500500,
940255,NHFL-10.49%-3-4-35-NCD,F,STK,999.99,999.99,999.99,999.99,999.99,999.99,2,16,15999,
940289,IIFL-9%-21-7-26-NCD,F,STK,1069,1069,1069,1069,1069,1068,1,97,103693,
940293,IIFL-9.30%-21-4-27-NCD,F,STK,1080.54,1080.54,1080.54,1080.54,1080.54,1081,1,147,158839,
940299,IIFL-9.75%-21-4-28-NCD,F,STK,1090.98,1090.98,1090.98,1090.98,1090.98,1110,1,76,82914,
940323,SMCGSL-24-04-28-NCD,F,STK,1056.22,1056.22,1056.22,1056.22,1056.22,1055,1,4,4224,
940335,EFSL-10%-30-04-28-NCD,F,STK,1043.2,1043.2,1043.2,1043.2,1043.2,1041.2,1,14,14604,
940339,EFSL-10.04%-30-04-30-NCD,F,STK,1004,1007,1004,1007,1007,1004.8,7,190,190858,
940353,MML-12-11-26-NCD,F,STK,1056.8,1056.8,1056.8,1056.8,1056.8,1040.51,1,24,25363,
940375,ICLFL-16-05-27-NCD,F,STK,833,833,833,833,833,862.25,1,50,41650,
940377,ICLFL-16-05-28-NCD,F,STK,830.2,950,830,860.1,860.1,1008,8,566,484075,
940397,MFL-9.9%-17-5-30-NCD,F,STK,1052.2,1052.2,1052.2,1052.2,1052.2,1030.2,1,41,43140,
940439,NHFL-10.25%-02-07-35-NCD,F,STK,1000,1000,1000,1000,1000,998,9,71,71000,
940453,MFCL-9.45%-16-7-28-NCD,F,STK,1040,1040,1040,1040,1040,1040.05,1,5,5200,
940457,MFCL-9.80%-16-7-31-NCD,F,STK,1015.65,1015.65,1015.65,1015.65,1015.65,1015.65,1,10,10156,
940459,MFCL-16-7-27-NCD,F,STK,1035,1035,1016.01,1016.01,1016.01,1033.8,2,492,509030,
940479,AEL-9.30%-17-07-30-NCD,F,STK,1065,1069.99,1065,1066.94,1066.94,1064,18,2323,2476821,
940481,AEL-17-07-30-NCD,F,STK,1038.8,1038.8,1038.8,1038.8,1038.8,1036.41,3,80,83104,
940489,EFSL-9%-24-7-27-NCD,F,STK,1032.2,1032.2,1032.2,1032.2,1032.2,1022,1,22,22708,
940501,EFSL-9.35%-24-7-28-NCD,F,STK,999,999,949,958,951,999,9,311,299381,
940505,EFSL-9.75%-24-7-28-NCD,F,STK,1034.8,1034.8,1018.2,1018.2,1018.2,1034.8,5,99,101149,
940507,EFSL-24-7-28-NCD,F,STK,1001,1017,1001,1017,1017,1010,2,10,10090,
940509,EFSL-9.80%-24-7-30-NCD,F,STK,1006,1006,1006,1006,1006,990,1,10,10060,
940519,EFSL-10.50%-24-7-35-NCD,F,STK,1030,1030,1020.5,1020.5,1020.5,1030,4,49,50185,
940523,KAFL-9.5%-1-9-26-NCD,F,STK,970.5,970.5,970.5,970.5,970.5,986,1,50,48525,
940543,MML-9.50%-4-9-26-NCD,F,STK,975.35,975.35,975.35,975.35,975.35,973.6,1,10,9753,
940559,SCL-8.65%-01-08-27-NCD,F,STK,970,970,970,970,970,970,4,30,29100,
940601,IFL-11.02%-20-9-26-NCD,F,STK,990,990,990,990,990,996,2,20,19800,
940607,IFL-12%-20-8-30-NCD,F,STK,1000,1000,1000,1000,1000,1000,2,14,14000,
940631,SFL-29-8-30-NCD,F,STK,965.3,965.3,965.3,965.3,965.3,985,1,10,9653,
940637,MML-9.25%-29-8-27-NCD,F,STK,1009,1009,1009,1009,1009,980,2,20,20180,
940643,MML-10.5%-29-8-30-NCD,F,STK,1028,1028,1020,1020,1020,1028.94,4,70,71640,
940661,NHFL-10.03%-10-09-35-NCD,F,STK,1000,1000,1000,1000,1000,1000,4,55,55000,
940665,EFSL-9%-7-10-27-NCD,F,STK,1000,1000,1000,1000,1000,1000,1,10,10000,
940669,EFSL-9.12%-7-10-28-NCD,F,STK,1000,1000,956,956,956,1001,2,78,74612,
940675,EFSL-9.58%-7-10-30-NCD,F,STK,985,985,985,985,985,980,1,3,2955,
940677,EFSL-10%-7-10-30-NCD,F,STK,1000,1000,1000,1000,1000,1000,1,11,11000,
940701,IML-9%-31-10-26-NCD,F,STK,963.85,970,963.85,970,970,963.55,2,3,2897,
940705,IML-9.75%-30-10-27-NCD,F,STK,990,990,990,990,990,963,1,1,990,
940709,IML-10.25%-30-10-28-NCD,F,STK,997.08,997.08,985,986.1,985,990.01,6,101,99596,
940713,IML-11.25%-30-10-30-NCD,F,STK,1003.95,1003.96,1003.95,1003.96,1003.96,1002.91,8,183,183724,
940715,IML-30-10-31-NCD,F,STK,985,986.68,976.01,986.68,986.68,984.38,3,35,34393,
940729,KFL-09-05-27-NCD,F,STK,985,993,985,993,993,980,2,35,34715,
940735,KFL-9.75%-09-05-29-NCD,F,STK,953,982,953,982,982,852.35,8,17,16580,
940739,KFL-09-01-30-NCD,F,STK,935,985,935,985,985,0,2,20,19200,
940743,KFL-09-11-32-NCD,F,STK,975,975,975,975,975,990,2,40,39000,
940745,CCIL-10.50%-11-5-27-NCD,F,STK,979,981,979,980.5,981,965,6,40,39220,
940747,CCIL-10.90%-10-11-27-NCD,F,STK,976,976,976,976,976,961,6,40,39040,
940753,CCIL-11-11-26-NCD,F,STK,975,980,975,975.41,980,975,11,670,653500,
940757,CCIL-10-9-31-NCD,F,STK,892.05,907,892.05,907,907,892.05,6,35,31595,
940765,ICLFL-12%-02-12-30-NCD,F,STK,1000,1000,1000,1000,1000,1000,3,918,918000,
940777,ICLFL-02-10-31-NCD,F,STK,887.9,887.9,887.9,887.9,887.9,894.2,1,1,887,
940783,EFSL-9.03%-12-12-28-NCD,F,STK,1019.9,1019.9,999,1019.6,1019.6,1019.97,4,10,10176,
940789,EFSL-9.44%-12-12-30-NCD,F,STK,989.1,989.1,989.1,989.1,989.1,990,1,10,9891,
940795,EFSL-9.67-12-12-35-NCD,F,STK,1001,1001,1001,1001,1001,1001,3,14,14014,
940799,KAFL-9.50%-19-1-27-NCD,F,STK,988,988,962.3,978.8,978.8,968.01,6,63,62111,
940805,KAFL-10%-16-12-27-NCD,F,STK,951.05,951.05,951,951,951,986,2,5,4755,
940813,KAFL-10.75%-16-12-30-NCD,F,STK,965,1000,965,1000,1000,995,3,12,11615,
940815,KAFL-11%-16-12-30-NCD,F,STK,975,975,975,975,975,975,1,50,48750,
940817,KAFL-16-7-32-NCD,F,STK,921,921,911,911,911,921,3,15,13715,
940819,MML-23-1-27-NCD,F,STK,995,995,987,987,987,941,2,11,10865,
940833,MML-10.75%-19-12-30-NCD,F,STK,1000,1000,1000,1000,1000,998,10,10,10000,
940837,PCL-12.5%-29-12-28-NCD,F,STK,996,996,990,990,990,1005,2,16,15876,
940841,PCL-13%-29-12-30-NCD,F,STK,1000,1011,1000,1010.99,1010.99,1012.57,5,40,40307,
940855,AEL-8.90%-12-1-31-NCD,F,STK,1011,1013,1011,1013,1013,1009,2,6,6068,
940859,MFL-8.37%-12-2-28-NCD,F,STK,974,977,971,977,977,975.91,17,1055,1027336,
940861,MFL-8.52%-12-2-29-NCD,F,STK,975,975,975,975,975,975,4,62,60450,
940862,MFL-8.65%-12-2-31-NCD,F,STK,979.95,979.95,977.5,978,977.5,970,7,38,37234,
940864,MFL-8.75%-12-2-32-NCD,F,STK,976.06,976.06,976.06,976.06,976.06,976.05,1,50,48803,
940866,MFL-8.7%-12-2-28-NCD,F,STK,975.01,982,970.01,976.76,982,980,15,226,220343,
940872,MFL-9.1%-12-2-32-NCD,F,STK,971,971.4,965.1,970,970,971.06,27,568,551465,
940874,MFL-12-2-28-NCD,F,STK,970,970,950,960,960,970,14,716,692209,
940880,MFL-12-2-32-NCD,F,STK,932,950,929,931.86,929,951,13,211,196888,
940894,KFL-10%-19-2-31-NCD,F,STK,1001,1009,1001,1008.99,1008.99,1007.76,10,70,70504,
940896,"Kosamattam Finance Limited",F,STK,990,990,990,990,990,990,1,1,990,
940898,ICLFL-10%-23-03-27-NCD,F,STK,979,979,951,970.99,970.99,979.68,14,136,132177,
940904,ICLFL-11.50%-23-02-31-NCD,F,STK,985,989.99,985,985.01,985.01,985,5,42,41390,
940906,ICLFL-ZC-23-03-27-NCD,F,STK,985,985,985,985,985,985,3,101,99485,
940915,ICLFL-23-02-32-NCD,F,STK,912,912,908.7,908.75,908.75,908.65,8,36,32740,
954527,EARCL-NIFTY-J8G602C-17-07-26-P,F,STK,260925,260925,260925,260925,260925,260853,2,9,2348325,
958179,APCRDA-10.32%-16-8-27-PVT,F,STK,200000,202000,200000,202000,202000,202600,2,10,2010000,
959666,LTF-8.1%-28-6-30-PVT,F,STK,1051585,1051585,1051585,1051585,1051585,1048370,1,1,1051585,
961714,PFCBS4,F,STK,16450,16450,16450,16450,16450,16500,1,2,32900,
961718,PFCBT1S4,F,STK,16500,16500,16327,16327,16327,16500,2,12,197654,
961730,830PFC2027,F,STK,1053,1053,1053,1053,1053,1050,1,100,105300,
961732,810IRFC2327,F,STK,1051,1051,1051,1051,1051,1051.29,8,5006,5261306,
961753,736IIFCL28,F,STK,1039.5,1039.5,1039.5,1039.5,1039.5,1039.5,1,20,20790,
961763,717KPL2028,F,STK,1083.97,1083.97,1083.97,1083.97,1083.97,1029.01,1,1,1083,
961765,751HUDCO28,F,STK,1042,1044,1038.12,1043.95,1043.95,1044.88,5,710,738634,
961779,871REC28,F,STK,1091,1091,1091,1091,1091,1092,1,3,3273,
961780,862REC33,F,STK,1212,1212,1212,1212,1212,1210,1,20,24240,
961785,876HUDCO28,F,STK,1104,1104,1104,1104,1104,1104.99,2,75,82800,
961792,892NHPC33,F,STK,1289,1303,1289,1303,1303,1303,3,165,213595,
961803,879PFC28,F,STK,1100,1101,1100,1100.38,1100.03,1100,11,1128,1241392,
961807,866NTPC33,F,STK,1225,1225,1225,1225,1225,1344,1,150,183750,
961816,901HUDCO34,F,STK,1240,1242,1240,1240,1240,1242,5,180,223220,
961826,NHAI-8.75%-5-2-29-NCD,F,STK,1177,1184,1177,1180.5,1180.25,1176,8,684,806093,
961839,IREDA-8.80%-13-03-29-BOND,F,STK,1139.8,1139.8,1095,1095,1095,1180,24,170,188232,
961863,HUDCO-8.98%-24-3-29-TFBOND,F,STK,1125,1125,1125,1125,1125,1125,2,150,168750,
961865,HUDCO-8.96%-24-3-34-TFBOND,F,STK,1240.01,1251,1240.01,1251,1251,1253,2,2,2491,
961895,IIFCL-8.8%-27-3-29-TFBOND,F,STK,1175,1187,1175,1184,1184,1174.86,15,1391,1639405,
961897,IIFCL-8.8%-27-3-24-TFBOND,F,STK,1291,1291,1291,1291,1291,1264.92,1,12,15492,
961910,NTPC-7.62%-3B-5-10-35-BOND,F,STK,1200,1200,1200,1200,1200,1210,2,9,10800,
972655,IFCI-SR-I-10.75%-1-8-26-PVT,F,STK,43750,43750,43500,43500,43500,43750,6,110,4805970,
973491,PFL-6.75%-26-9-31-PVT,F,STK,772.3,773.75,772.3,773.49,773.49,773.68,11,1804,1394374,
973878,UPPC-9.70%-29-3-30-PVT,F,STK,1050120.01,1050120.01,1050120.01,1050120.01,1050120.01,1048250,1,1,1050120,
974634,EEL-ZC-26-2-27-PVT,F,STK,124608,135000,124608,134200,134200,132500,5,14,1834240,
974635,EEL-ZC-03-4-26-PVT,F,STK,133063,133063,129851,133063,133063,129100.01,38,223,29669522,
974818,SFL-8.75%-4-5-26-PVT,F,STK,106500,106500,106500,106500,106500,106266,1,2,213000,
974999,EFCL-8-4-27-PVT,F,STK,128900,128900,127000,127000,127000,128800,5,14,1785600,
975057,ESAFSFBL-11.25%-4-5-29-PVT,F,STK,99750,99750,98062,98062,98062,99750,2,2,197812,
975059,SSFL-10.75%-4-9-26-PVT,F,STK,104495,104498,104495,104498,104498,104444,2,20,2089930,
975161,SHFL-13.10%-19-4-27-PVT,F,STK,30500,31000,24342.86,27000,27000,30428.57,18,25,712073,
975236,MFSL-10.75%-8-7-29-PVT,F,STK,101000,101000,101000,101000,101000,100751,1,1,101000,
975413,AFPL-9.90%-21-2-27-PVT,F,STK,100657,100657,100657,100657,100657,101550.5,1,1,100657,
975449,ESAF-11.10%-28-2-34-PVT,F,STK,99060,99060,99060,99060,99060,101200,1,1,99060,
975562,SSFL-9.81%-2-4-26-PVT,F,STK,99910.85,99910.95,99910.85,99910.95,99910.95,98755.48,2,2,199821,
975663,AFL-10.50%-17-11-26-PVT,F,STK,99000,99000,99000,99000,99000,93100,1,1,99000,
975694,MSFL-ZC-29-8-26-PVT,F,STK,119500,119500,119400,119500,119500,119532,3,3,358400,
975799,MML-10.75%-2-7-26-PVT,F,STK,99980.65,99980.65,99980.65,99980.65,99980.65,98501.85,1,1,99980,
975808,NFPL-11.80%-5-7-27-PVT,F,STK,33025,33025,33025,33025,33025,34520.5,1,1,33025,
975834,DCAL-10.04%-15-7-26-PVT,F,STK,99000,99000,99000,99000,99000,100583.35,3,5,495000,
975905,EEL-13-8-27-PVT,F,STK,115602,115602,110500,110500,110500,122980,2,12,1331102,
976020,CIPL-ZC-17-3-28-PVT,F,STK,121000,121000,121000,121000,121000,121000,1,21,2541000,
976228,MFL-10.45%-11-3-33-PVT,F,STK,10125,10125,10125,10125,10125,10190,7,174,1761750,
976231,KSL-10.30%-12-6-26-PVT,F,STK,25002,25002,25002,25002,25002,30000,1,25,625050,
976248,MSFL-ZC-18-12-26-PVT,F,STK,112111,112111,112111,112111,112111,112111,3,6,672666,
976275,VCL-10.11%-23-12-26-PVT,F,STK,10200,10200,10200,10200,10200,10170.01,1,10,102000,
976279,FFSL-12%-18-12-27-PVT,F,STK,100521.79,100521.79,100521.79,100521.79,100521.79,100176.61,1,1,100521,
976288,KIIFB-9.4%-30-12-28-PVT,F,STK,101500,101500,101500,101500,101500,103000,2,5,507500,
976345,KSL-10.95%-23-7-26-PVT,F,STK,50000,50000,50000,50000,50000,50000,1,20,1000000,
976350,HFL-11%-24-1-30-PVT,F,STK,99095.89,99095.89,99095.89,99095.89,99095.89,101829,1,4,396383,
976423,IML-11%-18-8-26-PVT,F,STK,9999,9999,9999,9999,9999,9999,3,21,209979,
976437,NFL-10.60%-21-5-27-PVT,F,STK,9984.01,10040,9980.51,10010,10010,10000,17,177,1768163,
976441,RST6-11.10%-23-4-26-PTC,F,STK,100000,100000,100000,100000,100000,0,1,1,100000,
976457,HLFL-9.25%-3-10-30-PVT,F,STK,100000,100000,100000,100000,100000,85500,1,1,100000,
976483,KFL-11.30%-6-3-27-PVT,F,STK,99500,99500,99500,99500,99500,99500,1,2,199000,
976526,MML-10%-21-3-28-PVT,F,STK,9900,9900,9900,9900,9900,9900,2,5,49500,
976533,ESPL-10.9%-4-1-27-PVT,F,STK,99990.55,99990.55,99990.55,99990.55,99990.55,97790.65,1,1,99990,
976560,DCAL-10%-26-03-27-PVT,F,STK,101400,101400,101400,101400,101400,101000,2,2,202800,
976690,IML-11.25%-13-11-26-PVT,F,STK,99000,99000,99000,99000,99000,99700,1,1,99000,
976712,MFL-10.40%-22-8-33-PVT,F,STK,10110,10110,10109,10109,10109,10110,3,4,40437,
976727,MML-10.75%-27-5-27-PVT,F,STK,99500,99500,99500,99500,99500,98415.59,1,1,99500,
976767,VCL-9.86%-06-01-27-PVT,F,STK,9975.59,9975.59,9975.59,9975.59,9975.59,10175.87,1,1,9975,
976808,NFL-10.75%-19-8-28-PVT,F,STK,10060,10085,10060,10070,10070,10065,21,68,685035,
976832,VCL-9.65%-5-2-27-PVT,F,STK,10121.51,10121.51,10121.51,10121.51,10121.51,10111.78,1,10,101215,
976855,NFL-10%-25-03-27-PVT,F,STK,99002,99200,99002,99200,99200,99002,2,2,198202,
976868,ACAPL-12.5%-27-12-28-PVT,F,STK,96300,96300,96300,96300,96300,95593.5,1,1,96300,
976871,BFL-11.25%-30-06-27-PVT,F,STK,76050,76050,76050,76050,76050,95059.72,1,1,76050,
976924,DKGFSPL-11%-18-7-27-PVT,F,STK,9651.05,9651.05,9651.05,9651.05,9651.05,9651.04,1,1,9651,
976940,SCNL-11.50%-24-01-31-PVT,F,STK,98201,98201,98100,98100,98100,98200,3,4,392601,
976968,EFCL-30-10-28-PVT,F,STK,101000,101000,101000,101000,101000,101990,1,2,202000,
976970,NBSPL-10.25%-30-01-27-PVT,F,STK,100730,100738.34,100730,100738.34,100738.34,99008.82,12,54,5439837,
977017,NFL-10.30%-30-09-27-PVT,F,STK,9985,9985.01,9985,9985.01,9985.01,9985,3,5,49925,
977038,KFL-10%-30-11-27-PVT,F,STK,9952,9975,9952,9970,9970,9940,6,27,269172,
977088,VCL-9%-04-11-26-PVT,F,STK,7895,7896,7895,7896,7896,9868.32,2,50,394780,
977117,UCL-11.65%-15-3-31-PVT,F,STK,99900,99900,99300,99412.5,99300,99001,10,13,1293546,
977144,NBSPL-10.25%-23-3-27-PVT,F,STK,101817.46,101817.46,101817.46,101817.46,101817.46,101789.06,7,18,1832714,
977160,PPL-11%-26-01-27-PVT,F,STK,97500,99475.29,97500,99475.29,99475.29,92400,2,6,594876,
977176,ACAPL-14.35%-28-10-26-PVT,F,STK,7800,7800,7800,7800,7800,7800,1,1,7800,
977226,LLDL-13.50%-30-01-29-PVT,F,STK,102500,102500,100700,100795,100795,102500,8,8,810897,
977241,KRFL-11.40%-24-10-27-PVT,F,STK,9800,9885,9800,9885,9885,9800,8,15,147229,
977249,MML-9.30%-27-1-28-PVT,F,STK,9800.01,9800.01,9800.01,9800.01,9800.01,9800.01,3,6,58800,
977250,MML-9.75%-27-10-28-PVT,F,STK,10000,10000,10000,10000,10000,9927,1,10,100000,
977298,ACAPL-12%-17-11-28-PVT,F,STK,9500,9500,9491,9491,9491,9499.9,6,27,256401,
977309,ACAPL-12%-21-05-27-PVT,F,STK,9710,9710,9710,9710,9710,9710,40,339,3291690,
977325,MML-10.75%-27-11-27-PVT,F,STK,97000,97000,97000,97000,97000,95000,1,1,97000,
977330,MFL-10.20%-28-11-27-PVT,F,STK,9310,9310,9310,9310,9310,9010,1,2,18620,
977367,ACAPL-12%-11-6-27-PVT,F,STK,9750,9750,9750,9750,9750,9700.05,6,88,858000,
977379,MML-9.95%-16-12-28-PVT,F,STK,99000,99000,99000,99000,99000,99154.16,2,2,198000,
977380,MML-9.85%-16-12-27-PVT,F,STK,99392,99392,99392,99392,99392,99337.41,1,1,99392,
977424,MCIBPL-ZC-31-12-27-PVT,F,STK,100800,100800,100800,100800,100800,101500,1,1,100800,
977445,DKGFSF-11%-7-1-28-PVT,F,STK,7401,7401,7401,7401,7401,9250.02,1,31,229431,
977468,KIIFB-9.30%-21-01-30-PVT,F,STK,101359.48,101359.48,101359.48,101359.48,101359.48,100334.3,1,2,202718,
977477,NFL-10.75%-31-12-28-PVT,F,STK,10010,10039,10010,10039,10039,10076.46,11,41,411570,
977515,SCNL-10%-30-01-28-PVT,F,STK,10000,10000,10000,10000,10000,10000,1,2,20000,
977516,DKGFSPL-11%-30-1-29-PVT,F,STK,9699,9699,9699,9699,9699,9650,1,2,19398,
977532,MSAFL-ZC-6-2-28-PVT,F,STK,100500,100549,100500,100549,100549,100300,3,10,1005195,
977541,KFL-12%-10-5-28-KFL,F,STK,9856.03,9856.03,9856.03,9856.03,9856.03,9856.03,1,5,49280,
