DATE|SCRIP CODE|DELIVERY QTY|DELIVERY VAL|DAY'S VOLUME|DAY'S TURNOVER|DELV. PER.
10032026|511441|0000000000007997|0000000000235352|0000000000007997|0000000000235351|100.00
10032026|511447|0000000037489559|0000000031116334|0000000060427819|0000000050013349|062.04
10032026|511463|0000000000001908|0000000000017172|0000000000001966|0000000000016102|097.05
10032026|511473|0000000000002712|0000000000088656|0000000000002801|0000000000090844|096.82
10032026|511493|0000000000118594|0000000000372386|0000000000126036|0000000000398208|094.10
10032026|511501|0000000000001365|0000000000030713|0000000000001585|0000000000035601|086.12
10032026|511505|0000000000000730|0000000000008869|0000000000000730|0000000000008869|100.00
10032026|511507|0000000000000507|0000000000025634|0000000000000509|0000000000027715|099.61
10032026|511509|0000000000030466|0000000000761041|0000000000037262|0000000000945278|081.76
10032026|511523|0000000000067856|0000000001351692|0000000000087295|0000000001736306|077.73
10032026|511525|0000000000025498|0000000000039777|0000000000034006|0000000000052949|074.98
10032026|511533|0000000000000854|0000000000031863|0000000000000962|0000000000036006|088.77
10032026|511535|0000000000008206|0000000000307851|0000000000008206|0000000000307851|100.00
10032026|511539|0000000000003071|0000000000044609|0000000000003071|0000000000044609|100.00
10032026|511543|0000000000001218|0000000000040803|0000000000001318|0000000000042881|092.41
10032026|511549|0000000000015803|0000000000798684|0000000000030858|0000000001488085|051.21
10032026|511551|0000000000000788|0000000000200152|0000000000000992|0000000000252972|079.44
10032026|511557|0000000003437512|0000000012959421|0000000004191183|0000000015812749|082.02
10032026|511559|0000000000000240|0000000000061272|0000000000000437|0000000000112364|054.92
10032026|511571|0000000000002482|0000000000278109|0000000000002753|0000000000309055|090.16
10032026|511577|0000000000007205|0000000000105193|0000000000009105|0000000000130645|079.13
10032026|511585|0000000000000179|0000000000000521|0000000000000179|0000000000000526|100.00
10032026|511589|0000000000003545|0000000000048815|0000000000004747|0000000000066437|074.68
10032026|511593|0000000000000223|0000000000003794|0000000000000223|0000000000003786|100.00
10032026|511601|0000000000001014|0000000000007910|0000000000001143|0000000000008975|088.71
10032026|511605|0000000000009559|0000000000704403|0000000000015775|0000000001160829|060.60
10032026|511609|0000000000000200|0000000000005900|0000000000000200|0000000000005900|100.00
10032026|511611|0000000000022595|0000000000106423|0000000000025474|0000000000117899|088.70
10032026|511626|0000000000002940|0000000000246755|0000000000003052|0000000000247138|096.33
10032026|511628|0000000000042941|0000000001736105|0000000000049897|0000000002026034|086.06
10032026|511630|0000000000000587|0000000000003710|0000000000000619|0000000000004048|094.83
10032026|511636|0000000000026622|0000000000057238|0000000000032700|0000000000071614|081.41
10032026|511644|0000000000028325|0000000001739399|0000000000028325|0000000001739399|100.00
10032026|511654|0000000000000140|0000000000009491|0000000000000354|0000000000024320|039.55
10032026|511658|0000000000016349|0000000000286925|0000000000020743|0000000000354298|078.82
10032026|511664|0000000000007381|0000000000080084|0000000000059733|0000000000639032|012.36
10032026|511672|0000000000041594|0000000001219537|0000000000046225|0000000001331541|089.98
10032026|511676|0000000000002984|0000000000439842|0000000000003832|0000000000564254|077.87
10032026|511692|0000000000003662|0000000000021460|0000000000006617|0000000000038556|055.34
10032026|511700|0000000007719640|0000000004168606|0000000013505629|0000000007370635|057.16
10032026|511702|0000000000001362|0000000000222143|0000000000001683|0000000000273676|080.93
10032026|511710|0000000000010800|0000000000022356|0000000000019714|0000000000040547|054.78
10032026|511712|0000000000000709|0000000000049666|0000000000000709|0000000000050234|100.00
10032026|511714|0000000000001080|0000000000210600|0000000000008075|0000000001567406|013.37
10032026|511716|0000000000000357|0000000000001982|0000000000000357|0000000000001824|100.00
10032026|511724|0000000000005445|0000000000060494|0000000000009835|0000000000110350|055.36
10032026|511726|0000000000000111|0000000000001363|0000000000000111|0000000000001363|100.00
10032026|511728|0000000000000690|0000000000012931|0000000000000695|0000000000011811|099.28
10032026|511738|0000000000000300|0000000000010260|0000000000000300|0000000000010260|100.00
10032026|511740|0000000000000016|0000000000002159|0000000000000016|0000000000002172|100.00
10032026|511742|0000000000120643|0000000012450358|0000000000130535|0000000013446917|092.42
10032026|511754|0000000000003568|0000000000333644|0000000000005357|0000000000494208|066.60
10032026|511756|0000000000001114|0000000000035726|0000000000001114|0000000000035726|100.00
10032026|511758|0000000000001030|0000000000072894|0000000000001294|0000000000090036|079.60
10032026|511764|0000000000000757|0000000000025262|0000000000001268|0000000000042066|059.70
10032026|511766|0000000000006479|0000000001308758|0000000000010491|0000000002217392|061.76
10032026|511768|0000000000003481|0000000000276392|0000000000007219|0000000000571162|048.22
10032026|512008|0000000000046739|0000000010338667|0000000000060015|0000000013467311|077.88
10032026|512014|0000000000000690|0000000000484208|0000000000001186|0000000000828982|058.18
10032026|512018|0000000000033763|0000000000319061|0000000000040553|0000000000388532|083.26
10032026|512020|0000000000000018|0000000000186163|0000000000000018|0000000000186161|100.00
10032026|512025|0000000000018465|0000000000743586|0000000000044387|0000000001769297|041.60
10032026|512036|0000000000000048|0000000000007376|0000000000000048|0000000000007154|100.00
10032026|512038|0000000000003396|0000000001359589|0000000000004526|0000000001834020|075.03
10032026|512047|0000000000064846|0000000000242525|0000000000066376|0000000000248193|097.69
10032026|512048|0000000000029186|0000000000086099|0000000000030492|0000000000090143|095.72
10032026|512062|0000000000001000|0000000000042880|0000000000001000|0000000000042880|100.00
10032026|512065|0000000000000147|0000000000002038|0000000000000147|0000000000002038|100.00
10032026|512068|0000000000266450|0000000027457673|0000000000516668|0000000053656425|051.57
10032026|512070|0000000000006476|0000000004082471|0000000000016701|0000000010481108|038.78
10032026|512093|0000000000048118|0000000000203598|0000000000048118|0000000000203598|100.00
10032026|512097|0000000000066352|0000000000018579|0000000000108576|0000000000029733|061.11
10032026|512099|0000000000000010|0000000000009518|0000000000000010|0000000000009518|100.00
10032026|512103|0000000000000001|0000000000000285|0000000000000003|0000000000000864|033.33
10032026|512109|0000000000001000|0000000000060650|0000000000001000|0000000000060650|100.00
10032026|512115|0000000000000087|0000000000005829|0000000000000109|0000000000007176|079.82
10032026|512131|0000000000000385|0000000000017684|0000000000000596|0000000000026679|064.60
10032026|512149|0000000011677642|0000000012037945|0000000011677642|0000000012037945|100.00
10032026|512161|0000000000016301|0000000000357807|0000000000017815|0000000000384700|091.50
10032026|512165|0000000000001308|0000000000028960|0000000000001514|0000000000034541|086.39
10032026|512175|0000000000028947|0000000000118683|0000000000030152|0000000000122537|096.00
10032026|512179|0000000000006247|0000000002216748|0000000000011906|0000000004208607|052.47
10032026|512197|0000000000018484|0000000000066710|0000000000018484|0000000000066710|100.00
10032026|512217|0000000000013004|0000000000306635|0000000000014687|0000000000343044|088.54
10032026|512229|0000000000012164|0000000001998172|0000000000012164|0000000001998172|100.00
10032026|512237|0000000000033629|0000000003480602|0000000000206102|0000000020774542|016.32
10032026|512247|0000000000036601|0000000000094797|0000000000051488|0000000000131236|071.09
10032026|512257|0000000000043967|0000000000157842|0000000000047732|0000000000170929|092.11
10032026|512267|0000000000020828|0000000000212030|0000000000026784|0000000000271208|077.76
10032026|512277|0000000000000953|0000000000374933|0000000000000953|0000000000374933|100.00
10032026|512296|0000000000015234|0000000002528844|0000000000024160|0000000004029972|063.05
10032026|512297|0000000000000668|0000000000029331|0000000000000668|0000000000029331|100.00
10032026|512301|0000000000014610|0000000000379713|0000000000014610|0000000000379713|100.00
10032026|512329|0000000000004882|0000000002185184|0000000000009673|0000000004390137|050.47
10032026|512344|0000000000002026|0000000000011750|0000000000002026|0000000000011750|100.00
10032026|512345|0000000000000001|0000000000000198|0000000000000001|0000000000000198|100.00
10032026|512361|0000000000369809|0000000010358351|0000000000462309|0000000013064091|079.99
10032026|512379|0000000000488391|0000000001201442|0000000000538518|0000000001324968|090.69
10032026|512381|0000000000000158|0000000000040828|0000000000003190|0000000000821337|004.95
10032026|512393|0000000000005894|0000000000166860|0000000000006532|0000000000183886|090.23
10032026|512399|0000000000019348|0000000000705235|0000000000019780|0000000000719803|097.82
10032026|512415|0000000000028607|0000000000168782|0000000000032069|0000000000191418|089.20
10032026|512425|0000000000000002|0000000000001202|0000000000000003|0000000000001802|066.67
10032026|512437|0000000000000265|0000000000099375|0000000000000412|0000000000156463|064.32
10032026|512441|0000000001370327|0000000000602944|0000000001640964|0000000000714578|083.51
10032026|512443|0000000000205763|0000000003002083|0000000000220766|0000000003242732|093.20
10032026|512453|0000000000000380|0000000000231553|0000000000000486|0000000000296207|078.19
10032026|512455|0000000000010455|0000000012244374|0000000000023287|0000000027415282|044.90
10032026|512463|0000000000064043|0000000003158601|0000000000132265|0000000006434502|048.42
10032026|512489|0000000000011102|0000000000156983|0000000000013330|0000000000179202|083.29
10032026|512493|0000000000009546|0000000000582397|0000000000009546|0000000000582397|100.00
10032026|512499|0000000000020142|0000000000009870|0000000000020142|0000000000009869|100.00
10032026|512519|0000000000000115|0000000000010293|0000000000000122|0000000000010925|094.26
10032026|512527|0000000000001267|0000000000819686|0000000000001372|0000000000872994|092.35
10032026|512529|0000000000007878|0000000001554724|0000000000018176|0000000003517372|043.34
10032026|512531|0000000000001949|0000000000214390|0000000000002258|0000000000248083|086.32
10032026|512553|0000000000000001|0000000000000180|0000000000000001|0000000000000179|100.00
10032026|512559|0000000000002126|0000000000052491|0000000000002174|0000000000053473|097.79
10032026|512565|0000000000004059|0000000000201205|0000000000004060|0000000000201324|099.98
10032026|512573|0000000000012921|0000000015558823|0000000000047994|0000000056485261|026.92
10032026|512587|0000000000010608|0000000000353989|0000000000011538|0000000000375644|091.94
10032026|512589|0000000000000850|0000000000139868|0000000000001302|0000000000212272|065.28
10032026|512591|0000000003885422|0000000003124688|0000000003885422|0000000003124688|100.00
10032026|512595|0000000000000102|0000000000080016|0000000000000102|0000000000080016|100.00
10032026|512597|0000000000000121|0000000000032616|0000000000000121|0000000000032430|100.00
10032026|512599|0000000000027703|0000000055354750|0000000000063022|0000000125910441|043.96
10032026|512600|0000000000002374|0000000000185101|0000000000003308|0000000000255156|071.77
10032026|512604|0000000000001822|0000000000013046|0000000000001842|0000000000013040|098.91
10032026|512608|0000000000202280|0000000000515814|0000000000227408|0000000000591483|088.95
10032026|512618|0000000000001886|0000000000021784|0000000000002386|0000000000027504|079.04
10032026|512624|0000000000073203|0000000000390905|0000000000100948|0000000000537402|072.52
10032026|512626|0000000000000585|0000000000094478|0000000000000732|0000000000117345|079.92
10032026|512634|0000000000001313|0000000000207454|0000000000002391|0000000000381079|054.91
10032026|513005|0000000000000420|0000000000017556|0000000000000506|0000000000020394|083.00
10032026|513023|0000000000003387|0000000001912470|0000000000006335|0000000003553175|053.46
10032026|513043|0000000000006384|0000000000913551|0000000000006509|0000000000920980|098.08
10032026|513059|0000000000006943|0000000000214817|0000000000007504|0000000000223652|092.52
10032026|513063|0000000000002014|0000000000043906|0000000000002015|0000000000042251|099.95
10032026|513097|0000000000001261|0000000000540906|0000000000003089|0000000001330761|040.82
10032026|513108|0000000000000169|0000000000139527|0000000000000230|0000000000188668|073.48
10032026|513117|0000000000005124|0000000000034639|0000000000005328|0000000000035980|096.17
10032026|513121|0000000000042393|0000000002823798|0000000000058354|0000000003890411|072.65
10032026|513173|0000000000000028|0000000000000585|0000000000000036|0000000000000730|077.78
10032026|513228|0000000000008471|0000000001219824|0000000000023681|0000000003310131|035.77
10032026|513250|0000000001002038|0000000011112602|0000000001319907|0000000014843137|075.92
10032026|513252|0000000000000091|0000000000072027|0000000000000105|0000000000082802|086.67
10032026|513262|0000000000002571|0000000000492218|0000000000006112|0000000001160282|042.06
10032026|513269|0000000000011339|0000000004539002|0000000000023362|0000000009331581|048.54
10032026|513295|0000000000000819|0000000000145045|0000000000001358|0000000000243701|060.31
10032026|513303|0000000000000272|0000000000003485|0000000000000386|0000000000004776|070.47
10032026|513307|0000000000000331|0000000000580370|0000000000000331|0000000000580370|100.00
10032026|513309|0000000000019141|0000000000139921|0000000000022992|0000000000166740|083.25
10032026|513337|0000000001740439|0000000000974646|0000000002774677|0000000001552211|062.73
10032026|513349|0000000000007806|0000000000963261|0000000000012140|0000000001489081|064.30
10032026|513353|0000000000002313|0000000000537889|0000000000002675|0000000000621360|086.47
10032026|513361|0000000000348397|0000000005253827|0000000000375599|0000000005639263|092.76
10032026|513369|0000000000000793|0000000000099165|0000000000001099|0000000000137880|072.16
10032026|513375|0000000000002449|0000000001957609|0000000000003575|0000000002854936|068.50
10032026|513377|0000000000027854|0000000001558432|0000000000051300|0000000002844464|054.30
10032026|513397|0000000000003465|0000000000041373|0000000000005305|0000000000061911|065.32
10032026|513418|0000000000077067|0000000000402290|0000000000090695|0000000000468919|084.97
10032026|513422|0000000000000277|0000000000008316|0000000000000378|0000000000011321|073.28
10032026|513430|0000000000000155|0000000000003567|0000000000000155|0000000000003566|100.00
10032026|513436|0000000000008286|0000000000475865|0000000000008555|0000000000489587|096.86
10032026|513452|0000000000000078|0000000000000775|0000000000000078|0000000000000781|100.00
10032026|513456|0000000000005615|0000000000297539|0000000000005918|0000000000314781|094.88
10032026|513460|0000000000000314|0000000000002520|0000000000000314|0000000000002520|100.00
10032026|513472|0000000000003144|0000000001415901|0000000000004443|0000000002013081|070.76
10032026|513488|0000000000001469|0000000000028161|0000000000001470|0000000000027925|099.93
10032026|513496|0000000000000188|0000000000051178|0000000000000188|0000000000051178|100.00
10032026|513498|0000000000001923|0000000000151802|0000000000002044|0000000000159257|094.08
10032026|513502|0000000000069253|0000000000572462|0000000000069253|0000000000572462|100.00
10032026|513507|0000000000000700|0000000000117985|0000000000000700|0000000000117985|100.00
10032026|513509|0000000000000012|0000000000006917|0000000000000014|0000000000008067|085.71
10032026|513511|0000000000005217|0000000001619618|0000000000005685|0000000001835592|091.77
10032026|513513|0000000000005100|0000000000050745|0000000000005101|0000000000047934|099.98
10032026|513517|0000000000000429|0000000000099593|0000000000000616|0000000000142392|069.64
10032026|513519|0000000000000659|0000000000555603|0000000000001018|0000000000867405|064.73
10032026|513528|0000000000002168|0000000000126329|0000000000002168|0000000000126329|100.00
10032026|513532|0000000000002937|0000000000956581|0000000000004337|0000000001415048|067.72
10032026|513536|0000000000024353|0000000002382942|0000000000028365|0000000002760619|085.86
10032026|513548|0000000000000663|0000000000099351|0000000000000798|0000000000119442|083.08
10032026|513554|0000000000001534|0000000001447406|0000000000002286|0000000002109422|067.10
10032026|513566|0000000000000712|0000000000008701|0000000000000774|0000000000009385|091.99
10032026|513575|0000000000003126|0000000000065115|0000000000004939|0000000000102333|063.29
10032026|513579|0000000000000397|0000000000002635|0000000000000397|0000000000002635|100.00
10032026|513599|0000000000259358|0000000142582061|0000000000552924|0000000304214828|046.91
10032026|513629|0000000000010335|0000000000197296|0000000000010335|0000000000198113|100.00
10032026|513642|0000000000000160|0000000000007360|0000000000000160|0000000000007552|100.00
10032026|513683|0000000000019874|0000000004874099|0000000000047933|0000000011714611|041.46
10032026|513687|0000000000000729|0000000000003656|0000000000000729|0000000000003656|100.00
10032026|513693|0000000000001221|0000000000034323|0000000000001252|0000000000035789|097.52
10032026|513699|0000000000000780|0000000000021669|0000000000000841|0000000000021603|092.75
10032026|513709|0000000000003807|0000000000628536|0000000000003880|0000000000637713|098.12
10032026|513713|0000000000003328|0000000000012081|0000000000004068|0000000000014661|081.81
10032026|513721|0000000000000500|0000000000008500|0000000000000500|0000000000008500|100.00
10032026|513729|0000000000016133|0000000000396711|0000000000024998|0000000000623615|064.54
10032026|514010|0000000000088974|0000000001761686|0000000000107680|0000000002182949|082.63
10032026|514028|0000000000000149|0000000000005196|0000000000000222|0000000000007305|067.12
10032026|514030|0000000000001577|0000000000178832|0000000000001738|0000000000201003|090.74
10032026|514043|0000000000021285|0000000001870526|0000000000035197|0000000003084365|060.47
10032026|514045|0000000000000172|0000000000022360|0000000000000173|0000000000021800|099.42
10032026|514060|0000000000026216|0000000000123216|0000000000027585|0000000000130153|095.04
10032026|514087|0000000000000108|0000000000005886|0000000000000119|0000000000006640|090.76
10032026|514113|0000000000001263|0000000000023997|0000000000001263|0000000000023997|100.00
10032026|514128|0000000000000104|0000000000003710|0000000000000104|0000000000003710|100.00
10032026|514138|0000000000000562|0000000000179278|0000000000000567|0000000000180715|099.12
10032026|514142|0000000000019553|0000000000167254|0000000000019553|0000000000167254|100.00
10032026|514162|0000000000059572|0000000006960989|0000000000096148|0000000011246320|061.96
10032026|514165|0000000000017550|0000000000094244|0000000000017925|0000000000095068|097.91
10032026|514167|0000000000001977|0000000001471284|0000000000003564|0000000002586607|055.47
10032026|514171|0000000000000332|0000000000015279|0000000000000332|0000000000015279|100.00
10032026|514175|0000000000055764|0000000000489945|0000000000055764|0000000000489945|100.00
10032026|514183|0000000000005064|0000000000409678|0000000000006404|0000000000514258|079.08
10032026|514197|0000000000012632|0000000000051034|0000000000014196|0000000000058837|088.98
10032026|514211|0000000000003237|0000000000097628|0000000000003767|0000000000111463|085.93
10032026|514223|0000000000005891|0000000000107948|0000000000005891|0000000000107948|100.00
10032026|514234|0000000000001252|0000000000544620|0000000000001468|0000000000637207|085.29
10032026|514238|0000000000000439|0000000000371482|0000000000000618|0000000000517195|071.04
10032026|514240|0000000000003103|0000000000019022|0000000000003955|0000000000024525|078.46
10032026|514248|0000000000001300|0000000000040400|0000000000001300|0000000000040400|100.00
10032026|514260|0000000000000150|0000000000006443|0000000000000150|0000000000006442|100.00
10032026|514264|0000000000000155|0000000000002718|0000000000000155|0000000000002712|100.00
10032026|514266|0000000000000663|0000000000033774|0000000000000668|0000000000033504|099.25
10032026|514272|0000000000000045|0000000000004905|0000000000000045|0000000000004920|100.00
10032026|514274|0000000000000275|0000000000016927|0000000000000421|0000000000026194|065.32
10032026|514280|0000000000000020|0000000000002688|0000000000000020|0000000000002683|100.00
10032026|514286|0000000000010789|0000000000151046|0000000000011380|0000000000160659|094.81
10032026|514300|0000000000000646|0000000000016577|0000000000000646|0000000000016153|100.00
10032026|514302|0000000000000264|0000000000042240|0000000000000264|0000000000041779|100.00
10032026|514312|0000000000001650|0000000000077435|0000000000001650|0000000000077435|100.00
10032026|514316|0000000000009120|0000000000959880|0000000000009673|0000000001037226|094.28
10032026|514318|0000000000000007|0000000000002998|0000000000000007|0000000000002998|100.00
10032026|514322|0000000000060380|0000000005253060|0000000000060415|0000000005256161|099.94
10032026|514324|0000000000000984|0000000000657602|0000000000000984|0000000000657602|100.00
10032026|514326|0000000000005004|0000000000039432|0000000000008408|0000000000065698|059.51
10032026|514330|0000000000025446|0000000016566619|0000000000040327|0000000025761797|063.10
10032026|514332|0000000000001513|0000000000054302|0000000000001779|0000000000067587|085.05
10032026|514336|0000000000000123|0000000000010703|0000000000000123|0000000000010703|100.00
10032026|514348|0000000000000627|0000000000001167|0000000000000627|0000000000001167|100.00
10032026|514354|0000000000025864|0000000001576670|0000000000043924|0000000002708008|058.88
10032026|514358|0000000000000038|0000000000003755|0000000000000043|0000000000004176|088.37
10032026|514360|0000000000083870|0000000002008687|0000000000121390|0000000002898794|069.09
10032026|514378|0000000000007248|0000000000086832|0000000000010177|0000000000125836|071.22
10032026|514386|0000000000062420|0000000000561156|0000000000067633|0000000000607913|092.29
10032026|514402|0000000000058978|0000000000675888|0000000000079000|0000000000911551|074.66
10032026|514412|0000000000000001|0000000000000160|0000000000000001|0000000000000160|100.00
10032026|514418|0000000000000346|0000000000141860|0000000000000387|0000000000157019|089.41
10032026|514428|0000000000001805|0000000000535905|0000000000001873|0000000000562054|096.37
10032026|514440|0000000000023847|0000000001050461|0000000000027907|0000000001269404|085.45
10032026|514442|0000000000001564|0000000000030498|0000000000001604|0000000000030446|097.51
10032026|514448|0000000000010357|0000000008619096|0000000000014888|0000000012286513|069.57
10032026|514450|0000000000000047|0000000000007434|0000000000000047|0000000000007837|100.00
10032026|514454|0000000000003459|0000000000098236|0000000000003631|0000000000100509|095.26
10032026|514460|0000000000000102|0000000000001488|0000000000000102|0000000000001488|100.00
10032026|514470|0000000000083695|0000000005945693|0000000000085197|0000000006147778|098.24
10032026|515008|0000000000092149|0000000021908425|0000000000113058|0000000026770145|081.51
10032026|515018|0000000000000189|0000000000007744|0000000000000198|0000000000008322|095.45
10032026|515030|0000000000005101|0000000004487860|0000000000008512|0000000007313232|059.93
10032026|515037|0000000000001692|0000000000052402|0000000000001776|0000000000054697|095.27
10032026|515043|0000000000031840|0000000003025756|0000000000041039|0000000003893364|077.58
10032026|515055|0000000000072234|0000000035051549|0000000000166338|0000000080129847|043.43
10032026|515059|0000000000000612|0000000000018819|0000000000000723|0000000000022486|084.65
10032026|515085|0000000000005286|0000000000033091|0000000000010394|0000000000064750|050.86
10032026|515093|0000000000001000|0000000000035530|0000000000001000|0000000000035530|100.00
10032026|515147|0000000000034800|0000000003015420|0000000000051029|0000000004420727|068.20
10032026|516003|0000000000001092|0000000000142943|0000000000001726|0000000000229121|063.27
10032026|516016|0000000000000105|0000000000015987|0000000000000105|0000000000015602|100.00
10032026|516020|0000000000000002|0000000000000008|0000000000000003|0000000000000011|066.67
10032026|516022|0000000000000171|0000000000023043|0000000000000307|0000000000041282|055.70
10032026|516030|0000000000006400|0000000000507968|0000000000010790|0000000000872297|059.31
10032026|516032|0000000000010698|0000000000067612|0000000000014302|0000000000092038|074.80
10032026|516038|0000000000001465|0000000000312676|0000000000001465|0000000000312676|100.00
10032026|516062|0000000000003679|0000000000022074|0000000000003679|0000000000022074|100.00
10032026|516064|0000000000000755|0000000000286674|0000000000001181|0000000000444178|063.93
10032026|516072|0000000000001352|0000000000655720|0000000000001861|0000000000910189|072.65
10032026|516078|0000000000000097|0000000000005869|0000000000000097|0000000000005885|100.00
10032026|516092|0000000000000026|0000000000000804|0000000000000027|0000000000000834|096.30
10032026|516096|0000000000000100|0000000000018590|0000000000000100|0000000000018590|100.00
10032026|516098|0000000000003079|0000000000026603|0000000000004714|0000000000040742|065.32
10032026|516106|0000000000053392|0000000000340108|0000000000054817|0000000000322248|097.40
10032026|516108|0000000000016304|0000000001434263|0000000000016357|0000000001460239|099.68
10032026|516110|0000000000027099|0000000000080214|0000000000034676|0000000000104226|078.15
10032026|517015|0000000000001577|0000000001778305|0000000000002584|0000000002805842|061.03
10032026|517035|0000000000091249|0000000014713902|0000000000163670|0000000026708667|055.75
10032026|517041|0000000000000104|0000000000104593|0000000000000193|0000000000193871|053.89
10032026|517059|0000000000004829|0000000002947139|0000000000006633|0000000003993821|072.80
10032026|517063|0000000000002344|0000000000296399|0000000000002909|0000000000376882|080.58
10032026|517077|0000000000000011|0000000000000534|0000000000000011|0000000000000558|100.00
10032026|517096|0000000000002554|0000000000178142|0000000000004132|0000000000298567|061.81
10032026|517119|0000000000000876|0000000000016776|0000000000000926|0000000000017447|094.60
10032026|517146|0000000000006244|0000000002623417|0000000000013319|0000000005531100|046.88
10032026|517166|0000000000020562|0000000002863259|0000000000031677|0000000004419055|064.91
10032026|517168|0000000000003046|0000000002136313|0000000000004237|0000000002994123|071.89
10032026|517170|0000000000038380|0000000000938391|0000000000046577|0000000001072966|082.40
10032026|517174|0000000000000168|0000000005173670|0000000000000274|0000000008372389|061.31
10032026|517201|0000000000000060|0000000000004636|0000000000000060|0000000000004636|100.00
10032026|517206|0000000000000795|0000000004120128|0000000000001301|0000000006872768|061.11
10032026|517214|0000000000015252|0000000000273011|0000000000016014|0000000000276098|095.24
10032026|517230|0000000000000001|0000000000000016|0000000000000001|0000000000000016|100.00
10032026|517236|0000000000007286|0000000000579748|0000000000008665|0000000000695461|084.09
10032026|517246|0000000000029691|0000000004893077|0000000000037088|0000000006064139|080.06
10032026|517258|0000000000000553|0000000000074296|0000000000000555|0000000000075694|099.64
10032026|517264|0000000000000257|0000000000020599|0000000000000283|0000000000022955|090.81
10032026|517271|0000000000017100|0000000011687850|0000000000060616|0000000040613783|028.21
10032026|517273|0000000000001281|0000000000465212|0000000000001281|0000000000465212|100.00
10032026|517286|0000000000092989|0000000004554601|0000000000092989|0000000004554601|100.00
10032026|517288|0000000000001844|0000000000104740|0000000000002153|0000000000121745|085.65
10032026|517300|0000000000014706|0000000001962516|0000000000022768|0000000003021465|064.59
10032026|517320|0000000000014779|0000000001030220|0000000000014779|0000000001030220|100.00
10032026|517334|0000000000133234|0000000016447738|0000000000404435|0000000049297820|032.94
10032026|517344|0000000000002118|0000000000404538|0000000000002707|0000000000518149|078.24
10032026|517354|0000000000016524|0000000022436288|0000000000029569|0000000040414304|055.88
10032026|517356|0000000000047808|0000000000057327|0000000000047808|0000000000057327|100.00
10032026|517360|0000000000005543|0000000000109308|0000000000005543|0000000000107511|100.00
10032026|517370|0000000000001211|0000000000105152|0000000000001234|0000000000109160|098.14
10032026|517372|0000000000004155|0000000001862479|0000000000007101|0000000003137841|058.51
10032026|517380|0000000000000863|0000000000275902|0000000000001229|0000000000392649|070.22
10032026|517385|0000000000005359|0000000004244864|0000000000009039|0000000007050615|059.29
10032026|517393|0000000000198408|0000000001811375|0000000000198408|0000000001811375|100.00
10032026|517397|0000000000000888|0000000000035414|0000000000000898|0000000000037218|098.89
10032026|517399|0000000000000063|0000000000000214|0000000000000063|0000000000000214|100.00
10032026|517415|0000000000004649|0000000000035396|0000000000004649|0000000000035396|100.00
10032026|517417|0000000000009092|0000000002098434|0000000000010454|0000000002426769|086.97
10032026|517421|0000000000000169|0000000000102474|0000000000000223|0000000000134137|075.78
10032026|517429|0000000000001160|0000000000081200|0000000000001160|0000000000081222|100.00
10032026|517431|0000000000016249|0000000000362191|0000000000052564|0000000001173392|030.91
10032026|517447|0000000000082797|0000000002438372|0000000000087126|0000000002574525|095.03
10032026|517449|0000000000000640|0000000000598432|0000000000000820|0000000000766253|078.05
10032026|517467|0000000000158718|0000000021752302|0000000000397373|0000000054021679|039.94
10032026|517477|0000000000000619|0000000000205137|0000000000000715|0000000000237356|086.57
10032026|517494|0000000000080996|0000000000976002|0000000000081314|0000000000980002|099.61
10032026|517498|0000000000186116|0000000010191713|0000000000417203|0000000022539247|044.61
10032026|517500|0000000000028033|0000000001523594|0000000000046448|0000000002519260|060.35
10032026|517506|0000000000002562|0000000001242570|0000000000004746|0000000002246833|053.98
10032026|517514|0000000000003486|0000000000520112|0000000000004456|0000000000661075|078.23
10032026|517522|0000000000000731|0000000000288124|0000000000001452|0000000000569590|050.34
10032026|517530|0000000000012356|0000000000211288|0000000000014369|0000000000244804|085.99
10032026|517536|0000000000001732|0000000000426938|0000000000001943|0000000000472814|089.14
10032026|517544|0000000000001457|0000000004135695|0000000000002394|0000000006805927|060.86
10032026|517546|0000000000013881|0000000000606045|0000000000020515|0000000000902883|067.66
10032026|517554|0000000000631288|0000000000505031|0000000000765943|0000000000617215|082.42
10032026|517556|0000000000045868|0000000001202201|0000000000049369|0000000001291636|092.91
10032026|517562|0000000000006033|0000000000292541|0000000000007845|0000000000381585|076.90
10032026|517569|0000000000033678|0000000152721311|0000000000091085|0000000413025238|036.97
10032026|518011|0000000000002065|0000000000123942|0000000000002181|0000000000128367|094.68
10032026|518053|0000000000030356|0000000001116494|0000000000030357|0000000001048270|100.00
10032026|518075|0000000000004557|0000000001065413|0000000000004557|0000000001065413|100.00
10032026|518091|0000000000000624|0000000000072915|0000000000000624|0000000000072838|100.00
10032026|519003|0000000000000345|0000000000099050|0000000000000346|0000000000097316|099.71
10032026|519091|0000000000000197|0000000001435067|0000000000000220|0000000001592749|089.55
10032026|519097|0000000000003831|0000000000200707|0000000000004118|0000000000217756|093.03
10032026|519105|0000000000001070|0000000000065099|0000000000001274|0000000000077143|083.99
10032026|519126|0000000000000509|0000000000243481|0000000000001468|0000000000694382|034.67
10032026|519136|0000000000000122|0000000000011179|0000000000000122|0000000000011112|100.00
10032026|519152|0000000000000018|0000000000175731|0000000000000020|0000000000195260|090.00
10032026|519156|0000000000000268|0000000001344275|0000000000000364|0000000001823522|073.63
10032026|519174|0000000000000001|0000000000000009|0000000000000001|0000000000000009|100.00
10032026|519183|0000000000002417|0000000000453792|0000000000003453|0000000000645440|070.00
10032026|519191|0000000000054005|0000000000078626|0000000000054005|0000000000078626|100.00
10032026|519214|0000000000001815|0000000000013141|0000000000001815|0000000000013140|100.00
10032026|519216|0000000000040255|0000000000908153|0000000000044390|0000000000997876|090.68
10032026|519224|0000000000000015|0000000000000386|0000000000000060|0000000000001605|025.00
10032026|519230|0000000000003569|0000000000060923|0000000000004143|0000000000073421|086.15
10032026|519234|0000000000007955|0000000000263152|0000000000017583|0000000000598323|045.24
10032026|519238|0000000000000111|0000000000005106|0000000000000122|0000000000005426|090.98
10032026|519260|0000000000000050|0000000000000024|0000000000000050|0000000000000024|100.00
10032026|519262|0000000000001552|0000000000025003|0000000000001632|0000000000025814|095.10
10032026|519285|0000000000001468|0000000000009717|0000000000001468|0000000000009717|100.00
10032026|519287|0000000000002827|0000000000093291|0000000000004758|0000000000156067|059.42
10032026|519295|0000000000000259|0000000000052008|0000000000000336|0000000000066027|077.08
10032026|519299|0000000000009482|0000000000338129|0000000000010624|0000000000378888|089.25
10032026|519307|0000000000026648|0000000000027824|0000000000026648|0000000000027824|100.00
10032026|519331|0000000000002199|0000000000084926|0000000000003298|0000000000123837|066.68
10032026|519359|0000000000000383|0000000000024934|0000000000000393|0000000000025585|097.46
10032026|519383|0000000000001020|0000000000041310|0000000000001092|0000000000044390|093.41
10032026|519397|0000000000063641|0000000009266130|0000000000166916|0000000023896522|038.13
10032026|519421|0000000000015316|0000000002988152|0000000000016566|0000000003230775|092.45
10032026|519457|0000000000004658|0000000000132707|0000000000004685|0000000000134317|099.42
10032026|519463|0000000000000490|0000000000393911|0000000000000490|0000000000393911|100.00
10032026|519471|0000000000000752|0000000000124306|0000000000000813|0000000000134581|092.50
10032026|519475|0000000000000048|0000000000003549|0000000000000048|0000000000003403|100.00
10032026|519477|0000000000029794|0000000035186271|0000000000029794|0000000035186271|100.00
10032026|519479|0000000000000303|0000000000003164|0000000000000303|0000000000003178|100.00
10032026|519483|0000000000000359|0000000000009945|0000000000000359|0000000000009943|100.00
10032026|519494|0000000000000003|0000000000000197|0000000000000004|0000000000000247|075.00
10032026|519500|0000000000005412|0000000000053796|0000000000009590|0000000000093194|056.43
10032026|519506|0000000000000100|0000000000002663|0000000000000100|0000000000002663|100.00
10032026|519528|0000000000000100|0000000000009200|0000000000000100|0000000000009200|100.00
10032026|519532|0000000000079749|0000000000733691|0000000000083990|0000000000753345|094.95
10032026|519552|0000000000007873|0000000002424884|0000000000014213|0000000004341118|055.39
10032026|519566|0000000000004564|0000000000698292|0000000000004564|0000000000698136|100.00
10032026|519574|0000000000000885|0000000000038047|0000000000000925|0000000000039712|095.68
10032026|519600|0000000000002417|0000000002523469|0000000000005549|0000000005801959|043.56
10032026|519602|0000000000086600|0000000001492984|0000000000134762|0000000002292672|064.26
10032026|519604|0000000000000080|0000000000001559|0000000000000080|0000000000001558|100.00
10032026|519606|0000000000000767|0000000000036816|0000000000000768|0000000000037811|099.87
10032026|519612|0000000000000074|0000000000005654|0000000000000074|0000000000005679|100.00
10032026|520008|0000000000037087|0000000004142618|0000000000115759|0000000012693073|032.04
10032026|520021|0000000000004351|0000000000452504|0000000000004712|0000000000487810|092.34
10032026|520043|0000000000000874|0000000000108813|0000000000000953|0000000000119715|091.71
10032026|520051|0000000000041118|0000000005191148|0000000000128856|0000000016173385|031.91
10032026|520056|0000000000000205|0000000002937374|0000000000000332|0000000004668116|061.75
10032026|520057|0000000000052244|0000000006977187|0000000000053497|0000000006936967|097.66
10032026|520059|0000000000001958|0000000000147986|0000000000003945|0000000000296666|049.63
10032026|520066|0000000000008193|0000000000775468|0000000000015092|0000000001396940|054.29
10032026|520073|0000000000000654|0000000000905104|0000000000001001|0000000001390290|065.33
10032026|520075|0000000000000639|0000000000073038|0000000000000869|0000000000098568|073.53
10032026|520086|0000000000001539|0000000000101245|0000000000001539|0000000000101245|100.00
10032026|520111|0000000000000779|0000000001775692|0000000000001367|0000000003139146|056.99
10032026|520113|0000000000000983|0000000000491009|0000000000001769|0000000000884149|055.57
10032026|520119|0000000000002888|0000000001256136|0000000000003489|0000000001506729|082.77
10032026|520121|0000000000003066|0000000000051063|0000000000003066|0000000000051063|100.00
10032026|520123|0000000000000121|0000000000007910|0000000000000151|0000000000009681|080.13
10032026|520127|0000000000002165|0000000000027799|0000000000002295|0000000000029324|094.34
10032026|520141|0000000000001146|0000000000008790|0000000000001217|0000000000009545|094.17
10032026|520151|0000000000000677|0000000000089466|0000000000000820|0000000000107632|082.56
10032026|520155|0000000000004033|0000000000159304|0000000000004133|0000000000161924|097.58
10032026|521003|0000000000000100|0000000000002517|0000000000000100|0000000000002517|100.00
10032026|521005|0000000002089203|0000000001546011|0000000002644514|0000000001976830|079.00
10032026|521014|0000000000000056|0000000000000705|0000000000000056|0000000000000705|100.00
10032026|521016|0000000000001859|0000000000481574|0000000000006428|0000000001646059|028.92
10032026|521018|0000000000000024|0000000000000969|0000000000000034|0000000000001375|070.59
10032026|521034|0000000000000256|0000000000026969|0000000000000256|0000000000026969|100.00
10032026|521048|0000000000000007|0000000000000170|0000000000000009|0000000000000215|077.78
10032026|521054|0000000000000124|0000000000001144|0000000000000124|0000000000001143|100.00
10032026|521062|0000000000004861|0000000000021049|0000000000004862|0000000000020993|099.98
10032026|521064|0000000000252261|0000000005844888|0000000000440041|0000000010200547|057.33
10032026|521068|0000000000009900|0000000000568557|0000000000009900|0000000000568557|100.00
10032026|521070|0000000000156019|0000000002065692|0000000000251780|0000000003321177|061.97
10032026|521080|0000000000000794|0000000000004860|0000000000001202|0000000000007331|066.06
10032026|521097|0000000000002017|0000000000275724|0000000000002346|0000000000320460|085.98
10032026|521105|0000000000002629|0000000000078608|0000000000004068|0000000000119893|064.63
10032026|521109|0000000000000459|0000000000010874|0000000000000549|0000000000013195|083.61
10032026|521113|0000000000014585|0000000001157174|0000000000016895|0000000001348308|086.33
10032026|521131|0000000000002961|0000000000072545|0000000000003161|0000000000075563|093.67
10032026|521137|0000000000005058|0000000000025392|0000000000007301|0000000000035761|069.28
10032026|521141|0000000000001068|0000000000017153|0000000000001154|0000000000018382|092.55
10032026|521149|0000000000000152|0000000000001216|0000000000000152|0000000000001181|100.00
10032026|521151|0000000000000094|0000000000005758|0000000000000099|0000000000006064|094.95
10032026|521163|0000000000001032|0000000000074872|0000000000001032|0000000000075407|100.00
10032026|521178|0000000000000011|0000000000000426|0000000000000011|0000000000000429|100.00
10032026|521180|0000000000009164|0000000000050677|0000000000010726|0000000000059731|085.44
10032026|521194|0000000000000030|0000000000012386|0000000000000041|0000000000016844|073.17
10032026|521200|0000000000000082|0000000000004339|0000000000000090|0000000000004763|091.11
10032026|521206|0000000000011092|0000000000014753|0000000000012110|0000000000016038|091.59
10032026|521210|0000000000000177|0000000000002620|0000000000000177|0000000000002601|100.00
10032026|521216|0000000000000214|0000000000016750|0000000000000414|0000000000032230|051.69
10032026|521220|0000000000000580|0000000000013833|0000000000000588|0000000000014591|098.64
10032026|521222|0000000000000127|0000000000005648|0000000000000128|0000000000005696|099.22
10032026|521226|0000000000000005|0000000000000105|0000000000000005|0000000000000104|100.00
10032026|521228|0000000000043232|0000000000106351|0000000000055920|0000000000136428|077.31
10032026|521234|0000000000002003|0000000000058288|0000000000002006|0000000000059000|099.85
10032026|521238|0000000000003427|0000000000310898|0000000000005287|0000000000478715|064.82
10032026|521240|0000000000000141|0000000000013256|0000000000000142|0000000000013350|099.30
10032026|521244|0000000000000187|0000000000020009|0000000000000187|0000000000019345|100.00
10032026|521246|0000000000023322|0000000000049654|0000000000023322|0000000000049654|100.00
10032026|521248|0000000000014023|0000000002411255|0000000000040224|0000000006790981|034.86
10032026|522001|0000000000001199|0000000000077612|0000000000001362|0000000000088922|088.03
10032026|522004|0000000000012560|0000000001036200|0000000000015828|0000000001308412|079.35
10032026|522005|0000000000004785|0000000000555060|0000000000004872|0000000000561979|098.21
10032026|522014|0000000000000898|0000000000162000|0000000000003274|0000000000596872|027.43
10032026|522017|0000000000002949|0000000001683437|0000000000003524|0000000002039707|083.68
10032026|522029|0000000000001325|0000000000324758|0000000000001379|0000000000331786|096.08
10032026|522034|0000000000008370|0000000003742227|0000000000008381|0000000003745476|099.87
10032026|522036|0000000000000002|0000000000000154|0000000000000002|0000000000000154|100.00
10032026|522064|0000000000000136|0000000000287042|0000000000000230|0000000000476717|059.13
10032026|522073|0000000000000050|0000000000029832|0000000000000050|0000000000029832|100.00
10032026|522074|0000000000010927|0000000005658547|0000000000019440|0000000010052503|056.21
10032026|522091|0000000000005809|0000000000200584|0000000000005809|0000000000200584|100.00
10032026|522101|0000000000015544|0000000007794539|0000000000023261|0000000011517767|066.82
10032026|522105|0000000000056216|0000000001814653|0000000000059953|0000000001881963|093.77
10032026|522108|0000000000000866|0000000000638849|0000000000000908|0000000000661438|095.37
10032026|522113|0000000000000797|0000000002649149|0000000000001447|0000000004823089|055.08
10032026|522122|0000000000000335|0000000000505917|0000000000000436|0000000000653549|076.83
10032026|522134|0000000000002663|0000000000372288|0000000000002897|0000000000398552|091.92
10032026|522152|0000000000003050|0000000000329461|0000000000003780|0000000000397522|080.69
10032026|522163|0000000000059753|0000000008305667|0000000000087794|0000000012329186|068.06
10032026|522165|0000000000004844|0000000000183540|0000000000004876|0000000000181999|099.34
10032026|522183|0000000000000840|0000000000209034|0000000000001166|0000000000280203|072.04
10032026|522195|0000000000005027|0000000022170830|0000000000007140|0000000031166932|070.41
10032026|522205|0000000000033577|0000000010539821|0000000000080691|0000000025317787|041.61
10032026|522207|0000000000000955|0000000000052182|0000000000001051|0000000000056676|090.87
10032026|522209|0000000000008583|0000000000042486|0000000000009485|0000000000045618|090.49
10032026|522215|0000000000007456|0000000002352741|0000000000011536|0000000003593358|064.63
10032026|522217|0000000000000769|0000000000305293|0000000000001101|0000000000429692|069.85
10032026|522229|0000000000045818|0000000012309006|0000000000052741|0000000013966210|086.87
10032026|522231|0000000000004591|0000000000289050|0000000000006052|0000000000382471|075.86
10032026|522235|0000000000024816|0000000000056581|0000000000027294|0000000000062070|090.92
10032026|522237|0000000000001372|0000000000033025|0000000000001477|0000000000036580|092.89
10032026|522241|0000000000002125|0000000000945200|0000000000003667|0000000001619893|057.95
10032026|522245|0000000000000091|0000000000001436|0000000000000091|0000000000001436|100.00
10032026|522249|0000000000005720|0000000002983266|0000000000006214|0000000003205464|092.05
10032026|522251|0000000000004337|0000000000876942|0000000000006292|0000000001286096|068.93
10032026|522257|0000000000045321|0000000002722433|0000000000075432|0000000004492543|060.08
10032026|522261|0000000000120945|0000000056064055|0000000000151690|0000000071382359|079.73
10032026|522267|0000000000000531|0000000000019143|0000000000000539|0000000000019577|098.52
10032026|522273|0000000000001807|0000000000284513|0000000000002252|0000000000352330|080.24
10032026|522275|0000000000004136|0000000015946969|0000000000010042|0000000038827408|041.19
10032026|522281|0000000000000972|0000000000338645|0000000000001468|0000000000509586|066.21
10032026|522285|0000000000294107|0000000021496281|0000000000349293|0000000025525540|084.20
10032026|522287|0000000000000790|0000000000884761|0000000000002710|0000000003008546|029.15
10032026|522289|0000000000007001|0000000000581083|0000000000007001|0000000000581083|100.00
10032026|522292|0000000000075294|0000000011211277|0000000000145208|0000000021434452|051.85
10032026|522294|0000000000001162|0000000000219154|0000000000001596|0000000000300793|072.81
10032026|522295|0000000000000507|0000000000321920|0000000000000755|0000000000474978|067.15
10032026|522650|0000000000004542|0000000000368720|0000000000005975|0000000000484174|076.02
10032026|523007|0000000000000150|0000000000014745|0000000000000186|0000000000018150|080.65
10032026|523011|0000000000000081|0000000000006472|0000000000000086|0000000000006905|094.19
10032026|523019|0000000000078249|0000000001111919|0000000000091040|0000000001300800|085.95
10032026|523021|0000000000007834|0000000000302628|0000000000011558|0000000000436047|067.78
10032026|523023|0000000000002636|0000000000192376|0000000000004062|0000000000299436|064.89
10032026|523025|0000000000000941|0000000001568130|0000000000001540|0000000002565258|061.10
10032026|523062|0000000000000827|0000000000043208|0000000000000827|0000000000043208|100.00
10032026|523100|0000000000032489|0000000003032849|0000000000034933|0000000003312538|093.00
10032026|523105|0000000000142744|0000000001046314|0000000000193496|0000000001425215|073.77
10032026|523120|0000000000002688|0000000000293549|0000000000002688|0000000000293549|100.00
10032026|523127|0000000000000879|0000000000276973|0000000000001214|0000000000381721|072.41
10032026|523144|0000000000010904|0000000000245559|0000000000011380|0000000000256039|095.82
10032026|523151|0000000000000105|0000000000000924|0000000000000105|0000000000000925|100.00
10032026|523160|0000000000002315|0000000002972229|0000000000002375|0000000003009847|097.47
10032026|523186|0000000000000338|0000000000053641|0000000000000453|0000000000071537|074.61
10032026|523204|0000000000035171|0000000000863708|0000000000035171|0000000000863708|100.00
10032026|523207|0000000000002556|0000000000200084|0000000000002790|0000000000215094|091.61
10032026|523222|0000000000000009|0000000000000156|0000000000000009|0000000000000156|100.00
10032026|523229|0000000000004060|0000000000717402|0000000000009905|0000000001731383|040.99
10032026|523232|0000000000002983|0000000000232317|0000000000003792|0000000000302412|078.67
10032026|523242|0000000000091100|0000000000580364|0000000000091100|0000000000580364|100.00
10032026|523248|0000000000000229|0000000000058819|0000000000000349|0000000000091006|065.62
10032026|523260|0000000000001416|0000000000025389|0000000000001519|0000000000027462|093.22
10032026|523261|0000000000000472|0000000000613459|0000000000000941|0000000001202347|050.16
10032026|523269|0000000000002285|0000000000120077|0000000000002301|0000000000120996|099.30
10032026|523283|0000000000000127|0000000000018542|0000000000000135|0000000000019618|094.07
10032026|523289|0000000000002129|0000000000284648|0000000000003459|0000000000496427|061.55
10032026|523301|0000000000000313|0000000000770653|0000000000000498|0000000001235036|062.85
10032026|523309|0000000000008040|0000000000664346|0000000000009490|0000000000788685|084.72
10032026|523319|0000000000015079|0000000002682555|0000000000025532|0000000004525916|059.06
10032026|523323|0000000000002634|0000000013932543|0000000000004676|0000000024875771|056.33
10032026|523367|0000000000002289|0000000002281561|0000000000007694|0000000007738558|029.75
10032026|523369|0000000000013654|0000000000493046|0000000000018730|0000000000667030|072.90
10032026|523371|0000000000001085|0000000000086432|0000000000001255|0000000000099153|086.45
10032026|523373|0000000000011608|0000000000216722|0000000000032496|0000000000591788|035.72
10032026|523384|0000000000001800|0000000000188964|0000000000002477|0000000000262777|072.67
10032026|523385|0000000000000043|0000000000056582|0000000000000054|0000000000071402|079.63
10032026|523387|0000000000183091|0000000000263652|0000000000222615|0000000000313996|082.25
10032026|523391|0000000000004652|0000000001093453|0000000000005152|0000000001197507|090.30
10032026|523395|0000000000000120|0000000004084014|0000000000000171|0000000005800972|070.18
10032026|523398|0000000000000228|0000000000303525|0000000000000315|0000000000418713|072.38
10032026|523405|0000000000126953|0000000015329575|0000000000245051|0000000029031724|051.81
10032026|523411|0000000000000265|0000000000344235|0000000000000279|0000000000362207|094.98
10032026|523419|0000000000000397|0000000000003486|0000000000000492|0000000000004382|080.69
10032026|523445|0000000000003376|0000000002316274|0000000000005378|0000000003669469|062.77
10032026|523449|0000000000000809|0000000000036422|0000000000000874|0000000000039459|092.56
10032026|523457|0000000000001268|0000000008425100|0000000000002019|0000000013440000|062.80
10032026|523465|0000000000001883|0000000000083587|0000000000002000|0000000000086262|094.15
10032026|523467|0000000000060743|0000000000133391|0000000000060743|0000000000133391|100.00
10032026|523475|0000000000001593|0000000001216017|0000000000002145|0000000001638595|074.27
10032026|523483|0000000000000704|0000000000095463|0000000000000764|0000000000103465|092.15
10032026|523489|0000000000004050|0000000000160907|0000000000004499|0000000000178193|090.02
10032026|523519|0000000000000460|0000000000003187|0000000000000460|0000000000003187|100.00
10032026|523537|0000000000002497|0000000000098382|0000000000002697|0000000000105212|092.58
10032026|523539|0000000000026591|0000000009375987|0000000000071185|0000000024689813|037.35
10032026|523550|0000000000002301|0000000000081594|0000000000002301|0000000000080688|100.00
10032026|523558|0000000000199889|0000000003194227|0000000000214321|0000000003435942|093.27
10032026|523566|0000000000000004|0000000000000188|0000000000000004|0000000000000188|100.00
10032026|523574|0000000000076246|0000000000037360|0000000000076246|0000000000037360|100.00
10032026|523586|0000000000000977|0000000000230719|0000000000001167|0000000000273917|083.72
10032026|523594|0000000000000107|0000000000002399|0000000000000107|0000000000002398|100.00
10032026|523598|0000000000097637|0000000023911302|0000000000247847|0000000059524567|039.39
10032026|523606|0000000000013512|0000000013455250|0000000000033249|0000000033850771|040.64
10032026|523610|0000000000005062|0000000001300681|0000000000009345|0000000002380350|054.17
10032026|523618|0000000000001650|0000000001585320|0000000000005394|0000000005177467|030.59
10032026|523620|0000000000000011|0000000000000940|0000000000000011|0000000000000940|100.00
10032026|523630|0000000000330148|0000000026180737|0000000001268651|0000000099341674|026.02
10032026|523638|0000000000001376|0000000000144221|0000000000001376|0000000000144221|100.00
10032026|523642|0000000000001645|0000000005070137|0000000000002957|0000000009103996|055.63
10032026|523648|0000000000001076|0000000000148488|0000000000001091|0000000000150940|098.63
10032026|523650|0000000000000500|0000000000023175|0000000000000500|0000000000023175|100.00
10032026|523652|0000000000002813|0000000000078764|0000000000002813|0000000000079747|100.00
10032026|523660|0000000000032425|0000000001488712|0000000000032425|0000000001488712|100.00
10032026|523672|0000000000001318|0000000000054816|0000000000001625|0000000000069621|081.11
10032026|523676|0000000000006705|0000000001872372|0000000000008098|0000000002207247|082.80
10032026|523694|0000000000001042|0000000000381268|0000000000001046|0000000000375310|099.62
10032026|523696|0000000000008208|0000000000421317|0000000000011798|0000000000607659|069.57
10032026|523704|0000000000001266|0000000001993001|0000000000002182|0000000003400477|058.02
10032026|523708|0000000000000350|0000000000540190|0000000000000589|0000000000903593|059.42
10032026|523710|0000000000000156|0000000000043992|0000000000000306|0000000000085113|050.98
10032026|523716|0000000000001432|0000000000433395|0000000000001991|0000000000604500|071.92
10032026|523722|0000000000021354|0000000000170965|0000000000021354|0000000000170965|100.00
10032026|523732|0000000000005944|0000000000334053|0000000000006765|0000000000385459|087.86
10032026|523736|0000000000000395|0000000000084787|0000000000000430|0000000000091907|091.86
10032026|523752|0000000000044763|0000000000241721|0000000000069432|0000000000371495|064.47
10032026|523754|0000000000000088|0000000000010239|0000000000000133|0000000000015209|066.17
10032026|523782|0000000000001038|0000000000014730|0000000000001153|0000000000016152|090.03
10032026|523792|0000000000000641|0000000000123713|0000000000000677|0000000000130072|094.68
10032026|523796|0000000000001075|0000000000160782|0000000000001075|0000000000160782|100.00
10032026|523826|0000000000000587|0000000000011974|0000000000000587|0000000000011974|100.00
10032026|523828|0000000000003687|0000000000439307|0000000000003832|0000000000447419|096.22
10032026|523832|0000000000002311|0000000000046814|0000000000002311|0000000000046814|100.00
10032026|523836|0000000000001330|0000000000051205|0000000000001935|0000000000075914|068.73
10032026|523838|0000000000003369|0000000000589239|0000000000005308|0000000000940762|063.47
10032026|523840|0000000000006697|0000000000102666|0000000000008841|0000000000138600|075.75
10032026|523842|0000000000004441|0000000000028512|0000000000005172|0000000000032865|085.87
10032026|523844|0000000000007903|0000000000418464|0000000000008468|0000000000449147|093.33
10032026|523850|0000000000006314|0000000002525600|0000000000009097|0000000003685181|069.41
10032026|523862|0000000000000616|0000000000019337|0000000000000683|0000000000020702|090.19
10032026|523874|0000000000000311|0000000000033175|0000000000000311|0000000000033175|100.00
10032026|523888|0000000000004686|0000000000374927|0000000000005693|0000000000457736|082.31
10032026|524000|0000000000047032|0000000019922756|0000000000095908|0000000040310041|049.04
10032026|524019|0000000000000077|0000000000317618|0000000000000097|0000000000396344|079.38
10032026|524031|0000000000000010|0000000000000095|0000000000000010|0000000000000095|100.00
10032026|524037|0000000000009620|0000000001149109|0000000000013432|0000000001580118|071.62
10032026|524038|0000000000001566|0000000000007643|0000000000001630|0000000000007951|096.07
10032026|524051|0000000000002537|0000000002072222|0000000000003525|0000000002851617|071.97
10032026|524055|0000000000002100|0000000000077700|0000000000002100|0000000000077700|100.00
10032026|524075|0000000000000539|0000000000355740|0000000000000742|0000000000493016|072.64
10032026|524080|0000000000000101|0000000000005259|0000000000000101|0000000000005484|100.00
10032026|524091|0000000000000898|0000000000752075|0000000000001600|0000000001332444|056.12
10032026|524109|0000000000001132|0000000000270322|0000000000001447|0000000000345176|078.23
10032026|524129|0000000000001374|0000000000276037|0000000000001551|0000000000311617|088.59
10032026|524136|0000000000003504|0000000001164204|0000000000004405|0000000001458618|079.55
10032026|524156|0000000000006875|0000000000295625|0000000000007793|0000000000332460|088.22
10032026|524164|0000000000048198|0000000003497729|0000000000094899|0000000006792700|050.79
10032026|524174|0000000000055387|0000000001363628|0000000000073296|0000000001808896|075.57
10032026|524200|0000000000002367|0000000003330725|0000000000003897|0000000005449571|060.74
10032026|524202|0000000000002066|0000000000195485|0000000000003323|0000000000319400|062.17
10032026|524204|0000000000001284|0000000000141947|0000000000001448|0000000000154997|088.67
10032026|524208|0000000000011456|0000000004896295|0000000000024171|0000000010174115|047.40
10032026|524210|0000000000001004|0000000000032088|0000000000001104|0000000000035308|090.94
10032026|524212|0000000000007522|0000000001865014|0000000000007522|0000000001865014|100.00
10032026|524218|0000000000000458|0000000000042924|0000000000000553|0000000000052105|082.82
10032026|524226|0000000000008985|0000000001186020|0000000000013237|0000000001747239|067.88
10032026|524230|0000000000297896|0000000038071109|0000000001239583|0000000154369324|024.03
10032026|524238|0000000000054844|0000000003742087|0000000000054844|0000000003742087|100.00
10032026|524280|0000000000014632|0000000001850948|0000000000021254|0000000002653238|068.84
10032026|524288|0000000000001299|0000000000062794|0000000000001337|0000000000064753|097.16
10032026|524314|0000000000000956|0000000000036835|0000000000001223|0000000000047099|078.17
10032026|524322|0000000000088730|0000000002707153|0000000000119553|0000000003707951|074.22
10032026|524324|0000000000000743|0000000000007355|0000000000000743|0000000000007355|100.00
10032026|524330|0000000000001112|0000000000203441|0000000000001138|0000000000210253|097.72
10032026|524332|0000000000012332|0000000000350846|0000000000023060|0000000000652839|053.48
10032026|524336|0000000000001525|0000000000160125|0000000000001602|0000000000161280|095.19
10032026|524342|0000000000003659|0000000000898285|0000000000003702|0000000000903025|098.84
10032026|524348|0000000000009126|0000000003226954|0000000000010515|0000000003714096|086.79
10032026|524370|0000000000022157|0000000000981556|0000000000027470|0000000001220929|080.66
10032026|524372|0000000000000979|0000000000499437|0000000000002230|0000000001139163|043.90
10032026|524394|0000000000002775|0000000001234737|0000000000005169|0000000002278832|053.69
10032026|524396|0000000000000525|0000000000015918|0000000000000712|0000000000021521|073.74
10032026|524400|0000000000013937|0000000001121232|0000000000026066|0000000002048135|053.47
10032026|524404|0000000000014583|0000000002537442|0000000000026349|0000000004529458|055.35
10032026|524408|0000000000000235|0000000000033018|0000000000000307|0000000000043012|076.55
10032026|524412|0000000000000305|0000000000021250|0000000000000305|0000000000021316|100.00
10032026|524414|0000000000000701|0000000000010515|0000000000000788|0000000000010958|088.96
10032026|524434|0000000000001416|0000000000011442|0000000000001418|0000000000011536|099.86
10032026|524440|0000000000001802|0000000000054980|0000000000002009|0000000000060890|089.70
10032026|524444|0000000006729993|0000000009893090|0000000007878308|0000000011830610|085.42
10032026|524458|0000000000005426|0000000000063647|0000000000005725|0000000000065430|094.78
10032026|524470|0000000000053401|0000000000655231|0000000000086515|0000000001047567|061.72
10032026|524480|0000000000000446|0000000000217515|0000000000000604|0000000000289117|073.84
10032026|524488|0000000000027440|0000000000062015|0000000000029845|0000000000067421|091.94
10032026|524494|0000000000003088|0000000004602047|0000000000004905|0000000007324646|062.96
10032026|524500|0000000000001722|0000000000551040|0000000000002873|0000000000920364|059.94
10032026|524506|0000000000002601|0000000001177473|0000000000003244|0000000001478754|080.18
10032026|524516|0000000000025765|0000000001304482|0000000000025781|0000000001289518|099.94
10032026|524518|0000000000001000|0000000000055110|0000000000001000|0000000000054248|100.00
10032026|524520|0000000000040834|0000000003417806|0000000000061606|0000000005119313|066.28
10032026|524522|0000000000000737|0000000000022523|0000000000000781|0000000000025123|094.37
10032026|524534|0000000000002956|0000000000412658|0000000000003362|0000000000460190|087.92
10032026|524542|0000000000000026|0000000000004613|0000000000000027|0000000000004785|096.30
10032026|524548|0000000000000159|0000000000015573|0000000000000163|0000000000015973|097.55
10032026|524558|0000000000000753|0000000009482567|0000000000001616|0000000020468693|046.60
10032026|524564|0000000000055178|0000000000732764|0000000000057373|0000000000760026|096.17
10032026|524570|0000000000000019|0000000000004131|0000000000000023|0000000000005105|082.61
10032026|524572|0000000000017934|0000000000635043|0000000000029499|0000000001058403|060.80
10032026|524576|0000000000006580|0000000000132982|0000000000007267|0000000000143382|090.55
10032026|524580|0000000000000012|0000000000000245|0000000000000015|0000000000000329|080.00
10032026|524582|0000000000013378|0000000002110380|0000000000013797|0000000002163517|096.96
10032026|524590|0000000000000602|0000000000008867|0000000000000602|0000000000008867|100.00
10032026|524592|0000000000006636|0000000000079367|0000000000009283|0000000000112322|071.49
10032026|524594|0000000000001109|0000000000139568|0000000000001242|0000000000156153|089.29
10032026|500002|0000000000045269|0000000281729359|0000000000059553|0000000367292134|076.01
10032026|500003|0000000000036792|0000000023762114|0000000000048536|0000000031695801|075.80
10032026|500008|0000000000031575|0000000024983719|0000000000058654|0000000046155261|053.83
10032026|500009|0000000000166894|0000000004035497|0000000000201818|0000000004963798|082.70
10032026|500012|0000000000032586|0000000001280956|0000000000045396|0000000001781342|071.78
10032026|500013|0000000000075176|0000000000283445|0000000000075176|0000000000283445|100.00
10032026|500014|0000000000009409|0000000000038577|0000000000011146|0000000000046403|084.42
10032026|500016|0000000000009019|0000000000063404|0000000000012301|0000000000086541|073.32
10032026|500020|0000000000025594|0000000002735999|0000000000046049|0000000004837335|055.58
10032026|500023|0000000000000037|0000000000010420|0000000000000098|0000000000028372|037.76
10032026|500027|0000000000000562|0000000003390575|0000000000001460|0000000008858881|038.49
10032026|500028|0000000000007990|0000000000255201|0000000000012396|0000000000392786|064.46
10032026|500031|0000000000003629|0000000001366138|0000000000010004|0000000003687862|036.28
10032026|500032|0000000000198685|0000000003288237|0000000000350062|0000000005783051|056.76
10032026|500033|0000000000005022|0000000111776161|0000000000016130|0000000351749475|031.13
10032026|500034|0000000000113093|0000000106335694|0000000000189035|0000000178048333|059.83
10032026|500038|0000000000039745|0000000020128856|0000000000096442|0000000047155407|041.21
10032026|500039|0000000000004221|0000000002410825|0000000000009461|0000000005382599|044.61
10032026|500040|0000000000003554|0000000004178971|0000000000005205|0000000006162399|068.28
10032026|500041|0000000000000001|0000000000003606|0000000000000001|0000000000003606|100.00
10032026|500042|0000000000000397|0000000001374156|0000000000000816|0000000002775636|048.65
10032026|500043|0000000000005644|0000000004046184|0000000000012446|0000000008919117|045.35
10032026|500048|0000000000006007|0000000009676677|0000000000016042|0000000025655887|037.45
10032026|500049|0000000000429748|0000000199145224|0000000001050991|0000000482861517|040.89
10032026|500051|0000000000003001|0000000000003362|0000000000003001|0000000000003361|100.00
10032026|500052|0000000000023960|0000000001929739|0000000000032693|0000000002606498|073.29
10032026|500058|0000000000010437|0000000000117571|0000000000010437|0000000000117571|100.00
10032026|500059|0000000000006300|0000000000041957|0000000000006300|0000000000041957|100.00
10032026|500060|0000000000000559|0000000000075633|0000000000001098|0000000000148828|050.91
10032026|500067|0000000000007105|0000000013397188|0000000000022811|0000000043447120|031.15
10032026|500068|0000000000000054|0000000000633269|0000000000000184|0000000002176570|029.35
10032026|500069|0000000000000219|0000000000057313|0000000000000223|0000000000059744|098.21
10032026|500074|0000000000004704|0000000000243715|0000000000005010|0000000000259979|093.89
10032026|500078|0000000000001680|0000000000431592|0000000000007056|0000000001775349|023.81
10032026|500083|0000000000006683|0000000000136601|0000000000011236|0000000000229515|059.48
10032026|500084|0000000000050526|0000000007811320|0000000000119161|0000000018276172|042.40
10032026|500085|0000000000056086|0000000024201109|0000000000154232|0000000066699420|036.36
10032026|500086|0000000000054139|0000000017137701|0000000000111103|0000000034792672|048.73
10032026|500087|0000000000018671|0000000024890311|0000000000036972|0000000049103379|050.50
10032026|500089|0000000000000572|0000000000306020|0000000000000658|0000000000332858|086.93
10032026|500092|0000000000010845|0000000045979547|0000000000011576|0000000048411967|093.69
10032026|500093|0000000000177662|0000000129311287|0000000000268971|0000000193647552|066.05
10032026|500096|0000000001016566|0000000489273216|0000000001035001|0000000492714405|098.22
10032026|500097|0000000000005846|0000000001837106|0000000000010211|0000000003202099|057.25
10032026|500101|0000000000002709|0000000000907380|0000000000009394|0000000003144345|028.84
10032026|500103|0000000000047217|0000000012207956|0000000000227190|0000000058399752|020.78
10032026|500104|0000000000121708|0000000047192277|0000000000343412|0000000133123461|035.44
10032026|500106|0000000000216360|0000000011618532|0000000000491416|0000000026157401|044.03
10032026|500108|0000000000095713|0000000002505767|0000000000205133|0000000005337817|046.66
10032026|500109|0000000000128133|0000000024806549|0000000000434629|0000000083822637|029.48
10032026|500110|0000000000044286|0000000041154980|0000000000219561|0000000205440429|020.17
10032026|500112|0000000000712866|0000000793697512|0000000001286756|0000001431462759|055.40
10032026|500113|0000000000190122|0000000028480276|0000000000666382|0000000100121087|028.53
10032026|500114|0000000000009527|0000000040189174|0000000000040809|0000000171783722|023.35
10032026|500116|0000000000377734|0000000038963263|0000000000915208|0000000092758075|041.27
10032026|500117|0000000000043539|0000000001938792|0000000000118142|0000000005130296|036.85
10032026|500119|0000000000009539|0000000001210977|0000000000018955|0000000002395744|050.32
10032026|500120|0000000000001876|0000000000417410|0000000000001988|0000000000443402|094.37
10032026|500123|0000000000001941|0000000016176586|0000000000002726|0000000022249366|071.20
10032026|500124|0000000000016710|0000000021955269|0000000000039528|0000000051977324|042.27
10032026|500125|0000000000002775|0000000002294509|0000000000006319|0000000005162633|043.92
10032026|500126|0000000000000277|0000000001355694|0000000000000503|0000000002453921|055.07
10032026|500128|0000000000047054|0000000002964402|0000000000075026|0000000004671331|062.72
10032026|500133|0000000000000061|0000000000324353|0000000000000141|0000000000753172|043.26
10032026|500135|0000000000010151|0000000001990104|0000000000013996|0000000002728648|072.53
10032026|500136|0000000000007037|0000000000675201|0000000000007444|0000000000709033|094.53
10032026|500142|0000000000012483|0000000000112472|0000000000012685|0000000000114324|098.41
10032026|500143|0000000000001353|0000000000784455|0000000000001353|0000000000784455|100.00
10032026|500144|0000000000035735|0000000033192455|0000000000090431|0000000086906777|039.52
10032026|500147|0000000000002812|0000000013432784|0000000000003620|0000000017368482|077.68
10032026|500148|0000000000005504|0000000002477626|0000000000005988|0000000002708640|091.92
10032026|500150|0000000000000017|0000000000086626|0000000000000021|0000000000107215|080.95
10032026|500151|0000000000000662|0000000000018659|0000000000000662|0000000000018659|100.00
10032026|500153|0000000000003488|0000000000267042|0000000000004351|0000000000333802|080.17
10032026|500159|0000000000000347|0000000000038066|0000000000000347|0000000000037919|100.00
10032026|500160|0000000000049991|0000000000338939|0000000000057872|0000000000390514|086.38
10032026|500163|0000000000007816|0000000016093926|0000000000017939|0000000036642472|043.57
10032026|500164|0000000000002178|0000000001987643|0000000000003283|0000000003002845|066.34
10032026|500165|0000000000010785|0000000002003314|0000000000019697|0000000003659859|054.75
10032026|500166|0000000000002652|0000000000395414|0000000000003043|0000000000450957|087.15
10032026|500168|0000000000002866|0000000002241929|0000000000004409|0000000003425118|065.00
10032026|500170|0000000000000245|0000000000005586|0000000000000341|0000000000007821|071.85
10032026|500171|0000000000002369|0000000001097558|0000000000003950|0000000001815136|059.97
10032026|500173|0000000000007987|0000000000352227|0000000000010639|0000000000455379|075.07
10032026|500174|0000000000003000|0000000000017670|0000000000003000|0000000000017670|100.00
10032026|500179|0000000000030368|0000000000372616|0000000000037044|0000000000457870|081.98
10032026|500180|0000000000814988|0000000692006311|0000000001212888|0000001031691200|067.19
10032026|500182|0000000000010964|0000000062600055|0000000000021070|0000000118900325|052.04
10032026|500183|0000000000388860|0000000027161871|0000000000716420|0000000049939610|054.28
10032026|500184|0000000000028061|0000000012647093|0000000000079035|0000000035219269|035.50
10032026|500185|0000000000615702|0000000009888175|0000000001098825|0000000017457510|056.03
10032026|500186|0000000000100311|0000000014745717|0000000000200439|0000000030746311|050.05
10032026|500187|0000000000011164|0000000005688617|0000000000014534|0000000007300544|076.81
10032026|500188|0000000000076303|0000000045018770|0000000000184650|0000000108284869|041.32
10032026|500189|0000000000001045|0000000000122683|0000000000001068|0000000000123975|097.85
10032026|500191|0000000000007161|0000000000445278|0000000000007161|0000000000445278|100.00
10032026|500192|0000000000004004|0000000000007168|0000000000005928|0000000000010382|067.54
10032026|500193|0000000000046466|0000000000357324|0000000000050861|0000000000388839|091.36
10032026|500199|0000000000001543|0000000000517446|0000000000001890|0000000000630156|081.64
10032026|500201|0000000000002126|0000000001832931|0000000000004339|0000000003735533|049.00
10032026|500202|0000000000000725|0000000000005974|0000000000000825|0000000000006729|087.88
10032026|500206|0000000000000432|0000000000029009|0000000000000455|0000000000028493|094.94
10032026|500207|0000000000005673|0000000000193904|0000000000006765|0000000000229785|083.86
10032026|500209|0000000000112164|0000000145314071|0000000000218689|0000000283462275|051.29
10032026|500210|0000000000000133|0000000000517045|0000000000000277|0000000001071918|048.01
10032026|500213|0000000000003892|0000000001254003|0000000000004612|0000000001485807|084.39
10032026|500214|0000000000012746|0000000004390997|0000000000027189|0000000009369971|046.88
10032026|500215|0000000000000572|0000000000359817|0000000000000644|0000000000399016|088.82
10032026|500219|0000000000249385|0000000008082568|0000000000327048|0000000010709021|076.25
10032026|500220|0000000000000916|0000000000151369|0000000000001178|0000000000192357|077.76
10032026|500227|0000000000022455|0000000019404489|0000000000058125|0000000048831822|038.63
10032026|500228|0000000000014526|0000000017646912|0000000000030981|0000000037398432|046.89
10032026|500233|0000000000061263|0000000058202914|0000000000080942|0000000076391126|075.69
10032026|500234|0000000000000005|0000000000000529|0000000000000012|0000000000001279|041.67
10032026|500235|0000000000002336|0000000001650968|0000000000003183|0000000002253177|073.39
10032026|500238|0000000000002149|0000000001885318|0000000000005448|0000000004769807|039.45
10032026|500239|0000000000018387|0000000000264957|0000000000022026|0000000000324878|083.48
10032026|500240|0000000000032917|0000000007618640|0000000000038464|0000000008925925|085.58
10032026|500241|0000000000001233|0000000001944133|0000000000002116|0000000003327534|058.27
10032026|500243|0000000000000453|0000000001299816|0000000000000578|0000000001669458|078.37
10032026|500245|0000000000103547|0000000039560132|0000000000137391|0000000053123425|075.37
10032026|500247|0000000000229390|0000000089909411|0000000000405633|0000000158623847|056.55
10032026|500249|0000000000001401|0000000001067703|0000000000003109|0000000002358102|045.06
10032026|500250|0000000000008022|0000000015526581|0000000000010081|0000000018527893|079.58
10032026|500251|0000000000025003|0000000092838640|0000000000039198|0000000145322163|063.79
10032026|500252|0000000000000085|0000000001237413|0000000000000111|0000000001622340|076.58
10032026|500253|0000000000011902|0000000006096800|0000000000023242|0000000011863046|051.21
10032026|500257|0000000000004554|0000000010659776|0000000000010556|0000000024710284|043.14
10032026|500259|0000000000001235|0000000000070000|0000000000001661|0000000000095384|074.35
10032026|500260|0000000000002864|0000000002875886|0000000000005644|0000000005717122|050.74
10032026|500262|0000000000002283|0000000000040432|0000000000002390|0000000000041731|095.52
10032026|500264|0000000000029782|0000000003667654|0000000000035478|0000000004344616|083.94
10032026|500265|0000000000003735|0000000002039124|0000000000005968|0000000003257783|062.58
10032026|500266|0000000000000234|0000000003001109|0000000000000390|0000000004967578|060.00
10032026|500267|0000000000005584|0000000001664591|0000000000006022|0000000001777784|092.73
10032026|500268|0000000000007959|0000000000400418|0000000000012744|0000000000638817|062.45
10032026|500270|0000000000000861|0000000000089200|0000000000000978|0000000000101763|088.04
10032026|500271|0000000000694738|0000001203703059|0000000000700138|0000001201735264|099.23
10032026|500277|0000000000003907|0000000000023247|0000000000003907|0000000000022964|100.00
10032026|500279|0000000000038465|0000000000959318|0000000000091570|0000000002267540|042.01
10032026|500280|0000000000000189|0000000000077623|0000000000000223|0000000000091274|084.75
10032026|500282|0000000000000865|0000000000046018|0000000000000888|0000000000045743|097.41
10032026|500284|0000000000001183|0000000000146278|0000000000001498|0000000000182985|078.97
10032026|500285|0000000023938781|0000000327003749|0000000034894468|0000000477356497|068.60
10032026|500288|0000000000212593|0000000008650410|0000000000406250|0000000016325828|052.33
10032026|500290|0000000000000222|0000000030455859|0000000000000413|0000000056828780|053.75
10032026|500292|0000000000005859|0000000000908438|0000000000007099|0000000001099189|082.53
10032026|500294|0000000000042520|0000000006163274|0000000000096413|0000000013869264|044.10
10032026|500295|0000000000239403|0000000172920787|0000000000537569|0000000384409936|044.53
10032026|500296|0000000000001701|0000000000337649|0000000000003840|0000000000743907|044.30
10032026|500298|0000000000007335|0000000004264203|0000000000009121|0000000005327212|080.42
10032026|500300|0000000000578657|0000001587748010|0000000000589437|0000001602248354|098.17
10032026|500304|0000000000044250|0000000002888640|0000000000074634|0000000004791054|059.29
10032026|500306|0000000000005662|0000000000790982|0000000000013411|0000000001877596|042.22
10032026|500307|0000000000001960|0000000000964320|0000000000002436|0000000001195089|080.46
10032026|500312|0000000000273938|0000000073881079|0000000000642136|0000000172354922|042.66
10032026|500313|0000000000000978|0000000000044744|0000000000001333|0000000000061134|073.37
10032026|500314|0000000000006008|0000000000546128|0000000000008489|0000000000756792|070.77
10032026|500317|0000000000003314|0000000000146247|0000000000004614|0000000000203611|071.82
10032026|500319|0000000000003611|0000000000267901|0000000000004717|0000000000353040|076.55
10032026|500322|0000000000000547|0000000000064490|0000000000000547|0000000000064490|100.00
10032026|500325|0000000000274663|0000000387013901|0000000000622230|0000000878317057|044.14
10032026|500327|0000000000007469|0000000000061545|0000000000007475|0000000000058901|099.92
10032026|500330|0000000000010295|0000000003855993|0000000000017749|0000000006617152|058.00
10032026|500331|0000000000008606|0000000012282914|0000000000020656|0000000029152129|041.66
10032026|500333|0000000000000706|0000000001027089|0000000000000807|0000000001172105|087.48
10032026|500335|0000000000002469|0000000002045073|0000000000003877|0000000003208529|063.68
10032026|500336|0000000000526538|0000000111362787|0000000000533191|0000000112711146|098.75
10032026|500337|0000000000000007|0000000000001916|0000000000000007|0000000000001915|100.00
10032026|500338|0000000000008568|0000000001071429|0000000000010904|0000000001365077|078.58
10032026|500339|0000000000056467|0000000006821214|0000000000128796|0000000015384088|043.84
10032026|500342|0000000000006886|0000000000105425|0000000000006923|0000000000103876|099.47
10032026|500343|0000000000000960|0000000000037200|0000000000004643|0000000000179643|020.68
10032026|500346|0000000000001859|0000000000096371|0000000000001984|0000000000104251|093.70
10032026|500350|0000000000000766|0000000000111568|0000000000001031|0000000000147716|074.30
10032026|500354|0000000000001576|0000000000046083|0000000000006650|0000000000190251|023.70
10032026|500355|0000000000063874|0000000016217609|0000000000074725|0000000018863380|085.48
10032026|500356|0000000000038431|0000000001492276|0000000000058878|0000000002402246|065.27
10032026|500357|0000000000000142|0000000000001949|0000000000000142|0000000000001949|100.00
10032026|500360|0000000000004916|0000000000707066|0000000000004916|0000000000707066|100.00
10032026|500365|0000000000125809|0000000004403315|0000000000176463|0000000006162371|071.29
10032026|500367|0000000000001869|0000000000118159|0000000000002074|0000000000130519|090.12
10032026|500368|0000000000025310|0000000012670186|0000000000049121|0000000024488062|051.53
10032026|500370|0000000000001760|0000000000050354|0000000000002227|0000000000063674|079.03
10032026|500371|0000000000000050|0000000000000806|0000000000000050|0000000000000806|100.00
10032026|500378|0000000000080010|0000000013297662|0000000000124195|0000000020414460|064.42
10032026|500380|0000000000003630|0000000002201777|0000000000005516|0000000003386444|065.81
10032026|500387|0000000000000831|0000000019907478|0000000000001172|0000000028207822|070.90
10032026|500388|0000000000000160|0000000000016872|0000000000000160|0000000000016872|100.00
10032026|500389|0000000000094587|0000000001426371|0000000000094587|0000000001426371|100.00
10032026|500390|0000000000130577|0000000011771924|0000000000130577|0000000011771924|100.00
10032026|500400|0000000000346606|0000000132143538|0000000000625073|0000000237837549|055.45
10032026|500402|0000000000043351|0000000007020695|0000000000074880|0000000012238625|057.89
10032026|500403|0000000000000732|0000000000617955|0000000000001665|0000000001406002|043.96
10032026|500404|0000000000002440|0000000000557662|0000000000004450|0000000001014662|054.83
10032026|500405|0000000000002140|0000000001491901|0000000000003175|0000000002215273|067.40
10032026|500407|0000000000000674|0000000002349194|0000000000000820|0000000002831249|082.20
10032026|500408|0000000000002646|0000000011538545|0000000000006848|0000000029558583|038.64
10032026|500410|0000000000010672|0000000015735864|0000000000017186|0000000025240526|062.10
10032026|500411|0000000000003566|0000000011307786|0000000000006961|0000000021995199|051.23
10032026|500412|0000000000027641|0000000004645071|0000000000045929|0000000007512138|060.18
10032026|500413|0000000000015999|0000000001499907|0000000000030635|0000000002787761|052.22
10032026|500414|0000000000437529|0000000118614112|0000000000477178|0000000129545402|091.69
10032026|500418|0000000000000014|0000000000001098|0000000000000020|0000000000001524|070.00
10032026|500420|0000000000007845|0000000034720794|0000000000011995|0000000053278119|065.40
10032026|500421|0000000000000265|0000000000004460|0000000000000274|0000000000004665|096.72
10032026|500422|0000000000004337|0000000000710188|0000000000004337|0000000000710188|100.00
10032026|500425|0000000000029569|0000000013669749|0000000000076299|0000000035164160|038.75
10032026|500426|0000000000023496|0000000000036419|0000000000029821|0000000000046843|078.79
10032026|500429|0000000000003510|0000000000349596|0000000000003534|0000000000356448|099.32
10032026|500439|0000000000000015|0000000000046608|0000000000000019|0000000000059201|078.95
10032026|500440|0000000000107007|0000000102368247|0000000000198484|0000000187901234|053.91
10032026|500444|0000000000000454|0000000000176448|0000000000000796|0000000000307581|057.04
10032026|500449|0000000000036183|0000000001056906|0000000000047155|0000000001369232|076.73
10032026|500450|0000000000000014|0000000000004785|0000000000000014|0000000000004784|100.00
10032026|500456|0000000000006466|0000000000314054|0000000000008674|0000000000414482|074.54
10032026|500458|0000000000001274|0000000000037622|0000000000001994|0000000000058984|063.89
10032026|500459|0000000000000233|0000000002518090|0000000000000749|0000000008086840|031.11
10032026|500460|0000000000003377|0000000000408111|0000000000005869|0000000000709903|057.54
10032026|500463|0000000000006467|0000000003296554|0000000000016061|0000000008120167|040.27
10032026|500464|0000000000000339|0000000000033884|0000000000001041|0000000000104573|032.56
10032026|500467|0000000000000729|0000000000132095|0000000000000743|0000000000133957|098.12
10032026|500469|0000000003775792|0000001042118592|0000000003920986|0000001083109072|096.30
10032026|500470|0000000000580838|0000000113292452|0000000001498718|0000000291036111|038.76
10032026|500472|0000000000238630|0000000386103340|0000000000239659|0000000387770716|099.57
10032026|500477|0000000000166128|0000000032154075|0000000000430747|0000000083151259|038.57
10032026|500480|0000000000007553|0000000035632789|0000000000011268|0000000053023983|067.03
10032026|500483|0000000000006147|0000000009088340|0000000000010879|0000000016049914|056.50
10032026|500488|0000000000000387|0000000010411694|0000000000000675|0000000018208107|057.33
10032026|500490|0000000000001257|0000000012926737|0000000000002486|0000000025347633|050.56
10032026|500493|0000000000015640|0000000028825302|0000000000038993|0000000071949811|040.11
10032026|500495|0000000000003293|0000000010965361|0000000000006058|0000000020095126|054.36
10032026|500500|0000000000171195|0000000002494312|0000000000239706|0000000003521940|071.42
10032026|500510|0000000000037618|0000000145796083|0000000000091901|0000000356473407|040.93
10032026|500520|0000000000025003|0000000082317377|0000000000057759|0000000188304114|043.29
10032026|500530|0000000000000521|0000000016697139|0000000000000947|0000000030277582|055.02
10032026|500540|0000000000000303|0000000000000878|0000000000000303|0000000000000878|100.00
10032026|500547|0000000000267361|0000000087119582|0000000000537902|0000000176507692|049.70
10032026|500550|0000000000007002|0000000022981965|0000000000029393|0000000097107439|023.82
10032026|500570|0000000000170420|0000000058811942|0000000000424408|0000000144448096|040.15
10032026|500575|0000000000005407|0000000007835284|0000000000013609|0000000019735764|039.73
10032026|500620|0000000000013373|0000000018605187|0000000000033393|0000000046229858|040.05
10032026|500645|0000000000014735|0000000014439564|0000000000048763|0000000047680238|030.22
10032026|500650|0000000000000225|0000000000205009|0000000000000303|0000000000272792|074.26
10032026|500655|0000000000000367|0000000001494223|0000000000000593|0000000002372811|061.89
10032026|500660|0000000000001596|0000000003976514|0000000000003084|0000000007756421|051.75
10032026|500670|0000000000024019|0000000010420644|0000000000057348|0000000024221954|041.88
10032026|500672|0000000000009143|0000000008627335|0000000000012526|0000000011666942|072.99
10032026|500674|0000000000000839|0000000003080808|0000000000001285|0000000004751623|065.29
10032026|500680|0000000000003280|0000000015805828|0000000000004491|0000000021490325|073.03
10032026|500690|0000000000073946|0000000012049501|0000000000196406|0000000031552848|037.65
10032026|500696|0000000000007471|0000000016374938|0000000000014331|0000000031461062|052.13
10032026|500710|0000000000000714|0000000002060676|0000000000001692|0000000004785649|042.20
10032026|500730|0000000000005212|0000000000703620|0000000000008404|0000000001128581|062.02
10032026|500770|0000000000015961|0000000011045012|0000000000023325|0000000016164913|068.43
10032026|500777|0000000000006811|0000000000582341|0000000000010040|0000000000845072|067.84
10032026|500780|0000000000001879|0000000000460543|0000000000002832|0000000000692647|066.35
10032026|500790|0000000000016501|0000000020487642|0000000000028620|0000000035528632|057.66
10032026|500800|0000000000176884|0000000194404361|0000000000185323|0000000204203589|095.45
10032026|500820|0000000000019980|0000000045567387|0000000000048150|0000000109166589|041.50
10032026|500825|0000000000001444|0000000008623424|0000000000002631|0000000015711974|054.88
10032026|500830|0000000000003026|0000000006665219|0000000000005826|0000000012776042|051.94
10032026|500840|0000000000006357|0000000002005634|0000000000011076|0000000003499880|057.39
10032026|500850|0000000000047486|0000000029878192|0000000000092935|0000000058102930|051.10
10032026|500870|0000000000051001|0000000009483636|0000000000081870|0000000015223370|062.30
10032026|500875|0000000000655431|0000000202560951|0000000001085709|0000000333070861|060.37
10032026|500877|0000000000015475|0000000006775729|0000000000028921|0000000012625091|053.51
10032026|500878|0000000000002030|0000000006920575|0000000000004206|0000000014172977|048.26
10032026|500890|0000000000000818|0000000000091330|0000000000001050|0000000000116580|077.90
10032026|500940|0000000000028386|0000000005261346|0000000000042094|0000000007813567|067.43
10032026|501148|0000000000000011|0000000000004371|0000000000000011|0000000000004371|100.00
10032026|501150|0000000000058040|0000000001258888|0000000000059941|0000000001299706|096.83
10032026|501151|0000000000000001|0000000000001318|0000000000000001|0000000000001318|100.00
10032026|501242|0000000000002378|0000000000033971|0000000000002378|0000000000033971|100.00
10032026|501295|0000000000000009|0000000000001179|0000000000000018|0000000000002360|050.00
10032026|501298|0000000000000050|0000000000260045|0000000000000070|0000000000364957|071.43
10032026|501301|0000000000020009|0000000012582660|0000000000041125|0000000025829265|048.65
10032026|501311|0000000000000005|0000000000000079|0000000000000005|0000000000000078|100.00
10032026|501314|0000000000674264|0000000000424787|0000000000821754|0000000000499593|082.05
10032026|501343|0000000000002607|0000000000052375|0000000000004279|0000000000086106|060.93
10032026|501351|0000000000000003|0000000000000222|0000000000000003|0000000000000221|100.00
10032026|501370|0000000000000531|0000000000055755|0000000000000551|0000000000057935|096.37
10032026|501391|0000000000000030|0000000000016160|0000000000000040|0000000000021164|075.00
10032026|501421|0000000000000130|0000000000799500|0000000000000131|0000000000770627|099.24
10032026|501423|0000000000004873|0000000009176103|0000000000010456|0000000019643807|046.60
10032026|501425|0000000000001672|0000000002610410|0000000000002356|0000000003644581|070.97
10032026|501430|0000000000000042|0000000000071396|0000000000000053|0000000000089650|079.25
10032026|501455|0000000000017944|0000000002678142|0000000000033523|0000000005001547|053.53
10032026|501477|0000000000000004|0000000000000928|0000000000000004|0000000000000927|100.00
10032026|501622|0000000000000003|0000000000000151|0000000000000003|0000000000000154|100.00
10032026|501700|0000000000003807|0000000000028553|0000000000005018|0000000000037685|075.87
10032026|501831|0000000000010470|0000000000454713|0000000000017948|0000000000797991|058.34
10032026|501833|0000000000006371|0000000000121113|0000000000007610|0000000000148273|083.72
10032026|501848|0000000000127321|0000000006050294|0000000000139831|0000000006539336|091.05
10032026|501945|0000000000005824|0000000000043628|0000000000005824|0000000000043628|100.00
10032026|502015|0000000000012394|0000000000311586|0000000000014360|0000000000364685|086.31
10032026|502090|0000000000001177|0000000000217863|0000000000001756|0000000000322434|067.03
10032026|502137|0000000000000976|0000000000674368|0000000000001076|0000000000736025|090.71
10032026|502157|0000000000001371|0000000001154245|0000000000001599|0000000001345761|085.74
10032026|502168|0000000000001412|0000000000258114|0000000000001812|0000000000332238|077.92
10032026|502175|0000000000004660|0000000000288501|0000000000006024|0000000000374808|077.36
10032026|502180|0000000000016915|0000000001101167|0000000000018416|0000000001152327|091.85
10032026|502219|0000000000009514|0000000004051062|0000000000019217|0000000008111328|049.51
10032026|502250|0000000000000016|0000000000009478|0000000000000016|0000000000009478|100.00
10032026|502281|0000000000019034|0000000000114395|0000000000019304|0000000000117857|098.60
10032026|502294|0000000000000343|0000000000011889|0000000000000434|0000000000013939|079.03
10032026|502330|0000000000002175|0000000000139983|0000000000003464|0000000000221677|062.79
10032026|502355|0000000000000900|0000000002017395|0000000000002398|0000000005406872|037.53
10032026|502420|0000000000016210|0000000000276057|0000000000022576|0000000000381431|071.80
10032026|502445|0000000000000743|0000000000030300|0000000000000894|0000000000037108|083.11
10032026|502448|0000000000006686|0000000000008207|0000000000006686|0000000000008207|100.00
10032026|502450|0000000000000261|0000000000067756|0000000000000304|0000000000080583|085.86
10032026|502587|0000000000004895|0000000000252876|0000000000005007|0000000000251617|097.76
10032026|502589|0000000000000091|0000000000010543|0000000000000092|0000000000009681|098.91
10032026|502820|0000000000003894|0000000000238625|0000000000004201|0000000000268892|092.69
10032026|502865|0000000000000475|0000000000164137|0000000000000577|0000000000199049|082.32
10032026|502893|0000000000000479|0000000000031806|0000000000000769|0000000000049073|062.29
10032026|502901|0000000000001783|0000000000140661|0000000000001805|0000000000139554|098.78
10032026|502933|0000000000000398|0000000000038507|0000000000000398|0000000000038506|100.00
10032026|502937|0000000000069440|0000000000578256|0000000000069440|0000000000578256|100.00
10032026|502958|0000000000000044|0000000000312400|0000000000000044|0000000000312400|100.00
10032026|502986|0000000000008669|0000000004688196|0000000000017380|0000000009417711|049.88
10032026|503031|0000000000028787|0000000000482471|0000000000037798|0000000000627367|076.16
10032026|503092|0000000000000459|0000000000013692|0000000000000461|0000000000013051|099.57
10032026|503100|0000000000000730|0000000001172015|0000000000001550|0000000002477333|047.10
10032026|503101|0000000000001896|0000000000819641|0000000000003111|0000000001311715|060.94
10032026|503127|0000000000000001|0000000000004575|0000000000000001|0000000000004575|100.00
10032026|503162|0000000000000756|0000000000083992|0000000000001062|0000000000120256|071.19
10032026|503169|0000000000002039|0000000000418709|0000000000002688|0000000000554810|075.86
10032026|503229|0000000000000001|0000000000000130|0000000000000001|0000000000000129|100.00
10032026|503310|0000000000016294|0000000005761559|0000000000033527|0000000011677336|048.60
10032026|503349|0000000000000012|0000000000074804|0000000000000013|0000000000081298|092.31
10032026|503624|0000000000071153|0000000000665993|0000000000165392|0000000001519155|043.02
10032026|503635|0000000000000120|0000000000043434|0000000000000120|0000000000043434|100.00
10032026|503639|0000000000000005|0000000000000067|0000000000000005|0000000000000067|100.00
10032026|503641|0000000000091458|0000000000142675|0000000000139653|0000000000213971|065.49
10032026|503657|0000000000014513|0000000000160805|0000000000024269|0000000000263179|059.80
10032026|503663|0000000001579283|0000000001468734|0000000002165538|0000000001952020|072.93
10032026|503675|0000000000042354|0000000000044049|0000000000043754|0000000000046049|096.80
10032026|503681|0000000000000060|0000000005891820|0000000000000098|0000000009763162|061.22
10032026|503685|0000000000001506|0000000000024957|0000000000001506|0000000000024957|100.00
10032026|503722|0000000000000111|0000000000012416|0000000000000113|0000000000012593|098.23
10032026|503776|0000000000000112|0000000000003402|0000000000000114|0000000000003458|098.25
10032026|503804|0000000000000963|0000000000215857|0000000000000998|0000000000226508|096.49
10032026|503806|0000000000004087|0000000010616800|0000000000008174|0000000021143209|050.00
10032026|503811|0000000000001580|0000000000791501|0000000000002869|0000000001425211|055.07
10032026|503816|0000000000006591|0000000000236947|0000000000007902|0000000000278880|083.41
10032026|503837|0000000000000501|0000000000007009|0000000000000502|0000000000006505|099.80
10032026|503863|0000000000000002|0000000000000039|0000000000000002|0000000000000039|100.00
10032026|503960|0000000000000853|0000000002038670|0000000000002322|0000000005486743|036.74
10032026|504000|0000000000020683|0000000001740682|0000000000033858|0000000002845240|061.09
10032026|504028|0000000000005387|0000000000356674|0000000000006344|0000000000417891|084.91
10032026|504036|0000000000000971|0000000001398629|0000000000001282|0000000001835066|075.74
10032026|504058|0000000000000315|0000000000098044|0000000000000335|0000000000103839|094.03
10032026|504067|0000000000013715|0000000007700287|0000000000025247|0000000014104326|054.32
10032026|504076|0000000000029792|0000000001796756|0000000000052744|0000000003176506|056.48
10032026|504080|0000000000000032|0000000000031008|0000000000000032|0000000000030971|100.00
10032026|504084|0000000000000649|0000000000506058|0000000000001073|0000000000838129|060.48
10032026|504092|0000000000003447|0000000001697120|0000000000003447|0000000001697120|100.00
10032026|504093|0000000000013199|0000000003799333|0000000000013551|0000000003926828|097.40
10032026|504112|0000000000003217|0000000001931487|0000000000004401|0000000002618450|073.10
10032026|504132|0000000000003238|0000000002264981|0000000000003487|0000000002445397|092.86
10032026|504176|0000000000004081|0000000002262303|0000000000008233|0000000004603396|049.57
10032026|504180|0000000000001359|0000000000055938|0000000000001359|0000000000055938|100.00
10032026|504212|0000000000002262|0000000001461026|0000000000002828|0000000001843039|079.99
10032026|504220|0000000000000786|0000000000053692|0000000000001157|0000000000080216|067.93
10032026|504240|0000000000002934|0000000001245190|0000000000004039|0000000001738098|072.64
10032026|504258|0000000000001160|0000000000892736|0000000000001528|0000000001202345|075.92
10032026|504273|0000000000002699|0000000000057740|0000000000002699|0000000000057740|100.00
10032026|504340|0000000000004533|0000000000029193|0000000000004707|0000000000030100|096.30
10032026|504341|0000000000006079|0000000000862915|0000000000006832|0000000000947161|088.98
10032026|504351|0000000001039187|0000000001434079|0000000001445138|0000000001996877|071.91
10032026|504356|0000000000000034|0000000000000273|0000000000000034|0000000000000272|100.00
10032026|504369|0000000000000614|0000000000000301|0000000000000614|0000000000000300|100.00
10032026|504375|0000000000000050|0000000000015752|0000000000000050|0000000000015752|100.00
10032026|504378|0000000000074014|0000000000164312|0000000000077064|0000000000173211|096.04
10032026|504380|0000000000000983|0000000000039606|0000000000001405|0000000000053606|069.96
10032026|504392|0000000000008318|0000000000183930|0000000000008318|0000000000183930|100.00
10032026|504397|0000000000000013|0000000000000919|0000000000000013|0000000000000919|100.00
10032026|504605|0000000000010579|0000000031034555|0000000000010624|0000000030387943|099.58
10032026|504614|0000000000024532|0000000013373620|0000000000038157|0000000020902558|064.29
10032026|504646|0000000000001887|0000000000976240|0000000000002274|0000000001172618|082.98
10032026|504648|0000000000000264|0000000000011775|0000000000000264|0000000000011777|100.00
10032026|504731|0000000000017798|0000000001385397|0000000000022844|0000000001778976|077.91
10032026|504741|0000000000020838|0000000006607730|0000000000021114|0000000006688346|098.69
10032026|504746|0000000000000439|0000000000564071|0000000000000439|0000000000564071|100.00
10032026|504786|0000000000003368|0000000001800702|0000000000004855|0000000002629510|069.37
10032026|504810|0000000000000043|0000000000003502|0000000000000043|0000000000003497|100.00
10032026|504840|0000000000000127|0000000000162205|0000000000000202|0000000000258099|062.87
10032026|504879|0000000000003166|0000000000117681|0000000000003882|0000000000143539|081.56
10032026|504882|0000000000000081|0000000000105543|0000000000000086|0000000000111332|094.19
10032026|504903|0000000000146243|0000000002717195|0000000000164168|0000000003064667|089.08
10032026|504908|0000000000000059|0000000000022845|0000000000000125|0000000000048564|047.20
10032026|504918|0000000000030826|0000000006131292|0000000000082473|0000000016257790|037.38
10032026|504959|0000000000004625|0000000008238050|0000000000004651|0000000008345260|099.44
10032026|504973|0000000000001531|0000000002405201|0000000000004290|0000000006625821|035.69
10032026|504988|0000000000000116|0000000000081195|0000000000000117|0000000000078060|099.15
10032026|505010|0000000000000427|0000000000823406|0000000000000510|0000000000981391|083.73
10032026|505029|0000000000000420|0000000000035133|0000000000000432|0000000000036597|097.22
10032026|505036|0000000000000995|0000000001656775|0000000000001469|0000000002446770|067.73
10032026|505075|0000000000009451|0000000000169457|0000000000009673|0000000000172402|097.70
10032026|505160|0000000000002793|0000000000688475|0000000000004982|0000000001210317|056.06
10032026|505163|0000000000001645|0000000001156929|0000000000002780|0000000001972685|059.17
10032026|505192|0000000000007455|0000000030829035|0000000000016366|0000000066450375|045.55
10032026|505196|0000000000003701|0000000000731873|0000000000004087|0000000000808767|090.56
10032026|505200|0000000000022760|0000000171471564|0000000000039901|0000000297911690|057.04
10032026|505212|0000000000000036|0000000000004230|0000000000000036|0000000000004242|100.00
10032026|505216|0000000000000063|0000000000164755|0000000000000084|0000000000221118|075.00
10032026|505232|0000000000000199|0000000000183419|0000000000000206|0000000000189402|096.60
10032026|505242|0000000000000369|0000000003894906|0000000000000728|0000000007650258|050.69
10032026|505250|0000000000000510|0000000000034145|0000000000000510|0000000000033169|100.00
10032026|505255|0000000000003067|0000000002675038|0000000000004865|0000000004187007|063.04
10032026|505283|0000000000026216|0000000029321286|0000000000027469|0000000030757634|095.44
10032026|505299|0000000000001681|0000000000906059|0000000000001951|0000000001020790|086.16
10032026|505324|0000000000005887|0000000000080123|0000000000006423|0000000000087465|091.65
10032026|505336|0000000002055439|0000000000801622|0000000003973463|0000000001503175|051.73
10032026|505343|0000000000874912|0000000000376213|0000000001261879|0000000000547343|069.33
10032026|505355|0000000000001365|0000000001476657|0000000000002225|0000000002405722|061.35
10032026|505358|0000000000029183|0000000004361400|0000000000030855|0000000004639600|094.58
10032026|505368|0000000000000060|0000000000013287|0000000000000062|0000000000013400|096.77
10032026|505400|0000000000002751|0000000000253092|0000000000003273|0000000000294838|084.05
10032026|505412|0000000000002292|0000000014885509|0000000000002412|0000000015618076|095.02
10032026|505502|0000000000012715|0000000000016911|0000000000012715|0000000000016917|100.00
10032026|505504|0000000000044468|0000000013390240|0000000000044468|0000000013390240|100.00
10032026|505509|0000000000001795|0000000000298329|0000000000002574|0000000000428501|069.74
10032026|505515|0000000000000365|0000000000004424|0000000000000445|0000000000005527|082.02
10032026|505523|0000000000496055|0000000000163699|0000000000722275|0000000000234951|068.68
10032026|505526|0000000000002817|0000000000212036|0000000000003225|0000000000242857|087.35
10032026|505533|0000000000002574|0000000001224066|0000000000004919|0000000002349716|052.33
10032026|505537|0000000000097159|0000000007816442|0000000000209872|0000000016851707|046.29
10032026|505590|0000000000000726|0000000000001955|0000000000000726|0000000000001955|100.00
10032026|505650|0000000000000563|0000000000010303|0000000000000793|0000000000013607|071.00
10032026|505681|0000000000000260|0000000000145912|0000000000000359|0000000000204767|072.42
10032026|505688|0000000000000767|0000000000078273|0000000000000997|0000000000099866|076.93
10032026|505690|0000000000000442|0000000000320583|0000000000000475|0000000000355683|093.05
10032026|505693|0000000000040565|0000000000398754|0000000000055193|0000000000535976|073.50
10032026|505700|0000000000026355|0000000010597346|0000000000038264|0000000015513819|068.88
10032026|505710|0000000000692423|0000000043331832|0000000000740841|0000000046683500|093.46
10032026|505712|0000000000008912|0000000001752545|0000000000010250|0000000001989719|086.95
10032026|505714|0000000000011812|0000000010624894|0000000000022822|0000000020314000|051.76
10032026|505720|0000000000012533|0000000001482028|0000000000016312|0000000001910571|076.83
10032026|505725|0000000000098746|0000000005866500|0000000000373186|0000000022593908|026.46
10032026|505726|0000000000001052|0000000001097920|0000000000001561|0000000001616053|067.39
10032026|505729|0000000000080606|0000000006112353|0000000000091978|0000000006863090|087.64
10032026|505737|0000000000005453|0000000002237094|0000000000006085|0000000002498541|089.61
10032026|505744|0000000000002311|0000000000925672|0000000000003345|0000000001294064|069.09
10032026|505750|0000000000004766|0000000001109764|0000000000006444|0000000001491141|073.96
10032026|505790|0000000000002281|0000000009499111|0000000000003987|0000000016667430|057.21
10032026|505800|0000000000000041|0000000000050248|0000000000000049|0000000000059867|083.67
10032026|505827|0000000000000782|0000000000279683|0000000000000951|0000000000342356|082.23
10032026|505840|0000000000001043|0000000000026075|0000000000001902|0000000000046531|054.84
10032026|505850|0000000000005960|0000000001017074|0000000000014898|0000000002494123|040.01
10032026|505854|0000000000005894|0000000001382143|0000000000006409|0000000001495731|091.96
10032026|505872|0000000000035777|0000000013650715|0000000000066652|0000000025544277|053.68
10032026|505890|0000000000009634|0000000021899528|0000000000010523|0000000024037982|091.55
10032026|505893|0000000000000766|0000000000592578|0000000000001099|0000000000862148|069.70
10032026|505978|0000000000000402|0000000001304732|0000000000000552|0000000001819198|072.83
10032026|506003|0000000000001145|0000000000054480|0000000000001146|0000000000054320|099.91
10032026|506022|0000000000036460|0000000004490049|0000000000053699|0000000006539890|067.90
10032026|506076|0000000000000152|0000000000232583|0000000000000316|0000000000482461|048.10
10032026|506105|0000000000000084|0000000000005450|0000000000000084|0000000000005447|100.00
10032026|506109|0000000000021374|0000000005860751|0000000000033935|0000000009262741|062.99
10032026|506122|0000000000001734|0000000000079390|0000000000001734|0000000000079390|100.00
10032026|506128|0000000000001200|0000000000156000|0000000000001305|0000000000168692|091.95
10032026|506134|0000000000085760|0000000000778701|0000000000100609|0000000000935327|085.24
10032026|506146|0000000000116607|0000000000060636|0000000000131386|0000000000068440|088.75
10032026|506166|0000000000007091|0000000000416232|0000000000007091|0000000000416232|100.00
10032026|506180|0000000000000020|0000000000007303|0000000000000020|0000000000007303|100.00
10032026|506184|0000000000017513|0000000000023643|0000000000018416|0000000000025399|095.10
10032026|506186|0000000000252205|0000000004211824|0000000000253242|0000000004229286|099.59
10032026|506194|0000000000001027|0000000000242270|0000000000001192|0000000000281423|086.16
10032026|506197|0000000000029506|0000000006572462|0000000000085336|0000000018389681|034.58
10032026|506222|0000000000235071|0000000455026935|0000000000237363|0000000447278840|099.03
10032026|506235|0000000000009937|0000000000842857|0000000000016465|0000000001403060|060.35
10032026|506248|0000000000000702|0000000000105300|0000000000000805|0000000000122760|087.20
10032026|506260|0000000000000919|0000000000070552|0000000000001024|0000000000078850|089.75
10032026|506261|0000000000002621|0000000000339682|0000000000002975|0000000000381665|088.10
10032026|506285|0000000000001400|0000000006446020|0000000000001907|0000000008662325|073.41
10032026|506365|0000000000000068|0000000000005610|0000000000000072|0000000000005950|094.44
10032026|506373|0000000000003769|0000000000520876|0000000000008407|0000000001190544|044.83
10032026|506390|0000000000000396|0000000000132878|0000000000000408|0000000000136862|097.06
10032026|506395|0000000001012935|0000002100573957|0000000001141993|0000002284371308|088.70
10032026|506401|0000000000007463|0000000011120244|0000000000020668|0000000030814306|036.11
10032026|506405|0000000000002352|0000000000548604|0000000000003104|0000000000722838|075.77
10032026|506414|0000000000015017|0000000005095269|0000000000018203|0000000006133811|082.50
10032026|506480|0000000000000982|0000000000243242|0000000000001169|0000000000287663|084.00
10032026|506520|0000000000014105|0000000000083643|0000000000014876|0000000000088541|094.82
10032026|506525|0000000000001938|0000000000123548|0000000000002036|0000000000129282|095.19
10032026|506528|0000000000000173|0000000000541075|0000000000000241|0000000000757054|071.78
10032026|506530|0000000000000002|0000000000001900|0000000000000002|0000000000001895|100.00
10032026|506532|0000000000002045|0000000001606450|0000000000002264|0000000001791269|090.33
10032026|506543|0000000000001971|0000000000017294|0000000000001971|0000000000017294|100.00
10032026|506579|0000000000006565|0000000000698516|0000000000010994|0000000001166412|059.71
10032026|506590|0000000000030762|0000000008482622|0000000000060109|0000000016422317|051.18
10032026|506597|0000000000003312|0000000001662293|0000000000004596|0000000002314205|072.06
10032026|506605|0000000000000005|0000000000009715|0000000000000007|0000000000013623|071.43
10032026|506618|0000000000000067|0000000000072364|0000000000000077|0000000000081516|087.01
10032026|506640|0000000000001864|0000000000234398|0000000000002040|0000000000266168|091.37
10032026|506642|0000000000575322|0000000000851477|0000000000994141|0000000001477353|057.87
10032026|506655|0000000000001522|0000000001291037|0000000000002493|0000000002054686|061.05
10032026|506680|0000000000000419|0000000000005443|0000000000000420|0000000000005111|099.76
10032026|506685|0000000000018822|0000000007920298|0000000000024097|0000000010231657|078.11
10032026|506687|0000000000007424|0000000006739136|0000000000007677|0000000006983202|096.70
10032026|506690|0000000000000700|0000000000226100|0000000000000832|0000000000267612|084.13
10032026|506734|0000000000000287|0000000000026798|0000000000000287|0000000000026749|100.00
10032026|506767|0000000000003300|0000000004392795|0000000000005004|0000000006615091|065.95
10032026|506808|0000000000003766|0000000000184309|0000000000006434|0000000000313590|058.53
10032026|506820|0000000000000260|0000000002288429|0000000000000318|0000000002786457|081.76
10032026|506852|0000000000045544|0000000000792466|0000000000047702|0000000000815355|095.48
10032026|506854|0000000000005852|0000000011546582|0000000000007688|0000000015280422|076.12
10032026|506858|0000000000002696|0000000000164025|0000000000002711|0000000000169173|099.45
10032026|506863|0000000000018968|0000000002059577|0000000000018968|0000000002059577|100.00
10032026|506879|0000000000005209|0000000001559054|0000000000006895|0000000002015386|075.55
10032026|506906|0000000000001537|0000000000075758|0000000000001537|0000000000075758|100.00
10032026|506919|0000000000001424|0000000000210112|0000000000001673|0000000000243733|085.12
10032026|506935|0000000000000257|0000000000016423|0000000000000257|0000000000016484|100.00
10032026|506943|0000000000003667|0000000007771290|0000000000005386|0000000011399059|068.08
10032026|506947|0000000000000001|0000000000000134|0000000000000001|0000000000000133|100.00
10032026|506979|0000000000001592|0000000000198921|0000000000001592|0000000000199009|100.00
10032026|506981|0000000000000251|0000000000031865|0000000000000444|0000000000055842|056.53
10032026|507155|0000000000011426|0000000001613923|0000000000012847|0000000001842599|088.94
10032026|507180|0000000000028636|0000000000136881|0000000000034543|0000000000163285|082.90
10032026|507205|0000000000013122|0000000005988225|0000000000024376|0000000011015115|053.83
10032026|507265|0000000000001708|0000000000292068|0000000000001754|0000000000300664|097.38
10032026|507300|0000000000000029|0000000000027144|0000000000000029|0000000000026664|100.00
10032026|507315|0000000000507723|0000000007712313|0000000000524568|0000000007757967|096.79
10032026|507410|0000000000008809|0000000001452605|0000000000017592|0000000002877238|050.07
10032026|507438|0000000000000431|0000000000325707|0000000000000552|0000000000412961|078.08
10032026|507474|0000000000023524|0000000000862390|0000000000023983|0000000000885983|098.09
10032026|507488|0000000000001108|0000000001101629|0000000000003100|0000000003061051|035.74
10032026|507490|0000000000018652|0000000000221213|0000000000023717|0000000000282624|078.64
10032026|507498|0000000000004203|0000000000141137|0000000000004723|0000000000159389|088.99
10032026|507514|0000000000025864|0000000001976527|0000000000055515|0000000004230860|046.59
10032026|507526|0000000000003756|0000000002820381|0000000000004804|0000000003599329|078.18
10032026|507552|0000000001722631|0000000102048661|0000000001786945|0000000095397049|096.40
10032026|507580|0000000000003060|0000000000394893|0000000000004165|0000000000518370|073.47
10032026|507598|0000000000002562|0000000000266961|0000000000003023|0000000000317183|084.75
10032026|507609|0000000000000009|0000000000000299|0000000000000009|0000000000000298|100.00
10032026|507621|0000000000003014|0000000000148741|0000000000005099|0000000000249046|059.11
10032026|507645|0000000000000010|0000000000116889|0000000000000015|0000000000172658|066.67
10032026|507685|0000000000134624|0000000027039231|0000000000293372|0000000058450256|045.89
10032026|507690|0000000000000786|0000000000172457|0000000000000786|0000000000172457|100.00
10032026|507717|0000000000000672|0000000000667128|0000000000001190|0000000001175078|056.47
10032026|507747|0000000000000649|0000000000558887|0000000000000676|0000000000581992|096.01
10032026|507753|0000000000049144|0000000004128096|0000000000074466|0000000006216677|066.00
10032026|507759|0000000000018246|0000000000263655|0000000000018276|0000000000228884|099.84
10032026|507779|0000000000000100|0000000000018200|0000000000000110|0000000000019846|090.91
10032026|507785|0000000000000078|0000000000015242|0000000000000078|0000000000015241|100.00
10032026|507789|0000000000031060|0000000005494514|0000000000073348|0000000013347926|042.35
10032026|507794|0000000000019007|0000000001012503|0000000000024932|0000000001321834|076.24
10032026|507813|0000000000001152|0000000000080583|0000000000001175|0000000000076320|098.04
10032026|507815|0000000000000948|0000000007707762|0000000000001342|0000000010902624|070.64
10032026|507817|0000000000000028|0000000000004214|0000000000000031|0000000000004718|090.32
10032026|507828|0000000000047803|0000000000331753|0000000000068174|0000000000473277|070.12
10032026|507833|0000000000005771|0000000000022738|0000000000006796|0000000000027048|084.92
10032026|507836|0000000000000121|0000000000073702|0000000000000157|0000000000093553|077.07
10032026|507852|0000000000001001|0000000000100551|0000000000001008|0000000000096833|099.31
10032026|507864|0000000000002484|0000000000227172|0000000000002484|0000000000227172|100.00
10032026|507872|0000000000001818|0000000000074757|0000000000001854|0000000000074551|098.06
10032026|507878|0000000000845796|0000000003932952|0000000001288946|0000000006057968|065.62
10032026|507880|0000000000002239|0000000000815108|0000000000003829|0000000001376850|058.47
10032026|507910|0000000000000615|0000000000022623|0000000000000615|0000000000022623|100.00
10032026|507912|0000000000029283|0000000005424676|0000000000043899|0000000008206302|066.71
10032026|507917|0000000000000001|0000000000000042|0000000000000001|0000000000000041|100.00
10032026|507944|0000000000050135|0000000019898582|0000000000058258|0000000023359338|086.06
10032026|507946|0000000000000732|0000000000011354|0000000000001382|0000000000021689|052.97
10032026|507948|0000000000000378|0000000000026408|0000000000000443|0000000000029302|085.33
10032026|507960|0000000000000025|0000000000004760|0000000000000025|0000000000004760|100.00
10032026|507962|0000000000005715|0000000000033947|0000000000005715|0000000000033947|100.00
10032026|507966|0000000000000343|0000000000013292|0000000000000648|0000000000025018|052.93
10032026|507968|0000000000001600|0000000000047703|0000000000001600|0000000000047703|100.00
10032026|507970|0000000000000179|0000000000006532|0000000000000272|0000000000009688|065.81
10032026|507981|0000000000000201|0000000000013019|0000000000000319|0000000000020305|063.01
10032026|507998|0000000000003367|0000000000472727|0000000000003842|0000000000534699|087.64
10032026|508136|0000000000000050|0000000000017750|0000000000000056|0000000000019901|089.29
10032026|508486|0000000000000579|0000000004332542|0000000000000813|0000000005992691|071.22
10032026|508494|0000000000000738|0000000000027860|0000000000001065|0000000000041038|069.30
10032026|508571|0000000000000572|0000000000075190|0000000000000593|0000000000081003|096.46
10032026|508664|0000000000003987|0000000000044894|0000000000004054|0000000000045703|098.35
10032026|508807|0000000000000228|0000000000151769|0000000000000301|0000000000199969|075.75
10032026|508814|0000000000003141|0000000002088765|0000000000005227|0000000003474034|060.09
10032026|508869|0000000000025792|0000000201163415|0000000000031154|0000000243227468|082.79
10032026|508875|0000000000000632|0000000000337646|0000000000000817|0000000000442455|077.36
10032026|508905|0000000000000360|0000000000028365|0000000000000371|0000000000029069|097.04
10032026|508906|0000000000001180|0000000000447220|0000000000001249|0000000000470801|094.48
10032026|508918|0000000000004193|0000000000183612|0000000000004737|0000000000208594|088.52
10032026|508922|0000000000020601|0000000000146267|0000000000020601|0000000000146267|100.00
10032026|508933|0000000000000224|0000000000043322|0000000000000350|0000000000067890|064.00
10032026|508941|0000000000001810|0000000000819116|0000000000002135|0000000000963660|084.78
10032026|508954|0000000000016846|0000000001037714|0000000000019280|0000000001177524|087.38
10032026|508956|0000000000000396|0000000000005188|0000000000000550|0000000000007139|072.00
10032026|508961|0000000000000177|0000000000036666|0000000000000177|0000000000036666|100.00
10032026|508963|0000000000000001|0000000000000016|0000000000000001|0000000000000015|100.00
10032026|508969|0000000000011485|0000000000026186|0000000000013794|0000000000031760|083.26
10032026|508980|0000000000004282|0000000000036512|0000000000004282|0000000000036512|100.00
10032026|508989|0000000000000631|0000000000087489|0000000000001193|0000000000165162|052.89
10032026|509009|0000000000000979|0000000000096261|0000000000000979|0000000000096261|100.00
10032026|509015|0000000000000230|0000000000003216|0000000000000230|0000000000003216|100.00
10032026|509020|0000000000001898|0000000000010743|0000000000002209|0000000000012387|085.92
10032026|509024|0000000000003934|0000000000039852|0000000000004843|0000000000048992|081.23
10032026|509026|0000000000000012|0000000000001101|0000000000000012|0000000000001102|100.00
10032026|509038|0000000000000195|0000000000002323|0000000000000312|0000000000003665|062.50
10032026|509040|0000000000000063|0000000000011593|0000000000000063|0000000000011593|100.00
10032026|509046|0000000000026120|0000000000652440|0000000000026120|0000000000652440|100.00
10032026|509048|0000000000002481|0000000000053570|0000000000002481|0000000000053570|100.00
10032026|509051|0000000001296053|0000000000803553|0000000001785775|0000000001103284|072.58
10032026|509053|0000000000025583|0000000000157848|0000000000027075|0000000000166885|094.49
10032026|509055|0000000000018628|0000000001096817|0000000000023342|0000000001361131|079.80
10032026|509069|0000000000025933|0000000000135889|0000000000026017|0000000000132776|099.68
10032026|509073|0000000000003363|0000000000040087|0000000000004789|0000000000057041|070.22
10032026|509079|0000000000001786|0000000000518655|0000000000002073|0000000000594572|086.16
10032026|509152|0000000000000001|0000000000001745|0000000000000001|0000000000001745|100.00
10032026|509162|0000000000004731|0000000000425317|0000000000008066|0000000000724724|058.65
10032026|509196|0000000000000211|0000000000013829|0000000000000216|0000000000014126|097.69
10032026|509220|0000000000003180|0000000000119378|0000000000004455|0000000000166353|071.38
10032026|509243|0000000000000271|0000000000989394|0000000000000418|0000000001509215|064.83
10032026|509423|0000000000000389|0000000000015366|0000000000000392|0000000000014448|099.23
10032026|509438|0000000000000185|0000000001757741|0000000000000225|0000000002140240|082.22
10032026|509449|0000000000000007|0000000000000279|0000000000000007|0000000000000278|100.00
10032026|509470|0000000000000012|0000000000245952|0000000000000013|0000000000268358|092.31
10032026|509472|0000000000000038|0000000000013861|0000000000000038|0000000000013320|100.00
10032026|509480|0000000000025815|0000000011275992|0000000000054561|0000000023930107|047.31
10032026|509486|0000000000009892|0000000000643673|0000000000010697|0000000000704049|092.47
10032026|509488|0000000000021704|0000000013801574|0000000000061258|0000000038682821|035.43
10032026|509496|0000000000002908|0000000001623828|0000000000006716|0000000003729951|043.30
10032026|509525|0000000000000729|0000000000630440|0000000000000729|0000000000628132|100.00
10032026|509546|0000000000000521|0000000000015573|0000000000000532|0000000000015800|097.93
10032026|509557|0000000000000482|0000000000300021|0000000000000827|0000000000513091|058.28
10032026|509563|0000000000096787|0000000002821342|0000000000258923|0000000008391544|037.38
10032026|509567|0000000000000650|0000000000215768|0000000000000785|0000000000256645|082.80
10032026|509597|0000000000000072|0000000000048914|0000000000000120|0000000000085503|060.00
10032026|509631|0000000000015628|0000000008147658|0000000000044621|0000000023140266|035.02
10032026|509635|0000000000000111|0000000000045094|0000000000000111|0000000000045169|100.00
10032026|509675|0000000000000698|0000000000956854|0000000000000913|0000000001258246|076.45
10032026|509692|0000000000001878|0000000000366210|0000000000001897|0000000000369520|099.00
10032026|509709|0000000000001804|0000000000134669|0000000000002101|0000000000155993|085.86
10032026|509715|0000000000003735|0000000000301116|0000000000005102|0000000000405479|073.21
10032026|509732|0000000000001395|0000000000240568|0000000000002194|0000000000376536|063.58
10032026|509760|0000000000000078|0000000000002071|0000000000000078|0000000000002069|100.00
10032026|509762|0000000000001148|0000000000058418|0000000000001148|0000000000058418|100.00
10032026|509820|0000000000012342|0000000002146891|0000000000014281|0000000002472491|086.42
10032026|509835|0000000000001685|0000000000023894|0000000000001697|0000000000023532|099.29
10032026|509874|0000000000003768|0000000000194429|0000000000004851|0000000000250365|077.67
10032026|509887|0000000000000001|0000000000000877|0000000000000001|0000000000000877|100.00
10032026|509895|0000000000000306|0000000000050490|0000000000000338|0000000000055752|090.53
10032026|509930|0000000000004987|0000000019638557|0000000000008852|0000000034651203|056.34
10032026|509945|0000000000000074|0000000000063844|0000000000000075|0000000000066023|098.67
10032026|509953|0000000000000026|0000000000016932|0000000000000026|0000000000016932|100.00
10032026|509960|0000000000000002|0000000000002860|0000000000000002|0000000000002855|100.00
10032026|509966|0000000000009501|0000000002125374|0000000000013221|0000000002942666|071.86
10032026|510245|0000000000022544|0000000000078228|0000000000024585|0000000000085652|091.70
10032026|511000|0000000000010593|0000000000209742|0000000000010593|0000000000206846|100.00
10032026|511012|0000000000345285|0000000000234020|0000000000345285|0000000000234020|100.00
10032026|511018|0000000000060609|0000000003448047|0000000000078739|0000000004547343|076.97
10032026|511034|0000000000099367|0000000053966218|0000000000275844|0000000151396069|036.02
10032026|511066|0000000000024124|0000000000522526|0000000000032082|0000000000699209|075.19
10032026|511076|0000000000008639|0000000000626674|0000000000011215|0000000000808722|077.03
10032026|511092|0000000000000602|0000000000003474|0000000000000602|0000000000003490|100.00
10032026|511108|0000000000060006|0000000008880888|0000000000060010|0000000008851508|099.99
10032026|511110|0000000000002290|0000000000039320|0000000000002619|0000000000044094|087.44
10032026|511122|0000000000000014|0000000000001106|0000000000000014|0000000000001118|100.00
10032026|511131|0000000000001020|0000000000016341|0000000000002318|0000000000037156|044.00
10032026|511147|0000000000004116|0000000000253340|0000000000004373|0000000000262786|094.12
10032026|511153|0000000000003307|0000000000057774|0000000000003719|0000000000064409|088.92
10032026|511169|0000000000002600|0000000000010660|0000000000002600|0000000000010791|100.00
10032026|511176|0000000000000003|0000000000000266|0000000000000004|0000000000000359|075.00
10032026|511187|0000000000000783|0000000000001175|0000000000000783|0000000000001165|100.00
10032026|511194|0000000000000053|0000000000001962|0000000000000053|0000000000001961|100.00
10032026|511196|0000000000005104|0000000004363155|0000000000007988|0000000006700868|063.90
10032026|511208|0000000000029246|0000000000205307|0000000000035343|0000000000249405|082.75
10032026|511218|0000000000199968|0000000212605978|0000000000637357|0000000666106634|031.37
10032026|511243|0000000000018840|0000000030552828|0000000000034101|0000000055127269|055.25
10032026|511246|0000000000013444|0000000000066145|0000000000015478|0000000000075277|086.86
10032026|511260|0000000000008430|0000000000399751|0000000000010142|0000000000485862|083.12
10032026|511333|0000000000000355|0000000000083709|0000000000000584|0000000000138355|060.79
10032026|511355|0000000000001868|0000000000022416|0000000000001943|0000000000023285|096.14
10032026|511359|0000000000006828|0000000000341400|0000000000006849|0000000000345987|099.69
10032026|511411|0000000000000107|0000000000003157|0000000000000107|0000000000003193|100.00
10032026|511413|0000000000000205|0000000000071474|0000000000000255|0000000000088266|080.39
10032026|511431|0000000000267610|0000000001616365|0000000000342712|0000000002025286|078.09
10032026|524598|0000000000001089|0000000000194496|0000000000001247|0000000000229764|087.33
10032026|524602|0000000000000103|0000000000003064|0000000000000126|0000000000003789|081.75
10032026|524606|0000000000025829|0000000000525621|0000000000040205|0000000000858582|064.24
10032026|524614|0000000000025903|0000000000166557|0000000000031298|0000000000203741|082.76
10032026|524622|0000000000025437|0000000001185695|0000000000025437|0000000001185695|100.00
10032026|524624|0000000000000556|0000000000011732|0000000000000731|0000000000014650|076.06
10032026|524628|0000000000000206|0000000000003399|0000000000000240|0000000000003727|085.83
10032026|524632|0000000000243274|0000000010328469|0000000000243274|0000000010328469|100.00
10032026|524634|0000000000004073|0000000001741819|0000000000005040|0000000002179231|080.81
10032026|524636|0000000000001448|0000000000075369|0000000000001936|0000000000097622|074.79
10032026|524640|0000000000002913|0000000000111248|0000000000003242|0000000000123871|089.85
10032026|524642|0000000000003957|0000000000005204|0000000000003957|0000000000005204|100.00
10032026|524648|0000000000002864|0000000000293704|0000000000004957|0000000000509126|057.78
10032026|524654|0000000000014103|0000000002115450|0000000000014103|0000000002116150|100.00
10032026|524661|0000000007743302|0000000002168125|0000000012513341|0000000003543071|061.88
10032026|524663|0000000000005598|0000000000097014|0000000000010102|0000000000174034|055.41
10032026|524667|0000000000000795|0000000000279483|0000000000000877|0000000000304125|090.65
10032026|524669|0000000000000767|0000000001114030|0000000000000893|0000000001285875|085.89
10032026|524675|0000000000003626|0000000000048589|0000000000004148|0000000000054421|087.42
10032026|524687|0000000000096134|0000000001082469|0000000000194786|0000000002181420|049.35
10032026|524703|0000000000001751|0000000000061285|0000000000002100|0000000000071937|083.38
10032026|524709|0000000000011322|0000000001390908|0000000000018556|0000000002262656|061.02
10032026|524711|0000000000154667|0000000000965123|0000000000154678|0000000000963142|099.99
10032026|524715|0000000000245654|0000000445370702|0000000000267430|0000000483738894|091.86
10032026|524717|0000000000202179|0000000068478028|0000000000323833|0000000104454448|062.43
10032026|524731|0000000000000221|0000000000225166|0000000000000350|0000000000353011|063.14
10032026|524735|0000000000008521|0000000001543154|0000000000015048|0000000002685061|056.63
10032026|524742|0000000000002547|0000000004290677|0000000000003150|0000000005278968|080.86
10032026|524743|0000000000052522|0000000001890792|0000000000064068|0000000002301002|081.98
10032026|524748|0000000000000104|0000000000002912|0000000000000107|0000000000002810|097.20
10032026|524752|0000000000002311|0000000000014306|0000000000003031|0000000000018776|076.25
10032026|524768|0000000000003146|0000000000078965|0000000000003151|0000000000079231|099.84
10032026|524774|0000000000000482|0000000001135279|0000000000000527|0000000001260953|091.46
10032026|524790|0000000000002586|0000000000784205|0000000000003032|0000000000892960|085.29
10032026|524804|0000000000060762|0000000078130818|0000000000094232|0000000120184100|064.48
10032026|524808|0000000000000173|0000000000004478|0000000000000173|0000000000004138|100.00
10032026|524816|0000000000032798|0000000034091882|0000000000086977|0000000090349264|037.71
10032026|524818|0000000000000960|0000000000088685|0000000000001260|0000000000119662|076.19
10032026|524820|0000000000001569|0000000000433280|0000000000001864|0000000000515920|084.17
10032026|524824|0000000000000558|0000000000040098|0000000000000656|0000000000045613|085.06
10032026|524828|0000000000000690|0000000000255059|0000000000000893|0000000000328438|077.27
10032026|526001|0000000000000204|0000000000006579|0000000000000204|0000000000006579|100.00
10032026|526025|0000000000002512|0000000000031501|0000000000003286|0000000000041191|076.45
10032026|526027|0000000000009128|0000000000863053|0000000000014465|0000000001383260|063.10
10032026|526043|0000000000001003|0000000000044885|0000000000001007|0000000000045067|099.60
10032026|526071|0000000000006706|0000000004407490|0000000000006706|0000000004407490|100.00
10032026|526073|0000000000000423|0000000000203675|0000000000000668|0000000000322106|063.32
10032026|526075|0000000000012183|0000000000368847|0000000000012183|0000000000368847|100.00
10032026|526081|0000000000001738|0000000000050532|0000000000001738|0000000000050532|100.00
10032026|526095|0000000000000002|0000000000000081|0000000000000002|0000000000000080|100.00
10032026|526113|0000000000000185|0000000000003033|0000000000000235|0000000000003709|078.72
10032026|526115|0000000000004092|0000000000046076|0000000000005687|0000000000062689|071.95
10032026|526117|0000000000000100|0000000000039000|0000000000000100|0000000000038980|100.00
10032026|526125|0000000000000294|0000000000074059|0000000000000513|0000000000128520|057.31
10032026|526133|0000000000012614|0000000000073792|0000000000014614|0000000000084676|086.31
10032026|526137|0000000000002851|0000000000285813|0000000000002952|0000000000295987|096.58
10032026|526139|0000000000014901|0000000000040978|0000000000020129|0000000000056632|074.03
10032026|526143|0000000000001981|0000000000014224|0000000000002216|0000000000015675|089.40
10032026|526159|0000000000028638|0000000001841710|0000000000032559|0000000002103361|087.96
10032026|526161|0000000000001102|0000000000099180|0000000000001102|0000000000099117|100.00
10032026|526169|0000000000006447|0000000001119844|0000000000007726|0000000001334640|083.45
10032026|526173|0000000000101634|0000000001959504|0000000000126117|0000000002420603|080.59
10032026|526179|0000000000000166|0000000000035757|0000000000000265|0000000000057945|062.64
10032026|526187|0000000000000377|0000000000001610|0000000000000378|0000000000001693|099.74
10032026|526193|0000000000000880|0000000000017011|0000000000001040|0000000000020136|084.62
10032026|526211|0000000000002848|0000000000138698|0000000000003103|0000000000152067|091.78
10032026|526217|0000000000011203|0000000001480477|0000000000013603|0000000001697502|082.36
10032026|526225|0000000000000500|0000000000006682|0000000000000500|0000000000006682|100.00
10032026|526227|0000000000026364|0000000001088834|0000000000061774|0000000002568270|042.68
10032026|526231|0000000000000100|0000000000005193|0000000000000103|0000000000005046|097.09
10032026|526237|0000000000006926|0000000000348586|0000000000008898|0000000000475676|077.84
10032026|526241|0000000000003929|0000000000054889|0000000000003931|0000000000051748|099.95
10032026|526247|0000000000004570|0000000002237244|0000000000014085|0000000006932376|032.45
10032026|526251|0000000000083721|0000000001422420|0000000000084645|0000000001601623|098.91
10032026|526263|0000000000001617|0000000000210372|0000000000003825|0000000000493775|042.27
10032026|526269|0000000000000787|0000000000071303|0000000000000787|0000000000073764|100.00
10032026|526299|0000000000004003|0000000008837824|0000000000012124|0000000026681394|033.02
10032026|526315|0000000000000542|0000000000027117|0000000000000746|0000000000037513|072.65
10032026|526325|0000000000000302|0000000000019932|0000000000000304|0000000000019985|099.34
10032026|526335|0000000000003841|0000000000027233|0000000000005732|0000000000041138|067.01
10032026|526345|0000000000044958|0000000001168908|0000000000050030|0000000001303513|089.86
10032026|526355|0000000000000535|0000000000027820|0000000000000535|0000000000027548|100.00
10032026|526365|0000000000006815|0000000000218558|0000000000006891|0000000000218390|098.90
10032026|526367|0000000000004057|0000000002581875|0000000000005705|0000000003582458|071.11
10032026|526371|0000000000326385|0000000025993302|0000000000581835|0000000046371281|056.10
10032026|526373|0000000000000329|0000000000017750|0000000000000329|0000000000017446|100.00
10032026|526381|0000000000005642|0000000000057267|0000000000006932|0000000000070818|081.39
10032026|526397|0000000000002008|0000000000402805|0000000000002290|0000000000473061|087.69
10032026|526407|0000000000025864|0000000000260192|0000000000032998|0000000000337855|078.38
10032026|526409|0000000000019748|0000000000141396|0000000000027065|0000000000200840|072.96
10032026|526415|0000000000362480|0000000001634785|0000000000502974|0000000002295048|072.07
10032026|526423|0000000000002082|0000000000168289|0000000000002788|0000000000230025|074.68
10032026|526433|0000000000012317|0000000028408545|0000000000020555|0000000047301860|059.92
10032026|526435|0000000000000288|0000000000024336|0000000000000293|0000000000023451|098.29
10032026|526439|0000000000000264|0000000000002904|0000000000000277|0000000000002840|095.31
10032026|526441|0000000000004445|0000000000004955|0000000000004445|0000000000004955|100.00
10032026|526443|0000000000015383|0000000001662134|0000000000021159|0000000002259389|072.70
10032026|526445|0000000000137704|0000000001041043|0000000000143997|0000000001096011|095.63
10032026|526468|0000000000000048|0000000000000840|0000000000000093|0000000000001627|051.61
10032026|526471|0000000000002932|0000000000057087|0000000000003441|0000000000066939|085.21
10032026|526473|0000000000034703|0000000000161716|0000000000047544|0000000000226936|072.99
10032026|526479|0000000000000628|0000000000054574|0000000000000943|0000000000079105|066.60
10032026|526481|0000000000000148|0000000000004973|0000000000000249|0000000000008298|059.44
10032026|526490|0000000000120598|0000000000900868|0000000000136538|0000000000981639|088.33
10032026|526492|0000000000000798|0000000000069267|0000000000000821|0000000000071000|097.20
10032026|526494|0000000000001007|0000000000010060|0000000000001057|0000000000009577|095.27
10032026|526500|0000000000000378|0000000000008566|0000000000000378|0000000000008649|100.00
10032026|526506|0000000000001190|0000000000083515|0000000000001611|0000000000113100|073.87
10032026|526508|0000000000008036|0000000000112746|0000000000009403|0000000000128639|085.46
10032026|526519|0000000000000025|0000000000002225|0000000000000026|0000000000002340|096.15
10032026|526521|0000000000005120|0000000000283034|0000000000006310|0000000000347647|081.14
10032026|526525|0000000000000064|0000000000001086|0000000000000064|0000000000001077|100.00
10032026|526530|0000000000000711|0000000000059675|0000000000001317|0000000000112348|053.99
10032026|526532|0000000000000212|0000000000001860|0000000000000225|0000000000001980|094.22
10032026|526544|0000000000114041|0000000000247469|0000000000123986|0000000000271078|091.98
10032026|526546|0000000000000096|0000000000009360|0000000000000154|0000000000014302|062.34
10032026|526550|0000000000000377|0000000000004815|0000000000000452|0000000000005789|083.41
10032026|526554|0000000000000002|0000000000000054|0000000000000002|0000000000000052|100.00
10032026|526570|0000000000002758|0000000010954834|0000000000002758|0000000010954834|100.00
10032026|526574|0000000000000101|0000000000002121|0000000000000102|0000000000002187|099.02
10032026|526582|0000000000000971|0000000000062203|0000000000001422|0000000000090103|068.28
10032026|526586|0000000000004244|0000000001504711|0000000000005149|0000000001836257|082.42
10032026|526588|0000000000000645|0000000000009785|0000000000000645|0000000000009784|100.00
10032026|526596|0000000000001031|0000000000235017|0000000000004708|0000000001058426|021.90
10032026|526604|0000000000004274|0000000000220452|0000000000004274|0000000000220452|100.00
10032026|526608|0000000000009610|0000000006012497|0000000000009981|0000000006214785|096.28
10032026|526612|0000000000000814|0000000004361819|0000000000001194|0000000006375805|068.17
10032026|526614|0000000000012439|0000000000767362|0000000000015555|0000000000939230|079.97
10032026|526616|0000000000002492|0000000000116776|0000000000002607|0000000000121759|095.59
10032026|526622|0000000000189917|0000000000074068|0000000000267234|0000000000105832|071.07
10032026|526628|0000000000000600|0000000000028145|0000000000000600|0000000000028145|100.00
10032026|526638|0000000000033652|0000000002536688|0000000000053868|0000000004060423|062.47
10032026|526640|0000000000001660|0000000000051294|0000000000001662|0000000000052694|099.88
10032026|526642|0000000000004091|0000000000129399|0000000000005834|0000000000184277|070.12
10032026|526650|0000000000085241|0000000005672789|0000000000219644|0000000014536835|038.81
10032026|526654|0000000000000263|0000000000031429|0000000000000301|0000000000035354|087.38
10032026|526662|0000000000000081|0000000000003159|0000000000000081|0000000000003216|100.00
10032026|526666|0000000000000078|0000000000056578|0000000000000079|0000000000058477|098.73
10032026|526668|0000000000001002|0000000000187976|0000000000001301|0000000000241440|077.02
10032026|526675|0000000000001424|0000000000033370|0000000000001424|0000000000033370|100.00
10032026|526677|0000000000000327|0000000000000654|0000000000000327|0000000000000654|100.00
10032026|526703|0000000000001352|0000000000571288|0000000000001512|0000000000641965|089.42
10032026|526705|0000000000000577|0000000000107294|0000000000000582|0000000000109320|099.14
10032026|526709|0000000000080206|0000000000637660|0000000000080206|0000000000637660|100.00
10032026|526711|0000000000000368|0000000000012144|0000000000000368|0000000000012143|100.00
10032026|526717|0000000000001679|0000000000304235|0000000000002448|0000000000441603|068.59
10032026|526721|0000000000000524|0000000000035334|0000000000000534|0000000000036077|098.13
10032026|526723|0000000000004531|0000000000738327|0000000000004904|0000000000789109|092.39
10032026|526725|0000000000000067|0000000000064270|0000000000000107|0000000000101976|062.62
10032026|526727|0000000000016178|0000000001496555|0000000000016178|0000000001496555|100.00
10032026|526729|0000000000022847|0000000007291621|0000000000039185|0000000012331327|058.31
10032026|526731|0000000000001568|0000000000316893|0000000000002063|0000000000419434|076.01
10032026|526739|0000000000002165|0000000000764245|0000000000002993|0000000001055979|072.34
10032026|526747|0000000000004509|0000000001044961|0000000000005831|0000000001352578|077.33
10032026|526755|0000000000000263|0000000000001334|0000000000000266|0000000000001349|098.87
10032026|526761|0000000000000002|0000000000000048|0000000000000006|0000000000000150|033.33
10032026|526775|0000000000014101|0000000015543627|0000000000014101|0000000015543627|100.00
10032026|526783|0000000000001583|0000000007565157|0000000000001882|0000000008933346|084.11
10032026|526797|0000000000008353|0000000001607953|0000000000012945|0000000002489708|064.53
10032026|526807|0000000000000265|0000000000350251|0000000000000562|0000000000742598|047.15
10032026|526813|0000000000000359|0000000000003752|0000000000000553|0000000000005719|064.92
10032026|526817|0000000000000079|0000000000078060|0000000000000080|0000000000079125|098.75
10032026|526821|0000000000001430|0000000000351780|0000000000001537|0000000000375820|093.04
10032026|526823|0000000000012458|0000000000077114|0000000000012458|0000000000077114|100.00
10032026|526827|0000000000000126|0000000000029515|0000000000000126|0000000000029515|100.00
10032026|526829|0000000000035374|0000000001035044|0000000000049735|0000000001459904|071.12
10032026|526839|0000000000000212|0000000000003138|0000000000000212|0000000000003002|100.00
10032026|526841|0000000000001544|0000000000038817|0000000000001547|0000000000038487|099.81
10032026|526847|0000000000005436|0000000000127366|0000000000005539|0000000000118323|098.14
10032026|526849|0000000000000035|0000000000003941|0000000000000049|0000000000005624|071.43
10032026|526853|0000000000010175|0000000000595747|0000000000011112|0000000000645307|091.57
10032026|526859|0000000000005458|0000000000004967|0000000000007420|0000000000006766|073.56
10032026|526861|0000000000007093|0000000000727033|0000000000011016|0000000001138822|064.39
10032026|526865|0000000000003352|0000000000014012|0000000000003352|0000000000014011|100.00
10032026|526869|0000000000005180|0000000000105413|0000000000005281|0000000000107031|098.09
10032026|526871|0000000000007954|0000000000076677|0000000000009161|0000000000085926|086.82
10032026|526873|0000000000016533|0000000000582954|0000000000017592|0000000000623930|093.98
10032026|526877|0000000000000017|0000000000000396|0000000000000017|0000000000000399|100.00
10032026|526881|0000000000008191|0000000005015759|0000000000017760|0000000010730645|046.12
10032026|526883|0000000000001153|0000000000020154|0000000000001153|0000000000020154|100.00
10032026|526885|0000000000000281|0000000000022621|0000000000000352|0000000000028282|079.83
10032026|526887|0000000000000001|0000000000000004|0000000000000001|0000000000000003|100.00
10032026|526891|0000000000000001|0000000000000014|0000000000000001|0000000000000013|100.00
10032026|526899|0000000000050032|0000000000444785|0000000000061120|0000000000542509|081.86
10032026|526901|0000000000000477|0000000000017793|0000000000000477|0000000000017662|100.00
10032026|526905|0000000000003101|0000000000030143|0000000000003101|0000000000030143|100.00
10032026|526921|0000000000001190|0000000000041139|0000000000001191|0000000000040061|099.92
10032026|526931|0000000000006664|0000000000659403|0000000000011140|0000000001092106|059.82
10032026|526935|0000000001316072|0000000110324949|0000000001316072|0000000110324949|100.00
10032026|526941|0000000000000200|0000000000000822|0000000000000200|0000000000000822|100.00
10032026|526945|0000000000000030|0000000000002607|0000000000000032|0000000000002794|093.75
10032026|526947|0000000000003360|0000000000646128|0000000000004143|0000000000798389|081.10
10032026|526951|0000000000000357|0000000000789917|0000000000000601|0000000001330301|059.40
10032026|526953|0000000000001829|0000000001435125|0000000000002840|0000000002227873|064.40
10032026|526961|0000000000092161|0000000000381547|0000000000096624|0000000000399020|095.38
10032026|526965|0000000000000578|0000000000055344|0000000000000872|0000000000084694|066.28
10032026|526967|0000000000000781|0000000000004882|0000000000000781|0000000000005083|100.00
10032026|526971|0000000000000725|0000000000140578|0000000000001268|0000000000247211|057.18
10032026|526981|0000000000001641|0000000000258212|0000000000001698|0000000000267146|096.64
10032026|526987|0000000000094494|0000000000860841|0000000000149831|0000000001346262|063.07
10032026|527001|0000000000013952|0000000007356890|0000000000025629|0000000013413380|054.44
10032026|527005|0000000000001882|0000000000227628|0000000000002675|0000000000321286|070.36
10032026|530001|0000000000002351|0000000001042904|0000000000003103|0000000001358431|075.77
10032026|530005|0000000000006536|0000000002427798|0000000000012319|0000000004561256|053.06
10032026|530007|0000000000034788|0000000015565891|0000000000081476|0000000035913787|042.70
10032026|530017|0000000000004257|0000000000059598|0000000000004287|0000000000060069|099.30
10032026|530019|0000000000005564|0000000004520472|0000000000009528|0000000007730296|058.40
10032026|530023|0000000000001969|0000000000196329|0000000000002332|0000000000223647|084.43
10032026|530025|0000000000020470|0000000000295997|0000000000024193|0000000000349534|084.61
10032026|530027|0000000000010250|0000000000090544|0000000000010250|0000000000090544|100.00
10032026|530037|0000000000013078|0000000000894013|0000000000013801|0000000000943097|094.76
10032026|530043|0000000000000279|0000000000077967|0000000000000325|0000000000093318|085.85
10032026|530045|0000000000016175|0000000000596534|0000000000019361|0000000000719448|083.54
10032026|530053|0000000000040911|0000000000184509|0000000000041400|0000000000186815|098.82
10032026|530057|0000000000015590|0000000000031492|0000000000017590|0000000000035100|088.63
10032026|530063|0000000000000075|0000000000000349|0000000000000075|0000000000000349|100.00
10032026|530065|0000000000004118|0000000000066877|0000000000006534|0000000000101992|063.02
10032026|530067|0000000000000431|0000000000106264|0000000000000535|0000000000131480|080.56
10032026|530073|0000000000005377|0000000001302848|0000000000007871|0000000001892699|068.31
10032026|530075|0000000000011803|0000000006830987|0000000000028469|0000000016924464|041.46
10032026|530077|0000000000004456|0000000000781137|0000000000004960|0000000000868994|089.84
10032026|530079|0000000000000177|0000000000082381|0000000000000177|0000000000082381|100.00
10032026|530095|0000000001662971|0000000000316666|0000000001662971|0000000000316666|100.00
10032026|530109|0000000000085913|0000000000180418|0000000000119359|0000000000249742|071.98
10032026|530111|0000000000000701|0000000000019979|0000000000001163|0000000000033122|060.28
10032026|530117|0000000000001923|0000000005663812|0000000000002895|0000000008517541|066.42
10032026|530119|0000000000005740|0000000000180810|0000000000005751|0000000000170875|099.81
10032026|530125|0000000000004257|0000000000918661|0000000000009265|0000000002011939|045.95
10032026|530127|0000000000000573|0000000000012887|0000000000000823|0000000000017702|069.62
10032026|530129|0000000000000778|0000000001280238|0000000000000974|0000000001603694|079.88
10032026|530133|0000000000002306|0000000000152658|0000000000002402|0000000000161115|096.00
10032026|530135|0000000000005070|0000000001813539|0000000000009565|0000000003400145|053.01
10032026|530139|0000000000000251|0000000000007874|0000000000000302|0000000000009723|083.11
10032026|530145|0000000000089539|0000000002389796|0000000000116143|0000000003127651|077.09
10032026|530163|0000000000129214|0000000025597294|0000000000136181|0000000027543312|094.88
10032026|530167|0000000000000100|0000000000001515|0000000000000150|0000000000002307|066.67
10032026|530169|0000000000000268|0000000000007625|0000000000000287|0000000000008138|093.38
10032026|530171|0000000000001432|0000000000045194|0000000000002220|0000000000068636|064.50
10032026|530175|0000000000003803|0000000000183077|0000000000005969|0000000000287821|063.71
10032026|530177|0000000000000953|0000000000021862|0000000000000953|0000000000020616|100.00
10032026|530179|0000000000013000|0000000000351910|0000000000013000|0000000000351910|100.00
10032026|530185|0000000000040426|0000000000177471|0000000000052822|0000000000232447|076.53
10032026|530187|0000000000004922|0000000000018704|0000000000004922|0000000000018819|100.00
10032026|530197|0000000000001415|0000000000439146|0000000000001415|0000000000439146|100.00
10032026|530199|0000000000005152|0000000000419167|0000000000006655|0000000000533044|077.42
10032026|530201|0000000000041211|0000000000118688|0000000000058325|0000000000160103|070.66
10032026|530207|0000000000000654|0000000000012623|0000000000000654|0000000000013611|100.00
10032026|530213|0000000000000101|0000000000006363|0000000000000101|0000000000006362|100.00
10032026|530215|0000000000079604|0000000009480837|0000000000086009|0000000010241067|092.55
10032026|530217|0000000000011078|0000000000124628|0000000000013774|0000000000160924|080.43
10032026|530231|0000000000000001|0000000000000040|0000000000000001|0000000000000040|100.00
10032026|530233|0000000000003432|0000000000986728|0000000000003432|0000000000986728|100.00
10032026|530235|0000000000001018|0000000000048091|0000000000001234|0000000000057817|082.50
10032026|530239|0000000000130033|0000000018724752|0000000000142007|0000000020090853|091.57
10032026|530245|0000000000000216|0000000000135432|0000000000000231|0000000000139968|093.51
10032026|530249|0000000000196197|0000000002322973|0000000000197153|0000000002329482|099.52
10032026|530251|0000000000078028|0000000000033553|0000000000107588|0000000000047131|072.52
10032026|530253|0000000000198622|0000000003448078|0000000000318721|0000000005420333|062.32
10032026|530255|0000000000038790|0000000000349498|0000000000039305|0000000000347400|098.69
10032026|530259|0000000000005163|0000000000165784|0000000000006811|0000000000215825|075.80
10032026|530263|0000000000116410|0000000000060534|0000000000137546|0000000000071974|084.63
10032026|530265|0000000000004022|0000000000144189|0000000000004022|0000000000144038|100.00
10032026|530267|0000000000000129|0000000000005901|0000000000000129|0000000000005900|100.00
10032026|530271|0000000000000020|0000000000000134|0000000000000020|0000000000000139|100.00
10032026|530281|0000000000000169|0000000000003859|0000000000000169|0000000000003881|100.00
10032026|530289|0000000000000095|0000000000005484|0000000000000095|0000000000005495|100.00
10032026|530299|0000000000000638|0000000000039550|0000000000000710|0000000000043984|089.86
10032026|530305|0000000000006650|0000000003637550|0000000000017886|0000000009790821|037.18
10032026|530307|0000000000001402|0000000000353024|0000000000002294|0000000000571151|061.12
10032026|530309|0000000000008922|0000000000108314|0000000000012435|0000000000153463|071.75
10032026|530313|0000000000000587|0000000000018403|0000000000000588|0000000000018521|099.83
10032026|530315|0000000000037582|0000000003906649|0000000000043866|0000000004675339|085.67
10032026|530317|0000000000000139|0000000000011522|0000000000000148|0000000000012245|093.92
10032026|530331|0000000000004219|0000000001827671|0000000000004706|0000000002011159|089.65
10032026|530341|0000000000000001|0000000000000133|0000000000000001|0000000000000132|100.00
10032026|530343|0000000000011407|0000000002948710|0000000000024042|0000000006004669|047.45
10032026|530355|0000000000002245|0000000000610753|0000000000003847|0000000001040532|058.36
10032026|530357|0000000000104570|0000000000122421|0000000000104570|0000000000122421|100.00
10032026|530361|0000000000001296|0000000000050039|0000000000001298|0000000000050358|099.85
10032026|530363|0000000000002924|0000000000110732|0000000000003149|0000000000119059|092.85
10032026|530365|0000000000000294|0000000000079278|0000000000000435|0000000000118976|067.59
10032026|530367|0000000000001802|0000000000474107|0000000000002385|0000000000622696|075.56
10032026|530369|0000000000000272|0000000000011199|0000000000000334|0000000000013811|081.44
10032026|530377|0000000000082858|0000000000613978|0000000000084236|0000000000617053|098.36
10032026|530393|0000000000000027|0000000000000684|0000000000000043|0000000000001087|062.79
10032026|530401|0000000000002327|0000000000099177|0000000000002489|0000000000107231|093.49
10032026|530405|0000000000001236|0000000000038625|0000000000001371|0000000000042064|090.15
10032026|530407|0000000000010074|0000000000299803|0000000000013927|0000000000417941|072.33
10032026|530419|0000000000002277|0000000000079969|0000000000002518|0000000000089126|090.43
10032026|530421|0000000000015779|0000000000127337|0000000000015787|0000000000125657|099.95
10032026|530427|0000000000001715|0000000000263596|0000000000002479|0000000000377076|069.18
10032026|530429|0000000000000646|0000000000019561|0000000000001088|0000000000035020|059.38
10032026|530433|0000000000007671|0000000000289964|0000000000013729|0000000000521253|055.87
10032026|530439|0000000000001022|0000000000004180|0000000000001022|0000000000004170|100.00
10032026|530443|0000000000001260|0000000000017952|0000000000001260|0000000000017952|100.00
10032026|530445|0000000000013657|0000000000021032|0000000000028757|0000000000045181|047.49
10032026|530449|0000000000000294|0000000000015286|0000000000000304|0000000000015806|096.71
10032026|530457|0000000000016118|0000000000850709|0000000000018591|0000000000975436|086.70
10032026|530459|0000000000002654|0000000000072322|0000000000003030|0000000000079804|087.59
10032026|530461|0000000000030834|0000000000394059|0000000000033238|0000000000425724|092.77
10032026|530475|0000000000002301|0000000001516359|0000000000003057|0000000001995047|075.27
10032026|530477|0000000000006656|0000000000982759|0000000000007028|0000000001038418|094.71
10032026|530495|0000000000000526|0000000000036882|0000000000000526|0000000000036882|100.00
10032026|530499|0000000000000306|0000000000471516|0000000000000347|0000000000532158|088.18
10032026|530517|0000000000003336|0000000001027488|0000000000005291|0000000001642853|063.05
10032026|530521|0000000000002287|0000000000762143|0000000000003044|0000000001054534|075.13
10032026|530525|0000000000570903|0000000001958198|0000000000586743|0000000001985792|097.30
10032026|530533|0000000000000003|0000000000000309|0000000000000005|0000000000000514|060.00
10032026|530537|0000000000000012|0000000000000556|0000000000000012|0000000000000555|100.00
10032026|530545|0000000000001796|0000000000324178|0000000000002032|0000000000367921|088.39
10032026|530547|0000000000000022|0000000000000227|0000000000000022|0000000000000226|100.00
10032026|530549|0000000000012380|0000000004196201|0000000000030163|0000000010253074|041.04
10032026|530555|0000000000040333|0000000001310823|0000000000073709|0000000002405263|054.72
10032026|530557|0000000000557176|0000000000234014|0000000001100735|0000000000467479|050.62
10032026|530571|0000000000000538|0000000000004348|0000000000000615|0000000000005320|087.48
10032026|530577|0000000000001000|0000000000052500|0000000000001021|0000000000051118|097.94
10032026|530579|0000000000003816|0000000000052890|0000000000004066|0000000000056501|093.85
10032026|530581|0000000000000001|0000000000000006|0000000000000001|0000000000000005|100.00
10032026|530585|0000000000007383|0000000000412193|0000000000010188|0000000000556184|072.47
10032026|530589|0000000000002146|0000000000240245|0000000000002766|0000000000299143|077.58
10032026|530595|0000000000034896|0000000001518399|0000000000034896|0000000001518399|100.00
10032026|530601|0000000000000270|0000000000013770|0000000000000382|0000000000020078|070.68
10032026|530615|0000000000011321|0000000001674376|0000000000011463|0000000001734021|098.76
10032026|530617|0000000000166638|0000000003426078|0000000000315352|0000000006444649|052.84
10032026|530621|0000000000012162|0000000001211214|0000000000014326|0000000001410118|084.89
10032026|530627|0000000000014180|0000000002640316|0000000000014293|0000000002681778|099.21
10032026|530643|0000000000014405|0000000004701792|0000000000021480|0000000007031575|067.06
10032026|530655|0000000000000865|0000000000923215|0000000000002086|0000000002217549|041.47
10032026|530663|0000000000097810|0000000000089008|0000000000097810|0000000000087223|100.00
10032026|530665|0000000000063674|0000000000177651|0000000000122502|0000000000337567|051.98
10032026|530675|0000000000000105|0000000000006494|0000000000000105|0000000000006493|100.00
10032026|530677|0000000000000725|0000000000039150|0000000000000725|0000000000037572|100.00
10032026|530689|0000000000104340|0000000005009364|0000000000111920|0000000005378120|093.23
10032026|530695|0000000000008183|0000000000172253|0000000000008485|0000000000185625|096.44
10032026|530697|0000000000007792|0000000000170178|0000000000012189|0000000000266957|063.93
10032026|530699|0000000000000119|0000000000002657|0000000000000119|0000000000002657|100.00
10032026|530705|0000000000000876|0000000000035337|0000000000000876|0000000000035337|100.00
10032026|530709|0000000000000123|0000000000010383|0000000000000128|0000000000010866|096.09
10032026|530711|0000000000000525|0000000000029626|0000000000000642|0000000000036660|081.78
10032026|530723|0000000000008037|0000000000911798|0000000000009242|0000000001042788|086.96
10032026|530733|0000000000000025|0000000000000327|0000000000000025|0000000000000321|100.00
10032026|530735|0000000000000001|0000000000000030|0000000000000001|0000000000000030|100.00
10032026|530741|0000000000006324|0000000000883147|0000000000008192|0000000001139313|077.20
10032026|530745|0000000000034227|0000000001320136|0000000000052563|0000000002028481|065.12
10032026|530747|0000000000000059|0000000000001207|0000000000000063|0000000000001385|093.65
10032026|530755|0000000000000378|0000000000003421|0000000000000378|0000000000003420|100.00
10032026|530759|0000000000001919|0000000000382265|0000000000002327|0000000000462733|082.47
10032026|530765|0000000000000421|0000000000008012|0000000000000441|0000000000008381|095.46
10032026|530779|0000000000003386|0000000000088883|0000000000004269|0000000000112173|079.32
10032026|530789|0000000000000002|0000000000000320|0000000000000002|0000000000000319|100.00
10032026|530795|0000000000000050|0000000000000550|0000000000000050|0000000000000550|100.00
10032026|530797|0000000000004778|0000000000076879|0000000000004778|0000000000076878|100.00
10032026|530799|0000000000001867|0000000000053191|0000000000001908|0000000000054420|097.85
10032026|530803|0000000000023282|0000000003515582|0000000000026390|0000000004016394|088.22
10032026|530805|0000000000069581|0000000000476630|0000000000107540|0000000000739814|064.70
10032026|530809|0000000000000255|0000000000009680|0000000000000400|0000000000015246|063.75
10032026|530813|0000000000005347|0000000001672542|0000000000016617|0000000005163841|032.18
10032026|530821|0000000000054601|0000000000754524|0000000000054601|0000000000754524|100.00
10032026|530825|0000000000014027|0000000000534149|0000000000014223|0000000000540207|098.62
10032026|530829|0000000000000880|0000000000030000|0000000000000980|0000000000033790|089.80
10032026|530839|0000000000001237|0000000000008363|0000000000001237|0000000000008362|100.00
10032026|530843|0000000001467341|0000000136169245|0000000003437864|0000000322340030|042.68
10032026|530845|0000000000004304|0000000003379932|0000000000004738|0000000003757078|090.84
10032026|530853|0000000000000699|0000000000036348|0000000000000701|0000000000034862|099.71
10032026|530855|0000000000001255|0000000000117168|0000000000001255|0000000000117168|100.00
10032026|530871|0000000000000001|0000000000000140|0000000000000001|0000000000000140|100.00
10032026|530879|0000000000028555|0000000000801825|0000000000032716|0000000000942743|087.28
10032026|530881|0000000000206523|0000000001553053|0000000000235476|0000000001790369|087.70
10032026|530883|0000000000055596|0000000000418638|0000000000062490|0000000000470699|088.97
10032026|530897|0000000000000039|0000000000005638|0000000000000039|0000000000005507|100.00
10032026|530917|0000000000000300|0000000000007710|0000000000000300|0000000000007710|100.00
10032026|530919|0000000000001229|0000000000134515|0000000000001674|0000000000180137|073.42
10032026|530925|0000000000000443|0000000000045473|0000000000000443|0000000000045473|100.00
10032026|530927|0000000000000100|0000000000008500|0000000000000100|0000000000008500|100.00
10032026|530931|0000000000000306|0000000000003128|0000000000000306|0000000000003245|100.00
10032026|530943|0000000000011255|0000000001101302|0000000000016765|0000000001649313|067.13
10032026|530951|0000000000002316|0000000000127126|0000000000003506|0000000000192804|066.06
10032026|530959|0000000000008320|0000000000202176|0000000000010172|0000000000245703|081.79
10032026|530961|0000000000706523|0000000000932611|0000000000774691|0000000001021686|091.20
10032026|530965|0000000001077874|0000000172298159|0000000001666838|0000000268391951|064.67
10032026|530973|0000000000001005|0000000000086380|0000000000001007|0000000000080082|099.80
10032026|530977|0000000000000812|0000000000120176|0000000000000812|0000000000118697|100.00
10032026|530979|0000000000000992|0000000000035226|0000000000001073|0000000000037298|092.45
10032026|530991|0000000000000300|0000000000013470|0000000000000315|0000000000013179|095.24
10032026|530997|0000000000006311|0000000000509992|0000000000007761|0000000000644473|081.32
10032026|530999|0000000000002036|0000000002090871|0000000000003218|0000000003278238|063.27
10032026|531003|0000000000000001|0000000000000085|0000000000000001|0000000000000085|100.00
10032026|531015|0000000000000181|0000000000004245|0000000000000182|0000000000004488|099.45
10032026|531017|0000000000004287|0000000000076009|0000000000004497|0000000000081531|095.33
10032026|531025|0000000000690658|0000000000234824|0000000001042767|0000000000350150|066.23
10032026|531027|0000000000000049|0000000000000833|0000000000000049|0000000000000809|100.00
10032026|531033|0000000000005311|0000000000147859|0000000000005648|0000000000157227|094.03
10032026|531035|0000000000722211|0000000016503222|0000000000722211|0000000016503222|100.00
10032026|531041|0000000000000756|0000000000279040|0000000000000791|0000000000293148|095.58
10032026|531043|0000000000002395|0000000000053936|0000000000002395|0000000000053965|100.00
10032026|531067|0000000000008673|0000000000225238|0000000000011389|0000000000299993|076.15
10032026|531069|0000000000013225|0000000006739460|0000000000014208|0000000007165266|093.08
10032026|531082|0000000000020287|0000000000158645|0000000000022161|0000000000173243|091.54
10032026|531091|0000000000001066|0000000000027194|0000000000001302|0000000000031825|081.87
10032026|531092|0000000000001975|0000000000161160|0000000000002192|0000000000178317|090.10
10032026|531099|0000000000039585|0000000001918290|0000000000060877|0000000002985564|065.02
10032026|531109|0000000000001649|0000000000098495|0000000000001649|0000000000095188|100.00
10032026|531111|0000000000000500|0000000000018368|0000000000000500|0000000000018368|100.00
10032026|531112|0000000000010052|0000000004690766|0000000000020104|0000000009279051|050.00
10032026|531119|0000000000007937|0000000001581845|0000000000012185|0000000002448368|065.14
10032026|531120|0000000000111814|0000000002847903|0000000000185039|0000000004643936|060.43
10032026|531126|0000000000039419|0000000000925559|0000000000056762|0000000001305680|069.45
10032026|531129|0000000000071709|0000000000727130|0000000000091378|0000000000948130|078.48
10032026|531137|0000000000048441|0000000000077022|0000000000074604|0000000000115907|064.93
10032026|531144|0000000000015975|0000000000226047|0000000000016740|0000000000237998|095.43
10032026|531146|0000000000004618|0000000001337142|0000000000005002|0000000001433498|092.32
10032026|531147|0000000000001200|0000000000853140|0000000000001367|0000000000972016|087.78
10032026|531153|0000000000037632|0000000000083920|0000000000064314|0000000000143470|058.51
10032026|531156|0000000000032144|0000000000212794|0000000000032144|0000000000212793|100.00
10032026|531157|0000000000033455|0000000000608212|0000000000033455|0000000000584648|100.00
10032026|531158|0000000000002421|0000000000043506|0000000000002845|0000000000050422|085.10
10032026|531161|0000000000000308|0000000000067760|0000000000000316|0000000000071002|097.47
10032026|531162|0000000000271570|0000000120699287|0000000000300345|0000000132536729|090.42
10032026|531163|0000000000000866|0000000000061945|0000000000001367|0000000000097661|063.35
10032026|531168|0000000000000006|0000000000001200|0000000000000006|0000000000001199|100.00
10032026|531169|0000000000000912|0000000000083540|0000000000001173|0000000000107607|077.75
10032026|531173|0000000000001498|0000000000069777|0000000000002163|0000000000099888|069.26
10032026|531176|0000000000006431|0000000000071063|0000000000009122|0000000000098539|070.50
10032026|531178|0000000000001707|0000000000023898|0000000000001707|0000000000023879|100.00
10032026|531179|0000000000001855|0000000002540145|0000000000003005|0000000004127764|061.73
10032026|531190|0000000000000342|0000000000032299|0000000000000416|0000000000038901|082.21
10032026|531199|0000000000000095|0000000000018003|0000000000000130|0000000000024203|073.08
10032026|531201|0000000000001670|0000000006415723|0000000000003438|0000000013074946|048.57
10032026|531203|0000000000000001|0000000000000075|0000000000000001|0000000000000074|100.00
10032026|531205|0000000007068446|0000000003851414|0000000007068446|0000000003851414|100.00
10032026|531209|0000000000000378|0000000000285863|0000000000000553|0000000000417514|068.35
10032026|531210|0000000000003704|0000000000148585|0000000000003704|0000000000148585|100.00
10032026|531212|0000000000000234|0000000000010996|0000000000000252|0000000000011601|092.86
10032026|531213|0000000000054932|0000000014356479|0000000000122225|0000000031935313|044.94
10032026|531215|0000000000001089|0000000000118701|0000000000001994|0000000000216266|054.61
10032026|531216|0000000000075686|0000000000514665|0000000000110447|0000000000749707|068.53
10032026|531219|0000000000000100|0000000000000321|0000000000000100|0000000000000321|100.00
10032026|531221|0000000000000401|0000000000005613|0000000000000401|0000000000005613|100.00
10032026|531223|0000000000004304|0000000000100499|0000000000004624|0000000000106775|093.08
10032026|531225|0000000000001618|0000000000055546|0000000000001915|0000000000066242|084.49
10032026|531227|0000000000000038|0000000000002293|0000000000000044|0000000000002676|086.36
10032026|531228|0000000000000076|0000000000000760|0000000000000076|0000000000000760|100.00
10032026|531233|0000000000032226|0000000000396058|0000000000039042|0000000000490256|082.54
10032026|531234|0000000000000735|0000000000053626|0000000000000739|0000000000054160|099.46
10032026|531237|0000000000001141|0000000000254813|0000000000001141|0000000000254813|100.00
10032026|531241|0000000000001424|0000000000150304|0000000000001540|0000000000158111|092.47
10032026|531246|0000000000000037|0000000000000741|0000000000000037|0000000000000740|100.00
10032026|531253|0000000000000117|0000000000038961|0000000000000125|0000000000041588|093.60
10032026|531254|0000000000042388|0000000000568847|0000000000070019|0000000000937308|060.54
10032026|531255|0000000000000019|0000000000000918|0000000000000026|0000000000001318|073.08
10032026|531257|0000000000031922|0000000000511710|0000000000033767|0000000000553910|094.54
10032026|531259|0000000000000221|0000000000005514|0000000000000221|0000000000005522|100.00
10032026|531260|0000000000000345|0000000000085526|0000000000000442|0000000000110179|078.05
10032026|531262|0000000000000005|0000000000000100|0000000000000005|0000000000000103|100.00
10032026|531266|0000000000000390|0000000002059493|0000000000000942|0000000004929145|041.40
10032026|531268|0000000000009866|0000000000446902|0000000000009866|0000000000446902|100.00
10032026|531273|0000000000242109|0000000000355901|0000000000279728|0000000000412787|086.55
10032026|531274|0000000000004387|0000000000173144|0000000000004387|0000000000173144|100.00
10032026|531278|0000000000002061|0000000000191777|0000000000002409|0000000000224395|085.55
10032026|531279|0000000000001793|0000000000236139|0000000000002809|0000000000370205|063.83
10032026|531280|0000000000000449|0000000000025716|0000000000000449|0000000000025716|100.00
10032026|531281|0000000000003284|0000000000327579|0000000000003390|0000000000322108|096.87
10032026|531283|0000000000001990|0000000000019940|0000000000001990|0000000000019939|100.00
10032026|531286|0000000000000001|0000000000000025|0000000000000001|0000000000000024|100.00
10032026|531287|0000000000000523|0000000000129626|0000000000000829|0000000000204598|063.09
10032026|531288|0000000000000003|0000000000000058|0000000000000003|0000000000000059|100.00
10032026|531289|0000000000001216|0000000000191581|0000000000001699|0000000000270471|071.57
10032026|531297|0000000000025816|0000000001622278|0000000000027174|0000000001622747|095.00
10032026|531301|0000000000000019|0000000000002682|0000000000000019|0000000000002736|100.00
10032026|531306|0000000000001055|0000000000522436|0000000000001086|0000000000537553|097.15
10032026|531307|0000000000022793|0000000000400018|0000000000024958|0000000000425672|091.33
10032026|531310|0000000000003354|0000000000456144|0000000000003472|0000000000472006|096.60
10032026|531314|0000000000000027|0000000000000392|0000000000000027|0000000000000391|100.00
10032026|531319|0000000000000683|0000000000025613|0000000000000775|0000000000030613|088.13
10032026|531322|0000000000008038|0000000000011334|0000000000008038|0000000000011861|100.00
10032026|531323|0000000000002868|0000000000038432|0000000000002868|0000000000038468|100.00
10032026|531324|0000000000000026|0000000000000549|0000000000000028|0000000000000566|092.86
10032026|531328|0000000003599637|0000000002915706|0000000008625411|0000000006790424|041.73
10032026|531335|0000000000006572|0000000002487831|0000000000012337|0000000004670903|053.27
10032026|531338|0000000000000073|0000000000001314|0000000000000073|0000000000001316|100.00
10032026|531340|0000000000000404|0000000000021109|0000000000000404|0000000000020067|100.00
10032026|531341|0000000000000140|0000000000002832|0000000000000140|0000000000002832|100.00
10032026|531344|0000000000024129|0000000011405779|0000000000048424|0000000022917181|049.83
10032026|531346|0000000000000155|0000000000004557|0000000000000166|0000000000004857|093.37
10032026|531349|0000000000014076|0000000004992758|0000000000017835|0000000006270992|078.92
10032026|531352|0000000000000024|0000000000000529|0000000000000024|0000000000000503|100.00
10032026|531357|0000000000079310|0000000002564886|0000000000115244|0000000003752160|068.82
10032026|531358|0000000000044502|0000000029900894|0000000000065984|0000000044327451|067.44
10032026|531359|0000000000007228|0000000002108408|0000000000008938|0000000002595304|080.87
10032026|531360|0000000000001658|0000000000048464|0000000000001659|0000000000048263|099.94
10032026|531364|0000000000010472|0000000001676568|0000000000011784|0000000001900460|088.87
10032026|531370|0000000000021867|0000000000094029|0000000000021967|0000000000094607|099.54
10032026|531373|0000000000006252|0000000000249518|0000000000007859|0000000000316668|079.55
10032026|531380|0000000000000205|0000000000019234|0000000000000225|0000000000021553|091.11
10032026|531381|0000000000001960|0000000002147082|0000000000002288|0000000002510302|085.66
10032026|531387|0000000000000102|0000000000000837|0000000000000102|0000000000000840|100.00
10032026|531390|0000000000005147|0000000000374239|0000000000005434|0000000000389234|094.72
10032026|531395|0000000000362751|0000000000812563|0000000000524926|0000000001169892|069.11
10032026|531396|0000000000000010|0000000000000083|0000000000000010|0000000000000082|100.00
10032026|531397|0000000000000015|0000000000000443|0000000000000027|0000000000000776|055.56
10032026|531398|0000000000000015|0000000000001950|0000000000000027|0000000000003555|055.56
10032026|531399|0000000000015266|0000000002478436|0000000000017914|0000000002952453|085.22
10032026|531400|0000000000014346|0000000000209309|0000000000015129|0000000000219381|094.82
10032026|531402|0000000000004402|0000000000069684|0000000000004467|0000000000072273|098.54
10032026|531411|0000000000101527|0000000000098581|0000000000101527|0000000000098581|100.00
10032026|531412|0000000000000111|0000000000019606|0000000000000111|0000000000019606|100.00
10032026|531416|0000000000002009|0000000000070315|0000000000002054|0000000000071834|097.81
10032026|531417|0000000000018036|0000000000039139|0000000000044665|0000000000097661|040.38
10032026|531426|0000000000002840|0000000000389932|0000000000004381|0000000000610438|064.83
10032026|531431|0000000000016940|0000000008306529|0000000000043645|0000000021113078|038.81
10032026|531432|0000000000000558|0000000000006976|0000000000000558|0000000000006976|100.00
10032026|531433|0000000000000050|0000000000000145|0000000000000050|0000000000000145|100.00
10032026|531436|0000000000004952|0000000000141479|0000000000006012|0000000000174542|082.37
10032026|531437|0000000000001562|0000000000034364|0000000000001972|0000000000043536|079.21
10032026|531439|0000000000003449|0000000000137271|0000000000003714|0000000000148039|092.86
10032026|531449|0000000000012374|0000000001938388|0000000000022080|0000000003406455|056.04
10032026|531453|0000000000000025|0000000000000593|0000000000000121|0000000000002867|020.66
10032026|531454|0000000000001803|0000000000031841|0000000000002695|0000000000047165|066.90
10032026|531456|0000000000020230|0000000000028322|0000000000023930|0000000000034314|084.54
10032026|531458|0000000000000048|0000000000000259|0000000000000048|0000000000000259|100.00
10032026|531465|0000000000002133|0000000000001046|0000000000002133|0000000000001045|100.00
10032026|531471|0000000000007225|0000000000153387|0000000000010043|0000000000213181|071.94
10032026|531472|0000000000001658|0000000000121614|0000000000001658|0000000000121614|100.00
10032026|531486|0000000000001765|0000000000003194|0000000000001765|0000000000003194|100.00
10032026|531489|0000000000004486|0000000000872976|0000000000004945|0000000000959758|090.72
10032026|531494|0000000000186786|0000000000196126|0000000000241206|0000000000244055|077.44
10032026|531495|0000000000000582|0000000000012438|0000000000000592|0000000000012776|098.31
10032026|531497|0000000000001840|0000000000008207|0000000000001840|0000000000008307|100.00
10032026|531499|0000000000000100|0000000000000185|0000000000000100|0000000000000185|100.00
10032026|531500|0000000000456186|0000000049849678|0000000000456186|0000000049849678|100.00
10032026|531502|0000000000042301|0000000000395938|0000000000045426|0000000000425758|093.12
10032026|531506|0000000000000057|0000000000002016|0000000000000057|0000000000002016|100.00
10032026|531508|0000000000001444|0000000000451611|0000000000002245|0000000000699625|064.32
10032026|531509|0000000000000120|0000000000003306|0000000000000120|0000000000003351|100.00
10032026|531512|0000000000075445|0000000001312743|0000000000112986|0000000001953453|066.77
10032026|531518|0000000000526507|0000000000157701|0000000000526507|0000000000157701|100.00
10032026|531525|0000000000014762|0000000003077139|0000000000025157|0000000005268682|058.68
10032026|531529|0000000000008930|0000000000016074|0000000000011834|0000000000021135|075.46
10032026|531531|0000000000000496|0000000000459296|0000000000000884|0000000000816461|056.11
10032026|531533|0000000000010456|0000000000641267|0000000000014537|0000000000887598|071.93
10032026|531537|0000000000004493|0000000000771453|0000000000004493|0000000000771453|100.00
10032026|531539|0000000000000003|0000000000000108|0000000000000003|0000000000000107|100.00
10032026|531540|0000000000014283|0000000000128262|0000000000020594|0000000000183226|069.36
10032026|531541|0000000000002243|0000000000005181|0000000000002243|0000000000005181|100.00
10032026|531543|0000000000036352|0000000000827736|0000000000077997|0000000001781564|046.61
10032026|531548|0000000000003003|0000000001069669|0000000000005427|0000000001854053|055.33
10032026|531550|0000000000001163|0000000000214574|0000000000002232|0000000000411857|052.11
10032026|531552|0000000000001949|0000000000027286|0000000000002756|0000000000038123|070.72
10032026|531553|0000000000002889|0000000000059572|0000000000004110|0000000000087780|070.29
10032026|531556|0000000000005850|0000000000187317|0000000000009631|0000000000310557|060.74
10032026|531557|0000000000001316|0000000000059621|0000000000001316|0000000000059621|100.00
10032026|531568|0000000000002200|0000000000015444|0000000000002200|0000000000015444|100.00
10032026|531569|0000000000003954|0000000000694323|0000000000005634|0000000000976923|070.18
10032026|531572|0000000000000022|0000000000002526|0000000000000022|0000000000002526|100.00
10032026|531574|0000000000018259|0000000000172995|0000000000018259|0000000000172995|100.00
10032026|531578|0000000000000121|0000000000001118|0000000000000121|0000000000001118|100.00
10032026|531582|0000000000001567|0000000000042359|0000000000001567|0000000000042359|100.00
10032026|531583|0000000000000201|0000000000006987|0000000000000201|0000000000006986|100.00
10032026|531585|0000000000000109|0000000000000927|0000000000000109|0000000000000926|100.00
10032026|531591|0000000000013483|0000000000262784|0000000000014216|0000000000273548|094.84
10032026|531592|0000000000439789|0000000000492564|0000000000589225|0000000000659105|074.64
10032026|531594|0000000000000006|0000000000000078|0000000000000006|0000000000000077|100.00
10032026|531595|0000000000077026|0000000012747803|0000000000156477|0000000025859496|049.23
10032026|531599|0000000000001882|0000000000709609|0000000000002658|0000000000996324|070.81
10032026|531608|0000000000000406|0000000000024961|0000000000000406|0000000000024960|100.00
10032026|531609|0000000000000014|0000000000003094|0000000000000014|0000000000003094|100.00
10032026|531624|0000000000000750|0000000000003743|0000000000000963|0000000000004705|077.88
10032026|531626|0000000000012472|0000000000054004|0000000000012800|0000000000055342|097.44
10032026|531628|0000000000001233|0000000000040590|0000000000001233|0000000000040590|100.00
10032026|531633|0000000000000898|0000000000566863|0000000000001733|0000000001104615|051.82
10032026|531635|0000000000000521|0000000000047197|0000000000000521|0000000000047197|100.00
10032026|531637|0000000000068896|0000000015825412|0000000000084303|0000000019661743|081.72
10032026|531638|0000000000000024|0000000000005496|0000000000000024|0000000000005357|100.00
10032026|531642|0000000000010128|0000000008000614|0000000000016371|0000000012881353|061.87
10032026|531644|0000000000000051|0000000000001111|0000000000000084|0000000000001702|060.71
10032026|531651|0000000000000324|0000000000017701|0000000000000422|0000000000023188|076.78
10032026|531652|0000000000001513|0000000000145082|0000000000002173|0000000000208870|069.63
10032026|531658|0000000000016544|0000000000195220|0000000000018194|0000000000210572|090.93
10032026|531661|0000000000000021|0000000000000251|0000000000000021|0000000000000249|100.00
10032026|531663|0000000000088720|0000000000455134|0000000000100074|0000000000525179|088.65
10032026|531667|0000000000000004|0000000000000103|0000000000000004|0000000000000102|100.00
10032026|531668|0000000000004273|0000000000010939|0000000000004273|0000000000011008|100.00
10032026|531671|0000000000150378|0000000000215041|0000000000150485|0000000000206855|099.93
10032026|531672|0000000000000200|0000000000004524|0000000000000200|0000000000004551|100.00
10032026|531673|0000000000023294|0000000000516661|0000000000024121|0000000000543523|096.57
10032026|531676|0000000000001440|0000000000349056|0000000000001440|0000000000349056|100.00
10032026|531680|0000000000006475|0000000000124451|0000000000006475|0000000000124451|100.00
10032026|531681|0000000000092223|0000000000063634|0000000000098601|0000000000067927|093.53
10032026|531688|0000000000000419|0000000000050909|0000000000000419|0000000000050455|100.00
10032026|531692|0000000000001861|0000000000005453|0000000000001861|0000000000005596|100.00
10032026|531694|0000000000012120|0000000000513156|0000000000012120|0000000000513156|100.00
10032026|531716|0000000000004559|0000000000009425|0000000000004559|0000000000009425|100.00
10032026|531717|0000000000000948|0000000000283263|0000000000003134|0000000000938513|030.25
10032026|531719|0000000000002574|0000000000512226|0000000000002720|0000000000546566|094.63
10032026|531723|0000000001682867|0000000000841434|0000000001852803|0000000000914527|090.83
10032026|531726|0000000000004153|0000000000434820|0000000000004385|0000000000457401|094.71
10032026|531727|0000000000013307|0000000000722704|0000000000016925|0000000000922065|078.62
10032026|531737|0000000000069072|0000000000034536|0000000000083838|0000000000041291|082.39
10032026|531739|0000000000675227|0000000006779280|0000000000839806|0000000008552312|080.40
10032026|531744|0000000000012218|0000000000714509|0000000000012222|0000000000698190|099.97
10032026|531746|0000000000036010|0000000000791140|0000000000036167|0000000000796838|099.57
10032026|531752|0000000001317401|0000000000803615|0000000002139641|0000000001330126|061.57
10032026|531758|0000000000010526|0000000000109787|0000000000012498|0000000000115685|084.22
10032026|531761|0000000000487917|0000000185432856|0000000001252284|0000000510972590|038.96
10032026|531762|0000000000000209|0000000000004387|0000000000000210|0000000000004208|099.52
10032026|531768|0000000000010473|0000000013465137|0000000000023065|0000000029783537|045.41
10032026|531769|0000000000015544|0000000000082459|0000000000015544|0000000000082459|100.00
10032026|531771|0000000000003873|0000000000657636|0000000000042288|0000000007164155|009.16
10032026|531778|0000000000005280|0000000000149438|0000000000005280|0000000000149438|100.00
10032026|531779|0000000000000627|0000000000010346|0000000000000627|0000000000010485|100.00
10032026|531780|0000000000137397|0000000000560580|0000000000186048|0000000000766556|073.85
10032026|531784|0000000000215132|0000000000277521|0000000000267580|0000000000342461|080.40
10032026|531795|0000000000013691|0000000005913828|0000000000018060|0000000007744510|075.81
10032026|531797|0000000000000092|0000000000007912|0000000000000092|0000000000007864|100.00
10032026|531802|0000000000000930|0000000000022506|0000000000000931|0000000000022226|099.89
10032026|531810|0000000000000268|0000000000014631|0000000000000371|0000000000020184|072.24
10032026|531812|0000000000028003|0000000000018202|0000000000042516|0000000000027072|065.86
10032026|531814|0000000000001154|0000000000009590|0000000000001363|0000000000011269|084.67
10032026|531821|0000000000000038|0000000000001022|0000000000000038|0000000000001036|100.00
10032026|531822|0000000000000011|0000000000001973|0000000000000021|0000000000003725|052.38
10032026|531834|0000000000001000|0000000000013460|0000000000001000|0000000000013460|100.00
10032026|531840|0000000000004758|0000000000157128|0000000000004758|0000000000157128|100.00
10032026|531841|0000000000000863|0000000000044134|0000000000001248|0000000000063345|069.15
10032026|531842|0000000000032239|0000000001422708|0000000000033463|0000000001513737|096.34
10032026|531845|0000000000006536|0000000000035883|0000000000006754|0000000000038086|096.77
10032026|531846|0000000000000001|0000000000000013|0000000000000001|0000000000000012|100.00
10032026|531859|0000000000076462|0000000009014870|0000000000088777|0000000010368125|086.13
10032026|531861|0000000000001926|0000000000080892|0000000000001930|0000000000081198|099.79
10032026|531862|0000000000096976|0000000002258572|0000000000137260|0000000003217722|070.65
10032026|531867|0000000000002953|0000000000010241|0000000000002953|0000000000010241|100.00
10032026|531869|0000000000153949|0000000000597323|0000000000166837|0000000000650056|092.28
10032026|531870|0000000000000001|0000000000000014|0000000000000001|0000000000000013|100.00
10032026|531878|0000000000000479|0000000000005279|0000000000000689|0000000000007608|069.52
10032026|531888|0000000000003761|0000000000217913|0000000000004264|0000000000246462|088.20
10032026|531889|0000000000294316|0000000012508430|0000000000437220|0000000018780106|067.32
10032026|531892|0000000000000724|0000000000012670|0000000000000781|0000000000014172|092.70
10032026|531893|0000000001378687|0000000000528535|0000000001378687|0000000000528535|100.00
10032026|531900|0000000000001298|0000000000028868|0000000000001901|0000000000043005|068.28
10032026|531909|0000000000011064|0000000000035111|0000000000011064|0000000000035111|100.00
10032026|531910|0000000000000526|0000000000108852|0000000000000526|0000000000108852|100.00
10032026|531911|0000000000115074|0000000004932072|0000000000115184|0000000004936734|099.90
10032026|531913|0000000000031431|0000000000361880|0000000000031431|0000000000361880|100.00
10032026|531918|0000000000001123|0000000000113985|0000000000001123|0000000000113423|100.00
10032026|531921|0000000000003178|0000000001424698|0000000000005152|0000000002343641|061.68
10032026|531923|0000000000003024|0000000000354262|0000000000003756|0000000000426237|080.51
10032026|531925|0000000000002825|0000000000003503|0000000000003275|0000000000004155|086.26
10032026|531928|0000000000000065|0000000000000618|0000000000000065|0000000000000617|100.00
10032026|531930|0000000000001284|0000000000038251|0000000000001332|0000000000037061|096.40
10032026|531931|0000000000001179|0000000000185103|0000000000001551|0000000000246707|076.02
10032026|531944|0000000000010119|0000000000188315|0000000000010180|0000000000202672|099.40
10032026|531950|0000000000074173|0000000000281858|0000000000102071|0000000000388393|072.67
10032026|531952|0000000000071741|0000000005207680|0000000000080421|0000000005863166|089.21
10032026|531959|0000000000049685|0000000000092911|0000000000086847|0000000000152626|057.21
10032026|531962|0000000000005529|0000000000250729|0000000000005529|0000000000250729|100.00
10032026|531968|0000000000000533|0000000000021944|0000000000000533|0000000000021487|100.00
10032026|531977|0000000000733449|0000000004664736|0000000000797035|0000000004862957|092.02
10032026|531978|0000000000000167|0000000000226611|0000000000000168|0000000000230470|099.40
10032026|531979|0000000000008509|0000000000794917|0000000000008509|0000000000794917|100.00
10032026|531982|0000000000005007|0000000000064991|0000000000007605|0000000000098031|065.84
10032026|531989|0000000000000165|0000000000005760|0000000000000165|0000000000005760|100.00
10032026|531991|0000000000051580|0000000000025790|0000000000053980|0000000000027157|095.55
10032026|531994|0000000000000002|0000000000000322|0000000000000002|0000000000000324|100.00
10032026|531996|0000000000037770|0000000000291585|0000000000040531|0000000000316609|093.19
10032026|531997|0000000000123616|0000000002168225|0000000000134631|0000000002356847|091.82
10032026|532001|0000000000000442|0000000000022114|0000000000000842|0000000000041228|052.49
10032026|532005|0000000000002091|0000000000082344|0000000000002490|0000000000095634|083.98
10032026|532007|0000000000000005|0000000000000139|0000000000000005|0000000000000138|100.00
10032026|532011|0000000000000777|0000000000039861|0000000000051009|0000000002623982|001.52
10032026|532015|0000000000002153|0000000000030938|0000000000002153|0000000000030938|100.00
10032026|532016|0000000000000431|0000000000118525|0000000000000590|0000000000163550|073.05
10032026|532019|0000000000000051|0000000000000239|0000000000000051|0000000000000239|100.00
10032026|532022|0000000026214069|0000000005504955|0000000067916063|0000000013919964|038.60
10032026|532029|0000000000014584|0000000000366059|0000000000016479|0000000000408928|088.50
10032026|532039|0000000000004443|0000000000186606|0000000000006384|0000000000267308|069.60
10032026|532041|0000000000000736|0000000000005614|0000000000000736|0000000000005614|100.00
10032026|532042|0000000000000107|0000000000002916|0000000000000107|0000000000002916|100.00
10032026|532051|0000000000000676|0000000000347600|0000000000000843|0000000000425178|080.19
10032026|532053|0000000000000787|0000000000061749|0000000000000874|0000000000068915|090.05
10032026|532054|0000000000000087|0000000000202245|0000000000000137|0000000000319563|063.50
10032026|532056|0000000000001211|0000000000176161|0000000000001211|0000000000176161|100.00
10032026|532057|0000000000000014|0000000000001820|0000000000000014|0000000000001838|100.00
10032026|532067|0000000000008559|0000000011106587|0000000000013613|0000000017062745|062.87
10032026|532070|0000000000006651|0000000001340842|0000000000010370|0000000002107788|064.14
10032026|532090|0000000000034103|0000000000668926|0000000000034103|0000000000668926|100.00
10032026|532092|0000000000162525|0000000000267875|0000000000162525|0000000000267875|100.00
10032026|532100|0000000000006183|0000000000072218|0000000000006243|0000000000069088|099.04
10032026|532102|0000000000003208|0000000000098967|0000000000004581|0000000000143804|070.03
10032026|532113|0000000000009160|0000000000092827|0000000000009160|0000000000092827|100.00
10032026|532123|0000000000130516|0000000000606900|0000000000200437|0000000000952111|065.12
10032026|532124|0000000000002272|0000000000043623|0000000000002673|0000000000051386|085.00
10032026|532131|0000000000000726|0000000000011515|0000000000000726|0000000000011514|100.00
10032026|532134|0000000000081882|0000000024122438|0000000000205137|0000000060073772|039.92
10032026|532140|0000000000137897|0000000000369564|0000000000165417|0000000000449335|083.36
10032026|532141|0000000000000791|0000000000042627|0000000000000845|0000000000045366|093.61
10032026|532143|0000000000003214|0000000000494796|0000000000007288|0000000001095988|044.10
10032026|532144|0000000000015766|0000000012784650|0000000000027021|0000000021665870|058.35
10032026|532145|0000000000006742|0000000000073758|0000000000007088|0000000000074768|095.12
10032026|532149|0000000000175000|0000000027317500|0000000000382660|0000000059065985|045.73
10032026|532150|0000000000003423|0000000001384262|0000000000005101|0000000002038627|067.10
10032026|532154|0000000000496633|0000000000253283|0000000000714923|0000000000360042|069.47
10032026|532155|0000000000521670|0000000078354834|0000000000717583|0000000107942061|072.70
10032026|532156|0000000000005666|0000000001234055|0000000000019376|0000000004157942|029.24
10032026|532159|0000000000000369|0000000000003451|0000000000000397|0000000000003676|092.95
10032026|532160|0000000000009748|0000000000107131|0000000000014158|0000000000154919|068.85
10032026|532162|0000000000004212|0000000001424920|0000000000012020|0000000004056659|035.04
10032026|532163|0000000000002012|0000000000657321|0000000000004893|0000000001591951|041.12
10032026|532164|0000000000000006|0000000000000006|0000000000000006|0000000000000006|100.00
10032026|532172|0000000000107995|0000000001054032|0000000000108460|0000000001059344|099.57
10032026|532173|0000000000002578|0000000000273140|0000000000003958|0000000000415583|065.13
10032026|532174|0000000000172764|0000000226709559|0000000000295546|0000000384768518|058.46
10032026|532175|0000000000010405|0000000009447220|0000000000021425|0000000019104119|048.56
10032026|532178|0000000000103244|0000000020633314|0000000000197137|0000000039247453|052.37
10032026|532180|0000000000143932|0000000003388160|0000000000198877|0000000004664659|072.37
10032026|532181|0000000000052308|0000000028622938|0000000000178015|0000000096541117|029.38
10032026|532183|0000000000052404|0000000000419232|0000000000059852|0000000000478367|087.56
10032026|532187|0000000000027848|0000000025010289|0000000000051351|0000000045985263|054.23
10032026|532189|0000000000001713|0000000000791835|0000000000002198|0000000001021742|077.93
10032026|532209|0000000000451509|0000000054587439|0000000000907041|0000000106567537|049.78
10032026|532210|0000000000033689|0000000008477837|0000000000070394|0000000017590589|047.86
10032026|532212|0000000000002018|0000000000028737|0000000000002142|0000000000030879|094.21
10032026|532215|0000000000026213|0000000034471406|0000000000065290|0000000085042138|040.15
10032026|532216|0000000000002295|0000000000114269|0000000000002447|0000000000121891|093.79
10032026|532217|0000000000008465|0000000000270880|0000000000009917|0000000000311232|085.36
10032026|532218|0000000000211421|0000000008412442|0000000000478618|0000000018946837|044.17
10032026|532219|0000000000007200|0000000000110448|0000000000008891|0000000000136856|080.98
10032026|532221|0000000000028530|0000000007161030|0000000000043675|0000000010794391|065.32
10032026|532230|0000000000000077|0000000000012548|0000000000000077|0000000000011320|100.00
10032026|532234|0000000001673108|0000000649387317|0000000001996753|0000000774228059|083.79
10032026|532240|0000000000000114|0000000000090978|0000000000000236|0000000000186738|048.30
10032026|532256|0000000000000082|0000000000465916|0000000000000115|0000000000649148|071.30
10032026|532259|0000000000002354|0000000023534939|0000000000004461|0000000045474503|052.77
10032026|532268|0000000000000992|0000000001189954|0000000000001085|0000000001296883|091.43
10032026|532271|0000000000550045|0000000001210099|0000000000914975|0000000001878279|060.12
10032026|532275|0000000000033093|0000000000057582|0000000000041669|0000000000073378|079.42
10032026|532281|0000000000038994|0000000053092281|0000000000071837|0000000097312494|054.28
10032026|532284|0000000000000583|0000000000014436|0000000000000585|0000000000014234|099.66
10032026|532285|0000000000031535|0000000001899038|0000000000039424|0000000002371399|079.99
10032026|532286|0000000000012902|0000000015314674|0000000000033387|0000000039457970|038.64
10032026|532290|0000000000007968|0000000000141967|0000000000007968|0000000000141967|100.00
10032026|532296|0000000000021154|0000000047136401|0000000000054786|0000000120293326|038.61
10032026|532300|0000000000006350|0000000008426133|0000000000023588|0000000031081069|026.92
10032026|532303|0000000000000457|0000000000001550|0000000000000457|0000000000001549|100.00
10032026|532304|0000000000000101|0000000000004626|0000000000000101|0000000000004612|100.00
10032026|532305|0000000000008422|0000000001198030|0000000000016438|0000000002350305|051.23
10032026|532309|0000000000009199|0000000004158524|0000000000009199|0000000004158524|100.00
10032026|532310|0000000000002747|0000000000134466|0000000000004513|0000000000219991|060.87
10032026|532313|0000000000000727|0000000000257358|0000000000001511|0000000000531808|048.11
10032026|532315|0000000000011054|0000000000061903|0000000000011733|0000000000065775|094.21
10032026|532320|0000000000000453|0000000000004336|0000000000000453|0000000000004219|100.00
10032026|532321|0000000000004412|0000000004071835|0000000000010700|0000000009839295|041.23
10032026|532323|0000000000370747|0000000006302699|0000000000426174|0000000007305609|086.99
10032026|532326|0000000000000501|0000000000046092|0000000000000829|0000000000076918|060.43
10032026|532329|0000000000003550|0000000001990663|0000000000004203|0000000002333876|084.46
10032026|532331|0000000000089704|0000000269116486|0000000000091087|0000000273264854|098.48
10032026|532332|0000000000000640|0000000000064162|0000000000000640|0000000000064162|100.00
10032026|532333|0000000000000278|0000000000016881|0000000000000367|0000000000021793|075.75
10032026|532334|0000000000000543|0000000000037109|0000000000000558|0000000000037591|097.31
10032026|532335|0000000000001401|0000000000032910|0000000000001529|0000000000036020|091.63
10032026|532339|0000000000002841|0000000000034632|0000000000003608|0000000000044726|078.74
10032026|532340|0000000000000611|0000000000002520|0000000000000611|0000000000002520|100.00
10032026|532341|0000000000004382|0000000003246643|0000000000004382|0000000003246643|100.00
10032026|532343|0000000000006707|0000000025387672|0000000000013586|0000000050798837|049.37
10032026|532344|0000000000000421|0000000000085000|0000000000000449|0000000000086954|093.76
10032026|532348|0000000000213617|0000000001881966|0000000000287413|0000000002510010|074.32
10032026|532349|0000000000001409|0000000001450496|0000000000001608|0000000001646460|087.62
10032026|532350|0000000000001418|0000000000006098|0000000000001418|0000000000006098|100.00
10032026|532351|0000000000024004|0000000000104658|0000000000032884|0000000000143680|073.00
10032026|532354|0000000000000440|0000000000001760|0000000000000441|0000000000001771|099.77
10032026|532355|0000000000063829|0000000000448718|0000000000065265|0000000000458725|097.80
10032026|532356|0000000000005130|0000000001909386|0000000000011976|0000000004442817|042.84
10032026|532357|0000000000000120|0000000000005762|0000000000000123|0000000000005911|097.56
10032026|532359|0000000001016648|0000000005073073|0000000001016648|0000000005073073|100.00
10032026|532362|0000000000000183|0000000000025342|0000000000000183|0000000000025342|100.00
10032026|532365|0000000000003429|0000000003140793|0000000000004708|0000000004273965|072.83
10032026|532366|0000000000016613|0000000001256608|0000000000025540|0000000001940112|065.05
10032026|532368|0000000000360567|0000000003486759|0000000000360567|0000000003486759|100.00
10032026|532369|0000000000030138|0000000008416037|0000000000031594|0000000008680304|095.39
10032026|532370|0000000000013359|0000000005759065|0000000000037697|0000000016086447|035.44
10032026|532371|0000000000127919|0000000005029776|0000000000244494|0000000009552858|052.32
10032026|532372|0000000000031305|0000000000600743|0000000000032956|0000000000631564|094.99
10032026|532373|0000000000007918|0000000000163100|0000000000007918|0000000000163100|100.00
10032026|532374|0000000000110657|0000000019907195|0000000000314473|0000000056525354|035.19
10032026|532375|0000000000002671|0000000001366751|0000000000003727|0000000001898884|071.67
10032026|532376|0000000000000105|0000000000008547|0000000000000110|0000000000009699|095.45
10032026|532378|0000000000001029|0000000000005248|0000000000001069|0000000000004974|096.26
10032026|532379|0000000000000001|0000000000000006|0000000000000001|0000000000000006|100.00
10032026|532380|0000000000624089|0000000010543961|0000000000624089|0000000010543961|100.00
10032026|532382|0000000000006944|0000000000696831|0000000000013014|0000000001333870|053.36
10032026|532384|0000000000000283|0000000000030564|0000000000000325|0000000000035103|087.08
10032026|532386|0000000000001139|0000000000014204|0000000000001561|0000000000019306|072.97
10032026|532388|0000000000259231|0000000008759416|0000000000570573|0000000019089092|045.43
10032026|532390|0000000000002128|0000000000673193|0000000000003247|0000000001030694|065.54
10032026|532392|0000000000012803|0000000000087701|0000000000012850|0000000000087628|099.63
10032026|532395|0000000000002558|0000000003772795|0000000000005370|0000000007850806|047.64
10032026|532397|0000000000000284|0000000000003607|0000000000000303|0000000000004013|093.73
10032026|532398|0000000000006573|0000000000026950|0000000000006870|0000000000028532|095.68
10032026|532400|0000000000021704|0000000008358211|0000000000067306|0000000025837172|032.25
10032026|532402|0000000000015730|0000000000139054|0000000000018713|0000000000165606|084.06
10032026|532404|0000000000009454|0000000000332781|0000000000012757|0000000000445125|074.11
10032026|532406|0000000000012586|0000000001835039|0000000000030136|0000000004304124|041.76
10032026|532407|0000000000119335|0000000020507720|0000000000213132|0000000036683821|055.99
10032026|532408|0000000000002972|0000000000459769|0000000000003959|0000000000616313|075.07
10032026|532410|0000000000011891|0000000000291211|0000000000014331|0000000000341109|082.97
10032026|532413|0000000000007261|0000000000032799|0000000000007261|0000000000032799|100.00
10032026|532424|0000000000019383|0000000021538390|0000000000069885|0000000077841137|027.74
10032026|532425|0000000000000841|0000000000019347|0000000000000841|0000000000019347|100.00
10032026|532430|0000000000001202|0000000000557815|0000000000001202|0000000000557815|100.00
10032026|532432|0000000000011418|0000000016073119|0000000000021519|0000000029992333|053.06
10032026|532435|0000000000032114|0000000000202640|0000000000049610|0000000000309878|064.73
10032026|532439|0000000000012476|0000000011661318|0000000000035613|0000000032713993|035.03
10032026|532440|0000000000001280|0000000001826368|0000000000001753|0000000002458361|073.02
10032026|532443|0000000000000375|0000000001719938|0000000000000550|0000000002518222|068.18
10032026|532444|0000000000003567|0000000000005984|0000000000003567|0000000000005984|100.00
10032026|532454|0000000000113521|0000000210144400|0000000000174962|0000000324741207|064.88
10032026|532455|0000000000001994|0000000000033400|0000000000003227|0000000000052639|061.79
10032026|532456|0000000000002250|0000000000002842|0000000000002250|0000000000002842|100.00
10032026|532457|0000000000005589|0000000000907375|0000000000008762|0000000001417565|063.79
10032026|532460|0000000000000746|0000000000207090|0000000000001112|0000000000305302|067.09
10032026|532461|0000000000275303|0000000032361868|0000000000640902|0000000074857081|042.96
10032026|532466|0000000000000669|0000000004566728|0000000000001415|0000000009591336|047.28
10032026|532467|0000000000472004|0000000013749477|0000000000541767|0000000015812850|087.12
10032026|532468|0000000000005814|0000000014994888|0000000000008204|0000000021032426|070.87
10032026|532475|0000000000004409|0000000000364404|0000000000007034|0000000000574489|062.68
10032026|532477|0000000000358682|0000000066876259|0000000000784808|0000000143703233|045.70
10032026|532478|0000000000001109|0000000001882362|0000000000002851|0000000004857860|038.90
10032026|532481|0000000000008788|0000000000032955|0000000000016735|0000000000060436|052.51
10032026|532482|0000000000018018|0000000010465756|0000000000030894|0000000017843332|058.32
10032026|532483|0000000000194690|0000000027684918|0000000000581125|0000000082452683|033.50
10032026|532485|0000000000061997|0000000004481144|0000000000081962|0000000005906783|075.64
10032026|532486|0000000000004099|0000000003624951|0000000000005747|0000000005069256|071.32
10032026|532488|0000000000008978|0000000057201981|0000000000012927|0000000083069384|069.45
10032026|532493|0000000000007672|0000000007910216|0000000000019518|0000000020090242|039.31
10032026|532497|0000000000002972|0000000008211042|0000000000007301|0000000020141417|040.71
10032026|532500|0000000000005248|0000000072790023|0000000000013374|0000000183331418|039.24
10032026|532503|0000000000000762|0000000000575501|0000000000001022|0000000000771239|074.56
10032026|532504|0000000000002800|0000000018312420|0000000000006255|0000000040883343|044.76
10032026|532505|0000000000218078|0000000005855395|0000000000536608|0000000014266404|040.64
10032026|532507|0000000000004142|0000000000021042|0000000000006295|0000000000031184|065.80
10032026|532508|0000000000015968|0000000011521711|0000000000036879|0000000026594135|043.30
10032026|532509|0000000000000688|0000000000289855|0000000000001125|0000000000468440|061.16
10032026|532513|0000000000025073|0000000009747129|0000000000054181|0000000021630224|046.28
10032026|532514|0000000000071095|0000000011208127|0000000000167589|0000000026699051|042.42
10032026|532515|0000000000003084|0000000000345717|0000000000004030|0000000000449525|076.53
10032026|532521|0000000000000090|0000000000002569|0000000000000090|0000000000002724|100.00
10032026|532522|0000000000085231|0000000024721252|0000000000213159|0000000061730208|039.98
10032026|532523|0000000000058232|0000000023039491|0000000000188649|0000000074675015|030.87
10032026|532524|0000000000025464|0000000004020766|0000000000045844|0000000007168357|055.54
10032026|532525|0000000000696009|0000000047850619|0000000001699938|0000000115259929|040.94
10032026|532527|0000000000001730|0000000000968454|0000000000004301|0000000002398221|040.22
10032026|532528|0000000000003461|0000000002404703|0000000000006196|0000000004256765|055.86
10032026|532529|0000000000006400|0000000000495360|0000000000008579|0000000000657805|074.60
10032026|532531|0000000000000765|0000000000667233|0000000000001453|0000000001264267|052.65
10032026|532532|0000000001015708|0000000002421932|0000000001015708|0000000002421932|100.00
10032026|532538|0000000000002726|0000000031762126|0000000000007796|0000000090797239|034.97
10032026|532539|0000000000010463|0000000011670954|0000000000028760|0000000032002087|036.38
10032026|532540|0000000000096317|0000000242083148|0000000000171908|0000000431732886|056.03
10032026|532541|0000000000055045|0000000062718273|0000000000124280|0000000142486785|044.29
10032026|532543|0000000000001625|0000000000050522|0000000000002773|0000000000085884|058.60
10032026|532548|0000000000001520|0000000001046976|0000000000003569|0000000002447123|042.59
10032026|532553|0000000000001408|0000000000646413|0000000000002423|0000000001115349|058.11
10032026|532555|0000000000184181|0000000069491492|0000000000402216|0000000152371752|045.79
10032026|532604|0000000000009775|0000000000421485|0000000000009775|0000000000421485|100.00
10032026|532605|0000000000009590|0000000005003583|0000000000018806|0000000009728327|050.99
10032026|532610|0000000000020172|0000000000805267|0000000000050038|0000000001983490|040.31
10032026|532612|0000000000000908|0000000000178150|0000000000001196|0000000000234488|075.92
10032026|532613|0000000000078990|0000000001487382|0000000000084776|0000000001594873|093.17
10032026|532614|0000000000036195|0000000000065516|0000000000036195|0000000000065516|100.00
10032026|532616|0000000000013501|0000000000842463|0000000000013863|0000000000850049|097.39
10032026|532621|0000000000000303|0000000000002080|0000000000000303|0000000000002080|100.00
10032026|532624|0000000000002196|0000000002778380|0000000000006605|0000000008496985|033.25
10032026|532626|0000000000002220|0000000002406813|0000000000005214|0000000005577220|042.58
10032026|532627|0000000002018862|0000000027295015|0000000004151480|0000000055792989|048.63
10032026|532628|0000000000030718|0000000000403328|0000000000037263|0000000000487478|082.44
10032026|532630|0000000000032107|0000000020368681|0000000000053305|0000000033514915|060.23
10032026|532633|0000000000000614|0000000000467654|0000000000000868|0000000000669651|070.74
10032026|532636|0000000000012730|0000000006261887|0000000000033808|0000000016234791|037.65
10032026|532637|0000000000031969|0000000001088644|0000000000031969|0000000001088644|100.00
10032026|532638|0000000000008082|0000000002430662|0000000000009265|0000000002790964|087.23
10032026|532640|0000000000000090|0000000000001206|0000000000000121|0000000000001604|074.38
10032026|532641|0000000000166431|0000000000412749|0000000000231233|0000000000561691|071.98
10032026|532642|0000000000000187|0000000003078516|0000000000000242|0000000003948390|077.27
10032026|532644|0000000000001058|0000000005365436|0000000000002125|0000000010783580|049.79
10032026|532645|0000000000000888|0000000000002220|0000000000000888|0000000000002220|100.00
10032026|532648|0000000002962925|0000000058991837|0000000005916064|0000000117605649|050.08
10032026|532649|0000000000011139|0000000000125760|0000000000015984|0000000000181268|069.69
10032026|532650|0000000000046707|0000000001472205|0000000000088580|0000000002805348|052.73
10032026|532651|0000000000000043|0000000000001157|0000000000000043|0000000000001157|100.00
10032026|532652|0000000000182864|0000000040476947|0000000000432137|0000000093532567|042.32
10032026|532654|0000000000043872|0000000001754003|0000000000065689|0000000002557627|066.79
10032026|532656|0000000000073329|0000000000176723|0000000000081924|0000000000197283|089.51
10032026|532660|0000000000011690|0000000000081246|0000000000016465|0000000000111974|071.00
10032026|532661|0000000000000730|0000000000600644|0000000000000811|0000000000670257|090.01
10032026|532662|0000000000001435|0000000000029949|0000000000001565|0000000000032623|091.69
10032026|532663|0000000000005245|0000000005962779|0000000000005379|0000000006089751|097.51
10032026|532666|0000000000178442|0000000000265879|0000000000235008|0000000000349768|075.93
10032026|532667|0000000001596157|0000000066192631|0000000004078238|0000000166222674|039.14
10032026|532668|0000000000002672|0000000002292176|0000000000004739|0000000004061092|056.38
10032026|532670|0000000000215438|0000000005401031|0000000000383799|0000000009457276|056.13
10032026|532673|0000000000009294|0000000000238763|0000000000011194|0000000000289148|083.03
10032026|532674|0000000000031295|0000000000648746|0000000000031967|0000000000659175|097.90
10032026|532676|0000000000004775|0000000000040683|0000000000006059|0000000000052096|078.81
10032026|532683|0000000000001086|0000000004109913|0000000000002183|0000000008126387|049.75
10032026|532684|0000000000004955|0000000000521266|0000000000008492|0000000000885018|058.35
10032026|532686|0000000000002134|0000000002179455|0000000000004517|0000000004579080|047.24
10032026|532687|0000000000165414|0000000063080629|0000000000165663|0000000065016501|099.85
10032026|532689|0000000000015449|0000000016153475|0000000000028133|0000000029228335|054.91
10032026|532694|0000000000104705|0000000000973757|0000000000182628|0000000001654385|057.33
10032026|532695|0000000000000532|0000000000004411|0000000000000804|0000000000005962|066.17
10032026|532698|0000000000026765|0000000009592576|0000000000029221|0000000010485681|091.60
10032026|532699|0000000000000877|0000000000287832|0000000000001420|0000000000468330|061.76
10032026|532700|0000000000000029|0000000000003072|0000000000000169|0000000000017871|017.16
10032026|532701|0000000000000309|0000000000004086|0000000000000309|0000000000004086|100.00
10032026|532702|0000000000011698|0000000003212271|0000000000023266|0000000006409817|050.28
10032026|532705|0000000000005942|0000000000379575|0000000000009012|0000000000572592|065.93
10032026|532707|0000000000001970|0000000000438030|0000000000002444|0000000000550765|080.61
10032026|532708|0000000000101519|0000000000269691|0000000000101519|0000000000269691|100.00
10032026|532710|0000000000195728|0000000001715551|0000000000195728|0000000001715551|100.00
10032026|532712|0000000001268645|0000000001140411|0000000001268645|0000000001140411|100.00
10032026|532713|0000000000101137|0000000000166877|0000000000150836|0000000000249669|067.05
10032026|532714|0000000000021726|0000000011671208|0000000000037773|0000000020071329|057.52
10032026|532716|0000000000010017|0000000000858858|0000000000010019|0000000000822982|099.98
10032026|532717|0000000000000757|0000000001048067|0000000000001226|0000000001683281|061.75
10032026|532719|0000000000054099|0000000002777984|0000000000067079|0000000003390448|080.65
10032026|532720|0000000000032117|0000000011581391|0000000000113313|0000000040790877|028.34
10032026|532722|0000000000014566|0000000001016999|0000000000016986|0000000001165975|085.75
10032026|532723|0000000000000005|0000000000000168|0000000000000009|0000000000000301|055.56
10032026|532725|0000000000009090|0000000133683449|0000000000020358|0000000303027574|044.65
10032026|532726|0000000000001217|0000000000650426|0000000000004485|0000000002390701|027.13
10032026|532729|0000000000002643|0000000000534415|0000000000004689|0000000000942297|056.37
10032026|532730|0000000000000004|0000000000000044|0000000000000004|0000000000000044|100.00
10032026|532732|0000000000000954|0000000000450336|0000000000000968|0000000000455275|098.55
10032026|532733|0000000000004642|0000000002690272|0000000000010319|0000000005958635|044.98
10032026|532734|0000000000072291|0000000018336613|0000000000141671|0000000035735001|051.03
10032026|532735|0000000002226908|0000000737329239|0000000006418848|0000002104386864|034.69
10032026|532737|0000000000000100|0000000000022240|0000000000000204|0000000000046127|049.02
10032026|532738|0000000000018934|0000000000476948|0000000000020820|0000000000519235|090.94
10032026|532740|0000000000002294|0000000000495504|0000000000003461|0000000000754060|066.28
10032026|532741|0000000000032654|0000000000746471|0000000000057133|0000000001291193|057.15
10032026|532742|0000000000003601|0000000001495856|0000000000004106|0000000001712084|087.70
10032026|532744|0000000000007200|0000000000062419|0000000000007200|0000000000062419|100.00
10032026|532748|0000000000145807|0000000040833251|0000000000254540|0000000071778387|057.28
10032026|532749|0000000000557682|0000000004478187|0000000000927063|0000000007235390|060.16
10032026|532754|0000000000063013|0000000006017742|0000000000157462|0000000014908631|040.02
10032026|532755|0000000000011318|0000000015125376|0000000000019734|0000000026219250|057.35
10032026|532756|0000000000005020|0000000002319491|0000000000013128|0000000005993726|038.24
10032026|532757|0000000000007061|0000000061456120|0000000000007953|0000000068143632|088.78
10032026|532759|0000000000000716|0000000000027674|0000000000000815|0000000000031981|087.85
10032026|532761|0000000000000100|0000000000005100|0000000000000100|0000000000005123|100.00
10032026|532762|0000000000007043|0000000006055220|0000000000017574|0000000015015878|040.08
10032026|532764|0000000000000432|0000000000118908|0000000000000563|0000000000159067|076.73
10032026|532768|0000000000002476|0000000005300002|0000000000004351|0000000009301334|056.91
10032026|532771|0000000000007536|0000000000068427|0000000000009074|0000000000081949|083.05
10032026|532772|0000000000034303|0000000005989304|0000000000060121|0000000010323343|057.06
10032026|532773|0000000000002553|0000000000423033|0000000000003934|0000000000679737|064.90
10032026|532774|0000000000000245|0000000000018962|0000000000000245|0000000000018962|100.00
10032026|532775|0000000001531380|0000000001653891|0000000003070489|0000000003356855|049.87
10032026|532776|0000000000522033|0000000008874561|0000000000524240|0000000008526669|099.58
10032026|532777|0000000000015827|0000000015456649|0000000000031222|0000000030398782|050.69
10032026|532779|0000000000002828|0000000004109509|0000000000008938|0000000012993377|031.64
10032026|532780|0000000000053748|0000000000376774|0000000000061547|0000000000420041|087.33
10032026|532782|0000000000012544|0000000000376948|0000000000013636|0000000000409762|091.99
10032026|532783|0000000000123480|0000000046632222|0000000000299439|0000000113718200|041.24
10032026|532784|0000000000002529|0000000003353707|0000000000006076|0000000008023956|041.62
10032026|532785|0000000000002802|0000000000288466|0000000000002815|0000000000288650|099.54
10032026|532790|0000000000016893|0000000007392377|0000000000029016|0000000012736034|058.22
10032026|532794|0000000000027181|0000000000217601|0000000000027181|0000000000217601|100.00
10032026|532795|0000000000008193|0000000000004014|0000000000008193|0000000000004014|100.00
10032026|532796|0000000000005168|0000000007779132|0000000000010296|0000000015496066|050.19
10032026|532797|0000000000003344|0000000000232308|0000000000003643|0000000000246088|091.79
10032026|532798|0000000002354476|0000000077250358|0000000002434605|0000000079647586|096.71
10032026|532799|0000000000017367|0000000003772981|0000000000025178|0000000005401184|068.98
10032026|532801|0000000000005479|0000000000139496|0000000000006179|0000000000157554|088.67
10032026|532804|0000000000000066|0000000000139422|0000000000000104|0000000000219238|063.46
10032026|532805|0000000001302840|0000000337305276|0000000004059727|0000001054351297|032.09
10032026|532806|0000000000000260|0000000000006732|0000000000000334|0000000000008574|077.84
10032026|532807|0000000000018203|0000000001548712|0000000000018630|0000000001584206|097.71
10032026|532808|0000000000000389|0000000000588246|0000000000000808|0000000001215434|048.14
10032026|532809|0000000000008436|0000000001801930|0000000000028502|0000000006080011|029.60
10032026|532810|0000000000146149|0000000060249926|0000000000327195|0000000133421233|044.67
10032026|532811|0000000000000656|0000000000499971|0000000000001861|0000000001415060|035.25
10032026|532812|0000000000002208|0000000000028881|0000000000004006|0000000000052763|055.12
10032026|532814|0000000000699597|0000000647233622|0000000000742768|0000000686848001|094.19
10032026|532815|0000000000016816|0000000007066084|0000000000036392|0000000014814347|046.21
10032026|532817|0000000000065890|0000000000394023|0000000000070246|0000000000421980|093.80
10032026|532820|0000000000149212|0000000001995593|0000000000149212|0000000001995593|100.00
10032026|532822|0000000010913967|0000000109139670|0000000029330468|0000000292279174|037.21
10032026|532825|0000000000008661|0000000000036377|0000000000008836|0000000000033580|098.02
10032026|532826|0000000000000379|0000000000015160|0000000000000391|0000000000015343|096.93
10032026|532827|0000000000000224|0000000007083676|0000000000000360|0000000011281797|062.22
10032026|532828|0000000000001597|0000000000061022|0000000000001711|0000000000065430|093.34
10032026|532829|0000000000006052|0000000001368963|0000000000017102|0000000003857680|035.39
10032026|532830|0000000000053731|0000000089204207|0000000000067599|0000000111736751|079.48
10032026|532832|0000000000050776|0000000002826804|0000000000050776|0000000002826804|100.00
10032026|532834|0000000000032124|0000000004433112|0000000000035321|0000000004858737|090.95
10032026|532835|0000000000000116|0000000000635559|0000000000000135|0000000000724439|085.93
10032026|532839|0000000000268822|0000000000698938|0000000000377221|0000000000967292|071.26
10032026|532841|0000000000000025|0000000000006004|0000000000000026|0000000000006221|096.15
10032026|532842|0000000000000418|0000000000179761|0000000000000547|0000000000236307|076.42
10032026|532843|0000000000010040|0000000008846746|0000000000021661|0000000019131664|046.35
10032026|532845|0000000000000088|0000000000000790|0000000000000091|0000000000000810|096.70
10032026|532847|0000000000012916|0000000000217893|0000000000017651|0000000000300150|073.17
10032026|532848|0000000000058622|0000000003308626|0000000000094934|0000000005289276|061.75
10032026|532850|0000000000052363|0000000001822233|0000000000078953|0000000002704782|066.32
10032026|532851|0000000000000674|0000000000398570|0000000000000691|0000000000414272|097.54
10032026|532853|0000000000000837|0000000000179160|0000000000002627|0000000000570701|031.86
10032026|532855|0000000000002780|0000000000379470|0000000000004948|0000000000668860|056.18
10032026|532856|0000000000018075|0000000003089922|0000000000052307|0000000008826317|034.56
10032026|532859|0000000000010164|0000000003851648|0000000000029189|0000000011398433|034.82
10032026|532864|0000000000002372|0000000000286894|0000000000003645|0000000000430873|065.08
10032026|532867|0000000000000519|0000000001014178|0000000000000720|0000000001402417|072.08
10032026|532868|0000000000038393|0000000022427271|0000000000061341|0000000035707226|062.59
10032026|532869|0000000000001174|0000000000068413|0000000000001174|0000000000068413|100.00
10032026|532870|0000000000015249|0000000000025412|0000000000015249|0000000000025412|100.00
10032026|532872|0000000000053758|0000000006676744|0000000000086585|0000000010678690|062.09
10032026|532875|0000000000006506|0000000000693215|0000000000010833|0000000001140903|060.06
10032026|532878|0000000000002697|0000000000169642|0000000000002946|0000000000184894|091.55
10032026|532879|0000000000000108|0000000000027125|0000000000000109|0000000000027368|099.08
10032026|532880|0000000000000899|0000000000067632|0000000000000996|0000000000074658|090.26
10032026|532884|0000000000022392|0000000004705679|0000000000040581|0000000008505999|055.18
10032026|532885|0000000000243219|0000000008938299|0000000000472048|0000000017112661|051.52
10032026|532886|0000000000002383|0000000000073778|0000000000002402|0000000000073951|099.21
10032026|532887|0000000000087189|0000000001313938|0000000000087189|0000000001313938|100.00
10032026|532888|0000000000055420|0000000003712032|0000000000151481|0000000009921411|036.59
10032026|532889|0000000000006452|0000000005375484|0000000000011936|0000000009958272|054.05
10032026|532890|0000000000115976|0000000004374139|0000000000115976|0000000004374139|100.00
10032026|532891|0000000000008421|0000000001618096|0000000000022255|0000000004236931|037.84
10032026|532892|0000000000027317|0000000019558972|0000000000056662|0000000040380457|048.21
10032026|532893|0000000000025486|0000000002096989|0000000000047985|0000000003944278|053.11
10032026|532894|0000000000019905|0000000000176956|0000000000026194|0000000000232882|075.99
10032026|532895|0000000000000481|0000000000012506|0000000000003498|0000000000088691|013.75
10032026|532896|0000000000014125|0000000000263008|0000000000014400|0000000000278863|098.09
10032026|532898|0000000000122827|0000000036657719|0000000000219098|0000000065229288|056.06
10032026|532899|0000000000003915|0000000003159210|0000000000007554|0000000005914045|051.83
10032026|532900|0000000000041006|0000000001351968|0000000000069770|0000000002309176|058.77
10032026|532902|0000000000010990|0000000000174192|0000000000012244|0000000000190793|089.76
10032026|532904|0000000000000133|0000000000010303|0000000000000133|0000000000010303|100.00
10032026|532906|0000000000007099|0000000000919339|0000000000007099|0000000000919339|100.00
10032026|532907|0000000000013036|0000000000305440|0000000000013036|0000000000305440|100.00
10032026|532911|0000000000069458|0000000000451477|0000000000094684|0000000000606107|073.36
10032026|532915|0000000000030514|0000000006752749|0000000000053403|0000000011661544|057.14
10032026|532916|0000000000000405|0000000000015808|0000000000000615|0000000000024316|065.85
10032026|532918|0000000000001833|0000000000042251|0000000000002955|0000000000068415|062.03
10032026|532921|0000000000082895|0000000118050770|0000000000159200|0000000227624316|052.07
10032026|532922|0000000000063101|0000000006906405|0000000000173931|0000000018797074|036.28
10032026|532923|0000000000023161|0000000002453908|0000000000065708|0000000006833046|035.25
10032026|532924|0000000000096755|0000000031996879|0000000000098957|0000000033106278|097.77
10032026|532925|0000000000000205|0000000000176095|0000000000000206|0000000000174479|099.51
10032026|532926|0000000000005677|0000000001361629|0000000000010697|0000000002571754|053.07
10032026|532927|0000000000004926|0000000015464439|0000000000010314|0000000032153068|047.76
10032026|532928|0000000000057057|0000000016480915|0000000000180440|0000000051543766|031.62
10032026|532929|0000000000003201|0000000002150112|0000000000007105|0000000004711668|045.05
10032026|532930|0000000000012911|0000000004388414|0000000000012911|0000000004388414|100.00
10032026|532932|0000000000001252|0000000000069562|0000000000001285|0000000000071138|097.43
10032026|532933|0000000000009389|0000000000465883|0000000000011759|0000000000580911|079.85
10032026|532934|0000000000000322|0000000000065898|0000000000000463|0000000000094997|069.55
10032026|532935|0000000000004573|0000000001579515|0000000000005317|0000000001835899|086.01
10032026|532937|0000000000007812|0000000000647537|0000000000007855|0000000000649633|099.45
10032026|532939|0000000001436029|0000000032626579|0000000002920115|0000000065607844|049.18
10032026|532940|0000000000002653|0000000001329153|0000000000006093|0000000002937650|043.54
10032026|532941|0000000000000966|0000000000154754|0000000000001006|0000000000163594|096.02
10032026|532942|0000000000021262|0000000002632236|0000000000049185|0000000006012234|043.23
10032026|532944|0000000000003279|0000000000161786|0000000000006639|0000000000320663|049.39
10032026|532945|0000000001540091|0000000009856583|0000000002726818|0000000017390150|056.48
10032026|532946|0000000000173284|0000000006340462|0000000000174546|0000000006193707|099.28
10032026|532947|0000000000161155|0000000006758841|0000000000272955|0000000011332170|059.04
10032026|532951|0000000000002794|0000000000034674|0000000000003427|0000000000042778|081.53
10032026|532952|0000000000000779|0000000000171731|0000000000008179|0000000001811380|009.52
10032026|532953|0000000000003866|0000000001222816|0000000000015026|0000000004687438|025.73
10032026|532955|0000000000186102|0000000062269730|0000000000343767|0000000113961603|054.14
10032026|532957|0000000000002458|0000000000150591|0000000000002458|0000000000150591|100.00
10032026|532966|0000000000014923|0000000009907380|0000000000037194|0000000024541760|040.12
10032026|532967|0000000000014236|0000000005700807|0000000000019609|0000000007781938|072.60
10032026|532974|0000000000001108|0000000000136672|0000000000001297|0000000000159739|085.43
10032026|532975|0000000000003146|0000000000030328|0000000000003732|0000000000035666|084.30
10032026|532976|0000000000018423|0000000001121777|0000000000041104|0000000002486477|044.82
10032026|532977|0000000000003028|0000000029088634|0000000000010816|0000000102569107|028.00
10032026|532978|0000000000008818|0000000016471584|0000000000014408|0000000026840540|061.20
10032026|532980|0000000000003674|0000000000148430|0000000000004681|0000000000189216|078.49
10032026|532983|0000000000000070|0000000000133298|0000000000000084|0000000000159835|083.33
10032026|532985|0000000000003126|0000000000268399|0000000000004890|0000000000417004|063.93
10032026|532986|0000000000002922|0000000000079654|0000000000003066|0000000000085162|095.30
10032026|532989|0000000000000006|0000000000000639|0000000000000011|0000000000001171|054.55
10032026|532992|0000000000000093|0000000000002870|0000000000000101|0000000000003030|092.08
10032026|532993|0000000000000418|0000000000210819|0000000000000436|0000000000214633|095.87
10032026|532994|0000000000000790|0000000000061146|0000000000000832|0000000000062886|094.95
10032026|532998|0000000000000592|0000000000064173|0000000000000612|0000000000067519|096.73
10032026|533001|0000000000000875|0000000000088550|0000000000000875|0000000000088026|100.00
10032026|533007|0000000000211526|0000000001387611|0000000000234842|0000000001544455|090.07
10032026|533014|0000000000004423|0000000000230925|0000000000004705|0000000000242674|094.01
10032026|533019|0000000000000004|0000000000005671|0000000000000004|0000000000005670|100.00
10032026|533022|0000000000001436|0000000000240459|0000000000002148|0000000000356715|066.85
10032026|533023|0000000000001353|0000000018913114|0000000000001497|0000000020977975|090.38
10032026|533029|0000000000000224|0000000000013454|0000000000000284|0000000000017432|078.87
10032026|533033|0000000000004459|0000000004195697|0000000000007989|0000000007424880|055.81
10032026|533047|0000000000001436|0000000001758957|0000000000002539|0000000003093139|056.56
10032026|533048|0000000000348864|0000000000188387|0000000000441860|0000000000238785|078.95
10032026|533056|0000000000015018|0000000000292251|0000000000021331|0000000000422569|070.40
10032026|533080|0000000000005582|0000000003002558|0000000000007532|0000000004067761|074.11
10032026|533088|0000000000002026|0000000000552085|0000000000003574|0000000000970378|056.69
10032026|533090|0000000001380561|0000000001518618|0000000003869323|0000000004180511|035.68
10032026|533093|0000000000000899|0000000000040087|0000000000007319|0000000000329839|012.28
10032026|533095|0000000000000905|0000000005337328|0000000000001437|0000000008382442|062.98
10032026|533096|0000000000431505|0000000059957620|0000000000743610|0000000103628282|058.03
10032026|533098|0000000000339804|0000000024819285|0000000000648788|0000000047457257|052.38
10032026|533100|0000000000000248|0000000000001786|0000000000000298|0000000000002135|083.22
10032026|533101|0000000000001234|0000000000155546|0000000000001800|0000000000222048|068.56
10032026|533104|0000000000001226|0000000001052889|0000000000002320|0000000001968056|052.84
10032026|533106|0000000000064937|0000000030559353|0000000000197575|0000000092535244|032.87
10032026|533107|0000000000004308|0000000008600180|0000000000004308|0000000008600180|100.00
10032026|533108|0000000000004259|0000000000149108|0000000000004463|0000000000156432|095.43
10032026|533110|0000000000000004|0000000000000045|0000000000000004|0000000000000044|100.00
10032026|533121|0000000000000529|0000000000410610|0000000000000579|0000000000442790|091.36
10032026|533122|0000000001011219|0000000008150426|0000000001571155|0000000012533782|064.36
10032026|533137|0000000000016750|0000000000455433|0000000000020675|0000000000562582|081.02
10032026|533138|0000000000001829|0000000001154191|0000000000002306|0000000001444545|079.31
10032026|533146|0000000000001712|0000000000701321|0000000000003179|0000000001280274|053.85
10032026|533148|0000000000028857|0000000014106745|0000000000077228|0000000037595833|037.37
10032026|533149|0000000000000430|0000000000002980|0000000000000703|0000000000004970|061.17
10032026|533150|0000000000713271|0000001196868738|0000000000723216|0000001212269122|098.62
10032026|533151|0000000000000983|0000000000207364|0000000000001267|0000000000265886|077.58
10032026|533152|0000000000030391|0000000000758864|0000000000030702|0000000000766223|098.99
10032026|533155|0000000000043710|0000000021044180|0000000000076074|0000000036747985|057.46
10032026|533156|0000000000104827|0000000003621773|0000000000122062|0000000004133407|085.88
10032026|533158|0000000000002919|0000000010855324|0000000000006452|0000000023990804|045.24
10032026|533160|0000000000034473|0000000003566232|0000000000081081|0000000008283831|042.52
10032026|533161|0000000000004722|0000000000396601|0000000000005499|0000000000455306|085.87
10032026|533162|0000000000132930|0000000001345252|0000000000205505|0000000002074681|064.68
10032026|533164|0000000000000264|0000000000011181|0000000000000294|0000000000012455|089.80
10032026|533166|0000000000062855|0000000000085483|0000000000094953|0000000000129327|066.20
10032026|533167|0000000000019693|0000000001352056|0000000000019693|0000000001352056|100.00
10032026|533168|0000000000001093|0000000000050486|0000000000001175|0000000000053383|093.02
10032026|533169|0000000000016670|0000000001663666|0000000000025487|0000000002505625|065.41
10032026|533170|0000000000001778|0000000000256566|0000000000001778|0000000000256809|100.00
10032026|533172|0000000000000013|0000000000180863|0000000000000013|0000000000179149|100.00
10032026|533177|0000000000002126|0000000000004766|0000000000002126|0000000000004766|100.00
10032026|533179|0000000000005799|0000000027962778|0000000000013610|0000000065110744|042.61
10032026|533181|0000000000004504|0000000000310776|0000000000005559|0000000000393954|081.02
10032026|533192|0000000000006799|0000000000156513|0000000000007845|0000000000178572|086.67
10032026|533193|0000000000003905|0000000000325951|0000000000006188|0000000000510850|063.11
10032026|533202|0000000000016534|0000000000058200|0000000000016918|0000000000059350|097.73
10032026|533203|0000000000001201|0000000000028176|0000000000001241|0000000000029255|096.78
10032026|533206|0000000000221767|0000000015521473|0000000000409391|0000000028541935|054.17
10032026|533208|0000000000006982|0000000000530493|0000000000007985|0000000000612800|087.44
10032026|533210|0000000000000354|0000000000022487|0000000000000356|0000000000022501|099.44
10032026|533212|0000000000005413|0000000000319855|0000000000006552|0000000000373188|082.62
10032026|533217|0000000000002930|0000000000180195|0000000000004183|0000000000265922|070.05
10032026|533218|0000000000028150|0000000001696601|0000000000028330|0000000001758734|099.36
10032026|533227|0000000000000067|0000000000010613|0000000000000072|0000000000011662|093.06
10032026|533229|0000000000008415|0000000003150156|0000000000017989|0000000006717227|046.78
10032026|533230|0000000000157551|0000000021491532|0000000000241928|0000000032986399|065.12
10032026|533239|0000000000004162|0000000000017564|0000000000004170|0000000000017575|099.81
10032026|533244|0000000000107156|0000000014678229|0000000000191154|0000000026161002|056.06
10032026|533248|0000000000051302|0000000008295534|0000000000085098|0000000013621969|060.29
10032026|533252|0000000000000115|0000000000147896|0000000000000372|0000000000470827|030.91
10032026|533257|0000000000062274|0000000019988963|0000000000062274|0000000019988963|100.00
10032026|533259|0000000000000003|0000000000000840|0000000000000004|0000000000001119|075.00
10032026|533260|0000000000000520|0000000000046800|0000000000000520|0000000000046820|100.00
10032026|533262|0000000000003499|0000000001606566|0000000000006294|0000000002866944|055.59
10032026|533263|0000000000279722|0000000002632185|0000000000449397|0000000004112170|062.24
10032026|533267|0000000000001278|0000000000316753|0000000000002758|0000000000670854|046.34
10032026|533268|0000000000000026|0000000000000116|0000000000000051|0000000000000227|050.98
10032026|533269|0000000000002970|0000000003560733|0000000000005881|0000000007021854|050.50
10032026|533270|0000000000000011|0000000000001453|0000000000000011|0000000000001453|100.00
10032026|533271|0000000000075010|0000000009008701|0000000000114788|0000000013638704|065.35
10032026|533272|0000000000176761|0000000050544808|0000000000609439|0000000173191080|029.00
10032026|533273|0000000000001412|0000000002112917|0000000000003210|0000000004762994|043.99
10032026|533274|0000000000139162|0000000181954315|0000000000149712|0000000195777440|092.95
10032026|533275|0000000000520621|0000000002488569|0000000000642357|0000000003091404|081.05
10032026|533278|0000000000579597|0000000256993310|0000000000880566|0000000387506796|065.82
10032026|533282|0000000000008449|0000000012762637|0000000000015160|0000000022894301|055.73
10032026|533284|0000000000005435|0000000000379472|0000000000006919|0000000000478920|078.55
10032026|533285|0000000000185029|0000000008252294|0000000000218037|0000000010067344|084.86
10032026|533286|0000000000036922|0000000010227394|0000000000071762|0000000020096375|051.45
10032026|533287|0000000000022143|0000000000122008|0000000000025350|0000000000139196|087.35
10032026|533289|0000000000000207|0000000000013410|0000000000000217|0000000000014101|095.39
10032026|533292|0000000000010163|0000000000163980|0000000000010163|0000000000163980|100.00
10032026|533293|0000000000005573|0000000007994748|0000000000018209|0000000026177088|030.61
10032026|533294|0000000000002641|0000000000049704|0000000000003223|0000000000060166|081.94
10032026|533295|0000000000055411|0000000001360341|0000000000101714|0000000002475938|054.48
10032026|533296|0000000000000980|0000000000007880|0000000000001195|0000000000009611|082.01
10032026|533298|0000000000003450|0000000000074831|0000000000005869|0000000000125933|058.78
10032026|533301|0000000000084550|0000000001009527|0000000000086692|0000000001068700|097.53
10032026|533302|0000000000000043|0000000000205497|0000000000000044|0000000000209244|097.73
10032026|533303|0000000000000490|0000000000188528|0000000000000826|0000000000314422|059.32
10032026|533306|0000000000000162|0000000000259533|0000000000000188|0000000000299357|086.17
10032026|533315|0000000000013588|0000000000845310|0000000000014501|0000000000903808|093.70
10032026|533316|0000000000001291|0000000000654279|0000000000001757|0000000000889044|073.48
10032026|533317|0000000000001738|0000000000007552|0000000000001738|0000000000007552|100.00
10032026|533326|0000000000053814|0000000005281845|0000000000104664|0000000010120182|051.42
10032026|533329|0000000000010781|0000000000329360|0000000000014171|0000000000420802|076.08
10032026|533333|0000000000069346|0000000001565140|0000000000110349|0000000002464292|062.84
10032026|533336|0000000000000011|0000000000009431|0000000000000014|0000000000011950|078.57
10032026|533339|0000000000015717|0000000022579829|0000000000036687|0000000052504459|042.84
10032026|533343|0000000000000532|0000000000036171|0000000000000538|0000000000036727|098.88
10032026|533344|0000000000037620|0000000001067656|0000000000055310|0000000001564045|068.02
10032026|533385|0000000000045789|0000000010257194|0000000000063353|0000000014177118|072.28
10032026|533398|0000000000003730|0000000012250626|0000000000008442|0000000027741849|044.18
10032026|533407|0000000000058759|0000000007474684|0000000000058759|0000000007474684|100.00
10032026|533408|0000000000005716|0000000000801269|0000000000007698|0000000001079751|074.25
10032026|533427|0000000000069175|0000000001613853|0000000000097040|0000000002271383|071.28
10032026|533451|0000000000000649|0000000000024468|0000000000000651|0000000000024434|099.69
10032026|533452|0000000000120093|0000000001361855|0000000000121544|0000000001377806|098.81
10032026|533470|0000000000006321|0000000000103412|0000000000011741|0000000000190340|053.84
10032026|533477|0000000000000195|0000000000084923|0000000000000217|0000000000093877|089.86
10032026|533482|0000000000004012|0000000000011114|0000000000005035|0000000000013750|079.68
10032026|533506|0000000000091209|0000000000095770|0000000000112929|0000000000118133|080.77
10032026|533519|0000000000047502|0000000013027424|0000000000130952|0000000035647202|036.27
10032026|533520|0000000002806013|0000000027414748|0000000003026841|0000000028726376|092.70
10032026|533540|0000000000003830|0000000000030978|0000000000003830|0000000000030978|100.00
10032026|533543|0000000000010344|0000000000650638|0000000000023772|0000000001480241|043.51
10032026|533552|0000000000003994|0000000000527408|0000000000005603|0000000000733227|071.28
10032026|533553|0000000000084024|0000000068479560|0000000000141151|0000000117469025|059.53
10032026|533570|0000000000025737|0000000003426882|0000000000046426|0000000006164699|055.44
10032026|533573|0000000000001856|0000000001321936|0000000000003691|0000000002637774|050.28
10032026|533576|0000000000000617|0000000000033516|0000000000000623|0000000000033863|099.04
10032026|533581|0000000000198477|0000000108060803|0000000000554850|0000000296053213|035.77
10032026|533602|0000000000119867|0000000000091099|0000000000137213|0000000000102235|087.36
10032026|533605|0000000000006663|0000000000002619|0000000000006663|0000000000002619|100.00
10032026|533608|0000000000000909|0000000000152622|0000000000001237|0000000000210181|073.48
10032026|533629|0000000000001387|0000000000006820|0000000000001387|0000000000006820|100.00
10032026|533632|0000000000000001|0000000000000016|0000000000000002|0000000000000031|050.00
10032026|533638|0000000000013947|0000000000100000|0000000000016619|0000000000120274|083.92
10032026|533644|0000000000003420|0000000000553698|0000000000004328|0000000000704843|079.02
10032026|533655|0000000000003392|0000000001588474|0000000000008412|0000000003921431|040.32
10032026|533676|0000000000008243|0000000002151011|0000000000014412|0000000003748809|057.20
10032026|533704|0000000000014136|0000000000361741|0000000000016048|0000000000411832|088.09
10032026|533719|0000000000008910|0000000001280189|0000000000009938|0000000001427802|089.66
10032026|533758|0000000000043052|0000000090385522|0000000000053366|0000000114630247|080.67
10032026|533761|0000000000003055|0000000000330704|0000000000005272|0000000000566100|057.95
10032026|533896|0000000000000593|0000000000010674|0000000000000594|0000000000011218|099.83
10032026|533941|0000000000002614|0000000000659513|0000000000002956|0000000000762928|088.43
10032026|533982|0000000000000424|0000000000148803|0000000000000740|0000000000265672|057.30
10032026|534060|0000000000237351|0000000000431979|0000000000324812|0000000000589820|073.07
10032026|534063|0000000000000051|0000000000001954|0000000000000087|0000000000003314|058.62
10032026|534064|0000000000372249|0000000000591876|0000000000452100|0000000000722544|082.34
10032026|534076|0000000000004900|0000000001870575|0000000000009014|0000000003458510|054.36
10032026|534091|0000000000063617|0000000163972818|0000000000167080|0000000432901915|038.08
10032026|534139|0000000000005611|0000000005145848|0000000000005611|0000000005145848|100.00
10032026|534309|0000000000366988|0000000031953646|0000000000802142|0000000069188768|045.75
10032026|534312|0000000000000028|0000000000000040|0000000000000028|0000000000000040|100.00
10032026|534328|0000000000000021|0000000000003347|0000000000000022|0000000000003437|095.45
10032026|534338|0000000000025886|0000000000298207|0000000000026339|0000000000303676|098.28
10032026|534369|0000000000003626|0000000000493862|0000000000007567|0000000001015890|047.92
10032026|534392|0000000000004002|0000000000973887|0000000000004735|0000000001136873|084.52
10032026|534422|0000000000000321|0000000000002828|0000000000000321|0000000000002828|100.00
10032026|534425|0000000000000511|0000000000052608|0000000000000517|0000000000051808|098.84
10032026|534532|0000000000000753|0000000000003758|0000000000000797|0000000000003942|094.48
10032026|534597|0000000000237639|0000000006435265|0000000000571063|0000000015018103|041.61
10032026|534598|0000000000000618|0000000000016656|0000000000000919|0000000000024794|067.25
10032026|534600|0000000000034254|0000000001803131|0000000000068408|0000000003578671|050.07
10032026|534612|0000000000014532|0000000000217835|0000000000019870|0000000000295887|073.14
10032026|534615|0000000000007878|0000000000112971|0000000000010569|0000000000150618|074.54
10032026|534618|0000000000019770|0000000015783380|0000000000042586|0000000034090161|046.42
10032026|534623|0000000000639731|0000000031973756|0000000000650693|0000000032504408|098.32
10032026|534639|0000000000000051|0000000000001071|0000000000000101|0000000000002146|050.50
10032026|534674|0000000000014333|0000000000044576|0000000000020469|0000000000062708|070.02
10032026|534675|0000000000012020|0000000000554363|0000000000023037|0000000001050971|052.18
10032026|534680|0000000000000187|0000000000045470|0000000000000191|0000000000047215|097.91
10032026|534691|0000000000032991|0000000000427564|0000000000040434|0000000000524586|081.59
10032026|534732|0000000000006760|0000000000226866|0000000000010454|0000000000351023|064.66
10032026|534733|0000000000094683|0000000002132507|0000000000094683|0000000002132507|100.00
10032026|534741|0000000000302555|0000000000145227|0000000000379375|0000000000181417|079.75
10032026|534742|0000000000018330|0000000003863048|0000000000032200|0000000006817203|056.93
10032026|534748|0000000000066562|0000000000535825|0000000000100635|0000000000811710|066.14
10032026|534755|0000000000112539|0000000000114790|0000000000124489|0000000000125128|090.40
10032026|534758|0000000000000655|0000000000736810|0000000000001021|0000000001157770|064.15
10032026|534796|0000000000000771|0000000000102273|0000000000000771|0000000000102273|100.00
10032026|534804|0000000000000646|0000000001046004|0000000000000992|0000000001592749|065.12
10032026|534809|0000000003096662|0000000027250626|0000000004076851|0000000035939344|075.96
10032026|534816|0000000000013334|0000000005939631|0000000000043137|0000000019178113|030.91
10032026|534920|0000000000000180|0000000000007684|0000000000000180|0000000000007684|100.00
10032026|534976|0000000000127004|0000000066270688|0000000000129157|0000000066401160|098.33
10032026|535136|0000000000001365|0000000001343706|0000000000002087|0000000002035596|065.40
10032026|535204|0000000000000359|0000000000001042|0000000000000359|0000000000001041|100.00
10032026|535205|0000000000013519|0000000000043261|0000000000016892|0000000000055852|080.03
10032026|535267|0000000000058014|0000000000429884|0000000000061447|0000000000457222|094.41
10032026|535276|0000000000050271|0000000043616126|0000000000051624|0000000044709940|097.38
10032026|535322|0000000000002165|0000000000794880|0000000000003373|0000000001221290|064.19
10032026|535431|0000000000029553|0000000000019505|0000000000047767|0000000000031466|061.87
10032026|535458|0000000000004248|0000000000135639|0000000000005151|0000000000167673|082.47
10032026|535514|0000000000000001|0000000000000006|0000000000000001|0000000000000005|100.00
10032026|535566|0000000000000546|0000000000067404|0000000000000607|0000000000073506|089.95
10032026|535601|0000000000000344|0000000000065446|0000000000000344|0000000000065380|100.00
10032026|535602|0000000000002339|0000000001946984|0000000000004781|0000000003936784|048.92
10032026|535621|0000000000000720|0000000000098100|0000000000000779|0000000000102414|092.43
10032026|535648|0000000000003099|0000000001665093|0000000000005223|0000000002804875|059.33
10032026|535657|0000000000000024|0000000000000183|0000000000000024|0000000000000183|100.00
10032026|535693|0000000000012968|0000000001948442|0000000000016014|0000000002425495|080.98
10032026|535719|0000000000015053|0000000000410195|0000000000021441|0000000000583222|070.21
10032026|535730|0000000000458770|0000000000243149|0000000000724639|0000000000388191|063.31
10032026|535754|0000000000006533|0000000000937813|0000000000010066|0000000001439955|064.90
10032026|535755|0000000001620530|0000000100148754|0000000001801746|0000000110665188|089.94
10032026|535789|0000000000120075|0000000017410875|0000000000260908|0000000037501318|046.02
10032026|535910|0000000000627169|0000000000457834|0000000000688717|0000000000510863|091.06
10032026|535916|0000000000003263|0000000000182794|0000000000004412|0000000000249949|073.96
10032026|535917|0000000000006000|0000000000027840|0000000000006000|0000000000027840|100.00
10032026|535958|0000000000593817|0000000000771963|0000000001226273|0000000001656624|048.42
10032026|536073|0000000000194359|0000000000384831|0000000000226484|0000000000449377|085.82
10032026|536264|0000000000005972|0000000000168112|0000000000007289|0000000000204044|081.93
10032026|536493|0000000000001683|0000000000553455|0000000000002050|0000000000685944|082.10
10032026|536507|0000000000003584|0000000000004362|0000000000003584|0000000000004362|100.00
10032026|536565|0000000000002795|0000000000150651|0000000000003594|0000000000189339|077.77
10032026|536659|0000000000786604|0000000003689173|0000000001029090|0000000004831135|076.44
10032026|536672|0000000000110487|0000000000683915|0000000000117342|0000000000732335|094.16
10032026|536709|0000000000011963|0000000000128976|0000000000011963|0000000000128976|100.00
10032026|536773|0000000000131747|0000000186738198|0000000000407812|0000000579330546|032.31
10032026|536960|0000000000010163|0000000000627261|0000000000022145|0000000001360290|045.89
10032026|536974|0000000000011027|0000000000734509|0000000000018061|0000000001221315|061.05
10032026|537007|0000000000015983|0000000004383818|0000000000021932|0000000005984648|072.88
10032026|537008|0000000000000657|0000000000018193|0000000000001184|0000000000032735|055.49
10032026|537069|0000000000011387|0000000000130609|0000000000020811|0000000000237886|054.72
10032026|537253|0000000000000019|0000000000001289|0000000000000036|0000000000002416|052.78
10032026|537259|0000000000001495|0000000001044856|0000000000001938|0000000001356885|077.14
10032026|537291|0000000000000704|0000000000104509|0000000000000789|0000000000115400|089.23
10032026|537292|0000000000000490|0000000000052578|0000000000000490|0000000000052578|100.00
10032026|537326|0000000000065141|0000000004019852|0000000000067944|0000000004308016|095.87
10032026|537483|0000000000003167|0000000000835360|0000000000004488|0000000001181941|070.57
10032026|537536|0000000000001378|0000000000099465|0000000000001790|0000000000128630|076.98
10032026|537669|0000000000004500|0000000001309275|0000000000006500|0000000001899050|069.23
10032026|537707|0000000000147851|0000000000133530|0000000000147851|0000000000133530|100.00
10032026|537708|0000000000035597|0000000009532165|0000000000036658|0000000009808986|097.11
10032026|537709|0000000000019244|0000000000086680|0000000000019244|0000000000086680|100.00
10032026|537750|0000000000006726|0000000001203954|0000000000007844|0000000001424237|085.75
10032026|537766|0000000000022975|0000000000039064|0000000000022975|0000000000039064|100.00
10032026|537785|0000000000017072|0000000002048640|0000000000017072|0000000002044634|100.00
10032026|537800|0000000005427820|0000000004486883|0000000005427820|0000000004486883|100.00
10032026|537820|0000000000156568|0000000000380461|0000000000229817|0000000000549250|068.13
10032026|537839|0000000000002846|0000000000260239|0000000000004413|0000000000418315|064.49
10032026|537840|0000000000000001|0000000000000049|0000000000000001|0000000000000049|100.00
10032026|537985|0000000000002325|0000000000033666|0000000000002626|0000000000037976|088.54
10032026|538057|0000000000725912|0000000074551163|0000000000765104|0000000078485968|094.88
10032026|538081|0000000000001794|0000000000010675|0000000000001824|0000000000010178|098.36
10032026|538092|0000000000000013|0000000000001352|0000000000000013|0000000000001352|100.00
10032026|538119|0000000000000194|0000000000024414|0000000000000194|0000000000024414|100.00
10032026|538212|0000000000102092|0000000000039366|0000000000102092|0000000000039366|100.00
10032026|538268|0000000000003630|0000000001934246|0000000000004312|0000000002256703|084.18
10032026|538273|0000000000002252|0000000000057314|0000000000002352|0000000000058752|095.75
10032026|538351|0000000000023519|0000000000045282|0000000000023519|0000000000045282|100.00
10032026|538365|0000000000001043|0000000000036297|0000000000009525|0000000000321233|010.95
10032026|538395|0000000000000002|0000000000000170|0000000000000003|0000000000000255|066.67
10032026|538401|0000000000006139|0000000000825389|0000000000007115|0000000000965584|086.28
10032026|538422|0000000000176526|0000000000077672|0000000000217121|0000000000097881|081.30
10032026|538446|0000000000012086|0000000000824991|0000000000022398|0000000001535798|053.96
10032026|538451|0000000000637353|0000000001739974|0000000000787787|0000000002011872|080.90
10032026|538464|0000000000005827|0000000000024940|0000000000006276|0000000000025964|092.85
10032026|538465|0000000000016685|0000000000186539|0000000000016987|0000000000198409|098.22
10032026|538476|0000000000011782|0000000000194403|0000000000016442|0000000000281565|071.66
10032026|538496|0000000000009000|0000000000059220|0000000000015000|0000000000099720|060.00
10032026|538520|0000000000010864|0000000000018459|0000000000010864|0000000000018459|100.00
10032026|538521|0000000000000077|0000000000007136|0000000000001660|0000000000154028|004.64
10032026|538539|0000000000019591|0000000000175144|0000000000031802|0000000000281712|061.60
10032026|538540|0000000000054630|0000000000535374|0000000000054630|0000000000535374|100.00
10032026|538546|0000000000001972|0000000000223921|0000000000002657|0000000000299889|074.22
10032026|538556|0000000000002502|0000000000285854|0000000000002502|0000000000285228|100.00
10032026|538562|0000000000022739|0000000007791519|0000000000028023|0000000009451672|081.14
10032026|538563|0000000000000450|0000000000209880|0000000000000450|0000000000209880|100.00
10032026|538564|0000000000000254|0000000000076188|0000000000000390|0000000000118128|065.13
10032026|538565|0000000000007799|0000000001456641|0000000000007799|0000000001456641|100.00
10032026|538567|0000000000001914|0000000001967880|0000000000002972|0000000002984585|064.40
10032026|538568|0000000000000050|0000000000001805|0000000000000050|0000000000001888|100.00
10032026|538569|0000000000007063|0000000000007699|0000000000007063|0000000000007698|100.00
10032026|538596|0000000000003933|0000000000020320|0000000000003933|0000000000020320|100.00
10032026|538597|0000000000012318|0000000000114265|0000000000012318|0000000000114265|100.00
10032026|538598|0000000000099529|0000000001934844|0000000000145419|0000000002869469|068.44
10032026|538607|0000000000455770|0000000000396520|0000000000703045|0000000000610838|064.83
10032026|538609|0000000000007991|0000000000450933|0000000000008507|0000000000478295|093.93
10032026|538610|0000000000589455|0000000000530510|0000000000864043|0000000000776027|068.22
10032026|538611|0000000000000106|0000000000005682|0000000000000106|0000000000005682|100.00
10032026|538634|0000000000001067|0000000000127187|0000000000001899|0000000000223280|056.19
10032026|538635|0000000000533294|0000000019262580|0000000000542199|0000000019781295|098.36
10032026|538646|0000000000003305|0000000000140099|0000000000004391|0000000000185973|075.27
10032026|538647|0000000000165181|0000000005459233|0000000000165181|0000000005459229|100.00
10032026|538666|0000000000014958|0000000015379816|0000000000021964|0000000022465986|068.10
10032026|538668|0000000000021437|0000000011435568|0000000000030850|0000000016347361|069.49
10032026|538674|0000000000000001|0000000000000007|0000000000000001|0000000000000007|100.00
10032026|538683|0000000000004774|0000000004269484|0000000000016412|0000000014641054|029.09
10032026|538685|0000000000000453|0000000000043783|0000000000000525|0000000000050786|086.29
10032026|538706|0000000000081818|0000000000557999|0000000000097371|0000000000665420|084.03
10032026|538707|0000000000000047|0000000000001452|0000000000000059|0000000000001770|079.66
10032026|538708|0000000000000445|0000000000003182|0000000000000642|0000000000004475|069.31
10032026|538713|0000000000004285|0000000000889781|0000000000005842|0000000001210658|073.35
10032026|538714|0000000000000362|0000000000014459|0000000000000464|0000000000018337|078.02
10032026|538715|0000000000000641|0000000000213678|0000000000000801|0000000000266643|080.02
10032026|538716|0000000000000005|0000000000002090|0000000000000005|0000000000002090|100.00
10032026|538730|0000000000001490|0000000000434633|0000000000002089|0000000000609489|071.33
10032026|538732|0000000000016341|0000000000530103|0000000000016654|0000000000520450|098.12
10032026|538734|0000000000010923|0000000009505195|0000000000016920|0000000014704385|064.56
10032026|538742|0000000000001274|0000000000043040|0000000000001274|0000000000043040|100.00
10032026|538743|0000000000000133|0000000000001842|0000000000000133|0000000000001842|100.00
10032026|538770|0000000000000434|0000000000006194|0000000000000434|0000000000006159|100.00
10032026|538772|0000000000778858|0000000026465595|0000000000820126|0000000028615018|094.97
10032026|538778|0000000000031188|0000000000202722|0000000000037588|0000000000241828|082.97
10032026|538787|0000000000014159|0000000000154758|0000000000019324|0000000000208176|073.27
10032026|538788|0000000000004578|0000000000054936|0000000000005998|0000000000073138|076.33
10032026|538795|0000000000000568|0000000000150520|0000000000000618|0000000000164080|091.91
10032026|538817|0000000000130810|0000000001155053|0000000000161141|0000000001428856|081.18
10032026|538833|0000000000012782|0000000000116700|0000000000021917|0000000000199032|058.32
10032026|538834|0000000000018848|0000000000204878|0000000000020505|0000000000222648|091.92
10032026|538835|0000000000008955|0000000006061192|0000000000018562|0000000012588132|048.24
10032026|538836|0000000000000926|0000000000481011|0000000000001196|0000000000613352|077.42
10032026|538837|0000000000008642|0000000000552311|0000000000010415|0000000000685899|082.98
10032026|538838|0000000000000212|0000000000005618|0000000000000214|0000000000005769|099.07
10032026|538857|0000000000000340|0000000000004471|0000000000000340|0000000000004471|100.00
10032026|538860|0000000000012198|0000000000009027|0000000000012198|0000000000009482|100.00
10032026|538862|0000000000000200|0000000000007040|0000000000000202|0000000000006970|099.01
10032026|538868|0000000000047537|0000000000775804|0000000000056123|0000000000890221|084.70
10032026|538874|0000000000000394|0000000000006943|0000000000000396|0000000000007060|099.49
10032026|538875|0000000000556676|0000000003874465|0000000000721410|0000000005003517|077.16
10032026|538881|0000000000001118|0000000000024384|0000000000001168|0000000000025194|095.72
10032026|538882|0000000000083725|0000000004358724|0000000000148878|0000000007907006|056.24
10032026|538890|0000000000019620|0000000001061246|0000000000021141|0000000001116741|092.81
10032026|538891|0000000000075957|0000000001805498|0000000000150663|0000000003503096|050.42
10032026|538894|0000000000000039|0000000000000970|0000000000000040|0000000000000957|097.50
10032026|538895|0000000000006311|0000000000075543|0000000000006313|0000000000075763|099.97
10032026|538896|0000000000001154|0000000000383244|0000000000001373|0000000000456224|084.05
10032026|538902|0000000000000158|0000000000020849|0000000000000164|0000000000021479|096.34
10032026|538918|0000000000043883|0000000000351064|0000000000053705|0000000000432461|081.71
10032026|538919|0000000000000001|0000000000000023|0000000000000001|0000000000000022|100.00
10032026|538920|0000000000024323|0000000003264147|0000000000039543|0000000005248368|061.51
10032026|538922|0000000000002551|0000000000057398|0000000000002601|0000000000056820|098.08
10032026|538923|0000000000135583|0000000003232299|0000000000238679|0000000005815568|056.81
10032026|538926|0000000000000103|0000000000021316|0000000000000104|0000000000021536|099.04
10032026|538928|0000000000833783|0000000001033891|0000000000833814|0000000001016944|100.00
10032026|538935|0000000000000181|0000000000007286|0000000000000181|0000000000007466|100.00
10032026|538942|0000000000001393|0000000000029741|0000000000001974|0000000000042111|070.57
10032026|538943|0000000000000016|0000000000001552|0000000000000016|0000000000001552|100.00
10032026|538952|0000000000011940|0000000000014328|0000000000019561|0000000000023745|061.04
10032026|538961|0000000000011133|0000000000133151|0000000000011501|0000000000136148|096.80
10032026|538962|0000000000004330|0000000002193795|0000000000016069|0000000008205619|026.95
10032026|538964|0000000000000037|0000000000028564|0000000000000037|0000000000028625|100.00
10032026|538965|0000000000001875|0000000000144207|0000000000002648|0000000000202403|070.81
10032026|538970|0000000000449243|0000000003014421|0000000000626072|0000000004310437|071.76
10032026|538975|0000000001191218|0000000000231096|0000000001191218|0000000000231096|100.00
10032026|538979|0000000000000303|0000000000069115|0000000000000440|0000000000099837|068.86
10032026|538987|0000000000000681|0000000000433116|0000000000000754|0000000000479162|090.32
10032026|539005|0000000000000007|0000000000000108|0000000000000007|0000000000000107|100.00
10032026|539006|0000000000000109|0000000001925747|0000000000000198|0000000003471916|055.05
10032026|539011|0000000000000510|0000000000039898|0000000000001222|0000000000096279|041.73
10032026|539012|0000000000000081|0000000000007695|0000000000000088|0000000000007889|092.05
10032026|539013|0000000000000863|0000000000056492|0000000000000874|0000000000057151|098.74
10032026|539014|0000000000000102|0000000000000979|0000000000000102|0000000000000979|100.00
10032026|539015|0000000000002403|0000000000003722|0000000000002403|0000000000003722|100.00
10032026|539016|0000000000001158|0000000000007539|0000000000001426|0000000000009313|081.21
10032026|539017|0000000000136861|0000000000765053|0000000000159555|0000000000900788|085.78
10032026|539018|0000000000001670|0000000000648044|0000000000002094|0000000000820777|079.75
10032026|539031|0000000000000136|0000000000038329|0000000000000137|0000000000038428|099.27
10032026|539032|0000000000070965|0000000000772809|0000000000074368|0000000000817713|095.42
10032026|539040|0000000000035818|0000000000221714|0000000000054358|0000000000339443|065.89
10032026|539041|0000000000131250|0000000003085688|0000000000136250|0000000003104712|096.33
10032026|539042|0000000000009293|0000000002847840|0000000000042284|0000000013177638|021.98
10032026|539044|0000000000001114|0000000000062418|0000000000001181|0000000000065418|094.33
10032026|539045|0000000000006700|0000000000183821|0000000000006700|0000000000183821|100.00
10032026|539046|0000000000000955|0000000000111735|0000000000001692|0000000000197636|056.44
10032026|539056|0000000000177643|0000000007414819|0000000000249549|0000000010305716|071.19
10032026|539083|0000000000175025|0000000014507823|0000000000464336|0000000038309235|037.69
10032026|539090|0000000000000005|0000000000000163|0000000000000005|0000000000000162|100.00
10032026|539091|0000000000106337|0000000000082943|0000000000151751|0000000000117955|070.07
10032026|539097|0000000000195586|0000000000471363|0000000000247044|0000000000595162|079.17
10032026|539111|0000000000000301|0000000000004832|0000000000000338|0000000000005512|089.05
10032026|539112|0000000000000211|0000000000024434|0000000000000211|0000000000024433|100.00
10032026|539113|0000000000001398|0000000000684881|0000000000001546|0000000000750930|090.43
10032026|539115|0000000000003308|0000000000770599|0000000000003403|0000000000800424|097.21
10032026|539117|0000000000088969|0000000004331011|0000000000193994|0000000009510419|045.86
10032026|539118|0000000000002774|0000000000738855|0000000000005885|0000000001566299|047.14
10032026|539120|0000000000000168|0000000000009644|0000000000000179|0000000000010521|093.85
10032026|539121|0000000000003791|0000000000369054|0000000000006109|0000000000603112|062.06
10032026|539122|0000000000010591|0000000000186523|0000000000010591|0000000000186523|100.00
10032026|539123|0000000000001809|0000000000012067|0000000000002114|0000000000014569|085.57
10032026|539124|0000000000000724|0000000000013366|0000000000001432|0000000000026334|050.56
10032026|539126|0000000000061068|0000000000058667|0000000000061068|0000000000058667|100.00
10032026|539132|0000000000501767|0000000004500850|0000000000608443|0000000005468070|082.47
10032026|539141|0000000000001048|0000000000071013|0000000000001698|0000000000112664|061.72
10032026|539143|0000000000074031|0000000000526361|0000000000078716|0000000000564605|094.05
10032026|539148|0000000000000246|0000000000069422|0000000000000406|0000000000114637|060.59
10032026|539149|0000000000000616|0000000000002141|0000000000000616|0000000000002141|100.00
10032026|539150|0000000000006249|0000000001219805|0000000000010428|0000000002029320|059.93
10032026|539151|0000000000014911|0000000001211817|0000000000030633|0000000002477289|048.68
10032026|539167|0000000000000020|0000000000000632|0000000000000020|0000000000000632|100.00
10032026|539174|0000000000000071|0000000000001662|0000000000000122|0000000000002702|058.20
10032026|539175|0000000001208609|0000000004252685|0000000001208609|0000000004252685|100.00
10032026|539176|0000000000000241|0000000000019256|0000000000000309|0000000000024759|077.99
10032026|539177|0000000000086518|0000000041922297|0000000000269919|0000000126927032|032.05
10032026|539189|0000000000000145|0000000000001951|0000000000000258|0000000000003369|056.20
10032026|539195|0000000000033062|0000000006020591|0000000000045791|0000000008230907|072.20
10032026|539196|0000000000001360|0000000000164560|0000000000001795|0000000000219533|075.77
10032026|539199|0000000000007801|0000000003153945|0000000000014080|0000000005593383|055.40
10032026|539200|0000000000002596|0000000000002778|0000000000002596|0000000000002777|100.00
10032026|539201|0000000000005004|0000000000309898|0000000000007950|0000000000491818|062.94
10032026|539206|0000000000000101|0000000000002538|0000000000000101|0000000000002537|100.00
10032026|539216|0000000001184709|0000000002025853|0000000001551421|0000000002692141|076.36
10032026|539217|0000000003426624|0000000000822390|0000000005072820|0000000001263153|067.55
10032026|539218|0000000000000005|0000000000000744|0000000000000005|0000000000000743|100.00
10032026|539219|0000000000121143|0000000001092710|0000000000123186|0000000001116884|098.34
10032026|539220|0000000000020043|0000000000823567|0000000000020043|0000000000822663|100.00
10032026|539221|0000000000007371|0000000000828869|0000000000009421|0000000001038823|078.24
10032026|539222|0000000004197600|0000000004113648|0000000005622866|0000000005519173|074.65
10032026|539224|0000000000001792|0000000000052935|0000000000001792|0000000000052935|100.00
10032026|539226|0000000000003240|0000000000055113|0000000000005035|0000000000086726|064.35
10032026|539227|0000000000003049|0000000000524276|0000000000004397|0000000000773699|069.34
10032026|539228|0000000000116873|0000000000135008|0000000000116873|0000000000135008|100.00
10032026|539251|0000000000003116|0000000000040882|0000000000003345|0000000000044245|093.15
10032026|539252|0000000000015056|0000000000071968|0000000000019078|0000000000089979|078.92
10032026|539254|0000000000022483|0000000022792142|0000000000036318|0000000036684112|061.91
10032026|539255|0000000000005638|0000000002632665|0000000000007071|0000000003343786|079.73
10032026|539267|0000000000001902|0000000000036024|0000000000001902|0000000000035204|100.00
10032026|539268|0000000000022123|0000000009067112|0000000000040095|0000000016192544|055.18
10032026|539273|0000000000000500|0000000000162000|0000000000000500|0000000000162000|100.00
10032026|539275|0000000000000540|0000000000074034|0000000000000635|0000000000088913|085.04
10032026|539276|0000000000000012|0000000000003806|0000000000000013|0000000000004121|092.31
10032026|539277|0000000030201695|0000000004228238|0000000042759577|0000000006069775|070.63
10032026|539278|0000000000022495|0000000000038692|0000000000027000|0000000000046505|083.31
10032026|539288|0000000000325013|0000000008670405|0000000000325013|0000000008670405|100.00
10032026|539289|0000000000001316|0000000000220430|0000000000001572|0000000000264709|083.72
10032026|539290|0000000000013156|0000000000332584|0000000000018229|0000000000459174|072.17
10032026|539300|0000000000007872|0000000001885344|0000000000008824|0000000002099801|089.21
10032026|539301|0000000000136629|0000000072809595|0000000000355201|0000000198622057|038.47
10032026|539302|0000000000001339|0000000002654300|0000000000002756|0000000005430470|048.58
10032026|539309|0000000000379025|0000000002251409|0000000000587828|0000000003523039|064.48
10032026|539310|0000000001926106|0000000000365961|0000000002309327|0000000000425512|083.41
10032026|539312|0000000000000286|0000000000245752|0000000000000474|0000000000407353|060.34
10032026|539313|0000000000003075|0000000000820995|0000000000003155|0000000000841023|097.46
10032026|539314|0000000000005077|0000000000291014|0000000000005462|0000000000304378|092.95
10032026|539331|0000000000006188|0000000000618800|0000000000006549|0000000000649451|094.49
10032026|539332|0000000000009805|0000000000884215|0000000000017729|0000000001595109|055.30
10032026|539334|0000000000001191|0000000000379274|0000000000002016|0000000000627320|059.08
10032026|539335|0000000000005819|0000000001137443|0000000000005819|0000000001137443|100.00
10032026|539336|0000000000013201|0000000004950375|0000000000026825|0000000010023606|049.21
10032026|539337|0000000000009800|0000000001417570|0000000000013825|0000000001992690|070.89
10032026|539346|0000000000075494|0000000000230257|0000000000085299|0000000000261513|088.51
10032026|539353|0000000000000854|0000000000159827|0000000000000855|0000000000159032|099.88
10032026|539354|0000000000001489|0000000000043837|0000000000002353|0000000000064694|063.28
10032026|539359|0000000000004627|0000000000059226|0000000000005153|0000000000065116|089.79
10032026|539378|0000000000000101|0000000000005631|0000000000000101|0000000000005634|100.00
10032026|539383|0000000000002923|0000000000024627|0000000000002923|0000000000024627|100.00
10032026|539391|0000000000001217|0000000000035723|0000000000001217|0000000000035723|100.00
10032026|539398|0000000000000240|0000000000013078|0000000000000388|0000000000021035|061.86
10032026|539399|0000000000002452|0000000000647451|0000000000008830|0000000002346000|027.77
10032026|539400|0000000000000202|0000000000219110|0000000000000204|0000000000218936|099.02
10032026|539402|0000000000005731|0000000000027796|0000000000005731|0000000000027709|100.00
10032026|539404|0000000000001696|0000000000251517|0000000000002215|0000000000326932|076.57
10032026|539405|0000000000004245|0000000000063888|0000000000004247|0000000000069114|099.95
10032026|539406|0000000000006821|0000000000354829|0000000000007211|0000000000375972|094.59
10032026|539407|0000000000001086|0000000000047003|0000000000001088|0000000000047403|099.82
10032026|539408|0000000000000012|0000000000000165|0000000000000012|0000000000000164|100.00
10032026|539409|0000000000000001|0000000000000016|0000000000000001|0000000000000016|100.00
10032026|539428|0000000000014444|0000000000187772|0000000000014841|0000000000190815|097.32
10032026|539435|0000000000000215|0000000000006328|0000000000000242|0000000000007170|088.84
10032026|539436|0000000000061171|0000000001635101|0000000000107541|0000000002870268|056.88
10032026|539437|0000000001693913|0000000113983406|0000000004024123|0000000268449951|042.09
10032026|539448|0000000000078057|0000000342080900|0000000000132719|0000000583187663|058.81
10032026|539449|0000000000050843|0000000000103720|0000000000078229|0000000000158918|064.99
10032026|539450|0000000000025806|0000000003432198|0000000000041028|0000000005417627|062.90
10032026|539455|0000000000031936|0000000001709215|0000000000048606|0000000002564809|065.70
10032026|539468|0000000000001999|0000000000091954|0000000000002019|0000000000091847|099.01
10032026|539469|0000000000009951|0000000000427595|0000000000011111|0000000000471027|089.56
10032026|539470|0000000000248613|0000000000146682|0000000000386916|0000000000229262|064.26
10032026|539479|0000000000052129|0000000003057366|0000000000073888|0000000004379337|070.55
10032026|539487|0000000000000025|0000000000022010|0000000000000025|0000000000022009|100.00
10032026|539492|0000000000004462|0000000000052652|0000000000004628|0000000000054824|096.41
10032026|539494|0000000000011991|0000000000085137|0000000000018908|0000000000136249|063.42
10032026|539506|0000000000744816|0000000000342616|0000000000940712|0000000000425271|079.18
10032026|539515|0000000000002410|0000000000094858|0000000000003626|0000000000145857|066.46
10032026|539516|0000000000005433|0000000001478428|0000000000005783|0000000001568212|093.95
10032026|539517|0000000000008597|0000000000758858|0000000000010379|0000000000913349|082.83
10032026|539518|0000000000002229|0000000000291442|0000000000002420|0000000000310096|092.11
10032026|539519|0000000000275406|0000000000198293|0000000000302499|0000000000219345|091.04
10032026|539522|0000000000000821|0000000000030049|0000000000000872|0000000000033687|094.15
10032026|539523|0000000000102465|0000000575755959|0000000000106335|0000000598057426|096.36
10032026|539524|0000000000002264|0000000003117981|0000000000004216|0000000005820125|053.70
10032026|539526|0000000000152148|0000000000091289|0000000000188531|0000000000113439|080.70
10032026|539527|0000000000000005|0000000000002744|0000000000000005|0000000000002745|100.00
10032026|539528|0000000000045995|0000000001579468|0000000000045995|0000000001579468|100.00
10032026|539533|0000000000798162|0000000041688002|0000000001187267|0000000061916508|067.23
10032026|539542|0000000000000504|0000000000442941|0000000000000726|0000000000640326|069.42
10032026|539544|0000000000002473|0000000000017707|0000000000002473|0000000000017369|100.00
10032026|539545|0000000000000436|0000000000015753|0000000000000441|0000000000015170|098.87
10032026|539546|0000000000010553|0000000002766997|0000000000018055|0000000004762563|058.45
10032026|539551|0000000000004626|0000000008095500|0000000000009321|0000000016399421|049.63
10032026|539552|0000000000015391|0000000001013806|0000000000018748|0000000001247121|082.09
10032026|539559|0000000003192602|0000000008907360|0000000004089256|0000000011279153|078.07
10032026|539561|0000000014162138|0000000006089720|0000000017264073|0000000007277916|082.03
10032026|539562|0000000000002693|0000000000065602|0000000000003486|0000000000084832|077.25
10032026|539574|0000000008366001|0000000001756861|0000000012446332|0000000002659287|067.22
10032026|539584|0000000009113001|0000000002070789|0000000009113001|0000000002070789|100.00
10032026|539593|0000000000019962|0000000000134345|0000000000028566|0000000000190558|069.88
10032026|539594|0000000000899168|0000000003623648|0000000001216610|0000000004913630|073.91
10032026|539598|0000000000002701|0000000000082462|0000000000005862|0000000000181105|046.08
10032026|539599|0000000000000001|0000000000000027|0000000000000001|0000000000000026|100.00
10032026|539607|0000000000478540|0000000009561230|0000000000895564|0000000017912920|053.43
10032026|539620|0000000000007877|0000000000109491|0000000000009040|0000000000127683|087.13
10032026|539621|0000000000040259|0000000000020130|0000000000043751|0000000000021662|092.02
10032026|539636|0000000000005244|0000000000670184|0000000000007014|0000000000886180|074.76
10032026|539658|0000000000000640|0000000000722208|0000000000001165|0000000001305169|054.94
10032026|539659|0000000000000764|0000000000038200|0000000000000814|0000000000040558|093.86
10032026|539660|0000000000153760|0000000002474630|0000000000153760|0000000002474630|100.00
10032026|539661|0000000000000002|0000000000000206|0000000000000002|0000000000000202|100.00
10032026|539662|0000000000016783|0000000000150376|0000000000020329|0000000000183354|082.56
10032026|539669|0000000000012887|0000000000012371|0000000000012887|0000000000012371|100.00
10032026|539673|0000000000014767|0000000000060101|0000000000014767|0000000000060101|100.00
10032026|539678|0000000000004445|0000000000694976|0000000000007168|0000000001106856|062.01
10032026|539679|0000000000830726|0000000001661452|0000000001040235|0000000002132038|079.86
10032026|539682|0000000000001105|0000000001332203|0000000000001105|0000000001332203|100.00
10032026|539686|0000000000043872|0000000011797181|0000000000058427|0000000015289617|075.09
10032026|539692|0000000000007824|0000000000112823|0000000000009147|0000000000123379|085.54
10032026|539697|0000000000006888|0000000000289606|0000000000006888|0000000000289606|100.00
10032026|539724|0000000000016972|0000000001630208|0000000000016972|0000000001630208|100.00
10032026|539725|0000000000018987|0000000003095831|0000000000023967|0000000003888760|079.22
10032026|539730|0000000000009564|0000000016172246|0000000000013708|0000000023372526|069.77
10032026|539742|0000000000003675|0000000000029914|0000000000003675|0000000000029914|100.00
10032026|539760|0000000000002664|0000000000088525|0000000000003704|0000000000120837|071.92
10032026|539761|0000000000810410|0000000000745578|0000000001163841|0000000001068059|069.63
10032026|539762|0000000000017126|0000000000575605|0000000000020344|0000000000662418|084.18
10032026|539767|0000000000000551|0000000000022581|0000000000000551|0000000000022581|100.00
10032026|539770|0000000000000873|0000000000022472|0000000000000873|0000000000022471|100.00
10032026|539773|0000000001118635|0000000001834562|0000000001394103|0000000002285959|080.24
10032026|539784|0000000000000029|0000000000007854|0000000000000029|0000000000007853|100.00
10032026|539785|0000000000001700|0000000000129625|0000000000001998|0000000000152868|085.08
10032026|539787|0000000000000779|0000000000449328|0000000000001490|0000000000856910|052.28
10032026|539798|0000000000003868|0000000000126136|0000000000003868|0000000000126489|100.00
10032026|539799|0000000000003584|0000000000586880|0000000000005939|0000000000963646|060.35
10032026|539800|0000000000000540|0000000000002706|0000000000000540|0000000000002711|100.00
10032026|539807|0000000000361018|0000000005458593|0000000000659981|0000000009898022|054.70
10032026|539814|0000000000004898|0000000001011927|0000000000006159|0000000001209878|079.53
10032026|539834|0000000000001660|0000000000274730|0000000000001660|0000000000275792|100.00
10032026|539835|0000000000003462|0000000000005990|0000000000003656|0000000000006350|094.69
10032026|539837|0000000000000809|0000000000565127|0000000000001337|0000000000920075|060.51
10032026|539841|0000000000300323|0000000002750959|0000000000403669|0000000003702227|074.40
10032026|539843|0000000000000217|0000000000071003|0000000000000243|0000000000073989|089.30
10032026|539854|0000000000000001|0000000000000263|0000000000000001|0000000000000262|100.00
10032026|539871|0000000000003694|0000000001382849|0000000000006237|0000000002323417|059.23
10032026|539872|0000000000003570|0000000001121694|0000000000005453|0000000001718403|065.47
10032026|539875|0000000000000300|0000000000024942|0000000000000466|0000000000038366|064.38
10032026|539876|0000000000020389|0000000005002442|0000000000044410|0000000010878559|045.91
10032026|539883|0000000000000062|0000000000279000|0000000000000085|0000000000380829|072.94
10032026|539884|0000000000014976|0000000000037141|0000000000023726|0000000000059287|063.12
10032026|539889|0000000000006752|0000000001358840|0000000000018591|0000000003699639|036.32
10032026|539894|0000000000228505|0000000001809760|0000000000247190|0000000001958491|092.44
10032026|539895|0000000000078452|0000000002362975|0000000000080823|0000000002435502|097.07
10032026|539900|0000000000006020|0000000000053577|0000000000006020|0000000000053577|100.00
10032026|539911|0000000000000635|0000000000008071|0000000000000635|0000000000008070|100.00
10032026|539917|0000000000091752|0000000000397287|0000000000122504|0000000000531326|074.90
10032026|539921|0000000000912133|0000000169246279|0000000001314779|0000000244718825|069.38
10032026|539922|0000000000000279|0000000000035353|0000000000000279|0000000000035353|100.00
10032026|539927|0000000000000035|0000000000013737|0000000000000035|0000000000013737|100.00
10032026|539938|0000000000000296|0000000000009780|0000000000000298|0000000000009867|099.33
10032026|539939|0000000000002198|0000000000143046|0000000000002594|0000000000164570|084.73
10032026|539945|0000000000026483|0000000000377648|0000000000037041|0000000000525444|071.50
10032026|539946|0000000000022024|0000000000445766|0000000000024076|0000000000460443|091.48
10032026|539956|0000000000000762|0000000002137410|0000000000000925|0000000002604021|082.38
10032026|539957|0000000000007099|0000000007411002|0000000000013594|0000000014190423|052.22
10032026|539963|0000000000206815|0000000002552138|0000000000206815|0000000002552138|100.00
10032026|539978|0000000000001593|0000000000301794|0000000000005060|0000000000951805|031.48
10032026|539979|0000000000000210|0000000000008558|0000000000001183|0000000000048424|017.75
10032026|539980|0000000000005622|0000000000095462|0000000000014116|0000000000236859|039.83
10032026|539984|0000000000001727|0000000004113974|0000000000002652|0000000006471941|065.12
10032026|539985|0000000000006000|0000000000151500|0000000000006000|0000000000151500|100.00
10032026|539986|0000000000024942|0000000003866010|0000000000025747|0000000003970469|096.87
10032026|539991|0000000000021279|0000000000648584|0000000000021532|0000000000667180|098.82
10032026|539992|0000000000133342|0000000005985723|0000000000296959|0000000013226536|044.90
10032026|539997|0000000000016843|0000000026270028|0000000000038653|0000000059538015|043.57
10032026|540005|0000000000002674|0000000011558767|0000000000004965|0000000021386780|053.86
10032026|540006|0000000000068086|0000000000196088|0000000000082296|0000000000241900|082.73
10032026|540008|0000000000000038|0000000000002959|0000000000000069|0000000000005375|055.07
10032026|540023|0000000000005722|0000000000073172|0000000000005722|0000000000073172|100.00
10032026|540025|0000000000004139|0000000001209623|0000000000006143|0000000001810380|067.38
10032026|540026|0000000000001152|0000000000007719|0000000000001275|0000000000008917|090.35
10032026|540047|0000000000003556|0000000001630960|0000000000009320|0000000004190325|038.15
10032026|540048|0000000000000653|0000000000449722|0000000000000958|0000000000651203|068.16
10032026|540061|0000000000004510|0000000000227124|0000000000005218|0000000000264157|086.43
10032026|540062|0000000000000031|0000000000008401|0000000000000031|0000000000008152|100.00
10032026|540065|0000000000035441|0000000010954814|0000000000097505|0000000029657439|036.35
10032026|540066|0000000000001065|0000000000036753|0000000000001065|0000000000036753|100.00
10032026|540073|0000000000060815|0000000015377073|0000000000102547|0000000025708734|059.30
10032026|540078|0000000000010988|0000000001045509|0000000000014473|0000000001355803|075.92
10032026|540079|0000000000082160|0000000000123240|0000000000151258|0000000000225615|054.32
10032026|540080|0000000000081521|0000000000357062|0000000000108629|0000000000472435|075.05
10032026|540081|0000000000000003|0000000000000045|0000000000000003|0000000000000045|100.00
10032026|540082|0000000000002250|0000000000560025|0000000000002250|0000000000560025|100.00
10032026|540083|0000000000001018|0000000000005897|0000000000001018|0000000000005897|100.00
10032026|540097|0000000000214205|0000000008336859|0000000000242743|0000000009426855|088.24
10032026|540108|0000000000000001|0000000000000006|0000000000000001|0000000000000006|100.00
10032026|540115|0000000000004086|0000000012863341|0000000000008452|0000000026453993|048.34
10032026|540124|0000000000003670|0000000001570577|0000000000007001|0000000003050965|052.42
10032026|540125|0000000000015335|0000000000959971|0000000000020805|0000000001258454|073.71
10032026|540132|0000000000000194|0000000000002674|0000000000000226|0000000000003107|085.84
10032026|540133|0000000000009862|0000000005933966|0000000000016444|0000000009914481|059.97
10032026|540134|0000000000000640|0000000000005920|0000000000000640|0000000000005920|100.00
10032026|540135|0000000000551265|0000000000303196|0000000000993430|0000000000550393|055.49
10032026|540136|0000000000003576|0000000001142532|0000000000007082|0000000002232380|050.49
10032026|540143|0000000000000307|0000000000024560|0000000000000307|0000000000024560|100.00
10032026|540145|0000000000000399|0000000000086763|0000000000000940|0000000000202691|042.45
10032026|540146|0000000000001000|0000000000033200|0000000000001000|0000000000033200|100.00
10032026|540147|0000000000005130|0000000000016006|0000000000007575|0000000000023398|067.72
10032026|540153|0000000000000734|0000000001815219|0000000000001499|0000000003671675|048.97
10032026|540159|0000000000000102|0000000000000529|0000000000000102|0000000000000528|100.00
10032026|540168|0000000000047334|0000000001263345|0000000000061358|0000000001628712|077.14
10032026|540173|0000000000004765|0000000003766495|0000000000014476|0000000011315597|032.92
10032026|540174|0000000000000206|0000000000004444|0000000000000206|0000000000004441|100.00
10032026|540175|0000000000744629|0000000020618778|0000000000763434|0000000021623644|097.54
10032026|540180|0000000000053539|0000000023375128|0000000000100611|0000000044070666|053.21
10032026|540189|0000000000000124|0000000000002963|0000000000000124|0000000000002963|100.00
10032026|540190|0000000001842437|0000000000681702|0000000002353132|0000000000880968|078.30
10032026|540192|0000000000005443|0000000000076856|0000000000006773|0000000000095098|080.36
10032026|540198|0000000000032175|0000000013860990|0000000000041938|0000000018054515|076.72
10032026|540199|0000000000000383|0000000000021590|0000000000000402|0000000000022714|095.27
10032026|540203|0000000000002460|0000000001275633|0000000000003946|0000000002026945|062.34
10032026|540204|0000000000015289|0000000000793805|0000000000023912|0000000001235344|063.94
10032026|540205|0000000000011815|0000000005464438|0000000000018936|0000000008600661|062.39
10032026|540210|0000000000007129|0000000000049476|0000000000018886|0000000000136495|037.75
10032026|540212|0000000000000409|0000000000210574|0000000000000614|0000000000316680|066.61
10032026|540222|0000000000021770|0000000022582021|0000000000053408|0000000055522511|040.76
10032026|540243|0000000000159298|0000000000216646|0000000000173416|0000000000239893|091.86
10032026|540252|0000000000080280|0000000000719309|0000000000118919|0000000001082922|067.51
10032026|540254|0000000000003388|0000000000091476|0000000000003651|0000000000100959|092.80
10032026|540259|0000000002886911|0000000000692859|0000000003510851|0000000000879885|082.23
10032026|540266|0000000000010832|0000000000172446|0000000000012396|0000000000195262|087.38
10032026|540267|0000000000033084|0000000000231919|0000000000033084|0000000000231918|100.00
10032026|540268|0000000000049687|0000000000327935|0000000000049716|0000000000328097|099.94
10032026|540269|0000000000060000|0000000000576000|0000000000060000|0000000000576000|100.00
10032026|540293|0000000000006598|0000000003702798|0000000000013050|0000000007222894|050.56
10032026|540310|0000000000000500|0000000000022330|0000000000000500|0000000000022330|100.00
10032026|540311|0000000000001051|0000000000355695|0000000000001051|0000000000355695|100.00
10032026|540358|0000000000013750|0000000005559813|0000000000018750|0000000007442575|073.33
10032026|540359|0000000000000251|0000000000007505|0000000000000252|0000000000007515|099.60
10032026|540360|0000000001421317|0000000003297456|0000000002149384|0000000005009933|066.13
10032026|540361|0000000000006039|0000000000025666|0000000000007612|0000000000032174|079.34
10032026|540366|0000000000031815|0000000000181346|0000000000040712|0000000000232172|078.15
10032026|540376|0000000000004812|0000000019007882|0000000000009019|0000000035616399|053.35
10032026|540377|0000000003020693|0000000001178071|0000000004864822|0000000001841345|062.09
10032026|540386|0000000000801033|0000000001121447|0000000000954042|0000000001344304|083.96
10032026|540393|0000000000000993|0000000000068776|0000000000001107|0000000000075720|089.70
10032026|540395|0000000000004865|0000000000431185|0000000000008380|0000000000727209|058.05
10032026|540396|0000000000005553|0000000001214719|0000000000006020|0000000001314516|092.24
10032026|540401|0000000000015532|0000000000141497|0000000000019739|0000000000177381|078.69
10032026|540403|0000000000004961|0000000000254996|0000000000007043|0000000000353423|070.44
10032026|540404|0000000000018043|0000000004279800|0000000000067636|0000000016662260|026.68
10032026|540405|0000000000000013|0000000000000806|0000000000000013|0000000000000788|100.00
10032026|540425|0000000000001281|0000000000133224|0000000000001966|0000000000204384|065.16
10032026|540455|0000000000000297|0000000000030250|0000000000000368|0000000000038307|080.71
10032026|540481|0000000000000068|0000000000003565|0000000000000085|0000000000004388|080.00
10032026|540492|0000000003300738|0000000041357832|0000000003300738|0000000041357832|100.00
10032026|540497|0000000000001264|0000000000191623|0000000000001326|0000000000197779|095.32
10032026|540515|0000000000000201|0000000000002566|0000000000000201|0000000000002566|100.00
10032026|540519|0000000000007758|0000000000252911|0000000000016900|0000000000557173|045.91
10032026|540526|0000000000059667|0000000003603291|0000000000066205|0000000004004825|090.12
10032026|540530|0000000000143570|0000000025806708|0000000000273135|0000000048519002|052.56
10032026|540544|0000000000001490|0000000001029739|0000000000002063|0000000001430892|072.22
10032026|540545|0000000000081580|0000000003165642|0000000000081580|0000000003165642|100.00
10032026|540565|0000000000007443|0000000001229138|0000000000010695|0000000001769469|069.59
10032026|540570|0000000000075624|0000000000321402|0000000000095878|0000000000409888|078.88
10032026|540575|0000000000010670|0000000002134000|0000000000016472|0000000003287700|064.78
10032026|540590|0000000000000216|0000000000013112|0000000000000266|0000000000016141|081.20
10032026|540595|0000000000603015|0000000280492428|0000000001849959|0000000845055011|032.60
10032026|540596|0000000000000979|0000000001322434|0000000000001565|0000000002106495|062.56
10032026|540597|0000000000004877|0000000000072668|0000000000005374|0000000000080121|090.75
10032026|540602|0000000000004631|0000000000295134|0000000000005042|0000000000313606|091.85
10032026|540611|0000000000011130|0000000010441053|0000000000022166|0000000020832831|050.21
10032026|540612|0000000000033405|0000000000726893|0000000000066910|0000000001449921|049.93
10032026|540614|0000000004785775|0000000002249315|0000000006923118|0000000003247119|069.13
10032026|540615|0000000000009093|0000000000031008|0000000000014154|0000000000048049|064.24
10032026|540642|0000000000133336|0000000000980020|0000000000230001|0000000001673468|057.97
10032026|540647|0000000000000104|0000000000012896|0000000000000604|0000000000072298|017.22
10032026|540648|0000000000000125|0000000000011088|0000000000000127|0000000000011213|098.43
10032026|540649|0000000000008686|0000000003674613|0000000000010392|0000000004344047|083.58
10032026|540650|0000000000000389|0000000000177132|0000000000000465|0000000000210639|083.66
10032026|540651|0000000000004000|0000000000240000|0000000000004000|0000000000239800|100.00
10032026|540652|0000000000001500|0000000000264000|0000000000001500|0000000000264750|100.00
10032026|540654|0000000000022336|0000000000425501|0000000000030433|0000000000593822|073.39
10032026|540669|0000000000002820|0000000000203802|0000000000003772|0000000000271753|074.76
10032026|540673|0000000000000901|0000000000261110|0000000000001615|0000000000466044|055.79
10032026|540678|0000000000117588|0000000173383506|0000000000189793|0000000278728586|061.96
10032026|540679|0000000000000002|0000000000002580|0000000000000003|0000000000003887|066.67
10032026|540680|0000000000007053|0000000002214290|0000000000012858|0000000003988673|054.85
10032026|540686|0000000000000890|0000000000103730|0000000000000953|0000000000113384|093.39
10032026|540691|0000000000066338|0000000022047435|0000000000122602|0000000040376866|054.11
10032026|540692|0000000000008035|0000000002861666|0000000000018860|0000000006690143|042.60
10032026|540693|0000000000341253|0000000005108557|0000000000341253|0000000005108557|100.00
10032026|540694|0000000000004940|0000000000113373|0000000000008695|0000000000196805|056.81
10032026|540696|0000000000041774|0000000000218896|0000000000061970|0000000000323992|067.41
10032026|540699|0000000000066755|0000000728847779|0000000000201278|0000002112130317|033.17
10032026|540700|0000000000007432|0000000000136378|0000000000009357|0000000000170400|079.43
10032026|540701|0000000000029031|0000000004784309|0000000000037706|0000000006074352|076.99
10032026|540702|0000000000017288|0000000000137440|0000000000018369|0000000000144419|094.12
10032026|540703|0000000000025362|0000000001022849|0000000000025362|0000000001022849|100.00
10032026|540704|0000000000000783|0000000000313200|0000000000001060|0000000000425684|073.87
10032026|540709|0000000000143733|0000000000337475|0000000000143733|0000000000337475|100.00
10032026|540710|0000000000008995|0000000001968106|0000000000019643|0000000004321922|045.79
10032026|540716|0000000000001858|0000000003511063|0000000000003747|0000000007092843|049.59
10032026|540717|0000000000009942|0000000000181442|0000000000012893|0000000000236957|077.11
10032026|540718|0000000000059625|0000000066455044|0000000000075500|0000000084198450|078.97
10032026|540719|0000000000002618|0000000005140443|0000000000006428|0000000012541535|040.73
10032026|540724|0000000000000535|0000000000531844|0000000000000788|0000000000776622|067.89
10032026|540725|0000000000015811|0000000002155830|0000000000024461|0000000003306838|064.64
10032026|540726|0000000000001612|0000000000088983|0000000000001612|0000000000088982|100.00
10032026|540727|0000000000003880|0000000000099251|0000000000005297|0000000000136366|073.25
10032026|540728|0000000000001250|0000000000118938|0000000000001939|0000000000184736|064.47
10032026|540730|0000000000825760|0000000001056973|0000000000904474|0000000001156876|091.30
10032026|540735|0000000000000188|0000000000046408|0000000000000189|0000000000046543|099.47
10032026|540737|0000000000000924|0000000000456826|0000000000001350|0000000000667743|068.44
10032026|540738|0000000000029794|0000000000212432|0000000000045108|0000000000325294|066.05
10032026|540743|0000000000010572|0000000006359058|0000000000014978|0000000009016651|070.58
10032026|540749|0000000000004389|0000000001359493|0000000000006505|0000000001986893|067.47
10032026|540750|0000000000198677|0000000024049851|0000000000360312|0000000043420898|055.14
10032026|540755|0000000000003344|0000000001226078|0000000000006644|0000000002431377|050.33
10032026|540757|0000000000001012|0000000000351447|0000000000001012|0000000000351447|100.00
10032026|540762|0000000000002409|0000000006382766|0000000000004732|0000000012447267|050.91
10032026|540767|0000000000020917|0000000018359897|0000000000056942|0000000049396477|036.73
10032026|540768|0000000000003684|0000000001462180|0000000000006114|0000000002427233|060.26
10032026|540769|0000000000012202|0000000001685097|0000000000023930|0000000003287414|050.99
10032026|540774|0000000000000277|0000000000042825|0000000000000466|0000000000072299|059.44
10032026|540775|0000000000002462|0000000000269343|0000000000005449|0000000000585334|045.18
10032026|540776|0000000000001693|0000000000523391|0000000000003210|0000000000980064|052.74
10032026|540777|0000000000090362|0000000059259400|0000000000116033|0000000076313155|077.88
10032026|540786|0000000000020257|0000000000221612|0000000000022963|0000000000250148|088.22
10032026|540787|0000000000049447|0000000006057258|0000000000066656|0000000008253888|074.18
10032026|540788|0000000000000888|0000000000050279|0000000000001621|0000000000094309|054.78
10032026|540789|0000000000009294|0000000000030671|0000000000009795|0000000000032304|094.89
10032026|540795|0000000000009741|0000000002707024|0000000000013989|0000000003847238|069.63
10032026|540796|0000000000004500|0000000000891675|0000000000004500|0000000000891630|100.00
10032026|540797|0000000000004496|0000000000657540|0000000000007306|0000000001067677|061.54
10032026|540809|0000000000167924|0000000007219053|0000000000291312|0000000012493653|057.64
10032026|540821|0000000000018080|0000000000030736|0000000000021730|0000000000037120|083.20
10032026|540824|0000000000002784|0000000000010942|0000000000003190|0000000000012668|087.27
10032026|540829|0000000000054453|0000000000326174|0000000000061716|0000000000367950|088.23
10032026|540850|0000000000003000|0000000000102510|0000000000003000|0000000000102510|100.00
10032026|540874|0000000000012961|0000000000895217|0000000000016442|0000000001132915|078.83
10032026|540879|0000000000129696|0000000028247789|0000000000312530|0000000067339374|041.50
10032026|540900|0000000000040165|0000000018783163|0000000000100860|0000000046647916|039.82
10032026|540901|0000000000014238|0000000000097673|0000000000017593|0000000000116285|080.93
10032026|540902|0000000000004427|0000000033275325|0000000000015684|0000000116234278|028.23
10032026|540904|0000000000000302|0000000000022310|0000000000000302|0000000000022310|100.00
10032026|540914|0000000001415329|0000000002519286|0000000002173896|0000000003952810|065.11
10032026|540923|0000000000004747|0000000000067978|0000000000004869|0000000000068437|097.49
10032026|540935|0000000000000175|0000000000328099|0000000000000230|0000000000429077|076.09
10032026|540936|0000000000009141|0000000000028977|0000000000012274|0000000000038403|074.47
10032026|540937|0000000000000826|0000000000033999|0000000000000919|0000000000037443|089.88
10032026|540938|0000000000050000|0000000000421500|0000000000050000|0000000000437300|100.00
10032026|540952|0000000000002074|0000000000014145|0000000000002140|0000000000014784|096.92
10032026|540953|0000000000094585|0000000000218492|0000000000137476|0000000000317995|068.80
10032026|540954|0000000000005609|0000000000191492|0000000000009263|0000000000317126|060.55
10032026|540955|0000000000005113|0000000000031558|0000000000005113|0000000000031558|100.00
10032026|540956|0000000000008698|0000000000189269|0000000000013347|0000000000290428|065.17
10032026|540961|0000000000000006|0000000000000342|0000000000000009|0000000000000499|066.67
10032026|540975|0000000000006748|0000000004488433|0000000000022552|0000000015003506|029.92
10032026|540980|0000000000000010|0000000000270000|0000000000000010|0000000000270000|100.00
10032026|541005|0000000000000002|0000000000000127|0000000000000002|0000000000000126|100.00
10032026|541006|0000000000012000|0000000000157200|0000000000012000|0000000000157200|100.00
10032026|541019|0000000000005348|0000000002622927|0000000000011221|0000000005465873|047.66
10032026|541083|0000000000002750|0000000000838750|0000000000003000|0000000000900737|091.67
10032026|541096|0000000000001057|0000000001098382|0000000000001066|0000000001111344|099.16
10032026|541097|0000000000011494|0000000011494000|0000000000012108|0000000012108024|094.93
10032026|541143|0000000000089510|0000000123984777|0000000000240723|0000000326731318|037.18
10032026|541144|0000000000000706|0000000000066675|0000000000001278|0000000000119996|055.24
10032026|541152|0000000000014595|0000000000091712|0000000000014595|0000000000091712|100.00
10032026|541153|0000000000178667|0000000032570995|0000000000323162|0000000058112224|055.29
10032026|541154|0000000000061032|0000000246514352|0000000000114299|0000000454681787|053.40
10032026|541161|0000000000509678|0000000000096838|0000000000509678|0000000000096838|100.00
10032026|541163|0000000000006445|0000000003240869|0000000000007806|0000000003906266|082.56
10032026|541167|0000000000000864|0000000001201522|0000000000001541|0000000002150184|056.07
10032026|541178|0000000000012000|0000000000111200|0000000000012000|0000000000111200|100.00
10032026|541195|0000000000011185|0000000003835896|0000000000033172|0000000011269104|033.72
10032026|541228|0000000000008244|0000000000828522|0000000000012451|0000000001263710|066.21
10032026|541233|0000000000153432|0000000016562985|0000000000304682|0000000032873938|050.36
10032026|541269|0000000000000170|0000000000061761|0000000000000193|0000000000070309|088.08
10032026|541276|0000000000029476|0000000000510745|0000000000029476|0000000000510745|100.00
10032026|541301|0000000000003748|0000000000655526|0000000000005051|0000000000877930|074.20
10032026|541302|0000000000000903|0000000000027253|0000000000001377|0000000000042372|065.58
10032026|541303|0000000000441456|0000000000180997|0000000000528155|0000000000209760|083.58
10032026|541304|0000000000007755|0000000000779766|0000000000008936|0000000000902116|086.78
10032026|541313|0000000000005319|0000000000202867|0000000000006489|0000000000244807|081.97
10032026|541336|0000000000003962|0000000000837171|0000000000005245|0000000001102977|075.54
10032026|541338|0000000000002763|0000000000033847|0000000000003370|0000000000042516|081.99
10032026|541347|0000000000004538|0000000000035168|0000000000004538|0000000000035168|100.00
10032026|541352|0000000000000433|0000000000101647|0000000000000660|0000000000154457|065.61
10032026|541353|0000000000021600|0000000002700000|0000000000023200|0000000002900400|093.10
10032026|541358|0000000000002577|0000000000248681|0000000000003753|0000000000347824|068.66
10032026|541400|0000000000002401|0000000000161708|0000000000002943|0000000000198961|081.58
10032026|541402|0000000000003647|0000000000628561|0000000000003967|0000000000675526|091.93
10032026|541403|0000000000008437|0000000002185605|0000000000009254|0000000002401042|091.17
10032026|541418|0000000000002741|0000000000065373|0000000000007152|0000000000176303|038.32
10032026|541444|0000000000001567|0000000000026169|0000000000001843|0000000000030662|085.02
10032026|541445|0000000000004000|0000000000197920|0000000000004800|0000000000230952|083.33
10032026|541450|0000000000063536|0000000054393170|0000000000170282|0000000145617499|037.31
10032026|541540|0000000000001384|0000000000621901|0000000000002456|0000000001114515|056.35
10032026|541546|0000000000031153|0000000000070406|0000000000034850|0000000000078306|089.39
10032026|541556|0000000000024261|0000000004917705|0000000000044058|0000000008896140|055.07
10032026|541557|0000000000000234|0000000001008166|0000000000000418|0000000001790206|055.98
10032026|541578|0000000000013067|0000000006507366|0000000000015630|0000000007776317|083.60
10032026|541601|0000000005349783|0000000002353905|0000000007428432|0000000003159030|072.02
10032026|541627|0000000000000710|0000000000005191|0000000000000955|0000000000007005|074.35
10032026|541634|0000000000004281|0000000000067597|0000000000004382|0000000000068038|097.70
10032026|541702|0000000000242643|0000000000877057|0000000000242643|0000000000877057|100.00
10032026|541729|0000000000552476|0000001400360918|0000000000583547|0000001457251306|094.68
10032026|541735|0000000000147212|0000000000234068|0000000000171253|0000000000272574|085.96
10032026|541741|0000000000019631|0000000001629373|0000000000028825|0000000002450152|068.10
10032026|541770|0000000000007436|0000000009054446|0000000000015167|0000000018195821|049.03
10032026|541771|0000000000012204|0000000000018429|0000000000015843|0000000000023862|077.03
10032026|541778|0000000000073245|0000000002320402|0000000000081415|0000000002569773|089.96
10032026|541809|0000000000019451|0000000001377909|0000000000031344|0000000002209243|062.06
10032026|541865|0000000000013038|0000000000089963|0000000000015416|0000000000108034|084.57
10032026|541890|0000000000434676|0000000000092824|0000000000434676|0000000000092824|100.00
10032026|541929|0000000000000179|0000000000089724|0000000000000272|0000000000136361|065.81
10032026|541945|0000000000008000|0000000000042400|0000000000008000|0000000000042400|100.00
10032026|541946|0000000000168729|0000000168729000|0000000000227702|0000000227702016|074.10
10032026|541956|0000000000139483|0000000019541569|0000000000339006|0000000047058523|041.14
10032026|541967|0000000000005957|0000000002023296|0000000000019633|0000000006549720|030.34
10032026|541972|0000000000000256|0000000000226878|0000000000000332|0000000000292569|077.11
10032026|541974|0000000000002667|0000000003668992|0000000000004535|0000000006116339|058.81
10032026|541983|0000000000102000|0000000001526440|0000000000102000|0000000001526440|100.00
10032026|541988|0000000000004643|0000000005679550|0000000000008729|0000000010490259|053.19
10032026|542011|0000000000038720|0000000097314976|0000000000090603|0000000226941532|042.74
10032026|542012|0000000002025029|0000000050402972|0000000004100260|0000000102036810|049.39
10032026|542013|0000000000000034|0000000000005845|0000000000000038|0000000000006615|089.47
10032026|542019|0000000000008686|0000000000487459|0000000000015304|0000000000873786|056.76
10032026|542020|0000000000003387|0000000000016732|0000000000003420|0000000000017066|099.04
10032026|542025|0000000000096000|0000000000035520|0000000000096000|0000000000035520|100.00
10032026|542034|0000000000011228|0000000000136982|0000000000013308|0000000000159696|084.37
10032026|542046|0000000000774096|0000000006552794|0000000000774096|0000000006552794|100.00
10032026|542057|0000000000008126|0000000000500318|0000000000009911|0000000000608245|081.99
10032026|542066|0000000000013280|0000000006299368|0000000000032079|0000000015094901|041.40
10032026|542123|0000000000000049|0000000000006762|0000000000000049|0000000000006762|100.00
10032026|542131|0000000000058385|0000000015327231|0000000000060809|0000000015896031|096.01
10032026|542141|0000000000007506|0000000008260353|0000000000014938|0000000016419837|050.25
10032026|542145|0000000000001800|0000000000079200|0000000000001800|0000000000079200|100.00
10032026|542155|0000000000004000|0000000000004920|0000000000004000|0000000000004920|100.00
10032026|542206|0000000000005310|0000000000008974|0000000000005310|0000000000008919|100.00
10032026|542216|0000000000001404|0000000002599928|0000000000002949|0000000005468992|047.61
10032026|542230|0000000000001302|0000000000091622|0000000000001441|0000000000101298|090.35
10032026|542231|0000000000028855|0000000000381464|0000000000058935|0000000000786083|048.96
10032026|542232|0000000000000862|0000000000044626|0000000000001130|0000000000057997|076.28
10032026|542233|0000000000001845|0000000000316418|0000000000002223|0000000000379610|083.00
10032026|542248|0000000000016137|0000000000205586|0000000000017215|0000000000223116|093.74
10032026|542285|0000000000116557|0000000001017773|0000000000116557|0000000001017773|100.00
10032026|542323|0000000000038916|0000000013865771|0000000000080649|0000000028100541|048.25
10032026|542333|0000000000005044|0000000003101556|0000000000005607|0000000003567373|089.96
10032026|542337|0000000000002472|0000000000079055|0000000000002777|0000000000088975|089.02
10032026|542351|0000000000000229|0000000000123695|0000000000000242|0000000000133538|094.63
10032026|542367|0000000000001240|0000000000153078|0000000000001285|0000000000160651|096.50
10032026|542383|0000000000004739|0000000001020307|0000000000009384|0000000001971143|050.50
10032026|542399|0000000000004902|0000000003622578|0000000000007592|0000000005597864|064.57
10032026|542437|0000000000000826|0000000000009268|0000000000000900|0000000000010119|091.78
10032026|542446|0000000000115704|0000000000314715|0000000000241050|0000000000645146|048.00
10032026|542459|0000000000025198|0000000001464256|0000000000028129|0000000001665060|089.58
10032026|542460|0000000000006399|0000000009635615|0000000000009072|0000000013646767|070.54
10032026|542484|0000000000001985|0000000000819408|0000000000005809|0000000002384994|034.17
10032026|542513|0000000000000423|0000000000037415|0000000000000448|0000000000039280|094.42
10032026|542543|0000000000275000|0000000022849750|0000000000275000|0000000022840000|100.00
10032026|542579|0000000000219972|0000000000985475|0000000000367879|0000000001635196|059.79
10032026|542580|0000000000003148|0000000000129068|0000000000003246|0000000000131622|096.98
10032026|542597|0000000000003243|0000000001376492|0000000000005777|0000000002449326|056.14
10032026|542602|0000000000011544|0000000004860140|0000000000017520|0000000007413424|065.89
10032026|542627|0000000000002109|0000000000144902|0000000000002109|0000000000144902|100.00
10032026|542628|0000000000008548|0000000001017640|0000000000009322|0000000001083089|091.70
10032026|542649|0000000000260453|0000000073838426|0000000000525619|0000000147927642|049.55
10032026|542650|0000000000020519|0000000037270712|0000000000021083|0000000038153293|097.32
10032026|542651|0000000000061827|0000000042870842|0000000000141306|0000000097741540|043.75
10032026|542652|0000000000038116|0000000294373680|0000000000075206|0000000590977685|050.68
10032026|542654|0000000000000542|0000000000007122|0000000000000549|0000000000007210|098.72
10032026|542655|0000000001033977|0000000001364850|0000000001335401|0000000001754086|077.43
10032026|542665|0000000000001887|0000000002816820|0000000000004647|0000000006721106|040.61
10032026|542666|0000000000013162|0000000000077130|0000000000014030|0000000000082339|093.81
10032026|542668|0000000000012000|0000000000930600|0000000000014000|0000000001131590|085.71
10032026|542669|0000000000108768|0000000003548013|0000000000179929|0000000005947344|060.45
10032026|542670|0000000000014974|0000000000266388|0000000000019920|0000000000360268|075.17
10032026|542679|0000000000001224|0000000000189054|0000000000001224|0000000000189054|100.00
10032026|542682|0000000000002656|0000000000171312|0000000000002657|0000000000170897|099.96
10032026|542684|0000000000003332|0000000000645742|0000000000004686|0000000000903240|071.11
10032026|542685|0000000000000289|0000000000007205|0000000000000325|0000000000007974|088.92
10032026|542721|0000000000001106|0000000000091854|0000000000001106|0000000000091853|100.00
10032026|542724|0000000012129631|0000000002479325|0000000012129631|0000000002479325|100.00
10032026|542725|0000000000078868|0000000002537973|0000000000263611|0000000008527133|029.92
10032026|542726|0000000000001144|0000000002492834|0000000000002500|0000000005433883|045.76
10032026|542727|0000000000001400|0000000004036200|0000000000001700|0000000004871350|082.35
10032026|542729|0000000000002528|0000000000280229|0000000000002936|0000000000339284|086.10
10032026|542730|0000000000016957|0000000000991307|0000000000040488|0000000002353557|041.88
10032026|542747|0000000000007282|0000000000627927|0000000000008603|0000000000739529|084.64
10032026|542752|0000000000006549|0000000009156485|0000000000012304|0000000017088802|053.23
10032026|542758|0000000000093047|0000000002553210|0000000000184358|0000000005020467|050.47
10032026|542759|0000000000008289|0000000001914759|0000000000012639|0000000002933423|065.58
10032026|542760|0000000000071672|0000000012718197|0000000000185105|0000000032595083|038.72
10032026|542765|0000000000005500|0000000001256475|0000000000006000|0000000001273250|091.67
10032026|542770|0000000000002459|0000000000092926|0000000000003635|0000000000134695|067.65
10032026|542772|0000000000001127|0000000001190394|0000000000003723|0000000003892995|030.27
10032026|542773|0000000000008230|0000000002499863|0000000000025122|0000000007542270|032.76
10032026|542774|0000000000106697|0000000011405910|0000000000121217|0000000012961067|088.02
10032026|542802|0000000000068961|0000000000119993|0000000000096490|0000000000168828|071.47
10032026|542803|0000000000013068|0000000000561532|0000000000014803|0000000000627425|088.28
10032026|542812|0000000000000774|0000000002549402|0000000000001579|0000000005197541|049.02
10032026|542830|0000000000106358|0000000058294820|0000000000172613|0000000094073282|061.62
10032026|542850|0000000000008000|0000000000058400|0000000000008000|0000000000060400|100.00
10032026|542852|0000000000031813|0000000000163837|0000000000041524|0000000000216697|076.61
10032026|542857|0000000000001140|0000000000222699|0000000000002762|0000000000543301|041.27
10032026|542862|0000000000012711|0000000000285871|0000000000016054|0000000000355029|079.18
10032026|542863|0000000000000343|0000000000020059|0000000000000450|0000000000026105|076.22
10032026|542865|0000000000037417|0000000000414955|0000000000039856|0000000000456142|093.88
10032026|542867|0000000000005976|0000000002136420|0000000000011734|0000000004211979|050.93
10032026|542904|0000000000458256|0000000025680667|0000000000941896|0000000051472179|048.65
10032026|542905|0000000000001219|0000000000260379|0000000000002152|0000000000459995|056.64
10032026|542907|0000000000013752|0000000003426999|0000000000044068|0000000011134196|031.21
10032026|542909|0000000000000105|0000000000165092|0000000000000141|0000000000221353|074.47
10032026|542918|0000000000004039|0000000000030395|0000000000004039|0000000000030395|100.00
10032026|542919|0000000000001391|0000000000319444|0000000000002096|0000000000481229|066.36
10032026|542920|0000000000006455|0000000002541011|0000000000013458|0000000005216189|047.96
10032026|542921|0000000000031621|0000000000690287|0000000000037713|0000000000820185|083.85
10032026|542922|0000000000006498|0000000004490183|0000000000006822|0000000004704486|095.25
10032026|542933|0000000000000187|0000000000093313|0000000000000187|0000000000093313|100.00
10032026|543064|0000000000011746|0000000003474467|0000000000028312|0000000008170976|041.49
10032026|543065|0000000000002000|0000000000034420|0000000000002000|0000000000034420|100.00
10032026|543066|0000000000014074|0000000010069244|0000000000026493|0000000019022539|053.12
10032026|543071|0000000000000032|0000000000000536|0000000000000040|0000000000000654|080.00
10032026|543087|0000000000000001|0000000000000167|0000000000000001|0000000000000166|100.00
10032026|543144|0000000000002853|0000000000015407|0000000000004857|0000000000026459|058.74
10032026|543150|0000000000009426|0000000000024508|0000000000012945|0000000000032940|072.82
10032026|543161|0000000000000002|0000000000000236|0000000000000002|0000000000000236|100.00
10032026|543167|0000000000011810|0000000000026573|0000000000013296|0000000000028514|088.82
10032026|543171|0000000000021941|0000000000030718|0000000000037210|0000000000051347|058.97
10032026|543172|0000000000000250|0000000000233725|0000000000000250|0000000000233725|100.00
10032026|543173|0000000000000219|0000000000002975|0000000000000276|0000000000003701|079.35
10032026|543174|0000000000002250|0000000000005490|0000000000002337|0000000000005717|096.28
10032026|543175|0000000000000732|0000000000002643|0000000000000776|0000000000002972|094.33
10032026|543176|0000000000000035|0000000000001754|0000000000000038|0000000000001954|092.11
10032026|543177|0000000000003853|0000000000029052|0000000000004481|0000000000033541|085.99
10032026|543178|0000000000000027|0000000000000865|0000000000000030|0000000000001163|090.00
10032026|543181|0000000000000078|0000000000002074|0000000000000085|0000000000002432|091.76
10032026|543182|0000000000007000|0000000000277270|0000000000009407|0000000000336410|074.41
10032026|543184|0000000000000003|0000000000000108|0000000000000003|0000000000000107|100.00
10032026|543186|0000000000000156|0000000000000849|0000000000000218|0000000000001171|071.56
10032026|543187|0000000000003434|0000000086634326|0000000000012181|0000000313552982|028.19
10032026|543193|0000000000011307|0000000000990113|0000000000011307|0000000000990113|100.00
10032026|543207|0000000000112513|0000000000493933|0000000000132176|0000000000599854|085.12
10032026|543208|0000000000030862|0000000000073761|0000000000032372|0000000000077609|095.34
10032026|543209|0000000000012000|0000000000330720|0000000000015000|0000000000406050|080.00
10032026|543210|0000000000000371|0000000000133802|0000000000000485|0000000000173446|076.49
10032026|543211|0000000000006092|0000000000232736|0000000000006092|0000000000232736|100.00
10032026|543212|0000000000083446|0000000021099322|0000000000257473|0000000065197251|032.41
10032026|543213|0000000000002079|0000000000958835|0000000000003020|0000000001385527|068.84
10032026|543214|0000000000000679|0000000000487862|0000000000001194|0000000000845786|056.87
10032026|543216|0000000000000012|0000000000016835|0000000000000012|0000000000016834|100.00
10032026|543217|0000000000003854|0000000001777966|0000000000005544|0000000002569909|069.52
10032026|543218|0000000000001648|0000000000045205|0000000000001742|0000000000046804|094.60
10032026|543219|0000000000019459|0000000000526172|0000000000020566|0000000000555337|094.62
10032026|543220|0000000000006628|0000000006912342|0000000000018353|0000000019153317|036.11
10032026|543221|0000000000017218|0000000000570777|0000000000029648|0000000000979253|058.07
10032026|543223|0000000000003751|0000000000559837|0000000000004092|0000000000596266|091.67
10032026|543224|0000000000000418|0000000000024428|0000000000000541|0000000000031526|077.26
10032026|543226|0000000000005305|0000000000311722|0000000000006633|0000000000387840|079.98
10032026|543227|0000000000500755|0000000200727642|0000000001367526|0000000534796850|036.62
10032026|543228|0000000000004411|0000000002119045|0000000000008524|0000000004038720|051.75
10032026|543229|0000000000000019|0000000000004104|0000000000000019|0000000000003933|100.00
10032026|543230|0000000000001650|0000000002680590|0000000000003398|0000000005431604|048.56
10032026|543232|0000000000026591|0000000017823948|0000000000094034|0000000062587154|028.28
10032026|543233|0000000000000383|0000000000060170|0000000000000796|0000000000124568|048.12
10032026|543234|0000000000001394|0000000000163517|0000000000002135|0000000000246866|065.29
10032026|543235|0000000000142173|0000000032045795|0000000000311702|0000000069620518|045.61
10032026|543236|0000000000002984|0000000000174833|0000000000003388|0000000000194869|088.08
10032026|543237|0000000000102158|0000000253387596|0000000000317173|0000000771501795|032.21
10032026|543238|0000000000006681|0000000006541034|0000000000019832|0000000019462309|033.69
10032026|543240|0000000000000307|0000000000045958|0000000000000390|0000000000057867|078.72
10032026|543241|0000000000000100|0000000000008301|0000000000000100|0000000000008301|100.00
10032026|543242|0000000000004769|0000000000655023|0000000000011525|0000000001576408|041.38
10032026|543243|0000000000035860|0000000002089921|0000000000089819|0000000005196399|039.92
10032026|543245|0000000000001575|0000000002656474|0000000000002728|0000000004601302|057.73
10032026|543246|0000000000000320|0000000000013034|0000000000000531|0000000000021638|060.26
10032026|543248|0000000000766129|0000000047837095|0000000000802327|0000000050339440|095.49
10032026|543249|0000000000003949|0000000000551281|0000000000006613|0000000000921100|059.72
10032026|543250|0000000000148023|0000000009440907|0000000000148039|0000000009439932|099.99
10032026|543251|0000000000000251|0000000000009965|0000000000000263|0000000000010004|095.44
10032026|543252|0000000000000375|0000000000209832|0000000000000770|0000000000432988|048.70
10032026|543253|0000000000015566|0000000002917069|0000000000030946|0000000005821725|050.30
10032026|543254|0000000000002411|0000000001138836|0000000000003968|0000000001856178|060.76
10032026|543255|0000000000000738|0000000000696591|0000000000001171|0000000001103131|063.02
10032026|543256|0000000000003234|0000000000059765|0000000000003234|0000000000060167|100.00
10032026|543257|0000000000790920|0000000079645644|0000000001329761|0000000132217050|059.48
10032026|543258|0000000000052792|0000000044487819|0000000000056282|0000000047393802|093.80
10032026|543259|0000000000012308|0000000013270486|0000000000028690|0000000031386107|042.90
10032026|543260|0000000000000950|0000000000463410|0000000000001996|0000000000947268|047.60
10032026|543261|0000000000005400|0000000001841832|0000000000007227|0000000002470363|074.72
10032026|543262|0000000000008000|0000000000725280|0000000000012000|0000000001082180|066.67
10032026|543263|0000000000012349|0000000000892586|0000000000022330|0000000001584922|055.30
10032026|543264|0000000000000283|0000000000074783|0000000000000322|0000000000084914|087.89
10032026|543265|0000000000053879|0000000015544092|0000000000108976|0000000031157068|049.44
10032026|543266|0000000000010845|0000000002027473|0000000000012443|0000000002325434|087.16
10032026|543267|0000000000405294|0000000001609018|0000000000537255|0000000002103140|075.44
10032026|543268|0000000000011368|0000000000154492|0000000000011938|0000000000160518|095.23
10032026|543270|0000000000009375|0000000034799063|0000000000023046|0000000086177657|040.68
10032026|543271|0000000000011059|0000000006308054|0000000000024322|0000000013733963|045.47
10032026|543272|0000000001022445|0000000007525196|0000000002340466|0000000017314716|043.69
10032026|543273|0000000000005853|0000000009615894|0000000000008020|0000000012962674|072.98
10032026|543275|0000000000001915|0000000002477915|0000000000004153|0000000005257660|046.11
10032026|543276|0000000000000168|0000000001248686|0000000000000676|0000000004994562|024.85
10032026|543277|0000000000029854|0000000003655623|0000000000072524|0000000008850081|041.16
10032026|543278|0000000000064190|0000000025194575|0000000000133362|0000000052201966|048.13
10032026|543279|0000000000005792|0000000000775260|0000000000009631|0000000001282165|060.14
10032026|543280|0000000000110114|0000000027032987|0000000000134968|0000000032540410|081.59
10032026|543281|0000000000006401|0000000000017603|0000000000008500|0000000000023704|075.31
10032026|543283|0000000000001573|0000000000360139|0000000000002265|0000000000524222|069.45
10032026|543284|0000000000017810|0000000001533620|0000000000026475|0000000002313193|067.27
10032026|543285|0000000000014800|0000000000347780|0000000000014800|0000000000347780|100.00
10032026|543287|0000000000006032|0000000005439960|0000000000011600|0000000010434744|052.00
10032026|543288|0000000000009160|0000000003179436|0000000000011600|0000000004023858|078.97
10032026|543290|0000000000078008|0000000007113550|0000000000092467|0000000008435069|084.36
10032026|543291|0000000000013871|0000000002230041|0000000000013871|0000000002230040|100.00
10032026|543292|0000000000002854|0000000000438204|0000000000004056|0000000000621632|070.36
10032026|543298|0000000000001132|0000000000033813|0000000000001372|0000000000041504|082.51
10032026|543299|0000000000001906|0000000001507170|0000000000004595|0000000003596640|041.48
10032026|543300|0000000000109341|0000000055988060|0000000000143679|0000000073893885|076.10
10032026|543306|0000000000001592|0000000001607682|0000000000001889|0000000001916195|084.28
10032026|543308|0000000000014018|0000000009649992|0000000000033493|0000000023324692|041.85
10032026|543311|0000000000002082|0000000000316048|0000000000003530|0000000000534600|058.98
10032026|543317|0000000000001004|0000000000938238|0000000000001232|0000000001137464|081.49
10032026|543318|0000000000004665|0000000003503415|0000000000010304|0000000007693392|045.27
10032026|543320|0000000010826039|0000002447767418|0000000012142542|0000002752704136|089.16
10032026|543321|0000000000000961|0000000001111253|0000000000001816|0000000002081926|052.92
10032026|543322|0000000000003009|0000000002825752|0000000000003707|0000000003468099|081.17
10032026|543323|0000000000006406|0000000000175717|0000000000009890|0000000000269180|064.77
10032026|543324|0000000000000093|0000000000033569|0000000000000093|0000000000033569|100.00
10032026|543325|0000000000014142|0000000001726032|0000000000033499|0000000004032130|042.22
10032026|543326|0000000000056974|0000000003017913|0000000000068773|0000000003639022|082.84
10032026|543327|0000000000026571|0000000000181746|0000000000032259|0000000000222158|082.37
10032026|543328|0000000000007240|0000000004388888|0000000000007898|0000000004740795|091.67
10032026|543329|0000000000001967|0000000001489019|0000000000002428|0000000001783308|081.01
10032026|543330|0000000000070984|0000000007850831|0000000000121046|0000000013335797|058.64
10032026|543331|0000000000060394|0000000002755779|0000000000118044|0000000005324572|051.16
10032026|543332|0000000000001093|0000000000967797|0000000000001783|0000000001562048|061.30
10032026|543333|0000000000006758|0000000011924154|0000000000016310|0000000029223456|041.43
10032026|543334|0000000000004740|0000000001359432|0000000000010581|0000000003043263|044.80
10032026|543335|0000000000150204|0000000034839818|0000000000209920|0000000048063879|071.55
10032026|543336|0000000000026830|0000000006916774|0000000000088721|0000000022367451|030.24
10032026|543341|0000000000037732|0000000000424485|0000000000041289|0000000000475920|091.39
10032026|543346|0000000000002000|0000000000138760|0000000000002000|0000000000138750|100.00
10032026|543347|0000000000000428|0000000000142186|0000000000000463|0000000000151757|092.44
10032026|543348|0000000000000029|0000000000004380|0000000000000029|0000000000004379|100.00
10032026|543349|0000000000005269|0000000011730375|0000000000010431|0000000023330019|050.51
10032026|543350|0000000000002414|0000000002287145|0000000000004358|0000000004122159|055.39
10032026|543351|0000000000001200|0000000000104640|0000000000001200|0000000000104640|100.00
10032026|543357|0000000000000050|0000000000005702|0000000000000050|0000000000005701|100.00
10032026|543358|0000000000003631|0000000007930286|0000000000008608|0000000018543346|042.18
10032026|543363|0000000000005200|0000000002117180|0000000000006000|0000000002524790|086.67
10032026|543364|0000000000007363|0000000001128748|0000000000021718|0000000003311045|033.90
10032026|543365|0000000000010569|0000000000732221|0000000000015134|0000000001047621|069.84
10032026|543366|0000000000003600|0000000000111600|0000000000003600|0000000000111600|100.00
10032026|543367|0000000000106619|0000000074963819|0000000000343533|0000000240098662|031.04
10032026|543373|0000000000001000|0000000000243050|0000000000002000|0000000000486075|050.00
10032026|543374|0000000000080034|0000000078189217|0000000000222955|0000000221606244|035.90
10032026|543375|0000000000030000|0000000000517800|0000000000037500|0000000000635375|080.00
10032026|543378|0000000000001000|0000000000318000|0000000000001000|0000000000318900|100.00
10032026|543383|0000000000000171|0000000000019607|0000000000000378|0000000000043235|045.24
10032026|543384|0000000000041580|0000000010686060|0000000000101576|0000000025877001|040.93
10032026|543386|0000000000005819|0000000001039274|0000000000008291|0000000001469768|070.18
10032026|543387|0000000000002442|0000000004151767|0000000000004771|0000000007959767|051.18
10032026|543388|0000000000000198|0000000000066032|0000000000000228|0000000000075091|086.84
10032026|543389|0000000000068994|0000000001344004|0000000000125912|0000000002417369|054.80
10032026|543390|0000000000012090|0000000017725149|0000000000021079|0000000030812815|057.36
10032026|543391|0000000000000750|0000000000081750|0000000000000750|0000000000081750|100.00
10032026|543396|0000000000028070|0000000029206835|0000000000065548|0000000068258959|042.82
10032026|543397|0000000000010417|0000000001805267|0000000000031588|0000000005467798|032.98
10032026|543398|0000000000301766|0000000092340396|0000000000326087|0000000099580458|092.54
10032026|543399|0000000000001805|0000000000350531|0000000000003576|0000000000694961|050.48
10032026|543400|0000000000012000|0000000000047760|0000000000012000|0000000000047880|100.00
10032026|543401|0000000000003516|0000000000997841|0000000000006355|0000000001815272|055.33
10032026|543410|0000000000011700|0000000000456183|0000000000013650|0000000000533656|085.71
10032026|543411|0000000000018968|0000000001501318|0000000000045507|0000000003586691|041.68
10032026|543412|0000000000006914|0000000003122363|0000000000010054|0000000004549508|068.77
10032026|543413|0000000000001507|0000000002620749|0000000000002987|0000000005202914|050.45
10032026|543414|0000000000042605|0000000000992271|0000000000043968|0000000001021582|096.90
10032026|543415|0000000000001453|0000000004580220|0000000000003620|0000000011368585|040.14
10032026|543416|0000000000000697|0000000000161286|0000000000001131|0000000000263057|061.63
10032026|543417|0000000000008148|0000000004016150|0000000000023012|0000000011234315|035.41
10032026|543419|0000000000271773|0000000020149251|0000000000275933|0000000020437939|098.49
10032026|543420|0000000000002218|0000000000042453|0000000000002298|0000000000042618|096.52
10032026|543425|0000000000002710|0000000002714743|0000000000005000|0000000004974559|054.20
10032026|543426|0000000000000747|0000000000707185|0000000000001483|0000000001414746|050.37
10032026|543427|0000000000000605|0000000000503935|0000000000001273|0000000001063807|047.53
10032026|543428|0000000000029391|0000000101152066|0000000000066810|0000000233548718|043.99
10032026|543433|0000000000006281|0000000000205829|0000000000007618|0000000000251616|082.45
10032026|543434|0000000000003391|0000000002050708|0000000000005703|0000000003402541|059.46
10032026|543435|0000000000004150|0000000000165585|0000000000004150|0000000000165585|100.00
10032026|543437|0000000000003040|0000000000291111|0000000000004999|0000000000477422|060.81
10032026|543438|0000000000000029|0000000000006744|0000000000000033|0000000000007627|087.88
10032026|543440|0000000000000698|0000000000177725|0000000000000738|0000000000187154|094.58
10032026|543441|0000000000009705|0000000002851815|0000000000017787|0000000005201177|054.56
10032026|543442|0000000000000794|0000000000196118|0000000000000881|0000000000215564|090.12
10032026|543449|0000000000000625|0000000000086938|0000000000000675|0000000000094083|092.59
10032026|543450|0000000000012981|0000000000357627|0000000000027612|0000000000754825|047.01
10032026|543451|0000000000023606|0000000000074715|0000000000023606|0000000000074715|100.00
10032026|543452|0000000000166552|0000000044492702|0000000000324822|0000000086819836|051.27
10032026|543453|0000000000001125|0000000000069953|0000000000001125|0000000000069952|100.00
10032026|543454|0000000000000213|0000000000033297|0000000000000278|0000000000043360|076.62
10032026|543458|0000000000135305|0000000024246656|0000000000237680|0000000042300387|056.93
10032026|543461|0000000000050000|0000000000901500|0000000000050000|0000000000901500|100.00
10032026|543462|0000000000011630|0000000000314243|0000000000013277|0000000000344890|087.60
10032026|543463|0000000000027128|0000000009893582|0000000000057439|0000000020800618|047.23
10032026|543464|0000000000001000|0000000000213600|0000000000001000|0000000000213600|100.00
10032026|543465|0000000000002061|0000000000125144|0000000000002542|0000000000154266|081.08
10032026|543470|0000000000000303|0000000000076659|0000000000000307|0000000000078813|098.70
10032026|543471|0000000000057375|0000000015302487|0000000000104594|0000000027958100|054.85
10032026|543472|0000000000001327|0000000000043407|0000000000001578|0000000000051042|084.09
10032026|543473|0000000000008289|0000000000128314|0000000000009308|0000000000143031|089.05
10032026|543474|0000000000013442|0000000000380812|0000000000017969|0000000000506517|074.81
10032026|543480|0000000000000101|0000000000006510|0000000000000102|0000000000006574|099.02
10032026|543481|0000000000703224|0000000015161510|0000000000787218|0000000016939093|089.33
10032026|543482|0000000000006931|0000000003039591|0000000000009382|0000000004086607|073.88
10032026|543489|0000000000016814|0000000000962602|0000000000027787|0000000001577207|060.51
10032026|543490|0000000000035077|0000000003751486|0000000000057350|0000000006120903|061.16
10032026|543498|0000000000201939|0000000008226995|0000000000386042|0000000015586734|052.31
10032026|543499|0000000000029838|0000000000148295|0000000000040329|0000000000206633|073.99
10032026|543500|0000000000020000|0000000000056000|0000000000024000|0000000000066440|083.33
10032026|543501|0000000000000137|0000000000005043|0000000000000142|0000000000005258|096.48
10032026|543512|0000000000012634|0000000001687271|0000000000018802|0000000002522122|067.19
10032026|543513|0000000000001859|0000000000042070|0000000000001935|0000000000044589|096.07
10032026|543514|0000000000172239|0000000027558240|0000000000176322|0000000028136101|097.68
10032026|543515|0000000000031500|0000000001842750|0000000000031500|0000000001842750|100.00
10032026|543516|0000000000086800|0000000000554652|0000000000086800|0000000000554652|100.00
10032026|543517|0000000000005219|0000000001718878|0000000000008277|0000000002720641|063.05
10032026|543520|0000000000015000|0000000000236840|0000000000015000|0000000000236840|100.00
10032026|543523|0000000000006636|0000000001567092|0000000000009425|0000000002233942|070.41
10032026|543524|0000000000001946|0000000002300464|0000000000004120|0000000004845562|047.23
10032026|543525|0000000000020133|0000000002569978|0000000000030404|0000000003903362|066.22
10032026|543526|0000000000013722|0000000011284287|0000000000030030|0000000024488252|045.69
10032026|543527|0000000000016641|0000000037002928|0000000000018269|0000000040467787|091.09
10032026|543528|0000000000002887|0000000002894651|0000000000004548|0000000004578038|063.48
10032026|543529|0000000000008094|0000000003448854|0000000000023107|0000000009754297|035.03
10032026|543530|0000000000267818|0000000029018081|0000000000659581|0000000070767240|040.60
10032026|543531|0000000000000034|0000000000001357|0000000000000045|0000000000001734|075.56
10032026|543532|0000000000000414|0000000000907675|0000000000000647|0000000001415484|063.99
10032026|543533|0000000000003693|0000000001539981|0000000000004986|0000000002074069|074.07
10032026|543534|0000000000003325|0000000003329489|0000000000006245|0000000006274631|053.24
10032026|543535|0000000000000353|0000000000014597|0000000000000628|0000000000026054|056.21
10032026|543538|0000000000014000|0000000000157500|0000000000026000|0000000000301240|053.85
10032026|543539|0000000000000920|0000000000287040|0000000000001064|0000000000339447|086.47
10032026|543540|0000000000010800|0000000001403460|0000000000012000|0000000001540320|090.00
10032026|543542|0000000000004200|0000000004946340|0000000000016800|0000000019680430|025.00
10032026|543543|0000000000009600|0000000007654400|0000000000009600|0000000007654400|100.00
10032026|543544|0000000000013500|0000000000822285|0000000000015750|0000000000968197|085.71
10032026|543545|0000000000300600|0000000000249498|0000000000434200|0000000000348696|069.23
10032026|543546|0000000000110000|0000000000778800|0000000000118000|0000000000842640|093.22
10032026|543547|0000000000003357|0000000000872820|0000000000004357|0000000001138281|077.05
10032026|543563|0000000000002123|0000000000094877|0000000000002435|0000000000108051|087.19
10032026|543568|0000000000011696|0000000000359652|0000000000024822|0000000000761162|047.12
10032026|543569|0000000000000746|0000000000019546|0000000000000937|0000000000024064|079.62
10032026|543570|0000000000005188|0000000000357246|0000000000007663|0000000000522964|067.70
10032026|543571|0000000000003017|0000000000283327|0000000000004236|0000000000397724|071.22
10032026|543572|0000000000006582|0000000001699934|0000000000009755|0000000002521307|067.47
10032026|543573|0000000000034060|0000000025919660|0000000000082012|0000000061723016|041.53
10032026|543574|0000000000005699|0000000000117571|0000000000005703|0000000000117225|099.93
10032026|543575|0000000000008905|0000000000275966|0000000000009917|0000000000299792|089.80
10032026|543576|0000000000088031|0000000010328678|0000000000093363|0000000010949690|094.29
10032026|543577|0000000000000013|0000000000002503|0000000000000014|0000000000002672|092.86
10032026|543578|0000000000000925|0000000000140554|0000000000000925|0000000000140553|100.00
10032026|543590|0000000000081417|0000000002020770|0000000000134103|0000000003329842|060.71
10032026|543591|0000000000008244|0000000000618713|0000000000014262|0000000001058121|057.80
10032026|543592|0000000000144491|0000000037064832|0000000000229585|0000000058990215|062.94
10032026|543593|0000000000007079|0000000000718165|0000000000010523|0000000001059761|067.27
10032026|543594|0000000000018000|0000000000159840|0000000000018000|0000000000156450|100.00
10032026|543595|0000000000000500|0000000000048000|0000000000000500|0000000000048000|100.00
10032026|543596|0000000000010380|0000000006603237|0000000000018936|0000000011839603|054.82
10032026|543597|0000000000037000|0000000012478250|0000000000047750|0000000016269150|077.49
10032026|543599|0000000000001373|0000000000394738|0000000000002000|0000000000569479|068.65
10032026|543600|0000000000000514|0000000000183010|0000000000000600|0000000000213665|085.67
10032026|543606|0000000000040000|0000000000527600|0000000000044000|0000000000581420|090.91
10032026|543607|0000000000000557|0000000000065415|0000000000000642|0000000000074815|086.76
10032026|543608|0000000000000026|0000000000003418|0000000000000026|0000000000003412|100.00
10032026|543613|0000000000012000|0000000000078000|0000000000012000|0000000000080000|100.00
10032026|543614|0000000000000008|0000000000002728|0000000000000012|0000000000004072|066.67
10032026|543615|0000000000014400|0000000001252800|0000000000015200|0000000001315888|094.74
10032026|543616|0000000000031800|0000000007970670|0000000000034800|0000000008718480|091.38
10032026|543618|0000000000001500|0000000000221250|0000000000003000|0000000000453750|050.00
10032026|543619|0000000000002600|0000000005818670|0000000000004200|0000000009288070|061.90
10032026|543620|0000000000109051|0000000010888743|0000000000190343|0000000018928439|057.29
10032026|543622|0000000000027600|0000000002063100|0000000000030000|0000000002056200|092.00
10032026|543623|0000000000001500|0000000000060300|0000000000001500|0000000000060300|100.00
10032026|543626|0000000000009492|0000000000896520|0000000000019260|0000000001785627|049.28
10032026|543627|0000000000000570|0000000000011549|0000000000000749|0000000000015105|076.10
10032026|543628|0000000000000364|0000000000011099|0000000000000611|0000000000018532|059.57
10032026|543635|0000000000040540|0000000006303970|0000000000075322|0000000011565445|053.82
10032026|543636|0000000000000036|0000000000009000|0000000000000042|0000000000010481|085.71
10032026|543637|0000000000012000|0000000000168360|0000000000013200|0000000000184284|090.91
10032026|543638|0000000000263963|0000000008892914|0000000000271605|0000000009149472|097.19
10032026|543643|0000000000007814|0000000000249658|0000000000012255|0000000000391596|063.76
10032026|543644|0000000000008376|0000000001209076|0000000000019143|0000000002751670|043.75
10032026|543645|0000000000000009|0000000000001064|0000000000000009|0000000000001073|100.00
10032026|543650|0000000000072992|0000000014091106|0000000000194487|0000000037815417|037.53
10032026|543651|0000000000008000|0000000000120000|0000000000008000|0000000000120400|100.00
10032026|543652|0000000000003243|0000000000557310|0000000000006150|0000000001040394|052.73
10032026|543653|0000000000004628|0000000002845063|0000000000007564|0000000004654214|061.18
10032026|543654|0000000000001010|0000000001117363|0000000000002471|0000000002748809|040.87
10032026|543657|0000000000002248|0000000001231005|0000000000004656|0000000002526521|048.28
10032026|543663|0000000000013538|0000000005256129|0000000000190763|0000000074205268|007.10
10032026|543664|0000000000015417|0000000059182780|0000000000066162|0000000249866637|023.30
10032026|543665|0000000000004024|0000000000128889|0000000000004457|0000000000141933|090.28
10032026|543666|0000000000000762|0000000000021032|0000000000001177|0000000000032392|064.74
10032026|543667|0000000000016319|0000000002403789|0000000000039078|0000000005772285|041.76
10032026|543668|0000000000000005|0000000000000840|0000000000000005|0000000000000840|100.00
10032026|543669|0000000000000951|0000000000389292|0000000000001562|0000000000636133|060.88
10032026|543670|0000000000313129|0000000000322523|0000000000330827|0000000000339814|094.65
10032026|543671|0000000000003526|0000000000335676|0000000000003828|0000000000362367|092.11
10032026|543677|0000000000002394|0000000000074167|0000000000004390|0000000000135267|054.53
10032026|543678|0000000000001000|0000000000028400|0000000000001000|0000000000028400|100.00
10032026|543686|0000000000008245|0000000003621617|0000000000012640|0000000005569769|065.23
10032026|543687|0000000000002041|0000000000508107|0000000000002203|0000000000537833|092.65
10032026|543688|0000000000649493|0000000002143327|0000000000843085|0000000002786279|077.04
10032026|543689|0000000000010783|0000000004957485|0000000000011307|0000000005181858|095.37
10032026|543709|0000000000008625|0000000006128494|0000000000018500|0000000013170762|046.62
10032026|543710|0000000000000646|0000000000063457|0000000000000767|0000000000074863|084.22
10032026|543711|0000000000025054|0000000004103846|0000000000044472|0000000007238756|056.34
10032026|543712|0000000000002154|0000000000441570|0000000000002257|0000000000457554|095.44
10032026|543713|0000000000016000|0000000000594400|0000000000016000|0000000000594400|100.00
10032026|543714|0000000000002859|0000000001036102|0000000000004750|0000000001733598|060.19
10032026|543720|0000000000029045|0000000027451882|0000000000054160|0000000050966202|053.63
10032026|543725|0000000000013125|0000000001589438|0000000000025237|0000000003026046|052.01
10032026|543732|0000000000008422|0000000000316752|0000000000010195|0000000000375956|082.61
10032026|543737|0000000000000008|0000000000004256|0000000000000008|0000000000004242|100.00
10032026|543738|0000000000000463|0000000000026905|0000000000000463|0000000000026927|100.00
10032026|543743|0000000000000183|0000000000012810|0000000000000192|0000000000014175|095.31
10032026|543745|0000000000090000|0000000000994500|0000000000114000|0000000001345980|078.95
10032026|543746|0000000000007800|0000000001404000|0000000000011400|0000000002118210|068.42
10032026|543747|0000000000059538|0000000000252442|0000000000083182|0000000000352455|071.58
10032026|543748|0000000000003695|0000000002533108|0000000000007390|0000000005087292|050.00
10032026|543765|0000000000012000|0000000000183600|0000000000012000|0000000000190800|100.00
10032026|543766|0000000000014648|0000000005265956|0000000000065175|0000000023840884|022.47
10032026|543767|0000000000059705|0000000000420921|0000000000064256|0000000000458899|092.92
10032026|543768|0000000000156670|0000000005897059|0000000000334491|0000000012566962|046.84
10032026|543774|0000000000001183|0000000000042470|0000000000001774|0000000000063460|066.69
10032026|543775|0000000000033409|0000000005175389|0000000000076345|0000000011767045|043.76
10032026|543776|0000000000015790|0000000000337749|0000000000023057|0000000000490952|068.48
10032026|543781|0000000000035905|0000000005569943|0000000000047134|0000000007301017|076.18
10032026|543782|0000000000003420|0000000001128771|0000000000004860|0000000001598175|070.37
10032026|543787|0000000000000825|0000000000757722|0000000000002970|0000000002685927|027.78
10032026|543798|0000000000004000|0000000000008400|0000000000004000|0000000000008400|100.00
10032026|543799|0000000000000750|0000000000347250|0000000000000750|0000000000347250|100.00
10032026|543805|0000000000008250|0000000000472313|0000000000009750|0000000000554385|084.62
10032026|543806|0000000000018400|0000000005599120|0000000000051000|0000000015811310|036.08
10032026|543811|0000000000005354|0000000000086093|0000000000006958|0000000000111646|076.95
10032026|543812|0000000000001648|0000000001234929|0000000000004482|0000000003353849|036.77
10032026|543813|0000000000002907|0000000002906971|0000000000002907|0000000002906970|100.00
10032026|543814|0000000000002000|0000000000108200|0000000000002000|0000000000110100|100.00
10032026|543819|0000000000005546|0000000000504520|0000000000006289|0000000000568331|088.19
10032026|543828|0000000000056000|0000000001445920|0000000000080000|0000000002020880|070.00
10032026|543829|0000000000000643|0000000000045943|0000000000001095|0000000000079517|058.72
10032026|543831|0000000000003000|0000000001217550|0000000000004125|0000000001654293|072.73
10032026|543848|0000000000010000|0000000000898900|0000000000010000|0000000000898900|100.00
10032026|543853|0000000000000002|0000000000000160|0000000000000002|0000000000000160|100.00
10032026|543860|0000000000002703|0000000000216504|0000000000002703|0000000000216504|100.00
10032026|543861|0000000000001729|0000000000042746|0000000000001729|0000000000042746|100.00
10032026|543874|0000000000005000|0000000000429050|0000000000005000|0000000000426010|100.00
10032026|543895|0000000000027750|0000000013612763|0000000000030000|0000000014627737|092.50
10032026|543896|0000000000081919|0000000077868106|0000000000086213|0000000081441129|095.02
10032026|543897|0000000000006000|0000000001457400|0000000000006000|0000000001457400|100.00
10032026|543898|0000000000003545|0000000000624807|0000000000004126|0000000000726978|085.92
10032026|543900|0000000000078223|0000000020234726|0000000000107105|0000000027736826|073.03
10032026|543901|0000000000000304|0000000000055678|0000000000000309|0000000000056998|098.38
10032026|543902|0000000000016000|0000000000900480|0000000000016000|0000000000890980|100.00
10032026|543903|0000000000002606|0000000000404843|0000000000004289|0000000000664539|060.76
10032026|543904|0000000000005578|0000000012482449|0000000000018499|0000000040738081|030.15
10032026|543905|0000000000001600|0000000000019760|0000000000001600|0000000000019760|100.00
10032026|543910|0000000000003591|0000000000486222|0000000000003983|0000000000545048|090.16
10032026|543911|0000000000024770|0000000000576646|0000000000039274|0000000000925180|063.07
10032026|543912|0000000000002775|0000000000279165|0000000000002956|0000000000300181|093.88
10032026|543913|0000000000001838|0000000000285203|0000000000002552|0000000000395991|072.02
10032026|543914|0000000000006942|0000000000216174|0000000000010152|0000000000315410|068.38
10032026|543915|0000000000005434|0000000000102649|0000000000005976|0000000000115924|090.93
10032026|543916|0000000000006400|0000000001657600|0000000000009600|0000000002470660|066.67
10032026|543917|0000000000012598|0000000000495732|0000000000014272|0000000000555690|088.27
10032026|543918|0000000000025635|0000000001908783|0000000000029083|0000000002121687|088.14
10032026|543919|0000000000014117|0000000000067056|0000000000019720|0000000000093235|071.59
10032026|543920|0000000000010400|0000000005445440|0000000000014800|0000000007730450|070.27
10032026|543921|0000000000010000|0000000000391000|0000000000010000|0000000000393300|100.00
10032026|543922|0000000000019775|0000000005143280|0000000000026979|0000000007071321|073.30
10032026|543923|0000000000002751|0000000000370285|0000000000003806|0000000000507416|072.28
10032026|543924|0000000000020000|0000000001080000|0000000000026000|0000000001400600|076.92
10032026|543926|0000000000019200|0000000019262000|0000000000019200|0000000019262000|100.00
10032026|543927|0000000000000739|0000000000025932|0000000000000744|0000000000026343|099.33
10032026|543928|0000000000005000|0000000004667000|0000000000006800|0000000006391285|073.53
10032026|543929|0000000000002755|0000000000067278|0000000000003395|0000000000082886|081.15
10032026|543930|0000000000010586|0000000001476747|0000000000018584|0000000002568634|056.96
10032026|543931|0000000000019600|0000000005008780|0000000000024200|0000000006219180|080.99
10032026|543932|0000000000015909|0000000007062801|0000000000033733|0000000014943310|047.16
10032026|543933|0000000000008991|0000000002714383|0000000000023460|0000000006923180|038.32
10032026|543934|0000000000000036|0000000000011916|0000000000000036|0000000000010853|100.00
10032026|543935|0000000000002529|0000000000080220|0000000000002744|0000000000086833|092.16
10032026|543936|0000000000008185|0000000002441177|0000000000017546|0000000005189569|046.65
10032026|543939|0000000000007500|0000000001342500|0000000000014000|0000000002480825|053.57
10032026|543940|0000000000781515|0000000184515692|0000000001104007|0000000259175535|070.79
10032026|543941|0000000000000400|0000000000028800|0000000000000400|0000000000028800|100.00
10032026|543942|0000000000417569|0000000005286424|0000000000635530|0000000008033880|065.70
10032026|543943|0000000000023000|0000000003737500|0000000000029000|0000000004724750|079.31
10032026|543944|0000000000000232|0000000000134479|0000000000000256|0000000000147911|090.62
10032026|543945|0000000000069591|0000000231327444|0000000000177623|0000000586716728|039.18
10032026|543946|0000000000012026|0000000012026121|0000000000012729|0000000012729016|094.48
10032026|543947|0000000000000066|0000000000005276|0000000000000072|0000000000005754|091.67
10032026|543948|0000000000001208|0000000000109626|0000000000001635|0000000000148174|073.88
10032026|543949|0000000000000380|0000000000010443|0000000000001075|0000000000029447|035.35
10032026|543950|0000000000009631|0000000006558230|0000000000014876|0000000010155999|064.74
10032026|543952|0000000000001115|0000000000360145|0000000000001538|0000000000486894|072.50
10032026|543953|0000000000009250|0000000006756663|0000000000032250|0000000023250800|028.68
10032026|543954|0000000000011086|0000000000260743|0000000000012461|0000000000294004|088.97
10032026|543955|0000000000010910|0000000000271114|0000000000011370|0000000000284893|095.95
10032026|543956|0000000000000170|0000000000003463|0000000000000207|0000000000004210|082.13
10032026|543957|0000000000010064|0000000001170947|0000000000015661|0000000001831013|064.26
10032026|543958|0000000000387813|0000000005208329|0000000000692852|0000000009348286|055.97
10032026|543959|0000000000014982|0000000001393027|0000000000025354|0000000002353590|059.09
10032026|543960|0000000000002319|0000000002778974|0000000000006913|0000000008296759|033.55
10032026|543962|0000000000001011|0000000000141086|0000000000001204|0000000000165887|083.97
10032026|543963|0000000000033000|0000000001115070|0000000000045000|0000000001507440|073.33
10032026|543965|0000000000052856|0000000005624882|0000000000052856|0000000005624882|100.00
10032026|543969|0000000000000229|0000000000033881|0000000000000609|0000000000090840|037.60
10032026|543970|0000000000003000|0000000000151725|0000000000003000|0000000000151725|100.00
10032026|543971|0000000000068400|0000000019774440|0000000000198400|0000000058086230|034.48
10032026|543972|0000000000015609|0000000003441785|0000000000035290|0000000007751385|044.23
10032026|543973|0000000000000900|0000000000946179|0000000000000900|0000000000946179|100.00
10032026|543974|0000000000230987|0000000008955366|0000000000458951|0000000018460277|050.33
10032026|543975|0000000000000450|0000000000095850|0000000000000452|0000000000095905|099.56
10032026|543976|0000000000021581|0000000000603837|0000000000025402|0000000000721441|084.96
10032026|543977|0000000000000558|0000000000223284|0000000000001087|0000000000430114|051.33
10032026|543978|0000000000007777|0000000001090336|0000000000018664|0000000002579818|041.67
10032026|543979|0000000000004800|0000000000200640|0000000000004800|0000000000199360|100.00
10032026|543980|0000000000000151|0000000000191642|0000000000000173|0000000000217619|087.28
10032026|543981|0000000000005694|0000000008291603|0000000000011015|0000000016252386|051.69
10032026|543982|0000000000019200|0000000002807040|0000000000020600|0000000003059310|093.20
10032026|543983|0000000000010071|0000000002610404|0000000000020960|0000000005458742|048.05
10032026|543984|0000000000030557|0000000004714946|0000000000053086|0000000008072652|057.56
10032026|543985|0000000000023727|0000000005323153|0000000000045516|0000000010096959|052.13
10032026|543986|0000000000005973|0000000001229841|0000000000007531|0000000001545453|079.31
10032026|543988|0000000000003669|0000000004541489|0000000000006999|0000000008615601|052.42
10032026|543989|0000000000010364|0000000001064383|0000000000020041|0000000002066918|051.71
10032026|543990|0000000000001121|0000000000991189|0000000000014362|0000000012679958|007.81
10032026|543991|0000000000001200|0000000000135000|0000000000001200|0000000000135020|100.00
10032026|543992|0000000000050827|0000000005580805|0000000000087074|0000000009640921|058.37
10032026|543993|0000000000002446|0000000000440280|0000000000002606|0000000000472495|093.86
10032026|543994|0000000000049810|0000000013080106|0000000000100641|0000000026452722|049.49
10032026|543995|0000000000010697|0000000001667128|0000000000012722|0000000001917379|084.08
10032026|543996|0000000000006903|0000000001034760|0000000000009227|0000000001377523|074.81
10032026|543997|0000000000003000|0000000000696150|0000000000007200|0000000001674960|041.67
10032026|543998|0000000000000105|0000000000005626|0000000000000108|0000000000005791|097.22
10032026|543999|0000000000101288|0000000008141530|0000000000101987|0000000008174321|099.31
10032026|544001|0000000000014125|0000000013775407|0000000000021375|0000000020650562|066.08
10032026|544003|0000000000003486|0000000000126891|0000000000005694|0000000000205137|061.22
10032026|544004|0000000000002087|0000000000437436|0000000000006991|0000000001453691|029.85
10032026|544006|0000000000070158|0000000002216993|0000000000102300|0000000003225646|068.58
10032026|544007|0000000000008502|0000000000208299|0000000000014026|0000000000342691|060.62
10032026|544008|0000000000000622|0000000000235614|0000000000001190|0000000000459296|052.27
10032026|544009|0000000000006570|0000000002476233|0000000000013634|0000000005139680|048.19
10032026|544010|0000000000000001|0000000000001001|0000000000000001|0000000000001000|100.00
10032026|544011|0000000000015600|0000000000517140|0000000000015600|0000000000510660|100.00
10032026|544012|0000000000007187|0000000002856474|0000000000010649|0000000004199588|067.49
10032026|544014|0000000000008457|0000000002445765|0000000000016409|0000000004750854|051.54
10032026|544015|0000000000003500|0000000000176575|0000000000004000|0000000000202580|087.50
10032026|544020|0000000000017006|0000000000426681|0000000000029611|0000000000741230|057.43
10032026|544021|0000000000024004|0000000012772529|0000000000040889|0000000021713701|058.71
10032026|544022|0000000000002810|0000000001105735|0000000000004682|0000000001809915|060.02
10032026|544023|0000000000004750|0000000002422500|0000000000007500|0000000003786962|063.33
10032026|544025|0000000000000600|0000000000042300|0000000000000600|0000000000042300|100.00
10032026|544026|0000000000365252|0000000042752747|0000000000800402|0000000092733159|045.63
10032026|544027|0000000000036732|0000000004585991|0000000000059475|0000000007373205|061.76
10032026|544028|0000000000027242|0000000015443490|0000000000050918|0000000028756010|053.50
10032026|544029|0000000000009971|0000000001307697|0000000000019716|0000000002575637|050.57
10032026|544030|0000000000006019|0000000001847833|0000000000006995|0000000002134607|086.05
10032026|544035|0000000000008000|0000000000161600|0000000000008000|0000000000168656|100.00
10032026|544036|0000000000012000|0000000001094400|0000000000014400|0000000001318880|083.33
10032026|544037|0000000000003000|0000000004053600|0000000000004500|0000000006107865|066.67
10032026|544042|0000000000027000|0000000003940650|0000000000032950|0000000004844820|081.94
10032026|544043|0000000000000191|0000000000029491|0000000000000217|0000000000033489|088.02
10032026|544044|0000000000002489|0000000001752505|0000000000006038|0000000004214865|041.22
10032026|544045|0000000000001558|0000000003294937|0000000000002673|0000000005604645|058.29
10032026|544046|0000000000005193|0000000006200183|0000000000008250|0000000009859208|062.95
10032026|544047|0000000000058500|0000000002299635|0000000000079500|0000000003164940|073.58
10032026|544052|0000000000002000|0000000000048000|0000000000004000|0000000000094440|050.00
10032026|544053|0000000000092610|0000000001315062|0000000000205162|0000000002863720|045.14
10032026|544054|0000000000004182|0000000000855219|0000000000005028|0000000001033257|083.17
10032026|544055|0000000000015054|0000000002349177|0000000000025840|0000000004020517|058.26
10032026|544056|0000000000001600|0000000000025632|0000000000001600|0000000000025632|100.00
10032026|544057|0000000000003507|0000000004600308|0000000000006528|0000000008344704|053.72
10032026|544058|0000000000004550|0000000000362271|0000000000005263|0000000000424048|086.45
10032026|544060|0000000000009511|0000000001155111|0000000000010151|0000000001211852|093.70
10032026|544061|0000000000003355|0000000005488948|0000000000007104|0000000011579269|047.23
10032026|544066|0000000000000397|0000000000512527|0000000000000510|0000000000666250|077.84
10032026|544067|0000000000000477|0000000000335952|0000000000000644|0000000000448122|074.07
10032026|544072|0000000000001600|0000000000036000|0000000000002400|0000000000053768|066.67
10032026|544074|0000000000004800|0000000000417600|0000000000004800|0000000000421200|100.00
10032026|544079|0000000000000811|0000000000017315|0000000000000898|0000000000019354|090.31
10032026|544080|0000000000000123|0000000000096432|0000000000000123|0000000000096432|100.00
10032026|544081|0000000000005663|0000000004410062|0000000000012541|0000000009768454|045.16
10032026|544082|0000000000014000|0000000000633500|0000000000014000|0000000000646900|100.00
10032026|544083|0000000000004500|0000000000252450|0000000000005500|0000000000300725|081.82
10032026|544088|0000000000008695|0000000002771097|0000000000018788|0000000005826130|046.28
10032026|544089|0000000000573919|0000000064893022|0000000000685431|0000000077499167|083.73
10032026|544090|0000000000000004|0000000000003433|0000000000000004|0000000000003470|100.00
10032026|544091|0000000000004000|0000000001300000|0000000000004400|0000000001408420|090.91
10032026|544092|0000000000000026|0000000000006470|0000000000000034|0000000000008423|076.47
10032026|544093|0000000000000811|0000000000046966|0000000000001201|0000000000069113|067.53
10032026|544094|0000000000002400|0000000000076800|0000000000003600|0000000000115212|066.67
10032026|544095|0000000000015261|0000000003821355|0000000000028867|0000000006979328|052.87
10032026|544100|0000000000009020|0000000000256529|0000000000011744|0000000000332720|076.81
10032026|544107|0000000000009928|0000000001343259|0000000000031313|0000000004172536|031.71
10032026|544110|0000000000000504|0000000000045844|0000000000011072|0000000001001613|004.55
10032026|544111|0000000000010651|0000000001253623|0000000000015076|0000000001753161|070.65
10032026|544112|0000000000003374|0000000001747732|0000000000003406|0000000001665685|099.06
10032026|544117|0000000000000281|0000000000066457|0000000000000323|0000000000076952|087.00
10032026|544118|0000000000015839|0000000005628389|0000000000035610|0000000012303065|044.48
10032026|544119|0000000000002485|0000000000905162|0000000000005443|0000000001957848|045.65
10032026|544120|0000000000000592|0000000000149451|0000000000000779|0000000000193782|075.99
10032026|544121|0000000000004000|0000000000241360|0000000000004000|0000000000240020|100.00
10032026|544122|0000000000000673|0000000000692989|0000000000001324|0000000001372476|050.83
10032026|544123|0000000000002459|0000000000141295|0000000000002523|0000000000144862|097.46
10032026|544124|0000000000003178|0000000000343383|0000000000003849|0000000000421082|082.57
10032026|544129|0000000000005158|0000000001065643|0000000000008977|0000000001847107|057.46
10032026|544130|0000000000057212|0000000002333678|0000000000080191|0000000003251726|071.34
10032026|544131|0000000000002710|0000000000333872|0000000000003419|0000000000422141|079.26
10032026|544132|0000000000294858|0000000007415679|0000000001203145|0000000030185537|024.51
10032026|544133|0000000000011011|0000000000947167|0000000000018257|0000000001550449|060.31
10032026|544134|0000000000003145|0000000000676175|0000000000004861|0000000001036052|064.70
10032026|544135|0000000000006604|0000000000150043|0000000000010078|0000000000224753|065.53
10032026|544136|0000000000000444|0000000000043490|0000000000000500|0000000000048703|088.80
10032026|544137|0000000000002304|0000000000283277|0000000000002701|0000000000333428|085.30
10032026|544138|0000000000001113|0000000000401126|0000000000002086|0000000000747064|053.36
10032026|544139|0000000000002000|0000000000079000|0000000000002000|0000000000079000|100.00
10032026|544140|0000000000009124|0000000002583005|0000000000011409|0000000003247701|079.97
10032026|544141|0000000000008000|0000000001800000|0000000000011200|0000000002502400|071.43
10032026|544142|0000000000029044|0000000001253249|0000000000041723|0000000001795809|069.61
10032026|544143|0000000000000500|0000000000080025|0000000000000500|0000000000080025|100.00
10032026|544144|0000000000000484|0000000000045332|0000000000000643|0000000000059542|075.27
10032026|544149|0000000000000376|0000000000225600|0000000000000465|0000000000280069|080.86
10032026|544150|0000000000056000|0000000019023200|0000000000093000|0000000031693525|060.22
10032026|544151|0000000000013000|0000000000962780|0000000000015000|0000000001108860|086.67
10032026|544156|0000000000004500|0000000000078705|0000000000006000|0000000000106320|075.00
10032026|544158|0000000000018597|0000000007206338|0000000000022671|0000000008847637|082.03
10032026|544159|0000000000013552|0000000015133654|0000000000014439|0000000016124157|093.86
10032026|544160|0000000000003200|0000000000051360|0000000000006400|0000000000104624|050.00
10032026|544161|0000000000000425|0000000000426403|0000000000000737|0000000000747110|057.67
10032026|544162|0000000000000586|0000000000922657|0000000000001082|0000000001719057|054.16
10032026|544163|0000000000007000|0000000000585480|0000000000008000|0000000000658180|087.50
10032026|544165|0000000000111000|0000000011526450|0000000000111000|0000000011526450|100.00
10032026|544166|0000000000004800|0000000000625440|0000000000010800|0000000001393440|044.44
10032026|544167|0000000000005913|0000000001402268|0000000000009393|0000000002219037|062.95
10032026|544168|0000000000004000|0000000000115280|0000000000004000|0000000000115260|100.00
10032026|544171|0000000000004800|0000000000177600|0000000000008000|0000000000292208|060.00
10032026|544172|0000000000010731|0000000004855241|0000000000016512|0000000007550527|064.99
10032026|544173|0000000000001000|0000000000014100|0000000000001000|0000000000014100|100.00
10032026|544174|0000000000005374|0000000006560848|0000000000006412|0000000007725967|083.81
10032026|544176|0000000000013730|0000000006586281|0000000000029339|0000000014082458|046.80
10032026|544179|0000000000007967|0000000002656597|0000000000011079|0000000003695207|071.91
10032026|544180|0000000000036259|0000000001680968|0000000000046792|0000000002153554|077.49
10032026|544181|0000000000005160|0000000001321734|0000000000013581|0000000003537221|037.99
10032026|544183|0000000000000500|0000000000048425|0000000000000500|0000000000048425|100.00
10032026|544184|0000000000007566|0000000000815615|0000000000010687|0000000001144488|070.80
10032026|544185|0000000000001608|0000000000082780|0000000000001747|0000000000089222|092.04
10032026|544186|0000000000006551|0000000000802826|0000000000007083|0000000000868908|092.49
10032026|544187|0000000000005987|0000000000687009|0000000000006359|0000000000714489|094.15
10032026|544189|0000000000007000|0000000002851850|0000000000007000|0000000002851850|100.00
10032026|544190|0000000000004000|0000000000075000|0000000000004000|0000000000075000|100.00
10032026|544191|0000000000022391|0000000001263525|0000000000023157|0000000001301091|096.69
10032026|544192|0000000000017876|0000000003039814|0000000000029781|0000000005069448|060.02
10032026|544193|0000000000092169|0000000000973305|0000000000102855|0000000001082752|089.61
10032026|544194|0000000000002015|0000000000021017|0000000000002539|0000000000026411|079.36
10032026|544195|0000000000004000|0000000000072000|0000000000004000|0000000000069900|100.00
10032026|544196|0000000000000072|0000000000004161|0000000000000074|0000000000004228|097.30
10032026|544197|0000000000001730|0000000000039669|0000000000001734|0000000000038724|099.77
10032026|544198|0000000000109155|0000000033734353|0000000000415973|0000000126943776|026.24
10032026|544199|0000000000012000|0000000000456240|0000000000016000|0000000000614264|075.00
10032026|544200|0000000000440117|0000000003652971|0000000000440117|0000000003652971|100.00
10032026|544201|0000000000010000|0000000000116800|0000000000016000|0000000000185300|062.50
10032026|544202|0000000000017709|0000000002835211|0000000000042362|0000000006690094|041.80
10032026|544203|0000000000009892|0000000004729366|0000000000017574|0000000008234015|056.29
10032026|544204|0000000000000122|0000000000014043|0000000000000123|0000000000014158|099.19
10032026|544205|0000000000010711|0000000004085711|0000000000012286|0000000004684732|087.18
10032026|544206|0000000000053730|0000000014078872|0000000000135834|0000000035662196|039.56
10032026|544207|0000000000000427|0000000000052030|0000000000000656|0000000000079373|065.09
10032026|544209|0000000000001740|0000000000429519|0000000000002611|0000000000647987|066.64
10032026|544210|0000000000010182|0000000015930758|0000000000024429|0000000038198912|041.68
10032026|544212|0000000000041653|0000000001224599|0000000000045877|0000000001330198|090.79
10032026|544213|0000000000012600|0000000001588860|0000000000018600|0000000002367600|067.74
10032026|544214|0000000000006000|0000000000173880|0000000000006000|0000000000175160|100.00
10032026|544215|0000000000001833|0000000000059188|0000000000003576|0000000000114843|051.26
10032026|544216|0000000000243247|0000000002831396|0000000000337921|0000000003929720|071.98
10032026|544217|0000000000002538|0000000000216517|0000000000004698|0000000000398942|054.02
10032026|544218|0000000000000273|0000000000002941|0000000000000315|0000000000003324|086.67
10032026|544219|0000000000003600|0000000000370800|0000000000004200|0000000000432420|085.71
10032026|544220|0000000000003600|0000000000151200|0000000000003600|0000000000151776|100.00
10032026|544221|0000000000024000|0000000000385200|0000000000027000|0000000000433170|088.89
10032026|544222|0000000000009831|0000000004926315|0000000000021268|0000000010530666|046.22
10032026|544223|0000000000001987|0000000000552685|0000000000004223|0000000001160599|047.05
10032026|544224|0000000000234360|0000000173414682|0000000000277440|0000000207789984|084.47
10032026|544225|0000000001161254|0000000028148797|0000000003057214|0000000072922584|037.98
10032026|544226|0000000000014170|0000000003089769|0000000000029592|0000000006396424|047.88
10032026|544227|0000000000023505|0000000002351676|0000000000035633|0000000003486843|065.96
10032026|544229|0000000000217993|0000000002598477|0000000000369395|0000000004384264|059.01
10032026|544230|0000000000002058|0000000000122328|0000000000002205|0000000000132081|093.33
10032026|544232|0000000000002739|0000000004944580|0000000000004680|0000000008368521|058.53
10032026|544233|0000000000000625|0000000000013750|0000000000004787|0000000000107158|013.06
10032026|544234|0000000000000154|0000000000001619|0000000000000154|0000000000001712|100.00
10032026|544235|0000000000005400|0000000001459890|0000000000014451|0000000003834787|037.37
10032026|544236|0000000000003600|0000000000148140|0000000000003600|0000000000148128|100.00
10032026|544238|0000000000019096|0000000014286673|0000000000044200|0000000032573076|043.20
10032026|544239|0000000000041985|0000000006192788|0000000000051732|0000000007468487|081.16
10032026|544240|0000000000002818|0000000002293993|0000000000004842|0000000003918798|058.20
10032026|544241|0000000000604999|0000000009413785|0000000000608523|0000000009444159|099.42
10032026|544242|0000000000009000|0000000000137880|0000000000021000|0000000000321720|042.86
10032026|544243|0000000000005216|0000000001435704|0000000000010834|0000000002922527|048.14
10032026|544244|0000000000000146|0000000000106982|0000000000000148|0000000000107844|098.65
10032026|544245|0000000000001600|0000000000126400|0000000000004800|0000000000369600|033.33
10032026|544246|0000000000000241|0000000000141383|0000000000000251|0000000000150642|096.02
10032026|544247|0000000000100103|0000000009060323|0000000000102077|0000000009239628|098.07
10032026|544248|0000000000025200|0000000002740410|0000000000025200|0000000002740410|100.00
10032026|544249|0000000000004840|0000000000131358|0000000000005098|0000000000137772|094.94
10032026|544250|0000000000000491|0000000002215540|0000000000001157|0000000005194943|042.44
10032026|544251|0000000000006400|0000000000275840|0000000000009600|0000000000415840|066.67
10032026|544252|0000000000272601|0000000023053867|0000000000418977|0000000035265926|065.06
10032026|544253|0000000000014089|0000000002784691|0000000000020002|0000000003871735|070.44
10032026|544254|0000000000003670|0000000000376359|0000000000006444|0000000000654908|056.95
10032026|544256|0000000000012385|0000000006972136|0000000000016312|0000000009087980|075.93
10032026|544257|0000000000001500|0000000000299250|0000000000002000|0000000000407750|075.00
10032026|544258|0000000000003982|0000000000389042|0000000000005092|0000000000502629|078.20
10032026|544259|0000000000003000|0000000000093000|0000000000003000|0000000000093000|100.00
10032026|544260|0000000000014047|0000000003440813|0000000000019409|0000000004675758|072.37
10032026|544261|0000000000010329|0000000001100555|0000000000015924|0000000001724078|064.86
10032026|544262|0000000000000586|0000000000066980|0000000000000705|0000000000080386|083.12
10032026|544263|0000000000035190|0000000033463931|0000000000111225|0000000106883148|031.64
10032026|544264|0000000000001324|0000000000347418|0000000000003161|0000000000829820|041.89
10032026|544266|0000000000001223|0000000000111073|0000000000001323|0000000000119292|092.44
10032026|544267|0000000000000800|0000000000136880|0000000000000800|0000000000136880|100.00
10032026|544268|0000000002175343|0000000026017103|0000000003218925|0000000038112126|067.58
10032026|544269|0000000000084000|0000000000679560|0000000000108000|0000000000886020|077.78
10032026|544270|0000000000001200|0000000000052644|0000000000001200|0000000000052644|100.00
10032026|544271|0000000000012571|0000000002146499|0000000000021468|0000000003625588|058.56
10032026|544272|0000000000013600|0000000001785680|0000000000018400|0000000002406680|073.91
10032026|544273|0000000000024751|0000000000252708|0000000000025902|0000000000262042|095.56
10032026|544274|0000000000015559|0000000032666121|0000000000030577|0000000064431130|050.88
10032026|544275|0000000000015430|0000000000240246|0000000000017693|0000000000272892|087.21
10032026|544276|0000000000001564|0000000000112671|0000000000001897|0000000000136449|082.45
10032026|544277|0000000000010476|0000000027826352|0000000000026279|0000000069301902|039.86
10032026|544278|0000000000002808|0000000000238119|0000000000003775|0000000000307340|074.38
10032026|544279|0000000000029834|0000000009111304|0000000000042469|0000000012821780|070.25
10032026|544280|0000000000010184|0000000002816386|0000000000018148|0000000005048553|056.12
10032026|544281|0000000000027518|0000000000488445|0000000000041708|0000000000733806|065.98
10032026|544282|0000000000673261|0000000026290843|0000000001384794|0000000054437697|048.62
10032026|544283|0000000000026574|0000000005959220|0000000000052231|0000000011525914|050.88
10032026|544284|0000000000000281|0000000000302317|0000000000000281|0000000000302316|100.00
10032026|544285|0000000000115196|0000000033936742|0000000000240926|0000000071675340|047.81
10032026|544286|0000000000022936|0000000001637172|0000000000044167|0000000003119689|051.93
10032026|544287|0000000000030000|0000000001645500|0000000000030000|0000000001636920|100.00
10032026|544288|0000000000008573|0000000005018206|0000000000016798|0000000009717361|051.04
10032026|544289|0000000000199640|0000000017310785|0000000000335200|0000000029114479|059.56
10032026|544290|0000000000052454|0000000007406505|0000000000063625|0000000008925319|082.44
10032026|544291|0000000000019800|0000000017475480|0000000000029300|0000000026153880|067.58
10032026|544292|0000000000121474|0000000178736844|0000000000134570|0000000196396133|090.27
10032026|544293|0000000000001208|0000000000312208|0000000000001241|0000000000320859|097.34
10032026|544294|0000000000003950|0000000002867305|0000000000008365|0000000006060078|047.22
10032026|544295|0000000000000001|0000000001025001|0000000000000001|0000000001025000|100.00
10032026|544296|0000000000116400|0000000022732920|0000000000164800|0000000031666140|070.63
10032026|544301|0000000000002468|0000000000059109|0000000000002838|0000000000068092|086.96
10032026|544302|0000000000000010|0000000000003841|0000000000000010|0000000000003841|100.00
10032026|544303|0000000000000300|0000000000094500|0000000000000300|0000000000094500|100.00
10032026|544304|0000000000004800|0000000000196800|0000000000004800|0000000000195312|100.00
10032026|544305|0000000000006891|0000000001252095|0000000000020324|0000000003688650|033.91
10032026|544306|0000000000006616|0000000006681830|0000000000021071|0000000021273185|031.40
10032026|544307|0000000000257684|0000000028680230|0000000000630332|0000000069826210|040.88
10032026|544308|0000000000142807|0000000007688729|0000000000145157|0000000007835541|098.38
10032026|544309|0000000000075312|0000000105316301|0000000000098821|0000000133704152|076.21
10032026|544310|0000000000061750|0000000028920613|0000000000107000|0000000051222025|057.71
10032026|544311|0000000000002628|0000000000868949|0000000000007479|0000000002479009|035.14
10032026|544313|0000000000012000|0000000000291600|0000000000012000|0000000000290440|100.00
10032026|544314|0000000000000609|0000000000241987|0000000000000633|0000000000255120|096.21
10032026|544315|0000000000007431|0000000001793844|0000000000012585|0000000003069932|059.05
10032026|544316|0000000000011807|0000000001583910|0000000000019529|0000000002587003|060.46
10032026|544317|0000000000012025|0000000006286670|0000000000027149|0000000014063846|044.29
10032026|544318|0000000000002192|0000000000856524|0000000000002740|0000000001074730|080.00
10032026|544319|0000000000002341|0000000001778692|0000000000003805|0000000002880097|061.52
10032026|544320|0000000000001556|0000000000766875|0000000000002468|0000000001198444|063.05
10032026|544321|0000000000003602|0000000002433151|0000000000007138|0000000004819713|050.46
10032026|544322|0000000000001338|0000000001177976|0000000000002089|0000000001832931|064.05
10032026|544323|0000000000027921|0000000000297918|0000000000039385|0000000000417723|070.89
10032026|544325|0000000000164742|0000000027017688|0000000000281481|0000000046140188|058.53
10032026|544326|0000000000033052|0000000000769451|0000000000036911|0000000000851030|089.55
10032026|544327|0000000000010000|0000000000435000|0000000000010000|0000000000435000|100.00
10032026|544328|0000000000006621|0000000000846495|0000000000013508|0000000001704384|049.02
10032026|544329|0000000000004000|0000000000204200|0000000000004000|0000000000204200|100.00
10032026|544330|0000000000004000|0000000000472000|0000000000004000|0000000000472000|100.00
10032026|544331|0000000000010000|0000000000282700|0000000000012000|0000000000363640|083.33
10032026|544332|0000000000018400|0000000004417840|0000000000019200|0000000004651900|095.83
10032026|544333|0000000000008037|0000000000992570|0000000000017035|0000000002072723|047.18
10032026|544335|0000000000009000|0000000000891450|0000000000010000|0000000001009270|090.00
10032026|544336|0000000000010222|0000000003010379|0000000000020246|0000000005842839|050.49
10032026|544338|0000000000015012|0000000001035979|0000000000023113|0000000001599589|064.95
10032026|544339|0000000000002904|0000000000523446|0000000000006111|0000000001080082|047.52
10032026|544340|0000000000100800|0000000003931200|0000000000104000|0000000004151664|096.92
10032026|544341|0000000000073600|0000000001690592|0000000000097600|0000000002236448|075.41
10032026|544342|0000000000424571|0000000045789983|0000000000765915|0000000080672701|055.43
10032026|544343|0000000000025200|0000000002280600|0000000000031200|0000000002789860|080.77
10032026|544344|0000000000002957|0000000008955423|0000000000005848|0000000017301065|050.56
10032026|544345|0000000000004913|0000000001126797|0000000000008881|0000000002004236|055.32
10032026|544346|0000000000000643|0000000000093156|0000000000000643|0000000000093156|100.00
10032026|544347|0000000000007800|0000000002390310|0000000000008000|0000000002471870|097.50
10032026|544348|0000000000012000|0000000000468000|0000000000012000|0000000000466200|100.00
10032026|544349|0000000000008000|0000000000350000|0000000000008000|0000000000350528|100.00
10032026|544350|0000000000003211|0000000001431143|0000000000008985|0000000004023933|035.74
10032026|544351|0000000000001600|0000000000112000|0000000000001600|0000000000112000|100.00
10032026|544352|0000000000002035|0000000000082235|0000000000002073|0000000000083476|098.17
10032026|544353|0000000000008400|0000000000294084|0000000000009600|0000000000343752|087.50
10032026|544354|0000000000021000|0000000003003000|0000000000025800|0000000003667410|081.40
10032026|544355|0000000000000201|0000000000357348|0000000000000230|0000000000413904|087.39
10032026|544356|0000000000002762|0000000001359457|0000000000003710|0000000001813574|074.45
10032026|544361|0000000000001516|0000000000259690|0000000000001516|0000000000259690|100.00
10032026|544362|0000000000030418|0000000013464528|0000000000053106|0000000023611703|057.28
10032026|544363|0000000000000035|0000000000005438|0000000000000035|0000000000005435|100.00
10032026|544364|0000000000002005|0000000000448920|0000000000002073|0000000000464256|096.72
10032026|544365|0000000000002000|0000000000074100|0000000000002000|0000000000074100|100.00
10032026|544366|0000000000001600|0000000000068000|0000000000003200|0000000000135440|050.00
10032026|544367|0000000000007269|0000000006011463|0000000000014448|0000000011813500|050.31
10032026|544368|0000000000003600|0000000000063000|0000000000004800|0000000000084960|075.00
10032026|544369|0000000000018400|0000000003792240|0000000000021600|0000000004495800|085.19
10032026|544371|0000000000000820|0000000000050660|0000000000000885|0000000000055304|092.66
10032026|544372|0000000000006000|0000000000071400|0000000000006000|0000000000071250|100.00
10032026|544375|0000000000002197|0000000000342293|0000000000002912|0000000000454205|075.45
10032026|544376|0000000000000817|0000000000033465|0000000000000856|0000000000034847|095.44
10032026|544377|0000000000002420|0000000000031218|0000000000002420|0000000000031185|100.00
10032026|544378|0000000000001000|0000000000061600|0000000000001000|0000000000061600|100.00
10032026|544379|0000000000004928|0000000000795133|0000000000006217|0000000000968717|079.27
10032026|544380|0000000000000006|0000000000006317|0000000000000006|0000000000006316|100.00
10032026|544381|0000000000003600|0000000000115200|0000000000003600|0000000000116640|100.00
10032026|544382|0000000000003274|0000000000106929|0000000000003500|0000000000114208|093.54
10032026|544383|0000000000004800|0000000000758400|0000000000010800|0000000001705200|044.44
10032026|544384|0000000000347287|0000000009428843|0000000000667838|0000000018146247|052.00
10032026|544385|0000000000004467|0000000000232687|0000000000004727|0000000000242909|094.50
10032026|544386|0000000000000021|0000000000028523|0000000000000026|0000000000035347|080.77
10032026|544387|0000000000007000|0000000001101800|0000000000008000|0000000001250875|087.50
10032026|544388|0000000000026000|0000000002236000|0000000000044000|0000000003673800|059.09
10032026|544389|0000000000005242|0000000001384465|0000000000008052|0000000002117271|065.10
10032026|544390|0000000000012223|0000000036117132|0000000000023674|0000000069900587|051.63
10032026|544391|0000000000006000|0000000000229920|0000000000006000|0000000000229920|100.00
10032026|544392|0000000000010000|0000000000663000|0000000000010000|0000000000663000|100.00
10032026|544393|0000000000001600|0000000000042400|0000000000001600|0000000000042400|100.00
10032026|544394|0000000000003604|0000000000105886|0000000000004765|0000000000138812|075.63
10032026|544395|0000000000109777|0000000002108817|0000000000137035|0000000002603966|080.11
10032026|544396|0000000000000350|0000000000357280|0000000000000593|0000000000606555|059.02
10032026|544397|0000000000017584|0000000012234948|0000000000044656|0000000030805439|039.38
10032026|544399|0000000000012000|0000000000936360|0000000000026400|0000000002032092|045.45
10032026|544400|0000000000002000|0000000000084000|0000000000008000|0000000000335100|025.00
10032026|544401|0000000000000210|0000000000067536|0000000000000210|0000000000067359|100.00
10032026|544402|0000000000005023|0000000001814810|0000000000007590|0000000002763809|066.18
10032026|544403|0000000000081064|0000000008426603|0000000000124464|0000000012690264|065.13
10032026|544404|0000000000001309|0000000000519546|0000000000001309|0000000000519546|100.00
10032026|544405|0000000000215017|0000000041702548|0000000000563558|0000000109593827|038.15
10032026|544406|0000000000020800|0000000006913920|0000000000030000|0000000009772280|069.33
10032026|544407|0000000000044139|0000000008565173|0000000000074972|0000000014365475|058.87
10032026|544408|0000000000002533|0000000001084124|0000000000004242|0000000001820147|059.71
10032026|544409|0000000000006000|0000000000954000|0000000000006000|0000000000954000|100.00
10032026|544410|0000000000004334|0000000000577073|0000000000009105|0000000001194371|047.60
10032026|544411|0000000000203387|0000000025036940|0000000000205238|0000000025252878|099.10
10032026|544412|0000000000012000|0000000000216000|0000000000018000|0000000000330390|066.67
10032026|544413|0000000000029156|0000000002625498|0000000000040624|0000000003588160|071.77
10032026|544414|0000000000003693|0000000000181511|0000000000007208|0000000000356182|051.23
10032026|544415|0000000000000966|0000000000039384|0000000000001283|0000000000051593|075.29
10032026|544416|0000000000000057|0000000000018010|0000000000000059|0000000000018599|096.61
10032026|544417|0000000000003600|0000000000068400|0000000000003600|0000000000068280|100.00
10032026|544418|0000000000025710|0000000007746423|0000000000070121|0000000020742459|036.67
10032026|544419|0000000000149165|0000000016221694|0000000000197810|0000000021182664|075.41
10032026|544420|0000000000006154|0000000002411445|0000000000012395|0000000004812547|049.65
10032026|544421|0000000000010530|0000000002346611|0000000000015955|0000000003480135|066.00
10032026|544422|0000000000006000|0000000000439200|0000000000006000|0000000000422040|100.00
10032026|544423|0000000000000447|0000000000134100|0000000000000702|0000000000209726|063.68
10032026|544424|0000000000002272|0000000000106194|0000000000002304|0000000000108078|098.61
10032026|544425|0000000000002400|0000000000263220|0000000000002400|0000000000263220|100.00
10032026|544426|0000000000025200|0000000001460844|0000000000027600|0000000001616592|091.30
10032026|544427|0000000000000533|0000000000005336|0000000000000555|0000000000005576|096.04
10032026|544428|0000000000007200|0000000000347400|0000000000007200|0000000000347400|100.00
10032026|544429|0000000000033088|0000000021965469|0000000000058850|0000000038618620|056.22
10032026|544430|0000000000035775|0000000003341743|0000000000073277|0000000006806821|048.82
10032026|544431|0000000000002000|0000000000193400|0000000000002000|0000000000193400|100.00
10032026|544432|0000000000002987|0000000000188062|0000000000004482|0000000000281083|066.64
10032026|544433|0000000000016800|0000000000256200|0000000000026400|0000000000404340|063.64
10032026|544434|0000000000060000|0000000005126400|0000000000084000|0000000007093432|071.43
10032026|544435|0000000000048000|0000000005035200|0000000000060000|0000000006403160|080.00
10032026|544436|0000000000002400|0000000000084600|0000000000002400|0000000000084600|100.00
10032026|544437|0000000000010800|0000000000755100|0000000000010800|0000000000755100|100.00
10032026|544438|0000000000043122|0000000000489866|0000000000051570|0000000000583929|083.62
10032026|544439|0000000000012226|0000000002638983|0000000000016467|0000000003518085|074.25
10032026|544440|0000000000018000|0000000003081600|0000000000029250|0000000005158012|061.54
10032026|544441|0000000000024800|0000000002209928|0000000000028000|0000000002496984|088.57
10032026|544442|0000000000026400|0000000002586936|0000000000031200|0000000003077436|084.62
10032026|544443|0000000000000557|0000000000662385|0000000000000866|0000000001027081|064.32
10032026|544444|0000000000027600|0000000001936140|0000000000042000|0000000002930244|065.71
10032026|544445|0000000000003000|0000000000246000|0000000000003000|0000000000241000|100.00
10032026|544446|0000000000002412|0000000000434643|0000000000003425|0000000000613670|070.42
10032026|544447|0000000000001573|0000000000636751|0000000000002630|0000000001043523|059.81
10032026|544448|0000000000000118|0000000000118290|0000000000000172|0000000000173742|068.60
10032026|544449|0000000000006067|0000000004064890|0000000000013183|0000000008879661|046.02
10032026|544450|0000000000000348|0000000000046980|0000000000000354|0000000000047622|098.30
10032026|544451|0000000000038800|0000000009717460|0000000000041200|0000000010152640|094.17
10032026|544452|0000000000014000|0000000000731500|0000000000014000|0000000000731500|100.00
10032026|544453|0000000000006600|0000000001318020|0000000000006600|0000000001320450|100.00
10032026|544454|0000000000001305|0000000000211019|0000000000001408|0000000000232040|092.68
10032026|544455|0000000000004960|0000000001774192|0000000000005017|0000000001793761|098.86
10032026|544456|0000000000003105|0000000000144693|0000000000003105|0000000000144693|100.00
10032026|544457|0000000000004971|0000000000290357|0000000000006948|0000000000406882|071.55
10032026|544458|0000000000072500|0000000013775000|0000000000096500|0000000017991150|075.13
10032026|544459|0000000000009787|0000000001954464|0000000000014576|0000000002915266|067.14
10032026|544460|0000000000022400|0000000001375808|0000000000028800|0000000001769712|077.78
10032026|544461|0000000000000243|0000000000037957|0000000000000250|0000000000039422|097.20
10032026|544463|0000000000006000|0000000000327000|0000000000006000|0000000000338400|100.00
10032026|544464|0000000000002000|0000000000123940|0000000000008000|0000000000485740|025.00
10032026|544465|0000000000012218|0000000001040485|0000000000019895|0000000001725037|061.41
10032026|544466|0000000000018271|0000000030038438|0000000000024416|0000000040377464|074.83
10032026|544467|0000000000366150|0000000320619248|0000000000543337|0000000475481137|067.39
10032026|544468|0000000000001200|0000000000126000|0000000000001200|0000000000126000|100.00
10032026|544469|0000000000057296|0000000007342483|0000000000086888|0000000010813823|065.94
10032026|544470|0000000000002522|0000000000759122|0000000000004363|0000000001288287|057.80
10032026|544471|0000000000002000|0000000000066000|0000000000002000|0000000000066000|100.00
10032026|544472|0000000000001600|0000000000101200|0000000000003200|0000000000202000|050.00
10032026|544473|0000000000021397|0000000000223385|0000000000023972|0000000000248277|089.26
10032026|544474|0000000000024000|0000000000789600|0000000000027200|0000000000898480|088.24
10032026|544475|0000000000074000|0000000002049060|0000000000114000|0000000003089640|064.91
10032026|544476|0000000000003439|0000000002166227|0000000000008023|0000000005009638|042.86
10032026|544477|0000000000002989|0000000000152469|0000000000005173|0000000000261721|057.78
10032026|544478|0000000000000002|0000000000002039|0000000000000002|0000000000002038|100.00
10032026|544479|0000000000001163|0000000000247545|0000000000001947|0000000000413249|059.73
10032026|544480|0000000000168992|0000000020625474|0000000000280672|0000000034389937|060.21
10032026|544481|0000000000006908|0000000000808375|0000000000011001|0000000001283059|062.79
10032026|544482|0000000000016000|0000000001037600|0000000000019000|0000000001294530|084.21
10032026|544483|0000000000021600|0000000000874368|0000000000022800|0000000000914220|094.74
10032026|544484|0000000000014317|0000000007189282|0000000000032978|0000000016377420|043.41
10032026|544485|0000000000017634|0000000001126284|0000000000033545|0000000002114639|052.57
10032026|544486|0000000000003019|0000000000090570|0000000000003172|0000000000095122|095.18
10032026|544487|0000000000004199|0000000000712151|0000000000005438|0000000000920391|077.22
10032026|544488|0000000000215455|0000000040634813|0000000000438889|0000000080510767|049.09
10032026|544489|0000000000002400|0000000000143940|0000000000002400|0000000000143940|100.00
10032026|544490|0000000000006742|0000000002569377|0000000000011782|0000000004491679|057.22
10032026|544491|0000000000005354|0000000001014583|0000000000010316|0000000001961506|051.90
10032026|544492|0000000000002526|0000000000601188|0000000000004453|0000000001044827|056.73
10032026|544493|0000000000001712|0000000000264710|0000000000001946|0000000000299226|087.98
10032026|544494|0000000000004800|0000000000107472|0000000000004800|0000000000105104|100.00
10032026|544495|0000000000016800|0000000000940800|0000000000016800|0000000000965616|100.00
10032026|544496|0000000000207235|0000000013033010|0000000000284554|0000000017654918|072.83
10032026|544497|0000000000020016|0000000002519014|0000000000035950|0000000004619719|055.68
10032026|544498|0000000000001600|0000000000071600|0000000000001600|0000000000071600|100.00
10032026|544499|0000000000001834|0000000000328837|0000000000007044|0000000001299844|026.04
10032026|544500|0000000000006000|0000000000199500|0000000000006000|0000000000202500|100.00
10032026|544501|0000000000011000|0000000000962610|0000000000011000|0000000000967510|100.00
10032026|544502|0000000000003665|0000000000358437|0000000000005193|0000000000505817|070.58
10032026|544503|0000000000005000|0000000000549750|0000000000005000|0000000000549750|100.00
10032026|544504|0000000000010800|0000000002944620|0000000000012800|0000000003488980|084.38
10032026|544505|0000000000012000|0000000000565800|0000000000012000|0000000000556600|100.00
10032026|544506|0000000000000600|0000000000072600|0000000000000600|0000000000072600|100.00
10032026|544507|0000000000058182|0000000000543420|0000000000062734|0000000000580082|092.74
10032026|544509|0000000000004800|0000000000174768|0000000000006400|0000000000233024|075.00
10032026|544510|0000000000009600|0000000000738240|0000000000011200|0000000000861120|085.71
10032026|544512|0000000000022285|0000000004685422|0000000000045680|0000000009460509|048.78
10032026|544513|0000000000004607|0000000000173961|0000000000004848|0000000000184149|095.03
10032026|544514|0000000000004800|0000000000918400|0000000000004800|0000000000918400|100.00
10032026|544515|0000000000078799|0000000008648191|0000000000188131|0000000020646932|041.89
10032026|544516|0000000000043000|0000000011926050|0000000000056000|0000000015623050|076.79
10032026|544517|0000000000002578|0000000002557505|0000000000003627|0000000003602522|071.08
10032026|544518|0000000000019200|0000000003430240|0000000000019200|0000000003430240|100.00
10032026|544519|0000000000000990|0000000000238491|0000000000005434|0000000001287361|018.22
10032026|544520|0000000000003600|0000000000183600|0000000000003600|0000000000181200|100.00
10032026|544521|0000000000006189|0000000000260372|0000000000007576|0000000000317997|081.69
10032026|544522|0000000000001021|0000000000416058|0000000000001059|0000000000429570|096.41
10032026|544523|0000000000001270|0000000000290576|0000000000002318|0000000000526702|054.79
10032026|544524|0000000000016800|0000000002869440|0000000000029600|0000000005072680|056.76
10032026|544525|0000000000019493|0000000002051639|0000000000031835|0000000003320374|061.23
10032026|544526|0000000000004079|0000000001410111|0000000000005662|0000000001938650|072.04
10032026|544527|0000000000005101|0000000005122935|0000000000008847|0000000008678720|057.66
10032026|544528|0000000000005050|0000000000875418|0000000000007495|0000000001282916|067.38
10032026|544530|0000000000013741|0000000006781871|0000000000032977|0000000015915190|041.67
10032026|544531|0000000000140400|0000000019908720|0000000000245400|0000000033692940|057.21
10032026|544532|0000000000015056|0000000002534678|0000000000017567|0000000002913882|085.71
10032026|544533|0000000000009945|0000000002569788|0000000000020208|0000000005362351|049.21
10032026|544534|0000000000002311|0000000000957679|0000000000009369|0000000003901947|024.67
10032026|544535|0000000000012800|0000000001632000|0000000000012800|0000000001632000|100.00
10032026|544536|0000000000000050|0000000000048780|0000000000000060|0000000000058738|083.33
10032026|544537|0000000000018444|0000000007795357|0000000000045991|0000000019500734|040.10
10032026|544539|0000000000004800|0000000000106800|0000000000004800|0000000000106800|100.00
10032026|544540|0000000000027156|0000000004403346|0000000000042292|0000000006782963|064.21
10032026|544541|0000000000020400|0000000003345600|0000000000022800|0000000003625920|089.47
10032026|544542|0000000000005000|0000000000525000|0000000000006000|0000000000621200|083.33
10032026|544543|0000000000008385|0000000000483144|0000000000014131|0000000000816534|059.34
10032026|544545|0000000000002113|0000000000792059|0000000000003938|0000000001494394|053.66
10032026|544546|0000000000037200|0000000002091756|0000000000049200|0000000002759724|075.61
10032026|544547|0000000000002104|0000000000114500|0000000000003773|0000000000204280|055.76
10032026|544548|0000000000003200|0000000000260160|0000000000003200|0000000000265760|100.00
10032026|544549|0000000000003000|0000000000459000|0000000000004000|0000000000588750|075.00
10032026|544550|0000000000010907|0000000001738031|0000000000019915|0000000003136673|054.77
10032026|544551|0000000000004000|0000000000588000|0000000000004000|0000000000594350|100.00
10032026|544553|0000000000011200|0000000001422400|0000000000011200|0000000001421600|100.00
10032026|544554|0000000000002000|0000000000104000|0000000000002000|0000000000104000|100.00
10032026|544556|0000000000016000|0000000000536000|0000000000016000|0000000000527200|100.00
10032026|544557|0000000000009727|0000000000432949|0000000000016275|0000000000711297|059.77
10032026|544558|0000000000013375|0000000002107900|0000000000035829|0000000005487029|037.33
10032026|544559|0000000000016000|0000000000233920|0000000000017600|0000000000264640|090.91
10032026|544560|0000000000004000|0000000000264840|0000000000004000|0000000000264840|100.00
10032026|544561|0000000000018000|0000000000128700|0000000000030000|0000000000211740|060.00
10032026|544562|0000000000003427|0000000000370116|0000000000004479|0000000000482268|076.51
10032026|544563|0000000000093000|0000000035639250|0000000000093000|0000000035639250|100.00
10032026|544564|0000000000001169|0000000000092597|0000000000001397|0000000000110368|083.68
10032026|544566|0000000000015000|0000000001086750|0000000000021000|0000000001514850|071.43
10032026|544568|0000000000036000|0000000003826800|0000000000060000|0000000006437100|060.00
10032026|544569|0000000000365641|0000000167884066|0000000000980691|0000000452651092|037.28
10032026|544570|0000000000004472|0000000001972152|0000000000011317|0000000004910939|039.52
10032026|544571|0000000000001000|0000000000075600|0000000000001000|0000000000075600|100.00
10032026|544572|0000000000000396|0000000000891297|0000000000000702|0000000001592078|056.41
10032026|544574|0000000000034816|0000000011210752|0000000000124239|0000000039825080|028.02
10032026|544575|0000000000018000|0000000000478440|0000000000022000|0000000000576590|081.82
10032026|544576|0000000000007122|0000000011203619|0000000000015501|0000000024379160|045.95
10032026|544578|0000000000003341|0000000002636885|0000000000006497|0000000005122412|051.42
10032026|544579|0000000000000059|0000000000006004|0000000000000059|0000000000006032|100.00
10032026|544580|0000000000030264|0000000007295138|0000000000118923|0000000028244292|025.45
10032026|544581|0000000000023500|0000000000224895|0000000000023570|0000000000225552|099.70
10032026|544582|0000000000015600|0000000000392028|0000000000020400|0000000000513228|076.47
10032026|544583|0000000000011187|0000000001655117|0000000000049084|0000000007211594|022.79
10032026|544584|0000000000005000|0000000000635000|0000000000007000|0000000000877300|071.43
10032026|544586|0000000000080549|0000000000780520|0000000000089274|0000000000862990|090.23
10032026|544587|0000000000001825|0000000002143189|0000000000003684|0000000004196260|049.54
10032026|544594|0000000000002400|0000000000270000|0000000000002400|0000000000267000|100.00
10032026|544595|0000000000004968|0000000002740101|0000000000006589|0000000003693928|075.40
10032026|544596|0000000000004800|0000000000168144|0000000000006000|0000000000207744|080.00
10032026|544597|0000000000008527|0000000015218990|0000000000014865|0000000026061750|057.36
10032026|544598|0000000000008158|0000000000034101|0000000000008272|0000000000034565|098.62
10032026|544599|0000000000001021|0000000000526428|0000000000001280|0000000000655974|079.77
10032026|544600|0000000000031018|0000000015964965|0000000000130579|0000000067399405|023.75
10032026|544601|0000000000000148|0000000000023458|0000000000000175|0000000000027482|084.57
10032026|544603|0000000000460820|0000000072371781|0000000001418337|0000000220882667|032.49
10032026|544604|0000000000005287|0000000000191654|0000000000009853|0000000000355493|053.66
10032026|544605|0000000000072832|0000000001124527|0000000000087004|0000000001330905|083.71
10032026|544606|0000000000027438|0000000004730312|0000000000063130|0000000010919476|043.46
10032026|544608|0000000000045875|0000000009431900|0000000000065919|0000000013290027|069.59
10032026|544609|0000000000091394|0000000007614949|0000000000260572|0000000021807387|035.07
10032026|544610|0000000000010200|0000000003293580|0000000000013200|0000000004293150|077.27
10032026|544611|0000000000006000|0000000000946500|0000000000006000|0000000000946500|100.00
10032026|544612|0000000000108684|0000000059075189|0000000000129360|0000000070083388|084.02
10032026|544613|0000000000006524|0000000001196828|0000000000014710|0000000002654754|044.35
10032026|544614|0000000000000698|0000000000358877|0000000000001024|0000000000529305|068.16
10032026|544615|0000000000083800|0000000003066967|0000000000083800|0000000003066967|100.00
10032026|544616|0000000000012000|0000000001728000|0000000000012000|0000000001727000|100.00
10032026|544617|0000000000019786|0000000001576747|0000000000049992|0000000004075274|039.58
10032026|544618|0000000000000006|0000000000000471|0000000000000006|0000000000000470|100.00
10032026|544619|0000000000002648|0000000001572515|0000000000006239|0000000003616128|042.44
10032026|544620|0000000000000003|0000000000000087|0000000000000004|0000000000000115|075.00
10032026|544621|0000000000003000|0000000000103500|0000000000004000|0000000000138450|075.00
10032026|544622|0000000000575465|0000000015221050|0000000001129979|0000000029672984|050.93
10032026|544623|0000000000026400|0000000004039200|0000000000026400|0000000004054200|100.00
10032026|544624|0000000000027000|0000000000306720|0000000000027000|0000000000304770|100.00
10032026|544625|0000000000013800|0000000000441324|0000000000015600|0000000000486210|088.46
10032026|544626|0000000000080000|0000000029332000|0000000000123000|0000000042997000|065.04
10032026|544627|0000000000006000|0000000000662100|0000000000007000|0000000000767300|085.71
10032026|544628|0000000000012000|0000000000208200|0000000000014000|0000000000241480|085.71
10032026|544629|0000000000013000|0000000002040350|0000000000014000|0000000002176900|092.86
10032026|544630|0000000000015600|0000000001953900|0000000000015600|0000000001956900|100.00
10032026|544631|0000000000000199|0000000000125589|0000000000000229|0000000000144540|086.90
10032026|544632|0000000000401308|0000000056323578|0000000000940440|0000000130824738|042.67
10032026|544633|0000000000035558|0000000001863595|0000000000074692|0000000003872710|047.61
10032026|544634|0000000000022076|0000000002790407|0000000000041785|0000000005334201|052.83
10032026|544635|0000000000009600|0000000000607296|0000000000011200|0000000000706272|085.71
10032026|544636|0000000000002000|0000000000038000|0000000000002000|0000000000038000|100.00
10032026|544637|0000000000009000|0000000000991800|0000000000009000|0000000000978990|100.00
10032026|544638|0000000000003232|0000000000516797|0000000000004192|0000000000669390|077.10
10032026|544639|0000000000002383|0000000000637739|0000000000003527|0000000000943837|067.56
10032026|544640|0000000000010800|0000000000362556|0000000000016800|0000000000562008|064.29
10032026|544641|0000000000005400|0000000001322730|0000000000007800|0000000001889640|069.23
10032026|544642|0000000000003740|0000000000677127|0000000000007113|0000000001276141|052.58
10032026|544643|0000000000010000|0000000001962550|0000000000010000|0000000001962550|100.00
10032026|544644|0000000000001627|0000000002653963|0000000000005452|0000000009019311|029.84
10032026|544645|0000000000090220|0000000018463523|0000000000144579|0000000029557972|062.40
10032026|544646|0000000000140000|0000000000516600|0000000000140000|0000000000518400|100.00
10032026|544647|0000000000003547|0000000002085104|0000000000007059|0000000004115574|050.25
10032026|544648|0000000000004000|0000000000244000|0000000000004000|0000000000244000|100.00
10032026|544654|0000000000005100|0000000000078387|0000000000005702|0000000000087456|089.44
10032026|544655|0000000000000072|0000000000001527|0000000000000072|0000000000001526|100.00
10032026|544656|0000000000024000|0000000006063240|0000000000024000|0000000006063240|100.00
10032026|544657|0000000000002400|0000000000484680|0000000000002400|0000000000484680|100.00
10032026|544658|0000000000012512|0000000038583880|0000000000029775|0000000090160887|042.02
10032026|544660|0000000000007488|0000000000066419|0000000000009488|0000000000084036|078.92
10032026|544661|0000000000000612|0000000000021659|0000000000000612|0000000000021654|100.00
10032026|544662|0000000000090160|0000000011665198|0000000000090160|0000000011665198|100.00
10032026|544663|0000000000016000|0000000000613920|0000000000019000|0000000000713980|084.21
10032026|544664|0000000000088313|0000000034936623|0000000000111174|0000000043374774|079.44
10032026|544666|0000000000003373|0000000000366646|0000000000006002|0000000000655786|056.20
10032026|544667|0000000000001200|0000000000072000|0000000000001200|0000000000072000|100.00
10032026|544668|0000000000001800|0000000000500400|0000000000003600|0000000001002840|050.00
10032026|544669|0000000000004800|0000000000974400|0000000000004800|0000000000974280|100.00
10032026|544670|0000000000000600|0000000000106200|0000000000000600|0000000000106200|100.00
10032026|544671|0000000000004000|0000000000392000|0000000000004000|0000000000398000|100.00
10032026|544672|0000000000000130|0000000000020540|0000000000000259|0000000000040980|050.19
10032026|544673|0000000000004800|0000000000307536|0000000000006400|0000000000410368|075.00
10032026|544674|0000000000000050|0000000000003355|0000000000000050|0000000000003355|100.00
10032026|544675|0000000000057600|0000000002915136|0000000000072000|0000000003671312|080.00
10032026|544676|0000000000033600|0000000001471344|0000000000054400|0000000002354824|061.76
10032026|544677|0000000000009600|0000000000822432|0000000000016000|0000000001372112|060.00
10032026|544678|0000000000462616|0000000015261702|0000000000867883|0000000028513080|053.30
10032026|544679|0000000000272540|0000000104614479|0000000000294549|0000000112247368|092.53
10032026|544680|0000000000000240|0000000000041040|0000000000000480|0000000000080880|050.00
10032026|544681|0000000000035000|0000000005131000|0000000000046000|0000000006741900|076.09
10032026|544682|0000000000010800|0000000001058400|0000000000013200|0000000001291068|081.82
10032026|544683|0000000000021000|0000000000362040|0000000000024000|0000000000418110|087.50
10032026|544684|0000000000004800|0000000000427968|0000000000004800|0000000000427944|100.00
10032026|544685|0000000000029443|0000000003375640|0000000000054574|0000000006267151|053.95
10032026|544687|0000000000128000|0000000007459840|0000000000258000|0000000014867220|049.61
10032026|544688|0000000000004000|0000000000252000|0000000000004000|0000000000252000|100.00
10032026|544693|0000000000012800|0000000000416000|0000000000012800|0000000000424320|100.00
10032026|544695|0000000000042000|0000000004901400|0000000000053000|0000000006246800|079.25
10032026|544698|0000000000004800|0000000000284400|0000000000009600|0000000000557248|050.00
10032026|544699|0000000000008778|0000000000990159|0000000000022174|0000000002518037|039.59
10032026|544700|0000000000043565|0000000036736187|0000000000101869|0000000083461845|042.77
10032026|544701|0000000000003642|0000000000068579|0000000000003642|0000000000068597|100.00
10032026|544702|0000000000006755|0000000000406989|0000000000012389|0000000000704714|054.52
10032026|544703|0000000000007476|0000000000197217|0000000000008810|0000000000240121|084.86
10032026|544704|0000000000000433|0000000000004781|0000000000000655|0000000000007186|066.11
10032026|544705|0000000000006385|0000000000441715|0000000000009819|0000000000673765|065.03
10032026|544707|0000000000153000|0000000033226050|0000000000153000|0000000033226050|100.00
10032026|544708|0000000000039600|0000000002198988|0000000000039600|0000000002198988|100.00
10032026|544709|0000000000079800|0000000006154261|0000000000079800|0000000006154261|100.00
10032026|544710|0000000000270000|0000000013492860|0000000000270000|0000000013492860|100.00
10032026|544711|0000000000001000|0000000000090500|0000000000001000|0000000000090500|100.00
10032026|544716|0000000000077510|0000000004417711|0000000000077510|0000000004417711|100.00
10032026|544717|0000000000007634|0000000006789298|0000000000037307|0000000032794204|020.46
10032026|544718|0000000000004024|0000000001570769|0000000000018577|0000000007203950|021.66
10032026|544719|0000000000000061|0000000000010415|0000000000000061|0000000000010415|100.00
10032026|544720|0000000000013272|0000000002548888|0000000000043657|0000000008407561|030.40
10032026|544721|0000000000011089|0000000000533714|0000000000016182|0000000000776846|068.53
10032026|544722|0000000000001051|0000000000062945|0000000000001051|0000000000062639|100.00
10032026|555555|0000000000001617|0000000001448752|0000000000001952|0000000001744396|082.84
10032026|570002|0000000000020109|0000000000054547|0000000000020109|0000000000054547|100.00
10032026|570004|0000000000001874|0000000000038417|0000000000003531|0000000000071993|053.07
10032026|570005|0000000000142179|0000000000063981|0000000000234558|0000000000104395|060.62
10032026|590003|0000000000066622|0000000020099858|0000000000135471|0000000040705669|049.18
10032026|590005|0000000000001703|0000000002279125|0000000000002057|0000000002715218|082.79
10032026|590006|0000000000002190|0000000001210194|0000000000003537|0000000001988217|061.92
10032026|590013|0000000000001147|0000000001017504|0000000000001907|0000000001710230|060.15
10032026|590018|0000000000001050|0000000000162750|0000000000001100|0000000000170760|095.45
10032026|590021|0000000000000690|0000000000941333|0000000000001307|0000000001765761|052.79
10032026|590024|0000000000220054|0000000174964936|0000000000534829|0000000410825629|041.14
10032026|590025|0000000000024131|0000000000792945|0000000000025185|0000000000839747|095.81
10032026|590030|0000000000056477|0000000003659710|0000000000140288|0000000008923056|040.26
10032026|590031|0000000000000358|0000000000250225|0000000000000425|0000000000299544|084.24
10032026|590041|0000000000014982|0000000000939876|0000000000014982|0000000000939876|100.00
10032026|590051|0000000000012520|0000000001671420|0000000000020918|0000000002764228|059.85
10032026|590056|0000000000000075|0000000000020948|0000000000000088|0000000000024163|085.23
10032026|590057|0000000000004016|0000000000064276|0000000000004016|0000000000064276|100.00
10032026|590062|0000000000003498|0000000000258258|0000000000006285|0000000000463935|055.66
10032026|590065|0000000000000188|0000000000192287|0000000000000205|0000000000208084|091.71
10032026|590066|0000000000009315|0000000001412154|0000000000012966|0000000001964949|071.84
10032026|590068|0000000000000350|0000000000032099|0000000000000360|0000000000033799|097.22
10032026|590070|0000000000002165|0000000000006149|0000000000002215|0000000000006258|097.74
10032026|590071|0000000000001550|0000000008446570|0000000000003177|0000000017396204|048.79
10032026|590072|0000000000000020|0000000000011372|0000000000000020|0000000000011359|100.00
10032026|590073|0000000000001438|0000000001337772|0000000000002082|0000000001929195|069.07
10032026|590075|0000000000002808|0000000000285855|0000000000002910|0000000000289928|096.49
10032026|590078|0000000000002166|0000000002029326|0000000000002912|0000000002728129|074.38
10032026|590086|0000000000000551|0000000002040904|0000000000000878|0000000003269770|062.76
10032026|590095|0000000000519982|0000000068752021|0000000001076178|0000000142199578|048.32
10032026|590096|0000000000074746|0000000074745253|0000000000321707|0000000321706783|023.23
10032026|590097|0000000000064271|0000000008576323|0000000000104977|0000000013979219|061.22
10032026|590098|0000000000133685|0000000018215919|0000000000260262|0000000035446611|051.37
10032026|590099|0000000000003100|0000000000410161|0000000000006313|0000000000834721|049.10
10032026|590101|0000000000007542|0000000001013419|0000000000012869|0000000001726503|058.61
10032026|590103|0000000000295793|0000000081363781|0000000000440467|0000000120778704|067.15
10032026|590104|0000000000006095|0000000004417596|0000000000012977|0000000009362245|046.97
10032026|590106|0000000000029673|0000000017468199|0000000000039070|0000000022920161|075.95
10032026|590107|0000000000000765|0000000000688057|0000000000000874|0000000000781078|087.53
10032026|590108|0000000000091107|0000000009163543|0000000000144389|0000000014451568|063.10
10032026|590109|0000000000001000|0000000000463450|0000000000001542|0000000000714752|064.85
10032026|590110|0000000000000702|0000000000186311|0000000000000744|0000000000197379|094.35
10032026|590113|0000000000003324|0000000001721035|0000000000005280|0000000002728143|062.95
10032026|590115|0000000000000195|0000000000049472|0000000000000248|0000000000062554|078.63
10032026|590134|0000000000100528|0000000006810772|0000000000151931|0000000010629919|066.17
10032026|590136|0000000000014795|0000000000871426|0000000000023423|0000000001375018|063.16
10032026|590137|0000000000002852|0000000001665255|0000000000003035|0000000001768109|093.97
10032026|590138|0000000000095122|0000000024729818|0000000000099796|0000000025894099|095.32
10032026|590139|0000000000000744|0000000000814368|0000000000001103|0000000001207326|067.45
10032026|590140|0000000001549834|0000000024053424|0000000003371724|0000000052208453|045.97
10032026|590141|0000000000303380|0000000010047946|0000000000477232|0000000015777075|063.57
10032026|590142|0000000000218608|0000000005218173|0000000000298041|0000000007103770|073.35
10032026|590143|0000000000390394|0000000011501008|0000000000390753|0000000011498054|099.91
10032026|590144|0000000000019697|0000000004362886|0000000000027417|0000000005968878|071.84
10032026|590145|0000000000812103|0000000208174484|0000000001504078|0000000385783911|053.99
10032026|590146|0000000000000899|0000000000141548|0000000000001912|0000000000301147|047.02
10032026|590147|0000000000008257|0000000002180426|0000000000010182|0000000002691347|081.09
10032026|590148|0000000000143194|0000000002216644|0000000000154342|0000000002374806|092.78
10032026|590149|0000000000008402|0000000000389013|0000000000009804|0000000000452126|085.70
10032026|590150|0000000000006991|0000000000519642|0000000000009605|0000000000710683|072.78
10032026|590151|0000000000007330|0000000000368626|0000000000010569|0000000000526904|069.35
10032026|590152|0000000000119534|0000000011013863|0000000000155580|0000000014256199|076.83
10032026|590153|0000000000206378|0000000004709546|0000000000207665|0000000004735732|099.38
10032026|590154|0000000000059974|0000000002831973|0000000000073260|0000000003430419|081.86
10032026|717506|0000000000446238|0000000004471305|0000000000521226|0000000005189662|085.61
10032026|751087|0000000000016330|0000000000002776|0000000000016330|0000000000002776|100.00
10032026|751088|0000000000169545|0000000000089858|0000000000169545|0000000000089858|100.00
10032026|751093|0000000000610870|0000000000030638|0000000000610870|0000000000030638|100.00
10032026|751094|0000000000289132|0000000000047608|0000000000289132|0000000000047608|100.00
10032026|800177|0000000000002000|0000000000230400|0000000000002000|0000000000230400|100.00
10032026|800286|0000000000000001|0000000000000103|0000000000000001|0000000000000102|100.00
10032026|800290|0000000000000001|0000000000015612|0000000000000001|0000000000015612|100.00
10032026|800296|0000000000000003|0000000000047253|0000000000000003|0000000000047252|100.00
10032026|800297|0000000000000007|0000000000110250|0000000000000007|0000000000110324|100.00
10032026|800301|0000000000000002|0000000000031272|0000000000000002|0000000000031137|100.00
10032026|800314|0000000000000003|0000000000047703|0000000000000003|0000000000047703|100.00
10032026|800318|0000000000000022|0000000000346745|0000000000000025|0000000000393711|088.00
10032026|800320|0000000000000001|0000000000015786|0000000000000001|0000000000015786|100.00
10032026|800322|0000000000000141|0000000002217954|0000000000000165|0000000002598685|085.45
10032026|800324|0000000000000047|0000000000741007|0000000000000050|0000000000787400|094.00
10032026|800325|0000000000000207|0000000003269640|0000000000000290|0000000004569256|071.38
10032026|800327|0000000000000023|0000000000362294|0000000000000027|0000000000425311|085.19
10032026|800328|0000000000000010|0000000000158000|0000000000000010|0000000000158000|100.00
10032026|800329|0000000000000002|0000000000031658|0000000000000002|0000000000031658|100.00
10032026|800331|0000000000000010|0000000000159460|0000000000000010|0000000000159459|100.00
10032026|800333|0000000000000020|0000000000315350|0000000000000031|0000000000488370|064.52
10032026|800334|0000000000000075|0000000000006900|0000000000000075|0000000000006901|100.00
10032026|800339|0000000000000023|0000000000361790|0000000000000024|0000000000378112|095.83
10032026|800340|0000000000000171|0000000002701087|0000000000000197|0000000003118718|086.80
10032026|800341|0000000000000001|0000000000015801|0000000000000002|0000000000031556|050.00
10032026|800342|0000000000000003|0000000000047325|0000000000000003|0000000000047324|100.00
10032026|800367|0000000000000013|0000000000204972|0000000000000013|0000000000205213|100.00
10032026|800385|0000000000000083|0000000001313731|0000000000000100|0000000001597117|083.00
10032026|800386|0000000000000017|0000000000271558|0000000000000018|0000000000286948|094.44
10032026|800428|0000000000000001|0000000000000070|0000000000000002|0000000000000147|050.00
10032026|800434|0000000000000015|0000000000237123|0000000000000020|0000000000315059|075.00
10032026|800435|0000000000000001|0000000000000097|0000000000000001|0000000000000096|100.00
10032026|800437|0000000000000037|0000000000586780|0000000000000051|0000000000808208|072.55
10032026|800442|0000000000000155|0000000000016043|0000000000000155|0000000000016042|100.00
10032026|800443|0000000000000004|0000000000063600|0000000000000004|0000000000063598|100.00
10032026|800488|0000000000000020|0000000000318000|0000000000000020|0000000000319064|100.00
10032026|800489|0000000000002400|0000000000249360|0000000000002400|0000000000249400|100.00
10032026|800520|0000000000002000|0000000000206000|0000000000002000|0000000000206000|100.00
10032026|800573|0000000000000018|0000000000286364|0000000000000018|0000000000287163|100.00
10032026|800575|0000000000000039|0000000000623571|0000000000000039|0000000000626277|100.00
10032026|800580|0000000000000049|0000000000785997|0000000000000062|0000000000996004|079.03
10032026|800588|0000000000500002|0000000049995200|0000000000500002|0000000049275200|100.00
10032026|800596|0000000000000172|0000000002763681|0000000000000182|0000000002941339|094.51
10032026|800603|0000000000000156|0000000002523294|0000000000000276|0000000004464222|056.52
10032026|800604|0000000000040100|0000000004126290|0000000000040116|0000000004128950|099.96
10032026|800605|0000000000000208|0000000003460684|0000000000000272|0000000004515461|076.47
10032026|800607|0000000000001101|0000000000111312|0000000000001101|0000000000111301|100.00
10032026|800618|0000000000001459|0000000000142676|0000000000001459|0000000000142675|100.00
10032026|800807|0000000000012004|0000000001160427|0000000000012046|0000000001165030|099.65
10032026|800808|0000000000021061|0000000002021435|0000000000021061|0000000002015196|100.00
10032026|800809|0000000000000100|0000000000009940|0000000000000100|0000000000009940|100.00
10032026|800815|0000000000000001|0000000000000101|0000000000000001|0000000000000101|100.00
10032026|805147|0000000000000100|0000000000009486|0000000000000100|0000000000009486|100.00
10032026|805183|0000000000000100|0000000000009443|0000000000000100|0000000000009443|100.00
10032026|810636|0000000000007900|0000000000734700|0000000000007900|0000000000734700|100.00
10032026|810669|0000000000008200|0000000000770800|0000000000008200|0000000000770800|100.00
10032026|810727|0000000000008000|0000000000736000|0000000000008000|0000000000736000|100.00
10032026|810734|0000000000009300|0000000000900240|0000000000009300|0000000000900240|100.00
10032026|810768|0000000000009500|0000000000911050|0000000000009500|0000000000911050|100.00
10032026|810858|0000000000009000|0000000000885600|0000000000009000|0000000000885600|100.00
10032026|810868|0000000000008700|0000000000880875|0000000000008700|0000000000880875|100.00
10032026|810928|0000000000000012|0000000000001200|0000000000000012|0000000000001200|100.00
10032026|890197|0000000000158695|0000000000192021|0000000000188471|0000000000240691|084.20
10032026|890217|0000000000000003|0000000000000183|0000000000000005|0000000000000308|060.00
10032026|890220|0000000000003593|0000000000035930|0000000000003593|0000000000036922|100.00
10032026|890221|0000000000000174|0000000000018940|0000000000000281|0000000000030386|061.92
10032026|890228|0000000000001101|0000000000010779|0000000000001172|0000000000011719|093.94
10032026|890230|0000000000001312|0000000000168068|0000000000001601|0000000000212933|081.95
10032026|890231|0000000000000412|0000000000008565|0000000000000412|0000000000008565|100.00
10032026|890232|0000000000000112|0000000000012029|0000000000000112|0000000000012028|100.00
10032026|890233|0000000001677465|0000000002482649|0000000001695956|0000000002491860|098.91
10032026|912254|0000000000000004|0000000000391980|0000000000000004|0000000000391986|100.00
10032026|935510|0000000000000012|0000000000013320|0000000000000012|0000000000013320|100.00
10032026|935574|0000000000000064|0000000000070672|0000000000000064|0000000000070672|100.00
10032026|935584|0000000000000134|0000000000154635|0000000000000134|0000000000154536|100.00
10032026|935618|0000000000000020|0000000000021960|0000000000000020|0000000000021960|100.00
10032026|935642|0000000000000030|0000000000033180|0000000000000030|0000000000033179|100.00
10032026|935674|0000000000000052|0000000000057564|0000000000000052|0000000000057329|100.00
10032026|935690|0000000000001216|0000000001319968|0000000000001216|0000000001320119|100.00
10032026|935788|0000000000000025|0000000000026375|0000000000000025|0000000000026375|100.00
10032026|935858|0000000000000171|0000000000173480|0000000000000171|0000000000173490|100.00
10032026|935860|0000000000000070|0000000000071876|0000000000000070|0000000000071876|100.00
10032026|936044|0000000000000020|0000000000021300|0000000000000020|0000000000021240|100.00
10032026|936048|0000000000000100|0000000000115990|0000000000000160|0000000000186554|062.50
10032026|936130|0000000000000200|0000000000195400|0000000000000200|0000000000195400|100.00
10032026|936132|0000000000000445|0000000000432095|0000000000000445|0000000000432095|100.00
10032026|936224|0000000000000064|0000000000069600|0000000000000064|0000000000069722|100.00
10032026|936226|0000000000000016|0000000000016419|0000000000000022|0000000000022688|072.73
10032026|936252|0000000000000056|0000000000055720|0000000000000056|0000000000055720|100.00
10032026|936278|0000000000000001|0000000000000986|0000000000000001|0000000000000986|100.00
10032026|936294|0000000000000150|0000000000161400|0000000000000160|0000000000171949|093.75
10032026|936320|0000000000000206|0000000000209399|0000000000000206|0000000000209299|100.00
10032026|936332|0000000000000022|0000000000023433|0000000000000022|0000000000023432|100.00
10032026|936386|0000000000000040|0000000000040800|0000000000000040|0000000000040800|100.00
10032026|936398|0000000000000150|0000000000151950|0000000000000150|0000000000151950|100.00
10032026|936412|0000000000000100|0000000000110485|0000000000000101|0000000000110905|099.01
10032026|936476|0000000000000012|0000000000011885|0000000000000012|0000000000011884|100.00
10032026|936492|0000000000000200|0000000000392000|0000000000000200|0000000000391940|100.00
10032026|936532|0000000000000002|0000000000002172|0000000000000002|0000000000002173|100.00
10032026|936574|0000000000000000|0000000000000000|0000000000000080|0000000000088440|000.00
10032026|936722|0000000000000200|0000000000198000|0000000000000200|0000000000198000|100.00
10032026|936784|0000000000000010|0000000000009942|0000000000000010|0000000000009941|100.00
10032026|936810|0000000000000009|0000000000009460|0000000000000009|0000000000009459|100.00
10032026|936975|0000000000000430|0000000000428280|0000000000000431|0000000000428661|099.77
10032026|936977|0000000000000495|0000000000502425|0000000000000495|0000000000502425|100.00
10032026|937017|0000000000000250|0000000000254750|0000000000000250|0000000000254772|100.00
10032026|937053|0000000000000055|0000000000055723|0000000000000055|0000000000055722|100.00
10032026|937057|0000000000000001|0000000000001030|0000000000000001|0000000000001030|100.00
10032026|937149|0000000000000004|0000000000004008|0000000000000008|0000000000007688|050.00
10032026|937169|0000000000000124|0000000000228780|0000000000000124|0000000000228780|100.00
10032026|937373|0000000000000405|0000000000397508|0000000000000732|0000000000714027|055.33
10032026|937453|0000000000000250|0000000000247250|0000000000000250|0000000000247475|100.00
10032026|937455|0000000000000122|0000000000121390|0000000000000122|0000000000121464|100.00
10032026|937457|0000000000000330|0000000000517374|0000000000000330|0000000000533674|100.00
10032026|937467|0000000000000006|0000000000006390|0000000000000006|0000000000006390|100.00
10032026|937473|0000000000000045|0000000000064575|0000000000000045|0000000000064425|100.00
10032026|937495|0000000000001957|0000000001953086|0000000000001957|0000000001953629|100.00
10032026|937497|0000000000000228|0000000000245556|0000000000000228|0000000000245557|100.00
10032026|937525|0000000000000039|0000000000041450|0000000000000039|0000000000041449|100.00
10032026|937547|0000000000000010|0000000000009915|0000000000000010|0000000000009915|100.00
10032026|937549|0000000000000019|0000000000018624|0000000000000019|0000000000018623|100.00
10032026|937621|0000000000000010|0000000000009974|0000000000000020|0000000000019947|050.00
10032026|937635|0000000000000025|0000000000037125|0000000000000025|0000000000037125|100.00
10032026|937637|0000000000000005|0000000000004875|0000000000000005|0000000000004875|100.00
10032026|937679|0000000000000001|0000000000001018|0000000000000001|0000000000001017|100.00
10032026|937703|0000000000000222|0000000000326340|0000000000000222|0000000000327360|100.00
10032026|937707|0000000000000050|0000000000051340|0000000000000050|0000000000051340|100.00
10032026|937709|0000000000000499|0000000000495233|0000000000000499|0000000000495360|100.00
10032026|937773|0000000000000012|0000000000011787|0000000000000012|0000000000011786|100.00
10032026|937799|0000000000000183|0000000000181170|0000000000000183|0000000000180755|100.00
10032026|937801|0000000000000100|0000000000100000|0000000000000100|0000000000100000|100.00
10032026|937805|0000000000000011|0000000000010677|0000000000000015|0000000000014496|073.33
10032026|937807|0000000000000120|0000000000116760|0000000000000120|0000000000116960|100.00
10032026|937899|0000000000000050|0000000000066551|0000000000000050|0000000000066551|100.00
10032026|937939|0000000000000200|0000000000196700|0000000000000200|0000000000196700|100.00
10032026|937971|0000000000000262|0000000000261476|0000000000000262|0000000000261476|100.00
10032026|937999|0000000000000024|0000000000023568|0000000000000024|0000000000023569|100.00
10032026|938077|0000000000000200|0000000000256290|0000000000000200|0000000000256335|100.00
10032026|938105|0000000000000010|0000000000009900|0000000000000020|0000000000019722|050.00
10032026|938113|0000000000000035|0000000000038938|0000000000000035|0000000000038787|100.00
10032026|938123|0000000000000051|0000000000050031|0000000000000051|0000000000050031|100.00
10032026|938141|0000000000000100|0000000000131501|0000000000000100|0000000000131501|100.00
10032026|938212|0000000000000857|0000000000850487|0000000000000857|0000000000849526|100.00
10032026|938216|0000000000000015|0000000000019950|0000000000000015|0000000000019858|100.00
10032026|938218|0000000000000513|0000000000497703|0000000000000995|0000000000958161|051.56
10032026|938226|0000000000003640|0000000001529346|0000000000003640|0000000001536984|100.00
10032026|938264|0000000000000100|0000000000101000|0000000000000100|0000000000101000|100.00
10032026|938280|0000000000000030|0000000000041590|0000000000000030|0000000000041589|100.00
10032026|938284|0000000000000053|0000000000051940|0000000000000053|0000000000052195|100.00
10032026|938364|0000000000000111|0000000000110867|0000000000000111|0000000000110809|100.00
10032026|938370|0000000000001000|0000000000972420|0000000000001554|0000000001511133|064.35
10032026|938382|0000000000000398|0000000000394816|0000000000000398|0000000000394816|100.00
10032026|938446|0000000000000600|0000000000747000|0000000000000600|0000000000746999|100.00
10032026|938518|0000000000000245|0000000000245000|0000000000000245|0000000000245000|100.00
10032026|938530|0000000000000618|0000000000615158|0000000000000618|0000000000615064|100.00
10032026|938544|0000000000000019|0000000000018658|0000000000000038|0000000000037102|050.00
10032026|938552|0000000000000003|0000000000002940|0000000000000006|0000000000005718|050.00
10032026|938584|0000000000000100|0000000000106500|0000000000000100|0000000000106500|100.00
10032026|938618|0000000000000243|0000000000245187|0000000000000243|0000000000245227|100.00
10032026|938632|0000000000000228|0000000000224968|0000000000000228|0000000000224967|100.00
10032026|938634|0000000000000114|0000000000119130|0000000000000114|0000000000119130|100.00
10032026|938636|0000000000000090|0000000000107577|0000000000000090|0000000000110522|100.00
10032026|938644|0000000000000048|0000000000047952|0000000000000048|0000000000047952|100.00
10032026|938646|0000000000000001|0000000000001085|0000000000000001|0000000000001085|100.00
10032026|938654|0000000000000228|0000000000239628|0000000000000228|0000000000239633|100.00
10032026|938656|0000000000000003|0000000000003801|0000000000000003|0000000000003800|100.00
10032026|938666|0000000000000040|0000000000041832|0000000000000040|0000000000041832|100.00
10032026|938698|0000000000000206|0000000000214230|0000000000000306|0000000000315643|067.32
10032026|938716|0000000000000010|0000000000010400|0000000000000010|0000000000010400|100.00
10032026|938734|0000000000000001|0000000000000971|0000000000000001|0000000000000971|100.00
10032026|938770|0000000000000002|0000000000001971|0000000000000002|0000000000001970|100.00
10032026|938790|0000000000000001|0000000000000964|0000000000000001|0000000000000963|100.00
10032026|938886|0000000000000010|0000000000010250|0000000000000010|0000000000010250|100.00
10032026|938898|0000000000000300|0000000000297000|0000000000000300|0000000000297000|100.00
10032026|938908|0000000000000044|0000000000054068|0000000000000044|0000000000054067|100.00
10032026|938910|0000000000000400|0000000000398000|0000000000000400|0000000000398000|100.00
10032026|938958|0000000000000050|0000000000054950|0000000000000050|0000000000054950|100.00
10032026|939010|0000000000000091|0000000000031562|0000000000000091|0000000000031561|100.00
10032026|939128|0000000000000050|0000000000049988|0000000000000050|0000000000049987|100.00
10032026|939160|0000000000000020|0000000000019800|0000000000000020|0000000000019800|100.00
10032026|939190|0000000000000040|0000000000039800|0000000000000040|0000000000039800|100.00
10032026|939192|0000000000000015|0000000000015057|0000000000000015|0000000000015057|100.00
10032026|939198|0000000000000200|0000000000197000|0000000000000200|0000000000197000|100.00
10032026|939206|0000000000000860|0000000000860602|0000000000001249|0000000001247685|068.86
10032026|939250|0000000000000001|0000000000001068|0000000000000003|0000000000003200|033.33
10032026|939307|0000000000000010|0000000000011752|0000000000000020|0000000000021504|050.00
10032026|939309|0000000000000020|0000000000019600|0000000000000020|0000000000018063|100.00
10032026|939335|0000000000000020|0000000000020320|0000000000000020|0000000000020206|100.00
10032026|939403|0000000000000011|0000000000011770|0000000000000011|0000000000011770|100.00
10032026|939407|0000000000000500|0000000000495000|0000000000000500|0000000000495000|100.00
10032026|939423|0000000000000006|0000000000005907|0000000000000006|0000000000005907|100.00
10032026|939437|0000000000000050|0000000000049730|0000000000000050|0000000000049546|100.00
10032026|939469|0000000000000024|0000000000025704|0000000000000024|0000000000025704|100.00
10032026|939473|0000000000000018|0000000000019153|0000000000000018|0000000000019152|100.00
10032026|939479|0000000000000100|0000000000108995|0000000000000100|0000000000108995|100.00
10032026|939481|0000000000000175|0000000000182700|0000000000000175|0000000000182820|100.00
10032026|939591|0000000000000105|0000000000109200|0000000000000105|0000000000109200|100.00
10032026|939623|0000000000000025|0000000000025225|0000000000000025|0000000000025225|100.00
10032026|939633|0000000000000200|0000000000208400|0000000000000210|0000000000215712|095.24
10032026|939639|0000000000000200|0000000000210000|0000000000000200|0000000000210000|100.00
10032026|939651|0000000000000137|0000000000158235|0000000000000137|0000000000158235|100.00
10032026|939655|0000000000000055|0000000000054065|0000000000000055|0000000000054065|100.00
10032026|939707|0000000000000010|0000000000009910|0000000000000010|0000000000009910|100.00
10032026|939715|0000000000000025|0000000000025900|0000000000000025|0000000000025900|100.00
10032026|939727|0000000000000104|0000000000109668|0000000000000104|0000000000109668|100.00
10032026|939733|0000000000000271|0000000000293764|0000000000000271|0000000000292684|100.00
10032026|939747|0000000000000188|0000000000193227|0000000000000188|0000000000193226|100.00
10032026|939749|0000000000000100|0000000000100700|0000000000000190|0000000000190718|052.63
10032026|939753|0000000000000050|0000000000055940|0000000000000050|0000000000055940|100.00
10032026|939803|0000000000000005|0000000000005240|0000000000000005|0000000000005240|100.00
10032026|939837|0000000000000005|0000000000005000|0000000000000005|0000000000004997|100.00
10032026|939839|0000000000000010|0000000000010298|0000000000000010|0000000000010298|100.00
10032026|939849|0000000000000098|0000000000098000|0000000000000098|0000000000097999|100.00
10032026|939853|0000000000000025|0000000000027375|0000000000000025|0000000000027375|100.00
10032026|939857|0000000000000001|0000000000001015|0000000000000001|0000000000001015|100.00
10032026|939869|0000000000000160|0000000000145600|0000000000000160|0000000000146540|100.00
10032026|939871|0000000000000050|0000000000051300|0000000000000050|0000000000051300|100.00
10032026|939879|0000000000000800|0000000000894400|0000000000000800|0000000000894400|100.00
10032026|939907|0000000000000020|0000000000021002|0000000000000020|0000000000021002|100.00
10032026|939911|0000000000000010|0000000000010303|0000000000000010|0000000000010303|100.00
10032026|939983|0000000000000200|0000000000196000|0000000000000200|0000000000196000|100.00
10032026|940043|0000000000000250|0000000000247500|0000000000000250|0000000000247500|100.00
10032026|940053|0000000000000250|0000000000247950|0000000000000431|0000000000424945|058.00
10032026|940085|0000000000000005|0000000000005000|0000000000000005|0000000000005000|100.00
10032026|940105|0000000000000350|0000000000381500|0000000000000350|0000000000381500|100.00
10032026|940107|0000000000000023|0000000000022977|0000000000000023|0000000000022977|100.00
10032026|940167|0000000000000050|0000000000053110|0000000000000050|0000000000053110|100.00
10032026|940179|0000000000000577|0000000000619698|0000000000000577|0000000000619698|100.00
10032026|940201|0000000000000015|0000000000014835|0000000000000015|0000000000014835|100.00
10032026|940227|0000000000000030|0000000000030068|0000000000000030|0000000000030461|100.00
10032026|940231|0000000000000037|0000000000035927|0000000000000037|0000000000035920|100.00
10032026|940235|0000000000000131|0000000000129559|0000000000000131|0000000000129559|100.00
10032026|940251|0000000000000012|0000000000011760|0000000000000012|0000000000011760|100.00
10032026|940255|0000000000000133|0000000000134330|0000000000000133|0000000000134330|100.00
10032026|940261|0000000000000300|0000000000330000|0000000000000300|0000000000330000|100.00
10032026|940273|0000000000000195|0000000000194415|0000000000000195|0000000000194868|100.00
10032026|940281|0000000000000020|0000000000021200|0000000000000040|0000000000041570|050.00
10032026|940303|0000000000000830|0000000000838300|0000000000000830|0000000000838300|100.00
10032026|940309|0000000000000010|0000000000010752|0000000000000010|0000000000010752|100.00
10032026|940317|0000000000000010|0000000000010750|0000000000000010|0000000000010750|100.00
10032026|940319|0000000000001030|0000000001102100|0000000000001050|0000000001123312|098.10
10032026|940325|0000000000000057|0000000000057454|0000000000000057|0000000000057055|100.00
10032026|940329|0000000000000073|0000000000077804|0000000000000073|0000000000077803|100.00
10032026|940333|0000000000000029|0000000000029000|0000000000000029|0000000000029000|100.00
10032026|940339|0000000000000085|0000000000085000|0000000000000085|0000000000085800|100.00
10032026|940351|0000000000000799|0000000000871070|0000000000000989|0000000001059507|080.79
10032026|940385|0000000000000114|0000000000112952|0000000000000114|0000000000112932|100.00
10032026|940397|0000000000000010|0000000000010303|0000000000000015|0000000000015453|066.67
10032026|940427|0000000000000677|0000000000669553|0000000000000702|0000000000694340|096.44
10032026|940441|0000000000000160|0000000000168800|0000000000000160|0000000000168800|100.00
10032026|940445|0000000000000101|0000000000100495|0000000000000110|0000000000107593|091.82
10032026|940449|0000000000000090|0000000000089550|0000000000000090|0000000000089550|100.00
10032026|940457|0000000000000007|0000000000007245|0000000000000007|0000000000007245|100.00
10032026|940465|0000000000000425|0000000000444125|0000000000000425|0000000000444119|100.00
10032026|940467|0000000000000050|0000000000052640|0000000000000050|0000000000052640|100.00
10032026|940473|0000000000000019|0000000000020140|0000000000000019|0000000000020139|100.00
10032026|940479|0000000000000230|0000000000247225|0000000000000330|0000000000353794|069.70
10032026|940483|0000000000000053|0000000000054092|0000000000000053|0000000000054091|100.00
10032026|940489|0000000000000009|0000000000009243|0000000000000009|0000000000009242|100.00
10032026|940501|0000000000000125|0000000000123250|0000000000000125|0000000000123275|100.00
10032026|940505|0000000000000130|0000000000132615|0000000000000130|0000000000132614|100.00
10032026|940517|0000000000000100|0000000000099000|0000000000000100|0000000000099000|100.00
10032026|940519|0000000000000095|0000000000097090|0000000000000095|0000000000097031|100.00
10032026|940551|0000000000000058|0000000000061480|0000000000000058|0000000000061480|100.00
10032026|940559|0000000000000008|0000000000007840|0000000000000008|0000000000007809|100.00
10032026|940595|0000000000000011|0000000000010835|0000000000000022|0000000000021183|050.00
10032026|940603|0000000000000102|0000000000096900|0000000000000102|0000000000096910|100.00
10032026|940621|0000000000000005|0000000000004825|0000000000000005|0000000000004825|100.00
10032026|940629|0000000000000100|0000000000095100|0000000000000100|0000000000095724|100.00
10032026|940637|0000000000000073|0000000000071759|0000000000000073|0000000000071759|100.00
10032026|940641|0000000000000050|0000000000050050|0000000000000050|0000000000050050|100.00
10032026|940647|0000000000000210|0000000000210588|0000000000000220|0000000000221430|095.45
10032026|940653|0000000000000200|0000000000198560|0000000000000200|0000000000202052|100.00
10032026|940655|0000000000000300|0000000000291663|0000000000000310|0000000000301385|096.77
10032026|940657|0000000000000045|0000000000045518|0000000000000045|0000000000045670|100.00
10032026|940661|0000000000000002|0000000000002040|0000000000000102|0000000000095260|001.96
10032026|940675|0000000000000096|0000000000094944|0000000000000096|0000000000094944|100.00
10032026|940681|0000000000000003|0000000000002940|0000000000000003|0000000000002940|100.00
10032026|940683|0000000000000010|0000000000009923|0000000000000010|0000000000009922|100.00
10032026|940689|0000000000000001|0000000000000999|0000000000000001|0000000000000999|100.00
10032026|940695|0000000000000025|0000000000025250|0000000000000025|0000000000025249|100.00
10032026|940699|0000000000000001|0000000000001025|0000000000000001|0000000000001025|100.00
10032026|940701|0000000000000018|0000000000017640|0000000000000018|0000000000017660|100.00
10032026|940707|0000000000000008|0000000000007840|0000000000000008|0000000000007244|100.00
10032026|940709|0000000000000050|0000000000050000|0000000000000050|0000000000049958|100.00
10032026|940713|0000000000000529|0000000000531116|0000000000000809|0000000000804420|065.39
10032026|940715|0000000000000399|0000000000392022|0000000000000453|0000000000449989|088.08
10032026|940719|0000000000000100|0000000000100000|0000000000000100|0000000000100000|100.00
10032026|940725|0000000000000200|0000000000194000|0000000000000200|0000000000194000|100.00
10032026|940733|0000000000000010|0000000000009850|0000000000000010|0000000000009850|100.00
10032026|940745|0000000000000035|0000000000033436|0000000000000035|0000000000033553|100.00
10032026|940749|0000000000000001|0000000000000992|0000000000000001|0000000000000992|100.00
10032026|940751|0000000000000125|0000000000125000|0000000000000125|0000000000124850|100.00
10032026|940757|0000000000000169|0000000000148898|0000000000000169|0000000000150245|100.00
10032026|940765|0000000000000011|0000000000010945|0000000000000011|0000000000010945|100.00
10032026|940789|0000000000000051|0000000000050490|0000000000000051|0000000000050490|100.00
10032026|940795|0000000000000010|0000000000009850|0000000000000010|0000000000009850|100.00
10032026|940797|0000000000000003|0000000000003030|0000000000000003|0000000000003030|100.00
10032026|940799|0000000000000002|0000000000001955|0000000000000002|0000000000001952|100.00
10032026|940819|0000000000000020|0000000000020000|0000000000000020|0000000000020000|100.00
10032026|940821|0000000000000043|0000000000041495|0000000000000043|0000000000042320|100.00
10032026|940835|0000000000000330|0000000000333630|0000000000000330|0000000000336411|100.00
10032026|940837|0000000000000075|0000000000075000|0000000000000125|0000000000123793|060.00
10032026|940841|0000000000000106|0000000000105788|0000000000000106|0000000000106005|100.00
10032026|940843|0000000000000006|0000000000006001|0000000000000006|0000000000006000|100.00
10032026|940855|0000000000000270|0000000000272444|0000000000000317|0000000000320423|085.17
10032026|940859|0000000000001384|0000000001356182|0000000000001484|0000000001448576|093.26
10032026|940861|0000000000000100|0000000000096800|0000000000000120|0000000000115790|083.33
10032026|940862|0000000000000097|0000000000094769|0000000000000097|0000000000093962|100.00
10032026|940866|0000000000000015|0000000000014625|0000000000000015|0000000000014604|100.00
10032026|940868|0000000000000100|0000000000099000|0000000000000100|0000000000099120|100.00
10032026|940870|0000000000000050|0000000000049551|0000000000000050|0000000000049550|100.00
10032026|940872|0000000000000099|0000000000095046|0000000000000099|0000000000095116|100.00
10032026|940874|0000000000000050|0000000000048550|0000000000000050|0000000000048550|100.00
10032026|940886|0000000000000002|0000000000001945|0000000000000002|0000000000001949|100.00
10032026|940894|0000000000000063|0000000000063504|0000000000000063|0000000000063019|100.00
10032026|940896|0000000000000028|0000000000028308|0000000000000028|0000000000028024|100.00
10032026|940898|0000000000000059|0000000000056345|0000000000000059|0000000000056115|100.00
10032026|940902|0000000000000018|0000000000016920|0000000000000018|0000000000017094|100.00
10032026|940906|0000000000000058|0000000000055970|0000000000000074|0000000000070700|078.38
10032026|940915|0000000000000067|0000000000062243|0000000000000069|0000000000061514|097.10
10032026|940933|0000000000000010|0000000000009560|0000000000000010|0000000000009577|100.00
10032026|940937|0000000000000085|0000000000084150|0000000000000085|0000000000084150|100.00
10032026|940941|0000000000000025|0000000000025200|0000000000000025|0000000000025200|100.00
10032026|959572|0000000000000001|0000000001050000|0000000000000001|0000000001050000|100.00
10032026|961708|0000000000000060|0000000000194700|0000000000000060|0000000000194724|100.00
10032026|961713|0000000000000003|0000000000016185|0000000000000003|0000000000016190|100.00
10032026|961714|0000000000000098|0000000001616216|0000000000000098|0000000001616615|100.00
10032026|961728|0000000000000375|0000000000396330|0000000000000750|0000000000792656|050.00
10032026|961730|0000000000000001|0000000000001055|0000000000000001|0000000000001054|100.00
10032026|961753|0000000000000210|0000000000218400|0000000000000259|0000000000270211|081.08
10032026|961765|0000000000002000|0000000002076100|0000000000002000|0000000002076100|100.00
10032026|961773|0000000000000799|0000000000874506|0000000000001348|0000000001476566|059.27
10032026|961779|0000000000000010|0000000000010945|0000000000000010|0000000000010945|100.00
10032026|961780|0000000000000072|0000000000092150|0000000000000072|0000000000092149|100.00
10032026|961785|0000000000000300|0000000000331500|0000000000000400|0000000000442701|075.00
10032026|961796|0000000000000100|0000000000109303|0000000000000150|0000000000163952|066.67
10032026|961798|0000000000001500|0000000001822515|0000000000001517|0000000001842323|098.88
10032026|961803|0000000000000425|0000000000469281|0000000000000425|0000000000469274|100.00
10032026|961804|0000000000000500|0000000000615500|0000000000000720|0000000000886521|069.44
10032026|961819|0000000000000250|0000000000305000|0000000000000250|0000000000305000|100.00
10032026|961826|0000000000000665|0000000000724046|0000000000000665|0000000000724078|100.00
10032026|961830|0000000000000023|0000000000027093|0000000000000023|0000000000027092|100.00
10032026|961839|0000000000000051|0000000000056100|0000000000000051|0000000000056100|100.00
10032026|961851|0000000000001097|0000000001211747|0000000000001097|0000000001211713|100.00
10032026|961863|0000000000000021|0000000000023625|0000000000000021|0000000000023625|100.00
10032026|961897|0000000000000575|0000000000740025|0000000000000930|0000000001166430|061.83
10032026|972575|0000000000000001|0000000001011100|0000000000000001|0000000001011100|100.00
10032026|972657|0000000000000010|0000000000105500|0000000000000010|0000000000105500|100.00
10032026|972706|0000000000000002|0000000000031200|0000000000000002|0000000000031200|100.00
10032026|972715|0000000000000001|0000000000016750|0000000000000001|0000000000016750|100.00
10032026|972716|0000000000000004|0000000000020120|0000000000000004|0000000000020120|100.00
10032026|972721|0000000000000004|0000000000062600|0000000000000008|0000000000124244|050.00
10032026|972722|0000000000000010|0000000000053000|0000000000000014|0000000000073480|071.43
10032026|972771|0000000000000004|0000000000103081|0000000000000004|0000000000103080|100.00
10032026|973491|0000000000002248|0000000001741549|0000000000002248|0000000001742059|100.00
10032026|973881|0000000000000001|0000000001065000|0000000000000001|0000000001065000|100.00
10032026|974043|0000000000000001|0000000001000009|0000000000000001|0000000001000008|100.00
10032026|974516|0000000000000200|0000000025780000|0000000000000200|0000000025780000|100.00
10032026|974634|0000000000000038|0000000005054000|0000000000000038|0000000005053500|100.00
10032026|974635|0000000000000921|0000000122934998|0000000000000944|0000000125980630|097.56
10032026|974749|0000000000000003|0000000000330000|0000000000000003|0000000000330002|100.00
10032026|974863|0000000000000005|0000000000440500|0000000000000005|0000000000440500|100.00
10032026|974998|0000000000000003|0000000000311250|0000000000000004|0000000000412480|075.00
10032026|974999|0000000000000264|0000000033897600|0000000000000264|0000000033973800|100.00
10032026|975010|0000000000000001|0000000000100000|0000000000000001|0000000000100000|100.00
10032026|975033|0000000000000008|0000000000792000|0000000000000008|0000000000789500|100.00
10032026|975059|0000000000000008|0000000000835292|0000000000000008|0000000000838969|100.00
10032026|975161|0000000000000001|0000000000021500|0000000000000001|0000000000021500|100.00
10032026|975231|0000000000000001|0000000000103000|0000000000000001|0000000000103000|100.00
10032026|975271|0000000000000003|0000000000299355|0000000000000003|0000000000299355|100.00
10032026|975337|0000000000000050|0000000527590850|0000000000000050|0000000527590850|100.00
10032026|975369|0000000000000001|0000000000100103|0000000000000001|0000000000100102|100.00
10032026|975447|0000000000000003|0000000000299614|0000000000000003|0000000000299613|100.00
10032026|975475|0000000000000001|0000000000026200|0000000000000001|0000000000026200|100.00
10032026|975605|0000000000000001|0000000000103000|0000000000000001|0000000000103000|100.00
10032026|975630|0000000000000035|0000000003484826|0000000000000035|0000000003484825|100.00
10032026|975694|0000000000000192|0000000023121408|0000000000000192|0000000023121408|100.00
10032026|975739|0000000000000008|0000000000795280|0000000000000008|0000000000797310|100.00
10032026|975790|0000000000000002|0000000000203002|0000000000000002|0000000000203501|100.00
10032026|975799|0000000000000003|0000000000299326|0000000000000003|0000000000299325|100.00
10032026|975903|0000000000000001|0000000000118880|0000000000000003|0000000000359680|033.33
10032026|975905|0000000000000001|0000000000120180|0000000000000001|0000000000120180|100.00
10032026|975945|0000000000000001|0000000000100854|0000000000000001|0000000000100853|100.00
10032026|976009|0000000000000003|0000000000349050|0000000000000003|0000000000349050|100.00
10032026|976020|0000000000000004|0000000000493055|0000000000000004|0000000000492510|100.00
10032026|976048|0000000000000004|0000000000018461|0000000000000004|0000000000018461|100.00
10032026|976049|0000000000000001|0000000000022400|0000000000000001|0000000000022400|100.00
10032026|976085|0000000000000003|0000000000306900|0000000000000003|0000000000306300|100.00
10032026|976112|0000000000000008|0000000000797600|0000000000000008|0000000000797600|100.00
10032026|976147|0000000000000001|0000000000100151|0000000000000001|0000000000100150|100.00
10032026|976248|0000000000000002|0000000000226400|0000000000000002|0000000000226400|100.00
10032026|976275|0000000000000017|0000000000169692|0000000000000017|0000000000169691|100.00
10032026|976291|0000000000000002|0000000000204000|0000000000000002|0000000000204100|100.00
10032026|976292|0000000000000001|0000000000102400|0000000000000001|0000000000102400|100.00
10032026|976307|0000000000000002|0000000000200000|0000000000000002|0000000000200000|100.00
10032026|976319|0000000000000001|0000000000097121|0000000000000001|0000000000097120|100.00
10032026|976325|0000000000000011|0000000000110110|0000000000000011|0000000000110110|100.00
10032026|976411|0000000000000021|0000000002020200|0000000000000021|0000000002019617|100.00
10032026|976423|0000000000000002|0000000000019800|0000000000000002|0000000000019800|100.00
10032026|976437|0000000000000055|0000000000548625|0000000000000055|0000000000547999|100.00
10032026|976457|0000000000000001|0000000000085500|0000000000000001|0000000000085500|100.00
10032026|976479|0000000000000002|0000000000194842|0000000000000002|0000000000195425|100.00
10032026|976483|0000000000000001|0000000000099000|0000000000000001|0000000000099000|100.00
10032026|976492|0000000000000002|0000000000015840|0000000000000002|0000000000017870|100.00
10032026|976533|0000000000000001|0000000000100000|0000000000000001|0000000000100000|100.00
10032026|976555|0000000000000001|0000000000102000|0000000000000001|0000000000102000|100.00
10032026|976597|0000000000000001|0000000000100353|0000000000000001|0000000000100352|100.00
10032026|976660|0000000000000011|0000000000106156|0000000000000011|0000000000107509|100.00
10032026|976675|0000000000000008|0000000000794371|0000000000000008|0000000000794956|100.00
10032026|976683|0000000000000001|0000000000086400|0000000000000001|0000000000086400|100.00
10032026|976685|0000000000000001|0000000000009650|0000000000000001|0000000000009650|100.00
10032026|976727|0000000000000003|0000000000294000|0000000000000003|0000000000293510|100.00
10032026|976752|0000000000000001|0000000000098500|0000000000000001|0000000000098500|100.00
10032026|976757|0000000000000001|0000000000009967|0000000000000001|0000000000009967|100.00
10032026|976808|0000000000000063|0000000000630630|0000000000000063|0000000000630817|100.00
10032026|976868|0000000000000002|0000000000193800|0000000000000002|0000000000193800|100.00
10032026|976872|0000000000000001|0000000000099500|0000000000000001|0000000000099500|100.00
10032026|976893|0000000000000001|0000000000009985|0000000000000001|0000000000009984|100.00
10032026|976896|0000000000000001|0000000000089000|0000000000000001|0000000000089000|100.00
10032026|976905|0000000000000001|0000000000009662|0000000000000001|0000000000009661|100.00
10032026|976940|0000000000000001|0000000000097989|0000000000000001|0000000000097989|100.00
10032026|976970|0000000000000006|0000000000606475|0000000000000006|0000000000606445|100.00
10032026|976976|0000000000000002|0000000000199127|0000000000000002|0000000000199793|100.00
10032026|976985|0000000000000045|0000000004788045|0000000000000045|0000000004788045|100.00
10032026|977017|0000000000000209|0000000002077460|0000000000000209|0000000002077380|100.00
10032026|977023|0000000000000012|0000000001200001|0000000000000012|0000000001200000|100.00
10032026|977044|0000000000000010|0000000000098190|0000000000000019|0000000000185249|052.63
10032026|977073|0000000000000001|0000000000099337|0000000000000001|0000000000099337|100.00
10032026|977075|0000000000000002|0000000000200280|0000000000000002|0000000000200280|100.00
10032026|977093|0000000000000005|0000000000525525|0000000000000005|0000000000525115|100.00
10032026|977117|0000000000000002|0000000000196800|0000000000000002|0000000000196800|100.00
10032026|977160|0000000000000001|0000000000098000|0000000000000001|0000000000098000|100.00
10032026|977172|0000000000000004|0000000000392000|0000000000000004|0000000000392000|100.00
10032026|977176|0000000000000001|0000000000007700|0000000000000001|0000000000007700|100.00
10032026|977205|0000000000000015|0000000000147000|0000000000000015|0000000000146570|100.00
10032026|977226|0000000000000021|0000000002134230|0000000000000021|0000000002130251|100.00
10032026|977227|0000000000000052|0000000000520000|0000000000000052|0000000000520000|100.00
10032026|977241|0000000000000040|0000000000390001|0000000000000064|0000000000625470|062.50
10032026|977250|0000000000000002|0000000000019880|0000000000000002|0000000000019880|100.00
10032026|977260|0000000000000003|0000000000029790|0000000000000003|0000000000029790|100.00
10032026|977262|0000000000000003|0000000000302902|0000000000000003|0000000000302901|100.00
10032026|977298|0000000000000004|0000000000037992|0000000000000004|0000000000037991|100.00
10032026|977309|0000000000000021|0000000000205506|0000000000000021|0000000000204848|100.00
10032026|977329|0000000000000010|0000000000098890|0000000000000010|0000000000098892|100.00
10032026|977335|0000000000000000|0000000000000000|0000000000000356|0000000035861695|000.00
10032026|977367|0000000000000024|0000000000235704|0000000000000024|0000000000236335|100.00
10032026|977379|0000000000000003|0000000000294000|0000000000000003|0000000000294001|100.00
10032026|977382|0000000000000010|0000000000081400|0000000000000020|0000000000162400|050.00
10032026|977411|0000000000000008|0000000000077366|0000000000000008|0000000000078232|100.00
10032026|977413|0000000000000001|0000000000007400|0000000000000001|0000000000007400|100.00
10032026|977424|0000000000000004|0000000000406000|0000000000000004|0000000000407000|100.00
10032026|977431|0000000000000001|0000000000098600|0000000000000001|0000000000098600|100.00
10032026|977477|0000000000000006|0000000000060114|0000000000000006|0000000000060094|100.00
10032026|977495|0000000000000002|0000000000192000|0000000000000002|0000000000192500|100.00
10032026|977532|0000000000000002|0000000000202000|0000000000000002|0000000000201870|100.00
10032026|977541|0000000000000004|0000000000039425|0000000000000004|0000000000039424|100.00
10032026|977576|0000000000000027|0000000000267030|0000000000000027|0000000000267085|100.00
