DATE|SCRIP CODE|DELIVERY QTY|DELIVERY VAL|DAY'S VOLUME|DAY'S TURNOVER|DELV. PER.
06032026|543248|0000000001429894|0000000090497992|0000000001482188|0000000094758374|096.47
06032026|543249|0000000000022102|0000000003089860|0000000000027418|0000000003827203|080.61
06032026|543251|0000000000000500|0000000000019265|0000000000000622|0000000000024007|080.39
06032026|543252|0000000000005447|0000000003108059|0000000000005473|0000000003079278|099.52
06032026|543253|0000000000019041|0000000003727276|0000000000042704|0000000008356580|044.59
06032026|543254|0000000000001518|0000000000723707|0000000000003185|0000000001531185|047.66
06032026|543255|0000000000002308|0000000002204602|0000000000003029|0000000002908713|076.20
06032026|543256|0000000000000076|0000000000001362|0000000000000076|0000000000001362|100.00
06032026|543257|0000000000777690|0000000077341271|0000000001771644|0000000178948297|043.90
06032026|543258|0000000000003852|0000000003364337|0000000000005154|0000000004553269|074.74
06032026|543259|0000000000005334|0000000005588432|0000000000014503|0000000015210718|036.78
06032026|543260|0000000000000999|0000000000477023|0000000000001165|0000000000558990|085.75
06032026|543261|0000000000009586|0000000003305062|0000000000012191|0000000004188338|078.63
06032026|543262|0000000000001000|0000000000091500|0000000000002000|0000000000181540|050.00
06032026|543263|0000000000005753|0000000000415137|0000000000011938|0000000000871720|048.19
06032026|543264|0000000000000546|0000000000147994|0000000000000645|0000000000175334|084.65
06032026|543265|0000000000110635|0000000032205849|0000000000339005|0000000099351042|032.64
06032026|543266|0000000000002641|0000000000516184|0000000000003435|0000000000671533|076.88
06032026|543267|0000000000411661|0000000001634295|0000000000492844|0000000001966868|083.53
06032026|543268|0000000000001733|0000000000024245|0000000000002178|0000000000031257|079.57
06032026|543270|0000000000009842|0000000037256891|0000000000022302|0000000084160676|044.13
06032026|543271|0000000000001828|0000000001038853|0000000000005665|0000000003216300|032.27
06032026|543272|0000000000438253|0000000003278133|0000000000813468|0000000006142106|053.87
06032026|543273|0000000000002351|0000000003745026|0000000000004196|0000000006715982|056.03
06032026|543275|0000000000002218|0000000002776936|0000000000004315|0000000005351487|051.40
06032026|543276|0000000000000212|0000000001582050|0000000000000490|0000000003690066|043.27
06032026|543277|0000000000028426|0000000003236301|0000000000047249|0000000005454002|060.16
06032026|543278|0000000000076935|0000000030435486|0000000000178408|0000000070907624|043.12
06032026|543279|0000000000018084|0000000002342783|0000000000021898|0000000002924707|082.58
06032026|543280|0000000000007259|0000000001771922|0000000000011889|0000000002921771|061.06
06032026|543281|0000000000002830|0000000000008207|0000000000003433|0000000000010042|082.44
06032026|543283|0000000000000326|0000000000078338|0000000000001178|0000000000280003|027.67
06032026|543284|0000000000012820|0000000001163800|0000000000017993|0000000001656416|071.25
06032026|543285|0000000000008400|0000000000210988|0000000000008400|0000000000210988|100.00
06032026|543287|0000000000016367|0000000014560902|0000000000031530|0000000028322822|051.91
06032026|543288|0000000000004983|0000000001684005|0000000000011572|0000000003964629|043.06
06032026|543290|0000000000104204|0000000009526330|0000000000133227|0000000012214939|078.22
06032026|543291|0000000000004298|0000000000695331|0000000000004499|0000000000727793|095.53
06032026|543292|0000000000003803|0000000000575318|0000000000006126|0000000000931331|062.08
06032026|543298|0000000000092441|0000000002818527|0000000000115236|0000000003480196|080.22
06032026|543299|0000000000001837|0000000001456466|0000000000003355|0000000002683673|054.75
06032026|543300|0000000000010798|0000000005558271|0000000000026232|0000000013547273|041.16
06032026|543306|0000000000000665|0000000000698284|0000000000000904|0000000000960787|073.56
06032026|543308|0000000000006651|0000000004828626|0000000000011222|0000000007944393|059.27
06032026|543311|0000000000003510|0000000000538259|0000000000004350|0000000000671475|080.69
06032026|543317|0000000000000399|0000000000374023|0000000000000511|0000000000476875|078.08
06032026|543318|0000000000003353|0000000002533360|0000000000007200|0000000005526867|046.57
06032026|543319|0000000000720000|0000000000900000|0000000000720000|0000000000900000|100.00
06032026|543320|0000000003197091|0000000742204676|0000000004313080|0000001006833600|074.13
06032026|543321|0000000000000558|0000000000635841|0000000000001288|0000000001450616|043.32
06032026|543322|0000000000000936|0000000000855411|0000000000001743|0000000001583546|053.70
06032026|543323|0000000000008382|0000000000231176|0000000000009695|0000000000268423|086.46
06032026|543325|0000000000009314|0000000001134911|0000000000020432|0000000002519070|045.59
06032026|543326|0000000000007788|0000000000415880|0000000000011103|0000000000592333|070.14
06032026|543327|0000000000012777|0000000000091356|0000000000013289|0000000000095063|096.15
06032026|543328|0000000000000695|0000000000424194|0000000000000901|0000000000550752|077.14
06032026|543329|0000000000000304|0000000000225994|0000000000000665|0000000000501525|045.71
06032026|543330|0000000000017596|0000000002058732|0000000000049476|0000000005830037|035.56
06032026|543331|0000000000059481|0000000002862821|0000000000070914|0000000003425990|083.88
06032026|543332|0000000000002705|0000000002342395|0000000000004758|0000000004125445|056.85
06032026|543333|0000000000007949|0000000014060589|0000000000017038|0000000030582460|046.65
06032026|543334|0000000000004762|0000000001420267|0000000000008760|0000000002651485|054.36
06032026|543335|0000000000040944|0000000009339327|0000000000081469|0000000018675595|050.26
06032026|543336|0000000000004251|0000000000935646|0000000000007646|0000000001701717|055.60
06032026|543341|0000000000001305|0000000000015621|0000000000001462|0000000000017267|089.26
06032026|543346|0000000000001000|0000000000074500|0000000000003000|0000000000215000|033.33
06032026|543347|0000000000000163|0000000000054045|0000000000000172|0000000000057354|094.77
06032026|543348|0000000000000019|0000000000002848|0000000000000023|0000000000003450|082.61
06032026|543349|0000000000007114|0000000016001876|0000000000013081|0000000029498926|054.38
06032026|543350|0000000000001208|0000000001150862|0000000000001804|0000000001719156|066.96
06032026|543351|0000000000006000|0000000000594000|0000000000006000|0000000000570000|100.00
06032026|543358|0000000000004626|0000000010158465|0000000000008409|0000000018569678|055.01
06032026|543363|0000000000005200|0000000002210000|0000000000006400|0000000002732590|081.25
06032026|543364|0000000000004449|0000000000696936|0000000000011224|0000000001790197|039.64
06032026|543365|0000000000013000|0000000000922870|0000000000017488|0000000001239657|074.34
06032026|543366|0000000000003600|0000000000125460|0000000000003600|0000000000125880|100.00
06032026|543367|0000000000255536|0000000191089821|0000000000751689|0000000559965060|033.99
06032026|543373|0000000000001000|0000000000252500|0000000000001000|0000000000252500|100.00
06032026|543374|0000000000039904|0000000036883268|0000000000052504|0000000047931675|076.00
06032026|543375|0000000000012500|0000000000212500|0000000000012500|0000000000206600|100.00
06032026|543376|0000000000000002|0000000000000141|0000000000000002|0000000000000140|100.00
06032026|543383|0000000000001574|0000000000182569|0000000000002184|0000000000255125|072.07
06032026|543384|0000000000069922|0000000017767181|0000000000127819|0000000033016928|054.70
06032026|543386|0000000000003735|0000000000671927|0000000000005585|0000000001018482|066.88
06032026|543387|0000000000002386|0000000003882738|0000000000004276|0000000007005205|055.80
06032026|543388|0000000000000149|0000000000058855|0000000000000149|0000000000050160|100.00
06032026|543389|0000000000185861|0000000003562956|0000000000302987|0000000005821420|061.34
06032026|543390|0000000000028031|0000000040032473|0000000000071002|0000000101488063|039.48
06032026|543391|0000000000004500|0000000000463500|0000000000005250|0000000000544087|085.71
06032026|543396|0000000000016055|0000000016673921|0000000000042557|0000000044517594|037.73
06032026|543397|0000000000160871|0000000031023973|0000000000181337|0000000034699732|088.71
06032026|543398|0000000000462387|0000000140935558|0000000000474281|0000000146151691|097.49
06032026|543399|0000000000054060|0000000010236261|0000000000056544|0000000011070217|095.61
06032026|543400|0000000000006000|0000000000025080|0000000000008000|0000000000033880|075.00
06032026|543401|0000000000000802|0000000000236711|0000000000002759|0000000000825792|029.07
06032026|543411|0000000000013244|0000000001096604|0000000000031028|0000000002546686|042.68
06032026|543412|0000000000006101|0000000002800970|0000000000009648|0000000004425248|063.24
06032026|543413|0000000000001557|0000000002714474|0000000000002857|0000000005031671|054.50
06032026|543414|0000000000022061|0000000000503433|0000000000022062|0000000000503454|100.00
06032026|543415|0000000000005075|0000000016199400|0000000000008661|0000000027806918|058.60
06032026|543416|0000000000000374|0000000000085310|0000000000000538|0000000000123899|069.52
06032026|543417|0000000000005651|0000000002700048|0000000000012954|0000000006153501|043.62
06032026|543418|0000000000000061|0000000000080341|0000000000000061|0000000000080345|100.00
06032026|543419|0000000000005947|0000000000447155|0000000000010443|0000000000791077|056.95
06032026|543420|0000000000005659|0000000000101757|0000000000005659|0000000000101757|100.00
06032026|543425|0000000000002248|0000000002244741|0000000000003402|0000000003408418|066.08
06032026|543426|0000000000001026|0000000001004044|0000000000001908|0000000001856726|053.77
06032026|543427|0000000000000808|0000000000679650|0000000000001445|0000000001216072|055.92
06032026|543428|0000000000103709|0000000361959967|0000000000246919|0000000869566012|042.00
06032026|543433|0000000000002393|0000000000083014|0000000000002906|0000000000099457|082.35
06032026|543434|0000000000002821|0000000001768062|0000000000004704|0000000002968494|059.97
06032026|543435|0000000000012450|0000000000479325|0000000000016600|0000000000588636|075.00
06032026|543437|0000000000003703|0000000000356710|0000000000005453|0000000000523269|067.91
06032026|543438|0000000000000021|0000000000004911|0000000000000021|0000000000004912|100.00
06032026|543440|0000000000001723|0000000000443501|0000000000001771|0000000000456656|097.29
06032026|543441|0000000000022351|0000000006713123|0000000000028986|0000000008730245|077.11
06032026|543442|0000000000000197|0000000000045567|0000000000000269|0000000000062352|073.23
06032026|543443|0000000000010000|0000000000182000|0000000000010000|0000000000182000|100.00
06032026|543444|0000000000006000|0000000000082500|0000000000006000|0000000000082500|100.00
06032026|543449|0000000000000268|0000000000037239|0000000000000665|0000000000092427|040.30
06032026|543450|0000000000013705|0000000000382507|0000000000016866|0000000000472313|081.26
06032026|543451|0000000000031472|0000000000101999|0000000000031472|0000000000101999|100.00
06032026|543452|0000000000130822|0000000033677508|0000000000231254|0000000060177458|056.57
06032026|543454|0000000000006727|0000000001057149|0000000000006776|0000000001067893|099.28
06032026|543458|0000000000094360|0000000016720592|0000000000158639|0000000028381101|059.48
06032026|543462|0000000000048715|0000000001267565|0000000000068905|0000000001839270|070.70
06032026|543463|0000000000163837|0000000060169139|0000000000200928|0000000074682398|081.54
06032026|543464|0000000000010000|0000000001940700|0000000000010000|0000000001940700|100.00
06032026|543465|0000000000002580|0000000000158412|0000000000003916|0000000000241373|065.88
06032026|543470|0000000000000033|0000000000008910|0000000000000287|0000000000077814|011.50
06032026|543471|0000000000055746|0000000014339544|0000000000108538|0000000028234712|051.36
06032026|543472|0000000000001122|0000000000036634|0000000000001448|0000000000047509|077.49
06032026|543473|0000000000011639|0000000000178426|0000000000011937|0000000000180677|097.50
06032026|543474|0000000000010166|0000000000289833|0000000000011638|0000000000334083|087.35
06032026|543480|0000000000005000|0000000000323400|0000000000005000|0000000000323400|100.00
06032026|543481|0000000000190803|0000000004128977|0000000000213604|0000000004646774|089.33
06032026|543482|0000000000010093|0000000004337972|0000000000018819|0000000007972971|053.63
06032026|543489|0000000000011804|0000000000672002|0000000000022352|0000000001278200|052.81
06032026|543490|0000000000030111|0000000003229405|0000000000048626|0000000005271245|061.92
06032026|543498|0000000000066256|0000000002734386|0000000000124706|0000000005177394|053.13
06032026|543499|0000000000070745|0000000000374242|0000000000083576|0000000000433046|084.65
06032026|543500|0000000000024000|0000000000070560|0000000000032000|0000000000096200|075.00
06032026|543501|0000000000000002|0000000000000075|0000000000000003|0000000000000112|066.67
06032026|543512|0000000000006586|0000000000888452|0000000000014528|0000000001954761|045.33
06032026|543513|0000000000004283|0000000000098638|0000000000004490|0000000000105734|095.39
06032026|543514|0000000000005570|0000000000910138|0000000000007694|0000000001274503|072.39
06032026|543515|0000000000003000|0000000000194430|0000000000003000|0000000000194430|100.00
06032026|543516|0000000000084000|0000000000563640|0000000000126000|0000000000841540|066.67
06032026|543517|0000000000001325|0000000000464015|0000000000001764|0000000000622687|075.11
06032026|543520|0000000000021000|0000000000336420|0000000000025000|0000000000402910|084.00
06032026|543522|0000000000005250|0000000000543375|0000000000005250|0000000000542025|100.00
06032026|543523|0000000000009175|0000000002236865|0000000000014277|0000000003440622|064.26
06032026|543524|0000000000001214|0000000001455404|0000000000003474|0000000004110722|034.95
06032026|543525|0000000000016069|0000000002272157|0000000000112903|0000000015874988|014.23
06032026|543526|0000000000010205|0000000008393613|0000000000025022|0000000020730680|040.78
06032026|543527|0000000000000276|0000000000618254|0000000000000483|0000000001084117|057.14
06032026|543528|0000000000001182|0000000001208773|0000000000001956|0000000002014462|060.43
06032026|543529|0000000000013098|0000000005533251|0000000000026237|0000000011205253|049.92
06032026|543530|0000000000084764|0000000008938364|0000000000159160|0000000017059008|053.26
06032026|543531|0000000000000412|0000000000015553|0000000000000412|0000000000015589|100.00
06032026|543532|0000000000000853|0000000001929913|0000000000001255|0000000002867665|067.97
06032026|543533|0000000000003989|0000000001647856|0000000000009934|0000000004148034|040.16
06032026|543534|0000000000013527|0000000013675121|0000000000024575|0000000024359788|055.04
06032026|543535|0000000000001259|0000000000054226|0000000000005269|0000000000228249|023.89
06032026|543538|0000000000002000|0000000000021840|0000000000002000|0000000000021840|100.00
06032026|543539|0000000000000400|0000000000128000|0000000000000400|0000000000128000|100.00
06032026|543540|0000000000021000|0000000002679600|0000000000034200|0000000004003260|061.40
06032026|543542|0000000000000800|0000000000943960|0000000000012200|0000000014389280|006.56
06032026|543543|0000000000001200|0000000000927340|0000000000001200|0000000000927340|100.00
06032026|543544|0000000000004500|0000000000294345|0000000000005250|0000000000342037|085.71
06032026|543545|0000000000534400|0000000000379424|0000000000551100|0000000000412657|096.97
06032026|543546|0000000000086000|0000000000657900|0000000000116000|0000000000881720|074.14
06032026|543547|0000000000001858|0000000000503518|0000000000002089|0000000000565357|088.94
06032026|543563|0000000000002318|0000000000102039|0000000000002790|0000000000122799|083.08
06032026|543568|0000000000020574|0000000000632240|0000000000024407|0000000000753076|084.30
06032026|543569|0000000000002963|0000000000077720|0000000000003546|0000000000092379|083.56
06032026|543570|0000000000003288|0000000000226511|0000000000005015|0000000000346841|065.56
06032026|543571|0000000000008859|0000000000841694|0000000000014556|0000000001392385|060.86
06032026|543572|0000000000008405|0000000002092425|0000000000017963|0000000004519526|046.79
06032026|543573|0000000000016505|0000000012575985|0000000000057948|0000000044374712|028.48
06032026|543574|0000000000003379|0000000000070554|0000000000004364|0000000000090758|077.43
06032026|543575|0000000000002562|0000000000078577|0000000000003155|0000000000096983|081.20
06032026|543576|0000000000009348|0000000001133819|0000000000012185|0000000001484932|076.72
06032026|543577|0000000000000043|0000000000008334|0000000000000067|0000000000012903|064.18
06032026|543578|0000000000001850|0000000000283975|0000000000001850|0000000000283975|100.00
06032026|543590|0000000000117284|0000000003117409|0000000000266582|0000000007030255|044.00
06032026|543591|0000000000009722|0000000000737609|0000000000012708|0000000000978782|076.50
06032026|543592|0000000000096067|0000000023694926|0000000000189838|0000000047260755|050.60
06032026|543593|0000000000003254|0000000000323773|0000000000005082|0000000000509708|064.03
06032026|543594|0000000000009000|0000000000078390|0000000000009000|0000000000079620|100.00
06032026|543596|0000000000004981|0000000003137034|0000000000009522|0000000006081676|052.31
06032026|543597|0000000000174750|0000000061712963|0000000000188750|0000000068027487|092.58
06032026|543599|0000000000000989|0000000000283300|0000000000001469|0000000000426965|067.32
06032026|543600|0000000000000596|0000000000215037|0000000000000748|0000000000273815|079.68
06032026|543605|0000000000000836|0000000000047611|0000000000001160|0000000000066326|072.07
06032026|543606|0000000000023000|0000000000316250|0000000000024000|0000000000324380|095.83
06032026|543607|0000000000000097|0000000000011453|0000000000000190|0000000000022470|051.05
06032026|543608|0000000000000078|0000000000010374|0000000000000145|0000000000019382|053.79
06032026|543613|0000000000004000|0000000000025120|0000000000004000|0000000000025120|100.00
06032026|543614|0000000000000032|0000000000011354|0000000000000042|0000000000014696|076.19
06032026|543615|0000000000016800|0000000001545600|0000000000017600|0000000001615664|095.45
06032026|543616|0000000000001800|0000000000482310|0000000000002400|0000000000609030|075.00
06032026|543618|0000000000001500|0000000000230625|0000000000001500|0000000000230625|100.00
06032026|543619|0000000000001600|0000000003697760|0000000000003000|0000000007038850|053.33
06032026|543620|0000000000231000|0000000022210650|0000000000339000|0000000032741800|068.14
06032026|543626|0000000000009251|0000000000853868|0000000000013814|0000000001275928|066.97
06032026|543627|0000000000009638|0000000000197579|0000000000009938|0000000000203909|096.98
06032026|543628|0000000000002024|0000000000061773|0000000000003269|0000000000100259|061.91
06032026|543635|0000000000022080|0000000003357264|0000000000045669|0000000006993298|048.35
06032026|543636|0000000000000085|0000000000021123|0000000000000090|0000000000022376|094.44
06032026|543637|0000000000010800|0000000000156168|0000000000015600|0000000000230808|069.23
06032026|543638|0000000000009554|0000000000310505|0000000000010466|0000000000342543|091.29
06032026|543643|0000000000003003|0000000000095946|0000000000004841|0000000000154827|062.03
06032026|543644|0000000000023650|0000000003665750|0000000000066621|0000000010637223|035.50
06032026|543645|0000000000000006|0000000000000738|0000000000000018|0000000000002230|033.33
06032026|543650|0000000000619743|0000000118401901|0000000002011693|0000000401711300|030.81
06032026|543651|0000000000004000|0000000000064000|0000000000004000|0000000000064000|100.00
06032026|543652|0000000000002580|0000000000460788|0000000000005267|0000000000946065|048.98
06032026|543653|0000000000007317|0000000004488980|0000000000012925|0000000007948449|056.61
06032026|543654|0000000000001667|0000000001849870|0000000000003507|0000000003894589|047.53
06032026|543655|0000000000050000|0000000006000000|0000000000050000|0000000006000000|100.00
06032026|543657|0000000000001238|0000000000678115|0000000000004015|0000000002212193|030.83
06032026|543663|0000000000009985|0000000004059901|0000000000022812|0000000009307938|043.77
06032026|543664|0000000000028576|0000000107037124|0000000000078674|0000000298265279|036.32
06032026|543665|0000000000011760|0000000000376556|0000000000012652|0000000000411861|092.95
06032026|543666|0000000000005021|0000000000140187|0000000000005886|0000000000165531|085.30
06032026|543667|0000000000797432|0000000120651462|0000000000839381|0000000129063298|095.00
06032026|543668|0000000000000302|0000000000051114|0000000000000312|0000000000054051|096.79
06032026|543669|0000000000003065|0000000001202553|0000000000004508|0000000001777830|067.99
06032026|543670|0000000000118348|0000000000124266|0000000000145820|0000000000152640|081.16
06032026|543671|0000000000004750|0000000000439613|0000000000005730|0000000000527604|082.90
06032026|543677|0000000000023308|0000000000715789|0000000000038787|0000000001196081|060.09
06032026|543678|0000000000004000|0000000000120400|0000000000004000|0000000000117800|100.00
06032026|543686|0000000000015851|0000000007177333|0000000000020063|0000000009114312|079.01
06032026|543687|0000000000002170|0000000000540656|0000000000002851|0000000000697678|076.11
06032026|543688|0000000000221774|0000000000796169|0000000000365111|0000000001321103|060.74
06032026|543689|0000000000001035|0000000000474393|0000000000001424|0000000000656314|072.68
06032026|543699|0000000000000700|0000000000898590|0000000000000700|0000000000898540|100.00
06032026|543700|0000000000000010|0000000000002605|0000000000000010|0000000000002604|100.00
06032026|543709|0000000000002750|0000000002061125|0000000000004125|0000000003068606|066.67
06032026|543710|0000000000001519|0000000000152326|0000000000001844|0000000000183782|082.38
06032026|543711|0000000000013743|0000000002284087|0000000000035126|0000000005884997|039.12
06032026|543712|0000000000000108|0000000000021719|0000000000000108|0000000000021711|100.00
06032026|543713|0000000000049000|0000000001651790|0000000000081000|0000000002715000|060.49
06032026|543714|0000000000000996|0000000000358112|0000000000001591|0000000000577012|062.60
06032026|543720|0000000000016431|0000000014998217|0000000000032636|0000000029822031|050.35
06032026|543725|0000000000001799|0000000000222627|0000000000003267|0000000000405992|055.07
06032026|543732|0000000000002628|0000000000096816|0000000000007526|0000000000276760|034.92
06032026|543737|0000000000000051|0000000000027285|0000000000000051|0000000000027285|100.00
06032026|543738|0000000000002322|0000000000136998|0000000000002323|0000000000138251|099.96
06032026|543743|0000000000000006|0000000000000420|0000000000000007|0000000000000495|085.71
06032026|543746|0000000000003600|0000000000718200|0000000000010800|0000000002157000|033.33
06032026|543747|0000000000065962|0000000000273743|0000000000097416|0000000000407888|067.71
06032026|543748|0000000000001099|0000000000768696|0000000000002693|0000000001880382|040.81
06032026|543766|0000000000013267|0000000004858376|0000000000051843|0000000019038123|025.59
06032026|543767|0000000000119039|0000000000909458|0000000000119328|0000000000916480|099.76
06032026|543768|0000000000131541|0000000005069591|0000000000222108|0000000008590472|059.22
06032026|543774|0000000000001064|0000000000038581|0000000000001072|0000000000038936|099.25
06032026|543775|0000000000061341|0000000009545887|0000000000149174|0000000023250841|041.12
06032026|543776|0000000000025287|0000000000541395|0000000000036118|0000000000778790|070.01
06032026|543781|0000000000038578|0000000005920952|0000000000054778|0000000008445146|070.43
06032026|543782|0000000000009900|0000000003351645|0000000000013500|0000000004601736|073.33
06032026|543787|0000000000000750|0000000000704250|0000000000000900|0000000000842377|083.33
06032026|543798|0000000000036000|0000000000073440|0000000000044000|0000000000090200|081.82
06032026|543799|0000000000000750|0000000000348675|0000000000000750|0000000000348675|100.00
06032026|543805|0000000000003750|0000000000214688|0000000000003750|0000000000214500|100.00
06032026|543806|0000000000008400|0000000003074400|0000000000016600|0000000005932180|050.60
06032026|543811|0000000000000945|0000000000015111|0000000000000982|0000000000015735|096.23
06032026|543812|0000000000001966|0000000001418764|0000000000003013|0000000002191574|065.25
06032026|543813|0000000000001601|0000000001601017|0000000000002141|0000000002140989|074.78
06032026|543819|0000000000006619|0000000000616163|0000000000008073|0000000000758974|081.99
06032026|543828|0000000000016000|0000000000404640|0000000000032000|0000000000789520|050.00
06032026|543829|0000000000001786|0000000000132164|0000000000001807|0000000000137560|098.84
06032026|543831|0000000000003375|0000000001353375|0000000000005250|0000000002132268|064.29
06032026|543848|0000000000005000|0000000000435200|0000000000005000|0000000000435200|100.00
06032026|543853|0000000000001419|0000000000115890|0000000000001419|0000000000116186|100.00
06032026|543860|0000000000000611|0000000000052943|0000000000000611|0000000000052943|100.00
06032026|543861|0000000000001137|0000000000030285|0000000000001137|0000000000030285|100.00
06032026|543895|0000000000007250|0000000003589475|0000000000009250|0000000004580350|078.38
06032026|543896|0000000000002449|0000000002281244|0000000000006380|0000000006033701|038.39
06032026|543897|0000000000001500|0000000000362550|0000000000001500|0000000000362550|100.00
06032026|543898|0000000000000391|0000000000070380|0000000000000391|0000000000070777|100.00
06032026|543900|0000000000014665|0000000003653639|0000000000037751|0000000009484355|038.85
06032026|543902|0000000000020000|0000000001134600|0000000000032000|0000000001785280|062.50
06032026|543903|0000000000002363|0000000000363099|0000000000004792|0000000000739054|049.31
06032026|543904|0000000000003113|0000000006806419|0000000000007592|0000000016692479|041.00
06032026|543910|0000000000003575|0000000000489775|0000000000009857|0000000001385227|036.27
06032026|543911|0000000000551632|0000000013029548|0000000000568260|0000000013415322|097.07
06032026|543912|0000000000002150|0000000000216505|0000000000002796|0000000000283147|076.90
06032026|543913|0000000000002677|0000000000418737|0000000000004212|0000000000657299|063.56
06032026|543914|0000000000004050|0000000000126806|0000000000005663|0000000000177004|071.52
06032026|543915|0000000000005112|0000000000102496|0000000000005172|0000000000103295|098.84
06032026|543916|0000000000010000|0000000002609500|0000000000018000|0000000004693580|055.56
06032026|543917|0000000000002005|0000000000078536|0000000000002583|0000000000103461|077.62
06032026|543918|0000000000004133|0000000000299850|0000000000004563|0000000000339210|090.58
06032026|543919|0000000000057093|0000000000278043|0000000000062981|0000000000303920|090.65
06032026|543920|0000000000023800|0000000012843670|0000000000041600|0000000022768890|057.21
06032026|543921|0000000000002000|0000000000085680|0000000000002000|0000000000085340|100.00
06032026|543922|0000000000001944|0000000000488858|0000000000003771|0000000000957622|051.55
06032026|543923|0000000000002040|0000000000283662|0000000000003475|0000000000483883|058.70
06032026|543924|0000000000002000|0000000000106020|0000000000004000|0000000000212020|050.00
06032026|543926|0000000000003200|0000000003152000|0000000000003200|0000000003152000|100.00
06032026|543927|0000000000000459|0000000000017208|0000000000000664|0000000000025126|069.13
06032026|543928|0000000000006000|0000000005806800|0000000000006500|0000000006303845|092.31
06032026|543929|0000000000006270|0000000000154242|0000000000006807|0000000000168669|092.11
06032026|543930|0000000000005353|0000000000776988|0000000000016580|0000000002388251|032.29
06032026|543931|0000000000004000|0000000001081000|0000000000004800|0000000001301530|083.33
06032026|543932|0000000000021408|0000000009445210|0000000000056565|0000000025280269|037.85
06032026|543933|0000000000005615|0000000001665129|0000000000011612|0000000003477934|048.36
06032026|543934|0000000000000012|0000000000003984|0000000000000012|0000000000003959|100.00
06032026|543935|0000000000001996|0000000000063513|0000000000002096|0000000000067014|095.23
06032026|543936|0000000000011959|0000000003608031|0000000000020380|0000000006152829|058.68
06032026|543938|0000000000000640|0000000000106592|0000000000000640|0000000000106592|100.00
06032026|543939|0000000000004000|0000000000716000|0000000000004500|0000000000809975|088.89
06032026|543940|0000000000421447|0000000100894412|0000000000738886|0000000177970412|057.04
06032026|543942|0000000000159203|0000000002077600|0000000000279611|0000000003664031|056.94
06032026|543943|0000000000022000|0000000003630000|0000000000038000|0000000006292800|057.89
06032026|543944|0000000000001247|0000000000732264|0000000000001276|0000000000753930|097.73
06032026|543945|0000000000072731|0000000234164728|0000000000202610|0000000664520922|035.90
06032026|543946|0000000000016298|0000000016298000|0000000000017451|0000000017451011|093.39
06032026|543947|0000000000000055|0000000000004488|0000000000000055|0000000000004488|100.00
06032026|543948|0000000000001389|0000000000128594|0000000000001670|0000000000155111|083.17
06032026|543949|0000000000000196|0000000000005447|0000000000000212|0000000000005920|092.45
06032026|543950|0000000000006785|0000000004388199|0000000000014024|0000000009162144|048.38
06032026|543952|0000000000000776|0000000000241414|0000000000001250|0000000000393198|062.08
06032026|543953|0000000000008500|0000000006306575|0000000000024750|0000000018329025|034.34
06032026|543954|0000000000027268|0000000000655251|0000000000027968|0000000000653873|097.50
06032026|543955|0000000000001491|0000000000035546|0000000000001591|0000000000037927|093.71
06032026|543956|0000000000000738|0000000000015255|0000000000000972|0000000000020022|075.93
06032026|543957|0000000000011302|0000000001336462|0000000000017095|0000000002031074|066.11
06032026|543958|0000000000010733|0000000000157024|0000000000011910|0000000000177536|090.12
06032026|543959|0000000000046260|0000000004347978|0000000000090962|0000000008564225|050.86
06032026|543960|0000000000004268|0000000005148489|0000000000006169|0000000007435143|069.18
06032026|543962|0000000000000659|0000000000092326|0000000000000811|0000000000113722|081.26
06032026|543963|0000000000006000|0000000000199200|0000000000009000|0000000000298800|066.67
06032026|543965|0000000000030657|0000000003467341|0000000000030657|0000000003467341|100.00
06032026|543969|0000000000000500|0000000000074700|0000000000000510|0000000000076286|098.04
06032026|543971|0000000000070800|0000000020737320|0000000000211200|0000000061849280|033.52
06032026|543972|0000000000010635|0000000002345018|0000000000030096|0000000006732593|035.34
06032026|543974|0000000000009842|0000000000411593|0000000000022848|0000000000956269|043.08
06032026|543975|0000000000000008|0000000000001714|0000000000000009|0000000000001929|088.89
06032026|543976|0000000000014837|0000000000441846|0000000000025543|0000000000737671|058.09
06032026|543977|0000000000000579|0000000000222308|0000000000000929|0000000000361906|062.32
06032026|543978|0000000000008969|0000000001258351|0000000000024671|0000000003484774|036.35
06032026|543980|0000000000000578|0000000000729436|0000000000000721|0000000000930586|080.17
06032026|543981|0000000000008046|0000000012290265|0000000000013977|0000000021431747|057.57
06032026|543982|0000000000016600|0000000002520710|0000000000018200|0000000002718600|091.21
06032026|543983|0000000000005455|0000000001474214|0000000000008621|0000000002354996|063.28
06032026|543984|0000000000033446|0000000004980110|0000000000079749|0000000011897409|041.94
06032026|543985|0000000000029928|0000000006795153|0000000000081259|0000000018347686|036.83
06032026|543986|0000000000002365|0000000000448313|0000000000002365|0000000000448313|100.00
06032026|543988|0000000000002396|0000000002937017|0000000000004314|0000000005349398|055.54
06032026|543989|0000000000034058|0000000003557359|0000000000043609|0000000004614758|078.10
06032026|543990|0000000000000872|0000000000787198|0000000000013197|0000000011926331|006.61
06032026|543991|0000000000002400|0000000000274560|0000000000002800|0000000000320900|085.71
06032026|543992|0000000000039730|0000000004320638|0000000000075289|0000000008368493|052.77
06032026|543993|0000000000005404|0000000001025409|0000000000007983|0000000001572118|067.69
06032026|543994|0000000000085320|0000000022899888|0000000000182784|0000000049341831|046.68
06032026|543995|0000000000000829|0000000000127211|0000000000001089|0000000000167583|076.12
06032026|543996|0000000000005574|0000000000857282|0000000000007898|0000000001216668|070.57
06032026|543997|0000000000001800|0000000000419400|0000000000009600|0000000002257890|018.75
06032026|543998|0000000000001069|0000000000057769|0000000000001189|0000000000064971|089.91
06032026|543999|0000000000002028|0000000000164208|0000000000002220|0000000000181338|091.35
06032026|544001|0000000000013125|0000000011740969|0000000000019125|0000000017457968|068.63
06032026|544003|0000000000002896|0000000000104807|0000000000003475|0000000000125945|083.34
06032026|544004|0000000000001949|0000000000422446|0000000000003397|0000000000736165|057.37
06032026|544006|0000000000262804|0000000008312491|0000000000307664|0000000009757088|085.42
06032026|544007|0000000000011236|0000000000276406|0000000000017845|0000000000440683|062.96
06032026|544008|0000000000000056|0000000000021821|0000000000000072|0000000000028451|077.78
06032026|544009|0000000000009070|0000000003499206|0000000000018356|0000000007072738|049.41
06032026|544011|0000000000002400|0000000000080400|0000000000002400|0000000000078720|100.00
06032026|544012|0000000000004926|0000000001999956|0000000000008075|0000000003313877|061.00
06032026|544014|0000000000002985|0000000000867591|0000000000011695|0000000003461902|025.52
06032026|544020|0000000000035281|0000000000890846|0000000000051884|0000000001337275|068.00
06032026|544021|0000000000036695|0000000019853830|0000000000047986|0000000026188491|076.47
06032026|544022|0000000000004637|0000000001818168|0000000000009926|0000000003867944|046.72
06032026|544023|0000000000011500|0000000005752300|0000000000014750|0000000007310712|077.97
06032026|544025|0000000000001200|0000000000084120|0000000000001200|0000000000084120|100.00
06032026|544026|0000000000502086|0000000058869584|0000000001115262|0000000131850179|045.02
06032026|544027|0000000000055465|0000000007049602|0000000000092303|0000000011734728|060.09
06032026|544028|0000000000009385|0000000005408576|0000000000020840|0000000012059308|045.03
06032026|544029|0000000000011817|0000000001589387|0000000000030484|0000000004198534|038.76
06032026|544030|0000000000004388|0000000001379149|0000000000007355|0000000002332392|059.66
06032026|544035|0000000000004800|0000000000105552|0000000000004800|0000000000106928|100.00
06032026|544036|0000000000004800|0000000000462720|0000000000004800|0000000000462600|100.00
06032026|544037|0000000000002000|0000000002763000|0000000000002700|0000000003705280|074.07
06032026|544042|0000000000003838|0000000000558621|0000000000004249|0000000000625787|090.33
06032026|544043|0000000000000047|0000000000007224|0000000000000072|0000000000011119|065.28
06032026|544044|0000000000001829|0000000001259450|0000000000003173|0000000002187075|057.64
06032026|544045|0000000000001629|0000000003415606|0000000000002757|0000000005833669|059.09
06032026|544046|0000000000002557|0000000003018795|0000000000004929|0000000005887721|051.88
06032026|544047|0000000000024000|0000000001043760|0000000000040500|0000000001760550|059.26
06032026|544053|0000000000085480|0000000001224074|0000000000111426|0000000001623448|076.71
06032026|544054|0000000000009725|0000000002013075|0000000000012064|0000000002496729|080.61
06032026|544055|0000000000004813|0000000000762139|0000000000007467|0000000001182478|064.46
06032026|544057|0000000000000346|0000000000433019|0000000000000737|0000000000932348|046.95
06032026|544058|0000000000003586|0000000000297603|0000000000004813|0000000000394039|074.51
06032026|544059|0000000000002000|0000000000126000|0000000000002000|0000000000126000|100.00
06032026|544060|0000000000003572|0000000000430605|0000000000003861|0000000000466740|092.51
06032026|544061|0000000000007936|0000000012787674|0000000000013495|0000000022005236|058.81
06032026|544066|0000000000000143|0000000000190820|0000000000000214|0000000000287234|066.82
06032026|544067|0000000000000950|0000000000644575|0000000000001373|0000000000917623|069.19
06032026|544072|0000000000004000|0000000000095960|0000000000004800|0000000000115928|083.33
06032026|544073|0000000000002000|0000000000155780|0000000000002000|0000000000155880|100.00
06032026|544074|0000000000002400|0000000000195600|0000000000002400|0000000000194100|100.00
06032026|544079|0000000000015012|0000000000307897|0000000000015092|0000000000312150|099.47
06032026|544080|0000000000000010|0000000000007840|0000000000000010|0000000000008182|100.00
06032026|544081|0000000000010141|0000000008124970|0000000000024174|0000000019441383|041.95
06032026|544082|0000000000012000|0000000000528600|0000000000012000|0000000000536200|100.00
06032026|544083|0000000000001500|0000000000085950|0000000000002000|0000000000116500|075.00
06032026|544088|0000000000020707|0000000006704927|0000000000029905|0000000009869580|069.24
06032026|544089|0000000000385888|0000000043624639|0000000000517689|0000000058520475|074.54
06032026|544090|0000000000000123|0000000000103554|0000000000000147|0000000000118286|083.67
06032026|544091|0000000000004400|0000000001443200|0000000000004400|0000000001439400|100.00
06032026|544092|0000000000000255|0000000000063796|0000000000000281|0000000000070605|090.75
06032026|544093|0000000000000184|0000000000010814|0000000000000194|0000000000011426|094.85
06032026|544094|0000000000002400|0000000000076800|0000000000003600|0000000000117312|066.67
06032026|544095|0000000000004688|0000000001116916|0000000000009288|0000000002237680|050.47
06032026|544100|0000000000006148|0000000000170669|0000000000007684|0000000000211807|080.01
06032026|544105|0000000000004500|0000000000400500|0000000000004500|0000000000400500|100.00
06032026|544107|0000000000011864|0000000001569608|0000000000017295|0000000002302501|068.60
06032026|544108|0000000000003000|0000000000555000|0000000000003000|0000000000553800|100.00
06032026|544109|0000000000000200|0000000000029960|0000000000000200|0000000000029960|100.00
06032026|544110|0000000000000930|0000000000086211|0000000000001763|0000000000164859|052.75
06032026|544111|0000000000016844|0000000001997699|0000000000021273|0000000002525512|079.18
06032026|544112|0000000000000081|0000000000039614|0000000000000091|0000000000044447|089.01
06032026|544117|0000000000001259|0000000000300461|0000000000001357|0000000000321500|092.78
06032026|544118|0000000000008270|0000000002888298|0000000000016454|0000000005880586|050.26
06032026|544119|0000000000001038|0000000000364494|0000000000001634|0000000000569858|063.52
06032026|544120|0000000000001707|0000000000433749|0000000000001872|0000000000476453|091.19
06032026|544121|0000000000010000|0000000000600000|0000000000011000|0000000000676360|090.91
06032026|544122|0000000000000267|0000000000279403|0000000000000636|0000000000663321|041.98
06032026|544123|0000000000000241|0000000000014024|0000000000000247|0000000000014294|097.57
06032026|544124|0000000000002609|0000000000292730|0000000000003139|0000000000348337|083.12
06032026|544129|0000000000002573|0000000000539173|0000000000003915|0000000000829191|065.72
06032026|544130|0000000000167303|0000000006815925|0000000000185530|0000000007582933|090.18
06032026|544131|0000000000002441|0000000000305980|0000000000003101|0000000000387662|078.72
06032026|544132|0000000000398238|0000000009896215|0000000000678286|0000000016918510|058.71
06032026|544133|0000000000020351|0000000001796587|0000000000028396|0000000002520412|071.67
06032026|544134|0000000000000736|0000000000151580|0000000000001290|0000000000269833|057.05
06032026|544135|0000000000008459|0000000000186606|0000000000013531|0000000000295460|062.52
06032026|544136|0000000000001973|0000000000194361|0000000000002045|0000000000203345|096.48
06032026|544137|0000000000003992|0000000000491775|0000000000004862|0000000000602719|082.11
06032026|544138|0000000000001837|0000000000679139|0000000000003303|0000000001197350|055.62
06032026|544139|0000000000006000|0000000000229800|0000000000006000|0000000000229800|100.00
06032026|544140|0000000000006529|0000000001923444|0000000000007491|0000000002196240|087.16
06032026|544141|0000000000005600|0000000001255520|0000000000006400|0000000001433600|087.50
06032026|544142|0000000000012059|0000000000524326|0000000000023133|0000000001015344|052.13
06032026|544143|0000000000002500|0000000000391750|0000000000002500|0000000000391775|100.00
06032026|544144|0000000000000560|0000000000051761|0000000000000926|0000000000085699|060.48
06032026|544149|0000000000001931|0000000001164876|0000000000003797|0000000002348287|050.86
06032026|544150|0000000000024000|0000000008328000|0000000000038500|0000000013457025|062.34
06032026|544151|0000000000007000|0000000000525210|0000000000008000|0000000000600200|087.50
06032026|544156|0000000000003000|0000000000058110|0000000000003000|0000000000058110|100.00
06032026|544157|0000000000000500|0000000000098100|0000000000000500|0000000000098100|100.00
06032026|544158|0000000000001900|0000000000773680|0000000000003287|0000000001332862|057.80
06032026|544159|0000000000004298|0000000004798417|0000000000004298|0000000004798411|100.00
06032026|544160|0000000000001600|0000000000024384|0000000000001600|0000000000024384|100.00
06032026|544161|0000000000000334|0000000000337507|0000000000000438|0000000000447935|076.26
06032026|544162|0000000000001134|0000000001819617|0000000000002156|0000000003462536|052.60
06032026|544163|0000000000006000|0000000000486000|0000000000006000|0000000000482240|100.00
06032026|544165|0000000000003000|0000000000302250|0000000000003000|0000000000302250|100.00
06032026|544166|0000000000007200|0000000000935280|0000000000008400|0000000001092120|085.71
06032026|544167|0000000000003816|0000000000879588|0000000000009840|0000000002275196|038.78
06032026|544168|0000000000002000|0000000000060000|0000000000002000|0000000000060000|100.00
06032026|544169|0000000000004000|0000000000226720|0000000000004000|0000000000226720|100.00
06032026|544171|0000000000002400|0000000000090072|0000000000002400|0000000000091064|100.00
06032026|544172|0000000000005806|0000000002666987|0000000000008898|0000000004090664|065.25
06032026|544173|0000000000001000|0000000000014500|0000000000001000|0000000000014500|100.00
06032026|544174|0000000000001373|0000000001629957|0000000000004128|0000000004799696|033.26
06032026|544175|0000000000001200|0000000000109800|0000000000001200|0000000000109800|100.00
06032026|544176|0000000000010361|0000000004714255|0000000000016943|0000000007667570|061.15
06032026|544177|0000000000012000|0000000001131000|0000000000014000|0000000001315340|085.71
06032026|544179|0000000000009358|0000000003128848|0000000000012605|0000000004173110|074.24
06032026|544180|0000000000006419|0000000000295724|0000000000010334|0000000000477805|062.12
06032026|544181|0000000000004797|0000000001276002|0000000000010380|0000000002774964|046.21
06032026|544182|0000000000000697|0000000000747171|0000000000000697|0000000000747170|100.00
06032026|544184|0000000000001126|0000000000116147|0000000000001450|0000000000151385|077.66
06032026|544185|0000000000004046|0000000000205780|0000000000004768|0000000000239252|084.86
06032026|544186|0000000000015520|0000000001945432|0000000000017457|0000000002177644|088.90
06032026|544187|0000000000000344|0000000000039320|0000000000000344|0000000000039391|100.00
06032026|544188|0000000000004000|0000000000040400|0000000000004000|0000000000040400|100.00
06032026|544189|0000000000007500|0000000002916350|0000000000007500|0000000002916350|100.00
06032026|544191|0000000000012213|0000000000709087|0000000000012997|0000000000752782|093.97
06032026|544192|0000000000012053|0000000002050818|0000000000030354|0000000005157004|039.71
06032026|544193|0000000000070150|0000000000744993|0000000000075262|0000000000804693|093.21
06032026|544194|0000000000014222|0000000000149474|0000000000023547|0000000000248301|060.40
06032026|544195|0000000000004000|0000000000067800|0000000000004000|0000000000067900|100.00
06032026|544196|0000000000000035|0000000000002041|0000000000000040|0000000000002337|087.50
06032026|544197|0000000000000451|0000000000009787|0000000000000521|0000000000011292|086.56
06032026|544198|0000000000091933|0000000025603341|0000000000198571|0000000056505158|046.30
06032026|544199|0000000000051200|0000000002070528|0000000000052000|0000000002105320|098.46
06032026|544200|0000000000703806|0000000005027397|0000000000703806|0000000005027397|100.00
06032026|544201|0000000000012000|0000000000144120|0000000000012000|0000000000144120|100.00
06032026|544202|0000000000011407|0000000001722457|0000000000014849|0000000002249892|076.82
06032026|544203|0000000000010726|0000000005087342|0000000000034512|0000000016069895|031.08
06032026|544204|0000000000001852|0000000000216592|0000000000002106|0000000000247820|087.94
06032026|544205|0000000000000755|0000000000313552|0000000000001178|0000000000489448|064.09
06032026|544206|0000000000033303|0000000008415336|0000000000088427|0000000022553911|037.66
06032026|544207|0000000000000800|0000000000100520|0000000000000832|0000000000104068|096.15
06032026|544209|0000000000000972|0000000000244118|0000000000001244|0000000000311424|078.14
06032026|544210|0000000000002833|0000000004008129|0000000000005556|0000000008092198|050.99
06032026|544212|0000000000005721|0000000000169743|0000000000010398|0000000000309607|055.02
06032026|544213|0000000000016200|0000000002105190|0000000000019200|0000000002434380|084.38
06032026|544214|0000000000004000|0000000000115960|0000000000008000|0000000000215040|050.00
06032026|544215|0000000000000162|0000000000005293|0000000000000163|0000000000005350|099.39
06032026|544216|0000000000232808|0000000002786712|0000000000289799|0000000003477972|080.33
06032026|544217|0000000000008627|0000000000730707|0000000000009501|0000000000800224|090.80
06032026|544218|0000000000003482|0000000000037641|0000000000004014|0000000000043255|086.75
06032026|544219|0000000000007200|0000000000785160|0000000000009600|0000000001042170|075.00
06032026|544221|0000000000003000|0000000000048300|0000000000003000|0000000000048300|100.00
06032026|544222|0000000000002468|0000000001175015|0000000000004354|0000000002092847|056.68
06032026|544223|0000000000007144|0000000001987104|0000000000012550|0000000003435384|056.92
06032026|544224|0000000000210120|0000000168285108|0000000000234360|0000000190095780|089.66
06032026|544225|0000000001816941|0000000043679262|0000000003641746|0000000088324573|049.89
06032026|544226|0000000000008758|0000000001878154|0000000000026956|0000000005826068|032.49
06032026|544227|0000000000005101|0000000000508315|0000000000008208|0000000000824998|062.15
06032026|544229|0000000000203479|0000000002451922|0000000000334321|0000000004045028|060.86
06032026|544230|0000000000001350|0000000000080825|0000000000001377|0000000000083381|098.04
06032026|544232|0000000000002877|0000000005175148|0000000000003811|0000000006861157|075.49
06032026|544233|0000000000000275|0000000000006050|0000000000000275|0000000000006051|100.00
06032026|544234|0000000000001637|0000000000017811|0000000000001714|0000000000019149|095.51
06032026|544235|0000000000008214|0000000002221066|0000000000019952|0000000005386756|041.17
06032026|544238|0000000000010587|0000000007653872|0000000000039261|0000000028421750|026.97
06032026|544239|0000000000013931|0000000001831230|0000000000019828|0000000002608386|070.26
06032026|544240|0000000000002531|0000000002046061|0000000000004577|0000000003745737|055.30
06032026|544241|0000000000013958|0000000000218164|0000000000020132|0000000000315991|069.33
06032026|544242|0000000000021000|0000000000356160|0000000000027000|0000000000459000|077.78
06032026|544243|0000000000003296|0000000000927495|0000000000008377|0000000002392914|039.35
06032026|544244|0000000000000041|0000000000029059|0000000000000058|0000000000041414|070.69
06032026|544246|0000000000000002|0000000000001265|0000000000000002|0000000000001233|100.00
06032026|544247|0000000000002348|0000000000216463|0000000000002859|0000000000263501|082.13
06032026|544248|0000000000003000|0000000000345150|0000000000003000|0000000000345150|100.00
06032026|544249|0000000000010600|0000000000285564|0000000000013958|0000000000378987|075.94
06032026|544250|0000000000001790|0000000007897212|0000000000003755|0000000016861345|047.67
06032026|544251|0000000000017600|0000000000778096|0000000000022400|0000000000989936|078.57
06032026|544252|0000000000450316|0000000037907601|0000000000737579|0000000062432257|061.05
06032026|544253|0000000000002945|0000000000563084|0000000000005982|0000000001143768|049.23
06032026|544254|0000000000003503|0000000000365889|0000000000004544|0000000000478852|077.09
06032026|544256|0000000000006343|0000000003430295|0000000000010872|0000000005922038|058.34
06032026|544258|0000000000317169|0000000032826992|0000000000322570|0000000033431845|098.33
06032026|544259|0000000000003000|0000000000094200|0000000000003000|0000000000094200|100.00
06032026|544260|0000000000014380|0000000003449043|0000000000018719|0000000004466453|076.82
06032026|544261|0000000000003174|0000000000350727|0000000000005198|0000000000576208|061.06
06032026|544262|0000000000002242|0000000000261754|0000000000002432|0000000000283290|092.19
06032026|544263|0000000000020665|0000000019143023|0000000000047730|0000000045166425|043.30
06032026|544264|0000000000003319|0000000000845516|0000000000003921|0000000001002759|084.65
06032026|544266|0000000000000767|0000000000070856|0000000000001087|0000000000101290|070.56
06032026|544267|0000000000001600|0000000000278400|0000000000001600|0000000000278400|100.00
06032026|544268|0000000000427451|0000000005155060|0000000000574298|0000000006947541|074.43
06032026|544269|0000000000012000|0000000000106560|0000000000012000|0000000000105780|100.00
06032026|544270|0000000000002400|0000000000105600|0000000000003600|0000000000147600|066.67
06032026|544271|0000000000009665|0000000001591826|0000000000022609|0000000003742250|042.75
06032026|544272|0000000000006800|0000000000809880|0000000000007200|0000000000857480|094.44
06032026|544273|0000000000007360|0000000000073527|0000000000007895|0000000000079126|093.22
06032026|544274|0000000000012880|0000000026910828|0000000000026610|0000000056027511|048.40
06032026|544275|0000000000009061|0000000000143527|0000000000013094|0000000000207948|069.20
06032026|544276|0000000000000741|0000000000053953|0000000000001201|0000000000086869|061.70
06032026|544277|0000000000018349|0000000048247779|0000000000044673|0000000118703283|041.07
06032026|544278|0000000000004723|0000000000391962|0000000000006143|0000000000506572|076.88
06032026|544279|0000000000004808|0000000001405619|0000000000015388|0000000004502461|031.25
06032026|544280|0000000000008832|0000000002498132|0000000000014851|0000000004264651|059.47
06032026|544281|0000000000026491|0000000000461474|0000000000029517|0000000000516228|089.75
06032026|544282|0000000000661395|0000000025939912|0000000001565574|0000000062128582|042.25
06032026|544283|0000000000010645|0000000002429189|0000000000020637|0000000004792390|051.58
06032026|544284|0000000000003722|0000000004003272|0000000000003722|0000000004003271|100.00
06032026|544285|0000000000322402|0000000097268684|0000000000423405|0000000126889931|076.14
06032026|544286|0000000000031274|0000000002236404|0000000000036949|0000000002657395|084.64
06032026|544288|0000000000506242|0000000297012182|0000000000516713|0000000301279113|097.97
06032026|544289|0000000000096052|0000000008449695|0000000000201451|0000000017721797|047.68
06032026|544290|0000000000033510|0000000004724910|0000000000059034|0000000008492604|056.76
06032026|544291|0000000000015500|0000000014048425|0000000000024100|0000000021811365|064.32
06032026|544292|0000000000002054|0000000003041769|0000000000009293|0000000013602374|022.10
06032026|544293|0000000000001035|0000000000268324|0000000000001153|0000000000300699|089.77
06032026|544294|0000000000008505|0000000006167401|0000000000012713|0000000009226155|066.90
06032026|544296|0000000000154000|0000000031754800|0000000000176000|0000000036425480|087.50
06032026|544301|0000000000001015|0000000000025304|0000000000002282|0000000000056559|044.48
06032026|544302|0000000000000018|0000000000006876|0000000000000035|0000000000013243|051.43
06032026|544305|0000000000020249|0000000003697468|0000000000061720|0000000011320478|032.81
06032026|544306|0000000000018244|0000000018917204|0000000000038223|0000000039679319|047.73
06032026|544307|0000000000147664|0000000016530985|0000000000285195|0000000032105822|051.78
06032026|544308|0000000000013241|0000000000693696|0000000000014119|0000000000754265|093.78
06032026|544309|0000000000005266|0000000006992459|0000000000009430|0000000012474732|055.84
06032026|544310|0000000000026750|0000000012476200|0000000000040500|0000000018712237|066.05
06032026|544311|0000000000013414|0000000004497715|0000000000029892|0000000009904627|044.87
06032026|544313|0000000000004000|0000000000093000|0000000000004000|0000000000093000|100.00
06032026|544314|0000000000000150|0000000000060915|0000000000000150|0000000000060910|100.00
06032026|544315|0000000000002949|0000000000796525|0000000000003959|0000000001075203|074.49
06032026|544316|0000000000225026|0000000030727301|0000000000237764|0000000033171762|094.64
06032026|544317|0000000000013688|0000000007052742|0000000000031182|0000000016266884|043.90
06032026|544318|0000000000002708|0000000001093355|0000000000004418|0000000001815824|061.29
06032026|544319|0000000000001414|0000000001062268|0000000000003245|0000000002423511|043.57
06032026|544320|0000000000000745|0000000000375555|0000000000001278|0000000000651441|058.29
06032026|544321|0000000000001205|0000000000837355|0000000000001604|0000000001119159|075.12
06032026|544322|0000000000002883|0000000002570339|0000000000005035|0000000004476309|057.26
06032026|544323|0000000000003989|0000000000042763|0000000000005932|0000000000063754|067.25
06032026|544324|0000000000004000|0000000000068000|0000000000006000|0000000000102500|066.67
06032026|544325|0000000000095577|0000000015942244|0000000000226990|0000000037677297|042.11
06032026|544326|0000000000002576|0000000000059970|0000000000002577|0000000000060276|099.96
06032026|544327|0000000000006000|0000000000270000|0000000000006000|0000000000270200|100.00
06032026|544328|0000000000007388|0000000000948989|0000000000012112|0000000001571095|061.00
06032026|544329|0000000000006000|0000000000322080|0000000000006000|0000000000317360|100.00
06032026|544330|0000000000002000|0000000000240500|0000000000002000|0000000000240500|100.00
06032026|544331|0000000000006000|0000000000195000|0000000000006000|0000000000197000|100.00
06032026|544332|0000000000010400|0000000002705040|0000000000013600|0000000003591620|076.47
06032026|544333|0000000000011142|0000000001345954|0000000000015864|0000000001923473|070.23
06032026|544334|0000000000005250|0000000000326813|0000000000006000|0000000000380310|087.50
06032026|544335|0000000000018000|0000000001749060|0000000000021000|0000000002059710|085.71
06032026|544336|0000000000012263|0000000003558110|0000000000020389|0000000005879190|060.15
06032026|544337|0000000000004000|0000000001145000|0000000000004000|0000000001145000|100.00
06032026|544338|0000000000073468|0000000005106026|0000000000076108|0000000005292084|096.53
06032026|544339|0000000000002975|0000000000542938|0000000000004366|0000000000793950|068.14
06032026|544340|0000000000035200|0000000001436160|0000000000035200|0000000001457952|100.00
06032026|544341|0000000000057600|0000000001405440|0000000000081600|0000000002030464|070.59
06032026|544342|0000000003513762|0000000380540425|0000000003513768|0000000380541074|100.00
06032026|544343|0000000000022000|0000000001925000|0000000000022000|0000000001928680|100.00
06032026|544344|0000000000001784|0000000005224088|0000000000003723|0000000010952160|047.92
06032026|544345|0000000000003668|0000000000851893|0000000000005775|0000000001352585|063.52
06032026|544346|0000000000005307|0000000000755232|0000000000005307|0000000000755232|100.00
06032026|544347|0000000000001600|0000000000520000|0000000000001600|0000000000520000|100.00
06032026|544348|0000000000006000|0000000000234180|0000000000006000|0000000000224352|100.00
06032026|544349|0000000000016000|0000000000737920|0000000000017600|0000000000865696|090.91
06032026|544350|0000000000002644|0000000001167855|0000000000005679|0000000002520138|046.56
06032026|544351|0000000000004800|0000000000330336|0000000000004800|0000000000330320|100.00
06032026|544352|0000000000000223|0000000000009003|0000000000000251|0000000000010187|088.84
06032026|544353|0000000000002400|0000000000086040|0000000000006000|0000000000214608|040.00
06032026|544354|0000000000009900|0000000001479060|0000000000015900|0000000002402910|062.26
06032026|544355|0000000000000110|0000000000202180|0000000000000112|0000000000206884|098.21
06032026|544356|0000000000006338|0000000003110691|0000000000012619|0000000006232610|050.23
06032026|544361|0000000000003113|0000000000533256|0000000000003113|0000000000533256|100.00
06032026|544362|0000000000007204|0000000003313120|0000000000016310|0000000007557305|044.17
06032026|544363|0000000000000116|0000000000017992|0000000000000117|0000000000018191|099.15
06032026|544364|0000000000001474|0000000000340273|0000000000001637|0000000000377703|090.04
06032026|544365|0000000000004000|0000000000156000|0000000000004000|0000000000156000|100.00
06032026|544367|0000000000009558|0000000007955124|0000000000022422|0000000018715805|042.63
06032026|544368|0000000000010800|0000000000182520|0000000000010800|0000000000183672|100.00
06032026|544369|0000000000043200|0000000008938080|0000000000059200|0000000012334000|072.97
06032026|544370|0000000000000600|0000000000122550|0000000000000600|0000000000122550|100.00
06032026|544371|0000000000002703|0000000000166667|0000000000003011|0000000000181951|089.77
06032026|544372|0000000000009000|0000000000107100|0000000000009000|0000000000107340|100.00
06032026|544373|0000000000009600|0000000000364800|0000000000009600|0000000000356960|100.00
06032026|544375|0000000000002914|0000000000447707|0000000000004454|0000000000688201|065.42
06032026|544376|0000000000000342|0000000000013999|0000000000000342|0000000000014058|100.00
06032026|544377|0000000000005043|0000000000065509|0000000000005543|0000000000072127|090.98
06032026|544378|0000000000003000|0000000000169560|0000000000003000|0000000000169720|100.00
06032026|544379|0000000000000416|0000000000066144|0000000000000537|0000000000087096|077.47
06032026|544381|0000000000001200|0000000000039960|0000000000001200|0000000000039960|100.00
06032026|544382|0000000000001803|0000000000060058|0000000000001822|0000000000061157|098.96
06032026|544383|0000000000013200|0000000002070420|0000000000020400|0000000003131520|064.71
06032026|544384|0000000000333581|0000000008729815|0000000000686880|0000000018134331|048.56
06032026|544385|0000000000001980|0000000000104921|0000000000002324|0000000000124275|085.20
06032026|544386|0000000000000100|0000000000141510|0000000000000101|0000000000145415|099.01
06032026|544387|0000000000011000|0000000001683000|0000000000012500|0000000001918450|088.00
06032026|544388|0000000000072000|0000000005345280|0000000000098000|0000000006715540|073.47
06032026|544389|0000000000010114|0000000002555201|0000000000014269|0000000003668672|070.88
06032026|544390|0000000000006544|0000000019109135|0000000000012890|0000000037236195|050.77
06032026|544392|0000000000002000|0000000000130000|0000000000002000|0000000000130000|100.00
06032026|544393|0000000000003200|0000000000084000|0000000000003200|0000000000083936|100.00
06032026|544394|0000000000001165|0000000000034484|0000000000001204|0000000000036151|096.76
06032026|544395|0000000000153936|0000000002990977|0000000000195778|0000000003815980|078.63
06032026|544396|0000000000002814|0000000002974117|0000000000004284|0000000004492530|065.69
06032026|544397|0000000000018454|0000000012407547|0000000000036704|0000000024980050|050.28
06032026|544399|0000000000003600|0000000000284400|0000000000003600|0000000000282684|100.00
06032026|544402|0000000000003624|0000000001413360|0000000000004388|0000000001703801|082.59
06032026|544403|0000000000035492|0000000003621959|0000000000064434|0000000006599529|055.08
06032026|544404|0000000000001365|0000000000531196|0000000000001365|0000000000531196|100.00
06032026|544405|0000000000809658|0000000159462144|0000000001535506|0000000301968408|052.73
06032026|544406|0000000000006000|0000000002036400|0000000000007200|0000000002456400|083.33
06032026|544407|0000000000039316|0000000007859269|0000000000137761|0000000027053480|028.54
06032026|544408|0000000000001400|0000000000606760|0000000000002022|0000000000873607|069.24
06032026|544409|0000000000002000|0000000000318000|0000000000004000|0000000000635800|050.00
06032026|544410|0000000000007360|0000000000961216|0000000000014261|0000000001877626|051.61
06032026|544411|0000000000006357|0000000000782229|0000000000007528|0000000000942480|084.44
06032026|544412|0000000000015000|0000000000276750|0000000000027000|0000000000505410|055.56
06032026|544413|0000000000008260|0000000000715895|0000000000014103|0000000001230868|058.57
06032026|544414|0000000000007658|0000000000399135|0000000000012816|0000000000653165|059.75
06032026|544415|0000000000006074|0000000000247212|0000000000006419|0000000000257320|094.63
06032026|544416|0000000000000425|0000000000133663|0000000000000425|0000000000132635|100.00
06032026|544417|0000000000004800|0000000000093120|0000000000004800|0000000000095520|100.00
06032026|544418|0000000000018786|0000000005680887|0000000000035650|0000000010869240|052.70
06032026|500002|0000000000003637|0000000022061679|0000000000008409|0000000050858746|043.25
06032026|500003|0000000000006886|0000000004575059|0000000000017910|0000000012058368|038.45
06032026|500008|0000000000007808|0000000006304570|0000000000019303|0000000015581161|040.45
06032026|500009|0000000000071767|0000000001796329|0000000000080946|0000000002021346|088.66
06032026|500012|0000000000021758|0000000000892078|0000000000026905|0000000001102372|080.87
06032026|500013|0000000000011152|0000000000043937|0000000000011152|0000000000043937|100.00
06032026|500014|0000000000013185|0000000000054191|0000000000017413|0000000000072671|075.72
06032026|500016|0000000000013482|0000000000098015|0000000000013623|0000000000099273|098.96
06032026|500020|0000000000022539|0000000002412800|0000000000035841|0000000003849832|062.89
06032026|500023|0000000000001378|0000000000406786|0000000000006424|0000000001849312|021.45
06032026|500027|0000000000000123|0000000000789691|0000000000000211|0000000001369158|058.29
06032026|500028|0000000000004603|0000000000150058|0000000000005681|0000000000186270|081.02
06032026|500031|0000000000001305|0000000000465429|0000000000002381|0000000000853684|054.81
06032026|500032|0000000000245237|0000000003943411|0000000000421441|0000000006866080|058.19
06032026|500033|0000000000006574|0000000140245115|0000000000017771|0000000376297996|036.99
06032026|500034|0000000000183835|0000000174643250|0000000000256191|0000000244385832|071.76
06032026|500038|0000000000007504|0000000003607924|0000000000016833|0000000008140717|044.58
06032026|500039|0000000000006247|0000000003637941|0000000000013076|0000000007629372|047.77
06032026|500040|0000000000002792|0000000003437930|0000000000004670|0000000005760581|059.79
06032026|500041|0000000000000010|0000000000035878|0000000000000010|0000000000035964|100.00
06032026|500042|0000000000000440|0000000001512632|0000000000001174|0000000004057985|037.48
06032026|500043|0000000000002277|0000000001693633|0000000000009214|0000000006863237|024.71
06032026|500048|0000000000015712|0000000025979792|0000000000050527|0000000085020468|031.10
06032026|500049|0000000000801567|0000000375413905|0000000001982992|0000000931118265|040.42
06032026|500051|0000000000001001|0000000000001022|0000000000001001|0000000000001021|100.00
06032026|500052|0000000000013200|0000000001032372|0000000000018441|0000000001448140|071.58
06032026|500058|0000000000019905|0000000000231641|0000000000019905|0000000000231641|100.00
06032026|500059|0000000000001372|0000000000008662|0000000000001372|0000000000008662|100.00
06032026|500060|0000000000001911|0000000000266394|0000000000002264|0000000000322347|084.41
06032026|500067|0000000000019511|0000000038013282|0000000000089661|0000000175298990|021.76
06032026|500068|0000000000000287|0000000003439997|0000000000000310|0000000003740079|092.58
06032026|500069|0000000000000285|0000000000074015|0000000000000323|0000000000083891|088.24
06032026|500074|0000000000004014|0000000000215512|0000000000005637|0000000000304809|071.21
06032026|500078|0000000000000574|0000000000142496|0000000000000734|0000000000181946|078.20
06032026|500083|0000000000079449|0000000001669224|0000000000151429|0000000003285126|052.47
06032026|500084|0000000000031030|0000000004764657|0000000000081648|0000000012684727|038.00
06032026|500085|0000000000010275|0000000004401297|0000000000023701|0000000010199503|043.35
06032026|500086|0000000000023099|0000000007296975|0000000000047500|0000000015173279|048.63
06032026|500087|0000000000005220|0000000006899535|0000000000012066|0000000015966266|043.26
06032026|500089|0000000000000021|0000000000011105|0000000000000022|0000000000011624|095.45
06032026|500092|0000000000000626|0000000002684758|0000000000001164|0000000004997019|053.78
06032026|500093|0000000000308059|0000000220493230|0000000000420192|0000000301187223|073.31
06032026|500096|0000000000012677|0000000006071016|0000000000023384|0000000011254037|054.21
06032026|500097|0000000000001850|0000000000570263|0000000000002575|0000000000801030|071.84
06032026|500101|0000000000006054|0000000002080458|0000000000012019|0000000004155729|050.37
06032026|500103|0000000000113797|0000000029462044|0000000000327996|0000000085812399|034.69
06032026|500104|0000000000067777|0000000027466630|0000000000219787|0000000090384684|030.84
06032026|500106|0000000000392466|0000000021409021|0000000001018403|0000000055898549|038.54
06032026|500108|0000000000058178|0000000001573715|0000000000149610|0000000004100382|038.89
06032026|500109|0000000000682070|0000000140745145|0000000001583557|0000000326625408|043.07
06032026|500110|0000000000096049|0000000096721343|0000000000258670|0000000261285354|037.13
06032026|500112|0000000000618729|0000000707547548|0000000001029014|0000001185955169|060.13
06032026|500113|0000000001619255|0000000253089557|0000000002509317|0000000391626596|064.53
06032026|500114|0000000000008186|0000000034711915|0000000000020166|0000000086062660|040.59
06032026|500116|0000000000193245|0000000021034719|0000000000323137|0000000035428229|059.80
06032026|500117|0000000000051787|0000000002268271|0000000000065946|0000000002905712|078.53
06032026|500119|0000000000006448|0000000000783432|0000000000010325|0000000001286847|062.45
06032026|500120|0000000000001431|0000000000324050|0000000000002283|0000000000518092|062.68
06032026|500123|0000000000002066|0000000016493911|0000000000002815|0000000022871855|073.39
06032026|500124|0000000000016225|0000000021155778|0000000000050229|0000000065554711|032.30
06032026|500125|0000000000003621|0000000002983161|0000000000008156|0000000006765031|044.40
06032026|500126|0000000000000162|0000000000790674|0000000000000273|0000000001332536|059.34
06032026|500128|0000000000038837|0000000002459936|0000000000063428|0000000004082718|061.23
06032026|500133|0000000000000033|0000000000177351|0000000000000145|0000000000776336|022.76
06032026|500135|0000000000008227|0000000001639230|0000000000013752|0000000002741775|059.82
06032026|500136|0000000000000789|0000000000077204|0000000000001223|0000000000119917|064.51
06032026|500142|0000000000005276|0000000000047432|0000000000005276|0000000000048327|100.00
06032026|500143|0000000000010320|0000000005992795|0000000000010320|0000000005992795|100.00
06032026|500144|0000000000132640|0000000128554688|0000000000227369|0000000217792206|058.34
06032026|500147|0000000000001006|0000000004867582|0000000000001661|0000000008056331|060.57
06032026|500148|0000000000000236|0000000000108832|0000000000000286|0000000000131901|082.52
06032026|500150|0000000000000008|0000000000041130|0000000000000009|0000000000046623|088.89
06032026|500151|0000000000000120|0000000000003582|0000000000000120|0000000000003582|100.00
06032026|500153|0000000000006696|0000000000533538|0000000000008540|0000000000685802|078.41
06032026|500159|0000000000000094|0000000000009885|0000000000000103|0000000000010985|091.26
06032026|500160|0000000000118276|0000000000813739|0000000000120948|0000000000839698|097.79
06032026|500163|0000000000019191|0000000039295492|0000000000049083|0000000101495299|039.10
06032026|500164|0000000000002086|0000000001955000|0000000000003601|0000000003370867|057.93
06032026|500165|0000000000016721|0000000003165286|0000000000025735|0000000004917264|064.97
06032026|500166|0000000000002040|0000000000305082|0000000000002202|0000000000332399|092.64
06032026|500168|0000000000001706|0000000001349958|0000000000002788|0000000002214009|061.19
06032026|500170|0000000000000370|0000000000008226|0000000000000370|0000000000008225|100.00
06032026|500171|0000000000001391|0000000000639930|0000000000002596|0000000001205195|053.58
06032026|500173|0000000000003630|0000000000156962|0000000000007379|0000000000320789|049.19
06032026|500174|0000000000000304|0000000000001982|0000000000000304|0000000000001982|100.00
06032026|500179|0000000000065011|0000000000814588|0000000000068271|0000000000861454|095.22
06032026|500180|0000000003061580|0000002624080218|0000000003384852|0000002919038653|090.45
06032026|500182|0000000000004277|0000000023559000|0000000000008792|0000000048588882|048.65
06032026|500183|0000000001809134|0000000126187097|0000000002105474|0000000146997177|085.93
06032026|500184|0000000000027874|0000000012576749|0000000000072193|0000000032647237|038.61
06032026|500185|0000000005892136|0000000094333098|0000000006687275|0000000108120476|088.11
06032026|500186|0000000000033893|0000000005312728|0000000000063261|0000000009783024|053.58
06032026|500187|0000000000009284|0000000004642000|0000000000011468|0000000005757362|080.96
06032026|500188|0000000000174654|0000000102478235|0000000000316240|0000000187086846|055.23
06032026|500189|0000000000001017|0000000000114159|0000000000001021|0000000000114657|099.61
06032026|500191|0000000000013346|0000000000926965|0000000000013346|0000000000926965|100.00
06032026|500192|0000000000002443|0000000000004422|0000000000003078|0000000000005573|079.37
06032026|500193|0000000000017300|0000000000134594|0000000000019566|0000000000153846|088.42
06032026|500199|0000000000000687|0000000000228909|0000000000000908|0000000000302535|075.66
06032026|500201|0000000000001979|0000000001669584|0000000000004789|0000000004114255|041.32
06032026|500202|0000000000000473|0000000000003903|0000000000000532|0000000000004037|088.91
06032026|500207|0000000000003420|0000000000117717|0000000000005282|0000000000182250|064.75
06032026|500209|0000000000108184|0000000141531718|0000000000222654|0000000292768229|048.59
06032026|500210|0000000000000192|0000000000744096|0000000000000361|0000000001399522|053.19
06032026|500213|0000000000003803|0000000001258984|0000000000004393|0000000001472513|086.57
06032026|500214|0000000000005432|0000000001885719|0000000000009034|0000000003178433|060.13
06032026|500215|0000000000000393|0000000000247374|0000000000000558|0000000000354090|070.43
06032026|500219|0000000000038935|0000000001356885|0000000000073038|0000000002548214|053.31
06032026|500220|0000000000001259|0000000000202133|0000000000001436|0000000000233057|087.67
06032026|500227|0000000000028734|0000000022099320|0000000000058635|0000000044232049|049.00
06032026|500228|0000000000014567|0000000017980777|0000000000025056|0000000031099262|058.14
06032026|500233|0000000000004051|0000000003789711|0000000000007646|0000000007165334|052.98
06032026|500234|0000000000000001|0000000000000108|0000000000000001|0000000000000107|100.00
06032026|500235|0000000000000565|0000000000410360|0000000000000859|0000000000618232|065.77
06032026|500238|0000000000006491|0000000005811068|0000000000013748|0000000012479302|047.21
06032026|500239|0000000000002737|0000000000043136|0000000000002763|0000000000043765|099.06
06032026|500240|0000000000014951|0000000003576280|0000000000015625|0000000003814168|095.69
06032026|500241|0000000000058311|0000000095615463|0000000000166735|0000000269698745|034.97
06032026|500243|0000000000000107|0000000000313789|0000000000000139|0000000000408518|076.98
06032026|500245|0000000000026673|0000000010614521|0000000000051581|0000000020199466|051.71
06032026|500246|0000000000000788|0000000000038085|0000000000001256|0000000000064167|062.74
06032026|500247|0000000000149527|0000000059803324|0000000000214308|0000000086090105|069.77
06032026|500248|0000000000000050|0000000000000294|0000000000000050|0000000000000294|100.00
06032026|500249|0000000000003986|0000000003017402|0000000000007211|0000000005449598|055.28
06032026|500250|0000000000000394|0000000000723719|0000000000000704|0000000001306561|055.97
06032026|500251|0000000000005905|0000000021981363|0000000000011740|0000000044270663|050.30
06032026|500252|0000000000000135|0000000002006478|0000000000000178|0000000002635920|075.84
06032026|500253|0000000000016017|0000000008196700|0000000000031289|0000000016197683|051.19
06032026|500257|0000000000008028|0000000018821245|0000000000018759|0000000044033927|042.80
06032026|500259|0000000000001688|0000000000101854|0000000000001982|0000000000121381|085.17
06032026|500260|0000000000001011|0000000001102142|0000000000002942|0000000003220608|034.36
06032026|500262|0000000000000397|0000000000007496|0000000000000419|0000000000007850|094.75
06032026|500264|0000000000007979|0000000000994184|0000000000010615|0000000001331372|075.17
06032026|500265|0000000000001567|0000000000869764|0000000000003198|0000000001775049|049.00
06032026|500266|0000000000000167|0000000002197027|0000000000000366|0000000004842177|045.63
06032026|500267|0000000000001314|0000000000383951|0000000000001416|0000000000414697|092.80
06032026|500268|0000000000015554|0000000000802742|0000000000018847|0000000000977521|082.53
06032026|500270|0000000000000059|0000000000006375|0000000000000092|0000000000010020|064.13
06032026|500271|0000000000003341|0000000005683710|0000000000009471|0000000016271860|035.28
06032026|500277|0000000000001700|0000000000010455|0000000000001700|0000000000010500|100.00
06032026|500279|0000000000078040|0000000002010311|0000000000133482|0000000003493993|058.46
06032026|500280|0000000000000566|0000000000236645|0000000000000568|0000000000237450|099.65
06032026|500282|0000000000011649|0000000000624270|0000000000024841|0000000001293691|046.89
06032026|500284|0000000000006573|0000000000821625|0000000000006673|0000000000833688|098.50
06032026|500285|0000000010390913|0000000145472782|0000000015199051|0000000214164194|068.37
06032026|500288|0000000000136786|0000000005445451|0000000000200375|0000000008106965|068.26
06032026|500290|0000000000000098|0000000013599607|0000000000000229|0000000031989270|042.79
06032026|500292|0000000000001935|0000000000300796|0000000000003240|0000000000506454|059.72
06032026|500294|0000000000081875|0000000011556657|0000000000130904|0000000018780650|062.55
06032026|500295|0000000000410158|0000000295805950|0000000000851917|0000000613159550|048.15
06032026|500296|0000000000000257|0000000000050000|0000000000000446|0000000000087391|057.62
06032026|500298|0000000000002065|0000000001274725|0000000000002174|0000000001340934|094.99
06032026|500300|0000000000003743|0000000010168983|0000000000008883|0000000024278785|042.14
06032026|500304|0000000000010075|0000000000658301|0000000000016713|0000000001106590|060.28
06032026|500306|0000000000008851|0000000001269234|0000000000017538|0000000002505997|050.47
06032026|500307|0000000000002680|0000000001325260|0000000000004067|0000000002014665|065.90
06032026|500312|0000000000765536|0000000213507991|0000000001799169|0000000498160964|042.55
06032026|500313|0000000000003899|0000000000183682|0000000000005946|0000000000278866|065.57
06032026|500314|0000000000005333|0000000000494370|0000000000006477|0000000000603942|082.34
06032026|500317|0000000000000464|0000000000020797|0000000000000535|0000000000024066|086.73
06032026|500319|0000000000002686|0000000000190787|0000000000002758|0000000000198560|097.39
06032026|500322|0000000000000411|0000000000049454|0000000000000411|0000000000049454|100.00
06032026|500325|0000000000693923|0000000975100600|0000000001104703|0000001559790557|062.82
06032026|500327|0000000000004627|0000000000038405|0000000000004904|0000000000040978|094.35
06032026|500330|0000000000012192|0000000004640885|0000000000029433|0000000011261739|041.42
06032026|500331|0000000000003280|0000000004704668|0000000000007116|0000000010271874|046.09
06032026|500333|0000000000000305|0000000000442769|0000000000000403|0000000000586708|075.68
06032026|500335|0000000000001916|0000000001657245|0000000000003122|0000000002729614|061.37
06032026|500336|0000000000003366|0000000000706187|0000000000005826|0000000001234405|057.78
06032026|500338|0000000000003594|0000000000450149|0000000000005777|0000000000725929|062.21
06032026|500339|0000000000015339|0000000002038554|0000000000044003|0000000005971576|034.86
06032026|500342|0000000000001343|0000000000021005|0000000000001569|0000000000024852|085.60
06032026|500343|0000000000000457|0000000000017910|0000000000000541|0000000000021432|084.47
06032026|500346|0000000000001111|0000000000061217|0000000000001262|0000000000068147|088.03
06032026|500350|0000000000000984|0000000000142385|0000000000002200|0000000000320698|044.73
06032026|500354|0000000000001765|0000000000048979|0000000000004385|0000000000117356|040.25
06032026|500355|0000000000011461|0000000002952354|0000000000021039|0000000005481795|054.48
06032026|500356|0000000000007121|0000000000256641|0000000000013835|0000000000513810|051.47
06032026|500357|0000000000002057|0000000000026984|0000000000002057|0000000000026984|100.00
06032026|500360|0000000000001226|0000000000179151|0000000000001226|0000000000179151|100.00
06032026|500365|0000000000085404|0000000003124933|0000000000142222|0000000005193973|060.05
06032026|500367|0000000000000123|0000000000007976|0000000000000134|0000000000008704|091.79
06032026|500368|0000000000062818|0000000031443550|0000000000096799|0000000048459409|064.90
06032026|500370|0000000000000177|0000000000005541|0000000000000179|0000000000005385|098.88
06032026|500371|0000000000000355|0000000000005503|0000000000000355|0000000000005503|100.00
06032026|500378|0000000000033469|0000000005577609|0000000000063209|0000000010698884|052.95
06032026|500380|0000000000002363|0000000001508067|0000000000004188|0000000002699021|056.42
06032026|500387|0000000000001189|0000000029581607|0000000000001430|0000000035964917|083.15
06032026|500388|0000000000001671|0000000000174650|0000000000001671|0000000000174650|100.00
06032026|500389|0000000000086180|0000000001439206|0000000000086180|0000000001439206|100.00
06032026|500390|0000000000194296|0000000017997510|0000000000194296|0000000017997510|100.00
06032026|500400|0000000000247474|0000000092914114|0000000000416415|0000000158488845|059.43
06032026|500402|0000000000026285|0000000004548620|0000000000064194|0000000011343042|040.95
06032026|500403|0000000000002780|0000000002361888|0000000000005450|0000000004632530|051.01
06032026|500404|0000000000004187|0000000000990226|0000000000004579|0000000001096121|091.44
06032026|500405|0000000000005014|0000000003348600|0000000000006747|0000000004537171|074.31
06032026|500407|0000000000000488|0000000001688529|0000000000000708|0000000002454722|068.93
06032026|500408|0000000000010771|0000000046635738|0000000000019236|0000000084341511|055.99
06032026|500410|0000000000005890|0000000008842657|0000000000011227|0000000016953711|052.46
06032026|500411|0000000000003586|0000000011329430|0000000000006958|0000000021939000|051.54
06032026|500412|0000000000025442|0000000004208107|0000000000042704|0000000007083598|059.58
06032026|500413|0000000000024166|0000000002231731|0000000000038251|0000000003562988|063.18
06032026|500414|0000000000279534|0000000076005295|0000000000334744|0000000090946690|083.51
06032026|500418|0000000000000191|0000000000014748|0000000000000216|0000000000016449|088.43
06032026|500420|0000000000003620|0000000015595141|0000000000006204|0000000026788422|058.35
06032026|500421|0000000000005520|0000000000095938|0000000000015520|0000000000265454|035.57
06032026|500422|0000000000000037|0000000000006306|0000000000000037|0000000000006306|100.00
06032026|500425|0000000000050466|0000000023552483|0000000000091781|0000000043372514|054.99
06032026|500426|0000000000034629|0000000000054368|0000000000035431|0000000000055471|097.74
06032026|500429|0000000000000090|0000000000009270|0000000000000090|0000000000009358|100.00
06032026|500439|0000000000000021|0000000000068376|0000000000000023|0000000000073753|091.30
06032026|500440|0000000000129806|0000000124438522|0000000000274991|0000000263432831|047.20
06032026|500444|0000000000001733|0000000000677777|0000000000001865|0000000000732599|092.92
06032026|500449|0000000000052331|0000000001518123|0000000000060048|0000000001759602|087.15
06032026|500450|0000000000000028|0000000000010601|0000000000000041|0000000000016015|068.29
06032026|500456|0000000000004527|0000000000218202|0000000000005131|0000000000249919|088.23
06032026|500458|0000000000002192|0000000000066944|0000000000002549|0000000000077949|085.99
06032026|500459|0000000000000385|0000000004187626|0000000000000539|0000000005908068|071.43
06032026|500460|0000000000001535|0000000000190340|0000000000001921|0000000000239359|079.91
06032026|500463|0000000000003983|0000000002038301|0000000000007832|0000000004025872|050.86
06032026|500464|0000000000000416|0000000000042308|0000000000000549|0000000000055337|075.77
06032026|500467|0000000000000414|0000000000074790|0000000000000437|0000000000078096|094.74
06032026|500469|0000000000030872|0000000008847916|0000000000088695|0000000025615928|034.81
06032026|500470|0000000000734454|0000000145789119|0000000001530974|0000000305845559|047.97
06032026|500472|0000000000001138|0000000001859606|0000000000002071|0000000003403888|054.95
06032026|500477|0000000000434691|0000000084569135|0000000000782022|0000000154915384|055.59
06032026|500480|0000000000004670|0000000022427208|0000000000014293|0000000069255621|032.67
06032026|500483|0000000000005501|0000000008011382|0000000000014319|0000000021170183|038.42
06032026|500488|0000000000000226|0000000006180016|0000000000000361|0000000009886840|062.60
06032026|500490|0000000000001380|0000000014557827|0000000000001971|0000000020862471|070.02
06032026|500493|0000000000025929|0000000049877025|0000000000068280|0000000130695088|037.97
06032026|500495|0000000000001514|0000000004977503|0000000000002866|0000000009536464|052.83
06032026|500500|0000000000189364|0000000002830992|0000000000232499|0000000003489681|081.45
06032026|500510|0000000000040487|0000000159877090|0000000000097217|0000000385044702|041.65
06032026|500520|0000000000273627|0000000912190330|0000000000295580|0000000987031403|092.57
06032026|500530|0000000000000490|0000000016342260|0000000000001286|0000000042772228|038.10
06032026|500540|0000000000003403|0000000000010432|0000000000003403|0000000000010432|100.00
06032026|500547|0000000000261797|0000000092335802|0000000000540416|0000000191913037|048.44
06032026|500550|0000000000006743|0000000022013873|0000000000017117|0000000056151636|039.39
06032026|500570|0000000000200221|0000000070217505|0000000000400494|0000000140824596|049.99
06032026|500575|0000000000005384|0000000007959437|0000000000015540|0000000022932444|034.65
06032026|500620|0000000000036935|0000000052211316|0000000000069620|0000000098896726|053.05
06032026|500645|0000000000004946|0000000004756321|0000000000010286|0000000009863368|048.08
06032026|500650|0000000000000538|0000000000483340|0000000000000789|0000000000708993|068.19
06032026|500655|0000000000001205|0000000004882239|0000000000001847|0000000007505708|065.24
06032026|500660|0000000000000769|0000000001932305|0000000000001152|0000000002888843|066.75
06032026|500670|0000000000005676|0000000002448059|0000000000008207|0000000003555650|069.16
06032026|500672|0000000000007129|0000000006633179|0000000000008148|0000000007566805|087.49
06032026|500674|0000000000000834|0000000003157149|0000000000001036|0000000003944704|080.50
06032026|500680|0000000000000977|0000000004736106|0000000000001369|0000000006672368|071.37
06032026|500690|0000000000016632|0000000002617046|0000000000032919|0000000005217813|050.52
06032026|500696|0000000000038045|0000000084691975|0000000000061648|0000000137443532|061.71
06032026|500710|0000000000000913|0000000002527732|0000000000001946|0000000005484403|046.92
06032026|500730|0000000000005258|0000000000712722|0000000000009349|0000000001270819|056.24
06032026|500770|0000000000012491|0000000008833636|0000000000025654|0000000018253163|048.69
06032026|500777|0000000000003568|0000000000303173|0000000000004159|0000000000353494|085.79
06032026|500780|0000000000001421|0000000000350703|0000000000001890|0000000000469656|075.19
06032026|500790|0000000000012749|0000000015966848|0000000000023304|0000000029224863|054.71
06032026|500800|0000000000006815|0000000007610992|0000000000011852|0000000013261438|057.50
06032026|500820|0000000000017564|0000000040042408|0000000000037564|0000000085800631|046.76
06032026|500825|0000000000002766|0000000016556032|0000000000003914|0000000023409283|070.67
06032026|500830|0000000000003023|0000000006661181|0000000000006089|0000000013436866|049.65
06032026|500840|0000000000013478|0000000004434936|0000000000032554|0000000010678111|041.40
06032026|500850|0000000000742842|0000000463310556|0000000000800958|0000000500040087|092.74
06032026|500870|0000000000056809|0000000010606241|0000000000095947|0000000017929133|059.21
06032026|500875|0000000000584917|0000000181178041|0000000000967350|0000000300245399|060.47
06032026|500877|0000000000022675|0000000009974733|0000000000041081|0000000018109891|055.20
06032026|500878|0000000000001538|0000000005318020|0000000000004050|0000000013945912|037.98
06032026|500890|0000000000000271|0000000000029567|0000000000000271|0000000000030181|100.00
06032026|500940|0000000000014237|0000000002660896|0000000000021999|0000000004152866|064.72
06032026|501148|0000000000000026|0000000000010754|0000000000000026|0000000000010754|100.00
06032026|501150|0000000000015197|0000000000343453|0000000000018452|0000000000411764|082.36
06032026|501242|0000000000002168|0000000000030697|0000000000002168|0000000000030697|100.00
06032026|501295|0000000000000312|0000000000039968|0000000000000363|0000000000046745|085.95
06032026|501298|0000000000000203|0000000001049510|0000000000000204|0000000001065559|099.51
06032026|501301|0000000000022939|0000000014721104|0000000000051492|0000000033409226|044.55
06032026|501314|0000000000086807|0000000000054689|0000000000109053|0000000000069816|079.60
06032026|501343|0000000000001612|0000000000033385|0000000000015996|0000000000332541|010.08
06032026|501351|0000000000000003|0000000000000229|0000000000000003|0000000000000228|100.00
06032026|501370|0000000000000227|0000000000023733|0000000000000227|0000000000023727|100.00
06032026|501391|0000000000000279|0000000000146992|0000000000000424|0000000000223073|065.80
06032026|501421|0000000000000077|0000000000475475|0000000000000088|0000000000512864|087.50
06032026|501423|0000000000005754|0000000011018335|0000000000012215|0000000023337070|047.11
06032026|501425|0000000000000214|0000000000347098|0000000000000564|0000000000909801|037.94
06032026|501430|0000000000000003|0000000000005163|0000000000000003|0000000000005141|100.00
06032026|501455|0000000000032791|0000000005049814|0000000000066783|0000000010270964|049.10
06032026|501477|0000000000000011|0000000000002563|0000000000000011|0000000000002457|100.00
06032026|501700|0000000000005886|0000000000045676|0000000000006988|0000000000054444|084.23
06032026|501831|0000000000007053|0000000000300312|0000000000007053|0000000000300312|100.00
06032026|501833|0000000000007297|0000000000135506|0000000000007413|0000000000138103|098.44
06032026|501848|0000000000119758|0000000005737606|0000000000121363|0000000005792138|098.68
06032026|501945|0000000000020767|0000000000150040|0000000000020767|0000000000150040|100.00
06032026|502015|0000000000004263|0000000000108750|0000000000005495|0000000000140608|077.58
06032026|502090|0000000000000760|0000000000141170|0000000000001044|0000000000192077|072.80
06032026|502137|0000000000000628|0000000000427731|0000000000000723|0000000000495257|086.86
06032026|502157|0000000000000521|0000000000443945|0000000000000923|0000000000791894|056.45
06032026|502168|0000000000000111|0000000000019758|0000000000000114|0000000000020326|097.37
06032026|502175|0000000000006653|0000000000416345|0000000000007746|0000000000490633|085.89
06032026|502180|0000000000016252|0000000001058493|0000000000018510|0000000001214060|087.80
06032026|502219|0000000000003708|0000000001613907|0000000000010109|0000000004479376|036.68
06032026|502250|0000000000000012|0000000000006993|0000000000000012|0000000000006993|100.00
06032026|502281|0000000000023787|0000000000161514|0000000000037494|0000000000247917|063.44
06032026|502330|0000000000002960|0000000000195094|0000000000003672|0000000000241556|080.61
06032026|502355|0000000000000814|0000000001834065|0000000000001767|0000000004004769|046.07
06032026|502420|0000000000017719|0000000000312386|0000000000019043|0000000000337349|093.05
06032026|502445|0000000000005923|0000000000234611|0000000000007941|0000000000312529|074.59
06032026|502448|0000000000237137|0000000000295619|0000000000237137|0000000000295619|100.00
06032026|502450|0000000000000233|0000000000060557|0000000000000242|0000000000063174|096.28
06032026|502587|0000000000000277|0000000000014247|0000000000000277|0000000000014330|100.00
06032026|502589|0000000000000033|0000000000003647|0000000000000040|0000000000004414|082.50
06032026|502820|0000000000000286|0000000000020298|0000000000000299|0000000000021207|095.65
06032026|502865|0000000000005031|0000000001591557|0000000000005087|0000000001606715|098.90
06032026|502873|0000000000000022|0000000000002277|0000000000000022|0000000000002276|100.00
06032026|502893|0000000000000002|0000000000000139|0000000000000004|0000000000000282|050.00
06032026|502901|0000000000000589|0000000000047403|0000000000000589|0000000000047202|100.00
06032026|502933|0000000000000253|0000000000025300|0000000000000253|0000000000024375|100.00
06032026|502937|0000000000090445|0000000000784400|0000000000090445|0000000000784400|100.00
06032026|502958|0000000000000062|0000000000458800|0000000000000063|0000000000456805|098.41
06032026|502986|0000000000008081|0000000004343942|0000000000015463|0000000008327791|052.26
06032026|503031|0000000000022442|0000000000377251|0000000000035331|0000000000604333|063.52
06032026|503092|0000000000001878|0000000000058951|0000000000001883|0000000000059219|099.73
06032026|503100|0000000000002756|0000000004420349|0000000000004356|0000000007005052|063.27
06032026|503101|0000000000001226|0000000000521173|0000000000001492|0000000000636006|082.17
06032026|503162|0000000000000216|0000000000025499|0000000000000249|0000000000029869|086.75
06032026|503169|0000000000006874|0000000001461757|0000000000009922|0000000002137797|069.28
06032026|503229|0000000000000456|0000000000059144|0000000000000456|0000000000059143|100.00
06032026|503310|0000000000024937|0000000008934928|0000000000045599|0000000016472910|054.69
06032026|503349|0000000000000002|0000000000012398|0000000000000002|0000000000012398|100.00
06032026|503624|0000000000015028|0000000000097682|0000000000017851|0000000000113204|084.19
06032026|503635|0000000000002002|0000000000657355|0000000000002002|0000000000657355|100.00
06032026|503639|0000000000000005|0000000000000061|0000000000000005|0000000000000061|100.00
06032026|503641|0000000000121998|0000000000197637|0000000000127355|0000000000205574|095.79
06032026|503657|0000000000003512|0000000000039897|0000000000003862|0000000000043572|090.94
06032026|503663|0000000003254010|0000000003058770|0000000004601165|0000000004245374|070.72
06032026|503675|0000000000037412|0000000000038909|0000000000037412|0000000000038908|100.00
06032026|503681|0000000000000071|0000000007153854|0000000000000129|0000000012996427|055.04
06032026|503685|0000000000000917|0000000000016187|0000000000000917|0000000000016187|100.00
06032026|503722|0000000000000512|0000000000056295|0000000000000533|0000000000058709|096.06
06032026|503804|0000000000000847|0000000000193963|0000000000000847|0000000000194132|100.00
06032026|503806|0000000000172745|0000000453015126|0000000000186768|0000000486177954|092.49
06032026|503811|0000000000002603|0000000001329353|0000000000003619|0000000001877199|071.93
06032026|503816|0000000000001454|0000000000051836|0000000000001839|0000000000064791|079.06
06032026|503837|0000000000000609|0000000000008429|0000000000000610|0000000000008375|099.84
06032026|503960|0000000000002402|0000000005616237|0000000000004631|0000000010945977|051.87
06032026|504000|0000000000006718|0000000000557930|0000000000008162|0000000000680070|082.31
06032026|504028|0000000000008166|0000000000546878|0000000000009299|0000000000616192|087.82
06032026|504036|0000000000001562|0000000002269586|0000000000003224|0000000004643795|048.45
06032026|504058|0000000000000181|0000000000056563|0000000000000188|0000000000059550|096.28
06032026|504067|0000000000005681|0000000003171987|0000000000012197|0000000006823106|046.58
06032026|504076|0000000000010613|0000000000661509|0000000000012658|0000000000787907|083.84
06032026|504080|0000000000000159|0000000000158110|0000000000000223|0000000000222820|071.30
06032026|504084|0000000000000594|0000000000478141|0000000000000805|0000000000652886|073.79
06032026|504092|0000000000002836|0000000001430363|0000000000002836|0000000001430363|100.00
06032026|504093|0000000000001249|0000000000367769|0000000000001384|0000000000410043|090.25
06032026|504112|0000000000004583|0000000002738572|0000000000009080|0000000005432242|050.47
06032026|504132|0000000000001369|0000000001003409|0000000000001821|0000000001340007|075.18
06032026|504176|0000000000016616|0000000009214403|0000000000017677|0000000009813683|094.00
06032026|504180|0000000000000769|0000000000032808|0000000000000769|0000000000032808|100.00
06032026|504212|0000000000000480|0000000000324312|0000000000000575|0000000000389698|083.48
06032026|504220|0000000000000847|0000000000059036|0000000000001089|0000000000075988|077.78
06032026|504240|0000000000001141|0000000000491315|0000000000001473|0000000000632704|077.46
06032026|504258|0000000000000819|0000000000620106|0000000000000972|0000000000743905|084.26
06032026|504273|0000000000020308|0000000000426666|0000000000020308|0000000000426666|100.00
06032026|504286|0000000000000077|0000000000004389|0000000000001083|0000000000061040|007.11
06032026|504340|0000000000004204|0000000000027663|0000000000004704|0000000000030963|089.37
06032026|504341|0000000000001117|0000000000155319|0000000000001369|0000000000189036|081.59
06032026|504351|0000000000868326|0000000001224340|0000000001404801|0000000001975302|061.81
06032026|504369|0000000000000131|0000000000000065|0000000000000131|0000000000000064|100.00
06032026|504378|0000000000347342|0000000000781520|0000000000396994|0000000000892067|087.49
06032026|504380|0000000000000300|0000000000012987|0000000000000332|0000000000014378|090.36
06032026|504392|0000000000005500|0000000000122887|0000000000005500|0000000000122887|100.00
06032026|504397|0000000000000070|0000000000005209|0000000000000070|0000000000005209|100.00
06032026|504605|0000000000000515|0000000001515053|0000000000000688|0000000002001696|074.85
06032026|504614|0000000000019702|0000000010905057|0000000000048019|0000000026646741|041.03
06032026|504646|0000000000001952|0000000001008013|0000000000002265|0000000001122098|086.18
06032026|504648|0000000000002448|0000000000110968|0000000000002503|0000000000114932|097.80
06032026|504731|0000000000007882|0000000000672650|0000000000012923|0000000001119844|060.99
06032026|504741|0000000000002279|0000000000723127|0000000000002489|0000000000778065|091.56
06032026|504746|0000000000000120|0000000000160542|0000000000000120|0000000000160542|100.00
06032026|504786|0000000000001887|0000000001030019|0000000000002499|0000000001376549|075.51
06032026|504810|0000000000000042|0000000000003444|0000000000000043|0000000000003449|097.67
06032026|504840|0000000000000082|0000000000107010|0000000000000082|0000000000107218|100.00
06032026|504879|0000000000007150|0000000000265122|0000000000007331|0000000000278176|097.53
06032026|504882|0000000000000115|0000000000150731|0000000000000170|0000000000221104|067.65
06032026|504903|0000000000070525|0000000001402037|0000000000093810|0000000001914477|075.18
06032026|504908|0000000000000111|0000000000045255|0000000000000122|0000000000049907|090.98
06032026|504918|0000000000013176|0000000002647718|0000000000028910|0000000005825696|045.58
06032026|504959|0000000000000564|0000000001054398|0000000000000581|0000000001085840|097.07
06032026|504973|0000000000489854|0000000781047711|0000000000495765|0000000788642753|098.81
06032026|504988|0000000000000096|0000000000066912|0000000000000104|0000000000073280|092.31
06032026|505010|0000000000000327|0000000000648033|0000000000000587|0000000001172898|055.71
06032026|505029|0000000000000246|0000000000021648|0000000000000346|0000000000032678|071.10
06032026|505036|0000000000001150|0000000001938900|0000000000001640|0000000002830483|070.12
06032026|505075|0000000000006408|0000000000118228|0000000000006583|0000000000119934|097.34
06032026|505160|0000000000001071|0000000000257415|0000000000001407|0000000000340510|076.12
06032026|505163|0000000000001892|0000000001363092|0000000000002312|0000000001691017|081.83
06032026|505192|0000000000001471|0000000006181216|0000000000003489|0000000014870751|042.16
06032026|505196|0000000000001676|0000000000337798|0000000000001726|0000000000353044|097.10
06032026|505200|0000000000003848|0000000029316566|0000000000009009|0000000068833785|042.71
06032026|505212|0000000000000362|0000000000040888|0000000000000494|0000000000056535|073.28
06032026|505216|0000000000000024|0000000000063327|0000000000000025|0000000000066701|096.00
06032026|505232|0000000000000065|0000000000060142|0000000000000092|0000000000086341|070.65
06032026|505242|0000000000000769|0000000008250948|0000000000001386|0000000014940888|055.48
06032026|505250|0000000000006382|0000000000430466|0000000000006509|0000000000434265|098.05
06032026|505255|0000000000021840|0000000019103448|0000000000023683|0000000020771823|092.22
06032026|505283|0000000000107890|0000000124855703|0000000000109297|0000000125733458|098.71
06032026|505299|0000000000000577|0000000000307888|0000000000000813|0000000000434651|070.97
06032026|505302|0000000000000002|0000000000003600|0000000000000002|0000000000003600|100.00
06032026|505324|0000000000000650|0000000000009256|0000000000001251|0000000000017830|051.96
06032026|505336|0000000001205975|0000000000458271|0000000001845041|0000000000712153|065.36
06032026|505343|0000000000570076|0000000000245133|0000000001976511|0000000000861761|028.84
06032026|505355|0000000000000927|0000000001006815|0000000000001542|0000000001682576|060.12
06032026|505358|0000000000009227|0000000001434799|0000000000010665|0000000001683831|086.52
06032026|505400|0000000000003437|0000000000309571|0000000000004763|0000000000433898|072.16
06032026|505412|0000000000000186|0000000001216124|0000000000000284|0000000001860852|065.49
06032026|505502|0000000000000205|0000000000000281|0000000000000205|0000000000000278|100.00
06032026|505504|0000000000033653|0000000010354339|0000000000033653|0000000010354339|100.00
06032026|505509|0000000000668923|0000000112947649|0000000000671658|0000000113119889|099.59
06032026|505515|0000000000010324|0000000000127502|0000000000012093|0000000000154205|085.37
06032026|505523|0000000000409015|0000000000134975|0000000000817790|0000000000266729|050.01
06032026|505526|0000000000010074|0000000000764919|0000000000013977|0000000001067755|072.08
06032026|505533|0000000000003334|0000000001639495|0000000000005600|0000000002738959|059.54
06032026|505537|0000000000083317|0000000006816997|0000000000233764|0000000019175061|035.64
06032026|505590|0000000000000015|0000000000000041|0000000000000015|0000000000000041|100.00
06032026|505650|0000000000005691|0000000000095609|0000000000005715|0000000000097655|099.58
06032026|505681|0000000000000017|0000000000009765|0000000000000025|0000000000014449|068.00
06032026|505688|0000000000000699|0000000000070634|0000000000000955|0000000000096900|073.19
06032026|505690|0000000000000338|0000000000256695|0000000000000359|0000000000276721|094.15
06032026|505693|0000000000029200|0000000000297548|0000000000039415|0000000000400508|074.08
06032026|505700|0000000000027946|0000000011459258|0000000000080192|0000000033572827|034.85
06032026|505710|0000000000063149|0000000003975862|0000000000083507|0000000005359007|075.62
06032026|505712|0000000000001879|0000000000363681|0000000000002423|0000000000467248|077.55
06032026|505714|0000000000008841|0000000008086863|0000000000018584|0000000017274398|047.57
06032026|505720|0000000000018191|0000000002220212|0000000000020510|0000000002520839|088.69
06032026|505725|0000000000112115|0000000006780716|0000000000232579|0000000014088447|048.21
06032026|505726|0000000000001234|0000000001328401|0000000000002192|0000000002389275|056.30
06032026|505729|0000000000059831|0000000004262959|0000000000075591|0000000005389032|079.15
06032026|505737|0000000000001559|0000000000668578|0000000000001595|0000000000680275|097.74
06032026|505744|0000000000000636|0000000000247532|0000000000000896|0000000000348131|070.98
06032026|505750|0000000000012788|0000000002996229|0000000000014392|0000000003393884|088.85
06032026|505790|0000000000002639|0000000011409981|0000000000006008|0000000026351284|043.92
06032026|505800|0000000000000061|0000000000075464|0000000000000065|0000000000079044|093.85
06032026|505827|0000000000000282|0000000000102930|0000000000000288|0000000000105485|097.92
06032026|505840|0000000000000501|0000000000012921|0000000000000503|0000000000012345|099.60
06032026|505850|0000000000001042|0000000000171462|0000000000006653|0000000001123560|015.66
06032026|505854|0000000000000336|0000000000080153|0000000000000430|0000000000102228|078.14
06032026|505872|0000000000015421|0000000005999541|0000000000025525|0000000009950845|060.42
06032026|505890|0000000000000647|0000000001498064|0000000000001111|0000000002559796|058.24
06032026|505893|0000000000000071|0000000000060098|0000000000000081|0000000000068700|087.65
06032026|505978|0000000000000335|0000000001110442|0000000000000397|0000000001319265|084.38
06032026|506003|0000000000000618|0000000000031747|0000000000000657|0000000000035311|094.06
06032026|506022|0000000000194146|0000000024248836|0000000000217163|0000000027404512|089.40
06032026|506076|0000000000176240|0000000276309072|0000000000177020|0000000276506184|099.56
06032026|506105|0000000000000215|0000000000013629|0000000000000271|0000000000017107|079.34
06032026|506109|0000000000032552|0000000008852517|0000000000068423|0000000018846378|047.57
06032026|506122|0000000000002876|0000000000133058|0000000000002876|0000000000133058|100.00
06032026|506128|0000000000002192|0000000000284303|0000000000002231|0000000000287849|098.25
06032026|506134|0000000000127826|0000000001356234|0000000000211704|0000000002231678|060.38
06032026|506146|0000000000104774|0000000000053435|0000000000119074|0000000000061405|087.99
06032026|506166|0000000000026288|0000000001569769|0000000000026288|0000000001569769|100.00
06032026|506180|0000000000000026|0000000000008680|0000000000000026|0000000000008680|100.00
06032026|506184|0000000000023286|0000000000031669|0000000000028896|0000000000039970|080.59
06032026|506186|0000000000031031|0000000000553283|0000000000032031|0000000000564228|096.88
06032026|506194|0000000000000262|0000000000065998|0000000000000264|0000000000065921|099.24
06032026|506197|0000000000026036|0000000005571704|0000000000043514|0000000009396703|059.83
06032026|506222|0000000000000540|0000000001009017|0000000000000665|0000000001241949|081.20
06032026|506235|0000000000009267|0000000000807712|0000000000012435|0000000001087482|074.52
06032026|506248|0000000000000225|0000000000034200|0000000000000230|0000000000035111|097.83
06032026|506260|0000000000000588|0000000000045388|0000000000000624|0000000000048123|094.23
06032026|506261|0000000000000216|0000000000028199|0000000000000246|0000000000032149|087.80
06032026|506285|0000000000001648|0000000007583190|0000000000002131|0000000009774912|077.33
06032026|506365|0000000000002587|0000000000229830|0000000000002587|0000000000229824|100.00
06032026|506373|0000000000000145|0000000000020677|0000000000000145|0000000000020677|100.00
06032026|506390|0000000000001609|0000000000538131|0000000000001683|0000000000567294|095.60
06032026|506395|0000000000007504|0000000015180968|0000000000018370|0000000037227650|040.85
06032026|506401|0000000000005450|0000000008301985|0000000000011417|0000000017457220|047.74
06032026|506405|0000000000000353|0000000000078349|0000000000000597|0000000000133201|059.13
06032026|506414|0000000000001838|0000000000598086|0000000000003805|0000000001233121|048.30
06032026|506480|0000000000000624|0000000000155688|0000000000000715|0000000000179005|087.27
06032026|506520|0000000000013868|0000000000085150|0000000000018260|0000000000113367|075.95
06032026|506525|0000000000000152|0000000000010070|0000000000000152|0000000000010165|100.00
06032026|506528|0000000000001282|0000000004069197|0000000000001346|0000000004271828|095.25
06032026|506532|0000000000000349|0000000000284435|0000000000000408|0000000000330697|085.54
06032026|506543|0000000000000019|0000000000000182|0000000000000019|0000000000000182|100.00
06032026|506579|0000000000004212|0000000000461004|0000000000005141|0000000000561679|081.93
06032026|506590|0000000000024365|0000000006845347|0000000000060630|0000000017218192|040.19
06032026|506597|0000000000002003|0000000001017024|0000000000002373|0000000001201152|084.41
06032026|506605|0000000000000009|0000000000017910|0000000000000009|0000000000017910|100.00
06032026|506618|0000000000000186|0000000000199950|0000000000000311|0000000000332644|059.81
06032026|506640|0000000000000605|0000000000082764|0000000000000916|0000000000123286|066.05
06032026|506642|0000000000069741|0000000000113678|0000000000069741|0000000000113677|100.00
06032026|506655|0000000000001489|0000000001212195|0000000000002035|0000000001661319|073.17
06032026|506680|0000000000000041|0000000000000548|0000000000000041|0000000000000537|100.00
06032026|506685|0000000000010829|0000000004694372|0000000000013523|0000000005865707|080.08
06032026|506687|0000000000004482|0000000004118062|0000000000005008|0000000004676948|089.50
06032026|506690|0000000000000643|0000000000208365|0000000000000905|0000000000295035|071.05
06032026|506734|0000000000001201|0000000000112894|0000000000001218|0000000000114760|098.60
06032026|506767|0000000000001674|0000000002316816|0000000000002156|0000000002991853|077.64
06032026|506808|0000000000004662|0000000000233147|0000000000007102|0000000000358236|065.64
06032026|506820|0000000000000045|0000000000393305|0000000000000075|0000000000648835|060.00
06032026|506852|0000000000004997|0000000000090096|0000000000004998|0000000000090522|099.98
06032026|506854|0000000000003373|0000000013386088|0000000000004650|0000000018542993|072.54
06032026|506858|0000000000000363|0000000000021780|0000000000000363|0000000000021790|100.00
06032026|506863|0000000000010288|0000000001130667|0000000000010288|0000000001130667|100.00
06032026|506879|0000000000003671|0000000001089370|0000000000004507|0000000001328449|081.45
06032026|506906|0000000000000025|0000000000001365|0000000000000025|0000000000001365|100.00
06032026|506919|0000000000001728|0000000000248832|0000000000001759|0000000000253429|098.24
06032026|506943|0000000000027419|0000000056241853|0000000000029422|0000000060321733|093.19
06032026|506979|0000000000000162|0000000000019440|0000000000000162|0000000000019758|100.00
06032026|506981|0000000000000421|0000000000051636|0000000000000425|0000000000052144|099.06
06032026|507155|0000000000013107|0000000001914278|0000000000017927|0000000002627564|073.11
06032026|507180|0000000000024281|0000000000112907|0000000000033167|0000000000158168|073.21
06032026|507205|0000000000024913|0000000011208359|0000000000076722|0000000034275415|032.47
06032026|507265|0000000000000080|0000000000014800|0000000000000080|0000000000014800|100.00
06032026|507300|0000000000000070|0000000000065625|0000000000000105|0000000000096487|066.67
06032026|507315|0000000000004772|0000000000077927|0000000000005129|0000000000086093|093.04
06032026|507410|0000000000012447|0000000002063713|0000000000026936|0000000004517021|046.21
06032026|507438|0000000000000079|0000000000060751|0000000000000121|0000000000094495|065.29
06032026|507474|0000000000002142|0000000000081525|0000000000002777|0000000000105960|077.13
06032026|507488|0000000000004224|0000000004200557|0000000000007960|0000000007917391|053.07
06032026|507490|0000000000025543|0000000000291191|0000000000031474|0000000000364488|081.16
06032026|507498|0000000000003237|0000000000112389|0000000000004374|0000000000148056|074.01
06032026|507514|0000000000085448|0000000006763210|0000000000146628|0000000011584258|058.28
06032026|507515|0000000000000011|0000000000000180|0000000000000011|0000000000000179|100.00
06032026|507526|0000000000003644|0000000002788389|0000000000005985|0000000004664914|060.89
06032026|507552|0000000000008359|0000000000441356|0000000000009703|0000000000511313|086.15
06032026|507580|0000000000001955|0000000000248481|0000000000002058|0000000000263595|095.00
06032026|507598|0000000000000311|0000000000032655|0000000000000366|0000000000038225|084.97
06032026|507609|0000000000000069|0000000000002083|0000000000000069|0000000000002189|100.00
06032026|507621|0000000000000937|0000000000046232|0000000000001282|0000000000063447|073.09
06032026|507645|0000000000000001|0000000000011262|0000000000000001|0000000000011261|100.00
06032026|507685|0000000000190535|0000000037249593|0000000000394184|0000000077708261|048.34
06032026|507690|0000000000001448|0000000000322303|0000000000001448|0000000000322303|100.00
06032026|507717|0000000000001248|0000000001230840|0000000000001652|0000000001635108|075.54
06032026|507747|0000000000000073|0000000000064430|0000000000000099|0000000000087085|073.74
06032026|507753|0000000000031006|0000000002634580|0000000000040910|0000000003465689|075.79
06032026|507759|0000000000002095|0000000000032243|0000000000002095|0000000000032242|100.00
06032026|507779|0000000000000035|0000000000006342|0000000000000037|0000000000006507|094.59
06032026|507785|0000000000000003|0000000000000625|0000000000000003|0000000000000619|100.00
06032026|507789|0000000000000453|0000000000078890|0000000000000504|0000000000086705|089.88
06032026|507794|0000000000003227|0000000000172580|0000000000008176|0000000000440899|039.47
06032026|507808|0000000000000400|0000000000017696|0000000000000400|0000000000017696|100.00
06032026|507813|0000000000003280|0000000000217924|0000000000003366|0000000000224886|097.44
06032026|507815|0000000000000320|0000000002591216|0000000000000651|0000000005288832|049.16
06032026|507817|0000000000000002|0000000000000312|0000000000000002|0000000000000312|100.00
06032026|507828|0000000000058286|0000000000407420|0000000000059968|0000000000420621|097.20
06032026|507833|0000000000002159|0000000000008852|0000000000003383|0000000000013656|063.82
06032026|507836|0000000000000616|0000000000391930|0000000000001152|0000000000723935|053.47
06032026|507852|0000000000001741|0000000000177582|0000000000001756|0000000000178335|099.15
06032026|507864|0000000000003809|0000000000339848|0000000000003809|0000000000339848|100.00
06032026|507872|0000000000000103|0000000000004378|0000000000000103|0000000000004415|100.00
06032026|507878|0000000000232793|0000000001124391|0000000000330363|0000000001600936|070.47
06032026|507880|0000000000002997|0000000001098401|0000000000005899|0000000002158185|050.81
06032026|507910|0000000000000737|0000000000028484|0000000000000737|0000000000028484|100.00
06032026|507912|0000000000031104|0000000006199028|0000000000046867|0000000009283632|066.37
06032026|507944|0000000000006222|0000000002504978|0000000000009693|0000000003918156|064.19
06032026|507946|0000000000041676|0000000000656397|0000000000041676|0000000000650663|100.00
06032026|507948|0000000000000325|0000000000023075|0000000000000328|0000000000023098|099.09
06032026|507960|0000000000001029|0000000000189491|0000000000001890|0000000000346930|054.44
06032026|507962|0000000000005827|0000000000036010|0000000000005827|0000000000036010|100.00
06032026|507966|0000000000000334|0000000000013845|0000000000000601|0000000000025038|055.57
06032026|507968|0000000000000500|0000000000014725|0000000000000500|0000000000014725|100.00
06032026|507970|0000000000000052|0000000000001820|0000000000000090|0000000000003175|057.78
06032026|507981|0000000000000167|0000000000011026|0000000000000269|0000000000017805|062.08
06032026|507998|0000000000005144|0000000000720932|0000000000006936|0000000000979613|074.16
06032026|508136|0000000000000200|0000000000070770|0000000000000271|0000000000091769|073.80
06032026|508486|0000000000000364|0000000002606732|0000000000000449|0000000003214410|081.07
06032026|508494|0000000000004464|0000000000174632|0000000000005600|0000000000211702|079.71
06032026|508571|0000000000000096|0000000000012192|0000000000000172|0000000000021783|055.81
06032026|508664|0000000000000138|0000000000001621|0000000000000141|0000000000001633|097.87
06032026|508670|0000000000000001|0000000000003286|0000000000000001|0000000000003286|100.00
06032026|508807|0000000000000377|0000000000256983|0000000000000474|0000000000321741|079.54
06032026|508814|0000000000005532|0000000003871571|0000000000013639|0000000009906520|040.56
06032026|508869|0000000000003441|0000000026574671|0000000000007109|0000000054962831|048.40
06032026|508875|0000000000000174|0000000000094796|0000000000000357|0000000000189200|048.74
06032026|508905|0000000000002737|0000000000210749|0000000000004544|0000000000341632|060.23
06032026|508906|0000000000000070|0000000000026950|0000000000000088|0000000000033866|079.55
06032026|508918|0000000000001739|0000000000078342|0000000000001939|0000000000087343|089.69
06032026|508922|0000000000147391|0000000001008154|0000000000147391|0000000001008154|100.00
06032026|508933|0000000000000402|0000000000080260|0000000000001177|0000000000236792|034.15
06032026|508941|0000000000000245|0000000000110998|0000000000000362|0000000000164064|067.68
06032026|508954|0000000000012848|0000000000831266|0000000000014306|0000000000977311|089.81
06032026|508956|0000000000000353|0000000000004434|0000000000000498|0000000000006480|070.88
06032026|508961|0000000000000012|0000000000002300|0000000000000012|0000000000002300|100.00
06032026|508963|0000000000000010|0000000000000162|0000000000000010|0000000000000162|100.00
06032026|508969|0000000000003307|0000000000007640|0000000000004504|0000000000010541|073.42
06032026|508980|0000000000004463|0000000000040190|0000000000004463|0000000000040190|100.00
06032026|508989|0000000000003368|0000000000469836|0000000000004825|0000000000677950|069.80
06032026|509009|0000000000001269|0000000000126341|0000000000001269|0000000000126341|100.00
06032026|509015|0000000000001129|0000000000015754|0000000000001129|0000000000015754|100.00
06032026|509020|0000000000014963|0000000000086786|0000000000014963|0000000000085401|100.00
06032026|509024|0000000000009091|0000000000089820|0000000000020647|0000000000216193|044.03
06032026|509026|0000000000000020|0000000000001852|0000000000000020|0000000000001852|100.00
06032026|509038|0000000000000024|0000000000000286|0000000000000026|0000000000000311|092.31
06032026|509040|0000000000000338|0000000000065060|0000000000000338|0000000000065060|100.00
06032026|509046|0000000000001150|0000000000030647|0000000000001150|0000000000030647|100.00
06032026|509048|0000000000000539|0000000000012435|0000000000000539|0000000000012435|100.00
06032026|509051|0000000001302583|0000000000820628|0000000001880473|0000000001198733|069.27
06032026|509053|0000000000044337|0000000000280210|0000000000049777|0000000000314585|089.07
06032026|509055|0000000000000980|0000000000058389|0000000000001187|0000000000071080|082.56
06032026|509069|0000000000002317|0000000000011748|0000000000002619|0000000000013344|088.47
06032026|509073|0000000000005034|0000000000053160|0000000000007239|0000000000075569|069.54
06032026|509079|0000000000001530|0000000000427253|0000000000002296|0000000000634681|066.64
06032026|509162|0000000000010029|0000000000936809|0000000000011059|0000000001043477|090.69
06032026|509196|0000000000003132|0000000000203925|0000000000003132|0000000000203846|100.00
06032026|509220|0000000000000598|0000000000022844|0000000000000705|0000000000026843|084.82
06032026|509243|0000000000000157|0000000000581285|0000000000000207|0000000000769059|075.85
06032026|509423|0000000000000210|0000000000008396|0000000000000210|0000000000008528|100.00
06032026|509438|0000000000000058|0000000000551644|0000000000000115|0000000001093737|050.43
06032026|509449|0000000000000588|0000000000023509|0000000000000588|0000000000023512|100.00
06032026|509470|0000000000000002|0000000000038826|0000000000000003|0000000000058313|066.67
06032026|509480|0000000000019276|0000000008532522|0000000000034096|0000000014916501|056.53
06032026|509486|0000000000035628|0000000002423061|0000000000036164|0000000002456509|098.52
06032026|509488|0000000000013847|0000000009206178|0000000000038294|0000000025964981|036.16
06032026|509496|0000000000010321|0000000005844267|0000000000015291|0000000008702184|067.50
06032026|509525|0000000000001311|0000000001144635|0000000000001501|0000000001314226|087.34
06032026|509546|0000000000000865|0000000000024220|0000000000001629|0000000000045595|053.10
06032026|509557|0000000000002287|0000000001413252|0000000000004311|0000000002699036|053.05
06032026|509563|0000000000054916|0000000001448135|0000000000076055|0000000001985407|072.21
06032026|509567|0000000000000388|0000000000129224|0000000000000620|0000000000207963|062.58
06032026|509597|0000000000000275|0000000000195993|0000000000000313|0000000000221253|087.86
06032026|509631|0000000000011497|0000000006160093|0000000000030638|0000000016582681|037.53
06032026|509635|0000000000000027|0000000000011075|0000000000000029|0000000000012030|093.10
06032026|509675|0000000000000664|0000000000961373|0000000000000854|0000000001243802|077.75
06032026|509692|0000000000000030|0000000000006126|0000000000000030|0000000000006126|100.00
06032026|509709|0000000000002534|0000000000185211|0000000000002812|0000000000208473|090.11
06032026|509715|0000000000000585|0000000000044145|0000000000000641|0000000000049077|091.26
06032026|509732|0000000000006189|0000000001046870|0000000000009742|0000000001656727|063.53
06032026|509760|0000000000000727|0000000000019848|0000000000000727|0000000000019829|100.00
06032026|509762|0000000000010729|0000000000551543|0000000000010729|0000000000551543|100.00
06032026|509820|0000000000010368|0000000001784333|0000000000012469|0000000002135811|083.15
06032026|509835|0000000000011633|0000000000162281|0000000000021319|0000000000290015|054.57
06032026|509874|0000000000004026|0000000000212654|0000000000004039|0000000000212636|099.68
06032026|509887|0000000000000001|0000000000000835|0000000000000001|0000000000000835|100.00
06032026|509895|0000000000000608|0000000000100320|0000000000001086|0000000000183172|055.99
06032026|509930|0000000000006191|0000000024459094|0000000000009361|0000000037523022|066.14
06032026|509945|0000000000000062|0000000000056420|0000000000000064|0000000000058856|096.88
06032026|509953|0000000000000010|0000000000006780|0000000000000010|0000000000006780|100.00
06032026|509960|0000000000000062|0000000000089262|0000000000000063|0000000000090542|098.41
06032026|509966|0000000000010000|0000000002222500|0000000000015569|0000000003479698|064.23
06032026|510245|0000000000018407|0000000000064241|0000000000021497|0000000000074664|085.63
06032026|511000|0000000000000211|0000000000004187|0000000000000211|0000000000004150|100.00
06032026|511012|0000000000521678|0000000000368207|0000000000521678|0000000000368207|100.00
06032026|511018|0000000000027227|0000000001634437|0000000000039854|0000000002416982|068.32
06032026|511034|0000000000125180|0000000067853819|0000000000370444|0000000211494799|033.79
06032026|511066|0000000000033318|0000000000734662|0000000000036347|0000000000802835|091.67
06032026|511076|0000000000002575|0000000000190937|0000000000003396|0000000000254230|075.82
06032026|511092|0000000000017616|0000000000105520|0000000000017616|0000000000105520|100.00
06032026|511108|0000000000000040|0000000000006230|0000000000000040|0000000000006230|100.00
06032026|511110|0000000000021350|0000000000361242|0000000000025470|0000000000442021|083.82
06032026|511122|0000000000000155|0000000000012710|0000000000000306|0000000000024635|050.65
06032026|511131|0000000000021097|0000000000337763|0000000000021906|0000000000353932|096.31
06032026|511147|0000000000000402|0000000000023690|0000000000000424|0000000000024035|094.81
06032026|511153|0000000000001356|0000000000023771|0000000000001447|0000000000025702|093.71
06032026|511176|0000000000000022|0000000000002002|0000000000000022|0000000000002001|100.00
06032026|511187|0000000000000151|0000000000000225|0000000000000219|0000000000000329|068.95
06032026|511196|0000000000004248|0000000003517982|0000000000006173|0000000005119576|068.82
06032026|511208|0000000000013461|0000000000096516|0000000000016909|0000000000121104|079.61
06032026|511218|0000000000100665|0000000101334423|0000000000206060|0000000210883587|048.85
06032026|511243|0000000000011678|0000000018982589|0000000000022269|0000000036506003|052.44
06032026|511246|0000000000000287|0000000000001427|0000000000000288|0000000000001467|099.65
06032026|511260|0000000000006609|0000000000313333|0000000000007958|0000000000368974|083.05
06032026|511333|0000000000001288|0000000000306544|0000000000001329|0000000000316622|096.91
06032026|511355|0000000000010231|0000000000124205|0000000000012263|0000000000143288|083.43
06032026|511359|0000000000008680|0000000000437125|0000000000011193|0000000000563342|077.55
06032026|511391|0000000000000060|0000000000003318|0000000000000060|0000000000003318|100.00
06032026|511401|0000000000000001|0000000000000008|0000000000000001|0000000000000007|100.00
06032026|511411|0000000000000330|0000000000009570|0000000000000331|0000000000009581|099.70
06032026|511413|0000000000000145|0000000000047988|0000000000000457|0000000000158215|031.73
06032026|511431|0000000000110879|0000000000670818|0000000000131994|0000000000803343|084.00
06032026|511441|0000000000000211|0000000000006535|0000000000000211|0000000000006534|100.00
06032026|511447|0000000025474464|0000000019870082|0000000035151295|0000000027350587|072.47
06032026|511463|0000000000001012|0000000000009513|0000000000001577|0000000000014684|064.17
06032026|511473|0000000000002065|0000000000069157|0000000000003315|0000000000111651|062.29
06032026|511493|0000000000014510|0000000000046432|0000000000018640|0000000000056527|077.84
06032026|511501|0000000000011728|0000000000265640|0000000000012646|0000000000284287|092.74
06032026|511505|0000000000005948|0000000000071871|0000000000005948|0000000000071871|100.00
06032026|511509|0000000000027224|0000000000705919|0000000000030256|0000000000800742|089.98
06032026|511523|0000000000105308|0000000002099842|0000000000134355|0000000002679937|078.38
06032026|511525|0000000000025805|0000000000040514|0000000000026910|0000000000042113|095.89
06032026|544419|0000000000009511|0000000001020531|0000000000019042|0000000002082675|049.95
06032026|544420|0000000000013543|0000000005162592|0000000000023988|0000000009316235|056.46
06032026|544421|0000000000006261|0000000001354568|0000000000011469|0000000002501724|054.59
06032026|544422|0000000000007200|0000000000540000|0000000000015600|0000000001119600|046.15
06032026|544423|0000000000000444|0000000000136730|0000000000000672|0000000000205779|066.07
06032026|544424|0000000000002788|0000000000129866|0000000000004201|0000000000195375|066.37
06032026|544425|0000000000002400|0000000000274860|0000000000002400|0000000000274860|100.00
06032026|544426|0000000000004800|0000000000282144|0000000000007200|0000000000417576|066.67
06032026|544427|0000000000003946|0000000000040289|0000000000004197|0000000000042708|094.02
06032026|544428|0000000000012000|0000000000590052|0000000000012000|0000000000590052|100.00
06032026|544429|0000000001416775|0000000950585187|0000000001492841|0000001008402807|094.90
06032026|544430|0000000000020686|0000000001954621|0000000000028615|0000000002727302|072.29
06032026|544431|0000000000040000|0000000004000000|0000000000042000|0000000003971600|095.24
06032026|544432|0000000000004184|0000000000279241|0000000000005722|0000000000368656|073.12
06032026|544433|0000000000003600|0000000000058500|0000000000004800|0000000000077256|075.00
06032026|544434|0000000000024000|0000000002115840|0000000000030400|0000000002716184|078.95
06032026|544435|0000000000060800|0000000006912960|0000000000067200|0000000007725080|090.48
06032026|544436|0000000000004800|0000000000172320|0000000000007200|0000000000262632|066.67
06032026|544437|0000000000007200|0000000000501312|0000000000007200|0000000000501312|100.00
06032026|544438|0000000000002093|0000000000023777|0000000000003645|0000000000041637|057.42
06032026|544439|0000000000007407|0000000001634355|0000000000008926|0000000001989603|082.98
06032026|544440|0000000000027750|0000000004582913|0000000000043500|0000000007253437|063.79
06032026|544441|0000000000052000|0000000004839120|0000000000072000|0000000006988448|072.22
06032026|544442|0000000000007800|0000000000811200|0000000000009000|0000000000928542|086.67
06032026|544443|0000000000000505|0000000000594789|0000000000000852|0000000001006927|059.27
06032026|544444|0000000000112800|0000000007791096|0000000000204000|0000000013123932|055.29
06032026|544445|0000000000002000|0000000000161000|0000000000004000|0000000000323500|050.00
06032026|544446|0000000000004519|0000000000833982|0000000000005970|0000000001109254|075.70
06032026|544447|0000000000001257|0000000000502612|0000000000001561|0000000000623749|080.53
06032026|544448|0000000000000105|0000000000107400|0000000000000270|0000000000274083|038.89
06032026|544449|0000000000003480|0000000002300454|0000000000005740|0000000003821174|060.63
06032026|544450|0000000000000065|0000000000009451|0000000000000065|0000000000009417|100.00
06032026|544451|0000000000012400|0000000003194860|0000000000014000|0000000003656580|088.57
06032026|544452|0000000000002000|0000000000115000|0000000000004000|0000000000231600|050.00
06032026|544453|0000000000007800|0000000001593540|0000000000009600|0000000001953930|081.25
06032026|544454|0000000000000088|0000000000015233|0000000000000089|0000000000015313|098.88
06032026|544455|0000000000003262|0000000001137297|0000000000004335|0000000001546359|075.25
06032026|544456|0000000000016592|0000000000856645|0000000000016592|0000000000856644|100.00
06032026|544457|0000000000006023|0000000000359574|0000000000011526|0000000000678436|052.26
06032026|544458|0000000000035000|0000000006300000|0000000000052500|0000000009419500|066.67
06032026|544459|0000000000008824|0000000001818627|0000000000013237|0000000002720761|066.66
06032026|544460|0000000000030400|0000000001919456|0000000000035200|0000000002251888|086.36
06032026|544463|0000000000006000|0000000000354000|0000000000006000|0000000000339600|100.00
06032026|544464|0000000000012000|0000000000720000|0000000000012000|0000000000720220|100.00
06032026|544465|0000000000003919|0000000000357570|0000000000005345|0000000000485131|073.32
06032026|544466|0000000000013070|0000000021791611|0000000000019485|0000000032815805|067.08
06032026|544467|0000000000228930|0000000203576003|0000000000350113|0000000311937169|065.39
06032026|544468|0000000000002400|0000000000254400|0000000000003600|0000000000381600|066.67
06032026|544469|0000000000071201|0000000008640242|0000000000113525|0000000013875624|062.72
06032026|544470|0000000000002668|0000000000786127|0000000000004550|0000000001338037|058.64
06032026|544473|0000000000045960|0000000000477525|0000000000052114|0000000000544003|088.19
06032026|544474|0000000000001600|0000000000054400|0000000000001600|0000000000054400|100.00
06032026|544475|0000000000036000|0000000000968040|0000000000084000|0000000002239480|042.86
06032026|544476|0000000000003763|0000000002273981|0000000000006705|0000000004091627|056.12
06032026|544477|0000000000011263|0000000000570922|0000000000015552|0000000000790610|072.42
06032026|544478|0000000000000575|0000000000592015|0000000000000575|0000000000592014|100.00
06032026|544479|0000000000001908|0000000000419379|0000000000002598|0000000000581914|073.44
06032026|544480|0000000000103970|0000000012705134|0000000000239350|0000000029862394|043.44
06032026|544481|0000000000004772|0000000000552598|0000000000006265|0000000000725927|076.17
06032026|544482|0000000000014000|0000000000873320|0000000000017000|0000000001051230|082.35
06032026|544483|0000000000003600|0000000000141840|0000000000004800|0000000000188760|075.00
06032026|544484|0000000000007125|0000000003266813|0000000000013392|0000000006032705|053.20
06032026|544485|0000000000019477|0000000001260941|0000000000033432|0000000002197910|058.26
06032026|544486|0000000000000392|0000000000011733|0000000000000654|0000000000019619|059.94
06032026|544487|0000000000004171|0000000000717204|0000000000005262|0000000000914548|079.27
06032026|544488|0000000000062193|0000000010834021|0000000000141540|0000000024417569|043.94
06032026|544489|0000000000002400|0000000000140064|0000000000002400|0000000000140064|100.00
06032026|544490|0000000000004365|0000000001648879|0000000000009422|0000000003591681|046.33
06032026|544491|0000000000002173|0000000000431776|0000000000003997|0000000000792665|054.37
06032026|544492|0000000000009824|0000000002255100|0000000000010317|0000000002423899|095.22
06032026|544493|0000000000000020|0000000000003142|0000000000000022|0000000000003431|090.91
06032026|544494|0000000000012800|0000000000291840|0000000000014400|0000000000326400|088.89
06032026|544495|0000000000010800|0000000000605340|0000000000010800|0000000000610020|100.00
06032026|544496|0000000000072180|0000000004519190|0000000000157230|0000000010052148|045.91
06032026|544497|0000000000007846|0000000000915629|0000000000015129|0000000001746691|051.86
06032026|544498|0000000000011200|0000000000548800|0000000000011200|0000000000550480|100.00
06032026|544499|0000000000002567|0000000000485292|0000000000006461|0000000001222977|039.73
06032026|544500|0000000000002000|0000000000069060|0000000000006000|0000000000206800|033.33
06032026|544501|0000000000004000|0000000000348000|0000000000004000|0000000000351010|100.00
06032026|544502|0000000000011892|0000000001191579|0000000000012019|0000000001208188|098.94
06032026|544503|0000000000007000|0000000000798550|0000000000007000|0000000000798550|100.00
06032026|544504|0000000000000800|0000000000228800|0000000000001600|0000000000458840|050.00
06032026|544506|0000000000002400|0000000000300000|0000000000002400|0000000000302400|100.00
06032026|544507|0000000000034059|0000000000319474|0000000000042769|0000000000401664|079.63
06032026|544508|0000000000001200|0000000000071496|0000000000001200|0000000000071496|100.00
06032026|544509|0000000000004800|0000000000193584|0000000000004800|0000000000193600|100.00
06032026|544510|0000000000003200|0000000000243200|0000000000004800|0000000000368000|066.67
06032026|544511|0000000000010400|0000000001539200|0000000000010400|0000000001563200|100.00
06032026|544512|0000000000014727|0000000003112552|0000000000041272|0000000008983641|035.68
06032026|544513|0000000000002733|0000000000107243|0000000000002915|0000000000115800|093.76
06032026|544515|0000000000430845|0000000045712655|0000000000463311|0000000049192722|092.99
06032026|544516|0000000000081000|0000000022380300|0000000000164000|0000000044791550|049.39
06032026|544517|0000000000332585|0000000332867698|0000000000337136|0000000336882113|098.65
06032026|544518|0000000000032000|0000000005837520|0000000000032000|0000000005837520|100.00
06032026|544519|0000000000001270|0000000000305689|0000000000002373|0000000000573493|053.52
06032026|544520|0000000000013200|0000000000693000|0000000000013200|0000000000676200|100.00
06032026|544521|0000000000007039|0000000000300214|0000000000008593|0000000000367664|081.92
06032026|544522|0000000000000014|0000000000005750|0000000000000014|0000000000005711|100.00
06032026|544523|0000000000002142|0000000000482058|0000000000003390|0000000000764641|063.19
06032026|544524|0000000000029600|0000000005251040|0000000000052000|0000000009244600|056.92
06032026|544525|0000000000097901|0000000010103384|0000000000118701|0000000012321428|082.48
06032026|544526|0000000000001461|0000000000504045|0000000000002566|0000000000894089|056.94
06032026|544527|0000000000002204|0000000002024925|0000000000004054|0000000003803709|054.37
06032026|544528|0000000000003056|0000000000518298|0000000000004595|0000000000794075|066.51
06032026|544529|0000000000006000|0000000001630500|0000000000006000|0000000001630500|100.00
06032026|544530|0000000000004345|0000000002121447|0000000000008821|0000000004347502|049.26
06032026|544531|0000000000012000|0000000001762200|0000000000016200|0000000002413620|074.07
06032026|544532|0000000000013910|0000000002365396|0000000000016215|0000000002787634|085.78
06032026|544533|0000000000001876|0000000000447520|0000000000002755|0000000000647469|068.09
06032026|544534|0000000000006425|0000000002844990|0000000000025274|0000000010699895|025.42
06032026|544535|0000000000003200|0000000000432960|0000000000003200|0000000000432960|100.00
06032026|544537|0000000000017730|0000000007356177|0000000000045128|0000000018642155|039.29
06032026|544539|0000000000001600|0000000000039440|0000000000001600|0000000000039440|100.00
06032026|544540|0000000000007231|0000000001167807|0000000000019226|0000000003131260|037.61
06032026|544541|0000000000003000|0000000000459000|0000000000003000|0000000000456780|100.00
06032026|544542|0000000000009000|0000000000855000|0000000000011000|0000000001047800|081.82
06032026|544543|0000000000004468|0000000000251281|0000000000006558|0000000000371032|068.13
06032026|544544|0000000000006000|0000000000574560|0000000000006000|0000000000566112|100.00
06032026|544545|0000000000001724|0000000000634260|0000000000003250|0000000001209289|053.05
06032026|544546|0000000000002400|0000000000141600|0000000000002400|0000000000141600|100.00
06032026|544547|0000000000002765|0000000000153154|0000000000003201|0000000000178907|086.38
06032026|544548|0000000000008000|0000000000641600|0000000000008000|0000000000641600|100.00
06032026|544550|0000000000006762|0000000001089697|0000000000012960|0000000002097042|052.18
06032026|544551|0000000000001000|0000000000146500|0000000000001000|0000000000146500|100.00
06032026|544552|0000000000007200|0000000000751200|0000000000007200|0000000000751200|100.00
06032026|544553|0000000000025600|0000000003036320|0000000000025600|0000000003036320|100.00
06032026|544555|0000000000010800|0000000001350000|0000000000010800|0000000001351140|100.00
06032026|544557|0000000000002870|0000000000129380|0000000000003370|0000000000152433|085.16
06032026|544558|0000000000000771|0000000000108673|0000000000001180|0000000000167890|065.34
06032026|544559|0000000000006400|0000000000096320|0000000000006400|0000000000097904|100.00
06032026|544560|0000000000004000|0000000000265200|0000000000006000|0000000000394800|066.67
06032026|544561|0000000000054000|0000000000389340|0000000000060000|0000000000435240|090.00
06032026|544562|0000000000005986|0000000000658760|0000000000010120|0000000001126247|059.15
06032026|544563|0000000000063000|0000000024806250|0000000000066000|0000000025985500|095.45
06032026|544564|0000000000002015|0000000000163719|0000000000002128|0000000000175540|094.69
06032026|544565|0000000000002000|0000000000093600|0000000000002000|0000000000093600|100.00
06032026|544566|0000000000036000|0000000002807280|0000000000036000|0000000002699670|100.00
06032026|544568|0000000000073200|0000000007909260|0000000000100800|0000000011045640|072.62
06032026|544569|0000000000522739|0000000247778286|0000000000956209|0000000463337628|054.67
06032026|544570|0000000000001463|0000000000657985|0000000000003522|0000000001595929|041.54
06032026|544572|0000000000000542|0000000001272129|0000000000000735|0000000001743757|073.74
06032026|544574|0000000000053964|0000000017182138|0000000000098249|0000000031503673|054.93
06032026|544575|0000000000002000|0000000000054600|0000000000003000|0000000000082560|066.67
06032026|544576|0000000000021000|0000000033174750|0000000000039988|0000000063670054|052.52
06032026|544578|0000000000002976|0000000002283039|0000000000005490|0000000004217332|054.21
06032026|544579|0000000000000266|0000000000027265|0000000000000266|0000000000027241|100.00
06032026|544580|0000000000027846|0000000006284843|0000000000039407|0000000009010929|070.66
06032026|544581|0000000000007364|0000000000071137|0000000000007461|0000000000072430|098.70
06032026|544582|0000000000084000|0000000002210880|0000000000094800|0000000002450316|088.61
06032026|544583|0000000000011764|0000000001715192|0000000000032870|0000000004779913|035.79
06032026|544584|0000000000010000|0000000001250000|0000000000010000|0000000001266000|100.00
06032026|544586|0000000000116526|0000000001137294|0000000000129788|0000000001271484|089.78
06032026|544587|0000000000001792|0000000002019943|0000000000002481|0000000002842511|072.23
06032026|544594|0000000000001200|0000000000134400|0000000000001200|0000000000134400|100.00
06032026|544595|0000000000056940|0000000032162559|0000000000169722|0000000100607333|033.55
06032026|544596|0000000000003600|0000000000122400|0000000000003600|0000000000125784|100.00
06032026|544597|0000000000627291|0000001113629713|0000000000643002|0000001119253657|097.56
06032026|544598|0000000000034710|0000000000160361|0000000000036039|0000000000171248|096.31
06032026|544599|0000000000000416|0000000000212909|0000000000000553|0000000000282299|075.23
06032026|544600|0000000003531764|0000001835810928|0000000003645077|0000001924474908|096.89
06032026|544601|0000000000000027|0000000000004233|0000000000000075|0000000000011778|036.00
06032026|544603|0000000000574038|0000000087827814|0000000001270860|0000000198342119|045.17
06032026|544604|0000000000064278|0000000002348719|0000000000065682|0000000002410969|097.86
06032026|544605|0000000000041178|0000000000636612|0000000000047883|0000000000743313|086.00
06032026|544606|0000000000037465|0000000006620066|0000000000091545|0000000016203691|040.93
06032026|544607|0000000000004800|0000000000259200|0000000000004800|0000000000258840|100.00
06032026|544608|0000000000010714|0000000002075302|0000000000028309|0000000005433573|037.85
06032026|544609|0000000000369770|0000000030653933|0000000001054913|0000000086896549|035.05
06032026|544610|0000000000012000|0000000003986400|0000000000015600|0000000005161740|076.92
06032026|544611|0000000000002400|0000000000405540|0000000000002400|0000000000405540|100.00
06032026|544612|0000000000009104|0000000004985806|0000000000019708|0000000010715376|046.19
06032026|544613|0000000000005052|0000000000913402|0000000000008119|0000000001460296|062.22
06032026|544614|0000000000004925|0000000002571097|0000000000007809|0000000004060537|063.07
06032026|544615|0000000000001225|0000000000042667|0000000000001225|0000000000042667|100.00
06032026|544616|0000000000010000|0000000001425500|0000000000017000|0000000002376500|058.82
06032026|544617|0000000000012330|0000000001007115|0000000000020141|0000000001641886|061.22
06032026|544619|0000000000000341|0000000000199110|0000000000000771|0000000000453252|044.23
06032026|544621|0000000000010000|0000000000363000|0000000000018000|0000000000628060|055.56
06032026|544622|0000000000597003|0000000015701179|0000000000993386|0000000026498930|060.10
06032026|544623|0000000000088800|0000000014363400|0000000000100800|0000000015696720|088.10
06032026|544624|0000000000039000|0000000000429780|0000000000039000|0000000000427650|100.00
06032026|544625|0000000000004800|0000000000163344|0000000000005400|0000000000186954|088.89
06032026|544626|0000000000037000|0000000011440400|0000000000057000|0000000017830250|064.91
06032026|544627|0000000000006000|0000000000706800|0000000000007000|0000000000786250|085.71
06032026|544628|0000000000030000|0000000000547500|0000000000042000|0000000000737680|071.43
06032026|544629|0000000000012000|0000000001899000|0000000000014000|0000000002234950|085.71
06032026|544632|0000000000026874|0000000004275654|0000000000047689|0000000007617410|056.35
06032026|544633|0000000000044903|0000000002310260|0000000000076253|0000000003973564|058.89
06032026|544634|0000000000006905|0000000000950819|0000000000016088|0000000002212957|042.92
06032026|544635|0000000000006400|0000000000376128|0000000000011200|0000000000654480|057.14
06032026|544637|0000000000004800|0000000000543840|0000000000005400|0000000000611700|088.89
06032026|544638|0000000000001020|0000000000164129|0000000000001404|0000000000223241|072.65
06032026|544639|0000000000006897|0000000001744252|0000000000010776|0000000002793057|064.00
06032026|544640|0000000000004800|0000000000172320|0000000000007200|0000000000256200|066.67
06032026|544641|0000000000000600|0000000000150870|0000000000002400|0000000000612750|025.00
06032026|544642|0000000000009257|0000000001590816|0000000000021581|0000000003768876|042.89
06032026|544643|0000000000001000|0000000000205650|0000000000001000|0000000000205650|100.00
06032026|544644|0000000000025460|0000000040282812|0000000000025572|0000000040784945|099.56
06032026|544645|0000000000059946|0000000012178030|0000000000138587|0000000027589704|043.26
06032026|544646|0000000000120000|0000000000489600|0000000000150000|0000000000604900|080.00
06032026|544647|0000000000003282|0000000001838741|0000000000005942|0000000003341791|055.23
06032026|544648|0000000000002000|0000000000129480|0000000000002000|0000000000129480|100.00
06032026|544654|0000000000000275|0000000000004257|0000000000000275|0000000000004265|100.00
06032026|544655|0000000000000528|0000000000011226|0000000000000628|0000000000013398|084.08
06032026|544656|0000000000004800|0000000001200300|0000000000004800|0000000001200300|100.00
06032026|544657|0000000000003600|0000000000750000|0000000000003600|0000000000750000|100.00
06032026|544658|0000000000003909|0000000011702374|0000000000007690|0000000023071662|050.83
06032026|544659|0000000000016000|0000000000528000|0000000000016000|0000000000534000|100.00
06032026|544660|0000000000000436|0000000000003916|0000000000000492|0000000000004421|088.62
06032026|544661|0000000000006578|0000000000235690|0000000000006793|0000000000243833|096.83
06032026|544662|0000000000000022|0000000000002813|0000000000000022|0000000000002813|100.00
06032026|544663|0000000000035000|0000000001400000|0000000000035000|0000000001401200|100.00
06032026|544664|0000000000004495|0000000001666746|0000000000005404|0000000001993780|083.18
06032026|544666|0000000000004503|0000000000486550|0000000000008321|0000000000913565|054.12
06032026|544668|0000000000029400|0000000008171730|0000000000034200|0000000009243270|085.96
06032026|544669|0000000000004800|0000000000988800|0000000000004800|0000000001005600|100.00
06032026|544670|0000000000000600|0000000000105600|0000000000001200|0000000000211200|050.00
06032026|544672|0000000000005037|0000000000790809|0000000000005037|0000000000790838|100.00
06032026|544674|0000000000001086|0000000000073414|0000000000001086|0000000000073658|100.00
06032026|544675|0000000000011200|0000000000656544|0000000000016000|0000000000948112|070.00
06032026|544676|0000000000015200|0000000000701024|0000000000017600|0000000000822320|086.36
06032026|544677|0000000000004800|0000000000404160|0000000000004800|0000000000408160|100.00
06032026|544678|0000000001296788|0000000042755101|0000000001870621|0000000061949014|069.32
06032026|544679|0000000000001408|0000000000544052|0000000000004191|0000000001617982|033.60
06032026|544680|0000000000000720|0000000000124560|0000000000000720|0000000000124560|100.00
06032026|544681|0000000000012000|0000000001768200|0000000000013000|0000000001909050|092.31
06032026|544682|0000000000010800|0000000001007856|0000000000010800|0000000001017216|100.00
06032026|544683|0000000000159000|0000000003035310|0000000000309000|0000000006304830|051.46
06032026|544684|0000000000026400|0000000002370720|0000000000036000|0000000003159276|073.33
06032026|544685|0000000000116061|0000000013933124|0000000000228096|0000000027681967|050.88
06032026|544686|0000000000002000|0000000000270200|0000000000009000|0000000001227450|022.22
06032026|544687|0000000000004000|0000000000244000|0000000000004000|0000000000242480|100.00
06032026|544688|0000000000012000|0000000000756000|0000000000012000|0000000000775800|100.00
06032026|544693|0000000000012800|0000000000451840|0000000000012800|0000000000442080|100.00
06032026|544694|0000000000002000|0000000000363000|0000000000002000|0000000000363000|100.00
06032026|544695|0000000000013000|0000000001624350|0000000000018000|0000000002281500|072.22
06032026|544699|0000000000084999|0000000009855635|0000000000314682|0000000036508410|027.01
06032026|544700|0000000000071102|0000000056746507|0000000000213024|0000000170994576|033.38
06032026|544701|0000000000000914|0000000000017092|0000000000000915|0000000000017099|099.89
06032026|544702|0000000000007662|0000000000470371|0000000000011091|0000000000706210|069.08
06032026|544703|0000000000007732|0000000000226007|0000000000010789|0000000000312396|071.67
06032026|544704|0000000000002014|0000000000022436|0000000000002447|0000000000027275|082.30
06032026|544705|0000000000047296|0000000003306937|0000000000047700|0000000003344414|099.15
06032026|544706|0000000000000002|0000000000000059|0000000000000002|0000000000000058|100.00
06032026|544707|0000000000021000|0000000004519920|0000000000021000|0000000004519920|100.00
06032026|544708|0000000000003600|0000000000221472|0000000000003600|0000000000221472|100.00
06032026|544709|0000000000032041|0000000002466477|0000000000032041|0000000002466477|100.00
06032026|544710|0000000000465000|0000000023058540|0000000000465000|0000000023058540|100.00
06032026|544711|0000000000002000|0000000000200500|0000000000002000|0000000000200500|100.00
06032026|544716|0000000000002359|0000000000148734|0000000000002359|0000000000148734|100.00
06032026|544717|0000000000017819|0000000015779616|0000000000083816|0000000071823430|021.26
06032026|544718|0000000000017402|0000000006856388|0000000000115078|0000000043521929|015.12
06032026|544720|0000000000068329|0000000013009842|0000000000148963|0000000029764300|045.87
06032026|544721|0000000000028446|0000000001371382|0000000000034014|0000000001640877|083.63
06032026|544722|0000000000000344|0000000000020971|0000000000000348|0000000000020995|098.85
06032026|555555|0000000000000841|0000000000763107|0000000000001178|0000000001068922|071.39
06032026|570002|0000000000000010|0000000000000028|0000000000000010|0000000000000028|100.00
06032026|570005|0000000000033056|0000000000015537|0000000000043066|0000000000020322|076.76
06032026|590003|0000000000020154|0000000006298125|0000000000037764|0000000011929147|053.37
06032026|590005|0000000000001639|0000000002174953|0000000000001905|0000000002533617|086.04
06032026|590006|0000000000001347|0000000000752435|0000000000002053|0000000001151547|065.61
06032026|590013|0000000000001990|0000000001822641|0000000000003439|0000000003127090|057.87
06032026|590018|0000000000000054|0000000000008424|0000000000000054|0000000000008424|100.00
06032026|590021|0000000000001138|0000000001598492|0000000000001545|0000000002170108|073.66
06032026|590024|0000000000007749|0000000005270095|0000000000011918|0000000008179820|065.02
06032026|590025|0000000000003747|0000000000130921|0000000000004947|0000000000172172|075.74
06032026|590030|0000000000033566|0000000002061289|0000000000053482|0000000003363572|062.76
06032026|590031|0000000000001484|0000000001033755|0000000000001917|0000000001333211|077.41
06032026|590041|0000000000043161|0000000002797301|0000000000043161|0000000002797301|100.00
06032026|590051|0000000000007790|0000000001056714|0000000000013975|0000000001895511|055.74
06032026|590057|0000000000004845|0000000000079138|0000000000004845|0000000000079138|100.00
06032026|590062|0000000000015643|0000000001167750|0000000000020481|0000000001537696|076.38
06032026|590065|0000000000000011|0000000000011258|0000000000000019|0000000000019543|057.89
06032026|590066|0000000000014800|0000000002314720|0000000000017830|0000000002775931|083.01
06032026|590070|0000000000000858|0000000000002497|0000000000000899|0000000000002588|095.44
06032026|590071|0000000000001360|0000000007273348|0000000000002294|0000000012487752|059.28
06032026|590072|0000000000000146|0000000000084680|0000000000000146|0000000000084752|100.00
06032026|590073|0000000000000616|0000000000541310|0000000000001228|0000000001088927|050.16
06032026|590075|0000000000000025|0000000000002493|0000000000000025|0000000000002492|100.00
06032026|590078|0000000000003585|0000000003480856|0000000000004109|0000000003990411|087.25
06032026|590086|0000000000000186|0000000000710232|0000000000000292|0000000001122605|063.70
06032026|590095|0000000000911537|0000000119229040|0000000001686820|0000000221543828|054.04
06032026|590096|0000000000112642|0000000112642000|0000000000782832|0000000782832844|014.39
06032026|590097|0000000000048512|0000000006397763|0000000000063480|0000000008386337|076.42
06032026|590098|0000000000130123|0000000017547087|0000000000223710|0000000030298402|058.17
06032026|590099|0000000000002791|0000000000364393|0000000000005825|0000000000763845|047.91
06032026|590101|0000000000023972|0000000003191393|0000000000046997|0000000006269828|051.01
06032026|590103|0000000000283533|0000000078620866|0000000000387740|0000000108004468|073.12
06032026|590104|0000000000008675|0000000006309068|0000000000015083|0000000011000824|057.52
06032026|590106|0000000000015462|0000000009234525|0000000000020015|0000000012035907|077.25
06032026|590107|0000000000000425|0000000000391425|0000000000000592|0000000000548211|071.79
06032026|590108|0000000000066761|0000000006825645|0000000000101120|0000000010415642|066.02
06032026|590109|0000000000000376|0000000000176438|0000000000000472|0000000000221812|079.66
06032026|590110|0000000000000579|0000000000154883|0000000000000731|0000000000196891|079.21
06032026|590113|0000000000006217|0000000003193922|0000000000008924|0000000004612574|069.67
06032026|590115|0000000000000132|0000000000034149|0000000000000134|0000000000034487|098.51
06032026|590134|0000000000002700|0000000000167751|0000000000003509|0000000000218643|076.94
06032026|590136|0000000000020367|0000000001219373|0000000000022525|0000000001356980|090.42
06032026|590137|0000000000001949|0000000001155270|0000000000002452|0000000001467258|079.49
06032026|590138|0000000000022915|0000000006004876|0000000000025763|0000000006780258|088.95
06032026|590139|0000000000003467|0000000003793939|0000000000005418|0000000005928906|063.99
06032026|590140|0000000002357002|0000000036156411|0000000005312391|0000000081825090|044.37
06032026|590141|0000000000373094|0000000012427762|0000000000617598|0000000020695681|060.41
06032026|590142|0000000000127046|0000000002989393|0000000000178205|0000000004206996|071.29
06032026|590143|0000000000256649|0000000007555747|0000000000268153|0000000007893545|095.71
06032026|590144|0000000000009936|0000000002176183|0000000000012694|0000000002794783|078.27
06032026|590145|0000000000810033|0000000199924245|0000000001870361|0000000466000550|043.31
06032026|590146|0000000000071113|0000000011097895|0000000000072231|0000000011274783|098.45
06032026|590147|0000000000001917|0000000000489276|0000000000002755|0000000000707109|069.58
06032026|590148|0000000000010753|0000000000166780|0000000000016525|0000000000256879|065.07
06032026|590149|0000000000010939|0000000000498819|0000000000026078|0000000001192149|041.95
06032026|590150|0000000000038710|0000000002878476|0000000000045119|0000000003373668|085.80
06032026|590151|0000000000008446|0000000000424412|0000000000008991|0000000000454646|093.94
06032026|590152|0000000000232132|0000000021769339|0000000000343668|0000000032174744|067.55
06032026|590153|0000000000125211|0000000002877349|0000000000142536|0000000003293278|087.85
06032026|590154|0000000000014071|0000000000664011|0000000000034218|0000000001622848|041.12
06032026|751087|0000000000022145|0000000000003764|0000000000022145|0000000000003764|100.00
06032026|751088|0000000000284846|0000000000162362|0000000000284846|0000000000162362|100.00
06032026|751093|0000000000083562|0000000000010027|0000000000083562|0000000000010027|100.00
06032026|751094|0000000000014777|0000000000003398|0000000000014777|0000000000003398|100.00
06032026|800148|0000000000000001|0000000000000105|0000000000000001|0000000000000104|100.00
06032026|800177|0000000000006000|0000000000691500|0000000000006000|0000000000691500|100.00
06032026|800181|0000000000000500|0000000000052925|0000000000000500|0000000000052925|100.00
06032026|800212|0000000000000005|0000000000000549|0000000000000005|0000000000000548|100.00
06032026|800220|0000000000000001|0000000000000109|0000000000000001|0000000000000108|100.00
06032026|800292|0000000000000001|0000000000015800|0000000000000001|0000000000015800|100.00
06032026|800295|0000000000000001|0000000000016399|0000000000000001|0000000000016399|100.00
06032026|800297|0000000000000041|0000000000646468|0000000000000053|0000000000836717|077.36
06032026|800312|0000000000000003|0000000000048300|0000000000000003|0000000000048300|100.00
06032026|800318|0000000000000032|0000000000506464|0000000000000034|0000000000539070|094.12
06032026|800320|0000000000000004|0000000000063596|0000000000000005|0000000000079342|080.00
06032026|800324|0000000000000016|0000000000252800|0000000000000019|0000000000300802|084.21
06032026|800325|0000000000000185|0000000002917993|0000000000000219|0000000003471351|084.47
06032026|800327|0000000000000073|0000000001152670|0000000000000073|0000000001152537|100.00
06032026|800329|0000000000000028|0000000000442400|0000000000000028|0000000000442622|100.00
06032026|800330|0000000000000004|0000000000000372|0000000000000004|0000000000000372|100.00
06032026|800331|0000000000000072|0000000001140120|0000000000000079|0000000001250166|091.14
06032026|800332|0000000000000003|0000000000047295|0000000000000003|0000000000047232|100.00
06032026|800333|0000000000000011|0000000000174559|0000000000000011|0000000000174757|100.00
06032026|800339|0000000000000061|0000000000962784|0000000000000067|0000000001061500|091.04
06032026|800340|0000000000000227|0000000003589007|0000000000000234|0000000003684522|097.01
06032026|800341|0000000000000003|0000000000047442|0000000000000003|0000000000047442|100.00
06032026|800342|0000000000000005|0000000000079125|0000000000000005|0000000000079125|100.00
06032026|800367|0000000000000029|0000000000461100|0000000000000029|0000000000458947|100.00
06032026|800385|0000000000000029|0000000000462877|0000000000000048|0000000000766784|060.42
06032026|800386|0000000000000103|0000000001637700|0000000000000104|0000000001653572|099.04
06032026|800434|0000000000000013|0000000000208169|0000000000000020|0000000000318231|065.00
06032026|800436|0000000000001266|0000000000120270|0000000000001266|0000000000120336|100.00
06032026|800437|0000000000000013|0000000000207039|0000000000000013|0000000000206919|100.00
06032026|800438|0000000000000026|0000000000416850|0000000000000026|0000000000413565|100.00
06032026|800488|0000000000000031|0000000000498179|0000000000000035|0000000000559945|088.57
06032026|800489|0000000000000002|0000000000000209|0000000000000002|0000000000000208|100.00
06032026|800573|0000000000000022|0000000000353119|0000000000000022|0000000000353454|100.00
06032026|800575|0000000000000048|0000000000774720|0000000000000055|0000000000883656|087.27
06032026|800580|0000000000000071|0000000001146746|0000000000000075|0000000001211765|094.67
06032026|800588|0000000000020041|0000000001989070|0000000000020041|0000000001990069|100.00
06032026|800596|0000000000000114|0000000001846778|0000000000000141|0000000002285746|080.85
06032026|800597|0000000000000301|0000000000030612|0000000000000301|0000000000030607|100.00
06032026|800598|0000000000002503|0000000000259436|0000000000002503|0000000000258935|100.00
06032026|800603|0000000000000372|0000000006026538|0000000000000424|0000000006910455|087.74
06032026|800605|0000000000000434|0000000007334900|0000000000000506|0000000008582775|085.77
06032026|800607|0000000000000600|0000000000060600|0000000000000600|0000000000060875|100.00
06032026|800619|0000000001500000|0000000093015000|0000000001500000|0000000093015000|100.00
06032026|800620|0000000001900000|0000000113411000|0000000001900000|0000000113411000|100.00
06032026|800807|0000000000011100|0000000001080030|0000000000013160|0000000001275453|084.35
06032026|800808|0000000000012200|0000000001168760|0000000000012200|0000000001168130|100.00
06032026|800809|0000000000000005|0000000000000495|0000000000000005|0000000000000495|100.00
06032026|810977|0000000000000090|0000000000007218|0000000000000090|0000000000007218|100.00
06032026|890197|0000000000028909|0000000000052037|0000000000029401|0000000000054415|098.33
06032026|890202|0000000000000109|0000000000032700|0000000000000109|0000000000033001|100.00
06032026|890217|0000000000000112|0000000000007119|0000000000000116|0000000000007232|096.55
06032026|890220|0000000000000001|0000000000000010|0000000000000001|0000000000000009|100.00
06032026|890221|0000000000000701|0000000000083279|0000000000000701|0000000000083597|100.00
06032026|890228|0000000000006146|0000000000069758|0000000000009747|0000000000103801|063.06
06032026|890229|0000000000010081|0000000000025405|0000000000015198|0000000000038286|066.33
06032026|890230|0000000000000003|0000000000000371|0000000000000006|0000000000000735|050.00
06032026|890231|0000000000000205|0000000000004079|0000000000000205|0000000000004079|100.00
06032026|890233|0000000000147697|0000000000212684|0000000000147697|0000000000211963|100.00
06032026|912254|0000000000000002|0000000000195780|0000000000000002|0000000000195890|100.00
06032026|935584|0000000000000100|0000000000115500|0000000000000100|0000000000115500|100.00
06032026|935642|0000000000000001|0000000000001098|0000000000000001|0000000000001098|100.00
06032026|935666|0000000000000236|0000000000264790|0000000000000236|0000000000263471|100.00
06032026|935682|0000000000000448|0000000000499028|0000000000000713|0000000000795648|062.83
06032026|935690|0000000000001510|0000000001642276|0000000000001572|0000000001718853|096.06
06032026|935740|0000000000000016|0000000000016000|0000000000000016|0000000000016000|100.00
06032026|935752|0000000000000001|0000000000001064|0000000000000001|0000000000001064|100.00
06032026|935760|0000000000000019|0000000000043510|0000000000000019|0000000000043510|100.00
06032026|935788|0000000000000026|0000000000027430|0000000000000026|0000000000027426|100.00
06032026|935858|0000000000000061|0000000000061806|0000000000000061|0000000000061805|100.00
06032026|935860|0000000000000007|0000000000007209|0000000000000007|0000000000007208|100.00
06032026|936048|0000000000000000|0000000000000000|0000000000000002|0000000000002175|000.00
06032026|936224|0000000000000200|0000000000217200|0000000000000200|0000000000217200|100.00
06032026|936226|0000000000000011|0000000000011550|0000000000000012|0000000000012625|091.67
06032026|936320|0000000000000075|0000000000076125|0000000000000075|0000000000076150|100.00
06032026|936412|0000000000000022|0000000000024156|0000000000000023|0000000000025265|095.65
06032026|936476|0000000000000030|0000000000029748|0000000000000030|0000000000029742|100.00
06032026|936492|0000000000000019|0000000000036860|0000000000000019|0000000000036860|100.00
06032026|936814|0000000000000100|0000000000112000|0000000000000100|0000000000112000|100.00
06032026|937091|0000000000000600|0000000000624000|0000000000000600|0000000000614505|100.00
06032026|937169|0000000000001450|0000000002423095|0000000000002776|0000000004680813|052.23
06032026|937345|0000000000000006|0000000000005876|0000000000000006|0000000000005875|100.00
06032026|937373|0000000000000128|0000000000125265|0000000000000128|0000000000125265|100.00
06032026|937377|0000000000000030|0000000000029700|0000000000000030|0000000000029700|100.00
06032026|937385|0000000000001000|0000000000978340|0000000000001040|0000000001019327|096.15
06032026|937431|0000000000000005|0000000000004750|0000000000000005|0000000000004750|100.00
06032026|937453|0000000000001818|0000000001845289|0000000000001818|0000000001845288|100.00
06032026|937455|0000000000002532|0000000002519340|0000000000002555|0000000002545110|099.10
06032026|937461|0000000000000005|0000000000005000|0000000000000005|0000000000005000|100.00
06032026|937473|0000000000000300|0000000000428700|0000000000000300|0000000000428540|100.00
06032026|937495|0000000000000201|0000000000200196|0000000000000201|0000000000200200|100.00
06032026|937497|0000000000000050|0000000000053875|0000000000000050|0000000000053755|100.00
06032026|937499|0000000000000275|0000000000425700|0000000000000275|0000000000425700|100.00
06032026|937503|0000000000000117|0000000000120370|0000000000000117|0000000000120369|100.00
06032026|937613|0000000000000031|0000000000030969|0000000000000031|0000000000030969|100.00
06032026|937621|0000000000000438|0000000000436682|0000000000000438|0000000000436793|100.00
06032026|937631|0000000000000075|0000000000074535|0000000000000075|0000000000074535|100.00
06032026|937635|0000000000000043|0000000000063855|0000000000000043|0000000000063855|100.00
06032026|937637|0000000000000424|0000000000411280|0000000000000424|0000000000411279|100.00
06032026|937707|0000000000000100|0000000000102680|0000000000000100|0000000000102680|100.00
06032026|937723|0000000000000041|0000000000041870|0000000000000041|0000000000041869|100.00
06032026|937799|0000000000000248|0000000000247008|0000000000000248|0000000000246858|100.00
06032026|937805|0000000000000113|0000000000108480|0000000000000122|0000000000116439|092.62
06032026|937825|0000000000000006|0000000000005976|0000000000000006|0000000000005976|100.00
06032026|937885|0000000000000001|0000000000001000|0000000000000001|0000000000001000|100.00
06032026|938011|0000000000000023|0000000000022430|0000000000000023|0000000000022429|100.00
06032026|938021|0000000000000020|0000000000020060|0000000000000020|0000000000020060|100.00
06032026|938180|0000000000000047|0000000000045868|0000000000000094|0000000000089841|050.00
06032026|938218|0000000000000041|0000000000039773|0000000000000041|0000000000039772|100.00
06032026|938226|0000000000000073|0000000000030879|0000000000000073|0000000000030907|100.00
06032026|938256|0000000000000063|0000000000062087|0000000000000063|0000000000062086|100.00
06032026|938290|0000000000000008|0000000000008040|0000000000000008|0000000000008040|100.00
06032026|938316|0000000000000010|0000000000003704|0000000000000010|0000000000003704|100.00
06032026|938330|0000000000000002|0000000000002012|0000000000000002|0000000000002012|100.00
06032026|938364|0000000000001045|0000000001043746|0000000000001045|0000000001043533|100.00
06032026|938368|0000000000000177|0000000000234136|0000000000000177|0000000000234135|100.00
06032026|938370|0000000000000854|0000000000837783|0000000000001160|0000000001137737|073.62
06032026|938382|0000000000001306|0000000001295161|0000000000001306|0000000001294962|100.00
06032026|938386|0000000000001264|0000000001668480|0000000000001264|0000000001668430|100.00
06032026|938432|0000000000000001|0000000000001288|0000000000000001|0000000000001288|100.00
06032026|938434|0000000000000001|0000000000000993|0000000000000001|0000000000000992|100.00
06032026|938484|0000000000000253|0000000000166727|0000000000000253|0000000000166727|100.00
06032026|938518|0000000000000450|0000000000449046|0000000000000450|0000000000449214|100.00
06032026|938520|0000000000000050|0000000000053850|0000000000000050|0000000000053850|100.00
06032026|938524|0000000000000029|0000000000028996|0000000000000029|0000000000028995|100.00
06032026|938570|0000000000000100|0000000000099000|0000000000000100|0000000000099000|100.00
06032026|938618|0000000000000031|0000000000031310|0000000000000032|0000000000032104|096.88
06032026|938632|0000000000000570|0000000000562419|0000000000000570|0000000000562437|100.00
06032026|938634|0000000000000256|0000000000267520|0000000000000256|0000000000267500|100.00
06032026|938636|0000000000000100|0000000000121000|0000000000000102|0000000000126577|098.04
06032026|938644|0000000000000010|0000000000010010|0000000000000010|0000000000010010|100.00
06032026|938656|0000000000000050|0000000000063050|0000000000000050|0000000000063050|100.00
06032026|938658|0000000000000019|0000000000018905|0000000000000019|0000000000018905|100.00
06032026|938660|0000000000000036|0000000000037505|0000000000000036|0000000000037504|100.00
06032026|938662|0000000000000040|0000000000050512|0000000000000040|0000000000050512|100.00
06032026|938664|0000000000001313|0000000001305122|0000000000001313|0000000001305574|100.00
06032026|938698|0000000000000210|0000000000218382|0000000000000210|0000000000218380|100.00
06032026|938772|0000000000000014|0000000000014490|0000000000000014|0000000000014490|100.00
06032026|938788|0000000000000025|0000000000024995|0000000000000025|0000000000024995|100.00
06032026|938874|0000000000000313|0000000000320825|0000000000000313|0000000000320825|100.00
06032026|938888|0000000000000100|0000000000120000|0000000000000100|0000000000119850|100.00
06032026|938904|0000000000001000|0000000000996000|0000000000001000|0000000000996000|100.00
06032026|938940|0000000000000240|0000000000239988|0000000000000240|0000000000239988|100.00
06032026|939032|0000000000000009|0000000000009540|0000000000000009|0000000000009540|100.00
06032026|939056|0000000000000042|0000000000041585|0000000000000042|0000000000043129|100.00
06032026|939190|0000000000000102|0000000000101490|0000000000000102|0000000000101490|100.00
06032026|939202|0000000000000194|0000000000193224|0000000000000194|0000000000193224|100.00
06032026|939206|0000000000001020|0000000001020000|0000000000001020|0000000001017024|100.00
06032026|939228|0000000000000015|0000000000015675|0000000000000015|0000000000015675|100.00
06032026|939242|0000000000000100|0000000000099500|0000000000000100|0000000000099500|100.00
06032026|939260|0000000000000050|0000000000050000|0000000000000050|0000000000050000|100.00
06032026|939264|0000000000000060|0000000000061197|0000000000000060|0000000000061197|100.00
06032026|939309|0000000000000025|0000000000020751|0000000000000065|0000000000053870|038.46
06032026|939311|0000000000000025|0000000000023053|0000000000000025|0000000000023052|100.00
06032026|939337|0000000000000035|0000000000035770|0000000000000035|0000000000035770|100.00
06032026|939381|0000000000000020|0000000000018706|0000000000000020|0000000000018704|100.00
06032026|939407|0000000000000107|0000000000105930|0000000000000107|0000000000106000|100.00
06032026|939423|0000000000000060|0000000000059280|0000000000000060|0000000000059280|100.00
06032026|939451|0000000000000300|0000000000323340|0000000000000307|0000000000327382|097.72
06032026|939459|0000000000000028|0000000000032760|0000000000000028|0000000000032760|100.00
06032026|939569|0000000000000104|0000000000110396|0000000000000104|0000000000110396|100.00
06032026|939591|0000000000000001|0000000000001026|0000000000000001|0000000000001025|100.00
06032026|939595|0000000000000124|0000000000123628|0000000000000124|0000000000123642|100.00
06032026|939623|0000000000000001|0000000000001007|0000000000000002|0000000000002013|050.00
06032026|939631|0000000000000125|0000000000125375|0000000000000240|0000000000240265|052.08
06032026|939643|0000000000000055|0000000000063635|0000000000000055|0000000000063635|100.00
06032026|939701|0000000000000015|0000000000016950|0000000000000015|0000000000016950|100.00
06032026|939715|0000000000000030|0000000000030450|0000000000000030|0000000000030450|100.00
06032026|939719|0000000000000147|0000000000164199|0000000000000147|0000000000162710|100.00
06032026|939743|0000000000000028|0000000000024080|0000000000000028|0000000000024080|100.00
06032026|939755|0000000000000100|0000000000112380|0000000000000150|0000000000166910|066.67
06032026|939807|0000000000000049|0000000000049000|0000000000000049|0000000000049030|100.00
06032026|939823|0000000000000050|0000000000050149|0000000000000050|0000000000050149|100.00
06032026|939829|0000000000000020|0000000000020200|0000000000000020|0000000000019900|100.00
06032026|939833|0000000000000004|0000000000004028|0000000000000004|0000000000004028|100.00
06032026|939845|0000000000000020|0000000000020400|0000000000000020|0000000000020400|100.00
06032026|939849|0000000000000650|0000000000643565|0000000000000650|0000000000645641|100.00
06032026|939853|0000000000000010|0000000000010950|0000000000000020|0000000000021450|050.00
06032026|939855|0000000000000018|0000000000018477|0000000000000018|0000000000018477|100.00
06032026|939857|0000000000000018|0000000000018308|0000000000000018|0000000000018307|100.00
06032026|939859|0000000000000057|0000000000059140|0000000000000057|0000000000059139|100.00
06032026|939865|0000000000000150|0000000000149250|0000000000000150|0000000000149250|100.00
06032026|939867|0000000000000007|0000000000007000|0000000000000007|0000000000007000|100.00
06032026|939869|0000000000000180|0000000000182700|0000000000000230|0000000000232183|078.26
06032026|939873|0000000000000020|0000000000020105|0000000000000030|0000000000030156|066.67
06032026|940101|0000000000000100|0000000000099500|0000000000000100|0000000000099500|100.00
06032026|940105|0000000000000036|0000000000039240|0000000000000036|0000000000039120|100.00
06032026|940115|0000000000000139|0000000000140349|0000000000000139|0000000000139339|100.00
06032026|940117|0000000000000009|0000000000009208|0000000000000009|0000000000009207|100.00
06032026|940157|0000000000000086|0000000000086000|0000000000000096|0000000000098563|089.58
06032026|940159|0000000000000100|0000000000099150|0000000000000200|0000000000197170|050.00
06032026|940167|0000000000000094|0000000000101426|0000000000000094|0000000000101426|100.00
06032026|940177|0000000000000105|0000000000114051|0000000000000105|0000000000113974|100.00
06032026|940179|0000000000001721|0000000001848354|0000000000001721|0000000001848349|100.00
06032026|940231|0000000000000035|0000000000033950|0000000000000035|0000000000033950|100.00
06032026|940235|0000000000000115|0000000000111895|0000000000000115|0000000000111894|100.00
06032026|940239|0000000000000050|0000000000053190|0000000000000050|0000000000053190|100.00
06032026|940315|0000000000000264|0000000000264264|0000000000000264|0000000000265160|100.00
06032026|940317|0000000000000050|0000000000053750|0000000000000050|0000000000053750|100.00
06032026|940325|0000000000000226|0000000000225325|0000000000000228|0000000000227331|099.12
06032026|940329|0000000000000060|0000000000063072|0000000000000060|0000000000063072|100.00
06032026|940339|0000000000000055|0000000000055380|0000000000000055|0000000000055940|100.00
06032026|940347|0000000000000005|0000000000005025|0000000000000005|0000000000005025|100.00
06032026|940361|0000000000000030|0000000000031185|0000000000000030|0000000000031185|100.00
06032026|940373|0000000000000010|0000000000010750|0000000000000010|0000000000010750|100.00
06032026|940395|0000000000000450|0000000000472860|0000000000000640|0000000000665854|070.31
06032026|940415|0000000000000001|0000000000001025|0000000000000001|0000000000001025|100.00
06032026|940417|0000000000000135|0000000000140400|0000000000000135|0000000000140400|100.00
06032026|940421|0000000000000070|0000000000065800|0000000000000070|0000000000065800|100.00
06032026|940423|0000000000000040|0000000000041288|0000000000000040|0000000000041288|100.00
06032026|940425|0000000000000019|0000000000019757|0000000000000019|0000000000019756|100.00
06032026|940427|0000000000000003|0000000000002940|0000000000000003|0000000000002940|100.00
06032026|940439|0000000000000110|0000000000110000|0000000000000110|0000000000110000|100.00
06032026|940443|0000000000000015|0000000000014805|0000000000000015|0000000000014830|100.00
06032026|940445|0000000000000005|0000000000004955|0000000000000005|0000000000004955|100.00
06032026|940449|0000000000000027|0000000000026865|0000000000000027|0000000000026865|100.00
06032026|940453|0000000000000001|0000000000001040|0000000000000001|0000000000001040|100.00
06032026|940473|0000000000000030|0000000000031689|0000000000000030|0000000000031669|100.00
06032026|940479|0000000000000096|0000000000104640|0000000000000096|0000000000104639|100.00
06032026|940483|0000000000000010|0000000000010310|0000000000000010|0000000000010310|100.00
06032026|940487|0000000000001002|0000000000986970|0000000000001002|0000000000986970|100.00
06032026|940509|0000000000001500|0000000001492500|0000000000001500|0000000001490000|100.00
06032026|940523|0000000000000010|0000000000009750|0000000000000010|0000000000009750|100.00
06032026|940529|0000000000000005|0000000000004875|0000000000000005|0000000000004875|100.00
06032026|940559|0000000000000300|0000000000298404|0000000000000300|0000000000298404|100.00
06032026|940601|0000000000000248|0000000000247916|0000000000000264|0000000000263339|093.94
06032026|940609|0000000000000140|0000000000145432|0000000000000140|0000000000145424|100.00
06032026|940635|0000000000000100|0000000000098200|0000000000000100|0000000000098200|100.00
06032026|940637|0000000000000081|0000000000079542|0000000000000091|0000000000088876|089.01
06032026|940641|0000000000000010|0000000000010000|0000000000000010|0000000000010036|100.00
06032026|940655|0000000000000100|0000000000099000|0000000000000100|0000000000099000|100.00
06032026|940657|0000000000000014|0000000000014343|0000000000000024|0000000000024463|058.33
06032026|940659|0000000000000003|0000000000003027|0000000000000003|0000000000003027|100.00
06032026|940663|0000000000000049|0000000000050401|0000000000000069|0000000000070625|071.01
06032026|940675|0000000000000200|0000000000196000|0000000000000200|0000000000196000|100.00
06032026|940681|0000000000000136|0000000000134640|0000000000000136|0000000000134640|100.00
06032026|940683|0000000000000027|0000000000026736|0000000000000027|0000000000026735|100.00
06032026|940691|0000000000000150|0000000000151050|0000000000000150|0000000000151050|100.00
06032026|940695|0000000000000009|0000000000009081|0000000000000009|0000000000009080|100.00
06032026|940699|0000000000000015|0000000000015000|0000000000000015|0000000000015000|100.00
06032026|940705|0000000000000053|0000000000052013|0000000000000061|0000000000059742|086.89
06032026|940709|0000000000000103|0000000000102691|0000000000000113|0000000000112620|091.15
06032026|940713|0000000000000346|0000000000345585|0000000000000382|0000000000381476|090.58
06032026|940715|0000000000000118|0000000000116820|0000000000000118|0000000000116704|100.00
06032026|940717|0000000000000020|0000000000020157|0000000000000020|0000000000020156|100.00
06032026|940725|0000000000000001|0000000000000999|0000000000000001|0000000000000999|100.00
06032026|940735|0000000000000004|0000000000003940|0000000000000006|0000000000005850|066.67
06032026|940743|0000000000000010|0000000000009847|0000000000000010|0000000000009846|100.00
06032026|940751|0000000000000151|0000000000150849|0000000000000151|0000000000150858|100.00
06032026|940753|0000000000000010|0000000000009900|0000000000000020|0000000000019504|050.00
06032026|940757|0000000000000010|0000000000009013|0000000000000010|0000000000009012|100.00
06032026|940763|0000000000000008|0000000000008080|0000000000000008|0000000000008080|100.00
06032026|940765|0000000000000170|0000000000170000|0000000000000170|0000000000170000|100.00
06032026|940789|0000000000000222|0000000000214879|0000000000000222|0000000000217517|100.00
06032026|940797|0000000000000044|0000000000044440|0000000000000044|0000000000044440|100.00
06032026|940799|0000000000000230|0000000000225124|0000000000000230|0000000000224968|100.00
06032026|940801|0000000000000010|0000000000010000|0000000000000010|0000000000010000|100.00
06032026|940807|0000000000000023|0000000000022885|0000000000000023|0000000000022885|100.00
06032026|940819|0000000000000036|0000000000035784|0000000000000036|0000000000035714|100.00
06032026|940835|0000000000000017|0000000000017340|0000000000000017|0000000000017340|100.00
06032026|940837|0000000000000100|0000000000099500|0000000000000100|0000000000099500|100.00
06032026|940841|0000000000000266|0000000000267596|0000000000000266|0000000000266768|100.00
06032026|940845|0000000000000005|0000000000004925|0000000000000010|0000000000010010|050.00
06032026|940855|0000000000000682|0000000000688964|0000000000000732|0000000000740345|093.17
06032026|940859|0000000000000330|0000000000317804|0000000000000336|0000000000323828|098.21
06032026|940862|0000000000000010|0000000000009680|0000000000000010|0000000000009680|100.00
06032026|940864|0000000000000030|0000000000029700|0000000000000030|0000000000029599|100.00
06032026|940866|0000000000000053|0000000000050780|0000000000000104|0000000000099324|050.96
06032026|940872|0000000000000171|0000000000165528|0000000000000191|0000000000184263|089.53
06032026|940874|0000000000000010|0000000000009690|0000000000000010|0000000000009690|100.00
06032026|940878|0000000000000025|0000000000023500|0000000000000025|0000000000023665|100.00
06032026|940886|0000000000000002|0000000000001994|0000000000000002|0000000000001948|100.00
06032026|940894|0000000000000025|0000000000024513|0000000000000025|0000000000024580|100.00
06032026|940896|0000000000000027|0000000000024873|0000000000000027|0000000000025063|100.00
06032026|940902|0000000000000001|0000000000000994|0000000000000001|0000000000000994|100.00
06032026|940904|0000000000000050|0000000000049400|0000000000000051|0000000000048488|098.04
06032026|940906|0000000000000050|0000000000048500|0000000000000050|0000000000048500|100.00
06032026|940915|0000000000000005|0000000000004645|0000000000000005|0000000000004645|100.00
06032026|940917|0000000000102000|0000000012732660|0000000000102000|0000000012737220|100.00
06032026|940919|0000000000102000|0000000012732660|0000000000102000|0000000012735400|100.00
06032026|940921|0000000000102042|0000000012737903|0000000000102042|0000000012740642|100.00
06032026|940923|0000000000102079|0000000012741501|0000000000102079|0000000012745251|100.00
06032026|940925|0000000000102114|0000000012723405|0000000000102114|0000000012745546|100.00
06032026|940927|0000000000102102|0000000012741309|0000000000102102|0000000012743138|100.00
06032026|940929|0000000000102000|0000000012725520|0000000000102000|0000000012726440|100.00
06032026|940931|0000000000102126|0000000012724900|0000000000102126|0000000012748062|100.00
06032026|954527|0000000000000005|0000000001307480|0000000000000005|0000000001307480|100.00
06032026|957810|0000000000000002|0000000002106800|0000000000000002|0000000002106800|100.00
06032026|961708|0000000000000095|0000000000310650|0000000000000095|0000000000310650|100.00
06032026|961714|0000000000000024|0000000000395640|0000000000000024|0000000000395940|100.00
06032026|961728|0000000000000342|0000000000361498|0000000000000342|0000000000361793|100.00
06032026|961732|0000000000001250|0000000001317500|0000000000001769|0000000001863272|070.66
06032026|961734|0000000000000052|0000000000053389|0000000000000052|0000000000053388|100.00
06032026|961744|0000000000000032|0000000000034640|0000000000000033|0000000000035679|096.97
06032026|961765|0000000000001000|0000000001038010|0000000000001000|0000000001038010|100.00
06032026|961785|0000000000000100|0000000000110900|0000000000000100|0000000000110900|100.00
06032026|961798|0000000000001000|0000000001220900|0000000000001560|0000000001896079|064.10
06032026|961803|0000000000000044|0000000000048576|0000000000000044|0000000000048576|100.00
06032026|961804|0000000000000069|0000000000085067|0000000000000069|0000000000085066|100.00
06032026|961813|0000000000000050|0000000000061500|0000000000000050|0000000000061500|100.00
06032026|961816|0000000000000004|0000000000004948|0000000000000004|0000000000004954|100.00
06032026|961826|0000000000000285|0000000000309804|0000000000000286|0000000000311146|099.65
06032026|961835|0000000000000002|0000000000002468|0000000000000002|0000000000002467|100.00
06032026|961839|0000000000000025|0000000000027350|0000000000000025|0000000000027350|100.00
06032026|961885|0000000000000100|0000000000117500|0000000000000100|0000000000117500|100.00
06032026|972655|0000000000000040|0000000001745600|0000000000000040|0000000001745449|100.00
06032026|972706|0000000000000004|0000000000052044|0000000000000004|0000000000052044|100.00
06032026|973491|0000000000000336|0000000000260132|0000000000000336|0000000000260249|100.00
06032026|974452|0000000000000001|0000000001042000|0000000000000001|0000000001042000|100.00
06032026|974634|0000000000000020|0000000002666840|0000000000000020|0000000002666840|100.00
06032026|974635|0000000000000726|0000000096784556|0000000000000744|0000000099147554|097.58
06032026|974749|0000000000000011|0000000001237225|0000000000000011|0000000001233751|100.00
06032026|974818|0000000000000001|0000000000102240|0000000000000001|0000000000102240|100.00
06032026|974998|0000000000000004|0000000000416000|0000000000000004|0000000000416000|100.00
06032026|974999|0000000000000016|0000000002048000|0000000000000016|0000000002053894|100.00
06032026|975032|0000000000000003|0000000000297333|0000000000000003|0000000000297333|100.00
06032026|975033|0000000000000001|0000000000099270|0000000000000001|0000000000099270|100.00
06032026|975057|0000000000000003|0000000000304500|0000000000000003|0000000000304425|100.00
06032026|975161|0000000000000002|0000000000044966|0000000000000002|0000000000044965|100.00
06032026|975273|0000000000000001|0000000000100000|0000000000000001|0000000000100000|100.00
06032026|975375|0000000000000005|0000000000450000|0000000000000005|0000000000450000|100.00
06032026|975506|0000000000000001|0000000000103000|0000000000000001|0000000000103000|100.00
06032026|975520|0000000000000007|0000000000703401|0000000000000007|0000000000703271|100.00
06032026|975571|0000000000000001|0000000000117000|0000000000000001|0000000000117000|100.00
06032026|975580|0000000000000002|0000000000202000|0000000000000002|0000000000202000|100.00
06032026|975630|0000000000000220|0000000022027786|0000000000000220|0000000022027786|100.00
06032026|975739|0000000000000002|0000000000197302|0000000000000002|0000000000197302|100.00
06032026|975790|0000000000000002|0000000000207000|0000000000000002|0000000000207000|100.00
06032026|975797|0000000000000001|0000000000040000|0000000000000001|0000000000040000|100.00
06032026|975799|0000000000000001|0000000000099600|0000000000000001|0000000000099600|100.00
06032026|975955|0000000000000010|0000000000992006|0000000000000010|0000000000994356|100.00
06032026|976020|0000000000000021|0000000002563869|0000000000000021|0000000002563869|100.00
06032026|976036|0000000000000100|0000000001016000|0000000000000100|0000000001016000|100.00
06032026|976048|0000000000000021|0000000000105014|0000000000000021|0000000000105000|100.00
06032026|976146|0000000000000034|0000000000169490|0000000000000034|0000000000169794|100.00
06032026|976147|0000000000000001|0000000000100331|0000000000000001|0000000000100330|100.00
06032026|976305|0000000000000001|0000000000099790|0000000000000001|0000000000099790|100.00
06032026|976325|0000000000000056|0000000000560560|0000000000000057|0000000000571103|098.25
06032026|976423|0000000000000010|0000000000099900|0000000000000010|0000000000099900|100.00
06032026|976437|0000000000000030|0000000000299700|0000000000000030|0000000000299866|100.00
06032026|976443|0000000000000006|0000000000060007|0000000000000006|0000000000060006|100.00
06032026|976448|0000000000000002|0000000000199910|0000000000000002|0000000000199949|100.00
06032026|976497|0000000000000002|0000000000194000|0000000000000002|0000000000194000|100.00
06032026|976519|0000000000000001|0000000000100000|0000000000000001|0000000000100000|100.00
06032026|976526|0000000000000008|0000000000079760|0000000000000008|0000000000079760|100.00
06032026|976530|0000000000000014|0000000000140174|0000000000000014|0000000000140173|100.00
06032026|976554|0000000000000001|0000000000103650|0000000000000001|0000000000103650|100.00
06032026|976597|0000000000000003|0000000000301057|0000000000000003|0000000000301056|100.00
06032026|976618|0000000000000002|0000000000196425|0000000000000002|0000000000196424|100.00
06032026|976660|0000000000000001|0000000000009755|0000000000000001|0000000000009754|100.00
06032026|976685|0000000000000005|0000000000048250|0000000000000005|0000000000048250|100.00
06032026|976712|0000000000000134|0000000001098800|0000000000000134|0000000001098800|100.00
06032026|976751|0000000000000001|0000000000099000|0000000000000001|0000000000099000|100.00
06032026|976757|0000000000000016|0000000000157760|0000000000000023|0000000000227464|069.57
06032026|976808|0000000000000226|0000000002268835|0000000000000228|0000000002292040|099.12
06032026|976824|0000000000000001|0000000000073500|0000000000000001|0000000000073500|100.00
06032026|976832|0000000000000003|0000000000030205|0000000000000003|0000000000030106|100.00
06032026|976868|0000000000000004|0000000000382204|0000000000000004|0000000000382552|100.00
06032026|976870|0000000000000005|0000000000049000|0000000000000005|0000000000049000|100.00
06032026|976875|0000000000000002|0000000000019800|0000000000000002|0000000000019800|100.00
06032026|976905|0000000000000025|0000000000249053|0000000000000025|0000000000249053|100.00
06032026|511533|0000000000000298|0000000000011622|0000000000000298|0000000000011647|100.00
06032026|511535|0000000000002019|0000000000071094|0000000000002019|0000000000071094|100.00
06032026|511539|0000000000000056|0000000000000852|0000000000000056|0000000000000852|100.00
06032026|511543|0000000000001063|0000000000038470|0000000000001068|0000000000037368|099.53
06032026|511549|0000000000001473|0000000000082636|0000000000001501|0000000000084529|098.13
06032026|511551|0000000000001179|0000000000305244|0000000000001294|0000000000337553|091.11
06032026|511557|0000000003229799|0000000012775993|0000000003229799|0000000012775993|100.00
06032026|511559|0000000000000386|0000000000104240|0000000000000386|0000000000099263|100.00
06032026|511563|0000000000000075|0000000000002985|0000000000000075|0000000000002985|100.00
06032026|511571|0000000000001767|0000000000208418|0000000000002013|0000000000236491|087.78
06032026|511577|0000000000000180|0000000000002706|0000000000000180|0000000000002706|100.00
06032026|511585|0000000000000051|0000000000000155|0000000000000051|0000000000000154|100.00
06032026|511589|0000000000002730|0000000000038575|0000000000003890|0000000000055513|070.18
06032026|511593|0000000000000128|0000000000002176|0000000000000129|0000000000002083|099.22
06032026|511601|0000000000000850|0000000000007140|0000000000000850|0000000000006980|100.00
06032026|511605|0000000000021430|0000000001587106|0000000000028164|0000000002096077|076.09
06032026|511609|0000000000000500|0000000000014800|0000000000000500|0000000000014799|100.00
06032026|511611|0000000000000351|0000000000001475|0000000000000446|0000000000001905|078.70
06032026|511626|0000000000001378|0000000000112142|0000000000001413|0000000000119322|097.52
06032026|511628|0000000000007633|0000000000326998|0000000000010404|0000000000447329|073.37
06032026|511630|0000000000005976|0000000000041653|0000000000006077|0000000000042263|098.34
06032026|511636|0000000000014658|0000000000032688|0000000000016478|0000000000036729|088.95
06032026|511644|0000000000033366|0000000002228464|0000000000033366|0000000002228464|100.00
06032026|511654|0000000000000195|0000000000011180|0000000000000197|0000000000011708|098.98
06032026|511658|0000000000003932|0000000000070659|0000000000004563|0000000000081206|086.17
06032026|511664|0000000000017387|0000000000198038|0000000000044451|0000000000516323|039.11
06032026|511672|0000000000032176|0000000000963350|0000000000038864|0000000001164789|082.79
06032026|511676|0000000000001291|0000000000194748|0000000000001311|0000000000196822|098.47
06032026|511692|0000000000040450|0000000000260903|0000000000042226|0000000000267607|095.79
06032026|511696|0000000000000039|0000000000010257|0000000000000039|0000000000010269|100.00
06032026|511700|0000000006404442|0000000003074133|0000000009950578|0000000004818988|064.36
06032026|511702|0000000000000216|0000000000037088|0000000000000291|0000000000049736|074.23
06032026|511710|0000000000010945|0000000000022109|0000000000013945|0000000000027709|078.49
06032026|511712|0000000000000350|0000000000022404|0000000000000354|0000000000023397|098.87
06032026|511714|0000000000002115|0000000000414858|0000000000009111|0000000001701143|023.21
06032026|511716|0000000000001560|0000000000008580|0000000000001560|0000000000008557|100.00
06032026|511724|0000000000004598|0000000000050900|0000000000005130|0000000000056488|089.63
06032026|511726|0000000000002306|0000000000029101|0000000000002306|0000000000029101|100.00
06032026|511728|0000000000000005|0000000000000085|0000000000000005|0000000000000085|100.00
06032026|511740|0000000000000041|0000000000006109|0000000000000042|0000000000005924|097.62
06032026|511742|0000000000009817|0000000001035694|0000000000016730|0000000001761479|058.68
06032026|511754|0000000000005113|0000000000484202|0000000000006263|0000000000590816|081.64
06032026|511756|0000000000000300|0000000000009835|0000000000000300|0000000000009835|100.00
06032026|511758|0000000000000007|0000000000000495|0000000000000014|0000000000000988|050.00
06032026|511764|0000000000000400|0000000000013492|0000000000000404|0000000000013492|099.01
06032026|511766|0000000000002747|0000000000566707|0000000000003455|0000000000716871|079.51
06032026|511768|0000000000001091|0000000000090695|0000000000002181|0000000000185512|050.02
06032026|512008|0000000000021560|0000000005026714|0000000000029053|0000000006839650|074.21
06032026|512014|0000000000000126|0000000000092270|0000000000000194|0000000000142425|064.95
06032026|512018|0000000000020704|0000000000189442|0000000000024619|0000000000228521|084.10
06032026|512020|0000000000000040|0000000000394000|0000000000000193|0000000001916596|020.73
06032026|512025|0000000000009545|0000000000390582|0000000000032177|0000000001311898|029.66
06032026|512036|0000000000000042|0000000000006088|0000000000000042|0000000000006110|100.00
06032026|512038|0000000000003165|0000000001301290|0000000000007229|0000000003040892|043.78
06032026|512047|0000000000246340|0000000000837556|0000000000280108|0000000000951135|087.94
06032026|512048|0000000000138854|0000000000430448|0000000000178938|0000000000550809|077.60
06032026|512062|0000000000000100|0000000000003890|0000000000000100|0000000000003890|100.00
06032026|512064|0000000000000020|0000000000001021|0000000000000020|0000000000001015|100.00
06032026|512065|0000000000000181|0000000000002414|0000000000000181|0000000000002414|100.00
06032026|512068|0000000000241053|0000000026154251|0000000000480448|0000000052429652|050.17
06032026|512070|0000000000015456|0000000009709460|0000000000030832|0000000019476732|050.13
06032026|512093|0000000000006477|0000000000028306|0000000000006477|0000000000028306|100.00
06032026|512097|0000000000429170|0000000000120168|0000000000573421|0000000000158360|074.84
06032026|512099|0000000000000001|0000000000001001|0000000000000001|0000000000001001|100.00
06032026|512103|0000000000000696|0000000000193488|0000000000001199|0000000000339527|058.05
06032026|512115|0000000000064228|0000000004097105|0000000000067232|0000000004294988|095.53
06032026|512131|0000000000000292|0000000000013345|0000000000004208|0000000000190787|006.94
06032026|512149|0000000005873679|0000000006390819|0000000005873679|0000000006390819|100.00
06032026|512161|0000000000006494|0000000000138907|0000000000007990|0000000000175920|081.28
06032026|512165|0000000000000579|0000000000013462|0000000000000602|0000000000013601|096.18
06032026|512175|0000000000002700|0000000000010611|0000000000003492|0000000000013781|077.32
06032026|512179|0000000000001907|0000000000717032|0000000000004598|0000000001749488|041.47
06032026|512197|0000000000001864|0000000000007422|0000000000001864|0000000000007422|100.00
06032026|512217|0000000000286314|0000000006774190|0000000000468305|0000000011235057|061.14
06032026|512229|0000000000008074|0000000001334553|0000000000008074|0000000001334553|100.00
06032026|512237|0000000000009181|0000000000915805|0000000000019231|0000000001951338|047.74
06032026|512247|0000000000023003|0000000000057968|0000000000033339|0000000000084150|069.00
06032026|512257|0000000000065499|0000000000240382|0000000000067442|0000000000243550|097.12
06032026|512267|0000000000012725|0000000000139339|0000000000031470|0000000000350520|040.44
06032026|512277|0000000000002197|0000000000918766|0000000000002197|0000000000918766|100.00
06032026|512296|0000000000001097|0000000000176069|0000000000002955|0000000000474772|037.12
06032026|512297|0000000000013993|0000000000590644|0000000000013993|0000000000590644|100.00
06032026|512301|0000000000004679|0000000000109787|0000000000004679|0000000000109787|100.00
06032026|512329|0000000000003881|0000000001733255|0000000000007673|0000000003457570|050.58
06032026|512344|0000000000001878|0000000000010504|0000000000001878|0000000000010504|100.00
06032026|512345|0000000000000504|0000000000104757|0000000000000504|0000000000104757|100.00
06032026|512361|0000000000070498|0000000002077577|0000000000080415|0000000002376978|087.67
06032026|512379|0000000000300292|0000000000756736|0000000000376771|0000000000946140|079.70
06032026|512381|0000000000001166|0000000000312488|0000000000004377|0000000001161215|026.64
06032026|512393|0000000000000289|0000000000008084|0000000000000290|0000000000007967|099.66
06032026|512399|0000000000055816|0000000001955235|0000000000090013|0000000003276401|062.01
06032026|512415|0000000000113695|0000000000698088|0000000000121994|0000000000731585|093.20
06032026|512437|0000000000000326|0000000000130400|0000000000000411|0000000000164768|079.32
06032026|512441|0000000003521497|0000000001584674|0000000005586316|0000000002483074|063.04
06032026|512443|0000000000040101|0000000000557805|0000000000042304|0000000000595850|094.79
06032026|512453|0000000000000846|0000000000501086|0000000000001028|0000000000612823|082.30
06032026|512455|0000000000010668|0000000012622378|0000000000027058|0000000032363401|039.43
06032026|512463|0000000000068146|0000000003243069|0000000000206332|0000000009954760|033.03
06032026|512477|0000000000000065|0000000000023277|0000000000000065|0000000000023277|100.00
06032026|512485|0000000000000001|0000000000000082|0000000000000001|0000000000000081|100.00
06032026|512489|0000000000003464|0000000000047457|0000000000003485|0000000000050674|099.40
06032026|512493|0000000000003634|0000000000220768|0000000000003634|0000000000220768|100.00
06032026|512499|0000000000024678|0000000000012093|0000000000024678|0000000000012092|100.00
06032026|512519|0000000000000723|0000000000065793|0000000000000732|0000000000063262|098.77
06032026|512527|0000000000002843|0000000001822079|0000000000002851|0000000001833288|099.72
06032026|512529|0000000000020816|0000000004225648|0000000000025918|0000000005280035|080.31
06032026|512531|0000000000000157|0000000000017247|0000000000000211|0000000000023308|074.41
06032026|512559|0000000000004714|0000000000121386|0000000000005652|0000000000143805|083.40
06032026|512573|0000000000007756|0000000009045823|0000000000024165|0000000028550136|032.10
06032026|512587|0000000000004676|0000000000163801|0000000000005517|0000000000195134|084.76
06032026|512589|0000000000000247|0000000000039953|0000000000001072|0000000000172965|023.04
06032026|512591|0000000002813228|0000000002447813|0000000002813228|0000000002447813|100.00
06032026|512595|0000000000005064|0000000003823035|0000000000005064|0000000003823035|100.00
06032026|512597|0000000000000174|0000000000045780|0000000000000174|0000000000047010|100.00
06032026|512599|0000000000020510|0000000041815788|0000000000050131|0000000103268801|040.91
06032026|512600|0000000000015864|0000000001224543|0000000000019710|0000000001482212|080.49
06032026|512604|0000000000005279|0000000000039857|0000000000005829|0000000000048389|090.56
06032026|512608|0000000000113418|0000000000305095|0000000000134098|0000000000359381|084.58
06032026|512618|0000000000001602|0000000000016181|0000000000002702|0000000000027216|059.29
06032026|512624|0000000000009861|0000000000056898|0000000000014975|0000000000085386|065.85
06032026|512626|0000000000000468|0000000000076027|0000000000000471|0000000000076353|099.36
06032026|512634|0000000000006240|0000000000999960|0000000000006744|0000000001093239|092.53
06032026|513005|0000000000000267|0000000000011343|0000000000000275|0000000000011187|097.09
06032026|513023|0000000000002577|0000000001457552|0000000000003903|0000000002224485|066.03
06032026|513043|0000000000004634|0000000000631383|0000000000004634|0000000000637813|100.00
06032026|513059|0000000000007140|0000000000229194|0000000000010169|0000000000330080|070.21
06032026|513063|0000000000000371|0000000000007958|0000000000000382|0000000000008087|097.12
06032026|513097|0000000000000472|0000000000200482|0000000000001062|0000000000451922|044.44
06032026|513108|0000000000000191|0000000000160880|0000000000000223|0000000000187522|085.65
06032026|513117|0000000000004330|0000000000029271|0000000000007221|0000000000048504|059.96
06032026|513121|0000000000105406|0000000006729120|0000000000107232|0000000006989213|098.30
06032026|513149|0000000000000001|0000000000000682|0000000000000001|0000000000000682|100.00
06032026|513173|0000000000000118|0000000000002478|0000000000000227|0000000000004911|051.98
06032026|513228|0000000000024034|0000000003387593|0000000000043364|0000000006168915|055.42
06032026|513250|0000000000165474|0000000001845036|0000000000240205|0000000002702717|068.89
06032026|513252|0000000000000233|0000000000181985|0000000000000238|0000000000190246|097.90
06032026|513262|0000000000001039|0000000000203644|0000000000001403|0000000000276804|074.06
06032026|513269|0000000000013768|0000000005587055|0000000000041179|0000000016495443|033.43
06032026|513295|0000000000002799|0000000000497383|0000000000003073|0000000000556091|091.08
06032026|513303|0000000000001698|0000000000022873|0000000000001954|0000000000025496|086.90
06032026|513307|0000000000000619|0000000001069848|0000000000000619|0000000001069848|100.00
06032026|513309|0000000000044720|0000000000342556|0000000000048350|0000000000372150|092.49
06032026|513337|0000000001483743|0000000000860571|0000000002448374|0000000001413105|060.60
06032026|513349|0000000000010281|0000000001265592|0000000000016903|0000000002103082|060.82
06032026|513353|0000000000002480|0000000000592720|0000000000002691|0000000000646036|092.16
06032026|513361|0000000000114339|0000000001705938|0000000000142413|0000000002117205|080.29
06032026|513369|0000000000000137|0000000000017810|0000000000000255|0000000000033050|053.73
06032026|513375|0000000000002898|0000000002332456|0000000000004469|0000000003609742|064.85
06032026|513377|0000000000024850|0000000001417444|0000000000068977|0000000003953412|036.03
06032026|513397|0000000000000718|0000000000008616|0000000000000719|0000000000007876|099.86
06032026|513418|0000000000045876|0000000000252318|0000000000052039|0000000000289754|088.16
06032026|513422|0000000000000103|0000000000003209|0000000000000103|0000000000003206|100.00
06032026|513452|0000000000000049|0000000000000513|0000000000000049|0000000000000511|100.00
06032026|513456|0000000000001613|0000000000087361|0000000000002827|0000000000154625|057.06
06032026|513472|0000000000007058|0000000003230447|0000000000007520|0000000003442043|093.86
06032026|513488|0000000000000118|0000000000002300|0000000000000119|0000000000002329|099.16
06032026|513496|0000000000000338|0000000000088589|0000000000000338|0000000000088589|100.00
06032026|513498|0000000000000322|0000000000024804|0000000000000324|0000000000025244|099.38
06032026|513502|0000000000051491|0000000000449758|0000000000051491|0000000000449758|100.00
06032026|513509|0000000000000008|0000000000004752|0000000000000008|0000000000004752|100.00
06032026|513511|0000000000000014|0000000000004480|0000000000000023|0000000000007491|060.87
06032026|513513|0000000000002099|0000000000020990|0000000000002099|0000000000020520|100.00
06032026|513517|0000000000000270|0000000000061182|0000000000000279|0000000000063645|096.77
06032026|513519|0000000000000933|0000000000818988|0000000000001685|0000000001469688|055.37
06032026|513528|0000000000001095|0000000000070682|0000000000001095|0000000000070682|100.00
06032026|513532|0000000000002830|0000000000972954|0000000000006540|0000000002248451|043.27
06032026|513536|0000000000028345|0000000002818911|0000000000039943|0000000003980525|070.96
06032026|513540|0000000000000100|0000000000002350|0000000000000100|0000000000002350|100.00
06032026|513548|0000000000000218|0000000000035894|0000000000000239|0000000000039325|091.21
06032026|513554|0000000000000403|0000000000337594|0000000000000724|0000000000589202|055.66
06032026|513566|0000000000001376|0000000000017118|0000000000001489|0000000000018847|092.41
06032026|513575|0000000000001449|0000000000033067|0000000000001685|0000000000038154|085.99
06032026|513579|0000000000000054|0000000000000331|0000000000000054|0000000000000331|100.00
06032026|513599|0000000000138423|0000000077295404|0000000000373094|0000000208388379|037.10
06032026|513629|0000000000008816|0000000000186371|0000000000008817|0000000000186968|099.99
06032026|513642|0000000000000037|0000000000001739|0000000000000037|0000000000001686|100.00
06032026|513683|0000000000040015|0000000010253844|0000000000110824|0000000028627901|036.11
06032026|513687|0000000000001000|0000000000004991|0000000000001000|0000000000004991|100.00
06032026|513693|0000000000001012|0000000000029348|0000000000001327|0000000000039346|076.26
06032026|513699|0000000000001285|0000000000032472|0000000000001998|0000000000051940|064.31
06032026|513709|0000000000011144|0000000001909525|0000000000011355|0000000001995590|098.14
06032026|513713|0000000000010430|0000000000040052|0000000000012615|0000000000048059|082.68
06032026|513721|0000000000000430|0000000000007310|0000000000000430|0000000000007310|100.00
06032026|513729|0000000000000035|0000000000000867|0000000000000069|0000000000001717|050.72
06032026|514010|0000000000161840|0000000003482797|0000000000179001|0000000003883557|090.41
06032026|514028|0000000000002048|0000000000068875|0000000000002359|0000000000079200|086.82
06032026|514030|0000000000000412|0000000000049234|0000000000000472|0000000000054835|087.29
06032026|514036|0000000000000005|0000000000001069|0000000000000005|0000000000001069|100.00
06032026|514043|0000000000012819|0000000001184220|0000000000019790|0000000001841286|064.78
06032026|514045|0000000000002536|0000000000334626|0000000000002716|0000000000355103|093.37
06032026|514060|0000000000013559|0000000000066168|0000000000020730|0000000000099799|065.41
06032026|514087|0000000000000209|0000000000011278|0000000000000310|0000000000016686|067.42
06032026|514113|0000000000000051|0000000000001071|0000000000000051|0000000000001071|100.00
06032026|514128|0000000000000009|0000000000000333|0000000000000009|0000000000000333|100.00
06032026|514138|0000000000000697|0000000000218022|0000000000001039|0000000000329801|067.08
06032026|514142|0000000000004637|0000000000042249|0000000000004637|0000000000042249|100.00
06032026|514162|0000000000045740|0000000005504809|0000000000110989|0000000013418945|041.21
06032026|514165|0000000000023147|0000000000122448|0000000000032046|0000000000172781|072.23
06032026|514167|0000000000293764|0000000206897986|0000000000299842|0000000229806118|097.97
06032026|514171|0000000000000536|0000000000023819|0000000000000536|0000000000023819|100.00
06032026|514175|0000000000019260|0000000000161766|0000000000019260|0000000000161766|100.00
06032026|514183|0000000000004945|0000000000397776|0000000000005619|0000000000450228|088.00
06032026|514197|0000000000004350|0000000000018749|0000000000007568|0000000000031681|057.48
06032026|514211|0000000000024926|0000000000762238|0000000000030025|0000000000901675|083.02
06032026|514223|0000000000000405|0000000000007739|0000000000000405|0000000000007739|100.00
06032026|514234|0000000000000257|0000000000111166|0000000000000286|0000000000123347|089.86
06032026|514238|0000000000004763|0000000003891610|0000000000004867|0000000003966347|097.86
06032026|514240|0000000000002278|0000000000014876|0000000000003337|0000000000021531|068.26
06032026|514260|0000000000000050|0000000000001949|0000000000000050|0000000000001948|100.00
06032026|514264|0000000000000005|0000000000000099|0000000000000005|0000000000000098|100.00
06032026|514266|0000000000001318|0000000000066059|0000000000001318|0000000000066551|100.00
06032026|514272|0000000000000161|0000000000017871|0000000000000162|0000000000017985|099.38
06032026|514274|0000000000003754|0000000000242997|0000000000004640|0000000000297269|080.91
06032026|514280|0000000000002621|0000000000328936|0000000000003068|0000000000389082|085.43
06032026|514286|0000000000032775|0000000000456556|0000000000036861|0000000000530923|088.92
06032026|514300|0000000000001580|0000000000038442|0000000000001868|0000000000046939|084.58
06032026|514302|0000000000000894|0000000000141387|0000000000000895|0000000000139037|099.89
06032026|514312|0000000000000001|0000000000000052|0000000000000001|0000000000000052|100.00
06032026|514316|0000000000000003|0000000000000345|0000000000000003|0000000000000347|100.00
06032026|514318|0000000000000172|0000000000069720|0000000000000172|0000000000069720|100.00
06032026|514322|0000000000000485|0000000000043335|0000000000000765|0000000000069289|063.40
06032026|514324|0000000000000361|0000000000254726|0000000000000361|0000000000254726|100.00
06032026|514326|0000000000001280|0000000000009511|0000000000001317|0000000000009804|097.19
06032026|514330|0000000000022635|0000000013135640|0000000000022635|0000000013135640|100.00
06032026|514332|0000000000003190|0000000000138734|0000000000003241|0000000000137313|098.43
06032026|514336|0000000000001079|0000000000089952|0000000000001079|0000000000089952|100.00
06032026|514348|0000000000000700|0000000000001265|0000000000000700|0000000000001265|100.00
06032026|514354|0000000000014126|0000000000822275|0000000000017933|0000000001046429|078.77
06032026|514358|0000000000000103|0000000000010048|0000000000000134|0000000000012312|076.87
06032026|514360|0000000000056243|0000000001451632|0000000000077887|0000000002022548|072.21
06032026|514378|0000000000001493|0000000000020156|0000000000002027|0000000000026525|073.66
06032026|514386|0000000000158295|0000000001435736|0000000000161659|0000000001472427|097.92
06032026|514400|0000000000001976|0000000000044842|0000000000001976|0000000000044842|100.00
06032026|514402|0000000000023487|0000000000284428|0000000000038696|0000000000475046|060.70
06032026|514412|0000000000000004|0000000000000643|0000000000000004|0000000000000643|100.00
06032026|514418|0000000000000060|0000000000024669|0000000000000060|0000000000024676|100.00
06032026|514428|0000000000000181|0000000000052852|0000000000000203|0000000000059719|089.16
06032026|514440|0000000000051086|0000000002371244|0000000000051086|0000000002371244|100.00
06032026|514442|0000000000000477|0000000000009493|0000000000000541|0000000000010706|088.17
06032026|514448|0000000000015476|0000000012853592|0000000000028427|0000000023658777|054.44
06032026|514454|0000000000359129|0000000009441502|0000000000364376|0000000009565559|098.56
06032026|514460|0000000000000013|0000000000000199|0000000000000013|0000000000000199|100.00
06032026|514470|0000000000074281|0000000005288065|0000000000083344|0000000006007602|089.13
06032026|515008|0000000000054393|0000000012942815|0000000000097374|0000000023079372|055.86
06032026|515018|0000000000000020|0000000000000860|0000000000000039|0000000000001703|051.28
06032026|515030|0000000000001914|0000000001587663|0000000000003564|0000000002972172|053.70
06032026|515037|0000000000000607|0000000000018951|0000000000000737|0000000000022996|082.36
06032026|515043|0000000000012734|0000000001229086|0000000000020727|0000000001994408|061.44
06032026|515055|0000000000054434|0000000026631835|0000000000120790|0000000059468697|045.06
06032026|515059|0000000000000213|0000000000006124|0000000000000220|0000000000006332|096.82
06032026|515085|0000000000005630|0000000000035695|0000000000005849|0000000000035806|096.26
06032026|515147|0000000000026143|0000000002287252|0000000000037104|0000000003317840|070.46
06032026|516003|0000000000001789|0000000000238116|0000000000002453|0000000000324886|072.93
06032026|516016|0000000000000066|0000000000009844|0000000000000066|0000000000009844|100.00
06032026|516020|0000000000000153|0000000000000593|0000000000000153|0000000000000620|100.00
06032026|516022|0000000000001150|0000000000158700|0000000000004938|0000000000677959|023.29
06032026|516030|0000000000003523|0000000000290895|0000000000004605|0000000000383161|076.50
06032026|516032|0000000000009486|0000000000060237|0000000000013192|0000000000081784|071.91
06032026|516038|0000000000004825|0000000001050421|0000000000004825|0000000001050421|100.00
06032026|516062|0000000000002991|0000000000018663|0000000000002991|0000000000018663|100.00
06032026|516064|0000000000000421|0000000000159475|0000000000000651|0000000000246741|064.67
06032026|516072|0000000000002228|0000000001091609|0000000000003147|0000000001543659|070.80
06032026|516078|0000000000000586|0000000000035893|0000000000000593|0000000000035193|098.82
06032026|516082|0000000000000029|0000000000013281|0000000000000029|0000000000012826|100.00
06032026|516096|0000000000000085|0000000000015343|0000000000000086|0000000000015354|098.84
06032026|516098|0000000000003168|0000000000027625|0000000000005540|0000000000046662|057.18
06032026|516106|0000000000004143|0000000000025687|0000000000004243|0000000000026377|097.64
06032026|516108|0000000000001330|0000000000120432|0000000000001539|0000000000139318|086.42
06032026|516110|0000000000058805|0000000000177004|0000000000083840|0000000000254435|070.14
06032026|517015|0000000000000554|0000000000557297|0000000000000571|0000000000574792|097.02
06032026|517035|0000000000043553|0000000007517248|0000000000089344|0000000015372823|048.75
06032026|517041|0000000000000177|0000000000178487|0000000000000207|0000000000210058|085.51
06032026|517059|0000000000001080|0000000000655020|0000000000002061|0000000001263005|052.40
06032026|517063|0000000000000867|0000000000115355|0000000000000949|0000000000126072|091.36
06032026|517077|0000000000000541|0000000000027591|0000000000000541|0000000000027643|100.00
06032026|517096|0000000000004058|0000000000281463|0000000000006915|0000000000490728|058.68
06032026|517119|0000000000003266|0000000000062054|0000000000003550|0000000000067920|092.00
06032026|517146|0000000000005721|0000000002395097|0000000000011497|0000000004826999|049.76
06032026|517166|0000000000014380|0000000002045555|0000000000027943|0000000003984933|051.46
06032026|517168|0000000000002270|0000000001629633|0000000000002810|0000000002031717|080.78
06032026|517170|0000000000022676|0000000000490256|0000000000032788|0000000000707787|069.16
06032026|517174|0000000000000073|0000000002187807|0000000000000102|0000000003059034|071.57
06032026|517201|0000000000000640|0000000000051659|0000000000000640|0000000000051659|100.00
06032026|517206|0000000000000415|0000000002318522|0000000000000806|0000000004542390|051.49
06032026|517214|0000000000002080|0000000000035464|0000000000002080|0000000000035937|100.00
06032026|517230|0000000000000018|0000000000000268|0000000000000018|0000000000000268|100.00
06032026|517236|0000000000006837|0000000000521048|0000000000006852|0000000000525876|099.78
06032026|517238|0000000000000001|0000000000000170|0000000000000002|0000000000000348|050.00
06032026|517246|0000000000014528|0000000002426903|0000000000021452|0000000003572805|067.72
06032026|517258|0000000000000647|0000000000091227|0000000000000761|0000000000115480|085.02
06032026|517264|0000000000000251|0000000000020856|0000000000000493|0000000000040701|050.91
06032026|517271|0000000000062253|0000000042126606|0000000000187343|0000000127038773|033.23
06032026|517273|0000000000000491|0000000000164348|0000000000000491|0000000000164348|100.00
06032026|517286|0000000000124402|0000000005976550|0000000000124402|0000000005976550|100.00
06032026|517288|0000000000014015|0000000000796753|0000000000014115|0000000000792666|099.29
06032026|517300|0000000000006136|0000000000831122|0000000000009265|0000000001264474|066.23
06032026|517320|0000000000011549|0000000000773874|0000000000011549|0000000000773874|100.00
06032026|517334|0000000000289282|0000000035494902|0000000000509280|0000000063271445|056.80
06032026|517344|0000000000001157|0000000000226136|0000000000001651|0000000000325248|070.08
06032026|517354|0000000000008618|0000000011632577|0000000000017656|0000000023972348|048.81
06032026|517356|0000000000412311|0000000000478466|0000000000412311|0000000000478466|100.00
06032026|517360|0000000000000711|0000000000012791|0000000000000774|0000000000013393|091.86
06032026|517370|0000000000000464|0000000000044869|0000000000000495|0000000000041343|093.74
06032026|517372|0000000000001896|0000000000811678|0000000000002605|0000000001111557|072.78
06032026|517380|0000000000001369|0000000000445815|0000000000001937|0000000000636053|070.68
06032026|517385|0000000000003089|0000000002335439|0000000000004529|0000000003440438|068.20
06032026|517393|0000000000053684|0000000000499338|0000000000053684|0000000000499338|100.00
06032026|517397|0000000000000160|0000000000006716|0000000000000182|0000000000007227|087.91
06032026|517399|0000000000000033|0000000000000127|0000000000000033|0000000000000127|100.00
06032026|517411|0000000000000327|0000000000003172|0000000000000359|0000000000003607|091.09
06032026|517415|0000000000025392|0000000000197941|0000000000025392|0000000000197941|100.00
06032026|517417|0000000000008050|0000000001939245|0000000000009461|0000000002302913|085.09
06032026|517421|0000000000000237|0000000000141845|0000000000000307|0000000000182340|077.20
06032026|517429|0000000000005078|0000000000370694|0000000000005188|0000000000373901|097.88
06032026|517431|0000000000026077|0000000000572651|0000000000042060|0000000000941318|062.00
06032026|517437|0000000000000002|0000000000000222|0000000000000002|0000000000000217|100.00
06032026|517447|0000000000008901|0000000000287058|0000000000010606|0000000000351957|083.92
06032026|517449|0000000000000911|0000000000860303|0000000000001134|0000000001055746|080.34
06032026|517467|0000000000131430|0000000017683907|0000000000220979|0000000030023569|059.48
06032026|517477|0000000000000207|0000000000068321|0000000000000327|0000000000108287|063.30
06032026|517494|0000000000003318|0000000000040779|0000000000003569|0000000000043604|092.97
06032026|517498|0000000000091460|0000000004829088|0000000000170104|0000000009090139|053.77
06032026|517500|0000000000009009|0000000000494144|0000000000015828|0000000000878266|056.92
06032026|517506|0000000000004624|0000000002167038|0000000000005445|0000000002564063|084.92
06032026|517514|0000000000012569|0000000001879066|0000000000017762|0000000002621154|070.76
06032026|517522|0000000000006249|0000000002473667|0000000000008558|0000000003403732|073.02
06032026|517530|0000000000004916|0000000000084998|0000000000005517|0000000000095689|089.11
06032026|517536|0000000000000995|0000000000248651|0000000000001267|0000000000323226|078.53
06032026|517544|0000000000003141|0000000008964100|0000000000006433|0000000018494098|048.83
06032026|517546|0000000000039702|0000000001782620|0000000000062593|0000000002862458|063.43
06032026|517554|0000000000452120|0000000000366218|0000000000680419|0000000000557580|066.45
06032026|517556|0000000000042135|0000000001151129|0000000000043293|0000000001186803|097.33
06032026|517562|0000000000011439|0000000000554792|0000000000012981|0000000000632876|088.12
06032026|517569|0000000000009696|0000000047711108|0000000000020385|0000000101063186|047.56
06032026|518011|0000000000000033|0000000000001980|0000000000000037|0000000000002111|089.19
06032026|518053|0000000000000655|0000000000025401|0000000000000704|0000000000026528|093.04
06032026|518075|0000000000005131|0000000001223522|0000000000005131|0000000001223522|100.00
06032026|518091|0000000000000697|0000000000082246|0000000000000813|0000000000096406|085.73
06032026|519003|0000000000000110|0000000000030800|0000000000000111|0000000000031843|099.10
06032026|519091|0000000000000083|0000000000579370|0000000000000097|0000000000676230|085.57
06032026|519097|0000000000000775|0000000000043400|0000000000000775|0000000000043400|100.00
06032026|519105|0000000000002531|0000000000154138|0000000000002674|0000000000163265|094.65
06032026|519126|0000000000000412|0000000000196030|0000000000000594|0000000000282192|069.36
06032026|519136|0000000000001434|0000000000132473|0000000000001529|0000000000141267|093.79
06032026|519152|0000000000000010|0000000000098600|0000000000000010|0000000000098886|100.00
06032026|519156|0000000000000413|0000000002110265|0000000000000515|0000000002637271|080.19
06032026|519174|0000000000000546|0000000000005187|0000000000000546|0000000000005187|100.00
06032026|519183|0000000000001971|0000000000373505|0000000000003071|0000000000585933|064.18
06032026|519191|0000000000019075|0000000000027411|0000000000019075|0000000000027411|100.00
06032026|519214|0000000000000015|0000000000000121|0000000000000015|0000000000000120|100.00
06032026|519216|0000000000023909|0000000000545126|0000000000028513|0000000000650636|083.85
06032026|519230|0000000000001928|0000000000035996|0000000000001929|0000000000035303|099.95
06032026|519234|0000000000000786|0000000000027173|0000000000001032|0000000000035915|076.16
06032026|519238|0000000000000219|0000000000010070|0000000000000269|0000000000012083|081.41
06032026|519262|0000000000000202|0000000000003489|0000000000000206|0000000000003277|098.06
06032026|519285|0000000000001026|0000000000006151|0000000000001026|0000000000006151|100.00
06032026|519287|0000000000020724|0000000000689488|0000000000021842|0000000000722279|094.88
06032026|519295|0000000000001938|0000000000381496|0000000000002041|0000000000403214|094.95
06032026|519299|0000000000018017|0000000000648432|0000000000019123|0000000000696589|094.22
06032026|519307|0000000000034716|0000000000036773|0000000000034716|0000000000036773|100.00
06032026|519331|0000000000001113|0000000000045511|0000000000001330|0000000000052642|083.68
06032026|519359|0000000000000512|0000000000036593|0000000000000720|0000000000052707|071.11
06032026|519367|0000000000000010|0000000000004730|0000000000000010|0000000000004730|100.00
06032026|519383|0000000000000632|0000000000027461|0000000000001790|0000000000078607|035.31
06032026|519397|0000000000083807|0000000012210680|0000000000213091|0000000031461566|039.33
06032026|519421|0000000000013972|0000000002777634|0000000000016196|0000000003249130|086.27
06032026|519457|0000000000009069|0000000000258376|0000000000011104|0000000000313142|081.67
06032026|519463|0000000000002857|0000000002162178|0000000000002857|0000000002162178|100.00
06032026|519471|0000000000001601|0000000000265606|0000000000001877|0000000000317072|085.30
06032026|519475|0000000000000368|0000000000026864|0000000000000370|0000000000024998|099.46
06032026|519477|0000000000034672|0000000041183117|0000000000034672|0000000041183117|100.00
06032026|519479|0000000000000006|0000000000000061|0000000000000012|0000000000000114|050.00
06032026|519500|0000000000002231|0000000000019968|0000000000003345|0000000000029984|066.70
06032026|519532|0000000000058944|0000000000535212|0000000000061138|0000000000554364|096.41
06032026|519552|0000000000015754|0000000004836478|0000000000021052|0000000006568681|074.83
06032026|519566|0000000000000526|0000000000080478|0000000000000526|0000000000080403|100.00
06032026|519574|0000000000003011|0000000000123542|0000000000003215|0000000000132698|093.65
06032026|519600|0000000000005966|0000000006011044|0000000000010932|0000000011066639|054.57
06032026|519602|0000000000063146|0000000001077903|0000000000121494|0000000002102178|051.97
06032026|519604|0000000000011267|0000000000210468|0000000000012767|0000000000243552|088.25
06032026|519606|0000000000002150|0000000000097718|0000000000002150|0000000000097001|100.00
06032026|519612|0000000000001029|0000000000077217|0000000000001043|0000000000078050|098.66
06032026|520008|0000000000041924|0000000004745797|0000000000083891|0000000009644833|049.97
06032026|520021|0000000000000339|0000000000035206|0000000000000349|0000000000036477|097.13
06032026|520043|0000000000001965|0000000000249555|0000000000013905|0000000001783618|014.13
06032026|520051|0000000000040104|0000000005321801|0000000000081949|0000000011087115|048.94
06032026|520056|0000000000000109|0000000001534949|0000000000000198|0000000002798119|055.05
06032026|520057|0000000000001853|0000000000244319|0000000000002859|0000000000377551|064.81
06032026|520059|0000000000003701|0000000000281943|0000000000004517|0000000000346084|081.93
06032026|520066|0000000000015108|0000000001451879|0000000000032717|0000000003198388|046.18
06032026|520073|0000000000001453|0000000002041756|0000000000002765|0000000003942011|052.55
06032026|520075|0000000000000788|0000000000092393|0000000000001001|0000000000118065|078.72
06032026|520086|0000000000000959|0000000000063274|0000000000000959|0000000000063274|100.00
06032026|520111|0000000000001871|0000000004428657|0000000000002440|0000000005785359|076.68
06032026|520113|0000000000003987|0000000002012239|0000000000006187|0000000003134455|064.44
06032026|520119|0000000000000697|0000000000311978|0000000000001044|0000000000473397|066.76
06032026|520121|0000000000002737|0000000000043846|0000000000002737|0000000000043846|100.00
06032026|520123|0000000000000558|0000000000035406|0000000000000559|0000000000036013|099.82
06032026|520127|0000000000001660|0000000000020584|0000000000001790|0000000000022787|092.74
06032026|520131|0000000000000100|0000000000003500|0000000000000100|0000000000003500|100.00
06032026|520141|0000000000000171|0000000000001297|0000000000000171|0000000000001296|100.00
06032026|520151|0000000000003021|0000000000400585|0000000000003233|0000000000429990|093.44
06032026|520155|0000000000005359|0000000000206429|0000000000005359|0000000000198942|100.00
06032026|521003|0000000000001900|0000000000043396|0000000000001900|0000000000043396|100.00
06032026|521005|0000000004806715|0000000003845372|0000000007618489|0000000006136654|063.09
06032026|521014|0000000000000760|0000000000009733|0000000000000760|0000000000009733|100.00
06032026|521016|0000000000001370|0000000000357844|0000000000005667|0000000001477167|024.18
06032026|521018|0000000000000379|0000000000015975|0000000000000388|0000000000016466|097.68
06032026|521034|0000000000001478|0000000000162062|0000000000001478|0000000000162062|100.00
06032026|521054|0000000000000676|0000000000006916|0000000000000702|0000000000007188|096.30
06032026|521062|0000000000001565|0000000000007121|0000000000001568|0000000000007115|099.81
06032026|521064|0000000000267630|0000000006345508|0000000000434599|0000000010370140|061.58
06032026|521068|0000000000000100|0000000000006045|0000000000000100|0000000000006045|100.00
06032026|521070|0000000000150485|0000000002031548|0000000000255175|0000000003475456|058.97
06032026|521080|0000000000001030|0000000000006757|0000000000001070|0000000000006472|096.26
06032026|521097|0000000000000924|0000000000123632|0000000000001024|0000000000137057|090.23
06032026|521105|0000000000001036|0000000000030645|0000000000001805|0000000000052692|057.40
06032026|521109|0000000000000150|0000000000003569|0000000000000151|0000000000003605|099.34
06032026|521113|0000000001429752|0000000116782144|0000000001474970|0000000119032577|096.93
06032026|521131|0000000000000315|0000000000007696|0000000000000351|0000000000008591|089.74
06032026|521133|0000000000000500|0000000000002790|0000000000000500|0000000000002790|100.00
06032026|521137|0000000000003311|0000000000016489|0000000000004571|0000000000022334|072.43
06032026|521141|0000000000001062|0000000000017874|0000000000001113|0000000000018108|095.42
06032026|521149|0000000000000020|0000000000000163|0000000000000021|0000000000000171|095.24
06032026|521151|0000000000000002|0000000000000128|0000000000000002|0000000000000127|100.00
06032026|521163|0000000000001764|0000000000129654|0000000000001864|0000000000139177|094.64
06032026|521178|0000000000003719|0000000000151996|0000000000004871|0000000000206684|076.35
06032026|521180|0000000000004294|0000000000025077|0000000000004599|0000000000028473|093.37
06032026|521194|0000000000000231|0000000000095634|0000000000000258|0000000000107437|089.53
06032026|521200|0000000000000240|0000000000012612|0000000000000240|0000000000012591|100.00
06032026|521206|0000000000012080|0000000000016308|0000000000013124|0000000000017608|092.05
06032026|521210|0000000000000207|0000000000003105|0000000000000207|0000000000003106|100.00
06032026|521216|0000000000000263|0000000000020830|0000000000000263|0000000000020950|100.00
06032026|521220|0000000000000188|0000000000004606|0000000000000338|0000000000008434|055.62
06032026|521226|0000000000000302|0000000000006493|0000000000000302|0000000000006503|100.00
06032026|521228|0000000000056016|0000000000132758|0000000000078742|0000000000190035|071.14
06032026|521234|0000000000000565|0000000000018058|0000000000000569|0000000000018144|099.30
06032026|521238|0000000000007843|0000000000722655|0000000000012060|0000000001096060|065.03
06032026|521240|0000000000000186|0000000000017860|0000000000000186|0000000000017854|100.00
06032026|521246|0000000000029726|0000000000063188|0000000000029726|0000000000063188|100.00
06032026|521248|0000000000028769|0000000004879223|0000000000044213|0000000007458961|065.07
06032026|522001|0000000000000404|0000000000026123|0000000000000458|0000000000029229|088.21
06032026|522004|0000000000025612|0000000002116576|0000000000035123|0000000002919621|072.92
06032026|522005|0000000000002262|0000000000268839|0000000000002279|0000000000270445|099.25
06032026|522014|0000000000004937|0000000000902731|0000000000005047|0000000000913077|097.82
06032026|522017|0000000000003766|0000000002240582|0000000000004012|0000000002402424|093.87
06032026|522029|0000000000000539|0000000000133457|0000000000000556|0000000000137451|096.94
06032026|522034|0000000000000265|0000000000116534|0000000000000284|0000000000125228|093.31
06032026|522064|0000000000000727|0000000001511506|0000000000000912|0000000001888125|079.71
06032026|522073|0000000000000229|0000000000140966|0000000000000229|0000000000140966|100.00
06032026|522074|0000000000001940|0000000001007054|0000000000012430|0000000006460567|015.61
06032026|522091|0000000000002773|0000000000099661|0000000000002773|0000000000099661|100.00
06032026|522101|0000000000014163|0000000007012810|0000000000017658|0000000008811632|080.21
06032026|522105|0000000000080618|0000000002571715|0000000000082850|0000000002628009|097.31
06032026|522108|0000000000000101|0000000000073528|0000000000000115|0000000000083604|087.83
06032026|522113|0000000000001583|0000000005358772|0000000000001991|0000000006731159|079.51
06032026|522122|0000000000000032|0000000000049224|0000000000000033|0000000000050593|096.97
06032026|522134|0000000000002886|0000000000413853|0000000000003371|0000000000486287|085.61
06032026|522152|0000000000000012|0000000000001198|0000000000000012|0000000000001199|100.00
06032026|522163|0000000000023302|0000000003157421|0000000000034187|0000000004685326|068.16
06032026|522165|0000000000004431|0000000000169885|0000000000005794|0000000000222868|076.48
06032026|522183|0000000000002007|0000000000503858|0000000000002249|0000000000572393|089.24
06032026|522195|0000000000003065|0000000013293365|0000000000005692|0000000024555051|053.85
06032026|522205|0000000000024292|0000000007398129|0000000000053414|0000000016451238|045.48
06032026|522207|0000000000007803|0000000000450156|0000000000007945|0000000000447804|098.21
06032026|522209|0000000000017913|0000000000091357|0000000000025120|0000000000124576|071.31
06032026|522215|0000000000004196|0000000001295725|0000000000005125|0000000001602508|081.87
06032026|522217|0000000000001564|0000000000585093|0000000000001970|0000000000741935|079.39
06032026|522229|0000000000022000|0000000005805800|0000000000031032|0000000007991906|070.89
06032026|522231|0000000000001961|0000000000130838|0000000000003276|0000000000220227|059.86
06032026|522235|0000000000022633|0000000000051604|0000000000024914|0000000000057845|090.84
06032026|522237|0000000000000634|0000000000019724|0000000000001143|0000000000032746|055.47
06032026|522241|0000000000004807|0000000002093930|0000000000007341|0000000003224638|065.48
06032026|522245|0000000000002052|0000000000029405|0000000000002052|0000000000029405|100.00
06032026|522249|0000000000000979|0000000000506046|0000000000001912|0000000000991059|051.20
06032026|522251|0000000000002482|0000000000462025|0000000000003028|0000000000566171|081.97
06032026|522257|0000000000021300|0000000001309950|0000000000046115|0000000002824836|046.19
06032026|522261|0000000000084424|0000000036998818|0000000000143934|0000000061898467|058.65
06032026|522267|0000000000000078|0000000000002964|0000000000000078|0000000000003069|100.00
06032026|522273|0000000000000685|0000000000109498|0000000000000721|0000000000116507|095.01
06032026|522275|0000000000008810|0000000034085009|0000000000019273|0000000075698501|045.71
06032026|522281|0000000000003666|0000000001289149|0000000000005278|0000000001857437|069.46
06032026|522285|0000000000522156|0000000038566443|0000000000551659|0000000040788927|094.65
06032026|522287|0000000000001598|0000000001812053|0000000000003256|0000000003679010|049.08
06032026|522289|0000000000000030|0000000000002377|0000000000000030|0000000000002377|100.00
06032026|522292|0000000000011144|0000000001649312|0000000000020533|0000000003064013|054.27
06032026|522294|0000000000001403|0000000000241948|0000000000001707|0000000000294156|082.19
06032026|522295|0000000000000981|0000000000618962|0000000000001327|0000000000838098|073.93
06032026|522650|0000000000008851|0000000000744193|0000000000013151|0000000001086638|067.30
06032026|523007|0000000000000262|0000000000025794|0000000000000264|0000000000025929|099.24
06032026|523011|0000000000000089|0000000000007388|0000000000000090|0000000000007507|098.89
06032026|523019|0000000000011728|0000000000173223|0000000000013988|0000000000206479|083.84
06032026|523021|0000000000000778|0000000000032521|0000000000000811|0000000000032864|095.93
06032026|523023|0000000000009045|0000000000674396|0000000000011887|0000000000916890|076.09
06032026|523025|0000000000002271|0000000003816189|0000000000003246|0000000005436954|069.96
06032026|523062|0000000000000988|0000000000052170|0000000000000988|0000000000052170|100.00
06032026|523100|0000000000002578|0000000000271077|0000000000003704|0000000000393102|069.60
06032026|523105|0000000000214861|0000000001736077|0000000000300094|0000000002436200|071.60
06032026|523120|0000000000005737|0000000000625347|0000000000005737|0000000000625347|100.00
06032026|523127|0000000000001767|0000000000572067|0000000000008319|0000000002698161|021.24
06032026|523144|0000000000008878|0000000000202330|0000000000009748|0000000000229044|091.08
06032026|523151|0000000000000201|0000000000001787|0000000000000201|0000000000001787|100.00
06032026|523160|0000000000000843|0000000001125658|0000000000000868|0000000001146579|097.12
06032026|523186|0000000000000176|0000000000028600|0000000000000176|0000000000028608|100.00
06032026|523204|0000000000081655|0000000001828417|0000000000081655|0000000001828417|100.00
06032026|523207|0000000000000198|0000000000015516|0000000000001705|0000000000133821|011.61
06032026|523222|0000000000000314|0000000000005699|0000000000000314|0000000000005699|100.00
06032026|523229|0000000000009864|0000000001755792|0000000000019698|0000000003550121|050.08
06032026|523232|0000000000003104|0000000000267348|0000000000003213|0000000000277114|096.61
06032026|523242|0000000000000300|0000000000002202|0000000000000300|0000000000002202|100.00
06032026|523248|0000000000000931|0000000000237033|0000000000000997|0000000000256698|093.38
06032026|523260|0000000000001758|0000000000030484|0000000000002308|0000000000040663|076.17
06032026|523261|0000000000001120|0000000001438584|0000000000001570|0000000002030216|071.34
06032026|523269|0000000000007919|0000000000418995|0000000000008412|0000000000446962|094.14
06032026|523283|0000000000000001|0000000000000158|0000000000000001|0000000000000157|100.00
06032026|523289|0000000000001012|0000000000132218|0000000000001362|0000000000179792|074.30
06032026|523301|0000000000000783|0000000002012310|0000000000000809|0000000002080223|096.79
06032026|523309|0000000000000509|0000000000042553|0000000000000707|0000000000059503|071.99
06032026|523319|0000000000011611|0000000002032506|0000000000014135|0000000002479168|082.14
06032026|523323|0000000000002474|0000000013034269|0000000000004142|0000000021889986|059.73
06032026|523329|0000000000000155|0000000000133386|0000000000000159|0000000000136897|097.48
06032026|523367|0000000000003201|0000000003169311|0000000000004208|0000000004188029|076.07
06032026|523369|0000000000029652|0000000001067176|0000000000030655|0000000001107975|096.73
06032026|523371|0000000000000778|0000000000061657|0000000000001045|0000000000083907|074.45
06032026|523373|0000000000008714|0000000000163388|0000000000034928|0000000000657888|024.95
06032026|523384|0000000000000530|0000000000054060|0000000000000928|0000000000092052|057.11
06032026|523385|0000000000000117|0000000000156880|0000000000000127|0000000000170195|092.13
06032026|523387|0000000000137061|0000000000182292|0000000000147387|0000000000195956|092.99
06032026|523391|0000000000000193|0000000000044169|0000000000000281|0000000000066944|068.68
06032026|523395|0000000000000037|0000000001269565|0000000000000070|0000000002403967|052.86
06032026|523398|0000000000000460|0000000000611984|0000000000000537|0000000000717135|085.66
06032026|523405|0000000000080663|0000000009824754|0000000000128845|0000000015937428|062.60
06032026|523411|0000000000000644|0000000000831211|0000000000000715|0000000000939127|090.07
06032026|523419|0000000000000736|0000000000006610|0000000000000836|0000000000007416|088.04
06032026|523445|0000000000001207|0000000000831261|0000000000002500|0000000001741975|048.28
06032026|523449|0000000000000509|0000000000023180|0000000000000509|0000000000023179|100.00
06032026|523457|0000000000000834|0000000005665196|0000000000002044|0000000013962761|040.80
06032026|523465|0000000000000222|0000000000009411|0000000000000222|0000000000009016|100.00
06032026|523467|0000000000218977|0000000000543304|0000000000218977|0000000000543304|100.00
06032026|523475|0000000000004730|0000000003735281|0000000000006361|0000000005000638|074.36
06032026|523483|0000000000000001|0000000000000145|0000000000000001|0000000000000144|100.00
06032026|523489|0000000000000172|0000000000007049|0000000000000172|0000000000006481|100.00
06032026|523519|0000000000000028|0000000000000200|0000000000000028|0000000000000200|100.00
06032026|523537|0000000000004744|0000000000189618|0000000000008142|0000000000320656|058.27
06032026|523539|0000000000021290|0000000007101280|0000000000049329|0000000016593028|043.16
06032026|523550|0000000000004580|0000000000164926|0000000000004752|0000000000174770|096.38
06032026|523558|0000000000116631|0000000001962900|0000000000213247|0000000003642982|054.69
06032026|523566|0000000000000054|0000000000002625|0000000000000093|0000000000004323|058.06
06032026|523574|0000000000089570|0000000000043889|0000000000089570|0000000000043889|100.00
06032026|523586|0000000000001175|0000000000281295|0000000000001198|0000000000287970|098.08
06032026|523594|0000000000000969|0000000000021241|0000000000001030|0000000000022451|094.08
06032026|523598|0000000000097906|0000000023561079|0000000000261416|0000000063259646|037.45
06032026|523606|0000000000012822|0000000012511708|0000000000038601|0000000038162876|033.22
06032026|523610|0000000000010645|0000000002758652|0000000000027892|0000000007314281|038.16
06032026|523618|0000000000003989|0000000003891270|0000000000009828|0000000009635495|040.59
06032026|523630|0000000000022819|0000000001655747|0000000000038691|0000000002809324|058.98
06032026|523638|0000000000002317|0000000000245075|0000000000002317|0000000000245075|100.00
06032026|523642|0000000000001769|0000000005445336|0000000000002976|0000000009209914|059.44
06032026|523648|0000000000000875|0000000000119963|0000000000000875|0000000000121380|100.00
06032026|523650|0000000000032300|0000000001493100|0000000000032300|0000000001493100|100.00
06032026|523652|0000000000000100|0000000000002835|0000000000000100|0000000000002835|100.00
06032026|523660|0000000000017596|0000000000836896|0000000000017596|0000000000836896|100.00
06032026|523672|0000000000000483|0000000000020045|0000000000000503|0000000000021182|096.02
06032026|523676|0000000000005221|0000000001479110|0000000000007042|0000000002039133|074.14
06032026|523694|0000000000000396|0000000000144243|0000000000000435|0000000000158283|091.03
06032026|523696|0000000000003950|0000000000204136|0000000000005573|0000000000289941|070.88
06032026|523704|0000000000003182|0000000004968693|0000000000006579|0000000010497174|048.37
06032026|523708|0000000000000547|0000000000858763|0000000000000645|0000000001016309|084.81
06032026|523710|0000000000000015|0000000000004167|0000000000000017|0000000000004738|088.24
06032026|523716|0000000000001805|0000000000553143|0000000000001834|0000000000563355|098.42
06032026|523722|0000000000045670|0000000000366744|0000000000045670|0000000000366744|100.00
06032026|523732|0000000000002715|0000000000157823|0000000000003329|0000000000193097|081.56
06032026|523736|0000000000001652|0000000000366249|0000000000007289|0000000001632626|022.66
06032026|523752|0000000000033287|0000000000181082|0000000000038823|0000000000212501|085.74
06032026|523754|0000000000004261|0000000000483837|0000000000004263|0000000000481565|099.95
06032026|523782|0000000000000553|0000000000007964|0000000000000553|0000000000008084|100.00
06032026|523792|0000000000000896|0000000000177588|0000000000001075|0000000000212321|083.35
06032026|523796|0000000000010159|0000000001510943|0000000000010159|0000000001510943|100.00
06032026|523826|0000000000000705|0000000000014967|0000000000000705|0000000000014967|100.00
06032026|523828|0000000000001685|0000000000195292|0000000000001842|0000000000214395|091.48
06032026|523832|0000000000000100|0000000000002209|0000000000000100|0000000000002209|100.00
06032026|523836|0000000000000226|0000000000008916|0000000000000226|0000000000008563|100.00
06032026|523838|0000000000010138|0000000001883134|0000000000011033|0000000002098512|091.89
06032026|523840|0000000000001408|0000000000023162|0000000000001604|0000000000026546|087.78
06032026|523842|0000000000015484|0000000000097859|0000000000017223|0000000000109531|089.90
06032026|523844|0000000000000685|0000000000034175|0000000000000704|0000000000033955|097.30
06032026|523850|0000000000027157|0000000012428402|0000000000043005|0000000019314665|063.15
06032026|523862|0000000000001057|0000000000031245|0000000000001351|0000000000040168|078.24
06032026|523874|0000000000005358|0000000000590647|0000000000005358|0000000000590647|100.00
06032026|524000|0000000000005700|0000000002416800|0000000000010853|0000000004646745|052.52
06032026|524019|0000000000000127|0000000000529590|0000000000000134|0000000000559690|094.78
06032026|524031|0000000000000010|0000000000000094|0000000000000010|0000000000000093|100.00
06032026|524037|0000000000003954|0000000000454908|0000000000007198|0000000000836351|054.93
06032026|524038|0000000000001548|0000000000008189|0000000000001548|0000000000007958|100.00
06032026|524051|0000000000000962|0000000000800962|0000000000001634|0000000001364993|058.87
06032026|524075|0000000000000093|0000000000063161|0000000000000121|0000000000082197|076.86
06032026|524091|0000000000000781|0000000000673574|0000000000001403|0000000001223011|055.67
06032026|524109|0000000000000851|0000000000211176|0000000000001263|0000000000317155|067.38
06032026|524129|0000000000001079|0000000000223785|0000000000001094|0000000000223927|098.63
06032026|524136|0000000000000960|0000000000330144|0000000000000996|0000000000352252|096.39
06032026|524156|0000000000000211|0000000000009495|0000000000000211|0000000000009495|100.00
06032026|524164|0000000000027668|0000000002049093|0000000000050630|0000000003668295|054.65
06032026|524174|0000000000091187|0000000002277852|0000000000097566|0000000002469391|093.46
06032026|524200|0000000000002966|0000000004076026|0000000000004157|0000000005696688|071.35
06032026|524202|0000000000001720|0000000000157346|0000000000002323|0000000000214489|074.04
06032026|524204|0000000000000982|0000000000106106|0000000000001009|0000000000106359|097.32
06032026|524208|0000000000355194|0000000148861806|0000000000372653|0000000155039115|095.31
06032026|524210|0000000000000080|0000000000002920|0000000000000080|0000000000002920|100.00
06032026|524212|0000000000000588|0000000000147254|0000000000000588|0000000000147254|100.00
06032026|524218|0000000000008391|0000000000818962|0000000000010214|0000000000981653|082.15
06032026|524226|0000000000016262|0000000002198623|0000000000021687|0000000002973824|074.98
06032026|524230|0000000000049315|0000000005641636|0000000000091338|0000000010571507|053.99
06032026|524238|0000000000048529|0000000003217589|0000000000048529|0000000003217589|100.00
06032026|524280|0000000000002923|0000000000359383|0000000000004860|0000000000602885|060.14
06032026|524288|0000000000002241|0000000000110213|0000000000003448|0000000000171032|064.99
06032026|524314|0000000000004394|0000000000171015|0000000000004665|0000000000182845|094.19
06032026|524322|0000000000041741|0000000001275188|0000000000056603|0000000001730595|073.74
06032026|524324|0000000000003200|0000000000035074|0000000000003200|0000000000035074|100.00
06032026|524330|0000000000000028|0000000000005087|0000000000000036|0000000000006568|077.78
06032026|524332|0000000000010793|0000000000299182|0000000000014894|0000000000412869|072.47
06032026|524336|0000000000000103|0000000000010635|0000000000000128|0000000000013217|080.47
06032026|524342|0000000000002571|0000000000632852|0000000000003600|0000000000888301|071.42
06032026|524348|0000000000000374|0000000000133462|0000000000001050|0000000000377589|035.62
06032026|524370|0000000000004396|0000000000196370|0000000000004773|0000000000214210|092.10
06032026|524372|0000000000006449|0000000003280607|0000000000008619|0000000004459702|074.82
06032026|524394|0000000000003647|0000000001576599|0000000000004349|0000000001904987|083.86
06032026|524396|0000000000000989|0000000000031154|0000000000001330|0000000000041002|074.36
06032026|524400|0000000000000053|0000000000003583|0000000000000101|0000000000006854|052.48
06032026|524404|0000000000011251|0000000001925609|0000000000024274|0000000004195084|046.35
06032026|524408|0000000000001000|0000000000134850|0000000000001100|0000000000147451|090.91
06032026|524412|0000000000001913|0000000000134829|0000000000002336|0000000000169489|081.89
06032026|524414|0000000000001000|0000000000013000|0000000000001049|0000000000014512|095.33
06032026|524434|0000000000002965|0000000000024729|0000000000003073|0000000000025900|096.49
06032026|524440|0000000000001767|0000000000052127|0000000000001976|0000000000057677|089.42
06032026|524444|0000000008277712|0000000012333791|0000000010399863|0000000015690135|079.59
06032026|524458|0000000000004684|0000000000051618|0000000000004888|0000000000054519|095.83
06032026|524470|0000000000123408|0000000001480896|0000000000170876|0000000002060053|072.22
06032026|524480|0000000000000229|0000000000110504|0000000000000258|0000000000125324|088.76
06032026|524488|0000000000032546|0000000000073880|0000000000037079|0000000000083044|087.77
06032026|524494|0000000000001265|0000000001885546|0000000000002661|0000000004006758|047.54
06032026|524500|0000000000000164|0000000000052251|0000000000000189|0000000000060643|086.77
06032026|524506|0000000000000725|0000000000313599|0000000000001455|0000000000629556|049.83
06032026|524516|0000000000016463|0000000000822327|0000000000020838|0000000001034483|079.00
06032026|524518|0000000000000062|0000000000003447|0000000000000062|0000000000003191|100.00
06032026|524520|0000000000032684|0000000002713099|0000000000051063|0000000004254474|064.01
06032026|524522|0000000000000377|0000000000012064|0000000000000377|0000000000011875|100.00
06032026|524534|0000000000000795|0000000000102396|0000000000001185|0000000000156828|067.09
06032026|524542|0000000000000419|0000000000078018|0000000000000512|0000000000096090|081.84
06032026|524548|0000000000000129|0000000000011997|0000000000000129|0000000000011998|100.00
06032026|524558|0000000000000731|0000000009521933|0000000000001112|0000000014505611|065.74
06032026|524564|0000000000029483|0000000000357629|0000000000030497|0000000000368292|096.68
06032026|524570|0000000000000121|0000000000026741|0000000000000163|0000000000036491|074.23
06032026|524572|0000000000035174|0000000001206117|0000000000038344|0000000001313484|091.73
06032026|524576|0000000000010752|0000000000211277|0000000000010909|0000000000217640|098.56
06032026|524580|0000000000000021|0000000000000430|0000000000000021|0000000000000429|100.00
06032026|524582|0000000000000907|0000000000139815|0000000000001026|0000000000161800|088.40
06032026|524590|0000000000000008|0000000000000121|0000000000000008|0000000000000121|100.00
06032026|524592|0000000000014855|0000000000173507|0000000000020986|0000000000242062|070.79
06032026|524594|0000000000000582|0000000000073914|0000000000000595|0000000000071687|097.82
06032026|524598|0000000000000008|0000000000001617|0000000000000010|0000000000002033|080.00
06032026|524602|0000000000000194|0000000000005766|0000000000000194|0000000000005766|100.00
06032026|524606|0000000000002012|0000000000040160|0000000000003413|0000000000070667|058.95
06032026|524614|0000000000012418|0000000000082704|0000000000017494|0000000000116955|070.98
06032026|524622|0000000000044806|0000000002133660|0000000000044806|0000000002133660|100.00
06032026|524624|0000000000001048|0000000000020489|0000000000001345|0000000000026042|077.92
06032026|524628|0000000000000306|0000000000005196|0000000000000307|0000000000005212|099.67
06032026|524632|0000000000966381|0000000043401167|0000000000966381|0000000043401167|100.00
06032026|524634|0000000000002196|0000000000962727|0000000000002952|0000000001295182|074.39
06032026|524636|0000000000052869|0000000002675172|0000000000053132|0000000002691285|099.50
06032026|524640|0000000000007928|0000000000300710|0000000000009490|0000000000365893|083.54
06032026|524642|0000000000020580|0000000000029061|0000000000020580|0000000000029061|100.00
06032026|524648|0000000000005045|0000000000504753|0000000000006226|0000000000629556|081.03
06032026|524654|0000000000001089|0000000000164494|0000000000001295|0000000000204740|084.09
06032026|524661|0000000006190257|0000000001795175|0000000009477773|0000000002777890|065.31
06032026|524663|0000000000007575|0000000000127942|0000000000009640|0000000000162096|078.58
06032026|524667|0000000000001130|0000000000399738|0000000000001406|0000000000500280|080.37
06032026|524669|0000000000000092|0000000000136597|0000000000000103|0000000000153342|089.32
06032026|524675|0000000000003640|0000000000053727|0000000000003746|0000000000055633|097.17
06032026|524687|0000000000014417|0000000000147054|0000000000016949|0000000000172171|085.06
06032026|524703|0000000000000737|0000000000025626|0000000000000747|0000000000026004|098.66
06032026|524709|0000000000004271|0000000000505900|0000000000006147|0000000000736772|069.48
06032026|524711|0000000000011325|0000000000075765|0000000000013556|0000000000090132|083.54
06032026|524715|0000000000126468|0000000227509609|0000000000147251|0000000264764737|085.89
06032026|524717|0000000000076363|0000000021095279|0000000000138036|0000000037212433|055.32
06032026|524731|0000000000000620|0000000000620186|0000000000000678|0000000000676249|091.45
06032026|524735|0000000000004295|0000000000777825|0000000000007268|0000000001331476|059.09
06032026|524742|0000000000000943|0000000001570756|0000000000002909|0000000004828222|032.42
06032026|524743|0000000000014539|0000000000519915|0000000000025730|0000000000917298|056.51
06032026|524748|0000000000000009|0000000000000261|0000000000000012|0000000000000356|075.00
06032026|524752|0000000000004535|0000000000028390|0000000000004535|0000000000027727|100.00
06032026|524768|0000000000000836|0000000000020733|0000000000000916|0000000000023088|091.27
06032026|524774|0000000000000125|0000000000300544|0000000000000205|0000000000495158|060.98
06032026|524790|0000000000003766|0000000001153338|0000000000005303|0000000001612257|071.02
06032026|524804|0000000000011453|0000000014105515|0000000000027315|0000000033648222|041.93
06032026|524816|0000000000021028|0000000021434892|0000000000058233|0000000059292817|036.11
06032026|524818|0000000000001611|0000000000153045|0000000000001704|0000000000157607|094.54
06032026|524820|0000000000000337|0000000000092844|0000000000000377|0000000000103744|089.39
06032026|524824|0000000000000202|0000000000014643|0000000000000243|0000000000017648|083.13
06032026|524828|0000000000000571|0000000000215267|0000000000000591|0000000000225011|096.62
06032026|526001|0000000000000538|0000000000018060|0000000000000538|0000000000018060|100.00
06032026|526025|0000000000001056|0000000000013306|0000000000001174|0000000000014852|089.95
06032026|526027|0000000000003658|0000000000349888|0000000000006363|0000000000617466|057.49
06032026|526043|0000000000000331|0000000000015872|0000000000000333|0000000000015476|099.40
06032026|526071|0000000000000566|0000000000365664|0000000000000566|0000000000365664|100.00
06032026|526073|0000000000000160|0000000000075952|0000000000000193|0000000000090347|082.90
06032026|526075|0000000000023734|0000000000689161|0000000000023734|0000000000689161|100.00
06032026|526081|0000000000002248|0000000000071167|0000000000002248|0000000000071167|100.00
06032026|526095|0000000000000016|0000000000000647|0000000000000033|0000000000001298|048.48
06032026|526113|0000000000000113|0000000000001611|0000000000000184|0000000000002651|061.41
06032026|526115|0000000000001538|0000000000018072|0000000000001548|0000000000018146|099.35
06032026|526117|0000000000000084|0000000000031446|0000000000000090|0000000000033874|093.33
06032026|526125|0000000000001053|0000000000270621|0000000000001053|0000000000266523|100.00
06032026|526133|0000000000026994|0000000000172222|0000000000026994|0000000000170222|100.00
06032026|526137|0000000000005774|0000000000545066|0000000000005843|0000000000561577|098.82
06032026|526139|0000000000049921|0000000000141776|0000000000064299|0000000000180411|077.64
06032026|526143|0000000000004829|0000000000035300|0000000000004829|0000000000033801|100.00
06032026|526159|0000000000032592|0000000002082629|0000000000037707|0000000002422797|086.43
06032026|526169|0000000000021599|0000000003826263|0000000000027443|0000000004913105|078.70
06032026|526173|0000000000110721|0000000002195598|0000000000131027|0000000002619918|084.50
06032026|526179|0000000000001345|0000000000284871|0000000000001366|0000000000290668|098.46
06032026|526187|0000000000000001|0000000000000005|0000000000000001|0000000000000004|100.00
06032026|526193|0000000000260371|0000000004824675|0000000000260551|0000000004926807|099.93
06032026|526211|0000000000000651|0000000000030174|0000000000000747|0000000000035166|087.15
06032026|526217|0000000000000307|0000000000037454|0000000000000322|0000000000040338|095.34
06032026|526225|0000000000000074|0000000000000998|0000000000000074|0000000000000998|100.00
06032026|526227|0000000000013481|0000000000548812|0000000000022179|0000000000907181|060.78
06032026|526231|0000000000001009|0000000000052943|0000000000001009|0000000000052637|100.00
06032026|526237|0000000000000619|0000000000032950|0000000000000775|0000000000041881|079.87
06032026|526241|0000000000000254|0000000000003551|0000000000000310|0000000000004393|081.94
06032026|526247|0000000000006181|0000000003130986|0000000000015439|0000000007946812|040.03
06032026|526251|0000000000011598|0000000000225698|0000000000014770|0000000000289914|078.52
06032026|526263|0000000000002179|0000000000263442|0000000000002844|0000000000347884|076.62
06032026|526269|0000000000000425|0000000000037940|0000000000000589|0000000000053346|072.16
06032026|526299|0000000000002051|0000000004544709|0000000000003561|0000000007989451|057.60
06032026|526315|0000000000000515|0000000000026214|0000000000000712|0000000000035950|072.33
06032026|526325|0000000000000891|0000000000060143|0000000000000899|0000000000060702|099.11
06032026|526335|0000000000000551|0000000000003940|0000000000000551|0000000000003940|100.00
06032026|526345|0000000000001809|0000000000043778|0000000000002609|0000000000064872|069.34
06032026|526355|0000000000000199|0000000000010746|0000000000000199|0000000000010451|100.00
06032026|526365|0000000000001249|0000000000040256|0000000000001791|0000000000057253|069.74
06032026|526367|0000000000000501|0000000000325826|0000000000000789|0000000000515056|063.50
06032026|526371|0000000002905443|0000000231418535|0000000003559002|0000000284020759|081.64
06032026|526381|0000000000006603|0000000000068606|0000000000006603|0000000000066559|100.00
06032026|526397|0000000000000247|0000000000049635|0000000000000271|0000000000055228|091.14
06032026|526407|0000000000044282|0000000000462305|0000000000050585|0000000000535363|087.54
06032026|526409|0000000000032988|0000000000262585|0000000000039946|0000000000313401|082.58
06032026|526415|0000000000338268|0000000001552651|0000000000537942|0000000002536396|062.88
06032026|526423|0000000000000358|0000000000030065|0000000000000484|0000000000040321|073.97
06032026|526433|0000000000007495|0000000016545213|0000000000012359|0000000027584577|060.64
06032026|526435|0000000000000038|0000000000003171|0000000000000047|0000000000003941|080.85
06032026|526439|0000000000000420|0000000000004410|0000000000000420|0000000000004002|100.00
06032026|526441|0000000000006378|0000000000007463|0000000000006378|0000000000007463|100.00
06032026|526443|0000000000069369|0000000007436357|0000000000116892|0000000012698116|059.34
06032026|526445|0000000000109361|0000000000838799|0000000000131092|0000000000983136|083.42
06032026|526468|0000000000001230|0000000000021833|0000000000002014|0000000000035316|061.07
06032026|526471|0000000000014653|0000000000278554|0000000000023235|0000000000432294|063.06
06032026|526473|0000000000020117|0000000000099378|0000000000029386|0000000000144753|068.46
06032026|526479|0000000000000783|0000000000065772|0000000000000936|0000000000077990|083.65
06032026|526481|0000000000000361|0000000000011321|0000000000000361|0000000000011324|100.00
06032026|526490|0000000000010343|0000000000075194|0000000000014485|0000000000104530|071.40
06032026|526492|0000000000000306|0000000000027403|0000000000000316|0000000000028280|096.84
06032026|526506|0000000000000168|0000000000011816|0000000000000227|0000000000016042|074.01
06032026|526508|0000000000003550|0000000000051511|0000000000007886|0000000000111761|045.02
06032026|526519|0000000000002925|0000000000257898|0000000000004959|0000000000429339|058.98
06032026|526521|0000000000006888|0000000000382836|0000000000008820|0000000000499229|078.10
06032026|526525|0000000000000047|0000000000000799|0000000000000047|0000000000000799|100.00
06032026|526530|0000000000003549|0000000000296555|0000000000005183|0000000000442806|068.47
06032026|526532|0000000000000127|0000000000001072|0000000000000134|0000000000001153|094.78
06032026|526544|0000000000530523|0000000001183067|0000000000673776|0000000001537116|078.74
06032026|526546|0000000000004350|0000000000417818|0000000000006000|0000000000567662|072.50
06032026|526550|0000000000002878|0000000000037414|0000000000002882|0000000000037464|099.86
06032026|526554|0000000000000001|0000000000000026|0000000000000001|0000000000000026|100.00
06032026|526570|0000000000002647|0000000010843977|0000000000002647|0000000010843977|100.00
06032026|526574|0000000000000440|0000000000009680|0000000000000440|0000000000010103|100.00
06032026|526582|0000000000001547|0000000000096595|0000000000001725|0000000000109224|089.68
06032026|526586|0000000000005179|0000000001883862|0000000000005819|0000000002134879|089.00
06032026|526588|0000000000000001|0000000000000016|0000000000000001|0000000000000015|100.00
06032026|526596|0000000000000987|0000000000221088|0000000000001221|0000000000273306|080.84
06032026|526604|0000000000055592|0000000003173950|0000000000055592|0000000003173950|100.00
06032026|526608|0000000000000393|0000000000261876|0000000000000442|0000000000290494|088.91
06032026|526612|0000000000000223|0000000001204301|0000000000000316|0000000001711375|070.57
06032026|526614|0000000000000645|0000000000037668|0000000000000648|0000000000037805|099.54
06032026|526616|0000000000001317|0000000000061346|0000000000001497|0000000000070815|087.98
06032026|526622|0000000000196849|0000000000076772|0000000000418073|0000000000157776|047.08
06032026|526628|0000000000000300|0000000000014480|0000000000000300|0000000000014480|100.00
06032026|526638|0000000000019758|0000000001469798|0000000000037601|0000000002785560|052.55
06032026|526640|0000000000001445|0000000000042989|0000000000002000|0000000000058994|072.25
06032026|526642|0000000000005753|0000000000186110|0000000000010878|0000000000354040|052.89
06032026|526650|0000000001524767|0000000101991665|0000000001607061|0000000109119027|094.88
06032026|526654|0000000000000019|0000000000002356|0000000000000019|0000000000002356|100.00
06032026|526662|0000000000000107|0000000000004319|0000000000000107|0000000000004224|100.00
06032026|526666|0000000000000217|0000000000159018|0000000000000372|0000000000272741|058.33
06032026|526668|0000000000000164|0000000000030472|0000000000000265|0000000000048911|061.89
06032026|526675|0000000000005963|0000000000138920|0000000000005963|0000000000138920|100.00
06032026|526677|0000000000030450|0000000000057855|0000000000034329|0000000000065277|088.70
06032026|526703|0000000000000066|0000000000028278|0000000000000067|0000000000028582|098.51
06032026|526705|0000000000000250|0000000000047450|0000000000000252|0000000000047430|099.21
06032026|526709|0000000000052052|0000000000431504|0000000000052052|0000000000431504|100.00
06032026|526711|0000000000003842|0000000000126287|0000000000003851|0000000000126568|099.77
06032026|526717|0000000000001953|0000000000356325|0000000000002460|0000000000449090|079.39
06032026|526721|0000000000002375|0000000000157677|0000000000003014|0000000000200170|078.80
06032026|526723|0000000000003493|0000000000576345|0000000000004986|0000000000824135|070.06
06032026|526725|0000000000000135|0000000000131592|0000000000000140|0000000000136864|096.43
06032026|526727|0000000000010659|0000000001005142|0000000000010659|0000000001005142|100.00
06032026|526729|0000000000019860|0000000006410808|0000000000025470|0000000008272924|077.97
06032026|526731|0000000000000400|0000000000082900|0000000000000401|0000000000083002|099.75
06032026|526739|0000000000000716|0000000000253106|0000000000000944|0000000000334370|075.85
06032026|526747|0000000000014255|0000000003379861|0000000000018284|0000000004242751|077.96
06032026|526755|0000000000011028|0000000000057787|0000000000011049|0000000000059597|099.81
06032026|526761|0000000000000457|0000000000011787|0000000000000762|0000000000018693|059.97
06032026|526775|0000000000023770|0000000025462946|0000000000023770|0000000025462946|100.00
06032026|526783|0000000000000599|0000000002680256|0000000000000791|0000000003549276|075.73
06032026|526797|0000000000004999|0000000000984803|0000000000008278|0000000001652672|060.39
06032026|526807|0000000000000567|0000000000763211|0000000000001176|0000000001578296|048.21
06032026|526813|0000000000001477|0000000000016942|0000000000001477|0000000000015960|100.00
06032026|526817|0000000000000055|0000000000055550|0000000000000055|0000000000055566|100.00
06032026|526821|0000000000001414|0000000000344239|0000000000001608|0000000000393264|087.94
06032026|526823|0000000000001141|0000000000006412|0000000000001141|0000000000006412|100.00
06032026|526827|0000000000001461|0000000000356264|0000000000001461|0000000000356264|100.00
06032026|526829|0000000000016306|0000000000484289|0000000000027925|0000000000825885|058.39
06032026|526839|0000000000000280|0000000000003948|0000000000000282|0000000000003975|099.29
06032026|526841|0000000000007736|0000000000178702|0000000000010308|0000000000248691|075.05
06032026|526847|0000000000003376|0000000000075960|0000000000003411|0000000000076708|098.97
06032026|526849|0000000000000010|0000000000001133|0000000000000016|0000000000001840|062.50
06032026|526853|0000000000008334|0000000000489040|0000000000012483|0000000000716500|066.76
06032026|526859|0000000000002322|0000000000002090|0000000000002322|0000000000002106|100.00
06032026|526861|0000000000013567|0000000001342455|0000000000016611|0000000001588722|081.67
06032026|526865|0000000000000068|0000000000000300|0000000000000068|0000000000000296|100.00
06032026|526871|0000000000001086|0000000000010893|0000000000001093|0000000000011165|099.36
06032026|526873|0000000000000276|0000000000009931|0000000000000485|0000000000017455|056.91
06032026|526877|0000000000000020|0000000000000463|0000000000000020|0000000000000462|100.00
06032026|526881|0000000000005174|0000000002971170|0000000000008470|0000000004936254|061.09
06032026|526883|0000000000000006|0000000000000109|0000000000000006|0000000000000109|100.00
06032026|526885|0000000000016892|0000000001383624|0000000000017987|0000000001468806|093.91
06032026|526891|0000000000000002|0000000000000026|0000000000000002|0000000000000025|100.00
06032026|526899|0000000000021210|0000000000190466|0000000000022955|0000000000206069|092.40
06032026|526901|0000000000002544|0000000000087718|0000000000002556|0000000000088416|099.53
06032026|526905|0000000000004157|0000000000037633|0000000000004157|0000000000037633|100.00
06032026|526921|0000000000001254|0000000000042423|0000000000001837|0000000000062266|068.26
06032026|526931|0000000000005970|0000000000599090|0000000000009340|0000000000958790|063.92
06032026|526935|0000000000273167|0000000024141324|0000000000273167|0000000024141324|100.00
06032026|526945|0000000000000839|0000000000068840|0000000000000839|0000000000070454|100.00
06032026|526947|0000000000002980|0000000000586166|0000000000003474|0000000000678209|085.78
06032026|526951|0000000000000153|0000000000341871|0000000000000242|0000000000538400|063.22
06032026|526953|0000000000001459|0000000001015283|0000000000001459|0000000001015283|100.00
06032026|526961|0000000000478230|0000000002171165|0000000000500797|0000000002367382|095.49
06032026|526965|0000000000000032|0000000000003184|0000000000000032|0000000000003188|100.00
06032026|526967|0000000000003882|0000000000024302|0000000000003882|0000000000024641|100.00
06032026|526971|0000000000000294|0000000000057522|0000000000000320|0000000000062873|091.88
06032026|526981|0000000000000410|0000000000067056|0000000000000550|0000000000090250|074.55
06032026|526987|0000000000132425|0000000001186528|0000000000168372|0000000001499825|078.65
06032026|527001|0000000000008576|0000000004477530|0000000000020055|0000000010540799|042.76
06032026|527005|0000000000000559|0000000000068841|0000000000000757|0000000000091624|073.84
06032026|530001|0000000000000555|0000000000251110|0000000000000746|0000000000340745|074.40
06032026|530005|0000000000002928|0000000001118350|0000000000005445|0000000002099141|053.77
06032026|530007|0000000000057788|0000000026137513|0000000000131380|0000000058719047|043.99
06032026|530017|0000000000017673|0000000000249367|0000000000018225|0000000000258141|096.97
06032026|530019|0000000000003575|0000000002922384|0000000000006327|0000000005250476|056.50
06032026|530025|0000000000013507|0000000000202876|0000000000017257|0000000000252812|078.27
06032026|530027|0000000000002753|0000000000024606|0000000000002753|0000000000024606|100.00
06032026|530037|0000000000000002|0000000000000124|0000000000000002|0000000000000124|100.00
06032026|530043|0000000000000005|0000000000001400|0000000000000005|0000000000001400|100.00
06032026|530045|0000000000007590|0000000000280603|0000000000009339|0000000000347616|081.27
06032026|530053|0000000000008084|0000000000036621|0000000000009200|0000000000042156|087.87
06032026|530057|0000000000023973|0000000000047227|0000000000023973|0000000000047224|100.00
06032026|530063|0000000000032459|0000000000141940|0000000000032459|0000000000141940|100.00
06032026|530065|0000000000000009|0000000000000135|0000000000000009|0000000000000134|100.00
06032026|530067|0000000000001064|0000000000261585|0000000000003836|0000000000978614|027.74
06032026|530073|0000000000005631|0000000001382411|0000000000014693|0000000003645629|038.32
06032026|530075|0000000000012401|0000000007330852|0000000000023998|0000000013900401|051.68
06032026|530077|0000000000006297|0000000001103550|0000000000007405|0000000001296068|085.04
06032026|530079|0000000000000275|0000000000124311|0000000000000275|0000000000124311|100.00
06032026|530095|0000000007415512|0000000001418189|0000000007415512|0000000001418189|100.00
06032026|530109|0000000000187981|0000000000396640|0000000000258505|0000000000550854|072.72
06032026|530111|0000000000001472|0000000000043910|0000000000001961|0000000000056974|075.06
06032026|530117|0000000000001905|0000000005515166|0000000000004211|0000000012179055|045.24
06032026|530119|0000000000000053|0000000000001651|0000000000000053|0000000000001650|100.00
06032026|530125|0000000000000476|0000000000096724|0000000000000540|0000000000110819|088.15
06032026|530127|0000000000000705|0000000000017069|0000000000000721|0000000000017486|097.78
06032026|530129|0000000000001118|0000000001875110|0000000000001236|0000000002079488|090.45
06032026|530133|0000000000000725|0000000000051439|0000000000000730|0000000000051143|099.32
06032026|530135|0000000000002649|0000000001006620|0000000000005623|0000000002143207|047.11
06032026|530139|0000000000003118|0000000000101335|0000000000006211|0000000000202595|050.20
06032026|530141|0000000000000047|0000000000001777|0000000000000051|0000000000001731|092.16
06032026|530145|0000000000072346|0000000001875932|0000000000080450|0000000002106105|089.93
06032026|530163|0000000000010785|0000000002296127|0000000000012668|0000000002724979|085.14
06032026|530167|0000000000000019|0000000000000304|0000000000000028|0000000000000442|067.86
06032026|530171|0000000000000449|0000000000013735|0000000000000449|0000000000013731|100.00
06032026|530175|0000000000002598|0000000000132083|0000000000002651|0000000000135008|098.00
06032026|530177|0000000000000248|0000000000005704|0000000000000248|0000000000005704|100.00
06032026|530179|0000000000001550|0000000000046742|0000000000001550|0000000000046742|100.00
06032026|530185|0000000000109180|0000000000495678|0000000000159541|0000000000720265|068.43
06032026|530187|0000000000003826|0000000000014960|0000000000003826|0000000000015135|100.00
06032026|530197|0000000000000831|0000000000250911|0000000000000831|0000000000250911|100.00
06032026|530199|0000000000003325|0000000000262842|0000000000004189|0000000000332486|079.37
06032026|530201|0000000000046377|0000000000140059|0000000000048565|0000000000142166|095.49
06032026|530207|0000000000002549|0000000000051669|0000000000002600|0000000000057777|098.04
06032026|530213|0000000000000003|0000000000000195|0000000000000003|0000000000000195|100.00
06032026|530215|0000000000007248|0000000000858164|0000000000011973|0000000001420533|060.54
06032026|530217|0000000000053943|0000000000643001|0000000000063084|0000000000768153|085.51
06032026|530233|0000000000000176|0000000000051151|0000000000000176|0000000000051151|100.00
06032026|530235|0000000000000426|0000000000019196|0000000000000452|0000000000020628|094.25
06032026|530239|0000000000007431|0000000001026222|0000000000012355|0000000001716310|060.15
06032026|530245|0000000000000032|0000000000020311|0000000000000032|0000000000020350|100.00
06032026|530249|0000000000087329|0000000001025243|0000000000132847|0000000001557326|065.74
06032026|530251|0000000000573638|0000000000240928|0000000000755118|0000000000328556|075.97
06032026|530253|0000000000019054|0000000000321405|0000000000019054|0000000000321405|100.00
06032026|530255|0000000000001458|0000000000013414|0000000000001679|0000000000014852|086.84
06032026|530259|0000000000035110|0000000001190932|0000000000035403|0000000001195480|099.17
06032026|530263|0000000000069933|0000000000036366|0000000000100386|0000000000052802|069.66
06032026|530265|0000000000000419|0000000000015336|0000000000000463|0000000000017120|090.50
06032026|530267|0000000000000150|0000000000006225|0000000000000150|0000000000006225|100.00
06032026|530271|0000000000000011|0000000000000078|0000000000000011|0000000000000077|100.00
06032026|530281|0000000000000307|0000000000006976|0000000000000307|0000000000006950|100.00
06032026|530289|0000000000000170|0000000000010022|0000000000000170|0000000000010009|100.00
06032026|530299|0000000000000005|0000000000000320|0000000000000005|0000000000000319|100.00
06032026|530305|0000000000010142|0000000005517756|0000000000030596|0000000016675546|033.15
06032026|530307|0000000000004101|0000000001031197|0000000000004756|0000000001221463|086.23
06032026|530309|0000000000044258|0000000000555881|0000000000057884|0000000000700516|076.46
06032026|530313|0000000000000905|0000000000027386|0000000000001025|0000000000031492|088.29
06032026|530315|0000000000005917|0000000000660929|0000000000007479|0000000000832985|079.11
06032026|530317|0000000000003812|0000000000316473|0000000000004393|0000000000362975|086.77
06032026|530331|0000000000001156|0000000000480723|0000000000001209|0000000000503078|095.62
06032026|530343|0000000000012144|0000000003130116|0000000000018755|0000000004876316|064.75
06032026|530355|0000000000000990|0000000000281556|0000000000001505|0000000000435421|065.78
06032026|530357|0000000000015757|0000000000019445|0000000000015757|0000000000019445|100.00
06032026|530361|0000000000000022|0000000000000911|0000000000000023|0000000000000930|095.65
06032026|530363|0000000000015828|0000000000585478|0000000000021642|0000000000798596|073.14
06032026|530365|0000000000001152|0000000000301248|0000000000001428|0000000000380470|080.67
06032026|530367|0000000000004166|0000000001088785|0000000000007160|0000000001908981|058.18
06032026|530369|0000000000000552|0000000000025227|0000000000000592|0000000000026948|093.24
06032026|530377|0000000000018757|0000000000141991|0000000000027338|0000000000209662|068.61
06032026|530393|0000000000000014|0000000000000354|0000000000000015|0000000000000385|093.33
06032026|530401|0000000000000922|0000000000041260|0000000000000923|0000000000041346|099.89
06032026|530405|0000000000000208|0000000000006665|0000000000000367|0000000000011804|056.68
06032026|530407|0000000000011318|0000000000337164|0000000000015457|0000000000465273|073.22
06032026|530419|0000000000004707|0000000000166817|0000000000005241|0000000000183649|089.81
06032026|530421|0000000000000259|0000000000002220|0000000000000263|0000000000002216|098.48
06032026|530427|0000000000000677|0000000000106933|0000000000000696|0000000000109358|097.27
06032026|530429|0000000000000280|0000000000009322|0000000000000434|0000000000014157|064.52
06032026|530433|0000000000000547|0000000000019009|0000000000000624|0000000000021643|087.66
06032026|530439|0000000000011640|0000000000047142|0000000000012770|0000000000056595|091.15
06032026|530443|0000000000000041|0000000000000676|0000000000000041|0000000000000676|100.00
06032026|530445|0000000000001140|0000000000001745|0000000000001621|0000000000002648|070.33
06032026|530449|0000000000000506|0000000000025720|0000000000000558|0000000000028677|090.68
06032026|530457|0000000000025976|0000000001466865|0000000000039971|0000000002246503|064.99
06032026|530459|0000000000000083|0000000000002235|0000000000000086|0000000000002268|096.51
06032026|530461|0000000000012283|0000000000155872|0000000000014383|0000000000183488|085.40
06032026|530475|0000000000001807|0000000001163437|0000000000002483|0000000001607723|072.77
06032026|530477|0000000000004957|0000000000753217|0000000000005463|0000000000823809|090.74
06032026|530495|0000000000001161|0000000000077971|0000000000001161|0000000000077971|100.00
06032026|530499|0000000000000323|0000000000494546|0000000000000326|0000000000502116|099.08
06032026|530517|0000000000007476|0000000002406525|0000000000010253|0000000003320492|072.92
06032026|530521|0000000000000052|0000000000020202|0000000000000083|0000000000032602|062.65
06032026|530525|0000000000153982|0000000000512761|0000000000195892|0000000000644018|078.61
06032026|530533|0000000000000124|0000000000012214|0000000000000125|0000000000012386|099.20
06032026|530545|0000000000000170|0000000000032878|0000000000000358|0000000000069041|047.49
06032026|530547|0000000000000001|0000000000000011|0000000000000001|0000000000000010|100.00
06032026|530549|0000000000004539|0000000001508764|0000000000010152|0000000003377498|044.71
06032026|530555|0000000000030486|0000000001002075|0000000000040112|0000000001339655|076.00
06032026|530557|0000000000949540|0000000000417798|0000000002504880|0000000001072058|037.91
06032026|530571|0000000000001217|0000000000010686|0000000000001454|0000000000013775|083.70
06032026|530577|0000000000000133|0000000000006960|0000000000000134|0000000000007011|099.25
06032026|530579|0000000000026082|0000000000352107|0000000000026082|0000000000351046|100.00
06032026|530585|0000000000002372|0000000000127899|0000000000004294|0000000000231994|055.24
06032026|530589|0000000000001401|0000000000156352|0000000000002496|0000000000279509|056.13
06032026|530595|0000000000072217|0000000003176003|0000000000072217|0000000003176003|100.00
06032026|530601|0000000000000099|0000000000005233|0000000000000102|0000000000004961|097.06
06032026|530617|0000000000214396|0000000004064949|0000000000278068|0000000005259721|077.10
06032026|530621|0000000000006073|0000000000579061|0000000000006600|0000000000630511|092.02
06032026|530627|0000000000001698|0000000000326271|0000000000001941|0000000000374676|087.48
06032026|530643|0000000000008492|0000000002949697|0000000000012246|0000000004246247|069.34
06032026|530655|0000000000001130|0000000001219892|0000000000002090|0000000002290948|054.07
06032026|530663|0000000000038827|0000000000033392|0000000000038827|0000000000033388|100.00
06032026|530665|0000000000007513|0000000000022915|0000000000009451|0000000000028845|079.49
06032026|530675|0000000000000011|0000000000000716|0000000000000011|0000000000000715|100.00
06032026|530677|0000000000000105|0000000000005451|0000000000000125|0000000000006495|084.00
06032026|530689|0000000000153064|0000000007792489|0000000000255983|0000000013853710|059.79
06032026|530695|0000000000002255|0000000000049610|0000000000002321|0000000000051038|097.16
06032026|530697|0000000000000225|0000000000004613|0000000000000426|0000000000008512|052.82
06032026|530699|0000000000000061|0000000000001377|0000000000000061|0000000000001377|100.00
06032026|530705|0000000000001877|0000000000078266|0000000000001877|0000000000078266|100.00
06032026|530709|0000000000000292|0000000000022855|0000000000000308|0000000000025770|094.81
06032026|530711|0000000000000216|0000000000012950|0000000000000219|0000000000013144|098.63
06032026|530723|0000000000000101|0000000000012085|0000000000000101|0000000000012084|100.00
06032026|530733|0000000000000004|0000000000000050|0000000000000004|0000000000000049|100.00
06032026|530735|0000000000000002|0000000000000063|0000000000000002|0000000000000064|100.00
06032026|530741|0000000000012609|0000000001743825|0000000000015001|0000000002105571|084.05
06032026|530745|0000000000049285|0000000001902894|0000000000068423|0000000002645986|072.03
06032026|530747|0000000000000001|0000000000000022|0000000000000001|0000000000000021|100.00
06032026|530755|0000000000000002|0000000000000020|0000000000000002|0000000000000020|100.00
06032026|530759|0000000000000985|0000000000200546|0000000000001413|0000000000290890|069.71
06032026|530765|0000000000000007|0000000000000147|0000000000000012|0000000000000258|058.33
06032026|530779|0000000000000128|0000000000003380|0000000000000128|0000000000003127|100.00
06032026|530789|0000000000000001|0000000000000164|0000000000000001|0000000000000164|100.00
06032026|530795|0000000000000028|0000000000000326|0000000000000028|0000000000000326|100.00
06032026|530797|0000000000000502|0000000000007330|0000000000000502|0000000000007328|100.00
06032026|530799|0000000000001630|0000000000047531|0000000000001842|0000000000050917|088.49
06032026|530803|0000000000002570|0000000000393339|0000000000002965|0000000000451405|086.68
06032026|530805|0000000000058887|0000000000410443|0000000000068566|0000000000473165|085.88
06032026|530809|0000000000000005|0000000000000195|0000000000000010|0000000000000389|050.00
06032026|530813|0000000000019297|0000000006144165|0000000000043899|0000000014461232|043.96
06032026|530821|0000000000001531|0000000000023225|0000000000001531|0000000000023225|100.00
06032026|530825|0000000000018877|0000000000765840|0000000000018877|0000000000765872|100.00
06032026|530829|0000000000000020|0000000000000735|0000000000000040|0000000000001525|050.00
06032026|530839|0000000000000126|0000000000000771|0000000000000126|0000000000000771|100.00
06032026|530843|0000000000096121|0000000038640642|0000000000240084|0000000098372769|040.04
06032026|530845|0000000000010261|0000000008404273|0000000000015861|0000000012961417|064.69
06032026|530853|0000000000000237|0000000000011867|0000000000000237|0000000000011913|100.00
06032026|530855|0000000000000025|0000000000002427|0000000000000025|0000000000002427|100.00
06032026|530871|0000000000000052|0000000000007309|0000000000000054|0000000000007552|096.30
06032026|530879|0000000000110037|0000000003258196|0000000000124963|0000000003740047|088.06
06032026|530881|0000000000385972|0000000003029881|0000000000462786|0000000003549069|083.40
06032026|530883|0000000000018486|0000000000143637|0000000000022360|0000000000176486|082.67
06032026|530897|0000000000000398|0000000000053890|0000000000000399|0000000000054550|099.75
06032026|530899|0000000000000027|0000000000000995|0000000000000053|0000000000002022|050.94
06032026|530907|0000000000000010|0000000000000390|0000000000000010|0000000000000390|100.00
06032026|530909|0000000000000050|0000000000002504|0000000000000050|0000000000002500|100.00
06032026|530917|0000000000000200|0000000000005690|0000000000000200|0000000000005690|100.00
06032026|530919|0000000000035317|0000000003808939|0000000000036369|0000000004002452|097.11
06032026|530925|0000000000000507|0000000000057342|0000000000000507|0000000000057342|100.00
06032026|530931|0000000000000366|0000000000004111|0000000000000366|0000000000004110|100.00
06032026|530943|0000000000056971|0000000006175657|0000000000078797|0000000009132395|072.30
06032026|530951|0000000000006814|0000000000388467|0000000000007370|0000000000429987|092.46
06032026|530953|0000000000000001|0000000000000094|0000000000000004|0000000000000371|025.00
06032026|530959|0000000000000939|0000000000024555|0000000000001191|0000000000030764|078.84
06032026|530961|0000000000157633|0000000000211229|0000000000249891|0000000000338265|063.08
06032026|530965|0000000000304905|0000000051406983|0000000000685248|0000000116611357|044.50
06032026|530973|0000000000000711|0000000000056525|0000000000000720|0000000000053854|098.75
06032026|530977|0000000000000751|0000000000112650|0000000000000752|0000000000112309|099.87
06032026|530979|0000000000001705|0000000000061210|0000000000001755|0000000000062697|097.15
06032026|530991|0000000000001857|0000000000079164|0000000000003115|0000000000130589|059.61
06032026|530993|0000000000000169|0000000000007141|0000000000000171|0000000000007239|098.83
06032026|530997|0000000000001776|0000000000159574|0000000000001811|0000000000164342|098.07
06032026|530999|0000000000002752|0000000002875290|0000000000003352|0000000003556956|082.10
06032026|531003|0000000000000005|0000000000000425|0000000000000005|0000000000000428|100.00
06032026|531015|0000000000001402|0000000000032401|0000000000001936|0000000000046110|072.42
06032026|531017|0000000000000951|0000000000018345|0000000000000955|0000000000018523|099.58
06032026|531025|0000000000391482|0000000000133104|0000000000421968|0000000000140071|092.78
06032026|531027|0000000000000002|0000000000000034|0000000000000002|0000000000000034|100.00
06032026|531033|0000000000001756|0000000000043982|0000000000001756|0000000000043982|100.00
06032026|531035|0000000001170886|0000000029560020|0000000001170886|0000000029560020|100.00
06032026|531041|0000000000000292|0000000000105880|0000000000000450|0000000000164036|064.89
06032026|531043|0000000000000101|0000000000002394|0000000000000101|0000000000002353|100.00
06032026|531049|0000000000000006|0000000000000113|0000000000000006|0000000000000113|100.00
06032026|531067|0000000000007468|0000000000194617|0000000000010148|0000000000266588|073.59
06032026|531069|0000000000003908|0000000002112470|0000000000009644|0000000005105759|040.52
06032026|531080|0000000000000688|0000000000025684|0000000000001047|0000000000037925|065.71
06032026|531082|0000000000020874|0000000000165531|0000000000023141|0000000000184812|090.20
06032026|531083|0000000000001600|0000000000009628|0000000000001600|0000000000009628|100.00
06032026|531091|0000000000000121|0000000000003387|0000000000000121|0000000000003267|100.00
06032026|531092|0000000000012065|0000000000970750|0000000000012748|0000000001024495|094.64
06032026|531099|0000000000088537|0000000004753552|0000000000139205|0000000008039818|063.60
06032026|531109|0000000000000100|0000000000006170|0000000000000100|0000000000006170|100.00
06032026|531111|0000000000000200|0000000000007220|0000000000000200|0000000000007220|100.00
06032026|531112|0000000000011483|0000000005254047|0000000000024962|0000000011579891|046.00
06032026|531119|0000000000000299|0000000000071775|0000000000000503|0000000000127269|059.44
06032026|531120|0000000000093314|0000000002415900|0000000000160508|0000000004180742|058.14
06032026|531126|0000000000037814|0000000000853462|0000000000045148|0000000001040991|083.76
06032026|531129|0000000000001490|0000000000017851|0000000000001500|0000000000017496|099.33
06032026|531137|0000000000022359|0000000000031974|0000000000024682|0000000000036814|090.59
06032026|531144|0000000000011893|0000000000176730|0000000000013510|0000000000201841|088.03
06032026|531146|0000000000002525|0000000000736038|0000000000002717|0000000000803491|092.93
06032026|531147|0000000000000156|0000000000113264|0000000000000189|0000000000139635|082.54
06032026|531153|0000000000027911|0000000000062242|0000000000040308|0000000000089411|069.24
06032026|531155|0000000000000002|0000000000000012|0000000000000002|0000000000000012|100.00
06032026|531156|0000000000044800|0000000000206080|0000000000046623|0000000000206825|096.09
06032026|531157|0000000000005522|0000000000091113|0000000000005549|0000000000095805|099.51
06032026|531161|0000000000001053|0000000000247508|0000000000001571|0000000000371666|067.03
06032026|531162|0000000000009131|0000000004187934|0000000000021213|0000000009841232|043.04
06032026|531163|0000000000000834|0000000000061475|0000000000001107|0000000000076817|075.34
06032026|531168|0000000000000020|0000000000003998|0000000000000022|0000000000004087|090.91
06032026|531169|0000000000000246|0000000000023985|0000000000000246|0000000000023981|100.00
06032026|531173|0000000000003930|0000000000180427|0000000000004937|0000000000231611|079.60
06032026|531176|0000000000009807|0000000000100915|0000000000011418|0000000000119303|085.89
06032026|531178|0000000000003057|0000000000038396|0000000000004191|0000000000051224|072.94
06032026|531179|0000000000001062|0000000001470446|0000000000002213|0000000003111202|047.99
06032026|531190|0000000000003725|0000000000335437|0000000000003930|0000000000354858|094.78
06032026|531199|0000000000000300|0000000000060000|0000000000000301|0000000000057230|099.67
06032026|531201|0000000000001110|0000000004230765|0000000000002447|0000000009392279|045.36
06032026|531205|0000000002267991|0000000001296882|0000000002267991|0000000001296882|100.00
06032026|531209|0000000000001035|0000000000788256|0000000000001740|0000000001331251|059.48
06032026|531210|0000000000000380|0000000000016200|0000000000000380|0000000000016200|100.00
06032026|531212|0000000000000017|0000000000000828|0000000000000017|0000000000000829|100.00
06032026|531213|0000000000038601|0000000010146273|0000000000102776|0000000027316353|037.56
06032026|531215|0000000000002006|0000000000219357|0000000000002793|0000000000309869|071.82
06032026|531216|0000000000067925|0000000000461211|0000000000102641|0000000000697287|066.18
06032026|531219|0000000000000100|0000000000000335|0000000000000100|0000000000000335|100.00
06032026|531221|0000000000000038|0000000000000581|0000000000000038|0000000000000581|100.00
06032026|531223|0000000000002847|0000000000066905|0000000000003046|0000000000071198|093.47
06032026|531225|0000000000012182|0000000000433923|0000000000017969|0000000000646084|067.79
06032026|531227|0000000000000523|0000000000031883|0000000000000918|0000000000054152|056.97
06032026|531228|0000000000004552|0000000000045703|0000000000004552|0000000000044848|100.00
06032026|531233|0000000000012754|0000000000159425|0000000000014534|0000000000181667|087.75
06032026|531234|0000000000001311|0000000000092098|0000000000001365|0000000000095916|096.04
06032026|531235|0000000000001077|0000000000046146|0000000000001077|0000000000046146|100.00
06032026|531237|0000000000005340|0000000001101429|0000000000005340|0000000001101429|100.00
06032026|531241|0000000000000275|0000000000028697|0000000000000300|0000000000031532|091.67
06032026|531246|0000000000000128|0000000000002397|0000000000000129|0000000000002414|099.22
06032026|531253|0000000000000869|0000000000293071|0000000000001418|0000000000477369|061.28
06032026|531254|0000000000036472|0000000000498937|0000000000056048|0000000000763993|065.07
06032026|531255|0000000000000221|0000000000010719|0000000000000305|0000000000015224|072.46
06032026|531257|0000000000106952|0000000001768987|0000000000122995|0000000002013250|086.96
06032026|531259|0000000000000526|0000000000013145|0000000000000526|0000000000012999|100.00
06032026|531260|0000000000000201|0000000000052662|0000000000000281|0000000000072280|071.53
06032026|531262|0000000000000010|0000000000000220|0000000000000010|0000000000000220|100.00
06032026|531266|0000000000001112|0000000005922624|0000000000001399|0000000007475662|079.49
06032026|531268|0000000000010105|0000000000442665|0000000000010105|0000000000442665|100.00
06032026|531273|0000000000284101|0000000000434675|0000000000331575|0000000000498024|085.68
06032026|531274|0000000000001103|0000000000043494|0000000000001103|0000000000043494|100.00
06032026|531278|0000000000000325|0000000000030583|0000000000000402|0000000000038345|080.85
06032026|531279|0000000000004303|0000000000569503|0000000000006411|0000000000856837|067.12
06032026|531280|0000000000000871|0000000000053896|0000000000000871|0000000000053896|100.00
06032026|531281|0000000000000688|0000000000066048|0000000000000762|0000000000073151|090.29
06032026|531283|0000000000000003|0000000000000030|0000000000000003|0000000000000029|100.00
06032026|531287|0000000000000436|0000000000104553|0000000000000449|0000000000109305|097.10
06032026|531288|0000000000000001|0000000000000022|0000000000000001|0000000000000021|100.00
06032026|531289|0000000000001876|0000000000300817|0000000000001902|0000000000305182|098.63
06032026|531297|0000000000000164|0000000000010060|0000000000000227|0000000000013843|072.25
06032026|531301|0000000000000001|0000000000000136|0000000000000002|0000000000000271|050.00
06032026|531306|0000000000002272|0000000001122368|0000000000002336|0000000001154060|097.26
06032026|531307|0000000000011014|0000000000185917|0000000000011395|0000000000192581|096.66
06032026|531310|0000000000003543|0000000000487340|0000000000003727|0000000000514923|095.06
06032026|531314|0000000000000042|0000000000000609|0000000000000042|0000000000000595|100.00
06032026|531319|0000000000000456|0000000000017556|0000000000000457|0000000000018657|099.78
06032026|531322|0000000000002183|0000000000003275|0000000000002339|0000000000003503|093.33
06032026|531328|0000000000774610|0000000000635181|0000000001194265|0000000000987431|064.86
06032026|531334|0000000000000061|0000000000001863|0000000000000061|0000000000001862|100.00
06032026|531335|0000000000001532|0000000000583922|0000000000002748|0000000001051870|055.75
06032026|531338|0000000000000553|0000000000009905|0000000000000553|0000000000009909|100.00
06032026|531340|0000000000000101|0000000000005555|0000000000000101|0000000000005558|100.00
06032026|531344|0000000000023385|0000000011210769|0000000000047427|0000000022986859|049.31
06032026|531349|0000000000012884|0000000004126101|0000000000014292|0000000004591809|090.15
06032026|531352|0000000000000106|0000000000002226|0000000000000106|0000000000002226|100.00
06032026|531357|0000000000125075|0000000003987391|0000000000153328|0000000004950379|081.57
06032026|531358|0000000000040836|0000000028756712|0000000000062233|0000000044072790|065.62
06032026|531359|0000000000007590|0000000002157078|0000000000008440|0000000002433267|089.93
06032026|531360|0000000000000300|0000000000008190|0000000000000300|0000000000007968|100.00
06032026|531364|0000000000009276|0000000001574601|0000000000014584|0000000002474711|063.60
06032026|531370|0000000000002162|0000000000009729|0000000000002162|0000000000009774|100.00
06032026|531373|0000000000000636|0000000000026312|0000000000000708|0000000000029253|089.83
06032026|531381|0000000000003181|0000000003416235|0000000000003624|0000000003810467|087.78
06032026|531387|0000000000000093|0000000000000771|0000000000000093|0000000000000798|100.00
06032026|531390|0000000000002434|0000000000172814|0000000000002435|0000000000176238|099.96
06032026|531395|0000000000194524|0000000000435734|0000000000212168|0000000000476192|091.68
06032026|531396|0000000000000038|0000000000000346|0000000000000038|0000000000000345|100.00
06032026|531397|0000000000000120|0000000000003237|0000000000000130|0000000000003509|092.31
06032026|531398|0000000000000061|0000000000007525|0000000000000065|0000000000008001|093.85
06032026|531399|0000000000016890|0000000002929571|0000000000019453|0000000003369712|086.82
06032026|531400|0000000000007147|0000000000105991|0000000000008207|0000000000122343|087.08
06032026|531402|0000000000006067|0000000000096041|0000000000006181|0000000000096302|098.16
06032026|531406|0000000000000560|0000000000009520|0000000000000560|0000000000009520|100.00
06032026|531411|0000000000302886|0000000000297371|0000000000302886|0000000000297371|100.00
06032026|531412|0000000000000026|0000000000004884|0000000000000026|0000000000004884|100.00
06032026|531416|0000000000000991|0000000000033318|0000000000001007|0000000000031980|098.41
06032026|531417|0000000000018208|0000000000039694|0000000000030773|0000000000067916|059.17
06032026|531426|0000000000005885|0000000000806245|0000000000006109|0000000000841478|096.33
06032026|531431|0000000000012828|0000000006337674|0000000000041729|0000000020584893|030.74
06032026|531432|0000000000000502|0000000000006543|0000000000000502|0000000000006543|100.00
06032026|531436|0000000000006125|0000000000190733|0000000000006738|0000000000203000|090.90
06032026|531437|0000000000000235|0000000000005450|0000000000000235|0000000000005456|100.00
06032026|531439|0000000000005436|0000000000218582|0000000000005597|0000000000221624|097.12
06032026|531449|0000000000028587|0000000004539616|0000000000043195|0000000006756525|066.18
06032026|531453|0000000000000116|0000000000002831|0000000000000116|0000000000002796|100.00
06032026|531454|0000000000001478|0000000000028112|0000000000001778|0000000000033035|083.13
06032026|531456|0000000000001743|0000000000002615|0000000000001848|0000000000002813|094.32
06032026|531465|0000000000001501|0000000000000736|0000000000001501|0000000000000735|100.00
06032026|531471|0000000000021378|0000000000411741|0000000000040129|0000000000756345|053.27
06032026|531472|0000000000001327|0000000000088298|0000000000001327|0000000000088298|100.00
06032026|531486|0000000000000653|0000000000001162|0000000000000653|0000000000001162|100.00
06032026|531489|0000000000002441|0000000000465865|0000000000002689|0000000000514765|090.78
06032026|531494|0000000027666636|0000000029879967|0000000029225242|0000000033181161|094.67
06032026|531495|0000000000000918|0000000000019425|0000000000000918|0000000000019009|100.00
06032026|531497|0000000000003054|0000000000013499|0000000000003134|0000000000013897|097.45
06032026|531499|0000000000001300|0000000000002418|0000000000001300|0000000000002418|100.00
06032026|531500|0000000000035221|0000000004231488|0000000000035221|0000000004231488|100.00
06032026|531502|0000000000000348|0000000000003390|0000000000000348|0000000000003389|100.00
06032026|531503|0000000000000692|0000000000020435|0000000000000750|0000000000021792|092.27
06032026|531506|0000000000000299|0000000000009669|0000000000000299|0000000000009669|100.00
06032026|531508|0000000000000338|0000000000108177|0000000000000512|0000000000164072|066.02
06032026|531509|0000000000000603|0000000000018362|0000000000000603|0000000000018365|100.00
06032026|531512|0000000000038429|0000000000670971|0000000000111045|0000000001926143|034.61
06032026|531518|0000000000528039|0000000000154727|0000000000528039|0000000000154727|100.00
06032026|531525|0000000000016828|0000000003607082|0000000000026345|0000000005657399|063.88
06032026|531529|0000000000021422|0000000000038774|0000000000022784|0000000000040839|094.02
06032026|531531|0000000000000653|0000000000594067|0000000000000882|0000000000798651|074.04
06032026|531533|0000000000003279|0000000000182411|0000000000003946|0000000000215768|083.10
06032026|531537|0000000000004119|0000000000718390|0000000000004119|0000000000718390|100.00
06032026|531539|0000000000001137|0000000000037976|0000000000001304|0000000000041081|087.19
06032026|531540|0000000000011266|0000000000102408|0000000000015588|0000000000138111|072.27
06032026|531541|0000000000000041|0000000000000095|0000000000000041|0000000000000095|100.00
06032026|531543|0000000000011608|0000000000263502|0000000000017606|0000000000403889|065.93
06032026|531548|0000000000001884|0000000000707348|0000000000002630|0000000000994663|071.63
06032026|531550|0000000000003402|0000000000637195|0000000000004947|0000000000897895|068.77
06032026|531552|0000000000001629|0000000000023279|0000000000001646|0000000000023502|098.97
06032026|531553|0000000000081833|0000000001803600|0000000000118033|0000000002513564|069.33
06032026|531556|0000000000003020|0000000000102378|0000000000003078|0000000000103513|098.12
06032026|531557|0000000000001233|0000000000054187|0000000000001233|0000000000054187|100.00
06032026|531568|0000000000002135|0000000000015031|0000000000002635|0000000000018550|081.02
06032026|531569|0000000000003392|0000000000576640|0000000000003618|0000000000622098|093.75
06032026|531572|0000000000001226|0000000000146507|0000000000001226|0000000000146507|100.00
06032026|531574|0000000000007940|0000000000074970|0000000000007940|0000000000074970|100.00
06032026|531578|0000000000089105|0000000000910142|0000000000089105|0000000000910142|100.00
06032026|531582|0000000000000307|0000000000008454|0000000000000307|0000000000008454|100.00
06032026|531583|0000000000000053|0000000000001961|0000000000000055|0000000000002027|096.36
06032026|531585|0000000000000193|0000000000001641|0000000000000193|0000000000001680|100.00
06032026|531591|0000000000002486|0000000000049447|0000000000002536|0000000000049494|098.03
06032026|531592|0000000000170343|0000000000190785|0000000000234056|0000000000265298|072.78
06032026|531594|0000000000000732|0000000000009443|0000000000000732|0000000000009381|100.00
06032026|531595|0000000000024307|0000000003915858|0000000000041741|0000000006679345|058.23
06032026|531599|0000000000001423|0000000000514913|0000000000001605|0000000000587532|088.66
06032026|531608|0000000000000321|0000000000018429|0000000000000381|0000000000024548|084.25
06032026|531609|0000000000000001|0000000000000221|0000000000000001|0000000000000221|100.00
06032026|531616|0000000000000200|0000000000014907|0000000000000200|0000000000014907|100.00
06032026|531624|0000000000010310|0000000000050726|0000000000010310|0000000000050733|100.00
06032026|531626|0000000000013043|0000000000055825|0000000000017160|0000000000071526|076.01
06032026|531628|0000000000002082|0000000000071367|0000000000002082|0000000000071367|100.00
06032026|531633|0000000000001333|0000000000822461|0000000000001437|0000000000888771|092.76
06032026|531635|0000000000000555|0000000000049552|0000000000000555|0000000000049552|100.00
06032026|531637|0000000000022860|0000000005401818|0000000000031731|0000000007540505|072.04
06032026|531638|0000000000000003|0000000000000654|0000000000000003|0000000000000653|100.00
06032026|531642|0000000000008128|0000000006381700|0000000000017277|0000000013582972|047.05
06032026|531644|0000000000002463|0000000000052019|0000000000003514|0000000000075284|070.09
06032026|531651|0000000000001604|0000000000089792|0000000000002012|0000000000106081|079.72
06032026|531652|0000000000013114|0000000001291467|0000000000016086|0000000001565139|081.52
06032026|531658|0000000000065611|0000000000776179|0000000000070543|0000000000840230|093.01
06032026|531661|0000000000002121|0000000000021253|0000000000002800|0000000000028408|075.75
06032026|531663|0000000000014876|0000000000083157|0000000000014876|0000000000083156|100.00
06032026|531667|0000000000007613|0000000000198015|0000000000008610|0000000000222139|088.42
06032026|531668|0000000000001003|0000000000002749|0000000000001003|0000000000002758|100.00
06032026|531672|0000000000000200|0000000000004628|0000000000000200|0000000000004626|100.00
06032026|531673|0000000000025881|0000000000634861|0000000000029018|0000000000725140|089.19
06032026|531676|0000000000000822|0000000000220748|0000000000000822|0000000000220748|100.00
06032026|531680|0000000000000200|0000000000004142|0000000000000200|0000000000004142|100.00
06032026|531681|0000000000006974|0000000000004185|0000000000006974|0000000000004184|100.00
06032026|531688|0000000000000854|0000000000105896|0000000000000864|0000000000104734|098.84
06032026|531692|0000000000004592|0000000000013868|0000000000004592|0000000000015170|100.00
06032026|531694|0000000000001361|0000000000062726|0000000000001361|0000000000062726|100.00
06032026|531716|0000000000001180|0000000000002633|0000000000001180|0000000000002633|100.00
06032026|531717|0000000000340842|0000000108098041|0000000000342475|0000000103052339|099.52
06032026|531719|0000000000001530|0000000000303629|0000000000001771|0000000000353240|086.39
06032026|531723|0000000001649556|0000000000758796|0000000002331761|0000000001113025|070.74
06032026|531726|0000000000002772|0000000000290229|0000000000003124|0000000000335187|088.73
06032026|531727|0000000000010027|0000000000566025|0000000000011092|0000000000627815|090.40
06032026|531737|0000000000083540|0000000000041770|0000000000093125|0000000000046872|089.71
06032026|531739|0000000000158790|0000000001745103|0000000000195895|0000000002170391|081.06
06032026|531744|0000000000000014|0000000000000861|0000000000000020|0000000000001238|070.00
06032026|531746|0000000000011444|0000000000254286|0000000000012770|0000000000297807|089.62
06032026|531752|0000000000445524|0000000000280681|0000000000793695|0000000000501454|056.13
06032026|531758|0000000000000060|0000000000000686|0000000000001862|0000000000019565|003.22
06032026|531761|0000000000001503|0000000000524097|0000000000003700|0000000001304201|040.62
06032026|531762|0000000000000940|0000000000019082|0000000000000951|0000000000019800|098.84
06032026|531768|0000000000006200|0000000008391080|0000000000017757|0000000024413542|034.92
06032026|531769|0000000000002811|0000000000014364|0000000000002811|0000000000014364|100.00
06032026|531771|0000000000008523|0000000001444223|0000000000043935|0000000007565489|019.40
06032026|531778|0000000000004140|0000000000117486|0000000000004140|0000000000117486|100.00
06032026|531779|0000000000000921|0000000000014506|0000000000001221|0000000000019038|075.43
06032026|531780|0000000001030237|0000000004677276|0000000001035048|0000000004593894|099.54
06032026|531784|0000000000137421|0000000000175899|0000000000189658|0000000000242415|072.46
06032026|531794|0000000000003478|0000000000366268|0000000000003478|0000000000366268|100.00
06032026|531795|0000000000002420|0000000001077868|0000000000004621|0000000002077547|052.37
06032026|531797|0000000000000029|0000000000002626|0000000000000029|0000000000002625|100.00
06032026|531802|0000000000011167|0000000000278059|0000000000011370|0000000000276232|098.21
06032026|531810|0000000000000852|0000000000046443|0000000000001861|0000000000104237|045.78
06032026|531812|0000000000031449|0000000000020128|0000000000033192|0000000000021350|094.75
06032026|531814|0000000000013383|0000000000115094|0000000000016277|0000000000141531|082.22
06032026|531821|0000000000000102|0000000000002885|0000000000000102|0000000000002884|100.00
06032026|531822|0000000000000070|0000000000012600|0000000000000070|0000000000012600|100.00
06032026|531840|0000000000002890|0000000000100781|0000000000002890|0000000000100781|100.00
06032026|531841|0000000000002355|0000000000117892|0000000000002469|0000000000123551|095.38
06032026|531842|0000000000020480|0000000000930202|0000000000034208|0000000001575232|059.87
06032026|531845|0000000000023828|0000000000133914|0000000000026449|0000000000146516|090.09
06032026|531847|0000000000000036|0000000000022135|0000000000000072|0000000000044260|050.00
06032026|531859|0000000000043475|0000000005114834|0000000000082697|0000000009890693|052.57
06032026|531861|0000000000001493|0000000000063826|0000000000001493|0000000000064096|100.00
06032026|531862|0000000000016509|0000000000417513|0000000000019208|0000000000488351|085.95
06032026|531867|0000000000001110|0000000000003885|0000000000001110|0000000000003885|100.00
06032026|531869|0000000000024113|0000000000095970|0000000000029552|0000000000116969|081.60
06032026|531878|0000000000000543|0000000000005773|0000000000000671|0000000000007123|080.92
06032026|531888|0000000000001473|0000000000087865|0000000000001864|0000000000113846|079.02
06032026|531889|0000000000516718|0000000022265379|0000000000829857|0000000035810257|062.27
06032026|531892|0000000000000014|0000000000000243|0000000000000014|0000000000000242|100.00
06032026|531893|0000000000514821|0000000000201153|0000000000514821|0000000000201153|100.00
06032026|531900|0000000000000876|0000000000019588|0000000000001339|0000000000030887|065.42
06032026|531902|0000000000000065|0000000000001527|0000000000000065|0000000000001527|100.00
06032026|531909|0000000000022101|0000000000072218|0000000000022101|0000000000072218|100.00
06032026|531910|0000000000000874|0000000000199898|0000000000000874|0000000000199898|100.00
06032026|531911|0000000000000025|0000000000001138|0000000000000025|0000000000001139|100.00
06032026|531913|0000000000135633|0000000001545866|0000000000135633|0000000001545866|100.00
06032026|531918|0000000000000176|0000000000019448|0000000000000185|0000000000020883|095.14
06032026|531921|0000000000002663|0000000001230706|0000000000004289|0000000002002100|062.09
06032026|531923|0000000000003746|0000000000445213|0000000000004534|0000000000536705|082.62
06032026|531925|0000000000002742|0000000000003291|0000000000002742|0000000000003292|100.00
06032026|531928|0000000000000502|0000000000004544|0000000000000502|0000000000004539|100.00
06032026|531930|0000000000000095|0000000000002708|0000000000000095|0000000000002711|100.00
06032026|531931|0000000000000122|0000000000020576|0000000000000126|0000000000021174|096.83
06032026|531944|0000000000003936|0000000000074784|0000000000003936|0000000000074574|100.00
06032026|531950|0000000000006944|0000000000024443|0000000000009322|0000000000032859|074.49
06032026|531952|0000000000029604|0000000002238655|0000000000060795|0000000004496336|048.69
06032026|531959|0000000000014038|0000000000026392|0000000000021541|0000000000040869|065.17
06032026|531962|0000000000003102|0000000000146397|0000000000003102|0000000000146397|100.00
06032026|531968|0000000000001650|0000000000069218|0000000000001779|0000000000072252|092.75
06032026|531977|0000000000086177|0000000000598069|0000000000119606|0000000000873482|072.05
06032026|531978|0000000000000085|0000000000116867|0000000000000090|0000000000123774|094.44
06032026|531979|0000000000009883|0000000000933356|0000000000009883|0000000000933356|100.00
06032026|531980|0000000000000581|0000000000017974|0000000000000581|0000000000017974|100.00
06032026|531982|0000000000010796|0000000000134950|0000000000014655|0000000000182383|073.67
06032026|531989|0000000000000030|0000000000001133|0000000000000030|0000000000001133|100.00
06032026|531991|0000000000128211|0000000000061542|0000000000128211|0000000000064850|100.00
06032026|531994|0000000000000011|0000000000001694|0000000000000011|0000000000001697|100.00
06032026|531996|0000000000014375|0000000000118594|0000000000024580|0000000000202277|058.48
06032026|531997|0000000000059995|0000000000956921|0000000000071301|0000000001134468|084.14
06032026|532001|0000000000000908|0000000000049486|0000000000000908|0000000000049468|100.00
06032026|532005|0000000000000251|0000000000010284|0000000000000257|0000000000010525|097.67
06032026|532011|0000000000000596|0000000000031434|0000000000056088|0000000002857004|001.06
06032026|532015|0000000000049393|0000000000636477|0000000000049393|0000000000636477|100.00
06032026|532016|0000000000000202|0000000000060277|0000000000000202|0000000000060258|100.00
06032026|532022|0000000020294085|0000000003855877|0000000038602413|0000000007525434|052.57
06032026|532029|0000000000038517|0000000000971014|0000000000042804|0000000001031451|089.98
06032026|532039|0000000000007205|0000000000317741|0000000000008345|0000000000366885|086.34
06032026|532041|0000000000002767|0000000000022966|0000000000002767|0000000000022966|100.00
06032026|532042|0000000000000130|0000000000003395|0000000000000130|0000000000003394|100.00
06032026|532051|0000000000000287|0000000000148953|0000000000000476|0000000000248666|060.29
06032026|532053|0000000000000486|0000000000037422|0000000000000639|0000000000049419|076.06
06032026|532054|0000000000004182|0000000010103712|0000000000004332|0000000010503094|096.54
06032026|532056|0000000000007264|0000000001129391|0000000000007264|0000000001129391|100.00
06032026|532057|0000000000000001|0000000000000124|0000000000000001|0000000000000123|100.00
06032026|532067|0000000000003452|0000000004322077|0000000000005814|0000000007212048|059.37
06032026|532070|0000000000019765|0000000004290982|0000000000056549|0000000012001809|034.95
06032026|532090|0000000000032060|0000000000641159|0000000000032060|0000000000641159|100.00
06032026|532092|0000000000221758|0000000000386026|0000000000221758|0000000000386026|100.00
06032026|532100|0000000000004033|0000000000052389|0000000000004033|0000000000050744|100.00
06032026|532102|0000000000001180|0000000000038752|0000000000001192|0000000000038717|098.99
06032026|532113|0000000000051393|0000000000532652|0000000000051393|0000000000532652|100.00
06032026|532123|0000000000462033|0000000002139213|0000000000595828|0000000002807036|077.54
06032026|532124|0000000000001408|0000000000027851|0000000000001413|0000000000027943|099.65
06032026|532131|0000000000000001|0000000000000016|0000000000000001|0000000000000015|100.00
06032026|532134|0000000000120574|0000000035599474|0000000000244363|0000000072548914|049.34
06032026|532140|0000000000051748|0000000000142307|0000000000068048|0000000000188780|076.05
06032026|532141|0000000000002128|0000000000113295|0000000000002831|0000000000149121|075.17
06032026|532143|0000000000014021|0000000002161338|0000000000018972|0000000002976956|073.90
06032026|532144|0000000000010930|0000000008827068|0000000000015319|0000000012471892|071.35
06032026|532145|0000000000042968|0000000000449875|0000000000044706|0000000000482377|096.11
06032026|532149|0000000000153833|0000000024559439|0000000000388911|0000000062943814|039.55
06032026|532150|0000000000005075|0000000002023149|0000000000008607|0000000003443614|058.96
06032026|532154|0000000000237454|0000000000118727|0000000000323995|0000000000161135|073.29
06032026|532155|0000000000418003|0000000065041267|0000000000716305|0000000111792945|058.36
06032026|532156|0000000000024567|0000000005334725|0000000000027383|0000000005979285|089.72
06032026|532159|0000000000000054|0000000000000486|0000000000000054|0000000000000488|100.00
06032026|532160|0000000000005208|0000000000055830|0000000000007595|0000000000081532|068.57
06032026|532162|0000000000002451|0000000000819247|0000000000005322|0000000001784814|046.05
06032026|532163|0000000000043315|0000000013908447|0000000000048814|0000000015951979|088.73
06032026|532164|0000000000050966|0000000000057074|0000000000050966|0000000000057074|100.00
06032026|532172|0000000000120741|0000000001166359|0000000000121055|0000000001169513|099.74
06032026|532173|0000000000004008|0000000000424448|0000000000005674|0000000000612298|070.64
06032026|532174|0000000000229146|0000000300948900|0000000000406974|0000000537994579|056.30
06032026|532175|0000000000006507|0000000005751538|0000000000009963|0000000008841606|065.31
06032026|532178|0000000000058498|0000000011977466|0000000000150175|0000000031025593|038.95
06032026|532180|0000000000042972|0000000001002108|0000000000061888|0000000001445530|069.44
06032026|532181|0000000000043681|0000000023882587|0000000000147285|0000000081074221|029.66
06032026|532183|0000000000110148|0000000000886692|0000000000156098|0000000001267447|070.56
06032026|532187|0000000000012913|0000000011837348|0000000000026582|0000000024813916|048.58
06032026|532189|0000000000000389|0000000000187946|0000000000000494|0000000000239968|078.74
06032026|532209|0000000000162091|0000000019232098|0000000000327431|0000000039575070|049.50
06032026|532210|0000000000027266|0000000007085071|0000000000066771|0000000017575137|040.84
06032026|532212|0000000000002635|0000000000039262|0000000000002685|0000000000040067|098.14
06032026|532215|0000000000076805|0000000101067700|0000000000198361|0000000262752320|038.72
06032026|532216|0000000000000145|0000000000007295|0000000000000173|0000000000008970|083.82
06032026|532217|0000000000015509|0000000000526221|0000000000019124|0000000000685885|081.10
06032026|532218|0000000000381817|0000000015200135|0000000000580183|0000000023312213|065.81
06032026|532219|0000000000000470|0000000000007347|0000000000000631|0000000000009924|074.48
06032026|532221|0000000000016080|0000000003966936|0000000000026897|0000000006664407|059.78
06032026|532230|0000000000000050|0000000000007350|0000000000000050|0000000000007483|100.00
06032026|532234|0000000000375694|0000000148624547|0000000000871228|0000000344356899|043.12
06032026|532240|0000000000000231|0000000000182814|0000000000000312|0000000000249163|074.04
06032026|532256|0000000000000092|0000000000534861|0000000000000161|0000000000930845|057.14
06032026|532259|0000000000002249|0000000023377568|0000000000005277|0000000055469922|042.62
06032026|532268|0000000000001228|0000000001492266|0000000000001929|0000000002338184|063.66
06032026|532271|0000000000016232|0000000000039931|0000000000024052|0000000000058864|067.49
06032026|532275|0000000000043858|0000000000081576|0000000000058610|0000000000108905|074.83
06032026|532281|0000000000115863|0000000157208712|0000000000147362|0000000201304788|078.62
06032026|532284|0000000000016109|0000000000390160|0000000000018305|0000000000452559|088.00
06032026|532285|0000000000008866|0000000000536925|0000000000014810|0000000000902908|059.86
06032026|532286|0000000000007095|0000000008372100|0000000000014303|0000000016965449|049.60
06032026|532290|0000000000009044|0000000000159840|0000000000009044|0000000000159840|100.00
06032026|532296|0000000000007440|0000000015788796|0000000000016795|0000000035639717|044.30
06032026|532300|0000000000007999|0000000010390302|0000000000019016|0000000025058587|042.06
06032026|532303|0000000000000895|0000000000002918|0000000000000895|0000000000002917|100.00
06032026|532304|0000000000000496|0000000000022727|0000000000000505|0000000000023174|098.22
06032026|532305|0000000000008216|0000000001127236|0000000000021854|0000000003023116|037.59
06032026|532309|0000000000008320|0000000003731116|0000000000008320|0000000003731116|100.00
06032026|532310|0000000000005036|0000000000250541|0000000000005873|0000000000296688|085.75
06032026|532313|0000000000003005|0000000001071283|0000000000004954|0000000001764719|060.66
06032026|532315|0000000000004135|0000000000023322|0000000000004135|0000000000023417|100.00
06032026|532320|0000000000000187|0000000000001788|0000000000000215|0000000000002235|086.98
06032026|532321|0000000000005867|0000000005356278|0000000000014971|0000000013640177|039.19
06032026|532323|0000000000095742|0000000001676443|0000000000135261|0000000002393909|070.78
06032026|532324|0000000000001000|0000000000015450|0000000000001000|0000000000015450|100.00
06032026|532326|0000000000001096|0000000000104120|0000000000001302|0000000000125743|084.18
06032026|532329|0000000000001431|0000000000800573|0000000000001980|0000000001105686|072.27
06032026|532331|0000000000001169|0000000003496363|0000000000002357|0000000007077344|049.60
06032026|532332|0000000000000053|0000000000004833|0000000000000053|0000000000004833|100.00
06032026|532333|0000000000002223|0000000000130268|0000000000002261|0000000000133198|098.32
06032026|532334|0000000000000528|0000000000035519|0000000000000550|0000000000037866|096.00
06032026|532335|0000000000000121|0000000000002915|0000000000000121|0000000000002914|100.00
06032026|532339|0000000000003093|0000000000040302|0000000000003396|0000000000044285|091.08
06032026|532340|0000000000005049|0000000000020294|0000000000005049|0000000000020294|100.00
06032026|532341|0000000000005228|0000000003626794|0000000000005228|0000000003626794|100.00
06032026|532343|0000000000010635|0000000040217848|0000000000020465|0000000077569087|051.97
06032026|532344|0000000000000934|0000000000182457|0000000000000950|0000000000191014|098.32
06032026|532348|0000000000181953|0000000001541142|0000000000215932|0000000001844970|084.26
06032026|532349|0000000000000154|0000000000150559|0000000000000242|0000000000237257|063.64
06032026|532350|0000000000007260|0000000000032206|0000000000007260|0000000000032206|100.00
06032026|532351|0000000000046728|0000000000210276|0000000000056474|0000000000254245|082.74
06032026|532354|0000000000001712|0000000000006403|0000000000001712|0000000000006470|100.00
06032026|532355|0000000000011056|0000000000069985|0000000000014264|0000000000090857|077.51
06032026|532356|0000000000005704|0000000002228553|0000000000011949|0000000004703565|047.74
06032026|532357|0000000000002043|0000000000107135|0000000000002052|0000000000104253|099.56
06032026|532359|0000000000069971|0000000000317668|0000000000069971|0000000000317668|100.00
06032026|532362|0000000000005312|0000000000763373|0000000000005312|0000000000763373|100.00
06032026|532365|0000000000000718|0000000000635287|0000000000001259|0000000001113669|057.03
06032026|532366|0000000000005239|0000000000404870|0000000000007721|0000000000598643|067.85
06032026|532368|0000000000535694|0000000005314384|0000000000535694|0000000005314384|100.00
06032026|532369|0000000000000896|0000000000244788|0000000000001549|0000000000427080|057.84
06032026|532370|0000000000002932|0000000001191712|0000000000005508|0000000002271744|053.23
06032026|532371|0000000000323729|0000000012962110|0000000000647779|0000000026348940|049.98
06032026|532372|0000000000006313|0000000000124682|0000000000008696|0000000000176494|072.60
06032026|532373|0000000000007070|0000000000142746|0000000000007070|0000000000142746|100.00
06032026|532374|0000000000213404|0000000038679475|0000000000527771|0000000095737799|040.43
06032026|532375|0000000000001522|0000000000774775|0000000000002305|0000000001177846|066.03
06032026|532378|0000000000000001|0000000000000005|0000000000000001|0000000000000005|100.00
06032026|532379|0000000000002443|0000000000015689|0000000000002443|0000000000015689|100.00
06032026|532380|0000000000135752|0000000002205970|0000000000135752|0000000002205970|100.00
06032026|532382|0000000000015086|0000000001579505|0000000000032198|0000000003356914|046.85
06032026|532384|0000000000002509|0000000000275363|0000000000003062|0000000000330903|081.94
06032026|532386|0000000000004091|0000000000052815|0000000000004372|0000000000056813|093.57
06032026|532387|0000000000000588|0000000000012672|0000000000000596|0000000000013947|098.66
06032026|532388|0000000000142416|0000000004852114|0000000000287395|0000000009849772|049.55
06032026|532390|0000000000001326|0000000000438641|0000000000001818|0000000000603709|072.94
06032026|532392|0000000000013715|0000000000088325|0000000000018364|0000000000122017|074.68
06032026|532395|0000000000002475|0000000003656318|0000000000004641|0000000006916501|053.33
06032026|532397|0000000000000152|0000000000002037|0000000000000194|0000000000002629|078.35
06032026|532398|0000000000004014|0000000000017261|0000000000005037|0000000000021660|079.69
06032026|532400|0000000000007006|0000000002607283|0000000000026741|0000000010101920|026.20
06032026|532402|0000000000088590|0000000000799082|0000000000115147|0000000001020851|076.94
06032026|532404|0000000000003193|0000000000116449|0000000000003450|0000000000124650|092.55
06032026|532406|0000000000038713|0000000005601772|0000000000092497|0000000013556888|041.85
06032026|532407|0000000000070959|0000000012169469|0000000000136377|0000000023627735|052.03
06032026|532408|0000000000002281|0000000000366671|0000000000002791|0000000000448976|081.73
06032026|532410|0000000000003554|0000000000085545|0000000000006124|0000000000150308|058.03
06032026|532413|0000000000051618|0000000000237366|0000000000051618|0000000000237366|100.00
06032026|532416|0000000000000919|0000000000004779|0000000000000919|0000000000004775|100.00
06032026|532419|0000000000000680|0000000000083640|0000000000000758|0000000000091310|089.71
06032026|532424|0000000000013227|0000000014771253|0000000000017430|0000000019575093|075.89
06032026|532425|0000000000004152|0000000000095980|0000000000004152|0000000000095980|100.00
06032026|532430|0000000000000757|0000000000366307|0000000000000757|0000000000366307|100.00
06032026|532432|0000000000099056|0000000137440200|0000000000289764|0000000402135533|034.18
06032026|532435|0000000000015381|0000000000101669|0000000000020706|0000000000137734|074.28
06032026|532439|0000000000010118|0000000009191192|0000000000019202|0000000017736741|052.69
06032026|532440|0000000000000401|0000000000560298|0000000000000808|0000000001140769|049.63
06032026|532443|0000000000000316|0000000001499815|0000000000000439|0000000002087243|071.98
06032026|532444|0000000000000845|0000000000001436|0000000000000845|0000000000001436|100.00
06032026|532454|0000000000057695|0000000107973308|0000000000090264|0000000170256672|063.92
06032026|532455|0000000000002434|0000000000039723|0000000000002828|0000000000046808|086.07
06032026|532456|0000000000014532|0000000000019251|0000000000014532|0000000000019251|100.00
06032026|532457|0000000000015359|0000000002397540|0000000000018208|0000000002866288|084.35
06032026|532460|0000000000000771|0000000000212450|0000000000000862|0000000000235035|089.44
06032026|532461|0000000000209839|0000000025033793|0000000000391379|0000000047292569|053.62
06032026|532466|0000000000001359|0000000009125074|0000000000002510|0000000016981542|054.14
06032026|532467|0000000000165140|0000000004906310|0000000000264026|0000000007877783|062.55
06032026|532468|0000000000001054|0000000002757475|0000000000001555|0000000004079267|067.78
06032026|532475|0000000000003964|0000000000329766|0000000000004921|0000000000407192|080.55
06032026|532477|0000000000138074|0000000026033853|0000000000346894|0000000066004979|039.80
06032026|532478|0000000000055847|0000000098159480|0000000000069122|0000000116375740|080.79
06032026|532481|0000000000008702|0000000000033329|0000000000010886|0000000000041723|079.94
06032026|532482|0000000000011071|0000000006385753|0000000000025584|0000000014891422|043.27
06032026|532483|0000000000708954|0000000103436389|0000000001149363|0000000168739057|061.68
06032026|532485|0000000000176119|0000000012659434|0000000000193919|0000000013950390|090.82
06032026|532486|0000000000001153|0000000001034241|0000000000002585|0000000002323048|044.60
06032026|532488|0000000000028161|0000000178188728|0000000000031229|0000000199565816|090.18
06032026|532493|0000000000010251|0000000010630800|0000000000026952|0000000028166736|038.03
06032026|532497|0000000000116318|0000000321404082|0000000000168061|0000000453540385|069.21
06032026|532500|0000000000008180|0000000115740047|0000000000012820|0000000183599919|063.81
06032026|532503|0000000000001906|0000000001458472|0000000000002124|0000000001629546|089.74
06032026|532504|0000000000006805|0000000044710211|0000000000017913|0000000118065591|037.99
06032026|532505|0000000000295478|0000000008031093|0000000000504486|0000000013787804|058.57
06032026|532507|0000000000022616|0000000000118282|0000000000030401|0000000000157031|074.39
06032026|532508|0000000000007994|0000000006007092|0000000000015414|0000000011669895|051.86
06032026|532509|0000000000001394|0000000000591405|0000000000002163|0000000000917777|064.45
06032026|532513|0000000000004279|0000000001539121|0000000000004279|0000000001539121|100.00
06032026|532514|0000000000069415|0000000010915509|0000000000103114|0000000016245201|067.32
06032026|532515|0000000000007119|0000000000816906|0000000000007883|0000000000910394|090.31
06032026|532521|0000000000002260|0000000000067710|0000000000002270|0000000000068043|099.56
06032026|532522|0000000000215173|0000000062378653|0000000000419614|0000000122942976|051.28
06032026|532523|0000000000045704|0000000017845127|0000000000080077|0000000031352256|057.08
06032026|532524|0000000000025131|0000000003971955|0000000000044931|0000000007145571|055.93
06032026|532525|0000000000475373|0000000033342663|0000000001049495|0000000073973583|045.30
06032026|532527|0000000000005682|0000000003215160|0000000000012370|0000000006979767|045.93
06032026|532528|0000000000002032|0000000001414476|0000000000004242|0000000003003922|047.90
06032026|532529|0000000000014380|0000000001125092|0000000000018425|0000000001454483|078.05
06032026|532531|0000000000002008|0000000001737021|0000000000003853|0000000003314466|052.12
06032026|532532|0000000000777831|0000000001934853|0000000000777831|0000000001934853|100.00
06032026|532538|0000000000008544|0000000102414792|0000000000011732|0000000141635174|072.83
06032026|532539|0000000000013482|0000000015121412|0000000000024658|0000000027717681|054.68
06032026|532540|0000000000053498|0000000136829160|0000000000104200|0000000269606950|051.34
06032026|532541|0000000000029280|0000000034032144|0000000000085451|0000000099224447|034.27
06032026|532543|0000000000003467|0000000000108864|0000000000004521|0000000000143156|076.69
06032026|532548|0000000000000759|0000000000536538|0000000000001495|0000000001054476|050.77
06032026|532553|0000000000189403|0000000086329888|0000000000195340|0000000089513323|096.96
06032026|532555|0000000000292549|0000000111300268|0000000000653278|0000000250329926|044.78
06032026|532604|0000000000012201|0000000000553645|0000000000012201|0000000000553645|100.00
06032026|532605|0000000000004856|0000000002539446|0000000000012529|0000000006539557|038.76
06032026|532610|0000000000023389|0000000000897436|0000000000039415|0000000001535268|059.34
06032026|532612|0000000000000622|0000000000123467|0000000000000670|0000000000132292|092.84
06032026|532613|0000000000017145|0000000000322326|0000000000020583|0000000000385053|083.30
06032026|532614|0000000000006723|0000000000011371|0000000000006723|0000000000011371|100.00
06032026|532616|0000000000010221|0000000000643515|0000000000014230|0000000000891060|071.83
06032026|532621|0000000000000680|0000000000004710|0000000000000680|0000000000004710|100.00
06032026|532624|0000000000000244|0000000000268718|0000000000000295|0000000000332892|082.71
06032026|532626|0000000000006671|0000000007151980|0000000000009172|0000000009895062|072.73
06032026|532627|0000000001545532|0000000021451985|0000000002979103|0000000041637685|051.88
06032026|532628|0000000000019533|0000000000260375|0000000000022776|0000000000305688|085.76
06032026|532630|0000000000022674|0000000013822071|0000000000031140|0000000019261424|072.81
06032026|532633|0000000000000040|0000000000031440|0000000000000041|0000000000032434|097.56
06032026|532636|0000000000028256|0000000013712637|0000000000054490|0000000026614559|051.86
06032026|532637|0000000000020259|0000000000653148|0000000000020259|0000000000653148|100.00
06032026|532638|0000000000002138|0000000000664705|0000000000003373|0000000001037170|063.39
06032026|532640|0000000000000427|0000000000005936|0000000000000486|0000000000006767|087.86
06032026|532641|0000000000487093|0000000001193378|0000000000599617|0000000001479568|081.23
06032026|532642|0000000000000131|0000000002168031|0000000000000189|0000000003131462|069.31
06032026|532644|0000000000000853|0000000004634691|0000000000001427|0000000007824995|059.78
06032026|532645|0000000000006924|0000000000017864|0000000000008023|0000000000020611|086.30
06032026|532648|0000000002288382|0000000046065130|0000000004955353|0000000100765216|046.18
06032026|532649|0000000000009688|0000000000114319|0000000000012479|0000000000146857|077.63
06032026|532650|0000000000024247|0000000000761114|0000000000047092|0000000001486201|051.49
06032026|532651|0000000000003058|0000000000084157|0000000000005926|0000000000166647|051.60
06032026|532652|0000000000311492|0000000067858533|0000000000776239|0000000171059425|040.13
06032026|532654|0000000000018164|0000000000690777|0000000000030040|0000000001154007|060.47
06032026|532656|0000000000165028|0000000000409270|0000000000196878|0000000000498348|083.82
06032026|532660|0000000000014787|0000000000105432|0000000000020569|0000000000150535|071.89
06032026|532661|0000000000000294|0000000000244770|0000000000000345|0000000000286153|085.22
06032026|532662|0000000000002276|0000000000046203|0000000000002493|0000000000051351|091.30
06032026|532663|0000000000000361|0000000000402299|0000000000000549|0000000000620739|065.76
06032026|532666|0000000000308961|0000000000478890|0000000000404826|0000000000627458|076.32
06032026|532667|0000000001822771|0000000072892613|0000000004175550|0000000168771650|043.65
06032026|532668|0000000000002097|0000000001801009|0000000000003236|0000000002811585|064.80
06032026|532670|0000000000121121|0000000002893581|0000000000257039|0000000006226738|047.12
06032026|532673|0000000000000307|0000000000007691|0000000000000413|0000000000010470|074.33
06032026|532674|0000000000017668|0000000000374562|0000000000018566|0000000000392820|095.16
06032026|532676|0000000000000453|0000000000004005|0000000000000709|0000000000006282|063.89
06032026|532683|0000000000000396|0000000001455102|0000000000000925|0000000003372056|042.81
06032026|532684|0000000000004906|0000000000514395|0000000000009130|0000000000963025|053.73
06032026|532686|0000000000002797|0000000002895735|0000000000004665|0000000004882851|059.96
06032026|532687|0000000000000073|0000000000028821|0000000000000081|0000000000032136|090.12
06032026|532689|0000000000004428|0000000004530730|0000000000007629|0000000007816285|058.04
06032026|532694|0000000001429619|0000000012938052|0000000001688712|0000000015580430|084.66
06032026|532695|0000000000007330|0000000000058787|0000000000007730|0000000000059855|094.83
06032026|532698|0000000000002880|0000000001072944|0000000000005630|0000000002106941|051.15
06032026|532699|0000000000000762|0000000000254928|0000000000000984|0000000000330946|077.44
06032026|532700|0000000000005682|0000000000598315|0000000000006239|0000000000657764|091.07
06032026|532701|0000000000001076|0000000000014260|0000000000001076|0000000000014260|100.00
06032026|532702|0000000000059757|0000000017556607|0000000000078764|0000000023053962|075.87
06032026|532705|0000000000008591|0000000000544326|0000000000010011|0000000000633780|085.82
06032026|532707|0000000000000523|0000000000115008|0000000000006034|0000000001365301|008.67
06032026|532708|0000000000039569|0000000000105252|0000000000039569|0000000000105252|100.00
06032026|532710|0000000000009840|0000000000087084|0000000000009840|0000000000087084|100.00
06032026|532712|0000000002066946|0000000001712660|0000000002066946|0000000001712660|100.00
06032026|532713|0000000000101489|0000000000172532|0000000000126059|0000000000215288|080.51
06032026|532714|0000000000014544|0000000007949751|0000000000034827|0000000019124457|041.76
06032026|532716|0000000000000142|0000000000012599|0000000000000152|0000000000013241|093.42
06032026|532717|0000000000000463|0000000000638894|0000000000000919|0000000001273344|050.38
06032026|532719|0000000000012661|0000000000626340|0000000000016681|0000000000826839|075.90
06032026|532720|0000000000010416|0000000003787258|0000000000026052|0000000009471593|039.98
06032026|532721|0000000000000102|0000000000003644|0000000000000102|0000000000003642|100.00
06032026|532722|0000000000003166|0000000000223203|0000000000003327|0000000000234565|095.16
06032026|532723|0000000000000623|0000000000020890|0000000000000623|0000000000020886|100.00
06032026|532725|0000000000013247|0000000200723181|0000000000034461|0000000525232521|038.44
06032026|532726|0000000000004691|0000000002507575|0000000000008751|0000000004698470|053.61
06032026|532728|0000000000000300|0000000000009450|0000000000000300|0000000000009450|100.00
06032026|532729|0000000000004118|0000000000797657|0000000000006779|0000000001333781|060.75
06032026|532730|0000000000000500|0000000000005345|0000000000000538|0000000000005810|092.94
06032026|532732|0000000000000194|0000000000090589|0000000000000267|0000000000125312|072.66
06032026|532733|0000000000003521|0000000002112777|0000000000010239|0000000006073062|034.39
06032026|532734|0000000000015652|0000000003873870|0000000000037307|0000000009296730|041.95
06032026|532735|0000000000006845|0000000001766353|0000000000007513|0000000001971605|091.11
06032026|532738|0000000000055441|0000000001397114|0000000000076877|0000000001910729|072.12
06032026|532740|0000000000013221|0000000002762528|0000000000022941|0000000004933115|057.63
06032026|532741|0000000000018360|0000000000407960|0000000000025425|0000000000566061|072.21
06032026|532742|0000000000001969|0000000000823141|0000000000002569|0000000001101532|076.64
06032026|532744|0000000000001805|0000000000015343|0000000000001805|0000000000015343|100.00
06032026|532748|0000000000070244|0000000019362759|0000000000143426|0000000039554223|048.98
06032026|532749|0000000000270865|0000000002115456|0000000000428683|0000000003369578|063.19
06032026|532754|0000000000157404|0000000014953380|0000000000328162|0000000031939989|047.97
06032026|532755|0000000000017114|0000000022796704|0000000000038596|0000000051771947|044.34
06032026|532756|0000000000009204|0000000004272037|0000000000033066|0000000015553332|027.84
06032026|532757|0000000000000462|0000000004014041|0000000000001145|0000000009967844|040.35
06032026|532759|0000000000004514|0000000000177401|0000000000004578|0000000000179943|098.60
06032026|532761|0000000000043577|0000000002266876|0000000000045675|0000000002418560|095.41
06032026|532762|0000000000003789|0000000003329963|0000000000007663|0000000006760257|049.45
06032026|532764|0000000000000006|0000000000001688|0000000000000011|0000000000003062|054.55
06032026|532768|0000000000000966|0000000002027393|0000000000001731|0000000003668075|055.81
06032026|532771|0000000000017169|0000000000154521|0000000000017465|0000000000158056|098.31
06032026|532772|0000000000018399|0000000003153589|0000000000039841|0000000006917526|046.18
06032026|532773|0000000000000272|0000000000042704|0000000000000283|0000000000044184|096.11
06032026|532774|0000000000002051|0000000000166209|0000000000002051|0000000000166209|100.00
06032026|532775|0000000001871871|0000000002077777|0000000003653077|0000000004048061|051.24
06032026|532776|0000000000005527|0000000000101255|0000000000005533|0000000000101882|099.89
06032026|532777|0000000000010993|0000000010772591|0000000000027916|0000000027739569|039.38
06032026|532779|0000000000003060|0000000004530483|0000000000007609|0000000011326533|040.22
06032026|532780|0000000000006834|0000000000051255|0000000000008519|0000000000062990|080.22
06032026|532782|0000000000001402|0000000000041107|0000000000001697|0000000000050289|082.62
06032026|532783|0000000002153935|0000000846496455|0000000007494291|0000003269271038|028.74
06032026|532784|0000000000001334|0000000001811039|0000000000002404|0000000003256907|055.49
06032026|532785|0000000000004670|0000000000480310|0000000000006893|0000000000707732|067.75
06032026|532790|0000000000010448|0000000004670256|0000000000033977|0000000015162853|030.75
06032026|532794|0000000000090497|0000000000730136|0000000000090497|0000000000730136|100.00
06032026|532795|0000000000107900|0000000000052871|0000000000107900|0000000000052871|100.00
06032026|532796|0000000000005166|0000000007908888|0000000000011224|0000000016988189|046.03
06032026|532797|0000000000003380|0000000000238493|0000000000004943|0000000000347358|068.38
06032026|532798|0000000003679407|0000000120574168|0000000003751015|0000000124285138|098.09
06032026|532799|0000000000005647|0000000001208176|0000000000013795|0000000003011127|040.94
06032026|532801|0000000000006526|0000000000175419|0000000000006721|0000000000183071|097.10
06032026|532804|0000000000000030|0000000000063969|0000000000000071|0000000000151488|042.25
06032026|532805|0000000000047058|0000000011585680|0000000000128014|0000000031922310|036.76
06032026|532806|0000000000001134|0000000000029938|0000000000001360|0000000000035530|083.38
06032026|532807|0000000000000114|0000000000009828|0000000000000132|0000000000011344|086.36
06032026|532808|0000000000003872|0000000005845946|0000000000005298|0000000008042583|073.08
06032026|532809|0000000000017293|0000000003794949|0000000000059230|0000000013149767|029.20
06032026|532810|0000000000284318|0000000115902233|0000000000635122|0000000264982141|044.77
06032026|532811|0000000000000932|0000000000714239|0000000000001535|0000000001166596|060.72
06032026|532812|0000000000002506|0000000000032002|0000000000002563|0000000000031571|097.78
06032026|532814|0000000000011076|0000000010405902|0000000000023362|0000000022081485|047.41
06032026|532815|0000000000003232|0000000001214263|0000000000005812|0000000002226330|055.61
06032026|532817|0000000000004367|0000000000027644|0000000000005404|0000000000034053|080.81
06032026|532820|0000000000031861|0000000000482486|0000000000031861|0000000000482486|100.00
06032026|532822|0000000011381782|0000000114500727|0000000028883173|0000000296091501|039.41
06032026|532825|0000000000025143|0000000000096047|0000000000030859|0000000000118007|081.48
06032026|532827|0000000000000176|0000000005558582|0000000000000400|0000000012625809|044.00
06032026|532828|0000000000002617|0000000000098609|0000000000002649|0000000000100416|098.79
06032026|532829|0000000000006260|0000000001460458|0000000000019702|0000000004595107|031.77
06032026|532830|0000000000254875|0000000430636800|0000000000271050|0000000458279467|094.03
06032026|532832|0000000000123239|0000000007087224|0000000000123239|0000000007087224|100.00
06032026|532834|0000000000005712|0000000000785400|0000000000011393|0000000001578335|050.14
06032026|532835|0000000000000108|0000000000583460|0000000000000150|0000000000818210|072.00
06032026|532839|0000000000258071|0000000000673566|0000000000323904|0000000000845753|079.68
06032026|532841|0000000000001053|0000000000251457|0000000000001059|0000000000253089|099.43
06032026|532842|0000000000000277|0000000000122434|0000000000000286|0000000000126697|096.85
06032026|532843|0000000000015626|0000000013946205|0000000000031358|0000000028439823|049.83
06032026|532845|0000000000073795|0000000000655300|0000000000074024|0000000000657928|099.69
06032026|532847|0000000000015717|0000000000268918|0000000000017934|0000000000307032|087.64
06032026|532848|0000000000055599|0000000003250318|0000000000136997|0000000008014703|040.58
06032026|532850|0000000000023688|0000000000820553|0000000000036502|0000000001266155|064.90
06032026|532851|0000000000000119|0000000000072828|0000000000000146|0000000000089231|081.51
06032026|532853|0000000000000221|0000000000048178|0000000000000385|0000000000084733|057.40
06032026|532855|0000000000000990|0000000000141125|0000000000001114|0000000000160938|088.87
06032026|532856|0000000000015189|0000000002683137|0000000000040781|0000000007285376|037.25
06032026|532859|0000000000002966|0000000001039583|0000000000004319|0000000001520313|068.67
06032026|532864|0000000000016612|0000000001916195|0000000000050083|0000000005914561|033.17
06032026|532867|0000000000000555|0000000001075868|0000000000001283|0000000002495287|043.26
06032026|532868|0000000000175582|0000000101486396|0000000000222652|0000000128802887|078.86
06032026|532869|0000000000000967|0000000000062391|0000000000000967|0000000000062391|100.00
06032026|532870|0000000000003532|0000000000005970|0000000000003532|0000000000005970|100.00
06032026|532872|0000000000011483|0000000001426189|0000000000024973|0000000003120953|045.98
06032026|532875|0000000000002581|0000000000276813|0000000000005079|0000000000549074|050.82
06032026|532878|0000000000008914|0000000000564078|0000000000009013|0000000000571904|098.90
06032026|532879|0000000000000029|0000000000007716|0000000000000029|0000000000007918|100.00
06032026|532880|0000000000006361|0000000000485536|0000000000008136|0000000000623066|078.18
06032026|532884|0000000000013934|0000000003034826|0000000000026400|0000000005758741|052.78
06032026|532885|0000000000382388|0000000014209539|0000000000660460|0000000024737355|057.90
06032026|532886|0000000000008730|0000000000270543|0000000000011777|0000000000350729|074.13
06032026|532887|0000000000043899|0000000000600538|0000000000043899|0000000000600538|100.00
06032026|532888|0000000000031025|0000000002064404|0000000000062629|0000000004210464|049.54
06032026|532889|0000000000002138|0000000001796348|0000000000008374|0000000007035378|025.53
06032026|532890|0000000000023118|0000000000797108|0000000000023118|0000000000797108|100.00
06032026|532891|0000000000023105|0000000004321791|0000000000040796|0000000007641255|056.64
06032026|532892|0000000000025394|0000000018198611|0000000000038191|0000000027535985|066.49
06032026|532893|0000000000022383|0000000001667310|0000000000033321|0000000002472286|067.17
06032026|532894|0000000000071017|0000000000630631|0000000000076804|0000000000694036|092.47
06032026|532895|0000000000002888|0000000000074829|0000000000002888|0000000000071638|100.00
06032026|532896|0000000000000143|0000000000002953|0000000000000183|0000000000003766|078.14
06032026|532898|0000000000194054|0000000058060957|0000000000392706|0000000118180354|049.41
06032026|532899|0000000000002186|0000000001638735|0000000000004504|0000000003345176|048.53
06032026|532900|0000000000028382|0000000000948527|0000000000047578|0000000001607739|059.65
06032026|532902|0000000000010670|0000000000161758|0000000000012291|0000000000185672|086.81
06032026|532904|0000000000000001|0000000000000080|0000000000000001|0000000000000080|100.00
06032026|532906|0000000000003447|0000000000454866|0000000000003447|0000000000454866|100.00
06032026|532907|0000000000003936|0000000000098364|0000000000003936|0000000000098364|100.00
06032026|532911|0000000000107673|0000000000685878|0000000000143245|0000000000913027|075.17
06032026|532915|0000000000009889|0000000002051474|0000000000024138|0000000004992771|040.97
06032026|532916|0000000000000113|0000000000004466|0000000000000134|0000000000005115|084.33
06032026|532918|0000000000010464|0000000000253334|0000000000017591|0000000000420719|059.48
06032026|532921|0000000000028467|0000000042040066|0000000000077525|0000000115016874|036.72
06032026|532922|0000000000057649|0000000006309684|0000000000146682|0000000016104781|039.30
06032026|532923|0000000000012898|0000000001362674|0000000000020063|0000000002145101|064.29
06032026|532924|0000000000004960|0000000001623656|0000000000007284|0000000002409987|068.09
06032026|532925|0000000000000379|0000000000329730|0000000000000379|0000000000319275|100.00
06032026|532926|0000000000016796|0000000004105783|0000000000034197|0000000008454011|049.12
06032026|532927|0000000000002024|0000000006115213|0000000000006323|0000000019467714|032.01
06032026|532928|0000000000044178|0000000012968452|0000000000144007|0000000042875204|030.68
06032026|532929|0000000000008385|0000000005583991|0000000000012213|0000000008176334|068.66
06032026|532930|0000000000034162|0000000011005275|0000000000034162|0000000011005275|100.00
06032026|532932|0000000000000191|0000000000010954|0000000000000191|0000000000010976|100.00
06032026|532933|0000000000002759|0000000000139551|0000000000003132|0000000000160093|088.09
06032026|532934|0000000000000074|0000000000015836|0000000000000407|0000000000087341|018.18
06032026|532935|0000000000001573|0000000000537966|0000000000001707|0000000000588586|092.15
06032026|532937|0000000000000779|0000000000065382|0000000000000780|0000000000065633|099.87
06032026|532939|0000000005514558|0000000123912119|0000000009446340|0000000215266220|058.38
06032026|532940|0000000000002180|0000000001028415|0000000000005019|0000000002380385|043.43
06032026|532941|0000000000000455|0000000000075712|0000000000000525|0000000000087852|086.67
06032026|532942|0000000000065752|0000000008077634|0000000000094517|0000000011830320|069.57
06032026|532944|0000000000006150|0000000000300120|0000000000007886|0000000000382061|077.99
06032026|532945|0000000001290480|0000000008607502|0000000001777227|0000000012239104|072.61
06032026|532946|0000000000001264|0000000000045188|0000000000001545|0000000000056090|081.81
06032026|532947|0000000000354334|0000000014456828|0000000000551561|0000000022400900|064.24
06032026|532951|0000000000005455|0000000000069824|0000000000007136|0000000000092422|076.44
06032026|532952|0000000000003148|0000000000704838|0000000000003250|0000000000734228|096.86
06032026|532953|0000000000007083|0000000002206709|0000000000009920|0000000003081747|071.40
06032026|532955|0000000000081919|0000000027778733|0000000000179017|0000000061626559|045.76
06032026|532957|0000000000001546|0000000000099622|0000000000001546|0000000000099622|100.00
06032026|532966|0000000000052071|0000000035384849|0000000000142233|0000000097327379|036.61
06032026|532967|0000000000006669|0000000002734290|0000000000014221|0000000005891009|046.90
06032026|532974|0000000000001630|0000000000208559|0000000000001694|0000000000217757|096.22
06032026|532975|0000000000006702|0000000000065211|0000000000007609|0000000000075041|088.08
06032026|532976|0000000000028408|0000000001749933|0000000000071207|0000000004410026|039.89
06032026|532977|0000000000004810|0000000047198847|0000000000008088|0000000079323689|059.47
06032026|532978|0000000000040110|0000000074971607|0000000000054184|0000000101648626|074.03
06032026|532980|0000000000003656|0000000000145034|0000000000004340|0000000000173037|084.24
06032026|532983|0000000000000380|0000000000709517|0000000000000470|0000000000876384|080.85
06032026|532985|0000000000002031|0000000000175032|0000000000002561|0000000000221832|079.30
06032026|532986|0000000000000382|0000000000010979|0000000000000400|0000000000011589|095.50
06032026|532989|0000000000000185|0000000000020683|0000000000000185|0000000000020788|100.00
06032026|532992|0000000000001254|0000000000039790|0000000000001266|0000000000038542|099.05
06032026|532993|0000000000000555|0000000000280692|0000000000000702|0000000000372892|079.06
06032026|532994|0000000000000041|0000000000003336|0000000000000041|0000000000003335|100.00
06032026|532998|0000000000000110|0000000000012232|0000000000000125|0000000000013859|088.00
06032026|533001|0000000000002103|0000000000217030|0000000000003289|0000000000340534|063.94
06032026|533007|0000000000032132|0000000000205645|0000000000044164|0000000000286431|072.76
06032026|533012|0000000000000192|0000000000001154|0000000000000292|0000000000001781|065.75
06032026|533014|0000000000008496|0000000000462183|0000000000010187|0000000000554682|083.40
06032026|533019|0000000000000018|0000000000025516|0000000000000018|0000000000025515|100.00
06032026|533022|0000000000001689|0000000000282148|0000000000002141|0000000000358463|078.89
06032026|533023|0000000000000160|0000000002297696|0000000000000290|0000000004190531|055.17
06032026|533029|0000000000000948|0000000000057279|0000000000000994|0000000000060449|095.37
06032026|533033|0000000000001853|0000000001652321|0000000000002681|0000000002376710|069.12
06032026|533047|0000000000001553|0000000001876102|0000000000003856|0000000004683383|040.27
06032026|533048|0000000000229729|0000000000128649|0000000000236937|0000000000130725|096.96
06032026|533056|0000000000039329|0000000000776355|0000000000044708|0000000000903312|087.97
06032026|533080|0000000000000423|0000000000242464|0000000000000827|0000000000474135|051.15
06032026|533088|0000000000202551|0000000055681270|0000000000210398|0000000058388465|096.27
06032026|533090|0000000000340579|0000000000350797|0000000000575870|0000000000596473|059.14
06032026|533093|0000000000000744|0000000000034001|0000000000001026|0000000000046643|072.51
06032026|533095|0000000000000741|0000000004490053|0000000000000944|0000000005720495|078.50
06032026|533096|0000000000286393|0000000039779988|0000000000674035|0000000094719592|042.49
06032026|533098|0000000000126836|0000000009398548|0000000000309208|0000000023093379|041.02
06032026|533100|0000000000009864|0000000000070035|0000000000010588|0000000000074957|093.16
06032026|533101|0000000000030670|0000000003481045|0000000000030854|0000000003502142|099.40
06032026|533104|0000000000002623|0000000002265748|0000000000007699|0000000006630497|034.07
06032026|533106|0000000000147801|0000000071616975|0000000000337318|0000000162909063|043.82
06032026|533107|0000000000003411|0000000006865358|0000000000003411|0000000006865358|100.00
06032026|533108|0000000000016727|0000000000578587|0000000000021257|0000000000748423|078.69
06032026|533110|0000000000000022|0000000000000269|0000000000000022|0000000000000291|100.00
06032026|533121|0000000000000229|0000000000173434|0000000000000288|0000000000218587|079.51
06032026|533122|0000000000848189|0000000006768549|0000000001328227|0000000010711161|063.86
06032026|533137|0000000000008902|0000000000241156|0000000000011998|0000000000323749|074.20
06032026|533138|0000000000000175|0000000000109988|0000000000000185|0000000000116551|094.59
06032026|533146|0000000000001401|0000000000556758|0000000000002451|0000000000977051|057.16
06032026|533148|0000000000064327|0000000031426956|0000000000167227|0000000082584423|038.47
06032026|533149|0000000000002345|0000000000017518|0000000000002350|0000000000017358|099.79
06032026|533150|0000000000016628|0000000027728853|0000000000039503|0000000066625269|042.09
06032026|533151|0000000000001585|0000000000336892|0000000000001750|0000000000373390|090.57
06032026|533152|0000000000001580|0000000000040922|0000000000002030|0000000000052921|077.83
06032026|533155|0000000000032603|0000000016019485|0000000000072166|0000000035663538|045.18
06032026|533156|0000000000017229|0000000000599570|0000000000029894|0000000001047264|057.63
06032026|533158|0000000000002296|0000000008471092|0000000000005033|0000000018517109|045.62
06032026|533160|0000000000248041|0000000025622636|0000000000293910|0000000030257959|084.39
06032026|533161|0000000000000492|0000000000040305|0000000000000633|0000000000052360|077.73
06032026|533162|0000000007061501|0000000071815466|0000000007227259|0000000074038342|097.71
06032026|533164|0000000000000711|0000000000031277|0000000000000725|0000000000031807|098.07
06032026|533166|0000000000091097|0000000000127536|0000000000103066|0000000000144183|088.39
06032026|533167|0000000000012718|0000000000960298|0000000000012718|0000000000960298|100.00
06032026|533168|0000000000005844|0000000000269350|0000000000008851|0000000000408523|066.03
06032026|533169|0000000000009885|0000000000986523|0000000000010693|0000000001070074|092.44
06032026|533170|0000000000001510|0000000000224990|0000000000002712|0000000000404435|055.68
06032026|533172|0000000000000006|0000000000082800|0000000000000006|0000000000082800|100.00
06032026|533177|0000000000005552|0000000000012687|0000000000005552|0000000000012687|100.00
06032026|533179|0000000000013061|0000000062383255|0000000000033388|0000000159435924|039.12
06032026|533181|0000000000003198|0000000000217305|0000000000004293|0000000000292541|074.49
06032026|533192|0000000000011547|0000000000261309|0000000000012728|0000000000288994|090.72
06032026|533193|0000000000016799|0000000001371303|0000000000028439|0000000002333523|059.07
06032026|533202|0000000000027656|0000000000096243|0000000000033891|0000000000118343|081.60
06032026|533203|0000000000004029|0000000000100161|0000000000004185|0000000000102673|096.27
06032026|533206|0000000000202384|0000000014367241|0000000000396072|0000000028472685|051.10
06032026|533208|0000000000000127|0000000000010209|0000000000000146|0000000000011791|086.99
06032026|533210|0000000000001312|0000000000084165|0000000000001514|0000000000096990|086.66
06032026|533212|0000000000004790|0000000000269342|0000000000007896|0000000000454274|060.66
06032026|533217|0000000000004315|0000000000286085|0000000000006308|0000000000413958|068.41
06032026|533218|0000000000000257|0000000000016174|0000000000000264|0000000000016298|097.35
06032026|533229|0000000000006004|0000000002232288|0000000000010894|0000000004012870|055.11
06032026|533230|0000000000111218|0000000015015543|0000000000182732|0000000024789952|060.86
06032026|533239|0000000000048635|0000000000200863|0000000000052793|0000000000219918|092.12
06032026|533244|0000000000248827|0000000033668782|0000000000382915|0000000052052059|064.98
06032026|533248|0000000000011697|0000000001942872|0000000000032909|0000000005495608|035.54
06032026|533252|0000000000000283|0000000000363655|0000000000000286|0000000000364747|098.95
06032026|533257|0000000000031285|0000000010192488|0000000000031285|0000000010192488|100.00
06032026|533259|0000000000000082|0000000000022661|0000000000000112|0000000000031150|073.21
06032026|533260|0000000000003385|0000000000311827|0000000000004119|0000000000384356|082.18
06032026|533262|0000000000212403|0000000099224062|0000000000506847|0000000251513949|041.91
06032026|533263|0000000000169109|0000000001543966|0000000000197128|0000000001812692|085.79
06032026|533267|0000000000000798|0000000000200618|0000000000002057|0000000000524149|038.79
06032026|533268|0000000000001150|0000000000005106|0000000000001150|0000000000005086|100.00
06032026|533269|0000000000003044|0000000003725856|0000000000007175|0000000008757825|042.42
06032026|533270|0000000000000024|0000000000003091|0000000000000024|0000000000003091|100.00
06032026|533271|0000000000020640|0000000002484024|0000000000034232|0000000004170831|060.29
06032026|533272|0000000002273392|0000000681903931|0000000007124532|0000002073400734|031.91
06032026|533273|0000000000011227|0000000016555896|0000000000018646|0000000027626051|060.21
06032026|533274|0000000000005895|0000000007859214|0000000000010851|0000000014642875|054.33
06032026|533275|0000000000113041|0000000000562945|0000000000119321|0000000000592202|094.74
06032026|533278|0000000000309505|0000000136306002|0000000000644681|0000000285517195|048.01
06032026|533282|0000000000006833|0000000010494805|0000000000013262|0000000020401473|051.52
06032026|533284|0000000000007505|0000000000521673|0000000000011009|0000000000765522|068.17
06032026|533285|0000000000109038|0000000004750786|0000000000192917|0000000008346414|056.52
06032026|533286|0000000000022430|0000000006568626|0000000000062195|0000000018301517|036.06
06032026|533287|0000000000039958|0000000000224165|0000000000044285|0000000000249184|090.23
06032026|533289|0000000000000145|0000000000009005|0000000000000190|0000000000011861|076.32
06032026|533292|0000000000033630|0000000000538911|0000000000033630|0000000000538911|100.00
06032026|533293|0000000000039361|0000000059574842|0000000000079139|0000000119363984|049.74
06032026|533294|0000000000010117|0000000000206994|0000000000012158|0000000000244518|083.21
06032026|533295|0000000000254149|0000000006343560|0000000000344449|0000000008605318|073.78
06032026|533296|0000000000007438|0000000000061959|0000000000009439|0000000000079879|078.80
06032026|533298|0000000000002750|0000000000060968|0000000000003618|0000000000080436|076.01
06032026|533301|0000000000000743|0000000000009503|0000000000000744|0000000000009530|099.87
06032026|533302|0000000000000026|0000000000126171|0000000000000039|0000000000188864|066.67
06032026|533303|0000000000004219|0000000001621362|0000000000004502|0000000001727062|093.71
06032026|533306|0000000000000280|0000000000456540|0000000000000390|0000000000621377|071.79
06032026|533315|0000000000030135|0000000001916586|0000000000037110|0000000002417558|081.20
06032026|533316|0000000000000341|0000000000181242|0000000000000406|0000000000213910|083.99
06032026|533317|0000000000008475|0000000000036525|0000000000008475|0000000000036525|100.00
06032026|533326|0000000000095421|0000000009599353|0000000000237897|0000000024065667|040.11
06032026|533329|0000000000000874|0000000000025783|0000000000000940|0000000000027888|092.98
06032026|533333|0000000000062881|0000000001378981|0000000000085260|0000000001884346|073.75
06032026|533336|0000000000000066|0000000000058744|0000000000000070|0000000000062420|094.29
06032026|533339|0000000000043639|0000000062218305|0000000000076798|0000000109509814|056.82
06032026|533343|0000000000000313|0000000000022358|0000000000000313|0000000000022263|100.00
06032026|533344|0000000000156258|0000000004493981|0000000000175494|0000000005061677|089.04
06032026|533385|0000000000017857|0000000003949255|0000000000032185|0000000007109321|055.48
06032026|533398|0000000000004332|0000000014027450|0000000000010434|0000000034098560|041.52
06032026|533407|0000000000095053|0000000013026489|0000000000095053|0000000013026489|100.00
06032026|533408|0000000000005205|0000000000723808|0000000000008487|0000000001183855|061.33
06032026|533427|0000000000018256|0000000000449281|0000000000031107|0000000000759185|058.69
06032026|533451|0000000000001682|0000000000067129|0000000000001682|0000000000067299|100.00
06032026|533452|0000000000044486|0000000000541395|0000000000133083|0000000001672864|033.43
06032026|533470|0000000000007787|0000000000130199|0000000000008404|0000000000140945|092.66
06032026|533477|0000000000000423|0000000000182187|0000000000000569|0000000000245708|074.34
06032026|533482|0000000000045164|0000000000131428|0000000000054250|0000000000156180|083.25
06032026|533506|0000000000156279|0000000000167219|0000000000164648|0000000000174730|094.92
06032026|533519|0000000000060591|0000000016468634|0000000000133162|0000000036571497|045.50
06032026|533520|0000000000163632|0000000001562686|0000000000200227|0000000001957624|081.72
06032026|533540|0000000000016295|0000000000137768|0000000000016295|0000000000137768|100.00
06032026|533543|0000000000003242|0000000000198281|0000000000003855|0000000000236975|084.10
06032026|533552|0000000000003268|0000000000440527|0000000000003862|0000000000522516|084.62
06032026|533553|0000000000007634|0000000006712958|0000000000024199|0000000021557136|031.55
06032026|533570|0000000000022877|0000000003006267|0000000000039565|0000000005229506|057.82
06032026|533573|0000000000000958|0000000000680612|0000000000001804|0000000001287422|053.10
06032026|533576|0000000000001977|0000000000108518|0000000000002012|0000000000109778|098.26
06032026|533581|0000000000022744|0000000013828352|0000000000071478|0000000043824337|031.82
06032026|533602|0000000000247814|0000000000183383|0000000000309643|0000000000233351|080.03
06032026|533605|0000000000025624|0000000000009778|0000000000025624|0000000000009778|100.00
06032026|533608|0000000000005407|0000000000940278|0000000000011944|0000000002084931|045.27
06032026|533629|0000000000007997|0000000000038827|0000000000007997|0000000000038827|100.00
06032026|533632|0000000000000001|0000000000000016|0000000000000001|0000000000000015|100.00
06032026|533638|0000000000002978|0000000000023616|0000000000003553|0000000000027852|083.82
06032026|533644|0000000000001478|0000000000263676|0000000000001497|0000000000265855|098.73
06032026|533655|0000000000013066|0000000006137754|0000000000024697|0000000011607350|052.91
06032026|533676|0000000000008003|0000000002096386|0000000000011422|0000000002956778|070.07
06032026|533704|0000000000020670|0000000000517991|0000000000026524|0000000000673004|077.93
06032026|533719|0000000000008208|0000000001173006|0000000000010075|0000000001462331|081.47
06032026|533758|0000000000007400|0000000015920360|0000000000014526|0000000031580933|050.94
06032026|533761|0000000000002544|0000000000288872|0000000000002912|0000000000336812|087.36
06032026|533896|0000000000000350|0000000000006132|0000000000000370|0000000000006401|094.59
06032026|533941|0000000000000205|0000000000053536|0000000000000248|0000000000066109|082.66
06032026|533982|0000000000003056|0000000001164184|0000000000004424|0000000001698326|069.08
06032026|534060|0000000000683680|0000000001285319|0000000000985006|0000000001830448|069.41
06032026|534063|0000000000000005|0000000000000208|0000000000000005|0000000000000208|100.00
06032026|534064|0000000000078411|0000000000116049|0000000000083862|0000000000125120|093.50
06032026|534076|0000000000010814|0000000004283426|0000000000014084|0000000005605008|076.78
06032026|534091|0000000000063108|0000000159912517|0000000000135150|0000000344539447|046.69
06032026|534139|0000000000012050|0000000010965480|0000000000012050|0000000010965480|100.00
06032026|534190|0000000000000042|0000000000000130|0000000000000042|0000000000000130|100.00
06032026|534309|0000000000336390|0000000028805076|0000000000780590|0000000067949647|043.09
06032026|534328|0000000000000126|0000000000020167|0000000000000126|0000000000020258|100.00
06032026|534338|0000000000000547|0000000000006636|0000000000000547|0000000000006806|100.00
06032026|534369|0000000000004299|0000000000591973|0000000000006963|0000000000970887|061.74
06032026|534392|0000000000000317|0000000000077079|0000000000000340|0000000000083372|093.24
06032026|534422|0000000000000326|0000000000002986|0000000000000326|0000000000002986|100.00
06032026|534425|0000000000000640|0000000000065312|0000000000000982|0000000000099435|065.17
06032026|534532|0000000000008203|0000000000042492|0000000000008735|0000000000043109|093.91
06032026|534597|0000000000262240|0000000006668764|0000000000404825|0000000010470779|064.78
06032026|534598|0000000000001393|0000000000037918|0000000000001496|0000000000042120|093.11
06032026|534600|0000000000098628|0000000005269695|0000000000138253|0000000007347282|071.34
06032026|534612|0000000000001144|0000000000019037|0000000000001294|0000000000021799|088.41
06032026|534615|0000000000007499|0000000000101987|0000000000008081|0000000000109256|092.80
06032026|534618|0000000000006375|0000000005209332|0000000000018658|0000000015315537|034.17
06032026|534623|0000000000016069|0000000000773401|0000000000029777|0000000001416295|053.96
06032026|534674|0000000000187038|0000000000572337|0000000000189083|0000000000581090|098.92
06032026|534675|0000000000001510|0000000000068524|0000000000002402|0000000000109656|062.86
06032026|534680|0000000000000003|0000000000000827|0000000000000003|0000000000000824|100.00
06032026|534691|0000000000041381|0000000000564024|0000000000051458|0000000000706488|080.42
06032026|534708|0000000000045000|0000000000402780|0000000000045000|0000000000402780|100.00
06032026|534732|0000000000004153|0000000000140746|0000000000006320|0000000000217713|065.71
06032026|534733|0000000000086645|0000000002037196|0000000000086645|0000000002037196|100.00
06032026|534741|0000000000293551|0000000000143840|0000000000549667|0000000000267706|053.41
06032026|534742|0000000000004708|0000000000967259|0000000000006744|0000000001400439|069.81
06032026|534748|0000000000124752|0000000001061640|0000000000176939|0000000001494335|070.51
06032026|534755|0000000000058450|0000000000064295|0000000000058450|0000000000063310|100.00
06032026|534758|0000000000000375|0000000000429488|0000000000000654|0000000000749182|057.34
06032026|534796|0000000000002360|0000000000305210|0000000000002360|0000000000305210|100.00
06032026|534804|0000000000000230|0000000000372669|0000000000000668|0000000001083843|034.43
06032026|534809|0000000007489910|0000000067783686|0000000008738208|0000000079974087|085.71
06032026|534816|0000000000091133|0000000041214900|0000000000141545|0000000064221461|064.38
06032026|534920|0000000000000001|0000000000000041|0000000000000001|0000000000000041|100.00
06032026|534976|0000000000003946|0000000002038504|0000000000008677|0000000004607312|045.48
06032026|535136|0000000000006023|0000000005970600|0000000000009929|0000000009996816|060.66
06032026|535204|0000000000002305|0000000000006685|0000000000002368|0000000000007105|097.34
06032026|535205|0000000000001013|0000000000003293|0000000000001213|0000000000003949|083.51
06032026|535267|0000000000005456|0000000000041630|0000000000006395|0000000000048437|085.32
06032026|535276|0000000000012761|0000000011173022|0000000000015250|0000000013415964|083.68
06032026|535322|0000000000002557|0000000000922950|0000000000003984|0000000001448289|064.18
06032026|535387|0000000000000040|0000000000002204|0000000000000040|0000000000002204|100.00
06032026|535431|0000000000068197|0000000000044329|0000000000122118|0000000000079052|055.85
06032026|535458|0000000000003524|0000000000113896|0000000000004365|0000000000135364|080.73
06032026|535514|0000000000000127|0000000000000807|0000000000000127|0000000000000771|100.00
06032026|535566|0000000000000629|0000000000076613|0000000000000629|0000000000079041|100.00
06032026|535601|0000000000000173|0000000000033883|0000000000000204|0000000000040695|084.80
06032026|535602|0000000000001414|0000000001174752|0000000000002098|0000000001771032|067.40
06032026|535620|0000000000000007|0000000000002317|0000000000000007|0000000000002317|100.00
06032026|535621|0000000000000215|0000000000026746|0000000000000256|0000000000034331|083.98
06032026|535648|0000000000002872|0000000001537238|0000000000004705|0000000002520555|061.04
06032026|535657|0000000000000948|0000000000006358|0000000000000948|0000000000006358|100.00
06032026|535667|0000000000000151|0000000000026531|0000000000000250|0000000000043925|060.40
06032026|535693|0000000000018417|0000000002946720|0000000000025974|0000000004132615|070.91
06032026|535719|0000000000135527|0000000003702598|0000000000267433|0000000007836058|050.68
06032026|535730|0000000001441679|0000000000778507|0000000001997945|0000000001094396|072.16
06032026|535754|0000000000010411|0000000001511157|0000000000012938|0000000001888919|080.47
06032026|535755|0000000000083944|0000000005243143|0000000000160767|0000000010217603|052.21
06032026|535789|0000000000049770|0000000007084760|0000000000104511|0000000015093973|047.62
06032026|535910|0000000000019254|0000000000016174|0000000000022412|0000000000018123|085.91
06032026|535916|0000000000002113|0000000000123273|0000000000004325|0000000000249782|048.86
06032026|535958|0000000000764377|0000000001054841|0000000001304930|0000000001935297|058.58
06032026|536073|0000000000043782|0000000000086689|0000000000056986|0000000000112014|076.83
06032026|536264|0000000000007788|0000000000222971|0000000000009844|0000000000284111|079.11
06032026|536493|0000000000000013|0000000000004108|0000000000000024|0000000000007680|054.17
06032026|536507|0000000000015222|0000000000018641|0000000000015222|0000000000018641|100.00
06032026|536565|0000000000001533|0000000000085864|0000000000001632|0000000000092714|093.93
06032026|536659|0000000000851139|0000000003957797|0000000001067631|0000000005001813|079.72
06032026|536672|0000000000083395|0000000000517049|0000000000157869|0000000000986588|052.83
06032026|536709|0000000000009198|0000000000101933|0000000000009198|0000000000101933|100.00
06032026|536773|0000000000000350|0000000000385473|0000000000000544|0000000000602375|064.34
06032026|536960|0000000000029343|0000000001816332|0000000000037900|0000000002361031|077.42
06032026|536974|0000000000026253|0000000001785467|0000000000037152|0000000002507682|070.66
06032026|537007|0000000000019358|0000000005337775|0000000000023990|0000000006635584|080.69
06032026|537008|0000000000005317|0000000000148079|0000000000006186|0000000000174087|085.95
06032026|537069|0000000000052675|0000000000608923|0000000000053765|0000000000618878|097.97
06032026|537253|0000000000000001|0000000000000067|0000000000000004|0000000000000270|025.00
06032026|537259|0000000000000845|0000000000590867|0000000000000930|0000000000657142|090.86
06032026|537291|0000000000000298|0000000000042912|0000000000000308|0000000000044339|096.75
06032026|537292|0000000000000046|0000000000005195|0000000000000046|0000000000005195|100.00
06032026|537326|0000000000004701|0000000000303074|0000000000006565|0000000000422869|071.61
06032026|537483|0000000000002399|0000000000637511|0000000000003538|0000000000943726|067.81
06032026|537536|0000000000004139|0000000000304962|0000000000004324|0000000000318047|095.72
06032026|537582|0000000000020000|0000000000029600|0000000000040000|0000000000062000|050.00
06032026|537669|0000000000004500|0000000001522350|0000000000005500|0000000001751475|081.82
06032026|537707|0000000000489805|0000000000440825|0000000000649811|0000000000583843|075.38
06032026|537708|0000000000002592|0000000000700696|0000000000004487|0000000001217493|057.77
06032026|537709|0000000000007447|0000000000034290|0000000000007447|0000000000034290|100.00
06032026|537750|0000000000001621|0000000000290241|0000000000001698|0000000000304896|095.47
06032026|537766|0000000000025133|0000000000043500|0000000000025133|0000000000043500|100.00
06032026|537785|0000000000000459|0000000000052326|0000000000000541|0000000000061424|084.84
06032026|537800|0000000003132708|0000000002793670|0000000003132708|0000000002793670|100.00
06032026|537820|0000000000066802|0000000000147633|0000000000094062|0000000000204291|071.02
06032026|537839|0000000000004022|0000000000390094|0000000000004031|0000000000395226|099.78
06032026|537840|0000000000000204|0000000000009996|0000000000000204|0000000000010374|100.00
06032026|537985|0000000000001780|0000000000026985|0000000000003588|0000000000056896|049.61
06032026|538057|0000000000104983|0000000010897236|0000000000140294|0000000014604185|074.83
06032026|538081|0000000000102366|0000000000613173|0000000000102506|0000000000609764|099.86
06032026|538092|0000000000000001|0000000000000105|0000000000000001|0000000000000104|100.00
06032026|538119|0000000000001119|0000000000155988|0000000000001119|0000000000155988|100.00
06032026|538212|0000000000239960|0000000000091728|0000000000239960|0000000000091728|100.00
06032026|538268|0000000000000429|0000000000212763|0000000000000660|0000000000324787|065.00
06032026|538273|0000000000004312|0000000000103273|0000000000004416|0000000000105630|097.64
06032026|538319|0000000000006000|0000000000022980|0000000000006000|0000000000022980|100.00
06032026|538351|0000000000184060|0000000000370189|0000000000184060|0000000000370189|100.00
06032026|538365|0000000000000661|0000000000021847|0000000000000833|0000000000027670|079.35
06032026|538382|0000000000001074|0000000000092955|0000000000001074|0000000000090731|100.00
06032026|538395|0000000000000103|0000000000008097|0000000000000103|0000000000008096|100.00
06032026|538401|0000000000003936|0000000000564620|0000000000006109|0000000000872193|064.43
06032026|538422|0000000000136713|0000000000062888|0000000000187047|0000000000085464|073.09
06032026|538446|0000000000018348|0000000001265462|0000000000020995|0000000001425919|087.39
06032026|538451|0000000000581831|0000000001617491|0000000000863529|0000000002419203|067.38
06032026|538464|0000000000001186|0000000000004828|0000000000001204|0000000000005104|098.50
06032026|538465|0000000000045151|0000000000504337|0000000000055966|0000000000616030|080.68
06032026|538476|0000000000010702|0000000000179794|0000000000010916|0000000000178031|098.04
06032026|538496|0000000000042000|0000000000314580|0000000000054000|0000000000394440|077.78
06032026|538520|0000000000000694|0000000000001127|0000000000000694|0000000000001127|100.00
06032026|538539|0000000000032017|0000000000284952|0000000000045362|0000000000396687|070.58
06032026|538540|0000000000082791|0000000000844468|0000000000082791|0000000000844468|100.00
06032026|538546|0000000000005185|0000000000592905|0000000000009846|0000000001126691|052.66
06032026|538556|0000000000003902|0000000000445999|0000000000003902|0000000000437028|100.00
06032026|538562|0000000000004133|0000000001434565|0000000000007382|0000000002596086|055.99
06032026|538563|0000000000000050|0000000000022417|0000000000000050|0000000000022417|100.00
06032026|538564|0000000000000910|0000000000272955|0000000000001059|0000000000315376|085.93
06032026|538565|0000000000001752|0000000000325615|0000000000001752|0000000000325615|100.00
06032026|538567|0000000000000585|0000000000595560|0000000000001569|0000000001605912|037.28
06032026|538568|0000000000000511|0000000000020440|0000000000000512|0000000000020769|099.80
06032026|538569|0000000000010442|0000000000013157|0000000000011435|0000000000012634|091.32
06032026|538576|0000000000024000|0000000003648000|0000000000024000|0000000003648000|100.00
06032026|538596|0000000000000944|0000000000005232|0000000000000944|0000000000005232|100.00
06032026|538597|0000000000000480|0000000000004802|0000000000000480|0000000000004802|100.00
06032026|538598|0000000000045131|0000000000887276|0000000000068295|0000000001353612|066.08
06032026|538607|0000000000406884|0000000000362127|0000000000516721|0000000000456443|078.74
06032026|538609|0000000000003423|0000000000190730|0000000000003655|0000000000196497|093.65
06032026|538610|0000000000858186|0000000000798113|0000000001254016|0000000001187235|068.44
06032026|538611|0000000000000017|0000000000000910|0000000000000017|0000000000000910|100.00
06032026|538634|0000000000002574|0000000000308880|0000000000002662|0000000000316104|096.69
06032026|538635|0000000000001793|0000000000067579|0000000000003017|0000000000113971|059.43
06032026|538646|0000000000000072|0000000000002880|0000000000000118|0000000000004682|061.02
06032026|538647|0000000000000208|0000000000007006|0000000000000208|0000000000007143|100.00
06032026|538666|0000000000003385|0000000003536479|0000000000005657|0000000006019386|059.84
06032026|538667|0000000000010000|0000000000057800|0000000000010000|0000000000057800|100.00
06032026|538668|0000000000031977|0000000016935020|0000000000044091|0000000023280018|072.52
06032026|538674|0000000000001161|0000000000009311|0000000000001161|0000000000009311|100.00
06032026|538683|0000000000018602|0000000016760030|0000000000032771|0000000029741557|056.76
06032026|538685|0000000000000003|0000000000000312|0000000000000003|0000000000000309|100.00
06032026|538706|0000000000096776|0000000000677432|0000000000108583|0000000000765289|089.13
06032026|538707|0000000000001005|0000000000032663|0000000000001056|0000000000035233|095.17
06032026|538708|0000000000001503|0000000000010672|0000000000001507|0000000000010794|099.73
06032026|538713|0000000000011177|0000000002292403|0000000000015365|0000000003129042|072.74
06032026|538714|0000000000000748|0000000000030444|0000000000000748|0000000000029944|100.00
06032026|538715|0000000000003894|0000000001300012|0000000000004360|0000000001445108|089.31
06032026|538716|0000000000000275|0000000000117700|0000000000000379|0000000000158820|072.56
06032026|538730|0000000000003805|0000000001117339|0000000000004463|0000000001315589|085.26
06032026|538732|0000000000009549|0000000000301749|0000000000009732|0000000000308716|098.12
06032026|538734|0000000000010042|0000000009083492|0000000000014973|0000000013617517|067.07
06032026|538742|0000000000009848|0000000000327920|0000000000009848|0000000000327920|100.00
06032026|538743|0000000000011034|0000000000152820|0000000000011034|0000000000152820|100.00
06032026|538770|0000000000012514|0000000000160305|0000000000017140|0000000000223911|073.01
06032026|538772|0000000000082804|0000000002951963|0000000000098804|0000000003585894|083.81
06032026|538778|0000000000019617|0000000000132415|0000000000030217|0000000000198511|064.92
06032026|538787|0000000000094839|0000000000993913|0000000000145263|0000000001588095|065.29
06032026|538788|0000000000006195|0000000000072352|0000000000006195|0000000000072352|100.00
06032026|538795|0000000000002236|0000000000602602|0000000000002592|0000000000697196|086.27
06032026|538817|0000000000050043|0000000000450888|0000000000064247|0000000000577119|077.89
06032026|538833|0000000000002682|0000000000025694|0000000000002683|0000000000025787|099.96
06032026|538834|0000000000035076|0000000000394956|0000000000041685|0000000000471261|084.15
06032026|538835|0000000000012777|0000000008705609|0000000000029767|0000000020285332|042.92
06032026|538836|0000000000000966|0000000000500582|0000000000001091|0000000000566860|088.54
06032026|538837|0000000000007197|0000000000504726|0000000000009266|0000000000656539|077.67
06032026|538838|0000000000000151|0000000000003774|0000000000000156|0000000000003708|096.79
06032026|538857|0000000000001135|0000000000014765|0000000000001135|0000000000014765|100.00
06032026|538860|0000000000025748|0000000000017509|0000000000025748|0000000000017744|100.00
06032026|538862|0000000000000165|0000000000006028|0000000000000167|0000000000006415|098.80
06032026|538868|0000000000007986|0000000000129773|0000000000010118|0000000000167577|078.93
06032026|538874|0000000000001173|0000000000021126|0000000000001492|0000000000026710|078.62
06032026|538875|0000000000370409|0000000002378026|0000000000421356|0000000002669539|087.91
06032026|538881|0000000000000920|0000000000020544|0000000000000920|0000000000020457|100.00
06032026|538882|0000000000087719|0000000004760511|0000000000121855|0000000006578346|071.99
06032026|538890|0000000000027604|0000000001455559|0000000000035049|0000000001817458|078.76
06032026|538891|0000000000094843|0000000002217430|0000000000165522|0000000003870475|057.30
06032026|538894|0000000000000622|0000000000014848|0000000000000665|0000000000014227|093.53
06032026|538895|0000000000001127|0000000000013479|0000000000001228|0000000000014679|091.78
06032026|538896|0000000000001697|0000000000561623|0000000000001835|0000000000605937|092.48
06032026|538902|0000000000000015|0000000000002040|0000000000000028|0000000000003818|053.57
06032026|538918|0000000000012993|0000000000111351|0000000000013726|0000000000116448|094.66
06032026|538919|0000000000005013|0000000000114297|0000000000005013|0000000000114337|100.00
06032026|538920|0000000000009269|0000000001254096|0000000000016760|0000000002313646|055.30
06032026|538922|0000000000001334|0000000000027401|0000000000001351|0000000000027834|098.74
06032026|538923|0000000000109872|0000000002707247|0000000000152330|0000000003694938|072.13
06032026|538926|0000000000000227|0000000000048454|0000000000010607|0000000002293377|002.14
06032026|538928|0000000000736709|0000000000913520|0000000000738501|0000000000915956|099.76
06032026|538942|0000000000000461|0000000000010488|0000000000000474|0000000000010806|097.26
06032026|538943|0000000000000230|0000000000022173|0000000000000230|0000000000022173|100.00
06032026|538952|0000000000001826|0000000000002429|0000000000001826|0000000000002428|100.00
06032026|538961|0000000000000775|0000000000009750|0000000000000784|0000000000009594|098.85
06032026|538962|0000000000005870|0000000003054748|0000000000010367|0000000005431593|056.62
06032026|538964|0000000000000131|0000000000103831|0000000000000135|0000000000108855|097.04
06032026|538965|0000000000000430|0000000000032250|0000000000000433|0000000000032449|099.31
06032026|538970|0000000000367512|0000000002440280|0000000000441113|0000000002946482|083.31
06032026|538975|0000000000951545|0000000000182051|0000000000951545|0000000000182051|100.00
06032026|538979|0000000000000705|0000000000165006|0000000000000771|0000000000179169|091.44
06032026|538987|0000000000000465|0000000000297438|0000000000000548|0000000000354525|084.85
06032026|539006|0000000000000268|0000000004757268|0000000000000493|0000000008815482|054.36
06032026|539011|0000000000003753|0000000000309323|0000000000005049|0000000000416208|074.33
06032026|539012|0000000000000053|0000000000005088|0000000000000053|0000000000005093|100.00
06032026|539013|0000000000001443|0000000000097086|0000000000001656|0000000000111019|087.14
06032026|539014|0000000000000041|0000000000000409|0000000000000041|0000000000000409|100.00
06032026|539015|0000000000003310|0000000000005048|0000000000003310|0000000000005048|100.00
06032026|539016|0000000000002084|0000000000014172|0000000000004179|0000000000028991|049.87
06032026|539017|0000000000077297|0000000000470739|0000000000083789|0000000000515189|092.25
06032026|539018|0000000000000914|0000000000355958|0000000000001038|0000000000401367|088.05
06032026|539031|0000000000000482|0000000000136821|0000000000000484|0000000000138216|099.59
06032026|539032|0000000000046905|0000000000477024|0000000000047731|0000000000491891|098.27
06032026|539040|0000000000035364|0000000000215367|0000000000045239|0000000000278911|078.17
06032026|539041|0000000000475000|0000000010863250|0000000000522500|0000000012055637|090.91
06032026|539042|0000000000035067|0000000010565688|0000000000082287|0000000025135940|042.62
06032026|539044|0000000000000578|0000000000032993|0000000000000657|0000000000037314|087.98
06032026|539045|0000000000020282|0000000000585515|0000000000020282|0000000000585515|100.00
06032026|539046|0000000000011836|0000000001480092|0000000000017745|0000000002233540|066.70
06032026|539056|0000000000051230|0000000002051250|0000000000062237|0000000002529275|082.31
06032026|539083|0000000000163487|0000000013711655|0000000000362987|0000000031120321|045.04
06032026|539091|0000000000094400|0000000000074576|0000000000106109|0000000000084572|088.97
06032026|539097|0000000000201996|0000000000460551|0000000000289010|0000000000665139|069.89
06032026|539098|0000000000002000|0000000000128000|0000000000002000|0000000000128000|100.00
06032026|539111|0000000000000801|0000000000012328|0000000000001095|0000000000017550|073.15
06032026|539112|0000000000000051|0000000000005626|0000000000000051|0000000000005630|100.00
06032026|539113|0000000000000513|0000000000252986|0000000000000579|0000000000280373|088.60
06032026|539117|0000000000039852|0000000001994992|0000000000114740|0000000005690103|034.73
06032026|539118|0000000000003370|0000000000921864|0000000000005543|0000000001507027|060.80
06032026|539120|0000000000000120|0000000000006806|0000000000000161|0000000000008507|074.53
06032026|539121|0000000000000231|0000000000024510|0000000000000251|0000000000027067|092.03
06032026|539122|0000000000019522|0000000000372003|0000000000019522|0000000000372003|100.00
06032026|539123|0000000000003357|0000000000024171|0000000000005857|0000000000040341|057.32
06032026|539124|0000000000006006|0000000000115436|0000000000006007|0000000000113637|099.98
06032026|539126|0000000000007036|0000000000006895|0000000000007036|0000000000006895|100.00
06032026|539132|0000000000216747|0000000001913877|0000000000253288|0000000002252504|085.57
06032026|539141|0000000000002523|0000000000169697|0000000000003220|0000000000219629|078.35
06032026|539143|0000000000010293|0000000000075345|0000000000015198|0000000000110990|067.73
06032026|539148|0000000000001934|0000000000532817|0000000000002542|0000000000696083|076.08
06032026|539149|0000000000000434|0000000000001449|0000000000000434|0000000000001449|100.00
06032026|539150|0000000000013582|0000000002724550|0000000000035032|0000000007132545|038.77
06032026|539151|0000000000021133|0000000001635483|0000000000035730|0000000002748426|059.15
06032026|539167|0000000000000014|0000000000000402|0000000000000014|0000000000000401|100.00
06032026|539175|0000000001403891|0000000004796770|0000000001403891|0000000004796770|100.00
06032026|539176|0000000000000046|0000000000003690|0000000000000092|0000000000007479|050.00
06032026|539177|0000000000003544|0000000001531540|0000000000009662|0000000004225073|036.68
06032026|539189|0000000000000501|0000000000006624|0000000000000512|0000000000006843|097.85
06032026|539190|0000000000000023|0000000000001035|0000000000000023|0000000000001044|100.00
06032026|539195|0000000000022022|0000000004099396|0000000000026842|0000000005029110|082.04
06032026|539196|0000000000005224|0000000000657441|0000000000006833|0000000000866390|076.45
06032026|539199|0000000000002263|0000000000856320|0000000000004292|0000000001642792|052.73
06032026|539200|0000000000002000|0000000000001640|0000000000002000|0000000000001640|100.00
06032026|539201|0000000000001912|0000000000118143|0000000000002009|0000000000124300|095.17
06032026|539206|0000000000000015|0000000000000435|0000000000000015|0000000000000435|100.00
06032026|539216|0000000000985900|0000000001823915|0000000001508073|0000000002763532|065.37
06032026|539217|0000000001226349|0000000000306588|0000000002020267|0000000000517425|060.70
06032026|539218|0000000000000002|0000000000000286|0000000000000002|0000000000000279|100.00
06032026|539219|0000000000009256|0000000000085156|0000000000011597|0000000000109682|079.81
06032026|539220|0000000000000114|0000000000004578|0000000000000114|0000000000004769|100.00
06032026|539221|0000000000000877|0000000000096646|0000000000001274|0000000000140784|068.84
06032026|539222|0000000009115191|0000000008841736|0000000010991192|0000000010522757|082.93
06032026|539224|0000000000000006|0000000000000209|0000000000000006|0000000000000209|100.00
06032026|539226|0000000000008385|0000000000151434|0000000000011078|0000000000198305|075.69
06032026|539227|0000000000007294|0000000001316932|0000000000016150|0000000002913037|045.16
06032026|539228|0000000000180678|0000000000225847|0000000000180678|0000000000225847|100.00
06032026|539251|0000000000000268|0000000000004235|0000000000000384|0000000000006094|069.79
06032026|539252|0000000000016685|0000000000081090|0000000000018765|0000000000092288|088.92
06032026|539254|0000000000011908|0000000011810950|0000000000024204|0000000024079845|049.20
06032026|539255|0000000000000415|0000000000196731|0000000000000519|0000000000246713|079.96
06032026|539267|0000000000000077|0000000000001377|0000000000000084|0000000000001489|091.67
06032026|539268|0000000000004717|0000000001882791|0000000000010833|0000000004353973|043.54
06032026|539275|0000000000002633|0000000000352822|0000000000003073|0000000000410593|085.68
06032026|539276|0000000000000001|0000000000000319|0000000000000064|0000000000020561|001.56
06032026|539277|0000000028042015|0000000003925883|0000000037296626|0000000005282669|075.19
06032026|539278|0000000000016475|0000000000028832|0000000000018295|0000000000029664|090.05
06032026|539287|0000000000000054|0000000000000900|0000000000000054|0000000000000900|100.00
06032026|539288|0000000000024581|0000000000594860|0000000000024581|0000000000594860|100.00
06032026|539289|0000000000000862|0000000000145291|0000000000000924|0000000000159844|093.29
06032026|539290|0000000000002138|0000000000053814|0000000000004909|0000000000122858|043.55
06032026|539300|0000000000001937|0000000000459069|0000000000003501|0000000000835402|055.33
06032026|539301|0000000000004823|0000000002440680|0000000000005011|0000000002522851|096.25
06032026|539302|0000000000001250|0000000002518875|0000000000002347|0000000004785517|053.26
06032026|539309|0000000001443683|0000000009181824|0000000001672211|0000000010646078|086.33
06032026|539310|0000000001466111|0000000000278562|0000000001471182|0000000000274436|099.66
06032026|539312|0000000000000265|0000000000231080|0000000000000290|0000000000253665|091.38
06032026|539313|0000000000001653|0000000000446674|0000000000001801|0000000000488750|091.78
06032026|539314|0000000000004098|0000000000227439|0000000000005507|0000000000305933|074.41
06032026|539331|0000000000000804|0000000000081727|0000000000000936|0000000000094548|085.90
06032026|539332|0000000000010122|0000000000902174|0000000000015884|0000000001416193|063.72
06032026|539334|0000000000001971|0000000000587260|0000000000002911|0000000000880230|067.71
06032026|539335|0000000000000413|0000000000074340|0000000000000413|0000000000074340|100.00
06032026|539336|0000000000012410|0000000004917463|0000000000025105|0000000009960728|049.43
06032026|539337|0000000000007175|0000000001090959|0000000000012075|0000000001817725|059.42
06032026|539346|0000000000030151|0000000000096182|0000000000032617|0000000000105662|092.44
06032026|539353|0000000000000112|0000000000021168|0000000000000125|0000000000023651|089.60
06032026|539354|0000000000013376|0000000000398204|0000000000014677|0000000000406130|091.14
06032026|539359|0000000000007198|0000000000086592|0000000000008713|0000000000105789|082.61
06032026|539378|0000000000000147|0000000000007440|0000000000000149|0000000000007527|098.66
06032026|539383|0000000000005878|0000000000044450|0000000000005878|0000000000044450|100.00
06032026|539398|0000000000000528|0000000000028333|0000000000000529|0000000000028300|099.81
06032026|539399|0000000000001790|0000000000491713|0000000000006843|0000000001846742|026.16
06032026|539400|0000000000000038|0000000000040729|0000000000000058|0000000000062860|065.52
06032026|539402|0000000000004276|0000000000021423|0000000000004276|0000000000020664|100.00
06032026|539404|0000000000001736|0000000000261789|0000000000001844|0000000000281838|094.14
06032026|539407|0000000000000817|0000000000035458|0000000000000955|0000000000041997|085.55
06032026|539408|0000000000006061|0000000000083157|0000000000006061|0000000000083081|100.00
06032026|539428|0000000000001043|0000000000013852|0000000000001283|0000000000017081|081.29
06032026|539435|0000000000000351|0000000000010513|0000000000000351|0000000000011034|100.00
06032026|539436|0000000000037251|0000000001011738|0000000000049304|0000000001353881|075.55
06032026|539437|0000000000956373|0000000066926983|0000000001746580|0000000123280798|054.76
06032026|539448|0000000000170385|0000000750477771|0000000000215145|0000000950312613|079.20
06032026|539449|0000000000083733|0000000000180026|0000000000087229|0000000000185931|095.99
06032026|539450|0000000000008064|0000000001081786|0000000000017249|0000000002344298|046.75
06032026|539455|0000000000032045|0000000001694220|0000000000041017|0000000002163854|078.13
06032026|539468|0000000000000150|0000000000006411|0000000000000172|0000000000007372|087.21
06032026|539469|0000000000059725|0000000002557425|0000000000075091|0000000003250156|079.54
06032026|539470|0000000000185184|0000000000111111|0000000000383614|0000000000228488|048.27
06032026|539479|0000000000062872|0000000003722023|0000000000121207|0000000007363776|051.87
06032026|539480|0000000000000010|0000000000002750|0000000000000010|0000000000002753|100.00
06032026|539492|0000000000008907|0000000000109468|0000000000010683|0000000000131790|083.38
06032026|539494|0000000000020859|0000000000164995|0000000000025282|0000000000197464|082.51
06032026|539495|0000000000000002|0000000000000072|0000000000000002|0000000000000072|100.00
06032026|539506|0000000000237714|0000000000102218|0000000000351805|0000000000155693|067.57
06032026|539515|0000000000004572|0000000000188047|0000000000004640|0000000000186157|098.53
06032026|539516|0000000000004925|0000000001355656|0000000000007042|0000000001942134|069.94
06032026|539517|0000000000007093|0000000000631703|0000000000008758|0000000000783495|080.99
06032026|539518|0000000000000160|0000000000020056|0000000000000291|0000000000036449|054.98
06032026|539519|0000000000763914|0000000000557658|0000000000818914|0000000000604125|093.28
06032026|539522|0000000000001662|0000000000065816|0000000000002164|0000000000088124|076.80
06032026|539523|0000000000000298|0000000001650935|0000000000000662|0000000003662910|045.02
06032026|539524|0000000000002650|0000000003603735|0000000000004726|0000000006405079|056.07
06032026|539526|0000000000792222|0000000000499100|0000000000824871|0000000000512996|096.04
06032026|539527|0000000000000010|0000000000005580|0000000000000011|0000000000006081|090.91
06032026|539528|0000000000045804|0000000001425661|0000000000045804|0000000001425661|100.00
06032026|539533|0000000000896703|0000000046951370|0000000001513334|0000000082680598|059.25
06032026|539542|0000000000001308|0000000001162616|0000000000001909|0000000001694303|068.52
06032026|539545|0000000000000004|0000000000000145|0000000000000004|0000000000000144|100.00
06032026|539546|0000000000006888|0000000001822221|0000000000013102|0000000003482515|052.57
06032026|539551|0000000000007805|0000000013694263|0000000000015531|0000000027124217|050.25
06032026|539552|0000000000004131|0000000000298383|0000000000004145|0000000000301816|099.66
06032026|539559|0000000001240237|0000000003472664|0000000001944252|0000000005402568|063.79
06032026|539561|0000000019437852|0000000008358277|0000000040006916|0000000017559750|048.59
06032026|539562|0000000000004034|0000000000101093|0000000000006953|0000000000177549|058.02
06032026|539574|0000000004079607|0000000000897514|0000000008051806|0000000001711960|050.67
06032026|539584|0000000002534189|0000000000608394|0000000002534189|0000000000608394|100.00
06032026|539593|0000000000000395|0000000000002817|0000000000000397|0000000000002931|099.50
06032026|539594|0000000000525624|0000000002165571|0000000000717784|0000000002951447|073.23
06032026|539596|0000000000002709|0000000000035515|0000000000002709|0000000000035830|100.00
06032026|539598|0000000000017071|0000000000507180|0000000000024585|0000000000718469|069.44
06032026|539599|0000000000000001|0000000000000025|0000000000000001|0000000000000024|100.00
06032026|539607|0000000001291623|0000000025703298|0000000003694618|0000000075298946|034.96
06032026|539620|0000000000003407|0000000000051480|0000000000004699|0000000000070179|072.50
06032026|539621|0000000000061155|0000000000029966|0000000000067090|0000000000032163|091.15
06032026|539636|0000000000008528|0000000001083056|0000000000014419|0000000001860536|059.14
06032026|539658|0000000000000987|0000000001110474|0000000000001655|0000000001879889|059.64
06032026|539659|0000000000000148|0000000000007659|0000000000000255|0000000000013273|058.04
06032026|539660|0000000000016188|0000000000261026|0000000000016188|0000000000261026|100.00
06032026|539661|0000000000000040|0000000000004040|0000000000000040|0000000000004042|100.00
06032026|539662|0000000000011994|0000000000112024|0000000000014731|0000000000138042|081.42
06032026|539669|0000000000106747|0000000000100342|0000000000106747|0000000000100342|100.00
06032026|539673|0000000000002257|0000000000008350|0000000000002257|0000000000008350|100.00
06032026|539678|0000000000005975|0000000000941362|0000000000011688|0000000001866056|051.12
06032026|539679|0000000000066782|0000000000142914|0000000000097451|0000000000209572|068.53
06032026|539682|0000000000000973|0000000001111668|0000000000000973|0000000001111668|100.00
06032026|539686|0000000000010551|0000000002713718|0000000000016570|0000000004294519|063.68
06032026|539692|0000000000013917|0000000000181478|0000000000014107|0000000000186125|098.65
06032026|539697|0000000000003743|0000000000164729|0000000000003743|0000000000164729|100.00
06032026|539724|0000000000020771|0000000001810293|0000000000020771|0000000001810293|100.00
06032026|539725|0000000000002225|0000000000369239|0000000000006189|0000000001002749|035.95
06032026|539730|0000000000003161|0000000004849449|0000000000008963|0000000013797293|035.27
06032026|539742|0000000000003428|0000000000029055|0000000000003428|0000000000029055|100.00
06032026|539760|0000000000001113|0000000000037753|0000000000001588|0000000000053873|070.09
06032026|539761|0000000000555402|0000000000555402|0000000000828473|0000000000817530|067.04
06032026|539762|0000000000006899|0000000000226081|0000000000011165|0000000000366698|061.79
06032026|539767|0000000000000032|0000000000001344|0000000000000032|0000000000001344|100.00
06032026|539770|0000000000000011|0000000000000258|0000000000000011|0000000000000258|100.00
06032026|539773|0000000000790671|0000000001375768|0000000001053224|0000000001859051|075.07
06032026|539785|0000000000005588|0000000000427818|0000000000007476|0000000000577255|074.75
06032026|539787|0000000000003529|0000000001964065|0000000000006570|0000000003611364|053.71
06032026|539798|0000000000012181|0000000000388453|0000000000016499|0000000000516299|073.83
06032026|539799|0000000000001622|0000000000267387|0000000000001995|0000000000329213|081.30
06032026|539800|0000000000019529|0000000000099598|0000000000020029|0000000000101923|097.50
06032026|539807|0000000000263499|0000000004150110|0000000000443412|0000000007025095|059.43
06032026|539814|0000000000009472|0000000002023693|0000000000009931|0000000002036384|095.38
06032026|539834|0000000000000469|0000000000080551|0000000000000479|0000000000082093|097.91
06032026|539835|0000000000000335|0000000000000587|0000000000000518|0000000000000876|064.67
06032026|539837|0000000000000507|0000000000346383|0000000000000842|0000000000579517|060.21
06032026|539841|0000000000208028|0000000001984588|0000000000279593|0000000002646591|074.40
06032026|539843|0000000000000367|0000000000111935|0000000000000371|0000000000114334|098.92
06032026|539854|0000000000000921|0000000000246276|0000000000007921|0000000002067652|011.63
06032026|539871|0000000000004405|0000000001629850|0000000000009216|0000000003415252|047.80
06032026|539872|0000000000004245|0000000001359037|0000000000006321|0000000002019659|067.16
06032026|539875|0000000000000250|0000000000021723|0000000000000255|0000000000021052|098.04
06032026|539876|0000000000028801|0000000007148409|0000000000053777|0000000013391886|053.56
06032026|539883|0000000000000063|0000000000287551|0000000000000067|0000000000300843|094.03
06032026|539884|0000000000010710|0000000000026990|0000000000011603|0000000000029145|092.30
06032026|539889|0000000000011427|0000000002268831|0000000000025081|0000000004953622|045.56
06032026|539894|0000000000160372|0000000001258921|0000000000198103|0000000001571125|080.95
06032026|539895|0000000000020123|0000000000605502|0000000000022371|0000000000689397|089.95
06032026|539900|0000000000000095|0000000000000797|0000000000000095|0000000000000797|100.00
06032026|539911|0000000000000161|0000000000001860|0000000000000161|0000000000001859|100.00
06032026|539917|0000000000027732|0000000000120357|0000000000033730|0000000000146148|082.22
06032026|539921|0000000000359730|0000000063096642|0000000000483122|0000000085102860|074.46
06032026|539938|0000000000000821|0000000000027676|0000000000000933|0000000000029994|088.00
06032026|539939|0000000000000108|0000000000006729|0000000000000108|0000000000006732|100.00
06032026|539945|0000000000023899|0000000000346297|0000000000029322|0000000000423702|081.51
06032026|539946|0000000000029941|0000000000572173|0000000000034201|0000000000669567|087.54
06032026|539947|0000000000000142|0000000000006763|0000000000000142|0000000000006763|100.00
06032026|539956|0000000000000177|0000000000502663|0000000000000250|0000000000701155|070.80
06032026|539957|0000000000019430|0000000020397614|0000000000040077|0000000042644310|048.48
06032026|539963|0000000000072435|0000000000899364|0000000000072435|0000000000899364|100.00
06032026|539978|0000000000003798|0000000000721431|0000000000004595|0000000000873205|082.66
06032026|539979|0000000000002032|0000000000087316|0000000000003480|0000000000148321|058.39
06032026|539980|0000000000005069|0000000000086579|0000000000008123|0000000000139086|062.40
06032026|539984|0000000000000382|0000000000885018|0000000000000436|0000000001011248|087.61
06032026|539985|0000000000001000|0000000000026570|0000000000001000|0000000000026570|100.00
06032026|539986|0000000000001794|0000000000274572|0000000000002650|0000000000406233|067.70
06032026|539991|0000000000002066|0000000000064460|0000000000002522|0000000000080011|081.92
06032026|539992|0000000001891405|0000000084564718|0000000002192763|0000000098116184|086.26
06032026|539997|0000000000016209|0000000023515207|0000000000034756|0000000051660034|046.64
06032026|540005|0000000000003632|0000000015581099|0000000000006584|0000000028500788|055.16
06032026|540006|0000000000036061|0000000000110347|0000000000040815|0000000000125932|088.35
06032026|540008|0000000000000113|0000000000009120|0000000000000123|0000000000009841|091.87
06032026|540023|0000000000005996|0000000000078763|0000000000005996|0000000000078763|100.00
06032026|540025|0000000000002148|0000000000640104|0000000000004681|0000000001384976|045.89
06032026|540026|0000000000000052|0000000000000378|0000000000000114|0000000000000834|045.61
06032026|540047|0000000000011928|0000000005346130|0000000000025058|0000000011368810|047.60
06032026|540048|0000000000000306|0000000000208723|0000000000000508|0000000000351321|060.24
06032026|540061|0000000000001200|0000000000061380|0000000000001324|0000000000068110|090.63
06032026|540062|0000000000000039|0000000000009608|0000000000000052|0000000000012229|075.00
06032026|540063|0000000000027632|0000000000345307|0000000000027632|0000000000345307|100.00
06032026|540065|0000000000041905|0000000012720263|0000000000080341|0000000024633591|052.16
06032026|540066|0000000000000269|0000000000008422|0000000000000269|0000000000008422|100.00
06032026|540073|0000000000031603|0000000008091949|0000000000067760|0000000017518119|046.64
06032026|540078|0000000000003280|0000000000321276|0000000000003926|0000000000383574|083.55
06032026|540079|0000000000120830|0000000000181245|0000000000174186|0000000000262811|069.37
06032026|540080|0000000000054438|0000000000251504|0000000000065108|0000000000299480|083.61
06032026|540081|0000000000000050|0000000000000785|0000000000000050|0000000000000785|100.00
06032026|540083|0000000000002700|0000000000015412|0000000000002700|0000000000015412|100.00
06032026|540097|0000000000001641|0000000000056713|0000000000001779|0000000000062452|092.24
06032026|540108|0000000000001442|0000000000009723|0000000000001442|0000000000009723|100.00
06032026|540115|0000000000004686|0000000014933345|0000000000008485|0000000027407935|055.23
06032026|540124|0000000000001188|0000000000508464|0000000000001700|0000000000720130|069.88
06032026|540125|0000000000004972|0000000000301701|0000000000009129|0000000000556888|054.46
06032026|540132|0000000000001056|0000000000014246|0000000000001328|0000000000017476|079.52
06032026|540133|0000000000025027|0000000015369081|0000000000040742|0000000025085080|061.43
06032026|540134|0000000000000270|0000000000002621|0000000000000270|0000000000002621|100.00
06032026|540135|0000000000789149|0000000000441924|0000000001240426|0000000000695105|063.62
06032026|540136|0000000000004474|0000000001418258|0000000000007253|0000000002304627|061.68
06032026|540143|0000000000000045|0000000000003469|0000000000000045|0000000000003661|100.00
06032026|540145|0000000000000743|0000000000159225|0000000000000975|0000000000209996|076.21
06032026|540146|0000000000046000|0000000001527200|0000000000046000|0000000001537700|100.00
06032026|540147|0000000000011263|0000000000036042|0000000000014742|0000000000045321|076.40
06032026|540153|0000000000000902|0000000002215899|0000000000001909|0000000004707302|047.25
06032026|540154|0000000000000000|0000000000000000|0000000000000002|0000000000001709|000.00
06032026|540159|0000000000002839|0000000000014281|0000000000003115|0000000000015643|091.14
06032026|540168|0000000000011684|0000000000319324|0000000000013693|0000000000372730|085.33
06032026|540173|0000000000008631|0000000006676079|0000000000018539|0000000014545078|046.56
06032026|540175|0000000000021010|0000000000583868|0000000000028664|0000000000802267|073.30
06032026|540180|0000000000499970|0000000223736575|0000000000608366|0000000273924436|082.18
06032026|540189|0000000000000014|0000000000000321|0000000000000014|0000000000000321|100.00
06032026|540190|0000000001642700|0000000000624226|0000000002158100|0000000000818699|076.12
06032026|540192|0000000000059052|0000000000861569|0000000000063332|0000000000932317|093.24
06032026|540198|0000000000010753|0000000004530239|0000000000011257|0000000004811505|095.52
06032026|540199|0000000000002420|0000000000139876|0000000000002421|0000000000143767|099.96
06032026|540203|0000000000001254|0000000000653899|0000000000001854|0000000000981277|067.64
06032026|540204|0000000000000842|0000000000042252|0000000000001157|0000000000058298|072.77
06032026|540205|0000000000002268|0000000001053940|0000000000006392|0000000002977907|035.48
06032026|540210|0000000000013370|0000000000105623|0000000000023636|0000000000179873|056.57
06032026|540212|0000000000000356|0000000000189481|0000000000000585|0000000000313991|060.85
06032026|540222|0000000000026980|0000000027667990|0000000000046789|0000000048488363|057.66
06032026|540243|0000000000048708|0000000000063321|0000000000053536|0000000000070118|090.98
06032026|540252|0000000000245037|0000000002068113|0000000000368342|0000000003130633|066.52
06032026|540254|0000000000000506|0000000000016294|0000000000000506|0000000000016281|100.00
06032026|540259|0000000002764573|0000000000718789|0000000004337929|0000000001130911|063.73
06032026|540266|0000000000016324|0000000000274570|0000000000016794|0000000000282384|097.20
06032026|540267|0000000000008791|0000000000064175|0000000000008801|0000000000063552|099.89
06032026|540268|0000000000028263|0000000000184558|0000000000029141|0000000000192416|096.99
06032026|540293|0000000000006773|0000000003830471|0000000000016015|0000000009026088|042.29
06032026|540310|0000000000000100|0000000000004466|0000000000000100|0000000000004466|100.00
06032026|540311|0000000000001731|0000000000612393|0000000000001731|0000000000612393|100.00
06032026|540358|0000000000009000|0000000003495600|0000000000011500|0000000004538437|078.26
06032026|540359|0000000000000173|0000000000005661|0000000000000173|0000000000005670|100.00
06032026|540360|0000000002282391|0000000005705978|0000000004441691|0000000011245411|051.39
06032026|540361|0000000000012984|0000000000055182|0000000000015648|0000000000066022|082.98
06032026|540366|0000000000003728|0000000000022070|0000000000004869|0000000000028841|076.57
06032026|540376|0000000000009385|0000000036386115|0000000000016090|0000000062289996|058.33
06032026|540377|0000000001736267|0000000000677145|0000000002375277|0000000000938693|073.10
06032026|540386|0000000000098445|0000000000141761|0000000000136819|0000000000194439|071.95
06032026|540393|0000000000000229|0000000000016225|0000000000000229|0000000000016221|100.00
06032026|540395|0000000000002666|0000000000243566|0000000000004977|0000000000454150|053.57
06032026|540396|0000000000001557|0000000000351209|0000000000001557|0000000000351209|100.00
06032026|540401|0000000000025362|0000000000232316|0000000000043744|0000000000404294|057.98
06032026|540403|0000000000025496|0000000001179700|0000000000033348|0000000001598705|076.45
06032026|540404|0000000000034895|0000000008994187|0000000000091408|0000000023340845|038.17
06032026|540405|0000000000000039|0000000000002409|0000000000000039|0000000000002314|100.00
06032026|540425|0000000000001691|0000000000173751|0000000000002425|0000000000251942|069.73
06032026|540455|0000000000000277|0000000000029099|0000000000000321|0000000000033732|086.29
06032026|540481|0000000000000115|0000000000005555|0000000000000132|0000000000006065|087.12
06032026|540492|0000000000266878|0000000003269255|0000000000266878|0000000003269255|100.00
06032026|540497|0000000000001568|0000000000239748|0000000000001599|0000000000243453|098.06
06032026|540515|0000000000000038|0000000000000511|0000000000000038|0000000000000511|100.00
06032026|540519|0000000000030567|0000000001088186|0000000000040148|0000000001383775|076.14
06032026|540526|0000000000080193|0000000004877339|0000000000094963|0000000005785936|084.45
06032026|540530|0000000000127113|0000000022397311|0000000000243235|0000000043691150|052.26
06032026|540544|0000000000001093|0000000000748815|0000000000001579|0000000001096812|069.22
06032026|540545|0000000000010983|0000000000423230|0000000000010983|0000000000423230|100.00
06032026|540565|0000000000014884|0000000002448418|0000000000017786|0000000002929312|083.68
06032026|540570|0000000000054903|0000000000252554|0000000000058904|0000000000270007|093.21
06032026|540575|0000000000022816|0000000004648760|0000000000031007|0000000006253743|073.58
06032026|540590|0000000000000234|0000000000014745|0000000000000248|0000000000015236|094.35
06032026|540595|0000000000788965|0000000367144863|0000000002295492|0000001097166636|034.37
06032026|540596|0000000000000838|0000000001139764|0000000000001362|0000000001856334|061.53
06032026|540597|0000000000000654|0000000000009752|0000000000000855|0000000000013100|076.49
06032026|540602|0000000000006167|0000000000374769|0000000000008154|0000000000505106|075.63
06032026|540611|0000000000014535|0000000014013194|0000000000035443|0000000034468377|041.01
06032026|540612|0000000000071756|0000000001570739|0000000000112659|0000000002471396|063.69
06032026|540614|0000000001146027|0000000000561554|0000000002192208|0000000001069271|052.28
06032026|540615|0000000000010321|0000000000035814|0000000000011498|0000000000040792|089.76
06032026|540642|0000000000151778|0000000001132264|0000000000184805|0000000001381713|082.13
06032026|540647|0000000000000097|0000000000011519|0000000000000097|0000000000011581|100.00
06032026|540648|0000000000000012|0000000000001080|0000000000000014|0000000000001297|085.71
06032026|540649|0000000000002865|0000000001104458|0000000000003824|0000000001493384|074.92
06032026|540650|0000000000000801|0000000000366178|0000000000000941|0000000000433037|085.12
06032026|540654|0000000000085910|0000000001688991|0000000000142629|0000000002759650|060.23
06032026|540669|0000000000004059|0000000000294765|0000000000004673|0000000000340840|086.86
06032026|540673|0000000000001951|0000000000581496|0000000000003679|0000000001102162|053.03
06032026|540678|0000000000074136|0000000110484881|0000000000241207|0000000361893561|030.74
06032026|540679|0000000000000007|0000000000008974|0000000000000007|0000000000008987|100.00
06032026|540680|0000000000001800|0000000000567540|0000000000008264|0000000002630669|021.78
06032026|540686|0000000000003403|0000000000417378|0000000000004024|0000000000498017|084.57
06032026|540691|0000000000042013|0000000013719346|0000000000088549|0000000029161175|047.45
06032026|540692|0000000000006047|0000000002123707|0000000000013887|0000000005009491|043.54
06032026|540693|0000000001198040|0000000018702898|0000000001198040|0000000018702898|100.00
06032026|540694|0000000000001326|0000000000031029|0000000000001326|0000000000029909|100.00
06032026|540696|0000000000020723|0000000000103615|0000000000025563|0000000000128199|081.07
06032026|540699|0000000000014670|0000000147192912|0000000000042261|0000000429485104|034.71
06032026|540700|0000000000003537|0000000000064445|0000000000003943|0000000000073361|089.70
06032026|540701|0000000000162182|0000000026565412|0000000000179090|0000000029518534|090.56
06032026|540702|0000000000009350|0000000000074520|0000000000010047|0000000000076536|093.06
06032026|540703|0000000000028653|0000000001188134|0000000000028653|0000000001188134|100.00
06032026|540704|0000000000002209|0000000000886141|0000000000002803|0000000001126715|078.81
06032026|540709|0000000000076689|0000000000163540|0000000000076689|0000000000163540|100.00
06032026|540710|0000000000001833|0000000000411967|0000000000004632|0000000001053603|039.57
06032026|540716|0000000000003254|0000000006121100|0000000000006116|0000000011429508|053.20
06032026|540717|0000000000018391|0000000000349246|0000000000023025|0000000000436157|079.87
06032026|540718|0000000000053250|0000000059182050|0000000000061625|0000000068603500|086.41
06032026|540719|0000000000008231|0000000015973079|0000000000012522|0000000024301822|065.73
06032026|540724|0000000000250055|0000000246991827|0000000000254888|0000000259157397|098.10
06032026|540725|0000000000206341|0000000027350500|0000000000418970|0000000056332276|049.25
06032026|540726|0000000000000960|0000000000058704|0000000000000960|0000000000058704|100.00
06032026|540727|0000000000001714|0000000000042679|0000000000002033|0000000000050340|084.31
06032026|540728|0000000000000149|0000000000014063|0000000000000192|0000000000018110|077.60
06032026|540730|0000000000222815|0000000000291888|0000000000286114|0000000000377757|077.88
06032026|540735|0000000000001005|0000000000251250|0000000000001142|0000000000288619|088.00
06032026|540737|0000000000002374|0000000001176199|0000000000003287|0000000001631522|072.22
06032026|540738|0000000000138518|0000000001031960|0000000000161379|0000000001206300|085.83
06032026|540743|0000000000002203|0000000001312107|0000000000006231|0000000003718841|035.36
06032026|540749|0000000000000828|0000000000248980|0000000000001300|0000000000393379|063.69
06032026|540750|0000000000130948|0000000015936372|0000000000222955|0000000027255775|058.73
06032026|540755|0000000000006232|0000000002267514|0000000000010575|0000000003869427|058.93
06032026|540757|0000000000000349|0000000000115411|0000000000000349|0000000000115411|100.00
06032026|540762|0000000000122378|0000000333063965|0000000000134278|0000000370911045|091.14
06032026|540767|0000000000012589|0000000010813322|0000000000025551|0000000021925868|049.27
06032026|540768|0000000000002830|0000000001109926|0000000000004131|0000000001620293|068.51
06032026|540769|0000000000008882|0000000001233266|0000000000025788|0000000003601697|034.44
06032026|540774|0000000000000563|0000000000088532|0000000000000690|0000000000107665|081.59
06032026|540775|0000000000018390|0000000001935548|0000000000021379|0000000002291511|086.02
06032026|540776|0000000000000987|0000000000299061|0000000000001800|0000000000548410|054.83
06032026|540777|0000000000057247|0000000038269620|0000000000096650|0000000064952394|059.23
06032026|540782|0000000000003000|0000000000034230|0000000000005000|0000000000057130|060.00
06032026|540786|0000000000021927|0000000000241197|0000000000025184|0000000000279482|087.07
06032026|540787|0000000000011214|0000000001396480|0000000000016037|0000000002004239|069.93
06032026|540788|0000000000000486|0000000000030414|0000000000000774|0000000000043652|062.79
06032026|540789|0000000000000701|0000000000002433|0000000000000786|0000000000002679|089.19
06032026|540795|0000000000002329|0000000000653634|0000000000004287|0000000001212065|054.33
06032026|540797|0000000000002281|0000000000343975|0000000000003433|0000000000512386|066.44
06032026|540809|0000000000187936|0000000008145147|0000000000212208|0000000009117695|088.56
06032026|540821|0000000000015292|0000000000027220|0000000000017805|0000000000031605|085.89
06032026|540824|0000000000002484|0000000000010185|0000000000002484|0000000000010038|100.00
06032026|540829|0000000000036678|0000000000223370|0000000000080265|0000000000484192|045.70
06032026|540850|0000000000005000|0000000000172660|0000000000005000|0000000000172660|100.00
06032026|540874|0000000000001013|0000000000073058|0000000000001434|0000000000104484|070.64
06032026|540879|0000000000179757|0000000039636419|0000000000396538|0000000088176222|045.33
06032026|540900|0000000000066446|0000000030860845|0000000000175578|0000000082923418|037.84
06032026|540901|0000000000001963|0000000000013467|0000000000001973|0000000000013375|099.49
06032026|540902|0000000000002941|0000000023146700|0000000000009139|0000000071921871|032.18
06032026|540904|0000000000000105|0000000000008010|0000000000000105|0000000000008010|100.00
06032026|540914|0000000000162251|0000000000324502|0000000000245768|0000000000476610|066.02
06032026|540923|0000000000000729|0000000000010717|0000000000000729|0000000000010525|100.00
06032026|540935|0000000000000278|0000000000533469|0000000000000394|0000000000761205|070.56
06032026|540936|0000000000075863|0000000000243521|0000000000079902|0000000000251486|094.94
06032026|540937|0000000000001106|0000000000046088|0000000000001734|0000000000072781|063.78
06032026|540938|0000000000030000|0000000000249300|0000000000030000|0000000000249300|100.00
06032026|540952|0000000000001743|0000000000012324|0000000000001924|0000000000014021|090.59
06032026|540953|0000000000085371|0000000000192939|0000000000096412|0000000000219508|088.55
06032026|540954|0000000000022439|0000000000807356|0000000000044554|0000000001597996|050.36
06032026|540955|0000000000000021|0000000000000135|0000000000000021|0000000000000135|100.00
06032026|540956|0000000000037499|0000000000835103|0000000000043630|0000000000958912|085.95
06032026|540961|0000000000000001|0000000000000058|0000000000000002|0000000000000114|050.00
06032026|540975|0000000001002565|0000000674676117|0000000001153908|0000000782024029|086.88
06032026|541005|0000000000000020|0000000000001270|0000000000000020|0000000000001270|100.00
06032026|541006|0000000000004000|0000000000052800|0000000000004000|0000000000052800|100.00
06032026|541019|0000000000005044|0000000002511912|0000000000011303|0000000005668928|044.63
06032026|541083|0000000000014000|0000000004196500|0000000000016000|0000000004839350|087.50
06032026|541096|0000000000000454|0000000000484010|0000000000000478|0000000000509859|094.98
06032026|541097|0000000000003484|0000000003483966|0000000000003685|0000000003685000|094.55
06032026|541143|0000000000194396|0000000263737054|0000000000489792|0000000661813336|039.69
06032026|541144|0000000000002685|0000000000244362|0000000000003515|0000000000319973|076.39
06032026|541152|0000000000009764|0000000000062947|0000000000009764|0000000000062947|100.00
06032026|541153|0000000000244444|0000000044721030|0000000000447638|0000000082382894|054.61
06032026|541154|0000000000086611|0000000348531326|0000000000201402|0000000798518337|043.00
06032026|541161|0000000000361172|0000000000068622|0000000000361172|0000000000068622|100.00
06032026|541163|0000000000002711|0000000001350078|0000000000003580|0000000001783259|075.73
06032026|541167|0000000000000249|0000000000389959|0000000000000330|0000000000516807|075.45
06032026|541178|0000000000012000|0000000000106360|0000000000012000|0000000000106360|100.00
06032026|541195|0000000000023791|0000000008394655|0000000000057018|0000000020323449|041.73
06032026|541206|0000000000001150|0000000000065113|0000000000001150|0000000000065113|100.00
06032026|541228|0000000000010896|0000000001125557|0000000000016605|0000000001727834|065.62
06032026|541233|0000000000114375|0000000012632719|0000000000187513|0000000020849830|061.00
06032026|541269|0000000000000243|0000000000092158|0000000000000303|0000000000114954|080.20
06032026|541276|0000000000029536|0000000000504851|0000000000029536|0000000000504851|100.00
06032026|541301|0000000000004747|0000000000849239|0000000000006615|0000000001231122|071.76
06032026|541302|0000000000000341|0000000000011243|0000000000000341|0000000000011241|100.00
06032026|541303|0000000000207621|0000000000080973|0000000000222417|0000000000084996|093.35
06032026|541304|0000000000010721|0000000001209865|0000000000014693|0000000001672083|072.97
06032026|541313|0000000000002947|0000000000112429|0000000000003261|0000000000124829|090.37
06032026|541336|0000000000000569|0000000000122165|0000000000000779|0000000000166910|073.04
06032026|541338|0000000000005554|0000000000069592|0000000000005821|0000000000074276|095.41
06032026|541347|0000000000004187|0000000000031670|0000000000004187|0000000000031670|100.00
06032026|541352|0000000000000115|0000000000027100|0000000000000117|0000000000027629|098.29
06032026|541353|0000000000003200|0000000000423200|0000000000004800|0000000000635640|066.67
06032026|541358|0000000000000657|0000000000060109|0000000000000804|0000000000073884|081.72
06032026|541400|0000000000003188|0000000000213118|0000000000003333|0000000000225475|095.65
06032026|541402|0000000000002578|0000000000440452|0000000000003795|0000000000651715|067.93
06032026|541403|0000000000002530|0000000000688540|0000000000002698|0000000000736013|093.77
06032026|541418|0000000000004052|0000000000100328|0000000000004089|0000000000104154|099.10
06032026|541444|0000000000003286|0000000000053924|0000000000004628|0000000000076012|071.00
06032026|541445|0000000000001600|0000000000079952|0000000000002400|0000000000119952|066.67
06032026|541450|0000000000074263|0000000063791917|0000000000179993|0000000157269248|041.26
06032026|541503|0000000000000010|0000000000000450|0000000000000010|0000000000000450|100.00
06032026|541540|0000000000001958|0000000000895883|0000000000002640|0000000001232645|074.17
06032026|541546|0000000000056525|0000000000128312|0000000000063768|0000000000147274|088.64
06032026|541556|0000000000021815|0000000004501526|0000000000095434|0000000019925595|022.86
06032026|541557|0000000000000779|0000000003331822|0000000000001173|0000000005041950|066.41
06032026|541578|0000000000001607|0000000000826079|0000000000003298|0000000001693224|048.73
06032026|541601|0000000001805309|0000000000776283|0000000003136042|0000000001315286|057.57
06032026|541627|0000000000006066|0000000000045556|0000000000006266|0000000000047153|096.81
06032026|541634|0000000000000650|0000000000010920|0000000000001289|0000000000021427|050.43
06032026|541701|0000000000000300|0000000000066000|0000000000000300|0000000000066000|100.00
06032026|541702|0000000000250825|0000000000929181|0000000000250825|0000000000929181|100.00
06032026|541729|0000000000022972|0000000057469053|0000000000042809|0000000107855364|053.66
06032026|541735|0000000000076712|0000000000122740|0000000000111204|0000000000176929|068.98
06032026|541741|0000000000016912|0000000001373086|0000000000017385|0000000001425818|097.28
06032026|541770|0000000000333687|0000000401959361|0000000000339896|0000000407881051|098.17
06032026|541771|0000000000016759|0000000000025809|0000000000025073|0000000000038422|066.84
06032026|541778|0000000000006329|0000000000201706|0000000000006899|0000000000221146|091.74
06032026|541809|0000000000028770|0000000002042670|0000000000041153|0000000002933282|069.91
06032026|541865|0000000000019969|0000000000137787|0000000000032954|0000000000229178|060.60
06032026|541890|0000000000336873|0000000000067425|0000000000336873|0000000000067425|100.00
06032026|541929|0000000000000013|0000000000006539|0000000000000013|0000000000006563|100.00
06032026|541946|0000000000037772|0000000037772000|0000000000045401|0000000045401001|083.20
06032026|541956|0000000000749026|0000000110069371|0000000002443620|0000000357120841|030.65
06032026|541967|0000000000010378|0000000003514510|0000000000027139|0000000009149089|038.24
06032026|541972|0000000000000201|0000000000178905|0000000000000270|0000000000241095|074.44
06032026|541973|0000000000001500|0000000000122850|0000000000001500|0000000000122850|100.00
06032026|541974|0000000000000642|0000000000867342|0000000000001299|0000000001767630|049.42
06032026|541983|0000000000150000|0000000002250760|0000000000150000|0000000002250760|100.00
06032026|541988|0000000000003570|0000000004384317|0000000000006421|0000000007887942|055.60
06032026|542011|0000000000068531|0000000172879728|0000000000239130|0000000604443258|028.66
06032026|542012|0000000001175556|0000000024192943|0000000001949948|0000000040771997|060.29
06032026|542013|0000000000001248|0000000000218962|0000000000001374|0000000000243753|090.83
06032026|542019|0000000000015104|0000000000910923|0000000000036791|0000000002195495|041.05
06032026|542020|0000000000004342|0000000000022492|0000000000006262|0000000000031934|069.34
06032026|542025|0000000000048000|0000000000018240|0000000000048000|0000000000018240|100.00
06032026|542034|0000000000046122|0000000000560844|0000000000063936|0000000000769430|072.14
06032026|542046|0000000000397066|0000000003035957|0000000000397066|0000000003035957|100.00
06032026|542057|0000000000004707|0000000000298189|0000000000008987|0000000000566853|052.38
06032026|542066|0000000000023744|0000000011456480|0000000000054316|0000000026414621|043.71
06032026|542123|0000000000000068|0000000000008976|0000000000000105|0000000000013866|064.76
06032026|542131|0000000000007995|0000000002114038|0000000000009245|0000000002461080|086.48
06032026|542141|0000000000006868|0000000007693877|0000000000013308|0000000015047988|051.61
06032026|542155|0000000000010000|0000000000012700|0000000000010000|0000000000012700|100.00
06032026|542176|0000000000000020|0000000000000392|0000000000000020|0000000000000392|100.00
06032026|542206|0000000000004034|0000000000006616|0000000000004283|0000000000007009|094.19
06032026|542216|0000000000002854|0000000005422315|0000000000004493|0000000008562733|063.52
06032026|542230|0000000000001607|0000000000114130|0000000000001919|0000000000136467|083.74
06032026|542231|0000000000010091|0000000000134413|0000000000015750|0000000000207872|064.07
06032026|542232|0000000000002108|0000000000099498|0000000000002303|0000000000108287|091.53
06032026|542233|0000000000029452|0000000005155995|0000000000029452|0000000005155995|100.00
06032026|542248|0000000000005847|0000000000077649|0000000000006563|0000000000087764|089.09
06032026|542285|0000000000113410|0000000001004223|0000000000113410|0000000001004223|100.00
06032026|542323|0000000000014637|0000000005130269|0000000000034077|0000000012055766|042.95
06032026|542333|0000000000003363|0000000002142400|0000000000003545|0000000002261645|094.87
06032026|542337|0000000000024854|0000000000783896|0000000000024968|0000000000783983|099.54
06032026|542351|0000000000000031|0000000000016925|0000000000000067|0000000000036859|046.27
06032026|542367|0000000000000594|0000000000073746|0000000000000602|0000000000075408|098.67
06032026|542376|0000000000000001|0000000000000220|0000000000000001|0000000000000220|100.00
06032026|542383|0000000000000061|0000000000011712|0000000000000061|0000000000011924|100.00
06032026|542399|0000000000002122|0000000001627362|0000000000003405|0000000002610351|062.32
06032026|542437|0000000000002414|0000000000026675|0000000000002608|0000000000028909|092.56
06032026|542446|0000000000077136|0000000000228323|0000000000096420|0000000000292297|080.00
06032026|542459|0000000000004878|0000000000293656|0000000000005275|0000000000311743|092.47
06032026|542460|0000000000001998|0000000002958839|0000000000003704|0000000005499572|053.94
06032026|542484|0000000000001612|0000000000690017|0000000000004313|0000000001842875|037.38
06032026|542503|0000000000008000|0000000000155440|0000000000008000|0000000000155440|100.00
06032026|542513|0000000000000052|0000000000004623|0000000000000052|0000000000004634|100.00
06032026|542543|0000000000700000|0000000058240000|0000000000750000|0000000062345000|093.33
06032026|542579|0000000000181919|0000000000842285|0000000000277425|0000000001292510|065.57
06032026|542580|0000000000001846|0000000000078455|0000000000001912|0000000000080464|096.55
06032026|542597|0000000000002574|0000000001135521|0000000000004608|0000000002044566|055.86
06032026|542602|0000000000013687|0000000005942075|0000000000022459|0000000009706498|060.94
06032026|542627|0000000000005237|0000000000321028|0000000000005237|0000000000321028|100.00
06032026|542628|0000000000016759|0000000002123366|0000000000023993|0000000003066433|069.85
06032026|542649|0000000000583146|0000000166721442|0000000001529519|0000000444667693|038.13
06032026|542650|0000000000000513|0000000000917527|0000000000000932|0000000001674154|055.04
06032026|542651|0000000000077389|0000000054071695|0000000000173496|0000000124697929|044.61
06032026|542652|0000000000008393|0000000071775678|0000000000020577|0000000176647837|040.79
06032026|542654|0000000000002743|0000000000034151|0000000000002844|0000000000036888|096.45
06032026|542655|0000000000345527|0000000000480283|0000000000965219|0000000001349474|035.80
06032026|542665|0000000000000911|0000000001211630|0000000000001362|0000000001855168|066.89
06032026|542666|0000000000007277|0000000000042716|0000000000007402|0000000000043592|098.31
06032026|542668|0000000000015000|0000000001214250|0000000000018000|0000000001424960|083.33
06032026|542669|0000000000072647|0000000002427863|0000000000136928|0000000004651482|053.05
06032026|542670|0000000000005289|0000000000093510|0000000000008627|0000000000151401|061.31
06032026|542679|0000000000000910|0000000000151350|0000000000000910|0000000000151350|100.00
06032026|542682|0000000000000001|0000000000000067|0000000000000001|0000000000000066|100.00
06032026|542684|0000000000003343|0000000000652387|0000000000004714|0000000000928559|070.92
06032026|542685|0000000000000878|0000000000021819|0000000000001021|0000000000026373|085.99
06032026|542721|0000000000000224|0000000000020597|0000000000000224|0000000000020596|100.00
06032026|542724|0000000005778018|0000000001182656|0000000005778018|0000000001182656|100.00
06032026|542725|0000000000078687|0000000002543951|0000000000161526|0000000005248395|048.71
06032026|542726|0000000000301761|0000000640291578|0000000000321610|0000000667924840|093.83
06032026|542727|0000000000001650|0000000004781040|0000000000002650|0000000007495660|062.26
06032026|542729|0000000000000001|0000000000000142|0000000000000001|0000000000000141|100.00
06032026|542730|0000000000009038|0000000000535140|0000000000027068|0000000001615099|033.39
06032026|542747|0000000000009318|0000000000803864|0000000000016795|0000000001456486|055.48
06032026|542752|0000000000003404|0000000004600506|0000000000006889|0000000009340859|049.41
06032026|542758|0000000000054553|0000000001504027|0000000000074736|0000000002071072|072.99
06032026|542759|0000000000005647|0000000001329304|0000000000009317|0000000002243949|060.61
06032026|542760|0000000000209582|0000000038039133|0000000000373851|0000000068081873|056.06
06032026|542765|0000000000000500|0000000000105550|0000000000000500|0000000000105550|100.00
06032026|542770|0000000000003434|0000000000125651|0000000000003580|0000000000132991|095.92
06032026|542772|0000000000003227|0000000003436433|0000000000004692|0000000005018292|068.78
06032026|542773|0000000000012340|0000000003805656|0000000000028214|0000000008835130|043.74
06032026|542774|0000000000026700|0000000002882265|0000000000031630|0000000003419810|084.41
06032026|542801|0000000000001000|0000000000114500|0000000000006000|0000000000683000|016.67
06032026|542802|0000000000090756|0000000000160639|0000000000177033|0000000000312575|051.26
06032026|542803|0000000000001343|0000000000056944|0000000000001375|0000000000059213|097.67
06032026|542812|0000000000000720|0000000002336976|0000000000001313|0000000004289029|054.84
06032026|542830|0000000000102086|0000000056438246|0000000000201501|0000000112960867|050.66
06032026|542850|0000000000002000|0000000000016660|0000000000002000|0000000000016660|100.00
06032026|542852|0000000000104709|0000000000546581|0000000000145467|0000000000778855|071.98
06032026|542857|0000000000003087|0000000000619561|0000000000003807|0000000000761686|081.09
06032026|542862|0000000000001311|0000000000030809|0000000000002249|0000000000052960|058.29
06032026|542863|0000000000000182|0000000000010806|0000000000000204|0000000000012166|089.22
06032026|542865|0000000000007889|0000000000097982|0000000000017116|0000000000213245|046.09
06032026|542867|0000000000009645|0000000003609642|0000000000016820|0000000006307625|057.34
06032026|542904|0000000000207091|0000000011566033|0000000000460446|0000000026054194|044.98
06032026|542905|0000000000300160|0000000062238176|0000000000302005|0000000064059644|099.39
06032026|542907|0000000000003257|0000000000781029|0000000000005246|0000000001260063|062.09
06032026|542909|0000000000000256|0000000000403380|0000000000000303|0000000000476584|084.49
06032026|542911|0000000000000003|0000000000002670|0000000000000003|0000000000002743|100.00
06032026|542918|0000000000014844|0000000000108788|0000000000014844|0000000000108788|100.00
06032026|542919|0000000000003135|0000000000728261|0000000000004883|0000000001138960|064.20
06032026|542920|0000000000006023|0000000002383000|0000000000008344|0000000003314214|072.18
06032026|542921|0000000000062675|0000000001371956|0000000000075943|0000000001677875|082.53
06032026|542922|0000000000000685|0000000000475349|0000000000000903|0000000000628628|075.86
06032026|542933|0000000000002567|0000000001195586|0000000000002567|0000000001195586|100.00
06032026|542934|0000000000001000|0000000000038500|0000000000001000|0000000000038500|100.00
06032026|543064|0000000000036427|0000000010190454|0000000000092190|0000000025931660|039.51
06032026|543065|0000000000014000|0000000000247240|0000000000014000|0000000000246800|100.00
06032026|543066|0000000000015760|0000000011403936|0000000000024801|0000000018052232|063.55
06032026|543071|0000000000000707|0000000000010436|0000000000000718|0000000000010605|098.47
06032026|543087|0000000000000193|0000000000026640|0000000000000203|0000000000028035|095.07
06032026|543108|0000000000000001|0000000000000103|0000000000000002|0000000000000204|050.00
06032026|543144|0000000000000008|0000000000000045|0000000000000009|0000000000000052|088.89
06032026|543150|0000000000160828|0000000000394029|0000000000225695|0000000000577426|071.26
06032026|543153|0000000000000001|0000000000000032|0000000000000001|0000000000000031|100.00
06032026|543161|0000000000000145|0000000000017110|0000000000000150|0000000000017699|096.67
06032026|543167|0000000000000087|0000000000000215|0000000000000104|0000000000000255|083.65
06032026|543171|0000000000039041|0000000000051925|0000000000047084|0000000000062184|082.92
06032026|543172|0000000000000750|0000000000685125|0000000000002250|0000000002053812|033.33
06032026|543173|0000000000001001|0000000000013474|0000000000001121|0000000000014057|089.30
06032026|543174|0000000000010461|0000000000024375|0000000000010462|0000000000024404|099.99
06032026|543175|0000000000011713|0000000000044276|0000000000012012|0000000000045574|097.51
06032026|543176|0000000000000188|0000000000009222|0000000000000202|0000000000010830|093.07
06032026|543177|0000000000002025|0000000000016099|0000000000003677|0000000000028321|055.07
06032026|543178|0000000000000016|0000000000000624|0000000000000017|0000000000000686|094.12
06032026|543181|0000000000000008|0000000000000213|0000000000000010|0000000000000268|080.00
06032026|543182|0000000000000001|0000000000000039|0000000000000002|0000000000000076|050.00
06032026|543184|0000000000000004|0000000000000144|0000000000000007|0000000000000252|057.14
06032026|543186|0000000000000601|0000000000003282|0000000000000601|0000000000003233|100.00
06032026|543187|0000000000003941|0000000101957611|0000000000011920|0000000307756855|033.06
06032026|543193|0000000000028898|0000000002531262|0000000000028898|0000000002531262|100.00
06032026|543207|0000000000245337|0000000001101564|0000000000381308|0000000001698643|064.34
06032026|543208|0000000000012031|0000000000029116|0000000000014963|0000000000036386|080.40
06032026|543209|0000000000012000|0000000000317400|0000000000027000|0000000000715050|044.44
06032026|543210|0000000000001813|0000000000689122|0000000000001883|0000000000718283|096.28
06032026|543211|0000000000004560|0000000000178135|0000000000004560|0000000000178135|100.00
06032026|543212|0000000000057552|0000000012906036|0000000000059722|0000000013649898|096.37
06032026|543213|0000000000001460|0000000000680725|0000000000002075|0000000000980985|070.36
06032026|543214|0000000000000890|0000000000636083|0000000000001323|0000000000932946|067.27
06032026|543216|0000000000000017|0000000000023919|0000000000000017|0000000000023918|100.00
06032026|543217|0000000000003110|0000000001432249|0000000000005620|0000000002589082|055.34
06032026|543218|0000000000000335|0000000000009715|0000000000000335|0000000000009727|100.00
06032026|543219|0000000000015553|0000000000425220|0000000000020644|0000000000564805|075.34
06032026|543220|0000000000132060|0000000137698962|0000000000184812|0000000191705551|071.46
06032026|543221|0000000000014471|0000000000482753|0000000000020632|0000000000690608|070.14
06032026|543223|0000000000028664|0000000004246572|0000000000030530|0000000004581872|093.89
06032026|543224|0000000000001404|0000000000083384|0000000000001598|0000000000095412|087.86
06032026|543225|0000000000275000|0000000043422500|0000000000275000|0000000043162500|100.00
06032026|543226|0000000000001913|0000000000114513|0000000000001963|0000000000117651|097.45
06032026|543227|0000000000017864|0000000006021955|0000000000038054|0000000012953720|046.94
06032026|543228|0000000000005700|0000000002730015|0000000000011004|0000000005321929|051.80
06032026|543229|0000000000000040|0000000000008760|0000000000000046|0000000000009770|086.96
06032026|543230|0000000000003347|0000000005286754|0000000000007520|0000000011909103|044.51
06032026|543231|0000000000000002|0000000000000143|0000000000000002|0000000000000142|100.00
06032026|543232|0000000000020082|0000000013033218|0000000000074646|0000000048598188|026.90
06032026|543233|0000000000001185|0000000000186756|0000000000001433|0000000000224980|082.69
06032026|543234|0000000000373875|0000000040565438|0000000000389788|0000000041877467|095.92
06032026|543235|0000000000232019|0000000050962974|0000000000493395|0000000109877803|047.02
06032026|543236|0000000000001057|0000000000061740|0000000000001108|0000000000064753|095.40
06032026|543237|0000000000375777|0000000928037669|0000000001330595|0000003324081330|028.24
06032026|543238|0000000000002226|0000000002157774|0000000000004486|0000000004375129|049.62
06032026|543239|0000000000000700|0000000000044135|0000000000000700|0000000000044135|100.00
06032026|543240|0000000000002890|0000000000423096|0000000000003124|0000000000460351|092.51
06032026|543241|0000000000001107|0000000000093053|0000000000001107|0000000000093053|100.00
06032026|543242|0000000000022043|0000000003066182|0000000000036631|0000000005087147|060.18
06032026|543243|0000000000048259|0000000002882028|0000000000169753|0000000010194491|028.43
06032026|543244|0000000000008000|0000000000207040|0000000000008000|0000000000207040|100.00
06032026|543245|0000000000001861|0000000003106009|0000000000003740|0000000006330285|049.76
06032026|543246|0000000000001271|0000000000052493|0000000000001271|0000000000052711|100.00
06032026|976924|0000000000000002|0000000000019500|0000000000000002|0000000000019500|100.00
06032026|976940|0000000000000007|0000000000686000|0000000000000007|0000000000686000|100.00
06032026|976943|0000000000000010|0000000000069054|0000000000000010|0000000000069276|100.00
06032026|976968|0000000000000001|0000000000097700|0000000000000001|0000000000097700|100.00
06032026|976970|0000000000000013|0000000001312552|0000000000000013|0000000001312551|100.00
06032026|976985|0000000000000001|0000000000105000|0000000000000001|0000000000105000|100.00
06032026|977001|0000000000000001|0000000000100200|0000000000000001|0000000000100200|100.00
06032026|977006|0000000000000003|0000000000305400|0000000000000003|0000000000304800|100.00
06032026|977017|0000000000000049|0000000000486325|0000000000000049|0000000000486470|100.00
06032026|977022|0000000000000001|0000000000099451|0000000000000001|0000000000099450|100.00
06032026|977038|0000000000000021|0000000000205812|0000000000000021|0000000000205135|100.00
06032026|977044|0000000000000012|0000000000117732|0000000000000012|0000000000118222|100.00
06032026|977068|0000000000000001|0000000000010000|0000000000000001|0000000000010000|100.00
06032026|977073|0000000000000003|0000000000298231|0000000000000003|0000000000298230|100.00
06032026|977075|0000000000000030|0000000003002556|0000000000000030|0000000003002555|100.00
06032026|977093|0000000000000154|0000000016168460|0000000000000157|0000000016483240|098.09
06032026|977117|0000000000000005|0000000000490000|0000000000000005|0000000000490686|100.00
06032026|977186|0000000000000001|0000000000097900|0000000000000001|0000000000097899|100.00
06032026|977187|0000000000000001|0000000000099900|0000000000000001|0000000000099900|100.00
06032026|977205|0000000000000067|0000000000662965|0000000000000067|0000000000656771|100.00
06032026|977226|0000000000000005|0000000000503706|0000000000000005|0000000000504378|100.00
06032026|977241|0000000000000004|0000000000039281|0000000000000005|0000000000048994|080.00
06032026|977249|0000000000000023|0000000000224296|0000000000000023|0000000000224396|100.00
06032026|977298|0000000000000006|0000000000056940|0000000000000006|0000000000056940|100.00
06032026|977309|0000000000000045|0000000000438746|0000000000000045|0000000000437624|100.00
06032026|977325|0000000000000001|0000000000097475|0000000000000001|0000000000097475|100.00
06032026|977331|0000000000000020|0000000001995000|0000000000000020|0000000001994629|100.00
06032026|977367|0000000000000060|0000000000591097|0000000000000060|0000000000589938|100.00
06032026|977383|0000000000000001|0000000000008000|0000000000000001|0000000000008000|100.00
06032026|977419|0000000000000001|0000000000094000|0000000000000001|0000000000094000|100.00
06032026|977424|0000000000000350|0000000035627900|0000000000000350|0000000035627900|100.00
06032026|977425|0000000000000004|0000000000394000|0000000000000004|0000000000394000|100.00
06032026|977477|0000000000000030|0000000000299728|0000000000000030|0000000000299645|100.00
06032026|977495|0000000000000003|0000000000288000|0000000000000003|0000000000288000|100.00
06032026|977532|0000000000012115|0000001220949700|0000000000012115|0000001220816446|100.00
06032026|977541|0000000000000007|0000000000068994|0000000000000007|0000000000068993|100.00
06032026|977576|0000000000000002|0000000000019838|0000000000000002|0000000000019838|100.00
