DATE|SCRIP CODE|DELIVERY QTY|DELIVERY VAL|DAY'S VOLUME|DAY'S TURNOVER|DELV. PER.
26022026|524669|0000000000000259|0000000000408832|0000000000000495|0000000000770144|052.32
26022026|524675|0000000000002297|0000000000035880|0000000000003156|0000000000046500|072.78
26022026|524687|0000000000051246|0000000000526297|0000000000069221|0000000000728595|074.03
26022026|524703|0000000000000426|0000000000015072|0000000000000793|0000000000028013|053.72
26022026|524709|0000000000027938|0000000003693404|0000000000031685|0000000004284160|088.17
26022026|524711|0000000000004762|0000000000032906|0000000000005969|0000000000041745|079.78
26022026|524715|0000000000040376|0000000072055010|0000000000078605|0000000139956695|051.37
26022026|524717|0000000000043235|0000000010700663|0000000000069104|0000000017257483|062.57
26022026|524731|0000000000000579|0000000000575932|0000000000000741|0000000000738015|078.14
26022026|524735|0000000000005678|0000000001147240|0000000000011057|0000000002254097|051.35
26022026|524742|0000000000001450|0000000002502990|0000000000002652|0000000004579656|054.68
26022026|524743|0000000000014672|0000000000564286|0000000000026934|0000000001052406|054.47
26022026|524748|0000000000000574|0000000000016750|0000000000000587|0000000000017278|097.79
26022026|524752|0000000000003862|0000000000028965|0000000000003961|0000000000029016|097.50
26022026|524768|0000000000000128|0000000000003442|0000000000000133|0000000000003447|096.24
26022026|524774|0000000000000318|0000000000731257|0000000000000378|0000000000872055|084.13
26022026|524790|0000000000000133|0000000000049809|0000000000000151|0000000000056366|088.08
26022026|524804|0000000000177080|0000000216391760|0000000000222816|0000000274498889|079.47
26022026|524808|0000000000000011|0000000000000284|0000000000000022|0000000000000567|050.00
26022026|524816|0000000000046374|0000000045047704|0000000000097253|0000000094747156|047.68
26022026|524818|0000000000001752|0000000000164776|0000000000002426|0000000000236777|072.22
26022026|524820|0000000000000484|0000000000134843|0000000000000518|0000000000144505|093.44
26022026|524824|0000000000000100|0000000000007617|0000000000000120|0000000000009142|083.33
26022026|524828|0000000000000109|0000000000044707|0000000000000172|0000000000071237|063.37
26022026|526001|0000000000025095|0000000000931275|0000000000025095|0000000000931275|100.00
26022026|526025|0000000000002477|0000000000031731|0000000000003097|0000000000039618|079.98
26022026|526027|0000000000006429|0000000000689511|0000000000011154|0000000001216796|057.64
26022026|526043|0000000000000100|0000000000004900|0000000000000100|0000000000004893|100.00
26022026|526071|0000000000004265|0000000002052520|0000000000004265|0000000002052520|100.00
26022026|526073|0000000000000512|0000000000244685|0000000000000961|0000000000462405|053.28
26022026|526075|0000000000002977|0000000000079217|0000000000002977|0000000000079217|100.00
26022026|526081|0000000000016181|0000000000598963|0000000000016181|0000000000598963|100.00
26022026|526095|0000000000000141|0000000000005557|0000000000000307|0000000000011661|045.93
26022026|526113|0000000000000080|0000000000001041|0000000000000080|0000000000001040|100.00
26022026|526115|0000000000003816|0000000000038313|0000000000005082|0000000000054802|075.09
26022026|526117|0000000000000504|0000000000206388|0000000000000827|0000000000327399|060.94
26022026|526125|0000000000004251|0000000001126515|0000000000004622|0000000001209166|091.97
26022026|526133|0000000000004168|0000000000026634|0000000000004169|0000000000026996|099.98
26022026|526137|0000000000001050|0000000000115343|0000000000001276|0000000000141279|082.29
26022026|526139|0000000000047936|0000000000128948|0000000000054079|0000000000140673|088.64
26022026|526143|0000000000000335|0000000000002439|0000000000000335|0000000000002444|100.00
26022026|526159|0000000000010246|0000000000630334|0000000000011252|0000000000693038|091.06
26022026|526161|0000000000000033|0000000000002808|0000000000000033|0000000000002806|100.00
26022026|526169|0000000000011259|0000000002233223|0000000000013629|0000000002742605|082.61
26022026|526173|0000000000052907|0000000001092001|0000000000064679|0000000001338368|081.80
26022026|526179|0000000000002275|0000000000450905|0000000000002391|0000000000474691|095.15
26022026|526193|0000000000001016|0000000000019416|0000000000001151|0000000000021734|088.27
26022026|526211|0000000000003220|0000000000154560|0000000000003331|0000000000160022|096.67
26022026|526217|0000000000000601|0000000000087746|0000000000000729|0000000000109379|082.44
26022026|526225|0000000000000042|0000000000000561|0000000000000042|0000000000000561|100.00
26022026|526227|0000000000013747|0000000000598407|0000000000018305|0000000000806043|075.10
26022026|526231|0000000000000202|0000000000010272|0000000000000352|0000000000018014|057.39
26022026|526237|0000000000005021|0000000000281126|0000000000007676|0000000000433336|065.41
26022026|526241|0000000000000860|0000000000012023|0000000000000871|0000000000012005|098.74
26022026|526247|0000000000023653|0000000012812831|0000000000064778|0000000034755465|036.51
26022026|526251|0000000000000764|0000000000012691|0000000000001297|0000000000021786|058.91
26022026|526263|0000000000000435|0000000000058008|0000000000000817|0000000000109228|053.24
26022026|526269|0000000000000565|0000000000051415|0000000000000624|0000000000056648|090.54
26022026|526299|0000000000003367|0000000007616660|0000000000008714|0000000019832160|038.64
26022026|526315|0000000000001778|0000000000086696|0000000000002195|0000000000108213|081.00
26022026|526325|0000000000000454|0000000000028602|0000000000000454|0000000000028867|100.00
26022026|526335|0000000000000505|0000000000003611|0000000000000509|0000000000003675|099.21
26022026|526345|0000000000011606|0000000000328915|0000000000012082|0000000000342717|096.06
26022026|526355|0000000000000240|0000000000013440|0000000000000240|0000000000013439|100.00
26022026|526365|0000000000001935|0000000000064804|0000000000003478|0000000000115746|055.64
26022026|526367|0000000000002575|0000000001738640|0000000000003813|0000000002554104|067.53
26022026|526371|0000000000988888|0000000081672260|0000000002566236|0000000212598777|038.53
26022026|526373|0000000000000002|0000000000000104|0000000000000002|0000000000000104|100.00
26022026|526381|0000000000011890|0000000000121160|0000000000013895|0000000000143460|085.57
26022026|526397|0000000000000061|0000000000012283|0000000000000064|0000000000012854|095.31
26022026|526407|0000000000026129|0000000000300223|0000000000026792|0000000000309526|097.53
26022026|526409|0000000000021903|0000000000173472|0000000000034967|0000000000263201|062.64
26022026|526415|0000000000118376|0000000000602534|0000000000168102|0000000000867454|070.42
26022026|526423|0000000000000479|0000000000039757|0000000000000514|0000000000043048|093.19
26022026|526433|0000000000024051|0000000055501291|0000000000039700|0000000092587213|060.58
26022026|526435|0000000000000004|0000000000000341|0000000000000004|0000000000000340|100.00
26022026|526439|0000000000000104|0000000000001040|0000000000000158|0000000000001607|065.82
26022026|526441|0000000000227629|0000000000280001|0000000000227629|0000000000280001|100.00
26022026|526443|0000000000043419|0000000005238503|0000000000067094|0000000007730455|064.71
26022026|526445|0000000000079365|0000000000648413|0000000000095081|0000000000765863|083.47
26022026|526468|0000000000000156|0000000000002838|0000000000000257|0000000000004617|060.70
26022026|526471|0000000000007207|0000000000152356|0000000000013150|0000000000281717|054.81
26022026|526473|0000000000010430|0000000000051525|0000000000012811|0000000000063353|081.41
26022026|526477|0000000000000110|0000000000003855|0000000000000110|0000000000003855|100.00
26022026|526479|0000000000001026|0000000000081147|0000000000001251|0000000000098214|082.01
26022026|526481|0000000000000239|0000000000008265|0000000000000239|0000000000008512|100.00
26022026|526490|0000000000136969|0000000001068359|0000000000158910|0000000001213558|086.19
26022026|526492|0000000000001353|0000000000123611|0000000000002250|0000000000207699|060.13
26022026|526494|0000000000001272|0000000000013865|0000000000001272|0000000000012658|100.00
26022026|526500|0000000000000462|0000000000011088|0000000000000462|0000000000011106|100.00
26022026|526506|0000000000001136|0000000000086518|0000000000001187|0000000000090099|095.70
26022026|526508|0000000000002365|0000000000035381|0000000000003546|0000000000052416|066.69
26022026|526519|0000000000000002|0000000000000186|0000000000000002|0000000000000186|100.00
26022026|526521|0000000000004027|0000000000245970|0000000000005372|0000000000328034|074.96
26022026|526525|0000000000000205|0000000000003383|0000000000000300|0000000000004953|068.33
26022026|526530|0000000000000082|0000000000007380|0000000000000103|0000000000009474|079.61
26022026|526532|0000000000000004|0000000000000035|0000000000000006|0000000000000050|066.67
26022026|526544|0000000000017785|0000000000049087|0000000000022243|0000000000061307|079.96
26022026|526546|0000000000000269|0000000000029590|0000000000000289|0000000000031934|093.08
26022026|526550|0000000000003036|0000000000039590|0000000000003369|0000000000044410|090.12
26022026|526570|0000000000011630|0000000054524391|0000000000011630|0000000054524391|100.00
26022026|526574|0000000000000100|0000000000002275|0000000000000100|0000000000002275|100.00
26022026|526582|0000000000000752|0000000000051588|0000000000000864|0000000000059602|087.04
26022026|526586|0000000000006151|0000000002351220|0000000000007172|0000000002763126|085.76
26022026|526588|0000000000095000|0000000001524750|0000000000095000|0000000001524750|100.00
26022026|526596|0000000000001129|0000000000275476|0000000000001190|0000000000288434|094.87
26022026|526604|0000000000104231|0000000004668507|0000000000150448|0000000006639794|069.28
26022026|526608|0000000000000247|0000000000178767|0000000000000304|0000000000222602|081.25
26022026|526612|0000000000000497|0000000002789438|0000000000000818|0000000004591139|060.76
26022026|526614|0000000000002370|0000000000137769|0000000000002697|0000000000160406|087.88
26022026|526616|0000000000000481|0000000000023377|0000000000000554|0000000000027047|086.82
26022026|526622|0000000000171428|0000000000070286|0000000000279136|0000000000115820|061.41
26022026|526638|0000000000001672|0000000000138409|0000000000001935|0000000000160404|086.41
26022026|526640|0000000000001719|0000000000053083|0000000000001891|0000000000059209|090.90
26022026|526642|0000000000003211|0000000000110009|0000000000003402|0000000000117151|094.39
26022026|526650|0000000000195368|0000000014021562|0000000000348940|0000000025277221|055.99
26022026|526654|0000000000001300|0000000000174005|0000000000001300|0000000000174005|100.00
26022026|526666|0000000000000017|0000000000013991|0000000000000017|0000000000013982|100.00
26022026|526668|0000000000001055|0000000000199554|0000000000001436|0000000000268390|073.47
26022026|526675|0000000000002556|0000000000063604|0000000000002556|0000000000063604|100.00
26022026|526677|0000000000000432|0000000000000864|0000000000000432|0000000000000862|100.00
26022026|526705|0000000000001033|0000000000202210|0000000000001176|0000000000229541|087.84
26022026|526709|0000000000022639|0000000000191266|0000000000022639|0000000000191266|100.00
26022026|526711|0000000000000882|0000000000027766|0000000000000882|0000000000027629|100.00
26022026|526717|0000000000005742|0000000001029828|0000000000008237|0000000001484578|069.71
26022026|526721|0000000000001071|0000000000076277|0000000000001208|0000000000086321|088.66
26022026|526723|0000000000000471|0000000000081672|0000000000000619|0000000000106452|076.09
26022026|526727|0000000000029152|0000000002445269|0000000000029152|0000000002445269|100.00
26022026|526729|0000000000010800|0000000003821580|0000000000020755|0000000007324411|052.04
26022026|526731|0000000000001406|0000000000291464|0000000000001508|0000000000314378|093.24
26022026|526739|0000000000000822|0000000000292263|0000000000001328|0000000000471875|061.90
26022026|526747|0000000000011270|0000000002495742|0000000000014724|0000000003213127|076.54
26022026|526751|0000000000000500|0000000000009090|0000000000000500|0000000000009090|100.00
26022026|526755|0000000000000005|0000000000000030|0000000000000005|0000000000000029|100.00
26022026|526761|0000000000000040|0000000000000931|0000000000000079|0000000000001829|050.63
26022026|526775|0000000000008323|0000000008069011|0000000000008323|0000000008069011|100.00
26022026|526783|0000000000002270|0000000010536773|0000000000003373|0000000015516368|067.30
26022026|526797|0000000000006015|0000000001345556|0000000000008226|0000000001847849|073.12
26022026|526807|0000000000001428|0000000001895599|0000000000002450|0000000003286494|058.29
26022026|526813|0000000000002108|0000000000022978|0000000000002207|0000000000024078|095.51
26022026|526817|0000000000000603|0000000000632186|0000000000000829|0000000000869409|072.74
26022026|526821|0000000000004195|0000000001053575|0000000000004847|0000000001239033|086.55
26022026|526823|0000000000000010|0000000000000048|0000000000000010|0000000000000048|100.00
26022026|526827|0000000000000194|0000000000049130|0000000000000194|0000000000049130|100.00
26022026|526829|0000000000003109|0000000000099115|0000000000005995|0000000000189031|051.86
26022026|526839|0000000000000055|0000000000000743|0000000000000055|0000000000000742|100.00
26022026|526841|0000000000000832|0000000000023255|0000000000000837|0000000000023432|099.40
26022026|526847|0000000000004556|0000000000108616|0000000000007518|0000000000178342|060.60
26022026|526849|0000000000000015|0000000000001819|0000000000000016|0000000000002008|093.75
26022026|526851|0000000000000001|0000000000000120|0000000000000001|0000000000000120|100.00
26022026|526853|0000000000030845|0000000001797956|0000000000049988|0000000002940013|061.70
26022026|526859|0000000000044594|0000000000044149|0000000000044602|0000000000044151|099.98
26022026|526861|0000000000004993|0000000000542740|0000000000005866|0000000000635348|085.12
26022026|526865|0000000000001226|0000000000006130|0000000000001226|0000000000006109|100.00
26022026|526869|0000000000000892|0000000000017394|0000000000001500|0000000000027787|059.47
26022026|526871|0000000000003702|0000000000036650|0000000000004744|0000000000046977|078.04
26022026|526873|0000000000006858|0000000000253746|0000000000007603|0000000000282410|090.20
26022026|526877|0000000000000050|0000000000001069|0000000000000050|0000000000001094|100.00
26022026|526881|0000000000002196|0000000001329129|0000000000004120|0000000002501344|053.30
26022026|526883|0000000000024208|0000000000483433|0000000000024208|0000000000483433|100.00
26022026|526885|0000000000003633|0000000000297906|0000000000004329|0000000000357471|083.92
26022026|526891|0000000000000875|0000000000010500|0000000000000909|0000000000010908|096.26
26022026|526899|0000000000031480|0000000000294024|0000000000039576|0000000000370632|079.54
26022026|526901|0000000000000114|0000000000004049|0000000000000116|0000000000004121|098.28
26022026|526905|0000000000001603|0000000000015641|0000000000001603|0000000000015641|100.00
26022026|526921|0000000000000276|0000000000010074|0000000000000276|0000000000010074|100.00
26022026|526931|0000000000001704|0000000000189485|0000000000003263|0000000000368794|052.22
26022026|526935|0000000000536226|0000000047964416|0000000000536226|0000000047964416|100.00
26022026|526941|0000000000000100|0000000000000502|0000000000000100|0000000000000502|100.00
26022026|526945|0000000000000004|0000000000000346|0000000000000005|0000000000000441|080.00
26022026|526947|0000000000004445|0000000000898557|0000000000007162|0000000001458073|062.06
26022026|526951|0000000000000060|0000000000133074|0000000000000088|0000000000195172|068.18
26022026|526953|0000000000001994|0000000001375702|0000000000001994|0000000001375702|100.00
26022026|526961|0000000000537852|0000000003194841|0000000000572394|0000000003441319|093.97
26022026|526965|0000000000000084|0000000000008904|0000000000000084|0000000000008936|100.00
26022026|526967|0000000000011437|0000000000068622|0000000000013570|0000000000080704|084.28
26022026|526971|0000000000000182|0000000000036819|0000000000000190|0000000000038698|095.79
26022026|526981|0000000000001403|0000000000233179|0000000000002091|0000000000342149|067.10
26022026|526987|0000000000091757|0000000000851505|0000000000133191|0000000001242691|068.89
26022026|527001|0000000000014631|0000000007944633|0000000000030632|0000000016738292|047.76
26022026|527005|0000000000000460|0000000000056948|0000000000000547|0000000000070534|084.10
26022026|530001|0000000000000803|0000000000384919|0000000000001518|0000000000726903|052.90
26022026|530005|0000000000011103|0000000004715445|0000000000020119|0000000008561798|055.19
26022026|530007|0000000000041975|0000000022269837|0000000000075175|0000000039917160|055.84
26022026|530017|0000000000012776|0000000000191768|0000000000016716|0000000000252473|076.43
26022026|530019|0000000000000849|0000000000748691|0000000000001899|0000000001689713|044.71
26022026|530023|0000000000000565|0000000000056077|0000000000000565|0000000000055952|100.00
26022026|530025|0000000000002038|0000000000034565|0000000000002794|0000000000047848|072.94
26022026|530027|0000000000032556|0000000000296382|0000000000032556|0000000000296382|100.00
26022026|530037|0000000000000500|0000000000033120|0000000000000500|0000000000033120|100.00
26022026|530043|0000000000000051|0000000000013260|0000000000000051|0000000000012865|100.00
26022026|530045|0000000000000599|0000000000022409|0000000000000752|0000000000028075|079.65
26022026|530053|0000000000187120|0000000000892563|0000000000187536|0000000000922446|099.78
26022026|530057|0000000000007276|0000000000015135|0000000000007426|0000000000015478|097.98
26022026|530063|0000000000004760|0000000000023720|0000000000004760|0000000000023720|100.00
26022026|530065|0000000000000162|0000000000002236|0000000000000163|0000000000002281|099.39
26022026|530067|0000000000000185|0000000000050024|0000000000000211|0000000000055303|087.68
26022026|530073|0000000000007901|0000000002093370|0000000000010758|0000000002896082|073.44
26022026|530075|0000000000007897|0000000004040501|0000000000018795|0000000009685061|042.02
26022026|530077|0000000000007874|0000000001397242|0000000000008466|0000000001492637|093.01
26022026|530079|0000000000001658|0000000000755936|0000000000001658|0000000000755936|100.00
26022026|530095|0000000001882219|0000000000367474|0000000001882219|0000000000367474|100.00
26022026|530109|0000000000130660|0000000000284839|0000000000160862|0000000000351692|081.22
26022026|530111|0000000000000433|0000000000012861|0000000000000433|0000000000013148|100.00
26022026|530117|0000000000002026|0000000006068580|0000000000003653|0000000010961081|055.46
26022026|530119|0000000000000004|0000000000000134|0000000000000004|0000000000000133|100.00
26022026|530125|0000000000002095|0000000000429161|0000000000002100|0000000000422740|099.76
26022026|530127|0000000000000126|0000000000003207|0000000000000150|0000000000003858|084.00
26022026|530129|0000000000002468|0000000004344668|0000000000003629|0000000006438038|068.01
26022026|530133|0000000000001360|0000000000097458|0000000000001703|0000000000121579|079.86
26022026|530135|0000000000001067|0000000000442059|0000000000002318|0000000000965925|046.03
26022026|530139|0000000000000154|0000000000005158|0000000000000216|0000000000007235|071.30
26022026|530141|0000000000000311|0000000000011492|0000000000000359|0000000000012438|086.63
26022026|530145|0000000000461565|0000000013837719|0000000000560420|0000000016756031|082.36
26022026|530163|0000000000027486|0000000005564541|0000000000031207|0000000006488494|088.08
26022026|530167|0000000000074556|0000000001178731|0000000000075428|0000000001206867|098.84
26022026|530169|0000000000000200|0000000000005704|0000000000000223|0000000000006362|089.69
26022026|530171|0000000000000245|0000000000007108|0000000000000565|0000000000016543|043.36
26022026|530175|0000000000008241|0000000000398700|0000000000009786|0000000000472030|084.21
26022026|530177|0000000000000002|0000000000000048|0000000000000002|0000000000000049|100.00
26022026|530179|0000000000000150|0000000000005806|0000000000000150|0000000000005806|100.00
26022026|530185|0000000000036975|0000000000174153|0000000000053126|0000000000252090|069.60
26022026|530187|0000000000012380|0000000000049644|0000000000014480|0000000000057951|085.50
26022026|530197|0000000000000667|0000000000193673|0000000000000667|0000000000193673|100.00
26022026|530199|0000000000002088|0000000000181782|0000000000003202|0000000000275769|065.21
26022026|530201|0000000000043743|0000000000132104|0000000000049310|0000000000150789|088.71
26022026|530207|0000000000000001|0000000000000022|0000000000000001|0000000000000021|100.00
26022026|530213|0000000000003032|0000000000201932|0000000000003330|0000000000219947|091.05
26022026|530215|0000000000033406|0000000004479745|0000000000053680|0000000007241466|062.23
26022026|530217|0000000000016056|0000000000216756|0000000000022952|0000000000310462|069.95
26022026|530231|0000000000000002|0000000000000089|0000000000000002|0000000000000093|100.00
26022026|530233|0000000000005144|0000000001500367|0000000000005144|0000000001500367|100.00
26022026|530235|0000000000000733|0000000000035551|0000000000000748|0000000000035903|097.99
26022026|530239|0000000000004862|0000000000720063|0000000000009700|0000000001441524|050.12
26022026|530245|0000000000000150|0000000000094500|0000000000000152|0000000000096048|098.68
26022026|530249|0000000000003676|0000000000041245|0000000000005084|0000000000057022|072.31
26022026|530251|0000000000135776|0000000000070604|0000000000140777|0000000000073915|096.45
26022026|530253|0000000000137682|0000000002754159|0000000000137682|0000000002754159|100.00
26022026|530255|0000000000009517|0000000000093457|0000000000010699|0000000000104964|088.95
26022026|530259|0000000000002125|0000000000066683|0000000000002326|0000000000071839|091.36
26022026|530263|0000000000251372|0000000000130714|0000000000358611|0000000000185613|070.10
26022026|530265|0000000000005635|0000000000214018|0000000000005735|0000000000203360|098.26
26022026|530281|0000000000001805|0000000000039620|0000000000001805|0000000000039619|100.00
26022026|530289|0000000000000537|0000000000031146|0000000000000537|0000000000031351|100.00
26022026|530295|0000000000000001|0000000000000035|0000000000000001|0000000000000034|100.00
26022026|530299|0000000000000431|0000000000029408|0000000000000553|0000000000038006|077.94
26022026|530305|0000000000004692|0000000002706815|0000000000009671|0000000005515604|048.52
26022026|530307|0000000000001295|0000000000356708|0000000000001500|0000000000414854|086.33
26022026|530309|0000000000001979|0000000000024975|0000000000002171|0000000000027495|091.16
26022026|530313|0000000000008304|0000000000279762|0000000000009009|0000000000298282|092.17
26022026|530315|0000000000001618|0000000000197396|0000000000001856|0000000000223747|087.18
26022026|530317|0000000000000708|0000000000055076|0000000000001203|0000000000094149|058.85
26022026|530331|0000000000000799|0000000000334821|0000000000001015|0000000000427309|078.72
26022026|530341|0000000000000013|0000000000001689|0000000000000022|0000000000002909|059.09
26022026|530343|0000000000008207|0000000002156800|0000000000012830|0000000003394929|063.97
26022026|530355|0000000000002755|0000000000841791|0000000000004257|0000000001300629|064.72
26022026|530357|0000000000097593|0000000000122739|0000000000097593|0000000000122739|100.00
26022026|530361|0000000000003171|0000000000129377|0000000000003576|0000000000147569|088.67
26022026|530363|0000000000001876|0000000000067818|0000000000002265|0000000000081034|082.83
26022026|530365|0000000000001050|0000000000324608|0000000000001101|0000000000338873|095.37
26022026|530367|0000000000001202|0000000000325742|0000000000002603|0000000000712271|046.18
26022026|530369|0000000000002352|0000000000103536|0000000000002454|0000000000107947|095.84
26022026|530377|0000000000055581|0000000000444648|0000000000055693|0000000000447629|099.80
26022026|530393|0000000000001706|0000000000043708|0000000000001726|0000000000044323|098.84
26022026|530401|0000000000000410|0000000000019824|0000000000000412|0000000000020135|099.51
26022026|530405|0000000000001235|0000000000041422|0000000000002048|0000000000068060|060.30
26022026|530407|0000000000003124|0000000000104967|0000000000003351|0000000000112937|093.23
26022026|530419|0000000000006753|0000000000244594|0000000000007876|0000000000290719|085.74
26022026|530421|0000000000006450|0000000000049730|0000000000006570|0000000000051281|098.17
26022026|530427|0000000000004322|0000000000689143|0000000000004783|0000000000749749|090.36
26022026|530429|0000000000000401|0000000000012099|0000000000000456|0000000000014191|087.94
26022026|530433|0000000000000924|0000000000035473|0000000000000989|0000000000037504|093.43
26022026|530439|0000000000018538|0000000000071372|0000000000018538|0000000000074260|100.00
26022026|530443|0000000000005865|0000000000083941|0000000000005865|0000000000083941|100.00
26022026|530445|0000000000001213|0000000000001966|0000000000001213|0000000000001965|100.00
26022026|530449|0000000000001638|0000000000087846|0000000000001988|0000000000110363|082.39
26022026|530457|0000000000009243|0000000000594603|0000000000013180|0000000000857769|070.13
26022026|530459|0000000000000027|0000000000000706|0000000000000027|0000000000000705|100.00
26022026|530461|0000000000008281|0000000000109807|0000000000011401|0000000000152386|072.63
26022026|530475|0000000000002805|0000000002016655|0000000000003674|0000000002636910|076.35
26022026|530477|0000000000001889|0000000000283539|0000000000002124|0000000000319420|088.94
26022026|530495|0000000000001479|0000000000097777|0000000000001479|0000000000097777|100.00
26022026|530499|0000000000001500|0000000002297775|0000000000001661|0000000002558551|090.31
26022026|530517|0000000000001018|0000000000360576|0000000000001980|0000000000699212|051.41
26022026|530521|0000000000001041|0000000000424781|0000000000001168|0000000000473762|089.13
26022026|530525|0000000000184369|0000000000719040|0000000000225648|0000000000873589|081.71
26022026|530533|0000000000001233|0000000000122869|0000000000001248|0000000000125803|098.80
26022026|530545|0000000000000600|0000000000123240|0000000000000953|0000000000195709|062.96
26022026|530549|0000000000014870|0000000005063235|0000000000034737|0000000011771185|042.81
26022026|530555|0000000000013335|0000000000456057|0000000000028221|0000000000969276|047.25
26022026|530557|0000000000833665|0000000000358476|0000000001733822|0000000000742227|048.08
26022026|530571|0000000000004966|0000000000051548|0000000000005968|0000000000063826|083.21
26022026|530577|0000000000000236|0000000000012742|0000000000000251|0000000000012915|094.02
26022026|530579|0000000000007063|0000000000102767|0000000000008006|0000000000115992|088.22
26022026|530581|0000000000000311|0000000000001857|0000000000000311|0000000000001862|100.00
26022026|530585|0000000000002000|0000000000106640|0000000000002319|0000000000125036|086.24
26022026|530589|0000000000001257|0000000000150149|0000000000001623|0000000000196206|077.45
26022026|530595|0000000000127677|0000000005979435|0000000000127677|0000000005979435|100.00
26022026|530601|0000000000000799|0000000000043945|0000000000000841|0000000000046396|095.01
26022026|530615|0000000000001338|0000000000214147|0000000000001345|0000000000214535|099.48
26022026|530617|0000000000229401|0000000004957356|0000000000320204|0000000006937528|071.64
26022026|530621|0000000000009385|0000000000891012|0000000000015622|0000000001445199|060.08
26022026|530627|0000000000003763|0000000000783833|0000000000004140|0000000000851130|090.89
26022026|530643|0000000000004420|0000000001705015|0000000000007969|0000000003074465|055.46
26022026|530655|0000000000001836|0000000002194204|0000000000002841|0000000003452253|064.63
26022026|530663|0000000000005919|0000000000005328|0000000000005919|0000000000005311|100.00
26022026|530665|0000000000005985|0000000000019751|0000000000007517|0000000000024830|079.62
26022026|530675|0000000000000002|0000000000000130|0000000000000003|0000000000000194|066.67
26022026|530677|0000000000000446|0000000000024655|0000000000000446|0000000000024654|100.00
26022026|530689|0000000000011434|0000000000593654|0000000000013451|0000000000698978|085.00
26022026|530695|0000000000001375|0000000000032189|0000000000001708|0000000000039488|080.50
26022026|530697|0000000000000213|0000000000004427|0000000000000218|0000000000004370|097.71
26022026|530699|0000000000002320|0000000000051446|0000000000002320|0000000000051446|100.00
26022026|530705|0000000000015027|0000000000673283|0000000000015027|0000000000673283|100.00
26022026|530709|0000000000001017|0000000000082439|0000000000001245|0000000000100165|081.69
26022026|530711|0000000000001459|0000000000090327|0000000000001939|0000000000120464|075.24
26022026|530723|0000000000001573|0000000000184749|0000000000001667|0000000000198736|094.36
26022026|530733|0000000000000001|0000000000000013|0000000000000001|0000000000000012|100.00
26022026|530735|0000000000000002|0000000000000070|0000000000000002|0000000000000069|100.00
26022026|530741|0000000000001335|0000000000207192|0000000000001520|0000000000236687|087.83
26022026|530745|0000000000041424|0000000001690928|0000000000062584|0000000002556587|066.19
26022026|530747|0000000000000007|0000000000000150|0000000000000007|0000000000000149|100.00
26022026|530755|0000000000001500|0000000000016530|0000000000001500|0000000000016530|100.00
26022026|530759|0000000000000348|0000000000078248|0000000000000352|0000000000079379|098.86
26022026|530765|0000000000000001|0000000000000022|0000000000000001|0000000000000022|100.00
26022026|530779|0000000000000295|0000000000006974|0000000000000295|0000000000006983|100.00
26022026|530789|0000000000000116|0000000000019720|0000000000000116|0000000000018829|100.00
26022026|530795|0000000000000601|0000000000007422|0000000000000601|0000000000007422|100.00
26022026|530797|0000000000000001|0000000000000014|0000000000000001|0000000000000013|100.00
26022026|530799|0000000000000818|0000000000025416|0000000000000818|0000000000025415|100.00
26022026|530803|0000000000000194|0000000000029896|0000000000000206|0000000000031853|094.17
26022026|530805|0000000000132694|0000000000984590|0000000000254988|0000000001926522|052.04
26022026|530813|0000000000004962|0000000001721070|0000000000008343|0000000002892892|059.48
26022026|530821|0000000000001111|0000000000021742|0000000000001111|0000000000021742|100.00
26022026|530825|0000000000000196|0000000000009016|0000000000000196|0000000000009146|100.00
26022026|530829|0000000000000128|0000000000005031|0000000000000128|0000000000005028|100.00
26022026|530843|0000000000076753|0000000031802606|0000000000172144|0000000071054799|044.59
26022026|530845|0000000000000860|0000000000712080|0000000000001173|0000000000972774|073.32
26022026|530853|0000000000001024|0000000000061440|0000000000001024|0000000000059696|100.00
26022026|530855|0000000000000011|0000000000001180|0000000000000011|0000000000001180|100.00
26022026|530879|0000000000000145|0000000000004503|0000000000000146|0000000000004584|099.32
26022026|530881|0000000000131583|0000000000978978|0000000000275853|0000000002081215|047.70
26022026|530883|0000000000054084|0000000000453224|0000000000058449|0000000000499574|092.53
26022026|530899|0000000000000050|0000000000002155|0000000000000050|0000000000002154|100.00
26022026|530907|0000000000003222|0000000000132747|0000000000003222|0000000000123692|100.00
26022026|530909|0000000000000002|0000000000000113|0000000000000002|0000000000000118|100.00
26022026|530917|0000000000000200|0000000000007326|0000000000000200|0000000000007326|100.00
26022026|530919|0000000000000897|0000000000100599|0000000000001294|0000000000144336|069.32
26022026|530925|0000000000001075|0000000000114079|0000000000001075|0000000000114079|100.00
26022026|530931|0000000000000004|0000000000000045|0000000000000004|0000000000000044|100.00
26022026|530943|0000000000001324|0000000001677376|0000000000001936|0000000002505112|068.39
26022026|530951|0000000000019816|0000000001079972|0000000000020495|0000000001126521|096.69
26022026|530953|0000000000000825|0000000000071371|0000000000001360|0000000000119403|060.66
26022026|530959|0000000000006383|0000000000172405|0000000000006435|0000000000174232|099.19
26022026|530961|0000000000499652|0000000000699513|0000000000685407|0000000000972270|072.90
26022026|530965|0000000000423333|0000000078951605|0000000001247053|0000000229666192|033.95
26022026|530973|0000000000000001|0000000000000080|0000000000000001|0000000000000080|100.00
26022026|530977|0000000000000679|0000000000103276|0000000000001338|0000000000206015|050.75
26022026|530979|0000000000021451|0000000000764300|0000000000024023|0000000000857828|089.29
26022026|530991|0000000000002073|0000000000092767|0000000000002343|0000000000103341|088.48
26022026|530993|0000000000000014|0000000000000576|0000000000000014|0000000000000571|100.00
26022026|530997|0000000000001957|0000000000182628|0000000000001998|0000000000179293|097.95
26022026|530999|0000000000002512|0000000002740844|0000000000004044|0000000004434256|062.12
26022026|531003|0000000000000042|0000000000003393|0000000000000043|0000000000003473|097.67
26022026|531015|0000000000001402|0000000000036915|0000000000001479|0000000000038750|094.79
26022026|531017|0000000000005461|0000000000104524|0000000000006635|0000000000125671|082.31
26022026|531025|0000000000572425|0000000000206073|0000000001132154|0000000000411332|050.56
26022026|531033|0000000000000010|0000000000000295|0000000000000010|0000000000000295|100.00
26022026|531035|0000000000178012|0000000004997828|0000000000178012|0000000004997828|100.00
26022026|531041|0000000000000220|0000000000083820|0000000000000228|0000000000086966|096.49
26022026|531049|0000000000000400|0000000000006884|0000000000000400|0000000000006884|100.00
26022026|531051|0000000000001683|0000000000022637|0000000000001683|0000000000022636|100.00
26022026|531067|0000000000003862|0000000000098288|0000000000005253|0000000000134270|073.52
26022026|531069|0000000000014086|0000000005984438|0000000000014604|0000000006222830|096.45
26022026|531082|0000000000015797|0000000000137434|0000000000017765|0000000000157241|088.92
26022026|531083|0000000000002310|0000000000015467|0000000000002310|0000000000015467|100.00
26022026|531091|0000000000000110|0000000000003049|0000000000000195|0000000000005431|056.41
26022026|531092|0000000000003070|0000000000272309|0000000000004411|0000000000390831|069.60
26022026|531099|0000000000003080|0000000000213598|0000000000003080|0000000000213598|100.00
26022026|531109|0000000000000291|0000000000017309|0000000000000312|0000000000018556|093.27
26022026|531111|0000000000000500|0000000000019791|0000000000000500|0000000000019791|100.00
26022026|531112|0000000000148374|0000000072814541|0000000000267626|0000000129334950|055.44
26022026|531119|0000000000000480|0000000000140688|0000000000000480|0000000000141692|100.00
26022026|531120|0000000000190341|0000000005344776|0000000000277828|0000000007765921|068.51
26022026|531126|0000000000034185|0000000000827277|0000000000043569|0000000001073688|078.46
26022026|531129|0000000000026199|0000000000314127|0000000000029760|0000000000344172|088.03
26022026|531137|0000000000046548|0000000000070753|0000000000069183|0000000000102894|067.28
26022026|531144|0000000000007140|0000000000105315|0000000000007874|0000000000118628|090.68
26022026|531146|0000000000000599|0000000000180928|0000000000000620|0000000000187221|096.61
26022026|531147|0000000000000235|0000000000181879|0000000000000259|0000000000201022|090.73
26022026|531153|0000000000059690|0000000000130125|0000000000083175|0000000000180378|071.76
26022026|531155|0000000000000001|0000000000000008|0000000000000001|0000000000000007|100.00
26022026|531156|0000000000002500|0000000000010375|0000000000002677|0000000000010812|093.39
26022026|531157|0000000000012137|0000000000243954|0000000000012137|0000000000245355|100.00
26022026|531158|0000000000002269|0000000000042794|0000000000002424|0000000000045994|093.61
26022026|531161|0000000000000756|0000000000176220|0000000000000756|0000000000176220|100.00
26022026|531162|0000000000003464|0000000001643668|0000000000006278|0000000002988803|055.18
26022026|531163|0000000000000835|0000000000058450|0000000000001037|0000000000068040|080.52
26022026|531168|0000000000000481|0000000000093675|0000000000000502|0000000000101105|095.82
26022026|531169|0000000000002110|0000000000207624|0000000000003451|0000000000356396|061.14
26022026|531173|0000000000042425|0000000002119129|0000000000047093|0000000002338581|090.09
26022026|531176|0000000000030556|0000000000346200|0000000000031199|0000000000354060|097.94
26022026|531178|0000000000002883|0000000000038950|0000000000002982|0000000000040823|096.68
26022026|531179|0000000000000409|0000000000652192|0000000000000605|0000000000971305|067.60
26022026|531190|0000000000007017|0000000000663668|0000000000008027|0000000000742304|087.42
26022026|531199|0000000000007307|0000000001454093|0000000000007318|0000000001438380|099.85
26022026|531201|0000000000002038|0000000007907440|0000000000004401|0000000017077451|046.31
26022026|531203|0000000000000011|0000000000000913|0000000000000012|0000000000000962|091.67
26022026|531205|0000000003630238|0000000002144886|0000000003630238|0000000002144886|100.00
26022026|531209|0000000000000541|0000000000427363|0000000000000725|0000000000578538|074.62
26022026|531210|0000000000003406|0000000000153962|0000000000003406|0000000000153962|100.00
26022026|531212|0000000000006363|0000000000305552|0000000000006838|0000000000327413|093.05
26022026|531213|0000000002258255|0000000661894541|0000000002447889|0000000712545035|092.25
26022026|531215|0000000000003243|0000000000385593|0000000000003868|0000000000460245|083.84
26022026|531216|0000000000094474|0000000000684937|0000000000127847|0000000000935558|073.90
26022026|531223|0000000000004938|0000000000118759|0000000000008509|0000000000204288|058.03
26022026|531225|0000000000004643|0000000000154055|0000000000005145|0000000000168969|090.24
26022026|531228|0000000000000017|0000000000000174|0000000000000019|0000000000000191|089.47
26022026|531233|0000000000013916|0000000000188006|0000000000016553|0000000000221072|084.07
26022026|531234|0000000000003354|0000000000238839|0000000000004082|0000000000297837|082.17
26022026|531235|0000000000000115|0000000000004125|0000000000000115|0000000000004125|100.00
26022026|531237|0000000000002841|0000000000575313|0000000000002841|0000000000575313|100.00
26022026|531241|0000000000000114|0000000000012381|0000000000000114|0000000000012480|100.00
26022026|531246|0000000000000462|0000000000008224|0000000000000462|0000000000008014|100.00
26022026|531253|0000000000000603|0000000000196337|0000000000000673|0000000000217806|089.60
26022026|531254|0000000000214279|0000000003162759|0000000000591752|0000000008580782|036.21
26022026|531255|0000000000000329|0000000000016437|0000000000000336|0000000000017700|097.92
26022026|531257|0000000000042320|0000000000768532|0000000000045311|0000000000845805|093.40
26022026|531259|0000000000005155|0000000000128515|0000000000005155|0000000000128514|100.00
26022026|531260|0000000000000244|0000000000066100|0000000000000464|0000000000125736|052.59
26022026|531262|0000000000000007|0000000000000154|0000000000000007|0000000000000153|100.00
26022026|531266|0000000000000394|0000000002273893|0000000000000675|0000000003925921|058.37
26022026|531268|0000000000056474|0000000002163487|0000000000056474|0000000002163487|100.00
26022026|531273|0000000000111525|0000000000199630|0000000000123703|0000000000220299|090.16
26022026|531274|0000000000001000|0000000000047410|0000000000001000|0000000000047410|100.00
26022026|531278|0000000000000256|0000000000026304|0000000000000258|0000000000026740|099.22
26022026|531279|0000000000001592|0000000000227816|0000000000001945|0000000000280355|081.85
26022026|531280|0000000000006181|0000000000342291|0000000000006181|0000000000342291|100.00
26022026|531281|0000000000000093|0000000000009682|0000000000000093|0000000000009669|100.00
26022026|531283|0000000000000087|0000000000000868|0000000000000087|0000000000000867|100.00
26022026|531286|0000000000000501|0000000000013352|0000000000000501|0000000000013276|100.00
26022026|531287|0000000000001114|0000000000268753|0000000000001344|0000000000329435|082.89
26022026|531288|0000000000000004|0000000000000071|0000000000000004|0000000000000070|100.00
26022026|531289|0000000000001342|0000000000215660|0000000000001375|0000000000220954|097.60
26022026|531297|0000000000002795|0000000000170412|0000000000003758|0000000000229231|074.37
26022026|531300|0000000000028355|0000000000096965|0000000000028355|0000000000096965|100.00
26022026|531301|0000000000000007|0000000000001018|0000000000000008|0000000000001162|087.50
26022026|531304|0000000000000001|0000000000000026|0000000000000001|0000000000000025|100.00
26022026|531306|0000000000000232|0000000000115676|0000000000000257|0000000000127318|090.27
26022026|531307|0000000000034016|0000000000604805|0000000000039161|0000000000689817|086.86
26022026|531310|0000000000009624|0000000001374789|0000000000015271|0000000002188415|063.02
26022026|531314|0000000000000036|0000000000000497|0000000000000036|0000000000000496|100.00
26022026|531319|0000000000001293|0000000000055044|0000000000001509|0000000000064352|085.69
26022026|531322|0000000000005404|0000000000008755|0000000000005801|0000000000009308|093.16
26022026|531323|0000000000000300|0000000000003666|0000000000000300|0000000000003666|100.00
26022026|531324|0000000000000500|0000000000010380|0000000000000500|0000000000010380|100.00
26022026|531328|0000000005694847|0000000004783672|0000000011526603|0000000009508038|049.41
26022026|531334|0000000000002001|0000000000057089|0000000000002001|0000000000054508|100.00
26022026|531335|0000000000003798|0000000001461281|0000000000005738|0000000002219200|066.19
26022026|531338|0000000000000462|0000000000008594|0000000000000462|0000000000008625|100.00
26022026|531340|0000000000000116|0000000000006274|0000000000000117|0000000000006322|099.15
26022026|531341|0000000000000001|0000000000000021|0000000000000001|0000000000000021|100.00
26022026|531344|0000000000013503|0000000006748800|0000000000030763|0000000015367773|043.89
26022026|531346|0000000000000107|0000000000003293|0000000000000209|0000000000006252|051.20
26022026|531349|0000000000000898|0000000000301549|0000000000001375|0000000000465031|065.31
26022026|531357|0000000000156698|0000000005145963|0000000000273486|0000000009180573|057.30
26022026|531358|0000000000010278|0000000007678180|0000000000015536|0000000011627712|066.16
26022026|531359|0000000000003739|0000000001174981|0000000000004209|0000000001334651|088.83
26022026|531364|0000000000001611|0000000000309796|0000000000001782|0000000000350161|090.40
26022026|531370|0000000000008783|0000000000041720|0000000000013167|0000000000066652|066.70
26022026|531373|0000000000003340|0000000000147127|0000000000004741|0000000000208945|070.45
26022026|531380|0000000000000009|0000000000000761|0000000000000009|0000000000000760|100.00
26022026|531381|0000000000001037|0000000001037830|0000000000001118|0000000001119664|092.75
26022026|531390|0000000000000042|0000000000003108|0000000000000046|0000000000003408|091.30
26022026|531395|0000000000353397|0000000000865823|0000000000432479|0000000001054230|081.71
26022026|531396|0000000000016730|0000000000133171|0000000000016730|0000000000133059|100.00
26022026|531397|0000000000000037|0000000000000888|0000000000000037|0000000000000915|100.00
26022026|531398|0000000000000239|0000000000030007|0000000000000261|0000000000033763|091.57
26022026|531399|0000000000013879|0000000002458665|0000000000017396|0000000003073689|079.78
26022026|531400|0000000000009927|0000000000163498|0000000000009950|0000000000162162|099.77
26022026|531402|0000000000000380|0000000000005267|0000000000000621|0000000000008875|061.19
26022026|531411|0000000000123165|0000000000124129|0000000000123165|0000000000124129|100.00
26022026|531412|0000000000000035|0000000000006682|0000000000000035|0000000000006682|100.00
26022026|531416|0000000000000013|0000000000000452|0000000000000013|0000000000000453|100.00
26022026|531417|0000000000042202|0000000000100863|0000000000047154|0000000000109655|089.50
26022026|531426|0000000000002678|0000000000368627|0000000000003068|0000000000420752|087.29
26022026|531431|0000000000030821|0000000016242667|0000000000070033|0000000037324514|044.01
26022026|531432|0000000000000301|0000000000003962|0000000000000301|0000000000003958|100.00
26022026|531433|0000000000000105|0000000000000242|0000000000000105|0000000000000242|100.00
26022026|531436|0000000000002396|0000000000077295|0000000000003647|0000000000118314|065.70
26022026|531437|0000000000000045|0000000000001098|0000000000000060|0000000000001470|075.00
26022026|531439|0000000000005630|0000000000224637|0000000000005783|0000000000230535|097.35
26022026|531441|0000000000000065|0000000000001426|0000000000000065|0000000000001426|100.00
26022026|531449|0000000000006119|0000000000982100|0000000000026652|0000000004332306|022.96
26022026|531453|0000000000000075|0000000000001912|0000000000000075|0000000000001911|100.00
26022026|531454|0000000000019530|0000000000364626|0000000000020049|0000000000355957|097.41
26022026|531456|0000000000016019|0000000000024830|0000000000016019|0000000000023916|100.00
26022026|531458|0000000000005107|0000000000027474|0000000000005107|0000000000027474|100.00
26022026|531460|0000000000000001|0000000000000009|0000000000000001|0000000000000009|100.00
26022026|531465|0000000000006177|0000000000003027|0000000000006177|0000000000003026|100.00
26022026|531471|0000000000010522|0000000000192658|0000000000014704|0000000000268904|071.56
26022026|531472|0000000000010886|0000000000567922|0000000000010886|0000000000567922|100.00
26022026|531486|0000000000001161|0000000000002483|0000000000001161|0000000000002483|100.00
26022026|531489|0000000000001232|0000000000232910|0000000000001616|0000000000305878|076.24
26022026|531494|0000000000060637|0000000000079435|0000000000063517|0000000000083583|095.47
26022026|531495|0000000000000428|0000000000009862|0000000000000428|0000000000009437|100.00
26022026|531497|0000000000006075|0000000000028431|0000000000006081|0000000000028253|099.90
26022026|531499|0000000000001669|0000000000002837|0000000000001669|0000000000002837|100.00
26022026|531500|0000000000013198|0000000001998832|0000000000013198|0000000001998832|100.00
26022026|531502|0000000000009622|0000000000099492|0000000000009622|0000000000099491|100.00
26022026|531503|0000000000000112|0000000000003161|0000000000000207|0000000000005833|054.11
26022026|531505|0000000000000001|0000000000000027|0000000000000001|0000000000000027|100.00
26022026|531508|0000000000001495|0000000000485203|0000000000002314|0000000000754599|064.61
26022026|531512|0000000000009081|0000000000167817|0000000000028242|0000000000525174|032.15
26022026|531518|0000000000161977|0000000000044784|0000000000161977|0000000000044784|100.00
26022026|531525|0000000000021268|0000000004468407|0000000000039363|0000000008246518|054.03
26022026|531529|0000000000762912|0000000001464792|0000000000782653|0000000001451285|097.48
26022026|531531|0000000000000968|0000000000862343|0000000000001668|0000000001482431|058.03
26022026|531533|0000000000001055|0000000000050619|0000000000001055|0000000000050613|100.00
26022026|531537|0000000000005196|0000000001007036|0000000000005196|0000000001007036|100.00
26022026|531539|0000000000000670|0000000000023383|0000000000000695|0000000000023201|096.40
26022026|531540|0000000000007628|0000000000077043|0000000000011739|0000000000119317|064.98
26022026|531541|0000000000001056|0000000000002640|0000000000001056|0000000000002640|100.00
26022026|531543|0000000000008715|0000000000215697|0000000000009550|0000000000236778|091.26
26022026|531548|0000000000000108|0000000000043368|0000000000000149|0000000000059918|072.48
26022026|531550|0000000000001097|0000000000182102|0000000000001143|0000000000191132|095.98
26022026|531552|0000000000003377|0000000000052040|0000000000003561|0000000000052275|094.83
26022026|531553|0000000000000052|0000000000001045|0000000000000103|0000000000002089|050.49
26022026|531556|0000000000000769|0000000000027054|0000000000000810|0000000000027857|094.94
26022026|531557|0000000000002522|0000000000123695|0000000000002522|0000000000123695|100.00
26022026|531568|0000000000002986|0000000000022246|0000000000002986|0000000000022245|100.00
26022026|531569|0000000000002690|0000000000519439|0000000000003786|0000000000738724|071.05
26022026|531572|0000000000000500|0000000000053280|0000000000000500|0000000000053280|100.00
26022026|531578|0000000000003407|0000000000027325|0000000000003407|0000000000027324|100.00
26022026|531582|0000000000000001|0000000000000022|0000000000000001|0000000000000022|100.00
26022026|531583|0000000000000106|0000000000003344|0000000000000122|0000000000003752|086.89
26022026|531585|0000000000000129|0000000000001278|0000000000000129|0000000000001268|100.00
26022026|531591|0000000000002521|0000000000049790|0000000000002621|0000000000051876|096.18
26022026|531592|0000000000245831|0000000000319581|0000000000300770|0000000000396070|081.73
26022026|531594|0000000000000001|0000000000000013|0000000000000001|0000000000000012|100.00
26022026|531595|0000000000061493|0000000010352347|0000000000072744|0000000012219489|084.53
26022026|531599|0000000000002128|0000000000776508|0000000000002639|0000000000965401|080.64
26022026|531608|0000000000000465|0000000000026505|0000000000000930|0000000000052076|050.00
26022026|531624|0000000000011412|0000000000058316|0000000000013512|0000000000071717|084.46
26022026|531626|0000000000006790|0000000000029876|0000000000006790|0000000000029865|100.00
26022026|531628|0000000000009214|0000000000354877|0000000000009214|0000000000354877|100.00
26022026|531633|0000000000001887|0000000001203906|0000000000002259|0000000001434737|083.53
26022026|531635|0000000000000891|0000000000079731|0000000000000891|0000000000079731|100.00
26022026|531637|0000000000087445|0000000022272242|0000000000113112|0000000029112956|077.31
26022026|531638|0000000000000204|0000000000046920|0000000000000210|0000000000047753|097.14
26022026|531642|0000000000004393|0000000003539880|0000000000009327|0000000007496092|047.10
26022026|531644|0000000000000100|0000000000002112|0000000000000150|0000000000003164|066.67
26022026|531651|0000000000000842|0000000000038573|0000000000000851|0000000000038685|098.94
26022026|531652|0000000000013642|0000000001188901|0000000000014392|0000000001245569|094.79
26022026|531658|0000000000031140|0000000000385825|0000000000033640|0000000000409993|092.57
26022026|531661|0000000000000211|0000000000002511|0000000000000211|0000000000002510|100.00
26022026|531663|0000000000077827|0000000000412484|0000000000105056|0000000000563535|074.08
26022026|531667|0000000000000044|0000000000001163|0000000000000044|0000000000001161|100.00
26022026|531668|0000000000003175|0000000000008478|0000000000005675|0000000000015274|055.95
26022026|531672|0000000000000202|0000000000004804|0000000000000202|0000000000004455|100.00
26022026|531673|0000000000019861|0000000000549554|0000000000022219|0000000000579199|089.39
26022026|531676|0000000000009260|0000000002759855|0000000000009260|0000000002759855|100.00
26022026|531680|0000000000000309|0000000000007290|0000000000000309|0000000000007290|100.00
26022026|531681|0000000000040090|0000000000028063|0000000000045090|0000000000030891|088.91
26022026|531688|0000000000011044|0000000001419707|0000000000020685|0000000002571730|053.39
26022026|531692|0000000000000195|0000000000000576|0000000000000195|0000000000000575|100.00
26022026|531694|0000000000013226|0000000000571892|0000000000013226|0000000000571892|100.00
26022026|531716|0000000000005042|0000000000010728|0000000000005042|0000000000010728|100.00
26022026|531717|0000000000000387|0000000000119351|0000000000000609|0000000000185590|063.55
26022026|531719|0000000000000205|0000000000041851|0000000000000283|0000000000057955|072.44
26022026|531723|0000000000177609|0000000000088805|0000000000215273|0000000000106612|082.50
26022026|531726|0000000000000671|0000000000073341|0000000000000867|0000000000094022|077.39
26022026|531727|0000000000003810|0000000000222276|0000000000005793|0000000000338355|065.77
26022026|531737|0000000000205797|0000000000102899|0000000000258487|0000000000130369|079.62
26022026|531739|0000000000183957|0000000002038244|0000000000265644|0000000002991274|069.25
26022026|531743|0000000000000100|0000000000020495|0000000000000100|0000000000020495|100.00
26022026|531744|0000000000000060|0000000000003720|0000000000000060|0000000000003727|100.00
26022026|531746|0000000000000350|0000000000007847|0000000000000350|0000000000007882|100.00
26022026|531752|0000000000474037|0000000000322346|0000000000693035|0000000000468322|068.40
26022026|531758|0000000000002171|0000000000023252|0000000000004346|0000000000045679|049.95
26022026|531761|0000000000063091|0000000021851568|0000000000068118|0000000023204715|092.62
26022026|531762|0000000000006686|0000000000141409|0000000000007105|0000000000150826|094.10
26022026|531768|0000000000003181|0000000004007106|0000000000006706|0000000008536127|047.44
26022026|531769|0000000000101581|0000000000393182|0000000000101581|0000000000393182|100.00
26022026|531771|0000000000000203|0000000000034500|0000000000000333|0000000000056739|060.96
26022026|531778|0000000000003740|0000000000114824|0000000000003740|0000000000114824|100.00
26022026|531779|0000000000000249|0000000000003735|0000000000000289|0000000000004305|086.16
26022026|531780|0000000000065652|0000000000296748|0000000000089316|0000000000406165|073.51
26022026|531784|0000000000047021|0000000000061598|0000000000067346|0000000000087462|069.82
26022026|531794|0000000000001275|0000000000111498|0000000000001275|0000000000111498|100.00
26022026|531795|0000000000040602|0000000020428897|0000000000124357|0000000063783823|032.65
26022026|531797|0000000000000050|0000000000004991|0000000000000050|0000000000004990|100.00
26022026|531802|0000000000010910|0000000000272423|0000000000012334|0000000000315990|088.45
26022026|531810|0000000000001241|0000000000071532|0000000000001939|0000000000110061|064.00
26022026|531812|0000000000035443|0000000000023747|0000000000035443|0000000000023701|100.00
26022026|531814|0000000000000942|0000000000009185|0000000000000944|0000000000009194|099.79
26022026|531822|0000000000002767|0000000000495017|0000000000004736|0000000000872913|058.42
26022026|531834|0000000000011960|0000000000167229|0000000000011960|0000000000167229|100.00
26022026|531840|0000000000001350|0000000000047102|0000000000001350|0000000000047099|100.00
26022026|531841|0000000000001423|0000000000071506|0000000000002036|0000000000100953|069.89
26022026|531842|0000000000004041|0000000000194979|0000000000006286|0000000000305265|064.29
26022026|531845|0000000000018248|0000000000099817|0000000000021216|0000000000113394|086.01
26022026|531846|0000000000000001|0000000000000014|0000000000000001|0000000000000013|100.00
26022026|531847|0000000000000217|0000000000134106|0000000000000228|0000000000135180|095.18
26022026|531859|0000000000032095|0000000004212469|0000000000039581|0000000005217910|081.09
26022026|531861|0000000000000516|0000000000021621|0000000000000518|0000000000021655|099.61
26022026|531862|0000000000018923|0000000000492188|0000000000020954|0000000000538981|090.31
26022026|531867|0000000000000293|0000000000001090|0000000000000293|0000000000001090|100.00
26022026|531869|0000000000058895|0000000000227335|0000000000080870|0000000000312830|072.83
26022026|531870|0000000000000031|0000000000000472|0000000000000031|0000000000000471|100.00
26022026|531878|0000000000000864|0000000000009729|0000000000001294|0000000000014420|066.77
26022026|531888|0000000000009782|0000000000626244|0000000000014382|0000000000873680|068.02
26022026|531889|0000000000508883|0000000022976068|0000000000746612|0000000033683522|068.16
26022026|531893|0000000002630540|0000000001157438|0000000004618509|0000000002106860|056.96
26022026|531900|0000000000024561|0000000000639078|0000000000056229|0000000001561435|043.68
26022026|531902|0000000000000156|0000000000003888|0000000000000156|0000000000003888|100.00
26022026|531909|0000000000211749|0000000000755595|0000000000211749|0000000000755595|100.00
26022026|531910|0000000000000001|0000000000000243|0000000000000001|0000000000000243|100.00
26022026|531911|0000000000000330|0000000000014979|0000000000000330|0000000000015050|100.00
26022026|531913|0000000000011033|0000000000125772|0000000000011033|0000000000125772|100.00
26022026|531918|0000000000000009|0000000000000933|0000000000000015|0000000000001551|060.00
26022026|531921|0000000000000780|0000000000430521|0000000000000916|0000000000506839|085.15
26022026|531923|0000000000006037|0000000000711340|0000000000007238|0000000000845546|083.41
26022026|531925|0000000000033709|0000000000043148|0000000000033709|0000000000043147|100.00
26022026|531930|0000000000007902|0000000000244883|0000000000007985|0000000000238535|098.96
26022026|531931|0000000000000235|0000000000038658|0000000000000240|0000000000039671|097.92
26022026|531944|0000000000000281|0000000000005148|0000000000000281|0000000000005297|100.00
26022026|531950|0000000000009676|0000000000034931|0000000000011990|0000000000043257|080.70
26022026|531952|0000000000015569|0000000001139029|0000000000028976|0000000002105335|053.73
26022026|531959|0000000000051942|0000000000100249|0000000000065297|0000000000127864|079.55
26022026|531962|0000000000014495|0000000000642625|0000000000014495|0000000000642625|100.00
26022026|531968|0000000000000237|0000000000010902|0000000000000252|0000000000011531|094.05
26022026|531977|0000000000413700|0000000002928996|0000000000542232|0000000003821448|076.30
26022026|531978|0000000000000038|0000000000051834|0000000000000057|0000000000077913|066.67
26022026|531979|0000000000007116|0000000000684904|0000000000007116|0000000000684904|100.00
26022026|531982|0000000000010120|0000000000136013|0000000000010407|0000000000140794|097.24
26022026|531989|0000000000000048|0000000000001586|0000000000000048|0000000000001586|100.00
26022026|531991|0000000000053426|0000000000033125|0000000000057427|0000000000035400|093.03
26022026|531994|0000000000000333|0000000000052198|0000000000000333|0000000000052212|100.00
26022026|531996|0000000000024276|0000000000175759|0000000000040385|0000000000300993|060.11
26022026|531997|0000000000159913|0000000002405092|0000000000197753|0000000003022159|080.86
26022026|532001|0000000000000701|0000000000035072|0000000000000701|0000000000035071|100.00
26022026|532005|0000000000002679|0000000000111447|0000000000003496|0000000000153997|076.63
26022026|532007|0000000000000014|0000000000000368|0000000000000014|0000000000000367|100.00
26022026|532011|0000000000000524|0000000000027406|0000000000025882|0000000001368351|002.02
26022026|532015|0000000000037959|0000000000598233|0000000000037959|0000000000598233|100.00
26022026|532016|0000000000000112|0000000000032805|0000000000000112|0000000000032822|100.00
26022026|532019|0000000000000001|0000000000000004|0000000000000001|0000000000000004|100.00
26022026|532022|0000000012599767|0000000002771949|0000000022410823|0000000004904558|056.22
26022026|532029|0000000000004118|0000000000104062|0000000000005501|0000000000139278|074.86
26022026|532039|0000000000000932|0000000000042239|0000000000001089|0000000000050144|085.58
26022026|532041|0000000000004363|0000000000035039|0000000000004363|0000000000035039|100.00
26022026|532042|0000000000000007|0000000000000194|0000000000000007|0000000000000193|100.00
26022026|532051|0000000000000057|0000000000029928|0000000000000091|0000000000048078|062.64
26022026|532053|0000000000000093|0000000000007401|0000000000000105|0000000000008220|088.57
26022026|532054|0000000000000129|0000000000301435|0000000000000230|0000000000536506|056.09
26022026|532056|0000000000013257|0000000002010573|0000000000013257|0000000002010573|100.00
26022026|532057|0000000000000198|0000000000023741|0000000000000472|0000000000057539|041.95
26022026|532067|0000000000005009|0000000007307130|0000000000006630|0000000009864769|075.55
26022026|532070|0000000000044707|0000000009285644|0000000000085062|0000000017482341|052.56
26022026|532090|0000000000015855|0000000000312084|0000000000015855|0000000000312084|100.00
26022026|532092|0000000000257655|0000000000491497|0000000000257655|0000000000491497|100.00
26022026|532100|0000000000004775|0000000000053433|0000000000005695|0000000000060967|083.85
26022026|532102|0000000000001124|0000000000032349|0000000000001465|0000000000042471|076.72
26022026|532113|0000000000004434|0000000000052729|0000000000004434|0000000000052729|100.00
26022026|532123|0000000000121490|0000000000676700|0000000000157497|0000000000889385|077.14
26022026|532124|0000000000002782|0000000000059507|0000000000003975|0000000000082187|069.99
26022026|532131|0000000000002006|0000000000029810|0000000000002107|0000000000030280|095.21
26022026|532134|0000000000259525|0000000084215863|0000000000636388|0000000204633581|040.78
26022026|532140|0000000000041846|0000000000114240|0000000000046815|0000000000128666|089.39
26022026|532141|0000000000000030|0000000000001662|0000000000000048|0000000000002666|062.50
26022026|532143|0000000000023046|0000000003900536|0000000000030751|0000000005195466|074.94
26022026|532144|0000000000015732|0000000012968675|0000000000035715|0000000029348806|044.05
26022026|532145|0000000000000085|0000000000001017|0000000000000092|0000000000001079|092.39
26022026|532149|0000000000164067|0000000029056266|0000000000309526|0000000054548326|053.01
26022026|532150|0000000000003329|0000000001341920|0000000000006290|0000000002547703|052.93
26022026|532154|0000000000316105|0000000000161214|0000000000582884|0000000000300427|054.23
26022026|532155|0000000002015842|0000000342592348|0000000002168145|0000000369517585|092.98
26022026|532156|0000000000003896|0000000000895301|0000000000009045|0000000002081417|043.07
26022026|532159|0000000000005232|0000000000044682|0000000000005865|0000000000049681|089.21
26022026|500002|0000000000003655|0000000022382672|0000000000007644|0000000047040222|047.82
26022026|500003|0000000000325206|0000000227286474|0000000000341490|0000000242367626|095.23
26022026|500008|0000000000017888|0000000015282613|0000000000030981|0000000026472199|057.74
26022026|500009|0000000000046789|0000000001231487|0000000000060961|0000000001625921|076.75
26022026|500012|0000000000035507|0000000001431643|0000000000044512|0000000001798830|079.77
26022026|500013|0000000000004805|0000000000018791|0000000000004805|0000000000018791|100.00
26022026|500014|0000000000009191|0000000000039798|0000000000012912|0000000000056301|071.18
26022026|500016|0000000000012103|0000000000097914|0000000000012736|0000000000102612|095.03
26022026|500020|0000000000009510|0000000001090322|0000000000016577|0000000001896814|057.37
26022026|500023|0000000000003062|0000000000894411|0000000000003436|0000000001001245|089.12
26022026|500027|0000000000000090|0000000000588249|0000000000000211|0000000001381770|042.65
26022026|500028|0000000000020194|0000000000676701|0000000000021745|0000000000729349|092.87
26022026|500031|0000000000000597|0000000000222741|0000000000001107|0000000000410076|053.93
26022026|500032|0000000000266925|0000000004153353|0000000000467850|0000000007160178|057.05
26022026|500033|0000000000001156|0000000029399219|0000000000002411|0000000061576923|047.95
26022026|500034|0000000000036472|0000000036937018|0000000000083022|0000000084541774|043.93
26022026|500038|0000000000006666|0000000003075693|0000000000015412|0000000007133544|043.25
26022026|500039|0000000000002295|0000000001449408|0000000000006351|0000000004006528|036.14
26022026|500040|0000000000003087|0000000003990874|0000000000007050|0000000009096209|043.79
26022026|500041|0000000000000001|0000000000003608|0000000000000001|0000000000003608|100.00
26022026|500042|0000000000001087|0000000003829067|0000000000001507|0000000005334788|072.13
26022026|500043|0000000000008306|0000000006606593|0000000000013400|0000000010745418|061.98
26022026|500048|0000000000007540|0000000012882467|0000000000014357|0000000024549306|052.52
26022026|500049|0000000000673796|0000000302534404|0000000001082282|0000000482007809|062.26
26022026|500051|0000000000003667|0000000000002990|0000000000003667|0000000000002990|100.00
26022026|500052|0000000000012956|0000000001048659|0000000000017909|0000000001455731|072.34
26022026|500058|0000000000091516|0000000001099952|0000000000091516|0000000001099952|100.00
26022026|500059|0000000000006036|0000000000040945|0000000000006036|0000000000040945|100.00
26022026|500060|0000000000000567|0000000000077963|0000000000000646|0000000000090200|087.77
26022026|500067|0000000000152295|0000000299366282|0000000000157177|0000000307732275|096.89
26022026|500068|0000000000000110|0000000001336720|0000000000000207|0000000002519238|053.14
26022026|500069|0000000000000359|0000000000095207|0000000000000549|0000000000145763|065.39
26022026|500074|0000000000007258|0000000000405795|0000000000009503|0000000000532917|076.38
26022026|500078|0000000000003408|0000000000947084|0000000000009532|0000000002638395|035.75
26022026|500083|0000000000002857|0000000000057112|0000000000002889|0000000000057959|098.89
26022026|500084|0000000000072287|0000000011533391|0000000000140454|0000000022544665|051.47
26022026|500085|0000000000016631|0000000007630303|0000000000028949|0000000013281369|057.45
26022026|500086|0000000000051099|0000000017350666|0000000000100144|0000000033793715|051.03
26022026|500087|0000000000076550|0000000103939590|0000000000091567|0000000123815486|083.60
26022026|500089|0000000000000167|0000000000089345|0000000000000169|0000000000093241|098.82
26022026|500092|0000000000000356|0000000001596180|0000000000000584|0000000002622690|060.96
26022026|500093|0000000000054890|0000000039869352|0000000000126971|0000000092112647|043.23
26022026|500096|0000000000021376|0000000011206368|0000000000034516|0000000018007908|061.93
26022026|500097|0000000000002525|0000000000754723|0000000000003622|0000000001054481|069.71
26022026|500101|0000000000009680|0000000003410264|0000000000021317|0000000007512763|045.41
26022026|500103|0000000000085456|0000000022633022|0000000000206488|0000000054327970|041.39
26022026|500104|0000000000074002|0000000032853188|0000000000124112|0000000054632714|059.63
26022026|500106|0000000000756447|0000000045545674|0000000002630007|0000000158488108|028.76
26022026|500108|0000000000042151|0000000001272118|0000000000080740|0000000002421658|052.21
26022026|500109|0000000000141128|0000000027823386|0000000000325896|0000000064327704|043.30
26022026|500110|0000000000009229|0000000008455149|0000000000028056|0000000025674477|032.89
26022026|500112|0000000000664448|0000000803450522|0000000001256867|0000001506932480|052.87
26022026|500113|0000000001141060|0000000188845430|0000000001625629|0000000266380268|070.19
26022026|500114|0000000000013748|0000000059683505|0000000000025181|0000000109185243|054.60
26022026|500116|0000000000270995|0000000030787742|0000000000712806|0000000081374305|038.02
26022026|500117|0000000000014958|0000000000725015|0000000000033398|0000000001613421|044.79
26022026|500119|0000000000016220|0000000001946400|0000000000041024|0000000004900247|039.54
26022026|500120|0000000000000209|0000000000049951|0000000000000246|0000000000059463|084.96
26022026|500123|0000000000000444|0000000004070126|0000000000000930|0000000008527160|047.74
26022026|500124|0000000000025625|0000000033796813|0000000000040833|0000000053773498|062.76
26022026|500125|0000000000189152|0000000165820101|0000000000193142|0000000168031067|097.93
26022026|500126|0000000000000195|0000000001000146|0000000000000307|0000000001581508|063.52
26022026|500128|0000000000024386|0000000001702387|0000000000052627|0000000003676435|046.34
26022026|500133|0000000000000080|0000000000447700|0000000000000091|0000000000507409|087.91
26022026|500135|0000000000007502|0000000001633561|0000000000010529|0000000002288965|071.25
26022026|500136|0000000000012331|0000000001279588|0000000000016302|0000000001723228|075.64
26022026|500142|0000000000005178|0000000000050952|0000000000005431|0000000000051191|095.34
26022026|500143|0000000000001030|0000000000604901|0000000000001030|0000000000604901|100.00
26022026|500144|0000000000034211|0000000029825150|0000000000062401|0000000053591276|054.82
26022026|500147|0000000000006425|0000000032137850|0000000000016691|0000000084338239|038.49
26022026|500148|0000000000002358|0000000001114273|0000000000002385|0000000001127533|098.87
26022026|500150|0000000000000125|0000000000590638|0000000000000179|0000000000848954|069.83
26022026|500151|0000000000004949|0000000000141632|0000000000004949|0000000000141632|100.00
26022026|500153|0000000000011049|0000000000928890|0000000000013469|0000000001124335|082.03
26022026|500159|0000000000004826|0000000000566573|0000000000004925|0000000000581901|097.99
26022026|500160|0000000000003498|0000000000024731|0000000000004025|0000000000028623|086.91
26022026|500163|0000000000020857|0000000043569231|0000000000049712|0000000104325986|041.96
26022026|500164|0000000000003019|0000000003093570|0000000000007255|0000000007471016|041.61
26022026|500165|0000000000008926|0000000001788771|0000000000018495|0000000003722791|048.26
26022026|500166|0000000000002593|0000000000403082|0000000000003068|0000000000479084|084.52
26022026|500168|0000000000004149|0000000003350111|0000000000006057|0000000004876012|068.50
26022026|500170|0000000000000015|0000000000000336|0000000000000015|0000000000000335|100.00
26022026|500171|0000000000003722|0000000001836249|0000000000005621|0000000002754202|066.22
26022026|500173|0000000000021044|0000000000962763|0000000000022213|0000000001023356|094.74
26022026|500179|0000000000012356|0000000000159516|0000000000015427|0000000000199813|080.09
26022026|500180|0000000000848795|0000000762939386|0000000001467353|0000001322633105|057.85
26022026|500182|0000000000012577|0000000072779326|0000000000031621|0000000182155241|039.77
26022026|500183|0000000000131265|0000000009122918|0000000000382725|0000000026670423|034.30
26022026|500184|0000000000015096|0000000007292123|0000000000037403|0000000018001815|040.36
26022026|500185|0000000000328107|0000000005843586|0000000000673707|0000000012023662|048.70
26022026|500186|0000000000012034|0000000001583073|0000000000014424|0000000001899156|083.43
26022026|500187|0000000000002317|0000000001286283|0000000000004002|0000000002217781|057.90
26022026|500188|0000000000115709|0000000070536207|0000000000217592|0000000133887740|053.18
26022026|500189|0000000000000454|0000000000052560|0000000000000510|0000000000056994|089.02
26022026|500191|0000000000047303|0000000002752893|0000000000047303|0000000002752893|100.00
26022026|500192|0000000000011226|0000000000019421|0000000000011852|0000000000020614|094.72
26022026|500193|0000000000039218|0000000000314137|0000000000053457|0000000000431887|073.36
26022026|500199|0000000000000221|0000000000079317|0000000000000282|0000000000102231|078.37
26022026|500201|0000000000000816|0000000000753821|0000000000001383|0000000001277077|059.00
26022026|500202|0000000000001743|0000000000013073|0000000000001743|0000000000013637|100.00
26022026|500206|0000000000000100|0000000000006111|0000000000000191|0000000000011708|052.36
26022026|500207|0000000000002464|0000000000088261|0000000000005671|0000000000205012|043.45
26022026|500209|0000000000228643|0000000294800853|0000000000569573|0000000740066157|040.14
26022026|500210|0000000000001114|0000000004532142|0000000000001868|0000000007563407|059.64
26022026|500213|0000000000002334|0000000000794961|0000000000002502|0000000000863681|093.29
26022026|500214|0000000000002618|0000000000968791|0000000000005302|0000000001980016|049.38
26022026|500215|0000000000000172|0000000000112936|0000000000000173|0000000000113248|099.42
26022026|500219|0000000000074770|0000000002679757|0000000000125872|0000000004515454|059.40
26022026|500220|0000000000002848|0000000000469493|0000000000003237|0000000000533817|087.98
26022026|500227|0000000000039063|0000000023258111|0000000000095587|0000000060511636|040.87
26022026|500228|0000000000007171|0000000009183183|0000000000017094|0000000021821746|041.95
26022026|500233|0000000000028026|0000000026932986|0000000000030436|0000000029392560|092.08
26022026|500234|0000000000001203|0000000000136541|0000000000001206|0000000000137080|099.75
26022026|500235|0000000000000387|0000000000291083|0000000000000526|0000000000395572|073.57
26022026|500238|0000000000013670|0000000012346744|0000000000021946|0000000019908769|062.29
26022026|500239|0000000000000217|0000000000003607|0000000000000322|0000000000005418|067.39
26022026|500240|0000000000009627|0000000002307111|0000000000015603|0000000003755149|061.70
26022026|500241|0000000000001246|0000000001986498|0000000000002604|0000000004157966|047.85
26022026|500243|0000000000000424|0000000001202570|0000000000000449|0000000001275912|094.43
26022026|500245|0000000000021743|0000000008849401|0000000000032421|0000000013371123|067.06
26022026|500246|0000000000000217|0000000000013016|0000000000000217|0000000000013017|100.00
26022026|500247|0000000000079683|0000000033829418|0000000000154346|0000000065508066|051.63
26022026|500249|0000000000408011|0000000319595017|0000000001116392|0000000879505007|036.55
26022026|500250|0000000000000305|0000000000589642|0000000000000723|0000000001387505|042.19
26022026|500251|0000000000111670|0000000430794943|0000000000147809|0000000574257523|075.55
26022026|500252|0000000000000033|0000000000511179|0000000000000041|0000000000635921|080.49
26022026|500253|0000000000017562|0000000009573047|0000000000029734|0000000016222364|059.06
26022026|500257|0000000000021314|0000000049516685|0000000000040819|0000000094524998|052.22
26022026|500259|0000000000000654|0000000000042125|0000000000000841|0000000000053869|077.76
26022026|500260|0000000000002307|0000000002629980|0000000000003948|0000000004481870|058.43
26022026|500264|0000000000032805|0000000004130150|0000000000045413|0000000005745234|072.24
26022026|500265|0000000000010587|0000000006027180|0000000000024035|0000000013582608|044.05
26022026|500266|0000000000000123|0000000001668686|0000000000000234|0000000003177798|052.56
26022026|500267|0000000000006435|0000000001945623|0000000000008559|0000000002588700|075.18
26022026|500268|0000000000014507|0000000000812973|0000000000017733|0000000000992597|081.81
26022026|500270|0000000000000645|0000000000072918|0000000000000676|0000000000074623|095.41
26022026|500271|0000000000001720|0000000003191460|0000000000002957|0000000005466896|058.17
26022026|500277|0000000000001530|0000000000010098|0000000000001530|0000000000010253|100.00
26022026|500279|0000000000019207|0000000000540101|0000000000032095|0000000000916784|059.84
26022026|500280|0000000000000478|0000000000208456|0000000000000610|0000000000266643|078.36
26022026|500284|0000000000002071|0000000000264674|0000000000002906|0000000000365240|071.27
26022026|500285|0000000033411521|0000000531243184|0000000103057121|0000001616065214|032.42
26022026|500288|0000000000190502|0000000008515440|0000000000483516|0000000021539078|039.40
26022026|500290|0000000000000239|0000000034313350|0000000000000444|0000000064308119|053.83
26022026|500292|0000000000002572|0000000000418979|0000000000002765|0000000000451356|093.02
26022026|500294|0000000000055073|0000000008448199|0000000000117468|0000000017987248|046.88
26022026|500295|0000000000212683|0000000156821811|0000000000523526|0000000383410626|040.63
26022026|500296|0000000000000662|0000000000133526|0000000000000993|0000000000200585|066.67
26022026|500298|0000000000001634|0000000001030483|0000000000001777|0000000001122280|091.95
26022026|500300|0000000000004572|0000000013084379|0000000000008965|0000000025680747|051.00
26022026|500304|0000000000008351|0000000000601774|0000000000015700|0000000001129727|053.19
26022026|500306|0000000000011402|0000000001627636|0000000000032753|0000000004695386|034.81
26022026|500307|0000000000004306|0000000002149556|0000000000006434|0000000003211829|066.93
26022026|500312|0000000000252550|0000000070751883|0000000000457612|0000000127343759|055.19
26022026|500313|0000000000001470|0000000000070575|0000000000001626|0000000000078812|090.41
26022026|500314|0000000000002833|0000000000288825|0000000000003922|0000000000392844|072.23
26022026|500317|0000000000000311|0000000000014714|0000000000000322|0000000000015335|096.58
26022026|500319|0000000000002968|0000000000213400|0000000000003318|0000000000237097|089.45
26022026|500322|0000000000000003|0000000000000404|0000000000000003|0000000000000380|100.00
26022026|500325|0000000002243800|0000003153548710|0000000003146620|0000004416731277|071.31
26022026|500327|0000000000000771|0000000000006539|0000000000001738|0000000000014790|044.36
26022026|500330|0000000000014986|0000000006070829|0000000000024676|0000000010079540|060.73
26022026|500331|0000000000018061|0000000027396731|0000000000027062|0000000040814677|066.74
26022026|500333|0000000000000178|0000000000258501|0000000000000277|0000000000402063|064.26
26022026|500335|0000000000001486|0000000001473592|0000000000001950|0000000001930298|076.21
26022026|500336|0000000000003911|0000000000875282|0000000000007153|0000000001598786|054.68
26022026|500337|0000000000000574|0000000000160405|0000000000000686|0000000000188072|083.67
26022026|500338|0000000000001333|0000000000168225|0000000000002200|0000000000276664|060.59
26022026|500339|0000000000018735|0000000002893621|0000000000038051|0000000005891866|049.24
26022026|500342|0000000000000607|0000000000010805|0000000000000616|0000000000010765|098.54
26022026|500343|0000000000001053|0000000000043205|0000000000001083|0000000000043869|097.23
26022026|500346|0000000000000994|0000000000056987|0000000000001003|0000000000057888|099.10
26022026|500350|0000000000000363|0000000000054305|0000000000000374|0000000000055855|097.06
26022026|500354|0000000000003337|0000000000088765|0000000000004423|0000000000115134|075.45
26022026|500355|0000000000002690|0000000000740423|0000000000004619|0000000001274199|058.24
26022026|500356|0000000000012422|0000000000480608|0000000000015285|0000000000565606|081.27
26022026|500357|0000000000002150|0000000000025956|0000000000002150|0000000000025956|100.00
26022026|500360|0000000000012708|0000000001908898|0000000000012708|0000000001908898|100.00
26022026|500365|0000000000077493|0000000002837794|0000000000102804|0000000003808878|075.38
26022026|500367|0000000000001481|0000000000096577|0000000000001613|0000000000105468|091.82
26022026|500368|0000000000035485|0000000018329777|0000000000073537|0000000037794312|048.25
26022026|500370|0000000000000774|0000000000024335|0000000000000863|0000000000027018|089.69
26022026|500371|0000000000000098|0000000000001378|0000000000000098|0000000000001378|100.00
26022026|500378|0000000000103223|0000000019400763|0000000000218940|0000000041079738|047.15
26022026|500380|0000000000000887|0000000000645914|0000000000002301|0000000001679673|038.55
26022026|500387|0000000000000315|0000000008421258|0000000000000438|0000000011713393|071.92
26022026|500388|0000000000000348|0000000000038843|0000000000000348|0000000000038843|100.00
26022026|500389|0000000000475038|0000000010237068|0000000000475038|0000000010237068|100.00
26022026|500390|0000000000133309|0000000012566490|0000000000133309|0000000012566490|100.00
26022026|500400|0000000000226031|0000000085903082|0000000000302743|0000000115190940|074.66
26022026|500402|0000000000001767|0000000000303571|0000000000006027|0000000001035924|029.32
26022026|500403|0000000000000583|0000000000530006|0000000000000873|0000000000793758|066.78
26022026|500404|0000000000002840|0000000000704462|0000000000004711|0000000001182670|060.28
26022026|500405|0000000000001183|0000000000768122|0000000000001652|0000000001074597|071.61
26022026|500407|0000000000000485|0000000001759265|0000000000000879|0000000003172407|055.18
26022026|500408|0000000000011547|0000000052035979|0000000000031741|0000000145402548|036.38
26022026|500410|0000000000007508|0000000012111906|0000000000008944|0000000014458716|083.94
26022026|500411|0000000000002159|0000000006859036|0000000000005319|0000000016924169|040.59
26022026|500412|0000000000001356|0000000000264353|0000000000002823|0000000000553274|048.03
26022026|500413|0000000000011616|0000000001218519|0000000000025472|0000000002666246|045.60
26022026|500414|0000000000313947|0000000090432434|0000000000433700|0000000125500631|072.39
26022026|500418|0000000000000211|0000000000017640|0000000000000223|0000000000018542|094.62
26022026|500420|0000000000017823|0000000078424765|0000000000020967|0000000093113305|085.00
26022026|500421|0000000000000190|0000000000003420|0000000000000230|0000000000004147|082.61
26022026|500422|0000000000004438|0000000000801624|0000000000004438|0000000000801624|100.00
26022026|500425|0000000000009559|0000000004896120|0000000000023103|0000000011838680|041.38
26022026|500426|0000000000044830|0000000000077108|0000000000047161|0000000000081682|095.06
26022026|500429|0000000000003065|0000000000323664|0000000000003107|0000000000332141|098.65
26022026|500439|0000000000000017|0000000000056406|0000000000000019|0000000000062929|089.47
26022026|500440|0000000000033037|0000000031087817|0000000000065578|0000000061444416|050.38
26022026|500444|0000000000003721|0000000001560588|0000000000004349|0000000001833140|085.56
26022026|500449|0000000000016519|0000000000502013|0000000000020005|0000000000611002|082.57
26022026|500450|0000000000000001|0000000000000357|0000000000000001|0000000000000357|100.00
26022026|500456|0000000000011129|0000000000592620|0000000000015711|0000000000846192|070.84
26022026|500458|0000000000000460|0000000000013000|0000000000000488|0000000000014074|094.26
26022026|500459|0000000000000081|0000000000928524|0000000000000133|0000000001522914|060.90
26022026|500460|0000000000003132|0000000000418592|0000000000005139|0000000000692252|060.95
26022026|500463|0000000000014299|0000000007788666|0000000000033045|0000000018143144|043.27
26022026|500464|0000000000000460|0000000000049933|0000000000000602|0000000000065787|076.41
26022026|500467|0000000000000802|0000000000157834|0000000000000893|0000000000175005|089.81
26022026|500469|0000000000061491|0000000018419630|0000000000112807|0000000033776117|054.51
26022026|500470|0000000003646609|0000000785844240|0000000004392921|0000000942175152|083.01
26022026|500472|0000000000000840|0000000001507674|0000000000001494|0000000002685931|056.22
26022026|500477|0000000000262075|0000000055533693|0000000000417723|0000000088370127|062.74
26022026|500480|0000000000002551|0000000012658828|0000000000006096|0000000030178672|041.85
26022026|500483|0000000000005171|0000000008592910|0000000000013507|0000000022253073|038.28
26022026|500488|0000000000000238|0000000006267897|0000000000000355|0000000009361793|067.04
26022026|500490|0000000000001725|0000000018899790|0000000000002775|0000000030564916|062.16
26022026|500493|0000000000020290|0000000038798538|0000000000043644|0000000082875702|046.49
26022026|500495|0000000000000929|0000000003340638|0000000000001974|0000000007114077|047.06
26022026|500500|0000000000093797|0000000001536395|0000000000131813|0000000002157174|071.16
26022026|500510|0000000000080019|0000000342953433|0000000000142044|0000000610943544|056.33
26022026|500520|0000000000043634|0000000152023038|0000000000084467|0000000294114861|051.66
26022026|500530|0000000000000473|0000000017374591|0000000000000952|0000000034837468|049.68
26022026|500540|0000000000000321|0000000000000956|0000000000000321|0000000000000956|100.00
26022026|500547|0000000000067697|0000000026124273|0000000000143659|0000000054978734|047.12
26022026|500550|0000000000003885|0000000012949094|0000000000008693|0000000029087084|044.69
26022026|500570|0000000000796003|0000000311754575|0000000001352070|0000000526332922|058.87
26022026|500575|0000000000006412|0000000009911991|0000000000016703|0000000025789224|038.39
26022026|500620|0000000000009939|0000000013367459|0000000000017170|0000000023080344|057.89
26022026|500645|0000000000001959|0000000001937451|0000000000004773|0000000004729924|041.04
26022026|500650|0000000000000630|0000000000616424|0000000000000693|0000000000671861|090.91
26022026|500655|0000000000000378|0000000001548704|0000000000000761|0000000003117331|049.67
26022026|500660|0000000000000657|0000000001724527|0000000000001318|0000000003462816|049.85
26022026|500670|0000000000002013|0000000000920545|0000000000004581|0000000002096974|043.94
26022026|500672|0000000000034759|0000000032129482|0000000000038419|0000000035655446|090.47
26022026|500674|0000000000002731|0000000010964010|0000000000005196|0000000020778571|052.56
26022026|500680|0000000000000353|0000000001797847|0000000000000538|0000000002750466|065.61
26022026|500690|0000000000007477|0000000001280811|0000000000011611|0000000001991091|064.40
26022026|500696|0000000000039207|0000000093455766|0000000000070201|0000000166562832|055.85
26022026|500710|0000000000000488|0000000001478421|0000000000000899|0000000002695288|054.28
26022026|500730|0000000000005953|0000000000886402|0000000000010646|0000000001573190|055.92
26022026|500770|0000000000005956|0000000004265688|0000000000015112|0000000010864774|039.41
26022026|500777|0000000000010503|0000000000997260|0000000000013367|0000000001270069|078.57
26022026|500780|0000000000000772|0000000000192267|0000000000001132|0000000000282299|068.20
26022026|500790|0000000000006784|0000000008941991|0000000000012568|0000000016575327|053.98
26022026|500800|0000000000006177|0000000007161305|0000000000010312|0000000012009058|059.90
26022026|500820|0000000000005451|0000000013055145|0000000000027587|0000000066110246|019.76
26022026|500825|0000000000004858|0000000029815247|0000000000006165|0000000037734863|078.80
26022026|500830|0000000000011516|0000000026433251|0000000000018081|0000000041236994|063.69
26022026|500840|0000000000006021|0000000001932139|0000000000010518|0000000003345500|057.24
26022026|500850|0000000000010705|0000000007291176|0000000000021574|0000000014625414|049.62
26022026|500870|0000000000066376|0000000012452138|0000000000105174|0000000019708583|063.11
26022026|500875|0000000000220798|0000000070257924|0000000000379613|0000000121130311|058.16
26022026|500877|0000000000056663|0000000026127310|0000000000089992|0000000041406540|062.96
26022026|500878|0000000000001242|0000000004598630|0000000000002607|0000000009654995|047.64
26022026|500940|0000000000007984|0000000001477440|0000000000013793|0000000002548732|057.88
26022026|501148|0000000000000002|0000000000000780|0000000000000002|0000000000000780|100.00
26022026|501150|0000000000012810|0000000000308721|0000000000014268|0000000000358691|089.78
26022026|501242|0000000000008089|0000000000132058|0000000000008089|0000000000132058|100.00
26022026|501295|0000000000000453|0000000000060317|0000000000000532|0000000000070628|085.15
26022026|501298|0000000000000300|0000000001586505|0000000000000323|0000000001699598|092.88
26022026|501301|0000000000021629|0000000014165914|0000000000045899|0000000030179574|047.12
26022026|501311|0000000000001000|0000000000015040|0000000000001000|0000000000015040|100.00
26022026|501314|0000000000090978|0000000000057317|0000000000128310|0000000000081704|070.90
26022026|501343|0000000000000156|0000000000003314|0000000000000225|0000000000004733|069.33
26022026|501351|0000000000000120|0000000000008568|0000000000000120|0000000000008161|100.00
26022026|501370|0000000000000430|0000000000047752|0000000000000604|0000000000067196|071.19
26022026|501391|0000000000000085|0000000000046134|0000000000000091|0000000000049289|093.41
26022026|501421|0000000000000087|0000000000539400|0000000000000088|0000000000547940|098.86
26022026|501423|0000000000006912|0000000013756608|0000000000019475|0000000039016091|035.49
26022026|501425|0000000000000711|0000000001227720|0000000000001140|0000000001980458|062.37
26022026|501430|0000000000000104|0000000000183789|0000000000000113|0000000000194951|092.04
26022026|501455|0000000000024802|0000000003907556|0000000000037957|0000000005921866|065.34
26022026|501477|0000000000000005|0000000000001130|0000000000000005|0000000000001129|100.00
26022026|501622|0000000000000052|0000000000002763|0000000000000052|0000000000002765|100.00
26022026|501700|0000000000006820|0000000000056470|0000000000006823|0000000000056277|099.96
26022026|501831|0000000000002452|0000000000113957|0000000000002452|0000000000113957|100.00
26022026|501833|0000000000004051|0000000000081223|0000000000004360|0000000000088378|092.91
26022026|501848|0000000000133512|0000000006837150|0000000000149216|0000000007753931|089.48
26022026|501945|0000000000010948|0000000000072945|0000000000010948|0000000000072945|100.00
26022026|502015|0000000000019473|0000000000521682|0000000000020522|0000000000551802|094.89
26022026|502090|0000000000001477|0000000000286169|0000000000002210|0000000000429615|066.83
26022026|502137|0000000000001667|0000000001254668|0000000000002867|0000000002178752|058.14
26022026|502157|0000000000005222|0000000004764031|0000000000009124|0000000008448446|057.23
26022026|502168|0000000000000036|0000000000006630|0000000000000041|0000000000007589|087.80
26022026|502175|0000000000002145|0000000000146547|0000000000003102|0000000000212631|069.15
26022026|502180|0000000000001588|0000000000112320|0000000000002062|0000000000146249|077.01
26022026|502219|0000000000002090|0000000000972059|0000000000006155|0000000002903295|033.96
26022026|502250|0000000000000083|0000000000043757|0000000000000083|0000000000043757|100.00
26022026|502281|0000000000007108|0000000000056083|0000000000009416|0000000000072974|075.49
26022026|502294|0000000000000201|0000000000006644|0000000000000201|0000000000006643|100.00
26022026|502330|0000000000001534|0000000000105846|0000000000002720|0000000000189914|056.40
26022026|502355|0000000000640717|0000001577188968|0000000000649631|0000001601256148|098.63
26022026|502420|0000000000019315|0000000000364088|0000000000023824|0000000000447233|081.07
26022026|502445|0000000000000066|0000000000002574|0000000000000066|0000000000002574|100.00
26022026|502448|0000000000007850|0000000000010597|0000000000007850|0000000000010597|100.00
26022026|502450|0000000000001169|0000000000318085|0000000000001246|0000000000347298|093.82
26022026|502587|0000000000002543|0000000000139764|0000000000002903|0000000000161765|087.60
26022026|502589|0000000000000153|0000000000016065|0000000000000153|0000000000015600|100.00
26022026|502820|0000000000000101|0000000000007881|0000000000000110|0000000000008814|091.82
26022026|502865|0000000000001621|0000000000530149|0000000000002638|0000000000869450|061.45
26022026|502873|0000000000000330|0000000000037241|0000000000000330|0000000000037082|100.00
26022026|502893|0000000000000045|0000000000003128|0000000000000059|0000000000004047|076.27
26022026|502901|0000000000000806|0000000000063618|0000000000000810|0000000000064335|099.51
26022026|502937|0000000000046914|0000000000415597|0000000000046914|0000000000415597|100.00
26022026|502958|0000000000000007|0000000000053480|0000000000000007|0000000000053396|100.00
26022026|502986|0000000000029088|0000000015975130|0000000000050422|0000000027181196|057.69
26022026|503031|0000000000010627|0000000000186823|0000000000016554|0000000000291203|064.20
26022026|503092|0000000000000100|0000000000003254|0000000000000100|0000000000003254|100.00
26022026|503100|0000000000003108|0000000005333328|0000000000005863|0000000009980473|053.01
26022026|503101|0000000000001098|0000000000472031|0000000000002076|0000000000879141|052.89
26022026|503127|0000000000000001|0000000000004590|0000000000000001|0000000000004590|100.00
26022026|503162|0000000000000088|0000000000010670|0000000000000090|0000000000010964|097.78
26022026|503169|0000000000000144|0000000000027238|0000000000000302|0000000000057361|047.68
26022026|503229|0000000000000954|0000000000118106|0000000000000959|0000000000124286|099.48
26022026|503310|0000000000033069|0000000012369460|0000000000072304|0000000026802622|045.74
26022026|503349|0000000000000028|0000000000176680|0000000000000034|0000000000214296|082.35
26022026|503624|0000000000003748|0000000000026799|0000000000004281|0000000000031087|087.55
26022026|503635|0000000000000001|0000000000000283|0000000000000001|0000000000000283|100.00
26022026|503641|0000000000095042|0000000000148266|0000000000111109|0000000000173265|085.54
26022026|503657|0000000000004896|0000000000059634|0000000000005356|0000000000065441|091.41
26022026|503663|0000000001092787|0000000001005365|0000000001325140|0000000001229966|082.47
26022026|503675|0000000000004992|0000000000005691|0000000000004992|0000000000005686|100.00
26022026|503681|0000000000000011|0000000001198113|0000000000000014|0000000001524582|078.57
26022026|503685|0000000000000192|0000000000003762|0000000000000192|0000000000003762|100.00
26022026|503722|0000000000000528|0000000000059216|0000000000000528|0000000000059615|100.00
26022026|503772|0000000000000011|0000000000000748|0000000000000021|0000000000001395|052.38
26022026|503776|0000000000000147|0000000000005194|0000000000000150|0000000000005054|098.00
26022026|503804|0000000000000209|0000000000049324|0000000000000248|0000000000059595|084.27
26022026|503806|0000000000002670|0000000006988058|0000000000004427|0000000011569206|060.31
26022026|503811|0000000000000482|0000000000257196|0000000000000529|0000000000284769|091.12
26022026|503816|0000000000004875|0000000000171698|0000000000006001|0000000000213293|081.24
26022026|503837|0000000000000419|0000000000005820|0000000000000419|0000000000005823|100.00
26022026|503960|0000000000000712|0000000001729555|0000000000001032|0000000002515943|068.99
26022026|504000|0000000000016668|0000000001431615|0000000000026029|0000000002217256|064.04
26022026|504028|0000000000010892|0000000000759500|0000000000014205|0000000000991180|076.68
26022026|504036|0000000000000767|0000000001076255|0000000000001280|0000000001785447|059.92
26022026|504058|0000000000000201|0000000000068381|0000000000000275|0000000000093438|073.09
26022026|504067|0000000000037291|0000000020664808|0000000000078277|0000000043762822|047.64
26022026|504076|0000000000019408|0000000001254145|0000000000024847|0000000001614430|078.11
26022026|504080|0000000000000113|0000000000123447|0000000000000186|0000000000189270|060.75
26022026|504084|0000000000000810|0000000000681980|0000000000001017|0000000000850421|079.65
26022026|504092|0000000000019101|0000000010503640|0000000000023085|0000000012028864|082.74
26022026|504093|0000000000000517|0000000000153808|0000000000000536|0000000000160178|096.46
26022026|504112|0000000000001747|0000000001097553|0000000000002402|0000000001516504|072.73
26022026|504132|0000000000002175|0000000001713465|0000000000002937|0000000002344005|074.06
26022026|504176|0000000000003844|0000000002092482|0000000000004637|0000000002525782|082.90
26022026|504180|0000000000000485|0000000000023330|0000000000000485|0000000000023330|100.00
26022026|504212|0000000000001538|0000000001049609|0000000000001927|0000000001328586|079.81
26022026|504220|0000000000052589|0000000003655462|0000000000062584|0000000004385253|084.03
26022026|504240|0000000000001801|0000000000857096|0000000000002132|0000000001023899|084.47
26022026|504258|0000000000000350|0000000000262605|0000000000000465|0000000000349389|075.27
26022026|504273|0000000000004353|0000000000091623|0000000000004353|0000000000091623|100.00
26022026|504286|0000000000000002|0000000000000123|0000000000002005|0000000000124108|000.10
26022026|504340|0000000000002434|0000000000016771|0000000000002434|0000000000016777|100.00
26022026|504341|0000000000006313|0000000000925486|0000000000007865|0000000001113469|080.27
26022026|504351|0000000002314937|0000000003518705|0000000003505040|0000000005739909|066.05
26022026|504369|0000000000000022|0000000000000011|0000000000000022|0000000000000010|100.00
26022026|504378|0000000000007294|0000000000017725|0000000000010456|0000000000025309|069.76
26022026|504380|0000000000000662|0000000000030625|0000000000000758|0000000000035598|087.34
26022026|504392|0000000000001195|0000000000027524|0000000000001195|0000000000027524|100.00
26022026|504397|0000000000000762|0000000000045942|0000000000000762|0000000000045942|100.00
26022026|504605|0000000000000429|0000000001354461|0000000000000474|0000000001495025|090.51
26022026|504614|0000000000006621|0000000003432658|0000000000013500|0000000007099125|049.04
26022026|504646|0000000000000223|0000000000123197|0000000000000262|0000000000145121|085.11
26022026|504648|0000000000002000|0000000000099880|0000000000002612|0000000000125119|076.57
26022026|504731|0000000000006479|0000000000592764|0000000000006999|0000000000616103|092.57
26022026|504741|0000000000000594|0000000000201960|0000000000000646|0000000000220329|091.95
26022026|504746|0000000000000631|0000000000940102|0000000000000631|0000000000940102|100.00
26022026|504786|0000000000002283|0000000001222889|0000000000002532|0000000001358253|090.17
26022026|504810|0000000000000127|0000000000009525|0000000000000129|0000000000009396|098.45
26022026|504840|0000000000000012|0000000000016560|0000000000000012|0000000000016560|100.00
26022026|504879|0000000000009425|0000000000371345|0000000000009671|0000000000384874|097.46
26022026|504882|0000000000000060|0000000000083403|0000000000000065|0000000000090352|092.31
26022026|504903|0000000000088012|0000000001951227|0000000000095975|0000000002111172|091.70
26022026|504908|0000000000000909|0000000000387598|0000000000001613|0000000000689465|056.35
26022026|504918|0000000000082215|0000000018087300|0000000000238669|0000000051872706|034.45
26022026|504959|0000000000000260|0000000000483158|0000000000000292|0000000000541541|089.04
26022026|504973|0000000000002540|0000000004283202|0000000000007268|0000000012045375|034.95
26022026|504988|0000000000000063|0000000000044541|0000000000000064|0000000000045575|098.44
26022026|505010|0000000000000319|0000000000645529|0000000000000600|0000000001225563|053.17
26022026|505029|0000000000000178|0000000000015798|0000000000000181|0000000000016049|098.34
26022026|505036|0000000000000354|0000000000592225|0000000000000409|0000000000688160|086.55
26022026|505075|0000000000019091|0000000000307747|0000000000025550|0000000000409689|074.72
26022026|505160|0000000000001394|0000000000364671|0000000000001687|0000000000443655|082.63
26022026|505163|0000000000002860|0000000002246673|0000000000003311|0000000002603718|086.38
26022026|505192|0000000000001857|0000000009320655|0000000000003996|0000000020072499|046.47
26022026|505196|0000000000001627|0000000000338986|0000000000001706|0000000000358015|095.37
26022026|505200|0000000000008978|0000000073549572|0000000000016159|0000000131170702|055.56
26022026|505212|0000000000000010|0000000000001200|0000000000000020|0000000000002440|050.00
26022026|505216|0000000000000033|0000000000092631|0000000000000057|0000000000161188|057.89
26022026|505232|0000000000000104|0000000000103293|0000000000000131|0000000000130925|079.39
26022026|505242|0000000000000421|0000000004244249|0000000000000751|0000000007517958|056.06
26022026|505250|0000000000000037|0000000000002431|0000000000000039|0000000000002605|094.87
26022026|505255|0000000000002295|0000000002208020|0000000000003953|0000000003863993|058.06
26022026|505283|0000000000001188|0000000001360914|0000000000001656|0000000001909731|071.74
26022026|505299|0000000000001521|0000000000873511|0000000000001925|0000000001103831|079.01
26022026|505302|0000000000000001|0000000000001889|0000000000000001|0000000000001889|100.00
26022026|505324|0000000000001600|0000000000022864|0000000000002001|0000000000028637|079.96
26022026|505336|0000000002878017|0000000001151207|0000000005574771|0000000002250926|051.63
26022026|505343|0000000000456249|0000000000196188|0000000000845203|0000000000361411|053.98
26022026|505355|0000000000001608|0000000001847753|0000000000002648|0000000003036391|060.72
26022026|505358|0000000000017191|0000000002820184|0000000000021871|0000000003584300|078.60
26022026|505368|0000000000000201|0000000000046241|0000000000000204|0000000000049202|098.53
26022026|505400|0000000000000973|0000000000092066|0000000000001292|0000000000121393|075.31
26022026|505412|0000000000000119|0000000000813407|0000000000000175|0000000001201401|068.00
26022026|505502|0000000000026264|0000000000035457|0000000000026264|0000000000035350|100.00
26022026|505504|0000000000030068|0000000010509055|0000000000030068|0000000010509055|100.00
26022026|505509|0000000000000790|0000000000139791|0000000000000925|0000000000164683|085.41
26022026|505515|0000000000001241|0000000000015786|0000000000001246|0000000000016060|099.60
26022026|505523|0000000000340597|0000000000126021|0000000000491288|0000000000183988|069.33
26022026|505526|0000000000006969|0000000000526927|0000000000009202|0000000000691426|075.73
26022026|505533|0000000000000667|0000000000334067|0000000000002195|0000000001093270|030.39
26022026|505537|0000000000068068|0000000005950505|0000000000123061|0000000010779718|055.31
26022026|505590|0000000000001100|0000000000003289|0000000000001100|0000000000003289|100.00
26022026|505650|0000000000000461|0000000000008976|0000000000000570|0000000000011375|080.88
26022026|505681|0000000000000159|0000000000089120|0000000000000180|0000000000101912|088.33
26022026|505688|0000000000000943|0000000000102787|0000000000000978|0000000000105941|096.42
26022026|505690|0000000000000141|0000000000118032|0000000000000193|0000000000157926|073.06
26022026|505693|0000000000024004|0000000000260204|0000000000061676|0000000000666341|038.92
26022026|505700|0000000000004200|0000000001777650|0000000000016995|0000000007210773|024.71
26022026|505710|0000000000165568|0000000010738741|0000000000194460|0000000012679016|085.14
26022026|505712|0000000000001020|0000000000205683|0000000000001393|0000000000281960|073.22
26022026|505714|0000000000004835|0000000004876823|0000000000011254|0000000011514596|042.96
26022026|505720|0000000000005123|0000000000643449|0000000000007216|0000000000913021|071.00
26022026|505725|0000000000162382|0000000009768902|0000000000375542|0000000022462703|043.24
26022026|505726|0000000000000421|0000000000460490|0000000000000673|0000000000738564|062.56
26022026|505729|0000000000055688|0000000004158780|0000000000061633|0000000004588145|090.35
26022026|505737|0000000000004485|0000000001914198|0000000000004789|0000000002073852|093.65
26022026|505744|0000000000001795|0000000000738822|0000000000002459|0000000001015067|073.00
26022026|505750|0000000000004572|0000000001133399|0000000000005087|0000000001263664|089.88
26022026|505790|0000000000008218|0000000035716661|0000000000016970|0000000073791673|048.43
26022026|505800|0000000000000022|0000000000026116|0000000000000034|0000000000040464|064.71
26022026|505827|0000000000001015|0000000000375195|0000000000001063|0000000000391063|095.48
26022026|505840|0000000000001117|0000000000028841|0000000000001131|0000000000029204|098.76
26022026|505850|0000000000000558|0000000000093465|0000000000006266|0000000001081459|008.91
26022026|505854|0000000000000556|0000000000152372|0000000000000559|0000000000155631|099.46
26022026|505872|0000000000019443|0000000007746092|0000000000038473|0000000015488055|050.54
26022026|505890|0000000000000417|0000000000991251|0000000000000629|0000000001508286|066.30
26022026|505893|0000000000000015|0000000000012909|0000000000000024|0000000000020747|062.50
26022026|505978|0000000000000869|0000000003011390|0000000000000954|0000000003291236|091.09
26022026|506003|0000000000003180|0000000000157856|0000000000003515|0000000000177633|090.47
26022026|506022|0000000000008781|0000000001192021|0000000000013317|0000000001829979|065.94
26022026|506076|0000000000000153|0000000000255312|0000000000000207|0000000000344543|073.91
26022026|506105|0000000000000167|0000000000010204|0000000000000167|0000000000010406|100.00
26022026|506109|0000000000007382|0000000002296172|0000000000013418|0000000004178947|055.02
26022026|506122|0000000000002742|0000000000124669|0000000000002742|0000000000124669|100.00
26022026|506128|0000000000002069|0000000000267005|0000000000002855|0000000000372746|072.47
26022026|506134|0000000000006966|0000000000079204|0000000000011665|0000000000132674|059.72
26022026|506146|0000000000029240|0000000000016667|0000000000029240|0000000000016505|100.00
26022026|506166|0000000000035204|0000000002011147|0000000000035204|0000000002011147|100.00
26022026|506184|0000000000080521|0000000000123198|0000000000087831|0000000000145086|091.68
26022026|506186|0000000000009555|0000000000153740|0000000000010559|0000000000168175|090.49
26022026|506194|0000000000000835|0000000000220482|0000000000002005|0000000000530244|041.65
26022026|506197|0000000000013994|0000000003043695|0000000000040701|0000000008887789|034.38
26022026|506222|0000000000000342|0000000000657684|0000000000000484|0000000000930980|070.66
26022026|506235|0000000000009720|0000000000886367|0000000000014227|0000000001302412|068.32
26022026|506248|0000000000000114|0000000000017539|0000000000000206|0000000000031781|055.34
26022026|506260|0000000000001148|0000000000089372|0000000000001330|0000000000102249|086.32
26022026|506261|0000000000001069|0000000000147202|0000000000001513|0000000000208700|070.65
26022026|506285|0000000000000693|0000000003243206|0000000000001039|0000000004875310|066.70
26022026|506365|0000000000000005|0000000000000455|0000000000000005|0000000000000455|100.00
26022026|506373|0000000000000280|0000000000029882|0000000000000280|0000000000029881|100.00
26022026|506390|0000000000001095|0000000000374326|0000000000001583|0000000000548298|069.17
26022026|506395|0000000000009356|0000000021803223|0000000000013132|0000000030384769|071.25
26022026|506401|0000000000001864|0000000002967116|0000000000003852|0000000006103047|048.39
26022026|506405|0000000000001285|0000000000286555|0000000000011540|0000000002571326|011.14
26022026|506414|0000000000004608|0000000001531930|0000000000006387|0000000002146281|072.15
26022026|506480|0000000000002874|0000000000740918|0000000000003322|0000000000850834|086.51
26022026|506520|0000000000004419|0000000000027929|0000000000005744|0000000000036162|076.93
26022026|506525|0000000000003448|0000000000233223|0000000000004176|0000000000282921|082.57
26022026|506528|0000000000000649|0000000002068299|0000000000000907|0000000002860647|071.55
26022026|506532|0000000000000937|0000000000778835|0000000000001071|0000000000890874|087.49
26022026|506543|0000000000000182|0000000000001686|0000000000000182|0000000000001686|100.00
26022026|506579|0000000000002999|0000000000335439|0000000000003945|0000000000448418|076.02
26022026|506590|0000000000019968|0000000005998388|0000000000050078|0000000015137895|039.87
26022026|506597|0000000000001882|0000000000958409|0000000000002274|0000000001160370|082.76
26022026|506605|0000000000000141|0000000000322249|0000000000000195|0000000000436868|072.31
26022026|506618|0000000000000229|0000000000260225|0000000000000325|0000000000363822|070.46
26022026|506640|0000000000004667|0000000000664115|0000000000004815|0000000000688244|096.93
26022026|506642|0000000000023246|0000000000048352|0000000000023246|0000000000048351|100.00
26022026|506655|0000000000000505|0000000000448264|0000000000000661|0000000000586032|076.40
26022026|506680|0000000000000352|0000000000004584|0000000000000468|0000000000006167|075.21
26022026|506685|0000000000019222|0000000008512463|0000000000032261|0000000014280849|059.58
26022026|506687|0000000000002275|0000000002317998|0000000000002939|0000000003033013|077.41
26022026|506690|0000000000003565|0000000001258089|0000000000004186|0000000001470742|085.16
26022026|506734|0000000000001209|0000000000115533|0000000000001819|0000000000174518|066.46
26022026|506767|0000000000000470|0000000000700253|0000000000000887|0000000001316832|052.99
26022026|506808|0000000000015620|0000000000838013|0000000000016888|0000000000911077|092.49
26022026|506820|0000000000000128|0000000001132877|0000000000000193|0000000001713157|066.32
26022026|506852|0000000000022134|0000000000433827|0000000000035946|0000000000701857|061.58
26022026|506854|0000000000001438|0000000005969570|0000000000002390|0000000010013237|060.17
26022026|506858|0000000000000225|0000000000013505|0000000000000238|0000000000014284|094.54
26022026|506863|0000000000000933|0000000000112753|0000000000000933|0000000000112753|100.00
26022026|506879|0000000000002479|0000000000776547|0000000000003168|0000000000992677|078.25
26022026|506906|0000000000001005|0000000000058310|0000000000001005|0000000000058310|100.00
26022026|506919|0000000000006792|0000000001055138|0000000000007803|0000000001252320|087.04
26022026|506943|0000000000004560|0000000009497796|0000000000007158|0000000014950397|063.70
26022026|506947|0000000000000162|0000000000017464|0000000000000211|0000000000021775|076.78
26022026|506981|0000000000000367|0000000000045031|0000000000000367|0000000000045066|100.00
26022026|507155|0000000000027673|0000000004192460|0000000000038309|0000000005749009|072.24
26022026|507180|0000000000035144|0000000000162717|0000000000042675|0000000000198603|082.35
26022026|507205|0000000000018598|0000000008364451|0000000000034019|0000000015328419|054.67
26022026|507265|0000000000000501|0000000000101804|0000000000000701|0000000000142440|071.47
26022026|507300|0000000000000350|0000000000328825|0000000000000351|0000000000329170|099.72
26022026|507315|0000000000001510|0000000000023662|0000000000004164|0000000000065559|036.26
26022026|507410|0000000000021883|0000000003882045|0000000000043459|0000000007576219|050.35
26022026|507438|0000000000000743|0000000000637420|0000000000000983|0000000000852191|075.58
26022026|507474|0000000000079864|0000000003113898|0000000000092033|0000000003643639|086.78
26022026|507488|0000000000000728|0000000000733242|0000000000001247|0000000001252845|058.38
26022026|507490|0000000000022767|0000000000250437|0000000000023372|0000000000250555|097.41
26022026|507498|0000000000001349|0000000000044922|0000000000001871|0000000000062376|072.10
26022026|507514|0000000000050695|0000000004130629|0000000000097355|0000000007911962|052.07
26022026|507515|0000000000000001|0000000000000019|0000000000000001|0000000000000018|100.00
26022026|507526|0000000000001199|0000000000961179|0000000000001445|0000000001165505|082.98
26022026|507552|0000000000002414|0000000000144744|0000000000003696|0000000000219610|065.31
26022026|507580|0000000000000644|0000000000089194|0000000000000658|0000000000089531|097.87
26022026|507598|0000000000028730|0000000003056011|0000000000035168|0000000003684809|081.69
26022026|507609|0000000000000100|0000000000003096|0000000000000112|0000000000003316|089.29
26022026|507621|0000000000006088|0000000000318890|0000000000007426|0000000000387861|081.98
26022026|507645|0000000000000002|0000000000022405|0000000000000002|0000000000022404|100.00
26022026|507685|0000000000202499|0000000040702299|0000000000444255|0000000089555834|045.58
26022026|507690|0000000000000794|0000000000187879|0000000000000794|0000000000187879|100.00
26022026|507717|0000000000000751|0000000000792831|0000000000001373|0000000001461517|054.70
26022026|507747|0000000000000122|0000000000111661|0000000000000128|0000000000117293|095.31
26022026|507753|0000000000076726|0000000006642938|0000000000112943|0000000009803007|067.93
26022026|507759|0000000000001801|0000000000021811|0000000000001801|0000000000021312|100.00
26022026|507779|0000000000000080|0000000000014620|0000000000000114|0000000000020872|070.18
26022026|507785|0000000000000783|0000000000161494|0000000000001058|0000000000213698|074.01
26022026|507789|0000000000002507|0000000000423683|0000000000002561|0000000000430202|097.89
26022026|507794|0000000000004755|0000000000270940|0000000000005468|0000000000316793|086.96
26022026|507808|0000000000000050|0000000000002107|0000000000000050|0000000000002107|100.00
26022026|507813|0000000000001664|0000000000118144|0000000000001667|0000000000118371|099.82
26022026|507815|0000000000000665|0000000005603490|0000000000001205|0000000010141386|055.19
26022026|507817|0000000000000205|0000000000030515|0000000000000238|0000000000036891|086.13
26022026|507828|0000000000036557|0000000000280027|0000000000048338|0000000000375953|075.63
26022026|507833|0000000000016370|0000000000066463|0000000000016836|0000000000067429|097.23
26022026|507836|0000000000000299|0000000000189402|0000000000000507|0000000000314777|058.97
26022026|507852|0000000000000707|0000000000071231|0000000000001073|0000000000113753|065.89
26022026|507864|0000000000001749|0000000000166680|0000000000001749|0000000000166680|100.00
26022026|507872|0000000000000019|0000000000000807|0000000000000021|0000000000000869|090.48
26022026|507878|0000000000231519|0000000001150650|0000000000423566|0000000002125178|054.66
26022026|507880|0000000000003289|0000000001184698|0000000000007228|0000000002602004|045.50
26022026|507910|0000000000001127|0000000000046171|0000000000001127|0000000000046171|100.00
26022026|507912|0000000000023509|0000000023318270|0000000000023509|0000000023318270|100.00
26022026|507944|0000000000002740|0000000001147101|0000000000003785|0000000001592757|072.39
26022026|507946|0000000000000244|0000000000004610|0000000000000244|0000000000004609|100.00
26022026|507948|0000000000000680|0000000000050096|0000000000000697|0000000000051345|097.56
26022026|507960|0000000000001330|0000000000251437|0000000000001681|0000000000330363|079.12
26022026|507962|0000000000031710|0000000000215945|0000000000031710|0000000000215945|100.00
26022026|507966|0000000000000191|0000000000007392|0000000000000192|0000000000007487|099.48
26022026|507981|0000000000000221|0000000000014394|0000000000000270|0000000000017406|081.85
26022026|507998|0000000000005496|0000000000817530|0000000000006643|0000000000988508|082.73
26022026|508136|0000000000000736|0000000000279717|0000000000000834|0000000000308630|088.25
26022026|508486|0000000000000489|0000000003554150|0000000000000743|0000000005386705|065.81
26022026|508494|0000000000000292|0000000000012638|0000000000000510|0000000000022003|057.25
26022026|508571|0000000000000032|0000000000004250|0000000000000032|0000000000004254|100.00
26022026|508664|0000000000000661|0000000000007939|0000000000000886|0000000000010516|074.60
26022026|508670|0000000000000041|0000000000130389|0000000000000041|0000000000130300|100.00
26022026|508807|0000000000000244|0000000000177340|0000000000000315|0000000000230442|077.46
26022026|508814|0000000000002801|0000000001970504|0000000000006599|0000000004646586|042.45
26022026|508869|0000000000001744|0000000013565792|0000000000003820|0000000029682725|045.65
26022026|508875|0000000000000836|0000000000441910|0000000000001576|0000000000791378|053.05
26022026|508905|0000000000000749|0000000000068856|0000000000001511|0000000000136252|049.57
26022026|508906|0000000000000043|0000000000016592|0000000000000051|0000000000019963|084.31
26022026|508918|0000000000002803|0000000000136002|0000000000003014|0000000000149289|093.00
26022026|508922|0000000000086674|0000000000539112|0000000000086674|0000000000539112|100.00
26022026|508933|0000000000001397|0000000000281775|0000000000001415|0000000000292297|098.73
26022026|508941|0000000000002993|0000000001398180|0000000000003742|0000000001741132|079.98
26022026|508954|0000000000000207|0000000000016182|0000000000000408|0000000000032097|050.74
26022026|508956|0000000000000944|0000000000011517|0000000000000944|0000000000011516|100.00
26022026|508961|0000000000000213|0000000000041779|0000000000000213|0000000000041779|100.00
26022026|508963|0000000000000151|0000000000002688|0000000000000151|0000000000002715|100.00
26022026|508969|0000000000007468|0000000000017700|0000000000008502|0000000000020279|087.84
26022026|508980|0000000000010290|0000000000086626|0000000000010290|0000000000086626|100.00
26022026|508989|0000000000000447|0000000000066067|0000000000000510|0000000000075583|087.65
26022026|509009|0000000000000503|0000000000049047|0000000000000503|0000000000049047|100.00
26022026|509015|0000000000016566|0000000000243189|0000000000017840|0000000000266833|092.86
26022026|509020|0000000000019771|0000000000113684|0000000000019801|0000000000115973|099.85
26022026|509024|0000000000025732|0000000000269672|0000000000033892|0000000000358951|075.92
26022026|509026|0000000000000090|0000000000007839|0000000000000091|0000000000008542|098.90
26022026|509038|0000000000000166|0000000000001926|0000000000000166|0000000000001927|100.00
26022026|509040|0000000000000462|0000000000083950|0000000000000462|0000000000083950|100.00
26022026|509046|0000000000010401|0000000000353634|0000000000010401|0000000000353634|100.00
26022026|509048|0000000000002375|0000000000058653|0000000000002375|0000000000058653|100.00
26022026|509051|0000000001237116|0000000000816497|0000000001422416|0000000000931593|086.97
26022026|509053|0000000000012472|0000000000082939|0000000000017345|0000000000113463|071.91
26022026|509055|0000000000001408|0000000000087170|0000000000001810|0000000000112257|077.79
26022026|509069|0000000000001476|0000000000007425|0000000000001705|0000000000008313|086.57
26022026|509073|0000000000004690|0000000000056749|0000000000006225|0000000000074884|075.34
26022026|509079|0000000000000864|0000000000244944|0000000000001162|0000000000326386|074.35
26022026|509152|0000000000000024|0000000000040389|0000000000000035|0000000000058373|068.57
26022026|509162|0000000000003457|0000000000347775|0000000000003912|0000000000388055|088.37
26022026|509196|0000000000005076|0000000000327250|0000000000007139|0000000000475265|071.10
26022026|509220|0000000000002066|0000000000079975|0000000000002500|0000000000096933|082.64
26022026|509243|0000000000000032|0000000000130215|0000000000000051|0000000000206260|062.74
26022026|509423|0000000000000011|0000000000000403|0000000000000016|0000000000000570|068.75
26022026|509438|0000000000000123|0000000001168746|0000000000000126|0000000001197395|097.62
26022026|509449|0000000000000301|0000000000012341|0000000000000301|0000000000012341|100.00
26022026|509470|0000000000000030|0000000000603000|0000000000000035|0000000000700709|085.71
26022026|509480|0000000000003566|0000000001636260|0000000000007680|0000000003528636|046.43
26022026|509486|0000000000000984|0000000000075877|0000000000001118|0000000000086706|088.01
26022026|509488|0000000000125882|0000000091874978|0000000000283991|0000000207105878|044.33
26022026|509496|0000000000004939|0000000002917221|0000000000010896|0000000006506554|045.33
26022026|509525|0000000000000160|0000000000145240|0000000000000170|0000000000153944|094.12
26022026|509546|0000000000000887|0000000000027427|0000000000000893|0000000000026795|099.33
26022026|509557|0000000000000988|0000000000632172|0000000000002319|0000000001484453|042.60
26022026|509563|0000000000002313|0000000000052621|0000000000002752|0000000000063109|084.05
26022026|509567|0000000000001216|0000000000445117|0000000000001996|0000000000739259|060.92
26022026|509597|0000000000000064|0000000000044986|0000000000000070|0000000000048297|091.43
26022026|509631|0000000000055075|0000000032133509|0000000000117540|0000000068722932|046.86
26022026|509635|0000000000000068|0000000000028299|0000000000000141|0000000000059170|048.23
26022026|509675|0000000000001867|0000000002824398|0000000000002364|0000000003601876|078.98
26022026|509692|0000000000000056|0000000000011979|0000000000000060|0000000000012611|093.33
26022026|509709|0000000000000598|0000000000046914|0000000000000868|0000000000068705|068.89
26022026|509715|0000000000000473|0000000000039321|0000000000000500|0000000000041635|094.60
26022026|509732|0000000000004291|0000000000764657|0000000000006141|0000000001108004|069.87
26022026|509760|0000000000000751|0000000000023349|0000000000001046|0000000000033199|071.80
26022026|509762|0000000000015021|0000000000780213|0000000000015021|0000000000780213|100.00
26022026|509820|0000000000004982|0000000000892028|0000000000007015|0000000001250698|071.02
26022026|509835|0000000000000848|0000000000013568|0000000000000848|0000000000013307|100.00
26022026|509874|0000000000003477|0000000000198537|0000000000003787|0000000000214628|091.81
26022026|509895|0000000000000322|0000000000055545|0000000000000410|0000000000068302|078.54
26022026|509930|0000000000002886|0000000011575458|0000000000004666|0000000018869518|061.85
26022026|509945|0000000000000109|0000000000108761|0000000000000119|0000000000122029|091.60
26022026|509953|0000000000000165|0000000000099125|0000000000000165|0000000000099125|100.00
26022026|509960|0000000000000060|0000000000090534|0000000000000096|0000000000144513|062.50
26022026|509966|0000000000002197|0000000000516076|0000000000003067|0000000000721866|071.63
26022026|510245|0000000000007964|0000000000029786|0000000000011925|0000000000044099|066.78
26022026|511000|0000000000000163|0000000000003172|0000000000000220|0000000000004371|074.09
26022026|511012|0000000001316300|0000000000940256|0000000001316300|0000000000940256|100.00
26022026|511018|0000000000073726|0000000004532675|0000000000114266|0000000006947604|064.52
26022026|511034|0000000000002312|0000000001045024|0000000000003348|0000000001523781|069.06
26022026|511066|0000000000008843|0000000000216742|0000000000010025|0000000000250246|088.21
26022026|511076|0000000000001914|0000000000149867|0000000000001943|0000000000152422|098.51
26022026|511092|0000000000002981|0000000000019466|0000000000003940|0000000000026074|075.66
26022026|511108|0000000000000050|0000000000008050|0000000000000052|0000000000008364|096.15
26022026|511110|0000000000004841|0000000000091592|0000000000005017|0000000000094589|096.49
26022026|511122|0000000000000196|0000000000014932|0000000000000207|0000000000015546|094.69
26022026|511131|0000000000016322|0000000000261152|0000000000018323|0000000000292377|089.08
26022026|511147|0000000000000321|0000000000020747|0000000000000448|0000000000029159|071.65
26022026|511153|0000000000001640|0000000000031488|0000000000001644|0000000000031256|099.76
26022026|511169|0000000000000700|0000000000003010|0000000000001400|0000000000006020|050.00
26022026|511176|0000000000000202|0000000000015417|0000000000000203|0000000000015983|099.51
26022026|511187|0000000000008771|0000000000013683|0000000000008771|0000000000013966|100.00
26022026|511196|0000000000002609|0000000002314836|0000000000004105|0000000003638301|063.56
26022026|511208|0000000000012827|0000000000094022|0000000000014428|0000000000105987|088.90
26022026|511218|0000000000053946|0000000059596844|0000000000133571|0000000146713542|040.39
26022026|511243|0000000000741375|0000001296145913|0000000000964172|0000001652882930|076.89
26022026|511246|0000000000000206|0000000000000913|0000000000000207|0000000000001006|099.52
26022026|511260|0000000000011784|0000000000565868|0000000000011907|0000000000577712|098.97
26022026|511333|0000000000002082|0000000000532368|0000000000002283|0000000000588634|091.20
26022026|511355|0000000000002843|0000000000035851|0000000000002843|0000000000035776|100.00
26022026|511359|0000000000000617|0000000000031202|0000000000000654|0000000000034316|094.34
26022026|511391|0000000000002010|0000000000118510|0000000000002010|0000000000119498|100.00
26022026|511411|0000000000000714|0000000000020435|0000000000001584|0000000000047583|045.08
26022026|511413|0000000000000765|0000000000275515|0000000000001207|0000000000435210|063.38
26022026|511431|0000000000194422|0000000001275409|0000000000245750|0000000001617099|079.11
26022026|511441|0000000000000001|0000000000000026|0000000000000001|0000000000000025|100.00
26022026|511447|0000000031974202|0000000022062200|0000000052575681|0000000036110844|060.82
26022026|511451|0000000000000538|0000000000005203|0000000000000727|0000000000007190|074.00
26022026|511463|0000000000000588|0000000000005469|0000000000000588|0000000000005566|100.00
26022026|511473|0000000000000153|0000000000005487|0000000000000160|0000000000005708|095.62
26022026|511493|0000000000004439|0000000000014516|0000000000006110|0000000000020106|072.65
26022026|511501|0000000000005890|0000000000155025|0000000000006163|0000000000159115|095.57
26022026|511505|0000000000008266|0000000000111839|0000000000008275|0000000000111809|099.89
26022026|511507|0000000000000752|0000000000041932|0000000000000900|0000000000045478|083.56
26022026|511509|0000000000012565|0000000000341768|0000000000014869|0000000000407753|084.50
26022026|511523|0000000000065981|0000000001317641|0000000000171516|0000000003366684|038.47
26022026|511525|0000000000065727|0000000000115023|0000000000073302|0000000000128512|089.67
26022026|511533|0000000000000605|0000000000024745|0000000000000696|0000000000027657|086.93
26022026|511535|0000000000010827|0000000000416840|0000000000017612|0000000000693026|061.48
26022026|511543|0000000000001924|0000000000068764|0000000000001927|0000000000067505|099.84
26022026|511549|0000000000000097|0000000000005869|0000000000000097|0000000000005908|100.00
26022026|511551|0000000000000369|0000000000102380|0000000000000551|0000000000153931|066.97
26022026|511557|0000000003987464|0000000016364283|0000000003987464|0000000016364283|100.00
26022026|511559|0000000000000151|0000000000039374|0000000000000339|0000000000091513|044.54
26022026|511563|0000000000000099|0000000000003948|0000000000000099|0000000000003948|100.00
26022026|511571|0000000000004669|0000000000598800|0000000000005571|0000000000700127|083.81
26022026|511577|0000000000002332|0000000000035867|0000000000004462|0000000000068916|052.26
26022026|511585|0000000000000570|0000000000001779|0000000000000570|0000000000001781|100.00
26022026|511589|0000000000002176|0000000000032423|0000000000002280|0000000000034159|095.44
26022026|511593|0000000000000114|0000000000002087|0000000000000114|0000000000002002|100.00
26022026|511601|0000000000000056|0000000000000481|0000000000000098|0000000000000831|057.14
26022026|511605|0000000000015620|0000000001258504|0000000000024615|0000000001956098|063.46
26022026|511609|0000000000004100|0000000000121237|0000000000004100|0000000000121223|100.00
26022026|511611|0000000000003509|0000000000015475|0000000000003639|0000000000015863|096.43
26022026|511626|0000000000002972|0000000000271195|0000000000002978|0000000000272397|099.80
26022026|511628|0000000000083439|0000000003744743|0000000000087940|0000000003956407|094.88
26022026|511630|0000000000003470|0000000000026719|0000000000003902|0000000000029657|088.93
26022026|511636|0000000000029905|0000000000067287|0000000000031568|0000000000072428|094.73
26022026|511644|0000000000053399|0000000003869810|0000000000053399|0000000003869810|100.00
26022026|511654|0000000000000051|0000000000003463|0000000000000051|0000000000003474|100.00
26022026|511658|0000000000009549|0000000000170259|0000000000010196|0000000000180964|093.65
26022026|511664|0000000000034862|0000000000402657|0000000000077927|0000000000909321|044.74
26022026|511672|0000000000010990|0000000000346735|0000000000014752|0000000000469851|074.50
26022026|511676|0000000000003361|0000000000512049|0000000000003610|0000000000558467|093.10
26022026|511692|0000000000009948|0000000000060186|0000000000012783|0000000000076248|077.82
26022026|511700|0000000002114150|0000000000993651|0000000003286472|0000000001563408|064.33
26022026|511702|0000000000000512|0000000000083431|0000000000000592|0000000000095167|086.49
26022026|511710|0000000000007764|0000000000016305|0000000000009765|0000000000020321|079.51
26022026|511712|0000000000000624|0000000000045958|0000000000000732|0000000000053947|085.25
26022026|511714|0000000000002002|0000000000404104|0000000000008998|0000000001803673|022.25
26022026|511716|0000000000009029|0000000000047583|0000000000009140|0000000000048923|098.79
26022026|511724|0000000000001929|0000000000021451|0000000000002684|0000000000029892|071.87
26022026|511726|0000000000078314|0000000000957725|0000000000078314|0000000000957725|100.00
26022026|511728|0000000000000001|0000000000000015|0000000000000001|0000000000000015|100.00
26022026|511740|0000000000001000|0000000000129700|0000000000001002|0000000000129986|099.80
26022026|511742|0000000000008832|0000000001020538|0000000000012103|0000000001406058|072.97
26022026|511754|0000000000006782|0000000000607464|0000000000008525|0000000000751037|079.55
26022026|511756|0000000000000337|0000000000011947|0000000000000337|0000000000011947|100.00
26022026|511758|0000000000000400|0000000000029812|0000000000000400|0000000000029811|100.00
26022026|511764|0000000000011776|0000000000366587|0000000000013790|0000000000432626|085.40
26022026|511766|0000000000000779|0000000000178391|0000000000000880|0000000000202357|088.52
26022026|511768|0000000000006699|0000000000602910|0000000000013678|0000000001211470|048.98
26022026|512008|0000000000075022|0000000016891204|0000000000106622|0000000023863219|070.36
26022026|512014|0000000000000410|0000000000315475|0000000000000467|0000000000365001|087.79
26022026|512018|0000000000008660|0000000000069887|0000000000016186|0000000000130163|053.50
26022026|512020|0000000000000231|0000000002285584|0000000000000362|0000000003610518|063.81
26022026|512025|0000000000781700|0000000034465153|0000000001082610|0000000048605459|072.21
26022026|512036|0000000000000001|0000000000000128|0000000000000001|0000000000000128|100.00
26022026|512038|0000000000004644|0000000002126488|0000000000006668|0000000003097108|069.65
26022026|512047|0000000000701084|0000000002278523|0000000000701195|0000000002278922|099.98
26022026|512048|0000000000082278|0000000000224619|0000000000119202|0000000000327862|069.02
26022026|512062|0000000000000040|0000000000001280|0000000000000040|0000000000001280|100.00
26022026|512064|0000000000000011|0000000000000564|0000000000000011|0000000000000545|100.00
26022026|512065|0000000000000153|0000000000001851|0000000000000153|0000000000001851|100.00
26022026|512068|0000000000114243|0000000014291800|0000000000220464|0000000027739563|051.82
26022026|512070|0000000000024012|0000000015378486|0000000000061263|0000000038931228|039.19
26022026|512091|0000000000000001|0000000000000010|0000000000000001|0000000000000010|100.00
26022026|512093|0000000000044821|0000000000201219|0000000000044821|0000000000201219|100.00
26022026|512097|0000000000244337|0000000000065971|0000000000332654|0000000000090942|073.45
26022026|512103|0000000000000151|0000000000047867|0000000000000211|0000000000064471|071.56
26022026|512115|0000000000001674|0000000000115255|0000000000001737|0000000000113913|096.37
26022026|512131|0000000000000131|0000000000006104|0000000000000151|0000000000007039|086.75
26022026|512149|0000000005011612|0000000005763671|0000000005011612|0000000005763671|100.00
26022026|512161|0000000000001454|0000000000031623|0000000000001454|0000000000031623|100.00
26022026|512165|0000000000242661|0000000005911222|0000000000243013|0000000005917398|099.86
26022026|512175|0000000000047488|0000000000188053|0000000000067797|0000000000275558|070.04
26022026|512179|0000000000001408|0000000000585095|0000000000002760|0000000001133373|051.01
26022026|512217|0000000000038163|0000000001046430|0000000000038163|0000000001046429|100.00
26022026|512229|0000000000004405|0000000000753194|0000000000004405|0000000000753194|100.00
26022026|512237|0000000000005815|0000000000651862|0000000000013005|0000000001457170|044.71
26022026|512247|0000000000028463|0000000000075427|0000000000045286|0000000000119546|062.85
26022026|512257|0000000000038528|0000000000134848|0000000000041622|0000000000146965|092.57
26022026|512267|0000000000008976|0000000000091735|0000000000017162|0000000000178164|052.30
26022026|512277|0000000000001857|0000000000752128|0000000000001857|0000000000752128|100.00
26022026|512296|0000000000006188|0000000000934079|0000000000009136|0000000001398330|067.73
26022026|512297|0000000000000305|0000000000011666|0000000000000305|0000000000011666|100.00
26022026|512301|0000000000040421|0000000000856331|0000000000040421|0000000000856331|100.00
26022026|512329|0000000000011626|0000000005188103|0000000000016784|0000000007458327|069.27
26022026|512344|0000000000008569|0000000000050986|0000000000008569|0000000000050985|100.00
26022026|512345|0000000000000064|0000000000010095|0000000000000064|0000000000010095|100.00
26022026|512361|0000000000067585|0000000002272208|0000000000133765|0000000004532026|050.53
26022026|512379|0000000000309986|0000000000846262|0000000000414328|0000000001128227|074.82
26022026|512381|0000000000000084|0000000000022672|0000000000003093|0000000000839362|002.72
26022026|512393|0000000000000143|0000000000004122|0000000000000173|0000000000005213|082.66
26022026|512399|0000000000028635|0000000001054341|0000000000033476|0000000001243823|085.54
26022026|512415|0000000000008127|0000000000053883|0000000000012411|0000000000081174|065.48
26022026|512425|0000000000000002|0000000000001206|0000000000000002|0000000000001206|100.00
26022026|512437|0000000000000091|0000000000035490|0000000000000140|0000000000054987|065.00
26022026|512441|0000000007547711|0000000003245516|0000000013684462|0000000005776805|055.16
26022026|512443|0000000000163995|0000000002473045|0000000000167497|0000000002511624|097.91
26022026|512453|0000000000000277|0000000000167641|0000000000000350|0000000000211764|079.14
26022026|512455|0000000000012955|0000000016370586|0000000000035592|0000000045534897|036.40
26022026|512463|0000000000042368|0000000002257368|0000000000062928|0000000003369746|067.33
26022026|512477|0000000000000357|0000000000134324|0000000000000357|0000000000134324|100.00
26022026|512489|0000000000003995|0000000000063082|0000000000003995|0000000000063153|100.00
26022026|512493|0000000000000277|0000000000016795|0000000000000277|0000000000016795|100.00
26022026|512499|0000000000045379|0000000000022236|0000000000045379|0000000000022235|100.00
26022026|512519|0000000000000110|0000000000009812|0000000000000110|0000000000009842|100.00
26022026|512527|0000000000000031|0000000000019132|0000000000000032|0000000000020013|096.88
26022026|512529|0000000000185992|0000000040918240|0000000000216675|0000000047567558|085.84
26022026|512531|0000000000003559|0000000000409285|0000000000003565|0000000000411448|099.83
26022026|512559|0000000000000728|0000000000017836|0000000000001013|0000000000024678|071.87
26022026|512573|0000000000015714|0000000020995476|0000000000024425|0000000032729924|064.34
26022026|512587|0000000000001782|0000000000066416|0000000000002110|0000000000079771|084.45
26022026|512589|0000000000001893|0000000000304490|0000000000002090|0000000000326430|090.57
26022026|512591|0000000011465571|0000000011432283|0000000011465571|0000000011432283|100.00
26022026|512595|0000000000000636|0000000000483732|0000000000000636|0000000000483732|100.00
26022026|512597|0000000000000381|0000000000108300|0000000000000384|0000000000109152|099.22
26022026|512599|0000000000026025|0000000057644074|0000000000054645|0000000121079740|047.63
26022026|512600|0000000000002401|0000000000184733|0000000000003949|0000000000305169|060.80
26022026|512604|0000000000002276|0000000000014817|0000000000002289|0000000000015608|099.43
26022026|512608|0000000000105055|0000000000312014|0000000000135686|0000000000406080|077.42
26022026|512618|0000000000004225|0000000000046644|0000000000006324|0000000000069857|066.81
26022026|512624|0000000000013264|0000000000080248|0000000000015579|0000000000092982|085.14
26022026|512626|0000000000000043|0000000000007556|0000000000000043|0000000000007555|100.00
26022026|512634|0000000000000520|0000000000079534|0000000000000520|0000000000080160|100.00
26022026|513005|0000000000002276|0000000000097823|0000000000003579|0000000000146773|063.59
26022026|513023|0000000000030966|0000000018601277|0000000000052582|0000000031383343|058.89
26022026|513043|0000000000002235|0000000000312453|0000000000002994|0000000000408686|074.65
26022026|513059|0000000000000917|0000000000029152|0000000000001203|0000000000038929|076.23
26022026|513063|0000000000000115|0000000000002436|0000000000000115|0000000000002435|100.00
26022026|513097|0000000000001490|0000000000682718|0000000000002705|0000000001251942|055.08
26022026|513108|0000000000000200|0000000000178670|0000000000000207|0000000000185584|096.62
26022026|513117|0000000000013465|0000000000091966|0000000000016824|0000000000111857|080.03
26022026|513121|0000000000012994|0000000000885412|0000000000018581|0000000001270163|069.93
26022026|513149|0000000000000025|0000000000017873|0000000000000026|0000000000017976|096.15
26022026|513173|0000000000000627|0000000000012710|0000000000000629|0000000000013362|099.68
26022026|513228|0000000000016993|0000000002553199|0000000000038145|0000000005547985|044.55
26022026|513250|0000000000766072|0000000009951276|0000000001585905|0000000020564197|048.30
26022026|513252|0000000000000062|0000000000053708|0000000000000073|0000000000063976|084.93
26022026|513262|0000000000000861|0000000000184168|0000000000001334|0000000000285387|064.54
26022026|513269|0000000000022417|0000000010051783|0000000000048925|0000000021843162|045.82
26022026|513295|0000000000000997|0000000000201793|0000000000001922|0000000000405784|051.87
26022026|513303|0000000000006518|0000000000083170|0000000000013949|0000000000176333|046.73
26022026|513307|0000000000000671|0000000001135678|0000000000000671|0000000001135678|100.00
26022026|513309|0000000000032005|0000000000284525|0000000000036713|0000000000340215|087.18
26022026|513337|0000000002357811|0000000001414687|0000000005514467|0000000003279660|042.76
26022026|513349|0000000000013599|0000000001787589|0000000000019115|0000000002522563|071.14
26022026|513353|0000000000000796|0000000000198602|0000000000000900|0000000000224631|088.44
26022026|513361|0000000000251003|0000000003955808|0000000000315735|0000000005006919|079.50
26022026|513369|0000000000000832|0000000000108951|0000000000000886|0000000000114256|093.91
26022026|513375|0000000000002539|0000000002126286|0000000000004207|0000000003514599|060.35
26022026|513377|0000000000040854|0000000002512521|0000000000084023|0000000005181957|048.62
26022026|513397|0000000000001997|0000000000026720|0000000000002005|0000000000026737|099.60
26022026|513418|0000000000017572|0000000000105081|0000000000019206|0000000000115338|091.49
26022026|513422|0000000000000211|0000000000007170|0000000000000213|0000000000006988|099.06
26022026|513430|0000000000000197|0000000000005124|0000000000000197|0000000000005336|100.00
26022026|513436|0000000000000760|0000000000049172|0000000000000893|0000000000057859|085.11
26022026|513452|0000000000000650|0000000000006169|0000000000000650|0000000000006168|100.00
26022026|513456|0000000000000523|0000000000028107|0000000000000526|0000000000028267|099.43
26022026|513472|0000000000031287|0000000015293086|0000000000106429|0000000050030556|029.40
26022026|513488|0000000000001536|0000000000029169|0000000000001658|0000000000032173|092.64
26022026|513496|0000000000000225|0000000000060564|0000000000000225|0000000000060564|100.00
26022026|513498|0000000000001067|0000000000086545|0000000000001403|0000000000113762|076.05
26022026|513502|0000000000078998|0000000000733099|0000000000078998|0000000000733099|100.00
26022026|513511|0000000000000675|0000000000219443|0000000000000753|0000000000245342|089.64
26022026|513513|0000000000000200|0000000000002010|0000000000000200|0000000000002010|100.00
26022026|513517|0000000000001787|0000000000413602|0000000000001997|0000000000457770|089.48
26022026|513519|0000000000000935|0000000000857021|0000000000001527|0000000001388950|061.23
26022026|513528|0000000000564429|0000000042099376|0000000000564429|0000000042099376|100.00
26022026|513532|0000000000007895|0000000002560744|0000000000008652|0000000002828042|091.25
26022026|513536|0000000000021588|0000000002186865|0000000000032635|0000000003304985|066.15
26022026|513548|0000000000000213|0000000000034869|0000000000000227|0000000000037296|093.83
26022026|513554|0000000000000309|0000000000236909|0000000000000309|0000000000236909|100.00
26022026|513566|0000000000018199|0000000000258608|0000000000028907|0000000000410607|062.96
26022026|513575|0000000000002876|0000000000069657|0000000000002887|0000000000068097|099.62
26022026|513599|0000000000338359|0000000197517067|0000000000811994|0000000475450703|041.67
26022026|513629|0000000000003411|0000000000081899|0000000000003411|0000000000083792|100.00
26022026|513642|0000000000000100|0000000000004571|0000000000000100|0000000000004571|100.00
26022026|513683|0000000000017283|0000000004535060|0000000000032703|0000000008598469|052.85
26022026|513687|0000000000000084|0000000000000472|0000000000000084|0000000000000472|100.00
26022026|513693|0000000000000874|0000000000025915|0000000000000894|0000000000026825|097.76
26022026|513699|0000000000000077|0000000000002140|0000000000000107|0000000000002861|071.96
26022026|513709|0000000000000378|0000000000068343|0000000000000441|0000000000080121|085.71
26022026|513713|0000000000013693|0000000000053266|0000000000014466|0000000000056658|094.66
26022026|513721|0000000000000050|0000000000000899|0000000000000050|0000000000000899|100.00
26022026|513729|0000000000002992|0000000000080096|0000000000003595|0000000000097275|083.23
26022026|514010|0000000000084204|0000000002020896|0000000000092598|0000000002219643|090.94
26022026|514028|0000000000000746|0000000000029833|0000000000000752|0000000000029369|099.20
26022026|514030|0000000000000720|0000000000087480|0000000000000731|0000000000088704|098.50
26022026|514036|0000000000000147|0000000000032100|0000000000000147|0000000000032100|100.00
26022026|514043|0000000000015827|0000000001576370|0000000000021330|0000000002128698|074.20
26022026|514045|0000000000000616|0000000000080450|0000000000000619|0000000000081373|099.52
26022026|514060|0000000000004222|0000000000020731|0000000000004460|0000000000021932|094.66
26022026|514087|0000000000000056|0000000000003189|0000000000000083|0000000000004739|067.47
26022026|514113|0000000000000001|0000000000000021|0000000000000001|0000000000000021|100.00
26022026|514128|0000000000000009|0000000000000372|0000000000000009|0000000000000372|100.00
26022026|514138|0000000000002274|0000000000765201|0000000000002764|0000000000918806|082.27
26022026|514142|0000000000002021|0000000000019904|0000000000002021|0000000000019904|100.00
26022026|514162|0000000000042320|0000000005349248|0000000000102179|0000000012915598|041.42
26022026|514165|0000000000012922|0000000000075336|0000000000016982|0000000000098963|076.09
26022026|514167|0000000000001028|0000000000803691|0000000000001645|0000000001281064|062.49
26022026|514171|0000000000000284|0000000000012862|0000000000000284|0000000000012862|100.00
26022026|514175|0000000000268541|0000000002344363|0000000000370281|0000000003089942|072.52
26022026|514177|0000000000000523|0000000000039696|0000000000000523|0000000000039695|100.00
26022026|514183|0000000000008311|0000000000680588|0000000000009672|0000000000789557|085.93
26022026|514197|0000000000014042|0000000000056871|0000000000018321|0000000000072436|076.64
26022026|514211|0000000000093490|0000000002445699|0000000000165240|0000000004414036|056.58
26022026|514223|0000000000002700|0000000000050508|0000000000002700|0000000000050508|100.00
26022026|514234|0000000000000675|0000000000314584|0000000000000704|0000000000328590|095.88
26022026|514238|0000000000001179|0000000001026674|0000000000001268|0000000001124786|092.98
26022026|514240|0000000000001586|0000000000010674|0000000000002511|0000000000016902|063.16
26022026|514264|0000000000000007|0000000000000137|0000000000000010|0000000000000173|070.00
26022026|514266|0000000000001556|0000000000079792|0000000000001830|0000000000092545|085.03
26022026|514272|0000000000005109|0000000000561990|0000000000005136|0000000000564413|099.47
26022026|514274|0000000000000592|0000000000077996|0000000000000902|0000000000117866|065.63
26022026|514280|0000000000000357|0000000000050570|0000000000000370|0000000000052513|096.49
26022026|514286|0000000000006464|0000000000095215|0000000000007271|0000000000108475|088.90
26022026|514300|0000000000000150|0000000000003795|0000000000000150|0000000000003796|100.00
26022026|514302|0000000000000189|0000000000028473|0000000000000189|0000000000028944|100.00
26022026|514316|0000000000007025|0000000000838785|0000000000007608|0000000000891257|092.34
26022026|514322|0000000000000050|0000000000004233|0000000000000100|0000000000007995|050.00
26022026|514324|0000000000000640|0000000000443744|0000000000001154|0000000000809658|055.46
26022026|514326|0000000000000223|0000000000001769|0000000000000223|0000000000001780|100.00
26022026|514330|0000000000013434|0000000009234873|0000000000013434|0000000009234873|100.00
26022026|514332|0000000000001814|0000000000074520|0000000000001921|0000000000079865|094.43
26022026|514336|0000000000000057|0000000000004327|0000000000000057|0000000000004327|100.00
26022026|514348|0000000000000400|0000000000000712|0000000000000400|0000000000000712|100.00
26022026|514354|0000000000002172|0000000000113574|0000000000002958|0000000000155457|073.43
26022026|514358|0000000000001047|0000000000095288|0000000000001113|0000000000100782|094.07
26022026|514360|0000000000023083|0000000000677487|0000000000038810|0000000001134251|059.48
26022026|514378|0000000000002235|0000000000029391|0000000000002256|0000000000028527|099.07
26022026|514386|0000000000042507|0000000000357484|0000000000043457|0000000000365677|097.81
26022026|514400|0000000000000693|0000000000015868|0000000000000693|0000000000015868|100.00
26022026|514402|0000000000019705|0000000000250648|0000000000022537|0000000000287793|087.43
26022026|514412|0000000000000005|0000000000000809|0000000000000005|0000000000000809|100.00
26022026|514414|0000000000000010|0000000000000089|0000000000000010|0000000000000089|100.00
26022026|514418|0000000000000078|0000000000032292|0000000000000146|0000000000059997|053.42
26022026|514428|0000000000000925|0000000000281848|0000000000000933|0000000000280389|099.14
26022026|514440|0000000000125669|0000000006145169|0000000000125669|0000000006145169|100.00
26022026|514442|0000000000001348|0000000000026246|0000000000001354|0000000000026448|099.56
26022026|514448|0000000000010409|0000000008733151|0000000000016420|0000000013906087|063.39
26022026|514450|0000000000000535|0000000000094160|0000000000000567|0000000000099605|094.36
26022026|514454|0000000000002959|0000000000090931|0000000000003197|0000000000098037|092.56
26022026|514460|0000000000000300|0000000000005170|0000000000000300|0000000000005170|100.00
26022026|514470|0000000000026220|0000000001973842|0000000000027181|0000000002051390|096.46
26022026|515008|0000000000049072|0000000012025094|0000000000067893|0000000017088853|072.28
26022026|515018|0000000000000375|0000000000015784|0000000000000381|0000000000016038|098.43
26022026|515030|0000000000022207|0000000020880132|0000000000023749|0000000022231512|093.51
26022026|515037|0000000000002673|0000000000088129|0000000000002748|0000000000089710|097.27
26022026|515043|0000000000009364|0000000000927973|0000000000012919|0000000001282188|072.48
26022026|515055|0000000000065182|0000000034940812|0000000000127634|0000000068933585|051.07
26022026|515059|0000000000000692|0000000000021785|0000000000000843|0000000000026099|082.09
26022026|515085|0000000000006135|0000000000039633|0000000000006789|0000000000044461|090.37
26022026|515093|0000000000000001|0000000000000039|0000000000000002|0000000000000076|050.00
26022026|515147|0000000000053804|0000000004951583|0000000000060385|0000000005557141|089.10
26022026|516003|0000000000001043|0000000000144873|0000000000001342|0000000000185830|077.72
26022026|516016|0000000000000005|0000000000000763|0000000000000005|0000000000000762|100.00
26022026|516020|0000000000000100|0000000000000429|0000000000000100|0000000000000429|100.00
26022026|516022|0000000000000060|0000000000008550|0000000000000060|0000000000008562|100.00
26022026|516030|0000000000001661|0000000000150670|0000000000003245|0000000000290312|051.19
26022026|516032|0000000000005487|0000000000038958|0000000000005588|0000000000039066|098.19
26022026|516038|0000000000001763|0000000000429782|0000000000001763|0000000000429782|100.00
26022026|516062|0000000000003287|0000000000018637|0000000000003287|0000000000018637|100.00
26022026|516064|0000000000000353|0000000000143866|0000000000000560|0000000000229163|063.04
26022026|516072|0000000000001291|0000000000656280|0000000000001645|0000000000835920|078.48
26022026|516078|0000000000004408|0000000000259367|0000000000007658|0000000000449103|057.56
26022026|516082|0000000000000117|0000000000051475|0000000000000132|0000000000057706|088.64
26022026|516092|0000000000001170|0000000000039078|0000000000001173|0000000000039480|099.74
26022026|516098|0000000000001707|0000000000014203|0000000000002136|0000000000018086|079.92
26022026|516106|0000000000001904|0000000000012376|0000000000002525|0000000000016569|075.41
26022026|516108|0000000000003025|0000000000284048|0000000000003134|0000000000290571|096.52
26022026|516110|0000000000039838|0000000000133458|0000000000045272|0000000000151462|088.00
26022026|517015|0000000000000397|0000000000409982|0000000000000478|0000000000502853|083.05
26022026|517035|0000000000048776|0000000008587015|0000000000078288|0000000013727598|062.30
26022026|517041|0000000000000186|0000000000197672|0000000000000218|0000000000232009|085.32
26022026|517059|0000000000001529|0000000001010364|0000000000003895|0000000002593064|039.26
26022026|517063|0000000000003648|0000000000491568|0000000000004686|0000000000608244|077.85
26022026|517077|0000000000000001|0000000000000057|0000000000000001|0000000000000057|100.00
26022026|517096|0000000000000444|0000000000032848|0000000000003929|0000000000297154|011.30
26022026|517119|0000000000004400|0000000000086856|0000000000004941|0000000000099298|089.05
26022026|517146|0000000000016336|0000000006938716|0000000000032954|0000000014077680|049.57
26022026|517166|0000000000018417|0000000002803989|0000000000024731|0000000003776689|074.47
26022026|517168|0000000000001328|0000000001065787|0000000000001722|0000000001379559|077.12
26022026|517170|0000000000014460|0000000000318554|0000000000017123|0000000000377539|084.45
26022026|517174|0000000000000016|0000000000500006|0000000000000025|0000000000782456|064.00
26022026|517201|0000000000006629|0000000000551114|0000000000006629|0000000000551114|100.00
26022026|517206|0000000000000195|0000000001183904|0000000000000864|0000000005304975|022.57
26022026|517214|0000000000008016|0000000000156312|0000000000009631|0000000000191039|083.23
26022026|517236|0000000000001599|0000000000130399|0000000000001859|0000000000154403|086.01
26022026|517238|0000000000000517|0000000000086029|0000000000000575|0000000000096006|089.91
26022026|517246|0000000000010396|0000000001695588|0000000000013278|0000000002195619|078.29
26022026|517258|0000000000000276|0000000000036239|0000000000000289|0000000000039414|095.50
26022026|517264|0000000000000017|0000000000001360|0000000000000017|0000000000001359|100.00
26022026|517271|0000000000015134|0000000010599097|0000000000040297|0000000028342892|037.56
26022026|517273|0000000000000085|0000000000027200|0000000000000085|0000000000027200|100.00
26022026|517286|0000000000074697|0000000003997084|0000000000074697|0000000003997084|100.00
26022026|517288|0000000000002465|0000000000147728|0000000000004078|0000000000251468|060.45
26022026|517300|0000000000003489|0000000000503289|0000000000005330|0000000000764266|065.46
26022026|517320|0000000000004025|0000000000241832|0000000000004025|0000000000241832|100.00
26022026|517334|0000000000153938|0000000020820115|0000000000287710|0000000038691459|053.50
26022026|517336|0000000000000100|0000000000001161|0000000000000100|0000000000001161|100.00
26022026|517344|0000000000001098|0000000000235247|0000000000001655|0000000000353092|066.34
26022026|517354|0000000000001849|0000000002612915|0000000000004594|0000000006497577|040.25
26022026|517356|0000000000263156|0000000000331577|0000000000301222|0000000000375809|087.36
26022026|517360|0000000000000302|0000000000005645|0000000000000303|0000000000005153|099.67
26022026|517370|0000000000008038|0000000000768514|0000000000015051|0000000001548063|053.40
26022026|517372|0000000000001954|0000000000847939|0000000000003035|0000000001319739|064.38
26022026|517380|0000000000003188|0000000001165055|0000000000005353|0000000002005921|059.56
26022026|517385|0000000000001327|0000000001109837|0000000000002016|0000000001689147|065.82
26022026|517393|0000000000029607|0000000000326685|0000000000029607|0000000000326685|100.00
26022026|517397|0000000000000007|0000000000000286|0000000000000007|0000000000000287|100.00
26022026|517411|0000000000000071|0000000000000758|0000000000002341|0000000000024043|003.03
26022026|517415|0000000000008638|0000000000066607|0000000000008638|0000000000066607|100.00
26022026|517417|0000000000006072|0000000001493712|0000000000008047|0000000001979938|075.46
26022026|517421|0000000000000005|0000000000003031|0000000000000005|0000000000003031|100.00
26022026|517429|0000000000005224|0000000000390547|0000000000006245|0000000000470502|083.65
26022026|517431|0000000000049742|0000000001163466|0000000000065369|0000000001529866|076.09
26022026|517437|0000000000000050|0000000000005600|0000000000000050|0000000000005600|100.00
26022026|517447|0000000000002957|0000000000105950|0000000000003616|0000000000130465|081.78
26022026|517449|0000000000000488|0000000000482193|0000000000000531|0000000000522026|091.90
26022026|517467|0000000000367890|0000000051136710|0000000001051551|0000000147076585|034.99
26022026|517477|0000000000009900|0000000003514500|0000000000010011|0000000003575232|098.89
26022026|517494|0000000000009063|0000000000115191|0000000000010297|0000000000130945|088.02
26022026|517498|0000000000164435|0000000009341553|0000000000423444|0000000024493464|038.83
26022026|517500|0000000000014470|0000000000838103|0000000000021092|0000000001230819|068.60
26022026|517506|0000000000000669|0000000000352664|0000000000000735|0000000000387364|091.02
26022026|517514|0000000000004251|0000000000600454|0000000000005975|0000000000843890|071.15
26022026|517522|0000000000001523|0000000000643163|0000000000003141|0000000001335585|048.49
26022026|517530|0000000000002805|0000000000050771|0000000000004756|0000000000086003|058.98
26022026|517536|0000000000001017|0000000000280794|0000000000001385|0000000000375562|073.43
26022026|517544|0000000000000494|0000000001325551|0000000000001410|0000000003765005|035.04
26022026|517546|0000000000031312|0000000001436282|0000000000047052|0000000002143612|066.55
26022026|517554|0000000001671767|0000000001354132|0000000002417122|0000000001984337|069.16
26022026|517556|0000000000036722|0000000001003613|0000000000038555|0000000001070470|095.25
26022026|517562|0000000000000846|0000000000043485|0000000000001129|0000000000058496|074.93
26022026|517569|0000000000009410|0000000047115870|0000000000022833|0000000114239355|041.21
26022026|518011|0000000000005126|0000000000283263|0000000000005144|0000000000284145|099.65
26022026|518053|0000000000003979|0000000000179016|0000000000005328|0000000000227941|074.68
26022026|518075|0000000000004242|0000000001026004|0000000000004242|0000000001026004|100.00
26022026|518091|0000000000001494|0000000000189738|0000000000001692|0000000000223187|088.30
26022026|519003|0000000000000072|0000000000021338|0000000000000082|0000000000024541|087.80
26022026|519014|0000000000000300|0000000000004497|0000000000000300|0000000000004497|100.00
26022026|519091|0000000000000244|0000000001768415|0000000000000258|0000000001870121|094.57
26022026|519097|0000000000000418|0000000000025080|0000000000000418|0000000000025167|100.00
26022026|519105|0000000000000610|0000000000039437|0000000000000638|0000000000041290|095.61
26022026|519126|0000000000000749|0000000000364876|0000000000001009|0000000000490348|074.23
26022026|519136|0000000000000182|0000000000017991|0000000000000469|0000000000046248|038.81
26022026|519152|0000000000000004|0000000000039900|0000000000000004|0000000000039948|100.00
26022026|519156|0000000000000287|0000000001410548|0000000000000406|0000000001985712|070.69
26022026|519174|0000000000000100|0000000000001045|0000000000000100|0000000000001045|100.00
26022026|519183|0000000000002160|0000000000437508|0000000000003798|0000000000769354|056.87
26022026|519191|0000000000019950|0000000000029805|0000000000019950|0000000000029805|100.00
26022026|519214|0000000000000005|0000000000000037|0000000000000005|0000000000000036|100.00
26022026|519216|0000000000037638|0000000000876213|0000000000046786|0000000001085356|080.45
26022026|519230|0000000000000757|0000000000012794|0000000000000809|0000000000013252|093.57
26022026|519234|0000000000002825|0000000000098000|0000000000005548|0000000000200944|050.92
26022026|519238|0000000000006095|0000000000270984|0000000000006205|0000000000274248|098.23
26022026|519262|0000000000000161|0000000000002737|0000000000000211|0000000000003584|076.30
26022026|519279|0000000000018736|0000000000138834|0000000000018737|0000000000138808|099.99
26022026|519285|0000000000001223|0000000000008054|0000000000001223|0000000000008054|100.00
26022026|519287|0000000000048692|0000000001610245|0000000000050016|0000000001641897|097.35
26022026|519295|0000000000000533|0000000000110465|0000000000000693|0000000000144404|076.91
26022026|519299|0000000000009843|0000000000381909|0000000000010331|0000000000386766|095.28
26022026|519307|0000000000250450|0000000000263470|0000000000250450|0000000000263470|100.00
26022026|519331|0000000000002725|0000000000107420|0000000000002794|0000000000107362|097.53
26022026|519359|0000000000000433|0000000000028362|0000000000000433|0000000000028362|100.00
26022026|519367|0000000000000036|0000000000017739|0000000000000036|0000000000017739|100.00
26022026|519383|0000000000000002|0000000000000091|0000000000000004|0000000000000188|050.00
26022026|519397|0000000000055424|0000000008618432|0000000000187934|0000000028872733|029.49
26022026|519421|0000000000001930|0000000000414757|0000000000002919|0000000000627789|066.12
26022026|519455|0000000000000547|0000000000031519|0000000000001245|0000000000072234|043.94
26022026|519457|0000000000000727|0000000000023017|0000000000000747|0000000000023509|097.32
26022026|519463|0000000000000393|0000000000240614|0000000000000393|0000000000240614|100.00
26022026|519471|0000000000005550|0000000000929348|0000000000005579|0000000000887525|099.48
26022026|519475|0000000000000001|0000000000000074|0000000000000001|0000000000000073|100.00
26022026|519477|0000000000046551|0000000060567092|0000000000046551|0000000060567092|100.00
26022026|519479|0000000000001025|0000000000009348|0000000000001025|0000000000009358|100.00
26022026|519483|0000000000000101|0000000000002981|0000000000000159|0000000000004810|063.52
26022026|519500|0000000000003609|0000000000032626|0000000000006431|0000000000057737|056.12
26022026|519506|0000000000000100|0000000000002302|0000000000000100|0000000000002302|100.00
26022026|519528|0000000000001901|0000000000176983|0000000000001901|0000000000176983|100.00
26022026|519532|0000000000001617|0000000000015928|0000000000002979|0000000000029257|054.28
26022026|519552|0000000000003830|0000000001247623|0000000000009256|0000000003016762|041.38
26022026|519566|0000000000001171|0000000000181505|0000000000001355|0000000000210062|086.42
26022026|519574|0000000000036420|0000000001346448|0000000000042576|0000000001587455|085.54
26022026|519600|0000000000003726|0000000003852684|0000000000008372|0000000008683330|044.51
26022026|519602|0000000000131078|0000000002615007|0000000000199182|0000000003955663|065.81
26022026|519604|0000000000000253|0000000000005430|0000000000000255|0000000000005407|099.22
26022026|519606|0000000000007005|0000000000249659|0000000000009608|0000000000330604|072.91
26022026|519612|0000000000000148|0000000000011248|0000000000000150|0000000000011633|098.67
26022026|520008|0000000000054561|0000000007150220|0000000000160161|0000000020780222|034.07
26022026|520021|0000000000004225|0000000000465807|0000000000004566|0000000000504298|092.53
26022026|520043|0000000000003682|0000000000472217|0000000000016935|0000000002184820|021.74
26022026|520051|0000000000117949|0000000017474145|0000000000204343|0000000030225002|057.72
26022026|520056|0000000000000940|0000000014611172|0000000000001338|0000000020705117|070.25
26022026|520057|0000000000015139|0000000002138384|0000000000021325|0000000003031401|070.99
26022026|520059|0000000000001938|0000000000158839|0000000000002940|0000000000242308|065.92
26022026|520066|0000000000015800|0000000001712878|0000000000030379|0000000003318665|052.01
26022026|520073|0000000000001080|0000000001536138|0000000000001573|0000000002251854|068.66
26022026|520075|0000000000000243|0000000000029549|0000000000000258|0000000000031744|094.19
26022026|520081|0000000000000100|0000000000001786|0000000000000100|0000000000001786|100.00
26022026|520086|0000000000276062|0000000018358287|0000000000276062|0000000018358287|100.00
26022026|520111|0000000000000603|0000000001424769|0000000000000849|0000000002038530|071.02
26022026|520113|0000000000010511|0000000005622860|0000000000016630|0000000008850905|063.20
26022026|520119|0000000000000781|0000000000353598|0000000000000843|0000000000384349|092.65
26022026|520121|0000000000013396|0000000000197655|0000000000013396|0000000000197655|100.00
26022026|520123|0000000000000120|0000000000007479|0000000000000238|0000000000015294|050.42
26022026|520127|0000000000005103|0000000000070065|0000000000005153|0000000000072102|099.03
26022026|520141|0000000000003213|0000000000024451|0000000000004576|0000000000034629|070.21
26022026|520151|0000000000000077|0000000000010934|0000000000000079|0000000000011115|097.47
26022026|520155|0000000000001107|0000000000042498|0000000000001265|0000000000048252|087.51
26022026|521005|0000000001091337|0000000000982204|0000000001177981|0000000001048993|092.64
26022026|521016|0000000000005062|0000000001375346|0000000000010345|0000000002800673|048.93
26022026|521018|0000000000000005|0000000000000216|0000000000000011|0000000000000503|045.45
26022026|521048|0000000000000510|0000000000012317|0000000000000528|0000000000012801|096.59
26022026|521054|0000000000000494|0000000000004886|0000000000000494|0000000000004692|100.00
26022026|521062|0000000000087278|0000000000427663|0000000000090589|0000000000431638|096.34
26022026|521064|0000000000294119|0000000007555918|0000000000492559|0000000012673859|059.71
26022026|521068|0000000000000100|0000000000006060|0000000000000100|0000000000006060|100.00
26022026|521070|0000000000362603|0000000005257744|0000000000618332|0000000008920472|058.64
26022026|521080|0000000000000111|0000000000000721|0000000000000127|0000000000000797|087.40
26022026|521097|0000000000000180|0000000000025038|0000000000000242|0000000000033715|074.38
26022026|521105|0000000000002772|0000000000081414|0000000000004400|0000000000128686|063.00
26022026|521109|0000000000000023|0000000000000605|0000000000000631|0000000000016312|003.64
26022026|521113|0000000000124382|0000000010115989|0000000000187575|0000000014893869|066.31
26022026|521131|0000000000008169|0000000000203654|0000000000011998|0000000000291445|068.09
26022026|521137|0000000000022201|0000000000122550|0000000000023382|0000000000130078|094.95
26022026|521141|0000000000000593|0000000000010674|0000000000000593|0000000000010674|100.00
26022026|521149|0000000000002136|0000000000017857|0000000000002471|0000000000020415|086.44
26022026|521151|0000000000000318|0000000000020174|0000000000000327|0000000000020374|097.25
26022026|521161|0000000000000004|0000000000000114|0000000000000004|0000000000000114|100.00
26022026|521163|0000000000001069|0000000000087969|0000000000001181|0000000000096256|090.52
26022026|521178|0000000000000031|0000000000001268|0000000000000036|0000000000001472|086.11
26022026|521180|0000000000003440|0000000000021672|0000000000003666|0000000000024385|093.84
26022026|521194|0000000000000050|0000000000022143|0000000000000050|0000000000022142|100.00
26022026|521200|0000000000000027|0000000000001616|0000000000000053|0000000000003292|050.94
26022026|521206|0000000000044671|0000000000062987|0000000000068796|0000000000097723|064.93
26022026|521210|0000000000000001|0000000000000014|0000000000000001|0000000000000013|100.00
26022026|521216|0000000000000338|0000000000027541|0000000000000562|0000000000045784|060.14
26022026|521222|0000000000000400|0000000000016228|0000000000000400|0000000000016228|100.00
26022026|521226|0000000000000286|0000000000005280|0000000000000387|0000000000007245|073.90
26022026|521228|0000000000054531|0000000000129784|0000000000059176|0000000000141028|092.15
26022026|521234|0000000000000077|0000000000002468|0000000000000079|0000000000002531|097.47
26022026|521238|0000000000021052|0000000002146252|0000000000044080|0000000004516887|047.76
26022026|521240|0000000000000498|0000000000048008|0000000000000572|0000000000055826|087.06
26022026|521244|0000000000000051|0000000000005610|0000000000000052|0000000000006077|098.08
26022026|521246|0000000000061210|0000000000135409|0000000000061210|0000000000135409|100.00
26022026|521248|0000000000015961|0000000002940017|0000000000034906|0000000006413971|045.73
26022026|522001|0000000000005813|0000000000418536|0000000000006952|0000000000512854|083.62
26022026|522004|0000000000004699|0000000000423192|0000000000007029|0000000000635530|066.85
26022026|522005|0000000000000175|0000000000020782|0000000000000333|0000000000039531|052.55
26022026|522014|0000000000002116|0000000000358345|0000000000006036|0000000001034669|035.06
26022026|522017|0000000000003744|0000000002139509|0000000000004239|0000000002439928|088.32
26022026|522029|0000000000000306|0000000000073502|0000000000000330|0000000000079795|092.73
26022026|522034|0000000000000037|0000000000016652|0000000000000037|0000000000016661|100.00
26022026|522036|0000000000000004|0000000000000304|0000000000000004|0000000000000310|100.00
26022026|522064|0000000000000125|0000000000271700|0000000000000155|0000000000338616|080.65
26022026|522073|0000000000000112|0000000000070490|0000000000000112|0000000000070490|100.00
26022026|522074|0000000000115152|0000000062395112|0000000000127803|0000000069866623|090.10
26022026|522091|0000000000003305|0000000000131307|0000000000003305|0000000000131307|100.00
26022026|522101|0000000000018542|0000000009425826|0000000000040698|0000000020665071|045.56
26022026|522105|0000000000010432|0000000000357818|0000000000011958|0000000000409039|087.24
26022026|522108|0000000000000045|0000000000034065|0000000000000061|0000000000045666|073.77
26022026|522113|0000000000000765|0000000002572351|0000000000001065|0000000003567532|071.83
26022026|522122|0000000000000067|0000000000105994|0000000000000085|0000000000134610|078.82
26022026|522134|0000000000010838|0000000001604024|0000000000012645|0000000001885884|085.71
26022026|522152|0000000000002021|0000000000210184|0000000000002021|0000000000210037|100.00
26022026|522163|0000000000090367|0000000012673972|0000000000191974|0000000027350737|047.07
26022026|522165|0000000000009206|0000000000344489|0000000000014813|0000000000558523|062.15
26022026|522183|0000000000002729|0000000000758253|0000000000002893|0000000000787439|094.33
26022026|522195|0000000000002071|0000000008978096|0000000000003377|0000000014628340|061.33
26022026|522205|0000000000042547|0000000013200207|0000000000112603|0000000034776751|037.78
26022026|522207|0000000000001100|0000000000068794|0000000000001320|0000000000081343|083.33
26022026|522209|0000000000021766|0000000000108830|0000000000030307|0000000000154896|071.82
26022026|522215|0000000000003329|0000000001069442|0000000000006484|0000000002120975|051.34
26022026|522217|0000000000000256|0000000000096231|0000000000000260|0000000000098364|098.46
26022026|522229|0000000000008675|0000000002239885|0000000000011371|0000000002924719|076.29
26022026|522231|0000000000000607|0000000000046260|0000000000000704|0000000000054179|086.22
26022026|522235|0000000000022878|0000000000052849|0000000000025132|0000000000058147|091.03
26022026|522237|0000000000000150|0000000000003729|0000000000000150|0000000000003728|100.00
26022026|522241|0000000000001069|0000000000493558|0000000000001819|0000000000849907|058.77
26022026|522245|0000000000000103|0000000000001157|0000000000000103|0000000000001157|100.00
26022026|522249|0000000000001431|0000000000777892|0000000000003320|0000000001808989|043.10
26022026|522251|0000000000001075|0000000000224299|0000000000001288|0000000000274493|083.46
26022026|522257|0000000000018428|0000000001157832|0000000000024086|0000000001527698|076.51
26022026|522261|0000000000078814|0000000032136409|0000000000213946|0000000089126246|036.84
26022026|522267|0000000000000001|0000000000000042|0000000000000002|0000000000000083|050.00
26022026|522273|0000000000000287|0000000000048346|0000000000000302|0000000000050630|095.03
26022026|522275|0000000000005896|0000000022786272|0000000000012250|0000000047249442|048.13
26022026|522281|0000000000000604|0000000000192948|0000000000000838|0000000000264799|072.08
26022026|522285|0000000000032503|0000000002537185|0000000000091068|0000000007137800|035.69
26022026|522287|0000000000002800|0000000003350900|0000000000006382|0000000007672816|043.87
26022026|522289|0000000000000256|0000000000022386|0000000000000256|0000000000022386|100.00
26022026|522292|0000000000017863|0000000002742864|0000000000027834|0000000004306256|064.18
26022026|522294|0000000000000235|0000000000043299|0000000000000365|0000000000068162|064.38
26022026|522295|0000000000000992|0000000000651744|0000000000001261|0000000000830633|078.67
26022026|522650|0000000000003697|0000000000302230|0000000000005488|0000000000450724|067.37
26022026|523007|0000000000000458|0000000000046945|0000000000000609|0000000000061565|075.21
26022026|523011|0000000000000001|0000000000000088|0000000000000001|0000000000000087|100.00
26022026|523019|0000000000080180|0000000001224349|0000000000122593|0000000001864417|065.40
26022026|523021|0000000000001993|0000000000082850|0000000000002017|0000000000081115|098.81
26022026|523023|0000000000004142|0000000000307710|0000000000005188|0000000000387728|079.84
26022026|523025|0000000000000124|0000000000230882|0000000000000429|0000000000801806|028.90
26022026|523062|0000000000000012|0000000000000733|0000000000000012|0000000000000733|100.00
26022026|523100|0000000000001134|0000000000132962|0000000000001221|0000000000146719|092.87
26022026|523105|0000000000028463|0000000000320779|0000000000042482|0000000000471654|067.00
26022026|523116|0000000000000038|0000000000027134|0000000000000096|0000000000067109|039.58
26022026|523120|0000000000013860|0000000001556898|0000000000013860|0000000001556898|100.00
26022026|523127|0000000000000064|0000000000021335|0000000000000083|0000000000027483|077.11
26022026|523144|0000000000002681|0000000000068554|0000000000003067|0000000000076478|087.41
26022026|523151|0000000000001753|0000000000015076|0000000000001753|0000000000015696|100.00
26022026|523160|0000000000005793|0000000007583617|0000000000006413|0000000008429105|090.33
26022026|523186|0000000000000044|0000000000007144|0000000000000057|0000000000009778|077.19
26022026|523204|0000000000002539|0000000000049946|0000000000002539|0000000000049946|100.00
26022026|523207|0000000000002058|0000000000168242|0000000000002516|0000000000205776|081.80
26022026|523222|0000000000000004|0000000000000080|0000000000000004|0000000000000080|100.00
26022026|523229|0000000000010236|0000000001988855|0000000000017451|0000000003420973|058.66
26022026|523232|0000000000000442|0000000000039144|0000000000000511|0000000000045218|086.50
26022026|523242|0000000000000700|0000000000005173|0000000000000700|0000000000005173|100.00
26022026|523248|0000000000000091|0000000000024238|0000000000000092|0000000000024862|098.91
26022026|523261|0000000000000509|0000000000690128|0000000000000815|0000000001110399|062.45
26022026|523269|0000000000001538|0000000000084068|0000000000001850|0000000000101362|083.14
26022026|523277|0000000000565280|0000000000202141|0000000000565280|0000000000202141|100.00
26022026|523283|0000000000000253|0000000000039557|0000000000000255|0000000000038962|099.22
26022026|523289|0000000000001347|0000000000177468|0000000000001728|0000000000228328|077.95
26022026|523301|0000000000000063|0000000000173421|0000000000000081|0000000000223150|077.78
26022026|523309|0000000000008040|0000000000696345|0000000000010714|0000000000928306|075.04
26022026|523319|0000000000005317|0000000000960782|0000000000006550|0000000001183481|081.18
26022026|523323|0000000000001521|0000000007807141|0000000000002247|0000000011503498|067.69
26022026|523329|0000000000000001|0000000000000938|0000000000000001|0000000000000937|100.00
26022026|523367|0000000000000103|0000000000109603|0000000000000168|0000000000179056|061.31
26022026|523369|0000000000006503|0000000000232158|0000000000007396|0000000000260485|087.93
26022026|523371|0000000000001592|0000000000124718|0000000000002487|0000000000194404|064.01
26022026|523373|0000000000006816|0000000000149203|0000000000034303|0000000000749675|019.87
26022026|523384|0000000000000033|0000000000003036|0000000000000035|0000000000003247|094.29
26022026|523385|0000000000000129|0000000000178614|0000000000000134|0000000000185635|096.27
26022026|523387|0000000000114921|0000000000145950|0000000000126349|0000000000157022|090.96
26022026|523391|0000000000000211|0000000000052961|0000000000000216|0000000000054101|097.69
26022026|523395|0000000000000029|0000000001055527|0000000000000106|0000000003876223|027.36
26022026|523398|0000000000000870|0000000001247711|0000000000001166|0000000001663145|074.61
26022026|523405|0000000000016298|0000000002163560|0000000000034825|0000000004665602|046.80
26022026|523411|0000000000001793|0000000002406744|0000000000002087|0000000002819420|085.91
26022026|523419|0000000000003414|0000000000029736|0000000000003778|0000000000032948|090.37
26022026|523445|0000000000000963|0000000000679734|0000000000001655|0000000001171548|058.19
26022026|523449|0000000000001173|0000000000052610|0000000000001875|0000000000086896|062.56
26022026|523457|0000000000002833|0000000019531411|0000000000005184|0000000035584806|054.65
26022026|523467|0000000000816095|0000000002211618|0000000001429867|0000000003761993|057.07
26022026|523475|0000000000003157|0000000002485822|0000000000004289|0000000003378343|073.61
26022026|523483|0000000000000510|0000000000068646|0000000000000966|0000000000130354|052.80
26022026|523489|0000000000000276|0000000000011220|0000000000000369|0000000000014512|074.80
26022026|523519|0000000000001020|0000000000008946|0000000000001106|0000000000009811|092.22
26022026|523537|0000000000005245|0000000000199992|0000000000005528|0000000000212853|094.88
26022026|523539|0000000000033490|0000000010279756|0000000000080167|0000000024680533|041.78
26022026|523550|0000000000004293|0000000000155450|0000000000005904|0000000000217221|072.71
26022026|523558|0000000000064601|0000000001091111|0000000000066716|0000000001123845|096.83
26022026|523574|0000000000007685|0000000000003765|0000000000007685|0000000000003765|100.00
26022026|523586|0000000000000352|0000000000086258|0000000000000388|0000000000094824|090.72
26022026|523594|0000000000000179|0000000000004359|0000000000000217|0000000000005104|082.49
26022026|523598|0000000000043419|0000000011642805|0000000000118603|0000000031939227|036.61
26022026|523606|0000000000005461|0000000005524894|0000000000013443|0000000013513934|040.62
26022026|523610|0000000000012482|0000000003414452|0000000000022356|0000000006112456|055.83
26022026|523618|0000000000003474|0000000003360227|0000000000010178|0000000009715243|034.13
26022026|523620|0000000000000317|0000000000028891|0000000000000317|0000000000028891|100.00
26022026|523630|0000000000408241|0000000031606019|0000000000431380|0000000033379518|094.64
26022026|523638|0000000000003880|0000000000473281|0000000000003880|0000000000473281|100.00
26022026|523642|0000000000002941|0000000009209301|0000000000004675|0000000014572670|062.91
26022026|523648|0000000000000006|0000000000000882|0000000000000006|0000000000000882|100.00
26022026|523650|0000000000515310|0000000023185896|0000000000515310|0000000023185896|100.00
26022026|523652|0000000000000253|0000000000007173|0000000000000253|0000000000007525|100.00
26022026|523660|0000000000023601|0000000001309270|0000000000023601|0000000001309270|100.00
26022026|523672|0000000000000656|0000000000028510|0000000000001128|0000000000048878|058.16
26022026|523676|0000000000005597|0000000001682739|0000000000008546|0000000002578372|065.49
26022026|523694|0000000000000427|0000000000156645|0000000000000456|0000000000167156|093.64
26022026|523696|0000000000015425|0000000000830328|0000000000024959|0000000001355045|061.80
26022026|523704|0000000000001264|0000000002007928|0000000000002703|0000000004332823|046.76
26022026|523708|0000000000000022|0000000000035306|0000000000000069|0000000000110827|031.88
26022026|523710|0000000000000504|0000000000146085|0000000000000585|0000000000167559|086.15
26022026|523716|0000000000002102|0000000000685883|0000000000003956|0000000001290925|053.13
26022026|523722|0000000000016156|0000000000145365|0000000000016156|0000000000145365|100.00
26022026|523732|0000000000004905|0000000000273062|0000000000005224|0000000000293183|093.89
26022026|523736|0000000000001251|0000000000314439|0000000000001721|0000000000432697|072.69
26022026|523752|0000000000041145|0000000000250574|0000000000044337|0000000000271658|092.80
26022026|523754|0000000000013197|0000000001571763|0000000000017428|0000000002095707|075.72
26022026|523790|0000000000000500|0000000000003735|0000000000000500|0000000000003735|100.00
26022026|523792|0000000000005940|0000000001215027|0000000000006071|0000000001323899|097.84
26022026|523796|0000000000008375|0000000001221180|0000000000008375|0000000001221180|100.00
26022026|523826|0000000000000286|0000000000006451|0000000000000286|0000000000006451|100.00
26022026|523828|0000000000001257|0000000000145938|0000000000001647|0000000000192147|076.32
26022026|523832|0000000000000105|0000000000002563|0000000000000105|0000000000002563|100.00
26022026|523836|0000000000000209|0000000000008214|0000000000000209|0000000000008075|100.00
26022026|523838|0000000000000088|0000000000017917|0000000000000247|0000000000050072|035.63
26022026|523840|0000000000006681|0000000000118187|0000000000007054|0000000000120582|094.71
26022026|523842|0000000000018961|0000000000130452|0000000000019448|0000000000133271|097.50
26022026|523844|0000000000000725|0000000000036823|0000000000000836|0000000000039149|086.72
26022026|523850|0000000000011784|0000000004047804|0000000000017371|0000000006130911|067.84
26022026|523862|0000000000001298|0000000000038045|0000000000001639|0000000000049289|079.19
26022026|523874|0000000000001287|0000000000148432|0000000000001287|0000000000148432|100.00
26022026|524000|0000000000060962|0000000028280272|0000000000144210|0000000067496443|042.27
26022026|524019|0000000000000166|0000000000722980|0000000000000204|0000000000911556|081.37
26022026|524031|0000000000000002|0000000000000019|0000000000000002|0000000000000018|100.00
26022026|524037|0000000000002056|0000000000268000|0000000000002911|0000000000379485|070.63
26022026|524038|0000000000003761|0000000000020724|0000000000003762|0000000000020730|099.97
26022026|524051|0000000000000659|0000000000550002|0000000000001140|0000000000940944|057.81
26022026|524055|0000000000000002|0000000000000078|0000000000000002|0000000000000078|100.00
26022026|524075|0000000000000025|0000000000017760|0000000000000025|0000000000017760|100.00
26022026|524080|0000000000000110|0000000000006534|0000000000000152|0000000000008716|072.37
26022026|524091|0000000000000808|0000000000735119|0000000000001516|0000000001387783|053.30
26022026|524109|0000000000001063|0000000000265750|0000000000001253|0000000000317435|084.84
26022026|524129|0000000000000072|0000000000015502|0000000000000072|0000000000015450|100.00
26022026|524136|0000000000000095|0000000000034196|0000000000000121|0000000000043366|078.51
26022026|524156|0000000000000704|0000000000034029|0000000000000704|0000000000034029|100.00
26022026|524164|0000000000012443|0000000000919787|0000000000025710|0000000001919380|048.40
26022026|524174|0000000000150904|0000000003503991|0000000000163957|0000000003793641|092.04
26022026|524200|0000000000019868|0000000029873525|0000000000020481|0000000030721736|097.01
26022026|524202|0000000000000007|0000000000000683|0000000000000007|0000000000000684|100.00
26022026|524204|0000000000001007|0000000000111929|0000000000001107|0000000000122956|090.97
26022026|524208|0000000000003536|0000000001610472|0000000000011026|0000000005022139|032.07
26022026|524210|0000000000000513|0000000000018720|0000000000000569|0000000000021382|090.16
26022026|524212|0000000000002259|0000000000592097|0000000000002259|0000000000592097|100.00
26022026|524218|0000000000002191|0000000000220415|0000000000002674|0000000000266306|081.94
26022026|524226|0000000000031721|0000000004574169|0000000000042459|0000000006085542|074.71
26022026|524230|0000000000010826|0000000001383563|0000000000026954|0000000003458448|040.16
26022026|524238|0000000000054803|0000000003507392|0000000000054803|0000000003507392|100.00
26022026|524280|0000000000002593|0000000000345258|0000000000006530|0000000000867296|039.71
26022026|524288|0000000000005080|0000000000241453|0000000000006067|0000000000296547|083.73
26022026|524314|0000000000000225|0000000000008924|0000000000000335|0000000000013473|067.16
26022026|524322|0000000000063717|0000000001853528|0000000000074436|0000000002197802|085.60
26022026|524324|0000000000000248|0000000000003396|0000000000000248|0000000000003396|100.00
26022026|524330|0000000000000035|0000000000006260|0000000000000039|0000000000006945|089.74
26022026|524332|0000000000024928|0000000000697984|0000000000040964|0000000001153268|060.85
26022026|524336|0000000000002052|0000000000218025|0000000000002054|0000000000213560|099.90
26022026|524342|0000000000004784|0000000001169688|0000000000004784|0000000001166626|100.00
26022026|524348|0000000000002100|0000000000773850|0000000000002885|0000000001069583|072.79
26022026|524370|0000000000047137|0000000002177730|0000000000050100|0000000002316198|094.09
26022026|524372|0000000000001473|0000000000927033|0000000000002292|0000000001442012|064.27
26022026|524394|0000000000001646|0000000000761522|0000000000003155|0000000001462073|052.17
26022026|524396|0000000000000912|0000000000028747|0000000000001197|0000000000038202|076.19
26022026|524400|0000000000000904|0000000000063109|0000000000001100|0000000000077345|082.18
26022026|524404|0000000000021855|0000000003858501|0000000000046003|0000000008211844|047.51
26022026|524408|0000000000001000|0000000000126650|0000000000001034|0000000000133272|096.71
26022026|524412|0000000000005950|0000000000466540|0000000000007333|0000000000562027|081.14
26022026|524414|0000000000000692|0000000000009612|0000000000000742|0000000000010186|093.26
26022026|524434|0000000000001979|0000000000016743|0000000000002005|0000000000016919|098.70
26022026|524440|0000000000010912|0000000000348421|0000000000012268|0000000000384380|088.95
26022026|524444|0000000004792765|0000000007428786|0000000006982127|0000000010831351|068.64
26022026|524458|0000000000014799|0000000000187356|0000000000018249|0000000000237455|081.09
26022026|524470|0000000000133297|0000000001711534|0000000000179775|0000000002297890|074.15
26022026|524480|0000000000001326|0000000000632967|0000000000001327|0000000000635471|099.92
26022026|524488|0000000000039622|0000000000091131|0000000000047533|0000000000110042|083.36
26022026|524494|0000000000006088|0000000009270502|0000000000014953|0000000022800080|040.71
26022026|524500|0000000000000492|0000000000160515|0000000000000494|0000000000161637|099.60
26022026|524506|0000000000001374|0000000000603393|0000000000001410|0000000000616857|097.45
26022026|524516|0000000000012983|0000000000636038|0000000000020777|0000000001013917|062.49
26022026|524518|0000000000000030|0000000000001740|0000000000000030|0000000000001740|100.00
26022026|524520|0000000000032377|0000000002785718|0000000000054841|0000000004771841|059.04
26022026|524522|0000000000000637|0000000000022276|0000000000000727|0000000000024170|087.62
26022026|524534|0000000000000507|0000000000062843|0000000000000573|0000000000068975|088.48
26022026|524542|0000000000001353|0000000000260250|0000000000001994|0000000000376442|067.85
26022026|524548|0000000000000789|0000000000075429|0000000000001444|0000000000138839|054.64
26022026|524558|0000000000000707|0000000009340743|0000000000001472|0000000019728190|048.03
26022026|524564|0000000000001350|0000000000017672|0000000000001895|0000000000024979|071.24
26022026|524570|0000000000000008|0000000000001871|0000000000000010|0000000000002329|080.00
26022026|524572|0000000000024170|0000000000754346|0000000000040760|0000000001270680|059.30
26022026|524576|0000000000008030|0000000000155542|0000000000008682|0000000000167518|092.49
26022026|524580|0000000000000020|0000000000000448|0000000000000020|0000000000000447|100.00
26022026|524582|0000000000000710|0000000000113068|0000000000000813|0000000000132467|087.33
26022026|524590|0000000000001617|0000000000026987|0000000000001617|0000000000026987|100.00
26022026|524592|0000000000037254|0000000000455989|0000000000038520|0000000000475800|096.71
26022026|524594|0000000000004139|0000000000539312|0000000000004250|0000000000552769|097.39
26022026|524602|0000000000000959|0000000000028256|0000000000000959|0000000000028256|100.00
26022026|524606|0000000000000301|0000000000006547|0000000000000319|0000000000006816|094.36
26022026|524614|0000000000048337|0000000000334976|0000000000083879|0000000000577508|057.63
26022026|524622|0000000000049367|0000000001832376|0000000000049367|0000000001832376|100.00
26022026|524624|0000000000000671|0000000000014058|0000000000000790|0000000000016529|084.94
26022026|524628|0000000000000004|0000000000000068|0000000000000004|0000000000000065|100.00
26022026|524632|0000000000217641|0000000008749810|0000000000217641|0000000008749810|100.00
26022026|524634|0000000000007199|0000000003349695|0000000000009055|0000000004228046|079.50
26022026|524636|0000000000001575|0000000000083523|0000000000001778|0000000000095618|088.58
26022026|524640|0000000000006285|0000000000245744|0000000000007160|0000000000281400|087.78
26022026|524642|0000000000053905|0000000000076007|0000000000053905|0000000000075406|100.00
26022026|524648|0000000000001673|0000000000181103|0000000000001853|0000000000201171|090.29
26022026|524654|0000000000021213|0000000003251953|0000000000022635|0000000003522473|093.72
26022026|524661|0000000006907624|0000000002210440|0000000012781360|0000000004092819|054.04
26022026|524663|0000000000010537|0000000000185979|0000000000016333|0000000000291644|064.51
26022026|524667|0000000000000932|0000000000348429|0000000000001309|0000000000495353|071.20
26022026|532160|0000000000012235|0000000000135931|0000000000023194|0000000000256489|052.75
26022026|532162|0000000000016218|0000000005793881|0000000000038394|0000000013645542|042.24
26022026|532163|0000000000003802|0000000001251809|0000000000006307|0000000002086452|060.28
26022026|532164|0000000000000191|0000000000000219|0000000000000191|0000000000000219|100.00
26022026|532172|0000000000006041|0000000000060894|0000000000006042|0000000000060900|099.98
26022026|532173|0000000000001117|0000000000129572|0000000000001397|0000000000163539|079.96
26022026|532174|0000000000765813|0000001075928975|0000000001380390|0000001939122053|055.48
26022026|532175|0000000000007221|0000000006657040|0000000000020580|0000000019213549|035.09
26022026|532178|0000000000355869|0000000079945971|0000000000554782|0000000124086265|064.15
26022026|532180|0000000000674079|0000000016157674|0000000000709527|0000000016929446|095.00
26022026|532181|0000000000049272|0000000028400381|0000000000117372|0000000067173317|041.98
26022026|532183|0000000000010068|0000000000086283|0000000000011942|0000000000102746|084.31
26022026|532187|0000000000926080|0000000893157856|0000000000993875|0000000942409021|093.18
26022026|532189|0000000000000720|0000000000381852|0000000000000756|0000000000402749|095.24
26022026|532209|0000000001609928|0000000195203770|0000000002799987|0000000330390521|057.50
26022026|532210|0000000000008016|0000000002325041|0000000000020752|0000000006000034|038.63
26022026|532212|0000000000000265|0000000000004177|0000000000000488|0000000000007584|054.30
26022026|532215|0000000000081646|0000000113871677|0000000000341655|0000000476501928|023.90
26022026|532216|0000000000000660|0000000000038419|0000000000000805|0000000000048189|081.99
26022026|532217|0000000000007932|0000000000247716|0000000000007932|0000000000247716|100.00
26022026|532218|0000000001527637|0000000063763569|0000000002147776|0000000089112401|071.13
26022026|532219|0000000000000589|0000000000009748|0000000000000761|0000000000012398|077.40
26022026|532221|0000000000006766|0000000001835616|0000000000022175|0000000006102464|030.51
26022026|532230|0000000000000221|0000000000034697|0000000000000221|0000000000034709|100.00
26022026|532234|0000000000168978|0000000061043303|0000000000366330|0000000132106050|046.13
26022026|532240|0000000000000987|0000000000820592|0000000000001452|0000000001207287|067.98
26022026|532256|0000000000000058|0000000000343613|0000000000000083|0000000000492377|069.88
26022026|532259|0000000000003663|0000000039525968|0000000000006898|0000000073348275|053.10
26022026|532268|0000000000001051|0000000001276282|0000000000001457|0000000001762433|072.13
26022026|532271|0000000000004344|0000000000011469|0000000000004546|0000000000011957|095.56
26022026|532275|0000000000029976|0000000000067446|0000000000030327|0000000000068235|098.84
26022026|532281|0000000000039711|0000000054541073|0000000000125653|0000000174442578|031.60
26022026|532284|0000000000025818|0000000000658618|0000000000028635|0000000000734016|090.16
26022026|532285|0000000000008464|0000000000539073|0000000000010363|0000000000662405|081.68
26022026|532286|0000000000018526|0000000023354802|0000000000029344|0000000037031681|063.13
26022026|532290|0000000000008241|0000000000147382|0000000000008241|0000000000147382|100.00
26022026|532296|0000000000015210|0000000032353952|0000000000021921|0000000046494710|069.39
26022026|532300|0000000000005606|0000000007653592|0000000000011979|0000000016510561|046.80
26022026|532303|0000000000000268|0000000000000813|0000000000000268|0000000000000812|100.00
26022026|532304|0000000000000982|0000000000053470|0000000000000987|0000000000051116|099.49
26022026|532305|0000000000005221|0000000000774536|0000000000011189|0000000001657590|046.66
26022026|532309|0000000000007789|0000000003668808|0000000000007789|0000000003668808|100.00
26022026|532310|0000000000005243|0000000000290672|0000000000006293|0000000000354844|083.31
26022026|532313|0000000000002245|0000000000825599|0000000000004213|0000000001558119|053.29
26022026|532315|0000000000025310|0000000000166793|0000000000030372|0000000000200788|083.33
26022026|532320|0000000000000026|0000000000000280|0000000000000026|0000000000000259|100.00
26022026|532321|0000000000029320|0000000027506558|0000000000075646|0000000070827091|038.76
26022026|532323|0000000000072994|0000000001350389|0000000000091314|0000000001680438|079.94
26022026|532324|0000000000000520|0000000000008060|0000000000000520|0000000000007945|100.00
26022026|532326|0000000000003471|0000000000353001|0000000000004664|0000000000471662|074.42
26022026|532329|0000000000002113|0000000001236422|0000000000002888|0000000001703761|073.16
26022026|532331|0000000000002510|0000000007483189|0000000000004264|0000000012850553|058.86
26022026|532332|0000000000000001|0000000000000087|0000000000000001|0000000000000087|100.00
26022026|532333|0000000000000991|0000000000059728|0000000000001230|0000000000073619|080.57
26022026|532334|0000000000001009|0000000000074767|0000000000001159|0000000000087039|087.06
26022026|532335|0000000000000148|0000000000003726|0000000000000206|0000000000005266|071.84
26022026|532339|0000000000003285|0000000000047797|0000000000003304|0000000000047211|099.42
26022026|532340|0000000000079353|0000000000360297|0000000000079353|0000000000360297|100.00
26022026|532341|0000000000001066|0000000000825946|0000000000001066|0000000000825946|100.00
26022026|532343|0000000000011742|0000000046430217|0000000000023645|0000000093246631|049.66
26022026|532344|0000000000000015|0000000000003075|0000000000000018|0000000000003732|083.33
26022026|532348|0000000000082716|0000000000753543|0000000000132799|0000000001215051|062.29
26022026|532349|0000000000001006|0000000001052226|0000000000001256|0000000001311701|080.10
26022026|532350|0000000000013984|0000000000060982|0000000000013984|0000000000060982|100.00
26022026|532351|0000000000043341|0000000000209338|0000000000053716|0000000000259760|080.69
26022026|532354|0000000000001074|0000000000003985|0000000000001074|0000000000003978|100.00
26022026|532355|0000000000122341|0000000000688780|0000000000183427|0000000000960643|066.70
26022026|532356|0000000000029178|0000000011519475|0000000000036618|0000000014353104|079.68
26022026|532357|0000000000000801|0000000000043495|0000000000001215|0000000000065374|065.93
26022026|532359|0000000000104872|0000000000376490|0000000000104872|0000000000376490|100.00
26022026|532362|0000000000000005|0000000000000740|0000000000000005|0000000000000740|100.00
26022026|532365|0000000000002180|0000000002059991|0000000000006502|0000000006092177|033.53
26022026|532366|0000000000001464|0000000000114500|0000000000001847|0000000000145128|079.26
26022026|532368|0000000001447983|0000000015662778|0000000001447983|0000000015662778|100.00
26022026|532369|0000000000001365|0000000000403767|0000000000001856|0000000000549456|073.55
26022026|532370|0000000000001619|0000000000727822|0000000000004644|0000000002097189|034.86
26022026|532371|0000000000067309|0000000002826305|0000000000122591|0000000005127602|054.91
26022026|532372|0000000000007597|0000000000149358|0000000000009949|0000000000191216|076.36
26022026|532373|0000000000003056|0000000000066029|0000000000003056|0000000000066029|100.00
26022026|532374|0000000000067743|0000000011147111|0000000000175358|0000000029114360|038.63
26022026|532375|0000000000003180|0000000001721175|0000000000004464|0000000002449206|071.24
26022026|532376|0000000000000050|0000000000004345|0000000000000050|0000000000004345|100.00
26022026|532378|0000000000000050|0000000000000285|0000000000000050|0000000000000284|100.00
26022026|532379|0000000000000019|0000000000000132|0000000000000019|0000000000000132|100.00
26022026|532380|0000000000103871|0000000001444845|0000000000103871|0000000001444845|100.00
26022026|532382|0000000000037220|0000000004059214|0000000000063039|0000000006711050|059.04
26022026|532384|0000000000003124|0000000000366914|0000000000005141|0000000000596711|060.77
26022026|532386|0000000000008143|0000000000103987|0000000000009100|0000000000117371|089.48
26022026|532387|0000000000000700|0000000000016282|0000000000000929|0000000000021613|075.35
26022026|532388|0000000000373645|0000000013735191|0000000000785152|0000000028837290|047.59
26022026|532390|0000000000002067|0000000000699267|0000000000002853|0000000000971156|072.45
26022026|532392|0000000000000604|0000000000004102|0000000000000624|0000000000004514|096.79
26022026|532395|0000000000003181|0000000004678933|0000000000006320|0000000009436649|050.33
26022026|532397|0000000000000146|0000000000002389|0000000000000248|0000000000004229|058.87
26022026|532398|0000000000038316|0000000000160161|0000000000072813|0000000000299979|052.62
26022026|532400|0000000000092616|0000000035550652|0000000000176028|0000000067575369|052.61
26022026|532402|0000000000009253|0000000000074580|0000000000017657|0000000000139011|052.40
26022026|532404|0000000000005197|0000000000194680|0000000000006990|0000000000266209|074.35
26022026|532406|0000000000032154|0000000004702523|0000000000069204|0000000010116445|046.46
26022026|532407|0000000000031201|0000000006099796|0000000000088180|0000000017261266|035.38
26022026|532408|0000000000013521|0000000002141727|0000000000018497|0000000002965493|073.10
26022026|532410|0000000000006368|0000000000161939|0000000000006981|0000000000174919|091.22
26022026|532413|0000000000033628|0000000000164495|0000000000033628|0000000000164495|100.00
26022026|532416|0000000000002133|0000000000012372|0000000000002234|0000000000013789|095.48
26022026|532419|0000000000000200|0000000000023510|0000000000000200|0000000000023601|100.00
26022026|532424|0000000000003610|0000000004474054|0000000000006098|0000000007534783|059.20
26022026|532425|0000000000003092|0000000000077820|0000000000003092|0000000000077820|100.00
26022026|532430|0000000000000671|0000000000336286|0000000000000671|0000000000336286|100.00
26022026|532432|0000000000011060|0000000015366764|0000000000021513|0000000029929036|051.41
26022026|532435|0000000000015793|0000000000106129|0000000000018774|0000000000126743|084.12
26022026|532439|0000000000006594|0000000006663237|0000000000017880|0000000018149999|036.88
26022026|532440|0000000000001032|0000000001554760|0000000000001467|0000000002224043|070.35
26022026|532443|0000000000000169|0000000000835460|0000000000000308|0000000001522131|054.87
26022026|532444|0000000000000492|0000000000000797|0000000000000492|0000000000000797|100.00
26022026|532454|0000000000198686|0000000383165951|0000000000482209|0000000925453390|041.20
26022026|532455|0000000000001250|0000000000023300|0000000000002337|0000000000042946|053.49
26022026|532457|0000000000001438|0000000000223681|0000000000003068|0000000000479081|046.87
26022026|532460|0000000000000122|0000000000032422|0000000000000181|0000000000048023|067.40
26022026|532461|0000000003904106|0000000509290628|0000000004665392|0000000604611415|083.68
26022026|532466|0000000000002658|0000000018226305|0000000000005451|0000000037156241|048.76
26022026|532467|0000000000241178|0000000007724932|0000000000370251|0000000012091094|065.14
26022026|532468|0000000000000823|0000000002206258|0000000000000872|0000000002336882|094.38
26022026|532475|0000000000003816|0000000000330504|0000000000007167|0000000000623274|053.24
26022026|532477|0000000000228336|0000000046021121|0000000000559279|0000000112272151|040.83
26022026|532478|0000000000000701|0000000001116168|0000000000001348|0000000002141752|052.00
26022026|532481|0000000000003040|0000000000011492|0000000000004325|0000000000016704|070.29
26022026|532482|0000000000011776|0000000006951373|0000000000016110|0000000009541358|073.10
26022026|532483|0000000000767980|0000000122032022|0000000001587669|0000000253219421|048.37
26022026|532485|0000000000038459|0000000002786355|0000000000046332|0000000003352010|083.01
26022026|532486|0000000000001490|0000000001370577|0000000000002619|0000000002435398|056.89
26022026|532488|0000000000006590|0000000042639277|0000000000013693|0000000088537271|048.13
26022026|532493|0000000000020904|0000000020738859|0000000000037990|0000000037544992|055.02
26022026|532497|0000000000005250|0000000014169750|0000000000011981|0000000032261487|043.82
26022026|532500|0000000000005110|0000000077738686|0000000000010032|0000000151932820|050.94
26022026|532503|0000000000000228|0000000000182708|0000000000000248|0000000000199566|091.94
26022026|532504|0000000000001189|0000000007709833|0000000000002698|0000000017465329|044.07
26022026|532505|0000000000484532|0000000014448745|0000000000938459|0000000027916536|051.63
26022026|532507|0000000000007701|0000000000040662|0000000000010578|0000000000056158|072.80
26022026|532508|0000000000005689|0000000004603255|0000000000012009|0000000009625086|047.37
26022026|532509|0000000000003261|0000000001432232|0000000000005823|0000000002554197|056.00
26022026|532513|0000000000001053|0000000000392312|0000000000001053|0000000000392312|100.00
26022026|532514|0000000000139570|0000000024047911|0000000000211872|0000000036313135|065.87
26022026|532515|0000000000001306|0000000000163903|0000000000002516|0000000000316215|051.91
26022026|532521|0000000000001338|0000000000045640|0000000000002339|0000000000081371|057.20
26022026|532522|0000000000019443|0000000006164404|0000000000032141|0000000010158428|060.49
26022026|532523|0000000000043857|0000000017281851|0000000000139980|0000000055429032|031.33
26022026|532524|0000000000024293|0000000003986482|0000000000041631|0000000006847169|058.35
26022026|532525|0000000001929821|0000000145933065|0000000003781587|0000000282685963|051.03
26022026|532527|0000000000006567|0000000003586568|0000000000008707|0000000004757943|075.42
26022026|532528|0000000000001999|0000000001549425|0000000000006492|0000000005052053|030.79
26022026|532529|0000000000007319|0000000000595328|0000000000008285|0000000000673371|088.34
26022026|532531|0000000000001290|0000000001112303|0000000000002988|0000000002580874|043.17
26022026|532532|0000000000574380|0000000001698754|0000000000574380|0000000001698754|100.00
26022026|532538|0000000000003350|0000000043329235|0000000000005154|0000000066720468|065.00
26022026|532539|0000000000007099|0000000008727866|0000000000019624|0000000024022996|036.18
26022026|532540|0000000000082614|0000000218737088|0000000000180513|0000000478557989|045.77
26022026|532541|0000000000074279|0000000089127373|0000000000166732|0000000202575996|044.55
26022026|532543|0000000000002825|0000000000091191|0000000000003374|0000000000109057|083.73
26022026|532548|0000000000002013|0000000001535517|0000000000002318|0000000001759279|086.84
26022026|532553|0000000000000762|0000000000374790|0000000000001021|0000000000504569|074.63
26022026|532555|0000000000218377|0000000083387258|0000000000449207|0000000171733431|048.61
26022026|532604|0000000000004234|0000000000196991|0000000000004234|0000000000196991|100.00
26022026|532605|0000000000007736|0000000004334868|0000000000017790|0000000009987228|043.49
26022026|532610|0000000000017482|0000000000637919|0000000000031037|0000000001102788|056.33
26022026|532612|0000000000002371|0000000000484396|0000000000002425|0000000000496065|097.77
26022026|532613|0000000000315590|0000000006450660|0000000000503128|0000000010353595|062.73
26022026|532614|0000000000001117|0000000000001847|0000000000001117|0000000000001847|100.00
26022026|532616|0000000000001169|0000000000076512|0000000000002095|0000000000136357|055.80
26022026|532624|0000000000000011|0000000000014585|0000000000000011|0000000000014587|100.00
26022026|532626|0000000000004837|0000000005618176|0000000000009340|0000000010973115|051.79
26022026|532627|0000000001196120|0000000017403546|0000000002161627|0000000031468609|055.33
26022026|532628|0000000000010873|0000000000151788|0000000000015145|0000000000211083|071.79
26022026|532630|0000000000012208|0000000008302051|0000000000021177|0000000014556708|057.65
26022026|532633|0000000000000044|0000000000035645|0000000000000053|0000000000043338|083.02
26022026|532636|0000000000020247|0000000010220686|0000000000047220|0000000023836169|042.88
26022026|532637|0000000000003364|0000000000100281|0000000000004808|0000000000143465|069.97
26022026|532638|0000000000002540|0000000000801116|0000000000003918|0000000001237801|064.83
26022026|532640|0000000000000348|0000000000005137|0000000000000391|0000000000005803|089.00
26022026|532641|0000000000200425|0000000000537139|0000000000509727|0000000001377108|039.32
26022026|532642|0000000000030061|0000000517157420|0000000000030143|0000000516178644|099.73
26022026|532644|0000000000000866|0000000004965904|0000000000001496|0000000008524993|057.89
26022026|532645|0000000000001565|0000000000003944|0000000000001565|0000000000003943|100.00
26022026|532648|0000000004479819|0000000094210594|0000000008907008|0000000187041043|050.30
26022026|532649|0000000000008698|0000000000106029|0000000000009670|0000000000117414|089.95
26022026|532650|0000000000008916|0000000000285134|0000000000023537|0000000000759718|037.88
26022026|532651|0000000000000001|0000000000000031|0000000000000001|0000000000000030|100.00
26022026|532652|0000000000029131|0000000005996617|0000000000091443|0000000018879461|031.86
26022026|532654|0000000000018907|0000000000782939|0000000000021191|0000000000886444|089.22
26022026|532656|0000000000118551|0000000000299935|0000000000157924|0000000000396241|075.07
26022026|532660|0000000000003409|0000000000025602|0000000000004902|0000000000037172|069.54
26022026|532661|0000000000000195|0000000000159705|0000000000000251|0000000000203550|077.69
26022026|532662|0000000000008913|0000000000199028|0000000000009375|0000000000206743|095.07
26022026|532663|0000000000000349|0000000000396988|0000000000000403|0000000000459352|086.60
26022026|532666|0000000000144640|0000000000228532|0000000000192482|0000000000305695|075.14
26022026|532667|0000000003239645|0000000140179440|0000000007018418|0000000304046131|046.16
26022026|532668|0000000000003663|0000000003166298|0000000000007174|0000000006321976|051.06
26022026|532670|0000000000175200|0000000004196040|0000000000362975|0000000008625971|048.27
26022026|532673|0000000000019954|0000000000488873|0000000000020118|0000000000492504|099.18
26022026|532674|0000000000002310|0000000000053592|0000000000002914|0000000000067353|079.27
26022026|532676|0000000000002207|0000000000021585|0000000000002865|0000000000027760|077.03
26022026|532683|0000000000019476|0000000076382925|0000000000020374|0000000079882152|095.59
26022026|532684|0000000000003063|0000000000347192|0000000000005392|0000000000612861|056.81
26022026|532686|0000000000003084|0000000003334730|0000000000004934|0000000005336108|062.50
26022026|532687|0000000000000028|0000000000011419|0000000000000036|0000000000014738|077.78
26022026|532689|0000000000008804|0000000009083968|0000000000013542|0000000013938483|065.01
26022026|532694|0000000000044858|0000000000469664|0000000000069179|0000000000733708|064.84
26022026|532695|0000000000004490|0000000000037267|0000000000004496|0000000000036880|099.87
26022026|532698|0000000000009471|0000000003636391|0000000000012785|0000000004937569|074.08
26022026|532699|0000000000000181|0000000000065749|0000000000000233|0000000000084943|077.68
26022026|532700|0000000000000284|0000000000030175|0000000000000289|0000000000030601|098.27
26022026|532701|0000000000000521|0000000000006862|0000000000000521|0000000000006862|100.00
26022026|532702|0000000000009617|0000000002936071|0000000000013567|0000000004157406|070.89
26022026|532705|0000000000008903|0000000000567211|0000000000010000|0000000000634070|089.03
26022026|532707|0000000000003648|0000000000853450|0000000000025475|0000000005877665|014.32
26022026|532708|0000000000190918|0000000000544340|0000000000190918|0000000000544340|100.00
26022026|532710|0000000000385590|0000000004399582|0000000000509928|0000000005813132|075.62
26022026|532712|0000000000755790|0000000000691138|0000000000755790|0000000000691138|100.00
26022026|532713|0000000000130366|0000000000234659|0000000000169705|0000000000309778|076.82
26022026|532714|0000000000015968|0000000009501759|0000000000027738|0000000016517885|057.57
26022026|532716|0000000000001565|0000000000147893|0000000000001763|0000000000162344|088.77
26022026|532717|0000000000000795|0000000001253874|0000000000001739|0000000002734164|045.72
26022026|532719|0000000000027895|0000000001345934|0000000000030557|0000000001473327|091.29
26022026|532720|0000000000096983|0000000037517874|0000000000136134|0000000052284410|071.24
26022026|532721|0000000000000638|0000000000024685|0000000000000802|0000000000030898|079.55
26022026|532722|0000000000002216|0000000000168549|0000000000003713|0000000000284142|059.68
26022026|532725|0000000000006854|0000000094188011|0000000000011423|0000000156857821|060.00
26022026|532726|0000000000006456|0000000003763203|0000000000013547|0000000007830106|047.66
26022026|532728|0000000000001311|0000000000042136|0000000000001364|0000000000044250|096.11
26022026|532729|0000000000004971|0000000000981773|0000000000006593|0000000001274720|075.40
26022026|532730|0000000000014883|0000000000196605|0000000000016681|0000000000227768|089.22
26022026|532732|0000000000000087|0000000000044566|0000000000000110|0000000000055851|079.09
26022026|532733|0000000000002866|0000000001757145|0000000000004413|0000000002683799|064.94
26022026|532734|0000000000019296|0000000005251407|0000000000052111|0000000014245949|037.03
26022026|532735|0000000000024713|0000000007238438|0000000000025583|0000000007524605|096.60
26022026|532737|0000000000000279|0000000000066263|0000000000000282|0000000000066795|098.94
26022026|532738|0000000000073156|0000000001904251|0000000000088996|0000000002305454|082.20
26022026|532740|0000000000001093|0000000000201112|0000000000001166|0000000000213609|093.74
26022026|532741|0000000000117974|0000000002700425|0000000000204934|0000000004562355|057.57
26022026|532742|0000000000001180|0000000000549703|0000000000001320|0000000000619347|089.39
26022026|532744|0000000000004331|0000000000041223|0000000000004331|0000000000041223|100.00
26022026|532748|0000000000125650|0000000033573680|0000000000208116|0000000056368460|060.37
26022026|532749|0000000000177355|0000000001519933|0000000000265781|0000000002287295|066.73
26022026|532754|0000000000103681|0000000010598272|0000000000189433|0000000019356025|054.73
26022026|532755|0000000000025017|0000000034068151|0000000000073260|0000000100841784|034.15
26022026|532756|0000000000013551|0000000006665060|0000000000032821|0000000016281761|041.29
26022026|532757|0000000000001185|0000000010671222|0000000000002741|0000000024464926|043.23
26022026|532759|0000000000000264|0000000000010603|0000000000000270|0000000000011037|097.78
26022026|532761|0000000000000124|0000000000006820|0000000000000137|0000000000007631|090.51
26022026|532762|0000000000006777|0000000006056267|0000000000016262|0000000014649892|041.67
26022026|532764|0000000000007085|0000000002046857|0000000000007139|0000000002069840|099.24
26022026|532768|0000000000001119|0000000002472039|0000000000001900|0000000004258838|058.89
26022026|532771|0000000000000839|0000000000007971|0000000000000876|0000000000008510|095.78
26022026|532772|0000000000019120|0000000003594560|0000000000046463|0000000008825545|041.15
26022026|532773|0000000000000104|0000000000017264|0000000000000111|0000000000018170|093.69
26022026|532774|0000000000000023|0000000000001980|0000000000000023|0000000000001980|100.00
26022026|532775|0000000002923574|0000000003157460|0000000004505769|0000000004935235|064.89
26022026|532776|0000000000001945|0000000000038920|0000000000002672|0000000000053861|072.79
26022026|532777|0000000000017203|0000000018088955|0000000000027396|0000000028695469|062.79
26022026|532779|0000000000011831|0000000018512558|0000000000020709|0000000032377397|057.13
26022026|532780|0000000002995161|0000000020576757|0000000003043345|0000000020962567|098.42
26022026|532782|0000000000002218|0000000000069513|0000000000002247|0000000000070430|098.71
26022026|532783|0000000000015473|0000000006313758|0000000000036046|0000000014777548|042.93
26022026|532784|0000000000001847|0000000002659403|0000000000003265|0000000004731714|056.57
26022026|532785|0000000000000855|0000000000091443|0000000000001796|0000000000192899|047.61
26022026|532790|0000000000018280|0000000008573320|0000000000056411|0000000026395860|032.40
26022026|532794|0000000000054373|0000000000459750|0000000000054373|0000000000459750|100.00
26022026|532795|0000000000002232|0000000000001093|0000000000002232|0000000000001093|100.00
26022026|532796|0000000000013419|0000000023444335|0000000000022351|0000000038892928|060.04
26022026|532797|0000000000003444|0000000000265292|0000000000004174|0000000000322363|082.51
26022026|532798|0000000004617193|0000000154537450|0000000004743976|0000000161284265|097.33
26022026|532799|0000000000012661|0000000002682866|0000000000026931|0000000005715051|047.01
26022026|532801|0000000000001180|0000000000033206|0000000000001684|0000000000047889|070.07
26022026|532804|0000000000000057|0000000000128926|0000000000000075|0000000000170169|076.00
26022026|532805|0000000000041857|0000000010238223|0000000000088584|0000000021485831|047.25
26022026|532806|0000000000000305|0000000000008296|0000000000000462|0000000000012159|066.02
26022026|532807|0000000000005251|0000000000458938|0000000000005252|0000000000459133|099.98
26022026|532808|0000000000000401|0000000000622653|0000000000000801|0000000001246834|050.06
26022026|532809|0000000000027443|0000000006025111|0000000000097183|0000000021491126|028.24
26022026|532810|0000000000141271|0000000059383265|0000000000247074|0000000103910156|057.18
26022026|532811|0000000000005424|0000000004119528|0000000000008801|0000000006692529|061.63
26022026|532812|0000000000003774|0000000000052308|0000000000004154|0000000000059279|090.85
26022026|532814|0000000000027931|0000000027688001|0000000000061745|0000000060963787|045.24
26022026|532815|0000000000007194|0000000002803862|0000000000013465|0000000005244014|053.43
26022026|532817|0000000000004109|0000000000027572|0000000000004119|0000000000027845|099.76
26022026|532820|0000000000000709|0000000000010858|0000000000000709|0000000000010858|100.00
26022026|532822|0000000014477554|0000000157081461|0000000036195082|0000000397126857|040.00
26022026|532825|0000000000000335|0000000000001535|0000000000000335|0000000000001408|100.00
26022026|532826|0000000000001181|0000000000046485|0000000000001181|0000000000046484|100.00
26022026|532827|0000000000000266|0000000008571066|0000000000000366|0000000011853573|072.68
26022026|532828|0000000000000001|0000000000000042|0000000000000001|0000000000000041|100.00
26022026|532829|0000000000013624|0000000003144420|0000000000021781|0000000005024986|062.55
26022026|532830|0000000000005288|0000000008904464|0000000000012176|0000000020476511|043.43
26022026|532832|0000000000089494|0000000005300414|0000000000089494|0000000005300414|100.00
26022026|532834|0000000000012426|0000000001729078|0000000000018368|0000000002586091|067.65
26022026|532835|0000000000000159|0000000000890019|0000000000000220|0000000001226809|072.27
26022026|532839|0000000000536816|0000000001562135|0000000001026479|0000000003078726|052.30
26022026|532841|0000000000000261|0000000000065250|0000000000000303|0000000000075752|086.14
26022026|532842|0000000000000284|0000000000135184|0000000000000355|0000000000169315|080.00
26022026|532843|0000000000069477|0000000066979302|0000000000153802|0000000147062834|045.17
26022026|532845|0000000000000122|0000000000001136|0000000000000155|0000000000001446|078.71
26022026|532847|0000000000011271|0000000000199384|0000000000016207|0000000000286282|069.54
26022026|532848|0000000000063659|0000000003964683|0000000000076468|0000000004747267|083.25
26022026|532850|0000000000184605|0000000006998376|0000000000219291|0000000008455108|084.18
26022026|532851|0000000000000373|0000000000235046|0000000000000501|0000000000316229|074.45
26022026|532853|0000000000000937|0000000000206140|0000000000001151|0000000000246464|081.41
26022026|532855|0000000000000842|0000000000122848|0000000000000919|0000000000133261|091.62
26022026|532856|0000000000023833|0000000004471071|0000000000044212|0000000008330199|053.91
26022026|532859|0000000000002706|0000000001051146|0000000000003144|0000000001204699|086.07
26022026|532864|0000000000003650|0000000000411282|0000000000004453|0000000000507120|081.97
26022026|532867|0000000000000695|0000000001375718|0000000000001297|0000000002573761|053.59
26022026|532868|0000000000045905|0000000028041070|0000000000112563|0000000068693065|040.78
26022026|532869|0000000000040874|0000000002653541|0000000000042968|0000000002748855|095.13
26022026|532870|0000000000013743|0000000000022468|0000000000013743|0000000000022468|100.00
26022026|532872|0000000000015387|0000000001971075|0000000000028998|0000000003751654|053.06
26022026|532875|0000000000001973|0000000000238438|0000000000004407|0000000000528121|044.77
26022026|532878|0000000000001949|0000000000127407|0000000000004963|0000000000336381|039.27
26022026|532879|0000000000000458|0000000000115645|0000000000000458|0000000000123557|100.00
26022026|532880|0000000000001028|0000000000080462|0000000000001272|0000000000099652|080.82
26022026|532884|0000000000028941|0000000006571055|0000000000050618|0000000011458179|057.18
26022026|532885|0000000000559301|0000000022612540|0000000001293707|0000000052243053|043.23
26022026|532886|0000000000000361|0000000000010621|0000000000000361|0000000000010621|100.00
26022026|532888|0000000000097515|0000000007116645|0000000000245486|0000000018107940|039.72
26022026|532889|0000000000002775|0000000002536073|0000000000006706|0000000006115622|041.38
26022026|532890|0000000000020867|0000000000925101|0000000000020867|0000000000925101|100.00
26022026|532891|0000000000005748|0000000001188112|0000000000011090|0000000002318700|051.83
26022026|532892|0000000000024273|0000000017712009|0000000000049692|0000000036276321|048.85
26022026|532893|0000000000009157|0000000000745655|0000000000011516|0000000000947313|079.52
26022026|532894|0000000000036135|0000000000336417|0000000000047285|0000000000439877|076.42
26022026|532895|0000000000000390|0000000000010519|0000000000000401|0000000000010623|097.26
26022026|532896|0000000000002187|0000000000047568|0000000000003888|0000000000085998|056.25
26022026|532898|0000000000583485|0000000177087698|0000000000715304|0000000218973418|081.57
26022026|532899|0000000000003956|0000000003158866|0000000000005972|0000000004789891|066.24
26022026|532900|0000000000159421|0000000005780606|0000000000224788|0000000008085213|070.92
26022026|532902|0000000000035252|0000000000561917|0000000000041679|0000000000665840|084.58
26022026|532904|0000000000000001|0000000000000083|0000000000000001|0000000000000083|100.00
26022026|532906|0000000000002411|0000000000339661|0000000000002411|0000000000339661|100.00
26022026|532907|0000000000000752|0000000000019063|0000000000000752|0000000000019063|100.00
26022026|532911|0000000000040297|0000000000297795|0000000000055057|0000000000406485|073.19
26022026|532915|0000000000015192|0000000003180446|0000000000035875|0000000007593184|042.35
26022026|532916|0000000000003202|0000000000134549|0000000000003215|0000000000137750|099.60
26022026|532918|0000000000005811|0000000000142893|0000000000006077|0000000000151261|095.62
26022026|532921|0000000000017272|0000000026781964|0000000000059652|0000000091993021|028.95
26022026|532922|0000000000072234|0000000008530836|0000000000186485|0000000022143921|038.73
26022026|532923|0000000000818088|0000000119031804|0000000001836447|0000000254886864|044.55
26022026|532924|0000000000003237|0000000001150916|0000000000003839|0000000001365314|084.32
26022026|532925|0000000000000232|0000000000207049|0000000000000237|0000000000202156|097.89
26022026|532926|0000000000007375|0000000001873988|0000000000016833|0000000004292150|043.81
26022026|532927|0000000000005104|0000000016862340|0000000000013805|0000000046133106|036.97
26022026|532928|0000000000171290|0000000053442480|0000000000461080|0000000142609028|037.15
26022026|532929|0000000000001742|0000000001247098|0000000000004466|0000000003213337|039.01
26022026|532930|0000000000003083|0000000001008193|0000000000003083|0000000001008193|100.00
26022026|532932|0000000000000106|0000000000006392|0000000000000155|0000000000009297|068.39
26022026|532933|0000000000005070|0000000000270941|0000000000006565|0000000000353613|077.23
26022026|532934|0000000000000443|0000000000097527|0000000000000548|0000000000120912|080.84
26022026|532935|0000000000001780|0000000000589536|0000000000001966|0000000000652377|090.54
26022026|532937|0000000000001150|0000000000103592|0000000000001308|0000000000117089|087.92
26022026|532939|0000000001497592|0000000037784247|0000000002922542|0000000073562076|051.24
26022026|532940|0000000000001801|0000000000984067|0000000000002850|0000000001555739|063.19
26022026|532941|0000000000000510|0000000000085706|0000000000000576|0000000000096554|088.54
26022026|532942|0000000000018967|0000000002550114|0000000000035601|0000000004780340|053.28
26022026|532944|0000000000002814|0000000000144696|0000000000004337|0000000000221139|064.88
26022026|532945|0000000000583764|0000000004500821|0000000001084075|0000000008546251|053.85
26022026|532946|0000000000002523|0000000000107480|0000000000002539|0000000000108167|099.37
26022026|532947|0000000000196556|0000000008172799|0000000000426221|0000000017708308|046.12
26022026|532951|0000000000002492|0000000000034839|0000000000002724|0000000000038116|091.48
26022026|532952|0000000000000006|0000000000001435|0000000000000011|0000000000002671|054.55
26022026|532953|0000000000002396|0000000000754860|0000000000004928|0000000001557186|048.62
26022026|532955|0000000000052857|0000000018703450|0000000000139931|0000000049540674|037.77
26022026|532957|0000000000001361|0000000000093929|0000000000001361|0000000000093929|100.00
26022026|532966|0000000000030056|0000000021420912|0000000000053922|0000000038598402|055.74
26022026|532967|0000000000012980|0000000005918880|0000000000015969|0000000007280844|081.28
26022026|532974|0000000000001873|0000000000247236|0000000000002164|0000000000285518|086.55
26022026|532975|0000000000001096|0000000000010950|0000000000001297|0000000000012777|084.50
26022026|532976|0000000000589825|0000000042461502|0000000001695212|0000000121543525|034.79
26022026|532977|0000000000004173|0000000042184023|0000000000009002|0000000090945102|046.36
26022026|532978|0000000000003308|0000000006752786|0000000000021452|0000000043891044|015.42
26022026|532980|0000000000006754|0000000000280224|0000000000006772|0000000000280815|099.73
26022026|532983|0000000000000139|0000000000265616|0000000000000189|0000000000359235|073.54
26022026|532985|0000000000043211|0000000003897201|0000000000044341|0000000003976852|097.45
26022026|532986|0000000000000622|0000000000018623|0000000000000742|0000000000021928|083.83
26022026|532989|0000000000000089|0000000000009461|0000000000000089|0000000000009462|100.00
26022026|532992|0000000000003845|0000000000109583|0000000000003926|0000000000112209|097.94
26022026|532993|0000000000001330|0000000000769405|0000000000001380|0000000000808646|096.38
26022026|532994|0000000000000012|0000000000001016|0000000000000014|0000000000001167|085.71
26022026|532998|0000000000000111|0000000000012099|0000000000000112|0000000000012220|099.11
26022026|533001|0000000000000220|0000000000023650|0000000000000220|0000000000023651|100.00
26022026|533007|0000000000028578|0000000000194902|0000000000031934|0000000000217325|089.49
26022026|533012|0000000000000865|0000000000005493|0000000000000922|0000000000005742|093.82
26022026|533014|0000000000007792|0000000000415937|0000000000007818|0000000000418921|099.67
26022026|533019|0000000000000039|0000000000056394|0000000000000039|0000000000056410|100.00
26022026|533022|0000000000002989|0000000000529502|0000000000003585|0000000000630159|083.38
26022026|533023|0000000000000070|0000000001086957|0000000000000116|0000000001794503|060.34
26022026|533029|0000000000000421|0000000000027997|0000000000000451|0000000000030349|093.35
26022026|533033|0000000000001796|0000000001608229|0000000000002931|0000000002623064|061.28
26022026|533047|0000000000001039|0000000001320725|0000000000003057|0000000003898120|033.99
26022026|533048|0000000000182168|0000000000107480|0000000000248718|0000000000146546|073.24
26022026|533056|0000000000024039|0000000000482944|0000000000036194|0000000000728242|066.42
26022026|533080|0000000000000474|0000000000271105|0000000000000782|0000000000443319|060.61
26022026|533088|0000000000002100|0000000000591255|0000000000003603|0000000001013636|058.28
26022026|533090|0000000000735261|0000000000823493|0000000000845196|0000000000946682|086.99
26022026|533093|0000000000002407|0000000000103501|0000000000026374|0000000001136999|009.13
26022026|533095|0000000000000287|0000000001797123|0000000000000540|0000000003378141|053.15
26022026|533096|0000000000197327|0000000027902038|0000000000388318|0000000054827923|050.82
26022026|533098|0000000000112435|0000000008515827|0000000000233066|0000000017598907|048.24
26022026|533100|0000000000010943|0000000000083058|0000000000017082|0000000000128433|064.06
26022026|533101|0000000000000037|0000000000004764|0000000000000070|0000000000009059|052.86
26022026|533104|0000000000000873|0000000000783518|0000000000001765|0000000001598136|049.46
26022026|533106|0000000000031121|0000000014734238|0000000000077795|0000000036912371|040.00
26022026|533108|0000000000006226|0000000000213988|0000000000007864|0000000000271411|079.17
26022026|533110|0000000000000020|0000000000000283|0000000000000020|0000000000000282|100.00
26022026|533121|0000000000000771|0000000000590972|0000000000000983|0000000000757597|078.43
26022026|533122|0000000000466177|0000000003869270|0000000000979115|0000000008149972|047.61
26022026|533137|0000000000019992|0000000000548381|0000000000033875|0000000000940406|059.02
26022026|533138|0000000000001198|0000000000748451|0000000000001446|0000000000905546|082.85
26022026|533146|0000000000001921|0000000000786074|0000000000003278|0000000001344094|058.60
26022026|533148|0000000000041372|0000000020623942|0000000000086365|0000000043205087|047.90
26022026|533149|0000000000007346|0000000000047456|0000000000007357|0000000000053543|099.85
26022026|533150|0000000000014944|0000000026847644|0000000000028913|0000000051700828|051.69
26022026|533151|0000000000001160|0000000000266800|0000000000001570|0000000000355340|073.89
26022026|533152|0000000000004951|0000000000127786|0000000000006549|0000000000170305|075.60
26022026|533155|0000000000020937|0000000010803492|0000000000035642|0000000018446680|058.74
26022026|533156|0000000000011583|0000000000446988|0000000000018981|0000000000732720|061.02
26022026|533158|0000000000006951|0000000027165899|0000000000012484|0000000048298925|055.68
26022026|533160|0000000000019727|0000000002207452|0000000000055387|0000000006256626|035.62
26022026|533161|0000000000001053|0000000000094834|0000000000001925|0000000000173872|054.70
26022026|533162|0000000000189897|0000000002060383|0000000000234743|0000000002530808|080.90
26022026|533164|0000000000002064|0000000000093025|0000000000002093|0000000000094934|098.61
26022026|533166|0000000000015911|0000000000024503|0000000000018997|0000000000029364|083.76
26022026|533167|0000000000002916|0000000000250215|0000000000002916|0000000000250215|100.00
26022026|533168|0000000000003184|0000000000151304|0000000000003645|0000000000169165|087.35
26022026|533169|0000000000006242|0000000000674449|0000000000010650|0000000001161676|058.61
26022026|533170|0000000000003598|0000000000557690|0000000000003976|0000000000602691|090.49
26022026|533172|0000000000000053|0000000000732990|0000000000000125|0000000001721532|042.40
26022026|533177|0000000000024566|0000000000060527|0000000000024566|0000000000060527|100.00
26022026|533179|0000000000020375|0000000097311000|0000000000069115|0000000334346993|029.48
26022026|533181|0000000000001233|0000000000089874|0000000000001327|0000000000097268|092.92
26022026|533192|0000000000003368|0000000000076690|0000000000004170|0000000000093968|080.77
26022026|533193|0000000000009165|0000000000825584|0000000000015138|0000000001380296|060.54
26022026|533202|0000000000064037|0000000000224130|0000000000074872|0000000000263794|085.53
26022026|533203|0000000000001124|0000000000029078|0000000000001191|0000000000030632|094.37
26022026|533206|0000000000169488|0000000012545502|0000000000282687|0000000021025799|059.96
26022026|533208|0000000000000060|0000000000005189|0000000000000074|0000000000006482|081.08
26022026|533210|0000000000000767|0000000000052701|0000000000000773|0000000000053121|099.22
26022026|533212|0000000000000083|0000000000005072|0000000000000114|0000000000007036|072.81
26022026|533217|0000000000000377|0000000000026308|0000000000000402|0000000000029383|093.78
26022026|533227|0000000000000110|0000000000017677|0000000000000110|0000000000017677|100.00
26022026|533229|0000000000012861|0000000005179768|0000000000019632|0000000007829470|065.51
26022026|533230|0000000000097672|0000000013186697|0000000000152941|0000000020680046|063.86
26022026|533239|0000000000011349|0000000000050390|0000000000012024|0000000000052932|094.39
26022026|533244|0000000000151260|0000000020411025|0000000000225364|0000000030548973|067.12
26022026|533248|0000000000022726|0000000004066818|0000000000048242|0000000008657630|047.11
26022026|533252|0000000000000004|0000000000004893|0000000000000004|0000000000005002|100.00
26022026|533257|0000000000013555|0000000004815356|0000000000013555|0000000004815356|100.00
26022026|533259|0000000000000153|0000000000042894|0000000000000280|0000000000078494|054.64
26022026|533260|0000000000003373|0000000000306910|0000000000003388|0000000000305981|099.56
26022026|533262|0000000000000750|0000000000344588|0000000000000857|0000000000397065|087.51
26022026|533263|0000000000149720|0000000001477737|0000000000246263|0000000002433096|060.80
26022026|533267|0000000000000820|0000000000220047|0000000000001019|0000000000275282|080.47
26022026|533269|0000000000003244|0000000004086143|0000000000008801|0000000011125432|036.86
26022026|533270|0000000000000040|0000000000005382|0000000000000040|0000000000005382|100.00
26022026|533271|0000000000048687|0000000006757756|0000000000070619|0000000009819052|068.94
26022026|533272|0000000000037213|0000000010341493|0000000000085990|0000000024006559|043.28
26022026|533273|0000000000002997|0000000004625570|0000000000007146|0000000010911920|041.94
26022026|533274|0000000000003857|0000000005504325|0000000000006059|0000000008649098|063.66
26022026|533275|0000000000098507|0000000000476774|0000000000159683|0000000000770145|061.69
26022026|533278|0000000000125174|0000000054281706|0000000000275177|0000000119380231|045.49
26022026|533282|0000000000005526|0000000008982790|0000000000013311|0000000021653202|041.51
26022026|533284|0000000000001146|0000000000088082|0000000000001480|0000000000114210|077.43
26022026|533285|0000000000183615|0000000008694171|0000000000311773|0000000014820242|058.89
26022026|533286|0000000000022643|0000000006976309|0000000000041512|0000000012800573|054.55
26022026|533287|0000000000027997|0000000000153144|0000000000033260|0000000000181477|084.18
26022026|533289|0000000000008465|0000000000563769|0000000000008704|0000000000583444|097.25
26022026|533292|0000000000168772|0000000003172914|0000000000237848|0000000004436746|070.96
26022026|533293|0000000000004956|0000000006931462|0000000000012594|0000000017721828|039.35
26022026|533294|0000000000001040|0000000000019844|0000000000001046|0000000000019956|099.43
26022026|533295|0000000000134832|0000000003531251|0000000000305148|0000000007928925|044.19
26022026|533298|0000000000001986|0000000000046155|0000000000002577|0000000000059473|077.07
26022026|533301|0000000000001802|0000000000022976|0000000000001803|0000000000022790|099.94
26022026|533302|0000000000000077|0000000000390918|0000000000000100|0000000000510571|077.00
26022026|533303|0000000000000124|0000000000050332|0000000000000136|0000000000055496|091.18
26022026|533306|0000000000000247|0000000000412960|0000000000000285|0000000000482043|086.67
26022026|533315|0000000000001910|0000000000144836|0000000000002427|0000000000183465|078.70
26022026|533316|0000000000000208|0000000000105789|0000000000000350|0000000000172268|059.43
26022026|533326|0000000000017839|0000000001882907|0000000000044235|0000000004697535|040.33
26022026|533329|0000000000000740|0000000000023340|0000000000000763|0000000000024348|096.99
26022026|533333|0000000000126422|0000000002998730|0000000000178545|0000000004242630|070.81
26022026|533336|0000000000000002|0000000000001934|0000000000000002|0000000000001933|100.00
26022026|533339|0000000000009847|0000000013350563|0000000000020937|0000000028348772|047.03
26022026|533343|0000000000001352|0000000000101400|0000000000001406|0000000000105678|096.16
26022026|533344|0000000000032125|0000000000987202|0000000000038229|0000000001176606|084.03
26022026|533385|0000000000034643|0000000007872276|0000000000057455|0000000013234411|060.30
26022026|533398|0000000000008422|0000000028956100|0000000000022121|0000000076113977|038.07
26022026|533407|0000000000073458|0000000005553425|0000000000098942|0000000007411971|074.24
26022026|533408|0000000000011167|0000000001548082|0000000000013784|0000000001918643|081.01
26022026|533427|0000000000010215|0000000000260177|0000000000013554|0000000000350142|075.37
26022026|533451|0000000000000036|0000000000001545|0000000000000051|0000000000002263|070.59
26022026|533452|0000000000010057|0000000000134261|0000000000015159|0000000000204714|066.34
26022026|533470|0000000000018602|0000000000325908|0000000000024772|0000000000440373|075.09
26022026|533477|0000000000002462|0000000001126735|0000000000002709|0000000001258188|090.88
26022026|533482|0000000000001400|0000000000004844|0000000000001436|0000000000004971|097.49
26022026|533506|0000000000040268|0000000000043893|0000000000057694|0000000000063655|069.80
26022026|533519|0000000000074434|0000000022330200|0000000000209006|0000000062838767|035.61
26022026|533520|0000000000254990|0000000002417306|0000000000359096|0000000003448295|071.01
26022026|533540|0000000000015032|0000000000153477|0000000000026987|0000000000274931|055.70
26022026|533543|0000000000004270|0000000000295356|0000000000004851|0000000000329825|088.02
26022026|533552|0000000000002124|0000000000298529|0000000000003377|0000000000472871|062.90
26022026|533553|0000000000012239|0000000010792963|0000000000024764|0000000021864927|049.42
26022026|533570|0000000000022183|0000000002920836|0000000000034984|0000000004620986|063.41
26022026|533573|0000000000001823|0000000001328876|0000000000002795|0000000002061769|065.22
26022026|533576|0000000000002744|0000000000167851|0000000000002973|0000000000179121|092.30
26022026|533581|0000000000025662|0000000016024636|0000000000052912|0000000033087972|048.50
26022026|533602|0000000000069730|0000000000052995|0000000000093754|0000000000071920|074.38
26022026|533605|0000000000008417|0000000000003483|0000000000008417|0000000000003483|100.00
26022026|533608|0000000000001159|0000000000188106|0000000000001636|0000000000267063|070.84
26022026|533629|0000000000006533|0000000000029319|0000000000006533|0000000000029319|100.00
26022026|533632|0000000000009182|0000000000146637|0000000000009682|0000000000154054|094.84
26022026|533638|0000000000000313|0000000000003077|0000000000000313|0000000000003059|100.00
26022026|533644|0000000000000498|0000000000093301|0000000000000503|0000000000094729|099.01
26022026|533655|0000000000011421|0000000005661961|0000000000019761|0000000009762021|057.80
26022026|533676|0000000000017706|0000000004834624|0000000000036254|0000000009740190|048.84
26022026|533704|0000000000004741|0000000000122840|0000000000007154|0000000000185685|066.27
26022026|533719|0000000000000042|0000000000594608|0000000000000074|0000000001054728|056.76
26022026|533758|0000000000004019|0000000008947299|0000000000009003|0000000020016047|044.64
26022026|533761|0000000000007757|0000000000962644|0000000000012326|0000000001560146|062.93
26022026|533896|0000000000000006|0000000000000120|0000000000000006|0000000000000121|100.00
26022026|533941|0000000000000064|0000000000019991|0000000000000088|0000000000027589|072.73
26022026|533982|0000000000003144|0000000001156835|0000000000004330|0000000001627573|072.61
26022026|534060|0000000001269959|0000000002501820|0000000001510056|0000000002981050|084.10
26022026|534063|0000000000000006|0000000000000252|0000000000000006|0000000000000253|100.00
26022026|534064|0000000000150769|0000000000233692|0000000000177055|0000000000273165|085.15
26022026|534076|0000000000007014|0000000003080900|0000000000012244|0000000005376434|057.29
26022026|534091|0000000000189894|0000000466740463|0000000000333578|0000000811379287|056.93
26022026|534139|0000000000006337|0000000005611660|0000000000006337|0000000005611660|100.00
26022026|534190|0000000000009811|0000000000028452|0000000000009811|0000000000028818|100.00
26022026|534309|0000000000184408|0000000017341729|0000000000405493|0000000038231022|045.48
26022026|534312|0000000000000281|0000000000000422|0000000000000281|0000000000000422|100.00
26022026|534328|0000000000000042|0000000000006691|0000000000000043|0000000000006878|097.67
26022026|534338|0000000000054285|0000000000643821|0000000000059069|0000000000706501|091.90
26022026|534369|0000000000023524|0000000003446266|0000000000029462|0000000004359645|079.85
26022026|534392|0000000000000843|0000000000218253|0000000000001496|0000000000379691|056.35
26022026|534422|0000000000033109|0000000000334731|0000000000033109|0000000000334731|100.00
26022026|534425|0000000000000528|0000000000054701|0000000000000672|0000000000069069|078.57
26022026|534597|0000000000129131|0000000003889426|0000000000210718|0000000006341862|061.28
26022026|534598|0000000000006400|0000000000186048|0000000000006410|0000000000186471|099.84
26022026|534600|0000000000005502|0000000000350533|0000000000020048|0000000001281787|027.44
26022026|534612|0000000000002396|0000000000043847|0000000000002493|0000000000044684|096.11
26022026|534615|0000000000000467|0000000000006585|0000000000000667|0000000000009594|070.01
26022026|534618|0000000000010836|0000000009124996|0000000000036114|0000000030429194|030.00
26022026|534623|0000000000005833|0000000000250819|0000000000006023|0000000000259411|096.85
26022026|534639|0000000000000601|0000000000013433|0000000000000661|0000000000014841|090.92
26022026|534674|0000000000395262|0000000001264839|0000000000410245|0000000001325657|096.35
26022026|534675|0000000000001681|0000000000085143|0000000000001929|0000000000097169|087.14
26022026|534680|0000000000000039|0000000000010195|0000000000000043|0000000000011948|090.70
26022026|534691|0000000000004922|0000000000068810|0000000000005916|0000000000083461|083.20
26022026|534708|0000000000009000|0000000000072030|0000000000009000|0000000000072030|100.00
26022026|534732|0000000000005419|0000000000190370|0000000000006698|0000000000235745|080.90
26022026|534733|0000000000108249|0000000002704202|0000000000108249|0000000002704202|100.00
26022026|534741|0000000000114234|0000000000059402|0000000000129674|0000000000068065|088.09
26022026|534742|0000000000002094|0000000000467905|0000000000002902|0000000000651650|072.16
26022026|534748|0000000000102675|0000000000855283|0000000000140301|0000000001136959|073.18
26022026|534755|0000000000404839|0000000000396743|0000000000414844|0000000000408020|097.59
26022026|534758|0000000000000487|0000000000577388|0000000000000818|0000000000982153|059.54
26022026|534796|0000000000002579|0000000000263658|0000000000002579|0000000000263658|100.00
26022026|534804|0000000000000263|0000000000424640|0000000000000580|0000000000941647|045.34
26022026|534809|0000000000919886|0000000009235656|0000000001848809|0000000018658426|049.76
26022026|534816|0000000000014972|0000000006910327|0000000000048886|0000000022500700|030.63
26022026|534920|0000000000000002|0000000000000074|0000000000000002|0000000000000074|100.00
26022026|534976|0000000000002177|0000000001253517|0000000000003435|0000000001976117|063.38
26022026|535136|0000000000000898|0000000000923728|0000000000001722|0000000001779156|052.15
26022026|535204|0000000000001973|0000000000005170|0000000000001973|0000000000005215|100.00
26022026|535205|0000000000010071|0000000000033033|0000000000011271|0000000000035009|089.35
26022026|535267|0000000000043065|0000000000335477|0000000000066167|0000000000505778|065.09
26022026|535276|0000000000003471|0000000003155730|0000000000004772|0000000004349818|072.74
26022026|535322|0000000000003560|0000000001365794|0000000000004003|0000000001534076|088.93
26022026|535387|0000000000001569|0000000000090736|0000000000001622|0000000000093667|096.73
26022026|535431|0000000000070422|0000000000047183|0000000000082704|0000000000055240|085.15
26022026|535458|0000000000000437|0000000000013700|0000000000000437|0000000000013701|100.00
26022026|535514|0000000000000002|0000000000000012|0000000000000002|0000000000000011|100.00
26022026|535566|0000000000001500|0000000000169125|0000000000001500|0000000000169125|100.00
26022026|535601|0000000000000002|0000000000000405|0000000000000002|0000000000000404|100.00
26022026|535602|0000000000000289|0000000000275880|0000000000000641|0000000000612009|045.09
26022026|535620|0000000000000190|0000000000058995|0000000000000190|0000000000058995|100.00
26022026|535621|0000000000000076|0000000000009500|0000000000000076|0000000000009792|100.00
26022026|535648|0000000000001633|0000000000944446|0000000000003740|0000000002171867|043.66
26022026|535657|0000000000000171|0000000000001366|0000000000000171|0000000000001366|100.00
26022026|535693|0000000000031010|0000000005299609|0000000000047387|0000000008142935|065.44
26022026|535719|0000000000008362|0000000000197595|0000000000010407|0000000000240833|080.35
26022026|535730|0000000000890297|0000000000534179|0000000001039053|0000000000616526|085.68
26022026|535754|0000000000007005|0000000001105389|0000000000010621|0000000001674340|065.95
26022026|535755|0000000000039025|0000000002673213|0000000000096175|0000000006610934|040.58
26022026|535789|0000000000240804|0000000037011575|0000000000483314|0000000075189517|049.82
26022026|535910|0000000000122568|0000000000095604|0000000000182973|0000000000144844|066.99
26022026|535916|0000000000007537|0000000000446492|0000000000011556|0000000000677077|065.22
26022026|535958|0000000000161213|0000000000211190|0000000000220537|0000000000286573|073.10
26022026|536073|0000000000036035|0000000000072070|0000000000041581|0000000000083199|086.66
26022026|536264|0000000000008039|0000000000257570|0000000000010756|0000000000345271|074.74
26022026|536493|0000000000000166|0000000000053502|0000000000000248|0000000000081067|066.94
26022026|536507|0000000000002332|0000000000002742|0000000000002332|0000000000002742|100.00
26022026|536565|0000000000004050|0000000000254583|0000000000004578|0000000000291993|088.47
26022026|536659|0000000000247460|0000000001197707|0000000000670202|0000000003244701|036.92
26022026|536672|0000000000003227|0000000000020363|0000000000004132|0000000000026237|078.10
26022026|536709|0000000000017094|0000000000205835|0000000000017094|0000000000205835|100.00
26022026|536773|0000000000000495|0000000000635902|0000000000000728|0000000000932603|067.99
26022026|536846|0000000000000001|0000000000000154|0000000000000001|0000000000000154|100.00
26022026|536960|0000000000017696|0000000001140862|0000000000021448|0000000001377110|082.51
26022026|536974|0000000000014041|0000000001020500|0000000000023420|0000000001685828|059.95
26022026|537007|0000000000004895|0000000001406138|0000000000007486|0000000002150884|065.39
26022026|537008|0000000000001171|0000000000034065|0000000000001485|0000000000043540|078.86
26022026|537069|0000000000025179|0000000000315745|0000000000026020|0000000000324211|096.77
26022026|537253|0000000000000445|0000000000029081|0000000000000476|0000000000031167|093.49
26022026|537259|0000000000000407|0000000000265873|0000000000000480|0000000000316626|084.79
26022026|537291|0000000000000561|0000000000083954|0000000000000611|0000000000090918|091.82
26022026|537326|0000000000010583|0000000000667894|0000000000012425|0000000000771724|085.18
26022026|537483|0000000000000076|0000000000021149|0000000000000173|0000000000048049|043.93
26022026|537536|0000000000002799|0000000000211773|0000000000003123|0000000000235064|089.63
26022026|537573|0000000000000800|0000000000013280|0000000000000800|0000000000013280|100.00
26022026|537707|0000000000234641|0000000000248720|0000000000256393|0000000000267788|091.52
26022026|537708|0000000000000436|0000000000122730|0000000000000803|0000000000225975|054.30
26022026|537709|0000000000013238|0000000000058292|0000000000013238|0000000000058292|100.00
26022026|537750|0000000000001346|0000000000244501|0000000000001511|0000000000274459|089.08
26022026|537766|0000000000065569|0000000000116563|0000000000065569|0000000000116563|100.00
26022026|537785|0000000000000003|0000000000000356|0000000000000005|0000000000000590|060.00
26022026|537800|0000000004605033|0000000004145718|0000000004605033|0000000004145718|100.00
26022026|537820|0000000000050786|0000000000105635|0000000000053015|0000000000112468|095.80
26022026|537839|0000000000000480|0000000000046872|0000000000000716|0000000000070881|067.04
26022026|537840|0000000000000204|0000000000010353|0000000000000204|0000000000010346|100.00
26022026|537985|0000000000001368|0000000000026020|0000000000001388|0000000000026475|098.56
26022026|538057|0000000000036431|0000000003762230|0000000000052787|0000000005443918|069.02
26022026|538081|0000000000000169|0000000000000913|0000000000000185|0000000000000994|091.35
26022026|538119|0000000000001813|0000000000326430|0000000000001813|0000000000326430|100.00
26022026|538212|0000000000324696|0000000000122241|0000000000324696|0000000000122241|100.00
26022026|538268|0000000000001962|0000000000931166|0000000000002843|0000000001352522|069.01
26022026|538273|0000000000000445|0000000000011041|0000000000000511|0000000000012535|087.08
26022026|538319|0000000000001000|0000000000003650|0000000000001000|0000000000003650|100.00
26022026|538351|0000000000003426|0000000000008002|0000000000003426|0000000000008002|100.00
26022026|538365|0000000000000916|0000000000032876|0000000000000987|0000000000035695|092.81
26022026|538382|0000000000000001|0000000000000101|0000000000000001|0000000000000100|100.00
26022026|538401|0000000000007398|0000000001029062|0000000000009120|0000000001270062|081.12
26022026|538422|0000000000225596|0000000000103775|0000000000370647|0000000000171892|060.87
26022026|538446|0000000000009528|0000000000628563|0000000000009976|0000000000658360|095.51
26022026|538451|0000000000073293|0000000000248464|0000000000100215|0000000000338455|073.14
26022026|538464|0000000000001404|0000000000006178|0000000000001527|0000000000006712|091.94
26022026|538465|0000000000032386|0000000000464092|0000000000034342|0000000000487243|094.30
26022026|538476|0000000000012682|0000000000216108|0000000000012682|0000000000216108|100.00
26022026|538496|0000000000003000|0000000000024570|0000000000024000|0000000000209040|012.50
26022026|538520|0000000000033625|0000000000052036|0000000000033625|0000000000052036|100.00
26022026|538521|0000000000000005|0000000000000430|0000000000000005|0000000000000430|100.00
26022026|538539|0000000000001150|0000000000011489|0000000000001231|0000000000012236|093.42
26022026|538540|0000000000227511|0000000002561773|0000000000227511|0000000002561773|100.00
26022026|538546|0000000000004161|0000000000495784|0000000000007775|0000000000933738|053.52
26022026|538556|0000000000004194|0000000000461340|0000000000004420|0000000000484148|094.89
26022026|538562|0000000000001858|0000000000684116|0000000000003319|0000000001231223|055.98
26022026|538563|0000000000002037|0000000000843929|0000000000002037|0000000000843929|100.00
26022026|538564|0000000000000102|0000000000030988|0000000000000142|0000000000043134|071.83
26022026|538565|0000000000006148|0000000001215039|0000000000006148|0000000001215039|100.00
26022026|538567|0000000000001072|0000000001172072|0000000000001634|0000000001789100|065.61
26022026|538568|0000000000000028|0000000000001133|0000000000000028|0000000000001132|100.00
26022026|538569|0000000000003309|0000000000003905|0000000000005835|0000000000006752|056.71
26022026|538596|0000000000001676|0000000000008950|0000000000002296|0000000000012182|073.00
26022026|538597|0000000000034767|0000000000351450|0000000000034767|0000000000351450|100.00
26022026|538598|0000000000071422|0000000001639135|0000000000143622|0000000003236007|049.73
26022026|538607|0000000001028907|0000000000977462|0000000001595811|0000000001496699|064.48
26022026|538609|0000000000004982|0000000000249499|0000000000005102|0000000000257721|097.65
26022026|538610|0000000002563959|0000000002845995|0000000003670826|0000000004126830|069.85
26022026|538611|0000000000000120|0000000000005300|0000000000000120|0000000000005300|100.00
26022026|538634|0000000000000241|0000000000031571|0000000000000422|0000000000055964|057.11
26022026|538635|0000000000004361|0000000000171998|0000000000005094|0000000000202178|085.61
26022026|538646|0000000000003160|0000000000131741|0000000000003163|0000000000128272|099.91
26022026|538647|0000000000045616|0000000001756673|0000000000045627|0000000001757148|099.98
26022026|538666|0000000000002471|0000000002897742|0000000000005900|0000000006903736|041.88
26022026|538667|0000000000010000|0000000000048200|0000000000010000|0000000000048200|100.00
26022026|538668|0000000000042903|0000000025188352|0000000000050962|0000000029817603|084.19
26022026|538674|0000000000000589|0000000000004871|0000000000000589|0000000000004871|100.00
26022026|538683|0000000000003848|0000000003614504|0000000000007967|0000000007493467|048.30
26022026|538685|0000000000000815|0000000000084149|0000000000001352|0000000000145017|060.28
26022026|538706|0000000000070522|0000000000512695|0000000000092677|0000000000670050|076.09
26022026|538707|0000000000000105|0000000000003518|0000000000000112|0000000000003741|093.75
26022026|538708|0000000000000366|0000000000002720|0000000000000567|0000000000004212|064.55
26022026|538713|0000000000001327|0000000000237202|0000000000001339|0000000000237418|099.10
26022026|538714|0000000000001459|0000000000058360|0000000000001895|0000000000076015|076.99
26022026|538715|0000000000004646|0000000001643291|0000000000006914|0000000002492591|067.20
26022026|538716|0000000000000109|0000000000049045|0000000000000110|0000000000046956|099.09
26022026|538730|0000000000002189|0000000000655278|0000000000003344|0000000001007489|065.46
26022026|538732|0000000000029764|0000000000971200|0000000000032265|0000000001059228|092.25
26022026|538734|0000000000006938|0000000006856826|0000000000014058|0000000013961460|049.35
26022026|538742|0000000000028149|0000000001034476|0000000000041907|0000000001559392|067.17
26022026|538743|0000000000012529|0000000000195894|0000000000012529|0000000000195894|100.00
26022026|538770|0000000000000658|0000000000010121|0000000000001225|0000000000018243|053.71
26022026|538772|0000000000101763|0000000003987075|0000000000108713|0000000004345912|093.61
26022026|538778|0000000000316486|0000000002155270|0000000000322998|0000000002263951|097.98
26022026|538787|0000000000019349|0000000000189427|0000000000028352|0000000000260523|068.25
26022026|538788|0000000000005794|0000000000071541|0000000000005794|0000000000071541|100.00
26022026|538795|0000000000001562|0000000000421584|0000000000001854|0000000000496471|084.25
26022026|538817|0000000000098392|0000000000931773|0000000000116656|0000000001120135|084.34
26022026|538833|0000000000001484|0000000000015390|0000000000001765|0000000000017764|084.08
26022026|538834|0000000000004449|0000000000063755|0000000000006523|0000000000093293|068.20
26022026|538835|0000000000006227|0000000004361391|0000000000014676|0000000010242455|042.43
26022026|538836|0000000000000166|0000000000095318|0000000000000202|0000000000115328|082.18
26022026|538837|0000000000004410|0000000000298873|0000000000004410|0000000000298873|100.00
26022026|538838|0000000000000219|0000000000006010|0000000000000219|0000000000005867|100.00
26022026|538857|0000000000000012|0000000000000167|0000000000000012|0000000000000167|100.00
26022026|538860|0000000000022412|0000000000015017|0000000000022412|0000000000014892|100.00
26022026|538862|0000000000000546|0000000000020732|0000000000000672|0000000000024765|081.25
26022026|538868|0000000000027587|0000000000443875|0000000000030622|0000000000489973|090.09
26022026|538874|0000000000000701|0000000000013053|0000000000000736|0000000000013699|095.24
26022026|538875|0000000002083689|0000000013148078|0000000003307810|0000000019692195|062.99
26022026|538881|0000000000000008|0000000000000212|0000000000000008|0000000000000213|100.00
26022026|538882|0000000000016068|0000000001017266|0000000000028995|0000000001838790|055.42
26022026|538890|0000000000026636|0000000001431685|0000000000029090|0000000001543213|091.56
26022026|538891|0000000000045698|0000000001153418|0000000000064683|0000000001620208|070.65
26022026|538895|0000000000000051|0000000000000622|0000000000000052|0000000000000633|098.08
26022026|538896|0000000000000538|0000000000179423|0000000000000922|0000000000306961|058.35
26022026|538918|0000000000003137|0000000000028265|0000000000004846|0000000000043911|064.73
26022026|538920|0000000000661642|0000000099080890|0000000000694765|0000000103593282|095.23
26022026|538922|0000000000001987|0000000000042542|0000000000002757|0000000000058908|072.07
26022026|538923|0000000000349015|0000000007849348|0000000000539771|0000000012812349|064.66
26022026|538926|0000000000002020|0000000000456318|0000000000002136|0000000000481233|094.57
26022026|538928|0000000000444318|0000000000568728|0000000000446424|0000000000579728|099.53
26022026|538942|0000000000000400|0000000000009728|0000000000000631|0000000000014911|063.39
26022026|538943|0000000000000378|0000000000036739|0000000000000378|0000000000036739|100.00
26022026|538952|0000000000004332|0000000000005502|0000000000004698|0000000000005548|092.21
26022026|538961|0000000000005921|0000000000076677|0000000000007158|0000000000091901|082.72
26022026|538962|0000000000010489|0000000005967193|0000000000023036|0000000013235711|045.53
26022026|538964|0000000000000059|0000000000047675|0000000000000070|0000000000056737|084.29
26022026|538965|0000000000005450|0000000000425427|0000000000011233|0000000000876823|048.52
26022026|538970|0000000000232589|0000000001567650|0000000000369724|0000000002449950|062.91
26022026|538975|0000000000590069|0000000000115722|0000000000590069|0000000000115722|100.00
26022026|538979|0000000000000314|0000000000075879|0000000000000341|0000000000081022|092.08
26022026|538987|0000000000000790|0000000000541585|0000000000000892|0000000000605764|088.56
26022026|539006|0000000000000240|0000000004311852|0000000000000378|0000000006844791|063.49
26022026|539011|0000000000002595|0000000000231345|0000000000002630|0000000000229618|098.67
26022026|539012|0000000000000106|0000000000009077|0000000000000113|0000000000009992|093.81
26022026|539013|0000000000001295|0000000000100531|0000000000001399|0000000000110451|092.57
26022026|539014|0000000000001502|0000000000015906|0000000000001502|0000000000015906|100.00
26022026|539016|0000000000001380|0000000000009315|0000000000001421|0000000000009642|097.11
26022026|539017|0000000000092059|0000000000657302|0000000000118719|0000000000854932|077.54
26022026|539018|0000000000002267|0000000000930717|0000000000002303|0000000000946729|098.44
26022026|539031|0000000000000238|0000000000070072|0000000000000238|0000000000069979|100.00
26022026|539032|0000000000072890|0000000000752954|0000000000074952|0000000000768418|097.25
26022026|539040|0000000000027111|0000000000181102|0000000000036140|0000000000243150|075.02
26022026|539041|0000000000013750|0000000000346775|0000000000016250|0000000000409787|084.62
26022026|539042|0000000000053631|0000000016580024|0000000000105610|0000000032868215|050.78
26022026|539044|0000000000000718|0000000000042104|0000000000000882|0000000000052298|081.41
26022026|539045|0000000000003067|0000000000090012|0000000000003067|0000000000090012|100.00
26022026|539046|0000000000012016|0000000001390852|0000000000026703|0000000003063925|045.00
26022026|539056|0000000000174801|0000000007734945|0000000000180271|0000000008035035|096.97
26022026|539083|0000000000159960|0000000015100224|0000000000301677|0000000028816895|053.02
26022026|539090|0000000000000001|0000000000000033|0000000000000001|0000000000000033|100.00
26022026|539091|0000000000127940|0000000000111308|0000000000187600|0000000000162136|068.20
26022026|539097|0000000000228321|0000000000550254|0000000000280418|0000000000701107|081.42
26022026|539111|0000000000001050|0000000000014606|0000000000001100|0000000000015351|095.45
26022026|539113|0000000000000660|0000000000340923|0000000000000841|0000000000429826|078.48
26022026|539117|0000000000073267|0000000004026022|0000000000153715|0000000008469076|047.66
26022026|539118|0000000000003382|0000000000976384|0000000000004200|0000000001206737|080.52
26022026|539121|0000000000000302|0000000000035485|0000000000000379|0000000000044660|079.68
26022026|539122|0000000000000242|0000000000005333|0000000000000242|0000000000005333|100.00
26022026|539123|0000000000006827|0000000000040621|0000000000006848|0000000000039418|099.69
26022026|539124|0000000000000037|0000000000000731|0000000000000039|0000000000000790|094.87
26022026|539126|0000000000001997|0000000000002136|0000000000001997|0000000000002136|100.00
26022026|539132|0000000000223420|0000000001834279|0000000000368211|0000000003009498|060.68
26022026|539141|0000000000001534|0000000000109237|0000000000002102|0000000000148668|072.98
26022026|539143|0000000000023883|0000000000174585|0000000000040536|0000000000298361|058.92
26022026|539148|0000000000000301|0000000000087381|0000000000000558|0000000000159950|053.94
26022026|539150|0000000000006516|0000000001378460|0000000000013629|0000000002914039|047.81
26022026|539151|0000000000022472|0000000001634164|0000000000028098|0000000002015826|079.98
26022026|539174|0000000000000168|0000000000003570|0000000000000184|0000000000003914|091.30
26022026|539175|0000000002241175|0000000007704005|0000000002241175|0000000007704005|100.00
26022026|539176|0000000000000388|0000000000029357|0000000000000534|0000000000040896|072.66
26022026|539177|0000000000008938|0000000004379174|0000000000015445|0000000007560796|057.87
26022026|539189|0000000000000642|0000000000008546|0000000000000929|0000000000012944|069.11
26022026|539190|0000000000001038|0000000000048475|0000000000001038|0000000000048384|100.00
26022026|539195|0000000000021044|0000000004000465|0000000000026768|0000000005075742|078.62
26022026|539196|0000000000002467|0000000000336129|0000000000003875|0000000000533978|063.66
26022026|539199|0000000000001906|0000000000741911|0000000000003391|0000000001325552|056.21
26022026|539200|0000000000001681|0000000000000975|0000000000001681|0000000000000974|100.00
26022026|539201|0000000000000710|0000000000046058|0000000000000827|0000000000053280|085.85
26022026|539206|0000000000000075|0000000000001950|0000000000000075|0000000000001950|100.00
26022026|539216|0000000001249025|0000000002360658|0000000002498462|0000000004717887|049.99
26022026|539217|0000000001039982|0000000000280796|0000000001485165|0000000000405077|070.02
26022026|539218|0000000000000429|0000000000053239|0000000000000431|0000000000055326|099.54
26022026|539219|0000000000002291|0000000000022727|0000000000002660|0000000000026397|086.13
26022026|539220|0000000000002028|0000000000082337|0000000000002028|0000000000082414|100.00
26022026|539221|0000000000003884|0000000000450661|0000000000007407|0000000000874053|052.44
26022026|539222|0000000023770284|0000000022106365|0000000038404007|0000000034509413|061.90
26022026|539224|0000000000000101|0000000000003635|0000000000000101|0000000000003635|100.00
26022026|539226|0000000000197409|0000000004177175|0000000000327380|0000000006798905|060.30
26022026|539227|0000000000002480|0000000000412300|0000000000002951|0000000000477697|084.04
26022026|539228|0000000000014324|0000000000020349|0000000000014324|0000000000020349|100.00
26022026|539230|0000000000000005|0000000000000198|0000000000000005|0000000000000197|100.00
26022026|539251|0000000000001888|0000000000030964|0000000000001895|0000000000030922|099.63
26022026|539252|0000000000005754|0000000000029231|0000000000007077|0000000000035649|081.31
26022026|539254|0000000000014464|0000000014814029|0000000000041376|0000000042358184|034.96
26022026|539255|0000000000000582|0000000000285675|0000000000000728|0000000000361047|079.94
26022026|539267|0000000000000145|0000000000002419|0000000000000148|0000000000002695|097.97
26022026|539268|0000000000830274|0000000353364615|0000000000875724|0000000379400914|094.81
26022026|539275|0000000000000657|0000000000088137|0000000000000688|0000000000092150|095.49
26022026|539276|0000000000000006|0000000000001917|0000000000000006|0000000000001917|100.00
26022026|539277|0000000034227885|0000000005134183|0000000053952694|0000000008135303|063.44
26022026|539278|0000000000018468|0000000000035090|0000000000018492|0000000000031449|099.87
26022026|539287|0000000000011030|0000000000179436|0000000000011030|0000000000179436|100.00
26022026|539288|0000000000030449|0000000000578226|0000000000030449|0000000000578226|100.00
26022026|539289|0000000000004033|0000000000716060|0000000000004596|0000000000823497|087.75
26022026|539290|0000000000003455|0000000000096222|0000000000006952|0000000000191367|049.70
26022026|539300|0000000000011463|0000000002820472|0000000000014819|0000000003699249|077.35
26022026|539301|0000000000000352|0000000000187898|0000000000000560|0000000000296574|062.86
26022026|539302|0000000000000634|0000000001344873|0000000000002154|0000000004570414|029.43
26022026|539309|0000000000405154|0000000002896852|0000000000781180|0000000005569539|051.86
26022026|539310|0000000001161342|0000000000220655|0000000001595528|0000000000311037|072.79
26022026|539312|0000000000000028|0000000000025354|0000000000000039|0000000000035696|071.79
26022026|539313|0000000000000543|0000000000153284|0000000000000544|0000000000152674|099.82
26022026|539314|0000000000006228|0000000000356429|0000000000007894|0000000000444074|078.90
26022026|539331|0000000000000398|0000000000041369|0000000000000541|0000000000056762|073.57
26022026|539332|0000000000005183|0000000000491038|0000000000006004|0000000000568242|086.33
26022026|539334|0000000000000555|0000000000175769|0000000000000814|0000000000258627|068.18
26022026|539335|0000000000002000|0000000000324150|0000000000002000|0000000000324150|100.00
26022026|539336|0000000000008460|0000000003479175|0000000000015621|0000000006420184|054.16
26022026|539337|0000000000004025|0000000000654868|0000000000005425|0000000000879270|074.19
26022026|539346|0000000000021753|0000000000071568|0000000000023288|0000000000075150|093.41
26022026|539353|0000000000000666|0000000000137430|0000000000000759|0000000000152179|087.75
26022026|539354|0000000000000672|0000000000020295|0000000000000773|0000000000022947|086.93
26022026|539359|0000000000005108|0000000000068856|0000000000006132|0000000000083630|083.30
26022026|539378|0000000000000209|0000000000011238|0000000000000209|0000000000011237|100.00
26022026|539383|0000000000000202|0000000000001779|0000000000000202|0000000000001779|100.00
26022026|539384|0000000000000025|0000000000000705|0000000000000025|0000000000000705|100.00
26022026|539391|0000000000001527|0000000000047328|0000000000001527|0000000000047328|100.00
26022026|539398|0000000000000802|0000000000048201|0000000000000889|0000000000053534|090.21
26022026|539399|0000000000001647|0000000000455396|0000000000001652|0000000000460173|099.70
26022026|539400|0000000000000096|0000000000112373|0000000000000192|0000000000224551|050.00
26022026|539402|0000000000000050|0000000000000266|0000000000000050|0000000000000265|100.00
26022026|539404|0000000000003607|0000000000557462|0000000000005844|0000000000902306|061.72
26022026|539406|0000000000000602|0000000000034916|0000000000000602|0000000000036516|100.00
26022026|539407|0000000000015203|0000000000723055|0000000000044573|0000000002144422|034.11
26022026|539408|0000000000003945|0000000000049747|0000000000004035|0000000000050876|097.77
26022026|539409|0000000000000142|0000000000002271|0000000000000143|0000000000002289|099.30
26022026|539428|0000000000002405|0000000000033454|0000000000002899|0000000000042096|082.96
26022026|539435|0000000000000050|0000000000001506|0000000000000100|0000000000003012|050.00
26022026|539436|0000000000023861|0000000000727522|0000000000034488|0000000001056270|069.19
26022026|539437|0000000005387135|0000000392345043|0000000011504001|0000000827508458|046.83
26022026|539448|0000000000129380|0000000638807281|0000000000139160|0000000688080335|092.97
26022026|539449|0000000000009825|0000000000022500|0000000000010521|0000000000023768|093.38
26022026|539450|0000000000007678|0000000001150933|0000000000011826|0000000001781918|064.92
26022026|539455|0000000000021486|0000000001216968|0000000000030047|0000000001699966|071.51
26022026|539468|0000000000001307|0000000000046072|0000000000002210|0000000000073806|059.14
26022026|539469|0000000000157503|0000000007673547|0000000000204034|0000000009864608|077.19
26022026|539470|0000000000354717|0000000000227019|0000000000727052|0000000000464091|048.79
26022026|539479|0000000000056284|0000000003529570|0000000000207290|0000000012972570|027.15
26022026|539492|0000000000008892|0000000000115330|0000000000010480|0000000000131600|084.85
26022026|539494|0000000000006615|0000000000052193|0000000000008054|0000000000063312|082.13
26022026|539495|0000000000001321|0000000000054434|0000000000001321|0000000000054434|100.00
26022026|539506|0000000000882162|0000000000379330|0000000001838487|0000000000764056|047.98
26022026|539515|0000000000011713|0000000000464889|0000000000012437|0000000000505722|094.18
26022026|539516|0000000000000830|0000000000237322|0000000000001222|0000000000349192|067.92
26022026|539517|0000000000002375|0000000000220210|0000000000009586|0000000000890018|024.78
26022026|539518|0000000000000396|0000000000049995|0000000000000462|0000000000058842|085.71
26022026|539519|0000000001521967|0000000001217574|0000000001755695|0000000001322429|086.69
26022026|539522|0000000000001562|0000000000063261|0000000000001578|0000000000064128|098.99
26022026|539523|0000000000001452|0000000008350089|0000000000002964|0000000016947692|048.99
26022026|539524|0000000000003221|0000000004530176|0000000000004831|0000000006787221|066.67
26022026|539526|0000000000121440|0000000000075293|0000000000172035|0000000000107596|070.59
26022026|539527|0000000000000180|0000000000099900|0000000000000200|0000000000111049|090.00
26022026|539528|0000000000131657|0000000004077166|0000000000131657|0000000004077166|100.00
26022026|539533|0000000000989918|0000000058453392|0000000000989918|0000000058453392|100.00
26022026|539542|0000000000000653|0000000000589855|0000000000000837|0000000000759110|078.02
26022026|539544|0000000000003261|0000000000023219|0000000000003261|0000000000023191|100.00
26022026|539545|0000000000000436|0000000000014955|0000000000000437|0000000000015199|099.77
26022026|539546|0000000000017447|0000000004565880|0000000000026435|0000000006954566|066.00
26022026|539551|0000000000004834|0000000008941934|0000000000009748|0000000018073344|049.59
26022026|539552|0000000000001986|0000000000198581|0000000000003287|0000000000332948|060.42
26022026|539559|0000000002915961|0000000008981160|0000000005173140|0000000015983335|056.37
26022026|539561|0000000002710459|0000000002303891|0000000004767199|0000000004108354|056.86
26022026|539562|0000000000024374|0000000000668823|0000000000028506|0000000000785615|085.50
26022026|539574|0000000009749945|0000000002144988|0000000016858766|0000000003704302|057.83
26022026|539584|0000000005239939|0000000001431497|0000000005239939|0000000001431497|100.00
26022026|539593|0000000000002675|0000000000020732|0000000000002701|0000000000020132|099.04
26022026|539594|0000000000861751|0000000003662442|0000000001121561|0000000004783157|076.83
26022026|539596|0000000000001360|0000000000019312|0000000000001360|0000000000019364|100.00
26022026|539598|0000000000127275|0000000004043527|0000000000148625|0000000004721660|085.63
26022026|539599|0000000000000001|0000000000000022|0000000000000001|0000000000000021|100.00
26022026|539607|0000000000528663|0000000010678993|0000000001139500|0000000022948240|046.39
26022026|539620|0000000000010957|0000000000173998|0000000000013093|0000000000213944|083.69
26022026|539621|0000000000074369|0000000000040160|0000000000078369|0000000000042189|094.90
26022026|539636|0000000000002059|0000000000286099|0000000000003837|0000000000538994|053.66
26022026|539658|0000000000086203|0000000105189211|0000000000089108|0000000112165312|096.74
26022026|539659|0000000000001750|0000000000099733|0000000000001958|0000000000113169|089.38
26022026|539660|0000000000089047|0000000001512583|0000000000089047|0000000001512583|100.00
26022026|539661|0000000000000757|0000000000078327|0000000000000757|0000000000076366|100.00
26022026|539662|0000000000011381|0000000000109144|0000000000011624|0000000000110675|097.91
26022026|539669|0000000000086269|0000000000076779|0000000000086269|0000000000076779|100.00
26022026|539678|0000000000004359|0000000000721851|0000000000008317|0000000001397742|052.41
26022026|539679|0000000000052272|0000000000122840|0000000000062573|0000000000148639|083.54
26022026|539682|0000000000000454|0000000000539925|0000000000000454|0000000000539925|100.00
26022026|539686|0000000000012864|0000000003736992|0000000000018234|0000000005348864|070.55
26022026|539692|0000000000013363|0000000000204454|0000000000013801|0000000000207019|096.83
26022026|539697|0000000000021491|0000000000965805|0000000000021491|0000000000965805|100.00
26022026|539724|0000000000002113|0000000000146012|0000000000002113|0000000000146012|100.00
26022026|539725|0000000000010041|0000000001706970|0000000000020130|0000000003524172|049.88
26022026|539730|0000000000001508|0000000002473347|0000000000007478|0000000012211089|020.17
26022026|539742|0000000000000072|0000000000000639|0000000000000072|0000000000000639|100.00
26022026|539760|0000000000002873|0000000000106646|0000000000004770|0000000000171358|060.23
26022026|539761|0000000000398351|0000000000414286|0000000000462949|0000000000483462|086.05
26022026|539762|0000000000017039|0000000000554790|0000000000024495|0000000000800222|069.56
26022026|539767|0000000000000158|0000000000006782|0000000000000158|0000000000006782|100.00
26022026|539770|0000000000015108|0000000000393216|0000000000015108|0000000000393216|100.00
26022026|539773|0000000000992739|0000000001657875|0000000001205932|0000000001991568|082.32
26022026|539785|0000000000012497|0000000001050623|0000000000023452|0000000002018256|053.29
26022026|539787|0000000000004259|0000000002446583|0000000000007315|0000000004235120|058.22
26022026|539798|0000000000002849|0000000000089687|0000000000003602|0000000000113237|079.09
26022026|539799|0000000000001262|0000000000224005|0000000000002316|0000000000410423|054.49
26022026|539800|0000000000003145|0000000000016103|0000000000003220|0000000000016333|097.67
26022026|539807|0000000000158823|0000000002672992|0000000000213632|0000000003617210|074.34
26022026|539814|0000000000002304|0000000000449280|0000000000002765|0000000000545547|083.33
26022026|539834|0000000000022000|0000000003873100|0000000000022318|0000000003928010|098.58
26022026|539835|0000000000054105|0000000000089274|0000000000063411|0000000000104637|085.32
26022026|539837|0000000000000523|0000000000375881|0000000000000670|0000000000479066|078.06
26022026|539841|0000000000180383|0000000001812850|0000000000233745|0000000002341780|077.17
26022026|539843|0000000000003683|0000000001186295|0000000000004728|0000000001598866|077.90
26022026|539854|0000000000001201|0000000000291843|0000000000001245|0000000000303218|096.47
26022026|539871|0000000000003566|0000000001422478|0000000000007818|0000000003129099|045.61
26022026|539872|0000000000003313|0000000001096769|0000000000007005|0000000002329928|047.29
26022026|539875|0000000000000184|0000000000017572|0000000000000192|0000000000018335|095.83
26022026|539876|0000000000025803|0000000006771998|0000000000061329|0000000016086315|042.07
26022026|539883|0000000000000051|0000000000237107|0000000000000120|0000000000556195|042.50
26022026|539884|0000000000012875|0000000000035149|0000000000017811|0000000000048557|072.29
26022026|539889|0000000000034313|0000000007121664|0000000000099530|0000000020243804|034.48
26022026|539894|0000000000102948|0000000000879176|0000000000115345|0000000000990295|089.25
26022026|539895|0000000000012235|0000000000416725|0000000000014854|0000000000497148|082.37
26022026|539900|0000000000000005|0000000000000042|0000000000000005|0000000000000042|100.00
26022026|539917|0000000000028909|0000000000126044|0000000000029900|0000000000129258|096.69
26022026|539921|0000000001011655|0000000202331000|0000000001240709|0000000249973829|081.54
26022026|539922|0000000000000001|0000000000000117|0000000000000001|0000000000000117|100.00
26022026|539927|0000000000000002|0000000000000763|0000000000000002|0000000000000766|100.00
26022026|539938|0000000000000150|0000000000005150|0000000000000150|0000000000005211|100.00
26022026|539939|0000000000000887|0000000000055660|0000000000001050|0000000000065864|084.48
26022026|539945|0000000000003905|0000000000058341|0000000000012573|0000000000186937|031.06
26022026|539946|0000000000012560|0000000000303073|0000000000022421|0000000000546174|056.02
26022026|539947|0000000000000058|0000000000002494|0000000000000058|0000000000002494|100.00
26022026|539956|0000000000000124|0000000000355136|0000000000000149|0000000000427871|083.22
26022026|539957|0000000000003717|0000000004471551|0000000000006000|0000000007216280|061.95
26022026|539963|0000000000177272|0000000002330280|0000000000177272|0000000002330280|100.00
26022026|539978|0000000000010010|0000000001937936|0000000000012555|0000000002448974|079.73
26022026|539979|0000000000001676|0000000000079275|0000000000005186|0000000000243674|032.32
26022026|539980|0000000000002205|0000000000039249|0000000000004556|0000000000080784|048.40
26022026|539984|0000000000000673|0000000001576200|0000000000001027|0000000002416388|065.53
26022026|539985|0000000000001000|0000000000034300|0000000000001000|0000000000034300|100.00
26022026|539986|0000000000037215|0000000005978590|0000000000053202|0000000008333047|069.95
26022026|539991|0000000000003039|0000000000103904|0000000000003636|0000000000121862|083.58
26022026|539992|0000000000065610|0000000003226044|0000000000113235|0000000005576335|057.94
26022026|539997|0000000000005254|0000000007694483|0000000000012862|0000000018741002|040.85
26022026|540005|0000000000008535|0000000038447615|0000000000020283|0000000092324284|042.08
26022026|540006|0000000000022989|0000000000076094|0000000000025287|0000000000084171|090.91
26022026|540008|0000000000000014|0000000000001161|0000000000000014|0000000000001159|100.00
26022026|540023|0000000000001110|0000000000015273|0000000000001110|0000000000015273|100.00
26022026|540025|0000000000001295|0000000000389731|0000000000002326|0000000000703014|055.67
26022026|540026|0000000000020457|0000000000156292|0000000000035474|0000000000277260|057.67
26022026|540047|0000000000001394|0000000000602487|0000000000003748|0000000001605347|037.19
26022026|540048|0000000000001597|0000000001109915|0000000000003074|0000000002140802|051.95
26022026|540061|0000000000006040|0000000000303752|0000000000007952|0000000000401965|075.96
26022026|540063|0000000000079711|0000000000839357|0000000000081749|0000000000859834|097.51
26022026|540065|0000000000060309|0000000019721043|0000000000189488|0000000062399089|031.83
26022026|540072|0000000000030000|0000000000398900|0000000000030000|0000000000398900|100.00
26022026|540073|0000000000073634|0000000020525478|0000000000173202|0000000049220747|042.51
26022026|540078|0000000000002390|0000000000248752|0000000000003567|0000000000377068|067.00
26022026|540079|0000000000120784|0000000000192047|0000000000197835|0000000000314951|061.05
26022026|540080|0000000000024446|0000000000110985|0000000000032209|0000000000145751|075.90
26022026|540081|0000000000004434|0000000000076264|0000000000004434|0000000000076264|100.00
26022026|540083|0000000000002930|0000000000018066|0000000000002930|0000000000018066|100.00
26022026|540097|0000000000021695|0000000000809875|0000000000056754|0000000002153102|038.23
26022026|540108|0000000000001443|0000000000008599|0000000000001443|0000000000008599|100.00
26022026|540115|0000000000002654|0000000008797612|0000000000006616|0000000021843024|040.11
26022026|540124|0000000000000584|0000000000246711|0000000000000991|0000000000420025|058.93
26022026|540125|0000000000001374|0000000000091220|0000000000001802|0000000000120230|076.25
26022026|540132|0000000000003475|0000000000047434|0000000000004104|0000000000056053|084.67
26022026|540133|0000000000031059|0000000020933766|0000000000046659|0000000031449592|066.57
26022026|540134|0000000000000036|0000000000000365|0000000000000036|0000000000000365|100.00
26022026|540135|0000000000731873|0000000000424487|0000000001255850|0000000000727499|058.28
26022026|540136|0000000000000683|0000000000238231|0000000000001740|0000000000605724|039.25
26022026|540143|0000000000002007|0000000000178182|0000000000002012|0000000000173691|099.75
26022026|540145|0000000000001486|0000000000348616|0000000000002850|0000000000672572|052.14
26022026|540146|0000000000002000|0000000000077980|0000000000002000|0000000000077980|100.00
26022026|540147|0000000000009655|0000000000032827|0000000000012453|0000000000042786|077.53
26022026|540150|0000000000003000|0000000000170745|0000000000003000|0000000000170745|100.00
26022026|540153|0000000000001485|0000000003929088|0000000000002899|0000000007700945|051.22
26022026|540154|0000000000000001|0000000000000889|0000000000000001|0000000000000888|100.00
26022026|540159|0000000000000795|0000000000004047|0000000000000795|0000000000004051|100.00
26022026|540168|0000000000024262|0000000000673514|0000000000048874|0000000001371495|049.64
26022026|540173|0000000000005356|0000000004542156|0000000000011952|0000000010172393|044.81
26022026|540174|0000000000002364|0000000000050850|0000000000002384|0000000000051276|099.16
26022026|540175|0000000000027136|0000000000798070|0000000000035766|0000000001052581|075.87
26022026|540180|0000000000036581|0000000016843722|0000000000067320|0000000030857678|054.34
26022026|540181|0000000000000007|0000000000000225|0000000000000007|0000000000000225|100.00
26022026|540189|0000000000000314|0000000000006543|0000000000000314|0000000000006543|100.00
26022026|540190|0000000001613386|0000000000629221|0000000002251228|0000000000881593|071.67
26022026|540192|0000000000017187|0000000000252993|0000000000019286|0000000000281080|089.12
26022026|540198|0000000000021253|0000000009490528|0000000000021554|0000000009524503|098.60
26022026|540199|0000000000000075|0000000000004399|0000000000000076|0000000000004507|098.68
26022026|540203|0000000000012378|0000000006842559|0000000000013269|0000000007313191|093.29
26022026|540204|0000000000002289|0000000000119028|0000000000002309|0000000000120097|099.13
26022026|540205|0000000000002071|0000000001014998|0000000000007027|0000000003411054|029.47
26022026|540210|0000000000000235|0000000000001871|0000000000000280|0000000000002216|083.93
26022026|540212|0000000000000286|0000000000156442|0000000000000307|0000000000167446|093.16
26022026|540222|0000000000131835|0000000144023146|0000000000173797|0000000188818522|075.86
26022026|540243|0000000000048021|0000000000063388|0000000000065408|0000000000087299|073.42
26022026|540252|0000000000054054|0000000000475676|0000000000081939|0000000000724170|065.97
26022026|540254|0000000000000073|0000000000002102|0000000000000081|0000000000002283|090.12
26022026|540259|0000000000605895|0000000000157533|0000000000838359|0000000000216802|072.27
26022026|540266|0000000000008031|0000000000141426|0000000000012757|0000000000226333|062.95
26022026|540267|0000000000000001|0000000000000008|0000000000000001|0000000000000007|100.00
26022026|540268|0000000000011686|0000000000078881|0000000000016435|0000000000109739|071.10
26022026|540293|0000000000008383|0000000005176503|0000000000016420|0000000010247493|051.05
26022026|540310|0000000000001500|0000000000069780|0000000000001500|0000000000069780|100.00
26022026|540311|0000000000003099|0000000001185650|0000000000003099|0000000001185650|100.00
26022026|540358|0000000000007375|0000000003131425|0000000000009125|0000000003911631|080.82
26022026|540360|0000000007226250|0000000016692638|0000000009790469|0000000023974203|073.81
26022026|540361|0000000000022340|0000000000102764|0000000000035066|0000000000161669|063.71
26022026|540366|0000000000000481|0000000000003016|0000000000000488|0000000000003024|098.57
26022026|540376|0000000000003620|0000000013998540|0000000000005588|0000000021568620|064.78
26022026|540377|0000000003275286|0000000001408373|0000000005946468|0000000002596434|055.08
26022026|540386|0000000000091744|0000000000151378|0000000000124712|0000000000207791|073.56
26022026|540393|0000000000000075|0000000000005292|0000000000000075|0000000000005291|100.00
26022026|540395|0000000000002459|0000000000239384|0000000000004613|0000000000451085|053.31
26022026|540396|0000000000000523|0000000000119092|0000000000000523|0000000000119092|100.00
26022026|540401|0000000000009261|0000000000090666|0000000000010361|0000000000101971|089.38
26022026|540403|0000000000008328|0000000000338700|0000000000009453|0000000000389243|088.10
26022026|540404|0000000000023691|0000000006276931|0000000000074113|0000000019714687|031.97
26022026|540405|0000000000000171|0000000000010262|0000000000000171|0000000000010260|100.00
26022026|540425|0000000000007539|0000000000867739|0000000000016570|0000000001910141|045.50
26022026|540455|0000000000000185|0000000000021275|0000000000000186|0000000000020515|099.46
26022026|540481|0000000000000226|0000000000009133|0000000000000226|0000000000009262|100.00
26022026|540492|0000000000278317|0000000003092101|0000000000278317|0000000003092101|100.00
26022026|540497|0000000000000761|0000000000116433|0000000000000848|0000000000130777|089.74
26022026|540515|0000000000000052|0000000000000582|0000000000000052|0000000000000582|100.00
26022026|540519|0000000000014748|0000000000950804|0000000000020867|0000000001371223|070.68
26022026|540526|0000000000027809|0000000001719153|0000000000045886|0000000002830895|060.60
26022026|540530|0000000000616647|0000000117440422|0000000000704738|0000000134078124|087.50
26022026|540544|0000000000000845|0000000000625300|0000000000001159|0000000000858184|072.91
26022026|540545|0000000000013701|0000000000542428|0000000000013701|0000000000542428|100.00
26022026|540565|0000000000010745|0000000001774322|0000000000011305|0000000001866818|095.05
26022026|540570|0000000000012952|0000000000064501|0000000000019213|0000000000096617|067.41
26022026|540575|0000000000012673|0000000002736735|0000000000019957|0000000004314883|063.50
26022026|540590|0000000000003411|0000000000214621|0000000000003412|0000000000213834|099.97
26022026|540595|0000000002141138|0000000797252735|0000000007312085|0000002617357811|029.28
26022026|540596|0000000000000972|0000000001323378|0000000000002242|0000000003067813|043.35
26022026|540597|0000000000025761|0000000000407282|0000000000026158|0000000000424688|098.48
26022026|540602|0000000000010600|0000000000603140|0000000000017824|0000000001044688|059.47
26022026|540611|0000000000030581|0000000029758372|0000000000097176|0000000094829955|031.47
26022026|540612|0000000000018153|0000000000413526|0000000000020162|0000000000458537|090.04
26022026|540614|0000000002692884|0000000001292585|0000000003876053|0000000001885732|069.47
26022026|540615|0000000000020458|0000000000074263|0000000000023360|0000000000083624|087.58
26022026|540642|0000000000099307|0000000000787505|0000000000141330|0000000001127100|070.27
26022026|540647|0000000000000016|0000000000002072|0000000000000021|0000000000002688|076.19
26022026|540648|0000000000000040|0000000000003746|0000000000000043|0000000000004033|093.02
26022026|540649|0000000000000657|0000000000219044|0000000000000736|0000000000236685|089.27
26022026|540650|0000000000000479|0000000000213179|0000000000000539|0000000000238669|088.87
26022026|540652|0000000000002250|0000000000393750|0000000000002250|0000000000401250|100.00
26022026|540654|0000000000005227|0000000000094086|0000000000005381|0000000000097051|097.14
26022026|540669|0000000000000459|0000000000034738|0000000000000531|0000000000040111|086.44
26022026|540673|0000000000002299|0000000000696483|0000000000003349|0000000001000519|068.65
26022026|540678|0000000000039848|0000000059795909|0000000000081048|0000000121478545|049.17
26022026|540679|0000000000000249|0000000000328407|0000000000000249|0000000000328406|100.00
26022026|540680|0000000000008850|0000000003039975|0000000000016247|0000000005595897|054.47
26022026|540686|0000000000001157|0000000000131146|0000000000002094|0000000000234312|055.25
26022026|540691|0000000000074802|0000000026622032|0000000000177577|0000000062989992|042.12
26022026|540692|0000000000011800|0000000004984320|0000000000018638|0000000007850841|063.31
26022026|540693|0000000000393133|0000000005570694|0000000000393133|0000000005570694|100.00
26022026|540694|0000000000002912|0000000000068869|0000000000004960|0000000000115166|058.71
26022026|540696|0000000000022406|0000000000132420|0000000000039540|0000000000228933|056.67
26022026|540699|0000000000020510|0000000207535563|0000000000052865|0000000540975470|038.80
26022026|540700|0000000000001710|0000000000033311|0000000000002094|0000000000040497|081.66
26022026|540701|0000000000014356|0000000002655860|0000000000028716|0000000005302483|049.99
26022026|540702|0000000000002752|0000000000021714|0000000000002752|0000000000021630|100.00
26022026|540703|0000000000011602|0000000000466388|0000000000011602|0000000000466388|100.00
26022026|540704|0000000000001072|0000000000440700|0000000000001189|0000000000487020|090.16
26022026|540709|0000000000217837|0000000000479522|0000000000217837|0000000000479522|100.00
26022026|540710|0000000000006922|0000000001711119|0000000000028125|0000000007075363|024.61
26022026|540716|0000000000002038|0000000003961465|0000000000003085|0000000006008430|066.06
26022026|540717|0000000000014670|0000000000290026|0000000000023354|0000000000469527|062.82
26022026|540718|0000000000063750|0000000070947375|0000000000087250|0000000097192893|073.07
26022026|540719|0000000000003672|0000000007647308|0000000000006541|0000000013668642|056.14
26022026|540724|0000000000000145|0000000000155187|0000000000000198|0000000000209214|073.23
26022026|540725|0000000000006607|0000000000883687|0000000000011702|0000000001572288|056.46
26022026|540726|0000000000000971|0000000000076709|0000000000000971|0000000000076709|100.00
26022026|540727|0000000000000487|0000000000013705|0000000000000654|0000000000018109|074.46
26022026|540728|0000000000002935|0000000000273220|0000000000005286|0000000000499078|055.52
26022026|540730|0000000001040571|0000000001435988|0000000001585898|0000000002206833|065.61
26022026|540735|0000000000000924|0000000000232848|0000000000001120|0000000000281442|082.50
26022026|540737|0000000000001963|0000000000997499|0000000000002549|0000000001307257|077.01
26022026|540738|0000000000017167|0000000000138195|0000000000022918|0000000000186252|074.91
26022026|540743|0000000000005598|0000000003459285|0000000000011795|0000000007307224|047.46
26022026|540749|0000000000001122|0000000000380751|0000000000002298|0000000000780733|048.82
26022026|540750|0000000000155504|0000000019795660|0000000000281879|0000000036174804|055.17
26022026|540755|0000000000008122|0000000003157834|0000000000017193|0000000006717658|047.24
26022026|540757|0000000000000702|0000000000226768|0000000000000702|0000000000226768|100.00
26022026|540762|0000000000242403|0000000659008916|0000000000262780|0000000713041484|092.25
26022026|540767|0000000000018581|0000000017573910|0000000000033934|0000000032209500|054.76
26022026|540768|0000000000004121|0000000001679514|0000000000008585|0000000003472456|048.00
26022026|540769|0000000000005918|0000000000882966|0000000000014396|0000000002156988|041.11
26022026|540774|0000000000001811|0000000000307237|0000000000001846|0000000000317452|098.10
26022026|540775|0000000000007709|0000000000952447|0000000000012205|0000000001494251|063.16
26022026|540776|0000000000002349|0000000000752738|0000000000002861|0000000000924027|082.10
26022026|540777|0000000000322166|0000000236502061|0000000000346572|0000000256503232|092.96
26022026|540782|0000000000016000|0000000000175680|0000000000016000|0000000000153980|100.00
26022026|540786|0000000000016843|0000000000196895|0000000000021994|0000000000259065|076.58
26022026|540787|0000000000013785|0000000001765445|0000000000023955|0000000003056206|057.55
26022026|540788|0000000000000101|0000000000005766|0000000000000102|0000000000005822|099.02
26022026|540789|0000000000000234|0000000000000787|0000000000000239|0000000000000801|097.91
26022026|540795|0000000000008287|0000000002379198|0000000000014829|0000000004260356|055.88
26022026|540796|0000000000000454|0000000000090460|0000000000000454|0000000000097517|100.00
26022026|540797|0000000000005558|0000000000863436|0000000000011837|0000000001850623|046.95
26022026|540809|0000000000212332|0000000009822479|0000000000284980|0000000013213827|074.51
26022026|540821|0000000000053184|0000000000096795|0000000000072296|0000000000125102|073.56
26022026|540824|0000000000000041|0000000000000170|0000000000000050|0000000000000203|082.00
26022026|540829|0000000000415489|0000000002679905|0000000000526240|0000000003400295|078.95
26022026|540850|0000000000006000|0000000000238730|0000000000006000|0000000000238730|100.00
26022026|540874|0000000000002561|0000000000189617|0000000000003156|0000000000232002|081.15
26022026|540879|0000000000125977|0000000031267492|0000000000292942|0000000073305149|043.00
26022026|540900|0000000000478748|0000000248182964|0000000001507601|0000000781782195|031.76
26022026|540901|0000000000012035|0000000000096280|0000000000013715|0000000000109327|087.75
26022026|540902|0000000000002055|0000000016324407|0000000000004287|0000000034174314|047.94
26022026|540904|0000000000000014|0000000000001050|0000000000000014|0000000000001050|100.00
26022026|540914|0000000000029641|0000000000096927|0000000000037278|0000000000123359|079.51
26022026|540923|0000000000001168|0000000000018396|0000000000001328|0000000000020223|087.95
26022026|540935|0000000000000221|0000000000435779|0000000000000248|0000000000486204|089.11
26022026|540936|0000000000014698|0000000000046740|0000000000021546|0000000000068250|068.22
26022026|540937|0000000000009104|0000000000409498|0000000000010631|0000000000481235|085.64
26022026|540952|0000000000001025|0000000000008088|0000000000001026|0000000000008097|099.90
26022026|540953|0000000000084545|0000000000198681|0000000000128322|0000000000303544|065.88
26022026|540954|0000000000045040|0000000001426417|0000000000051974|0000000001650776|086.66
26022026|540955|0000000000003698|0000000000024085|0000000000003698|0000000000024085|100.00
26022026|540956|0000000000014252|0000000000309554|0000000000020081|0000000000436596|070.97
26022026|540975|0000000000010620|0000000006896628|0000000000032739|0000000021131815|032.44
26022026|540980|0000000000000002|0000000000059000|0000000000000002|0000000000058500|100.00
26022026|541005|0000000000000104|0000000000006368|0000000000000205|0000000000012554|050.73
26022026|541019|0000000000010883|0000000006066729|0000000000024380|0000000013788061|044.64
26022026|541083|0000000000011000|0000000003333000|0000000000012750|0000000003878112|086.27
26022026|541096|0000000000000017|0000000000018735|0000000000000023|0000000000025394|073.91
26022026|541097|0000000000002079|0000000002079000|0000000000002139|0000000002138982|097.19
26022026|541143|0000000000019783|0000000025173868|0000000000044310|0000000055889201|044.65
26022026|541144|0000000000006805|0000000000683563|0000000000010014|0000000001005211|067.95
26022026|541152|0000000000026815|0000000000178264|0000000000026815|0000000000178264|100.00
26022026|541153|0000000000210915|0000000039251282|0000000000501377|0000000093830760|042.07
26022026|541154|0000000000067481|0000000270500963|0000000000105425|0000000421923515|064.01
26022026|541161|0000000000521602|0000000000099104|0000000000521602|0000000000099104|100.00
26022026|541163|0000000000002551|0000000001271164|0000000000005684|0000000002830388|044.88
26022026|541167|0000000000000921|0000000001384724|0000000000001183|0000000001732178|077.85
26022026|541195|0000000000009775|0000000003448620|0000000000031627|0000000011102451|030.91
26022026|541228|0000000000011633|0000000001261018|0000000000016005|0000000001695002|072.68
26022026|541233|0000000000087580|0000000010224965|0000000000184504|0000000021584389|047.47
26022026|541269|0000000000000001|0000000000000387|0000000000000001|0000000000000386|100.00
26022026|541276|0000000000059374|0000000001026100|0000000000059374|0000000001026100|100.00
26022026|541299|0000000000004000|0000000000063520|0000000000004000|0000000000063520|100.00
26022026|541301|0000000000033282|0000000006476678|0000000000094610|0000000018006143|035.18
26022026|541302|0000000000007189|0000000000194679|0000000000008146|0000000000224951|088.25
26022026|541303|0000000000125897|0000000000054136|0000000000140155|0000000000061517|089.83
26022026|541304|0000000000000313|0000000000043946|0000000000000681|0000000000095423|045.96
26022026|541313|0000000000000543|0000000000021422|0000000000000851|0000000000033742|063.81
26022026|541336|0000000000001009|0000000000229447|0000000000001349|0000000000306291|074.80
26022026|541337|0000000000021000|0000000000605550|0000000000021000|0000000000605550|100.00
26022026|541338|0000000000007207|0000000000095998|0000000000008482|0000000000113807|084.97
26022026|541347|0000000000003834|0000000000030484|0000000000003834|0000000000030484|100.00
26022026|541352|0000000000000638|0000000000148654|0000000000000639|0000000000151311|099.84
26022026|541353|0000000000008800|0000000001372800|0000000000011200|0000000001787400|078.57
26022026|541358|0000000000003270|0000000000310650|0000000000003454|0000000000329835|094.67
26022026|541400|0000000000000510|0000000000035910|0000000000000801|0000000000055858|063.67
26022026|541402|0000000000003444|0000000000627325|0000000000004856|0000000000901044|070.92
26022026|541403|0000000000001270|0000000000367792|0000000000001564|0000000000450965|081.20
26022026|541418|0000000000001653|0000000000042466|0000000000002042|0000000000054027|080.95
26022026|541444|0000000000002619|0000000000045335|0000000000008368|0000000000145742|031.30
26022026|541445|0000000000006400|0000000000308160|0000000000011200|0000000000532328|057.14
26022026|541450|0000000000046671|0000000045051517|0000000000108491|0000000104754772|043.02
26022026|541540|0000000000002142|0000000000992175|0000000000002553|0000000001199588|083.90
26022026|541546|0000000000055723|0000000000125934|0000000000058130|0000000000131523|095.86
26022026|541556|0000000000023941|0000000005165271|0000000000036112|0000000007835636|066.30
26022026|541557|0000000000001513|0000000007124415|0000000000002150|0000000010244066|070.37
26022026|541578|0000000000001068|0000000000587294|0000000000002405|0000000001328994|044.41
26022026|541601|0000000001544745|0000000000695136|0000000002696793|0000000001218983|057.28
26022026|541627|0000000000000858|0000000000006281|0000000000001008|0000000000007469|085.12
26022026|541634|0000000000002734|0000000000046752|0000000000003411|0000000000058872|080.15
26022026|541701|0000000000033300|0000000007414245|0000000000033600|0000000007727400|099.11
26022026|541702|0000000000238200|0000000000952800|0000000000238200|0000000000952800|100.00
26022026|541729|0000000000004345|0000000011972431|0000000000008701|0000000023943177|049.94
26022026|541735|0000000000085917|0000000000150355|0000000000101409|0000000000175939|084.72
26022026|541741|0000000000001729|0000000000150423|0000000000002371|0000000000208913|072.92
26022026|541770|0000000000006796|0000000009100184|0000000000013964|0000000018600779|048.67
26022026|541771|0000000000106775|0000000000176179|0000000000112690|0000000000185762|094.75
26022026|541778|0000000000010022|0000000000337441|0000000000013134|0000000000442835|076.31
26022026|541809|0000000000012202|0000000000907097|0000000000017274|0000000001280944|070.64
26022026|541865|0000000000007635|0000000000058866|0000000000011573|0000000000089645|065.97
26022026|541890|0000000001956993|0000000000469834|0000000001956993|0000000000469834|100.00
26022026|541929|0000000000000710|0000000000364834|0000000000000728|0000000000375802|097.53
26022026|541946|0000000000054902|0000000054902000|0000000000054902|0000000054902005|100.00
26022026|541956|0000000000107903|0000000015656726|0000000000225738|0000000033028846|047.80
26022026|541967|0000000000012072|0000000004346524|0000000000023285|0000000008415309|051.84
26022026|541972|0000000000000158|0000000000146940|0000000000000167|0000000000155079|094.61
26022026|541974|0000000000000894|0000000001283203|0000000000001336|0000000001914156|066.92
26022026|541988|0000000000005417|0000000007001744|0000000000007992|0000000010312977|067.78
26022026|542011|0000000000015642|0000000038638869|0000000000038280|0000000094283778|040.86
26022026|542012|0000000001493359|0000000035900351|0000000001931951|0000000046441542|077.30
26022026|542013|0000000000000913|0000000000156123|0000000000001595|0000000000270933|057.24
26022026|542019|0000000000036887|0000000002244574|0000000000075856|0000000004562312|048.63
26022026|542020|0000000000003940|0000000000020804|0000000000003954|0000000000020403|099.65
26022026|542025|0000000000048000|0000000000020640|0000000000048000|0000000000020640|100.00
26022026|542034|0000000000008082|0000000000111694|0000000000011326|0000000000157271|071.36
26022026|542046|0000000000146975|0000000001065661|0000000000146975|0000000001065661|100.00
26022026|542057|0000000000008241|0000000000536572|0000000000014750|0000000000959596|055.87
26022026|542066|0000000000013642|0000000007038590|0000000000025554|0000000013215150|053.38
26022026|542123|0000000000000188|0000000000026132|0000000000000193|0000000000026135|097.41
26022026|542131|0000000000001408|0000000000388299|0000000000001764|0000000000485562|079.82
26022026|542141|0000000000006367|0000000007508922|0000000000011462|0000000013648721|055.55
26022026|542145|0000000000003600|0000000000165600|0000000000003600|0000000000168660|100.00
26022026|542146|0000000000002500|0000000000027187|0000000000002500|0000000000027187|100.00
26022026|542155|0000000000004000|0000000000005400|0000000000004000|0000000000005400|100.00
26022026|542176|0000000000000035|0000000000000756|0000000000000035|0000000000000756|100.00
26022026|542206|0000000000014528|0000000000024843|0000000000014528|0000000000024744|100.00
26022026|542216|0000000000000358|0000000000738465|0000000000000785|0000000001615593|045.60
26022026|542230|0000000000000112|0000000000008266|0000000000000118|0000000000008692|094.92
26022026|542231|0000000000008188|0000000000115779|0000000000009378|0000000000132258|087.31
26022026|542232|0000000000006003|0000000000310176|0000000000006717|0000000000338550|089.37
26022026|542233|0000000000000001|0000000000000200|0000000000000001|0000000000000200|100.00
26022026|542248|0000000000002477|0000000000032722|0000000000002827|0000000000037525|087.62
26022026|542285|0000000000048409|0000000000425782|0000000000048409|0000000000425782|100.00
26022026|542323|0000000000011045|0000000004234653|0000000000021981|0000000008457447|050.25
26022026|542333|0000000000000361|0000000000246979|0000000000000519|0000000000352591|069.56
26022026|542337|0000000000013656|0000000000452014|0000000000014256|0000000000481347|095.79
26022026|542367|0000000000001517|0000000000202065|0000000000001521|0000000000203363|099.74
26022026|542376|0000000000000001|0000000000000218|0000000000000001|0000000000000218|100.00
26022026|542383|0000000000000706|0000000000157085|0000000000000874|0000000000196123|080.78
26022026|542399|0000000000002106|0000000001738819|0000000000003574|0000000002965370|058.93
26022026|542437|0000000000010195|0000000000118262|0000000000010235|0000000000119041|099.61
26022026|542446|0000000000086778|0000000000276822|0000000000130167|0000000000416437|066.67
26022026|542459|0000000000010322|0000000000638829|0000000000013951|0000000000892694|073.99
26022026|542460|0000000000003404|0000000005487929|0000000000004900|0000000007826508|069.47
26022026|542484|0000000000004082|0000000001781385|0000000000008258|0000000003615294|049.43
26022026|542503|0000000000008000|0000000000154080|0000000000008000|0000000000154080|100.00
26022026|542513|0000000000000204|0000000000018899|0000000000000408|0000000000037792|050.00
26022026|542543|0000000000350000|0000000029225000|0000000000400000|0000000033354250|087.50
26022026|542579|0000000000545302|0000000002546561|0000000000681161|0000000003192184|080.05
26022026|542580|0000000000000767|0000000000033296|0000000000000809|0000000000035662|094.81
26022026|542597|0000000000002221|0000000001004115|0000000000004102|0000000001863762|054.14
26022026|542602|0000000000005677|0000000002427656|0000000000007980|0000000003396827|071.14
26022026|542627|0000000000001913|0000000000127118|0000000000001913|0000000000127118|100.00
26022026|542628|0000000000003680|0000000000446752|0000000000004864|0000000000593020|075.66
26022026|542649|0000000000116435|0000000037067083|0000000000300176|0000000095753365|038.79
26022026|542650|0000000000000397|0000000000750807|0000000000000518|0000000000976455|076.64
26022026|542651|0000000000032307|0000000025640451|0000000000089845|0000000071764844|035.96
26022026|542652|0000000000013820|0000000117525280|0000000000028468|0000000240553410|048.55
26022026|542654|0000000000001315|0000000000017753|0000000000001415|0000000000018768|092.93
26022026|542655|0000000000227052|0000000000336037|0000000000397771|0000000000591205|057.08
26022026|542665|0000000000006324|0000000009144504|0000000000013492|0000000019226876|046.87
26022026|542666|0000000000018676|0000000000111496|0000000000026878|0000000000162748|069.48
26022026|542668|0000000000019000|0000000001947500|0000000000019000|0000000001938550|100.00
26022026|542669|0000000000088598|0000000003091185|0000000000149620|0000000005274983|059.22
26022026|542670|0000000000009283|0000000000168116|0000000000013882|0000000000252261|066.87
26022026|542679|0000000000000039|0000000000007410|0000000000000039|0000000000007410|100.00
26022026|542682|0000000000002111|0000000000138250|0000000000002158|0000000000142394|097.82
26022026|542684|0000000000001398|0000000000285332|0000000000001930|0000000000390399|072.44
26022026|542685|0000000000000005|0000000000000139|0000000000000005|0000000000000138|100.00
26022026|542694|0000000000000013|0000000000002047|0000000000000013|0000000000002047|100.00
26022026|542721|0000000000000244|0000000000028951|0000000000000244|0000000000028950|100.00
26022026|542724|0000000005557084|0000000001235870|0000000005557084|0000000001235870|100.00
26022026|542725|0000000000092607|0000000002978242|0000000000144825|0000000004659708|063.94
26022026|542726|0000000000002761|0000000006025193|0000000000005286|0000000011520683|052.23
26022026|542727|0000000000003750|0000000010904813|0000000000005750|0000000016688495|065.22
26022026|542729|0000000000000069|0000000000009405|0000000000000091|0000000000012748|075.82
26022026|542730|0000000000005086|0000000000318130|0000000000009679|0000000000604512|052.55
26022026|542747|0000000000003600|0000000000324396|0000000000008075|0000000000732643|044.58
26022026|542752|0000000000004305|0000000005722206|0000000000008564|0000000011514501|050.27
26022026|542758|0000000000005016|0000000000146769|0000000000009249|0000000000270366|054.23
26022026|542759|0000000000014952|0000000003865840|0000000000019769|0000000005117254|075.63
26022026|542760|0000000000042104|0000000008454484|0000000000116708|0000000023649510|036.08
26022026|542770|0000000000004036|0000000000163216|0000000000005418|0000000000217303|074.49
26022026|542772|0000000000004426|0000000004994299|0000000000012185|0000000013751650|036.32
26022026|542773|0000000000013315|0000000003832723|0000000000022959|0000000006697057|057.99
26022026|542774|0000000000021522|0000000002489020|0000000000034417|0000000003962003|062.53
26022026|542802|0000000000086721|0000000000150895|0000000000127414|0000000000222513|068.06
26022026|542803|0000000000008175|0000000000379647|0000000000013346|0000000000615931|061.25
26022026|542812|0000000000000546|0000000001878404|0000000000001163|0000000003996216|046.95
26022026|542830|0000000000145185|0000000086406853|0000000000232018|0000000139274600|062.57
26022026|542850|0000000000038000|0000000000311600|0000000000042000|0000000000349680|090.48
26022026|542852|0000000000012558|0000000000073339|0000000000013943|0000000000081120|090.07
26022026|542857|0000000000003145|0000000000651173|0000000000005393|0000000001112205|058.32
26022026|542862|0000000000001061|0000000000024764|0000000000001516|0000000000034370|069.99
26022026|542863|0000000000000036|0000000000002251|0000000000000036|0000000000002250|100.00
26022026|542865|0000000000003123|0000000000039007|0000000000003855|0000000000047371|081.01
26022026|542867|0000000000005883|0000000002360260|0000000000024570|0000000009771807|023.94
26022026|542904|0000000000610261|0000000037561565|0000000001042220|0000000064671740|058.55
26022026|542905|0000000000001404|0000000000320814|0000000000001603|0000000000372161|087.59
26022026|542907|0000000000001484|0000000000373375|0000000000002622|0000000000658220|056.60
26022026|542909|0000000000000277|0000000000435857|0000000000000396|0000000000624080|069.95
26022026|542910|0000000000003000|0000000000189000|0000000000004500|0000000000261615|066.67
26022026|542911|0000000000000007|0000000000006293|0000000000000007|0000000000005997|100.00
26022026|542918|0000000000000439|0000000000003896|0000000000000439|0000000000003896|100.00
26022026|542919|0000000000002383|0000000000560363|0000000000003609|0000000000836893|066.03
26022026|542920|0000000000003303|0000000001343000|0000000000008128|0000000003300145|040.64
26022026|542921|0000000000121885|0000000002782635|0000000000125221|0000000002836560|097.34
26022026|542922|0000000000000286|0000000000207734|0000000000000373|0000000000270226|076.68
26022026|542933|0000000000001836|0000000000763176|0000000000001836|0000000000763176|100.00
26022026|542934|0000000000001000|0000000000038100|0000000000001000|0000000000038100|100.00
26022026|543064|0000000000019543|0000000006022176|0000000000030752|0000000009549576|063.55
26022026|543066|0000000000007677|0000000005951979|0000000000015206|0000000011788111|050.49
26022026|543071|0000000000000240|0000000000003500|0000000000000241|0000000000003516|099.58
26022026|543079|0000000000000102|0000000000000560|0000000000000104|0000000000000517|098.08
26022026|543092|0000000000000002|0000000000000017|0000000000000002|0000000000000016|100.00
26022026|543099|0000000000000001|0000000000000060|0000000000000001|0000000000000059|100.00
26022026|543108|0000000000000001|0000000000000117|0000000000000002|0000000000000232|050.00
26022026|543110|0000000000000022|0000000000000149|0000000000000023|0000000000000155|095.65
26022026|543144|0000000000000116|0000000000000679|0000000000000118|0000000000000645|098.30
26022026|543150|0000000000043680|0000000000118810|0000000000052695|0000000000141623|082.89
26022026|543153|0000000000000010|0000000000000294|0000000000000010|0000000000000293|100.00
26022026|543161|0000000000000260|0000000000030493|0000000000000260|0000000000030492|100.00
26022026|543167|0000000000000201|0000000000000519|0000000000000201|0000000000000522|100.00
26022026|543171|0000000000011506|0000000000017259|0000000000014476|0000000000021669|079.48
26022026|543173|0000000000000857|0000000000011750|0000000000001019|0000000000014108|084.10
26022026|543174|0000000000011594|0000000000030493|0000000000013898|0000000000036214|083.42
26022026|543175|0000000000009116|0000000000036282|0000000000010017|0000000000037216|091.01
26022026|543176|0000000000000073|0000000000004380|0000000000000083|0000000000004781|087.95
26022026|543177|0000000000004237|0000000000034998|0000000000005178|0000000000042101|081.83
26022026|543178|0000000000000016|0000000000000568|0000000000000018|0000000000000659|088.89
26022026|543181|0000000000000751|0000000000023041|0000000000000751|0000000000023123|100.00
26022026|543182|0000000000000210|0000000000007174|0000000000000222|0000000000007524|094.59
26022026|543186|0000000000001464|0000000000007906|0000000000001464|0000000000007980|100.00
26022026|543187|0000000000002235|0000000056739387|0000000000005049|0000000127849905|044.27
26022026|543193|0000000000001322|0000000000117510|0000000000001322|0000000000117510|100.00
26022026|543207|0000000000055705|0000000000248445|0000000000077894|0000000000354003|071.51
26022026|543208|0000000000006057|0000000000015204|0000000000006149|0000000000015482|098.50
26022026|543209|0000000000003000|0000000000081600|0000000000003000|0000000000081600|100.00
26022026|543210|0000000000000177|0000000000070977|0000000000000178|0000000000071425|099.44
26022026|543211|0000000000001067|0000000000048151|0000000000001067|0000000000048151|100.00
26022026|543212|0000000000002166|0000000000511176|0000000000002526|0000000000603385|085.75
26022026|543213|0000000000001032|0000000000508931|0000000000001839|0000000000908108|056.12
26022026|543214|0000000000001308|0000000001001144|0000000000002505|0000000001918230|052.22
26022026|543216|0000000000000010|0000000000014059|0000000000000012|0000000000016856|083.33
26022026|543217|0000000000002637|0000000001267079|0000000000003412|0000000001641924|077.29
26022026|543218|0000000000000002|0000000000000058|0000000000000003|0000000000000085|066.67
26022026|543219|0000000000003474|0000000000099079|0000000000004294|0000000000122265|080.90
26022026|543220|0000000000224378|0000000249059580|0000000000283578|0000000313839898|079.12
26022026|543221|0000000000024958|0000000000842083|0000000000030701|0000000001042572|081.29
26022026|543223|0000000000000283|0000000000044163|0000000000000478|0000000000074912|059.20
26022026|543224|0000000000000546|0000000000034257|0000000000000637|0000000000039874|085.71
26022026|543225|0000000000825000|0000000132000000|0000000000825000|0000000130875000|100.00
26022026|543226|0000000000003232|0000000000203002|0000000000003234|0000000000202852|099.94
26022026|543227|0000000000012375|0000000004482844|0000000000032053|0000000011682611|038.61
26022026|543228|0000000000003967|0000000001989649|0000000000009056|0000000004556036|043.81
26022026|543229|0000000000000006|0000000000001206|0000000000000007|0000000000001467|085.71
26022026|543230|0000000000002129|0000000003686151|0000000000004030|0000000006957043|052.83
26022026|543231|0000000000000066|0000000000004949|0000000000000066|0000000000004949|100.00
26022026|543232|0000000000014347|0000000010164133|0000000000027196|0000000019249254|052.75
26022026|543233|0000000000002807|0000000000458103|0000000000003030|0000000000493119|092.64
26022026|543234|0000000000013914|0000000001923611|0000000000031672|0000000004481556|043.93
26022026|543235|0000000000306391|0000000075464104|0000000000728141|0000000179424587|042.08
26022026|543236|0000000000000509|0000000000031645|0000000000000510|0000000000033025|099.80
26022026|543237|0000000000029443|0000000066280610|0000000000061860|0000000139288684|047.60
26022026|543238|0000000000007123|0000000007334554|0000000000008741|0000000009037472|081.49
26022026|543240|0000000000001122|0000000000168861|0000000000001440|0000000000217343|077.92
26022026|543241|0000000000000428|0000000000035728|0000000000000428|0000000000035728|100.00
26022026|543242|0000000000007243|0000000001026334|0000000000011387|0000000001622217|063.61
26022026|543243|0000000000015094|0000000000996054|0000000000034042|0000000002244359|044.34
26022026|543244|0000000000004000|0000000000104000|0000000000004000|0000000000104000|100.00
26022026|543245|0000000000001500|0000000002800725|0000000000002596|0000000004838595|057.78
26022026|543246|0000000000000160|0000000000006856|0000000000000161|0000000000006908|099.38
26022026|543248|0000000000068618|0000000004364105|0000000000090444|0000000005770957|075.87
26022026|543249|0000000000005141|0000000000771150|0000000000008998|0000000001351435|057.13
26022026|543251|0000000000001041|0000000000040839|0000000000001201|0000000000047801|086.68
26022026|543252|0000000000000062|0000000000036274|0000000000000101|0000000000059005|061.39
26022026|543253|0000000000034338|0000000007286524|0000000000058181|0000000012424659|059.02
26022026|543254|0000000000002289|0000000001166475|0000000000005599|0000000002837606|040.88
26022026|543255|0000000000000263|0000000000261856|0000000000000417|0000000000414466|063.07
26022026|543256|0000000000002851|0000000000052753|0000000000002851|0000000000052753|100.00
26022026|543257|0000000000616243|0000000063627090|0000000001235611|0000000128515336|049.87
26022026|543258|0000000000000569|0000000000538474|0000000000001106|0000000001046692|051.45
26022026|543259|0000000000092061|0000000108286752|0000000000137657|0000000162874567|066.88
26022026|543260|0000000000000351|0000000000170762|0000000000000386|0000000000188599|090.93
26022026|543261|0000000000341435|0000000123001959|0000000000345455|0000000121979833|098.84
26022026|543262|0000000000019000|0000000001686820|0000000000022000|0000000001953090|086.36
26022026|543263|0000000000004126|0000000000323809|0000000000008149|0000000000639492|050.63
26022026|543264|0000000000001610|0000000000479619|0000000000001973|0000000000591270|081.60
26022026|543265|0000000000037359|0000000011682160|0000000000067127|0000000021190909|055.65
26022026|543266|0000000000001408|0000000000293709|0000000000007109|0000000001492681|019.81
26022026|543267|0000000000406896|0000000001664205|0000000000702363|0000000002919721|057.93
26022026|543268|0000000000000903|0000000000013699|0000000000000908|0000000000014196|099.45
26022026|543270|0000000000003074|0000000011323233|0000000000007774|0000000028599391|039.54
26022026|543271|0000000000011580|0000000006871572|0000000000019207|0000000011304389|060.29
26022026|543272|0000000002060259|0000000017883049|0000000003938653|0000000034661240|052.31
26022026|543273|0000000000001008|0000000001651558|0000000000001729|0000000002791945|058.30
26022026|543275|0000000000001251|0000000001567879|0000000000002979|0000000003733266|041.99
26022026|543276|0000000000000392|0000000003035394|0000000000001310|0000000010129032|029.92
26022026|543277|0000000000010476|0000000001373404|0000000000017992|0000000002344291|058.23
26022026|543278|0000000000039395|0000000016033765|0000000000090210|0000000036720595|043.67
26022026|543279|0000000000028102|0000000003538042|0000000000080135|0000000010042915|035.07
26022026|543280|0000000000011157|0000000002962184|0000000000023617|0000000006321801|047.24
26022026|543281|0000000000000009|0000000000000028|0000000000000009|0000000000000027|100.00
26022026|543283|0000000000000293|0000000000070555|0000000000000345|0000000000084066|084.93
26022026|543284|0000000000008562|0000000000799434|0000000000012234|0000000001150494|069.99
26022026|543285|0000000000009200|0000000000208616|0000000000009200|0000000000208616|100.00
26022026|543287|0000000000010280|0000000010400276|0000000000026061|0000000026405210|039.45
26022026|543288|0000000000002361|0000000000839336|0000000000005939|0000000002104263|039.75
26022026|543289|0000000000003000|0000000000121050|0000000000003000|0000000000121050|100.00
26022026|543290|0000000000187513|0000000017149939|0000000000252171|0000000023083008|074.36
26022026|543291|0000000000000245|0000000000037260|0000000000000245|0000000000037259|100.00
26022026|543292|0000000000004508|0000000000697974|0000000000005630|0000000000866656|080.07
26022026|543298|0000000000000145|0000000000004419|0000000000000157|0000000000004808|092.36
26022026|543299|0000000000001509|0000000001293893|0000000000002565|0000000002189681|058.83
26022026|543300|0000000000014702|0000000008004504|0000000000035936|0000000019452792|040.91
26022026|543306|0000000000000941|0000000001086526|0000000000001220|0000000001416717|077.13
26022026|543308|0000000000172974|0000000128511034|0000000000183150|0000000137398501|094.44
26022026|543311|0000000000005105|0000000000806080|0000000000007561|0000000001185378|067.52
26022026|543317|0000000000000703|0000000000692174|0000000000001018|0000000001002542|069.06
26022026|543318|0000000000405496|0000000292768112|0000000000413993|0000000298938382|097.95
26022026|543320|0000000097702201|0000024073822327|0000000105371448|0000025870197563|092.72
26022026|543321|0000000000002303|0000000002838218|0000000000004163|0000000005213394|055.32
26022026|543322|0000000000000812|0000000000747122|0000000000002000|0000000001840030|040.60
26022026|543323|0000000000001463|0000000000042823|0000000000002422|0000000000070805|060.40
26022026|543324|0000000000000207|0000000000073306|0000000000000207|0000000000073306|100.00
26022026|543325|0000000000012899|0000000001763939|0000000000027429|0000000003788620|047.03
26022026|543326|0000000000008629|0000000000479255|0000000000012401|0000000000688107|069.58
26022026|543327|0000000000267809|0000000002102301|0000000000305998|0000000002369705|087.52
26022026|543328|0000000000001009|0000000000644802|0000000000001505|0000000000950568|067.04
26022026|543329|0000000000000657|0000000000500405|0000000000000983|0000000000746760|066.84
26022026|543330|0000000000036676|0000000004727537|0000000000060916|0000000007902341|060.21
26022026|543331|0000000000028581|0000000001519652|0000000000056110|0000000002981658|050.94
26022026|543332|0000000000000552|0000000000509027|0000000000001025|0000000000947714|053.85
26022026|543333|0000000000009155|0000000017108407|0000000000021412|0000000039736900|042.76
26022026|543334|0000000000001201|0000000000399033|0000000000002516|0000000000836375|047.73
26022026|543335|0000000000033016|0000000008105428|0000000000085771|0000000021249651|038.49
26022026|543336|0000000000007899|0000000002014245|0000000000011448|0000000002921628|069.00
26022026|543341|0000000000014175|0000000000169250|0000000000020607|0000000000247935|068.79
26022026|543347|0000000000000670|0000000000224122|0000000000000675|0000000000227152|099.26
26022026|543348|0000000000000110|0000000000016817|0000000000000213|0000000000032516|051.64
26022026|543349|0000000000003718|0000000008125689|0000000000007694|0000000016819886|048.32
26022026|543350|0000000000000669|0000000000658999|0000000000001614|0000000001600744|041.45
26022026|543351|0000000000073200|0000000006686820|0000000000079200|0000000007282380|092.42
26022026|543358|0000000000012702|0000000029078054|0000000000021763|0000000050114986|058.37
26022026|543363|0000000000003600|0000000001626120|0000000000004800|0000000002155700|075.00
26022026|543364|0000000000023485|0000000003848018|0000000000084077|0000000013756720|027.93
26022026|543365|0000000000000200|0000000000014066|0000000000000200|0000000000014066|100.00
26022026|543366|0000000000010800|0000000000460080|0000000000010800|0000000000425520|100.00
26022026|543367|0000000000009615|0000000006128121|0000000000028870|0000000018404925|033.30
26022026|543373|0000000000002500|0000000000627375|0000000000002500|0000000000630975|100.00
26022026|543374|0000000000011098|0000000010123041|0000000000021964|0000000020087925|050.53
26022026|543375|0000000000002500|0000000000043250|0000000000002500|0000000000043250|100.00
26022026|543376|0000000000000005|0000000000000345|0000000000000009|0000000000000632|055.56
26022026|543378|0000000000025500|0000000008005725|0000000000026500|0000000008238325|096.23
26022026|543384|0000000000051447|0000000013764645|0000000000127541|0000000034045938|040.34
26022026|543386|0000000000006553|0000000001363352|0000000000008986|0000000001873806|072.92
26022026|543387|0000000000001417|0000000002569376|0000000000002355|0000000004290447|060.17
26022026|543388|0000000000000018|0000000000006234|0000000000000218|0000000000075716|008.26
26022026|543389|0000000000073092|0000000001473535|0000000000114029|0000000002301669|064.10
26022026|543390|0000000000011023|0000000016804564|0000000000017327|0000000026376400|063.62
26022026|543396|0000000000028880|0000000032409136|0000000000080834|0000000090932255|035.73
26022026|543397|0000000000003255|0000000000678017|0000000000006143|0000000001299561|052.99
26022026|543398|0000000000013600|0000000004538320|0000000000026181|0000000008823297|051.95
26022026|543399|0000000000000896|0000000000172704|0000000000001222|0000000000235508|073.32
26022026|543400|0000000000006000|0000000000026100|0000000000008000|0000000000034960|075.00
26022026|543401|0000000000001434|0000000000463971|0000000000003147|0000000001027598|045.57
26022026|543410|0000000000021450|0000000000900900|0000000000035100|0000000001437306|061.11
26022026|543411|0000000000020190|0000000001792065|0000000000048149|0000000004286784|041.93
26022026|543412|0000000000259773|0000000123054471|0000000000272100|0000000129240508|095.47
26022026|543413|0000000000002256|0000000004166268|0000000000003553|0000000006542942|063.50
26022026|543414|0000000000014942|0000000000366378|0000000000017763|0000000000435247|084.12
26022026|543415|0000000000002038|0000000006257578|0000000000004652|0000000014260511|043.81
26022026|543416|0000000000001175|0000000000289697|0000000000001268|0000000000312710|092.67
26022026|543417|0000000000008510|0000000004360099|0000000000019783|0000000010148156|043.02
26022026|543419|0000000000011175|0000000000892101|0000000000016537|0000000001314739|067.58
26022026|543420|0000000000003212|0000000000058438|0000000000003212|0000000000058438|100.00
26022026|543425|0000000000001515|0000000001587872|0000000000004920|0000000005204733|030.79
26022026|543426|0000000000070289|0000000073490664|0000000000071154|0000000074074531|098.78
26022026|543427|0000000000001108|0000000000939861|0000000000001548|0000000001313760|071.58
26022026|543428|0000000000097923|0000000317701382|0000000000203665|0000000652511008|048.08
26022026|543433|0000000000000464|0000000000016941|0000000000000504|0000000000018613|092.06
26022026|543434|0000000000000770|0000000000510510|0000000000001662|0000000001104025|046.33
26022026|543437|0000000000003058|0000000000302651|0000000000004459|0000000000442945|068.58
26022026|543440|0000000000000029|0000000000007729|0000000000000029|0000000000007758|100.00
26022026|543441|0000000000819000|0000000246764700|0000000000834516|0000000252469844|098.14
26022026|543442|0000000000000011|0000000000002818|0000000000000012|0000000000003133|091.67
26022026|543443|0000000000020000|0000000000338000|0000000000030000|0000000000507100|066.67
26022026|543449|0000000000001200|0000000000171360|0000000000001366|0000000000196159|087.85
26022026|543450|0000000000019386|0000000000573632|0000000000031605|0000000000930969|061.34
26022026|543451|0000000000026499|0000000000095711|0000000000026499|0000000000095711|100.00
26022026|543452|0000000000172754|0000000044344225|0000000000338638|0000000087671037|051.01
26022026|543454|0000000000002369|0000000000384276|0000000000002420|0000000000391742|097.89
26022026|543458|0000000000081197|0000000015370593|0000000000130467|0000000024703877|062.24
26022026|543460|0000000000000500|0000000000035775|0000000000000500|0000000000035775|100.00
26022026|543462|0000000000002749|0000000000063942|0000000000002996|0000000000069638|091.76
26022026|543463|0000000000013032|0000000005212800|0000000000017998|0000000007255976|072.41
26022026|543464|0000000000011000|0000000002423850|0000000000011000|0000000002423850|100.00
26022026|543465|0000000000000464|0000000000029980|0000000000000464|0000000000029823|100.00
26022026|543470|0000000000000010|0000000000002881|0000000000000010|0000000000002881|100.00
26022026|543471|0000000000066675|0000000017108139|0000000000133990|0000000034757059|049.76
26022026|543472|0000000000003832|0000000000126840|0000000000003833|0000000000127759|099.97
26022026|543473|0000000000015593|0000000000241224|0000000000021459|0000000000331159|072.66
26022026|543474|0000000000004677|0000000000139048|0000000000005588|0000000000166116|083.70
26022026|543481|0000000000035294|0000000000794115|0000000000072875|0000000001638587|048.43
26022026|543482|0000000000002767|0000000001343932|0000000000005515|0000000002675545|050.17
26022026|543489|0000000000019308|0000000001128167|0000000000025403|0000000001492626|076.01
26022026|543490|0000000000031275|0000000003810859|0000000000057244|0000000006920782|054.63
26022026|543497|0000000000000400|0000000000076000|0000000000000400|0000000000076000|100.00
26022026|543498|0000000000068079|0000000002921951|0000000000137397|0000000005902767|049.55
26022026|543499|0000000000071807|0000000000371243|0000000000261185|0000000001386539|027.49
26022026|543501|0000000000000267|0000000000010451|0000000000000277|0000000000010907|096.39
26022026|543512|0000000000047676|0000000006407655|0000000000060491|0000000008157120|078.82
26022026|543513|0000000000004370|0000000000122229|0000000000006162|0000000000173277|070.92
26022026|543514|0000000000000659|0000000000122113|0000000000001215|0000000000228524|054.24
26022026|543515|0000000000013875|0000000001161338|0000000000017250|0000000001445962|080.43
26022026|543516|0000000000095200|0000000000735896|0000000000126000|0000000000979748|075.56
26022026|543517|0000000000000438|0000000000163112|0000000000000974|0000000000364803|044.97
26022026|543518|0000000000006000|0000000000171000|0000000000006000|0000000000175500|100.00
26022026|543520|0000000000201000|0000000003316500|0000000000238000|0000000003908370|084.45
26022026|543522|0000000000002250|0000000000273600|0000000000002250|0000000000282900|100.00
26022026|543523|0000000000001687|0000000000439127|0000000000003282|0000000000860188|051.40
26022026|543524|0000000000001506|0000000001819173|0000000000002522|0000000003050373|059.71
26022026|543525|0000000000001183|0000000001711979|0000000000006390|0000000009168612|018.51
26022026|543526|0000000000026763|0000000023306559|0000000000051755|0000000045115143|051.71
26022026|543527|0000000000000524|0000000001294935|0000000000000964|0000000002384212|054.36
26022026|543528|0000000000001917|0000000002074865|0000000000002740|0000000002943483|069.96
26022026|543529|0000000000048201|0000000021316893|0000000000075889|0000000033630147|063.52
26022026|543530|0000000000085000|0000000010161750|0000000000147421|0000000017437189|057.66
26022026|543531|0000000000000032|0000000000001324|0000000000000033|0000000000001374|096.97
26022026|543532|0000000000000080|0000000000192888|0000000000000125|0000000000303512|064.00
26022026|543533|0000000000049001|0000000021511439|0000000000050709|0000000022261507|096.63
26022026|543534|0000000000006495|0000000006226107|0000000000009356|0000000008983423|069.42
26022026|543535|0000000000000693|0000000000028171|0000000000007615|0000000000304699|009.10
26022026|543538|0000000000064000|0000000000742400|0000000000072000|0000000000829140|088.89
26022026|543539|0000000000000182|0000000000059332|0000000000000182|0000000000059311|100.00
26022026|543540|0000000000011400|0000000001202130|0000000000025200|0000000002671050|045.24
26022026|543542|0000000000000800|0000000000967280|0000000000014000|0000000017060530|005.71
26022026|543543|0000000000000800|0000000000591960|0000000000000800|0000000000591960|100.00
26022026|543544|0000000000004500|0000000000309105|0000000000006000|0000000000410767|075.00
26022026|543545|0000000000050100|0000000000030060|0000000000083500|0000000000050267|060.00
26022026|543546|0000000000090000|0000000000816300|0000000000104000|0000000000955340|086.54
26022026|543547|0000000000000612|0000000000168759|0000000000000827|0000000000229044|074.00
26022026|543563|0000000000001726|0000000000076980|0000000000001955|0000000000087525|088.29
26022026|543568|0000000000011116|0000000000359492|0000000000013348|0000000000431623|083.28
26022026|543569|0000000000006770|0000000000184889|0000000000017471|0000000000467822|038.75
26022026|543570|0000000000001644|0000000000118352|0000000000001658|0000000000118216|099.16
26022026|543571|0000000000000803|0000000000079939|0000000000001953|0000000000193398|041.12
26022026|543572|0000000000011162|0000000002773423|0000000000019396|0000000004863433|057.55
26022026|543573|0000000000027724|0000000023083003|0000000000062572|0000000052814465|044.31
26022026|543574|0000000000000712|0000000000015209|0000000000000918|0000000000019455|077.56
26022026|543575|0000000000003301|0000000000106128|0000000000003337|0000000000107259|098.92
26022026|543576|0000000000004038|0000000000516824|0000000000005065|0000000000645387|079.72
26022026|543578|0000000000002775|0000000000468975|0000000000002775|0000000000468975|100.00
26022026|543590|0000000000033656|0000000000876739|0000000000051776|0000000001353853|065.00
26022026|543591|0000000000003558|0000000000294212|0000000000004871|0000000000399931|073.04
26022026|543592|0000000000174357|0000000042911002|0000000000279569|0000000069473272|062.37
26022026|543593|0000000000002142|0000000000217413|0000000000002355|0000000000237606|090.96
26022026|543594|0000000000090000|0000000000829800|0000000000105000|0000000000965340|085.71
26022026|543596|0000000000009242|0000000006377443|0000000000012676|0000000008758252|072.91
26022026|543597|0000000000014000|0000000005156200|0000000000017500|0000000006455775|080.00
26022026|543598|0000000000000400|0000000000120620|0000000000000400|0000000000120620|100.00
26022026|543599|0000000000002471|0000000000750443|0000000000003104|0000000000944840|079.61
26022026|543600|0000000000000326|0000000000120457|0000000000000434|0000000000160833|075.12
26022026|543606|0000000000006000|0000000000090840|0000000000017000|0000000000252650|035.29
26022026|543607|0000000000000162|0000000000019638|0000000000000190|0000000000023014|085.26
26022026|543613|0000000000004000|0000000000028000|0000000000004000|0000000000028000|100.00
26022026|543614|0000000000000116|0000000000041760|0000000000000117|0000000000042119|099.15
26022026|543615|0000000000008800|0000000000647680|0000000000016000|0000000001141480|055.00
26022026|543616|0000000000004800|0000000001283040|0000000000005400|0000000001464780|088.89
26022026|543618|0000000000001500|0000000000236250|0000000000007500|0000000001180425|020.00
26022026|543619|0000000000001200|0000000002876640|0000000000001400|0000000003392450|085.71
26022026|543620|0000000000453500|0000000045486050|0000000000599000|0000000061593500|075.71
26022026|543622|0000000000001200|0000000000081600|0000000000001200|0000000000081600|100.00
26022026|543623|0000000000003000|0000000000115830|0000000000003000|0000000000115830|100.00
26022026|543626|0000000000009622|0000000000964702|0000000000019485|0000000001965574|049.38
26022026|543628|0000000000006459|0000000000207787|0000000000006901|0000000000221164|093.60
26022026|543635|0000000000047618|0000000007721259|0000000000095065|0000000015319040|050.09
26022026|543636|0000000000000839|0000000000213274|0000000000000923|0000000000232905|090.90
26022026|543637|0000000000082800|0000000001256904|0000000000097200|0000000001469868|085.19
26022026|543638|0000000000014772|0000000000508157|0000000000048232|0000000001656356|030.63
26022026|543643|0000000000007975|0000000000260703|0000000000011659|0000000000381225|068.40
26022026|543644|0000000000006829|0000000005460469|0000000000017516|0000000014217159|038.99
26022026|543645|0000000000000004|0000000000000526|0000000000000004|0000000000000526|100.00
26022026|543650|0000000000023208|0000000004294641|0000000000043534|0000000007998739|053.31
26022026|543652|0000000000024799|0000000005047837|0000000000048113|0000000009673338|051.54
26022026|543653|0000000000002252|0000000001420900|0000000000002973|0000000001870339|075.75
26022026|543654|0000000000002604|0000000003023895|0000000000005588|0000000006467552|046.60
26022026|543657|0000000000001769|0000000001054855|0000000000004318|0000000002544652|040.97
26022026|543663|0000000000014991|0000000006344941|0000000000027615|0000000011747616|054.29
26022026|543664|0000000000027625|0000000108193313|0000000000068812|0000000271134952|040.15
26022026|543665|0000000000008715|0000000000282105|0000000000019325|0000000000629375|045.10
26022026|543667|0000000000017234|0000000002949600|0000000000024565|0000000004240160|070.16
26022026|543669|0000000000002637|0000000001085522|0000000000002858|0000000001200284|092.27
26022026|543670|0000000000056632|0000000000062296|0000000000062151|0000000000069381|091.12
26022026|543671|0000000000002314|0000000000245169|0000000000002620|0000000000276856|088.32
26022026|543677|0000000000001016|0000000000033224|0000000000001188|0000000000038886|085.52
26022026|543678|0000000000030000|0000000000969000|0000000000030000|0000000000969000|100.00
26022026|543686|0000000000005589|0000000002563116|0000000000008997|0000000004169448|062.12
26022026|543687|0000000000000010|0000000000002357|0000000000000044|0000000000010372|022.73
26022026|543688|0000000000213397|0000000000819445|0000000000274916|0000000001061199|077.62
26022026|543689|0000000000001278|0000000000594909|0000000000002974|0000000001388678|042.97
26022026|543699|0000000000000250|0000000000318855|0000000000000250|0000000000318855|100.00
26022026|543709|0000000000005000|0000000004180000|0000000000007875|0000000006599662|063.49
26022026|543710|0000000000000423|0000000000043481|0000000000000553|0000000000056406|076.49
26022026|543711|0000000000008113|0000000001387323|0000000000012580|0000000002167157|064.49
26022026|543712|0000000000001448|0000000000291555|0000000000001594|0000000000320469|090.84
26022026|543713|0000000000039000|0000000001293240|0000000000065000|0000000002170690|060.00
26022026|543714|0000000000000412|0000000000172278|0000000000000532|0000000000221442|077.44
26022026|543720|0000000000009580|0000000009357265|0000000000019540|0000000019188637|049.03
26022026|543725|0000000000003389|0000000000449551|0000000000005000|0000000000656682|067.78
26022026|543732|0000000000004464|0000000000165793|0000000000008000|0000000000302790|055.80
26022026|543737|0000000000000062|0000000000031893|0000000000000062|0000000000032370|100.00
26022026|543743|0000000000000602|0000000000041629|0000000000000607|0000000000041885|099.18
26022026|543745|0000000000270000|0000000003202200|0000000000816000|0000000010057140|033.09
26022026|543746|0000000000003600|0000000000721800|0000000000007800|0000000001571280|046.15
26022026|543747|0000000000038499|0000000000167856|0000000000054907|0000000000242342|070.12
26022026|543748|0000000000003675|0000000002638467|0000000000005882|0000000004210686|062.48
26022026|543765|0000000000006000|0000000000102600|0000000000006000|0000000000102900|100.00
26022026|543766|0000000000083864|0000000031780263|0000000000125376|0000000047468314|066.89
26022026|543767|0000000000017802|0000000000132625|0000000000020028|0000000000147912|088.89
26022026|543768|0000000000416257|0000000016787645|0000000000619917|0000000024917536|067.15
26022026|543769|0000000000032000|0000000000272000|0000000000032000|0000000000272000|100.00
26022026|543774|0000000000001374|0000000000051883|0000000000001430|0000000000053960|096.08
26022026|543775|0000000000025998|0000000004197638|0000000000058863|0000000009503701|044.17
26022026|543776|0000000000038685|0000000000862676|0000000000042350|0000000000943493|091.35
26022026|543781|0000000000082894|0000000012689414|0000000000098883|0000000015160240|083.83
26022026|543782|0000000000002880|0000000001033776|0000000000003780|0000000001349334|076.19
26022026|543787|0000000000003150|0000000003224025|0000000000006000|0000000006012862|052.50
26022026|543798|0000000000024000|0000000000051120|0000000000028000|0000000000057520|085.71
26022026|543799|0000000000000750|0000000000376350|0000000000000750|0000000000376350|100.00
26022026|543805|0000000000007500|0000000000444750|0000000000008250|0000000000492127|090.91
26022026|543806|0000000000004600|0000000001650480|0000000000006800|0000000002445280|067.65
26022026|543811|0000000000004599|0000000000077908|0000000000008080|0000000000137001|056.92
26022026|543812|0000000000001492|0000000001126610|0000000000002402|0000000001806662|062.11
26022026|543813|0000000000006501|0000000006501000|0000000000006601|0000000006600999|098.48
26022026|543814|0000000000001000|0000000000060450|0000000000002000|0000000000123650|050.00
26022026|543819|0000000000015774|0000000001577243|0000000000019607|0000000001944375|080.45
26022026|543828|0000000000540000|0000000014801400|0000000000644000|0000000017151120|083.85
26022026|543829|0000000000000128|0000000000011007|0000000000000155|0000000000013310|082.58
26022026|543831|0000000000000375|0000000000157538|0000000000000375|0000000000157537|100.00
26022026|543848|0000000000003000|0000000000273110|0000000000003000|0000000000273110|100.00
26022026|543853|0000000000000075|0000000000006390|0000000000000075|0000000000006389|100.00
26022026|543860|0000000000002083|0000000000210570|0000000000002083|0000000000210570|100.00
26022026|543861|0000000000004972|0000000000141653|0000000000005820|0000000000173197|085.43
26022026|543874|0000000000015000|0000000001298250|0000000000018000|0000000001557960|083.33
26022026|543895|0000000000009250|0000000004917300|0000000000013000|0000000006831212|071.15
26022026|543896|0000000000005348|0000000005478759|0000000000009664|0000000009774917|055.34
26022026|543898|0000000000000581|0000000000107863|0000000000000585|0000000000109180|099.32
26022026|543900|0000000000017020|0000000004220960|0000000000046579|0000000011656846|036.54
26022026|543901|0000000000000025|0000000000004748|0000000000000025|0000000000004737|100.00
26022026|543902|0000000000026000|0000000001428960|0000000000038000|0000000002086000|068.42
26022026|543903|0000000000001613|0000000000247160|0000000000003020|0000000000464119|053.41
26022026|543904|0000000000071046|0000000161988433|0000000000144857|0000000326392306|049.05
26022026|543910|0000000000003782|0000000000563897|0000000000003916|0000000000585038|096.58
26022026|543911|0000000000007129|0000000000180435|0000000000009634|0000000000247641|074.00
26022026|543912|0000000000001081|0000000000116640|0000000000001400|0000000000153068|077.21
26022026|543913|0000000000003403|0000000000543119|0000000000004904|0000000000785784|069.39
26022026|543914|0000000000005217|0000000000152180|0000000000007508|0000000000223055|069.49
26022026|543915|0000000000008446|0000000000187502|0000000000008499|0000000000187611|099.38
26022026|543916|0000000000006800|0000000001992400|0000000000009600|0000000002805840|070.83
26022026|543917|0000000000002811|0000000000108702|0000000000003219|0000000000122389|087.33
26022026|543918|0000000000002413|0000000000185295|0000000000002964|0000000000227248|081.41
26022026|543919|0000000000009117|0000000000046224|0000000000009767|0000000000049441|093.34
26022026|543920|0000000000018800|0000000009885980|0000000000023400|0000000012366300|080.34
26022026|543921|0000000000005000|0000000000188750|0000000000005000|0000000000192200|100.00
26022026|543922|0000000000016072|0000000004028126|0000000000034935|0000000008864462|046.01
26022026|543923|0000000000001765|0000000000252837|0000000000002372|0000000000343393|074.41
26022026|543924|0000000000048000|0000000003024000|0000000000048000|0000000003029980|100.00
26022026|543926|0000000000001200|0000000001188000|0000000000001200|0000000001188000|100.00
26022026|543927|0000000000000184|0000000000006707|0000000000000187|0000000000006605|098.40
26022026|543928|0000000000002700|0000000002808945|0000000000003500|0000000003658750|077.14
26022026|543929|0000000000010161|0000000000264390|0000000000011696|0000000000310463|086.88
26022026|543930|0000000000076864|0000000011502698|0000000000082159|0000000012255961|093.56
26022026|543931|0000000000050400|0000000014243040|0000000000095400|0000000025783450|052.83
26022026|543932|0000000000010080|0000000004272408|0000000000018466|0000000007732849|054.59
26022026|543933|0000000000004063|0000000001273142|0000000000007693|0000000002430996|052.81
26022026|543934|0000000000000017|0000000000005593|0000000000000017|0000000000005593|100.00
26022026|543935|0000000000001850|0000000000059774|0000000000001850|0000000000059778|100.00
26022026|543936|0000000000007816|0000000002470638|0000000000015431|0000000004905287|050.65
26022026|543938|0000000000000640|0000000000112192|0000000000000640|0000000000112192|100.00
26022026|543939|0000000000011000|0000000002066900|0000000000013000|0000000002380475|084.62
26022026|543940|0000000000264678|0000000067797270|0000000000493469|0000000126880666|053.64
26022026|543941|0000000000000800|0000000000060800|0000000000000800|0000000000061200|100.00
26022026|543942|0000000000306221|0000000004532071|0000000000602551|0000000008937937|050.82
26022026|543943|0000000000003000|0000000000484500|0000000000003000|0000000000486800|100.00
26022026|543944|0000000000000129|0000000000080122|0000000000000337|0000000000208501|038.28
26022026|543945|0000000000057078|0000000211060175|0000000000165492|0000000610388028|034.49
26022026|543946|0000000000016110|0000000016110000|0000000000016130|0000000016130000|099.88
26022026|543948|0000000000000416|0000000000041397|0000000000000780|0000000000077178|053.33
26022026|543949|0000000000000003|0000000000000089|0000000000000004|0000000000000116|075.00
26022026|543950|0000000000001861|0000000001297583|0000000000004850|0000000003388358|038.37
26022026|543952|0000000000001692|0000000000573758|0000000000003034|0000000001015865|055.77
26022026|543953|0000000000003750|0000000002889563|0000000000016500|0000000012694637|022.73
26022026|543954|0000000000001968|0000000000049515|0000000000003238|0000000000081518|060.78
26022026|543955|0000000000000652|0000000000015603|0000000000000673|0000000000015887|096.88
26022026|543956|0000000000000101|0000000000002129|0000000000000101|0000000000002127|100.00
26022026|543957|0000000000016197|0000000001971175|0000000000022369|0000000002743201|072.41
26022026|543958|0000000000069826|0000000000910532|0000000000083456|0000000001132259|083.67
26022026|543959|0000000000030824|0000000002980065|0000000000038828|0000000003760408|079.39
26022026|543960|0000000000149026|0000000185827971|0000000000483743|0000000596662029|030.81
26022026|543962|0000000000000765|0000000000117657|0000000000000816|0000000000125057|093.75
26022026|543963|0000000000018000|0000000000646920|0000000000018000|0000000000640200|100.00
26022026|543965|0000000000015295|0000000001754520|0000000000015295|0000000001754520|100.00
26022026|543969|0000000000000010|0000000000001490|0000000000000010|0000000000001478|100.00
26022026|543971|0000000000056400|0000000018155160|0000000000082000|0000000026494630|068.78
26022026|543972|0000000000023076|0000000005289020|0000000000063249|0000000014476243|036.48
26022026|543974|0000000000029767|0000000001341302|0000000000071345|0000000003263368|041.72
26022026|543975|0000000000000001|0000000000000223|0000000000000001|0000000000000222|100.00
26022026|543976|0000000000018442|0000000000484841|0000000000025156|0000000000652946|073.31
26022026|543977|0000000000000974|0000000000418772|0000000000001297|0000000000556055|075.10
26022026|543978|0000000000024357|0000000003724186|0000000000055160|0000000008499136|044.16
26022026|543979|0000000000001600|0000000000073600|0000000000003200|0000000000146560|050.00
26022026|543980|0000000000000313|0000000000408215|0000000000000474|0000000000611304|066.03
26022026|543981|0000000000006612|0000000010049910|0000000000014846|0000000022655665|044.54
26022026|543982|0000000000005600|0000000000990080|0000000000006000|0000000001077320|093.33
26022026|543983|0000000000006614|0000000001942863|0000000000011270|0000000003329107|058.69
26022026|543984|0000000000105803|0000000017452205|0000000000111085|0000000018258755|095.24
26022026|543985|0000000000051200|0000000011927040|0000000000130510|0000000029922299|039.23
26022026|543986|0000000000002280|0000000000417419|0000000000002280|0000000000417419|100.00
26022026|543988|0000000000003247|0000000004158758|0000000000007683|0000000009834150|042.26
26022026|543989|0000000000078308|0000000008946689|0000000000083212|0000000009503332|094.11
26022026|543990|0000000000002580|0000000002452677|0000000000017467|0000000016506360|014.77
26022026|543991|0000000000004800|0000000000603120|0000000000006400|0000000000813180|075.00
26022026|543992|0000000000146070|0000000017469972|0000000000450391|0000000053054118|032.43
26022026|543993|0000000000001238|0000000000213060|0000000000001429|0000000000250296|086.63
26022026|543994|0000000000069434|0000000017979935|0000000000129100|0000000033275141|053.78
26022026|543995|0000000000001055|0000000000165583|0000000000001444|0000000000226908|073.06
26022026|543996|0000000000005499|0000000000873792|0000000000009015|0000000001447663|061.00
26022026|543997|0000000000003000|0000000000711300|0000000000010800|0000000002646540|027.78
26022026|543998|0000000000000200|0000000000011998|0000000000000200|0000000000011998|100.00
26022026|543999|0000000000000563|0000000000047535|0000000000000563|0000000000047541|100.00
26022026|544001|0000000000036375|0000000033919688|0000000000062750|0000000057936237|057.97
26022026|544003|0000000000000859|0000000000032144|0000000000001201|0000000000045530|071.52
26022026|544004|0000000000001946|0000000000450986|0000000000002261|0000000000526255|086.07
26022026|544006|0000000000148652|0000000004780649|0000000000156025|0000000005066304|095.27
26022026|544007|0000000000020050|0000000000519095|0000000000028020|0000000000724826|071.56
26022026|544008|0000000000000768|0000000000308660|0000000000000951|0000000000382469|080.76
26022026|544009|0000000000014978|0000000005953755|0000000000036591|0000000014771968|040.93
26022026|544010|0000000000000001|0000000000001001|0000000000000001|0000000000001000|100.00
26022026|544011|0000000000001200|0000000000043200|0000000000001200|0000000000043200|100.00
26022026|544012|0000000000005086|0000000002129000|0000000000009761|0000000004088428|052.11
26022026|544013|0000000000003000|0000000000108000|0000000000003000|0000000000108000|100.00
26022026|544014|0000000000005924|0000000001820149|0000000000012629|0000000003872600|046.91
26022026|544020|0000000000006569|0000000000177889|0000000000008048|0000000000218748|081.62
26022026|544021|0000000000014567|0000000008726362|0000000000027036|0000000016283948|053.88
26022026|544022|0000000000000586|0000000000248523|0000000000001199|0000000000510737|048.87
26022026|544023|0000000000005500|0000000002566850|0000000000005750|0000000002703562|095.65
26022026|544026|0000000000143475|0000000017876985|0000000000296530|0000000037038275|048.38
26022026|544027|0000000000006803|0000000000918746|0000000000014158|0000000001910109|048.05
26022026|544028|0000000000023004|0000000013415933|0000000000050285|0000000029257090|045.75
26022026|544029|0000000000003003|0000000000419520|0000000000004920|0000000000690337|061.04
26022026|544030|0000000000005899|0000000001851697|0000000000007197|0000000002245683|081.96
26022026|544035|0000000000012800|0000000000284288|0000000000014400|0000000000326160|088.89
26022026|544037|0000000000005300|0000000007550380|0000000000008400|0000000012071500|063.10
26022026|544042|0000000000003265|0000000000524523|0000000000004047|0000000000656665|080.68
26022026|544043|0000000000000058|0000000000008798|0000000000000103|0000000000015725|056.31
26022026|544044|0000000000000575|0000000000420268|0000000000001408|0000000001020569|040.84
26022026|544045|0000000000000480|0000000001126992|0000000000000760|0000000001783209|063.16
26022026|544046|0000000000003674|0000000004222161|0000000000005209|0000000005997249|070.53
26022026|544047|0000000000057000|0000000002734860|0000000000118500|0000000005746395|048.10
26022026|544052|0000000000004000|0000000000102000|0000000000004000|0000000000101980|100.00
26022026|544053|0000000000087527|0000000001397807|0000000000140226|0000000002245771|062.42
26022026|544054|0000000000002140|0000000000472619|0000000000003670|0000000000798775|058.31
26022026|544055|0000000000004258|0000000000746428|0000000000006650|0000000001177481|064.03
26022026|544057|0000000000001624|0000000002182819|0000000000003102|0000000004169657|052.35
26022026|544058|0000000000003023|0000000000256260|0000000000004771|0000000000402741|063.36
26022026|544059|0000000000086000|0000000005912500|0000000000110000|0000000007411380|078.18
26022026|544060|0000000000001489|0000000000187912|0000000000001885|0000000000236791|078.99
26022026|544061|0000000000003826|0000000006623954|0000000000011965|0000000020811517|031.98
26022026|544066|0000000000002351|0000000003347119|0000000000003057|0000000004322786|076.91
26022026|544067|0000000000000482|0000000000325230|0000000000002028|0000000001360360|023.77
26022026|544072|0000000000000800|0000000000020664|0000000000000800|0000000000020664|100.00
26022026|544074|0000000000007800|0000000000624000|0000000000007800|0000000000611340|100.00
26022026|544079|0000000000000213|0000000000004819|0000000000000311|0000000000006772|068.49
26022026|544081|0000000000002686|0000000002254360|0000000000005353|0000000004506202|050.18
26022026|544082|0000000000004000|0000000000194000|0000000000004000|0000000000197000|100.00
26022026|544083|0000000000000000|0000000000000000|0000000000001000|0000000000066050|000.00
26022026|544088|0000000000005558|0000000002140664|0000000000008642|0000000003322530|064.31
26022026|544089|0000000000139115|0000000015706084|0000000000185716|0000000020966851|074.91
26022026|544090|0000000000000015|0000000000012360|0000000000000016|0000000000012684|093.75
26022026|544091|0000000000003600|0000000001224000|0000000000005200|0000000001712320|069.23
26022026|544092|0000000000000003|0000000000000784|0000000000000004|0000000000001043|075.00
26022026|544094|0000000000001200|0000000000041820|0000000000001200|0000000000041820|100.00
26022026|544095|0000000000008992|0000000002254744|0000000000018661|0000000004714946|048.19
26022026|544100|0000000000004901|0000000000145560|0000000000006575|0000000000195896|074.54
26022026|544102|0000000000001058|0000000000339460|0000000000001059|0000000000344188|099.91
26022026|544105|0000000000004500|0000000000409500|0000000000004500|0000000000409515|100.00
26022026|544107|0000000000005318|0000000000829608|0000000000006654|0000000001042154|079.92
26022026|544108|0000000000010200|0000000001916580|0000000000016200|0000000003049620|062.96
26022026|544109|0000000000000981|0000000000148622|0000000000000981|0000000000148907|100.00
26022026|544110|0000000000001318|0000000000131814|0000000000002434|0000000000242053|054.15
26022026|544111|0000000000018084|0000000002220716|0000000000029376|0000000003651667|061.56
26022026|544112|0000000000001458|0000000000720107|0000000000001617|0000000000802853|090.17
26022026|544117|0000000000000611|0000000000153789|0000000000000867|0000000000216244|070.47
26022026|544118|0000000000036554|0000000013499393|0000000000053424|0000000019818532|068.42
26022026|544119|0000000000005168|0000000001910093|0000000000008934|0000000003273446|057.85
26022026|544120|0000000000021881|0000000005703283|0000000000022066|0000000005781609|099.16
26022026|544121|0000000000003000|0000000000193500|0000000000005000|0000000000321500|060.00
26022026|544122|0000000000002000|0000000002145200|0000000000003040|0000000003219797|065.79
26022026|544124|0000000000001236|0000000000142326|0000000000001512|0000000000174906|081.75
26022026|544129|0000000000002330|0000000000497455|0000000000003516|0000000000751768|066.27
26022026|544130|0000000000009387|0000000000397822|0000000000013206|0000000000559990|071.08
26022026|544131|0000000000003719|0000000000473429|0000000000004019|0000000000511543|092.54
26022026|544132|0000000000356270|0000000008849747|0000000000506167|0000000012612222|070.39
26022026|544133|0000000000009344|0000000000874412|0000000000014538|0000000001363168|064.27
26022026|544134|0000000000002298|0000000000517395|0000000000002605|0000000000595263|088.21
26022026|544135|0000000000044776|0000000001025819|0000000000054518|0000000001226780|082.13
26022026|544136|0000000000001336|0000000000132799|0000000000001592|0000000000157061|083.92
26022026|544137|0000000000001907|0000000000237517|0000000000003135|0000000000390966|060.83
26022026|544138|0000000000008578|0000000003078216|0000000000009475|0000000003381878|090.53
26022026|544139|0000000000006000|0000000000234000|0000000000008000|0000000000312000|075.00
26022026|544140|0000000000003867|0000000001166288|0000000000004500|0000000001358796|085.93
26022026|544141|0000000000010400|0000000002417480|0000000000012000|0000000002791080|086.67
26022026|544142|0000000000011457|0000000000515222|0000000000019824|0000000000889101|057.79
26022026|544143|0000000000001500|0000000000258000|0000000000001500|0000000000260250|100.00
26022026|544144|0000000000003493|0000000000318213|0000000000005676|0000000000497101|061.54
26022026|544149|0000000000000082|0000000000051250|0000000000000088|0000000000055040|093.18
26022026|544150|0000000000030250|0000000011207625|0000000000038250|0000000014237700|079.08
26022026|544151|0000000000035000|0000000002752750|0000000000051000|0000000003954260|068.63
26022026|544156|0000000000001500|0000000000035625|0000000000001500|0000000000035625|100.00
26022026|544157|0000000000002000|0000000000360000|0000000000002000|0000000000370000|100.00
26022026|544158|0000000000001116|0000000000474189|0000000000003130|0000000001311611|035.65
26022026|544159|0000000000002256|0000000002515531|0000000000002533|0000000002824370|089.06
26022026|544161|0000000000000025|0000000000030375|0000000000000034|0000000000040816|073.53
26022026|544162|0000000000001174|0000000001949721|0000000000001859|0000000003081800|063.15
26022026|544163|0000000000004000|0000000000337600|0000000000007000|0000000000590670|057.14
26022026|544165|0000000000022500|0000000002253000|0000000000022500|0000000002253000|100.00
26022026|544166|0000000000003600|0000000000473760|0000000000004800|0000000000619080|075.00
26022026|544167|0000000000001819|0000000000441745|0000000000003893|0000000000940001|046.72
26022026|544169|0000000000004000|0000000000251200|0000000000004000|0000000000251200|100.00
26022026|544170|0000000000386000|0000000013025080|0000000000386000|0000000013025080|100.00
26022026|544171|0000000000000800|0000000000033872|0000000000000800|0000000000033872|100.00
26022026|544172|0000000000007503|0000000003750000|0000000000021363|0000000010674656|035.12
26022026|544173|0000000000001000|0000000000014440|0000000000001000|0000000000014440|100.00
26022026|544174|0000000000001684|0000000002116031|0000000000004263|0000000005404600|039.50
26022026|544175|0000000000003600|0000000000253800|0000000000003600|0000000000289500|100.00
26022026|544176|0000000000025735|0000000012194530|0000000000036184|0000000016784443|071.12
26022026|544177|0000000000006000|0000000000594000|0000000000006000|0000000000578000|100.00
26022026|544178|0000000000001200|0000000000057600|0000000000001200|0000000000057600|100.00
26022026|544179|0000000000001049|0000000000360122|0000000000001827|0000000000624780|057.42
26022026|544180|0000000000002081|0000000000099368|0000000000003413|0000000000162518|060.97
26022026|544181|0000000000004892|0000000001455370|0000000000015141|0000000004558143|032.31
26022026|544183|0000000000000500|0000000000053630|0000000000000500|0000000000053630|100.00
26022026|544184|0000000000012664|0000000001332886|0000000000013909|0000000001470483|091.05
26022026|544185|0000000000000729|0000000000038842|0000000000000782|0000000000041539|093.22
26022026|544186|0000000000006550|0000000000871805|0000000000006852|0000000000914231|095.59
26022026|544187|0000000000002582|0000000000305580|0000000000003375|0000000000393144|076.50
26022026|544189|0000000000038000|0000000013931900|0000000000038000|0000000013931900|100.00
26022026|544191|0000000000178611|0000000011195338|0000000000182402|0000000011370242|097.92
26022026|544192|0000000000051312|0000000008743565|0000000000121251|0000000020832092|042.32
26022026|544193|0000000000019377|0000000000214116|0000000000020506|0000000000226205|094.49
26022026|544194|0000000000003719|0000000000040649|0000000000003819|0000000000041757|097.38
26022026|544196|0000000000000542|0000000000033285|0000000000000542|0000000000033206|100.00
26022026|544197|0000000000000105|0000000000002559|0000000000000107|0000000000002605|098.13
26022026|544198|0000000001192073|0000000361198119|0000000002700250|0000000809566831|044.15
26022026|544199|0000000000020000|0000000000845400|0000000000031200|0000000001333912|064.10
26022026|544200|0000000000091752|0000000000655110|0000000000132415|0000000000946296|069.29
26022026|544201|0000000000012000|0000000000154800|0000000000012000|0000000000155080|100.00
26022026|544202|0000000000002484|0000000000404892|0000000000004196|0000000000688503|059.20
26022026|544203|0000000000008203|0000000003994451|0000000000015836|0000000007715751|051.80
26022026|544204|0000000000000082|0000000000010201|0000000000000102|0000000000012745|080.39
26022026|544205|0000000000001046|0000000000415576|0000000000001455|0000000000589174|071.89
26022026|544206|0000000000111496|0000000027973232|0000000000265897|0000000067180272|041.93
26022026|544207|0000000000000017|0000000000002366|0000000000000017|0000000000002366|100.00
26022026|544209|0000000000000577|0000000000152646|0000000000001068|0000000000285741|054.03
26022026|544210|0000000000002655|0000000003859176|0000000000005919|0000000008604684|044.86
26022026|544212|0000000000005127|0000000000160578|0000000000010992|0000000000342783|046.64
26022026|544213|0000000000014400|0000000001890000|0000000000019200|0000000002543250|075.00
26022026|544214|0000000000002000|0000000000057400|0000000000002000|0000000000057400|100.00
26022026|544215|0000000000000657|0000000000022168|0000000000001134|0000000000038458|057.94
26022026|544216|0000000000170550|0000000002119937|0000000000191694|0000000002373783|088.97
26022026|544217|0000000000000300|0000000000025950|0000000000000310|0000000000026847|096.77
26022026|544218|0000000000016986|0000000000185148|0000000000023070|0000000000250981|073.63
26022026|544219|0000000000119400|0000000012942960|0000000000120600|0000000013079280|099.00
26022026|544222|0000000000002763|0000000001331766|0000000000004076|0000000001972921|067.79
26022026|544223|0000000000003488|0000000001000184|0000000000004766|0000000001367871|073.18
26022026|544224|0000000000024000|0000000019821600|0000000000033240|0000000027315018|072.20
26022026|544225|0000000001435507|0000000036131712|0000000004001151|0000000101991335|035.88
26022026|544226|0000000000214009|0000000047146183|0000000000620585|0000000135963470|034.48
26022026|544227|0000000000010033|0000000001101122|0000000000023277|0000000002566085|043.10
26022026|544229|0000000000607188|0000000007571635|0000000000892214|0000000011105756|068.05
26022026|544230|0000000000001357|0000000000086279|0000000000002654|0000000000168800|051.13
26022026|544232|0000000000002086|0000000003972579|0000000000002823|0000000005336762|073.89
26022026|544233|0000000000003883|0000000000092804|0000000000004034|0000000000091887|096.26
26022026|544234|0000000000000756|0000000000008921|0000000000000908|0000000000011202|083.26
26022026|544235|0000000000006806|0000000002088422|0000000000018432|0000000005601553|036.92
26022026|544236|0000000000001200|0000000000044280|0000000000001200|0000000000044280|100.00
26022026|544238|0000000000041272|0000000029944900|0000000000120387|0000000087464902|034.28
26022026|544239|0000000000005696|0000000000860096|0000000000012962|0000000001952055|043.94
26022026|544240|0000000000002400|0000000002155920|0000000000003447|0000000003101482|069.63
26022026|544241|0000000000002372|0000000000038569|0000000000004603|0000000000074751|051.53
26022026|544242|0000000000153000|0000000002623950|0000000000159000|0000000002576430|096.23
26022026|544243|0000000000003799|0000000001158506|0000000000007096|0000000002208375|053.54
26022026|544244|0000000000000063|0000000000048510|0000000000000099|0000000000076003|063.64
26022026|544245|0000000000011200|0000000000929040|0000000000011200|0000000000785520|100.00
26022026|544246|0000000000000019|0000000000012084|0000000000000019|0000000000012084|100.00
26022026|544247|0000000000000122|0000000000011634|0000000000000234|0000000000022271|052.14
26022026|544248|0000000000027600|0000000003311040|0000000000027600|0000000003311040|100.00
26022026|544249|0000000000006782|0000000000196543|0000000000008840|0000000000258728|076.72
26022026|544250|0000000000047123|0000000215863395|0000000000110861|0000000515371989|042.51
26022026|544251|0000000000001600|0000000000078400|0000000000001600|0000000000078400|100.00
26022026|544252|0000000000101265|0000000008866764|0000000000179179|0000000015699767|056.52
26022026|544253|0000000000003564|0000000000707989|0000000000007202|0000000001438898|049.49
26022026|544254|0000000000002570|0000000000289639|0000000000002926|0000000000329819|087.83
26022026|544256|0000000000008866|0000000004833744|0000000000011415|0000000006247457|077.67
26022026|544257|0000000000000500|0000000000097500|0000000000000500|0000000000097500|100.00
26022026|544258|0000000000007622|0000000000887582|0000000000009299|0000000001070165|081.97
26022026|544259|0000000000018000|0000000000576180|0000000000027000|0000000000861450|066.67
26022026|544260|0000000000003186|0000000000804943|0000000000005885|0000000001505821|054.14
26022026|544261|0000000000001876|0000000000217054|0000000000003224|0000000000372082|058.19
26022026|544262|0000000000008059|0000000000988437|0000000000009725|0000000001191663|082.87
26022026|544263|0000000000185313|0000000184803390|0000000000467592|0000000470352637|039.63
26022026|544264|0000000000000900|0000000000239400|0000000000001372|0000000000364419|065.60
26022026|544266|0000000000001075|0000000000105759|0000000000001075|0000000000105356|100.00
26022026|544267|0000000000014400|0000000002633760|0000000000018400|0000000003350880|078.26
26022026|544268|0000000000387653|0000000004845663|0000000000603714|0000000007526139|064.21
26022026|544269|0000000000036000|0000000000333720|0000000000060000|0000000000571320|060.00
26022026|544270|0000000000003600|0000000000150840|0000000000003600|0000000000159480|100.00
26022026|544271|0000000000007208|0000000001293836|0000000000013200|0000000002375928|054.61
26022026|544272|0000000000007200|0000000000849600|0000000000008800|0000000001042660|081.82
26022026|544273|0000000000009405|0000000000103455|0000000000010018|0000000000110341|093.88
26022026|544274|0000000000008263|0000000018123652|0000000000015222|0000000033318086|054.28
26022026|544275|0000000000022695|0000000000376511|0000000000027713|0000000000460550|081.89
26022026|544276|0000000000002261|0000000000177873|0000000000003048|0000000000244834|074.18
26022026|544277|0000000000115983|0000000315404171|0000000000302399|0000000825943830|038.35
26022026|544278|0000000000001069|0000000000098391|0000000000001422|0000000000130225|075.18
26022026|544279|0000000000005786|0000000001636281|0000000000011997|0000000003341425|048.23
26022026|544280|0000000000015960|0000000004730544|0000000000028681|0000000008561020|055.65
26022026|544281|0000000000094359|0000000001779611|0000000000162284|0000000003093967|058.14
26022026|544282|0000000001527581|0000000061714273|0000000002877726|0000000118347084|053.08
26022026|544283|0000000000007532|0000000001768137|0000000000014241|0000000003334057|052.89
26022026|544284|0000000000002131|0000000002289163|0000000000002160|0000000002320314|098.66
26022026|544285|0000000000170685|0000000052374693|0000000000233610|0000000071721593|073.06
26022026|544286|0000000000003550|0000000000271220|0000000000005055|0000000000385825|070.23
26022026|544288|0000000000094079|0000000054612860|0000000000129435|0000000075211519|072.68
26022026|544289|0000000000130474|0000000011766146|0000000000223918|0000000020168063|058.27
26022026|544290|0000000000016904|0000000002707176|0000000000037193|0000000005999850|045.45
26022026|544291|0000000000011800|0000000010680770|0000000000024200|0000000021660010|048.76
26022026|544292|0000000000003174|0000000004189046|0000000000006021|0000000007827621|052.72
26022026|544293|0000000000002330|0000000000645294|0000000000002827|0000000000788554|082.42
26022026|544294|0000000000002063|0000000001494953|0000000000003439|0000000002411247|059.99
26022026|544296|0000000000023200|0000000006121320|0000000000044000|0000000011687060|052.73
26022026|544301|0000000000000663|0000000000017497|0000000000000793|0000000000020743|083.61
26022026|544302|0000000000000023|0000000000009496|0000000000000031|0000000000012939|074.19
26022026|544303|0000000000000600|0000000000191400|0000000000000600|0000000000191190|100.00
26022026|544304|0000000000003200|0000000000144000|0000000000003200|0000000000144320|100.00
26022026|544305|0000000000032103|0000000006430231|0000000000052336|0000000010515725|061.34
26022026|544306|0000000000017980|0000000017336316|0000000000028966|0000000027484657|062.07
26022026|544307|0000000000382347|0000000048787478|0000000000892889|0000000113690332|042.82
26022026|544308|0000000000123182|0000000006980724|0000000000124034|0000000006984094|099.31
26022026|544309|0000000000066333|0000000093927528|0000000000069709|0000000098795505|095.16
26022026|544310|0000000000030250|0000000013753163|0000000000052750|0000000024323200|057.35
26022026|544311|0000000000005342|0000000001759121|0000000000011628|0000000003838681|045.94
26022026|544314|0000000000001291|0000000000510591|0000000000001340|0000000000532536|096.34
26022026|544315|0000000000004207|0000000001306695|0000000000005804|0000000001813324|072.48
26022026|544316|0000000000006455|0000000000982451|0000000000013615|0000000002076584|047.41
26022026|544317|0000000000003791|0000000002117274|0000000000008208|0000000004591696|046.19
26022026|544318|0000000000001106|0000000000479064|0000000000001709|0000000000742859|064.72
26022026|544319|0000000000002873|0000000002219968|0000000000004936|0000000003839712|058.20
26022026|544320|0000000000001684|0000000000892605|0000000000002288|0000000001204499|073.60
26022026|544321|0000000000000920|0000000000647036|0000000000001246|0000000000878911|073.84
26022026|544322|0000000000001990|0000000001786821|0000000000003425|0000000003076433|058.10
26022026|544323|0000000000000312|0000000000003539|0000000000000312|0000000000003545|100.00
26022026|544324|0000000000002000|0000000000036900|0000000000002000|0000000000036900|100.00
26022026|544325|0000000000084034|0000000014970658|0000000000127037|0000000022668166|066.15
26022026|544326|0000000000000982|0000000000024168|0000000000000982|0000000000024179|100.00
26022026|544328|0000000000025086|0000000003478174|0000000000030205|0000000004196383|083.05
26022026|544329|0000000000004000|0000000000216000|0000000000004000|0000000000216000|100.00
26022026|544331|0000000000002000|0000000000074000|0000000000002000|0000000000074000|100.00
26022026|544333|0000000000012782|0000000001567074|0000000000014365|0000000001773922|088.98
26022026|544335|0000000000005000|0000000000474500|0000000000008000|0000000000754400|062.50
26022026|544336|0000000000006251|0000000001858423|0000000000012505|0000000003715691|049.99
26022026|544338|0000000000022878|0000000001585903|0000000000026292|0000000001828390|087.02
26022026|544339|0000000000004279|0000000000818145|0000000000007488|0000000001431771|057.14
26022026|544340|0000000000006400|0000000000275840|0000000000008000|0000000000344496|080.00
26022026|544342|0000000000055659|0000000006807096|0000000000080350|0000000010066009|069.27
26022026|544343|0000000000014800|0000000001218780|0000000000018000|0000000001520888|082.22
26022026|544344|0000000000001738|0000000005465402|0000000000002990|0000000009407026|058.13
26022026|544345|0000000000003413|0000000000877312|0000000000004607|0000000001188328|074.08
26022026|544346|0000000000000014|0000000000002334|0000000000000014|0000000000002334|100.00
26022026|544347|0000000000001200|0000000000404220|0000000000001200|0000000000404370|100.00
26022026|544348|0000000000008400|0000000000322224|0000000000008400|0000000000321936|100.00
26022026|544350|0000000000001667|0000000000746566|0000000000003410|0000000001528540|048.89
26022026|544351|0000000000001600|0000000000114800|0000000000001600|0000000000114800|100.00
26022026|544352|0000000000000216|0000000000009025|0000000000000243|0000000000010231|088.89
26022026|544353|0000000000007200|0000000000250920|0000000000008400|0000000000293208|085.71
26022026|544354|0000000000018600|0000000002911830|0000000000033900|0000000005356170|054.87
26022026|544355|0000000000000025|0000000000047850|0000000000000025|0000000000045956|100.00
26022026|544356|0000000000007729|0000000003757067|0000000000009757|0000000004775698|079.21
26022026|544361|0000000000002753|0000000000471588|0000000000002753|0000000000471588|100.00
26022026|544362|0000000000078120|0000000036876546|0000000000142374|0000000067418468|054.87
26022026|544363|0000000000000341|0000000000052712|0000000000000352|0000000000055202|096.88
26022026|544364|0000000000000163|0000000000040856|0000000000000221|0000000000054962|073.76
26022026|544365|0000000000004000|0000000000165880|0000000000004000|0000000000165860|100.00
26022026|544367|0000000000008663|0000000007833518|0000000000019200|0000000017265942|045.12
26022026|544368|0000000000002400|0000000000043440|0000000000003600|0000000000063120|066.67
26022026|544369|0000000000005600|0000000001275400|0000000000007200|0000000001629040|077.78
26022026|544371|0000000000000209|0000000000013663|0000000000000264|0000000000017033|079.17
26022026|544372|0000000000003000|0000000000039030|0000000000003000|0000000000039030|100.00
26022026|544374|0000000000025000|0000000001500250|0000000000025000|0000000001500250|100.00
26022026|544375|0000000000003117|0000000000476964|0000000000004065|0000000000625884|076.68
26022026|544376|0000000000000156|0000000000006665|0000000000000156|0000000000006658|100.00
26022026|544378|0000000000001000|0000000000060100|0000000000001000|0000000000060100|100.00
26022026|544379|0000000000001020|0000000000175644|0000000000001390|0000000000247779|073.38
26022026|544380|0000000000000001|0000000000001052|0000000000000001|0000000000001051|100.00
26022026|544382|0000000000012288|0000000000426271|0000000000012296|0000000000426310|099.93
26022026|544383|0000000000002400|0000000000403200|0000000000003600|0000000000589800|066.67
26022026|544384|0000000000682642|0000000017844262|0000000001152618|0000000030424141|059.23
26022026|544385|0000000000008723|0000000000498607|0000000000008992|0000000000509584|097.01
26022026|544386|0000000000000184|0000000000259192|0000000000000194|0000000000272900|094.85
26022026|544387|0000000000002500|0000000000387500|0000000000002500|0000000000390100|100.00
26022026|544388|0000000000004000|0000000000276000|0000000000004000|0000000000276000|100.00
26022026|544389|0000000000002256|0000000000572483|0000000000003794|0000000000974900|059.46
26022026|544390|0000000000015819|0000000046227864|0000000000037357|0000000109437495|042.35
26022026|544392|0000000000006000|0000000000366580|0000000000006000|0000000000366580|100.00
26022026|544394|0000000000011047|0000000000345882|0000000000014110|0000000000443175|078.29
26022026|544395|0000000000017989|0000000000378669|0000000000028511|0000000000597329|063.09
26022026|544396|0000000000006074|0000000007025796|0000000000011109|0000000012019622|054.68
26022026|544397|0000000000062267|0000000043602467|0000000000148329|0000000103182874|041.98
26022026|544398|0000000000012000|0000000000098520|0000000000018000|0000000000148860|066.67
26022026|544399|0000000000003600|0000000000297180|0000000000006000|0000000000503616|060.00
26022026|544400|0000000000004000|0000000000184000|0000000000004000|0000000000184000|100.00
26022026|544401|0000000000000090|0000000000030409|0000000000000090|0000000000030408|100.00
26022026|544402|0000000000000535|0000000000213305|0000000000000782|0000000000308008|068.41
26022026|544403|0000000000011625|0000000001196794|0000000000027550|0000000002860299|042.20
26022026|544404|0000000000000919|0000000000376313|0000000000000919|0000000000376313|100.00
26022026|544405|0000000000061378|0000000011382551|0000000000169667|0000000031210415|036.18
26022026|544406|0000000000004800|0000000001706640|0000000000006400|0000000002303780|075.00
26022026|544407|0000000000008249|0000000001930679|0000000000019620|0000000004597397|042.04
26022026|544408|0000000000001586|0000000000698871|0000000000002627|0000000001164645|060.37
26022026|544409|0000000000010000|0000000001550000|0000000000011000|0000000001744400|090.91
26022026|544410|0000000000003635|0000000000545432|0000000000005756|0000000000867126|063.15
26022026|544411|0000000000003729|0000000000511992|0000000000004086|0000000000562703|091.26
26022026|544413|0000000000005386|0000000000525405|0000000000010130|0000000000972898|053.17
26022026|544414|0000000000003320|0000000000175960|0000000000005245|0000000000282998|063.30
26022026|544415|0000000000000002|0000000000000085|0000000000000003|0000000000000126|066.67
26022026|544416|0000000000000106|0000000000032966|0000000000000107|0000000000033361|099.07
26022026|544417|0000000000001200|0000000000025440|0000000000001200|0000000000025440|100.00
26022026|544418|0000000000013500|0000000004332150|0000000000024298|0000000007932661|055.56
26022026|544419|0000000000238897|0000000027282038|0000000000353162|0000000041818318|067.65
26022026|544420|0000000000006200|0000000002656080|0000000000010324|0000000004447927|060.05
26022026|544421|0000000000010095|0000000002375859|0000000000011646|0000000002761401|086.68
26022026|544423|0000000000001992|0000000000663536|0000000000002542|0000000000849860|078.36
26022026|544424|0000000000001640|0000000000083755|0000000000001787|0000000000091244|091.77
26022026|544425|0000000000021600|0000000002879880|0000000000021600|0000000002879880|100.00
26022026|544426|0000000000007200|0000000000398952|0000000000012000|0000000000663204|060.00
26022026|544427|0000000000001243|0000000000013313|0000000000001244|0000000000013317|099.92
26022026|544428|0000000000010800|0000000000599400|0000000000010800|0000000000599400|100.00
26022026|544429|0000000000007484|0000000005337589|0000000000012344|0000000008849258|060.63
26022026|544430|0000000000020819|0000000002096682|0000000000035019|0000000003550768|059.45
26022026|544431|0000000000019000|0000000001827800|0000000000020000|0000000001921750|095.00
26022026|544432|0000000000005653|0000000000372646|0000000000006896|0000000000455614|081.98
26022026|544433|0000000000003600|0000000000061920|0000000000003600|0000000000061920|100.00
26022026|544434|0000000000018400|0000000001714880|0000000000023200|0000000002182016|079.31
26022026|544435|0000000000008000|0000000000992000|0000000000012000|0000000001475080|066.67
26022026|544436|0000000000001200|0000000000045852|0000000000001200|0000000000045852|100.00
26022026|544437|0000000000015600|0000000001075620|0000000000019200|0000000001319688|081.25
26022026|544438|0000000000008027|0000000000096806|0000000000008037|0000000000096989|099.88
26022026|544439|0000000000003952|0000000000912122|0000000000008146|0000000001844521|048.51
26022026|544440|0000000000021750|0000000003393000|0000000000035250|0000000005530350|061.70
26022026|544441|0000000000016800|0000000001478400|0000000000018400|0000000001627088|091.30
26022026|544442|0000000000012600|0000000001310400|0000000000015600|0000000001644180|080.77
26022026|544443|0000000000001793|0000000002220272|0000000000002837|0000000003514500|063.20
26022026|544444|0000000000048000|0000000003564000|0000000000052800|0000000004006272|090.91
26022026|544445|0000000000004000|0000000000320000|0000000000006000|0000000000479260|066.67
26022026|544446|0000000000021945|0000000004340721|0000000000024299|0000000004827892|090.31
26022026|544447|0000000000002947|0000000001177916|0000000000005427|0000000002190396|054.30
26022026|544448|0000000000000324|0000000000321603|0000000000000375|0000000000369950|086.40
26022026|544449|0000000000002518|0000000001769777|0000000000004600|0000000003221911|054.74
26022026|544450|0000000000000061|0000000000009028|0000000000000089|0000000000013316|068.54
26022026|544451|0000000000028400|0000000007295960|0000000000031600|0000000008273260|089.87
26022026|544452|0000000000002000|0000000000120000|0000000000002000|0000000000120000|100.00
26022026|544453|0000000000006000|0000000001228200|0000000000008400|0000000001737180|071.43
26022026|544454|0000000000000229|0000000000040179|0000000000000229|0000000000040056|100.00
26022026|544455|0000000000007507|0000000002815876|0000000000008532|0000000003181327|087.99
26022026|544456|0000000000020432|0000000001601869|0000000000020432|0000000001601868|100.00
26022026|544457|0000000000002185|0000000000135252|0000000000002948|0000000000182570|074.12
26022026|544458|0000000000030500|0000000005418325|0000000000045500|0000000008225100|067.03
26022026|544459|0000000000020190|0000000004205577|0000000000030048|0000000006303326|067.19
26022026|544460|0000000000019200|0000000001334976|0000000000046400|0000000003260960|041.38
26022026|544461|0000000000000162|0000000000027532|0000000000000162|0000000000027528|100.00
26022026|544463|0000000000001200|0000000000072000|0000000000002400|0000000000141600|050.00
26022026|544464|0000000000014000|0000000000784000|0000000000014000|0000000000800800|100.00
26022026|544465|0000000000002228|0000000000210613|0000000000004323|0000000000410311|051.54
26022026|544466|0000000000015647|0000000025208882|0000000000033700|0000000054903263|046.43
26022026|544467|0000000000148063|0000000136284589|0000000000248471|0000000229112344|059.59
26022026|544468|0000000000009600|0000000001039200|0000000000010800|0000000001167600|088.89
26022026|544469|0000000000046653|0000000006718032|0000000000076637|0000000011129394|060.88
26022026|544470|0000000000021881|0000000006512880|0000000000034328|0000000010264769|063.74
26022026|544471|0000000000010000|0000000000335000|0000000000012000|0000000000404520|083.33
26022026|544472|0000000000001600|0000000000107200|0000000000001600|0000000000107200|100.00
26022026|544473|0000000000057051|0000000000602459|0000000000059529|0000000000630102|095.84
26022026|544475|0000000000014000|0000000000352100|0000000000020000|0000000000502220|070.00
26022026|544476|0000000000008155|0000000005186173|0000000000021941|0000000013898233|037.17
26022026|544477|0000000000002892|0000000000160564|0000000000004275|0000000000238483|067.65
26022026|544478|0000000000002050|0000000002107954|0000000000002050|0000000002107953|100.00
26022026|544479|0000000000002925|0000000000719258|0000000000003653|0000000000898623|080.07
26022026|544480|0000000000134483|0000000017193652|0000000000325902|0000000041257337|041.26
26022026|544481|0000000000002537|0000000000312432|0000000000003179|0000000000393406|079.80
26022026|544482|0000000000007000|0000000000480620|0000000000007000|0000000000480480|100.00
26022026|544483|0000000000001200|0000000000048180|0000000000001200|0000000000048180|100.00
26022026|544484|0000000000005971|0000000002580667|0000000000015275|0000000006575625|039.09
26022026|544485|0000000000042718|0000000002982998|0000000000161043|0000000010938104|026.53
26022026|544486|0000000000006317|0000000000188942|0000000000006319|0000000000188902|099.97
26022026|544487|0000000000003016|0000000000543936|0000000000003815|0000000000683196|079.06
26022026|544488|0000000000166034|0000000027586550|0000000000391920|0000000066472990|042.36
26022026|544489|0000000000009600|0000000000570600|0000000000009600|0000000000570600|100.00
26022026|544490|0000000000004936|0000000001972179|0000000000011854|0000000004773827|041.64
26022026|544491|0000000000003600|0000000000711360|0000000000007351|0000000001446485|048.97
26022026|544492|0000000000001191|0000000000284947|0000000000001682|0000000000408914|070.81
26022026|544493|0000000000000025|0000000000004011|0000000000000025|0000000000004002|100.00
26022026|544494|0000000000009600|0000000000220896|0000000000009600|0000000000226560|100.00
26022026|544496|0000000000118422|0000000008377173|0000000000264312|0000000018546719|044.80
26022026|544497|0000000000005576|0000000000599978|0000000000011756|0000000001274471|047.43
26022026|544499|0000000000000368|0000000000074668|0000000000000397|0000000000080052|092.70
26022026|544500|0000000000010000|0000000000360000|0000000000016000|0000000000585400|062.50
26022026|544501|0000000000029000|0000000002707440|0000000000034000|0000000003232420|085.29
26022026|544502|0000000000001490|0000000000156450|0000000000002107|0000000000216117|070.72
26022026|544503|0000000000004000|0000000000443000|0000000000004000|0000000000443000|100.00
26022026|544504|0000000000002000|0000000000584000|0000000000003600|0000000001062060|055.56
26022026|544505|0000000000020000|0000000000960000|0000000000022000|0000000001054100|090.91
26022026|544506|0000000000019800|0000000002831400|0000000000027600|0000000003828120|071.74
26022026|544507|0000000000001179|0000000000011366|0000000000001386|0000000000013433|085.06
26022026|544508|0000000000002400|0000000000158400|0000000000002400|0000000000158400|100.00
26022026|544509|0000000000008000|0000000000324960|0000000000011200|0000000000447968|071.43
26022026|544510|0000000000009600|0000000000744000|0000000000009600|0000000000774160|100.00
26022026|544511|0000000000000800|0000000000121600|0000000000000800|0000000000121600|100.00
26022026|544512|0000000000018583|0000000004559340|0000000000026788|0000000006610152|069.37
26022026|544513|0000000000011420|0000000000516299|0000000000013415|0000000000600143|085.13
26022026|544515|0000000000665040|0000000071757816|0000000000798582|0000000085955326|083.28
26022026|544516|0000000000027000|0000000006875550|0000000000041000|0000000010486050|065.85
26022026|544517|0000000000000931|0000000000932071|0000000000001649|0000000001681222|056.46
26022026|544518|0000000000030400|0000000005825760|0000000000030400|0000000005825760|100.00
26022026|544519|0000000000001048|0000000000269232|0000000000001402|0000000000360906|074.75
26022026|544521|0000000000004406|0000000000208316|0000000000005726|0000000000269214|076.95
26022026|544522|0000000000000051|0000000000021114|0000000000000081|0000000000034285|062.96
26022026|544523|0000000000002770|0000000000626713|0000000000004187|0000000000947176|066.16
26022026|544524|0000000000105600|0000000017719680|0000000000121600|0000000020794440|086.84
26022026|544525|0000000000010377|0000000001177271|0000000000029640|0000000003386937|035.01
26022026|544526|0000000000006121|0000000002276094|0000000000011200|0000000004247085|054.65
26022026|544527|0000000000001226|0000000001083968|0000000000002974|0000000002645674|041.22
26022026|544528|0000000000012896|0000000002235522|0000000000022087|0000000003839601|058.39
26022026|544529|0000000000004000|0000000001087800|0000000000004000|0000000001087800|100.00
26022026|544530|0000000000006583|0000000003325732|0000000000013717|0000000006932587|047.99
26022026|544531|0000000000014400|0000000002360160|0000000000030000|0000000004986810|048.00
26022026|544532|0000000000003689|0000000000729869|0000000000006814|0000000001348748|054.14
26022026|544533|0000000000001219|0000000000299204|0000000000003045|0000000000757985|040.03
26022026|544534|0000000000001955|0000000000867043|0000000000008398|0000000003734521|023.28
26022026|544535|0000000000006400|0000000000900880|0000000000006400|0000000000900880|100.00
26022026|544537|0000000000017965|0000000006947964|0000000000042615|0000000016547060|042.16
26022026|544539|0000000000001600|0000000000043184|0000000000001600|0000000000043184|100.00
26022026|544540|0000000000005061|0000000000913005|0000000000010380|0000000001884096|048.76
26022026|544541|0000000000041400|0000000006417000|0000000000042000|0000000006524940|098.57
26022026|544542|0000000000026000|0000000002938000|0000000000032000|0000000003534740|081.25
26022026|544543|0000000000016013|0000000000989604|0000000000025142|0000000001526338|063.69
26022026|544544|0000000000001200|0000000000108360|0000000000001200|0000000000108360|100.00
26022026|544545|0000000000001595|0000000000644540|0000000000003312|0000000001341698|048.16
26022026|544546|0000000000002400|0000000000144240|0000000000002400|0000000000144120|100.00
26022026|544547|0000000000001164|0000000000075660|0000000000001565|0000000000102232|074.38
26022026|544548|0000000000004800|0000000000406560|0000000000006400|0000000000540480|075.00
26022026|544549|0000000000001000|0000000000149000|0000000000001000|0000000000149000|100.00
26022026|544550|0000000000008321|0000000001479890|0000000000016073|0000000002870034|051.77
26022026|544551|0000000000038000|0000000005320000|0000000000040000|0000000005595050|095.00
26022026|544553|0000000000001600|0000000000217600|0000000000001600|0000000000217600|100.00
26022026|544555|0000000000001200|0000000000140400|0000000000001200|0000000000140400|100.00
26022026|544556|0000000000001600|0000000000051920|0000000000003200|0000000000102960|050.00
26022026|544557|0000000000003935|0000000000190100|0000000000005954|0000000000290047|066.09
26022026|544558|0000000000007382|0000000001137936|0000000000010856|0000000001690667|068.00
26022026|544559|0000000000006400|0000000000115200|0000000000006400|0000000000115456|100.00
26022026|544560|0000000000008000|0000000000578480|0000000000010000|0000000000717400|080.00
26022026|544561|0000000000018000|0000000000137880|0000000000018000|0000000000138360|100.00
26022026|544562|0000000000008120|0000000001024744|0000000000009680|0000000001235199|083.88
26022026|544563|0000000000444000|0000000136618800|0000000000520000|0000000149091350|085.38
26022026|544564|0000000000004852|0000000000403444|0000000000005490|0000000000457230|088.38
26022026|544566|0000000000009000|0000000000629100|0000000000018000|0000000001259100|050.00
26022026|544567|0000000000000800|0000000000305200|0000000000000800|0000000000305200|100.00
26022026|544568|0000000000175200|0000000020331960|0000000000188400|0000000021945840|092.99
26022026|544569|0000000000262350|0000000128905673|0000000000522802|0000000255865972|050.18
26022026|544570|0000000000002794|0000000001449528|0000000000004306|0000000002252289|064.89
26022026|544571|0000000000001000|0000000000073550|0000000000001000|0000000000073550|100.00
26022026|544572|0000000000000542|0000000001332264|0000000000000818|0000000002040692|066.26
26022026|544573|0000000000000001|0000000000001021|0000000000000001|0000000000001020|100.00
26022026|544574|0000000000081991|0000000027417791|0000000000161091|0000000053504640|050.90
26022026|544575|0000000000003000|0000000000091380|0000000000003000|0000000000091400|100.00
26022026|544576|0000000000012056|0000000018791688|0000000000022853|0000000035685307|052.75
26022026|544577|0000000000002044|0000000000277882|0000000000002044|0000000000277897|100.00
26022026|544578|0000000000004058|0000000003194052|0000000000008797|0000000006940865|046.13
26022026|544579|0000000000000257|0000000000026448|0000000000000262|0000000000026970|098.09
26022026|544580|0000000000006079|0000000001531301|0000000000010673|0000000002706667|056.96
26022026|544581|0000000000000483|0000000000004816|0000000000000483|0000000000004817|100.00
26022026|544582|0000000000008400|0000000000187572|0000000000009600|0000000000218904|087.50
26022026|544583|0000000000251654|0000000036842146|0000000000279287|0000000041075615|090.11
26022026|544585|0000000000002000|0000000000125000|0000000000004000|0000000000245000|050.00
26022026|544586|0000000000005607|0000000000056799|0000000000005687|0000000000057996|098.59
26022026|544587|0000000000000725|0000000000951527|0000000000001144|0000000001502903|063.37
26022026|544594|0000000000008400|0000000000929460|0000000000008400|0000000000920100|100.00
26022026|544595|0000000000001638|0000000000965765|0000000000003063|0000000001826443|053.48
26022026|544596|0000000000002400|0000000000084240|0000000000002400|0000000000084240|100.00
26022026|544597|0000000000002472|0000000004360485|0000000000005221|0000000009305369|047.35
26022026|544598|0000000000001803|0000000000009106|0000000000001901|0000000000009459|094.84
26022026|544599|0000000000000615|0000000000319585|0000000000000754|0000000000392260|081.56
26022026|544600|0000000000030110|0000000015434386|0000000000084095|0000000042701138|035.80
26022026|544601|0000000000001001|0000000000156497|0000000000001018|0000000000158606|098.33
26022026|544603|0000000000195607|0000000032275155|0000000000908381|0000000148936461|021.53
26022026|544604|0000000000010141|0000000000379071|0000000000014724|0000000000550078|068.87
26022026|544605|0000000000051725|0000000000829669|0000000000072412|0000000001162370|071.43
26022026|544606|0000000000086865|0000000016513037|0000000000140332|0000000027105718|061.90
26022026|544608|0000000000127709|0000000024577598|0000000000293279|0000000057737328|043.55
26022026|544609|0000000000253284|0000000022605597|0000000000602634|0000000054086010|042.03
26022026|544610|0000000000007800|0000000002696850|0000000000010200|0000000003560910|076.47
26022026|544611|0000000000007200|0000000001161540|0000000000007200|0000000001161540|100.00
26022026|544612|0000000000018061|0000000010701143|0000000000041259|0000000024497687|043.77
26022026|544613|0000000000005569|0000000001062566|0000000000012706|0000000002430784|043.83
26022026|544614|0000000000002048|0000000001046528|0000000000003797|0000000001952614|053.94
26022026|544615|0000000000005276|0000000000142314|0000000000005276|0000000000142314|100.00
26022026|544616|0000000000003000|0000000000457500|0000000000003000|0000000000461000|100.00
26022026|544617|0000000000027812|0000000002430491|0000000000067201|0000000005913338|041.39
26022026|544619|0000000000004202|0000000002761765|0000000000010207|0000000006769702|041.17
26022026|544620|0000000000000002|0000000000000061|0000000000000002|0000000000000060|100.00
26022026|544621|0000000000010000|0000000000393100|0000000000012000|0000000000480240|083.33
26022026|544622|0000000001744279|0000000045778484|0000000001744279|0000000045778484|100.00
26022026|544624|0000000000039000|0000000000476190|0000000000051000|0000000000622350|076.47
26022026|544625|0000000000004800|0000000000194112|0000000000005400|0000000000221256|088.89
26022026|544626|0000000000013000|0000000004024150|0000000000019000|0000000005805900|068.42
26022026|544627|0000000000005000|0000000000591500|0000000000006000|0000000000717150|083.33
26022026|544628|0000000000022000|0000000000437800|0000000000036000|0000000000701640|061.11
26022026|544629|0000000000024000|0000000003925200|0000000000032000|0000000005275100|075.00
26022026|544631|0000000000000016|0000000000010312|0000000000000016|0000000000010329|100.00
26022026|544632|0000000000078354|0000000012567982|0000000000101047|0000000016072187|077.54
26022026|544633|0000000000218941|0000000011770269|0000000000391283|0000000020745043|055.95
26022026|544634|0000000000015883|0000000002260151|0000000000022264|0000000003170234|071.34
26022026|544635|0000000000006400|0000000000393600|0000000000012800|0000000000785296|050.00
26022026|544637|0000000000045600|0000000005200680|0000000000076200|0000000008544150|059.84
26022026|544638|0000000000001705|0000000000267532|0000000000002192|0000000000344259|077.78
26022026|544639|0000000000003656|0000000000937874|0000000000005729|0000000001496072|063.82
26022026|544640|0000000000006000|0000000000229320|0000000000008400|0000000000311016|071.43
26022026|544641|0000000000004800|0000000001276800|0000000000006000|0000000001620240|080.00
26022026|544642|0000000000001926|0000000000374030|0000000000005347|0000000001031938|036.02
26022026|544643|0000000000014000|0000000002841800|0000000000014000|0000000002841800|100.00
26022026|544644|0000000000000910|0000000001464645|0000000000001616|0000000002608770|056.31
26022026|544645|0000000000018248|0000000003479894|0000000000043551|0000000008212578|041.90
26022026|544646|0000000000090000|0000000000388800|0000000000110000|0000000000473600|081.82
26022026|544647|0000000000021561|0000000013083215|0000000000036723|0000000022068693|058.71
26022026|544648|0000000000026000|0000000001681940|0000000000028000|0000000001811320|092.86
26022026|544654|0000000000000134|0000000000002155|0000000000000134|0000000000002154|100.00
26022026|544655|0000000000014223|0000000000312622|0000000000014464|0000000000318562|098.33
26022026|544656|0000000000002400|0000000000579120|0000000000002400|0000000000579120|100.00
26022026|544657|0000000000003600|0000000000748200|0000000000003600|0000000000748200|100.00
26022026|544658|0000000000008431|0000000026252448|0000000000018052|0000000055768491|046.70
26022026|544660|0000000000003057|0000000000028767|0000000000003124|0000000000029364|097.86
26022026|544661|0000000000007529|0000000000278423|0000000000009762|0000000000360418|077.13
26022026|544662|0000000000004221|0000000000519725|0000000000004221|0000000000519725|100.00
26022026|544663|0000000000007000|0000000000317800|0000000000007000|0000000000317600|100.00
26022026|544664|0000000000011800|0000000004385470|0000000000019391|0000000007293383|060.85
26022026|544665|0000000000009600|0000000001196560|0000000000009600|0000000001196560|100.00
26022026|544666|0000000000003805|0000000000422926|0000000000012674|0000000001424967|030.02
26022026|544667|0000000000002400|0000000000157176|0000000000002400|0000000000157488|100.00
26022026|544668|0000000000064800|0000000017521920|0000000000115200|0000000032247060|056.25
26022026|544669|0000000000020400|0000000004183020|0000000000021600|0000000004440180|094.44
26022026|544670|0000000000002400|0000000000436800|0000000000002400|0000000000440400|100.00
26022026|544671|0000000000002000|0000000000210000|0000000000003000|0000000000315550|066.67
26022026|544672|0000000000000306|0000000000047994|0000000000000315|0000000000049123|097.14
26022026|544673|0000000000001600|0000000000137600|0000000000001600|0000000000137600|100.00
26022026|544675|0000000000004800|0000000000312000|0000000000006400|0000000000413584|075.00
26022026|544676|0000000000042400|0000000002171728|0000000000056800|0000000002920344|074.65
26022026|544677|0000000000019200|0000000001933440|0000000000028800|0000000002794000|066.67
26022026|544678|0000000000564816|0000000018881799|0000000001513622|0000000050946219|037.32
26022026|544679|0000000000010548|0000000004039357|0000000000035603|0000000013683947|029.63
26022026|544680|0000000000001440|0000000000259344|0000000000001440|0000000000259344|100.00
26022026|544681|0000000000029000|0000000004364500|0000000000034000|0000000005092350|085.29
26022026|544682|0000000000008400|0000000000831600|0000000000009600|0000000000936528|087.50
26022026|544683|0000000000120000|0000000001986000|0000000000174000|0000000002851710|068.97
26022026|544684|0000000000008400|0000000000758352|0000000000008400|0000000000759264|100.00
26022026|544685|0000000000044562|0000000005412055|0000000000099431|0000000011992581|044.82
26022026|544686|0000000000015000|0000000002022750|0000000000025000|0000000003352700|060.00
26022026|544687|0000000000016000|0000000000983680|0000000000018000|0000000001104800|088.89
26022026|544688|0000000000014000|0000000000882000|0000000000014000|0000000000900940|100.00
26022026|544693|0000000000008000|0000000000314000|0000000000008000|0000000000320160|100.00
26022026|544695|0000000000069000|0000000008255850|0000000000076000|0000000009218650|090.79
26022026|544698|0000000000038400|0000000002365136|0000000000038400|0000000002365136|100.00
26022026|544699|0000000000021961|0000000002784655|0000000000088330|0000000010767680|024.86
26022026|544700|0000000000021202|0000000017208604|0000000000063707|0000000051722647|033.28
26022026|544701|0000000000003644|0000000000069564|0000000000003744|0000000000071204|097.33
26022026|544702|0000000000004031|0000000000242441|0000000000004031|0000000000242441|100.00
26022026|544703|0000000000006734|0000000000226397|0000000000006734|0000000000226397|100.00
26022026|544704|0000000000000098|0000000000001137|0000000000000098|0000000000001135|100.00
26022026|544705|0000000000016191|0000000001106332|0000000000024739|0000000001689520|065.45
26022026|544707|0000000000078600|0000000015705600|0000000000078600|0000000015705600|100.00
26022026|544708|0000000000001200|0000000000095340|0000000000001200|0000000000095340|100.00
26022026|555555|0000000000000075|0000000000070425|0000000000000090|0000000000084520|083.33
26022026|570002|0000000000000029|0000000000000089|0000000000000029|0000000000000089|100.00
26022026|570005|0000000000050683|0000000000023822|0000000000060737|0000000000028624|083.45
26022026|590003|0000000000034825|0000000011720354|0000000000080918|0000000027350462|043.04
26022026|590005|0000000000000369|0000000000515715|0000000000000461|0000000000644379|080.04
26022026|590006|0000000000000018|0000000000010915|0000000000000028|0000000000016895|064.29
26022026|590013|0000000000000577|0000000000510703|0000000000000969|0000000000847771|059.55
26022026|590018|0000000000000310|0000000000052700|0000000000000310|0000000000052768|100.00
26022026|590021|0000000000002376|0000000003677930|0000000000003103|0000000004726724|076.57
26022026|590024|0000000000001078|0000000000796319|0000000000002561|0000000001921457|042.09
26022026|590025|0000000000002753|0000000000105881|0000000000002860|0000000000109453|096.26
26022026|590030|0000000000006079|0000000000427050|0000000000010159|0000000000712042|059.84
26022026|590031|0000000000000459|0000000000310078|0000000000000594|0000000000390192|077.27
26022026|590041|0000000000006088|0000000000384916|0000000000006088|0000000000384916|100.00
26022026|590051|0000000000006704|0000000000971410|0000000000014300|0000000002093057|046.88
26022026|590056|0000000000000095|0000000000025403|0000000000000132|0000000000035162|071.97
26022026|590057|0000000000000536|0000000000009997|0000000000000536|0000000000009997|100.00
26022026|590062|0000000000002696|0000000000196161|0000000000003220|0000000000233101|083.73
26022026|590065|0000000000000022|0000000000022955|0000000000000023|0000000000024125|095.65
26022026|590066|0000000000001443|0000000000229870|0000000000001755|0000000000281621|082.22
26022026|590068|0000000000000011|0000000000001014|0000000000000012|0000000000001154|091.67
26022026|590070|0000000000002262|0000000000007307|0000000000002290|0000000000007402|098.78
26022026|590071|0000000000001366|0000000007490052|0000000000002651|0000000014487157|051.53
26022026|590073|0000000000001592|0000000001445536|0000000000002629|0000000002368898|060.56
26022026|590075|0000000000001123|0000000000122857|0000000000002025|0000000000220318|055.46
26022026|590078|0000000000001809|0000000001848708|0000000000001941|0000000001972214|093.20
26022026|590086|0000000000000167|0000000000703212|0000000000000258|0000000001088470|064.73
26022026|590095|0000000000905893|0000000118209978|0000000001750290|0000000229207163|051.76
26022026|590096|0000000000048943|0000000048943000|0000000000280936|0000000280936000|017.42
26022026|590097|0000000000010879|0000000001430480|0000000000017729|0000000002341576|061.36
26022026|590098|0000000000102912|0000000013857101|0000000000194201|0000000026214289|052.99
26022026|590099|0000000000002201|0000000000287979|0000000000005107|0000000000669934|043.10
26022026|590101|0000000000013991|0000000001857586|0000000000024153|0000000003218000|057.93
26022026|590103|0000000000047134|0000000013599574|0000000000086088|0000000024851142|054.75
26022026|590104|0000000000006968|0000000005286204|0000000000012730|0000000009643536|054.74
26022026|590106|0000000000004782|0000000003015769|0000000000008283|0000000005220000|057.73
26022026|590107|0000000000000292|0000000000288067|0000000000000925|0000000000905161|031.57
26022026|590108|0000000000068215|0000000007490690|0000000000160977|0000000017637547|042.38
26022026|590109|0000000000000725|0000000000348827|0000000000000873|0000000000419064|083.05
26022026|590110|0000000000000065|0000000000018174|0000000000000083|0000000000023164|078.31
26022026|590113|0000000000002859|0000000001522704|0000000000003760|0000000002011882|076.04
26022026|590134|0000000000002563|0000000000175592|0000000000002746|0000000000189456|093.34
26022026|590136|0000000000000142|0000000000089769|0000000000000313|0000000000197807|045.37
26022026|590137|0000000000000214|0000000000133708|0000000000000252|0000000000157463|084.92
26022026|590138|0000000000009100|0000000002483572|0000000000010915|0000000002974933|083.37
26022026|590139|0000000000004391|0000000004798968|0000000000008750|0000000009562942|050.18
26022026|590140|0000000003445288|0000000052678454|0000000007355377|0000000112726773|046.84
26022026|590141|0000000000450473|0000000015198960|0000000000960452|0000000032634129|046.90
26022026|590142|0000000000158348|0000000003782934|0000000000300872|0000000007176155|052.63
26022026|590143|0000000000026723|0000000000785122|0000000000029164|0000000000856221|091.63
26022026|590144|0000000000001966|0000000000447167|0000000000002739|0000000000621543|071.78
26022026|590145|0000000001717906|0000000422776667|0000000004042814|0000001001200911|042.49
26022026|590146|0000000000001086|0000000000168678|0000000000001567|0000000000244802|069.30
26022026|590147|0000000000000605|0000000000154336|0000000000001332|0000000000342440|045.42
26022026|590148|0000000000238863|0000000003850472|0000000000567532|0000000009163243|042.09
26022026|590149|0000000000001064|0000000000050402|0000000000001094|0000000000051601|097.26
26022026|590150|0000000000025184|0000000002016735|0000000000031708|0000000002524003|079.42
26022026|590151|0000000000006983|0000000000368633|0000000000007976|0000000000418862|087.55
26022026|590152|0000000000096559|0000000008686448|0000000000130217|0000000011680270|074.15
26022026|590153|0000000000008057|0000000000192563|0000000000009280|0000000000221789|086.82
26022026|590154|0000000000003680|0000000000181056|0000000000005305|0000000000260721|069.37
26022026|751079|0000000000537000|0000000000118140|0000000000537000|0000000000118140|100.00
26022026|751085|0000000000010732|0000000000009122|0000000000010732|0000000000009122|100.00
26022026|751087|0000000000025214|0000000000007059|0000000000025214|0000000000007059|100.00
26022026|751088|0000000000267599|0000000000262247|0000000000267599|0000000000262247|100.00
26022026|751089|0000000000003812|0000000000009149|0000000000003812|0000000000009149|100.00
26022026|751090|0000000000003762|0000000000824254|0000000000003762|0000000000824254|100.00
26022026|800181|0000000000000100|0000000000010640|0000000000000100|0000000000010640|100.00
26022026|800212|0000000000001403|0000000000147456|0000000000002794|0000000000298718|050.21
26022026|800263|0000000000108200|0000000010809180|0000000000108200|0000000010809180|100.00
26022026|800289|0000000000000001|0000000000015251|0000000000000001|0000000000015251|100.00
26022026|800297|0000000000000041|0000000000640953|0000000000000054|0000000000842851|075.93
26022026|800310|0000000000000001|0000000000000102|0000000000000001|0000000000000101|100.00
26022026|800314|0000000000000001|0000000000015700|0000000000000001|0000000000015700|100.00
26022026|800318|0000000000000061|0000000000959968|0000000000000091|0000000001430719|067.03
26022026|800320|0000000000000034|0000000000532440|0000000000000039|0000000000613704|087.18
26022026|800322|0000000000000001|0000000000015626|0000000000000001|0000000000015626|100.00
26022026|800324|0000000000000006|0000000000094200|0000000000000006|0000000000094202|100.00
26022026|800325|0000000000000004|0000000000062680|0000000000000005|0000000000078555|080.00
26022026|800327|0000000000000001|0000000000015653|0000000000000001|0000000000015653|100.00
26022026|800328|0000000000000023|0000000000360895|0000000000000025|0000000000392859|092.00
26022026|800329|0000000000000065|0000000001022125|0000000000000066|0000000001037796|098.48
26022026|800331|0000000000000001|0000000000015700|0000000000000001|0000000000015700|100.00
26022026|800333|0000000000000019|0000000000297749|0000000000000031|0000000000487344|061.29
26022026|800334|0000000000002181|0000000000200652|0000000000002181|0000000000200652|100.00
26022026|800339|0000000000000015|0000000000234915|0000000000000017|0000000000267148|088.24
26022026|800340|0000000000000026|0000000000408781|0000000000000068|0000000001069158|038.24
26022026|800342|0000000000000001|0000000000015631|0000000000000001|0000000000015631|100.00
26022026|800385|0000000000000039|0000000000612455|0000000000000045|0000000000707555|086.67
26022026|800386|0000000000000019|0000000000298932|0000000000000021|0000000000328380|090.48
26022026|800434|0000000000000051|0000000000800704|0000000000000065|0000000001022062|078.46
26022026|800435|0000000000001000|0000000000097450|0000000000001000|0000000000097450|100.00
26022026|800437|0000000000000001|0000000000015732|0000000000000001|0000000000015732|100.00
26022026|800438|0000000000000024|0000000000379200|0000000000000026|0000000000411780|092.31
26022026|800441|0000000000022772|0000000002451406|0000000000022774|0000000002453610|099.99
26022026|800443|0000000000000002|0000000000031572|0000000000000003|0000000000047571|066.67
26022026|800488|0000000000000004|0000000000063640|0000000000000006|0000000000095561|066.67
26022026|800489|0000000000000001|0000000000000104|0000000000000001|0000000000000104|100.00
26022026|800573|0000000000000033|0000000000519751|0000000000000033|0000000000526968|100.00
26022026|800575|0000000000000004|0000000000063700|0000000000000004|0000000000063752|100.00
26022026|800580|0000000000000108|0000000001718172|0000000000000111|0000000001768907|097.30
26022026|800588|0000000000500000|0000000049305000|0000000000502000|0000000050405180|099.60
26022026|800596|0000000000000138|0000000002209242|0000000000000156|0000000002499739|088.46
26022026|800603|0000000000000223|0000000003631172|0000000000000297|0000000004843432|075.08
26022026|800605|0000000000000073|0000000001212092|0000000000000086|0000000001436146|084.88
26022026|800678|0000000002000000|0000000083620000|0000000002000000|0000000083620000|100.00
26022026|800809|0000000000014820|0000000001459770|0000000000015420|0000000001515484|096.11
26022026|890197|0000000000002749|0000000000006681|0000000000003043|0000000000006720|090.34
26022026|890213|0000000000000485|0000000000004229|0000000000000485|0000000000004229|100.00
26022026|890217|0000000000001507|0000000000091927|0000000000001509|0000000000091734|099.87
26022026|890220|0000000000006272|0000000000058330|0000000000006272|0000000000058407|100.00
26022026|890221|0000000000000021|0000000000002810|0000000000000021|0000000000002775|100.00
26022026|890228|0000000000000749|0000000000007618|0000000000001830|0000000000019340|040.93
26022026|890229|0000000000004458|0000000000010789|0000000000004458|0000000000011931|100.00
26022026|890230|0000000000011005|0000000001356917|0000000000011318|0000000001387356|097.23
26022026|890231|0000000000006303|0000000000140389|0000000000006303|0000000000140389|100.00
26022026|912254|0000000000000001|0000000000041255|0000000000000001|0000000000041254|100.00
26022026|935514|0000000000000070|0000000000083304|0000000000000070|0000000000083303|100.00
26022026|935574|0000000000000010|0000000000011041|0000000000000010|0000000000011040|100.00
26022026|935584|0000000000000010|0000000000011510|0000000000000010|0000000000011510|100.00
26022026|935638|0000000000000185|0000000000201243|0000000000000185|0000000000201243|100.00
26022026|935642|0000000000000001|0000000000001108|0000000000000001|0000000000001107|100.00
26022026|935666|0000000000000447|0000000000499009|0000000000000448|0000000000500130|099.78
26022026|935674|0000000000000017|0000000000018853|0000000000000017|0000000000018729|100.00
26022026|935680|0000000000000002|0000000000002100|0000000000000002|0000000000002099|100.00
26022026|935688|0000000000000015|0000000000016050|0000000000000015|0000000000016049|100.00
26022026|935690|0000000000000300|0000000000347652|0000000000000300|0000000000347650|100.00
26022026|935752|0000000000001984|0000000002108992|0000000000002304|0000000002451083|086.11
26022026|935760|0000000000000065|0000000000148844|0000000000000065|0000000000148848|100.00
26022026|935856|0000000000000032|0000000000032001|0000000000000032|0000000000032000|100.00
26022026|936044|0000000000000010|0000000000010660|0000000000000010|0000000000010660|100.00
26022026|936224|0000000000000100|0000000000111000|0000000000000100|0000000000111000|100.00
26022026|936230|0000000000000050|0000000000051350|0000000000000050|0000000000051350|100.00
26022026|936294|0000000000000100|0000000000107500|0000000000000100|0000000000107500|100.00
26022026|936320|0000000000000009|0000000000009279|0000000000000009|0000000000009278|100.00
26022026|936412|0000000000000102|0000000000112292|0000000000000103|0000000000112804|099.03
26022026|936578|0000000000000001|0000000000001023|0000000000000001|0000000000001023|100.00
26022026|936722|0000000000000002|0000000000001990|0000000000000002|0000000000001990|100.00
26022026|936975|0000000000000109|0000000000108461|0000000000000109|0000000000108595|100.00
26022026|937017|0000000000000690|0000000000703800|0000000000000700|0000000000713941|098.57
26022026|937091|0000000000000026|0000000000026780|0000000000000027|0000000000027575|096.30
26022026|937345|0000000000000002|0000000000001940|0000000000000002|0000000000001940|100.00
26022026|937347|0000000000000100|0000000000098500|0000000000000100|0000000000098500|100.00
26022026|937385|0000000000001908|0000000001876061|0000000000002308|0000000002269375|082.67
26022026|937409|0000000000000250|0000000000247500|0000000000000270|0000000000266422|092.59
26022026|937451|0000000000000200|0000000000307160|0000000000000380|0000000000579780|052.63
26022026|937453|0000000000000062|0000000000066960|0000000000000062|0000000000067220|100.00
26022026|937455|0000000000000710|0000000000708580|0000000000000849|0000000000847052|083.63
26022026|937495|0000000000000003|0000000000002976|0000000000000003|0000000000002975|100.00
26022026|937497|0000000000000053|0000000000057696|0000000000000053|0000000000057695|100.00
26022026|937501|0000000000000010|0000000000009770|0000000000000026|0000000000025043|038.46
26022026|937547|0000000000000360|0000000000359280|0000000000000360|0000000000359479|100.00
26022026|937621|0000000000000575|0000000000575000|0000000000000575|0000000000572945|100.00
26022026|937631|0000000000001405|0000000001394463|0000000000001430|0000000001412987|098.25
26022026|937637|0000000000001327|0000000001287190|0000000000001388|0000000001345630|095.61
26022026|937707|0000000000000001|0000000000001027|0000000000000001|0000000000001026|100.00
26022026|937723|0000000000000008|0000000000008170|0000000000000008|0000000000008169|100.00
26022026|937773|0000000000000200|0000000000200200|0000000000000200|0000000000200200|100.00
26022026|937799|0000000000000009|0000000000008964|0000000000000009|0000000000008964|100.00
26022026|937803|0000000000000003|0000000000004323|0000000000000003|0000000000004322|100.00
26022026|937805|0000000000000014|0000000000013524|0000000000000014|0000000000013524|100.00
26022026|937825|0000000000000505|0000000000498713|0000000000000505|0000000000498712|100.00
26022026|937939|0000000000000020|0000000000019900|0000000000000020|0000000000019916|100.00
26022026|938001|0000000000000150|0000000000159300|0000000000000150|0000000000159300|100.00
26022026|938021|0000000000001000|0000000001005000|0000000000001000|0000000001005000|100.00
26022026|938073|0000000000000164|0000000000173504|0000000000000164|0000000000172544|100.00
26022026|938105|0000000000000018|0000000000017982|0000000000000018|0000000000017982|100.00
26022026|938214|0000000000000102|0000000000104040|0000000000000102|0000000000104236|100.00
26022026|938218|0000000000000028|0000000000027142|0000000000000046|0000000000044149|060.87
26022026|938220|0000000000000327|0000000000326997|0000000000000327|0000000000326996|100.00
26022026|938226|0000000000000011|0000000000004633|0000000000000011|0000000000004632|100.00
26022026|938290|0000000000000020|0000000000019341|0000000000000020|0000000000019340|100.00
26022026|938366|0000000000000003|0000000000002944|0000000000000003|0000000000002943|100.00
26022026|938370|0000000000000069|0000000000068241|0000000000000069|0000000000068240|100.00
26022026|938386|0000000000000429|0000000000566238|0000000000000504|0000000000663736|085.12
26022026|938444|0000000000000235|0000000000294925|0000000000000235|0000000000294924|100.00
26022026|938462|0000000000000065|0000000000053495|0000000000000065|0000000000053495|100.00
26022026|938482|0000000000000024|0000000000028805|0000000000000024|0000000000028804|100.00
26022026|938506|0000000000000010|0000000000012940|0000000000000010|0000000000012940|100.00
26022026|938518|0000000000000555|0000000000553890|0000000000000555|0000000000553862|100.00
26022026|938522|0000000000000045|0000000000057436|0000000000000045|0000000000057435|100.00
26022026|938524|0000000000000594|0000000000586872|0000000000000594|0000000000593875|100.00
26022026|938542|0000000000000180|0000000000229284|0000000000000180|0000000000229284|100.00
26022026|938558|0000000000000045|0000000000047970|0000000000000045|0000000000047970|100.00
26022026|938570|0000000000000145|0000000000142102|0000000000000145|0000000000142100|100.00
26022026|938608|0000000000000100|0000000000116900|0000000000000100|0000000000116900|100.00
26022026|938632|0000000000000509|0000000000500862|0000000000000518|0000000000512944|098.26
26022026|938634|0000000000000100|0000000000103350|0000000000000100|0000000000103350|100.00
26022026|938646|0000000000000206|0000000000216344|0000000000000206|0000000000217007|100.00
26022026|938658|0000000000000150|0000000000147900|0000000000000150|0000000000147900|100.00
26022026|938664|0000000000001500|0000000001485000|0000000000001500|0000000001487752|100.00
26022026|938666|0000000000000103|0000000000106090|0000000000000103|0000000000106090|100.00
26022026|938694|0000000000000006|0000000000005226|0000000000000006|0000000000005226|100.00
26022026|938698|0000000000000127|0000000000132042|0000000000000127|0000000000131983|100.00
26022026|938794|0000000000000100|0000000000103500|0000000000000100|0000000000103500|100.00
26022026|938846|0000000000000070|0000000000058107|0000000000000070|0000000000058107|100.00
26022026|938862|0000000000000127|0000000000125730|0000000000000127|0000000000125732|100.00
26022026|938874|0000000000000003|0000000000003093|0000000000000003|0000000000003084|100.00
26022026|938888|0000000000000005|0000000000005950|0000000000000005|0000000000005950|100.00
26022026|938898|0000000000000030|0000000000029835|0000000000000030|0000000000029767|100.00
26022026|938902|0000000000000034|0000000000041191|0000000000000034|0000000000041191|100.00
26022026|938908|0000000000000050|0000000000060610|0000000000000050|0000000000060610|100.00
26022026|938958|0000000000000150|0000000000156000|0000000000000150|0000000000156000|100.00
26022026|938974|0000000000000001|0000000000000347|0000000000000001|0000000000000346|100.00
26022026|939032|0000000000000001|0000000000001000|0000000000000001|0000000000001000|100.00
26022026|939056|0000000000000023|0000000000023115|0000000000000023|0000000000023115|100.00
26022026|939090|0000000000000010|0000000000009810|0000000000000010|0000000000009810|100.00
26022026|939180|0000000000000005|0000000000005085|0000000000000005|0000000000005084|100.00
26022026|939190|0000000000000005|0000000000004949|0000000000000005|0000000000004949|100.00
26022026|939196|0000000000000223|0000000000220770|0000000000000223|0000000000220885|100.00
26022026|939202|0000000000000191|0000000000188135|0000000000000211|0000000000205653|090.52
26022026|939208|0000000000000014|0000000000014350|0000000000000014|0000000000014350|100.00
26022026|939264|0000000000000050|0000000000050998|0000000000000050|0000000000050997|100.00
26022026|939266|0000000000000010|0000000000011950|0000000000000010|0000000000011950|100.00
26022026|939303|0000000000000093|0000000000093000|0000000000000093|0000000000093000|100.00
26022026|939369|0000000000000060|0000000000063720|0000000000000060|0000000000063720|100.00
26022026|939425|0000000000000030|0000000000031206|0000000000000030|0000000000031206|100.00
26022026|939479|0000000000000010|0000000000010910|0000000000000010|0000000000010910|100.00
26022026|939501|0000000000000020|0000000000020200|0000000000000020|0000000000020200|100.00
26022026|939525|0000000000000011|0000000000010857|0000000000000011|0000000000010856|100.00
26022026|939537|0000000000000014|0000000000014518|0000000000000014|0000000000014518|100.00
26022026|939577|0000000000000025|0000000000025875|0000000000000025|0000000000025950|100.00
26022026|939587|0000000000000180|0000000000209520|0000000000000180|0000000000209520|100.00
26022026|939589|0000000000000034|0000000000034000|0000000000000034|0000000000034000|100.00
26022026|939595|0000000000000139|0000000000138722|0000000000000139|0000000000138869|100.00
26022026|939617|0000000000000186|0000000000183582|0000000000000186|0000000000183582|100.00
26022026|939623|0000000000000349|0000000000346749|0000000000000349|0000000000347243|100.00
26022026|939635|0000000000000005|0000000000005005|0000000000000005|0000000000005005|100.00
26022026|939643|0000000000000001|0000000000001151|0000000000000001|0000000000001151|100.00
26022026|939655|0000000000000128|0000000000125773|0000000000000128|0000000000125773|100.00
26022026|939657|0000000000000300|0000000000313506|0000000000000300|0000000000314017|100.00
26022026|939727|0000000000000160|0000000000169599|0000000000000160|0000000000168974|100.00
26022026|939801|0000000000000045|0000000000045270|0000000000000045|0000000000045270|100.00
26022026|939803|0000000000000099|0000000000104180|0000000000000099|0000000000104179|100.00
26022026|939829|0000000000000100|0000000000100600|0000000000000100|0000000000100600|100.00
26022026|939849|0000000000000007|0000000000006993|0000000000000007|0000000000006993|100.00
26022026|939859|0000000000000011|0000000000011345|0000000000000011|0000000000011344|100.00
26022026|939923|0000000000000004|0000000000004001|0000000000000004|0000000000004000|100.00
26022026|939979|0000000000000101|0000000000102965|0000000000000101|0000000000102964|100.00
26022026|939983|0000000000000025|0000000000024250|0000000000000025|0000000000024250|100.00
26022026|939997|0000000000002457|0000000002427516|0000000000002457|0000000002427566|100.00
26022026|940059|0000000000000060|0000000000059220|0000000000000060|0000000000060670|100.00
26022026|940097|0000000000000014|0000000000014280|0000000000000014|0000000000014280|100.00
26022026|940101|0000000000000060|0000000000059340|0000000000000060|0000000000059400|100.00
26022026|940105|0000000000000137|0000000000148782|0000000000000137|0000000000148782|100.00
26022026|940107|0000000000000020|0000000000020000|0000000000000020|0000000000020000|100.00
26022026|940153|0000000000000005|0000000000004975|0000000000000010|0000000000009776|050.00
26022026|940159|0000000000000050|0000000000049690|0000000000000050|0000000000049652|100.00
26022026|940181|0000000000000100|0000000000106000|0000000000000130|0000000000134062|076.92
26022026|940227|0000000000000500|0000000000500500|0000000000000500|0000000000500500|100.00
26022026|940255|0000000000000016|0000000000016000|0000000000000016|0000000000015999|100.00
26022026|940289|0000000000000097|0000000000103693|0000000000000097|0000000000103693|100.00
26022026|940293|0000000000000147|0000000000158840|0000000000000147|0000000000158839|100.00
26022026|940299|0000000000000076|0000000000082915|0000000000000076|0000000000082914|100.00
26022026|940323|0000000000000004|0000000000004225|0000000000000004|0000000000004224|100.00
26022026|940335|0000000000000014|0000000000014605|0000000000000014|0000000000014604|100.00
26022026|940339|0000000000000180|0000000000181260|0000000000000190|0000000000190858|094.74
26022026|940353|0000000000000024|0000000000025364|0000000000000024|0000000000025363|100.00
26022026|940375|0000000000000050|0000000000041650|0000000000000050|0000000000041650|100.00
26022026|940377|0000000000000501|0000000000430911|0000000000000566|0000000000484075|088.52
26022026|940397|0000000000000041|0000000000043141|0000000000000041|0000000000043140|100.00
26022026|940439|0000000000000071|0000000000071000|0000000000000071|0000000000071000|100.00
26022026|940453|0000000000000005|0000000000005200|0000000000000005|0000000000005200|100.00
26022026|940457|0000000000000010|0000000000010157|0000000000000010|0000000000010156|100.00
26022026|940459|0000000000000492|0000000000499877|0000000000000492|0000000000509030|100.00
26022026|940479|0000000000001849|0000000001972773|0000000000002323|0000000002476821|079.60
26022026|940481|0000000000000080|0000000000083104|0000000000000080|0000000000083104|100.00
26022026|940489|0000000000000022|0000000000022709|0000000000000022|0000000000022708|100.00
26022026|940501|0000000000000291|0000000000278778|0000000000000311|0000000000299381|093.57
26022026|940505|0000000000000095|0000000000096729|0000000000000099|0000000000101149|095.96
26022026|940507|0000000000000005|0000000000005085|0000000000000010|0000000000010090|050.00
26022026|940509|0000000000000010|0000000000010060|0000000000000010|0000000000010060|100.00
26022026|940519|0000000000000049|0000000000050005|0000000000000049|0000000000050185|100.00
26022026|940523|0000000000000050|0000000000048525|0000000000000050|0000000000048525|100.00
26022026|940543|0000000000000010|0000000000009754|0000000000000010|0000000000009753|100.00
26022026|940559|0000000000000030|0000000000029100|0000000000000030|0000000000029100|100.00
26022026|940601|0000000000000020|0000000000019800|0000000000000020|0000000000019800|100.00
26022026|940607|0000000000000014|0000000000014000|0000000000000014|0000000000014000|100.00
26022026|940631|0000000000000010|0000000000009653|0000000000000010|0000000000009653|100.00
26022026|940637|0000000000000020|0000000000020180|0000000000000020|0000000000020180|100.00
26022026|940643|0000000000000070|0000000000071400|0000000000000070|0000000000071640|100.00
26022026|940661|0000000000000055|0000000000055000|0000000000000055|0000000000055000|100.00
26022026|940665|0000000000000010|0000000000010000|0000000000000010|0000000000010000|100.00
26022026|940669|0000000000000078|0000000000074568|0000000000000078|0000000000074612|100.00
26022026|940675|0000000000000003|0000000000002955|0000000000000003|0000000000002955|100.00
26022026|940677|0000000000000011|0000000000011000|0000000000000011|0000000000011000|100.00
26022026|940701|0000000000000003|0000000000002910|0000000000000003|0000000000002897|100.00
26022026|940705|0000000000000001|0000000000000990|0000000000000001|0000000000000990|100.00
26022026|940709|0000000000000101|0000000000099597|0000000000000101|0000000000099596|100.00
26022026|940713|0000000000000168|0000000000168666|0000000000000183|0000000000183724|091.80
26022026|940715|0000000000000025|0000000000024667|0000000000000035|0000000000034393|071.43
26022026|940729|0000000000000035|0000000000034755|0000000000000035|0000000000034715|100.00
26022026|940735|0000000000000010|0000000000009820|0000000000000017|0000000000016580|058.82
26022026|940739|0000000000000010|0000000000009850|0000000000000020|0000000000019200|050.00
26022026|940743|0000000000000040|0000000000039000|0000000000000040|0000000000039000|100.00
26022026|940745|0000000000000040|0000000000039220|0000000000000040|0000000000039220|100.00
26022026|940747|0000000000000040|0000000000039040|0000000000000040|0000000000039040|100.00
26022026|940753|0000000000000670|0000000000653525|0000000000000670|0000000000653500|100.00
26022026|940757|0000000000000035|0000000000031745|0000000000000035|0000000000031595|100.00
26022026|940765|0000000000000918|0000000000918000|0000000000000918|0000000000918000|100.00
26022026|940777|0000000000000001|0000000000000888|0000000000000001|0000000000000887|100.00
26022026|940783|0000000000000010|0000000000010196|0000000000000010|0000000000010176|100.00
26022026|940789|0000000000000010|0000000000009891|0000000000000010|0000000000009891|100.00
26022026|940795|0000000000000014|0000000000014014|0000000000000014|0000000000014014|100.00
26022026|940799|0000000000000063|0000000000061665|0000000000000063|0000000000062111|100.00
26022026|940805|0000000000000005|0000000000004755|0000000000000005|0000000000004755|100.00
26022026|940813|0000000000000012|0000000000012000|0000000000000012|0000000000011615|100.00
26022026|940815|0000000000000050|0000000000048750|0000000000000050|0000000000048750|100.00
26022026|940817|0000000000000015|0000000000013665|0000000000000015|0000000000013715|100.00
26022026|940819|0000000000000011|0000000000010857|0000000000000011|0000000000010865|100.00
26022026|940833|0000000000000010|0000000000010000|0000000000000010|0000000000010000|100.00
26022026|940837|0000000000000016|0000000000015840|0000000000000016|0000000000015876|100.00
26022026|940841|0000000000000038|0000000000038418|0000000000000040|0000000000040307|095.00
26022026|940855|0000000000000006|0000000000006078|0000000000000006|0000000000006068|100.00
26022026|940859|0000000000001055|0000000001030735|0000000000001055|0000000001027336|100.00
26022026|940861|0000000000000062|0000000000060450|0000000000000062|0000000000060450|100.00
26022026|940862|0000000000000037|0000000000036186|0000000000000038|0000000000037234|097.37
26022026|940864|0000000000000050|0000000000048803|0000000000000050|0000000000048803|100.00
26022026|940866|0000000000000130|0000000000126979|0000000000000226|0000000000220343|057.52
26022026|940872|0000000000000559|0000000000542230|0000000000000568|0000000000551465|098.42
26022026|940874|0000000000000666|0000000000639360|0000000000000716|0000000000692209|093.02
26022026|940880|0000000000000122|0000000000113687|0000000000000211|0000000000196888|057.82
26022026|940894|0000000000000070|0000000000070630|0000000000000070|0000000000070504|100.00
26022026|940896|0000000000000001|0000000000000990|0000000000000001|0000000000000990|100.00
26022026|940898|0000000000000136|0000000000132055|0000000000000136|0000000000132177|100.00
26022026|940904|0000000000000042|0000000000041371|0000000000000042|0000000000041390|100.00
26022026|940906|0000000000000101|0000000000099485|0000000000000101|0000000000099485|100.00
26022026|940915|0000000000000036|0000000000032715|0000000000000036|0000000000032740|100.00
26022026|954527|0000000000000009|0000000002348325|0000000000000009|0000000002348325|100.00
26022026|958179|0000000000000010|0000000002020000|0000000000000010|0000000002010000|100.00
26022026|959666|0000000000000001|0000000001051585|0000000000000001|0000000001051585|100.00
26022026|961714|0000000000000002|0000000000032900|0000000000000002|0000000000032900|100.00
26022026|961718|0000000000000012|0000000000195924|0000000000000012|0000000000197654|100.00
26022026|961730|0000000000000100|0000000000105300|0000000000000100|0000000000105300|100.00
26022026|961732|0000000000005006|0000000005261306|0000000000005006|0000000005261306|100.00
26022026|961753|0000000000000020|0000000000020790|0000000000000020|0000000000020790|100.00
26022026|961763|0000000000000001|0000000000001084|0000000000000001|0000000000001083|100.00
26022026|961765|0000000000000500|0000000000521975|0000000000000710|0000000000738634|070.42
26022026|961779|0000000000000003|0000000000003273|0000000000000003|0000000000003273|100.00
26022026|961780|0000000000000020|0000000000024240|0000000000000020|0000000000024240|100.00
26022026|961785|0000000000000075|0000000000082800|0000000000000075|0000000000082800|100.00
26022026|961792|0000000000000165|0000000000214995|0000000000000165|0000000000213595|100.00
26022026|961803|0000000000001128|0000000001241229|0000000000001128|0000000001241392|100.00
26022026|961807|0000000000000150|0000000000183750|0000000000000150|0000000000183750|100.00
26022026|961816|0000000000000180|0000000000223200|0000000000000180|0000000000223220|100.00
26022026|961826|0000000000000674|0000000000795657|0000000000000684|0000000000806093|098.54
26022026|961839|0000000000000167|0000000000182865|0000000000000170|0000000000188232|098.24
26022026|961863|0000000000000150|0000000000168750|0000000000000150|0000000000168750|100.00
26022026|961865|0000000000000001|0000000000001251|0000000000000002|0000000000002491|050.00
26022026|961895|0000000000000962|0000000001139008|0000000000001391|0000000001639405|069.16
26022026|961897|0000000000000012|0000000000015492|0000000000000012|0000000000015492|100.00
26022026|961910|0000000000000009|0000000000010800|0000000000000009|0000000000010800|100.00
26022026|972655|0000000000000110|0000000004785000|0000000000000110|0000000004805970|100.00
26022026|973491|0000000000001804|0000000001395376|0000000000001804|0000000001394374|100.00
26022026|973878|0000000000000001|0000000001050121|0000000000000001|0000000001050120|100.00
26022026|974634|0000000000000014|0000000001878800|0000000000000014|0000000001834240|100.00
26022026|974635|0000000000000222|0000000029539986|0000000000000223|0000000029669522|099.55
26022026|974818|0000000000000002|0000000000213000|0000000000000002|0000000000213000|100.00
26022026|974999|0000000000000010|0000000001270000|0000000000000014|0000000001785600|071.43
26022026|975057|0000000000000002|0000000000196124|0000000000000002|0000000000197812|100.00
26022026|975059|0000000000000020|0000000002089960|0000000000000020|0000000002089930|100.00
26022026|975161|0000000000000022|0000000000594000|0000000000000025|0000000000712073|088.00
26022026|975236|0000000000000001|0000000000101000|0000000000000001|0000000000101000|100.00
26022026|975413|0000000000000001|0000000000100657|0000000000000001|0000000000100657|100.00
26022026|975449|0000000000000001|0000000000099060|0000000000000001|0000000000099060|100.00
26022026|975562|0000000000000002|0000000000199822|0000000000000002|0000000000199821|100.00
26022026|975663|0000000000000001|0000000000099000|0000000000000001|0000000000099000|100.00
26022026|975694|0000000000000003|0000000000358500|0000000000000003|0000000000358400|100.00
26022026|975799|0000000000000001|0000000000099981|0000000000000001|0000000000099980|100.00
26022026|975808|0000000000000001|0000000000033025|0000000000000001|0000000000033025|100.00
26022026|975834|0000000000000005|0000000000495000|0000000000000005|0000000000495000|100.00
26022026|975905|0000000000000012|0000000001326000|0000000000000012|0000000001331102|100.00
26022026|976020|0000000000000021|0000000002541000|0000000000000021|0000000002541000|100.00
26022026|976228|0000000000000174|0000000001761750|0000000000000174|0000000001761750|100.00
26022026|976231|0000000000000025|0000000000625050|0000000000000025|0000000000625050|100.00
26022026|976248|0000000000000006|0000000000672666|0000000000000006|0000000000672666|100.00
26022026|976275|0000000000000010|0000000000102000|0000000000000010|0000000000102000|100.00
26022026|976279|0000000000000001|0000000000100522|0000000000000001|0000000000100521|100.00
26022026|976288|0000000000000005|0000000000507500|0000000000000005|0000000000507500|100.00
26022026|976345|0000000000000020|0000000001000000|0000000000000020|0000000001000000|100.00
26022026|976350|0000000000000004|0000000000396384|0000000000000004|0000000000396383|100.00
26022026|976423|0000000000000021|0000000000209979|0000000000000021|0000000000209979|100.00
26022026|976437|0000000000000177|0000000001771770|0000000000000177|0000000001768163|100.00
26022026|976441|0000000000000001|0000000000100000|0000000000000001|0000000000100000|100.00
26022026|976457|0000000000000001|0000000000100000|0000000000000001|0000000000100000|100.00
26022026|976483|0000000000000002|0000000000199000|0000000000000002|0000000000199000|100.00
26022026|976526|0000000000000005|0000000000049500|0000000000000005|0000000000049500|100.00
26022026|976533|0000000000000001|0000000000099991|0000000000000001|0000000000099990|100.00
26022026|976560|0000000000000002|0000000000202800|0000000000000002|0000000000202800|100.00
26022026|976690|0000000000000001|0000000000099000|0000000000000001|0000000000099000|100.00
26022026|976712|0000000000000004|0000000000040436|0000000000000004|0000000000040437|100.00
26022026|976727|0000000000000001|0000000000099500|0000000000000001|0000000000099500|100.00
26022026|976767|0000000000000001|0000000000009976|0000000000000001|0000000000009975|100.00
26022026|976808|0000000000000068|0000000000684760|0000000000000068|0000000000685035|100.00
26022026|976832|0000000000000010|0000000000101216|0000000000000010|0000000000101215|100.00
26022026|976855|0000000000000002|0000000000198400|0000000000000002|0000000000198202|100.00
26022026|976868|0000000000000001|0000000000096300|0000000000000001|0000000000096300|100.00
26022026|976871|0000000000000001|0000000000076050|0000000000000001|0000000000076050|100.00
26022026|976924|0000000000000001|0000000000009652|0000000000000001|0000000000009651|100.00
26022026|976940|0000000000000004|0000000000392400|0000000000000004|0000000000392601|100.00
26022026|976968|0000000000000002|0000000000202000|0000000000000002|0000000000202000|100.00
26022026|976970|0000000000000054|0000000005439871|0000000000000054|0000000005439837|100.00
26022026|977017|0000000000000005|0000000000049926|0000000000000005|0000000000049925|100.00
26022026|977038|0000000000000027|0000000000269190|0000000000000027|0000000000269172|100.00
26022026|977088|0000000000000050|0000000000394800|0000000000000050|0000000000394780|100.00
26022026|977117|0000000000000013|0000000001292363|0000000000000013|0000000001293546|100.00
26022026|977144|0000000000000018|0000000001832715|0000000000000018|0000000001832714|100.00
26022026|977160|0000000000000006|0000000000596852|0000000000000006|0000000000594876|100.00
26022026|977176|0000000000000001|0000000000007800|0000000000000001|0000000000007800|100.00
26022026|977226|0000000000000008|0000000000806360|0000000000000008|0000000000810897|100.00
26022026|977241|0000000000000014|0000000000138390|0000000000000015|0000000000147229|093.33
26022026|977249|0000000000000006|0000000000058801|0000000000000006|0000000000058800|100.00
26022026|977250|0000000000000010|0000000000100000|0000000000000010|0000000000100000|100.00
26022026|977298|0000000000000027|0000000000256257|0000000000000027|0000000000256401|100.00
26022026|977309|0000000000000339|0000000003291690|0000000000000339|0000000003291690|100.00
26022026|977325|0000000000000001|0000000000097000|0000000000000001|0000000000097000|100.00
26022026|977330|0000000000000002|0000000000018620|0000000000000002|0000000000018620|100.00
26022026|977367|0000000000000088|0000000000858000|0000000000000088|0000000000858000|100.00
26022026|977379|0000000000000002|0000000000198000|0000000000000002|0000000000198000|100.00
26022026|977380|0000000000000001|0000000000099392|0000000000000001|0000000000099392|100.00
26022026|977424|0000000000000001|0000000000100800|0000000000000001|0000000000100800|100.00
26022026|977445|0000000000000031|0000000000229431|0000000000000031|0000000000229431|100.00
26022026|977468|0000000000000002|0000000000202719|0000000000000002|0000000000202718|100.00
26022026|977477|0000000000000041|0000000000411599|0000000000000041|0000000000411570|100.00
26022026|977515|0000000000000002|0000000000020000|0000000000000002|0000000000020000|100.00
26022026|977516|0000000000000002|0000000000019398|0000000000000002|0000000000019398|100.00
26022026|977532|0000000000000010|0000000001005490|0000000000000010|0000000001005195|100.00
26022026|977541|0000000000000005|0000000000049281|0000000000000005|0000000000049280|100.00
