DATE|SCRIP CODE|DELIVERY QTY|DELIVERY VAL|DAY'S VOLUME|DAY'S TURNOVER|DELV. PER.
20032026|524675|0000000000008877|0000000000125521|0000000000014191|0000000000206197|062.55
20032026|524687|0000000000016404|0000000000167813|0000000000019456|0000000000200014|084.31
20032026|524703|0000000000000271|0000000000009339|0000000000000480|0000000000016401|056.46
20032026|524709|0000000000029924|0000000004105573|0000000000053664|0000000007415299|055.76
20032026|524711|0000000000002549|0000000000019118|0000000000003226|0000000000023918|079.01
20032026|524715|0000000000009827|0000000017467002|0000000000016229|0000000028780169|060.55
20032026|524717|0000000000077655|0000000031100586|0000000000077655|0000000031100586|100.00
20032026|524731|0000000000002034|0000000002048747|0000000000002267|0000000002270492|089.72
20032026|524735|0000000000006187|0000000001044057|0000000000015973|0000000002702868|038.73
20032026|524742|0000000000001092|0000000001751896|0000000000001880|0000000003056865|058.09
20032026|524743|0000000000134881|0000000004785578|0000000000194256|0000000007023446|069.43
20032026|524748|0000000000002152|0000000000053499|0000000000002489|0000000000061446|086.46
20032026|524752|0000000000012102|0000000000072855|0000000000016301|0000000000095586|074.24
20032026|524768|0000000000003319|0000000000080785|0000000000003371|0000000000082993|098.46
20032026|524774|0000000000000040|0000000000087488|0000000000000054|0000000000118904|074.07
20032026|524790|0000000000000620|0000000000176700|0000000000000765|0000000000220416|081.05
20032026|524804|0000000000014363|0000000018548379|0000000000029896|0000000038328389|048.04
20032026|524808|0000000000000850|0000000000019848|0000000000000865|0000000000020339|098.27
20032026|524816|0000000000016409|0000000015717361|0000000000054909|0000000052813757|029.88
20032026|524818|0000000000000031|0000000000002945|0000000000000031|0000000000002945|100.00
20032026|524820|0000000000002939|0000000000775603|0000000000003397|0000000000896305|086.52
20032026|524824|0000000000001493|0000000000101644|0000000000001493|0000000000102560|100.00
20032026|524828|0000000000000652|0000000000260800|0000000000000665|0000000000265832|098.05
20032026|526001|0000000000000902|0000000000024777|0000000000000902|0000000000024777|100.00
20032026|526025|0000000000004739|0000000000058243|0000000000005016|0000000000060729|094.48
20032026|526027|0000000000002353|0000000000209888|0000000000003891|0000000000348232|060.47
20032026|526043|0000000000001493|0000000000067439|0000000000002063|0000000000093443|072.37
20032026|526071|0000000000000694|0000000000450421|0000000000000694|0000000000450421|100.00
20032026|526073|0000000000000132|0000000000063096|0000000000000204|0000000000096372|064.71
20032026|526075|0000000000000928|0000000000030484|0000000000000928|0000000000030484|100.00
20032026|526081|0000000000004704|0000000000153675|0000000000004704|0000000000153675|100.00
20032026|526095|0000000000000254|0000000000009906|0000000000000256|0000000000009745|099.22
20032026|526113|0000000000000013|0000000000000224|0000000000000013|0000000000000223|100.00
20032026|526115|0000000000002717|0000000000030186|0000000000002918|0000000000027937|093.11
20032026|526117|0000000000000155|0000000000055366|0000000000000226|0000000000081304|068.58
20032026|526125|0000000000001279|0000000000279398|0000000000001363|0000000000298703|093.84
20032026|526133|0000000000001021|0000000000006627|0000000000001021|0000000000006636|100.00
20032026|526137|0000000000010217|0000000000944051|0000000000015815|0000000001470352|064.60
20032026|526139|0000000000066767|0000000000153565|0000000000103103|0000000000245200|064.76
20032026|526143|0000000000051342|0000000000334237|0000000000051347|0000000000330465|099.99
20032026|526159|0000000000036498|0000000002580409|0000000000044763|0000000003218361|081.54
20032026|526161|0000000000000397|0000000000035730|0000000000000397|0000000000035070|100.00
20032026|526169|0000000000008442|0000000001407282|0000000000010359|0000000001729710|081.49
20032026|526173|0000000000069593|0000000001306957|0000000000106725|0000000002030785|065.21
20032026|526179|0000000000006896|0000000001352306|0000000000007127|0000000001418344|096.76
20032026|526187|0000000000000048|0000000000000215|0000000000000048|0000000000000214|100.00
20032026|526193|0000000000003184|0000000000057949|0000000000004448|0000000000080535|071.58
20032026|526211|0000000000001073|0000000000048232|0000000000001073|0000000000048121|100.00
20032026|526217|0000000000002671|0000000000379416|0000000000002860|0000000000398905|093.39
20032026|526225|0000000000000093|0000000000001085|0000000000000093|0000000000001085|100.00
20032026|526227|0000000000030515|0000000001240130|0000000000054579|0000000002196619|055.91
20032026|526231|0000000000000505|0000000000027270|0000000000000510|0000000000027913|099.02
20032026|526237|0000000000003144|0000000000153365|0000000000004156|0000000000197196|075.65
20032026|526241|0000000000012231|0000000000177350|0000000000012559|0000000000182094|097.39
20032026|526247|0000000000006211|0000000002717002|0000000000011049|0000000004868663|056.21
20032026|526251|0000000000000494|0000000000008235|0000000000000883|0000000000014965|055.95
20032026|526263|0000000000003813|0000000000470143|0000000000004294|0000000000523718|088.80
20032026|526269|0000000000000143|0000000000012991|0000000000000143|0000000000012706|100.00
20032026|526299|0000000000001969|0000000004119247|0000000000005189|0000000010817856|037.95
20032026|526315|0000000000010367|0000000000500416|0000000000010933|0000000000534641|094.82
20032026|526325|0000000000000006|0000000000000354|0000000000000007|0000000000000424|085.71
20032026|526335|0000000000005450|0000000000035970|0000000000005584|0000000000034514|097.60
20032026|526345|0000000000006269|0000000000164499|0000000000008404|0000000000226021|074.60
20032026|526355|0000000000001296|0000000000062947|0000000000001847|0000000000089432|070.17
20032026|526365|0000000000013646|0000000000423026|0000000000014078|0000000000436652|096.93
20032026|526367|0000000000003758|0000000002215529|0000000000004539|0000000002706655|082.79
20032026|526371|0000000000640992|0000000051183212|0000000001535652|0000000123504005|041.74
20032026|526373|0000000000000004|0000000000000209|0000000000000004|0000000000000208|100.00
20032026|526381|0000000000009432|0000000000088850|0000000000009793|0000000000091969|096.31
20032026|526397|0000000000002159|0000000000410966|0000000000004703|0000000000887917|045.91
20032026|526407|0000000000050523|0000000000471885|0000000000055872|0000000000523165|090.43
20032026|526409|0000000000061481|0000000000424219|0000000000074517|0000000000523044|082.51
20032026|526415|0000000000165279|0000000000677644|0000000000223120|0000000000924939|074.08
20032026|526423|0000000000003280|0000000000231700|0000000000004077|0000000000293937|080.45
20032026|526433|0000000000014468|0000000032933509|0000000000021950|0000000049842230|065.91
20032026|526435|0000000000000879|0000000000070320|0000000000000879|0000000000070320|100.00
20032026|526439|0000000000000699|0000000000007319|0000000000000699|0000000000007673|100.00
20032026|526441|0000000000018322|0000000000023687|0000000000018322|0000000000023687|100.00
20032026|526443|0000000000018904|0000000002190974|0000000000022381|0000000002587490|084.46
20032026|526445|0000000000057476|0000000000459808|0000000000069436|0000000000561577|082.78
20032026|526468|0000000000000200|0000000000003490|0000000000000271|0000000000004728|073.80
20032026|526471|0000000000002702|0000000000060147|0000000000003714|0000000000083727|072.75
20032026|526473|0000000000032946|0000000000148587|0000000000054298|0000000000241957|060.68
20032026|526479|0000000000001093|0000000000086588|0000000000001262|0000000000101021|086.61
20032026|526481|0000000000002865|0000000000086122|0000000000003575|0000000000109819|080.14
20032026|526490|0000000000112425|0000000000824076|0000000000113878|0000000000832646|098.72
20032026|526492|0000000000002600|0000000000208546|0000000000004542|0000000000364909|057.24
20032026|526494|0000000000000001|0000000000000011|0000000000000001|0000000000000010|100.00
20032026|526500|0000000000000250|0000000000004525|0000000000000259|0000000000004699|096.52
20032026|526506|0000000000001691|0000000000101816|0000000000001953|0000000000121629|086.58
20032026|526508|0000000000000993|0000000000013416|0000000000001372|0000000000018707|072.38
20032026|526519|0000000000000172|0000000000015147|0000000000000202|0000000000017410|085.15
20032026|526521|0000000000033743|0000000001704022|0000000000040066|0000000002034390|084.22
20032026|526525|0000000000000022|0000000000000441|0000000000000022|0000000000000441|100.00
20032026|526530|0000000000011762|0000000001011532|0000000000014245|0000000001200681|082.57
20032026|526532|0000000000000657|0000000000005526|0000000000000810|0000000000006682|081.11
20032026|526544|0000000003100983|0000000006512065|0000000003172589|0000000006177376|097.74
20032026|526546|0000000000001373|0000000000153571|0000000000001984|0000000000225194|069.20
20032026|526550|0000000000008202|0000000000101623|0000000000008529|0000000000103566|096.17
20032026|526554|0000000000000021|0000000000000630|0000000000000021|0000000000000629|100.00
20032026|526570|0000000000004529|0000000019359710|0000000000004529|0000000019359710|100.00
20032026|526574|0000000000000282|0000000000006202|0000000000000286|0000000000005699|098.60
20032026|526582|0000000000001418|0000000000086257|0000000000002681|0000000000165718|052.89
20032026|526586|0000000000008040|0000000002856210|0000000000009650|0000000003465373|083.32
20032026|526588|0000000000000001|0000000000000014|0000000000000001|0000000000000013|100.00
20032026|526596|0000000000000578|0000000000143027|0000000000000808|0000000000201251|071.53
20032026|526604|0000000000073451|0000000002616092|0000000000073451|0000000002616092|100.00
20032026|526608|0000000000003780|0000000002479869|0000000000005643|0000000003664229|066.99
20032026|526612|0000000000000206|0000000001049735|0000000000000458|0000000002342198|044.98
20032026|526614|0000000000006274|0000000000326248|0000000000007826|0000000000399861|080.17
20032026|526616|0000000000002568|0000000000111760|0000000000003021|0000000000132476|085.00
20032026|526622|0000000000191224|0000000000072666|0000000000207889|0000000000080898|091.98
20032026|526628|0000000000001700|0000000000084881|0000000000001700|0000000000084881|100.00
20032026|526638|0000000000013556|0000000001017243|0000000000016080|0000000001207911|084.30
20032026|526640|0000000000000541|0000000000015798|0000000000000774|0000000000022651|069.90
20032026|526642|0000000000015057|0000000000442977|0000000000019266|0000000000582628|078.15
20032026|526650|0000000001511907|0000000098289075|0000000001555687|0000000101179502|097.19
20032026|526654|0000000000001287|0000000000130953|0000000000001312|0000000000133476|098.09
20032026|526662|0000000000000765|0000000000029828|0000000000062550|0000000002438937|001.22
20032026|526666|0000000000000207|0000000000148978|0000000000000219|0000000000155280|094.52
20032026|526668|0000000000002724|0000000000497403|0000000000002926|0000000000530027|093.10
20032026|526675|0000000000005093|0000000000118557|0000000000005093|0000000000118557|100.00
20032026|526677|0000000000000365|0000000000000705|0000000000000421|0000000000000801|086.70
20032026|526703|0000000000001887|0000000000912648|0000000000001901|0000000000941775|099.26
20032026|526705|0000000000000460|0000000000085560|0000000000000462|0000000000087800|099.57
20032026|526709|0000000000040547|0000000000312618|0000000000050171|0000000000386053|080.82
20032026|526711|0000000000000384|0000000000012024|0000000000000385|0000000000012055|099.74
20032026|526717|0000000000001156|0000000000205075|0000000000001446|0000000000251661|079.94
20032026|526721|0000000000001348|0000000000085086|0000000000001774|0000000000113955|075.99
20032026|526723|0000000000002018|0000000000318945|0000000000003063|0000000000475033|065.88
20032026|526725|0000000000000092|0000000000085597|0000000000000096|0000000000089525|095.83
20032026|526727|0000000000005336|0000000000466264|0000000000005336|0000000000466264|100.00
20032026|526729|0000000000017332|0000000005136339|0000000000024702|0000000007360459|070.16
20032026|526731|0000000000003223|0000000000654108|0000000000003454|0000000000693617|093.31
20032026|526739|0000000000001966|0000000000686921|0000000000002557|0000000000891634|076.89
20032026|526747|0000000000005664|0000000001258541|0000000000008885|0000000001965047|063.75
20032026|526755|0000000000002709|0000000000015442|0000000000002709|0000000000014360|100.00
20032026|526761|0000000000000096|0000000000002299|0000000000000199|0000000000004829|048.24
20032026|526775|0000000000004633|0000000004728487|0000000000004633|0000000004728487|100.00
20032026|526783|0000000000000814|0000000003880379|0000000000000916|0000000004339586|088.86
20032026|526797|0000000000012358|0000000002373354|0000000000016907|0000000003360842|073.09
20032026|526807|0000000000000426|0000000000587071|0000000000000747|0000000001034524|057.03
20032026|526813|0000000000005485|0000000000057538|0000000000005655|0000000000060081|096.99
20032026|526817|0000000000000114|0000000000111840|0000000000000119|0000000000117322|095.80
20032026|526821|0000000000002246|0000000000536458|0000000000002645|0000000000634650|084.91
20032026|526827|0000000000003439|0000000000801868|0000000000003439|0000000000801868|100.00
20032026|526829|0000000000055455|0000000002008581|0000000000114480|0000000004231425|048.44
20032026|526839|0000000000000510|0000000000006228|0000000000000599|0000000000008113|085.14
20032026|526841|0000000000000128|0000000000003380|0000000000000345|0000000000009282|037.10
20032026|526847|0000000000000301|0000000000007270|0000000000000595|0000000000014385|050.59
20032026|526849|0000000000000072|0000000000008064|0000000000000072|0000000000007964|100.00
20032026|526851|0000000000000996|0000000000105875|0000000000000996|0000000000106934|100.00
20032026|526853|0000000000001888|0000000000108221|0000000000002634|0000000000149252|071.68
20032026|526859|0000000000016249|0000000000013975|0000000000017249|0000000000014996|094.20
20032026|526861|0000000000002676|0000000000288741|0000000000003409|0000000000369046|078.50
20032026|526865|0000000000000278|0000000000001265|0000000000000278|0000000000001361|100.00
20032026|526869|0000000000001211|0000000000023736|0000000000001411|0000000000027553|085.83
20032026|526871|0000000000001000|0000000000010040|0000000000001500|0000000000015192|066.67
20032026|526873|0000000000010127|0000000000355458|0000000000016317|0000000000569845|062.06
20032026|526877|0000000000000022|0000000000000472|0000000000000028|0000000000000620|078.57
20032026|526881|0000000000006309|0000000003357335|0000000000015569|0000000008542480|040.52
20032026|526883|0000000000001071|0000000000016620|0000000000001071|0000000000016620|100.00
20032026|526885|0000000000003451|0000000000286468|0000000000003932|0000000000326809|087.77
20032026|526887|0000000000000101|0000000000000581|0000000000000101|0000000000000581|100.00
20032026|526891|0000000000000011|0000000000000115|0000000000000011|0000000000000116|100.00
20032026|526899|0000000000281419|0000000002282309|0000000000285526|0000000002307287|098.56
20032026|526901|0000000000009425|0000000000321487|0000000000009486|0000000000323596|099.36
20032026|526905|0000000000000722|0000000000006435|0000000000000722|0000000000006435|100.00
20032026|526921|0000000000000411|0000000000013292|0000000000000411|0000000000013316|100.00
20032026|526931|0000000000001538|0000000000148571|0000000000002519|0000000000244973|061.06
20032026|526935|0000000000203105|0000000017268367|0000000000203105|0000000017268367|100.00
20032026|526941|0000000000001100|0000000000003730|0000000000001100|0000000000003730|100.00
20032026|526945|0000000000000049|0000000000003924|0000000000000050|0000000000004013|098.00
20032026|526947|0000000000002386|0000000000439144|0000000000003335|0000000000618955|071.54
20032026|526951|0000000000000341|0000000000750695|0000000000000368|0000000000812752|092.66
20032026|526953|0000000000002510|0000000002176296|0000000000003630|0000000003193942|069.15
20032026|526961|0000000001350528|0000000004861901|0000000001521869|0000000005506461|088.74
20032026|526965|0000000000000153|0000000000015431|0000000000002335|0000000000235438|006.55
20032026|526967|0000000000000100|0000000000000696|0000000000000100|0000000000000700|100.00
20032026|526971|0000000000001286|0000000000244983|0000000000001588|0000000000303388|080.98
20032026|526981|0000000000003439|0000000000522213|0000000000005104|0000000000778621|067.38
20032026|526987|0000000000147588|0000000001337148|0000000000219944|0000000002001746|067.10
20032026|527001|0000000000010669|0000000005357972|0000000000025380|0000000012819280|042.04
20032026|527005|0000000000000524|0000000000061125|0000000000000549|0000000000065076|095.45
20032026|530001|0000000001049879|0000000564992384|0000000002998086|0000001498782720|035.02
20032026|530005|0000000000007054|0000000002536266|0000000000010162|0000000003669391|069.42
20032026|530007|0000000000015267|0000000006370156|0000000000036186|0000000015176546|042.19
20032026|530017|0000000000002856|0000000000039984|0000000000003075|0000000000043120|092.88
20032026|530019|0000000000001317|0000000001095481|0000000000003295|0000000002777457|039.97
20032026|530023|0000000000002067|0000000000212571|0000000000002266|0000000000224031|091.22
20032026|530025|0000000000023214|0000000000303872|0000000000023702|0000000000305257|097.94
20032026|530027|0000000000000962|0000000000007738|0000000000000962|0000000000007738|100.00
20032026|530037|0000000000000661|0000000000050217|0000000000000661|0000000000050217|100.00
20032026|530043|0000000000001096|0000000000278658|0000000000002992|0000000000778914|036.63
20032026|530045|0000000000060326|0000000002700192|0000000000093921|0000000004106684|064.23
20032026|530053|0000000000010330|0000000000047002|0000000000016984|0000000000077234|060.82
20032026|530057|0000000000030379|0000000000058024|0000000000035379|0000000000068296|085.87
20032026|530063|0000000000002038|0000000000009719|0000000000002038|0000000000009719|100.00
20032026|530065|0000000000000538|0000000000009572|0000000000000576|0000000000010805|093.40
20032026|530067|0000000000000176|0000000000044141|0000000000000293|0000000000072757|060.07
20032026|530073|0000000000018175|0000000004381084|0000000000024541|0000000006060372|074.06
20032026|530075|0000000000002603|0000000001340415|0000000000006016|0000000003185811|043.27
20032026|530077|0000000000002235|0000000000396266|0000000000002786|0000000000494434|080.22
20032026|530079|0000000000002349|0000000000974816|0000000000002349|0000000000974816|100.00
20032026|530109|0000000000063039|0000000000129230|0000000000089102|0000000000184528|070.75
20032026|530111|0000000000000262|0000000000007363|0000000000000262|0000000000007384|100.00
20032026|530117|0000000000000599|0000000001758605|0000000000001333|0000000003898884|044.94
20032026|530119|0000000000004424|0000000000157716|0000000000005903|0000000000212955|074.94
20032026|530125|0000000000001097|0000000000232345|0000000000001153|0000000000244165|095.14
20032026|530127|0000000000001903|0000000000036405|0000000000001903|0000000000035990|100.00
20032026|530129|0000000000001489|0000000002235138|0000000000001911|0000000002920242|077.92
20032026|530133|0000000000001597|0000000000111200|0000000000002009|0000000000129177|079.49
20032026|530135|0000000000002532|0000000000846195|0000000000005624|0000000001898548|045.02
20032026|530139|0000000000004557|0000000000144457|0000000000006149|0000000000188373|074.11
20032026|530141|0000000000000444|0000000000016206|0000000000000449|0000000000013701|098.89
20032026|530145|0000000000126296|0000000002889653|0000000000143113|0000000003215399|088.25
20032026|530163|0000000000120947|0000000022338911|0000000000123241|0000000022785641|098.14
20032026|530167|0000000000031728|0000000000452442|0000000000031744|0000000000453721|099.95
20032026|530169|0000000000000603|0000000000016613|0000000000000604|0000000000016688|099.83
20032026|530171|0000000000001995|0000000000053367|0000000000002598|0000000000070167|076.79
20032026|530175|0000000000029871|0000000001328364|0000000000031799|0000000001452182|093.94
20032026|530179|0000000000001793|0000000000046601|0000000000001793|0000000000048708|100.00
20032026|530185|0000000000137691|0000000000538372|0000000000202495|0000000000789113|068.00
20032026|530187|0000000000018522|0000000000072236|0000000000019022|0000000000072581|097.37
20032026|530197|0000000000000895|0000000000306622|0000000000000895|0000000000306622|100.00
20032026|530199|0000000000004796|0000000000362290|0000000000005728|0000000000432761|083.73
20032026|530201|0000000000058683|0000000000168421|0000000000073123|0000000000207491|080.25
20032026|530207|0000000000003050|0000000000061305|0000000000003300|0000000000060810|092.42
20032026|530213|0000000000002535|0000000000157170|0000000000003262|0000000000205830|077.71
20032026|530215|0000000000018334|0000000001967239|0000000000025305|0000000002758847|072.45
20032026|530217|0000000000006722|0000000000066884|0000000000008326|0000000000083523|080.74
20032026|530231|0000000000000001|0000000000000041|0000000000000001|0000000000000040|100.00
20032026|530233|0000000000000456|0000000000124883|0000000000000456|0000000000124883|100.00
20032026|530235|0000000000012346|0000000000545447|0000000000012346|0000000000543176|100.00
20032026|530239|0000000000018921|0000000002534468|0000000000023766|0000000003184362|079.61
20032026|530245|0000000000000546|0000000000327027|0000000000000576|0000000000345050|094.79
20032026|530249|0000000000028263|0000000000390313|0000000000033860|0000000000462469|083.47
20032026|530251|0000000000379883|0000000000189942|0000000000457873|0000000000234639|082.97
20032026|530253|0000000000095267|0000000001352792|0000000000097860|0000000001368679|097.35
20032026|530255|0000000000004238|0000000000034710|0000000000006552|0000000000054469|064.68
20032026|530259|0000000000001454|0000000000048172|0000000000001589|0000000000052901|091.50
20032026|530263|0000000000130965|0000000000068102|0000000000242226|0000000000123632|054.07
20032026|530265|0000000000013503|0000000000450191|0000000000013528|0000000000446275|099.82
20032026|530267|0000000000002049|0000000000128698|0000000000002050|0000000000128763|099.95
20032026|530271|0000000000000510|0000000000002969|0000000000000511|0000000000002849|099.80
20032026|530281|0000000000000016|0000000000000322|0000000000000016|0000000000000321|100.00
20032026|530289|0000000000000141|0000000000007713|0000000000000141|0000000000007705|100.00
20032026|530299|0000000000002033|0000000000131332|0000000000002033|0000000000131308|100.00
20032026|530305|0000000000007455|0000000004026446|0000000000019048|0000000010259024|039.14
20032026|530307|0000000000003362|0000000000781665|0000000000003965|0000000000930191|084.79
20032026|530309|0000000000007414|0000000000098458|0000000000008612|0000000000116149|086.09
20032026|530313|0000000000001226|0000000000035922|0000000000001236|0000000000036945|099.19
20032026|530315|0000000000004485|0000000000443118|0000000000006228|0000000000624607|072.01
20032026|530317|0000000000002085|0000000000172951|0000000000002756|0000000000230926|075.65
20032026|530331|0000000000000247|0000000000102654|0000000000000276|0000000000114999|089.49
20032026|530343|0000000000020536|0000000004906051|0000000000035012|0000000008549431|058.65
20032026|530355|0000000000002302|0000000000650315|0000000000004050|0000000001149144|056.84
20032026|530357|0000000000045904|0000000000053055|0000000000045904|0000000000053055|100.00
20032026|530361|0000000000001070|0000000000035225|0000000000001070|0000000000035224|100.00
20032026|530363|0000000000019273|0000000000741626|0000000000026114|0000000001005851|073.80
20032026|530365|0000000000000082|0000000000022940|0000000000000190|0000000000053165|043.16
20032026|530367|0000000000007725|0000000001871382|0000000000009017|0000000002226728|085.67
20032026|530369|0000000000000120|0000000000005184|0000000000000120|0000000000005348|100.00
20032026|530377|0000000000019760|0000000000140692|0000000000019868|0000000000141689|099.46
20032026|530393|0000000000000003|0000000000000076|0000000000000003|0000000000000076|100.00
20032026|530401|0000000000001427|0000000000059992|0000000000001427|0000000000060179|100.00
20032026|530405|0000000000001561|0000000000046362|0000000000002094|0000000000060434|074.55
20032026|530407|0000000000002664|0000000000079920|0000000000003088|0000000000092105|086.27
20032026|530419|0000000000012759|0000000000413647|0000000000013753|0000000000448839|092.77
20032026|530421|0000000000015079|0000000000140838|0000000000015999|0000000000149085|094.25
20032026|530427|0000000000000558|0000000000078148|0000000000000572|0000000000080646|097.55
20032026|530429|0000000000000491|0000000000014505|0000000000000591|0000000000017472|083.08
20032026|530433|0000000000000971|0000000000038413|0000000000001534|0000000000060620|063.30
20032026|530439|0000000000003927|0000000000015512|0000000000004005|0000000000016098|098.05
20032026|530443|0000000000001200|0000000000016476|0000000000001200|0000000000016476|100.00
20032026|530445|0000000000005648|0000000000009320|0000000000005849|0000000000009480|096.56
20032026|530449|0000000000000328|0000000000015141|0000000000000346|0000000000016061|094.80
20032026|530457|0000000000005620|0000000000306290|0000000000007568|0000000000409695|074.26
20032026|530459|0000000000003097|0000000000082536|0000000000003467|0000000000087756|089.33
20032026|530461|0000000000074556|0000000000940897|0000000000078532|0000000000997411|094.94
20032026|530469|0000000000000482|0000000000019655|0000000000000482|0000000000019655|100.00
20032026|530475|0000000000001160|0000000000727668|0000000000001944|0000000001225008|059.67
20032026|530477|0000000000001583|0000000000226686|0000000000001729|0000000000249460|091.56
20032026|530495|0000000000000748|0000000000049670|0000000000000748|0000000000049670|100.00
20032026|530499|0000000000000293|0000000000449550|0000000000000305|0000000000466967|096.07
20032026|530517|0000000000003042|0000000000834117|0000000000005333|0000000001465335|057.04
20032026|530521|0000000000000113|0000000000036788|0000000000000117|0000000000037431|096.58
20032026|530525|0000000000260144|0000000000783034|0000000000350875|0000000001051008|074.14
20032026|530533|0000000000000036|0000000000003703|0000000000000038|0000000000003938|094.74
20032026|530545|0000000000001957|0000000000363905|0000000000002575|0000000000461862|076.00
20032026|530549|0000000000002844|0000000000920603|0000000000005832|0000000001878593|048.77
20032026|530555|0000000000036978|0000000001281658|0000000000057790|0000000002021200|063.99
20032026|530557|0000000000591865|0000000000248584|0000000000890121|0000000000376803|066.49
20032026|530571|0000000000000069|0000000000000751|0000000000000070|0000000000000764|098.57
20032026|530577|0000000000000010|0000000000000491|0000000000000010|0000000000000490|100.00
20032026|530579|0000000000008621|0000000000111211|0000000000008809|0000000000113825|097.87
20032026|530581|0000000000000110|0000000000000578|0000000000000110|0000000000000576|100.00
20032026|530585|0000000000009358|0000000000526201|0000000000010239|0000000000562156|091.40
20032026|530589|0000000000001131|0000000000116493|0000000000001157|0000000000120866|097.75
20032026|530595|0000000000054428|0000000002103828|0000000000054428|0000000002103828|100.00
20032026|530601|0000000000000070|0000000000003916|0000000000000088|0000000000005213|079.55
20032026|530615|0000000000019743|0000000002722560|0000000000022109|0000000003055143|089.30
20032026|530617|0000000000264103|0000000005768010|0000000000313777|0000000006631135|084.17
20032026|530621|0000000000001048|0000000000098512|0000000000001049|0000000000098534|099.90
20032026|530627|0000000000000543|0000000000095080|0000000000000622|0000000000111018|087.30
20032026|530643|0000000000013146|0000000003912907|0000000000026003|0000000007758702|050.56
20032026|530655|0000000000007750|0000000007964675|0000000000011231|0000000011512052|069.01
20032026|530663|0000000000011107|0000000000009553|0000000000011107|0000000000009514|100.00
20032026|530665|0000000000025821|0000000000081853|0000000000039740|0000000000129885|064.97
20032026|530675|0000000000000051|0000000000003047|0000000000000062|0000000000003468|082.26
20032026|530677|0000000000001852|0000000000092193|0000000000001857|0000000000094456|099.73
20032026|530689|0000000000029942|0000000001319544|0000000000034925|0000000001544979|085.73
20032026|530695|0000000000016588|0000000000313182|0000000000022611|0000000000429897|073.36
20032026|530697|0000000000000931|0000000000016963|0000000000001039|0000000000019334|089.61
20032026|530699|0000000000000735|0000000000015623|0000000000000735|0000000000015623|100.00
20032026|530705|0000000000003147|0000000000113096|0000000000003147|0000000000113096|100.00
20032026|530709|0000000000000038|0000000000003178|0000000000000043|0000000000003671|088.37
20032026|530711|0000000000019523|0000000000996064|0000000000023619|0000000001225340|082.66
20032026|530723|0000000000005549|0000000000602067|0000000000005851|0000000000636605|094.84
20032026|530733|0000000000000026|0000000000000337|0000000000000026|0000000000000336|100.00
20032026|530735|0000000000000100|0000000000003616|0000000000000103|0000000000003548|097.09
20032026|530741|0000000000001583|0000000000186874|0000000000001882|0000000000224272|084.11
20032026|530745|0000000000167257|0000000006024598|0000000000233737|0000000008263125|071.56
20032026|530747|0000000000000112|0000000000002397|0000000000000115|0000000000002330|097.39
20032026|530755|0000000000001131|0000000000010462|0000000000001131|0000000000010461|100.00
20032026|530759|0000000000002960|0000000000527176|0000000000006939|0000000001244546|042.66
20032026|530779|0000000000008371|0000000000186004|0000000000008407|0000000000186950|099.57
20032026|530787|0000000000000100|0000000000004704|0000000000000100|0000000000004704|100.00
20032026|530789|0000000000000001|0000000000000169|0000000000000001|0000000000000169|100.00
20032026|530795|0000000000001500|0000000000016320|0000000000001500|0000000000016320|100.00
20032026|530797|0000000000000010|0000000000000139|0000000000000010|0000000000000138|100.00
20032026|530799|0000000000000113|0000000000003360|0000000000000118|0000000000003279|095.76
20032026|530803|0000000000001840|0000000000260360|0000000000002316|0000000000332146|079.45
20032026|530805|0000000000016027|0000000000101932|0000000000022166|0000000000142584|072.30
20032026|530809|0000000000000227|0000000000007714|0000000000000272|0000000000009049|083.46
20032026|530813|0000000000008311|0000000002388582|0000000000030148|0000000008611680|027.57
20032026|530821|0000000000021266|0000000000274608|0000000000021266|0000000000274608|100.00
20032026|530825|0000000000020568|0000000000900468|0000000000021115|0000000000916577|097.41
20032026|530829|0000000000000399|0000000000014364|0000000000000576|0000000000021111|069.27
20032026|530839|0000000000038207|0000000000251785|0000000000040377|0000000000290143|094.63
20032026|530843|0000000000219879|0000000017491375|0000000000480626|0000000038686742|045.75
20032026|530845|0000000000000346|0000000000274742|0000000000000398|0000000000314687|086.93
20032026|530853|0000000000002438|0000000000121072|0000000000002508|0000000000129731|097.21
20032026|530855|0000000000000532|0000000000042320|0000000000000532|0000000000042320|100.00
20032026|530871|0000000000000257|0000000000032781|0000000000000474|0000000000059315|054.22
20032026|530879|0000000000001112|0000000000028968|0000000000001576|0000000000040145|070.56
20032026|530881|0000000000044624|0000000000312815|0000000000070199|0000000000489533|063.57
20032026|530883|0000000000055375|0000000000429157|0000000000081745|0000000000639010|067.74
20032026|530897|0000000000000645|0000000000080238|0000000000000722|0000000000090051|089.34
20032026|530899|0000000000002754|0000000000109389|0000000000002754|0000000000105641|100.00
20032026|530909|0000000000000310|0000000000014369|0000000000000310|0000000000015032|100.00
20032026|530919|0000000000010546|0000000000913284|0000000000011429|0000000000999274|092.27
20032026|530925|0000000000002276|0000000000218921|0000000000002276|0000000000218921|100.00
20032026|530927|0000000000000100|0000000000007790|0000000000000100|0000000000007790|100.00
20032026|530931|0000000000000048|0000000000000520|0000000000000048|0000000000000545|100.00
20032026|530943|0000000000009667|0000000000629322|0000000000009667|0000000000629321|100.00
20032026|530951|0000000000016067|0000000000966109|0000000000022462|0000000001392133|071.53
20032026|530953|0000000000000693|0000000000060638|0000000000000701|0000000000057954|098.86
20032026|530959|0000000000006401|0000000000154905|0000000000007739|0000000000192604|082.71
20032026|530961|0000000000281396|0000000000354559|0000000000461990|0000000000585044|060.91
20032026|530965|0000000000553028|0000000080023152|0000000001911086|0000000279663231|028.94
20032026|530977|0000000000018133|0000000002615686|0000000000022209|0000000003162161|081.65
20032026|530979|0000000000001393|0000000000047753|0000000000001629|0000000000052863|085.51
20032026|530991|0000000000010990|0000000000563458|0000000000013705|0000000000682092|080.19
20032026|530993|0000000000000015|0000000000000678|0000000000000016|0000000000000723|093.75
20032026|530997|0000000000002905|0000000000234085|0000000000002914|0000000000235679|099.69
20032026|530999|0000000000009643|0000000010296796|0000000000016667|0000000017612727|057.86
20032026|531003|0000000000000024|0000000000002160|0000000000000024|0000000000002163|100.00
20032026|531015|0000000000000034|0000000000000845|0000000000000035|0000000000000916|097.14
20032026|531017|0000000000001247|0000000000019915|0000000000001310|0000000000021056|095.19
20032026|531025|0000000001144984|0000000000343496|0000000001477796|0000000000443639|077.48
20032026|531033|0000000000006978|0000000000219947|0000000000007077|0000000000221402|098.60
20032026|531035|0000000000264430|0000000005522673|0000000000264430|0000000005522673|100.00
20032026|531041|0000000000000232|0000000000080156|0000000000000238|0000000000082555|097.48
20032026|531043|0000000000000077|0000000000001848|0000000000000077|0000000000001848|100.00
20032026|531067|0000000000010568|0000000000272021|0000000000012026|0000000000310528|087.88
20032026|531069|0000000000000643|0000000000310859|0000000000000711|0000000000336609|090.44
20032026|531080|0000000000000004|0000000000000144|0000000000000004|0000000000000144|100.00
20032026|531082|0000000000031722|0000000000239184|0000000000035350|0000000000268545|089.74
20032026|531083|0000000000001050|0000000000006929|0000000000001050|0000000000006929|100.00
20032026|531091|0000000000000011|0000000000000252|0000000000000011|0000000000000251|100.00
20032026|531092|0000000000007791|0000000000654289|0000000000012375|0000000001056393|062.96
20032026|531099|0000000000040961|0000000002243025|0000000000048040|0000000002629898|085.26
20032026|531109|0000000000000018|0000000000000919|0000000000000021|0000000000001096|085.71
20032026|531111|0000000000000500|0000000000017553|0000000000000500|0000000000017553|100.00
20032026|531112|0000000000010667|0000000004676413|0000000000022610|0000000010021163|047.18
20032026|531119|0000000000001011|0000000000253812|0000000000001028|0000000000259022|098.35
20032026|531120|0000000000196940|0000000004905776|0000000000400911|0000000010012781|049.12
20032026|531126|0000000000009491|0000000000213928|0000000000011745|0000000000269629|080.81
20032026|531129|0000000000027219|0000000000258581|0000000000027721|0000000000258998|098.19
20032026|531137|0000000000084014|0000000000105018|0000000000112560|0000000000143680|074.64
20032026|531144|0000000000007153|0000000000099070|0000000000012115|0000000000171509|059.04
20032026|531146|0000000000003509|0000000000881110|0000000000004246|0000000001104806|082.64
20032026|531147|0000000000000294|0000000000190718|0000000000000352|0000000000230281|083.52
20032026|531153|0000000000035778|0000000000082290|0000000000059719|0000000000138049|059.91
20032026|531155|0000000000005625|0000000000032963|0000000000005625|0000000000032546|100.00
20032026|531156|0000000000019375|0000000000217193|0000000000019375|0000000000217193|100.00
20032026|531157|0000000000000020|0000000000000417|0000000000000020|0000000000000416|100.00
20032026|531158|0000000000004620|0000000000078633|0000000000006430|0000000000109647|071.85
20032026|531161|0000000000000853|0000000000187831|0000000000000864|0000000000189037|098.73
20032026|531162|0000000000013903|0000000005607776|0000000000021853|0000000008901693|063.62
20032026|531163|0000000000000009|0000000000000674|0000000000000009|0000000000000675|100.00
20032026|531168|0000000000000005|0000000000000923|0000000000000005|0000000000000922|100.00
20032026|531169|0000000000000436|0000000000039219|0000000000000677|0000000000059293|064.40
20032026|531173|0000000000046676|0000000002073815|0000000000048670|0000000002167577|095.90
20032026|531176|0000000000010831|0000000000120766|0000000000010982|0000000000122907|098.62
20032026|531178|0000000000001352|0000000000014102|0000000000001925|0000000000020310|070.23
20032026|531179|0000000000001902|0000000002869358|0000000000002667|0000000003959114|071.32
20032026|531190|0000000000000042|0000000000003957|0000000000000042|0000000000003957|100.00
20032026|531199|0000000000000801|0000000000155795|0000000000000801|0000000000155796|100.00
20032026|531201|0000000000001347|0000000005350150|0000000000003266|0000000013063602|041.24
20032026|531203|0000000000000010|0000000000000812|0000000000000011|0000000000000892|090.91
20032026|531205|0000000001594917|0000000000807973|0000000001594917|0000000000807973|100.00
20032026|531209|0000000000000692|0000000000560763|0000000000001884|0000000001553216|036.73
20032026|531210|0000000000001858|0000000000086659|0000000000001858|0000000000086659|100.00
20032026|531212|0000000000000789|0000000000033178|0000000000000841|0000000000035681|093.82
20032026|531213|0000000000057733|0000000014964394|0000000000139569|0000000036630211|041.37
20032026|531215|0000000000015936|0000000001474877|0000000000021398|0000000002020197|074.47
20032026|531216|0000000000458374|0000000003309461|0000000000705889|0000000005045691|064.94
20032026|531223|0000000000011409|0000000000296406|0000000000016894|0000000000436993|067.53
20032026|531225|0000000000000639|0000000000019356|0000000000000800|0000000000024223|079.88
20032026|531227|0000000000000125|0000000000007113|0000000000000250|0000000000013887|050.00
20032026|531228|0000000000000110|0000000000001105|0000000000000110|0000000000001085|100.00
20032026|531233|0000000000027781|0000000000315593|0000000000040452|0000000000472253|068.68
20032026|531234|0000000000000055|0000000000003959|0000000000000059|0000000000004236|093.22
20032026|531235|0000000000000009|0000000000000366|0000000000000009|0000000000000366|100.00
20032026|531237|0000000000001718|0000000000394348|0000000000001718|0000000000394348|100.00
20032026|531241|0000000000006503|0000000000668834|0000000000006973|0000000000719010|093.26
20032026|531253|0000000000000980|0000000000315609|0000000000001762|0000000000572110|055.62
20032026|531254|0000000000041898|0000000000540485|0000000000057675|0000000000739671|072.64
20032026|531255|0000000000000114|0000000000005894|0000000000000114|0000000000005893|100.00
20032026|531257|0000000000006213|0000000000101086|0000000000006218|0000000000101201|099.92
20032026|531259|0000000000000505|0000000000012605|0000000000000505|0000000000012604|100.00
20032026|531260|0000000000004941|0000000001178449|0000000000004941|0000000001178449|100.00
20032026|531262|0000000000000002|0000000000000046|0000000000000002|0000000000000045|100.00
20032026|531266|0000000000000219|0000000001147440|0000000000000445|0000000002341864|049.21
20032026|531268|0000000000009289|0000000000405061|0000000000009289|0000000000405061|100.00
20032026|531273|0000000000235794|0000000000332470|0000000000270381|0000000000384145|087.21
20032026|531274|0000000000000001|0000000000000042|0000000000000001|0000000000000042|100.00
20032026|531278|0000000000002770|0000000000251516|0000000000003555|0000000000323472|077.92
20032026|531279|0000000000001895|0000000000244645|0000000000003101|0000000000398856|061.11
20032026|531280|0000000000004988|0000000000296016|0000000000004988|0000000000296016|100.00
20032026|531281|0000000000006527|0000000000619086|0000000000006528|0000000000617851|099.98
20032026|531283|0000000000000495|0000000000004619|0000000000000495|0000000000004618|100.00
20032026|531286|0000000000001000|0000000000025000|0000000000001000|0000000000025000|100.00
20032026|531287|0000000000000762|0000000000180899|0000000000001201|0000000000285698|063.45
20032026|531289|0000000000000403|0000000000063836|0000000000000488|0000000000077804|082.58
20032026|531297|0000000000004701|0000000000286856|0000000000006063|0000000000373478|077.54
20032026|531301|0000000000000227|0000000000025935|0000000000000293|0000000000034609|077.47
20032026|531306|0000000000000557|0000000000264770|0000000000000983|0000000000468322|056.66
20032026|531307|0000000000012016|0000000000186969|0000000000015721|0000000000248875|076.43
20032026|531310|0000000000006108|0000000000805646|0000000000006678|0000000000885277|091.46
20032026|531314|0000000000000001|0000000000000015|0000000000000001|0000000000000014|100.00
20032026|531319|0000000000001133|0000000000044754|0000000000001341|0000000000048641|084.49
20032026|531322|0000000000004028|0000000000005197|0000000000006249|0000000000008306|064.46
20032026|531323|0000000000000050|0000000000000633|0000000000000050|0000000000000632|100.00
20032026|531324|0000000000000149|0000000000003278|0000000000000161|0000000000003253|092.55
20032026|531328|0000000000983684|0000000000629558|0000000001883454|0000000001196329|052.23
20032026|531335|0000000000013089|0000000005559553|0000000000032252|0000000013622749|040.58
20032026|531338|0000000000010010|0000000000170671|0000000000010010|0000000000184670|100.00
20032026|531340|0000000000000077|0000000000005194|0000000000000077|0000000000005196|100.00
20032026|531341|0000000000000300|0000000000005954|0000000000000300|0000000000005954|100.00
20032026|531344|0000000000052914|0000000023676370|0000000000089397|0000000040089046|059.19
20032026|531346|0000000000000074|0000000000002272|0000000000000076|0000000000002220|097.37
20032026|531349|0000000000015350|0000000005035568|0000000000019262|0000000006614210|079.69
20032026|531357|0000000000179788|0000000005413417|0000000000247811|0000000007515681|072.55
20032026|531358|0000000000020803|0000000012807367|0000000000032149|0000000019825145|064.71
20032026|531359|0000000000019186|0000000005799928|0000000000024885|0000000007586235|077.10
20032026|531364|0000000000028359|0000000004541694|0000000000030219|0000000004868135|093.84
20032026|531370|0000000000014208|0000000000047029|0000000000017181|0000000000056707|082.70
20032026|531373|0000000000015513|0000000000510223|0000000000016880|0000000000552599|091.90
20032026|531381|0000000000001739|0000000001721610|0000000000001902|0000000001876213|091.43
20032026|531387|0000000000000058|0000000000000494|0000000000000058|0000000000000493|100.00
20032026|531390|0000000000002772|0000000000179626|0000000000002776|0000000000176957|099.86
20032026|531395|0000000004707299|0000000010450204|0000000005386632|0000000011825745|087.39
20032026|531396|0000000000000743|0000000000005989|0000000000000743|0000000000005988|100.00
20032026|531397|0000000000000044|0000000000001194|0000000000000044|0000000000001194|100.00
20032026|531398|0000000000004402|0000000000493685|0000000000005135|0000000000578720|085.73
20032026|531399|0000000000009679|0000000001460078|0000000000010916|0000000001650946|088.67
20032026|531400|0000000000009655|0000000000137198|0000000000010994|0000000000155823|087.82
20032026|531402|0000000000000358|0000000000005768|0000000000000358|0000000000005828|100.00
20032026|531411|0000000000099166|0000000000096192|0000000000100776|0000000000097267|098.40
20032026|531412|0000000000000036|0000000000007075|0000000000000036|0000000000007075|100.00
20032026|531416|0000000000000023|0000000000000847|0000000000000024|0000000000000868|095.83
20032026|531417|0000000000035473|0000000000074494|0000000000042985|0000000000088535|082.52
20032026|531426|0000000000002057|0000000000266691|0000000000002278|0000000000297918|090.30
20032026|531431|0000000000025274|0000000012557387|0000000000065223|0000000032811273|038.75
20032026|531432|0000000000000501|0000000000005971|0000000000000501|0000000000005971|100.00
20032026|531433|0000000000000271|0000000000000810|0000000000000271|0000000000000810|100.00
20032026|531436|0000000000000436|0000000000011345|0000000000000436|0000000000011344|100.00
20032026|531437|0000000000011908|0000000000255070|0000000000015989|0000000000339193|074.48
20032026|531439|0000000000001490|0000000000059213|0000000000001693|0000000000067590|088.01
20032026|531449|0000000000018143|0000000002805815|0000000000028494|0000000004434585|063.67
20032026|531453|0000000000000585|0000000000013403|0000000000000585|0000000000013606|100.00
20032026|531454|0000000000007101|0000000000141239|0000000000007599|0000000000149945|093.45
20032026|531456|0000000000006434|0000000000009523|0000000000007384|0000000000010863|087.13
20032026|531458|0000000000000185|0000000000001468|0000000000000185|0000000000001468|100.00
20032026|531460|0000000000000201|0000000000001831|0000000000000201|0000000000001831|100.00
20032026|531463|0000000000000135|0000000000002211|0000000000000135|0000000000002211|100.00
20032026|531465|0000000000013702|0000000000006714|0000000000013702|0000000000006713|100.00
20032026|531471|0000000000023440|0000000000734375|0000000000023440|0000000000734375|100.00
20032026|531472|0000000000003153|0000000000153551|0000000000003153|0000000000153551|100.00
20032026|531486|0000000000036941|0000000000091841|0000000000036941|0000000000091841|100.00
20032026|531489|0000000000001895|0000000000350765|0000000000002361|0000000000430870|080.26
20032026|531494|0000000000332004|0000000000302124|0000000000362115|0000000000324254|091.68
20032026|531495|0000000000000030|0000000000000607|0000000000000030|0000000000000606|100.00
20032026|531497|0000000000007081|0000000000028962|0000000000007085|0000000000029113|099.94
20032026|531499|0000000000020749|0000000000037971|0000000000021436|0000000000040473|096.80
20032026|531500|0000000000040673|0000000003927140|0000000000040673|0000000003927140|100.00
20032026|531502|0000000000035421|0000000000287619|0000000000036122|0000000000295104|098.06
20032026|531503|0000000000000001|0000000000000029|0000000000000002|0000000000000057|050.00
20032026|531506|0000000000000010|0000000000000381|0000000000000010|0000000000000381|100.00
20032026|531508|0000000000002301|0000000000689265|0000000000003355|0000000000994689|068.58
20032026|531509|0000000000000001|0000000000000027|0000000000000001|0000000000000027|100.00
20032026|531512|0000000000025840|0000000000487601|0000000000082583|0000000001546815|031.29
20032026|531518|0000000000177411|0000000000052287|0000000000177411|0000000000052287|100.00
20032026|531525|0000000000030257|0000000005947014|0000000000041293|0000000008126357|073.27
20032026|531529|0000000000082082|0000000000137077|0000000000088215|0000000000147661|093.05
20032026|531531|0000000000002946|0000000002822121|0000000000004620|0000000004481548|063.77
20032026|531533|0000000000055043|0000000003820073|0000000000055043|0000000003820073|100.00
20032026|531537|0000000000005336|0000000000913744|0000000000005336|0000000000913744|100.00
20032026|531539|0000000000000004|0000000000000135|0000000000000007|0000000000000236|057.14
20032026|531540|0000000000013774|0000000000108953|0000000000020889|0000000000165446|065.94
20032026|531541|0000000000002350|0000000000005586|0000000000002350|0000000000005586|100.00
20032026|531543|0000000000009703|0000000000207839|0000000000016481|0000000000348339|058.87
20032026|531548|0000000000001169|0000000000441532|0000000000001376|0000000000524341|084.96
20032026|531550|0000000000008830|0000000001951872|0000000000010143|0000000002238832|087.06
20032026|531552|0000000000001173|0000000000016986|0000000000001175|0000000000016463|099.83
20032026|531553|0000000000004789|0000000000100526|0000000000004789|0000000000100526|100.00
20032026|531556|0000000000002992|0000000000093321|0000000000003178|0000000000099496|094.15
20032026|531557|0000000000000176|0000000000010095|0000000000000176|0000000000010095|100.00
20032026|531568|0000000000004001|0000000000029008|0000000000004001|0000000000029007|100.00
20032026|531569|0000000000016316|0000000002540402|0000000000016851|0000000002635115|096.83
20032026|531572|0000000000000030|0000000000002950|0000000000000030|0000000000002950|100.00
20032026|531574|0000000000000103|0000000000000948|0000000000000103|0000000000000948|100.00
20032026|531578|0000000000001071|0000000000007176|0000000000001071|0000000000007176|100.00
20032026|531582|0000000000000005|0000000000000151|0000000000000005|0000000000000151|100.00
20032026|531583|0000000000011224|0000000000389024|0000000000011621|0000000000371512|096.58
20032026|531591|0000000000000493|0000000000009713|0000000000000554|0000000000010800|088.99
20032026|531592|0000000002082442|0000000001936672|0000000002212106|0000000002081075|094.14
20032026|531594|0000000000000160|0000000000001992|0000000000000160|0000000000001992|100.00
20032026|531595|0000000000195112|0000000033169040|0000000000226640|0000000038443477|086.09
20032026|531599|0000000000001822|0000000000606635|0000000000002819|0000000000955566|064.63
20032026|531608|0000000000000240|0000000000014981|0000000000000263|0000000000016663|091.25
20032026|531616|0000000000000710|0000000000039278|0000000000000715|0000000000043653|099.30
20032026|531624|0000000000006495|0000000000027085|0000000000006669|0000000000028745|097.39
20032026|531626|0000000000042843|0000000000194079|0000000000046814|0000000000203506|091.52
20032026|531628|0000000000002955|0000000000103834|0000000000002955|0000000000103834|100.00
20032026|531633|0000000000000402|0000000000241723|0000000000000492|0000000000296467|081.71
20032026|531635|0000000000000702|0000000000055900|0000000000000702|0000000000055900|100.00
20032026|531637|0000000000026839|0000000006022672|0000000000033463|0000000007489131|080.20
20032026|531638|0000000000000119|0000000000027365|0000000000000301|0000000000070707|039.53
20032026|531642|0000000000174439|0000000129791338|0000000000192731|0000000143741115|090.51
20032026|531644|0000000000000021|0000000000000415|0000000000000041|0000000000000787|051.22
20032026|531651|0000000000000034|0000000000001479|0000000000000034|0000000000001553|100.00
20032026|531652|0000000000000721|0000000000057507|0000000000000721|0000000000057474|100.00
20032026|531658|0000000000010617|0000000000121247|0000000000012136|0000000000139035|087.48
20032026|531661|0000000000000414|0000000000004347|0000000000000414|0000000000004390|100.00
20032026|531663|0000000000083226|0000000000391163|0000000000093352|0000000000437486|089.15
20032026|531667|0000000000068038|0000000001765587|0000000000069044|0000000001781806|098.54
20032026|531668|0000000000001814|0000000000004626|0000000000001902|0000000000004839|095.37
20032026|531671|0000000000082130|0000000000136336|0000000000091061|0000000000151936|090.19
20032026|531672|0000000000000579|0000000000012032|0000000000000683|0000000000014263|084.77
20032026|531673|0000000000003055|0000000000065225|0000000000005533|0000000000116296|055.21
20032026|531676|0000000000001365|0000000000370300|0000000000001365|0000000000370300|100.00
20032026|531680|0000000000070319|0000000001434278|0000000000070319|0000000001434278|100.00
20032026|531681|0000000000024730|0000000000016817|0000000000024730|0000000000016816|100.00
20032026|531685|0000000000000001|0000000000000002|0000000000000001|0000000000000002|100.00
20032026|531688|0000000000003629|0000000000391932|0000000000004732|0000000000508163|076.69
20032026|531692|0000000000000001|0000000000000003|0000000000000001|0000000000000002|100.00
20032026|531694|0000000000011642|0000000000486316|0000000000011642|0000000000486316|100.00
20032026|531716|0000000000002827|0000000000005730|0000000000002827|0000000000005730|100.00
20032026|531717|0000000000006131|0000000001712695|0000000000007325|0000000002021206|083.70
20032026|531719|0000000000156008|0000000028104842|0000000000157237|0000000028548907|099.22
20032026|531723|0000000000452409|0000000000208109|0000000000473026|0000000000218295|095.64
20032026|531726|0000000000001581|0000000000161262|0000000000002145|0000000000222203|073.71
20032026|531727|0000000000005356|0000000000275406|0000000000008860|0000000000466076|060.45
20032026|531737|0000000000022237|0000000000010897|0000000000038871|0000000000019220|057.21
20032026|531739|0000000000531439|0000000004995527|0000000000592378|0000000005572140|089.71
20032026|531744|0000000000003025|0000000000169703|0000000000003025|0000000000169692|100.00
20032026|531746|0000000000001790|0000000000034709|0000000000001792|0000000000034825|099.89
20032026|531752|0000000001601245|0000000000864673|0000000002237543|0000000001221226|071.56
20032026|531758|0000000000001474|0000000000013694|0000000000003086|0000000000029565|047.76
20032026|531761|0000000000017456|0000000006752854|0000000000044388|0000000017566089|039.33
20032026|531762|0000000000000292|0000000000006118|0000000000000299|0000000000006268|097.66
20032026|531768|0000000000002413|0000000002995981|0000000000006091|0000000007637475|039.62
20032026|531769|0000000000000049|0000000000000245|0000000000000049|0000000000000245|100.00
20032026|531771|0000000000008786|0000000001427725|0000000000035914|0000000005840971|024.46
20032026|531778|0000000000011635|0000000000335898|0000000000011635|0000000000335898|100.00
20032026|531779|0000000000000002|0000000000000038|0000000000000002|0000000000000037|100.00
20032026|531780|0000000000033970|0000000000155923|0000000000045525|0000000000205697|074.62
20032026|531784|0000000000237580|0000000000313606|0000000000239725|0000000000314470|099.11
20032026|531795|0000000000002575|0000000001072230|0000000000004327|0000000001815008|059.51
20032026|531797|0000000000002105|0000000000213174|0000000000002107|0000000000213179|099.90
20032026|531802|0000000000023490|0000000000520774|0000000000029133|0000000000661404|080.63
20032026|531810|0000000000003397|0000000000181095|0000000000005389|0000000000282662|063.04
20032026|531812|0000000000080364|0000000000049023|0000000000094811|0000000000059278|084.76
20032026|531813|0000000000000003|0000000000000214|0000000000000003|0000000000000218|100.00
20032026|531814|0000000000007032|0000000000054920|0000000000007035|0000000000054267|099.96
20032026|531821|0000000000000001|0000000000000021|0000000000000002|0000000000000042|050.00
20032026|531822|0000000000000516|0000000000082560|0000000000000516|0000000000082480|100.00
20032026|531832|0000000000000100|0000000000004784|0000000000000100|0000000000004784|100.00
20032026|531834|0000000000006000|0000000000069300|0000000000006000|0000000000069300|100.00
20032026|531840|0000000000003116|0000000000089433|0000000000003116|0000000000089433|100.00
20032026|531841|0000000000003805|0000000000170921|0000000000004036|0000000000184550|094.28
20032026|531842|0000000000019316|0000000000775731|0000000000036117|0000000001478363|053.48
20032026|531845|0000000000003811|0000000000019055|0000000000004293|0000000000021573|088.77
20032026|531847|0000000000000083|0000000000050871|0000000000000083|0000000000050866|100.00
20032026|531859|0000000000039326|0000000004701424|0000000000059962|0000000007187728|065.58
20032026|531861|0000000000001358|0000000000056453|0000000000001359|0000000000056723|099.93
20032026|531862|0000000000009130|0000000000221403|0000000000011150|0000000000276825|081.88
20032026|531867|0000000000002475|0000000000008042|0000000000002475|0000000000008042|100.00
20032026|531869|0000000000128195|0000000000503807|0000000000244764|0000000000965777|052.37
20032026|531870|0000000000000004|0000000000000056|0000000000000005|0000000000000072|080.00
20032026|531878|0000000000003268|0000000000030524|0000000000003495|0000000000031609|093.50
20032026|531888|0000000000006002|0000000000309164|0000000000006047|0000000000312952|099.26
20032026|531889|0000000000554496|0000000021464541|0000000000799694|0000000031296229|069.34
20032026|531892|0000000000000019|0000000000000323|0000000000001637|0000000000027163|001.16
20032026|531893|0000000000673084|0000000000244356|0000000000673084|0000000000244356|100.00
20032026|531900|0000000000000508|0000000000012137|0000000000000630|0000000000014714|080.63
20032026|531902|0000000000000001|0000000000000025|0000000000000001|0000000000000025|100.00
20032026|531909|0000000000013309|0000000000040290|0000000000013309|0000000000040290|100.00
20032026|531910|0000000000029547|0000000005738743|0000000000029547|0000000005738743|100.00
20032026|531911|0000000000836282|0000000035115482|0000000000855336|0000000035910598|097.77
20032026|531913|0000000000022852|0000000000280882|0000000000022852|0000000000280882|100.00
20032026|531918|0000000000000025|0000000000002325|0000000000000025|0000000000002325|100.00
20032026|531921|0000000000002127|0000000000877175|0000000000003941|0000000001639433|053.97
20032026|531923|0000000000006218|0000000000708852|0000000000008867|0000000000989719|070.13
20032026|531925|0000000000001880|0000000000002313|0000000000001880|0000000000002374|100.00
20032026|531928|0000000000000030|0000000000000251|0000000000000030|0000000000000250|100.00
20032026|531930|0000000000001060|0000000000028504|0000000000001595|0000000000041761|066.46
20032026|531931|0000000000000073|0000000000011148|0000000000000108|0000000000016729|067.59
20032026|531944|0000000000000073|0000000000001225|0000000000000099|0000000000001742|073.74
20032026|531950|0000000000050859|0000000000133760|0000000000070727|0000000000191637|071.91
20032026|531952|0000000000063593|0000000004260731|0000000000064650|0000000004372519|098.36
20032026|531959|0000000000039646|0000000000079689|0000000000040445|0000000000081832|098.02
20032026|531960|0000000000010705|0000000000050929|0000000000010705|0000000000050929|100.00
20032026|531962|0000000000002095|0000000000085443|0000000000002095|0000000000085443|100.00
20032026|531968|0000000000000463|0000000000017743|0000000000000796|0000000000030304|058.17
20032026|531977|0000000000046884|0000000000285993|0000000000064607|0000000000404066|072.57
20032026|531978|0000000000000198|0000000000251183|0000000000000236|0000000000301430|083.90
20032026|531979|0000000000002143|0000000000185933|0000000000002143|0000000000185933|100.00
20032026|531982|0000000000078901|0000000000931032|0000000000082970|0000000000939158|095.10
20032026|531989|0000000000000005|0000000000000155|0000000000000005|0000000000000155|100.00
20032026|531991|0000000000077953|0000000000042875|0000000000080380|0000000000040350|096.98
20032026|531994|0000000000000068|0000000000010275|0000000000000068|0000000000009912|100.00
20032026|531996|0000000000004339|0000000000033237|0000000000004340|0000000000033284|099.98
20032026|531997|0000000000134718|0000000003320575|0000000000134718|0000000003320575|100.00
20032026|532001|0000000000000182|0000000000009574|0000000000000208|0000000000010962|087.50
20032026|532005|0000000000000001|0000000000000047|0000000000000001|0000000000000046|100.00
20032026|532011|0000000000000994|0000000000051549|0000000000052044|0000000002789500|001.91
20032026|532015|0000000000022616|0000000000281625|0000000000022616|0000000000281625|100.00
20032026|532016|0000000000000038|0000000000010671|0000000000000044|0000000000012479|086.36
20032026|532022|0000000012936742|0000000002199247|0000000018114203|0000000003105056|071.42
20032026|532029|0000000000021139|0000000000495287|0000000000024143|0000000000580966|087.56
20032026|532039|0000000000005159|0000000000206360|0000000000006601|0000000000264292|078.15
20032026|532041|0000000000001582|0000000000012622|0000000000001582|0000000000012622|100.00
20032026|532042|0000000000000169|0000000000004648|0000000000000169|0000000000004606|100.00
20032026|532051|0000000000000550|0000000000303958|0000000000000751|0000000000418525|073.24
20032026|532053|0000000000004211|0000000000299824|0000000000004476|0000000000317758|094.08
20032026|532054|0000000000001035|0000000002259664|0000000000001194|0000000002633283|086.68
20032026|532056|0000000000004800|0000000000658707|0000000000004800|0000000000658707|100.00
20032026|532057|0000000000000030|0000000000003650|0000000000000033|0000000000004125|090.91
20032026|532067|0000000000002887|0000000003741408|0000000000005209|0000000006765635|055.42
20032026|532070|0000000000118703|0000000023455713|0000000000158005|0000000030311953|075.13
20032026|532090|0000000000014660|0000000000282171|0000000000014660|0000000000282171|100.00
20032026|532092|0000000000076077|0000000000155659|0000000000076077|0000000000155659|100.00
20032026|532100|0000000000000068|0000000000000867|0000000000000079|0000000000000971|086.08
20032026|532102|0000000000003109|0000000000096286|0000000000004068|0000000000124633|076.43
20032026|532113|0000000000000172|0000000000001755|0000000000000172|0000000000001755|100.00
20032026|532123|0000000000387293|0000000001645996|0000000000444430|0000000001937682|087.14
20032026|532124|0000000000007613|0000000000151119|0000000000007701|0000000000149802|098.86
20032026|532131|0000000000000134|0000000000001938|0000000000000244|0000000000003937|054.92
20032026|532134|0000000000132326|0000000037064513|0000000000285909|0000000080160593|046.28
20032026|532140|0000000000107860|0000000000251314|0000000000138565|0000000000326828|077.84
20032026|532141|0000000000002049|0000000000108577|0000000000002289|0000000000122988|089.52
20032026|532143|0000000000007290|0000000001129950|0000000000009451|0000000001490346|077.13
20032026|532144|0000000000004823|0000000003877451|0000000000011953|0000000009611424|040.35
20032026|532149|0000000000237056|0000000035688781|0000000000490910|0000000074038722|048.29
20032026|532150|0000000000004244|0000000001678290|0000000000009003|0000000003564645|047.14
20032026|500002|0000000000004000|0000000025189600|0000000000010823|0000000068488582|036.96
20032026|500003|0000000000009726|0000000005945991|0000000000024372|0000000014843476|039.91
20032026|500008|0000000000034479|0000000026202317|0000000000057227|0000000043952514|060.25
20032026|500009|0000000000046374|0000000001342064|0000000000054822|0000000001579491|084.59
20032026|500012|0000000000059699|0000000002180208|0000000000069325|0000000002557903|086.11
20032026|500013|0000000000005470|0000000000017918|0000000000005470|0000000000017918|100.00
20032026|500014|0000000000010253|0000000000042550|0000000000011694|0000000000046844|087.68
20032026|500016|0000000000005362|0000000000042360|0000000000005689|0000000000044756|094.25
20032026|500020|0000000000055972|0000000005756721|0000000000075530|0000000007868967|074.11
20032026|500023|0000000000000045|0000000000013057|0000000000000056|0000000000016353|080.36
20032026|500027|0000000000000670|0000000004180130|0000000000001366|0000000008598607|049.05
20032026|500028|0000000000009260|0000000000285857|0000000000014442|0000000000445138|064.12
20032026|500031|0000000000005502|0000000001945233|0000000000020480|0000000007160446|026.87
20032026|500032|0000000000528192|0000000008546147|0000000000994174|0000000016286924|053.13
20032026|500033|0000000000002816|0000000060809549|0000000000009222|0000000197891011|030.54
20032026|500034|0000000000321356|0000000266854023|0000000000562116|0000000464931734|057.17
20032026|500038|0000000000030350|0000000014762240|0000000000073282|0000000035791647|041.42
20032026|500039|0000000000006292|0000000003483252|0000000000016307|0000000009057373|038.58
20032026|500040|0000000000006165|0000000007191473|0000000000015700|0000000018473340|039.27
20032026|500042|0000000000002108|0000000007005411|0000000000002669|0000000008851677|078.98
20032026|500043|0000000000020000|0000000013265000|0000000000040049|0000000026685794|049.94
20032026|500048|0000000000009457|0000000014316480|0000000000023066|0000000035112878|041.00
20032026|500049|0000000000312256|0000000133036669|0000000000752534|0000000323887577|041.49
20032026|500051|0000000000003137|0000000000007277|0000000000003137|0000000000007277|100.00
20032026|500052|0000000000022448|0000000001941528|0000000000046753|0000000004085998|048.01
20032026|500058|0000000000069244|0000000000733551|0000000000069244|0000000000733551|100.00
20032026|500059|0000000000004496|0000000000026172|0000000000004496|0000000000026172|100.00
20032026|500060|0000000000001975|0000000000254479|0000000000002473|0000000000319403|079.86
20032026|500067|0000000000002201|0000000003757107|0000000000007911|0000000013697189|027.82
20032026|500068|0000000000000048|0000000000552629|0000000000000056|0000000000644760|085.71
20032026|500069|0000000000000736|0000000000191471|0000000000000807|0000000000211185|091.20
20032026|500074|0000000000007562|0000000000357759|0000000000008433|0000000000399507|089.67
20032026|500078|0000000000000872|0000000000219352|0000000000000990|0000000000247977|088.08
20032026|500083|0000000000008617|0000000000160018|0000000000009454|0000000000178415|091.15
20032026|500084|0000000000247292|0000000037798583|0000000000338004|0000000052481179|073.16
20032026|500085|0000000000009207|0000000003947962|0000000000022755|0000000009803755|040.46
20032026|500086|0000000000052626|0000000015932522|0000000000096796|0000000029553023|054.37
20032026|500087|0000000000016940|0000000021274099|0000000000027527|0000000034555936|061.54
20032026|500089|0000000000000068|0000000000033626|0000000000000068|0000000000033698|100.00
20032026|500092|0000000000002396|0000000009568906|0000000000002932|0000000011700304|081.72
20032026|500093|0000000000490551|0000000334212397|0000000000624547|0000000428897691|078.54
20032026|500096|0000000000016780|0000000007240570|0000000000029823|0000000012880924|056.27
20032026|500097|0000000000011250|0000000003599438|0000000000019946|0000000006313013|056.40
20032026|500101|0000000000010577|0000000003795557|0000000000018939|0000000006844193|055.85
20032026|500103|0000000000182310|0000000047746989|0000000000445009|0000000116953182|040.97
20032026|500104|0000000000245118|0000000082420928|0000000000656683|0000000221758149|037.33
20032026|500106|0000000000170169|0000000009189126|0000000000370795|0000000020245956|045.89
20032026|500108|0000000000054136|0000000001350694|0000000000080138|0000000002000358|067.55
20032026|500109|0000000000541004|0000000103494066|0000000002030468|0000000396290788|026.64
20032026|500110|0000000000104840|0000000111633632|0000000000278483|0000000296285918|037.65
20032026|500112|0000000000357477|0000000378353657|0000000000778180|0000000833670472|045.94
20032026|500113|0000000000271585|0000000042245047|0000000000874405|0000000136851877|031.06
20032026|500114|0000000000080136|0000000329214716|0000000000093203|0000000383785700|085.98
20032026|500116|0000000000514081|0000000037579322|0000000001220828|0000000089306602|042.11
20032026|500117|0000000000149712|0000000006025908|0000000000227353|0000000009298232|065.85
20032026|500119|0000000000022321|0000000002831419|0000000000037605|0000000004745647|059.36
20032026|500120|0000000000022083|0000000004898010|0000000000022243|0000000004894800|099.28
20032026|500123|0000000000000626|0000000004739196|0000000000000870|0000000006636359|071.95
20032026|500124|0000000000015613|0000000020280507|0000000000030115|0000000039107309|051.84
20032026|500125|0000000000005253|0000000004146719|0000000000010244|0000000008183137|051.28
20032026|500126|0000000000000487|0000000002371934|0000000000001035|0000000004987412|047.05
20032026|500128|0000000000309159|0000000023103453|0000000000653957|0000000049596814|047.28
20032026|500133|0000000000000014|0000000000075698|0000000000000022|0000000000117649|063.64
20032026|500135|0000000000001697|0000000000322685|0000000000003084|0000000000588508|055.03
20032026|500136|0000000000106110|0000000009693149|0000000000106896|0000000009809544|099.26
20032026|500142|0000000000020823|0000000000211979|0000000000022119|0000000000212919|094.14
20032026|500143|0000000000004218|0000000002527146|0000000000004218|0000000002527146|100.00
20032026|500144|0000000000005503|0000000004841540|0000000000013953|0000000012278598|039.44
20032026|500147|0000000000006037|0000000028267951|0000000000007029|0000000033162037|085.89
20032026|500148|0000000000001299|0000000000563702|0000000000001315|0000000000574429|098.78
20032026|500150|0000000000000028|0000000000146312|0000000000000032|0000000000168227|087.50
20032026|500151|0000000000000942|0000000000025689|0000000000000942|0000000000025689|100.00
20032026|500153|0000000000001812|0000000000138220|0000000000002338|0000000000178316|077.50
20032026|500159|0000000000000768|0000000000079258|0000000000000901|0000000000092643|085.24
20032026|500160|0000000000089103|0000000000566696|0000000000101623|0000000000653651|087.68
20032026|500163|0000000000011201|0000000022296711|0000000000019724|0000000039653689|056.79
20032026|500164|0000000000003804|0000000003159793|0000000000005483|0000000004539774|069.38
20032026|500165|0000000000016074|0000000002683555|0000000000033213|0000000005599897|048.40
20032026|500166|0000000000003912|0000000000595407|0000000000005155|0000000000791780|075.89
20032026|500168|0000000000002745|0000000002045437|0000000000004063|0000000003044187|067.56
20032026|500170|0000000000005008|0000000000116537|0000000000007437|0000000000176963|067.34
20032026|500171|0000000000004184|0000000001814601|0000000000006472|0000000002829280|064.65
20032026|500173|0000000000002998|0000000000128944|0000000000003683|0000000000159956|081.40
20032026|500174|0000000000000005|0000000000000028|0000000000000005|0000000000000028|100.00
20032026|500179|0000000000031157|0000000000364849|0000000000041493|0000000000490074|075.09
20032026|500180|0000000003144075|0000002453793334|0000000005028824|0000003945206341|062.52
20032026|500182|0000000000010117|0000000053391962|0000000000021298|0000000112579290|047.50
20032026|500183|0000000000679897|0000000048225095|0000000000940182|0000000066929505|072.32
20032026|500184|0000000000031077|0000000014054574|0000000000110973|0000000050051136|028.00
20032026|500185|0000000000687221|0000000010617565|0000000001275296|0000000019837112|053.89
20032026|500186|0000000000026827|0000000003449953|0000000000060211|0000000007812406|044.55
20032026|500187|0000000000007740|0000000003858003|0000000000012287|0000000006232634|062.99
20032026|500188|0000000000175985|0000000090597078|0000000000399796|0000000207532868|044.02
20032026|500189|0000000000000838|0000000000095491|0000000000002041|0000000000233263|041.06
20032026|500191|0000000000000940|0000000000053550|0000000000000940|0000000000053550|100.00
20032026|500192|0000000000007342|0000000000012115|0000000000008582|0000000000014206|085.55
20032026|500193|0000000000210811|0000000001456705|0000000000220899|0000000001546384|095.43
20032026|500199|0000000000000501|0000000000192359|0000000000000645|0000000000242815|077.67
20032026|500201|0000000000002641|0000000002311932|0000000000005130|0000000004517180|051.48
20032026|500206|0000000000000316|0000000000019570|0000000000000469|0000000000030265|067.38
20032026|500207|0000000000002156|0000000000067591|0000000000004384|0000000000138475|049.18
20032026|500209|0000000000163456|0000000205071898|0000000000324038|0000000404868721|050.44
20032026|500210|0000000000000370|0000000001348262|0000000000000497|0000000001817622|074.45
20032026|500213|0000000000002359|0000000000698382|0000000000002487|0000000000733221|094.85
20032026|500214|0000000000005056|0000000001707664|0000000000008876|0000000003032710|056.96
20032026|500215|0000000000000833|0000000000518293|0000000000000918|0000000000571531|090.74
20032026|500219|0000000000639946|0000000019428761|0000000000782587|0000000023828576|081.77
20032026|500220|0000000000000148|0000000000023777|0000000000000201|0000000000032347|073.63
20032026|500227|0000000002220864|0000002183842702|0000000002247456|0000002267992998|098.82
20032026|500228|0000000000044399|0000000051922411|0000000000089399|0000000104870769|049.66
20032026|500233|0000000000003457|0000000003292274|0000000000010029|0000000009458517|034.47
20032026|500234|0000000000008411|0000000000830166|0000000000008411|0000000000871171|100.00
20032026|500235|0000000000001480|0000000000968068|0000000000002858|0000000001903327|051.78
20032026|500238|0000000000010342|0000000008664528|0000000000024110|0000000020036851|042.90
20032026|500239|0000000000002657|0000000000037491|0000000000003174|0000000000045708|083.71
20032026|500240|0000000000004607|0000000001037958|0000000000005724|0000000001296659|080.49
20032026|500241|0000000000000986|0000000001540330|0000000000002764|0000000004334913|035.67
20032026|500243|0000000000000253|0000000000694549|0000000000000279|0000000000776633|090.68
20032026|500245|0000000000084762|0000000030505844|0000000000118493|0000000043594257|071.53
20032026|500246|0000000000000640|0000000000025959|0000000000000640|0000000000026779|100.00
20032026|500247|0000000000359606|0000000131957422|0000000000594209|0000000219392305|060.52
20032026|500249|0000000000004251|0000000003324708|0000000000011664|0000000009378760|036.45
20032026|500250|0000000000000485|0000000000829447|0000000000000997|0000000001723966|048.65
20032026|500251|0000000000008847|0000000031542652|0000000000019474|0000000069279558|045.43
20032026|500252|0000000000000789|0000000010804527|0000000000000907|0000000012552781|086.99
20032026|500253|0000000000014078|0000000006842612|0000000000031731|0000000015516785|044.37
20032026|500257|0000000000018140|0000000042129243|0000000000036594|0000000084562344|049.57
20032026|500259|0000000000004428|0000000000244825|0000000000004741|0000000000260396|093.40
20032026|500260|0000000000003255|0000000003009085|0000000000006608|0000000006145383|049.26
20032026|500262|0000000000002169|0000000000036808|0000000000002194|0000000000036109|098.86
20032026|500264|0000000000028302|0000000003421712|0000000000041014|0000000005037929|069.01
20032026|500265|0000000000004480|0000000002533888|0000000000007257|0000000004100178|061.73
20032026|500266|0000000000000200|0000000002479610|0000000000000254|0000000003169901|078.74
20032026|500267|0000000000001511|0000000000450127|0000000000002338|0000000000693924|064.63
20032026|500268|0000000000007767|0000000000353477|0000000000012237|0000000000563847|063.47
20032026|500270|0000000000001180|0000000000127794|0000000000001401|0000000000151069|084.23
20032026|500271|0000000000004781|0000000007832235|0000000000009139|0000000014957580|052.31
20032026|500277|0000000000000335|0000000000001893|0000000000000345|0000000000002108|097.10
20032026|500279|0000000000018943|0000000000482100|0000000000038199|0000000000974028|049.59
20032026|500280|0000000000000850|0000000000355810|0000000000001007|0000000000422330|084.41
20032026|500282|0000000000001939|0000000000081826|0000000000001939|0000000000081831|100.00
20032026|500284|0000000000005294|0000000000636075|0000000000005353|0000000000636089|098.90
20032026|500285|0000000023722224|0000000285852800|0000000031225602|0000000382835027|075.97
20032026|500288|0000000000068744|0000000002544216|0000000000147354|0000000005522232|046.65
20032026|500290|0000000000000386|0000000049274001|0000000000000693|0000000089600811|055.70
20032026|500292|0000000000003103|0000000000463434|0000000000004084|0000000000613172|075.98
20032026|500294|0000000000107534|0000000015135411|0000000000214356|0000000030380774|050.17
20032026|500295|0000000000297436|0000000200055454|0000000000700438|0000000473247410|042.46
20032026|500296|0000000000002983|0000000000625386|0000000000003767|0000000000791818|079.19
20032026|500298|0000000000005171|0000000002828537|0000000000005420|0000000002961244|095.41
20032026|500300|0000000000009841|0000000025737168|0000000000016527|0000000043493353|059.54
20032026|500304|0000000000249493|0000000014957106|0000000000325236|0000000019694729|076.71
20032026|500306|0000000000016909|0000000002229452|0000000000022146|0000000002945935|076.35
20032026|500307|0000000000003779|0000000001858513|0000000000005310|0000000002624776|071.17
20032026|500312|0000000000350195|0000000092924244|0000000000765134|0000000205725916|045.77
20032026|500313|0000000000006116|0000000000252652|0000000000006808|0000000000284535|089.84
20032026|500314|0000000000009647|0000000000887524|0000000000011874|0000000001088425|081.24
20032026|500317|0000000000004292|0000000000180264|0000000000004456|0000000000188961|096.32
20032026|500319|0000000000006683|0000000000475964|0000000000008396|0000000000600123|079.60
20032026|500322|0000000000000137|0000000000016435|0000000000000137|0000000000016435|100.00
20032026|500325|0000000000626261|0000000885877498|0000000001129685|0000001604505504|055.44
20032026|500327|0000000000007104|0000000000053209|0000000000007168|0000000000053849|099.11
20032026|500330|0000000000007072|0000000002633260|0000000000019098|0000000007182743|037.03
20032026|500331|0000000000015122|0000000020281627|0000000000025798|0000000034610685|058.62
20032026|500333|0000000000000544|0000000000789045|0000000000000895|0000000001298619|060.78
20032026|500335|0000000000003245|0000000002644675|0000000000005912|0000000004869021|054.89
20032026|500336|0000000000005939|0000000001242142|0000000000010596|0000000002235056|056.05
20032026|500337|0000000000000059|0000000000016364|0000000000000116|0000000000032464|050.86
20032026|500338|0000000000006185|0000000000773125|0000000000007059|0000000000883824|087.62
20032026|500339|0000000000128122|0000000013971705|0000000000197662|0000000021903729|064.82
20032026|500342|0000000000005213|0000000000064381|0000000000006093|0000000000073601|085.56
20032026|500343|0000000000000200|0000000000007600|0000000000000201|0000000000007638|099.50
20032026|500346|0000000000004042|0000000000197614|0000000000004535|0000000000219015|089.13
20032026|500350|0000000000001987|0000000000262384|0000000000002614|0000000000347999|076.01
20032026|500354|0000000000008587|0000000000243442|0000000000015557|0000000000442827|055.20
20032026|500355|0000000000003195|0000000000760570|0000000000008125|0000000001970287|039.32
20032026|500356|0000000000003967|0000000000131745|0000000000004166|0000000000139772|095.22
20032026|500357|0000000000000253|0000000000003317|0000000000000253|0000000000003317|100.00
20032026|500360|0000000000004727|0000000000680565|0000000000004727|0000000000680565|100.00
20032026|500365|0000000000072268|0000000002489633|0000000000107320|0000000003760012|067.34
20032026|500367|0000000000001092|0000000000066198|0000000000001123|0000000000068754|097.24
20032026|500368|0000000000027247|0000000012976384|0000000000052628|0000000025185468|051.77
20032026|500370|0000000000000322|0000000000010205|0000000000000587|0000000000018329|054.86
20032026|500371|0000000000006905|0000000000130159|0000000000006905|0000000000130159|100.00
20032026|500378|0000000000063426|0000000012298302|0000000000181895|0000000035228228|034.87
20032026|500380|0000000000007651|0000000004532453|0000000000009893|0000000005917190|077.34
20032026|500387|0000000000000131|0000000003084657|0000000000000308|0000000007256336|042.53
20032026|500389|0000000004768838|0000000053724953|0000000004768838|0000000053724953|100.00
20032026|500390|0000000002419742|0000000185906333|0000000002419742|0000000185906333|100.00
20032026|500400|0000000001611467|0000000649018335|0000000002707629|0000001112714472|059.52
20032026|500402|0000000000004367|0000000000734748|0000000000007432|0000000001248160|058.76
20032026|500403|0000000000906927|0000000735971261|0000000000920933|0000000750463453|098.48
20032026|500404|0000000000001767|0000000000385118|0000000000003677|0000000000807189|048.06
20032026|500405|0000000000030817|0000000020200544|0000000000032836|0000000021261314|093.85
20032026|500407|0000000000000499|0000000001774245|0000000000000695|0000000002477121|071.80
20032026|500408|0000000000012398|0000000052534046|0000000000033286|0000000140525562|037.25
20032026|500410|0000000000004340|0000000005997446|0000000000008051|0000000011051006|053.91
20032026|500411|0000000000042515|0000000137151265|0000000000045152|0000000145658146|094.16
20032026|500412|0000000000069767|0000000012135970|0000000000084352|0000000014766485|082.71
20032026|500413|0000000000105911|0000000010945902|0000000000168899|0000000017433256|062.71
20032026|500414|0000000000053510|0000000014990827|0000000000088620|0000000024894972|060.38
20032026|500418|0000000000000186|0000000000012991|0000000000000196|0000000000013927|094.90
20032026|500420|0000000000001056|0000000004506744|0000000000002222|0000000009461959|047.52
20032026|500421|0000000000015793|0000000000260269|0000000000016403|0000000000272098|096.28
20032026|500422|0000000000004015|0000000000619236|0000000000004015|0000000000619236|100.00
20032026|500425|0000000000110229|0000000046373341|0000000000184875|0000000078408874|059.62
20032026|500426|0000000000042784|0000000000062893|0000000000058919|0000000000086706|072.61
20032026|500429|0000000000004716|0000000000452736|0000000000004716|0000000000448461|100.00
20032026|500439|0000000000000039|0000000000122655|0000000000000039|0000000000122249|100.00
20032026|500440|0000000000137496|0000000120171504|0000000000290461|0000000258165532|047.34
20032026|500444|0000000000003867|0000000001682145|0000000000005451|0000000002367451|070.94
20032026|500449|0000000000068930|0000000001870071|0000000000105642|0000000002914117|065.25
20032026|500450|0000000000000399|0000000000143481|0000000000000405|0000000000144501|098.52
20032026|500456|0000000000002319|0000000000102802|0000000000002555|0000000000114171|090.76
20032026|500458|0000000000015742|0000000000494457|0000000000018574|0000000000583489|084.75
20032026|500459|0000000000001235|0000000012000187|0000000000001557|0000000015324651|079.32
20032026|500460|0000000000002357|0000000000298161|0000000000003579|0000000000454474|065.86
20032026|500463|0000000000006886|0000000003473299|0000000000012892|0000000006536958|053.41
20032026|500464|0000000000000162|0000000000015666|0000000000000212|0000000000020631|076.42
20032026|500467|0000000000002662|0000000000466915|0000000000003073|0000000000539210|086.63
20032026|500469|0000000000089171|0000000023795282|0000000000217468|0000000058760012|041.00
20032026|500470|0000000001171132|0000000230361665|0000000002436954|0000000480085141|048.06
20032026|500472|0000000000000742|0000000001144350|0000000000000854|0000000001325737|086.89
20032026|500477|0000000000399331|0000000067447006|0000000000874142|0000000147899187|045.68
20032026|500480|0000000000005550|0000000025595213|0000000000011126|0000000051295749|049.88
20032026|500483|0000000000006192|0000000008794498|0000000000010411|0000000014938940|059.48
20032026|500488|0000000000000126|0000000003368258|0000000000000256|0000000006806426|049.22
20032026|500490|0000000000000745|0000000007093890|0000000000001445|0000000013925785|051.56
20032026|500493|0000000000162223|0000000277701443|0000000000182697|0000000317478483|088.79
20032026|500495|0000000000008726|0000000026825470|0000000000021488|0000000065747286|040.61
20032026|500500|0000000000296555|0000000003873009|0000000000394695|0000000005213258|075.14
20032026|500510|0000000000070123|0000000240858481|0000000000148514|0000000514124710|047.22
20032026|500520|0000000000094399|0000000289361255|0000000000181708|0000000557865030|051.95
20032026|500530|0000000000000358|0000000010884955|0000000000000566|0000000017294493|063.25
20032026|500540|0000000000000600|0000000000001792|0000000000000600|0000000000001792|100.00
20032026|500547|0000000000393278|0000000113205073|0000000000767031|0000000223500023|051.27
20032026|500550|0000000000002534|0000000007937249|0000000000007654|0000000024103610|033.11
20032026|500570|0000000000173734|0000000054578537|0000000000373442|0000000117243933|046.52
20032026|500575|0000000000016447|0000000021777473|0000000000034288|0000000046139914|047.97
20032026|500620|0000000000014194|0000000020282517|0000000000036406|0000000052456988|038.99
20032026|500645|0000000000003467|0000000003154970|0000000000008034|0000000007374884|043.15
20032026|500650|0000000000001158|0000000001011861|0000000000001371|0000000001205710|084.46
20032026|500655|0000000000000966|0000000003523437|0000000000002322|0000000008581361|041.60
20032026|500660|0000000000003997|0000000009516458|0000000000005609|0000000013421665|071.26
20032026|500670|0000000000019240|0000000007834528|0000000000032110|0000000013233377|059.92
20032026|500672|0000000000006083|0000000005682739|0000000000007818|0000000007249066|077.81
20032026|500674|0000000000001538|0000000005206592|0000000000002101|0000000007174011|073.20
20032026|500680|0000000000000389|0000000001856133|0000000000000523|0000000002494651|074.38
20032026|500690|0000000000045113|0000000006951914|0000000000082287|0000000012874301|054.82
20032026|500696|0000000000048477|0000000101021221|0000000000076661|0000000159862227|063.24
20032026|500710|0000000000001907|0000000005491207|0000000000002749|0000000007861356|069.37
20032026|500730|0000000000010172|0000000001462225|0000000000020280|0000000002892697|050.16
20032026|500770|0000000000018099|0000000011472052|0000000000034910|0000000022367572|051.84
20032026|500777|0000000000001557|0000000000128687|0000000000003011|0000000000249945|051.71
20032026|500780|0000000000005069|0000000001164096|0000000000007590|0000000001749798|066.79
20032026|500790|0000000000024822|0000000029634986|0000000000040276|0000000047894408|061.63
20032026|500800|0000000000039161|0000000041146463|0000000000054145|0000000056868925|072.33
20032026|500820|0000000000019154|0000000042047819|0000000000036886|0000000081376846|051.93
20032026|500825|0000000000012734|0000000071512234|0000000000017227|0000000098178369|073.92
20032026|500830|0000000000005243|0000000009941515|0000000000009300|0000000017704959|056.38
20032026|500840|0000000000005670|0000000001755149|0000000000009009|0000000002815922|062.94
20032026|500850|0000000000044774|0000000027569591|0000000000068213|0000000042199005|065.64
20032026|500870|0000000000095939|0000000017978969|0000000000133637|0000000025043752|071.79
20032026|500875|0000000001154395|0000000346203061|0000000001858455|0000000564577062|062.12
20032026|500877|0000000000010777|0000000004532807|0000000000021363|0000000008950416|050.45
20032026|500878|0000000000003324|0000000011757155|0000000000006252|0000000022061756|053.17
20032026|500890|0000000000001531|0000000000167645|0000000000001531|0000000000167955|100.00
20032026|500940|0000000000077143|0000000013461454|0000000000087946|0000000015388104|087.72
20032026|501148|0000000000000009|0000000000003200|0000000000000009|0000000000003200|100.00
20032026|501150|0000000000057267|0000000001483788|0000000000082163|0000000002091527|069.70
20032026|501151|0000000000000062|0000000000120791|0000000000000062|0000000000120791|100.00
20032026|501242|0000000000002447|0000000000033751|0000000000002447|0000000000033751|100.00
20032026|501295|0000000000000082|0000000000010878|0000000000000141|0000000000018654|058.16
20032026|501298|0000000000000117|0000000000620100|0000000000000141|0000000000758418|082.98
20032026|501301|0000000000092850|0000000055951410|0000000000113680|0000000069006168|081.68
20032026|501311|0000000000000257|0000000000004447|0000000000000257|0000000000004446|100.00
20032026|501314|0000000000192047|0000000000109467|0000000000230566|0000000000131765|083.29
20032026|501343|0000000000000055|0000000000001149|0000000000000056|0000000000001156|098.21
20032026|501351|0000000000000250|0000000000015595|0000000000000250|0000000000017228|100.00
20032026|501370|0000000000001996|0000000000193213|0000000000002154|0000000000212375|092.66
20032026|501391|0000000000000135|0000000000073042|0000000000000135|0000000000073176|100.00
20032026|501421|0000000000000253|0000000001519076|0000000000000302|0000000001770236|083.77
20032026|501423|0000000000033548|0000000080404492|0000000000085251|0000000206296624|039.35
20032026|501425|0000000000000480|0000000000721272|0000000000000777|0000000001174582|061.78
20032026|501430|0000000000000013|0000000000021619|0000000000000015|0000000000024738|086.67
20032026|501455|0000000000030081|0000000004054919|0000000000057186|0000000007780588|052.60
20032026|501477|0000000000000041|0000000000008184|0000000000000046|0000000000009278|089.13
20032026|501700|0000000000006081|0000000000048223|0000000000006219|0000000000050157|097.78
20032026|501831|0000000000000345|0000000000015094|0000000000000355|0000000000015695|097.18
20032026|501833|0000000000000778|0000000000014782|0000000000000884|0000000000016723|088.01
20032026|501848|0000000000075621|0000000003524695|0000000000084019|0000000004054881|090.00
20032026|501945|0000000000001329|0000000000009925|0000000000001329|0000000000009925|100.00
20032026|502015|0000000000011093|0000000000267231|0000000000012111|0000000000295153|091.59
20032026|502090|0000000000021997|0000000003671300|0000000000025006|0000000004231059|087.97
20032026|502137|0000000000000147|0000000000095168|0000000000000180|0000000000118005|081.67
20032026|502157|0000000000001495|0000000001245111|0000000000002181|0000000001834676|068.55
20032026|502168|0000000000001128|0000000000191760|0000000000001598|0000000000275136|070.59
20032026|502175|0000000000016920|0000000000997942|0000000000018372|0000000001092781|092.10
20032026|502180|0000000000005771|0000000000348050|0000000000008733|0000000000535868|066.08
20032026|502219|0000000000004903|0000000002064899|0000000000010160|0000000004320569|048.26
20032026|502250|0000000000000040|0000000000017603|0000000000000040|0000000000017603|100.00
20032026|502281|0000000000027415|0000000000193276|0000000000030531|0000000000213164|089.79
20032026|502294|0000000000006917|0000000000323993|0000000000006927|0000000000324460|099.86
20032026|502330|0000000000002463|0000000000149800|0000000000002941|0000000000180610|083.75
20032026|502355|0000000000002963|0000000006235041|0000000000005864|0000000012407286|050.53
20032026|502420|0000000000010992|0000000000172135|0000000000015332|0000000000243278|071.69
20032026|502445|0000000000000715|0000000000028193|0000000000000844|0000000000033459|084.72
20032026|502448|0000000000067329|0000000000084850|0000000000067329|0000000000084850|100.00
20032026|502450|0000000000000134|0000000000034660|0000000000000229|0000000000059734|058.52
20032026|502587|0000000000003975|0000000000179670|0000000000003980|0000000000180311|099.87
20032026|502589|0000000000000018|0000000000001733|0000000000000019|0000000000001872|094.74
20032026|502820|0000000000002206|0000000000134677|0000000000002213|0000000000135113|099.68
20032026|502865|0000000000000714|0000000000234692|0000000000001054|0000000000346837|067.74
20032026|502873|0000000000000648|0000000000068688|0000000000000710|0000000000074986|091.27
20032026|502901|0000000000006325|0000000000480827|0000000000006325|0000000000481957|100.00
20032026|502933|0000000000000169|0000000000016470|0000000000000219|0000000000020586|077.17
20032026|502937|0000000000082308|0000000000674013|0000000000082308|0000000000674013|100.00
20032026|502958|0000000000000091|0000000000654459|0000000000000116|0000000000837992|078.45
20032026|502986|0000000000010152|0000000005388682|0000000000029367|0000000015547171|034.57
20032026|503031|0000000000018489|0000000000286395|0000000000026344|0000000000411166|070.18
20032026|503092|0000000000000546|0000000000015370|0000000000000646|0000000000018819|084.52
20032026|503100|0000000000010233|0000000015806404|0000000000016312|0000000025328668|062.73
20032026|503101|0000000000004065|0000000001699780|0000000000005592|0000000002330423|072.69
20032026|503127|0000000000000001|0000000000004400|0000000000000001|0000000000004400|100.00
20032026|503162|0000000000000046|0000000000005198|0000000000000046|0000000000005198|100.00
20032026|503169|0000000000000650|0000000000130000|0000000000001015|0000000000204296|064.04
20032026|503229|0000000000000058|0000000000007543|0000000000000058|0000000000007542|100.00
20032026|503310|0000000000112083|0000000035715248|0000000000161707|0000000052741829|069.31
20032026|503349|0000000000000038|0000000000221164|0000000000000038|0000000000222106|100.00
20032026|503624|0000000000002155|0000000000016325|0000000000002155|0000000000016325|100.00
20032026|503635|0000000000000142|0000000000075899|0000000000000142|0000000000075899|100.00
20032026|503639|0000000000000005|0000000000000086|0000000000000005|0000000000000086|100.00
20032026|503641|0000000000161680|0000000000223119|0000000000167224|0000000000232675|096.68
20032026|503657|0000000000019354|0000000000214249|0000000000031048|0000000000343983|062.34
20032026|503663|0000000001302800|0000000001133436|0000000001924337|0000000001675341|067.70
20032026|503675|0000000000066379|0000000000066379|0000000000067679|0000000000067549|098.08
20032026|503681|0000000000000036|0000000003454002|0000000000000080|0000000007658711|045.00
20032026|503685|0000000000009107|0000000000140559|0000000000009107|0000000000140559|100.00
20032026|503722|0000000000000325|0000000000036563|0000000000000354|0000000000039861|091.81
20032026|503772|0000000000000034|0000000000002376|0000000000000034|0000000000002289|100.00
20032026|503776|0000000000000012|0000000000000420|0000000000000074|0000000000002425|016.22
20032026|503804|0000000000001620|0000000000366282|0000000000001670|0000000000380874|097.01
20032026|503806|0000000000006388|0000000015679346|0000000000011737|0000000029126554|054.43
20032026|503811|0000000000001515|0000000000719625|0000000000002244|0000000001075560|067.51
20032026|503816|0000000000009653|0000000000333029|0000000000011201|0000000000390415|086.18
20032026|503837|0000000000001138|0000000000013930|0000000000001142|0000000000014388|099.65
20032026|503960|0000000000001497|0000000003450136|0000000000002253|0000000005260868|066.44
20032026|504000|0000000000016354|0000000001439643|0000000000018271|0000000001610596|089.51
20032026|504028|0000000000018358|0000000001136911|0000000000024060|0000000001494325|076.30
20032026|504036|0000000000003607|0000000005359281|0000000000005022|0000000007756045|071.82
20032026|504058|0000000000000410|0000000000119536|0000000000000551|0000000000163669|074.41
20032026|504067|0000000000012918|0000000007291566|0000000000021125|0000000011923312|061.15
20032026|504076|0000000000016810|0000000001035328|0000000000019187|0000000001183803|087.61
20032026|504080|0000000000000010|0000000000009695|0000000000000010|0000000000009695|100.00
20032026|504084|0000000000000498|0000000000401214|0000000000000740|0000000000604326|067.30
20032026|504092|0000000000008054|0000000004389736|0000000000008054|0000000004389736|100.00
20032026|504093|0000000000001631|0000000000449667|0000000000001866|0000000000518270|087.41
20032026|504112|0000000000005282|0000000003099478|0000000000006650|0000000003936556|079.43
20032026|504132|0000000000007602|0000000005135532|0000000000009496|0000000006352244|080.05
20032026|504176|0000000000003706|0000000001928418|0000000000004644|0000000002428589|079.80
20032026|504180|0000000000000238|0000000000009926|0000000000000238|0000000000009926|100.00
20032026|504212|0000000000002650|0000000001793255|0000000000011633|0000000007911050|022.78
20032026|504220|0000000000012286|0000000000856089|0000000000012563|0000000000879646|097.80
20032026|504240|0000000000003788|0000000001596074|0000000000005389|0000000002301004|070.29
20032026|504258|0000000000000579|0000000000434801|0000000000000783|0000000000594627|073.95
20032026|504273|0000000000002285|0000000000047142|0000000000002285|0000000000047142|100.00
20032026|504286|0000000000000444|0000000000024420|0000000000000452|0000000000025326|098.23
20032026|504340|0000000000013744|0000000000084526|0000000000013744|0000000000084534|100.00
20032026|504341|0000000000001073|0000000000143031|0000000000001297|0000000000173179|082.73
20032026|504351|0000000002560163|0000000002816180|0000000003334141|0000000003676567|076.79
20032026|504356|0000000000000250|0000000000002100|0000000000000250|0000000000002144|100.00
20032026|504369|0000000000102063|0000000000050011|0000000000102063|0000000000050010|100.00
20032026|504375|0000000000000050|0000000000014252|0000000000000050|0000000000014252|100.00
20032026|504378|0000000000028035|0000000000063640|0000000000036895|0000000000084205|075.99
20032026|504380|0000000000000302|0000000000012479|0000000000000643|0000000000027235|046.97
20032026|504392|0000000000002272|0000000000043874|0000000000002272|0000000000043874|100.00
20032026|504397|0000000000000006|0000000000000586|0000000000000006|0000000000000586|100.00
20032026|504605|0000000000000110|0000000000310189|0000000000000132|0000000000373349|083.33
20032026|504614|0000000000016024|0000000008165831|0000000000030151|0000000015513139|053.15
20032026|504646|0000000000000905|0000000000459921|0000000000001364|0000000000694311|066.35
20032026|504648|0000000000001003|0000000000038125|0000000000001023|0000000000040757|098.04
20032026|504731|0000000000003069|0000000000277254|0000000000003888|0000000000353763|078.94
20032026|504741|0000000000001414|0000000000456935|0000000000001813|0000000000585958|077.99
20032026|504746|0000000000004236|0000000005826069|0000000000004236|0000000005826069|100.00
20032026|504786|0000000000001982|0000000001034307|0000000000002965|0000000001537650|066.85
20032026|504810|0000000000000134|0000000000011660|0000000000000211|0000000000018160|063.51
20032026|504840|0000000000000010|0000000000012500|0000000000000010|0000000000012417|100.00
20032026|504879|0000000000004452|0000000000171803|0000000000005296|0000000000204741|084.06
20032026|504882|0000000000000066|0000000000093021|0000000000000066|0000000000092540|100.00
20032026|504903|0000000000062063|0000000001015351|0000000000081930|0000000001378414|075.75
20032026|504908|0000000000000173|0000000000070870|0000000000000215|0000000000087258|080.47
20032026|504918|0000000000029677|0000000005497665|0000000000096553|0000000018067487|030.74
20032026|504959|0000000000000726|0000000001185413|0000000000000872|0000000001434736|083.26
20032026|504973|0000000000008663|0000000012172815|0000000000015298|0000000021632236|056.63
20032026|504988|0000000000000185|0000000000123728|0000000000000185|0000000000123055|100.00
20032026|505010|0000000000000174|0000000000288945|0000000000000241|0000000000405127|072.20
20032026|505029|0000000000000770|0000000000062232|0000000000000795|0000000000066069|096.86
20032026|505036|0000000000000166|0000000000262422|0000000000000191|0000000000303744|086.91
20032026|505075|0000000000001052|0000000000016548|0000000000001056|0000000000016668|099.62
20032026|505160|0000000000002063|0000000000488209|0000000000005290|0000000001277738|039.00
20032026|505163|0000000000003900|0000000002595840|0000000000004684|0000000003175843|083.26
20032026|505192|0000000000004781|0000000019347273|0000000000009574|0000000039390002|049.94
20032026|505196|0000000000003820|0000000000716823|0000000000004790|0000000000911783|079.75
20032026|505200|0000000000004129|0000000028524371|0000000000012573|0000000086530259|032.84
20032026|505212|0000000000000406|0000000000047827|0000000000000407|0000000000045190|099.75
20032026|505216|0000000000000119|0000000000305235|0000000000000134|0000000000339445|088.81
20032026|505232|0000000000000046|0000000000041771|0000000000000046|0000000000041861|100.00
20032026|505242|0000000000000213|0000000002063502|0000000000000692|0000000006688291|030.78
20032026|505250|0000000000003716|0000000000219951|0000000000003716|0000000000220157|100.00
20032026|505255|0000000000002799|0000000002401123|0000000000004210|0000000003698877|066.48
20032026|505283|0000000000001293|0000000001361336|0000000000002677|0000000002849966|048.30
20032026|505299|0000000000014220|0000000005690844|0000000000016401|0000000006704855|086.70
20032026|505302|0000000000000024|0000000000043632|0000000000000024|0000000000043667|100.00
20032026|505324|0000000000001659|0000000000020572|0000000000002063|0000000000026052|080.42
20032026|505336|0000000001433453|0000000000544713|0000000001773537|0000000000678583|080.82
20032026|505343|0000000000370928|0000000000152081|0000000000879348|0000000000364446|042.18
20032026|505355|0000000000003031|0000000003195432|0000000000005786|0000000006119629|052.38
20032026|505358|0000000000028682|0000000003860598|0000000000033446|0000000004515912|085.76
20032026|505368|0000000000000638|0000000000174876|0000000000000771|0000000000213588|082.75
20032026|505400|0000000000001543|0000000000137466|0000000000002009|0000000000178419|076.80
20032026|505412|0000000000000316|0000000002129050|0000000000000436|0000000002946002|072.48
20032026|505502|0000000000007127|0000000000009052|0000000000007127|0000000000009139|100.00
20032026|505504|0000000000003380|0000000000990167|0000000000003380|0000000000990167|100.00
20032026|505509|0000000000000676|0000000000101603|0000000000000681|0000000000103513|099.27
20032026|505515|0000000000005891|0000000000070751|0000000000007169|0000000000087696|082.17
20032026|505523|0000000000383620|0000000000126595|0000000000661693|0000000000212319|057.98
20032026|505526|0000000000007536|0000000000537393|0000000000008796|0000000000629324|085.68
20032026|505533|0000000000001684|0000000000736414|0000000000003498|0000000001519740|048.14
20032026|505537|0000000000296734|0000000021614105|0000000000523327|0000000038486670|056.70
20032026|505590|0000000000003953|0000000000010175|0000000000003953|0000000000010175|100.00
20032026|505650|0000000000070491|0000000001136315|0000000000070585|0000000001114938|099.87
20032026|505681|0000000000000183|0000000000099781|0000000000000263|0000000000140689|069.58
20032026|505688|0000000000000206|0000000000020281|0000000000000230|0000000000022609|089.57
20032026|505690|0000000000000080|0000000000062240|0000000000000105|0000000000079738|076.19
20032026|505693|0000000000042236|0000000000417292|0000000000066029|0000000000642353|063.97
20032026|505700|0000000000240879|0000000094388437|0000000000290580|0000000114125857|082.90
20032026|505710|0000000000331751|0000000018972840|0000000000382289|0000000022326453|086.78
20032026|505712|0000000000001696|0000000000326480|0000000000002631|0000000000505268|064.46
20032026|505714|0000000000003784|0000000003267674|0000000000012893|0000000011082801|029.35
20032026|505720|0000000000023067|0000000002322847|0000000000025142|0000000002569591|091.75
20032026|505725|0000000000155460|0000000008495889|0000000000351356|0000000019313739|044.25
20032026|505726|0000000000001559|0000000001524157|0000000000002481|0000000002442071|062.84
20032026|505729|0000000000050035|0000000003528469|0000000000058650|0000000004222309|085.31
20032026|505737|0000000000002872|0000000001169766|0000000000003560|0000000001475903|080.67
20032026|505744|0000000000001705|0000000000649946|0000000000002681|0000000001023692|063.60
20032026|505750|0000000000014868|0000000003282855|0000000000018791|0000000004154368|079.12
20032026|505790|0000000000039443|0000000164887518|0000000000044536|0000000183974944|088.56
20032026|505800|0000000000000144|0000000000153864|0000000000000148|0000000000158565|097.30
20032026|505827|0000000000001454|0000000000481420|0000000000001620|0000000000538683|089.75
20032026|505840|0000000000001585|0000000000050830|0000000000001585|0000000000050830|100.00
20032026|505850|0000000000010614|0000000001804380|0000000000017536|0000000002972022|060.53
20032026|505854|0000000000001115|0000000000256283|0000000000001407|0000000000323854|079.25
20032026|505872|0000000000010042|0000000003857635|0000000000017646|0000000006814869|056.91
20032026|505890|0000000000002617|0000000005810395|0000000000003276|0000000007284090|079.88
20032026|505893|0000000000000814|0000000000615791|0000000000000877|0000000000657846|092.82
20032026|505978|0000000000001400|0000000004735290|0000000000001501|0000000005093010|093.27
20032026|506003|0000000000000077|0000000000004308|0000000000000087|0000000000004814|088.51
20032026|506022|0000000000031426|0000000003819831|0000000000042105|0000000005175465|074.64
20032026|506076|0000000000008649|0000000012140169|0000000000015751|0000000022532348|054.91
20032026|506105|0000000000000042|0000000000002649|0000000000000095|0000000000006179|044.21
20032026|506109|0000000000047409|0000000012786208|0000000000066094|0000000018049677|071.73
20032026|506122|0000000000003240|0000000000137788|0000000000003240|0000000000137788|100.00
20032026|506128|0000000000002141|0000000000262594|0000000000002400|0000000000290784|089.21
20032026|506134|0000000000120777|0000000000971048|0000000000141696|0000000001093550|085.24
20032026|506146|0000000000040019|0000000000022411|0000000000052199|0000000000029369|076.67
20032026|506166|0000000000103901|0000000006023622|0000000000103901|0000000006023622|100.00
20032026|506180|0000000000000005|0000000000002229|0000000000000005|0000000000002229|100.00
20032026|506184|0000000000015754|0000000000021268|0000000000016076|0000000000021285|098.00
20032026|506186|0000000000019466|0000000000291212|0000000000026466|0000000000391041|073.55
20032026|506194|0000000000000155|0000000000032961|0000000000000156|0000000000033834|099.36
20032026|506197|0000000000719820|0000000151810038|0000000000755299|0000000160532741|095.30
20032026|506222|0000000000001760|0000000003458576|0000000000002084|0000000004120220|084.45
20032026|506235|0000000000009876|0000000000788303|0000000000014215|0000000001134927|069.48
20032026|506248|0000000000000922|0000000000140790|0000000000000946|0000000000144563|097.46
20032026|506260|0000000000004632|0000000000345918|0000000000005020|0000000000376909|092.27
20032026|506261|0000000000001464|0000000000182927|0000000000002013|0000000000251666|072.73
20032026|506285|0000000000001711|0000000008074808|0000000000003530|0000000016478491|048.47
20032026|506365|0000000000000015|0000000000001308|0000000000000016|0000000000001308|093.75
20032026|506373|0000000000001672|0000000000308484|0000000000001672|0000000000308484|100.00
20032026|506390|0000000000001262|0000000000397215|0000000000001448|0000000000455814|087.15
20032026|506395|0000000000019219|0000000036799581|0000000000026846|0000000052794193|071.59
20032026|506401|0000000000003555|0000000004944472|0000000000008296|0000000011606939|042.85
20032026|506405|0000000000000237|0000000000052010|0000000000000292|0000000000063835|081.16
20032026|506414|0000000000029252|0000000010301092|0000000000039696|0000000013931452|073.69
20032026|506480|0000000000002577|0000000000609461|0000000000004774|0000000001144468|053.98
20032026|506520|0000000000006184|0000000000035806|0000000000008667|0000000000050303|071.35
20032026|506525|0000000000000707|0000000000045185|0000000000000825|0000000000052252|085.70
20032026|506528|0000000000000195|0000000000603574|0000000000000261|0000000000816308|074.71
20032026|506532|0000000000002140|0000000001735112|0000000000003110|0000000002501049|068.81
20032026|506543|0000000000000022|0000000000000196|0000000000000022|0000000000000196|100.00
20032026|506579|0000000000020645|0000000001921018|0000000000024685|0000000002320586|083.63
20032026|506590|0000000000037106|0000000009213420|0000000000071767|0000000017897823|051.70
20032026|506597|0000000000004752|0000000002261477|0000000000006215|0000000002963295|076.46
20032026|506605|0000000000000002|0000000000003988|0000000000000002|0000000000003988|100.00
20032026|506618|0000000000000116|0000000000119434|0000000000000122|0000000000124953|095.08
20032026|506640|0000000000000606|0000000000056358|0000000000000616|0000000000059208|098.38
20032026|506642|0000000000216894|0000000000318835|0000000000216894|0000000000318834|100.00
20032026|506655|0000000000033034|0000000026757540|0000000000035554|0000000028768352|092.91
20032026|506680|0000000000000021|0000000000000273|0000000000000021|0000000000000272|100.00
20032026|506685|0000000000010857|0000000004367772|0000000000018406|0000000007478366|058.99
20032026|506687|0000000000002490|0000000002468835|0000000000003043|0000000003069326|081.83
20032026|506690|0000000000000258|0000000000080767|0000000000000367|0000000000115149|070.30
20032026|506734|0000000000000200|0000000000016794|0000000000000209|0000000000017779|095.69
20032026|506767|0000000000000949|0000000001226678|0000000000002640|0000000003427758|035.95
20032026|506808|0000000000003771|0000000000186627|0000000000005713|0000000000280531|066.01
20032026|506820|0000000000000030|0000000000249134|0000000000000047|0000000000392928|063.83
20032026|506852|0000000000055322|0000000000988605|0000000000057219|0000000001041407|096.68
20032026|506854|0000000000005843|0000000011340095|0000000000015003|0000000029097490|038.95
20032026|506858|0000000000002252|0000000000132868|0000000000002284|0000000000135535|098.60
20032026|506863|0000000000006918|0000000000653028|0000000000006918|0000000000653028|100.00
20032026|506879|0000000000002424|0000000000666843|0000000000003332|0000000000926541|072.75
20032026|506906|0000000000001962|0000000000094580|0000000000001962|0000000000094580|100.00
20032026|506919|0000000000003839|0000000000598693|0000000000004553|0000000000719352|084.32
20032026|506935|0000000000000018|0000000000001148|0000000000000018|0000000000001147|100.00
20032026|506943|0000000000003314|0000000007143162|0000000000006458|0000000013760737|051.32
20032026|506979|0000000000002036|0000000000305604|0000000000002036|0000000000305331|100.00
20032026|506981|0000000000000928|0000000000110293|0000000000000928|0000000000107836|100.00
20032026|507155|0000000000005294|0000000000698808|0000000000006686|0000000000888296|079.18
20032026|507180|0000000000060151|0000000000285116|0000000000089525|0000000000431819|067.19
20032026|507205|0000000000008921|0000000003877959|0000000000028046|0000000012312517|031.81
20032026|507265|0000000000001285|0000000000221727|0000000000001346|0000000000235397|095.47
20032026|507300|0000000000000055|0000000000047586|0000000000000055|0000000000048051|100.00
20032026|507315|0000000000021532|0000000000315875|0000000000023260|0000000000338816|092.57
20032026|507410|0000000000022861|0000000003385715|0000000000043783|0000000006598296|052.21
20032026|507438|0000000000000149|0000000000112495|0000000000000155|0000000000116665|096.13
20032026|507474|0000000000000847|0000000000031348|0000000000000894|0000000000032743|094.74
20032026|507488|0000000000002727|0000000002754543|0000000000004463|0000000004547058|061.10
20032026|507490|0000000000060169|0000000000700969|0000000000076753|0000000000901200|078.39
20032026|507498|0000000000003089|0000000000100084|0000000000004805|0000000000154671|064.29
20032026|507514|0000000000047275|0000000003526243|0000000000078516|0000000005906398|060.21
20032026|507515|0000000000000263|0000000000004698|0000000000000263|0000000000004697|100.00
20032026|507526|0000000000001045|0000000000760499|0000000000001407|0000000001038007|074.27
20032026|507552|0000000000008866|0000000000480272|0000000000011459|0000000000616054|077.37
20032026|507580|0000000000000102|0000000000013021|0000000000000104|0000000000013979|098.08
20032026|507598|0000000000001436|0000000000144965|0000000000001633|0000000000163105|087.94
20032026|507609|0000000000000049|0000000000001236|0000000000000049|0000000000001235|100.00
20032026|507621|0000000000001121|0000000000052486|0000000000001525|0000000000071252|073.51
20032026|507645|0000000000000002|0000000000020301|0000000000000002|0000000000020550|100.00
20032026|507685|0000000000281038|0000000053692310|0000000000553054|0000000105383680|050.82
20032026|507690|0000000000001516|0000000000333247|0000000000001516|0000000000333247|100.00
20032026|507717|0000000000000509|0000000000488971|0000000000000848|0000000000823051|060.02
20032026|507747|0000000000000338|0000000000274592|0000000000000432|0000000000352887|078.24
20032026|507753|0000000000060091|0000000004971930|0000000000085221|0000000007117060|070.51
20032026|507759|0000000000000768|0000000000010069|0000000000000768|0000000000010082|100.00
20032026|507779|0000000000000040|0000000000007186|0000000000000057|0000000000010243|070.18
20032026|507785|0000000000000035|0000000000006230|0000000000000036|0000000000006465|097.22
20032026|507789|0000000000005914|0000000001081080|0000000000011160|0000000002022597|052.99
20032026|507794|0000000000016398|0000000000801699|0000000000021338|0000000001071705|076.85
20032026|507813|0000000000008326|0000000000529701|0000000000011362|0000000000720821|073.28
20032026|507815|0000000000001291|0000000010328581|0000000000002388|0000000019289719|054.06
20032026|507817|0000000000000002|0000000000000261|0000000000000004|0000000000000540|050.00
20032026|507828|0000000000058650|0000000000416415|0000000000096735|0000000000691968|060.63
20032026|507833|0000000000000965|0000000000003793|0000000000001267|0000000000004952|076.16
20032026|507836|0000000000000150|0000000000090998|0000000000000152|0000000000091810|098.68
20032026|507852|0000000000001114|0000000000105886|0000000000001193|0000000000113460|093.38
20032026|507864|0000000000004446|0000000000398072|0000000000004446|0000000000398072|100.00
20032026|507872|0000000000002801|0000000000114393|0000000000002817|0000000000112887|099.43
20032026|507878|0000000001386229|0000000005905336|0000000001555778|0000000006631665|089.10
20032026|507880|0000000000005075|0000000001710529|0000000000010902|0000000003621992|046.55
20032026|507910|0000000000002459|0000000000087581|0000000000002459|0000000000087581|100.00
20032026|507912|0000000000016730|0000000002842427|0000000000029197|0000000004948827|057.30
20032026|507938|0000000000000200|0000000000002410|0000000000000200|0000000000002410|100.00
20032026|507944|0000000000008368|0000000003160176|0000000000011969|0000000004540386|069.91
20032026|507946|0000000000000208|0000000000003308|0000000000000208|0000000000003307|100.00
20032026|507948|0000000000000208|0000000000014321|0000000000000257|0000000000017568|080.93
20032026|507960|0000000000003757|0000000000728671|0000000000006591|0000000001317905|057.00
20032026|507962|0000000000015855|0000000000069127|0000000000015855|0000000000069127|100.00
20032026|507966|0000000000000209|0000000000007807|0000000000000334|0000000000012775|062.57
20032026|507981|0000000000000211|0000000000013106|0000000000000211|0000000000013105|100.00
20032026|507998|0000000000001016|0000000000139497|0000000000001116|0000000000153636|091.04
20032026|508136|0000000000000111|0000000000039960|0000000000000115|0000000000042428|096.52
20032026|508486|0000000000000365|0000000002745914|0000000000000559|0000000004191471|065.30
20032026|508494|0000000000007290|0000000000292257|0000000000016224|0000000000672727|044.93
20032026|508571|0000000000000446|0000000000061437|0000000000000729|0000000000097217|061.18
20032026|508664|0000000000000097|0000000000001023|0000000000000147|0000000000001564|065.99
20032026|508670|0000000000000003|0000000000009600|0000000000000003|0000000000009476|100.00
20032026|508807|0000000000000885|0000000000582286|0000000000001389|0000000000927836|063.71
20032026|508814|0000000000002212|0000000001384381|0000000000003313|0000000002089629|066.77
20032026|508869|0000000000006044|0000000044503181|0000000000011185|0000000082322828|054.04
20032026|508875|0000000000003134|0000000001763502|0000000000003365|0000000001828245|093.14
20032026|508905|0000000000002847|0000000000212501|0000000000002857|0000000000212678|099.65
20032026|508906|0000000000000066|0000000000021464|0000000000000079|0000000000025978|083.54
20032026|508918|0000000000000678|0000000000027961|0000000000000999|0000000000040905|067.87
20032026|508922|0000000000032421|0000000000221111|0000000000032421|0000000000221111|100.00
20032026|508933|0000000000007967|0000000001454376|0000000000008106|0000000001553158|098.29
20032026|508941|0000000000002727|0000000001210652|0000000000003260|0000000001444105|083.65
20032026|508954|0000000000050705|0000000002798409|0000000000096331|0000000005891862|052.64
20032026|508956|0000000000019237|0000000000228921|0000000000022767|0000000000263405|084.50
20032026|508961|0000000000000001|0000000000000143|0000000000000001|0000000000000143|100.00
20032026|508969|0000000000009788|0000000000023883|0000000000014163|0000000000035328|069.11
20032026|508980|0000000000014569|0000000000126314|0000000000016817|0000000000149057|086.63
20032026|508989|0000000000001803|0000000000228621|0000000000002266|0000000000290335|079.57
20032026|509009|0000000000000436|0000000000042900|0000000000000436|0000000000042900|100.00
20032026|509015|0000000000000666|0000000000009054|0000000000000666|0000000000009054|100.00
20032026|509020|0000000000003119|0000000000015970|0000000000004219|0000000000020883|073.93
20032026|509024|0000000000052019|0000000000482737|0000000000066208|0000000000628093|078.57
20032026|509026|0000000000000052|0000000000004415|0000000000000063|0000000000005275|082.54
20032026|509038|0000000000000002|0000000000000026|0000000000000003|0000000000000037|066.67
20032026|509040|0000000000000053|0000000000009007|0000000000000053|0000000000009007|100.00
20032026|509046|0000000000000003|0000000000000081|0000000000000003|0000000000000081|100.00
20032026|509048|0000000000002224|0000000000045652|0000000000002224|0000000000045652|100.00
20032026|509051|0000000002458852|0000000001450723|0000000003202403|0000000001943263|076.78
20032026|509053|0000000000072586|0000000000435516|0000000000072929|0000000000436379|099.53
20032026|509055|0000000000010195|0000000000582033|0000000000012015|0000000000690127|084.85
20032026|509069|0000000000001088|0000000000005419|0000000000001585|0000000000008028|068.64
20032026|509073|0000000000000448|0000000000005242|0000000000000450|0000000000005157|099.56
20032026|509079|0000000000000433|0000000000127541|0000000000000522|0000000000153429|082.95
20032026|509152|0000000000000062|0000000000114700|0000000000000082|0000000000150149|075.61
20032026|509162|0000000000051230|0000000004630680|0000000000066813|0000000005909455|076.68
20032026|509196|0000000000001617|0000000000103505|0000000000001637|0000000000103294|098.78
20032026|509220|0000000000001341|0000000000050422|0000000000001427|0000000000054007|093.97
20032026|509243|0000000000000299|0000000001061944|0000000000000431|0000000001551893|069.37
20032026|509438|0000000000000140|0000000001330798|0000000000000180|0000000001711071|077.78
20032026|509449|0000000000001277|0000000000047313|0000000000001571|0000000000058192|081.29
20032026|509470|0000000000000014|0000000000268995|0000000000000015|0000000000289907|093.33
20032026|509472|0000000000000442|0000000000142766|0000000000000458|0000000000149846|096.51
20032026|509480|0000000000014348|0000000005978812|0000000000028803|0000000012002740|049.81
20032026|509486|0000000000002814|0000000000183642|0000000000003081|0000000000196828|091.33
20032026|509488|0000000000016170|0000000009816807|0000000000042597|0000000026344338|037.96
20032026|509496|0000000000012152|0000000006565118|0000000000024097|0000000013181072|050.43
20032026|509525|0000000000002154|0000000001829070|0000000000002181|0000000001854413|098.76
20032026|509546|0000000000004252|0000000000124924|0000000000005298|0000000000150930|080.26
20032026|509557|0000000000001992|0000000001215220|0000000000002818|0000000001724219|070.69
20032026|509563|0000000000002821|0000000000070187|0000000000004533|0000000000113645|062.23
20032026|509567|0000000000001444|0000000000440709|0000000000001646|0000000000512719|087.73
20032026|509597|0000000000000004|0000000000002824|0000000000000007|0000000000004997|057.14
20032026|509631|0000000000016768|0000000008354656|0000000000047523|0000000023831132|035.28
20032026|509635|0000000000000018|0000000000007118|0000000000000021|0000000000008096|085.71
20032026|509675|0000000000001882|0000000002348172|0000000000002230|0000000002784428|084.39
20032026|509692|0000000000000119|0000000000022099|0000000000000119|0000000000022058|100.00
20032026|509709|0000000000016458|0000000001143831|0000000000016706|0000000001166954|098.52
20032026|509715|0000000000007627|0000000000617177|0000000000009517|0000000000794802|080.14
20032026|509732|0000000000001317|0000000000225668|0000000000002809|0000000000483858|046.88
20032026|509760|0000000000002073|0000000000059682|0000000000002083|0000000000058253|099.52
20032026|509762|0000000000001133|0000000000057216|0000000000001133|0000000000057216|100.00
20032026|509820|0000000000002852|0000000000464591|0000000000005756|0000000000944281|049.55
20032026|509835|0000000000000412|0000000000005839|0000000000000512|0000000000007258|080.47
20032026|509874|0000000000002678|0000000000119573|0000000000005308|0000000000239723|050.45
20032026|509895|0000000000001277|0000000000181334|0000000000001335|0000000000191616|095.66
20032026|509930|0000000000002053|0000000007857858|0000000000004064|0000000015656629|050.52
20032026|509945|0000000000000037|0000000000032338|0000000000000038|0000000000033000|097.37
20032026|509953|0000000000000062|0000000000035061|0000000000000062|0000000000035061|100.00
20032026|509960|0000000000000023|0000000000034017|0000000000000023|0000000000032522|100.00
20032026|509966|0000000000016092|0000000003438056|0000000000024774|0000000005339011|064.96
20032026|510245|0000000000020145|0000000000064867|0000000000024689|0000000000079196|081.60
20032026|511000|0000000000000771|0000000000014233|0000000000000792|0000000000014638|097.35
20032026|511012|0000000000355620|0000000000237865|0000000000355620|0000000000237865|100.00
20032026|511018|0000000000102910|0000000005558170|0000000000113530|0000000006141738|090.65
20032026|511034|0000000000009390|0000000004466354|0000000000025903|0000000012330619|036.25
20032026|511066|0000000000034158|0000000000750110|0000000000045188|0000000001004217|075.59
20032026|511076|0000000000004511|0000000000326191|0000000000007084|0000000000529375|063.68
20032026|511092|0000000000003746|0000000000022327|0000000000004036|0000000000023643|092.81
20032026|511108|0000000000000004|0000000000000542|0000000000000004|0000000000000569|100.00
20032026|511110|0000000000005097|0000000000076761|0000000000005102|0000000000078612|099.90
20032026|511122|0000000000000070|0000000000005754|0000000000000074|0000000000006142|094.59
20032026|511131|0000000000009426|0000000000153550|0000000000009946|0000000000161589|094.77
20032026|511147|0000000000007064|0000000000439381|0000000000010611|0000000000651301|066.57
20032026|511153|0000000000009798|0000000000138446|0000000000015430|0000000000221422|063.50
20032026|511169|0000000000013805|0000000000054806|0000000000013805|0000000000054974|100.00
20032026|511176|0000000000000002|0000000000000171|0000000000000002|0000000000000171|100.00
20032026|511187|0000000000016168|0000000000023444|0000000000016169|0000000000023457|099.99
20032026|511194|0000000000000153|0000000000006441|0000000000000153|0000000000006441|100.00
20032026|511196|0000000000004871|0000000003990324|0000000000007677|0000000006358856|063.45
20032026|511208|0000000000004381|0000000000030142|0000000000006898|0000000000047638|063.51
20032026|511218|0000000000185819|0000000174790643|0000000000499761|0000000472197877|037.18
20032026|511243|0000000000126571|0000000182293883|0000000000139501|0000000202304901|090.73
20032026|511246|0000000000000219|0000000000000925|0000000000000384|0000000000001625|057.03
20032026|511260|0000000000048484|0000000002038268|0000000000049258|0000000002064691|098.43
20032026|511333|0000000000000412|0000000000091979|0000000000000540|0000000000121251|076.30
20032026|511355|0000000000012466|0000000000137002|0000000000012945|0000000000142091|096.30
20032026|511359|0000000000000960|0000000000048960|0000000000001086|0000000000053302|088.40
20032026|511391|0000000000000148|0000000000007665|0000000000000149|0000000000007716|099.33
20032026|511411|0000000000000428|0000000000011111|0000000000000448|0000000000012566|095.54
20032026|511413|0000000000000087|0000000000028610|0000000000000177|0000000000057166|049.15
20032026|511431|0000000000778413|0000000004444739|0000000000888672|0000000005094202|087.59
20032026|511447|0000000001204361|0000000001011663|0000000001204361|0000000001011663|100.00
20032026|511451|0000000000000006|0000000000000057|0000000000000006|0000000000000056|100.00
20032026|511463|0000000000006031|0000000000053918|0000000000007290|0000000000066903|082.73
20032026|511473|0000000000001819|0000000000056590|0000000000002186|0000000000068887|083.21
20032026|511493|0000000000015742|0000000000046754|0000000000017453|0000000000051492|090.20
20032026|511501|0000000000002004|0000000000041423|0000000000002672|0000000000057500|075.00
20032026|511505|0000000000000242|0000000000002905|0000000000000242|0000000000002905|100.00
20032026|511507|0000000000000002|0000000000000103|0000000000000004|0000000000000204|050.00
20032026|511509|0000000000029965|0000000000776693|0000000000055712|0000000001425869|053.79
20032026|511523|0000000000204128|0000000004129510|0000000000239498|0000000004856292|085.23
20032026|511525|0000000000028401|0000000000045442|0000000000030923|0000000000050038|091.84
20032026|511533|0000000000000783|0000000000029754|0000000000000810|0000000000029918|096.67
20032026|511535|0000000000001187|0000000000043484|0000000000001187|0000000000043484|100.00
20032026|511539|0000000000003110|0000000000042593|0000000000003110|0000000000042593|100.00
20032026|511543|0000000000002239|0000000000071648|0000000000002240|0000000000071703|099.96
20032026|511549|0000000000002266|0000000000104033|0000000000002266|0000000000102219|100.00
20032026|511551|0000000000027853|0000000007489672|0000000000028070|0000000007528933|099.23
20032026|511557|0000000003829472|0000000012407490|0000000004301604|0000000013952119|089.02
20032026|511559|0000000000001661|0000000000456526|0000000000002024|0000000000560130|082.07
20032026|511571|0000000000000342|0000000000040955|0000000000000342|0000000000040964|100.00
20032026|511577|0000000000066642|0000000000899667|0000000000066645|0000000000900090|100.00
20032026|511585|0000000000002331|0000000000006411|0000000000002331|0000000000006410|100.00
20032026|511589|0000000000011782|0000000000141502|0000000000013813|0000000000170190|085.30
20032026|511593|0000000000000351|0000000000006213|0000000000000351|0000000000006229|100.00
20032026|511601|0000000000000407|0000000000003228|0000000000000407|0000000000003213|100.00
20032026|511605|0000000000008670|0000000000590167|0000000000011526|0000000000789377|075.22
20032026|511609|0000000000001200|0000000000035640|0000000000001200|0000000000035357|100.00
20032026|511611|0000000000005334|0000000000035924|0000000000005334|0000000000035924|100.00
20032026|511626|0000000000003250|0000000000251778|0000000000003683|0000000000280851|088.24
20032026|511628|0000000000161068|0000000006075485|0000000000192455|0000000007441464|083.69
20032026|511630|0000000000003927|0000000000022502|0000000000004974|0000000000027914|078.95
20032026|511636|0000000000016099|0000000000031555|0000000000020810|0000000000040907|077.36
20032026|511644|0000000000013561|0000000000706027|0000000000013561|0000000000706027|100.00
20032026|511654|0000000000001154|0000000000065652|0000000000002076|0000000000118925|055.59
20032026|511658|0000000000017240|0000000000278082|0000000000017596|0000000000283800|097.98
20032026|511664|0000000000005869|0000000000062623|0000000000048814|0000000000503179|012.02
20032026|511672|0000000000042677|0000000001194103|0000000000057291|0000000001624473|074.49
20032026|511676|0000000000007128|0000000001011107|0000000000007918|0000000001133978|090.02
20032026|511692|0000000000007013|0000000000040816|0000000000009263|0000000000053969|075.71
20032026|511700|0000000006894911|0000000003309558|0000000011674867|0000000005663520|059.06
20032026|511702|0000000000116782|0000000018679281|0000000000117034|0000000018716650|099.78
20032026|511710|0000000000015212|0000000000031794|0000000000017148|0000000000035269|088.71
20032026|511712|0000000000000769|0000000000053315|0000000000000794|0000000000055054|096.85
20032026|511714|0000000000000901|0000000000173939|0000000000010565|0000000002070595|008.53
20032026|511716|0000000000000185|0000000000001003|0000000000000185|0000000000001025|100.00
20032026|511724|0000000000010935|0000000000118208|0000000000012753|0000000000140099|085.74
20032026|511726|0000000000016162|0000000000179343|0000000000016162|0000000000179343|100.00
20032026|511728|0000000000000100|0000000000001833|0000000000000100|0000000000001833|100.00
20032026|511734|0000000000001201|0000000000014700|0000000000001201|0000000000014700|100.00
20032026|511740|0000000000000170|0000000000020349|0000000000000170|0000000000020349|100.00
20032026|511742|0000000000021838|0000000002056048|0000000000054041|0000000005123708|040.41
20032026|511754|0000000000020068|0000000001765784|0000000000023506|0000000002067657|085.37
20032026|511756|0000000000000660|0000000000020490|0000000000000660|0000000000020490|100.00
20032026|511758|0000000000000139|0000000000009703|0000000000000214|0000000000015119|064.95
20032026|511764|0000000000035211|0000000001274639|0000000000036516|0000000001321698|096.43
20032026|511766|0000000000002158|0000000000424263|0000000000002297|0000000000451285|093.95
20032026|511768|0000000000001111|0000000000075382|0000000000001573|0000000000107990|070.63
20032026|512008|0000000000008826|0000000001728573|0000000000014779|0000000002952208|059.72
20032026|512014|0000000000000163|0000000000121044|0000000000000258|0000000000190649|063.18
20032026|512018|0000000000014527|0000000000129436|0000000000014855|0000000000132870|097.79
20032026|512020|0000000000000060|0000000000567006|0000000000000073|0000000000696655|082.19
20032026|512025|0000000000227063|0000000012831331|0000000000599794|0000000033889399|037.86
20032026|512036|0000000000000002|0000000000000319|0000000000000002|0000000000000319|100.00
20032026|512038|0000000000008206|0000000003004627|0000000000009720|0000000003486363|084.42
20032026|512047|0000000000745985|0000000003692626|0000000001134922|0000000005884813|065.73
20032026|512048|0000000000047856|0000000000133040|0000000000060175|0000000000169868|079.53
20032026|512062|0000000000000075|0000000000003722|0000000000000075|0000000000003722|100.00
20032026|512064|0000000000004002|0000000000168084|0000000000004002|0000000000176085|100.00
20032026|512068|0000000000367247|0000000035329162|0000000000570788|0000000055745362|064.34
20032026|512070|0000000000019498|0000000012185276|0000000000038093|0000000023943045|051.19
20032026|512093|0000000000032874|0000000000123508|0000000000032874|0000000000123508|100.00
20032026|512097|0000000000432200|0000000000108050|0000000000615226|0000000000153769|070.25
20032026|512099|0000000000000002|0000000000001960|0000000000000002|0000000000001960|100.00
20032026|512103|0000000000000121|0000000000032205|0000000000000143|0000000000037067|084.62
20032026|512115|0000000000002653|0000000000183986|0000000000002946|0000000000202863|090.05
20032026|512131|0000000000000352|0000000000015485|0000000000000384|0000000000016699|091.67
20032026|512149|0000000009033320|0000000009905616|0000000009033320|0000000009905616|100.00
20032026|512161|0000000000007898|0000000000172256|0000000000008143|0000000000180812|096.99
20032026|512165|0000000000003355|0000000000072972|0000000000003773|0000000000082602|088.92
20032026|512175|0000000000095910|0000000000320340|0000000000106644|0000000000358596|089.93
20032026|512179|0000000000010430|0000000003206182|0000000000013881|0000000004342173|075.14
20032026|512197|0000000000003336|0000000000014985|0000000000003336|0000000000014985|100.00
20032026|512217|0000000000019349|0000000000503848|0000000000026679|0000000000678804|072.53
20032026|512229|0000000000002772|0000000000413305|0000000000002772|0000000000413305|100.00
20032026|512237|0000000000163251|0000000016725065|0000000000665860|0000000071031919|024.52
20032026|512247|0000000000021226|0000000000054127|0000000000029047|0000000000074801|073.07
20032026|512257|0000000000009843|0000000000033664|0000000000014948|0000000000051784|065.85
20032026|512267|0000000000019967|0000000000183897|0000000000037075|0000000000345598|053.86
20032026|512277|0000000000000454|0000000000161247|0000000000000454|0000000000161247|100.00
20032026|512296|0000000000007461|0000000001089306|0000000000008355|0000000001219929|089.30
20032026|512297|0000000000009441|0000000000485267|0000000000009441|0000000000485267|100.00
20032026|512301|0000000000007366|0000000000248258|0000000000007366|0000000000248258|100.00
20032026|512329|0000000000004416|0000000001915220|0000000000006031|0000000002669653|073.22
20032026|512344|0000000000000613|0000000000003351|0000000000000613|0000000000003351|100.00
20032026|512345|0000000000000001|0000000000000153|0000000000000001|0000000000000153|100.00
20032026|512361|0000000000029934|0000000000714824|0000000000041152|0000000000972413|072.74
20032026|512379|0000000001110641|0000000002221282|0000000001442490|0000000003002485|076.99
20032026|512381|0000000000000085|0000000000021501|0000000000003085|0000000000777596|002.76
20032026|512393|0000000000010209|0000000000245016|0000000000014584|0000000000352879|070.00
20032026|512399|0000000000018335|0000000000635492|0000000000024421|0000000000836578|075.08
20032026|512415|0000000000068841|0000000000356597|0000000000071595|0000000000381918|096.15
20032026|512425|0000000000000014|0000000000008400|0000000000000018|0000000000010800|077.78
20032026|512437|0000000000000124|0000000000046990|0000000000000174|0000000000065500|071.26
20032026|512441|0000000002744356|0000000001152630|0000000006453258|0000000002822287|042.53
20032026|512443|0000000000015689|0000000000255539|0000000000015689|0000000000255539|100.00
20032026|512453|0000000000000413|0000000000240779|0000000000000507|0000000000298097|081.46
20032026|512455|0000000000019299|0000000024061994|0000000000055170|0000000069162720|034.98
20032026|512463|0000000000195593|0000000008854496|0000000000259797|0000000011766020|075.29
20032026|512477|0000000000000466|0000000000158864|0000000000000466|0000000000158864|100.00
20032026|512485|0000000000000005|0000000000000448|0000000000000005|0000000000000447|100.00
20032026|512489|0000000000013233|0000000000153503|0000000000013248|0000000000155324|099.89
20032026|512493|0000000000010382|0000000000577524|0000000000010382|0000000000577524|100.00
20032026|512499|0000000000046675|0000000000022871|0000000000046675|0000000000022870|100.00
20032026|512519|0000000000000200|0000000000016802|0000000000000200|0000000000016802|100.00
20032026|512527|0000000000001099|0000000000684842|0000000000001214|0000000000753642|090.53
20032026|512529|0000000000006223|0000000001172725|0000000000010160|0000000001935047|061.25
20032026|512531|0000000000001416|0000000000151937|0000000000003203|0000000000352973|044.21
20032026|512559|0000000000000576|0000000000013139|0000000000000805|0000000000018314|071.55
20032026|512565|0000000000001587|0000000000055292|0000000000001607|0000000000056755|098.76
20032026|512573|0000000000011022|0000000013289777|0000000000032412|0000000039053720|034.01
20032026|512587|0000000000008080|0000000000273347|0000000000008375|0000000000284284|096.48
20032026|512589|0000000000000054|0000000000008840|0000000000000070|0000000000011327|077.14
20032026|512591|0000000023116619|0000000025877509|0000000023116619|0000000025877509|100.00
20032026|512595|0000000000001755|0000000001618040|0000000000001755|0000000001618040|100.00
20032026|512597|0000000000000079|0000000000020461|0000000000000079|0000000000020531|100.00
20032026|512599|0000000000128821|0000000248283155|0000000000167674|0000000327478773|076.83
20032026|512600|0000000000001812|0000000000133708|0000000000003005|0000000000221204|060.30
20032026|512604|0000000000000407|0000000000003204|0000000000000423|0000000000002984|096.22
20032026|512608|0000000000081466|0000000000208553|0000000000102961|0000000000263957|079.12
20032026|512618|0000000000000027|0000000000000284|0000000000000027|0000000000000276|100.00
20032026|512624|0000000000022261|0000000000130005|0000000000029412|0000000000169386|075.69
20032026|512626|0000000000000012|0000000000001797|0000000000000012|0000000000001797|100.00
20032026|512634|0000000000021154|0000000003615219|0000000000023180|0000000003938676|091.26
20032026|513005|0000000000000497|0000000000021864|0000000000000612|0000000000026535|081.21
20032026|513023|0000000000010830|0000000005987907|0000000000020890|0000000011607841|051.84
20032026|513043|0000000000002849|0000000000396296|0000000000002849|0000000000394293|100.00
20032026|513059|0000000000022419|0000000000694989|0000000000023468|0000000000725386|095.53
20032026|513063|0000000000003496|0000000000073591|0000000000005446|0000000000110973|064.19
20032026|513097|0000000000001923|0000000000779392|0000000000003236|0000000001312402|059.43
20032026|513108|0000000000000045|0000000000036090|0000000000000054|0000000000043761|083.33
20032026|513117|0000000000006301|0000000000044171|0000000000009873|0000000000068783|063.82
20032026|513121|0000000000004154|0000000000279939|0000000000004210|0000000000282338|098.67
20032026|513173|0000000000001633|0000000000034898|0000000000001936|0000000000037742|084.35
20032026|513228|0000000000013758|0000000001966019|0000000000027731|0000000003989093|049.61
20032026|513250|0000000004014826|0000000042115525|0000000004565355|0000000048138700|087.94
20032026|513252|0000000000000094|0000000000073884|0000000000000133|0000000000104276|070.68
20032026|513262|0000000000008437|0000000001568861|0000000000022023|0000000004148127|038.31
20032026|513269|0000000000003993|0000000001488791|0000000000008759|0000000003270881|045.59
20032026|513295|0000000000000761|0000000000110536|0000000000001167|0000000000171375|065.21
20032026|513303|0000000000004300|0000000000052890|0000000000006419|0000000000079781|066.99
20032026|513307|0000000000000495|0000000000891131|0000000000000495|0000000000891131|100.00
20032026|513309|0000000000002314|0000000000016083|0000000000003007|0000000000020730|076.95
20032026|513337|0000000001889315|0000000001001337|0000000003405023|0000000001820349|055.49
20032026|513349|0000000000376283|0000000040695007|0000000000387333|0000000041908444|097.15
20032026|513353|0000000000003647|0000000000803435|0000000000004171|0000000000922103|087.44
20032026|513361|0000000000125215|0000000001845670|0000000000188895|0000000002773561|066.29
20032026|513369|0000000000008855|0000000001076326|0000000000016062|0000000001961115|055.13
20032026|513375|0000000000002085|0000000001590647|0000000000003852|0000000002908062|054.13
20032026|513377|0000000000243305|0000000014539907|0000000000699785|0000000042541778|034.77
20032026|513397|0000000000000112|0000000000001480|0000000000000112|0000000000001479|100.00
20032026|513418|0000000000088093|0000000000361182|0000000000106431|0000000000441092|082.77
20032026|513422|0000000000000141|0000000000004238|0000000000000141|0000000000004289|100.00
20032026|513436|0000000000001202|0000000000073335|0000000000001205|0000000000073756|099.75
20032026|513456|0000000000000646|0000000000032456|0000000000000746|0000000000037863|086.60
20032026|513460|0000000000000121|0000000000001018|0000000000000121|0000000000001018|100.00
20032026|513472|0000000000004649|0000000002255463|0000000000028647|0000000013832549|016.23
20032026|513488|0000000000005026|0000000000091524|0000000000005789|0000000000109616|086.82
20032026|513496|0000000000000299|0000000000091533|0000000000000299|0000000000091533|100.00
20032026|513498|0000000000002806|0000000000193390|0000000000004062|0000000000283150|069.08
20032026|513502|0000000000068001|0000000000556490|0000000000068001|0000000000556490|100.00
20032026|513509|0000000000000090|0000000000050126|0000000000000100|0000000000056219|090.00
20032026|513511|0000000000001686|0000000000477223|0000000000002675|0000000000772670|063.03
20032026|513513|0000000000000103|0000000000001000|0000000000000183|0000000000001776|056.28
20032026|513517|0000000000000979|0000000000227569|0000000000002697|0000000000625383|036.30
20032026|513519|0000000000001432|0000000001102784|0000000000001736|0000000001349129|082.49
20032026|513528|0000000000004589|0000000000177548|0000000000004589|0000000000177548|100.00
20032026|513532|0000000000011182|0000000004162500|0000000000016910|0000000006386047|066.13
20032026|513536|0000000000056160|0000000005250960|0000000000066161|0000000006097483|084.88
20032026|513540|0000000000010200|0000000000227663|0000000000010200|0000000000227663|100.00
20032026|513548|0000000000000013|0000000000002115|0000000000000014|0000000000002277|092.86
20032026|513554|0000000000000315|0000000000295537|0000000000000315|0000000000295537|100.00
20032026|513566|0000000000004326|0000000000050225|0000000000007080|0000000000083082|061.10
20032026|513575|0000000000041976|0000000000836162|0000000000044848|0000000000853300|093.60
20032026|513599|0000000000454672|0000000222198207|0000000001335311|0000000646140331|034.05
20032026|513629|0000000000002390|0000000000053274|0000000000002648|0000000000059285|090.26
20032026|513642|0000000000000002|0000000000000093|0000000000000004|0000000000000182|050.00
20032026|513683|0000000000090598|0000000024126248|0000000000198541|0000000053559931|045.63
20032026|513687|0000000000001476|0000000000007489|0000000000001476|0000000000007489|100.00
20032026|513693|0000000000002323|0000000000060027|0000000000002898|0000000000075311|080.16
20032026|513699|0000000000000010|0000000000000253|0000000000000010|0000000000000252|100.00
20032026|513709|0000000000001737|0000000000283392|0000000000002333|0000000000383722|074.45
20032026|513713|0000000000002705|0000000000009982|0000000000003173|0000000000011706|085.25
20032026|513721|0000000000000104|0000000000001592|0000000000000104|0000000000001592|100.00
20032026|513729|0000000000005453|0000000000123784|0000000000005505|0000000000127200|099.06
20032026|514010|0000000000219289|0000000004091933|0000000000269613|0000000005080641|081.33
20032026|514028|0000000000000072|0000000000002662|0000000000000083|0000000000003051|086.75
20032026|514030|0000000000013945|0000000001547895|0000000000014389|0000000001610939|096.91
20032026|514043|0000000000060677|0000000004786202|0000000000082727|0000000006586896|073.35
20032026|514060|0000000000002420|0000000000010431|0000000000003518|0000000000015460|068.79
20032026|514087|0000000000000249|0000000000012876|0000000000000338|0000000000017580|073.67
20032026|514113|0000000000003729|0000000000068980|0000000000003729|0000000000068980|100.00
20032026|514138|0000000000000380|0000000000120498|0000000000000459|0000000000148110|082.79
20032026|514142|0000000000003789|0000000000033675|0000000000003789|0000000000033675|100.00
20032026|514162|0000000000056840|0000000006513864|0000000000115160|0000000013071600|049.36
20032026|514165|0000000000205087|0000000000963909|0000000000218852|0000000001027897|093.71
20032026|514167|0000000000222191|0000000179197042|0000000000227655|0000000187780754|097.60
20032026|514171|0000000000000107|0000000000004649|0000000000000107|0000000000004649|100.00
20032026|514175|0000000000040183|0000000000309949|0000000000040183|0000000000309949|100.00
20032026|514177|0000000000000100|0000000000005900|0000000000000100|0000000000005900|100.00
20032026|514183|0000000000010582|0000000000783280|0000000000016871|0000000001265677|062.72
20032026|514197|0000000000000776|0000000000003128|0000000000001285|0000000000005154|060.39
20032026|514211|0000000000008954|0000000000262174|0000000000010585|0000000000317340|084.59
20032026|514223|0000000000000456|0000000000008326|0000000000000456|0000000000008326|100.00
20032026|514234|0000000000000047|0000000000020314|0000000000000069|0000000000029984|068.12
20032026|514238|0000000000005198|0000000004360343|0000000000005311|0000000004331958|097.87
20032026|514240|0000000000005964|0000000000033995|0000000000007258|0000000000042400|082.17
20032026|514248|0000000000000300|0000000000009291|0000000000000300|0000000000009291|100.00
20032026|514260|0000000000000002|0000000000000110|0000000000000002|0000000000000109|100.00
20032026|514264|0000000000004629|0000000000074296|0000000000004629|0000000000074398|100.00
20032026|514266|0000000000000624|0000000000031481|0000000000000624|0000000000031252|100.00
20032026|514272|0000000000003637|0000000000405708|0000000000004367|0000000000474933|083.28
20032026|514274|0000000000002083|0000000000118940|0000000000002085|0000000000121293|099.90
20032026|514280|0000000000000242|0000000000036022|0000000000000313|0000000000046321|077.32
20032026|514286|0000000000033878|0000000000474292|0000000000039554|0000000000564749|085.65
20032026|514300|0000000000000351|0000000000008828|0000000000000351|0000000000008774|100.00
20032026|514302|0000000000000010|0000000000001620|0000000000000010|0000000000001615|100.00
20032026|514316|0000000000010174|0000000001078953|0000000000011091|0000000001166677|091.73
20032026|514322|0000000000000039|0000000000003257|0000000000000041|0000000000003426|095.12
20032026|514324|0000000000000174|0000000000123372|0000000000000174|0000000000123372|100.00
20032026|514326|0000000000031521|0000000000208985|0000000000036858|0000000000240879|085.52
20032026|514330|0000000000005782|0000000003259025|0000000000007936|0000000004465875|072.86
20032026|514332|0000000000001650|0000000000070224|0000000000001797|0000000000076917|091.82
20032026|514336|0000000000001025|0000000000106295|0000000000001025|0000000000106295|100.00
20032026|514348|0000000000004133|0000000000007593|0000000000004133|0000000000007593|100.00
20032026|514354|0000000000008867|0000000000532198|0000000000013689|0000000000833426|064.77
20032026|514358|0000000000000008|0000000000000784|0000000000000008|0000000000000779|100.00
20032026|514360|0000000000039900|0000000000905730|0000000000058366|0000000001344102|068.36
20032026|514378|0000000000006989|0000000000088132|0000000000007102|0000000000088973|098.41
20032026|514386|0000000000215100|0000000001843407|0000000000225133|0000000001865785|095.54
20032026|514400|0000000000000756|0000000000013911|0000000000000756|0000000000013911|100.00
20032026|514402|0000000000066978|0000000000758861|0000000000087836|0000000000989074|076.25
20032026|514412|0000000000000012|0000000000001805|0000000000000012|0000000000001805|100.00
20032026|514414|0000000000000300|0000000000003444|0000000000000300|0000000000003444|100.00
20032026|514418|0000000000000238|0000000000094962|0000000000000239|0000000000095350|099.58
20032026|514428|0000000000001164|0000000000347396|0000000000001315|0000000000389178|088.52
20032026|514440|0000000000013411|0000000000405013|0000000000013569|0000000000413091|098.84
20032026|514442|0000000000012090|0000000000225116|0000000000012293|0000000000237157|098.35
20032026|514448|0000000000033988|0000000025705125|0000000000065138|0000000049159627|052.18
20032026|514450|0000000000000001|0000000000000164|0000000000000001|0000000000000164|100.00
20032026|514454|0000000000000239|0000000000007013|0000000000000239|0000000000007018|100.00
20032026|514470|0000000000002884|0000000000198708|0000000000007519|0000000000528932|038.36
20032026|515008|0000000000023055|0000000005128585|0000000000031451|0000000007030227|073.30
20032026|515018|0000000000000189|0000000000007712|0000000000000199|0000000000008390|094.97
20032026|515030|0000000000006950|0000000005639578|0000000000013500|0000000011145115|051.48
20032026|515037|0000000000000713|0000000000020998|0000000000000810|0000000000023835|088.02
20032026|515043|0000000000016882|0000000001571208|0000000000021896|0000000002043297|077.10
20032026|515055|0000000000043065|0000000020055371|0000000000119973|0000000055419667|035.90
20032026|515059|0000000000008820|0000000000267070|0000000000009240|0000000000276970|095.45
20032026|515085|0000000000004028|0000000000025417|0000000000004102|0000000000025851|098.20
20032026|515093|0000000000025154|0000000000847439|0000000000025154|0000000000829403|100.00
20032026|515147|0000000000025635|0000000002054646|0000000000032216|0000000002588872|079.57
20032026|516003|0000000000002064|0000000000271520|0000000000002272|0000000000287480|090.84
20032026|516016|0000000000001030|0000000000153676|0000000000001054|0000000000158534|097.72
20032026|516020|0000000000002000|0000000000007220|0000000000002431|0000000000008795|082.27
20032026|516022|0000000000002354|0000000000309434|0000000000002490|0000000000329959|094.54
20032026|516030|0000000000001183|0000000000101348|0000000000002725|0000000000231491|043.41
20032026|516032|0000000000032038|0000000000195112|0000000000037233|0000000000231961|086.05
20032026|516038|0000000000000645|0000000000149097|0000000000000645|0000000000149097|100.00
20032026|516062|0000000000000016|0000000000000082|0000000000000016|0000000000000082|100.00
20032026|516064|0000000000001128|0000000000429825|0000000000001791|0000000000695351|062.98
20032026|516072|0000000000000951|0000000000488862|0000000000001265|0000000000647459|075.18
20032026|516078|0000000000008519|0000000000476042|0000000000009622|0000000000537423|088.54
20032026|516082|0000000000000130|0000000000055198|0000000000000130|0000000000054937|100.00
20032026|516092|0000000000000543|0000000000017474|0000000000000543|0000000000017452|100.00
20032026|516096|0000000000000005|0000000000000969|0000000000000005|0000000000000969|100.00
20032026|516098|0000000000001329|0000000000010433|0000000000001331|0000000000010509|099.85
20032026|516106|0000000000002961|0000000000017263|0000000000005061|0000000000029915|058.51
20032026|516108|0000000000003012|0000000000271080|0000000000003169|0000000000285205|095.05
20032026|516110|0000000000063683|0000000000185955|0000000000070942|0000000000206819|089.77
20032026|517015|0000000000000444|0000000000468221|0000000000000681|0000000000725356|065.20
20032026|517035|0000000000092653|0000000013680216|0000000000179240|0000000026900916|051.69
20032026|517041|0000000000000721|0000000000660941|0000000000000927|0000000000864428|077.78
20032026|517059|0000000000004365|0000000002402060|0000000000004910|0000000002753714|088.90
20032026|517063|0000000000002610|0000000000321030|0000000000002977|0000000000352254|087.67
20032026|517077|0000000000000200|0000000000007200|0000000000000201|0000000000007298|099.50
20032026|517096|0000000000002421|0000000000165452|0000000000002597|0000000000181022|093.22
20032026|517119|0000000000001549|0000000000028363|0000000000001671|0000000000031694|092.70
20032026|517146|0000000000008403|0000000003371704|0000000000014917|0000000005999492|056.33
20032026|517166|0000000000020744|0000000002829482|0000000000035143|0000000004808055|059.03
20032026|517168|0000000000001126|0000000000763485|0000000000001665|0000000001134897|067.63
20032026|517170|0000000000045486|0000000000994324|0000000000050830|0000000001097474|089.49
20032026|517174|0000000000000199|0000000005644944|0000000000000272|0000000007806417|073.16
20032026|517201|0000000000000003|0000000000000246|0000000000000003|0000000000000246|100.00
20032026|517206|0000000000000312|0000000001578096|0000000000001128|0000000005734583|027.66
20032026|517214|0000000000004361|0000000000073483|0000000000005363|0000000000091453|081.32
20032026|517236|0000000000005357|0000000000396044|0000000000005548|0000000000407646|096.56
20032026|517238|0000000000000445|0000000000065927|0000000000000456|0000000000068743|097.59
20032026|517246|0000000000010918|0000000001243015|0000000000015540|0000000001766071|070.26
20032026|517258|0000000000000667|0000000000090546|0000000000000668|0000000000087983|099.85
20032026|517264|0000000000000118|0000000000009951|0000000000000164|0000000000013705|071.95
20032026|517271|0000000000035423|0000000023379180|0000000000072173|0000000048103229|049.08
20032026|517273|0000000000000388|0000000000129107|0000000000000388|0000000000129107|100.00
20032026|517286|0000000000212474|0000000011434463|0000000000212474|0000000011434463|100.00
20032026|517288|0000000000002499|0000000000132447|0000000000002810|0000000000152350|088.93
20032026|517300|0000000000018693|0000000002488973|0000000000026355|0000000003543087|070.93
20032026|517320|0000000000030069|0000000001886039|0000000000030069|0000000001886039|100.00
20032026|517334|0000000000276100|0000000030812760|0000000000635594|0000000071941844|043.44
20032026|517344|0000000000002947|0000000000500254|0000000000005646|0000000000986787|052.20
20032026|517354|0000000000008398|0000000010761198|0000000000016650|0000000021572276|050.44
20032026|517356|0000000000305366|0000000000377972|0000000000305366|0000000000377972|100.00
20032026|517360|0000000000000235|0000000000004242|0000000000000235|0000000000004241|100.00
20032026|517370|0000000000001769|0000000000149092|0000000000001770|0000000000145933|099.94
20032026|517372|0000000000004666|0000000002103900|0000000000005536|0000000002489530|084.28
20032026|517380|0000000000000781|0000000000246289|0000000000001147|0000000000360205|068.09
20032026|517385|0000000000003324|0000000002560976|0000000000005488|0000000004259898|060.57
20032026|517393|0000000000171139|0000000001368398|0000000000171139|0000000001368398|100.00
20032026|517397|0000000000000004|0000000000000138|0000000000000004|0000000000000139|100.00
20032026|517399|0000000000000089|0000000000000277|0000000000000089|0000000000000277|100.00
20032026|517411|0000000000017347|0000000000157164|0000000000017557|0000000000159052|098.80
20032026|517415|0000000000006904|0000000000051825|0000000000006904|0000000000051825|100.00
20032026|517417|0000000000004387|0000000000971721|0000000000006236|0000000001372935|070.35
20032026|517421|0000000000002341|0000000001498240|0000000000003936|0000000002559908|059.48
20032026|517429|0000000000000248|0000000000016430|0000000000000261|0000000000017417|095.02
20032026|517431|0000000000559517|0000000009153699|0000000000654719|0000000010607245|085.46
20032026|517437|0000000000000500|0000000000051525|0000000000000500|0000000000051525|100.00
20032026|517447|0000000000002527|0000000000069291|0000000000004123|0000000000114241|061.29
20032026|517449|0000000000000854|0000000000768771|0000000000001005|0000000000915608|084.98
20032026|517467|0000000000021089|0000000002826981|0000000000042160|0000000005783941|050.02
20032026|517477|0000000000002910|0000000000920288|0000000000002963|0000000000951873|098.21
20032026|517494|0000000000063739|0000000000725350|0000000000065201|0000000000749870|097.76
20032026|517498|0000000001509099|0000000112593877|0000000003395250|0000000240896589|044.45
20032026|517500|0000000000009948|0000000000561963|0000000000017638|0000000000997499|056.40
20032026|517506|0000000000006714|0000000003136446|0000000000016289|0000000007727127|041.22
20032026|517514|0000000000040842|0000000009087345|0000000000060164|0000000013515765|067.88
20032026|517522|0000000000000994|0000000000368973|0000000000001476|0000000000553528|067.34
20032026|517530|0000000000000801|0000000000014010|0000000000001097|0000000000018813|073.02
20032026|517536|0000000000000481|0000000000113565|0000000000000757|0000000000180290|063.54
20032026|517544|0000000000002762|0000000008248713|0000000000009892|0000000029521567|027.92
20032026|517546|0000000000022130|0000000000889848|0000000000027700|0000000001142222|079.89
20032026|517554|0000000000485010|0000000000363758|0000000000669998|0000000000508526|072.39
20032026|517556|0000000000001351|0000000000034046|0000000000001634|0000000000041187|082.68
20032026|517562|0000000000007034|0000000000332849|0000000000007251|0000000000349376|097.01
20032026|517569|0000000000001788|0000000007488502|0000000000007322|0000000031071697|024.42
20032026|518011|0000000000001649|0000000000086524|0000000000002261|0000000000118066|072.93
20032026|518053|0000000000000150|0000000000006000|0000000000000150|0000000000005901|100.00
20032026|518075|0000000000003567|0000000000758878|0000000000003567|0000000000758878|100.00
20032026|518091|0000000000000767|0000000000087323|0000000000000818|0000000000093020|093.77
20032026|519003|0000000000002080|0000000000632008|0000000000002142|0000000000640927|097.11
20032026|519014|0000000000000600|0000000000008119|0000000000000600|0000000000008119|100.00
20032026|519064|0000000000000034|0000000000004008|0000000000000034|0000000000004008|100.00
20032026|519091|0000000000000995|0000000006700579|0000000000001021|0000000006898361|097.45
20032026|519097|0000000000004045|0000000000204677|0000000000004558|0000000000237385|088.74
20032026|519105|0000000000001708|0000000000100209|0000000000001780|0000000000105818|095.96
20032026|519126|0000000000001565|0000000000753861|0000000000003164|0000000001517363|049.46
20032026|519136|0000000000077825|0000000007014368|0000000000079471|0000000007205654|097.93
20032026|519152|0000000000000002|0000000000019750|0000000000000002|0000000000019750|100.00
20032026|519156|0000000000000319|0000000001446410|0000000000000389|0000000001790204|082.01
20032026|519183|0000000000014875|0000000002594200|0000000000017051|0000000003010786|087.24
20032026|519191|0000000000165160|0000000000199288|0000000000165160|0000000000199288|100.00
20032026|519214|0000000000000111|0000000000000622|0000000000000111|0000000000000621|100.00
20032026|519216|0000000000092915|0000000001920554|0000000000124324|0000000002627963|074.74
20032026|519224|0000000000002555|0000000000069624|0000000000007184|0000000000192726|035.57
20032026|519230|0000000000004489|0000000000080219|0000000000005777|0000000000102181|077.70
20032026|519234|0000000000000020|0000000000000623|0000000000000023|0000000000000706|086.96
20032026|519238|0000000000000429|0000000000018143|0000000000000626|0000000000026702|068.53
20032026|519242|0000000000000002|0000000000000161|0000000000000002|0000000000000160|100.00
20032026|519262|0000000000001235|0000000000017636|0000000000001364|0000000000019547|090.54
20032026|519285|0000000000000037|0000000000000257|0000000000000037|0000000000000257|100.00
20032026|519287|0000000000021071|0000000000728636|0000000000021829|0000000000751317|096.53
20032026|519295|0000000000000605|0000000000114950|0000000000000634|0000000000123066|095.43
20032026|519299|0000000000020612|0000000000694007|0000000000022295|0000000000760924|092.45
20032026|519307|0000000000203390|0000000000192675|0000000000203390|0000000000192675|100.00
20032026|519331|0000000000008151|0000000000306886|0000000000011629|0000000000457531|070.09
20032026|519359|0000000000000144|0000000000009647|0000000000000155|0000000000010424|092.90
20032026|519383|0000000000001929|0000000000075907|0000000000005863|0000000000227694|032.90
20032026|519397|0000000000001105|0000000000162214|0000000000111329|0000000016321745|000.99
20032026|519421|0000000000010884|0000000002086463|0000000000012282|0000000002364431|088.62
20032026|519457|0000000000005692|0000000000170021|0000000000007050|0000000000210155|080.74
20032026|519463|0000000000000115|0000000000078677|0000000000000115|0000000000078677|100.00
20032026|519471|0000000000000147|0000000000023741|0000000000000174|0000000000028679|084.48
20032026|519477|0000000000080362|0000000078400149|0000000000080362|0000000078400149|100.00
20032026|519483|0000000000022250|0000000000564483|0000000000022677|0000000000534139|098.12
20032026|519500|0000000000010789|0000000000098180|0000000000021113|0000000000202301|051.10
20032026|519528|0000000000000061|0000000000005375|0000000000000061|0000000000005375|100.00
20032026|519532|0000000000018645|0000000000179365|0000000000029446|0000000000281111|063.32
20032026|519552|0000000000006650|0000000002057178|0000000000010813|0000000003382460|061.50
20032026|519566|0000000000001290|0000000000192210|0000000000001330|0000000000196685|096.99
20032026|519574|0000000000002877|0000000000120230|0000000000003244|0000000000134850|088.69
20032026|519600|0000000000009181|0000000009998569|0000000000025080|0000000027198117|036.61
20032026|519602|0000000000088878|0000000001433603|0000000000150374|0000000002453029|059.10
20032026|519604|0000000000000175|0000000000003121|0000000000000175|0000000000003112|100.00
20032026|519606|0000000000000757|0000000000047168|0000000000000757|0000000000047168|100.00
20032026|519612|0000000000000092|0000000000006896|0000000000000092|0000000000006895|100.00
20032026|520008|0000000000012871|0000000001407444|0000000000046845|0000000005146564|027.48
20032026|520021|0000000000002747|0000000000271816|0000000000003819|0000000000377834|071.93
20032026|520043|0000000000000527|0000000000063530|0000000000000758|0000000000091642|069.52
20032026|520051|0000000000085938|0000000010260998|0000000000121695|0000000014784383|070.62
20032026|520056|0000000000000192|0000000002672304|0000000000000377|0000000005220629|050.93
20032026|520057|0000000000001529|0000000000193878|0000000000002285|0000000000291653|066.91
20032026|520059|0000000000002103|0000000000155665|0000000000003552|0000000000265859|059.21
20032026|520066|0000000000002791|0000000000240585|0000000000005092|0000000000443968|054.81
20032026|520073|0000000000000993|0000000001243088|0000000000001868|0000000002306739|053.16
20032026|520075|0000000000013141|0000000001457337|0000000000013758|0000000001536378|095.52
20032026|520081|0000000000000800|0000000000013754|0000000000000800|0000000000013754|100.00
20032026|520086|0000000000000008|0000000000000517|0000000000000008|0000000000000517|100.00
20032026|520111|0000000000000642|0000000001483727|0000000000001366|0000000003187792|047.00
20032026|520113|0000000000002587|0000000001233611|0000000000004257|0000000002043857|060.77
20032026|520119|0000000000000880|0000000000366872|0000000000001069|0000000000445961|082.32
20032026|520121|0000000000030539|0000000000571390|0000000000030539|0000000000571390|100.00
20032026|520123|0000000000000870|0000000000051183|0000000000001058|0000000000063854|082.23
20032026|520127|0000000000020627|0000000000220091|0000000000021870|0000000000239814|094.32
20032026|520141|0000000000006433|0000000000047090|0000000000007277|0000000000053532|088.40
20032026|520151|0000000000001957|0000000000260771|0000000000002233|0000000000299538|087.64
20032026|520155|0000000000000543|0000000000021129|0000000000000656|0000000000025346|082.77
20032026|521005|0000000005815773|0000000004361830|0000000010370784|0000000007768841|056.08
20032026|521014|0000000000001023|0000000000015345|0000000000001023|0000000000014367|100.00
20032026|521016|0000000000003655|0000000000850153|0000000000008882|0000000002086725|041.15
20032026|521018|0000000000000200|0000000000008000|0000000000000370|0000000000014744|054.05
20032026|521034|0000000000002630|0000000000246830|0000000000002630|0000000000246830|100.00
20032026|521048|0000000000000045|0000000000001050|0000000000000046|0000000000001073|097.83
20032026|521054|0000000000002527|0000000000024993|0000000000002527|0000000000025014|100.00
20032026|521062|0000000000000073|0000000000000335|0000000000000074|0000000000000334|098.65
20032026|521064|0000000000405178|0000000009829619|0000000000972130|0000000023407072|041.68
20032026|521070|0000000000297182|0000000003818789|0000000000478264|0000000006215091|062.14
20032026|521080|0000000000005254|0000000000038933|0000000000007205|0000000000049759|072.92
20032026|521097|0000000000000386|0000000000050219|0000000000000413|0000000000053864|093.46
20032026|521105|0000000000002163|0000000000063809|0000000000002166|0000000000063805|099.86
20032026|521109|0000000000004024|0000000000087120|0000000000004138|0000000000087295|097.24
20032026|521113|0000000000004075|0000000000319236|0000000000004076|0000000000318487|099.98
20032026|521131|0000000000000273|0000000000006907|0000000000000279|0000000000007058|097.85
20032026|521137|0000000000016734|0000000000067271|0000000000022220|0000000000088711|075.31
20032026|521141|0000000000004101|0000000000065575|0000000000004163|0000000000064226|098.51
20032026|521149|0000000000000972|0000000000008126|0000000000000972|0000000000007610|100.00
20032026|521151|0000000000000002|0000000000000113|0000000000000002|0000000000000112|100.00
20032026|521161|0000000000000100|0000000000002682|0000000000000100|0000000000002682|100.00
20032026|521163|0000000000006179|0000000000410471|0000000000008137|0000000000553712|075.94
20032026|521178|0000000000003895|0000000000142519|0000000000003947|0000000000144983|098.68
20032026|521180|0000000000002912|0000000000012872|0000000000005009|0000000000022112|058.14
20032026|521194|0000000000000271|0000000000109064|0000000000000324|0000000000130884|083.64
20032026|521200|0000000000000948|0000000000050102|0000000000000948|0000000000050239|100.00
20032026|521206|0000000000037549|0000000000047688|0000000000038891|0000000000047987|096.55
20032026|521216|0000000000001718|0000000000128988|0000000000002277|0000000000169875|075.45
20032026|521220|0000000000001475|0000000000037436|0000000000002100|0000000000050178|070.24
20032026|521222|0000000000000005|0000000000000174|0000000000000005|0000000000000172|100.00
20032026|521226|0000000000000264|0000000000004924|0000000000000465|0000000000008812|056.77
20032026|521228|0000000000012895|0000000000030304|0000000000020657|0000000000048531|062.42
20032026|521234|0000000000002446|0000000000072182|0000000000002448|0000000000075860|099.92
20032026|521238|0000000000007877|0000000000720746|0000000000013954|0000000001295130|056.45
20032026|521240|0000000000000260|0000000000023530|0000000000000260|0000000000023533|100.00
20032026|521244|0000000000000737|0000000000074069|0000000000000738|0000000000076011|099.86
20032026|521246|0000000000128517|0000000000299970|0000000000128517|0000000000299970|100.00
20032026|521248|0000000000043454|0000000006935259|0000000000055871|0000000008935058|077.78
20032026|522001|0000000000001194|0000000000085180|0000000000001320|0000000000096328|090.45
20032026|522004|0000000000073112|0000000005629624|0000000000086247|0000000006722804|084.77
20032026|522005|0000000000003230|0000000000338827|0000000000003332|0000000000344371|096.94
20032026|522014|0000000000000148|0000000000023599|0000000000000436|0000000000068013|033.94
20032026|522017|0000000000002200|0000000001294700|0000000000002969|0000000001786588|074.10
20032026|522029|0000000000004160|0000000000948480|0000000000004413|0000000001023224|094.27
20032026|522034|0000000000000404|0000000000178366|0000000000000515|0000000000226658|078.45
20032026|522064|0000000000000139|0000000000280704|0000000000000192|0000000000389179|072.40
20032026|522073|0000000000000100|0000000000060500|0000000000000100|0000000000060500|100.00
20032026|522074|0000000000006080|0000000002915360|0000000000012914|0000000006179982|047.08
20032026|522091|0000000000008282|0000000000278881|0000000000008282|0000000000278881|100.00
20032026|522101|0000000000020621|0000000010283693|0000000000037121|0000000018520096|055.55
20032026|522105|0000000000039260|0000000001170734|0000000000051268|0000000001534850|076.58
20032026|522108|0000000000000862|0000000000570946|0000000000000896|0000000000599267|096.21
20032026|522113|0000000000001109|0000000003508156|0000000000002578|0000000008315572|043.02
20032026|522122|0000000000001487|0000000002214887|0000000000002234|0000000003332820|066.56
20032026|522134|0000000000004903|0000000000732018|0000000000005198|0000000000772837|094.32
20032026|522152|0000000000000228|0000000000021421|0000000000000243|0000000000022937|093.83
20032026|522163|0000000000017668|0000000002248253|0000000000033481|0000000004249738|052.77
20032026|522165|0000000000015868|0000000000559030|0000000000022444|0000000000804534|070.70
20032026|522183|0000000000001277|0000000000310822|0000000000001424|0000000000345993|089.68
20032026|522195|0000000000010591|0000000014553094|0000000000017518|0000000024587769|060.46
20032026|522205|0000000000063220|0000000019920622|0000000000136718|0000000043176412|046.24
20032026|522207|0000000000000848|0000000000045538|0000000000000850|0000000000045422|099.76
20032026|522209|0000000000009331|0000000000051601|0000000000009394|0000000000052128|099.33
20032026|522215|0000000000005641|0000000001612762|0000000000009280|0000000002695594|060.79
20032026|522217|0000000000003764|0000000001676674|0000000000008421|0000000003857391|044.70
20032026|522229|0000000000007578|0000000001866841|0000000000010070|0000000002513173|075.25
20032026|522231|0000000000003257|0000000000213269|0000000000004068|0000000000260085|080.06
20032026|522235|0000000000002309|0000000000005034|0000000000002987|0000000000006551|077.30
20032026|522237|0000000000000236|0000000000004956|0000000000000236|0000000000004964|100.00
20032026|522241|0000000000000999|0000000000427323|0000000000001331|0000000000571861|075.06
20032026|522249|0000000000001536|0000000000783284|0000000000002467|0000000001259623|062.26
20032026|522251|0000000000001520|0000000000275804|0000000000001953|0000000000358565|077.83
20032026|522257|0000000000036118|0000000002018274|0000000000070159|0000000003947999|051.48
20032026|522261|0000000000000904|0000000000347498|0000000000002087|0000000000809214|043.32
20032026|522267|0000000000000591|0000000000020094|0000000000000616|0000000000021088|095.94
20032026|522273|0000000000000755|0000000000112495|0000000000000959|0000000000144049|078.73
20032026|522275|0000000000027950|0000000102860193|0000000000038672|0000000144723043|072.27
20032026|522281|0000000000000685|0000000000210295|0000000000000899|0000000000277286|076.20
20032026|522285|0000000000698353|0000000051964447|0000000001126536|0000000084789615|061.99
20032026|522287|0000000000001158|0000000001241782|0000000000003559|0000000003834115|032.54
20032026|522289|0000000000000399|0000000000031252|0000000000000399|0000000000031252|100.00
20032026|522292|0000000000007446|0000000001083021|0000000000021925|0000000003225625|033.96
20032026|522294|0000000000001005|0000000000174870|0000000000001005|0000000000174918|100.00
20032026|522295|0000000000000260|0000000000162565|0000000000000345|0000000000214686|075.36
20032026|522650|0000000000004058|0000000000307678|0000000000005873|0000000000453100|069.10
20032026|523007|0000000000000006|0000000000000592|0000000000000006|0000000000000591|100.00
20032026|523011|0000000000000077|0000000000006014|0000000000000077|0000000000005856|100.00
20032026|523019|0000000000031911|0000000000426012|0000000000041630|0000000000559289|076.65
20032026|523021|0000000000000580|0000000000020295|0000000000000590|0000000000020980|098.30
20032026|523023|0000000000012901|0000000000952094|0000000000013299|0000000001003167|097.01
20032026|523025|0000000000001837|0000000002798027|0000000000003709|0000000005786841|049.53
20032026|523062|0000000000000108|0000000000005752|0000000000000108|0000000000005752|100.00
20032026|523100|0000000000011756|0000000001233793|0000000000016689|0000000001767414|070.44
20032026|523105|0000000000016064|0000000000108272|0000000000035610|0000000000241613|045.11
20032026|523120|0000000000001499|0000000000158003|0000000000001499|0000000000158003|100.00
20032026|523127|0000000000000931|0000000000280325|0000000000001075|0000000000324071|086.60
20032026|523144|0000000000001205|0000000000029511|0000000000001325|0000000000032642|090.94
20032026|523151|0000000000000124|0000000000001023|0000000000000124|0000000000001023|100.00
20032026|523160|0000000000000338|0000000000431255|0000000000000423|0000000000539514|079.91
20032026|523186|0000000000000426|0000000000070908|0000000000000426|0000000000071376|100.00
20032026|523207|0000000000007500|0000000000576225|0000000000009439|0000000000745117|079.46
20032026|523222|0000000000004237|0000000000081538|0000000000004237|0000000000081538|100.00
20032026|523229|0000000000006106|0000000000975129|0000000000013529|0000000002158331|045.13
20032026|523232|0000000000005575|0000000000481011|0000000000005609|0000000000473182|099.39
20032026|523242|0000000000002700|0000000000019467|0000000000002700|0000000000019467|100.00
20032026|523248|0000000000000101|0000000000025670|0000000000000130|0000000000033346|077.69
20032026|523260|0000000000002219|0000000000035083|0000000000002310|0000000000036757|096.06
20032026|523261|0000000000003069|0000000004002437|0000000000004664|0000000005986147|065.80
20032026|523269|0000000000002528|0000000000130824|0000000000003923|0000000000204291|064.44
20032026|523283|0000000000002863|0000000000398816|0000000000002951|0000000000411461|097.02
20032026|523289|0000000000000715|0000000000091842|0000000000001050|0000000000136146|068.10
20032026|523301|0000000000000355|0000000000833398|0000000000000604|0000000001420271|058.77
20032026|523309|0000000000043777|0000000003938179|0000000000051505|0000000004641491|085.00
20032026|523319|0000000000007430|0000000001205518|0000000000010567|0000000001723195|070.31
20032026|523323|0000000000003176|0000000016734027|0000000000004983|0000000025983683|063.74
20032026|523367|0000000000001047|0000000001093592|0000000000002178|0000000002269612|048.07
20032026|523369|0000000000007237|0000000000256046|0000000000011424|0000000000412086|063.35
20032026|523371|0000000000006631|0000000000546594|0000000000008895|0000000000729216|074.55
20032026|523373|0000000000013648|0000000000241843|0000000000015025|0000000000269290|090.84
20032026|523384|0000000000016017|0000000000904320|0000000000027827|0000000001645081|057.56
20032026|523385|0000000000000651|0000000000794351|0000000000000791|0000000000963801|082.30
20032026|523387|0000000000076797|0000000000105258|0000000000076797|0000000000105258|100.00
20032026|523391|0000000000000335|0000000000080266|0000000000000362|0000000000086816|092.54
20032026|523395|0000000000000089|0000000002867207|0000000000000155|0000000005058971|057.42
20032026|523398|0000000000000510|0000000000652367|0000000000000695|0000000000907275|073.38
20032026|523405|0000000000026492|0000000003254543|0000000000058886|0000000007292409|044.99
20032026|523411|0000000000000910|0000000001123668|0000000000001194|0000000001489583|076.21
20032026|523419|0000000000000001|0000000000000010|0000000000000001|0000000000000009|100.00
20032026|523445|0000000000040860|0000000029245545|0000000000159449|0000000114766858|025.63
20032026|523449|0000000000007699|0000000000325822|0000000000008019|0000000000344282|096.01
20032026|523457|0000000000000579|0000000004062264|0000000000001279|0000000009074554|045.27
20032026|523465|0000000000001570|0000000000063648|0000000000001571|0000000000064862|099.94
20032026|523467|0000000000026472|0000000000051665|0000000000026472|0000000000051665|100.00
20032026|523475|0000000000002144|0000000001423080|0000000000003309|0000000002213251|064.79
20032026|523483|0000000000000597|0000000000076625|0000000000000737|0000000000095217|081.00
20032026|523489|0000000000001190|0000000000041234|0000000000001340|0000000000046585|088.81
20032026|523537|0000000000074756|0000000002991736|0000000000075959|0000000002957396|098.42
20032026|523539|0000000000010276|0000000003111059|0000000000034506|0000000010568598|029.78
20032026|523550|0000000000007013|0000000000227502|0000000000007476|0000000000243227|093.81
20032026|523558|0000000000126009|0000000002040086|0000000000150646|0000000002422344|083.65
20032026|523566|0000000000003286|0000000000139491|0000000000003295|0000000000134336|099.73
20032026|523574|0000000000004118|0000000000002017|0000000000004118|0000000000002017|100.00
20032026|523586|0000000000000314|0000000000074623|0000000000000424|0000000000101549|074.06
20032026|523594|0000000000000641|0000000000013667|0000000000001001|0000000000019649|064.04
20032026|523598|0000000000026411|0000000006163007|0000000000095221|0000000022549461|027.74
20032026|523606|0000000000006338|0000000005800855|0000000000013467|0000000012418519|047.06
20032026|523610|0000000000073847|0000000019968229|0000000000239209|0000000064608925|030.87
20032026|523618|0000000000009171|0000000008053056|0000000000012251|0000000010888144|074.86
20032026|523620|0000000000000106|0000000000008455|0000000000000106|0000000000008328|100.00
20032026|523630|0000000000062721|0000000004345311|0000000000101751|0000000007082449|061.64
20032026|523638|0000000000000420|0000000000046594|0000000000000420|0000000000046594|100.00
20032026|523642|0000000000081138|0000000235900622|0000000000085300|0000000247809595|095.12
20032026|523648|0000000000000467|0000000000062578|0000000000000478|0000000000063627|097.70
20032026|523650|0000000000001636|0000000000076326|0000000000001636|0000000000076326|100.00
20032026|523660|0000000000036974|0000000001547357|0000000000036974|0000000001547357|100.00
20032026|523672|0000000000002282|0000000000089637|0000000000004618|0000000000184761|049.42
20032026|523676|0000000000003834|0000000001101700|0000000000006715|0000000001975363|057.10
20032026|523694|0000000000000416|0000000000145413|0000000000000446|0000000000156606|093.27
20032026|523696|0000000000007132|0000000000353462|0000000000007853|0000000000391026|090.82
20032026|523704|0000000000001699|0000000002467543|0000000000003988|0000000005865619|042.60
20032026|523708|0000000000000387|0000000000606159|0000000000000640|0000000000989560|060.47
20032026|523710|0000000000000585|0000000000156488|0000000000000817|0000000000219095|071.60
20032026|523716|0000000000000494|0000000000149016|0000000000000672|0000000000203374|073.51
20032026|523722|0000000000000721|0000000000005753|0000000000000721|0000000000005753|100.00
20032026|523732|0000000000000211|0000000000011519|0000000000000439|0000000000024196|048.06
20032026|523736|0000000000001823|0000000000383651|0000000000002353|0000000000507908|077.48
20032026|523752|0000000000421485|0000000001896683|0000000000587516|0000000002695352|071.74
20032026|523754|0000000000000768|0000000000088090|0000000000001258|0000000000144888|061.05
20032026|523782|0000000000000549|0000000000007945|0000000000000549|0000000000008012|100.00
20032026|523792|0000000000002159|0000000000371133|0000000000002341|0000000000409430|092.23
20032026|523796|0000000000048394|0000000007003046|0000000000048394|0000000007003046|100.00
20032026|523826|0000000000001137|0000000000021785|0000000000001137|0000000000021785|100.00
20032026|523828|0000000000002237|0000000000267658|0000000000004129|0000000000496605|054.18
20032026|523832|0000000000003365|0000000000049796|0000000000003365|0000000000049796|100.00
20032026|523836|0000000000000063|0000000000002379|0000000000000064|0000000000002417|098.44
20032026|523838|0000000000004348|0000000000719594|0000000000005859|0000000000986004|074.21
20032026|523840|0000000000010513|0000000000146657|0000000000010727|0000000000145033|098.00
20032026|523842|0000000000087293|0000000000518521|0000000000091148|0000000000535280|095.77
20032026|523844|0000000000000226|0000000000011493|0000000000000226|0000000000011613|100.00
20032026|523850|0000000000004262|0000000001617216|0000000000006391|0000000002428637|066.69
20032026|523862|0000000000000112|0000000000003359|0000000000000115|0000000000003459|097.39
20032026|523874|0000000000004774|0000000000545688|0000000000004774|0000000000545688|100.00
20032026|523888|0000000000003449|0000000000368768|0000000000003714|0000000000397036|092.86
20032026|524000|0000000000057093|0000000022460387|0000000000095745|0000000038108646|059.63
20032026|524019|0000000000000070|0000000000284802|0000000000000097|0000000000397984|072.16
20032026|524037|0000000000003104|0000000000360064|0000000000003142|0000000000362422|098.79
20032026|524038|0000000000000668|0000000000003073|0000000000000684|0000000000002970|097.66
20032026|524051|0000000000001097|0000000000935248|0000000000002035|0000000001752971|053.91
20032026|524075|0000000000000280|0000000000185052|0000000000000331|0000000000220769|084.59
20032026|524080|0000000000000159|0000000000008709|0000000000000161|0000000000008798|098.76
20032026|524091|0000000000001440|0000000001122840|0000000000002537|0000000001995799|056.76
20032026|524109|0000000000000608|0000000000127680|0000000000000726|0000000000153569|083.75
20032026|524129|0000000000000212|0000000000040588|0000000000000214|0000000000041050|099.07
20032026|524136|0000000000000435|0000000000128673|0000000000000475|0000000000140867|091.58
20032026|524156|0000000000000325|0000000000013186|0000000000000751|0000000000031616|043.28
20032026|524164|0000000000042512|0000000003156942|0000000000095807|0000000007157174|044.37
20032026|524174|0000000000044092|0000000001041454|0000000000063009|0000000001485487|069.98
20032026|524200|0000000000002203|0000000003054790|0000000000003388|0000000004700477|065.02
20032026|524202|0000000000010853|0000000000934552|0000000000010884|0000000000966065|099.72
20032026|524204|0000000000000446|0000000000048168|0000000000000446|0000000000046006|100.00
20032026|524208|0000000000035662|0000000015224108|0000000000066371|0000000027994998|053.73
20032026|524210|0000000000000760|0000000000027049|0000000000000762|0000000000027150|099.74
20032026|524212|0000000000001834|0000000000455500|0000000000001834|0000000000455500|100.00
20032026|524218|0000000000005688|0000000000496506|0000000000009052|0000000000794112|062.84
20032026|524226|0000000000021642|0000000002907603|0000000000034866|0000000004676409|062.07
20032026|524230|0000000000029631|0000000003459420|0000000000072695|0000000008549199|040.76
20032026|524238|0000000000028440|0000000001999940|0000000000028440|0000000001999940|100.00
20032026|524280|0000000000007338|0000000000870287|0000000000015577|0000000001849882|047.11
20032026|524288|0000000000038832|0000000001674048|0000000000038996|0000000001701352|099.58
20032026|524314|0000000000000530|0000000000021195|0000000000000531|0000000000020736|099.81
20032026|524322|0000000000036335|0000000000982499|0000000000042288|0000000001139289|085.92
20032026|524324|0000000000013025|0000000000131689|0000000000013025|0000000000131689|100.00
20032026|524330|0000000000000065|0000000000010972|0000000000000065|0000000000010962|100.00
20032026|524332|0000000000068918|0000000001869057|0000000000078889|0000000002150338|087.36
20032026|524336|0000000000001085|0000000000108121|0000000000001759|0000000000171893|061.68
20032026|524342|0000000000000010|0000000000002431|0000000000000012|0000000000002930|083.33
20032026|524348|0000000000002643|0000000000907607|0000000000004938|0000000001695304|053.52
20032026|524370|0000000000034921|0000000001899004|0000000000100678|0000000005566382|034.69
20032026|524372|0000000000001995|0000000001070118|0000000000002919|0000000001545712|068.35
20032026|524394|0000000000003415|0000000001460084|0000000000007450|0000000003218436|045.84
20032026|524396|0000000000002310|0000000000069254|0000000000002443|0000000000073429|094.56
20032026|524400|0000000000000029|0000000000002335|0000000000000030|0000000000002546|096.67
20032026|524404|0000000000055164|0000000009364089|0000000000082814|0000000013961529|066.61
20032026|524408|0000000000002329|0000000000293687|0000000000002394|0000000000307723|097.28
20032026|524412|0000000000003436|0000000000236775|0000000000003870|0000000000268715|088.79
20032026|524414|0000000000000051|0000000000000705|0000000000000051|0000000000000706|100.00
20032026|524434|0000000000018905|0000000000144435|0000000000018905|0000000000145236|100.00
20032026|524440|0000000000003517|0000000000104561|0000000000003816|0000000000113531|092.16
20032026|524444|0000000005509738|0000000003856817|0000000005530238|0000000003882404|099.63
20032026|524458|0000000000007649|0000000000067618|0000000000010512|0000000000089977|072.76
20032026|524470|0000000000083734|0000000000988062|0000000000146520|0000000001737828|057.15
20032026|524480|0000000000001709|0000000000784859|0000000000001968|0000000000902061|086.84
20032026|524488|0000000000033577|0000000000067826|0000000000037052|0000000000074705|090.62
20032026|524494|0000000000003826|0000000005918631|0000000000011273|0000000017305225|033.94
20032026|524500|0000000000003373|0000000001062664|0000000000003957|0000000001257357|085.24
20032026|524502|0000000000000500|0000000000036297|0000000000000500|0000000000036297|100.00
20032026|524506|0000000000003209|0000000001335586|0000000000003438|0000000001454901|093.34
20032026|524516|0000000000017736|0000000000877755|0000000000019940|0000000000982149|088.95
20032026|524518|0000000000000076|0000000000003645|0000000000000076|0000000000003636|100.00
20032026|524520|0000000000018751|0000000001519582|0000000000034641|0000000002818966|054.13
20032026|524522|0000000000001204|0000000000036506|0000000000001707|0000000000053767|070.53
20032026|524534|0000000000005146|0000000001005272|0000000000008125|0000000001545039|063.34
20032026|524542|0000000000001041|0000000000169215|0000000000006004|0000000000969053|017.34
20032026|524548|0000000000000404|0000000000040942|0000000000000554|0000000000055661|072.92
20032026|524558|0000000000000612|0000000007346907|0000000000001228|0000000014811135|049.84
20032026|524564|0000000000027255|0000000000446437|0000000000030957|0000000000502681|088.04
20032026|524570|0000000000000301|0000000000065092|0000000000000301|0000000000065093|100.00
20032026|524572|0000000000004040|0000000000129321|0000000000004210|0000000000136547|095.96
20032026|524576|0000000000003455|0000000000069342|0000000000003605|0000000000070702|095.84
20032026|524580|0000000000000705|0000000000014206|0000000000000706|0000000000013588|099.86
20032026|524582|0000000000004288|0000000000621332|0000000000005642|0000000000810044|076.00
20032026|524592|0000000000014922|0000000000171007|0000000000015785|0000000000185227|094.53
20032026|524594|0000000000000300|0000000000036600|0000000000000302|0000000000037219|099.34
20032026|524598|0000000000000716|0000000000131064|0000000000000737|0000000000136758|097.15
20032026|524602|0000000000000050|0000000000001375|0000000000000050|0000000000001369|100.00
20032026|524606|0000000000000802|0000000000017163|0000000000000802|0000000000016682|100.00
20032026|524614|0000000000021163|0000000000131634|0000000000028109|0000000000174652|075.29
20032026|524622|0000000000051150|0000000002025108|0000000000051150|0000000002025108|100.00
20032026|524624|0000000000000001|0000000000000030|0000000000000001|0000000000000030|100.00
20032026|524628|0000000000000292|0000000000004439|0000000000000395|0000000000005925|073.92
20032026|524632|0000000000159325|0000000005974688|0000000000276486|0000000010611331|057.62
20032026|524634|0000000000001612|0000000000678733|0000000000001950|0000000000827191|082.67
20032026|524636|0000000000010175|0000000000493488|0000000000015025|0000000000728115|067.72
20032026|524640|0000000000003010|0000000000113568|0000000000004065|0000000000156777|074.05
20032026|524642|0000000000003238|0000000000004338|0000000000003238|0000000000004338|100.00
20032026|524648|0000000000011277|0000000000994068|0000000000016825|0000000001506621|067.03
20032026|524654|0000000000000248|0000000000036618|0000000000000248|0000000000036779|100.00
20032026|524661|0000000004893622|0000000001223406|0000000013186392|0000000003338409|037.11
20032026|524663|0000000000025478|0000000000425993|0000000000028965|0000000000487287|087.96
20032026|524667|0000000000000893|0000000000304826|0000000000001043|0000000000355710|085.62
20032026|524669|0000000000000162|0000000000225626|0000000000000278|0000000000390742|058.27
20032026|532154|0000000000510701|0000000000260458|0000000001178592|0000000000613079|043.33
20032026|532155|0000000000294748|0000000042148964|0000000000546761|0000000079303570|053.91
20032026|532156|0000000000007261|0000000001491047|0000000000020947|0000000004323810|034.66
20032026|532159|0000000000003166|0000000000027798|0000000000003166|0000000000027728|100.00
20032026|532160|0000000000007720|0000000000077664|0000000000013681|0000000000138020|056.43
20032026|532162|0000000000003678|0000000001240958|0000000000005417|0000000001827857|067.90
20032026|532163|0000000000002134|0000000000735804|0000000000005050|0000000001731634|042.26
20032026|532164|0000000000045527|0000000000070716|0000000000045527|0000000000070716|100.00
20032026|532172|0000000000003787|0000000000033894|0000000000005906|0000000000052550|064.12
20032026|532173|0000000000002517|0000000000276870|0000000000003375|0000000000372538|074.58
20032026|532174|0000000000760444|0000000947171025|0000000000948232|0000001199848331|080.20
20032026|532175|0000000000012592|0000000010389030|0000000000019947|0000000016602472|063.13
20032026|532178|0000000000116871|0000000022392484|0000000000298074|0000000057630293|039.21
20032026|532180|0000000000180006|0000000004033935|0000000000200229|0000000004536682|089.90
20032026|532181|0000000000548374|0000000314958607|0000000001988055|0000001150496601|027.58
20032026|532183|0000000000027397|0000000000222464|0000000000032606|0000000000266000|084.02
20032026|532187|0000000000050864|0000000041705937|0000000000095320|0000000078713497|053.36
20032026|532189|0000000000000567|0000000000241429|0000000000000991|0000000000426045|057.21
20032026|532209|0000000000171953|0000000020419419|0000000000450018|0000000054347623|038.21
20032026|532210|0000000000201617|0000000048619940|0000000000229594|0000000055839143|087.81
20032026|532212|0000000000004501|0000000000060989|0000000000004765|0000000000064357|094.46
20032026|532215|0000000000120478|0000000145085632|0000000000195933|0000000237503500|061.49
20032026|532216|0000000000000120|0000000000005828|0000000000000146|0000000000007118|082.19
20032026|532217|0000000000015689|0000000000458590|0000000000021721|0000000000626818|072.23
20032026|532218|0000000000578891|0000000020834288|0000000001112062|0000000040067728|052.06
20032026|532219|0000000000014842|0000000000224263|0000000000016418|0000000000246249|090.40
20032026|532221|0000000000011587|0000000002744381|0000000000024616|0000000005828017|047.07
20032026|532234|0000000000420575|0000000154897773|0000000001001546|0000000369818835|041.99
20032026|532240|0000000000000394|0000000000290339|0000000000000483|0000000000358109|081.57
20032026|532256|0000000000000120|0000000000643446|0000000000000223|0000000001209880|053.81
20032026|532259|0000000000046077|0000000445576110|0000000000047648|0000000460755148|096.70
20032026|532268|0000000000000429|0000000000504912|0000000000000522|0000000000619138|082.18
20032026|532271|0000000003504834|0000000007850829|0000000003516437|0000000007569922|099.67
20032026|532275|0000000000043999|0000000000076559|0000000000057008|0000000000100434|077.18
20032026|532281|0000000000021752|0000000029018256|0000000000056348|0000000075421629|038.60
20032026|532284|0000000000002135|0000000000052223|0000000000002137|0000000000052512|099.91
20032026|532285|0000000000021016|0000000001256547|0000000000040169|0000000002376685|052.32
20032026|532286|0000000000019154|0000000022741545|0000000000044239|0000000052465361|043.30
20032026|532290|0000000000004013|0000000000067452|0000000000004013|0000000000067452|100.00
20032026|532296|0000000000008377|0000000018270656|0000000000016662|0000000036091656|050.28
20032026|532300|0000000000008003|0000000009418731|0000000000022052|0000000026348980|036.29
20032026|532303|0000000000006488|0000000000035230|0000000000006488|0000000000035229|100.00
20032026|532304|0000000000000671|0000000000031880|0000000000000673|0000000000029155|099.70
20032026|532305|0000000000004704|0000000000666792|0000000000008653|0000000001235705|054.36
20032026|532309|0000000000003125|0000000001346610|0000000000003125|0000000001346610|100.00
20032026|532310|0000000000007150|0000000000318676|0000000000009465|0000000000431640|075.54
20032026|532313|0000000000004461|0000000001522763|0000000000007044|0000000002434778|063.33
20032026|532315|0000000000022448|0000000000122342|0000000000022620|0000000000123689|099.24
20032026|532320|0000000000003350|0000000000028710|0000000000003515|0000000000030295|095.31
20032026|532321|0000000000015140|0000000013483684|0000000000025556|0000000022729183|059.24
20032026|532323|0000000000713041|0000000011116310|0000000000740775|0000000011665697|096.26
20032026|532324|0000000000000053|0000000000000834|0000000000000079|0000000000001230|067.09
20032026|532326|0000000000001128|0000000000094752|0000000000001341|0000000000113707|084.12
20032026|532329|0000000000002292|0000000001169035|0000000000002401|0000000001221333|095.46
20032026|532331|0000000000002894|0000000008404755|0000000000005209|0000000015124292|055.56
20032026|532333|0000000000000406|0000000000023674|0000000000000607|0000000000034861|066.89
20032026|532334|0000000000000211|0000000000013426|0000000000000213|0000000000013490|099.06
20032026|532335|0000000000001001|0000000000022923|0000000000001121|0000000000025721|089.30
20032026|532339|0000000000027353|0000000000358325|0000000000027529|0000000000360794|099.36
20032026|532340|0000000000039359|0000000000170785|0000000000039359|0000000000170785|100.00
20032026|532341|0000000000001439|0000000001018695|0000000000001439|0000000001018695|100.00
20032026|532343|0000000000005940|0000000020566953|0000000000011573|0000000040279711|051.33
20032026|532344|0000000000000037|0000000000006849|0000000000000055|0000000000010893|067.27
20032026|532348|0000000000241082|0000000001964819|0000000000312091|0000000002575783|077.25
20032026|532349|0000000000000187|0000000000177183|0000000000000246|0000000000233263|076.02
20032026|532350|0000000000000055|0000000000000239|0000000000000055|0000000000000239|100.00
20032026|532351|0000000000027595|0000000000127489|0000000000032520|0000000000151826|084.86
20032026|532355|0000000000005959|0000000000043862|0000000000005959|0000000000043862|100.00
20032026|532356|0000000000008383|0000000003017042|0000000000018662|0000000006636908|044.92
20032026|532357|0000000000000502|0000000000021135|0000000000000502|0000000000021135|100.00
20032026|532359|0000000001450877|0000000008574648|0000000001450877|0000000008574648|100.00
20032026|532362|0000000000004150|0000000000591242|0000000000004150|0000000000591242|100.00
20032026|532365|0000000000000677|0000000000608048|0000000000001172|0000000001059346|057.76
20032026|532366|0000000000014723|0000000001011176|0000000000030196|0000000002089060|048.76
20032026|532368|0000000000480741|0000000004285577|0000000000480741|0000000004285577|100.00
20032026|532369|0000000000003456|0000000000891303|0000000000004132|0000000001076950|083.64
20032026|532370|0000000000002118|0000000000836928|0000000000003057|0000000001246848|069.28
20032026|532371|0000000000421683|0000000015290226|0000000000701349|0000000025834705|060.12
20032026|532372|0000000000065799|0000000001098186|0000000000071481|0000000001202555|092.05
20032026|532373|0000000000014819|0000000000294388|0000000000014819|0000000000294388|100.00
20032026|532374|0000000000149255|0000000028142031|0000000000432556|0000000081305058|034.51
20032026|532375|0000000000000851|0000000000440691|0000000000001298|0000000000670069|065.56
20032026|532376|0000000000000100|0000000000008195|0000000000000100|0000000000008195|100.00
20032026|532378|0000000000000501|0000000000002430|0000000000000946|0000000000004615|052.96
20032026|532379|0000000000002229|0000000000015156|0000000000002229|0000000000015156|100.00
20032026|532380|0000000000011645|0000000000167804|0000000000011645|0000000000167804|100.00
20032026|532382|0000000000004400|0000000000368940|0000000000009974|0000000000858759|044.11
20032026|532384|0000000000005652|0000000000611264|0000000000009870|0000000001081942|057.26
20032026|532386|0000000000000790|0000000000009812|0000000000000800|0000000000009974|098.75
20032026|532387|0000000000000643|0000000000013587|0000000000000794|0000000000016794|080.98
20032026|532388|0000000000350886|0000000011859947|0000000000778579|0000000025913303|045.07
20032026|532390|0000000000002653|0000000000801604|0000000000004118|0000000001263690|064.42
20032026|532392|0000000000000401|0000000000002547|0000000000000493|0000000000003240|081.34
20032026|532395|0000000000004843|0000000006910235|0000000000009387|0000000013573420|051.59
20032026|532397|0000000000000075|0000000000000916|0000000000000099|0000000000001207|075.76
20032026|532398|0000000000030302|0000000000190964|0000000000030302|0000000000190964|100.00
20032026|532400|0000000000015244|0000000005472596|0000000000041704|0000000015296449|036.55
20032026|532402|0000000000009816|0000000000082848|0000000000017827|0000000000157047|055.06
20032026|532404|0000000000003375|0000000000112827|0000000000003397|0000000000112702|099.35
20032026|532406|0000000000074369|0000000009474611|0000000000100065|0000000012860438|074.32
20032026|532407|0000000000037611|0000000006228382|0000000000087994|0000000014725655|042.74
20032026|532408|0000000000025306|0000000004371612|0000000000035200|0000000006055688|071.89
20032026|532410|0000000000009392|0000000000236867|0000000000009717|0000000000243366|096.66
20032026|532413|0000000000023367|0000000000098042|0000000000023367|0000000000098042|100.00
20032026|532416|0000000000041120|0000000000166948|0000000000079942|0000000000326792|051.44
20032026|532419|0000000000000008|0000000000000982|0000000000000010|0000000000001200|080.00
20032026|532424|0000000000008177|0000000008317236|0000000000018308|0000000018763482|044.66
20032026|532425|0000000000000487|0000000000010357|0000000000000487|0000000000010357|100.00
20032026|532430|0000000000002096|0000000000880040|0000000000002096|0000000000880040|100.00
20032026|532432|0000000000191859|0000000249541409|0000000000203113|0000000265882847|094.46
20032026|532435|0000000000026784|0000000000164990|0000000000029744|0000000000185971|090.05
20032026|532439|0000000000126714|0000000138865873|0000000000475738|0000000521211415|026.64
20032026|532440|0000000000000573|0000000000862451|0000000000000903|0000000001367571|063.46
20032026|532443|0000000000000276|0000000001310379|0000000000000479|0000000002278664|057.62
20032026|532444|0000000000000055|0000000000000115|0000000000000055|0000000000000115|100.00
20032026|532454|0000000000162040|0000000299206860|0000000000261075|0000000482649485|062.07
20032026|532455|0000000000005767|0000000000110150|0000000000006758|0000000000125880|085.34
20032026|532456|0000000000008141|0000000000008874|0000000000008141|0000000000008874|100.00
20032026|532457|0000000000001217|0000000000188757|0000000000001788|0000000000280825|068.06
20032026|532460|0000000000002151|0000000000586040|0000000000002324|0000000000631004|092.56
20032026|532461|0000000000142297|0000000015873231|0000000000357355|0000000040151575|039.82
20032026|532466|0000000000002311|0000000015204647|0000000000005278|0000000034713831|043.79
20032026|532467|0000000000184078|0000000005073190|0000000000263509|0000000007270207|069.86
20032026|532468|0000000000002738|0000000006774771|0000000000003518|0000000008833499|077.83
20032026|532475|0000000000014233|0000000001122130|0000000000018170|0000000001435259|078.33
20032026|532477|0000000000113895|0000000020233447|0000000000338053|0000000060059191|033.69
20032026|532478|0000000000001140|0000000001788546|0000000000003308|0000000005247739|034.46
20032026|532481|0000000000014440|0000000000049385|0000000000015999|0000000000056423|090.26
20032026|532482|0000000001026061|0000000606196839|0000000001037294|0000000610887236|098.92
20032026|532483|0000000000709327|0000000096752203|0000000001428137|0000000197240692|049.67
20032026|532485|0000000000162374|0000000011216796|0000000000247307|0000000017078851|065.66
20032026|532486|0000000000000726|0000000000602036|0000000000001306|0000000001100944|055.59
20032026|532488|0000000000003036|0000000018526431|0000000000005723|0000000034961844|053.05
20032026|532493|0000000000005889|0000000005247983|0000000000013584|0000000012331754|043.35
20032026|532497|0000000000003110|0000000008267624|0000000000009954|0000000026456322|031.24
20032026|532500|0000000000010071|0000000126921289|0000000000020392|0000000258058620|049.39
20032026|532503|0000000000000479|0000000000355993|0000000000000568|0000000000422985|084.33
20032026|532504|0000000000022588|0000000138341336|0000000000025713|0000000157267884|087.85
20032026|532505|0000000000431942|0000000010742398|0000000001039054|0000000026194162|041.57
20032026|532507|0000000000076803|0000000000328717|0000000000089051|0000000000391156|086.25
20032026|532508|0000000000016728|0000000012090999|0000000000029751|0000000021452510|056.23
20032026|532509|0000000000023178|0000000009315239|0000000000025753|0000000010358341|090.00
20032026|532513|0000000000005097|0000000002069382|0000000000009517|0000000003912778|053.56
20032026|532514|0000000000085304|0000000013354342|0000000000159808|0000000025038854|053.38
20032026|532515|0000000000009138|0000000000926137|0000000000009545|0000000000973294|095.74
20032026|532521|0000000000001076|0000000000032033|0000000000001126|0000000000033525|095.56
20032026|532522|0000000000183586|0000000047291754|0000000000451013|0000000119398034|040.71
20032026|532523|0000000000067704|0000000025788454|0000000000116117|0000000044081945|058.31
20032026|532524|0000000000044265|0000000007312578|0000000000064389|0000000010654773|068.75
20032026|532525|0000000000267280|0000000017464076|0000000000784842|0000000051152711|034.06
20032026|532527|0000000000009100|0000000004536350|0000000000017107|0000000008754045|053.19
20032026|532528|0000000000001632|0000000001121103|0000000000003337|0000000002309883|048.91
20032026|532529|0000000000006852|0000000000477927|0000000000012428|0000000000873570|055.13
20032026|532531|0000000000002199|0000000001989656|0000000000004385|0000000003985047|050.15
20032026|532538|0000000000007830|0000000085564283|0000000000011558|0000000126052857|067.75
20032026|532539|0000000000003662|0000000003900397|0000000000012273|0000000013035217|029.84
20032026|532540|0000000000099448|0000000237740389|0000000000188527|0000000449187344|052.75
20032026|532541|0000000000046799|0000000050985171|0000000000126638|0000000139420104|036.95
20032026|532543|0000000000003229|0000000000090768|0000000000004167|0000000000118077|077.49
20032026|532548|0000000000001208|0000000000783751|0000000000001528|0000000001006992|079.06
20032026|532553|0000000000003790|0000000001742263|0000000000004948|0000000002301685|076.60
20032026|532555|0000000000442540|0000000168519232|0000000000637279|0000000243303352|069.44
20032026|532604|0000000000008115|0000000000297194|0000000000008115|0000000000297194|100.00
20032026|532605|0000000000342785|0000000194753298|0000000001148085|0000000654086629|029.86
20032026|532610|0000000000137250|0000000005451570|0000000000194183|0000000007665094|070.68
20032026|532612|0000000000001107|0000000000211770|0000000000001526|0000000000293578|072.54
20032026|532613|0000000000004224|0000000000073329|0000000000006609|0000000000116662|063.91
20032026|532614|0000000000004206|0000000000006443|0000000000004206|0000000000006443|100.00
20032026|532616|0000000000011352|0000000000645362|0000000000015343|0000000000877009|073.99
20032026|532621|0000000000000001|0000000000000007|0000000000000001|0000000000000007|100.00
20032026|532624|0000000000000347|0000000000400126|0000000000000430|0000000000499353|080.70
20032026|532626|0000000000001660|0000000001743747|0000000000004577|0000000004835827|036.27
20032026|532627|0000000008550469|0000000139885673|0000000019538563|0000000326216903|043.76
20032026|532628|0000000000077490|0000000001071687|0000000000088485|0000000001210891|087.57
20032026|532630|0000000000005270|0000000003063978|0000000000015588|0000000009108077|033.81
20032026|532633|0000000000000161|0000000000118448|0000000000000192|0000000000142551|083.85
20032026|532636|0000000000033639|0000000015919657|0000000000060474|0000000028752338|055.63
20032026|532637|0000000000003957|0000000000120484|0000000000003957|0000000000120484|100.00
20032026|532638|0000000000001773|0000000000508408|0000000000002431|0000000000702865|072.93
20032026|532640|0000000000002888|0000000000038382|0000000000003047|0000000000040497|094.78
20032026|532641|0000000001080660|0000000002420679|0000000001101214|0000000002508750|098.13
20032026|532642|0000000000002855|0000000043339471|0000000000003720|0000000056801174|076.75
20032026|532644|0000000000001445|0000000007225578|0000000000003477|0000000017364553|041.56
20032026|532645|0000000000001395|0000000000003793|0000000000001395|0000000000003793|100.00
20032026|532648|0000000003921268|0000000072857160|0000000006835424|0000000128211618|057.37
20032026|532649|0000000000043715|0000000000478243|0000000000049104|0000000000543715|089.03
20032026|532650|0000000000019970|0000000000602495|0000000000036042|0000000001081054|055.41
20032026|532651|0000000000001333|0000000000034525|0000000000001479|0000000000038369|090.13
20032026|532652|0000000000082842|0000000018991529|0000000000218388|0000000051434344|037.93
20032026|532654|0000000000020373|0000000000710814|0000000000047795|0000000001686887|042.63
20032026|532656|0000000000062910|0000000000131482|0000000000074079|0000000000157255|084.92
20032026|532660|0000000000020529|0000000000130154|0000000000021022|0000000000132533|097.65
20032026|532661|0000000000000158|0000000000114361|0000000000000173|0000000000125489|091.33
20032026|532662|0000000000019551|0000000000396104|0000000000021947|0000000000445747|089.08
20032026|532663|0000000000001533|0000000001796676|0000000000002664|0000000003062796|057.54
20032026|532666|0000000000348803|0000000000502277|0000000000578971|0000000000830695|060.25
20032026|532667|0000000001270177|0000000053309329|0000000003576456|0000000150852926|035.51
20032026|532668|0000000000003475|0000000002832299|0000000000008319|0000000006820561|041.77
20032026|532670|0000000000350727|0000000008712059|0000000000839124|0000000020945025|041.80
20032026|532673|0000000000003761|0000000000096508|0000000000006399|0000000000165181|058.77
20032026|532674|0000000000024424|0000000000490190|0000000000024680|0000000000493454|098.96
20032026|532676|0000000000005064|0000000000041475|0000000000005536|0000000000045799|091.47
20032026|532683|0000000000001673|0000000005733873|0000000000003892|0000000013566367|042.99
20032026|532684|0000000000002177|0000000000225864|0000000000003402|0000000000357094|063.99
20032026|532686|0000000000004904|0000000004730154|0000000000008730|0000000008492667|056.17
20032026|532687|0000000000000377|0000000000137681|0000000000001070|0000000000396618|035.23
20032026|532689|0000000000005507|0000000005429627|0000000000013704|0000000013801779|040.19
20032026|532694|0000000000714830|0000000005582823|0000000001531476|0000000012534537|046.68
20032026|532695|0000000000000890|0000000000006408|0000000000000915|0000000000007049|097.27
20032026|532698|0000000000001146|0000000000420869|0000000000002140|0000000000788899|053.55
20032026|532699|0000000000002087|0000000000655945|0000000000002806|0000000000893646|074.38
20032026|532700|0000000000000848|0000000000089549|0000000000000848|0000000000089746|100.00
20032026|532701|0000000000009089|0000000000129447|0000000000009089|0000000000129447|100.00
20032026|532702|0000000000013785|0000000003506215|0000000000035906|0000000009135036|038.39
20032026|532705|0000000000027526|0000000001683766|0000000000032047|0000000001964708|085.89
20032026|532707|0000000000005318|0000000001194689|0000000000010130|0000000002257339|052.50
20032026|532708|0000000000227550|0000000000596824|0000000000227550|0000000000596824|100.00
20032026|532710|0000000000041651|0000000000309425|0000000000041651|0000000000309425|100.00
20032026|532712|0000000001047428|0000000000938974|0000000001047428|0000000000938974|100.00
20032026|532713|0000000000122650|0000000000179069|0000000000169439|0000000000250298|072.39
20032026|532714|0000000000009628|0000000005260258|0000000000027068|0000000015115625|035.57
20032026|532716|0000000000000100|0000000000007916|0000000000000102|0000000000008111|098.04
20032026|532717|0000000000000748|0000000000973971|0000000000001198|0000000001567384|062.44
20032026|532719|0000000000034633|0000000001709832|0000000000049997|0000000002532234|069.27
20032026|532720|0000000000027516|0000000008480432|0000000000076847|0000000023937245|035.81
20032026|532721|0000000000001564|0000000000048547|0000000000004943|0000000000151964|031.64
20032026|532722|0000000000009426|0000000000764638|0000000000010750|0000000000877905|087.68
20032026|532723|0000000000000060|0000000000002290|0000000000000060|0000000000002289|100.00
20032026|532725|0000000000002607|0000000033732756|0000000000007355|0000000096943183|035.45
20032026|532726|0000000000003154|0000000001749840|0000000000003937|0000000002188181|080.11
20032026|532728|0000000000000005|0000000000000156|0000000000000005|0000000000000155|100.00
20032026|532729|0000000000007227|0000000001662210|0000000000016821|0000000003784115|042.96
20032026|532730|0000000000005655|0000000000058530|0000000000005668|0000000000059708|099.77
20032026|532732|0000000000001823|0000000000777419|0000000000002018|0000000000864861|090.34
20032026|532733|0000000000005559|0000000003292874|0000000000011836|0000000007070238|046.97
20032026|532734|0000000000406779|0000000106779488|0000000000535121|0000000141500037|076.02
20032026|532735|0000000000008497|0000000002254255|0000000000018521|0000000004891038|045.88
20032026|532737|0000000000002508|0000000000553265|0000000000002581|0000000000569422|097.17
20032026|532738|0000000000020949|0000000000539647|0000000000029783|0000000000755327|070.34
20032026|532740|0000000000001314|0000000000260829|0000000000001755|0000000000350718|074.87
20032026|532741|0000000000086146|0000000001813374|0000000000099071|0000000002103557|086.95
20032026|532742|0000000000005762|0000000002316613|0000000000005968|0000000002415589|096.55
20032026|532744|0000000000000010|0000000000000086|0000000000000010|0000000000000086|100.00
20032026|532748|0000000000250532|0000000068783561|0000000000417831|0000000112737906|059.96
20032026|532749|0000000000378036|0000000003065872|0000000000589912|0000000004776375|064.08
20032026|532754|0000000001382476|0000000125044955|0000000002425202|0000000221059194|057.00
20032026|532755|0000000000014653|0000000020292940|0000000000033787|0000000046705802|043.37
20032026|532756|0000000000007600|0000000003500560|0000000000016485|0000000007797317|046.10
20032026|532757|0000000000001598|0000000013725622|0000000000002323|0000000019870634|068.79
20032026|532759|0000000000006540|0000000000238710|0000000000007024|0000000000259749|093.11
20032026|532761|0000000000000314|0000000000014165|0000000000000314|0000000000014364|100.00
20032026|532762|0000000000014076|0000000011669004|0000000000028071|0000000023520803|050.14
20032026|532764|0000000000000013|0000000000003380|0000000000000017|0000000000004407|076.47
20032026|532768|0000000000000799|0000000001622010|0000000000002613|0000000005297289|030.58
20032026|532771|0000000000010341|0000000000082211|0000000000012038|0000000000095593|085.90
20032026|532772|0000000000024244|0000000004114207|0000000000048837|0000000008409924|049.64
20032026|532773|0000000000000851|0000000000135139|0000000000000852|0000000000145954|099.88
20032026|532774|0000000000006245|0000000000479520|0000000000006245|0000000000479520|100.00
20032026|532775|0000000002363637|0000000002434547|0000000004682280|0000000004888552|050.48
20032026|532776|0000000000003843|0000000000061527|0000000000003983|0000000000065075|096.48
20032026|532777|0000000000025488|0000000024975692|0000000000044893|0000000044198036|056.77
20032026|532779|0000000000007355|0000000010657763|0000000000017874|0000000026281801|041.15
20032026|532780|0000000000100799|0000000000661242|0000000000115190|0000000000776901|087.51
20032026|532782|0000000000003788|0000000000110459|0000000000003824|0000000000112434|099.06
20032026|532783|0000000000018740|0000000007102460|0000000000039396|0000000015098025|047.57
20032026|532784|0000000000001813|0000000002300788|0000000000004135|0000000005187952|043.85
20032026|532785|0000000000000449|0000000000046292|0000000000000686|0000000000070324|065.45
20032026|532790|0000000000012425|0000000005244593|0000000000029432|0000000012415827|042.22
20032026|532794|0000000000082248|0000000000609668|0000000000082248|0000000000609668|100.00
20032026|532795|0000000000010169|0000000000004982|0000000000010169|0000000000004982|100.00
20032026|532796|0000000000004273|0000000006705192|0000000000011351|0000000018021934|037.64
20032026|532797|0000000000001598|0000000000096392|0000000000002088|0000000000125868|076.53
20032026|532798|0000000000202599|0000000006256258|0000000000267617|0000000008375307|075.70
20032026|532799|0000000000048019|0000000009474149|0000000000070998|0000000013945110|067.63
20032026|532801|0000000000004323|0000000000101764|0000000000004846|0000000000118672|089.21
20032026|532804|0000000000000238|0000000000519162|0000000000000334|0000000000735143|071.26
20032026|532805|0000000000056305|0000000012235077|0000000000186249|0000000040779215|030.23
20032026|532806|0000000000002443|0000000000058828|0000000000002980|0000000000071142|081.98
20032026|532807|0000000000001512|0000000000132316|0000000000002005|0000000000175148|075.41
20032026|532808|0000000000000430|0000000000639991|0000000000000853|0000000001294533|050.41
20032026|532809|0000000000046217|0000000010026779|0000000000115763|0000000025699283|039.92
20032026|532810|0000000000240300|0000000099243900|0000000000457810|0000000191580741|052.49
20032026|532811|0000000000001820|0000000001322594|0000000000004438|0000000003238596|041.01
20032026|532812|0000000000041603|0000000000537095|0000000000041603|0000000000536725|100.00
20032026|532814|0000000000033543|0000000029455786|0000000000075020|0000000066601376|044.71
20032026|532815|0000000000009963|0000000003832767|0000000000020512|0000000007893115|048.57
20032026|532817|0000000000046891|0000000000238207|0000000000049891|0000000000255855|093.99
20032026|532820|0000000000003023|0000000000040402|0000000000003023|0000000000040402|100.00
20032026|532822|0000000014535800|0000000135909730|0000000033191584|0000000308563194|043.79
20032026|532825|0000000000000401|0000000000001637|0000000000000402|0000000000001543|099.75
20032026|532826|0000000000000328|0000000000012218|0000000000000352|0000000000012981|093.18
20032026|532827|0000000000000251|0000000008037497|0000000000000528|0000000016974843|047.54
20032026|532828|0000000000003358|0000000000128444|0000000000004317|0000000000169370|077.79
20032026|532829|0000000000007596|0000000001504008|0000000000021092|0000000004286559|036.01
20032026|532830|0000000000006824|0000000011134380|0000000000012224|0000000020023085|055.82
20032026|532832|0000000000552829|0000000027125290|0000000000552829|0000000027125290|100.00
20032026|532834|0000000000906455|0000000107550886|0000000000926744|0000000112610894|097.81
20032026|532835|0000000000000005|0000000000025807|0000000000000007|0000000000036345|071.43
20032026|532839|0000000001538075|0000000003445288|0000000001822759|0000000004153905|084.38
20032026|532841|0000000000002045|0000000000490596|0000000000002338|0000000000566278|087.47
20032026|532842|0000000000000568|0000000000245802|0000000000000699|0000000000306563|081.26
20032026|532843|0000000000041474|0000000034070891|0000000000058261|0000000048146629|071.19
20032026|532845|0000000000004462|0000000000037347|0000000000004849|0000000000040783|092.02
20032026|532847|0000000000056103|0000000000876890|0000000000057983|0000000000922920|096.76
20032026|532848|0000000000070155|0000000003782758|0000000000104322|0000000005649621|067.25
20032026|532850|0000000000027227|0000000000894680|0000000000042628|0000000001400636|063.87
20032026|532851|0000000000000596|0000000000342700|0000000000000788|0000000000455046|075.63
20032026|532853|0000000000000446|0000000000093081|0000000000002038|0000000000421709|021.88
20032026|532855|0000000000000087|0000000000011911|0000000000000174|0000000000023867|050.00
20032026|532856|0000000000029662|0000000004817109|0000000000069663|0000000011361361|042.58
20032026|532859|0000000000000594|0000000000216068|0000000000000921|0000000000336517|064.50
20032026|532864|0000000000004503|0000000000537884|0000000000005367|0000000000648240|083.90
20032026|532867|0000000000003418|0000000006535900|0000000000004414|0000000008575115|077.44
20032026|532868|0000000004902745|0000002611845708|0000000005011988|0000002681417622|097.82
20032026|532869|0000000000000205|0000000000010800|0000000000000205|0000000000010800|100.00
20032026|532870|0000000000001915|0000000000002941|0000000000001915|0000000000002941|100.00
20032026|532872|0000000000039999|0000000004625885|0000000000078817|0000000009155612|050.75
20032026|532875|0000000000003484|0000000000352930|0000000000006736|0000000000693942|051.72
20032026|532878|0000000000005644|0000000000338584|0000000000005948|0000000000357623|094.89
20032026|532879|0000000000000023|0000000000005612|0000000000000023|0000000000005600|100.00
20032026|532880|0000000000006627|0000000000474295|0000000000008576|0000000000623362|077.27
20032026|532884|0000000000012916|0000000002592242|0000000000023696|0000000004789962|054.51
20032026|532885|0000000000262467|0000000008976372|0000000000576498|0000000019715500|045.53
20032026|532886|0000000000005100|0000000000147900|0000000000005135|0000000000147957|099.32
20032026|532888|0000000000040882|0000000002467638|0000000000097811|0000000005934346|041.80
20032026|532889|0000000000007313|0000000006039076|0000000000019164|0000000015962471|038.16
20032026|532890|0000000000002017|0000000000075375|0000000000002017|0000000000075375|100.00
20032026|532891|0000000000004441|0000000000799825|0000000000008029|0000000001459793|055.31
20032026|532892|0000000000025326|0000000016763280|0000000000045356|0000000030496845|055.84
20032026|532893|0000000000146643|0000000012045257|0000000000154573|0000000012738374|094.87
20032026|532894|0000000000036525|0000000000322516|0000000000050339|0000000000450427|072.56
20032026|532895|0000000000000128|0000000000002944|0000000000000130|0000000000003194|098.46
20032026|532896|0000000000023666|0000000000427408|0000000000023705|0000000000443131|099.84
20032026|532898|0000000000119476|0000000035544110|0000000000225442|0000000067674306|053.00
20032026|532899|0000000000006758|0000000005499323|0000000000018224|0000000014783779|037.08
20032026|532900|0000000000111038|0000000003884110|0000000000213039|0000000007375813|052.12
20032026|532902|0000000000063034|0000000000947402|0000000000066260|0000000000995699|095.13
20032026|532904|0000000000000008|0000000000000589|0000000000000008|0000000000000589|100.00
20032026|532906|0000000000005414|0000000000733485|0000000000005414|0000000000733485|100.00
20032026|532907|0000000000000547|0000000000012828|0000000000000547|0000000000012828|100.00
20032026|532911|0000000000781936|0000000003956597|0000000001312836|0000000006729671|059.56
20032026|532915|0000000000004649|0000000001005579|0000000000011131|0000000002450946|041.77
20032026|532916|0000000000004160|0000000000156458|0000000000004766|0000000000179806|087.28
20032026|532918|0000000000003499|0000000000078658|0000000000004010|0000000000091408|087.26
20032026|532921|0000000000033669|0000000045961552|0000000000092287|0000000126485640|036.48
20032026|532922|0000000000085528|0000000008959058|0000000000153077|0000000016249354|055.87
20032026|532923|0000000000297136|0000000027975355|0000000000338651|0000000031878883|087.74
20032026|532924|0000000000005238|0000000001706279|0000000000006973|0000000002261693|075.12
20032026|532925|0000000000000029|0000000000022504|0000000000000030|0000000000023401|096.67
20032026|532926|0000000000707233|0000000147528804|0000000000747326|0000000154839313|094.64
20032026|532927|0000000000004332|0000000006352445|0000000000008788|0000000012938625|049.29
20032026|532928|0000000000068716|0000000019587496|0000000000213972|0000000060884578|032.11
20032026|532929|0000000000006444|0000000004147359|0000000000010664|0000000006956045|060.43
20032026|532930|0000000000006080|0000000001789617|0000000000006080|0000000001789617|100.00
20032026|532932|0000000000011850|0000000000593685|0000000000011863|0000000000597367|099.89
20032026|532933|0000000000007742|0000000000379900|0000000000009122|0000000000457254|084.87
20032026|532934|0000000000002609|0000000000510451|0000000000002647|0000000000527840|098.56
20032026|532935|0000000000000582|0000000000198055|0000000000000623|0000000000210483|093.42
20032026|532937|0000000000000725|0000000000056768|0000000000000942|0000000000075712|076.96
20032026|532939|0000000003995398|0000000090455811|0000000008538889|0000000195289636|046.79
20032026|532940|0000000000002456|0000000001195336|0000000000004223|0000000002087759|058.16
20032026|532941|0000000000000624|0000000000092602|0000000000000762|0000000000115797|081.89
20032026|532942|0000000000038437|0000000004537488|0000000000073715|0000000008718120|052.14
20032026|532944|0000000000004329|0000000000213334|0000000000006400|0000000000315063|067.64
20032026|532945|0000000000668044|0000000003433747|0000000001243019|0000000006379715|053.74
20032026|532946|0000000000009744|0000000000341040|0000000000009750|0000000000344660|099.94
20032026|532947|0000000000128474|0000000005332956|0000000000306293|0000000012764329|041.94
20032026|532951|0000000000004198|0000000000046178|0000000000004289|0000000000047158|097.88
20032026|532952|0000000000001945|0000000000445989|0000000000017289|0000000003972155|011.25
20032026|532953|0000000000002276|0000000000738904|0000000000004026|0000000001308686|056.53
20032026|532955|0000000000222157|0000000073433997|0000000000534867|0000000179247677|041.53
20032026|532957|0000000000000456|0000000000029382|0000000000000456|0000000000029382|100.00
20032026|532966|0000000000033515|0000000020993796|0000000000072679|0000000045991984|046.11
20032026|532967|0000000000012769|0000000004791568|0000000000018554|0000000007061367|068.82
20032026|532974|0000000000004862|0000000000541627|0000000000005565|0000000000629448|087.37
20032026|532975|0000000000001243|0000000000011759|0000000000001776|0000000000016953|069.99
20032026|532976|0000000000077059|0000000004992653|0000000000188666|0000000012267610|040.84
20032026|532977|0000000000002759|0000000024980538|0000000000008165|0000000073820447|033.79
20032026|532978|0000000000119222|0000000203839815|0000000000149851|0000000257356542|079.56
20032026|532980|0000000000005830|0000000000249758|0000000000006776|0000000000293974|086.04
20032026|532983|0000000000000267|0000000000501720|0000000000000331|0000000000621154|080.66
20032026|532985|0000000000002271|0000000000185677|0000000000003804|0000000000311643|059.70
20032026|532986|0000000000004101|0000000000106175|0000000000004759|0000000000121362|086.17
20032026|532989|0000000000000203|0000000000025396|0000000000000213|0000000000026634|095.31
20032026|532992|0000000000000010|0000000000000300|0000000000000011|0000000000000322|090.91
20032026|532993|0000000000000713|0000000000342953|0000000000000830|0000000000404868|085.90
20032026|532994|0000000000002146|0000000000150220|0000000000002163|0000000000149149|099.21
20032026|532998|0000000000002255|0000000000245795|0000000000002452|0000000000265789|091.97
20032026|533001|0000000000002105|0000000000210606|0000000000002106|0000000000211389|099.95
20032026|533007|0000000000095874|0000000000584832|0000000000107059|0000000000657104|089.55
20032026|533012|0000000000002276|0000000000013816|0000000000002307|0000000000013581|098.66
20032026|533014|0000000000013466|0000000000656468|0000000000013495|0000000000659164|099.79
20032026|533022|0000000000006274|0000000000946433|0000000000008616|0000000001301910|072.82
20032026|533023|0000000000000233|0000000003194046|0000000000000819|0000000011234206|028.45
20032026|533029|0000000000002600|0000000000145340|0000000000002675|0000000000147769|097.20
20032026|533033|0000000000000426|0000000000378459|0000000000000813|0000000000729661|052.40
20032026|533047|0000000000001214|0000000001503539|0000000000003496|0000000004376246|034.73
20032026|533048|0000000000526442|0000000000263221|0000000000596333|0000000000292737|088.28
20032026|533056|0000000000027632|0000000000472231|0000000000045450|0000000000781401|060.80
20032026|533080|0000000000000585|0000000000299930|0000000000001177|0000000000610612|049.70
20032026|533088|0000000000003149|0000000000808664|0000000000004486|0000000001156032|070.20
20032026|533090|0000000000392655|0000000000400509|0000000000468333|0000000000480005|083.84
20032026|533093|0000000000000295|0000000000013096|0000000000000385|0000000000016915|076.62
20032026|533095|0000000000000437|0000000002555074|0000000000000624|0000000003633423|070.03
20032026|533096|0000000001498953|0000000227091380|0000000002645407|0000000409271935|056.66
20032026|533098|0000000000492189|0000000037805038|0000000000928994|0000000072150558|052.98
20032026|533100|0000000000042193|0000000000285647|0000000000043346|0000000000276968|097.34
20032026|533101|0000000000000156|0000000000018174|0000000000000156|0000000000018297|100.00
20032026|533104|0000000000003387|0000000002930264|0000000000004730|0000000004185550|071.61
20032026|533106|0000000000089164|0000000042406399|0000000000202422|0000000096981980|044.05
20032026|533107|0000000000000209|0000000000430027|0000000000000209|0000000000430027|100.00
20032026|533108|0000000000003943|0000000000130080|0000000000004043|0000000000132794|097.53
20032026|533110|0000000000000054|0000000000000599|0000000000000054|0000000000000626|100.00
20032026|533121|0000000000001372|0000000000991065|0000000000001842|0000000001338090|074.48
20032026|533122|0000000000693291|0000000005768182|0000000001261868|0000000010625640|054.94
20032026|533137|0000000000029084|0000000000753276|0000000000056240|0000000001466530|051.71
20032026|533138|0000000000000784|0000000000439824|0000000000000943|0000000000533482|083.14
20032026|533146|0000000000001803|0000000000712005|0000000000002763|0000000001105468|065.26
20032026|533148|0000000000093544|0000000047408100|0000000000204759|0000000105721920|045.68
20032026|533149|0000000000066462|0000000000411400|0000000000066463|0000000000410621|100.00
20032026|533150|0000000000011390|0000000017677280|0000000000021789|0000000034207361|052.27
20032026|533151|0000000000000527|0000000000108879|0000000000001062|0000000000221040|049.62
20032026|533152|0000000000013341|0000000000292302|0000000000014639|0000000000319790|091.13
20032026|533155|0000000000011148|0000000005032208|0000000000023216|0000000010579488|048.02
20032026|533156|0000000000026962|0000000000855235|0000000000038339|0000000001236858|070.33
20032026|533158|0000000000001050|0000000003493298|0000000000002481|0000000008300094|042.32
20032026|533160|0000000000048890|0000000004791220|0000000000094212|0000000009385965|051.89
20032026|533161|0000000000001211|0000000000092848|0000000000001311|0000000000102559|092.37
20032026|533162|0000000000098577|0000000000970984|0000000000201502|0000000001997726|048.92
20032026|533164|0000000000004381|0000000000177256|0000000000005122|0000000000209391|085.53
20032026|533166|0000000000085826|0000000000103850|0000000000110546|0000000000134966|077.64
20032026|533167|0000000000020104|0000000001639175|0000000000020104|0000000001639175|100.00
20032026|533168|0000000000006889|0000000000325024|0000000000009802|0000000000479871|070.28
20032026|533169|0000000000011340|0000000001030239|0000000000018110|0000000001667851|062.62
20032026|533170|0000000000000737|0000000000101154|0000000000000819|0000000000113907|089.99
20032026|533172|0000000000000029|0000000000368590|0000000000000038|0000000000486581|076.32
20032026|533177|0000000000114800|0000000000247025|0000000000114800|0000000000247025|100.00
20032026|533179|0000000000003590|0000000016943903|0000000000011700|0000000055177976|030.68
20032026|533181|0000000000000120|0000000000007918|0000000000000131|0000000000008709|091.60
20032026|533192|0000000000009511|0000000000226648|0000000000013772|0000000000333123|069.06
20032026|533193|0000000000005799|0000000000483231|0000000000010218|0000000000852225|056.75
20032026|533202|0000000000127317|0000000000417600|0000000000191144|0000000000627579|066.61
20032026|533203|0000000000013669|0000000000374121|0000000000013989|0000000000381095|097.71
20032026|533206|0000000000261231|0000000018288783|0000000000531386|0000000037582837|049.16
20032026|533208|0000000000001123|0000000000076555|0000000000001173|0000000000080469|095.74
20032026|533210|0000000000001181|0000000000075171|0000000000001343|0000000000086850|087.94
20032026|533212|0000000000000818|0000000000047731|0000000000000820|0000000000047939|099.76
20032026|533217|0000000000000473|0000000000030310|0000000000000722|0000000000045994|065.51
20032026|533218|0000000000000844|0000000000050792|0000000000000967|0000000000058096|087.28
20032026|533227|0000000000000003|0000000000000462|0000000000000003|0000000000000463|100.00
20032026|533229|0000000000008674|0000000003180756|0000000000019827|0000000007177541|043.75
20032026|533230|0000000000137910|0000000017255300|0000000000372227|0000000046729112|037.05
20032026|533239|0000000000052959|0000000000217132|0000000000058852|0000000000242617|089.99
20032026|533244|0000000000254095|0000000031820317|0000000000571604|0000000071826443|044.45
20032026|533248|0000000000052280|0000000007949174|0000000000099906|0000000015254508|052.33
20032026|533252|0000000000000003|0000000000003807|0000000000000003|0000000000003821|100.00
20032026|533257|0000000000000022|0000000000008417|0000000000000022|0000000000008417|100.00
20032026|533259|0000000000000067|0000000000018945|0000000000000070|0000000000019671|095.71
20032026|533260|0000000000000294|0000000000024779|0000000000000391|0000000000032809|075.19
20032026|533262|0000000000001324|0000000000612880|0000000000002622|0000000001228465|050.50
20032026|533263|0000000000438709|0000000004093155|0000000000537277|0000000005044374|081.65
20032026|533267|0000000000003081|0000000000730814|0000000000004222|0000000001020067|072.97
20032026|533268|0000000000001000|0000000000004170|0000000000001306|0000000000004901|076.57
20032026|533269|0000000000011626|0000000014387175|0000000000026480|0000000032780388|043.90
20032026|533270|0000000000000505|0000000000059716|0000000000000505|0000000000059716|100.00
20032026|533271|0000000000032451|0000000003689679|0000000000069721|0000000007963425|046.54
20032026|533272|0000000000019574|0000000005146005|0000000000061338|0000000016247743|031.91
20032026|533273|0000000000013252|0000000019176307|0000000000017701|0000000025656856|074.87
20032026|533274|0000000000003146|0000000003924006|0000000000008577|0000000010953958|036.68
20032026|533275|0000000000109600|0000000000510736|0000000000182646|0000000000864007|060.01
20032026|533278|0000000000511647|0000000239297302|0000000001036431|0000000485016451|049.37
20032026|533282|0000000000003773|0000000005298424|0000000000007843|0000000011078406|048.11
20032026|533284|0000000000008293|0000000000561768|0000000000010997|0000000000757443|075.41
20032026|533285|0000000000272106|0000000010593087|0000000000305879|0000000011968881|088.96
20032026|533286|0000000000031198|0000000009095777|0000000000095055|0000000028172544|032.82
20032026|533287|0000000000055104|0000000000281582|0000000000087646|0000000000449542|062.87
20032026|533289|0000000000001008|0000000000060884|0000000000001685|0000000000101662|059.82
20032026|533292|0000000000155063|0000000002511853|0000000000155063|0000000002511853|100.00
20032026|533293|0000000000004649|0000000006423524|0000000000010922|0000000015254823|042.57
20032026|533294|0000000000001716|0000000000031952|0000000000001758|0000000000033232|097.61
20032026|533295|0000000000055140|0000000001267669|0000000000117340|0000000002717243|046.99
20032026|533296|0000000000010112|0000000000076447|0000000000011117|0000000000084702|090.96
20032026|533298|0000000000012753|0000000000281459|0000000000014139|0000000000312602|090.20
20032026|533301|0000000000004443|0000000000051228|0000000000004443|0000000000053416|100.00
20032026|533302|0000000000000100|0000000000446420|0000000000000119|0000000000532074|084.03
20032026|533303|0000000000001009|0000000000374239|0000000000001100|0000000000412635|091.73
20032026|533306|0000000000000093|0000000000138812|0000000000000120|0000000000181997|077.50
20032026|533315|0000000000042706|0000000002396234|0000000000045019|0000000002645466|094.86
20032026|533316|0000000000000045|0000000000020115|0000000000000048|0000000000021753|093.75
20032026|533317|0000000000001398|0000000000005545|0000000000001398|0000000000005545|100.00
20032026|533326|0000000000035126|0000000003147290|0000000000091323|0000000008278781|038.46
20032026|533329|0000000000004378|0000000000122584|0000000000004380|0000000000124191|099.95
20032026|533333|0000000000137204|0000000002975955|0000000000232338|0000000005094903|059.05
20032026|533336|0000000000000053|0000000000041139|0000000000000062|0000000000048964|085.48
20032026|533339|0000000000008155|0000000011533617|0000000000018272|0000000025925934|044.63
20032026|533343|0000000000004825|0000000000312757|0000000000004954|0000000000322131|097.40
20032026|533344|0000000000024509|0000000000671057|0000000000031103|0000000000854813|078.80
20032026|533385|0000000000030822|0000000006965156|0000000000056809|0000000012778819|054.26
20032026|533398|0000000000009499|0000000031504859|0000000000021607|0000000071094625|043.96
20032026|533407|0000000000005756|0000000000882652|0000000000005756|0000000000882652|100.00
20032026|533408|0000000000005669|0000000000727957|0000000000007130|0000000000921288|079.51
20032026|533427|0000000000092198|0000000001852258|0000000000119237|0000000002478557|077.32
20032026|533451|0000000000001224|0000000000046378|0000000000001224|0000000000048661|100.00
20032026|533452|0000000000046855|0000000000455900|0000000000053414|0000000000523845|087.72
20032026|533470|0000000000051691|0000000000811032|0000000000053994|0000000000852830|095.73
20032026|533477|0000000000000044|0000000000017944|0000000000000058|0000000000023741|075.86
20032026|533482|0000000000009695|0000000000022784|0000000000010684|0000000000024613|090.74
20032026|533506|0000000000186046|0000000000187907|0000000000209738|0000000000211419|088.70
20032026|533519|0000000000055273|0000000014429017|0000000000125294|0000000032796130|044.11
20032026|533520|0000000002045150|0000000020471952|0000000002144460|0000000021524900|095.37
20032026|533540|0000000000007177|0000000000062529|0000000000007177|0000000000062529|100.00
20032026|533543|0000000000005751|0000000000302618|0000000000005886|0000000000314406|097.71
20032026|533552|0000000000005439|0000000000674436|0000000000008733|0000000001081760|062.28
20032026|533553|0000000000014274|0000000012319890|0000000000041489|0000000035723561|034.40
20032026|533570|0000000000041801|0000000005108083|0000000000084522|0000000010328964|049.46
20032026|533573|0000000000001873|0000000001268115|0000000000003163|0000000002108881|059.22
20032026|533576|0000000000004904|0000000000256431|0000000000005437|0000000000292064|090.20
20032026|533581|0000000000060499|0000000031020863|0000000000134584|0000000069274665|044.95
20032026|533602|0000000000241078|0000000000180809|0000000000314707|0000000000234969|076.60
20032026|533605|0000000000009346|0000000000003569|0000000000009346|0000000000003569|100.00
20032026|533608|0000000000013414|0000000002253552|0000000000028297|0000000004821890|047.40
20032026|533629|0000000000203967|0000000000927943|0000000000203967|0000000000927943|100.00
20032026|533632|0000000000003848|0000000000055643|0000000000003848|0000000000055694|100.00
20032026|533638|0000000000008884|0000000000057746|0000000000011070|0000000000073558|080.25
20032026|533644|0000000000001027|0000000000149532|0000000000001853|0000000000276034|055.42
20032026|533655|0000000000008182|0000000003736720|0000000000016088|0000000007397772|050.86
20032026|533676|0000000000006734|0000000001698315|0000000000010971|0000000002818313|061.38
20032026|533704|0000000000006259|0000000000148026|0000000000007532|0000000000180298|083.10
20032026|533719|0000000000020611|0000000002707255|0000000000025160|0000000003321863|081.92
20032026|533758|0000000000024962|0000000049267500|0000000000030805|0000000060993255|081.03
20032026|533761|0000000000005851|0000000000607334|0000000000007330|0000000000756329|079.82
20032026|533896|0000000000007700|0000000000146300|0000000000008127|0000000000153578|094.75
20032026|533941|0000000000000202|0000000000054359|0000000000000305|0000000000084224|066.23
20032026|533982|0000000000000750|0000000000248625|0000000000000925|0000000000305606|081.08
20032026|534060|0000000000427579|0000000000795297|0000000000466855|0000000000874148|091.59
20032026|534063|0000000000000011|0000000000000505|0000000000000011|0000000000000505|100.00
20032026|534064|0000000000067039|0000000000115308|0000000000083145|0000000000144523|080.63
20032026|534076|0000000000001630|0000000000604486|0000000000003712|0000000001382528|043.91
20032026|534091|0000000000073594|0000000177718471|0000000000209414|0000000512740380|035.14
20032026|534139|0000000000009461|0000000008532303|0000000000009461|0000000008532303|100.00
20032026|534190|0000000000001001|0000000000002703|0000000000001001|0000000000002703|100.00
20032026|534309|0000000000422256|0000000035431501|0000000001003673|0000000085448245|042.07
20032026|534312|0000000000020107|0000000000025648|0000000000020107|0000000000025648|100.00
20032026|534328|0000000000001867|0000000000295360|0000000000001881|0000000000299194|099.26
20032026|534338|0000000000000488|0000000000006091|0000000000000727|0000000000008883|067.13
20032026|534369|0000000000006920|0000000000892334|0000000000009696|0000000001257298|071.37
20032026|534392|0000000000000492|0000000000115227|0000000000000829|0000000000196258|059.35
20032026|534422|0000000000005092|0000000000038393|0000000000005092|0000000000038393|100.00
20032026|534425|0000000000000713|0000000000068662|0000000000001038|0000000000098491|068.69
20032026|534532|0000000000001888|0000000000008780|0000000000002433|0000000000011685|077.60
20032026|534597|0000000000078347|0000000002091082|0000000000181901|0000000004911527|043.07
20032026|534598|0000000000007996|0000000000231325|0000000000008106|0000000000231840|098.64
20032026|534600|0000000000052101|0000000002717068|0000000000104242|0000000005518121|049.98
20032026|534612|0000000000004103|0000000000055514|0000000000005881|0000000000082434|069.77
20032026|534615|0000000000010565|0000000000137874|0000000000011959|0000000000158235|088.34
20032026|534618|0000000000015122|0000000012852188|0000000000038666|0000000033187651|039.11
20032026|534623|0000000000404565|0000000020224324|0000000000404565|0000000020224324|100.00
20032026|534639|0000000000000196|0000000000003822|0000000000000277|0000000000005525|070.76
20032026|534674|0000000000038346|0000000000112738|0000000000049735|0000000000144614|077.10
20032026|534675|0000000000002377|0000000000106157|0000000000003245|0000000000145881|073.25
20032026|534680|0000000000089655|0000000022144785|0000000000089655|0000000022144830|100.00
20032026|534691|0000000000009909|0000000000123169|0000000000014965|0000000000188854|066.21
20032026|534708|0000000000003000|0000000000024420|0000000000003000|0000000000024420|100.00
20032026|534732|0000000000001084|0000000000036152|0000000000001891|0000000000063268|057.32
20032026|534733|0000000000125812|0000000002843026|0000000000125812|0000000002843026|100.00
20032026|534741|0000000000140950|0000000000066247|0000000000283693|0000000000134594|049.68
20032026|534742|0000000000003569|0000000000704521|0000000000007056|0000000001408055|050.58
20032026|534748|0000000000223161|0000000001651392|0000000000239652|0000000001779168|093.12
20032026|534755|0000000000221296|0000000000214658|0000000000225095|0000000000218528|098.31
20032026|534758|0000000000001007|0000000001075174|0000000000001848|0000000001982848|054.49
20032026|534796|0000000000000129|0000000000015746|0000000000000129|0000000000015746|100.00
20032026|534804|0000000000001594|0000000002453645|0000000000002270|0000000003516261|070.22
20032026|534809|0000000000954698|0000000007923994|0000000002263340|0000000019096926|042.18
20032026|534816|0000000000028297|0000000012296462|0000000000055665|0000000024303644|050.83
20032026|534920|0000000000023874|0000000001193461|0000000000023874|0000000001193461|100.00
20032026|534976|0000000000000765|0000000000391757|0000000000002711|0000000001391953|028.22
20032026|535136|0000000000003593|0000000003440837|0000000000006652|0000000006433777|054.01
20032026|535204|0000000000006453|0000000000017424|0000000000006453|0000000000017423|100.00
20032026|535205|0000000000014417|0000000000045270|0000000000015011|0000000000052508|096.04
20032026|535267|0000000000005936|0000000000041731|0000000000008945|0000000000063684|066.36
20032026|535276|0000000000013234|0000000010949547|0000000000016277|0000000013499282|081.30
20032026|535322|0000000000003928|0000000001377157|0000000000005547|0000000001966150|070.81
20032026|535387|0000000000000236|0000000000013646|0000000000000236|0000000000013665|100.00
20032026|535431|0000000000024323|0000000000015081|0000000000048909|0000000000030746|049.73
20032026|535514|0000000000000082|0000000000000471|0000000000000082|0000000000000470|100.00
20032026|535566|0000000000000196|0000000000022344|0000000000000197|0000000000023910|099.49
20032026|535601|0000000000000002|0000000000000372|0000000000000002|0000000000000371|100.00
20032026|535602|0000000000001296|0000000001017814|0000000000001911|0000000001515386|067.82
20032026|535621|0000000000000005|0000000000000662|0000000000000005|0000000000000661|100.00
20032026|535648|0000000000004183|0000000002170559|0000000000007721|0000000004014406|054.18
20032026|535657|0000000000000880|0000000000006113|0000000000000880|0000000000006113|100.00
20032026|535667|0000000000095530|0000000016321301|0000000000096425|0000000013581054|099.07
20032026|535693|0000000000004245|0000000000611493|0000000000005850|0000000000843391|072.56
20032026|535719|0000000000012190|0000000000355827|0000000000021244|0000000000630629|057.38
20032026|535730|0000000000408056|0000000000216270|0000000000658817|0000000000340066|061.94
20032026|535754|0000000000021133|0000000002796953|0000000000034991|0000000004678345|060.40
20032026|535755|0000000000310898|0000000018619682|0000000001008369|0000000061403640|030.83
20032026|535789|0000000000213407|0000000029418155|0000000000472632|0000000065991781|045.15
20032026|535910|0000000000394409|0000000000283975|0000000000449866|0000000000321514|087.67
20032026|535916|0000000000026270|0000000001577251|0000000000038807|0000000002339216|067.69
20032026|535917|0000000000006000|0000000000025800|0000000000006000|0000000000025800|100.00
20032026|535958|0000000000152467|0000000000190584|0000000000173079|0000000000218507|088.09
20032026|536073|0000000000046379|0000000000092758|0000000000054114|0000000000107597|085.71
20032026|536264|0000000000010989|0000000000276594|0000000000013341|0000000000336396|082.37
20032026|536493|0000000000001168|0000000000364533|0000000000001228|0000000000397260|095.11
20032026|536507|0000000000014789|0000000000019788|0000000000014789|0000000000019788|100.00
20032026|536565|0000000000001005|0000000000053969|0000000000001048|0000000000057250|095.90
20032026|536659|0000000001144158|0000000005183036|0000000001799907|0000000008127333|063.57
20032026|536672|0000000000003725|0000000000021605|0000000000003733|0000000000022750|099.79
20032026|536709|0000000000032231|0000000000340046|0000000000032231|0000000000340046|100.00
20032026|536773|0000000000001624|0000000001899837|0000000000003044|0000000003639098|053.35
20032026|536960|0000000000033027|0000000001955199|0000000000048060|0000000002863561|068.72
20032026|536974|0000000000007521|0000000000486459|0000000000011279|0000000000727571|066.68
20032026|537007|0000000000020466|0000000005337124|0000000000037315|0000000009765597|054.85
20032026|537008|0000000000006019|0000000000159564|0000000000010946|0000000000290475|054.99
20032026|537069|0000000000026472|0000000000309988|0000000000030848|0000000000357767|085.81
20032026|537253|0000000000000001|0000000000000064|0000000000000003|0000000000000191|033.33
20032026|537259|0000000000001984|0000000001367572|0000000000002271|0000000001565237|087.36
20032026|537291|0000000000000954|0000000000133608|0000000000001106|0000000000155866|086.26
20032026|537326|0000000000042822|0000000002581739|0000000000044930|0000000002706556|095.31
20032026|537483|0000000000011420|0000000002878868|0000000000017057|0000000004348734|066.95
20032026|537536|0000000000009233|0000000000636247|0000000000011284|0000000000785013|081.82
20032026|537669|0000000000001500|0000000000375000|0000000000001500|0000000000375000|100.00
20032026|537707|0000000000287629|0000000000258672|0000000000287629|0000000000258672|100.00
20032026|537708|0000000000007400|0000000001890848|0000000000011910|0000000003053976|062.13
20032026|537709|0000000000002208|0000000000009493|0000000000002208|0000000000009493|100.00
20032026|537750|0000000000006960|0000000001188768|0000000000008650|0000000001494979|080.46
20032026|537766|0000000000102529|0000000000168148|0000000000109180|0000000000177483|093.91
20032026|537785|0000000000011379|0000000001251122|0000000000011379|0000000001161304|100.00
20032026|537800|0000000003344948|0000000002817285|0000000003344948|0000000002817285|100.00
20032026|537820|0000000000052199|0000000000150522|0000000000052199|0000000000150522|100.00
20032026|537839|0000000000078043|0000000006528297|0000000000078360|0000000006444584|099.60
20032026|537840|0000000000000026|0000000000001265|0000000000000026|0000000000001270|100.00
20032026|537985|0000000000025818|0000000000496481|0000000000026329|0000000000498593|098.06
20032026|538057|0000000000062053|0000000006318857|0000000000086979|0000000008920865|071.34
20032026|538081|0000000000000466|0000000000002559|0000000000000665|0000000000003621|070.08
20032026|538092|0000000000000900|0000000000086040|0000000000000900|0000000000086107|100.00
20032026|538119|0000000000004568|0000000000382113|0000000000004568|0000000000382113|100.00
20032026|538212|0000000000228064|0000000000088236|0000000000228064|0000000000088236|100.00
20032026|538268|0000000000001617|0000000000845449|0000000000002419|0000000001265069|066.85
20032026|538273|0000000000001046|0000000000026757|0000000000001221|0000000000031141|085.67
20032026|538351|0000000000018846|0000000000037763|0000000000018846|0000000000037763|100.00
20032026|538365|0000000000000003|0000000000000101|0000000000000003|0000000000000100|100.00
20032026|538382|0000000000000001|0000000000000084|0000000000000001|0000000000000083|100.00
20032026|538401|0000000000000282|0000000000037859|0000000000000543|0000000000072983|051.93
20032026|538422|0000000000076543|0000000000032914|0000000000136965|0000000000061134|055.88
20032026|538446|0000000000012487|0000000000776692|0000000000012964|0000000000808050|096.32
20032026|538451|0000000000065548|0000000000176980|0000000000097339|0000000000262000|067.34
20032026|538464|0000000000022039|0000000000087275|0000000000022669|0000000000089624|097.22
20032026|538465|0000000000010253|0000000000124472|0000000000010253|0000000000124081|100.00
20032026|538476|0000000000048888|0000000000767542|0000000000055566|0000000000881966|087.98
20032026|538520|0000000000009209|0000000000018142|0000000000011377|0000000000021997|080.94
20032026|538521|0000000000000039|0000000000003608|0000000000000043|0000000000004009|090.70
20032026|538539|0000000000006864|0000000000084770|0000000000006864|0000000000084770|100.00
20032026|538540|0000000000062654|0000000000594437|0000000000062654|0000000000594437|100.00
20032026|538546|0000000000000948|0000000000104043|0000000000001094|0000000000120866|086.65
20032026|538556|0000000000037457|0000000003955460|0000000000037508|0000000004084395|099.86
20032026|538562|0000000000006059|0000000002119742|0000000000009590|0000000003393554|063.18
20032026|538563|0000000000000020|0000000000008641|0000000000000020|0000000000008641|100.00
20032026|538564|0000000000000584|0000000000169039|0000000000000847|0000000000249650|068.95
20032026|538565|0000000000002593|0000000000499926|0000000000002593|0000000000499926|100.00
20032026|538567|0000000000000936|0000000000861308|0000000000001594|0000000001470946|058.72
20032026|538568|0000000000000005|0000000000000163|0000000000000006|0000000000000202|083.33
20032026|538569|0000000000005669|0000000000005840|0000000000006403|0000000000006643|088.54
20032026|538596|0000000000001209|0000000000005501|0000000000001209|0000000000005501|100.00
20032026|538597|0000000000004313|0000000000040099|0000000000004313|0000000000040099|100.00
20032026|538598|0000000000210546|0000000003690872|0000000000225866|0000000003995349|093.22
20032026|538607|0000000000792003|0000000000633603|0000000000917857|0000000000741393|086.29
20032026|538609|0000000000000262|0000000000014675|0000000000000263|0000000000014776|099.62
20032026|538610|0000000001200554|0000000000840388|0000000002273208|0000000001674120|052.81
20032026|538611|0000000000000493|0000000000026958|0000000000000493|0000000000026958|100.00
20032026|538634|0000000000001236|0000000000147888|0000000000001236|0000000000147610|100.00
20032026|538635|0000000000022244|0000000000763192|0000000000027721|0000000000965934|080.24
20032026|538646|0000000000000591|0000000000024202|0000000000000783|0000000000031372|075.48
20032026|538647|0000000000100010|0000000003210321|0000000000100010|0000000003210353|100.00
20032026|538666|0000000000015515|0000000015167464|0000000000020470|0000000019947323|075.79
20032026|538668|0000000000062263|0000000036093862|0000000000100281|0000000052617716|062.09
20032026|538674|0000000000001270|0000000000009004|0000000000001270|0000000000009004|100.00
20032026|538683|0000000000008824|0000000007528637|0000000000011838|0000000010151112|074.54
20032026|538685|0000000000000176|0000000000016932|0000000000000214|0000000000020864|082.24
20032026|538706|0000000000090734|0000000000592494|0000000000135127|0000000000886874|067.15
20032026|538707|0000000000000052|0000000000001646|0000000000000055|0000000000001610|094.55
20032026|538708|0000000000005565|0000000000038121|0000000000007730|0000000000051929|071.99
20032026|538713|0000000000010631|0000000002221348|0000000000017523|0000000003743277|060.67
20032026|538714|0000000000001738|0000000000065210|0000000000002683|0000000000102066|064.78
20032026|538715|0000000000012705|0000000004271421|0000000000013290|0000000004467007|095.60
20032026|538716|0000000000000233|0000000000093200|0000000000000314|0000000000125140|074.20
20032026|538730|0000000000002516|0000000000654664|0000000000007016|0000000001846797|035.86
20032026|538731|0000000000004200|0000000000016800|0000000000004200|0000000000016800|100.00
20032026|538732|0000000000003709|0000000000116055|0000000000004539|0000000000142322|081.71
20032026|538734|0000000000005268|0000000004957188|0000000000008376|0000000007967055|062.89
20032026|538742|0000000000000189|0000000000006018|0000000000000189|0000000000006018|100.00
20032026|538743|0000000000002157|0000000000027695|0000000000002157|0000000000027695|100.00
20032026|538770|0000000000004433|0000000000053152|0000000000005229|0000000000060499|084.78
20032026|538772|0000000000068553|0000000002528921|0000000000098460|0000000003620687|069.63
20032026|538777|0000000000001000|0000000000029650|0000000000001000|0000000000029650|100.00
20032026|538778|0000000000008342|0000000000051721|0000000000010428|0000000000065331|080.00
20032026|538787|0000000000006076|0000000000056933|0000000000008848|0000000000083558|068.67
20032026|538788|0000000000008550|0000000000101916|0000000000009331|0000000000112117|091.63
20032026|538795|0000000000002053|0000000000538605|0000000000002377|0000000000620211|086.37
20032026|538817|0000000000147359|0000000001301180|0000000000222152|0000000001965919|066.33
20032026|538833|0000000000010790|0000000000095492|0000000000010791|0000000000091970|099.99
20032026|538834|0000000000030765|0000000000304574|0000000000042835|0000000000421837|071.82
20032026|538835|0000000000009016|0000000005867613|0000000000019824|0000000013179169|045.48
20032026|538836|0000000000000358|0000000000188219|0000000000000450|0000000000234887|079.56
20032026|538837|0000000000005211|0000000000344708|0000000000005381|0000000000353523|096.84
20032026|538838|0000000000001048|0000000000028244|0000000000001050|0000000000025403|099.81
20032026|538857|0000000000001361|0000000000018577|0000000000001361|0000000000018577|100.00
20032026|538860|0000000000040429|0000000000028705|0000000000057428|0000000000040719|070.40
20032026|538862|0000000000002033|0000000000074246|0000000000002286|0000000000094321|088.93
20032026|538868|0000000000043985|0000000000703321|0000000000045820|0000000000734435|096.00
20032026|538874|0000000000001523|0000000000026683|0000000000001523|0000000000026682|100.00
20032026|538875|0000000000247772|0000000001285937|0000000000247772|0000000001285936|100.00
20032026|538881|0000000000000004|0000000000000085|0000000000000004|0000000000000084|100.00
20032026|538882|0000000000076083|0000000004071963|0000000000101748|0000000005358045|074.78
20032026|538890|0000000000036462|0000000001902588|0000000000041412|0000000002142145|088.05
20032026|538891|0000000000052569|0000000001144428|0000000000086437|0000000001895294|060.82
20032026|538895|0000000000003402|0000000000032864|0000000000004255|0000000000041251|079.95
20032026|538896|0000000000000588|0000000000200597|0000000000000767|0000000000263462|076.66
20032026|538902|0000000000000127|0000000000016129|0000000000000160|0000000000020365|079.38
20032026|538918|0000000000000290|0000000000002254|0000000000000290|0000000000002228|100.00
20032026|538920|0000000000021958|0000000002895163|0000000000041043|0000000005350938|053.50
20032026|538922|0000000000008985|0000000000180329|0000000000009038|0000000000184900|099.41
20032026|538923|0000000000175768|0000000004367835|0000000000352104|0000000008631353|049.92
20032026|538926|0000000000000223|0000000000035368|0000000000000274|0000000000045543|081.39
20032026|538928|0000000001114006|0000000001403648|0000000001114006|0000000001376663|100.00
20032026|538942|0000000000005467|0000000000112675|0000000000006126|0000000000124094|089.24
20032026|538943|0000000000000001|0000000000000100|0000000000000001|0000000000000100|100.00
20032026|538952|0000000000015537|0000000000017557|0000000000017236|0000000000019368|090.14
20032026|538961|0000000000013873|0000000000149690|0000000000015872|0000000000174821|087.41
20032026|538962|0000000000009379|0000000004716231|0000000000015573|0000000007825350|060.23
20032026|538965|0000000000001105|0000000000084831|0000000000001705|0000000000130806|064.81
20032026|538970|0000000002083717|0000000012752349|0000000002276783|0000000013915489|091.52
20032026|538975|0000000000279836|0000000000053168|0000000000279836|0000000000053168|100.00
20032026|538979|0000000000002972|0000000000638386|0000000000014366|0000000003172293|020.69
20032026|538987|0000000000000274|0000000000172607|0000000000000479|0000000000302125|057.20
20032026|538992|0000000000001522|0000000002952680|0000000000001522|0000000002991421|100.00
20032026|539006|0000000000000403|0000000007011072|0000000000000620|0000000010739352|065.00
20032026|539011|0000000000002376|0000000000162258|0000000000002650|0000000000183681|089.66
20032026|539012|0000000000000322|0000000000024366|0000000000000331|0000000000025219|097.28
20032026|539013|0000000000004297|0000000000341440|0000000000004297|0000000000341440|100.00
20032026|539014|0000000000001986|0000000000016285|0000000000001986|0000000000016285|100.00
20032026|539015|0000000000002596|0000000000004569|0000000000002596|0000000000004569|100.00
20032026|539016|0000000000012680|0000000000081026|0000000000013818|0000000000082806|091.76
20032026|539017|0000000000316862|0000000001314978|0000000000433922|0000000001837087|073.02
20032026|539018|0000000000000669|0000000000245891|0000000000000851|0000000000315366|078.61
20032026|539031|0000000000003631|0000000000973653|0000000000004333|0000000001167185|083.80
20032026|539040|0000000000020274|0000000000127321|0000000000024911|0000000000155858|081.39
20032026|539041|0000000000028750|0000000000650613|0000000000035000|0000000000803975|082.14
20032026|539042|0000000000138877|0000000043246298|0000000000268670|0000000084013747|051.69
20032026|539044|0000000000001990|0000000000102883|0000000000002210|0000000000116323|090.05
20032026|539045|0000000000009275|0000000000233589|0000000000009275|0000000000233589|100.00
20032026|539046|0000000000004571|0000000000486812|0000000000008883|0000000000960152|051.46
20032026|539056|0000000000047746|0000000001907931|0000000000058730|0000000002373821|081.30
20032026|539083|0000000000289467|0000000023684190|0000000000887383|0000000072878389|032.62
20032026|539090|0000000000000296|0000000000009626|0000000000000296|0000000000009694|100.00
20032026|539091|0000000000095085|0000000000077019|0000000000156918|0000000000126818|060.60
20032026|539097|0000000000027785|0000000000063350|0000000000033233|0000000000075527|083.61
20032026|539098|0000000000002000|0000000000120040|0000000000002000|0000000000120040|100.00
20032026|539111|0000000000001662|0000000000024914|0000000000001724|0000000000024662|096.40
20032026|539113|0000000000000527|0000000000255385|0000000000000541|0000000000267183|097.41
20032026|539115|0000000000000355|0000000000089141|0000000000000401|0000000000102735|088.53
20032026|539117|0000000000070972|0000000002553573|0000000000128571|0000000004767090|055.20
20032026|539118|0000000000007729|0000000001862303|0000000000010310|0000000002497280|074.97
20032026|539119|0000000000000500|0000000000010025|0000000000000500|0000000000010025|100.00
20032026|539120|0000000000002215|0000000000129622|0000000000002673|0000000000152596|082.87
20032026|539121|0000000000001045|0000000000102567|0000000000001334|0000000000132620|078.34
20032026|539122|0000000000040022|0000000000622111|0000000000040022|0000000000622111|100.00
20032026|539123|0000000000005187|0000000000028010|0000000000005187|0000000000028019|100.00
20032026|539124|0000000000000728|0000000000014560|0000000000000912|0000000000018310|079.82
20032026|539126|0000000000128115|0000000000116613|0000000000128115|0000000000116613|100.00
20032026|539132|0000000000196620|0000000001700763|0000000000258232|0000000002244629|076.14
20032026|539141|0000000000000936|0000000000059202|0000000000001360|0000000000086294|068.82
20032026|539143|0000000000093059|0000000000665372|0000000000099814|0000000000715547|093.23
20032026|539148|0000000000002137|0000000000500700|0000000000003482|0000000000834181|061.37
20032026|539149|0000000000006112|0000000000028648|0000000000006112|0000000000028648|100.00
20032026|539150|0000000000011114|0000000002071650|0000000000016524|0000000003100303|067.26
20032026|539151|0000000000009733|0000000000750123|0000000000014489|0000000001117746|067.18
20032026|539167|0000000000000017|0000000000000740|0000000000000017|0000000000000740|100.00
20032026|539174|0000000000000001|0000000000000026|0000000000000001|0000000000000025|100.00
20032026|539175|0000000000664290|0000000002072585|0000000001059346|0000000003292892|062.71
20032026|539176|0000000000001200|0000000000085260|0000000000001228|0000000000087286|097.72
20032026|539177|0000000000013587|0000000006684804|0000000000035590|0000000017404008|038.18
20032026|539189|0000000000001075|0000000000014739|0000000000001735|0000000000022721|061.96
20032026|539195|0000000000019465|0000000003289585|0000000000028365|0000000004824272|068.62
20032026|539196|0000000000007411|0000000000792977|0000000000011881|0000000001289812|062.38
20032026|539199|0000000000002093|0000000000790213|0000000000003232|0000000001231886|064.76
20032026|539200|0000000000014410|0000000000022623|0000000000014410|0000000000022623|100.00
20032026|539201|0000000000009172|0000000000547752|0000000000011922|0000000000718032|076.93
20032026|539206|0000000000000013|0000000000000372|0000000000000013|0000000000000371|100.00
20032026|539216|0000000000151516|0000000000228790|0000000000207979|0000000000314614|072.85
20032026|539217|0000000002311166|0000000000554680|0000000003259441|0000000000790870|070.91
20032026|539218|0000000000000006|0000000000000874|0000000000000006|0000000000000873|100.00
20032026|539219|0000000000251356|0000000001983199|0000000000299148|0000000002357891|084.02
20032026|539220|0000000000000027|0000000000001075|0000000000000027|0000000000001074|100.00
20032026|539221|0000000000012974|0000000001521851|0000000000021795|0000000002612493|059.53
20032026|539222|0000000003330420|0000000003134883|0000000003330420|0000000003134883|100.00
20032026|539224|0000000000000788|0000000000023675|0000000000000788|0000000000023675|100.00
20032026|539226|0000000000028468|0000000000458335|0000000000047749|0000000000775509|059.62
20032026|539227|0000000000001858|0000000000318462|0000000000003210|0000000000558791|057.88
20032026|539228|0000000000032218|0000000000048532|0000000000032218|0000000000048532|100.00
20032026|539230|0000000000000005|0000000000000218|0000000000000005|0000000000000217|100.00
20032026|539251|0000000000050579|0000000000776388|0000000000050579|0000000000776619|100.00
20032026|539252|0000000000105811|0000000000476150|0000000000109399|0000000000493859|096.72
20032026|539254|0000000000028698|0000000028982111|0000000000057598|0000000058814393|049.82
20032026|539255|0000000000000701|0000000000315170|0000000000001003|0000000000450894|069.89
20032026|539267|0000000000003235|0000000000050628|0000000000005302|0000000000081221|061.01
20032026|539268|0000000000012956|0000000005372206|0000000000025080|0000000010396938|051.66
20032026|539275|0000000000000234|0000000000029917|0000000000000306|0000000000039397|076.47
20032026|539276|0000000000001754|0000000000499627|0000000000004930|0000000001438784|035.58
20032026|539277|0000000017687668|0000000002476274|0000000040706508|0000000005692588|043.45
20032026|539278|0000000000001611|0000000000002900|0000000000001792|0000000000003191|089.90
20032026|539287|0000000000000824|0000000000013123|0000000000000824|0000000000013123|100.00
20032026|539288|0000000000001284|0000000000027785|0000000000001284|0000000000027785|100.00
20032026|539289|0000000000000186|0000000000031686|0000000000000256|0000000000043496|072.66
20032026|539290|0000000000008873|0000000000218276|0000000000011933|0000000000291578|074.36
20032026|539300|0000000000009489|0000000002223273|0000000000011488|0000000002685563|082.60
20032026|539301|0000000000002132|0000000001138062|0000000000003724|0000000001982107|057.25
20032026|539302|0000000000001391|0000000002767256|0000000000003371|0000000006745878|041.26
20032026|539309|0000000000376358|0000000002036097|0000000000802363|0000000004331780|046.91
20032026|539310|0000000002606590|0000000000417055|0000000003831100|0000000000624648|068.04
20032026|539312|0000000000000323|0000000000266954|0000000000000405|0000000000333881|079.75
20032026|539313|0000000000001437|0000000000367499|0000000000002544|0000000000651070|056.49
20032026|539314|0000000000002530|0000000000131358|0000000000002978|0000000000155441|084.96
20032026|539331|0000000000036951|0000000003449376|0000000000037366|0000000003576636|098.89
20032026|539332|0000000000022269|0000000001845878|0000000000032035|0000000002701190|069.51
20032026|539334|0000000000000402|0000000000120118|0000000000000635|0000000000192233|063.31
20032026|539335|0000000000000797|0000000000168598|0000000000000797|0000000000168598|100.00
20032026|539336|0000000000046618|0000000016530743|0000000000101808|0000000035948151|045.79
20032026|539337|0000000000019775|0000000003326155|0000000000031150|0000000005179772|063.48
20032026|539346|0000000000133480|0000000000345714|0000000000193230|0000000000503862|069.08
20032026|539354|0000000000011908|0000000000325089|0000000000013671|0000000000374502|087.10
20032026|539359|0000000000021931|0000000000268875|0000000000025088|0000000000300933|087.42
20032026|539383|0000000000000613|0000000000004677|0000000000000613|0000000000004677|100.00
20032026|539384|0000000000000007|0000000000000165|0000000000000007|0000000000000164|100.00
20032026|539391|0000000000000181|0000000000005536|0000000000000181|0000000000005536|100.00
20032026|539398|0000000000000751|0000000000035605|0000000000001220|0000000000058732|061.56
20032026|539399|0000000000000288|0000000000074938|0000000000000390|0000000000103948|073.85
20032026|539400|0000000000000153|0000000000157667|0000000000000194|0000000000204785|078.87
20032026|539402|0000000000002976|0000000000012351|0000000000002976|0000000000011726|100.00
20032026|539404|0000000000005383|0000000000786188|0000000000006024|0000000000886982|089.36
20032026|539405|0000000000000510|0000000000007513|0000000000000510|0000000000007162|100.00
20032026|539406|0000000000000177|0000000000010628|0000000000000177|0000000000010621|100.00
20032026|539407|0000000000001166|0000000000050313|0000000000001786|0000000000077440|065.29
20032026|539408|0000000000000368|0000000000004663|0000000000000368|0000000000004660|100.00
20032026|539409|0000000000000001|0000000000000015|0000000000000001|0000000000000015|100.00
20032026|539428|0000000000009930|0000000000125615|0000000000013355|0000000000169276|074.35
20032026|539435|0000000000000151|0000000000004583|0000000000000151|0000000000004581|100.00
20032026|539436|0000000000064292|0000000001537865|0000000000081688|0000000001956250|078.70
20032026|539437|0000000000987506|0000000062183253|0000000002537640|0000000160761637|038.91
20032026|539448|0000000000111949|0000000464353258|0000000000172275|0000000721549870|064.98
20032026|539449|0000000000023666|0000000000050172|0000000000024786|0000000000052573|095.48
20032026|539450|0000000000011389|0000000001423056|0000000000013667|0000000001748347|083.33
20032026|539455|0000000000010016|0000000000560896|0000000000010996|0000000000590598|091.09
20032026|539469|0000000000057908|0000000002230617|0000000000065679|0000000002584000|088.17
20032026|539470|0000000000729425|0000000000430361|0000000001551703|0000000000888788|047.01
20032026|539479|0000000000031964|0000000002086610|0000000000050564|0000000003284192|063.21
20032026|539480|0000000000000676|0000000000173753|0000000000001007|0000000000261033|067.13
20032026|539487|0000000000000070|0000000000058604|0000000000000074|0000000000063066|094.59
20032026|539492|0000000000003891|0000000000046031|0000000000004122|0000000000049586|094.40
20032026|539494|0000000000005084|0000000000039147|0000000000005951|0000000000045616|085.43
20032026|539506|0000000000171324|0000000000073670|0000000000303056|0000000000131274|056.53
20032026|539515|0000000000002007|0000000000078073|0000000000002181|0000000000084115|092.02
20032026|539516|0000000000003507|0000000000907437|0000000000005485|0000000001427341|063.94
20032026|539517|0000000000013443|0000000001133649|0000000000016667|0000000001411262|080.66
20032026|539518|0000000000003424|0000000000421495|0000000000005750|0000000000714747|059.55
20032026|539519|0000000002666844|0000000001893460|0000000002678366|0000000001927456|099.57
20032026|539522|0000000000001137|0000000000041069|0000000000001676|0000000000061213|067.84
20032026|539523|0000000000000707|0000000003717230|0000000000001411|0000000007415199|050.11
20032026|539524|0000000000011420|0000000014962484|0000000000015811|0000000020863539|072.23
20032026|539526|0000000002501437|0000000001475848|0000000003341179|0000000002035318|074.87
20032026|539527|0000000000000095|0000000000051671|0000000000000096|0000000000052889|098.96
20032026|539528|0000000000141217|0000000004854278|0000000000141217|0000000004854278|100.00
20032026|539533|0000000000502084|0000000025812139|0000000000695848|0000000036553492|072.15
20032026|539542|0000000000001608|0000000001512566|0000000000002275|0000000002125881|070.68
20032026|539544|0000000000000016|0000000000000125|0000000000000016|0000000000000125|100.00
20032026|539545|0000000000000002|0000000000000073|0000000000000003|0000000000000108|066.67
20032026|539546|0000000000001541|0000000000405746|0000000000002218|0000000000583781|069.48
20032026|539551|0000000000005770|0000000009536656|0000000000009367|0000000015582181|061.60
20032026|539552|0000000000055951|0000000004359702|0000000000060845|0000000004766654|091.96
20032026|539559|0000000003055414|0000000007394102|0000000004262456|0000000010404676|071.68
20032026|539561|0000000003030957|0000000001121455|0000000003031147|0000000001121524|099.99
20032026|539562|0000000000084883|0000000002189133|0000000000144007|0000000003976674|058.94
20032026|539574|0000000008177551|0000000001635511|0000000016098491|0000000003246143|050.80
20032026|539593|0000000000004116|0000000000028195|0000000000004127|0000000000028869|099.73
20032026|539594|0000000001109527|0000000004327156|0000000001350453|0000000005286085|082.16
20032026|539596|0000000000003452|0000000000043841|0000000000003456|0000000000042628|099.88
20032026|539598|0000000000006621|0000000000182475|0000000000008047|0000000000224271|082.28
20032026|539599|0000000000000012|0000000000000345|0000000000000012|0000000000000345|100.00
20032026|539607|0000000000422993|0000000008070707|0000000001002404|0000000019386905|042.20
20032026|539620|0000000000015770|0000000000219992|0000000000016909|0000000000234916|093.26
20032026|539621|0000000000024752|0000000000012376|0000000000029031|0000000000014282|085.26
20032026|539636|0000000000004341|0000000000508983|0000000000011597|0000000001396697|037.43
20032026|539658|0000000000092266|0000000109750407|0000000000092984|0000000113990686|099.23
20032026|539659|0000000000008705|0000000000351421|0000000000009359|0000000000376086|093.01
20032026|539660|0000000000021487|0000000000310266|0000000000021487|0000000000310266|100.00
20032026|539661|0000000000000021|0000000000002153|0000000000000031|0000000000003179|067.74
20032026|539662|0000000000030309|0000000000270054|0000000000033177|0000000000294532|091.36
20032026|539669|0000000000025608|0000000000027656|0000000000025608|0000000000027656|100.00
20032026|539678|0000000000008234|0000000001190637|0000000000014272|0000000002114760|057.69
20032026|539679|0000000000073640|0000000000186310|0000000000086175|0000000000216890|085.45
20032026|539682|0000000000000790|0000000000976337|0000000000000790|0000000000976337|100.00
20032026|539686|0000000000006199|0000000001731071|0000000000011659|0000000003276092|053.17
20032026|539692|0000000000000023|0000000000000345|0000000000000038|0000000000000564|060.53
20032026|539697|0000000000003067|0000000000142578|0000000000003067|0000000000142578|100.00
20032026|539724|0000000000004341|0000000000540887|0000000000004341|0000000000540887|100.00
20032026|539725|0000000000052868|0000000009592899|0000000000147504|0000000027225158|035.84
20032026|539730|0000000000004289|0000000007080496|0000000000007467|0000000012371395|057.44
20032026|539742|0000000000000562|0000000000004227|0000000000000562|0000000000004227|100.00
20032026|539760|0000000000014581|0000000000495171|0000000000014765|0000000000484690|098.75
20032026|539761|0000000000344961|0000000000327713|0000000000399827|0000000000377272|086.28
20032026|539762|0000000000028377|0000000000964818|0000000000034439|0000000001163861|082.40
20032026|539767|0000000000000184|0000000000007181|0000000000000184|0000000000007181|100.00
20032026|539770|0000000000003588|0000000000131106|0000000000003591|0000000000130820|099.92
20032026|539773|0000000001222959|0000000002164638|0000000001318095|0000000002315657|092.78
20032026|539784|0000000000000275|0000000000071968|0000000000000275|0000000000071967|100.00
20032026|539785|0000000000010415|0000000000740507|0000000000011989|0000000000860635|086.87
20032026|539787|0000000000003829|0000000002079147|0000000000007337|0000000003992475|052.19
20032026|539798|0000000000013731|0000000000411793|0000000000013731|0000000000409949|100.00
20032026|539799|0000000000000591|0000000000097841|0000000000000837|0000000000138954|070.61
20032026|539800|0000000000004100|0000000000020500|0000000000004620|0000000000023308|088.74
20032026|539807|0000000000374099|0000000005319688|0000000000612846|0000000008795991|061.04
20032026|539814|0000000000003383|0000000000761006|0000000000004819|0000000001113034|070.20
20032026|539834|0000000000000342|0000000000053694|0000000000000343|0000000000053737|099.71
20032026|539835|0000000000008092|0000000000015213|0000000000008092|0000000000014965|100.00
20032026|539837|0000000000000632|0000000000405334|0000000000000865|0000000000555780|073.06
20032026|539841|0000000000163511|0000000001474870|0000000000198323|0000000001792340|082.45
20032026|539843|0000000000000059|0000000000017995|0000000000000060|0000000000017482|098.33
20032026|539854|0000000000000011|0000000000002776|0000000000000011|0000000000002704|100.00
20032026|539871|0000000000004480|0000000001580992|0000000000008559|0000000003085897|052.34
20032026|539872|0000000000025546|0000000008007394|0000000000036411|0000000011316778|070.16
20032026|539875|0000000000000060|0000000000004784|0000000000000071|0000000000005676|084.51
20032026|539876|0000000000018670|0000000004542411|0000000000060280|0000000014756990|030.97
20032026|539883|0000000000002951|0000000014015775|0000000000003127|0000000015455827|094.37
20032026|539884|0000000000034917|0000000000086245|0000000000040608|0000000000100925|085.99
20032026|539889|0000000000007819|0000000001555591|0000000000019556|0000000003911934|039.98
20032026|539894|0000000000116312|0000000000921192|0000000000130527|0000000001048124|089.11
20032026|539895|0000000000012560|0000000000349168|0000000000017059|0000000000472238|073.63
20032026|539900|0000000000002113|0000000000019521|0000000000002113|0000000000019521|100.00
20032026|539911|0000000000000002|0000000000000028|0000000000000002|0000000000000028|100.00
20032026|539917|0000000000050531|0000000000198082|0000000000060094|0000000000238480|084.09
20032026|539921|0000000000435745|0000000071200733|0000000000644439|0000000108267347|067.62
20032026|539922|0000000000000001|0000000000000123|0000000000000001|0000000000000123|100.00
20032026|539927|0000000000000004|0000000000001633|0000000000000004|0000000000001633|100.00
20032026|539938|0000000000010506|0000000000292698|0000000000011076|0000000000312614|094.85
20032026|539939|0000000000001838|0000000000110685|0000000000002275|0000000000143207|080.79
20032026|539945|0000000000012680|0000000000172322|0000000000020969|0000000000287125|060.47
20032026|539946|0000000000006693|0000000000136805|0000000000011702|0000000000242428|057.20
20032026|539947|0000000000001104|0000000000060720|0000000000001180|0000000000069190|093.56
20032026|539956|0000000000001134|0000000003168963|0000000000001202|0000000003362626|094.34
20032026|539957|0000000000029975|0000000029021795|0000000000058616|0000000057291278|051.14
20032026|539963|0000000000086324|0000000001071138|0000000000086324|0000000001071138|100.00
20032026|539978|0000000000005787|0000000001026904|0000000000012944|0000000002325053|044.71
20032026|539979|0000000000000101|0000000000003861|0000000000000102|0000000000003957|099.02
20032026|539980|0000000000022948|0000000000372676|0000000000024255|0000000000395433|094.61
20032026|539984|0000000000029740|0000000015237289|0000000000041665|0000000021309225|071.38
20032026|539985|0000000000003000|0000000000075870|0000000000003000|0000000000075860|100.00
20032026|539986|0000000000000183|0000000000028146|0000000000000194|0000000000029838|094.33
20032026|539991|0000000000030566|0000000001133693|0000000000035337|0000000001339932|086.50
20032026|539992|0000000000145765|0000000006021553|0000000000246153|0000000010257490|059.22
20032026|539997|0000000000006252|0000000009489286|0000000000012993|0000000020061410|048.12
20032026|540005|0000000000007773|0000000033348891|0000000000022392|0000000093019447|034.71
20032026|540006|0000000000044591|0000000000128423|0000000000050346|0000000000145286|088.57
20032026|540008|0000000000000639|0000000000048053|0000000000000655|0000000000049050|097.56
20032026|540023|0000000000004766|0000000000063236|0000000000004766|0000000000063236|100.00
20032026|540025|0000000000002067|0000000000563155|0000000000002965|0000000000811882|069.71
20032026|540026|0000000000000838|0000000000006017|0000000000001289|0000000000009300|065.01
20032026|540047|0000000000003128|0000000001286234|0000000000005615|0000000002344901|055.71
20032026|540048|0000000000000184|0000000000131349|0000000000000226|0000000000161392|081.42
20032026|540061|0000000000009872|0000000000494489|0000000000011383|0000000000575212|086.73
20032026|540062|0000000000000002|0000000000000656|0000000000000002|0000000000000656|100.00
20032026|540065|0000000000017853|0000000005306805|0000000000051328|0000000015369338|034.78
20032026|540066|0000000000005050|0000000000257297|0000000000005050|0000000000257297|100.00
20032026|540072|0000000000010000|0000000000137200|0000000000010000|0000000000137200|100.00
20032026|540073|0000000000064643|0000000015549874|0000000000093311|0000000022485774|069.28
20032026|540078|0000000000006940|0000000000624600|0000000000008592|0000000000773764|080.77
20032026|540079|0000000000195671|0000000000256330|0000000000242995|0000000000323617|080.52
20032026|540080|0000000000073352|0000000000268469|0000000000077061|0000000000288089|095.19
20032026|540081|0000000000000037|0000000000000407|0000000000000037|0000000000000407|100.00
20032026|540082|0000000000004500|0000000001021500|0000000000004500|0000000001021500|100.00
20032026|540083|0000000000001692|0000000000009041|0000000000001692|0000000000009041|100.00
20032026|540097|0000000000010547|0000000000421459|0000000000011220|0000000000446940|094.00
20032026|540108|0000000000000266|0000000000001809|0000000000000266|0000000000001809|100.00
20032026|540115|0000000000003394|0000000010980100|0000000000007262|0000000023922405|046.74
20032026|540124|0000000000001536|0000000000574848|0000000000002458|0000000000938821|062.49
20032026|540125|0000000000007051|0000000000408042|0000000000008046|0000000000465974|087.63
20032026|540132|0000000000002239|0000000000028637|0000000000003542|0000000000042200|063.21
20032026|540133|0000000000007305|0000000004030899|0000000000014788|0000000008235524|049.40
20032026|540134|0000000000000583|0000000000004728|0000000000000583|0000000000004728|100.00
20032026|540135|0000000001339039|0000000000682910|0000000002293765|0000000001166182|058.38
20032026|540136|0000000000007339|0000000002079873|0000000000015492|0000000004451110|047.37
20032026|540143|0000000000000548|0000000000041374|0000000000000729|0000000000056998|075.17
20032026|540144|0000000000002500|0000000000037525|0000000000002500|0000000000037525|100.00
20032026|540145|0000000000009886|0000000002659829|0000000000021916|0000000005740322|045.11
20032026|540146|0000000000002000|0000000000064000|0000000000002000|0000000000064000|100.00
20032026|540147|0000000000042714|0000000000111911|0000000000054015|0000000000139712|079.08
20032026|540153|0000000000001437|0000000003277941|0000000000003372|0000000007740979|042.62
20032026|540154|0000000000000003|0000000000002423|0000000000000003|0000000000002427|100.00
20032026|540159|0000000000003095|0000000000013618|0000000000005095|0000000000022455|060.75
20032026|540168|0000000000144624|0000000003499901|0000000000185967|0000000004582690|077.77
20032026|540173|0000000000121211|0000000095986991|0000000000139893|0000000112240680|086.65
20032026|540174|0000000000000327|0000000000006786|0000000000000339|0000000000007083|096.46
20032026|540175|0000000000031361|0000000000801901|0000000000046251|0000000001188464|067.81
20032026|540180|0000000000114644|0000000046029566|0000000000200260|0000000080894915|057.25
20032026|540181|0000000000000635|0000000000021787|0000000000000637|0000000000020231|099.69
20032026|540189|0000000000001054|0000000000029448|0000000000001054|0000000000029448|100.00
20032026|540190|0000000001948207|0000000000720837|0000000002644170|0000000001005422|073.68
20032026|540192|0000000000006536|0000000000087518|0000000000007924|0000000000107030|082.48
20032026|540198|0000000000034180|0000000014994766|0000000000038794|0000000016993508|088.11
20032026|540199|0000000000003778|0000000000224678|0000000000004128|0000000000261255|091.52
20032026|540203|0000000000001567|0000000000808259|0000000000002244|0000000001166729|069.83
20032026|540204|0000000000002068|0000000000108364|0000000000002656|0000000000138495|077.86
20032026|540205|0000000000007246|0000000003315408|0000000000013158|0000000005937782|055.07
20032026|540210|0000000000001599|0000000000010474|0000000000001699|0000000000011349|094.11
20032026|540212|0000000000000520|0000000000258726|0000000000001030|0000000000510623|050.49
20032026|540222|0000000000060945|0000000060137479|0000000000118287|0000000115665235|051.52
20032026|540243|0000000000061160|0000000000080120|0000000000074747|0000000000100401|081.82
20032026|540252|0000000001944936|0000000020927512|0000000002533040|0000000027284608|076.78
20032026|540254|0000000000009434|0000000000290945|0000000000012243|0000000000385405|077.06
20032026|540259|0000000001174940|0000000000258487|0000000001990615|0000000000440039|059.02
20032026|540266|0000000000013609|0000000000201005|0000000000017074|0000000000251198|079.71
20032026|540267|0000000000012825|0000000000089134|0000000000013125|0000000000089417|097.71
20032026|540268|0000000000032888|0000000000201604|0000000000033859|0000000000209557|097.13
20032026|540293|0000000000007848|0000000004189263|0000000000037886|0000000020394692|020.71
20032026|540310|0000000000002220|0000000000098808|0000000000002220|0000000000098808|100.00
20032026|540311|0000000000000981|0000000000313458|0000000000000981|0000000000313458|100.00
20032026|540332|0000000000002000|0000000000128000|0000000000002000|0000000000127900|100.00
20032026|540358|0000000000014375|0000000006156813|0000000000019750|0000000008549312|072.78
20032026|540359|0000000000000832|0000000000021216|0000000000000834|0000000000023607|099.76
20032026|540360|0000000003176843|0000000005146486|0000000005963040|0000000009323733|053.28
20032026|540361|0000000000032403|0000000000134797|0000000000034047|0000000000141031|095.17
20032026|540366|0000000000015642|0000000000081965|0000000000018728|0000000000097789|083.52
20032026|540376|0000000000002907|0000000010949652|0000000000005892|0000000022402626|049.34
20032026|540377|0000000002103837|0000000000799459|0000000003219066|0000000001238205|065.36
20032026|540386|0000000000108297|0000000000121293|0000000000127218|0000000000142194|085.13
20032026|540393|0000000000002631|0000000000172331|0000000000002682|0000000000178626|098.10
20032026|540395|0000000000005234|0000000000413277|0000000000007050|0000000000570259|074.24
20032026|540396|0000000000009007|0000000001847336|0000000000036953|0000000007627551|024.37
20032026|540401|0000000000015048|0000000000136335|0000000000020955|0000000000188802|071.81
20032026|540403|0000000000002085|0000000000096731|0000000000002085|0000000000096731|100.00
20032026|540404|0000000000067901|0000000015196244|0000000000128219|0000000028738568|052.96
20032026|540405|0000000000001626|0000000000097560|0000000000001629|0000000000095619|099.82
20032026|540425|0000000000004027|0000000000438138|0000000000005125|0000000000562534|078.58
20032026|540455|0000000000000593|0000000000060516|0000000000002461|0000000000264713|024.10
20032026|540481|0000000000000007|0000000000000318|0000000000000007|0000000000000317|100.00
20032026|540492|0000000001027703|0000000011993294|0000000001027703|0000000011993294|100.00
20032026|540497|0000000000002754|0000000000401809|0000000000002824|0000000000411023|097.52
20032026|540515|0000000000000299|0000000000003349|0000000000000301|0000000000003164|099.34
20032026|540519|0000000000044844|0000000001769545|0000000000090651|0000000003639732|049.47
20032026|540526|0000000000073646|0000000004270732|0000000000121031|0000000007108270|060.85
20032026|540530|0000000000107122|0000000018478545|0000000000222898|0000000038795387|048.06
20032026|540544|0000000000001947|0000000001271294|0000000000002871|0000000001887212|067.82
20032026|540545|0000000000013950|0000000000533523|0000000000013950|0000000000533523|100.00
20032026|540565|0000000000045718|0000000007579588|0000000000053592|0000000008866976|085.31
20032026|540570|0000000000276852|0000000000974520|0000000000452836|0000000001611757|061.14
20032026|540575|0000000000020661|0000000004473107|0000000000031114|0000000006664553|066.40
20032026|540590|0000000000035577|0000000002056707|0000000000035921|0000000002048770|099.04
20032026|540595|0000000000106632|0000000046470226|0000000000254736|0000000110777481|041.86
20032026|540596|0000000000001142|0000000001474437|0000000000001836|0000000002356168|062.20
20032026|540597|0000000000000704|0000000000010758|0000000000000704|0000000000010757|100.00
20032026|540602|0000000000001602|0000000000094935|0000000000002414|0000000000141459|066.36
20032026|540611|0000000000106158|0000000095441350|0000000000126053|0000000113503717|084.22
20032026|540612|0000000000019297|0000000000399062|0000000000028625|0000000000594957|067.41
20032026|540613|0000000000000375|0000000000115875|0000000000000375|0000000000115875|100.00
20032026|540614|0000000001946176|0000000000856318|0000000004083713|0000000001807239|047.66
20032026|540615|0000000000011625|0000000000039060|0000000000014151|0000000000047363|082.15
20032026|540642|0000000000217985|0000000001512816|0000000000316906|0000000002201769|068.79
20032026|540647|0000000000000112|0000000000012729|0000000000000126|0000000000013988|088.89
20032026|540648|0000000000000299|0000000000026013|0000000000000309|0000000000026971|096.76
20032026|540649|0000000000012676|0000000005775820|0000000000018777|0000000008478773|067.51
20032026|540650|0000000000002338|0000000001076533|0000000000003348|0000000001523832|069.83
20032026|540654|0000000000001805|0000000000032815|0000000000002667|0000000000049072|067.68
20032026|540669|0000000000003051|0000000000210886|0000000000004140|0000000000286644|073.70
20032026|540673|0000000000000236|0000000000064688|0000000000000348|0000000000095829|067.82
20032026|540678|0000000000023919|0000000032089731|0000000000058243|0000000079315735|041.07
20032026|540679|0000000000000001|0000000000001285|0000000000000002|0000000000002550|050.00
20032026|540680|0000000000360839|0000000126943161|0000000000940858|0000000337165860|038.35
20032026|540686|0000000000000937|0000000000105179|0000000000001027|0000000000115501|091.24
20032026|540691|0000000000106536|0000000033154004|0000000000168288|0000000052647725|063.31
20032026|540692|0000000000025991|0000000009781713|0000000000065322|0000000024812235|039.79
20032026|540693|0000000000685339|0000000009101773|0000000000685339|0000000009101773|100.00
20032026|540694|0000000000007373|0000000000161469|0000000000011230|0000000000246997|065.65
20032026|540696|0000000000006277|0000000000030883|0000000000008560|0000000000042459|073.33
20032026|540699|0000000000017221|0000000177966981|0000000000054242|0000000563013864|031.75
20032026|540700|0000000000028323|0000000000533323|0000000000028531|0000000000547263|099.27
20032026|540701|0000000000014953|0000000002372294|0000000000024857|0000000004039002|060.16
20032026|540702|0000000000031081|0000000000220676|0000000000032028|0000000000233651|097.04
20032026|540703|0000000000000001|0000000000000034|0000000000000001|0000000000000034|100.00
20032026|540704|0000000000001006|0000000000427148|0000000000001453|0000000000596532|069.24
20032026|540710|0000000000020977|0000000004691507|0000000000049945|0000000011417646|042.00
20032026|540716|0000000000011361|0000000020198154|0000000000013684|0000000024545981|083.02
20032026|540717|0000000000044130|0000000000704757|0000000000067624|0000000001107155|065.26
20032026|540718|0000000000058375|0000000064764144|0000000000101250|0000000112201831|057.65
20032026|540719|0000000000006661|0000000012620597|0000000000012844|0000000024412380|051.86
20032026|540724|0000000000029529|0000000026707505|0000000000030287|0000000028101176|097.50
20032026|540725|0000000000015046|0000000001882255|0000000000019535|0000000002466110|077.02
20032026|540726|0000000000051462|0000000002303440|0000000000051477|0000000002304110|099.97
20032026|540727|0000000000006523|0000000000158966|0000000000010857|0000000000264707|060.08
20032026|540728|0000000000001225|0000000000117123|0000000000001275|0000000000124842|096.08
20032026|540729|0000000000003750|0000000000061350|0000000000006000|0000000000101977|062.50
20032026|540730|0000000001759197|0000000002181405|0000000001914275|0000000002407163|091.90
20032026|540735|0000000000001312|0000000000297365|0000000000001912|0000000000438698|068.62
20032026|540737|0000000000001814|0000000000878067|0000000000002024|0000000000983453|089.62
20032026|540738|0000000000028493|0000000000196602|0000000000029360|0000000000204410|097.05
20032026|540743|0000000000001910|0000000001124608|0000000000004104|0000000002422747|046.54
20032026|540749|0000000000006164|0000000001865843|0000000000008156|0000000002420107|075.58
20032026|540750|0000000000244576|0000000029471408|0000000000373880|0000000045201727|065.42
20032026|540755|0000000000010627|0000000003951119|0000000000016333|0000000006005327|065.06
20032026|540757|0000000000000550|0000000000164931|0000000000000550|0000000000164931|100.00
20032026|540762|0000000000006852|0000000017367080|0000000000012932|0000000032933275|052.98
20032026|540767|0000000000014355|0000000012051741|0000000000034287|0000000029016040|041.87
20032026|540768|0000000000003968|0000000001443757|0000000000006664|0000000002436238|059.54
20032026|540769|0000000000019551|0000000002589530|0000000000032334|0000000004274151|060.47
20032026|540774|0000000000000841|0000000000121525|0000000000000938|0000000000137783|089.66
20032026|540775|0000000000009168|0000000000810910|0000000000011923|0000000001080815|076.89
20032026|540776|0000000000004107|0000000001194111|0000000000005120|0000000001485142|080.21
20032026|540777|0000000000192643|0000000120103279|0000000000219572|0000000138392026|087.74
20032026|540786|0000000000100427|0000000001140851|0000000000138699|0000000001483483|072.41
20032026|540787|0000000000007884|0000000000921798|0000000000014151|0000000001661282|055.71
20032026|540788|0000000000000604|0000000000033281|0000000000000692|0000000000038506|087.28
20032026|540789|0000000000006851|0000000000022266|0000000000006980|0000000000022984|098.15
20032026|540795|0000000000001912|0000000000517005|0000000000004553|0000000001243422|041.99
20032026|540796|0000000000006173|0000000001414852|0000000000006176|0000000001414977|099.95
20032026|540797|0000000000003591|0000000000502561|0000000000005176|0000000000728313|069.38
20032026|540809|0000000000080606|0000000003416083|0000000000097644|0000000004144991|082.55
20032026|540821|0000000000036454|0000000000058691|0000000000040469|0000000000065670|090.08
20032026|540824|0000000000010200|0000000000040086|0000000000010200|0000000000040086|100.00
20032026|540829|0000000000080720|0000000000438310|0000000000130668|0000000000695442|061.77
20032026|540850|0000000000012000|0000000000340060|0000000000012000|0000000000340060|100.00
20032026|540874|0000000000034046|0000000002587156|0000000000037049|0000000002788439|091.89
20032026|540879|0000000000054927|0000000010924981|0000000000188833|0000000037964447|029.09
20032026|540900|0000000000038802|0000000017103922|0000000000095507|0000000042552484|040.63
20032026|540901|0000000000003700|0000000000024050|0000000000003700|0000000000024066|100.00
20032026|540902|0000000000004615|0000000030687674|0000000000012030|0000000081067047|038.36
20032026|540904|0000000000000001|0000000000000072|0000000000000001|0000000000000072|100.00
20032026|540914|0000000000734865|0000000001006766|0000000001079628|0000000001482517|068.07
20032026|540923|0000000000002661|0000000000037787|0000000000002766|0000000000040795|096.20
20032026|540935|0000000000000838|0000000001375117|0000000000001492|0000000002463029|056.17
20032026|540936|0000000000003361|0000000000010420|0000000000003362|0000000000010373|099.97
20032026|540937|0000000000002164|0000000000082384|0000000000003792|0000000000146214|057.07
20032026|540938|0000000000025000|0000000000166250|0000000000025000|0000000000171050|100.00
20032026|540952|0000000000005601|0000000000041280|0000000000005813|0000000000041476|096.35
20032026|540953|0000000000018044|0000000000040780|0000000000021549|0000000000048983|083.73
20032026|540954|0000000000011357|0000000000365128|0000000000012248|0000000000395802|092.73
20032026|540955|0000000000003528|0000000000020767|0000000000003528|0000000000020767|100.00
20032026|540956|0000000000011583|0000000000244981|0000000000013010|0000000000274344|089.03
20032026|540961|0000000000000016|0000000000000916|0000000000000018|0000000000001033|088.89
20032026|540975|0000000000044490|0000000027906353|0000000000071239|0000000044802493|062.45
20032026|540980|0000000000000012|0000000000322320|0000000000000012|0000000000322488|100.00
20032026|541005|0000000000001438|0000000000089113|0000000000001448|0000000000086264|099.31
20032026|541006|0000000000004000|0000000000051800|0000000000004000|0000000000051800|100.00
20032026|541019|0000000000004232|0000000002069237|0000000000014592|0000000007082707|029.00
20032026|541083|0000000000012750|0000000003505613|0000000000022250|0000000006053287|057.30
20032026|541096|0000000000016867|0000000016997720|0000000000016869|0000000017029363|099.99
20032026|541097|0000000000008591|0000000008590915|0000000000009644|0000000009644075|089.08
20032026|541112|0000000000056000|0000000001316000|0000000000056000|0000000001316000|100.00
20032026|541143|0000000000013891|0000000017364445|0000000000054381|0000000068686863|025.54
20032026|541144|0000000000004414|0000000000459719|0000000000006097|0000000000637262|072.40
20032026|541152|0000000000006881|0000000000041277|0000000000006881|0000000000041277|100.00
20032026|541153|0000000000416798|0000000066041644|0000000000652817|0000000104046902|063.85
20032026|541154|0000000000028895|0000000109312675|0000000000054287|0000000208324301|053.23
20032026|541161|0000000000299096|0000000000056828|0000000000299096|0000000000056828|100.00
20032026|541163|0000000000000577|0000000000275576|0000000000001065|0000000000506658|054.18
20032026|541167|0000000000000533|0000000000754489|0000000000000750|0000000001079207|071.07
20032026|541178|0000000000004000|0000000000034200|0000000000004000|0000000000034200|100.00
20032026|541195|0000000000009301|0000000002931211|0000000000027539|0000000008802517|033.77
20032026|541228|0000000000008292|0000000000830444|0000000000010032|0000000001013916|082.66
20032026|541233|0000000000083245|0000000008794835|0000000000140680|0000000015059214|059.17
20032026|541269|0000000000000402|0000000000143454|0000000000000474|0000000000170991|084.81
20032026|541276|0000000000079697|0000000001471684|0000000000079697|0000000001471684|100.00
20032026|541301|0000000000004003|0000000000667701|0000000000010572|0000000001754675|037.86
20032026|541302|0000000000005012|0000000000153017|0000000000005016|0000000000154490|099.92
20032026|541303|0000000000180665|0000000000070460|0000000000265426|0000000000106090|068.07
20032026|541304|0000000000000235|0000000000024711|0000000000000287|0000000000030589|081.88
20032026|541313|0000000000044452|0000000001606051|0000000000046879|0000000001685373|094.82
20032026|541336|0000000000001889|0000000000375345|0000000000002834|0000000000563613|066.65
20032026|541337|0000000000003000|0000000000089100|0000000000003000|0000000000089100|100.00
20032026|541338|0000000000012658|0000000000179618|0000000000015571|0000000000217915|081.29
20032026|541347|0000000000029588|0000000000229549|0000000000029588|0000000000229549|100.00
20032026|541352|0000000000000652|0000000000163163|0000000000000654|0000000000163639|099.69
20032026|541353|0000000000004800|0000000000575040|0000000000004800|0000000000579120|100.00
20032026|541358|0000000000005553|0000000000527480|0000000000007053|0000000000668717|078.73
20032026|541400|0000000000000383|0000000000026274|0000000000000461|0000000000031187|083.08
20032026|541402|0000000000004175|0000000000595355|0000000000005958|0000000000865257|070.07
20032026|541403|0000000000005577|0000000001445280|0000000000007063|0000000001793322|078.96
20032026|541418|0000000000000274|0000000000006607|0000000000000291|0000000000007153|094.16
20032026|541444|0000000000033122|0000000000530615|0000000000033264|0000000000540731|099.57
20032026|541445|0000000000009600|0000000000470496|0000000000013600|0000000000677976|070.59
20032026|541450|0000000000040654|0000000035098631|0000000000099160|0000000086773143|041.00
20032026|541540|0000000000008336|0000000003743281|0000000000009657|0000000004341938|086.32
20032026|541546|0000000000053113|0000000000111007|0000000000096099|0000000000199538|055.27
20032026|541556|0000000000022512|0000000004314425|0000000000034977|0000000006723103|064.36
20032026|541557|0000000000000584|0000000002483168|0000000000000702|0000000002982292|083.19
20032026|541578|0000000000001729|0000000000860956|0000000000003081|0000000001547106|056.12
20032026|541601|0000000001553689|0000000000745771|0000000002642106|0000000001268872|058.80
20032026|541627|0000000000000126|0000000000001071|0000000000000126|0000000000001108|100.00
20032026|541634|0000000000001017|0000000000016547|0000000000001099|0000000000017730|092.54
20032026|541702|0000000000116526|0000000000400850|0000000000150224|0000000000517256|077.57
20032026|541729|0000000000013719|0000000032733534|0000000000024042|0000000057819711|057.06
20032026|541735|0000000000156120|0000000000277894|0000000000221843|0000000000399919|070.37
20032026|541741|0000000000040096|0000000002933023|0000000000043930|0000000003182777|091.27
20032026|541770|0000000000007759|0000000008980267|0000000000013446|0000000015624345|057.70
20032026|541771|0000000000014741|0000000000022702|0000000000016221|0000000000025102|090.88
20032026|541778|0000000000011158|0000000000357056|0000000000017684|0000000000575335|063.10
20032026|541809|0000000000050622|0000000003411417|0000000000066850|0000000004539099|075.72
20032026|541865|0000000000011459|0000000000080443|0000000000015042|0000000000105419|076.18
20032026|541890|0000000000836144|0000000000160635|0000000000836144|0000000000160635|100.00
20032026|541929|0000000000000006|0000000000003066|0000000000000006|0000000000003036|100.00
20032026|541946|0000000000110397|0000000110397000|0000000000110438|0000000110438100|099.96
20032026|541956|0000000000055833|0000000006906543|0000000000134596|0000000016876555|041.48
20032026|541967|0000000000009735|0000000003366363|0000000000023359|0000000008049201|041.68
20032026|541972|0000000000000288|0000000000241926|0000000000000371|0000000000314553|077.63
20032026|541974|0000000000001942|0000000002472069|0000000000003763|0000000004831705|051.61
20032026|541983|0000000000019000|0000000000339250|0000000000019000|0000000000339250|100.00
20032026|541988|0000000000010214|0000000011229783|0000000000014405|0000000015858008|070.91
20032026|542011|0000000000027388|0000000062440532|0000000000059949|0000000138725501|045.69
20032026|542012|0000000001667984|0000000030957784|0000000004157056|0000000077143448|040.12
20032026|542013|0000000000000556|0000000000096911|0000000000000993|0000000000172742|055.99
20032026|542019|0000000000014660|0000000000784457|0000000000027577|0000000001479524|053.16
20032026|542020|0000000000002290|0000000000010397|0000000000002291|0000000000010707|099.96
20032026|542025|0000000000384000|0000000000134400|0000000000480000|0000000000161760|080.00
20032026|542034|0000000000002666|0000000000032632|0000000000003326|0000000000040545|080.16
20032026|542046|0000000000238321|0000000001879755|0000000000238321|0000000001879755|100.00
20032026|542057|0000000000010795|0000000000635394|0000000000013494|0000000000802769|080.00
20032026|542066|0000000000683882|0000000377195118|0000000001870318|0000001054405741|036.56
20032026|542123|0000000000000182|0000000000025116|0000000000000189|0000000000026077|096.30
20032026|542131|0000000000061023|0000000015253920|0000000000062392|0000000015691358|097.81
20032026|542141|0000000000003832|0000000004176497|0000000000007723|0000000008555551|049.62
20032026|542145|0000000000005400|0000000000267840|0000000000007200|0000000000334368|075.00
20032026|542146|0000000000011250|0000000000104737|0000000000011250|0000000000104737|100.00
20032026|542155|0000000000006000|0000000000006740|0000000000006000|0000000000006740|100.00
20032026|542176|0000000000000002|0000000000000037|0000000000000002|0000000000000037|100.00
20032026|542206|0000000000024031|0000000000041334|0000000000024538|0000000000042169|097.93
20032026|542216|0000000000002078|0000000003823001|0000000000003633|0000000006720586|057.20
20032026|542230|0000000000000883|0000000000059223|0000000000000961|0000000000064943|091.88
20032026|542231|0000000000017770|0000000000222659|0000000000026978|0000000000342031|065.87
20032026|542232|0000000000008617|0000000000381303|0000000000019751|0000000000886321|043.63
20032026|542233|0000000000000047|0000000000007976|0000000000000050|0000000000008276|094.00
20032026|542248|0000000000050434|0000000000549731|0000000000053274|0000000000585909|094.67
20032026|542285|0000000000237501|0000000002101614|0000000000237501|0000000002101614|100.00
20032026|542323|0000000000013731|0000000005191692|0000000000038088|0000000014516209|036.05
20032026|542332|0000000000020005|0000000001071267|0000000000020005|0000000001071267|100.00
20032026|542333|0000000000000348|0000000000209270|0000000000000405|0000000000244773|085.93
20032026|542337|0000000000335297|0000000009874497|0000000000335978|0000000009894921|099.80
20032026|542351|0000000000000070|0000000000036222|0000000000000071|0000000000037501|098.59
20032026|542367|0000000000002012|0000000000182086|0000000000002186|0000000000203163|092.04
20032026|542383|0000000000091268|0000000017915909|0000000000091669|0000000018059894|099.56
20032026|542399|0000000000025203|0000000018243192|0000000000029552|0000000021417872|085.28
20032026|542437|0000000000007116|0000000000076924|0000000000007226|0000000000076267|098.48
20032026|542446|0000000000144630|0000000000532239|0000000000188019|0000000000683280|076.92
20032026|542459|0000000000000859|0000000000049986|0000000000001199|0000000000068960|071.64
20032026|542460|0000000000000552|0000000000877073|0000000000001356|0000000002199263|040.71
20032026|542484|0000000000002141|0000000000848693|0000000000006224|0000000002520217|034.40
20032026|542503|0000000000008000|0000000000167920|0000000000008000|0000000000167920|100.00
20032026|542513|0000000000000496|0000000000041729|0000000000001565|0000000000132486|031.69
20032026|542543|0000000000175000|0000000014087500|0000000000175000|0000000014093750|100.00
20032026|542579|0000000000321000|0000000001287210|0000000000460480|0000000001836368|069.71
20032026|542580|0000000000060689|0000000002860880|0000000000061255|0000000002887194|099.08
20032026|542592|0000000000001250|0000000000021000|0000000000001250|0000000000021000|100.00
20032026|542597|0000000000009446|0000000003938510|0000000000016041|0000000006677009|058.89
20032026|542602|0000000000007345|0000000003058973|0000000000010771|0000000004494101|068.19
20032026|542627|0000000000018863|0000000001530926|0000000000018863|0000000001530926|100.00
20032026|542628|0000000000011007|0000000001258651|0000000000011893|0000000001375196|092.55
20032026|542649|0000000000272063|0000000071974267|0000000000628590|0000000167599633|043.28
20032026|542650|0000000000218282|0000000095902197|0000000000232402|0000000104222485|093.92
20032026|542651|0000000000054766|0000000036222233|0000000000133353|0000000089103434|041.07
20032026|542652|0000000000004184|0000000030002837|0000000000011925|0000000086271437|035.09
20032026|542654|0000000000014725|0000000000170810|0000000000015035|0000000000183323|097.94
20032026|542655|0000000000431382|0000000000556483|0000000000622356|0000000000809835|069.31
20032026|542665|0000000000000646|0000000000861894|0000000000001171|0000000001590982|055.17
20032026|542666|0000000000004270|0000000000024254|0000000000004536|0000000000025383|094.14
20032026|542668|0000000000012000|0000000000850800|0000000000012000|0000000000872820|100.00
20032026|542669|0000000000213216|0000000006737626|0000000000289531|0000000009246182|073.64
20032026|542670|0000000000038402|0000000000645154|0000000000072315|0000000001235114|053.10
20032026|542679|0000000000001126|0000000000204372|0000000000001126|0000000000204372|100.00
20032026|542682|0000000000000301|0000000000018967|0000000000000351|0000000000022186|085.75
20032026|542684|0000000000005944|0000000001126388|0000000000008186|0000000001575157|072.61
20032026|542685|0000000000005909|0000000000138862|0000000000005910|0000000000137406|099.98
20032026|542721|0000000000116437|0000000007836211|0000000000217310|0000000014485193|053.58
20032026|542724|0000000007013974|0000000001351325|0000000007013974|0000000001351325|100.00
20032026|542725|0000000001515790|0000000047898964|0000000001646798|0000000052272775|092.04
20032026|542726|0000000000002014|0000000004018132|0000000000004981|0000000010038270|040.43
20032026|542727|0000000000002450|0000000007078540|0000000000003550|0000000010210882|069.01
20032026|542729|0000000000000050|0000000000005653|0000000000000050|0000000000005652|100.00
20032026|542730|0000000000008008|0000000000438599|0000000000016244|0000000000894146|049.30
20032026|542747|0000000000004110|0000000000339281|0000000000006661|0000000000552285|061.70
20032026|542752|0000000000016929|0000000021774927|0000000000025532|0000000033073057|066.30
20032026|542758|0000000000035174|0000000000902565|0000000000055621|0000000001433884|063.24
20032026|542759|0000000000004115|0000000000853657|0000000000010431|0000000002183301|039.45
20032026|542760|0000000000063475|0000000010898658|0000000000140925|0000000024468625|045.04
20032026|542765|0000000000001000|0000000000206700|0000000000001000|0000000000206700|100.00
20032026|542770|0000000000006311|0000000000243226|0000000000007125|0000000000283504|088.58
20032026|542772|0000000000003411|0000000003549146|0000000000006898|0000000007208125|049.45
20032026|542773|0000000000005843|0000000001577903|0000000000016060|0000000004408845|036.38
20032026|542774|0000000000049500|0000000005118300|0000000000054457|0000000005633144|090.90
20032026|542802|0000000000056975|0000000000095149|0000000000066506|0000000000113007|085.67
20032026|542803|0000000000001375|0000000000059510|0000000000002477|0000000000103952|055.51
20032026|542812|0000000000000919|0000000002926234|0000000000002726|0000000008629323|033.71
20032026|542830|0000000000090871|0000000047498272|0000000000184955|0000000097125175|049.13
20032026|542850|0000000000008000|0000000000052000|0000000000008000|0000000000052520|100.00
20032026|542852|0000000000131976|0000000000646683|0000000000200978|0000000001003759|065.67
20032026|542857|0000000000002874|0000000000557269|0000000000004261|0000000000828530|067.45
20032026|542862|0000000000006504|0000000000133137|0000000000007058|0000000000150318|092.15
20032026|542863|0000000000002812|0000000000153957|0000000000002930|0000000000160936|095.97
20032026|542865|0000000000008712|0000000000101757|0000000000008946|0000000000104763|097.38
20032026|542867|0000000000068518|0000000024758980|0000000000109490|0000000041043855|062.58
20032026|542904|0000000000143375|0000000007628984|0000000000381003|0000000020423061|037.63
20032026|542905|0000000000002004|0000000000395590|0000000000003358|0000000000674389|059.68
20032026|542907|0000000000001686|0000000000404556|0000000000003396|0000000000818270|049.65
20032026|542909|0000000000000584|0000000000911788|0000000000000689|0000000001077584|084.76
20032026|542918|0000000000012893|0000000000082506|0000000000012893|0000000000082506|100.00
20032026|542919|0000000000001960|0000000000443058|0000000000002667|0000000000604709|073.49
20032026|542920|0000000000027326|0000000010576529|0000000000036087|0000000013843181|075.72
20032026|542921|0000000000043159|0000000000904613|0000000000049758|0000000001048540|086.74
20032026|542922|0000000000001168|0000000000767014|0000000000001257|0000000000828815|092.92
20032026|542923|0000000000020000|0000000000082000|0000000000020000|0000000000082000|100.00
20032026|542938|0000000000000105|0000000000004211|0000000000000105|0000000000004210|100.00
20032026|543064|0000000000034180|0000000010228365|0000000000050433|0000000015088611|067.77
20032026|543066|0000000000057587|0000000039688961|0000000000102733|0000000070818395|056.06
20032026|543071|0000000000000369|0000000000004510|0000000000000473|0000000000005764|078.01
20032026|543079|0000000000000004|0000000000000024|0000000000000008|0000000000000047|050.00
20032026|543092|0000000000000002|0000000000000020|0000000000000002|0000000000000019|100.00
20032026|543099|0000000000000022|0000000000001188|0000000000000022|0000000000001179|100.00
20032026|543110|0000000000000001|0000000000000007|0000000000000001|0000000000000006|100.00
20032026|543144|0000000000000417|0000000000002244|0000000000000429|0000000000002088|097.20
20032026|543150|0000000000001312|0000000000003333|0000000000002000|0000000000004961|065.60
20032026|543161|0000000000000002|0000000000000264|0000000000000003|0000000000000373|066.67
20032026|543165|0000000000000124|0000000000016683|0000000000000124|0000000000016703|100.00
20032026|543167|0000000000003737|0000000000008596|0000000000004263|0000000000009235|087.66
20032026|543171|0000000000043852|0000000000060078|0000000000062299|0000000000086899|070.39
20032026|543172|0000000000000500|0000000000460000|0000000000000750|0000000000688500|066.67
20032026|543173|0000000000000187|0000000000002280|0000000000000238|0000000000002935|078.57
20032026|543174|0000000000007706|0000000000017108|0000000000009455|0000000000021088|081.50
20032026|543175|0000000000005632|0000000000020276|0000000000008395|0000000000030032|067.09
20032026|543176|0000000000000100|0000000000005838|0000000000000113|0000000000006460|088.50
20032026|543177|0000000000003917|0000000000025343|0000000000004296|0000000000027515|091.18
20032026|543178|0000000000000022|0000000000000750|0000000000000026|0000000000000923|084.62
20032026|543181|0000000000000007|0000000000000219|0000000000000007|0000000000000219|100.00
20032026|543182|0000000000000002|0000000000000075|0000000000000002|0000000000000078|100.00
20032026|543184|0000000000000001|0000000000000038|0000000000000002|0000000000000077|050.00
20032026|543186|0000000000000623|0000000000003365|0000000000000647|0000000000003278|096.29
20032026|543187|0000000000001892|0000000047361301|0000000000006639|0000000168608465|028.50
20032026|543193|0000000000004163|0000000000340688|0000000000004163|0000000000340688|100.00
20032026|543207|0000000000075546|0000000000317522|0000000000075546|0000000000317522|100.00
20032026|543208|0000000000519578|0000000001174247|0000000000523257|0000000001193039|099.30
20032026|543209|0000000000003000|0000000000095100|0000000000003000|0000000000095100|100.00
20032026|543210|0000000000000757|0000000000267562|0000000000000979|0000000000345884|077.32
20032026|543211|0000000000002777|0000000000110993|0000000000002777|0000000000110993|100.00
20032026|543212|0000000000009926|0000000002205558|0000000000012103|0000000002723206|082.01
20032026|543213|0000000000002433|0000000000997530|0000000000003439|0000000001422384|070.75
20032026|543214|0000000000000959|0000000000653319|0000000000001187|0000000000819633|080.79
20032026|543216|0000000000000004|0000000000005561|0000000000000004|0000000000005567|100.00
20032026|543217|0000000000008817|0000000004042154|0000000000011276|0000000005169434|078.19
20032026|543218|0000000000007518|0000000000191709|0000000000008471|0000000000217356|088.75
20032026|543219|0000000000043786|0000000001122674|0000000000050830|0000000001310646|086.14
20032026|543220|0000000000460318|0000000444091791|0000000000527814|0000000507257594|087.21
20032026|543221|0000000000029059|0000000000933376|0000000000035454|0000000001137359|081.96
20032026|543223|0000000000000875|0000000000126132|0000000000001612|0000000000233486|054.28
20032026|543224|0000000000004201|0000000000230383|0000000000005833|0000000000322923|072.02
20032026|543225|0000000000175000|0000000027475000|0000000000175000|0000000027490000|100.00
20032026|543226|0000000000003903|0000000000215290|0000000000003993|0000000000221492|097.75
20032026|543227|0000000000622343|0000000256000794|0000000002290819|0000000922830958|027.17
20032026|543228|0000000000007427|0000000003497003|0000000000016820|0000000007992963|044.16
20032026|543229|0000000000000050|0000000000009945|0000000000000050|0000000000009490|100.00
20032026|543230|0000000000003118|0000000005130514|0000000000006447|0000000010742336|048.36
20032026|543231|0000000000005492|0000000000359177|0000000000005493|0000000000385316|099.98
20032026|543232|0000000000018821|0000000012052969|0000000000054085|0000000034829697|034.80
20032026|543233|0000000000001322|0000000000193673|0000000000002316|0000000000341974|057.08
20032026|543234|0000000000000196|0000000000021129|0000000000000219|0000000000023211|089.50
20032026|543235|0000000000117760|0000000027202560|0000000000275794|0000000064369099|042.70
20032026|543236|0000000000000665|0000000000038903|0000000000000667|0000000000038751|099.70
20032026|543237|0000000000051331|0000000119280412|0000000000136080|0000000321004530|037.72
20032026|543238|0000000000002838|0000000002664173|0000000000004539|0000000004313606|062.52
20032026|543240|0000000000001539|0000000000217692|0000000000002223|0000000000317272|069.23
20032026|543241|0000000000000690|0000000000053499|0000000000000690|0000000000053499|100.00
20032026|543242|0000000000018545|0000000002541593|0000000000037904|0000000005242849|048.93
20032026|543243|0000000000073752|0000000004204602|0000000000119033|0000000006721982|061.96
20032026|543244|0000000000012000|0000000000299400|0000000000024000|0000000000603160|050.00
20032026|543245|0000000000002528|0000000004108506|0000000000004529|0000000007251836|055.82
20032026|543246|0000000000001313|0000000000051496|0000000000001434|0000000000056412|091.56
20032026|543248|0000000000627911|0000000038434433|0000000000670171|0000000041433037|093.69
20032026|543249|0000000000009448|0000000001159270|0000000000019365|0000000002428045|048.79
20032026|543250|0000000000043939|0000000002727734|0000000000087635|0000000005558167|050.14
20032026|543251|0000000000001181|0000000000042221|0000000000001249|0000000000043729|094.56
20032026|543252|0000000000000933|0000000000460343|0000000000001323|0000000000665786|070.52
20032026|543253|0000000000009474|0000000001735164|0000000000022098|0000000004060885|042.87
20032026|543254|0000000000001630|0000000000715000|0000000000003949|0000000001752225|041.28
20032026|543255|0000000000000577|0000000000523178|0000000000001213|0000000001107017|047.57
20032026|543256|0000000000005153|0000000000069566|0000000000006155|0000000000082451|083.72
20032026|543257|0000000000645383|0000000061117771|0000000001170099|0000000111838032|055.16
20032026|543258|0000000000003438|0000000002553403|0000000000009392|0000000007045720|036.61
20032026|543259|0000000000098279|0000000091974403|0000000000106623|0000000100394128|092.17
20032026|543260|0000000000009436|0000000004724606|0000000000018959|0000000009539579|049.77
20032026|543261|0000000001453535|0000000477355430|0000000001463617|0000000481493761|099.31
20032026|543262|0000000000007000|0000000000595210|0000000000007000|0000000000632470|100.00
20032026|543263|0000000000000473|0000000000030656|0000000000000943|0000000000061536|050.16
20032026|543264|0000000000000383|0000000000092112|0000000000000575|0000000000139528|066.61
20032026|543265|0000000000055629|0000000015092148|0000000000096611|0000000026665845|057.58
20032026|543266|0000000000009740|0000000001744434|0000000000012515|0000000002257157|077.83
20032026|543267|0000000000483361|0000000001962446|0000000000875304|0000000003576217|055.22
20032026|543268|0000000000005652|0000000000074324|0000000000005652|0000000000074896|100.00
20032026|543270|0000000000004719|0000000016639902|0000000000010431|0000000037052842|045.24
20032026|543271|0000000000005885|0000000003440960|0000000000013886|0000000008031506|042.38
20032026|543272|0000000000598574|0000000004106218|0000000001158732|0000000007977978|051.66
20032026|543273|0000000000003482|0000000005354272|0000000000004505|0000000006885516|077.29
20032026|543275|0000000000002258|0000000002826904|0000000000003677|0000000004612896|061.41
20032026|543276|0000000000000339|0000000002334761|0000000000001262|0000000008629709|026.86
20032026|543277|0000000000023334|0000000002803581|0000000000043670|0000000005254511|053.43
20032026|543278|0000000000106192|0000000040650298|0000000000226274|0000000087212575|046.93
20032026|543279|0000000000006767|0000000000836740|0000000000013910|0000000001743870|048.65
20032026|543280|0000000000015923|0000000003749071|0000000000054592|0000000013174818|029.17
20032026|543281|0000000000085609|0000000000245698|0000000000097784|0000000000278483|087.55
20032026|543283|0000000000002530|0000000000596574|0000000000004114|0000000000954646|061.50
20032026|543284|0000000000012606|0000000000990580|0000000000018248|0000000001437138|069.08
20032026|543285|0000000000008800|0000000000186148|0000000000008800|0000000000186148|100.00
20032026|543286|0000000000006000|0000000000156000|0000000000006000|0000000000156000|100.00
20032026|543287|0000000000143676|0000000114502589|0000000000176709|0000000145286323|081.31
20032026|543288|0000000000355066|0000000145257501|0000000001069410|0000000450322545|033.20
20032026|543290|0000000000086694|0000000007872683|0000000000111942|0000000010132771|077.45
20032026|543291|0000000000004898|0000000000779370|0000000000004899|0000000000779527|099.98
20032026|543292|0000000000004339|0000000000638181|0000000000007218|0000000001063278|060.11
20032026|543298|0000000000005661|0000000000166604|0000000000006616|0000000000195439|085.57
20032026|543299|0000000000001652|0000000001313753|0000000000003579|0000000002838551|046.16
20032026|543300|0000000000011875|0000000006009344|0000000000039224|0000000019841452|030.27
20032026|543306|0000000000001426|0000000001448460|0000000000002114|0000000002150855|067.46
20032026|543308|0000000000007355|0000000004759421|0000000000016474|0000000010607797|044.65
20032026|543311|0000000000004157|0000000000570133|0000000000008548|0000000001183614|048.63
20032026|543317|0000000000004197|0000000003631455|0000000000007764|0000000006847665|054.06
20032026|543318|0000000000008274|0000000005783113|0000000000015096|0000000010568090|054.81
20032026|543320|0000000000675252|0000000156861040|0000000002007885|0000000467587730|033.63
20032026|543321|0000000000000551|0000000000621225|0000000000001478|0000000001692193|037.28
20032026|543322|0000000000000478|0000000000453575|0000000000001460|0000000001375371|032.74
20032026|543323|0000000000031385|0000000000801260|0000000000041869|0000000001075400|074.96
20032026|543325|0000000000005657|0000000000673466|0000000000012999|0000000001568161|043.52
20032026|543326|0000000000030844|0000000001551454|0000000000052561|0000000002660828|058.68
20032026|543327|0000000000016402|0000000000112846|0000000000017195|0000000000118686|095.39
20032026|543328|0000000000001696|0000000000993941|0000000000002253|0000000001332843|075.28
20032026|543329|0000000000000457|0000000000332148|0000000000000642|0000000000466527|071.18
20032026|543330|0000000000042885|0000000004460040|0000000000087141|0000000009092224|049.21
20032026|543331|0000000000089450|0000000003804309|0000000000125422|0000000005404745|071.32
20032026|543332|0000000000005475|0000000004666069|0000000000008862|0000000007578681|061.78
20032026|543333|0000000000006834|0000000011603107|0000000000017297|0000000029703288|039.51
20032026|543334|0000000000008541|0000000002441018|0000000000018947|0000000005437612|045.08
20032026|543335|0000000000062198|0000000012977613|0000000000108661|0000000022859516|057.24
20032026|543336|0000000000022253|0000000006238629|0000000000048671|0000000013773930|045.72
20032026|543341|0000000000002211|0000000000023901|0000000000002782|0000000000030095|079.48
20032026|543346|0000000000001000|0000000000070750|0000000000002000|0000000000137000|050.00
20032026|543347|0000000000001548|0000000000505097|0000000000001725|0000000000553832|089.74
20032026|543348|0000000000000042|0000000000006226|0000000000000044|0000000000006447|095.45
20032026|543349|0000000000013014|0000000031309082|0000000000027460|0000000064468239|047.39
20032026|543350|0000000000002994|0000000002701337|0000000000005707|0000000005191998|052.46
20032026|543351|0000000000002400|0000000000214800|0000000000002400|0000000000214200|100.00
20032026|543357|0000000000000009|0000000000000999|0000000000000009|0000000000000998|100.00
20032026|543358|0000000000003069|0000000006670625|0000000000008132|0000000017797700|037.74
20032026|543363|0000000000070400|0000000026681600|0000000000080400|0000000030002460|087.56
20032026|543364|0000000000009915|0000000001506089|0000000000033874|0000000005283091|029.27
20032026|543365|0000000000053543|0000000003636641|0000000000060381|0000000004056339|088.68
20032026|543366|0000000000002400|0000000000084840|0000000000002400|0000000000084840|100.00
20032026|543367|0000000000012043|0000000007559392|0000000000028211|0000000017891327|042.69
20032026|543372|0000000000010000|0000000000046500|0000000000010000|0000000000046500|100.00
20032026|543373|0000000000022000|0000000005952100|0000000000030500|0000000008073450|072.13
20032026|543374|0000000000009206|0000000008699670|0000000000020794|0000000019684451|044.27
20032026|543376|0000000000000195|0000000000014622|0000000000000322|0000000000023515|060.56
20032026|543378|0000000000021000|0000000005761350|0000000000023000|0000000006332325|091.30
20032026|543383|0000000000000521|0000000000057884|0000000000000521|0000000000057881|100.00
20032026|543384|0000000000140553|0000000033922467|0000000000239216|0000000057872500|058.76
20032026|543386|0000000000019027|0000000002870223|0000000000037102|0000000005716190|051.28
20032026|543387|0000000000002199|0000000003473541|0000000000004454|0000000007073343|049.37
20032026|543388|0000000000003562|0000000001130187|0000000000003914|0000000001243321|091.01
20032026|543389|0000000000125838|0000000002393439|0000000000208561|0000000004032854|060.34
20032026|543390|0000000000012473|0000000018677694|0000000000021656|0000000032709864|057.60
20032026|543391|0000000000007500|0000000000757500|0000000000007500|0000000000772237|100.00
20032026|543396|0000000000313119|0000000329964803|0000000000375407|0000000393438984|083.41
20032026|543397|0000000000008810|0000000001412243|0000000000014440|0000000002338779|061.01
20032026|543398|0000000000124579|0000000033318654|0000000000157823|0000000042692653|078.94
20032026|543399|0000000000005030|0000000000926275|0000000000006970|0000000001291005|072.17
20032026|543400|0000000000024000|0000000000097920|0000000000032000|0000000000124620|075.00
20032026|543401|0000000000006839|0000000001886539|0000000000016019|0000000004383196|042.69
20032026|543411|0000000000041542|0000000003136006|0000000000063924|0000000004868100|064.99
20032026|543412|0000000000301886|0000000136844924|0000000000321989|0000000147714536|093.76
20032026|543413|0000000000008244|0000000014153300|0000000000012598|0000000021452598|065.44
20032026|543414|0000000000102630|0000000002338938|0000000000138784|0000000003170056|073.95
20032026|543415|0000000000003372|0000000010109594|0000000000008455|0000000025036909|039.88
20032026|543416|0000000000003532|0000000000892184|0000000000004895|0000000001232701|072.16
20032026|543417|0000000000024855|0000000011966440|0000000000037815|0000000018429005|065.73
20032026|543419|0000000000298406|0000000020348306|0000000000314699|0000000021553806|094.82
20032026|543420|0000000000000943|0000000000016927|0000000000000943|0000000000016897|100.00
20032026|543425|0000000000009277|0000000008498660|0000000000023902|0000000021769434|038.81
20032026|543426|0000000000002060|0000000001914049|0000000000004189|0000000003935068|049.18
20032026|543427|0000000000000739|0000000000606793|0000000000001774|0000000001465431|041.66
20032026|543428|0000000000013473|0000000043502970|0000000000038298|0000000125879683|035.18
20032026|543433|0000000000002674|0000000000082173|0000000000003457|0000000000107693|077.35
20032026|543434|0000000000005476|0000000003195246|0000000000007322|0000000004285858|074.79
20032026|543437|0000000000002414|0000000000230586|0000000000004876|0000000000468063|049.51
20032026|543438|0000000000000458|0000000000101493|0000000000000558|0000000000124198|082.08
20032026|543440|0000000000002220|0000000000538794|0000000000002780|0000000000674939|079.86
20032026|543441|0000000000015025|0000000004253578|0000000000026429|0000000007568087|056.85
20032026|543442|0000000000000803|0000000000183807|0000000000001034|0000000000242301|077.66
20032026|543443|0000000000010000|0000000000165300|0000000000010000|0000000000165300|100.00
20032026|543444|0000000000075000|0000000001050000|0000000000075000|0000000001041600|100.00
20032026|543449|0000000000000958|0000000000128181|0000000000001301|0000000000180036|073.64
20032026|543450|0000000000013349|0000000000340667|0000000000028277|0000000000722747|047.21
20032026|543451|0000000000142521|0000000000405186|0000000000142521|0000000000405186|100.00
20032026|543452|0000000000215577|0000000049375757|0000000000485475|0000000112450863|044.41
20032026|543453|0000000000001125|0000000000068625|0000000000001125|0000000000068625|100.00
20032026|543454|0000000000001203|0000000000177792|0000000000002685|0000000000398718|044.80
20032026|543458|0000000000573650|0000000110112118|0000000001291787|0000000244788751|044.41
20032026|543462|0000000000001662|0000000000046055|0000000000001804|0000000000051015|092.13
20032026|543463|0000000000060017|0000000021300034|0000000000083702|0000000030106266|071.70
20032026|543464|0000000000017000|0000000001230650|0000000000017000|0000000001230650|100.00
20032026|543465|0000000000000094|0000000000005437|0000000000000094|0000000000005436|100.00
20032026|543470|0000000000000003|0000000000000789|0000000000000003|0000000000000789|100.00
20032026|543471|0000000000098564|0000000022525817|0000000000186642|0000000043329276|052.81
20032026|543472|0000000000004558|0000000000141937|0000000000004670|0000000000148050|097.60
20032026|543473|0000000000001796|0000000000026707|0000000000002052|0000000000030357|087.52
20032026|543474|0000000000060900|0000000001641864|0000000000067818|0000000001839194|089.80
20032026|543481|0000000000326526|0000000006739497|0000000000388364|0000000008066296|084.08
20032026|543482|0000000000002122|0000000000983017|0000000000005211|0000000002403475|040.72
20032026|543489|0000000000034871|0000000001778770|0000000000047400|0000000002444170|073.57
20032026|543490|0000000000070852|0000000007393407|0000000000096936|0000000010096619|073.09
20032026|543497|0000000000000800|0000000000130360|0000000000000800|0000000000130360|100.00
20032026|543498|0000000000556116|0000000020570731|0000000001168902|0000000043709270|047.58
20032026|543499|0000000000018895|0000000000109214|0000000000023746|0000000000137870|079.57
20032026|543500|0000000000012000|0000000000030960|0000000000016000|0000000000041840|075.00
20032026|543512|0000000000004132|0000000000535508|0000000000006200|0000000000802149|066.65
20032026|543513|0000000000005780|0000000000122247|0000000000006349|0000000000137659|091.04
20032026|543514|0000000000003910|0000000000537821|0000000000012188|0000000001656988|032.08
20032026|543515|0000000000004875|0000000000344858|0000000000004875|0000000000344857|100.00
20032026|543516|0000000000036400|0000000000254436|0000000000050400|0000000000351932|072.22
20032026|543517|0000000000003627|0000000001106417|0000000000006850|0000000002120296|052.95
20032026|543518|0000000000003000|0000000000081600|0000000000003000|0000000000081600|100.00
20032026|543520|0000000000034000|0000000000478000|0000000000034000|0000000000478000|100.00
20032026|543522|0000000000000750|0000000000080138|0000000000000750|0000000000080137|100.00
20032026|543523|0000000000004828|0000000001086300|0000000000008368|0000000001892719|057.70
20032026|543524|0000000000005390|0000000006020361|0000000000009327|0000000010392942|057.79
20032026|543525|0000000000004782|0000000000585078|0000000000008620|0000000001047592|055.48
20032026|543526|0000000000074934|0000000058242452|0000000000120966|0000000093642429|061.95
20032026|543527|0000000000000262|0000000000587404|0000000000000464|0000000001054379|056.47
20032026|543528|0000000000001127|0000000001068960|0000000000002170|0000000002099120|051.94
20032026|543529|0000000000023166|0000000009791110|0000000000052826|0000000022369812|043.85
20032026|543530|0000000000068599|0000000007604200|0000000000172464|0000000019522523|039.78
20032026|543531|0000000000016445|0000000000643164|0000000000016446|0000000000642501|099.99
20032026|543532|0000000000000399|0000000000892783|0000000000000869|0000000001924462|045.91
20032026|543533|0000000000004617|0000000001827178|0000000000007224|0000000002898837|063.91
20032026|543534|0000000000038090|0000000044224395|0000000000092781|0000000105858807|041.05
20032026|543535|0000000000001919|0000000000082210|0000000000004332|0000000000175642|044.30
20032026|543539|0000000000000039|0000000000012397|0000000000000040|0000000000012637|097.50
20032026|543540|0000000000094200|0000000011143860|0000000000103800|0000000012231390|090.75
20032026|543542|0000000000003400|0000000003930230|0000000000014600|0000000016830880|023.29
20032026|543543|0000000000009200|0000000008381240|0000000000009200|0000000008381240|100.00
20032026|543544|0000000000018750|0000000001012500|0000000000018750|0000000001013850|100.00
20032026|543545|0000000000150300|0000000000091683|0000000000233800|0000000000144789|064.29
20032026|543546|0000000000094000|0000000000592200|0000000000118000|0000000000734520|079.66
20032026|543547|0000000000004771|0000000001093991|0000000000006440|0000000001502541|074.08
20032026|543563|0000000000000432|0000000000018490|0000000000000480|0000000000020578|090.00
20032026|543568|0000000000032662|0000000000943279|0000000000060095|0000000001744401|054.35
20032026|543569|0000000000002077|0000000000051552|0000000000003130|0000000000077034|066.36
20032026|543570|0000000000005571|0000000000363230|0000000000009255|0000000000605735|060.19
20032026|543571|0000000000003699|0000000000333761|0000000000006815|0000000000618501|054.28
20032026|543572|0000000000010652|0000000002349619|0000000000018676|0000000004196447|057.04
20032026|543573|0000000000029073|0000000022745262|0000000000091030|0000000071437153|031.94
20032026|543574|0000000000006768|0000000000134954|0000000000006853|0000000000135251|098.76
20032026|543575|0000000000007212|0000000000207995|0000000000007629|0000000000222198|094.53
20032026|543576|0000000000015835|0000000001773520|0000000000025475|0000000002844879|062.16
20032026|543577|0000000000000775|0000000000140957|0000000000000790|0000000000145020|098.10
20032026|543578|0000000000006475|0000000000823944|0000000000009250|0000000001172900|070.00
20032026|543590|0000000000041070|0000000001026750|0000000000070875|0000000001772893|057.95
20032026|543591|0000000000006851|0000000000484503|0000000000009718|0000000000691507|070.50
20032026|543592|0000000000135100|0000000029754424|0000000000353103|0000000078656908|038.26
20032026|543593|0000000000007888|0000000000776574|0000000000009046|0000000000900827|087.20
20032026|543594|0000000000048000|0000000000472800|0000000000057000|0000000000561780|084.21
20032026|543595|0000000000000500|0000000000051350|0000000000000500|0000000000051350|100.00
20032026|543596|0000000000008622|0000000005165441|0000000000016251|0000000009828841|053.06
20032026|543597|0000000000011500|0000000003597200|0000000000014250|0000000004480162|080.70
20032026|543598|0000000000000400|0000000000103200|0000000000000400|0000000000103200|100.00
20032026|543599|0000000000001596|0000000000435868|0000000000002229|0000000000618733|071.60
20032026|543600|0000000000000638|0000000000216378|0000000000000822|0000000000284464|077.62
20032026|543605|0000000000001082|0000000000058093|0000000000001380|0000000000074420|078.41
20032026|543606|0000000000007000|0000000000095060|0000000000011000|0000000000143920|063.64
20032026|543607|0000000000000530|0000000000059101|0000000000001230|0000000000136074|043.09
20032026|543608|0000000000000460|0000000000057804|0000000000000575|0000000000072908|080.00
20032026|543613|0000000000036000|0000000000261000|0000000000036000|0000000000247800|100.00
20032026|543614|0000000000000140|0000000000043876|0000000000000152|0000000000047870|092.11
20032026|543615|0000000000003200|0000000000256960|0000000000004000|0000000000326584|080.00
20032026|543616|0000000000029400|0000000007210350|0000000000042600|0000000010436310|069.01
20032026|543617|0000000000001200|0000000000037620|0000000000001200|0000000000037620|100.00
20032026|543618|0000000000003000|0000000000456000|0000000000003000|0000000000456000|100.00
20032026|543619|0000000000002200|0000000004623850|0000000000003000|0000000006261840|073.33
20032026|543620|0000000000151637|0000000015353247|0000000000220773|0000000022308295|068.68
20032026|543622|0000000000003600|0000000000230400|0000000000003600|0000000000226812|100.00
20032026|543626|0000000000011437|0000000001052776|0000000000017166|0000000001594124|066.63
20032026|543627|0000000000004084|0000000000078168|0000000000010342|0000000000199518|039.49
20032026|543628|0000000000006339|0000000000182120|0000000000011710|0000000000337584|054.13
20032026|543635|0000000000086262|0000000011925722|0000000000169590|0000000023467600|050.86
20032026|543636|0000000000001500|0000000000422850|0000000000001722|0000000000488859|087.11
20032026|543637|0000000000006000|0000000000097200|0000000000013200|0000000000209220|045.45
20032026|543638|0000000000027210|0000000000873169|0000000000028798|0000000000926624|094.49
20032026|543643|0000000000011904|0000000000384976|0000000000012487|0000000000401231|095.33
20032026|543644|0000000000009989|0000000001393466|0000000000025028|0000000003461893|039.91
20032026|543645|0000000000000010|0000000000001121|0000000000000014|0000000000001598|071.43
20032026|543650|0000000000021912|0000000003578230|0000000000053555|0000000008869357|040.91
20032026|543651|0000000000004000|0000000000081200|0000000000004000|0000000000081200|100.00
20032026|543652|0000000000005793|0000000000921667|0000000000013304|0000000002145343|043.54
20032026|543653|0000000000006424|0000000004051617|0000000000011805|0000000007304103|054.42
20032026|543654|0000000000004808|0000000004832040|0000000000008587|0000000008681924|055.99
20032026|543656|0000000000004000|0000000000054600|0000000000004000|0000000000054600|100.00
20032026|543657|0000000000005098|0000000003060840|0000000000011539|0000000006829071|044.18
20032026|543663|0000000000026507|0000000009301307|0000000000070936|0000000025325106|037.37
20032026|543664|0000000000045605|0000000165169909|0000000000102483|0000000374822497|044.50
20032026|543665|0000000000008484|0000000000262835|0000000000014494|0000000000449112|058.53
20032026|543666|0000000000073608|0000000001897615|0000000000075937|0000000001951793|096.93
20032026|543667|0000000000651579|0000000098160377|0000000001934505|0000000303704636|033.68
20032026|543668|0000000000000004|0000000000000669|0000000000000004|0000000000000668|100.00
20032026|543669|0000000000154794|0000000057660765|0000000000156519|0000000058228920|098.90
20032026|543670|0000000000053643|0000000000057935|0000000000074182|0000000000079405|072.31
20032026|543671|0000000000000955|0000000000088529|0000000000005934|0000000000556761|016.09
20032026|543677|0000000000017758|0000000000519777|0000000000029984|0000000000882998|059.22
20032026|543678|0000000000012000|0000000000297480|0000000000012000|0000000000296280|100.00
20032026|543686|0000000000011175|0000000004791282|0000000000012757|0000000005525611|087.60
20032026|543687|0000000000000368|0000000000087934|0000000000000729|0000000000177009|050.48
20032026|543688|0000000000258815|0000000000825620|0000000000486286|0000000001541978|053.22
20032026|543689|0000000000000696|0000000000317376|0000000000001512|0000000000696285|046.03
20032026|543699|0000000000000035|0000000000044377|0000000000000035|0000000000044398|100.00
20032026|543709|0000000000007500|0000000006500250|0000000000008875|0000000007930337|084.51
20032026|543710|0000000000006948|0000000000661311|0000000000008087|0000000000777140|085.92
20032026|543711|0000000000021733|0000000003318630|0000000000034818|0000000005393797|062.42
20032026|543712|0000000000001587|0000000000318987|0000000000001982|0000000000399370|080.07
20032026|543713|0000000000081000|0000000002659230|0000000000124000|0000000004166980|065.32
20032026|543714|0000000000000318|0000000000115339|0000000000000811|0000000000297203|039.21
20032026|543720|0000000000011029|0000000010090984|0000000000019417|0000000017761078|056.80
20032026|543725|0000000000002433|0000000000284053|0000000000002855|0000000000334859|085.22
20032026|543732|0000000000014374|0000000000513152|0000000000018798|0000000000671186|076.47
20032026|543737|0000000000000778|0000000000412340|0000000000000779|0000000000411902|099.87
20032026|543738|0000000000000040|0000000000002174|0000000000000060|0000000000003306|066.67
20032026|543743|0000000000000089|0000000000005980|0000000000000111|0000000000007549|080.18
20032026|543745|0000000000030000|0000000000305700|0000000000054000|0000000000541200|055.56
20032026|543746|0000000000009600|0000000001812480|0000000000013200|0000000002362800|072.73
20032026|543747|0000000000052867|0000000000225743|0000000000067185|0000000000287354|078.69
20032026|543748|0000000000004349|0000000002805323|0000000000006719|0000000004330443|064.73
20032026|543753|0000000000006000|0000000000372600|0000000000006000|0000000000372600|100.00
20032026|543765|0000000000018000|0000000000266580|0000000000018000|0000000000264840|100.00
20032026|543766|0000000000004449|0000000001559820|0000000000047503|0000000016753164|009.37
20032026|543767|0000000000028376|0000000000182742|0000000000031389|0000000000206361|090.40
20032026|543768|0000000000176698|0000000006500720|0000000000299478|0000000011066526|059.00
20032026|543769|0000000000060000|0000000000472200|0000000000060000|0000000000473800|100.00
20032026|543774|0000000000001879|0000000000065127|0000000000002191|0000000000075676|085.76
20032026|543775|0000000000036501|0000000005447045|0000000000052335|0000000007852374|069.74
20032026|543776|0000000000017537|0000000000359684|0000000000034435|0000000000708357|050.93
20032026|543781|0000000000046068|0000000006555938|0000000000096163|0000000013715573|047.91
20032026|543782|0000000000008460|0000000002929275|0000000000009360|0000000003201363|090.38
20032026|543787|0000000000001815|0000000001511895|0000000000002145|0000000001803054|084.62
20032026|543798|0000000000472000|0000000000840160|0000000000612000|0000000001071440|077.12
20032026|543799|0000000000000750|0000000000354750|0000000000000750|0000000000354750|100.00
20032026|543805|0000000000019500|0000000001092000|0000000000020250|0000000001137307|096.30
20032026|543806|0000000000012200|0000000003231170|0000000000030400|0000000007947780|040.13
20032026|543811|0000000000003089|0000000000047077|0000000000003144|0000000000047692|098.25
20032026|543812|0000000000000560|0000000000394436|0000000000000723|0000000000503473|077.46
20032026|543813|0000000000000170|0000000000169999|0000000000000170|0000000000169998|100.00
20032026|543819|0000000000008969|0000000000780931|0000000000011114|0000000000972445|080.70
20032026|543828|0000000000020000|0000000000461800|0000000000044000|0000000001007600|045.45
20032026|543829|0000000000005782|0000000000330904|0000000000005940|0000000000347336|097.34
20032026|543831|0000000000004500|0000000001755000|0000000000006000|0000000002258212|075.00
20032026|543848|0000000000004000|0000000000377600|0000000000004000|0000000000377600|100.00
20032026|543853|0000000000000123|0000000000009671|0000000000000127|0000000000009879|096.85
20032026|543858|0000000000000019|0000000000003682|0000000000000019|0000000000003671|100.00
20032026|543860|0000000000000041|0000000000002935|0000000000000041|0000000000002935|100.00
20032026|543861|0000000000004198|0000000000095598|0000000000004198|0000000000095598|100.00
20032026|543874|0000000000001000|0000000000076020|0000000000001000|0000000000076020|100.00
20032026|543875|0000000000000001|0000000000000030|0000000000000001|0000000000000029|100.00
20032026|543895|0000000000011500|0000000004922000|0000000000014750|0000000006444537|077.97
20032026|543896|0000000000002581|0000000002458790|0000000000006333|0000000006073653|040.75
20032026|543898|0000000000001094|0000000000179416|0000000000001547|0000000000256025|070.72
20032026|543900|0000000000020892|0000000004635309|0000000000048660|0000000010909877|042.93
20032026|543901|0000000000000377|0000000000065184|0000000000000382|0000000000064970|098.69
20032026|543902|0000000000038000|0000000002033000|0000000000090000|0000000004956080|042.22
20032026|543903|0000000000089078|0000000012639278|0000000000091908|0000000013109180|096.92
20032026|543904|0000000000066282|0000000132547430|0000000000080243|0000000160270937|082.60
20032026|543905|0000000000014400|0000000000154936|0000000000014400|0000000000154936|100.00
20032026|543910|0000000000001535|0000000000266400|0000000000002072|0000000000356702|074.08
20032026|543911|0000000000016905|0000000000394732|0000000000020432|0000000000475995|082.74
20032026|543912|0000000000003560|0000000000357068|0000000000003734|0000000000367605|095.34
20032026|543913|0000000000004912|0000000000758954|0000000000008376|0000000001299737|058.64
20032026|543914|0000000000000906|0000000000026211|0000000000000908|0000000000026394|099.78
20032026|543915|0000000000001604|0000000000029707|0000000000001705|0000000000031160|094.08
20032026|543916|0000000000007600|0000000002065300|0000000000008400|0000000002280540|090.48
20032026|543917|0000000000022255|0000000000880853|0000000000022904|0000000000941723|097.17
20032026|543918|0000000000008649|0000000000657152|0000000000010497|0000000000790354|082.39
20032026|543919|0000000000004054|0000000000019946|0000000000005188|0000000000025680|078.14
20032026|543920|0000000000011200|0000000006345920|0000000000018000|0000000010135940|062.22
20032026|543921|0000000000001000|0000000000035000|0000000000001000|0000000000035000|100.00
20032026|543922|0000000000013840|0000000003088120|0000000000034622|0000000007839570|039.97
20032026|543923|0000000000003905|0000000000455909|0000000000006079|0000000000722417|064.24
20032026|543924|0000000000008000|0000000000392320|0000000000008000|0000000000371880|100.00
20032026|543926|0000000000026000|0000000024366240|0000000000026000|0000000024366240|100.00
20032026|543927|0000000000005586|0000000000195399|0000000000007178|0000000000242205|077.82
20032026|543928|0000000000012000|0000000008127600|0000000000016800|0000000011526070|071.43
20032026|543929|0000000000027321|0000000000654612|0000000000028013|0000000000672009|097.53
20032026|543930|0000000000000464|0000000000058696|0000000000000569|0000000000071802|081.55
20032026|543931|0000000000012000|0000000003002400|0000000000019200|0000000004832650|062.50
20032026|543932|0000000000012439|0000000005193283|0000000000025424|0000000010802234|048.93
20032026|543933|0000000000021992|0000000006678971|0000000000048457|0000000014791369|045.38
20032026|543935|0000000000000162|0000000000005000|0000000000000162|0000000000004999|100.00
20032026|543936|0000000000015298|0000000004519030|0000000000028340|0000000008358822|053.98
20032026|543937|0000000000001200|0000000000211290|0000000000001200|0000000000211290|100.00
20032026|543939|0000000000002500|0000000000427500|0000000000004500|0000000000775000|055.56
20032026|543940|0000000000499542|0000000119465470|0000000001057422|0000000255781209|047.24
20032026|543941|0000000000005600|0000000000347200|0000000000005600|0000000000348040|100.00
20032026|543942|0000000000346181|0000000004112631|0000000000569102|0000000006819764|060.83
20032026|543943|0000000000014000|0000000002253300|0000000000031000|0000000004992150|045.16
20032026|543944|0000000000001135|0000000000615193|0000000000001512|0000000000828416|075.07
20032026|543945|0000000000013847|0000000045482549|0000000000041275|0000000136183213|033.55
20032026|543946|0000000000037885|0000000037885000|0000000000037911|0000000037911000|099.93
20032026|543947|0000000000001499|0000000000114179|0000000000001645|0000000000126242|091.12
20032026|543948|0000000000000980|0000000000084565|0000000000002516|0000000000218435|038.95
20032026|543949|0000000000000167|0000000000004286|0000000000000197|0000000000005094|084.77
20032026|543950|0000000000004919|0000000003153079|0000000000010378|0000000006715999|047.40
20032026|543952|0000000000001540|0000000000459613|0000000000004116|0000000001214040|037.41
20032026|543953|0000000000008750|0000000006168313|0000000000028500|0000000020268325|030.70
20032026|543954|0000000000005193|0000000000115804|0000000000005660|0000000000128202|091.75
20032026|543955|0000000000010896|0000000000271747|0000000000013755|0000000000342189|079.21
20032026|543956|0000000000000560|0000000000010859|0000000000001060|0000000000020657|052.83
20032026|543957|0000000000012203|0000000001435073|0000000000018474|0000000002181440|066.05
20032026|543958|0000000000149582|0000000001648394|0000000000218877|0000000002467874|068.34
20032026|543959|0000000000035935|0000000003138923|0000000000058289|0000000004987952|061.65
20032026|543960|0000000000009128|0000000009971884|0000000000016636|0000000018398385|054.87
20032026|543962|0000000000000402|0000000000057868|0000000000000544|0000000000077853|073.90
20032026|543963|0000000000006000|0000000000189300|0000000000006000|0000000000187650|100.00
20032026|543965|0000000000032026|0000000003247018|0000000000032026|0000000003247018|100.00
20032026|543969|0000000000000220|0000000000032032|0000000000000232|0000000000034862|094.83
20032026|543971|0000000000057200|0000000016004560|0000000000080000|0000000022353300|071.50
20032026|543972|0000000000018622|0000000004356617|0000000000040778|0000000009582057|045.67
20032026|543974|0000000000034652|0000000001281431|0000000000071195|0000000002702954|048.67
20032026|543975|0000000000000238|0000000000049266|0000000000000239|0000000000050610|099.58
20032026|543976|0000000000026352|0000000000761310|0000000000040091|0000000001163662|065.73
20032026|543977|0000000000000556|0000000000214950|0000000000000740|0000000000289151|075.14
20032026|543978|0000000000017862|0000000002493536|0000000000027965|0000000003971952|063.87
20032026|543979|0000000000008000|0000000000308400|0000000000008000|0000000000317680|100.00
20032026|543980|0000000000000334|0000000000422627|0000000000000413|0000000000525170|080.87
20032026|543981|0000000000002683|0000000003727224|0000000000006076|0000000008484658|044.16
20032026|543982|0000000000012000|0000000001695000|0000000000013800|0000000001945950|086.96
20032026|543983|0000000000018134|0000000005380358|0000000000026966|0000000008103884|067.25
20032026|543984|0000000000033601|0000000004853665|0000000000060481|0000000008902698|055.56
20032026|543985|0000000000063330|0000000013172640|0000000000113871|0000000024080744|055.62
20032026|543986|0000000000003865|0000000000790200|0000000000005519|0000000001108046|070.03
20032026|543988|0000000000011972|0000000013730089|0000000000018747|0000000021729478|063.86
20032026|543989|0000000000031011|0000000003116606|0000000000038764|0000000003921568|080.00
20032026|543990|0000000000001840|0000000001410636|0000000000018546|0000000014231670|009.92
20032026|543991|0000000000005600|0000000000621600|0000000000005600|0000000000614200|100.00
20032026|543992|0000000000059267|0000000006356386|0000000000171810|0000000018620438|034.50
20032026|543993|0000000000001079|0000000000171130|0000000000001224|0000000000193854|088.15
20032026|543994|0000000000232253|0000000058388405|0000000000274118|0000000069481671|084.73
20032026|543995|0000000000003841|0000000000551568|0000000000005228|0000000000758823|073.47
20032026|543996|0000000000024642|0000000003405525|0000000000030904|0000000004353313|079.74
20032026|543997|0000000000044400|0000000010367400|0000000000045600|0000000010713570|097.37
20032026|543998|0000000000009423|0000000000575086|0000000000017488|0000000001078852|053.88
20032026|543999|0000000000001717|0000000000131265|0000000000001901|0000000000145892|090.32
20032026|544001|0000000000004375|0000000004223712|0000000000004375|0000000004223712|100.00
20032026|544003|0000000000004715|0000000000155973|0000000000005204|0000000000175519|090.60
20032026|544004|0000000000004571|0000000000911458|0000000000005769|0000000001156351|079.23
20032026|544006|0000000000027354|0000000000839495|0000000000033183|0000000001015551|082.43
20032026|544007|0000000000064260|0000000001487619|0000000000070338|0000000001630367|091.36
20032026|544008|0000000000002476|0000000000912778|0000000000004794|0000000001804462|051.65
20032026|544009|0000000000007395|0000000002645562|0000000000019377|0000000007094965|038.16
20032026|544011|0000000000002400|0000000000074640|0000000000002400|0000000000073440|100.00
20032026|544012|0000000000007481|0000000003166708|0000000000013172|0000000005480856|056.79
20032026|544013|0000000000006000|0000000000198000|0000000000006000|0000000000199500|100.00
20032026|544014|0000000000006581|0000000001904213|0000000000021014|0000000006014184|031.32
20032026|544015|0000000000001000|0000000000041520|0000000000001000|0000000000041520|100.00
20032026|544020|0000000000012196|0000000000281484|0000000000013751|0000000000318951|088.69
20032026|544021|0000000000025324|0000000013238121|0000000000038426|0000000020191277|065.90
20032026|544022|0000000000002404|0000000000989367|0000000000004238|0000000001751116|056.72
20032026|544023|0000000000015750|0000000008215200|0000000000020000|0000000010410225|078.75
20032026|544026|0000000000205807|0000000023966226|0000000000471348|0000000055769006|043.66
20032026|544027|0000000000005784|0000000000775056|0000000000010559|0000000001427681|054.78
20032026|544028|0000000000066234|0000000035736555|0000000000122141|0000000065600489|054.23
20032026|544029|0000000000008500|0000000001120725|0000000000015877|0000000002087112|053.54
20032026|544030|0000000000001589|0000000000488300|0000000000001884|0000000000579836|084.34
20032026|544035|0000000000020800|0000000000382720|0000000000024000|0000000000446240|086.67
20032026|544036|0000000000005600|0000000000481600|0000000000006400|0000000000551120|087.50
20032026|544037|0000000000003900|0000000005177250|0000000000006200|0000000008262400|062.90
20032026|544042|0000000000017219|0000000002804976|0000000000036276|0000000005897546|047.47
20032026|544043|0000000000000280|0000000000039844|0000000000000341|0000000000048815|082.11
20032026|544044|0000000000004944|0000000003393315|0000000000008836|0000000006269648|055.95
20032026|544045|0000000000033133|0000000075462065|0000000000040350|0000000092057935|082.11
20032026|544046|0000000000003687|0000000004351214|0000000000010065|0000000012063423|036.63
20032026|544047|0000000000069000|0000000002615790|0000000000088500|0000000003447645|077.97
20032026|544053|0000000000089908|0000000001172401|0000000000149428|0000000001953333|060.17
20032026|544054|0000000000004475|0000000000899475|0000000000007127|0000000001440564|062.79
20032026|544055|0000000000005762|0000000000868334|0000000000008996|0000000001344591|064.05
20032026|544056|0000000000001600|0000000000029200|0000000000001600|0000000000029200|100.00
20032026|544057|0000000000000931|0000000001178693|0000000000001612|0000000002035311|057.75
20032026|544058|0000000000012747|0000000000949015|0000000000014938|0000000001116289|085.33
20032026|544059|0000000000002000|0000000000101500|0000000000002000|0000000000101500|100.00
20032026|544060|0000000000005344|0000000000604140|0000000000006763|0000000000772760|079.02
20032026|544061|0000000000045455|0000000066743850|0000000000050983|0000000075196736|089.16
20032026|544066|0000000000000187|0000000000240595|0000000000000211|0000000000272401|088.63
20032026|544067|0000000000000332|0000000000225893|0000000000000391|0000000000268411|084.91
20032026|544072|0000000000003200|0000000000069440|0000000000003200|0000000000069440|100.00
20032026|544073|0000000000002000|0000000000140000|0000000000002000|0000000000140000|100.00
20032026|544074|0000000000004800|0000000000384000|0000000000005400|0000000000430854|088.89
20032026|544079|0000000000001803|0000000000036151|0000000000002243|0000000000045294|080.38
20032026|544080|0000000000000534|0000000000424557|0000000000000535|0000000000422660|099.81
20032026|544081|0000000000011506|0000000008514440|0000000000022956|0000000017137796|050.12
20032026|544082|0000000000008000|0000000000322400|0000000000008000|0000000000327200|100.00
20032026|544088|0000000000002154|0000000000698543|0000000000005148|0000000001667433|041.84
20032026|544089|0000000000358311|0000000040578721|0000000000425599|0000000048197154|084.19
20032026|544090|0000000000000221|0000000000158424|0000000000000325|0000000000231233|068.00
20032026|544091|0000000000007200|0000000002599200|0000000000007200|0000000002586600|100.00
20032026|544092|0000000000000234|0000000000055454|0000000000000236|0000000000056004|099.15
20032026|544093|0000000000000630|0000000000034279|0000000000000655|0000000000035888|096.18
20032026|544094|0000000000003600|0000000000103716|0000000000004800|0000000000140412|075.00
20032026|544095|0000000000030830|0000000007189556|0000000000050450|0000000011919002|061.11
20032026|544100|0000000000085704|0000000001945481|0000000000117575|0000000002738900|072.89
20032026|544101|0000000000001600|0000000000116000|0000000000001600|0000000000114000|100.00
20032026|544102|0000000000000001|0000000000000304|0000000000000001|0000000000000303|100.00
20032026|544105|0000000000004500|0000000000356400|0000000000004500|0000000000361950|100.00
20032026|544107|0000000000015585|0000000002259825|0000000000030028|0000000004280460|051.90
20032026|544108|0000000000012000|0000000002077800|0000000000018600|0000000003234570|064.52
20032026|544109|0000000000001058|0000000000153887|0000000000001093|0000000000158737|096.80
20032026|544110|0000000000003694|0000000000317500|0000000000007873|0000000000682996|046.92
20032026|544111|0000000000020555|0000000002232273|0000000000035004|0000000003833297|058.72
20032026|544112|0000000000000495|0000000000240001|0000000000000990|0000000000480567|050.00
20032026|544117|0000000000001632|0000000000383684|0000000000001705|0000000000402969|095.72
20032026|544118|0000000000045562|0000000015907973|0000000000050095|0000000017660901|090.95
20032026|544119|0000000000003326|0000000001137825|0000000000003577|0000000001221401|092.98
20032026|544120|0000000000001501|0000000000359265|0000000000001576|0000000000379640|095.24
20032026|544121|0000000000004000|0000000000268000|0000000000004000|0000000000261950|100.00
20032026|544122|0000000000002326|0000000002606167|0000000000003793|0000000004251439|061.32
20032026|544123|0000000000000209|0000000000011569|0000000000000209|0000000000011644|100.00
20032026|544124|0000000000001489|0000000000168257|0000000000001620|0000000000188513|091.91
20032026|544129|0000000000005334|0000000001090803|0000000000007131|0000000001475857|074.80
20032026|544130|0000000000150453|0000000005872181|0000000000389624|0000000015266236|038.61
20032026|544131|0000000000005218|0000000000629030|0000000000005973|0000000000728930|087.36
20032026|544132|0000000000465965|0000000010726515|0000000000942612|0000000021778128|049.43
20032026|544133|0000000000011692|0000000001032638|0000000000019184|0000000001707797|060.95
20032026|544134|0000000000001298|0000000000264208|0000000000001923|0000000000392576|067.50
20032026|544135|0000000000010396|0000000000218836|0000000000011926|0000000000254498|087.17
20032026|544136|0000000000007407|0000000000639447|0000000000007622|0000000000657651|097.18
20032026|544137|0000000000001728|0000000000214566|0000000000002781|0000000000348877|062.14
20032026|544138|0000000000001699|0000000000563814|0000000000003480|0000000001170849|048.82
20032026|544140|0000000000004167|0000000001141758|0000000000006265|0000000001739136|066.51
20032026|544141|0000000000035200|0000000007990400|0000000000037600|0000000008531360|093.62
20032026|544142|0000000000012038|0000000000501142|0000000000017815|0000000000742457|067.57
20032026|544143|0000000000001000|0000000000152500|0000000000001000|0000000000152550|100.00
20032026|544144|0000000000001357|0000000000116377|0000000000001548|0000000000135667|087.66
20032026|544149|0000000000000200|0000000000110900|0000000000000262|0000000000146083|076.34
20032026|544150|0000000000053750|0000000018936125|0000000000079750|0000000028691275|067.40
20032026|544151|0000000000019000|0000000001311190|0000000000023000|0000000001604590|082.61
20032026|544156|0000000000018000|0000000000280620|0000000000019500|0000000000301605|092.31
20032026|544157|0000000000000500|0000000000099350|0000000000000500|0000000000099350|100.00
20032026|544158|0000000000019657|0000000007875578|0000000000022332|0000000009039028|088.02
20032026|544159|0000000000005443|0000000006087724|0000000000005509|0000000006161538|098.80
20032026|544160|0000000000126400|0000000001730416|0000000000132800|0000000001845216|095.18
20032026|544161|0000000000000557|0000000000570006|0000000000000703|0000000000729247|079.23
20032026|544162|0000000000003305|0000000005238756|0000000000006757|0000000010753994|048.91
20032026|544163|0000000000006000|0000000000486360|0000000000008000|0000000000650550|075.00
20032026|544164|0000000000002000|0000000000067420|0000000000002000|0000000000067420|100.00
20032026|544165|0000000000022500|0000000002855700|0000000000022500|0000000002855700|100.00
20032026|544166|0000000000021600|0000000002801520|0000000000025200|0000000003267000|085.71
20032026|544167|0000000000004585|0000000001090313|0000000000007446|0000000001783717|061.58
20032026|544168|0000000000005000|0000000000145000|0000000000005000|0000000000140870|100.00
20032026|544169|0000000000002000|0000000000114000|0000000000002000|0000000000114000|100.00
20032026|544171|0000000000004800|0000000000186240|0000000000005600|0000000000214776|085.71
20032026|544172|0000000000004626|0000000002037985|0000000000008111|0000000003595891|057.03
20032026|544173|0000000000003000|0000000000038550|0000000000003000|0000000000038550|100.00
20032026|544174|0000000000305175|0000000325575949|0000000000309746|0000000342763773|098.52
20032026|544175|0000000000001200|0000000000098700|0000000000001200|0000000000098700|100.00
20032026|544176|0000000000009144|0000000004122573|0000000000014805|0000000006746666|061.76
20032026|544177|0000000000014000|0000000001330000|0000000000014000|0000000001330000|100.00
20032026|544178|0000000000001200|0000000000053112|0000000000002400|0000000000107772|050.00
20032026|544179|0000000000013846|0000000004550488|0000000000027112|0000000008903188|051.07
20032026|544180|0000000000007515|0000000000333516|0000000000013541|0000000000603885|055.50
20032026|544181|0000000000006374|0000000001679231|0000000000017459|0000000004653279|036.51
20032026|544184|0000000000001028|0000000000107581|0000000000001079|0000000000113748|095.27
20032026|544185|0000000000003120|0000000000160150|0000000000003231|0000000000162557|096.56
20032026|544186|0000000000005006|0000000000586954|0000000000005224|0000000000620821|095.83
20032026|544187|0000000000000431|0000000000047841|0000000000000550|0000000000061323|078.36
20032026|544188|0000000000008000|0000000000072000|0000000000008000|0000000000070000|100.00
20032026|544189|0000000000001000|0000000000403475|0000000000001000|0000000000403475|100.00
20032026|544190|0000000000002000|0000000000034200|0000000000002000|0000000000034200|100.00
20032026|544191|0000000000013156|0000000000720423|0000000000014428|0000000000797153|091.18
20032026|544192|0000000000201881|0000000034955696|0000000000432979|0000000073695017|046.63
20032026|544193|0000000000040407|0000000000410132|0000000000069539|0000000000708704|058.11
20032026|544194|0000000000010801|0000000000106930|0000000000014308|0000000000142308|075.49
20032026|544195|0000000000064000|0000000001043840|0000000000066000|0000000001070160|096.97
20032026|544196|0000000000000010|0000000000000540|0000000000000011|0000000000000596|090.91
20032026|544197|0000000000002090|0000000000040045|0000000000002110|0000000000040194|099.05
20032026|544198|0000000000060200|0000000016094470|0000000000132420|0000000036079891|045.46
20032026|544199|0000000000006400|0000000000233664|0000000000014400|0000000000526552|044.44
20032026|544200|0000000000133899|0000000001142656|0000000000133899|0000000001142656|100.00
20032026|544201|0000000000194000|0000000002192200|0000000000196000|0000000002175800|098.98
20032026|544202|0000000000003939|0000000000568989|0000000000005667|0000000000822737|069.51
20032026|544203|0000000000015119|0000000006146630|0000000000022761|0000000009333348|066.42
20032026|544204|0000000000004825|0000000000535093|0000000000004921|0000000000541984|098.05
20032026|544205|0000000000002853|0000000001136208|0000000000003057|0000000001223524|093.33
20032026|544206|0000000000060726|0000000013658492|0000000000184859|0000000042001934|032.85
20032026|544207|0000000000000162|0000000000019602|0000000000000168|0000000000020544|096.43
20032026|544209|0000000000001359|0000000000337372|0000000000001776|0000000000440920|076.52
20032026|544210|0000000000000882|0000000001303111|0000000000002169|0000000003227077|040.66
20032026|544212|0000000000007255|0000000000200964|0000000000012803|0000000000355560|056.67
20032026|544213|0000000000812400|0000000098706600|0000000000815400|0000000098265780|099.63
20032026|544214|0000000000016000|0000000000343680|0000000000018000|0000000000390560|088.89
20032026|544215|0000000000002059|0000000000063912|0000000000002473|0000000000077156|083.26
20032026|544216|0000000000065346|0000000000729915|0000000000083253|0000000000939818|078.49
20032026|544217|0000000000009781|0000000000802336|0000000000012632|0000000001038651|077.43
20032026|544218|0000000000003860|0000000000039990|0000000000003953|0000000000041057|097.65
20032026|544219|0000000000006600|0000000000667920|0000000000009600|0000000000968400|068.75
20032026|544220|0000000000003600|0000000000136800|0000000000003600|0000000000137244|100.00
20032026|544222|0000000000007422|0000000003590393|0000000000010798|0000000005197063|068.73
20032026|544223|0000000000004318|0000000001168667|0000000000007358|0000000001992128|058.68
20032026|544224|0000000000055080|0000000040629762|0000000000081120|0000000060578448|067.90
20032026|544225|0000000002823313|0000000069509967|0000000006537595|0000000157600728|043.19
20032026|544226|0000000000872871|0000000218566899|0000000002562962|0000000620654830|034.06
20032026|544227|0000000000030338|0000000002769860|0000000000045756|0000000004195288|066.30
20032026|544229|0000000000337143|0000000003863659|0000000000473288|0000000005454037|071.23
20032026|544230|0000000000000984|0000000000055882|0000000000001483|0000000000085338|066.35
20032026|544232|0000000000001555|0000000002717207|0000000000002944|0000000005166524|052.82
20032026|544234|0000000000000001|0000000000000011|0000000000000002|0000000000000022|050.00
20032026|544235|0000000000007746|0000000002037586|0000000000013927|0000000003715133|055.62
20032026|544236|0000000000001200|0000000000054000|0000000000001200|0000000000054000|100.00
20032026|544238|0000000000029085|0000000025165797|0000000000068493|0000000059070805|042.46
20032026|544239|0000000000024781|0000000002769277|0000000000050661|0000000005775640|048.92
20032026|544240|0000000000005784|0000000005033237|0000000000019839|0000000017080768|029.15
20032026|544241|0000000000022574|0000000000335224|0000000000036329|0000000000540615|062.14
20032026|544242|0000000000021000|0000000000363300|0000000000033000|0000000000572670|063.64
20032026|544243|0000000000003634|0000000000883426|0000000000007616|0000000001874296|047.72
20032026|544244|0000000000000329|0000000000248116|0000000000000417|0000000000317659|078.90
20032026|544245|0000000000003200|0000000000281280|0000000000004800|0000000000363040|066.67
20032026|544246|0000000000000847|0000000000480715|0000000000000906|0000000000517626|093.49
20032026|544247|0000000000002235|0000000000191920|0000000000002645|0000000000227536|084.50
20032026|544248|0000000000028800|0000000003255810|0000000000028800|0000000003255810|100.00
20032026|544249|0000000000003556|0000000000087620|0000000000004438|0000000000111917|080.13
20032026|544250|0000000000000189|0000000000804545|0000000000000281|0000000001192153|067.26
20032026|544251|0000000000003200|0000000000134400|0000000000004800|0000000000206416|066.67
20032026|544252|0000000000240511|0000000019587216|0000000000607804|0000000050044062|039.57
20032026|544253|0000000000027057|0000000004647040|0000000000049989|0000000008874439|054.13
20032026|544254|0000000000003108|0000000000305517|0000000000004342|0000000000431617|071.58
20032026|544256|0000000000005727|0000000003262959|0000000000009506|0000000005429867|060.25
20032026|544257|0000000000010500|0000000001727250|0000000000012500|0000000002105150|084.00
20032026|544258|0000000000004635|0000000000429897|0000000000005982|0000000000552727|077.48
20032026|544259|0000000000102000|0000000002977380|0000000000129000|0000000003674730|079.07
20032026|544260|0000000000004107|0000000000960217|0000000000010249|0000000002381381|040.07
20032026|544261|0000000000003145|0000000000324093|0000000000005519|0000000000570342|056.98
20032026|544262|0000000000020770|0000000002367780|0000000000022442|0000000002586414|092.55
20032026|544263|0000000000016182|0000000014512827|0000000000049792|0000000044990857|032.50
20032026|544264|0000000000004919|0000000001254345|0000000000005739|0000000001495234|085.71
20032026|544266|0000000000000707|0000000000060937|0000000000001398|0000000000120799|050.57
20032026|544267|0000000000044800|0000000007302400|0000000000048800|0000000008117560|091.80
20032026|544268|0000000000481732|0000000005520649|0000000000728916|0000000008430246|066.09
20032026|544269|0000000000024000|0000000000186720|0000000000024000|0000000000186540|100.00
20032026|544270|0000000000003600|0000000000147600|0000000000003600|0000000000147600|100.00
20032026|544271|0000000000013120|0000000002098544|0000000000026734|0000000004325796|049.08
20032026|544272|0000000000024800|0000000002704440|0000000000025600|0000000002832580|096.88
20032026|544273|0000000000029413|0000000000307366|0000000000031279|0000000000323780|094.03
20032026|544274|0000000000012841|0000000025054718|0000000000023570|0000000046225379|054.48
20032026|544275|0000000000025371|0000000000376506|0000000000031227|0000000000468582|081.25
20032026|544276|0000000000008611|0000000000643414|0000000000017263|0000000001281747|049.88
20032026|544277|0000000000078856|0000000249516156|0000000000195354|0000000619837391|040.37
20032026|544278|0000000000002185|0000000000191953|0000000000003940|0000000000354982|055.46
20032026|544279|0000000000036537|0000000011609632|0000000000061809|0000000020115857|059.11
20032026|544280|0000000000037731|0000000010525063|0000000000053452|0000000014927268|070.59
20032026|544281|0000000000011360|0000000000192780|0000000000014633|0000000000249318|077.63
20032026|544282|0000000001315982|0000000051336458|0000000002757796|0000000106341008|047.72
20032026|544283|0000000000044334|0000000010928331|0000000000111198|0000000028352613|039.87
20032026|544284|0000000000000404|0000000000435331|0000000000000504|0000000000543077|080.16
20032026|544285|0000000000482200|0000000136317940|0000000000822216|0000000233446667|058.65
20032026|544286|0000000004756673|0000000332967110|0000000004770753|0000000333960286|099.70
20032026|544288|0000000000063856|0000000039198006|0000000000125765|0000000077060397|050.77
20032026|544289|0000000000573307|0000000058024402|0000000001502488|0000000151456998|038.16
20032026|544290|0000000000036570|0000000005406875|0000000000069763|0000000010453066|052.42
20032026|544291|0000000000028500|0000000024823500|0000000000039600|0000000034400185|071.97
20032026|544292|0000000000011168|0000000016332642|0000000000033212|0000000049322604|033.63
20032026|544293|0000000000000191|0000000000049785|0000000000000192|0000000000049978|099.48
20032026|544294|0000000000004053|0000000002918768|0000000000006149|0000000004424976|065.91
20032026|544295|0000000000000003|0000000003090000|0000000000000003|0000000003097000|100.00
20032026|544296|0000000000059600|0000000009443620|0000000000088000|0000000014465820|067.73
20032026|544301|0000000000004474|0000000000102187|0000000000004634|0000000000105818|096.55
20032026|544302|0000000000007397|0000000002648126|0000000000007408|0000000002586703|099.85
20032026|544303|0000000000000900|0000000000256500|0000000000000900|0000000000256500|100.00
20032026|544304|0000000000006400|0000000000301984|0000000000006400|0000000000301984|100.00
20032026|544305|0000000000024304|0000000004395379|0000000000056955|0000000010410231|042.67
20032026|544306|0000000000007617|0000000007630330|0000000000015289|0000000015394973|049.82
20032026|544307|0000000000234853|0000000024013720|0000000000444343|0000000046090189|052.85
20032026|544308|0000000000054780|0000000002773512|0000000000057539|0000000002981380|095.20
20032026|544309|0000000000002148|0000000002861459|0000000000004313|0000000005752921|049.80
20032026|544310|0000000000028250|0000000013221000|0000000000049250|0000000023195500|057.36
20032026|544311|0000000000011110|0000000003762402|0000000000030291|0000000010120014|036.68
20032026|544313|0000000000004000|0000000000096040|0000000000012000|0000000000290400|033.33
20032026|544314|0000000000000019|0000000000007157|0000000000000074|0000000000028584|025.68
20032026|544315|0000000000007087|0000000002010228|0000000000014309|0000000004061913|049.53
20032026|544316|0000000000037163|0000000004823758|0000000000063632|0000000008265161|058.40
20032026|544317|0000000000006274|0000000003140137|0000000000012811|0000000006483421|048.97
20032026|544318|0000000000003283|0000000001226365|0000000000005218|0000000001975006|062.92
20032026|544319|0000000000000518|0000000000389252|0000000000000990|0000000000741947|052.32
20032026|544320|0000000000002314|0000000001024061|0000000000003711|0000000001640113|062.36
20032026|544321|0000000000001342|0000000000860088|0000000000002278|0000000001476354|058.91
20032026|544322|0000000000003450|0000000002751720|0000000000005524|0000000004406757|062.45
20032026|544323|0000000000011868|0000000000120817|0000000000016029|0000000000164093|074.04
20032026|544325|0000000000429063|0000000063780215|0000000000665996|0000000100443079|064.42
20032026|544326|0000000000006310|0000000000141029|0000000000006378|0000000000143932|098.93
20032026|544327|0000000000004000|0000000000196000|0000000000004000|0000000000195000|100.00
20032026|544328|0000000000002081|0000000000262206|0000000000003748|0000000000474167|055.52
20032026|544329|0000000000044000|0000000002112000|0000000000080000|0000000003785400|055.00
20032026|544331|0000000000002000|0000000000061000|0000000000002000|0000000000061000|100.00
20032026|544332|0000000000007600|0000000001827040|0000000000008000|0000000001946960|095.00
20032026|544333|0000000000073870|0000000008642790|0000000000080395|0000000009509992|091.88
20032026|544334|0000000000004500|0000000000287955|0000000000005250|0000000000341385|085.71
20032026|544335|0000000000057000|0000000005624190|0000000000061000|0000000005994240|093.44
20032026|544336|0000000000003622|0000000001087144|0000000000015955|0000000004826645|022.70
20032026|544337|0000000000005000|0000000001577600|0000000000005000|0000000001577600|100.00
20032026|544338|0000000000012355|0000000000841252|0000000000014584|0000000000990105|084.72
20032026|544339|0000000000006211|0000000001080404|0000000000008491|0000000001503927|073.15
20032026|544340|0000000000072000|0000000002767680|0000000000076800|0000000002917216|093.75
20032026|544341|0000000000022400|0000000000573440|0000000000028800|0000000000725600|077.78
20032026|544342|0000000000022967|0000000002636612|0000000000074064|0000000008528076|031.01
20032026|544343|0000000000014800|0000000001244532|0000000000016000|0000000001350848|092.50
20032026|544344|0000000000012505|0000000039171288|0000000000020756|0000000064588658|060.25
20032026|544345|0000000000002280|0000000000551760|0000000000003924|0000000000955784|058.10
20032026|544346|0000000000008367|0000000001151431|0000000000008367|0000000001151431|100.00
20032026|544347|0000000000007400|0000000002227400|0000000000007400|0000000002234430|100.00
20032026|544348|0000000000010800|0000000000414180|0000000000014400|0000000000556644|075.00
20032026|544349|0000000000004800|0000000000203472|0000000000004800|0000000000209264|100.00
20032026|544350|0000000000002859|0000000001212931|0000000000004073|0000000001734682|070.19
20032026|544351|0000000000001600|0000000000098464|0000000000001600|0000000000098464|100.00
20032026|544352|0000000000000424|0000000000016422|0000000000000534|0000000000020726|079.40
20032026|544353|0000000000014400|0000000000475080|0000000000014400|0000000000475080|100.00
20032026|544354|0000000000026100|0000000004045500|0000000000043500|0000000006849600|060.00
20032026|544355|0000000000000108|0000000000178551|0000000000000374|0000000000623053|028.88
20032026|544356|0000000000001508|0000000000710721|0000000000003093|0000000001480994|048.76
20032026|544361|0000000000002648|0000000000453602|0000000000002648|0000000000453602|100.00
20032026|544362|0000000000094390|0000000041437210|0000000000183266|0000000079515021|051.50
20032026|544363|0000000000000393|0000000000056396|0000000000000635|0000000000091881|061.89
20032026|544364|0000000000000717|0000000000166631|0000000000000802|0000000000187036|089.40
20032026|544365|0000000000004000|0000000000144000|0000000000004000|0000000000144000|100.00
20032026|544366|0000000000001600|0000000000067216|0000000000001600|0000000000067216|100.00
20032026|544367|0000000000019342|0000000016145735|0000000000054629|0000000045732119|035.41
20032026|544368|0000000000025200|0000000000423360|0000000000027600|0000000000454260|091.30
20032026|544369|0000000000035200|0000000006892160|0000000000045600|0000000008873560|077.19
20032026|544370|0000000000003000|0000000000564000|0000000000003600|0000000000687600|083.33
20032026|544371|0000000000001490|0000000000100605|0000000000002072|0000000000143520|071.91
20032026|544372|0000000000012000|0000000000129000|0000000000012000|0000000000129000|100.00
20032026|544373|0000000000003200|0000000000120960|0000000000003200|0000000000121280|100.00
20032026|544375|0000000000000699|0000000000100705|0000000000000971|0000000000139428|071.99
20032026|544376|0000000000000173|0000000000006917|0000000000000175|0000000000007037|098.86
20032026|544377|0000000000000574|0000000000007095|0000000000000575|0000000000007140|099.83
20032026|544379|0000000000000953|0000000000147334|0000000000001278|0000000000198393|074.57
20032026|544381|0000000000046800|0000000001370772|0000000000056400|0000000001679376|082.98
20032026|544382|0000000000012656|0000000000397652|0000000000013955|0000000000442088|090.69
20032026|544383|0000000000001200|0000000000183600|0000000000001200|0000000000183600|100.00
20032026|544384|0000000000429727|0000000010012640|0000000000748362|0000000017725340|057.42
20032026|544385|0000000000006271|0000000000312108|0000000000009370|0000000000465900|066.93
20032026|544386|0000000000000174|0000000000243879|0000000000000238|0000000000341340|073.11
20032026|544387|0000000000009000|0000000001165500|0000000000011500|0000000001464000|078.26
20032026|544388|0000000000002000|0000000000185240|0000000000002000|0000000000185240|100.00
20032026|544389|0000000000007536|0000000001696354|0000000000013338|0000000003048420|056.50
20032026|544390|0000000000100026|0000000279182569|0000000000114587|0000000321409593|087.29
20032026|544391|0000000000192000|0000000007724160|0000000000192000|0000000007709520|100.00
20032026|544393|0000000000003200|0000000000089280|0000000000003200|0000000000089264|100.00
20032026|544394|0000000000003380|0000000000094674|0000000000003943|0000000000110109|085.72
20032026|544395|0000000000117655|0000000002196619|0000000000191412|0000000003591253|061.47
20032026|544396|0000000000002073|0000000002278435|0000000000005764|0000000006462715|035.96
20032026|544397|0000000000058180|0000000045569485|0000000000140899|0000000108791754|041.29
20032026|544399|0000000000002400|0000000000190800|0000000000007200|0000000000581940|033.33
20032026|544400|0000000000006000|0000000000252000|0000000000006000|0000000000252000|100.00
20032026|544402|0000000000002028|0000000000750158|0000000000002493|0000000000920507|081.35
20032026|544403|0000000000091558|0000000008551518|0000000000180983|0000000017075809|050.59
20032026|544404|0000000000001883|0000000000664513|0000000000001883|0000000000664513|100.00
20032026|544405|0000000000668011|0000000126421082|0000000001261900|0000000237054546|052.94
20032026|544406|0000000000010800|0000000003322080|0000000000016000|0000000004923440|067.50
20032026|544407|0000000000022017|0000000003942144|0000000000038116|0000000006821768|057.76
20032026|544408|0000000000002818|0000000001124101|0000000000006457|0000000002593990|043.64
20032026|544409|0000000000001000|0000000000150000|0000000000001000|0000000000150000|100.00
20032026|544410|0000000000008295|0000000001061760|0000000000016847|0000000002183387|049.24
20032026|544411|0000000000090980|0000000011463480|0000000000098035|0000000012410297|092.80
20032026|544412|0000000000021000|0000000000416850|0000000000030000|0000000000612420|070.00
20032026|544413|0000000000051449|0000000003739314|0000000000078266|0000000005776060|065.74
20032026|544414|0000000000039618|0000000001804997|0000000000078153|0000000003675421|050.69
20032026|544415|0000000000000734|0000000000028157|0000000000000885|0000000000034000|082.94
20032026|544416|0000000000000193|0000000000061664|0000000000000193|0000000000061728|100.00
20032026|544417|0000000000007200|0000000000129600|0000000000007200|0000000000128640|100.00
20032026|544418|0000000000084296|0000000026494233|0000000000146356|0000000046911717|057.60
20032026|544419|0000000000015522|0000000001612736|0000000000032826|0000000003420552|047.29
20032026|544420|0000000000010247|0000000004280172|0000000000019503|0000000008185078|052.54
20032026|544421|0000000000017804|0000000003514510|0000000000039266|0000000007837100|045.34
20032026|544422|0000000000001200|0000000000077400|0000000000001200|0000000000077400|100.00
20032026|544423|0000000000010927|0000000003234392|0000000000011599|0000000003451333|094.21
20032026|544424|0000000000004434|0000000000190529|0000000000004654|0000000000198882|095.27
20032026|544425|0000000000006000|0000000000587100|0000000000006000|0000000000587100|100.00
20032026|544426|0000000000004800|0000000000257040|0000000000006000|0000000000324300|080.00
20032026|544427|0000000000006790|0000000000065863|0000000000008621|0000000000082157|078.76
20032026|544428|0000000000004800|0000000000224736|0000000000004800|0000000000224736|100.00
20032026|544429|0000000000025117|0000000015926690|0000000000047933|0000000030463212|052.40
20032026|544430|0000000000027440|0000000002584848|0000000000051064|0000000004809194|053.74
20032026|544431|0000000000003000|0000000000282000|0000000000005000|0000000000464750|060.00
20032026|544432|0000000000007744|0000000000454341|0000000000008918|0000000000519193|086.84
20032026|544433|0000000000027600|0000000000393300|0000000000028800|0000000000405972|095.83
20032026|544434|0000000000044000|0000000003784000|0000000000050400|0000000004329984|087.30
20032026|544435|0000000000024000|0000000002696400|0000000000027200|0000000003095880|088.24
20032026|544436|0000000000004800|0000000000172560|0000000000004800|0000000000171900|100.00
20032026|544437|0000000000012000|0000000000592416|0000000000012000|0000000000592416|100.00
20032026|544438|0000000000001287|0000000000014466|0000000000002277|0000000000025751|056.52
20032026|544439|0000000000012173|0000000002460164|0000000000020244|0000000004099451|060.13
20032026|544440|0000000000016500|0000000002697750|0000000000024000|0000000003911400|068.75
20032026|544441|0000000000050400|0000000003732624|0000000000056800|0000000004233576|088.73
20032026|544442|0000000000015000|0000000001490700|0000000000015000|0000000001541868|100.00
20032026|544443|0000000000000318|0000000000354920|0000000000000567|0000000000632219|056.08
20032026|544444|0000000000028800|0000000001904832|0000000000032400|0000000002128512|088.89
20032026|544445|0000000000009000|0000000000631350|0000000000009000|0000000000656250|100.00
20032026|544446|0000000000177627|0000000026803915|0000000000179137|0000000027134178|099.16
20032026|544447|0000000000007044|0000000002776041|0000000000009445|0000000003840869|074.58
20032026|544448|0000000000000175|0000000000172305|0000000000000215|0000000000212485|081.40
20032026|544449|0000000000003628|0000000002343326|0000000000006013|0000000003879194|060.34
20032026|544450|0000000000001301|0000000000164577|0000000000001317|0000000000164994|098.79
20032026|544451|0000000000396400|0000000095492760|0000000000397200|0000000095333120|099.80
20032026|544452|0000000000004000|0000000000216000|0000000000004000|0000000000211400|100.00
20032026|544453|0000000000013200|0000000002494800|0000000000016200|0000000003068460|081.48
20032026|544454|0000000000005069|0000000000755788|0000000000008001|0000000001223100|063.35
20032026|544455|0000000000025670|0000000009773853|0000000000044077|0000000017313869|058.24
20032026|544456|0000000000097538|0000000004184381|0000000000097538|0000000004184380|100.00
20032026|544457|0000000000008060|0000000000480941|0000000000012426|0000000000744828|064.86
20032026|544458|0000000000084500|0000000015814175|0000000000097500|0000000018284400|086.67
20032026|544459|0000000000006633|0000000001225779|0000000000008355|0000000001555684|079.39
20032026|544460|0000000000046400|0000000002943616|0000000000049600|0000000003215296|093.55
20032026|544461|0000000000000116|0000000000017116|0000000000000119|0000000000017560|097.48
20032026|544463|0000000000038400|0000000002188800|0000000000039600|0000000002252604|096.97
20032026|544464|0000000000008000|0000000000429600|0000000000008000|0000000000436200|100.00
20032026|544465|0000000000016353|0000000001354029|0000000000019571|0000000001610790|083.56
20032026|544466|0000000000002980|0000000005115319|0000000000007001|0000000012031308|042.57
20032026|544467|0000000000255700|0000000222816980|0000000000431054|0000000378879401|059.32
20032026|544468|0000000000001200|0000000000123600|0000000000001200|0000000000123600|100.00
20032026|544469|0000000000043203|0000000004968345|0000000000075693|0000000008800200|057.08
20032026|544470|0000000000006175|0000000001672808|0000000000009711|0000000002664793|063.59
20032026|544471|0000000000036000|0000000000995040|0000000000038000|0000000001057060|094.74
20032026|544472|0000000000009600|0000000000568800|0000000000009600|0000000000600576|100.00
20032026|544473|0000000000358213|0000000003732580|0000000000387690|0000000004098665|092.40
20032026|544475|0000000000046000|0000000001196000|0000000000050000|0000000001318500|092.00
20032026|544476|0000000000002634|0000000001608057|0000000000004846|0000000002973461|054.35
20032026|544477|0000000000006565|0000000000316893|0000000000011103|0000000000539869|059.13
20032026|544479|0000000000295217|0000000062246505|0000000000300390|0000000064216257|098.28
20032026|544480|0000000000055351|0000000006417949|0000000000139618|0000000016330478|039.64
20032026|544481|0000000000222425|0000000026072659|0000000000333369|0000000039042871|066.72
20032026|544482|0000000000061000|0000000003528240|0000000000073000|0000000004182630|083.56
20032026|544483|0000000000037200|0000000001266660|0000000000050400|0000000001771632|073.81
20032026|544484|0000000000024918|0000000013625163|0000000000039737|0000000021656075|062.71
20032026|544485|0000000000078972|0000000005522512|0000000000107885|0000000007669240|073.20
20032026|544486|0000000000000743|0000000000022253|0000000000000760|0000000000022746|097.76
20032026|544487|0000000000001327|0000000000222870|0000000000001804|0000000000308175|073.56
20032026|544488|0000000000056237|0000000010822811|0000000000138169|0000000026705228|040.70
20032026|544489|0000000000021600|0000000001077192|0000000000024000|0000000001184796|090.00
20032026|544490|0000000000006018|0000000002155046|0000000000008383|0000000003029551|071.79
20032026|544491|0000000000064575|0000000011001195|0000000000064575|0000000011001195|100.00
20032026|544492|0000000000001388|0000000000323196|0000000000001840|0000000000432806|075.43
20032026|544493|0000000000000252|0000000000037516|0000000000000257|0000000000038004|098.05
20032026|544494|0000000000041600|0000000000846560|0000000000041600|0000000000849296|100.00
20032026|544495|0000000000273600|0000000012722400|0000000000276000|0000000013060800|099.13
20032026|544496|0000000000076387|0000000004658844|0000000000166718|0000000010328912|045.82
20032026|544497|0000000000016317|0000000001980068|0000000000021278|0000000002539903|076.68
20032026|544498|0000000000004800|0000000000220416|0000000000004800|0000000000220400|100.00
20032026|544499|0000000000000550|0000000000090860|0000000000000664|0000000000110847|082.83
20032026|544500|0000000000130000|0000000004163900|0000000000150000|0000000004147680|086.67
20032026|544501|0000000000043000|0000000004524030|0000000000060000|0000000006433130|071.67
20032026|544502|0000000000001132|0000000000108220|0000000000001219|0000000000118203|092.86
20032026|544503|0000000000022000|0000000002320600|0000000000022000|0000000002320600|100.00
20032026|544504|0000000000012400|0000000003358540|0000000000016000|0000000004334060|077.50
20032026|544505|0000000000016000|0000000000768000|0000000000020000|0000000000967100|080.00
20032026|544506|0000000000047400|0000000005052840|0000000000067200|0000000007102980|070.54
20032026|544507|0000000000103077|0000000000919447|0000000000146531|0000000001311679|070.34
20032026|544508|0000000000006000|0000000000401940|0000000000006000|0000000000401952|100.00
20032026|544509|0000000000024000|0000000000675600|0000000000024000|0000000000677440|100.00
20032026|544510|0000000000025600|0000000002019328|0000000000025600|0000000002023952|100.00
20032026|544511|0000000000003200|0000000000433920|0000000000003200|0000000000436480|100.00
20032026|544512|0000000000044558|0000000008405867|0000000000059392|0000000011330602|075.02
20032026|544513|0000000000008515|0000000000320335|0000000000014212|0000000000541367|059.91
20032026|544515|0000000000170178|0000000019400292|0000000000551283|0000000063752360|030.87
20032026|544516|0000000000029000|0000000008185250|0000000000042000|0000000011996850|069.05
20032026|544517|0000000000000223|0000000000209409|0000000000000333|0000000000313126|066.97
20032026|544518|0000000000027200|0000000004654560|0000000000027200|0000000004654560|100.00
20032026|544519|0000000000009069|0000000001940313|0000000000019084|0000000004212237|047.52
20032026|544520|0000000000064800|0000000003008664|0000000000072000|0000000003490728|090.00
20032026|544521|0000000000002854|0000000000117785|0000000000003462|0000000000143415|082.44
20032026|544522|0000000000001014|0000000000409048|0000000000001055|0000000000427321|096.11
20032026|544523|0000000000004185|0000000000990590|0000000000010339|0000000002419614|040.48
20032026|544524|0000000000009600|0000000001642560|0000000000012800|0000000002190480|075.00
20032026|544525|0000000000015176|0000000001565405|0000000000021474|0000000002251995|070.67
20032026|544526|0000000000003360|0000000001252440|0000000000006830|0000000002559334|049.19
20032026|544527|0000000000012107|0000000014260230|0000000000020074|0000000023125508|060.31
20032026|544528|0000000000004455|0000000000772497|0000000000006867|0000000001189640|064.88
20032026|544529|0000000000004000|0000000001317200|0000000000004000|0000000001317200|100.00
20032026|544530|0000000000010115|0000000004634693|0000000000020874|0000000009778855|048.46
20032026|544531|0000000000094200|0000000012566280|0000000000099000|0000000013135890|095.15
20032026|544532|0000000000004155|0000000000663969|0000000000008741|0000000001414463|047.53
20032026|544533|0000000000013105|0000000003039705|0000000000021699|0000000005009463|060.39
20032026|544534|0000000000010440|0000000005064444|0000000000028598|0000000013888347|036.51
20032026|544535|0000000000004800|0000000000657600|0000000000008000|0000000001087840|060.00
20032026|544537|0000000000014356|0000000006331714|0000000000038760|0000000017039770|037.04
20032026|544539|0000000000001600|0000000000028960|0000000000001600|0000000000028960|100.00
20032026|544540|0000000000016216|0000000002400779|0000000000024473|0000000003696951|066.26
20032026|544541|0000000000047400|0000000006967800|0000000000049200|0000000007202130|096.34
20032026|544542|0000000000046000|0000000004061800|0000000000055000|0000000004988450|083.64
20032026|544543|0000000000002592|0000000000151244|0000000000003205|0000000000188002|080.87
20032026|544544|0000000000001200|0000000000115200|0000000000002400|0000000000226920|050.00
20032026|544545|0000000000006795|0000000002777457|0000000000016884|0000000006918462|040.25
20032026|544546|0000000000025200|0000000001229004|0000000000025200|0000000001226196|100.00
20032026|544547|0000000000013309|0000000000692335|0000000000017642|0000000000913534|075.44
20032026|544548|0000000000001600|0000000000134400|0000000000001600|0000000000134400|100.00
20032026|544550|0000000000012591|0000000002072479|0000000000025255|0000000004211430|049.86
20032026|544551|0000000000024000|0000000003592800|0000000000024000|0000000003617800|100.00
20032026|544553|0000000000001600|0000000000198880|0000000000008000|0000000001039360|020.00
20032026|544554|0000000000082000|0000000004182000|0000000000082000|0000000004163100|100.00
20032026|544555|0000000000002400|0000000000271200|0000000000003600|0000000000403200|066.67
20032026|544557|0000000000007734|0000000000333104|0000000000009449|0000000000409289|081.85
20032026|544558|0000000000003560|0000000000522074|0000000000006104|0000000000894897|058.32
20032026|544559|0000000000006400|0000000000108736|0000000000006400|0000000000105808|100.00
20032026|544561|0000000000042000|0000000000266700|0000000000060000|0000000000378300|070.00
20032026|544562|0000000000007006|0000000000680633|0000000000010147|0000000000996362|069.04
20032026|544563|0000000000032000|0000000011348700|0000000000032000|0000000011348700|100.00
20032026|544564|0000000000002989|0000000000211502|0000000000003371|0000000000241276|088.67
20032026|544565|0000000000080000|0000000003200000|0000000000084000|0000000003460600|095.24
20032026|544566|0000000000027000|0000000001997730|0000000000030000|0000000002219550|090.00
20032026|544568|0000000000020400|0000000002095080|0000000000021600|0000000002255220|094.44
20032026|544569|0000000000284500|0000000119376200|0000000000686721|0000000288383932|041.43
20032026|544570|0000000000001952|0000000000915879|0000000000004642|0000000002194903|042.05
20032026|544571|0000000000001000|0000000000066600|0000000000001000|0000000000066600|100.00
20032026|544572|0000000000000100|0000000000219130|0000000000000197|0000000000435077|050.76
20032026|544574|0000000000061849|0000000019621596|0000000000112006|0000000035262551|055.22
20032026|544575|0000000000018000|0000000000492480|0000000000018000|0000000000492750|100.00
20032026|544576|0000000000881916|0000001375392098|0000000000918110|0000001429584653|096.06
20032026|544577|0000000000000001|0000000000000126|0000000000000001|0000000000000125|100.00
20032026|544578|0000000000004510|0000000003529977|0000000000008371|0000000006506338|053.88
20032026|544579|0000000000000065|0000000000006634|0000000000000065|0000000000006632|100.00
20032026|544580|0000000000006971|0000000001655613|0000000000013328|0000000003180985|052.30
20032026|544581|0000000000011084|0000000000101973|0000000000011710|0000000000107862|094.65
20032026|544582|0000000000012000|0000000000274800|0000000000016800|0000000000381600|071.43
20032026|544583|0000000000011907|0000000001736041|0000000000021672|0000000003151219|054.94
20032026|544584|0000000000052000|0000000006986200|0000000000055000|0000000007244000|094.55
20032026|544586|0000000000151137|0000000001396506|0000000000174876|0000000001622864|086.43
20032026|544587|0000000000000947|0000000001172955|0000000000001773|0000000002225863|053.41
20032026|544594|0000000000006000|0000000000678000|0000000000006000|0000000000661800|100.00
20032026|544595|0000000000003471|0000000001973611|0000000000007606|0000000004309931|045.64
20032026|544596|0000000000004800|0000000000157632|0000000000006000|0000000000199428|080.00
20032026|544597|0000000000206433|0000000381354003|0000000000218875|0000000395110655|094.32
20032026|544598|0000000000124173|0000000000497934|0000000000126417|0000000000515147|098.22
20032026|544599|0000000000003136|0000000001534602|0000000000003883|0000000001892277|080.76
20032026|544600|0000000000582888|0000000308930640|0000000000718360|0000000369058622|081.14
20032026|544601|0000000000000220|0000000000032338|0000000000000466|0000000000068264|047.21
20032026|544603|0000000000203029|0000000032728275|0000000000592888|0000000094937319|034.24
20032026|544604|0000000000040103|0000000001442906|0000000000049639|0000000001809155|080.79
20032026|544605|0000000000038722|0000000000574248|0000000000046923|0000000000699770|082.52
20032026|544606|0000000000010654|0000000001752583|0000000000032419|0000000005435003|032.86
20032026|544608|0000000000055435|0000000012700159|0000000000165110|0000000037943115|033.57
20032026|544609|0000000000459669|0000000041305857|0000000001458561|0000000134062297|031.52
20032026|544610|0000000000007200|0000000002239200|0000000000008400|0000000002606100|085.71
20032026|544611|0000000000020400|0000000002883000|0000000000020400|0000000002883000|100.00
20032026|544612|0000000000005566|0000000003044046|0000000000022863|0000000012412069|024.34
20032026|544613|0000000000008915|0000000001801276|0000000000011292|0000000002287292|078.95
20032026|544614|0000000000000543|0000000000274949|0000000000000665|0000000000336298|081.65
20032026|544615|0000000000000576|0000000000020603|0000000000000576|0000000000020603|100.00
20032026|544616|0000000000006000|0000000000828000|0000000000007000|0000000000956300|085.71
20032026|544617|0000000000014732|0000000001128619|0000000000022920|0000000001772671|064.28
20032026|544618|0000000000000061|0000000000004557|0000000000000064|0000000000004783|095.31
20032026|544619|0000000000001536|0000000000942413|0000000000002396|0000000001471570|064.11
20032026|544621|0000000000014000|0000000000791000|0000000000019000|0000000001071460|073.68
20032026|544622|0000000000499071|0000000011758113|0000000000882390|0000000020917786|056.56
20032026|544624|0000000000024000|0000000000249120|0000000000033000|0000000000343590|072.73
20032026|544625|0000000000005400|0000000000203364|0000000000005400|0000000000203364|100.00
20032026|544626|0000000000042000|0000000015481200|0000000000050000|0000000018686550|084.00
20032026|544627|0000000000037000|0000000004199500|0000000000037000|0000000004203450|100.00
20032026|544628|0000000000006000|0000000000101940|0000000000006000|0000000000101940|100.00
20032026|544629|0000000000027000|0000000004288950|0000000000038000|0000000006044150|071.05
20032026|544630|0000000000010800|0000000001242000|0000000000012000|0000000001363740|090.00
20032026|544631|0000000000000791|0000000000457634|0000000000000904|0000000000534388|087.50
20032026|544632|0000000000115560|0000000016709976|0000000000200125|0000000029002544|057.74
20032026|544633|0000000000041825|0000000002262315|0000000000119369|0000000006559607|035.04
20032026|544634|0000000000007828|0000000000965193|0000000000017283|0000000002147300|045.29
20032026|544635|0000000000019200|0000000001157184|0000000000024000|0000000001435360|080.00
20032026|544636|0000000000006000|0000000000107880|0000000000010000|0000000000184340|060.00
20032026|544637|0000000000020400|0000000002042040|0000000000029400|0000000003004830|069.39
20032026|544638|0000000000000757|0000000000109940|0000000000001130|0000000000165547|066.99
20032026|544639|0000000000002585|0000000000594654|0000000000009756|0000000002257688|026.50
20032026|544640|0000000000004800|0000000000165072|0000000000004800|0000000000164736|100.00
20032026|544641|0000000000037200|0000000007689240|0000000000046800|0000000009669270|079.49
20032026|544642|0000000000002460|0000000000395445|0000000000005668|0000000000906239|043.40
20032026|544643|0000000000146000|0000000027869850|0000000000146000|0000000027869850|100.00
20032026|544644|0000000000000684|0000000001124975|0000000000001361|0000000002220124|050.26
20032026|544645|0000000000027741|0000000005521847|0000000000054778|0000000010957841|050.64
20032026|544646|0000000000250000|0000000001042500|0000000000260000|0000000001130400|096.15
20032026|544647|0000000000002364|0000000001257885|0000000000007103|0000000003822121|033.28
20032026|544648|0000000000002000|0000000000116000|0000000000002000|0000000000116000|100.00
20032026|544654|0000000000022912|0000000000343680|0000000000024567|0000000000374139|093.26
20032026|544655|0000000000001104|0000000000022390|0000000000001104|0000000000022388|100.00
20032026|544656|0000000000097200|0000000025892880|0000000000097200|0000000025892880|100.00
20032026|544657|0000000000016800|0000000003105720|0000000000016800|0000000003105720|100.00
20032026|544658|0000000000007027|0000000019693519|0000000000016054|0000000045459290|043.77
20032026|544659|0000000000004000|0000000000134000|0000000000004000|0000000000134000|100.00
20032026|544660|0000000000001158|0000000000009774|0000000000001158|0000000000009792|100.00
20032026|544661|0000000000000320|0000000000010983|0000000000000326|0000000000011172|098.16
20032026|544662|0000000000031023|0000000003896819|0000000000031023|0000000003896819|100.00
20032026|544663|0000000000128000|0000000006016000|0000000000272000|0000000013113220|047.06
20032026|544664|0000000000018005|0000000007812370|0000000000031845|0000000013623726|056.54
20032026|544666|0000000000016967|0000000001798502|0000000000021725|0000000002296734|078.10
20032026|544667|0000000000002400|0000000000134520|0000000000004800|0000000000278220|050.00
20032026|544668|0000000000000600|0000000000175680|0000000000000600|0000000000175680|100.00
20032026|544669|0000000000001200|0000000000235500|0000000000001200|0000000000235500|100.00
20032026|544670|0000000000053400|0000000009879000|0000000000054000|0000000009981270|098.89
20032026|544671|0000000000004000|0000000000342400|0000000000004000|0000000000339100|100.00
20032026|544672|0000000000000105|0000000000015372|0000000000000112|0000000000016400|093.75
20032026|544673|0000000000001600|0000000000102400|0000000000001600|0000000000102400|100.00
20032026|544674|0000000000000426|0000000000027516|0000000000000446|0000000000028683|095.52
20032026|544675|0000000000008000|0000000000387600|0000000000011200|0000000000556400|071.43
20032026|544676|0000000000043200|0000000001905120|0000000000048800|0000000002143552|088.52
20032026|544677|0000000000036800|0000000003054400|0000000000038400|0000000003190400|095.83
20032026|544678|0000000000288869|0000000009804214|0000000000568411|0000000019385647|050.82
20032026|544679|0000000000001815|0000000000628626|0000000000004970|0000000001742228|036.52
20032026|544680|0000000000002160|0000000000352080|0000000000002400|0000000000390888|090.00
20032026|544681|0000000000006000|0000000000888000|0000000000007000|0000000001038000|085.71
20032026|544682|0000000000001200|0000000000109800|0000000000001200|0000000000109800|100.00
20032026|544683|0000000000012000|0000000000184680|0000000000021000|0000000000324600|057.14
20032026|544684|0000000000006000|0000000000528000|0000000000008400|0000000000738588|071.43
20032026|544685|0000000000048019|0000000005375728|0000000000094958|0000000010611920|050.57
20032026|544686|0000000000012000|0000000001714200|0000000000024000|0000000003397400|050.00
20032026|544687|0000000000026000|0000000001539200|0000000000028000|0000000001666380|092.86
20032026|544693|0000000000003200|0000000000093120|0000000000004800|0000000000140464|066.67
20032026|544694|0000000000015000|0000000002925000|0000000000016000|0000000002879900|093.75
20032026|544695|0000000000028000|0000000003113600|0000000000029000|0000000003242050|096.55
20032026|544698|0000000000001600|0000000000089568|0000000000001600|0000000000089568|100.00
20032026|544699|0000000000003850|0000000000414068|0000000000014536|0000000001558082|026.49
20032026|544700|0000000000009383|0000000007720802|0000000000027031|0000000022139477|034.71
20032026|544701|0000000000000278|0000000000005027|0000000000000278|0000000000005028|100.00
20032026|544702|0000000000017222|0000000001531975|0000000000017222|0000000001531975|100.00
20032026|544703|0000000000016119|0000000000357520|0000000000018627|0000000000413329|086.54
20032026|544704|0000000000000366|0000000000003935|0000000000000366|0000000000003937|100.00
20032026|544705|0000000000004284|0000000000272034|0000000000007476|0000000000480853|057.30
20032026|544707|0000000000021000|0000000004536000|0000000000030600|0000000006585720|068.63
20032026|544708|0000000000018000|0000000000761400|0000000000018000|0000000000761400|100.00
20032026|544709|0000000000041940|0000000003234833|0000000000096959|0000000007697814|043.26
20032026|544710|0000000000039000|0000000001815450|0000000000072000|0000000003332010|054.17
20032026|544711|0000000000044000|0000000002255000|0000000000044000|0000000002255000|100.00
20032026|544716|0000000000020452|0000000000996013|0000000000044035|0000000002192332|046.44
20032026|544717|0000000000017207|0000000015155926|0000000000032554|0000000028162114|052.86
20032026|544718|0000000000002968|0000000001095192|0000000000006251|0000000002301120|047.48
20032026|544719|0000000000000001|0000000000000165|0000000000000001|0000000000000164|100.00
20032026|544720|0000000000067395|0000000016427532|0000000000171397|0000000042040225|039.32
20032026|544721|0000000000007420|0000000000334271|0000000000008637|0000000000389175|085.91
20032026|544722|0000000000001001|0000000000057068|0000000000001001|0000000000057452|100.00
20032026|544723|0000000000008184|0000000012324695|0000000000032954|0000000049849398|024.83
20032026|544724|0000000000096000|0000000004821960|0000000000096000|0000000004821960|100.00
20032026|544725|0000000000000180|0000000000002942|0000000000000180|0000000000002948|100.00
20032026|544726|0000000000005364|0000000002009891|0000000000005642|0000000002088155|095.07
20032026|544731|0000000000035095|0000000003976264|0000000000163307|0000000018883190|021.49
20032026|555555|0000000000000889|0000000000759820|0000000000001636|0000000001400763|054.34
20032026|570002|0000000000000374|0000000000000994|0000000000000374|0000000000000994|100.00
20032026|570004|0000000000010007|0000000000218453|0000000000010221|0000000000215571|097.91
20032026|570005|0000000000013784|0000000000005376|0000000000013890|0000000000005524|099.24
20032026|590003|0000000000058247|0000000015377208|0000000000116395|0000000031224463|050.04
20032026|590005|0000000000003645|0000000004855140|0000000000003985|0000000005305123|091.47
20032026|590006|0000000000002742|0000000001407743|0000000000003386|0000000001740334|080.98
20032026|590013|0000000000001167|0000000001167292|0000000000002485|0000000002481465|046.96
20032026|590018|0000000000002496|0000000000351437|0000000000002498|0000000000354426|099.92
20032026|590021|0000000000000705|0000000000900215|0000000000001306|0000000001678112|053.98
20032026|590024|0000000000011065|0000000008758501|0000000000021616|0000000017390062|051.19
20032026|590025|0000000000001187|0000000000044857|0000000000002913|0000000000108890|040.75
20032026|590030|0000000000022761|0000000001402989|0000000000043607|0000000002703010|052.20
20032026|590031|0000000000000148|0000000000103356|0000000000000200|0000000000141984|074.00
20032026|590041|0000000000006530|0000000000407579|0000000000006530|0000000000407579|100.00
20032026|590051|0000000000010521|0000000001257786|0000000000018237|0000000002186136|057.69
20032026|590057|0000000000000578|0000000000010420|0000000000000578|0000000000010420|100.00
20032026|590062|0000000000012911|0000000000916165|0000000000023406|0000000001651950|055.16
20032026|590065|0000000000000263|0000000000263500|0000000000000282|0000000000282499|093.26
20032026|590066|0000000000011988|0000000001653745|0000000000019862|0000000002754128|060.36
20032026|590068|0000000000000106|0000000000010125|0000000000000106|0000000000010124|100.00
20032026|590070|0000000000003593|0000000000010276|0000000000003950|0000000000011437|090.96
20032026|590071|0000000000001328|0000000006207072|0000000000003171|0000000014898601|041.88
20032026|590072|0000000000000002|0000000000001061|0000000000000002|0000000000001060|100.00
20032026|590073|0000000000002972|0000000003045260|0000000000004807|0000000004849867|061.83
20032026|590075|0000000000000275|0000000000026400|0000000000000275|0000000000026857|100.00
20032026|590078|0000000000003252|0000000003030539|0000000000004559|0000000004197929|071.33
20032026|590086|0000000000001074|0000000003867045|0000000000002797|0000000010265467|038.40
20032026|590095|0000000001128827|0000000136655797|0000000002578270|0000000313370680|043.78
20032026|590096|0000000000123550|0000000123551236|0000000000368790|0000000368789861|033.50
20032026|590097|0000000000082990|0000000010164616|0000000000252348|0000000030979350|032.89
20032026|590098|0000000000220655|0000000027553190|0000000000510322|0000000063912233|043.24
20032026|590099|0000000000013224|0000000001605526|0000000000025580|0000000003118362|051.70
20032026|590101|0000000000025969|0000000003191071|0000000000048313|0000000005961329|053.75
20032026|590103|0000000000218319|0000000057243242|0000000000360409|0000000094917720|060.58
20032026|590104|0000000000013790|0000000009498828|0000000000028140|0000000019552626|049.00
20032026|590106|0000000000016745|0000000009235035|0000000000033970|0000000018875812|049.29
20032026|590107|0000000000001142|0000000000979620|0000000000001834|0000000001584007|062.27
20032026|590108|0000000000196880|0000000018780384|0000000000278954|0000000026783507|070.58
20032026|590109|0000000000000601|0000000000269206|0000000000001102|0000000000490829|054.54
20032026|590110|0000000000000429|0000000000108499|0000000000000496|0000000000126039|086.49
20032026|590113|0000000000006723|0000000003298640|0000000000009571|0000000004745642|070.24
20032026|590115|0000000000000574|0000000000138943|0000000000000749|0000000000181549|076.64
20032026|590134|0000000000002466|0000000000150426|0000000000003075|0000000000189266|080.20
20032026|590136|0000000000053842|0000000002972617|0000000000060596|0000000003368414|088.85
20032026|590137|0000000000009057|0000000004953455|0000000000009355|0000000005174403|096.81
20032026|590138|0000000000023000|0000000005693650|0000000000036040|0000000008954970|063.82
20032026|590139|0000000000003037|0000000003329555|0000000000003607|0000000003954401|084.20
20032026|590140|0000000002813461|0000000040091820|0000000008086101|0000000115616086|034.79
20032026|590141|0000000000534578|0000000017154609|0000000000972991|0000000031310097|054.94
20032026|590142|0000000000043169|0000000001001521|0000000000074852|0000000001728604|057.67
20032026|590143|0000000000039731|0000000001164913|0000000000040584|0000000001190217|097.90
20032026|590144|0000000000026093|0000000005452133|0000000000033979|0000000007154310|076.79
20032026|590145|0000000001218649|0000000267859051|0000000003086874|0000000686223080|039.48
20032026|590146|0000000000002391|0000000000346193|0000000000004093|0000000000594955|058.42
20032026|590147|0000000000000356|0000000000082016|0000000000000703|0000000000162745|050.64
20032026|590148|0000000000229114|0000000003406926|0000000000251427|0000000003755100|091.13
20032026|590149|0000000000032289|0000000001439121|0000000000040350|0000000001813747|080.02
20032026|590150|0000000000012554|0000000000875516|0000000000013310|0000000000938304|094.32
20032026|590151|0000000000031324|0000000001481626|0000000000032804|0000000001559572|095.49
20032026|590152|0000000000102596|0000000008747335|0000000000118719|0000000010202333|086.42
20032026|590153|0000000000180663|0000000003940261|0000000000229557|0000000005011987|078.70
20032026|590154|0000000000024979|0000000001118310|0000000000042110|0000000001894553|059.32
20032026|717506|0000000000580054|0000000005881748|0000000000586203|0000000005948057|098.95
20032026|751095|0000000000006694|0000000000138154|0000000000006694|0000000000138154|100.00
20032026|751096|0000000003854479|0000000000154179|0000000003854479|0000000000154179|100.00
20032026|751099|0000000000047469|0000000001290381|0000000000047469|0000000001290381|100.00
20032026|751101|0000000000015647|0000000000077093|0000000000015647|0000000000077093|100.00
20032026|751102|0000000000038229|0000000000087162|0000000000038229|0000000000087162|100.00
20032026|751103|0000000000145920|0000000000078796|0000000000145920|0000000000078796|100.00
20032026|800288|0000000000000002|0000000000028652|0000000000000003|0000000000042980|066.67
20032026|800289|0000000000000011|0000000000156365|0000000000000013|0000000000189520|084.62
20032026|800290|0000000000000011|0000000000155599|0000000000000011|0000000000156730|100.00
20032026|800291|0000000000000002|0000000000029212|0000000000000002|0000000000029212|100.00
20032026|800295|0000000000000002|0000000000028300|0000000000000004|0000000000056701|050.00
20032026|800296|0000000000000016|0000000000229648|0000000000000016|0000000000227208|100.00
20032026|800297|0000000000000067|0000000000955487|0000000000000089|0000000001290240|075.28
20032026|800301|0000000000000016|0000000000227960|0000000000000020|0000000000283682|080.00
20032026|800302|0000000000000014|0000000000198534|0000000000000014|0000000000198030|100.00
20032026|800303|0000000000000009|0000000000127575|0000000000000009|0000000000127511|100.00
20032026|800312|0000000000000038|0000000000536560|0000000000000048|0000000000692808|079.17
20032026|800313|0000000000000005|0000000000078475|0000000000000008|0000000000118110|062.50
20032026|800314|0000000000000030|0000000000426750|0000000000000035|0000000000501802|085.71
20032026|800315|0000000000000017|0000000000241757|0000000000000019|0000000000270466|089.47
20032026|800318|0000000000000200|0000000002869800|0000000000000364|0000000005285864|054.94
20032026|800320|0000000000000088|0000000001249600|0000000000000104|0000000001499643|084.62
20032026|800322|0000000000000061|0000000000872117|0000000000000073|0000000001048959|083.56
20032026|800324|0000000000000190|0000000002714766|0000000000000199|0000000002874336|095.48
20032026|800325|0000000000000459|0000000006574716|0000000000000579|0000000008389037|079.27
20032026|800327|0000000000000122|0000000001731948|0000000000000132|0000000001895997|092.42
20032026|800328|0000000000000182|0000000002604542|0000000000000201|0000000002886749|090.55
20032026|800329|0000000000000060|0000000000859920|0000000000000077|0000000001110949|077.92
20032026|800331|0000000000000214|0000000003058060|0000000000000234|0000000003385088|091.45
20032026|800332|0000000000000003|0000000000044808|0000000000000003|0000000000044807|100.00
20032026|800333|0000000000000027|0000000000388397|0000000000000028|0000000000409249|096.43
20032026|800334|0000000000000011|0000000000001008|0000000000000011|0000000000001007|100.00
20032026|800339|0000000000000146|0000000002087946|0000000000000173|0000000002494049|084.39
20032026|800340|0000000000000235|0000000003364930|0000000000000345|0000000005011051|068.12
20032026|800341|0000000000000031|0000000000442456|0000000000000042|0000000000608525|073.81
20032026|800342|0000000000000029|0000000000416875|0000000000000029|0000000000423549|100.00
20032026|800367|0000000000000011|0000000000157883|0000000000000013|0000000000188425|084.62
20032026|800385|0000000000000117|0000000001686454|0000000000000166|0000000002441014|070.48
20032026|800386|0000000000000104|0000000001489534|0000000000000118|0000000001718455|088.14
20032026|800428|0000000000000719|0000000000054644|0000000000000719|0000000000054644|100.00
20032026|800434|0000000000000050|0000000000716250|0000000000000088|0000000001280411|056.82
20032026|800435|0000000000023756|0000000002280576|0000000000023756|0000000002279870|100.00
20032026|800437|0000000000000170|0000000002444131|0000000000000212|0000000003033574|080.19
20032026|800438|0000000000000009|0000000000132066|0000000000000011|0000000000162041|081.82
20032026|800439|0000000000000008|0000000000118560|0000000000000008|0000000000118905|100.00
20032026|800441|0000000000012520|0000000001343396|0000000000012744|0000000001368444|098.24
20032026|800443|0000000000000011|0000000000162492|0000000000000012|0000000000180409|091.67
20032026|800488|0000000000000128|0000000001883307|0000000000000155|0000000002290812|082.58
20032026|800520|0000000000005200|0000000000535860|0000000000005200|0000000000535850|100.00
20032026|800573|0000000000000142|0000000002105307|0000000000000203|0000000003014982|069.95
20032026|800575|0000000000000068|0000000001008615|0000000000000089|0000000001323844|076.40
20032026|800580|0000000000000062|0000000000921506|0000000000000064|0000000000957572|096.88
20032026|800596|0000000000000515|0000000007650985|0000000000000671|0000000010013820|076.75
20032026|800603|0000000000000147|0000000002197271|0000000000000203|0000000003046318|072.41
20032026|800605|0000000000000250|0000000003810395|0000000000000331|0000000005078716|075.53
20032026|800607|0000000000012096|0000000001209600|0000000000012096|0000000001210968|100.00
20032026|800624|0000000000506100|0000000025730124|0000000000506100|0000000025730124|100.00
20032026|800627|0000000000506100|0000000023007306|0000000000506100|0000000023007306|100.00
20032026|800628|0000000001012200|0000000044324238|0000000001012200|0000000044324238|100.00
20032026|800632|0000000000506100|0000000018912957|0000000000506100|0000000018912957|100.00
20032026|800808|0000000000001110|0000000000104707|0000000000001110|0000000000104730|100.00
20032026|800809|0000000000001096|0000000000107956|0000000000001096|0000000000107806|100.00
20032026|800815|0000000000003600|0000000000363420|0000000000003600|0000000000363420|100.00
20032026|805160|0000000000000400|0000000000039996|0000000000000400|0000000000039996|100.00
20032026|805163|0000000000000100|0000000000009924|0000000000000100|0000000000009924|100.00
20032026|805172|0000000000000100|0000000000009900|0000000000000100|0000000000009902|100.00
20032026|805175|0000000000000100|0000000000009887|0000000000000100|0000000000009887|100.00
20032026|810861|0000000000005500|0000000000556325|0000000000005500|0000000000556325|100.00
20032026|811064|0000000000000005|0000000000000500|0000000000000005|0000000000000500|100.00
20032026|890197|0000000000083467|0000000000085137|0000000000092541|0000000000094323|090.19
20032026|890217|0000000000000428|0000000000025252|0000000000000431|0000000000024381|099.30
20032026|890220|0000000000002500|0000000000022350|0000000000002500|0000000000022350|100.00
20032026|890221|0000000000000383|0000000000038722|0000000000000395|0000000000040278|096.96
20032026|890226|0000000000000237|0000000000003861|0000000000000372|0000000000006184|063.71
20032026|890228|0000000000001181|0000000000009874|0000000000001181|0000000000009915|100.00
20032026|890230|0000000000001962|0000000000229260|0000000000001983|0000000000249429|098.94
20032026|890232|0000000000000112|0000000000011990|0000000000000112|0000000000011989|100.00
20032026|890233|0000000003913974|0000000004187953|0000000003959406|0000000004246097|098.85
20032026|912254|0000000000000003|0000000000293670|0000000000000003|0000000000293669|100.00
20032026|935514|0000000000000139|0000000000163339|0000000000000139|0000000000163338|100.00
20032026|935548|0000000000000043|0000000000049571|0000000000000043|0000000000049570|100.00
20032026|935574|0000000000000037|0000000000040915|0000000000000037|0000000000040914|100.00
20032026|935584|0000000000001552|0000000001674608|0000000000001552|0000000001677578|100.00
20032026|935612|0000000000000707|0000000000773989|0000000000000707|0000000000773986|100.00
20032026|935642|0000000000000001|0000000000001095|0000000000000001|0000000000001094|100.00
20032026|935666|0000000000002100|0000000002360400|0000000000002100|0000000002359894|100.00
20032026|935682|0000000000000345|0000000000383985|0000000000000345|0000000000383985|100.00
20032026|935690|0000000000001110|0000000001204350|0000000000001110|0000000001207101|100.00
20032026|935752|0000000000000502|0000000000534630|0000000000000537|0000000000569608|093.48
20032026|935760|0000000000000020|0000000000045500|0000000000000020|0000000000045500|100.00
20032026|935856|0000000000000001|0000000000001020|0000000000000001|0000000000001020|100.00
20032026|936048|0000000000000190|0000000000191881|0000000000000190|0000000000191006|100.00
20032026|936224|0000000000000043|0000000000046268|0000000000000043|0000000000046268|100.00
20032026|936252|0000000000000100|0000000000099200|0000000000000125|0000000000123899|080.00
20032026|936320|0000000000000002|0000000000002050|0000000000000002|0000000000002050|100.00
20032026|936384|0000000000000930|0000000000953250|0000000000000930|0000000000959650|100.00
20032026|936412|0000000000000493|0000000000497216|0000000000000493|0000000000497566|100.00
20032026|936416|0000000000000330|0000000000340485|0000000000000380|0000000000393049|086.84
20032026|936460|0000000000000060|0000000000063060|0000000000000060|0000000000063060|100.00
20032026|936476|0000000000000010|0000000000010160|0000000000000010|0000000000010160|100.00
20032026|936492|0000000000000001|0000000000001961|0000000000000001|0000000000001961|100.00
20032026|936532|0000000000000007|0000000000007469|0000000000000007|0000000000007547|100.00
20032026|936634|0000000000000005|0000000000005250|0000000000000005|0000000000005250|100.00
20032026|936722|0000000000000400|0000000000394080|0000000000000550|0000000000541860|072.73
20032026|936810|0000000000000033|0000000000034815|0000000000000033|0000000000034815|100.00
20032026|936959|0000000000000020|0000000000037464|0000000000000036|0000000000067787|055.56
20032026|937093|0000000000000022|0000000000022047|0000000000000044|0000000000044094|050.00
20032026|937369|0000000000001250|0000000001218750|0000000000001350|0000000001284000|092.59
20032026|937373|0000000000000050|0000000000048950|0000000000000050|0000000000048950|100.00
20032026|937381|0000000000000005|0000000000005000|0000000000000010|0000000000010054|050.00
20032026|937385|0000000000005185|0000000005138335|0000000000005385|0000000005331375|096.29
20032026|937453|0000000000000050|0000000000049250|0000000000000050|0000000000049250|100.00
20032026|937455|0000000000000124|0000000000123132|0000000000000124|0000000000123132|100.00
20032026|937467|0000000000000102|0000000000109222|0000000000000102|0000000000109221|100.00
20032026|937495|0000000000000124|0000000000122785|0000000000000124|0000000000122784|100.00
20032026|937497|0000000000000080|0000000000086268|0000000000000080|0000000000086118|100.00
20032026|937525|0000000000000010|0000000000010628|0000000000000010|0000000000010628|100.00
20032026|937541|0000000000000010|0000000000010110|0000000000000010|0000000000010110|100.00
20032026|937581|0000000000000120|0000000000126966|0000000000000170|0000000000179869|070.59
20032026|937631|0000000000000021|0000000000020895|0000000000000021|0000000000020895|100.00
20032026|937633|0000000000000012|0000000000012480|0000000000000024|0000000000024899|050.00
20032026|937635|0000000000000110|0000000000164208|0000000000000110|0000000000164208|100.00
20032026|937637|0000000000000021|0000000000020685|0000000000000021|0000000000020681|100.00
20032026|937707|0000000000000100|0000000000101300|0000000000000100|0000000000101300|100.00
20032026|937721|0000000000000437|0000000000430445|0000000000000500|0000000000492900|087.40
20032026|937799|0000000000000230|0000000000225860|0000000000000230|0000000000226010|100.00
20032026|937805|0000000000000260|0000000000251420|0000000000000260|0000000000251420|100.00
20032026|937939|0000000000000200|0000000000175200|0000000000000200|0000000000175200|100.00
20032026|937971|0000000000000001|0000000000001000|0000000000000001|0000000000000999|100.00
20032026|937999|0000000000000017|0000000000016826|0000000000000017|0000000000016592|100.00
20032026|938005|0000000000000123|0000000000119323|0000000000000123|0000000000119322|100.00
20032026|938007|0000000000000040|0000000000041158|0000000000000040|0000000000041080|100.00
20032026|938055|0000000000000001|0000000000001357|0000000000000001|0000000000001356|100.00
20032026|938067|0000000000000004|0000000000003604|0000000000000004|0000000000003604|100.00
20032026|938220|0000000000000010|0000000000010000|0000000000000010|0000000000010000|100.00
20032026|938224|0000000000000117|0000000000037908|0000000000000117|0000000000037908|100.00
20032026|938364|0000000000000100|0000000000099900|0000000000000100|0000000000099900|100.00
20032026|938368|0000000000000019|0000000000025061|0000000000000019|0000000000025061|100.00
20032026|938370|0000000000000118|0000000000116702|0000000000000118|0000000000116801|100.00
20032026|938382|0000000000000644|0000000000635912|0000000000000734|0000000000722899|087.74
20032026|938384|0000000000000100|0000000000099000|0000000000000100|0000000000099000|100.00
20032026|938386|0000000000000010|0000000000012700|0000000000000010|0000000000012700|100.00
20032026|938444|0000000000004403|0000000005564952|0000000000004403|0000000005553679|100.00
20032026|938484|0000000000000253|0000000000106513|0000000000000253|0000000000106513|100.00
20032026|938518|0000000000000137|0000000000135767|0000000000000137|0000000000135767|100.00
20032026|938520|0000000000000110|0000000000118690|0000000000000110|0000000000118690|100.00
20032026|938524|0000000000000133|0000000000132675|0000000000000133|0000000000132689|100.00
20032026|938530|0000000000000101|0000000000099990|0000000000000101|0000000000099990|100.00
20032026|938550|0000000000000179|0000000000177783|0000000000000200|0000000000198237|089.50
20032026|938556|0000000000000360|0000000000380952|0000000000000380|0000000000405353|094.74
20032026|938558|0000000000000010|0000000000010510|0000000000000010|0000000000010510|100.00
20032026|938560|0000000000000970|0000000001215410|0000000000000970|0000000001213433|100.00
20032026|938570|0000000000000018|0000000000017982|0000000000000018|0000000000017982|100.00
20032026|938604|0000000000000005|0000000000004950|0000000000000005|0000000000004950|100.00
20032026|938618|0000000000000005|0000000000005005|0000000000000005|0000000000005005|100.00
20032026|938628|0000000000000080|0000000000084224|0000000000000080|0000000000084224|100.00
20032026|938634|0000000000000605|0000000000654610|0000000000000605|0000000000654610|100.00
20032026|938652|0000000000000622|0000000000616402|0000000000000622|0000000000616402|100.00
20032026|938658|0000000000000002|0000000000001998|0000000000000002|0000000000001998|100.00
20032026|938666|0000000000000005|0000000000005125|0000000000000005|0000000000005125|100.00
20032026|938716|0000000000000099|0000000000102465|0000000000000099|0000000000102465|100.00
20032026|938772|0000000000000025|0000000000025755|0000000000000025|0000000000025755|100.00
20032026|938776|0000000000000500|0000000000488500|0000000000000520|0000000000470040|096.15
20032026|938800|0000000000000284|0000000000350740|0000000000000284|0000000000350740|100.00
20032026|938820|0000000000000100|0000000000033334|0000000000000100|0000000000033334|100.00
20032026|938874|0000000000000002|0000000000002022|0000000000000002|0000000000002036|100.00
20032026|938906|0000000000000120|0000000000122016|0000000000000220|0000000000222036|054.55
20032026|938912|0000000000000230|0000000000234163|0000000000000230|0000000000234102|100.00
20032026|938958|0000000000000220|0000000000233200|0000000000000220|0000000000233273|100.00
20032026|939002|0000000000000001|0000000000000900|0000000000000001|0000000000000900|100.00
20032026|939030|0000000000000005|0000000000005005|0000000000000005|0000000000005005|100.00
20032026|939052|0000000000000100|0000000000101022|0000000000000100|0000000000101022|100.00
20032026|939082|0000000000000020|0000000000019800|0000000000000020|0000000000019815|100.00
20032026|939148|0000000000000200|0000000000202000|0000000000000200|0000000000201900|100.00
20032026|939152|0000000000000003|0000000000003030|0000000000000003|0000000000003030|100.00
20032026|939164|0000000000000071|0000000000070787|0000000000000071|0000000000070787|100.00
20032026|939190|0000000000000561|0000000000555542|0000000000000561|0000000000555544|100.00
20032026|939198|0000000000000009|0000000000008644|0000000000000009|0000000000008643|100.00
20032026|939208|0000000000000060|0000000000060060|0000000000000060|0000000000060060|100.00
20032026|939234|0000000000000035|0000000000034825|0000000000000035|0000000000034825|100.00
20032026|939236|0000000000000007|0000000000006377|0000000000000007|0000000000006377|100.00
20032026|939266|0000000000000025|0000000000027750|0000000000000025|0000000000027750|100.00
20032026|939311|0000000000000090|0000000000092250|0000000000000090|0000000000092250|100.00
20032026|939335|0000000000000140|0000000000140700|0000000000000140|0000000000148630|100.00
20032026|939403|0000000000000020|0000000000021440|0000000000000020|0000000000021440|100.00
20032026|939407|0000000000000066|0000000000065340|0000000000000066|0000000000065340|100.00
20032026|939449|0000000000000100|0000000000099000|0000000000000100|0000000000099000|100.00
20032026|939451|0000000000000752|0000000000809754|0000000000000752|0000000000809753|100.00
20032026|939533|0000000000000026|0000000000025350|0000000000000026|0000000000025350|100.00
20032026|939579|0000000000000003|0000000000003165|0000000000000003|0000000000003165|100.00
20032026|939581|0000000000000190|0000000000219982|0000000000000190|0000000000219982|100.00
20032026|939583|0000000000000013|0000000000012787|0000000000000026|0000000000025573|050.00
20032026|939589|0000000000000029|0000000000028855|0000000000000029|0000000000028856|100.00
20032026|939595|0000000000000060|0000000000058800|0000000000000060|0000000000058800|100.00
20032026|939609|0000000000000010|0000000000010707|0000000000000010|0000000000010706|100.00
20032026|939631|0000000000000203|0000000000205842|0000000000000203|0000000000205842|100.00
20032026|939647|0000000000000100|0000000000103015|0000000000000100|0000000000103015|100.00
20032026|939655|0000000000000195|0000000000191687|0000000000000195|0000000000191686|100.00
20032026|939711|0000000000000074|0000000000073704|0000000000000074|0000000000073704|100.00
20032026|939807|0000000000000020|0000000000018821|0000000000000020|0000000000018820|100.00
20032026|939809|0000000000000005|0000000000005290|0000000000000005|0000000000005290|100.00
20032026|939845|0000000000000042|0000000000043126|0000000000000042|0000000000043125|100.00
20032026|939859|0000000000000020|0000000000020601|0000000000000020|0000000000020600|100.00
20032026|939899|0000000000000020|0000000000020500|0000000000000020|0000000000020500|100.00
20032026|939923|0000000000000021|0000000000022029|0000000000000021|0000000000022029|100.00
20032026|939969|0000000000000001|0000000000000980|0000000000000001|0000000000000980|100.00
20032026|940049|0000000000000006|0000000000006048|0000000000000006|0000000000006048|100.00
20032026|940053|0000000000000243|0000000000238566|0000000000000253|0000000000301174|096.05
20032026|940059|0000000000000313|0000000000313000|0000000000000313|0000000000313000|100.00
20032026|940101|0000000000000104|0000000000102960|0000000000000104|0000000000102960|100.00
20032026|940103|0000000000000004|0000000000004000|0000000000000004|0000000000004000|100.00
20032026|940105|0000000000000370|0000000000402930|0000000000000370|0000000000402930|100.00
20032026|940115|0000000000000009|0000000000009134|0000000000000009|0000000000009133|100.00
20032026|940157|0000000000000146|0000000000146000|0000000000000146|0000000000146604|100.00
20032026|940161|0000000000000030|0000000000030300|0000000000000030|0000000000030300|100.00
20032026|940229|0000000000000010|0000000000009702|0000000000000010|0000000000009704|100.00
20032026|940287|0000000000000013|0000000000013326|0000000000000013|0000000000013293|100.00
20032026|940305|0000000000000100|0000000000107500|0000000000000100|0000000000107500|100.00
20032026|940307|0000000000000200|0000000000192200|0000000000000200|0000000000192200|100.00
20032026|940325|0000000000000051|0000000000051000|0000000000000051|0000000000051000|100.00
20032026|940331|0000000000000230|0000000000244950|0000000000000230|0000000000244950|100.00
20032026|940339|0000000000000040|0000000000040000|0000000000000040|0000000000040000|100.00
20032026|940361|0000000000000040|0000000000040600|0000000000000040|0000000000040600|100.00
20032026|940387|0000000000000034|0000000000034000|0000000000000034|0000000000034000|100.00
20032026|940423|0000000000000003|0000000000003097|0000000000000003|0000000000003096|100.00
20032026|940429|0000000000000290|0000000000300498|0000000000000290|0000000000300499|100.00
20032026|940435|0000000000000003|0000000000003096|0000000000000003|0000000000003096|100.00
20032026|940443|0000000000000285|0000000000282150|0000000000000285|0000000000282125|100.00
20032026|940459|0000000000000060|0000000000062208|0000000000000060|0000000000062208|100.00
20032026|940469|0000000000000003|0000000000003120|0000000000000003|0000000000003120|100.00
20032026|940471|0000000000000004|0000000000004000|0000000000000004|0000000000004000|100.00
20032026|940501|0000000000000015|0000000000014553|0000000000000015|0000000000014553|100.00
20032026|940519|0000000000000190|0000000000194180|0000000000000190|0000000000194180|100.00
20032026|940527|0000000000000003|0000000000002940|0000000000000003|0000000000002940|100.00
20032026|940545|0000000000000245|0000000000256466|0000000000000245|0000000000256466|100.00
20032026|940603|0000000000000001|0000000000000985|0000000000000001|0000000000000985|100.00
20032026|940607|0000000000000026|0000000000024882|0000000000000026|0000000000024882|100.00
20032026|940609|0000000000000110|0000000000114510|0000000000000110|0000000000113725|100.00
20032026|940629|0000000000000010|0000000000009854|0000000000000010|0000000000009853|100.00
20032026|940637|0000000000000029|0000000000028536|0000000000000029|0000000000028432|100.00
20032026|940639|0000000000000070|0000000000067340|0000000000000070|0000000000068386|100.00
20032026|940661|0000000000000100|0000000000096003|0000000000000100|0000000000096002|100.00
20032026|940663|0000000000000050|0000000000050875|0000000000000050|0000000000050950|100.00
20032026|940667|0000000000000010|0000000000010040|0000000000000010|0000000000010040|100.00
20032026|940683|0000000000000035|0000000000034832|0000000000000035|0000000000034832|100.00
20032026|940693|0000000000001000|0000000000992890|0000000000001000|0000000000992890|100.00
20032026|940705|0000000000000002|0000000000001962|0000000000000002|0000000000001962|100.00
20032026|940709|0000000000000305|0000000000303170|0000000000000305|0000000000297824|100.00
20032026|940713|0000000000000507|0000000000508978|0000000000000577|0000000000575585|087.87
20032026|940715|0000000000000039|0000000000038417|0000000000000039|0000000000038426|100.00
20032026|940719|0000000000000150|0000000000150600|0000000000000150|0000000000153143|100.00
20032026|940731|0000000000000201|0000000000193965|0000000000000201|0000000000193850|100.00
20032026|940747|0000000000000008|0000000000007840|0000000000000008|0000000000007840|100.00
20032026|940757|0000000000000002|0000000000001838|0000000000000002|0000000000001838|100.00
20032026|940759|0000000000000001|0000000000000975|0000000000000001|0000000000000975|100.00
20032026|940777|0000000000000015|0000000000012600|0000000000000015|0000000000012896|100.00
20032026|940783|0000000000000010|0000000000009800|0000000000000010|0000000000009800|100.00
20032026|940785|0000000000000002|0000000000001986|0000000000000002|0000000000001992|100.00
20032026|940789|0000000000000211|0000000000205725|0000000000000211|0000000000205725|100.00
20032026|940799|0000000000000099|0000000000095535|0000000000000099|0000000000095533|100.00
20032026|940813|0000000000000011|0000000000010670|0000000000000013|0000000000011334|084.62
20032026|940817|0000000000000002|0000000000001900|0000000000000002|0000000000001900|100.00
20032026|940819|0000000000000019|0000000000019000|0000000000000019|0000000000019000|100.00
20032026|940821|0000000000000020|0000000000019713|0000000000000020|0000000000019713|100.00
20032026|940833|0000000000000015|0000000000015000|0000000000000015|0000000000015020|100.00
20032026|940835|0000000000000077|0000000000078925|0000000000000077|0000000000078925|100.00
20032026|940841|0000000000000062|0000000000060884|0000000000000065|0000000000063873|095.38
20032026|940855|0000000000000050|0000000000050400|0000000000000050|0000000000050400|100.00
20032026|940859|0000000000000253|0000000000245436|0000000000000253|0000000000245494|100.00
20032026|940861|0000000000000020|0000000000019400|0000000000000020|0000000000019400|100.00
20032026|940864|0000000000000025|0000000000023775|0000000000000025|0000000000024255|100.00
20032026|940866|0000000000000002|0000000000001950|0000000000000004|0000000000003899|050.00
20032026|940870|0000000000000001|0000000000001009|0000000000000001|0000000000001009|100.00
20032026|940874|0000000000000024|0000000000023280|0000000000000044|0000000000042332|054.55
20032026|940880|0000000000000020|0000000000018800|0000000000000020|0000000000018910|100.00
20032026|940882|0000000000000003|0000000000002853|0000000000000003|0000000000002853|100.00
20032026|940888|0000000000000010|0000000000009970|0000000000000010|0000000000009970|100.00
20032026|940894|0000000000000050|0000000000050250|0000000000000050|0000000000050250|100.00
20032026|940898|0000000000000103|0000000000099566|0000000000000103|0000000000098689|100.00
20032026|940904|0000000000000114|0000000000111720|0000000000000114|0000000000111720|100.00
20032026|940906|0000000000000030|0000000000028950|0000000000000030|0000000000029000|100.00
20032026|940919|0000000000000001|0000000000000125|0000000000000001|0000000000000124|100.00
20032026|940933|0000000000000160|0000000000156000|0000000000000160|0000000000156706|100.00
20032026|940955|0000000000000012|0000000000011761|0000000000000012|0000000000011815|100.00
20032026|940957|0000000000000001|0000000000001000|0000000000000001|0000000000001000|100.00
20032026|940977|0000000000000010|0000000000009900|0000000000000010|0000000000009900|100.00
20032026|940987|0000000000000001|0000000000001000|0000000000000001|0000000000001000|100.00
20032026|940989|0000000000000613|0000000000598901|0000000000000613|0000000000599918|100.00
20032026|954527|0000000000000030|0000000007875000|0000000000000030|0000000007875000|100.00
20032026|958180|0000000000000005|0000000001038500|0000000000000005|0000000001038500|100.00
20032026|961718|0000000000000007|0000000000115150|0000000000000007|0000000000115050|100.00
20032026|961756|0000000000000000|0000000000000000|0000000000002000|0000000002154300|000.00
20032026|961779|0000000000000504|0000000000550872|0000000000000504|0000000000550910|100.00
20032026|961792|0000000000000100|0000000000119501|0000000000000100|0000000000119510|100.00
20032026|961796|0000000000000372|0000000000407061|0000000000000372|0000000000407061|100.00
20032026|961798|0000000000000303|0000000000369660|0000000000000303|0000000000369660|100.00
20032026|961803|0000000000000100|0000000000110800|0000000000000100|0000000000110800|100.00
20032026|961810|0000000000000441|0000000000542430|0000000000000477|0000000000586710|092.45
20032026|961815|0000000000000001|0000000000001250|0000000000000001|0000000000001250|100.00
20032026|961816|0000000000000486|0000000000596813|0000000000000487|0000000000598355|099.79
20032026|961822|0000000000000107|0000000000129793|0000000000000107|0000000000130429|100.00
20032026|961826|0000000000001358|0000000001473390|0000000000001361|0000000001476409|099.78
20032026|961828|0000000000000010|0000000000011543|0000000000000010|0000000000011543|100.00
20032026|961839|0000000000000003|0000000000003326|0000000000000004|0000000000004426|075.00
20032026|961851|0000000000000050|0000000000054275|0000000000000050|0000000000054275|100.00
20032026|961853|0000000000000400|0000000000490000|0000000000000400|0000000000490000|100.00
20032026|961863|0000000000000073|0000000000081505|0000000000000073|0000000000081504|100.00
20032026|961865|0000000000000021|0000000000026250|0000000000000021|0000000000026250|100.00
20032026|961895|0000000000000103|0000000000111508|0000000000000103|0000000000111563|100.00
20032026|961910|0000000000000157|0000000000185574|0000000000000157|0000000000185574|100.00
20032026|972655|0000000000000130|0000000005668000|0000000000000130|0000000005676149|100.00
20032026|972657|0000000000000010|0000000000106150|0000000000000010|0000000000106150|100.00
20032026|972716|0000000000000016|0000000000080720|0000000000000016|0000000000080720|100.00
20032026|972773|0000000000000036|0000000000961236|0000000000000036|0000000000963092|100.00
20032026|973491|0000000000012578|0000000009090750|0000000000012579|0000000009079842|099.99
20032026|973881|0000000000000001|0000000001045000|0000000000000001|0000000001045000|100.00
20032026|973993|0000000000000002|0000000002043053|0000000000000002|0000000002043052|100.00
20032026|974451|0000000000000001|0000000001029990|0000000000000001|0000000001029990|100.00
20032026|974634|0000000000000003|0000000000399300|0000000000000003|0000000000399300|100.00
20032026|974654|0000000000000020|0000000002000000|0000000000000020|0000000002000000|100.00
20032026|974749|0000000000000001|0000000000111000|0000000000000001|0000000000111000|100.00
20032026|974914|0000000000000012|0000000001236000|0000000000000012|0000000001236000|100.00
20032026|974999|0000000000000019|0000000002462400|0000000000000019|0000000002462400|100.00
20032026|975033|0000000000000001|0000000000082500|0000000000000001|0000000000082500|100.00
20032026|975059|0000000000000005|0000000000523802|0000000000000005|0000000000523802|100.00
20032026|975235|0000000000000003|0000000000301650|0000000000000003|0000000000301650|100.00
20032026|975280|0000000000000004|0000000000408000|0000000000000006|0000000000612000|066.67
20032026|975282|0000000000000002|0000000000198000|0000000000000002|0000000000198000|100.00
20032026|975375|0000000000000006|0000000000522000|0000000000000006|0000000000522014|100.00
20032026|975453|0000000000000002|0000000000200000|0000000000000002|0000000000200000|100.00
20032026|975490|0000000000000010|0000000001015736|0000000000000010|0000000001015735|100.00
20032026|975506|0000000000000003|0000000000300000|0000000000000003|0000000000300000|100.00
20032026|975546|0000000000000003|0000000000303000|0000000000000003|0000000000298001|100.00
20032026|975605|0000000000000003|0000000000306000|0000000000000003|0000000000306000|100.00
20032026|975652|0000000000000005|0000000000500000|0000000000000005|0000000000500000|100.00
20032026|975677|0000000000000005|0000000000180000|0000000000000005|0000000000180000|100.00
20032026|975739|0000000000000001|0000000000099791|0000000000000001|0000000000099791|100.00
20032026|975790|0000000000000003|0000000000300400|0000000000000003|0000000000300400|100.00
20032026|975905|0000000000000002|0000000000221000|0000000000000002|0000000000221000|100.00
20032026|975955|0000000000000001|0000000000099800|0000000000000001|0000000000099800|100.00
20032026|976036|0000000000000027|0000000000271350|0000000000000027|0000000000263100|100.00
20032026|976049|0000000000000002|0000000000045600|0000000000000002|0000000000045600|100.00
20032026|976084|0000000000000005|0000000000514387|0000000000000005|0000000000514386|100.00
20032026|976089|0000000000000001|0000000000102690|0000000000000001|0000000000102690|100.00
20032026|976112|0000000000000001|0000000000099407|0000000000000001|0000000000099406|100.00
20032026|976228|0000000000000005|0000000000050250|0000000000000005|0000000000050250|100.00
20032026|976248|0000000000000001|0000000000113892|0000000000000001|0000000000113892|100.00
20032026|976275|0000000000000002|0000000000019958|0000000000000002|0000000000019939|100.00
20032026|976292|0000000000000003|0000000000303579|0000000000000003|0000000000301213|100.00
20032026|976307|0000000000000009|0000000000927205|0000000000000009|0000000000927204|100.00
20032026|976345|0000000000000007|0000000000350704|0000000000000007|0000000000349581|100.00
20032026|976346|0000000000000002|0000000000197000|0000000000000002|0000000000197000|100.00
20032026|976411|0000000000000001|0000000000096000|0000000000000001|0000000000096000|100.00
20032026|976421|0000000000000003|0000000000029385|0000000000000003|0000000000029386|100.00
20032026|976423|0000000000000047|0000000000468543|0000000000000047|0000000000468378|100.00
20032026|976437|0000000000000031|0000000000308793|0000000000000031|0000000000308791|100.00
20032026|976445|0000000000000001|0000000000111487|0000000000000002|0000000000205504|050.00
20032026|976483|0000000000000004|0000000000398400|0000000000000004|0000000000397076|100.00
20032026|976489|0000000000000024|0000000000240480|0000000000000029|0000000000289919|082.76
20032026|976492|0000000000000140|0000000001397690|0000000000000140|0000000001397690|100.00
20032026|976526|0000000000000005|0000000000049250|0000000000000005|0000000000049250|100.00
20032026|976535|0000000000000001|0000000000104800|0000000000000001|0000000000104800|100.00
20032026|976560|0000000000000005|0000000000496461|0000000000000005|0000000000496233|100.00
20032026|976660|0000000000000002|0000000000019427|0000000000000002|0000000000019426|100.00
20032026|976683|0000000000000001|0000000000085500|0000000000000001|0000000000085500|100.00
20032026|976708|0000000000000001|0000000000084061|0000000000000001|0000000000084061|100.00
20032026|976788|0000000000000014|0000000001436974|0000000000000014|0000000001436974|100.00
20032026|976808|0000000000000128|0000000001281321|0000000000000136|0000000001358885|094.12
20032026|976832|0000000000000002|0000000000019878|0000000000000002|0000000000019878|100.00
20032026|976855|0000000000000001|0000000000099996|0000000000000001|0000000000099995|100.00
20032026|976868|0000000000000007|0000000000665000|0000000000000007|0000000000665005|100.00
20032026|976905|0000000000000001|0000000000009705|0000000000000001|0000000000009705|100.00
20032026|976924|0000000000000013|0000000000127900|0000000000000013|0000000000127822|100.00
20032026|976928|0000000000000001|0000000000099630|0000000000000001|0000000000099630|100.00
20032026|976940|0000000000000003|0000000000292500|0000000000000005|0000000000489000|060.00
20032026|976985|0000000000000001|0000000000105702|0000000000000001|0000000000105702|100.00
20032026|977001|0000000000000002|0000000000200000|0000000000000002|0000000000200016|100.00
20032026|977006|0000000000000001|0000000000101571|0000000000000001|0000000000101570|100.00
20032026|977017|0000000000000022|0000000000219780|0000000000000022|0000000000219373|100.00
20032026|977022|0000000000000005|0000000000499851|0000000000000005|0000000000499850|100.00
20032026|977023|0000000000000008|0000000000800000|0000000000000008|0000000000800000|100.00
20032026|977044|0000000000000003|0000000000029266|0000000000000003|0000000000029265|100.00
20032026|977065|0000000000000001|0000000000098000|0000000000000001|0000000000098000|100.00
20032026|977075|0000000000000016|0000000001607723|0000000000000016|0000000001607722|100.00
20032026|977117|0000000000000003|0000000000297374|0000000000000003|0000000000297324|100.00
20032026|977142|0000000000000002|0000000000193402|0000000000000002|0000000000193601|100.00
20032026|977144|0000000000000007|0000000000702800|0000000000000007|0000000000702400|100.00
20032026|977172|0000000000000003|0000000000292500|0000000000000003|0000000000289502|100.00
20032026|977186|0000000000000002|0000000000194200|0000000000000002|0000000000194100|100.00
20032026|977200|0000000000000002|0000000000206604|0000000000000002|0000000000189701|100.00
20032026|977205|0000000000000008|0000000000076800|0000000000000008|0000000000078300|100.00
20032026|977226|0000000000000011|0000000001120900|0000000000000014|0000000001419605|078.57
20032026|977241|0000000000000073|0000000000718247|0000000000000073|0000000000716093|100.00
20032026|977249|0000000000000034|0000000000329834|0000000000000044|0000000000426691|077.27
20032026|977260|0000000000000001|0000000000009825|0000000000000001|0000000000009825|100.00
20032026|977288|0000000000000004|0000000000388836|0000000000000004|0000000000388837|100.00
20032026|977309|0000000000000158|0000000001536636|0000000000000218|0000000002102993|072.48
20032026|977325|0000000000000023|0000000002185023|0000000000000024|0000000002296239|095.83
20032026|977331|0000000000000005|0000000000499500|0000000000000005|0000000000504704|100.00
20032026|977363|0000000000000001|0000000000096400|0000000000000001|0000000000096400|100.00
20032026|977367|0000000000000012|0000000000116532|0000000000000012|0000000000117071|100.00
20032026|977380|0000000000000005|0000000000496538|0000000000000005|0000000000496537|100.00
20032026|977382|0000000000000010|0000000000098210|0000000000000010|0000000000098210|100.00
20032026|977387|0000000000000010|0000000000990000|0000000000000010|0000000000990000|100.00
20032026|977403|0000000000000001|0000000000099500|0000000000000001|0000000000099500|100.00
20032026|977468|0000000000000010|0000000001022405|0000000000000010|0000000001022404|100.00
20032026|977477|0000000000000017|0000000000169966|0000000000000017|0000000000169488|100.00
20032026|977508|0000000000000001|0000000000009985|0000000000000001|0000000000009985|100.00
20032026|977576|0000000000000081|0000000000786953|0000000000000081|0000000000790904|100.00
20032026|977635|0000000000000057|0000000005706559|0000000000000057|0000000005706558|100.00
20032026|977637|0000000000000083|0000000008310006|0000000000000083|0000000008310005|100.00
