DATE|SCRIP CODE|DELIVERY QTY|DELIVERY VAL|DAY'S VOLUME|DAY'S TURNOVER|DELV. PER.
11032026|500002|0000000000010775|0000000067672388|0000000000020414|0000000128295302|052.78
11032026|500003|0000000000012792|0000000007881791|0000000000023836|0000000014918334|053.67
11032026|500008|0000000000016792|0000000013279114|0000000000033042|0000000026354787|050.82
11032026|500009|0000000000079836|0000000001995102|0000000000113005|0000000002782277|070.65
11032026|500012|0000000000024148|0000000000930181|0000000000030893|0000000001203612|078.17
11032026|500013|0000000000036980|0000000000137766|0000000000036980|0000000000137766|100.00
11032026|500014|0000000000064126|0000000000275742|0000000000078470|0000000000338884|081.72
11032026|500016|0000000000025893|0000000000192127|0000000000026393|0000000000186432|098.11
11032026|500020|0000000000040029|0000000004349151|0000000000083667|0000000009210908|047.84
11032026|500023|0000000000000133|0000000000038517|0000000000000260|0000000000075477|051.15
11032026|500027|0000000000000760|0000000004714128|0000000000001356|0000000008347059|056.05
11032026|500028|0000000000029194|0000000000901219|0000000000031101|0000000000970116|093.87
11032026|500031|0000000000007462|0000000002834441|0000000000014032|0000000005338432|053.18
11032026|500032|0000000000138437|0000000002285595|0000000000402920|0000000006743457|034.36
11032026|500033|0000000000004703|0000000101911894|0000000000013911|0000000311251856|033.81
11032026|500034|0000000000301459|0000000269248106|0000000000522249|0000000473241184|057.72
11032026|500038|0000000000030459|0000000015835635|0000000000071029|0000000036611369|042.88
11032026|500039|0000000000010539|0000000006073099|0000000000021542|0000000012433060|048.92
11032026|500040|0000000000003475|0000000004109188|0000000000005567|0000000006646874|062.42
11032026|500041|0000000000000015|0000000000053725|0000000000000016|0000000000057639|093.75
11032026|500042|0000000000000572|0000000001981952|0000000000001190|0000000004173879|048.07
11032026|500043|0000000000007519|0000000005408041|0000000000013953|0000000010077977|053.89
11032026|500048|0000000000009592|0000000015403793|0000000000020054|0000000032476859|047.83
11032026|500049|0000000000429991|0000000195237414|0000000000890620|0000000410631247|048.28
11032026|500051|0000000000000100|0000000000000117|0000000000000100|0000000000000117|100.00
11032026|500052|0000000000025282|0000000002056691|0000000000042460|0000000003469794|059.54
11032026|500058|0000000000009276|0000000000106402|0000000000009276|0000000000106402|100.00
11032026|500059|0000000000001974|0000000000012716|0000000000001974|0000000000012716|100.00
11032026|500060|0000000000003213|0000000000436647|0000000000003225|0000000000438660|099.63
11032026|500067|0000000000015028|0000000029201659|0000000000043480|0000000085375392|034.56
11032026|500068|0000000000000048|0000000000569708|0000000000000056|0000000000662126|085.71
11032026|500069|0000000000000149|0000000000040111|0000000000000152|0000000000040874|098.03
11032026|500074|0000000000004108|0000000000211768|0000000000004529|0000000000237874|090.70
11032026|500078|0000000000002019|0000000000506769|0000000000014710|0000000003797701|013.73
11032026|500083|0000000000005480|0000000000107956|0000000000007082|0000000000143162|077.38
11032026|500084|0000000000068067|0000000010509545|0000000000159091|0000000024930509|042.78
11032026|500085|0000000000017992|0000000007769846|0000000000076687|0000000033339780|023.46
11032026|500086|0000000000019955|0000000006212990|0000000000045291|0000000014267159|044.06
11032026|500087|0000000000008896|0000000011830791|0000000000017867|0000000023802935|049.79
11032026|500089|0000000000001085|0000000000569897|0000000000001087|0000000000572496|099.82
11032026|500092|0000000000000897|0000000003864142|0000000000001608|0000000006920105|055.78
11032026|500093|0000000000061063|0000000044383642|0000000000154732|0000000113566183|039.46
11032026|500096|0000000000020834|0000000009833648|0000000000039256|0000000018701425|053.07
11032026|500097|0000000000003295|0000000001049458|0000000000005416|0000000001739717|060.84
11032026|500101|0000000000004441|0000000001478853|0000000000014100|0000000004738542|031.50
11032026|500103|0000000000098970|0000000025316526|0000000000262977|0000000068185569|037.63
11032026|500104|0000000000166913|0000000064136321|0000000000315063|0000000122357534|052.98
11032026|500106|0000000000330133|0000000017701732|0000000000785527|0000000042513666|042.03
11032026|500108|0000000000053853|0000000001404487|0000000000097813|0000000002601731|055.06
11032026|500109|0000000000107410|0000000020074929|0000000000289214|0000000055256846|037.14
11032026|500110|0000000000022397|0000000020374551|0000000000079513|0000000073831396|028.17
11032026|500112|0000000000196577|0000000214386877|0000000000495013|0000000545363791|039.71
11032026|500113|0000000001259457|0000000193704487|0000000001854912|0000000285094841|067.90
11032026|500114|0000000000005732|0000000023725895|0000000000010152|0000000042408196|056.46
11032026|500116|0000000000333446|0000000033061171|0000000000801445|0000000080655613|041.61
11032026|500117|0000000000037780|0000000001655898|0000000000078476|0000000003512000|048.14
11032026|500119|0000000000019957|0000000002540527|0000000000031865|0000000004143743|062.63
11032026|500120|0000000000001129|0000000000254251|0000000000003100|0000000000688315|036.42
11032026|500123|0000000000000713|0000000005929237|0000000000001314|0000000010899574|054.26
11032026|500124|0000000000053702|0000000071182001|0000000000071014|0000000094094547|075.62
11032026|500125|0000000000005325|0000000004313517|0000000000010863|0000000008873170|049.02
11032026|500126|0000000000000351|0000000001716478|0000000000000449|0000000002202305|078.17
11032026|500128|0000000000547731|0000000041408464|0000000001380376|0000000103316679|039.68
11032026|500133|0000000000000260|0000000001388530|0000000000000266|0000000001428732|097.74
11032026|500135|0000000000004083|0000000000797819|0000000000013010|0000000002603043|031.38
11032026|500136|0000000000009156|0000000000888132|0000000000010076|0000000000993721|090.87
11032026|500142|0000000000002541|0000000000022869|0000000000002951|0000000000026837|086.11
11032026|500143|0000000000002787|0000000001665958|0000000000002787|0000000001665958|100.00
11032026|500144|0000000000014726|0000000013080370|0000000000037416|0000000033939438|039.36
11032026|500147|0000000000003568|0000000017350292|0000000000005283|0000000025637236|067.54
11032026|500148|0000000000002404|0000000001076512|0000000000002969|0000000001350718|080.97
11032026|500150|0000000000000055|0000000000280393|0000000000000152|0000000000783197|036.18
11032026|500151|0000000000000330|0000000000009248|0000000000000330|0000000000009248|100.00
11032026|500153|0000000000023191|0000000001813073|0000000000027599|0000000002187193|084.03
11032026|500159|0000000000000630|0000000000068733|0000000000001199|0000000000128577|052.54
11032026|500160|0000000000006180|0000000000042210|0000000000008408|0000000000057889|073.50
11032026|500163|0000000000038241|0000000081262125|0000000000078589|0000000167087682|048.66
11032026|500164|0000000000003715|0000000003305050|0000000000006021|0000000005429283|061.70
11032026|500165|0000000000028690|0000000005340644|0000000000061755|0000000011581101|046.46
11032026|500166|0000000000041848|0000000006319048|0000000000043643|0000000006520982|095.89
11032026|500168|0000000000005195|0000000004045607|0000000000007516|0000000005863866|069.12
11032026|500170|0000000000011405|0000000000291056|0000000000012565|0000000000304943|090.77
11032026|500171|0000000000002485|0000000001135273|0000000000005624|0000000002620494|044.19
11032026|500173|0000000000008283|0000000000367020|0000000000011003|0000000000488970|075.28
11032026|500179|0000000000045272|0000000000554582|0000000000053866|0000000000658539|084.05
11032026|500180|0000000000653439|0000000544968126|0000000001127878|0000000940627339|057.94
11032026|500182|0000000000007409|0000000041293692|0000000000017912|0000000101016185|041.36
11032026|500183|0000000000919823|0000000066337635|0000000001963821|0000000140642635|046.84
11032026|500184|0000000000023898|0000000010690771|0000000000053567|0000000023967835|044.61
11032026|500185|0000000000658049|0000000010528784|0000000001024717|0000000016603853|064.22
11032026|500186|0000000000036025|0000000005313688|0000000000112410|0000000016329537|032.05
11032026|500187|0000000000011839|0000000006306636|0000000000016633|0000000008883631|071.18
11032026|500188|0000000000158338|0000000093015659|0000000000524922|0000000312119989|030.16
11032026|500189|0000000000000451|0000000000053309|0000000000000538|0000000000064643|083.83
11032026|500191|0000000000007311|0000000000433738|0000000000007311|0000000000433738|100.00
11032026|500192|0000000000001972|0000000000003471|0000000000002072|0000000000003677|095.17
11032026|500193|0000000000077059|0000000000583337|0000000000083870|0000000000644334|091.88
11032026|500199|0000000000001833|0000000000660064|0000000000003160|0000000001121232|058.01
11032026|500201|0000000000001931|0000000001676495|0000000000004174|0000000003647960|046.26
11032026|500202|0000000000010985|0000000000087880|0000000000010985|0000000000090277|100.00
11032026|500206|0000000000001421|0000000000099314|0000000000001547|0000000000097255|091.86
11032026|500207|0000000000012952|0000000000448140|0000000000014634|0000000000504788|088.51
11032026|500209|0000000000448521|0000000572469779|0000000000587976|0000000758127688|076.28
11032026|500210|0000000000000161|0000000000622298|0000000000000299|0000000001175738|053.85
11032026|500213|0000000000001066|0000000000343572|0000000000001203|0000000000389454|088.61
11032026|500214|0000000000041152|0000000015339408|0000000000124596|0000000047408685|033.03
11032026|500215|0000000000001231|0000000000781378|0000000000001262|0000000000802634|097.54
11032026|500219|0000000000379088|0000000013491742|0000000000811495|0000000029264275|046.71
11032026|500220|0000000000000942|0000000000150956|0000000000000986|0000000000161635|095.54
11032026|500227|0000000000016596|0000000014974571|0000000000040981|0000000036436309|040.50
11032026|500228|0000000000014938|0000000017608168|0000000000029103|0000000034786627|051.33
11032026|500233|0000000000015449|0000000014822544|0000000000020392|0000000019629431|075.76
11032026|500235|0000000000005134|0000000003598934|0000000000005682|0000000004051527|090.36
11032026|500238|0000000000002613|0000000002331058|0000000000009133|0000000008161839|028.61
11032026|500239|0000000000007421|0000000000106863|0000000000008548|0000000000121558|086.82
11032026|500240|0000000000014888|0000000003523990|0000000000022015|0000000005261203|067.63
11032026|500241|0000000000009922|0000000015829063|0000000000018656|0000000030313380|053.18
11032026|500243|0000000000000268|0000000000753616|0000000000000275|0000000000781252|097.45
11032026|500245|0000000000073326|0000000027786888|0000000000102091|0000000039335983|071.82
11032026|500246|0000000000000050|0000000000002400|0000000000000059|0000000000002672|084.75
11032026|500247|0000000000133654|0000000051249627|0000000000308727|0000000119054315|043.29
11032026|500248|0000000000003541|0000000000021246|0000000000003541|0000000000020908|100.00
11032026|500249|0000000000012633|0000000009660456|0000000000028233|0000000021918183|044.75
11032026|500250|0000000000000624|0000000001184477|0000000000001069|0000000002050068|058.37
11032026|500251|0000000000007355|0000000026656359|0000000000017087|0000000062645853|043.04
11032026|500252|0000000000000047|0000000000681996|0000000000000057|0000000000829332|082.46
11032026|500253|0000000000014447|0000000007297180|0000000000028902|0000000014836887|049.99
11032026|500257|0000000000009268|0000000021738094|0000000000018965|0000000044728805|048.87
11032026|500259|0000000000004808|0000000000273912|0000000000005181|0000000000296558|092.80
11032026|500260|0000000000001831|0000000001820655|0000000000005174|0000000005152468|035.39
11032026|500262|0000000000001632|0000000000027891|0000000000003105|0000000000053561|052.56
11032026|500264|0000000000022590|0000000002774052|0000000000029763|0000000003703575|075.90
11032026|500265|0000000000019243|0000000010708730|0000000000028604|0000000016195081|067.27
11032026|500266|0000000000000192|0000000002439485|0000000000000381|0000000004920962|050.39
11032026|500267|0000000000001124|0000000000332199|0000000000001684|0000000000499839|066.75
11032026|500268|0000000000008019|0000000000401271|0000000000012701|0000000000644100|063.14
11032026|500270|0000000000001677|0000000000174073|0000000000001846|0000000000195348|090.84
11032026|500271|0000000000003869|0000000006674993|0000000000008207|0000000014222974|047.14
11032026|500277|0000000000000149|0000000000000887|0000000000000149|0000000000000887|100.00
11032026|500279|0000000000030232|0000000000759428|0000000000072696|0000000001852398|041.59
11032026|500280|0000000000000414|0000000000169471|0000000000000470|0000000000192847|088.09
11032026|500282|0000000000000013|0000000000000712|0000000000000016|0000000000000877|081.25
11032026|500284|0000000000000365|0000000000044439|0000000000000536|0000000000066594|068.10
11032026|500285|0000000025163075|0000000377949387|0000000037444536|0000000541388848|067.20
11032026|500288|0000000000068933|0000000002764214|0000000000202701|0000000008251357|034.01
11032026|500290|0000000000000097|0000000013195391|0000000000000189|0000000025899599|051.32
11032026|500292|0000000000003297|0000000000517629|0000000000005184|0000000000808440|063.60
11032026|500294|0000000000094579|0000000014097000|0000000000315205|0000000047528571|030.01
11032026|500295|0000000000336577|0000000242520558|0000000000778425|0000000569475264|043.24
11032026|500296|0000000000000854|0000000000166829|0000000000001058|0000000000207340|080.72
11032026|500298|0000000000002371|0000000001369490|0000000000002610|0000000001515226|090.84
11032026|500300|0000000000026285|0000000071988044|0000000000030407|0000000083329020|086.44
11032026|500304|0000000000008264|0000000000539309|0000000000017540|0000000001160553|047.12
11032026|500306|0000000000012284|0000000001700720|0000000000020771|0000000002882019|059.14
11032026|500307|0000000000001269|0000000000624222|0000000000001539|0000000000758369|082.46
11032026|500312|0000000000759702|0000000205689317|0000000001129693|0000000306145128|067.25
11032026|500313|0000000000000944|0000000000040564|0000000000001394|0000000000063266|067.72
11032026|500314|0000000000041985|0000000003822735|0000000000043984|0000000004032474|095.46
11032026|500317|0000000000002337|0000000000102595|0000000000002910|0000000000128692|080.31
11032026|500319|0000000000005587|0000000000406064|0000000000007776|0000000000576758|071.85
11032026|500322|0000000000000566|0000000000068109|0000000000000566|0000000000068109|100.00
11032026|500325|0000000001296356|0000001803360832|0000000001867413|0000002620508917|069.42
11032026|500327|0000000000006594|0000000000053148|0000000000006794|0000000000055051|097.06
11032026|500330|0000000000016070|0000000006075264|0000000000027797|0000000010570634|057.81
11032026|500331|0000000000003225|0000000004527417|0000000000007011|0000000009942744|046.00
11032026|500333|0000000000000073|0000000000106778|0000000000000129|0000000000187969|056.59
11032026|500335|0000000000001981|0000000001669983|0000000000004044|0000000003408261|048.99
11032026|500336|0000000000648271|0000000137660347|0000000000744523|0000000157822376|087.07
11032026|500337|0000000000000098|0000000000026950|0000000000000369|0000000000101486|026.56
11032026|500338|0000000000006679|0000000000837881|0000000000011766|0000000001493351|056.77
11032026|500339|0000000000050728|0000000006013805|0000000000137235|0000000016775018|036.96
11032026|500342|0000000000000832|0000000000012946|0000000000000891|0000000000013396|093.38
11032026|500343|0000000000000427|0000000000016653|0000000000000427|0000000000016850|100.00
11032026|500346|0000000000000247|0000000000012726|0000000000000277|0000000000014283|089.17
11032026|500350|0000000000002898|0000000000430788|0000000000002900|0000000000431068|099.93
11032026|500354|0000000000001228|0000000000034986|0000000000001684|0000000000049374|072.92
11032026|500355|0000000000044284|0000000011015645|0000000000049695|0000000012474109|089.11
11032026|500356|0000000000039618|0000000001556592|0000000000053867|0000000002129242|073.55
11032026|500357|0000000000001219|0000000000015261|0000000000001219|0000000000015261|100.00
11032026|500360|0000000000003274|0000000000476422|0000000000003274|0000000000476422|100.00
11032026|500365|0000000000117911|0000000004224752|0000000000156721|0000000005635814|075.24
11032026|500367|0000000000000788|0000000000050432|0000000000000792|0000000000050744|099.49
11032026|500368|0000000000024849|0000000012385985|0000000000045672|0000000022795728|054.41
11032026|500370|0000000000000203|0000000000005794|0000000000000228|0000000000006492|089.04
11032026|500371|0000000000001120|0000000000018424|0000000000001120|0000000000018424|100.00
11032026|500378|0000000001737209|0000000344662266|0000000003930624|0000000748485407|044.20
11032026|500380|0000000000002402|0000000001454051|0000000000003707|0000000002263031|064.80
11032026|500387|0000000000000367|0000000008716361|0000000000000529|0000000012579113|069.38
11032026|500388|0000000000002452|0000000000248950|0000000000002452|0000000000248950|100.00
11032026|500389|0000000000138313|0000000001982025|0000000000138313|0000000001982025|100.00
11032026|500390|0000000000276596|0000000025526023|0000000000276596|0000000025526023|100.00
11032026|500400|0000000000769641|0000000296465714|0000000001083570|0000000419997340|071.03
11032026|500402|0000000000070959|0000000012960662|0000000000212082|0000000038900428|033.46
11032026|500403|0000000000000497|0000000000416163|0000000000000968|0000000000816553|051.34
11032026|500404|0000000000001193|0000000000271706|0000000000001670|0000000000381034|071.44
11032026|500405|0000000000001234|0000000000853928|0000000000002982|0000000002090599|041.38
11032026|500407|0000000000000598|0000000002074343|0000000000000914|0000000003191550|065.43
11032026|500408|0000000000006249|0000000027143782|0000000000013617|0000000059562491|045.89
11032026|500410|0000000000007284|0000000010608418|0000000000016997|0000000025083108|042.85
11032026|500411|0000000000001405|0000000004470991|0000000000003103|0000000009925056|045.28
11032026|500412|0000000000019149|0000000003410437|0000000000028619|0000000005054838|066.91
11032026|500413|0000000000010377|0000000000962467|0000000000023792|0000000002226456|043.62
11032026|500414|0000000000201067|0000000056670734|0000000000303328|0000000086549417|066.29
11032026|500418|0000000000000163|0000000000012160|0000000000000194|0000000000014543|084.02
11032026|500420|0000000000012202|0000000054045709|0000000000014183|0000000062885788|086.03
11032026|500421|0000000000001500|0000000000025500|0000000000001500|0000000000025500|100.00
11032026|500422|0000000000000039|0000000000006259|0000000000000039|0000000000006259|100.00
11032026|500425|0000000000035856|0000000016409499|0000000000079961|0000000037116390|044.84
11032026|500426|0000000000023456|0000000000037061|0000000000024669|0000000000039144|095.08
11032026|500429|0000000000001610|0000000000160115|0000000000001721|0000000000171594|093.55
11032026|500439|0000000000000027|0000000000084332|0000000000000038|0000000000119344|071.05
11032026|500440|0000000000077742|0000000074554578|0000000000175446|0000000169186646|044.31
11032026|500444|0000000000002784|0000000001114436|0000000000003203|0000000001285238|086.92
11032026|500449|0000000000022354|0000000000637537|0000000000033429|0000000000963394|066.87
11032026|500450|0000000000000016|0000000000005700|0000000000000017|0000000000006031|094.12
11032026|500456|0000000000008426|0000000000396275|0000000000011615|0000000000550256|072.54
11032026|500458|0000000000000916|0000000000027490|0000000000001223|0000000000036937|074.90
11032026|500459|0000000000000176|0000000001904004|0000000000000320|0000000003439149|055.00
11032026|500460|0000000000000637|0000000000078670|0000000000000894|0000000000110258|071.25
11032026|500463|0000000000005906|0000000003037161|0000000000008961|0000000004654840|065.91
11032026|500464|0000000000000053|0000000000005420|0000000000000053|0000000000005433|100.00
11032026|500467|0000000000000529|0000000000096781|0000000000000541|0000000000098336|097.78
11032026|500469|0000000000227220|0000000061213068|0000000000317243|0000000086506438|071.62
11032026|500470|0000000000713262|0000000138872112|0000000001892889|0000000371041222|037.68
11032026|500472|0000000000000880|0000000001411740|0000000000001841|0000000002983964|047.80
11032026|500477|0000000000297423|0000000054978642|0000000000575034|0000000108733771|051.72
11032026|500480|0000000000002052|0000000009494194|0000000000006373|0000000030051181|032.20
11032026|500483|0000000000004833|0000000007162023|0000000000009823|0000000014599909|049.20
11032026|500488|0000000000000442|0000000012027285|0000000000000780|0000000020990537|056.67
11032026|500490|0000000000003591|0000000036532321|0000000000004511|0000000046151758|079.61
11032026|500493|0000000000023092|0000000041502097|0000000000046863|0000000085350713|049.28
11032026|500495|0000000000002520|0000000008550108|0000000000004299|0000000014548492|058.62
11032026|500500|0000000000153035|0000000002214417|0000000000206490|0000000003024038|074.11
11032026|500510|0000000000042055|0000000161417604|0000000000100719|0000000389115028|041.75
11032026|500520|0000000000039102|0000000123828214|0000000000105092|0000000336849048|037.21
11032026|500530|0000000000000451|0000000014293656|0000000000000711|0000000022723253|063.43
11032026|500540|0000000000000120|0000000000000360|0000000000000120|0000000000000360|100.00
11032026|500547|0000000000368415|0000000119826979|0000000000489319|0000000159562251|075.29
11032026|500550|0000000000006953|0000000022750912|0000000000013368|0000000044225194|052.01
11032026|500570|0000000000163722|0000000054904173|0000000000320702|0000000108881855|051.05
11032026|500575|0000000000013862|0000000020408330|0000000000040158|0000000059716423|034.52
11032026|500620|0000000000029922|0000000042676253|0000000000043155|0000000061758119|069.34
11032026|500645|0000000000024100|0000000024033725|0000000000049007|0000000049367624|049.18
11032026|500650|0000000000000515|0000000000467440|0000000000000527|0000000000478322|097.72
11032026|500655|0000000000000622|0000000002480257|0000000000000829|0000000003380649|075.03
11032026|500660|0000000000001967|0000000004888291|0000000000003187|0000000007999097|061.72
11032026|500670|0000000000007567|0000000003218624|0000000000016430|0000000007093874|046.06
11032026|500672|0000000000007957|0000000007571484|0000000000009265|0000000008763922|085.88
11032026|500674|0000000000000558|0000000002034692|0000000000000873|0000000003206948|063.92
11032026|500680|0000000000000464|0000000002182656|0000000000000755|0000000003572262|061.46
11032026|500690|0000000000021792|0000000003505244|0000000000064941|0000000010616025|033.56
11032026|500696|0000000000024791|0000000053591945|0000000000049000|0000000106332483|050.59
11032026|500710|0000000000000381|0000000001100786|0000000000000534|0000000001535828|071.35
11032026|500730|0000000000012341|0000000001619140|0000000000022479|0000000003018529|054.90
11032026|500770|0000000000007990|0000000005501515|0000000000014637|0000000010147854|054.59
11032026|500777|0000000000004497|0000000000380402|0000000000007024|0000000000606430|064.02
11032026|500780|0000000000003883|0000000000977934|0000000000005360|0000000001351731|072.44
11032026|500790|0000000000048519|0000000059840909|0000000000059076|0000000072750870|082.13
11032026|500800|0000000000213869|0000000229534905|0000000000231634|0000000250200580|092.33
11032026|500820|0000000000020641|0000000046062456|0000000000045506|0000000103059180|045.36
11032026|500825|0000000000001053|0000000006233760|0000000000001828|0000000010844460|057.60
11032026|500830|0000000000033457|0000000068730716|0000000000074802|0000000156643087|044.73
11032026|500840|0000000000009747|0000000003119040|0000000000014036|0000000004488167|069.44
11032026|500850|0000000000188226|0000000117424791|0000000000214604|0000000134328970|087.71
11032026|500870|0000000000032308|0000000006001211|0000000000049879|0000000009275092|064.77
11032026|500875|0000000000310459|0000000095916309|0000000000677770|0000000209387692|045.81
11032026|500877|0000000000040029|0000000017392601|0000000000070839|0000000030840163|056.51
11032026|500878|0000000000006346|0000000022547021|0000000000013753|0000000048586831|046.14
11032026|500890|0000000000000025|0000000000002849|0000000000000025|0000000000002851|100.00
11032026|500940|0000000000024834|0000000004599257|0000000000063384|0000000011951763|039.18
11032026|501150|0000000000022452|0000000000466553|0000000000024587|0000000000520534|091.32
11032026|501151|0000000000000001|0000000000001384|0000000000000001|0000000000001384|100.00
11032026|501242|0000000000009911|0000000000148116|0000000000009911|0000000000148116|100.00
11032026|501295|0000000000000052|0000000000006971|0000000000000107|0000000000014185|048.60
11032026|501298|0000000000000122|0000000000635328|0000000000000149|0000000000774681|081.88
11032026|501301|0000000000012519|0000000007797460|0000000000024748|0000000015523806|050.59
11032026|501311|0000000000000003|0000000000000050|0000000000000003|0000000000000048|100.00
11032026|501314|0000000000136351|0000000000083175|0000000000199518|0000000000123725|068.34
11032026|501343|0000000000003256|0000000000065316|0000000000004308|0000000000087049|075.58
11032026|501351|0000000000000017|0000000000001254|0000000000000017|0000000000001238|100.00
11032026|501391|0000000000000100|0000000000053900|0000000000000100|0000000000053132|100.00
11032026|501421|0000000000000293|0000000001766527|0000000000000390|0000000002287056|075.13
11032026|501423|0000000000004429|0000000008456733|0000000000011879|0000000022741939|037.28
11032026|501425|0000000000000583|0000000000917992|0000000000001285|0000000002024280|045.37
11032026|501430|0000000000000002|0000000000003255|0000000000000002|0000000000003254|100.00
11032026|501455|0000000000038621|0000000005565287|0000000000063191|0000000009294331|061.12
11032026|501477|0000000000000001|0000000000000232|0000000000000001|0000000000000231|100.00
11032026|501700|0000000000010973|0000000000085261|0000000000011833|0000000000089586|092.73
11032026|501831|0000000000009310|0000000000410199|0000000000012835|0000000000562322|072.54
11032026|501833|0000000000001553|0000000000029259|0000000000001996|0000000000038015|077.81
11032026|501848|0000000000091139|0000000004197863|0000000000098319|0000000004544921|092.70
11032026|501945|0000000000022261|0000000000170508|0000000000022261|0000000000170508|100.00
11032026|502015|0000000000072791|0000000001857627|0000000000073706|0000000001893699|098.76
11032026|502090|0000000000000607|0000000000111081|0000000000000734|0000000000136224|082.70
11032026|502137|0000000000000324|0000000000221292|0000000000000367|0000000000252318|088.28
11032026|502157|0000000000001420|0000000001183357|0000000000002077|0000000001739368|068.37
11032026|502168|0000000000000124|0000000000022816|0000000000000130|0000000000024139|095.38
11032026|502175|0000000000012898|0000000000798774|0000000000014979|0000000000943046|086.11
11032026|502180|0000000000005274|0000000000337009|0000000000008317|0000000000533270|063.41
11032026|502219|0000000000012155|0000000005049795|0000000000017138|0000000007244442|070.92
11032026|502250|0000000000000011|0000000000006494|0000000000000011|0000000000006494|100.00
11032026|502281|0000000000025491|0000000000160339|0000000000027306|0000000000170952|093.35
11032026|502294|0000000000000065|0000000000002166|0000000000000065|0000000000002248|100.00
11032026|502330|0000000000008408|0000000000529620|0000000000010155|0000000000649679|082.80
11032026|502355|0000000000002205|0000000004811641|0000000000004704|0000000010382852|046.88
11032026|502420|0000000000112660|0000000001910714|0000000000113424|0000000001928349|099.33
11032026|502445|0000000000001313|0000000000053610|0000000000001574|0000000000064527|083.42
11032026|502448|0000000000013777|0000000000017277|0000000000013777|0000000000017277|100.00
11032026|502450|0000000000001164|0000000000290884|0000000000001325|0000000000335961|087.85
11032026|502587|0000000000013409|0000000000669780|0000000000014015|0000000000702397|095.68
11032026|502589|0000000000000010|0000000000001101|0000000000000010|0000000000001101|100.00
11032026|502820|0000000000001475|0000000000089946|0000000000002386|0000000000146575|061.82
11032026|502865|0000000000000937|0000000000320454|0000000000001592|0000000000548981|058.86
11032026|502873|0000000000000118|0000000000013494|0000000000000151|0000000000016562|078.15
11032026|502893|0000000000000004|0000000000000276|0000000000000004|0000000000000275|100.00
11032026|502901|0000000000000161|0000000000012277|0000000000000196|0000000000015232|082.14
11032026|502933|0000000000000050|0000000000004838|0000000000000050|0000000000004837|100.00
11032026|502937|0000000000052617|0000000000442172|0000000000052617|0000000000442172|100.00
11032026|502958|0000000000000016|0000000000120784|0000000000000016|0000000000118453|100.00
11032026|502986|0000000000015261|0000000008325639|0000000000026204|0000000014208666|058.24
11032026|503031|0000000000036005|0000000000581121|0000000000048925|0000000000826774|073.59
11032026|503092|0000000000000018|0000000000000538|0000000000000028|0000000000000787|064.29
11032026|503100|0000000000002001|0000000003155277|0000000000004542|0000000007236502|044.06
11032026|503101|0000000000002079|0000000000860603|0000000000004297|0000000001821664|048.38
11032026|503162|0000000000000663|0000000000074919|0000000000000670|0000000000075387|098.96
11032026|503169|0000000000002277|0000000000454490|0000000000002935|0000000000590937|077.58
11032026|503229|0000000000000012|0000000000001483|0000000000000026|0000000000003355|046.15
11032026|503310|0000000000027740|0000000009782511|0000000000055884|0000000019939481|049.64
11032026|503349|0000000000000010|0000000000064000|0000000000000010|0000000000063793|100.00
11032026|503624|0000000000160619|0000000001713805|0000000000389161|0000000004094586|041.27
11032026|503635|0000000000000160|0000000000060800|0000000000000160|0000000000060800|100.00
11032026|503639|0000000000000005|0000000000000071|0000000000000005|0000000000000071|100.00
11032026|503641|0000000000629572|0000000000938063|0000000000751760|0000000001134698|083.75
11032026|503657|0000000000018269|0000000000189633|0000000000026011|0000000000277414|070.24
11032026|503659|0000000000000800|0000000000076833|0000000000000800|0000000000076833|100.00
11032026|503663|0000000000832442|0000000000782496|0000000001451557|0000000001357412|057.35
11032026|503675|0000000000004058|0000000000004018|0000000000004058|0000000000004218|100.00
11032026|503681|0000000000000024|0000000002366452|0000000000000043|0000000004266180|055.81
11032026|503685|0000000000000753|0000000000012808|0000000000000753|0000000000012808|100.00
11032026|503722|0000000000000279|0000000000031695|0000000000000409|0000000000045960|068.22
11032026|503772|0000000000000036|0000000000002412|0000000000000071|0000000000004555|050.70
11032026|503776|0000000000000231|0000000000007716|0000000000000231|0000000000007715|100.00
11032026|503804|0000000000000403|0000000000090474|0000000000000405|0000000000091526|099.51
11032026|503806|0000000000007341|0000000018257802|0000000000011674|0000000029472661|062.88
11032026|503811|0000000000000854|0000000000425719|0000000000001204|0000000000606651|070.93
11032026|503816|0000000000003004|0000000000103819|0000000000003514|0000000000122325|085.49
11032026|503837|0000000000019503|0000000000278893|0000000000019643|0000000000277018|099.29
11032026|503960|0000000000000400|0000000000949880|0000000000001334|0000000003197115|029.98
11032026|504000|0000000000024574|0000000002100095|0000000000032724|0000000002795818|075.09
11032026|504028|0000000000006555|0000000000426141|0000000000006588|0000000000437141|099.50
11032026|504036|0000000000000475|0000000000680913|0000000000000812|0000000001162820|058.50
11032026|504058|0000000000000125|0000000000038219|0000000000000209|0000000000064534|059.81
11032026|504067|0000000000011450|0000000006457228|0000000000020344|0000000011505244|056.28
11032026|504076|0000000000039287|0000000002437759|0000000000049876|0000000003092859|078.77
11032026|504080|0000000000000004|0000000000004260|0000000000000004|0000000000004260|100.00
11032026|504084|0000000000000321|0000000000250332|0000000000000565|0000000000447167|056.81
11032026|504092|0000000000001338|0000000000645679|0000000000001338|0000000000645679|100.00
11032026|504093|0000000000001889|0000000000547527|0000000000002154|0000000000624384|087.70
11032026|504112|0000000000002854|0000000001685002|0000000000005660|0000000003413439|050.42
11032026|504132|0000000000004528|0000000003083795|0000000000005398|0000000003709000|083.88
11032026|504176|0000000000001768|0000000000965859|0000000000002377|0000000001309638|074.38
11032026|504180|0000000000002021|0000000000084175|0000000000002021|0000000000084175|100.00
11032026|504212|0000000000000872|0000000000544259|0000000000001287|0000000000823002|067.75
11032026|504220|0000000000007823|0000000000530322|0000000000008221|0000000000564741|095.16
11032026|504240|0000000000002046|0000000000885100|0000000000004242|0000000001848678|048.23
11032026|504258|0000000000001193|0000000000912347|0000000000001359|0000000001043026|087.79
11032026|504273|0000000000024608|0000000000529349|0000000000024608|0000000000529349|100.00
11032026|504286|0000000000000050|0000000000003023|0000000000000053|0000000000003131|094.34
11032026|504340|0000000000104103|0000000000682916|0000000000105119|0000000000666609|099.03
11032026|504341|0000000000003806|0000000000524658|0000000000004000|0000000000555733|095.15
11032026|504351|0000000006173669|0000000008025770|0000000007746625|0000000010137071|079.69
11032026|504369|0000000000000050|0000000000000025|0000000000000050|0000000000000024|100.00
11032026|504378|0000000000094801|0000000000220887|0000000000110178|0000000000252866|086.04
11032026|504380|0000000000000788|0000000000032316|0000000000000828|0000000000033270|095.17
11032026|504392|0000000000012114|0000000000266449|0000000000012114|0000000000266449|100.00
11032026|504397|0000000000000004|0000000000000301|0000000000000004|0000000000000300|100.00
11032026|504605|0000000000000148|0000000000432656|0000000000000222|0000000000656687|066.67
11032026|504614|0000000000030356|0000000016498486|0000000000045615|0000000025149406|066.55
11032026|504646|0000000000000788|0000000000408421|0000000000001021|0000000000519547|077.18
11032026|504648|0000000000000206|0000000000009188|0000000000000206|0000000000009187|100.00
11032026|504731|0000000000009668|0000000000759519|0000000000012885|0000000000993798|075.03
11032026|504741|0000000000008838|0000000003103906|0000000000033515|0000000012010169|026.37
11032026|504746|0000000000008761|0000000011099646|0000000000008761|0000000011099646|100.00
11032026|504786|0000000000002731|0000000001461495|0000000000002947|0000000001574152|092.67
11032026|504810|0000000000000023|0000000000001886|0000000000000023|0000000000001939|100.00
11032026|504840|0000000000000043|0000000000056287|0000000000000051|0000000000064103|084.31
11032026|504879|0000000000009534|0000000000365343|0000000000010254|0000000000394997|092.98
11032026|504882|0000000000000064|0000000000082298|0000000000000074|0000000000095528|086.49
11032026|504903|0000000000134187|0000000002478434|0000000000146221|0000000002726753|091.77
11032026|504908|0000000000000141|0000000000057923|0000000000000242|0000000000097964|058.26
11032026|504918|0000000000059807|0000000012021207|0000000000128414|0000000026013716|046.57
11032026|504959|0000000000000485|0000000000862694|0000000000000492|0000000000880243|098.58
11032026|504973|0000000000002239|0000000003514671|0000000000003772|0000000005930087|059.36
11032026|504988|0000000000000301|0000000000213710|0000000000000306|0000000000211573|098.37
11032026|505010|0000000000000027|0000000000051553|0000000000000032|0000000000061398|084.38
11032026|505029|0000000000001231|0000000000106223|0000000000001241|0000000000106259|099.19
11032026|505036|0000000000000463|0000000000759344|0000000000000857|0000000001423892|054.03
11032026|505075|0000000000004214|0000000000075684|0000000000004292|0000000000077487|098.18
11032026|505160|0000000000000547|0000000000132648|0000000000000703|0000000000171258|077.81
11032026|505163|0000000000002452|0000000001692126|0000000000003237|0000000002254627|075.75
11032026|505192|0000000000001671|0000000006646988|0000000000004669|0000000019074513|035.79
11032026|505196|0000000000003573|0000000000698879|0000000000003702|0000000000730056|096.52
11032026|505200|0000000000009057|0000000065679100|0000000000020159|0000000148981659|044.93
11032026|505212|0000000000000352|0000000000039794|0000000000000453|0000000000051513|077.70
11032026|505216|0000000000000107|0000000000283181|0000000000000201|0000000000529420|053.23
11032026|505232|0000000000000147|0000000000135939|0000000000000153|0000000000141859|096.08
11032026|505242|0000000000000676|0000000006682193|0000000000001502|0000000015216560|045.01
11032026|505255|0000000000030518|0000000026616274|0000000000036413|0000000031950721|083.81
11032026|505283|0000000000000778|0000000000868560|0000000000003423|0000000003860551|022.73
11032026|505299|0000000000003266|0000000001701097|0000000000005146|0000000002671754|063.47
11032026|505302|0000000000000067|0000000000123749|0000000000000067|0000000000120766|100.00
11032026|505324|0000000000000947|0000000000012993|0000000000001448|0000000000019959|065.40
11032026|505336|0000000002537437|0000000001014975|0000000005563152|0000000002245731|045.61
11032026|505343|0000000001192201|0000000000500725|0000000001704084|0000000000711573|069.96
11032026|505355|0000000000000338|0000000000361153|0000000000000545|0000000000592401|062.02
11032026|505358|0000000000021835|0000000003361499|0000000000025481|0000000003887740|085.69
11032026|505368|0000000000000106|0000000000023093|0000000000000107|0000000000023028|099.07
11032026|505400|0000000000002970|0000000000273240|0000000000002970|0000000000273061|100.00
11032026|505412|0000000000002392|0000000015625262|0000000000002547|0000000016607589|093.91
11032026|505502|0000000000009039|0000000000011842|0000000000009039|0000000000012162|100.00
11032026|505504|0000000000011483|0000000003624752|0000000000011483|0000000003624752|100.00
11032026|505509|0000000000001747|0000000000288255|0000000000001910|0000000000317168|091.47
11032026|505515|0000000000000667|0000000000008138|0000000000000752|0000000000009099|088.70
11032026|505523|0000000000295144|0000000000097398|0000000000435507|0000000000142055|067.77
11032026|505526|0000000000005601|0000000000422092|0000000000014144|0000000001065151|039.60
11032026|505533|0000000000007285|0000000003477131|0000000000015233|0000000007150735|047.82
11032026|505537|0000000001937786|0000000155836751|0000000002307110|0000000188028603|083.99
11032026|505590|0000000000002262|0000000000006082|0000000000002262|0000000000006082|100.00
11032026|505650|0000000000002779|0000000000048911|0000000000004287|0000000000075090|064.82
11032026|505681|0000000000002152|0000000001095799|0000000000002351|0000000001237627|091.54
11032026|505688|0000000000000344|0000000000034590|0000000000000422|0000000000042820|081.52
11032026|505690|0000000000000274|0000000000199418|0000000000000359|0000000000262179|076.32
11032026|505693|0000000000018106|0000000000183052|0000000000020528|0000000000208771|088.20
11032026|505700|0000000000022824|0000000009168401|0000000000034180|0000000013728076|066.78
11032026|505710|0000000000705610|0000000044396982|0000000000759007|0000000048155930|092.96
11032026|505712|0000000000010306|0000000001973084|0000000000011069|0000000002152328|093.11
11032026|505714|0000000000011187|0000000009883156|0000000000020224|0000000018263761|055.32
11032026|505720|0000000000012684|0000000001515104|0000000000015415|0000000001851073|082.28
11032026|505725|0000000000121459|0000000006811421|0000000000252763|0000000014701565|048.05
11032026|505726|0000000000001743|0000000001819605|0000000000002988|0000000003146722|058.33
11032026|505729|0000000000124116|0000000009769171|0000000000161776|0000000012647582|076.72
11032026|505737|0000000000000804|0000000000337319|0000000000000922|0000000000395132|087.20
11032026|505744|0000000000005589|0000000002165738|0000000000006035|0000000002385055|092.61
11032026|505750|0000000000125076|0000000028886303|0000000000129228|0000000030357282|096.79
11032026|505790|0000000000001549|0000000006267177|0000000000003476|0000000014234961|044.56
11032026|505800|0000000000000100|0000000000118965|0000000000000111|0000000000134254|090.09
11032026|505807|0000000000000050|0000000000033000|0000000000000050|0000000000033000|100.00
11032026|505827|0000000000000184|0000000000065946|0000000000000213|0000000000076384|086.38
11032026|505840|0000000000003565|0000000000092690|0000000000003575|0000000000093819|099.72
11032026|505850|0000000000005386|0000000000914813|0000000000011656|0000000002011044|046.21
11032026|505854|0000000000007934|0000000001880755|0000000000008089|0000000001915945|098.08
11032026|505872|0000000000043913|0000000017363201|0000000000092629|0000000037257081|047.41
11032026|505890|0000000000001910|0000000004308101|0000000000002166|0000000004870975|088.18
11032026|505893|0000000000000311|0000000000241554|0000000000000631|0000000000492729|049.29
11032026|505978|0000000000000549|0000000001811728|0000000000000603|0000000001984791|091.04
11032026|506003|0000000000000614|0000000000030160|0000000000000615|0000000000029156|099.84
11032026|506022|0000000000014059|0000000001752455|0000000000027045|0000000003399699|051.98
11032026|506076|0000000000080494|0000000121940361|0000000000080791|0000000125054797|099.63
11032026|506079|0000000000000045|0000000000000245|0000000000000045|0000000000000245|100.00
11032026|506105|0000000000000006|0000000000000372|0000000000000010|0000000000000614|060.00
11032026|506109|0000000000017415|0000000004855302|0000000000026501|0000000007408301|065.71
11032026|506122|0000000000001901|0000000000088416|0000000000001901|0000000000088416|100.00
11032026|506128|0000000000003614|0000000000469459|0000000000004623|0000000000600550|078.17
11032026|506134|0000000000040580|0000000000362786|0000000000045557|0000000000418125|089.08
11032026|506146|0000000000114007|0000000000062704|0000000000121980|0000000000066847|093.46
11032026|506166|0000000000007711|0000000000447015|0000000000007711|0000000000447015|100.00
11032026|506180|0000000000000070|0000000000026824|0000000000000070|0000000000026824|100.00
11032026|506184|0000000000008353|0000000000011444|0000000000008864|0000000000012157|094.24
11032026|506186|0000000000027967|0000000000462575|0000000000031251|0000000000503984|089.49
11032026|506194|0000000000000203|0000000000046893|0000000000000227|0000000000052710|089.43
11032026|506197|0000000000017074|0000000003690546|0000000000041842|0000000009238039|040.81
11032026|506222|0000000000002846|0000000005804560|0000000000004929|0000000010014449|057.74
11032026|506235|0000000000004400|0000000000373076|0000000000006585|0000000000561709|066.82
11032026|506248|0000000000004120|0000000000618000|0000000000004122|0000000000626059|099.95
11032026|506260|0000000000004459|0000000000351637|0000000000005991|0000000000467834|074.43
11032026|506261|0000000000001467|0000000000189977|0000000000001758|0000000000228703|083.45
11032026|506285|0000000000003870|0000000017505365|0000000000004570|0000000020888514|084.68
11032026|506365|0000000000000001|0000000000000080|0000000000000001|0000000000000080|100.00
11032026|506373|0000000000000297|0000000000038997|0000000000000297|0000000000038996|100.00
11032026|506390|0000000000000472|0000000000159159|0000000000000674|0000000000227720|070.03
11032026|506395|0000000000004609|0000000009306263|0000000000011390|0000000023249229|040.47
11032026|506401|0000000000002430|0000000003617541|0000000000004093|0000000006103497|059.37
11032026|506405|0000000000001522|0000000000335754|0000000000002621|0000000000600702|058.07
11032026|506414|0000000000009770|0000000003288582|0000000000014983|0000000005091885|065.21
11032026|506480|0000000000001927|0000000000487628|0000000000002351|0000000000594471|081.97
11032026|506520|0000000000023683|0000000000139967|0000000000033996|0000000000202148|069.66
11032026|506525|0000000000002851|0000000000182322|0000000000003309|0000000000213608|086.16
11032026|506528|0000000000000602|0000000001846064|0000000000000690|0000000002161401|087.25
11032026|506530|0000000000000003|0000000000002850|0000000000000003|0000000000002850|100.00
11032026|506532|0000000000000626|0000000000502866|0000000000000814|0000000000653417|076.90
11032026|506543|0000000000000026|0000000000000228|0000000000000026|0000000000000228|100.00
11032026|506579|0000000000008055|0000000000854233|0000000000011773|0000000001260072|068.42
11032026|506590|0000000000133430|0000000036446405|0000000000171053|0000000047447850|078.00
11032026|506597|0000000000004470|0000000002215109|0000000000005697|0000000002838202|078.46
11032026|506605|0000000000000023|0000000000044019|0000000000000026|0000000000050335|088.46
11032026|506618|0000000000000532|0000000000568017|0000000000000588|0000000000634871|090.48
11032026|506640|0000000000000882|0000000000111132|0000000000001138|0000000000139774|077.50
11032026|506642|0000000000902242|0000000001398476|0000000000929285|0000000001435554|097.09
11032026|506655|0000000000000926|0000000000797148|0000000000002197|0000000001891398|042.15
11032026|506685|0000000000025413|0000000010551478|0000000000027958|0000000011704529|090.90
11032026|506687|0000000000002044|0000000001852784|0000000000002326|0000000002117978|087.88
11032026|506690|0000000000074098|0000000024381947|0000000000074498|0000000024521632|099.46
11032026|506734|0000000000003122|0000000000293437|0000000000003389|0000000000323657|092.12
11032026|506767|0000000000001935|0000000002554974|0000000000005138|0000000006814331|037.66
11032026|506808|0000000000013751|0000000000712715|0000000000019046|0000000000956654|072.20
11032026|506820|0000000000000067|0000000000587490|0000000000000123|0000000001073840|054.47
11032026|506852|0000000000035777|0000000000617869|0000000000038935|0000000000680204|091.89
11032026|506854|0000000000008669|0000000016603303|0000000000013359|0000000025744232|064.89
11032026|506858|0000000000001126|0000000000070938|0000000000001492|0000000000091755|075.47
11032026|506863|0000000000006389|0000000000702532|0000000000006389|0000000000702532|100.00
11032026|506879|0000000000002105|0000000000611713|0000000000003980|0000000001176678|052.89
11032026|506906|0000000000001272|0000000000059567|0000000000001272|0000000000059567|100.00
11032026|506919|0000000000006407|0000000000982194|0000000000009754|0000000001513318|065.69
11032026|506935|0000000000000473|0000000000030225|0000000000000473|0000000000030200|100.00
11032026|506943|0000000000005447|0000000011572152|0000000000007507|0000000015925814|072.56
11032026|506947|0000000000000017|0000000000002375|0000000000000017|0000000000002375|100.00
11032026|506979|0000000000003600|0000000000447840|0000000000003600|0000000000449460|100.00
11032026|506981|0000000000000640|0000000000083264|0000000000000640|0000000000082984|100.00
11032026|507155|0000000000009523|0000000001316079|0000000000011726|0000000001656688|081.21
11032026|507180|0000000000015914|0000000000080525|0000000000022895|0000000000115886|069.51
11032026|507205|0000000000008571|0000000003898520|0000000000017829|0000000008155735|048.07
11032026|507265|0000000000004591|0000000000835562|0000000000004691|0000000000843405|097.87
11032026|507300|0000000000000028|0000000000025984|0000000000000028|0000000000025455|100.00
11032026|507315|0000000000211348|0000000003225171|0000000000212461|0000000003252711|099.48
11032026|507410|0000000000008457|0000000001363269|0000000000023696|0000000003894177|035.69
11032026|507438|0000000000000366|0000000000278197|0000000000000565|0000000000435428|064.78
11032026|507474|0000000000013457|0000000000491316|0000000000014851|0000000000545076|090.61
11032026|507486|0000000000001217|0000000000082322|0000000000001217|0000000000082322|100.00
11032026|507488|0000000000002962|0000000002994879|0000000000004519|0000000004600909|065.55
11032026|507490|0000000000014236|0000000000167985|0000000000016438|0000000000195099|086.60
11032026|507498|0000000000003545|0000000000118191|0000000000004432|0000000000151278|079.99
11032026|507514|0000000000029141|0000000002247646|0000000000047964|0000000003734168|060.76
11032026|507515|0000000000000001|0000000000000018|0000000000000001|0000000000000017|100.00
11032026|507526|0000000000002896|0000000002166064|0000000000003618|0000000002735781|080.04
11032026|507552|0000000000026588|0000000001508072|0000000000031992|0000000001892566|083.11
11032026|507580|0000000000000231|0000000000029210|0000000000000232|0000000000029909|099.57
11032026|507598|0000000000001276|0000000000129387|0000000000001407|0000000000142660|090.69
11032026|507609|0000000000000036|0000000000001136|0000000000000043|0000000000001388|083.72
11032026|507621|0000000000001612|0000000000080246|0000000000002088|0000000000104010|077.20
11032026|507645|0000000000000002|0000000000022602|0000000000000003|0000000000034300|066.67
11032026|507663|0000000000000015|0000000000000054|0000000000000015|0000000000000053|100.00
11032026|507685|0000000000219407|0000000044342155|0000000000404865|0000000082291502|054.19
11032026|507690|0000000000000259|0000000000058170|0000000000000259|0000000000058170|100.00
11032026|507717|0000000000000448|0000000000437988|0000000000000855|0000000000851571|052.40
11032026|507747|0000000000000078|0000000000066714|0000000000000128|0000000000110085|060.94
11032026|507753|0000000000051984|0000000004318831|0000000000077059|0000000006437764|067.46
11032026|507759|0000000000005523|0000000000072131|0000000000008623|0000000000113075|064.05
11032026|507779|0000000000001138|0000000000204897|0000000000001178|0000000000215436|096.60
11032026|507785|0000000000000072|0000000000014318|0000000000000072|0000000000014217|100.00
11032026|507789|0000000000010099|0000000001806712|0000000000012345|0000000002220838|081.81
11032026|507794|0000000000017951|0000000000991255|0000000000035780|0000000002019649|050.17
11032026|507813|0000000000001188|0000000000080678|0000000000001446|0000000000097838|082.16
11032026|507815|0000000000000184|0000000001468063|0000000000000342|0000000002746638|053.80
11032026|507817|0000000000000306|0000000000043758|0000000000000309|0000000000046433|099.03
11032026|507828|0000000000053256|0000000000390900|0000000000077384|0000000000579377|068.82
11032026|507833|0000000000005546|0000000000022628|0000000000009223|0000000000037321|060.13
11032026|507836|0000000000000477|0000000000295263|0000000000000507|0000000000310808|094.08
11032026|507852|0000000000000101|0000000000010050|0000000000000130|0000000000012548|077.69
11032026|507864|0000000000000040|0000000000003735|0000000000000040|0000000000003735|100.00
11032026|507872|0000000000000006|0000000000000251|0000000000000013|0000000000000526|046.15
11032026|507878|0000000000329136|0000000001530483|0000000000361934|0000000001688261|090.94
11032026|507880|0000000000004654|0000000001631227|0000000000013372|0000000004719360|034.80
11032026|507910|0000000000003568|0000000000133101|0000000000003568|0000000000133101|100.00
11032026|507912|0000000000039398|0000000007085731|0000000000064636|0000000011765892|060.95
11032026|507917|0000000000000016|0000000000000661|0000000000000016|0000000000000660|100.00
11032026|507944|0000000000040753|0000000016215619|0000000000048771|0000000019499416|083.56
11032026|507946|0000000000000941|0000000000015245|0000000000001441|0000000000022315|065.30
11032026|507948|0000000000000486|0000000000032266|0000000000000688|0000000000046250|070.64
11032026|507960|0000000000000545|0000000000103796|0000000000000572|0000000000108069|095.28
11032026|507962|0000000000002016|0000000000011753|0000000000002016|0000000000011753|100.00
11032026|507966|0000000000000203|0000000000007942|0000000000000344|0000000000014196|059.01
11032026|507970|0000000000000058|0000000000002145|0000000000000062|0000000000002287|093.55
11032026|507981|0000000000000017|0000000000001097|0000000000000019|0000000000001225|089.47
11032026|507998|0000000000001305|0000000000185310|0000000000001340|0000000000190211|097.39
11032026|508136|0000000000000702|0000000000256230|0000000000000708|0000000000261450|099.15
11032026|508486|0000000000002042|0000000015398314|0000000000002926|0000000022260541|069.79
11032026|508494|0000000000001859|0000000000070642|0000000000002096|0000000000080099|088.69
11032026|508571|0000000000000218|0000000000030520|0000000000000220|0000000000029698|099.09
11032026|508664|0000000000000212|0000000000002472|0000000000000247|0000000000002826|085.83
11032026|508670|0000000000000001|0000000000003180|0000000000000001|0000000000003180|100.00
11032026|508807|0000000000001271|0000000000838416|0000000000001487|0000000000991962|085.47
11032026|508814|0000000000000753|0000000000500633|0000000000001284|0000000000865453|058.64
11032026|508867|0000000000000001|0000000000000015|0000000000000001|0000000000000015|100.00
11032026|508869|0000000000002858|0000000021972590|0000000000007968|0000000061462517|035.87
11032026|508875|0000000000000260|0000000000134849|0000000000000336|0000000000178053|077.38
11032026|508905|0000000000000423|0000000000032233|0000000000000505|0000000000038951|083.76
11032026|508906|0000000000000896|0000000000342989|0000000000001074|0000000000407369|083.43
11032026|508918|0000000000001355|0000000000061504|0000000000001937|0000000000084293|069.95
11032026|508922|0000000000025441|0000000000184192|0000000000025441|0000000000184192|100.00
11032026|508933|0000000000002369|0000000000444899|0000000000002656|0000000000509299|089.19
11032026|508941|0000000000000380|0000000000171380|0000000000000411|0000000000185242|092.46
11032026|508954|0000000000021400|0000000001244624|0000000000024925|0000000001526588|085.86
11032026|508956|0000000000001133|0000000000014752|0000000000001133|0000000000014782|100.00
11032026|508961|0000000000000028|0000000000005564|0000000000000028|0000000000005564|100.00
11032026|508963|0000000000000002|0000000000000030|0000000000000002|0000000000000030|100.00
11032026|508969|0000000000019020|0000000000045268|0000000000020035|0000000000047765|094.93
11032026|508980|0000000000000681|0000000000005753|0000000000000681|0000000000005753|100.00
11032026|508989|0000000000000910|0000000000124625|0000000000001196|0000000000165584|076.09
11032026|509009|0000000000000203|0000000000020973|0000000000000203|0000000000020973|100.00
11032026|509015|0000000000000133|0000000000001944|0000000000000133|0000000000001944|100.00
11032026|509020|0000000000021083|0000000000117433|0000000000021102|0000000000118799|099.91
11032026|509024|0000000000050923|0000000000518397|0000000000058030|0000000000582212|087.75
11032026|509038|0000000000000202|0000000000002441|0000000000000207|0000000000002500|097.58
11032026|509040|0000000000000050|0000000000009025|0000000000000050|0000000000009025|100.00
11032026|509046|0000000000002571|0000000000070603|0000000000002571|0000000000070603|100.00
11032026|509048|0000000000038500|0000000000794729|0000000000038500|0000000000794729|100.00
11032026|509051|0000000003763322|0000000002295627|0000000005153281|0000000003140374|073.03
11032026|509053|0000000000110483|0000000000680576|0000000000111572|0000000000689408|099.02
11032026|509055|0000000000007191|0000000000417150|0000000000008696|0000000000515528|082.69
11032026|509069|0000000000001286|0000000000006816|0000000000001287|0000000000006143|099.92
11032026|509073|0000000000002393|0000000000027257|0000000000003506|0000000000040776|068.25
11032026|509079|0000000000000884|0000000000256051|0000000000001178|0000000000345904|075.04
11032026|509099|0000000000000400|0000000000025888|0000000000000400|0000000000025888|100.00
11032026|509162|0000000000005386|0000000000483232|0000000000007089|0000000000642179|075.98
11032026|509196|0000000000001166|0000000000075662|0000000000001262|0000000000081390|092.39
11032026|509220|0000000000002315|0000000000087392|0000000000002381|0000000000091253|097.23
11032026|509243|0000000000000843|0000000003004031|0000000000001754|0000000006586745|048.06
11032026|509423|0000000000000024|0000000000000901|0000000000000032|0000000000001252|075.00
11032026|509438|0000000000000040|0000000000380040|0000000000000077|0000000000733451|051.95
11032026|509449|0000000000000646|0000000000027132|0000000000000646|0000000000026608|100.00
11032026|509470|0000000000000001|0000000000020496|0000000000000001|0000000000020496|100.00
11032026|509472|0000000000002291|0000000000783866|0000000000002463|0000000000843316|093.02
11032026|509480|0000000000012065|0000000005191570|0000000000024965|0000000010903368|048.33
11032026|509486|0000000000004457|0000000000285248|0000000000005760|0000000000377673|077.38
11032026|509488|0000000000016758|0000000010870077|0000000000056217|0000000036968051|029.81
11032026|509496|0000000000009048|0000000005029331|0000000000019237|0000000010840543|047.03
11032026|509525|0000000000000841|0000000000726582|0000000000000957|0000000000825007|087.88
11032026|509546|0000000000000481|0000000000014455|0000000000000676|0000000000019986|071.15
11032026|509557|0000000000000562|0000000000350548|0000000000001049|0000000000653607|053.57
11032026|509563|0000000000024927|0000000000714907|0000000000043973|0000000001293915|056.69
11032026|509567|0000000000001100|0000000000364430|0000000000001211|0000000000404475|090.83
11032026|509597|0000000000000087|0000000000060278|0000000000000100|0000000000071084|087.00
11032026|509631|0000000000026630|0000000013978087|0000000000071912|0000000038338871|037.03
11032026|509635|0000000000000022|0000000000008905|0000000000000033|0000000000013382|066.67
11032026|509675|0000000000000266|0000000000368557|0000000000000423|0000000000592691|062.88
11032026|509692|0000000000002448|0000000000474912|0000000000002455|0000000000477574|099.71
11032026|509709|0000000000001703|0000000000129888|0000000000001854|0000000000140459|091.86
11032026|509715|0000000000005191|0000000000429089|0000000000005707|0000000000470773|090.96
11032026|509732|0000000000002220|0000000000393051|0000000000003006|0000000000522514|073.85
11032026|509760|0000000000000219|0000000000006102|0000000000000219|0000000000005983|100.00
11032026|509762|0000000000043111|0000000002160031|0000000000043111|0000000002160031|100.00
11032026|509820|0000000000002475|0000000000420874|0000000000003875|0000000000664062|063.87
11032026|509835|0000000000003805|0000000000051787|0000000000003805|0000000000052116|100.00
11032026|509874|0000000000012356|0000000000647702|0000000000014479|0000000000761859|085.34
11032026|509887|0000000000000002|0000000000001831|0000000000000002|0000000000001831|100.00
11032026|509895|0000000000000100|0000000000016785|0000000000000107|0000000000017367|093.46
11032026|509930|0000000000008575|0000000034661008|0000000000015257|0000000061104732|056.20
11032026|509945|0000000000000171|0000000000153866|0000000000000180|0000000000158293|095.00
11032026|509953|0000000000000003|0000000000001914|0000000000000003|0000000000001914|100.00
11032026|509966|0000000000007199|0000000001602138|0000000000009759|0000000002189040|073.77
11032026|510245|0000000000020806|0000000000072821|0000000000033495|0000000000116644|062.12
11032026|511000|0000000000004119|0000000000077891|0000000000004730|0000000000091136|087.08
11032026|511012|0000000000342434|0000000000233044|0000000000342434|0000000000233044|100.00
11032026|511018|0000000000034367|0000000001967168|0000000000046211|0000000002667814|074.37
11032026|511034|0000000000041476|0000000022059011|0000000000107081|0000000057633330|038.73
11032026|511066|0000000000018254|0000000000397755|0000000000019911|0000000000438365|091.68
11032026|511076|0000000000011315|0000000000824298|0000000000016000|0000000001173716|070.72
11032026|511092|0000000000012454|0000000000070490|0000000000012454|0000000000070595|100.00
11032026|511108|0000000000027559|0000000004110425|0000000000027559|0000000004078935|100.00
11032026|511110|0000000000024155|0000000000395176|0000000000027751|0000000000435203|087.04
11032026|511122|0000000000001336|0000000000112158|0000000000002370|0000000000183996|056.37
11032026|511131|0000000000000151|0000000000002515|0000000000000151|0000000000002369|100.00
11032026|511147|0000000000001572|0000000000097449|0000000000001694|0000000000104363|092.80
11032026|511153|0000000000008072|0000000000137224|0000000000008635|0000000000146766|093.48
11032026|511169|0000000000013016|0000000000051544|0000000000013016|0000000000052019|100.00
11032026|511176|0000000000000000|0000000000000000|0000000000000002|0000000000000185|000.00
11032026|511187|0000000000001667|0000000000002501|0000000000001667|0000000000002510|100.00
11032026|511196|0000000000005728|0000000004955866|0000000000008517|0000000007378554|067.25
11032026|511208|0000000000021762|0000000000152334|0000000000029671|0000000000208259|073.34
11032026|511218|0000000000083583|0000000086220044|0000000000184207|0000000193410971|045.37
11032026|511243|0000000000152971|0000000238221739|0000000000167099|0000000267158107|091.55
11032026|511246|0000000000003192|0000000000015258|0000000000003218|0000000000015064|099.19
11032026|511260|0000000000100189|0000000004846142|0000000000100520|0000000004874847|099.67
11032026|511333|0000000000000290|0000000000069441|0000000000000316|0000000000075670|091.77
11032026|511355|0000000000006760|0000000000078416|0000000000006760|0000000000078523|100.00
11032026|511359|0000000000000339|0000000000016978|0000000000000356|0000000000017846|095.22
11032026|511391|0000000000000060|0000000000003318|0000000000000060|0000000000003318|100.00
11032026|511401|0000000000000003|0000000000000022|0000000000000003|0000000000000021|100.00
11032026|511413|0000000000000062|0000000000021260|0000000000000064|0000000000022228|096.88
11032026|511431|0000000000250158|0000000001500948|0000000000305555|0000000001849684|081.87
11032026|511441|0000000000000200|0000000000005592|0000000000000200|0000000000005592|100.00
11032026|511447|0000000048262543|0000000041988413|0000000066007274|0000000056972882|073.12
11032026|511451|0000000000000122|0000000000001109|0000000000000122|0000000000001103|100.00
11032026|511463|0000000000002546|0000000000021616|0000000000003215|0000000000027986|079.19
11032026|511473|0000000000001575|0000000000050794|0000000000002290|0000000000074644|068.78
11032026|511493|0000000000013747|0000000000042341|0000000000016693|0000000000052105|082.35
11032026|511501|0000000000009013|0000000000203784|0000000000010781|0000000000237598|083.60
11032026|511505|0000000000000250|0000000000003164|0000000000000250|0000000000003164|100.00
11032026|511507|0000000000000021|0000000000001010|0000000000000042|0000000000002018|050.00
11032026|511509|0000000000095855|0000000002204665|0000000000112554|0000000002639542|085.16
11032026|511523|0000000000005969|0000000000119022|0000000000006373|0000000000126905|093.66
11032026|511525|0000000000027849|0000000000045394|0000000000034641|0000000000054772|080.39
11032026|511533|0000000000000120|0000000000004610|0000000000000125|0000000000004788|096.00
11032026|511535|0000000000011161|0000000000435172|0000000000011161|0000000000435172|100.00
11032026|511539|0000000000000909|0000000000012938|0000000000000909|0000000000012938|100.00
11032026|511543|0000000000000012|0000000000000403|0000000000000012|0000000000000401|100.00
11032026|511549|0000000000017043|0000000000818064|0000000000026572|0000000001220683|064.14
11032026|511551|0000000000006858|0000000001716558|0000000000007282|0000000001849406|094.18
11032026|511557|0000000009110218|0000000034072216|0000000010062435|0000000036708216|090.54
11032026|511559|0000000000000078|0000000000019582|0000000000000085|0000000000021548|091.76
11032026|511571|0000000000000965|0000000000107019|0000000000001602|0000000000181243|060.24
11032026|511577|0000000000000087|0000000000001305|0000000000000087|0000000000001242|100.00
11032026|511585|0000000000001036|0000000000002984|0000000000001042|0000000000002990|099.42
11032026|511589|0000000000006777|0000000000093184|0000000000009615|0000000000132935|070.48
11032026|511593|0000000000000317|0000000000005611|0000000000000317|0000000000005357|100.00
11032026|511601|0000000000000005|0000000000000040|0000000000000006|0000000000000048|083.33
11032026|511605|0000000000005555|0000000000402460|0000000000010583|0000000000772332|052.49
11032026|511609|0000000000000200|0000000000005938|0000000000000200|0000000000005937|100.00
11032026|511611|0000000000121426|0000000000686057|0000000000155258|0000000000850667|078.21
11032026|511626|0000000000003879|0000000000326729|0000000000004138|0000000000345678|093.74
11032026|511628|0000000000177652|0000000007296168|0000000000184333|0000000007477436|096.38
11032026|511630|0000000000000053|0000000000000351|0000000000000053|0000000000000347|100.00
11032026|511636|0000000000022523|0000000000048425|0000000000023456|0000000000050843|096.02
11032026|511644|0000000000022869|0000000001341295|0000000000022869|0000000001341295|100.00
11032026|511654|0000000000000215|0000000000014560|0000000000000442|0000000000029783|048.64
11032026|511658|0000000000002517|0000000000043293|0000000000002901|0000000000049165|086.76
11032026|511664|0000000000004002|0000000000043742|0000000000050997|0000000000544577|007.85
11032026|511672|0000000000009532|0000000000275380|0000000000014043|0000000000411814|067.88
11032026|511676|0000000000002281|0000000000334737|0000000000003574|0000000000527296|063.82
11032026|511692|0000000000011827|0000000000071672|0000000000020288|0000000000120155|058.30
11032026|511696|0000000000000055|0000000000014317|0000000000000065|0000000000017063|084.62
11032026|511700|0000000018736800|0000000011054712|0000000022407550|0000000012992452|083.62
11032026|511702|0000000000000585|0000000000093249|0000000000000608|0000000000098357|096.22
11032026|511710|0000000000007930|0000000000016733|0000000000011238|0000000000023860|070.56
11032026|511712|0000000000000010|0000000000000745|0000000000000010|0000000000000740|100.00
11032026|511714|0000000000002300|0000000000455630|0000000000009379|0000000001878489|024.52
11032026|511716|0000000000000272|0000000000001556|0000000000000272|0000000000001509|100.00
11032026|511724|0000000000020370|0000000000222848|0000000000021515|0000000000231374|094.68
11032026|511726|0000000000000280|0000000000003371|0000000000000280|0000000000003371|100.00
11032026|511728|0000000000000050|0000000000000983|0000000000000050|0000000000000936|100.00
11032026|511740|0000000000000001|0000000000000141|0000000000000001|0000000000000141|100.00
11032026|511742|0000000000129824|0000000013216084|0000000000163736|0000000017227228|079.29
11032026|511754|0000000000004917|0000000000458265|0000000000006783|0000000000626154|072.49
11032026|511756|0000000000000394|0000000000013560|0000000000000394|0000000000013560|100.00
11032026|511758|0000000000000105|0000000000007455|0000000000000105|0000000000007453|100.00
11032026|511764|0000000000020966|0000000000783710|0000000000022634|0000000000840296|092.63
11032026|511766|0000000000000389|0000000000080737|0000000000000578|0000000000120133|067.30
11032026|511768|0000000000006838|0000000000515312|0000000000012604|0000000000980405|054.25
11032026|512008|0000000000014819|0000000003208314|0000000000031022|0000000006914081|047.77
11032026|512014|0000000000000682|0000000000478560|0000000000000979|0000000000685350|069.66
11032026|512018|0000000000027678|0000000000255192|0000000000033732|0000000000314099|082.05
11032026|512020|0000000000000032|0000000000322282|0000000000000046|0000000000465838|069.57
11032026|512025|0000000000032095|0000000001276098|0000000000061152|0000000002458271|052.48
11032026|512036|0000000000000020|0000000000002920|0000000000000020|0000000000003111|100.00
11032026|512038|0000000000001154|0000000000462466|0000000000001699|0000000000687863|067.92
11032026|512047|0000000000283540|0000000001111477|0000000000378618|0000000001478314|074.89
11032026|512048|0000000000046137|0000000000138411|0000000000067726|0000000000201824|068.12
11032026|512065|0000000000000157|0000000000002219|0000000000000157|0000000000002219|100.00
11032026|512068|0000000000318230|0000000033175478|0000000000755629|0000000079619500|042.11
11032026|512070|0000000000011970|0000000007487834|0000000000025835|0000000016274563|046.33
11032026|512093|0000000000016904|0000000000071680|0000000000016904|0000000000071680|100.00
11032026|512097|0000000000338174|0000000000091307|0000000000392368|0000000000106376|086.19
11032026|512099|0000000000000010|0000000000009138|0000000000000010|0000000000009138|100.00
11032026|512103|0000000000000571|0000000000165590|0000000000000573|0000000000166298|099.65
11032026|512109|0000000000000008|0000000000000495|0000000000000008|0000000000000494|100.00
11032026|512115|0000000000000337|0000000000022232|0000000000000340|0000000000022623|099.12
11032026|512131|0000000000000628|0000000000029642|0000000000000790|0000000000036356|079.49
11032026|512149|0000000005492225|0000000005651106|0000000005492225|0000000005651106|100.00
11032026|512161|0000000000004283|0000000000095083|0000000000004355|0000000000097514|098.35
11032026|512165|0000000000003444|0000000000075803|0000000000004033|0000000000090265|085.40
11032026|512175|0000000000059141|0000000000229468|0000000000066168|0000000000257802|089.38
11032026|512179|0000000000005328|0000000001825906|0000000000008625|0000000003009900|061.77
11032026|512197|0000000000004953|0000000000020505|0000000000004953|0000000000020505|100.00
11032026|512217|0000000000048277|0000000001194856|0000000000059630|0000000001474149|080.96
11032026|512229|0000000000005357|0000000000886733|0000000000005357|0000000000886733|100.00
11032026|512237|0000000000016173|0000000001666628|0000000000030487|0000000003189636|053.05
11032026|512247|0000000000037106|0000000000096476|0000000000044778|0000000000115915|082.87
11032026|512257|0000000000024590|0000000000088524|0000000000029545|0000000000105335|083.23
11032026|512267|0000000000026792|0000000000269528|0000000000034435|0000000000349835|077.80
11032026|512277|0000000000002152|0000000000852387|0000000000002152|0000000000852387|100.00
11032026|512296|0000000000007037|0000000001131902|0000000000013024|0000000002144281|054.03
11032026|512297|0000000000001870|0000000000083738|0000000000001870|0000000000083738|100.00
11032026|512301|0000000000029188|0000000000794650|0000000000029188|0000000000794650|100.00
11032026|512329|0000000000024968|0000000011129486|0000000000035169|0000000015970721|070.99
11032026|512344|0000000000014139|0000000000086080|0000000000014139|0000000000086080|100.00
11032026|512345|0000000000000022|0000000000004336|0000000000000022|0000000000004336|100.00
11032026|512361|0000000000613229|0000000016367083|0000000000710586|0000000018995893|086.30
11032026|512379|0000000000337965|0000000000824635|0000000000391511|0000000000961191|086.32
11032026|512381|0000000000000153|0000000000039329|0000000000003469|0000000000893868|004.41
11032026|512393|0000000000000551|0000000000015428|0000000000000607|0000000000016793|090.77
11032026|512399|0000000000163300|0000000006029036|0000000000204553|0000000007514825|079.83
11032026|512415|0000000000086272|0000000000527985|0000000000097129|0000000000583306|088.82
11032026|512425|0000000000000001|0000000000000601|0000000000000002|0000000000001201|050.00
11032026|512437|0000000000000039|0000000000014508|0000000000000070|0000000000025987|055.71
11032026|512441|0000000002288769|0000000000961283|0000000003646780|0000000001552514|062.76
11032026|512443|0000000000200708|0000000003072840|0000000000282661|0000000004278985|071.01
11032026|512453|0000000000000083|0000000000049921|0000000000000115|0000000000069206|072.17
11032026|512455|0000000000011774|0000000013965731|0000000000023974|0000000028852373|049.11
11032026|512463|0000000000075744|0000000003710699|0000000000192380|0000000009409859|039.37
11032026|512477|0000000000000012|0000000000004300|0000000000000012|0000000000004300|100.00
11032026|512489|0000000000000858|0000000000011721|0000000000001459|0000000000019859|058.81
11032026|512493|0000000000008449|0000000000513763|0000000000008449|0000000000513763|100.00
11032026|512499|0000000000047200|0000000000023128|0000000000047200|0000000000023128|100.00
11032026|512519|0000000000000807|0000000000072324|0000000000000853|0000000000076848|094.61
11032026|512527|0000000000001370|0000000000880431|0000000000001384|0000000000891955|098.99
11032026|512529|0000000000007587|0000000001481742|0000000000013463|0000000002665885|056.35
11032026|512531|0000000000000358|0000000000039452|0000000000000358|0000000000039448|100.00
11032026|512559|0000000000003466|0000000000085229|0000000000003808|0000000000093220|091.02
11032026|512565|0000000000001806|0000000000085063|0000000000001806|0000000000085062|100.00
11032026|512573|0000000000010197|0000000012332252|0000000000035390|0000000043920517|028.81
11032026|512587|0000000000010897|0000000000347615|0000000000012250|0000000000404430|088.96
11032026|512589|0000000000000128|0000000000020551|0000000000000140|0000000000022719|091.43
11032026|512591|0000000015139049|0000000012405902|0000000015139049|0000000012405902|100.00
11032026|512595|0000000000000895|0000000000729266|0000000000000895|0000000000729266|100.00
11032026|512599|0000000001334945|0000002636916859|0000000001385021|0000002745503581|096.38
11032026|512600|0000000000025125|0000000001884124|0000000000028556|0000000002151593|087.98
11032026|512604|0000000000005660|0000000000044431|0000000000005662|0000000000040130|099.96
11032026|512608|0000000000082088|0000000000210146|0000000000095476|0000000000247474|085.98
11032026|512618|0000000000001406|0000000000014778|0000000000001406|0000000000013354|100.00
11032026|512624|0000000000028667|0000000000156236|0000000000031958|0000000000173309|089.70
11032026|512626|0000000000000242|0000000000039217|0000000000000330|0000000000052426|073.33
11032026|512634|0000000000005020|0000000000808471|0000000000006398|0000000001082826|078.46
11032026|513005|0000000000001070|0000000000046652|0000000000001367|0000000000058188|078.27
11032026|513023|0000000000003455|0000000001957085|0000000000012719|0000000007354694|027.16
11032026|513043|0000000000002827|0000000000393519|0000000000003317|0000000000466321|085.23
11032026|513059|0000000000002326|0000000000073269|0000000000004007|0000000000123711|058.05
11032026|513063|0000000000000623|0000000000013831|0000000000000623|0000000000013953|100.00
11032026|513097|0000000000003010|0000000001294601|0000000000003938|0000000001691496|076.43
11032026|513108|0000000000000644|0000000000507859|0000000000000981|0000000000791659|065.65
11032026|513117|0000000000005406|0000000000035734|0000000000007533|0000000000049929|071.76
11032026|513121|0000000000001810|0000000000118175|0000000000002758|0000000000182664|065.63
11032026|513149|0000000000000006|0000000000004092|0000000000000006|0000000000003949|100.00
11032026|513173|0000000000001772|0000000000039463|0000000000002209|0000000000047226|080.22
11032026|513228|0000000000067615|0000000009875171|0000000000084918|0000000012463494|079.62
11032026|513250|0000000001364067|0000000015536724|0000000001582648|0000000018164094|086.19
11032026|513252|0000000000000177|0000000000141618|0000000000000180|0000000000145456|098.33
11032026|513262|0000000000006181|0000000001208077|0000000000008121|0000000001574135|076.11
11032026|513269|0000000000013544|0000000005690512|0000000000035552|0000000014977010|038.10
11032026|513295|0000000000001185|0000000000217981|0000000000001550|0000000000284114|076.45
11032026|513303|0000000000005053|0000000000067357|0000000000005878|0000000000078143|085.96
11032026|513307|0000000000000543|0000000000942236|0000000000000543|0000000000942236|100.00
11032026|513309|0000000000008317|0000000000061463|0000000000011102|0000000000081636|074.91
11032026|513337|0000000001683738|0000000000959731|0000000002844482|0000000001634547|059.19
11032026|513349|0000000000010725|0000000001340089|0000000000016133|0000000002046537|066.48
11032026|513353|0000000000003025|0000000000714808|0000000000003990|0000000000942454|075.81
11032026|513361|0000000000415869|0000000006217242|0000000000541898|0000000008116981|076.74
11032026|513369|0000000000000576|0000000000076234|0000000000000593|0000000000074293|097.13
11032026|513375|0000000000001694|0000000001332501|0000000000002683|0000000002148143|063.14
11032026|513377|0000000000031348|0000000001737934|0000000000078411|0000000004421512|039.98
11032026|513397|0000000000002648|0000000000032942|0000000000004455|0000000000053776|059.44
11032026|513418|0000000000089638|0000000000449087|0000000000097748|0000000000492786|091.70
11032026|513422|0000000000000120|0000000000003660|0000000000000135|0000000000004109|088.89
11032026|513430|0000000000000004|0000000000000097|0000000000000004|0000000000000096|100.00
11032026|513436|0000000000003010|0000000000173708|0000000000003033|0000000000178916|099.24
11032026|513452|0000000000000001|0000000000000010|0000000000000001|0000000000000009|100.00
11032026|513456|0000000000000806|0000000000042138|0000000000001569|0000000000083297|051.37
11032026|513460|0000000000000009|0000000000000077|0000000000000009|0000000000000077|100.00
11032026|513472|0000000000002132|0000000000940532|0000000000002909|0000000001284897|073.29
11032026|513488|0000000000001901|0000000000037450|0000000000001902|0000000000035473|099.95
11032026|513496|0000000000000228|0000000000062196|0000000000000228|0000000000062196|100.00
11032026|513498|0000000000000934|0000000000074683|0000000000001219|0000000000095084|076.62
11032026|513502|0000000000051419|0000000000426037|0000000000051419|0000000000426037|100.00
11032026|513509|0000000000000020|0000000000011980|0000000000000020|0000000000011990|100.00
11032026|513511|0000000000000066|0000000000020490|0000000000000066|0000000000020489|100.00
11032026|513513|0000000000004968|0000000000047097|0000000000004968|0000000000047160|100.00
11032026|513517|0000000000001746|0000000000397739|0000000000001989|0000000000458080|087.78
11032026|513519|0000000000000879|0000000000719110|0000000000001312|0000000001091461|067.00
11032026|513528|0000000000001597|0000000000088409|0000000000001597|0000000000088409|100.00
11032026|513532|0000000000013847|0000000004570203|0000000000014526|0000000004782175|095.33
11032026|513536|0000000000081553|0000000007731225|0000000000095656|0000000009186081|085.26
11032026|513548|0000000000000209|0000000000031967|0000000000000347|0000000000053885|060.23
11032026|513554|0000000000000983|0000000001004184|0000000000001137|0000000001145806|086.46
11032026|513566|0000000000001972|0000000000025242|0000000000002229|0000000000029128|088.47
11032026|513575|0000000000002335|0000000000049269|0000000000002353|0000000000050464|099.24
11032026|513599|0000000000309293|0000000167930635|0000000000673481|0000000371759297|045.92
11032026|513629|0000000000015161|0000000000275173|0000000000015400|0000000000287723|098.45
11032026|513642|0000000000000106|0000000000004878|0000000000000106|0000000000004876|100.00
11032026|513683|0000000000045407|0000000011272288|0000000000093888|0000000023484041|048.36
11032026|513687|0000000000000030|0000000000000156|0000000000000030|0000000000000156|100.00
11032026|513693|0000000000001241|0000000000034438|0000000000001241|0000000000034526|100.00
11032026|513699|0000000000000413|0000000000011953|0000000000000415|0000000000012223|099.52
11032026|513709|0000000000025145|0000000004098635|0000000000025162|0000000004155459|099.93
11032026|513713|0000000000026296|0000000000097296|0000000000028282|0000000000105538|092.98
11032026|513729|0000000000002107|0000000000051201|0000000000005046|0000000000125204|041.76
11032026|514010|0000000000247507|0000000005061519|0000000000265348|0000000005397960|093.28
11032026|514028|0000000000000005|0000000000000173|0000000000000005|0000000000000172|100.00
11032026|514030|0000000000003954|0000000000450361|0000000000004973|0000000000561602|079.51
11032026|514036|0000000000000025|0000000000005485|0000000000000025|0000000000005485|100.00
11032026|514043|0000000000057614|0000000005086164|0000000000086941|0000000007646030|066.27
11032026|514045|0000000000005018|0000000000652090|0000000000005020|0000000000635076|099.96
11032026|514060|0000000000014516|0000000000068661|0000000000018790|0000000000088968|077.25
11032026|514113|0000000000002747|0000000000049902|0000000000002747|0000000000049902|100.00
11032026|514128|0000000000000820|0000000000028381|0000000000000820|0000000000028381|100.00
11032026|514138|0000000000000955|0000000000308800|0000000000001193|0000000000390217|080.05
11032026|514142|0000000000005602|0000000000051224|0000000000005602|0000000000051224|100.00
11032026|514162|0000000000022217|0000000002630493|0000000000060144|0000000007197046|036.94
11032026|514165|0000000000087691|0000000000425302|0000000000112389|0000000000562793|078.02
11032026|514167|0000000000002717|0000000002069675|0000000000003688|0000000002819334|073.67
11032026|514171|0000000000000175|0000000000007682|0000000000000175|0000000000007682|100.00
11032026|514175|0000000000061022|0000000000518224|0000000000061022|0000000000518224|100.00
11032026|514183|0000000000004810|0000000000384223|0000000000006554|0000000000525077|073.39
11032026|514197|0000000000014104|0000000000056275|0000000000019774|0000000000077763|071.33
11032026|514211|0000000000009944|0000000000287183|0000000000011286|0000000000341602|088.11
11032026|514223|0000000000001651|0000000000031987|0000000000001651|0000000000031987|100.00
11032026|514234|0000000000000110|0000000000047190|0000000000000118|0000000000050581|093.22
11032026|514238|0000000000000169|0000000000143059|0000000000000254|0000000000214454|066.54
11032026|514240|0000000000007346|0000000000045693|0000000000007612|0000000000047360|096.51
11032026|514248|0000000000004100|0000000000126950|0000000000004100|0000000000126950|100.00
11032026|514264|0000000000000006|0000000000000124|0000000000000006|0000000000000123|100.00
11032026|514266|0000000000003936|0000000000196800|0000000000005416|0000000000274224|072.67
11032026|514272|0000000000000008|0000000000000872|0000000000000013|0000000000001392|061.54
11032026|514274|0000000000001507|0000000000094037|0000000000001823|0000000000114333|082.67
11032026|514280|0000000000001007|0000000000135039|0000000000001007|0000000000135050|100.00
11032026|514286|0000000000039669|0000000000539499|0000000000040447|0000000000573215|098.08
11032026|514300|0000000000008458|0000000000221769|0000000000041232|0000000001046933|020.51
11032026|514312|0000000000000100|0000000000004756|0000000000000100|0000000000004756|100.00
11032026|514316|0000000000006317|0000000000680341|0000000000006359|0000000000683542|099.34
11032026|514318|0000000000000024|0000000000010178|0000000000000024|0000000000010178|100.00
11032026|514322|0000000000000220|0000000000018076|0000000000000276|0000000000022924|079.71
11032026|514324|0000000000000308|0000000000203952|0000000000000308|0000000000203952|100.00
11032026|514326|0000000000001431|0000000000010619|0000000000001712|0000000000012767|083.59
11032026|514330|0000000000022165|0000000014985757|0000000000036219|0000000024760997|061.20
11032026|514332|0000000000001509|0000000000061100|0000000000001649|0000000000066554|091.51
11032026|514336|0000000000000317|0000000000028545|0000000000000317|0000000000028545|100.00
11032026|514348|0000000000000205|0000000000000369|0000000000000205|0000000000000369|100.00
11032026|514354|0000000000026740|0000000001579265|0000000000069402|0000000004214762|038.53
11032026|514358|0000000000000218|0000000000020080|0000000000000360|0000000000033344|060.56
11032026|514360|0000000000047027|0000000001137584|0000000000073647|0000000001780866|063.85
11032026|514378|0000000000028644|0000000000370367|0000000000029578|0000000000405372|096.84
11032026|514386|0000000000082672|0000000000749009|0000000000086709|0000000000778188|095.34
11032026|514400|0000000000000036|0000000000000774|0000000000000036|0000000000000774|100.00
11032026|514402|0000000000170813|0000000002066838|0000000000178071|0000000002151813|095.92
11032026|514412|0000000000000475|0000000000075587|0000000000000475|0000000000075587|100.00
11032026|514414|0000000000000800|0000000000008016|0000000000000800|0000000000008016|100.00
11032026|514418|0000000000000112|0000000000047119|0000000000000118|0000000000049238|094.92
11032026|514428|0000000000002094|0000000000635111|0000000000002144|0000000000650876|097.67
11032026|514440|0000000000132167|0000000005556301|0000000000132979|0000000005863169|099.39
11032026|514442|0000000000010421|0000000000198521|0000000000010467|0000000000209055|099.56
11032026|514448|0000000000018753|0000000015262130|0000000000031374|0000000025794118|059.77
11032026|514450|0000000000000050|0000000000009050|0000000000000050|0000000000009036|100.00
11032026|514454|0000000000000611|0000000000016504|0000000000000707|0000000000019458|086.42
11032026|514460|0000000000000001|0000000000000016|0000000000000001|0000000000000015|100.00
11032026|514470|0000000000005699|0000000000406510|0000000000005937|0000000000425509|095.99
11032026|515008|0000000000040649|0000000009757793|0000000000050729|0000000012237477|080.13
11032026|515018|0000000000000102|0000000000004305|0000000000000102|0000000000004302|100.00
11032026|515030|0000000000001816|0000000001569024|0000000000002965|0000000002576758|061.25
11032026|515037|0000000000006389|0000000000197037|0000000000008138|0000000000253146|078.51
11032026|515043|0000000000014450|0000000001383010|0000000000020915|0000000002001124|069.09
11032026|515055|0000000000041178|0000000019452488|0000000000074195|0000000035614125|055.50
11032026|515085|0000000000003186|0000000000020678|0000000000003300|0000000000021904|096.55
11032026|515147|0000000000032087|0000000002801516|0000000000046073|0000000004008418|069.64
11032026|516003|0000000000002509|0000000000327425|0000000000002910|0000000000381748|086.22
11032026|516016|0000000000014175|0000000002140425|0000000000014175|0000000002140364|100.00
11032026|516020|0000000000000016|0000000000000065|0000000000000016|0000000000000062|100.00
11032026|516022|0000000000026371|0000000003541626|0000000000028737|0000000003863973|091.77
11032026|516030|0000000000008826|0000000000731941|0000000000010046|0000000000809482|087.86
11032026|516032|0000000000005665|0000000000035633|0000000000007765|0000000000048098|072.96
11032026|516038|0000000000000638|0000000000131091|0000000000000638|0000000000131091|100.00
11032026|516062|0000000000001030|0000000000006056|0000000000001030|0000000000006056|100.00
11032026|516064|0000000000001090|0000000000404445|0000000000001397|0000000000527545|078.02
11032026|516072|0000000000002318|0000000001138138|0000000000002929|0000000001436494|079.14
11032026|516078|0000000000000591|0000000000035289|0000000000000680|0000000000039943|086.91
11032026|516082|0000000000000006|0000000000002589|0000000000000011|0000000000004775|054.55
11032026|516092|0000000000000073|0000000000002257|0000000000000073|0000000000002256|100.00
11032026|516096|0000000000000092|0000000000017954|0000000000000092|0000000000017743|100.00
11032026|516098|0000000000009406|0000000000076001|0000000000013974|0000000000113691|067.31
11032026|516106|0000000000001057|0000000000006755|0000000000001126|0000000000007052|093.87
11032026|516108|0000000000001199|0000000000106711|0000000000001229|0000000000110084|097.56
11032026|516110|0000000000034163|0000000000102489|0000000000035928|0000000000108197|095.09
11032026|517015|0000000000004133|0000000004885413|0000000000006767|0000000008153594|061.08
11032026|517035|0000000000042460|0000000006901873|0000000000083534|0000000013576191|050.83
11032026|517041|0000000000000164|0000000000164164|0000000000000200|0000000000200814|082.00
11032026|517059|0000000000004388|0000000002639382|0000000000005548|0000000003396555|079.09
11032026|517063|0000000000000384|0000000000049920|0000000000000448|0000000000058201|085.71
11032026|517077|0000000000000212|0000000000009769|0000000000000212|0000000000010306|100.00
11032026|517096|0000000000002251|0000000000166327|0000000000003882|0000000000287301|057.99
11032026|517119|0000000000001004|0000000000018193|0000000000001024|0000000000018554|098.05
11032026|517146|0000000000008028|0000000003414309|0000000000018807|0000000007993688|042.69
11032026|517166|0000000000021604|0000000002951107|0000000000034083|0000000004683592|063.39
11032026|517168|0000000000001370|0000000000955781|0000000000002184|0000000001547284|062.73
11032026|517170|0000000000042910|0000000000996800|0000000000056459|0000000001395801|076.00
11032026|517174|0000000000000092|0000000002815605|0000000000000155|0000000004779505|059.35
11032026|517201|0000000000002220|0000000000166444|0000000000002220|0000000000166444|100.00
11032026|517206|0000000000000768|0000000004009844|0000000000001520|0000000007900508|050.53
11032026|517214|0000000000002217|0000000000039552|0000000000002622|0000000000047153|084.55
11032026|517236|0000000000007828|0000000000653952|0000000000014671|0000000001213157|053.36
11032026|517238|0000000000000002|0000000000000348|0000000000000003|0000000000000547|066.67
11032026|517246|0000000000054165|0000000007271652|0000000000084066|0000000011471328|064.43
11032026|517258|0000000000002775|0000000000354229|0000000000002988|0000000000382091|092.87
11032026|517264|0000000000000560|0000000000044179|0000000000000685|0000000000054393|081.75
11032026|517271|0000000000023835|0000000015989710|0000000000075504|0000000051678292|031.57
11032026|517273|0000000000000600|0000000000227905|0000000000000600|0000000000227905|100.00
11032026|517286|0000000000134945|0000000006795307|0000000000134945|0000000006795307|100.00
11032026|517288|0000000000011116|0000000000634502|0000000000011902|0000000000667467|093.40
11032026|517300|0000000000019384|0000000002562565|0000000000024948|0000000003346590|077.70
11032026|517320|0000000000000647|0000000000046001|0000000000000647|0000000000046001|100.00
11032026|517334|0000000000331119|0000000040131623|0000000000717679|0000000088348348|046.14
11032026|517336|0000000000000100|0000000000001409|0000000000000100|0000000000001409|100.00
11032026|517344|0000000000001098|0000000000210762|0000000000001719|0000000000333668|063.87
11032026|517354|0000000000007967|0000000010892483|0000000000023027|0000000031877904|034.60
11032026|517356|0000000000135256|0000000000164676|0000000000135256|0000000000164676|100.00
11032026|517370|0000000000001557|0000000000138823|0000000000003048|0000000000259670|051.08
11032026|517372|0000000000005291|0000000002361903|0000000000006981|0000000003168422|075.79
11032026|517380|0000000000002154|0000000000684326|0000000000002220|0000000000714768|097.03
11032026|517385|0000000000007359|0000000006041372|0000000000015066|0000000012504854|048.84
11032026|517393|0000000000234641|0000000002040992|0000000000234641|0000000002040992|100.00
11032026|517397|0000000000001090|0000000000041551|0000000000001100|0000000000041683|099.09
11032026|517399|0000000000000478|0000000000001512|0000000000000478|0000000000001512|100.00
11032026|517415|0000000000010780|0000000000082879|0000000000010780|0000000000082879|100.00
11032026|517417|0000000000003310|0000000000756335|0000000000004563|0000000001062953|072.54
11032026|517421|0000000000007426|0000000005164412|0000000000013308|0000000009051287|055.80
11032026|517429|0000000000000249|0000000000017430|0000000000000272|0000000000018829|091.54
11032026|517431|0000000000009584|0000000000213628|0000000000032872|0000000000733354|029.16
11032026|517447|0000000000085693|0000000002403689|0000000000096080|0000000002719086|089.19
11032026|517449|0000000000000261|0000000000239129|0000000000000271|0000000000251143|096.31
11032026|517467|0000000000060327|0000000008113982|0000000000215359|0000000029369429|028.01
11032026|517477|0000000000000231|0000000000075122|0000000000000316|0000000000104119|073.10
11032026|517494|0000000000066494|0000000000803248|0000000000072801|0000000000884472|091.34
11032026|517498|0000000000178647|0000000010070332|0000000000395201|0000000022605430|045.20
11032026|517500|0000000000224714|0000000013689577|0000000000630567|0000000038887319|035.64
11032026|517506|0000000000042846|0000000022935464|0000000000094481|0000000050412947|045.35
11032026|517514|0000000000023495|0000000003499581|0000000000024767|0000000003714299|094.86
11032026|517522|0000000000001357|0000000000527602|0000000000002193|0000000000863311|061.88
11032026|517530|0000000000002568|0000000000044170|0000000000004949|0000000000085125|051.89
11032026|517536|0000000000000291|0000000000072911|0000000000000411|0000000000103485|070.80
11032026|517544|0000000000001097|0000000003143070|0000000000002389|0000000006873083|045.92
11032026|517546|0000000000044295|0000000002044215|0000000000068628|0000000003179577|064.54
11032026|517554|0000000000893781|0000000000706087|0000000001117062|0000000000889188|080.01
11032026|517556|0000000000022488|0000000000584014|0000000000036513|0000000000957109|061.59
11032026|517562|0000000000001961|0000000000094285|0000000000002211|0000000000107269|088.69
11032026|517569|0000000000015212|0000000065722686|0000000000041478|0000000182274254|036.67
11032026|518011|0000000000000055|0000000000003300|0000000000000055|0000000000003300|100.00
11032026|518053|0000000000000734|0000000000028340|0000000000000734|0000000000028339|100.00
11032026|518075|0000000000004373|0000000001003648|0000000000004373|0000000001003648|100.00
11032026|518091|0000000000005756|0000000000667984|0000000000006990|0000000000832083|082.35
11032026|519003|0000000000000010|0000000000002800|0000000000000010|0000000000002799|100.00
11032026|519064|0000000000000008|0000000000000980|0000000000000008|0000000000000980|100.00
11032026|519091|0000000000000097|0000000000687081|0000000000000117|0000000000837894|082.91
11032026|519097|0000000000002700|0000000000140697|0000000000002700|0000000000140962|100.00
11032026|519105|0000000000002170|0000000000130200|0000000000003293|0000000000198026|065.90
11032026|519126|0000000000000344|0000000000162558|0000000000000495|0000000000236775|069.49
11032026|519136|0000000000000772|0000000000072005|0000000000000846|0000000000079486|091.25
11032026|519152|0000000000000715|0000000007042750|0000000000000717|0000000007061296|099.72
11032026|519156|0000000000000384|0000000001920000|0000000000000606|0000000003098957|063.37
11032026|519174|0000000000000215|0000000000001958|0000000000000215|0000000000001958|100.00
11032026|519183|0000000000025006|0000000004703629|0000000000028713|0000000005417520|087.09
11032026|519191|0000000000221720|0000000000328346|0000000000221720|0000000000328346|100.00
11032026|519214|0000000000000565|0000000000003888|0000000000000565|0000000000003887|100.00
11032026|519216|0000000000035104|0000000000778607|0000000000045490|0000000001020255|077.17
11032026|519224|0000000000015348|0000000000418847|0000000000020262|0000000000597903|075.75
11032026|519230|0000000000006119|0000000000103473|0000000000008570|0000000000151022|071.40
11032026|519234|0000000000002697|0000000000085954|0000000000002798|0000000000089801|096.39
11032026|519238|0000000000000201|0000000000009327|0000000000000210|0000000000009284|095.71
11032026|519242|0000000000007688|0000000000555074|0000000000007689|0000000000529958|099.99
11032026|519260|0000000000023873|0000000000011697|0000000000023873|0000000000011697|100.00
11032026|519262|0000000000000005|0000000000000075|0000000000000011|0000000000000173|045.45
11032026|519285|0000000000000040|0000000000000262|0000000000000040|0000000000000262|100.00
11032026|519287|0000000000006516|0000000000214572|0000000000007714|0000000000252990|084.47
11032026|519295|0000000000000306|0000000000061965|0000000000000317|0000000000063431|096.53
11032026|519299|0000000000007095|0000000000251944|0000000000007559|0000000000270950|093.86
11032026|519307|0000000000068213|0000000000070688|0000000000068213|0000000000070688|100.00
11032026|519331|0000000000008502|0000000000320611|0000000000009747|0000000000372908|087.23
11032026|519359|0000000000001183|0000000000083556|0000000000001229|0000000000084673|096.26
11032026|519367|0000000000000001|0000000000000464|0000000000000001|0000000000000464|100.00
11032026|519383|0000000000000163|0000000000006565|0000000000000190|0000000000007850|085.79
11032026|519397|0000000000024679|0000000003572286|0000000000102344|0000000014812569|024.11
11032026|519421|0000000000008073|0000000001562530|0000000000009457|0000000001850792|085.37
11032026|519457|0000000000012187|0000000000362442|0000000000012432|0000000000357066|098.03
11032026|519463|0000000000000221|0000000000174114|0000000000000221|0000000000174114|100.00
11032026|519471|0000000000000527|0000000000087114|0000000000000692|0000000000117571|076.16
11032026|519475|0000000000000501|0000000000037049|0000000000000760|0000000000056410|065.92
11032026|519477|0000000000020558|0000000024034158|0000000000020558|0000000024034158|100.00
11032026|519479|0000000000001500|0000000000015015|0000000000001527|0000000000015285|098.23
11032026|519483|0000000000000303|0000000000008760|0000000000000309|0000000000008096|098.06
11032026|519494|0000000000000005|0000000000000313|0000000000000005|0000000000000312|100.00
11032026|519500|0000000000003435|0000000000033389|0000000000003474|0000000000034457|098.88
11032026|519506|0000000000000100|0000000000002796|0000000000000100|0000000000002796|100.00
11032026|519528|0000000000000001|0000000000000091|0000000000000001|0000000000000091|100.00
11032026|519532|0000000000038739|0000000000352138|0000000000044030|0000000000407446|087.98
11032026|519552|0000000000017141|0000000005287999|0000000000038861|0000000012189244|044.11
11032026|519566|0000000000001453|0000000000225215|0000000000001464|0000000000221547|099.25
11032026|519574|0000000000010797|0000000000434040|0000000000011638|0000000000462794|092.77
11032026|519600|0000000000002002|0000000002088887|0000000000005060|0000000005300430|039.57
11032026|519602|0000000000097407|0000000001674427|0000000000211777|0000000003730386|046.00
11032026|519604|0000000000000107|0000000000001982|0000000000000107|0000000000001989|100.00
11032026|519606|0000000000002509|0000000000126454|0000000000002537|0000000000127337|098.90
11032026|519612|0000000000000395|0000000000028677|0000000000000397|0000000000028831|099.50
11032026|520008|0000000000022719|0000000002541121|0000000000054821|0000000006185978|041.44
11032026|520021|0000000000001715|0000000000174930|0000000000001882|0000000000193068|091.13
11032026|520043|0000000000003326|0000000000424398|0000000000006802|0000000000865068|048.90
11032026|520051|0000000000031927|0000000003954159|0000000000069687|0000000008808954|045.81
11032026|520056|0000000000000071|0000000000999624|0000000000000147|0000000002085106|048.30
11032026|520057|0000000000002535|0000000000343873|0000000000003393|0000000000464138|074.71
11032026|520059|0000000000005320|0000000000430229|0000000000007128|0000000000550309|074.64
11032026|520066|0000000000012696|0000000001154067|0000000000015832|0000000001483938|080.19
11032026|520073|0000000000001318|0000000001785890|0000000000003414|0000000004802134|038.61
11032026|520075|0000000000001924|0000000000220491|0000000000002008|0000000000231550|095.82
11032026|520086|0000000000003055|0000000000201410|0000000000003055|0000000000201410|100.00
11032026|520111|0000000000002340|0000000005570955|0000000000005175|0000000012326294|045.22
11032026|520113|0000000000003900|0000000001963650|0000000000006170|0000000003123848|063.21
11032026|520119|0000000000000219|0000000000093897|0000000000000335|0000000000146412|065.37
11032026|520121|0000000000000232|0000000000003941|0000000000000232|0000000000003941|100.00
11032026|520123|0000000000005078|0000000000317325|0000000000005563|0000000000349816|091.28
11032026|520127|0000000000002522|0000000000032156|0000000000002523|0000000000032154|099.96
11032026|520141|0000000000002996|0000000000023759|0000000000004240|0000000000033036|070.66
11032026|520151|0000000000002426|0000000000328360|0000000000003254|0000000000443530|074.55
11032026|520155|0000000000002861|0000000000111579|0000000000002875|0000000000110239|099.51
11032026|521005|0000000006187371|0000000004640529|0000000007362737|0000000005581552|084.04
11032026|521014|0000000000000001|0000000000000014|0000000000000001|0000000000000014|100.00
11032026|521016|0000000000011982|0000000002975730|0000000000020825|0000000005264972|057.54
11032026|521034|0000000000004916|0000000000515231|0000000000004916|0000000000515231|100.00
11032026|521054|0000000000000266|0000000000002461|0000000000000266|0000000000002643|100.00
11032026|521062|0000000000002956|0000000000013273|0000000000002958|0000000000012302|099.93
11032026|521064|0000000000118783|0000000002753390|0000000000246291|0000000005738117|048.23
11032026|521068|0000000000000300|0000000000016368|0000000000000300|0000000000016368|100.00
11032026|521070|0000000000173735|0000000002310676|0000000000358017|0000000004813162|048.53
11032026|521080|0000000000000865|0000000000005277|0000000000000865|0000000000005291|100.00
11032026|521097|0000000000001062|0000000000146556|0000000000001126|0000000000156125|094.32
11032026|521105|0000000000000005|0000000000000153|0000000000000007|0000000000000214|071.43
11032026|521113|0000000000026468|0000000002063446|0000000000030094|0000000002371203|087.95
11032026|521131|0000000000000311|0000000000007838|0000000000000321|0000000000008065|096.88
11032026|521137|0000000000020726|0000000000102180|0000000000057052|0000000000279010|036.33
11032026|521141|0000000000008013|0000000000131734|0000000000008013|0000000000129070|100.00
11032026|521149|0000000000000583|0000000000004845|0000000000000612|0000000000004675|095.26
11032026|521151|0000000000000011|0000000000000680|0000000000000012|0000000000000740|091.67
11032026|521163|0000000000005387|0000000000383339|0000000000005387|0000000000393151|100.00
11032026|521178|0000000000000353|0000000000013658|0000000000000353|0000000000013187|100.00
11032026|521180|0000000000011654|0000000000061067|0000000000012607|0000000000067797|092.44
11032026|521194|0000000000000044|0000000000018212|0000000000000045|0000000000018679|097.78
11032026|521200|0000000000000526|0000000000028021|0000000000000528|0000000000028119|099.62
11032026|521206|0000000000007411|0000000000010079|0000000000008811|0000000000011621|084.11
11032026|521210|0000000000000080|0000000000001182|0000000000000080|0000000000001181|100.00
11032026|521216|0000000000002101|0000000000160475|0000000000002420|0000000000187035|086.82
11032026|521220|0000000000000647|0000000000015399|0000000000000684|0000000000016435|094.59
11032026|521222|0000000000000164|0000000000006929|0000000000000164|0000000000007347|100.00
11032026|521226|0000000000021108|0000000000442635|0000000000023843|0000000000506249|088.53
11032026|521228|0000000000019116|0000000000046644|0000000000024993|0000000000060773|076.49
11032026|521234|0000000000000574|0000000000016916|0000000000000588|0000000000017397|097.62
11032026|521238|0000000000005250|0000000000473183|0000000000007508|0000000000681026|069.93
11032026|521240|0000000000000151|0000000000014355|0000000000000151|0000000000015220|100.00
11032026|521244|0000000000000226|0000000000023742|0000000000000249|0000000000026341|090.76
11032026|521246|0000000000007723|0000000000016571|0000000000007723|0000000000016571|100.00
11032026|521248|0000000000066762|0000000011192650|0000000000094278|0000000015933649|070.81
11032026|522001|0000000000000891|0000000000059261|0000000000000915|0000000000059827|097.38
11032026|522004|0000000000019434|0000000001566575|0000000000025132|0000000002046299|077.33
11032026|522005|0000000000001660|0000000000190900|0000000000001847|0000000000215478|089.88
11032026|522014|0000000000002350|0000000000422765|0000000000005844|0000000001048028|040.21
11032026|522017|0000000000001353|0000000000764784|0000000000001764|0000000001014119|076.70
11032026|522029|0000000000000358|0000000000087907|0000000000000480|0000000000117627|074.58
11032026|522034|0000000000008582|0000000003970463|0000000000009040|0000000004150154|094.93
11032026|522064|0000000000000079|0000000000163637|0000000000000088|0000000000185837|089.77
11032026|522073|0000000000000002|0000000000001212|0000000000000002|0000000000001212|100.00
11032026|522074|0000000000005955|0000000002979585|0000000000014164|0000000007190673|042.04
11032026|522091|0000000000005788|0000000000195865|0000000000005788|0000000000195865|100.00
11032026|522101|0000000000034923|0000000017664054|0000000000056824|0000000028828828|061.46
11032026|522105|0000000000021215|0000000000670819|0000000000028652|0000000000929047|074.04
11032026|522108|0000000000000166|0000000000118408|0000000000000190|0000000000136087|087.37
11032026|522113|0000000000000840|0000000002863770|0000000000001327|0000000004517184|063.30
11032026|522122|0000000000000082|0000000000124542|0000000000000086|0000000000129334|095.35
11032026|522134|0000000000002873|0000000000404806|0000000000002974|0000000000412892|096.60
11032026|522152|0000000000000707|0000000000071485|0000000000001035|0000000000109809|068.31
11032026|522163|0000000000019035|0000000002620168|0000000000027782|0000000003863587|068.52
11032026|522165|0000000000004663|0000000000173278|0000000000006483|0000000000243562|071.93
11032026|522183|0000000000001432|0000000000347404|0000000000001774|0000000000437924|080.72
11032026|522195|0000000000012029|0000000055426625|0000000000019755|0000000090799692|060.89
11032026|522205|0000000000033249|0000000010428549|0000000000077556|0000000024369936|042.87
11032026|522207|0000000000017537|0000000000969095|0000000000017541|0000000001044938|099.98
11032026|522209|0000000000133969|0000000000750227|0000000000135262|0000000000686031|099.04
11032026|522215|0000000000007032|0000000002171834|0000000000010059|0000000003118511|069.91
11032026|522217|0000000000000727|0000000000292036|0000000000000918|0000000000372742|079.19
11032026|522229|0000000000050608|0000000013342800|0000000000056024|0000000015097217|090.33
11032026|522231|0000000000002602|0000000000163172|0000000000003569|0000000000229755|072.91
11032026|522235|0000000000004297|0000000000010013|0000000000005618|0000000000013089|076.49
11032026|522237|0000000000000595|0000000000013388|0000000000000860|0000000000019619|069.19
11032026|522241|0000000000000967|0000000000438390|0000000000001750|0000000000795461|055.26
11032026|522245|0000000000007868|0000000000130373|0000000000007868|0000000000130372|100.00
11032026|522249|0000000000001464|0000000000748544|0000000000001792|0000000000923507|081.70
11032026|522251|0000000000003489|0000000000689776|0000000000004931|0000000001004984|070.76
11032026|522257|0000000000212515|0000000012808280|0000000000240758|0000000014665842|088.27
11032026|522261|0000000000011811|0000000004753337|0000000000026992|0000000011589116|043.76
11032026|522267|0000000000002888|0000000000098741|0000000000002908|0000000000104692|099.31
11032026|522273|0000000000004141|0000000000630468|0000000000004499|0000000000696963|092.04
11032026|522275|0000000000008247|0000000031203350|0000000000012444|0000000047397312|066.27
11032026|522281|0000000000008542|0000000002799641|0000000000013295|0000000004371415|064.25
11032026|522285|0000000000121619|0000000008932916|0000000000204802|0000000015256931|059.38
11032026|522287|0000000000001047|0000000001193633|0000000000001984|0000000002261165|052.77
11032026|522289|0000000000001560|0000000000123361|0000000000001560|0000000000123361|100.00
11032026|522292|0000000000110605|0000000016800900|0000000000175899|0000000026653520|062.88
11032026|522294|0000000000000155|0000000000029140|0000000000000155|0000000000029153|100.00
11032026|522295|0000000000000596|0000000000377537|0000000000000773|0000000000490953|077.10
11032026|522650|0000000000004817|0000000000391671|0000000000006553|0000000000540104|073.51
11032026|523007|0000000000000054|0000000000005506|0000000000000075|0000000000007806|072.00
11032026|523011|0000000000000001|0000000000000083|0000000000000001|0000000000000083|100.00
11032026|523019|0000000000031253|0000000000442856|0000000000038471|0000000000551699|081.24
11032026|523021|0000000000000130|0000000000005181|0000000000000135|0000000000005301|096.30
11032026|523023|0000000000003260|0000000000237752|0000000000004002|0000000000291567|081.46
11032026|523025|0000000000001992|0000000003288394|0000000000002942|0000000004876627|067.71
11032026|523062|0000000000000853|0000000000049135|0000000000000853|0000000000049135|100.00
11032026|523100|0000000000016940|0000000001555939|0000000000017351|0000000001610315|097.63
11032026|523105|0000000001077469|0000000007509959|0000000001324160|0000000009301074|081.37
11032026|523116|0000000000000002|0000000000001326|0000000000000002|0000000000001320|100.00
11032026|523120|0000000000001943|0000000000206748|0000000000001943|0000000000206748|100.00
11032026|523127|0000000000000535|0000000000167375|0000000000000716|0000000000224740|074.72
11032026|523144|0000000000018719|0000000000422676|0000000000024409|0000000000538786|076.69
11032026|523151|0000000000000413|0000000000003800|0000000000000413|0000000000003467|100.00
11032026|523160|0000000000000370|0000000000477652|0000000000000381|0000000000491943|097.11
11032026|523186|0000000000000012|0000000000001918|0000000000000022|0000000000003471|054.55
11032026|523204|0000000000043450|0000000001125068|0000000000043450|0000000001125068|100.00
11032026|523207|0000000000001598|0000000000123494|0000000000001975|0000000000154174|080.91
11032026|523222|0000000000026686|0000000000470676|0000000000026686|0000000000470676|100.00
11032026|523229|0000000000002897|0000000000500457|0000000000005732|0000000001005321|050.54
11032026|523232|0000000000001656|0000000000129847|0000000000002490|0000000000194652|066.51
11032026|523242|0000000000009500|0000000000066438|0000000000009500|0000000000066438|100.00
11032026|523248|0000000000000363|0000000000094943|0000000000000427|0000000000113608|085.01
11032026|523260|0000000000001285|0000000000022359|0000000000001520|0000000000026498|084.54
11032026|523261|0000000000013159|0000000016953398|0000000000014112|0000000018363951|093.25
11032026|523269|0000000000001154|0000000000060378|0000000000001518|0000000000080035|076.02
11032026|523283|0000000000001096|0000000000157660|0000000000001164|0000000000168775|094.16
11032026|523289|0000000000004826|0000000000694944|0000000000006546|0000000000920727|073.72
11032026|523301|0000000000000252|0000000000612222|0000000000000293|0000000000723489|086.01
11032026|523309|0000000000012733|0000000001035830|0000000000012943|0000000001057629|098.38
11032026|523319|0000000000007500|0000000001283250|0000000000011571|0000000001989236|064.82
11032026|523323|0000000000000841|0000000004470336|0000000000001386|0000000007356384|060.68
11032026|523329|0000000000000204|0000000000184212|0000000000000204|0000000000202715|100.00
11032026|523367|0000000000000576|0000000000570240|0000000000000995|0000000000996331|057.89
11032026|523369|0000000000019555|0000000000695181|0000000000023938|0000000000861804|081.69
11032026|523371|0000000000002450|0000000000198205|0000000000002978|0000000000239890|082.27
11032026|523373|0000000000037379|0000000000673570|0000000000047256|0000000000866183|079.10
11032026|523384|0000000000001130|0000000000121961|0000000000001393|0000000000145329|081.12
11032026|523385|0000000000000480|0000000000628008|0000000000000498|0000000000657694|096.39
11032026|523387|0000000000331080|0000000000496620|0000000000424267|0000000000634415|078.04
11032026|523391|0000000000005223|0000000001245425|0000000000005379|0000000001290408|097.10
11032026|523395|0000000000000088|0000000002969662|0000000000000158|0000000005411913|055.70
11032026|523398|0000000000001195|0000000001570828|0000000000001332|0000000001772067|089.71
11032026|523405|0000000000068600|0000000008341760|0000000000210252|0000000026261030|032.63
11032026|523411|0000000000002924|0000000003797984|0000000000003023|0000000003930499|096.73
11032026|523419|0000000000000393|0000000000003384|0000000000000448|0000000000003870|087.72
11032026|523445|0000000000001782|0000000001224145|0000000000005775|0000000004049725|030.86
11032026|523449|0000000000000742|0000000000032470|0000000000000793|0000000000034752|093.57
11032026|523457|0000000000002441|0000000016547173|0000000000004178|0000000028186037|058.42
11032026|523465|0000000000000957|0000000000040290|0000000000001392|0000000000058853|068.75
11032026|523467|0000000000099548|0000000000207949|0000000000099548|0000000000207949|100.00
11032026|523475|0000000000006872|0000000005179083|0000000000007707|0000000005826545|089.17
11032026|523483|0000000000003319|0000000000438938|0000000000003958|0000000000531951|083.86
11032026|523489|0000000000000344|0000000000012969|0000000000000433|0000000000016507|079.45
11032026|523537|0000000000006560|0000000000263712|0000000000006576|0000000000262946|099.76
11032026|523539|0000000000014207|0000000004872291|0000000000036012|0000000012470939|039.45
11032026|523550|0000000000000739|0000000000027284|0000000000000764|0000000000027924|096.73
11032026|523558|0000000000527040|0000000008506426|0000000000655971|0000000010607037|080.34
11032026|523566|0000000000002357|0000000000106678|0000000000002456|0000000000110798|095.97
11032026|523574|0000000000013667|0000000000006696|0000000000013667|0000000000006696|100.00
11032026|523586|0000000000000510|0000000000120156|0000000000000605|0000000000143592|084.30
11032026|523594|0000000000001421|0000000000029358|0000000000001560|0000000000032234|091.09
11032026|523598|0000000000085955|0000000020637796|0000000000242936|0000000060544063|035.38
11032026|523606|0000000000011489|0000000011724525|0000000000024827|0000000025423975|046.28
11032026|523610|0000000000009940|0000000002520287|0000000000025277|0000000006552965|039.32
11032026|523618|0000000000013550|0000000013025615|0000000000028881|0000000028732114|046.92
11032026|523620|0000000000000100|0000000000008950|0000000000000100|0000000000008950|100.00
11032026|523630|0000000000167888|0000000012593279|0000000000537685|0000000041907716|031.22
11032026|523638|0000000000000123|0000000000013310|0000000000000123|0000000000013310|100.00
11032026|523642|0000000000000930|0000000002800184|0000000000001951|0000000005957011|047.67
11032026|523648|0000000000000365|0000000000051885|0000000000000366|0000000000052265|099.73
11032026|523650|0000000000023167|0000000001094660|0000000000023167|0000000001094660|100.00
11032026|523652|0000000000000050|0000000000001400|0000000000000100|0000000000002735|050.00
11032026|523660|0000000000039000|0000000001731506|0000000000039000|0000000001731506|100.00
11032026|523672|0000000000011324|0000000000465190|0000000000012402|0000000000522861|091.31
11032026|523676|0000000000002870|0000000000822112|0000000000004613|0000000001314898|062.22
11032026|523694|0000000000000404|0000000000147602|0000000000000563|0000000000207138|071.76
11032026|523696|0000000000013566|0000000000681285|0000000000016604|0000000000845768|081.70
11032026|523704|0000000000001335|0000000002105629|0000000000001911|0000000003012274|069.86
11032026|523708|0000000000000287|0000000000444879|0000000000000323|0000000000502959|088.85
11032026|523710|0000000000002409|0000000000660548|0000000000002409|0000000000660634|100.00
11032026|523716|0000000000000890|0000000000275811|0000000000001156|0000000000358816|076.99
11032026|523722|0000000000039792|0000000000320325|0000000000039792|0000000000320325|100.00
11032026|523732|0000000000004164|0000000000226980|0000000000006434|0000000000357241|064.72
11032026|523736|0000000000000509|0000000000111624|0000000000000660|0000000000145890|077.12
11032026|523752|0000000000022601|0000000000120690|0000000000027836|0000000000151071|081.19
11032026|523754|0000000000011611|0000000001313205|0000000000011816|0000000001358778|098.26
11032026|523782|0000000000001276|0000000000018183|0000000000001383|0000000000020022|092.26
11032026|523792|0000000000000963|0000000000185282|0000000000001116|0000000000215935|086.29
11032026|523796|0000000000000950|0000000000140610|0000000000000950|0000000000140610|100.00
11032026|523826|0000000000001142|0000000000022913|0000000000001142|0000000000022913|100.00
11032026|523828|0000000000009119|0000000001155834|0000000000013558|0000000001671708|067.26
11032026|523832|0000000000000178|0000000000003374|0000000000000178|0000000000003374|100.00
11032026|523836|0000000000000502|0000000000018916|0000000000000702|0000000000026579|071.51
11032026|523838|0000000000006363|0000000001122116|0000000000008745|0000000001571985|072.76
11032026|523840|0000000000002633|0000000000041470|0000000000002690|0000000000042489|097.88
11032026|523842|0000000000042873|0000000000271387|0000000000044016|0000000000283805|097.40
11032026|523844|0000000000001263|0000000000070009|0000000000001549|0000000000085379|081.54
11032026|523850|0000000000006456|0000000002703450|0000000000009461|0000000003923680|068.24
11032026|523862|0000000000001090|0000000000033790|0000000000001111|0000000000034257|098.11
11032026|523874|0000000000008389|0000000000946491|0000000000008389|0000000000946491|100.00
11032026|523888|0000000000000892|0000000000067801|0000000000000912|0000000000069397|097.81
11032026|524000|0000000000033293|0000000013914810|0000000000062448|0000000026206607|053.31
11032026|524019|0000000000000041|0000000000170446|0000000000000052|0000000000216445|078.85
11032026|524037|0000000000003997|0000000000476643|0000000000004479|0000000000535680|089.24
11032026|524038|0000000000000467|0000000000002392|0000000000000467|0000000000002388|100.00
11032026|524051|0000000000003494|0000000002921159|0000000000005754|0000000004853943|060.72
11032026|524075|0000000000000342|0000000000236032|0000000000000371|0000000000256175|092.18
11032026|524080|0000000000000526|0000000000028904|0000000000000526|0000000000028060|100.00
11032026|524091|0000000000000948|0000000000801819|0000000000002001|0000000001711752|047.38
11032026|524109|0000000000000954|0000000000227243|0000000000001487|0000000000359546|064.16
11032026|524129|0000000000001576|0000000000314412|0000000000001818|0000000000367918|086.69
11032026|524136|0000000000002111|0000000000662432|0000000000002730|0000000000880284|077.33
11032026|524156|0000000000004226|0000000000189452|0000000000004683|0000000000210950|090.24
11032026|524164|0000000000037035|0000000002654669|0000000000063441|0000000004620038|058.38
11032026|524174|0000000000018165|0000000000447768|0000000000025073|0000000000619430|072.45
11032026|524200|0000000000000465|0000000000657162|0000000000000781|0000000001106002|059.54
11032026|524202|0000000000002554|0000000000240179|0000000000004224|0000000000397522|060.46
11032026|524204|0000000000000259|0000000000028465|0000000000000259|0000000000028640|100.00
11032026|524208|0000000000021845|0000000009400996|0000000000054116|0000000023162693|040.37
11032026|524210|0000000000000572|0000000000020020|0000000000000634|0000000000022011|090.22
11032026|524212|0000000000000255|0000000000062530|0000000000000255|0000000000062530|100.00
11032026|524218|0000000000010127|0000000000928343|0000000000018534|0000000001677176|054.64
11032026|524226|0000000000007632|0000000001010477|0000000000014425|0000000001912731|052.91
11032026|524230|0000000000217728|0000000026682567|0000000000922428|0000000116122246|023.60
11032026|524238|0000000000044019|0000000003042275|0000000000044019|0000000003042275|100.00
11032026|524280|0000000000030406|0000000003776426|0000000000034590|0000000004378469|087.90
11032026|524288|0000000000005540|0000000000261211|0000000000006398|0000000000307455|086.59
11032026|524314|0000000000004789|0000000000186963|0000000000005032|0000000000195308|095.17
11032026|524322|0000000000038802|0000000001161732|0000000000058148|0000000001783410|066.73
11032026|524324|0000000000002025|0000000000019662|0000000000002025|0000000000019662|100.00
11032026|524330|0000000000001925|0000000000355933|0000000000003381|0000000000625910|056.94
11032026|524332|0000000000023155|0000000000660844|0000000000030779|0000000000881027|075.23
11032026|524336|0000000000000628|0000000000063931|0000000000000630|0000000000064088|099.68
11032026|524342|0000000000001365|0000000000335449|0000000000001500|0000000000369209|091.00
11032026|524348|0000000000006432|0000000002271140|0000000000009597|0000000003404919|067.02
11032026|524370|0000000000018536|0000000000823555|0000000000020190|0000000000894798|091.81
11032026|524372|0000000000003216|0000000001687275|0000000000005888|0000000003073726|054.62
11032026|524394|0000000000016343|0000000007234229|0000000000021206|0000000009522980|077.07
11032026|524396|0000000000000050|0000000000001523|0000000000000064|0000000000001947|078.12
11032026|524400|0000000000008764|0000000000670797|0000000000009447|0000000000761621|092.77
11032026|524404|0000000000013475|0000000002330502|0000000000020299|0000000003529578|066.38
11032026|524408|0000000000000011|0000000000001485|0000000000000011|0000000000001510|100.00
11032026|524412|0000000000001573|0000000000107075|0000000000001781|0000000000124289|088.32
11032026|524414|0000000000000181|0000000000002534|0000000000000300|0000000000004201|060.33
11032026|524434|0000000000014611|0000000000121126|0000000000016807|0000000000142963|086.93
11032026|524440|0000000000002352|0000000000070913|0000000000002640|0000000000078830|089.09
11032026|524444|0000000013831311|0000000020055401|0000000024055998|0000000034962277|057.50
11032026|524458|0000000000015015|0000000000155256|0000000000021564|0000000000227529|069.63
11032026|524470|0000000000084581|0000000001049651|0000000000147042|0000000001831402|057.52
11032026|524480|0000000000000879|0000000000407461|0000000000000986|0000000000467058|089.15
11032026|524488|0000000000018035|0000000000040940|0000000000023202|0000000000052635|077.73
11032026|524494|0000000000791952|0000001213428855|0000000000805631|0000001228836820|098.30
11032026|524500|0000000000000704|0000000000223239|0000000000001198|0000000000381002|058.76
11032026|524502|0000000000000100|0000000000008446|0000000000000100|0000000000008446|100.00
11032026|524506|0000000000001879|0000000000845644|0000000000001896|0000000000852865|099.10
11032026|524516|0000000000060338|0000000002907085|0000000000064042|0000000003174280|094.22
11032026|524518|0000000000000001|0000000000000056|0000000000000001|0000000000000055|100.00
11032026|524520|0000000000059031|0000000004964508|0000000000091889|0000000007690913|064.24
11032026|524522|0000000000000536|0000000000016113|0000000000000691|0000000000020845|077.57
11032026|524534|0000000000004597|0000000000687022|0000000000007541|0000000001139035|060.96
11032026|524542|0000000000000488|0000000000088597|0000000000000655|0000000000117299|074.50
11032026|524548|0000000000000014|0000000000001355|0000000000000014|0000000000001362|100.00
11032026|524558|0000000000000804|0000000010306758|0000000000001563|0000000020193801|051.44
11032026|524564|0000000000008957|0000000000124861|0000000000009379|0000000000130177|095.50
11032026|524570|0000000000000010|0000000000002241|0000000000000013|0000000000002923|076.92
11032026|524572|0000000000007849|0000000000279346|0000000000008639|0000000000309789|090.86
11032026|524576|0000000000022909|0000000000477424|0000000000023360|0000000000488344|098.07
11032026|524580|0000000000000016|0000000000000312|0000000000000026|0000000000000535|061.54
11032026|524582|0000000000009517|0000000001494645|0000000000009529|0000000001486535|099.87
11032026|524590|0000000000000301|0000000000004346|0000000000000301|0000000000004346|100.00
11032026|524592|0000000000016005|0000000000192541|0000000000019484|0000000000230252|082.14
11032026|524594|0000000000001456|0000000000182146|0000000000001457|0000000000184252|099.93
11032026|524598|0000000000001025|0000000000176352|0000000000001164|0000000000204336|088.06
11032026|524602|0000000000000703|0000000000021583|0000000000000803|0000000000023627|087.55
11032026|524606|0000000000007579|0000000000159917|0000000000009856|0000000000201843|076.90
11032026|524614|0000000000018518|0000000000120923|0000000000024162|0000000000154348|076.64
11032026|524622|0000000000016028|0000000000770114|0000000000016028|0000000000770114|100.00
11032026|524624|0000000000008114|0000000000171044|0000000000017454|0000000000365283|046.49
11032026|524628|0000000000000022|0000000000000378|0000000000000022|0000000000000375|100.00
11032026|524632|0000000000193436|0000000008197495|0000000000193436|0000000008197495|100.00
11032026|524634|0000000000002751|0000000001187332|0000000000004996|0000000002167984|055.06
11032026|524636|0000000000008072|0000000000404569|0000000000010213|0000000000515524|079.04
11032026|524640|0000000000003817|0000000000144932|0000000000004001|0000000000151994|095.40
11032026|524642|0000000000000770|0000000000001008|0000000000000770|0000000000001008|100.00
11032026|524648|0000000000040651|0000000004109817|0000000000041524|0000000004193193|097.90
11032026|524654|0000000000000241|0000000000036367|0000000000000247|0000000000037131|097.57
11032026|524661|0000000003712831|0000000001076721|0000000007127793|0000000002049703|052.09
11032026|524663|0000000000016819|0000000000284073|0000000000023348|0000000000397700|072.04
11032026|524667|0000000000004214|0000000001469422|0000000000004225|0000000001474193|099.74
11032026|524669|0000000000000848|0000000001224088|0000000000001141|0000000001722527|074.32
11032026|524675|0000000000027504|0000000000442265|0000000000040036|0000000000624489|068.70
11032026|524687|0000000000057022|0000000000599872|0000000000112224|0000000001166099|050.81
11032026|524703|0000000000001232|0000000000043552|0000000000001252|0000000000044228|098.40
11032026|524709|0000000000005356|0000000000655843|0000000000011999|0000000001494161|044.64
11032026|524711|0000000000168617|0000000001106128|0000000000172147|0000000001129327|097.95
11032026|524715|0000000000022276|0000000040651473|0000000000056248|0000000102979474|039.60
11032026|524717|0000000000228928|0000000084588896|0000000000390115|0000000143006444|058.68
11032026|524731|0000000000000481|0000000000481025|0000000000000590|0000000000600649|081.53
11032026|524735|0000000000012969|0000000002326639|0000000000027297|0000000004998444|047.51
11032026|524742|0000000000002650|0000000004471345|0000000000005901|0000000010018236|044.91
11032026|524743|0000000000041194|0000000001509349|0000000000047355|0000000001718150|086.99
11032026|524748|0000000000000540|0000000000015061|0000000000000777|0000000000020652|069.50
11032026|524752|0000000000002250|0000000000013500|0000000000002251|0000000000013747|099.96
11032026|524768|0000000000000775|0000000000019949|0000000000000846|0000000000021243|091.61
11032026|524774|0000000000000407|0000000000985592|0000000000001103|0000000002697366|036.90
11032026|524790|0000000000002217|0000000000638386|0000000000002739|0000000000802492|080.94
11032026|524804|0000000000015414|0000000020109105|0000000000040241|0000000052657993|038.30
11032026|524808|0000000000000629|0000000000016279|0000000000000730|0000000000019165|086.16
11032026|524816|0000000000042014|0000000042667318|0000000000088414|0000000090872077|047.52
11032026|524818|0000000000001205|0000000000116259|0000000000001305|0000000000127111|092.34
11032026|524820|0000000000000317|0000000000086573|0000000000000439|0000000000121300|072.21
11032026|524824|0000000000000515|0000000000036967|0000000000000535|0000000000038052|096.26
11032026|524828|0000000000000807|0000000000294273|0000000000000929|0000000000342027|086.87
11032026|526001|0000000000000502|0000000000015868|0000000000000502|0000000000015868|100.00
11032026|526025|0000000000016459|0000000000206232|0000000000017465|0000000000212861|094.24
11032026|526027|0000000000013787|0000000001278055|0000000000016054|0000000001526676|085.88
11032026|526043|0000000000001007|0000000000047914|0000000000001100|0000000000049525|091.55
11032026|526071|0000000000005090|0000000003243508|0000000000005090|0000000003243508|100.00
11032026|526073|0000000000000039|0000000000018847|0000000000000040|0000000000019273|097.50
11032026|526075|0000000000007363|0000000000212260|0000000000007363|0000000000212260|100.00
11032026|526081|0000000000000150|0000000000004350|0000000000000150|0000000000004350|100.00
11032026|526095|0000000000000011|0000000000000451|0000000000000017|0000000000000684|064.71
11032026|526113|0000000000000153|0000000000002448|0000000000000153|0000000000002447|100.00
11032026|526115|0000000000001730|0000000000020345|0000000000002911|0000000000032059|059.43
11032026|526117|0000000000000079|0000000000031205|0000000000000079|0000000000031009|100.00
11032026|526125|0000000000000706|0000000000166864|0000000000000956|0000000000228845|073.85
11032026|526133|0000000000005149|0000000000031924|0000000000007204|0000000000044089|071.47
11032026|526137|0000000000003233|0000000000321361|0000000000003257|0000000000325217|099.26
11032026|526139|0000000000055066|0000000000149229|0000000000076662|0000000000199257|071.83
11032026|526143|0000000000006926|0000000000050560|0000000000006926|0000000000049434|100.00
11032026|526159|0000000000019592|0000000001267015|0000000000023967|0000000001555366|081.75
11032026|526161|0000000000000528|0000000000047520|0000000000000528|0000000000047520|100.00
11032026|526169|0000000000005409|0000000000939003|0000000000008896|0000000001556361|060.80
11032026|526173|0000000000077484|0000000001482269|0000000000118351|0000000002283798|065.47
11032026|526179|0000000000000139|0000000000030428|0000000000000206|0000000000044580|067.48
11032026|526187|0000000000000007|0000000000000030|0000000000000007|0000000000000029|100.00
11032026|526193|0000000000000441|0000000000008097|0000000000000515|0000000000009458|085.63
11032026|526211|0000000000000351|0000000000016652|0000000000000402|0000000000019096|087.31
11032026|526217|0000000000004764|0000000000621702|0000000000005502|0000000000736718|086.59
11032026|526227|0000000000090838|0000000003863341|0000000000144161|0000000006182008|063.01
11032026|526231|0000000000000277|0000000000014186|0000000000000500|0000000000025209|055.40
11032026|526237|0000000000000825|0000000000042216|0000000000000950|0000000000049167|086.84
11032026|526241|0000000000001511|0000000000020127|0000000000001561|0000000000021439|096.80
11032026|526247|0000000000005175|0000000002484000|0000000000012288|0000000005987908|042.11
11032026|526251|0000000000001023|0000000000018241|0000000000001053|0000000000017961|097.15
11032026|526263|0000000000005784|0000000000757415|0000000000006721|0000000000899473|086.06
11032026|526269|0000000000001357|0000000000116920|0000000000001472|0000000000128706|092.19
11032026|526299|0000000000003267|0000000007143786|0000000000005901|0000000012981843|055.36
11032026|526315|0000000000004854|0000000000239934|0000000000005170|0000000000258374|093.89
11032026|526325|0000000000000550|0000000000037736|0000000000000550|0000000000037664|100.00
11032026|526335|0000000000001681|0000000000011784|0000000000001681|0000000000011786|100.00
11032026|526345|0000000000039742|0000000001067471|0000000000052094|0000000001448395|076.29
11032026|526355|0000000000000175|0000000000008925|0000000000000175|0000000000008849|100.00
11032026|526365|0000000000000990|0000000000031720|0000000000001885|0000000000060341|052.52
11032026|526367|0000000000016426|0000000010278570|0000000000019427|0000000012586414|084.55
11032026|526371|0000000000349185|0000000027816078|0000000000610686|0000000049055233|057.18
11032026|526381|0000000000022803|0000000000228030|0000000000023090|0000000000226098|098.76
11032026|526397|0000000000001060|0000000000211523|0000000000001125|0000000000228267|094.22
11032026|526407|0000000000018463|0000000000188138|0000000000028725|0000000000297888|064.28
11032026|526409|0000000000038429|0000000000299747|0000000000051906|0000000000396440|074.04
11032026|526415|0000000000464928|0000000002120072|0000000000616521|0000000002842032|075.41
11032026|526423|0000000000000019|0000000000001552|0000000000000021|0000000000001681|090.48
11032026|526431|0000000000000400|0000000000008632|0000000000000400|0000000000008745|100.00
11032026|526433|0000000000015377|0000000035746144|0000000000021801|0000000051008976|070.53
11032026|526435|0000000000000106|0000000000008903|0000000000000297|0000000000024632|035.69
11032026|526439|0000000000000478|0000000000004996|0000000000000478|0000000000005160|100.00
11032026|526441|0000000000002728|0000000000003311|0000000000002728|0000000000003311|100.00
11032026|526443|0000000000020348|0000000002308481|0000000000023252|0000000002637939|087.51
11032026|526445|0000000000333551|0000000002491626|0000000000374006|0000000002870069|089.18
11032026|526468|0000000000001958|0000000000033678|0000000000003164|0000000000051588|061.88
11032026|526471|0000000000006300|0000000000126756|0000000000008035|0000000000161729|078.41
11032026|526473|0000000000009751|0000000000046805|0000000000011637|0000000000054748|083.79
11032026|526477|0000000000000001|0000000000000036|0000000000000001|0000000000000035|100.00
11032026|526479|0000000000001160|0000000000096304|0000000000001280|0000000000106276|090.62
11032026|526481|0000000000065890|0000000002098597|0000000000066684|0000000002079084|098.81
11032026|526490|0000000000063266|0000000000503598|0000000000078736|0000000000623851|080.35
11032026|526492|0000000000000995|0000000000085113|0000000000001435|0000000000124606|069.34
11032026|526494|0000000000000501|0000000000005406|0000000000000501|0000000000004510|100.00
11032026|526500|0000000000000011|0000000000000238|0000000000000011|0000000000000237|100.00
11032026|526506|0000000000002862|0000000000200340|0000000000002896|0000000000202652|098.83
11032026|526508|0000000000033549|0000000000451906|0000000000038040|0000000000514243|088.19
11032026|526519|0000000000000520|0000000000044736|0000000000000520|0000000000045037|100.00
11032026|526521|0000000000012026|0000000000658665|0000000000012175|0000000000675636|098.78
11032026|526525|0000000000000320|0000000000005696|0000000000000320|0000000000005696|100.00
11032026|526530|0000000000020543|0000000001643851|0000000000021297|0000000001709470|096.46
11032026|526532|0000000000000061|0000000000000535|0000000000000061|0000000000000520|100.00
11032026|526544|0000000000324075|0000000000725928|0000000000372709|0000000000825696|086.95
11032026|526546|0000000000000556|0000000000053960|0000000000000841|0000000000082646|066.11
11032026|526550|0000000000004243|0000000000054184|0000000000004376|0000000000056432|096.96
11032026|526570|0000000000002388|0000000009914359|0000000000002388|0000000009914359|100.00
11032026|526582|0000000000001516|0000000000093992|0000000000001647|0000000000104306|092.05
11032026|526586|0000000000037211|0000000013075946|0000000000040017|0000000014348139|092.99
11032026|526588|0000000000000001|0000000000000015|0000000000000001|0000000000000014|100.00
11032026|526596|0000000000003358|0000000000756390|0000000000003811|0000000000874795|088.11
11032026|526604|0000000000001031|0000000000050529|0000000000001031|0000000000050529|100.00
11032026|526608|0000000000001689|0000000001036878|0000000000002150|0000000001338770|078.56
11032026|526612|0000000000000671|0000000003621052|0000000000001101|0000000005948873|060.94
11032026|526614|0000000000007887|0000000000462889|0000000000013889|0000000000837457|056.79
11032026|526616|0000000000002796|0000000000129763|0000000000003889|0000000000182190|071.90
11032026|526622|0000000000337682|0000000000131696|0000000000352905|0000000000139329|095.69
11032026|526638|0000000000107668|0000000008058950|0000000000126554|0000000009531689|085.08
11032026|526640|0000000000001380|0000000000040200|0000000000001981|0000000000059034|069.66
11032026|526642|0000000000006297|0000000000199552|0000000000008551|0000000000274337|073.64
11032026|526650|0000000000607120|0000000040142775|0000000000696345|0000000046824123|087.19
11032026|526654|0000000000000124|0000000000015314|0000000000000126|0000000000015308|098.41
11032026|526666|0000000000005006|0000000003549254|0000000000005024|0000000003562100|099.64
11032026|526668|0000000000005521|0000000001078804|0000000000007647|0000000001492241|072.20
11032026|526675|0000000000002562|0000000000056825|0000000000002562|0000000000056825|100.00
11032026|526677|0000000000003297|0000000000006594|0000000000003297|0000000000006566|100.00
11032026|526703|0000000000000214|0000000000093893|0000000000000278|0000000000119743|076.98
11032026|526705|0000000000000019|0000000000003576|0000000000000019|0000000000003575|100.00
11032026|526709|0000000000067923|0000000000540906|0000000000067923|0000000000540906|100.00
11032026|526711|0000000000000608|0000000000020095|0000000000000609|0000000000020151|099.84
11032026|526717|0000000000003537|0000000000633300|0000000000004160|0000000000740424|085.02
11032026|526721|0000000000001978|0000000000133515|0000000000002229|0000000000151386|088.74
11032026|526723|0000000000001722|0000000000276812|0000000000002828|0000000000453507|060.89
11032026|526725|0000000000000002|0000000000001896|0000000000000003|0000000000002860|066.67
11032026|526727|0000000000005363|0000000000506250|0000000000005363|0000000000506250|100.00
11032026|526729|0000000000012699|0000000003986217|0000000000024784|0000000007861985|051.24
11032026|526731|0000000000005487|0000000001139650|0000000000005743|0000000001157723|095.54
11032026|526739|0000000000001003|0000000000349596|0000000000001133|0000000000397871|088.53
11032026|526747|0000000000004752|0000000001103890|0000000000005622|0000000001310722|084.52
11032026|526755|0000000000001121|0000000000005919|0000000000001863|0000000000009586|060.17
11032026|526761|0000000000010172|0000000000241891|0000000000010251|0000000000242406|099.23
11032026|526775|0000000000008996|0000000009490801|0000000000008996|0000000009490801|100.00
11032026|526783|0000000000000184|0000000000883440|0000000000000246|0000000001179947|074.80
11032026|526797|0000000000007948|0000000001605894|0000000000017395|0000000003487668|045.69
11032026|526807|0000000000000712|0000000000938416|0000000000001895|0000000002506431|037.57
11032026|526813|0000000000003139|0000000000032646|0000000000003139|0000000000032725|100.00
11032026|526817|0000000000000043|0000000000042360|0000000000000045|0000000000044776|095.56
11032026|526821|0000000000003894|0000000000948579|0000000000004284|0000000001053170|090.90
11032026|526823|0000000000002823|0000000000018302|0000000000002823|0000000000018302|100.00
11032026|526827|0000000000015476|0000000003572395|0000000000015476|0000000003572395|100.00
11032026|526829|0000000000025809|0000000000761108|0000000000044395|0000000001320228|058.13
11032026|526839|0000000000000041|0000000000000604|0000000000000041|0000000000000603|100.00
11032026|526841|0000000000000410|0000000000010820|0000000000000410|0000000000010813|100.00
11032026|526847|0000000000001690|0000000000041034|0000000000001970|0000000000047878|085.79
11032026|526849|0000000000000103|0000000000011573|0000000000000110|0000000000012506|093.64
11032026|526853|0000000000007154|0000000000409925|0000000000010946|0000000000633514|065.36
11032026|526859|0000000000070086|0000000000063779|0000000000077286|0000000000070330|090.68
11032026|526861|0000000000001937|0000000000197284|0000000000002747|0000000000280060|070.51
11032026|526865|0000000000002611|0000000000011358|0000000000002611|0000000000011339|100.00
11032026|526869|0000000000000450|0000000000009158|0000000000000470|0000000000009562|095.74
11032026|526871|0000000000000874|0000000000008697|0000000000000874|0000000000008436|100.00
11032026|526873|0000000000000949|0000000000033785|0000000000001360|0000000000048510|069.78
11032026|526877|0000000000000004|0000000000000093|0000000000000005|0000000000000117|080.00
11032026|526881|0000000000002548|0000000001517717|0000000000005978|0000000003665447|042.62
11032026|526883|0000000000000100|0000000000001714|0000000000000100|0000000000001714|100.00
11032026|526885|0000000000001703|0000000000137075|0000000000001988|0000000000160716|085.66
11032026|526887|0000000000000001|0000000000000005|0000000000000001|0000000000000004|100.00
11032026|526891|0000000000000016|0000000000000224|0000000000000016|0000000000000223|100.00
11032026|526899|0000000000030886|0000000000271180|0000000000034533|0000000000306610|089.44
11032026|526901|0000000000000652|0000000000024320|0000000000000752|0000000000028039|086.70
11032026|526905|0000000000001872|0000000000017712|0000000000001872|0000000000017712|100.00
11032026|526921|0000000000001896|0000000000066266|0000000000001896|0000000000065063|100.00
11032026|526931|0000000000003332|0000000000328036|0000000000004034|0000000000394107|082.60
11032026|526935|0000000001356490|0000000118267080|0000000001356490|0000000118267080|100.00
11032026|526947|0000000000002634|0000000000510996|0000000000003130|0000000000607177|084.15
11032026|526951|0000000000000147|0000000000325436|0000000000000555|0000000001229595|026.49
11032026|526953|0000000000008560|0000000007388136|0000000000010596|0000000009063137|080.79
11032026|526961|0000000000732371|0000000003105254|0000000000750134|0000000003170435|097.63
11032026|526965|0000000000005554|0000000000536517|0000000000005844|0000000000577020|095.04
11032026|526967|0000000000016500|0000000000099000|0000000000016569|0000000000099738|099.58
11032026|526971|0000000000000184|0000000000036718|0000000000000295|0000000000058504|062.37
11032026|526981|0000000000001945|0000000000306824|0000000000002098|0000000000330907|092.71
11032026|526987|0000000000082672|0000000000747355|0000000000147875|0000000001350953|055.91
11032026|527001|0000000000013108|0000000006955105|0000000000035894|0000000019586739|036.52
11032026|527005|0000000000000017|0000000000002094|0000000000000021|0000000000002595|080.95
11032026|530001|0000000000001870|0000000000835142|0000000000002890|0000000001290296|064.71
11032026|530005|0000000000005833|0000000002142461|0000000000011344|0000000004223603|051.42
11032026|530007|0000000000037591|0000000016348326|0000000000078966|0000000034870175|047.60
11032026|530017|0000000000001866|0000000000025901|0000000000002009|0000000000027749|092.88
11032026|530019|0000000000006360|0000000005144604|0000000000010688|0000000008652696|059.51
11032026|530023|0000000000000962|0000000000095210|0000000000001156|0000000000113692|083.22
11032026|530025|0000000000021268|0000000000296476|0000000000031743|0000000000427467|067.00
11032026|530027|0000000000019743|0000000000168317|0000000000019743|0000000000168317|100.00
11032026|530037|0000000000002151|0000000000154378|0000000000002494|0000000000178572|086.25
11032026|530043|0000000000000529|0000000000130452|0000000000000587|0000000000145719|090.12
11032026|530045|0000000000054634|0000000002158590|0000000000060978|0000000002398686|089.60
11032026|530053|0000000000008521|0000000000038941|0000000000011779|0000000000054406|072.34
11032026|530057|0000000000071688|0000000000142660|0000000000082429|0000000000165920|086.97
11032026|530063|0000000000000836|0000000000004035|0000000000000836|0000000000004035|100.00
11032026|530065|0000000000000320|0000000000004880|0000000000000322|0000000000004843|099.38
11032026|530067|0000000000050494|0000000012896168|0000000000050659|0000000012255307|099.67
11032026|530073|0000000000007555|0000000001810178|0000000000012964|0000000003145306|058.28
11032026|530075|0000000000006194|0000000003520980|0000000000013423|0000000007485716|046.14
11032026|530077|0000000000004654|0000000000813985|0000000000004864|0000000000852917|095.68
11032026|530079|0000000000001654|0000000000746146|0000000000001654|0000000000746146|100.00
11032026|530095|0000000002023505|0000000000388893|0000000002023505|0000000000388893|100.00
11032026|530109|0000000000084493|0000000000177436|0000000000102479|0000000000215689|082.45
11032026|530111|0000000000000401|0000000000011429|0000000000000402|0000000000011532|099.75
11032026|530117|0000000000000750|0000000002177475|0000000000001713|0000000004995733|043.78
11032026|530119|0000000000009885|0000000000297045|0000000000010832|0000000000325663|091.26
11032026|530125|0000000000001512|0000000000344358|0000000000002091|0000000000481440|072.31
11032026|530127|0000000000000425|0000000000009376|0000000000000425|0000000000009355|100.00
11032026|530129|0000000000002167|0000000003459508|0000000000002659|0000000004276864|081.50
11032026|530133|0000000000002317|0000000000157232|0000000000002678|0000000000179193|086.52
11032026|530135|0000000000005651|0000000001962875|0000000000011000|0000000003915311|051.37
11032026|530139|0000000000002556|0000000000080514|0000000000003071|0000000000093875|083.23
11032026|530141|0000000000000189|0000000000006699|0000000000000194|0000000000006010|097.42
11032026|530145|0000000000112421|0000000002924071|0000000000133963|0000000003559075|083.92
11032026|530163|0000000000019250|0000000003761450|0000000000022448|0000000004474431|085.75
11032026|530167|0000000000001136|0000000000017040|0000000000001137|0000000000017078|099.91
11032026|530169|0000000000000223|0000000000006443|0000000000000319|0000000000009184|069.91
11032026|530171|0000000000004240|0000000000120459|0000000000005082|0000000000148859|083.43
11032026|530175|0000000000002328|0000000000116400|0000000000003011|0000000000146651|077.32
11032026|530179|0000000000140414|0000000003611449|0000000000166994|0000000004440097|084.08
11032026|530185|0000000000037115|0000000000159595|0000000000042769|0000000000186227|086.78
11032026|530187|0000000000013085|0000000000049723|0000000000014205|0000000000054011|092.12
11032026|530197|0000000000000267|0000000000083576|0000000000000267|0000000000083576|100.00
11032026|530199|0000000000000873|0000000000071150|0000000000001379|0000000000113663|063.31
11032026|530201|0000000000021105|0000000000059094|0000000000022555|0000000000063341|093.57
11032026|530207|0000000000000560|0000000000010780|0000000000000560|0000000000010330|100.00
11032026|530213|0000000000000020|0000000000001320|0000000000000032|0000000000001865|062.50
11032026|530215|0000000000006650|0000000000797335|0000000000011732|0000000001404830|056.68
11032026|530217|0000000000022604|0000000000247062|0000000000023160|0000000000258324|097.60
11032026|530231|0000000000000184|0000000000007360|0000000000000184|0000000000007360|100.00
11032026|530233|0000000000020104|0000000005755622|0000000000020104|0000000005755622|100.00
11032026|530235|0000000000001232|0000000000055761|0000000000001720|0000000000078656|071.63
11032026|530239|0000000000041285|0000000005829442|0000000000047837|0000000006823659|086.30
11032026|530245|0000000000000454|0000000000276850|0000000000000457|0000000000274506|099.34
11032026|530249|0000000000146962|0000000001748848|0000000000149451|0000000001780914|098.33
11032026|530251|0000000000530377|0000000000196240|0000000000718462|0000000000271273|073.82
11032026|530253|0000000000057289|0000000000970476|0000000000057989|0000000001019309|098.79
11032026|530255|0000000000027117|0000000000229953|0000000000030467|0000000000262468|089.00
11032026|530259|0000000000003609|0000000000120722|0000000000005008|0000000000161938|072.06
11032026|530263|0000000000132635|0000000000068971|0000000000156729|0000000000082305|084.63
11032026|530265|0000000000005511|0000000000192775|0000000000005621|0000000000196313|098.04
11032026|530267|0000000000000220|0000000000010565|0000000000000220|0000000000010564|100.00
11032026|530271|0000000000000002|0000000000000013|0000000000000002|0000000000000012|100.00
11032026|530281|0000000000000097|0000000000002215|0000000000000097|0000000000002214|100.00
11032026|530289|0000000000000262|0000000000014992|0000000000000262|0000000000014950|100.00
11032026|530295|0000000000000001|0000000000000030|0000000000000001|0000000000000029|100.00
11032026|530299|0000000000000879|0000000000055720|0000000000000997|0000000000063371|088.16
11032026|530305|0000000000004787|0000000002595273|0000000000011028|0000000006053623|043.41
11032026|530307|0000000000001414|0000000000351450|0000000000002310|0000000000577727|061.21
11032026|530309|0000000000004803|0000000000059798|0000000000007169|0000000000087980|067.00
11032026|530313|0000000000002124|0000000000063742|0000000000002560|0000000000077954|082.97
11032026|530315|0000000000055009|0000000005536656|0000000000056575|0000000005733035|097.23
11032026|530317|0000000000003820|0000000000312362|0000000000004261|0000000000356549|089.65
11032026|530331|0000000000000125|0000000000053782|0000000000000162|0000000000069249|077.16
11032026|530341|0000000000001419|0000000000161270|0000000000002072|0000000000239568|068.48
11032026|530343|0000000000019491|0000000004931223|0000000000026150|0000000006715002|074.54
11032026|530355|0000000000000805|0000000000226326|0000000000001878|0000000000519862|042.86
11032026|530357|0000000000131227|0000000000147050|0000000000131227|0000000000147050|100.00
11032026|530361|0000000000001016|0000000000039218|0000000000001363|0000000000054631|074.54
11032026|530363|0000000000016838|0000000000630415|0000000000021707|0000000000821278|077.57
11032026|530365|0000000000000787|0000000000202456|0000000000000829|0000000000216959|094.93
11032026|530367|0000000000004746|0000000001264572|0000000000006067|0000000001628404|078.23
11032026|530369|0000000000001450|0000000000068121|0000000000001450|0000000000068480|100.00
11032026|530377|0000000000081364|0000000000598026|0000000000098596|0000000000736154|082.52
11032026|530393|0000000000000010|0000000000000251|0000000000000013|0000000000000328|076.92
11032026|530401|0000000000002398|0000000000102155|0000000000002398|0000000000102147|100.00
11032026|530405|0000000000001026|0000000000032422|0000000000001190|0000000000038198|086.22
11032026|530407|0000000000008288|0000000000249055|0000000000011738|0000000000365520|070.61
11032026|530419|0000000000002867|0000000000101836|0000000000003118|0000000000110818|091.95
11032026|530421|0000000000025810|0000000000215772|0000000000026115|0000000000219093|098.83
11032026|530427|0000000000001671|0000000000246807|0000000000002264|0000000000340452|073.81
11032026|530429|0000000000001289|0000000000036660|0000000000001291|0000000000037262|099.84
11032026|530433|0000000000004116|0000000000152375|0000000000006302|0000000000240512|065.31
11032026|530439|0000000000003076|0000000000012551|0000000000003076|0000000000012544|100.00
11032026|530443|0000000000000618|0000000000008855|0000000000000618|0000000000008855|100.00
11032026|530445|0000000000034774|0000000000052509|0000000000058351|0000000000086955|059.59
11032026|530449|0000000000001275|0000000000067448|0000000000001391|0000000000072161|091.66
11032026|530457|0000000000016434|0000000000867223|0000000000021907|0000000001151310|075.02
11032026|530459|0000000000001409|0000000000036480|0000000000001422|0000000000036818|099.09
11032026|530461|0000000000018802|0000000000239162|0000000000028349|0000000000366071|066.32
11032026|530469|0000000000001100|0000000000050050|0000000000001100|0000000000050050|100.00
11032026|530475|0000000000002507|0000000001690596|0000000000004424|0000000002995585|056.67
11032026|530477|0000000000002756|0000000000409129|0000000000003083|0000000000458715|089.39
11032026|530495|0000000000000637|0000000000046323|0000000000000637|0000000000046323|100.00
11032026|530499|0000000000000319|0000000000494849|0000000000000325|0000000000503843|098.15
11032026|530517|0000000000017853|0000000005438024|0000000000023225|0000000007163395|076.87
11032026|530521|0000000000001564|0000000000476551|0000000000002140|0000000000669311|073.08
11032026|530525|0000000000552375|0000000001894647|0000000000555488|0000000001903642|099.44
11032026|530537|0000000000000001|0000000000000047|0000000000000001|0000000000000046|100.00
11032026|530545|0000000000000108|0000000000019413|0000000000000147|0000000000026549|073.47
11032026|530549|0000000000011022|0000000003720477|0000000000021872|0000000007483224|050.39
11032026|530555|0000000000066316|0000000002163228|0000000000080631|0000000002665904|082.25
11032026|530557|0000000000386131|0000000000166037|0000000000908561|0000000000387156|042.50
11032026|530571|0000000000025944|0000000000220006|0000000000026027|0000000000206387|099.68
11032026|530577|0000000000000285|0000000000015524|0000000000000305|0000000000016061|093.44
11032026|530579|0000000000037488|0000000000501215|0000000000063650|0000000000781789|058.90
11032026|530581|0000000000000297|0000000000001765|0000000000000297|0000000000001751|100.00
11032026|530585|0000000000019169|0000000000989888|0000000000021205|0000000001113416|090.40
11032026|530589|0000000000008503|0000000000943833|0000000000008682|0000000000960076|097.94
11032026|530595|0000000000082365|0000000003437203|0000000000082365|0000000003437203|100.00
11032026|530601|0000000000000342|0000000000018773|0000000000000342|0000000000018709|100.00
11032026|530615|0000000000000801|0000000000116586|0000000000000941|0000000000135927|085.12
11032026|530617|0000000000184247|0000000003891297|0000000000386664|0000000008099752|047.65
11032026|530621|0000000000011846|0000000001199290|0000000000012947|0000000001290507|091.50
11032026|530627|0000000000001941|0000000000359862|0000000000002500|0000000000458024|077.64
11032026|530643|0000000000013204|0000000004309786|0000000000022586|0000000007394743|058.46
11032026|530655|0000000000002610|0000000002705918|0000000000004352|0000000004587599|059.97
11032026|530663|0000000000016020|0000000000014098|0000000000016111|0000000000014494|099.44
11032026|530665|0000000000025955|0000000000073194|0000000000029150|0000000000081211|089.04
11032026|530675|0000000000000267|0000000000015687|0000000000000269|0000000000015809|099.26
11032026|530677|0000000000007913|0000000000438618|0000000000018537|0000000001029363|042.69
11032026|530689|0000000000180115|0000000009585721|0000000000266455|0000000013860119|067.60
11032026|530695|0000000000003037|0000000000068029|0000000000003159|0000000000066261|096.14
11032026|530697|0000000000005166|0000000000105387|0000000000006821|0000000000139448|075.74
11032026|530699|0000000000000403|0000000000009125|0000000000000403|0000000000009125|100.00
11032026|530705|0000000000004286|0000000000169468|0000000000004286|0000000000169468|100.00
11032026|530709|0000000000000001|0000000000000081|0000000000000002|0000000000000164|050.00
11032026|530711|0000000000000684|0000000000038770|0000000000001135|0000000000064638|060.26
11032026|530723|0000000000000359|0000000000040567|0000000000000359|0000000000040531|100.00
11032026|530733|0000000000000059|0000000000000809|0000000000000059|0000000000000808|100.00
11032026|530735|0000000000000590|0000000000018585|0000000000000590|0000000000017849|100.00
11032026|530741|0000000000002246|0000000000313767|0000000000002988|0000000000418997|075.17
11032026|530745|0000000000026771|0000000001012747|0000000000039220|0000000001496778|068.26
11032026|530747|0000000000000101|0000000000002220|0000000000000101|0000000000002219|100.00
11032026|530759|0000000000001673|0000000000325985|0000000000002646|0000000000532299|063.23
11032026|530765|0000000000000250|0000000000004750|0000000000000275|0000000000005100|090.91
11032026|530779|0000000000000001|0000000000000025|0000000000000001|0000000000000024|100.00
11032026|530787|0000000000000537|0000000000024348|0000000000000539|0000000000024352|099.63
11032026|530789|0000000000000002|0000000000000334|0000000000000002|0000000000000326|100.00
11032026|530795|0000000000000002|0000000000000020|0000000000000002|0000000000000020|100.00
11032026|530797|0000000000000690|0000000000011103|0000000000000690|0000000000011102|100.00
11032026|530799|0000000000000786|0000000000021278|0000000000000787|0000000000021404|099.87
11032026|530803|0000000000001342|0000000000204857|0000000000001641|0000000000251237|081.78
11032026|530805|0000000000036909|0000000000257625|0000000000069689|0000000000483333|052.96
11032026|530809|0000000000000011|0000000000000417|0000000000000012|0000000000000437|091.67
11032026|530813|0000000000003951|0000000001230737|0000000000009271|0000000002913751|042.62
11032026|530821|0000000000103114|0000000001597569|0000000000103114|0000000001597569|100.00
11032026|530825|0000000000036556|0000000001389494|0000000000037106|0000000001423155|098.52
11032026|530829|0000000000001199|0000000000042649|0000000000001225|0000000000040229|097.88
11032026|530839|0000000000004893|0000000000034692|0000000000004893|0000000000034691|100.00
11032026|530843|0000000001468761|0000000127782207|0000000002111138|0000000185299342|069.57
11032026|530845|0000000000003298|0000000002613995|0000000000004418|0000000003494455|074.65
11032026|530853|0000000000000096|0000000000004892|0000000000000096|0000000000004864|100.00
11032026|530855|0000000000000077|0000000000007041|0000000000000077|0000000000007041|100.00
11032026|530871|0000000000000120|0000000000017520|0000000000000215|0000000000031377|055.81
11032026|530879|0000000000170087|0000000004806659|0000000000189963|0000000005383283|089.54
11032026|530881|0000000000172501|0000000001217858|0000000000222209|0000000001592324|077.63
11032026|530883|0000000000103216|0000000000805085|0000000000107839|0000000000819133|095.71
11032026|530897|0000000000006043|0000000000863243|0000000000006043|0000000000817551|100.00
11032026|530909|0000000000000001|0000000000000048|0000000000000001|0000000000000047|100.00
11032026|530917|0000000000001000|0000000000024450|0000000000001000|0000000000024450|100.00
11032026|530919|0000000000102980|0000000011044605|0000000000104457|0000000011438905|098.59
11032026|530925|0000000000002045|0000000000219989|0000000000002045|0000000000219989|100.00
11032026|530931|0000000000001502|0000000000016117|0000000000001502|0000000000016116|100.00
11032026|530943|0000000000005044|0000000000469092|0000000000005058|0000000000470394|099.72
11032026|530951|0000000000007926|0000000000431016|0000000000009787|0000000000545382|080.98
11032026|530959|0000000000001308|0000000000032243|0000000000001475|0000000000036211|088.68
11032026|530961|0000000000393271|0000000000515186|0000000000562691|0000000000736828|069.89
11032026|530965|0000000000351928|0000000056554830|0000000000768486|0000000123890952|045.79
11032026|530973|0000000000000386|0000000000033119|0000000000000386|0000000000031559|100.00
11032026|530977|0000000000004934|0000000000713210|0000000000004938|0000000000737721|099.92
11032026|530979|0000000000001060|0000000000036486|0000000000001265|0000000000043542|083.79
11032026|530991|0000000000000059|0000000000002561|0000000000000068|0000000000002982|086.76
11032026|530993|0000000000000003|0000000000000126|0000000000000004|0000000000000167|075.00
11032026|530997|0000000000001474|0000000000124391|0000000000002253|0000000000187516|065.42
11032026|530999|0000000000003137|0000000003270950|0000000000006118|0000000006416150|051.27
11032026|531003|0000000000000013|0000000000001105|0000000000000013|0000000000001128|100.00
11032026|531015|0000000000000180|0000000000004409|0000000000000181|0000000000004508|099.45
11032026|531017|0000000000000353|0000000000006584|0000000000000355|0000000000006628|099.44
11032026|531025|0000000000430905|0000000000146508|0000000000453254|0000000000153043|095.07
11032026|531027|0000000000001471|0000000000025007|0000000000001471|0000000000025007|100.00
11032026|531033|0000000000005971|0000000000174533|0000000000006471|0000000000188935|092.27
11032026|531035|0000000000259923|0000000005705569|0000000000259923|0000000005705569|100.00
11032026|531041|0000000000001277|0000000000467638|0000000000001287|0000000000481819|099.22
11032026|531043|0000000000000001|0000000000000023|0000000000000001|0000000000000022|100.00
11032026|531067|0000000000010492|0000000000275101|0000000000012917|0000000000347182|081.23
11032026|531069|0000000000000291|0000000000144031|0000000000000524|0000000000256462|055.53
11032026|531080|0000000000009151|0000000000313697|0000000000014724|0000000000520239|062.15
11032026|531082|0000000000029330|0000000000229361|0000000000031799|0000000000252279|092.24
11032026|531083|0000000000002000|0000000000011400|0000000000002000|0000000000011400|100.00
11032026|531091|0000000000007135|0000000000155829|0000000000009525|0000000000219726|074.91
11032026|531092|0000000000017498|0000000001511478|0000000000022943|0000000002038607|076.27
11032026|531099|0000000000007388|0000000000340144|0000000000008561|0000000000394796|086.30
11032026|531109|0000000000001387|0000000000083220|0000000000001449|0000000000082323|095.72
11032026|531112|0000000000048788|0000000022503465|0000000000063614|0000000029850523|076.69
11032026|531119|0000000000003818|0000000000899903|0000000000005720|0000000001303630|066.75
11032026|531120|0000000000159518|0000000004029425|0000000000261506|0000000006713362|061.00
11032026|531126|0000000000007761|0000000000185411|0000000000009617|0000000000225199|080.70
11032026|531129|0000000000032416|0000000000327078|0000000000032966|0000000000330458|098.33
11032026|531137|0000000000028277|0000000000043830|0000000000040906|0000000000063846|069.13
11032026|531144|0000000000005582|0000000000080046|0000000000007494|0000000000107227|074.49
11032026|531146|0000000000005491|0000000001552855|0000000000005794|0000000001642821|094.77
11032026|531147|0000000000000129|0000000000090507|0000000000000150|0000000000106913|086.00
11032026|531153|0000000000046565|0000000000106634|0000000000054825|0000000000123167|084.93
11032026|531155|0000000000000527|0000000000003268|0000000000000527|0000000000003260|100.00
11032026|531156|0000000000015415|0000000000112222|0000000000015415|0000000000112221|100.00
11032026|531157|0000000000004120|0000000000078610|0000000000004120|0000000000077206|100.00
11032026|531158|0000000000000588|0000000000010737|0000000000000645|0000000000011467|091.16
11032026|531161|0000000000000986|0000000000209476|0000000000001086|0000000000231416|090.79
11032026|531162|0000000000015640|0000000006772120|0000000000029192|0000000012732037|053.58
11032026|531163|0000000000000820|0000000000058950|0000000000001139|0000000000082594|071.99
11032026|531169|0000000000000797|0000000000070176|0000000000000844|0000000000076252|094.43
11032026|531173|0000000000005359|0000000000248605|0000000000006167|0000000000287922|086.90
11032026|531176|0000000000010008|0000000000112090|0000000000010406|0000000000114123|096.18
11032026|531178|0000000000001376|0000000000017875|0000000000001400|0000000000018405|098.29
11032026|531179|0000000000001088|0000000001478320|0000000000001878|0000000002594396|057.93
11032026|531190|0000000000000826|0000000000080535|0000000000000856|0000000000083511|096.50
11032026|531199|0000000000000056|0000000000010976|0000000000000057|0000000000010276|098.25
11032026|531201|0000000000003001|0000000011591363|0000000000006926|0000000027162441|043.33
11032026|531203|0000000000000011|0000000000000861|0000000000000011|0000000000000860|100.00
11032026|531205|0000000012061518|0000000006337607|0000000012061518|0000000006337607|100.00
11032026|531209|0000000000000167|0000000000128657|0000000000000392|0000000000299969|042.60
11032026|531210|0000000000001300|0000000000053344|0000000000001300|0000000000053344|100.00
11032026|531212|0000000000005443|0000000000244173|0000000000007688|0000000000341990|070.80
11032026|531213|0000000000236194|0000000060961672|0000000000330696|0000000086682809|071.42
11032026|531215|0000000000006766|0000000000708401|0000000000009357|0000000000988905|072.31
11032026|531216|0000000000062887|0000000000419457|0000000000092368|0000000000617988|068.08
11032026|531219|0000000000000100|0000000000000321|0000000000000100|0000000000000321|100.00
11032026|531221|0000000000000191|0000000000002691|0000000000000191|0000000000002691|100.00
11032026|531223|0000000000002360|0000000000055295|0000000000002611|0000000000060963|090.39
11032026|531225|0000000000008421|0000000000286146|0000000000008696|0000000000296786|096.84
11032026|531228|0000000000000218|0000000000002224|0000000000000218|0000000000002203|100.00
11032026|531233|0000000000018752|0000000000234213|0000000000021056|0000000000260833|089.06
11032026|531234|0000000000000007|0000000000000511|0000000000000008|0000000000000595|087.50
11032026|531235|0000000000000001|0000000000000043|0000000000000001|0000000000000043|100.00
11032026|531237|0000000000000906|0000000000202799|0000000000000906|0000000000202799|100.00
11032026|531241|0000000000005764|0000000000587928|0000000000005835|0000000000596608|098.78
11032026|531246|0000000000000025|0000000000000491|0000000000000025|0000000000000490|100.00
11032026|531253|0000000000000657|0000000000212737|0000000000000896|0000000000292203|073.33
11032026|531254|0000000000125479|0000000001623699|0000000000237281|0000000003127853|052.88
11032026|531255|0000000000000801|0000000000040843|0000000000001228|0000000000059851|065.23
11032026|531257|0000000000010317|0000000000167549|0000000000010317|0000000000165945|100.00
11032026|531260|0000000000001063|0000000000266176|0000000000001122|0000000000281277|094.74
11032026|531262|0000000000000004|0000000000000084|0000000000000004|0000000000000084|100.00
11032026|531266|0000000000000343|0000000001795605|0000000000000611|0000000003236567|056.14
11032026|531268|0000000000007180|0000000000323711|0000000000007180|0000000000323711|100.00
11032026|531273|0000000000301049|0000000000454584|0000000000493358|0000000000750942|061.02
11032026|531274|0000000000000100|0000000000003912|0000000000000100|0000000000003912|100.00
11032026|531278|0000000000000318|0000000000030513|0000000000000534|0000000000050726|059.55
11032026|531279|0000000000003752|0000000000491325|0000000000004671|0000000000611945|080.33
11032026|531280|0000000000000266|0000000000015540|0000000000000266|0000000000015540|100.00
11032026|531281|0000000000000928|0000000000087511|0000000000001409|0000000000134922|065.86
11032026|531283|0000000000000310|0000000000002992|0000000000000310|0000000000003102|100.00
11032026|531287|0000000000000571|0000000000147918|0000000000000970|0000000000252316|058.87
11032026|531288|0000000000000003|0000000000000058|0000000000000003|0000000000000057|100.00
11032026|531289|0000000000001141|0000000000180507|0000000000001352|0000000000213446|084.39
11032026|531297|0000000000000092|0000000000005680|0000000000000103|0000000000006341|089.32
11032026|531301|0000000000000007|0000000000000983|0000000000000012|0000000000001673|058.33
11032026|531306|0000000000000386|0000000000187326|0000000000000487|0000000000237775|079.26
11032026|531307|0000000000011438|0000000000191701|0000000000014727|0000000000248997|077.67
11032026|531310|0000000000007010|0000000000948804|0000000000007165|0000000000972806|097.84
11032026|531314|0000000000000010|0000000000000145|0000000000000010|0000000000000145|100.00
11032026|531319|0000000000000170|0000000000006715|0000000000000227|0000000000008651|074.89
11032026|531322|0000000000000215|0000000000000321|0000000000000215|0000000000000320|100.00
11032026|531323|0000000000000015|0000000000000212|0000000000000020|0000000000000281|075.00
11032026|531324|0000000000000046|0000000000001019|0000000000000046|0000000000001018|100.00
11032026|531328|0000000002150444|0000000001763365|0000000003710449|0000000003085292|057.96
11032026|531335|0000000000002752|0000000001058420|0000000000004458|0000000001716719|061.73
11032026|531340|0000000000000226|0000000000012383|0000000000000226|0000000000011249|100.00
11032026|531341|0000000000000055|0000000000001112|0000000000000055|0000000000001112|100.00
11032026|531344|0000000000009901|0000000004656441|0000000000026240|0000000012532747|037.73
11032026|531346|0000000000000107|0000000000003141|0000000000000109|0000000000003096|098.17
11032026|531349|0000000000002938|0000000001021984|0000000000005762|0000000002034449|050.99
11032026|531352|0000000000000050|0000000000001047|0000000000000050|0000000000001046|100.00
11032026|531357|0000000000165938|0000000005314995|0000000000279754|0000000009020697|059.32
11032026|531358|0000000000014107|0000000009149095|0000000000022591|0000000014787776|062.45
11032026|531359|0000000000010330|0000000003102616|0000000000011512|0000000003483829|089.73
11032026|531360|0000000000002060|0000000000061800|0000000000002060|0000000000060832|100.00
11032026|531364|0000000000001917|0000000000314005|0000000000002043|0000000000329835|093.83
11032026|531370|0000000000016554|0000000000067872|0000000000019853|0000000000081632|083.38
11032026|531373|0000000000001341|0000000000053453|0000000000001474|0000000000059476|090.98
11032026|531380|0000000000000153|0000000000014355|0000000000000154|0000000000014390|099.35
11032026|531381|0000000000001221|0000000001298717|0000000000001307|0000000001413899|093.42
11032026|531387|0000000000008500|0000000000071060|0000000000008500|0000000000071060|100.00
11032026|531390|0000000000005385|0000000000371996|0000000000005586|0000000000390972|096.40
11032026|531395|0000000000115758|0000000000272032|0000000000115768|0000000000272054|099.99
11032026|531396|0000000000000096|0000000000000781|0000000000000096|0000000000000780|100.00
11032026|531397|0000000000000002|0000000000000059|0000000000000002|0000000000000060|100.00
11032026|531398|0000000000000001|0000000000000135|0000000000000001|0000000000000135|100.00
11032026|531399|0000000000013561|0000000002197561|0000000000017869|0000000002891024|075.89
11032026|531400|0000000000014755|0000000000213948|0000000000014755|0000000000213087|100.00
11032026|531402|0000000000005403|0000000000089150|0000000000006047|0000000000100330|089.35
11032026|531406|0000000000000110|0000000000001870|0000000000000110|0000000000001868|100.00
11032026|531411|0000000000135700|0000000000132436|0000000000135700|0000000000132436|100.00
11032026|531412|0000000000000830|0000000000157574|0000000000000830|0000000000157574|100.00
11032026|531416|0000000000000585|0000000000019311|0000000000000585|0000000000019815|100.00
11032026|531417|0000000000036342|0000000000078499|0000000000053238|0000000000116630|068.26
11032026|531426|0000000000003486|0000000000478803|0000000000003550|0000000000487523|098.20
11032026|531431|0000000000273160|0000000144228480|0000000000871774|0000000489876464|031.33
11032026|531432|0000000000000100|0000000000001191|0000000000000100|0000000000001191|100.00
11032026|531433|0000000000023379|0000000000070605|0000000000023938|0000000000073002|097.66
11032026|531436|0000000000002253|0000000000067568|0000000000002339|0000000000069909|096.32
11032026|531437|0000000000016395|0000000000349378|0000000000027612|0000000000572213|059.38
11032026|531439|0000000000010462|0000000000405298|0000000000011340|0000000000442553|092.26
11032026|531449|0000000000021555|0000000003390602|0000000000025212|0000000003994135|085.50
11032026|531453|0000000000000382|0000000000008958|0000000000000432|0000000000010149|088.43
11032026|531454|0000000000003950|0000000000076433|0000000000004207|0000000000080946|093.89
11032026|531456|0000000000004400|0000000000006556|0000000000004900|0000000000007059|089.80
11032026|531458|0000000000000010|0000000000000057|0000000000000010|0000000000000056|100.00
11032026|531460|0000000000000100|0000000000000885|0000000000000100|0000000000000885|100.00
11032026|531465|0000000000084407|0000000000041360|0000000000084407|0000000000041359|100.00
11032026|531471|0000000000031330|0000000000698346|0000000000041512|0000000000924879|075.47
11032026|531472|0000000000105432|0000000007917744|0000000000105432|0000000007917744|100.00
11032026|531486|0000000000000292|0000000000000554|0000000000000292|0000000000000554|100.00
11032026|531489|0000000000004394|0000000000864300|0000000000007187|0000000001403380|061.14
11032026|531494|0000000000260159|0000000000270566|0000000000266674|0000000000282643|097.56
11032026|531495|0000000000008158|0000000000169605|0000000000008169|0000000000174568|099.87
11032026|531497|0000000000003068|0000000000014205|0000000000003072|0000000000013717|099.87
11032026|531499|0000000000047826|0000000000092305|0000000000057844|0000000000111161|082.68
11032026|531500|0000000000053272|0000000006095238|0000000000053272|0000000006095238|100.00
11032026|531502|0000000000004815|0000000000044202|0000000000005415|0000000000049967|088.92
11032026|531503|0000000000000006|0000000000000189|0000000000000007|0000000000000206|085.71
11032026|531506|0000000000000140|0000000000004782|0000000000000140|0000000000004782|100.00
11032026|531508|0000000000001164|0000000000367883|0000000000001628|0000000000512257|071.50
11032026|531509|0000000000000902|0000000000023678|0000000000001008|0000000000026436|089.48
11032026|531512|0000000000259182|0000000004387952|0000000000477671|0000000008235622|054.26
11032026|531518|0000000000324606|0000000000098968|0000000000324606|0000000000098968|100.00
11032026|531525|0000000000015685|0000000003275813|0000000000017451|0000000003632026|089.88
11032026|531529|0000000000019731|0000000000035911|0000000000020819|0000000000039135|094.77
11032026|531531|0000000000000571|0000000000524093|0000000000000911|0000000000842137|062.68
11032026|531533|0000000000013114|0000000000844411|0000000000018554|0000000001194500|070.68
11032026|531537|0000000000012107|0000000002084868|0000000000012107|0000000002084868|100.00
11032026|531539|0000000000002926|0000000000102732|0000000000003242|0000000000119752|090.25
11032026|531540|0000000000015698|0000000000137515|0000000000020299|0000000000179178|077.33
11032026|531541|0000000000010055|0000000000025607|0000000000010055|0000000000025607|100.00
11032026|531543|0000000000034327|0000000000751419|0000000000069226|0000000001541861|049.59
11032026|531548|0000000000002329|0000000000856840|0000000000003298|0000000001222343|070.62
11032026|531550|0000000000001744|0000000000325605|0000000000002778|0000000000518201|062.78
11032026|531552|0000000000000360|0000000000005375|0000000000000407|0000000000005821|088.45
11032026|531553|0000000000004464|0000000000097896|0000000000004622|0000000000099675|096.58
11032026|531556|0000000000002760|0000000000088376|0000000000005685|0000000000184984|048.55
11032026|531557|0000000000000034|0000000000001696|0000000000000034|0000000000001696|100.00
11032026|531568|0000000000000022|0000000000000163|0000000000000022|0000000000000162|100.00
11032026|531569|0000000000001187|0000000000205708|0000000000001472|0000000000257818|080.64
11032026|531572|0000000000000015|0000000000001689|0000000000000015|0000000000001689|100.00
11032026|531574|0000000000001438|0000000000013317|0000000000001438|0000000000013317|100.00
11032026|531578|0000000000000026|0000000000000234|0000000000000026|0000000000000234|100.00
11032026|531582|0000000000000107|0000000000003061|0000000000000107|0000000000003061|100.00
11032026|531583|0000000000000014|0000000000000463|0000000000000014|0000000000000479|100.00
11032026|531585|0000000000000335|0000000000002848|0000000000000335|0000000000002721|100.00
11032026|531591|0000000000029172|0000000000559811|0000000000032039|0000000000620609|091.05
11032026|531592|0000000002644005|0000000002934846|0000000002782029|0000000003129829|095.04
11032026|531594|0000000000000001|0000000000000013|0000000000000001|0000000000000012|100.00
11032026|531595|0000000005048203|0000000853903538|0000000006097114|0000001030356914|082.80
11032026|531599|0000000000003607|0000000001331344|0000000000004887|0000000001822415|073.81
11032026|531600|0000000000000025|0000000000002023|0000000000000025|0000000000002024|100.00
11032026|531608|0000000000002742|0000000000177134|0000000000004193|0000000000274448|065.39
11032026|531616|0000000000000031|0000000000002209|0000000000000031|0000000000002289|100.00
11032026|531624|0000000000005102|0000000000025153|0000000000006465|0000000000033258|078.92
11032026|531626|0000000000015125|0000000000064130|0000000000021117|0000000000087430|071.62
11032026|531628|0000000000003872|0000000000126478|0000000000003872|0000000000126478|100.00
11032026|531633|0000000000001035|0000000000640148|0000000000001582|0000000000989882|065.42
11032026|531635|0000000000001532|0000000000134263|0000000000001532|0000000000134263|100.00
11032026|531637|0000000000057142|0000000013114089|0000000000064259|0000000014807730|088.92
11032026|531638|0000000000000137|0000000000032606|0000000000000157|0000000000037344|087.26
11032026|531642|0000000000015961|0000000012146321|0000000000028772|0000000022215251|055.47
11032026|531644|0000000000004770|0000000000096784|0000000000006351|0000000000127059|075.11
11032026|531651|0000000000000440|0000000000024196|0000000000000443|0000000000023054|099.32
11032026|531652|0000000000003974|0000000000371172|0000000000004367|0000000000410320|091.00
11032026|531658|0000000000018504|0000000000220013|0000000000027960|0000000000333696|066.18
11032026|531661|0000000000000001|0000000000000012|0000000000000001|0000000000000011|100.00
11032026|531663|0000000000105172|0000000000519550|0000000000140596|0000000000711913|074.80
11032026|531667|0000000000062385|0000000001597056|0000000000062397|0000000001753882|099.98
11032026|531668|0000000000000279|0000000000000720|0000000000000279|0000000000000719|100.00
11032026|531671|0000000000011487|0000000000017231|0000000000011487|0000000000017230|100.00
11032026|531673|0000000000019628|0000000000413759|0000000000019628|0000000000413888|100.00
11032026|531676|0000000000077044|0000000017918990|0000000000077044|0000000017918990|100.00
11032026|531680|0000000000002313|0000000000040709|0000000000002313|0000000000040709|100.00
11032026|531681|0000000000026685|0000000000018947|0000000000026685|0000000000018678|100.00
11032026|531688|0000000000000762|0000000000092964|0000000000000777|0000000000091000|098.07
11032026|531692|0000000000004685|0000000000013118|0000000000004685|0000000000014157|100.00
11032026|531694|0000000000002585|0000000000110830|0000000000002585|0000000000110830|100.00
11032026|531716|0000000000000269|0000000000000557|0000000000000269|0000000000000557|100.00
11032026|531717|0000000000002557|0000000000732070|0000000000003342|0000000000977235|076.51
11032026|531719|0000000000131592|0000000026640801|0000000000132696|0000000026587626|099.17
11032026|531723|0000000000291728|0000000000145864|0000000000491352|0000000000240596|059.37
11032026|531726|0000000000002308|0000000000238878|0000000000002479|0000000000259685|093.10
11032026|531727|0000000000012197|0000000000666567|0000000000023582|0000000001296565|051.72
11032026|531737|0000000000059602|0000000000029205|0000000000059602|0000000000029516|100.00
11032026|531739|0000000000450622|0000000004569308|0000000000495899|0000000005048477|090.87
11032026|531744|0000000000004506|0000000000274641|0000000000004506|0000000000259695|100.00
11032026|531746|0000000000000204|0000000000004509|0000000000000204|0000000000004512|100.00
11032026|531752|0000000001564710|0000000000954474|0000000002260315|0000000001362697|069.23
11032026|531758|0000000000002202|0000000000020942|0000000000002204|0000000000020899|099.91
11032026|531761|0000000000876404|0000000372471700|0000000002491177|0000001048162367|035.18
11032026|531762|0000000000000185|0000000000003719|0000000000000195|0000000000003963|094.87
11032026|531768|0000000000009444|0000000012574686|0000000000020481|0000000027159544|046.11
11032026|531769|0000000000003981|0000000000020741|0000000000003981|0000000000020741|100.00
11032026|531771|0000000000006540|0000000001095777|0000000000041619|0000000007023180|015.71
11032026|531778|0000000000001658|0000000000049712|0000000000001658|0000000000049712|100.00
11032026|531779|0000000000003010|0000000000053789|0000000000003020|0000000000044940|099.67
11032026|531780|0000000000078707|0000000000333718|0000000000111670|0000000000462883|070.48
11032026|531784|0000000000885974|0000000001125187|0000000000951746|0000000001192827|093.09
11032026|531795|0000000000008577|0000000003694972|0000000000011577|0000000005032207|074.09
11032026|531797|0000000000000005|0000000000000452|0000000000000007|0000000000000632|071.43
11032026|531802|0000000000034077|0000000000843406|0000000000034378|0000000000848490|099.12
11032026|531810|0000000000000131|0000000000007204|0000000000000277|0000000000015073|047.29
11032026|531812|0000000000022830|0000000000015525|0000000000025681|0000000000017282|088.90
11032026|531813|0000000000000010|0000000000000744|0000000000000010|0000000000000744|100.00
11032026|531814|0000000000007903|0000000000065437|0000000000008853|0000000000074189|089.27
11032026|531821|0000000000000001|0000000000000026|0000000000000001|0000000000000025|100.00
11032026|531832|0000000000001501|0000000000067742|0000000000001501|0000000000067742|100.00
11032026|531834|0000000000001312|0000000000017953|0000000000001312|0000000000017953|100.00
11032026|531840|0000000000004060|0000000000133544|0000000000004060|0000000000133544|100.00
11032026|531841|0000000000000089|0000000000004539|0000000000000094|0000000000004758|094.68
11032026|531842|0000000000066890|0000000003014733|0000000000069787|0000000003163246|095.85
11032026|531845|0000000000006349|0000000000035555|0000000000006408|0000000000036537|099.08
11032026|531847|0000000000000025|0000000000014950|0000000000000026|0000000000015510|096.15
11032026|531859|0000000000043673|0000000005151231|0000000000055023|0000000006559058|079.37
11032026|531861|0000000000007041|0000000000299806|0000000000007141|0000000000300774|098.60
11032026|531862|0000000000008450|0000000000201871|0000000000010755|0000000000258591|078.57
11032026|531867|0000000000007154|0000000000024680|0000000000007154|0000000000024680|100.00
11032026|531869|0000000000151867|0000000000595319|0000000000166824|0000000000651016|091.03
11032026|531878|0000000000012086|0000000000123640|0000000000012633|0000000000133184|095.67
11032026|531888|0000000000008371|0000000000474971|0000000000010081|0000000000566737|083.04
11032026|531889|0000000000336879|0000000014135443|0000000000486547|0000000020641499|069.24
11032026|531892|0000000000000005|0000000000000088|0000000000000005|0000000000000087|100.00
11032026|531893|0000000000784947|0000000000299112|0000000000784947|0000000000299112|100.00
11032026|531900|0000000000001103|0000000000025369|0000000000001730|0000000000040040|063.76
11032026|531902|0000000000000253|0000000000005956|0000000000000253|0000000000005956|100.00
11032026|531909|0000000000348120|0000000001098699|0000000000348120|0000000001098699|100.00
11032026|531910|0000000000008250|0000000001754141|0000000000008250|0000000001754141|100.00
11032026|531911|0000000000008948|0000000000364363|0000000000010149|0000000000420070|088.17
11032026|531913|0000000000032424|0000000000376048|0000000000032424|0000000000376048|100.00
11032026|531918|0000000000000280|0000000000027888|0000000000000280|0000000000027884|100.00
11032026|531921|0000000000002127|0000000000939496|0000000000003291|0000000001480955|064.63
11032026|531923|0000000000011000|0000000001293050|0000000000015714|0000000001904531|070.00
11032026|531925|0000000000000088|0000000000000110|0000000000000088|0000000000000110|100.00
11032026|531930|0000000000017953|0000000000520458|0000000000017965|0000000000468403|099.93
11032026|531931|0000000000000210|0000000000033537|0000000000000231|0000000000037107|090.91
11032026|531944|0000000000001542|0000000000028250|0000000000001555|0000000000030351|099.16
11032026|531950|0000000000147091|0000000000586894|0000000000193070|0000000000763242|076.19
11032026|531952|0000000000062479|0000000004588458|0000000000062616|0000000004572954|099.78
11032026|531959|0000000000043549|0000000000081873|0000000000047127|0000000000088837|092.41
11032026|531960|0000000000014532|0000000000066411|0000000000014532|0000000000066411|100.00
11032026|531962|0000000000005256|0000000000240433|0000000000005256|0000000000240433|100.00
11032026|531968|0000000000002583|0000000000100996|0000000000002584|0000000000106160|099.96
11032026|531977|0000000000387882|0000000002276868|0000000000435880|0000000002634338|088.99
11032026|531979|0000000000006728|0000000000633903|0000000000006728|0000000000633903|100.00
11032026|531982|0000000000017284|0000000000222791|0000000000019358|0000000000246766|089.29
11032026|531989|0000000000000006|0000000000000212|0000000000000006|0000000000000212|100.00
11032026|531991|0000000000082478|0000000000043714|0000000000084486|0000000000043252|097.62
11032026|531994|0000000000000033|0000000000005053|0000000000000039|0000000000006346|084.62
11032026|531996|0000000000028709|0000000000211012|0000000000043175|0000000000326786|066.49
11032026|531997|0000000000099436|0000000001810730|0000000000122854|0000000002242127|080.94
11032026|532005|0000000000001160|0000000000045832|0000000000001160|0000000000046119|100.00
11032026|532011|0000000000023446|0000000001195746|0000000000073602|0000000003753993|031.86
11032026|532015|0000000000103530|0000000001559122|0000000000103530|0000000001559122|100.00
11032026|532016|0000000000000209|0000000000060590|0000000000000209|0000000000057982|100.00
11032026|532019|0000000000002657|0000000000013100|0000000000002657|0000000000013099|100.00
11032026|532022|0000000010793471|0000000002158695|0000000026180318|0000000005341628|041.23
11032026|532029|0000000000057854|0000000001461971|0000000000066164|0000000001670539|087.44
11032026|532039|0000000000006172|0000000000264409|0000000000007086|0000000000305264|087.10
11032026|532041|0000000000001527|0000000000011383|0000000000001527|0000000000011383|100.00
11032026|532042|0000000000000063|0000000000001758|0000000000000063|0000000000001717|100.00
11032026|532051|0000000000000451|0000000000234475|0000000000000634|0000000000327601|071.14
11032026|532053|0000000000000794|0000000000057947|0000000000001411|0000000000105915|056.27
11032026|532054|0000000000006233|0000000014491102|0000000000006450|0000000015010153|096.64
11032026|532056|0000000000000162|0000000000023921|0000000000000162|0000000000023921|100.00
11032026|532057|0000000000170161|0000000019976902|0000000000170373|0000000021123720|099.88
11032026|532067|0000000000013533|0000000016958879|0000000000020803|0000000027424405|065.05
11032026|532070|0000000000017182|0000000003160629|0000000000046208|0000000008803923|037.18
11032026|532090|0000000000038797|0000000000760941|0000000000038797|0000000000760941|100.00
11032026|532092|0000000000072543|0000000000116511|0000000000072543|0000000000116511|100.00
11032026|532100|0000000000002023|0000000000022274|0000000000002034|0000000000022924|099.46
11032026|532102|0000000000003262|0000000000095773|0000000000005251|0000000000158487|062.12
11032026|532113|0000000000028486|0000000000274157|0000000000028486|0000000000274157|100.00
11032026|532123|0000000000091560|0000000000424839|0000000000110133|0000000000518768|083.14
11032026|532124|0000000000327459|0000000006385451|0000000000327460|0000000006387405|100.00
11032026|532131|0000000000000100|0000000000001596|0000000000000151|0000000000002410|066.23
11032026|532134|0000000000098991|0000000028643046|0000000000188952|0000000055207489|052.39
11032026|532140|0000000000022210|0000000000059523|0000000000026349|0000000000070664|084.29
11032026|532141|0000000000005969|0000000000313015|0000000000008054|0000000000427021|074.11
11032026|532143|0000000000001279|0000000000197542|0000000000002918|0000000000452319|043.83
11032026|532144|0000000000034621|0000000028834100|0000000000067795|0000000057247003|051.07
11032026|532145|0000000000001640|0000000000017138|0000000000002641|0000000000027529|062.10
11032026|532149|0000000000116056|0000000017913244|0000000000272586|0000000042430719|042.58
11032026|532150|0000000000003130|0000000001278762|0000000000005714|0000000002341481|054.78
11032026|532154|0000000000488834|0000000000239529|0000000000812321|0000000000405491|060.18
11032026|532155|0000000000213856|0000000031639996|0000000000412360|0000000062121868|051.86
11032026|532156|0000000000004592|0000000000990954|0000000000008657|0000000001907399|053.04
11032026|532159|0000000000023030|0000000000206580|0000000000030267|0000000000284991|076.09
11032026|532160|0000000000003935|0000000000042066|0000000000008869|0000000000095943|044.37
11032026|532162|0000000000007793|0000000002646503|0000000000013032|0000000004413003|059.80
11032026|532163|0000000000002893|0000000000952521|0000000000008077|0000000002662411|035.82
11032026|532164|0000000000005905|0000000000006967|0000000000005905|0000000000006967|100.00
11032026|532172|0000000000006208|0000000000060156|0000000000007618|0000000000074503|081.49
11032026|532173|0000000000001172|0000000000124408|0000000000002131|0000000000229291|055.00
11032026|532174|0000000000334326|0000000432768291|0000000000560153|0000000726686334|059.68
11032026|532175|0000000000014193|0000000013141299|0000000000033947|0000000031682551|041.81
11032026|532178|0000000000031220|0000000006212780|0000000000095754|0000000019420066|032.60
11032026|532180|0000000000122437|0000000002867475|0000000000183012|0000000004296442|066.90
11032026|532181|0000000000044250|0000000024003413|0000000000125093|0000000069252953|035.37
11032026|532183|0000000000023888|0000000000185132|0000000000047554|0000000000380220|050.23
11032026|532187|0000000000013857|0000000012151204|0000000000034664|0000000030832239|039.98
11032026|532189|0000000000000799|0000000000371176|0000000000001138|0000000000533827|070.21
11032026|532209|0000000000915364|0000000114832414|0000000001451593|0000000180428588|063.06
11032026|532210|0000000000037438|0000000009260290|0000000000091585|0000000022964558|040.88
11032026|532212|0000000000000911|0000000000012855|0000000000000971|0000000000013827|093.82
11032026|532215|0000000000340337|0000000428501300|0000000000504573|0000000640761162|067.45
11032026|532216|0000000000001045|0000000000053504|0000000000001431|0000000000072196|073.03
11032026|532217|0000000000008323|0000000000256349|0000000000008824|0000000000277977|094.32
11032026|532218|0000000000194214|0000000007667569|0000000000397564|0000000015888924|048.85
11032026|532219|0000000000008927|0000000000137655|0000000000009581|0000000000147914|093.17
11032026|532221|0000000000010885|0000000002664104|0000000000029316|0000000007290051|037.13
11032026|532230|0000000000000048|0000000000007059|0000000000000050|0000000000007356|096.00
11032026|532234|0000000000402742|0000000160110083|0000000000938616|0000000374969502|042.91
11032026|532240|0000000000000760|0000000000605340|0000000000000976|0000000000778858|077.87
11032026|532256|0000000000000063|0000000000356958|0000000000000140|0000000000801154|045.00
11032026|532259|0000000000006217|0000000057609520|0000000000012021|0000000115413132|051.72
11032026|532262|0000000000000050|0000000000068260|0000000000000050|0000000000068260|100.00
11032026|532268|0000000000000275|0000000000336875|0000000000000368|0000000000448308|074.73
11032026|532271|0000000000107592|0000000000219488|0000000000142971|0000000000304635|075.25
11032026|532275|0000000000026519|0000000000045083|0000000000030466|0000000000052377|087.04
11032026|532281|0000000000029661|0000000040043834|0000000000062067|0000000084173788|047.79
11032026|532284|0000000000001996|0000000000049362|0000000000002041|0000000000050463|097.80
11032026|532285|0000000000017698|0000000001056571|0000000000030866|0000000001864386|057.34
11032026|532286|0000000000003598|0000000004270467|0000000000008056|0000000009628504|044.66
11032026|532290|0000000000003191|0000000000056722|0000000000003191|0000000000056722|100.00
11032026|532296|0000000000019427|0000000044147858|0000000000041637|0000000094411336|046.66
11032026|532300|0000000000005196|0000000006796109|0000000000011369|0000000015043360|045.70
11032026|532303|0000000000000001|0000000000000004|0000000000000001|0000000000000003|100.00
11032026|532304|0000000000000021|0000000000000966|0000000000000021|0000000000000967|100.00
11032026|532305|0000000000008502|0000000001217487|0000000000016507|0000000002390314|051.51
11032026|532309|0000000000007644|0000000003577458|0000000000007644|0000000003577458|100.00
11032026|532310|0000000000006352|0000000000306294|0000000000007246|0000000000351796|087.66
11032026|532313|0000000000002882|0000000001029451|0000000000005247|0000000001866660|054.93
11032026|532315|0000000000011477|0000000000063239|0000000000011487|0000000000063719|099.91
11032026|532320|0000000000000309|0000000000002933|0000000000000309|0000000000003092|100.00
11032026|532321|0000000000009768|0000000009006096|0000000000017043|0000000015825422|057.31
11032026|532323|0000000000242326|0000000004075924|0000000000323989|0000000005474279|074.79
11032026|532324|0000000000016975|0000000000271600|0000000000017014|0000000000276720|099.77
11032026|532326|0000000000000669|0000000000061147|0000000000000818|0000000000075404|081.78
11032026|532329|0000000000004042|0000000002288581|0000000000005428|0000000003079482|074.47
11032026|532331|0000000000003930|0000000011968226|0000000000006138|0000000018787926|064.03
11032026|532332|0000000000000021|0000000000002224|0000000000000021|0000000000002224|100.00
11032026|532333|0000000000000645|0000000000037875|0000000000000779|0000000000045955|082.80
11032026|532334|0000000000002258|0000000000146545|0000000000002529|0000000000165425|089.28
11032026|532335|0000000000001060|0000000000024963|0000000000001078|0000000000025323|098.33
11032026|532339|0000000000001807|0000000000022082|0000000000002356|0000000000028896|076.70
11032026|532340|0000000000003457|0000000000014089|0000000000003457|0000000000014089|100.00
11032026|532341|0000000000007227|0000000005545198|0000000000007227|0000000005545198|100.00
11032026|532343|0000000000066300|0000000238683315|0000000000087252|0000000318522332|075.99
11032026|532344|0000000000000607|0000000000121765|0000000000000626|0000000000126427|096.96
11032026|532348|0000000000220653|0000000001928508|0000000000254415|0000000002241158|086.73
11032026|532349|0000000000000331|0000000000331034|0000000000000385|0000000000389223|085.97
11032026|532350|0000000000001893|0000000000008006|0000000000001893|0000000000008006|100.00
11032026|532351|0000000000027716|0000000000123060|0000000000029633|0000000000130773|093.53
11032026|532354|0000000000004673|0000000000018692|0000000000004673|0000000000018726|100.00
11032026|532355|0000000000088456|0000000000728878|0000000000115459|0000000000956306|076.61
11032026|532356|0000000000004565|0000000001678323|0000000000013778|0000000005159967|033.13
11032026|532357|0000000000011596|0000000000558928|0000000000011596|0000000000564627|100.00
11032026|532359|0000000000411037|0000000002149723|0000000000411037|0000000002149723|100.00
11032026|532362|0000000000001180|0000000000168005|0000000000001180|0000000000168005|100.00
11032026|532365|0000000000001006|0000000000914907|0000000000001801|0000000001650859|055.86
11032026|532366|0000000000010592|0000000000803298|0000000000013219|0000000001001746|080.13
11032026|532368|0000000000742341|0000000007203933|0000000000742341|0000000007203933|100.00
11032026|532369|0000000000001763|0000000000493817|0000000000002429|0000000000678980|072.58
11032026|532370|0000000000003199|0000000001342301|0000000000008726|0000000003687038|036.66
11032026|532371|0000000000125643|0000000004898821|0000000000200425|0000000007918414|062.69
11032026|532372|0000000000016098|0000000000305380|0000000000017110|0000000000327456|094.09
11032026|532373|0000000000020433|0000000000435575|0000000000020433|0000000000435575|100.00
11032026|532374|0000000000713769|0000000135972995|0000000001015268|0000000192664175|070.30
11032026|532375|0000000000001632|0000000000840807|0000000000002584|0000000001325025|063.16
11032026|532376|0000000000000321|0000000000025825|0000000000000431|0000000000034806|074.48
11032026|532378|0000000000010001|0000000000050005|0000000000010001|0000000000050005|100.00
11032026|532380|0000000000274436|0000000004547404|0000000000274436|0000000004547404|100.00
11032026|532382|0000000000005982|0000000000588928|0000000000010770|0000000001078394|055.54
11032026|532384|0000000000002150|0000000000237145|0000000000002354|0000000000254976|091.33
11032026|532386|0000000000000191|0000000000002388|0000000000000213|0000000000002629|089.67
11032026|532387|0000000000003286|0000000000077682|0000000000003879|0000000000092351|084.71
11032026|532388|0000000000249831|0000000008379332|0000000000502041|0000000016964908|049.76
11032026|532390|0000000000005330|0000000001631513|0000000000009673|0000000003026032|055.10
11032026|532392|0000000000000869|0000000000005962|0000000000000887|0000000000006061|097.97
11032026|532395|0000000000005716|0000000008327641|0000000000008958|0000000013219675|063.81
11032026|532397|0000000000000203|0000000000002573|0000000000000301|0000000000003828|067.44
11032026|532398|0000000000043381|0000000000213435|0000000000050557|0000000000238489|085.81
11032026|532400|0000000000038830|0000000014825294|0000000000089400|0000000034742564|043.43
11032026|532402|0000000000017796|0000000000164080|0000000000028383|0000000000253526|062.70
11032026|532404|0000000000003839|0000000000134020|0000000000004467|0000000000157260|085.94
11032026|532406|0000000000030859|0000000004402037|0000000000062069|0000000008972231|049.72
11032026|532407|0000000000066365|0000000011285369|0000000000118350|0000000020445290|056.08
11032026|532408|0000000000062325|0000000009657259|0000000000066423|0000000010297898|093.83
11032026|532410|0000000000008945|0000000000217543|0000000000014080|0000000000339281|063.53
11032026|532413|0000000000005245|0000000000023917|0000000000005245|0000000000023917|100.00
11032026|532416|0000000000000106|0000000000000517|0000000000000106|0000000000000537|100.00
11032026|532419|0000000000000100|0000000000011150|0000000000000100|0000000000011232|100.00
11032026|532424|0000000000204921|0000000223292168|0000000000210674|0000000233358292|097.27
11032026|532425|0000000000000422|0000000000009816|0000000000000422|0000000000009816|100.00
11032026|532430|0000000000002177|0000000000997672|0000000000002177|0000000000997672|100.00
11032026|532432|0000000000008517|0000000011756016|0000000000015428|0000000021575980|055.20
11032026|532435|0000000000084646|0000000000524806|0000000000097562|0000000000600066|086.76
11032026|532439|0000000000015856|0000000014310040|0000000000026480|0000000024231771|059.88
11032026|532440|0000000000002367|0000000003510380|0000000000003510|0000000005163470|067.44
11032026|532443|0000000000000539|0000000002508857|0000000000001074|0000000005035520|050.19
11032026|532444|0000000000001505|0000000000002469|0000000000001505|0000000000002423|100.00
11032026|532454|0000000000510458|0000000921887148|0000000000668786|0000001218444851|076.33
11032026|532455|0000000000003250|0000000000052910|0000000000003325|0000000000055389|097.74
11032026|532456|0000000000005350|0000000000006510|0000000000005350|0000000000006510|100.00
11032026|532457|0000000000002801|0000000000448441|0000000000005072|0000000000824832|055.22
11032026|532460|0000000000002710|0000000000746876|0000000000003468|0000000000957223|078.14
11032026|532461|0000000000347670|0000000040260186|0000000000657968|0000000076947322|052.84
11032026|532466|0000000000002886|0000000019573574|0000000000006548|0000000044824480|044.07
11032026|532467|0000000000097796|0000000002844886|0000000000144832|0000000004218931|067.52
11032026|532468|0000000000005483|0000000013715999|0000000000007163|0000000018157556|076.55
11032026|532475|0000000000255740|0000000020799335|0000000000256799|0000000020893201|099.59
11032026|532477|0000000000200793|0000000036313415|0000000000456341|0000000083711659|044.00
11032026|532478|0000000000000807|0000000001327838|0000000000001930|0000000003228731|041.81
11032026|532481|0000000000002179|0000000000008063|0000000000004644|0000000000016747|046.92
11032026|532482|0000000000008384|0000000004915959|0000000000018249|0000000010749566|045.94
11032026|532483|0000000000171654|0000000023911403|0000000000550065|0000000077757624|031.21
11032026|532485|0000000000053275|0000000003855512|0000000000075089|0000000005457123|070.95
11032026|532486|0000000000001645|0000000001481899|0000000000002663|0000000002375350|061.77
11032026|532488|0000000000001538|0000000009764993|0000000000003654|0000000023407019|042.09
11032026|532493|0000000000009605|0000000009883545|0000000000022972|0000000023916072|041.81
11032026|532497|0000000000017305|0000000050114415|0000000000032800|0000000093484378|052.76
11032026|532500|0000000000009918|0000000133916804|0000000000019913|0000000271475408|049.81
11032026|532503|0000000000001875|0000000001450219|0000000000002412|0000000001875312|077.74
11032026|532504|0000000000003946|0000000024909520|0000000000007913|0000000050831750|049.87
11032026|532505|0000000000315023|0000000008335509|0000000000582879|0000000015565492|054.05
11032026|532507|0000000000002454|0000000000012270|0000000000002565|0000000000012726|095.67
11032026|532508|0000000000012873|0000000009466161|0000000000024112|0000000017778158|053.39
11032026|532509|0000000000002499|0000000001048831|0000000000004111|0000000001717557|060.79
11032026|532513|0000000000002718|0000000001045207|0000000000005768|0000000002250730|047.12
11032026|532514|0000000000099716|0000000016223794|0000000000351910|0000000057236095|028.34
11032026|532515|0000000000016241|0000000001827113|0000000000017531|0000000001976406|092.64
11032026|532521|0000000000000400|0000000000011920|0000000000000400|0000000000011920|100.00
11032026|532522|0000000000036714|0000000010637882|0000000000068251|0000000019909196|053.79
11032026|532523|0000000000055885|0000000022094135|0000000000140184|0000000056134697|039.87
11032026|532524|0000000000014307|0000000002254068|0000000000026926|0000000004277861|053.13
11032026|532525|0000000000392579|0000000026334200|0000000000850629|0000000057913578|046.15
11032026|532527|0000000000002953|0000000001636848|0000000000004925|0000000002749940|059.96
11032026|532528|0000000000001521|0000000001062191|0000000000004388|0000000003071574|034.66
11032026|532529|0000000000013681|0000000001053437|0000000000023960|0000000001866672|057.10
11032026|532531|0000000000002685|0000000002397571|0000000000004104|0000000003670959|065.42
11032026|532532|0000000000610848|0000000001554801|0000000000610848|0000000001554801|100.00
11032026|532538|0000000000004347|0000000049804014|0000000000008510|0000000098256856|051.08
11032026|532539|0000000000014047|0000000015190426|0000000000029646|0000000032518845|047.38
11032026|532540|0000000000095071|0000000234364276|0000000000196083|0000000487125310|048.48
11032026|532541|0000000000069009|0000000076517180|0000000000151104|0000000170338159|045.67
11032026|532543|0000000000012182|0000000000377886|0000000000013039|0000000000404630|093.43
11032026|532548|0000000000000614|0000000000422586|0000000000001423|0000000000986574|043.15
11032026|532553|0000000000002678|0000000001286913|0000000000004459|0000000002117257|060.06
11032026|532555|0000000000188418|0000000071598840|0000000000420873|0000000160532022|044.77
11032026|532604|0000000000305701|0000000013141246|0000000000305701|0000000013141246|100.00
11032026|532605|0000000000003925|0000000002007049|0000000000008926|0000000004646202|043.97
11032026|532610|0000000000028140|0000000001113219|0000000000055919|0000000002233779|050.32
11032026|532612|0000000000000742|0000000000144616|0000000000000955|0000000000189831|077.70
11032026|532613|0000000000092010|0000000001738989|0000000000110612|0000000002132022|083.18
11032026|532614|0000000000000231|0000000000000413|0000000000000231|0000000000000413|100.00
11032026|532616|0000000000024929|0000000001516681|0000000000027831|0000000001716858|089.57
11032026|532621|0000000000000021|0000000000000149|0000000000000021|0000000000000149|100.00
11032026|532624|0000000000000380|0000000000468255|0000000000000916|0000000001154152|041.48
11032026|532626|0000000000004334|0000000004750715|0000000000008318|0000000009234414|052.10
11032026|532627|0000000001763188|0000000024067517|0000000004172216|0000000057604564|042.26
11032026|532628|0000000000074701|0000000000988295|0000000000089163|0000000001199326|083.78
11032026|532630|0000000000005981|0000000003659176|0000000000010711|0000000006698136|055.84
11032026|532633|0000000000000101|0000000000081997|0000000000000138|0000000000109202|073.19
11032026|532636|0000000000035229|0000000016911682|0000000000052670|0000000025531210|066.89
11032026|532637|0000000000010712|0000000000347769|0000000000010712|0000000000347769|100.00
11032026|532638|0000000000009809|0000000002993707|0000000000012692|0000000003881082|077.28
11032026|532640|0000000000000239|0000000000003346|0000000000000278|0000000000003842|085.97
11032026|532641|0000000000180886|0000000000454024|0000000000244700|0000000000620107|073.92
11032026|532642|0000000000002659|0000000042880364|0000000000002723|0000000044210676|097.65
11032026|532644|0000000000001628|0000000008381514|0000000000003477|0000000017781298|046.82
11032026|532645|0000000000000766|0000000000002168|0000000000000816|0000000000002325|093.87
11032026|532648|0000000003011807|0000000058820591|0000000004951843|0000000097742479|060.82
11032026|532649|0000000000031013|0000000000354169|0000000000033069|0000000000387267|093.78
11032026|532650|0000000000073459|0000000002344077|0000000000128130|0000000004114214|057.33
11032026|532651|0000000000001219|0000000000032926|0000000000014894|0000000000418124|008.18
11032026|532652|0000000000287829|0000000065754536|0000000000544150|0000000124805157|052.90
11032026|532654|0000000000067718|0000000002696531|0000000000095273|0000000003827926|071.08
11032026|532656|0000000000092845|0000000000221900|0000000000100559|0000000000243458|092.33
11032026|532660|0000000000009521|0000000000067600|0000000000013128|0000000000094275|072.52
11032026|532661|0000000000000127|0000000000103766|0000000000000132|0000000000108222|096.21
11032026|532662|0000000000033490|0000000000693243|0000000000033522|0000000000694773|099.90
11032026|532663|0000000000001096|0000000001189599|0000000000002013|0000000002219312|054.45
11032026|532666|0000000000246779|0000000000367701|0000000000431288|0000000000658471|057.22
11032026|532667|0000000002195807|0000000091367530|0000000005830655|0000000243101511|037.66
11032026|532668|0000000000004776|0000000004241566|0000000000010007|0000000008955611|047.73
11032026|532670|0000000000172656|0000000004262877|0000000000427826|0000000010709009|040.36
11032026|532673|0000000000005578|0000000000143634|0000000000006397|0000000000165008|087.20
11032026|532674|0000000000016345|0000000000342755|0000000000017874|0000000000374129|091.45
11032026|532676|0000000000001064|0000000000009076|0000000000001131|0000000000009734|094.08
11032026|532683|0000000000000355|0000000001326014|0000000000001084|0000000004035856|032.75
11032026|532684|0000000000024323|0000000002715663|0000000000051460|0000000005710087|047.27
11032026|532686|0000000000086328|0000000085917942|0000000000088716|0000000090861663|097.31
11032026|532687|0000000000000140|0000000000052864|0000000000000300|0000000000114361|046.67
11032026|532689|0000000000011067|0000000011373556|0000000000021721|0000000022586994|050.95
11032026|532694|0000000001197445|0000000010597389|0000000001320459|0000000012299593|090.68
11032026|532695|0000000000001675|0000000000013501|0000000000002066|0000000000016517|081.07
11032026|532698|0000000000001356|0000000000489177|0000000000003388|0000000001216685|040.02
11032026|532699|0000000000001331|0000000000435437|0000000000002408|0000000000787901|055.27
11032026|532700|0000000000000425|0000000000045093|0000000000000437|0000000000046492|097.25
11032026|532701|0000000000011457|0000000000156630|0000000000011457|0000000000156630|100.00
11032026|532702|0000000000105726|0000000030195346|0000000000175281|0000000051108358|060.32
11032026|532705|0000000000006975|0000000000442494|0000000000008961|0000000000570773|077.84
11032026|532707|0000000000002295|0000000000493425|0000000000003047|0000000000661918|075.32
11032026|532708|0000000000079746|0000000000215102|0000000000079746|0000000000215102|100.00
11032026|532710|0000000000122505|0000000001116016|0000000000122505|0000000001116016|100.00
11032026|532712|0000000002865402|0000000002689500|0000000002865402|0000000002689500|100.00
11032026|532713|0000000000100418|0000000000163682|0000000000136714|0000000000224005|073.45
11032026|532714|0000000000009494|0000000005200814|0000000000029776|0000000016385918|031.88
11032026|532716|0000000000000791|0000000000065653|0000000000001004|0000000000083212|078.78
11032026|532717|0000000000001101|0000000001515472|0000000000001468|0000000002039585|075.00
11032026|532719|0000000000014939|0000000000777575|0000000000023138|0000000001220481|064.56
11032026|532720|0000000000006569|0000000002321814|0000000000020741|0000000007401137|031.67
11032026|532721|0000000000000017|0000000000000595|0000000000000019|0000000000000665|089.47
11032026|532722|0000000000006902|0000000000475617|0000000000008936|0000000000633451|077.24
11032026|532725|0000000000005271|0000000076501186|0000000000010887|0000000157982803|048.42
11032026|532726|0000000000000486|0000000000256074|0000000000001195|0000000000636817|040.67
11032026|532728|0000000000001074|0000000000034154|0000000000001074|0000000000034151|100.00
11032026|532729|0000000000036252|0000000007266714|0000000000037953|0000000007691949|095.52
11032026|532730|0000000000000032|0000000000000362|0000000000000032|0000000000000361|100.00
11032026|532732|0000000000000283|0000000000136109|0000000000000368|0000000000176003|076.90
11032026|532733|0000000000003477|0000000002009359|0000000000008937|0000000005230583|038.91
11032026|532734|0000000000025669|0000000006518643|0000000000055414|0000000014216592|046.32
11032026|532735|0000000000741328|0000000223843990|0000000001787709|0000000559986646|041.47
11032026|532737|0000000000000195|0000000000042588|0000000000000224|0000000000050056|087.05
11032026|532738|0000000000054311|0000000001416974|0000000000065413|0000000001676649|083.03
11032026|532740|0000000000004660|0000000000979532|0000000000007987|0000000001671164|058.34
11032026|532741|0000000000020253|0000000000456503|0000000000037506|0000000000862962|054.00
11032026|532742|0000000000009386|0000000003898476|0000000000010066|0000000004272481|093.24
11032026|532744|0000000000000920|0000000000007735|0000000000000920|0000000000007735|100.00
11032026|532748|0000000000083155|0000000022896730|0000000000159234|0000000044541782|052.22
11032026|532749|0000000000413316|0000000003252797|0000000000583108|0000000004629463|070.88
11032026|532754|0000000000059608|0000000005594211|0000000000154153|0000000014664673|038.67
11032026|532755|0000000000012585|0000000016787761|0000000000033921|0000000045582973|037.10
11032026|532756|0000000000004455|0000000002096301|0000000000010066|0000000004728829|044.26
11032026|532757|0000000000000435|0000000003709898|0000000000001069|0000000009299203|040.69
11032026|532759|0000000000006402|0000000000238027|0000000000007756|0000000000290208|082.54
11032026|532761|0000000000000221|0000000000011110|0000000000000233|0000000000013579|094.85
11032026|532762|0000000000010166|0000000008667532|0000000000017957|0000000015447595|056.61
11032026|532764|0000000000000121|0000000000032628|0000000000000151|0000000000041305|080.13
11032026|532768|0000000000001542|0000000003256396|0000000000002496|0000000005301187|061.78
11032026|532771|0000000000024383|0000000000226762|0000000000031754|0000000000296314|076.79
11032026|532772|0000000000007042|0000000001209464|0000000000016409|0000000002861168|042.92
11032026|532773|0000000000000428|0000000000070171|0000000000000545|0000000000089387|078.53
11032026|532774|0000000000001281|0000000000099184|0000000000001281|0000000000099184|100.00
11032026|532775|0000000002041134|0000000002245248|0000000003558403|0000000003913908|057.36
11032026|532776|0000000000001024|0000000000017275|0000000000001025|0000000000017498|099.90
11032026|532777|0000000000059886|0000000057334857|0000000000069539|0000000066662383|086.12
11032026|532779|0000000000004141|0000000005958278|0000000000010204|0000000014833450|040.58
11032026|532780|0000000000016881|0000000000119856|0000000000017281|0000000000122480|097.69
11032026|532783|0000000000038898|0000000014874596|0000000000141020|0000000054601847|027.58
11032026|532784|0000000000005035|0000000006825195|0000000000008705|0000000011684568|057.84
11032026|532785|0000000000000310|0000000000032256|0000000000000313|0000000000032627|099.04
11032026|532790|0000000000013596|0000000005965245|0000000000028816|0000000012814260|047.18
11032026|532794|0000000000258193|0000000002078658|0000000000258193|0000000002078658|100.00
11032026|532795|0000000000016080|0000000000007879|0000000000016080|0000000000007879|100.00
11032026|532796|0000000000012001|0000000017636070|0000000000024214|0000000035810771|049.56
11032026|532797|0000000000003938|0000000000265540|0000000000005632|0000000000387187|069.92
11032026|532798|0000000000138189|0000000004503580|0000000000229264|0000000007585045|060.28
11032026|532799|0000000000009771|0000000002074384|0000000000016030|0000000003494890|060.95
11032026|532801|0000000000009789|0000000000262346|0000000000010693|0000000000289653|091.55
11032026|532804|0000000000000440|0000000000917444|0000000000000681|0000000001442899|064.61
11032026|532805|0000000000200267|0000000049546056|0000000000505273|0000000127117190|039.64
11032026|532806|0000000000000712|0000000000018448|0000000000001247|0000000000032003|057.10
11032026|532807|0000000000000470|0000000000040458|0000000000000695|0000000000059606|067.63
11032026|532808|0000000000000470|0000000000699642|0000000000000693|0000000001053008|067.82
11032026|532809|0000000000024288|0000000005292356|0000000000067407|0000000014625417|036.03
11032026|532810|0000000000157008|0000000063870855|0000000000277391|0000000114239987|056.60
11032026|532811|0000000000000945|0000000000728217|0000000000003046|0000000002330199|031.02
11032026|532812|0000000000000210|0000000000002646|0000000000000210|0000000000002755|100.00
11032026|532814|0000000000016893|0000000015508619|0000000000045158|0000000041820121|037.41
11032026|532815|0000000000011283|0000000004658187|0000000000029954|0000000012718770|037.67
11032026|532817|0000000000011661|0000000000071133|0000000000014512|0000000000088014|080.35
11032026|532820|0000000000031170|0000000000413336|0000000000031170|0000000000413336|100.00
11032026|532822|0000000006599230|0000000064078524|0000000021540051|0000000213027114|030.64
11032026|532825|0000000000097429|0000000000389716|0000000000113778|0000000000455055|085.63
11032026|532826|0000000000000050|0000000000001965|0000000000000050|0000000000001965|100.00
11032026|532827|0000000000000199|0000000006284013|0000000000000409|0000000012970197|048.66
11032026|532828|0000000000000328|0000000000012747|0000000000000378|0000000000014718|086.77
11032026|532829|0000000000004441|0000000001004111|0000000000017308|0000000003908150|025.66
11032026|532830|0000000000029411|0000000051358959|0000000000084410|0000000145194330|034.84
11032026|532832|0000000000052983|0000000002934570|0000000000052983|0000000002934570|100.00
11032026|532834|0000000000030991|0000000004423966|0000000000036652|0000000005219969|084.55
11032026|532835|0000000000000047|0000000000255716|0000000000000061|0000000000332337|077.05
11032026|532839|0000000000263766|0000000000683154|0000000000337765|0000000000880247|078.09
11032026|532841|0000000000000017|0000000000004063|0000000000000018|0000000000004302|094.44
11032026|532842|0000000000000258|0000000000110940|0000000000000268|0000000000115447|096.27
11032026|532843|0000000000022901|0000000020164331|0000000000034852|0000000030741458|065.71
11032026|532845|0000000000003143|0000000000028036|0000000000003492|0000000000031423|090.01
11032026|532847|0000000000015690|0000000000264534|0000000000017987|0000000000303858|087.23
11032026|532848|0000000000024289|0000000001383259|0000000000045943|0000000002634159|052.87
11032026|532850|0000000000042147|0000000001469245|0000000000091154|0000000003243162|046.24
11032026|532851|0000000000001317|0000000000760634|0000000000001645|0000000000967001|080.06
11032026|532853|0000000000002425|0000000000475422|0000000000003086|0000000000619872|078.58
11032026|532855|0000000000003898|0000000000524866|0000000000005032|0000000000702058|077.46
11032026|532856|0000000000031913|0000000005481058|0000000000064596|0000000011362300|049.40
11032026|532859|0000000000045736|0000000017370533|0000000000046758|0000000017888257|097.81
11032026|532864|0000000000003294|0000000000396433|0000000000004932|0000000000596586|066.79
11032026|532867|0000000000000533|0000000001047772|0000000000001063|0000000002087975|050.14
11032026|532868|0000000000037117|0000000021266186|0000000000075155|0000000044053311|049.39
11032026|532869|0000000000006133|0000000000341927|0000000000006133|0000000000341927|100.00
11032026|532870|0000000000006894|0000000000011250|0000000000006894|0000000000011250|100.00
11032026|532872|0000000000012140|0000000001519928|0000000000027994|0000000003522793|043.37
11032026|532875|0000000000007394|0000000000778589|0000000000010903|0000000001170246|067.82
11032026|532878|0000000000002475|0000000000160059|0000000000007715|0000000000490753|032.08
11032026|532880|0000000000002633|0000000000197160|0000000000003477|0000000000265163|075.73
11032026|532884|0000000000030585|0000000006422850|0000000000046898|0000000009964765|065.22
11032026|532885|0000000000350526|0000000012822242|0000000000646094|0000000023769110|054.25
11032026|532886|0000000000001967|0000000000059699|0000000000022596|0000000000686816|008.70
11032026|532888|0000000000030069|0000000001986359|0000000000079750|0000000005356073|037.70
11032026|532889|0000000000007955|0000000006447130|0000000000023865|0000000019472200|033.33
11032026|532890|0000000000131714|0000000005225401|0000000000131714|0000000005225401|100.00
11032026|532891|0000000000006914|0000000001345119|0000000000014505|0000000002813898|047.67
11032026|532892|0000000000033102|0000000023139954|0000000000054580|0000000038583651|060.65
11032026|532893|0000000000036475|0000000003068642|0000000000043694|0000000003684628|083.48
11032026|532894|0000000000043639|0000000000374860|0000000000046479|0000000000404819|093.89
11032026|532895|0000000000002043|0000000000052117|0000000000016196|0000000000399891|012.61
11032026|532896|0000000000006001|0000000000117020|0000000000006001|0000000000117344|100.00
11032026|532898|0000000000189017|0000000056478280|0000000000354908|0000000106577153|053.26
11032026|532899|0000000000029193|0000000023357320|0000000000033939|0000000027142384|086.02
11032026|532900|0000000000069486|0000000002283310|0000000000088515|0000000002910329|078.50
11032026|532902|0000000000024899|0000000000395148|0000000000028039|0000000000442534|088.80
11032026|532904|0000000000000052|0000000000003902|0000000000000052|0000000000003902|100.00
11032026|532906|0000000000004995|0000000000645711|0000000000004995|0000000000645711|100.00
11032026|532907|0000000000001118|0000000000026340|0000000000001118|0000000000026340|100.00
11032026|532911|0000000000101782|0000000000663619|0000000000116681|0000000000766409|087.23
11032026|532915|0000000000011050|0000000002432105|0000000000025866|0000000005751706|042.72
11032026|532916|0000000000002538|0000000000100480|0000000000002814|0000000000113507|090.19
11032026|532918|0000000000004354|0000000000100012|0000000000005866|0000000000135455|074.22
11032026|532921|0000000000038416|0000000054193452|0000000000103741|0000000148861939|037.03
11032026|532922|0000000000084453|0000000009171596|0000000000182577|0000000020338969|046.26
11032026|532923|0000000000026548|0000000002754355|0000000000068804|0000000007247271|038.58
11032026|532924|0000000000004267|0000000001433712|0000000000004539|0000000001517905|094.01
11032026|532925|0000000000000015|0000000000013125|0000000000000017|0000000000014181|088.24
11032026|532926|0000000000007898|0000000001868667|0000000000011870|0000000002826708|066.54
11032026|532927|0000000000002199|0000000006849885|0000000000005930|0000000018937337|037.08
11032026|532928|0000000000046365|0000000013411077|0000000000119601|0000000034756575|038.77
11032026|532929|0000000000006641|0000000004465741|0000000000021150|0000000014376460|031.40
11032026|532930|0000000000004245|0000000001436339|0000000000004245|0000000001436339|100.00
11032026|532932|0000000000000599|0000000000033706|0000000000000782|0000000000043881|076.60
11032026|532933|0000000000016441|0000000000819584|0000000000022991|0000000001128715|071.51
11032026|532934|0000000000000199|0000000000040059|0000000000000223|0000000000045125|089.24
11032026|532935|0000000000000504|0000000000174208|0000000000001007|0000000000347766|050.05
11032026|532937|0000000000002714|0000000000223878|0000000000003093|0000000000255326|087.75
11032026|532939|0000000001803886|0000000041236834|0000000004088870|0000000094945802|044.12
11032026|532940|0000000000002098|0000000001059700|0000000000004174|0000000002126577|050.26
11032026|532941|0000000000000589|0000000000093475|0000000000000592|0000000000095487|099.49
11032026|532942|0000000000040119|0000000005063018|0000000000113999|0000000014540026|035.19
11032026|532944|0000000000024592|0000000001256406|0000000000026509|0000000001353174|092.77
11032026|532945|0000000001490445|0000000009732606|0000000002407492|0000000016050358|061.91
11032026|532946|0000000000000115|0000000000004313|0000000000000127|0000000000004687|090.55
11032026|532947|0000000000339011|0000000014272364|0000000000519824|0000000021928635|065.22
11032026|532951|0000000000003094|0000000000037933|0000000000004365|0000000000053072|070.88
11032026|532952|0000000000002326|0000000000511837|0000000000013380|0000000002986253|017.38
11032026|532953|0000000000005244|0000000001652385|0000000000010907|0000000003483232|048.08
11032026|532955|0000000000154314|0000000051340268|0000000000296810|0000000099904447|051.99
11032026|532957|0000000000000222|0000000000014483|0000000000000222|0000000000014483|100.00
11032026|532966|0000000000019386|0000000012709462|0000000000043122|0000000028594760|044.96
11032026|532967|0000000000031425|0000000012453728|0000000000038406|0000000015460367|081.82
11032026|532974|0000000000000998|0000000000122255|0000000000001238|0000000000154715|080.61
11032026|532975|0000000000006217|0000000000057383|0000000000006854|0000000000063939|090.71
11032026|532976|0000000000601383|0000000040569298|0000000000917797|0000000063076156|065.52
11032026|532977|0000000000003260|0000000030418897|0000000000008744|0000000082764277|037.28
11032026|532978|0000000000033584|0000000060258092|0000000000060961|0000000110436518|055.09
11032026|532980|0000000000000767|0000000000031831|0000000000000772|0000000000032141|099.35
11032026|532983|0000000000000114|0000000000215352|0000000000000132|0000000000252212|086.36
11032026|532985|0000000000008637|0000000000726113|0000000000017441|0000000001471353|049.52
11032026|532986|0000000000001421|0000000000038154|0000000000001520|0000000000042092|093.49
11032026|532989|0000000000000588|0000000000062064|0000000000000613|0000000000065257|095.92
11032026|532993|0000000000001216|0000000000643933|0000000000001473|0000000000779156|082.55
11032026|532994|0000000000000217|0000000000016709|0000000000000223|0000000000017960|097.31
11032026|532998|0000000000000016|0000000000001727|0000000000000016|0000000000001731|100.00
11032026|533001|0000000000015024|0000000001515171|0000000000015046|0000000001522949|099.85
11032026|533007|0000000000086658|0000000000556345|0000000000104856|0000000000679643|082.64
11032026|533012|0000000000002772|0000000000016050|0000000000003096|0000000000018586|089.53
11032026|533014|0000000000008025|0000000000417300|0000000000010027|0000000000521395|080.03
11032026|533019|0000000000000002|0000000000002977|0000000000000002|0000000000002976|100.00
11032026|533022|0000000000003283|0000000000543173|0000000000004025|0000000000673292|081.57
11032026|533023|0000000000000042|0000000000586289|0000000000000063|0000000000880750|066.67
11032026|533029|0000000000001700|0000000000103700|0000000000001755|0000000000108279|096.87
11032026|533033|0000000000005335|0000000005066917|0000000000009590|0000000009258295|055.63
11032026|533047|0000000000002038|0000000002505823|0000000000004574|0000000005643040|044.56
11032026|533048|0000000000193798|0000000000104651|0000000000207813|0000000000111762|093.26
11032026|533056|0000000000018703|0000000000358724|0000000000022713|0000000000442828|082.34
11032026|533080|0000000000001638|0000000000861834|0000000000002385|0000000001268322|068.68
11032026|533088|0000000000002220|0000000000595293|0000000000004468|0000000001208852|049.69
11032026|533090|0000000003120069|0000000003712883|0000000004765876|0000000005588787|065.47
11032026|533093|0000000000002518|0000000000114695|0000000000009508|0000000000435689|026.48
11032026|533095|0000000000000936|0000000005524226|0000000000001083|0000000006391805|086.43
11032026|533096|0000000000528525|0000000073385697|0000000001336217|0000000187314600|039.55
11032026|533098|0000000000843343|0000000061918244|0000000001319510|0000000097666075|063.91
11032026|533100|0000000000031480|0000000000215324|0000000000031480|0000000000216896|100.00
11032026|533101|0000000000000650|0000000000079983|0000000000001032|0000000000128072|062.98
11032026|533104|0000000000000874|0000000000740322|0000000000001517|0000000001304520|057.61
11032026|533106|0000000000240001|0000000115848483|0000000000476936|0000000227408901|050.32
11032026|533107|0000000000005418|0000000011653694|0000000000005418|0000000011653694|100.00
11032026|533108|0000000000022990|0000000000784879|0000000000024707|0000000000848851|093.05
11032026|533110|0000000000000440|0000000000004840|0000000000000440|0000000000004824|100.00
11032026|533121|0000000000000949|0000000000717682|0000000000001212|0000000000932208|078.30
11032026|533122|0000000001203150|0000000009733484|0000000001994025|0000000016333866|060.34
11032026|533137|0000000000016280|0000000000435490|0000000000029254|0000000000780630|055.65
11032026|533138|0000000000000523|0000000000326954|0000000000000578|0000000000363957|090.48
11032026|533146|0000000000003305|0000000001319522|0000000000005127|0000000002084912|064.46
11032026|533148|0000000000034082|0000000016621792|0000000000065382|0000000032261966|052.13
11032026|533149|0000000000000810|0000000000006391|0000000000000811|0000000000005678|099.88
11032026|533150|0000000000093278|0000000153922692|0000000000111810|0000000187610859|083.43
11032026|533151|0000000000000935|0000000000196631|0000000000001363|0000000000287742|068.60
11032026|533152|0000000000140946|0000000003546202|0000000000144658|0000000003639839|097.43
11032026|533155|0000000000057031|0000000026944296|0000000000082568|0000000039251724|069.07
11032026|533156|0000000000079908|0000000002726461|0000000000107888|0000000003729458|074.07
11032026|533158|0000000000003329|0000000011780166|0000000000004892|0000000017657792|068.05
11032026|533160|0000000000245979|0000000024917673|0000000000290372|0000000029611430|084.71
11032026|533161|0000000000001713|0000000000142179|0000000000001715|0000000000142332|099.88
11032026|533162|0000000000090495|0000000000912190|0000000000335203|0000000003409127|027.00
11032026|533164|0000000000017983|0000000000798985|0000000000020205|0000000000909018|089.00
11032026|533166|0000000000073988|0000000000094705|0000000000123637|0000000000164313|059.84
11032026|533167|0000000000012835|0000000000894792|0000000000012835|0000000000894792|100.00
11032026|533168|0000000000000104|0000000000004734|0000000000000120|0000000000005502|086.67
11032026|533169|0000000000019333|0000000001906234|0000000000028203|0000000002837056|068.55
11032026|533170|0000000000000600|0000000000086490|0000000000001317|0000000000191561|045.56
11032026|533172|0000000000000029|0000000000403762|0000000000000031|0000000000428935|093.55
11032026|533177|0000000000010501|0000000000024143|0000000000010501|0000000000024143|100.00
11032026|533179|0000000000007590|0000000036011894|0000000000013866|0000000066447681|054.74
11032026|533181|0000000000039809|0000000002813303|0000000000040202|0000000002885867|099.02
11032026|533192|0000000000006849|0000000000161226|0000000000012423|0000000000291778|055.13
11032026|533193|0000000000006734|0000000000558249|0000000000010379|0000000000874841|064.88
11032026|533202|0000000000036764|0000000000128674|0000000000046875|0000000000163165|078.43
11032026|533203|0000000000003027|0000000000074556|0000000000003027|0000000000073578|100.00
11032026|533206|0000000000309355|0000000021806434|0000000000474832|0000000033710032|065.15
11032026|533208|0000000000001077|0000000000082553|0000000000001306|0000000000100150|082.47
11032026|533210|0000000000001273|0000000000082656|0000000000001375|0000000000089273|092.58
11032026|533212|0000000000002070|0000000000116107|0000000000003597|0000000000202754|057.55
11032026|533217|0000000000000555|0000000000035903|0000000000000605|0000000000039020|091.74
11032026|533218|0000000000019119|0000000001129742|0000000000019299|0000000001172095|099.07
11032026|533227|0000000000000013|0000000000002079|0000000000000013|0000000000002080|100.00
11032026|533229|0000000000007053|0000000002523211|0000000000017517|0000000006424219|040.26
11032026|533230|0000000000095969|0000000013171746|0000000000172100|0000000023582535|055.76
11032026|533239|0000000000011584|0000000000048190|0000000000012399|0000000000051678|093.43
11032026|533244|0000000000171569|0000000023565003|0000000000253659|0000000034851852|067.64
11032026|533248|0000000000045183|0000000007217985|0000000000068727|0000000011196121|065.74
11032026|533252|0000000000000202|0000000000259772|0000000000000353|0000000000450737|057.22
11032026|533257|0000000000029330|0000000009798960|0000000000029330|0000000009798960|100.00
11032026|533259|0000000000000050|0000000000014500|0000000000000050|0000000000014250|100.00
11032026|533260|0000000000000565|0000000000050133|0000000000000574|0000000000051579|098.43
11032026|533262|0000000000001761|0000000000808740|0000000000004619|0000000002137461|038.13
11032026|533263|0000000000358641|0000000003328189|0000000000518786|0000000004917443|069.13
11032026|533267|0000000000004139|0000000001062689|0000000000005614|0000000001454591|073.73
11032026|533268|0000000000000005|0000000000000023|0000000000000005|0000000000000022|100.00
11032026|533269|0000000000032534|0000000040769983|0000000000095215|0000000121954669|034.17
11032026|533270|0000000000000019|0000000000002444|0000000000000019|0000000000002444|100.00
11032026|533271|0000000000045361|0000000005486413|0000000000085534|0000000010562157|053.03
11032026|533272|0000000000108395|0000000029911601|0000000000328070|0000000092504944|033.04
11032026|533273|0000000000006306|0000000009357474|0000000000011851|0000000017714015|053.21
11032026|533274|0000000000232333|0000000295678593|0000000000243222|0000000312750745|095.52
11032026|533275|0000000000139555|0000000000669864|0000000000157052|0000000000757265|088.86
11032026|533278|0000000000244557|0000000109145790|0000000000426193|0000000191112126|057.38
11032026|533282|0000000000008456|0000000012727972|0000000000015577|0000000023524112|054.29
11032026|533284|0000000000005498|0000000000390963|0000000000006749|0000000000487424|081.46
11032026|533285|0000000000085423|0000000003856849|0000000000128489|0000000005652770|066.48
11032026|533286|0000000000019153|0000000005323577|0000000000051007|0000000014332557|037.55
11032026|533287|0000000000012371|0000000000067794|0000000000015066|0000000000083254|082.11
11032026|533289|0000000000000300|0000000000019434|0000000000000300|0000000000019434|100.00
11032026|533292|0000000000017137|0000000000282422|0000000000017137|0000000000282422|100.00
11032026|533293|0000000000004227|0000000006141197|0000000000016610|0000000023968119|025.45
11032026|533294|0000000000001582|0000000000029616|0000000000001952|0000000000037316|081.04
11032026|533295|0000000000051493|0000000001253855|0000000000094139|0000000002312033|054.70
11032026|533296|0000000000004334|0000000000036579|0000000000004336|0000000000036555|099.95
11032026|533298|0000000000009811|0000000000205443|0000000000010387|0000000000222317|094.45
11032026|533301|0000000000000001|0000000000000013|0000000000000001|0000000000000012|100.00
11032026|533302|0000000000000134|0000000000639515|0000000000000159|0000000000766973|084.28
11032026|533303|0000000000000364|0000000000137319|0000000000000439|0000000000167702|082.92
11032026|533306|0000000000000161|0000000000256538|0000000000000187|0000000000299320|086.10
11032026|533315|0000000000013093|0000000000767905|0000000000015714|0000000000930194|083.32
11032026|533316|0000000000000414|0000000000198265|0000000000000557|0000000000272208|074.33
11032026|533317|0000000000000010|0000000000000043|0000000000000010|0000000000000043|100.00
11032026|533326|0000000000043257|0000000004204581|0000000000097491|0000000009646890|044.37
11032026|533329|0000000000004953|0000000000146164|0000000000005380|0000000000161154|092.06
11032026|533333|0000000000116009|0000000002616003|0000000000167271|0000000003810697|069.35
11032026|533336|0000000000000107|0000000000092341|0000000000000111|0000000000095819|096.40
11032026|533339|0000000000012421|0000000017494979|0000000000027877|0000000039855868|044.56
11032026|533343|0000000000000598|0000000000040844|0000000000000598|0000000000040907|100.00
11032026|533344|0000000000016411|0000000000468042|0000000000033855|0000000000974140|048.47
11032026|533385|0000000000039975|0000000008878048|0000000000060688|0000000013582207|065.87
11032026|533398|0000000000016615|0000000052544938|0000000000028893|0000000092192971|057.51
11032026|533407|0000000000032439|0000000004591153|0000000000032439|0000000004591153|100.00
11032026|533408|0000000000004082|0000000000573807|0000000000005513|0000000000775279|074.04
11032026|533427|0000000000025883|0000000000608769|0000000000033792|0000000000799425|076.60
11032026|533451|0000000000001060|0000000000040853|0000000000001194|0000000000045651|088.78
11032026|533452|0000000000008871|0000000000102194|0000000000009033|0000000000104033|098.21
11032026|533470|0000000000070639|0000000001185323|0000000000085461|0000000001409702|082.66
11032026|533477|0000000000000804|0000000000341057|0000000000000853|0000000000361786|094.26
11032026|533482|0000000000004152|0000000000011502|0000000000004884|0000000000013876|085.01
11032026|533506|0000000000037888|0000000000039404|0000000000050736|0000000000052952|074.68
11032026|533519|0000000000062453|0000000016637480|0000000000147029|0000000039783322|042.48
11032026|533520|0000000000485765|0000000005139394|0000000000769125|0000000008169178|063.16
11032026|533540|0000000000001068|0000000000008616|0000000000001068|0000000000008616|100.00
11032026|533543|0000000000001067|0000000000065568|0000000000001446|0000000000089372|073.79
11032026|533552|0000000000005214|0000000000678342|0000000000007886|0000000001030638|066.12
11032026|533553|0000000000021383|0000000017175895|0000000000055379|0000000045352193|038.61
11032026|533570|0000000000027357|0000000003656264|0000000000036997|0000000004944359|073.94
11032026|533573|0000000000000977|0000000000690544|0000000000001861|0000000001339790|052.50
11032026|533576|0000000000001012|0000000000055580|0000000000001094|0000000000059925|092.50
11032026|533581|0000000000076180|0000000041906618|0000000000264671|0000000146619161|028.78
11032026|533602|0000000000201591|0000000000159257|0000000000240365|0000000000187019|083.87
11032026|533605|0000000000061676|0000000000025002|0000000000061676|0000000000025002|100.00
11032026|533608|0000000000004986|0000000000837898|0000000000016956|0000000002865196|029.41
11032026|533629|0000000000013044|0000000000064866|0000000000013044|0000000000064866|100.00
11032026|533632|0000000000000012|0000000000000182|0000000000000012|0000000000000181|100.00
11032026|533638|0000000000108812|0000000000767125|0000000000118178|0000000000839167|092.07
11032026|533644|0000000000000470|0000000000074801|0000000000000630|0000000000101801|074.60
11032026|533655|0000000000010100|0000000004796490|0000000000018572|0000000008767403|054.38
11032026|533676|0000000000008037|0000000002102882|0000000000013361|0000000003516155|060.15
11032026|533704|0000000000027576|0000000000694640|0000000000030492|0000000000767306|090.44
11032026|533719|0000000000005450|0000000000784746|0000000000006319|0000000000913327|086.25
11032026|533758|0000000000004111|0000000008293121|0000000000014911|0000000030421022|027.57
11032026|533761|0000000000002142|0000000000231979|0000000000003952|0000000000434194|054.20
11032026|533896|0000000000001013|0000000000017596|0000000000001033|0000000000017707|098.06
11032026|533941|0000000000110108|0000000026915901|0000000000115472|0000000028856586|095.35
11032026|533982|0000000000000172|0000000000060252|0000000000000235|0000000000082626|073.19
11032026|534060|0000000000605446|0000000001174566|0000000000789770|0000000001511219|076.66
11032026|534064|0000000000121944|0000000000204866|0000000000155831|0000000000256884|078.25
11032026|534076|0000000000002661|0000000001010249|0000000000008534|0000000003276675|031.18
11032026|534091|0000000000066856|0000000169072139|0000000000137344|0000000352006543|048.68
11032026|534139|0000000000006498|0000000005882468|0000000000006498|0000000005882468|100.00
11032026|534190|0000000000000183|0000000000000557|0000000000000191|0000000000000558|095.81
11032026|534309|0000000000226676|0000000019541738|0000000000627317|0000000054646075|036.13
11032026|534312|0000000000002011|0000000000002861|0000000000002011|0000000000002861|100.00
11032026|534328|0000000000005230|0000000000836800|0000000000005230|0000000000825555|100.00
11032026|534338|0000000000029935|0000000000352335|0000000000031652|0000000000377260|094.58
11032026|534369|0000000000003131|0000000000418146|0000000000006521|0000000000885844|048.01
11032026|534392|0000000000001597|0000000000383839|0000000000002050|0000000000499560|077.90
11032026|534422|0000000000000199|0000000000001719|0000000000000199|0000000000001719|100.00
11032026|534425|0000000000001023|0000000000104449|0000000000001028|0000000000104930|099.51
11032026|534532|0000000000001554|0000000000007382|0000000000001608|0000000000007930|096.64
11032026|534597|0000000000167272|0000000004467836|0000000000313863|0000000008592787|053.29
11032026|534598|0000000000003622|0000000000100402|0000000000007035|0000000000191174|051.49
11032026|534600|0000000000089977|0000000004915444|0000000000234843|0000000013148296|038.31
11032026|534612|0000000000039753|0000000000541436|0000000000056615|0000000000780000|070.22
11032026|534615|0000000000022893|0000000000314550|0000000000023997|0000000000325118|095.40
11032026|534618|0000000000032393|0000000026609230|0000000000094007|0000000078393566|034.46
11032026|534623|0000000000004650|0000000000229617|0000000000005522|0000000000274707|084.21
11032026|534639|0000000000000001|0000000000000021|0000000000000002|0000000000000041|050.00
11032026|534674|0000000000076281|0000000000240286|0000000000081764|0000000000259924|093.29
11032026|534675|0000000000019882|0000000000911193|0000000000024136|0000000001122897|082.37
11032026|534680|0000000000000050|0000000000012603|0000000000000055|0000000000014162|090.91
11032026|534691|0000000000020168|0000000000253714|0000000000031625|0000000000393232|063.77
11032026|534732|0000000000002113|0000000000072286|0000000000003585|0000000000121633|058.94
11032026|534733|0000000000153618|0000000003405633|0000000000153618|0000000003405633|100.00
11032026|534741|0000000000349464|0000000000171238|0000000000497665|0000000000239778|070.22
11032026|534742|0000000000010746|0000000002252362|0000000000018189|0000000003902652|059.08
11032026|534748|0000000000058689|0000000000470686|0000000000080014|0000000000643896|073.35
11032026|534755|0000000000385974|0000000000374395|0000000000388474|0000000000376978|099.36
11032026|534758|0000000000001236|0000000001355274|0000000000001424|0000000001583480|086.80
11032026|534796|0000000000000456|0000000000059280|0000000000000456|0000000000059280|100.00
11032026|534804|0000000000000301|0000000000483602|0000000000000541|0000000000876666|055.64
11032026|534809|0000000002382365|0000000021083931|0000000004540907|0000000040499119|052.46
11032026|534816|0000000000019538|0000000008576206|0000000000045221|0000000020131780|043.21
11032026|534920|0000000000000001|0000000000000043|0000000000000001|0000000000000043|100.00
11032026|534976|0000000000003860|0000000002073785|0000000000013494|0000000007220916|028.61
11032026|535136|0000000000015522|0000000017177422|0000000000042064|0000000046512403|036.90
11032026|535204|0000000000006025|0000000000015063|0000000000007429|0000000000019348|081.10
11032026|535205|0000000000020126|0000000000062391|0000000000032847|0000000000097079|061.27
11032026|535267|0000000000036845|0000000000269337|0000000000038926|0000000000285901|094.65
11032026|535276|0000000000068315|0000000058564401|0000000000078289|0000000067253921|087.26
11032026|535322|0000000000003574|0000000001301294|0000000000005650|0000000002081955|063.26
11032026|535387|0000000000001034|0000000000056705|0000000000001184|0000000000064878|087.33
11032026|535431|0000000000088840|0000000000056858|0000000000096049|0000000000062509|092.49
11032026|535458|0000000000000672|0000000000021538|0000000000000672|0000000000021516|100.00
11032026|535514|0000000000000002|0000000000000012|0000000000000002|0000000000000011|100.00
11032026|535566|0000000000000424|0000000000050880|0000000000000534|0000000000064237|079.40
11032026|535601|0000000000000004|0000000000000793|0000000000000004|0000000000000792|100.00
11032026|535602|0000000000001192|0000000000978096|0000000000002193|0000000001832280|054.35
11032026|535621|0000000000000388|0000000000055290|0000000000000390|0000000000055479|099.49
11032026|535648|0000000000007180|0000000003843095|0000000000012199|0000000006520851|058.86
11032026|535657|0000000000002018|0000000000014738|0000000000002018|0000000000014738|100.00
11032026|535667|0000000000000118|0000000000021394|0000000000000118|0000000000021386|100.00
11032026|535693|0000000000011853|0000000001782099|0000000000015408|0000000002327552|076.93
11032026|535719|0000000000035971|0000000001004311|0000000000041867|0000000001186828|085.92
11032026|535730|0000000000315870|0000000000170570|0000000000413365|0000000000221099|076.41
11032026|535754|0000000000011192|0000000001595980|0000000000014920|0000000002149975|075.01
11032026|535755|0000000002089783|0000000129462057|0000000002244881|0000000139165479|093.09
11032026|535789|0000000000086612|0000000012593385|0000000000206139|0000000030368732|042.02
11032026|535910|0000000000383300|0000000000264477|0000000000571262|0000000000393476|067.10
11032026|535916|0000000000008148|0000000000447570|0000000000011656|0000000000656556|069.90
11032026|535958|0000000000128175|0000000000165346|0000000000147921|0000000000193862|086.65
11032026|536073|0000000000183394|0000000000372290|0000000000193110|0000000000389295|094.97
11032026|536264|0000000000009569|0000000000266210|0000000000011580|0000000000325917|082.63
11032026|536493|0000000000000762|0000000000248946|0000000000000983|0000000000321812|077.52
11032026|536507|0000000000017100|0000000000021067|0000000000017100|0000000000021067|100.00
11032026|536565|0000000000001714|0000000000096036|0000000000002939|0000000000163877|058.32
11032026|536659|0000000000909362|0000000004310376|0000000001213142|0000000005725760|074.96
11032026|536672|0000000000076977|0000000000475718|0000000000078881|0000000000494583|097.59
11032026|536709|0000000000003269|0000000000036405|0000000000003269|0000000000036405|100.00
11032026|536773|0000000000011037|0000000014752607|0000000000030069|0000000042108149|036.71
11032026|536960|0000000000017013|0000000001037113|0000000000032871|0000000002018135|051.76
11032026|536974|0000000000008712|0000000000581352|0000000000010384|0000000000695458|083.90
11032026|537007|0000000000092706|0000000024953675|0000000000098450|0000000026579176|094.17
11032026|537008|0000000000005333|0000000000146498|0000000000005351|0000000000147771|099.66
11032026|537069|0000000000004566|0000000000053605|0000000000006018|0000000000069775|075.87
11032026|537253|0000000000000001|0000000000000068|0000000000000001|0000000000000067|100.00
11032026|537259|0000000000001665|0000000001144022|0000000000002700|0000000001883629|061.67
11032026|537291|0000000000000753|0000000000109976|0000000000000863|0000000000127885|087.25
11032026|537292|0000000000000020|0000000000002170|0000000000000020|0000000000002170|100.00
11032026|537326|0000000000045976|0000000002853731|0000000000047351|0000000002941429|097.10
11032026|537483|0000000000001519|0000000000394789|0000000000002767|0000000000725702|054.90
11032026|537536|0000000000003673|0000000000263355|0000000000004485|0000000000325432|081.90
11032026|537582|0000000000050000|0000000000062000|0000000000050000|0000000000061800|100.00
11032026|537707|0000000000174105|0000000000158110|0000000000174105|0000000000158110|100.00
11032026|537708|0000000000007913|0000000002086817|0000000000008713|0000000002309096|090.82
11032026|537709|0000000000016170|0000000000073829|0000000000016170|0000000000073829|100.00
11032026|537750|0000000000000610|0000000000105378|0000000000000854|0000000000147428|071.43
11032026|537766|0000000000065167|0000000000109621|0000000000065167|0000000000109621|100.00
11032026|537785|0000000000002686|0000000000298012|0000000000002852|0000000000334445|094.18
11032026|537800|0000000005145696|0000000004501955|0000000005145696|0000000004501955|100.00
11032026|537820|0000000000159137|0000000000397843|0000000000221560|0000000000536162|071.83
11032026|537839|0000000000060344|0000000005432167|0000000000066372|0000000005817991|090.92
11032026|537985|0000000000002195|0000000000032091|0000000000002704|0000000000039300|081.18
11032026|538057|0000000000074944|0000000007696749|0000000000121607|0000000012563501|061.63
11032026|538081|0000000000000651|0000000000003588|0000000000000913|0000000000005127|071.30
11032026|538092|0000000000001500|0000000000152100|0000000000001503|0000000000149347|099.80
11032026|538119|0000000000000392|0000000000046883|0000000000000392|0000000000046883|100.00
11032026|538212|0000000000059052|0000000000023185|0000000000059052|0000000000023185|100.00
11032026|538268|0000000000001655|0000000000869537|0000000000003231|0000000001708680|051.22
11032026|538273|0000000000001088|0000000000025721|0000000000002358|0000000000058485|046.14
11032026|538351|0000000000079622|0000000000156453|0000000000079622|0000000000156453|100.00
11032026|538365|0000000000002074|0000000000071865|0000000000037811|0000000001296944|005.49
11032026|538382|0000000000000415|0000000000033823|0000000000000447|0000000000037604|092.84
11032026|538395|0000000000000079|0000000000007223|0000000000000133|0000000000011405|059.40
11032026|538401|0000000000001676|0000000000229110|0000000000002950|0000000000406049|056.81
11032026|538422|0000000000085903|0000000000038657|0000000000105006|0000000000047196|081.81
11032026|538446|0000000000002130|0000000000144457|0000000000002844|0000000000191069|074.89
11032026|538451|0000000000347924|0000000000974188|0000000000371945|0000000001037504|093.54
11032026|538464|0000000000021150|0000000000086927|0000000000024065|0000000000100090|087.89
11032026|538465|0000000000031594|0000000000423676|0000000000033889|0000000000436879|093.23
11032026|538476|0000000000016124|0000000000248471|0000000000020990|0000000000326217|076.82
11032026|538496|0000000000012000|0000000000074520|0000000000012000|0000000000077670|100.00
11032026|538520|0000000000022292|0000000000038566|0000000000022292|0000000000038565|100.00
11032026|538521|0000000000000222|0000000000020757|0000000000000241|0000000000021937|092.12
11032026|538539|0000000000082778|0000000000786391|0000000000088907|0000000000837674|093.11
11032026|538540|0000000000038620|0000000000378482|0000000000038620|0000000000378482|100.00
11032026|538546|0000000000002896|0000000000321167|0000000000003459|0000000000386459|083.72
11032026|538556|0000000000000551|0000000000062787|0000000000000553|0000000000061961|099.64
11032026|538562|0000000000023785|0000000008083333|0000000000029702|0000000010307839|080.08
11032026|538563|0000000000000101|0000000000048045|0000000000000101|0000000000048045|100.00
11032026|538564|0000000000000174|0000000000051644|0000000000000179|0000000000053542|097.21
11032026|538565|0000000000006613|0000000001303608|0000000000006613|0000000001303608|100.00
11032026|538567|0000000000000730|0000000000742301|0000000000001144|0000000001167809|063.81
11032026|538568|0000000000000005|0000000000000173|0000000000000005|0000000000000172|100.00
11032026|538569|0000000000019000|0000000000020140|0000000000019000|0000000000020131|100.00
11032026|538596|0000000000000936|0000000000004542|0000000000000936|0000000000004542|100.00
11032026|538597|0000000000018580|0000000000172617|0000000000018580|0000000000172617|100.00
11032026|538598|0000000000113932|0000000002215978|0000000000128885|0000000002516619|088.40
11032026|538607|0000000000583536|0000000000501841|0000000000843083|0000000000722566|069.21
11032026|538609|0000000000003968|0000000000244945|0000000000006453|0000000000398973|061.49
11032026|538610|0000000001170972|0000000001030456|0000000001344722|0000000001180580|087.08
11032026|538611|0000000000000250|0000000000012793|0000000000000250|0000000000012793|100.00
11032026|538634|0000000000000785|0000000000090393|0000000000000827|0000000000095828|094.92
11032026|538635|0000000000579338|0000000021082110|0000000000594772|0000000021721070|097.40
11032026|538646|0000000000001645|0000000000068877|0000000000002620|0000000000109915|062.79
11032026|538647|0000000000010563|0000000000343509|0000000000010563|0000000000338374|100.00
11032026|538666|0000000000005920|0000000006129272|0000000000010228|0000000010627589|057.88
11032026|538668|0000000000023877|0000000012833888|0000000000034552|0000000018736536|069.10
11032026|538683|0000000000017982|0000000015839805|0000000000033470|0000000029558102|053.73
11032026|538685|0000000000000180|0000000000018180|0000000000000205|0000000000020398|087.80
11032026|538706|0000000000239386|0000000001570373|0000000000320551|0000000002149279|074.68
11032026|538707|0000000000000567|0000000000017878|0000000000000617|0000000000018452|091.90
11032026|538708|0000000000000614|0000000000004391|0000000000000714|0000000000005064|085.99
11032026|538713|0000000000004720|0000000000982468|0000000000005483|0000000001147559|086.08
11032026|538714|0000000000000037|0000000000001499|0000000000000037|0000000000001492|100.00
11032026|538715|0000000000005293|0000000001759658|0000000000005781|0000000001942598|091.56
11032026|538716|0000000000000561|0000000000237836|0000000000000653|0000000000265604|085.91
11032026|538730|0000000000009157|0000000002669724|0000000000010212|0000000002988724|089.67
11032026|538732|0000000000002490|0000000000077664|0000000000004106|0000000000128056|060.64
11032026|538734|0000000000031847|0000000031014201|0000000000108108|0000000107983381|029.46
11032026|538742|0000000000001673|0000000000057319|0000000000001673|0000000000057319|100.00
11032026|538743|0000000000000341|0000000000004741|0000000000000341|0000000000004741|100.00
11032026|538770|0000000000000033|0000000000000410|0000000000000069|0000000000000947|047.83
11032026|538772|0000000000106008|0000000003471762|0000000000145443|0000000004897948|072.89
11032026|538777|0000000000002000|0000000000046480|0000000000002000|0000000000046480|100.00
11032026|538778|0000000000062872|0000000000414327|0000000000065561|0000000000433971|095.90
11032026|538787|0000000000016537|0000000000164544|0000000000027741|0000000000283513|059.61
11032026|538788|0000000000014344|0000000000171555|0000000000018579|0000000000212327|077.21
11032026|538794|0000000000048000|0000000000784320|0000000000048000|0000000000784320|100.00
11032026|538795|0000000000002114|0000000000529980|0000000000002595|0000000000658390|081.46
11032026|538817|0000000000457177|0000000004238031|0000000000506399|0000000004603601|090.28
11032026|538833|0000000000002005|0000000000018908|0000000000002790|0000000000025856|071.86
11032026|538834|0000000000040166|0000000000417727|0000000000056561|0000000000595600|071.01
11032026|538835|0000000000011199|0000000007403099|0000000000024295|0000000016262580|046.10
11032026|538836|0000000000000330|0000000000173382|0000000000000529|0000000000277680|062.38
11032026|538837|0000000000009027|0000000000559674|0000000000014343|0000000000887792|062.94
11032026|538838|0000000000000287|0000000000007376|0000000000000302|0000000000007330|095.03
11032026|538857|0000000000000095|0000000000001259|0000000000000095|0000000000001259|100.00
11032026|538860|0000000000016880|0000000000012660|0000000000017012|0000000000012561|099.22
11032026|538862|0000000000000895|0000000000034655|0000000000000895|0000000000034654|100.00
11032026|538868|0000000000005314|0000000000084706|0000000000006613|0000000000105692|080.36
11032026|538874|0000000000000196|0000000000003470|0000000000000196|0000000000003558|100.00
11032026|538875|0000000000580431|0000000004039800|0000000001039466|0000000007350122|055.84
11032026|538881|0000000000000639|0000000000013886|0000000000000679|0000000000014573|094.11
11032026|538882|0000000000146339|0000000007125246|0000000000215673|0000000010729256|067.85
11032026|538890|0000000000062347|0000000003397912|0000000000064261|0000000003423779|097.02
11032026|538891|0000000000057253|0000000001338576|0000000000077799|0000000001852953|073.59
11032026|538894|0000000000000108|0000000000002553|0000000000000108|0000000000002720|100.00
11032026|538895|0000000000104250|0000000001205130|0000000000106194|0000000001182126|098.17
11032026|538896|0000000000001051|0000000000352401|0000000000001101|0000000000368634|095.46
11032026|538902|0000000000000406|0000000000052902|0000000000000434|0000000000058065|093.55
11032026|538918|0000000000015800|0000000000125610|0000000000016976|0000000000133917|093.07
11032026|538920|0000000000012160|0000000001580800|0000000000022417|0000000002954448|054.24
11032026|538922|0000000000017655|0000000000361222|0000000000020840|0000000000426112|084.72
11032026|538923|0000000000028147|0000000000692135|0000000000030656|0000000000742320|091.82
11032026|538926|0000000000000078|0000000000015495|0000000000000165|0000000000032188|047.27
11032026|538928|0000000000821587|0000000001068064|0000000000857930|0000000001050570|095.76
11032026|538942|0000000000000098|0000000000002206|0000000000000098|0000000000002218|100.00
11032026|538943|0000000000000003|0000000000000291|0000000000000003|0000000000000291|100.00
11032026|538952|0000000000020940|0000000000025128|0000000000020945|0000000000025115|099.98
11032026|538961|0000000000002558|0000000000030262|0000000000002568|0000000000030352|099.61
11032026|538962|0000000000002415|0000000001193856|0000000000004380|0000000002189567|055.14
11032026|538964|0000000000000009|0000000000007020|0000000000000009|0000000000007079|100.00
11032026|538965|0000000000001471|0000000000113974|0000000000002744|0000000000212165|053.61
11032026|538970|0000000000368869|0000000002467734|0000000000415392|0000000002795350|088.80
11032026|538975|0000000000931363|0000000000180081|0000000000931363|0000000000180081|100.00
11032026|538979|0000000000000322|0000000000073094|0000000000000324|0000000000073799|099.38
11032026|538987|0000000000000598|0000000000381794|0000000000000764|0000000000483642|078.27
11032026|539006|0000000000000560|0000000010064320|0000000000001175|0000000021120170|047.66
11032026|539011|0000000000000766|0000000000060829|0000000000000849|0000000000065164|090.22
11032026|539012|0000000000000159|0000000000014780|0000000000000257|0000000000023095|061.87
11032026|539013|0000000000011208|0000000000880389|0000000000017138|0000000001331901|065.40
11032026|539014|0000000000000252|0000000000002391|0000000000000252|0000000000002391|100.00
11032026|539015|0000000000000050|0000000000000077|0000000000000050|0000000000000077|100.00
11032026|539016|0000000000003805|0000000000026065|0000000000004324|0000000000029176|088.00
11032026|539017|0000000000205826|0000000001097053|0000000000253777|0000000001356207|081.10
11032026|539018|0000000000000722|0000000000276382|0000000000000828|0000000000319852|087.20
11032026|539031|0000000000000779|0000000000216048|0000000000000779|0000000000216423|100.00
11032026|539032|0000000000051656|0000000000586016|0000000000051656|0000000000586016|100.00
11032026|539040|0000000000022699|0000000000142550|0000000000030496|0000000000193274|074.43
11032026|539041|0000000000203750|0000000005195625|0000000000217500|0000000005363700|093.68
11032026|539042|0000000000027841|0000000008661336|0000000000076468|0000000024083061|036.41
11032026|539044|0000000000000395|0000000000022646|0000000000000545|0000000000031294|072.48
11032026|539045|0000000000003255|0000000000092218|0000000000003255|0000000000092218|100.00
11032026|539046|0000000000019444|0000000002242866|0000000000021427|0000000002499015|090.75
11032026|539056|0000000000106433|0000000004616000|0000000000119414|0000000005156757|089.13
11032026|539083|0000000000177706|0000000014616319|0000000000398322|0000000033144543|044.61
11032026|539090|0000000000000257|0000000000008481|0000000000000257|0000000000008517|100.00
11032026|539091|0000000000119295|0000000000095436|0000000000163664|0000000000131313|072.89
11032026|539097|0000000000078796|0000000000186747|0000000000103160|0000000000251487|076.38
11032026|539111|0000000000003277|0000000000052432|0000000000003462|0000000000054963|094.66
11032026|539113|0000000000001452|0000000000733406|0000000000001824|0000000000934324|079.61
11032026|539115|0000000000001446|0000000000320579|0000000000002031|0000000000465126|071.20
11032026|539117|0000000000068820|0000000003143698|0000000000275818|0000000013038162|024.95
11032026|539118|0000000000003443|0000000000905165|0000000000005293|0000000001394721|065.05
11032026|539120|0000000000000101|0000000000006025|0000000000000102|0000000000006084|099.02
11032026|539121|0000000000001420|0000000000140225|0000000000001872|0000000000184856|075.85
11032026|539122|0000000000024810|0000000000425018|0000000000024810|0000000000425018|100.00
11032026|539123|0000000000005867|0000000000037197|0000000000009046|0000000000058423|064.86
11032026|539124|0000000000021147|0000000000366901|0000000000021196|0000000000326042|099.77
11032026|539126|0000000000037715|0000000000035952|0000000000037715|0000000000035952|100.00
11032026|539132|0000000000496090|0000000004623559|0000000000807509|0000000007473276|061.43
11032026|539141|0000000000003863|0000000000258358|0000000000004895|0000000000328257|078.92
11032026|539143|0000000000061535|0000000000447975|0000000000077942|0000000000561769|078.95
11032026|539148|0000000000002508|0000000000698353|0000000000002580|0000000000730156|097.21
11032026|539149|0000000000000250|0000000000000842|0000000000000250|0000000000000842|100.00
11032026|539150|0000000000012846|0000000002598746|0000000000021074|0000000004284828|060.96
11032026|539151|0000000000027089|0000000002171726|0000000000046007|0000000003749960|058.88
11032026|539167|0000000000000320|0000000000009920|0000000000000320|0000000000010265|100.00
11032026|539174|0000000000000008|0000000000000176|0000000000000009|0000000000000199|088.89
11032026|539175|0000000001290732|0000000004473658|0000000001290732|0000000004473658|100.00
11032026|539176|0000000000001185|0000000000086897|0000000000001186|0000000000089768|099.92
11032026|539177|0000000000037694|0000000017071613|0000000000139608|0000000063893296|027.00
11032026|539189|0000000000000542|0000000000007583|0000000000000599|0000000000008284|090.48
11032026|539195|0000000000019672|0000000003497682|0000000000030206|0000000005415516|065.13
11032026|539196|0000000000006738|0000000000803507|0000000000008509|0000000001026094|079.19
11032026|539198|0000000000000011|0000000000001242|0000000000000011|0000000000001242|100.00
11032026|539199|0000000000001952|0000000000770552|0000000000003467|0000000001387591|056.30
11032026|539200|0000000000001444|0000000000001690|0000000000001444|0000000000001689|100.00
11032026|539201|0000000000002993|0000000000186674|0000000000003598|0000000000225660|083.19
11032026|539206|0000000000000137|0000000000003428|0000000000000137|0000000000003425|100.00
11032026|539216|0000000002011235|0000000003238089|0000000002307294|0000000003786633|087.17
11032026|539217|0000000001859679|0000000000464920|0000000003108739|0000000000763006|059.82
11032026|539219|0000000000031077|0000000000282490|0000000000045676|0000000000416214|068.04
11032026|539220|0000000000007126|0000000000283687|0000000000007126|0000000000284629|100.00
11032026|539221|0000000000007555|0000000000872603|0000000000009704|0000000001119986|077.85
11032026|539222|0000000001751540|0000000001681479|0000000002494740|0000000002432135|070.21
11032026|539224|0000000000000051|0000000000001555|0000000000000051|0000000000001555|100.00
11032026|539226|0000000000004111|0000000000071080|0000000000006154|0000000000107053|066.80
11032026|539227|0000000000012060|0000000002038743|0000000000012998|0000000002212859|092.78
11032026|539228|0000000000067627|0000000000079836|0000000000067627|0000000000079836|100.00
11032026|539251|0000000000005298|0000000000069404|0000000000005362|0000000000070272|098.81
11032026|539252|0000000000010179|0000000000049267|0000000000012367|0000000000060704|082.31
11032026|539254|0000000000015805|0000000015678560|0000000000036072|0000000036338198|043.82
11032026|539255|0000000000004011|0000000002001891|0000000000007633|0000000003843818|052.55
11032026|539267|0000000000000320|0000000000005549|0000000000000733|0000000000012719|043.66
11032026|539268|0000000000015381|0000000006267758|0000000000023426|0000000009624650|065.66
11032026|539275|0000000000000353|0000000000047655|0000000000000426|0000000000058176|082.86
11032026|539276|0000000000000176|0000000000055880|0000000000000224|0000000000070590|078.57
11032026|539277|0000000028772226|0000000004028112|0000000043530291|0000000006193753|066.10
11032026|539278|0000000000004115|0000000000006667|0000000000004533|0000000000007487|090.78
11032026|539287|0000000000000504|0000000000008429|0000000000000504|0000000000008429|100.00
11032026|539288|0000000000132470|0000000003710062|0000000000132470|0000000003710062|100.00
11032026|539289|0000000000006323|0000000001033811|0000000000007368|0000000001215249|085.82
11032026|539290|0000000000006129|0000000000156474|0000000000006585|0000000000166905|093.08
11032026|539300|0000000000004404|0000000001042207|0000000000005261|0000000001254261|083.71
11032026|539301|0000000000005432|0000000002818122|0000000000014994|0000000007893331|036.23
11032026|539302|0000000000001129|0000000002232259|0000000000001949|0000000003878517|057.93
11032026|539309|0000000000223698|0000000001337715|0000000000431606|0000000002607964|051.83
11032026|539310|0000000001694057|0000000000304931|0000000002155904|0000000000396950|078.58
11032026|539312|0000000000000549|0000000000466101|0000000000000597|0000000000512809|091.96
11032026|539313|0000000000002700|0000000000710964|0000000000002816|0000000000745619|095.88
11032026|539314|0000000000003591|0000000000195890|0000000000004795|0000000000263278|074.89
11032026|539331|0000000000001642|0000000000161902|0000000000001692|0000000000168555|097.04
11032026|539332|0000000000020484|0000000001839873|0000000000024921|0000000002253774|082.20
11032026|539334|0000000000000961|0000000000304493|0000000000001882|0000000000595557|051.06
11032026|539335|0000000000003007|0000000000606587|0000000000003007|0000000000606587|100.00
11032026|539336|0000000000084312|0000000032965992|0000000000312304|0000000125531727|027.00
11032026|539337|0000000000014700|0000000002094750|0000000000019075|0000000002750685|077.06
11032026|539346|0000000000078683|0000000000236836|0000000000101173|0000000000305525|077.77
11032026|539353|0000000000000087|0000000000017296|0000000000000198|0000000000038720|043.94
11032026|539354|0000000000000040|0000000000001179|0000000000000055|0000000000001620|072.73
11032026|539359|0000000000020568|0000000000257718|0000000000021323|0000000000265777|096.46
11032026|539378|0000000000000779|0000000000045595|0000000000000779|0000000000045366|100.00
11032026|539383|0000000000000901|0000000000007280|0000000000000901|0000000000007280|100.00
11032026|539391|0000000000000513|0000000000015060|0000000000000513|0000000000015060|100.00
11032026|539398|0000000000001451|0000000000080633|0000000000001934|0000000000107206|075.03
11032026|539399|0000000000000671|0000000000170065|0000000000000840|0000000000213971|079.88
11032026|539400|0000000000000039|0000000000041186|0000000000000042|0000000000044693|092.86
11032026|539402|0000000000004868|0000000000023367|0000000000004868|0000000000023585|100.00
11032026|539404|0000000000016185|0000000002415612|0000000000016448|0000000002417059|098.40
11032026|539405|0000000000005164|0000000000075911|0000000000005165|0000000000081250|099.98
11032026|539406|0000000000000003|0000000000000164|0000000000000003|0000000000000163|100.00
11032026|539407|0000000000000267|0000000000011690|0000000000000272|0000000000012007|098.16
11032026|539408|0000000000000075|0000000000000935|0000000000000075|0000000000000966|100.00
11032026|539428|0000000000003386|0000000000045305|0000000000003386|0000000000044589|100.00
11032026|539435|0000000000000053|0000000000001638|0000000000000053|0000000000001637|100.00
11032026|539436|0000000000077807|0000000002018314|0000000000090536|0000000002383796|085.94
11032026|539437|0000000001213240|0000000080437812|0000000002622093|0000000175261054|046.27
11032026|539448|0000000000068120|0000000296430992|0000000000137217|0000000605573725|049.64
11032026|539449|0000000000047300|0000000000097911|0000000000053213|0000000000111725|088.89
11032026|539450|0000000000007295|0000000000958199|0000000000012116|0000000001616688|060.21
11032026|539455|0000000000037241|0000000001992766|0000000000051793|0000000002760202|071.90
11032026|539468|0000000000000151|0000000000007212|0000000000000154|0000000000007176|098.05
11032026|539469|0000000000017250|0000000000761243|0000000000026483|0000000001168501|065.14
11032026|539470|0000000000453256|0000000000258356|0000000000729055|0000000000423112|062.17
11032026|539479|0000000000070508|0000000004226250|0000000000103551|0000000006129291|068.09
11032026|539480|0000000000000201|0000000000053623|0000000000000201|0000000000053898|100.00
11032026|539487|0000000000000064|0000000000055586|0000000000000095|0000000000083000|067.37
11032026|539492|0000000000003266|0000000000038539|0000000000004049|0000000000048288|080.66
11032026|539494|0000000000005831|0000000000043150|0000000000009926|0000000000073616|058.74
11032026|539506|0000000000447922|0000000000197086|0000000000608151|0000000000271489|073.65
11032026|539515|0000000000005621|0000000000214948|0000000000006903|0000000000270597|081.43
11032026|539516|0000000000008123|0000000002173634|0000000000010156|0000000002728594|079.98
11032026|539517|0000000000007678|0000000000672363|0000000000011519|0000000001006328|066.66
11032026|539518|0000000000002230|0000000000293691|0000000000003350|0000000000431160|066.57
11032026|539519|0000000000188623|0000000000139582|0000000000228400|0000000000169065|082.58
11032026|539522|0000000000000482|0000000000019227|0000000000000510|0000000000020387|094.51
11032026|539523|0000000000021259|0000000117660062|0000000000022368|0000000125702093|095.04
11032026|539524|0000000000004990|0000000007004713|0000000000007057|0000000009886715|070.71
11032026|539526|0000000000101894|0000000000062156|0000000000140659|0000000000085038|072.44
11032026|539527|0000000000000027|0000000000014876|0000000000000029|0000000000015326|093.10
11032026|539528|0000000000040264|0000000001451517|0000000000040264|0000000001451517|100.00
11032026|539533|0000000000624167|0000000034229319|0000000000895784|0000000047638394|069.68
11032026|539542|0000000000000190|0000000000169433|0000000000000294|0000000000259813|064.63
11032026|539544|0000000000000210|0000000000001578|0000000000000210|0000000000001577|100.00
11032026|539545|0000000000001262|0000000000047149|0000000000001879|0000000000066716|067.16
11032026|539546|0000000000000776|0000000000200907|0000000000000940|0000000000244449|082.55
11032026|539551|0000000000004556|0000000007911722|0000000000008318|0000000014467722|054.77
11032026|539552|0000000000001215|0000000000082620|0000000000001620|0000000000111020|075.00
11032026|539559|0000000003321740|0000000009699481|0000000004192700|0000000012199472|079.23
11032026|539561|0000000012914911|0000000005811710|0000000021541523|0000000009693054|059.95
11032026|539562|0000000000025053|0000000000646618|0000000000027289|0000000000699269|091.81
11032026|539574|0000000009407375|0000000001975549|0000000016874492|0000000003568173|055.75
11032026|539584|0000000003659728|0000000000839795|0000000003659728|0000000000839795|100.00
11032026|539593|0000000000001918|0000000000012985|0000000000002169|0000000000014932|088.43
11032026|539594|0000000000880952|0000000003567856|0000000001084323|0000000004385557|081.24
11032026|539596|0000000000000823|0000000000010642|0000000000000857|0000000000010436|096.03
11032026|539598|0000000000007863|0000000000248943|0000000000010899|0000000000344012|072.14
11032026|539599|0000000000000242|0000000000006421|0000000000000242|0000000000006614|100.00
11032026|539607|0000000000740674|0000000014591278|0000000001214039|0000000023973674|061.01
11032026|539620|0000000000003414|0000000000048889|0000000000003697|0000000000052599|092.35
11032026|539621|0000000000133346|0000000000069340|0000000000135716|0000000000069867|098.25
11032026|539636|0000000000010453|0000000001310284|0000000000015807|0000000002027803|066.13
11032026|539658|0000000000000927|0000000001048901|0000000000001113|0000000001272275|083.29
11032026|539659|0000000000026821|0000000001346415|0000000000027755|0000000001360063|096.63
11032026|539660|0000000000081631|0000000001271805|0000000000081631|0000000001271805|100.00
11032026|539661|0000000000000002|0000000000000204|0000000000000002|0000000000000204|100.00
11032026|539662|0000000000009013|0000000000079946|0000000000013101|0000000000117199|068.80
11032026|539669|0000000000037619|0000000000036490|0000000000037619|0000000000036490|100.00
11032026|539678|0000000000004600|0000000000724270|0000000000007931|0000000001265130|058.00
11032026|539679|0000000000759262|0000000001670377|0000000001123667|0000000002184535|067.57
11032026|539682|0000000000001964|0000000002474571|0000000000001964|0000000002474571|100.00
11032026|539686|0000000000021059|0000000005917579|0000000000032674|0000000009173846|064.45
11032026|539692|0000000000010861|0000000000165848|0000000000014818|0000000000220494|073.30
11032026|539697|0000000000033330|0000000001521001|0000000000033330|0000000001521001|100.00
11032026|539724|0000000000021871|0000000002203189|0000000000021871|0000000002203189|100.00
11032026|539725|0000000000005334|0000000000866242|0000000000009204|0000000001513231|057.95
11032026|539730|0000000000003452|0000000005794355|0000000000007833|0000000012999705|044.07
11032026|539742|0000000000007660|0000000000065015|0000000000007660|0000000000065015|100.00
11032026|539760|0000000000001364|0000000000045790|0000000000001456|0000000000049128|093.68
11032026|539761|0000000000356638|0000000000335240|0000000000361315|0000000000338828|098.71
11032026|539762|0000000000007176|0000000000236019|0000000000007800|0000000000257066|092.00
11032026|539767|0000000000002011|0000000000082112|0000000000002011|0000000000082112|100.00
11032026|539770|0000000000000003|0000000000000082|0000000000000003|0000000000000081|100.00
11032026|539773|0000000000832374|0000000001398389|0000000001079927|0000000001844595|077.08
11032026|539784|0000000000000005|0000000000001350|0000000000000005|0000000000001350|100.00
11032026|539785|0000000000022631|0000000001737609|0000000000023440|0000000001808245|096.55
11032026|539787|0000000000001633|0000000000942486|0000000000003214|0000000001859241|050.81
11032026|539798|0000000000007804|0000000000246451|0000000000008805|0000000000286999|088.63
11032026|539799|0000000000000402|0000000000065969|0000000000001094|0000000000180630|036.75
11032026|539800|0000000000015194|0000000000075819|0000000000015544|0000000000078028|097.75
11032026|539807|0000000000230765|0000000003438399|0000000000382264|0000000005746908|060.37
11032026|539814|0000000000008514|0000000001783683|0000000000009846|0000000002039825|086.47
11032026|539834|0000000000000939|0000000000161508|0000000000000955|0000000000160933|098.32
11032026|539835|0000000000002351|0000000000003997|0000000000002656|0000000000004929|088.52
11032026|539837|0000000000001264|0000000000860405|0000000000002278|0000000001564609|055.49
11032026|539841|0000000000288785|0000000002668374|0000000000349327|0000000003212231|082.67
11032026|539843|0000000000000159|0000000000048464|0000000000000183|0000000000056033|086.89
11032026|539854|0000000000000840|0000000000219660|0000000000000840|0000000000220239|100.00
11032026|539871|0000000000007146|0000000002640090|0000000000009800|0000000003636113|072.92
11032026|539872|0000000000008737|0000000002706286|0000000000010182|0000000003178572|085.81
11032026|539875|0000000000000048|0000000000003991|0000000000000048|0000000000004037|100.00
11032026|539876|0000000000037717|0000000009344387|0000000000107151|0000000026548535|035.20
11032026|539883|0000000000000101|0000000000449233|0000000000000126|0000000000561252|080.16
11032026|539884|0000000000015638|0000000000039877|0000000000018138|0000000000045885|086.22
11032026|539889|0000000000014853|0000000003014417|0000000000031152|0000000006431131|047.68
11032026|539894|0000000000225912|0000000001902180|0000000000294967|0000000002457287|076.59
11032026|539895|0000000000014572|0000000000428709|0000000000022523|0000000000677723|064.70
11032026|539900|0000000000000001|0000000000000009|0000000000000001|0000000000000009|100.00
11032026|539911|0000000000000034|0000000000000441|0000000000000034|0000000000000440|100.00
11032026|539917|0000000000034867|0000000000146093|0000000000087906|0000000000378390|039.66
11032026|539921|0000000000293089|0000000051466429|0000000000380461|0000000068495036|077.04
11032026|539922|0000000000000479|0000000000055004|0000000000000479|0000000000055004|100.00
11032026|539927|0000000000000005|0000000000002059|0000000000000005|0000000000002059|100.00
11032026|539938|0000000000003466|0000000000109838|0000000000004119|0000000000129887|084.15
11032026|539939|0000000000003802|0000000000253594|0000000000003860|0000000000253213|098.50
11032026|539945|0000000000018576|0000000000261551|0000000000030917|0000000000437564|060.08
11032026|539946|0000000000003165|0000000000063459|0000000000004250|0000000000086667|074.47
11032026|539947|0000000000000550|0000000000028281|0000000000000550|0000000000028281|100.00
11032026|539956|0000000000000324|0000000000907200|0000000000000397|0000000001117128|081.61
11032026|539957|0000000000023051|0000000024163211|0000000000047881|0000000050427500|048.14
11032026|539963|0000000000360357|0000000004274117|0000000000360357|0000000004274117|100.00
11032026|539978|0000000000015973|0000000003083588|0000000000020989|0000000004049626|076.10
11032026|539979|0000000000000185|0000000000007539|0000000000000186|0000000000007647|099.46
11032026|539980|0000000000007078|0000000000118699|0000000000011375|0000000000191858|062.22
11032026|539984|0000000000001943|0000000004451122|0000000000002739|0000000006412167|070.94
11032026|539985|0000000000004000|0000000000095960|0000000000004000|0000000000097730|100.00
11032026|539986|0000000000016453|0000000002533762|0000000000017939|0000000002755454|091.72
11032026|539991|0000000000052686|0000000001663298|0000000000055690|0000000001756219|094.61
11032026|539992|0000000000082952|0000000003649059|0000000000170752|0000000007656179|048.58
11032026|539997|0000000000024156|0000000040169013|0000000000050610|0000000083237414|047.73
11032026|540005|0000000000001348|0000000005746187|0000000000002845|0000000012259914|047.38
11032026|540006|0000000000078615|0000000000225626|0000000000102897|0000000000296162|076.40
11032026|540008|0000000000000145|0000000000011237|0000000000000176|0000000000013650|082.39
11032026|540023|0000000000004982|0000000000065098|0000000000004982|0000000000065098|100.00
11032026|540025|0000000000002098|0000000000619330|0000000000005162|0000000001541692|040.64
11032026|540026|0000000000000135|0000000000000985|0000000000000169|0000000000001173|079.88
11032026|540047|0000000000008452|0000000003821150|0000000000021036|0000000009722999|040.18
11032026|540048|0000000000000104|0000000000072098|0000000000000244|0000000000168986|042.62
11032026|540061|0000000000001687|0000000000086156|0000000000002490|0000000000128158|067.75
11032026|540062|0000000000000015|0000000000004239|0000000000000015|0000000000004115|100.00
11032026|540065|0000000000043947|0000000013078628|0000000000090843|0000000027448616|048.38
11032026|540066|0000000000000966|0000000000034998|0000000000000966|0000000000034998|100.00
11032026|540073|0000000000089897|0000000022384353|0000000000172108|0000000044232135|052.23
11032026|540078|0000000000002298|0000000000218770|0000000000002815|0000000000269669|081.63
11032026|540079|0000000000127102|0000000000189382|0000000000198522|0000000000293861|064.02
11032026|540080|0000000000037215|0000000000167468|0000000000040562|0000000000184422|091.75
11032026|540081|0000000000000013|0000000000000192|0000000000000013|0000000000000192|100.00
11032026|540082|0000000000002250|0000000000585000|0000000000002250|0000000000585000|100.00
11032026|540083|0000000000002471|0000000000013995|0000000000002471|0000000000013995|100.00
11032026|540097|0000000000146343|0000000005891770|0000000000155070|0000000006094752|094.37
11032026|540108|0000000000001412|0000000000009014|0000000000001412|0000000000009014|100.00
11032026|540115|0000000000002191|0000000006786075|0000000000005209|0000000016352537|042.06
11032026|540124|0000000000001744|0000000000736404|0000000000003258|0000000001386881|053.53
11032026|540125|0000000000001376|0000000000085051|0000000000002726|0000000000171202|050.48
11032026|540132|0000000000006083|0000000000078593|0000000000007769|0000000000101922|078.30
11032026|540133|0000000000008043|0000000004788803|0000000000013819|0000000008282764|058.20
11032026|540134|0000000000000167|0000000000001478|0000000000000167|0000000000001478|100.00
11032026|540135|0000000000700502|0000000000385277|0000000001007121|0000000000556557|069.55
11032026|540136|0000000000004151|0000000001342019|0000000000008676|0000000002861365|047.84
11032026|540143|0000000000001943|0000000000156878|0000000000001959|0000000000148123|099.18
11032026|540145|0000000000000529|0000000000114238|0000000000000740|0000000000162037|071.49
11032026|540147|0000000000049269|0000000000150764|0000000000075159|0000000000224447|065.55
11032026|540150|0000000000000750|0000000000043537|0000000000000750|0000000000043537|100.00
11032026|540153|0000000000001640|0000000004076876|0000000000002955|0000000007381786|055.50
11032026|540159|0000000000002197|0000000000011381|0000000000002202|0000000000011014|099.77
11032026|540168|0000000000087082|0000000002182275|0000000000120774|0000000003063108|072.10
11032026|540173|0000000000011324|0000000008789123|0000000000036850|0000000029232970|030.73
11032026|540174|0000000000000085|0000000000001887|0000000000000085|0000000000001861|100.00
11032026|540175|0000000000008251|0000000000228636|0000000000014305|0000000000394495|057.68
11032026|540180|0000000000100386|0000000043276405|0000000000224337|0000000097754942|044.75
11032026|540181|0000000000000020|0000000000000646|0000000000000021|0000000000000681|095.24
11032026|540189|0000000000000070|0000000000001705|0000000000000070|0000000000001705|100.00
11032026|540190|0000000001222944|0000000000464719|0000000002094649|0000000000792844|058.38
11032026|540192|0000000000023495|0000000000335744|0000000000025821|0000000000368073|090.99
11032026|540198|0000000000005617|0000000002399302|0000000000005644|0000000002441570|099.52
11032026|540199|0000000000000302|0000000000017417|0000000000000405|0000000000023905|074.57
11032026|540203|0000000000002436|0000000001277439|0000000000005635|0000000002969670|043.23
11032026|540204|0000000000033885|0000000001797261|0000000000041330|0000000002186120|081.99
11032026|540205|0000000000005382|0000000002430781|0000000000008492|0000000003875029|063.38
11032026|540210|0000000000000318|0000000000002258|0000000000000406|0000000000002941|078.33
11032026|540212|0000000000001162|0000000000585648|0000000000001316|0000000000668106|088.30
11032026|540222|0000000000023145|0000000024074272|0000000000049519|0000000052235893|046.74
11032026|540243|0000000000016671|0000000000023173|0000000000023753|0000000000032733|070.18
11032026|540252|0000000000529479|0000000004924155|0000000000617782|0000000005710637|085.71
11032026|540254|0000000000004399|0000000000111471|0000000000005244|0000000000135302|083.89
11032026|540259|0000000002667734|0000000000640257|0000000003728901|0000000000896260|071.54
11032026|540266|0000000000013737|0000000000217182|0000000000015326|0000000000241299|089.63
11032026|540267|0000000000028250|0000000000206225|0000000000028250|0000000000206225|100.00
11032026|540268|0000000000154146|0000000001043569|0000000000155324|0000000001049901|099.24
11032026|540293|0000000000008465|0000000004662522|0000000000016158|0000000009013291|052.39
11032026|540310|0000000000000124|0000000000005537|0000000000000124|0000000000005537|100.00
11032026|540311|0000000000005969|0000000002109448|0000000000005969|0000000002109448|100.00
11032026|540358|0000000000018500|0000000007338950|0000000000022000|0000000008777168|084.09
11032026|540359|0000000000000721|0000000000020801|0000000000000721|0000000000021311|100.00
11032026|540360|0000000001183763|0000000002545091|0000000002430677|0000000005303041|048.70
11032026|540361|0000000000014620|0000000000062574|0000000000016839|0000000000071925|086.82
11032026|540366|0000000000004606|0000000000026715|0000000000004888|0000000000028461|094.23
11032026|540376|0000000000011400|0000000044880660|0000000000016634|0000000065582197|068.53
11032026|540377|0000000001448396|0000000000579359|0000000002018185|0000000000801874|071.77
11032026|540386|0000000000185260|0000000000248249|0000000000252919|0000000000341755|073.25
11032026|540393|0000000000000866|0000000000060413|0000000000001022|0000000000070777|084.74
11032026|540395|0000000000006364|0000000000557614|0000000000009807|0000000000862793|064.89
11032026|540396|0000000000009758|0000000002190671|0000000000010881|0000000002439520|089.68
11032026|540401|0000000000022072|0000000000197766|0000000000041540|0000000000375190|053.13
11032026|540403|0000000000007959|0000000000397712|0000000000010226|0000000000515402|077.83
11032026|540404|0000000000005674|0000000001359775|0000000000047485|0000000011490359|011.95
11032026|540405|0000000000004196|0000000000235144|0000000000004220|0000000000237148|099.43
11032026|540425|0000000000002767|0000000000292057|0000000000003080|0000000000326530|089.84
11032026|540455|0000000000000569|0000000000062534|0000000000000569|0000000000061893|100.00
11032026|540481|0000000000000039|0000000000001943|0000000000000039|0000000000002019|100.00
11032026|540492|0000000000338640|0000000004067066|0000000000338640|0000000004067066|100.00
11032026|540497|0000000000000925|0000000000138889|0000000000001103|0000000000167003|083.86
11032026|540515|0000000000000210|0000000000002549|0000000000000210|0000000000002549|100.00
11032026|540519|0000000000006015|0000000000195488|0000000000008118|0000000000265384|074.09
11032026|540526|0000000000049853|0000000003008131|0000000000061305|0000000003707096|081.32
11032026|540530|0000000000097137|0000000017261245|0000000000213132|0000000038295459|045.58
11032026|540544|0000000000000696|0000000000477039|0000000000000857|0000000000589822|081.21
11032026|540545|0000000000032852|0000000001256785|0000000000032852|0000000001256785|100.00
11032026|540565|0000000000039267|0000000006491228|0000000000041921|0000000006928073|093.67
11032026|540570|0000000000315155|0000000001273227|0000000000527034|0000000002132476|059.80
11032026|540575|0000000000010206|0000000002061612|0000000000019005|0000000003838787|053.70
11032026|540590|0000000000003465|0000000000203049|0000000000003951|0000000000232025|087.70
11032026|540595|0000000000784671|0000000369423107|0000000001757077|0000000846654085|044.66
11032026|540596|0000000000000949|0000000001280581|0000000000001373|0000000001862984|069.12
11032026|540597|0000000000000291|0000000000004296|0000000000000417|0000000000006326|069.78
11032026|540602|0000000000001184|0000000000074865|0000000000001436|0000000000091493|082.45
11032026|540611|0000000000009071|0000000008326725|0000000000018066|0000000016841104|050.21
11032026|540612|0000000000025737|0000000000552574|0000000000037696|0000000000813609|068.28
11032026|540614|0000000004399206|0000000002023635|0000000005918501|0000000002744588|074.33
11032026|540615|0000000000016723|0000000000058029|0000000000023707|0000000000082422|070.54
11032026|540642|0000000000230170|0000000001680241|0000000000312234|0000000002303431|073.72
11032026|540647|0000000000002131|0000000000252737|0000000000002180|0000000000258256|097.75
11032026|540648|0000000000000176|0000000000015664|0000000000000176|0000000000015658|100.00
11032026|540649|0000000000007116|0000000003117876|0000000000010040|0000000004394883|070.88
11032026|540650|0000000000001330|0000000000604618|0000000000001648|0000000000760804|080.70
11032026|540654|0000000000009094|0000000000165784|0000000000010224|0000000000189570|088.95
11032026|540669|0000000000002696|0000000000192980|0000000000002737|0000000000196996|098.50
11032026|540673|0000000000000340|0000000000099178|0000000000000480|0000000000140340|070.83
11032026|540678|0000000000018803|0000000027465543|0000000000050445|0000000074279421|037.27
11032026|540679|0000000000000031|0000000000040817|0000000000000070|0000000000092497|044.29
11032026|540680|0000000000003967|0000000001249209|0000000000007032|0000000002257889|056.41
11032026|540686|0000000000001281|0000000000151094|0000000000001662|0000000000195678|077.08
11032026|540691|0000000000023937|0000000007748407|0000000000052102|0000000017216886|045.94
11032026|540692|0000000000006324|0000000002148896|0000000000013933|0000000004880648|045.39
11032026|540693|0000000000367766|0000000005398804|0000000000367766|0000000005398804|100.00
11032026|540694|0000000000001076|0000000000025114|0000000000001207|0000000000027029|089.15
11032026|540696|0000000000029132|0000000000144204|0000000000033031|0000000000167229|088.20
11032026|540699|0000000000038541|0000000409052977|0000000000133179|0000001434084581|028.94
11032026|540700|0000000000008892|0000000000166725|0000000000009254|0000000000172639|096.09
11032026|540701|0000000000761724|0000000130216718|0000000000776275|0000000130472893|098.13
11032026|540702|0000000000008070|0000000000064318|0000000000008864|0000000000069528|091.04
11032026|540703|0000000000001381|0000000000054650|0000000000001381|0000000000054650|100.00
11032026|540704|0000000000000437|0000000000172572|0000000000001097|0000000000435632|039.84
11032026|540709|0000000000057588|0000000000141666|0000000000057588|0000000000141666|100.00
11032026|540710|0000000000007846|0000000001682967|0000000000013287|0000000002934950|059.05
11032026|540716|0000000000004417|0000000008294022|0000000000005890|0000000011149856|074.99
11032026|540717|0000000000041853|0000000000754192|0000000000043408|0000000000785238|096.42
11032026|540718|0000000000038125|0000000042335907|0000000000052750|0000000058607262|072.27
11032026|540719|0000000000002633|0000000005099595|0000000000005880|0000000011424028|044.78
11032026|540724|0000000000000010|0000000000009884|0000000000000021|0000000000020810|047.62
11032026|540725|0000000000014259|0000000001915697|0000000000017440|0000000002357529|081.76
11032026|540726|0000000000002414|0000000000126591|0000000000002414|0000000000126590|100.00
11032026|540727|0000000000010613|0000000000258321|0000000000013148|0000000000318656|080.72
11032026|540728|0000000000001255|0000000000117155|0000000000001471|0000000000137556|085.32
11032026|540729|0000000000000750|0000000000014550|0000000000000750|0000000000014550|100.00
11032026|540730|0000000000570656|0000000000724734|0000000000757707|0000000000964448|075.31
11032026|540735|0000000000004637|0000000001140471|0000000000006400|0000000001586505|072.45
11032026|540737|0000000000002085|0000000001026237|0000000000002946|0000000001457595|070.77
11032026|540738|0000000000019139|0000000000136844|0000000000022282|0000000000159423|085.89
11032026|540743|0000000000000998|0000000000599000|0000000000002084|0000000001269670|047.89
11032026|540749|0000000000002845|0000000000864169|0000000000003832|0000000001184856|074.24
11032026|540750|0000000000089425|0000000010985862|0000000000250439|0000000031133024|035.71
11032026|540755|0000000000003159|0000000001157300|0000000000007677|0000000002833444|041.15
11032026|540757|0000000000000071|0000000000024014|0000000000000071|0000000000024014|100.00
11032026|540762|0000000000102575|0000000263012558|0000000000108086|0000000280988900|094.90
11032026|540767|0000000000016959|0000000014517752|0000000000030030|0000000026113807|056.47
11032026|540768|0000000000002762|0000000001094305|0000000000005907|0000000002370415|046.76
11032026|540769|0000000000011867|0000000001622813|0000000000020095|0000000002769690|059.05
11032026|540774|0000000000001711|0000000000256993|0000000000005648|0000000000884079|030.29
11032026|540775|0000000000001484|0000000000164724|0000000000003101|0000000000347727|047.86
11032026|540776|0000000000000807|0000000000245934|0000000000001197|0000000000365516|067.42
11032026|540777|0000000000012958|0000000008393545|0000000000025230|0000000016412768|051.36
11032026|540782|0000000000001000|0000000000011100|0000000000001000|0000000000011100|100.00
11032026|540786|0000000000021074|0000000000224228|0000000000032279|0000000000348372|065.29
11032026|540787|0000000000012773|0000000001555752|0000000000022720|0000000002783059|056.22
11032026|540788|0000000000001149|0000000000064379|0000000000001150|0000000000065223|099.91
11032026|540789|0000000000003107|0000000000010285|0000000000003231|0000000000011265|096.16
11032026|540795|0000000000007895|0000000002254812|0000000000012836|0000000003720657|061.51
11032026|540797|0000000000005605|0000000000825056|0000000000010050|0000000001503789|055.77
11032026|540809|0000000000044964|0000000001874100|0000000000050075|0000000002113132|089.79
11032026|540821|0000000000023146|0000000000039812|0000000000024561|0000000000041963|094.24
11032026|540824|0000000000005608|0000000000023049|0000000000005608|0000000000023064|100.00
11032026|540829|0000000000034075|0000000000194228|0000000000042380|0000000000246243|080.40
11032026|540850|0000000000007000|0000000000241500|0000000000007000|0000000000241500|100.00
11032026|540874|0000000000002274|0000000000161773|0000000000003345|0000000000239248|067.98
11032026|540879|0000000000107535|0000000022894202|0000000000200838|0000000043543932|053.54
11032026|540900|0000000000057342|0000000026231098|0000000000131349|0000000060964752|043.66
11032026|540901|0000000000009968|0000000000067982|0000000000010663|0000000000072772|093.48
11032026|540902|0000000000003855|0000000028178701|0000000000011527|0000000085257569|033.44
11032026|540904|0000000000000005|0000000000000411|0000000000000005|0000000000000411|100.00
11032026|540914|0000000002419677|0000000003919877|0000000003049643|0000000004938937|079.34
11032026|540923|0000000000000205|0000000000002885|0000000000000235|0000000000003313|087.23
11032026|540935|0000000000000203|0000000000378798|0000000000000241|0000000000452222|084.23
11032026|540936|0000000000012983|0000000000040507|0000000000015428|0000000000047790|084.15
11032026|540937|0000000000000103|0000000000004239|0000000000000103|0000000000004242|100.00
11032026|540938|0000000000020000|0000000000171200|0000000000020000|0000000000163000|100.00
11032026|540952|0000000000003194|0000000000023093|0000000000003753|0000000000026194|085.11
11032026|540953|0000000000070743|0000000000167661|0000000000092925|0000000000222958|076.13
11032026|540954|0000000000006765|0000000000231837|0000000000008665|0000000000295771|078.07
11032026|540955|0000000000012206|0000000000076115|0000000000012206|0000000000076115|100.00
11032026|540956|0000000000074587|0000000001649865|0000000000091965|0000000002027121|081.10
11032026|540961|0000000000000061|0000000000003484|0000000000000061|0000000000003483|100.00
11032026|540975|0000000000012618|0000000008643330|0000000000031128|0000000021300508|040.54
11032026|540980|0000000000000004|0000000000106000|0000000000000006|0000000000158053|066.67
11032026|541005|0000000000001107|0000000000070572|0000000000001107|0000000000069742|100.00
11032026|541019|0000000000095187|0000000049563871|0000000000343877|0000000189474214|027.68
11032026|541083|0000000000003750|0000000001130625|0000000000005250|0000000001592962|071.43
11032026|541096|0000000000000210|0000000000234192|0000000000000220|0000000000237972|095.45
11032026|541097|0000000000005696|0000000005696000|0000000000006136|0000000006135999|092.83
11032026|541112|0000000000006000|0000000000141000|0000000000006000|0000000000141000|100.00
11032026|541143|0000000000085389|0000000116116232|0000000000240797|0000000331678604|035.46
11032026|541144|0000000000002563|0000000000240922|0000000000004136|0000000000386539|061.97
11032026|541152|0000000000006670|0000000000042481|0000000000006670|0000000000042481|100.00
11032026|541153|0000000000218486|0000000039829998|0000000000335368|0000000061318608|065.15
11032026|541154|0000000000021527|0000000086223170|0000000000049775|0000000200986411|043.25
11032026|541161|0000000000593667|0000000000112796|0000000000593667|0000000000112796|100.00
11032026|541163|0000000000001254|0000000000634211|0000000000003477|0000000001767824|036.07
11032026|541167|0000000000000065|0000000000090955|0000000000000105|0000000000148867|061.90
11032026|541195|0000000000010151|0000000003411244|0000000000022325|0000000007625632|045.47
11032026|541206|0000000000000293|0000000000016335|0000000000000293|0000000000016384|100.00
11032026|541228|0000000000023744|0000000002309104|0000000000031218|0000000003104106|076.06
11032026|541233|0000000000051201|0000000005452907|0000000000106747|0000000011507584|047.96
11032026|541269|0000000000000312|0000000000120900|0000000000000431|0000000000163175|072.39
11032026|541276|0000000000051659|0000000000900664|0000000000051659|0000000000900664|100.00
11032026|541301|0000000000008981|0000000001578411|0000000000011370|0000000002004900|078.99
11032026|541302|0000000000000608|0000000000018727|0000000000000641|0000000000020084|094.85
11032026|541303|0000000000173461|0000000000071120|0000000000176246|0000000000071926|098.42
11032026|541304|0000000000002068|0000000000205353|0000000000002423|0000000000244167|085.35
11032026|541313|0000000000008536|0000000000318820|0000000000009788|0000000000367047|087.21
11032026|541336|0000000000003038|0000000000638284|0000000000003630|0000000000772090|083.69
11032026|541338|0000000000032631|0000000000404951|0000000000048549|0000000000607160|067.21
11032026|541347|0000000000005434|0000000000042503|0000000000005434|0000000000042503|100.00
11032026|541352|0000000000002231|0000000000544364|0000000000002231|0000000000544364|100.00
11032026|541353|0000000000003200|0000000000399360|0000000000004000|0000000000500000|080.00
11032026|541358|0000000000000397|0000000000036544|0000000000000449|0000000000042054|088.42
11032026|541400|0000000000001090|0000000000073684|0000000000001215|0000000000082168|089.71
11032026|541402|0000000000004710|0000000000793635|0000000000007347|0000000001269334|064.11
11032026|541403|0000000000002871|0000000000747322|0000000000003675|0000000000956717|078.12
11032026|541418|0000000000002028|0000000000048693|0000000000007732|0000000000188053|026.23
11032026|541444|0000000000000122|0000000000002043|0000000000000178|0000000000002938|068.54
11032026|541445|0000000000006400|0000000000316352|0000000000007200|0000000000346336|088.89
11032026|541450|0000000000544515|0000000462728847|0000000000635764|0000000546977754|085.65
11032026|541540|0000000000005700|0000000002588370|0000000000008597|0000000003882492|066.30
11032026|541546|0000000000010076|0000000000023881|0000000000010639|0000000000024900|094.71
11032026|541556|0000000000019906|0000000003969257|0000000000031047|0000000006246855|064.12
11032026|541557|0000000000000263|0000000001124155|0000000000000392|0000000001680021|067.09
11032026|541578|0000000000424839|0000000209063272|0000000000429165|0000000210325654|098.99
11032026|541601|0000000005603299|0000000002689584|0000000010779587|0000000005138881|051.98
11032026|541627|0000000000000037|0000000000000303|0000000000000038|0000000000000281|097.37
11032026|541634|0000000000006889|0000000000106022|0000000000008752|0000000000132312|078.71
11032026|541702|0000000000145820|0000000000543008|0000000000145820|0000000000543008|100.00
11032026|541729|0000000000267113|0000000654133026|0000000000294980|0000000734743914|090.55
11032026|541735|0000000000082720|0000000000133180|0000000000110868|0000000000180390|074.61
11032026|541741|0000000000022361|0000000001809453|0000000000025963|0000000002128102|086.13
11032026|541770|0000000000006295|0000000007533542|0000000000009839|0000000011912825|063.98
11032026|541771|0000000000017708|0000000000028333|0000000000026972|0000000000042233|065.65
11032026|541778|0000000000005285|0000000000169279|0000000000006733|0000000000213556|078.49
11032026|541809|0000000000033605|0000000002352687|0000000000045565|0000000003218405|073.75
11032026|541865|0000000000016469|0000000000114789|0000000000024785|0000000000173624|066.45
11032026|541890|0000000000557834|0000000000113289|0000000000557834|0000000000113289|100.00
11032026|541929|0000000000001050|0000000000526050|0000000000001820|0000000000894044|057.69
11032026|541945|0000000000016000|0000000000084800|0000000000024000|0000000000118880|066.67
11032026|541946|0000000000011993|0000000011993000|0000000000029067|0000000029067003|041.26
11032026|541956|0000000000067326|0000000009240494|0000000000155551|0000000021704953|043.28
11032026|541967|0000000000011833|0000000004051028|0000000000031953|0000000010941506|037.03
11032026|541972|0000000000000908|0000000000791786|0000000000000911|0000000000805308|099.67
11032026|541974|0000000000001362|0000000001817521|0000000000002629|0000000003568390|051.81
11032026|541983|0000000000100000|0000000001505000|0000000000100000|0000000001505000|100.00
11032026|541988|0000000000006928|0000000008383573|0000000000012335|0000000014920239|056.17
11032026|542011|0000000000027733|0000000067814119|0000000000060194|0000000150312360|046.07
11032026|542012|0000000000179000|0000000004011390|0000000000179028|0000000004012017|099.98
11032026|542013|0000000000000249|0000000000044422|0000000000000363|0000000000064317|068.60
11032026|542019|0000000000016123|0000000000904984|0000000000036186|0000000001999346|044.56
11032026|542020|0000000000032793|0000000000165605|0000000000032798|0000000000164040|099.98
11032026|542034|0000000000005450|0000000000066817|0000000000008487|0000000000104166|064.22
11032026|542046|0000000001103687|0000000009659928|0000000001103687|0000000009659928|100.00
11032026|542057|0000000000006498|0000000000392805|0000000000009016|0000000000556048|072.07
11032026|542066|0000000000785398|0000000447048542|0000000002426263|0000001341991216|032.37
11032026|542123|0000000000000015|0000000000002070|0000000000000015|0000000000002070|100.00
11032026|542131|0000000000016535|0000000004269337|0000000000017120|0000000004452363|096.58
11032026|542141|0000000000007051|0000000007792413|0000000000015254|0000000017080140|046.22
11032026|542145|0000000000003600|0000000000158400|0000000000003600|0000000000158400|100.00
11032026|542146|0000000000018750|0000000000174562|0000000000018750|0000000000174562|100.00
11032026|542155|0000000000004000|0000000000004840|0000000000004000|0000000000004840|100.00
11032026|542206|0000000000011670|0000000000020656|0000000000011670|0000000000020631|100.00
11032026|542216|0000000000002595|0000000004810741|0000000000011489|0000000021360534|022.59
11032026|542230|0000000000081415|0000000005861066|0000000000081967|0000000005763045|099.33
11032026|542231|0000000000015454|0000000000207702|0000000000020269|0000000000272859|076.24
11032026|542232|0000000000002691|0000000000135169|0000000000002930|0000000000145577|091.84
11032026|542233|0000000000002055|0000000000346268|0000000000002344|0000000000393256|087.67
11032026|542248|0000000000001900|0000000000024548|0000000000001965|0000000000025381|096.69
11032026|542285|0000000000120927|0000000001079594|0000000000120927|0000000001079594|100.00
11032026|542323|0000000000019514|0000000007096267|0000000000046767|0000000017130786|041.73
11032026|542332|0000000000000003|0000000000000132|0000000000000003|0000000000000132|100.00
11032026|542333|0000000000001141|0000000000717404|0000000000001694|0000000001050663|067.36
11032026|542337|0000000000004721|0000000000149467|0000000000005274|0000000000168580|089.51
11032026|542351|0000000000000009|0000000000004888|0000000000000009|0000000000004888|100.00
11032026|542367|0000000000000410|0000000000048749|0000000000000605|0000000000072532|067.77
11032026|542376|0000000000000001|0000000000000219|0000000000000001|0000000000000219|100.00
11032026|542383|0000000000002043|0000000000403799|0000000000003347|0000000000703077|061.04
11032026|542399|0000000000001169|0000000000905800|0000000000002769|0000000002103356|042.22
11032026|542437|0000000000008633|0000000000095999|0000000000009220|0000000000103537|093.63
11032026|542446|0000000000086778|0000000000258599|0000000000115704|0000000000327104|075.00
11032026|542459|0000000000003751|0000000000217558|0000000000004518|0000000000264003|083.02
11032026|542460|0000000000003638|0000000005562866|0000000000005115|0000000007906221|071.12
11032026|542484|0000000000005594|0000000002242915|0000000000010146|0000000004092340|055.14
11032026|542503|0000000000004000|0000000000083120|0000000000004000|0000000000083120|100.00
11032026|542513|0000000000000257|0000000000022347|0000000000000295|0000000000025701|087.12
11032026|542543|0000000000625000|0000000051212500|0000000000650000|0000000053636000|096.15
11032026|542579|0000000000225938|0000000000998646|0000000000316810|0000000001407707|071.32
11032026|542580|0000000000000064|0000000000002605|0000000000000072|0000000000002931|088.89
11032026|542592|0000000000001250|0000000000023125|0000000000001250|0000000000023125|100.00
11032026|542597|0000000000006127|0000000002596010|0000000000009707|0000000004209715|063.12
11032026|542602|0000000000212499|0000000089574704|0000000000218583|0000000091827509|097.22
11032026|542627|0000000000008671|0000000000625510|0000000000008671|0000000000625510|100.00
11032026|542628|0000000000005291|0000000000611111|0000000000008455|0000000000991102|062.58
11032026|542649|0000000000122388|0000000033962670|0000000000232884|0000000065721216|052.55
11032026|542650|0000000000000638|0000000001173697|0000000000001183|0000000002176311|053.93
11032026|542651|0000000000042384|0000000028986418|0000000000120360|0000000083241810|035.21
11032026|542652|0000000000022533|0000000167461877|0000000000058182|0000000436957572|038.73
11032026|542654|0000000000011266|0000000000135192|0000000000016272|0000000000188659|069.24
11032026|542655|0000000000404781|0000000000538359|0000000000711430|0000000000945615|056.90
11032026|542665|0000000000000749|0000000001074928|0000000000001417|0000000002093273|052.86
11032026|542666|0000000000005107|0000000000029723|0000000000006358|0000000000037509|080.32
11032026|542668|0000000000011000|0000000000855690|0000000000013000|0000000001000380|084.62
11032026|542669|0000000000113727|0000000003806443|0000000000195400|0000000006529000|058.20
11032026|542670|0000000000054967|0000000001003148|0000000000078712|0000000001439388|069.83
11032026|542679|0000000000000597|0000000000096519|0000000000000597|0000000000096519|100.00
11032026|542682|0000000000001620|0000000000108314|0000000000001810|0000000000113713|089.50
11032026|542684|0000000000006327|0000000001282167|0000000000011145|0000000002296934|056.77
11032026|542685|0000000000007965|0000000000192913|0000000000011135|0000000000263551|071.53
11032026|542694|0000000000000010|0000000000001630|0000000000000010|0000000000001630|100.00
11032026|542721|0000000000001142|0000000000090104|0000000000001142|0000000000090103|100.00
11032026|542724|0000000011267393|0000000002304306|0000000011267393|0000000002304306|100.00
11032026|542725|0000000000656135|0000000021075057|0000000000791094|0000000025445956|082.94
11032026|542726|0000000000000659|0000000001403110|0000000000001647|0000000003542369|040.01
11032026|542727|0000000000002000|0000000005632500|0000000000002950|0000000008293110|067.80
11032026|542729|0000000000003388|0000000000410626|0000000000003529|0000000000418034|096.00
11032026|542730|0000000000155314|0000000008848239|0000000000161100|0000000009185672|096.41
11032026|542747|0000000000006206|0000000000529062|0000000000007861|0000000000675744|078.95
11032026|542752|0000000000003415|0000000004822663|0000000000009274|0000000013093242|036.82
11032026|542758|0000000000070120|0000000001872906|0000000000098648|0000000002650173|071.08
11032026|542759|0000000000007241|0000000001661086|0000000000009639|0000000002223894|075.12
11032026|542760|0000000000056398|0000000010078323|0000000000132817|0000000023957509|042.46
11032026|542765|0000000000005000|0000000001174500|0000000000005500|0000000001226850|090.91
11032026|542770|0000000000001773|0000000000066346|0000000000002696|0000000000100535|065.76
11032026|542772|0000000000003814|0000000003985249|0000000000009825|0000000010359012|038.82
11032026|542773|0000000000015749|0000000004686903|0000000000025195|0000000007541060|062.51
11032026|542774|0000000000038788|0000000004101831|0000000000042268|0000000004477410|091.77
11032026|542802|0000000000079995|0000000000139192|0000000000121976|0000000000214176|065.58
11032026|542803|0000000000013314|0000000000552931|0000000000017388|0000000000729898|076.57
11032026|542812|0000000000000782|0000000002536496|0000000000001707|0000000005551067|045.81
11032026|542830|0000000000114730|0000000061283030|0000000000201883|0000000109187357|056.83
11032026|542850|0000000000124000|0000000000891560|0000000000132000|0000000000951880|093.94
11032026|542852|0000000000010407|0000000000055158|0000000000012564|0000000000066972|082.83
11032026|542857|0000000000001539|0000000000300336|0000000000002475|0000000000485400|062.18
11032026|542862|0000000000015000|0000000000324750|0000000000015901|0000000000345328|094.33
11032026|542863|0000000000001261|0000000000072231|0000000000001276|0000000000073393|098.82
11032026|542865|0000000000010165|0000000000117711|0000000000011307|0000000000128932|089.90
11032026|542867|0000000000012173|0000000004365238|0000000000023818|0000000008660297|051.11
11032026|542904|0000000000176208|0000000009504660|0000000000360947|0000000019927304|048.82
11032026|542905|0000000000031236|0000000006468976|0000000000031794|0000000006620061|098.24
11032026|542907|0000000000033645|0000000008825084|0000000000080513|0000000021432383|041.79
11032026|542909|0000000000000201|0000000000314003|0000000000000322|0000000000505323|062.42
11032026|542910|0000000000001500|0000000000091920|0000000000001500|0000000000091920|100.00
11032026|542911|0000000000000001|0000000000000874|0000000000000001|0000000000000874|100.00
11032026|542918|0000000000001226|0000000000009633|0000000000001226|0000000000009633|100.00
11032026|542919|0000000000001269|0000000000293139|0000000000002270|0000000000523478|055.90
11032026|542920|0000000000004632|0000000001819450|0000000000007892|0000000003094597|058.69
11032026|542921|0000000000035035|0000000000756406|0000000000038933|0000000000847428|089.99
11032026|542922|0000000000001061|0000000000725671|0000000000001147|0000000000786991|092.50
11032026|542933|0000000000001512|0000000000750625|0000000000001512|0000000000750625|100.00
11032026|542934|0000000000001000|0000000000034760|0000000000001000|0000000000034760|100.00
11032026|542938|0000000000001833|0000000000075703|0000000000001833|0000000000074740|100.00
11032026|543064|0000000000053985|0000000015817605|0000000000119733|0000000036092433|045.09
11032026|543066|0000000000008715|0000000006231661|0000000000022819|0000000016357104|038.19
11032026|543071|0000000000001037|0000000000016872|0000000000001049|0000000000015837|098.86
11032026|543087|0000000000000001|0000000000000184|0000000000000001|0000000000000183|100.00
11032026|543099|0000000000000001|0000000000000063|0000000000000001|0000000000000062|100.00
11032026|543110|0000000000000228|0000000000001615|0000000000000229|0000000000001631|099.56
11032026|543144|0000000000000627|0000000000003606|0000000000000628|0000000000003396|099.84
11032026|543150|0000000000005490|0000000000014549|0000000000007616|0000000000019888|072.08
11032026|543153|0000000000000023|0000000000000713|0000000000000023|0000000000000712|100.00
11032026|543161|0000000000000006|0000000000000708|0000000000000006|0000000000000708|100.00
11032026|543165|0000000000000020|0000000000002700|0000000000000020|0000000000002700|100.00
11032026|543167|0000000000001068|0000000000002542|0000000000001072|0000000000002571|099.63
11032026|543171|0000000000030821|0000000000042842|0000000000046930|0000000000066093|065.67
11032026|543173|0000000000000060|0000000000000875|0000000000000061|0000000000000891|098.36
11032026|543174|0000000000002426|0000000000005847|0000000000002704|0000000000006467|089.72
11032026|543175|0000000000001258|0000000000004919|0000000000001309|0000000000004967|096.10
11032026|543176|0000000000000021|0000000000001158|0000000000000021|0000000000001157|100.00
11032026|543177|0000000000002181|0000000000016467|0000000000002483|0000000000018667|087.84
11032026|543178|0000000000000005|0000000000000145|0000000000000005|0000000000000144|100.00
11032026|543181|0000000000002022|0000000000058376|0000000000002073|0000000000057838|097.54
11032026|543182|0000000000000503|0000000000020865|0000000000000526|0000000000019988|095.63
11032026|543184|0000000000000001|0000000000000040|0000000000000001|0000000000000039|100.00
11032026|543186|0000000000000137|0000000000000757|0000000000000140|0000000000000795|097.86
11032026|543187|0000000000002594|0000000064649873|0000000000007714|0000000194064498|033.63
11032026|543193|0000000000000494|0000000000042327|0000000000000494|0000000000042327|100.00
11032026|543207|0000000000037260|0000000000162081|0000000000046041|0000000000201704|080.93
11032026|543208|0000000000012521|0000000000030176|0000000000021105|0000000000050750|059.33
11032026|543209|0000000000021000|0000000000560280|0000000000027000|0000000000685980|077.78
11032026|543210|0000000000000592|0000000000217412|0000000000000711|0000000000261101|083.26
11032026|543211|0000000000003181|0000000000124701|0000000000003181|0000000000124701|100.00
11032026|543212|0000000000011274|0000000002932932|0000000000028947|0000000007539280|038.95
11032026|543213|0000000000000511|0000000000235827|0000000000000742|0000000000344399|068.87
11032026|543214|0000000000000345|0000000000244795|0000000000000517|0000000000374618|066.73
11032026|543216|0000000000000002|0000000000002810|0000000000000002|0000000000002809|100.00
11032026|543217|0000000000004940|0000000002269881|0000000000007179|0000000003292557|068.81
11032026|543218|0000000000004199|0000000000113919|0000000000006364|0000000000175576|065.98
11032026|543219|0000000000020630|0000000000549377|0000000000036635|0000000000984291|056.31
11032026|543220|0000000000253345|0000000261388704|0000000000276025|0000000284313278|091.78
11032026|543221|0000000000029476|0000000000966813|0000000000033598|0000000001106939|087.73
11032026|543223|0000000000001912|0000000000289668|0000000000002099|0000000000322453|091.09
11032026|543224|0000000000001851|0000000000106063|0000000000001855|0000000000106508|099.78
11032026|543225|0000000001150000|0000000181378000|0000000001150000|0000000181352500|100.00
11032026|543226|0000000000000466|0000000000026800|0000000000000469|0000000000027145|099.36
11032026|543227|0000000001824577|0000000750630978|0000000006535986|0000002832671698|027.92
11032026|543228|0000000000004614|0000000002227409|0000000000009038|0000000004388493|051.05
11032026|543229|0000000000000065|0000000000012935|0000000000000073|0000000000014602|089.04
11032026|543230|0000000000001970|0000000003183422|0000000000002751|0000000004530895|071.61
11032026|543231|0000000000000512|0000000000036102|0000000000000512|0000000000036271|100.00
11032026|543232|0000000000373073|0000000252533114|0000000000439597|0000000297626794|084.87
11032026|543233|0000000000004652|0000000000729899|0000000000005345|0000000000848679|087.03
11032026|543234|0000000000000439|0000000000049322|0000000000000503|0000000000057612|087.28
11032026|543235|0000000000126257|0000000027618719|0000000000234953|0000000052189253|053.74
11032026|543236|0000000000002077|0000000000129065|0000000000002789|0000000000169372|074.47
11032026|543237|0000000000048673|0000000118603933|0000000000134286|0000000332022199|036.25
11032026|543238|0000000000001899|0000000001868142|0000000000004530|0000000004455099|041.92
11032026|543240|0000000000013950|0000000002075063|0000000000015290|0000000002286136|091.24
11032026|543241|0000000000000162|0000000000013447|0000000000000162|0000000000013447|100.00
11032026|543242|0000000000030979|0000000004329316|0000000000044601|0000000006257154|069.46
11032026|543243|0000000000029578|0000000001718778|0000000000078666|0000000004606807|037.60
11032026|543244|0000000000012000|0000000000323880|0000000000012000|0000000000323840|100.00
11032026|543245|0000000000001065|0000000001773864|0000000000001971|0000000003327021|054.03
11032026|543246|0000000000000006|0000000000000243|0000000000000006|0000000000000243|100.00
11032026|543248|0000000000270848|0000000016800702|0000000000284314|0000000017738006|095.26
11032026|543249|0000000000031061|0000000004253804|0000000000035619|0000000004894692|087.20
11032026|543250|0000000000000084|0000000000005343|0000000000000084|0000000000005342|100.00
11032026|543251|0000000000000897|0000000000034374|0000000000001074|0000000000041593|083.52
11032026|543252|0000000000000612|0000000000336662|0000000000000654|0000000000365270|093.58
11032026|543253|0000000000039037|0000000007335053|0000000000058290|0000000011032583|066.97
11032026|543254|0000000000005403|0000000002577502|0000000000014087|0000000006983386|038.35
11032026|543255|0000000000000959|0000000000895956|0000000000001001|0000000000936577|095.80
11032026|543256|0000000000001307|0000000000025056|0000000000001327|0000000000025430|098.49
11032026|543257|0000000000394206|0000000039144656|0000000001176897|0000000118363645|033.50
11032026|543258|0000000000004733|0000000003898099|0000000000006740|0000000005609950|070.22
11032026|543259|0000000000002357|0000000002481450|0000000000005147|0000000005477641|045.79
11032026|543260|0000000000020134|0000000010974037|0000000000055808|0000000029605741|036.08
11032026|543261|0000000000003974|0000000001357757|0000000000005649|0000000001938204|070.35
11032026|543262|0000000000001000|0000000000091000|0000000000001000|0000000000091000|100.00
11032026|543263|0000000000003236|0000000000235322|0000000000009537|0000000000692075|033.93
11032026|543264|0000000000001286|0000000000334360|0000000000001547|0000000000407412|083.13
11032026|543265|0000000000050994|0000000014454250|0000000000134057|0000000038790399|038.04
11032026|543266|0000000000002784|0000000000519634|0000000000004284|0000000000815379|064.99
11032026|543267|0000000000174477|0000000000687440|0000000000219759|0000000000867067|079.39
11032026|543268|0000000000022361|0000000000296507|0000000000024850|0000000000331650|089.98
11032026|543270|0000000000006578|0000000023516679|0000000000011398|0000000041583182|057.71
11032026|543271|0000000000005939|0000000003392951|0000000000015355|0000000008900731|038.68
11032026|543272|0000000000762903|0000000005599709|0000000002322149|0000000017279682|032.85
11032026|543273|0000000000005194|0000000008301830|0000000000007432|0000000012100028|069.89
11032026|543275|0000000000001684|0000000002187516|0000000000009022|0000000011873661|018.67
11032026|543276|0000000000001312|0000000009621880|0000000000002398|0000000017587200|054.71
11032026|543277|0000000000016423|0000000001983899|0000000000034418|0000000004239102|047.72
11032026|543278|0000000000058865|0000000023001499|0000000000130191|0000000051632756|045.21
11032026|543279|0000000000003587|0000000000480658|0000000000005636|0000000000759925|063.64
11032026|543280|0000000000038811|0000000009533923|0000000000079141|0000000019743476|049.04
11032026|543281|0000000000001996|0000000000005549|0000000000002141|0000000000005906|093.23
11032026|543283|0000000000001008|0000000000225137|0000000000002024|0000000000462040|049.80
11032026|543284|0000000000048606|0000000004044506|0000000000069692|0000000005887114|069.74
11032026|543285|0000000000015200|0000000000339568|0000000000015200|0000000000339568|100.00
11032026|543287|0000000000012620|0000000011087301|0000000000026495|0000000023645334|047.63
11032026|543288|0000000000007948|0000000002744445|0000000000011984|0000000004178970|066.32
11032026|543290|0000000000090063|0000000008184926|0000000000118909|0000000010828684|075.74
11032026|543291|0000000000032870|0000000005382134|0000000000036188|0000000005917097|090.83
11032026|543292|0000000000005445|0000000000833467|0000000000007631|0000000001175760|071.35
11032026|543298|0000000000000140|0000000000004230|0000000000000140|0000000000004229|100.00
11032026|543299|0000000000001680|0000000001318968|0000000000003253|0000000002565232|051.64
11032026|543300|0000000000242638|0000000125443846|0000000000326598|0000000172898659|074.29
11032026|543306|0000000000000115|0000000000116967|0000000000000155|0000000000158302|074.19
11032026|543308|0000000000005492|0000000003713416|0000000000009705|0000000006658027|056.59
11032026|543311|0000000000005242|0000000000766643|0000000000009212|0000000001391247|056.90
11032026|543312|0000000000002133|0000000000264492|0000000000002133|0000000000264492|100.00
11032026|543317|0000000000000353|0000000000326243|0000000000000622|0000000000584520|056.75
11032026|543318|0000000000003788|0000000002817325|0000000000009859|0000000007420389|038.42
11032026|543320|0000000003805520|0000000851675376|0000000004479426|0000001010649725|084.96
11032026|543321|0000000000002524|0000000002910046|0000000000003500|0000000004006631|072.11
11032026|543322|0000000000002098|0000000001994569|0000000000003897|0000000003688941|053.84
11032026|543323|0000000000020611|0000000000553200|0000000000046696|0000000001259409|044.14
11032026|543324|0000000000000005|0000000000001876|0000000000000005|0000000000001876|100.00
11032026|543325|0000000000027153|0000000003326243|0000000000049329|0000000006117736|055.04
11032026|543326|0000000000021463|0000000001127023|0000000000031899|0000000001677550|067.28
11032026|543327|0000000000020660|0000000000143381|0000000000021586|0000000000150564|095.71
11032026|543328|0000000000007723|0000000004774745|0000000000008287|0000000005139620|093.19
11032026|543329|0000000000001352|0000000001002644|0000000000001715|0000000001275358|078.83
11032026|543330|0000000000071403|0000000007989996|0000000000156587|0000000017531812|045.60
11032026|543331|0000000000042720|0000000001915138|0000000000070052|0000000003193842|060.98
11032026|543332|0000000000003283|0000000002878699|0000000000004527|0000000004036233|072.52
11032026|543333|0000000000006572|0000000011110952|0000000000014811|0000000025572015|044.37
11032026|543334|0000000000021338|0000000006326717|0000000000068339|0000000021037389|031.22
11032026|543335|0000000000032929|0000000007524277|0000000000074941|0000000017285337|043.94
11032026|543336|0000000000013756|0000000003671477|0000000000038412|0000000010170838|035.81
11032026|543341|0000000000002978|0000000000032878|0000000000003279|0000000000036140|090.82
11032026|543346|0000000000001000|0000000000074000|0000000000001000|0000000000074000|100.00
11032026|543347|0000000000000312|0000000000101429|0000000000000339|0000000000110165|092.04
11032026|543348|0000000000000010|0000000000001519|0000000000000017|0000000000002591|058.82
11032026|543349|0000000000002788|0000000006115060|0000000000005802|0000000012829194|048.05
11032026|543350|0000000000001867|0000000001798762|0000000000003573|0000000003419293|052.25
11032026|543351|0000000000009600|0000000000921600|0000000000013200|0000000001144080|072.73
11032026|543357|0000000000000041|0000000000004600|0000000000000052|0000000000005845|078.85
11032026|543358|0000000000001860|0000000004023552|0000000000005571|0000000012146038|033.39
11032026|543363|0000000000025400|0000000010389870|0000000000026600|0000000011084760|095.49
11032026|543364|0000000000007328|0000000001122284|0000000000013715|0000000002130270|053.43
11032026|543365|0000000000009699|0000000000674566|0000000000014150|0000000000988537|068.54
11032026|543367|0000000000054425|0000000036970903|0000000000114033|0000000079598249|047.73
11032026|543373|0000000000003000|0000000000757500|0000000000005000|0000000001261475|060.00
11032026|543374|0000000000025180|0000000025424246|0000000000081490|0000000082059949|030.90
11032026|543376|0000000000000050|0000000000003375|0000000000000050|0000000000003375|100.00
11032026|543378|0000000000002500|0000000000767500|0000000000003000|0000000000926300|083.33
11032026|543383|0000000000000089|0000000000010025|0000000000000105|0000000000011940|084.76
11032026|543384|0000000000082612|0000000020801702|0000000000138729|0000000035382901|059.55
11032026|543386|0000000000005792|0000000001039954|0000000000009369|0000000001679186|061.82
11032026|543387|0000000000002709|0000000004399552|0000000000005434|0000000008902327|049.85
11032026|543388|0000000000000159|0000000000052025|0000000000000195|0000000000064045|081.54
11032026|543389|0000000000125194|0000000002436276|0000000000213238|0000000004195931|058.71
11032026|543390|0000000000008211|0000000012012283|0000000000019144|0000000028313071|042.89
11032026|543391|0000000000003000|0000000000327000|0000000000003000|0000000000321750|100.00
11032026|543396|0000000000020803|0000000021344919|0000000000053117|0000000054816366|039.16
11032026|543397|0000000000025929|0000000004433859|0000000000053372|0000000009250892|048.58
11032026|543398|0000000000193210|0000000057798772|0000000000217542|0000000065998371|088.82
11032026|543399|0000000000001483|0000000000289482|0000000000002163|0000000000425420|068.56
11032026|543400|0000000000004000|0000000000016680|0000000000004000|0000000000016680|100.00
11032026|543401|0000000000003279|0000000000919432|0000000000006552|0000000001864713|050.05
11032026|543410|0000000000013650|0000000000566475|0000000000015600|0000000000626944|087.50
11032026|543411|0000000000059603|0000000004858241|0000000000109932|0000000009064440|054.22
11032026|543412|0000000000008487|0000000003867102|0000000000014773|0000000006709504|057.45
11032026|543413|0000000000001649|0000000002890533|0000000000003693|0000000006489015|044.65
11032026|543414|0000000000050092|0000000001169649|0000000000060106|0000000001403009|083.34
11032026|543415|0000000000000957|0000000002984070|0000000000002099|0000000006579621|045.59
11032026|543416|0000000000001056|0000000000257084|0000000000001251|0000000000296737|084.41
11032026|543417|0000000000003865|0000000001972890|0000000000012884|0000000006527956|030.00
11032026|543418|0000000000000343|0000000000451841|0000000000000343|0000000000451842|100.00
11032026|543419|0000000000016331|0000000001200166|0000000000426827|0000000031326838|003.83
11032026|543420|0000000000006220|0000000000116688|0000000000006806|0000000000126343|091.39
11032026|543425|0000000000003451|0000000003416318|0000000000006234|0000000006275540|055.36
11032026|543426|0000000000000691|0000000000651130|0000000000001299|0000000001227865|053.19
11032026|543427|0000000000001995|0000000001655751|0000000000004906|0000000004085578|040.66
11032026|543428|0000000000010260|0000000034709067|0000000000034685|0000000118168897|029.58
11032026|543433|0000000000005295|0000000000176695|0000000000005940|0000000000199888|089.14
11032026|543434|0000000000002139|0000000001272599|0000000000003938|0000000002373308|054.32
11032026|543437|0000000000003486|0000000000333541|0000000000006714|0000000000643961|051.92
11032026|543440|0000000000002808|0000000000702871|0000000000002860|0000000000720627|098.18
11032026|543441|0000000000014647|0000000004380918|0000000000028417|0000000008539328|051.54
11032026|543442|0000000000006220|0000000001555000|0000000000006842|0000000001727471|090.91
11032026|543443|0000000000020000|0000000000338200|0000000000030000|0000000000518200|066.67
11032026|543449|0000000000000055|0000000000007590|0000000000000075|0000000000010391|073.33
11032026|543450|0000000000007949|0000000000211841|0000000000013376|0000000000361956|059.43
11032026|543451|0000000000014414|0000000000046491|0000000000014414|0000000000046491|100.00
11032026|543452|0000000000108756|0000000028552801|0000000000216822|0000000057425758|050.16
11032026|543453|0000000000002250|0000000000137228|0000000000002250|0000000000133863|100.00
11032026|543454|0000000000000944|0000000000145471|0000000000001031|0000000000160266|091.56
11032026|543458|0000000000547215|0000000098197732|0000000001529032|0000000289729861|035.79
11032026|543460|0000000000012000|0000000000696000|0000000000012000|0000000000696750|100.00
11032026|543461|0000000000030000|0000000000543000|0000000000030000|0000000000543000|100.00
11032026|543462|0000000000004440|0000000000121568|0000000000006830|0000000000190948|065.01
11032026|543463|0000000000010132|0000000003697167|0000000000020872|0000000007622474|048.54
11032026|543464|0000000000192000|0000000042904100|0000000000192000|0000000042904100|100.00
11032026|543465|0000000000003439|0000000000206753|0000000000003450|0000000000207902|099.68
11032026|543471|0000000000059408|0000000015604106|0000000000114405|0000000030268283|051.93
11032026|543472|0000000000001134|0000000000036663|0000000000001134|0000000000036819|100.00
11032026|543473|0000000000008101|0000000000123703|0000000000009310|0000000000143073|087.01
11032026|543474|0000000000031505|0000000000876785|0000000000032547|0000000000909087|096.80
11032026|543481|0000000000316185|0000000006725255|0000000000367065|0000000007862212|086.14
11032026|543482|0000000000003129|0000000001390997|0000000000004633|0000000002046972|067.54
11032026|543489|0000000000312672|0000000017506506|0000000000329897|0000000018695417|094.78
11032026|543490|0000000000019388|0000000002060945|0000000000044195|0000000004769655|043.87
11032026|543498|0000000000282262|0000000011355401|0000000000450510|0000000018211276|062.65
11032026|543499|0000000000088257|0000000000453641|0000000000100580|0000000000518657|087.75
11032026|543500|0000000000064000|0000000000188800|0000000000088000|0000000000244880|072.73
11032026|543501|0000000000000036|0000000000001317|0000000000000036|0000000000001316|100.00
11032026|543512|0000000000013152|0000000001839308|0000000000025951|0000000003626050|050.68
11032026|543513|0000000000004713|0000000000120842|0000000000011877|0000000000303398|039.68
11032026|543514|0000000000154683|0000000023975865|0000000000158777|0000000025391329|097.42
11032026|543515|0000000000021750|0000000001208865|0000000000021750|0000000001208865|100.00
11032026|543516|0000000000313600|0000000002101120|0000000000560000|0000000003688188|056.00
11032026|543517|0000000000004276|0000000001409370|0000000000007148|0000000002419494|059.82
11032026|543518|0000000000003000|0000000000090000|0000000000003000|0000000000090000|100.00
11032026|543520|0000000000064000|0000000000990180|0000000000064000|0000000000990180|100.00
11032026|543523|0000000000005102|0000000001216827|0000000000008065|0000000001914886|063.26
11032026|543524|0000000000013885|0000000016703655|0000000000015004|0000000018018201|092.54
11032026|543525|0000000000081358|0000000009941948|0000000000090868|0000000011047915|089.53
11032026|543526|0000000000032282|0000000025903077|0000000000048334|0000000039258261|066.79
11032026|543527|0000000000000706|0000000001577452|0000000000001557|0000000003488433|045.34
11032026|543528|0000000000006136|0000000006286946|0000000000007895|0000000008124557|077.72
11032026|543529|0000000000014080|0000000005880512|0000000000027476|0000000011617742|051.24
11032026|543530|0000000000302825|0000000034098095|0000000000657077|0000000073607331|046.09
11032026|543531|0000000000000459|0000000000018360|0000000000000459|0000000000018448|100.00
11032026|543532|0000000000000450|0000000000978053|0000000000000622|0000000001358246|072.35
11032026|543533|0000000000002004|0000000000837873|0000000000004269|0000000001776015|046.94
11032026|543534|0000000000009061|0000000009155688|0000000000017848|0000000018126618|050.77
11032026|543535|0000000000000010|0000000000000425|0000000000000010|0000000000000424|100.00
11032026|543538|0000000000006000|0000000000067440|0000000000006000|0000000000067440|100.00
11032026|543539|0000000000001076|0000000000333560|0000000000001162|0000000000360956|092.60
11032026|543540|0000000000012000|0000000001545600|0000000000019200|0000000002495160|062.50
11032026|543542|0000000000000000|0000000000000000|0000000000006000|0000000007026500|000.00
11032026|543543|0000000000012400|0000000009894400|0000000000012400|0000000009894400|100.00
11032026|543544|0000000000014250|0000000000873383|0000000000018000|0000000001105627|079.17
11032026|543545|0000000000100200|0000000000076152|0000000000116900|0000000000093854|085.71
11032026|543546|0000000000196000|0000000001319080|0000000000234000|0000000001604760|083.76
11032026|543547|0000000000001640|0000000000426482|0000000000002189|0000000000571189|074.92
11032026|543563|0000000000001565|0000000000069659|0000000000002057|0000000000091689|076.08
11032026|543568|0000000000029650|0000000000890686|0000000000054729|0000000001667808|054.18
11032026|543569|0000000000009997|0000000000253524|0000000000010101|0000000000257216|098.97
11032026|543570|0000000000002449|0000000000167169|0000000000004424|0000000000302866|055.36
11032026|543571|0000000000006816|0000000000633139|0000000000007148|0000000000665761|095.36
11032026|543572|0000000000004247|0000000001076615|0000000000010633|0000000002711632|039.94
11032026|543573|0000000000011577|0000000008766684|0000000000040712|0000000031087557|028.44
11032026|543574|0000000000000800|0000000000016624|0000000000000815|0000000000016686|098.16
11032026|543575|0000000000013420|0000000000401527|0000000000013881|0000000000419687|096.68
11032026|543576|0000000000004617|0000000000540928|0000000000005939|0000000000699074|077.74
11032026|543577|0000000000000001|0000000000000193|0000000000000001|0000000000000192|100.00
11032026|543590|0000000000018405|0000000000457365|0000000000028382|0000000000708897|064.85
11032026|543591|0000000000007804|0000000000585379|0000000000010005|0000000000764253|078.00
11032026|543592|0000000000072492|0000000018238988|0000000000149543|0000000037941608|048.48
11032026|543593|0000000000009183|0000000000974317|0000000000011297|0000000001184386|081.29
11032026|543594|0000000000027000|0000000000249210|0000000000045000|0000000000416940|060.00
11032026|543595|0000000000000500|0000000000049550|0000000000000500|0000000000049550|100.00
11032026|543596|0000000000003285|0000000002039493|0000000000008618|0000000005470945|038.12
11032026|543597|0000000000056750|0000000018696288|0000000000080000|0000000026393212|070.94
11032026|543599|0000000000001510|0000000000437749|0000000000002253|0000000000651598|067.02
11032026|543600|0000000000000588|0000000000208241|0000000000000830|0000000000297905|070.84
11032026|543605|0000000000000036|0000000000002027|0000000000000036|0000000000002024|100.00
11032026|543606|0000000000023000|0000000000316020|0000000000030000|0000000000399400|076.67
11032026|543607|0000000000000696|0000000000080006|0000000000000799|0000000000092286|087.11
11032026|543608|0000000000000010|0000000000001299|0000000000000010|0000000000001298|100.00
11032026|543613|0000000000008000|0000000000052000|0000000000008000|0000000000052000|100.00
11032026|543614|0000000000000125|0000000000042188|0000000000000177|0000000000060184|070.62
11032026|543615|0000000000014400|0000000001238400|0000000000018400|0000000001564944|078.26
11032026|543616|0000000000021000|0000000005210100|0000000000027600|0000000006879540|076.09
11032026|543618|0000000000001500|0000000000228750|0000000000001500|0000000000228750|100.00
11032026|543619|0000000000001800|0000000003951000|0000000000002400|0000000005297610|075.00
11032026|543620|0000000000137177|0000000013765712|0000000000170487|0000000017465442|080.46
11032026|543626|0000000000006125|0000000000573913|0000000000010482|0000000000999616|058.43
11032026|543627|0000000000005550|0000000000110834|0000000000005720|0000000000114882|097.03
11032026|543628|0000000000012983|0000000000387154|0000000000016834|0000000000508336|077.12
11032026|543635|0000000000082862|0000000012864326|0000000000155383|0000000024409216|053.33
11032026|543636|0000000000001059|0000000000266868|0000000000001082|0000000000275232|097.87
11032026|543637|0000000000012000|0000000000166800|0000000000013200|0000000000183492|090.91
11032026|543638|0000000000014165|0000000000455264|0000000000017563|0000000000574399|080.65
11032026|543643|0000000000006090|0000000000195611|0000000000007210|0000000000232031|084.47
11032026|543644|0000000000013630|0000000001844139|0000000000028591|0000000004030895|047.67
11032026|543650|0000000000033333|0000000006281604|0000000000078464|0000000015035887|042.48
11032026|543651|0000000000004000|0000000000060000|0000000000004000|0000000000060000|100.00
11032026|543652|0000000000015385|0000000002631605|0000000000019773|0000000003427623|077.81
11032026|543653|0000000000004497|0000000002791288|0000000000014908|0000000009427223|030.16
11032026|543654|0000000000002913|0000000003207213|0000000000004678|0000000005203279|062.27
11032026|543657|0000000000000767|0000000000412685|0000000000001573|0000000000851648|048.76
11032026|543663|0000000000019619|0000000007470916|0000000000038699|0000000014968684|050.70
11032026|543664|0000000000017504|0000000065193648|0000000000059137|0000000225796008|029.60
11032026|543665|0000000000004262|0000000000134168|0000000000004958|0000000000156802|085.96
11032026|543666|0000000000005000|0000000000134900|0000000000005002|0000000000135921|099.96
11032026|543667|0000000000314905|0000000047267241|0000000000364666|0000000056192011|086.35
11032026|543668|0000000000000274|0000000000046032|0000000000000274|0000000000046432|100.00
11032026|543669|0000000000001809|0000000000735449|0000000000002015|0000000000822320|089.78
11032026|543670|0000000000116907|0000000000133274|0000000000178695|0000000000201659|065.42
11032026|543671|0000000000001089|0000000000102911|0000000000001322|0000000000126980|082.38
11032026|543677|0000000000017660|0000000000536688|0000000000018857|0000000000575885|093.65
11032026|543678|0000000000002000|0000000000056400|0000000000002000|0000000000055180|100.00
11032026|543686|0000000000014669|0000000006332608|0000000000024370|0000000010610837|060.19
11032026|543687|0000000000002150|0000000000526750|0000000000002965|0000000000738321|072.51
11032026|543688|0000000000564811|0000000001852581|0000000000669865|0000000002207227|084.32
11032026|543689|0000000000001630|0000000000748904|0000000000003025|0000000001399973|053.88
11032026|543699|0000000000002487|0000000003192140|0000000000002488|0000000003420482|099.96
11032026|543700|0000000000000180|0000000000046858|0000000000000180|0000000000046857|100.00
11032026|543709|0000000000009000|0000000006689250|0000000000013000|0000000009504043|069.23
11032026|543710|0000000000002675|0000000000259663|0000000000003024|0000000000297633|088.46
11032026|543711|0000000000008569|0000000001389035|0000000000013875|0000000002278907|061.76
11032026|543712|0000000000000781|0000000000158661|0000000000002969|0000000000602950|026.31
11032026|543713|0000000000059000|0000000002301000|0000000000136000|0000000005293220|043.38
11032026|543714|0000000000001203|0000000000434644|0000000000001762|0000000000643614|068.27
11032026|543720|0000000000015589|0000000014436973|0000000000030759|0000000028857386|050.68
11032026|543725|0000000000002115|0000000000254541|0000000000003128|0000000000376968|067.62
11032026|543732|0000000000009259|0000000000354250|0000000000013494|0000000000522835|068.62
11032026|543737|0000000000000001|0000000000000532|0000000000000001|0000000000000532|100.00
11032026|543738|0000000000000680|0000000000038760|0000000000000680|0000000000038830|100.00
11032026|543743|0000000000000108|0000000000007290|0000000000000108|0000000000007290|100.00
11032026|543745|0000000000078000|0000000000789360|0000000000084000|0000000000919440|092.86
11032026|543747|0000000000138981|0000000000644872|0000000000295488|0000000001400328|047.03
11032026|543748|0000000000003799|0000000002589969|0000000000006903|0000000004760747|055.03
11032026|543754|0000000000017600|0000000001744160|0000000000017600|0000000001744160|100.00
11032026|543765|0000000000003000|0000000000045360|0000000000003000|0000000000045360|100.00
11032026|543766|0000000000010946|0000000003952054|0000000000058782|0000000021306291|018.62
11032026|543767|0000000000062714|0000000000443388|0000000000064729|0000000000457797|096.89
11032026|543768|0000000000100541|0000000003794418|0000000000211366|0000000008070438|047.57
11032026|543769|0000000000116000|0000000000948880|0000000000116000|0000000000955200|100.00
11032026|543774|0000000000004795|0000000000170559|0000000000005529|0000000000196985|086.72
11032026|543775|0000000000059937|0000000009241087|0000000000110875|0000000017235278|054.06
11032026|543776|0000000000019975|0000000000421473|0000000000029068|0000000000615267|068.72
11032026|543781|0000000000008283|0000000001287593|0000000000015798|0000000002457945|052.43
11032026|543782|0000000000007920|0000000002683692|0000000000009720|0000000003246858|081.48
11032026|543787|0000000000004950|0000000004425300|0000000000005940|0000000005391870|083.33
11032026|543798|0000000000020000|0000000000041200|0000000000024000|0000000000048840|083.33
11032026|543799|0000000000002250|0000000001006950|0000000000002250|0000000001006950|100.00
11032026|543805|0000000000011250|0000000000641250|0000000000012000|0000000000679080|093.75
11032026|543806|0000000000011400|0000000003376110|0000000000028400|0000000008452070|040.14
11032026|543811|0000000000004496|0000000000071532|0000000000006348|0000000000102122|070.83
11032026|543812|0000000000001441|0000000001041051|0000000000002681|0000000001988120|053.75
11032026|543813|0000000000002350|0000000002349977|0000000000002350|0000000002349976|100.00
11032026|543819|0000000000006160|0000000000552860|0000000000006816|0000000000615249|090.38
11032026|543828|0000000000048000|0000000001204800|0000000000080000|0000000002020360|060.00
11032026|543829|0000000000001507|0000000000109665|0000000000001690|0000000000121850|089.17
11032026|543848|0000000000002000|0000000000187450|0000000000002000|0000000000187450|100.00
11032026|543853|0000000000000001|0000000000000081|0000000000000001|0000000000000080|100.00
11032026|543860|0000000000000332|0000000000025133|0000000000000332|0000000000025133|100.00
11032026|543861|0000000000002156|0000000000053714|0000000000002156|0000000000053714|100.00
11032026|543874|0000000000009000|0000000000724140|0000000000012000|0000000000971450|075.00
11032026|543895|0000000000009000|0000000004301100|0000000000010500|0000000005037712|085.71
11032026|543896|0000000000002216|0000000002091794|0000000000005935|0000000005784079|037.34
11032026|543897|0000000000001500|0000000000369750|0000000000001500|0000000000369750|100.00
11032026|543898|0000000000004197|0000000000741610|0000000000004621|0000000000821550|090.82
11032026|543900|0000000000021881|0000000005550773|0000000000042700|0000000010912614|051.24
11032026|543901|0000000000000119|0000000000022616|0000000000000126|0000000000023817|094.44
11032026|543902|0000000000010000|0000000000554000|0000000000014000|0000000000755320|071.43
11032026|543903|0000000000059823|0000000009321620|0000000000061103|0000000009490226|097.91
11032026|543904|0000000000009481|0000000021270150|0000000000015134|0000000033962721|062.65
11032026|543905|0000000000000800|0000000000009840|0000000000000800|0000000000009840|100.00
11032026|543910|0000000000005517|0000000000733761|0000000000005797|0000000000775183|095.17
11032026|543911|0000000000001382|0000000000032395|0000000000002243|0000000000053079|061.61
11032026|543912|0000000000000482|0000000000049574|0000000000002077|0000000000212310|023.21
11032026|543913|0000000000006687|0000000001038024|0000000000008581|0000000001332374|077.93
11032026|543914|0000000000002269|0000000000070476|0000000000003186|0000000000099207|071.22
11032026|543915|0000000000001733|0000000000034834|0000000000001935|0000000000037687|089.56
11032026|543916|0000000000016000|0000000004335200|0000000000019600|0000000005302200|081.63
11032026|543917|0000000000014758|0000000000601832|0000000000017350|0000000000706679|085.06
11032026|543918|0000000000015868|0000000001161855|0000000000018289|0000000001351336|086.76
11032026|543919|0000000000026314|0000000000128939|0000000000039329|0000000000194443|066.91
11032026|543920|0000000000008800|0000000004648600|0000000000013600|0000000007129070|064.71
11032026|543921|0000000000006000|0000000000246000|0000000000006000|0000000000245250|100.00
11032026|543922|0000000000006796|0000000001741272|0000000000008727|0000000002245723|077.87
11032026|543923|0000000000003194|0000000000427517|0000000000005593|0000000000763400|057.11
11032026|543924|0000000000012000|0000000000624000|0000000000018000|0000000000935340|066.67
11032026|543926|0000000000004400|0000000004278120|0000000000004400|0000000004278120|100.00
11032026|543927|0000000000000038|0000000000001429|0000000000000038|0000000000001414|100.00
11032026|543928|0000000000052400|0000000047191440|0000000000054500|0000000050124365|096.15
11032026|543929|0000000000000256|0000000000006375|0000000000000338|0000000000008362|075.74
11032026|543930|0000000000004722|0000000000632985|0000000000012713|0000000001748713|037.14
11032026|543931|0000000000083000|0000000020712650|0000000000101000|0000000025936800|082.18
11032026|543932|0000000000009640|0000000004180386|0000000000020153|0000000008848654|047.83
11032026|543933|0000000000024086|0000000007510015|0000000000043445|0000000013671806|055.44
11032026|543934|0000000000000020|0000000000006289|0000000000000020|0000000000006289|100.00
11032026|543935|0000000000003650|0000000000114245|0000000000003650|0000000000114405|100.00
11032026|543936|0000000000012633|0000000003750738|0000000000024734|0000000007421160|051.08
11032026|543939|0000000000007500|0000000001345125|0000000000010500|0000000001879150|071.43
11032026|543940|0000000000705483|0000000168363518|0000000001518278|0000000363846609|046.47
11032026|543941|0000000000001200|0000000000080640|0000000000001200|0000000000084480|100.00
11032026|543942|0000000000168286|0000000002118721|0000000000312029|0000000003961138|053.93
11032026|543943|0000000000030000|0000000004860000|0000000000043000|0000000007017450|069.77
11032026|543944|0000000000000666|0000000000376490|0000000000001094|0000000000621494|060.88
11032026|543945|0000000000051258|0000000167951963|0000000000138327|0000000457794117|037.06
11032026|543946|0000000000002712|0000000002712000|0000000000002721|0000000002721000|099.67
11032026|543947|0000000000000126|0000000000009954|0000000000000424|0000000000033893|029.72
11032026|543948|0000000000005286|0000000000470666|0000000000006210|0000000000556681|085.12
11032026|543949|0000000000000174|0000000000004681|0000000000000175|0000000000004719|099.43
11032026|543950|0000000000008197|0000000005728474|0000000000015480|0000000010743950|052.95
11032026|543952|0000000000003698|0000000001152112|0000000000004157|0000000001300783|088.96
11032026|543953|0000000000001500|0000000001101750|0000000000018000|0000000013208600|008.33
11032026|543954|0000000000015715|0000000000365374|0000000000016104|0000000000379464|097.58
11032026|543955|0000000000016411|0000000000381228|0000000000018952|0000000000429825|086.59
11032026|543956|0000000000000824|0000000000016505|0000000000000908|0000000000018312|090.75
11032026|543957|0000000000010619|0000000001215345|0000000000017826|0000000002062934|059.57
11032026|543958|0000000000062985|0000000000847149|0000000000074644|0000000001005641|084.38
11032026|543959|0000000000020826|0000000001926197|0000000000031611|0000000002973913|065.88
11032026|543960|0000000000006270|0000000007260347|0000000000010208|0000000012041450|061.42
11032026|543962|0000000000001361|0000000000201292|0000000000001952|0000000000290442|069.72
11032026|543963|0000000000027000|0000000000932850|0000000000030000|0000000001028070|090.00
11032026|543965|0000000000056951|0000000006237243|0000000000056951|0000000006237243|100.00
11032026|543969|0000000000000821|0000000000120400|0000000000000924|0000000000137755|088.85
11032026|543971|0000000000077600|0000000022554440|0000000000103800|0000000030149620|074.76
11032026|543972|0000000000071038|0000000016608685|0000000000143843|0000000033460000|049.39
11032026|543974|0000000000356761|0000000014580823|0000000000951542|0000000040955300|037.49
11032026|543976|0000000000030927|0000000000851112|0000000000038013|0000000001043295|081.36
11032026|543977|0000000000000217|0000000000084999|0000000000000383|0000000000152111|056.66
11032026|543978|0000000000013322|0000000001898385|0000000000034883|0000000005004914|038.19
11032026|543979|0000000000001600|0000000000064000|0000000000001600|0000000000064000|100.00
11032026|543980|0000000000000487|0000000000611843|0000000000000578|0000000000731418|084.26
11032026|543981|0000000000009450|0000000013459163|0000000000017787|0000000025525428|053.13
11032026|543982|0000000000074600|0000000011428720|0000000000075000|0000000011490900|099.47
11032026|543983|0000000000057024|0000000017734464|0000000000131980|0000000039863105|043.21
11032026|543984|0000000000056037|0000000008455984|0000000000069505|0000000010576617|080.62
11032026|543985|0000000000037633|0000000008602904|0000000000076714|0000000017586571|049.06
11032026|543986|0000000000006913|0000000001449311|0000000000010418|0000000002249431|066.36
11032026|543988|0000000000004413|0000000005347233|0000000000007810|0000000009597539|056.50
11032026|543989|0000000000036115|0000000003692759|0000000000063292|0000000006496630|057.06
11032026|543990|0000000000003201|0000000002696523|0000000000018228|0000000015835543|017.56
11032026|543991|0000000000001200|0000000000136860|0000000000001600|0000000000181840|075.00
11032026|543992|0000000000028071|0000000002989562|0000000000074903|0000000008144835|037.48
11032026|543993|0000000000000447|0000000000080684|0000000000000617|0000000000112519|072.45
11032026|543994|0000000000029554|0000000007638232|0000000000047033|0000000012360546|062.84
11032026|543995|0000000000000586|0000000000090713|0000000000000847|0000000000131501|069.19
11032026|543996|0000000000008140|0000000001201464|0000000000010648|0000000001591316|076.45
11032026|543997|0000000000004200|0000000000978600|0000000000005400|0000000001259130|077.78
11032026|543998|0000000000001422|0000000000078936|0000000000001998|0000000000109629|071.17
11032026|543999|0000000000004781|0000000000377460|0000000000005604|0000000000444649|085.31
11032026|544001|0000000000031750|0000000032512000|0000000000044125|0000000045148506|071.95
11032026|544003|0000000000003497|0000000000126207|0000000000004928|0000000000176462|070.96
11032026|544004|0000000000007129|0000000001530240|0000000000013631|0000000002917140|052.30
11032026|544006|0000000000250037|0000000007781152|0000000000371200|0000000011683870|067.36
11032026|544007|0000000000024819|0000000000596649|0000000000028063|0000000000676605|088.44
11032026|544008|0000000000001819|0000000000688583|0000000000002562|0000000000982114|071.00
11032026|544009|0000000000014134|0000000005298130|0000000000024245|0000000009213066|058.30
11032026|544010|0000000000000009|0000000000009001|0000000000000009|0000000000009000|100.00
11032026|544012|0000000000008332|0000000003300722|0000000000013219|0000000005287217|063.03
11032026|544014|0000000000018129|0000000005240188|0000000000038422|0000000011276947|047.18
11032026|544020|0000000000009620|0000000000240500|0000000000013027|0000000000329403|073.85
11032026|544021|0000000000025054|0000000013428944|0000000000044649|0000000024317555|056.11
11032026|544022|0000000000003568|0000000001441116|0000000000007118|0000000002867198|050.13
11032026|544023|0000000000004500|0000000002214000|0000000000005750|0000000002903275|078.26
11032026|544025|0000000000001200|0000000000084000|0000000000001200|0000000000084000|100.00
11032026|544026|0000000000333554|0000000038342033|0000000000685806|0000000080143126|048.64
11032026|544027|0000000000021155|0000000002732169|0000000000044401|0000000005759125|047.65
11032026|544028|0000000000020132|0000000011209498|0000000000038820|0000000021863799|051.86
11032026|544029|0000000000015040|0000000001957456|0000000000023427|0000000003095477|064.20
11032026|544030|0000000000003957|0000000001197389|0000000000005483|0000000001670338|072.17
11032026|544035|0000000000046400|0000000000941920|0000000000049600|0000000001044224|093.55
11032026|544036|0000000000008800|0000000000788920|0000000000009600|0000000000869120|091.67
11032026|544037|0000000000000600|0000000000814200|0000000000001000|0000000001356150|060.00
11032026|544042|0000000000004810|0000000000715488|0000000000007186|0000000001063458|066.94
11032026|544043|0000000000000005|0000000000000777|0000000000000005|0000000000000776|100.00
11032026|544044|0000000000001662|0000000001179854|0000000000003084|0000000002188682|053.89
11032026|544045|0000000000001925|0000000004031432|0000000000003357|0000000007046387|057.34
11032026|544046|0000000000003718|0000000004434087|0000000000005968|0000000007142589|062.30
11032026|544047|0000000000084000|0000000003257520|0000000000118500|0000000004620975|070.89
11032026|544053|0000000000087585|0000000001211301|0000000000127358|0000000001780982|068.77
11032026|544054|0000000000002052|0000000000422097|0000000000003979|0000000000824029|051.57
11032026|544055|0000000000004196|0000000000651220|0000000000006077|0000000000945462|069.05
11032026|544056|0000000000003200|0000000000053792|0000000000003200|0000000000053792|100.00
11032026|544057|0000000000002676|0000000003436787|0000000000004152|0000000005451697|064.45
11032026|544058|0000000000054556|0000000004278282|0000000000055295|0000000004394372|098.66
11032026|544059|0000000000006000|0000000000324000|0000000000016000|0000000000898700|037.50
11032026|544060|0000000000004195|0000000000494381|0000000000004312|0000000000513088|097.29
11032026|544061|0000000000006809|0000000010988024|0000000000017298|0000000028463262|039.36
11032026|544066|0000000000000157|0000000000201055|0000000000000204|0000000000264256|076.96
11032026|544067|0000000000000635|0000000000440754|0000000000000824|0000000000579052|077.06
11032026|544072|0000000000003200|0000000000072960|0000000000004000|0000000000088208|080.00
11032026|544073|0000000000003000|0000000000223890|0000000000004000|0000000000310250|075.00
11032026|544074|0000000000015600|0000000001396200|0000000000017400|0000000001547250|089.66
11032026|544079|0000000000000445|0000000000009475|0000000000000465|0000000000009971|095.70
11032026|544081|0000000000003930|0000000003033960|0000000000010784|0000000008420606|036.44
11032026|544083|0000000000001000|0000000000052250|0000000000001000|0000000000053350|100.00
11032026|544088|0000000000005549|0000000001800651|0000000000011534|0000000003763195|048.11
11032026|544089|0000000000515288|0000000058273920|0000000000709999|0000000080292356|072.58
11032026|544090|0000000000000120|0000000000098334|0000000000000154|0000000000124267|077.92
11032026|544091|0000000000001200|0000000000380400|0000000000001600|0000000000509640|075.00
11032026|544092|0000000000000348|0000000000084989|0000000000000572|0000000000139939|060.84
11032026|544093|0000000000003464|0000000000197275|0000000000003951|0000000000225341|087.67
11032026|544094|0000000000001200|0000000000039060|0000000000001200|0000000000039060|100.00
11032026|544095|0000000000050264|0000000013330013|0000000000087712|0000000022884847|057.31
11032026|544100|0000000000017467|0000000000485583|0000000000020495|0000000000588493|085.23
11032026|544103|0000000000001002|0000000000064750|0000000000001002|0000000000064747|100.00
11032026|544104|0000000000000401|0000000000010439|0000000000000402|0000000000010464|099.75
11032026|544105|0000000000003000|0000000000254250|0000000000003000|0000000000254625|100.00
11032026|544106|0000000000000600|0000000000096000|0000000000000600|0000000000096000|100.00
11032026|544107|0000000000007346|0000000001040561|0000000000021828|0000000003108126|033.65
11032026|544109|0000000000000060|0000000000009096|0000000000000061|0000000000009262|098.36
11032026|544110|0000000000001494|0000000000133848|0000000000002744|0000000000247544|054.45
11032026|544111|0000000000035062|0000000004051415|0000000000048877|0000000005747540|071.74
11032026|544112|0000000000000202|0000000000101000|0000000000000214|0000000000109423|094.39
11032026|544117|0000000000101704|0000000023519050|0000000000105279|0000000024684583|096.60
11032026|544118|0000000000010951|0000000003959335|0000000000017712|0000000006427189|061.83
11032026|544119|0000000000002723|0000000000950191|0000000000003626|0000000001299780|075.10
11032026|544120|0000000000000883|0000000000219956|0000000000001062|0000000000266357|083.14
11032026|544121|0000000000002000|0000000000122000|0000000000002000|0000000000122000|100.00
11032026|544122|0000000000001471|0000000001505937|0000000000002164|0000000002252736|067.98
11032026|544123|0000000000000530|0000000000030147|0000000000000571|0000000000032997|092.82
11032026|544124|0000000000001963|0000000000219856|0000000000002298|0000000000250215|085.42
11032026|544129|0000000000004892|0000000000976199|0000000000007032|0000000001420445|069.57
11032026|544130|0000000000084120|0000000003407702|0000000000113669|0000000004650633|074.00
11032026|544131|0000000000002060|0000000000256882|0000000000002559|0000000000315095|080.50
11032026|544132|0000000000348582|0000000008808668|0000000000493409|0000000012458135|070.65
11032026|544133|0000000000011868|0000000001013646|0000000000023282|0000000002034637|050.98
11032026|544134|0000000000004360|0000000000940670|0000000000006244|0000000001362726|069.83
11032026|544135|0000000000014716|0000000000336114|0000000000020934|0000000000479508|070.30
11032026|544136|0000000000001735|0000000000168174|0000000000002260|0000000000221014|076.77
11032026|544137|0000000000005716|0000000000710614|0000000000006829|0000000000847260|083.70
11032026|544138|0000000000001947|0000000000691185|0000000000002796|0000000001002856|069.64
11032026|544139|0000000000002000|0000000000076000|0000000000004000|0000000000152000|050.00
11032026|544140|0000000000008294|0000000002333103|0000000000011026|0000000003128638|075.22
11032026|544141|0000000000013600|0000000003141600|0000000000017600|0000000004081080|077.27
11032026|544142|0000000000013060|0000000000578036|0000000000035470|0000000001560022|036.82
11032026|544143|0000000000002500|0000000000402500|0000000000002500|0000000000402500|100.00
11032026|544144|0000000000001304|0000000000121977|0000000000001794|0000000000170426|072.69
11032026|544149|0000000000001475|0000000000876593|0000000000001831|0000000001115792|080.56
11032026|544150|0000000000055250|0000000019743588|0000000000090750|0000000032137462|060.88
11032026|544151|0000000000004000|0000000000294000|0000000000004000|0000000000292400|100.00
11032026|544156|0000000000004500|0000000000074790|0000000000006000|0000000000103860|075.00
11032026|544158|0000000000009376|0000000003505218|0000000000014114|0000000005347296|066.43
11032026|544159|0000000000012825|0000000014323602|0000000000015683|0000000017515501|081.78
11032026|544160|0000000000001600|0000000000025696|0000000000003200|0000000000051376|050.00
11032026|544161|0000000000000490|0000000000505827|0000000000000810|0000000000839319|060.49
11032026|544162|0000000000001519|0000000002335387|0000000000003419|0000000005341360|044.43
11032026|544165|0000000000109500|0000000011381550|0000000000109500|0000000011381550|100.00
11032026|544166|0000000000003600|0000000000461700|0000000000003600|0000000000461400|100.00
11032026|544167|0000000000005004|0000000001205714|0000000000009491|0000000002320040|052.72
11032026|544170|0000000000004000|0000000000110720|0000000000004000|0000000000110720|100.00
11032026|544171|0000000000024800|0000000000903960|0000000000025600|0000000000942608|096.88
11032026|544172|0000000000008939|0000000004018975|0000000000014978|0000000006783120|059.68
11032026|544173|0000000000001000|0000000000014000|0000000000001000|0000000000014000|100.00
11032026|544174|0000000000002826|0000000003395863|0000000000009806|0000000011733755|028.82
11032026|544175|0000000000002400|0000000000214800|0000000000002400|0000000000215400|100.00
11032026|544176|0000000000003776|0000000001820599|0000000000007698|0000000003691825|049.05
11032026|544177|0000000000008000|0000000000760000|0000000000010000|0000000000938180|080.00
11032026|544179|0000000000003767|0000000001258178|0000000000006039|0000000002021095|062.38
11032026|544180|0000000000011771|0000000000537111|0000000000018584|0000000000853140|063.34
11032026|544181|0000000000015461|0000000004303570|0000000000044467|0000000012325275|034.77
11032026|544183|0000000000000500|0000000000050800|0000000000000500|0000000000050800|100.00
11032026|544184|0000000000007536|0000000000801077|0000000000009929|0000000001069566|075.90
11032026|544185|0000000000000632|0000000000032738|0000000000000870|0000000000045121|072.64
11032026|544186|0000000000005258|0000000000640951|0000000000006770|0000000000826843|077.67
11032026|544187|0000000000003810|0000000000426149|0000000000004612|0000000000525180|082.61
11032026|544188|0000000000008000|0000000000080000|0000000000008000|0000000000080400|100.00
11032026|544189|0000000000004500|0000000001841050|0000000000004500|0000000001841050|100.00
11032026|544190|0000000000004000|0000000000071400|0000000000004000|0000000000071400|100.00
11032026|544191|0000000000018955|0000000001074370|0000000000021581|0000000001221652|087.83
11032026|544192|0000000000014074|0000000002358099|0000000000041168|0000000006912267|034.19
11032026|544193|0000000000064164|0000000000670514|0000000000073436|0000000000773483|087.37
11032026|544194|0000000000101318|0000000001038510|0000000000116477|0000000001202974|086.99
11032026|544195|0000000000010000|0000000000177500|0000000000014000|0000000000252900|071.43
11032026|544196|0000000000000020|0000000000001122|0000000000000027|0000000000001523|074.07
11032026|544197|0000000000000012|0000000000000250|0000000000000013|0000000000000273|092.31
11032026|544198|0000000000167981|0000000052267289|0000000000393544|0000000123468928|042.68
11032026|544199|0000000000012800|0000000000510976|0000000000015200|0000000000600952|084.21
11032026|544200|0000000000683945|0000000005770504|0000000000683945|0000000005770504|100.00
11032026|544201|0000000000078000|0000000000933660|0000000000088000|0000000001060620|088.64
11032026|544202|0000000000007039|0000000001143838|0000000000012272|0000000001991222|057.36
11032026|544203|0000000000003623|0000000001715310|0000000000009649|0000000004635550|037.55
11032026|544204|0000000000002072|0000000000244082|0000000000002382|0000000000279960|086.99
11032026|544205|0000000000004687|0000000001780826|0000000000004913|0000000001912807|095.40
11032026|544206|0000000000050674|0000000013037914|0000000000116194|0000000030166000|043.61
11032026|544207|0000000000002054|0000000000248534|0000000000002384|0000000000289960|086.16
11032026|544209|0000000000002146|0000000000529311|0000000000002507|0000000000626570|085.60
11032026|544210|0000000000006181|0000000009649778|0000000000010572|0000000016504238|058.47
11032026|544212|0000000000014656|0000000000420628|0000000000020760|0000000000601495|070.60
11032026|544213|0000000000006000|0000000000751200|0000000000007200|0000000000905220|083.33
11032026|544214|0000000000004000|0000000000114000|0000000000004000|0000000000108000|100.00
11032026|544215|0000000000000956|0000000000030535|0000000000000979|0000000000031356|097.65
11032026|544216|0000000000242363|0000000002828377|0000000000330726|0000000003870548|073.28
11032026|544217|0000000000009898|0000000000816487|0000000000011694|0000000000987417|084.64
11032026|544218|0000000000006148|0000000000064616|0000000000009258|0000000000097770|066.41
11032026|544219|0000000000009600|0000000001077120|0000000000018600|0000000002061510|051.61
11032026|544220|0000000000010800|0000000000432000|0000000000013200|0000000000524064|081.82
11032026|544221|0000000000018000|0000000000296100|0000000000018000|0000000000296100|100.00
11032026|544222|0000000000010266|0000000005202296|0000000000019278|0000000009760122|053.25
11032026|544223|0000000000006272|0000000001736717|0000000000016202|0000000004554438|038.71
11032026|544224|0000000000579360|0000000386491056|0000000000788640|0000000542251404|073.46
11032026|544225|0000000002083859|0000000049804231|0000000005107890|0000000125252057|040.80
11032026|544226|0000000000016256|0000000003658413|0000000000040531|0000000009086083|040.11
11032026|544227|0000000000023739|0000000002345414|0000000000042231|0000000004245492|056.21
11032026|544228|0000000000033500|0000000003706105|0000000000033500|0000000003705205|100.00
11032026|544229|0000000000334455|0000000003973326|0000000000551999|0000000006609520|060.59
11032026|544230|0000000000003291|0000000000198909|0000000000003386|0000000000209021|097.19
11032026|544232|0000000000001702|0000000003129723|0000000000002824|0000000005192744|060.27
11032026|544233|0000000000000342|0000000000008383|0000000000009468|0000000000218328|003.61
11032026|544234|0000000000000176|0000000000001848|0000000000000176|0000000000001852|100.00
11032026|544235|0000000000004577|0000000001231442|0000000000009094|0000000002474216|050.33
11032026|544236|0000000000001200|0000000000051600|0000000000001200|0000000000051600|100.00
11032026|544238|0000000000108062|0000000085309546|0000000000243914|0000000189856365|044.30
11032026|544239|0000000000016814|0000000002305200|0000000000027713|0000000003899669|060.67
11032026|544240|0000000000002610|0000000002088653|0000000000004411|0000000003578964|059.17
11032026|544241|0000000000021072|0000000000323456|0000000000027915|0000000000432039|075.49
11032026|544242|0000000000045000|0000000000720000|0000000000057000|0000000000897840|078.95
11032026|544243|0000000000127258|0000000035002313|0000000000139824|0000000038654447|091.01
11032026|544244|0000000000000223|0000000000163905|0000000000000246|0000000000181912|090.65
11032026|544245|0000000000001600|0000000000118384|0000000000001600|0000000000118384|100.00
11032026|544246|0000000000000025|0000000000015000|0000000000000025|0000000000014975|100.00
11032026|544247|0000000000002609|0000000000231967|0000000000004285|0000000000383315|060.89
11032026|544248|0000000000009600|0000000001079130|0000000000009600|0000000001079130|100.00
11032026|544249|0000000000004674|0000000000129938|0000000000005255|0000000000144962|088.94
11032026|544250|0000000000000236|0000000001047652|0000000000000474|0000000002107664|049.79
11032026|544251|0000000000012800|0000000000563200|0000000000012800|0000000000563200|100.00
11032026|544252|0000000000191699|0000000016050958|0000000000300376|0000000025324850|063.82
11032026|544253|0000000000004924|0000000000946886|0000000000008150|0000000001600709|060.42
11032026|544254|0000000000004200|0000000000433860|0000000000005597|0000000000584442|075.04
11032026|544256|0000000000003010|0000000001712690|0000000000005166|0000000002928278|058.27
11032026|544258|0000000000003976|0000000000389648|0000000000006827|0000000000681180|058.24
11032026|544259|0000000000015000|0000000000435000|0000000000015000|0000000000448080|100.00
11032026|544260|0000000000008792|0000000002135138|0000000000014746|0000000003592334|059.62
11032026|544261|0000000000014848|0000000001565722|0000000000021470|0000000002286303|069.16
11032026|544262|0000000000006298|0000000000711674|0000000000006744|0000000000769883|093.39
11032026|544263|0000000000015242|0000000014148387|0000000000035873|0000000033899473|042.49
11032026|544264|0000000000000432|0000000000111608|0000000000000645|0000000000170086|066.98
11032026|544265|0000000000006000|0000000000498540|0000000000006000|0000000000498540|100.00
11032026|544266|0000000000002304|0000000000204619|0000000000002461|0000000000220464|093.62
11032026|544267|0000000000012000|0000000002016000|0000000000013600|0000000002365160|088.24
11032026|544268|0000000002130077|0000000025326616|0000000002942873|0000000035161759|072.38
11032026|544269|0000000000174000|0000000001341540|0000000000204000|0000000001641240|085.29
11032026|544271|0000000000009222|0000000001570968|0000000000019353|0000000003343624|047.65
11032026|544272|0000000000028000|0000000003823400|0000000000035200|0000000004836120|079.55
11032026|544273|0000000000000237|0000000000002399|0000000000000262|0000000000002685|090.46
11032026|544274|0000000000035527|0000000071776975|0000000000048507|0000000098028145|073.24
11032026|544275|0000000000005328|0000000000082265|0000000000006220|0000000000096498|085.66
11032026|544276|0000000000004848|0000000000355262|0000000000006734|0000000000488442|071.99
11032026|544277|0000000000059588|0000000159856728|0000000000140597|0000000380316563|042.38
11032026|544278|0000000000000955|0000000000081281|0000000000001242|0000000000105651|076.89
11032026|544279|0000000000013810|0000000004083617|0000000000024874|0000000007490498|055.52
11032026|544280|0000000000026171|0000000007335732|0000000000091173|0000000026336127|028.70
11032026|544281|0000000000074917|0000000001343262|0000000000116568|0000000002090328|064.27
11032026|544282|0000000000837592|0000000033336162|0000000001640817|0000000065218917|051.05
11032026|544283|0000000000023544|0000000005411589|0000000000040248|0000000009207514|058.50
11032026|544284|0000000000001663|0000000001789339|0000000000001663|0000000001789341|100.00
11032026|544285|0000000000124967|0000000035578105|0000000000329368|0000000095567482|037.94
11032026|544286|0000000000017799|0000000001272273|0000000000030192|0000000002156872|058.95
11032026|544287|0000000000036000|0000000001768680|0000000000054000|0000000002830350|066.67
11032026|544288|0000000000001585|0000000000912485|0000000000008115|0000000004702161|019.53
11032026|544289|0000000000139182|0000000012067080|0000000000287350|0000000025167921|048.44
11032026|544290|0000000000310621|0000000047478420|0000000000588954|0000000094510458|052.74
11032026|544291|0000000000026200|0000000022607980|0000000000037200|0000000032270945|070.43
11032026|544292|0000000000001439|0000000002131591|0000000000003921|0000000005807285|036.70
11032026|544293|0000000000001261|0000000000327167|0000000000001339|0000000000347662|094.17
11032026|544294|0000000000003889|0000000002767607|0000000000004602|0000000003262062|084.51
11032026|544295|0000000000000008|0000000008172000|0000000000000008|0000000008205552|100.00
11032026|544296|0000000000078800|0000000015996400|0000000000154000|0000000032139880|051.17
11032026|544301|0000000000013603|0000000000321167|0000000000015563|0000000000373676|087.41
11032026|544302|0000000000002659|0000000001018796|0000000000002664|0000000001030417|099.81
11032026|544303|0000000000000300|0000000000094500|0000000000000300|0000000000094500|100.00
11032026|544304|0000000000104000|0000000005116800|0000000000118400|0000000005619696|087.84
11032026|544305|0000000000038549|0000000006927256|0000000000057791|0000000010548822|066.70
11032026|544306|0000000000004865|0000000004925083|0000000000012297|0000000012501300|039.56
11032026|544307|0000000000195549|0000000021129070|0000000000342504|0000000037236007|057.09
11032026|544308|0000000000006263|0000000000331877|0000000000006813|0000000000357158|091.93
11032026|544309|0000000000005255|0000000007232457|0000000000015063|0000000020827263|034.89
11032026|544310|0000000000017500|0000000008246875|0000000000027250|0000000012958100|064.22
11032026|544311|0000000000019064|0000000006257758|0000000000027026|0000000008927963|070.54
11032026|544312|0000000000004000|0000000000068080|0000000000004000|0000000000068080|100.00
11032026|544313|0000000000008000|0000000000193680|0000000000008000|0000000000193840|100.00
11032026|544314|0000000000000132|0000000000054893|0000000000000133|0000000000054335|099.25
11032026|544315|0000000000010122|0000000002514811|0000000000027936|0000000007222263|036.23
11032026|544316|0000000000025804|0000000003434513|0000000000039346|0000000005316445|065.58
11032026|544317|0000000000008642|0000000004449334|0000000000019591|0000000010242757|044.11
11032026|544318|0000000000002184|0000000000842369|0000000000003593|0000000001410431|060.78
11032026|544319|0000000000002471|0000000001844108|0000000000006583|0000000004969598|037.54
11032026|544320|0000000000000835|0000000000402763|0000000000001471|0000000000724627|056.76
11032026|544321|0000000000000562|0000000000376456|0000000000001074|0000000000727257|052.33
11032026|544322|0000000000002588|0000000002218175|0000000000003350|0000000002909324|077.25
11032026|544323|0000000000000917|0000000000009583|0000000000001806|0000000000019176|050.78
11032026|544324|0000000000002000|0000000000033000|0000000000004000|0000000000066000|050.00
11032026|544325|0000000000167704|0000000027168048|0000000000254821|0000000041569317|065.81
11032026|544326|0000000000002982|0000000000068825|0000000000003757|0000000000087163|079.37
11032026|544328|0000000000015215|0000000001919373|0000000000024505|0000000003143269|062.09
11032026|544329|0000000000012000|0000000000630000|0000000000012000|0000000000600000|100.00
11032026|544330|0000000000010000|0000000001150000|0000000000010000|0000000001170600|100.00
11032026|544331|0000000000008000|0000000000271200|0000000000008000|0000000000261580|100.00
11032026|544332|0000000000004000|0000000001008000|0000000000004400|0000000001121980|090.91
11032026|544333|0000000000013751|0000000001684498|0000000000021117|0000000002669103|065.12
11032026|544334|0000000000001500|0000000000085500|0000000000001500|0000000000085500|100.00
11032026|544335|0000000000012000|0000000001218120|0000000000014000|0000000001405690|085.71
11032026|544336|0000000000009445|0000000002848612|0000000000025086|0000000007707434|037.65
11032026|544338|0000000000035209|0000000002417803|0000000000052735|0000000003627796|066.77
11032026|544339|0000000000003491|0000000000642519|0000000000006491|0000000001193903|053.78
11032026|544340|0000000000553600|0000000021977920|0000000000555200|0000000022027008|099.71
11032026|544341|0000000000140800|0000000003320064|0000000000144000|0000000003375952|097.78
11032026|544342|0000000000079725|0000000008745833|0000000000174237|0000000018753831|045.76
11032026|544343|0000000000030400|0000000002618048|0000000000034400|0000000003039968|088.37
11032026|544344|0000000000002833|0000000008600705|0000000000006449|0000000019851801|043.93
11032026|544345|0000000000144379|0000000037473570|0000000000424299|0000000115386215|034.03
11032026|544346|0000000000001505|0000000000212457|0000000000001505|0000000000212457|100.00
11032026|544347|0000000000003800|0000000001185600|0000000000003800|0000000001181480|100.00
11032026|544348|0000000000020400|0000000000775200|0000000000020400|0000000000775380|100.00
11032026|544349|0000000000006400|0000000000293952|0000000000006400|0000000000284176|100.00
11032026|544350|0000000000000624|0000000000277088|0000000000001256|0000000000562223|049.68
11032026|544352|0000000000000438|0000000000017709|0000000000000438|0000000000017734|100.00
11032026|544353|0000000000009600|0000000000336000|0000000000009600|0000000000335604|100.00
11032026|544354|0000000000031500|0000000004378500|0000000000037500|0000000005310885|084.00
11032026|544355|0000000000000309|0000000000557375|0000000000000360|0000000000650991|085.83
11032026|544356|0000000000003245|0000000001558736|0000000000003911|0000000001895795|082.97
11032026|544361|0000000000000977|0000000000167360|0000000000000977|0000000000167360|100.00
11032026|544362|0000000000022073|0000000009484769|0000000000036314|0000000015876677|060.78
11032026|544363|0000000000000026|0000000000004077|0000000000000033|0000000000005185|078.79
11032026|544364|0000000000012324|0000000002950366|0000000000029570|0000000007612985|041.68
11032026|544365|0000000000004000|0000000000145880|0000000000004000|0000000000145880|100.00
11032026|544366|0000000000001600|0000000000072960|0000000000003200|0000000000140160|050.00
11032026|544367|0000000000008321|0000000006854424|0000000000018166|0000000015083226|045.81
11032026|544368|0000000000016800|0000000000280728|0000000000016800|0000000000280800|100.00
11032026|544369|0000000000016800|0000000003440640|0000000000016800|0000000003435240|100.00
11032026|544371|0000000000000031|0000000000001930|0000000000000051|0000000000003166|060.78
11032026|544372|0000000000024000|0000000000264480|0000000000027000|0000000000306720|088.89
11032026|544375|0000000000025315|0000000003938508|0000000000027970|0000000004329034|090.51
11032026|544376|0000000000002351|0000000000095381|0000000000002575|0000000000105687|091.30
11032026|544377|0000000000006393|0000000000081511|0000000000006394|0000000000081596|099.98
11032026|544378|0000000000001000|0000000000061700|0000000000001000|0000000000061700|100.00
11032026|544379|0000000000004903|0000000000740108|0000000000005713|0000000000880301|085.82
11032026|544380|0000000000001160|0000000001221353|0000000000001160|0000000001221352|100.00
11032026|544382|0000000000002351|0000000000077678|0000000000002921|0000000000096260|080.49
11032026|544384|0000000000426744|0000000011385530|0000000000780321|0000000020976750|054.69
11032026|544385|0000000000002203|0000000000113389|0000000000002314|0000000000119812|095.20
11032026|544386|0000000000000012|0000000000015612|0000000000000012|0000000000015612|100.00
11032026|544387|0000000000022500|0000000003343500|0000000000027000|0000000004063900|083.33
11032026|544388|0000000000066000|0000000006138000|0000000000094000|0000000008374940|070.21
11032026|544389|0000000000001372|0000000000354800|0000000000006836|0000000001774293|020.07
11032026|544390|0000000000006186|0000000018210657|0000000000011505|0000000033978304|053.77
11032026|544392|0000000000018000|0000000001244200|0000000000018000|0000000001244200|100.00
11032026|544393|0000000000004800|0000000000117600|0000000000004800|0000000000122320|100.00
11032026|544394|0000000000006845|0000000000197547|0000000000007183|0000000000207464|095.29
11032026|544395|0000000002475639|0000000046789578|0000000002524604|0000000047949380|098.06
11032026|544396|0000000000000622|0000000000622778|0000000000000798|0000000000809133|077.94
11032026|544397|0000000000038047|0000000026708994|0000000000069196|0000000048286946|054.98
11032026|544399|0000000000002400|0000000000185592|0000000000003600|0000000000283260|066.67
11032026|544400|0000000000022000|0000000000968000|0000000000026000|0000000001114620|084.62
11032026|544401|0000000000000016|0000000000005134|0000000000000016|0000000000005152|100.00
11032026|544402|0000000000006980|0000000002625876|0000000000016800|0000000006339369|041.55
11032026|544403|0000000001024835|0000000105045588|0000000001064817|0000000111347321|096.25
11032026|544404|0000000000001612|0000000000640665|0000000000001612|0000000000640665|100.00
11032026|544405|0000000000180168|0000000034583248|0000000000404250|0000000078537070|044.57
11032026|544406|0000000000028000|0000000009249800|0000000000031200|0000000010298480|089.74
11032026|544407|0000000000030981|0000000005993275|0000000000044702|0000000008796026|069.31
11032026|544408|0000000000004117|0000000001791513|0000000000007828|0000000003390394|052.59
11032026|544409|0000000000008000|0000000001272000|0000000000008000|0000000001272000|100.00
11032026|544410|0000000000012224|0000000001606234|0000000000020035|0000000002691279|061.01
11032026|544411|0000000000202909|0000000025099844|0000000000208600|0000000026421236|097.27
11032026|544412|0000000000015000|0000000000290250|0000000000018000|0000000000337500|083.33
11032026|544413|0000000000010171|0000000000891285|0000000000015431|0000000001389621|065.91
11032026|544414|0000000000029844|0000000001425350|0000000000034826|0000000001685066|085.69
11032026|544415|0000000000000114|0000000000004602|0000000000000116|0000000000004700|098.28
11032026|544416|0000000000000103|0000000000032394|0000000000000181|0000000000057371|056.91
11032026|544417|0000000000004800|0000000000091200|0000000000006000|0000000000115200|080.00
11032026|544418|0000000000308669|0000000098403678|0000000000449804|0000000148239386|068.62
11032026|544419|0000000000010213|0000000001096877|0000000000019699|0000000002140454|051.85
11032026|544420|0000000000015810|0000000006193568|0000000000021322|0000000008445140|074.15
11032026|544421|0000000000005245|0000000001200319|0000000000009651|0000000002201088|054.35
11032026|544422|0000000000002400|0000000000186000|0000000000003600|0000000000284652|066.67
11032026|544423|0000000000000740|0000000000225404|0000000000001238|0000000000382196|059.77
11032026|544424|0000000000000899|0000000000041723|0000000000001589|0000000000075260|056.58
11032026|544425|0000000000006000|0000000000640560|0000000000006000|0000000000640560|100.00
11032026|544426|0000000000012000|0000000000685080|0000000000013200|0000000000752700|090.91
11032026|544427|0000000000003453|0000000000034013|0000000000003453|0000000000034277|100.00
11032026|544428|0000000000006000|0000000000286992|0000000000006000|0000000000286992|100.00
11032026|544429|0000000000052107|0000000034182192|0000000000076302|0000000050220184|068.29
11032026|544430|0000000000077124|0000000007059160|0000000000116489|0000000010689445|066.21
11032026|544431|0000000000004000|0000000000384000|0000000000004000|0000000000384050|100.00
11032026|544432|0000000000007668|0000000000482624|0000000000010550|0000000000671551|072.68
11032026|544433|0000000000016800|0000000000253680|0000000000019200|0000000000288672|087.50
11032026|544434|0000000000041600|0000000003698656|0000000000068000|0000000005989576|061.18
11032026|544435|0000000000048800|0000000004960520|0000000000069600|0000000007217240|070.11
11032026|544436|0000000000010800|0000000000399708|0000000000014400|0000000000518736|075.00
11032026|544437|0000000000018000|0000000001256280|0000000000018000|0000000001256280|100.00
11032026|544438|0000000000031581|0000000000352444|0000000000032863|0000000000367376|096.10
11032026|544439|0000000000010014|0000000002122968|0000000000013921|0000000003015432|071.93
11032026|544440|0000000000010500|0000000001833825|0000000000013500|0000000002352787|077.78
11032026|544441|0000000000039200|0000000003306520|0000000000040800|0000000003545192|096.08
11032026|544442|0000000000125400|0000000012901152|0000000000130200|0000000012973626|096.31
11032026|544443|0000000000003400|0000000004028660|0000000000004291|0000000005103799|079.24
11032026|544444|0000000000019200|0000000001287360|0000000000024000|0000000001625112|080.00
11032026|544445|0000000000006000|0000000000471000|0000000000010000|0000000000796530|060.00
11032026|544446|0000000000005200|0000000000926380|0000000000007201|0000000001310750|072.21
11032026|544447|0000000000014493|0000000005637053|0000000000015161|0000000005912056|095.59
11032026|544448|0000000000000238|0000000000237405|0000000000000796|0000000000796211|029.90
11032026|544449|0000000000008992|0000000005830863|0000000000016095|0000000010453818|055.87
11032026|544450|0000000000000282|0000000000039762|0000000000000592|0000000000084165|047.64
11032026|544451|0000000000000400|0000000000099200|0000000000000800|0000000000198000|050.00
11032026|544453|0000000000009600|0000000001920960|0000000000013800|0000000002804490|069.57
11032026|544454|0000000000005873|0000000000951720|0000000000006867|0000000001102106|085.52
11032026|544455|0000000000023411|0000000008787319|0000000000033040|0000000012338070|070.86
11032026|544456|0000000000192613|0000000008526978|0000000000192613|0000000008526977|100.00
11032026|544457|0000000000007319|0000000000429553|0000000000008449|0000000000496405|086.63
11032026|544458|0000000000054000|0000000010200600|0000000000072000|0000000013579425|075.00
11032026|544459|0000000000005528|0000000001098690|0000000000007832|0000000001564327|070.58
11032026|544460|0000000000059200|0000000004099600|0000000000065600|0000000004348592|090.24
11032026|544463|0000000000007200|0000000000405000|0000000000007200|0000000000397164|100.00
11032026|544464|0000000000004000|0000000000244800|0000000000006000|0000000000362280|066.67
11032026|544465|0000000000002789|0000000000237456|0000000000006110|0000000000526183|045.65
11032026|544466|0000000000011639|0000000018418718|0000000000017570|0000000028197555|066.24
11032026|544467|0000000000327512|0000000287097020|0000000000533000|0000000469945545|061.45
11032026|544469|0000000000069505|0000000009317146|0000000000149957|0000000020450790|046.35
11032026|544470|0000000000002444|0000000000732345|0000000000004845|0000000001476475|050.44
11032026|544471|0000000000012000|0000000000399360|0000000000014000|0000000000464240|085.71
11032026|544472|0000000000001600|0000000000110880|0000000000003200|0000000000221760|050.00
11032026|544473|0000000000075618|0000000000784915|0000000000109574|0000000001140178|069.01
11032026|544474|0000000000027200|0000000000869040|0000000000030400|0000000000995744|089.47
11032026|544475|0000000000092000|0000000002729640|0000000000146000|0000000004278720|063.01
11032026|544476|0000000000004460|0000000002745130|0000000000009119|0000000005687133|048.91
11032026|544477|0000000000006928|0000000000351181|0000000000007915|0000000000409133|087.53
11032026|544478|0000000000000100|0000000000102995|0000000000000100|0000000000102995|100.00
11032026|544479|0000000000002539|0000000000542839|0000000000002810|0000000000600974|090.36
11032026|544480|0000000000089929|0000000010845438|0000000000152958|0000000018675659|058.79
11032026|544481|0000000000014354|0000000001679418|0000000000038620|0000000004501185|037.17
11032026|544482|0000000000025000|0000000001562750|0000000000030000|0000000001919850|083.33
11032026|544483|0000000000007200|0000000000274680|0000000000007200|0000000000277920|100.00
11032026|544484|0000000000015774|0000000008140962|0000000000049770|0000000025848449|031.69
11032026|544485|0000000000194387|0000000014203859|0000000000418049|0000000029774371|046.50
11032026|544486|0000000000003002|0000000000090211|0000000000003002|0000000000090210|100.00
11032026|544487|0000000000006060|0000000001028382|0000000000006343|0000000001078419|095.54
11032026|544488|0000000000220386|0000000039724577|0000000000399976|0000000073217730|055.10
11032026|544490|0000000000003740|0000000001385670|0000000000007301|0000000002745858|051.23
11032026|544491|0000000000006187|0000000001150164|0000000000008888|0000000001674417|069.61
11032026|544492|0000000000002954|0000000000704086|0000000000004597|0000000001108442|064.26
11032026|544493|0000000000000902|0000000000137916|0000000000000934|0000000000143354|096.57
11032026|544494|0000000000004800|0000000000107760|0000000000004800|0000000000104320|100.00
11032026|544496|0000000000059805|0000000003736019|0000000000111792|0000000007102098|053.50
11032026|544497|0000000000007717|0000000000982375|0000000000014549|0000000001842238|053.04
11032026|544498|0000000000008000|0000000000360400|0000000000008000|0000000000360480|100.00
11032026|544499|0000000000000107|0000000000019902|0000000000000118|0000000000021850|090.68
11032026|544500|0000000000014000|0000000000475300|0000000000018000|0000000000609740|077.78
11032026|544501|0000000000037000|0000000003352570|0000000000041000|0000000003696950|090.24
11032026|544502|0000000000028253|0000000002816825|0000000000042941|0000000004151547|065.79
11032026|544503|0000000000022000|0000000002498850|0000000000022000|0000000002498850|100.00
11032026|544504|0000000000004800|0000000001320000|0000000000006400|0000000001747720|075.00
11032026|544505|0000000000010000|0000000000480000|0000000000010000|0000000000481000|100.00
11032026|544506|0000000000030600|0000000003580200|0000000000047400|0000000005583960|064.56
11032026|544507|0000000000029811|0000000000277541|0000000000035005|0000000000328716|085.16
11032026|544509|0000000000003200|0000000000110688|0000000000003200|0000000000110688|100.00
11032026|544510|0000000000006400|0000000000487040|0000000000006400|0000000000501760|100.00
11032026|544511|0000000000005600|0000000000836640|0000000000006400|0000000000936400|087.50
11032026|544512|0000000000058804|0000000011996016|0000000000081927|0000000017078425|071.78
11032026|544513|0000000000002721|0000000000102745|0000000000003268|0000000000124948|083.26
11032026|544515|0000000000070039|0000000007781333|0000000000121093|0000000013395504|057.84
11032026|544516|0000000000049000|0000000013648950|0000000000070000|0000000019602600|070.00
11032026|544517|0000000000006778|0000000006456384|0000000000007729|0000000007582308|087.70
11032026|544518|0000000000017600|0000000003172880|0000000000017600|0000000003172880|100.00
11032026|544519|0000000000001865|0000000000455433|0000000000003042|0000000000736640|061.31
11032026|544521|0000000000002228|0000000000093621|0000000000002872|0000000000121348|077.58
11032026|544522|0000000000001805|0000000000728859|0000000000001863|0000000000744366|096.89
11032026|544523|0000000000001686|0000000000384493|0000000000002322|0000000000532475|072.61
11032026|544524|0000000000013600|0000000002304520|0000000000016000|0000000002712360|085.00
11032026|544525|0000000000040815|0000000004510058|0000000000077746|0000000008546392|052.50
11032026|544526|0000000000003023|0000000001050644|0000000000004698|0000000001654835|064.35
11032026|544527|0000000000006799|0000000006700075|0000000000010894|0000000010986989|062.41
11032026|544528|0000000000003660|0000000000622200|0000000000005834|0000000001012822|062.74
11032026|544529|0000000000002000|0000000000599100|0000000000002000|0000000000599100|100.00
11032026|544530|0000000000009132|0000000004420345|0000000000019716|0000000009688398|046.32
11032026|544531|0000000000063000|0000000008511300|0000000000075600|0000000010350510|083.33
11032026|544532|0000000000005795|0000000000962550|0000000000013125|0000000002249217|044.15
11032026|544533|0000000000002328|0000000000604582|0000000000005458|0000000001404822|042.65
11032026|544534|0000000000002259|0000000000930934|0000000000008883|0000000003704369|025.43
11032026|544535|0000000000012800|0000000001656160|0000000000012800|0000000001656160|100.00
11032026|544537|0000000000024281|0000000010534312|0000000000060195|0000000025777872|040.34
11032026|544538|0000000000004000|0000000000202000|0000000000004000|0000000000202000|100.00
11032026|544539|0000000000004800|0000000000101472|0000000000004800|0000000000101472|100.00
11032026|544540|0000000000013010|0000000002087455|0000000000030501|0000000004931651|042.65
11032026|544541|0000000000016200|0000000002592000|0000000000017400|0000000002782680|093.10
11032026|544542|0000000000004000|0000000000400000|0000000000006000|0000000000607950|066.67
11032026|544543|0000000000013357|0000000000766024|0000000000015828|0000000000906155|084.39
11032026|544544|0000000000002400|0000000000230400|0000000000002400|0000000000230388|100.00
11032026|544545|0000000000004674|0000000001821692|0000000000007762|0000000002970220|060.22
11032026|544546|0000000000051600|0000000002911272|0000000000054000|0000000003016980|095.56
11032026|544547|0000000000001573|0000000000085005|0000000000001866|0000000000101292|084.30
11032026|544549|0000000000004000|0000000000562000|0000000000004000|0000000000547500|100.00
11032026|544550|0000000000015709|0000000002467884|0000000000024132|0000000003845355|065.10
11032026|544551|0000000000002000|0000000000300100|0000000000002000|0000000000300050|100.00
11032026|544552|0000000000002400|0000000000259080|0000000000002400|0000000000259080|100.00
11032026|544553|0000000000001600|0000000000204800|0000000000001600|0000000000204800|100.00
11032026|544554|0000000000020000|0000000001100000|0000000000024000|0000000001289980|083.33
11032026|544555|0000000000015600|0000000001856400|0000000000019200|0000000002288460|081.25
11032026|544557|0000000000003217|0000000000141420|0000000000006498|0000000000290206|049.51
11032026|544558|0000000000006340|0000000000950366|0000000000012796|0000000001995390|049.55
11032026|544559|0000000000022400|0000000000328160|0000000000027200|0000000000397648|082.35
11032026|544560|0000000000004000|0000000000264000|0000000000008000|0000000000521600|050.00
11032026|544561|0000000000030000|0000000000210600|0000000000030000|0000000000212040|100.00
11032026|544562|0000000000003402|0000000000358911|0000000000006318|0000000000677957|053.85
11032026|544563|0000000000042000|0000000015221050|0000000000042000|0000000015221050|100.00
11032026|544564|0000000000001097|0000000000084821|0000000000001100|0000000000085693|099.73
11032026|544566|0000000000015000|0000000001110000|0000000000030000|0000000002232600|050.00
11032026|544568|0000000000061200|0000000006429060|0000000000072000|0000000007700580|085.00
11032026|544569|0000000000403508|0000000179782990|0000000000839542|0000000380443311|048.06
11032026|544570|0000000000003973|0000000001865721|0000000000008696|0000000003974182|045.69
11032026|544571|0000000000001000|0000000000076150|0000000000002000|0000000000153950|050.00
11032026|544572|0000000000000785|0000000001725862|0000000000001255|0000000002793158|062.55
11032026|544574|0000000000063051|0000000020154253|0000000000119521|0000000038198082|052.75
11032026|544575|0000000000076000|0000000002120400|0000000000077000|0000000002148300|098.70
11032026|544576|0000000000024763|0000000039430125|0000000000047916|0000000075974114|051.68
11032026|544578|0000000000004215|0000000003298449|0000000000008788|0000000006938258|047.96
11032026|544579|0000000000000574|0000000000059145|0000000000000574|0000000000059099|100.00
11032026|544580|0000000000050390|0000000012111237|0000000000072442|0000000017432081|069.56
11032026|544581|0000000000001388|0000000000013214|0000000000001388|0000000000013209|100.00
11032026|544582|0000000000043200|0000000001097280|0000000000044400|0000000001115856|097.30
11032026|544583|0000000000150798|0000000022355804|0000000000168561|0000000025414991|089.46
11032026|544584|0000000000027000|0000000003377700|0000000000030000|0000000003823900|090.00
11032026|544585|0000000000012000|0000000000708000|0000000000012000|0000000000688000|100.00
11032026|544586|0000000000111839|0000000001066945|0000000000143582|0000000001378935|077.89
11032026|544587|0000000000001386|0000000001695078|0000000000002846|0000000003492852|048.70
11032026|544594|0000000000001200|0000000000134340|0000000000002400|0000000000268740|050.00
11032026|544595|0000000000006900|0000000003744975|0000000000009883|0000000005378934|069.82
11032026|544596|0000000000001200|0000000000040800|0000000000003600|0000000000123120|033.33
11032026|544597|0000000000009394|0000000016734002|0000000000021109|0000000037009471|044.50
11032026|544598|0000000000015181|0000000000061939|0000000000015880|0000000000065082|095.60
11032026|544599|0000000000000346|0000000000179159|0000000000000600|0000000000310234|057.67
11032026|544600|0000000000040004|0000000019953996|0000000000127046|0000000064288184|031.49
11032026|544601|0000000000000117|0000000000018557|0000000000000191|0000000000030298|061.26
11032026|544603|0000000000382697|0000000059126687|0000000000971288|0000000152631639|039.40
11032026|544604|0000000000013735|0000000000497070|0000000000024224|0000000000883024|056.70
11032026|544605|0000000000090803|0000000001395643|0000000000116462|0000000001792612|077.97
11032026|544606|0000000000018616|0000000003187990|0000000000038821|0000000006666497|047.95
11032026|544607|0000000000008400|0000000000416640|0000000000008400|0000000000418584|100.00
11032026|544608|0000000000033113|0000000006841146|0000000000076937|0000000016040991|043.04
11032026|544609|0000000000268770|0000000022358977|0000000000456926|0000000038425464|058.82
11032026|544610|0000000000009000|0000000002896650|0000000000010200|0000000003327990|088.24
11032026|544611|0000000000003600|0000000000579600|0000000000003600|0000000000579600|100.00
11032026|544612|0000000000005876|0000000003100472|0000000000014928|0000000007966692|039.36
11032026|544613|0000000000006444|0000000001211472|0000000000009608|0000000001795220|067.07
11032026|544614|0000000000002044|0000000001052354|0000000000002810|0000000001453500|072.74
11032026|544615|0000000000114007|0000000004187808|0000000000114007|0000000004187808|100.00
11032026|544616|0000000000007000|0000000000973700|0000000000009000|0000000001267300|077.78
11032026|544617|0000000000012601|0000000001007702|0000000000023560|0000000001905576|053.48
11032026|544618|0000000000000016|0000000000001233|0000000000000016|0000000000001239|100.00
11032026|544619|0000000000003631|0000000002244503|0000000000006933|0000000004333206|052.37
11032026|544620|0000000000000005|0000000000000144|0000000000000005|0000000000000143|100.00
11032026|544621|0000000000006000|0000000000221400|0000000000007000|0000000000254030|085.71
11032026|544622|0000000000350904|0000000009312993|0000000000613059|0000000016233925|057.24
11032026|544623|0000000000012000|0000000001804800|0000000000012000|0000000001825800|100.00
11032026|544624|0000000000042000|0000000000485520|0000000000048000|0000000000557370|087.50
11032026|544625|0000000000013200|0000000000401148|0000000000016800|0000000000514158|078.57
11032026|544626|0000000000035000|0000000012600000|0000000000066000|0000000023712550|053.03
11032026|544628|0000000000056000|0000000000990640|0000000000068000|0000000001212100|082.35
11032026|544629|0000000000035000|0000000005302500|0000000000038000|0000000005772250|092.11
11032026|544631|0000000000000207|0000000000134923|0000000000000209|0000000000136476|099.04
11032026|544632|0000000000073004|0000000010209610|0000000000208299|0000000029241906|035.05
11032026|544633|0000000000097944|0000000005285059|0000000000160031|0000000008599456|061.20
11032026|544634|0000000000014809|0000000001862973|0000000000024140|0000000003063104|061.35
11032026|544635|0000000000080000|0000000004905600|0000000000086400|0000000005470352|092.59
11032026|544637|0000000000048000|0000000004996800|0000000000061800|0000000006560760|077.67
11032026|544638|0000000000001413|0000000000225953|0000000000001729|0000000000276251|081.72
11032026|544639|0000000000001360|0000000000356361|0000000000001782|0000000000473014|076.32
11032026|544640|0000000000009600|0000000000328320|0000000000010800|0000000000376728|088.89
11032026|544642|0000000000597221|0000000102453263|0000000000613284|0000000106442470|097.38
11032026|544643|0000000000190000|0000000035040850|0000000000190000|0000000035040850|100.00
11032026|544644|0000000000002432|0000000003914548|0000000000003333|0000000005378696|072.97
11032026|544645|0000000000037600|0000000007647840|0000000000055231|0000000011252746|068.08
11032026|544646|0000000000310000|0000000001103600|0000000000440000|0000000001560000|070.45
11032026|544647|0000000000004393|0000000002550357|0000000000006223|0000000003676602|070.59
11032026|544648|0000000000002000|0000000000127980|0000000000002000|0000000000127980|100.00
11032026|544654|0000000000000795|0000000000012251|0000000000000795|0000000000012254|100.00
11032026|544655|0000000000001206|0000000000025483|0000000000001395|0000000000029318|086.45
11032026|544656|0000000000051600|0000000013083360|0000000000051600|0000000013083360|100.00
11032026|544657|0000000000001200|0000000000246600|0000000000001200|0000000000246600|100.00
11032026|544658|0000000000004162|0000000012489122|0000000000008310|0000000025193158|050.08
11032026|544660|0000000000028417|0000000000247513|0000000000028517|0000000000249319|099.65
11032026|544661|0000000000000002|0000000000000072|0000000000000002|0000000000000071|100.00
11032026|544662|0000000000007407|0000000000983791|0000000000007407|0000000000983791|100.00
11032026|544663|0000000000024000|0000000001011840|0000000000027000|0000000001132890|088.89
11032026|544664|0000000000027990|0000000011592059|0000000000045914|0000000018953998|060.96
11032026|544665|0000000000025600|0000000002883920|0000000000025600|0000000002883920|100.00
11032026|544666|0000000000012665|0000000001357055|0000000000031699|0000000003402984|039.95
11032026|544667|0000000000010800|0000000000639900|0000000000010800|0000000000641160|100.00
11032026|544668|0000000000002400|0000000000667680|0000000000004200|0000000001151820|057.14
11032026|544669|0000000000012000|0000000002389800|0000000000018600|0000000003765210|064.52
11032026|544671|0000000000006000|0000000000583200|0000000000006000|0000000000594000|100.00
11032026|544672|0000000000000727|0000000000115303|0000000000000735|0000000000115562|098.91
11032026|544673|0000000000012800|0000000000807936|0000000000019200|0000000001219232|066.67
11032026|544674|0000000000000177|0000000000011789|0000000000000177|0000000000011947|100.00
11032026|544675|0000000000016000|0000000000824000|0000000000016000|0000000000827504|100.00
11032026|544676|0000000000092000|0000000003983600|0000000000169600|0000000007369472|054.25
11032026|544677|0000000000012800|0000000001088000|0000000000017600|0000000001496560|072.73
11032026|544678|0000000000257135|0000000008588309|0000000000568340|0000000019049943|045.24
11032026|544679|0000000000040341|0000000015442535|0000000000047263|0000000018325980|085.35
11032026|544680|0000000000000240|0000000000041040|0000000000000240|0000000000041040|100.00
11032026|544681|0000000000023000|0000000003502900|0000000000027000|0000000004059550|085.19
11032026|544682|0000000000002400|0000000000230400|0000000000002400|0000000000232800|100.00
11032026|544683|0000000000093000|0000000001523340|0000000000102000|0000000001672500|091.18
11032026|544684|0000000000066000|0000000006248220|0000000000069600|0000000006257688|094.83
11032026|544685|0000000000057288|0000000006439172|0000000000094176|0000000010699179|060.83
11032026|544686|0000000000008000|0000000001048800|0000000000009000|0000000001196300|088.89
11032026|544687|0000000000030000|0000000001724700|0000000000056000|0000000003206360|053.57
11032026|544688|0000000000008000|0000000000519040|0000000000018000|0000000001145280|044.44
11032026|544693|0000000000008000|0000000000249600|0000000000009600|0000000000303600|083.33
11032026|544694|0000000000004000|0000000000744000|0000000000004000|0000000000754000|100.00
11032026|544695|0000000000029000|0000000003403150|0000000000032000|0000000003781300|090.62
11032026|544698|0000000000001600|0000000000092080|0000000000012800|0000000000748736|012.50
11032026|544699|0000000000017595|0000000001917855|0000000000038855|0000000004327736|045.28
11032026|544700|0000000000036148|0000000030445653|0000000000091553|0000000077699944|039.48
11032026|544701|0000000000005305|0000000000099947|0000000000005448|0000000000103164|097.38
11032026|544702|0000000000007265|0000000000452683|0000000000011948|0000000000752688|060.81
11032026|544703|0000000000013896|0000000000364770|0000000000013911|0000000000379710|099.89
11032026|544704|0000000000003131|0000000000034285|0000000000003331|0000000000036593|094.00
11032026|544705|0000000000029197|0000000001980433|0000000000035977|0000000002470998|081.15
11032026|544707|0000000000072000|0000000015962400|0000000000092400|0000000019784550|077.92
11032026|544708|0000000000080400|0000000004241904|0000000000080400|0000000004241904|100.00
11032026|544709|0000000000501179|0000000041152419|0000000000501179|0000000041152419|100.00
11032026|544710|0000000000180000|0000000009270960|0000000000180000|0000000009270960|100.00
11032026|544711|0000000000001000|0000000000086000|0000000000001000|0000000000086000|100.00
11032026|544716|0000000000018991|0000000001034386|0000000000018991|0000000001034386|100.00
11032026|544717|0000000000006314|0000000005449298|0000000000019424|0000000017214265|032.51
11032026|544718|0000000000022123|0000000008662261|0000000000043853|0000000017204982|050.45
11032026|544720|0000000000032179|0000000006739892|0000000000098066|0000000020078285|032.81
11032026|544721|0000000000012731|0000000000612871|0000000000014532|0000000000697038|087.61
11032026|544722|0000000000001244|0000000000073459|0000000000002011|0000000000120989|061.86
11032026|544723|0000000000272510|0000000395711771|0000000000418902|0000000631902810|065.05
11032026|555555|0000000000002867|0000000002525541|0000000000003324|0000000002951445|086.25
11032026|570002|0000000000001245|0000000000003510|0000000000001245|0000000000003510|100.00
11032026|570004|0000000000003286|0000000000074560|0000000000005261|0000000000119457|062.46
11032026|570005|0000000000167773|0000000000073821|0000000000168736|0000000000076505|099.43
11032026|590003|0000000000061813|0000000018852965|0000000000124701|0000000038201456|049.57
11032026|590005|0000000000002523|0000000003360132|0000000000002896|0000000003860968|087.12
11032026|590006|0000000000000728|0000000000404805|0000000000000867|0000000000483449|083.97
11032026|590013|0000000000000849|0000000000731117|0000000000001005|0000000000878244|084.48
11032026|590018|0000000000000351|0000000000056722|0000000000000351|0000000000055111|100.00
11032026|590021|0000000000000730|0000000000994698|0000000000001362|0000000001892500|053.60
11032026|590024|0000000000567684|0000000503223482|0000000001825688|0000001613512890|031.09
11032026|590025|0000000000005085|0000000000180721|0000000000015052|0000000000535287|033.78
11032026|590030|0000000000031657|0000000002012119|0000000000054796|0000000003567404|057.77
11032026|590031|0000000000000385|0000000000274371|0000000000000468|0000000000331186|082.26
11032026|590041|0000000000016889|0000000001080812|0000000000016889|0000000001080812|100.00
11032026|590051|0000000000016221|0000000002134684|0000000000021831|0000000002909112|074.30
11032026|590056|0000000000000066|0000000000017870|0000000000000074|0000000000019740|089.19
11032026|590057|0000000000006245|0000000000098700|0000000000006245|0000000000098700|100.00
11032026|590062|0000000000008328|0000000000615523|0000000000015566|0000000001149655|053.50
11032026|590065|0000000000000410|0000000000419061|0000000000000447|0000000000461652|091.72
11032026|590066|0000000000012297|0000000001834713|0000000000016445|0000000002471372|074.78
11032026|590068|0000000000000400|0000000000036924|0000000000000404|0000000000037181|099.01
11032026|590070|0000000000003122|0000000000008742|0000000000003622|0000000000010105|086.20
11032026|590071|0000000000000582|0000000003092894|0000000000001037|0000000005582062|056.12
11032026|590072|0000000000000005|0000000000002835|0000000000000005|0000000000002842|100.00
11032026|590073|0000000000001065|0000000000976073|0000000000001962|0000000001817999|054.28
11032026|590075|0000000000000375|0000000000037125|0000000000000451|0000000000045585|083.15
11032026|590078|0000000000000578|0000000000548869|0000000000001082|0000000001030146|053.42
11032026|590086|0000000000000459|0000000001690497|0000000000000837|0000000003143569|054.84
11032026|590095|0000000001092635|0000000145014518|0000000001651357|0000000219087737|066.17
11032026|590096|0000000000059535|0000000059535000|0000000000333123|0000000333122855|017.87
11032026|590097|0000000000028025|0000000003755911|0000000000044852|0000000006009982|062.48
11032026|590098|0000000000103009|0000000014100903|0000000000181286|0000000024814492|056.82
11032026|590099|0000000000003749|0000000000500342|0000000000007691|0000000001023525|048.75
11032026|590101|0000000000015303|0000000002064834|0000000000020214|0000000002727682|075.70
11032026|590103|0000000000401208|0000000108566885|0000000000522977|0000000142324151|076.72
11032026|590104|0000000000011882|0000000008509414|0000000000027865|0000000020155487|042.64
11032026|590106|0000000000039705|0000000022879213|0000000000054554|0000000031675637|072.78
11032026|590107|0000000000000942|0000000000830769|0000000000001184|0000000001051720|079.56
11032026|590108|0000000000074698|0000000007349537|0000000000108432|0000000010794291|068.89
11032026|590109|0000000000000492|0000000000225981|0000000000000520|0000000000240633|094.62
11032026|590110|0000000000000272|0000000000071210|0000000000000272|0000000000071447|100.00
11032026|590113|0000000000003785|0000000001939775|0000000000004663|0000000002408301|081.17
11032026|590115|0000000000000251|0000000000062364|0000000000000254|0000000000063266|098.82
11032026|590134|0000000000016414|0000000001082668|0000000000033749|0000000002274610|048.64
11032026|590136|0000000000012562|0000000000725456|0000000000014396|0000000000840592|087.26
11032026|590137|0000000000001686|0000000000964241|0000000000001841|0000000001057057|091.58
11032026|590138|0000000000032196|0000000008232196|0000000000039735|0000000010233427|081.03
11032026|590139|0000000000000365|0000000000399570|0000000000000693|0000000000758642|052.67
11032026|590140|0000000002328596|0000000036209668|0000000003762245|0000000058512208|061.89
11032026|590141|0000000000352320|0000000011549050|0000000000539516|0000000017797571|065.30
11032026|590142|0000000000410558|0000000009841076|0000000000550291|0000000013232573|074.61
11032026|590143|0000000000199231|0000000005865361|0000000000213177|0000000006278257|093.46
11032026|590144|0000000000022365|0000000004823236|0000000000031607|0000000006856488|070.76
11032026|590145|0000000000591177|0000000148834722|0000000001366831|0000000346853237|043.25
11032026|590146|0000000000517972|0000000081963890|0000000000520024|0000000082036953|099.61
11032026|590147|0000000000249785|0000000065423688|0000000000250265|0000000065724024|099.81
11032026|590148|0000000000038436|0000000000591915|0000000000063042|0000000000978196|060.97
11032026|590149|0000000000003014|0000000000137831|0000000000003734|0000000000172087|080.72
11032026|590150|0000000000006919|0000000000507302|0000000000010914|0000000000808917|063.40
11032026|590151|0000000000017160|0000000000844787|0000000000018266|0000000000907097|093.94
11032026|590152|0000000000053510|0000000004857638|0000000000102318|0000000009389461|052.30
11032026|590153|0000000000101213|0000000002279317|0000000000259462|0000000005849537|039.01
11032026|590154|0000000000010982|0000000000507808|0000000000016515|0000000000769116|066.50
11032026|717506|0000000017694735|0000000179601561|0000000017730450|0000000176404404|099.80
11032026|751088|0000000000459952|0000000000234575|0000000000459952|0000000000234575|100.00
11032026|751093|0000000000277914|0000000000009695|0000000000277914|0000000000009695|100.00
11032026|751095|0000000000002980|0000000000142409|0000000000002980|0000000000142409|100.00
11032026|800177|0000000000000001|0000000000000116|0000000000000001|0000000000000115|100.00
11032026|800287|0000000000000008|0000000000127520|0000000000000008|0000000000127518|100.00
11032026|800290|0000000000000005|0000000000078061|0000000000000005|0000000000078060|100.00
11032026|800296|0000000000000005|0000000000079745|0000000000000005|0000000000079745|100.00
11032026|800297|0000000000000003|0000000000047436|0000000000000003|0000000000047434|100.00
11032026|800301|0000000000000003|0000000000047103|0000000000000003|0000000000047103|100.00
11032026|800302|0000000000000002|0000000000031792|0000000000000002|0000000000031792|100.00
11032026|800312|0000000000000002|0000000000031620|0000000000000002|0000000000031620|100.00
11032026|800313|0000000000000001|0000000000015813|0000000000000002|0000000000031413|050.00
11032026|800320|0000000000000002|0000000000031505|0000000000000002|0000000000031504|100.00
11032026|800322|0000000000000002|0000000000031720|0000000000000002|0000000000031718|100.00
11032026|800324|0000000000000018|0000000000285532|0000000000000018|0000000000285547|100.00
11032026|800325|0000000000000474|0000000007526580|0000000000000514|0000000008159498|092.22
11032026|800327|0000000000000008|0000000000127196|0000000000000008|0000000000127076|100.00
11032026|800329|0000000000000015|0000000000238493|0000000000000015|0000000000237312|100.00
11032026|800331|0000000000000111|0000000001764745|0000000000000111|0000000001755539|100.00
11032026|800333|0000000000000002|0000000000031602|0000000000000002|0000000000031602|100.00
11032026|800340|0000000000000067|0000000001069823|0000000000000086|0000000001367148|077.91
11032026|800341|0000000000000074|0000000001171568|0000000000000076|0000000001202516|097.37
11032026|800342|0000000000000011|0000000000174077|0000000000000011|0000000000174002|100.00
11032026|800386|0000000000000003|0000000000047796|0000000000000003|0000000000047796|100.00
11032026|800428|0000000000000025|0000000000001900|0000000000000025|0000000000001900|100.00
11032026|800434|0000000000000005|0000000000081395|0000000000000005|0000000000081394|100.00
11032026|800436|0000000000002040|0000000000194208|0000000000002040|0000000000194228|100.00
11032026|800437|0000000000000059|0000000000937310|0000000000000073|0000000001157976|080.82
11032026|800438|0000000000000013|0000000000206700|0000000000000013|0000000000206619|100.00
11032026|800439|0000000000000013|0000000000203125|0000000000000013|0000000000206122|100.00
11032026|800441|0000000000016100|0000000001733970|0000000000019506|0000000002101806|082.54
11032026|800442|0000000000001000|0000000000103350|0000000000001000|0000000000103350|100.00
11032026|800443|0000000000000113|0000000001802354|0000000000000113|0000000001802269|100.00
11032026|800488|0000000000000002|0000000000031762|0000000000000002|0000000000031861|100.00
11032026|800573|0000000000000001|0000000000015999|0000000000000001|0000000000015999|100.00
11032026|800580|0000000000000028|0000000000451136|0000000000000034|0000000000550343|082.35
11032026|800588|0000000000024803|0000000002446816|0000000000025032|0000000002470080|099.09
11032026|800596|0000000000000141|0000000002284100|0000000000000199|0000000003215417|070.85
11032026|800603|0000000000000480|0000000007772972|0000000000000637|0000000010322253|075.35
11032026|800604|0000000000000100|0000000000010295|0000000000000100|0000000000010295|100.00
11032026|800605|0000000000000405|0000000006811408|0000000000000439|0000000007365778|092.26
11032026|800607|0000000000002000|0000000000201700|0000000000002000|0000000000201915|100.00
11032026|800808|0000000000001301|0000000000124753|0000000000001554|0000000000148080|083.72
11032026|800809|0000000000002240|0000000000222208|0000000000002340|0000000000232113|095.73
11032026|890197|0000000000071565|0000000000093035|0000000000098761|0000000000115861|072.46
11032026|890217|0000000000000214|0000000000013365|0000000000000217|0000000000012041|098.62
11032026|890221|0000000000001316|0000000000157789|0000000000001318|0000000000155456|099.85
11032026|890225|0000000000001080|0000000000005508|0000000000005551|0000000000031013|019.46
11032026|890228|0000000000001882|0000000000018237|0000000000002005|0000000000018767|093.87
11032026|890230|0000000000000327|0000000000042216|0000000000000499|0000000000066100|065.53
11032026|890231|0000000000000900|0000000000017786|0000000000000900|0000000000017786|100.00
11032026|890232|0000000000000765|0000000000081702|0000000000000765|0000000000081041|100.00
11032026|890233|0000000001203388|0000000001768981|0000000001210048|0000000001776904|099.45
11032026|935584|0000000000002999|0000000003454998|0000000000003176|0000000003663588|094.43
11032026|935638|0000000000057153|0000000062196753|0000000000060353|0000000065725814|094.70
11032026|935642|0000000000000180|0000000000196560|0000000000000201|0000000000219572|089.55
11032026|935666|0000000000000001|0000000000001122|0000000000000001|0000000000001122|100.00
11032026|935690|0000000000000990|0000000001075140|0000000000000990|0000000001075140|100.00
11032026|935752|0000000000000025|0000000000026582|0000000000000025|0000000000026622|100.00
11032026|935858|0000000000000414|0000000000424678|0000000000000464|0000000000475635|089.22
11032026|935860|0000000000000020|0000000000020400|0000000000000020|0000000000020400|100.00
11032026|935868|0000000000000054|0000000000055620|0000000000000108|0000000000110592|050.00
11032026|936044|0000000000000008|0000000000008520|0000000000000008|0000000000008495|100.00
11032026|936048|0000000000000110|0000000000117914|0000000000000642|0000000000716903|017.13
11032026|936130|0000000000001502|0000000001474964|0000000000001502|0000000001474862|100.00
11032026|936224|0000000000000100|0000000000108900|0000000000000100|0000000000108900|100.00
11032026|936320|0000000000000094|0000000000095551|0000000000000094|0000000000095526|100.00
11032026|936398|0000000000000010|0000000000010170|0000000000000010|0000000000010170|100.00
11032026|936412|0000000000000076|0000000000083449|0000000000000076|0000000000083460|100.00
11032026|936476|0000000000000011|0000000000011275|0000000000000011|0000000000011275|100.00
11032026|936492|0000000000000005|0000000000009830|0000000000000005|0000000000009830|100.00
11032026|936532|0000000000000038|0000000000040376|0000000000000048|0000000000051032|079.17
11032026|936722|0000000000000300|0000000000298500|0000000000000300|0000000000298500|100.00
11032026|936810|0000000000001000|0000000001057890|0000000000001315|0000000001379595|076.05
11032026|936959|0000000000000039|0000000000073703|0000000000000039|0000000000073702|100.00
11032026|936975|0000000000000954|0000000000944499|0000000000001805|0000000001778424|052.85
11032026|937093|0000000000000001|0000000000001030|0000000000000001|0000000000001030|100.00
11032026|937345|0000000000000570|0000000000554040|0000000000000570|0000000000555615|100.00
11032026|937373|0000000000000400|0000000000392800|0000000000000800|0000000000780799|050.00
11032026|937385|0000000000000050|0000000000049250|0000000000000100|0000000000098030|050.00
11032026|937453|0000000000000326|0000000000323389|0000000000000326|0000000000322980|100.00
11032026|937455|0000000000000202|0000000000201152|0000000000000202|0000000000201154|100.00
11032026|937467|0000000000000016|0000000000017024|0000000000000016|0000000000017028|100.00
11032026|937469|0000000000000500|0000000000515750|0000000000000500|0000000000515751|100.00
11032026|937495|0000000000000158|0000000000157060|0000000000000158|0000000000157149|100.00
11032026|937497|0000000000000176|0000000000189376|0000000000000176|0000000000189290|100.00
11032026|937501|0000000000000009|0000000000008640|0000000000000009|0000000000008640|100.00
11032026|937525|0000000000000017|0000000000018068|0000000000000017|0000000000018067|100.00
11032026|937537|0000000000000202|0000000000217765|0000000000000202|0000000000217764|100.00
11032026|937577|0000000000000400|0000000000416944|0000000000000400|0000000000416945|100.00
11032026|937619|0000000000000300|0000000000309993|0000000000000300|0000000000309993|100.00
11032026|937621|0000000000000311|0000000000310344|0000000000000311|0000000000310385|100.00
11032026|937631|0000000000000276|0000000000275448|0000000000000276|0000000000273768|100.00
11032026|937633|0000000000000001|0000000000001035|0000000000000001|0000000000001035|100.00
11032026|937637|0000000000000047|0000000000045731|0000000000000047|0000000000045735|100.00
11032026|937639|0000000000000050|0000000000049640|0000000000000050|0000000000049640|100.00
11032026|937707|0000000000000104|0000000000106788|0000000000000104|0000000000106787|100.00
11032026|937783|0000000000000190|0000000000277058|0000000000000190|0000000000277058|100.00
11032026|937801|0000000000000902|0000000000902181|0000000000000902|0000000000902180|100.00
11032026|937831|0000000000001276|0000000001263240|0000000000001276|0000000001262120|100.00
11032026|937999|0000000000000184|0000000000180688|0000000000000184|0000000000180865|100.00
11032026|938073|0000000000000093|0000000000098390|0000000000000093|0000000000098389|100.00
11032026|938077|0000000000000100|0000000000128109|0000000000000100|0000000000128109|100.00
11032026|938111|0000000000004477|0000000004535201|0000000000007777|0000000007841101|057.57
11032026|938123|0000000000000487|0000000000477509|0000000000000487|0000000000477508|100.00
11032026|938180|0000000000000570|0000000000556263|0000000000000570|0000000000556263|100.00
11032026|938196|0000000000000069|0000000000069000|0000000000000069|0000000000069000|100.00
11032026|938212|0000000000000045|0000000000044636|0000000000000045|0000000000044635|100.00
11032026|938214|0000000000000050|0000000000051250|0000000000000050|0000000000051250|100.00
11032026|938218|0000000000000001|0000000000000980|0000000000000002|0000000000001959|050.00
11032026|938226|0000000000001373|0000000000578185|0000000000001373|0000000000576157|100.00
11032026|938256|0000000000000049|0000000000048069|0000000000000049|0000000000048074|100.00
11032026|938258|0000000000000128|0000000000124800|0000000000000128|0000000000124800|100.00
11032026|938264|0000000000000010|0000000000010100|0000000000000010|0000000000010100|100.00
11032026|938364|0000000000000124|0000000000123504|0000000000000124|0000000000123704|100.00
11032026|938370|0000000000000595|0000000000583095|0000000000000595|0000000000583104|100.00
11032026|938382|0000000000000199|0000000000197010|0000000000000199|0000000000197010|100.00
11032026|938384|0000000000000318|0000000000326586|0000000000000318|0000000000326586|100.00
11032026|938386|0000000000000354|0000000000470820|0000000000000354|0000000000470820|100.00
11032026|938434|0000000000000100|0000000000099351|0000000000000100|0000000000099351|100.00
11032026|938436|0000000000000316|0000000000315368|0000000000000316|0000000000315368|100.00
11032026|938440|0000000000000006|0000000000005766|0000000000000006|0000000000005766|100.00
11032026|938444|0000000000000001|0000000000001258|0000000000000001|0000000000001258|100.00
11032026|938518|0000000000000329|0000000000328060|0000000000000329|0000000000328917|100.00
11032026|938522|0000000000000075|0000000000096045|0000000000000075|0000000000096045|100.00
11032026|938524|0000000000000025|0000000000024751|0000000000000025|0000000000024750|100.00
11032026|938532|0000000000000644|0000000000685216|0000000000000644|0000000000682361|100.00
11032026|938556|0000000000000200|0000000000211440|0000000000000200|0000000000211440|100.00
11032026|938570|0000000000000010|0000000000009800|0000000000000010|0000000000009800|100.00
11032026|938604|0000000000000010|0000000000009920|0000000000000010|0000000000009945|100.00
11032026|938622|0000000000000010|0000000000012900|0000000000000010|0000000000012900|100.00
11032026|938634|0000000000000026|0000000000027170|0000000000000026|0000000000027170|100.00
11032026|938644|0000000000000001|0000000000001000|0000000000000001|0000000000001000|100.00
11032026|938652|0000000000000567|0000000000562464|0000000000000914|0000000000905591|062.04
11032026|938654|0000000000000133|0000000000140289|0000000000000133|0000000000140281|100.00
11032026|938662|0000000000000100|0000000000125210|0000000000000100|0000000000125210|100.00
11032026|938666|0000000000000185|0000000000189107|0000000000000185|0000000000189107|100.00
11032026|938686|0000000000000020|0000000000007260|0000000000000020|0000000000007260|100.00
11032026|938694|0000000000000003|0000000000002250|0000000000000003|0000000000002250|100.00
11032026|938862|0000000000000030|0000000000030720|0000000000000030|0000000000030720|100.00
11032026|938868|0000000000000031|0000000000030850|0000000000000031|0000000000030849|100.00
11032026|938878|0000000000000190|0000000000232750|0000000000000190|0000000000232750|100.00
11032026|938888|0000000000000029|0000000000034800|0000000000000029|0000000000034800|100.00
11032026|938900|0000000000000150|0000000000153630|0000000000000150|0000000000153630|100.00
11032026|938906|0000000000000010|0000000000010002|0000000000000010|0000000000010002|100.00
11032026|938912|0000000000000001|0000000000001018|0000000000000001|0000000000001017|100.00
11032026|938990|0000000000000006|0000000000004740|0000000000000006|0000000000004740|100.00
11032026|938994|0000000000000001|0000000000000799|0000000000000001|0000000000000799|100.00
11032026|938998|0000000000000013|0000000000012831|0000000000000013|0000000000012831|100.00
11032026|939002|0000000000000010|0000000000009480|0000000000000010|0000000000009480|100.00
11032026|939140|0000000000000005|0000000000004985|0000000000000005|0000000000004985|100.00
11032026|939148|0000000000000050|0000000000050501|0000000000000050|0000000000050500|100.00
11032026|939168|0000000000000015|0000000000015000|0000000000000015|0000000000015370|100.00
11032026|939190|0000000000000130|0000000000128700|0000000000000130|0000000000128850|100.00
11032026|939196|0000000000000200|0000000000199760|0000000000000200|0000000000199760|100.00
11032026|939200|0000000000000300|0000000000349500|0000000000000300|0000000000349500|100.00
11032026|939202|0000000000000015|0000000000014850|0000000000000016|0000000000014460|093.75
11032026|939208|0000000000000015|0000000000015300|0000000000000015|0000000000015300|100.00
11032026|939228|0000000000000354|0000000000363912|0000000000000354|0000000000363912|100.00
11032026|939297|0000000000000055|0000000000055006|0000000000000055|0000000000055005|100.00
11032026|939309|0000000000000020|0000000000019800|0000000000000020|0000000000018220|100.00
11032026|939335|0000000000000002|0000000000002020|0000000000000002|0000000000002020|100.00
11032026|939427|0000000000000225|0000000000224325|0000000000000225|0000000000224325|100.00
11032026|939437|0000000000000005|0000000000004851|0000000000000005|0000000000004851|100.00
11032026|939449|0000000000000103|0000000000101993|0000000000000103|0000000000102043|100.00
11032026|939483|0000000000000010|0000000000011311|0000000000000010|0000000000011310|100.00
11032026|939541|0000000000000389|0000000000381294|0000000000000389|0000000000381545|100.00
11032026|939589|0000000000000020|0000000000020010|0000000000000020|0000000000020010|100.00
11032026|939591|0000000000000167|0000000000175183|0000000000000167|0000000000174860|100.00
11032026|939615|0000000000000200|0000000000227710|0000000000000250|0000000000285232|080.00
11032026|939617|0000000000000500|0000000000494750|0000000000000691|0000000000682494|072.36
11032026|939623|0000000000000347|0000000000347000|0000000000000347|0000000000348000|100.00
11032026|939633|0000000000000009|0000000000009270|0000000000000009|0000000000009270|100.00
11032026|939639|0000000000000072|0000000000075456|0000000000000072|0000000000075476|100.00
11032026|939643|0000000000000302|0000000000352736|0000000000000302|0000000000352736|100.00
11032026|939657|0000000000000150|0000000000153000|0000000000000150|0000000000153000|100.00
11032026|939715|0000000000000030|0000000000031080|0000000000000030|0000000000031080|100.00
11032026|939733|0000000000000120|0000000000129600|0000000000000120|0000000000129550|100.00
11032026|939741|0000000000000073|0000000000073000|0000000000000073|0000000000073000|100.00
11032026|939743|0000000000001000|0000000001000000|0000000000001000|0000000001000000|100.00
11032026|939755|0000000000000015|0000000000016608|0000000000000015|0000000000016608|100.00
11032026|939789|0000000000000208|0000000000203216|0000000000000208|0000000000203216|100.00
11032026|939803|0000000000000607|0000000000619747|0000000000000611|0000000000616206|099.35
11032026|939831|0000000000000100|0000000000104000|0000000000000100|0000000000104462|100.00
11032026|939855|0000000000000001|0000000000001009|0000000000000001|0000000000001008|100.00
11032026|939859|0000000000000301|0000000000313492|0000000000000301|0000000000313491|100.00
11032026|939863|0000000000000201|0000000000198990|0000000000000201|0000000000199449|100.00
11032026|939869|0000000000000377|0000000000377754|0000000000000377|0000000000378654|100.00
11032026|939871|0000000000000127|0000000000130429|0000000000000127|0000000000130701|100.00
11032026|939901|0000000000000005|0000000000005805|0000000000000005|0000000000005805|100.00
11032026|939979|0000000000000086|0000000000087935|0000000000000086|0000000000087935|100.00
11032026|939983|0000000000000005|0000000000004925|0000000000000005|0000000000004925|100.00
11032026|940053|0000000000000019|0000000000018845|0000000000000019|0000000000018844|100.00
11032026|940057|0000000000000100|0000000000100000|0000000000000100|0000000000100000|100.00
11032026|940067|0000000000000035|0000000000035851|0000000000000035|0000000000035937|100.00
11032026|940115|0000000000000110|0000000000111991|0000000000000110|0000000000110181|100.00
11032026|940157|0000000000000005|0000000000005225|0000000000000005|0000000000005225|100.00
11032026|940179|0000000000000120|0000000000129120|0000000000000120|0000000000129120|100.00
11032026|940227|0000000000000007|0000000000007126|0000000000000007|0000000000007126|100.00
11032026|940231|0000000000000030|0000000000029100|0000000000000030|0000000000029115|100.00
11032026|940233|0000000000000100|0000000000106380|0000000000000200|0000000000211200|050.00
11032026|940235|0000000000000075|0000000000074175|0000000000000075|0000000000074175|100.00
11032026|940239|0000000000000050|0000000000053400|0000000000000050|0000000000053400|100.00
11032026|940249|0000000000000010|0000000000010240|0000000000000010|0000000000010240|100.00
11032026|940269|0000000000001200|0000000001162200|0000000000001200|0000000001162200|100.00
11032026|940273|0000000000000277|0000000000277000|0000000000000277|0000000000277000|100.00
11032026|940279|0000000000000016|0000000000015862|0000000000000016|0000000000015861|100.00
11032026|940299|0000000000000282|0000000000314430|0000000000000282|0000000000314430|100.00
11032026|940317|0000000000000550|0000000000591250|0000000000000571|0000000000619010|096.32
11032026|940323|0000000000000030|0000000000031800|0000000000000030|0000000000031800|100.00
11032026|940339|0000000000002005|0000000002005000|0000000000002005|0000000002005000|100.00
11032026|940347|0000000000000350|0000000000353500|0000000000000350|0000000000352500|100.00
11032026|940353|0000000000000060|0000000000062173|0000000000000060|0000000000062172|100.00
11032026|940361|0000000000000030|0000000000030120|0000000000000030|0000000000030120|100.00
11032026|940363|0000000000000010|0000000000010137|0000000000000010|0000000000010136|100.00
11032026|940375|0000000000000000|0000000000000000|0000000000000002|0000000000001940|000.00
11032026|940393|0000000000000001|0000000000001053|0000000000000001|0000000000001052|100.00
11032026|940409|0000000000000060|0000000000059100|0000000000000060|0000000000059100|100.00
11032026|940417|0000000000000025|0000000000026000|0000000000000025|0000000000026000|100.00
11032026|940427|0000000000000002|0000000000001978|0000000000000002|0000000000001978|100.00
11032026|940435|0000000000001373|0000000001414190|0000000000001373|0000000001414190|100.00
11032026|940437|0000000000000018|0000000000017280|0000000000000018|0000000000017280|100.00
11032026|940443|0000000000000200|0000000000199100|0000000000000200|0000000000199100|100.00
11032026|940445|0000000000000070|0000000000068670|0000000000000070|0000000000068670|100.00
11032026|940459|0000000000000130|0000000000133796|0000000000000130|0000000000133796|100.00
11032026|940465|0000000000000010|0000000000010450|0000000000000010|0000000000010450|100.00
11032026|940473|0000000000000089|0000000000093984|0000000000000089|0000000000094143|100.00
11032026|940479|0000000000000336|0000000000362880|0000000000000338|0000000000367677|099.41
11032026|940483|0000000000000020|0000000000020756|0000000000000020|0000000000020756|100.00
11032026|940501|0000000000000151|0000000000148184|0000000000000187|0000000000183512|080.75
11032026|940505|0000000000000009|0000000000009243|0000000000000009|0000000000009242|100.00
11032026|940515|0000000000000200|0000000000204264|0000000000000200|0000000000204264|100.00
11032026|940523|0000000000000003|0000000000002973|0000000000000003|0000000000002972|100.00
11032026|940541|0000000000000001|0000000000000929|0000000000000001|0000000000000929|100.00
11032026|940545|0000000000000100|0000000000104980|0000000000000100|0000000000104863|100.00
11032026|940555|0000000000000010|0000000000010102|0000000000000010|0000000000010102|100.00
11032026|940603|0000000000000038|0000000000037392|0000000000000038|0000000000037419|100.00
11032026|940619|0000000000000016|0000000000014784|0000000000000016|0000000000014507|100.00
11032026|940637|0000000000000041|0000000000040467|0000000000000042|0000000000041440|097.62
11032026|940643|0000000000000030|0000000000030216|0000000000000030|0000000000030340|100.00
11032026|940649|0000000000000096|0000000000094320|0000000000000096|0000000000095357|100.00
11032026|940655|0000000000000264|0000000000260040|0000000000000326|0000000000320730|080.98
11032026|940667|0000000000000100|0000000000100400|0000000000000100|0000000000100400|100.00
11032026|940673|0000000000000176|0000000000176000|0000000000000176|0000000000176000|100.00
11032026|940675|0000000000000001|0000000000000975|0000000000000001|0000000000000975|100.00
11032026|940683|0000000000000010|0000000000009952|0000000000000010|0000000000009952|100.00
11032026|940687|0000000000000050|0000000000025000|0000000000000050|0000000000025000|100.00
11032026|940699|0000000000000020|0000000000020500|0000000000000020|0000000000020400|100.00
11032026|940701|0000000000000002|0000000000001988|0000000000000002|0000000000001983|100.00
11032026|940709|0000000000000101|0000000000099586|0000000000000101|0000000000099613|100.00
11032026|940713|0000000000000337|0000000000339022|0000000000000380|0000000000380033|088.68
11032026|940715|0000000000000096|0000000000094274|0000000000000242|0000000000238366|039.67
11032026|940719|0000000000000100|0000000000100100|0000000000000100|0000000000100100|100.00
11032026|940725|0000000000000017|0000000000016830|0000000000000017|0000000000016860|100.00
11032026|940727|0000000000000500|0000000000502500|0000000000000500|0000000000502500|100.00
11032026|940731|0000000000000011|0000000000010562|0000000000000012|0000000000011770|091.67
11032026|940743|0000000000000110|0000000000108240|0000000000000110|0000000000108240|100.00
11032026|940753|0000000000000017|0000000000016579|0000000000000019|0000000000017985|089.47
11032026|940757|0000000000000012|0000000000010932|0000000000000012|0000000000010682|100.00
11032026|940777|0000000000000018|0000000000015246|0000000000000018|0000000000015245|100.00
11032026|940783|0000000000000005|0000000000004950|0000000000000005|0000000000004962|100.00
11032026|940795|0000000000000028|0000000000027440|0000000000000028|0000000000027530|100.00
11032026|940797|0000000000000027|0000000000027567|0000000000000027|0000000000027567|100.00
11032026|940799|0000000000000010|0000000000009670|0000000000000010|0000000000009717|100.00
11032026|940803|0000000000000001|0000000000000977|0000000000000001|0000000000000977|100.00
11032026|940807|0000000000000043|0000000000042785|0000000000000043|0000000000042785|100.00
11032026|940817|0000000000000006|0000000000005700|0000000000000006|0000000000005620|100.00
11032026|940819|0000000000000050|0000000000050000|0000000000000050|0000000000050000|100.00
11032026|940821|0000000000000150|0000000000144878|0000000000000150|0000000000144878|100.00
11032026|940823|0000000000000011|0000000000010902|0000000000000012|0000000000011951|091.67
11032026|940835|0000000000000035|0000000000034678|0000000000000035|0000000000034779|100.00
11032026|940837|0000000000000039|0000000000039000|0000000000000067|0000000000066586|058.21
11032026|940841|0000000000000089|0000000000089000|0000000000000089|0000000000089000|100.00
11032026|940859|0000000000000208|0000000000204048|0000000000000208|0000000000203859|100.00
11032026|940861|0000000000000005|0000000000004840|0000000000000005|0000000000004840|100.00
11032026|940862|0000000000000040|0000000000038800|0000000000000040|0000000000038800|100.00
11032026|940864|0000000000000120|0000000000118800|0000000000000120|0000000000118799|100.00
11032026|940870|0000000000000298|0000000000295020|0000000000000333|0000000000312329|089.49
11032026|940872|0000000000000501|0000000000480991|0000000000000501|0000000000480990|100.00
11032026|940882|0000000000000050|0000000000047550|0000000000000050|0000000000047550|100.00
11032026|940886|0000000000000009|0000000000008640|0000000000000009|0000000000008610|100.00
11032026|940898|0000000000000312|0000000000297960|0000000000000312|0000000000298341|100.00
11032026|940902|0000000000000118|0000000000112100|0000000000000118|0000000000112294|100.00
11032026|940904|0000000000000017|0000000000016728|0000000000000017|0000000000016728|100.00
11032026|940915|0000000000000002|0000000000001858|0000000000000002|0000000000001858|100.00
11032026|940921|0000000000000084|0000000000010500|0000000000000084|0000000000010499|100.00
11032026|940923|0000000000000073|0000000000009125|0000000000000073|0000000000009124|100.00
11032026|940929|0000000000000036|0000000000004492|0000000000000036|0000000000004493|100.00
11032026|940937|0000000000000100|0000000000099000|0000000000000100|0000000000099000|100.00
11032026|940939|0000000000000010|0000000000009200|0000000000000010|0000000000009323|100.00
11032026|954527|0000000000000051|0000000013354554|0000000000000051|0000000013354554|100.00
11032026|958685|0000000000000008|0000000004603336|0000000000000008|0000000004603336|100.00
11032026|959041|0000000000000001|0000000001033101|0000000000000001|0000000001033100|100.00
11032026|960353|0000000000000001|0000000000900000|0000000000000001|0000000000900000|100.00
11032026|961713|0000000000000003|0000000000016155|0000000000000003|0000000000016155|100.00
11032026|961714|0000000000000003|0000000000049350|0000000000000003|0000000000049350|100.00
11032026|961730|0000000000000874|0000000000921633|0000000000000874|0000000000921633|100.00
11032026|961732|0000000000000395|0000000000417515|0000000000000395|0000000000417515|100.00
11032026|961744|0000000000000100|0000000000107948|0000000000000100|0000000000107947|100.00
11032026|961753|0000000000000025|0000000000026100|0000000000000025|0000000000026100|100.00
11032026|961756|0000000000000500|0000000000529540|0000000000000500|0000000000529540|100.00
11032026|961765|0000000000002000|0000000002076360|0000000000006000|0000000006250240|033.33
11032026|961779|0000000000000325|0000000000355875|0000000000000325|0000000000355875|100.00
11032026|961785|0000000000000100|0000000000110401|0000000000000100|0000000000110401|100.00
11032026|961798|0000000000000508|0000000000620014|0000000000000508|0000000000619864|100.00
11032026|961803|0000000000000453|0000000000497847|0000000000000453|0000000000497454|100.00
11032026|961804|0000000000000343|0000000000423571|0000000000000368|0000000000454284|093.21
11032026|961810|0000000000000020|0000000000024580|0000000000000020|0000000000024580|100.00
11032026|961815|0000000000000010|0000000000010950|0000000000000010|0000000000010950|100.00
11032026|961822|0000000000000126|0000000000152959|0000000000000130|0000000000157847|096.92
11032026|961830|0000000000000494|0000000000575510|0000000000000494|0000000000574433|100.00
11032026|961839|0000000000000001|0000000000001090|0000000000000001|0000000000001090|100.00
11032026|961851|0000000000001575|0000000001708875|0000000000001578|0000000001678438|099.81
11032026|961853|0000000000000360|0000000000415800|0000000000000360|0000000000415800|100.00
11032026|961895|0000000000002000|0000000002331480|0000000000002000|0000000002329740|100.00
11032026|972655|0000000000000040|0000000001744040|0000000000000040|0000000001741010|100.00
11032026|972657|0000000000000010|0000000000106150|0000000000000010|0000000000106150|100.00
11032026|972691|0000000000000010|0000000000101700|0000000000000010|0000000000101700|100.00
11032026|972716|0000000000000005|0000000000025136|0000000000000005|0000000000025134|100.00
11032026|973078|0000000000000004|0000000003380000|0000000000000004|0000000003380000|100.00
11032026|973201|0000000000000002|0000000001080518|0000000000000002|0000000001080518|100.00
11032026|973491|0000000000001049|0000000000813238|0000000000001049|0000000000812963|100.00
11032026|973876|0000000000000001|0000000001042501|0000000000000001|0000000001042500|100.00
11032026|973878|0000000000000001|0000000001058000|0000000000000001|0000000001058000|100.00
11032026|974072|0000000000000001|0000000001058263|0000000000000001|0000000001058262|100.00
11032026|974447|0000000000000001|0000000000753171|0000000000000001|0000000000753170|100.00
11032026|974516|0000000000000480|0000000061920000|0000000000000480|0000000061920000|100.00
11032026|974635|0000000000001377|0000000183851532|0000000000001440|0000000192161162|095.62
11032026|974998|0000000000000003|0000000000311730|0000000000000003|0000000000310820|100.00
11032026|975012|0000000000000001|0000000000100080|0000000000000001|0000000000100080|100.00
11032026|975033|0000000000000001|0000000000081000|0000000000000001|0000000000081000|100.00
11032026|975235|0000000000000001|0000000000102000|0000000000000001|0000000000102000|100.00
11032026|975236|0000000000000001|0000000000101000|0000000000000001|0000000000101000|100.00
11032026|975251|0000000000000006|0000000000600000|0000000000000006|0000000000600000|100.00
11032026|975562|0000000000000003|0000000000295533|0000000000000003|0000000000295532|100.00
11032026|975640|0000000000000150|0000000015147300|0000000000000150|0000000015147300|100.00
11032026|975690|0000000000000005|0000000000537500|0000000000000005|0000000000537500|100.00
11032026|975694|0000000000000085|0000000010238930|0000000000000085|0000000010238930|100.00
11032026|975733|0000000000000004|0000000000408000|0000000000000004|0000000000408000|100.00
11032026|975739|0000000000000001|0000000000099791|0000000000000001|0000000000099791|100.00
11032026|975746|0000000000000026|0000000002574000|0000000000000026|0000000002574000|100.00
11032026|975792|0000000000000001|0000000000099500|0000000000000001|0000000000099500|100.00
11032026|975799|0000000000000001|0000000000099776|0000000000000001|0000000000099775|100.00
11032026|976035|0000000000000001|0000000000099155|0000000000000001|0000000000099154|100.00
11032026|976048|0000000000000023|0000000000114425|0000000000000026|0000000000123015|088.46
11032026|976049|0000000000000001|0000000000026880|0000000000000001|0000000000026880|100.00
11032026|976085|0000000000000001|0000000000102982|0000000000000001|0000000000102981|100.00
11032026|976231|0000000000000001|0000000000033500|0000000000000001|0000000000033500|100.00
11032026|976248|0000000000000306|0000000034781796|0000000000000310|0000000035233236|098.71
11032026|976261|0000000000000001|0000000000009501|0000000000000001|0000000000009501|100.00
11032026|976275|0000000000000007|0000000000069657|0000000000000007|0000000000069657|100.00
11032026|976288|0000000000000001|0000000000101500|0000000000000001|0000000000101500|100.00
11032026|976291|0000000000000002|0000000000204310|0000000000000002|0000000000204310|100.00
11032026|976325|0000000000000024|0000000000240048|0000000000000024|0000000000240232|100.00
11032026|976352|0000000000000001|0000000000101000|0000000000000001|0000000000101000|100.00
11032026|976423|0000000000000042|0000000000419877|0000000000000052|0000000000517954|080.77
11032026|976437|0000000000000125|0000000001247500|0000000000000130|0000000001296627|096.15
11032026|976448|0000000000000003|0000000000299865|0000000000000003|0000000000299865|100.00
11032026|976483|0000000000000001|0000000000098785|0000000000000001|0000000000098784|100.00
11032026|976489|0000000000000010|0000000000099850|0000000000000010|0000000000099850|100.00
11032026|976492|0000000000000020|0000000000190080|0000000000000020|0000000000190080|100.00
11032026|976533|0000000000000005|0000000000500000|0000000000000005|0000000000500000|100.00
11032026|976660|0000000000000004|0000000000037802|0000000000000006|0000000000057102|066.67
11032026|976675|0000000000000006|0000000000595778|0000000000000006|0000000000595777|100.00
11032026|976685|0000000000000010|0000000000099543|0000000000000010|0000000000099542|100.00
11032026|976690|0000000000000007|0000000000695100|0000000000000007|0000000000695099|100.00
11032026|976712|0000000000000115|0000000001164375|0000000000000115|0000000001164275|100.00
11032026|976737|0000000000000001|0000000000003000|0000000000000001|0000000000003000|100.00
11032026|976751|0000000000000001|0000000000099500|0000000000000001|0000000000099500|100.00
11032026|976752|0000000000000004|0000000000397455|0000000000000004|0000000000395461|100.00
11032026|976808|0000000000000093|0000000000930098|0000000000000097|0000000000972903|095.88
11032026|976896|0000000000000001|0000000000106800|0000000000000001|0000000000106800|100.00
11032026|976905|0000000000000017|0000000000164248|0000000000000017|0000000000164247|100.00
11032026|976924|0000000000000002|0000000000019400|0000000000000002|0000000000019450|100.00
11032026|976929|0000000000000001|0000000000100070|0000000000000001|0000000000100070|100.00
11032026|976930|0000000000000080|0000000007944000|0000000000000080|0000000007944072|100.00
11032026|976940|0000000000000003|0000000000293499|0000000000000003|0000000000293499|100.00
11032026|976970|0000000000000006|0000000000606646|0000000000000006|0000000000606645|100.00
11032026|976985|0000000000000033|0000000003512223|0000000000000033|0000000003512223|100.00
11032026|977001|0000000000000002|0000000000200000|0000000000000002|0000000000196001|100.00
11032026|977017|0000000000000131|0000000001302795|0000000000000144|0000000001432515|090.97
11032026|977022|0000000000000001|0000000000099550|0000000000000001|0000000000099550|100.00
11032026|977023|0000000000000001|0000000000099600|0000000000000001|0000000000099600|100.00
11032026|977044|0000000000000011|0000000000107306|0000000000000011|0000000000107934|100.00
11032026|977073|0000000000000004|0000000000397481|0000000000000004|0000000000397510|100.00
11032026|977075|0000000000000047|0000000004710676|0000000000000047|0000000004710439|100.00
11032026|977117|0000000000000001|0000000000098401|0000000000000001|0000000000098401|100.00
11032026|977144|0000000000000003|0000000000306049|0000000000000003|0000000000306048|100.00
11032026|977176|0000000000000011|0000000000083600|0000000000000011|0000000000084600|100.00
11032026|977205|0000000000000001|0000000000009810|0000000000000001|0000000000009810|100.00
11032026|977226|0000000000000013|0000000001323238|0000000000000014|0000000001425747|092.86
11032026|977241|0000000000000020|0000000000196980|0000000000000020|0000000000196980|100.00
11032026|977249|0000000000000071|0000000000700002|0000000000000071|0000000000700001|100.00
11032026|977262|0000000000000001|0000000000100968|0000000000000001|0000000000100967|100.00
11032026|977298|0000000000000068|0000000000645983|0000000000000069|0000000000655207|098.55
11032026|977309|0000000000000001|0000000000009733|0000000000000002|0000000000019528|050.00
11032026|977325|0000000000000001|0000000000098799|0000000000000001|0000000000098799|100.00
11032026|977331|0000000000000004|0000000000400000|0000000000000004|0000000000400000|100.00
11032026|977335|0000000000000000|0000000000000000|0000000000000076|0000000007659698|000.00
11032026|977367|0000000000000022|0000000000216062|0000000000000022|0000000000214386|100.00
11032026|977379|0000000000000001|0000000000098787|0000000000000001|0000000000098786|100.00
11032026|977382|0000000000000010|0000000000097670|0000000000000010|0000000000097670|100.00
11032026|977383|0000000000000000|0000000000000000|0000000000000002|0000000000015500|000.00
11032026|977397|0000000000000001|0000000000099700|0000000000000001|0000000000099700|100.00
11032026|977411|0000000000000003|0000000000029850|0000000000000003|0000000000029850|100.00
11032026|977419|0000000000000001|0000000000076200|0000000000000001|0000000000076200|100.00
11032026|977424|0000000000000026|0000000002652000|0000000000000026|0000000002652000|100.00
11032026|977445|0000000000000007|0000000000062169|0000000000000007|0000000000062168|100.00
11032026|977474|0000000000000006|0000000000617301|0000000000000006|0000000000617297|100.00
11032026|977477|0000000000000042|0000000000419753|0000000000000042|0000000000420227|100.00
11032026|977486|0000000000000005|0000000000495568|0000000000000005|0000000000495567|100.00
11032026|977495|0000000000000002|0000000000199998|0000000000000002|0000000000196099|100.00
11032026|977508|0000000000000001|0000000000010100|0000000000000001|0000000000010100|100.00
11032026|977532|0000000000000015|0000000001514865|0000000000000015|0000000001514793|100.00
11032026|977535|0000000000000010|0000000000099618|0000000000000010|0000000000099617|100.00
11032026|977576|0000000000000002|0000000000019860|0000000000000002|0000000000019870|100.00
