DATE|SCRIP CODE|DELIVERY QTY|DELIVERY VAL|DAY'S VOLUME|DAY'S TURNOVER|DELV. PER.
23022026|544262|0000000000003467|0000000000427482|0000000000003711|0000000000455564|093.42
23022026|544263|0000000000517954|0000000475352284|0000000001469411|0000001350384375|035.25
23022026|544264|0000000000000403|0000000000107944|0000000000000447|0000000000120315|090.16
23022026|544265|0000000000001200|0000000000108000|0000000000001200|0000000000108000|100.00
23022026|544266|0000000000000161|0000000000015764|0000000000000205|0000000000020201|078.54
23022026|544267|0000000000032800|0000000005643240|0000000000039200|0000000006745400|083.67
23022026|544268|0000000000487493|0000000005854791|0000000000883667|0000000010625604|055.17
23022026|544269|0000000000012000|0000000000129600|0000000000018000|0000000000187740|066.67
23022026|544271|0000000000006406|0000000001180947|0000000000017481|0000000003244544|036.65
23022026|544272|0000000000004400|0000000000546480|0000000000004400|0000000000548760|100.00
23022026|544273|0000000000003522|0000000000041173|0000000000003723|0000000000043545|094.60
23022026|544274|0000000000017169|0000000039232024|0000000000034863|0000000078825861|049.25
23022026|544275|0000000000024733|0000000000406116|0000000000028113|0000000000454731|087.98
23022026|544276|0000000000000844|0000000000071200|0000000000001034|0000000000087873|081.62
23022026|544277|0000000000017185|0000000050109742|0000000000042982|0000000124873689|039.98
23022026|544278|0000000000000789|0000000000071121|0000000000000861|0000000000078078|091.64
23022026|544279|0000000000001655|0000000000466462|0000000000002103|0000000000599079|078.70
23022026|544280|0000000000020827|0000000006513645|0000000000031670|0000000009948309|065.76
23022026|544281|0000000000157309|0000000003227981|0000000000197763|0000000004182048|079.54
23022026|544282|0000000000708853|0000000030728778|0000000001380622|0000000061131717|051.34
23022026|544283|0000000000010894|0000000002518149|0000000000020596|0000000004792473|052.89
23022026|544284|0000000000004287|0000000004603424|0000000000004287|0000000004603423|100.00
23022026|544285|0000000000070661|0000000022678648|0000000000141717|0000000045464099|049.86
23022026|544286|0000000000007346|0000000000558811|0000000000008245|0000000000629446|089.10
23022026|544288|0000000000014311|0000000008763341|0000000000029721|0000000018044113|048.15
23022026|544289|0000000000059911|0000000005413558|0000000000131647|0000000011882527|045.51
23022026|544290|0000000000010893|0000000001780461|0000000000035065|0000000005759193|031.07
23022026|544291|0000000000006300|0000000006110370|0000000000008300|0000000008074010|075.90
23022026|544292|0000000000002813|0000000003725678|0000000000009539|0000000012215639|029.49
23022026|544293|0000000000000414|0000000000117680|0000000000000456|0000000000129448|090.79
23022026|544294|0000000000001131|0000000000776036|0000000000002236|0000000001516519|050.58
23022026|544295|0000000000000002|0000000002110000|0000000000000002|0000000002109999|100.00
23022026|544296|0000000000016400|0000000004587080|0000000000024000|0000000006825040|068.33
23022026|544301|0000000000002916|0000000000077916|0000000000003422|0000000000093143|085.21
23022026|544302|0000000000000650|0000000000274105|0000000000000652|0000000000271661|099.69
23022026|544303|0000000000000600|0000000000189000|0000000000000900|0000000000283845|066.67
23022026|544304|0000000000017600|0000000000795696|0000000000020800|0000000000943872|084.62
23022026|544305|0000000000019685|0000000003970465|0000000000038623|0000000007889854|050.97
23022026|544306|0000000000006754|0000000006536859|0000000000012062|0000000011612873|055.99
23022026|544307|0000000000060650|0000000007293163|0000000000139524|0000000016505893|043.47
23022026|544308|0000000000070812|0000000003917551|0000000000070812|0000000003917551|100.00
23022026|544309|0000000000002944|0000000004538176|0000000000005133|0000000007966747|057.35
23022026|544310|0000000000020750|0000000009689213|0000000000035000|0000000016373950|059.29
23022026|544311|0000000000048153|0000000016071064|0000000000071455|0000000024187331|067.39
23022026|544314|0000000000000266|0000000000109060|0000000000000289|0000000000119045|092.04
23022026|544315|0000000000006809|0000000002190115|0000000000009530|0000000003131314|071.45
23022026|544316|0000000000015822|0000000002537849|0000000000020800|0000000003368351|076.07
23022026|544317|0000000000010268|0000000005774210|0000000000019317|0000000010937734|053.16
23022026|544318|0000000000009527|0000000004097563|0000000000015658|0000000006670654|060.84
23022026|544319|0000000000001906|0000000001512126|0000000000002813|0000000002248112|067.76
23022026|544320|0000000000000799|0000000000424509|0000000000001593|0000000000847897|050.16
23022026|544321|0000000000000921|0000000000645852|0000000000001567|0000000001109498|058.77
23022026|544322|0000000000001200|0000000001087860|0000000000002552|0000000002305284|047.02
23022026|544323|0000000000001438|0000000000016408|0000000000001536|0000000000017483|093.62
23022026|544324|0000000000006000|0000000000102000|0000000000008000|0000000000140000|075.00
23022026|544325|0000000000234937|0000000042500104|0000000000471102|0000000085976753|049.87
23022026|544326|0000000000016543|0000000000405800|0000000000018204|0000000000447782|090.88
23022026|544328|0000000000010298|0000000001473129|0000000000026130|0000000003826511|039.41
23022026|544329|0000000000012000|0000000000672000|0000000000012000|0000000000670000|100.00
23022026|544332|0000000000004800|0000000001221360|0000000000004800|0000000001215240|100.00
23022026|544333|0000000000003742|0000000000470931|0000000000004720|0000000000595268|079.28
23022026|544334|0000000000004500|0000000000280935|0000000000009000|0000000000551752|050.00
23022026|544336|0000000000011151|0000000003298466|0000000000018828|0000000005594647|059.23
23022026|544338|0000000000011693|0000000000829970|0000000000013252|0000000000942563|088.24
23022026|544339|0000000000003058|0000000000587748|0000000000006687|0000000001291646|045.73
23022026|544340|0000000000006400|0000000000291200|0000000000006400|0000000000290400|100.00
23022026|544341|0000000000070400|0000000002687872|0000000000075200|0000000002866016|093.62
23022026|544342|0000000000012761|0000000001646808|0000000000012763|0000000001647065|099.98
23022026|544343|0000000000060800|0000000005316960|0000000000066000|0000000005904084|092.12
23022026|544344|0000000000001309|0000000004025045|0000000000004024|0000000012363473|032.53
23022026|544345|0000000000003665|0000000000923031|0000000000005099|0000000001297918|071.88
23022026|544346|0000000000001017|0000000000168615|0000000000001017|0000000000168615|100.00
23022026|544347|0000000000001200|0000000000384000|0000000000001400|0000000000450580|085.71
23022026|544348|0000000000036000|0000000001408260|0000000000036000|0000000001408260|100.00
23022026|544349|0000000000001600|0000000000080000|0000000000001600|0000000000080000|100.00
23022026|544350|0000000000002609|0000000001153700|0000000000005236|0000000002318874|049.83
23022026|544351|0000000000001600|0000000000115920|0000000000001600|0000000000115920|100.00
23022026|544352|0000000000000011|0000000000000455|0000000000000011|0000000000000454|100.00
23022026|544353|0000000000003600|0000000000129600|0000000000004800|0000000000169680|075.00
23022026|544354|0000000000027300|0000000004489485|0000000000036000|0000000005993130|075.83
23022026|544355|0000000000000046|0000000000086039|0000000000000046|0000000000085769|100.00
23022026|544356|0000000000000705|0000000000345521|0000000000001069|0000000000523924|065.95
23022026|544361|0000000000008396|0000000001438234|0000000000008396|0000000001438234|100.00
23022026|544362|0000000000060333|0000000030389733|0000000000128225|0000000064731395|047.05
23022026|544363|0000000000000095|0000000000014687|0000000000000107|0000000000016454|088.78
23022026|544364|0000000000000071|0000000000017697|0000000000000125|0000000000031619|056.80
23022026|544365|0000000000004000|0000000000165200|0000000000004000|0000000000165200|100.00
23022026|544367|0000000000014285|0000000012617227|0000000000027576|0000000024873189|051.80
23022026|544369|0000000000008000|0000000001786800|0000000000013600|0000000003063960|058.82
23022026|544371|0000000000000785|0000000000049754|0000000000000809|0000000000051908|097.03
23022026|544372|0000000000012000|0000000000156600|0000000000012000|0000000000157200|100.00
23022026|544375|0000000000002480|0000000000378250|0000000000003516|0000000000537227|070.53
23022026|544376|0000000000000627|0000000000027168|0000000000000627|0000000000027158|100.00
23022026|544377|0000000000001211|0000000000016216|0000000000001251|0000000000016849|096.80
23022026|544378|0000000000001000|0000000000059500|0000000000001000|0000000000059500|100.00
23022026|544379|0000000000003599|0000000000644042|0000000000004869|0000000000928747|073.92
23022026|544380|0000000000000239|0000000000251137|0000000000000440|0000000000462336|054.32
23022026|544381|0000000000012000|0000000000440880|0000000000013200|0000000000483252|090.91
23022026|544382|0000000000001031|0000000000035168|0000000000001035|0000000000035142|099.61
23022026|544383|0000000000010800|0000000001760400|0000000000016800|0000000002726520|064.29
23022026|544384|0000000000828858|0000000021989603|0000000001567350|0000000041695832|052.88
23022026|544385|0000000000024705|0000000001408185|0000000000025578|0000000001457851|096.59
23022026|544387|0000000000005500|0000000000870650|0000000000006000|0000000000960775|091.67
23022026|544388|0000000000018000|0000000001301760|0000000000022000|0000000001591120|081.82
23022026|544389|0000000000013358|0000000003448368|0000000000017999|0000000004671397|074.22
23022026|544390|0000000000004708|0000000013259141|0000000000011639|0000000032678938|040.45
23022026|544391|0000000000012000|0000000000442200|0000000000012000|0000000000442200|100.00
23022026|544392|0000000000060000|0000000003480000|0000000000094000|0000000005526140|063.83
23022026|544394|0000000000002163|0000000000067075|0000000000003070|0000000000095075|070.46
23022026|544395|0000000000042956|0000000000896922|0000000000057169|0000000001204944|075.14
23022026|544396|0000000000001300|0000000001479075|0000000000002872|0000000003391882|045.26
23022026|544397|0000000000028007|0000000020071217|0000000000067120|0000000047797507|041.73
23022026|544399|0000000000012000|0000000001006800|0000000000018000|0000000001498584|066.67
23022026|544402|0000000000001633|0000000000648301|0000000000002070|0000000000802122|078.89
23022026|544403|0000000000011398|0000000001213887|0000000000028821|0000000003077959|039.55
23022026|544404|0000000000004669|0000000001851731|0000000000004669|0000000001851731|100.00
23022026|544405|0000000000153499|0000000028335916|0000000000277042|0000000052143376|055.41
23022026|544406|0000000000002800|0000000000982800|0000000000004000|0000000001410880|070.00
23022026|544407|0000000000090153|0000000020631515|0000000000245927|0000000056289125|036.66
23022026|544408|0000000000003293|0000000001439535|0000000000004225|0000000001848008|077.94
23022026|544409|0000000000005000|0000000000800000|0000000000005000|0000000000798950|100.00
23022026|544410|0000000000005226|0000000000811860|0000000000008786|0000000001371757|059.48
23022026|544411|0000000000006632|0000000000899300|0000000000008541|0000000001188114|077.65
23022026|544412|0000000000045000|0000000000944100|0000000000045000|0000000000944700|100.00
23022026|544413|0000000000002417|0000000000250281|0000000000004806|0000000000494305|050.29
23022026|544414|0000000000005522|0000000000315307|0000000000006325|0000000000362341|087.30
23022026|544416|0000000000000239|0000000000077042|0000000000000575|0000000000189607|041.57
23022026|544417|0000000000010800|0000000000235440|0000000000014400|0000000000311052|075.00
23022026|544418|0000000000012515|0000000004223813|0000000000023110|0000000007831159|054.15
23022026|544419|0000000000008856|0000000001001614|0000000000017418|0000000001995697|050.84
23022026|544420|0000000000003539|0000000001551498|0000000000005149|0000000002275232|068.73
23022026|544421|0000000000004978|0000000001197209|0000000000009509|0000000002285063|052.35
23022026|544423|0000000000000478|0000000000162449|0000000000000527|0000000000180921|090.70
23022026|544424|0000000000002280|0000000000116873|0000000000002303|0000000000118366|099.00
23022026|544426|0000000000045600|0000000002597376|0000000000063600|0000000003610284|071.70
23022026|544427|0000000000000212|0000000000002290|0000000000000267|0000000000002928|079.40
23022026|544428|0000000000008400|0000000000463356|0000000000008400|0000000000463356|100.00
23022026|544429|0000000000008475|0000000006096915|0000000000016709|0000000012064904|050.72
23022026|544430|0000000000030464|0000000003117077|0000000000063891|0000000006632180|047.68
23022026|544431|0000000000128000|0000000013107200|0000000000129000|0000000013214200|099.22
23022026|544432|0000000000003437|0000000000217288|0000000000003577|0000000000227850|096.09
23022026|544433|0000000000004800|0000000000086400|0000000000004800|0000000000086592|100.00
23022026|544434|0000000000044000|0000000004172520|0000000000062400|0000000006015952|070.51
23022026|544435|0000000000022400|0000000002780960|0000000000031200|0000000003912560|071.79
23022026|544437|0000000000016800|0000000001008000|0000000000021600|0000000001313544|077.78
23022026|544438|0000000000000500|0000000000006250|0000000000000621|0000000000007760|080.52
23022026|544439|0000000000003436|0000000000798355|0000000000005693|0000000001333386|060.35
23022026|544440|0000000000005250|0000000000846825|0000000000006750|0000000001094737|077.78
23022026|544441|0000000000014400|0000000001308960|0000000000017600|0000000001599504|081.82
23022026|544442|0000000000018600|0000000002171550|0000000000024000|0000000002889570|077.50
23022026|544443|0000000000003382|0000000004143458|0000000000006297|0000000007836504|053.71
23022026|544444|0000000000002400|0000000000186000|0000000000002400|0000000000186600|100.00
23022026|544446|0000000000001117|0000000000228818|0000000000001544|0000000000320285|072.34
23022026|544447|0000000000001312|0000000000566916|0000000000002154|0000000000930211|060.91
23022026|544448|0000000000002255|0000000002147662|0000000000003047|0000000002879737|074.01
23022026|544449|0000000000001829|0000000001272802|0000000000004656|0000000003222573|039.28
23022026|544450|0000000000000152|0000000000022800|0000000000000189|0000000000028808|080.42
23022026|544451|0000000000002400|0000000000657600|0000000000003200|0000000000874740|075.00
23022026|544453|0000000000003600|0000000000774720|0000000000004200|0000000000904770|085.71
23022026|544454|0000000000000288|0000000000051293|0000000000000410|0000000000073142|070.24
23022026|544455|0000000000012305|0000000004611299|0000000000022092|0000000008146056|055.70
23022026|544456|0000000001165016|0000000141665946|0000000001269579|0000000154278967|091.76
23022026|544457|0000000000025856|0000000001604107|0000000000030418|0000000001883241|085.00
23022026|544458|0000000000035000|0000000006389250|0000000000047000|0000000008504000|074.47
23022026|544459|0000000000004969|0000000001085727|0000000000012801|0000000002755062|038.82
23022026|544460|0000000000014400|0000000001032480|0000000000019200|0000000001363280|075.00
23022026|544461|0000000000000015|0000000000002550|0000000000000025|0000000000004317|060.00
23022026|544463|0000000000002400|0000000000139920|0000000000002400|0000000000139920|100.00
23022026|544464|0000000000004000|0000000000247000|0000000000004000|0000000000247000|100.00
23022026|544465|0000000000007900|0000000000769618|0000000000011665|0000000001171334|067.72
23022026|544466|0000000000000930|0000000001400534|0000000000002727|0000000004132617|034.10
23022026|544467|0000000000216647|0000000199163588|0000000000333744|0000000307814322|064.91
23022026|544468|0000000000008400|0000000000909300|0000000000010800|0000000001163700|077.78
23022026|544469|0000000000075451|0000000010989439|0000000000180204|0000000026823892|041.87
23022026|544470|0000000000052708|0000000017124830|0000000000064135|0000000021165509|082.18
23022026|544471|0000000000014000|0000000000504000|0000000000016000|0000000000589940|087.50
23022026|544473|0000000000023269|0000000000244092|0000000000028517|0000000000298100|081.60
23022026|544474|0000000000043200|0000000001527552|0000000000049600|0000000001737120|087.10
23022026|544475|0000000000038000|0000000001025240|0000000000052000|0000000001372740|073.08
23022026|544476|0000000000008684|0000000005837819|0000000000015540|0000000010570810|055.88
23022026|544477|0000000000009360|0000000000532116|0000000000018261|0000000001033593|051.26
23022026|544479|0000000000008853|0000000002200856|0000000000009153|0000000002252881|096.72
23022026|544480|0000000000121785|0000000015223125|0000000000172593|0000000021413382|070.56
23022026|544481|0000000000010478|0000000001311741|0000000000013139|0000000001646377|079.75
23022026|544482|0000000000010000|0000000000716700|0000000000011000|0000000000791650|090.91
23022026|544483|0000000000006000|0000000000248220|0000000000008400|0000000000346440|071.43
23022026|544484|0000000000008032|0000000003265410|0000000000011323|0000000004639554|070.94
23022026|544485|0000000000023763|0000000001470930|0000000000037212|0000000002272018|063.86
23022026|544487|0000000000002175|0000000000396394|0000000000002795|0000000000515348|077.82
23022026|544488|0000000000164681|0000000030836518|0000000000527908|0000000099857448|031.20
23022026|544489|0000000000002400|0000000000134940|0000000000002400|0000000000134940|100.00
23022026|544490|0000000000011048|0000000004468364|0000000000019961|0000000008127220|055.35
23022026|544491|0000000000008322|0000000001637354|0000000000018777|0000000003771520|044.32
23022026|544492|0000000000001474|0000000000367395|0000000000001917|0000000000484515|076.89
23022026|544493|0000000000000140|0000000000021686|0000000000000140|0000000000022044|100.00
23022026|544494|0000000000011200|0000000000281792|0000000000011200|0000000000290096|100.00
23022026|544495|0000000000009600|0000000000691200|0000000000009600|0000000000691200|100.00
23022026|544496|0000000000125923|0000000008791944|0000000000289843|0000000020530206|043.45
23022026|544497|0000000000003318|0000000000394345|0000000000005018|0000000000585357|066.12
23022026|544498|0000000000004800|0000000000264000|0000000000004800|0000000000266400|100.00
23022026|544499|0000000000000408|0000000000088536|0000000000000491|0000000000098490|083.10
23022026|544500|0000000000018000|0000000000688320|0000000000018000|0000000000689820|100.00
23022026|544501|0000000000026000|0000000002513160|0000000000042000|0000000004071010|061.90
23022026|544502|0000000000001000|0000000000104000|0000000000001298|0000000000136171|077.04
23022026|544504|0000000000006000|0000000001776000|0000000000006000|0000000001753600|100.00
23022026|544505|0000000000004000|0000000000200000|0000000000004000|0000000000199200|100.00
23022026|544506|0000000000036000|0000000005333400|0000000000037800|0000000005578770|095.24
23022026|544507|0000000000010850|0000000000105896|0000000000010961|0000000000106942|098.99
23022026|544508|0000000000002400|0000000000148200|0000000000003600|0000000000222300|066.67
23022026|544509|0000000000003200|0000000000118368|0000000000003200|0000000000118368|100.00
23022026|544510|0000000000006400|0000000000528640|0000000000006400|0000000000534080|100.00
23022026|544511|0000000000021600|0000000003381480|0000000000036000|0000000005243400|060.00
23022026|544512|0000000000025348|0000000006386429|0000000000052831|0000000013281936|047.98
23022026|544513|0000000000006736|0000000000283182|0000000000006743|0000000000281630|099.90
23022026|544515|0000000000076380|0000000008592750|0000000000130793|0000000014962007|058.40
23022026|544516|0000000000041000|0000000011088450|0000000000064000|0000000017255800|064.06
23022026|544517|0000000000001046|0000000001040247|0000000000001759|0000000001766247|059.47
23022026|544518|0000000000048000|0000000008738720|0000000000048000|0000000008738720|100.00
23022026|544519|0000000000004243|0000000001058841|0000000000007637|0000000001928268|055.56
23022026|544520|0000000000002400|0000000000133920|0000000000002400|0000000000132972|100.00
23022026|544521|0000000000005057|0000000000239500|0000000000008254|0000000000393892|061.27
23022026|544522|0000000000000036|0000000000015425|0000000000000047|0000000000019795|076.60
23022026|544523|0000000000003505|0000000000789677|0000000000003831|0000000000860805|091.49
23022026|544524|0000000000009600|0000000001809120|0000000000013600|0000000002592200|070.59
23022026|544525|0000000000012928|0000000001569460|0000000000039525|0000000004862747|032.71
23022026|544526|0000000000002833|0000000001141983|0000000000005935|0000000002410659|047.73
23022026|544527|0000000000002627|0000000002377698|0000000000004879|0000000004427869|053.84
23022026|544528|0000000000002112|0000000000379210|0000000000003324|0000000000598638|063.54
23022026|544529|0000000000004000|0000000001025400|0000000000004000|0000000001025400|100.00
23022026|544530|0000000000009198|0000000004733751|0000000000017993|0000000009314502|051.12
23022026|544531|0000000000002400|0000000000416520|0000000000004200|0000000000729540|057.14
23022026|544532|0000000000002060|0000000000421579|0000000000002846|0000000000582574|072.38
23022026|544533|0000000000004486|0000000001068341|0000000000006342|0000000001531295|070.73
23022026|544534|0000000000002747|0000000001215960|0000000000008550|0000000003772967|032.13
23022026|544535|0000000000065600|0000000008985120|0000000000065600|0000000008985120|100.00
23022026|544536|0000000000000004|0000000000003804|0000000000000004|0000000000003804|100.00
23022026|544537|0000000000009076|0000000003439351|0000000000020544|0000000007855305|044.18
23022026|544540|0000000000006689|0000000001246161|0000000000012686|0000000002368304|052.73
23022026|544541|0000000000002400|0000000000376800|0000000000002400|0000000000378120|100.00
23022026|544542|0000000000023000|0000000002504700|0000000000029000|0000000003094990|079.31
23022026|544543|0000000000008795|0000000000527700|0000000000009474|0000000000567191|092.83
23022026|544544|0000000000002400|0000000000239976|0000000000003600|0000000000352800|066.67
23022026|544545|0000000000006245|0000000002552956|0000000000010233|0000000004109755|061.03
23022026|544546|0000000000006000|0000000000390000|0000000000006000|0000000000376920|100.00
23022026|544547|0000000000003355|0000000000224416|0000000000003520|0000000000235884|095.31
23022026|544548|0000000000017600|0000000001540000|0000000000028800|0000000002519408|061.11
23022026|544550|0000000000012277|0000000002235642|0000000000020804|0000000003825041|059.01
23022026|544553|0000000000016000|0000000002048144|0000000000016000|0000000002048144|100.00
23022026|544554|0000000000006000|0000000000306000|0000000000006000|0000000000306000|100.00
23022026|544555|0000000000001200|0000000000136920|0000000000001200|0000000000136920|100.00
23022026|544556|0000000000003200|0000000000107200|0000000000003200|0000000000108800|100.00
23022026|544557|0000000000005571|0000000000275431|0000000000007918|0000000000396759|070.36
23022026|544558|0000000000003686|0000000000565986|0000000000006912|0000000001061588|053.33
23022026|544560|0000000000006000|0000000000420060|0000000000008000|0000000000558640|075.00
23022026|544561|0000000000012000|0000000000090840|0000000000012000|0000000000090840|100.00
23022026|544562|0000000000043495|0000000005693496|0000000000072379|0000000009501696|060.09
23022026|544563|0000000000020000|0000000005217000|0000000000024000|0000000006344350|083.33
23022026|544564|0000000000000327|0000000000028574|0000000000000336|0000000000029485|097.32
23022026|544565|0000000000008000|0000000000369600|0000000000014000|0000000000658040|057.14
23022026|544566|0000000000021000|0000000001470210|0000000000048000|0000000003476940|043.75
23022026|544567|0000000000000800|0000000000298480|0000000000000800|0000000000298480|100.00
23022026|544568|0000000000033600|0000000003857280|0000000000044400|0000000005151840|075.68
23022026|544569|0000000000361341|0000000173407546|0000000000710586|0000000341773775|050.85
23022026|544570|0000000000001667|0000000000875759|0000000000002418|0000000001278960|068.94
23022026|544571|0000000000001000|0000000000078450|0000000000001000|0000000000078450|100.00
23022026|544572|0000000000000567|0000000001427848|0000000000000669|0000000001680287|084.75
23022026|544574|0000000000074216|0000000025155514|0000000000122125|0000000041633813|060.77
23022026|544575|0000000000007000|0000000000206500|0000000000009000|0000000000270990|077.78
23022026|544576|0000000000007610|0000000011850292|0000000000017723|0000000027587824|042.94
23022026|544577|0000000000000100|0000000000013800|0000000000000100|0000000000013800|100.00
23022026|544578|0000000000004427|0000000003439558|0000000000009195|0000000007150572|048.15
23022026|544579|0000000000000213|0000000000021812|0000000000000213|0000000000021815|100.00
23022026|544580|0000000000007905|0000000002044629|0000000000014426|0000000003725305|054.80
23022026|544581|0000000000000516|0000000000005186|0000000000000797|0000000000007967|064.74
23022026|544582|0000000000015600|0000000000395616|0000000000020400|0000000000527040|076.47
23022026|544583|0000000000019668|0000000002905947|0000000000031118|0000000004615454|063.20
23022026|544584|0000000000004000|0000000000498000|0000000000004000|0000000000498800|100.00
23022026|544585|0000000000014000|0000000000854000|0000000000014000|0000000000817400|100.00
23022026|544586|0000000000003866|0000000000039434|0000000000004052|0000000000041572|095.41
23022026|544587|0000000000000997|0000000001330248|0000000000002075|0000000002807391|048.05
23022026|544594|0000000000074400|0000000007782240|0000000000087600|0000000009585420|084.93
23022026|544595|0000000000003647|0000000002136048|0000000000004953|0000000002892674|073.63
23022026|544596|0000000000018000|0000000000613800|0000000000019200|0000000000650160|093.75
23022026|544597|0000000000003821|0000000006759349|0000000000005365|0000000009438924|071.22
23022026|544598|0000000000002220|0000000000011433|0000000000002227|0000000000010666|099.69
23022026|544599|0000000000000898|0000000000466826|0000000000001096|0000000000569777|081.93
23022026|544600|0000000000021456|0000000010439417|0000000000082439|0000000040314819|026.03
23022026|544601|0000000000000020|0000000000003126|0000000000000024|0000000000003751|083.33
23022026|544603|0000000000784651|0000000131311345|0000000001733419|0000000292206115|045.27
23022026|544604|0000000000024840|0000000000918087|0000000000034301|0000000001264441|072.42
23022026|544605|0000000000002177|0000000000034854|0000000000002247|0000000000035978|096.88
23022026|544606|0000000000114284|0000000023839643|0000000000221403|0000000045872515|051.62
23022026|544607|0000000000001200|0000000000073560|0000000000001200|0000000000073560|100.00
23022026|544608|0000000000026916|0000000005677931|0000000000046725|0000000009969661|057.61
23022026|544609|0000000000176536|0000000017141646|0000000000386648|0000000037900223|045.66
23022026|544610|0000000000032400|0000000011401560|0000000000038400|0000000013405380|084.38
23022026|544612|0000000000022893|0000000013172633|0000000000057501|0000000033124047|039.81
23022026|544613|0000000000007033|0000000001430864|0000000000011496|0000000002365359|061.18
23022026|544614|0000000000003698|0000000001944039|0000000000006966|0000000003685477|053.09
23022026|544615|0000000000000906|0000000000027980|0000000000000906|0000000000027980|100.00
23022026|544616|0000000000008000|0000000001286800|0000000000009000|0000000001435450|088.89
23022026|544617|0000000000013569|0000000001122564|0000000000035676|0000000002999366|038.03
23022026|544618|0000000000000046|0000000000003835|0000000000000046|0000000000003837|100.00
23022026|544619|0000000000002008|0000000001265342|0000000000003549|0000000002266539|056.58
23022026|544621|0000000000008000|0000000000364080|0000000000010000|0000000000460470|080.00
23022026|544622|0000000001680979|0000000045574522|0000000001680979|0000000045574522|100.00
23022026|544624|0000000000006000|0000000000082500|0000000000006000|0000000000082350|100.00
23022026|544625|0000000000000600|0000000000025860|0000000000000600|0000000000025860|100.00
23022026|544626|0000000000018000|0000000005954400|0000000000021000|0000000006978850|085.71
23022026|544627|0000000000005000|0000000000618500|0000000000005000|0000000000616500|100.00
23022026|544628|0000000000014000|0000000000265580|0000000000052000|0000000000987300|026.92
23022026|544629|0000000000034000|0000000005757900|0000000000052000|0000000008932800|065.38
23022026|544631|0000000000000148|0000000000096948|0000000000000149|0000000000097193|099.33
23022026|544632|0000000000021675|0000000003421399|0000000000059224|0000000009356073|036.60
23022026|544633|0000000000063059|0000000003152950|0000000000104740|0000000005193384|060.21
23022026|544634|0000000000013308|0000000001853805|0000000000023086|0000000003260006|057.65
23022026|544635|0000000000006400|0000000000405120|0000000000009600|0000000000615376|066.67
23022026|544636|0000000000018000|0000000000377100|0000000000022000|0000000000479600|081.82
23022026|544637|0000000000043800|0000000005275710|0000000000060600|0000000007380210|072.28
23022026|544638|0000000000001518|0000000000238008|0000000000002463|0000000000388604|061.63
23022026|544639|0000000000006347|0000000001660693|0000000000010943|0000000002876189|058.00
23022026|544641|0000000000005400|0000000001479600|0000000000009000|0000000002494320|060.00
23022026|544642|0000000000012897|0000000002532326|0000000000023330|0000000004632774|055.28
23022026|544643|0000000000001000|0000000000223000|0000000000001000|0000000000223000|100.00
23022026|544644|0000000000000593|0000000000938364|0000000000002215|0000000003449279|026.77
23022026|544645|0000000000100290|0000000019616724|0000000000179559|0000000034573693|055.85
23022026|544646|0000000000130000|0000000000572000|0000000000190000|0000000000839700|068.42
23022026|544647|0000000000003736|0000000002117378|0000000000007083|0000000004028585|052.75
23022026|544648|0000000000014000|0000000000882000|0000000000016000|0000000001020980|087.50
23022026|544654|0000000000001203|0000000000019297|0000000000001330|0000000000021323|090.45
23022026|544655|0000000000000133|0000000000002924|0000000000000134|0000000000002932|099.25
23022026|544656|0000000000010800|0000000002570400|0000000000010800|0000000002570400|100.00
23022026|544657|0000000000027600|0000000005551620|0000000000027600|0000000005551620|100.00
23022026|544658|0000000000006488|0000000020323660|0000000000013357|0000000041302177|048.57
23022026|544660|0000000000013538|0000000000127935|0000000000021871|0000000000207028|061.90
23022026|544661|0000000000000157|0000000000005722|0000000000000294|0000000000010677|053.40
23022026|544662|0000000000000053|0000000000006791|0000000000000053|0000000000006791|100.00
23022026|544663|0000000000007000|0000000000317450|0000000000008000|0000000000366250|087.50
23022026|544664|0000000000011042|0000000004112041|0000000000012969|0000000004821021|085.14
23022026|544665|0000000000019200|0000000002409600|0000000000019200|0000000002409600|100.00
23022026|544666|0000000000009562|0000000001065685|0000000000019913|0000000002225694|048.02
23022026|544667|0000000000018000|0000000001189980|0000000000018000|0000000001212312|100.00
23022026|544668|0000000000003000|0000000000942900|0000000000003000|0000000000912180|100.00
23022026|544669|0000000000016800|0000000003548160|0000000000019800|0000000004181700|084.85
23022026|544670|0000000000001200|0000000000224400|0000000000001200|0000000000225600|100.00
23022026|544671|0000000000002000|0000000000210500|0000000000005000|0000000000530050|040.00
23022026|544672|0000000000002065|0000000000322388|0000000000002115|0000000000329701|097.64
23022026|544673|0000000000024000|0000000002036880|0000000000025600|0000000002122784|093.75
23022026|544674|0000000000053083|0000000003698293|0000000000053705|0000000003658941|098.84
23022026|544675|0000000000033600|0000000002150400|0000000000040000|0000000002614640|084.00
23022026|544676|0000000000088000|0000000005095200|0000000000119200|0000000007026512|073.83
23022026|544677|0000000000006400|0000000000659200|0000000000006400|0000000000659200|100.00
23022026|544678|0000000001164793|0000000038368282|0000000002190305|0000000072833825|053.18
23022026|544679|0000000000015331|0000000006130867|0000000000039630|0000000016052845|038.69
23022026|544680|0000000000002160|0000000000388800|0000000000002160|0000000000389760|100.00
23022026|544681|0000000000045000|0000000006833250|0000000000060000|0000000009293150|075.00
23022026|544682|0000000000008400|0000000000766500|0000000000012000|0000000001092240|070.00
23022026|544683|0000000000135000|0000000001931850|0000000000156000|0000000002183850|086.54
23022026|544684|0000000000015600|0000000001428960|0000000000016800|0000000001555392|092.86
23022026|544685|0000000000057368|0000000006714925|0000000000125006|0000000014493881|045.89
23022026|544686|0000000000003000|0000000000417000|0000000000004000|0000000000572900|075.00
23022026|544687|0000000000014000|0000000000897680|0000000000022000|0000000001422500|063.64
23022026|544688|0000000000012000|0000000000826560|0000000000016000|0000000001127380|075.00
23022026|544693|0000000000030400|0000000001290480|0000000000054400|0000000002403648|055.88
23022026|544694|0000000000006000|0000000001098000|0000000000009000|0000000001659200|066.67
23022026|544695|0000000000090000|0000000011614500|0000000000112000|0000000014183300|080.36
23022026|544698|0000000000040000|0000000002531712|0000000000040000|0000000002531712|100.00
23022026|544699|0000000000064498|0000000007917130|0000000000212950|0000000026602212|030.29
23022026|544700|0000000000053872|0000000045233625|0000000000144676|0000000122303283|037.24
23022026|544701|0000000000002289|0000000000042599|0000000000002289|0000000000042439|100.00
23022026|544702|0000000000063002|0000000003954220|0000000000063002|0000000003954220|100.00
23022026|544703|0000000000002699|0000000000105773|0000000000002699|0000000000105773|100.00
23022026|544704|0000000000016719|0000000000192603|0000000000025402|0000000000292949|065.82
23022026|544705|0000000000005113|0000000000345333|0000000000005791|0000000000391336|088.29
23022026|544706|0000000000000002|0000000000000061|0000000000000006|0000000000000186|033.33
23022026|555555|0000000000000003|0000000000002835|0000000000000003|0000000000002840|100.00
23022026|570002|0000000000001383|0000000000003870|0000000000001383|0000000000003870|100.00
23022026|570004|0000000000000734|0000000000016427|0000000000001030|0000000000023297|071.26
23022026|570005|0000000000040559|0000000000019063|0000000000041672|0000000000019525|097.33
23022026|590003|0000000000068013|0000000022134831|0000000000123428|0000000039850201|055.10
23022026|590005|0000000000000366|0000000000516701|0000000000000447|0000000000632424|081.88
23022026|590006|0000000000000220|0000000000132649|0000000000000239|0000000000144763|092.05
23022026|590013|0000000000004167|0000000003577162|0000000000004943|0000000004217832|084.30
23022026|590021|0000000000001313|0000000002070930|0000000000002123|0000000003409374|061.85
23022026|590024|0000000000001885|0000000001458708|0000000000003967|0000000003087335|047.52
23022026|590025|0000000000000017|0000000000000668|0000000000000017|0000000000000670|100.00
23022026|590030|0000000000018197|0000000001269059|0000000000022300|0000000001568335|081.60
23022026|590031|0000000000000323|0000000000200406|0000000000000364|0000000000225418|088.74
23022026|590041|0000000000010775|0000000000707487|0000000000013508|0000000000898303|079.77
23022026|590051|0000000000011907|0000000001800934|0000000000018323|0000000002773542|064.98
23022026|590056|0000000000000001|0000000000000259|0000000000000001|0000000000000258|100.00
23022026|590057|0000000000000359|0000000000006245|0000000000000359|0000000000006245|100.00
23022026|590062|0000000000002306|0000000000165664|0000000000002894|0000000000208146|079.68
23022026|590065|0000000000000602|0000000000620091|0000000000000608|0000000000624609|099.01
23022026|590066|0000000000012425|0000000002007880|0000000000013394|0000000002169156|092.77
23022026|590070|0000000000000877|0000000000002500|0000000000000886|0000000000002617|098.98
23022026|590071|0000000000001513|0000000008105293|0000000000003058|0000000016138761|049.48
23022026|590072|0000000000000296|0000000000200230|0000000000000349|0000000000245474|084.81
23022026|590073|0000000000001106|0000000000996506|0000000000001729|0000000001561600|063.97
23022026|590075|0000000000000075|0000000000008535|0000000000000087|0000000000009723|086.21
23022026|590078|0000000000000915|0000000000932843|0000000000001281|0000000001298974|071.43
23022026|590086|0000000000000225|0000000000944595|0000000000000316|0000000001328630|071.20
23022026|590095|0000000001676870|0000000218026638|0000000002904228|0000000377856343|057.74
23022026|590096|0000000000073512|0000000073512000|0000000001179857|0000001179856628|006.23
23022026|590097|0000000000058650|0000000007697226|0000000000105525|0000000013839753|055.58
23022026|590098|0000000000215364|0000000028852316|0000000000320587|0000000042982696|067.18
23022026|590099|0000000000001737|0000000000226366|0000000000005457|0000000000710678|031.83
23022026|590101|0000000000027298|0000000003606612|0000000000046955|0000000006207481|058.14
23022026|590103|0000000000058625|0000000017028218|0000000000088843|0000000025792181|065.99
23022026|590104|0000000000005329|0000000003996164|0000000000011984|0000000008980155|044.47
23022026|590106|0000000000006229|0000000003935607|0000000000010658|0000000006731942|058.44
23022026|590107|0000000000001127|0000000001105373|0000000000001340|0000000001309409|084.10
23022026|590108|0000000000148823|0000000016249984|0000000000305324|0000000033289369|048.74
23022026|590109|0000000000000267|0000000000129132|0000000000000383|0000000000184878|069.71
23022026|590110|0000000000000312|0000000000087672|0000000000000501|0000000000140598|062.28
23022026|590113|0000000000011754|0000000006369140|0000000000013206|0000000007158128|089.00
23022026|590115|0000000000000070|0000000000018725|0000000000000073|0000000000019643|095.89
23022026|590134|0000000000000278|0000000000019221|0000000000000344|0000000000023889|080.81
23022026|590136|0000000000000315|0000000000198891|0000000000000484|0000000000305952|065.08
23022026|590137|0000000000000917|0000000000575262|0000000000001011|0000000000632584|090.70
23022026|590138|0000000000008169|0000000002243290|0000000000011604|0000000003184975|070.40
23022026|590139|0000000000000338|0000000000369252|0000000000000627|0000000000684980|053.91
23022026|590140|0000000008842962|0000000134678312|0000000014631587|0000000222854089|060.44
23022026|590141|0000000000386598|0000000013476807|0000000000536697|0000000018795542|072.03
23022026|590142|0000000000111165|0000000002571247|0000000000121321|0000000002801829|091.63
23022026|590143|0000000000047903|0000000001404037|0000000000048565|0000000001422394|098.64
23022026|590144|0000000000037326|0000000008415894|0000000000039526|0000000008914297|094.43
23022026|590145|0000000002920690|0000000730698225|0000000006412414|0000001612309714|045.55
23022026|590146|0000000000004503|0000000000701928|0000000000005633|0000000000882023|079.94
23022026|590147|0000000000003476|0000000000897156|0000000000004277|0000000001112572|081.27
23022026|590148|0000000000110625|0000000001778850|0000000000119446|0000000001920464|092.62
23022026|590149|0000000000074820|0000000003524022|0000000000076279|0000000003591542|098.09
23022026|590150|0000000000001798|0000000000147185|0000000000002577|0000000000211068|069.77
23022026|590151|0000000000005421|0000000000282868|0000000000006604|0000000000344319|082.09
23022026|590152|0000000000058130|0000000005143924|0000000000064815|0000000005725373|089.69
23022026|590153|0000000000024079|0000000000577896|0000000000024706|0000000000591086|097.46
23022026|590154|0000000000002383|0000000000116410|0000000000002609|0000000000127434|091.34
23022026|751077|0000000000067981|0000000000036109|0000000000067981|0000000000036109|100.00
23022026|751078|0000000000004000|0000000000003640|0000000000004000|0000000000003640|100.00
23022026|751079|0000000000096000|0000000000032400|0000000000096000|0000000000032400|100.00
23022026|751085|0000000000010263|0000000000032991|0000000000010263|0000000000032991|100.00
23022026|751086|0000000000160274|0000000002550856|0000000000160274|0000000002550856|100.00
23022026|751087|0000000000003715|0000000000003454|0000000000003715|0000000000003454|100.00
23022026|751088|0000000000050359|0000000000170213|0000000000050359|0000000000170213|100.00
23022026|800177|0000000000000033|0000000000003795|0000000000000033|0000000000003795|100.00
23022026|800264|0000000000000400|0000000000036000|0000000000000400|0000000000036000|100.00
23022026|800290|0000000000000001|0000000000015051|0000000000000002|0000000000029633|050.00
23022026|800291|0000000000000003|0000000000046791|0000000000000003|0000000000046792|100.00
23022026|800294|0000000000000001|0000000000000104|0000000000000002|0000000000000207|050.00
23022026|800295|0000000000000010|0000000000153000|0000000000000010|0000000000153000|100.00
23022026|800297|0000000000000070|0000000001088185|0000000000000090|0000000001392878|077.78
23022026|800303|0000000000000008|0000000000121625|0000000000000011|0000000000167117|072.73
23022026|800312|0000000000000001|0000000000015600|0000000000000001|0000000000015600|100.00
23022026|800315|0000000000000007|0000000000110243|0000000000000008|0000000000125500|087.50
23022026|800318|0000000000000063|0000000000983522|0000000000000136|0000000002127243|046.32
23022026|800320|0000000000000010|0000000000156500|0000000000000011|0000000000171630|090.91
23022026|800322|0000000000000005|0000000000077950|0000000000000006|0000000000093545|083.33
23022026|800324|0000000000000009|0000000000140535|0000000000000009|0000000000140810|100.00
23022026|800325|0000000000000026|0000000000407030|0000000000000030|0000000000469131|086.67
23022026|800327|0000000000000001|0000000000015610|0000000000000001|0000000000015610|100.00
23022026|800328|0000000000000003|0000000000046518|0000000000000003|0000000000045912|100.00
23022026|800329|0000000000000007|0000000000108942|0000000000000008|0000000000124635|087.50
23022026|800332|0000000000000117|0000000001814678|0000000000000117|0000000001790982|100.00
23022026|800334|0000000000000060|0000000000005520|0000000000000060|0000000000005532|100.00
23022026|800339|0000000000000035|0000000000547880|0000000000000046|0000000000720820|076.09
23022026|800340|0000000000000067|0000000001052791|0000000000000089|0000000001394869|075.28
23022026|800341|0000000000000018|0000000000282147|0000000000000019|0000000000297823|094.74
23022026|800342|0000000000000009|0000000000140049|0000000000000009|0000000000139732|100.00
23022026|800367|0000000000000158|0000000002482207|0000000000000162|0000000002528051|097.53
23022026|800385|0000000000000007|0000000000109459|0000000000000009|0000000000141631|077.78
23022026|800386|0000000000000138|0000000002170188|0000000000000145|0000000002245870|095.17
23022026|800434|0000000000000031|0000000000482426|0000000000000033|0000000000516781|093.94
23022026|800437|0000000000000002|0000000000031284|0000000000000002|0000000000031283|100.00
23022026|800438|0000000000000013|0000000000204113|0000000000000013|0000000000200552|100.00
23022026|800441|0000000000055796|0000000005995281|0000000000067750|0000000007271929|082.36
23022026|800444|0000000000000100|0000000000010410|0000000000000100|0000000000010410|100.00
23022026|800488|0000000000000058|0000000000920460|0000000000000069|0000000001088125|084.06
23022026|800489|0000000000001912|0000000000198753|0000000000001912|0000000000192444|100.00
23022026|800520|0000000000004000|0000000000410400|0000000000004000|0000000000410520|100.00
23022026|800573|0000000000000045|0000000000715455|0000000000000052|0000000000826917|086.54
23022026|800574|0000000000006000|0000000000630000|0000000000006000|0000000000630000|100.00
23022026|800575|0000000000000044|0000000000700779|0000000000000050|0000000000797002|088.00
23022026|800580|0000000000000190|0000000003020491|0000000000000245|0000000003895977|077.55
23022026|800588|0000000000000358|0000000000035367|0000000000000359|0000000000035378|099.72
23022026|800596|0000000000000242|0000000003853139|0000000000000360|0000000005769743|067.22
23022026|800598|0000000000025633|0000000002647889|0000000000025633|0000000002646467|100.00
23022026|800599|0000000000000101|0000000000010656|0000000000000101|0000000000010375|100.00
23022026|800603|0000000000000303|0000000004911343|0000000000000435|0000000007032816|069.66
23022026|800605|0000000000000288|0000000004847930|0000000000000422|0000000007130562|068.25
23022026|800618|0000000000004000|0000000000382400|0000000000004000|0000000000382400|100.00
23022026|800701|0000000000677000|0000000035332630|0000000000677000|0000000035332630|100.00
23022026|800807|0000000000002930|0000000000283888|0000000000002930|0000000000283801|100.00
23022026|800808|0000000000000252|0000000000023991|0000000000000252|0000000000024010|100.00
23022026|800809|0000000000002102|0000000000206627|0000000000002102|0000000000207018|100.00
23022026|805181|0000000000000300|0000000000029595|0000000000000500|0000000000049345|060.00
23022026|810666|0000000000027982|0000000002774416|0000000000027982|0000000002774415|100.00
23022026|810682|0000000000007900|0000000000767011|0000000000007900|0000000000767011|100.00
23022026|810684|0000000000003600|0000000000349200|0000000000003600|0000000000349200|100.00
23022026|890197|0000000000002800|0000000000007336|0000000000002800|0000000000007558|100.00
23022026|890202|0000000000000002|0000000000000648|0000000000000002|0000000000000647|100.00
23022026|890213|0000000000001096|0000000000011231|0000000000001096|0000000000011231|100.00
23022026|890217|0000000000002818|0000000000168940|0000000000002818|0000000000167725|100.00
23022026|890220|0000000000001050|0000000000009927|0000000000001050|0000000000009927|100.00
23022026|890221|0000000000000102|0000000000012699|0000000000000102|0000000000012457|100.00
23022026|890228|0000000000000045|0000000000000495|0000000000000045|0000000000000481|100.00
23022026|890229|0000000000006565|0000000000017201|0000000000006565|0000000000017173|100.00
23022026|890230|0000000000002110|0000000000279575|0000000000002580|0000000000348743|081.78
23022026|890231|0000000000007101|0000000000163318|0000000000007101|0000000000163318|100.00
23022026|912254|0000000000000001|0000000000023874|0000000000000001|0000000000023874|100.00
23022026|935510|0000000000000139|0000000000152066|0000000000000139|0000000000152166|100.00
23022026|935544|0000000000000010|0000000000010900|0000000000000010|0000000000010900|100.00
23022026|935584|0000000000000181|0000000000208693|0000000000000186|0000000000214366|097.31
23022026|935618|0000000000000013|0000000000014236|0000000000000013|0000000000014235|100.00
23022026|935666|0000000000000049|0000000000054639|0000000000000049|0000000000054646|100.00
23022026|935674|0000000000000016|0000000000017656|0000000000000016|0000000000017638|100.00
23022026|935690|0000000000000220|0000000000254056|0000000000000229|0000000000264385|096.07
23022026|935752|0000000000000361|0000000000383545|0000000000000511|0000000000543068|070.65
23022026|935760|0000000000000169|0000000000387010|0000000000000169|0000000000387010|100.00
23022026|935860|0000000000000174|0000000000176993|0000000000000224|0000000000227860|077.68
23022026|936044|0000000000000009|0000000000009630|0000000000000009|0000000000009630|100.00
23022026|936132|0000000000000150|0000000000156975|0000000000000150|0000000000157000|100.00
23022026|936252|0000000000000015|0000000000014911|0000000000000015|0000000000014910|100.00
23022026|936386|0000000000000120|0000000000124439|0000000000000120|0000000000124299|100.00
23022026|936400|0000000000000010|0000000000010275|0000000000000010|0000000000010274|100.00
23022026|936412|0000000000000004|0000000000004420|0000000000000004|0000000000004419|100.00
23022026|936492|0000000000000010|0000000000019300|0000000000000010|0000000000019300|100.00
23022026|936532|0000000000000038|0000000000041306|0000000000000038|0000000000041306|100.00
23022026|936578|0000000000000300|0000000000312000|0000000000000300|0000000000312000|100.00
23022026|936722|0000000000000400|0000000000400000|0000000000000400|0000000000400000|100.00
23022026|936724|0000000000000045|0000000000047300|0000000000000045|0000000000047299|100.00
23022026|936810|0000000000000250|0000000000262250|0000000000000250|0000000000262250|100.00
23022026|936814|0000000000000194|0000000000248320|0000000000000194|0000000000248320|100.00
23022026|936959|0000000000000010|0000000000018722|0000000000000010|0000000000018722|100.00
23022026|936975|0000000000000343|0000000000339570|0000000000000343|0000000000339584|100.00
23022026|937017|0000000000000251|0000000000257248|0000000000000251|0000000000255802|100.00
23022026|937057|0000000000000100|0000000000102950|0000000000000100|0000000000102950|100.00
23022026|937369|0000000000000111|0000000000105450|0000000000000121|0000000000113950|091.74
23022026|937377|0000000000000300|0000000000294000|0000000000000300|0000000000294000|100.00
23022026|937381|0000000000000020|0000000000019200|0000000000000020|0000000000019200|100.00
23022026|937453|0000000000000530|0000000000575050|0000000000000530|0000000000575609|100.00
23022026|937457|0000000000000001|0000000000001548|0000000000000002|0000000000003089|050.00
23022026|937487|0000000000000015|0000000000015450|0000000000000015|0000000000015450|100.00
23022026|937495|0000000000000002|0000000000002000|0000000000000002|0000000000001999|100.00
23022026|937497|0000000000000006|0000000000006450|0000000000000006|0000000000006450|100.00
23022026|937501|0000000000000195|0000000000187200|0000000000000280|0000000000273200|069.64
23022026|937537|0000000000000167|0000000000180193|0000000000000177|0000000000190816|094.35
23022026|937621|0000000000000311|0000000000309756|0000000000000311|0000000000309756|100.00
23022026|937631|0000000000000249|0000000000247307|0000000000000449|0000000000443547|055.46
23022026|937635|0000000000000010|0000000000014652|0000000000000010|0000000000014652|100.00
23022026|937637|0000000000000011|0000000000010670|0000000000000011|0000000000010670|100.00
23022026|937721|0000000000000284|0000000000281160|0000000000000284|0000000000281160|100.00
23022026|937725|0000000000000115|0000000000164105|0000000000000115|0000000000164105|100.00
23022026|937805|0000000000000236|0000000000225451|0000000000000236|0000000000225450|100.00
23022026|937825|0000000000000025|0000000000024695|0000000000000025|0000000000024695|100.00
23022026|937895|0000000000000025|0000000000034230|0000000000000025|0000000000034230|100.00
23022026|937899|0000000000000030|0000000000040770|0000000000000030|0000000000040770|100.00
23022026|937971|0000000000000014|0000000000013986|0000000000000014|0000000000013796|100.00
23022026|937999|0000000000000105|0000000000103059|0000000000000105|0000000000103066|100.00
23022026|938029|0000000000000229|0000000000301135|0000000000000229|0000000000301135|100.00
23022026|938091|0000000000000010|0000000000009850|0000000000000010|0000000000009850|100.00
23022026|938105|0000000000000650|0000000000649350|0000000000000650|0000000000649350|100.00
23022026|938107|0000000000000004|0000000000004144|0000000000000006|0000000000006198|066.67
23022026|938113|0000000000000099|0000000000100980|0000000000000099|0000000000100980|100.00
23022026|938196|0000000000000010|0000000000009960|0000000000000010|0000000000009975|100.00
23022026|938200|0000000000000020|0000000000025900|0000000000000020|0000000000025850|100.00
23022026|938220|0000000000000019|0000000000019000|0000000000000019|0000000000019000|100.00
23022026|938226|0000000000000520|0000000000217886|0000000000000520|0000000000217885|100.00
23022026|938256|0000000000000030|0000000000029694|0000000000000031|0000000000030125|096.77
23022026|938364|0000000000000150|0000000000147017|0000000000000150|0000000000147016|100.00
23022026|938370|0000000000001143|0000000001120609|0000000000001181|0000000001157644|096.78
23022026|938382|0000000000001668|0000000001641312|0000000000001668|0000000001644220|100.00
23022026|938436|0000000000000180|0000000000178200|0000000000000180|0000000000178200|100.00
23022026|938442|0000000000000010|0000000000010620|0000000000000010|0000000000010620|100.00
23022026|938518|0000000000008000|0000000007936000|0000000000009000|0000000008928587|088.89
23022026|938520|0000000000000150|0000000000161475|0000000000000150|0000000000161450|100.00
23022026|938530|0000000000000060|0000000000059400|0000000000000060|0000000000059535|100.00
23022026|938550|0000000000000020|0000000000019920|0000000000000020|0000000000019920|100.00
23022026|938552|0000000000000051|0000000000050796|0000000000000051|0000000000050796|100.00
23022026|938608|0000000000000090|0000000000105120|0000000000000090|0000000000105120|100.00
23022026|938628|0000000000000012|0000000000012495|0000000000000012|0000000000012484|100.00
23022026|938632|0000000000002370|0000000002329710|0000000000002370|0000000002328210|100.00
23022026|938634|0000000000000171|0000000000184509|0000000000000171|0000000000184509|100.00
23022026|938644|0000000000000043|0000000000043344|0000000000000043|0000000000043104|100.00
23022026|938652|0000000000002000|0000000001984000|0000000000002000|0000000001984000|100.00
23022026|938664|0000000000000514|0000000000510711|0000000000000514|0000000000506233|100.00
23022026|938698|0000000000000044|0000000000045738|0000000000000044|0000000000045655|100.00
23022026|938706|0000000000000001|0000000000001002|0000000000000001|0000000000001001|100.00
23022026|938802|0000000000000004|0000000000004728|0000000000000004|0000000000004728|100.00
23022026|938846|0000000000000176|0000000000161920|0000000000000176|0000000000161920|100.00
23022026|938862|0000000000000229|0000000000227789|0000000000000279|0000000000278031|082.08
23022026|938900|0000000000000469|0000000000480350|0000000000000469|0000000000480349|100.00
23022026|938902|0000000000000050|0000000000061375|0000000000000100|0000000000121950|050.00
23022026|938910|0000000000000150|0000000000148500|0000000000000150|0000000000148500|100.00
23022026|938916|0000000000000030|0000000000029904|0000000000000030|0000000000029904|100.00
23022026|938942|0000000000000015|0000000000015000|0000000000000015|0000000000015000|100.00
23022026|938958|0000000000000001|0000000000001015|0000000000000001|0000000000001015|100.00
23022026|939190|0000000000000050|0000000000049750|0000000000000050|0000000000049750|100.00
23022026|939192|0000000000000100|0000000000100200|0000000000000100|0000000000100200|100.00
23022026|939202|0000000000000081|0000000000078611|0000000000000081|0000000000078610|100.00
23022026|939204|0000000000000035|0000000000034300|0000000000000070|0000000000065935|050.00
23022026|939208|0000000000000015|0000000000015000|0000000000000016|0000000000015980|093.75
23022026|939234|0000000000000140|0000000000139300|0000000000000140|0000000000139300|100.00
23022026|939248|0000000000000040|0000000000048820|0000000000000040|0000000000048820|100.00
23022026|939264|0000000000000005|0000000000005005|0000000000000005|0000000000005005|100.00
23022026|939266|0000000000000005|0000000000006055|0000000000000010|0000000000012090|050.00
23022026|939335|0000000000000001|0000000000001001|0000000000000001|0000000000001001|100.00
23022026|939405|0000000000000200|0000000000232000|0000000000000200|0000000000232000|100.00
23022026|939407|0000000000000200|0000000000197000|0000000000000200|0000000000197000|100.00
23022026|939411|0000000000000100|0000000000115020|0000000000000100|0000000000115020|100.00
23022026|939423|0000000000000009|0000000000008964|0000000000000009|0000000000008964|100.00
23022026|939443|0000000000000600|0000000000597000|0000000000000600|0000000000592651|100.00
23022026|939473|0000000000000100|0000000000107270|0000000000000150|0000000000160225|066.67
23022026|939585|0000000000000025|0000000000026030|0000000000000025|0000000000026030|100.00
23022026|939587|0000000000000022|0000000000025581|0000000000000022|0000000000025580|100.00
23022026|939595|0000000000000041|0000000000041000|0000000000000064|0000000000063356|064.06
23022026|939623|0000000000000151|0000000000150698|0000000000000151|0000000000150805|100.00
23022026|939627|0000000000000100|0000000000110200|0000000000000100|0000000000110200|100.00
23022026|939633|0000000000000005|0000000000005226|0000000000000008|0000000000008295|062.50
23022026|939639|0000000000000025|0000000000026200|0000000000000025|0000000000026200|100.00
23022026|939647|0000000000000100|0000000000105000|0000000000000100|0000000000105000|100.00
23022026|939655|0000000000000045|0000000000044190|0000000000000045|0000000000044845|100.00
23022026|939661|0000000000000001|0000000000001125|0000000000000001|0000000000001125|100.00
23022026|939715|0000000000000103|0000000000103517|0000000000000103|0000000000104680|100.00
23022026|939727|0000000000000224|0000000000236768|0000000000000224|0000000000236768|100.00
23022026|939737|0000000000000012|0000000000011857|0000000000000012|0000000000011856|100.00
23022026|939829|0000000000000011|0000000000011002|0000000000000020|0000000000018410|055.00
23022026|939833|0000000000000001|0000000000000986|0000000000000001|0000000000000985|100.00
23022026|939843|0000000000000010|0000000000009900|0000000000000010|0000000000009900|100.00
23022026|939857|0000000000000035|0000000000035529|0000000000000035|0000000000035528|100.00
23022026|939859|0000000000000027|0000000000027986|0000000000000027|0000000000027985|100.00
23022026|939863|0000000000000501|0000000000491982|0000000000000501|0000000000491887|100.00
23022026|939983|0000000000000800|0000000000768000|0000000000000800|0000000000768000|100.00
23022026|940049|0000000000000001|0000000000001002|0000000000000001|0000000000001001|100.00
23022026|940061|0000000000000120|0000000000120456|0000000000000120|0000000000120456|100.00
23022026|940071|0000000000000010|0000000000010702|0000000000000010|0000000000010702|100.00
23022026|940101|0000000000000045|0000000000044775|0000000000000045|0000000000044775|100.00
23022026|940153|0000000000000001|0000000000001000|0000000000000002|0000000000001959|050.00
23022026|940159|0000000000000500|0000000000490150|0000000000000500|0000000000490150|100.00
23022026|940191|0000000000000009|0000000000008376|0000000000000009|0000000000008375|100.00
23022026|940229|0000000000000050|0000000000053250|0000000000000050|0000000000053250|100.00
23022026|940283|0000000000001009|0000000000993210|0000000000001265|0000000001224283|079.76
23022026|940287|0000000000000010|0000000000010110|0000000000000010|0000000000010110|100.00
23022026|940299|0000000000000010|0000000000010601|0000000000000010|0000000000010600|100.00
23022026|940315|0000000000000003|0000000000003016|0000000000000003|0000000000003015|100.00
23022026|940319|0000000000000040|0000000000041145|0000000000000040|0000000000041144|100.00
23022026|940325|0000000000000016|0000000000016107|0000000000000017|0000000000017070|094.12
23022026|940339|0000000000000202|0000000000202802|0000000000000202|0000000000202840|100.00
23022026|940353|0000000000000003|0000000000003168|0000000000000003|0000000000003167|100.00
23022026|940355|0000000000000418|0000000000393552|0000000000000418|0000000000393551|100.00
23022026|940371|0000000000000025|0000000000025125|0000000000000025|0000000000025125|100.00
23022026|940391|0000000000000150|0000000000151650|0000000000000150|0000000000151650|100.00
23022026|940409|0000000000000005|0000000000004875|0000000000000005|0000000000004875|100.00
23022026|940415|0000000000000010|0000000000010034|0000000000000010|0000000000010034|100.00
23022026|940429|0000000000000010|0000000000010370|0000000000000010|0000000000010370|100.00
23022026|940441|0000000000000010|0000000000010500|0000000000000010|0000000000010500|100.00
23022026|940443|0000000000000095|0000000000093543|0000000000000095|0000000000093515|100.00
23022026|940445|0000000000000098|0000000000097608|0000000000000098|0000000000097628|100.00
23022026|940453|0000000000000041|0000000000042640|0000000000000041|0000000000042630|100.00
23022026|940483|0000000000000003|0000000000003059|0000000000000003|0000000000003058|100.00
23022026|940505|0000000000000010|0000000000010400|0000000000000010|0000000000010400|100.00
23022026|940507|0000000000000012|0000000000012144|0000000000000024|0000000000024174|050.00
23022026|940511|0000000000000001|0000000000001024|0000000000000001|0000000000001023|100.00
23022026|940517|0000000000000020|0000000000020020|0000000000000020|0000000000020020|100.00
23022026|940523|0000000000000050|0000000000049300|0000000000000050|0000000000049300|100.00
23022026|940533|0000000000000002|0000000000001994|0000000000000002|0000000000001994|100.00
23022026|940541|0000000000000005|0000000000004845|0000000000000005|0000000000004845|100.00
23022026|940551|0000000000000083|0000000000087980|0000000000000083|0000000000087980|100.00
23022026|940555|0000000000000010|0000000000010102|0000000000000010|0000000000010102|100.00
23022026|940585|0000000000000059|0000000000069384|0000000000000059|0000000000069383|100.00
23022026|940607|0000000000000353|0000000000353000|0000000000000353|0000000000353000|100.00
23022026|940609|0000000000000002|0000000000002070|0000000000000002|0000000000002070|100.00
23022026|940619|0000000000000039|0000000000035100|0000000000000059|0000000000052792|066.10
23022026|940631|0000000000000035|0000000000034475|0000000000000035|0000000000034355|100.00
23022026|940635|0000000000000020|0000000000019421|0000000000000020|0000000000019410|100.00
23022026|940641|0000000000000010|0000000000010100|0000000000000010|0000000000010099|100.00
23022026|940643|0000000000000001|0000000000001004|0000000000000001|0000000000001003|100.00
23022026|940649|0000000000000302|0000000000298316|0000000000000475|0000000000459944|063.58
23022026|940665|0000000000000017|0000000000017000|0000000000000017|0000000000017000|100.00
23022026|940673|0000000000000124|0000000000124000|0000000000000124|0000000000124000|100.00
23022026|940681|0000000000000057|0000000000056430|0000000000000057|0000000000056630|100.00
23022026|500002|0000000000014617|0000000086476365|0000000000049213|0000000290911307|029.70
23022026|500003|0000000000004493|0000000003159478|0000000000008641|0000000006054249|052.00
23022026|500008|0000000000007986|0000000006846398|0000000000014879|0000000012847295|053.67
23022026|500009|0000000000044099|0000000001150984|0000000000050399|0000000001322303|087.50
23022026|500012|0000000000038395|0000000001597616|0000000000046984|0000000001961605|081.72
23022026|500013|0000000000506022|0000000001887456|0000000000506022|0000000001887456|100.00
23022026|500014|0000000000005734|0000000000026320|0000000000005812|0000000000026579|098.66
23022026|500016|0000000000013942|0000000000108609|0000000000015785|0000000000125081|088.32
23022026|500020|0000000000009835|0000000001147253|0000000000026618|0000000003109046|036.95
23022026|500023|0000000000004209|0000000001279536|0000000000005191|0000000001547403|081.08
23022026|500027|0000000000000491|0000000003205028|0000000000000817|0000000005353253|060.10
23022026|500028|0000000000008397|0000000000287850|0000000000010007|0000000000345511|083.91
23022026|500031|0000000000003013|0000000001145543|0000000000005911|0000000002253493|050.97
23022026|500032|0000000000149474|0000000002310869|0000000000205457|0000000003179351|072.75
23022026|500033|0000000000001319|0000000032255816|0000000000003075|0000000075238156|042.89
23022026|500034|0000000000057779|0000000059573038|0000000000152846|0000000158486441|037.80
23022026|500038|0000000000009070|0000000004209387|0000000000015557|0000000007139126|058.30
23022026|500039|0000000000009999|0000000006570843|0000000000023126|0000000015317096|043.24
23022026|500040|0000000000002320|0000000003025396|0000000000005066|0000000006591632|045.80
23022026|500041|0000000000000011|0000000000039733|0000000000000012|0000000000043175|091.67
23022026|500042|0000000000000749|0000000002676964|0000000000000956|0000000003417304|078.35
23022026|500043|0000000000006279|0000000005101688|0000000000010174|0000000008285393|061.72
23022026|500048|0000000000005067|0000000008609594|0000000000009657|0000000016384736|052.47
23022026|500049|0000000000436895|0000000192102732|0000000000933215|0000000409860029|046.82
23022026|500052|0000000000018720|0000000001549642|0000000000020923|0000000001742709|089.47
23022026|500058|0000000000051020|0000000000706117|0000000000084844|0000000001140946|060.13
23022026|500059|0000000000000420|0000000000002801|0000000000000420|0000000000002801|100.00
23022026|500060|0000000000000984|0000000000135596|0000000000001185|0000000000165465|083.04
23022026|500067|0000000000002922|0000000005733695|0000000000008308|0000000016372547|035.17
23022026|500068|0000000000000296|0000000003701184|0000000000000303|0000000003778973|097.69
23022026|500069|0000000000000885|0000000000238950|0000000000001120|0000000000304401|079.02
23022026|500074|0000000000004051|0000000000224426|0000000000004543|0000000000253782|089.17
23022026|500078|0000000000000241|0000000000066745|0000000000000343|0000000000095552|070.26
23022026|500083|0000000000005548|0000000000114900|0000000000006232|0000000000129217|089.02
23022026|500084|0000000000030129|0000000004692592|0000000000060134|0000000009338387|050.10
23022026|500085|0000000000014191|0000000006456196|0000000000026889|0000000012248030|052.78
23022026|500086|0000000000016403|0000000005549135|0000000000035619|0000000012022517|046.05
23022026|500087|0000000000121971|0000000161745744|0000000000174255|0000000230926568|070.00
23022026|500089|0000000000000171|0000000000096530|0000000000000200|0000000000112209|085.50
23022026|500092|0000000000001538|0000000007079876|0000000000002862|0000000013195106|053.74
23022026|500093|0000000000089467|0000000064487814|0000000000181776|0000000130607704|049.22
23022026|500096|0000000000144198|0000000074132192|0000000000184809|0000000094442324|078.03
23022026|500097|0000000000000950|0000000000268185|0000000000001415|0000000000399203|067.14
23022026|500101|0000000000011157|0000000004182760|0000000000033218|0000000012466940|033.59
23022026|500103|0000000000118856|0000000030789647|0000000000264859|0000000068508301|044.88
23022026|500104|0000000000092340|0000000040495707|0000000000246191|0000000107921301|037.51
23022026|500106|0000000000362578|0000000021606024|0000000001001735|0000000060170765|036.20
23022026|500108|0000000000031595|0000000000948166|0000000000045738|0000000001376019|069.08
23022026|500109|0000000000108884|0000000021025501|0000000000320224|0000000061919623|034.00
23022026|500110|0000000000011284|0000000009978442|0000000000030866|0000000027486109|036.56
23022026|500112|0000000000560050|0000000687629390|0000000000911088|0000001116752643|061.47
23022026|500113|0000000000308167|0000000048289769|0000000000661863|0000000104131882|046.56
23022026|500114|0000000000007246|0000000030957449|0000000000013045|0000000055645615|055.55
23022026|500116|0000000000567198|0000000064320254|0000000001365860|0000000155800267|041.53
23022026|500117|0000000000060342|0000000003152870|0000000000147511|0000000007697364|040.91
23022026|500119|0000000000004656|0000000000537536|0000000000005425|0000000000622970|085.82
23022026|500120|0000000000000342|0000000000081003|0000000000000346|0000000000081701|098.84
23022026|500123|0000000000000332|0000000003047943|0000000000000852|0000000007854979|038.97
23022026|500124|0000000000034603|0000000045226121|0000000000062343|0000000081204099|055.50
23022026|500125|0000000000004247|0000000003755198|0000000000006893|0000000006104560|061.61
23022026|500126|0000000000000220|0000000001115378|0000000000000388|0000000001954167|056.70
23022026|500128|0000000000039084|0000000002736271|0000000000050168|0000000003542957|077.91
23022026|500133|0000000000000054|0000000000298369|0000000000000066|0000000000362904|081.82
23022026|500135|0000000000004715|0000000001021741|0000000000007477|0000000001609522|063.06
23022026|500136|0000000000000940|0000000000092760|0000000000001161|0000000000114947|080.96
23022026|500142|0000000000001339|0000000000012413|0000000000001652|0000000000015422|081.05
23022026|500143|0000000000000685|0000000000401403|0000000000000685|0000000000401403|100.00
23022026|500144|0000000000023054|0000000019006871|0000000000037463|0000000030540950|061.54
23022026|500147|0000000000001687|0000000008275748|0000000000003694|0000000018203958|045.67
23022026|500148|0000000000000343|0000000000157798|0000000000000420|0000000000192983|081.67
23022026|500150|0000000000000070|0000000000326522|0000000000000070|0000000000332633|100.00
23022026|500151|0000000000000532|0000000000015812|0000000000000532|0000000000015812|100.00
23022026|500153|0000000000008939|0000000000783414|0000000000016417|0000000001463443|054.45
23022026|500159|0000000000004493|0000000000511978|0000000000005833|0000000000667155|077.03
23022026|500160|0000000000034306|0000000000250777|0000000000034771|0000000000254356|098.66
23022026|500163|0000000000114398|0000000253179934|0000000000259276|0000000589718832|044.12
23022026|500164|0000000000002428|0000000002549522|0000000000003606|0000000003783589|067.33
23022026|500165|0000000000015999|0000000003197401|0000000000030901|0000000006144370|051.78
23022026|500166|0000000000002850|0000000000441750|0000000000002850|0000000000441865|100.00
23022026|500168|0000000000004498|0000000003599750|0000000000005831|0000000004680356|077.14
23022026|500170|0000000000000716|0000000000016397|0000000000000721|0000000000015295|099.31
23022026|500171|0000000000001962|0000000000969817|0000000000003526|0000000001751667|055.64
23022026|500173|0000000000001169|0000000000055084|0000000000001170|0000000000055504|099.91
23022026|500174|0000000000000605|0000000000004592|0000000000000605|0000000000004562|100.00
23022026|500178|0000000000000103|0000000000000701|0000000000000103|0000000000000701|100.00
23022026|500179|0000000000022593|0000000000291224|0000000000034612|0000000000449492|065.28
23022026|500180|0000000002556752|0000002362055336|0000000002800825|0000002583164500|091.29
23022026|500182|0000000000003153|0000000017310601|0000000000006904|0000000037993302|045.67
23022026|500183|0000000000626806|0000000043657038|0000000000886313|0000000062025194|070.72
23022026|500184|0000000000050785|0000000024892268|0000000000107976|0000000052889126|047.03
23022026|500185|0000000000453067|0000000008390801|0000000000754087|0000000014069472|060.08
23022026|500186|0000000000005978|0000000000785510|0000000000010912|0000000001441109|054.78
23022026|500187|0000000000001945|0000000001105733|0000000000003740|0000000002165025|052.01
23022026|500188|0000000000262307|0000000155010322|0000000000622985|0000000371609717|042.10
23022026|500189|0000000000002712|0000000000309467|0000000000003668|0000000000418762|073.94
23022026|500191|0000000000009022|0000000000454528|0000000000009022|0000000000454528|100.00
23022026|500192|0000000000003897|0000000000007210|0000000000003897|0000000000007197|100.00
23022026|500193|0000000000015148|0000000000126335|0000000000016492|0000000000139295|091.85
23022026|500199|0000000000000519|0000000000194003|0000000000000688|0000000000256480|075.44
23022026|500201|0000000000000921|0000000000865694|0000000000001343|0000000001269071|068.58
23022026|500202|0000000000000200|0000000000001680|0000000000000200|0000000000001680|100.00
23022026|500206|0000000000000042|0000000000002663|0000000000000042|0000000000002768|100.00
23022026|500207|0000000000003026|0000000000109875|0000000000005167|0000000000189002|058.56
23022026|500209|0000000000259822|0000000345160536|0000000000535284|0000000712609502|048.54
23022026|500210|0000000000000742|0000000002950675|0000000000001071|0000000004194338|069.28
23022026|500213|0000000000001747|0000000000577995|0000000000001878|0000000000630564|093.02
23022026|500214|0000000000004917|0000000001890833|0000000000009646|0000000003722479|050.97
23022026|500215|0000000000000088|0000000000057420|0000000000000108|0000000000071368|081.48
23022026|500219|0000000000046532|0000000001636531|0000000000077304|0000000002742508|060.19
23022026|500220|0000000000002558|0000000000423094|0000000000003369|0000000000556973|075.93
23022026|500227|0000000000015051|0000000008017668|0000000000039281|0000000020819123|038.32
23022026|500228|0000000000187411|0000000232464605|0000000000203554|0000000252402168|092.07
23022026|500233|0000000000202858|0000000201853853|0000000000205955|0000000205550329|098.50
23022026|500234|0000000000000010|0000000000001182|0000000000000010|0000000000001181|100.00
23022026|500235|0000000000000794|0000000000586687|0000000000001207|0000000000893674|065.78
23022026|500238|0000000000003275|0000000003029048|0000000000007827|0000000007242218|041.84
23022026|500239|0000000000001394|0000000000023754|0000000000001404|0000000000023711|099.29
23022026|500240|0000000000022008|0000000005654956|0000000000026430|0000000006894822|083.27
23022026|500241|0000000000000708|0000000001142712|0000000000001286|0000000002081512|055.05
23022026|500243|0000000000000032|0000000000094692|0000000000000044|0000000000130574|072.73
23022026|500245|0000000000026080|0000000010649768|0000000000041651|0000000017267750|062.62
23022026|500246|0000000000000879|0000000000050323|0000000000000879|0000000000051187|100.00
23022026|500247|0000000003108466|0000001338816307|0000000003417636|0000001468888714|090.95
23022026|500248|0000000000000609|0000000000003928|0000000000000609|0000000000003928|100.00
23022026|500249|0000000000002253|0000000001637594|0000000000003613|0000000002616050|062.36
23022026|500250|0000000000000946|0000000001802982|0000000000001262|0000000002388111|074.96
23022026|500251|0000000000010470|0000000042439098|0000000000020381|0000000082903722|051.37
23022026|500252|0000000000000348|0000000005459494|0000000000000469|0000000007355338|074.20
23022026|500253|0000000000017494|0000000009175603|0000000000040834|0000000021436160|042.84
23022026|500257|0000000000031260|0000000070181826|0000000000039463|0000000087942742|079.21
23022026|500259|0000000000000850|0000000000053210|0000000000000855|0000000000053827|099.42
23022026|500260|0000000000001530|0000000001748790|0000000000003563|0000000004020792|042.94
23022026|500262|0000000000000380|0000000000007631|0000000000000443|0000000000008341|085.78
23022026|500264|0000000000036847|0000000004838012|0000000000050251|0000000006598961|073.33
23022026|500265|0000000000007041|0000000003712720|0000000000009845|0000000005217048|071.52
23022026|500266|0000000000000141|0000000001897698|0000000000000272|0000000003642018|051.84
23022026|500267|0000000000004696|0000000001492389|0000000000007820|0000000002471856|060.05
23022026|500268|0000000000003878|0000000000213833|0000000000004476|0000000000248051|086.64
23022026|500270|0000000000000652|0000000000071851|0000000000000681|0000000000075332|095.74
23022026|500271|0000000000016446|0000000030749087|0000000000030038|0000000056375950|054.75
23022026|500277|0000000000003758|0000000000025931|0000000000003808|0000000000025943|098.69
23022026|500279|0000000000020231|0000000000590746|0000000000027295|0000000000813589|074.12
23022026|500280|0000000000000028|0000000000012180|0000000000000028|0000000000012245|100.00
23022026|500284|0000000000001168|0000000000141270|0000000000001377|0000000000167877|084.82
23022026|500285|0000000006931259|0000000109860456|0000000010122840|0000000163371529|068.47
23022026|500288|0000000003432244|0000000155720911|0000000009405033|0000000425115775|036.49
23022026|500290|0000000000000073|0000000010645744|0000000000000165|0000000024027287|044.24
23022026|500292|0000000000006077|0000000000996932|0000000000008071|0000000001315146|075.29
23022026|500294|0000000000036426|0000000005456615|0000000000082067|0000000012309554|044.39
23022026|500295|0000000000158051|0000000107695952|0000000000425790|0000000291639799|037.12
23022026|500296|0000000000000637|0000000000132465|0000000000000774|0000000000159627|082.30
23022026|500298|0000000000003000|0000000001923150|0000000000003201|0000000002043299|093.72
23022026|500300|0000000000044994|0000000129211520|0000000000051791|0000000148220346|086.88
23022026|500304|0000000000005086|0000000000374381|0000000000007970|0000000000585636|063.81
23022026|500306|0000000000010247|0000000001556007|0000000000012716|0000000001963985|080.58
23022026|500307|0000000000025384|0000000013077837|0000000000035154|0000000018075174|072.21
23022026|500312|0000000000427302|0000000117764432|0000000000937581|0000000256725428|045.57
23022026|500313|0000000000001270|0000000000061595|0000000000001365|0000000000066248|093.04
23022026|500314|0000000000005930|0000000000591518|0000000000007667|0000000000763264|077.34
23022026|500317|0000000000000160|0000000000007680|0000000000000189|0000000000009175|084.66
23022026|500319|0000000000002240|0000000000165850|0000000000002641|0000000000194893|084.82
23022026|500325|0000000000291782|0000000416635518|0000000000488729|0000000696915237|059.70
23022026|500327|0000000000002052|0000000000017484|0000000000002060|0000000000017515|099.61
23022026|500330|0000000000005303|0000000002135519|0000000000011903|0000000004768384|044.55
23022026|500331|0000000000004804|0000000007115925|0000000000007865|0000000011627168|061.08
23022026|500333|0000000000000760|0000000001131032|0000000000001144|0000000001714575|066.43
23022026|500335|0000000000001386|0000000001423145|0000000000002239|0000000002271494|061.90
23022026|500336|0000000000015226|0000000003412147|0000000000031399|0000000007005741|048.49
23022026|500337|0000000000000020|0000000000005460|0000000000000025|0000000000006905|080.00
23022026|500338|0000000000008800|0000000001105720|0000000000012570|0000000001573685|070.01
23022026|500339|0000000000027461|0000000004054617|0000000000052309|0000000007684423|052.50
23022026|500342|0000000000000879|0000000000014838|0000000000001146|0000000000018943|076.70
23022026|500343|0000000000001183|0000000000048030|0000000000001501|0000000000061796|078.81
23022026|500346|0000000000000964|0000000000055671|0000000000000972|0000000000056248|099.18
23022026|500350|0000000000000325|0000000000049563|0000000000000346|0000000000052683|093.93
23022026|500354|0000000000003249|0000000000086911|0000000000003696|0000000000098797|087.91
23022026|500355|0000000000004366|0000000001224882|0000000000013011|0000000003649216|033.56
23022026|500356|0000000000004476|0000000000142337|0000000000005735|0000000000180711|078.05
23022026|500357|0000000000003409|0000000000039426|0000000000003409|0000000000039426|100.00
23022026|500358|0000000000002628|0000000000038447|0000000000002628|0000000000038447|100.00
23022026|500360|0000000000012024|0000000001860872|0000000000012024|0000000001860872|100.00
23022026|500365|0000000000066279|0000000002464254|0000000000102339|0000000003825451|064.76
23022026|500367|0000000000001704|0000000000115753|0000000000001742|0000000000118934|097.82
23022026|500368|0000000000021552|0000000011481828|0000000000047965|0000000025533099|044.93
23022026|500370|0000000000000588|0000000000019499|0000000000000665|0000000000021903|088.42
23022026|500371|0000000000000600|0000000000007962|0000000000000600|0000000000007962|100.00
23022026|500378|0000000000028944|0000000005189660|0000000000070988|0000000012785441|040.77
23022026|500380|0000000000001791|0000000001301520|0000000000003949|0000000002845836|045.35
23022026|500387|0000000000000215|0000000005709347|0000000000000446|0000000011921666|048.21
23022026|500389|0000000012804217|0000000263474143|0000000012804217|0000000263474143|100.00
23022026|500390|0000000000332913|0000000032963538|0000000000332913|0000000032963538|100.00
23022026|500399|0000000000000212|0000000000016620|0000000000000212|0000000000016620|100.00
23022026|500400|0000000000153885|0000000058314721|0000000000230878|0000000087450042|066.65
23022026|500402|0000000000007244|0000000001257559|0000000000019692|0000000003462375|036.79
23022026|500403|0000000000000518|0000000000479902|0000000000000911|0000000000845899|056.86
23022026|500404|0000000000000184|0000000000044427|0000000000000661|0000000000160978|027.84
23022026|500405|0000000000002887|0000000001868178|0000000000003589|0000000002336226|080.44
23022026|500407|0000000000000416|0000000001479088|0000000000000500|0000000001796731|083.20
23022026|500408|0000000000009195|0000000043324082|0000000000018863|0000000089633601|048.75
23022026|500410|0000000000003762|0000000006092748|0000000000007152|0000000011578070|052.60
23022026|500411|0000000000001686|0000000005320932|0000000000003278|0000000010334152|051.43
23022026|500412|0000000000004025|0000000000794737|0000000000006593|0000000001315877|061.05
23022026|500413|0000000000014389|0000000001573438|0000000000034586|0000000003779472|041.60
23022026|500414|0000000000074682|0000000021833283|0000000000097271|0000000028716510|076.78
23022026|500418|0000000000000006|0000000000000588|0000000000000010|0000000000000957|060.00
23022026|500420|0000000000001823|0000000007860138|0000000000003531|0000000015136555|051.63
23022026|500421|0000000000012080|0000000000224447|0000000000012129|0000000000227507|099.60
23022026|500422|0000000000003120|0000000000536640|0000000000003120|0000000000536640|100.00
23022026|500425|0000000000043142|0000000022237544|0000000000067381|0000000034587869|064.03
23022026|500426|0000000000155109|0000000000267393|0000000000155109|0000000000267393|100.00
23022026|500429|0000000000000114|0000000000012654|0000000000000163|0000000000017982|069.94
23022026|500439|0000000000000003|0000000000009965|0000000000000003|0000000000009964|100.00
23022026|500440|0000000000145216|0000000133032378|0000000000318796|0000000293858400|045.55
23022026|500444|0000000000000426|0000000000177642|0000000000000707|0000000000291410|060.25
23022026|500449|0000000000015834|0000000000462195|0000000000024058|0000000000706788|065.82
23022026|500450|0000000000000090|0000000000030713|0000000000000090|0000000000030821|100.00
23022026|500456|0000000000005002|0000000000259204|0000000000005818|0000000000303082|085.97
23022026|500458|0000000000016827|0000000000503296|0000000000020572|0000000000621271|081.80
23022026|500459|0000000000000227|0000000002611306|0000000000000328|0000000003765602|069.21
23022026|500460|0000000000008486|0000000001083663|0000000000009602|0000000001216914|088.38
23022026|500463|0000000000009005|0000000004665491|0000000000018565|0000000009611566|048.51
23022026|500464|0000000000000766|0000000000083073|0000000000000793|0000000000086369|096.60
23022026|500467|0000000000000613|0000000000110126|0000000000000640|0000000000114375|095.78
23022026|500469|0000000000061543|0000000018229037|0000000000144133|0000000042391787|042.70
23022026|500470|0000000000762387|0000000158614616|0000000001260463|0000000261822760|060.48
23022026|500472|0000000000001626|0000000002922329|0000000000004519|0000000008090201|035.98
23022026|500477|0000000000191196|0000000040284998|0000000000476625|0000000100352004|040.11
23022026|500480|0000000000092397|0000000451216130|0000000000110763|0000000536745071|083.42
23022026|500483|0000000000003128|0000000005255510|0000000000010295|0000000017170805|030.38
23022026|500488|0000000000000170|0000000004501286|0000000000000249|0000000006585646|068.27
23022026|500490|0000000000002192|0000000025215015|0000000000004751|0000000054472526|046.14
23022026|500493|0000000000100388|0000000183930894|0000000000200922|0000000365005444|049.96
23022026|500495|0000000000003087|0000000010752176|0000000000007820|0000000027538699|039.48
23022026|500500|0000000000114379|0000000001889542|0000000000144961|0000000002399358|078.90
23022026|500510|0000000000093731|0000000414023887|0000000000131235|0000000577460569|071.42
23022026|500520|0000000000036785|0000000126724325|0000000000056142|0000000193454439|065.52
23022026|500530|0000000000000111|0000000003924011|0000000000000178|0000000006288802|062.36
23022026|500540|0000000000010818|0000000000033860|0000000000010818|0000000000033860|100.00
23022026|500547|0000000000156533|0000000058316370|0000000000286517|0000000106838911|054.63
23022026|500550|0000000000018840|0000000062233230|0000000000036665|0000000119724024|051.38
23022026|500570|0000000000164190|0000000062367572|0000000000382317|0000000145073476|042.95
23022026|500575|0000000000009308|0000000014325478|0000000000024893|0000000038490597|037.39
23022026|500620|0000000000001835|0000000002384491|0000000000005663|0000000007395330|032.40
23022026|500645|0000000000004221|0000000004215935|0000000000009407|0000000009423489|044.87
23022026|500650|0000000000000559|0000000000531442|0000000000000708|0000000000665410|078.95
23022026|500655|0000000000001173|0000000004740387|0000000000002742|0000000011254616|042.78
23022026|500660|0000000000002274|0000000005997334|0000000000004081|0000000010783946|055.72
23022026|500670|0000000000003417|0000000001581730|0000000000006327|0000000002926608|054.01
23022026|500672|0000000000117903|0000000118468935|0000000000266179|0000000271101072|044.29
23022026|500674|0000000000000595|0000000002438519|0000000000000834|0000000003400759|071.34
23022026|500680|0000000000025427|0000000128933961|0000000000025972|0000000129868447|097.90
23022026|500690|0000000000013524|0000000002334243|0000000000024770|0000000004281018|054.60
23022026|500696|0000000000047124|0000000110498712|0000000000083557|0000000195434535|056.40
23022026|500710|0000000000000572|0000000001767766|0000000000000783|0000000002406636|073.05
23022026|500730|0000000000032790|0000000004915221|0000000000041662|0000000006288673|078.70
23022026|500770|0000000000006369|0000000004548103|0000000000013704|0000000009712824|046.48
23022026|500777|0000000000012795|0000000001176117|0000000000014039|0000000001302129|091.14
23022026|500780|0000000000002844|0000000000715835|0000000000003275|0000000000834038|086.84
23022026|500790|0000000000017598|0000000023150169|0000000000031340|0000000041074128|056.15
23022026|500800|0000000000017035|0000000019959910|0000000000034435|0000000040358098|049.47
23022026|500820|0000000000340059|0000000819824547|0000000000351550|0000000847792388|096.73
23022026|500825|0000000000002805|0000000017173613|0000000000004668|0000000028431079|060.09
23022026|500830|0000000000063825|0000000140076728|0000000000071449|0000000157132065|089.33
23022026|500840|0000000000003091|0000000001000712|0000000000004966|0000000001610583|062.24
23022026|500850|0000000000021550|0000000014537630|0000000000043551|0000000029462577|049.48
23022026|500870|0000000000078667|0000000014730396|0000000000110709|0000000020745259|071.06
23022026|500875|0000000000411311|0000000133820034|0000000000721529|0000000235087935|057.01
23022026|500877|0000000000025740|0000000011675664|0000000000056606|0000000025346904|045.47
23022026|500878|0000000000000792|0000000002984613|0000000000001671|0000000006316694|047.40
23022026|500890|0000000000000932|0000000000111048|0000000000002476|0000000000303161|037.64
23022026|500940|0000000000015294|0000000002858449|0000000000031267|0000000005826452|048.91
23022026|501144|0000000000000001|0000000000000211|0000000000000001|0000000000000211|100.00
23022026|501148|0000000000000025|0000000000009566|0000000000000025|0000000000009566|100.00
23022026|501150|0000000000002650|0000000000065720|0000000000002772|0000000000069321|095.60
23022026|501242|0000000000017941|0000000000285214|0000000000017941|0000000000285214|100.00
23022026|501298|0000000000000134|0000000000688452|0000000000000136|0000000000700986|098.53
23022026|501301|0000000000064268|0000000044148903|0000000000189354|0000000131377305|033.94
23022026|501311|0000000000000511|0000000000008085|0000000000000511|0000000000008084|100.00
23022026|501314|0000000000162067|0000000000105344|0000000000183074|0000000000119444|088.53
23022026|501343|0000000000001614|0000000000035234|0000000000003419|0000000000074364|047.21
23022026|501351|0000000000000157|0000000000011085|0000000000000157|0000000000011097|100.00
23022026|501370|0000000000000466|0000000000053987|0000000000000471|0000000000054756|098.94
23022026|501391|0000000000000109|0000000000058294|0000000000000124|0000000000066149|087.90
23022026|501421|0000000000000130|0000000000852298|0000000000000130|0000000000852298|100.00
23022026|501423|0000000000004423|0000000008870106|0000000000009022|0000000018170474|049.02
23022026|501425|0000000000000400|0000000000711540|0000000000000806|0000000001444549|049.63
23022026|501430|0000000000000061|0000000000106567|0000000000000073|0000000000126585|083.56
23022026|501455|0000000000008075|0000000001294827|0000000000015795|0000000002542277|051.12
23022026|501477|0000000000000009|0000000000002025|0000000000000009|0000000000001992|100.00
23022026|501622|0000000000000126|0000000000007045|0000000000000126|0000000000007044|100.00
23022026|501700|0000000000007365|0000000000065466|0000000000007365|0000000000065466|100.00
23022026|501831|0000000000009191|0000000000436894|0000000000009191|0000000000436894|100.00
23022026|501833|0000000000002967|0000000000056522|0000000000005033|0000000000099102|058.95
23022026|501848|0000000000003379|0000000000189258|0000000000003993|0000000000227104|084.62
23022026|501945|0000000000000115|0000000000000791|0000000000000115|0000000000000791|100.00
23022026|502015|0000000000033395|0000000000898994|0000000000043733|0000000001184369|076.36
23022026|502090|0000000000002419|0000000000476302|0000000000003044|0000000000602547|079.47
23022026|502137|0000000000000353|0000000000242476|0000000000000523|0000000000357456|067.50
23022026|502157|0000000000003088|0000000002712036|0000000000005134|0000000004618747|060.15
23022026|502168|0000000000002148|0000000000401676|0000000000003343|0000000000623500|064.25
23022026|502175|0000000000000302|0000000000020126|0000000000000518|0000000000034651|058.30
23022026|502180|0000000000002603|0000000000188874|0000000000003697|0000000000264319|070.41
23022026|502219|0000000000005888|0000000002782375|0000000000009946|0000000004729127|059.20
23022026|502250|0000000000000002|0000000000001221|0000000000000002|0000000000001221|100.00
23022026|502271|0000000000003589|0000000000070992|0000000000003589|0000000000070992|100.00
23022026|502281|0000000000007972|0000000000063139|0000000000010603|0000000000085154|075.19
23022026|502294|0000000000000279|0000000000010017|0000000000000279|0000000000010090|100.00
23022026|502330|0000000000002315|0000000000157837|0000000000002398|0000000000163639|096.54
23022026|502355|0000000000002023|0000000005075707|0000000000004602|0000000011543652|043.96
23022026|502420|0000000000021904|0000000000410481|0000000000026047|0000000000491857|084.09
23022026|502445|0000000000001212|0000000000048287|0000000000002284|0000000000089904|053.06
23022026|502448|0000000000015188|0000000000017992|0000000000015188|0000000000017992|100.00
23022026|502450|0000000000000741|0000000000204813|0000000000000875|0000000000242516|084.69
23022026|502587|0000000000001321|0000000000073435|0000000000001522|0000000000085382|086.79
23022026|502589|0000000000000036|0000000000003276|0000000000000036|0000000000003408|100.00
23022026|502820|0000000000000047|0000000000003814|0000000000000047|0000000000003910|100.00
23022026|502865|0000000000003571|0000000001213069|0000000000003857|0000000001330305|092.58
23022026|502873|0000000000000445|0000000000050285|0000000000000459|0000000000050985|096.95
23022026|502893|0000000000000030|0000000000002045|0000000000000052|0000000000003530|057.69
23022026|502901|0000000000000573|0000000000044437|0000000000000672|0000000000052691|085.27
23022026|502937|0000000000090083|0000000000830223|0000000000090083|0000000000830223|100.00
23022026|502958|0000000000000039|0000000000287859|0000000000000039|0000000000292986|100.00
23022026|502986|0000000000029771|0000000015975119|0000000000058478|0000000031017745|050.91
23022026|503031|0000000000057428|0000000001053230|0000000000062644|0000000001154570|091.67
23022026|503092|0000000000000001|0000000000000031|0000000000000002|0000000000000062|050.00
23022026|503100|0000000000006077|0000000010429956|0000000000012994|0000000022384493|046.77
23022026|503101|0000000000003806|0000000001606894|0000000000004865|0000000002114979|078.23
23022026|503162|0000000000000356|0000000000043699|0000000000000359|0000000000044869|099.16
23022026|503169|0000000000000228|0000000000044460|0000000000000230|0000000000044719|099.13
23022026|503229|0000000000000180|0000000000024012|0000000000000181|0000000000024196|099.45
23022026|503310|0000000000069123|0000000026239091|0000000000151759|0000000058006060|045.55
23022026|503349|0000000000000011|0000000000071086|0000000000000013|0000000000083787|084.62
23022026|503624|0000000000004161|0000000000030834|0000000000004391|0000000000033492|094.76
23022026|503641|0000000000122756|0000000000196410|0000000000152163|0000000000246646|080.67
23022026|503657|0000000000004926|0000000000061428|0000000000005731|0000000000071608|085.95
23022026|503663|0000000000590175|0000000000560667|0000000000730313|0000000000689057|080.81
23022026|503675|0000000000008075|0000000000008964|0000000000008075|0000000000008963|100.00
23022026|503681|0000000000000021|0000000002304225|0000000000000025|0000000002748633|084.00
23022026|503685|0000000000000131|0000000000002774|0000000000000131|0000000000002774|100.00
23022026|503722|0000000000000364|0000000000041132|0000000000000364|0000000000041263|100.00
23022026|503772|0000000000000006|0000000000000409|0000000000000011|0000000000000731|054.55
23022026|503776|0000000000000171|0000000000005710|0000000000000198|0000000000006770|086.36
23022026|503804|0000000000000174|0000000000041325|0000000000000229|0000000000054806|075.98
23022026|503806|0000000000154960|0000000410589764|0000000000160887|0000000427438878|096.32
23022026|503811|0000000000000938|0000000000512711|0000000000001265|0000000000693630|074.15
23022026|503816|0000000000003887|0000000000138455|0000000000005010|0000000000180006|077.58
23022026|503837|0000000000000542|0000000000006933|0000000000000542|0000000000006933|100.00
23022026|503960|0000000000002745|0000000006690389|0000000000003961|0000000009942788|069.30
23022026|504000|0000000000016832|0000000001448899|0000000000019603|0000000001698330|085.86
23022026|504028|0000000000008068|0000000000577266|0000000000010020|0000000000722786|080.52
23022026|504036|0000000000012704|0000000018099389|0000000000027956|0000000040139991|045.44
23022026|504058|0000000000000181|0000000000061350|0000000000000181|0000000000061718|100.00
23022026|504067|0000000000004918|0000000002806703|0000000000013403|0000000007597207|036.69
23022026|504076|0000000000018104|0000000001216227|0000000000019749|0000000001339488|091.67
23022026|504080|0000000000000019|0000000000018486|0000000000000032|0000000000030792|059.38
23022026|504084|0000000000000606|0000000000532402|0000000000000838|0000000000734188|072.32
23022026|504092|0000000000004181|0000000002457838|0000000000004181|0000000002457838|100.00
23022026|504093|0000000000001233|0000000000373969|0000000000001271|0000000000388127|097.01
23022026|504112|0000000000004462|0000000002828908|0000000000005957|0000000003789312|074.90
23022026|504132|0000000000001211|0000000001022629|0000000000001657|0000000001412397|073.08
23022026|504176|0000000000003836|0000000002144708|0000000000005444|0000000003024630|070.46
23022026|504180|0000000000001703|0000000000082613|0000000000001822|0000000000084512|093.47
23022026|504212|0000000000000610|0000000000408609|0000000000000871|0000000000589940|070.03
23022026|504220|0000000000006265|0000000000458598|0000000000007087|0000000000534377|088.40
23022026|504240|0000000000001580|0000000000785971|0000000000002728|0000000001354052|057.92
23022026|504258|0000000000000833|0000000000624875|0000000000001160|0000000000871242|071.81
23022026|504273|0000000000020746|0000000000413906|0000000000020746|0000000000413906|100.00
23022026|504286|0000000000000137|0000000000008482|0000000000000137|0000000000008300|100.00
23022026|504340|0000000000002220|0000000000015185|0000000000002220|0000000000015267|100.00
23022026|504341|0000000000005306|0000000000771228|0000000000006296|0000000000911851|084.28
23022026|504346|0000000000000015|0000000000150515|0000000000000015|0000000000150514|100.00
23022026|504351|0000000002497386|0000000003796027|0000000002620614|0000000003983332|095.30
23022026|504369|0000000000000202|0000000000000099|0000000000000202|0000000000000098|100.00
23022026|504378|0000000000019998|0000000000050399|0000000000019998|0000000000050399|100.00
23022026|504380|0000000000000685|0000000000034422|0000000000000913|0000000000042230|075.03
23022026|504392|0000000000000232|0000000000005806|0000000000000232|0000000000005806|100.00
23022026|504397|0000000000000024|0000000000001634|0000000000000024|0000000000001634|100.00
23022026|504605|0000000000000221|0000000000718991|0000000000000284|0000000000920195|077.82
23022026|504614|0000000000011852|0000000006065854|0000000000026199|0000000013498895|045.24
23022026|504646|0000000000000375|0000000000201507|0000000000000637|0000000000344753|058.87
23022026|504648|0000000000000192|0000000000009213|0000000000000194|0000000000009249|098.97
23022026|504697|0000000000000076|0000000000000416|0000000000000076|0000000000000416|100.00
23022026|504731|0000000000004274|0000000000395901|0000000000004726|0000000000440408|090.44
23022026|504741|0000000000000071|0000000000025333|0000000000000074|0000000000026639|095.95
23022026|504746|0000000000001665|0000000002525919|0000000000001665|0000000002525919|100.00
23022026|504786|0000000000002557|0000000001390753|0000000000003233|0000000001792309|079.09
23022026|504810|0000000000000169|0000000000013182|0000000000000262|0000000000019363|064.50
23022026|504840|0000000000000007|0000000000010091|0000000000000008|0000000000011532|087.50
23022026|504879|0000000000011976|0000000000481436|0000000000017253|0000000000691003|069.41
23022026|504882|0000000000000091|0000000000126190|0000000000000153|0000000000215441|059.48
23022026|504903|0000000000072777|0000000001596000|0000000000081851|0000000001817705|088.91
23022026|504908|0000000000000881|0000000000384249|0000000000001228|0000000000544293|071.74
23022026|504918|0000000000017224|0000000003405185|0000000000046047|0000000009187549|037.41
23022026|504959|0000000000000660|0000000001282347|0000000000000796|0000000001529070|082.91
23022026|504973|0000000000001261|0000000002121192|0000000000002521|0000000004234898|050.02
23022026|504988|0000000000000076|0000000000052440|0000000000000101|0000000000071210|075.25
23022026|505010|0000000000000137|0000000000276069|0000000000000219|0000000000441295|062.56
23022026|505029|0000000000000185|0000000000017457|0000000000000186|0000000000016843|099.46
23022026|505036|0000000000000491|0000000000841795|0000000000000894|0000000001533358|054.92
23022026|505075|0000000000002304|0000000000035229|0000000000002383|0000000000035557|096.68
23022026|505160|0000000000002618|0000000000724663|0000000000004102|0000000001120545|063.82
23022026|505163|0000000000000697|0000000000562619|0000000000001351|0000000001098651|051.59
23022026|505192|0000000000007955|0000000038706644|0000000000012920|0000000061205070|061.57
23022026|505196|0000000000001200|0000000000288060|0000000000001625|0000000000393868|073.85
23022026|505200|0000000000005762|0000000046307754|0000000000010918|0000000087546829|052.78
23022026|505212|0000000000000021|0000000000002523|0000000000000031|0000000000003667|067.74
23022026|505216|0000000000000038|0000000000104001|0000000000000066|0000000000182601|057.58
23022026|505232|0000000000000177|0000000000180461|0000000000000255|0000000000254982|069.41
23022026|505242|0000000000000406|0000000004086431|0000000000001030|0000000010447193|039.42
23022026|505255|0000000000005625|0000000005461594|0000000000007003|0000000006809996|080.32
23022026|505283|0000000000001556|0000000001783099|0000000000002398|0000000002733501|064.89
23022026|505299|0000000000001474|0000000000850720|0000000000001700|0000000000991136|086.71
23022026|505302|0000000000000041|0000000000076226|0000000000000041|0000000000076176|100.00
23022026|505324|0000000000000800|0000000000011896|0000000000001478|0000000000022004|054.13
23022026|505336|0000000002254793|0000000000901918|0000000004396745|0000000001776023|051.28
23022026|505343|0000000001346084|0000000000605738|0000000002228254|0000000000991883|060.41
23022026|505355|0000000000001061|0000000001209806|0000000000001809|0000000002053294|058.65
23022026|505358|0000000000013327|0000000002208284|0000000000019543|0000000003264214|068.19
23022026|505368|0000000000000026|0000000000006565|0000000000000040|0000000000010431|065.00
23022026|505400|0000000000000362|0000000000034083|0000000000001434|0000000000134647|025.24
23022026|505412|0000000000000098|0000000000664485|0000000000000130|0000000000886105|075.38
23022026|505502|0000000000028922|0000000000038467|0000000000028922|0000000000038459|100.00
23022026|505504|0000000000027959|0000000008941744|0000000000027959|0000000008941744|100.00
23022026|505509|0000000000000826|0000000000150126|0000000000001008|0000000000184646|081.94
23022026|505515|0000000000002857|0000000000037856|0000000000003248|0000000000043277|087.96
23022026|505523|0000000000435366|0000000000161086|0000000000494062|0000000000184374|088.12
23022026|505526|0000000000007685|0000000000586212|0000000000012117|0000000000911140|063.42
23022026|505533|0000000000000956|0000000000482589|0000000000001959|0000000000995712|048.80
23022026|505537|0000000000048855|0000000004435057|0000000000132055|0000000011971324|037.00
23022026|505590|0000000000001000|0000000000003150|0000000000001000|0000000000003150|100.00
23022026|505650|0000000000001123|0000000000023359|0000000000001233|0000000000025722|091.08
23022026|505681|0000000000000045|0000000000025702|0000000000000051|0000000000029091|088.24
23022026|505688|0000000000000550|0000000000060198|0000000000000693|0000000000077643|079.36
23022026|505690|0000000000000142|0000000000120132|0000000000000145|0000000000122699|097.93
23022026|505693|0000000000036717|0000000000410497|0000000000049688|0000000000550226|073.90
23022026|505700|0000000000008128|0000000003461309|0000000000015560|0000000006644561|052.24
23022026|505703|0000000000000027|0000000000008053|0000000000000027|0000000000008053|100.00
23022026|505710|0000000000287911|0000000019491575|0000000000333206|0000000022720834|086.41
23022026|505712|0000000000036365|0000000007454825|0000000000037482|0000000007693570|097.02
23022026|505714|0000000000013201|0000000012822792|0000000000020562|0000000019921424|064.20
23022026|505720|0000000000004243|0000000000537376|0000000000005480|0000000000697977|077.43
23022026|505725|0000000000131069|0000000007865451|0000000000421832|0000000025246634|031.07
23022026|505726|0000000000001259|0000000001436645|0000000000001798|0000000002067111|070.02
23022026|505729|0000000000010954|0000000000792522|0000000000020908|0000000001528257|052.39
23022026|505737|0000000000003842|0000000001711611|0000000000004080|0000000001816888|094.17
23022026|505744|0000000000000562|0000000000234860|0000000000000808|0000000000339019|069.55
23022026|505750|0000000000003708|0000000000942389|0000000000004496|0000000001142362|082.47
23022026|505790|0000000000004370|0000000017259752|0000000000007664|0000000030284580|057.02
23022026|505797|0000000000001350|0000000000033082|0000000000001350|0000000000033082|100.00
23022026|505800|0000000000000424|0000000000515648|0000000000000502|0000000000613218|084.46
23022026|505827|0000000000000880|0000000000329824|0000000000001661|0000000000626778|052.98
23022026|505840|0000000000000329|0000000000008587|0000000000000368|0000000000009308|089.40
23022026|505850|0000000000001234|0000000000221750|0000000000006972|0000000001249613|017.70
23022026|505854|0000000000000278|0000000000074324|0000000000000288|0000000000077546|096.53
23022026|505872|0000000000017549|0000000007019600|0000000000025581|0000000010231056|068.60
23022026|505890|0000000000002445|0000000005712376|0000000000003387|0000000007874634|072.19
23022026|505893|0000000000000410|0000000000355655|0000000000000881|0000000000771887|046.54
23022026|505978|0000000000000284|0000000001002932|0000000000000432|0000000001539990|065.74
23022026|506003|0000000000006400|0000000000326720|0000000000006888|0000000000351018|092.92
23022026|506022|0000000000018455|0000000002553250|0000000000036787|0000000005059196|050.17
23022026|506074|0000000000241768|0000000000377906|0000000000241768|0000000000377906|100.00
23022026|506076|0000000000001910|0000000003206986|0000000000002451|0000000004126042|077.93
23022026|506105|0000000000001188|0000000000071886|0000000000001610|0000000000099562|073.79
23022026|506109|0000000000004620|0000000001451373|0000000000009124|0000000002871447|050.64
23022026|506122|0000000000006418|0000000000305772|0000000000006418|0000000000305772|100.00
23022026|506128|0000000000002577|0000000000334366|0000000000003316|0000000000426692|077.71
23022026|506134|0000000000093108|0000000001025120|0000000000132930|0000000001464891|070.04
23022026|506146|0000000000044435|0000000000025773|0000000000047473|0000000000028145|093.60
23022026|506166|0000000000024296|0000000001563078|0000000000024296|0000000001563078|100.00
23022026|506180|0000000000000103|0000000000037919|0000000000000103|0000000000037919|100.00
23022026|506184|0000000000008511|0000000000013107|0000000000010588|0000000000016713|080.38
23022026|506186|0000000000022461|0000000000337589|0000000000022461|0000000000337588|100.00
23022026|506194|0000000000000112|0000000000029143|0000000000000147|0000000000038754|076.19
23022026|506197|0000000000014135|0000000003180375|0000000000037466|0000000008360250|037.73
23022026|506222|0000000000000668|0000000001296555|0000000000000846|0000000001644622|078.96
23022026|506235|0000000000011945|0000000001129878|0000000000014193|0000000001342703|084.16
23022026|506248|0000000000000200|0000000000032410|0000000000000401|0000000000063670|049.88
23022026|506260|0000000000004249|0000000000312897|0000000000005250|0000000000388489|080.93
23022026|506261|0000000000001001|0000000000139740|0000000000001459|0000000000205077|068.61
23022026|506285|0000000000000476|0000000002279207|0000000000000859|0000000004121247|055.41
23022026|506365|0000000000000730|0000000000069643|0000000000000730|0000000000069643|100.00
23022026|506373|0000000000000060|0000000000004410|0000000000000060|0000000000004410|100.00
23022026|506390|0000000000000239|0000000000084654|0000000000000248|0000000000088083|096.37
23022026|506395|0000000000016767|0000000038380502|0000000000018612|0000000042483209|090.09
23022026|506401|0000000000002042|0000000003300179|0000000000004124|0000000006662613|049.52
23022026|506405|0000000000000249|0000000000057557|0000000000000331|0000000000078245|075.23
23022026|506414|0000000000019410|0000000006505262|0000000000027941|0000000009226149|069.47
23022026|506480|0000000000003851|0000000000973533|0000000000005032|0000000001268432|076.53
23022026|506520|0000000000005700|0000000000037107|0000000000006501|0000000000042566|087.68
23022026|506525|0000000000000401|0000000000030071|0000000000000401|0000000000030643|100.00
23022026|506528|0000000000000116|0000000000382383|0000000000000153|0000000000506613|075.82
23022026|506532|0000000000003328|0000000002830464|0000000000003746|0000000003191352|088.84
23022026|506543|0000000000001076|0000000000009544|0000000000001076|0000000000009544|100.00
23022026|506579|0000000000002523|0000000000292795|0000000000003322|0000000000389479|075.95
23022026|506590|0000000000174146|0000000053001336|0000000000586028|0000000186629972|029.72
23022026|506597|0000000000001890|0000000000984218|0000000000002389|0000000001256180|079.11
23022026|506605|0000000000000024|0000000000047304|0000000000000024|0000000000047480|100.00
23022026|506618|0000000000000282|0000000000278095|0000000000000306|0000000000303079|092.16
23022026|506640|0000000000000843|0000000000127884|0000000000001302|0000000000199757|064.75
23022026|506642|0000000001705233|0000000003751513|0000000003023360|0000000006549420|056.40
23022026|506655|0000000000000844|0000000000759432|0000000000001507|0000000001353932|056.01
23022026|506680|0000000000000972|0000000000014094|0000000000001072|0000000000015211|090.67
23022026|506685|0000000000007223|0000000003093973|0000000000008927|0000000003838110|080.91
23022026|506687|0000000000004395|0000000004699134|0000000000004711|0000000005127781|093.29
23022026|506690|0000000000004518|0000000001611345|0000000000005077|0000000001817199|088.99
23022026|506734|0000000000000816|0000000000079732|0000000000001027|0000000000100376|079.45
23022026|506767|0000000000001041|0000000001574045|0000000000001487|0000000002252090|070.01
23022026|506808|0000000000017521|0000000000949463|0000000000025118|0000000001386384|069.75
23022026|506820|0000000000000244|0000000002164744|0000000000000309|0000000002735831|078.96
23022026|506852|0000000000003238|0000000000064955|0000000000003888|0000000000078631|083.28
23022026|506854|0000000000001560|0000000006671106|0000000000002224|0000000009539846|070.14
23022026|506858|0000000000000803|0000000000048180|0000000000000880|0000000000052809|091.25
23022026|506863|0000000000011739|0000000001506700|0000000000011739|0000000001506700|100.00
23022026|506879|0000000000002755|0000000000922099|0000000000005376|0000000001781617|051.25
23022026|506906|0000000000015541|0000000000977211|0000000000015541|0000000000977211|100.00
23022026|506919|0000000000000726|0000000000103383|0000000000000923|0000000000133594|078.66
23022026|506943|0000000000005251|0000000010749848|0000000000009375|0000000019078278|056.01
23022026|506947|0000000000000122|0000000000013774|0000000000000122|0000000000015030|100.00
23022026|506979|0000000000000420|0000000000054558|0000000000000434|0000000000053354|096.77
23022026|506981|0000000000000452|0000000000057404|0000000000000462|0000000000058295|097.84
23022026|507155|0000000000005976|0000000000809748|0000000000010503|0000000001430439|056.90
23022026|507180|0000000000016873|0000000000082847|0000000000016877|0000000000083953|099.98
23022026|507205|0000000000007232|0000000003270311|0000000000014748|0000000006676554|049.04
23022026|507265|0000000000000550|0000000000104308|0000000000000552|0000000000106068|099.64
23022026|507300|0000000000000025|0000000000023127|0000000000000027|0000000000025026|092.59
23022026|507315|0000000000004797|0000000000078383|0000000000005722|0000000000097017|083.83
23022026|507410|0000000000011854|0000000002064375|0000000000026629|0000000004610397|044.52
23022026|507438|0000000000000385|0000000000347540|0000000000000481|0000000000443372|080.04
23022026|507474|0000000000003022|0000000000126290|0000000000003142|0000000000131298|096.18
23022026|507486|0000000000000045|0000000000003143|0000000000000045|0000000000003143|100.00
23022026|507488|0000000000002251|0000000002328322|0000000000003627|0000000003750642|062.06
23022026|507490|0000000000010449|0000000000114731|0000000000012434|0000000000136819|084.04
23022026|507498|0000000000004126|0000000000151466|0000000000004861|0000000000170092|084.88
23022026|507514|0000000000016558|0000000001362227|0000000000022290|0000000001843426|074.28
23022026|507526|0000000000001577|0000000001315534|0000000000002212|0000000001895039|071.29
23022026|507552|0000000000002309|0000000000140272|0000000000003680|0000000000224118|062.74
23022026|507580|0000000000000075|0000000000010684|0000000000000075|0000000000010683|100.00
23022026|507598|0000000000001403|0000000000136077|0000000000001620|0000000000156350|086.60
23022026|507609|0000000000000137|0000000000004152|0000000000000147|0000000000004454|093.20
23022026|507621|0000000000004362|0000000000232015|0000000000004679|0000000000250248|093.22
23022026|507645|0000000000000002|0000000000022403|0000000000000002|0000000000022402|100.00
23022026|507685|0000000000563542|0000000116061475|0000000001134065|0000000233931568|049.69
23022026|507690|0000000000001687|0000000000409014|0000000000003010|0000000000730893|056.05
23022026|507717|0000000000002081|0000000002297841|0000000000002507|0000000002749567|083.01
23022026|507747|0000000000000066|0000000000060859|0000000000000069|0000000000064024|095.65
23022026|507753|0000000000060642|0000000005317091|0000000000096149|0000000008450480|063.07
23022026|507759|0000000000000057|0000000000000699|0000000000000057|0000000000000698|100.00
23022026|507779|0000000000000129|0000000000024930|0000000000000130|0000000000025259|099.23
23022026|507789|0000000000007482|0000000001305984|0000000000007651|0000000001328510|097.79
23022026|507794|0000000000001732|0000000000101911|0000000000002391|0000000000142041|072.44
23022026|507813|0000000000000876|0000000000063984|0000000000000981|0000000000069490|089.30
23022026|507815|0000000000000815|0000000007034510|0000000000001432|0000000012294396|056.91
23022026|507817|0000000000000045|0000000000007322|0000000000000045|0000000000007322|100.00
23022026|507828|0000000000069381|0000000000573781|0000000000083850|0000000000703629|082.74
23022026|507833|0000000000007750|0000000000032240|0000000000009359|0000000000038379|082.81
23022026|507836|0000000000000112|0000000000071568|0000000000000112|0000000000071527|100.00
23022026|507852|0000000000000370|0000000000037722|0000000000000422|0000000000043421|087.68
23022026|507864|0000000000002362|0000000000239045|0000000000002362|0000000000239045|100.00
23022026|507872|0000000000000695|0000000000029997|0000000000000695|0000000000030032|100.00
23022026|507878|0000000000616096|0000000003074320|0000000000805992|0000000004035731|076.44
23022026|507880|0000000000002707|0000000001007004|0000000000003840|0000000001425579|070.49
23022026|507910|0000000000001085|0000000000046981|0000000000001260|0000000000054766|086.11
23022026|507912|0000000000007645|0000000007456588|0000000000007645|0000000007456588|100.00
23022026|507917|0000000000000203|0000000000008120|0000000000000203|0000000000008120|100.00
23022026|507944|0000000000006084|0000000002580833|0000000000011277|0000000004798707|053.95
23022026|507946|0000000000001000|0000000000018050|0000000000001000|0000000000018050|100.00
23022026|507948|0000000000003667|0000000000296380|0000000000003667|0000000000296380|100.00
23022026|507960|0000000000000906|0000000000171370|0000000000001167|0000000000221674|077.63
23022026|507962|0000000000007317|0000000000473253|0000000000007317|0000000000473253|100.00
23022026|507966|0000000000001005|0000000000039195|0000000000001005|0000000000039195|100.00
23022026|507968|0000000000000200|0000000000004722|0000000000000200|0000000000004722|100.00
23022026|507970|0000000000000339|0000000000011869|0000000000000376|0000000000013156|090.16
23022026|507981|0000000000000413|0000000000026722|0000000000000423|0000000000027062|097.64
23022026|507984|0000000000000389|0000000000288860|0000000000000389|0000000000288860|100.00
23022026|507998|0000000000007870|0000000001113999|0000000000012068|0000000001718493|065.21
23022026|508136|0000000000000208|0000000000080080|0000000000000218|0000000000084215|095.41
23022026|508486|0000000000000535|0000000003854301|0000000000000796|0000000005783467|067.21
23022026|508494|0000000000000007|0000000000000308|0000000000000008|0000000000000348|087.50
23022026|508571|0000000000000138|0000000000018741|0000000000000217|0000000000029447|063.59
23022026|508664|0000000000000353|0000000000004088|0000000000000434|0000000000004952|081.34
23022026|508670|0000000000000007|0000000000022624|0000000000000010|0000000000032873|070.00
23022026|508807|0000000000000462|0000000000333010|0000000000000610|0000000000449308|075.74
23022026|508814|0000000000001616|0000000001073994|0000000000003556|0000000002391607|045.44
23022026|508860|0000000000027893|0000000000022641|0000000000027893|0000000000022641|100.00
23022026|508869|0000000000005680|0000000043697092|0000000000009085|0000000069620636|062.52
23022026|508875|0000000000000399|0000000000201855|0000000000000506|0000000000260491|078.85
23022026|508905|0000000000000200|0000000000017160|0000000000000225|0000000000019570|088.89
23022026|508906|0000000000000526|0000000000205640|0000000000000575|0000000000225518|091.48
23022026|508918|0000000000008215|0000000000406479|0000000000010557|0000000000522974|077.82
23022026|508922|0000000000476533|0000000002781693|0000000000476533|0000000002781693|100.00
23022026|508929|0000000000000006|0000000000003762|0000000000000006|0000000000003761|100.00
23022026|508933|0000000000001944|0000000000400659|0000000000002448|0000000000496834|079.41
23022026|508941|0000000000000437|0000000000206308|0000000000000470|0000000000222289|092.98
23022026|508954|0000000000000545|0000000000044309|0000000000000563|0000000000045783|096.80
23022026|508956|0000000000002239|0000000000027473|0000000000002978|0000000000036813|075.18
23022026|508961|0000000000000304|0000000000058404|0000000000000304|0000000000058404|100.00
23022026|508963|0000000000000183|0000000000003469|0000000000000183|0000000000003469|100.00
23022026|508969|0000000000031767|0000000000073700|0000000000050000|0000000000116833|063.53
23022026|508980|0000000000024378|0000000000190178|0000000000024378|0000000000190178|100.00
23022026|508989|0000000000000778|0000000000118996|0000000000001382|0000000000210654|056.30
23022026|509009|0000000000008177|0000000000818408|0000000000008177|0000000000818408|100.00
23022026|509015|0000000000052329|0000000000892210|0000000000052359|0000000000892612|099.94
23022026|509020|0000000000023754|0000000000141574|0000000000024406|0000000000144509|097.33
23022026|509024|0000000000009057|0000000000102345|0000000000009687|0000000000107723|093.50
23022026|509026|0000000000000506|0000000000047534|0000000000000506|0000000000045005|100.00
23022026|509038|0000000000001857|0000000000021412|0000000000001859|0000000000022065|099.89
23022026|509040|0000000000000268|0000000000052073|0000000000000322|0000000000060803|083.23
23022026|509046|0000000000000100|0000000000003940|0000000000000100|0000000000003940|100.00
23022026|509048|0000000000000635|0000000000017144|0000000000000635|0000000000017144|100.00
23022026|509051|0000000001389797|0000000000917267|0000000002134622|0000000001400333|065.11
23022026|509053|0000000000106746|0000000000704524|0000000000113300|0000000000754241|094.22
23022026|509055|0000000000002582|0000000000160678|0000000000003358|0000000000210395|076.89
23022026|509069|0000000000000306|0000000000001601|0000000000000325|0000000000001723|094.15
23022026|509073|0000000000000602|0000000000007826|0000000000000602|0000000000007493|100.00
23022026|509079|0000000000000600|0000000000169980|0000000000001070|0000000000302281|056.07
23022026|509084|0000000000000095|0000000000011428|0000000000000095|0000000000011428|100.00
23022026|509152|0000000000000008|0000000000014076|0000000000000008|0000000000014243|100.00
23022026|509162|0000000000001822|0000000000185025|0000000000002541|0000000000260255|071.70
23022026|509196|0000000000000300|0000000000022050|0000000000000426|0000000000031021|070.42
23022026|509220|0000000000002059|0000000000078345|0000000000002235|0000000000084970|092.13
23022026|509243|0000000000000172|0000000000698338|0000000000000181|0000000000737015|095.03
23022026|509423|0000000000000029|0000000000001011|0000000000000029|0000000000001004|100.00
23022026|509438|0000000000000118|0000000001121372|0000000000000142|0000000001350157|083.10
23022026|509449|0000000000000001|0000000000000045|0000000000000001|0000000000000044|100.00
23022026|509470|0000000000000011|0000000000225243|0000000000000018|0000000000369601|061.11
23022026|509472|0000000000000035|0000000000013185|0000000000000050|0000000000018596|070.00
23022026|509480|0000000000006750|0000000003136725|0000000000011635|0000000005375089|058.01
23022026|509486|0000000000000742|0000000000060830|0000000000000797|0000000000065629|093.10
23022026|509488|0000000000015414|0000000010704253|0000000000042133|0000000029240312|036.58
23022026|509496|0000000000014951|0000000009037132|0000000000027896|0000000016879379|053.60
23022026|509525|0000000000000437|0000000000395791|0000000000000438|0000000000396530|099.77
23022026|509546|0000000000024960|0000000000747053|0000000000030332|0000000000913780|082.29
23022026|509557|0000000000001061|0000000000697449|0000000000001932|0000000001275112|054.92
23022026|509563|0000000000004221|0000000000101558|0000000000004852|0000000000116069|087.00
23022026|509567|0000000000000692|0000000000263756|0000000000000844|0000000000322653|081.99
23022026|509597|0000000000000039|0000000000026577|0000000000000057|0000000000037268|068.42
23022026|509631|0000000000042354|0000000023491647|0000000000084149|0000000046711178|050.33
23022026|509635|0000000000001006|0000000000439673|0000000000001007|0000000000433109|099.90
23022026|509675|0000000000000388|0000000000609122|0000000000000476|0000000000742686|081.51
23022026|509692|0000000000000222|0000000000047952|0000000000000281|0000000000061027|079.00
23022026|509709|0000000000002108|0000000000166575|0000000000002575|0000000000205397|081.86
23022026|509715|0000000000002905|0000000000236874|0000000000002940|0000000000241411|098.81
23022026|509732|0000000000009925|0000000001869870|0000000000016333|0000000003074373|060.77
23022026|509760|0000000000000097|0000000000003395|0000000000000174|0000000000005791|055.75
23022026|509762|0000000000009694|0000000000504544|0000000000009694|0000000000504544|100.00
23022026|509820|0000000000004875|0000000000875307|0000000000006178|0000000001122000|078.91
23022026|509835|0000000000000002|0000000000000036|0000000000000004|0000000000000070|050.00
23022026|509874|0000000000001399|0000000000079478|0000000000001676|0000000000095265|083.47
23022026|509887|0000000000000033|0000000000020597|0000000000000033|0000000000020597|100.00
23022026|509895|0000000000000025|0000000000004403|0000000000000025|0000000000004310|100.00
23022026|509930|0000000000022930|0000000090346493|0000000000025847|0000000101468557|088.71
23022026|509945|0000000000000053|0000000000063600|0000000000000053|0000000000063541|100.00
23022026|509953|0000000000000177|0000000000103075|0000000000000177|0000000000103075|100.00
23022026|509960|0000000000000450|0000000000676350|0000000000000805|0000000001200510|055.90
23022026|509966|0000000000001946|0000000000466846|0000000000004629|0000000001108033|042.04
23022026|510245|0000000000014716|0000000000054008|0000000000018165|0000000000067170|081.01
23022026|511000|0000000000002206|0000000000046415|0000000000002841|0000000000060381|077.65
23022026|511012|0000000000277376|0000000000221900|0000000000277376|0000000000221900|100.00
23022026|511018|0000000000221035|0000000011995570|0000000000352426|0000000018602069|062.72
23022026|511034|0000000000001112|0000000000515468|0000000000002632|0000000001226347|042.25
23022026|511038|0000000000002000|0000000000007500|0000000000002000|0000000000007500|100.00
23022026|511066|0000000000010057|0000000000256052|0000000000013417|0000000000345706|074.96
23022026|511076|0000000000003279|0000000000260615|0000000000004293|0000000000337849|076.38
23022026|511092|0000000000024315|0000000000164127|0000000000030512|0000000000201223|079.69
23022026|511108|0000000000000026|0000000000004136|0000000000000028|0000000000004549|092.86
23022026|511110|0000000000008052|0000000000162973|0000000000008134|0000000000162119|098.99
23022026|511116|0000000000917430|0000000000348059|0000000000917430|0000000000348059|100.00
23022026|511122|0000000000000290|0000000000024288|0000000000000554|0000000000042672|052.35
23022026|511131|0000000000004885|0000000000078160|0000000000005055|0000000000083347|096.64
23022026|511144|0000000000003816|0000000000620672|0000000000003816|0000000000620672|100.00
23022026|511147|0000000000000880|0000000000053777|0000000000001084|0000000000066350|081.18
23022026|511153|0000000000002825|0000000000054523|0000000000002986|0000000000058045|094.61
23022026|511169|0000000000000121|0000000000000486|0000000000000121|0000000000000492|100.00
23022026|511176|0000000000000012|0000000000001061|0000000000000012|0000000000001060|100.00
23022026|511187|0000000000004915|0000000000007812|0000000000004915|0000000000007812|100.00
23022026|511194|0000000000000304|0000000000013902|0000000000000314|0000000000014687|096.82
23022026|511196|0000000000006254|0000000005667688|0000000000009490|0000000008552784|065.90
23022026|511208|0000000000024106|0000000000181760|0000000000028733|0000000000214792|083.90
23022026|511218|0000000000026888|0000000028642442|0000000000069298|0000000074067465|038.80
23022026|511243|0000000000010084|0000000017048515|0000000000019461|0000000032905936|051.82
23022026|511246|0000000000000223|0000000000001024|0000000000000225|0000000000001215|099.11
23022026|511260|0000000000105844|0000000005291450|0000000000105844|0000000005291450|100.00
23022026|511333|0000000000001003|0000000000257270|0000000000001041|0000000000268096|096.35
23022026|511355|0000000000004622|0000000000056805|0000000000004841|0000000000058607|095.48
23022026|511359|0000000000000947|0000000000050210|0000000000001930|0000000000102118|049.07
23022026|511377|0000000000000033|0000000000000990|0000000000000033|0000000000000990|100.00
23022026|511391|0000000000000779|0000000000045346|0000000000000780|0000000000045098|099.87
23022026|511401|0000000000000026|0000000000000164|0000000000000026|0000000000000157|100.00
23022026|511411|0000000000000248|0000000000006860|0000000000000402|0000000000011055|061.69
23022026|511413|0000000000000328|0000000000111209|0000000000000337|0000000000114244|097.33
23022026|511431|0000000000082395|0000000000568526|0000000000116887|0000000000812744|070.49
23022026|511447|0000000018612489|0000000011353619|0000000028067657|0000000016950105|066.31
23022026|511451|0000000000000236|0000000000002323|0000000000000391|0000000000003955|060.36
23022026|511463|0000000000002031|0000000000018625|0000000000002993|0000000000027976|067.86
23022026|511473|0000000000001372|0000000000049077|0000000000001386|0000000000050112|098.99
23022026|511493|0000000000049958|0000000000169358|0000000000059887|0000000000198881|083.42
23022026|511501|0000000000004734|0000000000123937|0000000000005268|0000000000135421|089.86
23022026|511505|0000000000002435|0000000000032362|0000000000002683|0000000000035574|090.76
23022026|511507|0000000000000004|0000000000000224|0000000000000005|0000000000000281|080.00
23022026|511509|0000000000009550|0000000000266636|0000000000009996|0000000000287248|095.54
23022026|511523|0000000000093041|0000000001858960|0000000000171685|0000000003456956|054.19
23022026|511525|0000000000047080|0000000000088040|0000000000057634|0000000000109105|081.69
23022026|511533|0000000000002796|0000000000110918|0000000000003131|0000000000124132|089.30
23022026|511535|0000000000042467|0000000002005292|0000000000117358|0000000005485122|036.19
23022026|511539|0000000000000932|0000000000013796|0000000000000932|0000000000013796|100.00
23022026|511543|0000000000000720|0000000000027360|0000000000000720|0000000000027300|100.00
23022026|511549|0000000000003405|0000000000204300|0000000000003466|0000000000205353|098.24
23022026|511551|0000000000000713|0000000000202671|0000000000000834|0000000000239873|085.49
23022026|511557|0000000022140441|0000000080192879|0000000022140441|0000000080192879|100.00
23022026|511559|0000000000000047|0000000000011946|0000000000000047|0000000000012327|100.00
23022026|511563|0000000000000733|0000000000032312|0000000000000733|0000000000032312|100.00
23022026|511571|0000000000003759|0000000000518179|0000000000004815|0000000000661916|078.07
23022026|511577|0000000000002319|0000000000034043|0000000000002392|0000000000035742|096.95
23022026|511585|0000000000000081|0000000000000266|0000000000000081|0000000000000267|100.00
23022026|511589|0000000000001337|0000000000020082|0000000000001570|0000000000023637|085.16
23022026|511593|0000000000000206|0000000000003678|0000000000000206|0000000000003678|100.00
23022026|511601|0000000000001712|0000000000014005|0000000000002037|0000000000016596|084.05
23022026|511605|0000000000055720|0000000004694410|0000000000109039|0000000009192926|051.10
23022026|511609|0000000000000201|0000000000005974|0000000000000251|0000000000007355|080.08
23022026|511611|0000000000002700|0000000000012717|0000000000002703|0000000000012744|099.89
23022026|511626|0000000000004588|0000000000481205|0000000000004588|0000000000481205|100.00
23022026|511628|0000000000028018|0000000001279302|0000000000040640|0000000001871909|068.94
23022026|511630|0000000000000245|0000000000001944|0000000000000245|0000000000001944|100.00
23022026|511636|0000000000170400|0000000000408960|0000000000204364|0000000000520463|083.38
23022026|511644|0000000000007099|0000000000473503|0000000000007099|0000000000473503|100.00
23022026|511654|0000000000000601|0000000000041367|0000000000000915|0000000000060190|065.68
23022026|511658|0000000000006105|0000000000110013|0000000000006539|0000000000119354|093.36
23022026|511660|0000000000001100|0000000000008657|0000000000001100|0000000000008657|100.00
23022026|511664|0000000000231074|0000000002754403|0000000000256512|0000000003070298|090.08
23022026|511672|0000000000007596|0000000000234793|0000000000007753|0000000000238251|097.97
23022026|511676|0000000000001802|0000000000284626|0000000000001931|0000000000306020|093.32
23022026|511692|0000000000013729|0000000000084297|0000000000014031|0000000000082142|097.85
23022026|511700|0000000001553880|0000000000745863|0000000002397531|0000000001163272|064.81
23022026|511702|0000000000001184|0000000000191927|0000000000001309|0000000000212759|090.45
23022026|511710|0000000000051539|0000000000106836|0000000000051539|0000000000106836|100.00
23022026|511712|0000000000000046|0000000000003735|0000000000000048|0000000000003899|095.83
23022026|511714|0000000000000555|0000000000114858|0000000000008841|0000000001791077|006.28
23022026|511716|0000000000001319|0000000000007295|0000000000001321|0000000000007396|099.85
23022026|511724|0000000000004613|0000000000051482|0000000000005850|0000000000065156|078.85
23022026|511726|0000000000057005|0000000000629372|0000000000057005|0000000000629372|100.00
23022026|511728|0000000000000615|0000000000010289|0000000000000615|0000000000010289|100.00
23022026|511730|0000000000000200|0000000000003262|0000000000000200|0000000000003262|100.00
23022026|511734|0000000000000021|0000000000000299|0000000000000021|0000000000000299|100.00
23022026|511740|0000000000000100|0000000000013650|0000000000000101|0000000000012636|099.01
23022026|511742|0000000000014685|0000000001709334|0000000000023335|0000000002722825|062.93
23022026|511754|0000000000000191|0000000000017832|0000000000000276|0000000000025803|069.20
23022026|511756|0000000000000510|0000000000019632|0000000000000510|0000000000019632|100.00
23022026|511758|0000000000000250|0000000000018030|0000000000000545|0000000000039594|045.87
23022026|511764|0000000000029468|0000000000912919|0000000000040145|0000000001287391|073.40
23022026|511766|0000000000000101|0000000000023281|0000000000000294|0000000000068437|034.35
23022026|511768|0000000000007012|0000000000605837|0000000000013261|0000000001144187|052.88
23022026|512008|0000000000005420|0000000001437384|0000000000018690|0000000004966875|029.00
23022026|512014|0000000000000294|0000000000224616|0000000000000324|0000000000245747|090.74
23022026|512018|0000000000010008|0000000000080165|0000000000017529|0000000000139775|057.09
23022026|512020|0000000000000041|0000000000481943|0000000000000212|0000000002469522|019.34
23022026|512024|0000000000000042|0000000000003977|0000000000000042|0000000000003977|100.00
23022026|512025|0000000000150086|0000000007198125|0000000000260181|0000000012790405|057.69
23022026|512036|0000000000000159|0000000000019486|0000000000000159|0000000000020004|100.00
23022026|512038|0000000000003593|0000000001569064|0000000000004367|0000000001911726|082.28
23022026|512047|0000000001232569|0000000004905625|0000000001540624|0000000006303614|080.00
23022026|512048|0000000000191602|0000000000461761|0000000000219131|0000000000521908|087.44
23022026|512062|0000000000000050|0000000000001383|0000000000000050|0000000000001383|100.00
23022026|512064|0000000000000001|0000000000000054|0000000000000001|0000000000000054|100.00
23022026|512065|0000000000000187|0000000000002135|0000000000000187|0000000000002135|100.00
23022026|512068|0000000000297411|0000000037652233|0000000000514541|0000000065002525|057.80
23022026|512070|0000000000671208|0000000432694238|0000000001336401|0000000868193866|050.22
23022026|512091|0000000000000001|0000000000000009|0000000000000001|0000000000000009|100.00
23022026|512093|0000000000008956|0000000000040810|0000000000008956|0000000000040810|100.00
23022026|512097|0000000000178254|0000000000049912|0000000000178257|0000000000050678|100.00
23022026|512099|0000000000000007|0000000000006564|0000000000000007|0000000000006564|100.00
23022026|512103|0000000000001070|0000000000353100|0000000000001070|0000000000353073|100.00
23022026|512109|0000000000001000|0000000000058310|0000000000001000|0000000000058310|100.00
23022026|512115|0000000000001667|0000000000114090|0000000000002453|0000000000168018|067.96
23022026|512131|0000000000000372|0000000000018150|0000000000000372|0000000000018189|100.00
23022026|512149|0000000006940267|0000000007999086|0000000006940267|0000000007999086|100.00
23022026|512161|0000000000000338|0000000000007468|0000000000000338|0000000000007468|100.00
23022026|512165|0000000000301352|0000000007383124|0000000000301941|0000000007398050|099.80
23022026|512169|0000000000029709|0000000000302717|0000000000029709|0000000000302717|100.00
23022026|512175|0000000000077204|0000000000324257|0000000000087580|0000000000365361|088.15
23022026|512179|0000000000011070|0000000004550877|0000000000014093|0000000005767340|078.55
23022026|512197|0000000000003473|0000000000016855|0000000000003473|0000000000016855|100.00
23022026|512217|0000000000013997|0000000000331729|0000000000013997|0000000000331728|100.00
23022026|512229|0000000000007797|0000000001391624|0000000000007797|0000000001391624|100.00
23022026|512237|0000000000003433|0000000000394624|0000000000005800|0000000000670163|059.19
23022026|512247|0000000000026431|0000000000069250|0000000000035638|0000000000093458|074.17
23022026|512257|0000000000016220|0000000000056933|0000000000018254|0000000000064369|088.86
23022026|512267|0000000000170847|0000000001819521|0000000000195554|0000000002069440|087.37
23022026|512277|0000000000000878|0000000000385492|0000000000000878|0000000000385492|100.00
23022026|512296|0000000000041994|0000000006418783|0000000000063564|0000000009884237|066.07
23022026|512297|0000000000000610|0000000000021990|0000000000000610|0000000000021990|100.00
23022026|512301|0000000000010429|0000000000218904|0000000000010429|0000000000218904|100.00
23022026|512329|0000000000006927|0000000002998006|0000000000015885|0000000006901371|043.61
23022026|512344|0000000000002206|0000000000011913|0000000000002256|0000000000012751|097.78
23022026|512345|0000000000000001|0000000000000150|0000000000000001|0000000000000150|100.00
23022026|512361|0000000000047482|0000000001707453|0000000000052731|0000000001880511|090.05
23022026|512379|0000000000224152|0000000000625385|0000000000270834|0000000000754335|082.76
23022026|512381|0000000000000170|0000000000045926|0000000000003224|0000000000875749|005.27
23022026|512393|0000000000009030|0000000000268011|0000000000011841|0000000000357699|076.26
23022026|512399|0000000000005329|0000000000202502|0000000000005882|0000000000224022|090.60
23022026|512405|0000000000029300|0000000000686206|0000000000029300|0000000000686206|100.00
23022026|512415|0000000000050867|0000000000333688|0000000000063402|0000000000432495|080.23
23022026|512425|0000000000000006|0000000000003378|0000000000000006|0000000000003663|100.00
23022026|512437|0000000000000121|0000000000045654|0000000000000167|0000000000064462|072.46
23022026|512441|0000000000981264|0000000000392506|0000000001321725|0000000000534317|074.24
23022026|512443|0000000000005541|0000000000080456|0000000000006857|0000000000099437|080.81
23022026|512453|0000000000000621|0000000000371948|0000000000000811|0000000000489990|076.57
23022026|512455|0000000000014613|0000000016647861|0000000000021727|0000000024882697|067.26
23022026|512463|0000000000062328|0000000003323953|0000000000097357|0000000005229870|064.02
23022026|512477|0000000000000944|0000000000376203|0000000000000944|0000000000376203|100.00
23022026|512481|0000000000009879|0000000000055717|0000000000009879|0000000000055717|100.00
23022026|512485|0000000000000001|0000000000000074|0000000000000001|0000000000000073|100.00
23022026|512489|0000000000004937|0000000000090446|0000000000005426|0000000000101123|090.99
23022026|512493|0000000000072699|0000000004418331|0000000000072699|0000000004418331|100.00
23022026|512499|0000000000060334|0000000000029564|0000000000060334|0000000000029563|100.00
23022026|512519|0000000000000737|0000000000067922|0000000000001001|0000000000091909|073.63
23022026|512527|0000000000000891|0000000000565518|0000000000000951|0000000000600754|093.69
23022026|512529|0000000000008789|0000000001929186|0000000000014311|0000000003115804|061.41
23022026|512531|0000000000001287|0000000000150901|0000000000001831|0000000000216304|070.29
23022026|512553|0000000000000003|0000000000000559|0000000000000003|0000000000000566|100.00
23022026|512559|0000000000000632|0000000000015788|0000000000000892|0000000000022219|070.85
23022026|512573|0000000000053869|0000000070517215|0000000000108245|0000000143055231|049.77
23022026|512587|0000000000004232|0000000000160690|0000000000006033|0000000000227299|070.15
23022026|512589|0000000000000657|0000000000102755|0000000000001107|0000000000166905|059.35
23022026|512591|0000000016842143|0000000017099391|0000000016842143|0000000017099391|100.00
23022026|512595|0000000000000189|0000000000143557|0000000000000189|0000000000143557|100.00
23022026|512597|0000000000001168|0000000000340414|0000000000001775|0000000000524950|065.80
23022026|512599|0000000000020099|0000000043977617|0000000000048483|0000000105804637|041.46
23022026|512600|0000000000014187|0000000001145033|0000000000018034|0000000001435535|078.67
23022026|512604|0000000000001007|0000000000007201|0000000000001015|0000000000007236|099.21
23022026|512608|0000000000156319|0000000000623713|0000000000167119|0000000000672161|093.54
23022026|512618|0000000000000658|0000000000006587|0000000000000658|0000000000007589|100.00
23022026|512624|0000000000191721|0000000001150326|0000000000231021|0000000001428874|082.99
23022026|512626|0000000000000512|0000000000092928|0000000000000710|0000000000127119|072.11
23022026|512634|0000000000001259|0000000000190550|0000000000001276|0000000000192450|098.67
23022026|513005|0000000000001147|0000000000049012|0000000000001552|0000000000066977|073.90
23022026|513023|0000000000002380|0000000001351007|0000000000005061|0000000002881165|047.03
23022026|513043|0000000000003686|0000000000489686|0000000000004064|0000000000536375|090.70
23022026|513059|0000000000005230|0000000000172172|0000000000005780|0000000000189605|090.48
23022026|513063|0000000000002854|0000000000061875|0000000000002938|0000000000062576|097.14
23022026|513097|0000000000007036|0000000003528554|0000000000010997|0000000005513121|063.98
23022026|513108|0000000000000301|0000000000272556|0000000000000356|0000000000323510|084.55
23022026|513117|0000000000009986|0000000000069104|0000000000015059|0000000000102144|066.31
23022026|513119|0000000000025271|0000000017752877|0000000000025271|0000000017752877|100.00
23022026|513121|0000000000002194|0000000000143576|0000000000005298|0000000000346861|041.41
23022026|513149|0000000000000275|0000000000201300|0000000000000275|0000000000202680|100.00
23022026|513173|0000000000000593|0000000000011588|0000000000000764|0000000000015165|077.62
23022026|513228|0000000000033972|0000000005021062|0000000000068529|0000000010020114|049.57
23022026|513250|0000000000211964|0000000002630474|0000000000566021|0000000007018793|037.45
23022026|513252|0000000000000323|0000000000291201|0000000000000498|0000000000443706|064.86
23022026|513262|0000000000002579|0000000000560933|0000000000003874|0000000000844279|066.57
23022026|513269|0000000000017935|0000000007897678|0000000000045883|0000000020123014|039.09
23022026|513295|0000000000005194|0000000001052824|0000000000007660|0000000001563567|067.81
23022026|513303|0000000000009303|0000000000125684|0000000000012962|0000000000173920|071.77
23022026|513307|0000000000000664|0000000001297380|0000000000000664|0000000001297380|100.00
23022026|513309|0000000000017061|0000000000140196|0000000000017061|0000000000140196|100.00
23022026|513337|0000000002332750|0000000001422978|0000000003957300|0000000002405694|058.95
23022026|513343|0000000000000700|0000000000007322|0000000000000700|0000000000007322|100.00
23022026|513349|0000000000029571|0000000003956600|0000000000038421|0000000005192096|076.97
23022026|513353|0000000000003246|0000000000813123|0000000000003525|0000000000889627|092.09
23022026|513361|0000000000960979|0000000014664540|0000000001135466|0000000017905534|084.63
23022026|513369|0000000000001037|0000000000134344|0000000000001408|0000000000183413|073.65
23022026|513375|0000000000003781|0000000003210259|0000000000006425|0000000005456514|058.85
23022026|513377|0000000000023199|0000000001427667|0000000000062737|0000000003873920|036.98
23022026|513397|0000000000000154|0000000000001832|0000000000000156|0000000000001842|098.72
23022026|513401|0000000000008474|0000000000226671|0000000000008474|0000000000226671|100.00
23022026|513403|0000000000000459|0000000000005333|0000000000000459|0000000000005333|100.00
23022026|513418|0000000000081319|0000000000508244|0000000000119721|0000000000757338|067.92
23022026|513422|0000000000000505|0000000000017675|0000000000000614|0000000000019578|082.25
23022026|513430|0000000000000200|0000000000005714|0000000000000200|0000000000005714|100.00
23022026|513456|0000000000002307|0000000000128962|0000000000003041|0000000000169195|075.86
23022026|513460|0000000000000051|0000000000000423|0000000000000051|0000000000000423|100.00
23022026|513472|0000000000001823|0000000000791182|0000000000002552|0000000001107451|071.43
23022026|513488|0000000000000136|0000000000002646|0000000000000140|0000000000002704|097.14
23022026|513496|0000000000000469|0000000000128693|0000000000000469|0000000000128693|100.00
23022026|513498|0000000000000937|0000000000077144|0000000000001079|0000000000090277|086.84
23022026|513502|0000000000173915|0000000001616990|0000000000173915|0000000001616990|100.00
23022026|513507|0000000000000600|0000000000098070|0000000000000600|0000000000098070|100.00
23022026|513509|0000000000000549|0000000000349659|0000000000000656|0000000000422609|083.69
23022026|513511|0000000000000257|0000000000082742|0000000000000364|0000000000120366|070.60
23022026|513513|0000000000000084|0000000000000840|0000000000000091|0000000000000931|092.31
23022026|513517|0000000000001127|0000000000267663|0000000000001344|0000000000317310|083.85
23022026|513519|0000000000000747|0000000000672188|0000000000001342|0000000001208769|055.66
23022026|513528|0000000000019688|0000000001299604|0000000000019688|0000000001299604|100.00
23022026|513532|0000000000012351|0000000004201811|0000000000017494|0000000005898769|070.60
23022026|513536|0000000000054558|0000000005695856|0000000000060708|0000000006325613|089.87
23022026|513544|0000000000000010|0000000000001055|0000000000000010|0000000000001054|100.00
23022026|513548|0000000000000063|0000000000010707|0000000000000068|0000000000011732|092.65
23022026|513554|0000000000000163|0000000000123161|0000000000000163|0000000000123161|100.00
23022026|513566|0000000000001558|0000000000020254|0000000000001649|0000000000021433|094.48
23022026|513575|0000000000001563|0000000000036246|0000000000001943|0000000000045260|080.44
23022026|513599|0000000000842521|0000000474676332|0000000001744435|0000000997305348|048.30
23022026|513629|0000000000014209|0000000000359630|0000000000014449|0000000000372869|098.34
23022026|513642|0000000000000202|0000000000009252|0000000000000252|0000000000011562|080.16
23022026|513683|0000000000012400|0000000003289720|0000000000037256|0000000009872823|033.28
23022026|513687|0000000000000176|0000000000001022|0000000000000176|0000000000001022|100.00
23022026|513693|0000000000005239|0000000000159476|0000000000005256|0000000000156554|099.68
23022026|513699|0000000000000305|0000000000008653|0000000000000313|0000000000008835|097.44
23022026|513709|0000000000000178|0000000000032503|0000000000000190|0000000000034683|093.68
23022026|513713|0000000000025977|0000000000102090|0000000000035800|0000000000144255|072.56
23022026|513721|0000000000004323|0000000000074572|0000000000004423|0000000000076106|097.74
23022026|513729|0000000000001980|0000000000056490|0000000000018984|0000000000537569|010.43
23022026|514010|0000000000199384|0000000004735370|0000000000209439|0000000004732788|095.20
23022026|514028|0000000000000873|0000000000034021|0000000000000883|0000000000034697|098.87
23022026|514030|0000000000001152|0000000000140314|0000000000001804|0000000000220089|063.86
23022026|514036|0000000000000226|0000000000051902|0000000000000226|0000000000051902|100.00
23022026|514043|0000000000009918|0000000001051308|0000000000020144|0000000002151701|049.24
23022026|514045|0000000000000164|0000000000021476|0000000000000174|0000000000022801|094.25
23022026|514060|0000000000004408|0000000000022173|0000000000009419|0000000000046980|046.80
23022026|514087|0000000000001458|0000000000082392|0000000000001964|0000000000110555|074.24
23022026|514113|0000000000000100|0000000000002200|0000000000000100|0000000000002200|100.00
23022026|514128|0000000000000276|0000000000011290|0000000000000276|0000000000011290|100.00
23022026|514138|0000000000001696|0000000000593770|0000000000001806|0000000000620200|093.91
23022026|514140|0000000000000371|0000000000007539|0000000000000371|0000000000007539|100.00
23022026|514142|0000000000002429|0000000000023222|0000000000002510|0000000000024516|096.77
23022026|514162|0000000000128982|0000000017980091|0000000000328992|0000000046356273|039.21
23022026|514165|0000000000020941|0000000000125437|0000000000025761|0000000000154827|081.29
23022026|514167|0000000000020739|0000000015790675|0000000000023331|0000000017550153|088.89
23022026|514171|0000000000000464|0000000000021352|0000000000000464|0000000000021352|100.00
23022026|514175|0000000000094092|0000000000669936|0000000000098090|0000000000710186|095.92
23022026|514177|0000000000000301|0000000000019739|0000000000000301|0000000000019739|100.00
23022026|514183|0000000000013073|0000000001079438|0000000000016784|0000000001389356|077.89
23022026|514197|0000000000003591|0000000000014652|0000000000004640|0000000000019141|077.39
23022026|514211|0000000000006536|0000000000151636|0000000000007503|0000000000172502|087.11
23022026|514221|0000000000212179|0000000000047415|0000000000212179|0000000000047415|100.00
23022026|514223|0000000000000938|0000000000017352|0000000000000938|0000000000017352|100.00
23022026|514234|0000000000001187|0000000000561333|0000000000001367|0000000000646719|086.83
23022026|514238|0000000000003775|0000000003366357|0000000000004489|0000000004057828|084.09
23022026|514240|0000000000002399|0000000000015762|0000000000002827|0000000000018990|084.86
23022026|514248|0000000000001000|0000000000036330|0000000000001000|0000000000036330|100.00
23022026|514264|0000000000001851|0000000000033133|0000000000001855|0000000000032872|099.78
23022026|514266|0000000000001562|0000000000082677|0000000000001564|0000000000082434|099.87
23022026|514272|0000000000008602|0000000000922995|0000000000009000|0000000000967483|095.58
23022026|514274|0000000000000800|0000000000107120|0000000000001007|0000000000133071|079.44
23022026|514280|0000000000000068|0000000000010166|0000000000000112|0000000000016771|060.71
23022026|514286|0000000000012310|0000000000187728|0000000000012391|0000000000190372|099.35
23022026|514300|0000000000000191|0000000000005163|0000000000000195|0000000000005265|097.95
23022026|514302|0000000000000001|0000000000000164|0000000000000001|0000000000000163|100.00
23022026|514316|0000000000008057|0000000000910844|0000000000009598|0000000001067493|083.94
23022026|514318|0000000000000050|0000000000020625|0000000000000050|0000000000020625|100.00
23022026|514322|0000000000000346|0000000000027345|0000000000000542|0000000000043430|063.84
23022026|514324|0000000000001640|0000000001101752|0000000000003717|0000000002501975|044.12
23022026|514326|0000000000002256|0000000000017056|0000000000002316|0000000000018519|097.41
23022026|514330|0000000000013523|0000000009728980|0000000000013523|0000000009728980|100.00
23022026|514332|0000000000002965|0000000000119460|0000000000003112|0000000000124143|095.28
23022026|514336|0000000000000219|0000000000016988|0000000000000219|0000000000016988|100.00
23022026|514348|0000000000001969|0000000000003512|0000000000001969|0000000000003512|100.00
23022026|514354|0000000000003318|0000000000169218|0000000000003338|0000000000170224|099.40
23022026|514358|0000000000000104|0000000000009766|0000000000000104|0000000000009883|100.00
23022026|514360|0000000000041585|0000000001250542|0000000000041585|0000000001250542|100.00
23022026|514378|0000000000006091|0000000000080950|0000000000006161|0000000000081717|098.86
23022026|514386|0000000000048520|0000000000412420|0000000000055003|0000000000467690|088.21
23022026|514400|0000000000000332|0000000000008617|0000000000000332|0000000000008617|100.00
23022026|514402|0000000000041978|0000000000549073|0000000000044235|0000000000580634|094.90
23022026|514418|0000000000000289|0000000000121395|0000000000000290|0000000000121813|099.66
23022026|514428|0000000000000460|0000000000138529|0000000000000566|0000000000170535|081.27
23022026|514440|0000000000008837|0000000000419220|0000000000008837|0000000000419220|100.00
23022026|514442|0000000000008117|0000000000160798|0000000000009941|0000000000197509|081.65
23022026|514448|0000000000019897|0000000017111420|0000000000033037|0000000027999541|060.23
23022026|514454|0000000000000290|0000000000009280|0000000000000304|0000000000009860|095.39
23022026|514470|0000000000066097|0000000004934803|0000000000066115|0000000004963642|099.97
23022026|515008|0000000000064116|0000000015910386|0000000000093585|0000000023457778|068.51
23022026|515018|0000000000000392|0000000000017535|0000000000000426|0000000000019082|092.02
23022026|515030|0000000000001372|0000000001308065|0000000000002132|0000000002006644|064.35
23022026|515037|0000000000002440|0000000000081496|0000000000002699|0000000000090869|090.40
23022026|515043|0000000000025013|0000000002446272|0000000000035841|0000000003527275|069.79
23022026|515055|0000000000066296|0000000036277172|0000000000129569|0000000070881092|051.17
23022026|515059|0000000000001533|0000000000044810|0000000000001538|0000000000045035|099.67
23022026|515085|0000000000004347|0000000000027865|0000000000006158|0000000000040544|070.59
23022026|515127|0000000000016196|0000000000016127|0000000000016196|0000000000016127|100.00
23022026|515147|0000000000024105|0000000002197171|0000000000028899|0000000002635978|083.41
23022026|516003|0000000000008821|0000000001222150|0000000000010820|0000000001526874|081.52
23022026|516016|0000000000000646|0000000000095899|0000000000000868|0000000000130361|074.42
23022026|516020|0000000000000001|0000000000000005|0000000000000001|0000000000000004|100.00
23022026|516022|0000000000001850|0000000000266308|0000000000001850|0000000000264922|100.00
23022026|516030|0000000000002432|0000000000218054|0000000000003645|0000000000326854|066.72
23022026|516032|0000000000013333|0000000000097331|0000000000014704|0000000000107017|090.68
23022026|516038|0000000000001891|0000000000496983|0000000000001891|0000000000496983|100.00
23022026|516062|0000000000003005|0000000000016106|0000000000003005|0000000000016106|100.00
23022026|516064|0000000000001530|0000000000649715|0000000000005878|0000000002463650|026.03
23022026|516072|0000000000001412|0000000000728804|0000000000002083|0000000001081773|067.79
23022026|516078|0000000000001316|0000000000079750|0000000000001341|0000000000081422|098.14
23022026|516082|0000000000000205|0000000000093183|0000000000000206|0000000000093689|099.51
23022026|516092|0000000000000148|0000000000005047|0000000000000160|0000000000005349|092.50
23022026|516098|0000000000003811|0000000000032356|0000000000006640|0000000000056048|057.39
23022026|516106|0000000000003411|0000000000023468|0000000000003705|0000000000025788|092.06
23022026|516108|0000000000005000|0000000000455200|0000000000006311|0000000000582156|079.23
23022026|516110|0000000000041090|0000000000139706|0000000000051192|0000000000173157|080.27
23022026|517015|0000000000000669|0000000000711315|0000000000000779|0000000000826250|085.88
23022026|517035|0000000000058174|0000000010369516|0000000000140469|0000000025445523|041.41
23022026|517041|0000000000000697|0000000000748265|0000000000000905|0000000000982041|077.02
23022026|517059|0000000000001498|0000000000975498|0000000000002656|0000000001752866|056.40
23022026|517063|0000000000004667|0000000000603444|0000000000006405|0000000000851518|072.86
23022026|517096|0000000000002084|0000000000154800|0000000000003418|0000000000260210|060.97
23022026|517119|0000000000000521|0000000000010504|0000000000000716|0000000000014626|072.77
23022026|517146|0000000000011670|0000000004726934|0000000000020990|0000000008524527|055.60
23022026|517166|0000000000033698|0000000005266998|0000000000065633|0000000010365783|051.34
23022026|517168|0000000000000979|0000000000787753|0000000000001821|0000000001474199|053.76
23022026|517170|0000000000049174|0000000001165424|0000000000054774|0000000001358492|089.78
23022026|517174|0000000000000118|0000000003735698|0000000000000266|0000000008355699|044.36
23022026|517201|0000000000005723|0000000000470389|0000000000005723|0000000000470389|100.00
23022026|517206|0000000000000340|0000000002077757|0000000000000667|0000000004143016|050.97
23022026|517214|0000000000004811|0000000000096942|0000000000005813|0000000000118724|082.76
23022026|517230|0000000000000013|0000000000000160|0000000000000013|0000000000000160|100.00
23022026|517236|0000000000015661|0000000001273553|0000000000015661|0000000001273553|100.00
23022026|517238|0000000000000205|0000000000035588|0000000000000206|0000000000034796|099.51
23022026|517246|0000000000010460|0000000001768786|0000000000012785|0000000002176420|081.81
23022026|517258|0000000000000856|0000000000123008|0000000000001069|0000000000151817|080.07
23022026|517264|0000000000000424|0000000000037558|0000000000000471|0000000000040722|090.02
23022026|517271|0000000000055408|0000000039090344|0000000000112697|0000000080295277|049.17
23022026|517273|0000000000001043|0000000000348511|0000000000001043|0000000000348511|100.00
23022026|517286|0000000000103933|0000000005416988|0000000000123459|0000000006544080|084.18
23022026|517288|0000000000000913|0000000000056743|0000000000001039|0000000000065711|087.87
23022026|517300|0000000000003490|0000000000483365|0000000000006275|0000000000873404|055.62
23022026|517320|0000000000000011|0000000000000629|0000000000000011|0000000000000629|100.00
23022026|517330|0000000000000406|0000000000001860|0000000000000406|0000000000001860|100.00
23022026|517334|0000000000107281|0000000014032355|0000000000283757|0000000036884841|037.81
23022026|517344|0000000000002795|0000000000610568|0000000000003787|0000000000842123|073.81
23022026|517354|0000000000003638|0000000005137402|0000000000007911|0000000011166815|045.99
23022026|517356|0000000000172658|0000000000183018|0000000000212261|0000000000222891|081.34
23022026|517360|0000000000002220|0000000000037518|0000000000003293|0000000000057431|067.42
23022026|517370|0000000000002595|0000000000199919|0000000000003116|0000000000239827|083.28
23022026|517372|0000000000000935|0000000000404902|0000000000001059|0000000000463162|088.29
23022026|517380|0000000000000612|0000000000223962|0000000000000810|0000000000297147|075.56
23022026|517385|0000000000002358|0000000001990860|0000000000003765|0000000003176786|062.63
23022026|517393|0000000000093590|0000000001038347|0000000000093590|0000000001038347|100.00
23022026|517397|0000000000000050|0000000000001975|0000000000000050|0000000000001975|100.00
23022026|517399|0000000000008567|0000000000030724|0000000000008567|0000000000030724|100.00
23022026|517411|0000000000000245|0000000000002573|0000000000000245|0000000000002572|100.00
23022026|517415|0000000000014148|0000000000113326|0000000000017929|0000000000144699|078.91
23022026|517417|0000000000002197|0000000000493447|0000000000002933|0000000000657002|074.91
23022026|517421|0000000000000566|0000000000338072|0000000000000778|0000000000467308|072.75
23022026|517423|0000000000000008|0000000000001144|0000000000000008|0000000000001144|100.00
23022026|517429|0000000000000025|0000000000001943|0000000000000045|0000000000003540|055.56
23022026|517431|0000000000025975|0000000000614049|0000000000046715|0000000001112438|055.60
23022026|517447|0000000000007768|0000000000287416|0000000000008054|0000000000302510|096.45
23022026|517449|0000000000000762|0000000000748437|0000000000000826|0000000000807920|092.25
23022026|517467|0000000000175825|0000000024800117|0000000000338343|0000000048126382|051.97
23022026|517477|0000000000000895|0000000000314235|0000000000001490|0000000000538312|060.07
23022026|517494|0000000000010053|0000000000127875|0000000000013087|0000000000165645|076.82
23022026|517498|0000000000160733|0000000010277269|0000000000277468|0000000017816318|057.93
23022026|517500|0000000000015869|0000000000953886|0000000000026801|0000000001627170|059.21
23022026|517506|0000000000001176|0000000000622986|0000000000001836|0000000000978888|064.05
23022026|517514|0000000000020003|0000000002722409|0000000000023915|0000000003245627|083.64
23022026|517522|0000000000004173|0000000001781663|0000000000006618|0000000002842425|063.06
23022026|517530|0000000000001971|0000000000036149|0000000000002608|0000000000048394|075.58
23022026|517536|0000000000004017|0000000001107487|0000000000005600|0000000001572897|071.73
23022026|517544|0000000000010127|0000000027057319|0000000000027789|0000000072588749|036.44
23022026|517546|0000000000076498|0000000003353673|0000000000149150|0000000006517322|051.29
23022026|517554|0000000000312210|0000000000243524|0000000000485894|0000000000383018|064.25
23022026|517556|0000000000016124|0000000000468403|0000000000024957|0000000000752173|064.61
23022026|517562|0000000000000426|0000000000023558|0000000000000476|0000000000026823|089.50
23022026|517564|0000000000000849|0000000000050914|0000000000000849|0000000000050914|100.00
23022026|517569|0000000000007773|0000000037024743|0000000000032979|0000000157675437|023.57
23022026|518053|0000000000001132|0000000000053612|0000000000001925|0000000000092146|058.81
23022026|518075|0000000000021259|0000000005154865|0000000000021259|0000000005154865|100.00
23022026|518091|0000000000000621|0000000000080855|0000000000000642|0000000000082933|096.73
23022026|519003|0000000000000061|0000000000020008|0000000000000261|0000000000083734|023.37
23022026|519014|0000000000013532|0000000000213427|0000000000013532|0000000000213427|100.00
23022026|519031|0000000000000025|0000000000003858|0000000000000025|0000000000003858|100.00
23022026|519064|0000000000000005|0000000000000637|0000000000000005|0000000000000637|100.00
23022026|519091|0000000000000058|0000000000431399|0000000000000078|0000000000586659|074.36
23022026|519097|0000000000004831|0000000000299039|0000000000007119|0000000000438147|067.86
23022026|519105|0000000000000869|0000000000057302|0000000000001102|0000000000071978|078.86
23022026|519126|0000000000001109|0000000000540527|0000000000001172|0000000000570575|094.62
23022026|519136|0000000000000121|0000000000012462|0000000000000121|0000000000012165|100.00
23022026|519152|0000000000000011|0000000000110000|0000000000000012|0000000000119777|091.67
23022026|519156|0000000000000299|0000000001445665|0000000000000676|0000000003269944|044.23
23022026|519174|0000000000000396|0000000000004539|0000000000000396|0000000000004539|100.00
23022026|519183|0000000000004980|0000000001134444|0000000000006828|0000000001566209|072.93
23022026|519191|0000000000049569|0000000000074901|0000000000049569|0000000000074901|100.00
23022026|519214|0000000000000013|0000000000000091|0000000000000013|0000000000000086|100.00
23022026|519216|0000000000030163|0000000000743518|0000000000036515|0000000000899198|082.60
23022026|519224|0000000000000260|0000000000007629|0000000000000261|0000000000007653|099.62
23022026|519230|0000000000003927|0000000000074103|0000000000004426|0000000000079484|088.73
23022026|519234|0000000000000121|0000000000004433|0000000000000121|0000000000004385|100.00
23022026|519238|0000000000002326|0000000000103042|0000000000002803|0000000000125054|082.98
23022026|519242|0000000000001090|0000000000073820|0000000000001090|0000000000073820|100.00
23022026|519279|0000000000000010|0000000000000064|0000000000000010|0000000000000064|100.00
23022026|519285|0000000000005552|0000000000040854|0000000000005552|0000000000040854|100.00
23022026|519287|0000000000015285|0000000000495387|0000000000017003|0000000000552602|089.90
23022026|519295|0000000000000962|0000000000203704|0000000000000995|0000000000209436|096.68
23022026|519299|0000000000005931|0000000000236825|0000000000006995|0000000000291150|084.79
23022026|519307|0000000000040983|0000000000045370|0000000000040983|0000000000045370|100.00
23022026|519331|0000000000006503|0000000000247440|0000000000007007|0000000000277013|092.81
23022026|519359|0000000000001070|0000000000072461|0000000000001177|0000000000077243|090.91
23022026|519367|0000000000000137|0000000000062954|0000000000000137|0000000000062954|100.00
23022026|519383|0000000000003106|0000000000151014|0000000000003106|0000000000149012|100.00
23022026|519397|0000000000010606|0000000001733551|0000000000156327|0000000025520090|006.78
23022026|519421|0000000000008404|0000000001810222|0000000000010395|0000000002229212|080.85
23022026|519455|0000000000001747|0000000000107092|0000000000002980|0000000000181683|058.62
23022026|519457|0000000000001188|0000000000038183|0000000000001326|0000000000043076|089.59
23022026|519463|0000000000002589|0000000001327816|0000000000002589|0000000001327816|100.00
23022026|519471|0000000000002971|0000000000500763|0000000000003050|0000000000526450|097.41
23022026|519475|0000000000000715|0000000000050765|0000000000000725|0000000000051473|098.62
23022026|519477|0000000000030670|0000000040221512|0000000000030670|0000000040221512|100.00
23022026|519479|0000000000000033|0000000000000318|0000000000000033|0000000000000317|100.00
23022026|519483|0000000000000313|0000000000009262|0000000000000340|0000000000010074|092.06
23022026|519494|0000000000000295|0000000000020296|0000000000000824|0000000000057429|035.80
23022026|519500|0000000000003465|0000000000030562|0000000000004644|0000000000041745|074.61
23022026|519506|0000000000002400|0000000000052480|0000000000002400|0000000000052480|100.00
23022026|519528|0000000000000031|0000000000002952|0000000000000031|0000000000002952|100.00
23022026|519532|0000000000002309|0000000000022606|0000000000003809|0000000000037313|060.62
23022026|519552|0000000000008042|0000000002710959|0000000000013172|0000000004476718|061.05
23022026|519566|0000000000000261|0000000000040730|0000000000000262|0000000000041022|099.62
23022026|519574|0000000000009898|0000000000400375|0000000000012019|0000000000499227|082.35
23022026|519600|0000000000031709|0000000032736372|0000000000097254|0000000101664941|032.60
23022026|519602|0000000000142760|0000000002858056|0000000000262864|0000000005229844|054.31
23022026|519604|0000000000003613|0000000000076850|0000000000003613|0000000000076850|100.00
23022026|519606|0000000000000338|0000000000010437|0000000000000338|0000000000010437|100.00
23022026|519612|0000000000000362|0000000000028495|0000000000000362|0000000000028495|100.00
23022026|520008|0000000000087174|0000000010962131|0000000000257233|0000000033249759|033.89
23022026|520021|0000000000001252|0000000000139223|0000000000001341|0000000000149682|093.36
23022026|520043|0000000000001524|0000000000196673|0000000000008832|0000000001133255|017.26
23022026|520051|0000000000253053|0000000035035188|0000000000362719|0000000051230479|069.77
23022026|520056|0000000000000237|0000000003438124|0000000000000381|0000000005509853|062.20
23022026|520057|0000000000001970|0000000000270481|0000000000002777|0000000000382950|070.94
23022026|520059|0000000000007500|0000000000616650|0000000000008439|0000000000686096|088.87
23022026|520066|0000000000011392|0000000001223501|0000000000016008|0000000001713537|071.16
23022026|520073|0000000000003991|0000000005710323|0000000000007561|0000000010861619|052.78
23022026|520075|0000000000000401|0000000000050867|0000000000000462|0000000000058790|086.80
23022026|520081|0000000000000300|0000000000005640|0000000000000300|0000000000005640|100.00
23022026|520086|0000000000106114|0000000007018789|0000000000106114|0000000007018789|100.00
23022026|520111|0000000000000710|0000000001814831|0000000000001376|0000000003512987|051.60
23022026|520113|0000000000087970|0000000045797182|0000000000189991|0000000102711530|046.30
23022026|520119|0000000000000613|0000000000285965|0000000000000706|0000000000333011|086.83
23022026|520121|0000000000003266|0000000000045789|0000000000003266|0000000000045789|100.00
23022026|520123|0000000000001037|0000000000068256|0000000000001108|0000000000073548|093.59
23022026|520127|0000000000003126|0000000000042670|0000000000003259|0000000000045130|095.92
23022026|520141|0000000000001355|0000000000009946|0000000000001673|0000000000012722|080.99
23022026|520151|0000000000002101|0000000000310633|0000000000006030|0000000000925841|034.84
23022026|520155|0000000000001033|0000000000040566|0000000000001813|0000000000069855|056.98
23022026|521005|0000000002812215|0000000002609167|0000000002812215|0000000002609167|100.00
23022026|521016|0000000000013586|0000000003829215|0000000000032732|0000000009453318|041.51
23022026|521018|0000000000000047|0000000000002166|0000000000000049|0000000000002301|095.92
23022026|521034|0000000000000531|0000000000064958|0000000000000531|0000000000064958|100.00
23022026|521036|0000000000000115|0000000000000580|0000000000000115|0000000000000580|100.00
23022026|521048|0000000000000012|0000000000000292|0000000000000012|0000000000000291|100.00
23022026|521054|0000000000000200|0000000000002100|0000000000000200|0000000000002100|100.00
23022026|521062|0000000000009606|0000000000040585|0000000000009606|0000000000040585|100.00
23022026|521064|0000000001769264|0000000047027038|0000000005005924|0000000133933378|035.34
23022026|521068|0000000000002000|0000000000134260|0000000000002000|0000000000134260|100.00
23022026|521070|0000000000146286|0000000002162108|0000000000294205|0000000004378371|049.72
23022026|521080|0000000000000022|0000000000000149|0000000000000034|0000000000000235|064.71
23022026|521082|0000000000000032|0000000000000347|0000000000000032|0000000000000347|100.00
23022026|521097|0000000000000245|0000000000034974|0000000000000284|0000000000040663|086.27
23022026|521105|0000000000000452|0000000000013344|0000000000000748|0000000000022164|060.43
23022026|521109|0000000000000238|0000000000006167|0000000000000267|0000000000007011|089.14
23022026|521113|0000000000091731|0000000007421956|0000000000121266|0000000009734726|075.64
23022026|521131|0000000000000688|0000000000017489|0000000000000835|0000000000021390|082.40
23022026|521137|0000000000134235|0000000000739635|0000000000143735|0000000000788274|093.39
23022026|521141|0000000000000975|0000000000017794|0000000000001443|0000000000025414|067.57
23022026|521149|0000000000001509|0000000000012767|0000000000001709|0000000000013841|088.30
23022026|521151|0000000000000091|0000000000005137|0000000000000091|0000000000005134|100.00
23022026|521161|0000000000000022|0000000000000635|0000000000000022|0000000000000635|100.00
23022026|521163|0000000000000034|0000000000002729|0000000000000043|0000000000003463|079.07
23022026|521167|0000000000000767|0000000000046487|0000000000000767|0000000000046487|100.00
23022026|521178|0000000000000022|0000000000000924|0000000000000022|0000000000000924|100.00
23022026|521180|0000000000005109|0000000000034486|0000000000005724|0000000000038320|089.26
23022026|521188|0000000000001517|0000000000024120|0000000000001517|0000000000024120|100.00
23022026|521194|0000000000002479|0000000001085926|0000000000002533|0000000001120688|097.87
23022026|521200|0000000000005489|0000000000346082|0000000000005594|0000000000351691|098.12
23022026|521206|0000000000026667|0000000000042401|0000000000030877|0000000000048697|086.37
23022026|521210|0000000000000100|0000000000001285|0000000000000100|0000000000001285|100.00
23022026|521216|0000000000000344|0000000000028384|0000000000000559|0000000000046090|061.54
23022026|521220|0000000000000000|0000000000000000|0000000000000002|0000000000000051|000.00
23022026|521226|0000000000001202|0000000000022838|0000000000001202|0000000000022940|100.00
23022026|521228|0000000000049701|0000000000120774|0000000000061368|0000000000150741|080.99
23022026|521232|0000000000000200|0000000000015010|0000000000000200|0000000000015010|100.00
23022026|521234|0000000000000280|0000000000008207|0000000000000286|0000000000008338|097.90
23022026|521238|0000000000011989|0000000001215685|0000000000017282|0000000001720919|069.37
23022026|521244|0000000000000002|0000000000000229|0000000000000002|0000000000000228|100.00
23022026|521246|0000000000016795|0000000000038862|0000000000016795|0000000000038862|100.00
23022026|521248|0000000000179560|0000000034933398|0000000000548717|0000000109551558|032.72
23022026|522001|0000000000000246|0000000000019161|0000000000000440|0000000000034272|055.91
23022026|522004|0000000000013156|0000000001205879|0000000000022609|0000000002107904|058.19
23022026|522005|0000000000004216|0000000000503602|0000000000005004|0000000000583021|084.25
23022026|522014|0000000000000135|0000000000025002|0000000000000145|0000000000026398|093.10
23022026|522017|0000000000009847|0000000005725539|0000000000011604|0000000006726556|084.86
23022026|522027|0000000000002510|0000000001077041|0000000000002510|0000000001077041|100.00
23022026|522029|0000000000000486|0000000000116009|0000000000000539|0000000000131006|090.17
23022026|522034|0000000000000170|0000000000076874|0000000000000181|0000000000081489|093.92
23022026|522064|0000000000000168|0000000000373204|0000000000000209|0000000000463962|080.38
23022026|522073|0000000000001054|0000000000683452|0000000000001054|0000000000683452|100.00
23022026|522074|0000000000013552|0000000007445469|0000000000030778|0000000016720684|044.03
23022026|522091|0000000000000658|0000000000027767|0000000000000658|0000000000027767|100.00
23022026|522101|0000000000045536|0000000023173271|0000000000068459|0000000034841470|066.52
23022026|522105|0000000000009551|0000000000330847|0000000000012129|0000000000422204|078.75
23022026|522108|0000000000000100|0000000000072840|0000000000000103|0000000000075707|097.09
23022026|522113|0000000000000813|0000000002615665|0000000000001341|0000000004260189|060.63
23022026|522122|0000000000000359|0000000000553866|0000000000000456|0000000000708237|078.73
23022026|522134|0000000000015512|0000000002329127|0000000000018220|0000000002729043|085.14
23022026|522152|0000000000000461|0000000000046746|0000000000000544|0000000000054757|084.74
23022026|522163|0000000000037968|0000000005102900|0000000000106684|0000000014966056|035.59
23022026|522165|0000000000000830|0000000000031657|0000000000001104|0000000000042159|075.18
23022026|522183|0000000000001187|0000000000333429|0000000000001357|0000000000383847|087.47
23022026|522195|0000000000002608|0000000011307767|0000000000004311|0000000018735065|060.50
23022026|522205|0000000000023980|0000000007414616|0000000000054937|0000000017144353|043.65
23022026|522207|0000000000000094|0000000000005917|0000000000000096|0000000000006047|097.92
23022026|522209|0000000000020626|0000000000106224|0000000000021303|0000000000103529|096.82
23022026|522215|0000000000004834|0000000001543980|0000000000006796|0000000002189819|071.13
23022026|522217|0000000000000199|0000000000075819|0000000000000221|0000000000084506|090.05
23022026|522229|0000000000003099|0000000000822630|0000000000004005|0000000001072819|077.38
23022026|522231|0000000000002823|0000000000218275|0000000000003189|0000000000251047|088.52
23022026|522235|0000000000028224|0000000000068585|0000000000038520|0000000000095923|073.27
23022026|522237|0000000000000494|0000000000012499|0000000000000608|0000000000015389|081.25
23022026|522241|0000000000001670|0000000000792332|0000000000002747|0000000001296131|060.79
23022026|522249|0000000000001009|0000000000567311|0000000000002457|0000000001396344|041.07
23022026|522251|0000000000000719|0000000000158216|0000000000000862|0000000000190853|083.41
23022026|522257|0000000000031494|0000000001954203|0000000000050677|0000000003162540|062.15
23022026|522261|0000000000000793|0000000000326122|0000000000001404|0000000000616191|056.48
23022026|522267|0000000000002881|0000000000112417|0000000000003082|0000000000122368|093.48
23022026|522273|0000000000002021|0000000000335891|0000000000003651|0000000000617943|055.35
23022026|522275|0000000000009523|0000000035336997|0000000000018237|0000000067758672|052.22
23022026|522281|0000000000000921|0000000000293339|0000000000001039|0000000000334134|088.64
23022026|522285|0000000000053252|0000000004176555|0000000000099744|0000000007829625|053.39
23022026|522287|0000000000005520|0000000006557760|0000000000011312|0000000013195177|048.80
23022026|522289|0000000000000127|0000000000011272|0000000000000127|0000000000011272|100.00
23022026|522292|0000000000073949|0000000011410331|0000000000134195|0000000020722417|055.11
23022026|522294|0000000000000064|0000000000012116|0000000000000068|0000000000012916|094.12
23022026|522295|0000000000000823|0000000000549188|0000000000001478|0000000000994152|055.68
23022026|522650|0000000000004379|0000000000365472|0000000000005803|0000000000489965|075.46
23022026|523007|0000000000000515|0000000000051912|0000000000000625|0000000000064135|082.40
23022026|523011|0000000000000001|0000000000000085|0000000000000001|0000000000000084|100.00
23022026|523019|0000000000023769|0000000000394328|0000000000030674|0000000000516454|077.49
23022026|523021|0000000000000912|0000000000037192|0000000000001013|0000000000040946|090.03
23022026|523023|0000000000000193|0000000000014217|0000000000000199|0000000000014683|096.98
23022026|523025|0000000000001216|0000000002270941|0000000000002866|0000000005268007|042.43
23022026|523062|0000000000006754|0000000000485226|0000000000006754|0000000000485226|100.00
23022026|523100|0000000000004441|0000000000561787|0000000000004879|0000000000639907|091.02
23022026|523105|0000000000045421|0000000000605462|0000000000370930|0000000005131835|012.25
23022026|523113|0000000000000012|0000000000000464|0000000000000012|0000000000000464|100.00
23022026|523116|0000000000000331|0000000000236285|0000000000000332|0000000000224219|099.70
23022026|523120|0000000000001336|0000000000153298|0000000000001336|0000000000153298|100.00
23022026|523127|0000000000000416|0000000000140629|0000000000000536|0000000000180249|077.61
23022026|523144|0000000000002458|0000000000059337|0000000000002942|0000000000070807|083.55
23022026|523151|0000000000000021|0000000000000158|0000000000000021|0000000000000157|100.00
23022026|523160|0000000000000196|0000000000270774|0000000000000196|0000000000271191|100.00
23022026|523186|0000000000001487|0000000000240300|0000000000001735|0000000000281255|085.71
23022026|523204|0000000000015623|0000000000315060|0000000000015623|0000000000315060|100.00
23022026|523207|0000000000000274|0000000000023055|0000000000000292|0000000000024701|093.84
23022026|523222|0000000000000119|0000000000002533|0000000000000119|0000000000002533|100.00
23022026|523229|0000000000023374|0000000004701681|0000000000061933|0000000012790789|037.74
23022026|523232|0000000000001314|0000000000120770|0000000000001428|0000000000129285|092.02
23022026|523242|0000000000001900|0000000000016371|0000000000001900|0000000000016371|100.00
23022026|523248|0000000000000237|0000000000063967|0000000000000259|0000000000070055|091.51
23022026|523260|0000000000000391|0000000000007316|0000000000000415|0000000000007991|094.22
23022026|523261|0000000000000596|0000000000825460|0000000000000889|0000000001229348|067.04
23022026|523269|0000000000002420|0000000000133923|0000000000002569|0000000000142820|094.20
23022026|523277|0000000000945688|0000000000342229|0000000000945688|0000000000342229|100.00
23022026|523283|0000000000000005|0000000000000825|0000000000000006|0000000000000965|083.33
23022026|523289|0000000000002931|0000000000366375|0000000000004036|0000000000510888|072.62
23022026|523301|0000000000000544|0000000001503127|0000000000000758|0000000002104187|071.77
23022026|523309|0000000000015841|0000000001390682|0000000000018904|0000000001691877|083.80
23022026|523319|0000000000003024|0000000000549008|0000000000004758|0000000000867279|063.56
23022026|523323|0000000000002227|0000000011592092|0000000000003011|0000000015811900|073.96
23022026|523329|0000000000000015|0000000000013266|0000000000000017|0000000000014959|088.24
23022026|523351|0000000000024000|0000000000540461|0000000000024000|0000000000540461|100.00
23022026|523367|0000000000000501|0000000000548345|0000000000000752|0000000000819415|066.62
23022026|523369|0000000000010381|0000000000372367|0000000000010990|0000000000398955|094.46
23022026|523371|0000000000000391|0000000000030498|0000000000000558|0000000000043698|070.07
23022026|523373|0000000000028647|0000000000661173|0000000000073141|0000000001703199|039.17
23022026|523384|0000000000000015|0000000000001366|0000000000000017|0000000000001577|088.24
23022026|523385|0000000000000072|0000000000100822|0000000000000082|0000000000115962|087.80
23022026|523387|0000000000511660|0000000000629500|0000000000511660|0000000000629500|100.00
23022026|523391|0000000000000126|0000000000030587|0000000000000136|0000000000033280|092.65
23022026|523395|0000000000000043|0000000001560240|0000000000000107|0000000003882444|040.19
23022026|523398|0000000000000243|0000000000330723|0000000000000370|0000000000513694|065.68
23022026|523405|0000000000054107|0000000007280097|0000000000109496|0000000014806922|049.41
23022026|523411|0000000000000678|0000000000895367|0000000000000815|0000000001063671|083.19
23022026|523419|0000000000000279|0000000000002352|0000000000000320|0000000000002718|087.19
23022026|523445|0000000000000714|0000000000513188|0000000000001472|0000000001064415|048.51
23022026|523449|0000000000010597|0000000000451327|0000000000014658|0000000000617313|072.29
23022026|523457|0000000000001513|0000000010189904|0000000000002392|0000000016116740|063.25
23022026|523465|0000000000000030|0000000000001216|0000000000000031|0000000000001272|096.77
23022026|523467|0000000000570148|0000000001066177|0000000000591551|0000000001065278|096.38
23022026|523475|0000000000001469|0000000001139577|0000000000002242|0000000001738586|065.52
23022026|523483|0000000000000111|0000000000015679|0000000000000114|0000000000016644|097.37
23022026|523489|0000000000000308|0000000000012782|0000000000000473|0000000000019340|065.12
23022026|523519|0000000000004089|0000000000035452|0000000000004089|0000000000035451|100.00
23022026|523537|0000000000001123|0000000000042304|0000000000001388|0000000000051998|080.91
23022026|523539|0000000000022622|0000000006784338|0000000000067844|0000000020297708|033.34
23022026|523550|0000000000013160|0000000000506792|0000000000013233|0000000000522138|099.45
23022026|523558|0000000000068986|0000000001161725|0000000000078457|0000000001325737|087.93
23022026|523566|0000000000001450|0000000000069354|0000000000001451|0000000000069830|099.93
23022026|523574|0000000000009196|0000000000004506|0000000000009196|0000000000004506|100.00
23022026|523586|0000000000001602|0000000000388325|0000000000001700|0000000000412335|094.24
23022026|523594|0000000000000687|0000000000017272|0000000000000700|0000000000016570|098.14
23022026|523598|0000000000053650|0000000013898033|0000000000203760|0000000053459901|026.33
23022026|523606|0000000000010894|0000000010701177|0000000000020862|0000000020879578|052.22
23022026|523610|0000000000014540|0000000004048663|0000000000023613|0000000006594055|061.58
23022026|523618|0000000000004799|0000000004487305|0000000000009271|0000000008758901|051.76
23022026|523630|0000000000024376|0000000001900841|0000000000045899|0000000003606399|053.11
23022026|523638|0000000000006206|0000000000740997|0000000000006527|0000000000755597|095.08
23022026|523642|0000000000006118|0000000019088772|0000000000011948|0000000036857369|051.21
23022026|523648|0000000000000398|0000000000059581|0000000000000433|0000000000065218|091.92
23022026|523650|0000000000006584|0000000000296215|0000000000008489|0000000000365135|077.56
23022026|523652|0000000000000037|0000000000001050|0000000000000037|0000000000001049|100.00
23022026|523660|0000000000042607|0000000002533839|0000000000088898|0000000005421525|047.93
23022026|523672|0000000000000748|0000000000031282|0000000000001475|0000000000062147|050.71
23022026|523676|0000000000025345|0000000007362723|0000000000031721|0000000009526271|079.90
23022026|523694|0000000000000617|0000000000227982|0000000000000663|0000000000245086|093.06
23022026|523696|0000000000011707|0000000000623281|0000000000017012|0000000000915739|068.82
23022026|523704|0000000000001069|0000000001780954|0000000000002289|0000000003871234|046.70
23022026|523708|0000000000000078|0000000000124180|0000000000000115|0000000000183490|067.83
23022026|523710|0000000000000200|0000000000056800|0000000000000228|0000000000064153|087.72
23022026|523712|0000000000465100|0000000002949629|0000000000465100|0000000002949629|100.00
23022026|523716|0000000000001918|0000000000623446|0000000000002263|0000000000732953|084.75
23022026|523722|0000000000011820|0000000000092196|0000000000011820|0000000000091556|100.00
23022026|523732|0000000000021185|0000000001186624|0000000000021185|0000000001186624|100.00
23022026|523736|0000000000001180|0000000000295059|0000000000001372|0000000000343859|086.01
23022026|523752|0000000000063225|0000000000409698|0000000000081250|0000000000513319|077.82
23022026|523754|0000000000004433|0000000000540826|0000000000004504|0000000000550503|098.42
23022026|523782|0000000000000103|0000000000001463|0000000000000103|0000000000001495|100.00
23022026|523790|0000000000001300|0000000000009757|0000000000001300|0000000000009757|100.00
23022026|523792|0000000000000285|0000000000058383|0000000000000493|0000000000101547|057.81
23022026|523796|0000000000024209|0000000003467279|0000000000024209|0000000003467279|100.00
23022026|523826|0000000000000368|0000000000008635|0000000000000368|0000000000008635|100.00
23022026|523828|0000000000002612|0000000000311351|0000000000003214|0000000000378009|081.27
23022026|523832|0000000000000020|0000000000000518|0000000000000020|0000000000000518|100.00
23022026|523836|0000000000003200|0000000000133673|0000000000003200|0000000000133673|100.00
23022026|523838|0000000000001593|0000000000317246|0000000000001598|0000000000329530|099.69
23022026|523840|0000000000015181|0000000000260203|0000000000024295|0000000000418513|062.49
23022026|523842|0000000000019022|0000000000131633|0000000000021927|0000000000152126|086.75
23022026|523844|0000000000000486|0000000000023591|0000000000000786|0000000000036561|061.83
23022026|523850|0000000000002237|0000000000868068|0000000000002464|0000000000967470|090.79
23022026|523862|0000000000001633|0000000000048141|0000000000001780|0000000000049765|091.74
23022026|523874|0000000000005384|0000000000590704|0000000000005384|0000000000590704|100.00
23022026|523888|0000000000003608|0000000000314366|0000000000003910|0000000000340677|092.28
23022026|523896|0000000000002361|0000000000096989|0000000000002361|0000000000096989|100.00
23022026|524000|0000000000137785|0000000065096524|0000000000206170|0000000097429774|066.83
23022026|524019|0000000000000276|0000000001106484|0000000000000411|0000000001660564|067.15
23022026|524037|0000000000001594|0000000000213995|0000000000002033|0000000000277096|078.41
23022026|524038|0000000000003707|0000000000021872|0000000000003707|0000000000020216|100.00
23022026|524051|0000000000000863|0000000000700800|0000000000001207|0000000000985439|071.50
23022026|524075|0000000000000067|0000000000048374|0000000000000070|0000000000050532|095.71
23022026|524080|0000000000000275|0000000000016060|0000000000000405|0000000000023882|067.90
23022026|524091|0000000000000329|0000000000306793|0000000000000558|0000000000524199|058.96
23022026|524109|0000000000007018|0000000001873806|0000000000011216|0000000003057647|062.57
23022026|524129|0000000000000674|0000000000145517|0000000000000793|0000000000171815|084.99
23022026|524136|0000000000000102|0000000000036608|0000000000000113|0000000000040651|090.27
23022026|524156|0000000000000004|0000000000000199|0000000000000004|0000000000000199|100.00
23022026|524164|0000000000008159|0000000000595852|0000000000016410|0000000001199325|049.72
23022026|524174|0000000000087995|0000000001899813|0000000000108535|0000000002331702|081.08
23022026|524200|0000000000005589|0000000008452525|0000000000006417|0000000009677931|087.10
23022026|524202|0000000000000389|0000000000037745|0000000000000409|0000000000039679|095.11
23022026|524204|0000000000001012|0000000000113496|0000000000001012|0000000000113771|100.00
23022026|524208|0000000000039708|0000000017697856|0000000000062325|0000000027825521|063.71
23022026|524210|0000000000001177|0000000000043926|0000000000001187|0000000000044566|099.16
23022026|524212|0000000000003541|0000000000962090|0000000000005901|0000000001621239|060.01
23022026|524218|0000000000004428|0000000000437044|0000000000006686|0000000000660239|066.23
23022026|524226|0000000000054781|0000000008006244|0000000000092272|0000000013538271|059.37
23022026|524230|0000000000018830|0000000002434719|0000000000032354|0000000004192961|058.20
23022026|524238|0000000000010923|0000000000690770|0000000000010923|0000000000690770|100.00
23022026|524280|0000000000001622|0000000000208671|0000000000003991|0000000000523348|040.64
23022026|524288|0000000000003769|0000000000193652|0000000000004659|0000000000242338|080.90
23022026|524314|0000000000000134|0000000000005494|0000000000000134|0000000000005277|100.00
23022026|524322|0000000000046749|0000000001492744|0000000000046749|0000000001492744|100.00
23022026|524330|0000000000000010|0000000000001787|0000000000000012|0000000000002109|083.33
23022026|524332|0000000000025468|0000000000721000|0000000000028759|0000000000816227|088.56
23022026|524336|0000000000001435|0000000000158684|0000000000001435|0000000000158684|100.00
23022026|524342|0000000000000421|0000000000102935|0000000000000431|0000000000105172|097.68
23022026|524348|0000000000001430|0000000000531460|0000000000002464|0000000000915957|058.04
23022026|524370|0000000000003642|0000000000172085|0000000000004680|0000000000224291|077.82
23022026|524372|0000000000001702|0000000001132256|0000000000002382|0000000001587922|071.45
23022026|524394|0000000000004569|0000000002123443|0000000000007920|0000000003733864|057.69
23022026|524396|0000000000001755|0000000000060057|0000000000002160|0000000000075423|081.25
23022026|524400|0000000000000198|0000000000014088|0000000000000198|0000000000014085|100.00
23022026|524404|0000000000012265|0000000002193596|0000000000023938|0000000004281130|051.24
23022026|524408|0000000000000084|0000000000012050|0000000000000086|0000000000011551|097.67
23022026|524412|0000000000029159|0000000002351965|0000000000056967|0000000004721422|051.19
23022026|524414|0000000000001482|0000000000018896|0000000000001550|0000000000020908|095.61
23022026|524434|0000000000008214|0000000000070641|0000000000008227|0000000000071111|099.84
23022026|524440|0000000000000958|0000000000028261|0000000000001107|0000000000032945|086.54
23022026|524444|0000000005361155|0000000008148956|0000000006077736|0000000009174400|088.21
23022026|524458|0000000000002268|0000000000031752|0000000000002563|0000000000033849|088.49
23022026|524470|0000000000066644|0000000000887699|0000000000102693|0000000001361642|064.90
23022026|524480|0000000000000067|0000000000032160|0000000000000074|0000000000036036|090.54
23022026|524488|0000000000005296|0000000000012923|0000000000006351|0000000000015397|083.39
23022026|524494|0000000000005629|0000000008313752|0000000000010972|0000000016301692|051.30
23022026|524500|0000000000000935|0000000000305091|0000000000001017|0000000000335879|091.94
23022026|524506|0000000000000811|0000000000346662|0000000000001111|0000000000474598|073.00
23022026|524516|0000000000022736|0000000001127251|0000000000030863|0000000001512701|073.67
23022026|524518|0000000000000101|0000000000005985|0000000000000102|0000000000005660|099.02
23022026|524520|0000000000037418|0000000003085115|0000000000063127|0000000005249040|059.27
23022026|524522|0000000000002051|0000000000066945|0000000000002563|0000000000086901|080.02
23022026|524534|0000000000001813|0000000000220824|0000000000001957|0000000000237467|092.64
23022026|524542|0000000000000594|0000000000105525|0000000000000710|0000000000125338|083.66
23022026|524546|0000000000001000|0000000000022100|0000000000001000|0000000000022100|100.00
23022026|524548|0000000000000270|0000000000028661|0000000000000438|0000000000046691|061.64
23022026|524558|0000000000008347|0000000113959505|0000000000022574|0000000303527981|036.98
23022026|524564|0000000000004819|0000000000067284|0000000000004819|0000000000067284|100.00
23022026|524570|0000000000000111|0000000000026646|0000000000000116|0000000000028075|095.69
23022026|524572|0000000000006303|0000000000220732|0000000000007065|0000000000254787|089.21
23022026|524576|0000000000000528|0000000000009621|0000000000000733|0000000000013157|072.03
23022026|524582|0000000000000121|0000000000019748|0000000000000126|0000000000020915|096.03
23022026|524590|0000000000017995|0000000000294348|0000000000017995|0000000000294348|100.00
23022026|524592|0000000000011650|0000000000145742|0000000000019433|0000000000246951|059.95
23022026|524594|0000000000001148|0000000000159285|0000000000001378|0000000000179473|083.31
23022026|524598|0000000000000107|0000000000024503|0000000000000122|0000000000027724|087.70
23022026|524602|0000000000001110|0000000000034087|0000000000001110|0000000000034087|100.00
23022026|524604|0000000000000300|0000000000004498|0000000000000300|0000000000004498|100.00
23022026|524614|0000000000060298|0000000000419072|0000000000086232|0000000000612968|069.93
23022026|524622|0000000000029789|0000000001135011|0000000000029789|0000000001135011|100.00
23022026|524624|0000000000000666|0000000000013720|0000000000001101|0000000000022729|060.49
23022026|524628|0000000000000010|0000000000000170|0000000000000010|0000000000000169|100.00
23022026|524632|0000000000274006|0000000010052012|0000000000274006|0000000010052012|100.00
23022026|524634|0000000000005598|0000000002510144|0000000000007425|0000000003341442|075.39
23022026|524636|0000000000005713|0000000000299990|0000000000006611|0000000000342216|086.42
23022026|524640|0000000000002017|0000000000081447|0000000000002104|0000000000085803|095.86
23022026|524642|0000000000006362|0000000000007126|0000000000007857|0000000000008637|080.97
23022026|524648|0000000000000420|0000000000047649|0000000000000680|0000000000077119|061.76
23022026|524661|0000000009599973|0000000003359991|0000000046567888|0000000015658745|020.62
23022026|524663|0000000000006193|0000000000112775|0000000000007210|0000000000131683|085.89
23022026|524667|0000000000003578|0000000001338351|0000000000003956|0000000001484387|090.44
23022026|524669|0000000000000151|0000000000238105|0000000000000228|0000000000356225|066.23
23022026|524675|0000000000001867|0000000000028584|0000000000002252|0000000000035125|082.90
23022026|524687|0000000000008167|0000000000090246|0000000000009448|0000000000104532|086.44
23022026|524703|0000000000000460|0000000000016675|0000000000000464|0000000000016561|099.14
23022026|524709|0000000000011081|0000000001505908|0000000000015067|0000000002068483|073.54
23022026|524711|0000000000009098|0000000000064960|0000000000010739|0000000000077304|084.72
23022026|524715|0000000000322130|0000000557993586|0000000000338934|0000000584600643|095.04
23022026|524717|0000000000101978|0000000027646236|0000000000187205|0000000050970051|054.47
23022026|524727|0000000000001709|0000000000059695|0000000000001709|0000000000059695|100.00
23022026|524731|0000000000001579|0000000001587764|0000000000001994|0000000002014004|079.19
23022026|524735|0000000000004084|0000000000831707|0000000000007597|0000000001543595|053.76
23022026|524742|0000000000000812|0000000001406912|0000000000001433|0000000002449955|056.66
23022026|524743|0000000000021944|0000000000899485|0000000000069663|0000000002793975|031.50
23022026|524748|0000000000000122|0000000000003781|0000000000000122|0000000000003873|100.00
23022026|524752|0000000000001632|0000000000013056|0000000000001632|0000000000013202|100.00
23022026|524768|0000000000000002|0000000000000054|0000000000000004|0000000000000107|050.00
23022026|524774|0000000000000281|0000000000634442|0000000000000359|0000000000826210|078.27
23022026|524790|0000000000001968|0000000000698640|0000000000002251|0000000000798016|087.43
23022026|524804|0000000000949529|0000001091958350|0000000000966628|0000001111973572|098.23
23022026|524816|0000000000009002|0000000008040587|0000000000027017|0000000024148655|033.32
23022026|524818|0000000000002811|0000000000301902|0000000000002926|0000000000311832|096.07
23022026|524820|0000000000000363|0000000000101786|0000000000000508|0000000000141386|071.46
23022026|524824|0000000000000912|0000000000070224|0000000000000995|0000000000076321|091.66
23022026|524828|0000000000001084|0000000000463952|0000000000001931|0000000000834888|056.14
23022026|526001|0000000000002168|0000000000075858|0000000000002168|0000000000075858|100.00
23022026|526025|0000000000002274|0000000000029858|0000000000003314|0000000000042826|068.62
23022026|526027|0000000000006020|0000000000639324|0000000000008543|0000000000925030|070.47
23022026|526043|0000000000000496|0000000000024602|0000000000000497|0000000000024933|099.80
23022026|526071|0000000000007167|0000000003781835|0000000000007167|0000000003781835|100.00
23022026|526073|0000000000000384|0000000000187604|0000000000000417|0000000000204721|092.09
23022026|526075|0000000000008294|0000000000208013|0000000000008294|0000000000208013|100.00
23022026|526081|0000000000016712|0000000000630816|0000000000016712|0000000000630816|100.00
23022026|526095|0000000000000162|0000000000006270|0000000000000165|0000000000006265|098.18
23022026|526115|0000000000006013|0000000000061814|0000000000006028|0000000000069843|099.75
23022026|526117|0000000000000008|0000000000003066|0000000000000016|0000000000006118|050.00
23022026|526125|0000000000005254|0000000001434342|0000000000005341|0000000001424123|098.37
23022026|526133|0000000000001647|0000000000011365|0000000000001647|0000000000011064|100.00
23022026|526137|0000000000002010|0000000000224517|0000000000002398|0000000000272337|083.82
23022026|526139|0000000000116941|0000000000313402|0000000000133524|0000000000348496|087.58
23022026|526143|0000000000002945|0000000000022471|0000000000003436|0000000000025989|085.71
23022026|526159|0000000000065651|0000000003790689|0000000000085278|0000000004993296|076.98
23022026|526161|0000000000000034|0000000000002921|0000000000000034|0000000000002920|100.00
23022026|526169|0000000000002623|0000000000560667|0000000000002889|0000000000617421|090.79
23022026|526173|0000000000028606|0000000000597294|0000000000044158|0000000000932019|064.78
23022026|526179|0000000000013756|0000000002802785|0000000000013956|0000000002858418|098.57
23022026|526187|0000000000001237|0000000000006247|0000000000001237|0000000000006876|100.00
23022026|526193|0000000000007200|0000000000141120|0000000000007965|0000000000148084|090.40
23022026|526211|0000000000000708|0000000000035273|0000000000000782|0000000000040111|090.54
23022026|526217|0000000000001319|0000000000197521|0000000000002166|0000000000326590|060.90
23022026|526227|0000000000023844|0000000001096348|0000000000040877|0000000001909645|058.33
23022026|526231|0000000000001426|0000000000079928|0000000000001477|0000000000079338|096.55
23022026|526237|0000000000001732|0000000000105514|0000000000002808|0000000000166588|061.68
23022026|526241|0000000000003720|0000000000054945|0000000000004503|0000000000065764|082.61
23022026|526247|0000000000005581|0000000002622512|0000000000010691|0000000005007036|052.20
23022026|526251|0000000000001229|0000000000023167|0000000000001366|0000000000023793|089.97
23022026|526263|0000000000000878|0000000000117213|0000000000001144|0000000000152908|076.75
23022026|526269|0000000000001170|0000000000105956|0000000000001323|0000000000120667|088.44
23022026|526299|0000000000008613|0000000019887848|0000000000013894|0000000032177211|061.99
23022026|526315|0000000000001942|0000000000101955|0000000000002208|0000000000113502|087.95
23022026|526335|0000000000000991|0000000000007291|0000000000000991|0000000000007291|100.00
23022026|526345|0000000000066865|0000000001932399|0000000000089654|0000000002560298|074.58
23022026|526355|0000000000000622|0000000000033464|0000000000000876|0000000000048512|071.00
23022026|526365|0000000000000919|0000000000030043|0000000000001439|0000000000047873|063.86
23022026|526367|0000000000000733|0000000000523692|0000000000001342|0000000000954706|054.62
23022026|526371|0000000000841664|0000000066483040|0000000001213173|0000000095958149|069.38
23022026|526373|0000000000000003|0000000000000151|0000000000000006|0000000000000303|050.00
23022026|526381|0000000000033599|0000000000350102|0000000000046549|0000000000499053|072.18
23022026|526397|0000000000000563|0000000000114599|0000000000000631|0000000000129424|089.22
23022026|526407|0000000000015749|0000000000188988|0000000000017978|0000000000218528|087.60
23022026|526409|0000000000010330|0000000000082950|0000000000013654|0000000000109883|075.66
23022026|526415|0000000000549720|0000000002924511|0000000000625484|0000000003407152|087.89
23022026|526423|0000000000004220|0000000000343508|0000000000004326|0000000000353155|097.55
23022026|526433|0000000000006380|0000000016465823|0000000000011429|0000000029590598|055.82
23022026|526435|0000000000000292|0000000000022987|0000000000000444|0000000000035294|065.77
23022026|526439|0000000000000506|0000000000005141|0000000000000516|0000000000004990|098.06
23022026|526441|0000000000007024|0000000000008776|0000000000007024|0000000000008776|100.00
23022026|526443|0000000000050223|0000000006466212|0000000000069565|0000000009031662|072.20
23022026|526445|0000000000036780|0000000000310791|0000000000037471|0000000000314007|098.16
23022026|526468|0000000000000374|0000000000007181|0000000000001227|0000000000022772|030.48
23022026|526471|0000000000015029|0000000000331089|0000000000018470|0000000000414164|081.37
23022026|526473|0000000000015843|0000000000078106|0000000000019161|0000000000095671|082.68
23022026|526479|0000000000003390|0000000000282726|0000000000004008|0000000000327735|084.58
23022026|526481|0000000000000480|0000000000017664|0000000000000499|0000000000017667|096.19
23022026|526490|0000000000035045|0000000000226742|0000000000039062|0000000000255210|089.72
23022026|526492|0000000000002432|0000000000229800|0000000000002920|0000000000274263|083.29
23022026|526494|0000000000000787|0000000000008972|0000000000000788|0000000000007571|099.87
23022026|526500|0000000000000096|0000000000002434|0000000000000096|0000000000002433|100.00
23022026|526504|0000000000047744|0000000000178844|0000000000047744|0000000000178844|100.00
23022026|526506|0000000000008408|0000000000659104|0000000000011283|0000000000886113|074.52
23022026|526508|0000000000007178|0000000000117971|0000000000007178|0000000000117971|100.00
23022026|526519|0000000000002215|0000000000201034|0000000000003618|0000000000326222|061.22
23022026|526521|0000000000002225|0000000000136549|0000000000002386|0000000000144998|093.25
23022026|526525|0000000000000249|0000000000004358|0000000000000249|0000000000004357|100.00
23022026|526530|0000000000000105|0000000000009408|0000000000000207|0000000000018390|050.72
23022026|526532|0000000000000457|0000000000003798|0000000000000460|0000000000003811|099.35
23022026|526544|0000000000051406|0000000000138797|0000000000074207|0000000000200749|069.27
23022026|526546|0000000000000665|0000000000072253|0000000000000849|0000000000092772|078.33
23022026|526550|0000000000001564|0000000000021271|0000000000002856|0000000000039066|054.76
23022026|526554|0000000000000010|0000000000000275|0000000000000010|0000000000000274|100.00
23022026|526570|0000000000012006|0000000050131782|0000000000012006|0000000050131782|100.00
23022026|526574|0000000000000096|0000000000002113|0000000000000096|0000000000002112|100.00
23022026|526582|0000000000002464|0000000000175905|0000000000003423|0000000000241292|071.98
23022026|526586|0000000000008157|0000000003198768|0000000000010431|0000000004082037|078.20
23022026|526588|0000000000006551|0000000000105632|0000000000006551|0000000000105632|100.00
23022026|526596|0000000000000331|0000000000081906|0000000000000376|0000000000093905|088.03
23022026|526604|0000000000006118|0000000000236766|0000000000006118|0000000000236766|100.00
23022026|526608|0000000000000295|0000000000216943|0000000000000333|0000000000245012|088.59
23022026|526612|0000000000000121|0000000000678919|0000000000000217|0000000001221878|055.76
23022026|526614|0000000000001597|0000000000094511|0000000000002002|0000000000119292|079.77
23022026|526616|0000000000000934|0000000000046700|0000000000001407|0000000000071091|066.38
23022026|526622|0000000000346115|0000000000148830|0000000000460088|0000000000197011|075.23
23022026|526628|0000000000000200|0000000000010273|0000000000000200|0000000000010273|100.00
23022026|526638|0000000000003692|0000000000307323|0000000000004606|0000000000384186|080.16
23022026|526640|0000000000006275|0000000000202557|0000000000007383|0000000000239442|084.99
23022026|526642|0000000000002080|0000000000073424|0000000000002387|0000000000084358|087.14
23022026|526650|0000000000252433|0000000019813467|0000000000695100|0000000054537158|036.32
23022026|526654|0000000000000326|0000000000040408|0000000000000426|0000000000052870|076.53
23022026|526662|0000000000000007|0000000000000270|0000000000000007|0000000000000269|100.00
23022026|526666|0000000000000377|0000000000320809|0000000000000604|0000000000505785|062.42
23022026|526668|0000000000000399|0000000000074514|0000000000000422|0000000000078834|094.55
23022026|526675|0000000000004298|0000000000111411|0000000000004298|0000000000111411|100.00
23022026|526677|0000000000001181|0000000000002398|0000000000001225|0000000000002475|096.41
23022026|526703|0000000000000052|0000000000023263|0000000000000057|0000000000025557|091.23
23022026|526705|0000000000000071|0000000000014555|0000000000000096|0000000000019434|073.96
23022026|526709|0000000000037911|0000000000329653|0000000000037911|0000000000329653|100.00
23022026|526711|0000000000004196|0000000000131419|0000000000004739|0000000000152165|088.54
23022026|526717|0000000000000590|0000000000106407|0000000000000755|0000000000136855|078.15
23022026|526721|0000000000001390|0000000000102040|0000000000001498|0000000000110569|092.79
23022026|526723|0000000000002233|0000000000384411|0000000000003007|0000000000524862|074.26
23022026|526725|0000000000000005|0000000000005000|0000000000000005|0000000000004999|100.00
23022026|526727|0000000000019313|0000000001905459|0000000000019313|0000000001905459|100.00
23022026|526729|0000000000016003|0000000005781084|0000000000039416|0000000014527080|040.60
23022026|526731|0000000000001987|0000000000438134|0000000000002141|0000000000472173|092.81
23022026|526739|0000000000002430|0000000000903596|0000000000003765|0000000001402204|064.54
23022026|526747|0000000000004376|0000000000973464|0000000000004376|0000000000973464|100.00
23022026|526751|0000000000000100|0000000000001650|0000000000000100|0000000000001650|100.00
23022026|526755|0000000000000140|0000000000000803|0000000000000242|0000000000001394|057.85
23022026|526761|0000000000000020|0000000000000534|0000000000000027|0000000000000687|074.07
23022026|526773|0000000000314381|0000000000404713|0000000000314381|0000000000404713|100.00
23022026|526775|0000000000006846|0000000007501163|0000000000008713|0000000009569571|078.57
23022026|526783|0000000000000720|0000000003331800|0000000000001004|0000000004677838|071.71
23022026|526797|0000000000001634|0000000000373206|0000000000002136|0000000000476982|076.50
23022026|526799|0000000000000123|0000000000001850|0000000000000123|0000000000001850|100.00
23022026|526807|0000000000001487|0000000001905219|0000000000002779|0000000003601305|053.51
23022026|526813|0000000000001447|0000000000016062|0000000000001447|0000000000016240|100.00
23022026|526817|0000000000000223|0000000000240963|0000000000000231|0000000000250123|096.54
23022026|526821|0000000000000912|0000000000238762|0000000000001076|0000000000284660|084.76
23022026|526823|0000000000000300|0000000000001395|0000000000000300|0000000000001395|100.00
23022026|526827|0000000000000320|0000000000086080|0000000000000320|0000000000086080|100.00
23022026|526829|0000000000029450|0000000000948585|0000000000039180|0000000001248035|075.17
23022026|526839|0000000000000016|0000000000000208|0000000000000016|0000000000000209|100.00
23022026|526841|0000000000002340|0000000000076097|0000000000002702|0000000000087159|086.60
23022026|526847|0000000000001055|0000000000026302|0000000000001142|0000000000027785|092.38
23022026|526849|0000000000001262|0000000000159580|0000000000001262|0000000000160694|100.00
23022026|526851|0000000000000001|0000000000000124|0000000000000001|0000000000000123|100.00
23022026|526853|0000000000006230|0000000000386821|0000000000008626|0000000000535928|072.22
23022026|526859|0000000000006221|0000000000006284|0000000000007096|0000000000007213|087.67
23022026|526861|0000000000003221|0000000000351251|0000000000005145|0000000000548719|062.60
23022026|526865|0000000000000186|0000000000000944|0000000000000186|0000000000000943|100.00
23022026|526869|0000000000000301|0000000000006002|0000000000000301|0000000000005911|100.00
23022026|526871|0000000000001894|0000000000021308|0000000000001899|0000000000021407|099.74
23022026|526873|0000000000039475|0000000001566763|0000000000055932|0000000002224885|070.58
23022026|526877|0000000000000122|0000000000002626|0000000000000122|0000000000002626|100.00
23022026|526881|0000000000008848|0000000005177850|0000000000018457|0000000011245459|047.94
23022026|526883|0000000000028143|0000000000455987|0000000000028143|0000000000455987|100.00
23022026|526885|0000000000002209|0000000000182906|0000000000003313|0000000000280979|066.68
23022026|526891|0000000000000001|0000000000000013|0000000000000001|0000000000000012|100.00
23022026|526899|0000000000076673|0000000000712293|0000000000110309|0000000001022260|069.51
23022026|526901|0000000000001179|0000000000043470|0000000000001299|0000000000047531|090.76
23022026|526905|0000000000002841|0000000000026990|0000000000002955|0000000000029675|096.14
23022026|526931|0000000000000835|0000000000097236|0000000000001364|0000000000160197|061.22
23022026|526935|0000000003131955|0000000257950333|0000000003131955|0000000257950333|100.00
23022026|526945|0000000000000098|0000000000009212|0000000000000098|0000000000009271|100.00
23022026|526947|0000000000006151|0000000001292633|0000000000008151|0000000001689991|075.46
23022026|526951|0000000000001017|0000000002248486|0000000000001479|0000000003283082|068.76
23022026|526953|0000000000001087|0000000000811180|0000000000001087|0000000000811180|100.00
23022026|526961|0000000000854357|0000000005356819|0000000000887505|0000000005642146|096.26
23022026|526965|0000000000000297|0000000000031750|0000000000000297|0000000000031815|100.00
23022026|526967|0000000000001049|0000000000007343|0000000000001349|0000000000009622|077.76
23022026|526971|0000000000001133|0000000000232662|0000000000001526|0000000000316316|074.25
23022026|526981|0000000000000909|0000000000149895|0000000000000968|0000000000159924|093.90
23022026|526983|0000000000002600|0000000000033150|0000000000002600|0000000000033150|100.00
23022026|526987|0000000000079860|0000000000768254|0000000000104277|0000000001010532|076.58
23022026|527001|0000000000013248|0000000006824045|0000000000043102|0000000022236050|030.74
23022026|527005|0000000000000251|0000000000033534|0000000000000438|0000000000056945|057.31
23022026|530001|0000000000001905|0000000000933069|0000000000002521|0000000001217268|075.57
23022026|530005|0000000000011901|0000000005084108|0000000000027826|0000000011759554|042.77
23022026|530007|0000000000015891|0000000008458780|0000000000049397|0000000026607214|032.17
23022026|530017|0000000000005113|0000000000082780|0000000000008957|0000000000144844|057.08
23022026|530019|0000000000002306|0000000002077591|0000000000003569|0000000003159630|064.61
23022026|530023|0000000000000219|0000000000021572|0000000000000232|0000000000022715|094.40
23022026|530025|0000000000007601|0000000000139631|0000000000013639|0000000000239019|055.73
23022026|530027|0000000000016280|0000000000141922|0000000000016280|0000000000141922|100.00
23022026|530037|0000000000000910|0000000000063545|0000000000000910|0000000000063545|100.00
23022026|530043|0000000000000038|0000000000009548|0000000000000039|0000000000009719|097.44
23022026|530045|0000000000006122|0000000000231902|0000000000008277|0000000000316032|073.96
23022026|530053|0000000000022201|0000000000108785|0000000000024796|0000000000121971|089.53
23022026|530055|0000000000000010|0000000000000805|0000000000000010|0000000000000805|100.00
23022026|530057|0000000000005582|0000000000011499|0000000000005582|0000000000011558|100.00
23022026|530063|0000000000000548|0000000000002918|0000000000000548|0000000000002918|100.00
23022026|530065|0000000000000400|0000000000005604|0000000000000515|0000000000007338|077.67
23022026|530067|0000000000000145|0000000000037592|0000000000000149|0000000000038952|097.32
23022026|530073|0000000000009004|0000000002413973|0000000000015595|0000000004155821|057.74
23022026|530075|0000000000003022|0000000001788722|0000000000008194|0000000004912470|036.88
23022026|530077|0000000000020370|0000000003692063|0000000000020986|0000000003811221|097.06
23022026|530079|0000000000007826|0000000004036260|0000000000010949|0000000005997571|071.48
23022026|530095|0000000001864374|0000000000366802|0000000001864374|0000000000366802|100.00
23022026|530109|0000000000200385|0000000000452871|0000000000325862|0000000000722902|061.49
23022026|530111|0000000000000614|0000000000018599|0000000000000615|0000000000019024|099.84
23022026|530117|0000000000002116|0000000006331390|0000000000004621|0000000013729908|045.79
23022026|530119|0000000000001125|0000000000036653|0000000000001238|0000000000039542|090.87
23022026|530125|0000000000001230|0000000000250428|0000000000001317|0000000000264891|093.39
23022026|530127|0000000000000016|0000000000000405|0000000000000035|0000000000000885|045.71
23022026|530129|0000000000001422|0000000002353837|0000000000002132|0000000003537014|066.70
23022026|530133|0000000000000117|0000000000009126|0000000000000117|0000000000009183|100.00
23022026|530135|0000000000002108|0000000000868813|0000000000003605|0000000001495433|058.47
23022026|530139|0000000000008214|0000000000290776|0000000000009167|0000000000320103|089.60
23022026|530141|0000000000000008|0000000000000276|0000000000000014|0000000000000490|057.14
23022026|530145|0000000000050421|0000000001262542|0000000000057608|0000000001466902|087.52
23022026|530151|0000000000000359|0000000000002491|0000000000000359|0000000000002491|100.00
23022026|530163|0000000000001628|0000000000366626|0000000000002062|0000000000471191|078.95
23022026|530167|0000000000001090|0000000000017571|0000000000001250|0000000000019299|087.20
23022026|530169|0000000000000001|0000000000000030|0000000000000003|0000000000000089|033.33
23022026|530171|0000000000000152|0000000000004861|0000000000000176|0000000000005522|086.36
23022026|530173|0000000000000073|0000000000001237|0000000000000073|0000000000001237|100.00
23022026|530175|0000000000006425|0000000000323178|0000000000007910|0000000000399602|081.23
23022026|530179|0000000000000100|0000000000004513|0000000000000100|0000000000004513|100.00
23022026|530185|0000000000034829|0000000000163349|0000000000053480|0000000000252569|065.13
23022026|530187|0000000000002151|0000000000007852|0000000000002191|0000000000008667|098.17
23022026|530197|0000000000010137|0000000002913541|0000000000010137|0000000002913541|100.00
23022026|530199|0000000000001172|0000000000104250|0000000000001603|0000000000143530|073.11
23022026|530201|0000000000043879|0000000000142168|0000000000046949|0000000000157850|093.46
23022026|530207|0000000000000867|0000000000017054|0000000000000867|0000000000016968|100.00
23022026|530213|0000000000001855|0000000000122430|0000000000002213|0000000000147150|083.82
23022026|530215|0000000000043307|0000000006112784|0000000000079490|0000000011327279|054.48
23022026|530217|0000000000021199|0000000000306750|0000000000026427|0000000000392365|080.22
23022026|530219|0000000000000300|0000000000117405|0000000000000300|0000000000117405|100.00
23022026|530231|0000000000000001|0000000000000052|0000000000000001|0000000000000051|100.00
23022026|530233|0000000000001688|0000000000492052|0000000000001812|0000000000538697|093.16
23022026|530235|0000000000001569|0000000000075830|0000000000002389|0000000000117490|065.68
23022026|530239|0000000000013310|0000000002007148|0000000000023209|0000000003496410|057.35
23022026|530245|0000000000000036|0000000000023166|0000000000000075|0000000000047893|048.00
23022026|530249|0000000000035395|0000000000392531|0000000000047027|0000000000520648|075.27
23022026|530251|0000000000240213|0000000000122509|0000000000399086|0000000000209076|060.19
23022026|530253|0000000000212079|0000000004347605|0000000000212079|0000000004347605|100.00
23022026|530255|0000000000036052|0000000000359799|0000000000053945|0000000000519857|066.83
23022026|530259|0000000000001132|0000000000034753|0000000000001142|0000000000035483|099.12
23022026|530263|0000000000154848|0000000000080521|0000000000205129|0000000000108194|075.49
23022026|530265|0000000000002190|0000000000084053|0000000000002195|0000000000081373|099.77
23022026|530267|0000000000000205|0000000000006995|0000000000000205|0000000000006995|100.00
23022026|530271|0000000000000088|0000000000000683|0000000000000088|0000000000000688|100.00
23022026|530281|0000000000002322|0000000000048995|0000000000002322|0000000000051197|100.00
23022026|530289|0000000000000293|0000000000017522|0000000000000308|0000000000018250|095.13
23022026|530291|0000000000003385|0000000000193423|0000000000003385|0000000000193423|100.00
23022026|530299|0000000000004894|0000000000341749|0000000000005495|0000000000388288|089.06
23022026|530305|0000000000004728|0000000002752169|0000000000009630|0000000005662298|049.10
23022026|530307|0000000000014542|0000000004055764|0000000000030710|0000000008921565|047.35
23022026|530309|0000000000070504|0000000000900337|0000000000080213|0000000001009496|087.90
23022026|530313|0000000000004902|0000000000163433|0000000000006408|0000000000215118|076.50
23022026|530315|0000000000002152|0000000000265234|0000000000002776|0000000000342277|077.52
23022026|530317|0000000000006471|0000000000529522|0000000000008838|0000000000725792|073.22
23022026|530331|0000000000001019|0000000000431802|0000000000001360|0000000000577110|074.93
23022026|530343|0000000000009470|0000000002471670|0000000000019232|0000000005008360|049.24
23022026|530355|0000000000005248|0000000001618484|0000000000008880|0000000002752709|059.10
23022026|530357|0000000000087790|0000000000111876|0000000000087790|0000000000111876|100.00
23022026|530361|0000000000000445|0000000000017800|0000000000000454|0000000000017727|098.02
23022026|530363|0000000000001980|0000000000071122|0000000000002172|0000000000077988|091.16
23022026|530365|0000000000000276|0000000000083711|0000000000000308|0000000000093822|089.61
23022026|530367|0000000000002762|0000000000764246|0000000000003166|0000000000878231|087.24
23022026|530369|0000000000006277|0000000000284976|0000000000006319|0000000000269566|099.34
23022026|530377|0000000000015135|0000000000123199|0000000000018484|0000000000149587|081.88
23022026|530393|0000000000000132|0000000000003364|0000000000000139|0000000000003509|094.96
23022026|530401|0000000000002303|0000000000113976|0000000000002469|0000000000121039|093.28
23022026|530405|0000000000000789|0000000000026290|0000000000000890|0000000000029419|088.65
23022026|530407|0000000000003327|0000000000117410|0000000000003827|0000000000137085|086.93
23022026|530419|0000000000002253|0000000000086561|0000000000002396|0000000000092357|094.03
23022026|530421|0000000000011106|0000000000091625|0000000000012169|0000000000101999|091.26
23022026|530427|0000000000002500|0000000000374875|0000000000002604|0000000000392154|096.01
23022026|530429|0000000000000005|0000000000000155|0000000000000005|0000000000000156|100.00
23022026|530433|0000000000005512|0000000000191046|0000000000006842|0000000000241922|080.56
23022026|530439|0000000000000458|0000000000002222|0000000000000458|0000000000002231|100.00
23022026|530443|0000000000011525|0000000000184585|0000000000011525|0000000000184585|100.00
23022026|530445|0000000000010003|0000000000015605|0000000000012923|0000000000020463|077.40
23022026|530449|0000000000000442|0000000000024156|0000000000000714|0000000000040132|061.90
23022026|530457|0000000000020797|0000000001301893|0000000000024504|0000000001558378|084.87
23022026|530461|0000000000012271|0000000000168849|0000000000013721|0000000000190456|089.43
23022026|530469|0000000000000013|0000000000000689|0000000000000013|0000000000000689|100.00
23022026|530475|0000000000002784|0000000002065868|0000000000003394|0000000002579958|082.03
23022026|530477|0000000000004839|0000000000767224|0000000000005417|0000000000848827|089.33
23022026|530495|0000000000003132|0000000000210751|0000000000003132|0000000000210751|100.00
23022026|530499|0000000000006525|0000000010473278|0000000000008396|0000000013656459|077.72
23022026|530517|0000000000001632|0000000000581808|0000000000002437|0000000000867843|066.97
23022026|530521|0000000000003667|0000000001475601|0000000000003763|0000000001475265|097.45
23022026|530525|0000000000081041|0000000000316060|0000000000106906|0000000000417788|075.81
23022026|530533|0000000000000017|0000000000001707|0000000000000033|0000000000003317|051.52
23022026|530545|0000000000000893|0000000000180520|0000000000001492|0000000000301412|059.85
23022026|530547|0000000000000550|0000000000006204|0000000000000550|0000000000006204|100.00
23022026|530549|0000000000003554|0000000001163225|0000000000006464|0000000002082237|054.98
23022026|530555|0000000000009752|0000000000353706|0000000000015857|0000000000575858|061.50
23022026|530557|0000000001144097|0000000000503403|0000000001701406|0000000000754094|067.24
23022026|530565|0000000000008325|0000000000098034|0000000000008325|0000000000098034|100.00
23022026|530571|0000000000003713|0000000000041155|0000000000003713|0000000000041155|100.00
23022026|530577|0000000000000607|0000000000032323|0000000000000608|0000000000030474|099.84
23022026|530579|0000000000007200|0000000000106992|0000000000012484|0000000000187486|057.67
23022026|530581|0000000000000002|0000000000000013|0000000000000002|0000000000000012|100.00
23022026|530585|0000000000010624|0000000000579858|0000000000011643|0000000000638144|091.25
23022026|530589|0000000000004223|0000000000507394|0000000000005304|0000000000631812|079.62
23022026|530595|0000000000071270|0000000002915839|0000000000071270|0000000002915839|100.00
23022026|530601|0000000000000671|0000000000039556|0000000000000693|0000000000038948|096.83
23022026|530609|0000000000002793|0000000000230072|0000000000002793|0000000000230072|100.00
23022026|530611|0000000000131574|0000000000028362|0000000000131574|0000000000028362|100.00
23022026|530615|0000000000003060|0000000000485775|0000000000003791|0000000000601629|080.72
23022026|530617|0000000000291987|0000000006076250|0000000000336899|0000000007007264|086.67
23022026|530621|0000000000000563|0000000000052928|0000000000000586|0000000000055342|096.08
23022026|530627|0000000000001840|0000000000379776|0000000000002429|0000000000504835|075.75
23022026|530643|0000000000006834|0000000002679612|0000000000009618|0000000003804849|071.05
23022026|530655|0000000000002944|0000000003566215|0000000000004669|0000000005655642|063.05
23022026|530663|0000000000212841|0000000000176659|0000000000284981|0000000000235922|074.69
23022026|530665|0000000000029549|0000000000096626|0000000000042001|0000000000144392|070.35
23022026|530669|0000000000000041|0000000000005510|0000000000000041|0000000000005510|100.00
23022026|530675|0000000000001593|0000000000105919|0000000000001616|0000000000107958|098.58
23022026|530677|0000000000000051|0000000000002984|0000000000000051|0000000000002983|100.00
23022026|530689|0000000000286466|0000000015798600|0000000000450162|0000000024250184|063.64
23022026|530695|0000000000000126|0000000000003048|0000000000000126|0000000000003056|100.00
23022026|530697|0000000000001094|0000000000023040|0000000000001146|0000000000023521|095.46
23022026|530699|0000000000002148|0000000000050790|0000000000002148|0000000000050790|100.00
23022026|530705|0000000000017387|0000000000778937|0000000000017387|0000000000778937|100.00
23022026|530709|0000000000000161|0000000000013822|0000000000000161|0000000000014239|100.00
23022026|530711|0000000000000418|0000000000026941|0000000000000843|0000000000055101|049.58
23022026|530723|0000000000000105|0000000000013293|0000000000000105|0000000000013292|100.00
23022026|530733|0000000000000075|0000000000000939|0000000000000075|0000000000000939|100.00
23022026|530741|0000000000008118|0000000001262349|0000000000009276|0000000001434057|087.52
23022026|530745|0000000000123702|0000000004805823|0000000000176199|0000000006631161|070.21
23022026|530747|0000000000000076|0000000000001657|0000000000000096|0000000000001977|079.17
23022026|530755|0000000000000006|0000000000000059|0000000000000006|0000000000000058|100.00
23022026|530757|0000000000000050|0000000000002841|0000000000000050|0000000000002841|100.00
23022026|530759|0000000000001579|0000000000361197|0000000000001827|0000000000419942|086.43
23022026|530765|0000000000002741|0000000000061810|0000000000002746|0000000000062750|099.82
23022026|530779|0000000000000006|0000000000000152|0000000000000006|0000000000000151|100.00
23022026|530787|0000000000000034|0000000000001357|0000000000000034|0000000000001357|100.00
23022026|530789|0000000000000136|0000000000024344|0000000000000136|0000000000024444|100.00
23022026|530795|0000000000000201|0000000000002654|0000000000000201|0000000000002789|100.00
23022026|530799|0000000000001582|0000000000057206|0000000000004398|0000000000166807|035.97
23022026|530803|0000000000000557|0000000000087812|0000000000000607|0000000000095338|091.76
23022026|530805|0000000000193007|0000000001331749|0000000000229484|0000000001579454|084.10
23022026|530809|0000000000000090|0000000000003493|0000000000000090|0000000000003492|100.00
23022026|530813|0000000000006060|0000000002178267|0000000000015619|0000000005685052|038.80
23022026|530821|0000000000049179|0000000001110461|0000000000049179|0000000001110461|100.00
23022026|530825|0000000000003031|0000000000138002|0000000000003819|0000000000176711|079.37
23022026|530829|0000000000001148|0000000000045633|0000000000001504|0000000000059426|076.33
23022026|530839|0000000000010365|0000000000074413|0000000000010365|0000000000074413|100.00
23022026|530843|0000000000042329|0000000017894585|0000000000110452|0000000046677557|038.32
23022026|530845|0000000000001174|0000000000994202|0000000000001575|0000000001327220|074.54
23022026|530853|0000000000000020|0000000000001235|0000000000000020|0000000000001265|100.00
23022026|530855|0000000000000023|0000000000002619|0000000000000023|0000000000002619|100.00
23022026|530871|0000000000000038|0000000000005495|0000000000000048|0000000000006927|079.17
23022026|530879|0000000000008297|0000000000261190|0000000000009650|0000000000304888|085.98
23022026|530881|0000000000433413|0000000003324278|0000000000491858|0000000003733000|088.12
23022026|530883|0000000000034971|0000000000332924|0000000000037346|0000000000360882|093.64
23022026|530889|0000000000002116|0000000000024672|0000000000002116|0000000000024672|100.00
23022026|530897|0000000000000030|0000000000004271|0000000000000032|0000000000004575|093.75
23022026|530899|0000000000000460|0000000000023079|0000000000000460|0000000000023078|100.00
23022026|530907|0000000000000820|0000000000032595|0000000000000820|0000000000032974|100.00
23022026|530909|0000000000000001|0000000000000060|0000000000000001|0000000000000059|100.00
23022026|530917|0000000000000100|0000000000004268|0000000000000100|0000000000004268|100.00
23022026|530919|0000000000004204|0000000000474632|0000000000004745|0000000000535242|088.60
23022026|530921|0000000000000100|0000000000000873|0000000000000100|0000000000000873|100.00
23022026|530925|0000000000006820|0000000000574743|0000000000006820|0000000000574743|100.00
23022026|530929|0000000000000031|0000000000025996|0000000000000031|0000000000025995|100.00
23022026|530931|0000000000000004|0000000000000048|0000000000000004|0000000000000047|100.00
23022026|530943|0000000000001146|0000000001617579|0000000000001420|0000000002029992|080.70
23022026|530951|0000000000003027|0000000000171420|0000000000003490|0000000000201222|086.73
23022026|530953|0000000000000099|0000000000008910|0000000000000101|0000000000008738|098.02
23022026|530959|0000000000000309|0000000000008646|0000000000000557|0000000000015598|055.48
23022026|530961|0000000000192294|0000000000282673|0000000000228110|0000000000336222|084.30
23022026|530965|0000000000747221|0000000131847146|0000000001757989|0000000309256185|042.50
23022026|530973|0000000000001222|0000000000094363|0000000000001273|0000000000103824|095.99
23022026|530977|0000000000001243|0000000000207146|0000000000001343|0000000000224210|092.55
23022026|530979|0000000000001527|0000000000052789|0000000000002359|0000000000080800|064.73
23022026|530991|0000000000000025|0000000000001113|0000000000000025|0000000000001116|100.00
23022026|530993|0000000000003016|0000000000102097|0000000000003016|0000000000102097|100.00
23022026|530997|0000000000000835|0000000000077655|0000000000000894|0000000000082456|093.40
23022026|530999|0000000000000657|0000000000707162|0000000000001727|0000000001872699|038.04
23022026|531003|0000000000000012|0000000000000972|0000000000000012|0000000000000934|100.00
23022026|531015|0000000000003291|0000000000083263|0000000000003707|0000000000087351|088.78
23022026|531017|0000000000000128|0000000000002509|0000000000000191|0000000000003707|067.02
23022026|531025|0000000000333842|0000000000126860|0000000000537004|0000000000205529|062.17
23022026|531033|0000000000000084|0000000000002630|0000000000000084|0000000000002630|100.00
23022026|531035|0000000000047160|0000000001569757|0000000000047160|0000000001569757|100.00
23022026|531039|0000000000000010|0000000000000112|0000000000000010|0000000000000112|100.00
23022026|531041|0000000000000368|0000000000141625|0000000000000374|0000000000144220|098.40
23022026|531043|0000000000000041|0000000000001087|0000000000000041|0000000000001106|100.00
23022026|531049|0000000000000055|0000000000001002|0000000000000055|0000000000001002|100.00
23022026|531051|0000000000000020|0000000000000304|0000000000000020|0000000000000303|100.00
23022026|531067|0000000000003952|0000000000094809|0000000000004850|0000000000115863|081.48
23022026|531069|0000000000001151|0000000000527274|0000000000001273|0000000000584524|090.42
23022026|531080|0000000000000847|0000000000029976|0000000000001465|0000000000051142|057.82
23022026|531082|0000000000024938|0000000000223944|0000000000028697|0000000000259310|086.90
23022026|531083|0000000000003010|0000000000023226|0000000000003010|0000000000023226|100.00
23022026|531091|0000000000000773|0000000000023067|0000000000001190|0000000000034805|064.96
23022026|531092|0000000000008672|0000000000763136|0000000000009813|0000000000856274|088.37
23022026|531099|0000000000000211|0000000000017038|0000000000000211|0000000000017038|100.00
23022026|531109|0000000000000400|0000000000024884|0000000000000462|0000000000028539|086.58
23022026|531111|0000000000000200|0000000000007700|0000000000000200|0000000000007700|100.00
23022026|531112|0000000000010659|0000000005097667|0000000000020083|0000000009720717|053.07
23022026|531119|0000000000000838|0000000000234850|0000000000001757|0000000000491837|047.69
23022026|531120|0000000000185858|0000000005191014|0000000000600276|0000000016546182|030.96
23022026|531126|0000000000056724|0000000001335686|0000000000056724|0000000001335686|100.00
23022026|531129|0000000000027587|0000000000318906|0000000000038445|0000000000437277|071.76
23022026|531137|0000000000012428|0000000000019512|0000000000015167|0000000000023731|081.94
23022026|531144|0000000000021818|0000000000344289|0000000000028102|0000000000450808|077.64
23022026|531146|0000000000001441|0000000000435615|0000000000001739|0000000000530195|082.86
23022026|531147|0000000000000095|0000000000076119|0000000000000192|0000000000153666|049.48
23022026|531153|0000000000041363|0000000000093067|0000000000052938|0000000000118662|078.13
23022026|531155|0000000000000258|0000000000002067|0000000000000258|0000000000002170|100.00
23022026|531156|0000000000002993|0000000000013349|0000000000004881|0000000000020509|061.32
23022026|531157|0000000000003779|0000000000082798|0000000000003781|0000000000084799|099.95
23022026|531158|0000000000001427|0000000000026058|0000000000001518|0000000000027536|094.01
23022026|531161|0000000000001257|0000000000314963|0000000000001257|0000000000314963|100.00
23022026|531162|0000000000015194|0000000007289322|0000000000022018|0000000010536680|069.01
23022026|531163|0000000000000438|0000000000029780|0000000000000542|0000000000036550|080.81
23022026|531164|0000000000000400|0000000000000264|0000000000000400|0000000000000264|100.00
23022026|531168|0000000000000025|0000000000005000|0000000000000034|0000000000006890|073.53
23022026|531169|0000000000000500|0000000000049500|0000000000000504|0000000000050929|099.21
23022026|531173|0000000000026591|0000000001321307|0000000000031036|0000000001551541|085.68
23022026|531176|0000000000001869|0000000000022354|0000000000003450|0000000000040689|054.17
23022026|531178|0000000000002298|0000000000031644|0000000000003541|0000000000051606|064.90
23022026|531179|0000000000002061|0000000003267819|0000000000003776|0000000006010709|054.58
23022026|531190|0000000000001774|0000000000164787|0000000000002084|0000000000183523|085.12
23022026|531191|0000000000008813|0000000000883943|0000000000008813|0000000000883943|100.00
23022026|531201|0000000000001309|0000000005030815|0000000000003701|0000000014603095|035.37
23022026|531203|0000000000000408|0000000000032694|0000000000000408|0000000000032693|100.00
23022026|531205|0000000005179143|0000000003119386|0000000005179143|0000000003119386|100.00
23022026|531209|0000000000000250|0000000000206000|0000000000000366|0000000000302421|068.31
23022026|531210|0000000000002230|0000000000113598|0000000000002230|0000000000113598|100.00
23022026|531212|0000000000000400|0000000000019436|0000000000000433|0000000000021504|092.38
23022026|531213|0000000000046466|0000000014123341|0000000000109475|0000000033639734|042.44
23022026|531215|0000000000001675|0000000000203764|0000000000001814|0000000000222342|092.34
23022026|531216|0000000000683657|0000000005113755|0000000001199867|0000000008882091|056.98
23022026|531219|0000000000002600|0000000000009986|0000000000002600|0000000000009986|100.00
23022026|531221|0000000000000423|0000000000007204|0000000000000424|0000000000007218|099.76
23022026|531223|0000000000000473|0000000000011182|0000000000000526|0000000000012483|089.92
23022026|531225|0000000000000003|0000000000000085|0000000000000003|0000000000000084|100.00
23022026|531227|0000000000000029|0000000000001760|0000000000000029|0000000000001759|100.00
23022026|531228|0000000000000030|0000000000000312|0000000000000030|0000000000000312|100.00
23022026|531233|0000000000009756|0000000000133267|0000000000012339|0000000000169091|079.07
23022026|531234|0000000000000820|0000000000061656|0000000000001212|0000000000091700|067.66
23022026|531235|0000000000000005|0000000000000199|0000000000000005|0000000000000199|100.00
23022026|531237|0000000000003179|0000000000613491|0000000000003179|0000000000613491|100.00
23022026|531240|0000000000004434|0000000000090320|0000000000004434|0000000000090320|100.00
23022026|531241|0000000000000346|0000000000038060|0000000000000375|0000000000041235|092.27
23022026|531246|0000000000000148|0000000000002795|0000000000000148|0000000000002793|100.00
23022026|531253|0000000000000922|0000000000319750|0000000000001404|0000000000489954|065.67
23022026|531254|0000000000083066|0000000001169570|0000000000146417|0000000002064794|056.73
23022026|531255|0000000000000140|0000000000006720|0000000000000186|0000000000009358|075.27
23022026|531257|0000000000003081|0000000000075485|0000000000003926|0000000000096449|078.48
23022026|531259|0000000000005419|0000000000139694|0000000000005419|0000000000139694|100.00
23022026|531260|0000000000000289|0000000000079620|0000000000000368|0000000000098766|078.53
23022026|531262|0000000000000111|0000000000002320|0000000000000111|0000000000002319|100.00
23022026|531265|0000000000000096|0000000000002576|0000000000000096|0000000000002576|100.00
23022026|531266|0000000000000411|0000000002451903|0000000000000674|0000000004021414|060.98
23022026|531268|0000000000046208|0000000002035912|0000000000046208|0000000002035912|100.00
23022026|531272|0000000000024447|0000000000545626|0000000000024447|0000000000545626|100.00
23022026|531273|0000000000155057|0000000000276002|0000000000171559|0000000000307764|090.38
23022026|531274|0000000000019170|0000000000902228|0000000000019170|0000000000902228|100.00
23022026|531278|0000000000000012|0000000000001271|0000000000000014|0000000000001485|085.71
23022026|531279|0000000000003791|0000000000560879|0000000000006345|0000000000924830|059.75
23022026|531280|0000000000011785|0000000000696644|0000000000011785|0000000000696644|100.00
23022026|531281|0000000000004497|0000000000460943|0000000000006066|0000000000629334|074.13
23022026|531287|0000000000000231|0000000000061215|0000000000000313|0000000000082537|073.80
23022026|531288|0000000000000006|0000000000000102|0000000000000006|0000000000000102|100.00
23022026|531289|0000000000004570|0000000000709036|0000000000004949|0000000000790581|092.34
23022026|531297|0000000000001316|0000000000082303|0000000000001463|0000000000091617|089.95
23022026|531300|0000000000003544|0000000000012594|0000000000003544|0000000000012594|100.00
23022026|531301|0000000000000011|0000000000001454|0000000000000012|0000000000001598|091.67
23022026|531304|0000000000003851|0000000000115916|0000000000003851|0000000000127965|100.00
23022026|531306|0000000000000071|0000000000036292|0000000000000088|0000000000045145|080.68
23022026|531307|0000000000047302|0000000000827785|0000000000047565|0000000000839150|099.45
23022026|531310|0000000000007830|0000000001154534|0000000000008008|0000000001190462|097.78
23022026|531314|0000000000000003|0000000000000044|0000000000000003|0000000000000043|100.00
23022026|531319|0000000000001745|0000000000073221|0000000000001847|0000000000084379|094.48
23022026|531322|0000000000005674|0000000000009306|0000000000006010|0000000000009928|094.41
23022026|531323|0000000000001000|0000000000012860|0000000000001000|0000000000012860|100.00
23022026|531324|0000000000000540|0000000000011913|0000000000000542|0000000000011116|099.63
23022026|531328|0000000013075265|0000000011636986|0000000022064561|0000000019549201|059.26
23022026|531335|0000000000002747|0000000001116244|0000000000005360|0000000002168390|051.25
23022026|531338|0000000000000261|0000000000004437|0000000000000295|0000000000005016|088.47
23022026|531340|0000000000000010|0000000000000570|0000000000000010|0000000000000570|100.00
23022026|531341|0000000000000001|0000000000000021|0000000000000001|0000000000000021|100.00
23022026|531344|0000000001065360|0000000540244056|0000000001111812|0000000566932713|095.82
23022026|531346|0000000000000409|0000000000011416|0000000000000439|0000000000013094|093.17
23022026|531349|0000000000000602|0000000000204801|0000000000001082|0000000000368411|055.64
23022026|531352|0000000000000001|0000000000000021|0000000000000001|0000000000000020|100.00
23022026|531357|0000000000116937|0000000003980536|0000000000157501|0000000005492386|074.25
23022026|531358|0000000000024334|0000000018661745|0000000000041302|0000000032426407|058.92
23022026|531359|0000000000001986|0000000000628768|0000000000002453|0000000000783043|080.96
23022026|531360|0000000000001015|0000000000021721|0000000000001115|0000000000023670|091.03
23022026|531364|0000000000000102|0000000000020120|0000000000000206|0000000000040795|049.51
23022026|531370|0000000000002312|0000000000011283|0000000000002312|0000000000011338|100.00
23022026|531373|0000000000004596|0000000000216058|0000000000004701|0000000000221946|097.77
23022026|531381|0000000000000439|0000000000453048|0000000000000460|0000000000480063|095.43
23022026|531387|0000000000001429|0000000000011761|0000000000001429|0000000000011760|100.00
23022026|531390|0000000000005536|0000000000416197|0000000000005844|0000000000439591|094.73
23022026|531395|0000000000955862|0000000002494800|0000000001242933|0000000003223172|076.90
23022026|531396|0000000000002236|0000000000017844|0000000000002236|0000000000017843|100.00
23022026|531397|0000000000000003|0000000000000079|0000000000000003|0000000000000079|100.00
23022026|531398|0000000000001204|0000000000160915|0000000000001214|0000000000160319|099.18
23022026|531399|0000000000006266|0000000001188347|0000000000006840|0000000001312624|091.61
23022026|531400|0000000000017405|0000000000276740|0000000000022057|0000000000352448|078.91
23022026|531402|0000000000017838|0000000000245808|0000000000032160|0000000000434197|055.47
23022026|531406|0000000000000010|0000000000000170|0000000000000010|0000000000000170|100.00
23022026|531409|0000000000000002|0000000000000055|0000000000000002|0000000000000055|100.00
23022026|531411|0000000000262889|0000000000259541|0000000000262889|0000000000259541|100.00
23022026|531412|0000000000000056|0000000000010642|0000000000000056|0000000000010642|100.00
23022026|531413|0000000000000601|0000000000016560|0000000000000601|0000000000016560|100.00
23022026|531416|0000000000000126|0000000000004355|0000000000000127|0000000000004189|099.21
23022026|531417|0000000000007016|0000000000016769|0000000000010904|0000000000026238|064.34
23022026|531426|0000000000034847|0000000004784494|0000000000034908|0000000004802878|099.83
23022026|531431|0000000000013198|0000000007358545|0000000000033226|0000000018503488|039.72
23022026|531432|0000000000000301|0000000000003558|0000000000000301|0000000000003557|100.00
23022026|531436|0000000000004285|0000000000144234|0000000000008398|0000000000288628|051.02
23022026|531437|0000000000000543|0000000000012734|0000000000000815|0000000000018915|066.63
23022026|531439|0000000000001551|0000000000063514|0000000000002333|0000000000095275|066.48
23022026|531449|0000000000003312|0000000000525449|0000000000005140|0000000000820776|064.44
23022026|531453|0000000000000050|0000000000001223|0000000000000050|0000000000001225|100.00
23022026|531454|0000000000003501|0000000000061898|0000000000003668|0000000000065803|095.45
23022026|531456|0000000000023429|0000000000033504|0000000000028049|0000000000039907|083.53
23022026|531458|0000000000010000|0000000000056400|0000000000010000|0000000000056400|100.00
23022026|531460|0000000000000039|0000000000000369|0000000000000039|0000000000000369|100.00
23022026|531465|0000000000004641|0000000000002275|0000000000004641|0000000000002274|100.00
23022026|531471|0000000000002273|0000000000036162|0000000000002273|0000000000036162|100.00
23022026|531472|0000000000009081|0000000000403288|0000000000009081|0000000000403288|100.00
23022026|531486|0000000000001214|0000000000002682|0000000000001214|0000000000002682|100.00
23022026|531489|0000000000003392|0000000000646176|0000000000004823|0000000000915991|070.33
23022026|531494|0000000000017149|0000000000023659|0000000000017149|0000000000023659|100.00
23022026|531495|0000000000000101|0000000000002548|0000000000000101|0000000000002547|100.00
23022026|531496|0000000000000758|0000000000006700|0000000000000758|0000000000006700|100.00
23022026|531497|0000000000005952|0000000000028630|0000000000006231|0000000000030606|095.52
23022026|531499|0000000000001628|0000000000002640|0000000000001628|0000000000002640|100.00
23022026|531500|0000000000019276|0000000003058500|0000000000019276|0000000003058500|100.00
23022026|531502|0000000000004844|0000000000047278|0000000000004844|0000000000047268|100.00
23022026|531503|0000000000000048|0000000000001480|0000000000000080|0000000000002350|060.00
23022026|531505|0000000000000062|0000000000001674|0000000000000062|0000000000001704|100.00
23022026|531506|0000000000000571|0000000000017978|0000000000000571|0000000000017978|100.00
23022026|531508|0000000000001047|0000000000342788|0000000000001544|0000000000506473|067.81
23022026|531512|0000000000002869|0000000000053364|0000000000022200|0000000000408435|012.92
23022026|531515|0000000000001533|0000000000014701|0000000000001533|0000000000014701|100.00
23022026|531518|0000000000113775|0000000000032535|0000000000113775|0000000000032535|100.00
23022026|531521|0000000000001100|0000000000028215|0000000000001100|0000000000028215|100.00
23022026|531525|0000000000014204|0000000003166072|0000000000022792|0000000005059618|062.32
23022026|531529|0000000000052284|0000000000101431|0000000000071180|0000000000136482|073.45
23022026|531531|0000000000000434|0000000000392553|0000000000000480|0000000000436281|090.42
23022026|531533|0000000000000787|0000000000034849|0000000000001008|0000000000043543|078.08
23022026|531537|0000000000007389|0000000001367302|0000000000007389|0000000001367302|100.00
23022026|531539|0000000000000004|0000000000000136|0000000000000006|0000000000000200|066.67
23022026|531540|0000000000008814|0000000000088581|0000000000009967|0000000000100369|088.43
23022026|531541|0000000000019666|0000000000054282|0000000000019666|0000000000054282|100.00
23022026|531543|0000000000039320|0000000001015243|0000000000050404|0000000001316359|078.01
23022026|531548|0000000000000042|0000000000017136|0000000000000048|0000000000019602|087.50
23022026|531550|0000000000000565|0000000000100005|0000000000000575|0000000000101595|098.26
23022026|531552|0000000000001230|0000000000018315|0000000000001307|0000000000019565|094.11
23022026|531553|0000000000000152|0000000000003183|0000000000000228|0000000000004564|066.67
23022026|531556|0000000000000523|0000000000017809|0000000000000533|0000000000018094|098.12
23022026|531557|0000000000002056|0000000000100991|0000000000002056|0000000000100991|100.00
23022026|531568|0000000000002413|0000000000017953|0000000000002413|0000000000017952|100.00
23022026|531569|0000000000001059|0000000000206294|0000000000001118|0000000000219700|094.72
23022026|531572|0000000000000200|0000000000018412|0000000000000200|0000000000018412|100.00
23022026|531574|0000000000001410|0000000000014790|0000000000001410|0000000000014790|100.00
23022026|531578|0000000000025466|0000000000176735|0000000000025466|0000000000176734|100.00
23022026|531582|0000000000000001|0000000000000024|0000000000000001|0000000000000024|100.00
23022026|531583|0000000000001453|0000000000049112|0000000000001678|0000000000057414|086.59
23022026|531585|0000000000005460|0000000000051652|0000000000005525|0000000000054671|098.82
23022026|531591|0000000000005684|0000000000111539|0000000000005684|0000000000111539|100.00
23022026|531592|0000000002952621|0000000003926986|0000000002988973|0000000003940374|098.78
23022026|531594|0000000000000050|0000000000000601|0000000000000051|0000000000000608|098.04
23022026|531595|0000000000019594|0000000003378006|0000000000035220|0000000006074420|055.63
23022026|531599|0000000000004137|0000000001531932|0000000000005364|0000000001963646|077.13
23022026|531608|0000000000000809|0000000000050312|0000000000000886|0000000000053756|091.31
23022026|531613|0000000000020566|0000000000057674|0000000000020566|0000000000057674|100.00
23022026|531624|0000000000012128|0000000000067917|0000000000014513|0000000000077925|083.57
23022026|531626|0000000000004611|0000000000020427|0000000000006828|0000000000030407|067.53
23022026|531628|0000000000000006|0000000000000218|0000000000000006|0000000000000218|100.00
23022026|531633|0000000000002785|0000000001720852|0000000000003447|0000000002124139|080.79
23022026|531635|0000000000000589|0000000000051571|0000000000000589|0000000000051571|100.00
23022026|531637|0000000000030528|0000000008207453|0000000000042932|0000000011553507|071.11
23022026|531638|0000000000000001|0000000000000228|0000000000000001|0000000000000228|100.00
23022026|531642|0000000000012429|0000000009960601|0000000000022914|0000000018205939|054.24
23022026|531644|0000000000000185|0000000000004089|0000000000000233|0000000000005074|079.40
23022026|531647|0000000000000050|0000000000001086|0000000000000050|0000000000001086|100.00
23022026|531651|0000000000004484|0000000000206982|0000000000005009|0000000000226861|089.52
23022026|531652|0000000000005637|0000000000597522|0000000000006009|0000000000651973|093.81
23022026|531658|0000000000010754|0000000000144964|0000000000012040|0000000000160359|089.32
23022026|531661|0000000000001534|0000000000016874|0000000000002240|0000000000023520|068.48
23022026|531663|0000000000126905|0000000000692902|0000000000143884|0000000000793174|088.20
23022026|531667|0000000000004299|0000000000120372|0000000000004549|0000000000129086|094.50
23022026|531668|0000000000009732|0000000000026180|0000000000012515|0000000000033716|077.76
23022026|531672|0000000000000071|0000000000001550|0000000000000072|0000000000001536|098.61
23022026|531673|0000000000009137|0000000000236488|0000000000009137|0000000000236488|100.00
23022026|531676|0000000000006799|0000000002008387|0000000000006799|0000000002008387|100.00
23022026|531680|0000000000001495|0000000000036816|0000000000001495|0000000000036816|100.00
23022026|531681|0000000000141852|0000000000097878|0000000000232699|0000000000156673|060.96
23022026|531686|0000000000001149|0000000000001900|0000000000001149|0000000000001900|100.00
23022026|531688|0000000000002706|0000000000298337|0000000000003553|0000000000388714|076.16
23022026|531692|0000000000005100|0000000000015708|0000000000005100|0000000000015702|100.00
23022026|531694|0000000000012280|0000000000569670|0000000000014278|0000000000665199|086.01
23022026|531716|0000000000005333|0000000000010943|0000000000005333|0000000000010943|100.00
23022026|531717|0000000000005429|0000000001675661|0000000000005430|0000000001686981|099.98
23022026|531719|0000000000000905|0000000000184847|0000000000000925|0000000000188745|097.84
23022026|531723|0000000000232995|0000000000114168|0000000000342325|0000000000167912|068.06
23022026|531726|0000000000001774|0000000000196648|0000000000002052|0000000000225856|086.45
23022026|531727|0000000000013288|0000000000783992|0000000000015854|0000000000940672|083.81
23022026|531737|0000000000109131|0000000000057840|0000000000116467|0000000000062153|093.70
23022026|531739|0000000000099104|0000000001161499|0000000000117265|0000000001379213|084.51
23022026|531744|0000000000000202|0000000000011890|0000000000000211|0000000000011924|095.73
23022026|531746|0000000000000644|0000000000014130|0000000000000764|0000000000016708|084.29
23022026|531752|0000000000492823|0000000000340048|0000000000630692|0000000000431860|078.14
23022026|531761|0000000000203346|0000000067104180|0000000000209091|0000000069003921|097.25
23022026|531762|0000000000000584|0000000000012854|0000000000000806|0000000000017808|072.46
23022026|531768|0000000000004459|0000000005651114|0000000000014859|0000000018785983|030.01
23022026|531769|0000000000068234|0000000000305688|0000000000068234|0000000000305688|100.00
23022026|531771|0000000000007681|0000000001253540|0000000000010381|0000000001711232|073.99
23022026|531775|0000000000001000|0000000000001070|0000000000001000|0000000000001070|100.00
23022026|531778|0000000000004508|0000000000129372|0000000000004508|0000000000129372|100.00
23022026|531779|0000000000000082|0000000000001169|0000000000000154|0000000000002216|053.25
23022026|531780|0000000002341239|0000000010278040|0000000002447904|0000000010571744|095.64
23022026|531784|0000000000086550|0000000000118574|0000000000106811|0000000000146776|081.03
23022026|531794|0000000000003130|0000000000236502|0000000000003130|0000000000236502|100.00
23022026|531795|0000000000002911|0000000001401065|0000000000011845|0000000005828571|024.58
23022026|531797|0000000000000265|0000000000027401|0000000000000265|0000000000027401|100.00
23022026|531802|0000000000041243|0000000001069844|0000000000050109|0000000001299060|082.31
23022026|531810|0000000000001315|0000000000078900|0000000000002282|0000000000138886|057.62
23022026|531812|0000000000024984|0000000000016244|0000000000024984|0000000000016244|100.00
23022026|531814|0000000000003316|0000000000031735|0000000000004549|0000000000042911|072.90
23022026|531822|0000000000000731|0000000000131580|0000000000000733|0000000000131684|099.73
23022026|531832|0000000000001601|0000000000077568|0000000000001601|0000000000077568|100.00
23022026|531834|0000000000011001|0000000000157774|0000000000011001|0000000000157774|100.00
23022026|531840|0000000000007503|0000000000215937|0000000000007783|0000000000219788|096.40
23022026|531841|0000000000000159|0000000000008348|0000000000000184|0000000000009722|086.41
23022026|531842|0000000000009519|0000000000472048|0000000000013234|0000000000675516|071.93
23022026|531845|0000000000008967|0000000000044925|0000000000008967|0000000000045038|100.00
23022026|531846|0000000000019791|0000000000270148|0000000000019791|0000000000276440|100.00
23022026|531847|0000000000000045|0000000000028886|0000000000000048|0000000000029842|093.75
23022026|531859|0000000000017032|0000000002359784|0000000000022305|0000000003120153|076.36
23022026|531861|0000000000000987|0000000000041760|0000000000001207|0000000000051480|081.77
23022026|531862|0000000000010820|0000000000276560|0000000000016921|0000000000430859|063.94
23022026|531867|0000000000003838|0000000000013899|0000000000003838|0000000000013899|100.00
23022026|531869|0000000000067536|0000000000263391|0000000000079800|0000000000312975|084.63
23022026|531870|0000000000000344|0000000000005683|0000000000000378|0000000000006183|091.01
23022026|531878|0000000000000700|0000000000007581|0000000000000943|0000000000010271|074.23
23022026|531887|0000000000000100|0000000000004246|0000000000000100|0000000000004246|100.00
23022026|531888|0000000000002033|0000000000128100|0000000000002434|0000000000152318|083.52
23022026|531889|0000000000612341|0000000027567592|0000000000932241|0000000042132771|065.68
23022026|531892|0000000000000010|0000000000000179|0000000000001410|0000000000024681|000.71
23022026|531893|0000000000367142|0000000000128500|0000000000697695|0000000000242480|052.62
23022026|531900|0000000000001896|0000000000042338|0000000000001946|0000000000043609|097.43
23022026|531902|0000000000000251|0000000000005579|0000000000000251|0000000000005579|100.00
23022026|531909|0000000000071466|0000000000244966|0000000000071466|0000000000244966|100.00
23022026|531910|0000000000026206|0000000006551739|0000000000026206|0000000006551739|100.00
23022026|531911|0000000000000486|0000000000019197|0000000000000486|0000000000019197|100.00
23022026|531913|0000000000012704|0000000000141498|0000000000012704|0000000000141498|100.00
23022026|531918|0000000000000172|0000000000018920|0000000000000285|0000000000031237|060.35
23022026|531921|0000000000001342|0000000000782655|0000000000001912|0000000001132166|070.19
23022026|531923|0000000000037303|0000000004339901|0000000000037303|0000000004339901|100.00
23022026|531925|0000000000001382|0000000000001866|0000000000001382|0000000000001840|100.00
23022026|531928|0000000000000250|0000000000002525|0000000000000250|0000000000002525|100.00
23022026|531929|0000000000003046|0000000000014657|0000000000003046|0000000000014657|100.00
23022026|531930|0000000000002987|0000000000089043|0000000000003100|0000000000093048|096.35
23022026|531931|0000000000000770|0000000000125279|0000000000000892|0000000000146734|086.32
23022026|531936|0000000000004101|0000000000013866|0000000000004101|0000000000013866|100.00
23022026|531944|0000000000000384|0000000000007141|0000000000000384|0000000000007141|100.00
23022026|531950|0000000000032172|0000000000117107|0000000000040409|0000000000145403|079.62
23022026|531952|0000000000002348|0000000000171592|0000000000002953|0000000000215855|079.51
23022026|531959|0000000000043961|0000000000089241|0000000000055192|0000000000110601|079.65
23022026|531960|0000000000001000|0000000000005320|0000000000001000|0000000000005320|100.00
23022026|531962|0000000000001116|0000000000052201|0000000000001116|0000000000052201|100.00
23022026|531968|0000000000000246|0000000000012170|0000000000000255|0000000000012203|096.47
23022026|531977|0000000000114217|0000000000880614|0000000000172877|0000000001380586|066.07
23022026|531978|0000000000000390|0000000000546410|0000000000000575|0000000000809363|067.83
23022026|531979|0000000000005306|0000000000513011|0000000000005306|0000000000513011|100.00
23022026|531980|0000000000000085|0000000000003044|0000000000000085|0000000000003044|100.00
23022026|531982|0000000000014706|0000000000205002|0000000000015406|0000000000215827|095.46
23022026|531989|0000000000000065|0000000000001950|0000000000000065|0000000000001949|100.00
23022026|531991|0000000000039060|0000000000021874|0000000000046060|0000000000025777|084.80
23022026|531994|0000000000000003|0000000000000495|0000000000000003|0000000000000495|100.00
23022026|531996|0000000000004622|0000000000040582|0000000000005738|0000000000050393|080.55
23022026|531997|0000000000093238|0000000001475026|0000000000278226|0000000004650155|033.51
23022026|532001|0000000000000628|0000000000031714|0000000000000628|0000000000031714|100.00
23022026|532005|0000000000000301|0000000000013539|0000000000000302|0000000000013716|099.67
23022026|532011|0000000000000460|0000000000024831|0000000000015660|0000000000835309|002.94
23022026|532015|0000000000046477|0000000000810094|0000000000046477|0000000000810094|100.00
23022026|532016|0000000000001209|0000000000366267|0000000000001216|0000000000368932|099.42
23022026|532019|0000000000003000|0000000000016414|0000000000003000|0000000000016414|100.00
23022026|532022|0000000015170584|0000000003337529|0000000020587997|0000000004712215|073.69
23022026|532029|0000000000031640|0000000000822008|0000000000045571|0000000001171041|069.43
23022026|532039|0000000000003981|0000000000188182|0000000000004871|0000000000228730|081.73
23022026|532041|0000000000013099|0000000000109115|0000000000013469|0000000000112196|097.25
23022026|532042|0000000000000201|0000000000006131|0000000000000201|0000000000006176|100.00
23022026|532051|0000000000000405|0000000000217060|0000000000000490|0000000000261835|082.65
23022026|532053|0000000000000072|0000000000005655|0000000000000073|0000000000005826|098.63
23022026|532054|0000000000000268|0000000000646430|0000000000000547|0000000001326827|048.99
23022026|532056|0000000000013907|0000000002146726|0000000000013907|0000000002146726|100.00
23022026|532057|0000000000000480|0000000000060072|0000000000001028|0000000000132372|046.69
23022026|532067|0000000000005239|0000000008367731|0000000000008019|0000000012670064|065.33
23022026|532070|0000000000002286|0000000000514236|0000000000012959|0000000002952500|017.64
23022026|532072|0000000000040635|0000000000010632|0000000000040635|0000000000010632|100.00
23022026|532078|0000000000000010|0000000000000294|0000000000000010|0000000000000294|100.00
23022026|532090|0000000000023616|0000000000459697|0000000000023616|0000000000459697|100.00
23022026|532092|0000000000249887|0000000000486787|0000000000249887|0000000000486787|100.00
23022026|532100|0000000000011755|0000000000133302|0000000000012352|0000000000142382|095.17
23022026|532102|0000000000000131|0000000000003930|0000000000000131|0000000000003906|100.00
23022026|532113|0000000000012386|0000000000142854|0000000000012386|0000000000142854|100.00
23022026|532123|0000000000215646|0000000001306815|0000000000313807|0000000001907345|068.72
23022026|532124|0000000000005688|0000000000113305|0000000000006752|0000000000133489|084.24
23022026|532131|0000000000000621|0000000000010570|0000000000000708|0000000000010916|087.71
23022026|532134|0000000000254419|0000000079722194|0000000000499004|0000000156154403|050.99
23022026|532140|0000000000011862|0000000000032621|0000000000019199|0000000000052419|061.78
23022026|532141|0000000000000911|0000000000050024|0000000000001013|0000000000055882|089.93
23022026|532143|0000000000010355|0000000001830764|0000000000014446|0000000002563833|071.68
23022026|532144|0000000000004884|0000000003825393|0000000000011756|0000000009213040|041.54
23022026|532145|0000000000002800|0000000000032592|0000000000002905|0000000000033609|096.39
23022026|532149|0000000000318967|0000000055548104|0000000000599980|0000000104112157|053.16
23022026|532150|0000000000002426|0000000000990779|0000000000004088|0000000001692279|059.34
23022026|532154|0000000000471512|0000000000254617|0000000000657403|0000000000363189|071.72
23022026|532155|0000000000121635|0000000020319127|0000000000179856|0000000030158817|067.63
23022026|532156|0000000000008464|0000000001985232|0000000000018167|0000000004289078|046.59
23022026|532159|0000000000025885|0000000000226494|0000000000043786|0000000000365872|059.12
23022026|532160|0000000000006004|0000000000066645|0000000000012613|0000000000140702|047.60
23022026|532162|0000000000002421|0000000000822777|0000000000003768|0000000001287333|064.25
23022026|532163|0000000000003734|0000000001277028|0000000000006606|0000000002262784|056.52
23022026|532172|0000000000001222|0000000000011622|0000000000001254|0000000000012206|097.45
23022026|532173|0000000000003136|0000000000373341|0000000000003840|0000000000460973|081.67
23022026|532174|0000000000258004|0000000360973397|0000000000302922|0000000424243122|085.17
23022026|532175|0000000000004071|0000000003997722|0000000000009225|0000000009040882|044.13
23022026|532178|0000000000387322|0000000083952044|0000000000691481|0000000151364835|056.01
23022026|532180|0000000000305902|0000000007317176|0000000000322015|0000000007724045|095.00
23022026|532181|0000000000057784|0000000032598844|0000000000185874|0000000105422162|031.09
23022026|532183|0000000000253327|0000000002206479|0000000000256221|0000000002231319|098.87
23022026|532187|0000000000016612|0000000015278887|0000000000052581|0000000048434482|031.59
23022026|532189|0000000000001061|0000000000562755|0000000000001148|0000000000614574|092.42
23022026|532209|0000000000342486|0000000036457635|0000000000498452|0000000052873075|068.71
23022026|532210|0000000000079795|0000000023224335|0000000000142690|0000000041282534|055.92
23022026|532212|0000000000000507|0000000000008128|0000000000000525|0000000000008166|096.57
23022026|532215|0000000000228746|0000000317167767|0000000000376067|0000000522933368|060.83
23022026|532216|0000000000000080|0000000000004938|0000000000000080|0000000000004938|100.00
23022026|532217|0000000000017417|0000000000506332|0000000000017417|0000000000506332|100.00
23022026|532218|0000000000729787|0000000029578268|0000000001099974|0000000044387477|066.35
23022026|532219|0000000000000245|0000000000004076|0000000000000245|0000000000004076|100.00
23022026|532221|0000000000013773|0000000003876411|0000000000029184|0000000008303654|047.19
23022026|532230|0000000000000063|0000000000009989|0000000000000063|0000000000009988|100.00
23022026|532234|0000000000178559|0000000060513646|0000000000395064|0000000134676005|045.20
23022026|532240|0000000000006088|0000000005081045|0000000000006637|0000000005525085|091.73
23022026|532256|0000000000000064|0000000000380948|0000000000000099|0000000000588247|064.65
23022026|532259|0000000000002783|0000000029728285|0000000000006858|0000000073532591|040.58
23022026|532262|0000000000000005|0000000000007175|0000000000000005|0000000000007175|100.00
23022026|532268|0000000000000424|0000000000494172|0000000000000618|0000000000723935|068.61
23022026|532271|0000000000006367|0000000000017000|0000000000006542|0000000000017196|097.32
23022026|532275|0000000000115044|0000000000244591|0000000000115044|0000000000244591|100.00
23022026|532281|0000000000108006|0000000154054359|0000000000188062|0000000268277152|057.43
23022026|532284|0000000000023464|0000000000645964|0000000000024090|0000000000672973|097.40
23022026|532285|0000000000013203|0000000000869946|0000000000018644|0000000001231553|070.82
23022026|532286|0000000000062727|0000000076338759|0000000000071008|0000000086142593|088.34
23022026|532290|0000000000063987|0000000001204876|0000000000134029|0000000002821424|047.74
23022026|532296|0000000000011112|0000000022646256|0000000000018366|0000000037357370|060.50
23022026|532300|0000000000004350|0000000005934923|0000000000009685|0000000013271992|044.91
23022026|532303|0000000000016785|0000000000055895|0000000000017085|0000000000056878|098.24
23022026|532304|0000000000000008|0000000000000448|0000000000000008|0000000000000424|100.00
23022026|532305|0000000000063060|0000000009301350|0000000000080229|0000000011677357|078.60
23022026|532309|0000000000127305|0000000062831383|0000000000251454|0000000126441003|050.63
23022026|532310|0000000000002090|0000000000118712|0000000000002612|0000000000150160|080.02
23022026|532313|0000000000006113|0000000002253558|0000000000009138|0000000003384308|066.90
23022026|532315|0000000000001410|0000000000010345|0000000000001410|0000000000010345|100.00
23022026|532320|0000000000001894|0000000000021013|0000000000001894|0000000000021013|100.00
23022026|532321|0000000000011918|0000000010820353|0000000000023005|0000000020838122|051.81
23022026|532323|0000000000066819|0000000001256198|0000000000099273|0000000001879555|067.31
23022026|532324|0000000000000255|0000000000004080|0000000000000255|0000000000004080|100.00
23022026|532326|0000000000010997|0000000001195374|0000000000011524|0000000001251026|095.43
23022026|532329|0000000000003011|0000000001763393|0000000000003822|0000000002235987|078.78
23022026|532331|0000000000101139|0000000301181829|0000000000102573|0000000305154614|098.60
23022026|532332|0000000000000225|0000000000019256|0000000000000225|0000000000019256|100.00
23022026|532333|0000000000000552|0000000000032872|0000000000000712|0000000000042437|077.53
23022026|532334|0000000000002676|0000000000204045|0000000000004381|0000000000348575|061.08
23022026|532335|0000000000000264|0000000000006835|0000000000000420|0000000000010696|062.86
23022026|532339|0000000000006636|0000000000094829|0000000000007014|0000000000102779|094.61
23022026|532340|0000000000003848|0000000000018829|0000000000003848|0000000000018829|100.00
23022026|532341|0000000000006882|0000000005625347|0000000000016214|0000000013754812|042.44
23022026|532343|0000000000007964|0000000030498935|0000000000015543|0000000059862323|051.24
23022026|532344|0000000000002297|0000000000481681|0000000000002702|0000000000542715|085.01
23022026|532348|0000000000097900|0000000000966273|0000000000114273|0000000001130462|085.67
23022026|532349|0000000000000168|0000000000175275|0000000000000199|0000000000206499|084.42
23022026|532350|0000000000005404|0000000000021882|0000000000005404|0000000000021882|100.00
23022026|532351|0000000000032977|0000000000158290|0000000000048657|0000000000240075|067.77
23022026|532354|0000000000001175|0000000000004230|0000000000001175|0000000000004490|100.00
23022026|532355|0000000000115098|0000000000764251|0000000000314789|0000000002124767|036.56
23022026|532356|0000000000005968|0000000002277688|0000000000008654|0000000003305311|068.96
23022026|532357|0000000000000004|0000000000000219|0000000000000008|0000000000000460|050.00
23022026|532359|0000000000884680|0000000002751354|0000000000884680|0000000002751354|100.00
23022026|532362|0000000000000565|0000000000081061|0000000000000565|0000000000081061|100.00
23022026|532365|0000000000000800|0000000000755720|0000000000001283|0000000001210028|062.35
23022026|532366|0000000000002837|0000000000223045|0000000000003028|0000000000238620|093.69
23022026|532368|0000000000773430|0000000008964054|0000000001710192|0000000019955719|045.22
23022026|532369|0000000000000380|0000000000118446|0000000000000384|0000000000117971|098.96
23022026|532370|0000000000002566|0000000001314947|0000000000005711|0000000002939088|044.93
23022026|532371|0000000000041895|0000000001788917|0000000000091682|0000000003918968|045.70
23022026|532372|0000000000006599|0000000000128615|0000000000006756|0000000000132542|097.68
23022026|532373|0000000000001493|0000000000032518|0000000000001946|0000000000042990|076.72
23022026|532374|0000000000248301|0000000041540758|0000000000512228|0000000085282818|048.47
23022026|532375|0000000000001160|0000000000650354|0000000000003317|0000000001833435|034.97
23022026|532376|0000000000001056|0000000000089887|0000000000001107|0000000000093940|095.39
23022026|532378|0000000000000331|0000000000001655|0000000000000416|0000000000002015|079.57
23022026|532379|0000000000000648|0000000000004349|0000000000000691|0000000000004590|093.78
23022026|532380|0000000000088060|0000000001084600|0000000000088060|0000000001084600|100.00
23022026|532382|0000000000026025|0000000002627484|0000000000044974|0000000004555819|057.87
23022026|532384|0000000000001366|0000000000158525|0000000000002196|0000000000256230|062.20
23022026|532386|0000000000006297|0000000000086143|0000000000006874|0000000000095122|091.61
23022026|532387|0000000000001859|0000000000047219|0000000000001864|0000000000046751|099.73
23022026|532388|0000000000592672|0000000021650309|0000000001024874|0000000037774874|057.83
23022026|532390|0000000000008417|0000000002874827|0000000000011168|0000000003827290|075.37
23022026|532392|0000000000001866|0000000000012559|0000000000001962|0000000000013786|095.11
23022026|532395|0000000000004389|0000000006172910|0000000000008094|0000000011338072|054.23
23022026|532397|0000000000000105|0000000000001901|0000000000000115|0000000000002082|091.30
23022026|532398|0000000000000564|0000000000002488|0000000000000564|0000000000002487|100.00
23022026|532400|0000000000037228|0000000014049848|0000000000070366|0000000026805057|052.91
23022026|532402|0000000000047494|0000000000394201|0000000000047986|0000000000407049|098.97
23022026|532403|0000000000002450|0000000000024324|0000000000002450|0000000000024324|100.00
23022026|532404|0000000000004016|0000000000161444|0000000000004298|0000000000172983|093.44
23022026|532406|0000000000019848|0000000002864067|0000000000031784|0000000004618156|062.45
23022026|532407|0000000000264530|0000000053117624|0000000000628682|0000000129112604|042.08
23022026|532408|0000000000001944|0000000000338451|0000000000002233|0000000000395284|087.06
23022026|532410|0000000000006128|0000000000158716|0000000000008106|0000000000212626|075.60
23022026|532413|0000000000014107|0000000000070974|0000000000014107|0000000000070974|100.00
23022026|532416|0000000000001351|0000000000007890|0000000000001451|0000000000009242|093.11
23022026|532419|0000000000000051|0000000000006783|0000000000000051|0000000000006783|100.00
23022026|532424|0000000000005793|0000000007081943|0000000000010795|0000000013152820|053.66
23022026|532425|0000000000002220|0000000000059814|0000000000002220|0000000000059814|100.00
23022026|532430|0000000000000578|0000000000292646|0000000000000578|0000000000292646|100.00
23022026|532432|0000000000027372|0000000038783387|0000000000042438|0000000059770675|064.50
23022026|532435|0000000000011814|0000000000083053|0000000000016857|0000000000118552|070.08
23022026|532439|0000000000033374|0000000034772371|0000000000074390|0000000077242801|044.86
23022026|532440|0000000000000436|0000000000689316|0000000000000878|0000000001398324|049.66
23022026|532443|0000000000000168|0000000000856086|0000000000000365|0000000001870155|046.03
23022026|532444|0000000000000880|0000000000001433|0000000000000880|0000000000001433|100.00
23022026|532454|0000000000116187|0000000232042868|0000000000150386|0000000299427350|077.26
23022026|532455|0000000000001543|0000000000029317|0000000000001839|0000000000034771|083.90
23022026|532457|0000000000012763|0000000001972522|0000000000016568|0000000002573356|077.03
23022026|532460|0000000000000016|0000000000004240|0000000000000017|0000000000004517|094.12
23022026|532461|0000000001081096|0000000140812754|0000000001757727|0000000230984211|061.51
23022026|532466|0000000000001339|0000000008928854|0000000000002784|0000000018457674|048.10
23022026|532467|0000000000249143|0000000008388645|0000000000551063|0000000018868382|045.21
23022026|532468|0000000000003354|0000000009082632|0000000000004223|0000000011547490|079.42
23022026|532475|0000000000006652|0000000000607528|0000000000010369|0000000000951282|064.15
23022026|532477|0000000000592827|0000000117201898|0000000001191703|0000000236352859|049.75
23022026|532478|0000000000000596|0000000000971391|0000000000001102|0000000001787874|054.08
23022026|532481|0000000000015982|0000000000062970|0000000000018830|0000000000074430|084.88
23022026|532482|0000000000010653|0000000006377952|0000000000021478|0000000012743838|049.60
23022026|532483|0000000000854699|0000000133717659|0000000001514653|0000000236459160|056.43
23022026|532485|0000000000048070|0000000003466328|0000000000057428|0000000004148445|083.70
23022026|532486|0000000000004062|0000000003972230|0000000000006787|0000000006856274|059.85
23022026|532488|0000000000003949|0000000024857771|0000000000006557|0000000041285274|060.23
23022026|532493|0000000000015114|0000000013940398|0000000000023731|0000000021881499|063.69
23022026|532497|0000000000004649|0000000012636215|0000000000007742|0000000021043670|060.05
23022026|532500|0000000000004654|0000000070125076|0000000000008521|0000000128255494|054.62
23022026|532503|0000000000001325|0000000001073648|0000000000001326|0000000001075678|099.92
23022026|532504|0000000000094376|0000000627808028|0000000000098239|0000000649782806|096.07
23022026|532505|0000000000379357|0000000010944450|0000000000776144|0000000022646039|048.88
23022026|532507|0000000000008894|0000000000047406|0000000000013370|0000000000070561|066.52
23022026|532508|0000000000022738|0000000018080121|0000000000046717|0000000036719750|048.67
23022026|532509|0000000000001107|0000000000462505|0000000000003105|0000000001290790|035.65
23022026|532513|0000000000000495|0000000000190454|0000000000000495|0000000000190454|100.00
23022026|532514|0000000000076250|0000000012954875|0000000000116013|0000000019611259|065.73
23022026|532515|0000000000001081|0000000000135125|0000000000001087|0000000000136080|099.45
23022026|532521|0000000000000414|0000000000015658|0000000000000421|0000000000016041|098.34
23022026|532522|0000000000012411|0000000003801490|0000000000027586|0000000008439194|044.99
23022026|532523|0000000000057661|0000000022360936|0000000000097903|0000000037891329|058.90
23022026|532524|0000000000019720|0000000003319862|0000000000040202|0000000006745903|049.05
23022026|532525|0000000001187568|0000000082725987|0000000002081130|0000000145867103|057.06
23022026|532527|0000000000005035|0000000002782593|0000000000014026|0000000007801404|035.90
23022026|532528|0000000000020437|0000000016944317|0000000000069281|0000000057959388|029.50
23022026|532529|0000000000005318|0000000000437246|0000000000007705|0000000000627505|069.02
23022026|532531|0000000000000766|0000000000669523|0000000000002070|0000000001815646|037.00
23022026|532532|0000000001095537|0000000003437539|0000000001095537|0000000003437539|100.00
23022026|532538|0000000000000936|0000000012144132|0000000000001674|0000000021583038|055.91
23022026|532539|0000000000019495|0000000023305298|0000000000029135|0000000034645933|066.91
23022026|532540|0000000000116292|0000000311179949|0000000000209954|0000000562247512|055.39
23022026|532541|0000000000058144|0000000074892380|0000000000143750|0000000186645289|040.45
23022026|532543|0000000000002981|0000000000097598|0000000000003091|0000000000102014|096.44
23022026|532548|0000000000001159|0000000000868034|0000000000001853|0000000001391445|062.55
23022026|532553|0000000000005166|0000000002535215|0000000000010438|0000000005178415|049.49
23022026|532555|0000000000493752|0000000185379189|0000000000857625|0000000321375490|057.57
23022026|532604|0000000000003434|0000000000158027|0000000000003434|0000000000158027|100.00
23022026|532605|0000000000005785|0000000003281252|0000000000012351|0000000006996111|046.84
23022026|532610|0000000000012941|0000000000459406|0000000000016938|0000000000603158|076.40
23022026|532612|0000000000000639|0000000000127385|0000000000000731|0000000000145661|087.41
23022026|532613|0000000000002158|0000000000047455|0000000000002223|0000000000049016|097.08
23022026|532614|0000000000007087|0000000000012298|0000000000007087|0000000000012298|100.00
23022026|532616|0000000000002902|0000000000194347|0000000000003809|0000000000254098|076.19
23022026|532624|0000000000000070|0000000000094591|0000000000000078|0000000000105744|089.74
23022026|532626|0000000000004188|0000000004799030|0000000000007888|0000000009060930|053.09
23022026|532627|0000000001903182|0000000027653235|0000000003199644|0000000046762393|059.48
23022026|532628|0000000000017636|0000000000254841|0000000000018735|0000000000271686|094.13
23022026|532630|0000000000043424|0000000032420359|0000000000087734|0000000068130858|049.50
23022026|532633|0000000000000131|0000000000108252|0000000000000233|0000000000194722|056.22
23022026|532636|0000000000053361|0000000026891276|0000000000115046|0000000058922322|046.38
23022026|532637|0000000000001161|0000000000036330|0000000000001161|0000000000036330|100.00
23022026|532638|0000000000002306|0000000000771934|0000000000003177|0000000001082118|072.58
23022026|532640|0000000000000461|0000000000006934|0000000000000479|0000000000007207|096.24
23022026|532641|0000000000194284|0000000000543996|0000000000238120|0000000000662393|081.59
23022026|532642|0000000000000044|0000000000759599|0000000000000087|0000000001489953|050.57
23022026|532644|0000000000000596|0000000003442586|0000000000001349|0000000007769746|044.18
23022026|532645|0000000000003410|0000000000008935|0000000000004410|0000000000011346|077.32
23022026|532648|0000000002665386|0000000055653260|0000000005195956|0000000108704729|051.30
23022026|532649|0000000000023411|0000000000297447|0000000000023411|0000000000297447|100.00
23022026|532650|0000000000071692|0000000002264751|0000000000100295|0000000003199852|071.48
23022026|532652|0000000000053633|0000000010801687|0000000000110058|0000000022442585|048.73
23022026|532654|0000000000011809|0000000000491963|0000000000016051|0000000000674258|073.57
23022026|532656|0000000000062482|0000000000166203|0000000000082629|0000000000222273|075.62
23022026|532660|0000000000062057|0000000000526244|0000000000071268|0000000000603427|087.08
23022026|532661|0000000000000240|0000000000195480|0000000000000271|0000000000222425|088.56
23022026|532662|0000000000008981|0000000000194619|0000000000009660|0000000000209089|092.97
23022026|532663|0000000000000508|0000000000606324|0000000000000709|0000000000853547|071.65
23022026|532666|0000000000179619|0000000000296372|0000000000225939|0000000000379266|079.50
23022026|532667|0000000001771799|0000000078384388|0000000004162119|0000000184448301|042.57
23022026|532668|0000000000005675|0000000005277750|0000000000015846|0000000014942686|035.81
23022026|532670|0000000000058535|0000000001374988|0000000000094873|0000000002235861|061.70
23022026|532673|0000000000002256|0000000000055498|0000000000002493|0000000000061241|090.49
23022026|532674|0000000000000888|0000000000021170|0000000000001014|0000000000024254|087.57
23022026|532676|0000000000000901|0000000000009047|0000000000000922|0000000000009159|097.72
23022026|532683|0000000000000382|0000000001467358|0000000000000812|0000000003160650|047.04
23022026|532684|0000000000005391|0000000000628591|0000000000010500|0000000001227418|051.34
23022026|532686|0000000000003739|0000000004113835|0000000000007230|0000000007932601|051.72
23022026|532687|0000000000000525|0000000000215198|0000000000000725|0000000000299708|072.41
23022026|532689|0000000000002053|0000000002114590|0000000000005179|0000000005324612|039.64
23022026|532694|0000000000157796|0000000001740490|0000000000251145|0000000002777436|062.83
23022026|532695|0000000000001683|0000000000013246|0000000000001691|0000000000013351|099.53
23022026|532696|0000000000017876|0000000000018841|0000000000017876|0000000000018841|100.00
23022026|532698|0000000000216972|0000000083729495|0000000000515437|0000000201659728|042.09
23022026|532699|0000000000000577|0000000000210548|0000000000000790|0000000000288554|073.04
23022026|532700|0000000000000002|0000000000000216|0000000000000002|0000000000000215|100.00
23022026|532701|0000000000000194|0000000000002622|0000000000000194|0000000000002622|100.00
23022026|532702|0000000000022601|0000000006871835|0000000000029339|0000000008872731|077.03
23022026|532705|0000000000012806|0000000000807547|0000000000014984|0000000000952011|085.46
23022026|532707|0000000000002670|0000000000600750|0000000000016250|0000000003686757|016.43
23022026|532708|0000000000168211|0000000000495209|0000000000168211|0000000000495209|100.00
23022026|532710|0000000000437072|0000000004313901|0000000000528659|0000000005190347|082.68
23022026|532712|0000000001397967|0000000001371952|0000000001397967|0000000001371952|100.00
23022026|532713|0000000000068771|0000000000132729|0000000000098053|0000000000189344|070.14
23022026|532714|0000000000007277|0000000004244311|0000000000015128|0000000008858215|048.10
23022026|532716|0000000000000935|0000000000091341|0000000000001027|0000000000099345|091.04
23022026|532717|0000000000006933|0000000010808547|0000000000015962|0000000025312081|043.43
23022026|532719|0000000000020583|0000000000993336|0000000000036618|0000000001766057|056.21
23022026|532720|0000000000028835|0000000010970276|0000000000092618|0000000035122344|031.13
23022026|532721|0000000000026053|0000000000990014|0000000000026168|0000000000995769|099.56
23022026|532722|0000000000005611|0000000000439791|0000000000008682|0000000000693240|064.63
23022026|532723|0000000000000108|0000000000003720|0000000000000110|0000000000003969|098.18
23022026|532725|0000000000003697|0000000049419648|0000000000006121|0000000082096855|060.40
23022026|532726|0000000000005947|0000000003325860|0000000000009330|0000000005214675|063.74
23022026|532728|0000000000000210|0000000000006521|0000000000000210|0000000000006526|100.00
23022026|532729|0000000000057026|0000000011179948|0000000000057145|0000000011257074|099.79
23022026|532730|0000000000001015|0000000000012952|0000000000001015|0000000000012947|100.00
23022026|532732|0000000000000720|0000000000365040|0000000000000981|0000000000498570|073.39
23022026|532733|0000000000002715|0000000001591805|0000000000007037|0000000004123506|038.58
23022026|532734|0000000000016751|0000000004495969|0000000000052077|0000000013894754|032.17
23022026|532735|0000000000006688|0000000002066592|0000000000009546|0000000002946813|070.06
23022026|532737|0000000000000536|0000000000126818|0000000000000730|0000000000174982|073.42
23022026|532738|0000000000022875|0000000000544883|0000000000027671|0000000000659052|082.67
23022026|532740|0000000000008044|0000000001455964|0000000000008376|0000000001502462|096.04
23022026|532741|0000000000038171|0000000000814951|0000000000045704|0000000000976098|083.52
23022026|532742|0000000000000496|0000000000240957|0000000000000605|0000000000297547|081.98
23022026|532744|0000000000013931|0000000000137221|0000000000014033|0000000000138296|099.27
23022026|532748|0000000000093865|0000000024986863|0000000000272562|0000000071919575|034.44
23022026|532749|0000000000372926|0000000003233269|0000000000561186|0000000004924189|066.45
23022026|532754|0000000000116186|0000000011709226|0000000000225294|0000000022683895|051.57
23022026|532755|0000000000163957|0000000236385005|0000000000212351|0000000305856577|077.21
23022026|532756|0000000000111550|0000000055128010|0000000000303615|0000000153856632|036.74
23022026|532757|0000000000000569|0000000004723213|0000000000001240|0000000010388261|045.89
23022026|532759|0000000000002148|0000000000087360|0000000000002254|0000000000090744|095.30
23022026|532761|0000000000000005|0000000000000290|0000000000000005|0000000000000289|100.00
23022026|532762|0000000000012007|0000000010547550|0000000000018017|0000000015767484|066.64
23022026|532764|0000000000000950|0000000000276450|0000000000000950|0000000000275750|100.00
23022026|532767|0000000000170588|0000000002195467|0000000000170588|0000000002195467|100.00
23022026|532768|0000000000001786|0000000004009570|0000000000003366|0000000007740865|053.06
23022026|532771|0000000000017273|0000000000166685|0000000000022284|0000000000214022|077.51
23022026|532772|0000000000033166|0000000006304857|0000000000056679|0000000010756055|058.52
23022026|532773|0000000000001181|0000000000196637|0000000000001284|0000000000211836|091.98
23022026|532774|0000000000005606|0000000000493328|0000000000005765|0000000000509320|097.24
23022026|532775|0000000003216499|0000000003666809|0000000005566178|0000000006388544|057.79
23022026|532776|0000000000002899|0000000000058618|0000000000002943|0000000000059876|098.50
23022026|532777|0000000000025832|0000000027615700|0000000000053690|0000000057155125|048.11
23022026|532779|0000000000013809|0000000021210624|0000000000028266|0000000043535370|048.85
23022026|532780|0000000000078504|0000000000549528|0000000000080122|0000000000566895|097.98
23022026|532782|0000000000002911|0000000000093735|0000000000003112|0000000000100916|093.54
23022026|532783|0000000000030410|0000000012802610|0000000000146537|0000000062810153|020.75
23022026|532784|0000000000003237|0000000004898229|0000000000005185|0000000007889296|062.43
23022026|532785|0000000000001167|0000000000121368|0000000000001607|0000000000167717|072.62
23022026|532790|0000000000009205|0000000004234761|0000000000026019|0000000012089188|035.38
23022026|532794|0000000000052247|0000000000483808|0000000000064255|0000000000597174|081.31
23022026|532795|0000000000006267|0000000000003070|0000000000006267|0000000000003070|100.00
23022026|532796|0000000000001957|0000000003250382|0000000000004059|0000000006866776|048.21
23022026|532797|0000000000000565|0000000000043534|0000000000000737|0000000000058180|076.66
23022026|532798|0000000000061255|0000000002188642|0000000000112405|0000000004013486|054.49
23022026|532799|0000000000007043|0000000001464944|0000000000010811|0000000002281364|065.15
23022026|532801|0000000000001624|0000000000053430|0000000000001799|0000000000058287|090.27
23022026|532804|0000000000000571|0000000001322065|0000000000000622|0000000001454665|091.80
23022026|532805|0000000000041039|0000000010081231|0000000000074626|0000000018483552|054.99
23022026|532806|0000000000000838|0000000000022543|0000000000000852|0000000000022363|098.36
23022026|532807|0000000000000121|0000000000009988|0000000000000127|0000000000010526|095.28
23022026|532808|0000000000003176|0000000005042377|0000000000005080|0000000007904072|062.52
23022026|532809|0000000000042448|0000000010191765|0000000000118409|0000000029200401|035.85
23022026|532810|0000000000363853|0000000149816473|0000000000476111|0000000196373588|076.42
23022026|532811|0000000000001821|0000000001465450|0000000000003900|0000000003149380|046.69
23022026|532812|0000000000000300|0000000000003849|0000000000000300|0000000000003849|100.00
23022026|532814|0000000000081376|0000000079964127|0000000000200203|0000000195598865|040.65
23022026|532815|0000000000002909|0000000001090875|0000000000007173|0000000002703630|040.55
23022026|532817|0000000000022391|0000000000155842|0000000000023802|0000000000166608|094.07
23022026|532820|0000000000003981|0000000000062806|0000000000003981|0000000000062806|100.00
23022026|532822|0000000010732232|0000000117947230|0000000029361017|0000000323487946|036.55
23022026|532825|0000000000000073|0000000000000342|0000000000000073|0000000000000342|100.00
23022026|532826|0000000000000151|0000000000005886|0000000000000153|0000000000005964|098.69
23022026|532827|0000000000000358|0000000011831435|0000000000000543|0000000017948914|065.93
23022026|532828|0000000000000386|0000000000016259|0000000000000441|0000000000018520|087.53
23022026|532829|0000000000011165|0000000002586373|0000000000017434|0000000004009668|064.04
23022026|532830|0000000000004413|0000000007215917|0000000000011098|0000000018190100|039.76
23022026|532832|0000000000075462|0000000004573718|0000000000075462|0000000004573718|100.00
23022026|532834|0000000000006059|0000000000864317|0000000000011873|0000000001718844|051.03
23022026|532835|0000000000000028|0000000000159504|0000000000000032|0000000000182304|087.50
23022026|532839|0000000000054382|0000000000164234|0000000000069713|0000000000210503|078.01
23022026|532842|0000000000000469|0000000000223620|0000000000000480|0000000000230779|097.71
23022026|532843|0000000000013796|0000000012686112|0000000000026557|0000000024506522|051.95
23022026|532845|0000000000000993|0000000000009206|0000000000001227|0000000000011426|080.93
23022026|532847|0000000000027663|0000000000542749|0000000000032205|0000000000656119|085.90
23022026|532848|0000000000036428|0000000002352521|0000000000058170|0000000003764398|062.62
23022026|532850|0000000000071890|0000000002933112|0000000000124975|0000000005079627|057.52
23022026|532851|0000000000000419|0000000000261834|0000000000000462|0000000000289567|090.69
23022026|532853|0000000000000533|0000000000121098|0000000000000994|0000000000219679|053.62
23022026|532855|0000000000000588|0000000000082938|0000000000000626|0000000000088756|093.93
23022026|532856|0000000000030247|0000000005796838|0000000000042661|0000000008316322|070.90
23022026|532859|0000000000000663|0000000000258106|0000000000000837|0000000000325529|079.21
23022026|532864|0000000000000170|0000000000020009|0000000000000333|0000000000039632|051.05
23022026|532866|0000000000000002|0000000000000003|0000000000000002|0000000000000003|100.00
23022026|532867|0000000000001209|0000000002409658|0000000000002553|0000000005101684|047.36
23022026|532868|0000000000041870|0000000026231555|0000000000075053|0000000047015677|055.79
23022026|532869|0000000000003938|0000000000206942|0000000000003959|0000000000216851|099.47
23022026|532870|0000000000003458|0000000000005955|0000000000003458|0000000000005955|100.00
23022026|532872|0000000000013359|0000000001706613|0000000000020832|0000000002671158|064.13
23022026|532873|0000000000000570|0000000000001413|0000000000000570|0000000000001413|100.00
23022026|532875|0000000000006026|0000000000731858|0000000000009486|0000000001167328|063.53
23022026|532878|0000000000001171|0000000000080483|0000000000001513|0000000000104550|077.40
23022026|532879|0000000000000001|0000000000000270|0000000000000001|0000000000000270|100.00
23022026|532880|0000000000015159|0000000001195742|0000000000016446|0000000001301784|092.17
23022026|532884|0000000000010304|0000000002455959|0000000000022464|0000000005368706|045.87
23022026|532885|0000000000334942|0000000012901966|0000000000757999|0000000029420135|044.19
23022026|532886|0000000000001823|0000000000059045|0000000000001823|0000000000059045|100.00
23022026|532887|0000000000058364|0000000000657178|0000000000058364|0000000000657178|100.00
23022026|532888|0000000000063106|0000000004459702|0000000000136339|0000000009624988|046.29
23022026|532889|0000000000010349|0000000009529360|0000000000025752|0000000024033723|040.19
23022026|532890|0000000000065052|0000000003049437|0000000000065052|0000000003049437|100.00
23022026|532891|0000000000053305|0000000011934990|0000000000060711|0000000013605926|087.80
23022026|532892|0000000000009638|0000000007352349|0000000000025055|0000000019164440|038.47
23022026|532893|0000000000063306|0000000005441151|0000000000086509|0000000007589518|073.18
23022026|532894|0000000000022728|0000000000225008|0000000000033006|0000000000337918|068.86
23022026|532895|0000000000000907|0000000000024517|0000000000000910|0000000000024639|099.67
23022026|532896|0000000000000285|0000000000006479|0000000000000293|0000000000006618|097.27
23022026|532898|0000000000141330|0000000042872456|0000000000276528|0000000083579750|051.11
23022026|532899|0000000000002241|0000000001847705|0000000000004216|0000000003470780|053.15
23022026|532900|0000000000529813|0000000018591139|0000000000616701|0000000021321456|085.91
23022026|532902|0000000000032821|0000000000543516|0000000000039616|0000000000662728|082.85
23022026|532904|0000000000003741|0000000000303477|0000000000003741|0000000000303477|100.00
23022026|532906|0000000000001034|0000000000148981|0000000000001034|0000000000148981|100.00
23022026|532907|0000000000001379|0000000000030667|0000000000001379|0000000000030667|100.00
23022026|532911|0000000000062768|0000000000505283|0000000000091517|0000000000744482|068.59
23022026|532915|0000000000052941|0000000011289669|0000000000072052|0000000015492759|073.48
23022026|532916|0000000000005372|0000000000231641|0000000000005372|0000000000228311|100.00
23022026|532918|0000000000000360|0000000000008997|0000000000000675|0000000000017025|053.33
23022026|532921|0000000000080107|0000000124690551|0000000000203435|0000000315682993|039.38
23022026|532922|0000000000162085|0000000019976977|0000000000359408|0000000044877052|045.10
23022026|532923|0000000000021827|0000000002445716|0000000000031886|0000000003495602|068.45
23022026|532924|0000000000001110|0000000000402486|0000000000001244|0000000000451392|089.23
23022026|532926|0000000000038026|0000000009569243|0000000000080156|0000000020041460|047.44
23022026|532927|0000000000003114|0000000010807760|0000000000007574|0000000026629698|041.11
23022026|532928|0000000000130793|0000000039819929|0000000000377674|0000000116007019|034.63
23022026|532929|0000000000012636|0000000009467523|0000000000017713|0000000013300720|071.34
23022026|532930|0000000000003362|0000000001112822|0000000000004282|0000000001431800|078.51
23022026|532932|0000000000000406|0000000000024559|0000000000000418|0000000000025221|097.13
23022026|532933|0000000000004102|0000000000230123|0000000000004535|0000000000256648|090.45
23022026|532934|0000000000000510|0000000000113475|0000000000000581|0000000000128517|087.78
23022026|532935|0000000000000198|0000000000067380|0000000000000218|0000000000074254|090.83
23022026|532937|0000000000001163|0000000000105822|0000000000001386|0000000000126220|083.91
23022026|532939|0000000001888873|0000000048940700|0000000003830398|0000000099418966|049.31
23022026|532940|0000000000000401|0000000000222435|0000000000000945|0000000000516003|042.43
23022026|532941|0000000000000399|0000000000067791|0000000000000481|0000000000082182|082.95
23022026|532942|0000000000024356|0000000003373306|0000000000033938|0000000004704466|071.77
23022026|532944|0000000000004983|0000000000255080|0000000000006552|0000000000333573|076.05
23022026|532945|0000000000461304|0000000003847276|0000000001085452|0000000008958693|042.50
23022026|532946|0000000000003789|0000000000163231|0000000000003802|0000000000167897|099.66
23022026|532947|0000000000334692|0000000013461313|0000000000631459|0000000025452761|053.00
23022026|532951|0000000000002286|0000000000033856|0000000000002301|0000000000033567|099.35
23022026|532952|0000000000000049|0000000000011623|0000000000000054|0000000000012998|090.74
23022026|532953|0000000000011292|0000000003637718|0000000000017709|0000000005667297|063.76
23022026|532955|0000000000197697|0000000069599229|0000000000341567|0000000120253274|057.88
23022026|532957|0000000000001580|0000000000112476|0000000000001580|0000000000112476|100.00
23022026|532966|0000000000026539|0000000019771555|0000000000048304|0000000036000299|054.94
23022026|532967|0000000000004319|0000000001971840|0000000000006345|0000000002892308|068.07
23022026|532974|0000000000000946|0000000000125345|0000000000000998|0000000000132740|094.79
23022026|532975|0000000000006501|0000000000062475|0000000000010387|0000000000098602|062.59
23022026|532976|0000000000014111|0000000000877987|0000000000035155|0000000002198451|040.14
23022026|532977|0000000000001912|0000000018939508|0000000000004049|0000000040017243|047.22
23022026|532978|0000000000004780|0000000009804019|0000000000010401|0000000021396917|045.96
23022026|532980|0000000000020616|0000000000828558|0000000000026821|0000000001080868|076.87
23022026|532983|0000000000000349|0000000000664898|0000000000000440|0000000000836848|079.32
23022026|532985|0000000000001673|0000000000151675|0000000000002051|0000000000186126|081.57
23022026|532986|0000000000000317|0000000000010018|0000000000000355|0000000000011297|089.30
23022026|532989|0000000000000057|0000000000006329|0000000000000057|0000000000006329|100.00
23022026|532992|0000000000000106|0000000000003237|0000000000000107|0000000000003334|099.07
23022026|532993|0000000000000107|0000000000066217|0000000000000127|0000000000078529|084.25
23022026|532994|0000000000000007|0000000000000623|0000000000000008|0000000000000686|087.50
23022026|532998|0000000000007597|0000000000847446|0000000000009185|0000000001029448|082.71
23022026|533001|0000000000000252|0000000000027153|0000000000000282|0000000000030332|089.36
23022026|533007|0000000000045214|0000000000309716|0000000000048572|0000000000332790|093.09
23022026|533012|0000000000011405|0000000000070826|0000000000019940|0000000000127588|057.20
23022026|533014|0000000000005326|0000000000282918|0000000000007777|0000000000415777|068.48
23022026|533019|0000000000000001|0000000000001525|0000000000000001|0000000000001524|100.00
23022026|533022|0000000000000918|0000000000163542|0000000000001509|0000000000269989|060.83
23022026|533023|0000000000000118|0000000001838240|0000000000000290|0000000004520233|040.69
23022026|533033|0000000000001925|0000000001675232|0000000000004150|0000000003575385|046.39
23022026|533047|0000000000001805|0000000002233778|0000000000004025|0000000005048587|044.84
23022026|533048|0000000000128110|0000000000074304|0000000000179362|0000000000102875|071.43
23022026|533056|0000000000009082|0000000000184183|0000000000010425|0000000000212513|087.12
23022026|533080|0000000000001635|0000000000942496|0000000000002103|0000000001206043|077.75
23022026|533088|0000000000001076|0000000000310319|0000000000001521|0000000000436164|070.74
23022026|533090|0000000001175104|0000000001292615|0000000001661808|0000000001841436|070.71
23022026|533093|0000000000000071|0000000000003061|0000000000000091|0000000000003920|078.02
23022026|533095|0000000000000129|0000000000803445|0000000000000488|0000000003054974|026.43
23022026|533096|0000000000212457|0000000030593808|0000000000526565|0000000075840654|040.35
23022026|533098|0000000000352060|0000000026091167|0000000000580081|0000000043079320|060.69
23022026|533100|0000000000001865|0000000000014471|0000000000001865|0000000000014471|100.00
23022026|533101|0000000000001696|0000000000211068|0000000000001871|0000000000224113|090.65
23022026|533104|0000000000001956|0000000001810278|0000000000002459|0000000002288042|079.54
23022026|533106|0000000000019166|0000000009077018|0000000000062707|0000000029514413|030.56
23022026|533107|0000000000005333|0000000009196029|0000000000005333|0000000009196029|100.00
23022026|533108|0000000000008029|0000000000293621|0000000000008266|0000000000302828|097.13
23022026|533110|0000000000000075|0000000000001020|0000000000000075|0000000000000980|100.00
23022026|533121|0000000000002836|0000000002344380|0000000000002946|0000000002434809|096.27
23022026|533122|0000000000400476|0000000003440089|0000000000801967|0000000006880365|049.94
23022026|533137|0000000000003128|0000000000089086|0000000000004180|0000000000118936|074.83
23022026|533138|0000000000000608|0000000000379575|0000000000000822|0000000000521552|073.97
23022026|533146|0000000000001743|0000000000713498|0000000000002450|0000000001011608|071.14
23022026|533148|0000000000026630|0000000012948838|0000000000057682|0000000028430381|046.17
23022026|533149|0000000000000331|0000000000002380|0000000000000376|0000000000002759|088.03
23022026|533150|0000000000006528|0000000011963213|0000000000015632|0000000028584157|041.76
23022026|533151|0000000000000580|0000000000130761|0000000000001090|0000000000244214|053.21
23022026|533152|0000000000002023|0000000000050940|0000000000002148|0000000000054090|094.18
23022026|533155|0000000000017375|0000000009320819|0000000000030411|0000000016259256|057.13
23022026|533156|0000000000014211|0000000000546840|0000000000016657|0000000000641979|085.32
23022026|533158|0000000000002943|0000000010579350|0000000000007383|0000000026696090|039.86
23022026|533160|0000000000024292|0000000002847023|0000000000051489|0000000006049202|047.18
23022026|533161|0000000000000990|0000000000090655|0000000000001001|0000000000090298|098.90
23022026|533162|0000000000050824|0000000000560081|0000000000075059|0000000000828584|067.71
23022026|533164|0000000000005986|0000000000277871|0000000000006513|0000000000302331|091.91
23022026|533166|0000000000049025|0000000000078440|0000000000070394|0000000000113532|069.64
23022026|533167|0000000000006113|0000000000477980|0000000000006113|0000000000477980|100.00
23022026|533168|0000000000001788|0000000000075132|0000000000002141|0000000000091076|083.51
23022026|533169|0000000000016912|0000000001884843|0000000000022027|0000000002452393|076.78
23022026|533170|0000000000002525|0000000000391375|0000000000003851|0000000000596240|065.57
23022026|533172|0000000000000025|0000000000345325|0000000000000028|0000000000383194|089.29
23022026|533177|0000000000032751|0000000000081338|0000000000032751|0000000000081338|100.00
23022026|533179|0000000000042125|0000000209717207|0000000000081032|0000000404926505|051.99
23022026|533181|0000000000002858|0000000000223982|0000000000002967|0000000000232619|096.33
23022026|533192|0000000000008045|0000000000178197|0000000000008617|0000000000190164|093.36
23022026|533193|0000000000004399|0000000000406028|0000000000006143|0000000000565542|071.61
23022026|533202|0000000000058854|0000000000217760|0000000000082618|0000000000309461|071.24
23022026|533203|0000000000000800|0000000000021600|0000000000000855|0000000000023192|093.57
23022026|533206|0000000000060916|0000000004515094|0000000000148168|0000000011025770|041.11
23022026|533208|0000000000000119|0000000000010255|0000000000000122|0000000000010518|097.54
23022026|533210|0000000000000220|0000000000015161|0000000000000273|0000000000018662|080.59
23022026|533212|0000000000002757|0000000000171486|0000000000003277|0000000000219476|084.13
23022026|533217|0000000000000033|0000000000002393|0000000000000065|0000000000004589|050.77
23022026|533218|0000000000000803|0000000000053320|0000000000000808|0000000000054133|099.38
23022026|533227|0000000000000013|0000000000002050|0000000000000015|0000000000002373|086.67
23022026|533229|0000000000047614|0000000019000367|0000000000080865|0000000031916938|058.88
23022026|533230|0000000000210964|0000000028298711|0000000000383956|0000000051499843|054.94
23022026|533239|0000000000003249|0000000000014566|0000000000003249|0000000000014566|100.00
23022026|533244|0000000000330406|0000000044502385|0000000000573534|0000000077247836|057.61
23022026|533248|0000000000011147|0000000001977478|0000000000029221|0000000005173855|038.15
23022026|533252|0000000000000019|0000000000024795|0000000000000019|0000000000024365|100.00
23022026|533257|0000000000008140|0000000003207418|0000000000008140|0000000003207418|100.00
23022026|533259|0000000000000168|0000000000048258|0000000000000183|0000000000052700|091.80
23022026|533260|0000000000001361|0000000000130629|0000000000002344|0000000000224058|058.06
23022026|533262|0000000000013621|0000000006408681|0000000000014130|0000000006666796|096.40
23022026|533263|0000000000112627|0000000001120639|0000000000145894|0000000001462213|077.20
23022026|533267|0000000000002296|0000000000637026|0000000000004441|0000000001242887|051.70
23022026|533268|0000000000000030|0000000000000129|0000000000000030|0000000000000129|100.00
23022026|533269|0000000000005241|0000000006753553|0000000000012339|0000000015729617|042.48
23022026|533270|0000000000000112|0000000000015591|0000000000000275|0000000000038145|040.73
23022026|533271|0000000000033297|0000000004774790|0000000000102105|0000000014934383|032.61
23022026|533272|0000000000017656|0000000005119358|0000000000046109|0000000013310993|038.29
23022026|533273|0000000000002982|0000000004539797|0000000000006394|0000000009702645|046.64
23022026|533274|0000000000003736|0000000005561036|0000000000008043|0000000011978059|046.45
23022026|533275|0000000000083368|0000000000402668|0000000000128717|0000000000624809|064.77
23022026|533278|0000000000240783|0000000102525402|0000000000439416|0000000185971294|054.80
23022026|533282|0000000000005682|0000000009036085|0000000000010558|0000000016715632|053.82
23022026|533284|0000000000001883|0000000000152618|0000000000002149|0000000000175919|087.62
23022026|533285|0000000000139930|0000000007356121|0000000000162041|0000000008875440|086.35
23022026|533286|0000000000008871|0000000002661744|0000000000019354|0000000005791140|045.84
23022026|533287|0000000000014552|0000000000086439|0000000000020163|0000000000119645|072.17
23022026|533289|0000000000000645|0000000000048375|0000000000000657|0000000000046169|098.17
23022026|533292|0000000000018213|0000000000262632|0000000000018674|0000000000269313|097.53
23022026|533293|0000000000004405|0000000006166560|0000000000009317|0000000013067698|047.28
23022026|533294|0000000000000433|0000000000008500|0000000000000474|0000000000008932|091.35
23022026|533295|0000000000187131|0000000004955229|0000000000340877|0000000009265814|054.90
23022026|533296|0000000000010217|0000000000089093|0000000000010696|0000000000092790|095.52
23022026|533298|0000000000000817|0000000000018939|0000000000000855|0000000000019798|095.56
23022026|533301|0000000000001347|0000000000018454|0000000000001545|0000000000021107|087.18
23022026|533302|0000000000000073|0000000000360664|0000000000000103|0000000000512028|070.87
23022026|533303|0000000000000232|0000000000093589|0000000000000487|0000000000196548|047.64
23022026|533306|0000000000000236|0000000000408941|0000000000000240|0000000000417236|098.33
23022026|533315|0000000000002578|0000000000199744|0000000000003310|0000000000255704|077.89
23022026|533316|0000000000000022|0000000000010499|0000000000000031|0000000000014955|070.97
23022026|533317|0000000000000251|0000000000001237|0000000000000251|0000000000001237|100.00
23022026|533326|0000000000030172|0000000003353618|0000000000066157|0000000007365938|045.61
23022026|533329|0000000000000324|0000000000010129|0000000000000440|0000000000014363|073.64
23022026|533333|0000000000053718|0000000001308571|0000000000100374|0000000002485686|053.52
23022026|533336|0000000000000012|0000000000011660|0000000000000025|0000000000024291|048.00
23022026|533339|0000000000009922|0000000013118373|0000000000019807|0000000026105943|050.09
23022026|533343|0000000000000863|0000000000066451|0000000000000936|0000000000072570|092.20
23022026|533344|0000000000035139|0000000001108285|0000000000045459|0000000001427541|077.30
23022026|533385|0000000000032859|0000000007528655|0000000000048807|0000000011084383|067.32
23022026|533398|0000000000021320|0000000074059284|0000000000050375|0000000175980127|042.32
23022026|533407|0000000000017909|0000000001252735|0000000000023202|0000000001614595|077.19
23022026|533408|0000000000013967|0000000001924513|0000000000019576|0000000002696404|071.35
23022026|533427|0000000000027338|0000000000728011|0000000000045877|0000000001214083|059.59
23022026|533451|0000000000000948|0000000000043201|0000000000000954|0000000000043618|099.37
23022026|533452|0000000000111236|0000000001423821|0000000000200269|0000000002630256|055.54
23022026|533470|0000000000059073|0000000001111164|0000000000080005|0000000001506776|073.84
23022026|533477|0000000000000329|0000000000147804|0000000000000378|0000000000170686|087.04
23022026|533482|0000000000011212|0000000000039242|0000000000011652|0000000000040780|096.22
23022026|533499|0000000000007821|0000000000022392|0000000000007821|0000000000022392|100.00
23022026|533506|0000000000049236|0000000000055145|0000000000060974|0000000000068876|080.75
23022026|533519|0000000000038457|0000000011521718|0000000000102851|0000000030858460|037.39
23022026|533520|0000000000409325|0000000003888588|0000000000463398|0000000004405547|088.33
23022026|533540|0000000000018851|0000000000170225|0000000000032617|0000000000297811|057.80
23022026|533543|0000000000000745|0000000000055034|0000000000000779|0000000000057925|095.64
23022026|533552|0000000000003670|0000000000519856|0000000000005071|0000000000721765|072.37
23022026|533553|0000000000105494|0000000095239984|0000000000233929|0000000214322549|045.10
23022026|533570|0000000000050590|0000000006637408|0000000000096958|0000000012737379|052.18
23022026|533573|0000000000000203|0000000000156483|0000000000000338|0000000000259550|060.06
23022026|533576|0000000000006098|0000000000372832|0000000000007724|0000000000479348|078.95
23022026|533581|0000000000124502|0000000075541589|0000000000169229|0000000103309939|073.57
23022026|533602|0000000000088155|0000000000068761|0000000000135955|0000000000108299|064.84
23022026|533605|0000000000036708|0000000000015185|0000000000036708|0000000000015185|100.00
23022026|533608|0000000000001688|0000000000274554|0000000000001923|0000000000312291|087.78
23022026|533629|0000000000003834|0000000000018541|0000000000003834|0000000000018541|100.00
23022026|533632|0000000000052043|0000000000851934|0000000000052043|0000000000851934|100.00
23022026|533638|0000000000000067|0000000000000702|0000000000000067|0000000000000696|100.00
23022026|533644|0000000000001530|0000000000294066|0000000000001532|0000000000294450|099.87
23022026|533655|0000000000016661|0000000008215540|0000000000027102|0000000013266517|061.48
23022026|533676|0000000000007497|0000000001878374|0000000000012528|0000000003119380|059.84
23022026|533704|0000000000009464|0000000000257137|0000000000011562|0000000000314858|081.85
23022026|533719|0000000000000169|0000000002369220|0000000000000247|0000000003469693|068.42
23022026|533758|0000000000001656|0000000003629207|0000000000004216|0000000009270493|039.28
23022026|533761|0000000000010465|0000000001307602|0000000000016841|0000000002095375|062.14
23022026|533896|0000000000000206|0000000000004135|0000000000000208|0000000000004020|099.04
23022026|533941|0000000000000884|0000000000285532|0000000000001290|0000000000426231|068.53
23022026|533982|0000000000001577|0000000000655402|0000000000002336|0000000000957160|067.51
23022026|534060|0000000000351299|0000000000635852|0000000000559704|0000000001018743|062.77
23022026|534063|0000000000000169|0000000000007098|0000000000000172|0000000000006885|098.26
23022026|534064|0000000000060342|0000000000097755|0000000000093091|0000000000150661|064.82
23022026|534076|0000000000001727|0000000000786822|0000000000003742|0000000001711032|046.15
23022026|534091|0000000000059860|0000000143520336|0000000000138978|0000000335342258|043.07
23022026|534139|0000000000019623|0000000017942291|0000000000044485|0000000040367498|044.11
23022026|534190|0000000000004522|0000000000013521|0000000000004522|0000000000013741|100.00
23022026|534309|0000000000259174|0000000024707058|0000000000490177|0000000046660845|052.87
23022026|534312|0000000000002550|0000000000003622|0000000000002550|0000000000003622|100.00
23022026|534328|0000000000000012|0000000000002039|0000000000000012|0000000000002039|100.00
23022026|534338|0000000000001824|0000000000020685|0000000000001825|0000000000021490|099.95
23022026|534369|0000000000007741|0000000001186696|0000000000009666|0000000001484787|080.08
23022026|534392|0000000000001212|0000000000305424|0000000000001424|0000000000362050|085.11
23022026|534422|0000000000080337|0000000000804087|0000000000080337|0000000000804087|100.00
23022026|534425|0000000000000381|0000000000038558|0000000000000426|0000000000043536|089.44
23022026|534532|0000000000026326|0000000000132157|0000000000029301|0000000000137512|089.85
23022026|534535|0000000000016214|0000000002287795|0000000000016214|0000000002287795|100.00
23022026|534597|0000000000072732|0000000002306332|0000000000135733|0000000004301416|053.58
23022026|534598|0000000000001520|0000000000046740|0000000000001979|0000000000060663|076.81
23022026|534600|0000000000010476|0000000000682721|0000000000040621|0000000002627862|025.79
23022026|534612|0000000000001314|0000000000025926|0000000000001328|0000000000026200|098.95
23022026|534615|0000000000011866|0000000000172057|0000000000012563|0000000000183815|094.45
23022026|534618|0000000000009329|0000000008162409|0000000000016424|0000000014402754|056.80
23022026|534623|0000000000014285|0000000000613256|0000000000016217|0000000000685468|088.09
23022026|534639|0000000000000606|0000000000014192|0000000000000606|0000000000014192|100.00
23022026|534674|0000000000324535|0000000001126137|0000000000340241|0000000001181787|095.38
23022026|534675|0000000000005570|0000000000287858|0000000000007369|0000000000382968|075.59
23022026|534691|0000000000001668|0000000000024553|0000000000002209|0000000000032467|075.51
23022026|534708|0000000000021000|0000000000168000|0000000000024000|0000000000192690|087.50
23022026|534732|0000000000007920|0000000000278626|0000000000013137|0000000000462478|060.29
23022026|534733|0000000000201543|0000000005219876|0000000000201543|0000000005219876|100.00
23022026|534741|0000000000361789|0000000000198984|0000000000407905|0000000000226354|088.69
23022026|534742|0000000000002478|0000000000559161|0000000000003034|0000000000692464|081.67
23022026|534748|0000000000070304|0000000000544153|0000000000086416|0000000000671867|081.36
23022026|534755|0000000000338465|0000000000304619|0000000000350465|0000000000315281|096.58
23022026|534758|0000000000000780|0000000000994929|0000000000001670|0000000002151028|046.71
23022026|534796|0000000000000347|0000000000039796|0000000000000347|0000000000039796|100.00
23022026|534804|0000000000145887|0000000230924533|0000000000146362|0000000235201048|099.68
23022026|534809|0000000011347177|0000000113244827|0000000012909121|0000000129258179|087.90
23022026|534816|0000000000054890|0000000025910825|0000000000103442|0000000048815513|053.06
23022026|534920|0000000000000001|0000000000000035|0000000000000001|0000000000000035|100.00
23022026|534976|0000000000003267|0000000001881956|0000000000005405|0000000003117665|060.44
23022026|535136|0000000000002201|0000000002245681|0000000000003317|0000000003435389|066.36
23022026|535204|0000000000002656|0000000000006986|0000000000003756|0000000000009857|070.71
23022026|535205|0000000000004137|0000000000012867|0000000000004138|0000000000012778|099.98
23022026|535267|0000000000047742|0000000000377162|0000000000060749|0000000000486619|078.59
23022026|535276|0000000000005809|0000000005357583|0000000000009952|0000000009162134|058.37
23022026|535322|0000000000001598|0000000000627056|0000000000002719|0000000001060613|058.77
23022026|535387|0000000000000502|0000000000031370|0000000000001003|0000000000062561|050.05
23022026|535431|0000000000149830|0000000000103383|0000000000169836|0000000000115057|088.22
23022026|535458|0000000000000830|0000000000025531|0000000000000952|0000000000030386|087.18
23022026|535514|0000000000000001|0000000000000006|0000000000000001|0000000000000005|100.00
23022026|535566|0000000000000251|0000000000028690|0000000000000252|0000000000031260|099.60
23022026|535601|0000000000000068|0000000000013213|0000000000000068|0000000000013212|100.00
23022026|535602|0000000000000643|0000000000626990|0000000000001236|0000000001196624|052.02
23022026|535620|0000000000000016|0000000000004469|0000000000000016|0000000000004454|100.00
23022026|535621|0000000000000015|0000000000002072|0000000000000016|0000000000002220|093.75
23022026|535648|0000000000003536|0000000002117711|0000000000006768|0000000004059116|052.25
23022026|535657|0000000000000003|0000000000000024|0000000000000003|0000000000000023|100.00
23022026|535667|0000000000000100|0000000000018830|0000000000000100|0000000000018830|100.00
23022026|535693|0000000000024188|0000000003847102|0000000000028504|0000000004597520|084.86
23022026|535719|0000000000006779|0000000000155443|0000000000012156|0000000000280535|055.77
23022026|535730|0000000001953423|0000000001191589|0000000002235083|0000000001331503|087.40
23022026|535754|0000000000003482|0000000000547371|0000000000005786|0000000000912840|060.18
23022026|535755|0000000000064722|0000000004509829|0000000000168111|0000000011807530|038.50
23022026|535789|0000000000173733|0000000026859122|0000000000368269|0000000056594460|047.18
23022026|535910|0000000000286243|0000000000220408|0000000000344183|0000000000273367|083.17
23022026|535916|0000000000014051|0000000000860624|0000000000021909|0000000001363081|064.13
23022026|535958|0000000000068686|0000000000096161|0000000000078992|0000000000109038|086.95
23022026|536073|0000000000105200|0000000000210400|0000000000127369|0000000000254533|082.59
23022026|536264|0000000000008378|0000000000269102|0000000000012562|0000000000406191|066.69
23022026|536493|0000000000000088|0000000000028680|0000000000000093|0000000000030500|094.62
23022026|536507|0000000000000544|0000000000000698|0000000000000544|0000000000000698|100.00
23022026|536565|0000000000006094|0000000000371186|0000000000008074|0000000000497673|075.48
23022026|536659|0000000001904694|0000000009180626|0000000002445226|0000000011905749|077.89
23022026|536672|0000000000018867|0000000000119051|0000000000020867|0000000000130094|090.42
23022026|536709|0000000000012769|0000000000154497|0000000000012769|0000000000154497|100.00
23022026|536773|0000000000002673|0000000003466748|0000000000006076|0000000007880674|043.99
23022026|536846|0000000000000064|0000000000009213|0000000000000065|0000000000009361|098.46
23022026|536960|0000000000020381|0000000001301939|0000000000030538|0000000001950499|066.74
23022026|536974|0000000000020125|0000000001438938|0000000000024086|0000000001729922|083.55
23022026|537007|0000000000010312|0000000002981715|0000000000015734|0000000004548945|065.54
23022026|537008|0000000000000339|0000000000009913|0000000000000526|0000000000015367|064.45
23022026|537069|0000000000004859|0000000000062196|0000000000007250|0000000000091959|067.02
23022026|537253|0000000000000400|0000000000027580|0000000000000403|0000000000026301|099.26
23022026|537259|0000000000002668|0000000001735001|0000000000003060|0000000002020694|087.19
23022026|537291|0000000000000950|0000000000138890|0000000000000951|0000000000138878|099.89
23022026|537292|0000000000000050|0000000000006300|0000000000000050|0000000000006300|100.00
23022026|537326|0000000000028954|0000000001824102|0000000000031483|0000000002000298|091.97
23022026|537483|0000000000000599|0000000000167032|0000000000000705|0000000000195531|084.96
23022026|537536|0000000000002365|0000000000181609|0000000000003692|0000000000284242|064.06
23022026|537573|0000000000002400|0000000000040800|0000000000002400|0000000000040800|100.00
23022026|537582|0000000000130000|0000000000208000|0000000000140000|0000000000223700|092.86
23022026|537707|0000000001299413|0000000001455343|0000000002307359|0000000002705042|056.32
23022026|537708|0000000000002066|0000000000584596|0000000000002724|0000000000770954|075.84
23022026|537709|0000000000004775|0000000000021430|0000000000004775|0000000000021430|100.00
23022026|537750|0000000000002500|0000000000455750|0000000000003132|0000000000575002|079.82
23022026|537766|0000000000064512|0000000000120969|0000000000064512|0000000000120969|100.00
23022026|537785|0000000000000002|0000000000000254|0000000000000003|0000000000000373|066.67
23022026|537800|0000000007412589|0000000006886603|0000000007412589|0000000006886603|100.00
23022026|537820|0000000000197394|0000000000454007|0000000000342525|0000000000799362|057.63
23022026|537839|0000000000007634|0000000000763400|0000000000008845|0000000000882887|086.31
23022026|537985|0000000000000420|0000000000008245|0000000000000467|0000000000009184|089.94
23022026|538057|0000000000097196|0000000009910105|0000000000132104|0000000013430709|073.58
23022026|538081|0000000000002509|0000000000013273|0000000000003612|0000000000018678|069.46
23022026|538092|0000000000000530|0000000000053292|0000000000000580|0000000000059843|091.38
23022026|538119|0000000000342870|0000000067476816|0000000000442711|0000000086826296|077.45
23022026|538212|0000000000333880|0000000000123536|0000000000371167|0000000000137778|089.95
23022026|538268|0000000000000236|0000000000114531|0000000000000414|0000000000201857|057.00
23022026|538273|0000000000000308|0000000000007965|0000000000000331|0000000000008641|093.05
23022026|538351|0000000000012545|0000000000028495|0000000000012545|0000000000028495|100.00
23022026|538365|0000000000000025|0000000000000923|0000000000000025|0000000000000926|100.00
23022026|538382|0000000000000221|0000000000024708|0000000000000228|0000000000023917|096.93
23022026|538395|0000000000000011|0000000000000875|0000000000000017|0000000000001345|064.71
23022026|538401|0000000000002869|0000000000426334|0000000000003472|0000000000518766|082.63
23022026|538422|0000000000293668|0000000000143515|0000000000293668|0000000000143515|100.00
23022026|538446|0000000000003530|0000000000219566|0000000000005332|0000000000325725|066.20
23022026|538451|0000000000211952|0000000000743952|0000000000251873|0000000000909798|084.15
23022026|538464|0000000000006930|0000000000029314|0000000000007722|0000000000033596|089.74
23022026|538465|0000000000000739|0000000000008920|0000000000000744|0000000000008803|099.33
23022026|538476|0000000000012993|0000000000232741|0000000000012993|0000000000232741|100.00
23022026|538496|0000000000009000|0000000000078300|0000000000009000|0000000000078420|100.00
23022026|538520|0000000000011002|0000000000018372|0000000000011002|0000000000018372|100.00
23022026|538521|0000000000000220|0000000000018117|0000000000000220|0000000000018117|100.00
23022026|538537|0000000000000005|0000000000000837|0000000000000005|0000000000000837|100.00
23022026|538539|0000000000019793|0000000000199514|0000000000022408|0000000000224777|088.33
23022026|538540|0000000000045489|0000000000455750|0000000000045489|0000000000455750|100.00
23022026|538546|0000000000004024|0000000000485697|0000000000006221|0000000000753743|064.68
23022026|538556|0000000000001690|0000000000183788|0000000000001771|0000000000180241|095.43
23022026|538562|0000000000003245|0000000001224014|0000000000006794|0000000002589262|047.76
23022026|538563|0000000000000001|0000000000000390|0000000000000001|0000000000000390|100.00
23022026|538564|0000000000000518|0000000000157628|0000000000000561|0000000000171477|092.34
23022026|538565|0000000000034892|0000000007133670|0000000000063044|0000000012408122|055.35
23022026|538567|0000000000000420|0000000000453957|0000000000000802|0000000000864286|052.37
23022026|538568|0000000000000300|0000000000011415|0000000000000300|0000000000011415|100.00
23022026|538569|0000000000007798|0000000000009358|0000000000007798|0000000000009269|100.00
23022026|538596|0000000000000803|0000000000003855|0000000000000803|0000000000003645|100.00
23022026|538597|0000000000009213|0000000000092775|0000000000013313|0000000000135615|069.20
23022026|538598|0000000000055079|0000000001218899|0000000000084529|0000000001887363|065.16
23022026|538607|0000000000206989|0000000000200780|0000000000359807|0000000000354036|057.53
23022026|538609|0000000000000339|0000000000018544|0000000000000385|0000000000020598|088.05
23022026|538610|0000000001304468|0000000001369692|0000000001584687|0000000001685181|082.32
23022026|538611|0000000000000003|0000000000000140|0000000000000003|0000000000000140|100.00
23022026|538634|0000000000002609|0000000000327821|0000000000004673|0000000000606044|055.83
23022026|538635|0000000000013236|0000000000531426|0000000000015663|0000000000627439|084.50
23022026|538646|0000000000000283|0000000000012260|0000000000000420|0000000000018180|067.38
23022026|538647|0000000000000140|0000000000005693|0000000000000141|0000000000006016|099.29
23022026|538666|0000000000002485|0000000002918260|0000000000004389|0000000005211362|056.62
23022026|538668|0000000000019728|0000000011873297|0000000000028288|0000000017105541|069.74
23022026|538674|0000000000000544|0000000000004500|0000000000000544|0000000000004500|100.00
23022026|538683|0000000000003107|0000000002951775|0000000000004780|0000000004541405|065.00
23022026|538685|0000000000000674|0000000000066821|0000000000000823|0000000000081561|081.90
23022026|538706|0000000000136315|0000000000999189|0000000000169983|0000000001265860|080.19
23022026|538707|0000000000000080|0000000000002800|0000000000000085|0000000000002951|094.12
23022026|538708|0000000000001826|0000000000013769|0000000000002343|0000000000017220|077.93
23022026|538713|0000000000001785|0000000000320854|0000000000001943|0000000000345657|091.87
23022026|538714|0000000000001387|0000000000052817|0000000000002143|0000000000084375|064.72
23022026|538715|0000000000003290|0000000001226019|0000000000003788|0000000001436284|086.85
23022026|538716|0000000000000001|0000000000000454|0000000000000002|0000000000000894|050.00
23022026|538730|0000000000001731|0000000000533322|0000000000002626|0000000000815680|065.92
23022026|538732|0000000000004163|0000000000137713|0000000000005418|0000000000180708|076.84
23022026|538734|0000000000006242|0000000006158670|0000000000009881|0000000009886599|063.17
23022026|538742|0000000000020367|0000000000648893|0000000000023841|0000000000736028|085.43
23022026|538743|0000000000006025|0000000000084277|0000000000006025|0000000000084277|100.00
23022026|538770|0000000000002249|0000000000033668|0000000000002263|0000000000033994|099.38
23022026|538772|0000000000021654|0000000000970533|0000000000030067|0000000001328101|072.02
23022026|538778|0000000000023395|0000000000161426|0000000000039827|0000000000277114|058.74
23022026|538786|0000000000000001|0000000000000265|0000000000000001|0000000000000264|100.00
23022026|538787|0000000000014683|0000000000146830|0000000000018442|0000000000184766|079.62
23022026|538788|0000000000004580|0000000000057187|0000000000004580|0000000000057187|100.00
23022026|538795|0000000000002138|0000000000561546|0000000000002176|0000000000572097|098.25
23022026|538812|0000000000000025|0000000000000479|0000000000000025|0000000000000479|100.00
23022026|538817|0000000000054789|0000000000552274|0000000000062780|0000000000634544|087.27
23022026|538833|0000000000003292|0000000000034139|0000000000014941|0000000000151747|022.03
23022026|538834|0000000000033210|0000000000497154|0000000000051275|0000000000767412|064.77
23022026|538835|0000000000013553|0000000009506075|0000000000032075|0000000022533457|042.25
23022026|538836|0000000000000070|0000000000040303|0000000000000084|0000000000048514|083.33
23022026|538837|0000000000011433|0000000000782949|0000000000011433|0000000000782949|100.00
23022026|538838|0000000000000061|0000000000001726|0000000000000062|0000000000001746|098.39
23022026|538857|0000000000000502|0000000000007399|0000000000000502|0000000000007399|100.00
23022026|538860|0000000000018336|0000000000012286|0000000000019135|0000000000012764|095.82
23022026|538862|0000000000000015|0000000000000574|0000000000000015|0000000000000573|100.00
23022026|538868|0000000000027743|0000000000434178|0000000000030773|0000000000482321|090.15
23022026|538874|0000000000002903|0000000000050309|0000000000002903|0000000000055044|100.00
23022026|538875|0000000000554555|0000000003742607|0000000000554555|0000000003742607|100.00
23022026|538881|0000000000000194|0000000000005650|0000000000000194|0000000000005650|100.00
23022026|538882|0000000000026449|0000000001724475|0000000000035524|0000000002303304|074.45
23022026|538890|0000000000015359|0000000000777780|0000000000024724|0000000001232376|062.12
23022026|538891|0000000000104137|0000000002666949|0000000000148760|0000000003858097|070.00
23022026|538894|0000000000000007|0000000000000147|0000000000000007|0000000000000147|100.00
23022026|538895|0000000000004477|0000000000051396|0000000000006903|0000000000074772|064.86
23022026|538896|0000000000001905|0000000000630555|0000000000002282|0000000000754614|083.48
23022026|538897|0000000000002000|0000000000021381|0000000000002000|0000000000021381|100.00
23022026|538902|0000000000000030|0000000000004166|0000000000000033|0000000000004598|090.91
23022026|538918|0000000000006691|0000000000059818|0000000000006693|0000000000057588|099.97
23022026|538920|0000000000020366|0000000003014168|0000000000032736|0000000004788257|062.21
23022026|538922|0000000000006060|0000000000135563|0000000000007144|0000000000158471|084.83
23022026|538923|0000000000095674|0000000003052958|0000000000115887|0000000003687988|082.56
23022026|538926|0000000000003523|0000000000737893|0000000000004793|0000000000907426|073.50
23022026|538928|0000000000035507|0000000000049000|0000000000057271|0000000000080091|062.00
23022026|538942|0000000000000481|0000000000012194|0000000000000715|0000000000017868|067.27
23022026|538943|0000000000000605|0000000000060892|0000000000000605|0000000000060892|100.00
23022026|538952|0000000000020084|0000000000027114|0000000000025392|0000000000034811|079.10
23022026|538961|0000000000009196|0000000000115870|0000000000013531|0000000000173444|067.96
23022026|538962|0000000000002978|0000000001723816|0000000000004996|0000000002885166|059.61
23022026|538964|0000000000000009|0000000000007259|0000000000000009|0000000000007267|100.00
23022026|538965|0000000000011577|0000000000933801|0000000000012875|0000000001066178|089.92
23022026|538970|0000000000284989|0000000002000623|0000000000385962|0000000002726768|073.84
23022026|538975|0000000000956158|0000000000192857|0000000000956158|0000000000192857|100.00
23022026|538979|0000000000000647|0000000000155475|0000000000000768|0000000000185031|084.24
23022026|538987|0000000000001191|0000000000796303|0000000000002102|0000000001428351|056.66
23022026|538992|0000000000000014|0000000000028910|0000000000000014|0000000000029116|100.00
23022026|538993|0000000000000501|0000000000007169|0000000000000501|0000000000007169|100.00
23022026|539006|0000000000000396|0000000007102498|0000000000000744|0000000013283163|053.23
23022026|539011|0000000000001255|0000000000108244|0000000000001337|0000000000115803|093.87
23022026|539012|0000000000000010|0000000000000900|0000000000000010|0000000000000900|100.00
23022026|539013|0000000000000343|0000000000025729|0000000000000561|0000000000042164|061.14
23022026|539014|0000000000012609|0000000000128547|0000000000012609|0000000000128547|100.00
23022026|539015|0000000000005090|0000000000008469|0000000000005090|0000000000008469|100.00
23022026|539016|0000000000012553|0000000000087746|0000000000012801|0000000000089493|098.06
23022026|539017|0000000000101610|0000000000817961|0000000000132737|0000000001055793|076.55
23022026|539018|0000000000001576|0000000000652701|0000000000001953|0000000000812886|080.70
23022026|539031|0000000000000234|0000000000069484|0000000000000525|0000000000155597|044.57
23022026|539032|0000000000040511|0000000000409495|0000000000040511|0000000000409495|100.00
23022026|539040|0000000000099421|0000000000665127|0000000000131169|0000000000859514|075.80
23022026|539041|0000000000013750|0000000000364375|0000000000018750|0000000000497125|073.33
23022026|539042|0000000000031020|0000000008561520|0000000000071610|0000000020123383|043.32
23022026|539044|0000000000003093|0000000000180508|0000000000004328|0000000000256586|071.46
23022026|539045|0000000000023265|0000000000669727|0000000000023265|0000000000669727|100.00
23022026|539046|0000000000004046|0000000000499075|0000000000005948|0000000000734637|068.02
23022026|539056|0000000000006183|0000000000284048|0000000000016593|0000000000758137|037.26
23022026|539083|0000000000129874|0000000012500373|0000000000307582|0000000029403434|042.22
23022026|539090|0000000000008465|0000000000279345|0000000000009316|0000000000300098|090.87
23022026|539091|0000000000028165|0000000000025349|0000000000037649|0000000000034060|074.81
23022026|539096|0000000000001224|0000000000014730|0000000000001224|0000000000014730|100.00
23022026|539097|0000000000074994|0000000000201734|0000000000124838|0000000000344573|060.07
23022026|539098|0000000000002000|0000000000124400|0000000000002000|0000000000124400|100.00
23022026|539111|0000000000004305|0000000000062810|0000000000004413|0000000000064144|097.55
23022026|539113|0000000000000275|0000000000146974|0000000000000300|0000000000160202|091.67
23022026|539115|0000000000001911|0000000000508106|0000000000001911|0000000000508106|100.00
23022026|539117|0000000000058637|0000000003321787|0000000000116287|0000000006345588|050.42
23022026|539118|0000000000003066|0000000000882855|0000000000005598|0000000001601688|054.77
23022026|539120|0000000000000127|0000000000008761|0000000000000129|0000000000008615|098.45
23022026|539121|0000000000001370|0000000000163030|0000000000001541|0000000000185496|088.90
23022026|539122|0000000000012681|0000000000290369|0000000000012681|0000000000290369|100.00
23022026|539123|0000000000000782|0000000000004716|0000000000000908|0000000000005506|086.12
23022026|539124|0000000000001805|0000000000035397|0000000000003038|0000000000058166|059.41
23022026|539126|0000000000081437|0000000000092035|0000000000081437|0000000000092035|100.00
23022026|539132|0000000000128268|0000000001092844|0000000000154838|0000000001331765|082.84
23022026|539141|0000000000001686|0000000000121224|0000000000002214|0000000000158689|076.15
23022026|539143|0000000000077245|0000000000580883|0000000000110026|0000000000826728|070.21
23022026|539148|0000000000000189|0000000000055255|0000000000000325|0000000000096544|058.15
23022026|539149|0000000000001011|0000000000003511|0000000000001011|0000000000003511|100.00
23022026|539150|0000000000009494|0000000002066844|0000000000018975|0000000004132467|050.03
23022026|539151|0000000000008790|0000000000630683|0000000000032624|0000000002290767|026.94
23022026|539167|0000000000000060|0000000000001452|0000000000000060|0000000000001452|100.00
23022026|539174|0000000000000459|0000000000009887|0000000000000490|0000000000010543|093.67
23022026|539175|0000000001614047|0000000005990947|0000000001614047|0000000005990947|100.00
23022026|539176|0000000000000835|0000000000063076|0000000000001116|0000000000086921|074.82
23022026|539177|0000000000003240|0000000001625184|0000000000004758|0000000002388320|068.10
23022026|539189|0000000000000313|0000000000004508|0000000000000326|0000000000004695|096.01
23022026|539190|0000000000000995|0000000000044918|0000000000000995|0000000000044918|100.00
23022026|539195|0000000000118076|0000000022995301|0000000000158120|0000000030972562|074.67
23022026|539196|0000000000002439|0000000000339875|0000000000002629|0000000000367536|092.77
23022026|539198|0000000000000135|0000000000015866|0000000000000135|0000000000015866|100.00
23022026|539199|0000000000006420|0000000002527233|0000000000010264|0000000004112449|062.55
23022026|539200|0000000000001091|0000000000000567|0000000000001091|0000000000000567|100.00
23022026|539201|0000000000003304|0000000000214727|0000000000004628|0000000000305179|071.39
23022026|539206|0000000000000564|0000000000014664|0000000000000564|0000000000014664|100.00
23022026|539216|0000000002194397|0000000004454626|0000000003248452|0000000006830747|067.55
23022026|539217|0000000002855333|0000000000770940|0000000004371760|0000000001177918|065.31
23022026|539218|0000000000000002|0000000000000271|0000000000000003|0000000000000406|066.67
23022026|539219|0000000000018136|0000000000181360|0000000000025804|0000000000262076|070.28
23022026|539220|0000000000000480|0000000000019584|0000000000000480|0000000000019584|100.00
23022026|539221|0000000000003141|0000000000364482|0000000000004745|0000000000554719|066.20
23022026|539222|0000000013007208|0000000010926055|0000000019073896|0000000015390423|068.19
23022026|539224|0000000000000076|0000000000002785|0000000000000076|0000000000002785|100.00
23022026|539226|0000000000003415|0000000000062085|0000000000003546|0000000000065154|096.31
23022026|539227|0000000000005438|0000000000864642|0000000000006475|0000000001040988|083.98
23022026|539228|0000000000182705|0000000000277451|0000000000182705|0000000000277451|100.00
23022026|539252|0000000000007423|0000000000039759|0000000000007423|0000000000039759|100.00
23022026|539254|0000000000017322|0000000017391288|0000000000043344|0000000043475492|039.96
23022026|539255|0000000000002354|0000000001139336|0000000000002727|0000000001318804|086.32
23022026|539267|0000000000000201|0000000000003359|0000000000000203|0000000000003382|099.01
23022026|539268|0000000000009992|0000000004469422|0000000000028050|0000000012442200|035.62
23022026|539275|0000000000000990|0000000000138650|0000000000001110|0000000000156892|089.19
23022026|539276|0000000000000010|0000000000003260|0000000000000010|0000000000003260|100.00
23022026|539277|0000000028580275|0000000004572844|0000000052294944|0000000008347856|054.65
23022026|539278|0000000000011063|0000000000019693|0000000000012063|0000000000021301|091.71
23022026|539287|0000000000118504|0000000002163106|0000000000118504|0000000002163106|100.00
23022026|539288|0000000000026151|0000000000429137|0000000000026151|0000000000429137|100.00
23022026|539289|0000000000001010|0000000000190587|0000000000001383|0000000000257563|073.03
23022026|539290|0000000000023223|0000000000627486|0000000000024928|0000000000682665|093.16
23022026|539291|0000000000141138|0000000000278041|0000000000141138|0000000000278041|100.00
23022026|539300|0000000000003433|0000000000886916|0000000000004125|0000000001062499|083.22
23022026|539301|0000000000000260|0000000000144170|0000000000000334|0000000000186673|077.84
23022026|539302|0000000000007698|0000000016752003|0000000000013135|0000000028606125|058.61
23022026|539309|0000000000629407|0000000004701671|0000000001044499|0000000007939651|060.26
23022026|539310|0000000004289403|0000000000814987|0000000004910690|0000000000971251|087.35
23022026|539313|0000000000001187|0000000000335921|0000000000001598|0000000000452486|074.28
23022026|539314|0000000000001674|0000000000095167|0000000000003126|0000000000178450|053.55
23022026|539331|0000000000003054|0000000000319327|0000000000003429|0000000000359591|089.06
23022026|539332|0000000000003968|0000000000377318|0000000000007186|0000000000682990|055.22
23022026|539334|0000000000006074|0000000001938518|0000000000007191|0000000002312134|084.47
23022026|539335|0000000000000305|0000000000051560|0000000000000305|0000000000051560|100.00
23022026|539336|0000000000004640|0000000001899384|0000000000012486|0000000005077247|037.16
23022026|539337|0000000000008925|0000000001472625|0000000000011725|0000000001949981|076.12
23022026|539346|0000000000004357|0000000000015947|0000000000004559|0000000000016698|095.57
23022026|539353|0000000000000283|0000000000055808|0000000000000283|0000000000055808|100.00
23022026|539354|0000000000005760|0000000000172282|0000000000006577|0000000000200265|087.58
23022026|539359|0000000000006236|0000000000086244|0000000000007050|0000000000096106|088.45
23022026|539378|0000000000000178|0000000000011161|0000000000000178|0000000000011160|100.00
23022026|539383|0000000000000041|0000000000000366|0000000000000041|0000000000000366|100.00
23022026|539384|0000000000000017|0000000000000479|0000000000000017|0000000000000479|100.00
23022026|539391|0000000000001054|0000000000032837|0000000000001054|0000000000032837|100.00
23022026|539398|0000000000000742|0000000000043638|0000000000001033|0000000000061508|071.83
23022026|539399|0000000000001170|0000000000335732|0000000000001398|0000000000405521|083.69
23022026|539400|0000000000000091|0000000000106002|0000000000000151|0000000000176599|060.26
23022026|539402|0000000000001991|0000000000010394|0000000000002000|0000000000010618|099.55
23022026|539404|0000000000000985|0000000000151986|0000000000001537|0000000000235536|064.09
23022026|539405|0000000000000220|0000000000003273|0000000000000220|0000000000003273|100.00
23022026|539406|0000000000001658|0000000000095783|0000000000001658|0000000000095783|100.00
23022026|539407|0000000000106915|0000000005954097|0000000000132839|0000000007217994|080.48
23022026|539408|0000000000002453|0000000000031031|0000000000002453|0000000000031030|100.00
23022026|539409|0000000000000042|0000000000000683|0000000000000042|0000000000000682|100.00
23022026|539428|0000000000000436|0000000000006048|0000000000000667|0000000000009280|065.37
23022026|539435|0000000000000032|0000000000000960|0000000000000032|0000000000000960|100.00
23022026|539436|0000000000048997|0000000001551246|0000000000108740|0000000003558899|045.06
23022026|539437|0000000016025255|0000001122408861|0000000034427838|0000002380983268|046.55
23022026|539448|0000000000003614|0000000017568558|0000000000009041|0000000043762394|039.97
23022026|539449|0000000000061142|0000000000138793|0000000000071891|0000000000162974|085.05
23022026|539450|0000000000001808|0000000000280873|0000000000003541|0000000000556249|051.06
23022026|539455|0000000000029705|0000000001744278|0000000000047356|0000000002751475|062.73
23022026|539468|0000000000000114|0000000000003650|0000000000000114|0000000000003650|100.00
23022026|539469|0000000000110614|0000000005203283|0000000000139047|0000000006601793|079.55
23022026|539470|0000000000586740|0000000000381381|0000000000705267|0000000000457128|083.19
23022026|539479|0000000000079296|0000000004992477|0000000000191006|0000000012118549|041.51
23022026|539486|0000000000008614|0000000000046866|0000000000008614|0000000000046866|100.00
23022026|539487|0000000000000001|0000000000000929|0000000000000001|0000000000000928|100.00
23022026|539492|0000000000004229|0000000000051806|0000000000004241|0000000000051430|099.72
23022026|539494|0000000000005389|0000000000042089|0000000000007371|0000000000057469|073.11
23022026|539495|0000000000000802|0000000000031542|0000000000000802|0000000000031542|100.00
23022026|539506|0000000001045938|0000000000467214|0000000001045938|0000000000467214|100.00
23022026|539515|0000000000001622|0000000000065091|0000000000002469|0000000000101237|065.69
23022026|539516|0000000000001445|0000000000415568|0000000000002536|0000000000727726|056.98
23022026|539517|0000000000041667|0000000003903365|0000000000049184|0000000004613790|084.72
23022026|539518|0000000000000824|0000000000102424|0000000000001058|0000000000131439|077.88
23022026|539519|0000000001115119|0000000000791735|0000000001785650|0000000001312567|062.45
23022026|539522|0000000000000248|0000000000010563|0000000000000250|0000000000010642|099.20
23022026|539523|0000000000001796|0000000009864081|0000000000002821|0000000015428824|063.67
23022026|539524|0000000000006384|0000000008908872|0000000000010052|0000000014019993|063.51
23022026|539526|0000000000401841|0000000000253160|0000000000408568|0000000000260000|098.35
23022026|539527|0000000000000023|0000000000013221|0000000000000024|0000000000013514|095.83
23022026|539528|0000000000104375|0000000003406627|0000000000104375|0000000003406627|100.00
23022026|539533|0000000000758911|0000000051391309|0000000000758911|0000000051391309|100.00
23022026|539542|0000000000000407|0000000000378795|0000000000000904|0000000000849167|045.02
23022026|539544|0000000000002970|0000000000022275|0000000000002970|0000000000022275|100.00
23022026|539545|0000000000000174|0000000000006315|0000000000000174|0000000000006497|100.00
23022026|539546|0000000000001399|0000000000355207|0000000000008848|0000000002269325|015.81
23022026|539551|0000000000021715|0000000040574478|0000000000041362|0000000077135547|052.50
23022026|539552|0000000000017001|0000000001740563|0000000000024984|0000000002633914|068.05
23022026|539559|0000000006630208|0000000023736145|0000000009502825|0000000033222414|069.77
23022026|539561|0000000001324197|0000000001191778|0000000001357484|0000000001212806|097.55
23022026|539562|0000000000025776|0000000000717347|0000000000028151|0000000000788734|091.56
23022026|539574|0000000010843950|0000000002385669|0000000022080808|0000000004882192|049.11
23022026|539584|0000000005592025|0000000001482663|0000000005592025|0000000001482663|100.00
23022026|539593|0000000000000645|0000000000004657|0000000000000758|0000000000005711|085.09
23022026|539594|0000000000820972|0000000003653326|0000000001089267|0000000004858643|075.37
23022026|539596|0000000000008401|0000000000128536|0000000000009429|0000000000146500|089.10
23022026|539598|0000000000005645|0000000000158456|0000000000006797|0000000000193269|083.05
23022026|539599|0000000000000051|0000000000001301|0000000000000051|0000000000001317|100.00
23022026|539607|0000000001307649|0000000029945163|0000000003121258|0000000073651573|041.89
23022026|539620|0000000000001403|0000000000023711|0000000000002246|0000000000038111|062.47
23022026|539621|0000000000040395|0000000000021934|0000000000040395|0000000000021934|100.00
23022026|539636|0000000000007572|0000000001079010|0000000000008835|0000000001275476|085.70
23022026|539658|0000000000000490|0000000000635163|0000000000000639|0000000000830700|076.68
23022026|539659|0000000000001986|0000000000115149|0000000000002837|0000000000163271|070.00
23022026|539660|0000000000103265|0000000001820789|0000000000103265|0000000001820789|100.00
23022026|539661|0000000000001003|0000000000102056|0000000000001032|0000000000108255|097.19
23022026|539662|0000000000007380|0000000000070479|0000000000009380|0000000000091036|078.68
23022026|539669|0000000000107639|0000000000092569|0000000000107639|0000000000092569|100.00
23022026|539673|0000000000141176|0000000000431998|0000000000141176|0000000000431998|100.00
23022026|539678|0000000000006649|0000000001223084|0000000000016188|0000000002945548|041.07
23022026|539679|0000000000050661|0000000000123613|0000000000059382|0000000000144494|085.31
23022026|539682|0000000000002916|0000000003677660|0000000000009934|0000000013328910|029.35
23022026|539686|0000000000005609|0000000001661667|0000000000010261|0000000003052693|054.66
23022026|539692|0000000000011593|0000000000180156|0000000000011620|0000000000172078|099.77
23022026|539697|0000000000004277|0000000000186809|0000000000004277|0000000000186809|100.00
23022026|539724|0000000000000722|0000000000054016|0000000000000722|0000000000054016|100.00
23022026|539725|0000000000005700|0000000000991800|0000000000012058|0000000002108104|047.27
23022026|539730|0000000000002508|0000000004181213|0000000000005777|0000000009642531|043.41
23022026|539742|0000000000000364|0000000000003082|0000000000000364|0000000000003082|100.00
23022026|539760|0000000000003788|0000000000138202|0000000000003788|0000000000138202|100.00
23022026|539761|0000000000589160|0000000000619467|0000000000589160|0000000000619467|100.00
23022026|539762|0000000000009707|0000000000328000|0000000000012122|0000000000410539|080.08
23022026|539767|0000000000001393|0000000000055970|0000000000001393|0000000000055970|100.00
23022026|539770|0000000000000068|0000000000001749|0000000000000068|0000000000001749|100.00
23022026|539773|0000000000478082|0000000000745808|0000000000530177|0000000000831819|090.17
23022026|539785|0000000000004477|0000000000373114|0000000000006111|0000000000509775|073.26
23022026|539787|0000000000004590|0000000002714985|0000000000007568|0000000004435789|060.65
23022026|539798|0000000000100136|0000000003128419|0000000000100136|0000000003128419|100.00
23022026|539799|0000000000002761|0000000000492425|0000000000019107|0000000003466622|014.45
23022026|539800|0000000000009585|0000000000049938|0000000000013869|0000000000072576|069.11
23022026|539807|0000000000195080|0000000003532899|0000000000315869|0000000005781036|061.76
23022026|539814|0000000000000443|0000000000085780|0000000000000443|0000000000085780|100.00
23022026|539834|0000000000043432|0000000007426872|0000000000044683|0000000007694176|097.20
23022026|539835|0000000000003731|0000000000006492|0000000000004051|0000000000006808|092.10
23022026|539837|0000000000001254|0000000000878302|0000000000002464|0000000001727090|050.89
23022026|539841|0000000000309820|0000000003187085|0000000000309820|0000000003187085|100.00
23022026|539843|0000000000000242|0000000000080574|0000000000000390|0000000000135949|062.05
23022026|539854|0000000000000101|0000000000025508|0000000000000101|0000000000025508|100.00
23022026|539861|0000000000001130|0000000000001265|0000000000001130|0000000000001265|100.00
23022026|539871|0000000000004394|0000000001805495|0000000000008775|0000000003559855|050.07
23022026|539872|0000000000002863|0000000000996468|0000000000003565|0000000001244489|080.31
23022026|539875|0000000000000557|0000000000053745|0000000000000586|0000000000054620|095.05
23022026|539876|0000000000121145|0000000032139769|0000000000242143|0000000064558315|050.03
23022026|539883|0000000000000156|0000000000705604|0000000000000171|0000000000777830|091.23
23022026|539884|0000000000079533|0000000000221898|0000000000102044|0000000000282752|077.94
23022026|539889|0000000000019778|0000000003897255|0000000000061639|0000000012454870|032.09
23022026|539894|0000000000189982|0000000001683241|0000000000237739|0000000002103924|079.91
23022026|539895|0000000000037186|0000000001305862|0000000000037186|0000000001305862|100.00
23022026|539900|0000000000000185|0000000000001622|0000000000000185|0000000000001622|100.00
23022026|539917|0000000000039882|0000000000182660|0000000000085182|0000000000393369|046.82
23022026|539921|0000000001085489|0000000193054219|0000000001123912|0000000199400018|096.58
23022026|539927|0000000000000011|0000000000004245|0000000000000011|0000000000004244|100.00
23022026|539938|0000000000002468|0000000000081834|0000000000002468|0000000000081834|100.00
23022026|539939|0000000000000453|0000000000027928|0000000000000484|0000000000029277|093.60
23022026|539945|0000000000003915|0000000000058765|0000000000009377|0000000000140290|041.75
23022026|539946|0000000000025155|0000000000735030|0000000000038677|0000000001157655|065.04
23022026|539947|0000000000000200|0000000000008984|0000000000000200|0000000000008984|100.00
23022026|539956|0000000000000338|0000000000994160|0000000000000420|0000000001242141|080.48
23022026|539957|0000000000009395|0000000010923097|0000000000016770|0000000019376120|056.02
23022026|539963|0000000000488095|0000000007389759|0000000000700473|0000000010937357|069.68
23022026|539978|0000000000001689|0000000000343543|0000000000005413|0000000001096257|031.20
23022026|539979|0000000000000809|0000000000036721|0000000000001914|0000000000085154|042.27
23022026|539980|0000000000023224|0000000000412459|0000000000030634|0000000000545830|075.81
23022026|539982|0000000000002661|0000000000013198|0000000000002661|0000000000013198|100.00
23022026|539984|0000000000000918|0000000002145825|0000000000001529|0000000003524498|060.04
23022026|539985|0000000000006000|0000000000236940|0000000000008000|0000000000316290|075.00
23022026|539986|0000000000015078|0000000002902515|0000000000017552|0000000003326769|085.90
23022026|539991|0000000000000257|0000000000008990|0000000000000357|0000000000012513|071.99
23022026|539992|0000000000102434|0000000005032583|0000000000189142|0000000009415801|054.16
23022026|539997|0000000000008629|0000000012178971|0000000000019046|0000000027315396|045.31
23022026|540005|0000000000023162|0000000111873619|0000000000031126|0000000150134695|074.41
23022026|540006|0000000000011135|0000000000034742|0000000000011571|0000000000036014|096.23
23022026|540008|0000000000000082|0000000000006834|0000000000000083|0000000000006922|098.80
23022026|540023|0000000000039290|0000000000520499|0000000000039290|0000000000520499|100.00
23022026|540025|0000000000010647|0000000003338900|0000000000015985|0000000004993934|066.61
23022026|540026|0000000000010093|0000000000072973|0000000000011692|0000000000084151|086.32
23022026|540047|0000000000002379|0000000001058418|0000000000004033|0000000001794650|058.99
23022026|540048|0000000000001233|0000000000924072|0000000000002343|0000000001760200|052.62
23022026|540061|0000000000008227|0000000000431918|0000000000010299|0000000000542618|079.88
23022026|540063|0000000000015804|0000000000143975|0000000000016684|0000000000151466|094.73
23022026|540065|0000000000136643|0000000043876068|0000000000294193|0000000095311669|046.45
23022026|540072|0000000000010000|0000000000135400|0000000000010000|0000000000135400|100.00
23022026|540073|0000000000586774|0000000166350429|0000000001970360|0000000571671902|029.78
23022026|540078|0000000000002810|0000000000304239|0000000000003229|0000000000352839|087.02
23022026|540079|0000000000129500|0000000000221445|0000000000179235|0000000000304101|072.25
23022026|540080|0000000000038462|0000000000177695|0000000000043486|0000000000202217|088.45
23022026|540081|0000000000008949|0000000000157054|0000000000008949|0000000000157054|100.00
23022026|540083|0000000000001813|0000000000010890|0000000000001813|0000000000010890|100.00
23022026|540097|0000000000051444|0000000002041298|0000000000080670|0000000003175560|063.77
23022026|540108|0000000000014860|0000000000092853|0000000000014860|0000000000092853|100.00
23022026|540115|0000000000005338|0000000018350710|0000000000010052|0000000034088991|053.10
23022026|540124|0000000000001894|0000000000785063|0000000000002777|0000000001159097|068.20
23022026|540125|0000000000002538|0000000000171011|0000000000003681|0000000000246762|068.95
23022026|540132|0000000000002834|0000000000039478|0000000000003096|0000000000041522|091.54
23022026|540133|0000000000009252|0000000006138702|0000000000018242|0000000012091012|050.72
23022026|540134|0000000000002257|0000000000023999|0000000000002257|0000000000023999|100.00
23022026|540135|0000000000730234|0000000000445443|0000000001007710|0000000000607601|072.46
23022026|540136|0000000000003299|0000000001163063|0000000000005587|0000000001989316|059.05
23022026|540143|0000000000000449|0000000000039625|0000000000000558|0000000000050041|080.47
23022026|540145|0000000000000502|0000000000120430|0000000000000543|0000000000130673|092.45
23022026|540146|0000000000002000|0000000000071800|0000000000002000|0000000000071800|100.00
23022026|540147|0000000000004353|0000000000014757|0000000000004364|0000000000014803|099.75
23022026|540150|0000000000000750|0000000000041077|0000000000000750|0000000000041077|100.00
23022026|540153|0000000000003094|0000000007906253|0000000000006512|0000000016619959|047.51
23022026|540159|0000000000001006|0000000000005191|0000000000001629|0000000000008701|061.76
23022026|540168|0000000000027237|0000000000781158|0000000000061756|0000000001776344|044.10
23022026|540173|0000000000003520|0000000002946944|0000000000007583|0000000006416998|046.42
23022026|540174|0000000000000188|0000000000004138|0000000000000260|0000000000005844|072.31
23022026|540175|0000000000005433|0000000000176845|0000000000007762|0000000000253623|069.99
23022026|540180|0000000000080885|0000000036984667|0000000000171488|0000000078274961|047.17
23022026|540189|0000000000000100|0000000000001965|0000000000000100|0000000000001965|100.00
23022026|540190|0000000002931435|0000000001172574|0000000003742624|0000000001508620|078.33
23022026|540192|0000000000008794|0000000000128657|0000000000009888|0000000000146754|088.94
23022026|540198|0000000000018650|0000000008128603|0000000000020824|0000000008957855|089.56
23022026|540199|0000000000001239|0000000000084624|0000000000001332|0000000000092068|093.02
23022026|540203|0000000000001216|0000000000689655|0000000000002384|0000000001348012|051.01
23022026|540204|0000000000006582|0000000000345555|0000000000009436|0000000000500777|069.75
23022026|540205|0000000000001870|0000000000910877|0000000000002993|0000000001456834|062.48
23022026|540210|0000000000001150|0000000000009350|0000000000001172|0000000000009464|098.12
23022026|540212|0000000000000319|0000000000177014|0000000000000534|0000000000302425|059.74
23022026|540222|0000000000018633|0000000018949761|0000000000037965|0000000038718426|049.08
23022026|540243|0000000000045235|0000000000061972|0000000000059004|0000000000082117|076.66
23022026|540252|0000000000051189|0000000000439202|0000000000059651|0000000000513944|085.81
23022026|540254|0000000000000794|0000000000022550|0000000000000977|0000000000027995|081.27
23022026|540259|0000000001231940|0000000000320305|0000000001771332|0000000000475140|069.55
23022026|540266|0000000000020718|0000000000352828|0000000000025252|0000000000434956|082.04
23022026|540267|0000000000000502|0000000000004142|0000000000000502|0000000000004266|100.00
23022026|540268|0000000000001712|0000000000011762|0000000000001942|0000000000013141|088.16
23022026|540293|0000000000012692|0000000007999768|0000000000031956|0000000019987785|039.72
23022026|540310|0000000000000269|0000000000012523|0000000000000269|0000000000012523|100.00
23022026|540311|0000000000008615|0000000003207365|0000000000011472|0000000004256128|075.10
23022026|540332|0000000000001000|0000000000072000|0000000000001000|0000000000072000|100.00
23022026|540358|0000000000009000|0000000003940200|0000000000015750|0000000006896325|057.14
23022026|540359|0000000000000596|0000000000018476|0000000000000712|0000000000022033|083.71
23022026|540360|0000000001000318|0000000002980948|0000000001435621|0000000004255281|069.68
23022026|540361|0000000000019409|0000000000087147|0000000000025995|0000000000117341|074.66
23022026|540366|0000000000001921|0000000000011680|0000000000002042|0000000000012704|094.07
23022026|540376|0000000000012319|0000000047372099|0000000000017439|0000000067024710|070.64
23022026|540377|0000000002288880|0000000001052885|0000000003163074|0000000001460434|072.36
23022026|540386|0000000000133804|0000000000242186|0000000000133804|0000000000242185|100.00
23022026|540393|0000000000000628|0000000000045556|0000000000000628|0000000000044983|100.00
23022026|540395|0000000000002859|0000000000282584|0000000000004130|0000000000409061|069.23
23022026|540396|0000000000001318|0000000000296930|0000000000001318|0000000000296930|100.00
23022026|540401|0000000000016058|0000000000158975|0000000000017635|0000000000173108|091.06
23022026|540403|0000000000012319|0000000000582196|0000000000014298|0000000000699477|086.16
23022026|540404|0000000000005386|0000000001435100|0000000000040819|0000000010996235|013.19
23022026|540405|0000000000001630|0000000000095844|0000000000002152|0000000000127265|075.74
23022026|540425|0000000000003259|0000000000331767|0000000000004857|0000000000501604|067.10
23022026|540455|0000000000000575|0000000000064027|0000000000000940|0000000000104575|061.17
23022026|540481|0000000000000482|0000000000018610|0000000000000482|0000000000018610|100.00
23022026|540492|0000000000839018|0000000008801298|0000000000839018|0000000008801298|100.00
23022026|540497|0000000000000573|0000000000090592|0000000000000637|0000000000100948|089.95
23022026|540515|0000000000003552|0000000000038671|0000000000003552|0000000000038671|100.00
23022026|540519|0000000000006051|0000000000424297|0000000000009262|0000000000650873|065.33
23022026|540526|0000000000031784|0000000001952809|0000000000047976|0000000002953762|066.25
23022026|540530|0000000000118201|0000000022948725|0000000000224948|0000000043895934|052.55
23022026|540544|0000000000000914|0000000000696880|0000000000001442|0000000001111129|063.38
23022026|540545|0000000000075422|0000000003047125|0000000000075422|0000000003047125|100.00
23022026|540565|0000000000010918|0000000001795466|0000000000014676|0000000002404530|074.39
23022026|540570|0000000000056662|0000000000289543|0000000000079027|0000000000415364|071.70
23022026|540575|0000000000044993|0000000009869215|0000000000066750|0000000014619264|067.41
23022026|540590|0000000000001304|0000000000088333|0000000000001550|0000000000104431|084.13
23022026|540595|0000000000023028|0000000007509431|0000000000059626|0000000019487844|038.62
23022026|540596|0000000000000499|0000000000674324|0000000000001007|0000000001348278|049.55
23022026|540597|0000000000002229|0000000000037437|0000000000002229|0000000000037437|100.00
23022026|540602|0000000000000502|0000000000035271|0000000000000769|0000000000054016|065.28
23022026|540611|0000000000808491|0000000787834055|0000000001050601|0000001017690958|076.96
23022026|540612|0000000000046556|0000000001062874|0000000000049778|0000000001134199|093.53
23022026|540614|0000000004769964|0000000002337283|0000000007050476|0000000003459421|067.65
23022026|540615|0000000000011172|0000000000040555|0000000000012729|0000000000046429|087.77
23022026|540642|0000000000179339|0000000001445473|0000000000242100|0000000001947371|074.08
23022026|540647|0000000000000001|0000000000000126|0000000000000002|0000000000000263|050.00
23022026|540648|0000000000000174|0000000000016548|0000000000000175|0000000000016625|099.43
23022026|540649|0000000000003113|0000000001024489|0000000000003295|0000000001073619|094.48
23022026|540650|0000000000000004|0000000000001703|0000000000000004|0000000000001702|100.00
23022026|540652|0000000000001500|0000000000270000|0000000000001500|0000000000270000|100.00
23022026|540654|0000000000027414|0000000000498387|0000000000030242|0000000000551240|090.65
23022026|540669|0000000000000817|0000000000061128|0000000000001192|0000000000089190|068.54
23022026|540673|0000000000003305|0000000000991335|0000000000003830|0000000001147754|086.29
23022026|540678|0000000000026353|0000000039580889|0000000000057317|0000000086179528|045.98
23022026|540680|0000000000007794|0000000002609821|0000000000014329|0000000004837461|054.39
23022026|540681|0000000000075000|0000000000929250|0000000000075000|0000000000929250|100.00
23022026|540686|0000000000005995|0000000000665146|0000000000010506|0000000001165614|057.06
23022026|540691|0000000000072654|0000000025160081|0000000000145774|0000000050603293|049.84
23022026|540692|0000000000034680|0000000015345900|0000000000112733|0000000050136454|030.76
23022026|540693|0000000001336962|0000000020107908|0000000001336962|0000000020107908|100.00
23022026|540694|0000000000008353|0000000000191201|0000000000008598|0000000000198532|097.15
23022026|540696|0000000000026561|0000000000164027|0000000000026561|0000000000164027|100.00
23022026|540699|0000000000017607|0000000186545285|0000000000059109|0000000635567782|029.79
23022026|540700|0000000000005620|0000000000113974|0000000000006251|0000000000126640|089.91
23022026|540701|0000000000009544|0000000001734145|0000000000014259|0000000002608320|066.93
23022026|540702|0000000000000785|0000000000006320|0000000000000786|0000000000006306|099.87
23022026|540703|0000000000005258|0000000000203650|0000000000005258|0000000000203650|100.00
23022026|540704|0000000000002808|0000000001221480|0000000000003554|0000000001564088|079.01
23022026|540709|0000000000300761|0000000000732836|0000000000300761|0000000000732836|100.00
23022026|540710|0000000000002692|0000000000656041|0000000000004382|0000000001086422|061.43
23022026|540716|0000000000003779|0000000007378687|0000000000007623|0000000014897232|049.57
23022026|540717|0000000000006850|0000000000153920|0000000000010718|0000000000245254|063.91
23022026|540718|0000000000059000|0000000065720100|0000000000068375|0000000076078493|086.29
23022026|540719|0000000000011780|0000000024848732|0000000000031918|0000000067454573|036.91
23022026|540724|0000000000000171|0000000000183466|0000000000000285|0000000000307136|060.00
23022026|540725|0000000000014526|0000000001982799|0000000000017161|0000000002352853|084.65
23022026|540726|0000000000001014|0000000000093390|0000000000001014|0000000000093389|100.00
23022026|540727|0000000000003897|0000000000105025|0000000000007361|0000000000198961|052.94
23022026|540728|0000000000001282|0000000000115406|0000000000001601|0000000000146434|080.07
23022026|540730|0000000002581277|0000000003691227|0000000003059823|0000000004430150|084.36
23022026|540735|0000000000002173|0000000000556506|0000000000003010|0000000000763950|072.19
23022026|540737|0000000000004305|0000000002181990|0000000000005882|0000000003029037|073.19
23022026|540738|0000000000016647|0000000000136173|0000000000019756|0000000000161233|084.26
23022026|540743|0000000000013868|0000000008941393|0000000000024515|0000000015771965|056.57
23022026|540749|0000000000005015|0000000001710617|0000000000011144|0000000003837658|045.00
23022026|540750|0000000000042608|0000000005355826|0000000000089769|0000000011271481|047.46
23022026|540755|0000000000023205|0000000009045309|0000000000035881|0000000013907525|064.67
23022026|540757|0000000000001610|0000000000512303|0000000000001610|0000000000512303|100.00
23022026|540762|0000000000087211|0000000221446172|0000000000100909|0000000260492284|086.43
23022026|540767|0000000000017425|0000000017156655|0000000000029680|0000000028892474|058.71
23022026|540768|0000000000004428|0000000001834299|0000000000008570|0000000003533236|051.67
23022026|540769|0000000000005695|0000000000866210|0000000000011361|0000000001721056|050.13
23022026|540774|0000000000003866|0000000000671525|0000000000004118|0000000000720549|093.88
23022026|540775|0000000000002947|0000000000399908|0000000000003472|0000000000472502|084.88
23022026|540776|0000000000001085|0000000000345193|0000000000001576|0000000000505111|068.85
23022026|540777|0000000000052772|0000000039199042|0000000000096062|0000000071317445|054.94
23022026|540786|0000000000031354|0000000000375308|0000000000041876|0000000000499672|074.87
23022026|540787|0000000000012495|0000000001589739|0000000000020651|0000000002621099|060.51
23022026|540788|0000000000000288|0000000000017237|0000000000000288|0000000000017265|100.00
23022026|540789|0000000000001796|0000000000005999|0000000000001871|0000000000006246|095.99
23022026|540795|0000000000002017|0000000000575854|0000000000005403|0000000001542979|037.33
23022026|540797|0000000000010682|0000000001638085|0000000000012437|0000000001906046|085.89
23022026|540809|0000000000099738|0000000004311674|0000000000133067|0000000005770948|074.95
23022026|540821|0000000000029560|0000000000055573|0000000000030680|0000000000058089|096.35
23022026|540824|0000000000005437|0000000000022618|0000000000005619|0000000000023190|096.76
23022026|540829|0000000000594300|0000000004370410|0000000000594300|0000000004370410|100.00
23022026|540850|0000000000009000|0000000000344070|0000000000012000|0000000000453560|075.00
23022026|540874|0000000000000835|0000000000062625|0000000000001003|0000000000075266|083.25
23022026|540879|0000000000070847|0000000016333776|0000000000120930|0000000027928537|058.59
23022026|540900|0000000000622336|0000000334630068|0000000002023663|0000001102273226|030.75
23022026|540901|0000000000008629|0000000000069895|0000000000008699|0000000000071951|099.20
23022026|540902|0000000000002719|0000000021121736|0000000000008782|0000000068570243|030.96
23022026|540904|0000000000000101|0000000000007272|0000000000000101|0000000000007272|100.00
23022026|540914|0000000000036935|0000000000124841|0000000000044947|0000000000153987|082.17
23022026|540923|0000000000002124|0000000000033284|0000000000002252|0000000000035261|094.32
23022026|540935|0000000000000294|0000000000573095|0000000000000431|0000000000834051|068.21
23022026|540936|0000000000038229|0000000000122716|0000000000042039|0000000000138211|090.94
23022026|540937|0000000000001401|0000000000065749|0000000000002256|0000000000104910|062.10
23022026|540952|0000000000000265|0000000000002120|0000000000000310|0000000000002451|085.48
23022026|540953|0000000000068450|0000000000164965|0000000000088957|0000000000212566|076.95
23022026|540954|0000000000009618|0000000000319510|0000000000010317|0000000000344829|093.22
23022026|540955|0000000000005771|0000000000040115|0000000000005771|0000000000040115|100.00
23022026|540956|0000000000074404|0000000001677067|0000000000084942|0000000001927136|087.59
23022026|540961|0000000000000040|0000000000002221|0000000000000059|0000000000003221|067.80
23022026|540975|0000000000026971|0000000017436752|0000000000050218|0000000032234222|053.71
23022026|540980|0000000000000002|0000000000055802|0000000000000002|0000000000055802|100.00
23022026|541005|0000000000000465|0000000000028184|0000000000000706|0000000000043175|065.86
23022026|541006|0000000000044000|0000000000611600|0000000000056000|0000000000700680|078.57
23022026|541019|0000000000004448|0000000002583621|0000000000006842|0000000004012039|065.01
23022026|541083|0000000000001750|0000000000554750|0000000000002250|0000000000700350|077.78
23022026|541096|0000000000000068|0000000000075671|0000000000000076|0000000000085330|089.47
23022026|541097|0000000000000792|0000000000792000|0000000000000856|0000000000856000|092.52
23022026|541143|0000000000047531|0000000060642427|0000000000110311|0000000141247614|043.09
23022026|541144|0000000000004251|0000000000439979|0000000000005410|0000000000558631|078.58
23022026|541152|0000000000021953|0000000000153444|0000000000021953|0000000000153444|100.00
23022026|541153|0000000000056228|0000000009761181|0000000000111652|0000000019284144|050.36
23022026|541154|0000000000141949|0000000571224069|0000000000338967|0000001369160193|041.88
23022026|541161|0000000000468264|0000000000088970|0000000000468264|0000000000088970|100.00
23022026|541163|0000000000005809|0000000002825498|0000000000007911|0000000003831169|073.43
23022026|541167|0000000000000373|0000000000552749|0000000000000473|0000000000701720|078.86
23022026|541195|0000000000012777|0000000004396566|0000000000029431|0000000010188474|043.41
23022026|541206|0000000000001000|0000000000055000|0000000000001000|0000000000055000|100.00
23022026|541228|0000000000015887|0000000001807147|0000000000026112|0000000002984584|060.84
23022026|541233|0000000000164133|0000000019203561|0000000000354850|0000000041679712|046.25
23022026|541269|0000000000000060|0000000000023298|0000000000000075|0000000000029081|080.00
23022026|541276|0000000000010147|0000000000173271|0000000000010147|0000000000173271|100.00
23022026|541301|0000000000001018|0000000000181612|0000000000001400|0000000000247527|072.71
23022026|541302|0000000000031519|0000000000851959|0000000000037993|0000000001007210|082.96
23022026|541303|0000000000119846|0000000000055130|0000000000136573|0000000000063480|087.75
23022026|541304|0000000000000872|0000000000128969|0000000000000889|0000000000131303|098.09
23022026|541313|0000000000003067|0000000000121852|0000000000003380|0000000000133460|090.74
23022026|541336|0000000000003301|0000000000760056|0000000000003515|0000000000802479|093.91
23022026|541337|0000000000006000|0000000000169050|0000000000006000|0000000000169050|100.00
23022026|541338|0000000000006639|0000000000092946|0000000000011585|0000000000161869|057.31
23022026|541347|0000000000001659|0000000000013350|0000000000001659|0000000000013350|100.00
23022026|541352|0000000000000001|0000000000000234|0000000000000001|0000000000000234|100.00
23022026|541353|0000000000008800|0000000001482800|0000000000012800|0000000002184080|068.75
23022026|541358|0000000000004510|0000000000437425|0000000000005096|0000000000493108|088.50
23022026|541400|0000000000000631|0000000000044126|0000000000000766|0000000000053927|082.38
23022026|541402|0000000000001611|0000000000318656|0000000000002263|0000000000456086|071.19
23022026|541403|0000000000000840|0000000000253470|0000000000001077|0000000000324349|077.99
23022026|541418|0000000000000300|0000000000007881|0000000000000394|0000000000010375|076.14
23022026|541444|0000000000000704|0000000000012644|0000000000001427|0000000000025644|049.33
23022026|541445|0000000000004000|0000000000202000|0000000000004000|0000000000205336|100.00
23022026|541450|0000000000035782|0000000034731799|0000000000103989|0000000101328317|034.41
23022026|541540|0000000000000992|0000000000468621|0000000000002039|0000000000961459|048.65
23022026|541546|0000000000124808|0000000000289555|0000000000224306|0000000000529331|055.64
23022026|541556|0000000000019082|0000000004183729|0000000000031980|0000000006984204|059.67
23022026|541557|0000000000000590|0000000002741022|0000000000000923|0000000004225135|063.92
23022026|541578|0000000000004592|0000000002531570|0000000000005646|0000000003096641|081.33
23022026|541601|0000000001696195|0000000000797212|0000000002784688|0000000001275986|060.91
23022026|541634|0000000000007346|0000000000133183|0000000000010496|0000000000196849|069.99
23022026|541701|0000000000000300|0000000000075000|0000000000000300|0000000000075000|100.00
23022026|541702|0000000000391183|0000000001552996|0000000000391183|0000000001552996|100.00
23022026|541729|0000000000007335|0000000020002179|0000000000014779|0000000040418282|049.63
23022026|541735|0000000000074820|0000000000134676|0000000000081442|0000000000147423|091.87
23022026|541741|0000000000009074|0000000000831996|0000000000009383|0000000000845372|096.71
23022026|541770|0000000000011719|0000000015150324|0000000000024912|0000000032594682|047.04
23022026|541771|0000000000069527|0000000000112634|0000000000076832|0000000000124396|090.49
23022026|541778|0000000000021031|0000000000713372|0000000000026967|0000000000929278|077.99
23022026|541809|0000000000008697|0000000000638447|0000000000019031|0000000001395281|045.70
23022026|541865|0000000000008473|0000000000066005|0000000000012394|0000000000096335|068.36
23022026|541890|0000000000924935|0000000000230983|0000000000924935|0000000000230983|100.00
23022026|541929|0000000000000053|0000000000027295|0000000000000095|0000000000048775|055.79
23022026|541945|0000000000008000|0000000000048000|0000000000008000|0000000000048000|100.00
23022026|541946|0000000000085860|0000000085860000|0000000000086635|0000000086635030|099.11
23022026|541956|0000000000054893|0000000008211993|0000000000088012|0000000013205060|062.37
23022026|541967|0000000000020958|0000000007756556|0000000000044947|0000000016722733|046.63
23022026|541972|0000000000000160|0000000000147528|0000000000000271|0000000000249411|059.04
23022026|541974|0000000000000721|0000000001020720|0000000000002071|0000000002949227|034.81
23022026|541988|0000000000007519|0000000009668683|0000000000013327|0000000016984869|056.42
23022026|542011|0000000000011848|0000000028988502|0000000000022809|0000000055937636|051.94
23022026|542012|0000000000106474|0000000002447838|0000000000106474|0000000002447837|100.00
23022026|542013|0000000000000530|0000000000092512|0000000000000770|0000000000133052|068.83
23022026|542019|0000000000005360|0000000000311344|0000000000005360|0000000000311344|100.00
23022026|542020|0000000000000876|0000000000005292|0000000000000914|0000000000005555|095.84
23022026|542025|0000000000096000|0000000000039360|0000000000096000|0000000000039360|100.00
23022026|542034|0000000000031224|0000000000439859|0000000000031224|0000000000439859|100.00
23022026|542046|0000000000097115|0000000000677109|0000000000097115|0000000000677109|100.00
23022026|542057|0000000000005554|0000000000374173|0000000000007794|0000000000524765|071.26
23022026|542066|0000000000023503|0000000012352002|0000000000040878|0000000021445244|057.50
23022026|542123|0000000000000095|0000000000013296|0000000000000119|0000000000016784|079.83
23022026|542131|0000000000001418|0000000000393325|0000000000001874|0000000000519107|075.67
23022026|542141|0000000000017301|0000000020070891|0000000000036394|0000000042262293|047.54
23022026|542145|0000000000007200|0000000000360000|0000000000014400|0000000000716418|050.00
23022026|542146|0000000000001250|0000000000013875|0000000000001250|0000000000013875|100.00
23022026|542155|0000000000016000|0000000000022560|0000000000016000|0000000000022560|100.00
23022026|542176|0000000000000155|0000000000003703|0000000000000155|0000000000003715|100.00
23022026|542206|0000000000260425|0000000000453140|0000000000275793|0000000000483985|094.43
23022026|542216|0000000000000355|0000000000741915|0000000000000910|0000000001901678|039.01
23022026|542230|0000000000007128|0000000000521699|0000000000007967|0000000000580742|089.47
23022026|542231|0000000000032896|0000000000461860|0000000000033892|0000000000475771|097.06
23022026|542232|0000000000000731|0000000000038159|0000000000000744|0000000000038863|098.25
23022026|542233|0000000000000118|0000000000024061|0000000000000118|0000000000024061|100.00
23022026|542248|0000000000009026|0000000000126274|0000000000010997|0000000000155319|082.08
23022026|542285|0000000000072856|0000000000689760|0000000000072856|0000000000689760|100.00
23022026|542323|0000000000011061|0000000004346420|0000000000021928|0000000008674607|050.44
23022026|542333|0000000000000743|0000000000512893|0000000000000910|0000000000630419|081.65
23022026|542337|0000000000000473|0000000000016319|0000000000000506|0000000000017425|093.48
23022026|542351|0000000000000184|0000000000107171|0000000000000213|0000000000127468|086.38
23022026|542367|0000000000000893|0000000000122431|0000000000001762|0000000000242837|050.68
23022026|542383|0000000000002668|0000000000609105|0000000000002884|0000000000659747|092.51
23022026|542399|0000000000000475|0000000000409617|0000000000000769|0000000000665227|061.77
23022026|542437|0000000000002264|0000000000027734|0000000000002498|0000000000029896|090.63
23022026|542446|0000000000081957|0000000000290948|0000000000130167|0000000000465853|062.96
23022026|542459|0000000000010134|0000000000686680|0000000000013922|0000000000949962|072.79
23022026|542460|0000000000002305|0000000003990071|0000000000004046|0000000007001854|056.97
23022026|542484|0000000000002791|0000000001270464|0000000000004870|0000000002215549|057.31
23022026|542513|0000000000000591|0000000000054065|0000000000000598|0000000000055088|098.83
23022026|542524|0000000000000010|0000000000000503|0000000000000010|0000000000000503|100.00
23022026|542543|0000000000300000|0000000024900000|0000000000400000|0000000033131000|075.00
23022026|542579|0000000000521743|0000000002582628|0000000000657095|0000000003277493|079.40
23022026|542580|0000000000001561|0000000000068029|0000000000002074|0000000000091675|075.27
23022026|542592|0000000000001250|0000000000026725|0000000000001250|0000000000026725|100.00
23022026|542597|0000000000006186|0000000002798238|0000000000010301|0000000004688120|060.05
23022026|542602|0000000000008748|0000000003799519|0000000000013068|0000000005680962|066.94
23022026|542627|0000000000000106|0000000000007482|0000000000000106|0000000000007482|100.00
23022026|542628|0000000000000890|0000000000112674|0000000000000996|0000000000127335|089.36
23022026|542649|0000000000532325|0000000169971373|0000000001056247|0000000333564913|050.40
23022026|542650|0000000000000532|0000000001033384|0000000000001317|0000000002506701|040.39
23022026|542651|0000000000038558|0000000031341871|0000000000114700|0000000093484754|033.62
23022026|542652|0000000000003551|0000000028309283|0000000000006826|0000000054220617|052.02
23022026|542654|0000000000000380|0000000000005533|0000000000000522|0000000000007387|072.80
23022026|542655|0000000000188494|0000000000297821|0000000000246128|0000000000391824|076.58
23022026|542665|0000000000003143|0000000004379771|0000000000004661|0000000006347506|067.43
23022026|542666|0000000000006561|0000000000040285|0000000000006581|0000000000040318|099.70
23022026|542668|0000000000048000|0000000004680000|0000000000053000|0000000005333150|090.57
23022026|542669|0000000000056585|0000000002037626|0000000000081117|0000000002927594|069.76
23022026|542670|0000000000054094|0000000001013722|0000000000059936|0000000001125796|090.25
23022026|542679|0000000000000867|0000000000148828|0000000000000867|0000000000148828|100.00
23022026|542682|0000000000008063|0000000000529740|0000000000008499|0000000000554687|094.87
23022026|542684|0000000000001861|0000000000385414|0000000000002688|0000000000555692|069.23
23022026|542721|0000000000000419|0000000000057948|0000000000000419|0000000000057947|100.00
23022026|542724|0000000005736661|0000000001269478|0000000005736661|0000000001269478|100.00
23022026|542725|0000000000060796|0000000001955808|0000000000212184|0000000006832164|028.65
23022026|542726|0000000000003325|0000000007366039|0000000000004555|0000000010047393|073.00
23022026|542727|0000000000035450|0000000101555388|0000000000083250|0000000188743260|042.58
23022026|542729|0000000000000005|0000000000000719|0000000000000009|0000000000001203|055.56
23022026|542730|0000000000008249|0000000000519605|0000000000010391|0000000000650590|079.39
23022026|542747|0000000000003870|0000000000349074|0000000000005141|0000000000465031|075.28
23022026|542752|0000000000013324|0000000020105916|0000000000020841|0000000031496080|063.93
23022026|542758|0000000000005626|0000000000164617|0000000000011388|0000000000333037|049.40
23022026|542759|0000000000006372|0000000001596505|0000000000008443|0000000002132268|075.47
23022026|542760|0000000000050973|0000000010785887|0000000000166282|0000000035112525|030.65
23022026|542765|0000000000000500|0000000000083325|0000000000000500|0000000000083325|100.00
23022026|542770|0000000000002182|0000000000089615|0000000000002554|0000000000104620|085.43
23022026|542772|0000000000122601|0000000138171327|0000000000129108|0000000142670347|094.96
23022026|542773|0000000000008892|0000000002794756|0000000000016407|0000000005165713|054.20
23022026|542774|0000000000002898|0000000000338777|0000000000009022|0000000001053914|032.12
23022026|542801|0000000000024000|0000000002685600|0000000000035000|0000000003757000|068.57
23022026|542802|0000000000114076|0000000000216745|0000000000163551|0000000000308503|069.75
23022026|542803|0000000000016035|0000000000708266|0000000000043874|0000000001946538|036.55
23022026|542812|0000000000000640|0000000002237792|0000000000001544|0000000005318585|041.45
23022026|542830|0000000000111018|0000000071051520|0000000000238877|0000000153319313|046.47
23022026|542850|0000000000128000|0000000001024000|0000000000144000|0000000001168920|088.89
23022026|542851|0000000000000766|0000000000019372|0000000000000766|0000000000019372|100.00
23022026|542852|0000000000007134|0000000000040094|0000000000008223|0000000000046380|086.76
23022026|542857|0000000000201324|0000000043053138|0000000000201613|0000000042944232|099.86
23022026|542862|0000000000051680|0000000001260614|0000000000051680|0000000001260614|100.00
23022026|542863|0000000000001038|0000000000065446|0000000000001316|0000000000082411|078.88
23022026|542865|0000000000006236|0000000000078948|0000000000011113|0000000000142993|056.11
23022026|542866|0000000000001144|0000000000199743|0000000000001144|0000000000199742|100.00
23022026|542867|0000000000011236|0000000004263501|0000000000024993|0000000009574436|044.96
23022026|542904|0000000000204578|0000000012620417|0000000000503693|0000000031224241|040.62
23022026|542905|0000000000002104|0000000000484867|0000000000003322|0000000000794809|063.34
23022026|542907|0000000000001730|0000000000448330|0000000000002632|0000000000681704|065.73
23022026|542911|0000000000000003|0000000000002560|0000000000000003|0000000000002642|100.00
23022026|542918|0000000000007294|0000000000063879|0000000000007294|0000000000063879|100.00
23022026|542919|0000000000003369|0000000000810582|0000000000005108|0000000001232108|065.96
23022026|542920|0000000000008101|0000000003337207|0000000000013643|0000000005608865|059.38
23022026|542921|0000000000015027|0000000000339911|0000000000016743|0000000000378720|089.75
23022026|542922|0000000000000799|0000000000572452|0000000000001001|0000000000715760|079.82
23022026|542933|0000000000001849|0000000000694197|0000000000001849|0000000000694197|100.00
23022026|542938|0000000000000001|0000000000000046|0000000000000001|0000000000000045|100.00
23022026|543064|0000000000057057|0000000017938721|0000000000248842|0000000079744195|022.93
23022026|543066|0000000000019416|0000000015222144|0000000000038981|0000000030673634|049.81
23022026|543071|0000000000001122|0000000000017919|0000000000001274|0000000000018640|088.07
23022026|543079|0000000000000007|0000000000000037|0000000000000009|0000000000000048|077.78
23022026|543092|0000000000000203|0000000000001756|0000000000000203|0000000000001757|100.00
23022026|543099|0000000000000253|0000000000013662|0000000000000257|0000000000015741|098.44
23022026|543108|0000000000000002|0000000000000287|0000000000000002|0000000000000286|100.00
23022026|543110|0000000000000011|0000000000000076|0000000000000012|0000000000000082|091.67
23022026|543144|0000000000001560|0000000000009298|0000000000002108|0000000000011968|074.00
23022026|543150|0000000000006262|0000000000018599|0000000000010103|0000000000029408|061.98
23022026|543153|0000000000000965|0000000000025805|0000000000000965|0000000000025893|100.00
23022026|543161|0000000000000060|0000000000007320|0000000000000104|0000000000013159|057.69
23022026|543165|0000000000000023|0000000000003450|0000000000000024|0000000000003599|095.83
23022026|543167|0000000000000419|0000000000001086|0000000000000421|0000000000001053|099.52
23022026|543171|0000000000066697|0000000000100046|0000000000071092|0000000000107176|093.82
23022026|543172|0000000000000750|0000000000674875|0000000000000750|0000000000674875|100.00
23022026|543173|0000000000001341|0000000000016964|0000000000001647|0000000000020886|081.42
23022026|543174|0000000000005967|0000000000016052|0000000000008711|0000000000023144|068.50
23022026|543175|0000000000011952|0000000000046733|0000000000012181|0000000000048158|098.12
23022026|543176|0000000000000042|0000000000002481|0000000000000042|0000000000002642|100.00
23022026|543177|0000000000000212|0000000000001807|0000000000000272|0000000000002275|077.94
23022026|543178|0000000000000009|0000000000000303|0000000000000010|0000000000000392|090.00
23022026|543182|0000000000000244|0000000000009026|0000000000000252|0000000000009362|096.83
23022026|543184|0000000000000359|0000000000011593|0000000000000387|0000000000010472|092.76
23022026|543186|0000000000001514|0000000000008237|0000000000002114|0000000000011260|071.62
23022026|543187|0000000000002941|0000000071316604|0000000000009157|0000000221070391|032.12
23022026|543193|0000000000000173|0000000000015778|0000000000000173|0000000000015778|100.00
23022026|543207|0000000000033178|0000000000133376|0000000000035988|0000000000145917|092.19
23022026|543208|0000000000044305|0000000000114307|0000000000145263|0000000000369955|030.50
23022026|543209|0000000000003000|0000000000077760|0000000000003000|0000000000077760|100.00
23022026|543210|0000000000000574|0000000000232844|0000000000000986|0000000000400715|058.22
23022026|543211|0000000000005244|0000000000247016|0000000000005244|0000000000247016|100.00
23022026|543212|0000000000002431|0000000000606413|0000000000003797|0000000000957354|064.02
23022026|543213|0000000000000830|0000000000421682|0000000000001206|0000000000611512|068.82
23022026|543214|0000000000000428|0000000000337906|0000000000000596|0000000000470456|071.81
23022026|543216|0000000000000018|0000000000025296|0000000000000018|0000000000025295|100.00
23022026|543217|0000000000004058|0000000001989151|0000000000005520|0000000002723107|073.51
23022026|543218|0000000000000132|0000000000003912|0000000000000132|0000000000004074|100.00
23022026|543219|0000000000012762|0000000000363462|0000000000017665|0000000000502712|072.24
23022026|543220|0000000000033144|0000000035901581|0000000000069545|0000000075863287|047.66
23022026|543221|0000000000057845|0000000002013006|0000000000064212|0000000002241679|090.08
23022026|543223|0000000000007019|0000000001116723|0000000000007266|0000000001159198|096.60
23022026|543224|0000000000002337|0000000000146671|0000000000002468|0000000000154365|094.69
23022026|543226|0000000000000264|0000000000016693|0000000000000355|0000000000022445|074.37
23022026|543227|0000000000021113|0000000007738971|0000000000051159|0000000019179902|041.27
23022026|543228|0000000000004626|0000000002362961|0000000000007871|0000000004032699|058.77
23022026|543229|0000000000000031|0000000000006954|0000000000000053|0000000000011999|058.49
23022026|543230|0000000000004664|0000000007951188|0000000000008078|0000000014006593|057.74
23022026|543231|0000000000000004|0000000000000310|0000000000000008|0000000000000619|050.00
23022026|543232|0000000000013507|0000000009696000|0000000000046160|0000000033175918|029.26
23022026|543233|0000000000001742|0000000000291263|0000000000002555|0000000000427314|068.18
23022026|543234|0000000000000106|0000000000011448|0000000000000106|0000000000011848|100.00
23022026|543235|0000000000012611|0000000031400129|0000000000026569|0000000066235112|047.46
23022026|543236|0000000000000375|0000000000024469|0000000000000448|0000000000029835|083.71
23022026|543237|0000000000059470|0000000135645123|0000000000118983|0000000274643402|049.98
23022026|543238|0000000000002892|0000000003125819|0000000000005478|0000000005887775|052.79
23022026|543239|0000000000002100|0000000000144900|0000000000002100|0000000000143430|100.00
23022026|543240|0000000000007249|0000000001111272|0000000000008387|0000000001293165|086.43
23022026|543241|0000000000000356|0000000000030047|0000000000000459|0000000000038934|077.56
23022026|543242|0000000000019413|0000000002780913|0000000000034372|0000000004913455|056.48
23022026|543243|0000000000061139|0000000004071858|0000000000156058|0000000010345115|039.18
23022026|543244|0000000000024000|0000000000609120|0000000000024000|0000000000629520|100.00
23022026|543245|0000000000001097|0000000001977233|0000000000001504|0000000002730181|072.94
23022026|543246|0000000000000090|0000000000003874|0000000000001060|0000000000045642|008.49
23022026|543248|0000000000369409|0000000023730835|0000000000405992|0000000025761252|090.99
23022026|543249|0000000000009577|0000000001474380|0000000000020483|0000000003171668|046.76
23022026|543250|0000000000060063|0000000003848838|0000000000060130|0000000003818301|099.89
23022026|543251|0000000000001154|0000000000046864|0000000000001345|0000000000053690|085.80
23022026|543252|0000000000000516|0000000000301860|0000000000000542|0000000000316592|095.20
23022026|543253|0000000000019945|0000000004351002|0000000000039943|0000000008686072|049.93
23022026|543254|0000000000002661|0000000001318393|0000000000003829|0000000001897581|069.50
23022026|543255|0000000000000550|0000000000550781|0000000000000648|0000000000647927|084.88
23022026|543257|0000000000653329|0000000073074849|0000000000988331|0000000110387798|066.10
23022026|543258|0000000000002419|0000000002302768|0000000000003292|0000000003130436|073.48
23022026|543259|0000000000001760|0000000002066152|0000000000003764|0000000004407397|046.76
23022026|543260|0000000000000362|0000000000179552|0000000000000834|0000000000419419|043.41
23022026|543261|0000000001402478|0000000493952752|0000000001405130|0000000496010420|099.81
23022026|543262|0000000000023000|0000000002136700|0000000000025000|0000000002311690|092.00
23022026|543263|0000000000017565|0000000001409592|0000000000028649|0000000002302382|061.31
23022026|543264|0000000000000392|0000000000113132|0000000000000401|0000000000116740|097.76
23022026|543265|0000000000042527|0000000014050921|0000000000143735|0000000047561761|029.59
23022026|543266|0000000000001083|0000000000225914|0000000000001273|0000000000268251|085.07
23022026|543267|0000000000275173|0000000001185996|0000000000354195|0000000001503199|077.69
23022026|543268|0000000000007541|0000000000122165|0000000000009779|0000000000162619|077.11
23022026|543270|0000000000008396|0000000031303647|0000000000016154|0000000059966306|051.97
23022026|543271|0000000000005219|0000000003175240|0000000000008892|0000000005405706|058.69
23022026|543272|0000000001219373|0000000011193845|0000000004586330|0000000042273161|026.59
23022026|543273|0000000000004707|0000000007343862|0000000000008007|0000000012636355|058.79
23022026|543274|0000000000157050|0000000000191538|0000000000157050|0000000000191538|100.00
23022026|543275|0000000000004952|0000000006343760|0000000000007940|0000000010146529|062.37
23022026|543276|0000000000000513|0000000004106155|0000000000001246|0000000010013906|041.17
23022026|543277|0000000000010484|0000000001423728|0000000000015168|0000000002070868|069.12
23022026|543278|0000000000070568|0000000028378922|0000000000204075|0000000082136211|034.58
23022026|543279|0000000000005946|0000000000703710|0000000000006920|0000000000829974|085.92
23022026|543280|0000000000029808|0000000008127152|0000000000052852|0000000014321393|056.40
23022026|543281|0000000000024792|0000000000073881|0000000000029067|0000000000086261|085.29
23022026|543283|0000000000004118|0000000001019205|0000000000005018|0000000001250345|082.06
23022026|543284|0000000000007400|0000000000709438|0000000000011463|0000000001105627|064.56
23022026|543285|0000000000017200|0000000000422596|0000000000017200|0000000000422596|100.00
23022026|543287|0000000000009931|0000000010661426|0000000000030890|0000000033205418|032.15
23022026|543288|0000000000001828|0000000000670602|0000000000005297|0000000001950522|034.51
23022026|543290|0000000000150470|0000000013512206|0000000000170227|0000000015289181|088.39
23022026|543291|0000000000005718|0000000000877656|0000000000005718|0000000000877655|100.00
23022026|543292|0000000000001603|0000000000240931|0000000000002063|0000000000308536|077.70
23022026|543298|0000000000010760|0000000000348840|0000000000015379|0000000000501838|069.97
23022026|543299|0000000000002501|0000000002104967|0000000000004641|0000000003918834|053.89
23022026|543300|0000000000014180|0000000007599062|0000000000030272|0000000016266443|046.84
23022026|543306|0000000000000228|0000000000265620|0000000000000359|0000000000420651|063.51
23022026|543308|0000000000023926|0000000017171691|0000000000041189|0000000029406943|058.09
23022026|543311|0000000000004961|0000000000783590|0000000000011164|0000000001781505|044.44
23022026|543312|0000000000002133|0000000000266625|0000000000002133|0000000000266625|100.00
23022026|543317|0000000000000545|0000000000531784|0000000000001382|0000000001319830|039.44
23022026|543318|0000000000005442|0000000003964225|0000000000011550|0000000008344363|047.12
23022026|543320|0000000002883219|0000000772991014|0000000003582384|0000000954404233|080.48
23022026|543321|0000000000001715|0000000002100618|0000000000002452|0000000002990325|069.94
23022026|543322|0000000000001311|0000000001188619|0000000000002656|0000000002404575|049.36
23022026|543323|0000000000003547|0000000000104353|0000000000005566|0000000000163375|063.73
23022026|543325|0000000000018240|0000000002563632|0000000000031216|0000000004373180|058.43
23022026|543326|0000000000049702|0000000002767408|0000000000057364|0000000003182850|086.64
23022026|543327|0000000000025742|0000000000177617|0000000000025742|0000000000177617|100.00
23022026|543328|0000000000000945|0000000000603430|0000000000001109|0000000000710869|085.21
23022026|543329|0000000000001022|0000000000788014|0000000000001299|0000000001000121|078.68
23022026|543330|0000000000011378|0000000001514981|0000000000023633|0000000003147186|048.14
23022026|543331|0000000000038283|0000000001961239|0000000000051762|0000000002667274|073.96
23022026|543332|0000000000001446|0000000001391775|0000000000002971|0000000002808947|048.67
23022026|543333|0000000000010029|0000000020065522|0000000000018770|0000000037513819|053.43
23022026|543334|0000000001082552|0000000361301730|0000000001085963|0000000365144230|099.69
23022026|543335|0000000000066483|0000000016201908|0000000000134632|0000000032985344|049.38
23022026|543336|0000000000006328|0000000001724697|0000000000007758|0000000002148005|081.57
23022026|543341|0000000000007859|0000000000084328|0000000000010351|0000000000109035|075.92
23022026|543347|0000000000000129|0000000000044595|0000000000000134|0000000000046800|096.27
23022026|543348|0000000000000087|0000000000012890|0000000000000112|0000000000016563|077.68
23022026|543349|0000000000009198|0000000019740288|0000000000018655|0000000039919205|049.31
23022026|543350|0000000000001738|0000000001761811|0000000000003211|0000000003254670|054.13
23022026|543351|0000000000014400|0000000001436400|0000000000015600|0000000001556160|092.31
23022026|543358|0000000000090385|0000000210872725|0000000000102003|0000000235326410|088.61
23022026|543363|0000000000000400|0000000000186800|0000000000000400|0000000000186410|100.00
23022026|543364|0000000000008414|0000000001352551|0000000000020768|0000000003357000|040.51
23022026|543365|0000000000001969|0000000000137220|0000000000002041|0000000000142215|096.47
23022026|543367|0000000000011034|0000000007047968|0000000000020280|0000000012935843|054.41
23022026|543373|0000000000009000|0000000002491650|0000000000020500|0000000005321700|043.90
23022026|543374|0000000000018804|0000000017271474|0000000000046115|0000000042424583|040.78
23022026|543375|0000000000007500|0000000000129750|0000000000007500|0000000000128500|100.00
23022026|543376|0000000000000001|0000000000000073|0000000000000001|0000000000000073|100.00
23022026|543378|0000000000005000|0000000001417500|0000000000006000|0000000001733925|083.33
23022026|543383|0000000000000666|0000000000080760|0000000000001324|0000000000160348|050.30
23022026|543384|0000000000039938|0000000010651465|0000000000081537|0000000021719133|048.98
23022026|543386|0000000000004480|0000000000950208|0000000000007521|0000000001603913|059.57
23022026|543387|0000000000001399|0000000002555624|0000000000002532|0000000004648332|055.25
23022026|543388|0000000000000104|0000000000035979|0000000000000205|0000000000071130|050.73
23022026|543389|0000000000066436|0000000001403129|0000000000132419|0000000002857536|050.17
23022026|543390|0000000000021059|0000000031515847|0000000000046485|0000000071013720|045.30
23022026|543391|0000000000002250|0000000000267750|0000000000002250|0000000000267750|100.00
23022026|543396|0000000000034475|0000000040509849|0000000000084691|0000000099170233|040.71
23022026|543397|0000000000006839|0000000001500477|0000000000011974|0000000002623307|057.12
23022026|543398|0000000000011858|0000000004153265|0000000000022416|0000000008002823|052.90
23022026|543399|0000000000001958|0000000000374762|0000000000002931|0000000000567317|066.80
23022026|543400|0000000000020000|0000000000092400|0000000000022000|0000000000095040|090.91
23022026|543401|0000000000002093|0000000000684725|0000000000004503|0000000001491558|046.48
23022026|543410|0000000000007800|0000000000298350|0000000000009750|0000000000366756|080.00
23022026|543411|0000000000011727|0000000001016614|0000000000027980|0000000002439397|041.91
23022026|543412|0000000000006365|0000000002925036|0000000000012776|0000000005859474|049.82
23022026|543413|0000000000001424|0000000002457255|0000000000002978|0000000005076391|047.82
23022026|543414|0000000000052954|0000000001323321|0000000000061109|0000000001524743|086.65
23022026|543415|0000000000003118|0000000009560412|0000000000005058|0000000015450638|061.64
23022026|543416|0000000000000967|0000000000244942|0000000000001271|0000000000323046|076.08
23022026|543417|0000000000005145|0000000002756949|0000000000012470|0000000006711631|041.26
23022026|543418|0000000000000003|0000000000003944|0000000000000003|0000000000003951|100.00
23022026|543419|0000000000008113|0000000000659993|0000000000013524|0000000001108155|059.99
23022026|543420|0000000000032644|0000000000598843|0000000000032644|0000000000598843|100.00
23022026|543425|0000000000002230|0000000002484666|0000000000006030|0000000006639893|036.98
23022026|543426|0000000000002155|0000000002258225|0000000000003367|0000000003524470|064.00
23022026|543427|0000000000053633|0000000044847915|0000000000056084|0000000046802289|095.63
23022026|543428|0000000000022987|0000000070367805|0000000000057398|0000000174860208|040.05
23022026|543433|0000000000001425|0000000000053438|0000000000001534|0000000000057185|092.89
23022026|543434|0000000000002841|0000000001901624|0000000000003938|0000000002645200|072.14
23022026|543437|0000000000001495|0000000000147991|0000000000002099|0000000000207965|071.22
23022026|543440|0000000000000148|0000000000039786|0000000000000151|0000000000040576|098.01
23022026|543441|0000000000006487|0000000002042757|0000000000010177|0000000003202857|063.74
23022026|543442|0000000000000066|0000000000017622|0000000000000074|0000000000019897|089.19
23022026|543449|0000000000001683|0000000000237977|0000000000001953|0000000000276662|086.18
23022026|543450|0000000000020363|0000000000589102|0000000000030796|0000000000890273|066.12
23022026|543451|0000000000011545|0000000000042506|0000000000011545|0000000000042506|100.00
23022026|543452|0000000000468390|0000000122160796|0000000000974646|0000000255561959|048.06
23022026|543453|0000000000009000|0000000000648000|0000000000013500|0000000000948262|066.67
23022026|543454|0000000000001191|0000000000189143|0000000000001489|0000000000235814|079.99
23022026|543458|0000000000071515|0000000013999062|0000000000102715|0000000020256211|069.62
23022026|543462|0000000000009144|0000000000231892|0000000000011494|0000000000296864|079.55
23022026|543463|0000000000006607|0000000002784190|0000000000013341|0000000005710938|049.52
23022026|543464|0000000000008000|0000000001706850|0000000000008000|0000000001706850|100.00
23022026|543465|0000000000000922|0000000000058796|0000000000001037|0000000000066165|088.91
23022026|543470|0000000000000900|0000000000258300|0000000000000900|0000000000258300|100.00
23022026|543471|0000000000137882|0000000035936186|0000000000298068|0000000078189683|046.26
23022026|543472|0000000000022257|0000000000761190|0000000000022878|0000000000779084|097.29
23022026|543473|0000000000005573|0000000000084710|0000000000006246|0000000000094421|089.23
23022026|543474|0000000000057356|0000000001717813|0000000000059603|0000000001783833|096.23
23022026|543480|0000000000010001|0000000000643565|0000000000012096|0000000000778638|082.68
23022026|543481|0000000000171697|0000000003823693|0000000000273862|0000000006102721|062.69
23022026|543482|0000000000003893|0000000001953508|0000000000006652|0000000003344695|058.52
23022026|543489|0000000000056385|0000000003404527|0000000000120523|0000000007446293|046.78
23022026|543490|0000000000051572|0000000006041660|0000000000128976|0000000014959235|039.99
23022026|543498|0000000000608055|0000000027125334|0000000000905584|0000000040012891|067.14
23022026|543499|0000000000183018|0000000000968166|0000000000369391|0000000002009739|049.55
23022026|543500|0000000000028000|0000000000089320|0000000000032000|0000000000100160|087.50
23022026|543501|0000000000000001|0000000000000040|0000000000000001|0000000000000039|100.00
23022026|543512|0000000000000295|0000000000036908|0000000000000295|0000000000036908|100.00
23022026|543513|0000000000007200|0000000000208800|0000000000007939|0000000000237013|090.69
23022026|543514|0000000000003194|0000000000591689|0000000000004811|0000000000906116|066.39
23022026|543515|0000000000138375|0000000013498482|0000000000223875|0000000022056393|061.81
23022026|543516|0000000000030800|0000000000242928|0000000000030800|0000000000242928|100.00
23022026|543517|0000000000002070|0000000000769316|0000000000004347|0000000001621258|047.62
23022026|543518|0000000000003000|0000000000090000|0000000000003000|0000000000090000|100.00
23022026|543519|0000000000001500|0000000000151140|0000000000001500|0000000000151140|100.00
23022026|543520|0000000000104000|0000000001735790|0000000000104000|0000000001735790|100.00
23022026|543522|0000000000000750|0000000000087000|0000000000000750|0000000000087000|100.00
23022026|543523|0000000000006186|0000000001664034|0000000000008298|0000000002218357|074.55
23022026|543524|0000000000001338|0000000001627677|0000000000003029|0000000003659336|044.17
23022026|543525|0000000000003577|0000000005201674|0000000000011108|0000000015861974|032.20
23022026|543526|0000000000019281|0000000017027052|0000000000040653|0000000035838443|047.43
23022026|543527|0000000000033464|0000000085626010|0000000000033759|0000000086523989|099.13
23022026|543528|0000000000003099|0000000003360711|0000000000006379|0000000006913236|048.58
23022026|543529|0000000000041187|0000000017877218|0000000000067910|0000000029419549|060.65
23022026|543530|0000000000070986|0000000008340855|0000000000208602|0000000024533860|034.03
23022026|543531|0000000000003477|0000000000152258|0000000000003477|0000000000152258|100.00
23022026|543532|0000000000000174|0000000000425987|0000000000000302|0000000000746471|057.62
23022026|543533|0000000000002454|0000000001139515|0000000000004434|0000000002062591|055.34
23022026|543534|0000000000004453|0000000004304270|0000000000009286|0000000009023701|047.95
23022026|543535|0000000000000075|0000000000003039|0000000000000075|0000000000003038|100.00
23022026|543538|0000000000006000|0000000000075600|0000000000006000|0000000000075700|100.00
23022026|543539|0000000000000009|0000000000002886|0000000000000009|0000000000002885|100.00
23022026|543540|0000000000028200|0000000002821410|0000000000030000|0000000003005580|094.00
23022026|543542|0000000000003000|0000000003638850|0000000000014200|0000000016802480|021.13
23022026|543543|0000000000000400|0000000000295600|0000000000000400|0000000000295600|100.00
23022026|543544|0000000000000750|0000000000049200|0000000000001500|0000000000098325|050.00
23022026|543545|0000000000016700|0000000000010855|0000000000016700|0000000000010855|100.00
23022026|543547|0000000000001356|0000000000380494|0000000000001994|0000000000558008|068.00
23022026|543563|0000000000000655|0000000000028729|0000000000000728|0000000000032103|089.97
23022026|543568|0000000000033733|0000000001084854|0000000000056190|0000000001811001|060.03
23022026|543569|0000000000000131|0000000000003522|0000000000000231|0000000000006263|056.71
23022026|543570|0000000000000140|0000000000009912|0000000000000146|0000000000010312|095.89
23022026|543571|0000000000005119|0000000000510621|0000000000008584|0000000000854499|059.63
23022026|543572|0000000000013109|0000000003310810|0000000000020362|0000000005169063|064.38
23022026|543573|0000000000010722|0000000009019347|0000000000032286|0000000027377082|033.21
23022026|543574|0000000000000835|0000000000017978|0000000000000841|0000000000017884|099.29
23022026|543575|0000000000000608|0000000000019456|0000000000000865|0000000000027575|070.29
23022026|543576|0000000000009120|0000000001137994|0000000000011848|0000000001475697|076.98
23022026|543590|0000000000052404|0000000001370889|0000000000077721|0000000002033985|067.43
23022026|543591|0000000000003385|0000000000285830|0000000000004507|0000000000382950|075.11
23022026|543592|0000000000349351|0000000087704569|0000000000841575|0000000212021811|041.51
23022026|543593|0000000000019382|0000000002040925|0000000000024831|0000000002552888|078.06
23022026|543594|0000000000006000|0000000000060000|0000000000006000|0000000000060870|100.00
23022026|543596|0000000000020471|0000000014275452|0000000000035253|0000000024848038|058.07
23022026|543597|0000000000032500|0000000012176125|0000000000042000|0000000015809050|077.38
23022026|543599|0000000000003582|0000000001123137|0000000000005394|0000000001690158|066.41
23022026|543600|0000000000001410|0000000000519656|0000000000001973|0000000000733415|071.46
23022026|543605|0000000000000000|0000000000000000|0000000000000004|0000000000000231|000.00
23022026|543606|0000000000012000|0000000000183600|0000000000019000|0000000000296920|063.16
23022026|543607|0000000000000381|0000000000045884|0000000000000629|0000000000075565|060.57
23022026|543608|0000000000000220|0000000000030341|0000000000000220|0000000000030339|100.00
23022026|543613|0000000000004000|0000000000028000|0000000000004000|0000000000028000|100.00
23022026|543614|0000000000000072|0000000000028559|0000000000000077|0000000000030581|093.51
23022026|543615|0000000000011200|0000000000907200|0000000000015200|0000000001241456|073.68
23022026|543616|0000000000006000|0000000001524000|0000000000009000|0000000002340930|066.67
23022026|543619|0000000000002200|0000000005723600|0000000000002200|0000000005723600|100.00
23022026|543620|0000000000136000|0000000015878000|0000000000211500|0000000025278300|064.30
23022026|543626|0000000000022327|0000000002286732|0000000000036737|0000000003785780|060.78
23022026|543627|0000000000010019|0000000000213606|0000000000010274|0000000000217507|097.52
23022026|543628|0000000000000764|0000000000024380|0000000000000961|0000000000030715|079.50
23022026|543635|0000000000023711|0000000003845925|0000000000065784|0000000010650907|036.04
23022026|543636|0000000000000313|0000000000085324|0000000000000419|0000000000114681|074.70
23022026|543637|0000000000014400|0000000000236016|0000000000015600|0000000000258156|092.31
23022026|543638|0000000000010300|0000000000334750|0000000000013743|0000000000445326|074.95
23022026|543643|0000000000004025|0000000000131940|0000000000005320|0000000000173688|075.66
23022026|543644|0000000000003744|0000000003318120|0000000000008773|0000000007788088|042.68
23022026|543645|0000000000000009|0000000000001143|0000000000000010|0000000000001273|090.00
23022026|543650|0000000000009874|0000000001740293|0000000000022252|0000000003936798|044.37
23022026|543651|0000000000008000|0000000000136000|0000000000008000|0000000000134400|100.00
23022026|543652|0000000000014159|0000000002603133|0000000000018435|0000000003342369|076.80
23022026|543653|0000000000002235|0000000001406262|0000000000004171|0000000002629860|053.58
23022026|543654|0000000000008867|0000000010335819|0000000000012822|0000000014828795|069.15
23022026|543656|0000000000004000|0000000000054000|0000000000004000|0000000000054000|100.00
23022026|543657|0000000000002767|0000000001556438|0000000000003646|0000000002057529|075.89
23022026|543663|0000000000027110|0000000011803694|0000000000038963|0000000017057232|069.58
23022026|543664|0000000000017412|0000000066130776|0000000000051830|0000000198676626|033.59
23022026|543665|0000000000006681|0000000000224081|0000000000012774|0000000000427716|052.30
23022026|543666|0000000000001259|0000000000036977|0000000000001476|0000000000043379|085.30
23022026|543667|0000000000046251|0000000008156364|0000000000079170|0000000014053804|058.42
23022026|543668|0000000000000361|0000000000067002|0000000000000361|0000000000067001|100.00
23022026|543669|0000000000000740|0000000000333407|0000000000000836|0000000000378809|088.52
23022026|543670|0000000000067181|0000000000075915|0000000000096487|0000000000110080|069.63
23022026|543671|0000000000001196|0000000000126776|0000000000001196|0000000000126776|100.00
23022026|543677|0000000000025906|0000000000846090|0000000000039902|0000000001302801|064.92
23022026|543686|0000000000007500|0000000003513375|0000000000010870|0000000005112777|069.00
23022026|543687|0000000000000993|0000000000232909|0000000000001173|0000000000275385|084.65
23022026|543688|0000000000162336|0000000000641228|0000000000235269|0000000000928382|069.00
23022026|543689|0000000000001410|0000000000680537|0000000000002269|0000000001089977|062.14
23022026|543699|0000000000000006|0000000000007642|0000000000000010|0000000000012776|060.00
23022026|543709|0000000000007250|0000000006417837|0000000000007250|0000000006417837|100.00
23022026|543710|0000000000001077|0000000000108013|0000000000002185|0000000000219441|049.29
23022026|543711|0000000000009109|0000000001595897|0000000000014766|0000000002612180|061.69
23022026|543712|0000000000001442|0000000000294313|0000000000001488|0000000000308141|096.91
23022026|543713|0000000000021000|0000000000726180|0000000000032000|0000000001105850|065.62
23022026|543714|0000000000001068|0000000000460896|0000000000001871|0000000000796265|057.08
23022026|543720|0000000000010558|0000000010661997|0000000000023478|0000000023842056|044.97
23022026|543725|0000000000002342|0000000000311486|0000000000002552|0000000000341578|091.77
23022026|543732|0000000000005973|0000000000227512|0000000000009100|0000000000349412|065.64
23022026|543737|0000000000000007|0000000000003672|0000000000000008|0000000000004260|087.50
23022026|543738|0000000000000023|0000000000001430|0000000000000023|0000000000001429|100.00
23022026|543745|0000000000012000|0000000000158400|0000000000018000|0000000000230460|066.67
23022026|543746|0000000000003000|0000000000635400|0000000000007800|0000000001655700|038.46
23022026|543747|0000000000082027|0000000000366661|0000000000100456|0000000000449448|081.65
23022026|543748|0000000000004602|0000000003165716|0000000000007945|0000000005514439|057.92
23022026|543754|0000000000001600|0000000000176000|0000000000001600|0000000000176000|100.00
23022026|543766|0000000000008845|0000000003273977|0000000000058881|0000000021762897|015.02
23022026|543767|0000000000016475|0000000000118456|0000000000017175|0000000000124929|095.92
23022026|543768|0000000000100560|0000000003904745|0000000000169236|0000000006577228|059.42
23022026|543769|0000000000004000|0000000000036000|0000000000004000|0000000000036000|100.00
23022026|543774|0000000000000078|0000000000002942|0000000000000088|0000000000003332|088.64
23022026|543775|0000000000025915|0000000004177758|0000000000057384|0000000009256147|045.16
23022026|543776|0000000000011650|0000000000257698|0000000000016473|0000000000363730|070.72
23022026|543781|0000000000053296|0000000008132437|0000000000088875|0000000013563373|059.97
23022026|543782|0000000000003600|0000000001340100|0000000000003780|0000000001431216|095.24
23022026|543787|0000000000000900|0000000000775755|0000000000001500|0000000001285657|060.00
23022026|543798|0000000000016000|0000000000037280|0000000000016000|0000000000037560|100.00
23022026|543804|0000000000012000|0000000000210000|0000000000012000|0000000000210000|100.00
23022026|543805|0000000000009000|0000000000532800|0000000000010500|0000000000618345|085.71
23022026|543806|0000000000001200|0000000000455760|0000000000008400|0000000003198720|014.29
23022026|543811|0000000000003987|0000000000068378|0000000000004138|0000000000071921|096.35
23022026|543812|0000000000001433|0000000001097965|0000000000001956|0000000001518844|073.26
23022026|543813|0000000000000071|0000000000071000|0000000000000071|0000000000070999|100.00
23022026|543814|0000000000018000|0000000001150740|0000000000024000|0000000001485500|075.00
23022026|543819|0000000000005303|0000000000526111|0000000000008844|0000000000875316|059.96
23022026|543828|0000000000172000|0000000004614760|0000000000188000|0000000005015600|091.49
23022026|543829|0000000000000503|0000000000044045|0000000000000503|0000000000044045|100.00
23022026|543830|0000000000004000|0000000000224000|0000000000004000|0000000000224000|100.00
23022026|543831|0000000000000375|0000000000155625|0000000000000375|0000000000155625|100.00
23022026|543848|0000000000002000|0000000000183200|0000000000002000|0000000000183200|100.00
23022026|543853|0000000000000060|0000000000005148|0000000000000061|0000000000005252|098.36
23022026|543860|0000000000000240|0000000000024304|0000000000000240|0000000000024304|100.00
23022026|543861|0000000000028464|0000000000838265|0000000000043621|0000000001274513|065.25
23022026|543874|0000000000022000|0000000001897280|0000000000027000|0000000002329460|081.48
23022026|543895|0000000000024750|0000000013921875|0000000000042250|0000000023504037|058.58
23022026|543896|0000000000003121|0000000003076838|0000000000006078|0000000006102018|051.35
23022026|543897|0000000000004500|0000000000894375|0000000000004500|0000000000894375|100.00
23022026|543898|0000000000000523|0000000000097828|0000000000000526|0000000000098422|099.43
23022026|543900|0000000000056981|0000000014412775|0000000000124786|0000000031757390|045.66
23022026|543901|0000000000001786|0000000000336929|0000000000001864|0000000000348866|095.82
23022026|543902|0000000000010000|0000000000596500|0000000000012000|0000000000684100|083.33
23022026|543903|0000000000003980|0000000000608463|0000000000007124|0000000001088825|055.87
23022026|543904|0000000000005453|0000000011157929|0000000000010367|0000000021064179|052.60
23022026|543910|0000000000004623|0000000000608156|0000000000004794|0000000000631936|096.43
23022026|543911|0000000000473473|0000000011997806|0000000000966905|0000000024425660|048.97
23022026|543912|0000000000003667|0000000000404471|0000000000004799|0000000000528122|076.41
23022026|543913|0000000000130981|0000000021131165|0000000000131754|0000000021308361|099.41
23022026|543914|0000000000008279|0000000000250192|0000000000009504|0000000000282454|087.11
23022026|543915|0000000000009990|0000000000232867|0000000000010847|0000000000257227|092.10
23022026|543916|0000000000005200|0000000001547000|0000000000008000|0000000002355480|065.00
23022026|543917|0000000000022711|0000000000902990|0000000000042477|0000000001707019|053.47
23022026|543918|0000000000005211|0000000000421154|0000000000009167|0000000000741868|056.85
23022026|543919|0000000000009275|0000000000047859|0000000000010932|0000000000057771|084.84
23022026|543920|0000000000014200|0000000007696400|0000000000021800|0000000011830330|065.14
23022026|543922|0000000000017798|0000000004535465|0000000000029423|0000000007561636|060.49
23022026|543923|0000000000001671|0000000000245387|0000000000002674|0000000000389377|062.49
23022026|543924|0000000000006000|0000000000390000|0000000000008000|0000000000521720|075.00
23022026|543926|0000000000020400|0000000020046260|0000000000020400|0000000020046260|100.00
23022026|543927|0000000000000029|0000000000001068|0000000000000036|0000000000001306|080.56
23022026|543928|0000000000003900|0000000004083495|0000000000004600|0000000004841510|084.78
23022026|543929|0000000000004201|0000000000117544|0000000000004793|0000000000130797|087.65
23022026|543930|0000000000000727|0000000000109123|0000000000000865|0000000000136522|084.05
23022026|543931|0000000000083400|0000000022684800|0000000000094400|0000000025777540|088.35
23022026|543932|0000000000004968|0000000002040358|0000000000008204|0000000003391855|060.56
23022026|543933|0000000000012308|0000000004026563|0000000000016050|0000000005273786|076.69
23022026|543934|0000000000000088|0000000000028924|0000000000000088|0000000000028924|100.00
23022026|543935|0000000000000621|0000000000020810|0000000000000621|0000000000020752|100.00
23022026|543936|0000000000012965|0000000004274561|0000000000035508|0000000011615792|036.51
23022026|543937|0000000000000600|0000000000098400|0000000000000600|0000000000098400|100.00
23022026|543938|0000000000024320|0000000004683808|0000000000024320|0000000004683808|100.00
23022026|543939|0000000000005000|0000000000955000|0000000000009500|0000000001832750|052.63
23022026|543940|0000000000423891|0000000109279100|0000000000681710|0000000175935044|062.18
23022026|543941|0000000000001200|0000000000095988|0000000000002000|0000000000150804|060.00
23022026|543942|0000000000157489|0000000002196972|0000000000487394|0000000006811504|032.31
23022026|543943|0000000000011000|0000000001811700|0000000000018000|0000000003024050|061.11
23022026|543944|0000000000000050|0000000000031087|0000000000000092|0000000000057048|054.35
23022026|543945|0000000000107589|0000000381914053|0000000000347214|0000001249474269|030.99
23022026|543946|0000000000077119|0000000077119000|0000000000077119|0000000077119000|100.00
23022026|543948|0000000000001257|0000000000124054|0000000000002061|0000000000202844|060.99
23022026|543950|0000000000007369|0000000005325577|0000000000014797|0000000010697193|049.80
23022026|543952|0000000000000809|0000000000287721|0000000000001056|0000000000372752|076.61
23022026|543953|0000000000003000|0000000002320200|0000000000020250|0000000015673675|014.81
23022026|543954|0000000000029310|0000000000757371|0000000000029892|0000000000771801|098.05
23022026|543955|0000000000001161|0000000000027574|0000000000001161|0000000000027349|100.00
23022026|543956|0000000000001216|0000000000025536|0000000000002431|0000000000051032|050.02
23022026|543957|0000000000007692|0000000000957270|0000000000014008|0000000001754387|054.91
23022026|543958|0000000000287154|0000000004789729|0000000000699710|0000000012252302|041.04
23022026|543959|0000000000066585|0000000006468067|0000000000105855|0000000010230957|062.90
23022026|543960|0000000000002863|0000000003146724|0000000000006087|0000000006714714|047.03
23022026|543962|0000000000000335|0000000000052746|0000000000000368|0000000000058736|091.03
23022026|543963|0000000000045000|0000000001684800|0000000000051000|0000000001937430|088.24
23022026|543965|0000000000075244|0000000008826874|0000000000107679|0000000012851973|069.88
23022026|543969|0000000000000271|0000000000040732|0000000000000297|0000000000044748|091.25
23022026|543970|0000000000001500|0000000000083325|0000000000001500|0000000000083325|100.00
23022026|543971|0000000000060400|0000000019699460|0000000000104600|0000000034097980|057.74
23022026|543972|0000000000040279|0000000008853325|0000000000112356|0000000024999554|035.85
23022026|543973|0000000000000043|0000000000045125|0000000000000043|0000000000045124|100.00
23022026|543974|0000000000041891|0000000001863731|0000000000090630|0000000004199731|046.22
23022026|543975|0000000000000050|0000000000011023|0000000000000050|0000000000011022|100.00
23022026|543976|0000000000008577|0000000000232523|0000000000011246|0000000000306925|076.27
23022026|543977|0000000000000692|0000000000298841|0000000000001246|0000000000540366|055.54
23022026|543978|0000000000088048|0000000014017242|0000000000139558|0000000022618876|063.09
23022026|543980|0000000000000188|0000000000231936|0000000000000217|0000000000264388|086.64
23022026|543981|0000000000009943|0000000014414368|0000000000016618|0000000024094547|059.83
23022026|543982|0000000000025200|0000000004779180|0000000000025400|0000000004815210|099.21
23022026|543983|0000000000007078|0000000002197012|0000000000011309|0000000003554937|062.59
23022026|543984|0000000000106174|0000000017545254|0000000000112498|0000000018585729|094.38
23022026|543985|0000000000020216|0000000004757836|0000000000047239|0000000011150046|042.80
23022026|543986|0000000000007683|0000000001426200|0000000000007683|0000000001426200|100.00
23022026|543988|0000000000036036|0000000045535090|0000000000051733|0000000065975284|069.66
23022026|543989|0000000000006824|0000000000771795|0000000000010667|0000000001209663|063.97
23022026|543990|0000000000005398|0000000005318920|0000000000021638|0000000021150687|024.95
23022026|543991|0000000000001200|0000000000150000|0000000000001200|0000000000152300|100.00
23022026|543992|0000000000018117|0000000002593449|0000000000038447|0000000005580326|047.12
23022026|543993|0000000000003383|0000000000633089|0000000000003383|0000000000633089|100.00
23022026|543994|0000000000059912|0000000015502230|0000000000114814|0000000029510931|052.18
23022026|543995|0000000000004108|0000000000656459|0000000000004903|0000000000781606|083.79
23022026|543996|0000000000003613|0000000000579345|0000000000005610|0000000000916479|064.40
23022026|543997|0000000000001200|0000000000282000|0000000000007800|0000000001868940|015.38
23022026|543998|0000000000000737|0000000000043999|0000000000000946|0000000000055130|077.91
23022026|543999|0000000000000345|0000000000029429|0000000000000578|0000000000049359|059.69
23022026|544001|0000000000021500|0000000019028575|0000000000031625|0000000027904712|067.98
23022026|544003|0000000000001158|0000000000045162|0000000000001277|0000000000049866|090.68
23022026|544004|0000000000000465|0000000000109857|0000000000000629|0000000000148751|073.93
23022026|544006|0000000000082683|0000000002745076|0000000000095503|0000000003183095|086.58
23022026|544007|0000000000050642|0000000001295929|0000000000051252|0000000001311513|098.81
23022026|544008|0000000000000353|0000000000145754|0000000000000371|0000000000154041|095.15
23022026|544009|0000000000060979|0000000023839741|0000000000102272|0000000039129551|059.62
23022026|544012|0000000000010136|0000000004424871|0000000000018601|0000000008219800|054.49
23022026|544014|0000000000030773|0000000009445773|0000000000063071|0000000019390821|048.79
23022026|544015|0000000000008000|0000000000424000|0000000000015000|0000000000804630|053.33
23022026|544020|0000000000011537|0000000000314499|0000000000019769|0000000000543640|058.36
23022026|544021|0000000000013625|0000000008209744|0000000000016932|0000000010239798|080.47
23022026|544022|0000000000001167|0000000000506012|0000000000002308|0000000001006813|050.56
23022026|544023|0000000000015250|0000000007174363|0000000000019000|0000000009090662|080.26
23022026|544026|0000000000484716|0000000061655876|0000000000755237|0000000095511332|064.18
23022026|544027|0000000000011982|0000000001606787|0000000000020952|0000000002817504|057.19
23022026|544028|0000000000012951|0000000007782904|0000000000045707|0000000027549424|028.33
23022026|544029|0000000000002753|0000000000393679|0000000000005509|0000000000788582|049.97
23022026|544030|0000000000001489|0000000000470748|0000000000002227|0000000000703451|066.86
23022026|544035|0000000000038400|0000000000943488|0000000000038400|0000000000954944|100.00
23022026|544036|0000000000001600|0000000000164960|0000000000001600|0000000000164960|100.00
23022026|544037|0000000000019800|0000000028526850|0000000000029100|0000000041488000|068.04
23022026|544042|0000000000002383|0000000000382234|0000000000004241|0000000000686096|056.19
23022026|544043|0000000000000188|0000000000028358|0000000000000215|0000000000032730|087.44
23022026|544044|0000000000001572|0000000001129718|0000000000003334|0000000002400584|047.15
23022026|544045|0000000000000905|0000000002080052|0000000000001372|0000000003157884|065.96
23022026|544046|0000000000001522|0000000001742538|0000000000002992|0000000003416245|050.87
23022026|544047|0000000000033000|0000000001659900|0000000000040500|0000000002034030|081.48
23022026|544053|0000000000223030|0000000003606396|0000000000363959|0000000005917469|061.28
23022026|544054|0000000000002471|0000000000529659|0000000000002791|0000000000606696|088.53
23022026|544055|0000000000004984|0000000000900858|0000000000009869|0000000001816838|050.50
23022026|544056|0000000000001600|0000000000025200|0000000000001600|0000000000025200|100.00
23022026|544057|0000000000003232|0000000004291450|0000000000006236|0000000008291166|051.83
23022026|544058|0000000000007409|0000000000637249|0000000000008679|0000000000748190|085.37
23022026|544059|0000000000006000|0000000000344400|0000000000006000|0000000000342600|100.00
23022026|544060|0000000000004138|0000000000527182|0000000000005038|0000000000651073|082.14
23022026|544061|0000000000002971|0000000005067338|0000000000006253|0000000010768274|047.51
23022026|544066|0000000000000153|0000000000207866|0000000000000221|0000000000301148|069.23
23022026|544067|0000000000000614|0000000000416876|0000000000000974|0000000000658870|063.04
23022026|544072|0000000000000800|0000000000017912|0000000000000800|0000000000017912|100.00
23022026|544074|0000000000005400|0000000000459000|0000000000006600|0000000000554394|081.82
23022026|544079|0000000000003879|0000000000083205|0000000000005908|0000000000128070|065.66
23022026|544080|0000000000000009|0000000000007455|0000000000000009|0000000000007506|100.00
23022026|544081|0000000000015754|0000000013549228|0000000000036951|0000000031800724|042.63
23022026|544082|0000000000012000|0000000000576000|0000000000016000|0000000000777980|075.00
23022026|544083|0000000000001500|0000000000097500|0000000000001500|0000000000096400|100.00
23022026|544088|0000000000001892|0000000000751408|0000000000002695|0000000001076651|070.20
23022026|544089|0000000000374626|0000000042284037|0000000000419846|0000000047386324|089.23
23022026|544090|0000000000000011|0000000000009020|0000000000000011|0000000000008649|100.00
23022026|544091|0000000000018000|0000000006210000|0000000000018000|0000000006217980|100.00
23022026|544092|0000000000000033|0000000000008638|0000000000000055|0000000000014449|060.00
23022026|544093|0000000000000005|0000000000000313|0000000000000005|0000000000000312|100.00
23022026|544094|0000000000001200|0000000000040812|0000000000001200|0000000000040812|100.00
23022026|544095|0000000000010785|0000000002650414|0000000000022814|0000000005635370|047.27
23022026|544100|0000000000025555|0000000000760262|0000000000038141|0000000001177578|067.00
23022026|544101|0000000000002400|0000000000180600|0000000000002400|0000000000180400|100.00
23022026|544104|0000000000000005|0000000000000130|0000000000000005|0000000000000130|100.00
23022026|544105|0000000000001500|0000000000143265|0000000000001500|0000000000143265|100.00
23022026|544107|0000000000003313|0000000000540682|0000000000007992|0000000001298586|041.45
23022026|544108|0000000000005400|0000000001070280|0000000000006000|0000000001180770|090.00
23022026|544109|0000000000000030|0000000000004407|0000000000000031|0000000000004553|096.77
23022026|544110|0000000000000604|0000000000060177|0000000000001213|0000000000119786|049.79
23022026|544111|0000000000003835|0000000000489155|0000000000005252|0000000000667275|073.02
23022026|544112|0000000000000185|0000000000091298|0000000000000187|0000000000092222|098.93
23022026|544117|0000000000001877|0000000000454234|0000000000002020|0000000000489029|092.92
23022026|544118|0000000000020500|0000000007760275|0000000000029264|0000000011100513|070.05
23022026|544119|0000000000001342|0000000000477820|0000000000002146|0000000000765213|062.53
23022026|544120|0000000000000771|0000000000204046|0000000000000981|0000000000258708|078.59
23022026|544122|0000000000000990|0000000001052667|0000000000001960|0000000002080917|050.51
23022026|544123|0000000000005113|0000000000303713|0000000000045675|0000000002707549|011.19
23022026|544124|0000000000000167|0000000000019222|0000000000000188|0000000000021738|088.83
23022026|544129|0000000000002430|0000000000530226|0000000000003134|0000000000693161|077.54
23022026|544130|0000000000057672|0000000002440103|0000000000096365|0000000004085726|059.85
23022026|544131|0000000000000832|0000000000104084|0000000000000997|0000000000124934|083.45
23022026|544132|0000000000464696|0000000011501226|0000000000763641|0000000018890872|060.85
23022026|544133|0000000000015101|0000000001421458|0000000000020835|0000000001977611|072.48
23022026|544134|0000000000001763|0000000000398438|0000000000002261|0000000000511437|077.97
23022026|544135|0000000000036486|0000000000838814|0000000000041771|0000000000963644|087.35
23022026|544136|0000000000000848|0000000000088701|0000000000000958|0000000000099790|088.52
23022026|544137|0000000000008122|0000000001002824|0000000000011054|0000000001370767|073.48
23022026|544138|0000000000001023|0000000000382705|0000000000001778|0000000000668752|057.54
23022026|544139|0000000000004000|0000000000160000|0000000000004000|0000000000158000|100.00
23022026|544140|0000000000003369|0000000001055508|0000000000004512|0000000001402216|074.67
23022026|544141|0000000000006400|0000000001536000|0000000000006400|0000000001537400|100.00
23022026|544142|0000000000003012|0000000000136203|0000000000005110|0000000000231221|058.94
23022026|544143|0000000000003500|0000000000630000|0000000000004500|0000000000850375|077.78
23022026|544144|0000000000003820|0000000000340553|0000000000004467|0000000000399094|085.52
23022026|544149|0000000000000356|0000000000224672|0000000000000665|0000000000421101|053.53
23022026|544150|0000000000016750|0000000006409388|0000000000031500|0000000012116075|053.17
23022026|544151|0000000000011000|0000000000775500|0000000000013000|0000000000933430|084.62
23022026|544156|0000000000006000|0000000000138000|0000000000006000|0000000000136950|100.00
23022026|544157|0000000000000500|0000000000100000|0000000000000500|0000000000100000|100.00
23022026|544158|0000000000001930|0000000000810986|0000000000003522|0000000001493085|054.80
23022026|544159|0000000000001263|0000000001407740|0000000000001681|0000000001873650|075.13
23022026|544160|0000000000008000|0000000000146640|0000000000009600|0000000000180672|083.33
23022026|544161|0000000000000256|0000000000315482|0000000000000438|0000000000541589|058.45
23022026|544162|0000000000001513|0000000002569528|0000000000002067|0000000003509888|073.20
23022026|544163|0000000000001000|0000000000091000|0000000000001000|0000000000091000|100.00
23022026|544164|0000000000004000|0000000000153160|0000000000006000|0000000000223180|066.67
23022026|544165|0000000000012000|0000000001173000|0000000000012000|0000000001173000|100.00
23022026|544166|0000000000014400|0000000001891440|0000000000019200|0000000002512800|075.00
23022026|544167|0000000000007957|0000000001949863|0000000000016990|0000000004267081|046.83
23022026|544170|0000000000570000|0000000019545300|0000000000812000|0000000028249500|070.20
23022026|544171|0000000000007200|0000000000331272|0000000000009600|0000000000443144|075.00
23022026|544172|0000000000002555|0000000001234960|0000000000004926|0000000002391882|051.87
23022026|544174|0000000000001711|0000000002285640|0000000000003276|0000000004379101|052.23
23022026|544175|0000000000004800|0000000000420624|0000000000004800|0000000000420600|100.00
23022026|544176|0000000000105514|0000000049602132|0000000000109317|0000000051396021|096.52
23022026|544177|0000000000002000|0000000000200300|0000000000002000|0000000000200300|100.00
23022026|544179|0000000000005847|0000000001973655|0000000000013814|0000000004650915|042.33
23022026|544180|0000000000013429|0000000000634655|0000000000015127|0000000000715381|088.78
23022026|544181|0000000000032689|0000000010408178|0000000000093315|0000000029426873|035.03
23022026|544183|0000000000000500|0000000000057500|0000000000000500|0000000000057500|100.00
23022026|544184|0000000000004774|0000000000525140|0000000000005371|0000000000592594|088.88
23022026|544185|0000000000001253|0000000000071284|0000000000001288|0000000000073118|097.28
23022026|544186|0000000000004717|0000000000634201|0000000000005350|0000000000715520|088.17
23022026|544187|0000000000000481|0000000000057312|0000000000000677|0000000000081017|071.05
23022026|544189|0000000000007000|0000000003061650|0000000000007000|0000000003061650|100.00
23022026|544191|0000000000117651|0000000007672160|0000000000117651|0000000007672160|100.00
23022026|544192|0000000000089809|0000000016125206|0000000000152647|0000000027723765|058.83
23022026|544193|0000000000038944|0000000000427216|0000000000041036|0000000000449437|094.90
23022026|544194|0000000000006406|0000000000070402|0000000000009840|0000000000108088|065.10
23022026|544195|0000000000002000|0000000000040380|0000000000004000|0000000000080840|050.00
23022026|544196|0000000000000017|0000000000001047|0000000000000017|0000000000001046|100.00
23022026|544197|0000000000000096|0000000000002468|0000000000000596|0000000000014615|016.11
23022026|544198|0000000001065489|0000000272925008|0000000003008410|0000000786654840|035.42
23022026|544199|0000000000004800|0000000000225600|0000000000006400|0000000000301280|075.00
23022026|544200|0000000000808737|0000000005701596|0000000001436180|0000000009962860|056.31
23022026|544201|0000000000006000|0000000000080760|0000000000008000|0000000000107680|075.00
23022026|544202|0000000000003359|0000000000583291|0000000000005146|0000000000901222|065.27
23022026|544203|0000000000008497|0000000004259971|0000000000015399|0000000007736290|055.18
23022026|544204|0000000000000417|0000000000053793|0000000000000493|0000000000064054|084.58
23022026|544205|0000000000001887|0000000000770180|0000000000002305|0000000000950892|081.87
23022026|544206|0000000000162026|0000000041467315|0000000000366747|0000000094604027|044.18
23022026|544207|0000000000000039|0000000000005660|0000000000000039|0000000000005660|100.00
23022026|544209|0000000000001220|0000000000330071|0000000000001648|0000000000439841|074.03
23022026|544210|0000000000009846|0000000014120149|0000000000019509|0000000027468823|050.47
23022026|544212|0000000000001786|0000000000055206|0000000000002970|0000000000091584|060.13
23022026|544213|0000000000014400|0000000001988640|0000000000024600|0000000003383220|058.54
23022026|544214|0000000000006000|0000000000176580|0000000000006000|0000000000177700|100.00
23022026|544215|0000000000003312|0000000000113072|0000000000003338|0000000000113428|099.22
23022026|544216|0000000000081240|0000000001000065|0000000000099555|0000000001222375|081.60
23022026|544217|0000000000002858|0000000000251933|0000000000004903|0000000000430859|058.29
23022026|544218|0000000000005823|0000000000062365|0000000000005824|0000000000062397|099.98
23022026|544219|0000000000003000|0000000000345000|0000000000004200|0000000000487890|071.43
23022026|544222|0000000000003123|0000000001481864|0000000000010064|0000000004768816|031.03
23022026|544223|0000000000002075|0000000000592932|0000000000004013|0000000001147711|051.71
23022026|544224|0000000000051840|0000000044673120|0000000000062520|0000000054984432|082.92
23022026|544225|0000000005493529|0000000142062660|0000000012466507|0000000325070987|044.07
23022026|544226|0000000000103389|0000000022533633|0000000000304831|0000000066679699|033.92
23022026|544227|0000000000019848|0000000002227938|0000000000037494|0000000004260994|052.94
23022026|544228|0000000000000005|0000000000000553|0000000000000005|0000000000000552|100.00
23022026|544229|0000000000397133|0000000004765596|0000000000652699|0000000007834388|060.84
23022026|544230|0000000000000642|0000000000041480|0000000000000750|0000000000048501|085.60
23022026|544231|0000000000006000|0000000000087000|0000000000006000|0000000000087000|100.00
23022026|544232|0000000000002299|0000000004416954|0000000000003119|0000000006033617|073.71
23022026|544233|0000000000000376|0000000000009412|0000000000000376|0000000000009495|100.00
23022026|544234|0000000000000156|0000000000001865|0000000000000157|0000000000001889|099.36
23022026|544235|0000000000007788|0000000002384686|0000000000017355|0000000005336952|044.87
23022026|544237|0000000000001600|0000000000230400|0000000000001600|0000000000230400|100.00
23022026|544238|0000000000025656|0000000019920602|0000000000058285|0000000044825572|044.02
23022026|544239|0000000000014355|0000000002281010|0000000000027848|0000000004422000|051.55
23022026|544240|0000000000001076|0000000000972973|0000000000002809|0000000002559826|038.31
23022026|544241|0000000000003026|0000000000049203|0000000000004363|0000000000070921|069.36
23022026|544242|0000000000030000|0000000000543000|0000000000030000|0000000000543000|100.00
23022026|544243|0000000000005827|0000000001956998|0000000000015892|0000000005352317|036.67
23022026|544244|0000000000000180|0000000000137016|0000000000000218|0000000000168362|082.57
23022026|544246|0000000000000005|0000000000003022|0000000000000005|0000000000003024|100.00
23022026|544247|0000000000000120|0000000000011566|0000000000000240|0000000000023144|050.00
23022026|544248|0000000000013200|0000000001633110|0000000000013200|0000000001633110|100.00
23022026|544249|0000000000001222|0000000000039043|0000000000001225|0000000000039455|099.76
23022026|544250|0000000000000128|0000000000523053|0000000000000184|0000000000752014|069.57
23022026|544251|0000000000001600|0000000000078400|0000000000001600|0000000000078400|100.00
23022026|544252|0000000000255580|0000000022304467|0000000000384321|0000000033741531|066.50
23022026|544253|0000000000005120|0000000001027584|0000000000011447|0000000002329435|044.73
23022026|544254|0000000000000858|0000000000101974|0000000000001066|0000000000126374|080.49
23022026|544256|0000000000002398|0000000001335567|0000000000004038|0000000002258080|059.39
23022026|544257|0000000000002500|0000000000482625|0000000000004500|0000000000875050|055.56
23022026|544258|0000000000003723|0000000000432427|0000000000005598|0000000000661625|066.51
23022026|544259|0000000000009000|0000000000297000|0000000000015000|0000000000489240|060.00
23022026|544260|0000000000003211|0000000000788783|0000000000005005|0000000001238095|064.16
23022026|544261|0000000000003803|0000000000447043|0000000000005335|0000000000625706|071.28
23022026|940683|0000000000000020|0000000000019701|0000000000000020|0000000000019685|100.00
23022026|940689|0000000000000020|0000000000019660|0000000000000020|0000000000019660|100.00
23022026|940691|0000000000000020|0000000000020206|0000000000000020|0000000000020205|100.00
23022026|940693|0000000000000010|0000000000010012|0000000000000010|0000000000010011|100.00
23022026|940701|0000000000000010|0000000000009780|0000000000000020|0000000000019560|050.00
23022026|940705|0000000000000054|0000000000052920|0000000000000064|0000000000062620|084.38
23022026|940709|0000000000000051|0000000000050214|0000000000000055|0000000000054208|092.73
23022026|940713|0000000000000128|0000000000128000|0000000000000136|0000000000135994|094.12
23022026|940715|0000000000000376|0000000000367879|0000000000000506|0000000000495756|074.31
23022026|940717|0000000000000004|0000000000004076|0000000000000004|0000000000004076|100.00
23022026|940723|0000000000000002|0000000000001984|0000000000000002|0000000000001984|100.00
23022026|940729|0000000000000040|0000000000039980|0000000000000040|0000000000039980|100.00
23022026|940731|0000000000000379|0000000000373315|0000000000000399|0000000000385327|094.99
23022026|940735|0000000000000010|0000000000009850|0000000000000010|0000000000009850|100.00
23022026|940743|0000000000000035|0000000000034650|0000000000000035|0000000000034054|100.00
23022026|940751|0000000000000030|0000000000029850|0000000000000030|0000000000029850|100.00
23022026|940753|0000000000000040|0000000000039200|0000000000000040|0000000000039200|100.00
23022026|940755|0000000000000010|0000000000010050|0000000000000010|0000000000010050|100.00
23022026|940757|0000000000000040|0000000000036046|0000000000000041|0000000000037161|097.56
23022026|940765|0000000000000103|0000000000103000|0000000000000103|0000000000102441|100.00
23022026|940767|0000000000000029|0000000000028850|0000000000000070|0000000000069458|041.43
23022026|940771|0000000000000010|0000000000009350|0000000000000010|0000000000009350|100.00
23022026|940777|0000000000000093|0000000000080419|0000000000000133|0000000000115692|069.92
23022026|940783|0000000000000015|0000000000014850|0000000000000024|0000000000023662|062.50
23022026|940785|0000000000000020|0000000000020200|0000000000000020|0000000000020200|100.00
23022026|940787|0000000000000001|0000000000000965|0000000000000001|0000000000000965|100.00
23022026|940795|0000000000000001|0000000000001001|0000000000000001|0000000000001001|100.00
23022026|940799|0000000000000050|0000000000048750|0000000000000050|0000000000048750|100.00
23022026|940803|0000000000000001|0000000000000977|0000000000000001|0000000000000977|100.00
23022026|940813|0000000000000002|0000000000002000|0000000000000002|0000000000002000|100.00
23022026|940823|0000000000000015|0000000000014784|0000000000000015|0000000000014783|100.00
23022026|940833|0000000000000010|0000000000009980|0000000000000010|0000000000009980|100.00
23022026|940835|0000000000000417|0000000000427425|0000000000000417|0000000000427425|100.00
23022026|940837|0000000000000010|0000000000009973|0000000000000020|0000000000019871|050.00
23022026|940841|0000000000000040|0000000000040062|0000000000000040|0000000000040060|100.00
23022026|940843|0000000000000026|0000000000026520|0000000000000026|0000000000026360|100.00
23022026|940849|0000000000000058|0000000000058077|0000000000000058|0000000000058076|100.00
23022026|940851|0000000000000000|0000000000000000|0000000000000050|0000000000050975|000.00
23022026|940859|0000000000000965|0000000000945700|0000000000000965|0000000000944295|100.00
23022026|940861|0000000000000165|0000000000161040|0000000000000165|0000000000160240|100.00
23022026|940862|0000000000000200|0000000000193000|0000000000000278|0000000000268182|071.94
23022026|940864|0000000000000100|0000000000097800|0000000000000100|0000000000097800|100.00
23022026|940866|0000000000000037|0000000000036778|0000000000000037|0000000000036814|100.00
23022026|940872|0000000000000357|0000000000348075|0000000000000367|0000000000360162|097.28
23022026|940874|0000000000000043|0000000000042140|0000000000000053|0000000000051132|081.13
23022026|940878|0000000000000001|0000000000000980|0000000000000001|0000000000000980|100.00
23022026|940880|0000000000000181|0000000000175570|0000000000000181|0000000000175540|100.00
23022026|940894|0000000000000030|0000000000029850|0000000000000030|0000000000029766|100.00
23022026|957209|0000000000000002|0000000002041442|0000000000000002|0000000002041442|100.00
23022026|957810|0000000000000001|0000000001042000|0000000000000001|0000000001042000|100.00
23022026|961728|0000000000000109|0000000000114833|0000000000000109|0000000000114907|100.00
23022026|961732|0000000000000005|0000000000005258|0000000000000005|0000000000005257|100.00
23022026|961734|0000000000001179|0000000001204938|0000000000001399|0000000001428571|084.27
23022026|961753|0000000000000048|0000000000049817|0000000000000048|0000000000049816|100.00
23022026|961756|0000000000000003|0000000000003169|0000000000000003|0000000000003168|100.00
23022026|961779|0000000000000045|0000000000049141|0000000000000045|0000000000049140|100.00
23022026|961803|0000000000000100|0000000000110800|0000000000000100|0000000000110800|100.00
23022026|961816|0000000000000119|0000000000147798|0000000000000119|0000000000147797|100.00
23022026|961826|0000000000000300|0000000000352800|0000000000000300|0000000000352801|100.00
23022026|961830|0000000000000199|0000000000229079|0000000000000199|0000000000229078|100.00
23022026|961839|0000000000001014|0000000001195365|0000000000001476|0000000001723452|068.70
23022026|961863|0000000000000097|0000000000109125|0000000000000097|0000000000109125|100.00
23022026|961885|0000000000000100|0000000000116900|0000000000000100|0000000000116900|100.00
23022026|961895|0000000000000100|0000000000116115|0000000000000100|0000000000116115|100.00
23022026|972655|0000000000000100|0000000004355000|0000000000000100|0000000004367178|100.00
23022026|973273|0000000000000002|0000000001110000|0000000000000002|0000000001110000|100.00
23022026|973491|0000000000002594|0000000002003217|0000000000002594|0000000002003154|100.00
23022026|974634|0000000000000065|0000000008515000|0000000000000065|0000000008523140|100.00
23022026|974635|0000000000000011|0000000001443310|0000000000000011|0000000001450250|100.00
23022026|974818|0000000000000002|0000000000212532|0000000000000002|0000000000212532|100.00
23022026|974999|0000000000000003|0000000000383327|0000000000000003|0000000000381750|100.00
23022026|975004|0000000000000002|0000000000050040|0000000000000002|0000000000050040|100.00
23022026|975161|0000000000000017|0000000000552500|0000000000000017|0000000000561342|100.00
23022026|975229|0000000000000002|0000000000188000|0000000000000002|0000000000190000|100.00
23022026|975231|0000000000000004|0000000000400000|0000000000000004|0000000000400000|100.00
23022026|975272|0000000000000003|0000000000301060|0000000000000003|0000000000301059|100.00
23022026|975331|0000000000000004|0000000000201956|0000000000000004|0000000000201956|100.00
23022026|975375|0000000000000004|0000000000365000|0000000000000004|0000000000365500|100.00
23022026|975520|0000000000000003|0000000000305100|0000000000000003|0000000000305100|100.00
23022026|975571|0000000000000000|0000000000000000|0000000000000020|0000000002443670|000.00
23022026|975640|0000000000000001|0000000000100546|0000000000000001|0000000000100546|100.00
23022026|975690|0000000000000001|0000000000108000|0000000000000001|0000000000108000|100.00
23022026|975713|0000000000000004|0000000000394800|0000000000000004|0000000000394800|100.00
23022026|975913|0000000000000001|0000000000099986|0000000000000001|0000000000099985|100.00
23022026|976009|0000000000000094|0000000010894600|0000000000000094|0000000010894600|100.00
23022026|976036|0000000000000020|0000000000202020|0000000000000020|0000000000202020|100.00
23022026|976048|0000000000000004|0000000000018400|0000000000000004|0000000000018400|100.00
23022026|976146|0000000000000001|0000000000004913|0000000000000001|0000000000004912|100.00
23022026|976231|0000000000000004|0000000000120000|0000000000000004|0000000000120000|100.00
23022026|976248|0000000000000005|0000000000564995|0000000000000005|0000000000565587|100.00
23022026|976290|0000000000000012|0000000001227516|0000000000000012|0000000001227515|100.00
23022026|976291|0000000000000001|0000000000102000|0000000000000001|0000000000102000|100.00
23022026|976292|0000000000000001|0000000000102100|0000000000000001|0000000000102100|100.00
23022026|976421|0000000000000001|0000000000009990|0000000000000001|0000000000009989|100.00
23022026|976437|0000000000000041|0000000000409898|0000000000000041|0000000000409937|100.00
23022026|976448|0000000000000001|0000000000097509|0000000000000001|0000000000097508|100.00
23022026|976492|0000000000000012|0000000000117000|0000000000000012|0000000000117000|100.00
23022026|976497|0000000000000010|0000000000995000|0000000000000010|0000000000995000|100.00
23022026|976535|0000000000000059|0000000005900000|0000000000000059|0000000005900000|100.00
23022026|976560|0000000000000001|0000000000101128|0000000000000001|0000000000101127|100.00
23022026|976585|0000000000000003|0000000000027000|0000000000000003|0000000000027000|100.00
23022026|976597|0000000000000010|0000000000989490|0000000000000010|0000000000989490|100.00
23022026|976712|0000000000000010|0000000000101000|0000000000000010|0000000000101000|100.00
23022026|976727|0000000000000001|0000000000098416|0000000000000001|0000000000098415|100.00
23022026|976730|0000000000000020|0000000001979820|0000000000000020|0000000001979820|100.00
23022026|976737|0000000000000006|0000000000018300|0000000000000006|0000000000018600|100.00
23022026|976751|0000000000000001|0000000000099991|0000000000000001|0000000000099990|100.00
23022026|976752|0000000000000001|0000000000097200|0000000000000001|0000000000097200|100.00
23022026|976757|0000000000000003|0000000000029310|0000000000000004|0000000000039160|075.00
23022026|976800|0000000000000007|0000000000350350|0000000000000007|0000000000350400|100.00
23022026|976808|0000000000000107|0000000001078238|0000000000000107|0000000001076952|100.00
23022026|976819|0000000000000002|0000000000185023|0000000000000002|0000000000185022|100.00
23022026|976872|0000000000000003|0000000000300000|0000000000000004|0000000000397000|075.00
23022026|976875|0000000000000001|0000000000009750|0000000000000001|0000000000009750|100.00
23022026|976893|0000000000000005|0000000000050435|0000000000000010|0000000000100238|050.00
23022026|976924|0000000000000002|0000000000019303|0000000000000002|0000000000019302|100.00
23022026|976926|0000000000000001|0000000000117160|0000000000000001|0000000000117160|100.00
23022026|976928|0000000000000004|0000000000398563|0000000000000004|0000000000398811|100.00
23022026|976930|0000000000000001|0000000000099373|0000000000000001|0000000000099372|100.00
23022026|976940|0000000000000005|0000000000495000|0000000000000005|0000000000495000|100.00
23022026|976943|0000000000000003|0000000000020845|0000000000000003|0000000000020748|100.00
23022026|976970|0000000000000018|0000000001811757|0000000000000018|0000000001811756|100.00
23022026|976985|0000000000000002|0000000000211892|0000000000000004|0000000000423784|050.00
23022026|977000|0000000000000005|0000000000495000|0000000000000005|0000000000495000|100.00
23022026|977017|0000000000000006|0000000000060120|0000000000000006|0000000000060020|100.00
23022026|977022|0000000000000001|0000000000099758|0000000000000001|0000000000099757|100.00
23022026|977038|0000000000000012|0000000000119880|0000000000000012|0000000000119880|100.00
23022026|977044|0000000000000020|0000000000195700|0000000000000020|0000000000195902|100.00
23022026|977073|0000000000000003|0000000000295500|0000000000000003|0000000000296069|100.00
23022026|977088|0000000000000003|0000000000029605|0000000000000003|0000000000029604|100.00
23022026|977093|0000000000000023|0000000002407502|0000000000000023|0000000002407416|100.00
23022026|977117|0000000000000007|0000000000694045|0000000000000007|0000000000693645|100.00
23022026|977128|0000000000000100|0000000000997876|0000000000000100|0000000000997876|100.00
23022026|977132|0000000000000009|0000000000087318|0000000000000009|0000000000087318|100.00
23022026|977144|0000000000000019|0000000001932913|0000000000000019|0000000001932912|100.00
23022026|977160|0000000000000001|0000000000092400|0000000000000001|0000000000092400|100.00
23022026|977187|0000000000000001|0000000000099900|0000000000000001|0000000000099900|100.00
23022026|977191|0000000000000002|0000000000200000|0000000000000002|0000000000200000|100.00
23022026|977205|0000000000000002|0000000000019900|0000000000000002|0000000000019900|100.00
23022026|977226|0000000000000005|0000000000509000|0000000000000005|0000000000510400|100.00
23022026|977241|0000000000000012|0000000000116808|0000000000000014|0000000000136918|085.71
23022026|977249|0000000000000023|0000000000225029|0000000000000023|0000000000225070|100.00
23022026|977298|0000000000000023|0000000000218270|0000000000000025|0000000000237389|092.00
23022026|977309|0000000000000253|0000000002456555|0000000000000256|0000000002485652|098.83
23022026|977329|0000000000000002|0000000000019778|0000000000000004|0000000000036194|050.00
23022026|977331|0000000000000001|0000000000099750|0000000000000001|0000000000099750|100.00
23022026|977367|0000000000000068|0000000000666400|0000000000000071|0000000000693649|095.77
23022026|977379|0000000000000005|0000000000495491|0000000000000005|0000000000495490|100.00
23022026|977380|0000000000000003|0000000000297929|0000000000000003|0000000000297928|100.00
23022026|977383|0000000000000004|0000000000035200|0000000000000004|0000000000035500|100.00
23022026|977425|0000000000000001|0000000000097988|0000000000000001|0000000000097987|100.00
23022026|977468|0000000000000008|0000000000802675|0000000000000008|0000000000805524|100.00
23022026|977469|0000000000000005|0000000000506762|0000000000000005|0000000000506761|100.00
23022026|977472|0000000000000002|0000000000203057|0000000000000002|0000000000203056|100.00
23022026|977477|0000000000000007|0000000000070287|0000000000000007|0000000000070306|100.00
23022026|977515|0000000000000003|0000000000029250|0000000000000003|0000000000029250|100.00
23022026|977532|0000000000000270|0000000027125550|0000000000000271|0000000027228005|099.63
