DATE|SCRIP CODE|DELIVERY QTY|DELIVERY VAL|DAY'S VOLUME|DAY'S TURNOVER|DELV. PER.
17032026|500002|0000000000004832|0000000030501759|0000000000014938|0000000093226455|032.35
17032026|500003|0000000000150268|0000000093173674|0000000000350471|0000000220668944|042.88
17032026|500008|0000000000013219|0000000010281739|0000000000027026|0000000021099069|048.91
17032026|500009|0000000000055320|0000000001582706|0000000000069709|0000000001993764|079.36
17032026|500012|0000000000068967|0000000002622816|0000000000084144|0000000003227986|081.96
17032026|500013|0000000000000604|0000000000002083|0000000000000604|0000000000002083|100.00
17032026|500014|0000000000005186|0000000000021885|0000000000009361|0000000000039017|055.40
17032026|500016|0000000000003218|0000000000024940|0000000000004318|0000000000033367|074.53
17032026|500020|0000000000029133|0000000003063335|0000000000049974|0000000005140604|058.30
17032026|500023|0000000000000043|0000000000012630|0000000000000062|0000000000018392|069.35
17032026|500027|0000000000000603|0000000003733204|0000000000001197|0000000007440270|050.38
17032026|500028|0000000000029638|0000000000882917|0000000000033599|0000000000983894|088.21
17032026|500031|0000000000109713|0000000037549275|0000000000292419|0000000109508891|037.52
17032026|500032|0000000000306516|0000000004830693|0000000000466066|0000000007349716|065.77
17032026|500033|0000000000005598|0000000117637772|0000000000017885|0000000372707100|031.30
17032026|500034|0000000000160835|0000000139701281|0000000000300690|0000000261422423|053.49
17032026|500038|0000000000011740|0000000005481406|0000000000034084|0000000016256645|034.44
17032026|500039|0000000000009637|0000000005551394|0000000000017040|0000000009764704|056.56
17032026|500040|0000000000016331|0000000018314400|0000000000027304|0000000030243642|059.81
17032026|500041|0000000000000001|0000000000003590|0000000000000001|0000000000003589|100.00
17032026|500042|0000000000000868|0000000002956842|0000000000001525|0000000005241277|056.92
17032026|500043|0000000000007927|0000000005317432|0000000000015914|0000000010713607|049.81
17032026|500048|0000000000009417|0000000014229558|0000000000017844|0000000026926500|052.77
17032026|500049|0000000000149187|0000000065590065|0000000000415591|0000000180872524|035.90
17032026|500051|0000000000001178|0000000000002262|0000000000001178|0000000000002261|100.00
17032026|500052|0000000000017427|0000000001420301|0000000000028212|0000000002304717|061.77
17032026|500058|0000000000016356|0000000000175830|0000000000016356|0000000000175830|100.00
17032026|500059|0000000000007536|0000000000046727|0000000000007536|0000000000046727|100.00
17032026|500060|0000000000005570|0000000000722986|0000000000007306|0000000000949680|076.24
17032026|500067|0000000000003205|0000000005822364|0000000000009505|0000000017121969|033.72
17032026|500068|0000000000000040|0000000000456448|0000000000000067|0000000000766450|059.70
17032026|500069|0000000000000755|0000000000193733|0000000000000974|0000000000249732|077.52
17032026|500074|0000000000003338|0000000000159924|0000000000004614|0000000000220468|072.34
17032026|500078|0000000000000409|0000000000099265|0000000000000463|0000000000115091|088.34
17032026|500083|0000000000003810|0000000000072048|0000000000004934|0000000000093075|077.22
17032026|500084|0000000000031565|0000000004927297|0000000000074222|0000000011614961|042.53
17032026|500085|0000000000015381|0000000006590759|0000000000047742|0000000020195464|032.22
17032026|500086|0000000000028674|0000000008662416|0000000000072152|0000000021676076|039.74
17032026|500087|0000000000011642|0000000014918641|0000000000023617|0000000030354855|049.29
17032026|500089|0000000000000038|0000000000018620|0000000000000060|0000000000029961|063.33
17032026|500092|0000000000000988|0000000003961633|0000000000001407|0000000005645579|070.22
17032026|500093|0000000000280890|0000000198940343|0000000000320874|0000000226000576|087.54
17032026|500096|0000000000011021|0000000004987003|0000000000019619|0000000008910468|056.18
17032026|500097|0000000000004266|0000000001254204|0000000000008429|0000000002540555|050.61
17032026|500101|0000000000005376|0000000001907136|0000000000010419|0000000003665932|051.60
17032026|500103|0000000000092646|0000000023740538|0000000000294230|0000000074653449|031.49
17032026|500104|0000000000123612|0000000042794475|0000000000308203|0000000106810425|040.11
17032026|500106|0000000000447131|0000000024614562|0000000001338232|0000000074056250|033.41
17032026|500108|0000000000079444|0000000001930490|0000000000124753|0000000003064065|063.68
17032026|500109|0000000000902101|0000000180555516|0000000003231862|0000000646323546|027.91
17032026|500110|0000000000205986|0000000219416288|0000000000648032|0000000673050897|031.79
17032026|500112|0000000000288218|0000000306649542|0000000000674896|0000000713905995|042.71
17032026|500113|0000000000401930|0000000061656062|0000000001232945|0000000184911659|032.60
17032026|500114|0000000000018253|0000000074651120|0000000000031296|0000000127497367|058.32
17032026|500116|0000000001198759|0000000088768104|0000000002999645|0000000225378591|039.96
17032026|500117|0000000000030590|0000000001266732|0000000000063903|0000000002622489|047.87
17032026|500119|0000000000011728|0000000001382145|0000000000029418|0000000003476474|039.87
17032026|500120|0000000000000170|0000000000038922|0000000000000186|0000000000042511|091.40
17032026|500123|0000000000001381|0000000010337821|0000000000001651|0000000012465194|083.65
17032026|500124|0000000000005549|0000000007119922|0000000000016885|0000000021576252|032.86
17032026|500125|0000000000008423|0000000006826421|0000000000014340|0000000011541158|058.74
17032026|500126|0000000000000362|0000000001782742|0000000000000564|0000000002786709|064.18
17032026|500128|0000000000036355|0000000002491772|0000000000096018|0000000006587581|037.86
17032026|500133|0000000000000014|0000000000076052|0000000000000025|0000000000136035|056.00
17032026|500135|0000000000025486|0000000004773528|0000000000039845|0000000007435072|063.96
17032026|500136|0000000000000383|0000000000035026|0000000000000677|0000000000062607|056.57
17032026|500142|0000000000000116|0000000000001061|0000000000000195|0000000000001757|059.49
17032026|500143|0000000000001185|0000000000680173|0000000000001185|0000000000680173|100.00
17032026|500144|0000000000004753|0000000004070707|0000000000015263|0000000013010975|031.14
17032026|500147|0000000000003721|0000000017297999|0000000000004964|0000000022924515|074.96
17032026|500148|0000000000000214|0000000000094588|0000000000000218|0000000000096363|098.17
17032026|500150|0000000000000158|0000000000816371|0000000000000263|0000000001313735|060.08
17032026|500151|0000000000000012|0000000000000327|0000000000000012|0000000000000327|100.00
17032026|500153|0000000000020015|0000000001535751|0000000000023939|0000000001866442|083.61
17032026|500159|0000000000000575|0000000000062014|0000000000001122|0000000000120798|051.25
17032026|500160|0000000000018278|0000000000116980|0000000000020310|0000000000130826|090.00
17032026|500163|0000000000015387|0000000030886326|0000000000031873|0000000064290502|048.28
17032026|500164|0000000000005754|0000000004764025|0000000000008903|0000000007435594|064.63
17032026|500165|0000000000020517|0000000003563803|0000000000036873|0000000006457910|055.64
17032026|500166|0000000000015959|0000000002416193|0000000000016787|0000000002497349|095.07
17032026|500168|0000000000004707|0000000003501302|0000000000006171|0000000004614518|076.28
17032026|500170|0000000000001136|0000000000027321|0000000000001137|0000000000027343|099.91
17032026|500171|0000000000001107|0000000000498317|0000000000002218|0000000000998607|049.91
17032026|500173|0000000000004177|0000000000181491|0000000000005026|0000000000217597|083.11
17032026|500179|0000000000017506|0000000000208147|0000000000024031|0000000000286524|072.85
17032026|500180|0000000000283962|0000000240189258|0000000000561733|0000000473420007|050.55
17032026|500182|0000000000003875|0000000020752175|0000000000009961|0000000053026528|038.90
17032026|500183|0000000000688414|0000000049400589|0000000001034065|0000000073950863|066.57
17032026|500184|0000000000032982|0000000014728113|0000000000107390|0000000047046924|030.71
17032026|500185|0000000001438771|0000000021840544|0000000002602612|0000000039316830|055.28
17032026|500186|0000000000030461|0000000003743657|0000000000074054|0000000009389585|041.13
17032026|500187|0000000000001860|0000000000950367|0000000000005095|0000000002572638|036.51
17032026|500188|0000000000149217|0000000081547091|0000000000239702|0000000130484456|062.25
17032026|500189|0000000000000667|0000000000076539|0000000000002500|0000000000283775|026.68
17032026|500191|0000000000007603|0000000000480758|0000000000007603|0000000000480758|100.00
17032026|500192|0000000000002475|0000000000004381|0000000000002755|0000000000004841|089.84
17032026|500193|0000000000036333|0000000000263415|0000000000042811|0000000000306986|084.87
17032026|500199|0000000000001626|0000000000573409|0000000000007951|0000000002857129|020.45
17032026|500201|0000000000000828|0000000000707651|0000000000001833|0000000001571876|045.17
17032026|500202|0000000000000156|0000000000001252|0000000000000156|0000000000001251|100.00
17032026|500206|0000000000000229|0000000000014320|0000000000000234|0000000000014913|097.86
17032026|500207|0000000000081990|0000000002623680|0000000000085934|0000000002735637|095.41
17032026|500209|0000000000173056|0000000213291520|0000000000340022|0000000417760100|050.90
17032026|500210|0000000000000227|0000000000823091|0000000000000401|0000000001459343|056.61
17032026|500213|0000000000010231|0000000002944994|0000000000013828|0000000004055046|073.99
17032026|500214|0000000000005809|0000000001911452|0000000000015569|0000000005174660|037.31
17032026|500215|0000000000002182|0000000001342040|0000000000002270|0000000001405501|096.12
17032026|500219|0000000000137058|0000000004121335|0000000000213130|0000000006540419|064.31
17032026|500220|0000000000001751|0000000000279110|0000000000001879|0000000000291611|093.19
17032026|500227|0000000000015321|0000000014881288|0000000000021588|0000000020562414|070.97
17032026|500228|0000000000006908|0000000008061982|0000000000017153|0000000019818273|040.27
17032026|500233|0000000000093080|0000000085382284|0000000000100747|0000000089400240|092.39
17032026|500234|0000000000000249|0000000000025486|0000000000000249|0000000000025713|100.00
17032026|500235|0000000000003264|0000000002135146|0000000000004076|0000000002673762|080.08
17032026|500238|0000000000007581|0000000006228171|0000000000014676|0000000012054883|051.66
17032026|500239|0000000000076761|0000000001075422|0000000000077666|0000000001070140|098.83
17032026|500240|0000000000013590|0000000003008826|0000000000018243|0000000004050263|074.49
17032026|500241|0000000000001845|0000000002803478|0000000000003616|0000000005499264|051.02
17032026|500243|0000000000000320|0000000000871536|0000000000000339|0000000000919213|094.40
17032026|500245|0000000000080405|0000000029054347|0000000000113261|0000000040855081|070.99
17032026|500246|0000000000000160|0000000000006997|0000000000000160|0000000000006996|100.00
17032026|500247|0000000000242559|0000000090789834|0000000000350976|0000000130701989|069.11
17032026|500249|0000000000002189|0000000001663750|0000000000003471|0000000002626416|063.07
17032026|500250|0000000000000222|0000000000394195|0000000000000436|0000000000767614|050.92
17032026|500251|0000000000018900|0000000068727015|0000000000029362|0000000106269597|064.37
17032026|500252|0000000000000014|0000000000201330|0000000000000031|0000000000446722|045.16
17032026|500253|0000000000015948|0000000007954065|0000000000049203|0000000024392033|032.41
17032026|500257|0000000000004732|0000000010875319|0000000000008166|0000000018784553|057.95
17032026|500259|0000000000021411|0000000001105450|0000000000022843|0000000001174158|093.73
17032026|500260|0000000000001117|0000000001084831|0000000000002457|0000000002377744|045.46
17032026|500262|0000000000001034|0000000000015738|0000000000001088|0000000000016896|095.04
17032026|500264|0000000000029815|0000000003433198|0000000000042620|0000000004946412|069.96
17032026|500265|0000000000044023|0000000024584645|0000000000047469|0000000026387299|092.74
17032026|500266|0000000000000091|0000000001135940|0000000000000139|0000000001744320|065.47
17032026|500267|0000000000000394|0000000000117767|0000000000000719|0000000000216731|054.80
17032026|500268|0000000000010983|0000000000486657|0000000000017498|0000000000778459|062.77
17032026|500270|0000000000000114|0000000000011902|0000000000000153|0000000000016108|074.51
17032026|500271|0000000000041690|0000000069067823|0000000000045084|0000000073512678|092.47
17032026|500277|0000000000001904|0000000000011272|0000000000001912|0000000000011616|099.58
17032026|500279|0000000000036396|0000000000873504|0000000000064288|0000000001543069|056.61
17032026|500280|0000000000003154|0000000001283205|0000000000003976|0000000001625170|079.33
17032026|500282|0000000000000103|0000000000004709|0000000000000103|0000000000004708|100.00
17032026|500284|0000000000000614|0000000000073128|0000000000000763|0000000000091899|080.47
17032026|500285|0000000010086013|0000000134547414|0000000016112417|0000000219581857|062.60
17032026|500288|0000000000065326|0000000002486308|0000000000136364|0000000005154199|047.91
17032026|500290|0000000000000186|0000000024662429|0000000000000384|0000000051155481|048.44
17032026|500292|0000000000020182|0000000003060601|0000000000020990|0000000003132644|096.15
17032026|500294|0000000000058047|0000000008297819|0000000000153838|0000000021901980|037.73
17032026|500295|0000000000126847|0000000088666053|0000000000324944|0000000224590524|039.04
17032026|500296|0000000000002368|0000000000464957|0000000000002647|0000000000507775|089.46
17032026|500298|0000000000004267|0000000002365199|0000000000004397|0000000002401074|097.04
17032026|500300|0000000000004641|0000000012449483|0000000000008446|0000000022640251|054.95
17032026|500304|0000000000011022|0000000000682373|0000000000022471|0000000001398716|049.05
17032026|500306|0000000000040578|0000000005346152|0000000000052791|0000000006846374|076.87
17032026|500307|0000000000002750|0000000001334713|0000000000003389|0000000001640808|081.14
17032026|500312|0000000000238235|0000000063060805|0000000000510667|0000000133802826|046.65
17032026|500313|0000000000014106|0000000000622216|0000000000022071|0000000000944796|063.91
17032026|500314|0000000000012666|0000000001112075|0000000000020290|0000000001758345|062.42
17032026|500317|0000000000015639|0000000000655275|0000000000017973|0000000000751347|087.01
17032026|500319|0000000000002760|0000000000193421|0000000000004038|0000000000278906|068.35
17032026|500322|0000000000000181|0000000000021231|0000000000000181|0000000000021231|100.00
17032026|500325|0000000000427081|0000000596397263|0000000000688080|0000000962053448|062.07
17032026|500327|0000000000015385|0000000000113696|0000000000017389|0000000000129579|088.48
17032026|500330|0000000000008168|0000000002879629|0000000000017016|0000000005970076|048.00
17032026|500331|0000000000008175|0000000011096337|0000000000017272|0000000023407514|047.33
17032026|500333|0000000000000184|0000000000261280|0000000000000197|0000000000279856|093.40
17032026|500335|0000000000005031|0000000004164411|0000000000009663|0000000007734359|052.06
17032026|500336|0000000000010490|0000000002156744|0000000000020398|0000000004195234|051.43
17032026|500337|0000000000000302|0000000000080529|0000000000000303|0000000000081532|099.67
17032026|500338|0000000000003789|0000000000476467|0000000000005436|0000000000681926|069.70
17032026|500339|0000000000034482|0000000003911983|0000000000079401|0000000008989909|043.43
17032026|500342|0000000000002521|0000000000032370|0000000000005512|0000000000070712|045.74
17032026|500343|0000000000004125|0000000000151470|0000000000005023|0000000000182978|082.12
17032026|500346|0000000000000183|0000000000009145|0000000000000184|0000000000009195|099.46
17032026|500350|0000000000005920|0000000000789432|0000000000006031|0000000000802897|098.16
17032026|500354|0000000000007849|0000000000211767|0000000000008267|0000000000222635|094.94
17032026|500355|0000000000008060|0000000001926340|0000000000014677|0000000003501197|054.92
17032026|500356|0000000000003383|0000000000115733|0000000000004477|0000000000156089|075.56
17032026|500357|0000000000000018|0000000000000211|0000000000000018|0000000000000211|100.00
17032026|500360|0000000000003635|0000000000506617|0000000000003635|0000000000506617|100.00
17032026|500365|0000000000052630|0000000001850471|0000000000100386|0000000003591249|052.43
17032026|500367|0000000000002403|0000000000146175|0000000000002566|0000000000157070|093.65
17032026|500368|0000000000021000|0000000010225950|0000000000099552|0000000048224593|021.09
17032026|500370|0000000000000641|0000000000018205|0000000000000641|0000000000018173|100.00
17032026|500371|0000000000003085|0000000000054851|0000000000003085|0000000000054851|100.00
17032026|500378|0000000000163656|0000000032813028|0000000000417658|0000000083207629|039.18
17032026|500380|0000000000004856|0000000002922341|0000000000006815|0000000004060143|071.25
17032026|500387|0000000000000230|0000000005442214|0000000000000451|0000000010582204|051.00
17032026|500389|0000000000100651|0000000001176610|0000000000100651|0000000001176610|100.00
17032026|500390|0000000000347976|0000000027132913|0000000000347976|0000000027132913|100.00
17032026|500400|0000000000250954|0000000100582364|0000000000555877|0000000221819872|045.15
17032026|500402|0000000000010724|0000000001808067|0000000000026414|0000000004386519|040.60
17032026|500403|0000000000002395|0000000001977791|0000000000004582|0000000003774191|052.27
17032026|500404|0000000000012718|0000000002704483|0000000000019723|0000000004145803|064.48
17032026|500405|0000000000001163|0000000000765138|0000000000001903|0000000001249309|061.11
17032026|500407|0000000000000455|0000000001626944|0000000000000850|0000000003029651|053.53
17032026|500408|0000000000010903|0000000044723561|0000000000020844|0000000085909418|052.31
17032026|500410|0000000000017036|0000000023583787|0000000000027265|0000000037592149|062.48
17032026|500411|0000000000005192|0000000016812216|0000000000009371|0000000030495202|055.40
17032026|500412|0000000000008474|0000000001388042|0000000000014824|0000000002438025|057.16
17032026|500413|0000000000019370|0000000001712308|0000000000047200|0000000004137526|041.04
17032026|500414|0000000000136108|0000000038171489|0000000000191626|0000000053467228|071.03
17032026|500418|0000000000000100|0000000000007273|0000000000000138|0000000000010060|072.46
17032026|500420|0000000000001306|0000000005623571|0000000000003280|0000000014071498|039.82
17032026|500421|0000000000008926|0000000000152814|0000000000035279|0000000000580995|025.30
17032026|500422|0000000000006455|0000000000963521|0000000000006455|0000000000963521|100.00
17032026|500425|0000000000193573|0000000084001004|0000000000253700|0000000109480925|076.30
17032026|500426|0000000000054133|0000000000083365|0000000000062016|0000000000096102|087.29
17032026|500429|0000000000001736|0000000000168392|0000000000001768|0000000000169746|098.19
17032026|500439|0000000000000025|0000000000079474|0000000000000028|0000000000088982|089.29
17032026|500440|0000000000034048|0000000031892762|0000000000112314|0000000104623612|030.32
17032026|500444|0000000000001139|0000000000454518|0000000000001484|0000000000591172|076.75
17032026|500449|0000000000032441|0000000000892777|0000000000049376|0000000001344720|065.70
17032026|500450|0000000000000060|0000000000021354|0000000000000060|0000000000021355|100.00
17032026|500456|0000000000001650|0000000000073392|0000000000002050|0000000000091787|080.49
17032026|500458|0000000000000378|0000000000010263|0000000000000378|0000000000010620|100.00
17032026|500459|0000000000000514|0000000005141774|0000000000000743|0000000007448048|069.18
17032026|500460|0000000000008286|0000000001049837|0000000000010975|0000000001358297|075.50
17032026|500463|0000000000002937|0000000001514318|0000000000009799|0000000004945950|029.97
17032026|500464|0000000000028861|0000000002828378|0000000000028880|0000000002834495|099.93
17032026|500467|0000000000000523|0000000000090218|0000000000000629|0000000000108613|083.15
17032026|500469|0000000000214801|0000000056879305|0000000000350652|0000000090819525|061.26
17032026|500470|0000000002674555|0000000522608047|0000000003584346|0000000685129427|074.62
17032026|500472|0000000000000676|0000000001060273|0000000000000903|0000000001422777|074.86
17032026|500477|0000000000243516|0000000042883168|0000000000564809|0000000098649975|043.11
17032026|500480|0000000000013497|0000000062056507|0000000000016754|0000000077061922|080.56
17032026|500483|0000000000003821|0000000005477786|0000000000008044|0000000011462005|047.50
17032026|500488|0000000000000193|0000000005107668|0000000000000311|0000000008269991|062.06
17032026|500490|0000000000001191|0000000011497736|0000000000002021|0000000019468643|058.93
17032026|500493|0000000000109161|0000000190513236|0000000000132443|0000000230080118|082.42
17032026|500495|0000000000001458|0000000004452076|0000000000003225|0000000009888309|045.21
17032026|500500|0000000000237567|0000000003309309|0000000000321875|0000000004536469|073.81
17032026|500510|0000000000090769|0000000321603644|0000000000167128|0000000584118357|054.31
17032026|500520|0000000000049726|0000000155667243|0000000000127615|0000000396262833|038.97
17032026|500530|0000000000000253|0000000007748492|0000000000000455|0000000013954350|055.60
17032026|500540|0000000000000117|0000000000000331|0000000000000117|0000000000000331|100.00
17032026|500547|0000000001392648|0000000417655136|0000000001738824|0000000522251950|080.09
17032026|500550|0000000000002215|0000000007029192|0000000000006021|0000000018973888|036.79
17032026|500570|0000000001375398|0000000439095812|0000000001678134|0000000529606291|081.96
17032026|500575|0000000000020587|0000000029263392|0000000000032326|0000000045810161|063.69
17032026|500620|0000000000023906|0000000034086371|0000000000062416|0000000088096023|038.30
17032026|500645|0000000000008690|0000000007909638|0000000000016807|0000000015490345|051.70
17032026|500650|0000000000000203|0000000000172205|0000000000000318|0000000000271670|063.84
17032026|500655|0000000000001691|0000000006387499|0000000000002322|0000000008874393|072.83
17032026|500660|0000000000001171|0000000002849805|0000000000001980|0000000004798721|059.14
17032026|500670|0000000000021648|0000000008934130|0000000000030313|0000000012518356|071.41
17032026|500672|0000000000003266|0000000002996555|0000000000006349|0000000005840386|051.44
17032026|500674|0000000000000458|0000000001579917|0000000000000757|0000000002620580|060.50
17032026|500680|0000000000000721|0000000003409862|0000000000000988|0000000004678023|072.98
17032026|500690|0000000000021070|0000000003297455|0000000000054722|0000000008561093|038.50
17032026|500696|0000000000065606|0000000141610551|0000000000091699|0000000197793836|071.54
17032026|500710|0000000000000615|0000000001779657|0000000000000933|0000000002683121|065.92
17032026|500730|0000000000057123|0000000008319965|0000000000107428|0000000015384694|053.17
17032026|500770|0000000000021713|0000000014246985|0000000000037122|0000000024347877|058.49
17032026|500777|0000000000057659|0000000004670379|0000000000063054|0000000005106644|091.44
17032026|500780|0000000000002728|0000000000633442|0000000000003934|0000000000918642|069.34
17032026|500790|0000000000017632|0000000021269482|0000000000030230|0000000036543848|058.33
17032026|500800|0000000000009706|0000000010448024|0000000000018814|0000000020461654|051.59
17032026|500820|0000000000013309|0000000029790866|0000000000030418|0000000068005803|043.75
17032026|500825|0000000000044066|0000000258226760|0000000000045598|0000000266920319|096.64
17032026|500830|0000000000002923|0000000005649721|0000000000007347|0000000014262378|039.78
17032026|500840|0000000000004429|0000000001400893|0000000000007366|0000000002322177|060.13
17032026|500850|0000000000035345|0000000021959849|0000000000064752|0000000039821477|054.59
17032026|500870|0000000000041094|0000000007666086|0000000000055732|0000000010387513|073.74
17032026|500875|0000000000322591|0000000098374126|0000000000554562|0000000169687542|058.17
17032026|500877|0000000000075889|0000000032021364|0000000000115854|0000000048405152|065.50
17032026|500878|0000000000003282|0000000011207374|0000000000005098|0000000017411687|064.38
17032026|500890|0000000000000536|0000000000060327|0000000000000593|0000000000066389|090.39
17032026|500940|0000000000390584|0000000068801372|0000000000404616|0000000073387442|096.53
17032026|501148|0000000000000037|0000000000013607|0000000000000037|0000000000013607|100.00
17032026|501150|0000000000091082|0000000001990142|0000000000096524|0000000002093666|094.36
17032026|501151|0000000000000001|0000000000001683|0000000000000001|0000000000001683|100.00
17032026|501242|0000000000006838|0000000000090175|0000000000006838|0000000000090175|100.00
17032026|501295|0000000000000119|0000000000015631|0000000000000164|0000000000021161|072.56
17032026|501298|0000000000000098|0000000000497595|0000000000000101|0000000000519264|097.03
17032026|501301|0000000000020286|0000000012577320|0000000000036271|0000000022516295|055.93
17032026|501314|0000000000114860|0000000000067768|0000000000208554|0000000000123475|055.07
17032026|501343|0000000000006999|0000000000138651|0000000000018314|0000000000372692|038.22
17032026|501370|0000000000000543|0000000000054300|0000000000001094|0000000000107331|049.63
17032026|501391|0000000000000200|0000000000108660|0000000000000200|0000000000105036|100.00
17032026|501421|0000000000000223|0000000001352730|0000000000000224|0000000001347264|099.55
17032026|501423|0000000000055920|0000000127201224|0000000000140721|0000000310097067|039.74
17032026|501425|0000000000001474|0000000002230899|0000000000002243|0000000003380284|065.72
17032026|501430|0000000000000021|0000000000034356|0000000000000021|0000000000035076|100.00
17032026|501455|0000000000015996|0000000002149863|0000000000028476|0000000003852614|056.17
17032026|501622|0000000000000300|0000000000014061|0000000000000300|0000000000014221|100.00
17032026|501700|0000000000006831|0000000000052394|0000000000009317|0000000000073155|073.32
17032026|501831|0000000000040258|0000000001851868|0000000000046516|0000000002229921|086.55
17032026|501833|0000000000000341|0000000000006347|0000000000000631|0000000000011612|054.04
17032026|501848|0000000000090452|0000000004215064|0000000000092026|0000000004265494|098.29
17032026|501945|0000000000001904|0000000000015111|0000000000001904|0000000000015111|100.00
17032026|502015|0000000000010034|0000000000247640|0000000000011082|0000000000272537|090.54
17032026|502090|0000000000001122|0000000000195789|0000000000001864|0000000000324554|060.19
17032026|502137|0000000000000526|0000000000335851|0000000000000666|0000000000428030|078.98
17032026|502157|0000000000001051|0000000000857669|0000000000001402|0000000001143315|074.96
17032026|502168|0000000000000810|0000000000141629|0000000000004681|0000000000818389|017.30
17032026|502175|0000000000000616|0000000000037305|0000000000000785|0000000000047159|078.47
17032026|502180|0000000000008532|0000000000522244|0000000000018363|0000000001122257|046.46
17032026|502219|0000000000017289|0000000007113560|0000000000023392|0000000009660911|073.91
17032026|502250|0000000000000061|0000000000030659|0000000000000061|0000000000030659|100.00
17032026|502281|0000000000021984|0000000000134982|0000000000026873|0000000000166209|081.81
17032026|502294|0000000000000280|0000000000011332|0000000000000280|0000000000011331|100.00
17032026|502330|0000000000001871|0000000000114356|0000000000003512|0000000000214479|053.27
17032026|502355|0000000000002061|0000000004430944|0000000000004167|0000000008953526|049.46
17032026|502420|0000000000025745|0000000000410633|0000000000032793|0000000000529814|078.51
17032026|502445|0000000000003796|0000000000137378|0000000000004245|0000000000158452|089.42
17032026|502448|0000000000077979|0000000000094093|0000000000077979|0000000000094093|100.00
17032026|502450|0000000000000621|0000000000160871|0000000000000631|0000000000161618|098.42
17032026|502587|0000000000017734|0000000000780296|0000000000017879|0000000000795044|099.19
17032026|502589|0000000000000011|0000000000001046|0000000000000012|0000000000001189|091.67
17032026|502820|0000000000000795|0000000000047295|0000000000000829|0000000000049288|095.90
17032026|502865|0000000000001998|0000000000646753|0000000000002165|0000000000689244|092.29
17032026|502873|0000000000000239|0000000000025334|0000000000000272|0000000000028564|087.87
17032026|502893|0000000000000054|0000000000003672|0000000000000055|0000000000003464|098.18
17032026|502901|0000000000005955|0000000000465681|0000000000006053|0000000000469027|098.38
17032026|502933|0000000000000003|0000000000000300|0000000000000003|0000000000000300|100.00
17032026|502937|0000000000042929|0000000000322792|0000000000042929|0000000000322792|100.00
17032026|502958|0000000000000040|0000000000286600|0000000000000053|0000000000381606|075.47
17032026|502986|0000000000016922|0000000009363789|0000000000064264|0000000035522497|026.33
17032026|503031|0000000000119030|0000000001829492|0000000000128540|0000000001976072|092.60
17032026|503092|0000000000000043|0000000000001226|0000000000000044|0000000000001202|097.73
17032026|503100|0000000000004729|0000000007541100|0000000000008356|0000000013121380|056.59
17032026|503101|0000000000001650|0000000000644160|0000000000002567|0000000000991411|064.28
17032026|503162|0000000000000173|0000000000019852|0000000000000223|0000000000025476|077.58
17032026|503169|0000000000003206|0000000000646330|0000000000003768|0000000000773316|085.08
17032026|503310|0000000000023475|0000000007690410|0000000000046348|0000000015435770|050.65
17032026|503349|0000000000000012|0000000000071234|0000000000000013|0000000000078754|092.31
17032026|503624|0000000000003074|0000000000023455|0000000000005364|0000000000040941|057.31
17032026|503635|0000000000000075|0000000000034635|0000000000000075|0000000000034635|100.00
17032026|503641|0000000000576366|0000000000778095|0000000000741426|0000000000987606|077.74
17032026|503657|0000000000002304|0000000000025414|0000000000002639|0000000000029104|087.31
17032026|503659|0000000000000200|0000000000016480|0000000000000200|0000000000016480|100.00
17032026|503663|0000000000758921|0000000000675440|0000000001064885|0000000000951992|071.27
17032026|503675|0000000000006396|0000000000006460|0000000000006396|0000000000006566|100.00
17032026|503681|0000000000000036|0000000003427992|0000000000000068|0000000006513843|052.94
17032026|503685|0000000000002374|0000000000037960|0000000000002374|0000000000037960|100.00
17032026|503722|0000000000004732|0000000000513422|0000000000004814|0000000000528505|098.30
17032026|503776|0000000000000022|0000000000000766|0000000000000022|0000000000000766|100.00
17032026|503804|0000000000000059|0000000000013960|0000000000000063|0000000000014748|093.65
17032026|503806|0000000000017574|0000000043913033|0000000000024985|0000000062220459|070.34
17032026|503811|0000000000000899|0000000000425407|0000000000001234|0000000000585574|072.85
17032026|503816|0000000000010286|0000000000356719|0000000000010385|0000000000352844|099.05
17032026|503837|0000000000000125|0000000000001625|0000000000000125|0000000000001625|100.00
17032026|503960|0000000000000543|0000000001251398|0000000000001138|0000000002637795|047.72
17032026|504000|0000000000016683|0000000001451588|0000000000029843|0000000002584777|055.90
17032026|504028|0000000000008611|0000000000537155|0000000000009560|0000000000604197|090.07
17032026|504036|0000000000001125|0000000001663032|0000000000001614|0000000002406426|069.70
17032026|504058|0000000000000811|0000000000227648|0000000000000849|0000000000241754|095.52
17032026|504067|0000000000004346|0000000002462227|0000000000013411|0000000007509373|032.41
17032026|504076|0000000000019251|0000000001135617|0000000000026593|0000000001536680|072.39
17032026|504080|0000000000000053|0000000000054058|0000000000000083|0000000000082638|063.86
17032026|504084|0000000000000915|0000000000734196|0000000000001263|0000000001004670|072.45
17032026|504092|0000000000004659|0000000002225054|0000000000004659|0000000002225054|100.00
17032026|504093|0000000000001411|0000000000386897|0000000000001483|0000000000402943|095.14
17032026|504112|0000000000002560|0000000001513856|0000000000004542|0000000002681925|056.36
17032026|504132|0000000000002002|0000000001316516|0000000000002415|0000000001592429|082.90
17032026|504176|0000000000003243|0000000001711656|0000000000005162|0000000002761234|062.82
17032026|504180|0000000000001846|0000000000077708|0000000000001846|0000000000077708|100.00
17032026|504212|0000000000000687|0000000000402857|0000000000000978|0000000000574249|070.25
17032026|504220|0000000000003085|0000000000212033|0000000000004921|0000000000336901|062.69
17032026|504240|0000000000023206|0000000010062122|0000000000025941|0000000011133609|089.46
17032026|504258|0000000000000604|0000000000459040|0000000000000728|0000000000549101|082.97
17032026|504273|0000000000008945|0000000000187297|0000000000008945|0000000000187297|100.00
17032026|504286|0000000000001402|0000000000079999|0000000000001406|0000000000077536|099.72
17032026|504340|0000000000036255|0000000000236383|0000000000036255|0000000000236383|100.00
17032026|504341|0000000000001622|0000000000214510|0000000000002384|0000000000317027|068.04
17032026|504351|0000000004312145|0000000004657117|0000000006744895|0000000007371032|063.93
17032026|504369|0000000000001302|0000000000000638|0000000000001302|0000000000000637|100.00
17032026|504375|0000000000000050|0000000000015750|0000000000000050|0000000000015750|100.00
17032026|504378|0000000000017700|0000000000040179|0000000000025312|0000000000057920|069.93
17032026|504380|0000000000009485|0000000000353791|0000000000009899|0000000000357524|095.82
17032026|504392|0000000000066875|0000000001383308|0000000000066875|0000000001383308|100.00
17032026|504397|0000000000002655|0000000000241818|0000000000002945|0000000000263138|090.15
17032026|504605|0000000000000421|0000000001208418|0000000000000528|0000000001495770|079.73
17032026|504614|0000000000015759|0000000008230926|0000000000028747|0000000014803656|054.82
17032026|504646|0000000000000216|0000000000103821|0000000000000254|0000000000122175|085.04
17032026|504648|0000000000000317|0000000000013584|0000000000000324|0000000000014128|097.84
17032026|504731|0000000000002479|0000000000223755|0000000000003301|0000000000299110|075.10
17032026|504741|0000000000001491|0000000000473542|0000000000001945|0000000000626230|076.66
17032026|504746|0000000000000364|0000000000435081|0000000000000364|0000000000435081|100.00
17032026|504786|0000000000001316|0000000000679385|0000000000001572|0000000000815979|083.72
17032026|504810|0000000000000316|0000000000025912|0000000000000552|0000000000042568|057.25
17032026|504840|0000000000000021|0000000000026972|0000000000000023|0000000000029573|091.30
17032026|504879|0000000000002004|0000000000070020|0000000000002338|0000000000083328|085.71
17032026|504882|0000000000000100|0000000000136005|0000000000000110|0000000000150095|090.91
17032026|504903|0000000000073375|0000000001267187|0000000000081074|0000000001415931|090.50
17032026|504908|0000000000000150|0000000000054765|0000000000000206|0000000000076781|072.82
17032026|504918|0000000000052064|0000000009814064|0000000000113300|0000000021073704|045.95
17032026|504959|0000000000002012|0000000003415370|0000000000002048|0000000003469852|098.24
17032026|504973|0000000000002949|0000000004485872|0000000000005987|0000000009184106|049.26
17032026|504988|0000000000000353|0000000000236634|0000000000000406|0000000000273375|086.95
17032026|505010|0000000000001011|0000000001738061|0000000000001224|0000000002106047|082.60
17032026|505029|0000000000001697|0000000000142837|0000000000002063|0000000000174295|082.26
17032026|505036|0000000000000937|0000000001524593|0000000000001227|0000000001977635|076.37
17032026|505075|0000000000014533|0000000000239214|0000000000014990|0000000000245724|096.95
17032026|505160|0000000000004062|0000000000952336|0000000000005804|0000000001369509|069.99
17032026|505163|0000000000001066|0000000000703560|0000000000001647|0000000001096246|064.72
17032026|505192|0000000000001831|0000000007254148|0000000000003957|0000000015448316|046.27
17032026|505196|0000000000026507|0000000005004522|0000000000029451|0000000005632441|090.00
17032026|505200|0000000000008763|0000000060589135|0000000000019936|0000000137610150|043.96
17032026|505212|0000000000000718|0000000000084724|0000000000000726|0000000000081643|098.90
17032026|505216|0000000000001598|0000000004146810|0000000000001619|0000000004201602|098.70
17032026|505232|0000000000000576|0000000000515261|0000000000000872|0000000000789268|066.06
17032026|505242|0000000000000140|0000000001334193|0000000000000418|0000000003945317|033.49
17032026|505250|0000000000014893|0000000000908176|0000000000015503|0000000000935815|096.07
17032026|505255|0000000000005026|0000000004324371|0000000000006915|0000000005972181|072.68
17032026|505283|0000000000001487|0000000001562391|0000000000003122|0000000003298791|047.63
17032026|505299|0000000000012423|0000000005791603|0000000000014404|0000000006784288|086.25
17032026|505302|0000000000000002|0000000000003610|0000000000000002|0000000000003610|100.00
17032026|505324|0000000000000528|0000000000006891|0000000000000652|0000000000008592|080.98
17032026|505336|0000000003082487|0000000001140521|0000000004998236|0000000001860624|061.67
17032026|505343|0000000000567485|0000000000232669|0000000001125156|0000000000462896|050.44
17032026|505355|0000000000001277|0000000001334465|0000000000002010|0000000002089397|063.53
17032026|505358|0000000000054925|0000000007807589|0000000000061455|0000000008887497|089.37
17032026|505368|0000000000000629|0000000000160521|0000000000001022|0000000000246992|061.55
17032026|505400|0000000000008178|0000000000677711|0000000000008425|0000000000700276|097.07
17032026|505412|0000000000000354|0000000002368101|0000000000000519|0000000003429624|068.21
17032026|505502|0000000000009026|0000000000012005|0000000000009026|0000000000012004|100.00
17032026|505504|0000000000019580|0000000005825041|0000000000019580|0000000005825041|100.00
17032026|505509|0000000000001148|0000000000180523|0000000000001513|0000000000239519|075.88
17032026|505515|0000000000003332|0000000000041884|0000000000008358|0000000000108318|039.87
17032026|505523|0000000000414829|0000000000132746|0000000000610946|0000000000197471|067.90
17032026|505526|0000000000014933|0000000001109821|0000000000020342|0000000001507517|073.41
17032026|505533|0000000000000886|0000000000386695|0000000000003091|0000000001348782|028.66
17032026|505537|0000000000282717|0000000021282936|0000000000586622|0000000044112162|048.19
17032026|505590|0000000000001964|0000000000005038|0000000000001964|0000000000005038|100.00
17032026|505650|0000000000003004|0000000000051068|0000000000003064|0000000000051980|098.04
17032026|505681|0000000000000239|0000000000125834|0000000000000392|0000000000205762|060.97
17032026|505688|0000000000001221|0000000000117888|0000000000001393|0000000000133834|087.65
17032026|505690|0000000000000249|0000000000192428|0000000000000283|0000000000215963|087.99
17032026|505693|0000000000049262|0000000000507892|0000000000058528|0000000000603149|084.17
17032026|505700|0000000000029771|0000000011393362|0000000000059764|0000000022839995|049.81
17032026|505710|0000000000265140|0000000016064833|0000000000290253|0000000017733430|091.35
17032026|505712|0000000000003528|0000000000684609|0000000000003762|0000000000716811|093.78
17032026|505714|0000000000006448|0000000005457910|0000000000013438|0000000011356851|047.98
17032026|505720|0000000000009780|0000000001023966|0000000000011226|0000000001178439|087.12
17032026|505725|0000000000169027|0000000009316769|0000000000403405|0000000022278756|041.90
17032026|505726|0000000000001678|0000000001678672|0000000000003013|0000000003010338|055.69
17032026|505729|0000000000026034|0000000001926516|0000000000032762|0000000002421217|079.46
17032026|505737|0000000000003116|0000000001245154|0000000000003172|0000000001280271|098.23
17032026|505744|0000000000005411|0000000002105962|0000000000005592|0000000002151595|096.76
17032026|505750|0000000000023296|0000000005083188|0000000000027611|0000000006061225|084.37
17032026|505790|0000000000051490|0000000201742969|0000000000057948|0000000225127382|088.86
17032026|505800|0000000000000094|0000000000104345|0000000000000105|0000000000117266|089.52
17032026|505827|0000000000000296|0000000000102949|0000000000000324|0000000000111375|091.36
17032026|505840|0000000000100777|0000000003767045|0000000000223024|0000000009017114|045.19
17032026|505850|0000000000013191|0000000002227960|0000000000023384|0000000003957716|056.41
17032026|505854|0000000000001731|0000000000392937|0000000000001929|0000000000442329|089.74
17032026|505872|0000000000031778|0000000012101063|0000000000038749|0000000014972114|082.01
17032026|505890|0000000000002534|0000000005321274|0000000000003060|0000000006467390|082.81
17032026|505893|0000000000000573|0000000000453387|0000000000000693|0000000000544081|082.68
17032026|505978|0000000000000129|0000000000436736|0000000000000176|0000000000591010|073.30
17032026|506003|0000000000000854|0000000000044144|0000000000000862|0000000000044532|099.07
17032026|506022|0000000000120546|0000000014357029|0000000000127261|0000000015078081|094.72
17032026|506076|0000000000000587|0000000000841054|0000000000001098|0000000001570464|053.46
17032026|506105|0000000000005002|0000000000299620|0000000000005004|0000000000276796|099.96
17032026|506109|0000000000011685|0000000003091851|0000000000020946|0000000005620251|055.79
17032026|506122|0000000000003470|0000000000147528|0000000000003470|0000000000147528|100.00
17032026|506128|0000000000006303|0000000000751948|0000000000006843|0000000000814040|092.11
17032026|506134|0000000000108086|0000000000933864|0000000000152916|0000000001289853|070.68
17032026|506146|0000000000027093|0000000000015985|0000000000031781|0000000000018639|085.25
17032026|506166|0000000000009632|0000000000546104|0000000000009632|0000000000546104|100.00
17032026|506180|0000000000000118|0000000000049069|0000000000000118|0000000000049069|100.00
17032026|506184|0000000000005742|0000000000007637|0000000000006053|0000000000008080|094.86
17032026|506186|0000000000066044|0000000001023022|0000000000074044|0000000001148940|089.20
17032026|506194|0000000000000074|0000000000015770|0000000000000096|0000000000020304|077.08
17032026|506197|0000000000019529|0000000004108902|0000000000048108|0000000009945852|040.59
17032026|506222|0000000000000699|0000000001346624|0000000000000950|0000000001840895|073.58
17032026|506235|0000000000013430|0000000001066880|0000000000025749|0000000002048877|052.16
17032026|506248|0000000000000270|0000000000040473|0000000000000372|0000000000054547|072.58
17032026|506260|0000000000000241|0000000000018247|0000000000000258|0000000000019532|093.41
17032026|506261|0000000000000822|0000000000098558|0000000000001068|0000000000127725|076.97
17032026|506285|0000000000002347|0000000010519841|0000000000003050|0000000013680653|076.95
17032026|506365|0000000000000010|0000000000000827|0000000000000010|0000000000000826|100.00
17032026|506373|0000000000000757|0000000000120704|0000000000000757|0000000000120703|100.00
17032026|506390|0000000000002316|0000000000734867|0000000000002471|0000000000782935|093.73
17032026|506395|0000000000018344|0000000037407085|0000000000031399|0000000063232993|058.42
17032026|506401|0000000000008268|0000000011536754|0000000000013368|0000000018772349|061.85
17032026|506405|0000000000001536|0000000000346368|0000000000001636|0000000000367148|093.89
17032026|506414|0000000000010031|0000000003354868|0000000000017134|0000000005794689|058.54
17032026|506480|0000000000002807|0000000000650382|0000000000003202|0000000000741577|087.66
17032026|506520|0000000000004298|0000000000024112|0000000000007066|0000000000039916|060.83
17032026|506525|0000000000002342|0000000000145204|0000000000002356|0000000000145097|099.41
17032026|506528|0000000000000139|0000000000440054|0000000000000196|0000000000621658|070.92
17032026|506532|0000000000002861|0000000002279931|0000000000003676|0000000002926535|077.83
17032026|506543|0000000000000005|0000000000000043|0000000000000005|0000000000000043|100.00
17032026|506579|0000000000014229|0000000001326143|0000000000018566|0000000001763982|076.64
17032026|506590|0000000000068763|0000000017046348|0000000000121189|0000000030303091|056.74
17032026|506597|0000000000002389|0000000001140867|0000000000003529|0000000001690826|067.70
17032026|506618|0000000000000056|0000000000058240|0000000000000088|0000000000092010|063.64
17032026|506640|0000000000003260|0000000000330238|0000000000004012|0000000000391559|081.26
17032026|506642|0000000002619794|0000000004453650|0000000003073894|0000000005228500|085.23
17032026|506655|0000000000000388|0000000000305395|0000000000000783|0000000000621734|049.55
17032026|506680|0000000000000097|0000000000001234|0000000000000097|0000000000001257|100.00
17032026|506685|0000000000005266|0000000002124568|0000000000007418|0000000002993154|070.99
17032026|506687|0000000000002437|0000000002282129|0000000000003469|0000000003213656|070.25
17032026|506690|0000000000001132|0000000000349109|0000000000001421|0000000000445110|079.66
17032026|506734|0000000000000262|0000000000022758|0000000000000266|0000000000023110|098.50
17032026|506767|0000000000004327|0000000005525796|0000000000011413|0000000014474279|037.91
17032026|506808|0000000000003080|0000000000150027|0000000000004494|0000000000221206|068.54
17032026|506820|0000000000000104|0000000000878312|0000000000000177|0000000001488328|058.76
17032026|506852|0000000000133146|0000000002381982|0000000000136633|0000000002442578|097.45
17032026|506854|0000000000010237|0000000016967828|0000000000016750|0000000028096251|061.12
17032026|506858|0000000000018360|0000000001101600|0000000000018360|0000000001101682|100.00
17032026|506863|0000000000002864|0000000000298882|0000000000002864|0000000000298882|100.00
17032026|506879|0000000000003719|0000000001011940|0000000000007151|0000000001981462|052.01
17032026|506906|0000000000004028|0000000000169545|0000000000004028|0000000000169545|100.00
17032026|506919|0000000000005076|0000000000785258|0000000000009127|0000000001451149|055.62
17032026|506935|0000000000000199|0000000000013351|0000000000000360|0000000000022941|055.28
17032026|506943|0000000000005957|0000000012529656|0000000000010549|0000000022179080|056.47
17032026|506947|0000000000003562|0000000000492091|0000000000003562|0000000000517012|100.00
17032026|506979|0000000000000104|0000000000014352|0000000000000104|0000000000014408|100.00
17032026|506981|0000000000000483|0000000000057960|0000000000000691|0000000000080219|069.90
17032026|507155|0000000000014312|0000000001882028|0000000000018032|0000000002400106|079.37
17032026|507180|0000000000057501|0000000000259330|0000000000063320|0000000000289820|090.81
17032026|507205|0000000000021970|0000000009855742|0000000000038019|0000000017215408|057.79
17032026|507265|0000000000000430|0000000000081614|0000000000000635|0000000000117569|067.72
17032026|507300|0000000000000325|0000000000288958|0000000000000325|0000000000295243|100.00
17032026|507315|0000000000102238|0000000001439512|0000000000103328|0000000001454517|098.95
17032026|507410|0000000000032480|0000000004811912|0000000000055839|0000000008394977|058.17
17032026|507438|0000000000000418|0000000000286247|0000000000000662|0000000000455057|063.14
17032026|507474|0000000000011097|0000000000417581|0000000000012973|0000000000463148|085.54
17032026|507486|0000000000000106|0000000000005818|0000000000000106|0000000000005818|100.00
17032026|507488|0000000000001673|0000000001615868|0000000000003795|0000000003678308|044.08
17032026|507490|0000000000007695|0000000000087185|0000000000008413|0000000000096909|091.47
17032026|507498|0000000000001159|0000000000037401|0000000000001457|0000000000047541|079.55
17032026|507514|0000000000017251|0000000001246903|0000000000035397|0000000002563233|048.74
17032026|507515|0000000000000002|0000000000000038|0000000000000002|0000000000000037|100.00
17032026|507526|0000000000001333|0000000000941898|0000000000002661|0000000001887406|050.09
17032026|507552|0000000000006606|0000000000348401|0000000000008047|0000000000427990|082.09
17032026|507580|0000000000000280|0000000000035056|0000000000000280|0000000000035100|100.00
17032026|507598|0000000000004016|0000000000397785|0000000000004061|0000000000401029|098.89
17032026|507609|0000000000000323|0000000000009484|0000000000000323|0000000000009705|100.00
17032026|507621|0000000000004107|0000000000187690|0000000000005054|0000000000230735|081.26
17032026|507645|0000000000000023|0000000000240825|0000000000000027|0000000000282970|085.19
17032026|507685|0000000000172691|0000000033027154|0000000000442603|0000000084394898|039.02
17032026|507690|0000000000000178|0000000000037443|0000000000000178|0000000000037443|100.00
17032026|507717|0000000000001003|0000000000989911|0000000000001721|0000000001700903|058.28
17032026|507747|0000000000000627|0000000000513357|0000000000000721|0000000000594915|086.96
17032026|507753|0000000000062932|0000000005096863|0000000000105330|0000000008444888|059.75
17032026|507759|0000000000020721|0000000000269373|0000000000021311|0000000000277439|097.23
17032026|507779|0000000000000014|0000000000002226|0000000000000020|0000000000003172|070.00
17032026|507785|0000000000000001|0000000000000185|0000000000000002|0000000000000368|050.00
17032026|507789|0000000000004936|0000000000913407|0000000000006718|0000000001261269|073.47
17032026|507794|0000000000028677|0000000001411482|0000000000032311|0000000001607432|088.75
17032026|507813|0000000000003376|0000000000214140|0000000000004377|0000000000282322|077.13
17032026|507815|0000000000000281|0000000002233529|0000000000000984|0000000007878582|028.56
17032026|507817|0000000000000407|0000000000054274|0000000000000413|0000000000057779|098.55
17032026|507828|0000000000038511|0000000000272273|0000000000048023|0000000000337207|080.19
17032026|507833|0000000000021346|0000000000084104|0000000000022470|0000000000089326|095.00
17032026|507836|0000000000000078|0000000000047842|0000000000000117|0000000000071116|066.67
17032026|507852|0000000000001404|0000000000135908|0000000000001416|0000000000138206|099.15
17032026|507864|0000000000000800|0000000000071149|0000000000000800|0000000000071149|100.00
17032026|507872|0000000000001579|0000000000060950|0000000000001862|0000000000072840|084.80
17032026|507878|0000000000514231|0000000002206051|0000000000668211|0000000002874329|076.96
17032026|507880|0000000000002518|0000000000836102|0000000000004054|0000000001362324|062.11
17032026|507910|0000000000009262|0000000000326543|0000000000009262|0000000000326543|100.00
17032026|507912|0000000000010042|0000000001654420|0000000000013097|0000000002171011|076.67
17032026|507917|0000000000000001|0000000000000043|0000000000000002|0000000000000084|050.00
17032026|507938|0000000000000100|0000000000001042|0000000000000100|0000000000001042|100.00
17032026|507944|0000000000013684|0000000004958398|0000000000025004|0000000009036679|054.73
17032026|507946|0000000000003201|0000000000046863|0000000000003201|0000000000047043|100.00
17032026|507948|0000000000000279|0000000000019045|0000000000000412|0000000000028658|067.72
17032026|507960|0000000000001466|0000000000266373|0000000000001766|0000000000321563|083.01
17032026|507962|0000000000041194|0000000000209372|0000000000041194|0000000000209372|100.00
17032026|507966|0000000000001332|0000000000053001|0000000000001344|0000000000052019|099.11
17032026|507968|0000000000000200|0000000000005175|0000000000000200|0000000000005175|100.00
17032026|507970|0000000000000013|0000000000000460|0000000000000013|0000000000000459|100.00
17032026|507981|0000000000000046|0000000000002758|0000000000000046|0000000000002757|100.00
17032026|507998|0000000000003486|0000000000475491|0000000000005097|0000000000694795|068.39
17032026|508486|0000000000000379|0000000002838578|0000000000000524|0000000003939129|072.33
17032026|508494|0000000000005376|0000000000199450|0000000000005684|0000000000211580|094.58
17032026|508571|0000000000000003|0000000000000380|0000000000000004|0000000000000533|075.00
17032026|508664|0000000000000818|0000000000008622|0000000000000918|0000000000010101|089.11
17032026|508670|0000000000000010|0000000000031510|0000000000000010|0000000000031510|100.00
17032026|508807|0000000000001689|0000000001079440|0000000000002071|0000000001315005|081.55
17032026|508814|0000000000001003|0000000000642923|0000000000002008|0000000001298935|049.95
17032026|508869|0000000000008675|0000000065090260|0000000000010961|0000000082249526|079.14
17032026|508875|0000000000000081|0000000000040509|0000000000000092|0000000000045827|088.04
17032026|508905|0000000000009389|0000000000670000|0000000000009819|0000000000707732|095.62
17032026|508906|0000000000001137|0000000000394767|0000000000002461|0000000000909358|046.20
17032026|508918|0000000000006945|0000000000285857|0000000000008564|0000000000351188|081.10
17032026|508922|0000000000063354|0000000000458049|0000000000063354|0000000000458049|100.00
17032026|508933|0000000000000190|0000000000033887|0000000000000347|0000000000062083|054.76
17032026|508941|0000000000001436|0000000000628322|0000000000001877|0000000000821202|076.50
17032026|508954|0000000000004286|0000000000237445|0000000000007452|0000000000421090|057.51
17032026|508956|0000000000000360|0000000000004450|0000000000000360|0000000000004434|100.00
17032026|508961|0000000000000005|0000000000000846|0000000000000005|0000000000000846|100.00
17032026|508969|0000000000007712|0000000000017892|0000000000008883|0000000000021349|086.82
17032026|508980|0000000000018223|0000000000151069|0000000000019148|0000000000166340|095.17
17032026|508989|0000000000003078|0000000000393677|0000000000005798|0000000000744612|053.09
17032026|509009|0000000000000005|0000000000000494|0000000000000005|0000000000000494|100.00
17032026|509015|0000000000000517|0000000000006817|0000000000000517|0000000000006817|100.00
17032026|509020|0000000000048269|0000000000236036|0000000000049248|0000000000245396|098.01
17032026|509024|0000000000028082|0000000000276889|0000000000029246|0000000000302903|096.02
17032026|509026|0000000000000001|0000000000000088|0000000000000001|0000000000000087|100.00
17032026|509038|0000000000000041|0000000000000516|0000000000000041|0000000000000510|100.00
17032026|509040|0000000000001401|0000000000234893|0000000000001401|0000000000234893|100.00
17032026|509046|0000000000000625|0000000000018964|0000000000000625|0000000000018964|100.00
17032026|509048|0000000000005288|0000000000099442|0000000000005288|0000000000099442|100.00
17032026|509051|0000000002461410|0000000001353776|0000000003641924|0000000001944025|067.59
17032026|509053|0000000000025479|0000000000151601|0000000000027408|0000000000164662|092.96
17032026|509055|0000000000002806|0000000000158876|0000000000003925|0000000000222550|071.49
17032026|509069|0000000000002855|0000000000014218|0000000000002961|0000000000014857|096.42
17032026|509073|0000000000034305|0000000000417149|0000000000034867|0000000000389863|098.39
17032026|509079|0000000000001704|0000000000501147|0000000000002685|0000000000782773|063.46
17032026|509152|0000000000000001|0000000000001700|0000000000000001|0000000000001700|100.00
17032026|509162|0000000000003274|0000000000288833|0000000000004594|0000000000407835|071.27
17032026|509196|0000000000002049|0000000000134046|0000000000002113|0000000000136016|096.97
17032026|509220|0000000000002282|0000000000085963|0000000000002923|0000000000108828|078.07
17032026|509243|0000000000000049|0000000000175487|0000000000000131|0000000000467883|037.40
17032026|509423|0000000000000103|0000000000003575|0000000000000103|0000000000003569|100.00
17032026|509438|0000000000000405|0000000003822228|0000000000001202|0000000011403906|033.69
17032026|509449|0000000000000944|0000000000034919|0000000000000962|0000000000035591|098.13
17032026|509470|0000000000000013|0000000000255840|0000000000000016|0000000000313596|081.25
17032026|509472|0000000000001085|0000000000361143|0000000000001102|0000000000359111|098.46
17032026|509480|0000000000175552|0000000073064743|0000000000200733|0000000082513106|087.46
17032026|509486|0000000000008849|0000000000539878|0000000000009306|0000000000567524|095.09
17032026|509488|0000000000005737|0000000003556654|0000000000017691|0000000010917565|032.43
17032026|509496|0000000000002418|0000000001281661|0000000000008809|0000000004697186|027.45
17032026|509525|0000000000001259|0000000001079467|0000000000001349|0000000001164923|093.33
17032026|509546|0000000000006648|0000000000190798|0000000000008310|0000000000236071|080.00
17032026|509557|0000000000000523|0000000000321541|0000000000000914|0000000000561110|057.22
17032026|509563|0000000000004255|0000000000106971|0000000000005093|0000000000127335|083.55
17032026|509567|0000000000000200|0000000000061560|0000000000000239|0000000000074092|083.68
17032026|509597|0000000000000002|0000000000001399|0000000000000002|0000000000001398|100.00
17032026|509631|0000000000008808|0000000004410606|0000000000031887|0000000015872459|027.62
17032026|509635|0000000000001377|0000000000531178|0000000000001666|0000000000710399|082.65
17032026|509675|0000000000002037|0000000002463141|0000000000002953|0000000003598471|068.98
17032026|509692|0000000000000542|0000000000101354|0000000000000542|0000000000100270|100.00
17032026|509709|0000000000001512|0000000000105432|0000000000001757|0000000000123841|086.06
17032026|509715|0000000000001120|0000000000098616|0000000000001156|0000000000102379|096.89
17032026|509732|0000000000000474|0000000000081837|0000000000000719|0000000000123550|065.92
17032026|509760|0000000000000031|0000000000000916|0000000000000040|0000000000001181|077.50
17032026|509762|0000000000000711|0000000000035790|0000000000000711|0000000000035790|100.00
17032026|509820|0000000000004154|0000000000673156|0000000000006500|0000000001049086|063.91
17032026|509835|0000000000000184|0000000000002488|0000000000000287|0000000000003935|064.11
17032026|509874|0000000000007201|0000000000336071|0000000000008612|0000000000409035|083.62
17032026|509887|0000000000000001|0000000000000869|0000000000000001|0000000000000869|100.00
17032026|509895|0000000000000797|0000000000118594|0000000000001069|0000000000158143|074.56
17032026|509930|0000000000000929|0000000003646604|0000000000002155|0000000008417907|043.11
17032026|509945|0000000000000064|0000000000053440|0000000000000084|0000000000067410|076.19
17032026|509953|0000000000000003|0000000000001802|0000000000000003|0000000000001802|100.00
17032026|509966|0000000000004836|0000000001046753|0000000000006769|0000000001466120|071.44
17032026|510245|0000000000036667|0000000000127235|0000000000054725|0000000000192492|067.00
17032026|511000|0000000000001899|0000000000035949|0000000000001904|0000000000036045|099.74
17032026|511012|0000000000297023|0000000000195226|0000000000297023|0000000000195226|100.00
17032026|511018|0000000000051798|0000000002807970|0000000000086252|0000000004679896|060.05
17032026|511034|0000000000007615|0000000003549352|0000000000014840|0000000006958799|051.31
17032026|511066|0000000000009899|0000000000207484|0000000000012772|0000000000272582|077.51
17032026|511076|0000000000005499|0000000000370798|0000000000007506|0000000000506873|073.26
17032026|511092|0000000000006974|0000000000040868|0000000000006975|0000000000039712|099.99
17032026|511108|0000000000001646|0000000000237024|0000000000001646|0000000000236663|100.00
17032026|511110|0000000000000519|0000000000008289|0000000000001037|0000000000016734|050.05
17032026|511122|0000000000000156|0000000000012324|0000000000000167|0000000000012410|093.41
17032026|511131|0000000000018852|0000000000299370|0000000000028561|0000000000447993|066.01
17032026|511147|0000000000001061|0000000000063660|0000000000001253|0000000000075034|084.68
17032026|511153|0000000000020076|0000000000302345|0000000000021639|0000000000333024|092.78
17032026|511176|0000000000000002|0000000000000182|0000000000000002|0000000000000182|100.00
17032026|511187|0000000000007687|0000000000011531|0000000000007737|0000000000011362|099.35
17032026|511194|0000000000000018|0000000000000866|0000000000000019|0000000000000945|094.74
17032026|511196|0000000000002858|0000000002367711|0000000000006955|0000000005832107|041.09
17032026|511208|0000000000034130|0000000000233791|0000000000036413|0000000000246922|093.73
17032026|511218|0000000000056434|0000000056713349|0000000000140850|0000000140970045|040.07
17032026|511243|0000000001181191|0000001805096087|0000000001203069|0000001849646974|098.18
17032026|511246|0000000000000289|0000000000001275|0000000000000302|0000000000001352|095.70
17032026|511260|0000000000010774|0000000000495712|0000000000013380|0000000000616312|080.52
17032026|511333|0000000000000310|0000000000069719|0000000000000364|0000000000081843|085.16
17032026|511355|0000000000032909|0000000000361999|0000000000032910|0000000000359547|100.00
17032026|511359|0000000000002825|0000000000134866|0000000000004251|0000000000203512|066.45
17032026|511391|0000000000000151|0000000000008192|0000000000000151|0000000000008191|100.00
17032026|511401|0000000000000003|0000000000000022|0000000000000003|0000000000000021|100.00
17032026|511411|0000000000000216|0000000000005984|0000000000000228|0000000000006359|094.74
17032026|511413|0000000000000114|0000000000036822|0000000000000123|0000000000040134|092.68
17032026|511431|0000000000130996|0000000000779427|0000000000261500|0000000001542669|050.09
17032026|511441|0000000000000838|0000000000022275|0000000000000838|0000000000022274|100.00
17032026|511447|0000000070002499|0000000067474464|0000000070002499|0000000067474464|100.00
17032026|511451|0000000000000036|0000000000000310|0000000000000036|0000000000000309|100.00
17032026|511463|0000000000007040|0000000000057588|0000000000007586|0000000000063209|092.80
17032026|511473|0000000000002203|0000000000067853|0000000000002895|0000000000090396|076.10
17032026|511493|0000000000023836|0000000000070078|0000000000028598|0000000000083622|083.35
17032026|511501|0000000000003675|0000000000077139|0000000000004915|0000000000098880|074.77
17032026|511505|0000000000001534|0000000000017988|0000000000001534|0000000000017988|100.00
17032026|511507|0000000000001124|0000000000058089|0000000000001124|0000000000053849|100.00
17032026|511509|0000000000015256|0000000000376671|0000000000020851|0000000000511882|073.17
17032026|511523|0000000000014722|0000000000294293|0000000000056585|0000000001129900|026.02
17032026|511525|0000000000019266|0000000000031597|0000000000031986|0000000000052503|060.23
17032026|511533|0000000000000510|0000000000018575|0000000000000831|0000000000030470|061.37
17032026|511535|0000000000002429|0000000000093566|0000000000002429|0000000000093566|100.00
17032026|511539|0000000000001051|0000000000014404|0000000000001051|0000000000014404|100.00
17032026|511543|0000000000004554|0000000000146730|0000000000004554|0000000000145728|100.00
17032026|511549|0000000000001140|0000000000051585|0000000000001415|0000000000064480|080.57
17032026|511551|0000000000000935|0000000000248570|0000000000001044|0000000000278375|089.56
17032026|511557|0000000003035444|0000000010016966|0000000003499667|0000000011474275|086.74
17032026|511559|0000000000000026|0000000000006754|0000000000000026|0000000000006606|100.00
17032026|511563|0000000000000093|0000000000003627|0000000000000093|0000000000003627|100.00
17032026|511571|0000000000000934|0000000000110166|0000000000000989|0000000000115264|094.44
17032026|511577|0000000000000008|0000000000000106|0000000000000010|0000000000000139|080.00
17032026|511585|0000000000000188|0000000000000527|0000000000000188|0000000000000534|100.00
17032026|511589|0000000000007099|0000000000087105|0000000000008925|0000000000105179|079.54
17032026|511593|0000000000000002|0000000000000036|0000000000000003|0000000000000053|066.67
17032026|511601|0000000000002694|0000000000020690|0000000000004514|0000000000035445|059.68
17032026|511605|0000000000004024|0000000000280594|0000000000006131|0000000000423709|065.63
17032026|511609|0000000000000400|0000000000011840|0000000000000400|0000000000011841|100.00
17032026|511611|0000000000099550|0000000000834172|0000000000099550|0000000000834172|100.00
17032026|511626|0000000000001004|0000000000083182|0000000000001267|0000000000102888|079.24
17032026|511628|0000000000297083|0000000011036634|0000000000563136|0000000020658796|052.76
17032026|511630|0000000000019808|0000000000118452|0000000000020198|0000000000120829|098.07
17032026|511636|0000000000006530|0000000000013844|0000000000007856|0000000000016531|083.12
17032026|511644|0000000000004430|0000000000262875|0000000000004430|0000000000262875|100.00
17032026|511654|0000000000000110|0000000000006472|0000000000000160|0000000000009433|068.75
17032026|511658|0000000000037728|0000000000633831|0000000000038040|0000000000643962|099.18
17032026|511664|0000000000015831|0000000000163851|0000000000062376|0000000000631128|025.38
17032026|511672|0000000000023000|0000000000629970|0000000000028764|0000000000805153|079.96
17032026|511676|0000000000006648|0000000000960969|0000000000008072|0000000001154912|082.36
17032026|511692|0000000000022541|0000000000131415|0000000000022752|0000000000130842|099.07
17032026|511700|0000000001551418|0000000000837766|0000000002113075|0000000001141114|073.42
17032026|511702|0000000000015424|0000000002457815|0000000000015562|0000000002550307|099.11
17032026|511710|0000000000013601|0000000000027339|0000000000014194|0000000000028649|095.82
17032026|511712|0000000000001095|0000000000078523|0000000000001095|0000000000077889|100.00
17032026|511714|0000000000001021|0000000000200014|0000000000008968|0000000001715019|011.38
17032026|511716|0000000000002291|0000000000012853|0000000000002291|0000000000012018|100.00
17032026|511724|0000000000005010|0000000000055060|0000000000005052|0000000000054523|099.17
17032026|511726|0000000000003590|0000000000041641|0000000000003590|0000000000041641|100.00
17032026|511728|0000000000000014|0000000000000280|0000000000000014|0000000000000279|100.00
17032026|511738|0000000000004001|0000000000136835|0000000000004001|0000000000136834|100.00
17032026|511740|0000000000000273|0000000000033020|0000000000000273|0000000000033019|100.00
17032026|511742|0000000000032082|0000000002781510|0000000000045479|0000000003902181|070.54
17032026|511754|0000000000006806|0000000000611043|0000000000007738|0000000000705382|087.96
17032026|511756|0000000000000004|0000000000000146|0000000000000004|0000000000000146|100.00
17032026|511764|0000000000000411|0000000000014805|0000000000000598|0000000000021558|068.73
17032026|511766|0000000000001205|0000000000239374|0000000000001652|0000000000327455|072.94
17032026|511768|0000000000002780|0000000000193933|0000000000003556|0000000000249067|078.18
17032026|512008|0000000000042261|0000000008295835|0000000000052348|0000000010371183|080.73
17032026|512014|0000000000000046|0000000000034218|0000000000000052|0000000000038962|088.46
17032026|512018|0000000000081542|0000000000682507|0000000000093155|0000000000788686|087.53
17032026|512020|0000000000000027|0000000000262801|0000000000000029|0000000000284466|093.10
17032026|512025|0000000000035108|0000000001646215|0000000000143521|0000000006501010|024.46
17032026|512036|0000000000000003|0000000000000450|0000000000000003|0000000000000450|100.00
17032026|512038|0000000000002223|0000000000824178|0000000000002579|0000000000954027|086.20
17032026|512047|0000000000092197|0000000000436092|0000000000092208|0000000000436143|099.99
17032026|512048|0000000000101004|0000000000304023|0000000000135216|0000000000407090|074.70
17032026|512062|0000000000000050|0000000000002251|0000000000000050|0000000000002251|100.00
17032026|512065|0000000000000108|0000000000001650|0000000000000108|0000000000001650|100.00
17032026|512068|0000000000550803|0000000054639658|0000000001096090|0000000108537564|050.25
17032026|512070|0000000000006257|0000000003854625|0000000000015946|0000000009804609|039.24
17032026|512093|0000000000041471|0000000000158944|0000000000041471|0000000000158944|100.00
17032026|512097|0000000000259043|0000000000067352|0000000000298145|0000000000075525|086.88
17032026|512103|0000000000000174|0000000000046980|0000000000000175|0000000000047111|099.43
17032026|512109|0000000000000156|0000000000009643|0000000000000156|0000000000009642|100.00
17032026|512115|0000000000000809|0000000000054009|0000000000001630|0000000000107247|049.63
17032026|512131|0000000000002305|0000000000105454|0000000000002310|0000000000098486|099.78
17032026|512149|0000000006300048|0000000006009416|0000000006300048|0000000006009416|100.00
17032026|512161|0000000000031944|0000000000677852|0000000000034936|0000000000728456|091.44
17032026|512165|0000000000009526|0000000000209572|0000000000010475|0000000000237018|090.94
17032026|512175|0000000000030484|0000000000101512|0000000000041331|0000000000141411|073.76
17032026|512179|0000000000066733|0000000020954162|0000000000072511|0000000022780215|092.03
17032026|512197|0000000000001386|0000000000005939|0000000000001386|0000000000005939|100.00
17032026|512217|0000000000040680|0000000001079241|0000000000048421|0000000001303607|084.01
17032026|512229|0000000000011530|0000000001830361|0000000000011530|0000000001830361|100.00
17032026|512237|0000000000006799|0000000000665963|0000000000012733|0000000001244018|053.40
17032026|512247|0000000000021605|0000000000055957|0000000000033192|0000000000085187|065.09
17032026|512257|0000000000004324|0000000000015134|0000000000008539|0000000000029895|050.64
17032026|512267|0000000000014999|0000000000138741|0000000000024617|0000000000227988|060.93
17032026|512277|0000000000000599|0000000000214758|0000000000000599|0000000000214758|100.00
17032026|512296|0000000000003597|0000000000532716|0000000000006586|0000000000956252|054.62
17032026|512297|0000000000005093|0000000000246806|0000000000005093|0000000000246806|100.00
17032026|512301|0000000000051716|0000000001704027|0000000000051716|0000000001704027|100.00
17032026|512329|0000000000007923|0000000003454032|0000000000011949|0000000005187244|066.31
17032026|512344|0000000000000005|0000000000000029|0000000000000005|0000000000000029|100.00
17032026|512345|0000000000000017|0000000000002886|0000000000000017|0000000000002886|100.00
17032026|512361|0000000000129328|0000000003292691|0000000000172379|0000000004354937|075.03
17032026|512379|0000000000340020|0000000000751445|0000000000398854|0000000000878911|085.25
17032026|512381|0000000000000154|0000000000038516|0000000000003221|0000000000812127|004.78
17032026|512393|0000000000001334|0000000000033817|0000000000002008|0000000000053727|066.43
17032026|512399|0000000000006043|0000000000212835|0000000000007618|0000000000268130|079.33
17032026|512415|0000000000054496|0000000000303543|0000000000058257|0000000000325439|093.54
17032026|512437|0000000000000110|0000000000039633|0000000000000209|0000000000076815|052.63
17032026|512441|0000000009538347|0000000004292257|0000000018105892|0000000007692018|052.68
17032026|512443|0000000000075529|0000000001221304|0000000000093974|0000000001531066|080.37
17032026|512453|0000000000000339|0000000000202960|0000000000000420|0000000000250141|080.71
17032026|512455|0000000000027730|0000000034285372|0000000000073603|0000000088847058|037.68
17032026|512463|0000000000216760|0000000009871251|0000000000322828|0000000014550742|067.14
17032026|512477|0000000000000212|0000000000077359|0000000000000212|0000000000077359|100.00
17032026|512489|0000000000027789|0000000000341805|0000000000032062|0000000000401441|086.67
17032026|512493|0000000000002871|0000000000168862|0000000000002871|0000000000168862|100.00
17032026|512499|0000000000021758|0000000000010662|0000000000021758|0000000000010661|100.00
17032026|512519|0000000000000076|0000000000006460|0000000000000076|0000000000006444|100.00
17032026|512527|0000000000004634|0000000002826509|0000000000004693|0000000002852915|098.74
17032026|512529|0000000000018212|0000000003493062|0000000000035052|0000000006744254|051.96
17032026|512531|0000000000001142|0000000000115400|0000000000001296|0000000000131019|088.12
17032026|512553|0000000000000061|0000000000011499|0000000000000061|0000000000011498|100.00
17032026|512559|0000000000002630|0000000000059596|0000000000003433|0000000000077507|076.61
17032026|512573|0000000000012056|0000000015028407|0000000000036818|0000000045418462|032.74
17032026|512587|0000000000014066|0000000000458833|0000000000017358|0000000000581930|081.03
17032026|512589|0000000000000408|0000000000063832|0000000000000540|0000000000086619|075.56
17032026|512591|0000000035769896|0000000035044045|0000000035769896|0000000035044045|100.00
17032026|512595|0000000000001612|0000000001360821|0000000000001612|0000000001360821|100.00
17032026|512597|0000000000000066|0000000000017306|0000000000000077|0000000000019847|085.71
17032026|512599|0000000000015996|0000000031596899|0000000000042696|0000000084076366|037.46
17032026|512600|0000000000002687|0000000000197871|0000000000004960|0000000000363395|054.17
17032026|512604|0000000000000162|0000000000001089|0000000000000169|0000000000001135|095.86
17032026|512608|0000000000384454|0000000000961135|0000000000473009|0000000001191603|081.28
17032026|512618|0000000000001136|0000000000011940|0000000000001161|0000000000012913|097.85
17032026|512624|0000000000005002|0000000000028612|0000000000011266|0000000000064332|044.40
17032026|512626|0000000000001067|0000000000161651|0000000000001139|0000000000173760|093.68
17032026|512634|0000000000060754|0000000010395010|0000000000062623|0000000010675702|097.02
17032026|513005|0000000000001246|0000000000052183|0000000000001850|0000000000079799|067.35
17032026|513023|0000000000002696|0000000001483070|0000000000007073|0000000003857225|038.12
17032026|513043|0000000000001183|0000000000161303|0000000000001390|0000000000186911|085.11
17032026|513059|0000000000002789|0000000000084256|0000000000004198|0000000000132082|066.44
17032026|513063|0000000000005007|0000000000099289|0000000000005007|0000000000098527|100.00
17032026|513097|0000000000005812|0000000002424767|0000000000006741|0000000002812203|086.22
17032026|513108|0000000000000220|0000000000178486|0000000000000357|0000000000293062|061.62
17032026|513117|0000000000006596|0000000000043072|0000000000006627|0000000000042607|099.53
17032026|513121|0000000000004202|0000000000284686|0000000000004414|0000000000297250|095.20
17032026|513149|0000000000000036|0000000000024948|0000000000000036|0000000000024948|100.00
17032026|513173|0000000000000962|0000000000019058|0000000000001574|0000000000031963|061.12
17032026|513228|0000000000017637|0000000002495636|0000000000029268|0000000004095958|060.26
17032026|513250|0000000000486567|0000000005108954|0000000000965175|0000000010172344|050.41
17032026|513252|0000000000000067|0000000000051992|0000000000000068|0000000000052078|098.53
17032026|513262|0000000000003064|0000000000552899|0000000000004525|0000000000816042|067.71
17032026|513269|0000000000002655|0000000001052973|0000000000006064|0000000002389370|043.78
17032026|513295|0000000000001611|0000000000261305|0000000000002080|0000000000342547|077.45
17032026|513303|0000000000001037|0000000000013720|0000000000001040|0000000000012853|099.71
17032026|513307|0000000000000493|0000000000979252|0000000000000493|0000000000979252|100.00
17032026|513309|0000000000001478|0000000000010494|0000000000001732|0000000000012652|085.33
17032026|513337|0000000002085736|0000000001063726|0000000002983567|0000000001539573|069.91
17032026|513349|0000000000013242|0000000001508264|0000000000018597|0000000002129266|071.20
17032026|513353|0000000000005109|0000000001111463|0000000000006527|0000000001433570|078.27
17032026|513361|0000000000166787|0000000002405069|0000000000205817|0000000002980358|081.04
17032026|513369|0000000000000420|0000000000049182|0000000000000421|0000000000051287|099.76
17032026|513375|0000000000002933|0000000002208403|0000000000005210|0000000003917405|056.30
17032026|513377|0000000000013024|0000000000692617|0000000000040087|0000000002124008|032.49
17032026|513397|0000000000000093|0000000000001223|0000000000000093|0000000000001215|100.00
17032026|513418|0000000000108202|0000000000473925|0000000000110275|0000000000484912|098.12
17032026|513422|0000000000000604|0000000000018724|0000000000000604|0000000000017632|100.00
17032026|513436|0000000000000101|0000000000006141|0000000000000108|0000000000006160|093.52
17032026|513452|0000000000000001|0000000000000010|0000000000000001|0000000000000009|100.00
17032026|513456|0000000000009542|0000000000484830|0000000000024862|0000000001279148|038.38
17032026|513460|0000000000000008|0000000000000069|0000000000000008|0000000000000069|100.00
17032026|513472|0000000000081113|0000000038654401|0000000000112344|0000000050787926|072.20
17032026|513488|0000000000000189|0000000000003488|0000000000000197|0000000000003604|095.94
17032026|513496|0000000000000606|0000000000175907|0000000000000606|0000000000175907|100.00
17032026|513498|0000000000001522|0000000000106799|0000000000001722|0000000000119788|088.39
17032026|513502|0000000000066233|0000000000533606|0000000000066233|0000000000533606|100.00
17032026|513509|0000000000000059|0000000000033689|0000000000000064|0000000000035750|092.19
17032026|513511|0000000000000005|0000000000001575|0000000000000010|0000000000003149|050.00
17032026|513513|0000000000000340|0000000000003336|0000000000000347|0000000000003480|097.98
17032026|513517|0000000000000494|0000000000107445|0000000000000617|0000000000134217|080.06
17032026|513519|0000000000001432|0000000001105648|0000000000002441|0000000001904255|058.66
17032026|513528|0000000000248994|0000000011461452|0000000000248994|0000000011461452|100.00
17032026|513532|0000000000001643|0000000000540547|0000000000001726|0000000000567918|095.19
17032026|513536|0000000000028028|0000000002544943|0000000000032750|0000000002944643|085.58
17032026|513540|0000000000000300|0000000000006705|0000000000000300|0000000000006705|100.00
17032026|513548|0000000000001090|0000000000178270|0000000000001302|0000000000207468|083.72
17032026|513554|0000000000000916|0000000000795821|0000000000001254|0000000001136220|073.05
17032026|513566|0000000000003844|0000000000046128|0000000000003912|0000000000047129|098.26
17032026|513575|0000000000004592|0000000000090968|0000000000005641|0000000000117769|081.40
17032026|513599|0000000000496856|0000000244999694|0000000001537177|0000000741672236|032.32
17032026|513629|0000000000007923|0000000000165037|0000000000007926|0000000000165088|099.96
17032026|513642|0000000000003384|0000000000143820|0000000000003919|0000000000172190|086.35
17032026|513683|0000000000011798|0000000003094026|0000000000031612|0000000008284528|037.32
17032026|513687|0000000000000027|0000000000000128|0000000000000027|0000000000000128|100.00
17032026|513693|0000000000002393|0000000000063918|0000000000003318|0000000000088605|072.12
17032026|513699|0000000000000200|0000000000005026|0000000000000249|0000000000006149|080.32
17032026|513709|0000000000022141|0000000003606769|0000000000022327|0000000003587622|099.17
17032026|513713|0000000000027726|0000000000106468|0000000000029129|0000000000108904|095.18
17032026|513721|0000000000000025|0000000000000383|0000000000000025|0000000000000383|100.00
17032026|513729|0000000000000010|0000000000000230|0000000000000015|0000000000000345|066.67
17032026|514010|0000000000298410|0000000005526554|0000000000330143|0000000006126001|090.39
17032026|514028|0000000000000415|0000000000014940|0000000000000415|0000000000014632|100.00
17032026|514030|0000000000002916|0000000000303848|0000000000003464|0000000000359641|084.18
17032026|514043|0000000000019616|0000000001573988|0000000000037928|0000000003068810|051.72
17032026|514045|0000000000000796|0000000000097789|0000000000000858|0000000000106315|092.77
17032026|514060|0000000000008845|0000000000039272|0000000000012023|0000000000054542|073.57
17032026|514087|0000000000000316|0000000000016613|0000000000000404|0000000000021580|078.22
17032026|514113|0000000000001319|0000000000021898|0000000000001319|0000000000021898|100.00
17032026|514138|0000000000003193|0000000001010585|0000000000003276|0000000001031969|097.47
17032026|514142|0000000000010547|0000000000089262|0000000000010547|0000000000089262|100.00
17032026|514162|0000000000030580|0000000003336278|0000000000061290|0000000006751726|049.89
17032026|514165|0000000000108838|0000000000491948|0000000000143001|0000000000649040|076.11
17032026|514167|0000000000022427|0000000018973242|0000000000048407|0000000041210781|046.33
17032026|514171|0000000000000217|0000000000009402|0000000000000217|0000000000009402|100.00
17032026|514175|0000000000057413|0000000000439112|0000000000057413|0000000000439112|100.00
17032026|514177|0000000000000139|0000000000007406|0000000000000139|0000000000007406|100.00
17032026|514183|0000000000016522|0000000001211228|0000000000019690|0000000001453827|083.91
17032026|514197|0000000000004057|0000000000016472|0000000000005406|0000000000021651|075.05
17032026|514211|0000000000002649|0000000000078225|0000000000003215|0000000000096291|082.40
17032026|514223|0000000000007272|0000000000131534|0000000000007272|0000000000131534|100.00
17032026|514234|0000000000000222|0000000000095327|0000000000000263|0000000000112921|084.41
17032026|514238|0000000000000281|0000000000230378|0000000000000354|0000000000284070|079.38
17032026|514240|0000000000001955|0000000000011906|0000000000002044|0000000000012166|095.65
17032026|514260|0000000000000005|0000000000000237|0000000000000005|0000000000000236|100.00
17032026|514264|0000000000000254|0000000000004750|0000000000000489|0000000000008209|051.94
17032026|514266|0000000000003501|0000000000164127|0000000000003566|0000000000163691|098.18
17032026|514272|0000000000002152|0000000000232416|0000000000002152|0000000000226005|100.00
17032026|514274|0000000000000968|0000000000057384|0000000000001100|0000000000065190|088.00
17032026|514280|0000000000000288|0000000000043056|0000000000000520|0000000000074513|055.38
17032026|514286|0000000000003995|0000000000057808|0000000000004352|0000000000062544|091.80
17032026|514300|0000000000002705|0000000000063406|0000000000035376|0000000000831493|007.65
17032026|514302|0000000000000322|0000000000046996|0000000000000322|0000000000047638|100.00
17032026|514316|0000000000011381|0000000001282070|0000000000012104|0000000001279479|094.03
17032026|514318|0000000000000025|0000000000010850|0000000000000025|0000000000010850|100.00
17032026|514322|0000000000000020|0000000000001501|0000000000000030|0000000000002212|066.67
17032026|514324|0000000000000263|0000000000185462|0000000000000263|0000000000185462|100.00
17032026|514326|0000000000003369|0000000000022573|0000000000004418|0000000000028559|076.26
17032026|514330|0000000000011581|0000000006784150|0000000000028835|0000000017064215|040.16
17032026|514332|0000000000000121|0000000000005275|0000000000000231|0000000000010011|052.38
17032026|514336|0000000000000399|0000000000040632|0000000000000399|0000000000040632|100.00
17032026|514348|0000000000000001|0000000000000001|0000000000000001|0000000000000001|100.00
17032026|514354|0000000000027389|0000000001652105|0000000000029315|0000000001788841|093.43
17032026|514358|0000000000000005|0000000000000478|0000000000000005|0000000000000482|100.00
17032026|514360|0000000000048988|0000000001133093|0000000000072785|0000000001686136|067.30
17032026|514378|0000000000000155|0000000000001899|0000000000000165|0000000000002012|093.94
17032026|514386|0000000000064266|0000000000576467|0000000000071743|0000000000632127|089.58
17032026|514402|0000000000035747|0000000000416811|0000000000045056|0000000000523506|079.34
17032026|514412|0000000000000134|0000000000019484|0000000000000134|0000000000019484|100.00
17032026|514414|0000000000000454|0000000000004916|0000000000000454|0000000000004916|100.00
17032026|514418|0000000000000173|0000000000069884|0000000000000174|0000000000068903|099.43
17032026|514428|0000000000001884|0000000000555780|0000000000001981|0000000000572940|095.10
17032026|514440|0000000000001812|0000000000063801|0000000000001812|0000000000064027|100.00
17032026|514442|0000000000010412|0000000000193560|0000000000012209|0000000000219852|085.28
17032026|514448|0000000000012032|0000000009385562|0000000000017212|0000000013562663|069.90
17032026|514454|0000000000000530|0000000000014862|0000000000000531|0000000000014843|099.81
17032026|514470|0000000000014251|0000000000956100|0000000000016242|0000000001086550|087.74
17032026|515008|0000000000032416|0000000007086138|0000000000046291|0000000010069736|070.03
17032026|515018|0000000000000033|0000000000001319|0000000000000050|0000000000002064|066.00
17032026|515030|0000000000001090|0000000000916145|0000000000002021|0000000001703710|053.93
17032026|515037|0000000000005303|0000000000159197|0000000000006818|0000000000204144|077.78
17032026|515043|0000000000019320|0000000001789998|0000000000024685|0000000002288685|078.27
17032026|515055|0000000000100382|0000000045051442|0000000000223119|0000000099118291|044.99
17032026|515059|0000000000003233|0000000000104426|0000000000003242|0000000000104680|099.72
17032026|515085|0000000000000793|0000000000004988|0000000000000961|0000000000006012|082.52
17032026|515093|0000000000020000|0000000000673000|0000000000020000|0000000000673200|100.00
17032026|515147|0000000000051057|0000000004043715|0000000000065056|0000000005234003|078.48
17032026|516003|0000000000008061|0000000000999161|0000000000008984|0000000001114381|089.73
17032026|516016|0000000000000464|0000000000063104|0000000000000842|0000000000114822|055.11
17032026|516020|0000000000000207|0000000000000781|0000000000000325|0000000000001228|063.69
17032026|516022|0000000000000586|0000000000075272|0000000000000695|0000000000090907|084.32
17032026|516030|0000000000005546|0000000000447951|0000000000008487|0000000000674386|065.35
17032026|516032|0000000000003250|0000000000020768|0000000000005284|0000000000033665|061.51
17032026|516038|0000000000005162|0000000001040877|0000000000005162|0000000001040877|100.00
17032026|516062|0000000000000730|0000000000003971|0000000000000730|0000000000003971|100.00
17032026|516064|0000000000000763|0000000000279869|0000000000001433|0000000000513653|053.24
17032026|516072|0000000000000481|0000000000244902|0000000000000696|0000000000350408|069.11
17032026|516078|0000000000001231|0000000000068986|0000000000001522|0000000000086246|080.88
17032026|516082|0000000000000097|0000000000040677|0000000000000105|0000000000042454|092.38
17032026|516092|0000000000004542|0000000000136260|0000000000004557|0000000000130294|099.67
17032026|516098|0000000000003722|0000000000026278|0000000000004039|0000000000028494|092.15
17032026|516106|0000000000000286|0000000000001705|0000000000000286|0000000000001715|100.00
17032026|516108|0000000000002719|0000000000238484|0000000000002784|0000000000241354|097.67
17032026|516110|0000000000043490|0000000000125252|0000000000067620|0000000000194416|064.32
17032026|517015|0000000000000792|0000000000863518|0000000000000882|0000000000971444|089.80
17032026|517035|0000000000048559|0000000007342121|0000000000084236|0000000012781642|057.65
17032026|517041|0000000000001497|0000000001413917|0000000000002387|0000000002217917|062.71
17032026|517059|0000000000002742|0000000001493294|0000000000003526|0000000001927392|077.77
17032026|517063|0000000000003907|0000000000456533|0000000000004573|0000000000530568|085.44
17032026|517077|0000000000000003|0000000000000115|0000000000000003|0000000000000122|100.00
17032026|517096|0000000000002730|0000000000196479|0000000000003659|0000000000257017|074.61
17032026|517119|0000000000001511|0000000000027878|0000000000001519|0000000000028954|099.47
17032026|517146|0000000000007259|0000000002899971|0000000000016064|0000000006372630|045.19
17032026|517166|0000000000023217|0000000003089022|0000000000035701|0000000004699339|065.03
17032026|517168|0000000000000475|0000000000321314|0000000000000903|0000000000609027|052.60
17032026|517170|0000000000061086|0000000001337173|0000000000064935|0000000001434473|094.07
17032026|517174|0000000000000075|0000000002195588|0000000000000136|0000000003999525|055.15
17032026|517201|0000000000001008|0000000000072507|0000000000001008|0000000000072507|100.00
17032026|517206|0000000000000611|0000000003077485|0000000000001399|0000000007004773|043.67
17032026|517214|0000000000003400|0000000000057834|0000000000003872|0000000000066659|087.81
17032026|517236|0000000000008446|0000000000668079|0000000000009250|0000000000736157|091.31
17032026|517238|0000000000001421|0000000000234465|0000000000001421|0000000000233873|100.00
17032026|517246|0000000000013116|0000000001526703|0000000000014425|0000000001642672|090.93
17032026|517258|0000000000000550|0000000000075350|0000000000000608|0000000000084315|090.46
17032026|517264|0000000000000287|0000000000023216|0000000000000390|0000000000031343|073.59
17032026|517271|0000000000040453|0000000026883042|0000000000079770|0000000052843108|050.71
17032026|517273|0000000000000004|0000000000001386|0000000000000004|0000000000001386|100.00
17032026|517286|0000000000060057|0000000003031721|0000000000060057|0000000003031721|100.00
17032026|517288|0000000000000832|0000000000044812|0000000000000860|0000000000046693|096.74
17032026|517300|0000000000010578|0000000001376198|0000000000016104|0000000002096310|065.69
17032026|517320|0000000000001545|0000000000101352|0000000000001545|0000000000101352|100.00
17032026|517334|0000000000198390|0000000023003321|0000000000478711|0000000055103911|041.44
17032026|517336|0000000000000100|0000000000001552|0000000000000100|0000000000001552|100.00
17032026|517344|0000000000001250|0000000000214438|0000000000001621|0000000000276551|077.11
17032026|517354|0000000000024789|0000000032678100|0000000000046909|0000000061318815|052.84
17032026|517356|0000000000039170|0000000000045875|0000000000039170|0000000000045875|100.00
17032026|517360|0000000000000001|0000000000000020|0000000000000001|0000000000000019|100.00
17032026|517370|0000000000002466|0000000000220609|0000000000003591|0000000000319380|068.67
17032026|517372|0000000000000638|0000000000276988|0000000000000872|0000000000381487|073.17
17032026|517380|0000000000002635|0000000000811844|0000000000002788|0000000000864681|094.51
17032026|517385|0000000000002134|0000000001678071|0000000000004672|0000000003672047|045.68
17032026|517393|0000000000168863|0000000001308190|0000000000168863|0000000001308190|100.00
17032026|517397|0000000000007448|0000000000245859|0000000000008761|0000000000276315|085.01
17032026|517399|0000000000000179|0000000000000540|0000000000000179|0000000000000540|100.00
17032026|517411|0000000000003625|0000000000028964|0000000000003935|0000000000032464|092.12
17032026|517415|0000000000020134|0000000000155469|0000000000020134|0000000000155469|100.00
17032026|517417|0000000000005123|0000000001136026|0000000000006061|0000000001345042|084.52
17032026|517421|0000000000000564|0000000000330053|0000000000001255|0000000000746615|044.94
17032026|517429|0000000000000847|0000000000057884|0000000000000847|0000000000056306|100.00
17032026|517431|0000000000094033|0000000001710461|0000000000150718|0000000002584981|062.39
17032026|517437|0000000000000475|0000000000048925|0000000000000475|0000000000048935|100.00
17032026|517447|0000000000014155|0000000000380770|0000000000014446|0000000000390022|097.99
17032026|517449|0000000000000527|0000000000465078|0000000000000633|0000000000559580|083.25
17032026|517467|0000000000018336|0000000002443272|0000000000061631|0000000008381794|029.75
17032026|517477|0000000000001863|0000000000592900|0000000000001973|0000000000643858|094.42
17032026|517494|0000000000022686|0000000000261797|0000000000028898|0000000000339790|078.50
17032026|517498|0000000000546529|0000000034043292|0000000001238514|0000000074806014|044.13
17032026|517500|0000000000016453|0000000000927456|0000000000025452|0000000001431469|064.64
17032026|517506|0000000000008344|0000000004042668|0000000000018712|0000000009172643|044.59
17032026|517514|0000000000116440|0000000025104464|0000000000149318|0000000030819711|077.98
17032026|517522|0000000000003567|0000000001330135|0000000000005471|0000000002039781|065.20
17032026|517530|0000000000001298|0000000000022326|0000000000002402|0000000000040756|054.04
17032026|517536|0000000000001301|0000000000299230|0000000000001884|0000000000438273|069.06
17032026|517544|0000000000000825|0000000002266770|0000000000001392|0000000003811981|059.27
17032026|517546|0000000000033359|0000000001469464|0000000000047450|0000000002053523|070.30
17032026|517554|0000000000357004|0000000000264183|0000000000474126|0000000000348717|075.30
17032026|517556|0000000000068574|0000000001742466|0000000000114782|0000000003012994|059.74
17032026|517562|0000000000003417|0000000000157217|0000000000003780|0000000000173797|090.40
17032026|517569|0000000000001932|0000000008139130|0000000000006595|0000000027473173|029.29
17032026|518011|0000000000000964|0000000000050717|0000000000000974|0000000000051572|098.97
17032026|518053|0000000000001357|0000000000052001|0000000000001630|0000000000062507|083.25
17032026|518075|0000000000006153|0000000001319476|0000000000006153|0000000001319476|100.00
17032026|518091|0000000000001684|0000000000192313|0000000000001730|0000000000200057|097.34
17032026|519003|0000000000000647|0000000000181160|0000000000000659|0000000000192986|098.18
17032026|519014|0000000000000001|0000000000000013|0000000000000001|0000000000000013|100.00
17032026|519064|0000000000000121|0000000000012866|0000000000000121|0000000000012866|100.00
17032026|519091|0000000000000059|0000000000401814|0000000000000066|0000000000449813|089.39
17032026|519097|0000000000001610|0000000000088760|0000000000001611|0000000000089230|099.94
17032026|519105|0000000000005198|0000000000308814|0000000000005881|0000000000345145|088.39
17032026|519126|0000000000001201|0000000000574739|0000000000001312|0000000000619266|091.54
17032026|519136|0000000000000519|0000000000046441|0000000000000618|0000000000055458|083.98
17032026|519152|0000000000000020|0000000000197500|0000000000000029|0000000000296840|068.97
17032026|519156|0000000000000375|0000000001730869|0000000000000532|0000000002450527|070.49
17032026|519174|0000000000000149|0000000000001192|0000000000000149|0000000000001192|100.00
17032026|519183|0000000000002164|0000000000390386|0000000000004089|0000000000740568|052.92
17032026|519191|0000000000035629|0000000000048632|0000000000035629|0000000000048632|100.00
17032026|519214|0000000000000027|0000000000000177|0000000000000027|0000000000000176|100.00
17032026|519216|0000000000040936|0000000000851060|0000000000051116|0000000001064374|080.08
17032026|519224|0000000000000275|0000000000007098|0000000000000305|0000000000008024|090.16
17032026|519230|0000000000005646|0000000000099201|0000000000007207|0000000000120964|078.34
17032026|519234|0000000000023027|0000000000736864|0000000000023036|0000000000744231|099.96
17032026|519238|0000000000000779|0000000000034526|0000000000001655|0000000000071104|047.07
17032026|519242|0000000000002385|0000000000165806|0000000000002385|0000000000165790|100.00
17032026|519260|0000000000032454|0000000000015902|0000000000032454|0000000000015902|100.00
17032026|519262|0000000000003339|0000000000047281|0000000000003342|0000000000049315|099.91
17032026|519285|0000000000000003|0000000000000021|0000000000000003|0000000000000021|100.00
17032026|519287|0000000000005565|0000000000178303|0000000000008776|0000000000280039|063.41
17032026|519295|0000000000000539|0000000000108124|0000000000000774|0000000000154189|069.64
17032026|519299|0000000000001025|0000000000036798|0000000000001245|0000000000044817|082.33
17032026|519307|0000000000034717|0000000000035066|0000000000034717|0000000000035066|100.00
17032026|519331|0000000000002108|0000000000075931|0000000000002972|0000000000107436|070.93
17032026|519359|0000000000001240|0000000000083056|0000000000002088|0000000000140987|059.39
17032026|519383|0000000000003594|0000000000140166|0000000000003629|0000000000141531|099.04
17032026|519397|0000000000016256|0000000002375815|0000000000138835|0000000020154604|011.71
17032026|519421|0000000000027110|0000000005195632|0000000000029287|0000000005679737|092.57
17032026|519457|0000000000000067|0000000000001937|0000000000000135|0000000000004009|049.63
17032026|519463|0000000000000010|0000000000007268|0000000000000010|0000000000007268|100.00
17032026|519471|0000000000001804|0000000000294323|0000000000001910|0000000000310132|094.45
17032026|519475|0000000000000809|0000000000055821|0000000000000820|0000000000059957|098.66
17032026|519477|0000000000031471|0000000034067771|0000000000031471|0000000034067771|100.00
17032026|519479|0000000000000331|0000000000002844|0000000000000459|0000000000003943|072.11
17032026|519483|0000000000002437|0000000000058488|0000000000003162|0000000000076056|077.07
17032026|519494|0000000000000001|0000000000000072|0000000000000001|0000000000000071|100.00
17032026|519500|0000000000006656|0000000000058307|0000000000006658|0000000000060116|099.97
17032026|519506|0000000000019700|0000000000505305|0000000000019700|0000000000505305|100.00
17032026|519528|0000000000000001|0000000000000088|0000000000000001|0000000000000088|100.00
17032026|519532|0000000000024835|0000000000259526|0000000000038361|0000000000384385|064.74
17032026|519552|0000000000007607|0000000002371863|0000000000013877|0000000004318668|054.82
17032026|519566|0000000000000938|0000000000140700|0000000000001205|0000000000176266|077.84
17032026|519574|0000000000003085|0000000000121303|0000000000004676|0000000000177209|065.98
17032026|519600|0000000000001076|0000000001118502|0000000000002626|0000000002727760|040.97
17032026|519602|0000000000069915|0000000001149403|0000000000114414|0000000001873879|061.11
17032026|519604|0000000000003259|0000000000060325|0000000000003260|0000000000060651|099.97
17032026|519606|0000000000002916|0000000000161546|0000000000002916|0000000000161546|100.00
17032026|519612|0000000000001042|0000000000076171|0000000000001042|0000000000072773|100.00
17032026|520008|0000000000044302|0000000004835564|0000000000094459|0000000010184290|046.90
17032026|520021|0000000000001086|0000000000103713|0000000000002083|0000000000200162|052.14
17032026|520043|0000000000001532|0000000000185219|0000000000002142|0000000000259045|071.52
17032026|520051|0000000000032744|0000000003914546|0000000000085572|0000000010075855|038.26
17032026|520056|0000000000000093|0000000001274403|0000000000000197|0000000002700110|047.21
17032026|520057|0000000000001034|0000000000132921|0000000000001975|0000000000255125|052.35
17032026|520059|0000000000002220|0000000000166500|0000000000002515|0000000000188555|088.27
17032026|520066|0000000000011452|0000000000972848|0000000000015604|0000000001331356|073.39
17032026|520073|0000000000000781|0000000000988005|0000000000001491|0000000001885112|052.38
17032026|520075|0000000000002116|0000000000239214|0000000000002525|0000000000287067|083.80
17032026|520086|0000000000004218|0000000000273355|0000000000004218|0000000000273355|100.00
17032026|520111|0000000000001158|0000000002781227|0000000000002066|0000000004958731|056.05
17032026|520113|0000000000000615|0000000000299598|0000000000001326|0000000000641729|046.38
17032026|520119|0000000000000770|0000000000317009|0000000000001110|0000000000461130|069.37
17032026|520121|0000000000001093|0000000000019281|0000000000001093|0000000000019281|100.00
17032026|520123|0000000000001763|0000000000105604|0000000000002065|0000000000119837|085.38
17032026|520127|0000000000002517|0000000000030104|0000000000003489|0000000000042974|072.14
17032026|520131|0000000000000200|0000000000006700|0000000000000200|0000000000006700|100.00
17032026|520141|0000000000000329|0000000000002550|0000000000000361|0000000000002781|091.14
17032026|520151|0000000000001196|0000000000156796|0000000000001613|0000000000213563|074.15
17032026|520155|0000000000013678|0000000000514977|0000000000013804|0000000000516472|099.09
17032026|521003|0000000000000200|0000000000005548|0000000000000200|0000000000005548|100.00
17032026|521005|0000000004038030|0000000002665100|0000000004547170|0000000003002372|088.80
17032026|521014|0000000000000006|0000000000000083|0000000000000006|0000000000000084|100.00
17032026|521016|0000000000002257|0000000000524302|0000000000003877|0000000000905857|058.22
17032026|521018|0000000000001870|0000000000073772|0000000000001906|0000000000075067|098.11
17032026|521034|0000000000000208|0000000000020654|0000000000000208|0000000000020654|100.00
17032026|521048|0000000000000005|0000000000000118|0000000000000010|0000000000000236|050.00
17032026|521054|0000000000000352|0000000000003116|0000000000000352|0000000000003127|100.00
17032026|521062|0000000000000501|0000000000002400|0000000000000501|0000000000002399|100.00
17032026|521064|0000000000368264|0000000008138635|0000000000611921|0000000013628840|060.18
17032026|521070|0000000000360842|0000000004553827|0000000000552516|0000000006978984|065.31
17032026|521080|0000000000000010|0000000000000062|0000000000000010|0000000000000061|100.00
17032026|521097|0000000000001488|0000000000198053|0000000000001634|0000000000222127|091.06
17032026|521105|0000000000001282|0000000000035679|0000000000001736|0000000000049639|073.85
17032026|521109|0000000000003946|0000000000086694|0000000000004102|0000000000090964|096.20
17032026|521113|0000000000024201|0000000001901473|0000000000026003|0000000002015783|093.07
17032026|521131|0000000000000155|0000000000003910|0000000000000155|0000000000003909|100.00
17032026|521137|0000000000019959|0000000000088219|0000000000042974|0000000000181370|046.44
17032026|521141|0000000000001565|0000000000024321|0000000000001747|0000000000027385|089.58
17032026|521149|0000000000003157|0000000000024404|0000000000003457|0000000000026899|091.32
17032026|521151|0000000000000534|0000000000031790|0000000000000534|0000000000031681|100.00
17032026|521161|0000000000000209|0000000000005343|0000000000000209|0000000000005113|100.00
17032026|521163|0000000000005260|0000000000357680|0000000000005268|0000000000358244|099.85
17032026|521178|0000000000000483|0000000000018833|0000000000000486|0000000000017828|099.38
17032026|521180|0000000000014373|0000000000059648|0000000000016803|0000000000071249|085.54
17032026|521194|0000000000000113|0000000000045658|0000000000000162|0000000000065080|069.75
17032026|521200|0000000000000236|0000000000011907|0000000000000244|0000000000012516|096.72
17032026|521206|0000000000007276|0000000000009241|0000000000007840|0000000000010212|092.81
17032026|521220|0000000000002868|0000000000065219|0000000000002984|0000000000069137|096.11
17032026|521226|0000000000000313|0000000000006192|0000000000000325|0000000000006453|096.31
17032026|521228|0000000000038081|0000000000091014|0000000000048004|0000000000113855|079.33
17032026|521232|0000000000000100|0000000000006825|0000000000000100|0000000000006825|100.00
17032026|521234|0000000000000101|0000000000003176|0000000000000108|0000000000003396|093.52
17032026|521238|0000000000005456|0000000000491150|0000000000008475|0000000000753668|064.38
17032026|521240|0000000000002060|0000000000187749|0000000000002115|0000000000200333|097.40
17032026|521244|0000000000000529|0000000000053958|0000000000000529|0000000000052908|100.00
17032026|521246|0000000000025146|0000000000050246|0000000000025146|0000000000050246|100.00
17032026|521248|0000000000017920|0000000002880640|0000000000050390|0000000008095938|035.56
17032026|522001|0000000000022240|0000000001401343|0000000000026215|0000000001671722|084.84
17032026|522004|0000000000018191|0000000001423992|0000000000028532|0000000002176705|063.76
17032026|522005|0000000000001513|0000000000160454|0000000000002408|0000000000255068|062.83
17032026|522014|0000000000001342|0000000000220424|0000000000002875|0000000000480023|046.68
17032026|522017|0000000000002914|0000000001825621|0000000000003327|0000000002093423|087.59
17032026|522029|0000000000000799|0000000000177898|0000000000001491|0000000000329689|053.59
17032026|522034|0000000000001510|0000000000667571|0000000000001721|0000000000766226|087.74
17032026|522064|0000000000000140|0000000000283647|0000000000000173|0000000000349891|080.92
17032026|522074|0000000000007470|0000000003500442|0000000000015902|0000000007448697|046.98
17032026|522091|0000000000019494|0000000000626547|0000000000019494|0000000000626547|100.00
17032026|522101|0000000000028359|0000000013534333|0000000000043388|0000000020878485|065.36
17032026|522105|0000000000070282|0000000002109866|0000000000072856|0000000002186090|096.47
17032026|522108|0000000000002059|0000000001437080|0000000000002237|0000000001561688|092.04
17032026|522113|0000000000001492|0000000004991188|0000000000003825|0000000012800738|039.01
17032026|522122|0000000000000129|0000000000191843|0000000000000162|0000000000240391|079.63
17032026|522134|0000000000001962|0000000000263988|0000000000002349|0000000000315094|083.52
17032026|522152|0000000000000682|0000000000064572|0000000000000711|0000000000067218|095.92
17032026|522163|0000000000021946|0000000002753126|0000000000040383|0000000005093578|054.34
17032026|522165|0000000000014833|0000000000525089|0000000000017435|0000000000621823|085.08
17032026|522183|0000000000002275|0000000000531554|0000000000002392|0000000000553042|095.11
17032026|522195|0000000000017210|0000000022773993|0000000000033422|0000000044592578|051.49
17032026|522205|0000000000214625|0000000065546475|0000000000710731|0000000222344445|030.20
17032026|522207|0000000000001486|0000000000080244|0000000000001682|0000000000089224|088.35
17032026|522209|0000000000005317|0000000000029138|0000000000005987|0000000000032844|088.81
17032026|522215|0000000000019299|0000000005381527|0000000000026853|0000000007552843|071.87
17032026|522217|0000000000000525|0000000000214279|0000000000000578|0000000000235610|090.83
17032026|522229|0000000000029435|0000000007316070|0000000000036137|0000000009022761|081.45
17032026|522231|0000000000007201|0000000000444662|0000000000008828|0000000000560267|081.57
17032026|522235|0000000000019508|0000000000043503|0000000000021355|0000000000048398|091.35
17032026|522237|0000000000000273|0000000000005788|0000000000000323|0000000000006932|084.52
17032026|522241|0000000000003302|0000000001414742|0000000000004426|0000000001916644|074.60
17032026|522249|0000000000002554|0000000001287344|0000000000003348|0000000001683072|076.28
17032026|522251|0000000000006157|0000000001120882|0000000000006988|0000000001266892|088.11
17032026|522257|0000000000060034|0000000003397925|0000000000079517|0000000004527877|075.50
17032026|522261|0000000000003570|0000000001392836|0000000000005456|0000000002155019|065.43
17032026|522267|0000000000026035|0000000000961994|0000000000026077|0000000000925809|099.84
17032026|522273|0000000000000290|0000000000041238|0000000000000294|0000000000043254|098.64
17032026|522275|0000000000012147|0000000044575846|0000000000024597|0000000089929445|049.38
17032026|522281|0000000000001379|0000000000428801|0000000000002143|0000000000649403|064.35
17032026|522285|0000000000083089|0000000006048880|0000000000146222|0000000010572750|056.82
17032026|522287|0000000000035812|0000000037749430|0000000000060257|0000000063672518|059.43
17032026|522289|0000000000000651|0000000000051933|0000000000000651|0000000000051933|100.00
17032026|522292|0000000000082772|0000000011968832|0000000000128872|0000000018764059|064.23
17032026|522294|0000000000001348|0000000000235900|0000000000001349|0000000000241973|099.93
17032026|522295|0000000000000369|0000000000238264|0000000000000609|0000000000390207|060.59
17032026|522650|0000000000016444|0000000001257309|0000000000020029|0000000001544237|082.10
17032026|523007|0000000000016131|0000000001508249|0000000000016602|0000000001547938|097.16
17032026|523011|0000000000000014|0000000000001105|0000000000000033|0000000000002710|042.42
17032026|523019|0000000000016995|0000000000230283|0000000000021427|0000000000292223|079.32
17032026|523021|0000000000001144|0000000000039137|0000000000001369|0000000000047530|083.56
17032026|523023|0000000000037116|0000000002748440|0000000000039541|0000000002837459|093.87
17032026|523025|0000000000230419|0000000342218299|0000000000247100|0000000370448987|093.25
17032026|523054|0000000000000006|0000000000013131|0000000000000006|0000000000013131|100.00
17032026|523062|0000000000000008|0000000000000431|0000000000000008|0000000000000431|100.00
17032026|523100|0000000000009896|0000000001056398|0000000000013442|0000000001383194|073.62
17032026|523105|0000000000039419|0000000000273568|0000000000056817|0000000000393783|069.38
17032026|523116|0000000000000002|0000000000001358|0000000000000002|0000000000001358|100.00
17032026|523120|0000000000000015|0000000000001611|0000000000000015|0000000000001611|100.00
17032026|523127|0000000000000593|0000000000178523|0000000000001517|0000000000456390|039.09
17032026|523144|0000000000001693|0000000000040294|0000000000002014|0000000000048135|084.06
17032026|523151|0000000000000010|0000000000000089|0000000000000010|0000000000000088|100.00
17032026|523160|0000000000001551|0000000001862054|0000000000001663|0000000002028996|093.27
17032026|523186|0000000000000016|0000000000002468|0000000000000016|0000000000002467|100.00
17032026|523207|0000000000001901|0000000000147784|0000000000002071|0000000000160016|091.79
17032026|523222|0000000000005334|0000000000101343|0000000000005334|0000000000101343|100.00
17032026|523229|0000000000007462|0000000001217426|0000000000011133|0000000001793304|067.03
17032026|523232|0000000000001003|0000000000079418|0000000000001304|0000000000103515|076.92
17032026|523242|0000000000000100|0000000000000729|0000000000000100|0000000000000729|100.00
17032026|523248|0000000000000797|0000000000197218|0000000000000941|0000000000226957|084.70
17032026|523260|0000000000002855|0000000000047365|0000000000003330|0000000000056065|085.74
17032026|523261|0000000000001719|0000000002147891|0000000000004011|0000000005005913|042.86
17032026|523269|0000000000003722|0000000000190381|0000000000004082|0000000000209765|091.18
17032026|523283|0000000000000003|0000000000000425|0000000000000006|0000000000000850|050.00
17032026|523289|0000000000002419|0000000000318462|0000000000003572|0000000000443042|067.72
17032026|523301|0000000000001858|0000000004491994|0000000000003851|0000000009697367|048.25
17032026|523309|0000000000035136|0000000002771880|0000000000044251|0000000003574905|079.40
17032026|523319|0000000000007127|0000000001146022|0000000000013073|0000000002101842|054.52
17032026|523323|0000000000002357|0000000012264179|0000000000003959|0000000020445880|059.54
17032026|523367|0000000000003267|0000000003466941|0000000000005852|0000000006178195|055.83
17032026|523369|0000000000028460|0000000000942596|0000000000033928|0000000001123867|083.88
17032026|523371|0000000000001216|0000000000093924|0000000000001687|0000000000130793|072.08
17032026|523373|0000000000006147|0000000000110278|0000000000009331|0000000000167658|065.88
17032026|523384|0000000000010130|0000000001189972|0000000000011502|0000000001375405|088.07
17032026|523385|0000000000000339|0000000000419733|0000000000000371|0000000000456914|091.37
17032026|523387|0000000000306292|0000000000444124|0000000000347491|0000000000482041|088.14
17032026|523391|0000000000000039|0000000000009331|0000000000000120|0000000000028773|032.50
17032026|523395|0000000000000181|0000000005996675|0000000000000309|0000000010295228|058.58
17032026|523398|0000000000005361|0000000006739850|0000000000005643|0000000007189494|095.00
17032026|523405|0000000000137708|0000000016497419|0000000000262083|0000000031245874|052.54
17032026|523411|0000000000000701|0000000000863913|0000000000000860|0000000001055323|081.51
17032026|523419|0000000000000245|0000000000002105|0000000000000246|0000000000002075|099.59
17032026|523445|0000000000004441|0000000002818259|0000000000005667|0000000003593976|078.37
17032026|523449|0000000000000791|0000000000035595|0000000000000830|0000000000036457|095.30
17032026|523457|0000000000002142|0000000015682011|0000000000005853|0000000042604443|036.60
17032026|523465|0000000000000788|0000000000030756|0000000000000909|0000000000036716|086.69
17032026|523467|0000000000216648|0000000000414860|0000000000216648|0000000000414860|100.00
17032026|523475|0000000000002894|0000000002017408|0000000000004887|0000000003443591|059.22
17032026|523483|0000000000001110|0000000000145410|0000000000001110|0000000000146940|100.00
17032026|523489|0000000000001470|0000000000056889|0000000000001470|0000000000056478|100.00
17032026|523537|0000000000001054|0000000000041106|0000000000001185|0000000000046035|088.95
17032026|523539|0000000000013979|0000000004058104|0000000000039110|0000000011235768|035.74
17032026|523550|0000000000005826|0000000000197968|0000000000007082|0000000000242695|082.26
17032026|523558|0000000000212102|0000000003410601|0000000000264154|0000000004226235|080.29
17032026|523566|0000000000028503|0000000001096226|0000000000036820|0000000001460540|077.41
17032026|523574|0000000000010860|0000000000005321|0000000000010860|0000000000005321|100.00
17032026|523586|0000000000004560|0000000001047432|0000000000005001|0000000001152169|091.18
17032026|523594|0000000000000055|0000000000001197|0000000000000056|0000000000001218|098.21
17032026|523598|0000000000054835|0000000012960253|0000000000154819|0000000036162176|035.42
17032026|523606|0000000000013541|0000000012381214|0000000000029833|0000000027880492|045.39
17032026|523610|0000000001327724|0000000365256873|0000000003742648|0000001065766118|035.48
17032026|523618|0000000000001829|0000000001597175|0000000000005729|0000000005107758|031.93
17032026|523630|0000000000037273|0000000002569974|0000000000083815|0000000005768921|044.47
17032026|523638|0000000000003210|0000000000351699|0000000000003210|0000000000351699|100.00
17032026|523642|0000000000064018|0000000185252088|0000000000065722|0000000190671973|097.41
17032026|523648|0000000000001578|0000000000207507|0000000000002144|0000000000281629|073.60
17032026|523650|0000000000001011|0000000000046013|0000000000001011|0000000000046013|100.00
17032026|523652|0000000000000078|0000000000002112|0000000000000086|0000000000002337|090.70
17032026|523660|0000000000019259|0000000000830673|0000000000019259|0000000000830673|100.00
17032026|523672|0000000000004433|0000000000172356|0000000000004837|0000000000186170|091.65
17032026|523676|0000000000000401|0000000000111859|0000000000000614|0000000000169307|065.31
17032026|523694|0000000000001743|0000000000590355|0000000000002441|0000000000837830|071.41
17032026|523696|0000000000006855|0000000000340694|0000000000008147|0000000000408461|084.14
17032026|523704|0000000000003266|0000000004774239|0000000000006027|0000000008798684|054.19
17032026|523708|0000000000000218|0000000000337399|0000000000000301|0000000000459829|072.43
17032026|523710|0000000000000005|0000000000001331|0000000000000007|0000000000001864|071.43
17032026|523716|0000000000000777|0000000000237568|0000000000001033|0000000000318691|075.22
17032026|523722|0000000000012130|0000000000100421|0000000000012130|0000000000100421|100.00
17032026|523732|0000000000002380|0000000000130853|0000000000003928|0000000000218679|060.59
17032026|523736|0000000000015671|0000000003258001|0000000000016055|0000000003333133|097.61
17032026|523752|0000000000091980|0000000000470018|0000000000109295|0000000000555347|084.16
17032026|523754|0000000000010517|0000000001173698|0000000000010719|0000000001207443|098.12
17032026|523782|0000000000003139|0000000000046018|0000000000005254|0000000000075813|059.74
17032026|523792|0000000000000637|0000000000112718|0000000000000873|0000000000156096|072.97
17032026|523796|0000000000001251|0000000000175020|0000000000001251|0000000000175020|100.00
17032026|523826|0000000000000579|0000000000011393|0000000000000579|0000000000011393|100.00
17032026|523828|0000000000002737|0000000000346505|0000000000002964|0000000000371482|092.34
17032026|523832|0000000000077098|0000000001200428|0000000000077098|0000000001200428|100.00
17032026|523836|0000000000000254|0000000000009348|0000000000000254|0000000000008959|100.00
17032026|523838|0000000000002085|0000000000350593|0000000000002808|0000000000463149|074.25
17032026|523840|0000000000004858|0000000000066798|0000000000005210|0000000000071667|093.24
17032026|523842|0000000000057422|0000000000346829|0000000000062306|0000000000373667|092.16
17032026|523844|0000000000000176|0000000000008786|0000000000000330|0000000000017042|053.33
17032026|523850|0000000000002554|0000000000992229|0000000000002681|0000000001059619|095.26
17032026|523862|0000000000000149|0000000000004454|0000000000000149|0000000000004456|100.00
17032026|523874|0000000000009351|0000000001078291|0000000000009351|0000000001078291|100.00
17032026|523888|0000000000000689|0000000000063650|0000000000000689|0000000000063649|100.00
17032026|524000|0000000000043443|0000000017633514|0000000000078041|0000000032049297|055.67
17032026|524019|0000000000000090|0000000000373896|0000000000000161|0000000000677234|055.90
17032026|524037|0000000000003026|0000000000347537|0000000000004490|0000000000502354|067.39
17032026|524038|0000000000002691|0000000000012379|0000000000002891|0000000000013482|093.08
17032026|524051|0000000000004872|0000000004024516|0000000000008665|0000000007248325|056.23
17032026|524055|0000000000000001|0000000000000041|0000000000000001|0000000000000040|100.00
17032026|524075|0000000000000081|0000000000054214|0000000000000116|0000000000077959|069.83
17032026|524080|0000000000000604|0000000000033522|0000000000001007|0000000000055100|059.98
17032026|524091|0000000000003008|0000000002347293|0000000000004562|0000000003559259|065.94
17032026|524109|0000000000000226|0000000000050206|0000000000000229|0000000000051234|098.69
17032026|524129|0000000000000499|0000000000095534|0000000000000822|0000000000156337|060.71
17032026|524136|0000000000000844|0000000000262653|0000000000001018|0000000000319385|082.91
17032026|524156|0000000000003128|0000000000128405|0000000000003128|0000000000129324|100.00
17032026|524164|0000000000011690|0000000000797375|0000000000021530|0000000001478328|054.30
17032026|524174|0000000000012525|0000000000301352|0000000000019508|0000000000468040|064.20
17032026|524200|0000000000001309|0000000001826186|0000000000002129|0000000002988182|061.48
17032026|524202|0000000000002838|0000000000258883|0000000000004217|0000000000382689|067.30
17032026|524204|0000000000000188|0000000000018979|0000000000000228|0000000000023363|082.46
17032026|524208|0000000000015963|0000000006781881|0000000000034858|0000000014725063|045.79
17032026|524210|0000000000000347|0000000000012284|0000000000000347|0000000000012283|100.00
17032026|524212|0000000000000119|0000000000029377|0000000000000119|0000000000029377|100.00
17032026|524218|0000000000010457|0000000000948450|0000000000012127|0000000001102510|086.23
17032026|524226|0000000000003642|0000000000473825|0000000000008325|0000000001067373|043.75
17032026|524230|0000000000055789|0000000006552419|0000000000143737|0000000016771870|038.81
17032026|524238|0000000000034894|0000000002548308|0000000000034894|0000000002548308|100.00
17032026|524280|0000000000011419|0000000001302908|0000000000016532|0000000001886770|069.07
17032026|524288|0000000000006418|0000000000268786|0000000000007042|0000000000293206|091.14
17032026|524314|0000000000000084|0000000000003154|0000000000000106|0000000000003977|079.25
17032026|524322|0000000000032435|0000000000932182|0000000000043841|0000000001262455|073.98
17032026|524324|0000000000004050|0000000000040298|0000000000004050|0000000000040298|100.00
17032026|524330|0000000000004763|0000000000790658|0000000000004814|0000000000813513|098.94
17032026|524332|0000000000012072|0000000000323047|0000000000018054|0000000000484669|066.87
17032026|524336|0000000000000613|0000000000062097|0000000000000613|0000000000060497|100.00
17032026|524342|0000000000000641|0000000000155796|0000000000000656|0000000000159713|097.71
17032026|524348|0000000000002235|0000000000746490|0000000000003511|0000000001186640|063.66
17032026|524370|0000000000016962|0000000000739544|0000000000018968|0000000000833373|089.42
17032026|524372|0000000000001429|0000000000754798|0000000000002730|0000000001435694|052.34
17032026|524394|0000000000001514|0000000000629976|0000000000003655|0000000001523995|041.42
17032026|524396|0000000000000153|0000000000004710|0000000000000153|0000000000004644|100.00
17032026|524400|0000000000000834|0000000000069506|0000000000001035|0000000000086329|080.58
17032026|524404|0000000000013429|0000000002203699|0000000000023916|0000000003935826|056.15
17032026|524408|0000000000000005|0000000000000643|0000000000000005|0000000000000643|100.00
17032026|524412|0000000000002921|0000000000195795|0000000000003981|0000000000263968|073.37
17032026|524414|0000000000000175|0000000000002319|0000000000000229|0000000000003160|076.42
17032026|524434|0000000000006335|0000000000052644|0000000000006355|0000000000052653|099.69
17032026|524440|0000000000002929|0000000000087578|0000000000002929|0000000000086485|100.00
17032026|524444|0000000005910303|0000000006205819|0000000007734502|0000000008562544|076.41
17032026|524458|0000000000016604|0000000000156576|0000000000019806|0000000000183853|083.83
17032026|524470|0000000000114635|0000000001332059|0000000000212039|0000000002491388|054.06
17032026|524480|0000000000000229|0000000000107172|0000000000000314|0000000000144501|072.93
17032026|524488|0000000000139398|0000000000287160|0000000000144512|0000000000293563|096.46
17032026|524494|0000000000347780|0000000545075594|0000000000367881|0000000589787031|094.54
17032026|524500|0000000000000339|0000000000107836|0000000000000368|0000000000116760|092.12
17032026|524502|0000000000003100|0000000000216525|0000000000003100|0000000000216525|100.00
17032026|524506|0000000000001949|0000000000822966|0000000000002081|0000000000880534|093.66
17032026|524516|0000000000002264|0000000000109872|0000000000002358|0000000000114136|096.01
17032026|524518|0000000000001712|0000000000083187|0000000000002113|0000000000102959|081.02
17032026|524520|0000000000037035|0000000002957245|0000000000052688|0000000004245722|070.29
17032026|524522|0000000000002264|0000000000067853|0000000000002466|0000000000074038|091.81
17032026|524534|0000000000011119|0000000001922476|0000000000020094|0000000003426495|055.33
17032026|524542|0000000000000314|0000000000050397|0000000000000429|0000000000068833|073.19
17032026|524548|0000000000000985|0000000000086267|0000000000001121|0000000000098916|087.87
17032026|524558|0000000000000574|0000000007044875|0000000000001638|0000000020158949|035.04
17032026|524564|0000000000020426|0000000000312518|0000000000023821|0000000000360783|085.75
17032026|524570|0000000000000025|0000000000005332|0000000000000029|0000000000006272|086.21
17032026|524572|0000000000004219|0000000000139270|0000000000005527|0000000000184914|076.33
17032026|524576|0000000000003361|0000000000067389|0000000000003511|0000000000070341|095.73
17032026|524580|0000000000000067|0000000000001361|0000000000000067|0000000000001314|100.00
17032026|524582|0000000000013006|0000000001965857|0000000000015108|0000000002175226|086.09
17032026|524590|0000000000010121|0000000000137645|0000000000010121|0000000000137645|100.00
17032026|524592|0000000000109468|0000000001245746|0000000000111868|0000000001295613|097.85
17032026|524594|0000000000000105|0000000000012443|0000000000000201|0000000000023984|052.24
17032026|524598|0000000000000100|0000000000017285|0000000000000133|0000000000022937|075.19
17032026|524602|0000000000000362|0000000000010857|0000000000000363|0000000000010887|099.72
17032026|524606|0000000000000630|0000000000012134|0000000000000659|0000000000012841|095.60
17032026|524614|0000000000038133|0000000000239476|0000000000064044|0000000000403817|059.54
17032026|524622|0000000000041790|0000000001744088|0000000000041790|0000000001744088|100.00
17032026|524624|0000000000049195|0000000001769545|0000000000078149|0000000002797561|062.95
17032026|524628|0000000000000001|0000000000000016|0000000000000001|0000000000000015|100.00
17032026|524632|0000000000070069|0000000002804863|0000000000107767|0000000004312521|065.02
17032026|524634|0000000000005616|0000000002309861|0000000000008713|0000000003635554|064.46
17032026|524636|0000000000010376|0000000000511226|0000000000011971|0000000000591499|086.68
17032026|524640|0000000000001631|0000000000059646|0000000000001765|0000000000064559|092.41
17032026|524642|0000000000003383|0000000000003998|0000000000003383|0000000000003998|100.00
17032026|524648|0000000000002070|0000000000189716|0000000000003026|0000000000277863|068.41
17032026|524654|0000000000000292|0000000000043216|0000000000000903|0000000000133534|032.34
17032026|524661|0000000003480309|0000000000939684|0000000006076235|0000000001609637|057.28
17032026|524663|0000000000014137|0000000000236937|0000000000020086|0000000000332660|070.38
17032026|524667|0000000000000839|0000000000285302|0000000000001285|0000000000423833|065.29
17032026|524669|0000000000001582|0000000002232361|0000000000001606|0000000002269639|098.51
17032026|524675|0000000000009917|0000000000150541|0000000000014684|0000000000222747|067.54
17032026|524687|0000000000034359|0000000000355616|0000000000043391|0000000000447923|079.18
17032026|524703|0000000000000875|0000000000029575|0000000000001636|0000000000055466|053.48
17032026|524709|0000000000064537|0000000007805751|0000000000076195|0000000009087532|084.70
17032026|524711|0000000000059545|0000000000441229|0000000000067496|0000000000486772|088.22
17032026|524715|0000000000232175|0000000416893430|0000000000247956|0000000443558643|093.64
17032026|524717|0000000000144362|0000000051308705|0000000000144362|0000000051308705|100.00
17032026|524731|0000000000000305|0000000000305534|0000000000000335|0000000000336437|091.04
17032026|524735|0000000000009701|0000000001649656|0000000000015572|0000000002663440|062.30
17032026|524742|0000000000005553|0000000009075824|0000000000008613|0000000014095146|064.47
17032026|524743|0000000000048675|0000000001701192|0000000000099537|0000000003413425|048.90
17032026|524748|0000000000005893|0000000000128821|0000000000006823|0000000000154975|086.37
17032026|524752|0000000000014420|0000000000081473|0000000000018555|0000000000106105|077.71
17032026|524768|0000000000000595|0000000000014875|0000000000000642|0000000000016060|092.68
17032026|524774|0000000000000142|0000000000313189|0000000000000164|0000000000357049|086.59
17032026|524790|0000000000000218|0000000000062556|0000000000000323|0000000000092355|067.49
17032026|524804|0000000000003967|0000000005107116|0000000000013913|0000000017905734|028.51
17032026|524808|0000000000000755|0000000000018875|0000000000000777|0000000000018332|097.17
17032026|524816|0000000000007853|0000000007408128|0000000000021982|0000000020682351|035.72
17032026|524818|0000000000001229|0000000000108816|0000000000001259|0000000000112611|097.62
17032026|524820|0000000000001858|0000000000490141|0000000000002022|0000000000524384|091.89
17032026|524824|0000000000002294|0000000000152712|0000000000002445|0000000000163815|093.82
17032026|524828|0000000000001331|0000000000542117|0000000000001598|0000000000649945|083.29
17032026|526001|0000000000000009|0000000000000262|0000000000000009|0000000000000262|100.00
17032026|526025|0000000000008888|0000000000108523|0000000000010602|0000000000130240|083.83
17032026|526027|0000000000002972|0000000000270155|0000000000005732|0000000000515284|051.85
17032026|526043|0000000000000776|0000000000035371|0000000000000812|0000000000036920|095.57
17032026|526071|0000000000004633|0000000002937762|0000000000004633|0000000002937762|100.00
17032026|526073|0000000000000307|0000000000141435|0000000000000408|0000000000188737|075.24
17032026|526075|0000000000003504|0000000000108518|0000000000003504|0000000000108518|100.00
17032026|526081|0000000000003928|0000000000117939|0000000000003928|0000000000117939|100.00
17032026|526095|0000000000000130|0000000000005064|0000000000000268|0000000000010008|048.51
17032026|526115|0000000000007641|0000000000084128|0000000000008293|0000000000097778|092.14
17032026|526117|0000000000000062|0000000000024484|0000000000000062|0000000000022497|100.00
17032026|526125|0000000000000299|0000000000070804|0000000000000349|0000000000081831|085.67
17032026|526133|0000000000001051|0000000000006716|0000000000001053|0000000000006088|099.81
17032026|526137|0000000000000374|0000000000037457|0000000000000579|0000000000057697|064.59
17032026|526139|0000000000041938|0000000000111136|0000000000051697|0000000000125428|081.12
17032026|526143|0000000000014183|0000000000090204|0000000000016472|0000000000106924|086.10
17032026|526159|0000000000030601|0000000001971011|0000000000048249|0000000003079341|063.42
17032026|526161|0000000000000352|0000000000031064|0000000000000381|0000000000034671|092.39
17032026|526169|0000000000016415|0000000002679749|0000000000019586|0000000003195035|083.81
17032026|526173|0000000000093307|0000000001753239|0000000000160056|0000000003007970|058.30
17032026|526179|0000000000000692|0000000000136532|0000000000000793|0000000000158899|087.26
17032026|526187|0000000000000102|0000000000000415|0000000000000102|0000000000000414|100.00
17032026|526193|0000000000002162|0000000000035436|0000000000002394|0000000000039377|090.31
17032026|526211|0000000000000543|0000000000024370|0000000000000548|0000000000024940|099.09
17032026|526217|0000000000002596|0000000000362142|0000000000002735|0000000000381467|094.92
17032026|526225|0000000000000120|0000000000001509|0000000000000120|0000000000001509|100.00
17032026|526227|0000000000015509|0000000000617259|0000000000034985|0000000001398455|044.33
17032026|526231|0000000000001817|0000000000095902|0000000000002763|0000000000142657|065.76
17032026|526237|0000000000000127|0000000000006328|0000000000000226|0000000000011414|056.19
17032026|526241|0000000000001136|0000000000015325|0000000000001843|0000000000025050|061.64
17032026|526247|0000000000005440|0000000002447184|0000000000011469|0000000005090290|047.43
17032026|526251|0000000000002328|0000000000039902|0000000000002717|0000000000047121|085.68
17032026|526263|0000000000003496|0000000000427561|0000000000003595|0000000000436749|097.25
17032026|526269|0000000000000733|0000000000063764|0000000000000829|0000000000072409|088.42
17032026|526299|0000000000001253|0000000002598472|0000000000004196|0000000008687736|029.86
17032026|526315|0000000000000786|0000000000037776|0000000000000839|0000000000040204|093.68
17032026|526325|0000000000000856|0000000000051266|0000000000000887|0000000000053390|096.50
17032026|526335|0000000000000802|0000000000005430|0000000000000803|0000000000005385|099.88
17032026|526345|0000000000052472|0000000001388934|0000000000089356|0000000002308065|058.72
17032026|526355|0000000000000156|0000000000008253|0000000000000166|0000000000008252|093.98
17032026|526365|0000000000010093|0000000000327115|0000000000012651|0000000000404889|079.78
17032026|526367|0000000000002566|0000000001507012|0000000000004522|0000000002685156|056.74
17032026|526371|0000000000401838|0000000031825570|0000000000945993|0000000073919822|042.48
17032026|526381|0000000000011582|0000000000110145|0000000000012332|0000000000116562|093.92
17032026|526397|0000000000002174|0000000000387516|0000000000002668|0000000000478416|081.48
17032026|526407|0000000000017143|0000000000162173|0000000000019096|0000000000183682|089.77
17032026|526409|0000000000040449|0000000000293660|0000000000069566|0000000000509565|058.14
17032026|526415|0000000000136191|0000000000577450|0000000000204455|0000000000863218|066.61
17032026|526423|0000000000005156|0000000000400467|0000000000006197|0000000000482122|083.20
17032026|526433|0000000000015028|0000000032740753|0000000000027469|0000000059766810|054.71
17032026|526435|0000000000000164|0000000000013580|0000000000000164|0000000000013585|100.00
17032026|526439|0000000000002244|0000000000023450|0000000000002244|0000000000022548|100.00
17032026|526441|0000000000032771|0000000000041085|0000000000032771|0000000000041085|100.00
17032026|526443|0000000000035323|0000000004033887|0000000000042985|0000000004881141|082.18
17032026|526445|0000000000050920|0000000000357968|0000000000080969|0000000000568654|062.89
17032026|526468|0000000000000040|0000000000000697|0000000000000040|0000000000000697|100.00
17032026|526471|0000000000006172|0000000000139981|0000000000008850|0000000000208963|069.74
17032026|526473|0000000000007101|0000000000033446|0000000000012387|0000000000057267|057.33
17032026|526479|0000000000002271|0000000000181680|0000000000003800|0000000000308221|059.76
17032026|526481|0000000000001591|0000000000052456|0000000000001809|0000000000057349|087.95
17032026|526490|0000000000068519|0000000000485115|0000000000071662|0000000000501451|095.61
17032026|526492|0000000000001200|0000000000096576|0000000000001623|0000000000131333|073.94
17032026|526494|0000000000000080|0000000000000760|0000000000000080|0000000000000744|100.00
17032026|526500|0000000000000043|0000000000000817|0000000000000043|0000000000000816|100.00
17032026|526506|0000000000000769|0000000000049224|0000000000000969|0000000000061161|079.36
17032026|526508|0000000000002493|0000000000033880|0000000000003282|0000000000044790|075.96
17032026|526519|0000000000000593|0000000000051562|0000000000000596|0000000000050534|099.50
17032026|526521|0000000000005407|0000000000282192|0000000000007592|0000000000393580|071.22
17032026|526525|0000000000003149|0000000000068019|0000000000003549|0000000000076576|088.73
17032026|526530|0000000000008633|0000000000742956|0000000000010049|0000000000853568|085.91
17032026|526532|0000000000000008|0000000000000071|0000000000000012|0000000000000104|066.67
17032026|526544|0000000000250592|0000000000511208|0000000000353751|0000000000735458|070.84
17032026|526546|0000000000002973|0000000000320787|0000000000003725|0000000000395638|079.81
17032026|526550|0000000000001199|0000000000014089|0000000000001347|0000000000015971|089.01
17032026|526554|0000000000000001|0000000000000029|0000000000000001|0000000000000029|100.00
17032026|526570|0000000000006706|0000000028863824|0000000000006706|0000000028863824|100.00
17032026|526574|0000000000000125|0000000000002517|0000000000000125|0000000000002516|100.00
17032026|526582|0000000000000735|0000000000044872|0000000000001372|0000000000081421|053.57
17032026|526586|0000000000017053|0000000005730661|0000000000018209|0000000006108855|093.65
17032026|526596|0000000000001434|0000000000361942|0000000000001557|0000000000396294|092.10
17032026|526604|0000000000000954|0000000000038093|0000000000000954|0000000000038093|100.00
17032026|526608|0000000000001081|0000000000703840|0000000000002431|0000000001571037|044.47
17032026|526612|0000000000000435|0000000002238880|0000000000000887|0000000004572684|049.04
17032026|526614|0000000000009248|0000000000506791|0000000000010597|0000000000589575|087.27
17032026|526616|0000000000002746|0000000000116074|0000000000003301|0000000000140901|083.19
17032026|526622|0000000000258193|0000000000095532|0000000000425182|0000000000162825|060.73
17032026|526638|0000000000002416|0000000000179509|0000000000002667|0000000000196959|090.59
17032026|526640|0000000000000351|0000000000010215|0000000000000351|0000000000010182|100.00
17032026|526642|0000000000006818|0000000000207540|0000000000007708|0000000000235018|088.45
17032026|526650|0000000002327339|0000000152975993|0000000002392270|0000000157969167|097.29
17032026|526654|0000000000000640|0000000000072896|0000000000000745|0000000000079965|085.91
17032026|526662|0000000000000019|0000000000000797|0000000000000019|0000000000000796|100.00
17032026|526666|0000000000000024|0000000000016983|0000000000000047|0000000000034201|051.06
17032026|526668|0000000000000449|0000000000081898|0000000000000731|0000000000133625|061.42
17032026|526675|0000000000005432|0000000000124994|0000000000005432|0000000000124994|100.00
17032026|526677|0000000000004311|0000000000008019|0000000000005339|0000000000010043|080.75
17032026|526703|0000000000001975|0000000001005078|0000000000002650|0000000001325714|074.53
17032026|526705|0000000000000321|0000000000057572|0000000000000465|0000000000082568|069.03
17032026|526709|0000000000042588|0000000000325799|0000000000058637|0000000000449583|072.63
17032026|526711|0000000000004726|0000000000148539|0000000000005766|0000000000184256|081.96
17032026|526717|0000000000001861|0000000000321860|0000000000002128|0000000000365112|087.45
17032026|526721|0000000000002623|0000000000166194|0000000000002932|0000000000186968|089.46
17032026|526723|0000000000032966|0000000005287747|0000000000033811|0000000005395577|097.50
17032026|526727|0000000000017497|0000000001468123|0000000000017497|0000000001468123|100.00
17032026|526729|0000000000007513|0000000002233615|0000000000018529|0000000005456805|040.55
17032026|526731|0000000000007174|0000000001492192|0000000000007994|0000000001594717|089.74
17032026|526739|0000000000001103|0000000000378660|0000000000001678|0000000000568664|065.73
17032026|526747|0000000000046945|0000000010158898|0000000000055573|0000000011862800|084.47
17032026|526755|0000000000000179|0000000000000969|0000000000000179|0000000000000964|100.00
17032026|526761|0000000000000111|0000000000002575|0000000000000210|0000000000004756|052.86
17032026|526775|0000000000007965|0000000007957283|0000000000007965|0000000007957283|100.00
17032026|526783|0000000000001072|0000000005041884|0000000000001203|0000000005647030|089.11
17032026|526797|0000000000002643|0000000000512478|0000000000005049|0000000000971922|052.35
17032026|526807|0000000000000834|0000000001128653|0000000000001900|0000000002580820|043.89
17032026|526813|0000000000002208|0000000000022853|0000000000002393|0000000000024709|092.27
17032026|526817|0000000000000199|0000000000193339|0000000000000213|0000000000206703|093.43
17032026|526821|0000000000008866|0000000002187686|0000000000010118|0000000002514624|087.63
17032026|526827|0000000000004652|0000000001082985|0000000000004652|0000000001082985|100.00
17032026|526829|0000000000071259|0000000002252497|0000000000099523|0000000003194224|071.60
17032026|526839|0000000000000139|0000000000002085|0000000000000149|0000000000002196|093.29
17032026|526841|0000000000004580|0000000000120225|0000000000004921|0000000000129297|093.07
17032026|526847|0000000000000927|0000000000021312|0000000000001043|0000000000024068|088.88
17032026|526849|0000000000000312|0000000000034710|0000000000001070|0000000000120158|029.16
17032026|526853|0000000000019765|0000000001079367|0000000000025234|0000000001403449|078.33
17032026|526859|0000000000004408|0000000000004056|0000000000004408|0000000000004089|100.00
17032026|526861|0000000000001392|0000000000147900|0000000000001533|0000000000157444|090.80
17032026|526865|0000000000000051|0000000000000233|0000000000000051|0000000000000255|100.00
17032026|526869|0000000000000046|0000000000000994|0000000000000046|0000000000000993|100.00
17032026|526871|0000000000003800|0000000000038456|0000000000003803|0000000000038397|099.92
17032026|526873|0000000000012012|0000000000416937|0000000000023520|0000000000812279|051.07
17032026|526877|0000000000000007|0000000000000154|0000000000000007|0000000000000157|100.00
17032026|526881|0000000000005649|0000000003085202|0000000000007306|0000000003977186|077.32
17032026|526883|0000000000000005|0000000000000079|0000000000000005|0000000000000079|100.00
17032026|526885|0000000000011594|0000000000932622|0000000000013150|0000000001051488|088.17
17032026|526887|0000000000000001|0000000000000005|0000000000000001|0000000000000004|100.00
17032026|526899|0000000000118056|0000000000916115|0000000000141525|0000000001118705|083.42
17032026|526901|0000000000001459|0000000000049884|0000000000001817|0000000000062144|080.30
17032026|526905|0000000000006111|0000000000053402|0000000000006111|0000000000053402|100.00
17032026|526921|0000000000000502|0000000000016566|0000000000000502|0000000000016410|100.00
17032026|526931|0000000000000750|0000000000074625|0000000000000785|0000000000077602|095.54
17032026|526935|0000000000420871|0000000037426085|0000000000420871|0000000037426085|100.00
17032026|526941|0000000000001500|0000000000005850|0000000000001500|0000000000005850|100.00
17032026|526945|0000000000001125|0000000000093117|0000000000002859|0000000000231777|039.35
17032026|526947|0000000000000701|0000000000133471|0000000000000985|0000000000186194|071.17
17032026|526951|0000000000000508|0000000001129361|0000000000000540|0000000001199179|094.07
17032026|526953|0000000000003352|0000000003068756|0000000000004385|0000000004019004|076.44
17032026|526961|0000000001417793|0000000005557749|0000000001689645|0000000006654561|083.91
17032026|526965|0000000000000430|0000000000041990|0000000000000957|0000000000092411|044.93
17032026|526967|0000000000000866|0000000000005448|0000000000000866|0000000000005752|100.00
17032026|526971|0000000000000675|0000000000128250|0000000000000687|0000000000131331|098.25
17032026|526981|0000000000005575|0000000000854369|0000000000006692|0000000001029670|083.31
17032026|526987|0000000000077894|0000000000683910|0000000000115774|0000000001019492|067.28
17032026|527001|0000000000006430|0000000003194424|0000000000013980|0000000006907572|045.99
17032026|527005|0000000000018975|0000000001974349|0000000000020435|0000000002150804|092.86
17032026|530001|0000000000001503|0000000000622919|0000000000001914|0000000000795992|078.53
17032026|530005|0000000000005606|0000000002008350|0000000000011110|0000000003970690|050.46
17032026|530007|0000000000045896|0000000019333690|0000000000099413|0000000041381554|046.17
17032026|530017|0000000000003910|0000000000053020|0000000000004757|0000000000064634|082.19
17032026|530019|0000000000003844|0000000003214545|0000000000005760|0000000004819498|066.74
17032026|530023|0000000000000310|0000000000029760|0000000000000310|0000000000029774|100.00
17032026|530025|0000000000010924|0000000000152390|0000000000011024|0000000000153161|099.09
17032026|530027|0000000000002078|0000000000016420|0000000000002078|0000000000016420|100.00
17032026|530037|0000000000002306|0000000000152612|0000000000002321|0000000000154843|099.35
17032026|530043|0000000000000011|0000000000003020|0000000000000021|0000000000005870|052.38
17032026|530045|0000000000003111|0000000000118312|0000000000003905|0000000000148757|079.67
17032026|530053|0000000001074890|0000000005159472|0000000001099686|0000000005176373|097.75
17032026|530057|0000000000034194|0000000000064969|0000000000038636|0000000000073642|088.50
17032026|530063|0000000000000338|0000000000001467|0000000000000338|0000000000001467|100.00
17032026|530065|0000000000000573|0000000000009558|0000000000000774|0000000000012339|074.03
17032026|530067|0000000000001543|0000000000381662|0000000000003027|0000000000748198|050.97
17032026|530073|0000000000011968|0000000002706564|0000000000019425|0000000004420562|061.61
17032026|530075|0000000000002274|0000000001229211|0000000000005319|0000000002848300|042.75
17032026|530077|0000000000012625|0000000002266188|0000000000012639|0000000002260681|099.89
17032026|530079|0000000000000991|0000000000417883|0000000000000991|0000000000417883|100.00
17032026|530109|0000000000122861|0000000000245722|0000000000170956|0000000000339763|071.87
17032026|530111|0000000000001869|0000000000053603|0000000000002212|0000000000060428|084.49
17032026|530117|0000000000003415|0000000010028319|0000000000006966|0000000020289478|049.02
17032026|530119|0000000000010575|0000000000312492|0000000000011001|0000000000327061|096.13
17032026|530125|0000000000000607|0000000000122645|0000000000000625|0000000000129153|097.12
17032026|530127|0000000000000542|0000000000010488|0000000000000883|0000000000016890|061.38
17032026|530129|0000000000002233|0000000003301379|0000000000002974|0000000004349371|075.08
17032026|530133|0000000000000018|0000000000001150|0000000000000031|0000000000001978|058.06
17032026|530135|0000000000017390|0000000005717832|0000000000024035|0000000007981658|072.35
17032026|530139|0000000000002189|0000000000068538|0000000000003371|0000000000110837|064.94
17032026|530141|0000000000000001|0000000000000036|0000000000000002|0000000000000072|050.00
17032026|530145|0000000000044969|0000000001100392|0000000000047472|0000000001163162|094.73
17032026|530163|0000000000027411|0000000004814743|0000000000031145|0000000005404647|088.01
17032026|530167|0000000000031405|0000000000455373|0000000000044417|0000000000659130|070.70
17032026|530169|0000000000000396|0000000000011088|0000000000000416|0000000000011889|095.19
17032026|530171|0000000000000181|0000000000005382|0000000000000266|0000000000007824|068.05
17032026|530175|0000000000005529|0000000000276450|0000000000005531|0000000000268465|099.96
17032026|530179|0000000000030766|0000000000826991|0000000000030775|0000000000837769|099.97
17032026|530185|0000000000025861|0000000000107324|0000000000036722|0000000000152170|070.42
17032026|530187|0000000000008367|0000000000031042|0000000000008922|0000000000033641|093.78
17032026|530197|0000000000010527|0000000003452585|0000000000010527|0000000003452585|100.00
17032026|530199|0000000000008681|0000000000656284|0000000000009821|0000000000730828|088.39
17032026|530201|0000000000074509|0000000000199685|0000000000099370|0000000000273030|074.98
17032026|530207|0000000000000001|0000000000000019|0000000000000001|0000000000000018|100.00
17032026|530213|0000000000000754|0000000000047502|0000000000000806|0000000000050911|093.55
17032026|530215|0000000000007420|0000000000821394|0000000000012855|0000000001435409|057.72
17032026|530217|0000000000072213|0000000000706966|0000000000078757|0000000000789366|091.69
17032026|530231|0000000000000408|0000000000015660|0000000000000408|0000000000015659|100.00
17032026|530233|0000000000000042|0000000000011606|0000000000000042|0000000000011606|100.00
17032026|530235|0000000000000663|0000000000029670|0000000000000727|0000000000033240|091.20
17032026|530239|0000000000003150|0000000000433598|0000000000006022|0000000000824347|052.31
17032026|530245|0000000000000279|0000000000172004|0000000000000440|0000000000267722|063.41
17032026|530249|0000000000055586|0000000000717060|0000000000063377|0000000000808520|087.71
17032026|530251|0000000000193734|0000000000091055|0000000000194739|0000000000086704|099.48
17032026|530253|0000000000069697|0000000001023849|0000000000084512|0000000001242102|082.47
17032026|530255|0000000000010615|0000000000087256|0000000000012329|0000000000100684|086.10
17032026|530259|0000000000049797|0000000001863404|0000000000148308|0000000006001202|033.58
17032026|530263|0000000000144830|0000000000072415|0000000000182217|0000000000091228|079.48
17032026|530265|0000000000004814|0000000000168587|0000000000004825|0000000000162940|099.77
17032026|530267|0000000000000700|0000000000039487|0000000000000716|0000000000040279|097.77
17032026|530271|0000000000000101|0000000000000586|0000000000000102|0000000000000630|099.02
17032026|530281|0000000000000074|0000000000001526|0000000000000074|0000000000001526|100.00
17032026|530289|0000000000000223|0000000000012488|0000000000000223|0000000000012509|100.00
17032026|530295|0000000000000001|0000000000000024|0000000000000001|0000000000000023|100.00
17032026|530299|0000000000000551|0000000000034719|0000000000000564|0000000000035462|097.70
17032026|530305|0000000000006308|0000000003453000|0000000000010963|0000000005988708|057.54
17032026|530307|0000000000002768|0000000000649512|0000000000004092|0000000000963769|067.64
17032026|530309|0000000000005060|0000000000060822|0000000000005984|0000000000072687|084.56
17032026|530313|0000000000000938|0000000000027428|0000000000000952|0000000000027479|098.53
17032026|530315|0000000000022527|0000000002179488|0000000000023943|0000000002325790|094.09
17032026|530317|0000000000002467|0000000000202887|0000000000002950|0000000000240978|083.63
17032026|530331|0000000000001534|0000000000645124|0000000000001755|0000000000734633|087.41
17032026|530341|0000000000000555|0000000000064935|0000000000000556|0000000000062667|099.82
17032026|530343|0000000000016000|0000000003984800|0000000000030451|0000000007500812|052.54
17032026|530355|0000000000020748|0000000006034556|0000000000028296|0000000008206486|073.32
17032026|530357|0000000000743317|0000000000825324|0000000000743317|0000000000825324|100.00
17032026|530361|0000000000002186|0000000000072138|0000000000002211|0000000000072388|098.87
17032026|530363|0000000000001920|0000000000070676|0000000000002569|0000000000094842|074.74
17032026|530365|0000000000000138|0000000000037592|0000000000000487|0000000000132195|028.34
17032026|530367|0000000000002951|0000000000752063|0000000000003644|0000000000925343|080.98
17032026|530369|0000000000001001|0000000000045025|0000000000001002|0000000000045049|099.90
17032026|530377|0000000000069840|0000000000483293|0000000000077676|0000000000536314|089.91
17032026|530393|0000000000000007|0000000000000178|0000000000000016|0000000000000413|043.75
17032026|530401|0000000000000785|0000000000031730|0000000000000789|0000000000032098|099.49
17032026|530405|0000000000000672|0000000000020698|0000000000000774|0000000000023700|086.82
17032026|530407|0000000000002658|0000000000080511|0000000000003549|0000000000106233|074.89
17032026|530419|0000000000037510|0000000001224327|0000000000069493|0000000002241781|053.98
17032026|530421|0000000000008021|0000000000074115|0000000000008469|0000000000076799|094.71
17032026|530427|0000000000000592|0000000000083088|0000000000000758|0000000000104093|078.10
17032026|530429|0000000000000158|0000000000004898|0000000000000158|0000000000005170|100.00
17032026|530433|0000000000001433|0000000000058653|0000000000002016|0000000000082054|071.08
17032026|530439|0000000000001514|0000000000005829|0000000000001514|0000000000005888|100.00
17032026|530443|0000000000001557|0000000000021985|0000000000001657|0000000000023040|093.96
17032026|530445|0000000000003662|0000000000006043|0000000000004160|0000000000006721|088.03
17032026|530449|0000000000004481|0000000000210428|0000000000006008|0000000000282084|074.58
17032026|530457|0000000000085996|0000000004673023|0000000000096484|0000000005130174|089.13
17032026|530459|0000000000003885|0000000000093240|0000000000004036|0000000000097137|096.26
17032026|530461|0000000000051415|0000000000624693|0000000000057883|0000000000701068|088.83
17032026|530469|0000000000004825|0000000000178865|0000000000004825|0000000000178865|100.00
17032026|530475|0000000000000842|0000000000528861|0000000000001842|0000000001166611|045.71
17032026|530477|0000000000002340|0000000000336024|0000000000002988|0000000000433811|078.31
17032026|530495|0000000000001529|0000000000099840|0000000000001529|0000000000099840|100.00
17032026|530499|0000000000000235|0000000000362041|0000000000000237|0000000000364623|099.16
17032026|530517|0000000000017576|0000000004844825|0000000000028487|0000000007956566|061.70
17032026|530521|0000000000001760|0000000000572528|0000000000001760|0000000000572205|100.00
17032026|530525|0000000000556669|0000000001725674|0000000000622454|0000000001939086|089.43
17032026|530533|0000000000000010|0000000000000989|0000000000000010|0000000000000989|100.00
17032026|530537|0000000000000001|0000000000000045|0000000000000001|0000000000000044|100.00
17032026|530545|0000000000000383|0000000000069611|0000000000000439|0000000000080471|087.24
17032026|530549|0000000000003402|0000000001079965|0000000000006966|0000000002212320|048.84
17032026|530555|0000000000356032|0000000011994719|0000000000430765|0000000014289149|082.65
17032026|530557|0000000001739652|0000000000765447|0000000006121377|0000000002515364|028.42
17032026|530571|0000000000000300|0000000000003066|0000000000000557|0000000000005409|053.86
17032026|530577|0000000000000133|0000000000006692|0000000000000174|0000000000008807|076.44
17032026|530579|0000000000009691|0000000000128019|0000000000009791|0000000000131096|098.98
17032026|530581|0000000000000001|0000000000000006|0000000000000001|0000000000000005|100.00
17032026|530585|0000000000023270|0000000001245644|0000000000024541|0000000001292263|094.82
17032026|530589|0000000000006733|0000000000699223|0000000000007256|0000000000771740|092.79
17032026|530595|0000000000053414|0000000002183895|0000000000053414|0000000002183895|100.00
17032026|530601|0000000000000121|0000000000006970|0000000000000218|0000000000012829|055.50
17032026|530615|0000000000004917|0000000000708540|0000000000005079|0000000000717247|096.81
17032026|530617|0000000000231072|0000000005291549|0000000000359738|0000000008007104|064.23
17032026|530621|0000000000009339|0000000000850036|0000000000011401|0000000001049591|081.91
17032026|530627|0000000000007907|0000000001394005|0000000000009752|0000000001755578|081.08
17032026|530643|0000000000012093|0000000003739761|0000000000018404|0000000005677301|065.71
17032026|530655|0000000000000579|0000000000605606|0000000000001317|0000000001379092|043.96
17032026|530663|0000000000016463|0000000000013994|0000000000016463|0000000000014147|100.00
17032026|530665|0000000000024253|0000000000077125|0000000000031701|0000000000099601|076.51
17032026|530675|0000000000000080|0000000000004352|0000000000000081|0000000000004407|098.77
17032026|530677|0000000000000505|0000000000027579|0000000000000529|0000000000028596|095.46
17032026|530689|0000000000035358|0000000001712035|0000000000055622|0000000002707005|063.57
17032026|530695|0000000000000465|0000000000009659|0000000000000625|0000000000012800|074.40
17032026|530697|0000000000000600|0000000000011688|0000000000000737|0000000000014000|081.41
17032026|530699|0000000000000451|0000000000009501|0000000000000451|0000000000009501|100.00
17032026|530705|0000000000002340|0000000000085912|0000000000002340|0000000000085912|100.00
17032026|530709|0000000000001718|0000000000146030|0000000000001729|0000000000141554|099.36
17032026|530711|0000000000003831|0000000000202277|0000000000004840|0000000000255138|079.15
17032026|530723|0000000000000011|0000000000001295|0000000000000011|0000000000001294|100.00
17032026|530733|0000000000000021|0000000000000260|0000000000000021|0000000000000259|100.00
17032026|530735|0000000000000100|0000000000003620|0000000000000102|0000000000003356|098.04
17032026|530741|0000000000004184|0000000000496014|0000000000005001|0000000000602729|083.66
17032026|530745|0000000000019435|0000000000716569|0000000000021965|0000000000796960|088.48
17032026|530747|0000000000000310|0000000000006476|0000000000000418|0000000000008574|074.16
17032026|530755|0000000000000002|0000000000000018|0000000000000002|0000000000000017|100.00
17032026|530759|0000000000007120|0000000001244220|0000000000009630|0000000001697785|073.94
17032026|530765|0000000000008601|0000000000154905|0000000000009601|0000000000172914|089.58
17032026|530779|0000000000005004|0000000000123149|0000000000005006|0000000000123207|099.96
17032026|530787|0000000000001640|0000000000082012|0000000000001640|0000000000082012|100.00
17032026|530797|0000000000000001|0000000000000014|0000000000000001|0000000000000013|100.00
17032026|530799|0000000000000010|0000000000000269|0000000000000010|0000000000000272|100.00
17032026|530803|0000000000000504|0000000000070737|0000000000000638|0000000000090526|079.00
17032026|530805|0000000000015237|0000000000095994|0000000000028329|0000000000177488|053.79
17032026|530809|0000000000000555|0000000000020508|0000000000000557|0000000000018633|099.64
17032026|530813|0000000000013196|0000000003746345|0000000000025774|0000000007355594|051.20
17032026|530821|0000000000002158|0000000000027946|0000000000002158|0000000000027946|100.00
17032026|530825|0000000000026210|0000000000991525|0000000000028985|0000000001076380|090.43
17032026|530829|0000000000000937|0000000000032308|0000000000001157|0000000000040326|080.99
17032026|530839|0000000000010950|0000000000075993|0000000000012959|0000000000087567|084.50
17032026|530843|0000000000338394|0000000026834645|0000000000858655|0000000068480480|039.41
17032026|530845|0000000000006749|0000000005134640|0000000000006843|0000000005255535|098.63
17032026|530855|0000000000000173|0000000000014609|0000000000000173|0000000000014609|100.00
17032026|530871|0000000000000091|0000000000011557|0000000000000109|0000000000014041|083.49
17032026|530879|0000000000060692|0000000001605911|0000000000077414|0000000002020348|078.40
17032026|530881|0000000000155566|0000000001107630|0000000000176671|0000000001245796|088.05
17032026|530883|0000000000098443|0000000000709775|0000000000135839|0000000000999936|072.47
17032026|530897|0000000000001115|0000000000139487|0000000000001296|0000000000160203|086.03
17032026|530899|0000000000000696|0000000000025655|0000000000000696|0000000000026684|100.00
17032026|530909|0000000000000027|0000000000001242|0000000000000027|0000000000001242|100.00
17032026|530919|0000000000004132|0000000000376219|0000000000004982|0000000000457175|082.94
17032026|530925|0000000000000259|0000000000026977|0000000000000259|0000000000026977|100.00
17032026|530927|0000000000000100|0000000000008200|0000000000000100|0000000000008200|100.00
17032026|530931|0000000000004087|0000000000044344|0000000000004087|0000000000044311|100.00
17032026|530943|0000000000148299|0000000011248480|0000000000159947|0000000012216681|092.72
17032026|530951|0000000000007787|0000000000426339|0000000000009060|0000000000493817|085.95
17032026|530953|0000000000000148|0000000000013615|0000000000000151|0000000000013413|098.01
17032026|530959|0000000000003268|0000000000077779|0000000000004218|0000000000101936|077.48
17032026|530961|0000000000417974|0000000000530827|0000000000572345|0000000000714603|073.03
17032026|530965|0000000000586403|0000000085996000|0000000001333546|0000000196406639|043.97
17032026|530977|0000000000017297|0000000002490768|0000000000017405|0000000002479772|099.38
17032026|530979|0000000000001007|0000000000034118|0000000000001250|0000000000040095|080.56
17032026|530991|0000000000000584|0000000000025696|0000000000000585|0000000000024590|099.83
17032026|530993|0000000000000001|0000000000000042|0000000000000001|0000000000000041|100.00
17032026|530997|0000000000000223|0000000000017617|0000000000000313|0000000000025357|071.25
17032026|530999|0000000000001605|0000000001604358|0000000000003903|0000000003926760|041.12
17032026|531015|0000000000003642|0000000000081873|0000000000003723|0000000000083970|097.82
17032026|531017|0000000000007749|0000000000121040|0000000000009024|0000000000141955|085.87
17032026|531025|0000000001285022|0000000000385507|0000000001725937|0000000000523021|074.45
17032026|531027|0000000000000003|0000000000000048|0000000000000003|0000000000000048|100.00
17032026|531033|0000000000000440|0000000000013346|0000000000000521|0000000000015832|084.45
17032026|531035|0000000000204725|0000000004556795|0000000000204725|0000000004556795|100.00
17032026|531041|0000000000003667|0000000001269883|0000000000003947|0000000001365776|092.91
17032026|531043|0000000000000500|0000000000011210|0000000000000500|0000000000011209|100.00
17032026|531067|0000000000010083|0000000000264780|0000000000011357|0000000000296318|088.78
17032026|531069|0000000000001503|0000000000695514|0000000000001927|0000000000868998|078.00
17032026|531080|0000000000000163|0000000000005934|0000000000000163|0000000000005570|100.00
17032026|531082|0000000000016691|0000000000126518|0000000000019288|0000000000147233|086.54
17032026|531083|0000000000000170|0000000000000980|0000000000000170|0000000000000980|100.00
17032026|531091|0000000000000584|0000000000011721|0000000000000627|0000000000012763|093.14
17032026|531092|0000000000003392|0000000000298056|0000000000005723|0000000000490308|059.27
17032026|531099|0000000000027092|0000000001281994|0000000000027298|0000000001291709|099.25
17032026|531109|0000000000000850|0000000000046759|0000000000000950|0000000000052306|089.47
17032026|531111|0000000000001100|0000000000040236|0000000000001100|0000000000040236|100.00
17032026|531112|0000000000004090|0000000001825981|0000000000013784|0000000006133981|029.67
17032026|531119|0000000000001645|0000000000429263|0000000000002198|0000000000588370|074.84
17032026|531120|0000000000191259|0000000004657157|0000000000305995|0000000007400365|062.50
17032026|531126|0000000000023417|0000000000563414|0000000000025549|0000000000607520|091.66
17032026|531129|0000000000050489|0000000000482675|0000000000070575|0000000000644355|071.54
17032026|531137|0000000000017217|0000000000025309|0000000000020278|0000000000030144|084.90
17032026|531144|0000000000003325|0000000000047648|0000000000003325|0000000000047473|100.00
17032026|531146|0000000000000388|0000000000105110|0000000000000534|0000000000144862|072.66
17032026|531147|0000000000000268|0000000000177926|0000000000000349|0000000000232405|076.79
17032026|531153|0000000000096424|0000000000219847|0000000000129229|0000000000288656|074.61
17032026|531155|0000000000000001|0000000000000007|0000000000000002|0000000000000012|050.00
17032026|531156|0000000000102832|0000000000997470|0000000000102832|0000000000997470|100.00
17032026|531157|0000000000000100|0000000000002079|0000000000000100|0000000000002079|100.00
17032026|531158|0000000000000337|0000000000005716|0000000000000339|0000000000005891|099.41
17032026|531161|0000000000003193|0000000000686495|0000000000003215|0000000000695432|099.32
17032026|531162|0000000000006385|0000000002671484|0000000000011340|0000000004756160|056.31
17032026|531163|0000000000000102|0000000000007635|0000000000000117|0000000000008537|087.18
17032026|531168|0000000000000012|0000000000002114|0000000000000028|0000000000004890|042.86
17032026|531169|0000000000000042|0000000000003946|0000000000000046|0000000000004344|091.30
17032026|531173|0000000000012181|0000000000548145|0000000000015974|0000000000719591|076.26
17032026|531176|0000000000003379|0000000000037271|0000000000004280|0000000000046695|078.95
17032026|531178|0000000000013022|0000000000139596|0000000000018977|0000000000204526|068.62
17032026|531179|0000000000000755|0000000001076140|0000000000001062|0000000001486304|071.09
17032026|531190|0000000000001756|0000000000175355|0000000000001828|0000000000180989|096.06
17032026|531199|0000000000000029|0000000000005364|0000000000000033|0000000000005986|087.88
17032026|531201|0000000000004207|0000000016683490|0000000000007405|0000000029203702|056.81
17032026|531203|0000000000000003|0000000000000211|0000000000000003|0000000000000214|100.00
17032026|531205|0000000003720341|0000000001854516|0000000003720341|0000000001854516|100.00
17032026|531209|0000000000001993|0000000001529528|0000000000002631|0000000001987124|075.75
17032026|531210|0000000000003075|0000000000121476|0000000000003075|0000000000121476|100.00
17032026|531212|0000000000001038|0000000000045029|0000000000001088|0000000000049042|095.40
17032026|531213|0000000002052903|0000000527082846|0000000002274603|0000000583533643|090.25
17032026|531215|0000000000003352|0000000000341737|0000000000004876|0000000000495720|068.74
17032026|531216|0000000000346501|0000000002210677|0000000000556615|0000000003433911|062.25
17032026|531221|0000000000000003|0000000000000036|0000000000000003|0000000000000036|100.00
17032026|531223|0000000000008277|0000000000202787|0000000000010728|0000000000260478|077.15
17032026|531225|0000000000012931|0000000000396982|0000000000019184|0000000000588192|067.41
17032026|531227|0000000000001225|0000000000066395|0000000000001225|0000000000069838|100.00
17032026|531228|0000000000000302|0000000000003153|0000000000000302|0000000000003085|100.00
17032026|531233|0000000000086777|0000000001006614|0000000000091393|0000000001095777|094.95
17032026|531234|0000000000000117|0000000000008417|0000000000000119|0000000000008532|098.32
17032026|531235|0000000000000074|0000000000003131|0000000000000074|0000000000003131|100.00
17032026|531237|0000000000001749|0000000000405221|0000000000001749|0000000000405221|100.00
17032026|531241|0000000000001474|0000000000144895|0000000000001509|0000000000146128|097.68
17032026|531253|0000000000001166|0000000000372654|0000000000001384|0000000000435813|084.25
17032026|531254|0000000000089595|0000000001149504|0000000000175567|0000000002263969|051.03
17032026|531255|0000000000000377|0000000000018752|0000000000000392|0000000000020047|096.17
17032026|531257|0000000000003456|0000000000055919|0000000000004059|0000000000065694|085.14
17032026|531260|0000000000000954|0000000000240504|0000000000001216|0000000000299702|078.45
17032026|531262|0000000000000004|0000000000000080|0000000000000005|0000000000000107|080.00
17032026|531266|0000000000001290|0000000006774371|0000000000001767|0000000009047077|073.00
17032026|531268|0000000000010236|0000000000452732|0000000000010236|0000000000452732|100.00
17032026|531273|0000000000218532|0000000000321243|0000000000239688|0000000000350767|091.17
17032026|531274|0000000000010930|0000000000436784|0000000000010930|0000000000436784|100.00
17032026|531278|0000000000001906|0000000000168014|0000000000002421|0000000000214518|078.73
17032026|531279|0000000000010249|0000000001280613|0000000000013069|0000000001631070|078.42
17032026|531280|0000000000002572|0000000000162899|0000000000002572|0000000000162899|100.00
17032026|531281|0000000000000420|0000000000039018|0000000000000420|0000000000039248|100.00
17032026|531283|0000000000000002|0000000000000018|0000000000000002|0000000000000017|100.00
17032026|531286|0000000000008287|0000000000207258|0000000000008287|0000000000207257|100.00
17032026|531287|0000000000001092|0000000000253181|0000000000001653|0000000000387943|066.06
17032026|531289|0000000000001017|0000000000162720|0000000000001363|0000000000216897|074.61
17032026|531297|0000000000005559|0000000000341712|0000000000006596|0000000000403268|084.28
17032026|531301|0000000000000003|0000000000000387|0000000000000005|0000000000000653|060.00
17032026|531306|0000000000000862|0000000000412812|0000000000001118|0000000000537691|077.10
17032026|531307|0000000000022717|0000000000355522|0000000000029436|0000000000458514|077.17
17032026|531310|0000000000134496|0000000017504655|0000000000136432|0000000018071201|098.58
17032026|531314|0000000000000023|0000000000000328|0000000000000023|0000000000000327|100.00
17032026|531319|0000000000001872|0000000000070013|0000000000002426|0000000000089794|077.16
17032026|531322|0000000000012477|0000000000015971|0000000000013161|0000000000016008|094.80
17032026|531323|0000000000000013|0000000000000165|0000000000000013|0000000000000172|100.00
17032026|531324|0000000000000086|0000000000002000|0000000000000086|0000000000001999|100.00
17032026|531328|0000000001541025|0000000001109538|0000000002150805|0000000001547694|071.65
17032026|531334|0000000000000003|0000000000000090|0000000000000003|0000000000000090|100.00
17032026|531335|0000000000076450|0000000032246610|0000000000244880|0000000103089830|031.22
17032026|531338|0000000000001101|0000000000018442|0000000000001101|0000000000018590|100.00
17032026|531340|0000000000000001|0000000000000065|0000000000000001|0000000000000064|100.00
17032026|531341|0000000000000166|0000000000003338|0000000000000166|0000000000003338|100.00
17032026|531344|0000000000064824|0000000029332860|0000000000100492|0000000045448805|064.51
17032026|531346|0000000000001267|0000000000040544|0000000000001317|0000000000041072|096.20
17032026|531349|0000000000010352|0000000003286243|0000000000013510|0000000004341357|076.62
17032026|531352|0000000000000006|0000000000000114|0000000000000006|0000000000000114|100.00
17032026|531357|0000000000266102|0000000008209247|0000000000323834|0000000010143312|082.17
17032026|531358|0000000000015973|0000000010033440|0000000000024094|0000000015233446|066.29
17032026|531359|0000000000006382|0000000001850780|0000000000007029|0000000002029321|090.80
17032026|531364|0000000000006177|0000000001003763|0000000000006333|0000000001044103|097.54
17032026|531370|0000000000008911|0000000000032704|0000000000010010|0000000000037408|089.02
17032026|531373|0000000000010578|0000000000346113|0000000000015118|0000000000509624|069.97
17032026|531380|0000000000000063|0000000000005574|0000000000000063|0000000000005619|100.00
17032026|531381|0000000000001208|0000000001178042|0000000000001466|0000000001436776|082.40
17032026|531387|0000000000001000|0000000000008030|0000000000001000|0000000000008030|100.00
17032026|531390|0000000000030412|0000000001914740|0000000000032162|0000000002085973|094.56
17032026|531395|0000000000144722|0000000000314047|0000000000190722|0000000000414283|075.88
17032026|531396|0000000000000001|0000000000000009|0000000000000001|0000000000000008|100.00
17032026|531397|0000000000000119|0000000000003279|0000000000000120|0000000000003558|099.17
17032026|531398|0000000000000207|0000000000026393|0000000000000307|0000000000039040|067.43
17032026|531399|0000000000035332|0000000004921748|0000000000041979|0000000006010891|084.17
17032026|531400|0000000000021462|0000000000303688|0000000000021488|0000000000303429|099.88
17032026|531402|0000000000012286|0000000000197682|0000000000012387|0000000000202435|099.18
17032026|531411|0000000000109502|0000000000104027|0000000000114583|0000000000109399|095.57
17032026|531412|0000000000000035|0000000000006961|0000000000000035|0000000000006961|100.00
17032026|531416|0000000000000134|0000000000004355|0000000000000791|0000000000025014|016.94
17032026|531417|0000000000064499|0000000000130288|0000000000079774|0000000000161782|080.85
17032026|531426|0000000000001133|0000000000151596|0000000000001715|0000000000229869|066.06
17032026|531431|0000000000014401|0000000007147217|0000000000034032|0000000016947259|042.32
17032026|531433|0000000000002349|0000000000007353|0000000000002349|0000000000007003|100.00
17032026|531436|0000000000006686|0000000000181927|0000000000011560|0000000000317678|057.84
17032026|531437|0000000000000210|0000000000004616|0000000000000310|0000000000006824|067.74
17032026|531439|0000000000004961|0000000000196307|0000000000005200|0000000000202605|095.40
17032026|531449|0000000000004812|0000000000733590|0000000000008562|0000000001310733|056.20
17032026|531453|0000000000000931|0000000000021181|0000000000001151|0000000000025646|080.89
17032026|531454|0000000000002216|0000000000038780|0000000000002317|0000000000040537|095.64
17032026|531456|0000000000003092|0000000000004608|0000000000003992|0000000000005868|077.45
17032026|531458|0000000000005000|0000000000034350|0000000000005000|0000000000034350|100.00
17032026|531460|0000000000000385|0000000000003042|0000000000000385|0000000000003042|100.00
17032026|531465|0000000000002891|0000000000001417|0000000000002891|0000000000001416|100.00
17032026|531471|0000000000015464|0000000000418611|0000000000016557|0000000000448172|093.40
17032026|531472|0000000000001816|0000000000103112|0000000000001816|0000000000103112|100.00
17032026|531486|0000000000001128|0000000000002459|0000000000001128|0000000000002459|100.00
17032026|531489|0000000000001203|0000000000220210|0000000000001664|0000000000306530|072.30
17032026|531494|0000000000036961|0000000000034744|0000000000054782|0000000000052431|067.47
17032026|531495|0000000000000311|0000000000005969|0000000000000471|0000000000009259|066.03
17032026|531497|0000000000007074|0000000000030065|0000000000007253|0000000000031029|097.53
17032026|531499|0000000000034854|0000000000064829|0000000000036295|0000000000067989|096.03
17032026|531500|0000000000036201|0000000003667065|0000000000036201|0000000003667065|100.00
17032026|531502|0000000000003963|0000000000033607|0000000000004513|0000000000038505|087.81
17032026|531503|0000000000000579|0000000000015784|0000000000000579|0000000000015537|100.00
17032026|531506|0000000000000015|0000000000000572|0000000000000015|0000000000000572|100.00
17032026|531508|0000000000001974|0000000000596741|0000000000002321|0000000000697964|085.05
17032026|531512|0000000000044829|0000000000751783|0000000000083287|0000000001375830|053.82
17032026|531518|0000000000249245|0000000000073022|0000000000249245|0000000000073022|100.00
17032026|531521|0000000000000200|0000000000005349|0000000000000200|0000000000005349|100.00
17032026|531525|0000000000038216|0000000007713900|0000000000046573|0000000009117831|082.06
17032026|531529|0000000000011302|0000000000020118|0000000000016628|0000000000029105|067.97
17032026|531531|0000000000000659|0000000000628884|0000000000001107|0000000001067211|059.53
17032026|531533|0000000000025259|0000000001618092|0000000000033600|0000000002151943|075.18
17032026|531537|0000000000005010|0000000000863223|0000000000005010|0000000000863223|100.00
17032026|531539|0000000000003657|0000000000117939|0000000000005374|0000000000172047|068.05
17032026|531540|0000000000003553|0000000000031196|0000000000004701|0000000000041696|075.58
17032026|531541|0000000000001509|0000000000003549|0000000000001509|0000000000003549|100.00
17032026|531543|0000000000014079|0000000000293688|0000000000018777|0000000000389810|074.98
17032026|531548|0000000000001243|0000000000453260|0000000000001927|0000000000705182|064.50
17032026|531550|0000000000002310|0000000000480596|0000000000004013|0000000000816568|057.56
17032026|531552|0000000000000754|0000000000011228|0000000000000773|0000000000010918|097.54
17032026|531553|0000000000000015|0000000000000315|0000000000000030|0000000000000629|050.00
17032026|531556|0000000000003100|0000000000098735|0000000000003100|0000000000096168|100.00
17032026|531557|0000000000000954|0000000000048253|0000000000000954|0000000000048253|100.00
17032026|531568|0000000000004250|0000000000030813|0000000000004250|0000000000030820|100.00
17032026|531569|0000000000018786|0000000002812265|0000000000025879|0000000003932176|072.59
17032026|531572|0000000000000103|0000000000010701|0000000000000103|0000000000010701|100.00
17032026|531574|0000000000003719|0000000000034183|0000000000003719|0000000000034183|100.00
17032026|531578|0000000000000776|0000000000005742|0000000000000776|0000000000005742|100.00
17032026|531582|0000000000000005|0000000000000154|0000000000000005|0000000000000154|100.00
17032026|531583|0000000000010957|0000000000366293|0000000000010987|0000000000345071|099.73
17032026|531585|0000000000000032|0000000000000274|0000000000000032|0000000000000263|100.00
17032026|531591|0000000000002463|0000000000047783|0000000000002463|0000000000047525|100.00
17032026|531592|0000000000458657|0000000000467831|0000000000557153|0000000000567921|082.32
17032026|531594|0000000000000101|0000000000001288|0000000000000101|0000000000001291|100.00
17032026|531595|0000000000016835|0000000002858583|0000000000032235|0000000005476241|052.23
17032026|531599|0000000000001821|0000000000619869|0000000000002477|0000000000848235|073.52
17032026|531608|0000000000000121|0000000000008064|0000000000000163|0000000000010259|074.23
17032026|531616|0000000000000400|0000000000025684|0000000000000528|0000000000037311|075.76
17032026|531624|0000000000004895|0000000000020315|0000000000006049|0000000000025511|080.92
17032026|531626|0000000000278875|0000000001210318|0000000000477538|0000000002326479|058.40
17032026|531628|0000000000000875|0000000000029067|0000000000000875|0000000000029067|100.00
17032026|531633|0000000000000697|0000000000418723|0000000000001606|0000000000951675|043.40
17032026|531635|0000000000001344|0000000000111029|0000000000001344|0000000000111029|100.00
17032026|531637|0000000000116026|0000000026094248|0000000000125218|0000000028112541|092.66
17032026|531638|0000000000000020|0000000000004440|0000000000000020|0000000000004440|100.00
17032026|531642|0000000000002651|0000000002001903|0000000000010316|0000000007745714|025.70
17032026|531644|0000000000000210|0000000000004473|0000000000000296|0000000000006227|070.95
17032026|531651|0000000000000152|0000000000006854|0000000000000152|0000000000006873|100.00
17032026|531652|0000000000044018|0000000003441768|0000000000046004|0000000003616694|095.68
17032026|531658|0000000000019100|0000000000220796|0000000000024321|0000000000272479|078.53
17032026|531661|0000000000001960|0000000000019404|0000000000002121|0000000000021387|092.41
17032026|531663|0000000000865256|0000000003755212|0000000000911138|0000000003900839|094.96
17032026|531667|0000000000050007|0000000001350189|0000000000051007|0000000001379336|098.04
17032026|531668|0000000000005837|0000000000014710|0000000000005837|0000000000015049|100.00
17032026|531671|0000000000049351|0000000000087845|0000000000072276|0000000000126827|068.28
17032026|531672|0000000000000001|0000000000000023|0000000000000002|0000000000000045|050.00
17032026|531673|0000000000008671|0000000000169258|0000000000009224|0000000000180609|094.00
17032026|531676|0000000000008177|0000000002345437|0000000000008177|0000000002345437|100.00
17032026|531680|0000000000026791|0000000000472593|0000000000026791|0000000000472593|100.00
17032026|531681|0000000000121406|0000000000080128|0000000000121406|0000000000080393|100.00
17032026|531685|0000000000001000|0000000000002250|0000000000001000|0000000000002250|100.00
17032026|531688|0000000000000947|0000000000105544|0000000000001048|0000000000116955|090.36
17032026|531692|0000000000000566|0000000000001438|0000000000000566|0000000000001511|100.00
17032026|531694|0000000000005059|0000000000204050|0000000000005059|0000000000204050|100.00
17032026|531716|0000000000000007|0000000000000015|0000000000000007|0000000000000015|100.00
17032026|531717|0000000000005916|0000000001610631|0000000000014607|0000000004132495|040.50
17032026|531719|0000000000047878|0000000009099214|0000000000052109|0000000010700522|091.88
17032026|531723|0000000000341917|0000000000157282|0000000000488247|0000000000228517|070.03
17032026|531726|0000000000026422|0000000002643522|0000000000031825|0000000003142310|083.02
17032026|531727|0000000000012421|0000000000664400|0000000000014064|0000000000748885|088.32
17032026|531737|0000000000118464|0000000000058048|0000000000153716|0000000000076469|077.07
17032026|531739|0000000000631195|0000000005926922|0000000000689181|0000000006433188|091.59
17032026|531744|0000000000010707|0000000000601627|0000000000011358|0000000000627002|094.27
17032026|531746|0000000000027481|0000000000503178|0000000000029205|0000000000548475|094.10
17032026|531752|0000000000581511|0000000000331462|0000000000817687|0000000000463161|071.12
17032026|531758|0000000000038530|0000000000348697|0000000000057532|0000000000548203|066.97
17032026|531761|0000000000023908|0000000009518971|0000000000073329|0000000029680021|032.60
17032026|531762|0000000000000228|0000000000004743|0000000000000228|0000000000004785|100.00
17032026|531768|0000000000006933|0000000008605933|0000000000010761|0000000013369913|064.43
17032026|531769|0000000000000060|0000000000000312|0000000000000060|0000000000000312|100.00
17032026|531771|0000000000007712|0000000001261684|0000000000039406|0000000006493382|019.57
17032026|531778|0000000000000553|0000000000015685|0000000000000553|0000000000015685|100.00
17032026|531779|0000000000002299|0000000000041084|0000000000002299|0000000000041083|100.00
17032026|531780|0000000002051209|0000000009394538|0000000002263821|0000000009991996|090.61
17032026|531784|0000000000840338|0000000001235297|0000000000863834|0000000001253853|097.28
17032026|531795|0000000000007499|0000000003088839|0000000000011382|0000000004686193|065.88
17032026|531797|0000000000000005|0000000000000447|0000000000000005|0000000000000446|100.00
17032026|531802|0000000000032087|0000000000766880|0000000000044102|0000000001082946|072.76
17032026|531810|0000000000000104|0000000000005616|0000000000000105|0000000000005665|099.05
17032026|531812|0000000000004151|0000000000002574|0000000000004151|0000000000002549|100.00
17032026|531813|0000000000000018|0000000000001334|0000000000000018|0000000000001378|100.00
17032026|531814|0000000000001405|0000000000011929|0000000000001690|0000000000014274|083.14
17032026|531822|0000000000000020|0000000000003279|0000000000000020|0000000000003279|100.00
17032026|531832|0000000000000202|0000000000008926|0000000000000202|0000000000008926|100.00
17032026|531834|0000000000000109|0000000000001336|0000000000000109|0000000000001336|100.00
17032026|531840|0000000000001208|0000000000033834|0000000000001208|0000000000033834|100.00
17032026|531841|0000000000000266|0000000000013300|0000000000000266|0000000000013320|100.00
17032026|531842|0000000000074079|0000000003037239|0000000000112542|0000000004766319|065.82
17032026|531845|0000000000014635|0000000000073615|0000000000016391|0000000000083455|089.29
17032026|531846|0000000000000004|0000000000000045|0000000000000004|0000000000000044|100.00
17032026|531859|0000000000096659|0000000011048124|0000000000117279|0000000013175593|082.42
17032026|531861|0000000000012333|0000000000503557|0000000000012339|0000000000508675|099.95
17032026|531862|0000000000033245|0000000000782588|0000000000038928|0000000000913209|085.40
17032026|531867|0000000000002152|0000000000007578|0000000000002152|0000000000007578|100.00
17032026|531869|0000000000061090|0000000000238862|0000000000081523|0000000000318249|074.94
17032026|531878|0000000000007379|0000000000065157|0000000000010463|0000000000091355|070.52
17032026|531888|0000000000010158|0000000000526286|0000000000012904|0000000000683835|078.72
17032026|531889|0000000000394008|0000000016292231|0000000000457222|0000000018867086|086.17
17032026|531892|0000000000000355|0000000000005659|0000000000002355|0000000000037616|015.07
17032026|531893|0000000000402202|0000000000145849|0000000000402202|0000000000145849|100.00
17032026|531900|0000000000003401|0000000000081795|0000000000003898|0000000000096509|087.25
17032026|531902|0000000000000609|0000000000015294|0000000000000609|0000000000015294|100.00
17032026|531909|0000000000043027|0000000000130882|0000000000043027|0000000000130882|100.00
17032026|531910|0000000000003675|0000000000748140|0000000000003675|0000000000748140|100.00
17032026|531911|0000000000623769|0000000026160872|0000000000638031|0000000026775297|097.76
17032026|531913|0000000000021150|0000000000259227|0000000000021150|0000000000259227|100.00
17032026|531918|0000000000000133|0000000000012576|0000000000000133|0000000000012582|100.00
17032026|531921|0000000000002737|0000000001180605|0000000000004966|0000000002185442|055.11
17032026|531923|0000000000004285|0000000000485062|0000000000004686|0000000000534725|091.44
17032026|531925|0000000000001032|0000000000001321|0000000000001032|0000000000001320|100.00
17032026|531928|0000000000000672|0000000000005786|0000000000000672|0000000000006047|100.00
17032026|531930|0000000000008699|0000000000226174|0000000000016420|0000000000428968|052.98
17032026|531931|0000000000000321|0000000000049852|0000000000000347|0000000000052528|092.51
17032026|531944|0000000000001142|0000000000020431|0000000000001144|0000000000020474|099.83
17032026|531950|0000000000083786|0000000000227898|0000000000093228|0000000000253932|089.87
17032026|531952|0000000000059384|0000000004284556|0000000000080766|0000000005739615|073.53
17032026|531959|0000000000142033|0000000000285487|0000000000177432|0000000000355175|080.05
17032026|531960|0000000000002759|0000000000011803|0000000000002759|0000000000011803|100.00
17032026|531962|0000000000001180|0000000000049267|0000000000001180|0000000000049267|100.00
17032026|531968|0000000000005024|0000000000213018|0000000000012840|0000000000611762|039.13
17032026|531977|0000000000315270|0000000002017728|0000000000397457|0000000002496145|079.32
17032026|531978|0000000000000225|0000000000286099|0000000000000675|0000000000864102|033.33
17032026|531979|0000000000004519|0000000000377682|0000000000004519|0000000000377682|100.00
17032026|531982|0000000000056132|0000000000623627|0000000000065891|0000000000740999|085.19
17032026|531989|0000000000000101|0000000000003016|0000000000000101|0000000000003016|100.00
17032026|531991|0000000000026466|0000000000014292|0000000000028366|0000000000015280|093.30
17032026|531994|0000000000000002|0000000000000306|0000000000000002|0000000000000308|100.00
17032026|531996|0000000000015926|0000000000113712|0000000000017034|0000000000126085|093.50
17032026|531997|0000000000079871|0000000001761955|0000000000098378|0000000002161444|081.19
17032026|532005|0000000000007183|0000000000316052|0000000000007383|0000000000324292|097.29
17032026|532007|0000000000000001|0000000000000027|0000000000000001|0000000000000026|100.00
17032026|532011|0000000000004171|0000000000213013|0000000000054233|0000000002826287|007.69
17032026|532015|0000000000078670|0000000001028409|0000000000078670|0000000001028409|100.00
17032026|532016|0000000000000099|0000000000028508|0000000000000124|0000000000034209|079.84
17032026|532019|0000000000052775|0000000000266502|0000000000052775|0000000000266502|100.00
17032026|532022|0000000010980060|0000000001866611|0000000016695401|0000000002913877|065.77
17032026|532029|0000000000006336|0000000000150100|0000000000007313|0000000000173204|086.64
17032026|532039|0000000000023824|0000000000967017|0000000000025899|0000000001029413|091.99
17032026|532041|0000000000001653|0000000000012447|0000000000001653|0000000000012447|100.00
17032026|532051|0000000000000993|0000000000530312|0000000000002041|0000000001065384|048.65
17032026|532053|0000000000001032|0000000000081023|0000000000001046|0000000000080187|098.66
17032026|532054|0000000000000033|0000000000071639|0000000000000066|0000000000143794|050.00
17032026|532056|0000000000000612|0000000000082193|0000000000000612|0000000000082193|100.00
17032026|532057|0000000000000057|0000000000007228|0000000000000059|0000000000007504|096.61
17032026|532067|0000000000008232|0000000010349682|0000000000010701|0000000013419796|076.93
17032026|532070|0000000000020292|0000000003747933|0000000000075639|0000000013956266|026.83
17032026|532090|0000000000039602|0000000000783595|0000000000039602|0000000000783595|100.00
17032026|532092|0000000000251206|0000000000465669|0000000000251206|0000000000465669|100.00
17032026|532100|0000000000002189|0000000000027319|0000000000002605|0000000000031416|084.03
17032026|532102|0000000000000652|0000000000018856|0000000000000652|0000000000018491|100.00
17032026|532113|0000000000001387|0000000000013815|0000000000001387|0000000000013815|100.00
17032026|532123|0000000000083181|0000000000371820|0000000000114149|0000000000514313|072.87
17032026|532124|0000000000004019|0000000000082310|0000000000004089|0000000000076830|098.29
17032026|532131|0000000000001016|0000000000015748|0000000000001017|0000000000015766|099.90
17032026|532134|0000000000095092|0000000026934809|0000000000234758|0000000065765585|040.51
17032026|532140|0000000000015943|0000000000041293|0000000000019981|0000000000052671|079.79
17032026|532141|0000000000002054|0000000000109047|0000000000003075|0000000000166551|066.80
17032026|532143|0000000000008446|0000000001312931|0000000000014931|0000000002301706|056.57
17032026|532144|0000000000005739|0000000004675277|0000000000011438|0000000009244102|050.17
17032026|532145|0000000000009798|0000000000099156|0000000000013349|0000000000135242|073.40
17032026|532149|0000000000121257|0000000018364373|0000000000284944|0000000042811574|042.55
17032026|532150|0000000000003938|0000000001531292|0000000000006313|0000000002457060|062.38
17032026|532154|0000000000281405|0000000000140703|0000000000448213|0000000000221795|062.78
17032026|532155|0000000000232424|0000000034317404|0000000000448663|0000000065879022|051.80
17032026|532156|0000000000022144|0000000004589344|0000000000043854|0000000009204830|050.49
17032026|532159|0000000000003864|0000000000033463|0000000000004611|0000000000040051|083.80
17032026|532160|0000000000015981|0000000000163966|0000000000022211|0000000000229380|071.95
17032026|532162|0000000000003277|0000000001050934|0000000000008459|0000000002734655|038.74
17032026|532163|0000000000005640|0000000001994022|0000000000012427|0000000004379598|045.38
17032026|532164|0000000000007766|0000000000010890|0000000000007766|0000000000010890|100.00
17032026|532172|0000000000009376|0000000000087385|0000000000010601|0000000000097103|088.44
17032026|532173|0000000000001255|0000000000133156|0000000000001539|0000000000161196|081.55
17032026|532174|0000000000311030|0000000400902119|0000000000483610|0000000621368444|064.31
17032026|532175|0000000000015963|0000000013632402|0000000000031377|0000000026897947|050.87
17032026|532178|0000000000089261|0000000016901571|0000000000164439|0000000030891758|054.28
17032026|532180|0000000000208674|0000000004707686|0000000000375438|0000000008486066|055.58
17032026|532181|0000000000042828|0000000023677460|0000000000186983|0000000102241142|022.90
17032026|532183|0000000000035322|0000000000272686|0000000000049289|0000000000381980|071.66
17032026|532187|0000000000010250|0000000008420375|0000000000026758|0000000021858643|038.31
17032026|532189|0000000000000934|0000000000399052|0000000000001339|0000000000572510|069.75
17032026|532209|0000000000095719|0000000011591571|0000000000306164|0000000036959559|031.26
17032026|532210|0000000000072963|0000000017522065|0000000000163305|0000000039302938|044.68
17032026|532212|0000000000005718|0000000000076450|0000000000006092|0000000000081783|093.86
17032026|532215|0000000000107722|0000000132401111|0000000000314851|0000000384594696|034.21
17032026|532216|0000000000001111|0000000000053229|0000000000002687|0000000000129725|041.35
17032026|532217|0000000000022151|0000000000560864|0000000000022885|0000000000590258|096.79
17032026|532218|0000000000425086|0000000015715430|0000000000982472|0000000036299757|043.27
17032026|532219|0000000000019729|0000000000286466|0000000000022795|0000000000332624|086.55
17032026|532221|0000000000005747|0000000001333592|0000000000015063|0000000003500303|038.15
17032026|532234|0000000000437299|0000000172842430|0000000001093433|0000000424865751|039.99
17032026|532240|0000000000000246|0000000000184513|0000000000000292|0000000000220830|084.25
17032026|532256|0000000000000206|0000000001113163|0000000000000265|0000000001437908|077.74
17032026|532259|0000000000004371|0000000041107726|0000000000009973|0000000093406732|043.83
17032026|532268|0000000000000458|0000000000540647|0000000000000737|0000000000871878|062.14
17032026|532271|0000000000038037|0000000000078737|0000000000042170|0000000000087571|090.20
17032026|532275|0000000000054866|0000000000095467|0000000000076076|0000000000136896|072.12
17032026|532281|0000000000022711|0000000030001231|0000000000060896|0000000080135159|037.29
17032026|532284|0000000000002760|0000000000068283|0000000000002764|0000000000068102|099.86
17032026|532285|0000000000010636|0000000000602317|0000000000020372|0000000001157701|052.21
17032026|532286|0000000000015336|0000000017745286|0000000000028672|0000000032989774|053.49
17032026|532290|0000000000002568|0000000000043273|0000000000002568|0000000000043273|100.00
17032026|532296|0000000000004617|0000000009914546|0000000000012804|0000000027665419|036.06
17032026|532300|0000000000017893|0000000021264936|0000000000033194|0000000039698020|053.90
17032026|532303|0000000000014520|0000000000049949|0000000000014520|0000000000049948|100.00
17032026|532304|0000000000000805|0000000000034551|0000000000000807|0000000000033938|099.75
17032026|532305|0000000000018896|0000000002758816|0000000000033492|0000000004815869|056.42
17032026|532309|0000000000004514|0000000001973526|0000000000004514|0000000001973526|100.00
17032026|532310|0000000000002498|0000000000115008|0000000000003053|0000000000141771|081.82
17032026|532313|0000000000002044|0000000000704158|0000000000003218|0000000001111934|063.52
17032026|532315|0000000000006886|0000000000038631|0000000000006996|0000000000038134|098.43
17032026|532320|0000000000000055|0000000000000497|0000000000000055|0000000000000496|100.00
17032026|532321|0000000000003557|0000000003165375|0000000000010516|0000000009397473|033.82
17032026|532323|0000000000551633|0000000008412404|0000000000592751|0000000009277885|093.06
17032026|532324|0000000000001000|0000000000015510|0000000000001000|0000000000015510|100.00
17032026|532326|0000000000002226|0000000000188097|0000000000003181|0000000000272603|069.98
17032026|532329|0000000000003343|0000000001649437|0000000000003831|0000000001893527|087.26
17032026|532331|0000000000001288|0000000003890984|0000000000003870|0000000011728309|033.28
17032026|532332|0000000000013281|0000000001708642|0000000000013281|0000000001708642|100.00
17032026|532333|0000000000028782|0000000001647770|0000000000029147|0000000001684309|098.75
17032026|532334|0000000000001935|0000000000123802|0000000000001937|0000000000122886|099.90
17032026|532335|0000000000002519|0000000000058391|0000000000022284|0000000000514207|011.30
17032026|532339|0000000000013508|0000000000185060|0000000000017244|0000000000241814|078.33
17032026|532340|0000000000004618|0000000000017083|0000000000004618|0000000000017083|100.00
17032026|532341|0000000000002026|0000000001480183|0000000000002026|0000000001480183|100.00
17032026|532343|0000000000089798|0000000314041566|0000000000102724|0000000358101431|087.42
17032026|532344|0000000000000623|0000000000125628|0000000000000625|0000000000126599|099.68
17032026|532348|0000000000113971|0000000000910629|0000000000170705|0000000001367584|066.76
17032026|532349|0000000000000350|0000000000332938|0000000000000358|0000000000340818|097.77
17032026|532350|0000000000002005|0000000000008442|0000000000002005|0000000000008442|100.00
17032026|532351|0000000000266515|0000000001263282|0000000000334583|0000000001604124|079.66
17032026|532354|0000000000000015|0000000000000066|0000000000000015|0000000000000065|100.00
17032026|532355|0000000000003749|0000000000032053|0000000000003749|0000000000032053|100.00
17032026|532356|0000000000005521|0000000001858093|0000000000008244|0000000002779587|066.97
17032026|532357|0000000000004172|0000000000175683|0000000000004937|0000000000207295|084.50
17032026|532359|0000000001679004|0000000008694289|0000000001679004|0000000008694289|100.00
17032026|532362|0000000000008073|0000000001160706|0000000000008073|0000000001160706|100.00
17032026|532365|0000000000000575|0000000000506000|0000000000001124|0000000000996616|051.16
17032026|532366|0000000000013284|0000000000913275|0000000000018869|0000000001298528|070.40
17032026|532368|0000000000350671|0000000003199616|0000000000350671|0000000003199616|100.00
17032026|532369|0000000000002145|0000000000553732|0000000000003193|0000000000824609|067.18
17032026|532370|0000000000002660|0000000001082753|0000000000006118|0000000002464579|043.48
17032026|532371|0000000000169819|0000000006465010|0000000000290465|0000000011162068|058.46
17032026|532372|0000000000005486|0000000000092494|0000000000007108|0000000000120705|077.18
17032026|532373|0000000000039050|0000000000792165|0000000000039050|0000000000792165|100.00
17032026|532374|0000000000111974|0000000019729819|0000000000344229|0000000061061269|032.53
17032026|532375|0000000000001670|0000000000852034|0000000000003144|0000000001611967|053.12
17032026|532376|0000000000000100|0000000000008222|0000000000000150|0000000000012106|066.67
17032026|532378|0000000000011059|0000000000051425|0000000000017409|0000000000079499|063.52
17032026|532379|0000000000000002|0000000000000014|0000000000000002|0000000000000014|100.00
17032026|532380|0000000000019407|0000000000296927|0000000000019407|0000000000296927|100.00
17032026|532382|0000000000006658|0000000000607876|0000000000014766|0000000001368039|045.09
17032026|532384|0000000000003820|0000000000397089|0000000000004278|0000000000452632|089.29
17032026|532386|0000000000001199|0000000000015408|0000000000001383|0000000000017737|086.70
17032026|532387|0000000000003268|0000000000069707|0000000000003491|0000000000070478|093.61
17032026|532388|0000000000190817|0000000006119502|0000000000379649|0000000012182493|050.26
17032026|532390|0000000000002232|0000000000676966|0000000000004436|0000000001350468|050.32
17032026|532392|0000000000000068|0000000000000443|0000000000000190|0000000000001248|035.79
17032026|532395|0000000000009425|0000000013073889|0000000000014839|0000000020470399|063.52
17032026|532397|0000000000000171|0000000000002082|0000000000000234|0000000000002869|073.08
17032026|532398|0000000000018334|0000000000112021|0000000000021102|0000000000126240|086.88
17032026|532400|0000000000031209|0000000011300779|0000000000091682|0000000033166693|034.04
17032026|532402|0000000000062547|0000000000632976|0000000000127643|0000000001217692|049.00
17032026|532404|0000000000003229|0000000000102005|0000000000004333|0000000000136398|074.52
17032026|532406|0000000000085277|0000000010881346|0000000000123052|0000000015841393|069.30
17032026|532407|0000000000064425|0000000010855613|0000000000177858|0000000029664934|036.22
17032026|532408|0000000000019310|0000000002949603|0000000000022161|0000000003367444|087.14
17032026|532410|0000000000005579|0000000000139754|0000000000006495|0000000000160390|085.90
17032026|532413|0000000000038137|0000000000160964|0000000000038137|0000000000160964|100.00
17032026|532416|0000000000001983|0000000000009915|0000000000001983|0000000000011136|100.00
17032026|532419|0000000000000168|0000000000020051|0000000000000168|0000000000020102|100.00
17032026|532424|0000000000009161|0000000009538892|0000000000014333|0000000014875282|063.92
17032026|532425|0000000000001134|0000000000024882|0000000000001134|0000000000024882|100.00
17032026|532430|0000000000001266|0000000000517273|0000000000001266|0000000000517273|100.00
17032026|532432|0000000000704994|0000000916527450|0000000000749758|0000000983862924|094.03
17032026|532435|0000000000038930|0000000000226573|0000000000059071|0000000000343347|065.90
17032026|532439|0000000000009622|0000000008692515|0000000000017398|0000000015736136|055.31
17032026|532440|0000000000000967|0000000001462104|0000000000001902|0000000002861169|050.84
17032026|532443|0000000000000265|0000000001219597|0000000000000586|0000000002686974|045.22
17032026|532444|0000000000009112|0000000000018042|0000000000009112|0000000000018041|100.00
17032026|532454|0000000001443159|0000002636651493|0000000001617189|0000002948042274|089.24
17032026|532455|0000000000019310|0000000000351442|0000000000038215|0000000000668668|050.53
17032026|532456|0000000000003373|0000000000003865|0000000000003373|0000000000003865|100.00
17032026|532457|0000000000002948|0000000000457088|0000000000004266|0000000000662433|069.10
17032026|532460|0000000000000451|0000000000118388|0000000000000486|0000000000128973|092.80
17032026|532461|0000000000168324|0000000018877537|0000000000557768|0000000061861968|030.18
17032026|532466|0000000000001413|0000000008913134|0000000000003318|0000000020951190|042.59
17032026|532467|0000000000132343|0000000003646050|0000000000203724|0000000005515162|064.96
17032026|532468|0000000000003280|0000000008209676|0000000000005132|0000000012659994|063.91
17032026|532475|0000000000003515|0000000000274768|0000000000006556|0000000000510903|053.62
17032026|532477|0000000000048379|0000000008517123|0000000000167474|0000000029228839|028.89
17032026|532478|0000000000093775|0000000151671685|0000000000094949|0000000156618667|098.76
17032026|532481|0000000000004593|0000000000016168|0000000000005795|0000000000019644|079.26
17032026|532482|0000000000003032|0000000001734001|0000000000008859|0000000005052696|034.22
17032026|532483|0000000000343463|0000000046882700|0000000000802166|0000000108367557|042.82
17032026|532485|0000000000097652|0000000007060240|0000000000128067|0000000009230963|076.25
17032026|532486|0000000000000273|0000000000234234|0000000000000650|0000000000559252|042.00
17032026|532488|0000000000001690|0000000010283481|0000000000003240|0000000019745703|052.16
17032026|532493|0000000000007445|0000000007185542|0000000000011304|0000000010953655|065.86
17032026|532497|0000000000005600|0000000015328320|0000000000012177|0000000033601211|045.99
17032026|532500|0000000000007129|0000000092631018|0000000000030535|0000000395017677|023.35
17032026|532503|0000000000000465|0000000000349704|0000000000000530|0000000000401398|087.74
17032026|532504|0000000000005297|0000000033350177|0000000000006732|0000000042197030|078.68
17032026|532505|0000000000107707|0000000002702369|0000000000206363|0000000005160433|052.19
17032026|532507|0000000000005668|0000000000024600|0000000000009345|0000000000040672|060.65
17032026|532508|0000000000014010|0000000010242711|0000000000030132|0000000021625016|046.50
17032026|532509|0000000000003531|0000000001423876|0000000000005108|0000000002061814|069.13
17032026|532513|0000000000004144|0000000001619061|0000000000006444|0000000002488887|064.31
17032026|532514|0000000000065796|0000000010316813|0000000000119901|0000000018740783|054.88
17032026|532515|0000000000003558|0000000000366119|0000000000004996|0000000000514449|071.22
17032026|532521|0000000000000828|0000000000024311|0000000000000828|0000000000024327|100.00
17032026|532522|0000000000017153|0000000004935776|0000000000034389|0000000009781662|049.88
17032026|532523|0000000000042125|0000000015914825|0000000000076119|0000000028776902|055.34
17032026|532524|0000000000022172|0000000003527566|0000000000044739|0000000007097789|049.56
17032026|532525|0000000000260088|0000000016247698|0000000000811501|0000000050402740|032.05
17032026|532527|0000000000002490|0000000001348833|0000000000005222|0000000002849460|047.68
17032026|532528|0000000000000953|0000000000663050|0000000000002034|0000000001411012|046.85
17032026|532529|0000000000015067|0000000001079852|0000000000017964|0000000001307103|083.87
17032026|532531|0000000000002091|0000000001832239|0000000000004701|0000000004120550|044.48
17032026|532532|0000000003634640|0000000008759692|0000000003634640|0000000008759692|100.00
17032026|532538|0000000000007467|0000000082987865|0000000000014455|0000000159628405|051.66
17032026|532539|0000000000009554|0000000010064184|0000000000020561|0000000021485116|046.47
17032026|532540|0000000000047228|0000000112957569|0000000000101752|0000000242878504|046.41
17032026|532541|0000000000155815|0000000167321938|0000000000395631|0000000414639284|039.38
17032026|532543|0000000000006686|0000000000189950|0000000000007678|0000000000218354|087.08
17032026|532548|0000000000000374|0000000000248411|0000000000000795|0000000000520722|047.04
17032026|532553|0000000000001066|0000000000494838|0000000000001685|0000000000777760|063.26
17032026|532555|0000000000079867|0000000030625002|0000000000298618|0000000114298206|026.75
17032026|532604|0000000000024896|0000000000949862|0000000000024896|0000000000949862|100.00
17032026|532605|0000000000008240|0000000004056552|0000000000023080|0000000011370914|035.70
17032026|532610|0000000000117218|0000000004311279|0000000000153040|0000000005643962|076.59
17032026|532612|0000000000000924|0000000000176623|0000000000001251|0000000000237830|073.86
17032026|532613|0000000000010545|0000000000180531|0000000000013943|0000000000241414|075.63
17032026|532614|0000000000000224|0000000000000360|0000000000000224|0000000000000360|100.00
17032026|532616|0000000000013940|0000000000777016|0000000000017563|0000000000971362|079.37
17032026|532621|0000000000000789|0000000000005255|0000000000000789|0000000000005255|100.00
17032026|532624|0000000000000169|0000000000201533|0000000000000250|0000000000296523|067.60
17032026|532626|0000000000003262|0000000003380085|0000000000007474|0000000007782019|043.64
17032026|532627|0000000001414447|0000000019773970|0000000003545923|0000000048794558|039.89
17032026|532628|0000000000141802|0000000001806558|0000000000151139|0000000001935240|093.82
17032026|532630|0000000000015481|0000000008870613|0000000000024696|0000000014195740|062.69
17032026|532633|0000000000001100|0000000000796675|0000000000001491|0000000001084622|073.78
17032026|532636|0000000000018386|0000000008673596|0000000000032292|0000000015141418|056.94
17032026|532637|0000000000002364|0000000000072756|0000000000002364|0000000000072756|100.00
17032026|532638|0000000000000412|0000000000124012|0000000000000779|0000000000232417|052.89
17032026|532640|0000000000001640|0000000000021337|0000000000001871|0000000000025190|087.65
17032026|532641|0000000000142943|0000000000321622|0000000000242224|0000000000547797|059.01
17032026|532642|0000000000000159|0000000002652383|0000000000000281|0000000004671903|056.58
17032026|532644|0000000000001290|0000000006602994|0000000000002249|0000000011473133|057.36
17032026|532645|0000000000001303|0000000000003310|0000000000001303|0000000000003306|100.00
17032026|532648|0000000003377477|0000000062956172|0000000006986282|0000000129774374|048.34
17032026|532649|0000000000123278|0000000001352360|0000000000130957|0000000001440459|094.14
17032026|532650|0000000000071822|0000000002192726|0000000000085242|0000000002592802|084.26
17032026|532651|0000000000001154|0000000000028816|0000000000001638|0000000000040470|070.45
17032026|532652|0000000000073478|0000000016606028|0000000000162231|0000000035978664|045.29
17032026|532654|0000000000024243|0000000000860142|0000000000047113|0000000001684305|051.46
17032026|532656|0000000000298239|0000000000647179|0000000000327765|0000000000717894|090.99
17032026|532660|0000000000007980|0000000000050833|0000000000008221|0000000000052446|097.07
17032026|532661|0000000000000519|0000000000378533|0000000000000677|0000000000494875|076.66
17032026|532662|0000000000042701|0000000000871528|0000000000045075|0000000000917795|094.73
17032026|532663|0000000000001710|0000000001751724|0000000000002247|0000000002300826|076.10
17032026|532666|0000000000192923|0000000000279739|0000000000302898|0000000000442755|063.69
17032026|532667|0000000002295133|0000000094582431|0000000006132069|0000000252076750|037.43
17032026|532668|0000000000001305|0000000001071927|0000000000002882|0000000002378228|045.28
17032026|532670|0000000000115730|0000000002757846|0000000000259294|0000000006191608|044.63
17032026|532673|0000000000008644|0000000000213162|0000000000008716|0000000000214035|099.17
17032026|532674|0000000000017896|0000000000339667|0000000000019190|0000000000364682|093.26
17032026|532676|0000000000004619|0000000000038107|0000000000004793|0000000000038072|096.37
17032026|532683|0000000000007778|0000000029062886|0000000000022360|0000000085842619|034.79
17032026|532684|0000000000006467|0000000000676125|0000000000014797|0000000001546281|043.70
17032026|532686|0000000000003517|0000000003299650|0000000000006292|0000000005935937|055.90
17032026|532687|0000000000000022|0000000000007984|0000000000000035|0000000000012435|062.86
17032026|532689|0000000000033567|0000000033607281|0000000000048156|0000000048037417|069.70
17032026|532694|0000000000150032|0000000001221261|0000000000228637|0000000001867186|065.62
17032026|532695|0000000000004260|0000000000031610|0000000000004957|0000000000035780|085.94
17032026|532698|0000000000003272|0000000001226182|0000000000004757|0000000001748728|068.78
17032026|532699|0000000000006627|0000000002147811|0000000000008167|0000000002632251|081.14
17032026|532700|0000000000001614|0000000000170277|0000000000001785|0000000000188421|090.42
17032026|532701|0000000000000551|0000000000007035|0000000000000551|0000000000007035|100.00
17032026|532702|0000000000021314|0000000005652473|0000000000028175|0000000007518779|075.65
17032026|532705|0000000000025417|0000000001560858|0000000000031839|0000000001945156|079.83
17032026|532707|0000000000004448|0000000000907615|0000000000007176|0000000001475958|061.98
17032026|532708|0000000000121648|0000000000320325|0000000000121648|0000000000320325|100.00
17032026|532710|0000000000107842|0000000000866677|0000000000107842|0000000000866677|100.00
17032026|532712|0000000000085807|0000000000079800|0000000000085807|0000000000079800|100.00
17032026|532713|0000000000172105|0000000000258158|0000000000237548|0000000000358781|072.45
17032026|532714|0000000000017679|0000000009535169|0000000000033309|0000000017984335|053.08
17032026|532716|0000000000000101|0000000000008111|0000000000000101|0000000000008110|100.00
17032026|532717|0000000000000969|0000000001245989|0000000000002157|0000000002726484|044.92
17032026|532719|0000000000022122|0000000001078006|0000000000025658|0000000001249697|086.22
17032026|532720|0000000000071316|0000000022806857|0000000000136493|0000000043493960|052.25
17032026|532721|0000000000001345|0000000000044843|0000000000001359|0000000000044916|098.97
17032026|532722|0000000000008020|0000000000584899|0000000000010349|0000000000740732|077.50
17032026|532723|0000000000000256|0000000000008871|0000000000000257|0000000000008869|099.61
17032026|532725|0000000000002663|0000000037360692|0000000000006947|0000000096690515|038.33
17032026|532726|0000000000001204|0000000000658588|0000000000001845|0000000001000599|065.26
17032026|532728|0000000000001130|0000000000035946|0000000000001287|0000000000041876|087.80
17032026|532729|0000000000002629|0000000000512918|0000000000004993|0000000000976954|052.65
17032026|532730|0000000000002915|0000000000032124|0000000000003921|0000000000043002|074.34
17032026|532732|0000000000000309|0000000000137227|0000000000000447|0000000000202214|069.13
17032026|532733|0000000000008964|0000000005082140|0000000000035148|0000000019815192|025.50
17032026|532734|0000000000062458|0000000016248449|0000000000103120|0000000026485913|060.57
17032026|532735|0000000000015190|0000000003896995|0000000000026880|0000000006945958|056.51
17032026|532737|0000000000000963|0000000000222165|0000000000001194|0000000000272448|080.65
17032026|532738|0000000000043106|0000000001133257|0000000000061156|0000000001583444|070.49
17032026|532740|0000000000000573|0000000000114371|0000000000001033|0000000000210322|055.47
17032026|532741|0000000000054308|0000000001183372|0000000000056642|0000000001228692|095.88
17032026|532742|0000000000000981|0000000000401328|0000000000001792|0000000000732366|054.74
17032026|532744|0000000000006666|0000000000060137|0000000000006666|0000000000060137|100.00
17032026|532748|0000000000267641|0000000068649917|0000000000467912|0000000121943942|057.20
17032026|532749|0000000000347809|0000000002733779|0000000000698999|0000000005451730|049.76
17032026|532754|0000000000062285|0000000005621222|0000000000139346|0000000012581432|044.70
17032026|532755|0000000000020962|0000000028141485|0000000000038271|0000000051409028|054.77
17032026|532756|0000000000011160|0000000005126904|0000000000020454|0000000009392204|054.56
17032026|532757|0000000000000370|0000000003142373|0000000000000792|0000000006692199|046.72
17032026|532759|0000000000007136|0000000000249404|0000000000009056|0000000000316105|078.80
17032026|532761|0000000000000229|0000000000010992|0000000000000362|0000000000017588|063.26
17032026|532762|0000000000109567|0000000090014769|0000000000120103|0000000099308935|091.23
17032026|532764|0000000000000192|0000000000048384|0000000000000197|0000000000049708|097.46
17032026|532768|0000000000000900|0000000001804230|0000000000001803|0000000003628193|049.92
17032026|532771|0000000000006943|0000000000056725|0000000000007637|0000000000062630|090.91
17032026|532772|0000000000021662|0000000003670626|0000000000052139|0000000008774593|041.55
17032026|532773|0000000000000789|0000000000124544|0000000000001055|0000000000166206|074.79
17032026|532774|0000000000000047|0000000000003556|0000000000000047|0000000000003556|100.00
17032026|532775|0000000002288909|0000000002334688|0000000006401411|0000000006586578|035.76
17032026|532776|0000000000016804|0000000000261303|0000000000017522|0000000000271691|095.90
17032026|532777|0000000000011999|0000000011529240|0000000000028061|0000000026868080|042.76
17032026|532779|0000000000010122|0000000014601998|0000000000023487|0000000034068481|043.10
17032026|532780|0000000000040128|0000000000272871|0000000000055787|0000000000379455|071.93
17032026|532782|0000000000002008|0000000000058453|0000000000002022|0000000000059069|099.31
17032026|532783|0000000000023624|0000000009200367|0000000000052070|0000000020133621|045.37
17032026|532784|0000000000001965|0000000002514709|0000000000005153|0000000006529690|038.13
17032026|532785|0000000000007927|0000000000786755|0000000000012511|0000000001245413|063.36
17032026|532790|0000000000008160|0000000003332544|0000000000023106|0000000009484142|035.32
17032026|532794|0000000000202568|0000000001469656|0000000000202568|0000000001469656|100.00
17032026|532795|0000000000039777|0000000000019490|0000000000039777|0000000000019490|100.00
17032026|532796|0000000000006215|0000000009704101|0000000000012453|0000000019032910|049.91
17032026|532797|0000000000005940|0000000000351708|0000000000007484|0000000000449023|079.37
17032026|532798|0000000000079805|0000000002446822|0000000000154627|0000000004754283|051.61
17032026|532799|0000000000200811|0000000037109873|0000000000255011|0000000046428211|078.75
17032026|532801|0000000000009242|0000000000226707|0000000000013671|0000000000326726|067.60
17032026|532804|0000000000000397|0000000000834514|0000000000000570|0000000001196958|069.65
17032026|532805|0000000000084097|0000000019169912|0000000000225339|0000000050796773|037.32
17032026|532806|0000000000000512|0000000000013174|0000000000000524|0000000000013381|097.71
17032026|532807|0000000000075693|0000000006177306|0000000000077365|0000000006498169|097.84
17032026|532808|0000000000000223|0000000000328000|0000000000000808|0000000001191724|027.60
17032026|532809|0000000000015918|0000000003453411|0000000000031168|0000000006742969|051.07
17032026|532810|0000000000239921|0000000100238994|0000000000426785|0000000175914626|056.22
17032026|532811|0000000000000513|0000000000372054|0000000000001016|0000000000739011|050.49
17032026|532812|0000000000004276|0000000000054562|0000000000004603|0000000000061508|092.90
17032026|532814|0000000000007824|0000000006838568|0000000000032591|0000000028400004|024.01
17032026|532815|0000000000002041|0000000000761804|0000000000004558|0000000001705565|044.78
17032026|532817|0000000000027900|0000000000149265|0000000000029567|0000000000159582|094.36
17032026|532820|0000000000017430|0000000000239217|0000000000017430|0000000000239217|100.00
17032026|532822|0000000009989529|0000000092403144|0000000021602370|0000000201131845|046.24
17032026|532825|0000000000001223|0000000000004990|0000000000001272|0000000000005199|096.15
17032026|532827|0000000000000323|0000000009852809|0000000000000528|0000000016102171|061.17
17032026|532828|0000000000001714|0000000000062270|0000000000001716|0000000000061076|099.88
17032026|532829|0000000000005729|0000000001144082|0000000000017194|0000000003539787|033.32
17032026|532830|0000000000006079|0000000010041901|0000000000014974|0000000024667856|040.60
17032026|532832|0000000000315002|0000000015888731|0000000000315002|0000000015888731|100.00
17032026|532834|0000000000020557|0000000002665216|0000000000028593|0000000003749320|071.90
17032026|532835|0000000000000056|0000000000291760|0000000000000064|0000000000334902|087.50
17032026|532839|0000000001044866|0000000002319603|0000000001438376|0000000003224564|072.64
17032026|532841|0000000000009550|0000000002126308|0000000000009553|0000000002113924|099.97
17032026|532842|0000000000000435|0000000000187072|0000000000000581|0000000000249796|074.87
17032026|532843|0000000000016224|0000000013306114|0000000000036191|0000000029522631|044.83
17032026|532845|0000000000004384|0000000000037791|0000000000004867|0000000000043469|090.08
17032026|532847|0000000000018092|0000000000290920|0000000000019772|0000000000320039|091.50
17032026|532848|0000000000041128|0000000002177317|0000000000067798|0000000003599220|060.66
17032026|532850|0000000000030392|0000000001009623|0000000000048633|0000000001598888|062.49
17032026|532851|0000000000001044|0000000000590904|0000000000001569|0000000000896260|066.54
17032026|532853|0000000000001445|0000000000275562|0000000000001820|0000000000345315|079.40
17032026|532855|0000000000005108|0000000000652292|0000000000008588|0000000001106960|059.48
17032026|532856|0000000000056796|0000000009291826|0000000000155253|0000000025031803|036.58
17032026|532859|0000000000002255|0000000000811124|0000000000002461|0000000000887168|091.63
17032026|532864|0000000000005545|0000000000667618|0000000000008207|0000000000988713|067.56
17032026|532867|0000000000000913|0000000001735111|0000000000001579|0000000002990532|057.82
17032026|532868|0000000000050121|0000000027468815|0000000000110710|0000000060050501|045.27
17032026|532869|0000000000005068|0000000000268199|0000000000005068|0000000000268199|100.00
17032026|532870|0000000000002733|0000000000004146|0000000000002733|0000000000004146|100.00
17032026|532872|0000000000028613|0000000003284773|0000000000049858|0000000005775042|057.39
17032026|532875|0000000000023090|0000000002347099|0000000000040230|0000000004039833|057.39
17032026|532878|0000000000002930|0000000000174335|0000000000003042|0000000000181167|096.32
17032026|532879|0000000000000885|0000000000208905|0000000000000894|0000000000212882|098.99
17032026|532880|0000000000039431|0000000002847707|0000000000090727|0000000006906940|043.46
17032026|532884|0000000000009561|0000000001880171|0000000000026906|0000000005260290|035.53
17032026|532885|0000000000371192|0000000012969449|0000000000573706|0000000019973707|064.70
17032026|532886|0000000000002751|0000000000083136|0000000000051990|0000000001538367|005.29
17032026|532888|0000000000033304|0000000001995243|0000000000108607|0000000006582871|030.66
17032026|532889|0000000000008228|0000000006803322|0000000000021746|0000000017992598|037.84
17032026|532890|0000000000115478|0000000004583321|0000000000115478|0000000004583321|100.00
17032026|532891|0000000000009033|0000000001648523|0000000000020367|0000000003688263|044.35
17032026|532892|0000000000033670|0000000022959573|0000000000072674|0000000049430046|046.33
17032026|532893|0000000000025154|0000000002053573|0000000000028025|0000000002301463|089.76
17032026|532894|0000000000033681|0000000000279216|0000000000039729|0000000000330627|084.78
17032026|532895|0000000000001098|0000000000026067|0000000000016397|0000000000400463|006.70
17032026|532896|0000000000134100|0000000002515716|0000000000134102|0000000002514778|100.00
17032026|532898|0000000000137037|0000000040864434|0000000000258269|0000000076742897|053.06
17032026|532899|0000000000001094|0000000000871809|0000000000002146|0000000001730192|050.98
17032026|532900|0000000000122226|0000000004230242|0000000000384792|0000000013203188|031.76
17032026|532902|0000000000024931|0000000000369478|0000000000032388|0000000000486758|076.98
17032026|532904|0000000000000079|0000000000005596|0000000000000079|0000000000005596|100.00
17032026|532906|0000000000000770|0000000000095811|0000000000000770|0000000000095811|100.00
17032026|532907|0000000000050662|0000000001165278|0000000000050662|0000000001165278|100.00
17032026|532911|0000000000140958|0000000000768222|0000000000159715|0000000000869674|088.26
17032026|532915|0000000000028215|0000000006389287|0000000000040594|0000000009135674|069.51
17032026|532916|0000000000002863|0000000000105359|0000000000002936|0000000000108622|097.51
17032026|532918|0000000000008661|0000000000186299|0000000000012913|0000000000277619|067.07
17032026|532921|0000000000368474|0000000502414299|0000000000431009|0000000586651472|085.49
17032026|532922|0000000000042502|0000000004607217|0000000000114015|0000000012346468|037.28
17032026|532923|0000000000017685|0000000001771153|0000000000029671|0000000002986205|059.60
17032026|532924|0000000000000609|0000000000199996|0000000000002181|0000000000723428|027.92
17032026|532925|0000000000000300|0000000000226830|0000000000000323|0000000000250345|092.88
17032026|532926|0000000000009512|0000000002003228|0000000000015741|0000000003331682|060.43
17032026|532927|0000000000004753|0000000007015191|0000000000011024|0000000016527372|043.12
17032026|532928|0000000000107918|0000000030632525|0000000000324980|0000000091425801|033.21
17032026|532929|0000000000004124|0000000002678951|0000000000008563|0000000005558754|048.16
17032026|532930|0000000000006398|0000000001941408|0000000000006398|0000000001941408|100.00
17032026|532932|0000000000004314|0000000000215355|0000000000005054|0000000000255888|085.36
17032026|532933|0000000000000824|0000000000041159|0000000000001240|0000000000061392|066.45
17032026|532934|0000000000000121|0000000000024207|0000000000000178|0000000000035990|067.98
17032026|532935|0000000000001370|0000000000451073|0000000000001955|0000000000645391|070.08
17032026|532937|0000000000003761|0000000000285573|0000000000003904|0000000000304049|096.34
17032026|532939|0000000001054275|0000000023141337|0000000002718348|0000000060188499|038.78
17032026|532940|0000000000001387|0000000000680324|0000000000001823|0000000000905420|076.08
17032026|532941|0000000000000096|0000000000014112|0000000000000235|0000000000034521|040.85
17032026|532942|0000000000049786|0000000005917067|0000000000079246|0000000009492503|062.82
17032026|532944|0000000000007138|0000000000353189|0000000000010023|0000000000488563|071.22
17032026|532945|0000000001603009|0000000007790624|0000000002564803|0000000012504150|062.50
17032026|532946|0000000000005845|0000000000190957|0000000000008141|0000000000266475|071.80
17032026|532947|0000000000279132|0000000011600726|0000000000606298|0000000025208491|046.04
17032026|532951|0000000000004493|0000000000049828|0000000000004798|0000000000054325|093.64
17032026|532952|0000000000000399|0000000000088578|0000000000001541|0000000000342354|025.89
17032026|532953|0000000000006641|0000000002144047|0000000000010567|0000000003392983|062.85
17032026|532955|0000000008194050|0000002765491875|0000000008322094|0000002807195221|098.46
17032026|532957|0000000000015377|0000000000954751|0000000000015377|0000000000954751|100.00
17032026|532966|0000000000012771|0000000008042538|0000000000034997|0000000021957449|036.49
17032026|532967|0000000000005520|0000000002121888|0000000000013318|0000000005123920|041.45
17032026|532974|0000000000031950|0000000003679043|0000000000032429|0000000003788500|098.52
17032026|532975|0000000000016020|0000000000150268|0000000000019193|0000000000186613|083.47
17032026|532976|0000000000047135|0000000002977990|0000000000152397|0000000009597868|030.93
17032026|532977|0000000000002767|0000000025197133|0000000000006360|0000000058172000|043.51
17032026|532978|0000000000047700|0000000084662730|0000000000065191|0000000115285677|073.17
17032026|532980|0000000000000103|0000000000004167|0000000000000106|0000000000004288|097.17
17032026|532983|0000000000000087|0000000000163656|0000000000000129|0000000000244118|067.44
17032026|532985|0000000000001576|0000000000130745|0000000000002596|0000000000214502|060.71
17032026|532986|0000000000039431|0000000001040979|0000000000040745|0000000001064748|096.78
17032026|532989|0000000000000250|0000000000027050|0000000000000250|0000000000027050|100.00
17032026|532992|0000000000005520|0000000000162730|0000000000005530|0000000000157686|099.82
17032026|532993|0000000000000028|0000000000013804|0000000000000041|0000000000020393|068.29
17032026|532994|0000000000001152|0000000000079742|0000000000001348|0000000000094428|085.46
17032026|532998|0000000000000571|0000000000060755|0000000000000801|0000000000084863|071.29
17032026|533001|0000000000003703|0000000000369190|0000000000004522|0000000000441200|081.89
17032026|533007|0000000000071653|0000000000442100|0000000000094639|0000000000577374|075.71
17032026|533012|0000000000002740|0000000000015865|0000000000003070|0000000000017944|089.25
17032026|533014|0000000000009965|0000000000484698|0000000000011685|0000000000570435|085.28
17032026|533022|0000000000000936|0000000000143770|0000000000002371|0000000000361617|039.48
17032026|533023|0000000000000075|0000000001021924|0000000000000207|0000000002839086|036.23
17032026|533029|0000000000000331|0000000000019050|0000000000000368|0000000000021080|089.95
17032026|533033|0000000000001106|0000000000986387|0000000000002132|0000000001906519|051.88
17032026|533047|0000000000001737|0000000002179762|0000000000003353|0000000004133560|051.80
17032026|533048|0000000000090854|0000000000046336|0000000000101056|0000000000051589|089.90
17032026|533056|0000000000043257|0000000000741858|0000000000049698|0000000000862857|087.04
17032026|533080|0000000000002595|0000000001275313|0000000000003459|0000000001693869|075.02
17032026|533088|0000000000002322|0000000000610454|0000000000004464|0000000001170755|052.02
17032026|533090|0000000000498924|0000000000518881|0000000000800759|0000000000847504|062.31
17032026|533093|0000000000002293|0000000000100205|0000000000007409|0000000000326605|030.95
17032026|533095|0000000000000366|0000000002126424|0000000000000485|0000000002825395|075.46
17032026|533096|0000000001753189|0000000272620890|0000000002952136|0000000459782939|059.39
17032026|533098|0000000000767891|0000000058997066|0000000001140302|0000000087188354|067.34
17032026|533101|0000000000002979|0000000000367609|0000000000003021|0000000000357264|098.61
17032026|533104|0000000000000892|0000000000733180|0000000000001883|0000000001554896|047.37
17032026|533106|0000000000045114|0000000021372758|0000000000102695|0000000047931913|043.93
17032026|533107|0000000000003993|0000000009329931|0000000000003993|0000000009329931|100.00
17032026|533108|0000000000009138|0000000000301554|0000000000012342|0000000000395883|074.04
17032026|533110|0000000000000001|0000000000000011|0000000000000001|0000000000000010|100.00
17032026|533121|0000000000001725|0000000001237429|0000000000002253|0000000001602604|076.56
17032026|533122|0000000000757272|0000000006164195|0000000001474498|0000000011927637|051.36
17032026|533137|0000000000020643|0000000000539196|0000000000029742|0000000000779116|069.41
17032026|533138|0000000000000875|0000000000512619|0000000000001217|0000000000707845|071.90
17032026|533146|0000000000001939|0000000000762512|0000000000003146|0000000001239552|061.63
17032026|533148|0000000000019235|0000000009726178|0000000000049022|0000000024865409|039.24
17032026|533149|0000000000005927|0000000000038645|0000000000006535|0000000000042978|090.70
17032026|533150|0000000000008088|0000000012817458|0000000000022407|0000000035085894|036.10
17032026|533151|0000000000008557|0000000001749051|0000000000009833|0000000002012358|087.02
17032026|533152|0000000000070796|0000000001556805|0000000000078747|0000000001709759|089.90
17032026|533155|0000000000018633|0000000008678320|0000000000040773|0000000018996885|045.70
17032026|533156|0000000000031208|0000000000982740|0000000000073822|0000000002344221|042.27
17032026|533158|0000000000002315|0000000008089536|0000000000004855|0000000016900740|047.68
17032026|533160|0000000000270675|0000000026566752|0000000000343046|0000000033665208|078.90
17032026|533161|0000000000000680|0000000000054421|0000000000000852|0000000000067978|079.81
17032026|533162|0000000000160586|0000000001578561|0000000000236202|0000000002307646|067.99
17032026|533164|0000000000003613|0000000000151638|0000000000003967|0000000000167256|091.08
17032026|533166|0000000000070535|0000000000090991|0000000000086859|0000000000113707|081.21
17032026|533167|0000000000006287|0000000000441464|0000000000006287|0000000000441464|100.00
17032026|533168|0000000000000901|0000000000040509|0000000000001460|0000000000065748|061.71
17032026|533169|0000000000026161|0000000002353182|0000000000047030|0000000004241359|055.63
17032026|533170|0000000000005327|0000000000717281|0000000000007629|0000000001028953|069.83
17032026|533172|0000000000000004|0000000000053967|0000000000000005|0000000000067630|080.00
17032026|533177|0000000000014022|0000000000030668|0000000000014022|0000000000030668|100.00
17032026|533179|0000000000026428|0000000119709591|0000000000044926|0000000204026612|058.83
17032026|533181|0000000000000302|0000000000019872|0000000000000307|0000000000020246|098.37
17032026|533192|0000000000003844|0000000000088028|0000000000004393|0000000000100816|087.50
17032026|533193|0000000000007616|0000000000598923|0000000000009567|0000000000759550|079.61
17032026|533202|0000000000036052|0000000000124380|0000000000038740|0000000000131688|093.06
17032026|533203|0000000000003116|0000000000076997|0000000000003664|0000000000089587|085.04
17032026|533206|0000000000093490|0000000006459225|0000000000199532|0000000013796987|046.85
17032026|533208|0000000000004867|0000000000332660|0000000000006324|0000000000435531|076.96
17032026|533210|0000000000000902|0000000000055879|0000000000000906|0000000000057221|099.56
17032026|533212|0000000000023552|0000000001353769|0000000000023672|0000000001327986|099.49
17032026|533217|0000000000002655|0000000000163256|0000000000002861|0000000000182663|092.80
17032026|533218|0000000000019722|0000000001152751|0000000000019722|0000000001125118|100.00
17032026|533227|0000000000000004|0000000000000616|0000000000000013|0000000000002037|030.77
17032026|533229|0000000000017200|0000000005905620|0000000000026770|0000000009206065|064.25
17032026|533230|0000000000037937|0000000005025894|0000000000101736|0000000013490156|037.29
17032026|533239|0000000000007534|0000000000031267|0000000000008755|0000000000036014|086.05
17032026|533244|0000000000068688|0000000009110090|0000000000132977|0000000017660969|051.65
17032026|533248|0000000000016772|0000000002551022|0000000000030979|0000000004707275|054.14
17032026|533252|0000000000000007|0000000000009541|0000000000000007|0000000000009337|100.00
17032026|533257|0000000000011602|0000000003879349|0000000000011602|0000000003879349|100.00
17032026|533260|0000000000000028|0000000000002303|0000000000000031|0000000000002553|090.32
17032026|533262|0000000000005041|0000000002420437|0000000000009958|0000000004734707|050.62
17032026|533263|0000000000315930|0000000002893919|0000000000482203|0000000004465525|065.52
17032026|533267|0000000000001837|0000000000456771|0000000000002547|0000000000635126|072.12
17032026|533269|0000000000006086|0000000007491866|0000000000012194|0000000014966249|049.91
17032026|533271|0000000000034687|0000000003907491|0000000000056376|0000000006339529|061.53
17032026|533272|0000000000047773|0000000012643125|0000000000150004|0000000039468523|031.85
17032026|533273|0000000000005928|0000000008652213|0000000000020873|0000000030279960|028.40
17032026|533274|0000000000008951|0000000011319435|0000000000013653|0000000017084615|065.56
17032026|533275|0000000000080693|0000000000380065|0000000000095727|0000000000454140|084.29
17032026|533278|0000000000253622|0000000117198727|0000000000381370|0000000176134690|066.50
17032026|533282|0000000000008382|0000000011851729|0000000000017375|0000000024526166|048.24
17032026|533284|0000000000006247|0000000000444225|0000000000010023|0000000000718755|062.33
17032026|533285|0000000000736643|0000000030025569|0000000000798508|0000000032996302|092.25
17032026|533286|0000000000447798|0000000133354245|0000000001464149|0000000410246656|030.58
17032026|533287|0000000000095371|0000000000494022|0000000000110947|0000000000583402|085.96
17032026|533289|0000000000019087|0000000001202481|0000000000019174|0000000001152685|099.55
17032026|533292|0000000000007452|0000000000113506|0000000000007452|0000000000113506|100.00
17032026|533293|0000000000003980|0000000005734185|0000000000008334|0000000012083877|047.76
17032026|533294|0000000000002758|0000000000051023|0000000000002890|0000000000054192|095.43
17032026|533295|0000000000061623|0000000001411783|0000000000118211|0000000002714982|052.13
17032026|533296|0000000000003348|0000000000027755|0000000000003458|0000000000027103|096.82
17032026|533298|0000000000003633|0000000000077783|0000000000004723|0000000000101663|076.92
17032026|533301|0000000000001277|0000000000015056|0000000000001277|0000000000015297|100.00
17032026|533302|0000000000000051|0000000000229092|0000000000000051|0000000000228732|100.00
17032026|533303|0000000000001226|0000000000454356|0000000000001300|0000000000483729|094.31
17032026|533306|0000000000000064|0000000000098717|0000000000000088|0000000000133475|072.73
17032026|533315|0000000000013140|0000000000791554|0000000000013249|0000000000788332|099.18
17032026|533316|0000000000000281|0000000000130061|0000000000000346|0000000000161401|081.21
17032026|533317|0000000000002918|0000000000011445|0000000000002918|0000000000011445|100.00
17032026|533326|0000000000040889|0000000003657522|0000000000090143|0000000008055148|045.36
17032026|533329|0000000000000895|0000000000025231|0000000000000895|0000000000025121|100.00
17032026|533333|0000000000065301|0000000001403972|0000000000101810|0000000002183959|064.14
17032026|533336|0000000000000228|0000000000176940|0000000000000304|0000000000239089|075.00
17032026|533339|0000000000022984|0000000032724620|0000000000051145|0000000072515795|044.94
17032026|533343|0000000000003821|0000000000253638|0000000000003878|0000000000263480|098.53
17032026|533344|0000000000026027|0000000000693620|0000000000038809|0000000001037686|067.06
17032026|533385|0000000000044255|0000000009690960|0000000000063950|0000000013980617|069.20
17032026|533398|0000000000008580|0000000029349177|0000000000016474|0000000055804884|052.08
17032026|533407|0000000000026420|0000000004179224|0000000000026420|0000000004179224|100.00
17032026|533408|0000000000002013|0000000000274272|0000000000003373|0000000000461007|059.68
17032026|533427|0000000000060618|0000000001300257|0000000000071569|0000000001509498|084.70
17032026|533451|0000000000000079|0000000000003002|0000000000000079|0000000000003002|100.00
17032026|533452|0000000000050809|0000000000521301|0000000000081923|0000000000875564|062.02
17032026|533470|0000000000064659|0000000000989283|0000000000071080|0000000001079020|090.97
17032026|533477|0000000000000602|0000000000248024|0000000000000607|0000000000248000|099.18
17032026|533482|0000000000007327|0000000000018025|0000000000009073|0000000000021722|080.76
17032026|533506|0000000000250505|0000000000253011|0000000000289190|0000000000295406|086.62
17032026|533519|0000000000032143|0000000008453609|0000000000089130|0000000023192022|036.06
17032026|533520|0000000005840263|0000000057643396|0000000006010336|0000000058352667|097.17
17032026|533540|0000000000000681|0000000000005619|0000000000000681|0000000000005619|100.00
17032026|533543|0000000000012166|0000000000677647|0000000000016854|0000000000955694|072.18
17032026|533552|0000000000006442|0000000000798808|0000000000008716|0000000001072685|073.91
17032026|533553|0000000000018942|0000000015462355|0000000000041135|0000000033246592|046.05
17032026|533570|0000000000036562|0000000004723080|0000000000048664|0000000006296676|075.13
17032026|533573|0000000000000645|0000000000432473|0000000000001254|0000000000845057|051.44
17032026|533576|0000000000012053|0000000000626756|0000000000013415|0000000000696550|089.85
17032026|533581|0000000000048728|0000000025509108|0000000000354941|0000000185850950|013.73
17032026|533602|0000000000193811|0000000000145359|0000000000254866|0000000000196128|076.04
17032026|533605|0000000000000397|0000000000000150|0000000000000397|0000000000000150|100.00
17032026|533608|0000000000013430|0000000002274371|0000000000029212|0000000004871078|045.97
17032026|533629|0000000000112611|0000000000525805|0000000000112611|0000000000525805|100.00
17032026|533632|0000000000018453|0000000000274766|0000000000018465|0000000000276389|099.94
17032026|533638|0000000000001925|0000000000013456|0000000000001933|0000000000013191|099.59
17032026|533644|0000000000001116|0000000000161876|0000000000001138|0000000000159474|098.07
17032026|533655|0000000000009568|0000000004451991|0000000000016462|0000000007648749|058.12
17032026|533676|0000000000006624|0000000001714623|0000000000011608|0000000002996344|057.06
17032026|533704|0000000000021428|0000000000513415|0000000000044314|0000000001093201|048.35
17032026|533719|0000000000000587|0000000000081887|0000000000000952|0000000000133327|061.66
17032026|533758|0000000000006193|0000000012173581|0000000000018128|0000000035029679|034.16
17032026|533761|0000000000003925|0000000000409182|0000000000006141|0000000000635085|063.91
17032026|533896|0000000000004624|0000000000076343|0000000000004651|0000000000077183|099.42
17032026|533941|0000000000000887|0000000000221706|0000000000001082|0000000000267758|081.98
17032026|533982|0000000000000713|0000000000229515|0000000000001094|0000000000352688|065.17
17032026|534060|0000000000491452|0000000000973075|0000000000549250|0000000001102904|089.48
17032026|534063|0000000000000001|0000000000000041|0000000000000002|0000000000000081|050.00
17032026|534064|0000000000182986|0000000000312907|0000000000209907|0000000000356640|087.17
17032026|534076|0000000000003072|0000000001135412|0000000000005921|0000000002186650|051.88
17032026|534091|0000000000076614|0000000204662809|0000000000194553|0000000514118565|039.38
17032026|534139|0000000000003532|0000000003134055|0000000000003532|0000000003134055|100.00
17032026|534190|0000000000000191|0000000000000526|0000000000000191|0000000000000572|100.00
17032026|534309|0000000000232976|0000000019371955|0000000000581726|0000000048263197|040.05
17032026|534312|0000000000001300|0000000000001715|0000000000001300|0000000000001715|100.00
17032026|534328|0000000000000065|0000000000010521|0000000000000068|0000000000011152|095.59
17032026|534338|0000000000055265|0000000000663180|0000000000060664|0000000000727990|091.10
17032026|534369|0000000000005774|0000000000755817|0000000000009032|0000000001178317|063.93
17032026|534392|0000000000003624|0000000000831890|0000000000003966|0000000000918540|091.38
17032026|534422|0000000000000415|0000000000003315|0000000000000415|0000000000003315|100.00
17032026|534425|0000000000005733|0000000000545209|0000000000006622|0000000000629503|086.58
17032026|534532|0000000000000251|0000000000001133|0000000000000251|0000000000001154|100.00
17032026|534597|0000000000091345|0000000002388672|0000000000186463|0000000004887816|048.99
17032026|534598|0000000000000153|0000000000004575|0000000000000154|0000000000004450|099.35
17032026|534600|0000000000025022|0000000001285130|0000000000044071|0000000002277876|056.78
17032026|534612|0000000000075012|0000000000961654|0000000000078710|0000000000987202|095.30
17032026|534615|0000000000016351|0000000000217796|0000000000017212|0000000000227187|095.00
17032026|534618|0000000000012613|0000000010421492|0000000000026728|0000000022066126|047.19
17032026|534623|0000000000024286|0000000001208229|0000000000028666|0000000001425964|084.72
17032026|534639|0000000000000002|0000000000000042|0000000000000002|0000000000000041|100.00
17032026|534674|0000000000354317|0000000001041692|0000000000367761|0000000001092691|096.34
17032026|534675|0000000000002541|0000000000113914|0000000000007428|0000000000330563|034.21
17032026|534691|0000000000018650|0000000000219697|0000000000026912|0000000000315076|069.30
17032026|534708|0000000000009000|0000000000077100|0000000000009000|0000000000077100|100.00
17032026|534732|0000000000003145|0000000000104823|0000000000004375|0000000000146238|071.89
17032026|534733|0000000000159506|0000000003369340|0000000000159506|0000000003369340|100.00
17032026|534741|0000000000515469|0000000000252580|0000000000920362|0000000000458669|056.01
17032026|534742|0000000000006867|0000000001387478|0000000000012916|0000000002616117|053.17
17032026|534748|0000000000312949|0000000002394060|0000000000347277|0000000002673869|090.12
17032026|534755|0000000000036455|0000000000039007|0000000000036455|0000000000038932|100.00
17032026|534758|0000000000000956|0000000001005043|0000000000002292|0000000002360984|041.71
17032026|534796|0000000000001093|0000000000136061|0000000000001093|0000000000136061|100.00
17032026|534804|0000000000000191|0000000000296824|0000000000000437|0000000000679625|043.71
17032026|534809|0000000004855288|0000000040347444|0000000006139331|0000000051201848|079.08
17032026|534816|0000000000019997|0000000008723692|0000000000039304|0000000017063237|050.88
17032026|534920|0000000000000680|0000000000032034|0000000000000680|0000000000032034|100.00
17032026|534976|0000000000002540|0000000001292606|0000000000003598|0000000001830882|070.59
17032026|535136|0000000000003338|0000000003314134|0000000000004410|0000000004398392|075.69
17032026|535204|0000000000002867|0000000000008114|0000000000002867|0000000000008141|100.00
17032026|535205|0000000000003094|0000000000009344|0000000000003205|0000000000009689|096.54
17032026|535267|0000000000105562|0000000000725211|0000000000261106|0000000001736579|040.43
17032026|535276|0000000000010412|0000000008782731|0000000000011067|0000000009304466|094.08
17032026|535322|0000000000006448|0000000002333209|0000000000007720|0000000002798534|083.52
17032026|535387|0000000000000528|0000000000028824|0000000000000528|0000000000028823|100.00
17032026|535431|0000000000027145|0000000000016830|0000000000047178|0000000000028951|057.54
17032026|535458|0000000000003772|0000000000113160|0000000000003866|0000000000115743|097.57
17032026|535514|0000000000000005|0000000000000029|0000000000000005|0000000000000028|100.00
17032026|535566|0000000000000013|0000000000001481|0000000000000013|0000000000001480|100.00
17032026|535601|0000000000000030|0000000000005703|0000000000000049|0000000000009426|061.22
17032026|535602|0000000000004575|0000000003544939|0000000000005368|0000000004148301|085.23
17032026|535621|0000000000000031|0000000000003976|0000000000000037|0000000000005077|083.78
17032026|535648|0000000000005755|0000000002950877|0000000000010897|0000000005589197|052.81
17032026|535657|0000000000000053|0000000000000391|0000000000000053|0000000000000391|100.00
17032026|535667|0000000000095503|0000000018183772|0000000000096261|0000000021454914|099.21
17032026|535693|0000000000008703|0000000001238873|0000000000011348|0000000001629350|076.69
17032026|535719|0000000000011591|0000000000345876|0000000000019021|0000000000563997|060.94
17032026|535730|0000000000548988|0000000000279984|0000000000752390|0000000000383217|072.97
17032026|535754|0000000000029749|0000000004060739|0000000000037142|0000000004955188|080.10
17032026|535755|0000000000277766|0000000016174315|0000000000383207|0000000022344033|072.48
17032026|535789|0000000000109172|0000000015196743|0000000000219548|0000000030818176|049.73
17032026|535910|0000000000062107|0000000000042854|0000000000073646|0000000000051900|084.33
17032026|535916|0000000000017083|0000000000954940|0000000000024331|0000000001350838|070.21
17032026|535958|0000000000200896|0000000000255138|0000000000355229|0000000000457613|056.55
17032026|536073|0000000000048465|0000000000095961|0000000000060472|0000000000120071|080.14
17032026|536264|0000000000011677|0000000000306755|0000000000013106|0000000000342083|089.10
17032026|536493|0000000000000828|0000000000261234|0000000000000831|0000000000262676|099.64
17032026|536507|0000000000005004|0000000000006611|0000000000005004|0000000000006611|100.00
17032026|536565|0000000000000138|0000000000007439|0000000000000138|0000000000007476|100.00
17032026|536659|0000000000985473|0000000004424774|0000000001575999|0000000007203046|062.53
17032026|536672|0000000000009847|0000000000061052|0000000000010647|0000000000066258|092.49
17032026|536709|0000000000014603|0000000000152210|0000000000014603|0000000000152210|100.00
17032026|536773|0000000000001286|0000000001551752|0000000000002596|0000000003166397|049.54
17032026|536960|0000000000020563|0000000001223910|0000000000047060|0000000002789978|043.70
17032026|536974|0000000000010203|0000000000640341|0000000000015648|0000000000991223|065.20
17032026|537007|0000000000033267|0000000008834385|0000000000044204|0000000011720133|075.26
17032026|537008|0000000000002577|0000000000069193|0000000000002887|0000000000077665|089.26
17032026|537069|0000000000103943|0000000001199503|0000000000113455|0000000001304231|091.62
17032026|537253|0000000000000195|0000000000012215|0000000000000217|0000000000014062|089.86
17032026|537259|0000000000000977|0000000000621177|0000000000001412|0000000000907557|069.19
17032026|537291|0000000000000394|0000000000055515|0000000000000431|0000000000060609|091.42
17032026|537326|0000000000090268|0000000005367336|0000000000094331|0000000005612654|095.69
17032026|537483|0000000000005233|0000000001344725|0000000000007314|0000000001870800|071.55
17032026|537536|0000000000005044|0000000000345262|0000000000006801|0000000000463001|074.17
17032026|537582|0000000000020000|0000000000024400|0000000000020000|0000000000024400|100.00
17032026|537707|0000000000343333|0000000000308882|0000000000343333|0000000000308882|100.00
17032026|537708|0000000000006858|0000000001782463|0000000000008272|0000000002143192|082.91
17032026|537709|0000000000012052|0000000000051291|0000000000012052|0000000000051291|100.00
17032026|537750|0000000000006272|0000000001078784|0000000000007626|0000000001284716|082.24
17032026|537766|0000000000036192|0000000000062251|0000000000043455|0000000000074078|083.29
17032026|537785|0000000000000028|0000000000002926|0000000000000028|0000000000002926|100.00
17032026|537800|0000000003561079|0000000003101376|0000000003561079|0000000003101376|100.00
17032026|537820|0000000000013051|0000000000039415|0000000000013051|0000000000039414|100.00
17032026|537839|0000000000004715|0000000000393656|0000000000007378|0000000000620089|063.91
17032026|537985|0000000000001336|0000000000019640|0000000000001504|0000000000022361|088.83
17032026|538057|0000000000042806|0000000004388900|0000000000194612|0000000019889908|022.00
17032026|538081|0000000000000199|0000000000001194|0000000000000289|0000000000001644|068.86
17032026|538092|0000000000000001|0000000000000102|0000000000000001|0000000000000101|100.00
17032026|538119|0000000000001117|0000000000108907|0000000000001117|0000000000108907|100.00
17032026|538212|0000000000062681|0000000000023061|0000000000062681|0000000000023061|100.00
17032026|538268|0000000000001362|0000000000694348|0000000000002348|0000000001208779|058.01
17032026|538273|0000000000001584|0000000000041311|0000000000001685|0000000000042704|094.01
17032026|538351|0000000000014402|0000000000028087|0000000000014402|0000000000028087|100.00
17032026|538365|0000000000000520|0000000000017935|0000000000004624|0000000000154340|011.25
17032026|538382|0000000000000682|0000000000060671|0000000000000692|0000000000061409|098.55
17032026|538395|0000000000000005|0000000000000467|0000000000000005|0000000000000468|100.00
17032026|538401|0000000000005032|0000000000692152|0000000000005689|0000000000769636|088.45
17032026|538422|0000000000422268|0000000000190021|0000000000552361|0000000000244495|076.45
17032026|538446|0000000000000381|0000000000023981|0000000000000482|0000000000030962|079.05
17032026|538451|0000000000189661|0000000000512085|0000000000236155|0000000000647774|080.31
17032026|538464|0000000000002539|0000000000010614|0000000000004449|0000000000018419|057.07
17032026|538465|0000000000005268|0000000000064112|0000000000005327|0000000000065632|098.89
17032026|538476|0000000000043195|0000000000652245|0000000000045242|0000000000694637|095.48
17032026|538496|0000000000018000|0000000000114300|0000000000045000|0000000000294000|040.00
17032026|538520|0000000000148607|0000000000297214|0000000000168529|0000000000343485|088.18
17032026|538521|0000000000000700|0000000000067130|0000000000000701|0000000000067271|099.86
17032026|538539|0000000000570304|0000000008657215|0000000000835128|0000000012675273|068.29
17032026|538540|0000000000025815|0000000000239444|0000000000025815|0000000000239444|100.00
17032026|538546|0000000000004348|0000000000490890|0000000000004727|0000000000536610|091.98
17032026|538562|0000000000004863|0000000001681140|0000000000008680|0000000002972758|056.03
17032026|538563|0000000000000427|0000000000196390|0000000000000427|0000000000196390|100.00
17032026|538564|0000000000000954|0000000000272606|0000000000001230|0000000000353081|077.56
17032026|538565|0000000000003298|0000000000615358|0000000000003298|0000000000615358|100.00
17032026|538567|0000000000001754|0000000001689015|0000000000003387|0000000003234870|051.79
17032026|538568|0000000000003240|0000000000116640|0000000000003240|0000000000116898|100.00
17032026|538569|0000000000003607|0000000000003968|0000000000003607|0000000000003967|100.00
17032026|538579|0000000000012000|0000000000230160|0000000000012000|0000000000230160|100.00
17032026|538596|0000000000001015|0000000000004613|0000000000001015|0000000000004613|100.00
17032026|538597|0000000000012223|0000000000115902|0000000000012223|0000000000115902|100.00
17032026|538598|0000000000068806|0000000001199977|0000000000100938|0000000001774143|068.17
17032026|538607|0000000000886325|0000000000691334|0000000001347516|0000000001081767|065.77
17032026|538609|0000000000004911|0000000000285231|0000000000005116|0000000000295611|095.99
17032026|538610|0000000000369129|0000000000313760|0000000000431139|0000000000367467|085.62
17032026|538611|0000000000000001|0000000000000057|0000000000000001|0000000000000057|100.00
17032026|538634|0000000000002510|0000000000271708|0000000000003171|0000000000351854|079.15
17032026|538635|0000000000009385|0000000000320967|0000000000015127|0000000000519541|062.04
17032026|538646|0000000000001704|0000000000070120|0000000000001730|0000000000071226|098.50
17032026|538647|0000000000150005|0000000004855662|0000000000150011|0000000004950362|100.00
17032026|538666|0000000000004597|0000000004529195|0000000000009141|0000000009011351|050.29
17032026|538668|0000000000022297|0000000011537583|0000000000031521|0000000016456087|070.74
17032026|538683|0000000000010751|0000000009359284|0000000000017567|0000000015198267|061.20
17032026|538685|0000000000000318|0000000000031896|0000000000000319|0000000000031834|099.69
17032026|538706|0000000000144286|0000000000914774|0000000000186439|0000000001188860|077.39
17032026|538707|0000000000000563|0000000000017397|0000000000000568|0000000000017225|099.12
17032026|538708|0000000000003367|0000000000022122|0000000000003953|0000000000025696|085.18
17032026|538713|0000000000003597|0000000000767780|0000000000004896|0000000001028433|073.47
17032026|538714|0000000000000515|0000000000020446|0000000000000519|0000000000019586|099.23
17032026|538715|0000000000001209|0000000000402537|0000000000001596|0000000000524250|075.75
17032026|538716|0000000000000016|0000000000006712|0000000000000021|0000000000008426|076.19
17032026|538730|0000000000002391|0000000000665296|0000000000004688|0000000001303102|051.00
17032026|538732|0000000000001998|0000000000064636|0000000000002234|0000000000071151|089.44
17032026|538734|0000000000012777|0000000011903693|0000000000019273|0000000018239948|066.29
17032026|538742|0000000000003330|0000000000106127|0000000000003330|0000000000106127|100.00
17032026|538743|0000000000010714|0000000000146031|0000000000010714|0000000000146031|100.00
17032026|538770|0000000000010790|0000000000142105|0000000000011317|0000000000151232|095.34
17032026|538772|0000000000109151|0000000003656559|0000000000137851|0000000004563641|079.18
17032026|538777|0000000000002000|0000000000051240|0000000000002000|0000000000051240|100.00
17032026|538778|0000000000003315|0000000000020189|0000000000006131|0000000000038129|054.07
17032026|538787|0000000000001500|0000000000014745|0000000000002649|0000000000026491|056.63
17032026|538788|0000000000005654|0000000000068923|0000000000006827|0000000000082427|082.82
17032026|538795|0000000000000303|0000000000076281|0000000000000464|0000000000114540|065.30
17032026|538817|0000000000154698|0000000001387642|0000000000169821|0000000001522443|091.09
17032026|538833|0000000000002387|0000000000020672|0000000000003036|0000000000026985|078.62
17032026|538834|0000000000041739|0000000000412382|0000000000054630|0000000000541279|076.40
17032026|538835|0000000000012013|0000000007722558|0000000000019796|0000000012827126|060.68
17032026|538836|0000000000000641|0000000000324987|0000000000000730|0000000000370078|087.81
17032026|538837|0000000000018886|0000000001166400|0000000000021651|0000000001305687|087.23
17032026|538838|0000000000000948|0000000000023700|0000000000000998|0000000000024499|094.99
17032026|538857|0000000000000010|0000000000000134|0000000000000010|0000000000000134|100.00
17032026|538860|0000000000017633|0000000000011815|0000000000029330|0000000000019669|060.12
17032026|538862|0000000000000101|0000000000003749|0000000000000102|0000000000004107|099.02
17032026|538868|0000000000016681|0000000000262893|0000000000023505|0000000000373203|070.97
17032026|538874|0000000000001102|0000000000019892|0000000000001737|0000000000032069|063.44
17032026|538875|0000000000843598|0000000005002537|0000000000907205|0000000005344536|092.99
17032026|538881|0000000000000256|0000000000005471|0000000000000256|0000000000005465|100.00
17032026|538882|0000000000070832|0000000003352479|0000000000114125|0000000005637742|062.07
17032026|538890|0000000000050873|0000000002770544|0000000000053710|0000000002856211|094.72
17032026|538891|0000000000072666|0000000001614639|0000000000128400|0000000002811111|056.59
17032026|538894|0000000000000047|0000000000001175|0000000000000048|0000000000001205|097.92
17032026|538895|0000000000096937|0000000000865648|0000000000103177|0000000000926732|093.95
17032026|538896|0000000000010912|0000000003535488|0000000000011618|0000000003786919|093.92
17032026|538902|0000000000000151|0000000000019125|0000000000000154|0000000000019509|098.05
17032026|538918|0000000000002099|0000000000015701|0000000000002110|0000000000015767|099.48
17032026|538920|0000000000021985|0000000002706354|0000000000043931|0000000005448133|050.04
17032026|538922|0000000000000830|0000000000016932|0000000000000834|0000000000017028|099.52
17032026|538923|0000000000123559|0000000003318795|0000000000150743|0000000003858853|081.97
17032026|538926|0000000000003581|0000000000577258|0000000000004416|0000000000718332|081.09
17032026|538928|0000000000186551|0000000000246248|0000000000193349|0000000000240746|096.48
17032026|538942|0000000000001528|0000000000032134|0000000000001702|0000000000035934|089.78
17032026|538943|0000000000000062|0000000000005930|0000000000000062|0000000000005930|100.00
17032026|538952|0000000000001418|0000000000001702|0000000000001418|0000000000001603|100.00
17032026|538961|0000000000013950|0000000000156798|0000000000016444|0000000000185890|084.83
17032026|538962|0000000000005551|0000000002713607|0000000000007506|0000000003655482|073.95
17032026|538964|0000000000000009|0000000000007272|0000000000000009|0000000000007240|100.00
17032026|538965|0000000000002766|0000000000199733|0000000000002971|0000000000213444|093.10
17032026|538970|0000000000625327|0000000003758216|0000000000832255|0000000005050224|075.14
17032026|538975|0000000000120842|0000000000022959|0000000000120842|0000000000022959|100.00
17032026|538979|0000000000008239|0000000001801870|0000000000013597|0000000003019549|060.59
17032026|538987|0000000000000260|0000000000162682|0000000000000389|0000000000243013|066.84
17032026|538992|0000000000003410|0000000006959810|0000000000003410|0000000006956460|100.00
17032026|539006|0000000000000201|0000000003447733|0000000000000700|0000000012097471|028.71
17032026|539011|0000000000001358|0000000000097749|0000000000001459|0000000000104342|093.08
17032026|539012|0000000000000562|0000000000045005|0000000000000576|0000000000046344|097.57
17032026|539013|0000000000003840|0000000000322522|0000000000004712|0000000000402695|081.49
17032026|539014|0000000000002065|0000000000018368|0000000000002065|0000000000018368|100.00
17032026|539015|0000000000000511|0000000000000860|0000000000000511|0000000000000860|100.00
17032026|539016|0000000000000663|0000000000004118|0000000000000755|0000000000004742|087.81
17032026|539017|0000000000196131|0000000000855132|0000000000248333|0000000001084772|078.98
17032026|539018|0000000000002588|0000000000882508|0000000000003305|0000000001136128|078.31
17032026|539031|0000000000000309|0000000000084444|0000000000000403|0000000000109814|076.67
17032026|539040|0000000000036112|0000000000216311|0000000000050146|0000000000298006|072.01
17032026|539041|0000000000035000|0000000000816550|0000000000038750|0000000000887075|090.32
17032026|539042|0000000000022104|0000000006678724|0000000000049179|0000000015044188|044.95
17032026|539044|0000000000000677|0000000000036484|0000000000000682|0000000000036211|099.27
17032026|539045|0000000000008563|0000000000215012|0000000000008563|0000000000215012|100.00
17032026|539046|0000000000004867|0000000000551918|0000000000007520|0000000000856506|064.72
17032026|539056|0000000000050046|0000000002006345|0000000000065217|0000000002622085|076.74
17032026|539083|0000000000308584|0000000024128183|0000000000674164|0000000052636277|045.77
17032026|539090|0000000000000424|0000000000014624|0000000000000526|0000000000017210|080.61
17032026|539091|0000000000150910|0000000000122238|0000000000181100|0000000000146747|083.33
17032026|539097|0000000000349433|0000000000765259|0000000000426639|0000000000928687|081.90
17032026|539098|0000000000002000|0000000000120400|0000000000002000|0000000000120400|100.00
17032026|539110|0000000000000146|0000000000002302|0000000000000146|0000000000002302|100.00
17032026|539111|0000000000000097|0000000000001481|0000000000000097|0000000000001482|100.00
17032026|539112|0000000000000156|0000000000019812|0000000000000156|0000000000019812|100.00
17032026|539113|0000000000005403|0000000002674756|0000000000005461|0000000002630039|098.94
17032026|539115|0000000000000702|0000000000162233|0000000000001104|0000000000254776|063.59
17032026|539117|0000000000150741|0000000006750182|0000000000239499|0000000010731979|062.94
17032026|539118|0000000000000836|0000000000210129|0000000000001480|0000000000374037|056.49
17032026|539120|0000000000000158|0000000000008842|0000000000000158|0000000000008847|100.00
17032026|539121|0000000000000791|0000000000076253|0000000000001162|0000000000109102|068.07
17032026|539122|0000000000058918|0000000000918004|0000000000058918|0000000000918004|100.00
17032026|539123|0000000000004646|0000000000027598|0000000000006194|0000000000036965|075.01
17032026|539124|0000000000000013|0000000000000260|0000000000000014|0000000000000275|092.86
17032026|539126|0000000000027051|0000000000025157|0000000000027051|0000000000025157|100.00
17032026|539132|0000000000100584|0000000000843900|0000000000124661|0000000001057804|080.69
17032026|539141|0000000000000313|0000000000019995|0000000000000370|0000000000023448|084.59
17032026|539143|0000000000018233|0000000000131278|0000000000024274|0000000000174204|075.11
17032026|539148|0000000000001175|0000000000296042|0000000000001645|0000000000415463|071.43
17032026|539149|0000000000000060|0000000000000244|0000000000000060|0000000000000244|100.00
17032026|539150|0000000000013002|0000000002399520|0000000000019937|0000000003682713|065.22
17032026|539151|0000000000008871|0000000000678188|0000000000012119|0000000000907877|073.20
17032026|539167|0000000000000222|0000000000008361|0000000000000222|0000000000008337|100.00
17032026|539175|0000000000807247|0000000002615481|0000000001271803|0000000004104892|063.47
17032026|539176|0000000000000173|0000000000012465|0000000000000175|0000000000012511|098.86
17032026|539177|0000000000039552|0000000018909812|0000000000074602|0000000035603382|053.02
17032026|539189|0000000000000123|0000000000001575|0000000000000125|0000000000001728|098.40
17032026|539190|0000000000000001|0000000000000046|0000000000000001|0000000000000045|100.00
17032026|539195|0000000000028576|0000000004855063|0000000000039120|0000000006757330|073.05
17032026|539196|0000000000008272|0000000000923156|0000000000010575|0000000001196239|078.22
17032026|539199|0000000000003555|0000000001334725|0000000000005277|0000000001990834|067.37
17032026|539200|0000000000000490|0000000000000686|0000000000000490|0000000000000686|100.00
17032026|539201|0000000000001842|0000000000109507|0000000000002816|0000000000167678|065.41
17032026|539206|0000000000000278|0000000000007904|0000000000000353|0000000000010035|078.75
17032026|539216|0000000000345384|0000000000531892|0000000000484682|0000000000743980|071.26
17032026|539217|0000000002352908|0000000000541169|0000000004291249|0000000000997752|054.83
17032026|539218|0000000000000001|0000000000000140|0000000000000001|0000000000000139|100.00
17032026|539219|0000000000081276|0000000000677842|0000000000105984|0000000000885563|076.69
17032026|539220|0000000000000867|0000000000035539|0000000000000887|0000000000034113|097.75
17032026|539221|0000000000008070|0000000000918770|0000000000009625|0000000001060052|083.84
17032026|539222|0000000004610232|0000000004425823|0000000006411432|0000000006208989|071.91
17032026|539224|0000000000002815|0000000000082416|0000000000002815|0000000000082416|100.00
17032026|539226|0000000000010538|0000000000178830|0000000000013776|0000000000233651|076.50
17032026|539227|0000000000014336|0000000002711655|0000000000019871|0000000003756242|072.15
17032026|539228|0000000000051424|0000000000067411|0000000000051424|0000000000067411|100.00
17032026|539251|0000000000000181|0000000000002855|0000000000000347|0000000000005406|052.16
17032026|539252|0000000000020938|0000000000096315|0000000000026088|0000000000115826|080.26
17032026|539254|0000000000022291|0000000022308833|0000000000054816|0000000054049695|040.67
17032026|539255|0000000000003646|0000000001557754|0000000000004737|0000000002033308|076.97
17032026|539267|0000000000012296|0000000000179645|0000000000014884|0000000000210512|082.61
17032026|539268|0000000000020571|0000000008447482|0000000000036484|0000000014983960|056.38
17032026|539275|0000000000000300|0000000000040500|0000000000000300|0000000000040495|100.00
17032026|539276|0000000000022593|0000000006727066|0000000000022860|0000000006814898|098.83
17032026|539277|0000000012220669|0000000001833101|0000000021970220|0000000003087081|055.62
17032026|539278|0000000000004134|0000000000006946|0000000000004134|0000000000007002|100.00
17032026|539287|0000000000000111|0000000000001869|0000000000000111|0000000000001869|100.00
17032026|539288|0000000000002248|0000000000056694|0000000000002248|0000000000056694|100.00
17032026|539289|0000000000000221|0000000000037195|0000000000000269|0000000000045176|082.16
17032026|539290|0000000000011772|0000000000274641|0000000000012153|0000000000285683|096.86
17032026|539300|0000000000006298|0000000001448226|0000000000009065|0000000002069007|069.48
17032026|539301|0000000000001147|0000000000610893|0000000000001548|0000000000834118|074.10
17032026|539302|0000000000012911|0000000024671630|0000000000033200|0000000064127313|038.89
17032026|539309|0000000000508631|0000000002619450|0000000000826093|0000000004348407|061.57
17032026|539310|0000000002897742|0000000000463639|0000000004454544|0000000000736976|065.05
17032026|539312|0000000000000071|0000000000059605|0000000000000099|0000000000082865|071.72
17032026|539313|0000000000001477|0000000000384685|0000000000001599|0000000000414478|092.37
17032026|539314|0000000000007484|0000000000390141|0000000000009168|0000000000479469|081.63
17032026|539331|0000000000001201|0000000000115897|0000000000001415|0000000000136763|084.88
17032026|539332|0000000000015732|0000000001304498|0000000000028454|0000000002367189|055.29
17032026|539334|0000000000000221|0000000000067251|0000000000000472|0000000000142323|046.82
17032026|539335|0000000000003189|0000000000639619|0000000000003189|0000000000639619|100.00
17032026|539336|0000000000016675|0000000006045522|0000000000047424|0000000017164774|035.16
17032026|539337|0000000000020125|0000000002857750|0000000000030100|0000000004288865|066.86
17032026|539346|0000000000107512|0000000000323612|0000000000112088|0000000000337151|095.92
17032026|539353|0000000000000555|0000000000107032|0000000000000990|0000000000189832|056.06
17032026|539354|0000000000001001|0000000000026026|0000000000001001|0000000000026034|100.00
17032026|539359|0000000000030049|0000000000353076|0000000000032617|0000000000383652|092.13
17032026|539378|0000000000000120|0000000000007980|0000000000000120|0000000000007980|100.00
17032026|539384|0000000000000062|0000000000001581|0000000000000062|0000000000001591|100.00
17032026|539391|0000000000002824|0000000000083648|0000000000002824|0000000000083648|100.00
17032026|539398|0000000000001743|0000000000086506|0000000000002275|0000000000112634|076.62
17032026|539399|0000000000003136|0000000000815988|0000000000009979|0000000002655057|031.43
17032026|539400|0000000000000126|0000000000131778|0000000000000151|0000000000157887|083.44
17032026|539402|0000000000022769|0000000000092215|0000000000030336|0000000000130585|075.06
17032026|539404|0000000000011185|0000000001618470|0000000000012188|0000000001811348|091.77
17032026|539405|0000000000003000|0000000000042180|0000000000003053|0000000000044478|098.26
17032026|539406|0000000000000044|0000000000002398|0000000000000044|0000000000002380|100.00
17032026|539407|0000000000000005|0000000000000218|0000000000000069|0000000000003000|007.25
17032026|539428|0000000000011599|0000000000160647|0000000000012753|0000000000183095|090.95
17032026|539436|0000000000021481|0000000000533803|0000000000049769|0000000001230208|043.16
17032026|539437|0000000001148920|0000000073094291|0000000002279539|0000000144054343|050.40
17032026|539448|0000000000033128|0000000142044582|0000000000064202|0000000273930691|051.60
17032026|539449|0000000000043393|0000000000090692|0000000000047022|0000000000098194|092.28
17032026|539450|0000000000006811|0000000000835029|0000000000010767|0000000001323583|063.26
17032026|539455|0000000000019663|0000000001091690|0000000000025195|0000000001372307|078.04
17032026|539468|0000000000000010|0000000000000493|0000000000000011|0000000000000543|090.91
17032026|539469|0000000000036066|0000000001451657|0000000000053168|0000000002130216|067.83
17032026|539470|0000000000295922|0000000000168676|0000000000445452|0000000000251308|066.43
17032026|539479|0000000000079713|0000000004908727|0000000000114496|0000000006887046|069.62
17032026|539480|0000000000000004|0000000000001045|0000000000000027|0000000000007056|014.81
17032026|539487|0000000000000030|0000000000025585|0000000000000033|0000000000028121|090.91
17032026|539492|0000000000000391|0000000000004622|0000000000000391|0000000000004621|100.00
17032026|539494|0000000000007381|0000000000054325|0000000000008302|0000000000061503|088.91
17032026|539495|0000000000000003|0000000000000110|0000000000000003|0000000000000110|100.00
17032026|539506|0000000000232018|0000000000097448|0000000000402684|0000000000172329|057.62
17032026|539515|0000000000004126|0000000000152167|0000000000004195|0000000000159870|098.36
17032026|539516|0000000000002382|0000000000629992|0000000000003346|0000000000881465|071.19
17032026|539517|0000000000016495|0000000001415271|0000000000018661|0000000001594705|088.39
17032026|539518|0000000000001875|0000000000226688|0000000000002314|0000000000280521|081.03
17032026|539519|0000000000267903|0000000000192891|0000000000550396|0000000000401330|048.67
17032026|539522|0000000000003967|0000000000145748|0000000000004284|0000000000161561|092.60
17032026|539523|0000000000000212|0000000001130830|0000000000000966|0000000005142624|021.95
17032026|539524|0000000000002436|0000000003247432|0000000000004193|0000000005597600|058.10
17032026|539526|0000000000085355|0000000000048653|0000000000112068|0000000000063428|076.16
17032026|539527|0000000000000001|0000000000000536|0000000000000001|0000000000000535|100.00
17032026|539528|0000000000073121|0000000002344410|0000000000073121|0000000002344410|100.00
17032026|539533|0000000000322194|0000000017134277|0000000000490814|0000000026411587|065.64
17032026|539542|0000000000002100|0000000001806000|0000000000002595|0000000002234512|080.92
17032026|539544|0000000000000652|0000000000005119|0000000000000652|0000000000005374|100.00
17032026|539545|0000000000000501|0000000000018512|0000000000000538|0000000000019902|093.12
17032026|539546|0000000000001600|0000000000419040|0000000000004616|0000000001197483|034.66
17032026|539551|0000000000011161|0000000018474246|0000000000024192|0000000039923250|046.14
17032026|539552|0000000000010094|0000000000595244|0000000000011347|0000000000682410|088.96
17032026|539559|0000000001781044|0000000004701957|0000000002240878|0000000005925474|079.48
17032026|539561|0000000007406966|0000000003036857|0000000013916813|0000000005719979|053.22
17032026|539562|0000000000003557|0000000000086329|0000000000005200|0000000000127901|068.40
17032026|539574|0000000009675575|0000000001935115|0000000019536010|0000000003949724|049.53
17032026|539593|0000000000005123|0000000000035400|0000000000005125|0000000000038569|099.96
17032026|539594|0000000000713139|0000000002795505|0000000000949806|0000000003726103|075.08
17032026|539596|0000000000003690|0000000000046125|0000000000003690|0000000000047368|100.00
17032026|539598|0000000000002120|0000000000059276|0000000000002597|0000000000073310|081.63
17032026|539599|0000000000000021|0000000000000549|0000000000000021|0000000000000561|100.00
17032026|539607|0000000000407403|0000000007569548|0000000001006774|0000000018686147|040.47
17032026|539620|0000000000008491|0000000000121337|0000000000009582|0000000000138991|088.61
17032026|539621|0000000000055384|0000000000027692|0000000000056110|0000000000028078|098.71
17032026|539636|0000000000004076|0000000000485860|0000000000005378|0000000000639158|075.79
17032026|539658|0000000000000147|0000000000161480|0000000000000253|0000000000278775|058.10
17032026|539659|0000000000021072|0000000000879756|0000000000047905|0000000001989170|043.99
17032026|539660|0000000000089323|0000000001267772|0000000000089323|0000000001267772|100.00
17032026|539661|0000000000000001|0000000000000105|0000000000000001|0000000000000105|100.00
17032026|539662|0000000000002679|0000000000023844|0000000000004758|0000000000042289|056.31
17032026|539669|0000000000076051|0000000000077572|0000000000076051|0000000000077572|100.00
17032026|539678|0000000000019232|0000000002703058|0000000000025046|0000000003554279|076.79
17032026|539679|0000000000123643|0000000000304162|0000000000186475|0000000000447851|066.31
17032026|539682|0000000000000176|0000000000207914|0000000000000176|0000000000207914|100.00
17032026|539686|0000000000014419|0000000003937108|0000000000024507|0000000006780256|058.84
17032026|539692|0000000000000050|0000000000000792|0000000000000055|0000000000000870|090.91
17032026|539697|0000000000005734|0000000000248634|0000000000005734|0000000000248634|100.00
17032026|539724|0000000000009544|0000000001175916|0000000000009544|0000000001175916|100.00
17032026|539725|0000000000551562|0000000104603734|0000000001273293|0000000234561273|043.32
17032026|539730|0000000000003065|0000000005018325|0000000000008331|0000000013586536|036.79
17032026|539742|0000000000009274|0000000000068386|0000000000009274|0000000000068386|100.00
17032026|539760|0000000000064429|0000000002187365|0000000000065097|0000000002075054|098.97
17032026|539761|0000000000487584|0000000000429074|0000000000793584|0000000000706206|061.44
17032026|539762|0000000000008172|0000000000248838|0000000000011392|0000000000344153|071.73
17032026|539767|0000000000000043|0000000000001814|0000000000000043|0000000000001814|100.00
17032026|539770|0000000000022157|0000000000699719|0000000000023294|0000000000679634|095.12
17032026|539773|0000000000457263|0000000000781920|0000000000482326|0000000000825589|094.80
17032026|539784|0000000000000080|0000000000021412|0000000000000080|0000000000021412|100.00
17032026|539785|0000000000005263|0000000000377305|0000000000007094|0000000000512159|074.19
17032026|539787|0000000000003227|0000000001776787|0000000000005228|0000000002886793|061.73
17032026|539798|0000000000001886|0000000000058919|0000000000003350|0000000000103385|056.30
17032026|539799|0000000000006539|0000000001031528|0000000000009080|0000000001406088|072.02
17032026|539800|0000000000000400|0000000000002000|0000000000000400|0000000000002000|100.00
17032026|539807|0000000000184723|0000000002602748|0000000000277583|0000000003923364|066.55
17032026|539814|0000000000005948|0000000001335624|0000000000009770|0000000002231837|060.88
17032026|539834|0000000000000136|0000000000022706|0000000000000139|0000000000022911|097.84
17032026|539835|0000000000014086|0000000000026060|0000000000014126|0000000000026680|099.72
17032026|539837|0000000000000562|0000000000365329|0000000000000898|0000000000577155|062.58
17032026|539841|0000000000216677|0000000001956594|0000000000267228|0000000002389471|081.08
17032026|539843|0000000000000110|0000000000032527|0000000000000122|0000000000036487|090.16
17032026|539854|0000000000000038|0000000000009841|0000000000002881|0000000000742747|001.32
17032026|539864|0000000000030000|0000000000634200|0000000000030000|0000000000643500|100.00
17032026|539871|0000000000012076|0000000004368493|0000000000016368|0000000005885131|073.78
17032026|539872|0000000000006925|0000000001926189|0000000000013835|0000000003873112|050.05
17032026|539875|0000000000000130|0000000000010866|0000000000000130|0000000000010907|100.00
17032026|539876|0000000000059771|0000000014853094|0000000000141548|0000000035207992|042.23
17032026|539883|0000000000000267|0000000001185721|0000000000000373|0000000001605938|071.58
17032026|539884|0000000000016271|0000000000039214|0000000000017559|0000000000042690|092.66
17032026|539889|0000000000611993|0000000120899218|0000000000628136|0000000124613828|097.43
17032026|539894|0000000000149598|0000000001189305|0000000000181359|0000000001452810|082.49
17032026|539895|0000000000016103|0000000000446376|0000000000021495|0000000000593812|074.92
17032026|539900|0000000000001246|0000000000010747|0000000000001246|0000000000010747|100.00
17032026|539911|0000000000006703|0000000000095518|0000000000006705|0000000000100560|099.97
17032026|539917|0000000000121472|0000000000485888|0000000000128373|0000000000514962|094.62
17032026|539921|0000000000095346|0000000016175449|0000000000161026|0000000026955644|059.21
17032026|539938|0000000000003843|0000000000118365|0000000000004078|0000000000121706|094.24
17032026|539939|0000000000003689|0000000000219570|0000000000005751|0000000000338209|064.15
17032026|539945|0000000000017808|0000000000245751|0000000000037748|0000000000517861|047.18
17032026|539946|0000000000020551|0000000000474729|0000000000026526|0000000000618027|077.47
17032026|539956|0000000000003862|0000000010712995|0000000000003975|0000000010989915|097.16
17032026|539957|0000000000005129|0000000005210039|0000000000013072|0000000013252177|039.24
17032026|539963|0000000000103125|0000000001306648|0000000000103125|0000000001306648|100.00
17032026|539978|0000000000004446|0000000000780273|0000000000008351|0000000001461713|053.24
17032026|539979|0000000000000295|0000000000011603|0000000000000332|0000000000013527|088.86
17032026|539980|0000000000004373|0000000000071062|0000000000006483|0000000000104542|067.45
17032026|539984|0000000000006106|0000000002635961|0000000000009341|0000000003979340|065.37
17032026|539985|0000000000038000|0000000000852340|0000000000041000|0000000000852630|092.68
17032026|539986|0000000000001066|0000000000163205|0000000000001691|0000000000259080|063.04
17032026|539991|0000000000016215|0000000000546608|0000000000027622|0000000000949377|058.70
17032026|539992|0000000000439691|0000000018537373|0000000000627784|0000000025986830|070.04
17032026|539997|0000000000008154|0000000012998292|0000000000017363|0000000027746562|046.96
17032026|540005|0000000000003672|0000000015376500|0000000000007553|0000000031544364|048.62
17032026|540006|0000000000050160|0000000000141452|0000000000089010|0000000000249826|056.35
17032026|540008|0000000000000190|0000000000016181|0000000000000199|0000000000016217|095.48
17032026|540023|0000000000001461|0000000000019127|0000000000001461|0000000000019127|100.00
17032026|540025|0000000000004461|0000000001253988|0000000000007525|0000000002112272|059.28
17032026|540026|0000000000000835|0000000000006438|0000000000001150|0000000000008521|072.61
17032026|540047|0000000000004626|0000000002001902|0000000000011990|0000000005176397|038.58
17032026|540048|0000000000000569|0000000000391899|0000000000000707|0000000000490229|080.48
17032026|540061|0000000000003697|0000000000189139|0000000000004816|0000000000246366|076.76
17032026|540062|0000000000000059|0000000000018807|0000000000000059|0000000000018784|100.00
17032026|540065|0000000000045435|0000000013539630|0000000000097846|0000000028894653|046.44
17032026|540066|0000000000000967|0000000000042567|0000000000000967|0000000000042567|100.00
17032026|540073|0000000000104989|0000000025291851|0000000000173656|0000000042126738|060.46
17032026|540078|0000000000003372|0000000000297242|0000000000005263|0000000000471649|064.07
17032026|540079|0000000000812589|0000000001145751|0000000000863689|0000000001220610|094.08
17032026|540080|0000000000117816|0000000000466552|0000000000136140|0000000000539441|086.54
17032026|540081|0000000000000468|0000000000006084|0000000000000468|0000000000006084|100.00
17032026|540082|0000000000040500|0000000010125000|0000000000040500|0000000010125000|100.00
17032026|540083|0000000000001832|0000000000010200|0000000000001832|0000000000010200|100.00
17032026|540097|0000000000004123|0000000000165044|0000000000005094|0000000000203315|080.94
17032026|540108|0000000000003502|0000000000023656|0000000000003502|0000000000023656|100.00
17032026|540115|0000000000007167|0000000023898720|0000000000030133|0000000099950454|023.78
17032026|540124|0000000000000698|0000000000272465|0000000000001417|0000000000553697|049.26
17032026|540125|0000000000007650|0000000000437580|0000000000013984|0000000000801714|054.71
17032026|540132|0000000000004440|0000000000051948|0000000000004640|0000000000053007|095.69
17032026|540133|0000000000008229|0000000004875272|0000000000015566|0000000009260644|052.87
17032026|540134|0000000000002382|0000000000018984|0000000000002382|0000000000018984|100.00
17032026|540135|0000000002167392|0000000001062023|0000000002725358|0000000001348641|079.53
17032026|540136|0000000000007988|0000000002201893|0000000000015777|0000000004344799|050.63
17032026|540143|0000000000000179|0000000000013771|0000000000000316|0000000000023352|056.65
17032026|540145|0000000000002752|0000000000545309|0000000000003764|0000000000750710|073.11
17032026|540146|0000000000031000|0000000001018350|0000000000031000|0000000000994250|100.00
17032026|540147|0000000000305108|0000000000784128|0000000000331540|0000000000898810|092.03
17032026|540153|0000000000002221|0000000005166269|0000000000004055|0000000009528257|054.77
17032026|540154|0000000000000006|0000000000004912|0000000000000009|0000000000007355|066.67
17032026|540159|0000000000003335|0000000000015508|0000000000003922|0000000000019494|085.03
17032026|540168|0000000000080889|0000000002171061|0000000000091775|0000000002446347|088.14
17032026|540173|0000000000008488|0000000006620216|0000000000017536|0000000013624047|048.40
17032026|540175|0000000000006573|0000000000183519|0000000000013464|0000000000373166|048.82
17032026|540180|0000000000127847|0000000051969806|0000000000230630|0000000093739718|055.43
17032026|540189|0000000000000054|0000000000001422|0000000000000054|0000000000001422|100.00
17032026|540190|0000000002487886|0000000000920518|0000000003663754|0000000001354469|067.91
17032026|540192|0000000000012484|0000000000168909|0000000000015032|0000000000205233|083.05
17032026|540198|0000000000054420|0000000023963847|0000000000065314|0000000028389755|083.32
17032026|540199|0000000000000148|0000000000008516|0000000000000149|0000000000008573|099.33
17032026|540203|0000000000002836|0000000001452883|0000000000003833|0000000001970703|073.99
17032026|540204|0000000000001075|0000000000057513|0000000000001307|0000000000070489|082.25
17032026|540205|0000000000002484|0000000001110969|0000000000004335|0000000001939727|057.30
17032026|540210|0000000000036783|0000000000238354|0000000000036940|0000000000242407|099.57
17032026|540212|0000000000002518|0000000001211662|0000000000002642|0000000001274970|095.31
17032026|540222|0000000000026252|0000000025418499|0000000000056995|0000000055360801|046.06
17032026|540243|0000000000032347|0000000000043345|0000000000041511|0000000000054287|077.92
17032026|540252|0000000000809814|0000000008081944|0000000000875205|0000000008865856|092.53
17032026|540254|0000000000006012|0000000000160641|0000000000007091|0000000000180895|084.78
17032026|540259|0000000002493561|0000000000598455|0000000002854988|0000000000664627|087.34
17032026|540266|0000000000006002|0000000000091891|0000000000008578|0000000000132227|069.97
17032026|540267|0000000000000120|0000000000000840|0000000000000120|0000000000000840|100.00
17032026|540268|0000000000142814|0000000000868310|0000000000144748|0000000000914767|098.66
17032026|540293|0000000000005345|0000000002807462|0000000000012916|0000000006830345|041.38
17032026|540310|0000000000005975|0000000000257093|0000000000005975|0000000000257093|100.00
17032026|540311|0000000000003665|0000000001213087|0000000000003665|0000000001213087|100.00
17032026|540332|0000000000003000|0000000000201000|0000000000003000|0000000000195990|100.00
17032026|540358|0000000000006250|0000000002437188|0000000000010375|0000000003956606|060.24
17032026|540359|0000000000000347|0000000000009630|0000000000000347|0000000000009585|100.00
17032026|540360|0000000001585196|0000000002742390|0000000002021475|0000000003511175|078.42
17032026|540361|0000000000008121|0000000000034352|0000000000011846|0000000000049730|068.55
17032026|540366|0000000000021639|0000000000116418|0000000000022872|0000000000123963|094.61
17032026|540376|0000000000002095|0000000007920776|0000000000004433|0000000016854983|047.26
17032026|540377|0000000002227403|0000000000846414|0000000004176314|0000000001573865|053.33
17032026|540386|0000000000102677|0000000000120133|0000000000107844|0000000000127747|095.21
17032026|540393|0000000000000548|0000000000036229|0000000000000666|0000000000044177|082.28
17032026|540395|0000000000009678|0000000000771531|0000000000012494|0000000000995360|077.46
17032026|540396|0000000000021153|0000000004443188|0000000000028548|0000000006094687|074.10
17032026|540401|0000000000003395|0000000000031031|0000000000005597|0000000000050763|060.66
17032026|540403|0000000000005447|0000000000255901|0000000000005954|0000000000281628|091.48
17032026|540404|0000000000041975|0000000009425487|0000000000053629|0000000012473031|078.27
17032026|540405|0000000000001012|0000000000056359|0000000000001103|0000000000061872|091.75
17032026|540425|0000000000014453|0000000001530573|0000000000016928|0000000001742066|085.38
17032026|540455|0000000000001543|0000000000155766|0000000000001693|0000000000171883|091.14
17032026|540481|0000000000000002|0000000000000092|0000000000000003|0000000000000137|066.67
17032026|540492|0000000007944211|0000000089521606|0000000007944211|0000000089521606|100.00
17032026|540497|0000000000001137|0000000000167481|0000000000001336|0000000000193225|085.10
17032026|540515|0000000000000007|0000000000000073|0000000000000007|0000000000000072|100.00
17032026|540519|0000000000026164|0000000000932224|0000000000048186|0000000001683327|054.30
17032026|540526|0000000000111879|0000000006697077|0000000000142249|0000000008477592|078.65
17032026|540530|0000000000076975|0000000013282037|0000000000168753|0000000029003863|045.61
17032026|540544|0000000000002272|0000000001533600|0000000000004058|0000000002731813|055.99
17032026|540545|0000000000035833|0000000001361172|0000000000035833|0000000001361172|100.00
17032026|540565|0000000003690783|0000000608831564|0000000003693047|0000000609204119|099.94
17032026|540570|0000000000072429|0000000000284646|0000000000092965|0000000000363222|077.91
17032026|540575|0000000000012805|0000000002637190|0000000000015416|0000000003172658|083.06
17032026|540590|0000000000000550|0000000000032560|0000000000000853|0000000000050047|064.48
17032026|540595|0000000000194031|0000000086188571|0000000000525248|0000000232249438|036.94
17032026|540596|0000000000000737|0000000000946714|0000000000001346|0000000001751213|054.75
17032026|540597|0000000000027466|0000000000411167|0000000000027599|0000000000412868|099.52
17032026|540602|0000000000010890|0000000000622908|0000000000011758|0000000000679227|092.62
17032026|540611|0000000000010638|0000000009598136|0000000000031465|0000000028109059|033.81
17032026|540612|0000000000052115|0000000001094415|0000000000075299|0000000001581503|069.21
17032026|540613|0000000000000375|0000000000103125|0000000000000375|0000000000103125|100.00
17032026|540614|0000000001477884|0000000000635491|0000000004587373|0000000001987157|032.22
17032026|540615|0000000000034539|0000000000117088|0000000000035660|0000000000118493|096.86
17032026|540642|0000000000145387|0000000001016256|0000000000227012|0000000001576778|064.04
17032026|540647|0000000000001041|0000000000111387|0000000000001564|0000000000171342|066.56
17032026|540648|0000000000003508|0000000000300741|0000000000003519|0000000000301737|099.69
17032026|540649|0000000000002298|0000000000921498|0000000000005666|0000000002341142|040.56
17032026|540650|0000000000000795|0000000000333105|0000000000001128|0000000000475194|070.48
17032026|540652|0000000000001500|0000000000265500|0000000000001500|0000000000265500|100.00
17032026|540654|0000000000005228|0000000000094470|0000000000007230|0000000000129884|072.31
17032026|540669|0000000000001466|0000000000102415|0000000000001466|0000000000102024|100.00
17032026|540673|0000000000000665|0000000000181213|0000000000001013|0000000000278389|065.65
17032026|540678|0000000000026802|0000000036450720|0000000000069680|0000000094032969|038.46
17032026|540679|0000000000000002|0000000000002520|0000000000000003|0000000000003891|066.67
17032026|540680|0000000000012046|0000000003796297|0000000000025064|0000000007759160|048.06
17032026|540686|0000000000010433|0000000001106420|0000000000010910|0000000001192319|095.63
17032026|540691|0000000000040646|0000000012953881|0000000000097491|0000000031013496|041.69
17032026|540692|0000000000019926|0000000007207235|0000000000033704|0000000011686265|059.12
17032026|540693|0000000000106557|0000000001502453|0000000000106557|0000000001502453|100.00
17032026|540694|0000000000007066|0000000000159056|0000000000007168|0000000000165492|098.58
17032026|540696|0000000000010748|0000000000055890|0000000000013104|0000000000068113|082.02
17032026|540699|0000000000013594|0000000139761274|0000000000046410|0000000478602395|029.29
17032026|540700|0000000000002837|0000000000049620|0000000000003590|0000000000063119|079.02
17032026|540701|0000000000007460|0000000001220083|0000000000017439|0000000002817126|042.78
17032026|540702|0000000000005555|0000000000040885|0000000000005555|0000000000040467|100.00
17032026|540703|0000000000020186|0000000000736808|0000000000020186|0000000000736808|100.00
17032026|540704|0000000000001365|0000000000570843|0000000000001774|0000000000722609|076.94
17032026|540710|0000000000096651|0000000020219390|0000000000379287|0000000076904051|025.48
17032026|540716|0000000000021817|0000000040009106|0000000000022984|0000000042318645|094.92
17032026|540717|0000000000008924|0000000000153493|0000000000010692|0000000000184744|083.46
17032026|540718|0000000000043000|0000000047613900|0000000000053250|0000000059147762|080.75
17032026|540719|0000000000116832|0000000225725266|0000000000183836|0000000353970045|063.55
17032026|540724|0000000000000073|0000000000066719|0000000000000087|0000000000079778|083.91
17032026|540725|0000000000020405|0000000002527160|0000000000024222|0000000003055004|084.24
17032026|540726|0000000000018288|0000000000781447|0000000000018288|0000000000781446|100.00
17032026|540727|0000000000012492|0000000000298309|0000000000015990|0000000000381802|078.12
17032026|540728|0000000000001170|0000000000114625|0000000000002080|0000000000202397|056.25
17032026|540729|0000000000000750|0000000000013050|0000000000000750|0000000000013050|100.00
17032026|540730|0000000001395393|0000000001814011|0000000001795774|0000000002324601|077.70
17032026|540735|0000000000010152|0000000002270495|0000000000010321|0000000002317455|098.36
17032026|540737|0000000000002233|0000000001082782|0000000000002895|0000000001391118|077.13
17032026|540738|0000000000010014|0000000000070799|0000000000012691|0000000000089386|078.91
17032026|540743|0000000000005930|0000000003420424|0000000000021873|0000000012789713|027.11
17032026|540749|0000000000002057|0000000000607330|0000000000003526|0000000001037495|058.34
17032026|540750|0000000000159516|0000000019125969|0000000000244890|0000000029389153|065.14
17032026|540755|0000000000015026|0000000005525061|0000000000021793|0000000008019285|068.95
17032026|540757|0000000000000827|0000000000253670|0000000000000827|0000000000253670|100.00
17032026|540762|0000000000002875|0000000007117350|0000000000008693|0000000021321332|033.07
17032026|540767|0000000000004588|0000000003889707|0000000000008831|0000000007449836|051.95
17032026|540768|0000000000002056|0000000000772440|0000000000004433|0000000001661624|046.38
17032026|540769|0000000000012674|0000000001687544|0000000000021436|0000000002852003|059.12
17032026|540774|0000000000000957|0000000000137808|0000000000001184|0000000000171498|080.83
17032026|540775|0000000000012768|0000000001195085|0000000000013900|0000000001310679|091.86
17032026|540776|0000000000003125|0000000000907500|0000000000004092|0000000001195680|076.37
17032026|540777|0000000000037737|0000000024246023|0000000000066270|0000000042150728|056.94
17032026|540786|0000000000022067|0000000000214050|0000000000030822|0000000000307401|071.59
17032026|540787|0000000000013702|0000000001630401|0000000000018305|0000000002165690|074.85
17032026|540788|0000000000000826|0000000000044836|0000000000000963|0000000000054037|085.77
17032026|540789|0000000000007488|0000000000024861|0000000000009178|0000000000028910|081.59
17032026|540795|0000000000002864|0000000000775142|0000000000004691|0000000001267611|061.05
17032026|540797|0000000000015602|0000000002165558|0000000000017568|0000000002445364|088.81
17032026|540809|0000000000123731|0000000004971512|0000000000215098|0000000008486916|057.52
17032026|540821|0000000000015686|0000000000025569|0000000000016672|0000000000027176|094.09
17032026|540824|0000000000002135|0000000000008583|0000000000002136|0000000000008442|099.95
17032026|540829|0000000000057389|0000000000324248|0000000000083309|0000000000470272|068.89
17032026|540850|0000000000002000|0000000000065500|0000000000002000|0000000000065500|100.00
17032026|540874|0000000000008345|0000000000608935|0000000000009179|0000000000664121|090.91
17032026|540879|0000000000158380|0000000032016517|0000000000646934|0000000129930465|024.48
17032026|540900|0000000000065355|0000000029082975|0000000000165807|0000000073182744|039.42
17032026|540901|0000000000483357|0000000002996814|0000000000483503|0000000003022376|099.97
17032026|540902|0000000000009653|0000000065440101|0000000000029712|0000000198742333|032.49
17032026|540904|0000000000000100|0000000000007201|0000000000000100|0000000000007201|100.00
17032026|540914|0000000000601385|0000000000950189|0000000001279982|0000000001939587|046.98
17032026|540923|0000000000001168|0000000000016352|0000000000001502|0000000000021414|077.76
17032026|540935|0000000000003552|0000000006019930|0000000000003708|0000000006293825|095.79
17032026|540936|0000000000011512|0000000000034306|0000000000015758|0000000000047278|073.05
17032026|540937|0000000000001128|0000000000043665|0000000000001408|0000000000055636|080.11
17032026|540938|0000000000070000|0000000000515200|0000000000080000|0000000000590750|087.50
17032026|540952|0000000000003961|0000000000025074|0000000000004098|0000000000025234|096.66
17032026|540953|0000000000041344|0000000000092611|0000000000063936|0000000000143970|064.66
17032026|540954|0000000000002637|0000000000087312|0000000000002859|0000000000096108|092.24
17032026|540955|0000000000001515|0000000000008759|0000000000001515|0000000000008759|100.00
17032026|540956|0000000000107467|0000000002279376|0000000000118647|0000000002516051|090.58
17032026|540961|0000000000000505|0000000000027356|0000000000000505|0000000000030774|100.00
17032026|540975|0000000000012600|0000000008437590|0000000000033774|0000000022526884|037.31
17032026|540980|0000000000000010|0000000000260000|0000000000000013|0000000000338750|076.92
17032026|541005|0000000000000031|0000000000001900|0000000000000036|0000000000002175|086.11
17032026|541006|0000000000036000|0000000000396000|0000000000036000|0000000000380800|100.00
17032026|541019|0000000000006212|0000000003044502|0000000000013688|0000000006591342|045.38
17032026|541083|0000000000009750|0000000002684663|0000000000012000|0000000003277012|081.25
17032026|541096|0000000000001076|0000000001089504|0000000000001142|0000000001157512|094.22
17032026|541097|0000000000002162|0000000002162000|0000000000002672|0000000002671999|080.91
17032026|541143|0000000000016199|0000000021003624|0000000000108330|0000000139871314|014.95
17032026|541144|0000000000009777|0000000001051615|0000000000019398|0000000002083044|050.40
17032026|541152|0000000000012258|0000000000073488|0000000000012258|0000000000073488|100.00
17032026|541153|0000000000065196|0000000010408542|0000000000221242|0000000035420797|029.47
17032026|541154|0000000000027852|0000000110238216|0000000000057207|0000000225282579|048.69
17032026|541161|0000000000246788|0000000000046889|0000000000246788|0000000000046889|100.00
17032026|541163|0000000000001481|0000000000712213|0000000000002330|0000000001129340|063.56
17032026|541167|0000000000000308|0000000000417094|0000000000000419|0000000000565100|073.51
17032026|541178|0000000000006000|0000000000055500|0000000000006000|0000000000055500|100.00
17032026|541195|0000000000012308|0000000003939176|0000000000033918|0000000010670075|036.29
17032026|541206|0000000000000289|0000000000016473|0000000000001401|0000000000079443|020.63
17032026|541228|0000000000013590|0000000001390257|0000000000019085|0000000001903569|071.21
17032026|541233|0000000000101056|0000000010807940|0000000000330194|0000000034958524|030.60
17032026|541269|0000000000000359|0000000000130784|0000000000000398|0000000000145793|090.20
17032026|541276|0000000000104354|0000000001864356|0000000000104354|0000000001864356|100.00
17032026|541301|0000000000011834|0000000001912967|0000000000014807|0000000002406103|079.92
17032026|541302|0000000000001893|0000000000055674|0000000000001907|0000000000057630|099.27
17032026|541303|0000000000076723|0000000000030690|0000000000109563|0000000000043067|070.03
17032026|541304|0000000000000788|0000000000080889|0000000000000956|0000000000096854|082.43
17032026|541313|0000000000015492|0000000000563290|0000000000017872|0000000000654186|086.68
17032026|541336|0000000000001416|0000000000278386|0000000000001703|0000000000336423|083.15
17032026|541337|0000000000015000|0000000000426300|0000000000015000|0000000000426300|100.00
17032026|541338|0000000000008072|0000000000108407|0000000000015245|0000000000206440|052.95
17032026|541347|0000000000005047|0000000000037860|0000000000005047|0000000000037860|100.00
17032026|541352|0000000000000473|0000000000115223|0000000000000814|0000000000198662|058.11
17032026|541353|0000000000061600|0000000007472080|0000000000064800|0000000007766160|095.06
17032026|541358|0000000000000148|0000000000014031|0000000000000277|0000000000026175|053.43
17032026|541400|0000000000006804|0000000000469000|0000000000009976|0000000000710948|068.20
17032026|541402|0000000000004346|0000000000661244|0000000000004877|0000000000747708|089.11
17032026|541403|0000000000001891|0000000000470576|0000000000002978|0000000000726927|063.50
17032026|541418|0000000000000007|0000000000000179|0000000000000007|0000000000000178|100.00
17032026|541444|0000000000000072|0000000000001152|0000000000000080|0000000000001285|090.00
17032026|541445|0000000000006400|0000000000299200|0000000000009600|0000000000446504|066.67
17032026|541450|0000000000041919|0000000036425516|0000000000092956|0000000079880266|045.10
17032026|541540|0000000000001510|0000000000648394|0000000000002994|0000000001309542|050.43
17032026|541546|0000000000040894|0000000000089149|0000000000057432|0000000000126813|071.20
17032026|541556|0000000000019419|0000000003723594|0000000000031784|0000000006078826|061.10
17032026|541557|0000000000000187|0000000000801735|0000000000000257|0000000001103098|072.76
17032026|541578|0000000000001851|0000000000914580|0000000000004170|0000000002022386|044.39
17032026|541601|0000000005310393|0000000002814509|0000000014158235|0000000007251153|037.51
17032026|541627|0000000000000437|0000000000002845|0000000000000438|0000000000002882|099.77
17032026|541634|0000000000003363|0000000000049537|0000000000003483|0000000000052048|096.55
17032026|541701|0000000000000300|0000000000066000|0000000000000300|0000000000066000|100.00
17032026|541702|0000000000104126|0000000000349864|0000000000143185|0000000000488653|072.72
17032026|541729|0000000000009001|0000000021448483|0000000000016157|0000000038477533|055.71
17032026|541735|0000000000176432|0000000000264648|0000000000200909|0000000000305577|087.82
17032026|541741|0000000000005274|0000000000391859|0000000000008130|0000000000609043|064.87
17032026|541770|0000000000002456|0000000002871064|0000000000004674|0000000005435962|052.55
17032026|541771|0000000000037443|0000000000055791|0000000000045941|0000000000067355|081.50
17032026|541778|0000000000016361|0000000000486904|0000000000023474|0000000000691856|069.70
17032026|541799|0000000000005000|0000000000052500|0000000000005000|0000000000052500|100.00
17032026|541809|0000000000101552|0000000007008104|0000000000114098|0000000007818778|089.00
17032026|541865|0000000000021604|0000000000150364|0000000000022758|0000000000155911|094.93
17032026|541890|0000000001619246|0000000000320481|0000000001619246|0000000000320481|100.00
17032026|541929|0000000000000108|0000000000053892|0000000000000127|0000000000063522|085.04
17032026|541946|0000000000146460|0000000146460000|0000000000146480|0000000146480004|099.99
17032026|541956|0000000000155041|0000000019612687|0000000000320376|0000000040243357|048.39
17032026|541967|0000000000017592|0000000005959290|0000000000033531|0000000011195619|052.46
17032026|541972|0000000000000227|0000000000192780|0000000000000229|0000000000194271|099.13
17032026|541974|0000000000001673|0000000002187448|0000000000002973|0000000003908367|056.27
17032026|541983|0000000000096000|0000000001476950|0000000000096000|0000000001476950|100.00
17032026|541988|0000000000014057|0000000015485192|0000000000024734|0000000027492423|056.83
17032026|542011|0000000000033436|0000000078840417|0000000000075874|0000000176957016|044.07
17032026|542012|0000000002304065|0000000036957203|0000000004320430|0000000067777467|053.33
17032026|542013|0000000000000188|0000000000032571|0000000000000193|0000000000033259|097.41
17032026|542019|0000000000045416|0000000002304862|0000000000066733|0000000003392252|068.06
17032026|542020|0000000000036985|0000000000169022|0000000000052510|0000000000241636|070.43
17032026|542025|0000000000144000|0000000000047520|0000000000144000|0000000000047040|100.00
17032026|542034|0000000000004286|0000000000052033|0000000000007476|0000000000091093|057.33
17032026|542046|0000000000167779|0000000001277971|0000000000167779|0000000001277971|100.00
17032026|542057|0000000000002921|0000000000179525|0000000000005483|0000000000332025|053.27
17032026|542066|0000000000190110|0000000098267859|0000000000677849|0000000347885873|028.05
17032026|542123|0000000000000100|0000000000013800|0000000000000100|0000000000013800|100.00
17032026|542131|0000000000007516|0000000001915528|0000000000009501|0000000002411846|079.11
17032026|542141|0000000000018799|0000000020554827|0000000000034420|0000000038441386|054.62
17032026|542145|0000000000010800|0000000000484920|0000000000016200|0000000000720288|066.67
17032026|542155|0000000000004000|0000000000004600|0000000000004000|0000000000004600|100.00
17032026|542176|0000000000000010|0000000000000186|0000000000000010|0000000000000177|100.00
17032026|542206|0000000000006462|0000000000010146|0000000000006884|0000000000010804|093.87
17032026|542216|0000000000001392|0000000002582021|0000000000002966|0000000005497907|046.93
17032026|542230|0000000000000597|0000000000040489|0000000000001110|0000000000075257|053.78
17032026|542231|0000000000053872|0000000000693333|0000000000069634|0000000000890001|077.36
17032026|542232|0000000000002457|0000000000119312|0000000000004197|0000000000201564|058.54
17032026|542233|0000000000004353|0000000000725646|0000000000005497|0000000000880580|079.19
17032026|542248|0000000000041990|0000000000501781|0000000000042316|0000000000507517|099.23
17032026|542285|0000000000052965|0000000000462854|0000000000052965|0000000000462854|100.00
17032026|542323|0000000000025659|0000000009820983|0000000000079135|0000000030367121|032.42
17032026|542332|0000000000000008|0000000000000388|0000000000000008|0000000000000388|100.00
17032026|542333|0000000000000651|0000000000390633|0000000000000798|0000000000472459|081.58
17032026|542337|0000000000010930|0000000000317189|0000000000011283|0000000000342386|096.87
17032026|542351|0000000000000246|0000000000125965|0000000000000273|0000000000141258|090.11
17032026|542367|0000000000002175|0000000000198578|0000000000002398|0000000000222942|090.70
17032026|542383|0000000000006199|0000000001235461|0000000000011532|0000000002475469|053.75
17032026|542399|0000000000002938|0000000002109631|0000000000004720|0000000003407001|062.25
17032026|542437|0000000000003528|0000000000036974|0000000000004623|0000000000048509|076.31
17032026|542446|0000000000024105|0000000000066289|0000000000028926|0000000000079883|083.33
17032026|542459|0000000000002923|0000000000155767|0000000000003246|0000000000174420|090.05
17032026|542460|0000000000001593|0000000002463416|0000000000002969|0000000004618628|053.65
17032026|542484|0000000000003305|0000000001307458|0000000000007115|0000000002736470|046.45
17032026|542513|0000000000000311|0000000000026420|0000000000005311|0000000000448647|005.86
17032026|542543|0000000000800000|0000000063960000|0000000000875000|0000000070223500|091.43
17032026|542579|0000000000343832|0000000001375328|0000000000471115|0000000001904599|072.98
17032026|542580|0000000000000852|0000000000035554|0000000000000941|0000000000038685|090.54
17032026|542592|0000000000006250|0000000000105000|0000000000006250|0000000000106000|100.00
17032026|542597|0000000000005465|0000000002270161|0000000000013633|0000000005577678|040.09
17032026|542602|0000000000003067|0000000001294980|0000000000005156|0000000002183803|059.48
17032026|542627|0000000000005247|0000000000394387|0000000000005247|0000000000394387|100.00
17032026|542628|0000000000004572|0000000000509093|0000000000005961|0000000000667276|076.70
17032026|542649|0000000000228900|0000000061310865|0000000000546739|0000000146174356|041.87
17032026|542650|0000000000002032|0000000003773424|0000000000002733|0000000005058504|074.35
17032026|542651|0000000000027649|0000000018081064|0000000000083808|0000000053858027|032.99
17032026|542652|0000000000026039|0000000186680101|0000000000035587|0000000252921617|073.17
17032026|542654|0000000000020264|0000000000233036|0000000000020466|0000000000231448|099.01
17032026|542655|0000000000394958|0000000000493698|0000000000597570|0000000000745055|066.09
17032026|542665|0000000000000420|0000000000570759|0000000000000696|0000000000951692|060.34
17032026|542666|0000000000008503|0000000000048808|0000000000011209|0000000000065297|075.86
17032026|542668|0000000000043000|0000000002653530|0000000000055000|0000000003505220|078.18
17032026|542669|0000000000140063|0000000004637486|0000000000238807|0000000007843941|058.65
17032026|542670|0000000000003355|0000000000060290|0000000000005454|0000000000099076|061.51
17032026|542679|0000000000001246|0000000000202600|0000000000001246|0000000000202600|100.00
17032026|542682|0000000000000274|0000000000017030|0000000000000274|0000000000017037|100.00
17032026|542684|0000000000002438|0000000000454687|0000000000004130|0000000000768424|059.03
17032026|542685|0000000000072006|0000000001660459|0000000000072060|0000000001720322|099.92
17032026|542721|0000000000004846|0000000000311841|0000000000004846|0000000000311840|100.00
17032026|542724|0000000004567625|0000000000867848|0000000004567625|0000000000867848|100.00
17032026|542725|0000000000150308|0000000004770776|0000000000191031|0000000006080443|078.68
17032026|542726|0000000000004187|0000000008643225|0000000000007851|0000000016313504|053.33
17032026|542727|0000000000004450|0000000012892540|0000000000007300|0000000020248847|060.96
17032026|542729|0000000000003370|0000000000360590|0000000000003459|0000000000378993|097.43
17032026|542730|0000000000015484|0000000000869892|0000000000019787|0000000001105295|078.25
17032026|542747|0000000000008976|0000000000746175|0000000000011949|0000000000988286|075.12
17032026|542752|0000000000006631|0000000008561616|0000000000013790|0000000017814876|048.09
17032026|542758|0000000000011021|0000000000289632|0000000000017627|0000000000461086|062.52
17032026|542759|0000000000013040|0000000002628212|0000000000028320|0000000005745759|046.05
17032026|542760|0000000000045860|0000000007745754|0000000000099251|0000000016838103|046.21
17032026|542765|0000000000005500|0000000001166275|0000000000006000|0000000001275775|091.67
17032026|542770|0000000000003403|0000000000129110|0000000000005010|0000000000193468|067.92
17032026|542772|0000000000014676|0000000015304867|0000000000016476|0000000016999071|089.08
17032026|542773|0000000000003280|0000000000920040|0000000000012057|0000000003396938|027.20
17032026|542774|0000000000006677|0000000000691738|0000000000012988|0000000001314051|051.41
17032026|542802|0000000000066107|0000000000112382|0000000000079127|0000000000133299|083.55
17032026|542803|0000000000005733|0000000000243538|0000000000007338|0000000000306290|078.13
17032026|542812|0000000000000737|0000000002208568|0000000000001738|0000000005245871|042.40
17032026|542830|0000000000089703|0000000047277967|0000000000168543|0000000088529072|053.22
17032026|542850|0000000000134000|0000000000884400|0000000000146000|0000000000963980|091.78
17032026|542852|0000000000018444|0000000000095356|0000000000032789|0000000000169621|056.25
17032026|542857|0000000000003043|0000000000584409|0000000000004889|0000000000938011|062.24
17032026|542862|0000000000002151|0000000000045989|0000000000002153|0000000000044292|099.91
17032026|542863|0000000000000872|0000000000048963|0000000000001034|0000000000057471|084.33
17032026|542865|0000000000008693|0000000000101187|0000000000011885|0000000000136477|073.14
17032026|542867|0000000000008670|0000000003064412|0000000000023759|0000000008408726|036.49
17032026|542904|0000000000241795|0000000012421010|0000000000490504|0000000024986837|049.30
17032026|542905|0000000000003737|0000000000705359|0000000000006140|0000000001167246|060.86
17032026|542906|0000000000000001|0000000000000038|0000000000000001|0000000000000038|100.00
17032026|542907|0000000000004777|0000000001141226|0000000000006723|0000000001611199|071.05
17032026|542909|0000000000000325|0000000000508846|0000000000000442|0000000000690040|073.53
17032026|542910|0000000000001500|0000000000084750|0000000000001500|0000000000084750|100.00
17032026|542911|0000000000000001|0000000000000924|0000000000000001|0000000000000923|100.00
17032026|542918|0000000000000964|0000000000006737|0000000000000964|0000000000006737|100.00
17032026|542919|0000000000001406|0000000000311219|0000000000001845|0000000000407723|076.21
17032026|542920|0000000000011203|0000000004317077|0000000000021090|0000000008216128|053.12
17032026|542921|0000000000032565|0000000000687122|0000000000035093|0000000000738694|092.80
17032026|542922|0000000000001810|0000000001210872|0000000000001986|0000000001319998|091.14
17032026|542923|0000000000010000|0000000000042900|0000000000010000|0000000000042900|100.00
17032026|542934|0000000000030000|0000000001035000|0000000000031000|0000000000978050|096.77
17032026|543064|0000000000021882|0000000006586482|0000000000049240|0000000014714375|044.44
17032026|543065|0000000000004000|0000000000082000|0000000000004000|0000000000082000|100.00
17032026|543066|0000000000057557|0000000039887001|0000000000082491|0000000057109949|069.77
17032026|543071|0000000000000812|0000000000010735|0000000000000951|0000000000012616|085.38
17032026|543079|0000000000000002|0000000000000011|0000000000000003|0000000000000017|066.67
17032026|543087|0000000000000003|0000000000000624|0000000000000003|0000000000000619|100.00
17032026|543092|0000000000000038|0000000000000348|0000000000000038|0000000000000349|100.00
17032026|543110|0000000000000606|0000000000003685|0000000000000606|0000000000003685|100.00
17032026|543144|0000000000001970|0000000000010323|0000000000002545|0000000000012749|077.41
17032026|543150|0000000000003379|0000000000008786|0000000000005068|0000000000012853|066.67
17032026|543153|0000000000000001|0000000000000036|0000000000000002|0000000000000069|050.00
17032026|543161|0000000000000006|0000000000000825|0000000000000006|0000000000000795|100.00
17032026|543165|0000000000000001|0000000000000147|0000000000000001|0000000000000146|100.00
17032026|543167|0000000000007602|0000000000018245|0000000000007604|0000000000016359|099.97
17032026|543171|0000000000026498|0000000000033918|0000000000034716|0000000000046288|076.33
17032026|543172|0000000000000500|0000000000466975|0000000000000750|0000000000686125|066.67
17032026|543173|0000000000000991|0000000000012170|0000000000001238|0000000000015881|080.05
17032026|543174|0000000000001282|0000000000002988|0000000000001285|0000000000002979|099.77
17032026|543175|0000000000002780|0000000000010676|0000000000006087|0000000000021833|045.67
17032026|543176|0000000000000101|0000000000004668|0000000000000324|0000000000016800|031.17
17032026|543177|0000000000007798|0000000000050687|0000000000008991|0000000000057755|086.73
17032026|543178|0000000000000063|0000000000002243|0000000000000091|0000000000003261|069.23
17032026|543181|0000000000000297|0000000000007880|0000000000000298|0000000000007937|099.66
17032026|543182|0000000000000026|0000000000001024|0000000000000026|0000000000001023|100.00
17032026|543184|0000000000000043|0000000000001354|0000000000000043|0000000000001353|100.00
17032026|543186|0000000000000005|0000000000000027|0000000000000007|0000000000000037|071.43
17032026|543187|0000000000001344|0000000033225024|0000000000004999|0000000122314745|026.89
17032026|543193|0000000000012561|0000000001006653|0000000000012561|0000000001006653|100.00
17032026|543207|0000000000161898|0000000000772254|0000000000293603|0000000001393551|055.14
17032026|543208|0000000000483452|0000000001150616|0000000000487933|0000000001161733|099.08
17032026|543209|0000000000021000|0000000000555450|0000000000021000|0000000000548160|100.00
17032026|543210|0000000000000373|0000000000129431|0000000000000503|0000000000176460|074.16
17032026|543211|0000000000003549|0000000000135066|0000000000003549|0000000000135066|100.00
17032026|543212|0000000000010817|0000000002467358|0000000000013080|0000000003004870|082.70
17032026|543213|0000000000002461|0000000001041373|0000000000002958|0000000001269960|083.20
17032026|543214|0000000000000448|0000000000298704|0000000000000838|0000000000552602|053.46
17032026|543217|0000000000003550|0000000001629663|0000000000004538|0000000002076757|078.23
17032026|543218|0000000000001223|0000000000031786|0000000000001223|0000000000031771|100.00
17032026|543219|0000000000020987|0000000000545662|0000000000035534|0000000000923629|059.06
17032026|543220|0000000001346909|0000001314919912|0000000001422886|0000001389253386|094.66
17032026|543221|0000000000156385|0000000004954277|0000000000176377|0000000005595165|088.67
17032026|543223|0000000000000672|0000000000096231|0000000000001123|0000000000161938|059.84
17032026|543224|0000000000005086|0000000000285579|0000000000009951|0000000000557152|051.11
17032026|543225|0000000010375000|0000001615906250|0000000010375000|0000001615906250|100.00
17032026|543226|0000000000001065|0000000000060173|0000000000001580|0000000000088796|067.40
17032026|543227|0000000000031981|0000000012176766|0000000000107410|0000000040702031|029.77
17032026|543228|0000000000005043|0000000002247666|0000000000011547|0000000005159820|043.67
17032026|543229|0000000000000006|0000000000001086|0000000000000006|0000000000001157|100.00
17032026|543230|0000000000001772|0000000002738626|0000000000003721|0000000005774962|047.62
17032026|543232|0000000000495377|0000000313771792|0000000000592212|0000000376258313|083.65
17032026|543233|0000000000001502|0000000000221621|0000000000002245|0000000000334320|066.90
17032026|543234|0000000000000046|0000000000004964|0000000000000056|0000000000006067|082.14
17032026|543235|0000000000894247|0000000194051599|0000000001278298|0000000277450251|069.96
17032026|543236|0000000000000277|0000000000016030|0000000000000328|0000000000019131|084.45
17032026|543237|0000000000028957|0000000068450005|0000000000080146|0000000187192107|036.13
17032026|543238|0000000000002993|0000000002872682|0000000000005392|0000000005211833|055.51
17032026|543239|0000000000000700|0000000000045500|0000000000000700|0000000000045500|100.00
17032026|543240|0000000000004473|0000000000633154|0000000000005274|0000000000753423|084.81
17032026|543241|0000000000000200|0000000000015998|0000000000000200|0000000000015998|100.00
17032026|543242|0000000000012849|0000000001693499|0000000000030232|0000000003948575|042.50
17032026|543243|0000000000025543|0000000001426066|0000000000064097|0000000003600685|039.85
17032026|543244|0000000000004000|0000000000099600|0000000000004000|0000000000099600|100.00
17032026|543245|0000000000000364|0000000000595195|0000000000001297|0000000002107380|028.06
17032026|543248|0000000000106551|0000000006533708|0000000000130811|0000000007995160|081.45
17032026|543249|0000000000025095|0000000003035241|0000000000047732|0000000005783756|052.57
17032026|543250|0000000000000008|0000000000000515|0000000000000016|0000000000001024|050.00
17032026|543251|0000000000000171|0000000000006150|0000000000000209|0000000000007746|081.82
17032026|543252|0000000000000564|0000000000289784|0000000000000799|0000000000410316|070.59
17032026|543253|0000000000934326|0000000170327630|0000000000946672|0000000172780419|098.70
17032026|543254|0000000000014935|0000000006660264|0000000000018848|0000000008428747|079.24
17032026|543255|0000000000000397|0000000000364038|0000000000000926|0000000000842899|042.87
17032026|543256|0000000000009430|0000000000128437|0000000000010286|0000000000145091|091.68
17032026|543257|0000000000586521|0000000056745907|0000000000962229|0000000092807786|060.95
17032026|543258|0000000000159793|0000000121067167|0000000000163902|0000000124454048|097.49
17032026|543259|0000000000003578|0000000003526298|0000000000006584|0000000006528106|054.34
17032026|543260|0000000000002252|0000000001075218|0000000000005482|0000000002635746|041.08
17032026|543261|0000000000006228|0000000002078595|0000000000019485|0000000006458661|031.96
17032026|543262|0000000000031000|0000000002821000|0000000000032000|0000000002911870|096.88
17032026|543263|0000000000008628|0000000000558060|0000000000014571|0000000000940316|059.21
17032026|543264|0000000000000910|0000000000224816|0000000000000954|0000000000239577|095.39
17032026|543265|0000000000033982|0000000009251600|0000000000079415|0000000021598120|042.79
17032026|543266|0000000000003556|0000000000607010|0000000000005001|0000000000868121|071.11
17032026|543267|0000000000288240|0000000001150078|0000000000616371|0000000002411661|046.76
17032026|543268|0000000000004013|0000000000049039|0000000000005473|0000000000067290|073.32
17032026|543270|0000000000008453|0000000030624374|0000000000017306|0000000061971581|048.84
17032026|543271|0000000000010105|0000000005706799|0000000000014669|0000000008197617|068.89
17032026|543272|0000000000425799|0000000002908208|0000000000869558|0000000005954583|048.97
17032026|543273|0000000000001816|0000000002814437|0000000000002657|0000000004103731|068.35
17032026|543275|0000000000001700|0000000002100945|0000000000003552|0000000004400296|047.86
17032026|543276|0000000000001521|0000000010517792|0000000000002706|0000000018705359|056.21
17032026|543277|0000000000014417|0000000001660839|0000000000021103|0000000002459139|068.32
17032026|543278|0000000000045061|0000000017287653|0000000000097703|0000000037085097|046.12
17032026|543279|0000000000009247|0000000001172058|0000000000013986|0000000001783097|066.12
17032026|543280|0000000000008208|0000000001961712|0000000000018102|0000000004254366|045.34
17032026|543281|0000000000006765|0000000000018469|0000000000008782|0000000000023971|077.03
17032026|543283|0000000000001696|0000000000341660|0000000000002435|0000000000493096|069.65
17032026|543284|0000000000012345|0000000000973774|0000000000018157|0000000001445326|067.99
17032026|543285|0000000000006000|0000000000120680|0000000000006000|0000000000120680|100.00
17032026|543286|0000000000006000|0000000000171000|0000000000006000|0000000000171000|100.00
17032026|543287|0000000000343020|0000000288891444|0000000000367897|0000000310136080|093.24
17032026|543288|0000000000005722|0000000002019866|0000000000009563|0000000003334686|059.83
17032026|543290|0000000000089364|0000000008078506|0000000000124397|0000000011207988|071.84
17032026|543291|0000000000008550|0000000001360989|0000000000008550|0000000001360989|100.00
17032026|543292|0000000000002788|0000000000414409|0000000000004281|0000000000636272|065.12
17032026|543298|0000000000051018|0000000001492277|0000000000057842|0000000001690153|088.20
17032026|543299|0000000000005163|0000000004010877|0000000000022181|0000000017539217|023.28
17032026|543300|0000000000080923|0000000040643577|0000000000107753|0000000053420880|075.10
17032026|543306|0000000000000243|0000000000242903|0000000000000608|0000000000611156|039.97
17032026|543308|0000000000003125|0000000002059219|0000000000006042|0000000003920375|051.72
17032026|543309|0000000000012000|0000000000215280|0000000000012000|0000000000203640|100.00
17032026|543311|0000000000007577|0000000001048278|0000000000010355|0000000001442380|073.17
17032026|543317|0000000000000994|0000000000905684|0000000000001226|0000000001116833|081.08
17032026|543318|0000000000004562|0000000003146868|0000000000012293|0000000008530272|037.11
17032026|543320|0000000021641793|0000005079328818|0000000023196493|0000005446387524|093.30
17032026|543321|0000000000001277|0000000001486301|0000000000002133|0000000002479876|059.87
17032026|543322|0000000000001569|0000000001470153|0000000000003270|0000000003035687|047.98
17032026|543323|0000000000014215|0000000000378546|0000000000020837|0000000000552659|068.22
17032026|543324|0000000000000007|0000000000002537|0000000000000007|0000000000002537|100.00
17032026|543325|0000000000019027|0000000002221403|0000000000033464|0000000003902657|056.86
17032026|543326|0000000000044602|0000000002295219|0000000000057119|0000000002943691|078.09
17032026|543327|0000000000005569|0000000000037090|0000000000005752|0000000000038476|096.82
17032026|543328|0000000000003410|0000000002034918|0000000000004798|0000000002870370|071.07
17032026|543329|0000000000000775|0000000000561217|0000000000001179|0000000000847292|065.73
17032026|543330|0000000000063507|0000000006849230|0000000000150984|0000000016295603|042.06
17032026|543331|0000000000060513|0000000002511290|0000000000082522|0000000003444144|073.33
17032026|543332|0000000000002334|0000000001993703|0000000000003753|0000000003209594|062.19
17032026|543333|0000000000004730|0000000008150973|0000000000012444|0000000021357450|038.01
17032026|543334|0000000000003762|0000000001096247|0000000000006369|0000000001838941|059.07
17032026|543335|0000000000045168|0000000010004712|0000000000086806|0000000019312531|052.03
17032026|543336|0000000000007474|0000000001937635|0000000000011574|0000000002976388|064.58
17032026|543341|0000000000000198|0000000000002248|0000000000000198|0000000000002103|100.00
17032026|543347|0000000000000125|0000000000039464|0000000000000133|0000000000041817|093.98
17032026|543348|0000000000000024|0000000000003529|0000000000000026|0000000000003840|092.31
17032026|543349|0000000000007315|0000000016867659|0000000000019464|0000000044207672|037.58
17032026|543350|0000000000001887|0000000001768591|0000000000004562|0000000004269405|041.36
17032026|543351|0000000000016800|0000000001567440|0000000000020400|0000000001726080|082.35
17032026|543357|0000000000001160|0000000000128180|0000000000001164|0000000000127658|099.66
17032026|543358|0000000000001740|0000000003623811|0000000000004045|0000000008344770|043.02
17032026|543363|0000000000003400|0000000001358300|0000000000003800|0000000001534650|089.47
17032026|543364|0000000000007782|0000000001212047|0000000000012944|0000000002016871|060.12
17032026|543365|0000000000010914|0000000000735822|0000000000015015|0000000001010872|072.69
17032026|543366|0000000000004800|0000000000179040|0000000000006000|0000000000227880|080.00
17032026|543367|0000000000022536|0000000014535720|0000000000056461|0000000036136791|039.91
17032026|543373|0000000000004500|0000000001201050|0000000000006000|0000000001580300|075.00
17032026|543374|0000000000019491|0000000018673353|0000000000046732|0000000045385409|041.71
17032026|543375|0000000000005000|0000000000085000|0000000000005000|0000000000085625|100.00
17032026|543376|0000000000000185|0000000000013537|0000000000000283|0000000000020997|065.37
17032026|543378|0000000000008000|0000000002152400|0000000000008000|0000000002194050|100.00
17032026|543383|0000000000000852|0000000000094862|0000000000000987|0000000000110009|086.32
17032026|543384|0000000000032205|0000000007732421|0000000000098205|0000000023330149|032.79
17032026|543386|0000000000121830|0000000017208488|0000000000227625|0000000031991283|053.52
17032026|543387|0000000000003571|0000000005777164|0000000000005309|0000000008435811|067.26
17032026|543388|0000000000000118|0000000000037936|0000000000000118|0000000000037793|100.00
17032026|543389|0000000000052145|0000000000969376|0000000000077727|0000000001439747|067.09
17032026|543390|0000000000150397|0000000225302226|0000000000165519|0000000247163692|090.86
17032026|543391|0000000000004500|0000000000470250|0000000000006000|0000000000622012|075.00
17032026|543396|0000000000129334|0000000132218149|0000000000233583|0000000238039790|055.37
17032026|543397|0000000000005628|0000000000933686|0000000000025849|0000000004236753|021.77
17032026|543398|0000000000015975|0000000004413094|0000000000043752|0000000012219161|036.51
17032026|543399|0000000000006568|0000000001234456|0000000000007414|0000000001398456|088.59
17032026|543400|0000000000004000|0000000000015840|0000000000004000|0000000000015840|100.00
17032026|543401|0000000000278911|0000000066590002|0000000000292159|0000000071512209|095.47
17032026|543411|0000000000043686|0000000003283877|0000000000065813|0000000004994984|066.38
17032026|543412|0000000000005070|0000000002316990|0000000000008078|0000000003706769|062.76
17032026|543413|0000000000001412|0000000002431747|0000000000002382|0000000004090641|059.28
17032026|543414|0000000000037241|0000000000846116|0000000000056078|0000000001285042|066.41
17032026|543415|0000000000001352|0000000004144556|0000000000003229|0000000009870952|041.87
17032026|543416|0000000000001318|0000000000310060|0000000000001787|0000000000411311|073.75
17032026|543417|0000000000010538|0000000005084059|0000000000014539|0000000007048346|072.48
17032026|543418|0000000000000005|0000000000006570|0000000000000007|0000000000009193|071.43
17032026|543419|0000000000425225|0000000029506363|0000000000449357|0000000031473486|094.63
17032026|543420|0000000000000856|0000000000015237|0000000000000859|0000000000015178|099.65
17032026|543425|0000000000003532|0000000003071251|0000000000009009|0000000007911987|039.21
17032026|543426|0000000000003248|0000000002995306|0000000000005493|0000000005011594|059.13
17032026|543427|0000000000002173|0000000001781752|0000000000002426|0000000001989599|089.57
17032026|543428|0000000000014911|0000000049211519|0000000000052040|0000000168757902|028.65
17032026|543433|0000000000003156|0000000000098121|0000000000003804|0000000000118623|082.97
17032026|543434|0000000000001566|0000000000903974|0000000000005185|0000000003009488|030.20
17032026|543435|0000000000004150|0000000000160398|0000000000008300|0000000000310212|050.00
17032026|543436|0000000000000800|0000000000146000|0000000000000800|0000000000146000|100.00
17032026|543437|0000000000001213|0000000000114859|0000000000003021|0000000000286179|040.15
17032026|543438|0000000000000458|0000000000102226|0000000000000463|0000000000102957|098.92
17032026|543440|0000000000000578|0000000000142599|0000000000000786|0000000000193284|073.54
17032026|543441|0000000000011117|0000000003181686|0000000000020258|0000000005827903|054.88
17032026|543442|0000000000001096|0000000000254382|0000000000001103|0000000000257565|099.37
17032026|543449|0000000000000146|0000000000020265|0000000000000439|0000000000060390|033.26
17032026|543450|0000000000041757|0000000001080672|0000000000070746|0000000001821082|059.02
17032026|543451|0000000000018844|0000000000056421|0000000000018844|0000000000056421|100.00
17032026|543452|0000000000085170|0000000021375967|0000000000191013|0000000048203272|044.59
17032026|543453|0000000000018000|0000000001171080|0000000000028125|0000000001638135|064.00
17032026|543454|0000000000002377|0000000000356788|0000000000002534|0000000000378594|093.80
17032026|543458|0000000000178763|0000000031292464|0000000000460960|0000000080867879|038.78
17032026|543460|0000000000000500|0000000000027755|0000000000000500|0000000000027755|100.00
17032026|543461|0000000000020000|0000000000344000|0000000000020000|0000000000335400|100.00
17032026|543462|0000000000004922|0000000000137472|0000000000005632|0000000000151364|087.39
17032026|543463|0000000000010945|0000000003731151|0000000000026194|0000000008937152|041.78
17032026|543464|0000000000055000|0000000003911100|0000000000055000|0000000003911100|100.00
17032026|543465|0000000000006670|0000000000392863|0000000000006965|0000000000404178|095.76
17032026|543471|0000000000066177|0000000016599177|0000000000124077|0000000031332364|053.34
17032026|543472|0000000000002103|0000000000065761|0000000000002437|0000000000075893|086.29
17032026|543473|0000000000019248|0000000000287951|0000000000020812|0000000000308782|092.49
17032026|543474|0000000000017066|0000000000468633|0000000000025206|0000000000689106|067.71
17032026|543480|0000000000000004|0000000000000258|0000000000000006|0000000000000386|066.67
17032026|543481|0000000000442935|0000000009226337|0000000000520675|0000000010769646|085.07
17032026|543482|0000000000005338|0000000002295340|0000000000011353|0000000004892955|047.02
17032026|543489|0000000000010676|0000000000558035|0000000000020378|0000000001060444|052.39
17032026|543490|0000000000012668|0000000001306705|0000000000022709|0000000002343076|055.78
17032026|543498|0000000000534973|0000000020762303|0000000000965240|0000000037485221|055.42
17032026|543499|0000000000026342|0000000000146725|0000000000033178|0000000000189649|079.40
17032026|543500|0000000000060000|0000000000151200|0000000000084000|0000000000218240|071.43
17032026|543501|0000000000000014|0000000000000500|0000000000000016|0000000000000567|087.50
17032026|543512|0000000000010382|0000000001368348|0000000000011415|0000000001520145|090.95
17032026|543513|0000000000005535|0000000000119556|0000000000006276|0000000000137741|088.19
17032026|543514|0000000000008400|0000000001132320|0000000000010678|0000000001463344|078.67
17032026|543515|0000000000007125|0000000000435552|0000000000007125|0000000000435551|100.00
17032026|543516|0000000000117600|0000000000934920|0000000000140000|0000000001100932|084.00
17032026|543517|0000000000007150|0000000002192190|0000000000012560|0000000003884891|056.93
17032026|543520|0000000000028000|0000000000427170|0000000000028000|0000000000427170|100.00
17032026|543523|0000000000027930|0000000006409935|0000000000031162|0000000007276079|089.63
17032026|543524|0000000000001056|0000000001191063|0000000000001958|0000000002197315|053.93
17032026|543525|0000000000024424|0000000002582838|0000000000038800|0000000004118556|062.95
17032026|543526|0000000000017549|0000000013645225|0000000000037960|0000000029554302|046.23
17032026|543527|0000000000000335|0000000000763449|0000000000000652|0000000001468719|051.38
17032026|543528|0000000000001251|0000000001156863|0000000000002072|0000000001925720|060.38
17032026|543529|0000000000021452|0000000008626922|0000000000054386|0000000021961241|039.44
17032026|543530|0000000000056660|0000000006360085|0000000000155711|0000000017417539|036.39
17032026|543531|0000000000000594|0000000000021723|0000000000000730|0000000000026943|081.37
17032026|543532|0000000000000704|0000000001435140|0000000000001175|0000000002378258|059.91
17032026|543533|0000000000001891|0000000000772001|0000000000002949|0000000001200915|064.12
17032026|543534|0000000000203478|0000000204566608|0000000000212634|0000000216573483|095.69
17032026|543535|0000000000000785|0000000000029823|0000000000003384|0000000000139081|023.20
17032026|543538|0000000000002000|0000000000023980|0000000000004000|0000000000044200|050.00
17032026|543539|0000000000001059|0000000000319818|0000000000001067|0000000000331306|099.25
17032026|543540|0000000000010200|0000000001177590|0000000000014400|0000000001686270|070.83
17032026|543542|0000000000003000|0000000003341550|0000000000016600|0000000018807150|018.07
17032026|543543|0000000000001600|0000000001331200|0000000000001600|0000000001331200|100.00
17032026|543544|0000000000003750|0000000000208500|0000000000004500|0000000000248430|083.33
17032026|543545|0000000000083500|0000000000054275|0000000000116900|0000000000074315|071.43
17032026|543546|0000000000030000|0000000000169500|0000000000032000|0000000000181920|093.75
17032026|543547|0000000000005908|0000000001334913|0000000000008549|0000000001955335|069.11
17032026|543563|0000000000001943|0000000000083433|0000000000002731|0000000000117315|071.15
17032026|543568|0000000000023293|0000000000685048|0000000000047196|0000000001383216|049.35
17032026|543569|0000000000001648|0000000000042008|0000000000002443|0000000000060974|067.46
17032026|543570|0000000000005707|0000000000378945|0000000000006336|0000000000417224|090.07
17032026|543571|0000000000002081|0000000000189580|0000000000002590|0000000000234790|080.35
17032026|543572|0000000000077964|0000000018731631|0000000000081306|0000000019566027|095.89
17032026|543573|0000000000058976|0000000045084204|0000000000125159|0000000094865366|047.12
17032026|543574|0000000000005556|0000000000110565|0000000000006713|0000000000132873|082.76
17032026|543575|0000000000000216|0000000000006355|0000000000000226|0000000000006581|095.58
17032026|543576|0000000000010653|0000000001202298|0000000000011840|0000000001329190|089.97
17032026|543577|0000000000000060|0000000000011032|0000000000000076|0000000000014017|078.95
17032026|543590|0000000000015529|0000000000385275|0000000000022769|0000000000567182|068.20
17032026|543591|0000000000012883|0000000000899878|0000000000018504|0000000001296624|069.62
17032026|543592|0000000000096438|0000000023279169|0000000000214893|0000000052078474|044.88
17032026|543593|0000000000023730|0000000002295878|0000000000025008|0000000002473536|094.89
17032026|543594|0000000000081000|0000000000733050|0000000000096000|0000000000870690|084.38
17032026|543596|0000000000003779|0000000002302923|0000000000007293|0000000004447528|051.82
17032026|543597|0000000000017500|0000000005851125|0000000000024250|0000000008080612|072.16
17032026|543599|0000000000002377|0000000000641196|0000000000003059|0000000000837010|077.71
17032026|543600|0000000000000386|0000000000131337|0000000000000589|0000000000201158|065.53
17032026|543605|0000000000000411|0000000000022532|0000000000000699|0000000000038155|058.80
17032026|543606|0000000000003000|0000000000042270|0000000000012000|0000000000168820|025.00
17032026|543607|0000000000000980|0000000000109584|0000000000001725|0000000000192609|056.81
17032026|543608|0000000000000043|0000000000005509|0000000000000110|0000000000013980|039.09
17032026|543613|0000000000012000|0000000000084000|0000000000012000|0000000000084000|100.00
17032026|543614|0000000000000099|0000000000031522|0000000000000116|0000000000037620|085.34
17032026|543615|0000000000014400|0000000001197072|0000000000021600|0000000001781080|066.67
17032026|543616|0000000000045000|0000000010705500|0000000000061200|0000000014600040|073.53
17032026|543618|0000000000006000|0000000000886500|0000000000010500|0000000001573875|057.14
17032026|543619|0000000000006800|0000000013606800|0000000000011200|0000000022130520|060.71
17032026|543620|0000000000197207|0000000018369833|0000000000279898|0000000026250262|070.46
17032026|543621|0000000000008000|0000000000180960|0000000000008000|0000000000180960|100.00
17032026|543622|0000000000021600|0000000001419552|0000000000026400|0000000001740528|081.82
17032026|543626|0000000000006155|0000000000560721|0000000000015870|0000000001448336|038.78
17032026|543627|0000000000000342|0000000000006796|0000000000000542|0000000000010612|063.10
17032026|543628|0000000000003900|0000000000113646|0000000000006053|0000000000175737|064.43
17032026|543635|0000000000031677|0000000004406271|0000000000074501|0000000010373559|042.52
17032026|543636|0000000000001721|0000000000447891|0000000000002709|0000000000696457|063.53
17032026|543637|0000000000042000|0000000000613200|0000000000043200|0000000000626844|097.22
17032026|543638|0000000000011233|0000000000359120|0000000000014721|0000000000472822|076.31
17032026|543643|0000000000004146|0000000000138809|0000000000007971|0000000000263146|052.01
17032026|543644|0000000000011747|0000000001554716|0000000000028206|0000000003716389|041.65
17032026|543645|0000000000000103|0000000000011742|0000000000000103|0000000000011742|100.00
17032026|543650|0000000000031703|0000000005364148|0000000000058026|0000000009813928|054.64
17032026|543652|0000000000050830|0000000008094678|0000000000070148|0000000011089017|072.46
17032026|543653|0000000000002814|0000000001734128|0000000000003819|0000000002364016|073.68
17032026|543654|0000000000006488|0000000006721568|0000000000010658|0000000011068272|060.87
17032026|543655|0000000000200000|0000000023800000|0000000000200000|0000000023781250|100.00
17032026|543656|0000000000004000|0000000000058000|0000000000004000|0000000000058000|100.00
17032026|543657|0000000000001069|0000000000608582|0000000000002963|0000000001687464|036.08
17032026|543663|0000000000021329|0000000007569663|0000000000051010|0000000018035848|041.81
17032026|543664|0000000000034787|0000000126487272|0000000000098465|0000000355550995|035.33
17032026|543665|0000000000005961|0000000000182705|0000000000009487|0000000000288349|062.83
17032026|543666|0000000000012778|0000000000339384|0000000000018200|0000000000480333|070.21
17032026|543667|0000000000026122|0000000003638795|0000000000044102|0000000006162216|059.23
17032026|543669|0000000000004882|0000000001861019|0000000000005568|0000000002102609|087.68
17032026|543670|0000000000017100|0000000000019323|0000000000024553|0000000000027749|069.65
17032026|543671|0000000000000351|0000000000032889|0000000000000362|0000000000033992|096.96
17032026|543677|0000000000001932|0000000000057960|0000000000004592|0000000000137696|042.07
17032026|543686|0000000000019694|0000000008430017|0000000000025273|0000000010611338|077.92
17032026|543687|0000000000001927|0000000000461902|0000000000002431|0000000000581992|079.27
17032026|543688|0000000000245716|0000000000764177|0000000000303493|0000000000952499|080.96
17032026|543689|0000000000001594|0000000000717540|0000000000002403|0000000001090271|066.33
17032026|543699|0000000000000600|0000000000763632|0000000000000600|0000000000763632|100.00
17032026|543709|0000000000017500|0000000015426250|0000000000022875|0000000020067675|076.50
17032026|543710|0000000000002251|0000000000217987|0000000000002615|0000000000251317|086.08
17032026|543711|0000000000025436|0000000003854826|0000000000040707|0000000006215649|062.49
17032026|543712|0000000000000260|0000000000052260|0000000000000260|0000000000052270|100.00
17032026|543713|0000000000070000|0000000002286900|0000000000132000|0000000004357820|053.03
17032026|543714|0000000000003822|0000000001360250|0000000000004277|0000000001545500|089.36
17032026|543720|0000000000014155|0000000012750117|0000000000027965|0000000025132240|050.62
17032026|543725|0000000000035945|0000000004318792|0000000000037946|0000000004536115|094.73
17032026|543732|0000000000019778|0000000000676210|0000000000022806|0000000000801896|086.72
17032026|543737|0000000000000002|0000000000001025|0000000000000002|0000000000001024|100.00
17032026|543738|0000000000002497|0000000000139708|0000000000002497|0000000000139185|100.00
17032026|543743|0000000000000113|0000000000007006|0000000000000113|0000000000007346|100.00
17032026|543745|0000000000012000|0000000000120000|0000000000024000|0000000000247800|050.00
17032026|543747|0000000000058919|0000000000250995|0000000000065466|0000000000281475|090.00
17032026|543748|0000000000018097|0000000011712379|0000000000023000|0000000014850234|078.68
17032026|543754|0000000000004800|0000000000451200|0000000000004800|0000000000444000|100.00
17032026|543765|0000000000057000|0000000000900600|0000000000057000|0000000000899250|100.00
17032026|543766|0000000000009129|0000000003100209|0000000000044292|0000000015287211|020.61
17032026|543767|0000000000023926|0000000000161022|0000000000025299|0000000000170545|094.57
17032026|543768|0000000000207712|0000000007679113|0000000000347820|0000000012655298|059.72
17032026|543774|0000000000001967|0000000000068727|0000000000002240|0000000000078040|087.81
17032026|543775|0000000000027031|0000000004061408|0000000000041353|0000000006202152|065.37
17032026|543776|0000000000036674|0000000000756952|0000000000054424|0000000001118662|067.39
17032026|543781|0000000000031767|0000000004776487|0000000000047425|0000000007127867|066.98
17032026|543782|0000000000003780|0000000001274049|0000000000005220|0000000001763730|072.41
17032026|543787|0000000000000660|0000000000559680|0000000000000660|0000000000557535|100.00
17032026|543798|0000000000044000|0000000000090200|0000000000044000|0000000000090200|100.00
17032026|543805|0000000000003000|0000000000167880|0000000000003000|0000000000166447|100.00
17032026|543806|0000000000009000|0000000002489400|0000000000021200|0000000005918490|042.45
17032026|543811|0000000000022329|0000000000340964|0000000000023548|0000000000358530|094.82
17032026|543812|0000000000000497|0000000000333686|0000000000000893|0000000000600265|055.66
17032026|543813|0000000000000100|0000000000099999|0000000000000100|0000000000099999|100.00
17032026|543819|0000000000012987|0000000001128051|0000000000023272|0000000002007769|055.81
17032026|543828|0000000000148000|0000000003467640|0000000000244000|0000000005790800|060.66
17032026|543829|0000000000001731|0000000000106665|0000000000001815|0000000000113251|095.37
17032026|543831|0000000000001500|0000000000585000|0000000000001500|0000000000587587|100.00
17032026|543848|0000000000003000|0000000000272210|0000000000003000|0000000000272210|100.00
17032026|543853|0000000000000211|0000000000016676|0000000000000212|0000000000016512|099.53
17032026|543858|0000000000000023|0000000000004516|0000000000000023|0000000000004512|100.00
17032026|543860|0000000000000779|0000000000061397|0000000000000779|0000000000061397|100.00
17032026|543861|0000000000001812|0000000000041807|0000000000001812|0000000000041807|100.00
17032026|543874|0000000000003000|0000000000230430|0000000000004000|0000000000307250|075.00
17032026|543875|0000000000000001|0000000000000030|0000000000000001|0000000000000029|100.00
17032026|543895|0000000000011250|0000000004973063|0000000000014250|0000000006349200|078.95
17032026|543896|0000000000002517|0000000002271719|0000000000007550|0000000006863959|033.34
17032026|543898|0000000000003110|0000000000519837|0000000000005580|0000000000924409|055.73
17032026|543899|0000000003050000|0000000430812500|0000000003050000|0000000430812500|100.00
17032026|543900|0000000000012103|0000000002939940|0000000000021423|0000000005214403|056.50
17032026|543901|0000000000009989|0000000001711116|0000000000010003|0000000001727057|099.86
17032026|543903|0000000000000791|0000000000118793|0000000000001658|0000000000249646|047.71
17032026|543904|0000000000070482|0000000145718011|0000000000081271|0000000168538766|086.72
17032026|543905|0000000000004000|0000000000044744|0000000000004000|0000000000044744|100.00
17032026|543910|0000000000003826|0000000000615604|0000000000008678|0000000001373885|044.09
17032026|543911|0000000000027847|0000000000622102|0000000000036582|0000000000816403|076.12
17032026|543912|0000000000000964|0000000000091870|0000000000001480|0000000000142175|065.14
17032026|543913|0000000000211918|0000000033046493|0000000000213264|0000000032746854|099.37
17032026|543914|0000000000004339|0000000000131385|0000000000006126|0000000000181195|070.83
17032026|543915|0000000000014328|0000000000255469|0000000000014408|0000000000258407|099.44
17032026|543916|0000000000005200|0000000001386060|0000000000005600|0000000001499480|092.86
17032026|543917|0000000000002883|0000000000115320|0000000000003567|0000000000142605|080.82
17032026|543918|0000000000088983|0000000006519785|0000000000092040|0000000006671525|096.68
17032026|543919|0000000000025136|0000000000125178|0000000000028247|0000000000143217|088.99
17032026|543920|0000000000055200|0000000029115240|0000000000064600|0000000033614240|085.45
17032026|543921|0000000000001000|0000000000037010|0000000000002000|0000000000074020|050.00
17032026|543922|0000000000010457|0000000002563743|0000000000017533|0000000004334457|059.64
17032026|543923|0000000000003669|0000000000434777|0000000000005936|0000000000712851|061.81
17032026|543924|0000000000006000|0000000000276000|0000000000012000|0000000000571500|050.00
17032026|543926|0000000000002000|0000000001791060|0000000000002000|0000000001791060|100.00
17032026|543927|0000000000001116|0000000000041058|0000000000001128|0000000000041505|098.94
17032026|543928|0000000000027200|0000000017148240|0000000000041500|0000000026698035|065.54
17032026|543929|0000000000004215|0000000000100317|0000000000004917|0000000000116220|085.72
17032026|543930|0000000000000664|0000000000085524|0000000000000855|0000000000110854|077.66
17032026|543931|0000000000019000|0000000004847850|0000000000026800|0000000006816700|070.90
17032026|543932|0000000000413618|0000000180130639|0000000001008441|0000000434387763|041.02
17032026|543933|0000000000807456|0000000240904498|0000000002225768|0000000717694311|036.28
17032026|543935|0000000000000558|0000000000016936|0000000000000798|0000000000024135|069.92
17032026|543936|0000000000006163|0000000001820243|0000000000011954|0000000003500690|051.56
17032026|543939|0000000000018500|0000000003102450|0000000000024000|0000000003980650|077.08
17032026|543940|0000000000235326|0000000055913458|0000000000476573|0000000112750558|049.38
17032026|543941|0000000000002000|0000000000125340|0000000000003600|0000000000227100|055.56
17032026|543942|0000000000193504|0000000002316243|0000000000349604|0000000004209087|055.35
17032026|543943|0000000000039000|0000000005885100|0000000000062000|0000000009546250|062.90
17032026|543944|0000000000000191|0000000000106160|0000000000000308|0000000000170344|062.01
17032026|543945|0000000000020288|0000000067022423|0000000000062077|0000000203603888|032.68
17032026|543946|0000000000006077|0000000006077000|0000000000006916|0000000006916002|087.87
17032026|543947|0000000000000406|0000000000031599|0000000000000431|0000000000033397|094.20
17032026|543948|0000000000004761|0000000000410542|0000000000006760|0000000000578850|070.43
17032026|543949|0000000000007078|0000000000187214|0000000000007282|0000000000191691|097.20
17032026|543950|0000000000006126|0000000004026620|0000000000012984|0000000008529961|047.18
17032026|543952|0000000000003304|0000000000955022|0000000000005082|0000000001473410|065.01
17032026|543953|0000000000021000|0000000014967750|0000000000029500|0000000020930787|071.19
17032026|543954|0000000000009654|0000000000219919|0000000000011278|0000000000259514|085.60
17032026|543955|0000000000010507|0000000000257317|0000000000013203|0000000000328368|079.58
17032026|543956|0000000000001538|0000000000030284|0000000000001590|0000000000031101|096.73
17032026|543957|0000000000009382|0000000001094411|0000000000017720|0000000002039123|052.95
17032026|543958|0000000000027404|0000000000332959|0000000000037946|0000000000466958|072.22
17032026|543959|0000000000070732|0000000006344661|0000000000106131|0000000009551372|066.65
17032026|543960|0000000000002896|0000000003270888|0000000000008126|0000000009323782|035.64
17032026|543962|0000000000003968|0000000000551156|0000000000004534|0000000000629770|087.52
17032026|543963|0000000000006000|0000000000192000|0000000000006000|0000000000190500|100.00
17032026|543965|0000000000040082|0000000004083443|0000000000040082|0000000004083443|100.00
17032026|543969|0000000000000690|0000000000098705|0000000000000692|0000000000100009|099.71
17032026|543971|0000000000083600|0000000023119580|0000000000153800|0000000042840180|054.36
17032026|543972|0000000000057327|0000000014443538|0000000000145959|0000000036310119|039.28
17032026|543973|0000000000001282|0000000001348985|0000000000001283|0000000001363326|099.92
17032026|543974|0000000000032671|0000000001193472|0000000000065764|0000000002412389|049.68
17032026|543976|0000000000012256|0000000000342556|0000000000023113|0000000000656078|053.03
17032026|543977|0000000000002382|0000000000956135|0000000000003835|0000000001568887|062.11
17032026|543978|0000000000042772|0000000006529146|0000000000070988|0000000010571903|060.25
17032026|543980|0000000000000027|0000000000033956|0000000000000043|0000000000054151|062.79
17032026|543981|0000000000003794|0000000005281248|0000000000006990|0000000009668844|054.28
17032026|543982|0000000000012800|0000000001811840|0000000000013400|0000000001896070|095.52
17032026|543983|0000000000020469|0000000005710851|0000000000034097|0000000009519723|060.03
17032026|543984|0000000000016415|0000000002458967|0000000000029805|0000000004461863|055.07
17032026|543985|0000000000036423|0000000007778132|0000000000068067|0000000014738047|053.51
17032026|543986|0000000000001946|0000000000370616|0000000000002790|0000000000530504|069.75
17032026|543988|0000000000012723|0000000014721784|0000000000020464|0000000023687992|062.17
17032026|543989|0000000000015879|0000000001559318|0000000000021841|0000000002135717|072.70
17032026|543990|0000000000001837|0000000001458395|0000000000017654|0000000013947704|010.41
17032026|543991|0000000000006400|0000000000692160|0000000000007600|0000000000828440|084.21
17032026|543992|0000000000020495|0000000002046426|0000000000051631|0000000005212162|039.70
17032026|543993|0000000000002130|0000000000346445|0000000000002516|0000000000401787|084.66
17032026|543994|0000000000044789|0000000011327139|0000000000095692|0000000024373324|046.81
17032026|543995|0000000000002707|0000000000400095|0000000000003720|0000000000553571|072.77
17032026|543996|0000000000012726|0000000001791821|0000000000020600|0000000002872098|061.78
17032026|543997|0000000000001800|0000000000438300|0000000000001800|0000000000432300|100.00
17032026|543998|0000000000001530|0000000000078199|0000000000002146|0000000000110832|071.30
17032026|543999|0000000000002193|0000000000171186|0000000000002717|0000000000211111|080.71
17032026|544001|0000000000007125|0000000007236863|0000000000011750|0000000011911268|060.64
17032026|544003|0000000000005284|0000000000178864|0000000000006805|0000000000236676|077.65
17032026|544004|0000000000003156|0000000000625993|0000000000004505|0000000000905420|070.06
17032026|544006|0000000000110799|0000000003348346|0000000000114418|0000000003450846|096.84
17032026|544007|0000000000117258|0000000002780188|0000000000122464|0000000002896234|095.75
17032026|544008|0000000000004878|0000000001785105|0000000000005639|0000000002050748|086.50
17032026|544009|0000000000014359|0000000005056522|0000000000028844|0000000010318971|049.78
17032026|544010|0000000000000097|0000000000097001|0000000000000097|0000000000096999|100.00
17032026|544012|0000000000013287|0000000005154692|0000000000026466|0000000010332684|050.20
17032026|544013|0000000000015000|0000000000570000|0000000000015000|0000000000462000|100.00
17032026|544014|0000000000004837|0000000001276001|0000000000009784|0000000002584594|049.44
17032026|544020|0000000000033618|0000000000780610|0000000000040042|0000000000935688|083.96
17032026|544021|0000000000021847|0000000011179110|0000000000038730|0000000019939802|056.41
17032026|544022|0000000000001745|0000000000707162|0000000000003842|0000000001564454|045.42
17032026|544023|0000000000003250|0000000001631500|0000000000003250|0000000001619487|100.00
17032026|544025|0000000000001200|0000000000084000|0000000000001200|0000000000084030|100.00
17032026|544026|0000000000120563|0000000014009421|0000000000288864|0000000033316703|041.74
17032026|544027|0000000000013092|0000000001705233|0000000000024870|0000000003212374|052.64
17032026|544028|0000000000064264|0000000033719321|0000000000119490|0000000062891204|053.78
17032026|544029|0000000000023125|0000000003020125|0000000000034738|0000000004472679|066.57
17032026|544030|0000000000001521|0000000000457593|0000000000002523|0000000000756380|060.29
17032026|544035|0000000000142400|0000000002990400|0000000000145600|0000000003028560|097.80
17032026|544036|0000000000004000|0000000000337000|0000000000004000|0000000000336960|100.00
17032026|544037|0000000000001300|0000000001668030|0000000000002700|0000000003458800|048.15
17032026|544042|0000000000570158|0000000099977206|0000000001684426|0000000297173464|033.85
17032026|544043|0000000000000117|0000000000017550|0000000000000145|0000000000021746|080.69
17032026|544044|0000000000003035|0000000002111298|0000000000003956|0000000002751415|076.72
17032026|544045|0000000000071584|0000000154335104|0000000000074738|0000000160967349|095.78
17032026|544046|0000000000000626|0000000000721966|0000000000003261|0000000003804123|019.20
17032026|544047|0000000000105000|0000000003598350|0000000000120000|0000000004122570|087.50
17032026|544052|0000000000002000|0000000000042000|0000000000002000|0000000000042000|100.00
17032026|544053|0000000000036625|0000000000474294|0000000000067981|0000000000881510|053.88
17032026|544054|0000000000014938|0000000003011501|0000000000018172|0000000003599270|082.20
17032026|544055|0000000000006107|0000000000903836|0000000000008211|0000000001204950|074.38
17032026|544056|0000000000009600|0000000000160704|0000000000009600|0000000000160128|100.00
17032026|544057|0000000000004463|0000000005740981|0000000000008544|0000000010918513|052.24
17032026|544058|0000000000006227|0000000000465780|0000000000007091|0000000000532766|087.82
17032026|544059|0000000000004000|0000000000208000|0000000000004000|0000000000208000|100.00
17032026|544060|0000000000013763|0000000001599261|0000000000014069|0000000001631121|097.82
17032026|544061|0000000000003361|0000000005045198|0000000000006078|0000000009168384|055.30
17032026|544066|0000000000000822|0000000001083109|0000000000000893|0000000001169991|092.05
17032026|544067|0000000000000384|0000000000273888|0000000000000480|0000000000342156|080.00
17032026|544072|0000000000001600|0000000000036800|0000000000001600|0000000000036800|100.00
17032026|544073|0000000000001000|0000000000072500|0000000000001000|0000000000072500|100.00
17032026|544074|0000000000004800|0000000000408000|0000000000005400|0000000000469320|088.89
17032026|544079|0000000000001903|0000000000039183|0000000000001966|0000000000040487|096.80
17032026|544081|0000000000172035|0000000128690782|0000000000724901|0000000548940823|023.73
17032026|544082|0000000000020000|0000000000850000|0000000000020000|0000000000842000|100.00
17032026|544083|0000000000001500|0000000000073950|0000000000001500|0000000000075005|100.00
17032026|544088|0000000000004733|0000000001511247|0000000000009962|0000000003155826|047.51
17032026|544089|0000000000450332|0000000050964073|0000000000594500|0000000067278615|075.75
17032026|544090|0000000000000003|0000000000002415|0000000000000005|0000000000004008|060.00
17032026|544091|0000000000000800|0000000000268000|0000000000000800|0000000000255200|100.00
17032026|544092|0000000000000617|0000000000148864|0000000000001107|0000000000265176|055.74
17032026|544093|0000000000001693|0000000000093606|0000000000001730|0000000000094861|097.86
17032026|544094|0000000000008400|0000000000258300|0000000000008400|0000000000258060|100.00
17032026|544095|0000000000016389|0000000003984986|0000000000028354|0000000006882590|057.80
17032026|544100|0000000000123850|0000000003309272|0000000000124017|0000000003320510|099.87
17032026|544101|0000000000001600|0000000000117600|0000000000001600|0000000000117600|100.00
17032026|544102|0000000000000001|0000000000000302|0000000000000001|0000000000000301|100.00
17032026|544103|0000000000000003|0000000000000193|0000000000000003|0000000000000192|100.00
17032026|544104|0000000000000501|0000000000013287|0000000000000501|0000000000013286|100.00
17032026|544105|0000000000006000|0000000000516000|0000000000007500|0000000000633000|080.00
17032026|544107|0000000000156154|0000000022181676|0000000000166253|0000000023766808|093.93
17032026|544108|0000000000018000|0000000003132000|0000000000021600|0000000003782460|083.33
17032026|544110|0000000000000609|0000000000053343|0000000000001248|0000000000108021|048.80
17032026|544111|0000000000008849|0000000000970293|0000000000015277|0000000001647375|057.92
17032026|544112|0000000000001035|0000000000514240|0000000000001189|0000000000576885|087.05
17032026|544117|0000000000001561|0000000000358718|0000000000001578|0000000000363759|098.92
17032026|544118|0000000000003793|0000000001303086|0000000000008083|0000000002801739|046.93
17032026|544119|0000000000000329|0000000000114641|0000000000000999|0000000000347700|032.93
17032026|544120|0000000000000739|0000000000170266|0000000000000904|0000000000210783|081.75
17032026|544121|0000000000004000|0000000000248000|0000000000004000|0000000000246200|100.00
17032026|544122|0000000000009855|0000000010098419|0000000000010552|0000000010663794|093.39
17032026|544123|0000000000000590|0000000000032816|0000000000000590|0000000000032802|100.00
17032026|544124|0000000000001568|0000000000169736|0000000000002216|0000000000238550|070.76
17032026|544129|0000000000004088|0000000000824959|0000000000005742|0000000001164103|071.19
17032026|544130|0000000000133829|0000000005270187|0000000000161588|0000000006352131|082.82
17032026|544131|0000000000005440|0000000000660688|0000000000005988|0000000000730061|090.85
17032026|544132|0000000000223293|0000000005452816|0000000000377369|0000000009228059|059.17
17032026|544133|0000000000033217|0000000002950667|0000000000101389|0000000009320425|032.76
17032026|544134|0000000000003470|0000000000702675|0000000000004442|0000000000902633|078.12
17032026|544135|0000000000001527|0000000000032648|0000000000001742|0000000000037050|087.66
17032026|544136|0000000000002985|0000000000266621|0000000000003768|0000000000335006|079.22
17032026|544137|0000000000003151|0000000000391922|0000000000003735|0000000000462607|084.36
17032026|544138|0000000000000875|0000000000290194|0000000000001733|0000000000570507|050.49
17032026|544140|0000000000007499|0000000002051352|0000000000010634|0000000002886917|070.52
17032026|544141|0000000000008000|0000000001816000|0000000000010400|0000000002358040|076.92
17032026|544142|0000000000036215|0000000001516323|0000000000049736|0000000002068244|072.81
17032026|544144|0000000000000159|0000000000014040|0000000000000219|0000000000019226|072.60
17032026|544149|0000000000000123|0000000000067681|0000000000000156|0000000000086135|078.85
17032026|544150|0000000000052750|0000000017948188|0000000000076750|0000000026655175|068.73
17032026|544151|0000000000035000|0000000002434950|0000000000046000|0000000003229330|076.09
17032026|544156|0000000000022500|0000000000304875|0000000000030000|0000000000427575|075.00
17032026|544157|0000000000000500|0000000000102500|0000000000000500|0000000000102500|100.00
17032026|544158|0000000000016348|0000000006293980|0000000000017810|0000000006835083|091.79
17032026|544159|0000000000008882|0000000009927234|0000000000009192|0000000010273718|096.63
17032026|544160|0000000000011200|0000000000173040|0000000000020800|0000000000310848|053.85
17032026|544161|0000000000000905|0000000000903190|0000000000001119|0000000001109996|080.88
17032026|544162|0000000000005769|0000000008832628|0000000000008741|0000000013340622|066.00
17032026|544163|0000000000018000|0000000001636020|0000000000022000|0000000001876550|081.82
17032026|544165|0000000000042000|0000000004630350|0000000000042000|0000000004630350|100.00
17032026|544166|0000000000009600|0000000001261440|0000000000019200|0000000002512320|050.00
17032026|544167|0000000000005256|0000000001272741|0000000000010890|0000000002621270|048.26
17032026|544168|0000000000002000|0000000000057560|0000000000003000|0000000000085410|066.67
17032026|544171|0000000000004800|0000000000170400|0000000000004800|0000000000172000|100.00
17032026|544172|0000000000010439|0000000004512780|0000000000024047|0000000010426214|043.41
17032026|544174|0000000000303871|0000000357640974|0000000000307900|0000000364530359|098.69
17032026|544175|0000000000003600|0000000000287568|0000000000003600|0000000000293700|100.00
17032026|544176|0000000000008309|0000000003994137|0000000000015607|0000000007429597|053.24
17032026|544177|0000000000012000|0000000001054920|0000000000017000|0000000001476890|070.59
17032026|544179|0000000000001965|0000000000649826|0000000000003315|0000000001106919|059.28
17032026|544180|0000000000006296|0000000000282628|0000000000007809|0000000000348106|080.62
17032026|544181|0000000000017593|0000000004867984|0000000000033186|0000000008994071|053.01
17032026|544182|0000000000014000|0000000015023680|0000000000014933|0000000016024900|093.75
17032026|544183|0000000000002000|0000000000196000|0000000000002000|0000000000196000|100.00
17032026|544184|0000000000001279|0000000000134040|0000000000001606|0000000000169205|079.64
17032026|544185|0000000000000160|0000000000008234|0000000000000228|0000000000011890|070.18
17032026|544186|0000000000009042|0000000001047064|0000000000010783|0000000001225708|083.85
17032026|544187|0000000000004360|0000000000495950|0000000000007152|0000000000816148|060.96
17032026|544189|0000000000000500|0000000000202000|0000000000000500|0000000000202000|100.00
17032026|544191|0000000000011225|0000000000617712|0000000000012465|0000000000691436|090.05
17032026|544192|0000000000039711|0000000006502677|0000000000066678|0000000010885317|059.56
17032026|544193|0000000000227321|0000000002318675|0000000000284732|0000000002882225|079.84
17032026|544194|0000000000009902|0000000000101595|0000000000011275|0000000000113972|087.82
17032026|544195|0000000000008000|0000000000135200|0000000000008000|0000000000130040|100.00
17032026|544196|0000000000000054|0000000000002965|0000000000000070|0000000000003839|077.14
17032026|544197|0000000000000827|0000000000016648|0000000000000833|0000000000016772|099.28
17032026|544198|0000000000027857|0000000008742920|0000000000069644|0000000021341304|040.00
17032026|544199|0000000000030400|0000000001076160|0000000000036000|0000000001300664|084.44
17032026|544200|0000000000720035|0000000006109331|0000000000720035|0000000006109331|100.00
17032026|544201|0000000000120000|0000000001250400|0000000000132000|0000000001457460|090.91
17032026|544202|0000000000005018|0000000000746177|0000000000008622|0000000001287454|058.20
17032026|544203|0000000000018269|0000000007659279|0000000000036716|0000000015702080|049.76
17032026|544204|0000000000000429|0000000000047684|0000000000000525|0000000000058267|081.71
17032026|544205|0000000000004444|0000000001625616|0000000000007437|0000000002793900|059.76
17032026|544206|0000000000045602|0000000011262782|0000000000122198|0000000030290946|037.32
17032026|544207|0000000000000811|0000000000093063|0000000000000830|0000000000094887|097.71
17032026|544209|0000000000002346|0000000000600225|0000000000005764|0000000001493426|040.70
17032026|544210|0000000000007560|0000000011414466|0000000000013950|0000000020913596|054.19
17032026|544211|0000000000000050|0000000000005626|0000000000000050|0000000000005626|100.00
17032026|544212|0000000000006257|0000000000174321|0000000000011307|0000000000313206|055.34
17032026|544213|0000000000027600|0000000003300960|0000000000031200|0000000003743700|088.46
17032026|544214|0000000000080000|0000000001819200|0000000000150000|0000000003183820|053.33
17032026|544215|0000000000000967|0000000000030239|0000000000000990|0000000000030907|097.68
17032026|544216|0000000000151114|0000000001707589|0000000000191202|0000000002154633|079.03
17032026|544217|0000000000008830|0000000000740396|0000000000015355|0000000001281820|057.51
17032026|544218|0000000000002007|0000000000020773|0000000000003393|0000000000034931|059.15
17032026|544219|0000000000025200|0000000002551500|0000000000030000|0000000003052680|084.00
17032026|544220|0000000000019200|0000000000662400|0000000000030000|0000000001008228|064.00
17032026|544222|0000000000001864|0000000000865642|0000000000002932|0000000001364504|063.57
17032026|544223|0000000000043111|0000000012058147|0000000000053663|0000000014932708|080.34
17032026|544224|0000000000043560|0000000032434776|0000000000054240|0000000040454670|080.31
17032026|544225|0000000002125157|0000000050174957|0000000004978258|0000000118413574|042.69
17032026|544226|0000000000028148|0000000005989895|0000000000064374|0000000013592700|043.73
17032026|544227|0000000000007673|0000000000714357|0000000000014756|0000000001371071|052.00
17032026|544229|0000000000471026|0000000005501584|0000000000756454|0000000008736759|062.27
17032026|544230|0000000000002033|0000000000113198|0000000000002801|0000000000158057|072.58
17032026|544232|0000000000037100|0000000064023470|0000000000038256|0000000065637470|096.98
17032026|544233|0000000000000513|0000000000011646|0000000000005046|0000000000119150|010.17
17032026|544234|0000000000000491|0000000000005264|0000000000000491|0000000000005316|100.00
17032026|544235|0000000000005855|0000000001543378|0000000000010172|0000000002678655|057.56
17032026|544237|0000000000004800|0000000000686400|0000000000004800|0000000000686400|100.00
17032026|544238|0000000000061809|0000000050108557|0000000000141365|0000000115089005|043.72
17032026|544239|0000000000009631|0000000001174982|0000000000016753|0000000002053786|057.49
17032026|544240|0000000000005349|0000000004205384|0000000000008749|0000000006686106|061.14
17032026|544241|0000000000002550|0000000000038403|0000000000004950|0000000000074304|051.52
17032026|544242|0000000000033000|0000000000542190|0000000000045000|0000000000735870|073.33
17032026|544243|0000000000009376|0000000002256804|0000000000024073|0000000005780024|038.95
17032026|544244|0000000000000259|0000000000197488|0000000000000369|0000000000278842|070.19
17032026|544246|0000000000000284|0000000000167944|0000000000000368|0000000000212347|077.17
17032026|544247|0000000000004084|0000000000356207|0000000000005256|0000000000456115|077.70
17032026|544248|0000000000018600|0000000002041380|0000000000018600|0000000002041380|100.00
17032026|544249|0000000000020844|0000000000537567|0000000000022516|0000000000578205|092.57
17032026|544250|0000000000000235|0000000000987177|0000000000000479|0000000002011226|049.06
17032026|544251|0000000000001600|0000000000069600|0000000000001600|0000000000069600|100.00
17032026|544252|0000000000575466|0000000046796896|0000000000888734|0000000072347743|064.75
17032026|544253|0000000000004139|0000000000754954|0000000000008608|0000000001574058|048.08
17032026|544254|0000000000004868|0000000000480715|0000000000006519|0000000000638568|074.67
17032026|544256|0000000000003021|0000000001659587|0000000000005201|0000000002830769|058.08
17032026|544257|0000000000007000|0000000001249150|0000000000007500|0000000001345975|093.33
17032026|544258|0000000000127709|0000000011723687|0000000000134055|0000000012426741|095.27
17032026|544259|0000000000003000|0000000000085050|0000000000009000|0000000000259050|033.33
17032026|544260|0000000000013034|0000000002840761|0000000000021867|0000000004767195|059.61
17032026|544261|0000000000016141|0000000001666559|0000000000022939|0000000002367709|070.36
17032026|544262|0000000000004143|0000000000492189|0000000000004552|0000000000550180|091.01
17032026|544263|0000000000011138|0000000009618777|0000000000037394|0000000031924112|029.79
17032026|544264|0000000000001593|0000000000382400|0000000000002701|0000000000651404|058.98
17032026|544265|0000000000004800|0000000000393600|0000000000004800|0000000000394608|100.00
17032026|544266|0000000000040012|0000000003449835|0000000000041438|0000000003571524|096.56
17032026|544267|0000000000021600|0000000003574800|0000000000024800|0000000004161480|087.10
17032026|544268|0000000000508896|0000000005933728|0000000000637627|0000000007389471|079.81
17032026|544269|0000000000018000|0000000000129600|0000000000018000|0000000000132300|100.00
17032026|544271|0000000000012852|0000000002060176|0000000000027964|0000000004408719|045.96
17032026|544272|0000000000037200|0000000004473300|0000000000046000|0000000005580580|080.87
17032026|544273|0000000000017384|0000000000174014|0000000000018374|0000000000184192|094.61
17032026|544274|0000000000017581|0000000034645119|0000000000034471|0000000067592965|051.00
17032026|544275|0000000000039419|0000000000605476|0000000000042984|0000000000647095|091.71
17032026|544276|0000000000001100|0000000000073887|0000000000001480|0000000000099803|074.32
17032026|544277|0000000000083019|0000000239256608|0000000000393683|0000001140629212|021.09
17032026|544278|0000000000003118|0000000000265623|0000000000004865|0000000000414413|064.09
17032026|544279|0000000000009509|0000000002931150|0000000000021751|0000000006489223|043.72
17032026|544280|0000000000020322|0000000005704386|0000000000033440|0000000009356527|060.77
17032026|544281|0000000000043798|0000000000756392|0000000000083760|0000000001454385|052.29
17032026|544282|0000000000384983|0000000014498460|0000000000843519|0000000031801599|045.64
17032026|544283|0000000000024971|0000000006175329|0000000000052029|0000000012872391|047.99
17032026|544284|0000000000000061|0000000000065687|0000000000000083|0000000000089375|073.49
17032026|544285|0000000000054959|0000000016097492|0000000000180529|0000000052400357|030.44
17032026|544286|0000000000018130|0000000001296295|0000000000022274|0000000001597422|081.40
17032026|544288|0000000000013631|0000000007820105|0000000000023393|0000000013357914|058.27
17032026|544289|0000000000531004|0000000051056035|0000000001609436|0000000156623667|032.99
17032026|544290|0000000000047714|0000000006956702|0000000000071998|0000000010509230|066.27
17032026|544291|0000000000016600|0000000014315010|0000000000025500|0000000022129000|065.10
17032026|544292|0000000000001493|0000000002217777|0000000000006564|0000000009611627|022.75
17032026|544293|0000000000001297|0000000000329374|0000000000001586|0000000000401232|081.78
17032026|544294|0000000000000948|0000000000646916|0000000000001363|0000000000927862|069.55
17032026|544296|0000000000087600|0000000014033520|0000000000111200|0000000018016240|078.78
17032026|544301|0000000000015741|0000000000356062|0000000000016461|0000000000375143|095.63
17032026|544302|0000000000000817|0000000000310460|0000000000000817|0000000000312925|100.00
17032026|544305|0000000000013089|0000000002373691|0000000000037298|0000000006788554|035.09
17032026|544306|0000000000003477|0000000003424324|0000000000008785|0000000008635961|039.58
17032026|544307|0000000000360549|0000000037226685|0000000000750013|0000000077852026|048.07
17032026|544308|0000000000071651|0000000003757379|0000000000072320|0000000003707688|099.07
17032026|544309|0000000000002209|0000000002923943|0000000000005545|0000000007356380|039.84
17032026|544310|0000000000041750|0000000019073488|0000000000139000|0000000062883287|030.04
17032026|544311|0000000000027219|0000000008799903|0000000000075042|0000000023940457|036.27
17032026|544314|0000000000000122|0000000000047019|0000000000000125|0000000000047804|097.60
17032026|544315|0000000000004264|0000000001026985|0000000000006989|0000000001692965|061.01
17032026|544316|0000000000036897|0000000004479296|0000000000056689|0000000006863157|065.09
17032026|544317|0000000000008475|0000000004212923|0000000000024495|0000000012116797|034.60
17032026|544318|0000000000008528|0000000003279443|0000000000009186|0000000003524276|092.84
17032026|544319|0000000000002762|0000000002073158|0000000000003670|0000000002741681|075.26
17032026|544320|0000000000002416|0000000001036102|0000000000003109|0000000001358461|077.71
17032026|544321|0000000000000720|0000000000463716|0000000000001376|0000000000882811|052.33
17032026|544322|0000000000004151|0000000003232384|0000000000006009|0000000004714434|069.08
17032026|544323|0000000000010383|0000000000106842|0000000000013163|0000000000134651|078.88
17032026|544324|0000000000006000|0000000000084900|0000000000006000|0000000000088300|100.00
17032026|544325|0000000000139648|0000000021065901|0000000000290957|0000000044183314|048.00
17032026|544326|0000000000001882|0000000000043098|0000000000003067|0000000000069825|061.36
17032026|544327|0000000000006000|0000000000270000|0000000000006000|0000000000270000|100.00
17032026|544328|0000000000008601|0000000001083726|0000000000014378|0000000001808665|059.82
17032026|544329|0000000000004000|0000000000187800|0000000000004000|0000000000187800|100.00
17032026|544330|0000000000006000|0000000000714000|0000000000006000|0000000000711000|100.00
17032026|544332|0000000000004800|0000000001190400|0000000000004800|0000000001189840|100.00
17032026|544333|0000000000017889|0000000002071547|0000000000019809|0000000002307793|090.31
17032026|544334|0000000000003750|0000000000230663|0000000000005250|0000000000350925|071.43
17032026|544335|0000000000055000|0000000005346000|0000000000057000|0000000005624630|096.49
17032026|544336|0000000000004176|0000000001206029|0000000000009381|0000000002721499|044.52
17032026|544338|0000000000005448|0000000000370083|0000000000006696|0000000000454024|081.36
17032026|544339|0000000000002272|0000000000391807|0000000000004051|0000000000698187|056.08
17032026|544340|0000000000097600|0000000003708800|0000000000145600|0000000005428944|067.03
17032026|544341|0000000000028800|0000000000554400|0000000000033600|0000000000666400|085.71
17032026|544342|0000000000032586|0000000003714804|0000000000066134|0000000007667982|049.27
17032026|544343|0000000000040400|0000000003226344|0000000000042000|0000000003375328|096.19
17032026|544344|0000000000000624|0000000001862578|0000000000001654|0000000004887671|037.73
17032026|544345|0000000000002165|0000000000516136|0000000000004375|0000000001033844|049.49
17032026|544346|0000000000001258|0000000000175224|0000000000001258|0000000000175224|100.00
17032026|544347|0000000000001400|0000000000431200|0000000000001400|0000000000429090|100.00
17032026|544348|0000000000009600|0000000000342432|0000000000009600|0000000000343152|100.00
17032026|544349|0000000000019200|0000000000796416|0000000000027200|0000000001140624|070.59
17032026|544350|0000000000004151|0000000001777874|0000000000006947|0000000002956489|059.75
17032026|544351|0000000000004800|0000000000331536|0000000000009600|0000000000660288|050.00
17032026|544353|0000000000008400|0000000000272100|0000000000008400|0000000000272100|100.00
17032026|544354|0000000000023100|0000000003140445|0000000000028200|0000000003799650|081.91
17032026|544355|0000000000000236|0000000000381424|0000000000000404|0000000000653706|058.42
17032026|544356|0000000000003909|0000000001916583|0000000000005295|0000000002575223|073.82
17032026|544361|0000000000000481|0000000000082395|0000000000000481|0000000000082395|100.00
17032026|544362|0000000000008315|0000000003380879|0000000000027301|0000000011167121|030.46
17032026|544363|0000000000001949|0000000000295274|0000000000001950|0000000000295824|099.95
17032026|544364|0000000000001649|0000000000387763|0000000000001859|0000000000441444|088.70
17032026|544367|0000000000007554|0000000006114963|0000000000018112|0000000014553615|041.71
17032026|544368|0000000000007200|0000000000116640|0000000000009600|0000000000157872|075.00
17032026|544369|0000000000003200|0000000000636960|0000000000006400|0000000001282760|050.00
17032026|544370|0000000000001200|0000000000232680|0000000000001200|0000000000232680|100.00
17032026|544371|0000000000002621|0000000000152333|0000000000003527|0000000000204990|074.31
17032026|544372|0000000000021000|0000000000231000|0000000000021000|0000000000229800|100.00
17032026|544374|0000000000075000|0000000004875000|0000000000075000|0000000004875000|100.00
17032026|544375|0000000000001005|0000000000151565|0000000000001662|0000000000251766|060.47
17032026|544376|0000000000000275|0000000000010915|0000000000000275|0000000000010914|100.00
17032026|544377|0000000000000012|0000000000000150|0000000000000014|0000000000000173|085.71
17032026|544379|0000000000005849|0000000000883199|0000000000007914|0000000001198013|073.91
17032026|544380|0000000000000949|0000000000999981|0000000000000949|0000000000999980|100.00
17032026|544381|0000000000034800|0000000001255932|0000000000043200|0000000001546944|080.56
17032026|544382|0000000000005779|0000000000184697|0000000000005787|0000000000183332|099.86
17032026|544383|0000000000003600|0000000000547200|0000000000004800|0000000000724740|075.00
17032026|544384|0000000000145307|0000000003715500|0000000000258121|0000000006618699|056.29
17032026|544385|0000000000001919|0000000000094722|0000000000002243|0000000000110770|085.56
17032026|544386|0000000000000106|0000000000153700|0000000000000113|0000000000174691|093.81
17032026|544387|0000000000021500|0000000002835850|0000000000025500|0000000003367925|084.31
17032026|544388|0000000000048000|0000000004632000|0000000000052000|0000000004995980|092.31
17032026|544389|0000000000001868|0000000000462013|0000000000002735|0000000000679929|068.30
17032026|544390|0000000000003172|0000000008789612|0000000000008070|0000000022242018|039.31
17032026|544392|0000000000006000|0000000000378980|0000000000006000|0000000000378980|100.00
17032026|544393|0000000000062400|0000000001740960|0000000000062400|0000000001681280|100.00
17032026|544394|0000000000003570|0000000000100032|0000000000005846|0000000000161522|061.07
17032026|544395|0000000000079470|0000000001457480|0000000000097512|0000000001798386|081.50
17032026|544396|0000000000002673|0000000002505002|0000000000003373|0000000003129783|079.25
17032026|544397|0000000000069821|0000000050543422|0000000000106429|0000000076365714|065.60
17032026|544399|0000000000028800|0000000002039904|0000000000033600|0000000002321988|085.71
17032026|544400|0000000000012000|0000000000504000|0000000000018000|0000000000757960|066.67
17032026|544401|0000000000000015|0000000000004668|0000000000000015|0000000000004667|100.00
17032026|544402|0000000000003041|0000000001132165|0000000000004106|0000000001522102|074.06
17032026|544403|0000000000248101|0000000024078203|0000000000287457|0000000027338604|086.31
17032026|544404|0000000000001433|0000000000526375|0000000000001433|0000000000526375|100.00
17032026|544405|0000000000134845|0000000023827112|0000000000541668|0000000094915185|024.89
17032026|544406|0000000000010400|0000000003289520|0000000000012800|0000000004044440|081.25
17032026|544407|0000000000006495|0000000001246391|0000000000020045|0000000003843828|032.40
17032026|544408|0000000000003485|0000000001420661|0000000000007708|0000000003173342|045.21
17032026|544409|0000000000001000|0000000000154950|0000000000001000|0000000000154950|100.00
17032026|544410|0000000000011957|0000000001508974|0000000000025094|0000000003174469|047.65
17032026|544411|0000000000026534|0000000003203981|0000000000029700|0000000003553827|089.34
17032026|544412|0000000000006000|0000000000109200|0000000000006000|0000000000109200|100.00
17032026|544413|0000000000014906|0000000001125553|0000000000024409|0000000001857338|061.07
17032026|544414|0000000000017385|0000000000797798|0000000000022306|0000000001017381|077.94
17032026|544416|0000000000000211|0000000000066655|0000000000000370|0000000000117389|057.03
17032026|544417|0000000000028800|0000000000518688|0000000000036000|0000000000651168|080.00
17032026|544418|0000000000039078|0000000011852358|0000000000089589|0000000026925034|043.62
17032026|544419|0000000000022134|0000000002264309|0000000000033797|0000000003484544|065.49
17032026|544420|0000000000016535|0000000006441210|0000000000044325|0000000016712740|037.30
17032026|544421|0000000000074477|0000000014571426|0000000000156691|0000000030665254|047.53
17032026|544422|0000000000002400|0000000000155280|0000000000007200|0000000000467280|033.33
17032026|544423|0000000000008039|0000000002391201|0000000000020540|0000000006356254|039.14
17032026|544424|0000000000005356|0000000000228702|0000000000008601|0000000000369200|062.27
17032026|544425|0000000000009600|0000000000962460|0000000000009600|0000000000962460|100.00
17032026|544426|0000000000022800|0000000001289796|0000000000022800|0000000001298760|100.00
17032026|544427|0000000000006260|0000000000060597|0000000000006260|0000000000060198|100.00
17032026|544428|0000000000018000|0000000000809004|0000000000018000|0000000000809004|100.00
17032026|544429|0000000000038729|0000000024958905|0000000000058084|0000000037336401|066.68
17032026|544430|0000000000023729|0000000002090763|0000000000055964|0000000004914227|042.40
17032026|544431|0000000000002000|0000000000180100|0000000000002000|0000000000180100|100.00
17032026|544432|0000000000013519|0000000000780858|0000000000022173|0000000001298020|060.97
17032026|544433|0000000000019200|0000000000268800|0000000000024000|0000000000328284|080.00
17032026|544434|0000000000021600|0000000001839456|0000000000029600|0000000002481640|072.97
17032026|544435|0000000000042400|0000000004297240|0000000000044800|0000000004536480|094.64
17032026|544436|0000000000007200|0000000000244080|0000000000007200|0000000000248292|100.00
17032026|544437|0000000000002400|0000000000138120|0000000000002400|0000000000138120|100.00
17032026|544438|0000000000002902|0000000000032648|0000000000005799|0000000000064707|050.04
17032026|544439|0000000000008875|0000000001826032|0000000000014245|0000000002871168|062.30
17032026|544440|0000000000002250|0000000000384863|0000000000002250|0000000000385537|100.00
17032026|544441|0000000000105600|0000000008241024|0000000000128000|0000000010059928|082.50
17032026|544442|0000000000021600|0000000002146824|0000000000022200|0000000002205816|097.30
17032026|544443|0000000000002549|0000000002883812|0000000000003361|0000000003872979|075.84
17032026|544444|0000000000068400|0000000004112208|0000000000076800|0000000004672236|089.06
17032026|544445|0000000000002000|0000000000148000|0000000000002000|0000000000148000|100.00
17032026|544446|0000000000017089|0000000002542844|0000000000024870|0000000003794816|068.71
17032026|544447|0000000000000753|0000000000293896|0000000000001679|0000000000659779|044.85
17032026|544448|0000000000000173|0000000000170674|0000000000000242|0000000000241156|071.49
17032026|544449|0000000000002331|0000000001481118|0000000000004134|0000000002633229|056.39
17032026|544450|0000000000001199|0000000000150835|0000000000001199|0000000000154354|100.00
17032026|544451|0000000000058800|0000000014120820|0000000000059600|0000000014385420|098.66
17032026|544452|0000000000020000|0000000001040000|0000000000024000|0000000001242800|083.33
17032026|544453|0000000000003600|0000000000705600|0000000000004200|0000000000823830|085.71
17032026|544454|0000000000003580|0000000000494935|0000000000006167|0000000000869472|058.05
17032026|544455|0000000000005866|0000000002207083|0000000000011296|0000000004269706|051.93
17032026|544456|0000000001647960|0000000061089878|0000000002772507|0000000103816296|059.44
17032026|544457|0000000000011444|0000000000673022|0000000000012940|0000000000755419|088.44
17032026|544458|0000000000055500|0000000010273050|0000000000089500|0000000016507000|062.01
17032026|544459|0000000000007224|0000000001308267|0000000000010748|0000000001955334|067.21
17032026|544460|0000000000024000|0000000001608000|0000000000024000|0000000001620656|100.00
17032026|544461|0000000000000052|0000000000007722|0000000000000086|0000000000012636|060.47
17032026|544463|0000000000006000|0000000000344400|0000000000006000|0000000000346560|100.00
17032026|544465|0000000000002793|0000000000225340|0000000000006317|0000000000505967|044.21
17032026|544466|0000000000004387|0000000007073599|0000000000011317|0000000018332781|038.76
17032026|544467|0000000000240467|0000000206380803|0000000000358259|0000000308742521|067.12
17032026|544468|0000000000002400|0000000000240000|0000000000002400|0000000000242400|100.00
17032026|544469|0000000000030304|0000000003633450|0000000000068280|0000000008149234|044.38
17032026|544470|0000000000004344|0000000001219361|0000000000007191|0000000002069465|060.41
17032026|544471|0000000000078000|0000000002193360|0000000000078000|0000000002256500|100.00
17032026|544472|0000000000008000|0000000000528000|0000000000008000|0000000000521440|100.00
17032026|544473|0000000000393973|0000000004120958|0000000000514236|0000000005360861|076.61
17032026|544474|0000000000024000|0000000000732000|0000000000027200|0000000000775440|088.24
17032026|544475|0000000000022000|0000000000622600|0000000000034000|0000000000971720|064.71
17032026|544476|0000000000006626|0000000003944790|0000000000011920|0000000007050145|055.59
17032026|544477|0000000000010434|0000000000505841|0000000000015335|0000000000750875|068.04
17032026|544479|0000000000002044|0000000000422086|0000000000002665|0000000000541209|076.70
17032026|544480|0000000000110409|0000000012862649|0000000000157358|0000000018318166|070.16
17032026|544481|0000000000015271|0000000001770368|0000000000024097|0000000002764061|063.37
17032026|544482|0000000000031000|0000000001736000|0000000000036000|0000000002103530|086.11
17032026|544483|0000000000022800|0000000000803928|0000000000027600|0000000001001028|082.61
17032026|544484|0000000000029392|0000000015730599|0000000000038890|0000000020564933|075.58
17032026|544485|0000000000080052|0000000006057535|0000000000219825|0000000017175968|036.42
17032026|544486|0000000000000500|0000000000015000|0000000000000500|0000000000015000|100.00
17032026|544487|0000000000001875|0000000000309375|0000000000003015|0000000000501573|062.19
17032026|544488|0000000000048811|0000000009042238|0000000000119537|0000000022009595|040.83
17032026|544489|0000000000003600|0000000000184752|0000000000004800|0000000000249576|075.00
17032026|544490|0000000000006910|0000000002521805|0000000000013910|0000000004977540|049.68
17032026|544491|0000000000007771|0000000001320845|0000000000007771|0000000001320845|100.00
17032026|544492|0000000000001675|0000000000385334|0000000000002533|0000000000584555|066.13
17032026|544493|0000000000000605|0000000000089256|0000000000000726|0000000000106298|083.33
17032026|544494|0000000000017600|0000000000374880|0000000000022400|0000000000465536|078.57
17032026|544495|0000000000122400|0000000005814000|0000000000123600|0000000006111456|099.03
17032026|544496|0000000000073843|0000000004440919|0000000000129694|0000000007783254|056.94
17032026|544497|0000000000004465|0000000000517717|0000000000005779|0000000000674376|077.26
17032026|544498|0000000000001600|0000000000076000|0000000000001600|0000000000076000|100.00
17032026|544499|0000000000000458|0000000000078754|0000000000000476|0000000000081826|096.22
17032026|544501|0000000000035000|0000000003482500|0000000000039000|0000000003947230|089.74
17032026|544502|0000000000003124|0000000000295375|0000000000003310|0000000000317948|094.38
17032026|544503|0000000000010000|0000000001044600|0000000000010000|0000000001044600|100.00
17032026|544504|0000000000016400|0000000004591180|0000000000017600|0000000004886380|093.18
17032026|544505|0000000000050000|0000000002367500|0000000000050000|0000000002367500|100.00
17032026|544506|0000000000022200|0000000002419800|0000000000034800|0000000003924240|063.79
17032026|544507|0000000000058623|0000000000530539|0000000000083195|0000000000748796|070.46
17032026|544508|0000000000002400|0000000000146376|0000000000003600|0000000000220068|066.67
17032026|544509|0000000000028800|0000000000859680|0000000000028800|0000000000861200|100.00
17032026|544510|0000000000016000|0000000001184000|0000000000017600|0000000001291520|090.91
17032026|544512|0000000000007208|0000000001340688|0000000000015985|0000000002984452|045.09
17032026|544513|0000000000103667|0000000003682252|0000000000104642|0000000003773040|099.07
17032026|544515|0000000034303690|0000003768260347|0000000045424605|0000004994860072|075.52
17032026|544516|0000000000021000|0000000005698350|0000000000029000|0000000007921600|072.41
17032026|544517|0000000000002452|0000000002330013|0000000000003281|0000000003102385|074.73
17032026|544518|0000000000012800|0000000002232640|0000000000012800|0000000002232640|100.00
17032026|544519|0000000000002969|0000000000672479|0000000000004308|0000000000994943|068.92
17032026|544520|0000000000006000|0000000000299880|0000000000007200|0000000000354192|083.33
17032026|544521|0000000000011144|0000000000469832|0000000000024558|0000000001041715|045.38
17032026|544522|0000000000000423|0000000000169814|0000000000007363|0000000002984023|005.74
17032026|544523|0000000000000933|0000000000212958|0000000000001665|0000000000376269|056.04
17032026|544524|0000000000465600|0000000081736080|0000000000477600|0000000082081240|097.49
17032026|544525|0000000000012889|0000000001361079|0000000000024327|0000000002531432|052.98
17032026|544526|0000000000007765|0000000002687079|0000000000010550|0000000003657615|073.60
17032026|544527|0000000000002904|0000000002997800|0000000000005212|0000000005236109|055.72
17032026|544528|0000000000004320|0000000000681696|0000000000008938|0000000001434434|048.33
17032026|544529|0000000000024000|0000000008118000|0000000000024000|0000000008118000|100.00
17032026|544530|0000000000004824|0000000002287541|0000000000010498|0000000004960071|045.95
17032026|544531|0000000000031200|0000000003959280|0000000000035400|0000000004498620|088.14
17032026|544532|0000000000006385|0000000001005957|0000000000011501|0000000001817230|055.52
17032026|544533|0000000000006012|0000000001499994|0000000000008595|0000000002141947|069.95
17032026|544534|0000000000015821|0000000007446945|0000000000048722|0000000023527600|032.47
17032026|544535|0000000000008000|0000000001070000|0000000000009600|0000000001306400|083.33
17032026|544536|0000000000000030|0000000000026700|0000000000000030|0000000000026700|100.00
17032026|544537|0000000000028944|0000000012361983|0000000000069302|0000000029372792|041.76
17032026|544538|0000000000004000|0000000000197000|0000000000004000|0000000000197000|100.00
17032026|544539|0000000000004800|0000000000087072|0000000000006400|0000000000116096|075.00
17032026|544540|0000000000037153|0000000005662118|0000000000046596|0000000007269288|079.73
17032026|544541|0000000000045000|0000000006626250|0000000000045000|0000000006699270|100.00
17032026|544542|0000000000020000|0000000001916000|0000000000021000|0000000002059000|095.24
17032026|544543|0000000000006796|0000000000405586|0000000000011896|0000000000711870|057.13
17032026|544544|0000000000002400|0000000000219264|0000000000006000|0000000000548160|040.00
17032026|544545|0000000000059595|0000000022935136|0000000000215216|0000000081231445|027.69
17032026|544546|0000000000015600|0000000000795600|0000000000016800|0000000000859080|092.86
17032026|544547|0000000000003724|0000000000191414|0000000000006228|0000000000318361|059.79
17032026|544548|0000000000022400|0000000001724800|0000000000022400|0000000001724816|100.00
17032026|544550|0000000000009746|0000000001630019|0000000000024901|0000000004195603|039.14
17032026|544551|0000000000031000|0000000004588000|0000000000032000|0000000004816950|096.88
17032026|544552|0000000000004800|0000000000547200|0000000000004800|0000000000547200|100.00
17032026|544553|0000000000001600|0000000000204800|0000000000003200|0000000000419120|050.00
17032026|544554|0000000000002000|0000000000109000|0000000000002000|0000000000109000|100.00
17032026|544557|0000000000006815|0000000000295976|0000000000008610|0000000000372254|079.15
17032026|544558|0000000000001186|0000000000163253|0000000000002351|0000000000328074|050.45
17032026|544559|0000000000001600|0000000000024224|0000000000001600|0000000000024224|100.00
17032026|544560|0000000000014000|0000000000938000|0000000000014000|0000000000929800|100.00
17032026|544561|0000000000030000|0000000000199200|0000000000030000|0000000000199440|100.00
17032026|544562|0000000000015292|0000000001513144|0000000000022755|0000000002273210|067.20
17032026|544563|0000000000091000|0000000028218650|0000000000091000|0000000028218650|100.00
17032026|544564|0000000000001567|0000000000113451|0000000000002054|0000000000147591|076.29
17032026|544565|0000000000040000|0000000001721200|0000000000040000|0000000001721200|100.00
17032026|544566|0000000000015000|0000000001061250|0000000000015000|0000000001061250|100.00
17032026|544568|0000000000025200|0000000002691360|0000000000034800|0000000003715080|072.41
17032026|544569|0000000000342464|0000000151300596|0000000000997350|0000000437208741|034.34
17032026|544570|0000000000000916|0000000000421315|0000000000001761|0000000000816411|052.02
17032026|544571|0000000000002000|0000000000132000|0000000000003000|0000000000199200|066.67
17032026|544572|0000000000000353|0000000000785955|0000000000000533|0000000001190953|066.23
17032026|544574|0000000000043798|0000000013608039|0000000000086374|0000000026825056|050.71
17032026|544575|0000000000030000|0000000000956700|0000000000033000|0000000001012840|090.91
17032026|544576|0000000000015607|0000000024402325|0000000000027473|0000000042983963|056.81
17032026|544578|0000000000003854|0000000002898979|0000000000008177|0000000006175111|047.13
17032026|544579|0000000000000500|0000000000051030|0000000000000505|0000000000051545|099.01
17032026|544580|0000000000006203|0000000001452433|0000000000017449|0000000004097664|035.55
17032026|544581|0000000000006005|0000000000055487|0000000000006005|0000000000055304|100.00
17032026|544582|0000000000008400|0000000000205800|0000000000009600|0000000000235860|087.50
17032026|544583|0000000000013716|0000000002025854|0000000000029536|0000000004322747|046.44
17032026|544584|0000000000015000|0000000001743750|0000000000019000|0000000002334050|078.95
17032026|544585|0000000000002000|0000000000102000|0000000000002000|0000000000102000|100.00
17032026|544586|0000000000091027|0000000000856565|0000000000119462|0000000001116258|076.20
17032026|544587|0000000000000970|0000000001195137|0000000000001651|0000000002008638|058.75
17032026|544594|0000000000038400|0000000004233600|0000000000042000|0000000004646460|091.43
17032026|544595|0000000000004314|0000000002392545|0000000000007481|0000000004129366|057.67
17032026|544596|0000000000010800|0000000000340632|0000000000013200|0000000000407292|081.82
17032026|544597|0000000000008892|0000000015709497|0000000000018894|0000000033501370|047.06
17032026|544598|0000000000004047|0000000000016634|0000000000004052|0000000000016353|099.88
17032026|544599|0000000000000822|0000000000418974|0000000000001005|0000000000512016|081.79
17032026|544600|0000000001317664|0000000661599095|0000000001388745|0000000694640723|094.88
17032026|544601|0000000000000328|0000000000050221|0000000000000363|0000000000056082|090.36
17032026|544603|0000000000330622|0000000053246674|0000000000697070|0000000111287986|047.43
17032026|544604|0000000000020203|0000000000728723|0000000000024918|0000000000895153|081.08
17032026|544605|0000000000182751|0000000002724818|0000000000207730|0000000003097433|087.98
17032026|544606|0000000000015163|0000000002442002|0000000000029925|0000000004846463|050.67
17032026|544607|0000000000002400|0000000000115440|0000000000002400|0000000000115440|100.00
17032026|544608|0000000000056854|0000000012320262|0000000000131570|0000000028269388|043.21
17032026|544609|0000000000129977|0000000010460549|0000000000325920|0000000026687633|039.88
17032026|544610|0000000000009000|0000000002786400|0000000000011400|0000000003569190|078.95
17032026|544611|0000000000028800|0000000004292100|0000000000028800|0000000004292100|100.00
17032026|544612|0000000000003590|0000000001890135|0000000000011606|0000000006134583|030.93
17032026|544613|0000000000017094|0000000003183758|0000000000023921|0000000004472405|071.46
17032026|544614|0000000000000981|0000000000498447|0000000000001659|0000000000849469|059.13
17032026|544615|0000000000000916|0000000000033544|0000000000000916|0000000000033544|100.00
17032026|544616|0000000000003000|0000000000417000|0000000000003000|0000000000415900|100.00
17032026|544617|0000000000018225|0000000001377628|0000000000023973|0000000001825609|076.02
17032026|544619|0000000000078211|0000000047083022|0000000000079608|0000000047925500|098.25
17032026|544621|0000000000032000|0000000001457920|0000000000042000|0000000001838590|076.19
17032026|544622|0000000000302798|0000000007357992|0000000000459090|0000000011212930|065.96
17032026|544624|0000000000018000|0000000000198540|0000000000021000|0000000000229290|085.71
17032026|544625|0000000000007200|0000000000234360|0000000000007200|0000000000232326|100.00
17032026|544626|0000000000014000|0000000005072200|0000000000024000|0000000008577800|058.33
17032026|544627|0000000000002000|0000000000222400|0000000000003000|0000000000339200|066.67
17032026|544628|0000000000010000|0000000000177100|0000000000016000|0000000000281300|062.50
17032026|544629|0000000000016000|0000000002272000|0000000000031000|0000000004430550|051.61
17032026|544630|0000000000019200|0000000002428800|0000000000021600|0000000002519940|088.89
17032026|544631|0000000000000101|0000000000060393|0000000000000145|0000000000087786|069.66
17032026|544632|0000000000482174|0000000070349187|0000000001151842|0000000166859252|041.86
17032026|544633|0000000000033121|0000000001786216|0000000000079654|0000000004305159|041.58
17032026|544634|0000000000045317|0000000005515079|0000000000125732|0000000015111051|036.04
17032026|544635|0000000000102400|0000000006144000|0000000000121600|0000000007043920|084.21
17032026|544637|0000000000073800|0000000007734240|0000000000080400|0000000008507160|091.79
17032026|544638|0000000000000246|0000000000037931|0000000000000340|0000000000052663|072.35
17032026|544639|0000000000000991|0000000000250198|0000000000001921|0000000000489051|051.59
17032026|544640|0000000000001200|0000000000038736|0000000000003600|0000000000116220|033.33
17032026|544641|0000000000005400|0000000001156680|0000000000006000|0000000001290870|090.00
17032026|544642|0000000000006107|0000000000962158|0000000000016087|0000000002492790|037.96
17032026|544644|0000000000000117|0000000000183035|0000000000000372|0000000000579688|031.45
17032026|544645|0000000000024453|0000000004748773|0000000000055133|0000000010545286|044.35
17032026|544646|0000000000070000|0000000000279300|0000000000070000|0000000000279300|100.00
17032026|544647|0000000000003473|0000000001786338|0000000000008090|0000000004215021|042.93
17032026|544648|0000000000002000|0000000000120180|0000000000002000|0000000000120180|100.00
17032026|544654|0000000000000448|0000000000006694|0000000000000448|0000000000006663|100.00
17032026|544655|0000000000002693|0000000000054830|0000000000002693|0000000000054835|100.00
17032026|544656|0000000000045600|0000000011758200|0000000000045600|0000000011758200|100.00
17032026|544657|0000000000002400|0000000000453300|0000000000002400|0000000000453300|100.00
17032026|544658|0000000000419064|0000001245060098|0000000000449664|0000001306195807|093.19
17032026|544659|0000000000008000|0000000000264000|0000000000008000|0000000000264040|100.00
17032026|544660|0000000000006115|0000000000052345|0000000000007144|0000000000060960|085.60
17032026|544661|0000000000000155|0000000000005384|0000000000000244|0000000000008400|063.52
17032026|544662|0000000000000251|0000000000029183|0000000000000251|0000000000029183|100.00
17032026|544663|0000000000009000|0000000000375570|0000000000010000|0000000000416360|090.00
17032026|544664|0000000000015374|0000000006294885|0000000000026320|0000000010755885|058.41
17032026|544665|0000000000009600|0000000001030640|0000000000009600|0000000001030640|100.00
17032026|544666|0000000000005551|0000000000580913|0000000000008521|0000000000900231|065.14
17032026|544667|0000000000112800|0000000006430728|0000000000114000|0000000006316224|098.95
17032026|544668|0000000000002400|0000000000648000|0000000000002400|0000000000648000|100.00
17032026|544669|0000000000001800|0000000000365400|0000000000001800|0000000000357120|100.00
17032026|544670|0000000000004200|0000000000743400|0000000000004200|0000000000737160|100.00
17032026|544671|0000000000005000|0000000000460000|0000000000005000|0000000000459500|100.00
17032026|544672|0000000000000010|0000000000001540|0000000000000010|0000000000001540|100.00
17032026|544673|0000000000008000|0000000000532240|0000000000008000|0000000000532320|100.00
17032026|544674|0000000000019991|0000000001289420|0000000000019991|0000000001289419|100.00
17032026|544675|0000000000001600|0000000000081600|0000000000001600|0000000000081600|100.00
17032026|544676|0000000000033600|0000000001517376|0000000000040000|0000000001808288|084.00
17032026|544677|0000000000001600|0000000000138880|0000000000001600|0000000000138880|100.00
17032026|544678|0000000000808361|0000000027645947|0000000001595571|0000000054810915|050.66
17032026|544679|0000000000001286|0000000000458974|0000000000003620|0000000001296455|035.52
17032026|544680|0000000000001680|0000000000285600|0000000000001680|0000000000283416|100.00
17032026|544681|0000000000009000|0000000001323000|0000000000011000|0000000001615450|081.82
17032026|544683|0000000000027000|0000000000456030|0000000000036000|0000000000610830|075.00
17032026|544684|0000000000022800|0000000001979040|0000000000033600|0000000002923788|067.86
17032026|544685|0000000000047627|0000000005319936|0000000000070963|0000000007856363|067.12
17032026|544686|0000000000000000|0000000000000000|0000000000005000|0000000000680800|000.00
17032026|544687|0000000000016000|0000000000918880|0000000000022000|0000000001272380|072.73
17032026|544693|0000000000009600|0000000000295008|0000000000011200|0000000000341840|085.71
17032026|544694|0000000000006000|0000000001200000|0000000000006000|0000000001177000|100.00
17032026|544695|0000000000050000|0000000005600000|0000000000055000|0000000006045050|090.91
17032026|544699|0000000000017890|0000000001827464|0000000000043705|0000000004360316|040.93
17032026|544700|0000000000013441|0000000010704413|0000000000033849|0000000026564740|039.71
17032026|544701|0000000000002245|0000000000040770|0000000000004296|0000000000078133|052.26
17032026|544702|0000000000082032|0000000006912837|0000000000137297|0000000011153855|059.75
17032026|544703|0000000000034309|0000000000782932|0000000000035687|0000000000824336|096.14
17032026|544704|0000000000000956|0000000000010316|0000000000000956|0000000000010283|100.00
17032026|544705|0000000000002146|0000000000140885|0000000000003089|0000000000201989|069.47
17032026|544707|0000000000002400|0000000000499200|0000000000003000|0000000000623400|080.00
17032026|544708|0000000000242400|0000000008862144|0000000000242400|0000000008862144|100.00
17032026|544709|0000000000133638|0000000011384622|0000000000236800|0000000020060920|056.43
17032026|544710|0000000000072000|0000000003312000|0000000000129000|0000000005940930|055.81
17032026|544711|0000000000010000|0000000000664500|0000000000010000|0000000000664500|100.00
17032026|544716|0000000000039588|0000000001918039|0000000000073628|0000000003666785|053.77
17032026|544717|0000000000010269|0000000009158408|0000000000020092|0000000017781569|051.11
17032026|544718|0000000000007549|0000000002761047|0000000000028227|0000000010412657|026.74
17032026|544719|0000000000000012|0000000000001975|0000000000000037|0000000000006127|032.43
17032026|544720|0000000000025178|0000000005497617|0000000000072221|0000000015706391|034.86
17032026|544721|0000000000003743|0000000000171093|0000000000005073|0000000000230823|073.78
17032026|544722|0000000000000265|0000000000015227|0000000000000266|0000000000015238|099.62
17032026|544723|0000000000009523|0000000014320212|0000000000033024|0000000049320779|028.84
17032026|544724|0000000000024000|0000000001151340|0000000000024000|0000000001151340|100.00
17032026|544725|0000000000000438|0000000000007249|0000000000000438|0000000000007185|100.00
17032026|544726|0000000000000329|0000000000114032|0000000000000487|0000000000169642|067.56
17032026|555555|0000000000000934|0000000000815093|0000000000001227|0000000001061755|076.12
17032026|570002|0000000000000215|0000000000000597|0000000000000215|0000000000000597|100.00
17032026|570004|0000000000001424|0000000000029748|0000000000001728|0000000000036388|082.41
17032026|570005|0000000000034068|0000000000014650|0000000000039173|0000000000016761|086.97
17032026|590003|0000000000023636|0000000006719715|0000000000057120|0000000016216563|041.38
17032026|590005|0000000000000546|0000000000713977|0000000000000884|0000000001152804|061.76
17032026|590006|0000000000002076|0000000001080247|0000000000002342|0000000001217549|088.64
17032026|590013|0000000000001101|0000000000929850|0000000000001777|0000000001487952|061.96
17032026|590018|0000000000000202|0000000000029583|0000000000000204|0000000000029388|099.02
17032026|590021|0000000000000909|0000000001182700|0000000000001449|0000000001880925|062.73
17032026|590024|0000000000030801|0000000024996552|0000000000097018|0000000080090316|031.75
17032026|590025|0000000000001123|0000000000039474|0000000000001874|0000000000066281|059.93
17032026|590030|0000000000019399|0000000001177520|0000000000035717|0000000002149896|054.31
17032026|590031|0000000000000242|0000000000173805|0000000000000638|0000000000459070|037.93
17032026|590041|0000000000029494|0000000001673370|0000000000029494|0000000001673370|100.00
17032026|590051|0000000000016303|0000000001903376|0000000000030949|0000000003661401|052.68
17032026|590056|0000000000000014|0000000000003710|0000000000000015|0000000000004000|093.33
17032026|590057|0000000000026779|0000000000492241|0000000000026779|0000000000492241|100.00
17032026|590062|0000000000003476|0000000000243251|0000000000003752|0000000000261215|092.64
17032026|590065|0000000000001095|0000000001100147|0000000000001155|0000000001144711|094.81
17032026|590066|0000000000084488|0000000012009970|0000000000095359|0000000013604101|088.60
17032026|590068|0000000000000044|0000000000004246|0000000000000052|0000000000004992|084.62
17032026|590070|0000000000004178|0000000000011072|0000000000004178|0000000000011096|100.00
17032026|590071|0000000000000691|0000000003467991|0000000000001442|0000000007169300|047.92
17032026|590072|0000000000000776|0000000000415083|0000000000000807|0000000000440294|096.16
17032026|590073|0000000000005416|0000000005180134|0000000000009566|0000000009047319|056.62
17032026|590075|0000000000000426|0000000000038916|0000000000000429|0000000000038978|099.30
17032026|590078|0000000000001398|0000000001281407|0000000000001832|0000000001669278|076.31
17032026|590086|0000000000000522|0000000001843078|0000000000000691|0000000002445398|075.54
17032026|590095|0000000000385393|0000000049422799|0000000000879119|0000000112923633|043.84
17032026|590096|0000000000100295|0000000100296003|0000000001002789|0000001002789607|010.00
17032026|590097|0000000000019865|0000000002572915|0000000000039954|0000000005171629|049.72
17032026|590098|0000000000067298|0000000008889393|0000000000147675|0000000019542831|045.57
17032026|590099|0000000000006059|0000000000778340|0000000000011580|0000000001490603|052.32
17032026|590101|0000000000013378|0000000001743154|0000000000019760|0000000002579187|067.70
17032026|590103|0000000000182884|0000000048857461|0000000000288080|0000000076718625|063.48
17032026|590104|0000000000014364|0000000010061264|0000000000026987|0000000018819764|053.23
17032026|590106|0000000000033698|0000000019097668|0000000000044774|0000000025226286|075.26
17032026|590107|0000000000000603|0000000000515861|0000000000002208|0000000001883043|027.31
17032026|590108|0000000000137114|0000000013241099|0000000000172492|0000000016556050|079.49
17032026|590109|0000000000000437|0000000000199224|0000000000000541|0000000000243417|080.78
17032026|590110|0000000000000240|0000000000061920|0000000000000340|0000000000087633|070.59
17032026|590113|0000000000002187|0000000001096234|0000000000004591|0000000002293780|047.64
17032026|590115|0000000000000057|0000000000013973|0000000000000064|0000000000015689|089.06
17032026|590134|0000000000003186|0000000000198329|0000000000004638|0000000000291595|068.69
17032026|590136|0000000000014152|0000000000802843|0000000000020442|0000000001151279|069.23
17032026|590137|0000000000001296|0000000000726084|0000000000002116|0000000001179252|061.25
17032026|590138|0000000000044726|0000000011268269|0000000000086845|0000000021782384|051.50
17032026|590139|0000000000071436|0000000078262425|0000000000072187|0000000079085210|098.96
17032026|590140|0000000001020695|0000000015341046|0000000002821975|0000000042478095|036.17
17032026|590141|0000000000330596|0000000010476588|0000000000437128|0000000013833823|075.63
17032026|590142|0000000000050134|0000000001167120|0000000000068779|0000000001601043|072.89
17032026|590143|0000000000048907|0000000001438355|0000000000049281|0000000001448884|099.24
17032026|590144|0000000000036447|0000000007638198|0000000000047707|0000000009976897|076.40
17032026|590145|0000000000549008|0000000132294458|0000000001436152|0000000347564348|038.23
17032026|590146|0000000000003305|0000000000505665|0000000000004814|0000000000739971|068.65
17032026|590147|0000000000000835|0000000000206989|0000000000001406|0000000000349538|059.39
17032026|590148|0000000000046909|0000000000699883|0000000000062782|0000000000937725|074.72
17032026|590149|0000000000056089|0000000002582338|0000000000066081|0000000003021914|084.88
17032026|590150|0000000000004291|0000000000306421|0000000000005587|0000000000393230|076.80
17032026|590151|0000000000016531|0000000000798778|0000000000017833|0000000000856084|092.70
17032026|590152|0000000000042911|0000000003774881|0000000000079482|0000000006930065|053.99
17032026|590153|0000000000085848|0000000001897241|0000000000087876|0000000001934008|097.69
17032026|590154|0000000000014204|0000000000646567|0000000000014860|0000000000673784|095.59
17032026|717506|0000000002853060|0000000028901498|0000000002908880|0000000029503226|098.08
17032026|751095|0000000000004598|0000000000118479|0000000000004598|0000000000118479|100.00
17032026|751096|0000000003690528|0000000000516673|0000000003690528|0000000000516673|100.00
17032026|751098|0000000000038112|0000000000032186|0000000000038112|0000000000032186|100.00
17032026|800148|0000000000000005|0000000000000535|0000000000000005|0000000000000534|100.00
17032026|800157|0000000000000001|0000000000000109|0000000000000001|0000000000000108|100.00
17032026|800164|0000000000000001|0000000000000105|0000000000000001|0000000000000104|100.00
17032026|800266|0000000000001000|0000000000102250|0000000000001000|0000000000102250|100.00
17032026|800290|0000000000000006|0000000000090756|0000000000000006|0000000000090756|100.00
17032026|800291|0000000000000011|0000000000172221|0000000000000011|0000000000171870|100.00
17032026|800297|0000000000000205|0000000003136726|0000000000000205|0000000003143470|100.00
17032026|800301|0000000000000033|0000000000505923|0000000000000033|0000000000506039|100.00
17032026|800312|0000000000000014|0000000000214354|0000000000000014|0000000000214630|100.00
17032026|800318|0000000000000024|0000000000368165|0000000000000024|0000000000366575|100.00
17032026|800320|0000000000000005|0000000000077160|0000000000000006|0000000000092451|083.33
17032026|800322|0000000000000062|0000000000949970|0000000000000068|0000000001044762|091.18
17032026|800324|0000000000000016|0000000000245476|0000000000000016|0000000000245191|100.00
17032026|800325|0000000000000022|0000000000337722|0000000000000023|0000000000353118|095.65
17032026|800327|0000000000000037|0000000000566174|0000000000000051|0000000000783992|072.55
17032026|800328|0000000000000118|0000000001808843|0000000000000118|0000000001808842|100.00
17032026|800329|0000000000000019|0000000000292600|0000000000000019|0000000000291496|100.00
17032026|800331|0000000000000020|0000000000308020|0000000000000024|0000000000369583|083.33
17032026|800332|0000000000000031|0000000000474925|0000000000000034|0000000000521919|091.18
17032026|800333|0000000000000013|0000000000200200|0000000000000013|0000000000200202|100.00
17032026|800334|0000000000012002|0000000001095783|0000000000012002|0000000001104684|100.00
17032026|800339|0000000000000003|0000000000046140|0000000000000003|0000000000046201|100.00
17032026|800340|0000000000000075|0000000001148749|0000000000000084|0000000001289858|089.29
17032026|800341|0000000000000113|0000000001729416|0000000000000114|0000000001748532|099.12
17032026|800342|0000000000000338|0000000005178160|0000000000000348|0000000005338339|097.13
17032026|800367|0000000000000003|0000000000046197|0000000000000004|0000000000061503|075.00
17032026|800385|0000000000000013|0000000000200824|0000000000000018|0000000000278836|072.22
17032026|800386|0000000000000191|0000000002931491|0000000000000324|0000000004986687|058.95
17032026|800428|0000000000000001|0000000000000075|0000000000000001|0000000000000075|100.00
17032026|800434|0000000000000023|0000000000357420|0000000000000023|0000000000357403|100.00
17032026|800436|0000000000001305|0000000000124628|0000000000001305|0000000000124828|100.00
17032026|800437|0000000000000012|0000000000184836|0000000000000015|0000000000232288|080.00
17032026|800438|0000000000000111|0000000001720500|0000000000000116|0000000001797182|095.69
17032026|800439|0000000000000015|0000000000235125|0000000000000017|0000000000264763|088.24
17032026|800441|0000000000040045|0000000004286818|0000000000040845|0000000004383098|098.04
17032026|800488|0000000000000048|0000000000743672|0000000000000052|0000000000809866|092.31
17032026|800573|0000000000000020|0000000000314063|0000000000000021|0000000000327914|095.24
17032026|800575|0000000000000024|0000000000375677|0000000000000030|0000000000470201|080.00
17032026|800580|0000000000000069|0000000001086750|0000000000000092|0000000001448440|075.00
17032026|800588|0000000000000100|0000000000009852|0000000000000100|0000000000009852|100.00
17032026|800596|0000000000000044|0000000000697400|0000000000000068|0000000001072746|064.71
17032026|800603|0000000000000205|0000000003257565|0000000000000272|0000000004294542|075.37
17032026|800605|0000000000000271|0000000004362691|0000000000000340|0000000005456555|079.71
17032026|800607|0000000000001200|0000000000120240|0000000000001200|0000000000120240|100.00
17032026|800626|0000000000506100|0000000024049872|0000000000506100|0000000024049872|100.00
17032026|800655|0000000000002500|0000000000260000|0000000000002500|0000000000260000|100.00
17032026|800679|0000000003046100|0000000144567906|0000000003046100|0000000144567906|100.00
17032026|800797|0000000000000200|0000000000019200|0000000000000200|0000000000019200|100.00
17032026|800807|0000000000000110|0000000000010593|0000000000000110|0000000000010599|100.00
17032026|805163|0000000000000100|0000000000009924|0000000000000100|0000000000009924|100.00
17032026|805169|0000000000000100|0000000000009920|0000000000000100|0000000000009920|100.00
17032026|805172|0000000000002000|0000000000198000|0000000000002000|0000000000198000|100.00
17032026|810922|0000000000000005|0000000000000500|0000000000000005|0000000000000500|100.00
17032026|811012|0000000000000280|0000000000023240|0000000000000280|0000000000023240|100.00
17032026|890197|0000000000175533|0000000000186065|0000000000190370|0000000000198342|092.21
17032026|890202|0000000000000005|0000000000001400|0000000000000005|0000000000001399|100.00
17032026|890217|0000000000000314|0000000000018479|0000000000000314|0000000000018263|100.00
17032026|890221|0000000000001606|0000000000157790|0000000000001833|0000000000183300|087.62
17032026|890225|0000000000000107|0000000000000638|0000000000000107|0000000000000637|100.00
17032026|890228|0000000000001624|0000000000012911|0000000000003213|0000000000026161|050.54
17032026|890230|0000000000006837|0000000000841293|0000000000007337|0000000000854658|093.19
17032026|890232|0000000000000152|0000000000016264|0000000000000152|0000000000016264|100.00
17032026|890233|0000000002175655|0000000002697813|0000000002186712|0000000002745327|099.49
17032026|912254|0000000000000002|0000000000196000|0000000000000002|0000000000196000|100.00
17032026|935574|0000000000001509|0000000001670463|0000000000001519|0000000001681552|099.34
17032026|935582|0000000000001000|0000000001076430|0000000000001000|0000000001076430|100.00
17032026|935584|0000000000002704|0000000002912371|0000000000002766|0000000002978843|097.76
17032026|935618|0000000000000020|0000000000021901|0000000000000020|0000000000021900|100.00
17032026|935620|0000000000000002|0000000000002576|0000000000000002|0000000000002575|100.00
17032026|935664|0000000000000240|0000000000283128|0000000000000240|0000000000283128|100.00
17032026|935674|0000000000000501|0000000000551607|0000000000000560|0000000000616494|089.46
17032026|935682|0000000000000020|0000000000022284|0000000000000020|0000000000022284|100.00
17032026|935690|0000000000000500|0000000000543555|0000000000000509|0000000000553284|098.23
17032026|935752|0000000000000005|0000000000005340|0000000000000006|0000000000006409|083.33
17032026|935760|0000000000000020|0000000000045800|0000000000000020|0000000000045800|100.00
17032026|935858|0000000000000013|0000000000013238|0000000000000013|0000000000013235|100.00
17032026|936048|0000000000000330|0000000000331452|0000000000000866|0000000000879075|038.11
17032026|936130|0000000000000215|0000000000211345|0000000000000215|0000000000211345|100.00
17032026|936224|0000000000001194|0000000001295490|0000000000001194|0000000001293426|100.00
17032026|936252|0000000000000015|0000000000014904|0000000000000015|0000000000014904|100.00
17032026|936254|0000000000000020|0000000000020577|0000000000000020|0000000000020576|100.00
17032026|936294|0000000000000001|0000000000001074|0000000000000001|0000000000001073|100.00
17032026|936320|0000000000000010|0000000000010260|0000000000000010|0000000000010260|100.00
17032026|936384|0000000000001100|0000000001131922|0000000000001400|0000000001440621|078.57
17032026|936398|0000000000000773|0000000000784657|0000000000000785|0000000000796958|098.47
17032026|936412|0000000000000214|0000000000216665|0000000000000219|0000000000222184|097.72
17032026|936416|0000000000000425|0000000000437750|0000000000000495|0000000000508661|085.86
17032026|936528|0000000000000050|0000000000052750|0000000000000050|0000000000052750|100.00
17032026|936532|0000000000000003|0000000000003195|0000000000000003|0000000000003208|100.00
17032026|936574|0000000000000040|0000000000043760|0000000000000040|0000000000043761|100.00
17032026|936814|0000000000000200|0000000000237800|0000000000000200|0000000000237800|100.00
17032026|936959|0000000000000016|0000000000029972|0000000000000016|0000000000029971|100.00
17032026|936975|0000000000000290|0000000000288579|0000000000000290|0000000000288072|100.00
17032026|937017|0000000000000021|0000000000021462|0000000000000021|0000000000021462|100.00
17032026|937345|0000000000000011|0000000000010945|0000000000000011|0000000000010944|100.00
17032026|937377|0000000000000021|0000000000019341|0000000000000021|0000000000019341|100.00
17032026|937385|0000000000001254|0000000001248357|0000000000001254|0000000001245691|100.00
17032026|937419|0000000000000463|0000000000719965|0000000000000464|0000000000718741|099.78
17032026|937455|0000000000000302|0000000000299346|0000000000000311|0000000000308318|097.11
17032026|937461|0000000000000017|0000000000016966|0000000000000017|0000000000016966|100.00
17032026|937467|0000000000000045|0000000000047619|0000000000000045|0000000000047619|100.00
17032026|937469|0000000000000100|0000000000104000|0000000000000100|0000000000104000|100.00
17032026|937473|0000000000000040|0000000000056001|0000000000000040|0000000000056000|100.00
17032026|937497|0000000000000110|0000000000118580|0000000000000110|0000000000118580|100.00
17032026|937621|0000000000000008|0000000000007960|0000000000000008|0000000000007960|100.00
17032026|937631|0000000000000250|0000000000248750|0000000000000250|0000000000248950|100.00
17032026|937637|0000000000000054|0000000000052723|0000000000000054|0000000000052722|100.00
17032026|937707|0000000000000200|0000000000200200|0000000000000200|0000000000200200|100.00
17032026|937721|0000000000000021|0000000000020664|0000000000000021|0000000000020664|100.00
17032026|937743|0000000000000100|0000000000103000|0000000000000100|0000000000103000|100.00
17032026|937805|0000000000000155|0000000000150037|0000000000000155|0000000000150036|100.00
17032026|937825|0000000000000003|0000000000002960|0000000000000003|0000000000002959|100.00
17032026|937899|0000000000000065|0000000000090285|0000000000000065|0000000000090285|100.00
17032026|937999|0000000000000005|0000000000004903|0000000000000005|0000000000004902|100.00
17032026|938011|0000000000000045|0000000000043884|0000000000000045|0000000000043884|100.00
17032026|938021|0000000000000200|0000000000200600|0000000000000200|0000000000200600|100.00
17032026|938067|0000000000000032|0000000000032320|0000000000000032|0000000000032320|100.00
17032026|938077|0000000000000115|0000000000148465|0000000000000115|0000000000147540|100.00
17032026|938111|0000000000000008|0000000000008080|0000000000000008|0000000000008080|100.00
17032026|938222|0000000000000020|0000000000006300|0000000000000020|0000000000006300|100.00
17032026|938284|0000000000000061|0000000000059231|0000000000000061|0000000000059231|100.00
17032026|938294|0000000000000008|0000000000010152|0000000000000008|0000000000010152|100.00
17032026|938320|0000000000000003|0000000000001335|0000000000000003|0000000000001335|100.00
17032026|938364|0000000000001138|0000000001137614|0000000000001138|0000000001135807|100.00
17032026|938370|0000000000002271|0000000002230122|0000000000002271|0000000002225479|100.00
17032026|938382|0000000000000640|0000000000628480|0000000000000640|0000000000629270|100.00
17032026|938384|0000000000000005|0000000000004950|0000000000000005|0000000000004950|100.00
17032026|938436|0000000000000020|0000000000019400|0000000000000020|0000000000019400|100.00
17032026|938444|0000000000000037|0000000000046546|0000000000000037|0000000000046546|100.00
17032026|938518|0000000000000041|0000000000040877|0000000000000041|0000000000040877|100.00
17032026|938524|0000000000000283|0000000000282944|0000000000000283|0000000000281057|100.00
17032026|938530|0000000000000010|0000000000009918|0000000000000010|0000000000009918|100.00
17032026|938532|0000000000000021|0000000000022491|0000000000000021|0000000000019971|100.00
17032026|938556|0000000000000050|0000000000053191|0000000000000050|0000000000053191|100.00
17032026|938562|0000000000000070|0000000000087360|0000000000000090|0000000000111572|077.78
17032026|938568|0000000000000030|0000000000029250|0000000000000060|0000000000056580|050.00
17032026|938584|0000000000000001|0000000000001062|0000000000000001|0000000000001061|100.00
17032026|938588|0000000000000080|0000000000085440|0000000000000080|0000000000085320|100.00
17032026|938604|0000000000000005|0000000000004965|0000000000000005|0000000000004965|100.00
17032026|938608|0000000000000085|0000000000099705|0000000000000085|0000000000099705|100.00
17032026|938630|0000000000000025|0000000000030920|0000000000000025|0000000000030920|100.00
17032026|938652|0000000000000050|0000000000049350|0000000000000050|0000000000049350|100.00
17032026|938656|0000000000004004|0000000005045040|0000000000004004|0000000005045040|100.00
17032026|938664|0000000000000140|0000000000139300|0000000000000140|0000000000139300|100.00
17032026|938698|0000000000000020|0000000000020810|0000000000000020|0000000000020810|100.00
17032026|938702|0000000000000100|0000000000104000|0000000000000200|0000000000207000|050.00
17032026|938742|0000000000000015|0000000000015360|0000000000000015|0000000000015360|100.00
17032026|938790|0000000000000090|0000000000089550|0000000000000090|0000000000089550|100.00
17032026|938850|0000000000000001|0000000000000900|0000000000000001|0000000000000900|100.00
17032026|938862|0000000000000034|0000000000033728|0000000000000034|0000000000033728|100.00
17032026|938880|0000000000000201|0000000000244979|0000000000000301|0000000000363618|066.78
17032026|938884|0000000000000010|0000000000011895|0000000000000010|0000000000011894|100.00
17032026|938898|0000000000000010|0000000000009930|0000000000000010|0000000000009930|100.00
17032026|938902|0000000000000028|0000000000034054|0000000000000028|0000000000034150|100.00
17032026|938958|0000000000000940|0000000001000151|0000000000001040|0000000001089913|090.38
17032026|939010|0000000000000083|0000000000028827|0000000000000083|0000000000028826|100.00
17032026|939012|0000000000000200|0000000000198800|0000000000000218|0000000000214206|091.74
17032026|939044|0000000000000035|0000000000043925|0000000000000035|0000000000043925|100.00
17032026|939054|0000000000000637|0000000000621075|0000000000000637|0000000000621075|100.00
17032026|939056|0000000000000019|0000000000017501|0000000000000019|0000000000017500|100.00
17032026|939140|0000000000000010|0000000000009750|0000000000000010|0000000000009750|100.00
17032026|939164|0000000000000010|0000000000009950|0000000000000010|0000000000009950|100.00
17032026|939182|0000000000000051|0000000000051000|0000000000000051|0000000000051000|100.00
17032026|939202|0000000000000050|0000000000058250|0000000000000050|0000000000058250|100.00
17032026|939206|0000000000000005|0000000000005005|0000000000000005|0000000000005005|100.00
17032026|939234|0000000000000368|0000000000366160|0000000000000368|0000000000366160|100.00
17032026|939264|0000000000000075|0000000000073504|0000000000000075|0000000000074661|100.00
17032026|939311|0000000000000005|0000000000005000|0000000000000005|0000000000005000|100.00
17032026|939331|0000000000000006|0000000000006030|0000000000000006|0000000000006030|100.00
17032026|939411|0000000000000101|0000000000117948|0000000000000101|0000000000117947|100.00
17032026|939437|0000000000000115|0000000000112907|0000000000000115|0000000000112907|100.00
17032026|939449|0000000000000252|0000000000249480|0000000000000252|0000000000249580|100.00
17032026|939451|0000000000000020|0000000000021364|0000000000000020|0000000000021364|100.00
17032026|939471|0000000000000290|0000000000337270|0000000000000290|0000000000337230|100.00
17032026|939531|0000000000000033|0000000000032010|0000000000000066|0000000000062535|050.00
17032026|939541|0000000000000201|0000000000210584|0000000000000201|0000000000210583|100.00
17032026|939585|0000000000000100|0000000000103020|0000000000000100|0000000000103020|100.00
17032026|939617|0000000000000170|0000000000167280|0000000000000170|0000000000167280|100.00
17032026|939623|0000000000000001|0000000000001000|0000000000000001|0000000000001000|100.00
17032026|939629|0000000000000051|0000000000053040|0000000000000051|0000000000053040|100.00
17032026|939711|0000000000000011|0000000000010956|0000000000000011|0000000000010956|100.00
17032026|939727|0000000000000069|0000000000072588|0000000000000069|0000000000072613|100.00
17032026|939731|0000000000000003|0000000000003141|0000000000000003|0000000000003141|100.00
17032026|939735|0000000000000011|0000000000012595|0000000000000011|0000000000012595|100.00
17032026|939743|0000000000000100|0000000000099580|0000000000000200|0000000000191580|050.00
17032026|939753|0000000000000070|0000000000079345|0000000000000070|0000000000079345|100.00
17032026|939803|0000000000000120|0000000000126576|0000000000000120|0000000000126576|100.00
17032026|939807|0000000000000010|0000000000009551|0000000000000010|0000000000009550|100.00
17032026|939809|0000000000000025|0000000000026450|0000000000000025|0000000000026377|100.00
17032026|939849|0000000000000005|0000000000005025|0000000000000005|0000000000005025|100.00
17032026|939851|0000000000000002|0000000000002058|0000000000000002|0000000000002057|100.00
17032026|939855|0000000000000089|0000000000089000|0000000000000089|0000000000088999|100.00
17032026|939857|0000000000000046|0000000000045540|0000000000000046|0000000000046622|100.00
17032026|939863|0000000000000100|0000000000098600|0000000000000100|0000000000098600|100.00
17032026|939885|0000000000000120|0000000000131400|0000000000000120|0000000000131400|100.00
17032026|939905|0000000000000010|0000000000009201|0000000000000020|0000000000018402|050.00
17032026|939907|0000000000000020|0000000000021002|0000000000000020|0000000000021002|100.00
17032026|939979|0000000000000074|0000000000075770|0000000000000074|0000000000075769|100.00
17032026|940049|0000000000000350|0000000000351750|0000000000000350|0000000000351750|100.00
17032026|940053|0000000000000150|0000000000148920|0000000000000160|0000000000158847|093.75
17032026|940067|0000000000000079|0000000000080975|0000000000000079|0000000000080975|100.00
17032026|940101|0000000000000060|0000000000059400|0000000000000060|0000000000059400|100.00
17032026|940159|0000000000000030|0000000000029736|0000000000000030|0000000000029736|100.00
17032026|940165|0000000000000060|0000000000060300|0000000000000060|0000000000060300|100.00
17032026|940227|0000000000000792|0000000000789735|0000000000000862|0000000000845959|091.88
17032026|940233|0000000000000003|0000000000003145|0000000000000003|0000000000003144|100.00
17032026|940235|0000000000000128|0000000000124544|0000000000000128|0000000000125664|100.00
17032026|940283|0000000000000450|0000000000445050|0000000000000450|0000000000445050|100.00
17032026|940319|0000000000000070|0000000000074550|0000000000000090|0000000000095298|077.78
17032026|940323|0000000000000052|0000000000055120|0000000000000052|0000000000055120|100.00
17032026|940325|0000000000000016|0000000000016048|0000000000000017|0000000000017050|094.12
17032026|940339|0000000000000020|0000000000020000|0000000000000020|0000000000020000|100.00
17032026|940377|0000000000000100|0000000000100800|0000000000000100|0000000000100800|100.00
17032026|940385|0000000000000001|0000000000000990|0000000000000001|0000000000000990|100.00
17032026|940391|0000000000000130|0000000000129870|0000000000000130|0000000000129870|100.00
17032026|940395|0000000000000005|0000000000005254|0000000000000010|0000000000010508|050.00
17032026|940421|0000000000000001|0000000000000945|0000000000000001|0000000000000945|100.00
17032026|940423|0000000000000006|0000000000006194|0000000000000006|0000000000006193|100.00
17032026|940425|0000000000000345|0000000000358110|0000000000000345|0000000000358110|100.00
17032026|940427|0000000000000010|0000000000009850|0000000000000010|0000000000009850|100.00
17032026|940435|0000000000000100|0000000000103150|0000000000000100|0000000000103150|100.00
17032026|940437|0000000000000008|0000000000008320|0000000000000008|0000000000008315|100.00
17032026|940453|0000000000000003|0000000000003073|0000000000000003|0000000000003072|100.00
17032026|940457|0000000000000450|0000000000465300|0000000000000450|0000000000465900|100.00
17032026|940459|0000000000000007|0000000000007205|0000000000000007|0000000000007204|100.00
17032026|940473|0000000000000005|0000000000005299|0000000000000005|0000000000005299|100.00
17032026|940479|0000000000001630|0000000001744100|0000000000001712|0000000001827805|095.21
17032026|940485|0000000000000035|0000000000035000|0000000000000035|0000000000035000|100.00
17032026|940489|0000000000000020|0000000000020556|0000000000000020|0000000000020556|100.00
17032026|940501|0000000000000246|0000000000240945|0000000000000246|0000000000242153|100.00
17032026|940505|0000000000000050|0000000000051250|0000000000000050|0000000000051250|100.00
17032026|940509|0000000000000010|0000000000009960|0000000000000010|0000000000009960|100.00
17032026|940515|0000000000000021|0000000000021609|0000000000000021|0000000000021609|100.00
17032026|940519|0000000000000010|0000000000010230|0000000000000010|0000000000010230|100.00
17032026|940527|0000000000000010|0000000000009800|0000000000000010|0000000000009800|100.00
17032026|940547|0000000000000010|0000000000009950|0000000000000010|0000000000009950|100.00
17032026|940551|0000000000000151|0000000000161590|0000000000000151|0000000000161590|100.00
17032026|940559|0000000000000010|0000000000009750|0000000000000010|0000000000009750|100.00
17032026|940607|0000000000000019|0000000000018980|0000000000000019|0000000000018760|100.00
17032026|940609|0000000000000050|0000000000051350|0000000000000050|0000000000051350|100.00
17032026|940619|0000000000000066|0000000000057488|0000000000000066|0000000000057737|100.00
17032026|940635|0000000000000224|0000000000217254|0000000000000235|0000000000227894|095.32
17032026|940643|0000000000000024|0000000000024214|0000000000000024|0000000000024213|100.00
17032026|940649|0000000000000079|0000000000077657|0000000000000079|0000000000077657|100.00
17032026|940651|0000000000000050|0000000000050550|0000000000000050|0000000000050550|100.00
17032026|940655|0000000000000139|0000000000136498|0000000000000139|0000000000136522|100.00
17032026|940661|0000000000000130|0000000000123515|0000000000000130|0000000000123511|100.00
17032026|940671|0000000000000025|0000000000024920|0000000000000025|0000000000024920|100.00
17032026|940675|0000000000000016|0000000000015728|0000000000000016|0000000000015728|100.00
17032026|940689|0000000000000200|0000000000194000|0000000000000250|0000000000238722|080.00
17032026|940705|0000000000000010|0000000000009804|0000000000000010|0000000000009803|100.00
17032026|940715|0000000000000059|0000000000057880|0000000000000059|0000000000057845|100.00
17032026|940723|0000000000000002|0000000000001943|0000000000000002|0000000000001942|100.00
17032026|940731|0000000000000001|0000000000000985|0000000000000001|0000000000000985|100.00
17032026|940743|0000000000000057|0000000000055290|0000000000000057|0000000000055290|100.00
17032026|940745|0000000000000100|0000000000096100|0000000000000200|0000000000195734|050.00
17032026|940749|0000000000000004|0000000000003996|0000000000000004|0000000000003996|100.00
17032026|940751|0000000000000010|0000000000009930|0000000000000010|0000000000009930|100.00
17032026|940757|0000000000000030|0000000000027540|0000000000000030|0000000000027539|100.00
17032026|940759|0000000000000007|0000000000006867|0000000000000007|0000000000006867|100.00
17032026|940777|0000000000000086|0000000000073100|0000000000000096|0000000000083271|089.58
17032026|940795|0000000000000020|0000000000019495|0000000000000020|0000000000019495|100.00
17032026|940799|0000000000000138|0000000000133343|0000000000000138|0000000000133342|100.00
17032026|940819|0000000000000061|0000000000060695|0000000000000061|0000000000060770|100.00
17032026|940835|0000000000000032|0000000000032640|0000000000000032|0000000000032640|100.00
17032026|940837|0000000000000030|0000000000029640|0000000000000031|0000000000030605|096.77
17032026|940841|0000000000000126|0000000000125496|0000000000000131|0000000000131310|096.18
17032026|940849|0000000000000006|0000000000006013|0000000000000006|0000000000006040|100.00
17032026|940853|0000000000000400|0000000000444800|0000000000000400|0000000000444800|100.00
17032026|940855|0000000000000065|0000000000065390|0000000000000065|0000000000065390|100.00
17032026|940859|0000000000000175|0000000000168947|0000000000000175|0000000000170489|100.00
17032026|940872|0000000000000080|0000000000077759|0000000000000110|0000000000106211|072.73
17032026|940874|0000000000000006|0000000000005700|0000000000000012|0000000000011360|050.00
17032026|940878|0000000000000010|0000000000009400|0000000000000010|0000000000009400|100.00
17032026|940886|0000000000000008|0000000000007432|0000000000000008|0000000000007434|100.00
17032026|940894|0000000000000105|0000000000104651|0000000000000121|0000000000120459|086.78
17032026|940898|0000000000000300|0000000000288000|0000000000000338|0000000000322480|088.76
17032026|940902|0000000000000001|0000000000000990|0000000000000001|0000000000000989|100.00
17032026|940906|0000000000000070|0000000000067900|0000000000000090|0000000000086649|077.78
17032026|940915|0000000000000010|0000000000009500|0000000000000010|0000000000009410|100.00
17032026|940933|0000000000000352|0000000000339578|0000000000000352|0000000000340943|100.00
17032026|940937|0000000000000050|0000000000049725|0000000000000050|0000000000049725|100.00
17032026|940939|0000000000000035|0000000000034726|0000000000000035|0000000000034725|100.00
17032026|940943|0000000000000220|0000000000211640|0000000000000220|0000000000217240|100.00
17032026|940955|0000000000000143|0000000000146575|0000000000000151|0000000000145952|094.70
17032026|953148|0000000000000001|0000000000234500|0000000000000001|0000000000234500|100.00
17032026|960121|0000000000000047|0000000047242255|0000000000000047|0000000047242254|100.00
17032026|961728|0000000000000025|0000000000026475|0000000000000025|0000000000026475|100.00
17032026|961753|0000000000000038|0000000000039520|0000000000000038|0000000000039520|100.00
17032026|961754|0000000000001013|0000000001140841|0000000000001013|0000000001138177|100.00
17032026|961779|0000000000000100|0000000000109600|0000000000000100|0000000000109600|100.00
17032026|961780|0000000000000102|0000000000124950|0000000000000102|0000000000124950|100.00
17032026|961791|0000000000000060|0000000000068340|0000000000000063|0000000000068287|095.24
17032026|961792|0000000000000001|0000000000001256|0000000000000001|0000000000001255|100.00
17032026|961797|0000000000000100|0000000000125000|0000000000000100|0000000000125000|100.00
17032026|961804|0000000000000105|0000000000129675|0000000000000105|0000000000129675|100.00
17032026|961816|0000000000001000|0000000001235060|0000000000001000|0000000001235067|100.00
17032026|961825|0000000000000780|0000000000842837|0000000000000850|0000000000920423|091.76
17032026|961826|0000000000000432|0000000000470448|0000000000000450|0000000000491283|096.00
17032026|961839|0000000000000001|0000000000001114|0000000000000001|0000000000001113|100.00
17032026|961851|0000000000001344|0000000001451117|0000000000001344|0000000001453460|100.00
17032026|961853|0000000000000001|0000000000001163|0000000000000001|0000000000001162|100.00
17032026|961875|0000000000000200|0000000000228000|0000000000000200|0000000000228000|100.00
17032026|961877|0000000000000100|0000000000129400|0000000000000100|0000000000129400|100.00
17032026|961895|0000000000000064|0000000000070464|0000000000000064|0000000000069910|100.00
17032026|961910|0000000000000156|0000000000186406|0000000000000156|0000000000186403|100.00
17032026|972655|0000000000000160|0000000006976080|0000000000000160|0000000006981429|100.00
17032026|972657|0000000000000020|0000000000212100|0000000000000020|0000000000212050|100.00
17032026|972715|0000000000000004|0000000000065044|0000000000000004|0000000000065044|100.00
17032026|972722|0000000000000009|0000000000045932|0000000000000009|0000000000046646|100.00
17032026|973027|0000000000000002|0000000002075452|0000000000000002|0000000002073426|100.00
17032026|973491|0000000000004981|0000000003596781|0000000000007204|0000000005209779|069.14
17032026|973883|0000000000000002|0000000002120000|0000000000000002|0000000002120000|100.00
17032026|974285|0000000000000001|0000000001026001|0000000000000001|0000000001026000|100.00
17032026|974634|0000000000000036|0000000004809780|0000000000000038|0000000005058183|094.74
17032026|974635|0000000000001497|0000000200186325|0000000000001527|0000000204159380|098.04
17032026|974654|0000000000000026|0000000002600026|0000000000000026|0000000002600725|100.00
17032026|974720|0000000000000010|0000000001000000|0000000000000010|0000000001000000|100.00
17032026|974998|0000000000000001|0000000000102155|0000000000000001|0000000000102155|100.00
17032026|974999|0000000000000337|0000000043136000|0000000000000337|0000000043175851|100.00
17032026|975012|0000000000000012|0000000001200960|0000000000000012|0000000001200960|100.00
17032026|975057|0000000000000001|0000000000101800|0000000000000001|0000000000101800|100.00
17032026|975107|0000000000000001|0000000000098000|0000000000000001|0000000000098000|100.00
17032026|975118|0000000000000002|0000000000198000|0000000000000002|0000000000198000|100.00
17032026|975235|0000000000000008|0000000000824000|0000000000000008|0000000000824000|100.00
17032026|975239|0000000000000004|0000000000394437|0000000000000004|0000000000394350|100.00
17032026|975280|0000000000000002|0000000000205000|0000000000000002|0000000000205000|100.00
17032026|975282|0000000000000001|0000000000099000|0000000000000001|0000000000099000|100.00
17032026|975520|0000000000000001|0000000000098500|0000000000000001|0000000000098500|100.00
17032026|975630|0000000000000003|0000000000291930|0000000000000003|0000000000291930|100.00
17032026|975694|0000000000000025|0000000003000000|0000000000000025|0000000003015960|100.00
17032026|975799|0000000000000001|0000000000099001|0000000000000001|0000000000099001|100.00
17032026|975903|0000000000000001|0000000000111000|0000000000000001|0000000000111000|100.00
17032026|976020|0000000000000212|0000000026309200|0000000000000212|0000000026309200|100.00
17032026|976036|0000000000000050|0000000000502500|0000000000000050|0000000000502500|100.00
17032026|976049|0000000000000003|0000000000057000|0000000000000003|0000000000067000|100.00
17032026|976146|0000000000000010|0000000000049140|0000000000000010|0000000000049139|100.00
17032026|976228|0000000000000069|0000000000693450|0000000000000069|0000000000693450|100.00
17032026|976248|0000000000000122|0000000013891042|0000000000000122|0000000013890184|100.00
17032026|976275|0000000000000003|0000000000029891|0000000000000003|0000000000029890|100.00
17032026|976290|0000000000000001|0000000000101000|0000000000000001|0000000000101000|100.00
17032026|976293|0000000000000001|0000000000102000|0000000000000001|0000000000102000|100.00
17032026|976325|0000000000000003|0000000000030015|0000000000000003|0000000000030015|100.00
17032026|976345|0000000000000002|0000000000100243|0000000000000003|0000000000150085|066.67
17032026|976411|0000000000000002|0000000000191000|0000000000000002|0000000000191000|100.00
17032026|976421|0000000000000001|0000000000009796|0000000000000001|0000000000009796|100.00
17032026|976423|0000000000000032|0000000000319254|0000000000000032|0000000000319129|100.00
17032026|976437|0000000000000020|0000000000199789|0000000000000027|0000000000269100|074.07
17032026|976443|0000000000000003|0000000000030024|0000000000000003|0000000000030024|100.00
17032026|976492|0000000000000017|0000000000169322|0000000000000017|0000000000168841|100.00
17032026|976535|0000000000000001|0000000000089195|0000000000000002|0000000000199194|050.00
17032026|976597|0000000000000001|0000000000082900|0000000000000001|0000000000082900|100.00
17032026|976618|0000000000000002|0000000000194342|0000000000000002|0000000000194341|100.00
17032026|976653|0000000000000005|0000000000281465|0000000000000005|0000000000280877|100.00
17032026|976675|0000000000000006|0000000000601800|0000000000000006|0000000000600448|100.00
17032026|976685|0000000000000021|0000000000209242|0000000000000021|0000000000208989|100.00
17032026|976690|0000000000000005|0000000000496480|0000000000000005|0000000000492158|100.00
17032026|976712|0000000000000001|0000000000010075|0000000000000001|0000000000010075|100.00
17032026|976751|0000000000000024|0000000002356741|0000000000000024|0000000002356740|100.00
17032026|976752|0000000000000004|0000000000398155|0000000000000004|0000000000398154|100.00
17032026|976767|0000000000000010|0000000000100269|0000000000000010|0000000000100268|100.00
17032026|976776|0000000000000001|0000000000099268|0000000000000001|0000000000099267|100.00
17032026|976808|0000000000000052|0000000000520000|0000000000000058|0000000000579733|089.66
17032026|976819|0000000000000002|0000000000186261|0000000000000002|0000000000186260|100.00
17032026|976830|0000000000000006|0000000000062763|0000000000000006|0000000000062763|100.00
17032026|976832|0000000000000010|0000000000099232|0000000000000010|0000000000099240|100.00
17032026|976868|0000000000000002|0000000000192814|0000000000000002|0000000000192815|100.00
17032026|976924|0000000000000001|0000000000009700|0000000000000001|0000000000009700|100.00
17032026|976929|0000000000000007|0000000000700000|0000000000000008|0000000000794150|087.50
17032026|976930|0000000000000009|0000000000895374|0000000000000010|0000000000995520|090.00
17032026|976968|0000000000000001|0000000000101500|0000000000000001|0000000000101500|100.00
17032026|976970|0000000000000012|0000000001215335|0000000000000012|0000000001215334|100.00
17032026|976976|0000000000000026|0000000002593760|0000000000000026|0000000002593829|100.00
17032026|977001|0000000000000005|0000000000505000|0000000000000005|0000000000502000|100.00
17032026|977017|0000000000000032|0000000000318087|0000000000000033|0000000000328069|096.97
17032026|977023|0000000000000002|0000000000200000|0000000000000002|0000000000200000|100.00
17032026|977038|0000000000000001|0000000000009900|0000000000000001|0000000000009900|100.00
17032026|977044|0000000000000076|0000000000748588|0000000000000078|0000000000767395|097.44
17032026|977064|0000000000000001|0000000000008700|0000000000000001|0000000000008700|100.00
17032026|977068|0000000000000014|0000000000109760|0000000000000014|0000000000135240|100.00
17032026|977075|0000000000000006|0000000000602385|0000000000000006|0000000000602384|100.00
17032026|977093|0000000000000201|0000000021166506|0000000000000201|0000000021166506|100.00
17032026|977117|0000000000000009|0000000000891000|0000000000000009|0000000000890850|100.00
17032026|977128|0000000000000005|0000000000049500|0000000000000005|0000000000049500|100.00
17032026|977205|0000000000000018|0000000000176958|0000000000000018|0000000000177012|100.00
17032026|977226|0000000000000001|0000000000100689|0000000000000001|0000000000100688|100.00
17032026|977228|0000000000000006|0000000000059759|0000000000000006|0000000000059698|100.00
17032026|977241|0000000000000074|0000000000725200|0000000000000087|0000000000840334|085.06
17032026|977249|0000000000000080|0000000000785453|0000000000000080|0000000000777602|100.00
17032026|977250|0000000000000002|0000000000019560|0000000000000002|0000000000019560|100.00
17032026|977298|0000000000000239|0000000002270498|0000000000000239|0000000002270498|100.00
17032026|977309|0000000000000038|0000000000368600|0000000000000038|0000000000366290|100.00
17032026|977317|0000000000000024|0000000002232000|0000000000000024|0000000002232000|100.00
17032026|977331|0000000000000004|0000000000396884|0000000000000004|0000000000396884|100.00
17032026|977367|0000000000000026|0000000000254800|0000000000000026|0000000000254800|100.00
17032026|977379|0000000000000001|0000000000098800|0000000000000001|0000000000098800|100.00
17032026|977387|0000000000000001|0000000000090000|0000000000000001|0000000000090000|100.00
17032026|977396|0000000000000002|0000000000196000|0000000000000002|0000000000197000|100.00
17032026|977397|0000000000000001|0000000000099551|0000000000000001|0000000000099550|100.00
17032026|977411|0000000000000001|0000000000009801|0000000000000001|0000000000009801|100.00
17032026|977424|0000000000000001|0000000000102100|0000000000000001|0000000000102100|100.00
17032026|977440|0000000000000002|0000000000199574|0000000000000002|0000000000199573|100.00
17032026|977468|0000000000000005|0000000000510851|0000000000000005|0000000000510850|100.00
17032026|977474|0000000000000100|0000000010299500|0000000000000100|0000000010299500|100.00
17032026|977502|0000000000000002|0000000000015000|0000000000000002|0000000000016899|100.00
17032026|977508|0000000000000001|0000000000010002|0000000000000001|0000000000010002|100.00
17032026|977531|0000000000000020|0000000002044600|0000000000000020|0000000002022300|100.00
17032026|977532|0000000000000050|0000000005053650|0000000000000050|0000000005053650|100.00
17032026|977541|0000000000000002|0000000000019722|0000000000000002|0000000000019721|100.00
17032026|977576|0000000000000024|0000000000235212|0000000000000024|0000000000236104|100.00
