DATE|SCRIP CODE|DELIVERY QTY|DELIVERY VAL|DAY'S VOLUME|DAY'S TURNOVER|DELV. PER.
16032026|939044|0000000000000025|0000000000031250|0000000000000025|0000000000031250|100.00
16032026|939054|0000000000000038|0000000000037810|0000000000000038|0000000000037810|100.00
16032026|939056|0000000000000010|0000000000009060|0000000000000010|0000000000009060|100.00
16032026|939098|0000000000000010|0000000000011600|0000000000000015|0000000000016300|066.67
16032026|939182|0000000000000118|0000000000118000|0000000000000125|0000000000126034|094.40
16032026|939190|0000000000000363|0000000000360459|0000000000000626|0000000000592473|057.99
16032026|939192|0000000000000352|0000000000352704|0000000000000352|0000000000352854|100.00
16032026|939196|0000000000000150|0000000000149820|0000000000000150|0000000000149554|100.00
16032026|939200|0000000000000195|0000000000248820|0000000000000195|0000000000248820|100.00
16032026|939212|0000000000000010|0000000000010000|0000000000000010|0000000000010000|100.00
16032026|939214|0000000000000565|0000000000571215|0000000000000565|0000000000571215|100.00
16032026|939250|0000000000000001|0000000000001069|0000000000000001|0000000000001068|100.00
16032026|939264|0000000000000016|0000000000016080|0000000000000026|0000000000026210|061.54
16032026|939266|0000000000000025|0000000000027555|0000000000000025|0000000000027555|100.00
16032026|939288|0000000000000008|0000000000007762|0000000000000008|0000000000007761|100.00
16032026|939290|0000000000000010|0000000000010073|0000000000000010|0000000000010073|100.00
16032026|939321|0000000000000010|0000000000010000|0000000000000020|0000000000019750|050.00
16032026|939335|0000000000000110|0000000000110880|0000000000000110|0000000000110880|100.00
16032026|939381|0000000000000100|0000000000105000|0000000000000100|0000000000105000|100.00
16032026|939407|0000000000000065|0000000000064545|0000000000000065|0000000000064545|100.00
16032026|939427|0000000000000010|0000000000009750|0000000000000010|0000000000009750|100.00
16032026|939449|0000000000000150|0000000000148500|0000000000000150|0000000000148625|100.00
16032026|939461|0000000000000488|0000000000649040|0000000000000488|0000000000649040|100.00
16032026|939477|0000000000000015|0000000000015270|0000000000000015|0000000000015270|100.00
16032026|939493|0000000000000010|0000000000009890|0000000000000010|0000000000009890|100.00
16032026|939495|0000000000000010|0000000000010000|0000000000000010|0000000000010000|100.00
16032026|939565|0000000000000010|0000000000010010|0000000000000010|0000000000010010|100.00
16032026|939569|0000000000000010|0000000000010562|0000000000000010|0000000000010562|100.00
16032026|939581|0000000000000005|0000000000005764|0000000000000005|0000000000005764|100.00
16032026|939585|0000000000000004|0000000000004121|0000000000000004|0000000000004120|100.00
16032026|939607|0000000000000010|0000000000009840|0000000000000020|0000000000019590|050.00
16032026|939617|0000000000000011|0000000000010879|0000000000000011|0000000000010879|100.00
16032026|939629|0000000000000409|0000000000425360|0000000000000409|0000000000426504|100.00
16032026|939631|0000000000000118|0000000000119180|0000000000000118|0000000000118430|100.00
16032026|939639|0000000000000050|0000000000052500|0000000000000050|0000000000052429|100.00
16032026|939659|0000000000000375|0000000000386250|0000000000000389|0000000000376230|096.40
16032026|939689|0000000000000010|0000000000009800|0000000000000010|0000000000009800|100.00
16032026|939709|0000000000000010|0000000000011400|0000000000000020|0000000000022400|050.00
16032026|939711|0000000000000004|0000000000003984|0000000000000004|0000000000003984|100.00
16032026|939713|0000000000000006|0000000000006600|0000000000000006|0000000000006600|100.00
16032026|939727|0000000000000037|0000000000038924|0000000000000037|0000000000038924|100.00
16032026|939731|0000000000001086|0000000001110935|0000000000001239|0000000001274430|087.65
16032026|939733|0000000000000160|0000000000172800|0000000000000160|0000000000172800|100.00
16032026|939737|0000000000000015|0000000000014779|0000000000000015|0000000000014778|100.00
16032026|939743|0000000000000200|0000000000198126|0000000000000300|0000000000282063|066.67
16032026|939747|0000000000000300|0000000000303966|0000000000000495|0000000000504321|060.61
16032026|939753|0000000000000010|0000000000011200|0000000000000010|0000000000011200|100.00
16032026|939807|0000000000000010|0000000000011000|0000000000000010|0000000000011000|100.00
16032026|939809|0000000000001000|0000000001050720|0000000000001000|0000000001050720|100.00
16032026|939813|0000000000000202|0000000000206040|0000000000000222|0000000000225933|090.99
16032026|939829|0000000000000010|0000000000010164|0000000000000010|0000000000010164|100.00
16032026|939849|0000000000000142|0000000000141333|0000000000000142|0000000000141332|100.00
16032026|939851|0000000000000002|0000000000002058|0000000000000002|0000000000002057|100.00
16032026|939863|0000000000000002|0000000000001998|0000000000000002|0000000000001998|100.00
16032026|939869|0000000000000019|0000000000019038|0000000000000019|0000000000019038|100.00
16032026|939879|0000000000000725|0000000000812000|0000000000000725|0000000000809100|100.00
16032026|939893|0000000000000010|0000000000009900|0000000000000023|0000000000022370|043.48
16032026|939913|0000000000000011|0000000000010725|0000000000000011|0000000000010725|100.00
16032026|939923|0000000000000162|0000000000162000|0000000000000162|0000000000162000|100.00
16032026|939951|0000000000000010|0000000000009820|0000000000000017|0000000000016624|058.82
16032026|939957|0000000000000025|0000000000027255|0000000000000025|0000000000027255|100.00
16032026|940019|0000000000000056|0000000000054768|0000000000000056|0000000000054768|100.00
16032026|940049|0000000000000031|0000000000031310|0000000000000031|0000000000031310|100.00
16032026|940053|0000000000000150|0000000000147255|0000000000000150|0000000000147255|100.00
16032026|940067|0000000000000095|0000000000097375|0000000000000095|0000000000097375|100.00
16032026|940085|0000000000000020|0000000000019800|0000000000000020|0000000000019800|100.00
16032026|940099|0000000000000665|0000000000718333|0000000000000665|0000000000720293|100.00
16032026|940101|0000000000000040|0000000000040000|0000000000000040|0000000000040000|100.00
16032026|940103|0000000000000425|0000000000420835|0000000000000425|0000000000420978|100.00
16032026|940161|0000000000000003|0000000000002790|0000000000000003|0000000000002790|100.00
16032026|940179|0000000000000010|0000000000010675|0000000000000010|0000000000010675|100.00
16032026|940181|0000000000000100|0000000000105020|0000000000000100|0000000000105020|100.00
16032026|940201|0000000000001300|0000000001160471|0000000000002062|0000000001820889|063.05
16032026|940207|0000000000000009|0000000000009621|0000000000000009|0000000000009621|100.00
16032026|940227|0000000000000673|0000000000666277|0000000000000673|0000000000668519|100.00
16032026|940231|0000000000000010|0000000000009700|0000000000000010|0000000000009700|100.00
16032026|940235|0000000000000022|0000000000021758|0000000000000022|0000000000021758|100.00
16032026|940255|0000000000000100|0000000000100900|0000000000000100|0000000000100855|100.00
16032026|940279|0000000000000010|0000000000009910|0000000000000010|0000000000009910|100.00
16032026|940281|0000000000000010|0000000000010610|0000000000000020|0000000000021210|050.00
16032026|940283|0000000000000050|0000000000049450|0000000000000050|0000000000049450|100.00
16032026|940305|0000000000000100|0000000000107550|0000000000000100|0000000000107550|100.00
16032026|940311|0000000000000020|0000000000020000|0000000000000020|0000000000020000|100.00
16032026|940317|0000000000000005|0000000000005375|0000000000000005|0000000000005375|100.00
16032026|940319|0000000000000421|0000000000448408|0000000000000629|0000000000666015|066.93
16032026|940325|0000000000000187|0000000000185504|0000000000000364|0000000000360404|051.37
16032026|940327|0000000000000043|0000000000045580|0000000000000043|0000000000045580|100.00
16032026|940335|0000000000000070|0000000000073514|0000000000000070|0000000000073339|100.00
16032026|940339|0000000000000050|0000000000050000|0000000000000050|0000000000050000|100.00
16032026|940347|0000000000000050|0000000000050680|0000000000000050|0000000000050680|100.00
16032026|940349|0000000000000003|0000000000003222|0000000000000003|0000000000003221|100.00
16032026|940361|0000000000000200|0000000000200000|0000000000000200|0000000000199125|100.00
16032026|940375|0000000000000010|0000000000010400|0000000000000020|0000000000020300|050.00
16032026|940385|0000000000000327|0000000000323730|0000000000000355|0000000000349705|092.11
16032026|940407|0000000000000001|0000000000000965|0000000000000001|0000000000000965|100.00
16032026|940415|0000000000000400|0000000000388500|0000000000000400|0000000000388500|100.00
16032026|940419|0000000000000011|0000000000011000|0000000000000011|0000000000011000|100.00
16032026|940427|0000000000000051|0000000000049731|0000000000000051|0000000000050425|100.00
16032026|940431|0000000000000003|0000000000003076|0000000000000003|0000000000003075|100.00
16032026|940439|0000000000000178|0000000000178000|0000000000000178|0000000000178000|100.00
16032026|940443|0000000000000157|0000000000154253|0000000000000157|0000000000154328|100.00
16032026|940445|0000000000000025|0000000000024750|0000000000000025|0000000000024750|100.00
16032026|940473|0000000000000001|0000000000001057|0000000000000001|0000000000001057|100.00
16032026|940475|0000000000000055|0000000000058465|0000000000000055|0000000000058465|100.00
16032026|940479|0000000000000193|0000000000204966|0000000000000193|0000000000205097|100.00
16032026|940493|0000000000000050|0000000000049750|0000000000000050|0000000000049750|100.00
16032026|940501|0000000000000154|0000000000150766|0000000000000159|0000000000154692|096.86
16032026|940505|0000000000000015|0000000000015360|0000000000000015|0000000000015360|100.00
16032026|940507|0000000000000020|0000000000018765|0000000000000020|0000000000018931|100.00
16032026|940515|0000000000000013|0000000000013289|0000000000000013|0000000000013288|100.00
16032026|940519|0000000000000039|0000000000039823|0000000000000051|0000000000052240|076.47
16032026|940521|0000000000000020|0000000000020051|0000000000000030|0000000000030338|066.67
16032026|940523|0000000000000105|0000000000102900|0000000000000105|0000000000103167|100.00
16032026|940527|0000000000000007|0000000000006860|0000000000000007|0000000000006860|100.00
16032026|940529|0000000000000050|0000000000049550|0000000000000100|0000000000098800|050.00
16032026|940537|0000000000000010|0000000000009750|0000000000000010|0000000000009750|100.00
16032026|940543|0000000000000190|0000000000187872|0000000000000190|0000000000187872|100.00
16032026|940563|0000000000000013|0000000000013247|0000000000000013|0000000000013247|100.00
16032026|940599|0000000000000005|0000000000004725|0000000000000010|0000000000009425|050.00
16032026|940601|0000000000000245|0000000000239855|0000000000000245|0000000000239925|100.00
16032026|940605|0000000000000001|0000000000000995|0000000000000001|0000000000000995|100.00
16032026|940607|0000000000000500|0000000000487000|0000000000000529|0000000000511761|094.52
16032026|940629|0000000000000008|0000000000007840|0000000000000008|0000000000007840|100.00
16032026|940635|0000000000000013|0000000000012610|0000000000000013|0000000000012610|100.00
16032026|940637|0000000000000060|0000000000057630|0000000000000060|0000000000057630|100.00
16032026|940641|0000000000000049|0000000000049000|0000000000000049|0000000000049000|100.00
16032026|940643|0000000000000021|0000000000021182|0000000000000021|0000000000021219|100.00
16032026|940649|0000000000000031|0000000000030473|0000000000000031|0000000000030473|100.00
16032026|940655|0000000000000127|0000000000119761|0000000000000127|0000000000119761|100.00
16032026|940665|0000000000000028|0000000000028252|0000000000000028|0000000000028067|100.00
16032026|940669|0000000000000051|0000000000050949|0000000000000052|0000000000051891|098.08
16032026|940689|0000000000000023|0000000000022856|0000000000000023|0000000000022855|100.00
16032026|940691|0000000000000160|0000000000161920|0000000000000160|0000000000161920|100.00
16032026|940693|0000000000000050|0000000000050000|0000000000000050|0000000000050000|100.00
16032026|940695|0000000000000020|0000000000020200|0000000000000020|0000000000020199|100.00
16032026|940699|0000000000000040|0000000000040400|0000000000000040|0000000000040350|100.00
16032026|940703|0000000000000150|0000000000146265|0000000000000150|0000000000146265|100.00
16032026|940705|0000000000000022|0000000000021717|0000000000000022|0000000000021430|100.00
16032026|940709|0000000000000070|0000000000069020|0000000000000070|0000000000069010|100.00
16032026|940713|0000000000000226|0000000000225096|0000000000000274|0000000000273826|082.48
16032026|940715|0000000000000258|0000000000253542|0000000000000348|0000000000342004|074.14
16032026|940725|0000000000000075|0000000000074550|0000000000000075|0000000000074550|100.00
16032026|940727|0000000000000020|0000000000019640|0000000000000030|0000000000029470|066.67
16032026|940729|0000000000000200|0000000000199000|0000000000000200|0000000000199000|100.00
16032026|940731|0000000000000019|0000000000018242|0000000000000019|0000000000018241|100.00
16032026|940745|0000000000000194|0000000000191866|0000000000000244|0000000000236690|079.51
16032026|940747|0000000000000060|0000000000058140|0000000000000070|0000000000067775|085.71
16032026|940751|0000000000000500|0000000000485000|0000000000000500|0000000000485020|100.00
16032026|940757|0000000000000019|0000000000016741|0000000000000019|0000000000016739|100.00
16032026|940759|0000000000000051|0000000000049400|0000000000000102|0000000000099385|050.00
16032026|940765|0000000000000425|0000000000412250|0000000000000425|0000000000412250|100.00
16032026|940777|0000000000000100|0000000000085000|0000000000000100|0000000000085000|100.00
16032026|940799|0000000000000103|0000000000100734|0000000000000103|0000000000100734|100.00
16032026|940823|0000000000000043|0000000000041925|0000000000000043|0000000000042200|100.00
16032026|940825|0000000000000050|0000000000049000|0000000000000051|0000000000048495|098.04
16032026|940837|0000000000000005|0000000000004975|0000000000000005|0000000000004975|100.00
16032026|940841|0000000000000062|0000000000061380|0000000000000082|0000000000081194|075.61
16032026|940855|0000000000000342|0000000000344736|0000000000000342|0000000000344740|100.00
16032026|940859|0000000000000050|0000000000048158|0000000000000050|0000000000048158|100.00
16032026|940862|0000000000000040|0000000000038000|0000000000000040|0000000000038160|100.00
16032026|940864|0000000000000210|0000000000205800|0000000000000210|0000000000207800|100.00
16032026|940868|0000000000000033|0000000000032505|0000000000000038|0000000000036961|086.84
16032026|940870|0000000000000010|0000000000010000|0000000000000010|0000000000009992|100.00
16032026|940872|0000000000001031|0000000001014504|0000000000001101|0000000001072538|093.64
16032026|940874|0000000000000045|0000000000043875|0000000000000052|0000000000049936|086.54
16032026|940886|0000000000000055|0000000000051095|0000000000000055|0000000000052056|100.00
16032026|940890|0000000000000010|0000000000009850|0000000000000010|0000000000009850|100.00
16032026|940894|0000000000000090|0000000000089910|0000000000000090|0000000000089946|100.00
16032026|940898|0000000000000160|0000000000151200|0000000000000160|0000000000153418|100.00
16032026|940902|0000000000000020|0000000000019800|0000000000000020|0000000000019772|100.00
16032026|940904|0000000000000025|0000000000024750|0000000000000025|0000000000024750|100.00
16032026|940906|0000000000000050|0000000000047753|0000000000000050|0000000000047752|100.00
16032026|940915|0000000000000013|0000000000012220|0000000000000013|0000000000012220|100.00
16032026|940929|0000000000000010|0000000000001220|0000000000000010|0000000000001220|100.00
16032026|940939|0000000000000029|0000000000028217|0000000000000029|0000000000028168|100.00
16032026|951899|0000000000000001|0000000000398700|0000000000000001|0000000000398700|100.00
16032026|954527|0000000000000121|0000000031731773|0000000000000121|0000000031731773|100.00
16032026|957209|0000000000000001|0000000001027000|0000000000000001|0000000001027000|100.00
16032026|957809|0000000000000005|0000000005122940|0000000000000005|0000000005109719|100.00
16032026|961713|0000000000000002|0000000000010770|0000000000000002|0000000000010770|100.00
16032026|961714|0000000000000004|0000000000065600|0000000000000004|0000000000065600|100.00
16032026|961728|0000000000001581|0000000001674279|0000000000001591|0000000001684312|099.37
16032026|961730|0000000000000490|0000000000518861|0000000000000490|0000000000519356|100.00
16032026|961734|0000000000000200|0000000000205000|0000000000000200|0000000000205000|100.00
16032026|961744|0000000000000168|0000000000181535|0000000000000168|0000000000181656|100.00
16032026|961754|0000000000000700|0000000000789600|0000000000000700|0000000000789600|100.00
16032026|961758|0000000000000500|0000000000560000|0000000000000500|0000000000560000|100.00
16032026|961773|0000000000000301|0000000000308486|0000000000000301|0000000000308484|100.00
16032026|961779|0000000000000001|0000000000001097|0000000000000001|0000000000001097|100.00
16032026|961785|0000000000000150|0000000000165615|0000000000000150|0000000000165616|100.00
16032026|961792|0000000000000050|0000000000064750|0000000000000050|0000000000064750|100.00
16032026|961796|0000000000000480|0000000000524679|0000000000000480|0000000000524678|100.00
16032026|961798|0000000000000100|0000000000121990|0000000000000100|0000000000121990|100.00
16032026|961803|0000000000000921|0000000001019483|0000000000000921|0000000001019521|100.00
16032026|961804|0000000000000161|0000000000198030|0000000000000161|0000000000198256|100.00
16032026|961810|0000000000000126|0000000000154980|0000000000000135|0000000000166041|093.33
16032026|961815|0000000000000131|0000000000143183|0000000000000131|0000000000143183|100.00
16032026|961826|0000000000000547|0000000000595268|0000000000000547|0000000000595267|100.00
16032026|961835|0000000000000001|0000000000001234|0000000000000001|0000000000001233|100.00
16032026|961839|0000000000000110|0000000000120450|0000000000000110|0000000000120600|100.00
16032026|961851|0000000000000050|0000000000054076|0000000000000050|0000000000054077|100.00
16032026|961863|0000000000000510|0000000000568962|0000000000000520|0000000000580393|098.08
16032026|961885|0000000000000192|0000000000225986|0000000000000192|0000000000225813|100.00
16032026|961895|0000000000000125|0000000000136000|0000000000000125|0000000000136000|100.00
16032026|961897|0000000000000468|0000000000561600|0000000000000468|0000000000561600|100.00
16032026|972655|0000000000000050|0000000002180000|0000000000000050|0000000002180000|100.00
16032026|972657|0000000000000020|0000000000210500|0000000000000020|0000000000209360|100.00
16032026|972715|0000000000000004|0000000000067100|0000000000000008|0000000000132104|050.00
16032026|972721|0000000000000004|0000000000062240|0000000000000005|0000000000077776|080.00
16032026|972722|0000000000000002|0000000000010500|0000000000000002|0000000000010500|100.00
16032026|973491|0000000000012154|0000000008787707|0000000000012154|0000000008788052|100.00
16032026|973881|0000000000000003|0000000003126090|0000000000000003|0000000003147040|100.00
16032026|974043|0000000000000004|0000000004000000|0000000000000004|0000000004000000|100.00
16032026|974284|0000000000000001|0000000001050000|0000000000000001|0000000001050000|100.00
16032026|974285|0000000000000001|0000000001046000|0000000000000001|0000000001046000|100.00
16032026|974449|0000000000000001|0000000001021000|0000000000000001|0000000001021000|100.00
16032026|974634|0000000000000030|0000000003998919|0000000000000030|0000000004001554|100.00
16032026|974635|0000000000002046|0000000273524482|0000000000002058|0000000275117562|099.42
16032026|974914|0000000000000006|0000000000622794|0000000000000006|0000000000622794|100.00
16032026|974990|0000000000000200|0000000021076894|0000000000000200|0000000021076894|100.00
16032026|974998|0000000000000005|0000000000510401|0000000000000005|0000000000510401|100.00
16032026|974999|0000000000000005|0000000000641500|0000000000000005|0000000000641500|100.00
16032026|975057|0000000000000002|0000000000205000|0000000000000002|0000000000205000|100.00
16032026|975059|0000000000000005|0000000000525250|0000000000000005|0000000000525250|100.00
16032026|975229|0000000000000002|0000000000184000|0000000000000002|0000000000184000|100.00
16032026|975231|0000000000000005|0000000000502500|0000000000000005|0000000000502500|100.00
16032026|975251|0000000000000013|0000000001300000|0000000000000013|0000000001300000|100.00
16032026|975375|0000000000000010|0000000000880000|0000000000000010|0000000000896004|100.00
16032026|975562|0000000000000001|0000000000100201|0000000000000001|0000000000100201|100.00
16032026|975629|0000000000000002|0000000000200000|0000000000000002|0000000000200000|100.00
16032026|975677|0000000000000002|0000000000060000|0000000000000003|0000000000106802|066.67
16032026|975694|0000000000000007|0000000000844417|0000000000000007|0000000000844417|100.00
16032026|975799|0000000000000001|0000000000100000|0000000000000001|0000000000100000|100.00
16032026|975903|0000000000000001|0000000000095610|0000000000000002|0000000000216610|050.00
16032026|976036|0000000000000039|0000000000390975|0000000000000039|0000000000390100|100.00
16032026|976049|0000000000000001|0000000000020000|0000000000000001|0000000000020000|100.00
16032026|976112|0000000000000001|0000000000099700|0000000000000001|0000000000099700|100.00
16032026|976248|0000000000000003|0000000000341190|0000000000000003|0000000000341190|100.00
16032026|976261|0000000000000001|0000000000009900|0000000000000002|0000000000018405|050.00
16032026|976291|0000000000000001|0000000000101500|0000000000000001|0000000000101500|100.00
16032026|976293|0000000000000007|0000000000714000|0000000000000008|0000000000808030|087.50
16032026|976294|0000000000000001|0000000000102000|0000000000000001|0000000000102000|100.00
16032026|976325|0000000000000004|0000000000040020|0000000000000004|0000000000039999|100.00
16032026|976345|0000000000000009|0000000000448656|0000000000000010|0000000000498387|090.00
16032026|976346|0000000000000060|0000000005820000|0000000000000060|0000000005820000|100.00
16032026|976411|0000000000000003|0000000000285000|0000000000000003|0000000000288000|100.00
16032026|976423|0000000000000030|0000000000296970|0000000000000036|0000000000356283|083.33
16032026|976437|0000000000000078|0000000000778094|0000000000000078|0000000000776516|100.00
16032026|976443|0000000000000001|0000000000010009|0000000000000001|0000000000010008|100.00
16032026|976448|0000000000000005|0000000000499775|0000000000000005|0000000000499775|100.00
16032026|976483|0000000000000010|0000000000992000|0000000000000010|0000000000986680|100.00
16032026|976489|0000000000000030|0000000000297000|0000000000000030|0000000000297000|100.00
16032026|976492|0000000000000001|0000000000009791|0000000000000001|0000000000009790|100.00
16032026|976533|0000000000000001|0000000000100300|0000000000000001|0000000000100300|100.00
16032026|976560|0000000000000002|0000000000184060|0000000000000002|0000000000184060|100.00
16032026|976623|0000000000000001|0000000000009871|0000000000000001|0000000000009870|100.00
16032026|976653|0000000000000001|0000000000056291|0000000000000001|0000000000056291|100.00
16032026|976660|0000000000000001|0000000000009700|0000000000000001|0000000000009700|100.00
16032026|976690|0000000000000002|0000000000198600|0000000000000002|0000000000198595|100.00
16032026|976712|0000000000000154|0000000001532300|0000000000000154|0000000001539401|100.00
16032026|976751|0000000000000001|0000000000099198|0000000000000001|0000000000099197|100.00
16032026|976752|0000000000000001|0000000000098500|0000000000000001|0000000000098500|100.00
16032026|976757|0000000000000004|0000000000039960|0000000000000004|0000000000039560|100.00
16032026|976808|0000000000000167|0000000001672505|0000000000000183|0000000001831269|091.26
16032026|976819|0000000000000005|0000000000500000|0000000000000005|0000000000500000|100.00
16032026|976832|0000000000000014|0000000000138940|0000000000000014|0000000000138939|100.00
16032026|976868|0000000000000007|0000000000671996|0000000000000008|0000000000764997|087.50
16032026|976875|0000000000000003|0000000000029100|0000000000000003|0000000000029500|100.00
16032026|976896|0000000000000002|0000000000206400|0000000000000002|0000000000198200|100.00
16032026|976929|0000000000000003|0000000000291600|0000000000000003|0000000000293202|100.00
16032026|976930|0000000000000001|0000000000099250|0000000000000001|0000000000099250|100.00
16032026|976943|0000000000000019|0000000000132620|0000000000000019|0000000000132591|100.00
16032026|976970|0000000000000005|0000000000506248|0000000000000005|0000000000506247|100.00
16032026|976985|0000000000000005|0000000000532920|0000000000000006|0000000000636167|083.33
16032026|977001|0000000000000006|0000000000600000|0000000000000006|0000000000599800|100.00
16032026|977009|0000000000000001|0000000000102200|0000000000000001|0000000000102200|100.00
16032026|977012|0000000000000001|0000000000102076|0000000000000001|0000000000102075|100.00
16032026|977017|0000000000000422|0000000004198998|0000000000000462|0000000004592075|091.34
16032026|977022|0000000000000005|0000000000499506|0000000000000005|0000000000499702|100.00
16032026|977028|0000000000000002|0000000000160800|0000000000000002|0000000000160800|100.00
16032026|977038|0000000000000005|0000000000049500|0000000000000005|0000000000049500|100.00
16032026|977044|0000000000000012|0000000000117000|0000000000000015|0000000000146745|080.00
16032026|977068|0000000000000001|0000000000009800|0000000000000001|0000000000009800|100.00
16032026|977073|0000000000000008|0000000000800000|0000000000000008|0000000000799501|100.00
16032026|977093|0000000000000007|0000000000736939|0000000000000007|0000000000736939|100.00
16032026|977117|0000000000000013|0000000001284400|0000000000000013|0000000001284097|100.00
16032026|977159|0000000000000002|0000000000200000|0000000000000002|0000000000200000|100.00
16032026|977160|0000000000000001|0000000000078400|0000000000000002|0000000000177698|050.00
16032026|977200|0000000000000030|0000000003106541|0000000000000030|0000000003106463|100.00
16032026|977205|0000000000000071|0000000000697685|0000000000000072|0000000000705739|098.61
16032026|977226|0000000000000015|0000000001510313|0000000000000016|0000000001612632|093.75
16032026|977228|0000000000000005|0000000000049350|0000000000000005|0000000000049380|100.00
16032026|977241|0000000000000021|0000000000205611|0000000000000029|0000000000281584|072.41
16032026|977249|0000000000000055|0000000000542772|0000000000000055|0000000000539885|100.00
16032026|977282|0000000000000200|0000000020388020|0000000000000200|0000000020388020|100.00
16032026|977298|0000000000000058|0000000000550826|0000000000000058|0000000000550958|100.00
16032026|977309|0000000000000055|0000000000537235|0000000000000056|0000000000543778|098.21
16032026|977325|0000000000000001|0000000000099799|0000000000000001|0000000000099799|100.00
16032026|977331|0000000000000008|0000000000796800|0000000000000008|0000000000795340|100.00
16032026|977367|0000000000000026|0000000000254151|0000000000000026|0000000000254110|100.00
16032026|977379|0000000000000011|0000000001088186|0000000000000011|0000000001088186|100.00
16032026|977380|0000000000000029|0000000002824629|0000000000000029|0000000002823210|100.00
16032026|977382|0000000000000010|0000000000098000|0000000000000010|0000000000098000|100.00
16032026|977410|0000000000000001|0000000000099589|0000000000000001|0000000000099589|100.00
16032026|977413|0000000000000004|0000000000029400|0000000000000005|0000000000042630|080.00
16032026|977424|0000000000000002|0000000000204146|0000000000000002|0000000000204146|100.00
16032026|977431|0000000000000001|0000000000098662|0000000000000001|0000000000098661|100.00
16032026|977440|0000000000000001|0000000000100000|0000000000000001|0000000000100000|100.00
16032026|977488|0000000000000001|0000000000099000|0000000000000001|0000000000099000|100.00
16032026|977529|0000000000000001|0000000000095000|0000000000000001|0000000000095000|100.00
16032026|977532|0000000000000154|0000000015560930|0000000000000174|0000000017581830|088.51
16032026|977541|0000000000000130|0000000001281371|0000000000000130|0000000001281346|100.00
16032026|500002|0000000000008295|0000000051583287|0000000000026950|0000000168230921|030.78
16032026|500003|0000000000012175|0000000007357353|0000000000040594|0000000024277401|029.99
16032026|500008|0000000000039843|0000000030629307|0000000000073788|0000000056553766|054.00
16032026|500009|0000000000199478|0000000005667170|0000000000237611|0000000006539757|083.95
16032026|500012|0000000000082697|0000000003153237|0000000000097419|0000000003688801|084.89
16032026|500013|0000000000000211|0000000000000742|0000000000000211|0000000000000742|100.00
16032026|500014|0000000000009264|0000000000040114|0000000000009746|0000000000041079|095.05
16032026|500016|0000000000001122|0000000000008169|0000000000001373|0000000000010074|081.72
16032026|500020|0000000000029573|0000000003019404|0000000000058116|0000000005907209|050.89
16032026|500023|0000000000004852|0000000001426488|0000000000004918|0000000001445111|098.66
16032026|500027|0000000000000613|0000000003836767|0000000000001241|0000000007789652|049.40
16032026|500028|0000000000020452|0000000000612538|0000000000024790|0000000000742841|082.50
16032026|500031|0000000000009401|0000000003391411|0000000000022957|0000000008272003|040.95
16032026|500032|0000000000464704|0000000007249383|0000000000725106|0000000011386170|064.09
16032026|500033|0000000000006156|0000000127717917|0000000000018522|0000000376879486|033.24
16032026|500034|0000000000195393|0000000171730908|0000000000395129|0000000342339342|049.45
16032026|500038|0000000000061724|0000000029812692|0000000000084886|0000000040665298|072.71
16032026|500039|0000000000031469|0000000017707607|0000000000049071|0000000027483705|064.13
16032026|500040|0000000000030717|0000000033681191|0000000000044293|0000000049222256|069.35
16032026|500041|0000000000000021|0000000000075373|0000000000000022|0000000000079151|095.45
16032026|500042|0000000000000638|0000000002207831|0000000000002565|0000000008789472|024.87
16032026|500043|0000000000010315|0000000007000275|0000000000018975|0000000012953956|054.36
16032026|500048|0000000000020580|0000000030803115|0000000000044852|0000000066881073|045.88
16032026|500049|0000000000719827|0000000309093714|0000000001514103|0000000648661237|047.54
16032026|500051|0000000000003125|0000000000005469|0000000000003250|0000000000005687|096.15
16032026|500052|0000000000018939|0000000001570991|0000000000032872|0000000002758004|057.61
16032026|500058|0000000000046927|0000000000492254|0000000000046927|0000000000492254|100.00
16032026|500059|0000000000002070|0000000000012705|0000000000002070|0000000000012705|100.00
16032026|500060|0000000000015784|0000000002002201|0000000000020603|0000000002645275|076.61
16032026|500067|0000000000005431|0000000009789921|0000000000018846|0000000034001365|028.82
16032026|500068|0000000000000154|0000000001796410|0000000000000218|0000000002450247|070.64
16032026|500069|0000000000000529|0000000000137540|0000000000000530|0000000000137795|099.81
16032026|500074|0000000000008169|0000000000386966|0000000000008750|0000000000421120|093.36
16032026|500078|0000000000000722|0000000000174724|0000000000001142|0000000000278434|063.22
16032026|500083|0000000000026350|0000000000479307|0000000000029559|0000000000542475|089.14
16032026|500084|0000000000095047|0000000014908122|0000000000287589|0000000044913074|033.05
16032026|500085|0000000000017079|0000000007049358|0000000000054130|0000000022005676|031.55
16032026|500086|0000000000084001|0000000024788696|0000000000222862|0000000065597274|037.69
16032026|500087|0000000000008825|0000000011461910|0000000000019316|0000000025181472|045.69
16032026|500089|0000000000000066|0000000000032486|0000000000000079|0000000000040334|083.54
16032026|500092|0000000000003235|0000000012957631|0000000000005449|0000000021926544|059.37
16032026|500093|0000000000802879|0000000560931414|0000000000902657|0000000622924259|088.95
16032026|500096|0000000000044892|0000000020585227|0000000000074953|0000000034110341|059.89
16032026|500097|0000000000010766|0000000003159283|0000000000013976|0000000004014591|077.03
16032026|500101|0000000000005278|0000000001853898|0000000000012290|0000000004249641|042.95
16032026|500103|0000000000087737|0000000022241330|0000000000323923|0000000082123023|027.09
16032026|500104|0000000000186044|0000000065961901|0000000000498052|0000000176606269|037.35
16032026|500106|0000000000447800|0000000024960372|0000000001637746|0000000090651992|027.34
16032026|500108|0000000000086527|0000000002132891|0000000000158181|0000000003902977|054.70
16032026|500109|0000000001117528|0000000231104791|0000000003934558|0000000781234077|028.40
16032026|500110|0000000000088896|0000000087882586|0000000000267311|0000000254347460|033.26
16032026|500112|0000000000239208|0000000255127293|0000000000615161|0000000648303780|038.89
16032026|500113|0000000000396438|0000000057424045|0000000001054880|0000000154123742|037.58
16032026|500114|0000000000011149|0000000045648466|0000000000022334|0000000090823689|049.92
16032026|500116|0000000002171959|0000000167240843|0000000008145406|0000000641502827|026.66
16032026|500117|0000000000056052|0000000002266743|0000000000138240|0000000005627753|040.55
16032026|500119|0000000000015236|0000000001763567|0000000000024471|0000000002829665|062.26
16032026|500120|0000000000002103|0000000000468128|0000000000002155|0000000000473594|097.59
16032026|500123|0000000000001731|0000000013011408|0000000000002242|0000000017168998|077.21
16032026|500124|0000000000020624|0000000026296632|0000000000044302|0000000056583968|046.55
16032026|500125|0000000000006781|0000000005333935|0000000000013722|0000000010731529|049.42
16032026|500126|0000000000000359|0000000001757377|0000000000000772|0000000003714020|046.50
16032026|500128|0000000000096099|0000000006693296|0000000000172236|0000000012071114|055.79
16032026|500133|0000000000000076|0000000000416344|0000000000000110|0000000000593168|069.09
16032026|500135|0000000000022836|0000000004127607|0000000000039293|0000000007059993|058.12
16032026|500136|0000000000045395|0000000004117327|0000000000047975|0000000004351090|094.62
16032026|500142|0000000000005831|0000000000049856|0000000000006576|0000000000056278|088.67
16032026|500143|0000000000002349|0000000001335921|0000000000002349|0000000001335921|100.00
16032026|500144|0000000000008589|0000000007256847|0000000000037816|0000000032059806|022.71
16032026|500147|0000000000005885|0000000026587253|0000000000008689|0000000039738184|067.73
16032026|500148|0000000000000927|0000000000409734|0000000000000947|0000000000419541|097.89
16032026|500150|0000000000000085|0000000000407932|0000000000000137|0000000000630759|062.04
16032026|500151|0000000000000342|0000000000009178|0000000000000342|0000000000009178|100.00
16032026|500153|0000000000013956|0000000001086475|0000000000015585|0000000001214527|089.55
16032026|500159|0000000000000550|0000000000058575|0000000000000554|0000000000057215|099.28
16032026|500160|0000000000016767|0000000000107645|0000000000017807|0000000000115782|094.16
16032026|500163|0000000000019105|0000000038585414|0000000000045517|0000000091209751|041.97
16032026|500164|0000000000004179|0000000003597493|0000000000009675|0000000008080734|043.19
16032026|500165|0000000000017393|0000000003088128|0000000000037339|0000000006682316|046.58
16032026|500166|0000000000013891|0000000002089901|0000000000014712|0000000002200313|094.42
16032026|500168|0000000000004551|0000000003382986|0000000000006060|0000000004525712|075.10
16032026|500170|0000000000002997|0000000000071329|0000000000003559|0000000000085873|084.21
16032026|500171|0000000000001593|0000000000723860|0000000000003262|0000000001473873|048.84
16032026|500173|0000000000011534|0000000000491349|0000000000011684|0000000000497922|098.72
16032026|500178|0000000000003203|0000000000022901|0000000000003203|0000000000022901|100.00
16032026|500179|0000000000038447|0000000000458289|0000000000044317|0000000000533395|086.75
16032026|500180|0000000001221661|0000001026806071|0000000001912631|0000001581507406|063.87
16032026|500182|0000000000005544|0000000029255966|0000000000014291|0000000074830180|038.79
16032026|500183|0000000000245103|0000000017485649|0000000000800550|0000000056935607|030.62
16032026|500184|0000000000049346|0000000021736913|0000000000156653|0000000067343515|031.50
16032026|500185|0000000001034495|0000000015476046|0000000001946610|0000000029018228|053.14
16032026|500186|0000000000061062|0000000007733503|0000000000168300|0000000021587414|036.28
16032026|500187|0000000000029715|0000000015066991|0000000000033573|0000000016943509|088.51
16032026|500188|0000000000134054|0000000071551323|0000000000305583|0000000164132920|043.87
16032026|500189|0000000000002161|0000000000245382|0000000000002760|0000000000315591|078.30
16032026|500191|0000000000004655|0000000000288465|0000000000004655|0000000000288465|100.00
16032026|500192|0000000000011209|0000000000019168|0000000000015075|0000000000025176|074.35
16032026|500193|0000000000098824|0000000000688804|0000000000111955|0000000000773495|088.27
16032026|500199|0000000000008270|0000000002770037|0000000000011462|0000000003890833|072.15
16032026|500201|0000000000002586|0000000002216073|0000000000005961|0000000005115519|043.38
16032026|500202|0000000000001571|0000000000012584|0000000000001571|0000000000012576|100.00
16032026|500206|0000000000000266|0000000000017392|0000000000000313|0000000000019052|084.98
16032026|500207|0000000000010930|0000000000351400|0000000000016826|0000000000533495|064.96
16032026|500209|0000000000209731|0000000262079858|0000000000426450|0000000527722550|049.18
16032026|500210|0000000000000267|0000000000975432|0000000000000824|0000000002995073|032.40
16032026|500213|0000000000006921|0000000002084952|0000000000008435|0000000002577254|082.05
16032026|500214|0000000000004850|0000000001657245|0000000000009344|0000000003162158|051.90
16032026|500215|0000000000001107|0000000000676765|0000000000001188|0000000000736500|093.18
16032026|500219|0000000000449810|0000000014065559|0000000000667232|0000000021163668|067.41
16032026|500220|0000000000001118|0000000000171949|0000000000001368|0000000000206020|081.73
16032026|500227|0000000000013771|0000000012748504|0000000000030076|0000000028190395|045.79
16032026|500228|0000000000022798|0000000026108270|0000000000057634|0000000065580830|039.56
16032026|500233|0000000000009102|0000000008097140|0000000000017068|0000000015171189|053.33
16032026|500234|0000000000000002|0000000000000204|0000000000000002|0000000000000204|100.00
16032026|500235|0000000000002473|0000000001625380|0000000000003918|0000000002560038|063.12
16032026|500236|0000000000000232|0000000000003765|0000000000000232|0000000000003765|100.00
16032026|500238|0000000000006321|0000000005187329|0000000000012571|0000000010322672|050.28
16032026|500239|0000000000002860|0000000000039240|0000000000003935|0000000000053760|072.68
16032026|500240|0000000000008603|0000000001917179|0000000000014920|0000000003381882|057.66
16032026|500241|0000000000003696|0000000005613670|0000000000006344|0000000009481529|058.26
16032026|500243|0000000000000440|0000000001202014|0000000000000541|0000000001467761|081.33
16032026|500245|0000000000065712|0000000023965167|0000000000079016|0000000029135182|083.16
16032026|500246|0000000000000746|0000000000032795|0000000000000770|0000000000033266|096.88
16032026|500247|0000000000822982|0000000304503340|0000000001074589|0000000396663030|076.59
16032026|500249|0000000000003418|0000000002571362|0000000000005344|0000000003989756|063.96
16032026|500250|0000000000000898|0000000001569076|0000000000001839|0000000003187037|048.83
16032026|500251|0000000000032269|0000000116021577|0000000000063048|0000000222061002|051.18
16032026|500252|0000000000000085|0000000001227770|0000000000000137|0000000001953179|062.04
16032026|500253|0000000000013936|0000000006986814|0000000000038529|0000000019142883|036.17
16032026|500257|0000000000005735|0000000013134011|0000000000011389|0000000026030352|050.36
16032026|500259|0000000000004701|0000000000250799|0000000000007376|0000000000390202|063.73
16032026|500260|0000000000004689|0000000004587015|0000000000009026|0000000008640498|051.95
16032026|500262|0000000000000652|0000000000010504|0000000000000749|0000000000011377|087.05
16032026|500264|0000000000048054|0000000005485365|0000000000068585|0000000007939164|070.06
16032026|500265|0000000000010811|0000000006073080|0000000000014836|0000000008246465|072.87
16032026|500266|0000000000000077|0000000000953472|0000000000000134|0000000001657016|057.46
16032026|500267|0000000000002457|0000000000732064|0000000000004145|0000000001248458|059.28
16032026|500268|0000000000027501|0000000001228745|0000000000042013|0000000001870358|065.46
16032026|500270|0000000000000189|0000000000019940|0000000000000258|0000000000026772|073.26
16032026|500271|0000000000002953|0000000004857390|0000000000008451|0000000013743656|034.94
16032026|500277|0000000000002544|0000000000015010|0000000000003365|0000000000019408|075.60
16032026|500279|0000000000033858|0000000000794309|0000000000094340|0000000002205355|035.89
16032026|500280|0000000000001320|0000000000528924|0000000000002385|0000000000954399|055.35
16032026|500282|0000000000000502|0000000000024398|0000000000000504|0000000000024560|099.60
16032026|500284|0000000000000495|0000000000056455|0000000000000659|0000000000075121|075.11
16032026|500285|0000000013396066|0000000182588380|0000000024495034|0000000325210091|054.69
16032026|500288|0000000000086306|0000000003255463|0000000000246294|0000000009252905|035.04
16032026|500290|0000000000000344|0000000045570110|0000000000000715|0000000094658229|048.11
16032026|500292|0000000000028443|0000000004250807|0000000000029441|0000000004391718|096.61
16032026|500294|0000000000046157|0000000006542755|0000000000134687|0000000019009608|034.27
16032026|500295|0000000000190465|0000000130544711|0000000000497724|0000000342124754|038.27
16032026|500296|0000000000000869|0000000000160635|0000000000001030|0000000000190290|084.37
16032026|500298|0000000000005317|0000000002845925|0000000000006775|0000000003693784|078.48
16032026|500300|0000000000014582|0000000038713752|0000000000030550|0000000080541345|047.73
16032026|500304|0000000000007690|0000000000482010|0000000000017885|0000000001120532|043.00
16032026|500306|0000000000023359|0000000002947906|0000000000042491|0000000005324593|054.97
16032026|500307|0000000000004447|0000000002152348|0000000000005629|0000000002725353|079.00
16032026|500312|0000000002158269|0000000562013248|0000000002666743|0000000694662502|080.93
16032026|500313|0000000000047664|0000000001752129|0000000000054931|0000000002064061|086.77
16032026|500314|0000000000020064|0000000001697415|0000000000027492|0000000002302671|072.98
16032026|500317|0000000000005012|0000000000202636|0000000000006725|0000000000272863|074.53
16032026|500319|0000000000004206|0000000000286261|0000000000005472|0000000000368975|076.86
16032026|500322|0000000000000033|0000000000003945|0000000000000033|0000000000003945|100.00
16032026|500325|0000000000301618|0000000420772191|0000000000604567|0000000834082592|049.89
16032026|500327|0000000000014458|0000000000103664|0000000000016458|0000000000119650|087.85
16032026|500330|0000000000028080|0000000009861696|0000000000051503|0000000018082573|054.52
16032026|500331|0000000000009678|0000000013105948|0000000000018963|0000000025488237|051.04
16032026|500333|0000000000000384|0000000000539904|0000000000000553|0000000000773124|069.44
16032026|500335|0000000000003057|0000000002410751|0000000000005316|0000000004173673|057.51
16032026|500336|0000000000008657|0000000001756506|0000000000024577|0000000004995786|035.22
16032026|500337|0000000000000242|0000000000063622|0000000000000280|0000000000074048|086.43
16032026|500338|0000000000013871|0000000001739424|0000000000024725|0000000003096297|056.10
16032026|500339|0000000000054930|0000000006190611|0000000000115691|0000000012964952|047.48
16032026|500342|0000000000001879|0000000000026682|0000000000001879|0000000000027249|100.00
16032026|500343|0000000000001352|0000000000049484|0000000000001528|0000000000055581|088.48
16032026|500346|0000000000002676|0000000000129840|0000000000003013|0000000000147443|088.82
16032026|500350|0000000000000738|0000000000099446|0000000000000973|0000000000130675|075.85
16032026|500354|0000000000005502|0000000000142337|0000000000006355|0000000000166582|086.58
16032026|500355|0000000000003855|0000000000912672|0000000000012936|0000000003039573|029.80
16032026|500356|0000000000054729|0000000001929198|0000000000059673|0000000002105821|091.71
16032026|500357|0000000000002933|0000000000033166|0000000000002933|0000000000033166|100.00
16032026|500358|0000000000000847|0000000000013009|0000000000000847|0000000000013009|100.00
16032026|500360|0000000000001118|0000000000158215|0000000000001118|0000000000158215|100.00
16032026|500365|0000000000071102|0000000002504924|0000000000098330|0000000003425290|072.31
16032026|500367|0000000000001481|0000000000091275|0000000000001797|0000000000111642|082.42
16032026|500368|0000000000030073|0000000014565858|0000000000077028|0000000037129650|039.04
16032026|500370|0000000000000360|0000000000009681|0000000000000463|0000000000012390|077.75
16032026|500371|0000000000000150|0000000000002616|0000000000000150|0000000000002616|100.00
16032026|500378|0000000000170340|0000000033556980|0000000000664108|0000000130312531|025.65
16032026|500380|0000000000005872|0000000003425138|0000000000012247|0000000007179991|047.95
16032026|500387|0000000000000865|0000000020188538|0000000000001268|0000000029435865|068.22
16032026|500388|0000000000000001|0000000000000104|0000000000000001|0000000000000104|100.00
16032026|500389|0000000000213379|0000000002624561|0000000000213379|0000000002624561|100.00
16032026|500390|0000000000073287|0000000006040848|0000000000073287|0000000006040848|100.00
16032026|500399|0000000000000672|0000000000060984|0000000000000672|0000000000060984|100.00
16032026|500400|0000000000300117|0000000117165677|0000000000634468|0000000248184726|047.30
16032026|500402|0000000000005474|0000000000913611|0000000000024910|0000000004143918|021.98
16032026|500403|0000000000003832|0000000003097789|0000000000007630|0000000006124785|050.22
16032026|500404|0000000000006670|0000000001389028|0000000000008304|0000000001727783|080.32
16032026|500405|0000000000003264|0000000002161258|0000000000003925|0000000002582985|083.16
16032026|500407|0000000000000272|0000000000950899|0000000000000481|0000000001668722|056.55
16032026|500408|0000000000004660|0000000019564777|0000000000025863|0000000108159853|018.02
16032026|500410|0000000000015802|0000000021703257|0000000000026572|0000000036478993|059.47
16032026|500411|0000000000013575|0000000044368530|0000000000025645|0000000084015275|052.93
16032026|500412|0000000000016383|0000000002731047|0000000000033170|0000000005557456|049.39
16032026|500413|0000000000027038|0000000002377993|0000000000049303|0000000004335886|054.84
16032026|500414|0000000000181018|0000000049083031|0000000000223725|0000000061191625|080.91
16032026|500418|0000000000000545|0000000000039415|0000000000000583|0000000000041650|093.48
16032026|500420|0000000000003565|0000000015197774|0000000000007467|0000000032152860|047.74
16032026|500421|0000000000011011|0000000000182673|0000000000046883|0000000000791237|023.49
16032026|500422|0000000000000220|0000000000033418|0000000000000220|0000000000033418|100.00
16032026|500425|0000000000076700|0000000032854445|0000000000155843|0000000067056735|049.22
16032026|500426|0000000000077677|0000000000123507|0000000000102398|0000000000161940|075.86
16032026|500429|0000000000000314|0000000000030019|0000000000000328|0000000000031735|095.73
16032026|500439|0000000000000013|0000000000039571|0000000000000013|0000000000040080|100.00
16032026|500440|0000000000358526|0000000330238299|0000000000616533|0000000574171664|058.15
16032026|500444|0000000000003567|0000000001402367|0000000000005418|0000000002109031|065.84
16032026|500449|0000000000036167|0000000000966021|0000000000042972|0000000001168685|084.16
16032026|500450|0000000000000038|0000000000013357|0000000000000044|0000000000016501|086.36
16032026|500456|0000000000002496|0000000000109625|0000000000006485|0000000000286846|038.49
16032026|500458|0000000000000779|0000000000022015|0000000000000954|0000000000027707|081.66
16032026|500459|0000000000000440|0000000004474932|0000000000000762|0000000007775447|057.74
16032026|500460|0000000000008449|0000000000996982|0000000000015242|0000000001796210|055.43
16032026|500463|0000000000008741|0000000004336848|0000000000022470|0000000011036410|038.90
16032026|500464|0000000000000630|0000000000061299|0000000000000639|0000000000062818|098.59
16032026|500467|0000000000000736|0000000000124642|0000000000001068|0000000000182337|068.91
16032026|500469|0000000000640894|0000000167177200|0000000000788267|0000000206156104|081.30
16032026|500470|0000000000587592|0000000109967843|0000000001592335|0000000295656520|036.90
16032026|500472|0000000000001410|0000000002213982|0000000000002472|0000000003860863|057.04
16032026|500477|0000000000464170|0000000080115742|0000000001070500|0000000184018834|043.36
16032026|500480|0000000000002722|0000000012486087|0000000000007260|0000000033222504|037.49
16032026|500483|0000000000005580|0000000007879518|0000000000011643|0000000016236829|047.93
16032026|500488|0000000000000599|0000000015980572|0000000000000811|0000000021675795|073.86
16032026|500490|0000000000001561|0000000015034382|0000000000002319|0000000022148099|067.31
16032026|500493|0000000000037831|0000000064195424|0000000000083748|0000000141065238|045.17
16032026|500495|0000000000002287|0000000007005310|0000000000004195|0000000012903358|054.52
16032026|500500|0000000000186677|0000000002607878|0000000000250419|0000000003495639|074.55
16032026|500510|0000000000349129|0000001209330487|0000000000553512|0000001909417654|063.08
16032026|500520|0000000000080087|0000000243120106|0000000000172244|0000000511049136|046.50
16032026|500530|0000000000000283|0000000008595489|0000000000000549|0000000016593961|051.55
16032026|500540|0000000000000204|0000000000000594|0000000000000204|0000000000000594|100.00
16032026|500547|0000000000260746|0000000079514493|0000000000543267|0000000166695113|048.00
16032026|500550|0000000000009637|0000000030345468|0000000000042431|0000000133076292|022.71
16032026|500570|0000000000534352|0000000167866681|0000000001001315|0000000312555154|053.36
16032026|500575|0000000000012238|0000000017199286|0000000000025327|0000000035188255|048.32
16032026|500620|0000000000048876|0000000067153181|0000000000104745|0000000144744316|046.66
16032026|500645|0000000000014973|0000000013979542|0000000000040915|0000000038016995|036.60
16032026|500650|0000000000000583|0000000000500564|0000000000000657|0000000000564668|088.74
16032026|500655|0000000000000811|0000000003127946|0000000000002148|0000000008139291|037.76
16032026|500660|0000000000000540|0000000001298781|0000000000001431|0000000003440441|037.74
16032026|500670|0000000000020427|0000000008541551|0000000000030792|0000000012830140|066.34
16032026|500672|0000000000002931|0000000002706046|0000000000004500|0000000004179779|065.13
16032026|500674|0000000000000593|0000000002040484|0000000000001255|0000000004331496|047.25
16032026|500680|0000000000002537|0000000012048848|0000000000006543|0000000031257416|038.77
16032026|500690|0000000000027789|0000000004297569|0000000000064734|0000000009927419|042.93
16032026|500696|0000000000044197|0000000096104167|0000000000087420|0000000189584579|050.56
16032026|500710|0000000000001063|0000000003061228|0000000000002680|0000000007636483|039.66
16032026|500730|0000000000027374|0000000003737920|0000000000041391|0000000005635727|066.14
16032026|500770|0000000000021899|0000000014408448|0000000000037669|0000000024845815|058.14
16032026|500777|0000000000019114|0000000001561805|0000000000022174|0000000001794038|086.20
16032026|500780|0000000000000669|0000000000156747|0000000000001085|0000000000254583|061.66
16032026|500790|0000000000004775|0000000005786345|0000000000011286|0000000013622187|042.31
16032026|500800|0000000000022463|0000000024536335|0000000000048873|0000000052976207|045.96
16032026|500820|0000000000011832|0000000026236869|0000000000025130|0000000055293537|047.08
16032026|500825|0000000000005215|0000000030458990|0000000000008066|0000000046823476|064.65
16032026|500830|0000000000003807|0000000007385390|0000000000009876|0000000019165786|038.55
16032026|500840|0000000000009695|0000000003050532|0000000000015949|0000000005033085|060.79
16032026|500850|0000000000092197|0000000056549030|0000000000155552|0000000094343965|059.27
16032026|500870|0000000000060946|0000000011354240|0000000000099760|0000000018558329|061.09
16032026|500875|0000000001877652|0000000578692347|0000000002651867|0000000807093584|070.80
16032026|500877|0000000000062671|0000000025873723|0000000000137707|0000000055642130|045.51
16032026|500878|0000000000005694|0000000019407430|0000000000012572|0000000043344867|045.29
16032026|500890|0000000000000203|0000000000023142|0000000000000404|0000000000045089|050.25
16032026|500940|0000000000009876|0000000001779656|0000000000025922|0000000004623802|038.10
16032026|501144|0000000000000150|0000000000029955|0000000000000150|0000000000029955|100.00
16032026|501148|0000000000000005|0000000000001873|0000000000000005|0000000000001873|100.00
16032026|501150|0000000000072721|0000000001622406|0000000000134266|0000000003134337|054.16
16032026|501151|0000000000000001|0000000000001602|0000000000000001|0000000000001602|100.00
16032026|501242|0000000000001318|0000000000018140|0000000000001318|0000000000018140|100.00
16032026|501295|0000000000000096|0000000000012610|0000000000000195|0000000000025542|049.23
16032026|501298|0000000000000047|0000000000243037|0000000000000047|0000000000241695|100.00
16032026|501301|0000000000014971|0000000009313460|0000000000049871|0000000030935156|030.02
16032026|501311|0000000000000011|0000000000000182|0000000000000011|0000000000000181|100.00
16032026|501314|0000000000154444|0000000000091122|0000000000203539|0000000000121989|075.88
16032026|501343|0000000000000394|0000000000007798|0000000000000636|0000000000011705|061.95
16032026|501351|0000000000000027|0000000000001738|0000000000000027|0000000000001812|100.00
16032026|501370|0000000000000137|0000000000013324|0000000000000139|0000000000014370|098.56
16032026|501391|0000000000000010|0000000000005300|0000000000000010|0000000000005342|100.00
16032026|501421|0000000000000136|0000000000810560|0000000000000143|0000000000855636|095.10
16032026|501423|0000000000007370|0000000014112076|0000000000017114|0000000032639879|043.06
16032026|501425|0000000000000939|0000000001406059|0000000000002158|0000000003225623|043.51
16032026|501430|0000000000000012|0000000000019536|0000000000000012|0000000000019520|100.00
16032026|501455|0000000000033269|0000000004514604|0000000000082801|0000000011261638|040.18
16032026|501700|0000000000004908|0000000000039559|0000000000007005|0000000000056609|070.06
16032026|501831|0000000000020102|0000000000929316|0000000000035075|0000000001478251|057.31
16032026|501833|0000000000009695|0000000000175577|0000000000010425|0000000000190695|093.00
16032026|501848|0000000000035784|0000000001632467|0000000000039153|0000000001777458|091.40
16032026|501945|0000000000007960|0000000000063898|0000000000007960|0000000000063898|100.00
16032026|502015|0000000000086433|0000000002094272|0000000000090511|0000000002263446|095.49
16032026|502090|0000000000002741|0000000000470356|0000000000003843|0000000000661259|071.32
16032026|502137|0000000000000190|0000000000123738|0000000000000205|0000000000134349|092.68
16032026|502157|0000000000001572|0000000001245496|0000000000003363|0000000002683609|046.74
16032026|502168|0000000000002800|0000000000477260|0000000000004328|0000000000731643|064.70
16032026|502175|0000000000002068|0000000000121702|0000000000002765|0000000000162938|074.79
16032026|502180|0000000000014441|0000000000873681|0000000000070189|0000000004210550|020.57
16032026|502219|0000000000029841|0000000012169160|0000000000054695|0000000022438654|054.56
16032026|502250|0000000000000012|0000000000006338|0000000000000012|0000000000006338|100.00
16032026|502281|0000000000013046|0000000000082973|0000000000013478|0000000000084934|096.79
16032026|502294|0000000000000740|0000000000028527|0000000000000740|0000000000028527|100.00
16032026|502330|0000000000015538|0000000000949683|0000000000020764|0000000001283552|074.83
16032026|502355|0000000000104196|0000000225959446|0000000000108774|0000000233902718|095.79
16032026|502420|0000000000026799|0000000000425569|0000000000031893|0000000000510490|084.03
16032026|502445|0000000000000943|0000000000036353|0000000000001443|0000000000055656|065.35
16032026|502448|0000000000089007|0000000000105104|0000000000089007|0000000000105104|100.00
16032026|502450|0000000000003758|0000000000963176|0000000000003883|0000000000966891|096.78
16032026|502587|0000000000147410|0000000006749904|0000000000148206|0000000006677110|099.46
16032026|502589|0000000000000024|0000000000002376|0000000000000024|0000000000002474|100.00
16032026|502820|0000000000000645|0000000000037727|0000000000000679|0000000000039872|094.99
16032026|502865|0000000000000767|0000000000239036|0000000000000798|0000000000250485|096.12
16032026|502873|0000000000000473|0000000000049713|0000000000000473|0000000000049764|100.00
16032026|502893|0000000000000047|0000000000003022|0000000000000048|0000000000003143|097.92
16032026|502901|0000000000000465|0000000000036517|0000000000000476|0000000000037331|097.69
16032026|502933|0000000000000141|0000000000014241|0000000000000208|0000000000023328|067.79
16032026|502937|0000000000075912|0000000000581829|0000000000075912|0000000000581829|100.00
16032026|502958|0000000000000149|0000000001075780|0000000000000161|0000000001176729|092.55
16032026|502986|0000000000008539|0000000004528659|0000000000020394|0000000010775672|041.87
16032026|503031|0000000000070936|0000000001075390|0000000000124580|0000000001947233|056.94
16032026|503092|0000000000000047|0000000000001252|0000000000000048|0000000000001289|097.92
16032026|503100|0000000000004020|0000000006253311|0000000000010213|0000000015692203|039.36
16032026|503101|0000000000001606|0000000000608835|0000000000003317|0000000001250856|048.42
16032026|503162|0000000000000150|0000000000016763|0000000000000166|0000000000018792|090.36
16032026|503169|0000000000003380|0000000000676169|0000000000003761|0000000000746906|089.87
16032026|503229|0000000000000098|0000000000013328|0000000000000098|0000000000013325|100.00
16032026|503310|0000000000038470|0000000012999013|0000000000091999|0000000030710741|041.82
16032026|503349|0000000000000017|0000000000100030|0000000000000019|0000000000112965|089.47
16032026|503624|0000000000014120|0000000000109995|0000000000022499|0000000000177230|062.76
16032026|503635|0000000000000001|0000000000000439|0000000000000001|0000000000000439|100.00
16032026|503639|0000000000000005|0000000000000078|0000000000000005|0000000000000078|100.00
16032026|503641|0000000000480349|0000000000667686|0000000000556134|0000000000770193|086.37
16032026|503657|0000000000004909|0000000000054785|0000000000005815|0000000000064009|084.42
16032026|503659|0000000000000300|0000000000026010|0000000000000300|0000000000026010|100.00
16032026|503663|0000000000590313|0000000000531282|0000000000675123|0000000000610046|087.44
16032026|503675|0000000000008307|0000000000008391|0000000000010554|0000000000010768|078.71
16032026|503681|0000000000000043|0000000004080034|0000000000000071|0000000006802291|060.56
16032026|503685|0000000000001901|0000000000031446|0000000000001901|0000000000031446|100.00
16032026|503722|0000000000000029|0000000000003190|0000000000000029|0000000000003183|100.00
16032026|503776|0000000000000300|0000000000009633|0000000000000300|0000000000009633|100.00
16032026|503804|0000000000001222|0000000000279533|0000000000001289|0000000000293582|094.80
16032026|503806|0000000000005304|0000000012981010|0000000000011142|0000000027567924|047.60
16032026|503811|0000000000001191|0000000000566083|0000000000001890|0000000000893335|063.02
16032026|503816|0000000000008981|0000000000301762|0000000000009335|0000000000309627|096.21
16032026|503837|0000000000000411|0000000000005343|0000000000000411|0000000000005055|100.00
16032026|503863|0000000000000020|0000000000000391|0000000000000020|0000000000000390|100.00
16032026|503960|0000000000001508|0000000003487703|0000000000003021|0000000006988923|049.92
16032026|504000|0000000000031753|0000000002752351|0000000000043261|0000000003734370|073.40
16032026|504028|0000000000017531|0000000001098142|0000000000024096|0000000001522378|072.75
16032026|504036|0000000000000836|0000000001219432|0000000000001474|0000000002108481|056.72
16032026|504058|0000000000000433|0000000000123838|0000000000000494|0000000000142387|087.65
16032026|504067|0000000000023307|0000000012942378|0000000000044748|0000000024675577|052.08
16032026|504076|0000000000045645|0000000002632348|0000000000055455|0000000003207371|082.31
16032026|504080|0000000000000033|0000000000032670|0000000000000033|0000000000032670|100.00
16032026|504084|0000000000000629|0000000000481406|0000000000000783|0000000000600860|080.33
16032026|504092|0000000000012008|0000000005393355|0000000000012008|0000000005393355|100.00
16032026|504093|0000000000000954|0000000000261778|0000000000001256|0000000000344972|075.96
16032026|504112|0000000000003893|0000000002305824|0000000000008195|0000000004815725|047.50
16032026|504132|0000000000006300|0000000004192650|0000000000008007|0000000005296435|078.68
16032026|504176|0000000000007565|0000000004018150|0000000000010057|0000000005373903|075.22
16032026|504180|0000000000000745|0000000000030250|0000000000000745|0000000000030250|100.00
16032026|504212|0000000000001377|0000000000810365|0000000000002042|0000000001195047|067.43
16032026|504220|0000000000005692|0000000000349888|0000000000008007|0000000000496532|071.09
16032026|504240|0000000000001296|0000000000544320|0000000000002254|0000000000957690|057.50
16032026|504258|0000000000000574|0000000000430558|0000000000000594|0000000000445755|096.63
16032026|504273|0000000000022407|0000000000465280|0000000000022407|0000000000465280|100.00
16032026|504286|0000000000000230|0000000000012749|0000000000000238|0000000000012847|096.64
16032026|504340|0000000000004394|0000000000029221|0000000000004457|0000000000029824|098.59
16032026|504341|0000000000004678|0000000000630595|0000000000005669|0000000000752058|082.52
16032026|504346|0000000000000005|0000000000049670|0000000000000005|0000000000049670|100.00
16032026|504351|0000000002062104|0000000002350799|0000000002631355|0000000003060178|078.37
16032026|504356|0000000000000004|0000000000000033|0000000000000004|0000000000000032|100.00
16032026|504369|0000000000000501|0000000000000246|0000000000000501|0000000000000245|100.00
16032026|504375|0000000000001150|0000000000412550|0000000000001150|0000000000412550|100.00
16032026|504378|0000000000018856|0000000000042804|0000000000028509|0000000000065382|066.14
16032026|504380|0000000000001541|0000000000056524|0000000000002895|0000000000108570|053.23
16032026|504392|0000000000001116|0000000000024771|0000000000001116|0000000000024771|100.00
16032026|504397|0000000000000443|0000000000038466|0000000000000443|0000000000038465|100.00
16032026|504605|0000000000000928|0000000002616311|0000000000001152|0000000003271148|080.56
16032026|504614|0000000000013904|0000000007034729|0000000000036242|0000000018536013|038.36
16032026|504646|0000000000001180|0000000000564571|0000000000001298|0000000000617490|090.91
16032026|504648|0000000000000013|0000000000000575|0000000000000013|0000000000000595|100.00
16032026|504697|0000000000000004|0000000000000023|0000000000000004|0000000000000023|100.00
16032026|504731|0000000000008452|0000000000736001|0000000000008959|0000000000784242|094.34
16032026|504741|0000000000014280|0000000004469640|0000000000014657|0000000004615034|097.43
16032026|504746|0000000000006395|0000000008287070|0000000000006395|0000000008287070|100.00
16032026|504786|0000000000001100|0000000000576675|0000000000001560|0000000000810572|070.51
16032026|504810|0000000000001337|0000000000109581|0000000000001337|0000000000109584|100.00
16032026|504840|0000000000002554|0000000003143719|0000000000002557|0000000003196082|099.88
16032026|504879|0000000000005710|0000000000199736|0000000000008397|0000000000296334|068.00
16032026|504882|0000000000000152|0000000000206682|0000000000000169|0000000000231304|089.94
16032026|504903|0000000000255786|0000000004535086|0000000000272628|0000000004916458|093.82
16032026|504908|0000000000000327|0000000000123083|0000000000000406|0000000000149506|080.54
16032026|504918|0000000000041903|0000000007630537|0000000000139630|0000000025860823|030.01
16032026|504959|0000000000000545|0000000000925737|0000000000000668|0000000001134933|081.59
16032026|504973|0000000000001702|0000000002673672|0000000000004463|0000000006822790|038.14
16032026|504988|0000000000000830|0000000000575979|0000000000000853|0000000000578793|097.30
16032026|505010|0000000000000431|0000000000741299|0000000000000628|0000000001074308|068.63
16032026|505029|0000000000015882|0000000001287554|0000000000015901|0000000001319467|099.88
16032026|505036|0000000000000676|0000000001052668|0000000000001003|0000000001574486|067.40
16032026|505075|0000000000002690|0000000000046242|0000000000002893|0000000000048714|092.98
16032026|505160|0000000000004046|0000000000969422|0000000000004829|0000000001150210|083.79
16032026|505163|0000000000001073|0000000000690691|0000000000001601|0000000001033648|067.02
16032026|505192|0000000000001979|0000000007569972|0000000000004685|0000000017591470|042.24
16032026|505196|0000000000006148|0000000001204394|0000000000007433|0000000001454648|082.71
16032026|505200|0000000000010811|0000000073767778|0000000000029935|0000000202433788|036.11
16032026|505212|0000000000003228|0000000000356210|0000000000003249|0000000000359299|099.35
16032026|505216|0000000000000043|0000000000108790|0000000000000044|0000000000111178|097.73
16032026|505232|0000000000000508|0000000000473304|0000000000000538|0000000000496943|094.42
16032026|505242|0000000000000832|0000000007765264|0000000000001987|0000000018285323|041.87
16032026|505250|0000000000002569|0000000000154963|0000000000002594|0000000000159744|099.04
16032026|505255|0000000000003588|0000000003103441|0000000000008677|0000000007441608|041.35
16032026|505283|0000000000001203|0000000001267962|0000000000003151|0000000003321100|038.18
16032026|505299|0000000000003225|0000000001600890|0000000000003681|0000000001848301|087.61
16032026|505302|0000000000000321|0000000000577800|0000000000000321|0000000000577759|100.00
16032026|505324|0000000000004722|0000000000059923|0000000000006247|0000000000081362|075.59
16032026|505336|0000000002334680|0000000000887179|0000000004092596|0000000001558627|057.05
16032026|505343|0000000001153655|0000000000472999|0000000001637059|0000000000678065|070.47
16032026|505355|0000000000001412|0000000001445394|0000000000003058|0000000003102943|046.17
16032026|505358|0000000000052244|0000000007465668|0000000000053245|0000000007723038|098.12
16032026|505368|0000000000006413|0000000001487816|0000000000006525|0000000001391467|098.28
16032026|505400|0000000000003393|0000000000286879|0000000000005748|0000000000480035|059.03
16032026|505412|0000000000000771|0000000004936405|0000000000000948|0000000006058713|081.33
16032026|505502|0000000000002309|0000000000003025|0000000000002309|0000000000003024|100.00
16032026|505504|0000000000007125|0000000002108414|0000000000007125|0000000002108414|100.00
16032026|505509|0000000000000675|0000000000107562|0000000000000911|0000000000145103|074.09
16032026|505515|0000000000040646|0000000000525960|0000000000045792|0000000000563805|088.76
16032026|505523|0000000000997198|0000000000329076|0000000001600632|0000000000517587|062.30
16032026|505526|0000000000033542|0000000002423745|0000000000059091|0000000004165398|056.76
16032026|505533|0000000000002640|0000000001144440|0000000000006996|0000000003063559|037.74
16032026|505537|0000000000203504|0000000015348272|0000000000474353|0000000036233065|042.90
16032026|505590|0000000000002856|0000000000007611|0000000000002856|0000000000007611|100.00
16032026|505650|0000000000000354|0000000000006288|0000000000000431|0000000000007332|082.13
16032026|505681|0000000000001022|0000000000538032|0000000000001151|0000000000609148|088.79
16032026|505685|0000000000000001|0000000000000022|0000000000000001|0000000000000022|100.00
16032026|505688|0000000000001089|0000000000103292|0000000000001350|0000000000129886|080.67
16032026|505690|0000000000000037|0000000000026258|0000000000000038|0000000000027383|097.37
16032026|505693|0000000000064694|0000000000632061|0000000000090481|0000000000853804|071.50
16032026|505700|0000000000511491|0000000192525213|0000000000537576|0000000200005282|095.15
16032026|505703|0000000000000003|0000000000000898|0000000000000003|0000000000000898|100.00
16032026|505710|0000000001297145|0000000079761447|0000000001339023|0000000082422181|096.87
16032026|505712|0000000000003218|0000000000613673|0000000000004189|0000000000794894|076.82
16032026|505714|0000000000058547|0000000048626211|0000000000082755|0000000069265177|070.75
16032026|505720|0000000000018612|0000000001935648|0000000000025510|0000000002703718|072.96
16032026|505725|0000000000076824|0000000004213029|0000000000331007|0000000018158947|023.21
16032026|505726|0000000000000384|0000000000372461|0000000000001147|0000000001123110|033.48
16032026|505729|0000000000049512|0000000003686169|0000000000068665|0000000005242271|072.11
16032026|505737|0000000000000844|0000000000331524|0000000000001265|0000000000498975|066.72
16032026|505744|0000000000007920|0000000002991780|0000000000009406|0000000003518356|084.20
16032026|505750|0000000000011281|0000000002484641|0000000000011770|0000000002612139|095.85
16032026|505790|0000000000001739|0000000006565421|0000000000003919|0000000014821841|044.37
16032026|505797|0000000000000100|0000000000002688|0000000000000100|0000000000002688|100.00
16032026|505800|0000000000020361|0000000022564061|0000000000020398|0000000022703503|099.82
16032026|505827|0000000000000755|0000000000254813|0000000000001029|0000000000347393|073.37
16032026|505840|0000000000208829|0000000008672669|0000000000477625|0000000019890948|043.72
16032026|505850|0000000000007899|0000000001340066|0000000000015279|0000000002572800|051.70
16032026|505854|0000000000000506|0000000000112585|0000000000000637|0000000000142159|079.43
16032026|505872|0000000000021468|0000000008285575|0000000000037445|0000000014423390|057.33
16032026|505890|0000000000002537|0000000005363218|0000000000003104|0000000006566485|081.73
16032026|505893|0000000000000095|0000000000073236|0000000000000095|0000000000073275|100.00
16032026|505978|0000000000000343|0000000001148982|0000000000000462|0000000001560164|074.24
16032026|506003|0000000000000237|0000000000011753|0000000000000331|0000000000016125|071.60
16032026|506022|0000000000139757|0000000016484339|0000000000152401|0000000017781280|091.70
16032026|506076|0000000000004071|0000000005915978|0000000000005292|0000000007600631|076.93
16032026|506079|0000000000000703|0000000000003831|0000000000000703|0000000000003831|100.00
16032026|506105|0000000000028856|0000000001734535|0000000000028982|0000000001747406|099.57
16032026|506109|0000000000028058|0000000007722965|0000000000048417|0000000013183732|057.95
16032026|506122|0000000000003534|0000000000151996|0000000000003534|0000000000151996|100.00
16032026|506128|0000000000002405|0000000000288600|0000000000002539|0000000000304033|094.72
16032026|506134|0000000000226834|0000000001896333|0000000000262994|0000000002255919|086.25
16032026|506146|0000000000136714|0000000000079295|0000000000162384|0000000000092418|084.19
16032026|506166|0000000000015199|0000000000850499|0000000000015199|0000000000850499|100.00
16032026|506180|0000000000000118|0000000000046948|0000000000000118|0000000000046948|100.00
16032026|506184|0000000000004898|0000000000006564|0000000000005251|0000000000007149|093.28
16032026|506186|0000000000015521|0000000000252993|0000000000016521|0000000000271330|093.95
16032026|506194|0000000000000136|0000000000028424|0000000000000183|0000000000039247|074.32
16032026|506197|0000000000022133|0000000004463120|0000000000059408|0000000011875878|037.26
16032026|506222|0000000000001653|0000000003276660|0000000000002234|0000000004485307|073.99
16032026|506235|0000000000025842|0000000002058316|0000000000041775|0000000003313039|061.86
16032026|506260|0000000000077764|0000000005871182|0000000000077975|0000000005964473|099.73
16032026|506261|0000000000002244|0000000000260978|0000000000002960|0000000000346321|075.81
16032026|506285|0000000000000994|0000000004493576|0000000000001947|0000000008615968|051.05
16032026|506365|0000000000000106|0000000000008348|0000000000000106|0000000000008347|100.00
16032026|506373|0000000000001360|0000000000206584|0000000000001360|0000000000206584|100.00
16032026|506390|0000000000000506|0000000000160681|0000000000000608|0000000000194117|083.22
16032026|506395|0000000000005351|0000000010489566|0000000000012517|0000000024697417|042.75
16032026|506401|0000000000004803|0000000006685536|0000000000010325|0000000014498393|046.52
16032026|506405|0000000000001091|0000000000240075|0000000000003377|0000000000721209|032.31
16032026|506414|0000000000026617|0000000009023163|0000000000034442|0000000011400708|077.28
16032026|506480|0000000000003320|0000000000769078|0000000000006447|0000000001487332|051.50
16032026|506520|0000000000008203|0000000000046183|0000000000010847|0000000000060530|075.62
16032026|506525|0000000000001799|0000000000110387|0000000000002343|0000000000143037|076.78
16032026|506528|0000000000000288|0000000000902434|0000000000000370|0000000001171657|077.84
16032026|506532|0000000000001984|0000000001559722|0000000000002781|0000000002185336|071.34
16032026|506543|0000000000000063|0000000000000533|0000000000000063|0000000000000533|100.00
16032026|506579|0000000000016088|0000000001524338|0000000000020172|0000000001942788|079.75
16032026|506590|0000000000058865|0000000014760399|0000000000162569|0000000040387823|036.21
16032026|506597|0000000000002955|0000000001421799|0000000000004040|0000000001943055|073.14
16032026|506605|0000000000000016|0000000000030317|0000000000000017|0000000000031852|094.12
16032026|506618|0000000000000082|0000000000087847|0000000000000105|0000000000110691|078.10
16032026|506640|0000000000000923|0000000000094377|0000000000000928|0000000000091473|099.46
16032026|506642|0000000000955267|0000000001700376|0000000001439108|0000000002525788|066.38
16032026|506655|0000000000012666|0000000010144200|0000000000013867|0000000011035426|091.34
16032026|506680|0000000000005418|0000000000068592|0000000000006221|0000000000082565|087.09
16032026|506685|0000000000026813|0000000010741288|0000000000044459|0000000018115255|060.31
16032026|506687|0000000000004926|0000000004462710|0000000000005027|0000000004590053|097.99
16032026|506690|0000000000002102|0000000000655719|0000000000002493|0000000000778851|084.32
16032026|506734|0000000000000892|0000000000074973|0000000000000915|0000000000077550|097.49
16032026|506767|0000000000001265|0000000001595165|0000000000001935|0000000002437911|065.37
16032026|506808|0000000000007633|0000000000371804|0000000000010692|0000000000521342|071.39
16032026|506820|0000000000000090|0000000000752238|0000000000000196|0000000001638351|045.92
16032026|506852|0000000000071412|0000000001287559|0000000000084175|0000000001590114|084.84
16032026|506854|0000000000005130|0000000008713818|0000000000007708|0000000013159333|066.55
16032026|506858|0000000000001348|0000000000081460|0000000000001348|0000000000082517|100.00
16032026|506863|0000000000011908|0000000001225373|0000000000011908|0000000001225373|100.00
16032026|506879|0000000000009981|0000000002768730|0000000000015886|0000000004339299|062.83
16032026|506906|0000000000030835|0000000001238944|0000000000030835|0000000001238944|100.00
16032026|506919|0000000000004147|0000000000642163|0000000000005190|0000000000788542|079.90
16032026|506943|0000000000004812|0000000010050344|0000000000011591|0000000024549815|041.51
16032026|506975|0000000000000500|0000000000007139|0000000000000500|0000000000007139|100.00
16032026|506981|0000000000000477|0000000000057551|0000000000000519|0000000000062666|091.91
16032026|507155|0000000000004130|0000000000547225|0000000000005295|0000000000709034|078.00
16032026|507180|0000000000009110|0000000000042635|0000000000010560|0000000000050682|086.27
16032026|507205|0000000000018039|0000000007984964|0000000000043059|0000000018864964|041.89
16032026|507265|0000000000000737|0000000000140030|0000000000000738|0000000000141434|099.86
16032026|507300|0000000000000045|0000000000041171|0000000000000047|0000000000042442|095.74
16032026|507315|0000000000015818|0000000000220187|0000000000017376|0000000000246102|091.03
16032026|507410|0000000000021137|0000000003186403|0000000000051497|0000000007711650|041.05
16032026|507438|0000000000002924|0000000001998993|0000000000003656|0000000002521582|079.98
16032026|507474|0000000000030326|0000000001107809|0000000000034101|0000000001198161|088.93
16032026|507486|0000000000000305|0000000000016985|0000000000000305|0000000000016985|100.00
16032026|507488|0000000000002542|0000000002457860|0000000000004619|0000000004466398|055.03
16032026|507490|0000000000007688|0000000000086952|0000000000009596|0000000000109882|080.12
16032026|507498|0000000000002026|0000000000064184|0000000000003722|0000000000117963|054.43
16032026|507514|0000000000037954|0000000002727375|0000000000076938|0000000005538327|049.33
16032026|507515|0000000000000018|0000000000000324|0000000000000018|0000000000000306|100.00
16032026|507526|0000000000003263|0000000002327662|0000000000005461|0000000003859614|059.75
16032026|507552|0000000000041323|0000000002227310|0000000000047753|0000000002587744|086.53
16032026|507580|0000000000000695|0000000000085659|0000000000000745|0000000000096476|093.29
16032026|507598|0000000000001353|0000000000133203|0000000000001369|0000000000134523|098.83
16032026|507609|0000000000000012|0000000000000371|0000000000000017|0000000000000533|070.59
16032026|507621|0000000000013254|0000000000623999|0000000000015760|0000000000767798|084.10
16032026|507645|0000000000000058|0000000000623793|0000000000000060|0000000000651845|096.67
16032026|507685|0000000000096002|0000000018710790|0000000000201853|0000000039355682|047.56
16032026|507690|0000000000001687|0000000000354595|0000000000001687|0000000000354595|100.00
16032026|507717|0000000000001221|0000000001194444|0000000000001916|0000000001853830|063.73
16032026|507747|0000000000000643|0000000000532983|0000000000000754|0000000000615492|085.28
16032026|507753|0000000000064181|0000000005084419|0000000000102682|0000000008165325|062.50
16032026|507759|0000000000020775|0000000000282333|0000000000021179|0000000000276090|098.09
16032026|507779|0000000000000942|0000000000151568|0000000000001049|0000000000169430|089.80
16032026|507785|0000000000000243|0000000000044664|0000000000000250|0000000000047142|097.20
16032026|507789|0000000000005972|0000000001099744|0000000000009486|0000000001735926|062.96
16032026|507794|0000000000045636|0000000002277693|0000000000064220|0000000003213463|071.06
16032026|507813|0000000000004851|0000000000324629|0000000000009370|0000000000639548|051.77
16032026|507815|0000000000000439|0000000003479119|0000000000000782|0000000006183001|056.14
16032026|507817|0000000000000128|0000000000017927|0000000000000128|0000000000017835|100.00
16032026|507828|0000000000027204|0000000000190156|0000000000036810|0000000000259303|073.90
16032026|507833|0000000000005526|0000000000022270|0000000000006550|0000000000025350|084.37
16032026|507836|0000000000000108|0000000000066933|0000000000000112|0000000000067813|096.43
16032026|507852|0000000000000221|0000000000022211|0000000000000221|0000000000021888|100.00
16032026|507864|0000000000000791|0000000000069351|0000000000000791|0000000000069351|100.00
16032026|507872|0000000000007937|0000000000315099|0000000000009223|0000000000358904|086.06
16032026|507878|0000000000687398|0000000002955812|0000000001115282|0000000004771212|061.63
16032026|507880|0000000000004678|0000000001580931|0000000000010008|0000000003362438|046.74
16032026|507910|0000000000002057|0000000000072908|0000000000002057|0000000000072908|100.00
16032026|507912|0000000000022760|0000000003756538|0000000000028401|0000000004713721|080.14
16032026|507917|0000000000000035|0000000000001549|0000000000000036|0000000000001633|097.22
16032026|507944|0000000000019415|0000000006953483|0000000000036078|0000000012970429|053.81
16032026|507946|0000000000001749|0000000000026935|0000000000001749|0000000000026964|100.00
16032026|507948|0000000000000316|0000000000021195|0000000000000541|0000000000036088|058.41
16032026|507960|0000000000000026|0000000000004762|0000000000000026|0000000000004779|100.00
16032026|507962|0000000000039157|0000000000210060|0000000000039157|0000000000210060|100.00
16032026|507966|0000000000001154|0000000000042618|0000000000001173|0000000000044664|098.38
16032026|507968|0000000000000100|0000000000002653|0000000000000100|0000000000002653|100.00
16032026|507970|0000000000000103|0000000000003712|0000000000000130|0000000000004826|079.23
16032026|507981|0000000000000545|0000000000032968|0000000000000573|0000000000035740|095.11
16032026|507984|0000000000000212|0000000000152173|0000000000000212|0000000000152173|100.00
16032026|507998|0000000000002316|0000000000310923|0000000000002912|0000000000392454|079.53
16032026|508136|0000000000000065|0000000000022750|0000000000000072|0000000000026605|090.28
16032026|508486|0000000000000506|0000000003770029|0000000000001131|0000000008471944|044.74
16032026|508494|0000000000003742|0000000000136958|0000000000005224|0000000000192576|071.63
16032026|508664|0000000000004694|0000000000052573|0000000000004757|0000000000052305|098.68
16032026|508670|0000000000000007|0000000000022057|0000000000000007|0000000000022063|100.00
16032026|508807|0000000000001317|0000000000814828|0000000000001617|0000000001004675|081.45
16032026|508814|0000000000003381|0000000002238561|0000000000005990|0000000003883751|056.44
16032026|508860|0000000000006214|0000000000004723|0000000000006214|0000000000004723|100.00
16032026|508869|0000000000020784|0000000155731395|0000000000034437|0000000257587967|060.35
16032026|508875|0000000000000326|0000000000167744|0000000000000510|0000000000265207|063.92
16032026|508905|0000000000001816|0000000000131297|0000000000001906|0000000000138032|095.28
16032026|508906|0000000000000616|0000000000213691|0000000000000914|0000000000320771|067.40
16032026|508918|0000000000006325|0000000000271406|0000000000006924|0000000000303668|091.35
16032026|508922|0000000000415404|0000000003094357|0000000000415404|0000000003094357|100.00
16032026|508929|0000000000000001|0000000000000615|0000000000000001|0000000000000614|100.00
16032026|508933|0000000000000419|0000000000075169|0000000000000740|0000000000131193|056.62
16032026|508941|0000000000002389|0000000001040649|0000000000002975|0000000001307273|080.30
16032026|508954|0000000000009181|0000000000521389|0000000000009712|0000000000537710|094.53
16032026|508956|0000000000002809|0000000000034551|0000000000003059|0000000000038304|091.83
16032026|508961|0000000000005918|0000000000991535|0000000000005918|0000000000991535|100.00
16032026|508963|0000000000002203|0000000000032341|0000000000002203|0000000000032315|100.00
16032026|508969|0000000000007149|0000000000016586|0000000000010910|0000000000025892|065.53
16032026|508980|0000000000052992|0000000000466330|0000000000068623|0000000000577327|077.22
16032026|508989|0000000000069404|0000000008821249|0000000000072786|0000000009334737|095.35
16032026|509009|0000000000001143|0000000000111831|0000000000001143|0000000000111831|100.00
16032026|509015|0000000000000180|0000000000002496|0000000000000180|0000000000002496|100.00
16032026|509020|0000000000023677|0000000000117912|0000000000027390|0000000000135190|086.44
16032026|509024|0000000000001343|0000000000013726|0000000000001987|0000000000020546|067.59
16032026|509026|0000000000000126|0000000000011202|0000000000000160|0000000000012690|078.75
16032026|509038|0000000000000001|0000000000000013|0000000000000001|0000000000000012|100.00
16032026|509040|0000000000000533|0000000000092845|0000000000000533|0000000000092845|100.00
16032026|509046|0000000000000834|0000000000025184|0000000000000834|0000000000025184|100.00
16032026|509048|0000000000029085|0000000000534595|0000000000029085|0000000000534595|100.00
16032026|509051|0000000002378666|0000000001236907|0000000003354777|0000000001751933|070.90
16032026|509053|0000000000068692|0000000000409405|0000000000070902|0000000000422287|096.88
16032026|509055|0000000000005133|0000000000292581|0000000000005241|0000000000295469|097.94
16032026|509069|0000000000000592|0000000000002949|0000000000000608|0000000000002803|097.37
16032026|509073|0000000000001143|0000000000013088|0000000000001323|0000000000015345|086.39
16032026|509079|0000000000000352|0000000000099599|0000000000000546|0000000000154905|064.47
16032026|509084|0000000000000278|0000000000035111|0000000000000278|0000000000035111|100.00
16032026|509099|0000000000000050|0000000000003397|0000000000000050|0000000000003397|100.00
16032026|509152|0000000000000012|0000000000020736|0000000000000015|0000000000025930|080.00
16032026|509162|0000000000010594|0000000000941171|0000000000017995|0000000001598519|058.87
16032026|509196|0000000000000471|0000000000029118|0000000000000928|0000000000057101|050.75
16032026|509220|0000000000002398|0000000000088798|0000000000002860|0000000000105567|083.85
16032026|509243|0000000000000093|0000000000325324|0000000000000318|0000000001100483|029.25
16032026|509423|0000000000002028|0000000000067026|0000000000002028|0000000000067033|100.00
16032026|509438|0000000000000231|0000000002179913|0000000000000904|0000000008556939|025.55
16032026|509449|0000000000000819|0000000000029403|0000000000000955|0000000000034535|085.76
16032026|509470|0000000000000032|0000000000642349|0000000000000035|0000000000699338|091.43
16032026|509472|0000000000000644|0000000000212488|0000000000000689|0000000000227529|093.47
16032026|509480|0000000000032787|0000000013255785|0000000000064351|0000000025529147|050.95
16032026|509486|0000000000005137|0000000000317159|0000000000005362|0000000000326091|095.80
16032026|509488|0000000000016994|0000000010409675|0000000000059510|0000000035935338|028.56
16032026|509496|0000000000020171|0000000010725930|0000000000041874|0000000022113879|048.17
16032026|509525|0000000000000392|0000000000343412|0000000000000397|0000000000347603|098.74
16032026|509546|0000000000008927|0000000000252724|0000000000010678|0000000000307177|083.60
16032026|509557|0000000000001683|0000000001025537|0000000000003826|0000000002306447|043.99
16032026|509563|0000000000010092|0000000000248264|0000000000017916|0000000000452154|056.33
16032026|509567|0000000000001162|0000000000351041|0000000000001581|0000000000479017|073.50
16032026|509597|0000000000000063|0000000000041999|0000000000000069|0000000000046000|091.30
16032026|509631|0000000000013736|0000000006827479|0000000000058168|0000000028276042|023.61
16032026|509635|0000000000000019|0000000000007296|0000000000000019|0000000000007299|100.00
16032026|509675|0000000000002160|0000000002698164|0000000000002516|0000000003187301|085.85
16032026|509692|0000000000003714|0000000000690990|0000000000003714|0000000000688075|100.00
16032026|509709|0000000000002578|0000000000181285|0000000000003506|0000000000249617|073.53
16032026|509715|0000000000001656|0000000000144404|0000000000001891|0000000000164754|087.57
16032026|509732|0000000000002562|0000000000440408|0000000000002978|0000000000507946|086.03
16032026|509760|0000000000000421|0000000000012483|0000000000000490|0000000000014039|085.92
16032026|509762|0000000000050000|0000000002495000|0000000000050000|0000000002495000|100.00
16032026|509820|0000000000010020|0000000001614723|0000000000013572|0000000002174224|073.83
16032026|509835|0000000000005722|0000000000077476|0000000000007553|0000000000100070|075.76
16032026|509874|0000000000008727|0000000000423347|0000000000010147|0000000000496127|086.01
16032026|509895|0000000000000812|0000000000121841|0000000000000911|0000000000137429|089.13
16032026|509930|0000000000001334|0000000005233683|0000000000005731|0000000022398688|023.28
16032026|509945|0000000000000016|0000000000013920|0000000000000016|0000000000013719|100.00
16032026|509953|0000000000000009|0000000000005517|0000000000000009|0000000000005517|100.00
16032026|509960|0000000000000011|0000000000016478|0000000000000011|0000000000016477|100.00
16032026|509966|0000000000007230|0000000001554089|0000000000011728|0000000002520067|061.65
16032026|510245|0000000000113350|0000000000393325|0000000000141943|0000000000485819|079.86
16032026|511000|0000000000013055|0000000000238385|0000000000013978|0000000000253320|093.40
16032026|511012|0000000000295444|0000000000197334|0000000000295444|0000000000197334|100.00
16032026|511018|0000000000038525|0000000002136212|0000000000055440|0000000003019812|069.49
16032026|511034|0000000000027436|0000000013114408|0000000000069191|0000000032102280|039.65
16032026|511066|0000000000005152|0000000000110099|0000000000006000|0000000000129787|085.87
16032026|511076|0000000000033959|0000000002240955|0000000000042697|0000000002859923|079.53
16032026|511092|0000000000012790|0000000000073543|0000000000012829|0000000000073010|099.70
16032026|511108|0000000000000106|0000000000015264|0000000000000108|0000000000015765|098.15
16032026|511110|0000000000001567|0000000000027110|0000000000001667|0000000000027580|094.00
16032026|511116|0000000001333787|0000000000466825|0000000001333787|0000000000466825|100.00
16032026|511122|0000000000000003|0000000000000237|0000000000000004|0000000000000320|075.00
16032026|511131|0000000000009824|0000000000149424|0000000000011609|0000000000183669|084.62
16032026|511144|0000000000005014|0000000000943634|0000000000005014|0000000000943634|100.00
16032026|511147|0000000000000785|0000000000047100|0000000000001029|0000000000061036|076.29
16032026|511153|0000000000014660|0000000000238079|0000000000021359|0000000000360779|068.64
16032026|511176|0000000000000012|0000000000001050|0000000000000013|0000000000001202|092.31
16032026|511187|0000000000004743|0000000000007115|0000000000007743|0000000000011934|061.26
16032026|511194|0000000000006865|0000000000343456|0000000000009939|0000000000550055|069.07
16032026|511196|0000000000002604|0000000002192178|0000000000007550|0000000006155476|034.49
16032026|511208|0000000000039006|0000000000265631|0000000000050493|0000000000344569|077.25
16032026|511218|0000000000127242|0000000126052288|0000000000270853|0000000267823323|046.98
16032026|511243|0000000000140721|0000000214838751|0000000000179091|0000000273518614|078.58
16032026|511260|0000000000003844|0000000000176786|0000000000004008|0000000000181205|095.91
16032026|511333|0000000000001200|0000000000272040|0000000000001349|0000000000301204|088.95
16032026|511355|0000000000000396|0000000000004238|0000000000000396|0000000000004541|100.00
16032026|511359|0000000000006158|0000000000307900|0000000000006205|0000000000310069|099.24
16032026|511401|0000000000000504|0000000000003811|0000000000000505|0000000000003457|099.80
16032026|511411|0000000000000110|0000000000002848|0000000000000159|0000000000004371|069.18
16032026|511413|0000000000000295|0000000000095728|0000000000000448|0000000000140601|065.85
16032026|511431|0000000000205326|0000000001225797|0000000000352654|0000000002032613|058.22
16032026|511447|0000000042925299|0000000041208288|0000000066089038|0000000063127760|064.95
16032026|511451|0000000000001213|0000000000010396|0000000000001226|0000000000011049|098.94
16032026|511463|0000000000002782|0000000000026986|0000000000003434|0000000000033193|081.01
16032026|511473|0000000000003012|0000000000091836|0000000000003332|0000000000101990|090.40
16032026|511493|0000000000035814|0000000000108517|0000000000037268|0000000000110309|096.10
16032026|511501|0000000000008390|0000000000169227|0000000000011380|0000000000231301|073.73
16032026|511505|0000000000002841|0000000000032387|0000000000002841|0000000000032387|100.00
16032026|511507|0000000000000268|0000000000013400|0000000000000268|0000000000013400|100.00
16032026|511509|0000000000016406|0000000000388166|0000000000018998|0000000000453257|086.36
16032026|511523|0000000000089814|0000000001796280|0000000000141271|0000000002817333|063.58
16032026|511525|0000000000023078|0000000000036925|0000000000042382|0000000000069053|054.45
16032026|511533|0000000000002040|0000000000073583|0000000000002182|0000000000079214|093.49
16032026|511535|0000000000001148|0000000000045601|0000000000001148|0000000000045601|100.00
16032026|511539|0000000000001500|0000000000021000|0000000000001500|0000000000021000|100.00
16032026|511543|0000000000000183|0000000000005948|0000000000000183|0000000000005947|100.00
16032026|511549|0000000000003296|0000000000157516|0000000000003426|0000000000163518|096.21
16032026|511551|0000000000001076|0000000000286001|0000000000001369|0000000000347198|078.60
16032026|511557|0000000001953347|0000000006660914|0000000002588225|0000000008962850|075.47
16032026|511559|0000000000000343|0000000000086642|0000000000000371|0000000000092048|092.45
16032026|511571|0000000000002082|0000000000242866|0000000000002365|0000000000268980|088.03
16032026|511577|0000000000137240|0000000002022918|0000000000137318|0000000001817980|099.94
16032026|511585|0000000000000610|0000000000001739|0000000000000610|0000000000001779|100.00
16032026|511589|0000000000013591|0000000000162549|0000000000015549|0000000000185592|087.41
16032026|511593|0000000000000099|0000000000001739|0000000000000099|0000000000001738|100.00
16032026|511601|0000000000001711|0000000000013979|0000000000002578|0000000000019701|066.37
16032026|511605|0000000000015711|0000000001088301|0000000000024276|0000000001631075|064.72
16032026|511609|0000000000000502|0000000000014870|0000000000000504|0000000000014920|099.60
16032026|511611|0000000000076286|0000000000624783|0000000000076387|0000000000624521|099.87
16032026|511626|0000000000000692|0000000000057360|0000000000000693|0000000000057623|099.86
16032026|511628|0000000000213475|0000000007808916|0000000000227767|0000000008554311|093.73
16032026|511630|0000000000008449|0000000000050272|0000000000010363|0000000000062075|081.53
16032026|511636|0000000000037763|0000000000081569|0000000000041133|0000000000084262|091.81
16032026|511644|0000000000012865|0000000000744317|0000000000012865|0000000000744317|100.00
16032026|511654|0000000000000118|0000000000006929|0000000000000138|0000000000008141|085.51
16032026|511658|0000000000013466|0000000000226633|0000000000014805|0000000000248627|090.96
16032026|511660|0000000000000150|0000000000001239|0000000000000150|0000000000001239|100.00
16032026|511664|0000000000006168|0000000000064086|0000000000033339|0000000000343989|018.50
16032026|511672|0000000000032630|0000000000910051|0000000000039734|0000000001152015|082.12
16032026|511676|0000000000007723|0000000001073497|0000000000009937|0000000001375853|077.72
16032026|511688|0000000000000114|0000000000001390|0000000000000114|0000000000001390|100.00
16032026|511692|0000000000001918|0000000000011393|0000000000002565|0000000000015115|074.78
16032026|511700|0000000006272679|0000000003512701|0000000010125524|0000000005675705|061.95
16032026|511702|0000000000000047|0000000000007988|0000000000000048|0000000000007723|097.92
16032026|511710|0000000000011873|0000000000024578|0000000000016467|0000000000033628|072.10
16032026|511712|0000000000002037|0000000000152755|0000000000002153|0000000000160647|094.61
16032026|511714|0000000000001104|0000000000211251|0000000000010693|0000000002095052|010.32
16032026|511716|0000000000000500|0000000000002550|0000000000000505|0000000000002630|099.01
16032026|511724|0000000000000691|0000000000007560|0000000000000696|0000000000007641|099.28
16032026|511726|0000000000009664|0000000000110104|0000000000009664|0000000000110104|100.00
16032026|511728|0000000000000011|0000000000000211|0000000000000011|0000000000000210|100.00
16032026|511730|0000000000001400|0000000000023968|0000000000001400|0000000000023968|100.00
16032026|511740|0000000000000011|0000000000001401|0000000000000011|0000000000001413|100.00
16032026|511742|0000000000012537|0000000001103883|0000000000026586|0000000002347304|047.16
16032026|511754|0000000000009964|0000000000931535|0000000000014620|0000000001354186|068.15
16032026|511756|0000000000001197|0000000000039918|0000000000001197|0000000000039918|100.00
16032026|511758|0000000000000375|0000000000026213|0000000000000424|0000000000028582|088.44
16032026|511764|0000000000036461|0000000001361819|0000000000037417|0000000001394411|097.44
16032026|511766|0000000000000665|0000000000129210|0000000000001479|0000000000285028|044.96
16032026|511768|0000000000004227|0000000000297539|0000000000005830|0000000000412306|072.50
16032026|512008|0000000000221645|0000000044251425|0000000000254419|0000000050682189|087.12
16032026|512014|0000000000000012|0000000000008820|0000000000000019|0000000000013886|063.16
16032026|512018|0000000000054422|0000000000459866|0000000000059333|0000000000493090|091.72
16032026|512020|0000000000000030|0000000000295481|0000000000000042|0000000000420358|071.43
16032026|512024|0000000000000013|0000000000001074|0000000000000013|0000000000001074|100.00
16032026|512025|0000000000034448|0000000001534314|0000000000057209|0000000002522595|060.21
16032026|512036|0000000000000003|0000000000000453|0000000000000003|0000000000000446|100.00
16032026|512038|0000000000002978|0000000001105881|0000000000004421|0000000001680342|067.36
16032026|512047|0000000000286159|0000000001290578|0000000000332741|0000000001481401|086.00
16032026|512048|0000000000051444|0000000000151246|0000000000071690|0000000000206355|071.76
16032026|512064|0000000000000004|0000000000000185|0000000000000004|0000000000000184|100.00
16032026|512065|0000000000000133|0000000000001993|0000000000000133|0000000000001993|100.00
16032026|512068|0000000000460397|0000000042747862|0000000000840713|0000000078040132|054.76
16032026|512070|0000000000013820|0000000008411543|0000000000032624|0000000019918017|042.36
16032026|512093|0000000000027360|0000000000112940|0000000000027360|0000000000112940|100.00
16032026|512097|0000000000221639|0000000000055410|0000000000355177|0000000000090955|062.40
16032026|512103|0000000000000258|0000000000073530|0000000000000509|0000000000148182|050.69
16032026|512109|0000000000005929|0000000000373943|0000000000007205|0000000000469891|082.29
16032026|512115|0000000000002026|0000000000127638|0000000000002180|0000000000139008|092.94
16032026|512131|0000000000002248|0000000000098912|0000000000002279|0000000000100502|098.64
16032026|512149|0000000007580572|0000000007118198|0000000007580572|0000000007118198|100.00
16032026|512161|0000000000000498|0000000000010508|0000000000000899|0000000000018924|055.39
16032026|512165|0000000000283365|0000000006455055|0000000000285384|0000000006439020|099.29
16032026|512169|0000000000014511|0000000000161030|0000000000014511|0000000000161030|100.00
16032026|512175|0000000000080176|0000000000270194|0000000000086661|0000000000300672|092.52
16032026|512179|0000000000108481|0000000033222307|0000000000116971|0000000035771833|092.74
16032026|512197|0000000000003932|0000000000018174|0000000000003932|0000000000018174|100.00
16032026|512217|0000000000080446|0000000002197785|0000000000098966|0000000002622959|081.29
16032026|512229|0000000000009916|0000000001603216|0000000000009916|0000000001603216|100.00
16032026|512237|0000000000015903|0000000001533050|0000000000041675|0000000003989835|038.16
16032026|512247|0000000000089699|0000000000235012|0000000000127935|0000000000334273|070.11
16032026|512257|0000000000027247|0000000000094275|0000000000027491|0000000000094676|099.11
16032026|512267|0000000000042963|0000000000392253|0000000000071101|0000000000650871|060.43
16032026|512277|0000000000000276|0000000000100262|0000000000000276|0000000000100262|100.00
16032026|512279|0000000000001371|0000000000039073|0000000000001371|0000000000039073|100.00
16032026|512296|0000000000007834|0000000001129663|0000000000015198|0000000002155239|051.55
16032026|512297|0000000000046688|0000000002218146|0000000000046688|0000000002218146|100.00
16032026|512301|0000000000044176|0000000001389591|0000000000044176|0000000001389591|100.00
16032026|512329|0000000000007042|0000000003083692|0000000000014535|0000000006392186|048.45
16032026|512344|0000000000000107|0000000000000642|0000000000000107|0000000000000642|100.00
16032026|512361|0000000000071296|0000000001827317|0000000000090652|0000000002324775|078.65
16032026|512379|0000000000740181|0000000001628399|0000000000949008|0000000002124522|078.00
16032026|512381|0000000000000252|0000000000063517|0000000000003048|0000000000767479|008.27
16032026|512393|0000000000002662|0000000000067828|0000000000002873|0000000000074852|092.66
16032026|512399|0000000000010481|0000000000369456|0000000000014682|0000000000519290|071.39
16032026|512405|0000000000000400|0000000000009123|0000000000000400|0000000000009123|100.00
16032026|512415|0000000000074494|0000000000412697|0000000000092261|0000000000518308|080.74
16032026|512437|0000000000000408|0000000000151654|0000000000000440|0000000000157203|092.73
16032026|512441|0000000004602328|0000000001748885|0000000007554066|0000000002758208|060.93
16032026|512443|0000000000419201|0000000006870705|0000000000466745|0000000007576171|089.81
16032026|512453|0000000000000474|0000000000281130|0000000000000671|0000000000402137|070.64
16032026|512455|0000000000048140|0000000055221394|0000000000073414|0000000083158703|065.57
16032026|512463|0000000000043542|0000000001994224|0000000000163004|0000000007491747|026.71
16032026|512477|0000000000000100|0000000000037700|0000000000000100|0000000000037700|100.00
16032026|512481|0000000000008504|0000000000053890|0000000000008504|0000000000053890|100.00
16032026|512485|0000000000000305|0000000000024776|0000000000000312|0000000000025297|097.76
16032026|512489|0000000000000290|0000000000003753|0000000000000355|0000000000004614|081.69
16032026|512493|0000000000009383|0000000000559381|0000000000009383|0000000000559381|100.00
16032026|512499|0000000000058564|0000000000028697|0000000000058564|0000000000028696|100.00
16032026|512519|0000000000001251|0000000000104434|0000000000001678|0000000000141815|074.55
16032026|512527|0000000000000414|0000000000249435|0000000000000429|0000000000259545|096.50
16032026|512529|0000000000010409|0000000002029755|0000000000015922|0000000003099198|065.37
16032026|512531|0000000000001982|0000000000202363|0000000000002637|0000000000263361|075.16
16032026|512559|0000000000006592|0000000000150298|0000000000006968|0000000000159467|094.60
16032026|512565|0000000000000151|0000000000006101|0000000000000155|0000000000006340|097.42
16032026|512573|0000000000009360|0000000011360700|0000000000037925|0000000045557259|024.68
16032026|512587|0000000000022560|0000000000777869|0000000000026057|0000000000845220|086.58
16032026|512589|0000000000000710|0000000000114985|0000000000000954|0000000000154307|074.42
16032026|512591|0000000025181615|0000000023667110|0000000025181615|0000000023667110|100.00
16032026|512595|0000000000000851|0000000000699585|0000000000000851|0000000000699585|100.00
16032026|512597|0000000000000200|0000000000051390|0000000000000954|0000000000239812|020.96
16032026|512599|0000000000012890|0000000025465484|0000000000047472|0000000093442544|027.15
16032026|512600|0000000000003740|0000000000270028|0000000000005770|0000000000422340|064.82
16032026|512604|0000000000001360|0000000000008854|0000000000001360|0000000000008853|100.00
16032026|512608|0000000000174427|0000000000448278|0000000000193292|0000000000485852|090.24
16032026|512618|0000000000000508|0000000000006274|0000000000000508|0000000000006251|100.00
16032026|512624|0000000000038817|0000000000219317|0000000000040835|0000000000224244|095.06
16032026|512626|0000000000001436|0000000000225022|0000000000001565|0000000000238057|091.76
16032026|512634|0000000000079702|0000000013278354|0000000000082436|0000000013364735|096.68
16032026|513005|0000000000000878|0000000000035998|0000000000000883|0000000000036253|099.43
16032026|513023|0000000000019410|0000000010444521|0000000000033570|0000000018273745|057.82
16032026|513043|0000000000002043|0000000000283160|0000000000002293|0000000000312181|089.10
16032026|513059|0000000000000975|0000000000030518|0000000000001589|0000000000048683|061.36
16032026|513063|0000000000000401|0000000000008157|0000000000000501|0000000000010275|080.04
16032026|513097|0000000000008640|0000000003583440|0000000000012867|0000000005276307|067.15
16032026|513108|0000000000000316|0000000000257256|0000000000000363|0000000000292888|087.05
16032026|513117|0000000000000518|0000000000003248|0000000000000624|0000000000003922|083.01
16032026|513119|0000000000428947|0000000306463670|0000000000428947|0000000306463670|100.00
16032026|513121|0000000000001765|0000000000116755|0000000000002684|0000000000177863|065.76
16032026|513173|0000000000001760|0000000000034743|0000000000001929|0000000000037914|091.24
16032026|513228|0000000000029179|0000000004128829|0000000000050518|0000000007099219|057.76
16032026|513250|0000000000624350|0000000006555675|0000000001231327|0000000013038773|050.71
16032026|513252|0000000000000141|0000000000108754|0000000000000141|0000000000109642|100.00
16032026|513262|0000000000005947|0000000001065406|0000000000008469|0000000001519535|070.22
16032026|513269|0000000000007402|0000000002933783|0000000000021965|0000000008631699|033.70
16032026|513295|0000000000000757|0000000000128653|0000000000001009|0000000000172899|075.02
16032026|513303|0000000000004187|0000000000050161|0000000000005846|0000000000070809|071.62
16032026|513307|0000000000000535|0000000001014819|0000000000000535|0000000001014819|100.00
16032026|513309|0000000000027097|0000000000193744|0000000000033799|0000000000251150|080.17
16032026|513337|0000000002360537|0000000001227480|0000000004508810|0000000002367219|052.35
16032026|513343|0000000000001000|0000000000010980|0000000000001000|0000000000010980|100.00
16032026|513349|0000000000005979|0000000000683998|0000000000011453|0000000001332062|052.20
16032026|513353|0000000000005309|0000000001170900|0000000000005933|0000000001325053|089.48
16032026|513361|0000000000463047|0000000006853096|0000000000585873|0000000008537611|079.04
16032026|513369|0000000000000020|0000000000002474|0000000000000045|0000000000005539|044.44
16032026|513375|0000000000004996|0000000003787218|0000000000010284|0000000007716651|048.58
16032026|513377|0000000000023718|0000000001245433|0000000000042305|0000000002218146|056.06
16032026|513397|0000000000000142|0000000000001802|0000000000000162|0000000000002041|087.65
16032026|513401|0000000000036611|0000000000996755|0000000000036611|0000000000996755|100.00
16032026|513403|0000000000003496|0000000000042651|0000000000003496|0000000000042651|100.00
16032026|513418|0000000000059379|0000000000271956|0000000000065204|0000000000297496|091.07
16032026|513422|0000000000000016|0000000000000466|0000000000000016|0000000000000465|100.00
16032026|513430|0000000000000001|0000000000000023|0000000000000001|0000000000000022|100.00
16032026|513436|0000000000000035|0000000000002061|0000000000000067|0000000000003823|052.24
16032026|513452|0000000000001050|0000000000009986|0000000000001050|0000000000009985|100.00
16032026|513456|0000000000002532|0000000000126347|0000000000003848|0000000000195411|065.80
16032026|513460|0000000000000052|0000000000000465|0000000000000052|0000000000000465|100.00
16032026|513472|0000000000005795|0000000002512712|0000000000019171|0000000008466209|030.23
16032026|513488|0000000000007587|0000000000128979|0000000000008912|0000000000155377|085.13
16032026|513496|0000000000000308|0000000000085424|0000000000000308|0000000000085424|100.00
16032026|513498|0000000000002465|0000000000172550|0000000000002466|0000000000173973|099.96
16032026|513502|0000000000091095|0000000000735122|0000000000091095|0000000000735122|100.00
16032026|513507|0000000000000100|0000000000016800|0000000000000100|0000000000016800|100.00
16032026|513509|0000000000000156|0000000000086346|0000000000000157|0000000000089139|099.36
16032026|513511|0000000000000301|0000000000093476|0000000000000484|0000000000147617|062.19
16032026|513513|0000000000000120|0000000000001236|0000000000000128|0000000000001204|093.75
16032026|513517|0000000000001563|0000000000338156|0000000000001832|0000000000399651|085.32
16032026|513519|0000000000002115|0000000001642615|0000000000003505|0000000002703240|060.34
16032026|513528|0000000000003328|0000000000158013|0000000000003328|0000000000158013|100.00
16032026|513532|0000000000007807|0000000002555622|0000000000008363|0000000002760524|093.35
16032026|513536|0000000000065488|0000000005910292|0000000000080802|0000000007410578|081.05
16032026|513544|0000000000000067|0000000000006861|0000000000000067|0000000000006860|100.00
16032026|513548|0000000000000644|0000000000094411|0000000000000958|0000000000137812|067.22
16032026|513554|0000000000000832|0000000000784493|0000000000001155|0000000001072807|072.03
16032026|513566|0000000000000340|0000000000004012|0000000000000528|0000000000006253|064.39
16032026|513575|0000000000000916|0000000000018320|0000000000001069|0000000000021437|085.69
16032026|513599|0000000000338756|0000000161806804|0000000000912933|0000000440888326|037.11
16032026|513629|0000000000007739|0000000000153542|0000000000007742|0000000000153507|099.96
16032026|513642|0000000000000527|0000000000023742|0000000000000590|0000000000026178|089.32
16032026|513683|0000000000039599|0000000010174964|0000000000115541|0000000029868769|034.27
16032026|513687|0000000000000031|0000000000000146|0000000000000031|0000000000000146|100.00
16032026|513693|0000000000006701|0000000000180257|0000000000006701|0000000000182452|100.00
16032026|513699|0000000000000193|0000000000004889|0000000000000193|0000000000004846|100.00
16032026|513709|0000000000043493|0000000006843624|0000000000043905|0000000006930442|099.06
16032026|513713|0000000000025854|0000000000092041|0000000000035267|0000000000127727|073.31
16032026|513721|0000000000010005|0000000000161580|0000000000010005|0000000000161580|100.00
16032026|513729|0000000000015025|0000000000347829|0000000000016749|0000000000389802|089.71
16032026|514010|0000000000423625|0000000007637959|0000000000512648|0000000009365356|082.63
16032026|514028|0000000000000073|0000000000002519|0000000000000074|0000000000002514|098.65
16032026|514030|0000000000003206|0000000000342401|0000000000004983|0000000000529690|064.34
16032026|514036|0000000000000071|0000000000014198|0000000000000071|0000000000014198|100.00
16032026|514043|0000000000014777|0000000001203735|0000000000043963|0000000003543156|033.61
16032026|514045|0000000000000611|0000000000073931|0000000000000624|0000000000075464|097.92
16032026|514060|0000000000101542|0000000000453893|0000000000116420|0000000000519547|087.22
16032026|514087|0000000000014561|0000000000779014|0000000000014589|0000000000798313|099.81
16032026|514113|0000000000000983|0000000000016991|0000000000000983|0000000000016991|100.00
16032026|514138|0000000000001191|0000000000369866|0000000000001655|0000000000512279|071.96
16032026|514140|0000000000011255|0000000000205870|0000000000011255|0000000000205870|100.00
16032026|514142|0000000000034214|0000000000292204|0000000000034214|0000000000292204|100.00
16032026|514162|0000000000055694|0000000006090139|0000000000126785|0000000013951901|043.93
16032026|514165|0000000000036892|0000000000171917|0000000000041838|0000000000196416|088.18
16032026|514167|0000000000152843|0000000127784391|0000000000467279|0000000391375233|032.71
16032026|514171|0000000000000181|0000000000007794|0000000000000181|0000000000007794|100.00
16032026|514175|0000000000057538|0000000000448429|0000000000057538|0000000000448429|100.00
16032026|514177|0000000000001185|0000000000066419|0000000000001185|0000000000066419|100.00
16032026|514183|0000000000022465|0000000001670723|0000000000027344|0000000002044387|082.16
16032026|514197|0000000000004142|0000000000016900|0000000000004168|0000000000016608|099.38
16032026|514211|0000000000016033|0000000000485159|0000000000022141|0000000000657314|072.41
16032026|514221|0000000000204294|0000000000045523|0000000000204294|0000000000045523|100.00
16032026|514223|0000000000000674|0000000000012741|0000000000000674|0000000000012741|100.00
16032026|514234|0000000000000349|0000000000150821|0000000000000387|0000000000163658|090.18
16032026|514238|0000000000000820|0000000000652515|0000000000001058|0000000000830857|077.50
16032026|514240|0000000000006049|0000000000035629|0000000000006977|0000000000041310|086.70
16032026|514248|0000000000003800|0000000000117800|0000000000003800|0000000000117800|100.00
16032026|514264|0000000000001018|0000000000017815|0000000000001035|0000000000017105|098.36
16032026|514266|0000000000000502|0000000000024102|0000000000000502|0000000000024950|100.00
16032026|514272|0000000000000091|0000000000009555|0000000000000092|0000000000009656|098.91
16032026|514274|0000000000000089|0000000000005360|0000000000000168|0000000000010113|052.98
16032026|514280|0000000000000089|0000000000012901|0000000000000114|0000000000016585|078.07
16032026|514286|0000000000009828|0000000000140049|0000000000010555|0000000000148873|093.11
16032026|514300|0000000000000218|0000000000005036|0000000000000238|0000000000005585|091.60
16032026|514302|0000000000000121|0000000000017915|0000000000000143|0000000000021183|084.62
16032026|514316|0000000000006013|0000000000623549|0000000000006906|0000000000707790|087.07
16032026|514318|0000000000000500|0000000000209950|0000000000000500|0000000000209950|100.00
16032026|514322|0000000000000177|0000000000012835|0000000000000353|0000000000025742|050.14
16032026|514324|0000000000000287|0000000000203689|0000000000000287|0000000000203689|100.00
16032026|514326|0000000000016919|0000000000108620|0000000000016936|0000000000111579|099.90
16032026|514330|0000000000021119|0000000012754821|0000000000044968|0000000026310434|046.96
16032026|514332|0000000000001195|0000000000050896|0000000000001231|0000000000052038|097.08
16032026|514336|0000000000001490|0000000000155147|0000000000001490|0000000000155147|100.00
16032026|514348|0000000000001050|0000000000001796|0000000000001050|0000000000001796|100.00
16032026|514354|0000000000009639|0000000000591931|0000000000015291|0000000000917114|063.04
16032026|514358|0000000000000026|0000000000002431|0000000000000027|0000000000002589|096.30
16032026|514360|0000000000067818|0000000001561171|0000000000091980|0000000002143856|073.73
16032026|514378|0000000000003546|0000000000042978|0000000000003718|0000000000045714|095.37
16032026|514386|0000000000122359|0000000001059629|0000000000123303|0000000001068190|099.23
16032026|514400|0000000000000050|0000000000001021|0000000000000050|0000000000001021|100.00
16032026|514402|0000000000071446|0000000000812342|0000000000080295|0000000000926889|088.98
16032026|514414|0000000000000200|0000000000002124|0000000000000200|0000000000002124|100.00
16032026|514418|0000000000000269|0000000000106498|0000000000000275|0000000000109030|097.82
16032026|514428|0000000000000345|0000000000097635|0000000000000357|0000000000101494|096.64
16032026|514440|0000000000007492|0000000000277654|0000000000007592|0000000000282021|098.68
16032026|514442|0000000000008105|0000000000142324|0000000000008208|0000000000150930|098.75
16032026|514448|0000000000015313|0000000012027596|0000000000022892|0000000018056296|066.89
16032026|514450|0000000000000079|0000000000012956|0000000000000079|0000000000012951|100.00
16032026|514454|0000000000000442|0000000000012107|0000000000000442|0000000000012076|100.00
16032026|514470|0000000000009029|0000000000603047|0000000000011594|0000000000774340|077.88
16032026|515008|0000000000071978|0000000016079886|0000000000104014|0000000023329103|069.20
16032026|515018|0000000000000070|0000000000002933|0000000000000090|0000000000003697|077.78
16032026|515030|0000000000000812|0000000000682446|0000000000001605|0000000001343584|050.59
16032026|515037|0000000000020167|0000000000595935|0000000000020957|0000000000618794|096.23
16032026|515043|0000000000022081|0000000002036973|0000000000031016|0000000002870144|071.19
16032026|515055|0000000000065092|0000000028809720|0000000000202638|0000000088768332|032.12
16032026|515059|0000000000001757|0000000000052781|0000000000003491|0000000000105367|050.33
16032026|515085|0000000000008002|0000000000048653|0000000000010067|0000000000060346|079.49
16032026|515093|0000000000000019|0000000000000682|0000000000000019|0000000000000681|100.00
16032026|515127|0000000000049487|0000000000047903|0000000000049487|0000000000047903|100.00
16032026|515147|0000000000098725|0000000007833829|0000000000119410|0000000009669718|082.68
16032026|516003|0000000000012292|0000000001558626|0000000000012591|0000000001633958|097.63
16032026|516016|0000000000006025|0000000000843500|0000000000006057|0000000000832121|099.47
16032026|516020|0000000000002801|0000000000011092|0000000000003302|0000000000012466|084.83
16032026|516022|0000000000001575|0000000000206955|0000000000001693|0000000000223116|093.03
16032026|516030|0000000000004065|0000000000309794|0000000000006710|0000000000510460|060.58
16032026|516032|0000000000016104|0000000000098879|0000000000022274|0000000000140217|072.30
16032026|516038|0000000000001149|0000000000212832|0000000000001149|0000000000212832|100.00
16032026|516062|0000000000005987|0000000000033227|0000000000005987|0000000000033227|100.00
16032026|516064|0000000000001362|0000000000472819|0000000000001726|0000000000611659|078.91
16032026|516072|0000000000000957|0000000000485104|0000000000001471|0000000000731060|065.06
16032026|516078|0000000000001404|0000000000081713|0000000000001404|0000000000081534|100.00
16032026|516082|0000000000000128|0000000000051002|0000000000000151|0000000000059536|084.77
16032026|516092|0000000000000135|0000000000003915|0000000000000192|0000000000005556|070.31
16032026|516096|0000000000000113|0000000000020951|0000000000000113|0000000000020950|100.00
16032026|516098|0000000000008769|0000000000065242|0000000000012137|0000000000089409|072.25
16032026|516106|0000000000001713|0000000000010861|0000000000002114|0000000000013293|081.03
16032026|516108|0000000000006019|0000000000517634|0000000000007280|0000000000629264|082.68
16032026|516110|0000000000037523|0000000000104690|0000000000046835|0000000000135109|080.12
16032026|517015|0000000000001101|0000000001182915|0000000000001728|0000000001870867|063.72
16032026|517035|0000000000089933|0000000013462971|0000000000184919|0000000027873880|048.63
16032026|517041|0000000000000265|0000000000249922|0000000000000409|0000000000386308|064.79
16032026|517044|0000000000000010|0000000000000350|0000000000000010|0000000000000350|100.00
16032026|517059|0000000000009626|0000000005246170|0000000000012637|0000000006955910|076.17
16032026|517063|0000000000003798|0000000000445696|0000000000004888|0000000000572420|077.70
16032026|517077|0000000000000069|0000000000002774|0000000000000069|0000000000002915|100.00
16032026|517096|0000000000002005|0000000000141373|0000000000002217|0000000000158136|090.44
16032026|517119|0000000000001070|0000000000019795|0000000000001075|0000000000019741|099.53
16032026|517146|0000000000005353|0000000002129156|0000000000014062|0000000005621781|038.07
16032026|517166|0000000000033673|0000000004375807|0000000000049937|0000000006460286|067.43
16032026|517168|0000000000001279|0000000000855779|0000000000002882|0000000001916842|044.38
16032026|517170|0000000000023259|0000000000520770|0000000000025981|0000000000575884|089.52
16032026|517174|0000000000000207|0000000006060339|0000000000000297|0000000008742824|069.70
16032026|517201|0000000000000216|0000000000015664|0000000000000216|0000000000015664|100.00
16032026|517206|0000000000000815|0000000003990689|0000000000001298|0000000006318220|062.79
16032026|517214|0000000000009712|0000000000165687|0000000000011193|0000000000189669|086.77
16032026|517230|0000000000000010|0000000000000172|0000000000000010|0000000000000172|100.00
16032026|517236|0000000000005275|0000000000420418|0000000000006388|0000000000510007|082.58
16032026|517238|0000000000001147|0000000000184667|0000000000001148|0000000000180362|099.91
16032026|517246|0000000000019928|0000000002229944|0000000000025868|0000000002813607|077.04
16032026|517258|0000000000000807|0000000000107049|0000000000000847|0000000000104227|095.28
16032026|517264|0000000000000301|0000000000024156|0000000000000301|0000000000023124|100.00
16032026|517271|0000000000037557|0000000024676827|0000000000102821|0000000067108493|036.53
16032026|517273|0000000000000010|0000000000003535|0000000000000010|0000000000003535|100.00
16032026|517286|0000000000087390|0000000004408434|0000000000087390|0000000004408434|100.00
16032026|517288|0000000000001381|0000000000074892|0000000000001483|0000000000080439|093.12
16032026|517300|0000000000028283|0000000003695174|0000000000044980|0000000005825230|062.88
16032026|517320|0000000000002241|0000000000149990|0000000000002241|0000000000149990|100.00
16032026|517330|0000000000000011|0000000000000043|0000000000000011|0000000000000043|100.00
16032026|517334|0000000000451675|0000000051129610|0000000000845180|0000000095080398|053.44
16032026|517336|0000000000000100|0000000000001479|0000000000000100|0000000000001479|100.00
16032026|517344|0000000000006635|0000000001119988|0000000000011003|0000000001894994|060.30
16032026|517354|0000000000015035|0000000019490623|0000000000030391|0000000039178924|049.47
16032026|517356|0000000000135101|0000000000161887|0000000000135101|0000000000161887|100.00
16032026|517370|0000000000002471|0000000000195457|0000000000002472|0000000000196859|099.96
16032026|517372|0000000000000906|0000000000396511|0000000000001291|0000000000561522|070.18
16032026|517380|0000000000000530|0000000000163320|0000000000000851|0000000000260597|062.28
16032026|517385|0000000000003891|0000000003050155|0000000000008579|0000000006798798|045.35
16032026|517393|0000000000340975|0000000002684278|0000000000340975|0000000002684278|100.00
16032026|517397|0000000000000224|0000000000007323|0000000000000224|0000000000007322|100.00
16032026|517399|0000000000000052|0000000000000169|0000000000000052|0000000000000169|100.00
16032026|517411|0000000000002880|0000000000025258|0000000000005885|0000000000053400|048.94
16032026|517415|0000000000003581|0000000000026777|0000000000003581|0000000000026777|100.00
16032026|517417|0000000000013838|0000000003094177|0000000000016401|0000000003749542|084.37
16032026|517421|0000000000001139|0000000000687558|0000000000002442|0000000001482775|046.64
16032026|517423|0000000000000200|0000000000028620|0000000000000200|0000000000028620|100.00
16032026|517429|0000000000000697|0000000000046456|0000000000000767|0000000000050770|090.87
16032026|517431|0000000000111203|0000000001761456|0000000000153502|0000000002527862|072.44
16032026|517437|0000000000000010|0000000000001083|0000000000000010|0000000000001083|100.00
16032026|517447|0000000000010168|0000000000272300|0000000000012291|0000000000335795|082.73
16032026|517449|0000000000002449|0000000002149120|0000000000002506|0000000002202739|097.73
16032026|517467|0000000000017767|0000000002374560|0000000000036917|0000000005044078|048.13
16032026|517477|0000000000000967|0000000000307506|0000000000001005|0000000000321646|096.22
16032026|517494|0000000000006439|0000000000074564|0000000000007614|0000000000090421|084.57
16032026|517498|0000000000153716|0000000008185377|0000000000316831|0000000016596391|048.52
16032026|517500|0000000000030156|0000000001694768|0000000000046432|0000000002608031|064.95
16032026|517506|0000000000017727|0000000008717253|0000000000044560|0000000022794166|039.78
16032026|517514|0000000000023272|0000000004181979|0000000000025006|0000000004470777|093.07
16032026|517522|0000000000003485|0000000001279518|0000000000005137|0000000001875570|067.84
16032026|517530|0000000000002928|0000000000049425|0000000000004008|0000000000067986|073.05
16032026|517536|0000000000003446|0000000000796371|0000000000005383|0000000001242029|064.02
16032026|517544|0000000000000970|0000000002628846|0000000000001700|0000000004533910|057.06
16032026|517546|0000000000010247|0000000000445847|0000000000016119|0000000000706725|063.57
16032026|517554|0000000001089539|0000000000795364|0000000001388524|0000000001009409|078.47
16032026|517556|0000000000016971|0000000000416299|0000000000023341|0000000000562414|072.71
16032026|517562|0000000000026853|0000000001221543|0000000000029721|0000000001354876|090.35
16032026|517564|0000000000002254|0000000000141905|0000000000002254|0000000000141905|100.00
16032026|517569|0000000000004161|0000000017359068|0000000000015503|0000000063814615|026.84
16032026|518011|0000000000001000|0000000000053900|0000000000001039|0000000000053815|096.25
16032026|518053|0000000000001430|0000000000057615|0000000000001531|0000000000061689|093.40
16032026|518075|0000000000003077|0000000000651497|0000000000003077|0000000000651497|100.00
16032026|518091|0000000000000020|0000000000002310|0000000000000020|0000000000002310|100.00
16032026|519003|0000000000000144|0000000000041357|0000000000000318|0000000000090694|045.28
16032026|519014|0000000000000054|0000000000000696|0000000000000054|0000000000000696|100.00
16032026|519031|0000000000000033|0000000000005347|0000000000000033|0000000000005347|100.00
16032026|519064|0000000000000108|0000000000012074|0000000000000108|0000000000012074|100.00
16032026|519091|0000000000000030|0000000000204360|0000000000000033|0000000000225841|090.91
16032026|519097|0000000000003429|0000000000193190|0000000000003928|0000000000220131|087.30
16032026|519105|0000000000003964|0000000000231141|0000000000005963|0000000000347535|066.48
16032026|519126|0000000000001912|0000000000897971|0000000000002799|0000000001312988|068.31
16032026|519136|0000000000010631|0000000000960192|0000000000010812|0000000000978171|098.33
16032026|519152|0000000000003911|0000000038327800|0000000000003912|0000000038337643|099.97
16032026|519156|0000000000000944|0000000004346601|0000000000001392|0000000006343013|067.82
16032026|519183|0000000000001823|0000000000327320|0000000000004006|0000000000724749|045.51
16032026|519191|0000000000022830|0000000000032654|0000000000022830|0000000000032654|100.00
16032026|519214|0000000000000001|0000000000000007|0000000000000001|0000000000000006|100.00
16032026|519216|0000000000041998|0000000000879019|0000000000057481|0000000001209622|073.06
16032026|519224|0000000000000021|0000000000000546|0000000000000040|0000000000001047|052.50
16032026|519230|0000000000000431|0000000000006767|0000000000000760|0000000000012246|056.71
16032026|519234|0000000000001699|0000000000055660|0000000000001990|0000000000061158|085.38
16032026|519238|0000000000000939|0000000000040049|0000000000001344|0000000000056408|069.87
16032026|519242|0000000000000001|0000000000000068|0000000000000001|0000000000000067|100.00
16032026|519260|0000000000110299|0000000000054046|0000000000110299|0000000000054046|100.00
16032026|519262|0000000000000324|0000000000004932|0000000000000525|0000000000007812|061.71
16032026|519279|0000000000000500|0000000000003880|0000000000000500|0000000000003880|100.00
16032026|519287|0000000000007329|0000000000229105|0000000000010101|0000000000315622|072.56
16032026|519295|0000000000000588|0000000000119364|0000000000000793|0000000000153977|074.15
16032026|519299|0000000000001316|0000000000048298|0000000000001317|0000000000048054|099.92
16032026|519307|0000000000056157|0000000000057452|0000000000056157|0000000000057452|100.00
16032026|519331|0000000000011691|0000000000432217|0000000000012297|0000000000454765|095.07
16032026|519353|0000000000002000|0000000000031606|0000000000002000|0000000000031606|100.00
16032026|519359|0000000000000471|0000000000029867|0000000000000508|0000000000033749|092.72
16032026|519383|0000000000010262|0000000000413354|0000000000010292|0000000000418697|099.71
16032026|519397|0000000000020820|0000000003019941|0000000000131487|0000000018975271|015.83
16032026|519421|0000000000017005|0000000003316826|0000000000019094|0000000003719370|089.06
16032026|519457|0000000000000135|0000000000003982|0000000000000169|0000000000004928|079.88
16032026|519463|0000000000000014|0000000000010382|0000000000000014|0000000000010382|100.00
16032026|519471|0000000000000381|0000000000063627|0000000000000381|0000000000063162|100.00
16032026|519477|0000000000032944|0000000037330310|0000000000032944|0000000037330310|100.00
16032026|519479|0000000000000700|0000000000006328|0000000000000800|0000000000007232|087.50
16032026|519483|0000000000000267|0000000000006833|0000000000000382|0000000000009840|069.90
16032026|519494|0000000000000181|0000000000010842|0000000000000182|0000000000012024|099.45
16032026|519500|0000000000000218|0000000000002013|0000000000000253|0000000000002353|086.17
16032026|519506|0000000000001700|0000000000046530|0000000000001700|0000000000046530|100.00
16032026|519532|0000000000008620|0000000000088614|0000000000012691|0000000000127895|067.92
16032026|519552|0000000000008987|0000000002780129|0000000000019305|0000000005952258|046.55
16032026|519566|0000000000002205|0000000000326340|0000000000002555|0000000000369611|086.30
16032026|519574|0000000000011721|0000000000448563|0000000000014674|0000000000554286|079.88
16032026|519600|0000000000033661|0000000035019222|0000000000043761|0000000045728156|076.92
16032026|519602|0000000000060552|0000000000996686|0000000000117401|0000000001937252|051.58
16032026|519604|0000000000000649|0000000000012331|0000000000000649|0000000000012331|100.00
16032026|519606|0000000000000968|0000000000051150|0000000000000968|0000000000051149|100.00
16032026|519612|0000000000001155|0000000000080527|0000000000001165|0000000000081284|099.14
16032026|520008|0000000000033453|0000000003546018|0000000000094333|0000000009882255|035.46
16032026|520021|0000000000003927|0000000000372476|0000000000006533|0000000000621705|060.11
16032026|520043|0000000000003992|0000000000479440|0000000000004161|0000000000496854|095.94
16032026|520051|0000000000059905|0000000007104733|0000000000121905|0000000014431057|049.14
16032026|520056|0000000000000165|0000000002260979|0000000000000306|0000000004198880|053.92
16032026|520057|0000000000010163|0000000001318142|0000000000011596|0000000001486555|087.64
16032026|520059|0000000000002312|0000000000173077|0000000000003172|0000000000234875|072.89
16032026|520066|0000000000004671|0000000000402874|0000000000005943|0000000000512916|078.60
16032026|520073|0000000000001216|0000000001555568|0000000000002238|0000000002826278|054.33
16032026|520075|0000000000000029|0000000000003364|0000000000000057|0000000000006635|050.88
16032026|520086|0000000000003164|0000000000208097|0000000000003164|0000000000208097|100.00
16032026|520111|0000000000001626|0000000003830369|0000000000003489|0000000008218092|046.60
16032026|520113|0000000000001769|0000000000857700|0000000000004791|0000000002305526|036.92
16032026|520119|0000000000001702|0000000000697991|0000000000002067|0000000000836135|082.34
16032026|520121|0000000000013178|0000000000228111|0000000000013178|0000000000228111|100.00
16032026|520123|0000000000001042|0000000000062166|0000000000001442|0000000000085967|072.26
16032026|520127|0000000000000245|0000000000003002|0000000000000320|0000000000003942|076.56
16032026|520131|0000000000000100|0000000000003499|0000000000000100|0000000000003499|100.00
16032026|520141|0000000000003029|0000000000022991|0000000000003382|0000000000025847|089.56
16032026|520151|0000000000001361|0000000000170534|0000000000002098|0000000000265811|064.87
16032026|520155|0000000000034558|0000000001313204|0000000000034608|0000000001312578|099.86
16032026|521005|0000000005021329|0000000003464718|0000000006498838|0000000004508155|077.26
16032026|521014|0000000000000017|0000000000000246|0000000000000018|0000000000000261|094.44
16032026|521016|0000000000009442|0000000002207068|0000000000022393|0000000005196968|042.16
16032026|521018|0000000000001841|0000000000071910|0000000000002643|0000000000103432|069.66
16032026|521034|0000000000000653|0000000000066116|0000000000000653|0000000000066116|100.00
16032026|521036|0000000000000050|0000000000000278|0000000000000050|0000000000000278|100.00
16032026|521048|0000000000000015|0000000000000357|0000000000000016|0000000000000381|093.75
16032026|521054|0000000000000077|0000000000000663|0000000000000077|0000000000000715|100.00
16032026|521062|0000000000001272|0000000000006093|0000000000001322|0000000000005982|096.22
16032026|521064|0000000000209317|0000000004728472|0000000000430792|0000000009704653|048.59
16032026|521070|0000000000302645|0000000003825433|0000000000680847|0000000008611151|044.45
16032026|521080|0000000000008316|0000000000051144|0000000000012237|0000000000075471|067.96
16032026|521082|0000000000000004|0000000000000045|0000000000000004|0000000000000045|100.00
16032026|521097|0000000000000618|0000000000079475|0000000000001085|0000000000140390|056.96
16032026|521105|0000000000002611|0000000000071881|0000000000004150|0000000000112223|062.92
16032026|521109|0000000000000663|0000000000015780|0000000000002107|0000000000048192|031.47
16032026|521113|0000000000027575|0000000002132099|0000000000031248|0000000002415422|088.25
16032026|521131|0000000000001957|0000000000050335|0000000000002597|0000000000065169|075.36
16032026|521137|0000000000008584|0000000000037083|0000000000009626|0000000000042017|089.18
16032026|521141|0000000000021556|0000000000341879|0000000000023082|0000000000358130|093.39
16032026|521151|0000000000001501|0000000000085107|0000000000001501|0000000000090356|100.00
16032026|521161|0000000000000004|0000000000000098|0000000000000004|0000000000000095|100.00
16032026|521163|0000000000002828|0000000000192107|0000000000002903|0000000000198444|097.42
16032026|521167|0000000000000594|0000000000030876|0000000000000594|0000000000030876|100.00
16032026|521178|0000000000002380|0000000000091916|0000000000002553|0000000000097342|093.22
16032026|521180|0000000000029744|0000000000126710|0000000000037406|0000000000161824|079.52
16032026|521188|0000000000000015|0000000000000236|0000000000000015|0000000000000236|100.00
16032026|521194|0000000000000029|0000000000011687|0000000000000030|0000000000012057|096.67
16032026|521200|0000000000000816|0000000000042335|0000000000000892|0000000000045977|091.48
16032026|521206|0000000000009121|0000000000011767|0000000000012264|0000000000015540|074.37
16032026|521210|0000000000000001|0000000000000015|0000000000000001|0000000000000014|100.00
16032026|521216|0000000000000394|0000000000029795|0000000000000405|0000000000030894|097.28
16032026|521220|0000000000000101|0000000000002387|0000000000000203|0000000000004791|049.75
16032026|521222|0000000000000048|0000000000001831|0000000000000048|0000000000001825|100.00
16032026|521226|0000000000000285|0000000000005843|0000000000000385|0000000000008261|074.03
16032026|521228|0000000000032545|0000000000075830|0000000000037514|0000000000088971|086.75
16032026|521232|0000000000000300|0000000000021546|0000000000000300|0000000000021546|100.00
16032026|521234|0000000000001007|0000000000029445|0000000000001008|0000000000031063|099.90
16032026|521238|0000000000006352|0000000000556817|0000000000008541|0000000000753515|074.37
16032026|521240|0000000000000035|0000000000003310|0000000000000035|0000000000003440|100.00
16032026|521242|0000000000000750|0000000000032010|0000000000000750|0000000000032010|100.00
16032026|521244|0000000000000214|0000000000021828|0000000000000214|0000000000021828|100.00
16032026|521246|0000000000007879|0000000000015916|0000000000007879|0000000000015916|100.00
16032026|521248|0000000000023162|0000000003696656|0000000000072621|0000000011638492|031.89
16032026|522001|0000000000004318|0000000000277691|0000000000004360|0000000000279833|099.04
16032026|522004|0000000000027475|0000000002034249|0000000000036315|0000000002702592|075.66
16032026|522005|0000000000012598|0000000001281217|0000000000013244|0000000001364232|095.12
16032026|522014|0000000000000757|0000000000124527|0000000000000830|0000000000138051|091.20
16032026|522017|0000000000016276|0000000010418268|0000000000018920|0000000012261784|086.03
16032026|522027|0000000000008123|0000000003397039|0000000000008123|0000000003387662|100.00
16032026|522029|0000000000002954|0000000000655050|0000000000003423|0000000000769922|086.30
16032026|522034|0000000000001545|0000000000694941|0000000000001883|0000000000843355|082.05
16032026|522064|0000000000000405|0000000000825451|0000000000000656|0000000001323782|061.74
16032026|522073|0000000000000341|0000000000201840|0000000000000341|0000000000201840|100.00
16032026|522074|0000000000011655|0000000005461533|0000000000031122|0000000014493802|037.45
16032026|522091|0000000000008749|0000000000278743|0000000000008749|0000000000278743|100.00
16032026|522101|0000000000031729|0000000015042719|0000000000053809|0000000025523119|058.97
16032026|522105|0000000000042381|0000000001266345|0000000000047545|0000000001432675|089.14
16032026|522108|0000000000000154|0000000000108486|0000000000000172|0000000000121965|089.53
16032026|522113|0000000000021540|0000000074223609|0000000000026787|0000000093313555|080.41
16032026|522122|0000000000000069|0000000000102690|0000000000000130|0000000000193117|053.08
16032026|522134|0000000000012247|0000000001582313|0000000000013255|0000000001728192|092.40
16032026|522152|0000000000004140|0000000000384068|0000000000005935|0000000000552779|069.76
16032026|522163|0000000000017109|0000000002189952|0000000000039469|0000000005089769|043.35
16032026|522165|0000000000015400|0000000000556248|0000000000021314|0000000000775657|072.25
16032026|522171|0000000000000500|0000000000003655|0000000000000500|0000000000003655|100.00
16032026|522183|0000000000004582|0000000001025681|0000000000005174|0000000001184254|088.56
16032026|522195|0000000000008423|0000000011644798|0000000000015117|0000000021018166|055.72
16032026|522205|0000000000046816|0000000013810720|0000000000133344|0000000039605486|035.11
16032026|522207|0000000000018549|0000000001001832|0000000000018857|0000000001027552|098.37
16032026|522209|0000000000006840|0000000000035158|0000000000007842|0000000000040256|087.22
16032026|522215|0000000000007507|0000000002175529|0000000000009735|0000000002825699|077.11
16032026|522217|0000000000000432|0000000000175889|0000000000000595|0000000000240018|072.60
16032026|522229|0000000000054171|0000000013317941|0000000000059774|0000000015008572|090.63
16032026|522231|0000000000002960|0000000000181271|0000000000003213|0000000000197461|092.13
16032026|522235|0000000000049464|0000000000112284|0000000000052949|0000000000120383|093.42
16032026|522237|0000000000000331|0000000000007117|0000000000000332|0000000000007060|099.70
16032026|522241|0000000000000639|0000000000273365|0000000000001098|0000000000470709|058.20
16032026|522249|0000000000008285|0000000004157413|0000000000009307|0000000004638993|089.02
16032026|522251|0000000000002800|0000000000508760|0000000000003252|0000000000595821|086.10
16032026|522257|0000000000123726|0000000007089500|0000000000180384|0000000010183076|068.59
16032026|522261|0000000000006979|0000000002792647|0000000000014534|0000000005774411|048.02
16032026|522267|0000000000003012|0000000000112950|0000000000003012|0000000000105450|100.00
16032026|522273|0000000000002066|0000000000292236|0000000000002518|0000000000367691|082.05
16032026|522275|0000000000012737|0000000044873725|0000000000025536|0000000088731369|049.88
16032026|522281|0000000000002550|0000000000764363|0000000000003631|0000000001089943|070.23
16032026|522285|0000000000062291|0000000004395253|0000000000169622|0000000012095299|036.72
16032026|522287|0000000000005698|0000000006206832|0000000000009679|0000000010484331|058.87
16032026|522289|0000000000000020|0000000000001557|0000000000000020|0000000000001557|100.00
16032026|522292|0000000000011902|0000000001759116|0000000000026925|0000000003967164|044.20
16032026|522294|0000000000001841|0000000000324753|0000000000002045|0000000000360020|090.02
16032026|522295|0000000000001040|0000000000640068|0000000000001249|0000000000768312|083.27
16032026|522650|0000000000007194|0000000000540558|0000000000011845|0000000000898764|060.73
16032026|523007|0000000000000420|0000000000039102|0000000000000465|0000000000044258|090.32
16032026|523011|0000000000000105|0000000000008448|0000000000000116|0000000000009215|090.52
16032026|523019|0000000000036218|0000000000491479|0000000000039328|0000000000539273|092.09
16032026|523021|0000000000001776|0000000000061503|0000000000001777|0000000000061849|099.94
16032026|523023|0000000000008108|0000000000577533|0000000000009270|0000000000660246|087.46
16032026|523025|0000000000000201|0000000000310375|0000000000000964|0000000001496785|020.85
16032026|523054|0000000000000013|0000000000027100|0000000000000013|0000000000027100|100.00
16032026|523062|0000000000000466|0000000000023566|0000000000000466|0000000000023566|100.00
16032026|523100|0000000000004828|0000000000491491|0000000000005667|0000000000560271|085.19
16032026|523105|0000000000042949|0000000000297637|0000000000099658|0000000000666362|043.10
16032026|523116|0000000000000010|0000000000006790|0000000000000010|0000000000006675|100.00
16032026|523120|0000000000005276|0000000000540796|0000000000005276|0000000000540796|100.00
16032026|523127|0000000000001791|0000000000539718|0000000000002629|0000000000782988|068.12
16032026|523144|0000000000006655|0000000000154729|0000000000006996|0000000000162802|095.13
16032026|523151|0000000000000271|0000000000002399|0000000000000271|0000000000002404|100.00
16032026|523160|0000000000000676|0000000000841384|0000000000000724|0000000000889881|093.37
16032026|523186|0000000000000650|0000000000100685|0000000000000650|0000000000100759|100.00
16032026|523204|0000000000001759|0000000000043324|0000000000001759|0000000000043324|100.00
16032026|523207|0000000000004485|0000000000350010|0000000000006160|0000000000474212|072.81
16032026|523222|0000000000011730|0000000000220556|0000000000011730|0000000000220556|100.00
16032026|523229|0000000000005890|0000000000947701|0000000000013033|0000000002085160|045.19
16032026|523232|0000000000003089|0000000000254133|0000000000003196|0000000000266395|096.65
16032026|523248|0000000000002008|0000000000483627|0000000000002222|0000000000542211|090.37
16032026|523260|0000000000003449|0000000000059358|0000000000005749|0000000000100621|059.99
16032026|523261|0000000000001706|0000000002079017|0000000000003163|0000000003830185|053.94
16032026|523269|0000000000009328|0000000000473956|0000000000010339|0000000000523809|090.22
16032026|523283|0000000000000065|0000000000009188|0000000000000082|0000000000011513|079.27
16032026|523289|0000000000003958|0000000000501281|0000000000004513|0000000000575314|087.70
16032026|523301|0000000000000761|0000000001898962|0000000000000977|0000000002390655|077.89
16032026|523309|0000000000054985|0000000004451036|0000000000070265|0000000005782621|078.25
16032026|523315|0000000000000100|0000000000000078|0000000000000100|0000000000000078|100.00
16032026|523319|0000000000023150|0000000003697055|0000000000031244|0000000005013527|074.09
16032026|523323|0000000000003727|0000000019030062|0000000000005875|0000000030022626|063.44
16032026|523329|0000000000000001|0000000000000843|0000000000000001|0000000000000842|100.00
16032026|523351|0000000000001900|0000000000039056|0000000000001900|0000000000039056|100.00
16032026|523367|0000000000001770|0000000001856642|0000000000003384|0000000003522859|052.30
16032026|523369|0000000000012866|0000000000422391|0000000000016344|0000000000542197|078.72
16032026|523371|0000000000002253|0000000000171409|0000000000002516|0000000000192817|089.55
16032026|523373|0000000000122803|0000000002211683|0000000000124259|0000000002242408|098.83
16032026|523384|0000000000010599|0000000001259586|0000000000012235|0000000001443779|086.63
16032026|523385|0000000000001019|0000000001259535|0000000000001221|0000000001498954|083.46
16032026|523387|0000000000127949|0000000000182968|0000000000138384|0000000000199251|092.46
16032026|523391|0000000000001269|0000000000300119|0000000000001835|0000000000432778|069.16
16032026|523395|0000000000000147|0000000004856175|0000000000000350|0000000011433383|042.00
16032026|523398|0000000000000502|0000000000637817|0000000000000745|0000000000944546|067.38
16032026|523405|0000000000073131|0000000008735498|0000000000160049|0000000018794896|045.69
16032026|523411|0000000000003818|0000000004664069|0000000000005065|0000000006187220|075.38
16032026|523419|0000000000000922|0000000000007579|0000000000001404|0000000000011843|065.67
16032026|523445|0000000000001977|0000000001247685|0000000000003985|0000000002526245|049.61
16032026|523449|0000000000000125|0000000000005377|0000000000000125|0000000000005316|100.00
16032026|523457|0000000000003174|0000000022753296|0000000000007404|0000000052221048|042.87
16032026|523465|0000000000004369|0000000000176770|0000000000004699|0000000000192055|092.98
16032026|523467|0000000000166447|0000000000329565|0000000000166447|0000000000329565|100.00
16032026|523475|0000000000001850|0000000001324045|0000000000003154|0000000002266248|058.66
16032026|523483|0000000000000944|0000000000126449|0000000000001049|0000000000138216|089.99
16032026|523489|0000000000000232|0000000000008598|0000000000000235|0000000000008804|098.72
16032026|523519|0000000000000003|0000000000000020|0000000000000003|0000000000000020|100.00
16032026|523537|0000000000001113|0000000000043407|0000000000001452|0000000000056137|076.65
16032026|523539|0000000000031846|0000000009117510|0000000000084537|0000000024011290|037.67
16032026|523550|0000000000001081|0000000000038149|0000000000001930|0000000000068954|056.01
16032026|523558|0000000000200345|0000000003085313|0000000000222549|0000000003417652|090.02
16032026|523566|0000000000000181|0000000000008212|0000000000000181|0000000000008211|100.00
16032026|523574|0000000000039553|0000000000019380|0000000000039553|0000000000019380|100.00
16032026|523586|0000000000001272|0000000000300765|0000000000001692|0000000000394784|075.18
16032026|523594|0000000000001661|0000000000036376|0000000000001994|0000000000044173|083.30
16032026|523598|0000000000093750|0000000021862500|0000000000340341|0000000079486972|027.55
16032026|523606|0000000000011011|0000000010446136|0000000000018173|0000000017175734|060.59
16032026|523610|0000000001616321|0000000446104596|0000000005334685|0000001443266440|030.30
16032026|523618|0000000000003822|0000000003398523|0000000000014038|0000000012230144|027.23
16032026|523630|0000000000118810|0000000008150366|0000000000255235|0000000017498577|046.55
16032026|523638|0000000000002375|0000000000274839|0000000000002375|0000000000274839|100.00
16032026|523642|0000000000001026|0000000002964987|0000000000002205|0000000006347349|046.53
16032026|523648|0000000000005920|0000000000789136|0000000000006028|0000000000802691|098.21
16032026|523650|0000000000011481|0000000000527825|0000000000011481|0000000000527825|100.00
16032026|523660|0000000000031350|0000000001311194|0000000000031350|0000000001311194|100.00
16032026|523672|0000000000023617|0000000000853755|0000000000035412|0000000001292748|066.69
16032026|523676|0000000000004793|0000000001295309|0000000000007756|0000000002037210|061.80
16032026|523694|0000000000001253|0000000000441432|0000000000001542|0000000000538450|081.26
16032026|523696|0000000000005408|0000000000273591|0000000000007947|0000000000403118|068.05
16032026|523704|0000000000002383|0000000003498483|0000000000005380|0000000007859927|044.29
16032026|523708|0000000000001597|0000000002379850|0000000000001788|0000000002674647|089.32
16032026|523712|0000000000053353|0000000000322353|0000000000053353|0000000000322353|100.00
16032026|523716|0000000000001703|0000000000519756|0000000000002225|0000000000671271|076.54
16032026|523722|0000000000005347|0000000000042327|0000000000005347|0000000000042327|100.00
16032026|523732|0000000000003819|0000000000219669|0000000000006380|0000000000355582|059.86
16032026|523736|0000000000004029|0000000000837831|0000000000004088|0000000000857618|098.56
16032026|523752|0000000000171787|0000000000891575|0000000000176105|0000000000916133|097.55
16032026|523754|0000000000000910|0000000000099782|0000000000001069|0000000000116618|085.13
16032026|523782|0000000000000202|0000000000002974|0000000000000234|0000000000003320|086.32
16032026|523792|0000000000000807|0000000000146834|0000000000000809|0000000000146995|099.75
16032026|523796|0000000000001770|0000000000248788|0000000000001770|0000000000248788|100.00
16032026|523826|0000000000000250|0000000000004883|0000000000000250|0000000000004883|100.00
16032026|523828|0000000000002861|0000000000354764|0000000000003222|0000000000393968|088.80
16032026|523832|0000000000004469|0000000000074186|0000000000004469|0000000000074186|100.00
16032026|523836|0000000000000020|0000000000000741|0000000000000020|0000000000000740|100.00
16032026|523838|0000000000002635|0000000000429505|0000000000003065|0000000000502023|085.97
16032026|523840|0000000000006772|0000000000094131|0000000000006879|0000000000095653|098.44
16032026|523842|0000000000007388|0000000000044698|0000000000009323|0000000000057251|079.24
16032026|523844|0000000000000163|0000000000007824|0000000000000265|0000000000012766|061.51
16032026|523850|0000000000005202|0000000002023058|0000000000005772|0000000002283738|090.12
16032026|523862|0000000000000431|0000000000012323|0000000000000431|0000000000012325|100.00
16032026|523874|0000000000006990|0000000000792171|0000000000006990|0000000000792171|100.00
16032026|523888|0000000000000280|0000000000024638|0000000000000280|0000000000024580|100.00
16032026|523896|0000000000000757|0000000000032649|0000000000000757|0000000000032649|100.00
16032026|524000|0000000000115903|0000000049067536|0000000000228862|0000000094818746|050.64
16032026|524019|0000000000000120|0000000000505848|0000000000000244|0000000001014820|049.18
16032026|524037|0000000000003570|0000000000381990|0000000000005741|0000000000618206|062.18
16032026|524038|0000000000000114|0000000000000536|0000000000000114|0000000000000525|100.00
16032026|524051|0000000000001789|0000000001445602|0000000000003016|0000000002443092|059.32
16032026|524075|0000000000001314|0000000000886950|0000000000001579|0000000001067660|083.22
16032026|524080|0000000000003623|0000000000193577|0000000000003629|0000000000192447|099.83
16032026|524091|0000000000002533|0000000001978147|0000000000004576|0000000003526760|055.35
16032026|524109|0000000000000225|0000000000050502|0000000000000278|0000000000062080|080.94
16032026|524129|0000000000002633|0000000000492898|0000000000003491|0000000000652136|075.42
16032026|524136|0000000000000168|0000000000055079|0000000000000222|0000000000072006|075.68
16032026|524156|0000000000002605|0000000000108395|0000000000002608|0000000000109028|099.88
16032026|524164|0000000000022371|0000000001532190|0000000000090912|0000000006194535|024.61
16032026|524174|0000000000079754|0000000001928452|0000000000092464|0000000002172901|086.25
16032026|524200|0000000000002465|0000000003441757|0000000000003663|0000000005065729|067.29
16032026|524202|0000000000006454|0000000000554851|0000000000006653|0000000000573245|097.01
16032026|524204|0000000000001381|0000000000143624|0000000000001422|0000000000148265|097.12
16032026|524208|0000000000021266|0000000009044430|0000000000049620|0000000020835213|042.86
16032026|524210|0000000000000097|0000000000003434|0000000000000102|0000000000003625|095.10
16032026|524212|0000000000001565|0000000000377453|0000000000001565|0000000000377453|100.00
16032026|524218|0000000000003886|0000000000350051|0000000000004024|0000000000360932|096.57
16032026|524226|0000000000016224|0000000002061260|0000000000032861|0000000004114108|049.37
16032026|524230|0000000000058802|0000000006868074|0000000000236955|0000000027456454|024.82
16032026|524238|0000000000037612|0000000002689519|0000000000037612|0000000002689519|100.00
16032026|524280|0000000000010580|0000000001202417|0000000000017806|0000000002028653|059.42
16032026|524288|0000000000010427|0000000000424379|0000000000011610|0000000000489149|089.81
16032026|524314|0000000000002776|0000000000105600|0000000000003060|0000000000116403|090.72
16032026|524322|0000000000011174|0000000000324270|0000000000017712|0000000000504164|063.09
16032026|524324|0000000000011717|0000000000115223|0000000000011717|0000000000115223|100.00
16032026|524330|0000000000001210|0000000000203825|0000000000001282|0000000000217409|094.38
16032026|524332|0000000000025888|0000000000697423|0000000000057700|0000000001561992|044.87
16032026|524336|0000000000000605|0000000000058383|0000000000000605|0000000000059779|100.00
16032026|524342|0000000000000763|0000000000185982|0000000000001123|0000000000273620|067.94
16032026|524348|0000000000005707|0000000001931820|0000000000010154|0000000003458732|056.20
16032026|524370|0000000000017706|0000000000768972|0000000000021166|0000000000919628|083.65
16032026|524372|0000000000008556|0000000004317786|0000000000011204|0000000005692032|076.37
16032026|524394|0000000000003016|0000000001245458|0000000000005916|0000000002468722|050.98
16032026|524396|0000000000003515|0000000000105345|0000000000004144|0000000000124505|084.82
16032026|524400|0000000000002681|0000000000224052|0000000000002681|0000000000224061|100.00
16032026|524404|0000000000025026|0000000004125537|0000000000045511|0000000007515779|054.99
16032026|524408|0000000000000603|0000000000077546|0000000000000605|0000000000078113|099.67
16032026|524412|0000000000000230|0000000000014451|0000000000000453|0000000000029581|050.77
16032026|524414|0000000000000171|0000000000002352|0000000000000194|0000000000002630|088.14
16032026|524434|0000000000014957|0000000000126836|0000000000018215|0000000000153690|082.11
16032026|524440|0000000000000506|0000000000014978|0000000000000906|0000000000026146|055.85
16032026|524444|0000000007370308|0000000008623261|0000000009218714|0000000011612417|079.95
16032026|524458|0000000000019970|0000000000199700|0000000000025186|0000000000244987|079.29
16032026|524470|0000000000167664|0000000001981789|0000000000304914|0000000003608400|054.99
16032026|524480|0000000000003918|0000000001824417|0000000000004107|0000000001894751|095.40
16032026|524488|0000000000028023|0000000000059970|0000000000040438|0000000000085662|069.30
16032026|524494|0000000000002812|0000000004373223|0000000000008218|0000000012792944|034.22
16032026|524500|0000000000002348|0000000000734455|0000000000002348|0000000000731091|100.00
16032026|524502|0000000000001600|0000000000116433|0000000000001600|0000000000116433|100.00
16032026|524504|0000000000000500|0000000000005535|0000000000000500|0000000000005535|100.00
16032026|524506|0000000000004282|0000000001815354|0000000000005003|0000000002128532|085.59
16032026|524516|0000000000000213|0000000000010403|0000000000000216|0000000000010549|098.61
16032026|524518|0000000000001235|0000000000062010|0000000000001590|0000000000082221|077.67
16032026|524520|0000000000041138|0000000003337526|0000000000064051|0000000005226938|064.23
16032026|524522|0000000000001016|0000000000030582|0000000000001329|0000000000040139|076.45
16032026|524534|0000000000001108|0000000000169247|0000000000001558|0000000000237031|071.12
16032026|524542|0000000000000373|0000000000060333|0000000000001371|0000000000222880|027.21
16032026|524548|0000000000000020|0000000000001880|0000000000000021|0000000000001978|095.24
16032026|524558|0000000000000478|0000000005852561|0000000000001528|0000000018682770|031.28
16032026|524564|0000000000009635|0000000000146452|0000000000017265|0000000000249404|055.81
16032026|524570|0000000000000704|0000000000152135|0000000000000760|0000000000163847|092.63
16032026|524572|0000000000004095|0000000000131122|0000000000006287|0000000000203910|065.13
16032026|524576|0000000000011303|0000000000230017|0000000000011368|0000000000227541|099.43
16032026|524582|0000000000011486|0000000001633884|0000000000013636|0000000001888934|084.23
16032026|524590|0000000000000003|0000000000000041|0000000000000003|0000000000000041|100.00
16032026|524592|0000000000199552|0000000002314804|0000000000201689|0000000002340390|098.94
16032026|524594|0000000000000430|0000000000053535|0000000000000438|0000000000052921|098.17
16032026|524598|0000000000000838|0000000000142460|0000000000003310|0000000000574948|025.32
16032026|524602|0000000000000202|0000000000005953|0000000000000202|0000000000005930|100.00
16032026|524604|0000000000000200|0000000000002455|0000000000000200|0000000000002455|100.00
16032026|524606|0000000000005198|0000000000107547|0000000000005223|0000000000105460|099.52
16032026|524614|0000000000034349|0000000000214682|0000000000040620|0000000000254109|084.56
16032026|524622|0000000000019820|0000000000849135|0000000000019820|0000000000849135|100.00
16032026|524624|0000000000071200|0000000002328240|0000000000161919|0000000005176287|043.97
16032026|524628|0000000000000201|0000000000003152|0000000000000301|0000000000004725|066.78
16032026|524632|0000000000075970|0000000003088181|0000000000099025|0000000003914492|076.72
16032026|524634|0000000000011809|0000000004819253|0000000000014132|0000000005807761|083.56
16032026|524636|0000000000021183|0000000001062752|0000000000022437|0000000001122041|094.41
16032026|524640|0000000000002817|0000000000102990|0000000000003406|0000000000125355|082.71
16032026|524642|0000000000005568|0000000000006791|0000000000005568|0000000000006791|100.00
16032026|524648|0000000000005054|0000000000470781|0000000000006023|0000000000563035|083.91
16032026|524654|0000000000000157|0000000000022805|0000000000000157|0000000000022917|100.00
16032026|524661|0000000004147699|0000000001119879|0000000006818392|0000000001824112|060.83
16032026|524663|0000000000014536|0000000000236647|0000000000018872|0000000000314994|077.02
16032026|524667|0000000000001357|0000000000438108|0000000000001968|0000000000637595|068.95
16032026|524669|0000000000000339|0000000000491110|0000000000000385|0000000000547214|088.05
16032026|524675|0000000000010761|0000000000170885|0000000000014334|0000000000230713|075.07
16032026|524687|0000000000047210|0000000000473989|0000000000056137|0000000000571355|084.10
16032026|524703|0000000000004588|0000000000160122|0000000000005507|0000000000189760|083.31
16032026|524709|0000000000058022|0000000006718948|0000000000080747|0000000009381779|071.86
16032026|524711|0000000000205636|0000000001270831|0000000000208753|0000000001389501|098.51
16032026|524715|0000000000012552|0000000022374568|0000000000025374|0000000045411480|049.47
16032026|524717|0000000000162115|0000000057229741|0000000000162115|0000000057229741|100.00
16032026|524727|0000000000006219|0000000000217229|0000000000006219|0000000000217229|100.00
16032026|524731|0000000000000902|0000000000916793|0000000000001193|0000000001190460|075.61
16032026|524735|0000000000011055|0000000001869954|0000000000020979|0000000003554680|052.70
16032026|524742|0000000000001740|0000000002847597|0000000000003046|0000000004989479|057.12
16032026|524743|0000000000030572|0000000001017742|0000000000067032|0000000002239516|045.61
16032026|524748|0000000000004535|0000000000106119|0000000000006852|0000000000166355|066.18
16032026|524752|0000000000002160|0000000000013176|0000000000002410|0000000000014506|089.63
16032026|524768|0000000000001650|0000000000039716|0000000000002666|0000000000062842|061.89
16032026|524774|0000000000000257|0000000000561173|0000000000000406|0000000000890059|063.30
16032026|524790|0000000000000932|0000000000250988|0000000000001098|0000000000298981|084.88
16032026|524804|0000000000021136|0000000027040342|0000000000041108|0000000052941865|051.42
16032026|524808|0000000000000223|0000000000005841|0000000000000223|0000000000005807|100.00
16032026|524816|0000000000037430|0000000035412523|0000000000093863|0000000089311811|039.88
16032026|524818|0000000000000682|0000000000062901|0000000000000762|0000000000069375|089.50
16032026|524820|0000000000000999|0000000000259790|0000000000001675|0000000000434150|059.64
16032026|524824|0000000000001985|0000000000132995|0000000000002332|0000000000156330|085.12
16032026|524828|0000000000005957|0000000002504919|0000000000007980|0000000003372062|074.65
16032026|526001|0000000000000002|0000000000000059|0000000000000002|0000000000000059|100.00
16032026|526025|0000000000005403|0000000000067700|0000000000006836|0000000000084629|079.04
16032026|526027|0000000000004551|0000000000400488|0000000000009029|0000000000786164|050.40
16032026|526043|0000000000003165|0000000000146572|0000000000003195|0000000000155907|099.06
16032026|526071|0000000000003085|0000000002008155|0000000000003085|0000000002008155|100.00
16032026|526073|0000000000000141|0000000000064346|0000000000000184|0000000000085012|076.63
16032026|526075|0000000000002073|0000000000062957|0000000000002073|0000000000062957|100.00
16032026|526081|0000000000007351|0000000000222771|0000000000007351|0000000000222771|100.00
16032026|526095|0000000000001993|0000000000077708|0000000000002608|0000000000099549|076.42
16032026|526113|0000000000000050|0000000000000800|0000000000000050|0000000000000800|100.00
16032026|526115|0000000000000279|0000000000003016|0000000000000284|0000000000003074|098.24
16032026|526117|0000000000000098|0000000000035457|0000000000000119|0000000000044198|082.35
16032026|526125|0000000000000126|0000000000028665|0000000000000141|0000000000031146|089.36
16032026|526133|0000000000011551|0000000000066765|0000000000017199|0000000000094255|067.16
16032026|526137|0000000000003808|0000000000360999|0000000000004618|0000000000431558|082.46
16032026|526139|0000000000034258|0000000000083247|0000000000053595|0000000000130128|063.92
16032026|526143|0000000000005321|0000000000036396|0000000000007029|0000000000047662|075.70
16032026|526159|0000000000015742|0000000000978051|0000000000019501|0000000001211932|080.72
16032026|526161|0000000000000130|0000000000011245|0000000000000130|0000000000011245|100.00
16032026|526169|0000000000006439|0000000001061792|0000000000009718|0000000001602978|066.26
16032026|526173|0000000000098489|0000000001835835|0000000000136461|0000000002560734|072.17
16032026|526179|0000000000005185|0000000001037260|0000000000005186|0000000001040911|099.98
16032026|526187|0000000000000318|0000000000001292|0000000000000318|0000000000001403|100.00
16032026|526193|0000000000000440|0000000000007714|0000000000000557|0000000000009748|078.99
16032026|526211|0000000000001614|0000000000072372|0000000000001614|0000000000072393|100.00
16032026|526217|0000000000002877|0000000000400910|0000000000005008|0000000000695879|057.45
16032026|526227|0000000000032812|0000000001312152|0000000000075184|0000000002980113|043.64
16032026|526231|0000000000000185|0000000000008731|0000000000000240|0000000000011984|077.08
16032026|526237|0000000000001669|0000000000086755|0000000000002404|0000000000122545|069.43
16032026|526241|0000000000001416|0000000000020023|0000000000001543|0000000000021419|091.77
16032026|526247|0000000000009419|0000000004067596|0000000000021201|0000000009220343|044.43
16032026|526251|0000000000000114|0000000000001944|0000000000000119|0000000000002131|095.80
16032026|526263|0000000000003972|0000000000490344|0000000000004724|0000000000586351|084.08
16032026|526269|0000000000000590|0000000000050009|0000000000000654|0000000000054436|090.21
16032026|526299|0000000000000581|0000000001208364|0000000000001920|0000000004017760|030.26
16032026|526315|0000000000000234|0000000000011457|0000000000000237|0000000000011717|098.73
16032026|526325|0000000000000753|0000000000048968|0000000000000968|0000000000059782|077.79
16032026|526335|0000000000001356|0000000000009438|0000000000002392|0000000000015871|056.69
16032026|526345|0000000000014000|0000000000377720|0000000000018224|0000000000489490|076.82
16032026|526355|0000000000001000|0000000000049120|0000000000001304|0000000000064123|076.69
16032026|526365|0000000000003619|0000000000111430|0000000000003733|0000000000114580|096.95
16032026|526367|0000000000006071|0000000003680848|0000000000012091|0000000007040250|050.21
16032026|526371|0000000000267295|0000000020731401|0000000000647100|0000000050293936|041.31
16032026|526381|0000000000008389|0000000000080954|0000000000009933|0000000000094897|084.46
16032026|526397|0000000000005168|0000000000925331|0000000000007036|0000000001263329|073.45
16032026|526407|0000000000011945|0000000000115509|0000000000014797|0000000000142761|080.73
16032026|526409|0000000000022017|0000000000165789|0000000000026647|0000000000203899|082.62
16032026|526415|0000000000561874|0000000002387965|0000000000644727|0000000002778128|087.15
16032026|526423|0000000000001860|0000000000148763|0000000000002449|0000000000195586|075.95
16032026|526431|0000000000000014|0000000000000303|0000000000000014|0000000000000302|100.00
16032026|526433|0000000000010718|0000000022933305|0000000000022591|0000000048472108|047.44
16032026|526435|0000000000000229|0000000000018320|0000000000000249|0000000000019919|091.97
16032026|526439|0000000000002571|0000000000026842|0000000000002571|0000000000026778|100.00
16032026|526441|0000000000018183|0000000000022357|0000000000018183|0000000000022357|100.00
16032026|526443|0000000000057523|0000000006353416|0000000000083333|0000000009227883|069.03
16032026|526445|0000000000042104|0000000000292202|0000000000055489|0000000000388423|075.88
16032026|526468|0000000000000030|0000000000000525|0000000000000030|0000000000000518|100.00
16032026|526471|0000000000026032|0000000000585200|0000000000033412|0000000000739323|077.91
16032026|526473|0000000000029898|0000000000136634|0000000000039082|0000000000176231|076.50
16032026|526477|0000000000000200|0000000000006510|0000000000000200|0000000000006510|100.00
16032026|526479|0000000000001819|0000000000148977|0000000000002514|0000000000209581|072.35
16032026|526481|0000000000000054|0000000000001701|0000000000000054|0000000000001701|100.00
16032026|526488|0000000000000006|0000000000001528|0000000000000006|0000000000001528|100.00
16032026|526490|0000000000040269|0000000000279467|0000000000059394|0000000000399790|067.80
16032026|526492|0000000000003822|0000000000303849|0000000000004221|0000000000335062|090.55
16032026|526494|0000000000000024|0000000000000228|0000000000000024|0000000000000228|100.00
16032026|526500|0000000000002641|0000000000049915|0000000000002841|0000000000053894|092.96
16032026|526504|0000000000080496|0000000000353510|0000000000080496|0000000000353510|100.00
16032026|526506|0000000000004464|0000000000282973|0000000000006919|0000000000433979|064.52
16032026|526508|0000000000004101|0000000000056143|0000000000004260|0000000000057757|096.27
16032026|526519|0000000000000014|0000000000001246|0000000000000014|0000000000001245|100.00
16032026|526521|0000000000005453|0000000000280394|0000000000009441|0000000000484906|057.76
16032026|526525|0000000000000520|0000000000010712|0000000000000520|0000000000010696|100.00
16032026|526530|0000000000019231|0000000001682521|0000000000025567|0000000002262867|075.22
16032026|526532|0000000000001038|0000000000008730|0000000000001038|0000000000008663|100.00
16032026|526544|0000000001162718|0000000002325436|0000000001250354|0000000002562341|092.99
16032026|526546|0000000000002948|0000000000280060|0000000000003090|0000000000304430|095.40
16032026|526550|0000000000001549|0000000000017783|0000000000001807|0000000000021055|085.72
16032026|526570|0000000000013341|0000000058790538|0000000000013341|0000000058790538|100.00
16032026|526574|0000000000000005|0000000000000099|0000000000000005|0000000000000098|100.00
16032026|526582|0000000000000876|0000000000051194|0000000000001058|0000000000062707|082.80
16032026|526586|0000000000024458|0000000008105382|0000000000030162|0000000009881790|081.09
16032026|526588|0000000000002090|0000000000028257|0000000000002390|0000000000032272|087.45
16032026|526596|0000000000002980|0000000000777631|0000000000004933|0000000001330471|060.41
16032026|526604|0000000000030706|0000000001312962|0000000000030706|0000000001312962|100.00
16032026|526608|0000000000004337|0000000002722335|0000000000008496|0000000005142607|051.05
16032026|526612|0000000000000836|0000000004278272|0000000000001621|0000000008265012|051.57
16032026|526614|0000000000005047|0000000000282632|0000000000007887|0000000000433049|063.99
16032026|526616|0000000000001799|0000000000076908|0000000000002176|0000000000094108|082.67
16032026|526622|0000000000417325|0000000000158584|0000000000889793|0000000000356182|046.90
16032026|526638|0000000000007403|0000000000541530|0000000000008677|0000000000629637|085.32
16032026|526640|0000000000000516|0000000000014970|0000000000000779|0000000000022888|066.24
16032026|526642|0000000000006369|0000000000193491|0000000000006669|0000000000200164|095.50
16032026|526650|0000000002135969|0000000140824437|0000000004538079|0000000292863898|047.07
16032026|526654|0000000000001625|0000000000177125|0000000000001672|0000000000182394|097.19
16032026|526662|0000000000000020|0000000000000838|0000000000000020|0000000000000838|100.00
16032026|526666|0000000000000020|0000000000014245|0000000000000026|0000000000018558|076.92
16032026|526668|0000000000004979|0000000000910411|0000000000005577|0000000001015588|089.28
16032026|526675|0000000000002903|0000000000060243|0000000000002903|0000000000060243|100.00
16032026|526677|0000000000017280|0000000000033178|0000000000018001|0000000000034728|095.99
16032026|526703|0000000000000823|0000000000398579|0000000000001017|0000000000471384|080.92
16032026|526705|0000000000000332|0000000000060474|0000000000000445|0000000000081097|074.61
16032026|526709|0000000000099414|0000000000765488|0000000000103488|0000000000796223|096.06
16032026|526711|0000000000000512|0000000000016384|0000000000000580|0000000000018207|088.28
16032026|526717|0000000000000379|0000000000067216|0000000000000580|0000000000100504|065.34
16032026|526721|0000000000003029|0000000000193644|0000000000003206|0000000000205278|094.48
16032026|526723|0000000000032780|0000000005136626|0000000000032900|0000000005165233|099.64
16032026|526725|0000000000000004|0000000000003724|0000000000000007|0000000000006540|057.14
16032026|526727|0000000000016814|0000000001454214|0000000000016814|0000000001454214|100.00
16032026|526729|0000000000014453|0000000004226058|0000000000040125|0000000011712606|036.02
16032026|526731|0000000000005762|0000000001113795|0000000000007130|0000000001371754|080.81
16032026|526739|0000000000002340|0000000000798291|0000000000002863|0000000000980925|081.73
16032026|526747|0000000000009413|0000000001940020|0000000000010096|0000000002091598|093.23
16032026|526755|0000000000000727|0000000000003752|0000000000000823|0000000000004215|088.34
16032026|526773|0000000000191414|0000000000218842|0000000000191414|0000000000218842|100.00
16032026|526775|0000000000009900|0000000009628738|0000000000009900|0000000009628738|100.00
16032026|526783|0000000000003395|0000000015845484|0000000000003722|0000000017326368|091.21
16032026|526797|0000000000005684|0000000001102696|0000000000012639|0000000002418640|044.97
16032026|526807|0000000000008806|0000000012053653|0000000000013664|0000000018787346|064.45
16032026|526813|0000000000008584|0000000000089274|0000000000008588|0000000000089207|099.95
16032026|526817|0000000000000183|0000000000178188|0000000000000185|0000000000180381|098.92
16032026|526821|0000000000009595|0000000002390115|0000000000012203|0000000002961873|078.63
16032026|526827|0000000000010209|0000000002298462|0000000000010209|0000000002298462|100.00
16032026|526829|0000000000108572|0000000003467790|0000000000224789|0000000007276886|048.30
16032026|526839|0000000000000051|0000000000000780|0000000000000051|0000000000000779|100.00
16032026|526841|0000000000002277|0000000000062914|0000000000002279|0000000000063331|099.91
16032026|526847|0000000000001282|0000000000029217|0000000000001670|0000000000037205|076.77
16032026|526849|0000000000000181|0000000000020526|0000000000000206|0000000000023291|087.86
16032026|526853|0000000000027589|0000000001589403|0000000000030694|0000000001767335|089.88
16032026|526859|0000000000011209|0000000000010537|0000000000013209|0000000000012446|084.86
16032026|526861|0000000000001608|0000000000167634|0000000000001618|0000000000169449|099.38
16032026|526865|0000000000000815|0000000000003896|0000000000000815|0000000000003895|100.00
16032026|526869|0000000000000052|0000000000001134|0000000000000052|0000000000001151|100.00
16032026|526871|0000000000000116|0000000000001212|0000000000000122|0000000000001269|095.08
16032026|526873|0000000000002519|0000000000095471|0000000000002530|0000000000095887|099.57
16032026|526877|0000000000000032|0000000000000722|0000000000000032|0000000000000749|100.00
16032026|526881|0000000000012937|0000000007055840|0000000000021502|0000000011846255|060.17
16032026|526883|0000000000000513|0000000000008284|0000000000000513|0000000000008284|100.00
16032026|526885|0000000000006727|0000000000531568|0000000000009641|0000000000735617|069.77
16032026|526887|0000000000001200|0000000000005712|0000000000001200|0000000000005712|100.00
16032026|526891|0000000000000002|0000000000000025|0000000000000002|0000000000000024|100.00
16032026|526899|0000000000149581|0000000001157757|0000000000183763|0000000001472290|081.40
16032026|526901|0000000000000496|0000000000018467|0000000000000555|0000000000020667|089.37
16032026|526905|0000000000003893|0000000000034306|0000000000003893|0000000000034306|100.00
16032026|526921|0000000000000083|0000000000002732|0000000000000083|0000000000002731|100.00
16032026|526931|0000000000001999|0000000000199701|0000000000002923|0000000000292446|068.39
16032026|526935|0000000000518945|0000000046062162|0000000000518945|0000000046062162|100.00
16032026|526945|0000000000000041|0000000000003379|0000000000000061|0000000000005129|067.21
16032026|526947|0000000000001680|0000000000312900|0000000000002790|0000000000517796|060.22
16032026|526951|0000000000000264|0000000000585077|0000000000000311|0000000000687416|084.89
16032026|526953|0000000000001270|0000000001159320|0000000000002958|0000000002708782|042.93
16032026|526961|0000000000221182|0000000000933389|0000000000246001|0000000001064747|089.91
16032026|526965|0000000000000421|0000000000041553|0000000000001292|0000000000128685|032.59
16032026|526967|0000000000000436|0000000000002900|0000000000000436|0000000000002901|100.00
16032026|526971|0000000000000250|0000000000048688|0000000000000314|0000000000061936|079.62
16032026|526981|0000000000000534|0000000000081542|0000000000000607|0000000000093138|087.97
16032026|526983|0000000000000100|0000000000001338|0000000000000100|0000000000001338|100.00
16032026|526987|0000000000191547|0000000001699022|0000000000276179|0000000002413831|069.36
16032026|527001|0000000000026045|0000000012850603|0000000000064709|0000000031525422|040.25
16032026|527005|0000000000010080|0000000001087128|0000000000010340|0000000001130642|097.49
16032026|530001|0000000000002495|0000000001038419|0000000000003187|0000000001317983|078.29
16032026|530005|0000000000004033|0000000001432724|0000000000010601|0000000003738465|038.04
16032026|530007|0000000000037023|0000000015492275|0000000000119425|0000000048998215|031.00
16032026|530017|0000000000001967|0000000000027263|0000000000002405|0000000000033202|081.79
16032026|530019|0000000000001560|0000000001310790|0000000000003106|0000000002582405|050.23
16032026|530023|0000000000003551|0000000000337594|0000000000003551|0000000000339278|100.00
16032026|530025|0000000000035404|0000000000470874|0000000000035488|0000000000477746|099.76
16032026|530027|0000000000004575|0000000000037242|0000000000004575|0000000000037242|100.00
16032026|530035|0000000000000101|0000000000003072|0000000000000101|0000000000003072|100.00
16032026|530037|0000000000000018|0000000000001254|0000000000000018|0000000000001277|100.00
16032026|530043|0000000000000051|0000000000013464|0000000000000051|0000000000013864|100.00
16032026|530045|0000000000002761|0000000000105857|0000000000003439|0000000000132570|080.28
16032026|530053|0000000000014442|0000000000069322|0000000000016921|0000000000080332|085.35
16032026|530055|0000000000006650|0000000000562191|0000000000006650|0000000000562191|100.00
16032026|530057|0000000000036132|0000000000068651|0000000000036132|0000000000068992|100.00
16032026|530063|0000000000003845|0000000000018305|0000000000003845|0000000000018305|100.00
16032026|530065|0000000000000705|0000000000011654|0000000000000930|0000000000013949|075.81
16032026|530067|0000000000000274|0000000000066295|0000000000000294|0000000000071401|093.20
16032026|530073|0000000000103925|0000000024178152|0000000000112473|0000000026319906|092.40
16032026|530075|0000000000004786|0000000002553810|0000000000013620|0000000007268865|035.14
16032026|530077|0000000000008317|0000000001472525|0000000000009401|0000000001665519|088.47
16032026|530079|0000000000001130|0000000000466535|0000000000001130|0000000000466535|100.00
16032026|530109|0000000000109595|0000000000216999|0000000000138915|0000000000273373|078.89
16032026|530111|0000000000000618|0000000000017885|0000000000000649|0000000000018705|095.22
16032026|530117|0000000000001285|0000000003639249|0000000000002562|0000000007212899|050.16
16032026|530119|0000000000000405|0000000000012555|0000000000000423|0000000000013846|095.74
16032026|530125|0000000000001700|0000000000350200|0000000000002026|0000000000421282|083.91
16032026|530127|0000000000000356|0000000000007099|0000000000000364|0000000000007241|097.80
16032026|530129|0000000000002428|0000000003639087|0000000000003379|0000000005018723|071.86
16032026|530133|0000000000001400|0000000000088900|0000000000001400|0000000000089035|100.00
16032026|530135|0000000000011421|0000000003811759|0000000000017173|0000000005729996|066.51
16032026|530139|0000000000000156|0000000000005212|0000000000000164|0000000000005513|095.12
16032026|530141|0000000000000287|0000000000009830|0000000000000287|0000000000010115|100.00
16032026|530145|0000000000072650|0000000001806079|0000000000078449|0000000001949300|092.61
16032026|530151|0000000000017029|0000000000101720|0000000000017029|0000000000101720|100.00
16032026|530163|0000000000038974|0000000006444351|0000000000040907|0000000006902888|095.27
16032026|530167|0000000000018386|0000000000268068|0000000000018556|0000000000271733|099.08
16032026|530169|0000000000000522|0000000000014528|0000000000000613|0000000000017691|085.15
16032026|530171|0000000000000823|0000000000023044|0000000000001842|0000000000053029|044.68
16032026|530173|0000000000000901|0000000000016028|0000000000000901|0000000000016028|100.00
16032026|530175|0000000000006868|0000000000343263|0000000000007006|0000000000344971|098.03
16032026|530179|0000000000005552|0000000000157067|0000000000005577|0000000000145077|099.55
16032026|530185|0000000000043863|0000000000179839|0000000000052106|0000000000216332|084.18
16032026|530187|0000000000004610|0000000000018348|0000000000004610|0000000000018347|100.00
16032026|530197|0000000000013984|0000000004306589|0000000000013984|0000000004306589|100.00
16032026|530199|0000000000003332|0000000000254132|0000000000004573|0000000000345668|072.86
16032026|530201|0000000000015062|0000000000041572|0000000000017513|0000000000048924|086.00
16032026|530207|0000000000000001|0000000000000020|0000000000000001|0000000000000019|100.00
16032026|530213|0000000000002503|0000000000157689|0000000000002903|0000000000186389|086.22
16032026|530215|0000000000015978|0000000001744798|0000000000023257|0000000002553860|068.70
16032026|530217|0000000000037657|0000000000373935|0000000000038571|0000000000393107|097.63
16032026|530219|0000000000000002|0000000000000759|0000000000000002|0000000000000759|100.00
16032026|530231|0000000000000023|0000000000000841|0000000000000023|0000000000000925|100.00
16032026|530233|0000000000001042|0000000000287014|0000000000001042|0000000000287014|100.00
16032026|530235|0000000000002331|0000000000102611|0000000000002446|0000000000107315|095.30
16032026|530239|0000000000009939|0000000001365619|0000000000022959|0000000003156048|043.29
16032026|530245|0000000000000099|0000000000059895|0000000000000112|0000000000067931|088.39
16032026|530249|0000000000179593|0000000002182055|0000000000190707|0000000002329072|094.17
16032026|530251|0000000000221214|0000000000092910|0000000000238535|0000000000091111|092.74
16032026|530253|0000000000005631|0000000000087056|0000000000005821|0000000000090241|096.74
16032026|530255|0000000000023781|0000000000193340|0000000000024137|0000000000200466|098.52
16032026|530259|0000000000039934|0000000001467575|0000000000041895|0000000001532493|095.32
16032026|530263|0000000000079439|0000000000040514|0000000000124471|0000000000063750|063.82
16032026|530265|0000000000000173|0000000000006310|0000000000000366|0000000000013619|047.27
16032026|530267|0000000000000388|0000000000021434|0000000000000398|0000000000021883|097.49
16032026|530281|0000000000000046|0000000000000998|0000000000000046|0000000000001049|100.00
16032026|530289|0000000000000116|0000000000006508|0000000000000116|0000000000006511|100.00
16032026|530291|0000000000000710|0000000000036259|0000000000000710|0000000000036259|100.00
16032026|530295|0000000000000001|0000000000000026|0000000000000001|0000000000000025|100.00
16032026|530299|0000000000000426|0000000000026838|0000000000000506|0000000000031810|084.19
16032026|530305|0000000000011268|0000000006084157|0000000000030552|0000000016303150|036.88
16032026|530307|0000000000002325|0000000000548584|0000000000003766|0000000000892082|061.74
16032026|530309|0000000000007915|0000000000093239|0000000000009021|0000000000107374|087.74
16032026|530313|0000000000002064|0000000000058990|0000000000002154|0000000000060844|095.82
16032026|530315|0000000000012034|0000000001163688|0000000000013362|0000000001293640|090.06
16032026|530317|0000000000019008|0000000001558276|0000000000019671|0000000001579045|096.63
16032026|530331|0000000000001986|0000000000835113|0000000000002313|0000000000977207|085.86
16032026|530341|0000000000000474|0000000000051335|0000000000000478|0000000000052086|099.16
16032026|530343|0000000000017814|0000000004257546|0000000000029560|0000000007049678|060.26
16032026|530355|0000000000005260|0000000001417307|0000000000008266|0000000002223925|063.63
16032026|530357|0000000000019008|0000000000021005|0000000000019008|0000000000021005|100.00
16032026|530361|0000000000000058|0000000000001910|0000000000000067|0000000000002214|086.57
16032026|530363|0000000000017303|0000000000634848|0000000000025822|0000000000936002|067.01
16032026|530365|0000000000001104|0000000000297694|0000000000001180|0000000000318218|093.56
16032026|530367|0000000000005647|0000000001419092|0000000000007113|0000000001802513|079.39
16032026|530369|0000000000000660|0000000000029040|0000000000000751|0000000000030917|087.88
16032026|530377|0000000000061045|0000000000424874|0000000000072686|0000000000499051|083.98
16032026|530393|0000000000000525|0000000000013125|0000000000000557|0000000000013925|094.25
16032026|530401|0000000000000828|0000000000034983|0000000000000830|0000000000034449|099.76
16032026|530405|0000000000000811|0000000000025320|0000000000001272|0000000000039995|063.76
16032026|530407|0000000000004661|0000000000140064|0000000000007900|0000000000233940|059.00
16032026|530419|0000000000062081|0000000002191460|0000000000063234|0000000002249209|098.18
16032026|530421|0000000000001419|0000000000012984|0000000000001798|0000000000016335|078.92
16032026|530427|0000000000000467|0000000000066781|0000000000000468|0000000000068057|099.79
16032026|530429|0000000000000494|0000000000014771|0000000000000501|0000000000015232|098.60
16032026|530433|0000000000004617|0000000000187497|0000000000005435|0000000000214802|084.95
16032026|530439|0000000000002124|0000000000008284|0000000000002124|0000000000008328|100.00
16032026|530443|0000000000000010|0000000000000136|0000000000000010|0000000000000135|100.00
16032026|530445|0000000000003250|0000000000005038|0000000000007357|0000000000011419|044.18
16032026|530449|0000000000000401|0000000000020050|0000000000000466|0000000000022229|086.05
16032026|530457|0000000000029019|0000000001586469|0000000000033586|0000000001763815|086.40
16032026|530459|0000000000000909|0000000000021880|0000000000001238|0000000000029674|073.42
16032026|530461|0000000000031342|0000000000378925|0000000000044148|0000000000541653|070.99
16032026|530469|0000000000001276|0000000000049789|0000000000001276|0000000000049789|100.00
16032026|530475|0000000000005190|0000000003304992|0000000000007832|0000000004960822|066.27
16032026|530477|0000000000002789|0000000000407892|0000000000003767|0000000000550136|074.04
16032026|530495|0000000000000605|0000000000042679|0000000000000605|0000000000042679|100.00
16032026|530499|0000000000000433|0000000000662512|0000000000000450|0000000000686206|096.22
16032026|530517|0000000000016455|0000000004716826|0000000000030325|0000000008670846|054.26
16032026|530521|0000000000002265|0000000000712456|0000000000002384|0000000000747759|095.01
16032026|530525|0000000000154371|0000000000503250|0000000000227951|0000000000746926|067.72
16032026|530533|0000000000000045|0000000000004199|0000000000000046|0000000000004423|097.83
16032026|530537|0000000000000011|0000000000000485|0000000000000011|0000000000000484|100.00
16032026|530545|0000000000000369|0000000000068634|0000000000000369|0000000000070506|100.00
16032026|530547|0000000000000078|0000000000000695|0000000000000078|0000000000000763|100.00
16032026|530549|0000000000022913|0000000007246237|0000000000030761|0000000009742611|074.49
16032026|530555|0000000000103032|0000000003425814|0000000000148441|0000000004685309|069.41
16032026|530557|0000000000761092|0000000000319659|0000000001378879|0000000000573498|055.20
16032026|530565|0000000000004096|0000000000048000|0000000000004096|0000000000048000|100.00
16032026|530571|0000000000000740|0000000000007215|0000000000000765|0000000000007463|096.73
16032026|530577|0000000000000120|0000000000006420|0000000000000122|0000000000006180|098.36
16032026|530579|0000000000001294|0000000000017599|0000000000001753|0000000000023729|073.82
16032026|530581|0000000000000046|0000000000000271|0000000000000046|0000000000000277|100.00
16032026|530585|0000000000042435|0000000002152304|0000000000052716|0000000002502510|080.50
16032026|530589|0000000000007421|0000000000785513|0000000000007805|0000000000835155|095.08
16032026|530595|0000000000045794|0000000001798180|0000000000045794|0000000001798180|100.00
16032026|530601|0000000000000870|0000000000053331|0000000000000871|0000000000052928|099.89
16032026|530611|0000000000172199|0000000000035329|0000000000172199|0000000000035329|100.00
16032026|530615|0000000000002022|0000000000279340|0000000000002466|0000000000341475|082.00
16032026|530617|0000000000129386|0000000002902128|0000000000141815|0000000003165498|091.24
16032026|530621|0000000000009798|0000000000909353|0000000000012541|0000000001148576|078.13
16032026|530627|0000000000010319|0000000001865160|0000000000012083|0000000002177916|085.40
16032026|530643|0000000000017391|0000000005217300|0000000000029706|0000000009072462|058.54
16032026|530655|0000000000008216|0000000008437832|0000000000012001|0000000012231903|068.46
16032026|530663|0000000000020987|0000000000018679|0000000000022424|0000000000019842|093.59
16032026|530665|0000000000019493|0000000000057115|0000000000023021|0000000000066484|084.67
16032026|530669|0000000000000053|0000000000007478|0000000000000053|0000000000007478|100.00
16032026|530675|0000000000000575|0000000000030654|0000000000000576|0000000000030751|099.83
16032026|530677|0000000000002194|0000000000115361|0000000000003555|0000000000183205|061.72
16032026|530689|0000000000093325|0000000004480534|0000000000117154|0000000005803185|079.66
16032026|530695|0000000000000166|0000000000003339|0000000000000236|0000000000004761|070.34
16032026|530697|0000000000000275|0000000000005379|0000000000000283|0000000000005490|097.17
16032026|530699|0000000000000024|0000000000000515|0000000000000024|0000000000000515|100.00
16032026|530705|0000000000001000|0000000000038520|0000000000001000|0000000000038520|100.00
16032026|530709|0000000000000784|0000000000064249|0000000000000814|0000000000067683|096.31
16032026|530711|0000000000003252|0000000000173137|0000000000005370|0000000000295030|060.56
16032026|530723|0000000000022308|0000000002364648|0000000000022308|0000000002368964|100.00
16032026|530733|0000000000000005|0000000000000059|0000000000000005|0000000000000058|100.00
16032026|530735|0000000000000002|0000000000000070|0000000000000002|0000000000000069|100.00
16032026|530741|0000000000007237|0000000000880382|0000000000009306|0000000001173216|077.77
16032026|530745|0000000000048830|0000000001772041|0000000000066351|0000000002388137|073.59
16032026|530755|0000000000000062|0000000000000544|0000000000000062|0000000000000559|100.00
16032026|530759|0000000000005009|0000000000888848|0000000000007327|0000000001297261|068.36
16032026|530765|0000000000000071|0000000000001278|0000000000000121|0000000000002170|058.68
16032026|530771|0000000000000070|0000000000001415|0000000000000070|0000000000001415|100.00
16032026|530779|0000000000000005|0000000000000130|0000000000000005|0000000000000129|100.00
16032026|530787|0000000000001923|0000000000100509|0000000000001923|0000000000100509|100.00
16032026|530795|0000000000000265|0000000000002631|0000000000000265|0000000000002631|100.00
16032026|530799|0000000000000008|0000000000000216|0000000000000009|0000000000000251|088.89
16032026|530803|0000000000022516|0000000003183763|0000000000023904|0000000003289217|094.19
16032026|530805|0000000000092831|0000000000584836|0000000000113579|0000000000725196|081.73
16032026|530809|0000000000000486|0000000000018269|0000000000000575|0000000000020918|084.52
16032026|530813|0000000000040711|0000000011832653|0000000000054894|0000000016073421|074.16
16032026|530821|0000000000003905|0000000000053225|0000000000003905|0000000000053225|100.00
16032026|530825|0000000000066732|0000000002404354|0000000000068963|0000000002390714|096.76
16032026|530829|0000000000000027|0000000000000984|0000000000000051|0000000000001819|052.94
16032026|530839|0000000000000152|0000000000001010|0000000000000162|0000000000001081|093.83
16032026|530843|0000000000905526|0000000071310173|0000000002316464|0000000179672997|039.09
16032026|530845|0000000000007693|0000000005888223|0000000000008487|0000000006590017|090.64
16032026|530853|0000000000000004|0000000000000228|0000000000000004|0000000000000218|100.00
16032026|530855|0000000000000013|0000000000001119|0000000000000013|0000000000001119|100.00
16032026|530871|0000000000002344|0000000000302494|0000000000002542|0000000000333694|092.21
16032026|530879|0000000000009308|0000000000232607|0000000000009721|0000000000244718|095.75
16032026|530881|0000000000086898|0000000000574396|0000000000124809|0000000000821359|069.62
16032026|530883|0000000000067914|0000000000501885|0000000000097063|0000000000726632|069.97
16032026|530889|0000000000000327|0000000000004410|0000000000000327|0000000000004410|100.00
16032026|530897|0000000000000255|0000000000032640|0000000000000255|0000000000032640|100.00
16032026|530899|0000000000000251|0000000000009237|0000000000000251|0000000000009689|100.00
16032026|530907|0000000000000023|0000000000000874|0000000000000023|0000000000000874|100.00
16032026|530909|0000000000000036|0000000000001579|0000000000000037|0000000000001697|097.30
16032026|530919|0000000000024428|0000000002264476|0000000000030793|0000000002864127|079.33
16032026|530925|0000000000000506|0000000000055578|0000000000000506|0000000000055578|100.00
16032026|530927|0000000000000500|0000000000042229|0000000000000500|0000000000042229|100.00
16032026|530929|0000000000000044|0000000000035803|0000000000000044|0000000000035802|100.00
16032026|530931|0000000000002508|0000000000026059|0000000000002508|0000000000026104|100.00
16032026|530943|0000000000003760|0000000000300048|0000000000003760|0000000000300048|100.00
16032026|530951|0000000000007723|0000000000433184|0000000000010327|0000000000552817|074.78
16032026|530953|0000000000000050|0000000000004673|0000000000000050|0000000000004672|100.00
16032026|530959|0000000000001073|0000000000025763|0000000000001139|0000000000027297|094.21
16032026|530961|0000000000567696|0000000000703944|0000000000857598|0000000001062744|066.20
16032026|530965|0000000000486412|0000000072572671|0000000001729141|0000000258921864|028.13
16032026|530977|0000000000023598|0000000003267144|0000000000023723|0000000003329792|099.47
16032026|530979|0000000000001915|0000000000062659|0000000000002659|0000000000085200|072.02
16032026|530991|0000000000000105|0000000000004662|0000000000000114|0000000000005072|092.11
16032026|530993|0000000000000210|0000000000008820|0000000000000210|0000000000008820|100.00
16032026|530997|0000000000001714|0000000000141114|0000000000001755|0000000000142655|097.66
16032026|530999|0000000000002305|0000000002333352|0000000000005653|0000000005661802|040.77
16032026|531003|0000000000000105|0000000000009229|0000000000000105|0000000000009215|100.00
16032026|531015|0000000000000218|0000000000005339|0000000000000223|0000000000005483|097.76
16032026|531017|0000000000002190|0000000000037230|0000000000002543|0000000000043641|086.12
16032026|531025|0000000000825815|0000000000264261|0000000000991675|0000000000319606|083.27
16032026|531029|0000000000002500|0000000000082800|0000000000002500|0000000000082800|100.00
16032026|531033|0000000000000321|0000000000009541|0000000000000324|0000000000009655|099.07
16032026|531035|0000000000935666|0000000020758341|0000000000935666|0000000020758341|100.00
16032026|531041|0000000000003598|0000000001246168|0000000000004576|0000000001582517|078.63
16032026|531043|0000000000000007|0000000000000158|0000000000000007|0000000000000153|100.00
16032026|531067|0000000000009465|0000000000245523|0000000000012339|0000000000319413|076.71
16032026|531069|0000000000000918|0000000000429900|0000000000001029|0000000000474034|089.21
16032026|531080|0000000000000062|0000000000002170|0000000000000075|0000000000002560|082.67
16032026|531082|0000000000058977|0000000000451175|0000000000063458|0000000000478255|092.94
16032026|531083|0000000000009546|0000000000052352|0000000000009546|0000000000052352|100.00
16032026|531091|0000000000000773|0000000000015569|0000000000000854|0000000000018346|090.52
16032026|531092|0000000000004659|0000000000389074|0000000000006138|0000000000519286|075.90
16032026|531099|0000000000010496|0000000000473055|0000000000014859|0000000000635955|070.64
16032026|531109|0000000000011766|0000000000622657|0000000000012212|0000000000639114|096.35
16032026|531111|0000000000000400|0000000000014323|0000000000000400|0000000000014323|100.00
16032026|531112|0000000000017309|0000000007658368|0000000000046114|0000000020421354|037.54
16032026|531119|0000000000001162|0000000000315135|0000000000001823|0000000000494133|063.74
16032026|531120|0000000000202146|0000000004835333|0000000000447125|0000000010625624|045.21
16032026|531126|0000000000014001|0000000000330004|0000000000016658|0000000000390160|084.05
16032026|531129|0000000000013843|0000000000135385|0000000000014563|0000000000141722|095.06
16032026|531137|0000000000093467|0000000000136462|0000000000114597|0000000000169391|081.56
16032026|531144|0000000000002396|0000000000034862|0000000000002397|0000000000034826|099.96
16032026|531146|0000000000001876|0000000000511773|0000000000002398|0000000000646744|078.23
16032026|531147|0000000000000597|0000000000394468|0000000000000980|0000000000649154|060.92
16032026|531153|0000000000093983|0000000000201124|0000000000149552|0000000000312950|062.84
16032026|531155|0000000000000005|0000000000000033|0000000000000005|0000000000000031|100.00
16032026|531156|0000000000227301|0000000002100262|0000000000283837|0000000002619530|080.08
16032026|531157|0000000000000187|0000000000003703|0000000000000187|0000000000003660|100.00
16032026|531158|0000000000000276|0000000000004748|0000000000000298|0000000000005113|092.62
16032026|531161|0000000000002257|0000000000469795|0000000000002943|0000000000607037|076.69
16032026|531162|0000000000012127|0000000005140636|0000000000025519|0000000010550634|047.52
16032026|531163|0000000000000201|0000000000015122|0000000000000337|0000000000024752|059.64
16032026|531168|0000000000000012|0000000000002397|0000000000000013|0000000000002489|092.31
16032026|531169|0000000000000229|0000000000020633|0000000000000253|0000000000022776|090.51
16032026|531173|0000000000002065|0000000000094226|0000000000002719|0000000000124191|075.95
16032026|531176|0000000000015448|0000000000168693|0000000000018842|0000000000203707|081.99
16032026|531178|0000000000001109|0000000000012477|0000000000001125|0000000000012557|098.58
16032026|531179|0000000000001021|0000000001408011|0000000000001709|0000000002342043|059.74
16032026|531190|0000000000001751|0000000000172474|0000000000002413|0000000000241654|072.57
16032026|531201|0000000000057733|0000000215967607|0000000000060125|0000000218558753|096.02
16032026|531203|0000000000000083|0000000000006136|0000000000000083|0000000000006135|100.00
16032026|531205|0000000006075465|0000000002936647|0000000006075465|0000000002936647|100.00
16032026|531209|0000000000001829|0000000001378061|0000000000002937|0000000002239166|062.27
16032026|531210|0000000000001455|0000000000058067|0000000000001455|0000000000058067|100.00
16032026|531212|0000000000002912|0000000000123528|0000000000003401|0000000000145435|085.62
16032026|531213|0000000001116064|0000000280076261|0000000001383434|0000000353429118|080.67
16032026|531215|0000000000001603|0000000000162384|0000000000002153|0000000000215870|074.45
16032026|531216|0000000000162028|0000000001002954|0000000000187688|0000000001176398|086.33
16032026|531219|0000000000000500|0000000000001525|0000000000000500|0000000000001525|100.00
16032026|531223|0000000000002870|0000000000068880|0000000000003391|0000000000080919|084.64
16032026|531225|0000000000020080|0000000000600192|0000000000023665|0000000000714651|084.85
16032026|531227|0000000000000023|0000000000001311|0000000000000023|0000000000001311|100.00
16032026|531228|0000000000000319|0000000000003270|0000000000000319|0000000000003329|100.00
16032026|531233|0000000000042341|0000000000513597|0000000000042741|0000000000520192|099.06
16032026|531234|0000000000000054|0000000000003926|0000000000000059|0000000000004293|091.53
16032026|531237|0000000000009003|0000000002095720|0000000000009003|0000000002095720|100.00
16032026|531240|0000000000022925|0000000000490136|0000000000022925|0000000000490136|100.00
16032026|531241|0000000000000463|0000000000046277|0000000000000486|0000000000049656|095.27
16032026|531246|0000000000000008|0000000000000151|0000000000000008|0000000000000151|100.00
16032026|531253|0000000000001277|0000000000411194|0000000000001456|0000000000456728|087.71
16032026|531254|0000000000059327|0000000000785490|0000000000069578|0000000000920681|085.27
16032026|531255|0000000000000353|0000000000015917|0000000000000368|0000000000016701|095.92
16032026|531257|0000000000002155|0000000000034502|0000000000004140|0000000000066387|052.05
16032026|531260|0000000000000994|0000000000248351|0000000000001456|0000000000371498|068.27
16032026|531262|0000000000000010|0000000000000209|0000000000000010|0000000000000208|100.00
16032026|531266|0000000000000389|0000000001933408|0000000000000977|0000000004846574|039.82
16032026|531268|0000000000009766|0000000000433870|0000000000009766|0000000000433870|100.00
16032026|531273|0000000000165877|0000000000247157|0000000000286610|0000000000418085|057.88
16032026|531274|0000000000001105|0000000000042944|0000000000001105|0000000000042944|100.00
16032026|531278|0000000000004974|0000000000444179|0000000000005086|0000000000454821|097.80
16032026|531279|0000000000005423|0000000000690077|0000000000007544|0000000000965944|071.88
16032026|531280|0000000000001047|0000000000061846|0000000000001047|0000000000061846|100.00
16032026|531281|0000000000001350|0000000000129465|0000000000002086|0000000000201732|064.72
16032026|531287|0000000000001387|0000000000319704|0000000000001742|0000000000411626|079.62
16032026|531288|0000000000000001|0000000000000019|0000000000000001|0000000000000018|100.00
16032026|531289|0000000000001961|0000000000313760|0000000000001980|0000000000321675|099.04
16032026|531297|0000000000005661|0000000000335585|0000000000006892|0000000000412568|082.14
16032026|531301|0000000000000003|0000000000000396|0000000000000005|0000000000000668|060.00
16032026|531306|0000000000002016|0000000001005581|0000000000002391|0000000001186359|084.32
16032026|531307|0000000000025230|0000000000402167|0000000000031847|0000000000519484|079.22
16032026|531310|0000000000014962|0000000001994435|0000000000016084|0000000002126987|093.02
16032026|531314|0000000000000002|0000000000000029|0000000000000002|0000000000000028|100.00
16032026|531319|0000000000001348|0000000000048003|0000000000001804|0000000000069206|074.72
16032026|531322|0000000000023102|0000000000026568|0000000000027721|0000000000034227|083.34
16032026|531323|0000000000000001|0000000000000014|0000000000000001|0000000000000013|100.00
16032026|531324|0000000000000022|0000000000000488|0000000000000022|0000000000000500|100.00
16032026|531328|0000000002530770|0000000001872770|0000000004160737|0000000003053855|060.82
16032026|531335|0000000001041518|0000000441655708|0000000003175267|0000001332251410|032.80
16032026|531338|0000000000000416|0000000000007322|0000000000000416|0000000000007421|100.00
16032026|531340|0000000000000101|0000000000006261|0000000000000101|0000000000006262|100.00
16032026|531344|0000000000064035|0000000029119917|0000000000109248|0000000049341314|058.61
16032026|531346|0000000000000138|0000000000004236|0000000000000193|0000000000006003|071.50
16032026|531349|0000000000021205|0000000006728347|0000000000023809|0000000007526547|089.06
16032026|531352|0000000000000220|0000000000004389|0000000000000220|0000000000004099|100.00
16032026|531357|0000000000181287|0000000005596330|0000000000262997|0000000008171097|068.93
16032026|531358|0000000000035247|0000000021802032|0000000000052015|0000000032069821|067.76
16032026|531359|0000000000002853|0000000000812820|0000000000003758|0000000001070998|075.92
16032026|531364|0000000000003004|0000000000476735|0000000000004098|0000000000648571|073.30
16032026|531370|0000000000012499|0000000000045872|0000000000015241|0000000000056554|082.01
16032026|531373|0000000000013506|0000000000458664|0000000000016625|0000000000572062|081.24
16032026|531380|0000000000000366|0000000000032110|0000000000000574|0000000000052549|063.76
16032026|531381|0000000000001215|0000000001238511|0000000000001475|0000000001481294|082.37
16032026|531387|0000000000000100|0000000000000788|0000000000000101|0000000000000796|099.01
16032026|531390|0000000000050586|0000000003470200|0000000000051211|0000000003450228|098.78
16032026|531395|0000000000219057|0000000000499450|0000000000299058|0000000000683244|073.25
16032026|531396|0000000000000067|0000000000000570|0000000000000082|0000000000000764|081.71
16032026|531397|0000000000000017|0000000000000493|0000000000000018|0000000000000522|094.44
16032026|531398|0000000000001550|0000000000199950|0000000000001770|0000000000221554|087.57
16032026|531399|0000000000016357|0000000002367676|0000000000021447|0000000003235173|076.27
16032026|531400|0000000000011788|0000000000163146|0000000000013532|0000000000187522|087.11
16032026|531402|0000000000001218|0000000000020840|0000000000001812|0000000000031043|067.22
16032026|531409|0000000000000372|0000000000010784|0000000000000372|0000000000010784|100.00
16032026|531411|0000000000081315|0000000000077250|0000000000102349|0000000000096687|079.45
16032026|531412|0000000000000003|0000000000000566|0000000000000003|0000000000000566|100.00
16032026|531416|0000000000000410|0000000000012710|0000000000000410|0000000000012690|100.00
16032026|531417|0000000000045821|0000000000093475|0000000000069375|0000000000141152|066.05
16032026|531426|0000000000008811|0000000001179793|0000000000011839|0000000001591597|074.42
16032026|531431|0000000000028235|0000000013912797|0000000000073537|0000000036141213|038.40
16032026|531432|0000000000000738|0000000000008796|0000000000000738|0000000000008796|100.00
16032026|531433|0000000000000085|0000000000000261|0000000000000085|0000000000000260|100.00
16032026|531436|0000000000005001|0000000000143129|0000000000005283|0000000000151563|094.66
16032026|531437|0000000000000355|0000000000007629|0000000000000355|0000000000007846|100.00
16032026|531439|0000000003657013|0000000138966494|0000000003659947|0000000135417781|099.92
16032026|531449|0000000000003544|0000000000543296|0000000000011760|0000000001814866|030.14
16032026|531453|0000000000000075|0000000000001718|0000000000000085|0000000000001916|088.24
16032026|531454|0000000000001731|0000000000029376|0000000000002395|0000000000040605|072.28
16032026|531456|0000000000001679|0000000000002502|0000000000003023|0000000000004367|055.54
16032026|531458|0000000000000215|0000000000001409|0000000000000215|0000000000001408|100.00
16032026|531460|0000000000000956|0000000000007908|0000000000000956|0000000000007908|100.00
16032026|531465|0000000000001664|0000000000000816|0000000000001664|0000000000000815|100.00
16032026|531471|0000000000013542|0000000000349249|0000000000014643|0000000000377597|092.48
16032026|531472|0000000000000456|0000000000027250|0000000000000456|0000000000027250|100.00
16032026|531486|0000000000000116|0000000000000241|0000000000000116|0000000000000241|100.00
16032026|531489|0000000000004522|0000000000817804|0000000000007906|0000000001448397|057.20
16032026|531494|0000000000080420|0000000000078812|0000000000099797|0000000000096319|080.58
16032026|531495|0000000000000278|0000000000005555|0000000000000278|0000000000005658|100.00
16032026|531496|0000000000036564|0000000000339313|0000000000036564|0000000000339313|100.00
16032026|531497|0000000000009196|0000000000041107|0000000000009996|0000000000045928|092.00
16032026|531499|0000000000007131|0000000000013549|0000000000008309|0000000000016088|085.82
16032026|531500|0000000000254296|0000000026933633|0000000000254296|0000000026933633|100.00
16032026|531502|0000000000018954|0000000000163953|0000000000019114|0000000000165336|099.16
16032026|531503|0000000000000546|0000000000014994|0000000000000560|0000000000015314|097.50
16032026|531506|0000000000000002|0000000000000077|0000000000000002|0000000000000077|100.00
16032026|531508|0000000000007269|0000000002182154|0000000000011037|0000000003289266|065.86
16032026|531509|0000000000000003|0000000000000083|0000000000000003|0000000000000077|100.00
16032026|531512|0000000000092992|0000000001550177|0000000000167415|0000000002864796|055.55
16032026|531515|0000000000001629|0000000000015725|0000000000001629|0000000000015725|100.00
16032026|531518|0000000000104717|0000000000031803|0000000000104717|0000000000031803|100.00
16032026|531521|0000000000000100|0000000000002552|0000000000000100|0000000000002552|100.00
16032026|531525|0000000000029192|0000000005812128|0000000000040303|0000000008054987|072.43
16032026|531529|0000000000009770|0000000000017489|0000000000011391|0000000000020412|085.77
16032026|531531|0000000000000528|0000000000506352|0000000000000864|0000000000824705|061.11
16032026|531533|0000000000021830|0000000001331849|0000000000025031|0000000001532954|087.21
16032026|531537|0000000000000184|0000000000031814|0000000000000184|0000000000031814|100.00
16032026|531539|0000000000000020|0000000000000736|0000000000000020|0000000000000737|100.00
16032026|531540|0000000000013474|0000000000118572|0000000000018481|0000000000165227|072.91
16032026|531541|0000000000000230|0000000000000575|0000000000000230|0000000000000575|100.00
16032026|531543|0000000000017410|0000000000359691|0000000000022146|0000000000458613|078.61
16032026|531548|0000000000001966|0000000000710709|0000000000003157|0000000001120135|062.27
16032026|531550|0000000000002916|0000000000579847|0000000000004502|0000000000880536|064.77
16032026|531552|0000000000007622|0000000000114178|0000000000008746|0000000000128541|087.15
16032026|531553|0000000000005124|0000000000105299|0000000000009751|0000000000194063|052.55
16032026|531556|0000000000000580|0000000000017876|0000000000004389|0000000000138670|013.21
16032026|531557|0000000000000536|0000000000029245|0000000000000536|0000000000029245|100.00
16032026|531568|0000000000000343|0000000000002398|0000000000000343|0000000000002537|100.00
16032026|531569|0000000000013849|0000000002206146|0000000000014843|0000000002364278|093.30
16032026|531572|0000000000000114|0000000000012084|0000000000000114|0000000000012084|100.00
16032026|531574|0000000000005874|0000000000055336|0000000000005874|0000000000055336|100.00
16032026|531578|0000000000000435|0000000000003388|0000000000000435|0000000000003388|100.00
16032026|531582|0000000000000005|0000000000000151|0000000000000005|0000000000000151|100.00
16032026|531583|0000000000000075|0000000000002467|0000000000000078|0000000000002519|096.15
16032026|531585|0000000000000654|0000000000005324|0000000000000929|0000000000007571|070.40
16032026|531591|0000000000014077|0000000000273094|0000000000014130|0000000000270389|099.62
16032026|531592|0000000000859751|0000000000885544|0000000001058586|0000000001081432|081.22
16032026|531594|0000000000000522|0000000000006995|0000000000000522|0000000000006362|100.00
16032026|531595|0000000000061786|0000000010627192|0000000000105846|0000000017954075|058.37
16032026|531599|0000000000003743|0000000001279545|0000000000004414|0000000001523681|084.80
16032026|531608|0000000000000554|0000000000034902|0000000000000559|0000000000034144|099.11
16032026|531613|0000000000003075|0000000000008847|0000000000003075|0000000000008847|100.00
16032026|531616|0000000000000239|0000000000016140|0000000000000239|0000000000016171|100.00
16032026|531624|0000000000012780|0000000000052654|0000000000017738|0000000000077441|072.05
16032026|531626|0000000000005419|0000000000023411|0000000000007104|0000000000031516|076.28
16032026|531633|0000000000002707|0000000001580888|0000000000004500|0000000002648839|060.16
16032026|531635|0000000000000484|0000000000039871|0000000000000484|0000000000039871|100.00
16032026|531637|0000000000113631|0000000024856782|0000000000129445|0000000028333813|087.78
16032026|531638|0000000000000003|0000000000000660|0000000000000003|0000000000000659|100.00
16032026|531642|0000000000158275|0000000118698337|0000000000167718|0000000125339366|094.37
16032026|531644|0000000000000322|0000000000006460|0000000000000373|0000000000007459|086.33
16032026|531651|0000000000000455|0000000000021567|0000000000000455|0000000000021570|100.00
16032026|531652|0000000000014041|0000000001116541|0000000000016043|0000000001295149|087.52
16032026|531658|0000000000029336|0000000000334138|0000000000034245|0000000000394506|085.66
16032026|531661|0000000000001371|0000000000012614|0000000000001931|0000000000018134|071.00
16032026|531663|0000000000243554|0000000001083816|0000000000392589|0000000001850488|062.04
16032026|531667|0000000000012839|0000000000340234|0000000000012843|0000000000393341|099.97
16032026|531668|0000000000001013|0000000000002614|0000000000001013|0000000000002613|100.00
16032026|531671|0000000000155683|0000000000266218|0000000000169218|0000000000289474|092.00
16032026|531672|0000000000000031|0000000000000680|0000000000000040|0000000000000876|077.50
16032026|531673|0000000000042507|0000000000856942|0000000000043112|0000000000843891|098.60
16032026|531676|0000000000027168|0000000007847852|0000000000027168|0000000007847852|100.00
16032026|531677|0000000000000206|0000000000071039|0000000000000206|0000000000071039|100.00
16032026|531680|0000000000548388|0000000009212481|0000000000548388|0000000009212481|100.00
16032026|531681|0000000000050499|0000000000034845|0000000000050499|0000000000035594|100.00
16032026|531686|0000000000099000|0000000000159408|0000000000099000|0000000000159408|100.00
16032026|531688|0000000000001974|0000000000223062|0000000000002013|0000000000227307|098.06
16032026|531692|0000000000000173|0000000000000462|0000000000000173|0000000000000461|100.00
16032026|531694|0000000000042930|0000000001772155|0000000000042930|0000000001772155|100.00
16032026|531716|0000000000001737|0000000000003652|0000000000001737|0000000000003652|100.00
16032026|531717|0000000000000853|0000000000245537|0000000000000873|0000000000252472|097.71
16032026|531719|0000000000004349|0000000000817830|0000000000005456|0000000001014506|079.71
16032026|531723|0000000000195466|0000000000091870|0000000000290511|0000000000136365|067.28
16032026|531726|0000000000012591|0000000001278617|0000000000013068|0000000001321941|096.35
16032026|531727|0000000000029469|0000000001556258|0000000000034629|0000000001823934|085.10
16032026|531737|0000000000043298|0000000000021217|0000000000068531|0000000000033777|063.18
16032026|531739|0000000000494789|0000000004591642|0000000000541013|0000000005108120|091.46
16032026|531743|0000000000000100|0000000000020495|0000000000000100|0000000000020495|100.00
16032026|531744|0000000000010276|0000000000581622|0000000000010293|0000000000583097|099.83
16032026|531746|0000000000002048|0000000000037909|0000000000008600|0000000000160458|023.81
16032026|531752|0000000000978140|0000000000557540|0000000001660729|0000000000952593|058.90
16032026|531758|0000000000003591|0000000000036557|0000000000003868|0000000000038618|092.84
16032026|531761|0000000000023273|0000000009256836|0000000000075780|0000000030100872|030.71
16032026|531762|0000000000000987|0000000000020530|0000000000000989|0000000000019610|099.80
16032026|531768|0000000000007925|0000000009960933|0000000000019414|0000000024321051|040.82
16032026|531769|0000000000003597|0000000000019683|0000000000003597|0000000000019683|100.00
16032026|531771|0000000000008254|0000000001335085|0000000000041577|0000000006646017|019.85
16032026|531778|0000000000000601|0000000000017027|0000000000000601|0000000000017027|100.00
16032026|531779|0000000000002020|0000000000033835|0000000000002020|0000000000033625|100.00
16032026|531780|0000000000030740|0000000000126649|0000000000039450|0000000000162524|077.92
16032026|531784|0000000000743965|0000000001078750|0000000000796457|0000000001166036|093.41
16032026|531794|0000000000000034|0000000000003509|0000000000000034|0000000000003509|100.00
16032026|531795|0000000000018328|0000000007452165|0000000000026984|0000000010946690|067.92
16032026|531797|0000000000000621|0000000000052785|0000000000000624|0000000000053733|099.52
16032026|531802|0000000000002798|0000000000068524|0000000000003411|0000000000081004|082.03
16032026|531810|0000000000000532|0000000000028739|0000000000000850|0000000000045963|062.59
16032026|531812|0000000000033057|0000000000020826|0000000000035373|0000000000022145|093.45
16032026|531813|0000000000000629|0000000000049031|0000000000000629|0000000000048942|100.00
16032026|531814|0000000000004274|0000000000036030|0000000000005040|0000000000041054|084.80
16032026|531822|0000000000000030|0000000000004941|0000000000000030|0000000000004941|100.00
16032026|531832|0000000000003602|0000000000153516|0000000000003602|0000000000153516|100.00
16032026|531834|0000000000000307|0000000000003859|0000000000000307|0000000000003859|100.00
16032026|531840|0000000000002978|0000000000084470|0000000000002978|0000000000084470|100.00
16032026|531841|0000000000000332|0000000000016999|0000000000000382|0000000000019446|086.91
16032026|531842|0000000000153364|0000000006611523|0000000000163856|0000000007448521|093.60
16032026|531845|0000000000005513|0000000000028999|0000000000005619|0000000000029896|098.11
16032026|531847|0000000000000012|0000000000007320|0000000000000012|0000000000007326|100.00
16032026|531859|0000000000081636|0000000009163641|0000000000103831|0000000011729158|078.62
16032026|531861|0000000000005433|0000000000222645|0000000000005700|0000000000234023|095.32
16032026|531862|0000000000039048|0000000000926610|0000000000045676|0000000001064311|085.49
16032026|531867|0000000000003402|0000000000011942|0000000000003402|0000000000011942|100.00
16032026|531869|0000000000111217|0000000000432635|0000000000120941|0000000000468551|091.96
16032026|531878|0000000000008367|0000000000068443|0000000000009192|0000000000076740|091.02
16032026|531888|0000000000002038|0000000000113008|0000000000002309|0000000000130695|088.26
16032026|531889|0000000000327120|0000000013637633|0000000000433475|0000000018017604|075.46
16032026|531892|0000000000000008|0000000000000132|0000000000003020|0000000000047575|000.26
16032026|531893|0000000000676456|0000000000247879|0000000000676456|0000000000247879|100.00
16032026|531900|0000000000002994|0000000000075479|0000000000004363|0000000000108928|068.62
16032026|531902|0000000000000073|0000000000001791|0000000000000073|0000000000001791|100.00
16032026|531909|0000000000183356|0000000000534979|0000000000183356|0000000000534979|100.00
16032026|531910|0000000000004300|0000000000886616|0000000000004300|0000000000886616|100.00
16032026|531911|0000000000046676|0000000001916517|0000000000048360|0000000002050533|096.52
16032026|531913|0000000000047832|0000000000573789|0000000000047832|0000000000573789|100.00
16032026|531918|0000000000001126|0000000000106970|0000000000001126|0000000000106970|100.00
16032026|531921|0000000000004087|0000000001770693|0000000000005943|0000000002640723|068.77
16032026|531923|0000000000006845|0000000000771090|0000000000011148|0000000001228480|061.40
16032026|531925|0000000000015502|0000000000019843|0000000000015502|0000000000019877|100.00
16032026|531928|0000000000000001|0000000000000010|0000000000000001|0000000000000009|100.00
16032026|531929|0000000000000538|0000000000002552|0000000000000538|0000000000002552|100.00
16032026|531930|0000000000000091|0000000000002539|0000000000000103|0000000000002937|088.35
16032026|531931|0000000000000879|0000000000135323|0000000000001106|0000000000169025|079.48
16032026|531944|0000000000000457|0000000000007792|0000000000000501|0000000000008724|091.22
16032026|531950|0000000000040058|0000000000112163|0000000000045919|0000000000128751|087.24
16032026|531952|0000000000002480|0000000000169459|0000000000002681|0000000000184710|092.50
16032026|531959|0000000000073228|0000000000140598|0000000000089306|0000000000167370|082.00
16032026|531960|0000000000005505|0000000000024228|0000000000005505|0000000000024228|100.00
16032026|531962|0000000000002679|0000000000107477|0000000000002679|0000000000107477|100.00
16032026|531968|0000000000005847|0000000000277908|0000000000006044|0000000000272177|096.74
16032026|531977|0000000000237978|0000000001451666|0000000000250490|0000000001507154|095.00
16032026|531978|0000000000000534|0000000000682639|0000000000000665|0000000000852575|080.30
16032026|531979|0000000000007406|0000000000644257|0000000000007406|0000000000644257|100.00
16032026|531982|0000000000023802|0000000000279674|0000000000026010|0000000000302426|091.51
16032026|531989|0000000000000001|0000000000000031|0000000000000001|0000000000000031|100.00
16032026|531991|0000000000039819|0000000000021503|0000000000042019|0000000000022490|094.76
16032026|531996|0000000000002095|0000000000015483|0000000000003618|0000000000026356|057.90
16032026|531997|0000000000110736|0000000002328779|0000000000117324|0000000002467492|094.38
16032026|532001|0000000000000103|0000000000005141|0000000000000103|0000000000005127|100.00
16032026|532005|0000000000025491|0000000001096368|0000000000026212|0000000001145237|097.25
16032026|532011|0000000000017572|0000000000928856|0000000000067897|0000000003578091|025.88
16032026|532015|0000000000004235|0000000000054800|0000000000004235|0000000000054800|100.00
16032026|532016|0000000000000005|0000000000001445|0000000000000005|0000000000001453|100.00
16032026|532019|0000000000223113|0000000001113769|0000000000223113|0000000001113769|100.00
16032026|532022|0000000016585709|0000000002985428|0000000022408965|0000000004061117|074.01
16032026|532029|0000000000007670|0000000000179555|0000000000009782|0000000000230421|078.41
16032026|532039|0000000000057412|0000000002234476|0000000000061405|0000000002469608|093.50
16032026|532041|0000000000003525|0000000000026436|0000000000003525|0000000000026436|100.00
16032026|532042|0000000000000052|0000000000001503|0000000000000052|0000000000001471|100.00
16032026|532051|0000000000001380|0000000000729330|0000000000001897|0000000001014141|072.75
16032026|532053|0000000000002212|0000000000165347|0000000000002483|0000000000183883|089.09
16032026|532054|0000000000000212|0000000000459945|0000000000000376|0000000000812728|056.38
16032026|532056|0000000000003485|0000000000481815|0000000000003485|0000000000481815|100.00
16032026|532057|0000000000000003|0000000000000370|0000000000000003|0000000000000370|100.00
16032026|532067|0000000000004902|0000000006049559|0000000000008680|0000000010630347|056.47
16032026|532070|0000000000004587|0000000000839421|0000000000019545|0000000003575285|023.47
16032026|532072|0000000000119457|0000000000027497|0000000000119457|0000000000027497|100.00
16032026|532090|0000000000004679|0000000000092340|0000000000004679|0000000000092340|100.00
16032026|532092|0000000000384400|0000000000691502|0000000000384400|0000000000691502|100.00
16032026|532100|0000000000011671|0000000000148689|0000000000011673|0000000000146662|099.98
16032026|532102|0000000000000004|0000000000000118|0000000000000005|0000000000000145|080.00
16032026|532113|0000000000005546|0000000000055261|0000000000005546|0000000000055261|100.00
16032026|532123|0000000000066190|0000000000290575|0000000000093086|0000000000412289|071.11
16032026|532124|0000000000000391|0000000000007625|0000000000000449|0000000000008681|087.08
16032026|532131|0000000000003010|0000000000046565|0000000000004741|0000000000072036|063.49
16032026|532134|0000000000153068|0000000042859040|0000000000372832|0000000103497902|041.06
16032026|532139|0000000000000060|0000000000000765|0000000000000060|0000000000000765|100.00
16032026|532140|0000000000031275|0000000000081003|0000000000032370|0000000000083411|096.62
16032026|532141|0000000000003025|0000000000154003|0000000000003307|0000000000168119|091.47
16032026|532143|0000000000015651|0000000002389126|0000000000021265|0000000003205667|073.60
16032026|532144|0000000000005003|0000000003985640|0000000000012790|0000000010177056|039.12
16032026|532145|0000000000000235|0000000000002433|0000000000000376|0000000000003929|062.50
16032026|532149|0000000000125320|0000000018885724|0000000000302887|0000000045297880|041.38
16032026|532150|0000000000008684|0000000003402826|0000000000015240|0000000005857391|056.98
16032026|532154|0000000000601210|0000000000300605|0000000001108016|0000000000554974|054.26
16032026|532155|0000000000301391|0000000044018156|0000000000693167|0000000101528916|043.48
16032026|532156|0000000000005673|0000000001194734|0000000000012166|0000000002540401|046.63
16032026|532159|0000000000001144|0000000000010296|0000000000001307|0000000000011847|087.53
16032026|532160|0000000000003488|0000000000037113|0000000000005740|0000000000061530|060.77
16032026|532162|0000000000010405|0000000003391510|0000000000021374|0000000006943203|048.68
16032026|532163|0000000000020285|0000000007262030|0000000000083643|0000000029812106|024.25
16032026|532164|0000000000000275|0000000000000371|0000000000000275|0000000000000371|100.00
16032026|532172|0000000000007736|0000000000072023|0000000000007899|0000000000073578|097.94
16032026|532173|0000000000005366|0000000000542503|0000000000007122|0000000000705674|075.34
16032026|532174|0000000000320907|0000000408514611|0000000000443212|0000000556020227|072.40
16032026|532175|0000000000006269|0000000005359995|0000000000012851|0000000010996992|048.78
16032026|532178|0000000000131944|0000000024944014|0000000000283794|0000000053438572|046.49
16032026|532180|0000000000035074|0000000000795830|0000000000050144|0000000001140185|069.95
16032026|532181|0000000000027663|0000000014713950|0000000000105805|0000000056211256|026.15
16032026|532183|0000000000047782|0000000000365533|0000000000073642|0000000000556467|064.88
16032026|532187|0000000000035089|0000000028946671|0000000000069273|0000000056785774|050.65
16032026|532189|0000000000000941|0000000000402231|0000000000001649|0000000000707395|057.06
16032026|532209|0000000000473302|0000000058523793|0000000001111183|0000000134876736|042.59
16032026|532210|0000000000090153|0000000021893657|0000000000312656|0000000075311520|028.83
16032026|532212|0000000000000330|0000000000004409|0000000000000382|0000000000005122|086.39
16032026|532215|0000000000118898|0000000144431346|0000000000216060|0000000258703685|055.03
16032026|532216|0000000000001141|0000000000053924|0000000000003247|0000000000157017|035.14
16032026|532217|0000000000002915|0000000000076986|0000000000002915|0000000000076985|100.00
16032026|532218|0000000000804760|0000000029703692|0000000001714008|0000000063363510|046.95
16032026|532219|0000000000002635|0000000000039525|0000000000003047|0000000000046164|086.48
16032026|532221|0000000000014958|0000000003486710|0000000000034673|0000000008176514|043.14
16032026|532230|0000000000000005|0000000000000750|0000000000000005|0000000000000749|100.00
16032026|532234|0000000000195952|0000000072854954|0000000000674489|0000000254932260|029.05
16032026|532240|0000000000000823|0000000000618938|0000000000001237|0000000000930421|066.53
16032026|532256|0000000000000082|0000000000442940|0000000000000105|0000000000567539|078.10
16032026|532259|0000000000002554|0000000023314189|0000000000007316|0000000066414053|034.91
16032026|532268|0000000000001555|0000000001805977|0000000000002373|0000000002749481|065.53
16032026|532271|0000000000004477|0000000000009089|0000000000004696|0000000000009452|095.34
16032026|532275|0000000000063116|0000000000111716|0000000000082736|0000000000139400|076.29
16032026|532281|0000000000053389|0000000070937965|0000000000106025|0000000139646257|050.36
16032026|532284|0000000000001556|0000000000037796|0000000000002706|0000000000064869|057.50
16032026|532285|0000000000029692|0000000001690960|0000000000047610|0000000002705097|062.36
16032026|532286|0000000000012779|0000000014471579|0000000000022604|0000000025773008|056.53
16032026|532290|0000000000021479|0000000000356139|0000000000021479|0000000000356139|100.00
16032026|532296|0000000000007368|0000000016029821|0000000000016959|0000000036950586|043.45
16032026|532300|0000000000028199|0000000033804962|0000000000069000|0000000082921480|040.87
16032026|532303|0000000000001011|0000000000002902|0000000000001011|0000000000002901|100.00
16032026|532304|0000000000002981|0000000000129555|0000000000003055|0000000000140842|097.58
16032026|532305|0000000000007565|0000000001039431|0000000000016835|0000000002305034|044.94
16032026|532309|0000000000006303|0000000002765729|0000000000006303|0000000002765729|100.00
16032026|532310|0000000000001771|0000000000081183|0000000000002004|0000000000091130|088.37
16032026|532313|0000000000005528|0000000001903014|0000000000008412|0000000002878019|065.72
16032026|532315|0000000000003506|0000000000019985|0000000000003738|0000000000020433|093.79
16032026|532320|0000000000000967|0000000000008723|0000000000001383|0000000000012503|069.92
16032026|532321|0000000000015239|0000000013506326|0000000000031479|0000000028000851|048.41
16032026|532323|0000000000265652|0000000004199959|0000000000292654|0000000004624582|090.77
16032026|532324|0000000000000108|0000000000001694|0000000000000108|0000000000001693|100.00
16032026|532326|0000000000001204|0000000000103966|0000000000001716|0000000000147725|070.16
16032026|532329|0000000000006378|0000000003158386|0000000000008132|0000000004035683|078.43
16032026|532331|0000000000002039|0000000006019332|0000000000004742|0000000014042679|043.00
16032026|532332|0000000000001763|0000000000216121|0000000000001763|0000000000216121|100.00
16032026|532333|0000000000001339|0000000000075051|0000000000001406|0000000000079012|095.23
16032026|532334|0000000000000158|0000000000009811|0000000000000158|0000000000009818|100.00
16032026|532335|0000000000000767|0000000000017258|0000000000001068|0000000000024357|071.82
16032026|532339|0000000000034375|0000000000468875|0000000000052124|0000000000768164|065.95
16032026|532340|0000000000001696|0000000000006190|0000000000001696|0000000000006190|100.00
16032026|532341|0000000000012250|0000000008926676|0000000000012250|0000000008926676|100.00
16032026|532343|0000000000014480|0000000048851900|0000000000035423|0000000118370276|040.88
16032026|532344|0000000000000002|0000000000000405|0000000000000004|0000000000000810|050.00
16032026|532348|0000000000346204|0000000002769632|0000000000520376|0000000004151807|066.53
16032026|532349|0000000000000569|0000000000546724|0000000000000868|0000000000831620|065.55
16032026|532350|0000000000002616|0000000000011143|0000000000002616|0000000000011143|100.00
16032026|532351|0000000000080779|0000000000340888|0000000000101327|0000000000443408|079.72
16032026|532354|0000000000000021|0000000000000093|0000000000000021|0000000000000092|100.00
16032026|532355|0000000000030439|0000000000273951|0000000000036666|0000000000339072|083.02
16032026|532356|0000000000011158|0000000003826079|0000000000014531|0000000004984804|076.79
16032026|532357|0000000000000314|0000000000014429|0000000000000324|0000000000014961|096.91
16032026|532359|0000000000507894|0000000002529312|0000000000507894|0000000002529312|100.00
16032026|532362|0000000000001866|0000000000266807|0000000000001866|0000000000266807|100.00
16032026|532365|0000000000003337|0000000002924214|0000000000004538|0000000003958820|073.53
16032026|532366|0000000000019390|0000000001347024|0000000000034931|0000000002409428|055.51
16032026|532368|0000000000190713|0000000001726487|0000000000190713|0000000001726487|100.00
16032026|532369|0000000000005246|0000000001337206|0000000000007032|0000000001822052|074.60
16032026|532370|0000000000005013|0000000002016730|0000000000009258|0000000003716128|054.15
16032026|532371|0000000000181309|0000000006918752|0000000000398439|0000000015067746|045.50
16032026|532372|0000000000076421|0000000001291515|0000000000099964|0000000001651822|076.45
16032026|532373|0000000000019077|0000000000386909|0000000000019077|0000000000386909|100.00
16032026|532374|0000000000090566|0000000016596220|0000000000454000|0000000083012451|019.95
16032026|532375|0000000000011861|0000000005997515|0000000000015752|0000000007938345|075.30
16032026|532376|0000000000001694|0000000000127169|0000000000001705|0000000000129057|099.35
16032026|532378|0000000000003700|0000000000016687|0000000000003700|0000000000018067|100.00
16032026|532379|0000000000001111|0000000000008089|0000000000001111|0000000000008089|100.00
16032026|532380|0000000000092735|0000000001447593|0000000000092735|0000000001447593|100.00
16032026|532382|0000000000003501|0000000000325418|0000000000009725|0000000000922028|036.00
16032026|532384|0000000000003320|0000000000356236|0000000000004167|0000000000450019|079.67
16032026|532386|0000000000002748|0000000000034955|0000000000004761|0000000000060041|057.72
16032026|532387|0000000000002005|0000000000039920|0000000000002442|0000000000048759|082.10
16032026|532388|0000000000294460|0000000009490446|0000000000746816|0000000023975877|039.43
16032026|532390|0000000000004728|0000000001426202|0000000000008212|0000000002446893|057.57
16032026|532392|0000000000003233|0000000000021532|0000000000003290|0000000000022937|098.27
16032026|532395|0000000000016162|0000000021351619|0000000000022339|0000000029282136|072.35
16032026|532397|0000000000000002|0000000000000026|0000000000000002|0000000000000025|100.00
16032026|532398|0000000000042350|0000000000271040|0000000000068970|0000000000445742|061.40
16032026|532400|0000000000035149|0000000012244155|0000000000096729|0000000033731005|036.34
16032026|532402|0000000000010449|0000000000092056|0000000000011528|0000000000102442|090.64
16032026|532403|0000000000000520|0000000000004893|0000000000000520|0000000000004893|100.00
16032026|532404|0000000000004724|0000000000148287|0000000000005528|0000000000174205|085.46
16032026|532406|0000000000095702|0000000012441260|0000000000197477|0000000025873695|048.46
16032026|532407|0000000000071780|0000000011865234|0000000000189622|0000000031240053|037.85
16032026|532408|0000000000016993|0000000002472482|0000000000026633|0000000003762048|063.80
16032026|532410|0000000000002646|0000000000063055|0000000000003231|0000000000078028|081.89
16032026|532413|0000000000007316|0000000000031448|0000000000007316|0000000000031448|100.00
16032026|532416|0000000000000108|0000000000000556|0000000000000108|0000000000000526|100.00
16032026|532419|0000000000000100|0000000000012275|0000000000000100|0000000000012275|100.00
16032026|532424|0000000000070365|0000000073232374|0000000000090680|0000000093861895|077.60
16032026|532425|0000000000004123|0000000000090890|0000000000004123|0000000000090890|100.00
16032026|532430|0000000000005697|0000000002339641|0000000000005697|0000000002339641|100.00
16032026|532432|0000000000016938|0000000022295490|0000000000025801|0000000033930547|065.65
16032026|532435|0000000000040101|0000000000237398|0000000000050319|0000000000297219|079.69
16032026|532439|0000000000017480|0000000015678686|0000000000041271|0000000036614403|042.35
16032026|532440|0000000000001350|0000000002015010|0000000000001994|0000000002959833|067.70
16032026|532443|0000000000000409|0000000001874325|0000000000000743|0000000003352681|055.05
16032026|532444|0000000000003312|0000000000006260|0000000000003312|0000000000006259|100.00
16032026|532454|0000000000327332|0000000585564215|0000000000496789|0000000888070787|065.89
16032026|532455|0000000000002622|0000000000039776|0000000000003381|0000000000051795|077.55
16032026|532456|0000000000020551|0000000000023860|0000000000020551|0000000000023860|100.00
16032026|532457|0000000000002177|0000000000338633|0000000000003272|0000000000507694|066.53
16032026|532460|0000000000000924|0000000000243659|0000000000001019|0000000000267134|090.68
16032026|532461|0000000000398717|0000000044217716|0000000001028199|0000000113470764|038.78
16032026|532466|0000000000001721|0000000011027308|0000000000003608|0000000023125196|047.70
16032026|532467|0000000000223497|0000000005886911|0000000000332059|0000000008741449|067.31
16032026|532468|0000000000001589|0000000003914661|0000000000002448|0000000006073651|064.91
16032026|532475|0000000000017242|0000000001332807|0000000000027851|0000000002138522|061.91
16032026|532477|0000000000242341|0000000042506612|0000000000544483|0000000094820707|044.51
16032026|532478|0000000000004850|0000000007839298|0000000000006567|0000000010536415|073.85
16032026|532481|0000000000005703|0000000000018535|0000000000008214|0000000000027250|069.43
16032026|532482|0000000000006626|0000000003750648|0000000000017855|0000000010062160|037.11
16032026|532483|0000000000507230|0000000068349243|0000000001004112|0000000134157366|050.52
16032026|532485|0000000000161447|0000000011477268|0000000000192057|0000000013624212|084.06
16032026|532486|0000000000001815|0000000001564621|0000000000004630|0000000003910494|039.20
16032026|532488|0000000000003790|0000000023023871|0000000000007355|0000000044365259|051.53
16032026|532493|0000000000014502|0000000013843610|0000000000027835|0000000026795941|052.10
16032026|532497|0000000000003204|0000000009045373|0000000000008167|0000000022990146|039.23
16032026|532500|0000000000011321|0000000144380110|0000000000025175|0000000317264546|044.97
16032026|532503|0000000000003776|0000000002794240|0000000000004019|0000000002979101|093.95
16032026|532504|0000000000043839|0000000270407720|0000000000046079|0000000284334251|095.14
16032026|532505|0000000000601189|0000000015113892|0000000001071297|0000000026661887|056.12
16032026|532507|0000000000022076|0000000000094707|0000000000026275|0000000000118555|084.02
16032026|532508|0000000000018821|0000000013374203|0000000000056127|0000000038976045|033.53
16032026|532509|0000000000004280|0000000001745812|0000000000007304|0000000002936833|058.60
16032026|532513|0000000000000922|0000000000346903|0000000000002285|0000000000825156|040.35
16032026|532514|0000000000032950|0000000005123725|0000000000126891|0000000019545952|025.97
16032026|532515|0000000000003892|0000000000399709|0000000000005785|0000000000601213|067.28
16032026|532521|0000000000000006|0000000000000186|0000000000000006|0000000000000185|100.00
16032026|532522|0000000000049094|0000000013898512|0000000000079687|0000000022584682|061.61
16032026|532523|0000000000049838|0000000018776467|0000000000126854|0000000047588230|039.29
16032026|532524|0000000000015679|0000000002467875|0000000000037678|0000000005916834|041.61
16032026|532525|0000000000725584|0000000045936724|0000000001594367|0000000100486951|045.51
16032026|532527|0000000000014198|0000000007882730|0000000000022355|0000000012287629|063.51
16032026|532528|0000000000003167|0000000002189981|0000000000004803|0000000003313083|065.94
16032026|532529|0000000000011596|0000000000849407|0000000000020787|0000000001527799|055.78
16032026|532531|0000000000003514|0000000003130799|0000000000007749|0000000006956359|045.35
16032026|532532|0000000000975347|0000000002482952|0000000000975347|0000000002482952|100.00
16032026|532538|0000000000015751|0000000174830588|0000000000042420|0000000466268755|037.13
16032026|532539|0000000000065683|0000000066868579|0000000000083354|0000000084436867|078.80
16032026|532540|0000000000061611|0000000148380852|0000000000130847|0000000312905284|047.09
16032026|532541|0000000000040817|0000000044117055|0000000000108380|0000000117500720|037.66
16032026|532543|0000000000008122|0000000000233021|0000000000010566|0000000000307982|076.87
16032026|532548|0000000000001741|0000000001124077|0000000000002904|0000000001898736|059.95
16032026|532553|0000000000001759|0000000000811251|0000000000002553|0000000001162687|068.90
16032026|532555|0000000000176307|0000000067384536|0000000000433349|0000000165075980|040.68
16032026|532604|0000000000006023|0000000000241869|0000000000006023|0000000000241869|100.00
16032026|532605|0000000000013963|0000000006795094|0000000000032090|0000000015545730|043.51
16032026|532610|0000000000033941|0000000001244956|0000000000063292|0000000002315705|053.63
16032026|532612|0000000000001266|0000000000240034|0000000000001589|0000000000303511|079.67
16032026|532613|0000000000014669|0000000000253041|0000000000021891|0000000000380081|067.01
16032026|532614|0000000000005660|0000000000009242|0000000000005660|0000000000009242|100.00
16032026|532616|0000000000011235|0000000000624105|0000000000014480|0000000000805247|077.59
16032026|532621|0000000000000044|0000000000000316|0000000000000044|0000000000000316|100.00
16032026|532624|0000000000001098|0000000001287954|0000000000001413|0000000001646260|077.71
16032026|532626|0000000000003738|0000000003891072|0000000000009991|0000000010347962|037.41
16032026|532627|0000000001867688|0000000025195112|0000000004243789|0000000057686237|044.01
16032026|532628|0000000000467807|0000000006001964|0000000000490498|0000000006271302|095.37
16032026|532630|0000000000008010|0000000004622972|0000000000024196|0000000013799299|033.10
16032026|532633|0000000000000370|0000000000272949|0000000000000483|0000000000359617|076.60
16032026|532636|0000000000015221|0000000007219321|0000000000032706|0000000015328401|046.54
16032026|532637|0000000000001628|0000000000049709|0000000000001628|0000000000049709|100.00
16032026|532638|0000000000001220|0000000000364475|0000000000002037|0000000000607507|059.89
16032026|532640|0000000000000353|0000000000004791|0000000000000358|0000000000004850|098.60
16032026|532641|0000000000373818|0000000000848567|0000000000600855|0000000001399843|062.21
16032026|532642|0000000000008407|0000000136414925|0000000000008742|0000000136974011|096.17
16032026|532644|0000000000000980|0000000004960123|0000000000002103|0000000010439859|046.60
16032026|532645|0000000000000151|0000000000000384|0000000000000151|0000000000000383|100.00
16032026|532648|0000000005736478|0000000106411667|0000000011736029|0000000216516273|048.88
16032026|532649|0000000000064662|0000000000711929|0000000000095281|0000000001062346|067.86
16032026|532650|0000000000018714|0000000000560859|0000000000042441|0000000001276676|044.09
16032026|532651|0000000000011030|0000000000265713|0000000000045857|0000000001191501|024.05
16032026|532652|0000000000077021|0000000016825238|0000000000289178|0000000062928860|026.63
16032026|532654|0000000000038171|0000000001357361|0000000000063179|0000000002325286|060.42
16032026|532656|0000000000177152|0000000000384420|0000000000226103|0000000000499173|078.35
16032026|532660|0000000000016121|0000000000106399|0000000000018119|0000000000122073|088.97
16032026|532661|0000000000001005|0000000000741439|0000000000001586|0000000001182653|063.37
16032026|532662|0000000000008558|0000000000171760|0000000000009072|0000000000181552|094.33
16032026|532663|0000000000006830|0000000006876786|0000000000007776|0000000007847162|087.83
16032026|532666|0000000000374985|0000000000536229|0000000000438014|0000000000634973|085.61
16032026|532667|0000000001392183|0000000057093425|0000000004389216|0000000181198644|031.72
16032026|532668|0000000000006826|0000000005625648|0000000000014931|0000000012401729|045.72
16032026|532670|0000000000144984|0000000003408574|0000000000335841|0000000007889837|043.17
16032026|532673|0000000000012578|0000000000309545|0000000000016724|0000000000413916|075.21
16032026|532674|0000000000015331|0000000000291443|0000000000019919|0000000000381659|076.97
16032026|532676|0000000000012019|0000000000092547|0000000000012477|0000000000094664|096.33
16032026|532683|0000000000000492|0000000001804189|0000000000000879|0000000003220934|055.97
16032026|532684|0000000000011195|0000000001199545|0000000000023375|0000000002440346|047.89
16032026|532686|0000000000003457|0000000003252865|0000000000010378|0000000009829875|033.31
16032026|532687|0000000000000857|0000000000299093|0000000000001027|0000000000359879|083.45
16032026|532689|0000000000011597|0000000011325631|0000000000024076|0000000023317022|048.17
16032026|532694|0000000000418955|0000000003443811|0000000000507965|0000000004298791|082.48
16032026|532695|0000000000004703|0000000000034097|0000000000005377|0000000000039540|087.47
16032026|532696|0000000000031251|0000000000031386|0000000000031251|0000000000031386|100.00
16032026|532698|0000000000002405|0000000000853054|0000000000004692|0000000001655952|051.26
16032026|532699|0000000000001230|0000000000396122|0000000000001703|0000000000541725|072.23
16032026|532700|0000000000000853|0000000000090077|0000000000000861|0000000000090918|099.07
16032026|532701|0000000000002299|0000000000029015|0000000000002299|0000000000029015|100.00
16032026|532702|0000000000193755|0000000052430103|0000000000221756|0000000059383886|087.37
16032026|532705|0000000000023235|0000000001426165|0000000000032755|0000000001996366|070.94
16032026|532707|0000000000003441|0000000000704717|0000000000010425|0000000002140292|033.01
16032026|532708|0000000000152544|0000000000404267|0000000000152544|0000000000404267|100.00
16032026|532710|0000000000056150|0000000000468536|0000000000056150|0000000000468536|100.00
16032026|532712|0000000001456991|0000000001459974|0000000001456991|0000000001459974|100.00
16032026|532713|0000000000191984|0000000000295656|0000000000270604|0000000000416802|070.95
16032026|532714|0000000000033742|0000000018068841|0000000000094676|0000000050662814|035.64
16032026|532716|0000000000002505|0000000000201152|0000000000002586|0000000000202605|096.87
16032026|532717|0000000000002075|0000000002590638|0000000000003286|0000000004149608|063.15
16032026|532719|0000000000021656|0000000001036024|0000000000032436|0000000001572630|066.77
16032026|532720|0000000000035412|0000000011310593|0000000000093216|0000000030020758|037.99
16032026|532721|0000000000000345|0000000000011513|0000000000000352|0000000000012005|098.01
16032026|532722|0000000000022605|0000000001509562|0000000000041936|0000000002800470|053.90
16032026|532723|0000000000000208|0000000000006864|0000000000000208|0000000000007293|100.00
16032026|532725|0000000000003706|0000000052202531|0000000000008239|0000000116565400|044.98
16032026|532726|0000000000004275|0000000002296744|0000000000006111|0000000003288063|069.96
16032026|532728|0000000000000013|0000000000000399|0000000000000026|0000000000000805|050.00
16032026|532729|0000000000002012|0000000000382582|0000000000002859|0000000000533421|070.37
16032026|532730|0000000000000006|0000000000000066|0000000000000006|0000000000000061|100.00
16032026|532732|0000000000001274|0000000000577505|0000000000001709|0000000000776214|074.55
16032026|532733|0000000000009263|0000000005149765|0000000000025449|0000000013996983|036.40
16032026|532734|0000000000017068|0000000004255053|0000000000051731|0000000012901295|032.99
16032026|532735|0000000000032929|0000000008630691|0000000000122745|0000000032389043|026.83
16032026|532737|0000000000014734|0000000003256214|0000000000014860|0000000003157990|099.15
16032026|532738|0000000000038751|0000000000980401|0000000000045247|0000000001157084|085.64
16032026|532740|0000000000003026|0000000000619423|0000000000012737|0000000002507119|023.76
16032026|532741|0000000000015347|0000000000334719|0000000000028541|0000000000618322|053.77
16032026|532742|0000000000000916|0000000000370522|0000000000001165|0000000000467938|078.63
16032026|532744|0000000000008535|0000000000073388|0000000000008535|0000000000073388|100.00
16032026|532745|0000000000013009|0000000000048263|0000000000013009|0000000000048263|100.00
16032026|532748|0000000000167495|0000000043875316|0000000000338630|0000000088741906|049.46
16032026|532749|0000000000430787|0000000003226595|0000000000631694|0000000004745257|068.20
16032026|532754|0000000000169710|0000000015307842|0000000000516271|0000000046599131|032.87
16032026|532755|0000000000015995|0000000021403710|0000000000034637|0000000046089496|046.18
16032026|532756|0000000000008795|0000000003941919|0000000000018824|0000000008239763|046.72
16032026|532757|0000000000000731|0000000006126256|0000000000001690|0000000014114174|043.25
16032026|532759|0000000000002963|0000000000101394|0000000000004022|0000000000136220|073.67
16032026|532761|0000000000001232|0000000000056660|0000000000001578|0000000000076132|078.07
16032026|532762|0000000000009892|0000000008092646|0000000000024769|0000000020348444|039.94
16032026|532764|0000000000000150|0000000000038250|0000000000000155|0000000000039555|096.77
16032026|532767|0000000000258397|0000000003490941|0000000000258397|0000000003490941|100.00
16032026|532768|0000000000002478|0000000004966284|0000000000005298|0000000010434843|046.77
16032026|532771|0000000000018383|0000000000149270|0000000000019710|0000000000162092|093.27
16032026|532772|0000000000011955|0000000002019200|0000000000041777|0000000007106764|028.62
16032026|532773|0000000000000197|0000000000030122|0000000000000211|0000000000032117|093.36
16032026|532774|0000000000001557|0000000000120126|0000000000001557|0000000000120126|100.00
16032026|532775|0000000003749904|0000000003862402|0000000008055771|0000000008380530|046.55
16032026|532776|0000000000007746|0000000000120606|0000000000008720|0000000000138024|088.83
16032026|532777|0000000000017773|0000000016846139|0000000000034073|0000000032135051|052.16
16032026|532779|0000000000005477|0000000007899478|0000000000015970|0000000023139384|034.30
16032026|532780|0000000000048618|0000000000320879|0000000000056236|0000000000371748|086.45
16032026|532782|0000000000001735|0000000000050541|0000000000001864|0000000000055097|093.08
16032026|532783|0000000000011193|0000000004293076|0000000000045876|0000000017458968|024.40
16032026|532784|0000000000004042|0000000005048256|0000000000010789|0000000013446927|037.46
16032026|532785|0000000000026960|0000000002759356|0000000000027352|0000000002795446|098.57
16032026|532790|0000000000013139|0000000005398816|0000000000028309|0000000011606967|046.41
16032026|532794|0000000000329257|0000000002450646|0000000000329257|0000000002450646|100.00
16032026|532795|0000000000010157|0000000000004976|0000000000010157|0000000000004976|100.00
16032026|532796|0000000000009601|0000000013938252|0000000000021492|0000000030970432|044.67
16032026|532797|0000000000004082|0000000000247533|0000000000007206|0000000000433524|056.65
16032026|532798|0000000000156876|0000000004811387|0000000000330987|0000000010128440|047.40
16032026|532799|0000000000047720|0000000009071572|0000000000069904|0000000013463619|068.26
16032026|532801|0000000000002498|0000000000059328|0000000000003718|0000000000088803|067.19
16032026|532804|0000000000000728|0000000001493092|0000000000001224|0000000002464466|059.48
16032026|532805|0000000000070166|0000000016341662|0000000000223195|0000000051836762|031.44
16032026|532806|0000000000005048|0000000000120395|0000000000005088|0000000000121757|099.21
16032026|532807|0000000000000833|0000000000070189|0000000000000953|0000000000077948|087.41
16032026|532808|0000000000000861|0000000001248967|0000000000001614|0000000002346571|053.35
16032026|532809|0000000000049063|0000000010676109|0000000000103975|0000000022499582|047.19
16032026|532810|0000000000051576|0000000020965644|0000000000161451|0000000065175926|031.95
16032026|532811|0000000000001488|0000000001086836|0000000000003062|0000000002254928|048.60
16032026|532812|0000000000040311|0000000000483732|0000000000040314|0000000000498928|099.99
16032026|532814|0000000000339968|0000000298100941|0000000000387853|0000000334165629|087.65
16032026|532815|0000000000008244|0000000003014007|0000000000024600|0000000008997392|033.51
16032026|532817|0000000000034626|0000000000195637|0000000000043761|0000000000244555|079.13
16032026|532820|0000000000000696|0000000000009361|0000000000000696|0000000000009361|100.00
16032026|532822|0000000007398577|0000000069546624|0000000025535658|0000000241124284|028.97
16032026|532825|0000000000005451|0000000000022186|0000000000005451|0000000000022194|100.00
16032026|532826|0000000000000071|0000000000002755|0000000000000071|0000000000002753|100.00
16032026|532827|0000000000001190|0000000035939904|0000000000001695|0000000051043155|070.21
16032026|532828|0000000000000793|0000000000027771|0000000000001020|0000000000036066|077.74
16032026|532829|0000000000020684|0000000004208160|0000000000037291|0000000007557757|055.47
16032026|532830|0000000000003533|0000000005723814|0000000000011265|0000000018205783|031.36
16032026|532832|0000000000187818|0000000009542403|0000000000187818|0000000009542403|100.00
16032026|532834|0000000000011924|0000000001572776|0000000000023696|0000000003148354|050.32
16032026|532835|0000000000000053|0000000000276597|0000000000000058|0000000000303475|091.38
16032026|532839|0000000000708493|0000000001657874|0000000000906052|0000000002203099|078.20
16032026|532841|0000000000000317|0000000000070660|0000000000000369|0000000000082360|085.91
16032026|532842|0000000000000982|0000000000424028|0000000000001102|0000000000482778|089.11
16032026|532843|0000000000013538|0000000010947504|0000000000035071|0000000028679437|038.60
16032026|532845|0000000000007194|0000000000063308|0000000000007921|0000000000070944|090.82
16032026|532847|0000000000056559|0000000000908338|0000000000059510|0000000000985324|095.04
16032026|532848|0000000000096027|0000000005133604|0000000000182844|0000000009720227|052.52
16032026|532850|0000000000060153|0000000001924896|0000000000100083|0000000003239620|060.10
16032026|532851|0000000000001442|0000000000817975|0000000000002562|0000000001440318|056.28
16032026|532853|0000000000002999|0000000000566062|0000000000003271|0000000000602408|091.68
16032026|532855|0000000000005529|0000000000756921|0000000000005549|0000000000745026|099.64
16032026|532856|0000000000037311|0000000005979088|0000000000087826|0000000014065341|042.48
16032026|532859|0000000000002491|0000000000899999|0000000000003331|0000000001207388|074.78
16032026|532864|0000000000004387|0000000000529511|0000000000006779|0000000000811756|064.71
16032026|532867|0000000000001766|0000000003352840|0000000000004114|0000000007812026|042.93
16032026|532868|0000000000067118|0000000035572540|0000000000178391|0000000094992356|037.62
16032026|532869|0000000000004383|0000000000218957|0000000000004383|0000000000218957|100.00
16032026|532870|0000000000035612|0000000000052926|0000000000035612|0000000000052926|100.00
16032026|532872|0000000000034391|0000000003927453|0000000000065296|0000000007424059|052.67
16032026|532873|0000000000004510|0000000000009651|0000000000004510|0000000000009651|100.00
16032026|532875|0000000000015986|0000000001548245|0000000000025655|0000000002492742|062.31
16032026|532878|0000000000001081|0000000000064320|0000000000001268|0000000000075182|085.25
16032026|532879|0000000000000052|0000000000012488|0000000000000052|0000000000012487|100.00
16032026|532880|0000000000003825|0000000000262472|0000000000004410|0000000000305687|086.73
16032026|532884|0000000000365860|0000000070921961|0000000000396470|0000000076831798|092.28
16032026|532885|0000000000395327|0000000013856212|0000000000959818|0000000033615191|041.19
16032026|532886|0000000000001795|0000000000051696|0000000000001795|0000000000052937|100.00
16032026|532887|0000000000513523|0000000007715968|0000000000513523|0000000007715968|100.00
16032026|532888|0000000000034632|0000000002165539|0000000000116712|0000000007140663|029.67
16032026|532889|0000000000006204|0000000005125745|0000000000025539|0000000021071683|024.29
16032026|532890|0000000000074397|0000000003012334|0000000000074397|0000000003012334|100.00
16032026|532891|0000000000006396|0000000001144565|0000000000012038|0000000002145971|053.13
16032026|532892|0000000000059681|0000000040031031|0000000000088561|0000000059417260|067.39
16032026|532893|0000000000014657|0000000001219170|0000000000020570|0000000001724027|071.25
16032026|532894|0000000000023994|0000000000202270|0000000000025955|0000000000217577|092.44
16032026|532895|0000000000000481|0000000000011872|0000000000057313|0000000001406795|000.84
16032026|532896|0000000000011447|0000000000212228|0000000000012370|0000000000236441|092.54
16032026|532898|0000000000119732|0000000035608297|0000000000282649|0000000083975855|042.36
16032026|532899|0000000000001521|0000000001235585|0000000000003430|0000000002749470|044.34
16032026|532900|0000000000498825|0000000017593558|0000000001032254|0000000035417237|048.32
16032026|532902|0000000000058242|0000000000855575|0000000000074506|0000000001099765|078.17
16032026|532904|0000000000000540|0000000000038776|0000000000000540|0000000000038776|100.00
16032026|532906|0000000000009397|0000000001191348|0000000000009397|0000000001191348|100.00
16032026|532907|0000000000302795|0000000006739430|0000000000302795|0000000006739430|100.00
16032026|532911|0000000000351062|0000000001846587|0000000000424240|0000000002147051|082.75
16032026|532915|0000000000020768|0000000004593882|0000000000050345|0000000011037383|041.25
16032026|532916|0000000000000612|0000000000022528|0000000000000662|0000000000024705|092.45
16032026|532918|0000000000013675|0000000000294833|0000000000019422|0000000000421673|070.41
16032026|532921|0000000000056109|0000000077003992|0000000000127514|0000000174335675|044.00
16032026|532922|0000000000055698|0000000005956902|0000000000188022|0000000020279630|029.62
16032026|532923|0000000000101502|0000000010312604|0000000000126187|0000000012510791|080.44
16032026|532924|0000000000004215|0000000001388211|0000000000005721|0000000001884468|073.68
16032026|532925|0000000000000019|0000000000014843|0000000000000022|0000000000017397|086.36
16032026|532926|0000000000023267|0000000004998915|0000000000061865|0000000013568951|037.61
16032026|532927|0000000000006263|0000000009566733|0000000000015555|0000000023657008|040.26
16032026|532928|0000000000087737|0000000023324882|0000000000260110|0000000068561731|033.73
16032026|532929|0000000000011266|0000000007361205|0000000000019679|0000000012732542|057.25
16032026|532930|0000000000011229|0000000003365156|0000000000011229|0000000003365156|100.00
16032026|532932|0000000000005052|0000000000263563|0000000000005858|0000000000307496|086.24
16032026|532933|0000000000006347|0000000000327823|0000000000007919|0000000000382307|080.15
16032026|532934|0000000000000160|0000000000031320|0000000000000185|0000000000036239|086.49
16032026|532935|0000000000004453|0000000001431863|0000000000004543|0000000001445797|098.02
16032026|532937|0000000000008887|0000000000692120|0000000000009335|0000000000732658|095.20
16032026|532939|0000000002356474|0000000052832148|0000000005857090|0000000130192337|040.23
16032026|532940|0000000000001644|0000000000812712|0000000000003042|0000000001498218|054.04
16032026|532941|0000000000001719|0000000000250631|0000000000001942|0000000000282557|088.52
16032026|532942|0000000000087357|0000000010574565|0000000000146591|0000000017760865|059.59
16032026|532944|0000000000003142|0000000000151759|0000000000005727|0000000000274180|054.86
16032026|532945|0000000001753955|0000000008787315|0000000003661114|0000000018318205|047.91
16032026|532946|0000000000000400|0000000000013412|0000000000000424|0000000000014218|094.34
16032026|532947|0000000000228291|0000000009442116|0000000000491513|0000000020179014|046.45
16032026|532951|0000000000002902|0000000000032474|0000000000004082|0000000000047879|071.09
16032026|532952|0000000000000499|0000000000110205|0000000000001536|0000000000334510|032.49
16032026|532953|0000000000009730|0000000003134520|0000000000025094|0000000008014431|038.77
16032026|532955|0000000000251670|0000000083629941|0000000000465350|0000000154337874|054.08
16032026|532957|0000000000001241|0000000000081703|0000000000001241|0000000000081703|100.00
16032026|532966|0000000000055581|0000000034890973|0000000000142844|0000000088659887|038.91
16032026|532967|0000000000005683|0000000002170054|0000000000016113|0000000006115546|035.27
16032026|532974|0000000000004511|0000000000519893|0000000000006056|0000000000693999|074.49
16032026|532975|0000000000020246|0000000000195982|0000000000022591|0000000000215460|089.62
16032026|532976|0000000000069504|0000000004371107|0000000000165367|0000000010175039|042.03
16032026|532977|0000000000006158|0000000055906327|0000000000012766|0000000114308614|048.24
16032026|532978|0000000000015467|0000000027395924|0000000000033153|0000000058005547|046.65
16032026|532980|0000000000002431|0000000000097484|0000000000003286|0000000000133033|073.98
16032026|532983|0000000000000159|0000000000299620|0000000000000203|0000000000386881|078.33
16032026|532985|0000000000008545|0000000000709663|0000000000017487|0000000001432914|048.86
16032026|532986|0000000000006321|0000000000160807|0000000000009455|0000000000240322|066.85
16032026|532989|0000000000000128|0000000000013191|0000000000000145|0000000000014375|088.28
16032026|532992|0000000000005419|0000000000159861|0000000000006069|0000000000179124|089.29
16032026|532993|0000000000000911|0000000000460055|0000000000000916|0000000000464084|099.45
16032026|532994|0000000000005419|0000000000381281|0000000000006653|0000000000471397|081.45
16032026|532998|0000000000000631|0000000000067486|0000000000001299|0000000000137815|048.58
16032026|533001|0000000000002436|0000000000235196|0000000000002453|0000000000240861|099.31
16032026|533007|0000000000106205|0000000000645727|0000000000116483|0000000000704331|091.18
16032026|533012|0000000000007247|0000000000043048|0000000000010531|0000000000061900|068.82
16032026|533014|0000000000011358|0000000000562449|0000000000015084|0000000000737850|075.30
16032026|533022|0000000000005436|0000000000825729|0000000000010620|0000000001605196|051.19
16032026|533023|0000000000040022|0000000546944655|0000000000040473|0000000557256525|098.89
16032026|533029|0000000000000800|0000000000046912|0000000000000800|0000000000048132|100.00
16032026|533033|0000000000001008|0000000000894500|0000000000002984|0000000002611549|033.78
16032026|533047|0000000000002751|0000000003269151|0000000000006125|0000000007254142|044.91
16032026|533048|0000000000316933|0000000000161636|0000000000371204|0000000000189834|085.38
16032026|533056|0000000000036879|0000000000649808|0000000000045289|0000000000808838|081.43
16032026|533080|0000000000002796|0000000001389612|0000000000004079|0000000002031693|068.55
16032026|533088|0000000000006974|0000000001849157|0000000000010155|0000000002685159|068.68
16032026|533090|0000000001048048|0000000001110931|0000000001370117|0000000001445728|076.49
16032026|533093|0000000000002099|0000000000093406|0000000000010501|0000000000460211|019.99
16032026|533095|0000000000000692|0000000004041799|0000000000000947|0000000005508515|073.07
16032026|533096|0000000003388289|0000000522135335|0000000006233697|0000000945013152|054.35
16032026|533098|0000000000791688|0000000059622024|0000000001516442|0000000114145116|052.21
16032026|533100|0000000000001314|0000000000008739|0000000000001953|0000000000013179|067.28
16032026|533101|0000000000018289|0000000002104150|0000000000018458|0000000002124281|099.08
16032026|533104|0000000000002599|0000000002104931|0000000000004241|0000000003437219|061.28
16032026|533106|0000000000080888|0000000037212525|0000000000201912|0000000093136118|040.06
16032026|533107|0000000000003714|0000000008943328|0000000000003714|0000000008943328|100.00
16032026|533108|0000000000001386|0000000000045295|0000000000001598|0000000000053081|086.73
16032026|533110|0000000000000001|0000000000000011|0000000000000001|0000000000000010|100.00
16032026|533121|0000000000001695|0000000001214214|0000000000002562|0000000001847760|066.16
16032026|533122|0000000000860622|0000000006902189|0000000001596427|0000000012757805|053.91
16032026|533137|0000000000014525|0000000000380410|0000000000018725|0000000000489807|077.57
16032026|533138|0000000000006503|0000000003764587|0000000000008210|0000000004742806|079.21
16032026|533146|0000000000006029|0000000002377235|0000000000009472|0000000003694515|063.65
16032026|533148|0000000000034034|0000000017171855|0000000000100078|0000000050454714|034.01
16032026|533149|0000000000003834|0000000000026187|0000000000003998|0000000000026103|095.90
16032026|533150|0000000000011122|0000000017358662|0000000000040489|0000000063322673|027.47
16032026|533151|0000000000001995|0000000000413763|0000000000002634|0000000000532084|075.74
16032026|533152|0000000000048099|0000000001042787|0000000000059014|0000000001268204|081.50
16032026|533155|0000000000021549|0000000010073081|0000000000050814|0000000023332628|042.41
16032026|533156|0000000000072577|0000000002269483|0000000000123538|0000000003920515|058.75
16032026|533158|0000000000003128|0000000010800046|0000000000007974|0000000027449981|039.23
16032026|533160|0000000000601548|0000000059613407|0000000000779710|0000000075400983|077.15
16032026|533161|0000000000001485|0000000000116365|0000000000001694|0000000000131152|087.66
16032026|533162|0000000000294407|0000000002873413|0000000000511476|0000000004968177|057.56
16032026|533164|0000000000002267|0000000000094534|0000000000002677|0000000000112502|084.68
16032026|533166|0000000000103902|0000000000138190|0000000000134693|0000000000173329|077.14
16032026|533167|0000000000007629|0000000000522786|0000000000007629|0000000000522786|100.00
16032026|533168|0000000000005024|0000000000230502|0000000000006478|0000000000291851|077.55
16032026|533169|0000000000030895|0000000002868601|0000000000048298|0000000004491570|063.97
16032026|533170|0000000000001363|0000000000195182|0000000000001899|0000000000265183|071.77
16032026|533172|0000000000000069|0000000000916098|0000000000000101|0000000001343055|068.32
16032026|533177|0000000000010794|0000000000023293|0000000000010794|0000000000023293|100.00
16032026|533179|0000000000015877|0000000073730407|0000000000024159|0000000111477525|065.72
16032026|533181|0000000000001355|0000000000089336|0000000000001418|0000000000095115|095.56
16032026|533192|0000000000004628|0000000000104825|0000000000006314|0000000000143483|073.30
16032026|533193|0000000000007085|0000000000555039|0000000000009668|0000000000751854|073.28
16032026|533202|0000000000090397|0000000000306446|0000000000115477|0000000000399129|078.28
16032026|533203|0000000000003510|0000000000082626|0000000000003690|0000000000086126|095.12
16032026|533206|0000000000229641|0000000015877379|0000000000598175|0000000041793589|038.39
16032026|533208|0000000000003171|0000000000221019|0000000000004077|0000000000287379|077.78
16032026|533210|0000000000000303|0000000000018565|0000000000000324|0000000000019783|093.52
16032026|533212|0000000000003365|0000000000195944|0000000000004527|0000000000246769|074.33
16032026|533217|0000000000000310|0000000000019809|0000000000000320|0000000000019675|096.88
16032026|533218|0000000000003626|0000000000199793|0000000000004116|0000000000230916|088.10
16032026|533227|0000000000000409|0000000000062128|0000000000000421|0000000000063504|097.15
16032026|533229|0000000000014350|0000000004741240|0000000000026699|0000000008681970|053.75
16032026|533230|0000000000255552|0000000033569311|0000000000418595|0000000055294182|061.05
16032026|533239|0000000000016946|0000000000070835|0000000000019953|0000000000082277|084.93
16032026|533244|0000000000649033|0000000085211543|0000000000873852|0000000115355156|074.27
16032026|533248|0000000000064076|0000000009659457|0000000000100848|0000000015234711|063.54
16032026|533252|0000000000000005|0000000000006507|0000000000000007|0000000000009030|071.43
16032026|533257|0000000000007777|0000000002514126|0000000000007777|0000000002514126|100.00
16032026|533259|0000000000000346|0000000000094458|0000000000000362|0000000000100039|095.58
16032026|533260|0000000000004891|0000000000401454|0000000000004966|0000000000415082|098.49
16032026|533262|0000000000025379|0000000012091825|0000000000082023|0000000039470672|030.94
16032026|533263|0000000000255744|0000000002406552|0000000000481870|0000000004574172|053.07
16032026|533267|0000000000003295|0000000000815678|0000000000005866|0000000001443565|056.17
16032026|533269|0000000000024839|0000000030493599|0000000000070229|0000000087635192|035.37
16032026|533271|0000000000021981|0000000002511330|0000000000041671|0000000004745776|052.75
16032026|533272|0000000000077542|0000000020358653|0000000000260191|0000000067715112|029.80
16032026|533273|0000000000063969|0000000090749622|0000000000077778|0000000110336352|082.25
16032026|533274|0000000000006015|0000000007519653|0000000000015642|0000000019229484|038.45
16032026|533275|0000000000110725|0000000000521515|0000000000150830|0000000000721044|073.41
16032026|533278|0000000000120870|0000000055576026|0000000000346134|0000000159925871|034.92
16032026|533282|0000000000008947|0000000012542800|0000000000017793|0000000025050854|050.28
16032026|533284|0000000000018361|0000000001271500|0000000000022453|0000000001535488|081.78
16032026|533285|0000000000045703|0000000001887991|0000000000074607|0000000003124632|061.26
16032026|533286|0000000000038993|0000000009678063|0000000000088818|0000000022323647|043.90
16032026|533287|0000000000025642|0000000000138211|0000000000029058|0000000000157249|088.24
16032026|533289|0000000000000249|0000000000015991|0000000000000250|0000000000016540|099.60
16032026|533292|0000000000004257|0000000000066293|0000000000004257|0000000000066293|100.00
16032026|533293|0000000000020263|0000000029732914|0000000000046169|0000000068300788|043.89
16032026|533294|0000000000000876|0000000000017039|0000000000001198|0000000000022594|073.12
16032026|533295|0000000000142082|0000000003296303|0000000000331348|0000000007619762|042.88
16032026|533296|0000000000009015|0000000000071219|0000000000009218|0000000000073383|097.80
16032026|533298|0000000000001161|0000000000024579|0000000000001212|0000000000025711|095.79
16032026|533301|0000000000000712|0000000000008395|0000000000000742|0000000000008761|095.96
16032026|533302|0000000000000112|0000000000496244|0000000000000138|0000000000603943|081.16
16032026|533303|0000000000000082|0000000000030234|0000000000000125|0000000000045834|065.60
16032026|533306|0000000000000323|0000000000483386|0000000000000415|0000000000618591|077.83
16032026|533315|0000000000022942|0000000001368950|0000000000025302|0000000001517706|090.67
16032026|533316|0000000000000145|0000000000065707|0000000000000160|0000000000071722|090.62
16032026|533317|0000000000004185|0000000000016907|0000000000004185|0000000000016907|100.00
16032026|533326|0000000000065083|0000000005818421|0000000000184478|0000000016419825|035.28
16032026|533329|0000000000003179|0000000000087137|0000000000003798|0000000000104988|083.70
16032026|533333|0000000000092475|0000000001979890|0000000000155789|0000000003352843|059.36
16032026|533336|0000000000000124|0000000000100440|0000000000000217|0000000000176919|057.14
16032026|533339|0000000000045343|0000000064269169|0000000000082014|0000000112198269|055.29
16032026|533343|0000000000003163|0000000000210277|0000000000003786|0000000000258418|083.54
16032026|533344|0000000000032609|0000000000873596|0000000000055277|0000000001497949|058.99
16032026|533385|0000000000074360|0000000016190403|0000000000127021|0000000027791236|058.54
16032026|533398|0000000000025925|0000000087098927|0000000000043813|0000000145939115|059.17
16032026|533400|0000000000212861|0000000000072372|0000000000212861|0000000000072372|100.00
16032026|533407|0000000000040427|0000000006089194|0000000000040427|0000000006089194|100.00
16032026|533408|0000000000010755|0000000001447946|0000000000016806|0000000002281737|064.00
16032026|533427|0000000000129843|0000000002642306|0000000000214100|0000000004433031|060.65
16032026|533451|0000000000000536|0000000000020776|0000000000000548|0000000000021161|097.81
16032026|533452|0000000000021883|0000000000219706|0000000000024583|0000000000250940|089.02
16032026|533470|0000000000065235|0000000000993530|0000000000073974|0000000001126273|088.19
16032026|533477|0000000000000407|0000000000165487|0000000000000447|0000000000182942|091.05
16032026|533482|0000000000040332|0000000000099217|0000000000051243|0000000000129012|078.71
16032026|533499|0000000000017692|0000000000053295|0000000000017692|0000000000053295|100.00
16032026|533506|0000000000045207|0000000000045660|0000000000050897|0000000000051334|088.82
16032026|533519|0000000000045400|0000000011817620|0000000000099343|0000000025713326|045.70
16032026|533520|0000000005629217|0000000056348463|0000000005795562|0000000056144856|097.13
16032026|533540|0000000000001225|0000000000009691|0000000000001225|0000000000009691|100.00
16032026|533543|0000000000012749|0000000000716877|0000000000013497|0000000000761001|094.46
16032026|533552|0000000000005397|0000000000660054|0000000000009000|0000000001108159|059.97
16032026|533553|0000000000008727|0000000006942765|0000000000034306|0000000026766689|025.44
16032026|533570|0000000000047840|0000000006100557|0000000000066144|0000000008495094|072.33
16032026|533573|0000000000001909|0000000001285903|0000000000004193|0000000002834526|045.53
16032026|533576|0000000000001783|0000000000092092|0000000000001785|0000000000092922|099.89
16032026|533581|0000000000123229|0000000062495588|0000000000364800|0000000181276101|033.78
16032026|533602|0000000000093860|0000000000071334|0000000000132952|0000000000101550|070.60
16032026|533605|0000000000019752|0000000000007702|0000000000019752|0000000000007702|100.00
16032026|533608|0000000000006730|0000000001102711|0000000000010643|0000000001727225|063.23
16032026|533629|0000000000004293|0000000000022183|0000000000004293|0000000000022183|100.00
16032026|533632|0000000000007150|0000000000107250|0000000000007504|0000000000114397|095.28
16032026|533638|0000000000002026|0000000000014203|0000000000002028|0000000000013797|099.90
16032026|533644|0000000000000676|0000000000097209|0000000000000985|0000000000143297|068.63
16032026|533655|0000000000012685|0000000005869350|0000000000029952|0000000013610893|042.35
16032026|533676|0000000000019589|0000000005008908|0000000000029644|0000000007489711|066.08
16032026|533704|0000000000017518|0000000000408695|0000000000019844|0000000000462156|088.28
16032026|533719|0000000000015951|0000000002207938|0000000000022691|0000000003150509|070.30
16032026|533758|0000000000012056|0000000022815378|0000000000021996|0000000041815468|054.81
16032026|533761|0000000000015162|0000000001501797|0000000000020690|0000000002060876|073.28
16032026|533896|0000000000000742|0000000000012763|0000000000000742|0000000000012811|100.00
16032026|533941|0000000000001909|0000000000480019|0000000000002108|0000000000523918|090.56
16032026|533982|0000000000002448|0000000000803189|0000000000003637|0000000001188398|067.31
16032026|534060|0000000001082298|0000000002207888|0000000001373039|0000000002874683|078.82
16032026|534063|0000000000000020|0000000000000754|0000000000000020|0000000000000752|100.00
16032026|534064|0000000000067964|0000000000112821|0000000000089990|0000000000148860|075.52
16032026|534076|0000000000004497|0000000001663441|0000000000009285|0000000003433709|048.43
16032026|534091|0000000000047353|0000000120984548|0000000000153974|0000000387780081|030.75
16032026|534139|0000000000009218|0000000007905122|0000000000009218|0000000007905122|100.00
16032026|534190|0000000000000034|0000000000000103|0000000000000034|0000000000000103|100.00
16032026|534309|0000000000146648|0000000012167385|0000000000517729|0000000042460542|028.33
16032026|534312|0000000000000099|0000000000000130|0000000000000099|0000000000000130|100.00
16032026|534328|0000000000000123|0000000000019687|0000000000000130|0000000000021024|094.62
16032026|534338|0000000000003632|0000000000044057|0000000000005131|0000000000060989|070.79
16032026|534369|0000000000005713|0000000000747261|0000000000013065|0000000001696730|043.73
16032026|534392|0000000000004356|0000000001013206|0000000000005922|0000000001349036|073.56
16032026|534422|0000000000000160|0000000000001304|0000000000000160|0000000000001304|100.00
16032026|534425|0000000000001822|0000000000171268|0000000000001904|0000000000180560|095.69
16032026|534532|0000000000002898|0000000000013331|0000000000004147|0000000000019173|069.88
16032026|534535|0000000000001627|0000000000196867|0000000000001627|0000000000196867|100.00
16032026|534597|0000000000111104|0000000002966477|0000000000313529|0000000008257443|035.44
16032026|534598|0000000000009805|0000000000274148|0000000000010332|0000000000294437|094.90
16032026|534600|0000000000030118|0000000001575774|0000000000058019|0000000003016693|051.91
16032026|534612|0000000000005081|0000000000068543|0000000000005655|0000000000075581|089.85
16032026|534615|0000000000011249|0000000000145675|0000000000012803|0000000000168049|087.86
16032026|534618|0000000000015375|0000000012469894|0000000000042220|0000000033995412|036.42
16032026|534623|0000000001747857|0000000085977086|0000000001907072|0000000095250352|091.65
16032026|534639|0000000000000007|0000000000000148|0000000000000008|0000000000000168|087.50
16032026|534674|0000000000153077|0000000000451578|0000000000202738|0000000000596469|075.50
16032026|534675|0000000000055127|0000000002404640|0000000000067651|0000000002904043|081.49
16032026|534680|0000000000000001|0000000000000264|0000000000000001|0000000000000263|100.00
16032026|534691|0000000000006716|0000000000077906|0000000000009331|0000000000109184|071.98
16032026|534708|0000000000006000|0000000000050040|0000000000006000|0000000000050040|100.00
16032026|534732|0000000000005595|0000000000189447|0000000000010730|0000000000364943|052.14
16032026|534733|0000000000233417|0000000004775881|0000000000233417|0000000004775881|100.00
16032026|534741|0000000000636124|0000000000305340|0000000000813459|0000000000393223|078.20
16032026|534742|0000000000001931|0000000000382918|0000000000004054|0000000000806992|047.63
16032026|534748|0000000000295612|0000000002243696|0000000000318361|0000000002420464|092.85
16032026|534755|0000000000045915|0000000000049130|0000000000058714|0000000000064800|078.20
16032026|534758|0000000000000698|0000000000742114|0000000000001277|0000000001362717|054.66
16032026|534796|0000000000000110|0000000000013733|0000000000000110|0000000000013733|100.00
16032026|534804|0000000000000487|0000000000761230|0000000000001239|0000000001928396|039.31
16032026|534809|0000000001576036|0000000013191422|0000000003587443|0000000029873455|043.93
16032026|534816|0000000000028299|0000000012085088|0000000000074726|0000000031754362|037.87
16032026|534920|0000000000000001|0000000000000046|0000000000000001|0000000000000046|100.00
16032026|534976|0000000000001426|0000000000742590|0000000000004368|0000000002243483|032.65
16032026|535136|0000000000001731|0000000001730654|0000000000003623|0000000003625724|047.78
16032026|535204|0000000000004851|0000000000013098|0000000000004851|0000000000013605|100.00
16032026|535205|0000000000012152|0000000000036700|0000000000014925|0000000000045238|081.42
16032026|535267|0000000000189944|0000000001396089|0000000000205248|0000000001509186|092.54
16032026|535276|0000000000017184|0000000014396928|0000000000019664|0000000016316442|087.39
16032026|535322|0000000000001458|0000000000523714|0000000000002151|0000000000775353|067.78
16032026|535387|0000000000000529|0000000000028879|0000000000000529|0000000000028890|100.00
16032026|535431|0000000000086036|0000000000052482|0000000000145537|0000000000089143|059.12
16032026|535458|0000000000000173|0000000000005085|0000000000000246|0000000000007334|070.33
16032026|535514|0000000000000001|0000000000000006|0000000000000001|0000000000000005|100.00
16032026|535566|0000000000000534|0000000000060156|0000000000000891|0000000000106743|059.93
16032026|535601|0000000000000011|0000000000002115|0000000000000012|0000000000002408|091.67
16032026|535602|0000000000001711|0000000001306777|0000000000002672|0000000002043886|064.03
16032026|535620|0000000000000005|0000000000001572|0000000000000005|0000000000001572|100.00
16032026|535621|0000000000000002|0000000000000267|0000000000000002|0000000000000279|100.00
16032026|535648|0000000000005251|0000000002714242|0000000000011348|0000000005859266|046.27
16032026|535657|0000000000003103|0000000000022993|0000000000003103|0000000000022993|100.00
16032026|535667|0000000000000300|0000000000056400|0000000000000300|0000000000055510|100.00
16032026|535693|0000000000021826|0000000003100384|0000000000029206|0000000004163059|074.73
16032026|535719|0000000000029004|0000000000867220|0000000000050268|0000000001505259|057.70
16032026|535730|0000000000404245|0000000000210208|0000000000594746|0000000000310124|067.97
16032026|535754|0000000000021283|0000000002848730|0000000000029914|0000000004001820|071.15
16032026|535755|0000000000124526|0000000007244923|0000000000283791|0000000016548013|043.88
16032026|535789|0000000000258811|0000000035728859|0000000000483938|0000000067286013|053.48
16032026|535910|0000000000069595|0000000000050109|0000000000076712|0000000000055184|090.72
16032026|535916|0000000000035103|0000000001944005|0000000000043479|0000000002338976|080.74
16032026|535958|0000000000467624|0000000000603235|0000000000575309|0000000000736401|081.28
16032026|536073|0000000000086727|0000000000173454|0000000000116620|0000000000231302|074.37
16032026|536264|0000000000014295|0000000000375530|0000000000019479|0000000000516118|073.39
16032026|536493|0000000000000469|0000000000147032|0000000000000469|0000000000148086|100.00
16032026|536507|0000000000018136|0000000000023857|0000000000018136|0000000000023857|100.00
16032026|536565|0000000000001449|0000000000076797|0000000000001598|0000000000083158|090.68
16032026|536659|0000000001621013|0000000007634972|0000000001788419|0000000008461400|090.64
16032026|536672|0000000000007160|0000000000046469|0000000000008369|0000000000052698|085.55
16032026|536709|0000000000008047|0000000000086255|0000000000008047|0000000000086255|100.00
16032026|536773|0000000000002436|0000000002982395|0000000000009338|0000000011463655|026.09
16032026|536960|0000000000039996|0000000002359764|0000000000072933|0000000004286191|054.84
16032026|536965|0000000000001371|0000000000012969|0000000000001371|0000000000012969|100.00
16032026|536974|0000000000031699|0000000002030955|0000000000035579|0000000002280546|089.09
16032026|537007|0000000000047107|0000000012432951|0000000000065920|0000000017227289|071.46
16032026|537008|0000000000004954|0000000000133610|0000000000006062|0000000000161627|081.72
16032026|537069|0000000000027561|0000000000322464|0000000000027914|0000000000325255|098.74
16032026|537253|0000000000002155|0000000000130723|0000000000003915|0000000000246724|055.04
16032026|537259|0000000000001552|0000000001003834|0000000000002320|0000000001519348|066.90
16032026|537291|0000000000000942|0000000000132728|0000000000001264|0000000000176414|074.53
16032026|537292|0000000000000002|0000000000000214|0000000000000002|0000000000000214|100.00
16032026|537326|0000000000048842|0000000003003783|0000000000050724|0000000003102469|096.29
16032026|537483|0000000000003725|0000000000949726|0000000000005192|0000000001313620|071.74
16032026|537536|0000000000013662|0000000000922459|0000000000017520|0000000001190299|077.98
16032026|537582|0000000000020000|0000000000024200|0000000000020000|0000000000024300|100.00
16032026|537669|0000000000001500|0000000000412500|0000000000001500|0000000000412450|100.00
16032026|537707|0000000000383321|0000000000338212|0000000000383321|0000000000338212|100.00
16032026|537708|0000000000014055|0000000003627174|0000000000018487|0000000004726809|076.03
16032026|537709|0000000000039134|0000000000172712|0000000000039134|0000000000172712|100.00
16032026|537750|0000000000002031|0000000000340599|0000000000002193|0000000000366337|092.61
16032026|537766|0000000000048399|0000000000083247|0000000000057707|0000000000100156|083.87
16032026|537785|0000000000000158|0000000000016116|0000000000000172|0000000000017631|091.86
16032026|537800|0000000004686416|0000000003914850|0000000004686416|0000000003914850|100.00
16032026|537820|0000000000010308|0000000000029688|0000000000010552|0000000000029772|097.69
16032026|537839|0000000000002429|0000000000208312|0000000000002500|0000000000211528|097.16
16032026|537840|0000000000000050|0000000000002450|0000000000000050|0000000000002450|100.00
16032026|537985|0000000000002950|0000000000042775|0000000000003462|0000000000050996|085.21
16032026|538057|0000000000072755|0000000007356986|0000000000150307|0000000015218504|048.40
16032026|538081|0000000000000307|0000000000001839|0000000000000307|0000000000001849|100.00
16032026|538092|0000000000000005|0000000000000494|0000000000000007|0000000000000698|071.43
16032026|538119|0000000000000150|0000000000015390|0000000000000150|0000000000015390|100.00
16032026|538212|0000000000191829|0000000000071602|0000000000191829|0000000000071602|100.00
16032026|538268|0000000000002891|0000000001477157|0000000000004406|0000000002240084|065.62
16032026|538351|0000000000052823|0000000000101415|0000000000052823|0000000000101415|100.00
16032026|538365|0000000000000983|0000000000032587|0000000000003983|0000000000133979|024.68
16032026|538382|0000000000000382|0000000000035557|0000000000000382|0000000000035578|100.00
16032026|538395|0000000000000267|0000000000023609|0000000000000268|0000000000025253|099.63
16032026|538401|0000000000003616|0000000000514015|0000000000004618|0000000000653186|078.30
16032026|538422|0000000000153292|0000000000065916|0000000000230444|0000000000100187|066.52
16032026|538446|0000000000000209|0000000000013544|0000000000000209|0000000000013232|100.00
16032026|538451|0000000000122834|0000000000331652|0000000000157208|0000000000426236|078.13
16032026|538464|0000000000010667|0000000000043629|0000000000017261|0000000000068995|061.80
16032026|538476|0000000000089200|0000000001379924|0000000000092719|0000000001432278|096.20
16032026|538520|0000000000009400|0000000000018706|0000000000009400|0000000000018706|100.00
16032026|538521|0000000000000092|0000000000008565|0000000000000097|0000000000009140|094.85
16032026|538537|0000000000000470|0000000000078748|0000000000000470|0000000000078748|100.00
16032026|538539|0000000000674835|0000000009312723|0000000001218207|0000000014329980|055.40
16032026|538540|0000000000009733|0000000000091540|0000000000009733|0000000000091540|100.00
16032026|538546|0000000000006569|0000000000731459|0000000000008843|0000000000976337|074.28
16032026|538556|0000000000000820|0000000000093726|0000000000000820|0000000000093721|100.00
16032026|538562|0000000000014268|0000000004824011|0000000000026417|0000000008979388|054.01
16032026|538563|0000000000000118|0000000000054994|0000000000000118|0000000000054994|100.00
16032026|538564|0000000000000483|0000000000136665|0000000000000597|0000000000170229|080.90
16032026|538565|0000000000002682|0000000000523546|0000000000002682|0000000000523546|100.00
16032026|538567|0000000000001462|0000000001422015|0000000000001928|0000000001879383|075.83
16032026|538568|0000000000000020|0000000000000710|0000000000000022|0000000000000777|090.91
16032026|538569|0000000000013709|0000000000014943|0000000000013988|0000000000014446|098.01
16032026|538596|0000000000000270|0000000000001288|0000000000000270|0000000000001288|100.00
16032026|538597|0000000000052032|0000000000503463|0000000000052032|0000000000503463|100.00
16032026|538598|0000000000051098|0000000000898303|0000000000087884|0000000001530682|058.14
16032026|538607|0000000000962192|0000000000779376|0000000001106730|0000000000913415|086.94
16032026|538609|0000000000001200|0000000000066492|0000000000001357|0000000000076148|088.43
16032026|538610|0000000000658765|0000000000566538|0000000000938101|0000000000835363|070.22
16032026|538611|0000000000000081|0000000000004536|0000000000000081|0000000000004536|100.00
16032026|538634|0000000000001669|0000000000177999|0000000000002988|0000000000328954|055.86
16032026|538635|0000000000015911|0000000000544475|0000000000020080|0000000000685789|079.24
16032026|538646|0000000000000097|0000000000003861|0000000000000122|0000000000004887|079.51
16032026|538647|0000000000000009|0000000000000305|0000000000000009|0000000000000304|100.00
16032026|538666|0000000000004546|0000000004497131|0000000000009958|0000000009805877|045.65
16032026|538668|0000000000020843|0000000010871709|0000000000028348|0000000014786486|073.53
16032026|538674|0000000000000132|0000000000000910|0000000000000132|0000000000000910|100.00
16032026|538683|0000000000018460|0000000015937811|0000000000023034|0000000019694089|080.14
16032026|538685|0000000000000407|0000000000039317|0000000000000407|0000000000039191|100.00
16032026|538706|0000000000165619|0000000001038432|0000000000216925|0000000001372471|076.35
16032026|538707|0000000000000473|0000000000014630|0000000000000482|0000000000015445|098.13
16032026|538708|0000000000004291|0000000000029136|0000000000004463|0000000000029956|096.15
16032026|538713|0000000000003646|0000000000762926|0000000000004465|0000000000920811|081.66
16032026|538714|0000000000001795|0000000000071621|0000000000001863|0000000000074685|096.35
16032026|538715|0000000000001396|0000000000456632|0000000000001999|0000000000654349|069.83
16032026|538716|0000000000001248|0000000000505440|0000000000001248|0000000000505440|100.00
16032026|538730|0000000000004764|0000000001314626|0000000000010344|0000000002799908|046.06
16032026|538732|0000000000008825|0000000000280371|0000000000009677|0000000000307286|091.20
16032026|538734|0000000000014889|0000000013977049|0000000000027254|0000000026360892|054.63
16032026|538742|0000000000001553|0000000000052087|0000000000001553|0000000000052087|100.00
16032026|538743|0000000000001129|0000000000015095|0000000000001129|0000000000015095|100.00
16032026|538770|0000000000000864|0000000000011284|0000000000001267|0000000000016562|068.19
16032026|538772|0000000000073228|0000000002317667|0000000000083037|0000000002619177|088.19
16032026|538778|0000000000024805|0000000000151311|0000000000028854|0000000000184106|085.97
16032026|538786|0000000000000060|0000000000015396|0000000000000060|0000000000015396|100.00
16032026|538787|0000000000007162|0000000000070689|0000000000008293|0000000000082207|086.36
16032026|538788|0000000000000749|0000000000008756|0000000000001071|0000000000012265|069.93
16032026|538795|0000000000000195|0000000000048302|0000000000000372|0000000000092899|052.42
16032026|538812|0000000000000062|0000000000001373|0000000000000062|0000000000001373|100.00
16032026|538817|0000000000190109|0000000001684366|0000000000273612|0000000002446550|069.48
16032026|538833|0000000000000848|0000000000007836|0000000000001125|0000000000010019|075.38
16032026|538834|0000000000051736|0000000000513739|0000000000070967|0000000000713162|072.90
16032026|538835|0000000000008737|0000000005627502|0000000000021630|0000000014069090|040.39
16032026|538836|0000000000002485|0000000001263996|0000000000002744|0000000001371130|090.56
16032026|538837|0000000000034926|0000000002112674|0000000000038462|0000000002293744|090.81
16032026|538838|0000000000000305|0000000000008098|0000000000000319|0000000000008535|095.61
16032026|538860|0000000000016444|0000000000010854|0000000000018894|0000000000012798|087.03
16032026|538862|0000000000000057|0000000000002299|0000000000000057|0000000000002298|100.00
16032026|538868|0000000000032598|0000000000551233|0000000000051573|0000000000828221|063.21
16032026|538874|0000000000003690|0000000000065682|0000000000003690|0000000000065678|100.00
16032026|538875|0000000000281123|0000000001681116|0000000000341126|0000000002042230|082.41
16032026|538881|0000000000000499|0000000000010639|0000000000000499|0000000000010638|100.00
16032026|538882|0000000000099740|0000000004707728|0000000000149794|0000000007038874|066.58
16032026|538890|0000000000073139|0000000003915131|0000000000085036|0000000004460529|086.01
16032026|538891|0000000000029475|0000000000645503|0000000000064217|0000000001402180|045.90
16032026|538894|0000000000000124|0000000000003100|0000000000000124|0000000000002908|100.00
16032026|538895|0000000000002586|0000000000025860|0000000000002587|0000000000025489|099.96
16032026|538896|0000000000003942|0000000001288246|0000000000004088|0000000001337127|096.43
16032026|538897|0000000000000025|0000000000000266|0000000000000025|0000000000000266|100.00
16032026|538902|0000000000001323|0000000000166632|0000000000001344|0000000000169921|098.44
16032026|538918|0000000000016311|0000000000123149|0000000000020270|0000000000148133|080.47
16032026|538920|0000000000028597|0000000003508852|0000000000054269|0000000006644305|052.69
16032026|538922|0000000000005891|0000000000116819|0000000000006090|0000000000120824|096.73
16032026|538923|0000000000027030|0000000000687373|0000000000030007|0000000000753236|090.08
16032026|538926|0000000000008918|0000000001597214|0000000000010581|0000000001922874|084.28
16032026|538928|0000000000225916|0000000000289173|0000000000227495|0000000000295457|099.31
16032026|538935|0000000000000001|0000000000000043|0000000000000001|0000000000000042|100.00
16032026|538942|0000000000000269|0000000000006023|0000000000000406|0000000000008778|066.26
16032026|538943|0000000000000005|0000000000000500|0000000000000005|0000000000000500|100.00
16032026|538952|0000000000001517|0000000000001821|0000000000001717|0000000000001934|088.35
16032026|538961|0000000000013712|0000000000156317|0000000000014615|0000000000165588|093.82
16032026|538962|0000000000004902|0000000002361049|0000000000008980|0000000004292091|054.59
16032026|538964|0000000000000035|0000000000028000|0000000000000038|0000000000030740|092.11
16032026|538965|0000000000006626|0000000000469188|0000000000007048|0000000000485097|094.01
16032026|538970|0000000002002497|0000000012275307|0000000002127096|0000000013066468|094.14
16032026|538975|0000000000293538|0000000000055772|0000000000293538|0000000000055772|100.00
16032026|538979|0000000000503451|0000000112269573|0000000000527285|0000000109770922|095.48
16032026|538987|0000000000000703|0000000000436282|0000000000000855|0000000000522908|082.22
16032026|538992|0000000000000011|0000000000022526|0000000000000011|0000000000022995|100.00
16032026|539006|0000000000000321|0000000005487399|0000000000000920|0000000015427561|034.89
16032026|539011|0000000000000770|0000000000056210|0000000000000885|0000000000065879|087.01
16032026|539012|0000000000000524|0000000000042759|0000000000001135|0000000000093207|046.17
16032026|539013|0000000000015100|0000000001409132|0000000000029022|0000000002969305|052.03
16032026|539014|0000000000002551|0000000000022627|0000000000002551|0000000000022627|100.00
16032026|539015|0000000000005356|0000000000008924|0000000000005356|0000000000008924|100.00
16032026|539016|0000000000001968|0000000000011808|0000000000001978|0000000000012183|099.49
16032026|539017|0000000000125550|0000000000575019|0000000000170480|0000000000782907|073.64
16032026|539018|0000000000027658|0000000009465951|0000000000030511|0000000010605300|090.65
16032026|539031|0000000000000791|0000000000213982|0000000000000796|0000000000214100|099.37
16032026|539032|0000000000004579|0000000000048720|0000000000004579|0000000000048720|100.00
16032026|539040|0000000000022122|0000000000135830|0000000000026809|0000000000164460|082.52
16032026|539041|0000000000022500|0000000000523125|0000000000027500|0000000000650350|081.82
16032026|539042|0000000000039537|0000000012021225|0000000000132172|0000000040169337|029.91
16032026|539044|0000000000001971|0000000000104424|0000000000001999|0000000000105389|098.60
16032026|539045|0000000000015804|0000000000397184|0000000000015804|0000000000397184|100.00
16032026|539046|0000000000016036|0000000001804050|0000000000023316|0000000002579176|068.78
16032026|539056|0000000000145329|0000000005756482|0000000000167474|0000000006626285|086.78
16032026|539083|0000000000354477|0000000027808721|0000000000891989|0000000070178595|039.74
16032026|539090|0000000000001484|0000000000051451|0000000000001681|0000000000057536|088.28
16032026|539091|0000000000398607|0000000000338816|0000000000546071|0000000000460027|073.00
16032026|539096|0000000000002766|0000000000028019|0000000000002766|0000000000028019|100.00
16032026|539097|0000000000787645|0000000001780078|0000000000808856|0000000001800117|097.38
16032026|539111|0000000000003089|0000000000047108|0000000000003992|0000000000061748|077.38
16032026|539112|0000000000000277|0000000000033628|0000000000000277|0000000000030821|100.00
16032026|539113|0000000000000793|0000000000396500|0000000000000876|0000000000441686|090.53
16032026|539115|0000000000002272|0000000000520175|0000000000002885|0000000000654929|078.75
16032026|539117|0000000000075361|0000000003307595|0000000000145170|0000000006317205|051.91
16032026|539118|0000000000007667|0000000001930551|0000000000012495|0000000003135749|061.36
16032026|539120|0000000000000069|0000000000004065|0000000000000073|0000000000004357|094.52
16032026|539121|0000000000003828|0000000000349305|0000000000006071|0000000000558322|063.05
16032026|539122|0000000000034786|0000000000543213|0000000000034786|0000000000543213|100.00
16032026|539123|0000000000003393|0000000000021207|0000000000003980|0000000000023036|085.25
16032026|539124|0000000000000557|0000000000010773|0000000000001056|0000000000020648|052.75
16032026|539126|0000000000051026|0000000000048599|0000000000051026|0000000000048599|100.00
16032026|539132|0000000000250577|0000000002157468|0000000000306390|0000000002639344|081.78
16032026|539141|0000000000002739|0000000000173324|0000000000004121|0000000000259919|066.46
16032026|539143|0000000000031940|0000000000222942|0000000000036631|0000000000253742|087.19
16032026|539148|0000000000002523|0000000000646772|0000000000003368|0000000000867233|074.91
16032026|539149|0000000000001057|0000000000004101|0000000000001057|0000000000004101|100.00
16032026|539150|0000000000012434|0000000002336971|0000000000023179|0000000004374504|053.64
16032026|539151|0000000000050541|0000000003755197|0000000000069528|0000000005281052|072.69
16032026|539167|0000000000000138|0000000000004951|0000000000000167|0000000000005808|082.63
16032026|539174|0000000000000364|0000000000008667|0000000000000365|0000000000008288|099.73
16032026|539175|0000000000703307|0000000002264649|0000000000929747|0000000002871254|075.64
16032026|539176|0000000000000245|0000000000018155|0000000000000245|0000000000018155|100.00
16032026|539177|0000000000027562|0000000012809440|0000000000087066|0000000039528325|031.66
16032026|539189|0000000000001500|0000000000019170|0000000000001542|0000000000020008|097.28
16032026|539195|0000000000020327|0000000003491163|0000000000026893|0000000004630531|075.58
16032026|539196|0000000000014484|0000000001581653|0000000000019765|0000000002183795|073.28
16032026|539199|0000000000007397|0000000002786081|0000000000013492|0000000005064895|054.82
16032026|539200|0000000000012231|0000000000016389|0000000000012231|0000000000016389|100.00
16032026|539201|0000000000007669|0000000000453622|0000000000010068|0000000000594982|076.17
16032026|539206|0000000000000623|0000000000017712|0000000000000623|0000000000018222|100.00
16032026|539216|0000000000502927|0000000000784567|0000000000665542|0000000001043694|075.57
16032026|539217|0000000003827555|0000000000880338|0000000005423741|0000000001266045|070.57
16032026|539219|0000000000035162|0000000000296416|0000000000045816|0000000000389067|076.75
16032026|539220|0000000000048248|0000000001905796|0000000000048248|0000000001943349|100.00
16032026|539221|0000000000004662|0000000000499534|0000000000006192|0000000000668286|075.29
16032026|539222|0000000004212724|0000000004170597|0000000005465973|0000000005386101|077.07
16032026|539224|0000000000000077|0000000000002348|0000000000000077|0000000000002348|100.00
16032026|539226|0000000000025845|0000000000438332|0000000000033663|0000000000573041|076.78
16032026|539227|0000000000001357|0000000000245753|0000000000001666|0000000000305493|081.45
16032026|539228|0000000000073834|0000000000092805|0000000000073834|0000000000092805|100.00
16032026|539246|0000000000000004|0000000000000623|0000000000000004|0000000000000623|100.00
16032026|539251|0000000000000464|0000000000007076|0000000000000590|0000000000008951|078.64
16032026|539252|0000000000034353|0000000000155276|0000000000036572|0000000000164067|093.93
16032026|539254|0000000000009029|0000000008999656|0000000000022404|0000000022194213|040.30
16032026|539255|0000000000006790|0000000002904762|0000000000011359|0000000004999826|059.78
16032026|539267|0000000000008052|0000000000123277|0000000000011649|0000000000184019|069.12
16032026|539268|0000000000042669|0000000017507091|0000000000098389|0000000040934845|043.37
16032026|539275|0000000000001644|0000000000217913|0000000000002385|0000000000311679|068.93
16032026|539276|0000000000003831|0000000001141638|0000000000003862|0000000001177934|099.20
16032026|539277|0000000011235048|0000000001572907|0000000016443081|0000000002251782|068.33
16032026|539278|0000000000015134|0000000000023761|0000000000015134|0000000000023911|100.00
16032026|539287|0000000000000216|0000000000003548|0000000000000216|0000000000003548|100.00
16032026|539288|0000000000002270|0000000000060245|0000000000002270|0000000000060245|100.00
16032026|539289|0000000000001335|0000000000224814|0000000000001641|0000000000276506|081.35
16032026|539290|0000000000006837|0000000000162858|0000000000011711|0000000000274634|058.38
16032026|539291|0000000000022001|0000000000037621|0000000000022001|0000000000037621|100.00
16032026|539300|0000000000007893|0000000001807103|0000000000009621|0000000002199091|082.04
16032026|539301|0000000000002173|0000000001165706|0000000000005889|0000000003163350|036.90
16032026|539302|0000000000004267|0000000008066124|0000000000007729|0000000014724139|055.21
16032026|539309|0000000000325158|0000000001759105|0000000000701561|0000000003800071|046.35
16032026|539310|0000000006327830|0000000001075732|0000000009319271|0000000001583314|067.90
16032026|539312|0000000000000562|0000000000466792|0000000000000918|0000000000755887|061.22
16032026|539313|0000000000005415|0000000001398803|0000000000006286|0000000001607298|086.14
16032026|539314|0000000000017670|0000000000930149|0000000000021833|0000000001151716|080.93
16032026|539331|0000000000001898|0000000000181449|0000000000002497|0000000000239342|076.01
16032026|539332|0000000000016616|0000000001389264|0000000000028393|0000000002372039|058.52
16032026|539334|0000000000002564|0000000000760098|0000000000004249|0000000001246466|060.34
16032026|539335|0000000000002893|0000000000596130|0000000000002893|0000000000596130|100.00
16032026|539336|0000000000021692|0000000007942526|0000000000086437|0000000031469837|025.10
16032026|539337|0000000000030625|0000000004256875|0000000000040775|0000000005654643|075.11
16032026|539346|0000000000018854|0000000000056562|0000000000021823|0000000000065736|086.40
16032026|539353|0000000000000003|0000000000000609|0000000000000003|0000000000000592|100.00
16032026|539354|0000000000002899|0000000000079578|0000000000003200|0000000000087352|090.59
16032026|539359|0000000000016828|0000000000197898|0000000000018667|0000000000218814|090.15
16032026|539378|0000000000000250|0000000000016785|0000000000000250|0000000000016549|100.00
16032026|539383|0000000000000525|0000000000004209|0000000000000525|0000000000004209|100.00
16032026|539384|0000000000000031|0000000000000831|0000000000000031|0000000000000830|100.00
16032026|539391|0000000000000284|0000000000008642|0000000000000284|0000000000008642|100.00
16032026|539398|0000000000003833|0000000000187549|0000000000004928|0000000000241486|077.78
16032026|539399|0000000000004932|0000000001271717|0000000000019635|0000000005204217|025.12
16032026|539400|0000000000000165|0000000000171930|0000000000000167|0000000000173699|098.80
16032026|539402|0000000000001155|0000000000005094|0000000000001155|0000000000005122|100.00
16032026|539404|0000000000002704|0000000000391675|0000000000003131|0000000000456953|086.36
16032026|539405|0000000000001199|0000000000017422|0000000000001210|0000000000018368|099.09
16032026|539406|0000000000002113|0000000000109876|0000000000002113|0000000000106326|100.00
16032026|539407|0000000000022144|0000000000955514|0000000000022393|0000000000966663|098.89
16032026|539408|0000000000001947|0000000000024825|0000000000001947|0000000000024708|100.00
16032026|539409|0000000000000001|0000000000000016|0000000000000002|0000000000000031|050.00
16032026|539428|0000000000001226|0000000000018317|0000000000001938|0000000000028982|063.26
16032026|539435|0000000000000100|0000000000002916|0000000000000100|0000000000002916|100.00
16032026|539436|0000000000079462|0000000001948409|0000000000122842|0000000002989533|064.69
16032026|539437|0000000002323376|0000000146070650|0000000005239505|0000000325523768|044.34
16032026|539448|0000000000013310|0000000056201475|0000000000043762|0000000183825725|030.41
16032026|539449|0000000000022290|0000000000046364|0000000000025928|0000000000053891|085.97
16032026|539450|0000000000009814|0000000001174736|0000000000020325|0000000002418233|048.29
16032026|539455|0000000000011854|0000000000651970|0000000000014468|0000000000785625|081.93
16032026|539468|0000000000000178|0000000000008623|0000000000000186|0000000000009235|095.70
16032026|539469|0000000000048791|0000000001890164|0000000000087349|0000000003140549|055.86
16032026|539470|0000000000314343|0000000000176033|0000000000541670|0000000000307159|058.03
16032026|539479|0000000000014931|0000000000872270|0000000000017669|0000000001026806|084.50
16032026|539480|0000000000000319|0000000000083279|0000000000000327|0000000000085007|097.55
16032026|539487|0000000000000003|0000000000002504|0000000000000005|0000000000004180|060.00
16032026|539492|0000000000003262|0000000000039862|0000000000003301|0000000000039028|098.82
16032026|539494|0000000000006631|0000000000047346|0000000000009797|0000000000069841|067.68
16032026|539506|0000000000278580|0000000000117004|0000000000498033|0000000000206803|055.94
16032026|539515|0000000000005105|0000000000193786|0000000000006185|0000000000232755|082.54
16032026|539516|0000000000010946|0000000002870042|0000000000013559|0000000003508076|080.73
16032026|539517|0000000000025899|0000000002210739|0000000000032816|0000000002766800|078.92
16032026|539518|0000000000000095|0000000000011942|0000000000000148|0000000000018658|064.19
16032026|539519|0000000011224094|0000000008193589|0000000011298319|0000000008244199|099.34
16032026|539522|0000000000001191|0000000000047140|0000000000001271|0000000000049565|093.71
16032026|539523|0000000000001008|0000000005364173|0000000000002041|0000000010825760|049.39
16032026|539524|0000000000005069|0000000006794742|0000000000008065|0000000010809650|062.85
16032026|539526|0000000001209121|0000000000677108|0000000001271375|0000000000710829|095.10
16032026|539527|0000000000000226|0000000000119780|0000000000000239|0000000000131043|094.56
16032026|539528|0000000000035075|0000000001084519|0000000000035075|0000000001084519|100.00
16032026|539533|0000000000387729|0000000020654324|0000000000598152|0000000031550933|064.82
16032026|539542|0000000000002408|0000000002093516|0000000000003078|0000000002645752|078.23
16032026|539544|0000000000000052|0000000000000428|0000000000000052|0000000000000429|100.00
16032026|539545|0000000000000050|0000000000001799|0000000000000093|0000000000003392|053.76
16032026|539546|0000000000004754|0000000001236278|0000000000007260|0000000001893516|065.48
16032026|539551|0000000000029837|0000000048961026|0000000000062263|0000000101974589|047.92
16032026|539552|0000000000007026|0000000000449454|0000000000017973|0000000001216700|039.09
16032026|539559|0000000000537232|0000000001488133|0000000000537232|0000000001488132|100.00
16032026|539561|0000000008194849|0000000003523786|0000000017224637|0000000007485637|047.58
16032026|539562|0000000000009605|0000000000235995|0000000000011679|0000000000291455|082.24
16032026|539574|0000000006653086|0000000001330618|0000000010070272|0000000002069171|066.07
16032026|539593|0000000000001178|0000000000008588|0000000000001385|0000000000009917|085.05
16032026|539594|0000000001190037|0000000004688746|0000000001311192|0000000005141734|090.76
16032026|539596|0000000000011047|0000000000148030|0000000000011077|0000000000138526|099.73
16032026|539598|0000000000018625|0000000000521500|0000000000024978|0000000000702548|074.57
16032026|539599|0000000000000246|0000000000006593|0000000000000246|0000000000006778|100.00
16032026|539607|0000000000615424|0000000011416116|0000000001272658|0000000023681464|048.36
16032026|539620|0000000000004098|0000000000057495|0000000000008306|0000000000119021|049.34
16032026|539621|0000000000050861|0000000000025940|0000000000051400|0000000000026201|098.95
16032026|539636|0000000000009741|0000000001142133|0000000000016857|0000000001973516|057.79
16032026|539658|0000000000000708|0000000000777420|0000000000001321|0000000001429062|053.60
16032026|539659|0000000000022688|0000000001088798|0000000000022717|0000000001078990|099.87
16032026|539660|0000000000062192|0000000000898007|0000000000062192|0000000000898007|100.00
16032026|539661|0000000000000001|0000000000000103|0000000000000001|0000000000000103|100.00
16032026|539662|0000000000004553|0000000000040659|0000000000008060|0000000000071428|056.49
16032026|539669|0000000000019980|0000000000019980|0000000000019980|0000000000019980|100.00
16032026|539673|0000000000628275|0000000002431696|0000000000628275|0000000002431696|100.00
16032026|539678|0000000000018063|0000000002578494|0000000000024545|0000000003500892|073.59
16032026|539679|0000000000367701|0000000000889837|0000000000445821|0000000001071230|082.48
16032026|539682|0000000000000436|0000000000526057|0000000000000436|0000000000526057|100.00
16032026|539686|0000000000012295|0000000003411863|0000000000026897|0000000007357358|045.71
16032026|539692|0000000000005851|0000000000086127|0000000000006112|0000000000091550|095.73
16032026|539697|0000000000009492|0000000000433227|0000000000009492|0000000000433227|100.00
16032026|539724|0000000000005578|0000000000654578|0000000000005578|0000000000654578|100.00
16032026|539725|0000000000007452|0000000001177789|0000000000016976|0000000002686885|043.90
16032026|539730|0000000000002924|0000000004718752|0000000000006687|0000000010877095|043.73
16032026|539742|0000000000006328|0000000000048484|0000000000006328|0000000000048484|100.00
16032026|539760|0000000000002513|0000000000084186|0000000000003743|0000000000126928|067.14
16032026|539761|0000000000533458|0000000000480113|0000000000781173|0000000000723867|068.29
16032026|539762|0000000000005195|0000000000160058|0000000000010085|0000000000321302|051.51
16032026|539767|0000000000000316|0000000000013137|0000000000000316|0000000000013137|100.00
16032026|539770|0000000000018646|0000000000560872|0000000000026994|0000000000838210|069.07
16032026|539773|0000000001068900|0000000001849197|0000000001223482|0000000002115547|087.37
16032026|539784|0000000000005066|0000000001322885|0000000000005067|0000000001322976|099.98
16032026|539785|0000000000002970|0000000000215622|0000000000003723|0000000000269177|079.77
16032026|539787|0000000000003983|0000000002192045|0000000000009342|0000000005146344|042.64
16032026|539798|0000000000030877|0000000000924767|0000000000037082|0000000001119745|083.27
16032026|539799|0000000000007963|0000000001226302|0000000000010247|0000000001555955|077.71
16032026|539800|0000000000007160|0000000000035729|0000000000007260|0000000000036219|098.62
16032026|539807|0000000000427791|0000000005993352|0000000000714452|0000000009992374|059.88
16032026|539814|0000000000007893|0000000001843805|0000000000011861|0000000002711000|066.55
16032026|539834|0000000000001116|0000000000185368|0000000000001208|0000000000200675|092.38
16032026|539835|0000000000010397|0000000000019651|0000000000010397|0000000000019928|100.00
16032026|539837|0000000000001473|0000000000949202|0000000000002002|0000000001287930|073.58
16032026|539841|0000000000350372|0000000003013200|0000000000481096|0000000004190989|072.83
16032026|539843|0000000000000485|0000000000145791|0000000000000725|0000000000212549|066.90
16032026|539854|0000000000000130|0000000000033664|0000000000004935|0000000001257206|002.63
16032026|539861|0000000000095962|0000000000094980|0000000000095962|0000000000094980|100.00
16032026|539871|0000000000002789|0000000001005156|0000000000005548|0000000001972609|050.27
16032026|539872|0000000000013114|0000000003666019|0000000000022018|0000000006153240|059.56
16032026|539875|0000000000001267|0000000000102944|0000000000001267|0000000000102418|100.00
16032026|539876|0000000000042978|0000000010632758|0000000000113694|0000000027707888|037.80
16032026|539883|0000000000000114|0000000000482220|0000000000000133|0000000000559010|085.71
16032026|539884|0000000000015351|0000000000038071|0000000000020652|0000000000050653|074.33
16032026|539889|0000000000026510|0000000005320557|0000000000061725|0000000012363494|042.95
16032026|539894|0000000000203210|0000000001676483|0000000000275930|0000000002261253|073.65
16032026|539895|0000000000028585|0000000000806955|0000000000036628|0000000001049206|078.04
16032026|539900|0000000000000175|0000000000001513|0000000000000175|0000000000001513|100.00
16032026|539911|0000000000000031|0000000000000465|0000000000000031|0000000000000464|100.00
16032026|539917|0000000000063917|0000000000256947|0000000000114450|0000000000468274|055.85
16032026|539921|0000000000146081|0000000023906156|0000000000227787|0000000037742651|064.13
16032026|539922|0000000000000102|0000000000010526|0000000000000102|0000000000010526|100.00
16032026|539938|0000000000003962|0000000000123536|0000000000004940|0000000000159563|080.20
16032026|539939|0000000000000902|0000000000052127|0000000000001010|0000000000057813|089.31
16032026|539945|0000000000108438|0000000001488854|0000000000129676|0000000001776676|083.62
16032026|539946|0000000000012730|0000000000295336|0000000000015826|0000000000366703|080.44
16032026|539947|0000000000000426|0000000000022941|0000000000000426|0000000000022883|100.00
16032026|539956|0000000000000675|0000000001805760|0000000000000879|0000000002367693|076.79
16032026|539957|0000000000010443|0000000010543775|0000000000025682|0000000025822183|040.66
16032026|539963|0000000000247971|0000000003143660|0000000000247971|0000000003143660|100.00
16032026|539978|0000000000013653|0000000002389275|0000000000025594|0000000004508594|053.34
16032026|539979|0000000000006323|0000000000256082|0000000000006323|0000000000259578|100.00
16032026|539980|0000000000013190|0000000000212228|0000000000017428|0000000000278760|075.68
16032026|539982|0000000000010401|0000000000059597|0000000000010401|0000000000059597|100.00
16032026|539984|0000000000007913|0000000003073014|0000000000010391|0000000004090680|076.15
16032026|539985|0000000000003000|0000000000064110|0000000000003000|0000000000064110|100.00
16032026|539986|0000000000007490|0000000001146345|0000000000010788|0000000001651103|069.43
16032026|539991|0000000000044535|0000000001498158|0000000000084978|0000000003241328|052.41
16032026|539992|0000000000085360|0000000003528783|0000000000227378|0000000009318358|037.54
16032026|539997|0000000000014532|0000000023041213|0000000000023706|0000000037636175|061.30
16032026|540005|0000000000002633|0000000011106258|0000000000004642|0000000019478431|056.72
16032026|540006|0000000000035310|0000000000098162|0000000000049159|0000000000139875|071.83
16032026|540008|0000000000000130|0000000000009867|0000000000000167|0000000000012394|077.84
16032026|540023|0000000000001830|0000000000023120|0000000000001830|0000000000023120|100.00
16032026|540025|0000000000005778|0000000001584328|0000000000011096|0000000003039965|052.07
16032026|540026|0000000000000682|0000000000005245|0000000000000991|0000000000007052|068.82
16032026|540047|0000000000006794|0000000002926516|0000000000015720|0000000006796862|043.22
16032026|540048|0000000000000342|0000000000235929|0000000000000480|0000000000331655|071.25
16032026|540061|0000000000020178|0000000001024639|0000000000024959|0000000001242122|080.84
16032026|540062|0000000000000013|0000000000004165|0000000000000020|0000000000006411|065.00
16032026|540063|0000000000001043|0000000000012463|0000000000001043|0000000000012463|100.00
16032026|540065|0000000000065156|0000000019286176|0000000000128371|0000000037733293|050.76
16032026|540066|0000000000000908|0000000000038072|0000000000000908|0000000000038072|100.00
16032026|540073|0000000000087350|0000000021330870|0000000000201245|0000000048721748|043.40
16032026|540078|0000000000010166|0000000000903250|0000000000012513|0000000001116169|081.24
16032026|540079|0000000000800045|0000000001168066|0000000000834241|0000000001210370|095.90
16032026|540080|0000000000128811|0000000000522973|0000000000136313|0000000000551968|094.50
16032026|540081|0000000000000054|0000000000000729|0000000000000054|0000000000000729|100.00
16032026|540083|0000000000000079|0000000000000440|0000000000000079|0000000000000440|100.00
16032026|540097|0000000000021175|0000000000847424|0000000000024609|0000000000980285|086.05
16032026|540108|0000000000001685|0000000000011231|0000000000001685|0000000000011231|100.00
16032026|540115|0000000000019468|0000000064748622|0000000000059912|0000000198006753|032.49
16032026|540124|0000000000002626|0000000001007728|0000000000005667|0000000002162366|046.34
16032026|540125|0000000000005153|0000000000293206|0000000000010662|0000000000603772|048.33
16032026|540132|0000000000001695|0000000000020001|0000000000002872|0000000000033548|059.02
16032026|540133|0000000000005767|0000000003367352|0000000000013986|0000000008163222|041.23
16032026|540134|0000000000003355|0000000000027543|0000000000003355|0000000000027543|100.00
16032026|540135|0000000002269160|0000000001134580|0000000003481263|0000000001756485|065.18
16032026|540136|0000000000036297|0000000009923600|0000000000077438|0000000021521915|046.87
16032026|540143|0000000000001115|0000000000087974|0000000000002215|0000000000174254|050.34
16032026|540144|0000000000022500|0000000000327600|0000000000025000|0000000000371225|090.00
16032026|540145|0000000000002811|0000000000574569|0000000000003866|0000000000784158|072.71
16032026|540146|0000000000002000|0000000000064440|0000000000002000|0000000000064440|100.00
16032026|540147|0000000000248404|0000000000633431|0000000000269003|0000000000691104|092.34
16032026|540153|0000000000002004|0000000004804490|0000000000003872|0000000009271872|051.76
16032026|540154|0000000000000125|0000000000100562|0000000000000125|0000000000100557|100.00
16032026|540159|0000000000001932|0000000000009332|0000000000002426|0000000000011791|079.64
16032026|540168|0000000000063780|0000000001672950|0000000000097274|0000000002480455|065.57
16032026|540173|0000000000012959|0000000009943441|0000000000024298|0000000018559741|053.33
16032026|540174|0000000000000011|0000000000000237|0000000000000011|0000000000000236|100.00
16032026|540175|0000000000012708|0000000000353283|0000000000022241|0000000000619378|057.14
16032026|540180|0000000000179301|0000000073065158|0000000000433795|0000000177426445|041.33
16032026|540181|0000000000001201|0000000000038072|0000000000001403|0000000000044281|085.60
16032026|540189|0000000000000410|0000000000010594|0000000000000410|0000000000010594|100.00
16032026|540190|0000000001346087|0000000000498053|0000000002725006|0000000001009436|049.40
16032026|540192|0000000000022748|0000000000306189|0000000000026745|0000000000360989|085.06
16032026|540198|0000000000000886|0000000000377171|0000000000001388|0000000000588501|063.83
16032026|540199|0000000000000125|0000000000006850|0000000000000125|0000000000006824|100.00
16032026|540203|0000000000003117|0000000001615386|0000000000004372|0000000002226309|071.29
16032026|540204|0000000000005195|0000000000280323|0000000000007259|0000000000389381|071.57
16032026|540205|0000000000004364|0000000001937835|0000000000008898|0000000003934845|049.04
16032026|540210|0000000000000731|0000000000004942|0000000000001098|0000000000007602|066.58
16032026|540212|0000000000005264|0000000002532511|0000000000006207|0000000002914211|084.81
16032026|540222|0000000000063584|0000000061094687|0000000000145320|0000000142112680|043.75
16032026|540243|0000000000062919|0000000000083054|0000000000079297|0000000000104350|079.35
16032026|540252|0000000000895950|0000000008923662|0000000001160900|0000000011609459|077.18
16032026|540254|0000000000000103|0000000000002297|0000000000000278|0000000000006474|037.05
16032026|540259|0000000003561659|0000000000783565|0000000005626198|0000000001266902|063.30
16032026|540266|0000000000009882|0000000000152480|0000000000013330|0000000000205159|074.13
16032026|540267|0000000000000002|0000000000000014|0000000000000002|0000000000000013|100.00
16032026|540268|0000000000017525|0000000000109707|0000000000018209|0000000000113989|096.24
16032026|540293|0000000000010126|0000000005332858|0000000000021604|0000000011258291|046.87
16032026|540310|0000000000000211|0000000000009284|0000000000000211|0000000000009284|100.00
16032026|540311|0000000000001658|0000000000560071|0000000000001658|0000000000560071|100.00
16032026|540358|0000000000017125|0000000006312275|0000000000024875|0000000009232556|068.84
16032026|540359|0000000000000115|0000000000003053|0000000000000128|0000000000003617|089.84
16032026|540360|0000000009403762|0000000017114847|0000000011157521|0000000020773323|084.28
16032026|540361|0000000000017529|0000000000073272|0000000000021680|0000000000089961|080.85
16032026|540366|0000000000025453|0000000000139992|0000000000025858|0000000000137725|098.43
16032026|540376|0000000000002584|0000000009863645|0000000000006201|0000000023447332|041.67
16032026|540377|0000000002471894|0000000000939320|0000000004255143|0000000001642866|058.09
16032026|540386|0000000000154317|0000000000188267|0000000000171034|0000000000210643|090.23
16032026|540393|0000000000001837|0000000000122694|0000000000001860|0000000000120447|098.76
16032026|540395|0000000000011038|0000000000877521|0000000000015074|0000000001220773|073.23
16032026|540396|0000000000009184|0000000002014052|0000000000015997|0000000003389005|057.41
16032026|540401|0000000000027071|0000000000246617|0000000000037979|0000000000341523|071.28
16032026|540403|0000000000009613|0000000000459117|0000000000011189|0000000000534828|085.91
16032026|540404|0000000000021593|0000000004965311|0000000000028226|0000000006443395|076.50
16032026|540405|0000000000000433|0000000000023863|0000000000000586|0000000000032246|073.89
16032026|540425|0000000000003703|0000000000385668|0000000000006487|0000000000675447|057.08
16032026|540455|0000000000026623|0000000002715546|0000000000026831|0000000002821259|099.22
16032026|540481|0000000000000002|0000000000000093|0000000000000002|0000000000000092|100.00
16032026|540492|0000000000873775|0000000009882395|0000000000873775|0000000009882395|100.00
16032026|540497|0000000000003215|0000000000459102|0000000000008154|0000000001181088|039.43
16032026|540515|0000000000000007|0000000000000076|0000000000000007|0000000000000076|100.00
16032026|540519|0000000000023541|0000000000809575|0000000000036683|0000000001247265|064.17
16032026|540526|0000000000040030|0000000002396196|0000000000058464|0000000003495088|068.47
16032026|540530|0000000000212274|0000000036564197|0000000000356576|0000000060943833|059.53
16032026|540544|0000000000001774|0000000001196652|0000000000004202|0000000002807550|042.22
16032026|540545|0000000000033958|0000000001284549|0000000000033958|0000000001284549|100.00
16032026|540565|0000000000011792|0000000001945445|0000000000013635|0000000002249271|086.48
16032026|540570|0000000000345373|0000000001374585|0000000000379150|0000000001499464|091.09
16032026|540575|0000000000004140|0000000000855738|0000000000006254|0000000001277274|066.20
16032026|540590|0000000000001121|0000000000063483|0000000000001426|0000000000080396|078.61
16032026|540595|0000000000878777|0000000392945136|0000000002236034|0000000998756772|039.30
16032026|540596|0000000000001311|0000000001714264|0000000000003363|0000000004417051|038.98
16032026|540597|0000000000003324|0000000000052187|0000000000003324|0000000000052228|100.00
16032026|540602|0000000000003923|0000000000222866|0000000000004743|0000000000273447|082.71
16032026|540611|0000000000545600|0000000482801440|0000000000596067|0000000521614127|091.53
16032026|540612|0000000000037555|0000000000787153|0000000000042821|0000000000887274|087.70
16032026|540613|0000000000007875|0000000002063644|0000000000009375|0000000002444775|084.00
16032026|540614|0000000003302201|0000000001452969|0000000005988516|0000000002599140|055.14
16032026|540615|0000000000129380|0000000000423073|0000000000135694|0000000000454779|095.35
16032026|540642|0000000000236449|0000000001631499|0000000000429569|0000000002985786|055.04
16032026|540647|0000000000000254|0000000000028207|0000000000000276|0000000000030661|092.03
16032026|540648|0000000000000049|0000000000004216|0000000000000049|0000000000004216|100.00
16032026|540649|0000000000004524|0000000001855971|0000000000008263|0000000003305243|054.75
16032026|540650|0000000000000309|0000000000131233|0000000000000355|0000000000151018|087.04
16032026|540654|0000000000004831|0000000000087587|0000000000006485|0000000000115702|074.49
16032026|540669|0000000000004312|0000000000301151|0000000000004896|0000000000338728|088.07
16032026|540673|0000000000001411|0000000000393317|0000000000001730|0000000000480700|081.56
16032026|540678|0000000000083074|0000000110845639|0000000000212838|0000000284606677|039.03
16032026|540680|0000000000007663|0000000002274379|0000000000014844|0000000004400937|051.62
16032026|540686|0000000000005524|0000000000610402|0000000000008850|0000000000979018|062.42
16032026|540691|0000000000026340|0000000008286564|0000000000072907|0000000022698865|036.13
16032026|540692|0000000000006915|0000000002273998|0000000000019399|0000000006324361|035.65
16032026|540693|0000000000223327|0000000003211442|0000000000223327|0000000003211442|100.00
16032026|540694|0000000000001789|0000000000040092|0000000000002100|0000000000047604|085.19
16032026|540696|0000000000012291|0000000000063053|0000000000017690|0000000000092647|069.48
16032026|540699|0000000000019453|0000000199560546|0000000000066090|0000000674338618|029.43
16032026|540700|0000000000005337|0000000000093451|0000000000005521|0000000000097046|096.67
16032026|540701|0000000000028705|0000000004780818|0000000000064523|0000000010477969|044.49
16032026|540702|0000000000017041|0000000000122014|0000000000017113|0000000000123484|099.58
16032026|540703|0000000000004600|0000000000173179|0000000000004600|0000000000173179|100.00
16032026|540704|0000000000000677|0000000000261086|0000000000000827|0000000000307136|081.86
16032026|540710|0000000000268561|0000000048246984|0000000000282840|0000000051596042|094.95
16032026|540716|0000000000013537|0000000025044127|0000000000020602|0000000037702383|065.71
16032026|540717|0000000000015280|0000000000264497|0000000000028066|0000000000498415|054.44
16032026|540718|0000000000046375|0000000051923769|0000000000066000|0000000073674256|070.27
16032026|540719|0000000000008199|0000000015657221|0000000000014616|0000000027734651|056.10
16032026|540724|0000000000000411|0000000000379908|0000000000000446|0000000000413014|092.15
16032026|540725|0000000000026664|0000000003360998|0000000000029241|0000000003679414|091.19
16032026|540726|0000000000002712|0000000000121959|0000000000002712|0000000000121958|100.00
16032026|540727|0000000000008455|0000000000198608|0000000000010690|0000000000253877|079.09
16032026|540728|0000000000003396|0000000000330907|0000000000006183|0000000000601125|054.92
16032026|540729|0000000000004500|0000000000078300|0000000000004500|0000000000075090|100.00
16032026|540730|0000000001865716|0000000002313488|0000000002598326|0000000003165887|071.80
16032026|540735|0000000000003308|0000000000754224|0000000000003857|0000000000880026|085.77
16032026|540737|0000000000003601|0000000001710475|0000000000005205|0000000002476685|069.18
16032026|540738|0000000000054819|0000000000382089|0000000000062731|0000000000437258|087.39
16032026|540743|0000000000003066|0000000001764943|0000000000010367|0000000005943607|029.57
16032026|540749|0000000000002460|0000000000724470|0000000000003961|0000000001176827|062.11
16032026|540750|0000000000277958|0000000033007513|0000000000508284|0000000060307342|054.69
16032026|540755|0000000000010136|0000000003675314|0000000000019401|0000000006954847|052.24
16032026|540757|0000000000000120|0000000000038461|0000000000000120|0000000000038461|100.00
16032026|540762|0000000000004094|0000000009906457|0000000000012015|0000000028853948|034.07
16032026|540767|0000000000005905|0000000004899379|0000000000026700|0000000022119855|022.12
16032026|540768|0000000000004825|0000000001819267|0000000000012732|0000000004721991|037.90
16032026|540769|0000000000018847|0000000002486862|0000000000029346|0000000003869332|064.22
16032026|540774|0000000000002732|0000000000390540|0000000000003744|0000000000544241|072.97
16032026|540775|0000000000002610|0000000000253562|0000000000003360|0000000000329753|077.68
16032026|540776|0000000000001601|0000000000466852|0000000000002406|0000000000704530|066.54
16032026|540777|0000000000235291|0000000147256873|0000000000249149|0000000154474520|094.44
16032026|540782|0000000000001000|0000000000010250|0000000000001000|0000000000010250|100.00
16032026|540786|0000000000062848|0000000000633508|0000000000082240|0000000000845444|076.42
16032026|540787|0000000000033715|0000000003961513|0000000000061984|0000000007255368|054.39
16032026|540788|0000000000000607|0000000000034211|0000000000000607|0000000000034564|100.00
16032026|540789|0000000000013880|0000000000044278|0000000000015190|0000000000047420|091.38
16032026|540795|0000000000008214|0000000002200942|0000000000016095|0000000004291808|051.03
16032026|540796|0000000000000076|0000000000015960|0000000000000076|0000000000015960|100.00
16032026|540797|0000000000001972|0000000000276179|0000000000003401|0000000000477371|057.98
16032026|540809|0000000000219590|0000000008228038|0000000000362710|0000000013384915|060.54
16032026|540821|0000000000049338|0000000000078448|0000000000069690|0000000000113066|070.80
16032026|540824|0000000000000582|0000000000002294|0000000000000686|0000000000002734|084.84
16032026|540829|0000000000229686|0000000001336773|0000000000256168|0000000001552713|089.66
16032026|540874|0000000000013952|0000000000983477|0000000000018280|0000000001239949|076.32
16032026|540879|0000000000112533|0000000021960815|0000000000301880|0000000059800182|037.28
16032026|540900|0000000000108176|0000000048857691|0000000000503163|0000000227539336|021.50
16032026|540901|0000000000038852|0000000000242825|0000000000040601|0000000000251287|095.69
16032026|540902|0000000000004559|0000000029734482|0000000000016611|0000000107682889|027.45
16032026|540904|0000000000000004|0000000000000295|0000000000000004|0000000000000295|100.00
16032026|540914|0000000000369126|0000000000568455|0000000000428797|0000000000636265|086.08
16032026|540923|0000000000000803|0000000000011114|0000000000000921|0000000000013831|087.19
16032026|540935|0000000000001690|0000000002947698|0000000000002884|0000000005255989|058.60
16032026|540936|0000000000015132|0000000000046456|0000000000026208|0000000000077395|057.74
16032026|540937|0000000000004510|0000000000176702|0000000000007607|0000000000293857|059.29
16032026|540938|0000000000005000|0000000000038700|0000000000005000|0000000000038700|100.00
16032026|540952|0000000000003005|0000000000018571|0000000000003225|0000000000020216|093.18
16032026|540953|0000000000039773|0000000000090285|0000000000058321|0000000000133125|068.20
16032026|540954|0000000000004129|0000000000137579|0000000000005529|0000000000183131|074.68
16032026|540955|0000000000003261|0000000000019169|0000000000003261|0000000000019169|100.00
16032026|540956|0000000000044993|0000000000966900|0000000000063566|0000000001373607|070.78
16032026|540975|0000000000028702|0000000018649125|0000000000066505|0000000043186866|043.16
16032026|540980|0000000000000012|0000000000324000|0000000000000014|0000000000375211|085.71
16032026|541005|0000000000000095|0000000000005928|0000000000000115|0000000000007005|082.61
16032026|541006|0000000000008000|0000000000080800|0000000000008000|0000000000080800|100.00
16032026|541019|0000000000004923|0000000002402917|0000000000015009|0000000007226043|032.80
16032026|541083|0000000000011250|0000000003148313|0000000000013500|0000000003639800|083.33
16032026|541096|0000000000000704|0000000000714173|0000000000000758|0000000000783381|092.88
16032026|541097|0000000000005376|0000000005376000|0000000000006058|0000000006057999|088.74
16032026|541143|0000000000035706|0000000045834007|0000000000149523|0000000191589342|023.88
16032026|541144|0000000000031339|0000000003305325|0000000000035032|0000000003627159|089.46
16032026|541152|0000000000023095|0000000000137902|0000000000023095|0000000000137902|100.00
16032026|541153|0000000000537043|0000000087269488|0000000001391444|0000000226717989|038.60
16032026|541154|0000000000032714|0000000128027875|0000000000077631|0000000302816050|042.14
16032026|541161|0000000000450203|0000000000085538|0000000000450203|0000000000085538|100.00
16032026|541163|0000000000001673|0000000000811740|0000000000002850|0000000001373071|058.70
16032026|541167|0000000000000083|0000000000111104|0000000000001504|0000000002010887|005.52
16032026|541195|0000000000013638|0000000004174592|0000000000038795|0000000011867021|035.15
16032026|541228|0000000000027618|0000000002713469|0000000000035982|0000000003568798|076.76
16032026|541233|0000000000089054|0000000009163657|0000000000212486|0000000021586677|041.91
16032026|541269|0000000000000512|0000000000183527|0000000000000556|0000000000199938|092.09
16032026|541276|0000000000305540|0000000005296043|0000000000305540|0000000005296043|100.00
16032026|541301|0000000000003443|0000000000579457|0000000000006322|0000000001061792|054.46
16032026|541302|0000000000008579|0000000000257370|0000000000008693|0000000000260788|098.69
16032026|541303|0000000000120977|0000000000048391|0000000000173645|0000000000068501|069.67
16032026|541304|0000000000001590|0000000000159000|0000000000002027|0000000000199359|078.44
16032026|541313|0000000000125180|0000000004545286|0000000000127556|0000000004592757|098.14
16032026|541336|0000000000003914|0000000000770276|0000000000004831|0000000000941454|081.02
16032026|541337|0000000000009000|0000000000251880|0000000000009000|0000000000251880|100.00
16032026|541338|0000000000004198|0000000000058689|0000000000006044|0000000000085603|069.46
16032026|541347|0000000000002022|0000000000015544|0000000000002022|0000000000015544|100.00
16032026|541352|0000000000011923|0000000002968827|0000000000013522|0000000003195075|088.17
16032026|541353|0000000000018400|0000000002200640|0000000000021600|0000000002562560|085.19
16032026|541358|0000000000054655|0000000004864295|0000000000057186|0000000005090284|095.57
16032026|541400|0000000000000863|0000000000055664|0000000000001111|0000000000071648|077.68
16032026|541402|0000000000003243|0000000000506233|0000000000006146|0000000000961312|052.77
16032026|541403|0000000000002873|0000000000707477|0000000000004599|0000000001116578|062.47
16032026|541418|0000000000001477|0000000000037132|0000000000001907|0000000000046493|077.45
16032026|541444|0000000000003071|0000000000049966|0000000000009200|0000000000146888|033.38
16032026|541445|0000000000009600|0000000000469344|0000000000017600|0000000000828048|054.55
16032026|541450|0000000000037394|0000000032416859|0000000000111257|0000000096126341|033.61
16032026|541503|0000000000000001|0000000000000048|0000000000000001|0000000000000047|100.00
16032026|541540|0000000000007052|0000000003051048|0000000000011640|0000000005057627|060.58
16032026|541546|0000000000029895|0000000000067264|0000000000044428|0000000000099962|067.29
16032026|541556|0000000000046430|0000000008868130|0000000000083527|0000000015961129|055.59
16032026|541557|0000000000001496|0000000006429509|0000000000001814|0000000007762898|082.47
16032026|541578|0000000000003727|0000000001786911|0000000000007002|0000000003307025|053.23
16032026|541601|0000000002581930|0000000001265146|0000000006113894|0000000003074312|042.23
16032026|541627|0000000000003192|0000000000023270|0000000000003192|0000000000024102|100.00
16032026|541634|0000000000001447|0000000000020996|0000000000001540|0000000000022682|093.96
16032026|541702|0000000000111927|0000000000392864|0000000000122293|0000000000434970|091.52
16032026|541703|0000000000001600|0000000000022400|0000000000001600|0000000000022400|100.00
16032026|541729|0000000000035029|0000000082897880|0000000000051878|0000000122540090|067.52
16032026|541735|0000000000092781|0000000000143811|0000000000103992|0000000000161516|089.22
16032026|541741|0000000000065446|0000000004667609|0000000000076230|0000000005470065|085.85
16032026|541770|0000000000003986|0000000004687138|0000000000006534|0000000007588464|061.00
16032026|541771|0000000000031683|0000000000046258|0000000000031923|0000000000046198|099.25
16032026|541778|0000000000003293|0000000000098988|0000000000005274|0000000000158761|062.44
16032026|541799|0000000000005000|0000000000050000|0000000000005000|0000000000050000|100.00
16032026|541809|0000000000063259|0000000004295919|0000000000145313|0000000009814589|043.53
16032026|541865|0000000000031386|0000000000212484|0000000000056887|0000000000386934|055.17
16032026|541890|0000000000894453|0000000000176030|0000000000894453|0000000000176030|100.00
16032026|541929|0000000000000533|0000000000267566|0000000000000620|0000000000309897|085.97
16032026|541946|0000000000112395|0000000112395000|0000000000112415|0000000112415055|099.98
16032026|541956|0000000000141617|0000000017829581|0000000000341364|0000000043075575|041.49
16032026|541967|0000000000011546|0000000003860406|0000000000035471|0000000011774444|032.55
16032026|541972|0000000000000917|0000000000775938|0000000000001020|0000000000860172|089.90
16032026|541973|0000000000001500|0000000000122850|0000000000001500|0000000000122850|100.00
16032026|541974|0000000000001692|0000000002197401|0000000000003979|0000000005060165|042.52
16032026|541983|0000000000151000|0000000002280090|0000000000151000|0000000002280090|100.00
16032026|541988|0000000000008089|0000000009134504|0000000000013638|0000000015443406|059.31
16032026|542011|0000000000041578|0000000095824817|0000000000106577|0000000243396212|039.01
16032026|542012|0000000001483717|0000000024258773|0000000001971947|0000000032949529|075.24
16032026|542013|0000000000000833|0000000000144693|0000000000001202|0000000000209815|069.30
16032026|542019|0000000000013714|0000000000732465|0000000000016219|0000000000879358|084.56
16032026|542020|0000000000522710|0000000002519463|0000000000973580|0000000005047885|053.69
16032026|542025|0000000000048000|0000000000016800|0000000000048000|0000000000016800|100.00
16032026|542034|0000000000002501|0000000000029762|0000000000004080|0000000000049195|061.30
16032026|542046|0000000000292355|0000000002281986|0000000000292355|0000000002281986|100.00
16032026|542057|0000000000005246|0000000000316911|0000000000008170|0000000000492423|064.21
16032026|542066|0000000000558683|0000000291381119|0000000001696757|0000000919230392|032.93
16032026|542123|0000000000000024|0000000000003291|0000000000000024|0000000000003288|100.00
16032026|542131|0000000000097585|0000000024689981|0000000000103040|0000000025808923|094.71
16032026|542141|0000000000007592|0000000008202018|0000000000015425|0000000016597527|049.22
16032026|542145|0000000000012600|0000000000554400|0000000000016200|0000000000710010|077.78
16032026|542155|0000000000006000|0000000000007020|0000000000006000|0000000000007020|100.00
16032026|542176|0000000000000002|0000000000000036|0000000000000002|0000000000000035|100.00
16032026|542206|0000000000057343|0000000000092896|0000000000058456|0000000000095924|098.10
16032026|542216|0000000000001225|0000000002270048|0000000000004243|0000000007824740|028.87
16032026|542230|0000000000010507|0000000000714371|0000000000010880|0000000000731175|096.57
16032026|542231|0000000000065374|0000000000846594|0000000000087150|0000000001130828|075.01
16032026|542232|0000000000005910|0000000000281139|0000000000007127|0000000000335958|082.92
16032026|542233|0000000000000375|0000000000059925|0000000000000539|0000000000086484|069.57
16032026|542248|0000000000139095|0000000001680268|0000000000150440|0000000001833349|092.46
16032026|542285|0000000000062493|0000000000549047|0000000000062493|0000000000549047|100.00
16032026|542323|0000000000056872|0000000021619891|0000000000145902|0000000055580057|038.98
16032026|542333|0000000000000743|0000000000438556|0000000000001136|0000000000667477|065.40
16032026|542337|0000000000005794|0000000000173299|0000000000006102|0000000000183935|094.95
16032026|542351|0000000000002266|0000000001188404|0000000000002269|0000000001202121|099.87
16032026|542367|0000000000003533|0000000000353830|0000000000003886|0000000000389466|090.92
16032026|542383|0000000000002217|0000000000449830|0000000000002775|0000000000562044|079.89
16032026|542399|0000000000002147|0000000001556039|0000000000004077|0000000002944574|052.66
16032026|542437|0000000000005684|0000000000060137|0000000000007003|0000000000074585|081.17
16032026|542446|0000000000053031|0000000000143184|0000000000062673|0000000000168735|084.62
16032026|542459|0000000000014253|0000000000755980|0000000000016465|0000000000876375|086.57
16032026|542460|0000000000001383|0000000002083213|0000000000002560|0000000003853184|054.02
16032026|542484|0000000000001569|0000000000598888|0000000000004528|0000000001720668|034.65
16032026|542513|0000000000000570|0000000000048188|0000000000000649|0000000000054416|087.83
16032026|542543|0000000000525000|0000000042792750|0000000000525000|0000000042850250|100.00
16032026|542579|0000000000379705|0000000001541603|0000000000478676|0000000001953690|079.32
16032026|542580|0000000000002938|0000000000122456|0000000000003726|0000000000150848|078.85
16032026|542592|0000000000018750|0000000000329625|0000000000018750|0000000000329750|100.00
16032026|542597|0000000000005141|0000000002087504|0000000000015547|0000000006283913|033.07
16032026|542602|0000000000012443|0000000005259657|0000000000030874|0000000013218594|040.30
16032026|542627|0000000000010677|0000000000829262|0000000000010677|0000000000829262|100.00
16032026|542628|0000000000008184|0000000000908834|0000000000009018|0000000000996229|090.75
16032026|542649|0000000000319227|0000000085233609|0000000000761047|0000000202393620|041.95
16032026|542650|0000000000001923|0000000003539090|0000000000004056|0000000007465334|047.41
16032026|542651|0000000000113772|0000000071812887|0000000000174421|0000000111474887|065.23
16032026|542652|0000000000011454|0000000081650985|0000000000030338|0000000215731712|037.75
16032026|542654|0000000000000723|0000000000008286|0000000000001122|0000000000012261|064.44
16032026|542655|0000000000613353|0000000000772825|0000000000959200|0000000001210242|063.94
16032026|542665|0000000000001902|0000000002637409|0000000000004980|0000000006903094|038.19
16032026|542666|0000000000003641|0000000000021264|0000000000003691|0000000000021445|098.65
16032026|542668|0000000000025000|0000000001662500|0000000000036000|0000000002421960|069.44
16032026|542669|0000000000201839|0000000006317561|0000000000311513|0000000010118285|064.79
16032026|542670|0000000000002187|0000000000039038|0000000000004158|0000000000074658|052.60
16032026|542679|0000000000000080|0000000000013237|0000000000000080|0000000000013237|100.00
16032026|542682|0000000000000223|0000000000013715|0000000000000223|0000000000013829|100.00
16032026|542684|0000000000008657|0000000001607605|0000000000011514|0000000002138929|075.19
16032026|542685|0000000000252621|0000000005974487|0000000000252621|0000000005945288|100.00
16032026|542721|0000000000003306|0000000000223817|0000000000003306|0000000000223816|100.00
16032026|542724|0000000006449800|0000000001233645|0000000006449800|0000000001233645|100.00
16032026|542725|0000000000585676|0000000018466365|0000000000715608|0000000022684996|081.84
16032026|542726|0000000000163020|0000000344127069|0000000000172686|0000000362621652|094.40
16032026|542727|0000000000002700|0000000007819200|0000000000004700|0000000013172440|057.45
16032026|542728|0000000000006000|0000000000204480|0000000000006000|0000000000204480|100.00
16032026|542729|0000000000017929|0000000002005359|0000000000018181|0000000002028410|098.61
16032026|542730|0000000000028068|0000000001564511|0000000000041933|0000000002307309|066.94
16032026|542747|0000000000016674|0000000001378607|0000000000022456|0000000001846559|074.25
16032026|542752|0000000000006738|0000000008830486|0000000000017223|0000000022634570|039.12
16032026|542758|0000000000029726|0000000000773471|0000000000050411|0000000001303440|058.97
16032026|542759|0000000000005658|0000000001182240|0000000000009173|0000000001940882|061.68
16032026|542760|0000000000065852|0000000011270570|0000000000136507|0000000023120971|048.24
16032026|542770|0000000000007545|0000000000279090|0000000000009652|0000000000358500|078.17
16032026|542772|0000000000003553|0000000003630811|0000000000008238|0000000008427137|043.13
16032026|542773|0000000000008825|0000000002480267|0000000000037082|0000000010352477|023.80
16032026|542774|0000000000053160|0000000005321316|0000000000064577|0000000006578275|082.32
16032026|542801|0000000000041000|0000000005002000|0000000000051000|0000000006176000|080.39
16032026|542802|0000000000077747|0000000000130615|0000000000097722|0000000000168201|079.56
16032026|542803|0000000000001481|0000000000063254|0000000000026583|0000000001104727|005.57
16032026|542812|0000000000000677|0000000002082926|0000000000003101|0000000009365411|021.83
16032026|542830|0000000000103144|0000000054300159|0000000000204894|0000000107302251|050.34
16032026|542850|0000000000104000|0000000000683280|0000000000154000|0000000001012160|067.53
16032026|542851|0000000000001522|0000000000033012|0000000000001522|0000000000033012|100.00
16032026|542852|0000000000181787|0000000000925296|0000000000199442|0000000001011129|091.15
16032026|542857|0000000000002245|0000000000433734|0000000000004904|0000000000951613|045.78
16032026|542862|0000000000013940|0000000000296086|0000000000013948|0000000000285447|099.94
16032026|542863|0000000000003191|0000000000178186|0000000000003781|0000000000207274|084.40
16032026|542865|0000000000028373|0000000000327709|0000000000044515|0000000000505454|063.74
16032026|542866|0000000000000666|0000000000112887|0000000000000666|0000000000112887|100.00
16032026|542867|0000000000199965|0000000071487488|0000000000253418|0000000086908271|078.91
16032026|542904|0000000000157393|0000000007953069|0000000000388886|0000000019562854|040.47
16032026|542905|0000000000008599|0000000001645849|0000000000010988|0000000002077054|078.26
16032026|542906|0000000000000001|0000000000000040|0000000000000001|0000000000000040|100.00
16032026|542907|0000000000006715|0000000001624359|0000000000009914|0000000002392727|067.73
16032026|542909|0000000000000522|0000000000815610|0000000000000615|0000000000960942|084.88
16032026|542910|0000000000006000|0000000000339000|0000000000006000|0000000000339000|100.00
16032026|542911|0000000000000002|0000000000001828|0000000000000002|0000000000001801|100.00
16032026|542918|0000000000003510|0000000000025792|0000000000003510|0000000000025792|100.00
16032026|542919|0000000000001971|0000000000431945|0000000000002443|0000000000539167|080.68
16032026|542920|0000000000007841|0000000003025450|0000000000017885|0000000006853105|043.84
16032026|542921|0000000000050224|0000000001044660|0000000000062456|0000000001296304|080.42
16032026|542922|0000000000003560|0000000002359960|0000000000004352|0000000002871882|081.80
16032026|542933|0000000000000001|0000000000000495|0000000000000001|0000000000000495|100.00
16032026|542934|0000000000005000|0000000000165150|0000000000005000|0000000000165170|100.00
16032026|542938|0000000000001150|0000000000047495|0000000000001150|0000000000047495|100.00
16032026|543064|0000000000022881|0000000006732735|0000000000044618|0000000013085339|051.28
16032026|543066|0000000000032057|0000000022244353|0000000000062396|0000000043333180|051.38
16032026|543071|0000000000000029|0000000000000421|0000000000000032|0000000000000466|090.62
16032026|543079|0000000000000003|0000000000000018|0000000000000006|0000000000000035|050.00
16032026|543087|0000000000000001|0000000000000198|0000000000000001|0000000000000197|100.00
16032026|543092|0000000000000001|0000000000000011|0000000000000001|0000000000000010|100.00
16032026|543110|0000000000000026|0000000000000176|0000000000000026|0000000000000175|100.00
16032026|543144|0000000000000419|0000000000002163|0000000000000429|0000000000002517|097.67
16032026|543150|0000000000016221|0000000000042175|0000000000017223|0000000000044809|094.18
16032026|543153|0000000000000002|0000000000000066|0000000000000004|0000000000000138|050.00
16032026|543165|0000000000000001|0000000000000134|0000000000000001|0000000000000133|100.00
16032026|543167|0000000000000331|0000000000000785|0000000000000359|0000000000000783|092.20
16032026|543171|0000000000055383|0000000000070891|0000000000069365|0000000000091741|079.84
16032026|543172|0000000000000250|0000000000231225|0000000000000250|0000000000231225|100.00
16032026|543173|0000000000000437|0000000000005681|0000000000000439|0000000000006413|099.54
16032026|543174|0000000000024250|0000000000054320|0000000000026208|0000000000059275|092.53
16032026|543175|0000000000001035|0000000000003644|0000000000001070|0000000000003778|096.73
16032026|543176|0000000000000017|0000000000000858|0000000000000023|0000000000001236|073.91
16032026|543177|0000000000003904|0000000000026352|0000000000006061|0000000000042548|064.41
16032026|543178|0000000000000011|0000000000000390|0000000000000016|0000000000000587|068.75
16032026|543181|0000000000000276|0000000000008134|0000000000000278|0000000000009701|099.28
16032026|543182|0000000000001474|0000000000055585|0000000000001474|0000000000055591|100.00
16032026|543184|0000000000000060|0000000000001726|0000000000000060|0000000000001725|100.00
16032026|543186|0000000000000757|0000000000003785|0000000000000798|0000000000003814|094.86
16032026|543187|0000000000001923|0000000046532466|0000000000006543|0000000156631518|029.39
16032026|543193|0000000000004070|0000000000333915|0000000000004070|0000000000333915|100.00
16032026|543207|0000000000106351|0000000000464754|0000000000142606|0000000000617597|074.58
16032026|543208|0000000000266966|0000000000640719|0000000000270566|0000000000646790|098.67
16032026|543209|0000000000003000|0000000000080310|0000000000003000|0000000000080310|100.00
16032026|543210|0000000000005205|0000000001819668|0000000000006427|0000000002221932|080.99
16032026|543211|0000000000013134|0000000000488777|0000000000013134|0000000000488777|100.00
16032026|543212|0000000000005308|0000000001237826|0000000000017341|0000000003962814|030.61
16032026|543213|0000000000002632|0000000001144920|0000000000003615|0000000001578509|072.81
16032026|543214|0000000000001700|0000000001105680|0000000000002407|0000000001550077|070.63
16032026|543216|0000000000000001|0000000000001396|0000000000000001|0000000000001396|100.00
16032026|543217|0000000000001564|0000000000711057|0000000000002860|0000000001302337|054.69
16032026|543218|0000000000005323|0000000000139836|0000000000008393|0000000000218037|063.42
16032026|543219|0000000000045621|0000000001183409|0000000000049810|0000000001278717|091.59
16032026|543220|0000000003436903|0000003333967756|0000000003563189|0000003471084127|096.46
16032026|543221|0000000000038694|0000000001239756|0000000000051567|0000000001635625|075.04
16032026|543223|0000000000012171|0000000001736802|0000000000015584|0000000002228529|078.10
16032026|543224|0000000000001632|0000000000091082|0000000000002165|0000000000119449|075.38
16032026|543225|0000000005425000|0000000844943750|0000000005425000|0000000844943750|100.00
16032026|543226|0000000000001658|0000000000093346|0000000000002390|0000000000132641|069.37
16032026|543227|0000000000052667|0000000019871260|0000000000199642|0000000074511827|026.38
16032026|543228|0000000000008304|0000000003773753|0000000000013790|0000000006254571|060.22
16032026|543230|0000000000004944|0000000007446653|0000000000008622|0000000012978911|057.34
16032026|543232|0000000000116207|0000000074325998|0000000000246729|0000000156222468|047.10
16032026|543233|0000000000003269|0000000000490514|0000000000004323|0000000000648254|075.62
16032026|543234|0000000000000013|0000000000001443|0000000000000013|0000000000001449|100.00
16032026|543235|0000000000613566|0000000133082466|0000000000857651|0000000182007507|071.54
16032026|543236|0000000000000379|0000000000022380|0000000000000429|0000000000025020|088.34
16032026|543237|0000000000087483|0000000203796023|0000000000221834|0000000511212317|039.44
16032026|543238|0000000000009737|0000000009350442|0000000000013290|0000000012612918|073.27
16032026|543240|0000000000002180|0000000000309124|0000000000003296|0000000000462706|066.14
16032026|543241|0000000000000636|0000000000050266|0000000000000636|0000000000050266|100.00
16032026|543242|0000000000012513|0000000001614177|0000000000027361|0000000003527257|045.73
16032026|543243|0000000000064739|0000000003627974|0000000000148079|0000000008206645|043.72
16032026|543244|0000000000012000|0000000000312000|0000000000012000|0000000000311600|100.00
16032026|543245|0000000000002007|0000000003228661|0000000000003348|0000000005354778|059.95
16032026|543246|0000000000000414|0000000000016271|0000000000000428|0000000000016758|096.73
16032026|543248|0000000000202044|0000000012365093|0000000000238400|0000000014548530|084.75
16032026|543249|0000000000023212|0000000002863201|0000000000038954|0000000004912386|059.59
16032026|543250|0000000000000023|0000000000001472|0000000000000042|0000000000002688|054.76
16032026|543251|0000000000001742|0000000000063409|0000000000002350|0000000000086165|074.13
16032026|543252|0000000000000369|0000000000190976|0000000000000618|0000000000319461|059.71
16032026|543253|0000000000017853|0000000003218896|0000000000039047|0000000006997466|045.72
16032026|543254|0000000000004753|0000000002136236|0000000000008744|0000000003928162|054.36
16032026|543255|0000000000001011|0000000000910962|0000000000001916|0000000001728287|052.77
16032026|543256|0000000000028115|0000000000388269|0000000000050461|0000000000673676|055.72
16032026|543257|0000000000628583|0000000060626831|0000000001178250|0000000112653826|053.35
16032026|543258|0000000000007728|0000000005853960|0000000000012925|0000000009933630|059.79
16032026|543259|0000000000004423|0000000004372578|0000000000009756|0000000009679368|045.34
16032026|543260|0000000000009366|0000000004567330|0000000000017581|0000000008555379|053.27
16032026|543261|0000000000006151|0000000002067844|0000000000007768|0000000002619309|079.18
16032026|543262|0000000000014000|0000000001273720|0000000000015000|0000000001349930|093.33
16032026|543263|0000000000009291|0000000000595275|0000000000019814|0000000001259657|046.89
16032026|543264|0000000000001407|0000000000344082|0000000000001781|0000000000437070|079.00
16032026|543265|0000000000033514|0000000009045429|0000000000092245|0000000024910740|036.33
16032026|543266|0000000000002991|0000000000514602|0000000000004902|0000000000831066|061.02
16032026|543267|0000000000137026|0000000000511107|0000000000224065|0000000000834540|061.15
16032026|543268|0000000000010874|0000000000137557|0000000000014439|0000000000180646|075.31
16032026|543270|0000000000007162|0000000024664496|0000000000021571|0000000073364820|033.20
16032026|543271|0000000000017895|0000000009835987|0000000000030499|0000000016715162|058.67
16032026|543272|0000000001198826|0000000008247923|0000000001762508|0000000012107309|068.02
16032026|543273|0000000000003204|0000000004916218|0000000000007386|0000000011127888|043.38
16032026|543274|0000000000070650|0000000000074574|0000000000070650|0000000000074574|100.00
16032026|543275|0000000000001685|0000000002082913|0000000000003607|0000000004413216|046.71
16032026|543276|0000000000001896|0000000012885406|0000000000005189|0000000034930659|036.54
16032026|543277|0000000000028828|0000000003358462|0000000000047547|0000000005553652|060.63
16032026|543278|0000000000080453|0000000030700865|0000000000209581|0000000079530083|038.39
16032026|543279|0000000000002899|0000000000365274|0000000000008943|0000000001141658|032.42
16032026|543280|0000000000024099|0000000005575304|0000000000070544|0000000016011830|034.16
16032026|543281|0000000000006545|0000000000017607|0000000000009718|0000000000026202|067.35
16032026|543283|0000000000002687|0000000000545865|0000000000004297|0000000000895458|062.53
16032026|543284|0000000000025101|0000000001991765|0000000000040368|0000000003241944|062.18
16032026|543285|0000000000007200|0000000000152448|0000000000007200|0000000000152448|100.00
16032026|543287|0000000000028075|0000000023835675|0000000000071818|0000000060766969|039.09
16032026|543288|0000000000013023|0000000004533307|0000000000031956|0000000011108695|040.75
16032026|543290|0000000000089136|0000000008034720|0000000000110813|0000000010019800|080.44
16032026|543291|0000000000023187|0000000003739832|0000000000024114|0000000003889491|096.16
16032026|543292|0000000000004516|0000000000672614|0000000000006380|0000000000945042|070.78
16032026|543298|0000000000008533|0000000000255820|0000000000009620|0000000000288471|088.70
16032026|543299|0000000000001473|0000000001120733|0000000000003748|0000000002832856|039.30
16032026|543300|0000000000024004|0000000011733156|0000000000054704|0000000026489244|043.88
16032026|543306|0000000000000564|0000000000570204|0000000000001174|0000000001166088|048.04
16032026|543308|0000000000019474|0000000012575336|0000000000031562|0000000020099422|061.70
16032026|543311|0000000000008471|0000000001189752|0000000000015972|0000000002220181|053.04
16032026|543317|0000000000001469|0000000001348028|0000000000001679|0000000001531348|087.49
16032026|543318|0000000000010392|0000000007281155|0000000000027158|0000000018717922|038.26
16032026|543320|0000000001290845|0000000286632133|0000000002511069|0000000544249001|051.41
16032026|543321|0000000000002532|0000000002916611|0000000000003346|0000000003805506|075.67
16032026|543322|0000000000002819|0000000002609549|0000000000006026|0000000005570569|046.78
16032026|543323|0000000000003327|0000000000087700|0000000000010024|0000000000261882|033.19
16032026|543324|0000000000000005|0000000000001908|0000000000000005|0000000000001908|100.00
16032026|543325|0000000000016132|0000000001880992|0000000000032670|0000000003778971|049.38
16032026|543326|0000000000023279|0000000001203758|0000000000041469|0000000002136386|056.14
16032026|543327|0000000000019091|0000000000126192|0000000000020686|0000000000137134|092.29
16032026|543328|0000000000000756|0000000000452580|0000000000001543|0000000000916680|049.00
16032026|543329|0000000000005263|0000000003728836|0000000000006355|0000000004525052|082.82
16032026|543330|0000000000070101|0000000007556888|0000000000185857|0000000019847152|037.72
16032026|543331|0000000000058408|0000000002444959|0000000000118848|0000000004997286|049.15
16032026|543332|0000000000001266|0000000001090470|0000000000002498|0000000002137499|050.68
16032026|543333|0000000000007136|0000000011815076|0000000000017381|0000000028506354|041.06
16032026|543334|0000000000003264|0000000000939543|0000000000005812|0000000001659279|056.16
16032026|543335|0000000000123627|0000000027488464|0000000000227256|0000000050090188|054.40
16032026|543336|0000000000010115|0000000002669855|0000000000016292|0000000004307287|062.09
16032026|543341|0000000000002270|0000000000025878|0000000000002379|0000000000025775|095.42
16032026|543347|0000000000000047|0000000000015000|0000000000000069|0000000000021847|068.12
16032026|543348|0000000000000143|0000000000021197|0000000000000150|0000000000021882|095.33
16032026|543349|0000000000007005|0000000015152866|0000000000013933|0000000029376948|050.28
16032026|543350|0000000000001558|0000000001459535|0000000000005053|0000000004658906|030.83
16032026|543351|0000000000001200|0000000000112800|0000000000002400|0000000000212544|050.00
16032026|543357|0000000000000206|0000000000022821|0000000000000206|0000000000022784|100.00
16032026|543358|0000000000007122|0000000014432733|0000000000020312|0000000040815429|035.06
16032026|543363|0000000000013600|0000000005483520|0000000000018800|0000000007584190|072.34
16032026|543364|0000000000018782|0000000002873646|0000000000048240|0000000007349024|038.93
16032026|543365|0000000000034692|0000000002326099|0000000000040072|0000000002723263|086.57
16032026|543366|0000000000006000|0000000000252000|0000000000006000|0000000000234120|100.00
16032026|543367|0000000000028111|0000000017836430|0000000000106601|0000000067605927|026.37
16032026|543372|0000000000005000|0000000000025500|0000000000005000|0000000000025500|100.00
16032026|543373|0000000000006000|0000000001635000|0000000000006500|0000000001771150|092.31
16032026|543374|0000000000030725|0000000029336230|0000000000084728|0000000081294710|036.26
16032026|543375|0000000000002500|0000000000043150|0000000000002500|0000000000043150|100.00
16032026|543376|0000000000000033|0000000000002451|0000000000000033|0000000000002442|100.00
16032026|543378|0000000000007000|0000000001939700|0000000000007500|0000000002086675|093.33
16032026|543383|0000000000000931|0000000000103137|0000000000001686|0000000000183852|055.22
16032026|543384|0000000000517668|0000000122764967|0000000000587269|0000000140181001|088.15
16032026|543386|0000000000086575|0000000012124829|0000000000217781|0000000032377694|039.75
16032026|543387|0000000000001959|0000000003094045|0000000000004574|0000000007103625|042.83
16032026|543388|0000000000000658|0000000000207718|0000000000001584|0000000000498225|041.54
16032026|543389|0000000000115192|0000000002143724|0000000000174639|0000000003243112|065.96
16032026|543390|0000000000016947|0000000025012078|0000000000031652|0000000045988291|053.54
16032026|543391|0000000000003750|0000000000356813|0000000000003750|0000000000362662|100.00
16032026|543396|0000000000058965|0000000059805252|0000000000145845|0000000144666573|040.43
16032026|543397|0000000000008902|0000000001450581|0000000000028256|0000000004553072|031.50
16032026|543398|0000000000120562|0000000033889979|0000000000167293|0000000046567820|072.07
16032026|543399|0000000000006129|0000000001155623|0000000000008512|0000000001600009|072.00
16032026|543400|0000000000002000|0000000000008320|0000000000002000|0000000000008320|100.00
16032026|543401|0000000000057809|0000000014437798|0000000000088287|0000000021618207|065.48
16032026|543411|0000000000040522|0000000003073594|0000000000071915|0000000005486140|056.35
16032026|543412|0000000000009073|0000000004146361|0000000000023168|0000000010595307|039.16
16032026|543413|0000000000000602|0000000001035591|0000000000001688|0000000002934608|035.66
16032026|543414|0000000000064017|0000000001463429|0000000000090082|0000000002077955|071.07
16032026|543415|0000000000001117|0000000003431034|0000000000002616|0000000007976586|042.70
16032026|543416|0000000000006297|0000000001455237|0000000000006947|0000000001608575|090.64
16032026|543417|0000000000006585|0000000003199981|0000000000015036|0000000007291290|043.79
16032026|543418|0000000000000002|0000000000002636|0000000000000002|0000000000002636|100.00
16032026|543419|0000000000423778|0000000029151689|0000000000445325|0000000030389533|095.16
16032026|543420|0000000000001390|0000000000025020|0000000000001396|0000000000025090|099.57
16032026|543425|0000000000004760|0000000004224024|0000000000009720|0000000008736078|048.97
16032026|543426|0000000000002015|0000000001839897|0000000000003622|0000000003295441|055.63
16032026|543427|0000000000001288|0000000001055774|0000000000002189|0000000001798313|058.84
16032026|543428|0000000000036878|0000000114124503|0000000000077187|0000000241117030|047.78
16032026|543433|0000000000006067|0000000000188138|0000000000006758|0000000000209913|089.78
16032026|543434|0000000000003681|0000000002110686|0000000000007237|0000000004165026|050.86
16032026|543437|0000000000033559|0000000003167299|0000000000038229|0000000003587946|087.78
16032026|543438|0000000000000434|0000000000096105|0000000000000435|0000000000095340|099.77
16032026|543440|0000000000001660|0000000000407647|0000000000003094|0000000000750896|053.65
16032026|543441|0000000000008499|0000000002466835|0000000000020426|0000000005925484|041.61
16032026|543442|0000000000000296|0000000000068228|0000000000000296|0000000000066040|100.00
16032026|543449|0000000000000430|0000000000058459|0000000000000442|0000000000060091|097.28
16032026|543450|0000000000041873|0000000001059387|0000000000094063|0000000002351535|044.52
16032026|543451|0000000000054545|0000000000163908|0000000000054545|0000000000163908|100.00
16032026|543452|0000000000266072|0000000064759265|0000000000415657|0000000102582083|064.01
16032026|543453|0000000000003375|0000000000205032|0000000000005625|0000000000326306|060.00
16032026|543454|0000000000000900|0000000000133227|0000000000002360|0000000000348299|038.14
16032026|543458|0000000000077266|0000000013320659|0000000000194858|0000000033857637|039.65
16032026|543460|0000000000013000|0000000000721630|0000000000013000|0000000000721505|100.00
16032026|543462|0000000000002443|0000000000062224|0000000000003026|0000000000076461|080.73
16032026|543463|0000000000280589|0000000094684759|0000000000297485|0000000098788437|094.32
16032026|543464|0000000000042000|0000000002969400|0000000000042000|0000000002969400|100.00
16032026|543465|0000000000017355|0000000001003814|0000000000018958|0000000001083003|091.54
16032026|543471|0000000000065465|0000000015952512|0000000000131158|0000000032266524|049.91
16032026|543472|0000000000058394|0000000001841747|0000000000064156|0000000001988812|091.02
16032026|543473|0000000000018645|0000000000278743|0000000000021969|0000000000326769|084.87
16032026|543474|0000000000036549|0000000000998519|0000000000051972|0000000001406680|070.32
16032026|543480|0000000000000250|0000000000016228|0000000000000452|0000000000029199|055.31
16032026|543481|0000000000181163|0000000003717465|0000000000438182|0000000008983405|041.34
16032026|543482|0000000000001741|0000000000761253|0000000000004560|0000000001997704|038.18
16032026|543489|0000000000043561|0000000002272142|0000000000102082|0000000005368967|042.67
16032026|543490|0000000000029183|0000000003033573|0000000000080013|0000000008172512|036.47
16032026|543497|0000000000000800|0000000000137200|0000000000000800|0000000000137200|100.00
16032026|543498|0000000000596662|0000000023371251|0000000001148195|0000000044268047|051.97
16032026|543499|0000000000025730|0000000000146661|0000000000037412|0000000000213357|068.77
16032026|543500|0000000000020000|0000000000054200|0000000000020000|0000000000054200|100.00
16032026|543501|0000000000000190|0000000000006778|0000000000000207|0000000000007335|091.79
16032026|543512|0000000000029694|0000000004114104|0000000000045371|0000000006245358|065.45
16032026|543513|0000000000006143|0000000000137174|0000000000009955|0000000000242683|061.71
16032026|543514|0000000000002992|0000000000418731|0000000000006621|0000000000935535|045.19
16032026|543515|0000000000000375|0000000000021833|0000000000000375|0000000000021832|100.00
16032026|543516|0000000000131600|0000000001017268|0000000000210000|0000000001622432|062.67
16032026|543517|0000000000005229|0000000001597199|0000000000010767|0000000003301705|048.56
16032026|543520|0000000000006000|0000000000087950|0000000000006000|0000000000087950|100.00
16032026|543522|0000000000006750|0000000000687150|0000000000006750|0000000000684825|100.00
16032026|543523|0000000000005104|0000000001187446|0000000000009440|0000000002180002|054.07
16032026|543524|0000000000005263|0000000005851667|0000000000009058|0000000010141251|058.10
16032026|543525|0000000000025017|0000000002653053|0000000000037964|0000000004038253|065.90
16032026|543526|0000000000043004|0000000033411958|0000000000088604|0000000068234344|048.54
16032026|543527|0000000000000375|0000000000825863|0000000000000712|0000000001571405|052.67
16032026|543528|0000000000003323|0000000003125947|0000000000006687|0000000006371929|049.69
16032026|543529|0000000000026172|0000000010528996|0000000000053166|0000000021263163|049.23
16032026|543530|0000000000131253|0000000014359079|0000000000411302|0000000044752669|031.91
16032026|543531|0000000000018694|0000000000675041|0000000000020539|0000000000745160|091.02
16032026|543532|0000000000001161|0000000002347078|0000000000002628|0000000005203505|044.18
16032026|543533|0000000000008194|0000000003376338|0000000000012101|0000000004966953|067.71
16032026|543534|0000000000093820|0000000096170191|0000000000100168|0000000100668740|093.66
16032026|543535|0000000000000316|0000000000012498|0000000000001046|0000000000042465|030.21
16032026|543539|0000000000000133|0000000000038570|0000000000000151|0000000000044410|088.08
16032026|543540|0000000000027600|0000000003392040|0000000000057000|0000000006994590|048.42
16032026|543542|0000000000001600|0000000001854400|0000000000006800|0000000007937980|023.53
16032026|543543|0000000000004000|0000000003384400|0000000000004000|0000000003384400|100.00
16032026|543544|0000000000013500|0000000000743445|0000000000015000|0000000000838770|090.00
16032026|543546|0000000000120000|0000000000712800|0000000000120000|0000000000732520|100.00
16032026|543547|0000000000008625|0000000001991513|0000000000012545|0000000002972779|068.75
16032026|543563|0000000000006336|0000000000272892|0000000000007738|0000000000331820|081.88
16032026|543568|0000000000044330|0000000001286900|0000000000079023|0000000002287236|056.10
16032026|543569|0000000000003347|0000000000083475|0000000000003655|0000000000090507|091.57
16032026|543570|0000000000004270|0000000000281351|0000000000005385|0000000000352331|079.29
16032026|543571|0000000000004273|0000000000384870|0000000000006000|0000000000538064|071.22
16032026|543572|0000000000024811|0000000005817684|0000000000034405|0000000008184313|072.11
16032026|543573|0000000000019479|0000000014165129|0000000000063661|0000000046002527|030.60
16032026|543574|0000000000007380|0000000000146272|0000000000007823|0000000000153944|094.34
16032026|543575|0000000000002872|0000000000083001|0000000000003780|0000000000108991|075.98
16032026|543576|0000000000007385|0000000000829262|0000000000011919|0000000001336626|061.96
16032026|543577|0000000000000001|0000000000000187|0000000000000001|0000000000000186|100.00
16032026|543579|0000000000036000|0000000000102600|0000000000036000|0000000000102600|100.00
16032026|543590|0000000000023387|0000000000584675|0000000000034720|0000000000860794|067.36
16032026|543591|0000000000043074|0000000003061700|0000000000053345|0000000003744956|080.75
16032026|543592|0000000000134703|0000000031385799|0000000000290843|0000000068458315|046.31
16032026|543593|0000000000001973|0000000000192269|0000000000003457|0000000000337959|057.07
16032026|543594|0000000000078000|0000000000741000|0000000000078000|0000000000676380|100.00
16032026|543595|0000000000001000|0000000000099000|0000000000001000|0000000000099000|100.00
16032026|543596|0000000000005002|0000000003015956|0000000000013288|0000000007985473|037.64
16032026|543597|0000000000049250|0000000016269738|0000000000075250|0000000024844700|065.45
16032026|543599|0000000000002690|0000000000730066|0000000000003449|0000000000923342|077.99
16032026|543600|0000000000001876|0000000000634370|0000000000002613|0000000000895243|071.79
16032026|543605|0000000000003440|0000000000187790|0000000000004251|0000000000228878|080.92
16032026|543606|0000000000010000|0000000000137900|0000000000022000|0000000000297410|045.45
16032026|543607|0000000000002167|0000000000241794|0000000000002585|0000000000284667|083.83
16032026|543608|0000000000000666|0000000000084982|0000000000001105|0000000000138453|060.27
16032026|543613|0000000000020000|0000000000140000|0000000000020000|0000000000130800|100.00
16032026|543614|0000000000001325|0000000000421483|0000000000001340|0000000000429556|098.88
16032026|543615|0000000000004800|0000000000411120|0000000000005600|0000000000482648|085.71
16032026|543616|0000000000025200|0000000006074460|0000000000034200|0000000008240970|073.68
16032026|543618|0000000000003000|0000000000430500|0000000000006000|0000000000895050|050.00
16032026|543619|0000000000005800|0000000011301300|0000000000009200|0000000017994240|063.04
16032026|543620|0000000000473171|0000000043579050|0000000000637269|0000000059441990|074.25
16032026|543621|0000000000004000|0000000000095240|0000000000004000|0000000000095240|100.00
16032026|543623|0000000000001500|0000000000070500|0000000000001500|0000000000070500|100.00
16032026|543626|0000000000016964|0000000001542876|0000000000025011|0000000002273853|067.83
16032026|543627|0000000000001580|0000000000031679|0000000000002580|0000000000049994|061.24
16032026|543628|0000000000008851|0000000000253759|0000000000014278|0000000000407785|061.99
16032026|543635|0000000000104646|0000000014509168|0000000000220771|0000000030368234|047.40
16032026|543636|0000000000000100|0000000000025550|0000000000000110|0000000000028202|090.91
16032026|543637|0000000000013200|0000000000185328|0000000000020400|0000000000291276|064.71
16032026|543638|0000000000013203|0000000000426721|0000000000017800|0000000000577737|074.17
16032026|543643|0000000000005209|0000000000163563|0000000000006501|0000000000202225|080.13
16032026|543644|0000000000035929|0000000004807301|0000000000091478|0000000011820750|039.28
16032026|543645|0000000000001235|0000000000141037|0000000000001237|0000000000139030|099.84
16032026|543650|0000000000051736|0000000008709756|0000000000114164|0000000019165901|045.32
16032026|543651|0000000000032000|0000000000448000|0000000000032000|0000000000396200|100.00
16032026|543652|0000000000036338|0000000005688714|0000000000055670|0000000008692720|065.27
16032026|543653|0000000000009637|0000000006005779|0000000000014671|0000000008942124|065.69
16032026|543654|0000000000002592|0000000002697884|0000000000005066|0000000005322138|051.16
16032026|543657|0000000000001928|0000000001109372|0000000000004358|0000000002515269|044.24
16032026|543663|0000000000010046|0000000003601994|0000000000028548|0000000010066321|035.19
16032026|543664|0000000000021603|0000000076850513|0000000000093608|0000000328794773|023.08
16032026|543665|0000000000017015|0000000000519128|0000000000018382|0000000000563378|092.56
16032026|543666|0000000000002838|0000000000075151|0000000000003097|0000000000081372|091.64
16032026|543667|0000000000017673|0000000002497195|0000000000038226|0000000005463909|046.23
16032026|543668|0000000000000067|0000000000011203|0000000000000068|0000000000011479|098.53
16032026|543669|0000000000004551|0000000001725740|0000000000005076|0000000001904148|089.66
16032026|543670|0000000000062555|0000000000070688|0000000000072802|0000000000081712|085.92
16032026|543671|0000000000000261|0000000000024195|0000000000000296|0000000000027381|088.18
16032026|543677|0000000000014515|0000000000433273|0000000000022220|0000000000656407|065.32
16032026|543686|0000000000020667|0000000008448670|0000000000026700|0000000010943296|077.40
16032026|543687|0000000000001738|0000000000412949|0000000000002658|0000000000634175|065.39
16032026|543688|0000000000275430|0000000000878622|0000000000464511|0000000001473595|059.29
16032026|543689|0000000000000875|0000000000384825|0000000000001813|0000000000792999|048.26
16032026|543699|0000000000000707|0000000000900096|0000000000000749|0000000000960328|094.39
16032026|543709|0000000000015375|0000000013071825|0000000000019375|0000000015919862|079.35
16032026|543710|0000000000003374|0000000000320227|0000000000003533|0000000000335346|095.50
16032026|543711|0000000000012417|0000000001890489|0000000000026359|0000000004047278|047.11
16032026|543712|0000000000000035|0000000000007037|0000000000000045|0000000000009055|077.78
16032026|543713|0000000000054000|0000000001805760|0000000000086000|0000000002894170|062.79
16032026|543714|0000000000001034|0000000000373843|0000000000001823|0000000000668990|056.72
16032026|543720|0000000000027193|0000000024537604|0000000000047700|0000000042873806|057.01
16032026|543725|0000000000015247|0000000001790761|0000000000018449|0000000002183121|082.64
16032026|543732|0000000000007199|0000000000256573|0000000000009537|0000000000336505|075.48
16032026|543737|0000000000000076|0000000000038821|0000000000000083|0000000000042662|091.57
16032026|543738|0000000000000479|0000000000026604|0000000000000490|0000000000026860|097.76
16032026|543743|0000000000002505|0000000000164579|0000000000003607|0000000000227145|069.45
16032026|543745|0000000000054000|0000000000534600|0000000000078000|0000000000809100|069.23
16032026|543747|0000000000199309|0000000000861015|0000000000217981|0000000000930859|091.43
16032026|543748|0000000000004333|0000000002723074|0000000000008818|0000000005600812|049.14
16032026|543754|0000000000010400|0000000000924040|0000000000011200|0000000000986280|092.86
16032026|543765|0000000000009000|0000000000137250|0000000000009000|0000000000145950|100.00
16032026|543766|0000000000012662|0000000004318376|0000000000052442|0000000017807213|024.14
16032026|543767|0000000000032903|0000000000221109|0000000000051788|0000000000353053|063.53
16032026|543768|0000000000182371|0000000006548943|0000000000389330|0000000013957591|046.84
16032026|543769|0000000000016000|0000000000124000|0000000000016000|0000000000124000|100.00
16032026|543774|0000000000001719|0000000000059908|0000000000002770|0000000000095048|062.06
16032026|543775|0000000000097014|0000000014480310|0000000000221527|0000000032854479|043.79
16032026|543776|0000000000059929|0000000001221354|0000000000077038|0000000001564805|077.79
16032026|543781|0000000000073916|0000000011047486|0000000000103823|0000000015604726|071.19
16032026|543782|0000000000009720|0000000003265920|0000000000011880|0000000003982437|081.82
16032026|543787|0000000000001485|0000000001229209|0000000000001650|0000000001356209|090.00
16032026|543798|0000000000008000|0000000000017120|0000000000008000|0000000000016720|100.00
16032026|543799|0000000000000750|0000000000346050|0000000000002250|0000000001021012|033.33
16032026|543804|0000000000006000|0000000000108000|0000000000006000|0000000000108000|100.00
16032026|543805|0000000000039000|0000000002103270|0000000000050250|0000000002720407|077.61
16032026|543806|0000000000007400|0000000002123430|0000000000015000|0000000004293870|049.33
16032026|543811|0000000000012322|0000000000190375|0000000000016027|0000000000245024|076.88
16032026|543812|0000000000000977|0000000000652246|0000000000001223|0000000000805367|079.89
16032026|543813|0000000000000005|0000000000005000|0000000000000005|0000000000004999|100.00
16032026|543819|0000000000016812|0000000001477943|0000000000019873|0000000001722718|084.60
16032026|543828|0000000000068000|0000000001589160|0000000000088000|0000000002053480|077.27
16032026|543829|0000000000001681|0000000000108929|0000000000002025|0000000000132024|083.01
16032026|543831|0000000000000375|0000000000143250|0000000000000375|0000000000143250|100.00
16032026|543848|0000000000008000|0000000000728460|0000000000008000|0000000000728460|100.00
16032026|543853|0000000000000177|0000000000013537|0000000000000178|0000000000013728|099.44
16032026|543858|0000000000000500|0000000000095260|0000000000000500|0000000000095260|100.00
16032026|543860|0000000000000529|0000000000039263|0000000000000529|0000000000039263|100.00
16032026|543861|0000000000002062|0000000000047972|0000000000002062|0000000000047972|100.00
16032026|543874|0000000000013000|0000000001017250|0000000000019000|0000000001489610|068.42
16032026|543895|0000000000004500|0000000002043450|0000000000006250|0000000002777462|072.00
16032026|543896|0000000000007531|0000000006671713|0000000000013821|0000000012199246|054.49
16032026|543897|0000000000010500|0000000002718150|0000000000010500|0000000002718150|100.00
16032026|543898|0000000000001539|0000000000262400|0000000000001610|0000000000274913|095.59
16032026|543900|0000000000072587|0000000017078996|0000000000091018|0000000021711748|079.75
16032026|543901|0000000000000190|0000000000033317|0000000000000221|0000000000038749|085.97
16032026|543902|0000000000002000|0000000000113800|0000000000002000|0000000000113800|100.00
16032026|543903|0000000000012730|0000000001901862|0000000000022933|0000000003432784|055.51
16032026|543904|0000000000005163|0000000010800480|0000000000009917|0000000020915434|052.06
16032026|543905|0000000000002400|0000000000026368|0000000000002400|0000000000026368|100.00
16032026|543910|0000000000001786|0000000000248254|0000000000002555|0000000000346797|069.90
16032026|543911|0000000000031609|0000000000697295|0000000000063363|0000000001367638|049.89
16032026|543912|0000000000003903|0000000000370005|0000000000004365|0000000000420286|089.42
16032026|543913|0000000000008009|0000000001233627|0000000000011756|0000000001816364|068.13
16032026|543914|0000000000002848|0000000000084785|0000000000003119|0000000000092817|091.31
16032026|543915|0000000000007288|0000000000131768|0000000000007429|0000000000134219|098.10
16032026|543916|0000000000012400|0000000003298400|0000000000015200|0000000003986040|081.58
16032026|543917|0000000000005222|0000000000213998|0000000000007521|0000000000300802|069.43
16032026|543918|0000000000003694|0000000000268998|0000000000003856|0000000000276681|095.80
16032026|543919|0000000000020811|0000000000103223|0000000000025742|0000000000127819|080.84
16032026|543920|0000000000072000|0000000036298800|0000000000086200|0000000043044630|083.53
16032026|543921|0000000000002000|0000000000077900|0000000000002000|0000000000077950|100.00
16032026|543922|0000000000007684|0000000001824566|0000000000015868|0000000003801748|048.42
16032026|543923|0000000000019504|0000000002367786|0000000000029460|0000000003548180|066.20
16032026|543924|0000000000026000|0000000001255540|0000000000032000|0000000001583900|081.25
16032026|543926|0000000000000400|0000000000359380|0000000000000400|0000000000359380|100.00
16032026|543928|0000000000036800|0000000024494080|0000000000056900|0000000038059880|064.67
16032026|543929|0000000000013751|0000000000327274|0000000000015392|0000000000366018|089.34
16032026|543930|0000000000000838|0000000000106552|0000000000001045|0000000000132939|080.19
16032026|543931|0000000000016200|0000000004041090|0000000000021400|0000000005423150|075.70
16032026|543932|0000000000013594|0000000005339724|0000000000053442|0000000021006569|025.44
16032026|543933|0000000000007446|0000000002234917|0000000000013022|0000000003913848|057.18
16032026|543935|0000000000000714|0000000000021849|0000000000000990|0000000000030021|072.12
16032026|543936|0000000000020314|0000000005919500|0000000000042215|0000000012248795|048.12
16032026|543937|0000000000000600|0000000000091350|0000000000000600|0000000000091350|100.00
16032026|543939|0000000000030000|0000000004695000|0000000000037000|0000000005899425|081.08
16032026|543940|0000000000384867|0000000090135852|0000000000844019|0000000197466718|045.60
16032026|543941|0000000000007600|0000000000471960|0000000000009200|0000000000571168|082.61
16032026|543942|0000000000260064|0000000003118168|0000000000565986|0000000006758159|045.95
16032026|543943|0000000000022000|0000000003432000|0000000000033000|0000000005147200|066.67
16032026|543944|0000000000000706|0000000000389854|0000000000000896|0000000000490957|078.79
16032026|543945|0000000000021867|0000000070545129|0000000000067940|0000000217112185|032.19
16032026|543946|0000000000011591|0000000011591000|0000000000012106|0000000012106002|095.75
16032026|543947|0000000000000170|0000000000013152|0000000000000178|0000000000013708|095.51
16032026|543948|0000000000001154|0000000000099545|0000000000003530|0000000000301365|032.69
16032026|543949|0000000000005765|0000000000169261|0000000000008639|0000000000225100|066.73
16032026|543950|0000000000006671|0000000004337818|0000000000015655|0000000010250338|042.61
16032026|543952|0000000000007643|0000000002289079|0000000000009266|0000000002757641|082.48
16032026|543953|0000000000006250|0000000004485313|0000000000021250|0000000015280512|029.41
16032026|543954|0000000000016833|0000000000384298|0000000000019582|0000000000444800|085.96
16032026|543955|0000000000029593|0000000000704314|0000000000051454|0000000001238025|057.51
16032026|543956|0000000000000818|0000000000016123|0000000000001039|0000000000020238|078.73
16032026|543957|0000000000008793|0000000001001963|0000000000020595|0000000002304911|042.69
16032026|543958|0000000000021824|0000000000263634|0000000000032490|0000000000407811|067.17
16032026|543959|0000000000057710|0000000005263152|0000000000108215|0000000009778230|053.33
16032026|543960|0000000000003540|0000000004095072|0000000000009528|0000000011123650|037.15
16032026|543962|0000000000000248|0000000000034361|0000000000000289|0000000000040734|085.81
16032026|543963|0000000000033000|0000000001039500|0000000000036000|0000000001165620|091.67
16032026|543965|0000000000035933|0000000003640394|0000000000035933|0000000003640394|100.00
16032026|543969|0000000000000594|0000000000083754|0000000000000819|0000000000117737|072.53
16032026|543971|0000000000117600|0000000032193000|0000000000252000|0000000068861910|046.67
16032026|543972|0000000000074364|0000000018364190|0000000000189841|0000000046411337|039.17
16032026|543973|0000000000000030|0000000000031563|0000000000000030|0000000000031563|100.00
16032026|543974|0000000000069685|0000000002553956|0000000000127425|0000000004725619|054.69
16032026|543975|0000000000000072|0000000000014646|0000000000000073|0000000000014748|098.63
16032026|543976|0000000000023950|0000000000668684|0000000000040932|0000000001159686|058.51
16032026|543977|0000000000001631|0000000000652808|0000000000002813|0000000001084134|057.98
16032026|543978|0000000000016669|0000000002310324|0000000000034047|0000000004673044|048.96
16032026|543980|0000000000000321|0000000000408425|0000000000000451|0000000000572908|071.18
16032026|543981|0000000000008244|0000000011295105|0000000000020829|0000000028207241|039.58
16032026|543982|0000000000014600|0000000002035240|0000000000015600|0000000002184100|093.59
16032026|543983|0000000000022334|0000000006222253|0000000000050110|0000000013889051|044.57
16032026|543984|0000000000017919|0000000002613487|0000000000038845|0000000005672531|046.13
16032026|543985|0000000000025129|0000000005437916|0000000000056346|0000000012035897|044.60
16032026|543986|0000000000004351|0000000000794493|0000000000006359|0000000001195484|068.42
16032026|543988|0000000000007821|0000000009066886|0000000000018383|0000000021171912|042.54
16032026|543989|0000000000028825|0000000002784495|0000000000047514|0000000004613033|060.67
16032026|543990|0000000000006590|0000000005203135|0000000000031757|0000000024860104|020.75
16032026|543991|0000000000002800|0000000000300160|0000000000004800|0000000000514460|058.33
16032026|543992|0000000000036077|0000000003596877|0000000000116282|0000000011553415|031.03
16032026|543993|0000000000003744|0000000000614204|0000000000003862|0000000000641941|096.94
16032026|543994|0000000000033775|0000000008462327|0000000000081393|0000000020338049|041.50
16032026|543995|0000000000005941|0000000000906894|0000000000007632|0000000001131650|077.84
16032026|543996|0000000000004160|0000000000581568|0000000000009753|0000000001347860|042.65
16032026|543997|0000000000001800|0000000000420300|0000000000001800|0000000000420300|100.00
16032026|543998|0000000000006713|0000000000347063|0000000000006759|0000000000349008|099.32
16032026|543999|0000000000006015|0000000000466163|0000000000006206|0000000000475412|096.92
16032026|544001|0000000000015625|0000000015622657|0000000000023625|0000000023891637|066.14
16032026|544003|0000000000002155|0000000000074456|0000000000003697|0000000000126522|058.29
16032026|544004|0000000000006447|0000000001291979|0000000000010041|0000000002023449|064.21
16032026|544006|0000000000006658|0000000000202870|0000000000010817|0000000000327670|061.55
16032026|544007|0000000000029413|0000000000684441|0000000000048149|0000000001110605|061.09
16032026|544008|0000000000002530|0000000000915354|0000000000003931|0000000001427615|064.36
16032026|544009|0000000000028587|0000000010224141|0000000000049195|0000000017292465|058.11
16032026|544010|0000000000000450|0000000000450005|0000000000000450|0000000000450004|100.00
16032026|544012|0000000000013894|0000000005549959|0000000000033309|0000000013466157|041.71
16032026|544014|0000000000008942|0000000002383043|0000000000020986|0000000005574292|042.61
16032026|544020|0000000000045024|0000000001059865|0000000000060809|0000000001438734|074.04
16032026|544021|0000000000020195|0000000010587229|0000000000045429|0000000023548046|044.45
16032026|544022|0000000000003960|0000000001615482|0000000000008654|0000000003507723|045.76
16032026|544023|0000000000014000|0000000006687800|0000000000018000|0000000008783987|077.78
16032026|544026|0000000000410405|0000000047258136|0000000000811843|0000000092680637|050.55
16032026|544027|0000000000036542|0000000004595157|0000000000064286|0000000008108457|056.84
16032026|544028|0000000000042464|0000000022444348|0000000000080515|0000000042564977|052.74
16032026|544029|0000000000017790|0000000002256662|0000000000029177|0000000003709008|060.97
16032026|544030|0000000000001302|0000000000388843|0000000000002317|0000000000690612|056.19
16032026|544035|0000000000163200|0000000003458208|0000000000163200|0000000003457232|100.00
16032026|544036|0000000000009600|0000000000798240|0000000000014400|0000000001214400|066.67
16032026|544037|0000000000002100|0000000002682225|0000000000003200|0000000004110135|065.62
16032026|544042|0000000000368510|0000000061872829|0000000000974426|0000000155010286|037.82
16032026|544043|0000000000000080|0000000000011848|0000000000000101|0000000000015151|079.21
16032026|544044|0000000000010817|0000000007586503|0000000000014300|0000000009978314|075.64
16032026|544045|0000000000003975|0000000008501532|0000000000010275|0000000021547863|038.69
16032026|544046|0000000000005932|0000000006785615|0000000000012231|0000000013912176|048.50
16032026|544047|0000000000073500|0000000002576175|0000000000088500|0000000003190890|083.05
16032026|544052|0000000000012000|0000000000251760|0000000000012000|0000000000264140|100.00
16032026|544053|0000000000100668|0000000001302644|0000000000182008|0000000002345056|055.31
16032026|544054|0000000000005979|0000000001184141|0000000000009884|0000000002031871|060.49
16032026|544055|0000000000018052|0000000002618443|0000000000025036|0000000003615594|072.10
16032026|544056|0000000000006400|0000000000102144|0000000000008000|0000000000129248|080.00
16032026|544057|0000000000003154|0000000003992649|0000000000005790|0000000007205387|054.47
16032026|544058|0000000000014170|0000000001079471|0000000000019451|0000000001466241|072.85
16032026|544059|0000000000010000|0000000000504000|0000000000016000|0000000000801860|062.50
16032026|544060|0000000000008154|0000000000954018|0000000000009879|0000000001125640|082.54
16032026|544061|0000000000005132|0000000007668491|0000000000013041|0000000019536597|039.35
16032026|544066|0000000000000791|0000000001044635|0000000000001436|0000000001844924|055.08
16032026|544067|0000000000000310|0000000000218442|0000000000000629|0000000000445517|049.28
16032026|544072|0000000000006400|0000000000137856|0000000000008800|0000000000191592|072.73
16032026|544073|0000000000001000|0000000000072000|0000000000001000|0000000000072000|100.00
16032026|544074|0000000000001800|0000000000160200|0000000000001800|0000000000160200|100.00
16032026|544079|0000000000006882|0000000000139705|0000000000007034|0000000000143545|097.84
16032026|544080|0000000000000002|0000000000001505|0000000000000002|0000000000001504|100.00
16032026|544081|0000000000010729|0000000007577893|0000000000023614|0000000016576621|045.43
16032026|544082|0000000000020000|0000000000850000|0000000000026000|0000000001082860|076.92
16032026|544083|0000000000000500|0000000000026125|0000000000000500|0000000000026125|100.00
16032026|544088|0000000000033818|0000000010544453|0000000000044046|0000000013506759|076.78
16032026|544089|0000000000534876|0000000060526569|0000000000741588|0000000083916923|072.13
16032026|544090|0000000000000069|0000000000057778|0000000000000070|0000000000058655|098.57
16032026|544091|0000000000001600|0000000000495920|0000000000002400|0000000000742160|066.67
16032026|544092|0000000000000109|0000000000026146|0000000000000123|0000000000029208|088.62
16032026|544093|0000000000002804|0000000000153856|0000000000002821|0000000000154582|099.40
16032026|544094|0000000000001200|0000000000036240|0000000000001200|0000000000036240|100.00
16032026|544095|0000000000023565|0000000005654422|0000000000034516|0000000008369596|068.27
16032026|544100|0000000000009011|0000000000241495|0000000000010329|0000000000276860|087.24
16032026|544102|0000000000000001|0000000000000302|0000000000000001|0000000000000301|100.00
16032026|544103|0000000000006000|0000000000387300|0000000000006000|0000000000387300|100.00
16032026|544104|0000000000000001|0000000000000027|0000000000000001|0000000000000026|100.00
16032026|544105|0000000000007500|0000000000633750|0000000000007500|0000000000635250|100.00
16032026|544106|0000000000000600|0000000000096000|0000000000000600|0000000000096000|100.00
16032026|544107|0000000000009909|0000000001412033|0000000000022843|0000000003246046|043.38
16032026|544108|0000000000003600|0000000000631980|0000000000003600|0000000000631260|100.00
16032026|544109|0000000000000349|0000000000050605|0000000000000380|0000000000055141|091.84
16032026|544110|0000000000003507|0000000000303812|0000000000003680|0000000000316320|095.30
16032026|544111|0000000000022695|0000000002424961|0000000000034600|0000000003766618|065.59
16032026|544112|0000000000000711|0000000000335024|0000000000000852|0000000000404136|083.45
16032026|544117|0000000000000837|0000000000192594|0000000000001286|0000000000290417|065.09
16032026|544118|0000000000004298|0000000001497639|0000000000009216|0000000003207147|046.64
16032026|544119|0000000000001759|0000000000611781|0000000000003690|0000000001267457|047.67
16032026|544120|0000000000003058|0000000000718478|0000000000003959|0000000000924412|077.24
16032026|544121|0000000000014000|0000000000840000|0000000000015000|0000000000885350|093.33
16032026|544122|0000000000010632|0000000010645822|0000000000011604|0000000011810737|091.62
16032026|544123|0000000000002566|0000000000141310|0000000000002569|0000000000140663|099.88
16032026|544124|0000000000004984|0000000000537774|0000000000008195|0000000000886631|060.82
16032026|544129|0000000000006139|0000000001247138|0000000000009010|0000000001820323|068.14
16032026|544130|0000000000202082|0000000007897365|0000000000277490|0000000010776515|072.82
16032026|544131|0000000000002588|0000000000319230|0000000000003735|0000000000456188|069.29
16032026|544132|0000000000577322|0000000013965420|0000000000927146|0000000022542438|062.27
16032026|544133|0000000000023275|0000000001995133|0000000000036266|0000000003115977|064.18
16032026|544134|0000000000001002|0000000000205461|0000000000001485|0000000000305841|067.47
16032026|544135|0000000000016643|0000000000351168|0000000000023543|0000000000498668|070.69
16032026|544136|0000000000012233|0000000001096077|0000000000013043|0000000001219230|093.79
16032026|544137|0000000000003758|0000000000461784|0000000000004606|0000000000562630|081.59
16032026|544138|0000000000005389|0000000001779987|0000000000008497|0000000002765380|063.42
16032026|544139|0000000000004000|0000000000158000|0000000000004000|0000000000158200|100.00
16032026|544140|0000000000032687|0000000008858177|0000000000034855|0000000009369235|093.78
16032026|544141|0000000000006400|0000000001475520|0000000000010400|0000000002380000|061.54
16032026|544142|0000000000030319|0000000001260665|0000000000053422|0000000002219369|056.75
16032026|544143|0000000000003500|0000000000542850|0000000000003500|0000000000556075|100.00
16032026|544144|0000000000002108|0000000000181078|0000000000002643|0000000000226610|079.76
16032026|544149|0000000000002666|0000000001468833|0000000000003839|0000000002146533|069.45
16032026|544150|0000000000038750|0000000013570250|0000000000065750|0000000023250387|058.94
16032026|544151|0000000000026000|0000000001820780|0000000000032000|0000000002266970|081.25
16032026|544156|0000000000006000|0000000000085560|0000000000006000|0000000000085560|100.00
16032026|544157|0000000000000500|0000000000099350|0000000000000500|0000000000099350|100.00
16032026|544158|0000000000014165|0000000005401115|0000000000017611|0000000006638193|080.43
16032026|544159|0000000000037289|0000000041671577|0000000000047054|0000000052585011|079.25
16032026|544160|0000000000004800|0000000000071760|0000000000004800|0000000000071744|100.00
16032026|544161|0000000000001445|0000000001404324|0000000000001921|0000000001850606|075.22
16032026|544162|0000000000002326|0000000003446086|0000000000007951|0000000011717126|029.25
16032026|544163|0000000000012000|0000000001044000|0000000000013000|0000000001101200|092.31
16032026|544164|0000000000006000|0000000000210600|0000000000006000|0000000000214420|100.00
16032026|544165|0000000000028500|0000000003043125|0000000000028500|0000000003043125|100.00
16032026|544166|0000000000008400|0000000001057980|0000000000009600|0000000001225140|087.50
16032026|544167|0000000000010292|0000000002507646|0000000000021568|0000000005074711|047.72
16032026|544170|0000000000026000|0000000000617500|0000000000026000|0000000000617500|100.00
16032026|544171|0000000000007200|0000000000259200|0000000000008000|0000000000286560|090.00
16032026|544172|0000000001176315|0000000512932156|0000000001224078|0000000532469545|096.10
16032026|544173|0000000000002000|0000000000027740|0000000000003000|0000000000040400|066.67
16032026|544174|0000000000001472|0000000001737549|0000000000004849|0000000005568426|030.36
16032026|544175|0000000000001200|0000000000102000|0000000000001200|0000000000102000|100.00
16032026|544176|0000000000021138|0000000010121932|0000000000035239|0000000016446511|059.98
16032026|544177|0000000000001000|0000000000089750|0000000000001000|0000000000089750|100.00
16032026|544179|0000000000006471|0000000002198523|0000000000013470|0000000004494871|048.04
16032026|544180|0000000000067063|0000000002967538|0000000000127744|0000000005640510|052.50
16032026|544181|0000000000011752|0000000003195369|0000000000023133|0000000006129706|050.80
16032026|544182|0000000000000501|0000000000537573|0000000000000803|0000000000861618|062.39
16032026|544183|0000000000001000|0000000000096550|0000000000001000|0000000000096575|100.00
16032026|544184|0000000000004192|0000000000437645|0000000000006393|0000000000659118|065.57
16032026|544185|0000000000002094|0000000000108009|0000000000002252|0000000000113822|092.98
16032026|544186|0000000000013085|0000000001457015|0000000000014474|0000000001635802|090.40
16032026|544187|0000000000021800|0000000002398000|0000000000022689|0000000002586824|096.08
16032026|544189|0000000000002000|0000000000817000|0000000000002000|0000000000817000|100.00
16032026|544191|0000000000037348|0000000002069453|0000000000041139|0000000002305604|090.78
16032026|544192|0000000000015527|0000000002516151|0000000000055327|0000000008985801|028.06
16032026|544193|0000000000146369|0000000001482718|0000000000195367|0000000001965984|074.92
16032026|544194|0000000000094408|0000000000947857|0000000000119869|0000000001195103|078.76
16032026|544195|0000000000012000|0000000000198360|0000000000012000|0000000000199000|100.00
16032026|544196|0000000000000021|0000000000001145|0000000000000056|0000000000003022|037.50
16032026|544197|0000000000000303|0000000000006363|0000000000000303|0000000000007109|100.00
16032026|544198|0000000000063480|0000000018974172|0000000000175374|0000000052639512|036.20
16032026|544199|0000000000020800|0000000000768560|0000000000021600|0000000000827800|096.30
16032026|544200|0000000000376590|0000000003007861|0000000000376590|0000000003007861|100.00
16032026|544201|0000000000008000|0000000000087680|0000000000008000|0000000000087620|100.00
16032026|544202|0000000000002768|0000000000418384|0000000000006766|0000000001017374|040.91
16032026|544203|0000000000013408|0000000005930359|0000000000027152|0000000011988819|049.38
16032026|544204|0000000000004325|0000000000482238|0000000000005634|0000000000622040|076.77
16032026|544205|0000000000004432|0000000001681058|0000000000004978|0000000001910502|089.03
16032026|544206|0000000000091084|0000000021730821|0000000000213507|0000000051528709|042.66
16032026|544207|0000000000000968|0000000000108562|0000000000001210|0000000000135208|080.00
16032026|544208|0000000000001280|0000000001402842|0000000000001280|0000000001402841|100.00
16032026|544209|0000000000007590|0000000001897880|0000000000015728|0000000003847143|048.26
16032026|544210|0000000000301661|0000000440108316|0000000000305031|0000000436303825|098.90
16032026|544212|0000000000007691|0000000000210888|0000000000043018|0000000001158871|017.88
16032026|544213|0000000000025200|0000000003066840|0000000000031800|0000000003845160|079.25
16032026|544214|0000000000014000|0000000000354200|0000000000018000|0000000000455380|077.78
16032026|544215|0000000000001949|0000000000060868|0000000000002395|0000000000074035|081.38
16032026|544216|0000000000329123|0000000003705925|0000000000396145|0000000004467625|083.08
16032026|544217|0000000000004517|0000000000366465|0000000000007560|0000000000621390|059.75
16032026|544218|0000000000012218|0000000000125479|0000000000012982|0000000000133170|094.11
16032026|544219|0000000000004800|0000000000497760|0000000000007800|0000000000807630|061.54
16032026|544220|0000000000001200|0000000000049200|0000000000001200|0000000000049200|100.00
16032026|544222|0000000000004558|0000000002115824|0000000000007923|0000000003700977|057.53
16032026|544223|0000000000010009|0000000002722448|0000000000020037|0000000005345351|049.95
16032026|544224|0000000000040320|0000000029423520|0000000000048600|0000000035250678|082.96
16032026|544225|0000000003115447|0000000075767672|0000000008207829|0000000191559705|037.96
16032026|544226|0000000000022922|0000000004911039|0000000000059244|0000000012772464|038.69
16032026|544227|0000000000039976|0000000003729761|0000000000057782|0000000005368408|069.18
16032026|544229|0000000000892228|0000000010126788|0000000001148411|0000000013002197|077.69
16032026|544230|0000000000004031|0000000000226986|0000000000004669|0000000000264174|086.34
16032026|544232|0000000000003551|0000000006044868|0000000000006306|0000000010791428|056.31
16032026|544233|0000000000000204|0000000000004750|0000000000000205|0000000000004681|099.51
16032026|544234|0000000000001067|0000000000011471|0000000000001323|0000000000013584|080.65
16032026|544235|0000000000008715|0000000002302939|0000000000014703|0000000003877699|059.27
16032026|544237|0000000000003200|0000000000452800|0000000000003200|0000000000452800|100.00
16032026|544238|0000000000042417|0000000033753328|0000000000098944|0000000077525024|042.87
16032026|544239|0000000000008213|0000000001003629|0000000000019147|0000000002369843|042.89
16032026|544240|0000000000002378|0000000001752586|0000000000006581|0000000004885967|036.13
16032026|544241|0000000000610101|0000000009096606|0000000000614782|0000000009062091|099.24
16032026|544242|0000000000018000|0000000000281880|0000000000021000|0000000000329790|085.71
16032026|544243|0000000000014197|0000000003403731|0000000000041866|0000000009990250|033.91
16032026|544244|0000000000000051|0000000000038194|0000000000000106|0000000000079107|048.11
16032026|544246|0000000000000953|0000000000517051|0000000000001073|0000000000555680|088.82
16032026|544247|0000000000003470|0000000000300260|0000000000005519|0000000000474268|062.87
16032026|544248|0000000000011400|0000000001240590|0000000000011400|0000000001240590|100.00
16032026|544249|0000000000018870|0000000000487601|0000000000019370|0000000000482673|097.42
16032026|544250|0000000000000646|0000000002755901|0000000000001024|0000000004269437|063.09
16032026|544251|0000000000011200|0000000000471520|0000000000019200|0000000000803792|058.33
16032026|544252|0000000000243799|0000000019825735|0000000000513617|0000000041475080|047.47
16032026|544253|0000000000011104|0000000002014821|0000000000023983|0000000004341050|046.30
16032026|544254|0000000000004529|0000000000440446|0000000000007465|0000000000720829|060.67
16032026|544256|0000000000002784|0000000001494034|0000000000005396|0000000002883468|051.59
16032026|544258|0000000000003229|0000000000300459|0000000000004761|0000000000441067|067.82
16032026|544259|0000000000003000|0000000000088200|0000000000003000|0000000000088200|100.00
16032026|544260|0000000000006288|0000000001343746|0000000000014698|0000000003203353|042.78
16032026|544261|0000000000014526|0000000001507073|0000000000024559|0000000002526981|059.15
16032026|544262|0000000000005289|0000000000646052|0000000000005697|0000000000678038|092.84
16032026|544263|0000000000016730|0000000014220500|0000000000060988|0000000051714182|027.43
16032026|544264|0000000000002400|0000000000578880|0000000000006078|0000000001454309|039.49
16032026|544266|0000000000001972|0000000000169238|0000000000002233|0000000000191027|088.31
16032026|544267|0000000000009600|0000000001589760|0000000000012000|0000000002012000|080.00
16032026|544268|0000000000328330|0000000003733113|0000000000655057|0000000007443804|050.12
16032026|544271|0000000000047873|0000000007444252|0000000000083035|0000000012698171|057.65
16032026|544272|0000000000075200|0000000009433840|0000000000095600|0000000012166340|078.66
16032026|544273|0000000000016438|0000000000163723|0000000000019692|0000000000195715|083.48
16032026|544274|0000000000302319|0000000594087067|0000000000338120|0000000663888725|089.41
16032026|544275|0000000000011153|0000000000167072|0000000000014350|0000000000212908|077.72
16032026|544276|0000000000002495|0000000000167864|0000000000002850|0000000000191964|087.54
16032026|544277|0000000000033473|0000000093401386|0000000000105247|0000000288667541|031.80
16032026|544278|0000000000003966|0000000000343059|0000000000004739|0000000000400029|083.69
16032026|544279|0000000000009792|0000000002866608|0000000000016246|0000000004713342|060.27
16032026|544280|0000000000024755|0000000006900457|0000000000053104|0000000014713032|046.62
16032026|544281|0000000000082767|0000000001407039|0000000000122986|0000000002080103|067.30
16032026|544282|0000000000944837|0000000035629804|0000000001632002|0000000061767286|057.89
16032026|544283|0000000000027191|0000000006667234|0000000000082568|0000000020538381|032.93
16032026|544284|0000000000000240|0000000000258404|0000000000000265|0000000000285319|090.57
16032026|544285|0000000001204059|0000000342253771|0000000001398896|0000000390020323|086.07
16032026|544286|0000000000024482|0000000001749484|0000000000036151|0000000002589655|067.72
16032026|544287|0000000000024000|0000000001272720|0000000000024000|0000000001272600|100.00
16032026|544288|0000000000018873|0000000010526416|0000000000026050|0000000014453639|072.45
16032026|544289|0000000000649780|0000000064022824|0000000002384117|0000000232458781|027.25
16032026|544290|0000000000039522|0000000005746499|0000000000084904|0000000012386678|046.55
16032026|544291|0000000000022400|0000000019239360|0000000000031600|0000000027285700|070.89
16032026|544292|0000000000002680|0000000004007270|0000000000012308|0000000017919112|021.77
16032026|544293|0000000000000864|0000000000217815|0000000000001012|0000000000255969|085.38
16032026|544294|0000000000004204|0000000002798183|0000000000005859|0000000003893775|071.75
16032026|544296|0000000000058000|0000000009880300|0000000000089600|0000000015206560|064.73
16032026|544301|0000000000005057|0000000000111457|0000000000005574|0000000000123213|090.72
16032026|544302|0000000000000677|0000000000260239|0000000000000677|0000000000258226|100.00
16032026|544303|0000000000000300|0000000000092640|0000000000000300|0000000000092640|100.00
16032026|544304|0000000000008000|0000000000392000|0000000000008000|0000000000395360|100.00
16032026|544305|0000000000020764|0000000003845493|0000000000058606|0000000010651820|035.43
16032026|544306|0000000000003699|0000000003610224|0000000000014899|0000000014358899|024.83
16032026|544307|0000000000417242|0000000044269377|0000000000766166|0000000079584427|054.46
16032026|544308|0000000000076148|0000000003996248|0000000000077249|0000000003997319|098.57
16032026|544309|0000000000007232|0000000009603735|0000000000021925|0000000029473752|032.99
16032026|544310|0000000000069750|0000000031910625|0000000000107250|0000000048658825|065.03
16032026|544311|0000000000051650|0000000015742920|0000000000077707|0000000023402152|066.47
16032026|544313|0000000000008000|0000000000180880|0000000000012000|0000000000273440|066.67
16032026|544314|0000000000000216|0000000000080763|0000000000000684|0000000000263687|031.58
16032026|544315|0000000000006019|0000000001452084|0000000000010064|0000000002417660|059.81
16032026|544316|0000000000038514|0000000004692931|0000000000064330|0000000007836244|059.87
16032026|544317|0000000000022542|0000000011076012|0000000000043306|0000000021188024|052.05
16032026|544318|0000000000006805|0000000002572290|0000000000007839|0000000002968179|086.81
16032026|544319|0000000000001940|0000000001444136|0000000000004404|0000000003208553|044.05
16032026|544320|0000000000001226|0000000000539563|0000000000002008|0000000000886398|061.06
16032026|544321|0000000000000686|0000000000441922|0000000000001130|0000000000718742|060.71
16032026|544322|0000000000003595|0000000002887504|0000000000005157|0000000004185863|069.71
16032026|544323|0000000000700445|0000000007116522|0000000000703104|0000000006993766|099.62
16032026|544324|0000000000004000|0000000000057400|0000000000006000|0000000000088700|066.67
16032026|544325|0000000000270121|0000000041720189|0000000000620364|0000000093387026|043.54
16032026|544326|0000000000002543|0000000000057549|0000000000004113|0000000000091795|061.83
16032026|544327|0000000000004000|0000000000179800|0000000000004000|0000000000179800|100.00
16032026|544328|0000000000008133|0000000001012152|0000000000012382|0000000001544291|065.68
16032026|544329|0000000000004000|0000000000191400|0000000000004000|0000000000191400|100.00
16032026|544330|0000000000010000|0000000001150000|0000000000010000|0000000001146000|100.00
16032026|544331|0000000000014000|0000000000474600|0000000000014000|0000000000474600|100.00
16032026|544332|0000000000008800|0000000002244000|0000000000011600|0000000003027920|075.86
16032026|544333|0000000000005262|0000000000606183|0000000000009805|0000000001116785|053.67
16032026|544334|0000000000003750|0000000000236250|0000000000004500|0000000000275992|083.33
16032026|544335|0000000000026000|0000000002587000|0000000000027000|0000000002664200|096.30
16032026|544336|0000000000012031|0000000003492600|0000000000033481|0000000009716644|035.93
16032026|544338|0000000000009303|0000000000631023|0000000000011494|0000000000779001|080.94
16032026|544339|0000000000006415|0000000001108512|0000000000009006|0000000001565665|071.23
16032026|544340|0000000000035200|0000000001346400|0000000000035200|0000000001380976|100.00
16032026|544341|0000000000091200|0000000001911552|0000000000096000|0000000002134432|095.00
16032026|544342|0000000000060702|0000000006880572|0000000000118731|0000000013179889|051.13
16032026|544343|0000000000170400|0000000013679712|0000000000180800|0000000014538796|094.25
16032026|544344|0000000000001753|0000000005155135|0000000000004419|0000000012728433|039.67
16032026|544345|0000000000006502|0000000001531872|0000000000011621|0000000002755195|055.95
16032026|544346|0000000000001202|0000000000168433|0000000000001202|0000000000168433|100.00
16032026|544347|0000000000002400|0000000000713880|0000000000002400|0000000000727480|100.00
16032026|544348|0000000000001200|0000000000045000|0000000000003600|0000000000132180|033.33
16032026|544349|0000000000008000|0000000000344000|0000000000012800|0000000000538432|062.50
16032026|544350|0000000000001504|0000000000634613|0000000000003464|0000000001461659|043.42
16032026|544351|0000000000001600|0000000000114736|0000000000001600|0000000000114736|100.00
16032026|544352|0000000000001200|0000000000046812|0000000000001200|0000000000046812|100.00
16032026|544353|0000000000004800|0000000000162396|0000000000004800|0000000000162396|100.00
16032026|544354|0000000000035700|0000000004826640|0000000000056100|0000000007490940|063.64
16032026|544355|0000000000000360|0000000000581688|0000000000000509|0000000000816200|070.73
16032026|544356|0000000000032534|0000000015491065|0000000000036320|0000000016852626|089.58
16032026|544361|0000000000000413|0000000000070746|0000000000000413|0000000000070746|100.00
16032026|544362|0000000000030949|0000000012907281|0000000000064495|0000000026343048|047.99
16032026|544363|0000000000000252|0000000000037833|0000000000000267|0000000000040317|094.38
16032026|544364|0000000000001973|0000000000468391|0000000000002135|0000000000506075|092.41
16032026|544365|0000000000004000|0000000000142400|0000000000006000|0000000000211260|066.67
16032026|544366|0000000000003200|0000000000137600|0000000000003200|0000000000136016|100.00
16032026|544367|0000000000007421|0000000005908601|0000000000026003|0000000020519235|028.54
16032026|544368|0000000000008400|0000000000142716|0000000000012000|0000000000194424|070.00
16032026|544369|0000000000012800|0000000002529920|0000000000020000|0000000003924920|064.00
16032026|544370|0000000000001200|0000000000232680|0000000000001200|0000000000231540|100.00
16032026|544371|0000000000002115|0000000000127535|0000000000003036|0000000000184653|069.66
16032026|544372|0000000000015000|0000000000159750|0000000000018000|0000000000193380|083.33
16032026|544375|0000000000002442|0000000000365885|0000000000003386|0000000000510143|072.12
16032026|544376|0000000000001493|0000000000058690|0000000000001513|0000000000059625|098.68
16032026|544377|0000000000000277|0000000000003435|0000000000000381|0000000000004699|072.70
16032026|544378|0000000000001000|0000000000061500|0000000000001000|0000000000061500|100.00
16032026|544379|0000000000006027|0000000000886874|0000000000006513|0000000000980441|092.54
16032026|544380|0000000000000244|0000000000257074|0000000000000374|0000000000394036|065.24
16032026|544381|0000000000016800|0000000000593040|0000000000025200|0000000000855024|066.67
16032026|544382|0000000000008225|0000000000262213|0000000000009502|0000000000300751|086.56
16032026|544383|0000000000012000|0000000001744800|0000000000016800|0000000002455500|071.43
16032026|544384|0000000000589672|0000000014629763|0000000001075502|0000000026998224|054.83
16032026|544385|0000000000006261|0000000000310170|0000000000020843|0000000001015279|030.04
16032026|544386|0000000000000405|0000000000620460|0000000000000411|0000000000623447|098.54
16032026|544387|0000000000009000|0000000001215000|0000000000009000|0000000001222200|100.00
16032026|544388|0000000000052000|0000000005044000|0000000000054000|0000000005337980|096.30
16032026|544389|0000000000003522|0000000000845280|0000000000005511|0000000001338999|063.91
16032026|544390|0000000000008117|0000000022597728|0000000000018086|0000000050335679|044.88
16032026|544392|0000000000004000|0000000000258360|0000000000004000|0000000000258360|100.00
16032026|544393|0000000000003200|0000000000088896|0000000000004800|0000000000133888|066.67
16032026|544394|0000000000003343|0000000000094674|0000000000004520|0000000000123038|073.96
16032026|544395|0000000000064473|0000000001197264|0000000000124748|0000000002298760|051.68
16032026|544396|0000000000001207|0000000001061376|0000000000002470|0000000002157878|048.87
16032026|544397|0000000000050997|0000000036353212|0000000000118912|0000000083549579|042.89
16032026|544398|0000000000024000|0000000000189120|0000000000036000|0000000000269880|066.67
16032026|544399|0000000000020400|0000000001429428|0000000000031200|0000000002195880|065.38
16032026|544400|0000000000002000|0000000000088200|0000000000002000|0000000000088200|100.00
16032026|544402|0000000000003315|0000000001213788|0000000000006770|0000000002516259|048.97
16032026|544403|0000000000141625|0000000013560594|0000000000210532|0000000020253453|067.27
16032026|544404|0000000000004538|0000000001700835|0000000000004538|0000000001700835|100.00
16032026|544405|0000000000110521|0000000019302493|0000000000356121|0000000062758204|031.03
16032026|544406|0000000000010000|0000000003116000|0000000000013200|0000000004038720|075.76
16032026|544407|0000000000017352|0000000003277793|0000000000043704|0000000008175688|039.70
16032026|544408|0000000000002779|0000000001153841|0000000000005282|0000000002214089|052.61
16032026|544409|0000000000006000|0000000000907200|0000000000006000|0000000000932500|100.00
16032026|544410|0000000000012824|0000000001590818|0000000000021359|0000000002657115|060.04
16032026|544411|0000000000006147|0000000000719199|0000000000007474|0000000000874497|082.25
16032026|544412|0000000000018000|0000000000327600|0000000000018000|0000000000327600|100.00
16032026|544413|0000000000032162|0000000002494807|0000000000050418|0000000003979573|063.79
16032026|544414|0000000000029398|0000000001354072|0000000000057288|0000000002638235|051.32
16032026|544415|0000000000000805|0000000000031049|0000000000000851|0000000000032570|094.59
16032026|544416|0000000000000874|0000000000274961|0000000000000927|0000000000292990|094.28
16032026|544417|0000000000008400|0000000000143220|0000000000009600|0000000000167412|087.50
16032026|544418|0000000000451181|0000000131767412|0000000000507650|0000000145612257|088.88
16032026|544419|0000000000022579|0000000002347088|0000000000057800|0000000005761493|039.06
16032026|544420|0000000000005445|0000000001948494|0000000000015902|0000000005796746|034.24
16032026|544421|0000000000047968|0000000008679810|0000000000101989|0000000018715136|047.03
16032026|544422|0000000000001200|0000000000084000|0000000000001200|0000000000084000|100.00
16032026|544423|0000000000003359|0000000000993257|0000000000005146|0000000001529963|065.27
16032026|544424|0000000000009342|0000000000402547|0000000000011923|0000000000518203|078.35
16032026|544425|0000000000020400|0000000002120040|0000000000020400|0000000002120040|100.00
16032026|544426|0000000000010800|0000000000629640|0000000000012000|0000000000689100|090.00
16032026|544427|0000000000005299|0000000000051083|0000000000005299|0000000000050511|100.00
16032026|544428|0000000000003600|0000000000168072|0000000000003600|0000000000168072|100.00
16032026|544429|0000000000039257|0000000025210846|0000000000061415|0000000039278592|063.92
16032026|544430|0000000000039282|0000000003425784|0000000000081761|0000000007192631|048.04
16032026|544431|0000000000004000|0000000000360200|0000000000005000|0000000000450950|080.00
16032026|544432|0000000000007669|0000000000458070|0000000000010712|0000000000640670|071.59
16032026|544433|0000000000038400|0000000000528000|0000000000045600|0000000000632868|084.21
16032026|544434|0000000000034400|0000000002867584|0000000000044800|0000000003771720|076.79
16032026|544435|0000000000081600|0000000008331360|0000000000129600|0000000013210400|062.96
16032026|544436|0000000000003600|0000000000127548|0000000000003600|0000000000128208|100.00
16032026|544437|0000000000003600|0000000000218088|0000000000003600|0000000000218088|100.00
16032026|544438|0000000000100029|0000000001094318|0000000000100173|0000000001085222|099.86
16032026|544439|0000000000013139|0000000002599552|0000000000025438|0000000004998411|051.65
16032026|544440|0000000000006000|0000000001033800|0000000000008250|0000000001444350|072.73
16032026|544441|0000000000045600|0000000003613800|0000000000047200|0000000003800480|096.61
16032026|544442|0000000000009000|0000000000933570|0000000000009600|0000000000997086|093.75
16032026|544443|0000000000000720|0000000000832680|0000000000000983|0000000001143205|073.25
16032026|544444|0000000000134400|0000000008000832|0000000000152400|0000000009147144|088.19
16032026|544445|0000000000004000|0000000000308000|0000000000004000|0000000000302000|100.00
16032026|544446|0000000000036564|0000000005820989|0000000000041602|0000000006559889|087.89
16032026|544447|0000000000001365|0000000000529620|0000000000003476|0000000001355384|039.27
16032026|544448|0000000000000161|0000000000159471|0000000000000234|0000000000232942|068.80
16032026|544449|0000000000003579|0000000002301119|0000000000006300|0000000004022277|056.81
16032026|544450|0000000000004993|0000000000626622|0000000000005101|0000000000649920|097.88
16032026|544451|0000000000006800|0000000001627240|0000000000008800|0000000002158220|077.27
16032026|544452|0000000000016000|0000000000816000|0000000000016000|0000000000824300|100.00
16032026|544453|0000000000069600|0000000013488480|0000000000071400|0000000013862820|097.48
16032026|544454|0000000000002909|0000000000413224|0000000000004186|0000000000606053|069.49
16032026|544455|0000000000007075|0000000002606077|0000000000009543|0000000003525032|074.14
16032026|544456|0000000000269652|0000000010238687|0000000000269652|0000000010238686|100.00
16032026|544457|0000000000005680|0000000000330065|0000000000009175|0000000000538802|061.91
16032026|544458|0000000000043500|0000000007627725|0000000000062500|0000000011041625|069.60
16032026|544459|0000000000007730|0000000001408020|0000000000017102|0000000003122101|045.20
16032026|544460|0000000000036800|0000000002471488|0000000000041600|0000000002760816|088.46
16032026|544461|0000000000000556|0000000000083400|0000000000000556|0000000000078411|100.00
16032026|544463|0000000000007200|0000000000394920|0000000000007200|0000000000394920|100.00
16032026|544464|0000000000008000|0000000000475200|0000000000012000|0000000000707640|066.67
16032026|544465|0000000000006959|0000000000553102|0000000000012173|0000000000968700|057.17
16032026|544466|0000000000006153|0000000009779271|0000000000009909|0000000015801868|062.10
16032026|544467|0000000000277866|0000000238200629|0000000000461669|0000000397397364|060.19
16032026|544468|0000000000004800|0000000000516000|0000000000007200|0000000000755400|066.67
16032026|544469|0000000000022655|0000000002677821|0000000000064780|0000000007646265|034.97
16032026|544470|0000000000002613|0000000000749801|0000000000005672|0000000001573201|046.07
16032026|544471|0000000000010000|0000000000295000|0000000000010000|0000000000299040|100.00
16032026|544472|0000000000065600|0000000004460800|0000000000065600|0000000004507280|100.00
16032026|544473|0000000000106149|0000000001102889|0000000000131708|0000000001369377|080.59
16032026|544474|0000000000027200|0000000000788800|0000000000032000|0000000000952224|085.00
16032026|544475|0000000000040000|0000000001159200|0000000000080000|0000000002329680|050.00
16032026|544476|0000000000008409|0000000004946174|0000000000017822|0000000010310057|047.18
16032026|544477|0000000000013234|0000000000650584|0000000000015729|0000000000773838|084.14
16032026|544479|0000000000004266|0000000000866638|0000000000007577|0000000001531186|056.30
16032026|544480|0000000000088713|0000000010330629|0000000000198844|0000000023081716|044.61
16032026|544481|0000000000014082|0000000001622247|0000000000022162|0000000002547632|063.54
16032026|544482|0000000000138000|0000000007863240|0000000000148000|0000000008195880|093.24
16032026|544483|0000000000006000|0000000000228540|0000000000006000|0000000000223308|100.00
16032026|544484|0000000000004376|0000000002246201|0000000000011103|0000000005732103|039.41
16032026|544485|0000000000102077|0000000008324380|0000000000202533|0000000016833769|050.40
16032026|544486|0000000000005500|0000000000164890|0000000000005500|0000000000164900|100.00
16032026|544487|0000000000002706|0000000000440537|0000000000003989|0000000000644881|067.84
16032026|544488|0000000000039799|0000000007265308|0000000000117718|0000000021229342|033.81
16032026|544490|0000000000003697|0000000001299311|0000000000007497|0000000002656018|049.31
16032026|544491|0000000000001631|0000000000279304|0000000000001631|0000000000279304|100.00
16032026|544492|0000000000004306|0000000000997916|0000000000007955|0000000001821303|054.13
16032026|544493|0000000000000042|0000000000006171|0000000000000046|0000000000006755|091.30
16032026|544494|0000000000014400|0000000000309744|0000000000014400|0000000000308976|100.00
16032026|544495|0000000000003600|0000000000179208|0000000000004800|0000000000238956|075.00
16032026|544496|0000000000057435|0000000003462182|0000000000145123|0000000008600703|039.58
16032026|544497|0000000000002857|0000000000330413|0000000000004284|0000000000498532|066.69
16032026|544498|0000000000003200|0000000000144800|0000000000003200|0000000000144800|100.00
16032026|544499|0000000000000091|0000000000015298|0000000000000091|0000000000015517|100.00
16032026|544500|0000000000004000|0000000000130400|0000000000006000|0000000000201400|066.67
16032026|544501|0000000000076000|0000000007944280|0000000000084000|0000000008611570|090.48
16032026|544502|0000000000002225|0000000000217939|0000000000003452|0000000000332234|064.46
16032026|544503|0000000000004000|0000000000416350|0000000000004000|0000000000416350|100.00
16032026|544504|0000000000006000|0000000001704600|0000000000006400|0000000001831180|093.75
16032026|544505|0000000000002000|0000000000092000|0000000000002000|0000000000092000|100.00
16032026|544506|0000000000019800|0000000002296800|0000000000031800|0000000003654390|062.26
16032026|544507|0000000000152810|0000000001376819|0000000000242915|0000000002160444|062.91
16032026|544508|0000000000001200|0000000000075000|0000000000001200|0000000000075000|100.00
16032026|544509|0000000000040000|0000000001232000|0000000000044800|0000000001387936|089.29
16032026|544510|0000000000001600|0000000000120000|0000000000003200|0000000000244000|050.00
16032026|544511|0000000000000800|0000000000114120|0000000000000800|0000000000114120|100.00
16032026|544512|0000000000010033|0000000001879683|0000000000030557|0000000005773209|032.83
16032026|544513|0000000000006100|0000000000220698|0000000000008703|0000000000316210|070.09
16032026|544515|0000000000052163|0000000005912677|0000000000130801|0000000014643044|039.88
16032026|544516|0000000000064000|0000000017376000|0000000000128000|0000000034981850|050.00
16032026|544517|0000000000001148|0000000001053864|0000000000002137|0000000001954422|053.72
16032026|544518|0000000000011200|0000000001911040|0000000000011200|0000000001911040|100.00
16032026|544519|0000000000002996|0000000000702413|0000000000006264|0000000001496702|047.83
16032026|544520|0000000000006000|0000000000288600|0000000000010800|0000000000535068|055.56
16032026|544521|0000000000005662|0000000000220309|0000000000007256|0000000000284582|078.03
16032026|544522|0000000000001032|0000000000403048|0000000000001089|0000000000439860|094.77
16032026|544523|0000000000001642|0000000000371749|0000000000002717|0000000000613264|060.43
16032026|544524|0000000000037600|0000000006222800|0000000000048000|0000000007953640|078.33
16032026|544525|0000000000011300|0000000001159380|0000000000024453|0000000002491191|046.21
16032026|544526|0000000000004251|0000000001477861|0000000000007577|0000000002609340|056.10
16032026|544527|0000000000003116|0000000003048227|0000000000006528|0000000006450606|047.73
16032026|544528|0000000000007797|0000000001229198|0000000000011223|0000000001760720|069.47
16032026|544529|0000000000022000|0000000007286900|0000000000022000|0000000007286900|100.00
16032026|544530|0000000000017492|0000000008144276|0000000000028935|0000000013512217|060.45
16032026|544531|0000000000139200|0000000018040320|0000000000150000|0000000019259640|092.80
16032026|544532|0000000000010090|0000000001551338|0000000000017670|0000000002677717|057.10
16032026|544533|0000000000046715|0000000011723130|0000000000053220|0000000013355244|087.78
16032026|544534|0000000000017822|0000000008244458|0000000000071819|0000000032691904|024.82
16032026|544535|0000000000030400|0000000004256000|0000000000054400|0000000007631840|055.88
16032026|544536|0000000000000025|0000000000022250|0000000000000025|0000000000022428|100.00
16032026|544537|0000000000013277|0000000005642725|0000000000036629|0000000015419368|036.25
16032026|544540|0000000000010776|0000000001692371|0000000000025735|0000000003998463|041.87
16032026|544541|0000000000069000|0000000010253400|0000000000069600|0000000010473480|099.14
16032026|544542|0000000000013000|0000000001274000|0000000000016000|0000000001563900|081.25
16032026|544543|0000000000018992|0000000001139900|0000000000032329|0000000001948410|058.75
16032026|544544|0000000000002400|0000000000230400|0000000000004800|0000000000456120|050.00
16032026|544545|0000000000022605|0000000008472354|0000000000040245|0000000015333114|056.17
16032026|544546|0000000000007200|0000000000374832|0000000000009600|0000000000507804|075.00
16032026|544547|0000000000010378|0000000000533533|0000000000015007|0000000000783759|069.15
16032026|544549|0000000000001000|0000000000120000|0000000000002000|0000000000234500|050.00
16032026|544550|0000000000015537|0000000002542631|0000000000027818|0000000004485061|055.85
16032026|544553|0000000000059200|0000000007636800|0000000000068800|0000000008882880|086.05
16032026|544554|0000000000002000|0000000000110000|0000000000002000|0000000000110000|100.00
16032026|544556|0000000000003200|0000000000096320|0000000000003200|0000000000096336|100.00
16032026|544557|0000000000005206|0000000000227451|0000000000007589|0000000000331452|068.60
16032026|544558|0000000000008116|0000000001120820|0000000000012566|0000000001754325|064.59
16032026|544559|0000000000016000|0000000000238560|0000000000017600|0000000000265424|090.91
16032026|544560|0000000000012000|0000000000750600|0000000000016000|0000000001043020|075.00
16032026|544561|0000000000030000|0000000000196500|0000000000036000|0000000000240180|083.33
16032026|544562|0000000000008903|0000000000904990|0000000000021678|0000000002183529|041.07
16032026|544563|0000000000039000|0000000012827400|0000000000039000|0000000012827400|100.00
16032026|544564|0000000000003131|0000000000224243|0000000000003470|0000000000250258|090.23
16032026|544565|0000000000046000|0000000001979380|0000000000048000|0000000002035760|095.83
16032026|544566|0000000000033000|0000000002408670|0000000000033000|0000000002393880|100.00
16032026|544568|0000000000081600|0000000008315040|0000000000165600|0000000016444860|049.28
16032026|544569|0000000000561264|0000000245693316|0000000001189379|0000000511267696|047.19
16032026|544570|0000000000002452|0000000001115660|0000000000004244|0000000001938644|057.78
16032026|544571|0000000000002000|0000000000135600|0000000000002000|0000000000133950|100.00
16032026|544572|0000000000000175|0000000000388273|0000000000000368|0000000000813783|047.55
16032026|544573|0000000000000001|0000000000001023|0000000000000001|0000000000001022|100.00
16032026|544574|0000000000095078|0000000029388610|0000000000178412|0000000054815985|053.29
16032026|544575|0000000000019000|0000000000588810|0000000000027000|0000000000799360|070.37
16032026|544576|0000000000114570|0000000176472171|0000000000133833|0000000208084608|085.61
16032026|544577|0000000000000535|0000000000068534|0000000000000535|0000000000068505|100.00
16032026|544578|0000000000003995|0000000002995252|0000000000009388|0000000007080411|042.55
16032026|544579|0000000000000110|0000000000011325|0000000000000110|0000000000011324|100.00
16032026|544580|0000000000017875|0000000004149682|0000000000042036|0000000009765735|042.52
16032026|544581|0000000000002000|0000000000018520|0000000000002000|0000000000018312|100.00
16032026|544582|0000000000009600|0000000000230400|0000000000010800|0000000000260220|088.89
16032026|544583|0000000000037836|0000000005493788|0000000000078956|0000000011361033|047.92
16032026|544584|0000000000007000|0000000000813750|0000000000008000|0000000000936550|087.50
16032026|544585|0000000000012000|0000000000612000|0000000000014000|0000000000727820|085.71
16032026|544586|0000000000116218|0000000001081990|0000000000150462|0000000001392185|077.24
16032026|544587|0000000000001960|0000000002309664|0000000000002768|0000000003238251|070.81
16032026|544594|0000000000050400|0000000005518800|0000000000054000|0000000005974680|093.33
16032026|544595|0000000000004575|0000000002508244|0000000000008493|0000000004639247|053.87
16032026|544596|0000000000000000|0000000000000000|0000000000002400|0000000000079200|000.00
16032026|544597|0000000000006150|0000000011064158|0000000000011558|0000000020248853|053.21
16032026|544598|0000000000038817|0000000000148670|0000000000062006|0000000000242916|062.60
16032026|544599|0000000000000656|0000000000333937|0000000000000815|0000000000411228|080.49
16032026|544600|0000000000035863|0000000017827498|0000000000104081|0000000051790737|034.46
16032026|544601|0000000000000361|0000000000055089|0000000000000383|0000000000058756|094.26
16032026|544603|0000000000316504|0000000049991807|0000000001016156|0000000159030945|031.15
16032026|544604|0000000000088212|0000000003163283|0000000000156319|0000000005585953|056.43
16032026|544605|0000000000340705|0000000005056063|0000000000397591|0000000005840824|085.69
16032026|544606|0000000000035558|0000000005797732|0000000000081885|0000000013175739|043.42
16032026|544607|0000000000001200|0000000000060600|0000000000001200|0000000000060600|100.00
16032026|544608|0000000000052600|0000000011043370|0000000000134413|0000000027999383|039.13
16032026|544609|0000000000107960|0000000009064322|0000000000425907|0000000035148140|025.35
16032026|544610|0000000000012000|0000000003867000|0000000000021000|0000000006577380|057.14
16032026|544611|0000000000042000|0000000006177660|0000000000042000|0000000006177660|100.00
16032026|544612|0000000000016220|0000000008560105|0000000000040233|0000000020997935|040.32
16032026|544613|0000000000005917|0000000001075119|0000000000008435|0000000001536829|070.15
16032026|544614|0000000000000229|0000000000118142|0000000000000269|0000000000138893|085.13
16032026|544615|0000000000002454|0000000000087551|0000000000002454|0000000000087551|100.00
16032026|544616|0000000000018000|0000000002430000|0000000000019000|0000000002592100|094.74
16032026|544617|0000000000014690|0000000001128780|0000000000027335|0000000002119173|053.74
16032026|544619|0000000000003271|0000000001950661|0000000000006159|0000000003626477|053.11
16032026|544621|0000000000008000|0000000000328560|0000000000009000|0000000000366860|088.89
16032026|544622|0000000001618650|0000000038928533|0000000002035138|0000000049323437|079.54
16032026|544623|0000000000001200|0000000000178800|0000000000001200|0000000000178800|100.00
16032026|544624|0000000000009000|0000000000095310|0000000000012000|0000000000127110|075.00
16032026|544625|0000000000011400|0000000000353400|0000000000011400|0000000000353640|100.00
16032026|544626|0000000000009000|0000000003141000|0000000000017000|0000000005720500|052.94
16032026|544627|0000000000002000|0000000000227900|0000000000006000|0000000000653350|033.33
16032026|544628|0000000000012000|0000000000209520|0000000000058000|0000000000993380|020.69
16032026|544629|0000000000005000|0000000000740000|0000000000008000|0000000001203200|062.50
16032026|544630|0000000000002400|0000000000304800|0000000000004800|0000000000576000|050.00
16032026|544631|0000000000000006|0000000000003718|0000000000000006|0000000000003717|100.00
16032026|544632|0000000001391376|0000000187696623|0000000001814255|0000000236522347|076.69
16032026|544633|0000000000055014|0000000002923444|0000000000112357|0000000005928641|048.96
16032026|544634|0000000000033947|0000000003905603|0000000000058895|0000000006786849|057.64
16032026|544637|0000000000019800|0000000002074050|0000000000030000|0000000003190980|066.00
16032026|544638|0000000000000656|0000000000100539|0000000000001405|0000000000215525|046.69
16032026|544639|0000000000000975|0000000000239012|0000000000001391|0000000000344106|070.09
16032026|544640|0000000000014400|0000000000447120|0000000000018000|0000000000565512|080.00
16032026|544641|0000000000056400|0000000012126000|0000000000059400|0000000013135800|094.95
16032026|544642|0000000000435948|0000000068116875|0000000000445222|0000000069093479|097.92
16032026|544643|0000000000001000|0000000000191800|0000000000001000|0000000000191800|100.00
16032026|544644|0000000000000389|0000000000603865|0000000000000952|0000000001459759|040.86
16032026|544645|0000000000034625|0000000006417744|0000000000065754|0000000012288999|052.66
16032026|544646|0000000000060000|0000000000228000|0000000000060000|0000000000228000|100.00
16032026|544647|0000000000008334|0000000004397019|0000000000014038|0000000007453370|059.37
16032026|544654|0000000000006700|0000000000099294|0000000000006801|0000000000100046|098.51
16032026|544655|0000000000004872|0000000000098707|0000000000004982|0000000000101014|097.79
16032026|544656|0000000000055200|0000000014158560|0000000000055200|0000000014158560|100.00
16032026|544658|0000000000009042|0000000026116913|0000000000021982|0000000062982635|041.13
16032026|544659|0000000000004000|0000000000132000|0000000000004000|0000000000132000|100.00
16032026|544660|0000000000034250|0000000000291468|0000000000039161|0000000000328462|087.46
16032026|544661|0000000000003760|0000000000129796|0000000000004498|0000000000154153|083.59
16032026|544662|0000000000010385|0000000001254537|0000000000010385|0000000001254537|100.00
16032026|544663|0000000000017000|0000000000708390|0000000000019000|0000000000777870|089.47
16032026|544664|0000000000018337|0000000007450324|0000000000027466|0000000010917457|066.76
16032026|544665|0000000000012800|0000000001446400|0000000000012800|0000000001446400|100.00
16032026|544666|0000000000038493|0000000004078334|0000000000055066|0000000005847414|069.90
16032026|544667|0000000000052800|0000000002820048|0000000000054000|0000000002862036|097.78
16032026|544668|0000000000001200|0000000000326280|0000000000002400|0000000000653250|050.00
16032026|544669|0000000000004800|0000000000956880|0000000000005400|0000000001075680|088.89
16032026|544670|0000000000000600|0000000000102900|0000000000001200|0000000000207900|050.00
16032026|544672|0000000000001503|0000000000227179|0000000000002023|0000000000306510|074.30
16032026|544673|0000000000017600|0000000001126400|0000000000020800|0000000001308400|084.62
16032026|544674|0000000000000283|0000000000018305|0000000000000457|0000000000029448|061.93
16032026|544675|0000000000006400|0000000000319680|0000000000008000|0000000000402160|080.00
16032026|544676|0000000000060000|0000000002619600|0000000000064800|0000000002819232|092.59
16032026|544677|0000000000030400|0000000002705600|0000000000051200|0000000004681120|059.38
16032026|544678|0000000000442861|0000000015318562|0000000001149923|0000000039983365|038.51
16032026|544679|0000000000002390|0000000000864224|0000000000009501|0000000003376830|025.16
16032026|544681|0000000000032000|0000000004694400|0000000000034000|0000000005020500|094.12
16032026|544682|0000000000022800|0000000002052000|0000000000022800|0000000002053440|100.00
16032026|544683|0000000000033000|0000000000560340|0000000000036000|0000000000598470|091.67
16032026|544684|0000000000013200|0000000001164900|0000000000019200|0000000001666152|068.75
16032026|544685|0000000000046496|0000000005065740|0000000000093983|0000000010138453|049.47
16032026|544686|0000000000001000|0000000000133300|0000000000002000|0000000000264300|050.00
16032026|544687|0000000000010000|0000000000586100|0000000000010000|0000000000571040|100.00
16032026|544693|0000000000008000|0000000000247040|0000000000009600|0000000000296656|083.33
16032026|544694|0000000000007000|0000000001379000|0000000000007000|0000000001339000|100.00
16032026|544695|0000000000030000|0000000003292500|0000000000037000|0000000004068950|081.08
16032026|544699|0000000000037548|0000000003775452|0000000000096357|0000000009361402|038.97
16032026|544700|0000000000029547|0000000022627093|0000000000058125|0000000044600091|050.83
16032026|544701|0000000000083625|0000000001516958|0000000000103075|0000000001860410|081.13
16032026|544702|0000000000018476|0000000001297570|0000000000037320|0000000002604165|049.51
16032026|544703|0000000000015052|0000000000335510|0000000000015597|0000000000355675|096.51
16032026|544704|0000000000001572|0000000000016805|0000000000032005|0000000000337605|004.91
16032026|544705|0000000000018871|0000000001219067|0000000000033402|0000000002144697|056.50
16032026|544707|0000000000002400|0000000000489600|0000000000003600|0000000000732900|066.67
16032026|544708|0000000000194400|0000000007480512|0000000000194400|0000000007480512|100.00
16032026|544709|0000000000045006|0000000003679691|0000000000090759|0000000007298334|049.59
16032026|544710|0000000000252000|0000000011726700|0000000000252000|0000000011726700|100.00
16032026|544711|0000000000003000|0000000000221400|0000000000003000|0000000000221400|100.00
16032026|544716|0000000000080359|0000000003959696|0000000000080359|0000000003959696|100.00
16032026|544717|0000000000004020|0000000003463833|0000000000009512|0000000008299278|042.26
16032026|544718|0000000000005385|0000000001980334|0000000000015671|0000000005867208|034.36
16032026|544719|0000000000000209|0000000000034943|0000000000000210|0000000000034627|099.52
16032026|544720|0000000000051225|0000000011236204|0000000000134981|0000000029736887|037.95
16032026|544721|0000000000009503|0000000000427445|0000000000011124|0000000000504471|085.43
16032026|544722|0000000000000990|0000000000056203|0000000000000990|0000000000055999|100.00
16032026|544723|0000000000006226|0000000009176191|0000000000058474|0000000085155691|010.65
16032026|544724|0000000000120000|0000000005758650|0000000000120000|0000000005758650|100.00
16032026|544725|0000000000015694|0000000000254557|0000000000015694|0000000000253506|100.00
16032026|544726|0000000000007026|0000000002442589|0000000000009374|0000000003217951|074.95
16032026|555555|0000000000001394|0000000001203385|0000000000001871|0000000001593964|074.51
16032026|570002|0000000000001091|0000000000003011|0000000000001091|0000000000003011|100.00
16032026|570004|0000000000000539|0000000000011260|0000000000000602|0000000000012565|089.53
16032026|570005|0000000000093752|0000000000040314|0000000000105160|0000000000046517|089.15
16032026|590003|0000000000064963|0000000018481974|0000000000158359|0000000044460986|041.02
16032026|590005|0000000000000391|0000000000510588|0000000000000674|0000000000881373|058.01
16032026|590006|0000000000000797|0000000000420856|0000000000000884|0000000000467347|090.16
16032026|590013|0000000000001838|0000000001521313|0000000000002606|0000000002140163|070.53
16032026|590018|0000000000000001|0000000000000152|0000000000000001|0000000000000151|100.00
16032026|590021|0000000000001250|0000000001596500|0000000000002156|0000000002730593|057.98
16032026|590024|0000000000050364|0000000040628639|0000000000115347|0000000094194509|043.66
16032026|590025|0000000000000646|0000000000022694|0000000000000861|0000000000030719|075.03
16032026|590030|0000000000036796|0000000002205921|0000000000062327|0000000003735950|059.04
16032026|590031|0000000000000500|0000000000354175|0000000000000637|0000000000440488|078.49
16032026|590041|0000000000044140|0000000002566686|0000000000044140|0000000002566686|100.00
16032026|590051|0000000000014743|0000000001797172|0000000000024281|0000000002998143|060.72
16032026|590056|0000000000000136|0000000000036986|0000000000000139|0000000000034966|097.84
16032026|590057|0000000000006838|0000000000116314|0000000000006838|0000000000116314|100.00
16032026|590062|0000000000000679|0000000000047245|0000000000000912|0000000000063576|074.45
16032026|590065|0000000000000445|0000000000445023|0000000000000480|0000000000479072|092.71
16032026|590066|0000000000159445|0000000022441884|0000000000167437|0000000023216868|095.23
16032026|590068|0000000000000224|0000000000021751|0000000000000224|0000000000021748|100.00
16032026|590070|0000000000002917|0000000000007818|0000000000002919|0000000000007890|099.93
16032026|590071|0000000000001781|0000000009036171|0000000000003057|0000000015565746|058.26
16032026|590072|0000000000000017|0000000000009282|0000000000000025|0000000000013695|068.00
16032026|590073|0000000000002961|0000000002727230|0000000000004042|0000000003703439|073.26
16032026|590075|0000000000000485|0000000000043238|0000000000000503|0000000000045678|096.42
16032026|590078|0000000000001782|0000000001600771|0000000000002962|0000000002678333|060.16
16032026|590086|0000000000000610|0000000002139453|0000000000000955|0000000003340675|063.87
16032026|590095|0000000001305106|0000000165970331|0000000002103953|0000000268983404|062.03
16032026|590096|0000000000093347|0000000093347000|0000000000388012|0000000388011603|024.06
16032026|590097|0000000000046473|0000000005960163|0000000000078875|0000000010188658|058.92
16032026|590098|0000000000274606|0000000035987117|0000000000382375|0000000050340573|071.82
16032026|590099|0000000000005062|0000000000644646|0000000000010133|0000000001299023|049.96
16032026|590101|0000000000035056|0000000004542908|0000000000050022|0000000006495055|070.08
16032026|590103|0000000000350564|0000000092945034|0000000000600614|0000000157848233|058.37
16032026|590104|0000000000020696|0000000014356609|0000000000047252|0000000032751780|043.80
16032026|590106|0000000000037116|0000000020867729|0000000000061002|0000000033982266|060.84
16032026|590107|0000000000001267|0000000001080967|0000000000001694|0000000001432348|074.79
16032026|590108|0000000000055641|0000000005298693|0000000000121416|0000000011467653|045.83
16032026|590109|0000000000001617|0000000000725953|0000000000002156|0000000000960915|075.00
16032026|590110|0000000000000361|0000000000091406|0000000000000496|0000000000125565|072.78
16032026|590113|0000000000007509|0000000003731973|0000000000012013|0000000006040661|062.51
16032026|590115|0000000000000165|0000000000040323|0000000000000229|0000000000055228|072.05
16032026|590134|0000000000002733|0000000000169583|0000000000004698|0000000000289587|058.17
16032026|590136|0000000000050422|0000000002840776|0000000000077370|0000000004302414|065.17
16032026|590137|0000000000003886|0000000002164075|0000000000005728|0000000003158182|067.84
16032026|590138|0000000000068910|0000000017279183|0000000000087968|0000000021910274|078.34
16032026|590139|0000000000003724|0000000004079345|0000000000074330|0000000081422569|005.01
16032026|590140|0000000004868208|0000000072633664|0000000009354440|0000000140435182|052.04
16032026|590141|0000000000250047|0000000007999004|0000000000423094|0000000013491247|059.10
16032026|590142|0000000000167042|0000000003863682|0000000000242046|0000000005611890|069.01
16032026|590143|0000000000039482|0000000001161166|0000000000054994|0000000001618484|071.79
16032026|590144|0000000000018881|0000000003927060|0000000000028083|0000000005832527|067.23
16032026|590145|0000000000668587|0000000155994719|0000000001930412|0000000456562195|034.63
16032026|590146|0000000000006443|0000000000983331|0000000000009147|0000000001392065|070.44
16032026|590147|0000000000001037|0000000000251286|0000000000001767|0000000000430171|058.69
16032026|590148|0000000000070845|0000000001054174|0000000000118162|0000000001741236|059.96
16032026|590149|0000000000017872|0000000000803347|0000000000025700|0000000001145377|069.54
16032026|590150|0000000000046253|0000000003227997|0000000000052213|0000000003622269|088.59
16032026|590151|0000000000090767|0000000004314156|0000000000132677|0000000006257660|068.41
16032026|590152|0000000000225569|0000000019495929|0000000000282461|0000000024280414|079.86
16032026|590153|0000000000221826|0000000004869081|0000000000226884|0000000004942445|097.77
16032026|590154|0000000000067511|0000000003023818|0000000000079911|0000000003584683|084.48
16032026|717506|0000000000054228|0000000000548788|0000000000054764|0000000000554760|099.02
16032026|751093|0000000001497991|0000000000045015|0000000001497991|0000000000045015|100.00
16032026|751095|0000000000002027|0000000000054179|0000000000002027|0000000000054179|100.00
16032026|751096|0000000001278198|0000000000281203|0000000001278198|0000000000281203|100.00
16032026|751098|0000000000063547|0000000000056089|0000000000063547|0000000000056089|100.00
16032026|800148|0000000000220001|0000000022946105|0000000000220001|0000000022946104|100.00
16032026|800157|0000000000184900|0000000020228060|0000000000184900|0000000020228060|100.00
16032026|800159|0000000000230000|0000000022908000|0000000000230000|0000000022908000|100.00
16032026|800164|0000000000001000|0000000000102000|0000000000001000|0000000000102000|100.00
16032026|800177|0000000000100000|0000000011495000|0000000000100000|0000000011495000|100.00
16032026|800180|0000000000001000|0000000000105500|0000000000001000|0000000000105500|100.00
16032026|800211|0000000000199400|0000000022302890|0000000000199400|0000000022302890|100.00
16032026|800212|0000000000000090|0000000000009720|0000000000000090|0000000000009724|100.00
16032026|800220|0000000000000100|0000000000010555|0000000000000100|0000000000010555|100.00
16032026|800263|0000000000100000|0000000009940000|0000000000100000|0000000009940000|100.00
16032026|800287|0000000000000001|0000000000015000|0000000000000001|0000000000015000|100.00
16032026|800288|0000000000000001|0000000000015126|0000000000000001|0000000000015126|100.00
16032026|800297|0000000000000012|0000000000183724|0000000000000014|0000000000215037|085.71
16032026|800298|0000000000001500|0000000000157125|0000000000001500|0000000000157125|100.00
16032026|800301|0000000000000006|0000000000092266|0000000000000006|0000000000092877|100.00
16032026|800303|0000000000000001|0000000000015126|0000000000000001|0000000000015126|100.00
16032026|800311|0000000000000100|0000000000010255|0000000000000100|0000000000010255|100.00
16032026|800318|0000000000000032|0000000000491811|0000000000000049|0000000000758756|065.31
16032026|800320|0000000000000020|0000000000307001|0000000000000022|0000000000340680|090.91
16032026|800322|0000000000000004|0000000000061344|0000000000000005|0000000000076676|080.00
16032026|800324|0000000000000013|0000000000199771|0000000000000019|0000000000292712|068.42
16032026|800325|0000000000000157|0000000002409761|0000000000000192|0000000002957942|081.77
16032026|800326|0000000000000004|0000000000000384|0000000000000004|0000000000000385|100.00
16032026|800327|0000000000000010|0000000000153411|0000000000000010|0000000000154052|100.00
16032026|800328|0000000000000046|0000000000704755|0000000000000047|0000000000721608|097.87
16032026|800329|0000000000000057|0000000000877800|0000000000000057|0000000000877908|100.00
16032026|800331|0000000000000008|0000000000122679|0000000000000008|0000000000123169|100.00
16032026|800332|0000000000000006|0000000000092102|0000000000000006|0000000000091984|100.00
16032026|800333|0000000000000004|0000000000061339|0000000000000006|0000000000092062|066.67
16032026|800334|0000000000100000|0000000009090000|0000000000100000|0000000009090000|100.00
16032026|800339|0000000000000088|0000000001347368|0000000000000098|0000000001510051|089.80
16032026|800340|0000000000000065|0000000000998454|0000000000000067|0000000001036553|097.01
16032026|800341|0000000000000009|0000000000138204|0000000000000009|0000000000138371|100.00
16032026|800342|0000000000000020|0000000000306863|0000000000000033|0000000000514715|060.61
16032026|800385|0000000000000011|0000000000169675|0000000000000011|0000000000169975|100.00
16032026|800386|0000000000000010|0000000000154021|0000000000000038|0000000000584760|026.32
16032026|800434|0000000000000016|0000000000248000|0000000000000025|0000000000391147|064.00
16032026|800436|0000000000004662|0000000000446154|0000000000008662|0000000000822161|053.82
16032026|800437|0000000000000021|0000000000323421|0000000000000021|0000000000323421|100.00
16032026|800438|0000000000000017|0000000000266883|0000000000000017|0000000000264047|100.00
16032026|800441|0000000000081447|0000000008775915|0000000000081447|0000000008762515|100.00
16032026|800443|0000000000000003|0000000000046576|0000000000000003|0000000000046965|100.00
16032026|800444|0000000000100000|0000000010460000|0000000000100000|0000000010460000|100.00
16032026|800488|0000000000000126|0000000001968456|0000000000000127|0000000001982915|099.21
16032026|800573|0000000000000298|0000000004625854|0000000000000334|0000000005176757|089.22
16032026|800575|0000000000000019|0000000000296571|0000000000000023|0000000000362441|082.61
16032026|800576|0000000000075000|0000000007792500|0000000000075000|0000000007792500|100.00
16032026|800580|0000000000000040|0000000000630207|0000000000000066|0000000001038892|060.61
16032026|800588|0000000000009294|0000000000913229|0000000000009301|0000000000914068|099.92
16032026|800596|0000000000000378|0000000005914377|0000000000000476|0000000007513606|079.41
16032026|800597|0000000000402000|0000000040561800|0000000000752000|0000000077197850|053.46
16032026|800603|0000000000000585|0000000009162692|0000000000000667|0000000010516882|087.71
16032026|800605|0000000000001411|0000000022449462|0000000000001859|0000000029689349|075.90
16032026|800607|0000000000002150|0000000000215860|0000000000002150|0000000000215675|100.00
16032026|800608|0000000000100000|0000000010535000|0000000000100000|0000000010535000|100.00
16032026|800677|0000000000500000|0000000025350000|0000000000500000|0000000025350000|100.00
16032026|800684|0000000000500000|0000000027150000|0000000000500000|0000000027150000|100.00
16032026|800808|0000000000000200|0000000000018920|0000000000000200|0000000000019030|100.00
16032026|800809|0000000000000400|0000000000039760|0000000000000400|0000000000039760|100.00
16032026|805132|0000000000010000|0000000000963700|0000000000010000|0000000000963650|100.00
16032026|805141|0000000000000100|0000000000009604|0000000000000100|0000000000009604|100.00
16032026|805149|0000000000006000|0000000000590880|0000000000006000|0000000000590880|100.00
16032026|805163|0000000000000500|0000000000049775|0000000000000500|0000000000049770|100.00
16032026|805172|0000000000000700|0000000000069300|0000000000000900|0000000000089132|077.78
16032026|805175|0000000000000100|0000000000009887|0000000000000200|0000000000019767|050.00
16032026|811012|0000000000000050|0000000000004150|0000000000000050|0000000000004150|100.00
16032026|890197|0000000000014320|0000000000014893|0000000000014510|0000000000015676|098.69
16032026|890202|0000000000000030|0000000000008100|0000000000000030|0000000000008416|100.00
16032026|890217|0000000000000089|0000000000005291|0000000000000090|0000000000004956|098.89
16032026|890220|0000000000001000|0000000000009500|0000000000001000|0000000000009500|100.00
16032026|890221|0000000000000536|0000000000055610|0000000000000536|0000000000054850|100.00
16032026|890226|0000000000000010|0000000000000170|0000000000000010|0000000000000175|100.00
16032026|890228|0000000000003954|0000000000032186|0000000000004243|0000000000037929|093.19
16032026|890230|0000000000005243|0000000000644889|0000000000005245|0000000000633350|099.96
16032026|890231|0000000000000201|0000000000003588|0000000000000201|0000000000003588|100.00
16032026|890232|0000000000000094|0000000000010058|0000000000000094|0000000000010058|100.00
16032026|890233|0000000002852736|0000000003708557|0000000002853799|0000000003755180|099.96
16032026|912254|0000000000000002|0000000000195980|0000000000000002|0000000000195980|100.00
16032026|935638|0000000000000102|0000000000111752|0000000000000102|0000000000111751|100.00
16032026|935666|0000000000000100|0000000000111645|0000000000000100|0000000000111645|100.00
16032026|935682|0000000000000010|0000000000011180|0000000000000010|0000000000011180|100.00
16032026|935752|0000000000000485|0000000000516525|0000000000000734|0000000000782207|066.08
16032026|935760|0000000000000403|0000000000916825|0000000000000416|0000000000951807|096.88
16032026|935786|0000000000000001|0000000000001000|0000000000000001|0000000000001000|100.00
16032026|935788|0000000000000010|0000000000010526|0000000000000010|0000000000010525|100.00
16032026|935858|0000000000000110|0000000000111980|0000000000000110|0000000000111980|100.00
16032026|935860|0000000000000067|0000000000068153|0000000000000067|0000000000068152|100.00
16032026|936044|0000000000000005|0000000000005325|0000000000000005|0000000000005325|100.00
16032026|936048|0000000000000055|0000000000059564|0000000000000055|0000000000059609|100.00
16032026|936130|0000000000000514|0000000000505319|0000000000000514|0000000000505319|100.00
16032026|936224|0000000000000030|0000000000032400|0000000000000030|0000000000032400|100.00
16032026|936226|0000000000000001|0000000000001049|0000000000000002|0000000000002097|050.00
16032026|936252|0000000000000031|0000000000030721|0000000000000032|0000000000031783|096.88
16032026|936254|0000000000000010|0000000000010340|0000000000000010|0000000000010340|100.00
16032026|936294|0000000000000000|0000000000000000|0000000000000002|0000000000002140|000.00
16032026|936398|0000000000000525|0000000000531878|0000000000000525|0000000000530377|100.00
16032026|936410|0000000000000002|0000000000002204|0000000000000002|0000000000002204|100.00
16032026|936412|0000000000000431|0000000000470782|0000000000000504|0000000000550404|085.52
16032026|936476|0000000000000001|0000000000000992|0000000000000001|0000000000000992|100.00
16032026|936492|0000000000000025|0000000000049000|0000000000000025|0000000000049000|100.00
16032026|936532|0000000000000169|0000000000179129|0000000000000171|0000000000181292|098.83
16032026|936574|0000000000000075|0000000000081938|0000000000000084|0000000000091770|089.29
16032026|936722|0000000000000016|0000000000015840|0000000000000016|0000000000014863|100.00
16032026|936810|0000000000000038|0000000000039850|0000000000000038|0000000000039849|100.00
16032026|936959|0000000000000013|0000000000024568|0000000000000013|0000000000024567|100.00
16032026|936975|0000000000000104|0000000000103480|0000000000000104|0000000000102980|100.00
16032026|937053|0000000000000105|0000000000106365|0000000000000110|0000000000111223|095.45
16032026|937065|0000000000000050|0000000000054050|0000000000000050|0000000000054050|100.00
16032026|937091|0000000000000130|0000000000133900|0000000000000130|0000000000132820|100.00
16032026|937149|0000000000000004|0000000000004041|0000000000000004|0000000000004040|100.00
16032026|937345|0000000000000120|0000000000115804|0000000000000135|0000000000131994|088.89
16032026|937385|0000000000002260|0000000002237400|0000000000002460|0000000002440036|091.87
16032026|937409|0000000000000009|0000000000008775|0000000000000009|0000000000008775|100.00
16032026|937419|0000000000001000|0000000001522050|0000000000001020|0000000001556447|098.04
16032026|937455|0000000000000937|0000000000930751|0000000000000937|0000000000931141|100.00
16032026|937457|0000000000000053|0000000000082442|0000000000000053|0000000000082866|100.00
16032026|937467|0000000000000200|0000000000214160|0000000000000200|0000000000214160|100.00
16032026|937473|0000000000000001|0000000000001458|0000000000000001|0000000000001458|100.00
16032026|937497|0000000000000039|0000000000042042|0000000000000039|0000000000042042|100.00
16032026|937503|0000000000000050|0000000000051010|0000000000000050|0000000000051010|100.00
16032026|937515|0000000000000050|0000000000049500|0000000000000074|0000000000070760|067.57
16032026|937525|0000000000000008|0000000000008503|0000000000000008|0000000000008502|100.00
16032026|937537|0000000000000112|0000000000120693|0000000000000112|0000000000120670|100.00
16032026|937577|0000000000000154|0000000000161700|0000000000000154|0000000000161700|100.00
16032026|937581|0000000000000004|0000000000004233|0000000000000004|0000000000004232|100.00
16032026|937621|0000000000000317|0000000000316366|0000000000000324|0000000000322501|097.84
16032026|937631|0000000000000006|0000000000005970|0000000000000006|0000000000005970|100.00
16032026|937633|0000000000000064|0000000000066432|0000000000000064|0000000000066432|100.00
16032026|937635|0000000000001000|0000000001485000|0000000000001000|0000000001485000|100.00
16032026|937637|0000000000000085|0000000000082990|0000000000000085|0000000000082989|100.00
16032026|937639|0000000000000001|0000000000000993|0000000000000001|0000000000000992|100.00
16032026|937651|0000000000000100|0000000000099000|0000000000000200|0000000000198015|050.00
16032026|937709|0000000000000163|0000000000150775|0000000000000163|0000000000150775|100.00
16032026|937721|0000000000000005|0000000000004950|0000000000000005|0000000000004950|100.00
16032026|937773|0000000000000100|0000000000099500|0000000000000100|0000000000099500|100.00
16032026|937799|0000000000000053|0000000000052258|0000000000000053|0000000000052218|100.00
16032026|937805|0000000000000011|0000000000010615|0000000000000011|0000000000010615|100.00
16032026|937835|0000000000000002|0000000000002541|0000000000000004|0000000000005140|050.00
16032026|937939|0000000000000100|0000000000099000|0000000000000100|0000000000099000|100.00
16032026|937999|0000000000000005|0000000000004950|0000000000000005|0000000000004950|100.00
16032026|938005|0000000000000002|0000000000001920|0000000000000004|0000000000003820|050.00
16032026|938015|0000000000000006|0000000000006211|0000000000000006|0000000000006210|100.00
16032026|938107|0000000000000110|0000000000116600|0000000000000220|0000000000231099|050.00
16032026|938111|0000000000001000|0000000001013000|0000000000001000|0000000001013000|100.00
16032026|938123|0000000000000795|0000000000773742|0000000000000795|0000000000773741|100.00
16032026|938125|0000000000000146|0000000000199436|0000000000000146|0000000000199436|100.00
16032026|938196|0000000000000006|0000000000005283|0000000000000006|0000000000005283|100.00
16032026|938212|0000000000000094|0000000000093103|0000000000000094|0000000000093080|100.00
16032026|938218|0000000000000018|0000000000017136|0000000000000018|0000000000017136|100.00
16032026|938226|0000000000001692|0000000000712332|0000000000001846|0000000000776209|091.66
16032026|938278|0000000000000009|0000000000009135|0000000000000009|0000000000009135|100.00
16032026|938336|0000000000000029|0000000000037700|0000000000000029|0000000000037700|100.00
16032026|938370|0000000000000131|0000000000128249|0000000000000141|0000000000138068|092.91
16032026|938382|0000000000000250|0000000000246750|0000000000000250|0000000000245619|100.00
16032026|938384|0000000000000150|0000000000150000|0000000000000150|0000000000150000|100.00
16032026|938422|0000000000000003|0000000000001656|0000000000000003|0000000000001656|100.00
16032026|938424|0000000000000009|0000000000008910|0000000000000009|0000000000008960|100.00
16032026|938434|0000000000000016|0000000000015897|0000000000000016|0000000000015896|100.00
16032026|938436|0000000000000450|0000000000445500|0000000000000450|0000000000444500|100.00
16032026|938442|0000000000000095|0000000000095000|0000000000000095|0000000000095000|100.00
16032026|938444|0000000000000202|0000000000252995|0000000000000202|0000000000253286|100.00
16032026|938446|0000000000000300|0000000000373500|0000000000000300|0000000000373498|100.00
16032026|938518|0000000000000030|0000000000029867|0000000000000030|0000000000029840|100.00
16032026|938524|0000000000002478|0000000002457086|0000000000002506|0000000002484935|098.88
16032026|938532|0000000000000050|0000000000053000|0000000000000050|0000000000053000|100.00
16032026|938556|0000000000000500|0000000000528500|0000000000000500|0000000000528704|100.00
16032026|938558|0000000000000170|0000000000178500|0000000000000170|0000000000178500|100.00
16032026|938560|0000000000000248|0000000000308016|0000000000000248|0000000000308016|100.00
16032026|938584|0000000000000027|0000000000028661|0000000000000027|0000000000028683|100.00
16032026|938622|0000000000000050|0000000000064500|0000000000000050|0000000000064500|100.00
16032026|938628|0000000000000020|0000000000020885|0000000000000020|0000000000020884|100.00
16032026|938632|0000000000001188|0000000001173626|0000000000001188|0000000001173620|100.00
16032026|938636|0000000000000089|0000000000109559|0000000000000089|0000000000109559|100.00
16032026|938656|0000000000000040|0000000000050418|0000000000000040|0000000000050417|100.00
16032026|938658|0000000000000025|0000000000024782|0000000000000025|0000000000024781|100.00
16032026|938662|0000000000000008|0000000000010103|0000000000000008|0000000000010102|100.00
16032026|938666|0000000000000001|0000000000001040|0000000000000001|0000000000001040|100.00
16032026|938702|0000000000000116|0000000000119016|0000000000000148|0000000000148696|078.38
16032026|938706|0000000000000002|0000000000002122|0000000000000003|0000000000003181|066.67
16032026|938770|0000000000000020|0000000000019644|0000000000000020|0000000000019644|100.00
16032026|938772|0000000000000026|0000000000026786|0000000000000026|0000000000026828|100.00
16032026|938788|0000000000000100|0000000000085020|0000000000000100|0000000000085020|100.00
16032026|938790|0000000000000012|0000000000011928|0000000000000012|0000000000011928|100.00
16032026|938862|0000000000000012|0000000000011880|0000000000000012|0000000000011880|100.00
16032026|938868|0000000000000062|0000000000061690|0000000000000124|0000000000117640|050.00
16032026|938874|0000000000000300|0000000000307500|0000000000000300|0000000000307500|100.00
16032026|938888|0000000000000109|0000000000130582|0000000000000109|0000000000130780|100.00
16032026|938902|0000000000000020|0000000000024500|0000000000000020|0000000000024500|100.00
16032026|938912|0000000000000049|0000000000048510|0000000000000069|0000000000060544|071.01
16032026|938942|0000000000000050|0000000000050000|0000000000000050|0000000000050000|100.00
16032026|938948|0000000000000004|0000000000004681|0000000000000008|0000000000008841|050.00
16032026|938958|0000000000000010|0000000000010500|0000000000000010|0000000000010500|100.00
16032026|938998|0000000000000001|0000000000000987|0000000000000001|0000000000000987|100.00
16032026|939012|0000000000000011|0000000000011000|0000000000000011|0000000000011000|100.00
16032026|939018|0000000000000520|0000000000526760|0000000000000690|0000000000686770|075.36
16032026|939022|0000000000000133|0000000000135793|0000000000000133|0000000000135880|100.00
16032026|939024|0000000000000100|0000000000119400|0000000000000100|0000000000119400|100.00
16032026|939030|0000000000000013|0000000000013000|0000000000000013|0000000000013000|100.00
